stimulus,true_Green,true_Cucumber,true_Herbal,true_Mint,true_Woody,true_Pine,true_Floral,true_Powdery,true_Fruity,true_Citrus,true_Tropical,true_Berry,true_Peach,true_Sweet,true_Caramellic,true_Vanilla,true_BrownSpice,true_Smoky,true_Burnt,true_Roasted,true_Grainy,true_Meaty,true_Nutty,true_Fatty,true_Coconut,true_Waxy,true_Dairy,true_Buttery,true_Cheesy,true_Sour,true_Fermented,true_Sulfurous,true_Garlic.Onion,true_Earthy,true_Mushroom,true_Musty,true_Ammonia,true_Fishy,true_Fecal,true_Rotten.Decay,true_Rubber,true_Phenolic,true_Animal,true_Medicinal,true_Cooling,true_Sharp,true_Chlorine,true_Alcoholic,true_Plastic,true_Ozone,true_Metallic,pred_Green,pred_Cucumber,pred_Herbal,pred_Mint,pred_Woody,pred_Pine,pred_Floral,pred_Powdery,pred_Fruity,pred_Citrus,pred_Tropical,pred_Berry,pred_Peach,pred_Sweet,pred_Caramellic,pred_Vanilla,pred_BrownSpice,pred_Smoky,pred_Burnt,pred_Roasted,pred_Grainy,pred_Meaty,pred_Nutty,pred_Fatty,pred_Coconut,pred_Waxy,pred_Dairy,pred_Buttery,pred_Cheesy,pred_Sour,pred_Fermented,pred_Sulfurous,pred_Garlic.Onion,pred_Earthy,pred_Mushroom,pred_Musty,pred_Ammonia,pred_Fishy,pred_Fecal,pred_Rotten.Decay,pred_Rubber,pred_Phenolic,pred_Animal,pred_Medicinal,pred_Cooling,pred_Sharp,pred_Chlorine,pred_Alcoholic,pred_Plastic,pred_Ozone,pred_Metallic
AA142,0.076923077,0.0,0.038461538,0.0,0.230769231,0.0,0.807692308,0.230769231,0.192307692,0.0,0.0,0.0,0.0,0.038461538,0.0,0.0,0.0,0.115384615,0.038461538,0.423076923,0.153846154,0.230769231,0.192307692,0.153846154,0.0,0.153846154,0.0,0.269230769,0.884615385,0.346153846,0.0,0.192307692,3.307692308,0.0,0.115384615,0.0,0.153846154,0.0,0.0,0.153846154,0.0,0.269230769,0.0,0.153846154,0.0,0.038461538,0.038461538,0.0,0.115384615,0.038461538,0.0,0.5124544501304626,0.2518390715122223,0.4567435681819916,0.37956658005714417,0.32919803261756897,0.23081134259700775,0.5411582589149475,0.39795684814453125,0.6918271780014038,0.18956437706947327,0.27460047602653503,0.3011523187160492,0.06673351675271988,0.9470674991607666,0.2303730845451355,0.26749974489212036,0.23258182406425476,0.09687569737434387,0.14177466928958893,0.2547098696231842,0.31099408864974976,0.1939999759197235,0.14343735575675964,0.11848919838666916,0.08195256441831589,0.15836754441261292,0.2900727689266205,0.130564883351326,0.22771450877189636,0.25508126616477966,0.34469807147979736,0.10376493632793427,0.21288812160491943,0.25806257128715515,0.09020781517028809,0.4618811309337616,0.1498568207025528,0.07022780179977417,0.06639298796653748,0.34886661171913147,0.17576053738594055,0.19387151300907135,0.09055405110120773,0.3220760226249695,0.33626773953437805,0.29519179463386536,0.16571955382823944,0.4491749405860901,0.22809801995754242,0.16201616823673248,0.12843844294548035
AA217,0.192307692,0.0,0.192307692,0.0,0.0,0.0,0.115384615,0.038461538,0.076923077,0.0,0.0,0.0,0.269230769,0.961538462,0.384615385,0.0,0.0,0.307692308,0.653846154,0.730769231,0.384615385,0.0,0.5,0.576923077,0.153846154,1.076923077,0.0,0.653846154,0.153846154,0.038461538,0.0,0.384615385,0.0,0.384615385,0.538461538,0.038461538,0.192307692,0.0,0.0,0.192307692,0.192307692,0.115384615,0.538461538,0.0,0.0,0.0,0.0,0.0,0.0,0.0,0.0,0.37315598130226135,0.22495494782924652,0.4227626621723175,0.2794816792011261,0.3809359669685364,0.16874775290489197,0.33224987983703613,0.31964045763015747,0.5198934674263,0.18923406302928925,0.18103834986686707,0.2284163236618042,0.1324605941772461,1.0592495203018188,0.28766292333602905,0.27889859676361084,0.2268032282590866,0.22868040204048157,0.09707985818386078,0.3192264139652252,0.6134033799171448,0.056213896721601486,0.2298222929239273,0.11111912876367569,0.3132234811782837,0.4567764699459076,0.14386379718780518,0.2047848403453827,0.10360240191221237,0.18590432405471802,0.16134609282016754,0.16516686975955963,0.1032421737909317,0.27505505084991455,0.08346237242221832,0.5499240756034851,0.18307632207870483,0.06943288445472717,0.033897995948791504,0.1631055772304535,0.19922864437103271,0.22483830153942108,0.0837949737906456,0.32354605197906494,0.2667839527130127,0.285892128944397,0.14616461098194122,0.3977871537208557,0.23572061955928802,0.15236274898052216,0.11277249455451965
AA332,0.076923077,0.038461538,0.0,0.0,0.076923077,0.076923077,0.0,0.0,0.0,0.0,0.0,0.0,0.0,0.0,0.0,0.0,0.0,0.0,0.730769231,0.653846154,0.115384615,0.730769231,0.153846154,0.0,0.0,0.0,0.884615385,0.153846154,0.769230769,0.769230769,0.615384615,0.961538462,0.576923077,0.346153846,0.538461538,0.307692308,0.230769231,0.153846154,0.423076923,1.730769231,0.153846154,0.0,0.615384615,0.0,0.038461538,0.384615385,0.0,0.0,0.0,0.0,0.0,0.379067987203598,0.22495494782924652,0.4432068467140198,0.24597525596618652,0.3531684875488281,0.1538781374692917,0.29502129554748535,0.2328978180885315,0.9368488788604736,0.1870730072259903,0.2165440171957016,0.24183060228824615,0.07505208253860474,1.0348550081253052,0.19859421253204346,0.28293517231941223,0.24492891132831573,0.25464335083961487,0.18482127785682678,0.42623454332351685,0.6864797472953796,0.20886734127998352,0.4741475582122803,0.13477885723114014,0.06845826655626297,0.19672846794128418,0.340561181306839,0.11163580417633057,0.30699846148490906,0.3623615801334381,0.3150024116039276,0.4118095934391022,0.19118691980838776,0.36349666118621826,0.10339336097240448,0.6391006112098694,0.17106923460960388,0.06995119899511337,0.08297731727361679,0.4936818480491638,0.20191149413585663,0.2959372103214264,0.08428201824426651,0.3202553689479828,0.1743490993976593,0.287564754486084,0.13335473835468292,0.28742578625679016,0.22761747241020203,0.17121385037899017,0.1242380440235138
AA649,0.0,0.0,0.0,0.0,0.0,0.115384615,0.307692308,0.269230769,0.153846154,0.0,0.0,0.0,0.0,0.576923077,0.0,0.0,0.115384615,0.076923077,0.846153846,0.384615385,0.730769231,0.115384615,0.576923077,0.346153846,0.0,0.192307692,0.0,0.0,0.153846154,0.0,0.192307692,0.653846154,0.384615385,0.461538462,0.192307692,0.0,0.5,0.0,0.0,0.0,0.0,0.423076923,0.692307692,0.076923077,0.0,0.153846154,0.0,0.0,0.0,0.0,0.0,0.39561396837234497,0.22495494782924652,0.42711102962493896,0.3429757058620453,0.400479257106781,0.19562150537967682,0.45905837416648865,0.3825700879096985,0.2791745066642761,0.18745636940002441,0.1288398951292038,0.18507543206214905,0.0855187252163887,0.9114888310432434,0.2642030715942383,0.30532047152519226,0.22511078417301178,0.34780243039131165,0.20489685237407684,0.32857978343963623,0.7798382043838501,0.06867220252752304,0.21324127912521362,0.10171245038509369,0.047193530946969986,0.1876170039176941,0.24232426285743713,0.07802726328372955,0.07117543369531631,0.18887796998023987,0.17316970229148865,0.13260333240032196,0.11067169904708862,0.3285805881023407,0.07971642911434174,0.6151177287101746,0.16626915335655212,0.06943288445472717,0.03159776329994202,0.1847098022699356,0.1800643354654312,0.2512263357639313,0.09296881407499313,0.3203529417514801,0.3609139323234558,0.285892128944397,0.1427454650402069,0.3650592863559723,0.2286522388458252,0.16643349826335907,0.1392672061920166
AA725,0.269230769,0.0,0.230769231,0.0,0.153846154,0.115384615,0.192307692,0.076923077,0.461538462,0.0,0.384615385,0.115384615,0.192307692,0.153846154,0.0,0.0,0.0,0.269230769,0.0,0.692307692,0.269230769,0.346153846,0.346153846,0.269230769,0.5,0.807692308,0.115384615,0.807692308,0.461538462,0.230769231,0.230769231,0.076923077,2.115384615,0.0,0.230769231,0.153846154,0.0,0.0,0.0,0.0,0.0,0.0,0.0,0.0,0.038461538,0.153846154,0.0,0.0,0.0,0.0,0.0,0.4130535125732422,0.22648131847381592,0.4170851707458496,0.22760912775993347,0.32198286056518555,0.16048526763916016,0.30154648423194885,0.22852016985416412,0.7277513146400452,0.18956437706947327,0.26739415526390076,0.3628913462162018,0.09286385029554367,1.007148027420044,0.3276914954185486,0.2918800711631775,0.226058691740036,0.10732657462358475,0.10407716780900955,0.252575546503067,0.4065055549144745,0.14231625199317932,0.23636530339717865,0.24861425161361694,0.24402306973934174,0.28322720527648926,0.20933540165424347,0.4800148904323578,0.6763496398925781,0.2589500844478607,0.35102155804634094,0.11761261522769928,0.1777884066104889,0.17459988594055176,0.19461600482463837,0.3505120575428009,0.15044037997722626,0.0776166021823883,0.03767632320523262,0.2912543714046478,0.17906345427036285,0.1662769913673401,0.08886032551527023,0.30965861678123474,0.23588871955871582,0.2892528176307678,0.1410006582736969,0.4716530740261078,0.22666798532009125,0.16238220036029816,0.10642457753419876
AA850,0.269230769,0.153846154,0.769230769,0.0,0.0,0.5,0.769230769,0.269230769,0.115384615,0.5,0.038461538,0.115384615,0.0,0.0,0.0,0.0,0.423076923,0.192307692,0.807692308,0.230769231,0.0,0.346153846,0.153846154,0.153846154,0.0,0.0,0.0,0.0,0.0,0.153846154,0.0,0.192307692,0.153846154,0.346153846,0.230769231,0.115384615,0.192307692,0.346153846,0.0,0.038461538,0.115384615,0.230769231,0.769230769,0.307692308,0.153846154,0.192307692,0.115384615,0.0,0.153846154,0.076923077,0.0,0.39296436309814453,0.22495494782924652,0.4865741729736328,0.3143479526042938,0.39409446716308594,0.22343295812606812,0.2943526804447174,0.3407045900821686,0.32873278856277466,0.18923406302928925,0.15252083539962769,0.18532057106494904,0.09477837383747101,0.7707558274269104,0.18555979430675507,0.25923019647598267,0.22335782647132874,0.27017462253570557,0.13026294112205505,0.20979182422161102,0.4707722067832947,0.03375031799077988,0.1701555997133255,0.09439127892255783,0.03457409143447876,0.14432069659233093,0.10253466665744781,0.04689659923315048,0.033659957349300385,0.18846938014030457,0.11907973885536194,0.0729784220457077,0.0930785983800888,0.33142244815826416,0.07840891182422638,0.5597497224807739,0.1613217443227768,0.06943288445472717,0.029920075088739395,0.161716490983963,0.2762050926685333,0.2333926260471344,0.08871329575777054,0.34086236357688904,0.4101107716560364,0.285892128944397,0.15084537863731384,0.3570578098297119,0.23413223028182983,0.15982471406459808,0.12030366063117981
AA893,0.461538462,0.0,0.461538462,0.269230769,0.0,0.307692308,0.653846154,0.0,0.769230769,0.192307692,0.5,0.692307692,0.269230769,0.5,0.0,0.0,0.0,0.153846154,0.0,0.038461538,0.192307692,0.0,0.0,0.0,0.0,0.0,0.0,0.0,0.038461538,0.0,0.192307692,0.153846154,1.576923077,0.0,0.0,0.0,0.269230769,0.384615385,0.076923077,0.192307692,0.153846154,0.192307692,0.076923077,0.423076923,0.384615385,0.923076923,0.0,0.192307692,0.115384615,0.0,0.115384615,0.4268607795238495,0.2518390715122223,0.42718473076820374,0.7930665016174316,0.28624922037124634,0.19997496902942657,0.3606310486793518,0.29360732436180115,0.8709766864776611,0.188258558511734,0.29021021723747253,0.3791716694831848,0.09316809475421906,0.9461566209793091,0.1843564659357071,0.2829757332801819,0.21977221965789795,0.12333653122186661,0.11345058679580688,0.30498644709587097,0.31563663482666016,0.18432404100894928,0.17318150401115417,0.12165006995201111,0.06023310869932175,0.19760292768478394,0.12338252365589142,0.10795629769563675,0.1154644563794136,0.22909878194332123,0.3417397141456604,0.1619262844324112,0.37273770570755005,0.1797124147415161,0.09889179468154907,0.3728807270526886,0.15084119141101837,0.07872450351715088,0.034708425402641296,0.2276332825422287,0.17452743649482727,0.1765376329421997,0.08974114060401917,0.31486910581588745,0.33948859572410583,0.29519179463386536,0.14419786632061005,0.677874743938446,0.22710613906383514,0.14849433302879333,0.11783400177955627
AA962,0.230769231,0.076923077,0.0,0.0,0.0,0.115384615,1.038461538,0.423076923,0.0,0.0,0.0,0.038461538,0.153846154,0.538461538,0.0,0.0,0.0,0.346153846,0.0,0.153846154,0.0,0.192307692,0.0,0.384615385,0.307692308,0.153846154,0.384615385,0.192307692,0.5,0.153846154,0.269230769,0.192307692,1.038461538,0.0,0.0,0.0,0.0,0.0,0.0,0.076923077,0.115384615,0.153846154,0.153846154,0.0,0.115384615,0.076923077,0.269230769,0.0,0.115384615,0.038461538,0.038461538,0.5124544501304626,0.2518390715122223,0.4567435681819916,0.37956658005714417,0.32919803261756897,0.23081134259700775,0.5411582589149475,0.39795684814453125,0.6918271780014038,0.18956437706947327,0.27460047602653503,0.3011523187160492,0.06673351675271988,0.9470674991607666,0.2303730845451355,0.26749974489212036,0.23258182406425476,0.09687569737434387,0.14177466928958893,0.2547098696231842,0.31099408864974976,0.1939999759197235,0.14343735575675964,0.11848919838666916,0.08195256441831589,0.15836754441261292,0.2900727689266205,0.130564883351326,0.22771450877189636,0.25508126616477966,0.34469807147979736,0.10376493632793427,0.21288812160491943,0.25806257128715515,0.09020781517028809,0.4618811309337616,0.1498568207025528,0.07022780179977417,0.06639298796653748,0.34886661171913147,0.17576053738594055,0.19387151300907135,0.09055405110120773,0.3220760226249695,0.33626773953437805,0.29519179463386536,0.16571955382823944,0.4491749405860901,0.22809801995754242,0.16201616823673248,0.12843844294548035
AB413,0.0,0.055555556,0.111111111,0.111111111,0.444444444,0.222222222,0.333333333,0.555555556,0.888888889,0.0,0.666666667,0.611111111,0.166666667,0.444444444,0.0,0.0,0.0,0.277777778,0.166666667,0.5,0.222222222,0.277777778,0.277777778,0.0,0.055555556,0.0,0.0,0.0,0.055555556,0.055555556,0.0,0.166666667,0.055555556,0.333333333,0.0,0.0,0.0,0.222222222,0.0,0.0,0.166666667,0.055555556,0.055555556,0.222222222,0.444444444,0.555555556,0.0,0.5,0.388888889,0.555555556,0.0,0.38887935876846313,0.22495494782924652,0.42515796422958374,0.3991056978702545,0.4146910607814789,0.2237306535243988,0.3425290584564209,0.3514380156993866,0.6383137106895447,0.1870730072259903,0.2484080046415329,0.31156283617019653,0.10385086387395859,0.9902985095977783,0.2746279239654541,0.3473014831542969,0.2199469804763794,0.26050040125846863,0.10827107727527618,0.26159632205963135,0.418750524520874,0.04502398893237114,0.1758497655391693,0.09797696024179459,0.04795311763882637,0.16539159417152405,0.11286704987287521,0.06507113575935364,0.06780803948640823,0.1954924613237381,0.13171368837356567,0.09012876451015472,0.10230763256549835,0.23811540007591248,0.07976166903972626,0.5218051671981812,0.16004924476146698,0.06943288445472717,0.03215595334768295,0.18777523934841156,0.27981284260749817,0.27299046516418457,0.08869607746601105,0.3441200256347656,0.37608566880226135,0.29026156663894653,0.1442541927099228,0.39375585317611694,0.248066708445549,0.162031352519989,0.12862375378608704
AB425,0.0,0.0,0.0,0.0,0.0,0.0,0.055555556,0.055555556,0.111111111,0.0,0.0,0.0,0.0,0.0,0.0,0.0,0.0,0.388888889,0.277777778,2.666666667,2.222222222,0.444444444,1.555555556,0.333333333,0.0,0.0,0.0,0.666666667,0.111111111,0.0,0.444444444,0.166666667,0.222222222,0.222222222,0.166666667,0.277777778,0.0,0.0,0.055555556,0.0,0.0,0.0,0.555555556,0.0,0.0,0.222222222,0.0,0.055555556,0.0,0.0,0.0,0.37766554951667786,0.22495494782924652,0.4322325885295868,0.3917486071586609,0.37113791704177856,0.17823758721351624,0.3366508483886719,0.24630248546600342,0.44082561135292053,0.1870730072259903,0.115528404712677,0.17856433987617493,0.07965272665023804,0.8846443891525269,0.2513747811317444,0.29125040769577026,0.2277708649635315,0.337567001581192,0.104652039706707,0.6488966941833496,1.2835776805877686,0.09207341820001602,0.661581814289093,0.1440129280090332,0.045361023396253586,0.1625131070613861,0.11099499464035034,0.12722022831439972,0.10270745307207108,0.19497892260551453,0.16489534080028534,0.14631222188472748,0.12769155204296112,0.33050060272216797,0.11550602316856384,0.7461832165718079,0.1810009628534317,0.06943288445472717,0.029981065541505814,0.21291616559028625,0.2163904458284378,0.2793903648853302,0.08914417773485184,0.3383588194847107,0.3714763820171356,0.29852214455604553,0.14171573519706726,0.49935850501060486,0.2378457933664322,0.15852756798267365,0.11653074622154236
AB435,0.0,0.0,0.0,0.0,0.0,0.0,0.166666667,0.0,0.0,0.0,0.0,0.0,0.111111111,0.388888889,0.888888889,0.166666667,0.722222222,0.666666667,0.888888889,0.944444444,0.888888889,0.444444444,0.0,0.277777778,0.444444444,0.388888889,0.0,0.0,0.0,0.277777778,0.0,0.166666667,0.5,0.555555556,0.0,0.222222222,0.333333333,0.0,0.0,0.0,0.666666667,0.0,0.444444444,0.222222222,0.055555556,0.166666667,0.0,0.0,0.0,0.0,0.0,0.3697350025177002,0.22495494782924652,0.4467686116695404,0.29833072423934937,0.42228424549102783,0.1507425606250763,0.31024760007858276,0.3032143712043762,0.5418624877929688,0.18923406302928925,0.16754843294620514,0.34991583228111267,0.10682852566242218,1.1132478713989258,0.3204019367694855,0.27716949582099915,0.24226947128772736,0.26862844824790955,0.11167874932289124,0.3783087730407715,0.6368078589439392,0.07780840247869492,0.2961280941963196,0.09954643249511719,0.19503624737262726,0.31134703755378723,0.11066719889640808,0.12030971050262451,0.09553273022174835,0.181086927652359,0.19359132647514343,0.19354289770126343,0.05008533224463463,0.33165672421455383,0.08784156292676926,0.6827862858772278,0.18046538531780243,0.06943288445472717,0.030925434082746506,0.15665964782238007,0.19517448544502258,0.22980201244354248,0.09072872251272202,0.33624619245529175,0.3320713937282562,0.288344144821167,0.14809387922286987,0.4595417380332947,0.24117222428321838,0.1575402021408081,0.11843360215425491
AB465,0.0,0.0,0.0,0.0,0.0,0.0,0.0,0.0,0.0,0.0,0.0,0.0,0.0,0.0,0.0,0.0,0.0,0.0,0.0,1.333333333,1.555555556,0.277777778,0.888888889,0.333333333,0.0,0.0,0.333333333,0.722222222,0.444444444,0.166666667,0.222222222,0.0,3.555555556,0.0,0.0,0.0,0.0,0.0,0.0,0.0,0.0,0.0,0.0,0.0,0.0,0.166666667,0.0,0.0,0.0,0.0,0.0,0.39220407605171204,0.22648131847381592,0.4211786389350891,0.4016525447368622,0.3079375624656677,0.16552011668682098,0.3393067419528961,0.23284713923931122,0.8008555173873901,0.1870730072259903,0.2667803466320038,0.2829769253730774,0.07039888948202133,0.8710781335830688,0.2492338865995407,0.28017657995224,0.22836440801620483,0.14594054222106934,0.14839860796928406,1.0569599866867065,0.9920747876167297,0.13736996054649353,0.6812798976898193,0.1282666176557541,0.052056316286325455,0.1607724279165268,0.23456981778144836,0.12833113968372345,0.21281184256076813,0.2559232711791992,0.24172335863113403,0.16245268285274506,0.4356227219104767,0.23058491945266724,0.11188475787639618,0.4966695010662079,0.14973445236682892,0.07355691492557526,0.04749054089188576,0.3033057749271393,0.17555652558803558,0.1800842583179474,0.08599083125591278,0.3193390369415283,0.3041681945323944,0.29181578755378723,0.14242710173130035,0.36043211817741394,0.22570019960403442,0.1452009230852127,0.11022724211215973
AB486,0.0,0.0,0.222222222,0.0,0.166666667,0.0,0.0,0.055555556,0.222222222,0.0,0.0,0.0,0.0,0.166666667,0.5,0.0,0.111111111,0.222222222,0.833333333,0.222222222,0.666666667,0.0,0.111111111,0.0,0.111111111,0.166666667,0.0,0.111111111,0.0,0.5,0.388888889,0.5,1.833333333,0.222222222,0.0,0.5,0.111111111,0.0,0.0,0.055555556,0.277777778,0.055555556,0.0,0.0,0.5,0.0,0.277777778,0.277777778,0.277777778,0.0,0.0,0.38401246070861816,0.22495494782924652,0.412161648273468,0.24074000120162964,0.2978481650352478,0.14637359976768494,0.29686108231544495,0.25820937752723694,0.5503357648849487,0.1870730072259903,0.19491100311279297,0.23924878239631653,0.07420682907104492,0.9673896431922913,0.30739113688468933,0.2853288948535919,0.2252107411623001,0.08966252952814102,0.15280552208423615,0.3003639578819275,0.3796386122703552,0.10159996896982193,0.2687281668186188,0.12656359374523163,0.1385064572095871,0.22020669281482697,0.20461641252040863,0.1703725904226303,0.2662932872772217,0.2430344969034195,0.22319820523262024,0.11923939734697342,0.2644142210483551,0.21197712421417236,0.16352041065692902,0.3860945999622345,0.14895431697368622,0.07031149417161942,0.03776900842785835,0.24210238456726074,0.1806696504354477,0.1609269082546234,0.0871867835521698,0.3141249120235443,0.25806522369384766,0.2892528176307678,0.1535831242799759,0.5162848830223083,0.22612003982067108,0.1384110152721405,0.09777440130710602
AB935,0.0,0.0,0.222222222,0.0,0.111111111,0.111111111,0.0,0.166666667,0.0,0.0,0.0,0.0,0.055555556,0.333333333,0.0,0.111111111,0.333333333,2.222222222,0.0,0.944444444,0.388888889,1.777777778,0.0,0.0,0.0,0.0,0.0,0.0,0.111111111,0.166666667,0.166666667,0.388888889,2.722222222,0.111111111,0.0,0.166666667,0.111111111,0.0,0.0,0.0,0.222222222,0.277777778,0.0,0.0,0.111111111,0.0,0.0,0.0,0.0,0.0,0.166666667,0.3782571256160736,0.2518390715122223,0.4231494963169098,0.3453964591026306,0.3562689423561096,0.15559044480323792,0.3109736442565918,0.3310169577598572,0.6794148683547974,0.18956437706947327,0.19969357550144196,0.32878556847572327,0.0758276954293251,1.039577603340149,0.27232709527015686,0.28573113679885864,0.2282731682062149,0.5276756882667542,0.16721896827220917,0.45212987065315247,0.40782448649406433,0.42888423800468445,0.28501996397972107,0.14050596952438354,0.06418812274932861,0.17388154566287994,0.14618879556655884,0.13403552770614624,0.10261829197406769,0.2407921552658081,0.3527146577835083,0.20277994871139526,0.4833903908729553,0.19016143679618835,0.10486108064651489,0.48483893275260925,0.15580390393733978,0.06995119899511337,0.04614521190524101,0.27601152658462524,0.16657963395118713,0.20082058012485504,0.09259029477834702,0.30548861622810364,0.2519891560077667,0.2871653139591217,0.1341608464717865,0.3501600921154022,0.22940634191036224,0.14671245217323303,0.11659655719995499
AB988,0.0,0.444444444,0.0,0.0,0.0,0.0,0.0,0.0,0.0,0.0,0.0,0.0,0.0,0.0,0.0,0.0,0.0,0.166666667,0.0,0.722222222,0.166666667,0.444444444,0.0,0.166666667,0.0,0.0,0.0,0.0,0.222222222,0.277777778,0.611111111,0.333333333,3.944444444,0.0,0.0,0.0,0.0,0.0,0.0,0.0,0.0,0.0,0.0,0.0,0.055555556,0.277777778,0.0,0.0,0.0,0.0,0.111111111,0.4107602536678314,0.22495494782924652,0.4196374714374542,0.27717506885528564,0.2675527036190033,0.1528075933456421,0.38083240389823914,0.2552846670150757,0.661405086517334,0.1870730072259903,0.23250681161880493,0.2586045265197754,0.08099650591611862,1.01760733127594,0.24284006655216217,0.28305599093437195,0.22838641703128815,0.13589973747730255,0.34953686594963074,0.29098108410835266,0.4283229410648346,0.26347967982292175,0.19065620005130768,0.13932108879089355,0.10474221408367157,0.3035152852535248,0.17265498638153076,0.11595270037651062,0.19266733527183533,0.27323663234710693,0.3591386377811432,0.19424034655094147,0.8360406160354614,0.2293049842119217,0.12976554036140442,0.35209107398986816,0.15554460883140564,0.07149949669837952,0.048246320337057114,0.2776813209056854,0.17547959089279175,0.18191178143024445,0.08565908670425415,0.3072121739387512,0.2831098437309265,0.28885191679000854,0.1301494836807251,0.40516847372055054,0.22780798375606537,0.15189984440803528,0.11161220073699951
AC761,0.0,0.148148148,0.0,0.037037037,0.0,0.0,0.0,0.0,0.0,0.074074074,0.0,0.0,0.0,0.037037037,0.0,0.0,0.0,0.37037037,0.703703704,1.222222222,0.777777778,0.592592593,0.185185185,0.185185185,0.0,0.0,0.0,0.148148148,0.222222222,0.333333333,0.666666667,0.407407407,1.222222222,0.555555556,1.074074074,0.296296296,0.074074074,0.185185185,0.0,0.333333333,0.0,0.0,0.185185185,0.0,0.074074074,0.0,0.0,0.0,0.0,0.0,0.0,0.4935806691646576,0.23356111347675323,0.4862722158432007,0.271480917930603,0.36983948945999146,0.19572988152503967,0.2593894898891449,0.3109194338321686,0.3982715606689453,0.18745636940002441,0.1553499698638916,0.184187114238739,0.08820115029811859,0.7498981356620789,0.24051021039485931,0.27476224303245544,0.23325923085212708,0.2752971649169922,0.510391116142273,0.41947808861732483,0.5392385125160217,0.3085517883300781,0.2322632521390915,0.12936130166053772,0.08171605318784714,0.18066662549972534,0.1349773406982422,0.0925961434841156,0.14878036081790924,0.20387639105319977,0.20357589423656464,0.15970659255981445,0.1468650847673416,0.31591367721557617,0.12252268195152283,0.44876426458358765,0.17224742472171783,0.07608582824468613,0.03649916499853134,0.25618886947631836,0.2089027613401413,0.2147667109966278,0.08423884212970734,0.3233358561992645,0.14777357876300812,0.2871725857257843,0.13875965774059296,0.26793360710144043,0.22982531785964966,0.1452326774597168,0.1440878063440323
AD120,0.0,0.0,0.0,0.0,0.133333333,0.0,0.0,0.0,0.0,0.0,0.0,0.0,0.0,0.666666667,0.333333333,0.466666667,0.4,1.866666667,1.333333333,1.466666667,0.666666667,0.333333333,0.666666667,0.0,0.066666667,0.2,0.0,0.2,0.0,0.133333333,0.2,0.066666667,0.466666667,0.4,0.266666667,0.533333333,0.133333333,0.266666667,0.0,0.133333333,0.2,0.266666667,0.4,0.0,0.0,0.0,0.0,0.0,0.066666667,0.333333333,0.0,0.3888188302516937,0.22495494782924652,0.4319734275341034,0.44350361824035645,0.44727152585983276,0.19811348617076874,0.24194306135177612,0.33093512058258057,0.3225332796573639,0.18923406302928925,0.09291951358318329,0.2133452296257019,0.07627536356449127,1.0954257249832153,0.3086263835430145,0.2788951098918915,0.2341301590204239,0.7496115565299988,0.5162175297737122,0.34992942214012146,0.5491521954536438,0.13985846936702728,0.3070109188556671,0.10689089447259903,0.039614975452423096,0.17724964022636414,0.10732327401638031,0.05267856642603874,0.0452590249478817,0.19291608035564423,0.14795157313346863,0.1647621989250183,0.03704260662198067,0.3538426160812378,0.09683327376842499,0.5596775412559509,0.17639154195785522,0.06943288445472717,0.06374223530292511,0.1643853336572647,0.27788931131362915,0.31458303332328796,0.08553852885961533,0.3724776804447174,0.5114895701408386,0.29710930585861206,0.17364323139190674,0.5869061350822449,0.2369357794523239,0.2416021078824997,0.13547886908054352
AD222,0.2,0.0,0.2,0.0,0.2,0.0,0.0,0.0,0.066666667,0.0,0.0,0.0,0.0,0.0,0.0,0.0,0.0,0.2,0.933333333,1.666666667,0.466666667,1.466666667,0.6,0.0,0.0,0.0,0.0,0.2,0.0,0.133333333,0.133333333,0.866666667,1.133333333,0.6,0.0,0.266666667,0.0,0.333333333,0.0,0.533333333,0.133333333,0.0,0.4,0.0,0.0,0.0,0.0,0.0,0.0,0.0,0.0,0.39209961891174316,0.22495494782924652,0.4208552837371826,0.26394230127334595,0.43475162982940674,0.1436907798051834,0.3762925863265991,0.270412415266037,0.7924381494522095,0.20317766070365906,0.2757570743560791,0.34911006689071655,0.09351982176303864,1.0933046340942383,0.24543249607086182,0.27654778957366943,0.24600893259048462,0.232098788022995,0.11323633044958115,0.3508584499359131,0.7504575252532959,0.0432315468788147,0.3832852244377136,0.09980183839797974,0.05193691700696945,0.24969178438186646,0.12600338459014893,0.07028753310441971,0.1352020502090454,0.20685870945453644,0.18637894093990326,0.13486698269844055,0.07609695196151733,0.3337654769420624,0.0825657770037651,0.637457013130188,0.15920017659664154,0.06943288445472717,0.041379667818546295,0.20514337718486786,0.2005358189344406,0.2076127976179123,0.09135856479406357,0.33880123496055603,0.2699945271015167,0.285892128944397,0.1356596052646637,0.4082878828048706,0.23024249076843262,0.16607916355133057,0.12278865277767181
AD505,0.0,0.1875,0.5625,0.0,0.25,0.125,0.0,0.0,0.0,0.0,0.0,0.0,0.0,0.0,0.0,0.0,0.0,0.1875,0.0625,0.25,0.0,0.625,0.3125,0.0,0.0,0.125,0.0625,0.0,0.25,0.375,0.0,0.5,3.0,0.1875,0.0,0.25,0.25,0.0,0.0,0.1875,0.25,0.0,0.0,0.25,0.1875,0.4375,0.0,0.5,0.3125,0.0,0.0,0.38829505443573,0.22922073304653168,0.4255746603012085,0.31281501054763794,0.32523828744888306,0.16416247189044952,0.3268449008464813,0.21364232897758484,0.6956860423088074,0.1870730072259903,0.29228687286376953,0.3016313314437866,0.0726994201540947,0.9350261688232422,0.25564637780189514,0.28075891733169556,0.23233066499233246,0.09450024366378784,0.14041277766227722,0.44513940811157227,0.4609197676181793,0.12980559468269348,0.25012001395225525,0.2672567665576935,0.05838153883814812,0.1750943660736084,0.12296605110168457,0.12386944890022278,0.26336684823036194,0.28537651896476746,0.23326116800308228,0.19744031131267548,0.4518272578716278,0.24601921439170837,0.12212567031383514,0.5142061114311218,0.14973445236682892,0.09192465990781784,0.036195024847984314,0.2652057111263275,0.17832157015800476,0.18769976496696472,0.09134615212678909,0.3181748688220978,0.3239392340183258,0.2925005555152893,0.13675284385681152,0.37293851375579834,0.22815750539302826,0.14705228805541992,0.10764191299676895
AD690,0.533333333,0.2,0.466666667,0.133333333,0.0,0.466666667,0.0,0.0,0.133333333,0.0,0.0,0.0,0.0,0.333333333,0.0,0.0,0.066666667,0.4,0.0,0.733333333,0.4,1.0,0.0,0.4,0.0,0.0,0.0,0.0,0.4,0.666666667,0.866666667,0.666666667,3.733333333,0.0,0.066666667,0.0,0.2,0.0,0.0,0.2,0.0,0.0,0.0,0.2,0.0,0.2,0.0,0.0,0.133333333,0.0,0.0,0.4421904683113098,0.2518390715122223,0.43849197030067444,0.3899179697036743,0.3419603705406189,0.20870718359947205,0.36382126808166504,0.2534666061401367,0.49434301257133484,0.1870730072259903,0.17238828539848328,0.19087804853916168,0.06689583510160446,0.906294584274292,0.18124178051948547,0.2669181227684021,0.23350971937179565,0.18149931728839874,0.1755797266960144,0.43015751242637634,0.45156651735305786,0.28548580408096313,0.25757238268852234,0.1513112187385559,0.05247056856751442,0.16698352992534637,0.11359280347824097,0.08566991984844208,0.08007339388132095,0.2739555537700653,0.29237234592437744,0.18245160579681396,0.487874835729599,0.2752036452293396,0.09973970055580139,0.4242308735847473,0.1473676860332489,0.07022780179977417,0.03648325800895691,0.24987179040908813,0.1799357831478119,0.18225567042827606,0.08699723333120346,0.3171834945678711,0.31110110878944397,0.29519179463386536,0.16602589190006256,0.4129842519760132,0.22815750539302826,0.16650353372097015,0.10969454050064087
AD781,0.0,0.0,0.142857143,0.0,0.0,0.0,0.357142857,0.642857143,0.142857143,0.0,0.214285714,0.0,0.0,1.357142857,0.285714286,0.0,0.142857143,0.428571429,1.428571429,0.714285714,0.5,0.071428571,0.428571429,0.0,0.142857143,0.0,0.0,0.0,0.0,0.142857143,0.142857143,0.357142857,0.642857143,0.0,0.0,0.0,0.285714286,0.357142857,0.0,0.142857143,0.214285714,0.142857143,0.285714286,0.0,0.0,0.0,0.071428571,0.0,0.0,0.285714286,0.0,0.36813411116600037,0.22495494782924652,0.41659459471702576,0.36085736751556396,0.4099588394165039,0.1770031601190567,0.21954470872879028,0.35249578952789307,0.21506041288375854,0.1870730072259903,0.09322330355644226,0.20072278380393982,0.059769827872514725,0.8811118006706238,0.34004339575767517,0.30998390913009644,0.22262023389339447,0.424068808555603,0.16156016290187836,0.29444536566734314,0.5018007159233093,0.020403418689966202,0.3287009298801422,0.100990891456604,0.051062289625406265,0.16769887506961823,0.10566557943820953,0.06174708902835846,0.036848630756139755,0.18596318364143372,0.13716807961463928,0.10605215281248093,0.06671002507209778,0.350181519985199,0.09620186686515808,0.6555449366569519,0.1651727259159088,0.06943288445472717,0.029920075088739395,0.16541323065757751,0.27856647968292236,0.25574812293052673,0.08960124850273132,0.3250250220298767,0.4059971272945404,0.29710930585861206,0.13502828776836395,0.49089810252189636,0.2397356778383255,0.14840024709701538,0.12875233590602875
AD835,0.0,0.0,0.142857143,0.0,0.214285714,0.0,0.0,0.0,0.0,0.0,0.0,0.214285714,0.0,0.357142857,0.0,0.0,0.0,0.428571429,1.214285714,0.714285714,0.071428571,0.428571429,0.0,0.0,0.0,0.142857143,0.0,0.0,0.142857143,0.714285714,0.857142857,0.642857143,1.357142857,0.428571429,0.071428571,0.285714286,0.214285714,0.285714286,0.0,0.785714286,0.214285714,0.285714286,0.428571429,0.142857143,0.357142857,0.0,0.071428571,0.357142857,0.214285714,0.0,0.214285714,0.3769872784614563,0.22495494782924652,0.4228481352329254,0.27570560574531555,0.3680197298526764,0.1827974021434784,0.2332918345928192,0.2451009601354599,0.43487808108329773,0.18923406302928925,0.13180890679359436,0.2423979789018631,0.08717707544565201,0.971947968006134,0.2418294996023178,0.2898648679256439,0.2320120632648468,0.19369733333587646,0.1036946102976799,0.3559250831604004,0.7553791999816895,0.04167715460062027,0.3851798176765442,0.09686145931482315,0.04658195748925209,0.17294815182685852,0.11088989675045013,0.11787962913513184,0.08261646330356598,0.192325159907341,0.15838223695755005,0.15905322134494781,0.11353545635938644,0.3585803210735321,0.09658481180667877,0.6413835287094116,0.17564165592193604,0.06943288445472717,0.030057571828365326,0.21666908264160156,0.2150130420923233,0.22239701449871063,0.09041877090930939,0.34783199429512024,0.3305266201496124,0.28913381695747375,0.13091063499450684,0.38593217730522156,0.23590414226055145,0.1590304672718048,0.11936212331056595
AD862,0.0,0.0,0.142857143,0.071428571,0.0,0.0,0.0,0.214285714,0.214285714,0.0,0.0,0.0,0.0,0.857142857,0.0,0.214285714,0.428571429,0.857142857,0.214285714,0.285714286,0.285714286,0.571428571,0.0,0.0,0.0,0.0,0.0,0.0,0.071428571,0.428571429,0.285714286,0.0,3.357142857,0.142857143,0.0,0.0,0.0,0.0,0.0,0.428571429,0.214285714,0.0,0.0,0.142857143,0.214285714,0.0,0.0,0.0,0.0,0.0,0.142857143,0.3921751379966736,0.2518390715122223,0.4197024405002594,0.29050493240356445,0.3113955855369568,0.1722712516784668,0.3477315902709961,0.29498568177223206,0.5283377766609192,0.1870730072259903,0.20263490080833435,0.21082627773284912,0.0629432201385498,1.1438753604888916,0.3771888315677643,0.27414077520370483,0.22688232362270355,0.26041263341903687,0.14969030022621155,0.33645087480545044,0.40539976954460144,0.15529367327690125,0.1941496729850769,0.12272581458091736,0.06088075041770935,0.15770499408245087,0.22801579535007477,0.11381843686103821,0.06554177403450012,0.24322408437728882,0.3744458854198456,0.14650188386440277,0.5093347430229187,0.2032843977212906,0.10240118205547333,0.4489443302154541,0.1491212695837021,0.0784631222486496,0.03841373696923256,0.304386168718338,0.17230269312858582,0.1781732439994812,0.08692550659179688,0.3171834945678711,0.28355222940444946,0.29181578755378723,0.14975646138191223,0.647776186466217,0.2348548173904419,0.16095003485679626,0.11239692568778992
AD866,0.071428571,0.0,0.428571429,0.0,0.0,0.0,0.0,0.357142857,0.0,0.0,0.0,0.0,0.0,0.357142857,0.285714286,0.214285714,0.285714286,1.5,1.571428571,1.071428571,0.0,0.714285714,0.0,0.0,0.071428571,0.0,0.0,0.0,0.285714286,0.357142857,0.142857143,0.285714286,2.928571429,0.357142857,0.142857143,0.357142857,0.0,0.0,0.0,0.0,0.428571429,0.071428571,0.214285714,0.0,0.071428571,0.0,0.0,0.0,0.214285714,0.357142857,0.285714286,0.3957870900630951,0.2518390715122223,0.4166785478591919,0.31590038537979126,0.29620158672332764,0.15678201615810394,0.2647264301776886,0.2976280450820923,0.37226060032844543,0.1883804202079773,0.11113104224205017,0.10184545069932938,0.07081856578588486,1.0579031705856323,0.3840811550617218,0.3036460280418396,0.25036489963531494,0.4266832172870636,0.48053213953971863,0.6999711394309998,0.5285215377807617,0.23438571393489838,0.24394331872463226,0.14206908643245697,0.03955242410302162,0.16174836456775665,0.11610046774148941,0.09194071590900421,0.04344848170876503,0.22964443266391754,0.1290305107831955,0.1468556523323059,0.14802776277065277,0.263824999332428,0.10801825672388077,0.39699044823646545,0.1628623902797699,0.07559015601873398,0.032650258392095566,0.21316635608673096,0.1739073246717453,0.23694436252117157,0.08700039982795715,0.33038878440856934,0.25941404700279236,0.28885191679000854,0.13732533156871796,0.44757914543151855,0.22947964072227478,0.23986336588859558,0.1123989000916481
AD994,1.0,0.5625,1.0625,0.0,0.0,0.1875,0.0,0.0,0.0,0.0,0.0,0.0,0.0,0.125,0.0,0.0,0.0,0.6875,0.5,1.375,1.0,0.875,0.0625,0.25,0.0,0.0,0.0,0.0,0.0625,0.75,0.8125,0.1875,1.0625,0.875,0.125,0.0,0.3125,0.0625,0.0,0.125,0.25,0.0,0.4375,0.0,0.0,0.5625,0.0,0.0,0.0625,0.0,0.0,0.3847903609275818,0.22495494782924652,0.4277259111404419,0.26460060477256775,0.3692289888858795,0.17696663737297058,0.2088049352169037,0.24509522318840027,0.24558918178081512,0.18745636940002441,0.08974838256835938,0.10295964777469635,0.05411624535918236,0.724661648273468,0.2039971947669983,0.2546199858188629,0.221669003367424,0.2645282447338104,0.14004962146282196,0.28297513723373413,0.7172092199325562,0.05325131118297577,0.3050404191017151,0.09553181380033493,0.03820234164595604,0.16102388501167297,0.10260636359453201,0.06334111094474792,0.04672912508249283,0.18466374278068542,0.1579776108264923,0.0985267385840416,0.0674082413315773,0.34515804052352905,0.09839699417352676,0.635158360004425,0.16816115379333496,0.06943288445472717,0.03083895519375801,0.1954302042722702,0.22711476683616638,0.22358323633670807,0.08874353021383286,0.3613363206386566,0.39394572377204895,0.2877209782600403,0.14438839256763458,0.3684068024158478,0.23767125606536865,0.18039503693580627,0.1171516701579094
AE645,0.178571429,0.0,0.214285714,0.0,0.178571429,0.0,0.0,0.0,0.107142857,0.071428571,0.035714286,0.035714286,0.0,0.142857143,0.071428571,0.071428571,0.071428571,0.0,0.0,0.071428571,0.071428571,0.071428571,0.0,0.107142857,0.0,0.0,0.214285714,0.25,0.5,0.214285714,0.5,0.142857143,0.0,0.142857143,0.107142857,0.214285714,0.5,0.0,0.535714286,0.892857143,0.214285714,0.357142857,0.178571429,0.25,0.25,0.964285714,0.642857143,3.071428571,0.142857143,0.142857143,0.25,0.37615036964416504,0.22591574490070343,0.4467543065547943,0.2451409548521042,0.3177790641784668,0.13464070856571198,0.300899475812912,0.23405124247074127,0.45080873370170593,0.1870730072259903,0.16774827241897583,0.12486560642719269,0.07541938871145248,0.7622982263565063,0.19430860877037048,0.25619471073150635,0.2228323221206665,0.2069747895002365,0.08529534935951233,0.1771094650030136,0.24688902497291565,0.14871084690093994,0.18874594569206238,0.10303101688623428,0.06539410352706909,0.2094452828168869,0.2977764904499054,0.09204982221126556,0.1541462242603302,0.2715644836425781,0.16524368524551392,0.12740954756736755,0.17662233114242554,0.22310376167297363,0.07502209395170212,0.4955754280090332,0.16290248930454254,0.07089699059724808,0.06042574346065521,0.24655111134052277,0.1761571317911148,0.19376596808433533,0.10845143347978592,0.31197914481163025,0.38791903853416443,0.29278209805488586,0.16055046021938324,1.0477097034454346,0.2322748303413391,0.14211101830005646,0.11733570694923401
AE929,0.185185185,0.0,0.222222222,0.444444444,0.259259259,0.111111111,0.0,0.111111111,0.518518519,0.0,0.111111111,0.333333333,0.148148148,0.481481481,0.148148148,0.222222222,0.148148148,0.074074074,0.0,0.0,0.0,0.0,0.111111111,0.0,0.074074074,0.111111111,0.222222222,0.222222222,0.407407407,0.148148148,0.37037037,0.148148148,0.0,0.111111111,0.0,0.777777778,0.37037037,0.0,0.592592593,0.444444444,0.0,0.0,0.111111111,1.222222222,0.814814815,0.518518519,0.333333333,0.962962963,0.481481481,0.074074074,0.222222222,0.37541237473487854,0.22495494782924652,0.440623015165329,0.26893481612205505,0.29701653122901917,0.14063669741153717,0.2334553748369217,0.22216147184371948,0.36625635623931885,0.18745636940002441,0.10748881101608276,0.15190567076206207,0.09130421280860901,0.7082469463348389,0.15520572662353516,0.2652479112148285,0.21948742866516113,0.059544872492551804,0.048072248697280884,0.13278117775917053,0.10522568970918655,0.04006056487560272,0.11308985203504562,0.0997607558965683,0.0724777951836586,0.1684051752090454,0.14083045721054077,0.07563981413841248,0.3005993962287903,0.19454661011695862,0.2252121865749359,0.10798554867506027,0.07859338074922562,0.1334231197834015,0.0681457594037056,0.4431615471839905,0.1566244214773178,0.06943288445472717,0.05384987220168114,0.1972338706254959,0.17376339435577393,0.1678503304719925,0.07934209704399109,0.35987868905067444,0.6086372137069702,0.28947436809539795,0.14167176187038422,0.38653311133384705,0.22704027593135834,0.1370435357093811,0.11186255514621735
AG316,0.266666667,0.0,0.333333333,0.2,0.1,0.133333333,0.266666667,0.0,0.066666667,0.066666667,0.0,0.0,0.0,0.333333333,0.0,0.1,0.0,0.0,0.0,0.333333333,0.0,0.3,0.066666667,0.033333333,0.0,0.0,0.0,0.0,0.033333333,0.166666667,0.266666667,0.8,2.6,0.033333333,0.233333333,0.633333333,0.166666667,0.0,0.066666667,0.133333333,0.133333333,0.0,0.133333333,1.166666667,0.566666667,0.2,0.0,0.266666667,0.0,0.066666667,0.066666667,0.3931264281272888,0.22648131847381592,0.42982152104377747,0.32114529609680176,0.2846607565879822,0.15304124355316162,0.2883690893650055,0.2455292046070099,0.7653809785842896,0.1870730072259903,0.25931063294410706,0.22031690180301666,0.07603731006383896,0.9000374674797058,0.21199049055576324,0.2767678499221802,0.22155071794986725,0.10508608818054199,0.08260859549045563,0.23878256976604462,0.3778756260871887,0.13277429342269897,0.1837472766637802,0.10019444674253464,0.05282307416200638,0.18894609808921814,0.1353515237569809,0.1448480635881424,0.17864178121089935,0.29545676708221436,0.3938504755496979,0.08842005580663681,0.3569476008415222,0.13825103640556335,0.0977744609117508,0.42080435156822205,0.15168017148971558,0.07022780179977417,0.04108290374279022,0.2380509078502655,0.16904166340827942,0.16728036105632782,0.08365470170974731,0.4179849922657013,0.507834792137146,0.29181578755378723,0.14835838973522186,0.4244832992553711,0.22486115992069244,0.15465088188648224,0.1139545664191246
AG386,0.166666667,0.0,0.4,0.166666667,0.0,0.066666667,0.1,0.033333333,0.233333333,0.0,0.0,0.0,0.0,0.366666667,0.266666667,0.233333333,0.066666667,0.9,0.833333333,1.066666667,0.733333333,0.333333333,0.166666667,0.0,0.0,0.0,0.0,0.0,0.0,0.0,0.333333333,0.8,1.233333333,0.366666667,0.333333333,0.4,0.366666667,0.3,0.066666667,0.166666667,0.966666667,0.0,0.466666667,0.866666667,0.433333333,0.266666667,0.1,0.333333333,0.166666667,0.0,0.0,0.37465137243270874,0.22495494782924652,0.4222657382488251,0.29430708289146423,0.41659194231033325,0.191370889544487,0.2691892683506012,0.31947681307792664,0.47379666566848755,0.1870730072259903,0.13113738596439362,0.24731577932834625,0.09857775270938873,1.0268305540084839,0.2947169840335846,0.30124515295028687,0.2215947061777115,0.2486102432012558,0.11926251649856567,0.2680077850818634,0.5811663269996643,0.019442029297351837,0.2732308506965637,0.10115006566047668,0.05184357613325119,0.15667890012264252,0.11031808704137802,0.11141528189182281,0.10648147016763687,0.19842252135276794,0.18026411533355713,0.15918029844760895,0.08243480324745178,0.3253222405910492,0.0827472135424614,0.604950487613678,0.16725894808769226,0.07639732956886292,0.03252151608467102,0.17864179611206055,0.2054595947265625,0.25822344422340393,0.08985425531864166,0.4540233612060547,0.5136690139770508,0.285892128944397,0.16512615978717804,0.4219963252544403,0.22833168506622314,0.1615181416273117,0.12103421241044998
AG570,0.133333333,0.033333333,0.2,0.033333333,0.1,0.0,0.266666667,0.0,0.233333333,0.0,0.0,0.2,0.1,0.5,0.1,0.233333333,0.066666667,0.7,0.866666667,1.0,0.666666667,0.833333333,0.8,0.366666667,0.0,0.0,0.0,0.0,0.0,0.5,0.266666667,0.9,0.666666667,0.3,0.166666667,0.033333333,0.333333333,0.033333333,0.1,0.4,0.433333333,0.066666667,0.7,0.0,0.0,0.3,0.0,0.0,0.0,0.0,0.0,0.3769872784614563,0.22495494782924652,0.4205329418182373,0.3704090714454651,0.38324230909347534,0.2067916840314865,0.2470591515302658,0.2603149116039276,0.4998954236507416,0.1870730072259903,0.1678989976644516,0.21878933906555176,0.08719659596681595,0.9255771040916443,0.25544968247413635,0.28546205163002014,0.22531898319721222,0.3223724663257599,0.10429315268993378,0.5391885638237,1.0957170724868774,0.07630990445613861,0.5942660570144653,0.13153353333473206,0.041899263858795166,0.16295136511325836,0.10924437642097473,0.10378937423229218,0.08650171011686325,0.18248629570007324,0.16826315224170685,0.1396431177854538,0.11943431943655014,0.3299127221107483,0.11514715105295181,0.7437254786491394,0.17385819554328918,0.06943288445472717,0.03285939246416092,0.21559394896030426,0.2095939964056015,0.27767691016197205,0.08697228878736496,0.3440737724304199,0.37166303396224976,0.29710930585861206,0.1465354710817337,0.47815465927124023,0.2383674532175064,0.15113012492656708,0.115509033203125
AI884,0.321428571,0.0,0.428571429,0.678571429,0.357142857,0.178571429,1.0,0.535714286,1.321428571,0.25,0.357142857,0.0,0.0,1.071428571,0.071428571,0.142857143,0.142857143,0.107142857,0.0,0.035714286,0.142857143,0.0,0.107142857,0.0,0.0,0.035714286,0.071428571,0.035714286,0.0,0.285714286,0.285714286,0.0,0.0,0.071428571,0.607142857,0.214285714,0.071428571,0.0,0.0,0.142857143,0.0,0.142857143,0.107142857,0.178571429,0.214285714,0.071428571,0.0,0.535714286,0.321428571,0.0,0.035714286,0.37497439980506897,0.22922073304653168,0.43763649463653564,0.36568504571914673,0.3044349253177643,0.17184974253177643,0.28635847568511963,0.191249281167984,0.5187508463859558,0.1870730072259903,0.14059443771839142,0.22088639438152313,0.08616801351308823,0.7568522095680237,0.20136062800884247,0.25319650769233704,0.22465908527374268,0.16541802883148193,0.08240150660276413,0.6790114045143127,0.7842683792114258,0.022901002317667007,0.9767362475395203,0.1089557483792305,0.042414452880620956,0.17030209302902222,0.11380364000797272,0.1527075320482254,0.08048857748508453,0.16083402931690216,0.18234916031360626,0.15311260521411896,0.10620807111263275,0.2515747845172882,0.08148311823606491,0.5336999893188477,0.1750568300485611,0.06943288445472717,0.035005826503038406,0.18971501290798187,0.208767831325531,0.1949121206998825,0.08052177727222443,0.3117620050907135,0.43359753489494324,0.2877209782600403,0.12275677919387817,0.28339096903800964,0.23818670213222504,0.13884739577770233,0.11499857157468796
AJ018,0.5,0.0,0.466666667,0.0,0.4,0.066666667,0.433333333,0.1,0.1,0.0,0.0,0.0,0.0,0.5,0.133333333,0.033333333,0.166666667,0.066666667,0.2,0.0,0.0,0.0,0.0,0.3,0.0,1.1,0.0,0.1,0.2,0.433333333,0.0,0.033333333,0.1,0.4,0.2,1.266666667,0.033333333,0.066666667,0.0,0.133333333,0.533333333,0.233333333,0.0,0.1,0.033333333,0.133333333,0.0,0.033333333,0.333333333,0.0,0.233333333,0.44302529096603394,0.22495494782924652,0.44069668650627136,0.28678640723228455,0.41347992420196533,0.18501226603984833,0.3249780237674713,0.2978774309158325,0.6273255348205566,0.18788878619670868,0.14988797903060913,0.32332727313041687,0.07793723046779633,1.0679103136062622,0.3789878487586975,0.28745535016059875,0.2291184365749359,0.3312266170978546,0.22153066098690033,0.4225683808326721,0.47459056973457336,0.10182549804449081,0.4332062005996704,0.12203902751207352,0.0662900060415268,0.19257420301437378,0.12035489827394485,0.10737001150846481,0.12323201447725296,0.2655770182609558,0.25800031423568726,0.0724615603685379,0.12239912897348404,0.3462102711200714,0.12037327885627747,0.5010319948196411,0.1817566603422165,0.09791279584169388,0.030815638601779938,0.18573792278766632,0.19397374987602234,0.21111010015010834,0.08491150289773941,0.4094401001930237,0.39876481890678406,0.287200003862381,0.12930335104465485,0.3318149447441101,0.22930991649627686,0.16777659952640533,0.13557051122188568
AJ108,0.310344828,0.0,0.344827586,0.0,0.103448276,0.0,0.517241379,0.310344828,2.24137931,0.103448276,0.551724138,1.103448276,0.206896552,1.517241379,0.310344828,0.379310345,0.482758621,0.0,0.103448276,0.0,0.068965517,0.0,0.068965517,0.0,0.0,0.103448276,0.0,0.0,0.0,0.275862069,0.482758621,0.0,0.0,0.068965517,0.0,0.275862069,0.034482759,0.0,0.0,0.068965517,0.172413793,0.103448276,0.0,0.275862069,0.310344828,0.068965517,0.068965517,0.344827586,0.103448276,0.034482759,0.103448276,0.4124597907066345,0.22922073304653168,0.41565829515457153,0.36990484595298767,0.37840574979782104,0.12552385032176971,0.3064262568950653,0.23712550103664398,0.7424253821372986,0.1870730072259903,0.2713886797428131,0.2860387861728668,0.0644402951002121,1.0091495513916016,0.276132196187973,0.287582665681839,0.2245899885892868,0.4809318482875824,0.5255458950996399,0.4134586453437805,0.6708292961120605,0.12351599335670471,0.31990930438041687,0.10377903282642365,0.0414104238152504,0.16521863639354706,0.10710062086582184,0.055557332932949066,0.12876006960868835,0.2358802855014801,0.24072374403476715,0.09908217191696167,0.048305053263902664,0.37918078899383545,0.07267123460769653,0.5114219188690186,0.15151993930339813,0.06943288445472717,0.03080832213163376,0.16906952857971191,0.21480140089988708,0.19981920719146729,0.08591991662979126,0.3209817409515381,0.287341833114624,0.28920096158981323,0.14560768008232117,0.3200291693210602,0.226503387093544,0.1631748080253601,0.11552641540765762
AJ244,0.172413793,0.0,0.344827586,0.275862069,0.413793103,0.034482759,0.827586207,0.24137931,1.310344828,0.068965517,0.517241379,0.517241379,0.103448276,1.965517241,0.482758621,0.24137931,1.103448276,0.137931034,0.0,0.172413793,0.172413793,0.0,0.310344828,0.137931034,0.137931034,0.172413793,0.0,0.0,0.0,0.172413793,0.24137931,0.0,0.0,0.068965517,0.0,0.517241379,0.0,0.0,0.0,0.137931034,0.310344828,0.137931034,0.034482759,0.551724138,0.103448276,0.034482759,0.0,0.0,0.103448276,0.103448276,0.0,0.4404065012931824,0.22495494782924652,0.424049973487854,0.21945446729660034,0.4372754991054535,0.2421739399433136,0.4155407249927521,0.24742868542671204,0.9674740433692932,0.1872316598892212,0.1940169632434845,0.1831328272819519,0.05832256004214287,1.1276955604553223,0.29033371806144714,0.2833106815814972,0.2325105220079422,0.2054286003112793,0.2625531256198883,0.4035528004169464,0.6393727660179138,0.15882275998592377,0.3603256344795227,0.15742944180965424,0.07028436660766602,0.2022782862186432,0.11150070279836655,0.1027960330247879,0.18224689364433289,0.32394376397132874,0.3055367171764374,0.22782178223133087,0.16280563175678253,0.20300613343715668,0.08739236742258072,0.5764792561531067,0.15667051076889038,0.08147362619638443,0.05729292705655098,0.27858978509902954,0.21092656254768372,0.22017371654510498,0.08892813324928284,0.3162279725074768,0.24347670376300812,0.288480669260025,0.13440942764282227,0.2955746650695801,0.23780140280723572,0.1647087186574936,0.13130442798137665
AJ261,0.166666667,0.0,0.7,0.466666667,0.033333333,0.133333333,0.466666667,0.133333333,1.033333333,0.1,0.233333333,0.366666667,0.1,1.266666667,0.133333333,0.2,0.4,0.066666667,0.0,0.266666667,0.366666667,0.1,0.5,0.266666667,0.1,0.2,0.0,0.0,0.433333333,0.233333333,0.3,0.1,0.0,0.0,0.0,0.566666667,0.0,0.033333333,0.0,0.0,0.0,0.133333333,0.0,0.733333333,0.466666667,0.266666667,0.0,0.233333333,0.466666667,0.0,0.133333333,0.40582409501075745,0.23787462711334229,0.4739442467689514,0.25662288069725037,0.43446585536003113,0.16879796981811523,0.5425565838813782,0.2416244000196457,0.8564169406890869,0.19171376526355743,0.30599477887153625,0.183797225356102,0.06796219944953918,1.1277533769607544,0.2815375030040741,0.2970389723777771,0.2301502823829651,0.3973447382450104,0.12123934924602509,0.5917431116104126,0.8223527669906616,0.3143993616104126,0.3614315390586853,0.13779163360595703,0.0602550283074379,0.1930035650730133,0.19226007163524628,0.08576977998018265,0.32085227966308594,0.2980163097381592,0.30071336030960083,0.25783708691596985,0.6491605043411255,0.21004071831703186,0.0917273461818695,0.614643394947052,0.16487446427345276,0.07092482596635818,0.06567380577325821,0.3032850921154022,0.19368082284927368,0.1954374462366104,0.08804759383201599,0.31183770298957825,0.20760929584503174,0.29055944085121155,0.1436137557029724,0.334762305021286,0.23116503655910492,0.1484028697013855,0.12468156963586807
AJ413,0.24137931,0.0,0.137931034,0.068965517,0.137931034,0.0,0.137931034,0.172413793,0.862068966,0.172413793,0.448275862,0.448275862,0.24137931,1.586206897,0.482758621,0.24137931,0.310344828,0.655172414,1.103448276,1.068965517,0.448275862,0.24137931,0.206896552,0.068965517,0.103448276,0.0,0.0,0.068965517,0.0,0.206896552,0.137931034,0.068965517,0.034482759,0.0,0.0,0.310344828,0.137931034,0.103448276,0.0,0.034482759,0.586206897,0.24137931,0.137931034,0.206896552,0.172413793,0.448275862,0.0,0.103448276,0.068965517,0.068965517,0.068965517,0.36726292967796326,0.22495494782924652,0.4139830470085144,0.2196549028158188,0.3665388226509094,0.14944994449615479,0.2595023214817047,0.2321513146162033,0.6011210680007935,0.18745636940002441,0.09559763967990875,0.1004725769162178,0.04938352853059769,1.1270800828933716,0.40852272510528564,0.28448858857154846,0.23936443030834198,0.18106268346309662,0.11586789786815643,0.37468603253364563,0.40940287709236145,0.043237049132585526,0.162861168384552,0.09726499021053314,0.02663455531001091,0.1670016348361969,0.1023268848657608,0.036838434636592865,0.059692662209272385,0.1820034235715866,0.16832950711250305,0.06277582794427872,0.02978987991809845,0.18208235502243042,0.06670283526182175,0.47485122084617615,0.15136504173278809,0.06995119899511337,0.029920075088739395,0.15078921616077423,0.18164482712745667,0.1720963567495346,0.08168019354343414,0.33315566182136536,0.17991505563259125,0.285892128944397,0.12379622459411621,0.2677857279777527,0.22672083973884583,0.14360159635543823,0.10197763890028
AJ544,0.827586207,0.689655172,0.482758621,0.0,0.172413793,0.103448276,0.344827586,0.0,0.413793103,0.896551724,0.24137931,0.0,0.0,0.965517241,0.310344828,0.206896552,0.103448276,0.068965517,0.0,0.137931034,0.137931034,0.0,0.137931034,0.206896552,0.0,0.275862069,0.0,0.0,0.0,0.413793103,0.034482759,0.0,0.0,0.413793103,0.0,0.689655172,0.034482759,0.137931034,0.103448276,0.0,0.103448276,0.068965517,0.0,0.068965517,0.172413793,0.068965517,0.172413793,0.068965517,0.137931034,0.551724138,0.103448276,0.3857448101043701,0.22495494782924652,0.42157137393951416,0.19213299453258514,0.3322184085845947,0.10036815702915192,0.3099749684333801,0.2244858592748642,0.9455869793891907,0.18745636940002441,0.14341847598552704,0.16152428090572357,0.05468572676181793,1.2700376510620117,0.2995263636112213,0.2776940166950226,0.2350844442844391,0.11470012366771698,0.06062272936105728,0.26413822174072266,0.3827350437641144,0.04226190224289894,0.3745008409023285,0.09807483106851578,0.04073256999254227,0.19554254412651062,0.11170318722724915,0.04526527225971222,0.0771062821149826,0.24199311435222626,0.21680353581905365,0.03296134993433952,0.020529555156826973,0.10931714624166489,0.05426311120390892,0.35301515460014343,0.15175123512744904,0.06943288445472717,0.029986996203660965,0.14991353452205658,0.1750664860010147,0.14676006138324738,0.07695084810256958,0.31047675013542175,0.1691695749759674,0.2892681360244751,0.12425275892019272,0.3117832839488983,0.23133620619773865,0.1422102302312851,0.11312386393547058
AJ639,0.666666667,0.433333333,0.166666667,0.0,0.0,0.033333333,0.9,0.233333333,2.633333333,0.533333333,1.766666667,0.566666667,0.433333333,2.0,0.133333333,0.233333333,0.1,0.066666667,0.0,0.0,0.0,0.0,0.1,0.0,0.0,0.166666667,0.0,0.0,0.0,0.1,0.066666667,0.0,0.0,0.0,0.0,0.0,0.0,0.0,0.0,0.0,0.066666667,0.0,0.0,0.0,0.133333333,0.2,0.066666667,0.0,0.1,0.4,0.166666667,0.4060870110988617,0.22495494782924652,0.4253499209880829,0.26224416494369507,0.35289812088012695,0.13934552669525146,0.38438159227371216,0.2538577914237976,0.6323858499526978,0.18923406302928925,0.12118565291166306,0.21845951676368713,0.06560986489057541,0.9445316195487976,0.18328532576560974,0.27269962430000305,0.2380676120519638,0.09137032926082611,0.038319237530231476,0.1337343156337738,0.21539592742919922,0.062426794320344925,0.15591925382614136,0.09802605211734772,0.035344064235687256,0.15996335446834564,0.1070680171251297,0.06897837668657303,0.08445794135332108,0.23383615911006927,0.2282238006591797,0.06846485286951065,0.03560760244727135,0.18603076040744781,0.053843434900045395,0.49469438195228577,0.1546180546283722,0.06943288445472717,0.03299051895737648,0.19270358979701996,0.18128952383995056,0.19453132152557373,0.08574708551168442,0.3153720200061798,0.25756362080574036,0.285892128944397,0.13011562824249268,0.2665491998195648,0.2290504276752472,0.14725515246391296,0.09360264986753464
AJ862,0.066666667,0.0,0.133333333,0.1,0.033333333,0.0,0.3,0.1,0.5,0.1,0.3,0.066666667,0.1,0.633333333,0.233333333,0.2,0.2,0.033333333,0.0,0.2,0.066666667,0.0,0.0,0.133333333,0.033333333,0.0,0.0,0.333333333,0.066666667,0.333333333,0.1,0.033333333,0.1,0.066666667,0.133333333,0.8,0.8,0.733333333,0.0,0.333333333,0.366666667,0.133333333,0.3,1.3,0.433333333,0.366666667,0.033333333,0.0,0.666666667,0.1,0.1,0.3707132935523987,0.22495494782924652,0.42692041397094727,0.2068857103586197,0.32790112495422363,0.14462967216968536,0.3935120701789856,0.24702593684196472,0.6618354916572571,0.188258558511734,0.1114165335893631,0.17934370040893555,0.08922232687473297,0.9831236004829407,0.3145463466644287,0.3109458386898041,0.22100074589252472,0.05577201396226883,0.06344572454690933,0.07637053728103638,0.1641812026500702,0.03845680132508278,0.2116103172302246,0.24395990371704102,0.1287878155708313,0.49870502948760986,0.21448840200901031,0.5032309293746948,0.5297105312347412,0.229811891913414,0.2138659507036209,0.11282569169998169,0.03317710757255554,0.1865735799074173,0.06842795014381409,0.46723130345344543,0.17020167410373688,0.07768949866294861,0.03560957685112953,0.20507250726222992,0.17494450509548187,0.21404768526554108,0.08439326286315918,0.3140856921672821,0.23491786420345306,0.285892128944397,0.14547982811927795,0.3914850652217865,0.2288135439157486,0.15854090452194214,0.11482984572649002
AJ968,0.3,0.1,0.466666667,0.066666667,0.2,0.066666667,1.0,0.166666667,1.2,0.5,0.366666667,0.533333333,0.133333333,1.133333333,0.133333333,0.133333333,0.0,0.0,0.0,0.0,0.066666667,0.0,0.1,0.0,0.066666667,0.233333333,0.0,0.0,0.133333333,0.3,0.2,0.166666667,0.0,0.033333333,0.0,0.3,0.566666667,0.8,0.266666667,0.733333333,0.0,0.133333333,0.0,0.366666667,0.233333333,0.0,0.0,0.0,0.133333333,0.4,0.1,0.4315556585788727,0.22591574490070343,0.45873355865478516,0.38436517119407654,0.34492531418800354,0.20615330338478088,0.416429340839386,0.30478158593177795,0.5235417485237122,0.18676047027111053,0.12324045598506927,0.1826067566871643,0.10247049480676651,1.011002779006958,0.3381105065345764,0.2754080295562744,0.22988013923168182,0.09338317811489105,0.14749407768249512,0.29070478677749634,0.24453216791152954,0.06636003404855728,0.32257822155952454,0.11035337299108505,0.13324612379074097,0.1712224930524826,0.11409236490726471,0.08263322710990906,0.07403752207756042,0.23261253535747528,0.19536688923835754,0.06958930939435959,0.18326644599437714,0.17700862884521484,0.12099673599004745,0.5203588604927063,0.17203140258789062,0.07784589380025864,0.03632211685180664,0.16675573587417603,0.1921306699514389,0.20424455404281616,0.08879424631595612,0.32290777564048767,0.4197867512702942,0.29519179463386536,0.14984458684921265,0.3678295910358429,0.23350481688976288,0.15907804667949677,0.1366156041622162
AJ977,0.379310345,0.0,0.448275862,0.068965517,0.689655172,0.172413793,0.517241379,0.413793103,1.068965517,0.0,0.137931034,0.103448276,0.0,1.310344828,0.551724138,0.24137931,0.413793103,0.75862069,0.689655172,0.137931034,0.137931034,0.275862069,0.275862069,0.103448276,0.0,0.206896552,0.0,0.068965517,0.0,0.413793103,0.24137931,0.0,0.0,0.137931034,0.0,0.793103448,0.103448276,0.0,0.0,0.0,0.275862069,0.344827586,0.103448276,0.586206897,0.137931034,0.206896552,0.068965517,0.206896552,0.24137931,0.344827586,0.0,0.3820738196372986,0.22922073304653168,0.43620386719703674,0.2153315544128418,0.2652853727340698,0.13509881496429443,0.30888885259628296,0.24152062833309174,0.6843757033348083,0.1870730072259903,0.17402620613574982,0.1977749764919281,0.059893302619457245,1.189074158668518,0.4213021695613861,0.29014700651168823,0.22917433083057404,0.1403542011976242,0.10653763264417648,0.22267262637615204,0.2312522977590561,0.05825762450695038,0.25779989361763,0.10095693916082382,0.044055867940187454,0.1568841189146042,0.1074783131480217,0.08737745136022568,0.07464754581451416,0.30415961146354675,0.1619456708431244,0.04873356223106384,0.046294305473566055,0.1274435669183731,0.06502503156661987,0.4290081858634949,0.14834648370742798,0.06943288445472717,0.030275054275989532,0.15711049735546112,0.18157008290290833,0.1597428172826767,0.08121674507856369,0.32301533222198486,0.19762296974658966,0.2892681360244751,0.12295471876859665,0.27766817808151245,0.23359814286231995,0.1366988867521286,0.10495543479919434
AJ990,0.2,0.0,0.166666667,0.0,0.433333333,0.0,0.4,0.166666667,0.933333333,0.1,0.266666667,0.566666667,0.133333333,1.033333333,0.233333333,0.166666667,0.166666667,0.2,0.666666667,0.833333333,0.8,0.366666667,0.666666667,0.166666667,0.0,0.166666667,0.0,0.066666667,0.1,0.266666667,0.133333333,0.666666667,0.566666667,0.1,0.0,0.333333333,0.233333333,0.0,0.0,0.0,0.566666667,0.2,0.166666667,0.466666667,0.133333333,0.166666667,0.133333333,0.3,0.0,0.1,0.066666667,0.3842431306838989,0.22495494782924652,0.41993895173072815,0.21939726173877716,0.29438069462776184,0.1530156284570694,0.2679210603237152,0.2250724583864212,0.7618024349212646,0.1870730072259903,0.13877761363983154,0.14858311414718628,0.053234223276376724,1.0743681192398071,0.24227117002010345,0.2701737880706787,0.23432695865631104,0.14393486082553864,0.090804822742939,0.3099447190761566,0.3920147120952606,0.03911636397242546,0.17890207469463348,0.09598582237958908,0.034067749977111816,0.1657441407442093,0.10175224393606186,0.050245776772499084,0.06538718193769455,0.20622950792312622,0.17376092076301575,0.04193940386176109,0.052825476974248886,0.23772792518138885,0.07011184096336365,0.4262193739414215,0.14950188994407654,0.06943288445472717,0.029920075088739395,0.1749526858329773,0.187448188662529,0.16850335896015167,0.08106110990047455,0.3246082663536072,0.18394459784030914,0.285892128944397,0.1233161985874176,0.2576376795768738,0.23567664623260498,0.14228563010692596,0.11083424836397171
AL047,0.433333333,0.1,0.933333333,0.1,1.133333333,0.133333333,0.233333333,0.133333333,0.2,0.1,0.066666667,0.0,0.0,0.5,0.333333333,0.133333333,0.3,0.133333333,0.066666667,0.766666667,1.5,0.0,0.8,0.1,0.0,0.366666667,0.066666667,0.1,0.0,0.2,0.066666667,0.066666667,0.0,0.3,0.233333333,1.266666667,0.0,0.0,0.0,0.0,0.433333333,0.0,0.033333333,0.1,0.033333333,0.166666667,0.0,0.033333333,0.0,0.0,0.266666667,0.4401170015335083,0.22922073304653168,0.5257183313369751,0.2606078088283539,0.29307618737220764,0.16995707154273987,0.3115314543247223,0.23439499735832214,0.7117375135421753,0.1870730072259903,0.22157657146453857,0.21853861212730408,0.07012873888015747,0.9107227921485901,0.23525600135326385,0.2705366313457489,0.223001629114151,0.11325318366289139,0.1698564738035202,0.37138625979423523,0.4934151768684387,0.3360145688056946,0.37856602668762207,0.1595061719417572,0.12005815654993057,0.16446253657341003,0.25616520643234253,0.19159825146198273,0.42325517535209656,0.3313935399055481,0.2822014093399048,0.207091823220253,0.28817832469940186,0.19093529880046844,0.10433341562747955,0.5281696319580078,0.170021191239357,0.07137114554643631,0.0768524557352066,0.34448325634002686,0.17180241644382477,0.1690308153629303,0.09726573526859283,0.3758924603462219,0.34057947993278503,0.2909407615661621,0.1449555903673172,0.4605037271976471,0.22784441709518433,0.1575116515159607,0.14181475341320038
AL112,1.166666667,0.166666667,0.7,0.0,0.533333333,0.133333333,0.2,0.266666667,0.733333333,0.0,0.0,0.166666667,0.0,0.666666667,0.133333333,0.233333333,0.1,0.0,0.066666667,0.466666667,0.566666667,0.433333333,0.533333333,0.5,0.0,0.166666667,0.1,0.0,0.0,0.6,0.066666667,0.3,0.033333333,0.566666667,0.2,0.8,0.2,0.0,0.0,0.5,0.266666667,0.3,0.066666667,0.0,0.0,0.433333333,0.0,0.2,0.166666667,0.166666667,0.066666667,0.41424915194511414,0.22591574490070343,0.4533337354660034,0.2732912003993988,0.3155340552330017,0.14975406229496002,0.3712545335292816,0.22660505771636963,0.558973491191864,0.1870730072259903,0.1547192633152008,0.11001595854759216,0.05125701427459717,0.8378024101257324,0.2320093959569931,0.2648744285106659,0.2270808219909668,0.11869902163743973,0.07433778792619705,0.3051818907260895,0.4252624809741974,0.17022255063056946,0.29295265674591064,0.15332332253456116,0.048248205333948135,0.20898407697677612,0.11764872074127197,0.07132958620786667,0.06654579937458038,0.2591683566570282,0.220901221036911,0.07812152802944183,0.08414231240749359,0.31303420662879944,0.06889327615499496,0.6121648550033569,0.14896267652511597,0.06943288445472717,0.03914320096373558,0.16658209264278412,0.18859602510929108,0.17860271036624908,0.08259572833776474,0.31416863203048706,0.21523521840572357,0.2892681360244751,0.13992911577224731,0.36800605058670044,0.22969818115234375,0.1549733430147171,0.1082306057214737
AL120,0.633333333,0.0,0.666666667,2.066666667,0.633333333,0.433333333,0.433333333,0.166666667,0.366666667,0.0,0.0,0.133333333,0.0,1.7,0.233333333,0.733333333,0.533333333,0.133333333,0.0,0.5,0.966666667,0.0,0.366666667,0.0,0.0,0.066666667,0.0,0.166666667,0.0,0.033333333,0.366666667,0.0,0.0,0.1,0.0,0.3,0.133333333,0.0,0.0,0.0,0.1,0.0,0.0,0.133333333,0.3,0.2,0.0,0.0,0.2,0.0,0.166666667,0.4023873805999756,0.22495494782924652,0.4281105101108551,0.27615323662757874,0.335088312625885,0.15791921317577362,0.42329543828964233,0.24687816202640533,0.638881266117096,0.1870730072259903,0.12793764472007751,0.13785120844841003,0.05395497754216194,1.2638832330703735,0.2380921095609665,0.2773733139038086,0.2280295491218567,0.11432907730340958,0.06497082114219666,0.34401872754096985,0.3545931875705719,0.08561757206916809,0.27611005306243896,0.10164936631917953,0.03597864881157875,0.18548442423343658,0.10465948283672333,0.03564928099513054,0.07486256211996078,0.24250520765781403,0.18789729475975037,0.01666141115128994,0.04273707792162895,0.20177072286605835,0.06980765610933304,0.5029386281967163,0.15593646466732025,0.06943288445472717,0.030884284526109695,0.15845122933387756,0.169496089220047,0.15817515552043915,0.0810638964176178,0.30781325697898865,0.231559619307518,0.28657689690589905,0.13516618311405182,0.29070034623146057,0.22743123769760132,0.16239513456821442,0.11917834728956223
AL177,0.466666667,0.0,0.3,0.033333333,0.866666667,0.2,0.066666667,0.0,0.266666667,0.066666667,0.0,0.0,0.0,0.233333333,0.233333333,0.066666667,0.1,0.133333333,0.166666667,1.2,1.3,0.0,0.833333333,0.0,0.0,0.333333333,0.0,0.2,0.0,0.266666667,0.0,0.0,0.0,0.366666667,0.1,1.166666667,0.2,0.0,0.0,0.0,0.8,0.133333333,0.0,0.2,0.066666667,0.333333333,0.0,0.233333333,0.266666667,0.466666667,0.3,0.3924064338207245,0.22495494782924652,0.42343848943710327,0.2142287790775299,0.4310292601585388,0.16958583891391754,0.3203945457935333,0.23821792006492615,0.3373766243457794,0.1870730072259903,0.05630259960889816,0.11836805939674377,0.05572161450982094,0.7304686903953552,0.2979956269264221,0.27130821347236633,0.22222718596458435,0.15339945256710052,0.10504818707704544,0.5662826895713806,0.8279733061790466,0.04219292104244232,0.5716084241867065,0.10969115793704987,0.0347241573035717,0.1888190358877182,0.10329098999500275,0.05695922300219536,0.11382313817739487,0.17817778885364532,0.14385931193828583,0.03559238463640213,0.1113048791885376,0.5112515687942505,0.09578636288642883,0.777172327041626,0.17177897691726685,0.06943288445472717,0.03197270259261131,0.1682286411523819,0.1993446946144104,0.171818807721138,0.09096818417310715,0.4019567668437958,0.33808621764183044,0.29026156663894653,0.1457166075706482,0.28607699275016785,0.23880040645599365,0.18386998772621155,0.125966876745224
AL200,0.566666667,0.133333333,0.566666667,0.233333333,0.766666667,0.333333333,0.3,0.0,0.166666667,0.133333333,0.0,0.0,0.0,0.566666667,0.266666667,0.066666667,0.266666667,0.1,0.166666667,0.066666667,0.0,0.1,0.2,0.1,0.0,0.133333333,0.0,0.0,0.0,0.333333333,0.333333333,0.266666667,0.2,0.333333333,0.333333333,1.633333333,0.333333333,0.033333333,0.0,0.233333333,0.233333333,0.3,0.133333333,0.066666667,0.066666667,0.166666667,0.0,0.0,0.433333333,0.2,0.733333333,0.3834013044834137,0.22922073304653168,0.42258381843566895,0.20511576533317566,0.2692881226539612,0.14236599206924438,0.2913965880870819,0.21921615302562714,0.6686205267906189,0.1870730072259903,0.13720159232616425,0.13370493054389954,0.07813073694705963,1.0294322967529297,0.1918964684009552,0.26647621393203735,0.22586971521377563,0.02988649345934391,0.07598385959863663,0.16620446741580963,0.3210614025592804,0.09409148246049881,0.2129632979631424,0.10560936480760574,0.04844089597463608,0.2271393984556198,0.13436801731586456,0.07993084192276001,0.19743609428405762,0.33083924651145935,0.27824389934539795,0.059393879026174545,0.07685620337724686,0.20493097603321075,0.08250222355127335,0.6526762247085571,0.15043115615844727,0.06995119899511337,0.03708112984895706,0.1879040151834488,0.18373848497867584,0.1690644472837448,0.08995308727025986,0.30752286314964294,0.1424851417541504,0.287564754486084,0.13860490918159485,0.2961101531982422,0.22892703115940094,0.15649473667144775,0.13063064217567444
AL231,0.5,0.0,0.6,2.233333333,0.466666667,0.033333333,0.3,0.566666667,0.633333333,0.066666667,0.0,0.0,0.0,1.933333333,0.833333333,0.833333333,0.2,0.0,0.0,0.066666667,0.166666667,0.066666667,0.233333333,0.133333333,0.233333333,0.1,0.033333333,0.1,0.1,0.033333333,0.133333333,0.0,0.0,0.166666667,0.0,0.433333333,0.0,0.0,0.066666667,0.133333333,0.0,0.0,0.0,0.0,0.533333333,0.1,0.0,0.133333333,0.0,0.166666667,0.0,0.39443957805633545,0.22495494782924652,0.4303015470504761,0.2603524923324585,0.3575654625892639,0.150605708360672,0.3126829266548157,0.26019296050071716,0.7274054288864136,0.1870730072259903,0.10964015871286392,0.12706121802330017,0.05070970579981804,1.2094963788986206,0.24376250803470612,0.27549123764038086,0.23120439052581787,0.12209504842758179,0.07909148931503296,0.2979777157306671,0.44438600540161133,0.06933194398880005,0.37518683075904846,0.10058630257844925,0.03775786608457565,0.1862291842699051,0.10452887415885925,0.0396459735929966,0.061718471348285675,0.24479414522647858,0.18903613090515137,0.029488371685147285,0.023701081052422523,0.19910332560539246,0.05730203166604042,0.5116017460823059,0.16192646324634552,0.06943288445472717,0.03159169852733612,0.16361621022224426,0.17014086246490479,0.15922504663467407,0.08236534148454666,0.31047675013542175,0.2313506007194519,0.285892128944397,0.12845389544963837,0.292194128036499,0.2288590967655182,0.16457808017730713,0.11745934933423996
AL268,0.666666667,0.0,0.566666667,0.0,0.666666667,0.233333333,0.266666667,0.233333333,0.233333333,0.0,0.0,0.1,0.0,0.433333333,0.133333333,0.2,0.333333333,0.0,0.1,1.066666667,2.066666667,0.1,0.933333333,0.0,0.0,0.4,0.0,0.0,0.033333333,0.2,0.066666667,0.0,0.133333333,0.333333333,0.166666667,1.166666667,0.066666667,0.0,0.0,0.033333333,0.233333333,0.166666667,0.166666667,0.0,0.066666667,0.333333333,0.166666667,0.2,0.3,0.3,0.133333333,0.413224995136261,0.22495494782924652,0.49254706501960754,0.2401888519525528,0.40278422832489014,0.17286066710948944,0.26596444845199585,0.265444278717041,0.4192701578140259,0.1870730072259903,0.1017371118068695,0.13246585428714752,0.04676700010895729,0.8668702244758606,0.29644453525543213,0.2623898684978485,0.22438684105873108,0.2052212357521057,0.06388970464468002,0.7017184495925903,1.0454593896865845,0.07134252041578293,0.48888424038887024,0.10040444135665894,0.03434991091489792,0.17346727848052979,0.1471458077430725,0.04214251786470413,0.03841163590550423,0.23060813546180725,0.14890363812446594,0.024246003478765488,0.0669226422905922,0.3720960319042206,0.06259997189044952,0.6808168888092041,0.15371640026569366,0.06943288445472717,0.030389271676540375,0.15451489388942719,0.16523298621177673,0.17663663625717163,0.07860475778579712,0.3066490888595581,0.2217625379562378,0.285892128944397,0.13974826037883759,0.26319554448127747,0.22910238802433014,0.15668827295303345,0.12243399769067764
AL310,0.566666667,0.0,0.766666667,0.133333333,0.9,0.533333333,0.2,0.0,0.5,0.033333333,0.0,0.0,0.0,0.533333333,0.333333333,0.133333333,0.133333333,0.066666667,0.0,0.266666667,0.7,0.0,0.333333333,0.1,0.0,0.0,0.066666667,0.0,0.133333333,0.3,0.2,0.0,0.0,0.433333333,0.1,1.433333333,0.2,0.433333333,0.0,0.2,0.333333333,0.066666667,0.0,0.066666667,0.033333333,0.1,0.266666667,0.5,0.3,0.633333333,0.3,0.40638095140457153,0.22495494782924652,0.43235844373703003,0.20233973860740662,0.46054983139038086,0.1920158714056015,0.4108830690383911,0.26880890130996704,0.7540512084960938,0.1870730072259903,0.14156237244606018,0.12334829568862915,0.057426661252975464,1.2763828039169312,0.35354912281036377,0.2853199243545532,0.23517486453056335,0.16427300870418549,0.06682802736759186,0.3621649742126465,0.45875099301338196,0.06062939018011093,0.31776055693626404,0.10656173527240753,0.039292048662900925,0.184892937541008,0.11502445489168167,0.04727610945701599,0.11448360234498978,0.3617590069770813,0.2917921245098114,0.05028987303376198,0.06247580423951149,0.20642898976802826,0.06221672520041466,0.552153468132019,0.15830853581428528,0.06943288445472717,0.029986996203660965,0.16366267204284668,0.1768692433834076,0.16592487692832947,0.08223173767328262,0.31047675013542175,0.19107848405838013,0.2872377932071686,0.12957943975925446,0.333278626203537,0.22743123769760132,0.1591615527868271,0.1275533139705658
AL360,1.433333333,0.0,1.633333333,0.233333333,0.566666667,0.166666667,0.3,0.0,1.1,0.166666667,0.433333333,0.2,0.0,0.866666667,0.133333333,0.2,0.066666667,0.166666667,0.066666667,0.066666667,0.3,0.066666667,0.0,0.033333333,0.0,0.1,0.0,0.0,0.066666667,0.4,0.166666667,0.0,0.1,0.133333333,0.0,0.466666667,0.0,0.233333333,0.0,0.0,0.2,0.0,0.0,0.066666667,0.2,0.066666667,0.133333333,0.033333333,0.066666667,0.133333333,0.2,0.4023068845272064,0.22495494782924652,0.5017847418785095,0.25792795419692993,0.39869147539138794,0.1632058322429657,0.36108532547950745,0.21620123088359833,0.674120306968689,0.18745636940002441,0.1303691565990448,0.16657507419586182,0.05617514252662659,0.8819286823272705,0.23412662744522095,0.2746427059173584,0.2484537661075592,0.21288970112800598,0.10811467468738556,0.4473057985305786,0.5021142363548279,0.2783468961715698,0.3631075918674469,0.10215816646814346,0.1133812963962555,0.18063293397426605,0.14616532623767853,0.059276826679706573,0.20745263993740082,0.3380359411239624,0.19654281437397003,0.18924753367900848,0.14307370781898499,0.21635988354682922,0.07804837822914124,0.630932092666626,0.16780084371566772,0.07148526608943939,0.07031609863042831,0.2609371244907379,0.1925133764743805,0.16620878875255585,0.09112487733364105,0.39738136529922485,0.3574621379375458,0.28759220242500305,0.14180763065814972,0.3232628405094147,0.231386199593544,0.17467643320560455,0.14835722744464874
AL378,0.4,0.0,0.766666667,0.8,0.333333333,0.0,0.4,0.3,1.6,0.266666667,0.9,0.4,0.0,1.566666667,0.266666667,0.5,0.3,0.0,0.0,0.066666667,0.1,0.0,0.166666667,0.1,0.233333333,0.6,0.233333333,0.333333333,0.4,0.6,0.433333333,0.0,0.0,0.133333333,0.0,0.6,0.0,0.0,0.0,0.0,0.1,0.0,0.133333333,0.066666667,0.633333333,0.566666667,0.333333333,0.266666667,0.1,0.0,0.0,0.4047630727291107,0.22495494782924652,0.5008760690689087,0.22179922461509705,0.41822609305381775,0.19831012189388275,0.4525449275970459,0.2474711388349533,0.6905808448791504,0.1870730072259903,0.18495193123817444,0.20205742120742798,0.053764283657073975,1.3129363059997559,0.26756516098976135,0.2804223597049713,0.2292441874742508,0.08091723918914795,0.06052123382687569,0.18770785629749298,0.24858154356479645,0.027729887515306473,0.20459292829036713,0.09803774952888489,0.04710161313414574,0.19150985777378082,0.10494665056467056,0.019027404487133026,0.13825678825378418,0.33308145403862,0.23658590018749237,0.03468948230147362,0.04814731329679489,0.21949875354766846,0.06544778496026993,0.6116592884063721,0.15976327657699585,0.06995119899511337,0.033892564475536346,0.1524755358695984,0.17528583109378815,0.16836154460906982,0.08837872743606567,0.31047675013542175,0.18591870367527008,0.29278209805488586,0.14027178287506104,0.3113515377044678,0.22793802618980408,0.16300129890441895,0.1187351793050766
AL389,0.833333333,0.233333333,0.733333333,0.166666667,0.7,0.166666667,0.3,0.1,0.166666667,0.066666667,0.166666667,0.0,0.0,0.566666667,0.166666667,0.0,0.266666667,0.0,0.166666667,0.866666667,1.266666667,0.133333333,0.9,0.133333333,0.0,0.266666667,0.166666667,0.0,0.2,0.3,0.333333333,0.066666667,0.133333333,0.3,0.066666667,1.2,0.0,0.0,0.0,0.0,0.366666667,0.2,0.166666667,0.0,0.1,0.0,0.166666667,0.033333333,0.466666667,0.333333333,0.2,0.4057081639766693,0.22495494782924652,0.42026230692863464,0.23364892601966858,0.36904317140579224,0.17554591596126556,0.299130916595459,0.18922807276248932,0.34962978959083557,0.1870730072259903,0.05624987557530403,0.06375212967395782,0.049326736479997635,0.6341366171836853,0.2288983166217804,0.2596230208873749,0.22438684105873108,0.1172938123345375,0.07488863915205002,0.6688372492790222,1.108690857887268,0.0731360986828804,0.5195673108100891,0.10473130643367767,0.031985145062208176,0.1555624157190323,0.1421787291765213,0.05050039663910866,0.049940578639507294,0.18867595493793488,0.15925449132919312,0.028460748493671417,0.05576683580875397,0.36358195543289185,0.0707998275756836,0.6683825850486755,0.1569102704524994,0.06943288445472717,0.029981065541505814,0.16742824018001556,0.19076448678970337,0.19516579806804657,0.0956331193447113,0.3105740249156952,0.2307654321193695,0.2858310043811798,0.12993045151233673,0.25601962208747864,0.23232336342334747,0.15454907715320587,0.13404124975204468
AL397,0.8,0.133333333,0.9,0.0,1.1,0.3,0.4,0.4,0.066666667,0.166666667,0.0,0.0,0.0,0.133333333,0.2,0.033333333,0.3,0.233333333,0.166666667,0.566666667,1.366666667,0.0,0.733333333,0.0,0.0,0.2,0.0,0.1,0.1,0.4,0.3,0.133333333,0.166666667,0.5,0.133333333,1.533333333,0.133333333,0.0,0.0,0.0,0.4,0.033333333,0.0,0.0,0.0,0.1,0.133333333,0.233333333,0.566666667,0.066666667,0.4,0.3833620548248291,0.22495494782924652,0.4110057055950165,0.2017226368188858,0.281869500875473,0.14180342853069305,0.19766874611377716,0.19016775488853455,0.20692645013332367,0.1870730072259903,0.05758986249566078,0.056194864213466644,0.049885787069797516,0.6604297161102295,0.2840322256088257,0.269292950630188,0.22586971521377563,0.10005922615528107,0.09181148558855057,0.44665050506591797,0.8119960427284241,0.05657508969306946,0.5413187146186829,0.10355019569396973,0.04299784451723099,0.13289287686347961,0.13108021020889282,0.07375805824995041,0.05535544455051422,0.23302699625492096,0.13650694489479065,0.03810562565922737,0.05353681370615959,0.3206164538860321,0.09669900685548782,0.6344406008720398,0.14891353249549866,0.06943288445472717,0.029986996203660965,0.15386608242988586,0.1716984659433365,0.1697409749031067,0.08959182351827621,0.3066490888595581,0.1689431369304657,0.285892128944397,0.13327987492084503,0.28866371512413025,0.23153062164783478,0.1367347240447998,0.11886190623044968
AL409,0.233333333,0.066666667,0.466666667,0.0,0.6,0.0,0.566666667,0.1,0.9,0.3,0.133333333,0.166666667,0.0,1.266666667,0.3,0.433333333,0.233333333,0.0,0.0,0.266666667,0.5,0.066666667,0.266666667,0.3,0.0,0.233333333,0.266666667,0.5,0.233333333,0.233333333,0.166666667,0.033333333,0.0,0.133333333,0.0,0.866666667,0.9,0.566666667,0.166666667,0.0,0.033333333,0.0,0.366666667,0.366666667,0.1,0.833333333,0.233333333,0.333333333,0.133333333,0.1,0.133333333,0.40973904728889465,0.22591574490070343,0.43198397755622864,0.26317453384399414,0.3156074285507202,0.17642632126808167,0.3926416337490082,0.2574840784072876,0.9137608408927917,0.19154709577560425,0.26181715726852417,0.18782345950603485,0.06649033725261688,1.1919223070144653,0.31939929723739624,0.28408342599868774,0.22636540234088898,0.04755889251828194,0.11929446458816528,0.23946672677993774,0.37767288088798523,0.20577336847782135,0.29570522904396057,0.11014865338802338,0.06940057128667831,0.18047867715358734,0.12381847202777863,0.06369441002607346,0.15087637305259705,0.3276153802871704,0.23942185938358307,0.10658856481313705,0.12172623723745346,0.27361634373664856,0.07880385220050812,0.5546665191650391,0.1580343395471573,0.06995119899511337,0.037673454731702805,0.23400495946407318,0.17697365581989288,0.1578155755996704,0.09323510527610779,0.30752286314964294,0.22182787954807281,0.2909407615661621,0.14493019878864288,0.3117504119873047,0.23106718063354492,0.16373321413993835,0.11161977052688599
AL454,0.366666667,0.0,0.533333333,0.133333333,0.533333333,0.2,0.733333333,0.366666667,0.866666667,0.433333333,0.0,0.0,0.0,1.166666667,0.366666667,0.433333333,0.133333333,0.0,0.0,0.166666667,0.333333333,0.0,0.466666667,0.433333333,0.266666667,0.433333333,0.0,0.133333333,0.233333333,0.433333333,0.233333333,0.0,0.0,0.2,0.066666667,0.933333333,0.8,0.5,0.066666667,0.1,0.2,0.266666667,0.033333333,0.1,0.166666667,1.0,0.266666667,0.333333333,0.033333333,0.0,0.133333333,0.42481210827827454,0.22495494782924652,0.4213956296443939,0.20606566965579987,0.46950116753578186,0.18910682201385498,0.41409796476364136,0.25631508231163025,0.9601096510887146,0.1870730072259903,0.24354444444179535,0.2728617489337921,0.07380298525094986,1.2523844242095947,0.3397656977176666,0.2788306176662445,0.23068048059940338,0.08559156954288483,0.06478453427553177,0.2564253509044647,0.3659912645816803,0.05402347445487976,0.3420880436897278,0.11299201101064682,0.04260570928454399,0.19189372658729553,0.10908380895853043,0.05389118567109108,0.09768570214509964,0.23715221881866455,0.22278659045696259,0.04827412962913513,0.0732758492231369,0.20703284442424774,0.07680744677782059,0.5346645712852478,0.1558438539505005,0.06995119899511337,0.030341975390911102,0.1594594120979309,0.18040330708026886,0.15357069671154022,0.08357742428779602,0.3208431005477905,0.19311608374118805,0.2909463346004486,0.13873136043548584,0.27634352445602417,0.22817526757717133,0.15862545371055603,0.13245901465415955
AL538,0.433333333,0.0,0.3,0.066666667,0.333333333,0.0,0.8,0.266666667,0.366666667,0.1,0.0,0.066666667,0.0,1.066666667,0.333333333,0.233333333,0.233333333,0.1,0.066666667,0.166666667,0.133333333,0.1,0.0,0.0,0.0,0.4,0.3,0.133333333,0.9,1.233333333,0.833333333,0.0,0.166666667,0.2,0.066666667,1.133333333,0.466666667,0.0,0.066666667,0.2,0.0,0.0,0.533333333,0.1,0.0,0.733333333,0.0,0.0,0.0,0.0,0.0,0.3883383572101593,0.22495494782924652,0.4074972867965698,0.20046132802963257,0.30613672733306885,0.1162000223994255,0.34473058581352234,0.19993679225444794,0.8580167889595032,0.1870730072259903,0.17585867643356323,0.17803269624710083,0.06942704319953918,0.8262971043586731,0.23969632387161255,0.2740800976753235,0.2241486757993698,0.04513496905565262,0.05194694921374321,0.16000628471374512,0.30036917328834534,0.041316960006952286,0.2085544764995575,0.10022646188735962,0.056107696145772934,0.2514876425266266,0.17820662260055542,0.08485066145658493,0.37929555773735046,0.2340785264968872,0.2415482997894287,0.05605224892497063,0.15562674403190613,0.1558322012424469,0.07633498311042786,0.5881354808807373,0.16087503731250763,0.07082980871200562,0.041902512311935425,0.16759885847568512,0.17573265731334686,0.17907854914665222,0.09404435008764267,0.31156057119369507,0.19913464784622192,0.285892128944397,0.13308186829090118,0.36126449704170227,0.2255600094795227,0.1431794911623001,0.10450801253318787
AL581,1.633333333,0.166666667,0.7,0.233333333,0.8,0.2,0.333333333,0.233333333,0.2,0.1,0.033333333,0.0,0.0,0.466666667,0.0,0.233333333,0.4,0.066666667,0.066666667,0.633333333,2.0,0.0,0.933333333,0.0,0.0,0.4,0.0,0.066666667,0.133333333,0.266666667,0.2,0.066666667,0.033333333,0.266666667,0.1,0.7,0.033333333,0.0,0.0,0.033333333,0.233333333,0.033333333,0.0,0.166666667,0.0,0.2,0.0,0.133333333,0.233333333,0.0,0.266666667,0.40533050894737244,0.23787462711334229,0.470009446144104,0.3433222770690918,0.30308955907821655,0.1725124716758728,0.4810519814491272,0.2279014140367508,0.4958941638469696,0.18804709613323212,0.14299120008945465,0.16056445240974426,0.06191215291619301,0.8789156675338745,0.2657657265663147,0.2843519151210785,0.2355795055627823,0.1653822958469391,0.10714751482009888,0.5875807404518127,0.8057118058204651,0.19492189586162567,0.4891778230667114,0.12482556700706482,0.06301115453243256,0.22380167245864868,0.23834431171417236,0.11322273313999176,0.19546638429164886,0.30202770233154297,0.24624444544315338,0.09628326445817947,0.08986479789018631,0.16724255681037903,0.08602426201105118,0.5733122229576111,0.15772880613803864,0.0830480232834816,0.07921535521745682,0.30421361327171326,0.18065813183784485,0.17767871916294098,0.10867583751678467,0.3867279887199402,0.39581045508384705,0.2909407615661621,0.14093676209449768,0.32816874980926514,0.23026421666145325,0.15275590121746063,0.11682049930095673
AL613,0.9,0.166666667,1.1,0.266666667,0.6,0.266666667,0.366666667,0.1,0.133333333,0.0,0.0,0.0,0.0,0.4,0.166666667,0.033333333,0.266666667,0.033333333,0.133333333,0.2,0.933333333,0.0,0.666666667,0.0,0.0,0.833333333,0.133333333,0.0,0.6,0.733333333,0.5,0.033333333,0.0,0.133333333,0.133333333,1.6,0.033333333,0.1,0.0,0.033333333,0.366666667,0.066666667,0.366666667,0.133333333,0.066666667,0.266666667,0.4,0.166666667,0.1,0.0,0.266666667,0.3821069598197937,0.22495494782924652,0.4234054684638977,0.22698403894901276,0.33103328943252563,0.14809294044971466,0.3024299144744873,0.21921765804290771,0.7074148058891296,0.1870730072259903,0.22171220183372498,0.16556774079799652,0.06902284175157547,1.0749143362045288,0.2901366353034973,0.2764548659324646,0.23067469894886017,0.08157145977020264,0.06607668846845627,0.26995202898979187,0.4356479346752167,0.1007332131266594,0.27138832211494446,0.1068079024553299,0.04874589666724205,0.18354147672653198,0.11658304184675217,0.07841943949460983,0.11830984801054001,0.3126285672187805,0.2775254249572754,0.06443452835083008,0.09143921732902527,0.21108882129192352,0.06922042369842529,0.6957738399505615,0.1669819951057434,0.06943288445472717,0.03311802074313164,0.16692696511745453,0.18404744565486908,0.17856402695178986,0.08579718321561813,0.30781325697898865,0.2002556174993515,0.28920096158981323,0.14631204307079315,0.2736680209636688,0.22630779445171356,0.15484966337680817,0.13454297184944153
AL679,0.233333333,0.066666667,0.433333333,0.1,0.366666667,0.333333333,0.366666667,0.066666667,0.333333333,0.933333333,0.0,0.1,0.0,0.666666667,0.0,0.2,0.033333333,0.0,0.133333333,0.0,0.133333333,0.0,0.033333333,0.0,0.0,0.166666667,0.0,0.0,0.0,0.4,0.133333333,0.1,0.333333333,0.033333333,0.1,0.766666667,1.166666667,1.166666667,0.2,0.6,0.2,0.0,0.566666667,0.233333333,0.1,0.666666667,0.4,0.133333333,0.1,0.233333333,0.1,0.402383416891098,0.22495494782924652,0.4273572564125061,0.26576054096221924,0.34738755226135254,0.16659599542617798,0.4137246310710907,0.23564378917217255,0.8739107847213745,0.1870730072259903,0.22137033939361572,0.13898038864135742,0.05578434467315674,1.2937147617340088,0.25751176476478577,0.27608174085617065,0.2343444526195526,0.09968886524438858,0.057743851095438004,0.2950997054576874,0.38938912749290466,0.1177082359790802,0.2238626629114151,0.12166672199964523,0.03759480267763138,0.175139918923378,0.10875257849693298,0.05069804936647415,0.11094504594802856,0.24303540587425232,0.2209751456975937,0.08330894261598587,0.1207159012556076,0.20015060901641846,0.08136109262704849,0.4772506058216095,0.17068332433700562,0.06995119899511337,0.030017700046300888,0.19691331684589386,0.17269350588321686,0.16052226722240448,0.08342168480157852,0.31328681111335754,0.2268752008676529,0.29363757371902466,0.13647660613059998,0.28105732798576355,0.22625531256198883,0.1523185670375824,0.13310696184635162
AL694,0.266666667,0.133333333,0.533333333,0.266666667,0.3,0.433333333,1.066666667,0.066666667,1.566666667,0.8,0.933333333,0.533333333,0.166666667,1.6,0.133333333,0.5,0.233333333,0.133333333,0.0,0.033333333,0.033333333,0.0,0.233333333,0.066666667,0.0,0.4,0.0,0.0,0.233333333,0.1,0.366666667,0.0,0.0,0.266666667,0.0,0.5,0.333333333,0.0,0.0,0.0,0.066666667,0.133333333,0.0,0.0,0.0,0.233333333,0.133333333,0.266666667,0.266666667,0.133333333,0.0,0.38984644412994385,0.22495494782924652,0.43099403381347656,0.19031214714050293,0.2737518548965454,0.12698902189731598,0.32691773772239685,0.18767663836479187,0.7808436751365662,0.1870730072259903,0.17518486082553864,0.12356069684028625,0.054487165063619614,1.1485373973846436,0.2620786428451538,0.26867052912712097,0.2252621054649353,0.034082986414432526,0.039313845336437225,0.17050880193710327,0.3153608441352844,0.04438118636608124,0.2981661558151245,0.09713664650917053,0.04207766801118851,0.1733369678258896,0.10783949494361877,0.04042056202888489,0.06223157420754433,0.28409504890441895,0.21008197963237762,0.023095542564988136,0.020617492496967316,0.14745283126831055,0.06888435781002045,0.5429193377494812,0.15088261663913727,0.06943288445472717,0.03035624884068966,0.15184570848941803,0.17313909530639648,0.16245019435882568,0.08021487295627594,0.30752286314964294,0.13164415955543518,0.285892128944397,0.12814323604106903,0.284682959318161,0.2265687882900238,0.1464819610118866,0.09936828911304474
AL822,1.566666667,0.033333333,0.8,0.0,0.433333333,0.433333333,1.133333333,0.166666667,0.633333333,0.933333333,0.0,0.0,0.0,0.866666667,0.066666667,0.2,0.0,0.033333333,0.0,0.366666667,0.333333333,0.0,0.066666667,0.0,0.066666667,0.0,0.0,0.0,0.0,0.233333333,0.066666667,0.0,0.1,0.166666667,0.0,0.633333333,0.3,0.033333333,0.0,0.0,0.0,0.066666667,0.0,0.066666667,0.166666667,0.166666667,0.366666667,0.0,0.1,0.366666667,0.133333333,0.4517786502838135,0.22495494782924652,0.5070735216140747,0.1897861659526825,0.4097042381763458,0.187827005982399,0.4369325339794159,0.2600027620792389,0.8606137037277222,0.18745636940002441,0.20618465542793274,0.11536809802055359,0.060470372438430786,1.133965015411377,0.2744359076023102,0.2787564992904663,0.22862125933170319,0.11378325521945953,0.06374035775661469,0.3440167009830475,0.4210887849330902,0.1373644471168518,0.28208673000335693,0.09996135532855988,0.04094213619828224,0.1871035099029541,0.10738898813724518,0.026566343382000923,0.08358334749937057,0.2805555760860443,0.21980878710746765,0.05891536548733711,0.08740288019180298,0.18456554412841797,0.060589443892240524,0.6039078831672668,0.15579013526439667,0.06943288445472717,0.030128203332424164,0.1700085550546646,0.17493604123592377,0.1568307727575302,0.08255194872617722,0.30781325697898865,0.1859552413225174,0.2865877151489258,0.14017988741397858,0.27216053009033203,0.22833281755447388,0.16095778346061707,0.128749281167984
AL933,0.4,0.0,0.566666667,0.133333333,0.233333333,0.133333333,0.933333333,0.1,1.1,1.233333333,0.066666667,0.3,0.0,1.0,0.266666667,0.233333333,0.0,0.0,0.0,0.066666667,0.166666667,0.0,0.2,0.133333333,0.0,0.333333333,0.066666667,0.0,0.2,0.566666667,0.433333333,0.0,0.0,0.333333333,0.166666667,0.733333333,0.533333333,0.0,0.2,0.133333333,0.066666667,0.2,0.133333333,0.266666667,0.133333333,0.3,0.233333333,0.266666667,0.3,0.266666667,0.066666667,0.4069061577320099,0.23787462711334229,0.43925338983535767,0.31021952629089355,0.3245071470737457,0.17054107785224915,0.4004978537559509,0.24877901375293732,0.8054643869400024,0.1870730072259903,0.18715131282806396,0.1919843852519989,0.06001543253660202,1.1702691316604614,0.2403777837753296,0.2817020118236542,0.22786037623882294,0.05816039443016052,0.052056934684515,0.15858697891235352,0.29323166608810425,0.03062240593135357,0.1916389912366867,0.1038200706243515,0.04216988757252693,0.19609488546848297,0.11820987612009048,0.04525880888104439,0.12798283994197845,0.31469035148620605,0.22703273594379425,0.03563618287444115,0.03194908797740936,0.14603854715824127,0.05479546636343002,0.5394250750541687,0.15330612659454346,0.06943288445472717,0.03516177088022232,0.16805478930473328,0.1680733561515808,0.15422342717647552,0.08826757967472076,0.30888381600379944,0.2681070864200592,0.2892681360244751,0.13450206816196442,0.30012932419776917,0.22761136293411255,0.15062806010246277,0.11289183795452118
AL944,0.833333333,0.166666667,0.7,0.9,0.466666667,0.5,0.433333333,0.033333333,0.266666667,1.066666667,0.133333333,0.0,0.0,0.533333333,0.033333333,0.1,0.2,0.0,0.033333333,0.133333333,0.233333333,0.0,0.166666667,0.066666667,0.0,0.1,0.0,0.0,0.0,0.3,0.266666667,0.0,0.0,0.233333333,0.133333333,0.666666667,0.633333333,0.333333333,0.2,0.333333333,0.233333333,0.0,0.1,0.333333333,0.2,0.133333333,0.0,0.066666667,0.1,0.066666667,0.133333333,0.3887886106967926,0.22495494782924652,0.4345755875110626,0.29818543791770935,0.30428260564804077,0.17181997001171112,0.3890549838542938,0.20392772555351257,0.685375452041626,0.1870730072259903,0.14242921769618988,0.08801101893186569,0.051725950092077255,0.9737526774406433,0.1916877180337906,0.2736579477787018,0.22664573788642883,0.04334724694490433,0.05744265392422676,0.22724705934524536,0.27305442094802856,0.06986696273088455,0.23553092777729034,0.0980411022901535,0.03682545945048332,0.1727374643087387,0.1055288091301918,0.02645985037088394,0.11338412761688232,0.22940964996814728,0.20000062882900238,0.07964107394218445,0.07335694879293442,0.20412006974220276,0.06164870783686638,0.7009466290473938,0.1588793396949768,0.06995119899511337,0.03862215578556061,0.1653565913438797,0.1805565357208252,0.1897294819355011,0.08714026212692261,0.30781325697898865,0.2558664083480835,0.287564754486084,0.13272207975387573,0.24596479535102844,0.22886203229427338,0.15907514095306396,0.11493930965662003
AM431,0.233333333,0.166666667,0.466666667,0.233333333,0.4,0.066666667,0.2,0.0,0.933333333,0.3,0.466666667,0.333333333,0.0,1.2,0.0,0.233333333,0.1,0.033333333,0.0,0.4,0.433333333,0.3,0.233333333,0.033333333,0.066666667,0.066666667,0.1,0.1,0.5,0.466666667,0.1,0.233333333,1.533333333,0.266666667,0.066666667,0.566666667,0.0,0.0,0.0,0.0,0.066666667,0.0,0.0,0.133333333,0.166666667,0.2,0.0,0.066666667,0.1,0.0,0.3,0.378093957901001,0.22495494782924652,0.4405442774295807,0.22829580307006836,0.3686763346195221,0.15230415761470795,0.4217708706855774,0.25129416584968567,0.9644604921340942,0.1870730072259903,0.23955217003822327,0.3576144278049469,0.06814593076705933,1.2877289056777954,0.34943029284477234,0.27709248661994934,0.23314285278320312,0.05821996182203293,0.061637695878744125,0.2547677457332611,0.3704987168312073,0.060792747884988785,0.27017438411712646,0.09941156953573227,0.051077112555503845,0.20108483731746674,0.10798671841621399,0.0502055324614048,0.15946052968502045,0.23684997856616974,0.254481703042984,0.0618293322622776,0.08144093304872513,0.17007656395435333,0.06182108819484711,0.5199087262153625,0.15553978085517883,0.06943288445472717,0.037639036774635315,0.17009170353412628,0.1846821904182434,0.17882686853408813,0.0879102498292923,0.3093125820159912,0.1706227958202362,0.28824952244758606,0.12550422549247742,0.2832690477371216,0.22974377870559692,0.14990350604057312,0.11279965192079544
AM911,0.666666667,0.0,0.466666667,0.033333333,0.633333333,0.1,0.433333333,0.266666667,0.2,0.066666667,0.0,0.0,0.0,0.633333333,0.133333333,0.133333333,0.0,0.0,0.066666667,1.333333333,1.5,0.533333333,0.6,0.066666667,0.0,0.0,0.0,0.2,0.2,0.366666667,0.133333333,0.266666667,0.433333333,0.733333333,0.1,0.6,0.033333333,0.0,0.033333333,0.0,0.066666667,0.0,0.166666667,0.033333333,0.066666667,0.066666667,0.2,0.066666667,0.066666667,0.0,0.066666667,0.40361228585243225,0.22495494782924652,0.4864780306816101,0.372140109539032,0.5105853080749512,0.19008204340934753,0.6202227473258972,0.3780757188796997,0.7759144306182861,0.1870730072259903,0.22302347421646118,0.3771107494831085,0.0736483708024025,1.2566848993301392,0.31036874651908875,0.27947694063186646,0.22460082173347473,0.058026254177093506,0.06804036349058151,0.21493680775165558,0.32216718792915344,0.08644469827413559,0.19072161614894867,0.11324046552181244,0.04556714743375778,0.1953674852848053,0.11857330054044724,0.04161149263381958,0.18782848119735718,0.30187147855758667,0.27327919006347656,0.08566047996282578,0.14895504713058472,0.2147802859544754,0.05794135481119156,0.5163949728012085,0.15127569437026978,0.07374849170446396,0.039698220789432526,0.259358286857605,0.18746976554393768,0.1752907633781433,0.10028527677059174,0.31047675013542175,0.21703632175922394,0.2872377932071686,0.14243629574775696,0.3152249753475189,0.23253107070922852,0.16908209025859833,0.12369605153799057
AM969,0.366666667,0.0,0.533333333,0.133333333,0.133333333,0.2,0.333333333,0.4,0.3,0.066666667,0.0,0.0,0.0,0.733333333,0.4,0.3,0.5,0.2,0.166666667,0.7,0.233333333,1.066666667,0.166666667,0.366666667,0.0,0.0,0.266666667,0.033333333,1.1,0.266666667,0.3,0.233333333,1.566666667,0.2,0.3,0.466666667,0.033333333,0.0,0.033333333,0.1,0.1,0.0,0.0,0.0,0.3,0.233333333,0.166666667,0.166666667,0.0,0.0,0.033333333,0.3990875780582428,0.22495494782924652,0.49736636877059937,0.24966172873973846,0.44507765769958496,0.18475525081157684,0.5950872302055359,0.40186694264411926,0.9246259331703186,0.1870730072259903,0.27895110845565796,0.2804117202758789,0.06743808835744858,1.311212420463562,0.30397146940231323,0.28340908885002136,0.23321564495563507,0.07408781349658966,0.05871216207742691,0.15606603026390076,0.25312328338623047,0.0915708914399147,0.15838271379470825,0.10086291283369064,0.050103262066841125,0.19569072127342224,0.13279908895492554,0.046588167548179626,0.19135963916778564,0.3293614983558655,0.28234726190567017,0.0559520460665226,0.14253878593444824,0.136701300740242,0.058444347232580185,0.4771532416343689,0.15203559398651123,0.06943288445472717,0.04022359848022461,0.2456888109445572,0.1753636747598648,0.17698298394680023,0.09710294753313065,0.31047675013542175,0.17935828864574432,0.2909463346004486,0.13315697014331818,0.29604190587997437,0.2289772629737854,0.17128916084766388,0.11665547639131546
AO060,0.5,0.0,0.833333333,0.1,1.166666667,0.433333333,0.2,0.366666667,0.266666667,0.033333333,0.0,0.0,0.0,0.6,0.266666667,0.2,0.4,0.3,0.066666667,0.433333333,0.8,0.0,0.733333333,0.0,0.0,0.066666667,0.0,0.0,0.0,0.266666667,0.133333333,0.066666667,0.0,0.933333333,0.0,1.366666667,0.233333333,0.0,0.033333333,0.366666667,0.333333333,0.266666667,0.0,0.3,0.2,0.166666667,0.233333333,0.2,0.733333333,0.733333333,0.0,0.39886757731437683,0.22495494782924652,0.5176910758018494,0.30528149008750916,0.577461838722229,0.21862483024597168,0.6377454400062561,0.31308573484420776,0.6863960027694702,0.18745636940002441,0.1860266476869583,0.14439241588115692,0.07004549354314804,1.107503056526184,0.3023865818977356,0.2846762537956238,0.24612098932266235,0.21735890209674835,0.17143039405345917,0.36198925971984863,0.5636692047119141,0.11134716123342514,0.31488490104675293,0.11015286296606064,0.052927955985069275,0.1917298585176468,0.13316355645656586,0.07726889848709106,0.18769995868206024,0.3073842227458954,0.20113630592823029,0.14585155248641968,0.23716723918914795,0.2524767816066742,0.07007775455713272,0.570121169090271,0.1662517786026001,0.06943288445472717,0.032073911279439926,0.18933384120464325,0.1975237876176834,0.19709064066410065,0.08667051047086716,0.32088446617126465,0.27273696660995483,0.2909463346004486,0.17049887776374817,0.3640287220478058,0.23067030310630798,0.17953678965568542,0.1273442804813385
AO074,0.633333333,0.0,0.8,0.566666667,0.5,0.233333333,0.433333333,0.566666667,0.533333333,0.066666667,0.1,0.233333333,0.0,1.0,0.266666667,0.2,0.133333333,0.033333333,0.066666667,1.2,1.933333333,0.133333333,1.066666667,0.0,0.066666667,0.066666667,0.133333333,0.066666667,0.166666667,0.2,0.0,0.0,0.0,0.433333333,0.0,0.966666667,0.166666667,0.0,0.0,0.133333333,0.1,0.066666667,0.0,0.366666667,0.1,0.033333333,0.2,0.0,0.1,0.166666667,0.0,0.383574903011322,0.22495494782924652,0.43885278701782227,0.281192421913147,0.3935629427433014,0.1552632600069046,0.3305380940437317,0.336238294839859,0.6566764116287231,0.1870730072259903,0.13662637770175934,0.22683045268058777,0.08440294861793518,1.3430818319320679,0.4026232361793518,0.2941614091396332,0.22632044553756714,0.12841203808784485,0.055221766233444214,0.3685113191604614,0.2844519317150116,0.03606022521853447,0.19171220064163208,0.10395124554634094,0.037226010113954544,0.16732089221477509,0.10282118618488312,0.06019474193453789,0.0413915291428566,0.17858633399009705,0.14723460376262665,0.01991843432188034,0.026812801137566566,0.2323557734489441,0.05478862300515175,0.5692809224128723,0.14931370317935944,0.06943288445472717,0.03007766604423523,0.16324029862880707,0.18896719813346863,0.1847812384366989,0.07795246690511703,0.3075030744075775,0.21790950000286102,0.28592681884765625,0.12509024143218994,0.3521631956100464,0.22488370537757874,0.148967906832695,0.1004464402794838
AO083,0.4,0.0,0.6,2.3,0.166666667,0.3,0.333333333,0.1,0.9,0.0,0.133333333,0.4,0.133333333,1.266666667,0.466666667,0.366666667,0.2,0.0,0.0,0.633333333,0.233333333,0.566666667,0.0,0.0,0.033333333,0.433333333,0.033333333,0.0,0.0,0.2,0.1,0.166666667,1.5,0.066666667,0.1,0.233333333,0.133333333,0.0,0.0,0.033333333,0.1,0.0,0.0,0.266666667,0.633333333,0.233333333,0.266666667,0.0,0.0,0.3,0.0,0.40280404686927795,0.22495494782924652,0.4343521296977997,0.41881489753723145,0.3537355661392212,0.19591553509235382,0.40193307399749756,0.26262643933296204,0.9851500988006592,0.19154709577560425,0.29020747542381287,0.40637311339378357,0.07441350817680359,1.2569725513458252,0.2526598274707794,0.2969711720943451,0.23003853857517242,0.05997719615697861,0.06589794158935547,0.16819405555725098,0.3317827582359314,0.07545846700668335,0.16575637459754944,0.10872667282819748,0.0524497851729393,0.1888304054737091,0.12669532001018524,0.07377183437347412,0.12788774073123932,0.28942808508872986,0.2736499011516571,0.08300765603780746,0.14742711186408997,0.15460747480392456,0.07107513397932053,0.4744208753108978,0.14980751276016235,0.06995119899511337,0.03935679793357849,0.1960494965314865,0.1692778319120407,0.1621381938457489,0.08332505077123642,0.30888381600379944,0.2748596668243408,0.29519179463386536,0.1466624140739441,0.3072993755340576,0.2312600165605545,0.16827568411827087,0.10348189622163773
AO208,0.333333333,0.0,0.233333333,0.066666667,0.266666667,0.0,0.233333333,0.066666667,0.7,0.1,0.1,0.1,0.066666667,0.6,0.433333333,0.266666667,0.1,0.033333333,0.0,0.766666667,0.333333333,0.633333333,0.233333333,0.133333333,0.0,0.0,0.966666667,0.1,0.866666667,1.0,0.466666667,0.6,1.4,0.5,0.333333333,1.433333333,0.233333333,0.233333333,0.533333333,1.066666667,0.033333333,0.1,0.2,0.0,0.166666667,0.4,0.133333333,0.0,0.133333333,0.0,0.0,0.37934067845344543,0.22495494782924652,0.42075029015541077,0.43731582164764404,0.31134137511253357,0.14733366668224335,0.3244664967060089,0.2348310649394989,0.9351744651794434,0.18788878619670868,0.2647428512573242,0.24769099056720734,0.0740281417965889,1.0929181575775146,0.2334052324295044,0.2915242910385132,0.22926251590251923,0.04956789314746857,0.04923376441001892,0.12163317948579788,0.12016772478818893,0.06104421243071556,0.15662722289562225,0.10165990144014359,0.051231782883405685,0.1672227382659912,0.1392926126718521,0.06775471568107605,0.17989210784435272,0.3260164260864258,0.2774375379085541,0.12569484114646912,0.3382333219051361,0.16698302328586578,0.07461424171924591,0.4661065936088562,0.15290270745754242,0.07082980871200562,0.04041808843612671,0.24588166177272797,0.1680975705385208,0.1656004786491394,0.0947849228978157,0.30752286314964294,0.24400854110717773,0.2909407615661621,0.1429498791694641,0.30250394344329834,0.2265361249446869,0.1353166103363037,0.1037108525633812
AO276,0.466666667,0.0,0.233333333,0.066666667,0.133333333,0.066666667,0.366666667,0.1,0.066666667,0.0,0.1,0.0,0.0,1.0,0.4,0.466666667,0.366666667,0.233333333,0.1,0.966666667,0.433333333,1.3,0.3,1.033333333,0.0,0.3,0.066666667,0.4,0.6,0.366666667,0.466666667,0.766666667,0.9,0.166666667,0.5,0.233333333,0.0,0.4,0.133333333,1.0,0.0,0.233333333,0.266666667,0.133333333,0.133333333,0.333333333,0.0,0.0,0.0,0.2,0.0,0.3724425137042999,0.22495494782924652,0.4187644422054291,0.2239961326122284,0.3044354021549225,0.14270907640457153,0.21151219308376312,0.21479874849319458,0.17812305688858032,0.1870730072259903,0.06675920635461807,0.13282552361488342,0.061964184045791626,1.0000897645950317,0.2764728367328644,0.30233049392700195,0.2275058925151825,0.22171367704868317,0.16475573182106018,0.3470793664455414,0.2983487844467163,0.21019954979419708,0.16476987302303314,0.1575106680393219,0.028859715908765793,0.14779876172542572,0.10061655938625336,0.056874509900808334,0.0714951753616333,0.18917785584926605,0.1402595192193985,0.2892687916755676,0.1352410763502121,0.16541902720928192,0.07337818294763565,0.4514424800872803,0.1504048854112625,0.06943288445472717,0.030163932591676712,0.17422200739383698,0.18899710476398468,0.2131088227033615,0.08259471505880356,0.3107421100139618,0.23948679864406586,0.285892128944397,0.13123638927936554,0.3433399796485901,0.23648647964000702,0.16553159058094025,0.10975084453821182
AO456,0.533333333,0.0,0.3,0.2,0.166666667,0.4,1.366666667,0.266666667,1.733333333,0.166666667,0.4,0.8,0.166666667,1.233333333,0.266666667,0.3,0.0,0.0,0.0,0.0,0.0,0.0,0.066666667,0.133333333,0.0,0.0,0.1,0.0,0.0,0.433333333,0.766666667,0.033333333,0.0,0.0,0.0,0.066666667,0.466666667,0.0,0.0,0.0,0.066666667,0.033333333,0.0,0.366666667,0.0,0.2,0.666666667,1.266666667,0.3,0.133333333,0.0,0.3719358444213867,0.22495494782924652,0.4249037802219391,0.28735998272895813,0.3350345194339752,0.17523930966854095,0.43672242760658264,0.29215019941329956,1.0959012508392334,0.1870730072259903,0.3414241075515747,0.515495240688324,0.0790046975016594,1.4146027565002441,0.32719892263412476,0.2890501022338867,0.22799022495746613,0.04685066267848015,0.04539543762803078,0.21730391681194305,0.26381728053092957,0.025988733395934105,0.18642765283584595,0.10203684121370316,0.05651091784238815,0.18322476744651794,0.12410887330770493,0.07493408024311066,0.13246576488018036,0.2558572590351105,0.27236440777778625,0.046997833997011185,0.058289047330617905,0.09200254827737808,0.06773853302001953,0.4644289016723633,0.15393535792827606,0.06995119899511337,0.035901401191949844,0.17293311655521393,0.1742914319038391,0.17650143802165985,0.0828542560338974,0.3125115931034088,0.24380621314048767,0.28657689690589905,0.13436654210090637,0.31581324338912964,0.22424480319023132,0.15149621665477753,0.10765396803617477
AO482,0.733333333,0.0,0.666666667,0.233333333,1.3,0.166666667,0.833333333,0.8,0.0,0.0,0.0,0.0,0.0,0.8,0.466666667,0.3,0.233333333,0.1,0.0,0.766666667,0.933333333,0.066666667,1.1,0.066666667,0.0,0.233333333,0.0,0.0,0.0,0.033333333,0.166666667,0.133333333,0.0,0.933333333,0.0,1.4,0.066666667,0.0,0.0,0.0,0.333333333,0.166666667,0.0,0.1,0.066666667,0.0,0.0,0.1,0.166666667,0.2,0.1,0.38983476161956787,0.22495494782924652,0.44579923152923584,0.40405142307281494,0.7122311592102051,0.17823973298072815,0.2965961694717407,0.34959161281585693,0.2903832495212555,0.1870730072259903,0.0799264907836914,0.16327336430549622,0.06728967279195786,1.0499430894851685,0.37552526593208313,0.29398348927497864,0.23669280111789703,0.3314055800437927,0.08743803948163986,0.43146052956581116,0.5716855525970459,0.08210599422454834,0.3345853090286255,0.10737177729606628,0.032529398798942566,0.19374005496501923,0.10210660845041275,0.023495957255363464,0.02255823276937008,0.16764184832572937,0.09284628927707672,0.0373646505177021,0.007125724572688341,0.3343721032142639,0.05346373841166496,0.7472098469734192,0.16886723041534424,0.06943288445472717,0.029950778931379318,0.14763782918453217,0.19970548152923584,0.27286604046821594,0.08493860810995102,0.3252663314342499,0.22404733300209045,0.285892128944397,0.13283514976501465,0.31120753288269043,0.2349652349948883,0.165340855717659,0.10132645070552826
AO500,0.1,0.0,0.5,0.3,0.1,0.133333333,0.233333333,0.6,0.1,0.0,0.0,0.0,0.0,1.366666667,0.6,0.833333333,0.3,0.5,0.9,0.6,0.566666667,0.333333333,0.4,0.233333333,0.0,0.266666667,0.066666667,0.2,0.2,0.4,0.1,0.433333333,1.833333333,0.233333333,0.0,0.333333333,0.266666667,0.0,0.033333333,0.066666667,0.233333333,0.0,0.066666667,0.166666667,0.166666667,0.2,0.033333333,0.166666667,0.1,0.0,0.0,0.40609416365623474,0.22495494782924652,0.42453843355178833,0.21731434762477875,0.4656820595264435,0.14178167283535004,0.31474342942237854,0.31490638852119446,0.6750490665435791,0.1870730072259903,0.1667385697364807,0.24658292531967163,0.06469343602657318,1.3653866052627563,0.43009576201438904,0.3123044967651367,0.23155805468559265,0.25079917907714844,0.10191965103149414,0.36042702198028564,0.28864455223083496,0.10257856547832489,0.25430622696876526,0.11171373724937439,0.03599821403622627,0.20096497237682343,0.12804603576660156,0.07772178947925568,0.09254275262355804,0.19599555432796478,0.15372797846794128,0.05296064913272858,0.04194455221295357,0.15154947340488434,0.09247592836618423,0.5225538611412048,0.1517828106880188,0.06943288445472717,0.030793841928243637,0.15843600034713745,0.17703993618488312,0.18242235481739044,0.0830909013748169,0.3062552213668823,0.19475850462913513,0.2871653139591217,0.12562620639801025,0.3317798972129822,0.23417635262012482,0.15029489994049072,0.11245041340589523
AO742,0.3,0.0,0.533333333,1.333333333,0.4,0.3,0.133333333,0.3,0.066666667,0.1,0.166666667,0.0,0.0,1.866666667,0.8,0.533333333,0.933333333,0.666666667,0.166666667,0.333333333,0.433333333,0.433333333,0.1,0.066666667,0.033333333,0.066666667,0.0,0.1,0.133333333,0.433333333,0.1,0.3,1.466666667,0.033333333,0.0,0.133333333,0.333333333,0.0,0.166666667,0.1,0.166666667,0.133333333,0.266666667,0.333333333,0.5,0.333333333,0.033333333,0.033333333,0.233333333,0.166666667,0.066666667,0.3841018080711365,0.22648131847381592,0.4341145157814026,0.36474329233169556,0.37120190262794495,0.19184944033622742,0.3730231821537018,0.3191649615764618,0.648335874080658,0.1883804202079773,0.16166523098945618,0.16290752589702606,0.06132066622376442,1.0876457691192627,0.3212646245956421,0.28890737891197205,0.2415635585784912,0.32952257990837097,0.335312157869339,0.16942563652992249,0.3127153217792511,0.05052405595779419,0.187433123588562,0.1054069772362709,0.04651390388607979,0.17144912481307983,0.1048567146062851,0.05036274716258049,0.045206669718027115,0.20478399097919464,0.14266882836818695,0.017697568982839584,0.07415895909070969,0.13885512948036194,0.0756370797753334,0.40277236700057983,0.15077504515647888,0.06995119899511337,0.0316879078745842,0.15814311802387238,0.1878274381160736,0.19035278260707855,0.08622224628925323,0.31183770298957825,0.3209056556224823,0.28885191679000854,0.15252535045146942,0.29490914940834045,0.228847935795784,0.18466348946094513,0.1262723207473755
AO865,0.8,0.0,1.066666667,0.5,0.766666667,0.466666667,2.0,0.633333333,0.6,0.166666667,0.2,0.4,0.166666667,1.5,0.366666667,0.4,0.6,0.0,0.133333333,0.066666667,0.3,0.0,0.0,0.066666667,0.0,0.066666667,0.066666667,0.0,0.0,0.233333333,0.566666667,0.0,0.066666667,0.533333333,0.0,0.4,0.033333333,0.0,0.0,0.1,0.1,0.466666667,0.033333333,0.433333333,0.2,0.066666667,0.266666667,0.3,0.333333333,0.333333333,0.066666667,0.377670556306839,0.22495494782924652,0.4476868808269501,0.3606206178665161,0.3676246404647827,0.21443720161914825,0.39458706974983215,0.28541260957717896,0.7910128831863403,0.1870730072259903,0.21847833693027496,0.2418910562992096,0.0779552161693573,1.32599675655365,0.37356290221214294,0.2934420108795166,0.22908174991607666,0.0939432755112648,0.048343587666749954,0.26079413294792175,0.3064437210559845,0.020184282213449478,0.20706413686275482,0.10825880616903305,0.03447502851486206,0.17945468425750732,0.1009608581662178,0.08562929183244705,0.035446897149086,0.1897467076778412,0.1297842264175415,0.03669485077261925,0.04144931957125664,0.17067047953605652,0.05344994738698006,0.3799644112586975,0.15043741464614868,0.06943288445472717,0.030275054275989532,0.14506877958774567,0.1756288707256317,0.18218638002872467,0.08100354671478271,0.30866724252700806,0.26353365182876587,0.2875787317752838,0.12373828887939453,0.32103973627090454,0.22639122605323792,0.15852046012878418,0.10111551731824875
AO870,0.4,0.0,0.466666667,0.366666667,0.066666667,0.0,0.166666667,0.233333333,0.666666667,0.066666667,0.066666667,0.5,0.1,1.033333333,0.4,0.3,0.0,0.066666667,0.066666667,0.4,0.233333333,0.366666667,0.1,0.833333333,0.066666667,0.133333333,0.1,0.366666667,0.433333333,0.6,0.666666667,1.0,1.266666667,0.066666667,0.133333333,0.066666667,0.0,0.3,0.1,0.733333333,0.2,0.2,0.066666667,0.1,0.333333333,0.0,0.0,0.0,0.066666667,0.033333333,0.033333333,0.3722670078277588,0.22495494782924652,0.4258362948894501,0.2612861692905426,0.33024030923843384,0.144471675157547,0.4080592691898346,0.2907027006149292,1.0790247917175293,0.1870730072259903,0.30681324005126953,0.5107172727584839,0.07828342914581299,1.5047111511230469,0.34707993268966675,0.2917135953903198,0.22822940349578857,0.08281046897172928,0.052466023713350296,0.3159065544605255,0.3246971666812897,0.15223540365695953,0.22422441840171814,0.10917534679174423,0.046763017773628235,0.19119779765605927,0.11906321346759796,0.09089754521846771,0.08635860681533813,0.2512803375720978,0.26143404841423035,0.23634052276611328,0.13321763277053833,0.0846560001373291,0.07629549503326416,0.3845042288303375,0.15193621814250946,0.06995119899511337,0.0391867570579052,0.18126676976680756,0.18205124139785767,0.16859707236289978,0.08368540555238724,0.30626022815704346,0.18495330214500427,0.2872377932071686,0.1262052208185196,0.29228803515434265,0.22972139716148376,0.14235489070415497,0.10397215932607651
AP340,0.9,0.766666667,0.533333333,0.133333333,0.533333333,0.1,0.733333333,0.2,2.2,0.233333333,1.5,1.433333333,0.2,2.433333333,0.2,0.366666667,0.166666667,0.1,0.0,0.0,0.133333333,0.0,0.0,0.0,0.0,0.1,0.0,0.0,0.0,0.066666667,0.2,0.0,0.0,0.0,0.0,0.233333333,0.166666667,0.0,0.033333333,0.033333333,0.166666667,0.1,0.0,0.1,0.166666667,0.0,0.433333333,0.133333333,0.3,0.3,0.0,0.4077617824077606,0.22495494782924652,0.43698012828826904,0.24510863423347473,0.31017932295799255,0.14725461602210999,0.4686236083507538,0.2179577797651291,0.6473624110221863,0.1870730072259903,0.29573631286621094,0.1758018434047699,0.07980751246213913,0.7449254393577576,0.1159263402223587,0.24349428713321686,0.2204628884792328,0.02429901622235775,0.03909551724791527,0.060167934745550156,0.07056424021720886,-0.00016203131235670298,0.06903108209371567,0.09459179639816284,0.031176606193184853,0.1413043737411499,0.09885410219430923,0.025143137201666832,0.028356000781059265,0.17725339531898499,0.14652951061725616,0.016948137432336807,0.024489250034093857,0.13969814777374268,0.05433914065361023,0.33347949385643005,0.14572133123874664,0.06943288445472717,0.03118130937218666,0.1446055769920349,0.17398636043071747,0.197771817445755,0.0801488608121872,0.30752286314964294,0.25411292910575867,0.285892128944397,0.12684205174446106,0.2649785876274109,0.23043054342269897,0.14810509979724884,0.09068936109542847
AP431,0.133333333,0.0,0.266666667,0.433333333,0.066666667,0.066666667,0.3,0.233333333,3.166666667,0.0,0.7,2.366666667,0.233333333,2.566666667,0.566666667,0.266666667,0.1,0.0,0.0,0.233333333,0.4,0.266666667,0.2,0.066666667,0.0,0.033333333,0.0,0.0,0.0,0.333333333,0.266666667,0.233333333,1.033333333,0.066666667,0.0,0.333333333,0.166666667,0.0,0.1,0.1,0.233333333,0.266666667,0.066666667,0.133333333,0.3,0.233333333,0.066666667,0.233333333,0.233333333,0.0,0.166666667,0.37165743112564087,0.22495494782924652,0.419491708278656,0.2255895882844925,0.32968389987945557,0.13991449773311615,0.3784356117248535,0.24215753376483917,0.9971692562103271,0.1870730072259903,0.30122092366218567,0.3233546018600464,0.06917378306388855,1.2157930135726929,0.2872730493545532,0.294813871383667,0.22815367579460144,0.054282963275909424,0.05684225261211395,0.17324680089950562,0.190444216132164,0.06590261310338974,0.2368907928466797,0.10437952727079391,0.04530573636293411,0.15886414051055908,0.13385824859142303,0.061596427112817764,0.10652460157871246,0.2221907079219818,0.24219545722007751,0.08106505125761032,0.08326931297779083,0.12889711558818817,0.0667346641421318,0.582092821598053,0.15716680884361267,0.06943288445472717,0.03369078412652016,0.22278346121311188,0.19349265098571777,0.18860414624214172,0.08842843025922775,0.3075030744075775,0.2081003040075302,0.285892128944397,0.12225741147994995,0.30281540751457214,0.23006907105445862,0.14067316055297852,0.10229849815368652
AP432,0.466666667,0.0,0.966666667,0.133333333,0.7,0.233333333,0.0,0.0,0.0,0.0,0.0,0.0,0.0,0.333333333,0.2,0.0,0.2,0.233333333,0.566666667,0.4,0.433333333,0.666666667,0.166666667,0.266666667,0.0,0.366666667,0.133333333,0.0,0.1,0.233333333,0.2,0.366666667,1.466666667,0.666666667,0.4,1.033333333,0.2,0.0,0.066666667,0.166666667,1.6,0.233333333,0.3,0.333333333,0.233333333,0.066666667,0.066666667,0.233333333,0.533333333,0.533333333,0.133333333,0.38685059547424316,0.22495494782924652,0.43114927411079407,0.23026688396930695,0.42888113856315613,0.14557625353336334,0.2871810793876648,0.2864159047603607,0.33814212679862976,0.1870730072259903,0.06779782474040985,0.11468151211738586,0.052554935216903687,0.8735332489013672,0.27457085251808167,0.27205464243888855,0.22901205718517303,0.1791571080684662,0.09390221536159515,0.31767064332962036,0.521398663520813,0.04387214779853821,0.3185846209526062,0.10912618786096573,0.03551631420850754,0.1764935851097107,0.10006133466959,0.04751931130886078,0.04216504469513893,0.1895672082901001,0.13082900643348694,0.05651456490159035,0.0668167993426323,0.27755650877952576,0.0783667266368866,0.5940753817558289,0.15456093847751617,0.06943288445472717,0.029920075088739395,0.14864639937877655,0.18967847526073456,0.212206169962883,0.08630342036485672,0.3131537139415741,0.22669173777103424,0.28548598289489746,0.13123829662799835,0.357496052980423,0.238237202167511,0.15800203382968903,0.11910837143659592
AP524,0.233333333,0.066666667,0.366666667,0.5,0.233333333,0.133333333,0.466666667,0.9,0.4,0.0,0.066666667,0.133333333,0.1,1.133333333,0.466666667,0.333333333,0.5,0.066666667,0.133333333,0.4,0.366666667,0.5,0.133333333,0.3,0.0,0.233333333,0.133333333,0.166666667,0.0,0.4,0.5,0.466666667,1.6,0.166666667,0.0,0.833333333,0.166666667,0.233333333,0.133333333,0.3,0.733333333,0.1,0.5,0.233333333,0.166666667,0.366666667,0.066666667,0.0,0.633333333,0.0,0.0,0.37759214639663696,0.22495494782924652,0.4346047639846802,0.26859158277511597,0.38720235228538513,0.1643524318933487,0.42861324548721313,0.23475201427936554,0.8271086812019348,0.1870730072259903,0.27341097593307495,0.13396145403385162,0.05304029956459999,1.1469857692718506,0.23158159852027893,0.28823941946029663,0.22883903980255127,0.12878850102424622,0.06671153753995895,0.3456684947013855,0.3875328004360199,0.0599215030670166,0.23819610476493835,0.10294198244810104,0.04073883220553398,0.16994905471801758,0.10411509871482849,0.04338674619793892,0.07498728483915329,0.23472890257835388,0.20886285603046417,0.08939141035079956,0.08443257212638855,0.15936017036437988,0.06537813693284988,0.5739715695381165,0.15062858164310455,0.06995119899511337,0.04143162816762924,0.19476377964019775,0.17201805114746094,0.17324303090572357,0.08896640688180923,0.3063586950302124,0.20239244401454926,0.287564754486084,0.14040586352348328,0.25552403926849365,0.23285691440105438,0.1504480242729187,0.11055373400449753
AP563,1.333333333,0.9,0.7,0.366666667,0.333333333,0.266666667,0.733333333,0.333333333,1.433333333,0.033333333,0.966666667,0.233333333,0.3,1.9,0.5,0.466666667,0.166666667,0.0,0.0,0.166666667,0.466666667,0.066666667,0.0,0.066666667,0.0,0.133333333,0.133333333,0.0,0.0,0.066666667,0.066666667,0.0,0.0,0.066666667,0.0,0.533333333,0.0,0.0,0.0,0.0,0.366666667,0.166666667,0.233333333,0.133333333,0.2,0.0,0.1,0.066666667,0.466666667,0.266666667,0.066666667,0.4118010103702545,0.22591574490070343,0.4410739541053772,0.26993608474731445,0.37330713868141174,0.182036355137825,0.5508236885070801,0.2317068725824356,0.6973247528076172,0.1870730072259903,0.24468155205249786,0.16003204882144928,0.058034032583236694,1.0375375747680664,0.24803221225738525,0.2681494653224945,0.22688138484954834,0.06563109159469604,0.041073523461818695,0.14473938941955566,0.3173224925994873,0.026144275441765785,0.14886890351772308,0.09605846554040909,0.03541519120335579,0.16231487691402435,0.10200052708387375,0.04226607456803322,0.08253505080938339,0.17793729901313782,0.16876699030399323,0.023981943726539612,0.010732309892773628,0.17887255549430847,0.057291075587272644,0.5669525861740112,0.1456003487110138,0.06943288445472717,0.02997923642396927,0.14769554138183594,0.17408452928066254,0.17330312728881836,0.07855620980262756,0.30888381600379944,0.24156656861305237,0.28592681884765625,0.1352887600660324,0.2848801612854004,0.23383980989456177,0.14633826911449432,0.10655751079320908
AP591,0.8,1.533333333,0.533333333,0.233333333,0.6,0.166666667,0.866666667,0.6,1.833333333,0.066666667,0.266666667,0.766666667,0.3,1.7,0.166666667,0.166666667,0.0,0.0,0.0,0.3,0.366666667,0.166666667,0.1,0.066666667,0.066666667,0.266666667,0.166666667,0.033333333,0.0,0.266666667,0.1,0.0,0.166666667,0.1,0.066666667,0.166666667,0.0,0.0,0.066666667,0.0,0.233333333,0.2,0.133333333,0.3,0.1,0.1,0.166666667,0.066666667,0.466666667,0.3,0.066666667,0.39384204149246216,0.22495494782924652,0.44166427850723267,0.24890907108783722,0.3097648620605469,0.15946084260940552,0.2886151075363159,0.20967429876327515,0.7399090528488159,0.1870730072259903,0.15999068319797516,0.16147011518478394,0.06220410764217377,1.0081523656845093,0.2705501616001129,0.264719694852829,0.22688138484954834,0.0435008779168129,0.05207178741693497,0.1396263688802719,0.1172284334897995,0.03703105449676514,0.18645673990249634,0.09718755632638931,0.03543437272310257,0.1415468454360962,0.09936823695898056,0.026022721081972122,0.028829719871282578,0.19122470915317535,0.1658364236354828,0.019527779892086983,0.046599581837654114,0.19198162853717804,0.05826038494706154,0.5540949106216431,0.14816953241825104,0.06943288445472717,0.029962681233882904,0.14982274174690247,0.1816135197877884,0.1901947408914566,0.08657385408878326,0.30874451994895935,0.22718481719493866,0.285892128944397,0.12378767132759094,0.29671284556388855,0.22919027507305145,0.1470169723033905,0.09387922286987305
AP661,0.433333333,0.0,0.4,0.266666667,0.266666667,0.066666667,0.266666667,0.1,0.433333333,0.0,0.066666667,0.033333333,0.0,1.033333333,0.3,0.2,0.8,0.2,0.233333333,0.633333333,0.533333333,0.1,0.133333333,0.266666667,0.0,0.366666667,0.0,0.0,0.066666667,0.233333333,0.466666667,0.3,1.466666667,0.233333333,0.133333333,1.166666667,0.1,0.066666667,0.0,0.166666667,0.3,0.233333333,0.2,0.166666667,0.033333333,0.166666667,0.166666667,0.1,0.066666667,0.266666667,0.1,0.37723469734191895,0.22495494782924652,0.4422690272331238,0.26842600107192993,0.39276477694511414,0.16103920340538025,0.4158211350440979,0.2736693024635315,0.886493980884552,0.1870730072259903,0.2684514820575714,0.19062776863574982,0.05932878330349922,1.2266193628311157,0.2439989298582077,0.295377254486084,0.23079925775527954,0.09357545524835587,0.048141516745090485,0.2601788341999054,0.2662273347377777,0.0547121986746788,0.18957899510860443,0.10158151388168335,0.04077726975083351,0.182191863656044,0.1077459529042244,0.03695054352283478,0.07115760445594788,0.19650904834270477,0.15293636918067932,0.0178886316716671,0.07068699598312378,0.14843136072158813,0.062462106347084045,0.5347265601158142,0.14951196312904358,0.06995119899511337,0.040465183556079865,0.15456491708755493,0.16587647795677185,0.16766895353794098,0.08463142067193985,0.3063586950302124,0.21845084428787231,0.28592681884765625,0.14307904243469238,0.26157015562057495,0.22927837073802948,0.15339453518390656,0.10889855027198792
AP781,0.4,0.1,0.433333333,0.0,0.233333333,0.066666667,0.066666667,0.166666667,0.2,0.066666667,0.0,0.266666667,0.133333333,0.566666667,0.066666667,0.0,0.066666667,0.066666667,0.1,1.566666667,1.666666667,0.466666667,0.366666667,0.466666667,0.0,0.333333333,0.5,0.533333333,0.866666667,0.566666667,0.233333333,0.3,1.833333333,0.2,0.133333333,0.533333333,0.233333333,0.033333333,0.266666667,0.2,0.0,0.033333333,0.133333333,0.033333333,0.0,0.2,0.133333333,0.1,0.066666667,0.1,0.0,0.4013223946094513,0.22495494782924652,0.42458558082580566,0.2612767517566681,0.30391979217529297,0.16512663662433624,0.40669047832489014,0.20378541946411133,0.780601441860199,0.1870730072259903,0.22288531064987183,0.21907202899456024,0.06813082844018936,0.7754846215248108,0.15444284677505493,0.27949392795562744,0.22262023389339447,0.0499810054898262,0.08404798060655594,0.2793484032154083,0.32726356387138367,0.03937214985489845,0.2073679119348526,0.11514382809400558,0.04266783967614174,0.147985577583313,0.13083739578723907,0.07935306429862976,0.04867151752114296,0.21899452805519104,0.20857000350952148,0.07807767391204834,0.1922353357076645,0.18391278386116028,0.08949383348226547,0.48262038826942444,0.15516610443592072,0.07082980871200562,0.03076256811618805,0.2231779545545578,0.17920660972595215,0.17375734448432922,0.08214353024959564,0.31203725934028625,0.2929039001464844,0.29519179463386536,0.14998960494995117,0.3199308514595032,0.22570019960403442,0.1370994746685028,0.09915996342897415
AP841,0.433333333,0.0,0.333333333,0.166666667,0.5,0.166666667,0.466666667,0.433333333,1.333333333,0.0,0.4,0.333333333,0.0,1.433333333,0.7,0.5,0.133333333,0.133333333,0.366666667,0.533333333,0.433333333,0.266666667,0.333333333,0.433333333,0.0,0.4,0.366666667,0.166666667,0.1,0.2,0.533333333,0.233333333,0.866666667,0.066666667,0.033333333,0.8,0.3,0.0,0.2,0.233333333,0.233333333,0.1,0.2,0.166666667,0.166666667,0.233333333,0.066666667,0.3,0.1,0.1,0.0,0.38827747106552124,0.22495494782924652,0.42389538884162903,0.2102489173412323,0.35512691736221313,0.14976611733436584,0.3839510381221771,0.2919190526008606,1.0575183629989624,0.1870730072259903,0.33067721128463745,0.3114088773727417,0.07010427117347717,1.3775750398635864,0.38869547843933105,0.29860973358154297,0.23114930093288422,0.07064869999885559,0.046198245137929916,0.30646052956581116,0.31878662109375,0.0361177995800972,0.26713791489601135,0.10272292047739029,0.048406071960926056,0.1878381371498108,0.1074976772069931,0.03324127942323685,0.08589424192905426,0.260529488325119,0.29996439814567566,0.02977982722222805,0.030258674174547195,0.13872545957565308,0.07827670127153397,0.4856601655483246,0.1511533409357071,0.06995119899511337,0.03235947713255882,0.1614205241203308,0.18513303995132446,0.1652536690235138,0.08341651409864426,0.3063586950302124,0.17436909675598145,0.2892681360244751,0.1263119876384735,0.29345691204071045,0.22831973433494568,0.14269210398197174,0.10873737186193466
AQ466,0.966666667,0.033333333,1.2,1.733333333,0.633333333,0.533333333,0.533333333,0.266666667,0.333333333,0.0,0.0,0.0,0.0,1.133333333,0.266666667,0.0,0.566666667,0.066666667,0.0,0.266666667,0.6,0.0,0.0,0.0,0.0,0.1,0.0,0.0,0.0,0.2,0.166666667,0.0,0.166666667,0.4,0.133333333,0.833333333,0.733333333,0.166666667,0.0,0.0,0.1,0.133333333,0.233333333,0.333333333,0.333333333,0.633333333,0.2,0.433333333,0.466666667,0.133333333,0.066666667,0.4463588297367096,0.22495494782924652,0.42893412709236145,0.21321050822734833,0.4034837484359741,0.15638232231140137,0.36008742451667786,0.2650895416736603,0.6682886481285095,0.18745636940002441,0.13381150364875793,0.16827329993247986,0.06342317163944244,1.080888271331787,0.3369600474834442,0.28723475337028503,0.22993431985378265,0.24567681550979614,0.06576685607433319,0.4584979712963104,0.5315839648246765,0.05853137746453285,0.32162368297576904,0.11149825900793076,0.04667479544878006,0.1745515614748001,0.10442207008600235,0.04803899675607681,0.0693172961473465,0.207996666431427,0.17354096472263336,0.049547214061021805,0.04006926342844963,0.21771657466888428,0.0830809473991394,0.5418895483016968,0.15150263905525208,0.06943288445472717,0.030038338154554367,0.18282853066921234,0.2135678380727768,0.16711410880088806,0.0797252207994461,0.3169586658477783,0.20207665860652924,0.2865530252456665,0.13091184198856354,0.27433842420578003,0.226503387093544,0.16724304854869843,0.10903027653694153
AQ778,1.066666667,0.133333333,1.166666667,0.333333333,1.033333333,0.6,0.866666667,0.0,0.8,0.766666667,0.333333333,0.1,0.0,0.966666667,0.433333333,0.333333333,0.3,0.066666667,0.233333333,0.0,0.2,0.0,0.1,0.0,0.1,0.1,0.0,0.0,0.0,0.5,0.266666667,0.033333333,0.1,0.566666667,0.0,0.633333333,0.1,0.0,0.133333333,0.066666667,0.3,0.333333333,0.066666667,0.166666667,0.233333333,0.0,0.266666667,0.366666667,0.466666667,0.6,0.233333333,0.4037911593914032,0.22495494782924652,0.42329102754592896,0.20580914616584778,0.3589186370372772,0.1522388905286789,0.2872040569782257,0.22334466874599457,0.48709726333618164,0.18923406302928925,0.07935408502817154,0.09042574465274811,0.05435314029455185,0.7069080471992493,0.20058615505695343,0.2594245970249176,0.22744613885879517,0.12333595752716064,0.14433734118938446,0.39778879284858704,0.573112964630127,0.04309743642807007,0.29185882210731506,0.1033802404999733,0.033153221011161804,0.16999295353889465,0.11877138912677765,0.042544443160295486,0.052903108298778534,0.199124276638031,0.16346292197704315,0.059916671365499496,0.06594450026750565,0.383208692073822,0.07833284884691238,0.7323942184448242,0.1931992769241333,0.09077559411525726,0.029930327087640762,0.18624578416347504,0.19703346490859985,0.21921543776988983,0.08392179757356644,0.3227498531341553,0.1991100162267685,0.28920096158981323,0.1490199714899063,0.2671121060848236,0.23691880702972412,0.15797843039035797,0.12601540982723236
AQ794,0.966666667,0.3,0.366666667,0.1,0.566666667,0.166666667,0.266666667,0.533333333,0.1,0.0,0.0,0.0,0.0,0.366666667,0.166666667,0.066666667,0.333333333,0.033333333,0.333333333,1.5,2.366666667,0.1,1.6,0.233333333,0.066666667,0.4,0.0,0.133333333,0.0,0.1,0.1,0.066666667,0.1,0.4,0.066666667,1.1,0.233333333,0.0,0.0,0.0,0.5,0.5,0.133333333,0.033333333,0.0,0.0,0.066666667,0.133333333,0.133333333,0.166666667,0.0,0.4401170015335083,0.22922073304653168,0.5257183313369751,0.2606078088283539,0.29307618737220764,0.16995707154273987,0.3115314543247223,0.23439499735832214,0.7117375135421753,0.1870730072259903,0.22157657146453857,0.21853861212730408,0.07012873888015747,0.9107227921485901,0.23525600135326385,0.2705366313457489,0.223001629114151,0.11325318366289139,0.1698564738035202,0.37138625979423523,0.4934151768684387,0.3360145688056946,0.37856602668762207,0.1595061719417572,0.12005815654993057,0.16446253657341003,0.25616520643234253,0.19159825146198273,0.42325517535209656,0.3313935399055481,0.2822014093399048,0.207091823220253,0.28817832469940186,0.19093529880046844,0.10433341562747955,0.5281696319580078,0.170021191239357,0.07137114554643631,0.0768524557352066,0.34448325634002686,0.17180241644382477,0.1690308153629303,0.09726573526859283,0.3758924603462219,0.34057947993278503,0.2909407615661621,0.1449555903673172,0.4605037271976471,0.22784441709518433,0.1575116515159607,0.14181475341320038
AI273,0.035714286,0.071428571,0.285714286,0.214285714,0.071428571,0.0,0.642857143,0.285714286,2.178571429,0.25,0.428571429,1.321428571,0.214285714,1.642857143,0.285714286,0.214285714,0.25,0.107142857,0.0,0.285714286,0.142857143,0.107142857,0.25,0.0,0.0,0.285714286,0.0,0.0,0.071428571,0.178571429,1.071428571,0.0,0.0,0.0,0.0,0.107142857,0.071428571,0.0,0.0,0.214285714,0.0,0.0,0.214285714,0.428571429,0.25,0.178571429,0.0,0.035714286,0.285714286,0.0,0.107142857,0.39332449436187744,0.22495494782924652,0.5244420766830444,0.25412288308143616,0.45300623774528503,0.21293841302394867,0.5563260316848755,0.3545897603034973,0.9923135042190552,0.1870730072259903,0.24768871068954468,0.3789283037185669,0.08242606371641159,1.2986105680465698,0.3268672227859497,0.295234739780426,0.22823496162891388,0.11409594118595123,0.10061300545930862,0.419469952583313,0.41072413325309753,0.23223412036895752,0.25054121017456055,0.12541311979293823,0.05456516891717911,0.18963703513145447,0.20187994837760925,0.0782352015376091,0.2638116478919983,0.34475943446159363,0.3743744194507599,0.2676660418510437,0.6562411785125732,0.17115049064159393,0.06269994378089905,0.5326200127601624,0.16280879080295563,0.07206287980079651,0.06918705999851227,0.3923082947731018,0.19484730064868927,0.17852456867694855,0.09756185859441757,0.31355705857276917,0.21356365084648132,0.2872377932071686,0.13119642436504364,0.2961942255496979,0.22873647511005402,0.15051329135894775,0.11792927980422974
AI453,0.0,0.0,0.392857143,0.035714286,0.035714286,0.0,0.607142857,0.0,2.285714286,0.178571429,0.571428571,1.428571429,0.0,1.214285714,0.107142857,0.178571429,0.321428571,0.107142857,0.071428571,0.0,0.214285714,0.0,0.107142857,0.0,0.0,0.0,0.0,0.0,0.392857143,0.071428571,0.964285714,0.0,0.0,0.285714286,0.142857143,0.035714286,0.0,0.0,0.0,0.428571429,0.0,0.0,0.178571429,0.5,0.035714286,0.035714286,0.0,0.357142857,0.035714286,0.0,0.071428571,0.39332449436187744,0.22495494782924652,0.5244420766830444,0.25412288308143616,0.45300623774528503,0.21293841302394867,0.5563260316848755,0.3545897603034973,0.9923135042190552,0.1870730072259903,0.24768871068954468,0.3789283037185669,0.08242606371641159,1.2986105680465698,0.3268672227859497,0.295234739780426,0.22823496162891388,0.11409594118595123,0.10061300545930862,0.419469952583313,0.41072413325309753,0.23223412036895752,0.25054121017456055,0.12541311979293823,0.05456516891717911,0.18963703513145447,0.20187994837760925,0.0782352015376091,0.2638116478919983,0.34475943446159363,0.3743744194507599,0.2676660418510437,0.6562411785125732,0.17115049064159393,0.06269994378089905,0.5326200127601624,0.16280879080295563,0.07206287980079651,0.06918705999851227,0.3923082947731018,0.19484730064868927,0.17852456867694855,0.09756185859441757,0.31355705857276917,0.21356365084648132,0.2872377932071686,0.13119642436504364,0.2961942255496979,0.22873647511005402,0.15051329135894775,0.11792927980422974
AI665,0.25,0.035714286,0.214285714,0.071428571,0.357142857,0.0,0.642857143,0.178571429,1.178571429,0.107142857,0.178571429,0.642857143,0.25,0.857142857,0.321428571,0.357142857,0.392857143,0.035714286,0.0,0.392857143,0.25,0.214285714,0.0,0.178571429,0.0,0.285714286,0.0,0.035714286,0.107142857,0.0,0.821428571,0.035714286,0.071428571,0.071428571,0.0,0.142857143,0.035714286,0.0,0.0,0.392857143,0.0,0.0,0.178571429,0.178571429,0.0,0.0,0.107142857,0.107142857,0.071428571,0.0,0.0,0.39332449436187744,0.22495494782924652,0.5244420766830444,0.25412288308143616,0.45300623774528503,0.21293841302394867,0.5563260316848755,0.3545897603034973,0.9923135042190552,0.1870730072259903,0.24768871068954468,0.3789283037185669,0.08242606371641159,1.2986105680465698,0.3268672227859497,0.295234739780426,0.22823496162891388,0.11409594118595123,0.10061300545930862,0.419469952583313,0.41072413325309753,0.23223412036895752,0.25054121017456055,0.12541311979293823,0.05456516891717911,0.18963703513145447,0.20187994837760925,0.0782352015376091,0.2638116478919983,0.34475943446159363,0.3743744194507599,0.2676660418510437,0.6562411785125732,0.17115049064159393,0.06269994378089905,0.5326200127601624,0.16280879080295563,0.07206287980079651,0.06918705999851227,0.3923082947731018,0.19484730064868927,0.17852456867694855,0.09756185859441757,0.31355705857276917,0.21356365084648132,0.2872377932071686,0.13119642436504364,0.2961942255496979,0.22873647511005402,0.15051329135894775,0.11792927980422974
AI681,0.0,0.071428571,0.107142857,0.107142857,0.142857143,0.0,0.5,0.0,2.785714286,0.107142857,0.428571429,0.928571429,0.214285714,1.285714286,0.178571429,0.214285714,0.071428571,0.0,0.0,0.071428571,0.071428571,0.0,0.071428571,0.071428571,0.0,0.285714286,0.035714286,0.0,0.25,0.428571429,0.964285714,0.0,0.0,0.0,0.0,0.0,0.0,0.0,0.0,0.214285714,0.0,0.107142857,0.214285714,0.607142857,0.0,0.0,0.0,0.107142857,0.0,0.0,0.0,0.39332449436187744,0.22495494782924652,0.5244420766830444,0.25412288308143616,0.45300623774528503,0.21293841302394867,0.5563260316848755,0.3545897603034973,0.9923135042190552,0.1870730072259903,0.24768871068954468,0.3789283037185669,0.08242606371641159,1.2986105680465698,0.3268672227859497,0.295234739780426,0.22823496162891388,0.11409594118595123,0.10061300545930862,0.419469952583313,0.41072413325309753,0.23223412036895752,0.25054121017456055,0.12541311979293823,0.05456516891717911,0.18963703513145447,0.20187994837760925,0.0782352015376091,0.2638116478919983,0.34475943446159363,0.3743744194507599,0.2676660418510437,0.6562411785125732,0.17115049064159393,0.06269994378089905,0.5326200127601624,0.16280879080295563,0.07206287980079651,0.06918705999851227,0.3923082947731018,0.19484730064868927,0.17852456867694855,0.09756185859441757,0.31355705857276917,0.21356365084648132,0.2872377932071686,0.13119642436504364,0.2961942255496979,0.22873647511005402,0.15051329135894775,0.11792927980422974
AI768,0.275862069,0.034482759,0.620689655,0.206896552,0.413793103,0.0,0.482758621,0.103448276,1.724137931,0.068965517,0.24137931,0.689655172,0.0,0.827586207,0.0,0.0,0.310344828,0.068965517,0.0,0.310344828,0.103448276,0.0,0.0,0.103448276,0.0,0.0,0.0,0.0,0.275862069,0.24137931,0.793103448,0.0,0.275862069,0.24137931,0.0,0.137931034,0.0,0.0,0.206896552,0.206896552,0.0,0.103448276,0.172413793,0.448275862,0.137931034,0.0,0.0,0.379310345,0.0,0.068965517,0.103448276,0.39332449436187744,0.22495494782924652,0.5244420766830444,0.25412288308143616,0.45300623774528503,0.21293841302394867,0.5563260316848755,0.3545897603034973,0.9923135042190552,0.1870730072259903,0.24768871068954468,0.3789283037185669,0.08242606371641159,1.2986105680465698,0.3268672227859497,0.295234739780426,0.22823496162891388,0.11409594118595123,0.10061300545930862,0.419469952583313,0.41072413325309753,0.23223412036895752,0.25054121017456055,0.12541311979293823,0.05456516891717911,0.18963703513145447,0.20187994837760925,0.0782352015376091,0.2638116478919983,0.34475943446159363,0.3743744194507599,0.2676660418510437,0.6562411785125732,0.17115049064159393,0.06269994378089905,0.5326200127601624,0.16280879080295563,0.07206287980079651,0.06918705999851227,0.3923082947731018,0.19484730064868927,0.17852456867694855,0.09756185859441757,0.31355705857276917,0.21356365084648132,0.2872377932071686,0.13119642436504364,0.2961942255496979,0.22873647511005402,0.15051329135894775,0.11792927980422974
AA034,0.384615385,0.038461538,0.692307692,0.0,0.0,0.307692308,0.230769231,0.0,0.153846154,0.538461538,0.115384615,0.038461538,0.0,0.307692308,0.0,0.0,0.153846154,0.384615385,0.076923077,0.384615385,0.0,0.230769231,0.423076923,0.0,0.0,0.0,0.0,0.192307692,0.461538462,0.346153846,0.153846154,0.423076923,2.192307692,0.0,0.0,0.0,0.153846154,0.0,0.0,0.0,0.0,0.0,0.0,0.153846154,0.115384615,0.538461538,0.0,0.115384615,0.0,0.153846154,0.192307692,0.5074312686920166,0.2518390715122223,0.4415901303291321,0.31592369079589844,0.34388867020606995,0.32579880952835083,0.42871302366256714,0.24678760766983032,0.710056722164154,0.19627833366394043,0.28246432542800903,0.263904333114624,0.08328032493591309,0.8513311743736267,0.1390034556388855,0.26593565940856934,0.22530250251293182,0.23986150324344635,0.1402020901441574,0.28108254075050354,0.2930016815662384,0.26409995555877686,0.12306871265172958,0.14551693201065063,0.04761159420013428,0.17856377363204956,0.13257578015327454,0.12057660520076752,0.08740279823541641,0.2870881259441376,0.23070022463798523,0.14838771522045135,0.4095360040664673,0.20386902987957,0.09171460568904877,0.4189367890357971,0.1488560289144516,0.08021921664476395,0.038561154156923294,0.2503926455974579,0.1668132245540619,0.18119941651821136,0.08667293936014175,0.32457277178764343,0.309012234210968,0.29519179463386536,0.1423242688179016,0.36136680841445923,0.22486115992069244,0.14930148422718048,0.10935141891241074
AA232,0.076923077,0.0,0.115384615,0.0,0.0,0.0,0.5,0.5,0.0,0.192307692,0.0,0.0,0.0,0.576923077,0.0,0.0,0.0,0.384615385,0.846153846,0.576923077,0.153846154,0.115384615,0.115384615,0.0,0.0,0.076923077,0.0,0.0,0.230769231,0.153846154,0.115384615,0.269230769,0.192307692,0.230769231,0.346153846,0.0,0.346153846,0.153846154,0.0,0.538461538,0.115384615,0.576923077,0.846153846,0.038461538,0.0,0.384615385,0.192307692,0.0,0.5,0.076923077,0.0,0.39561396837234497,0.22495494782924652,0.42711102962493896,0.3429757058620453,0.400479257106781,0.19562150537967682,0.45905837416648865,0.3825700879096985,0.2791745066642761,0.18745636940002441,0.1288398951292038,0.18507543206214905,0.0855187252163887,0.9114888310432434,0.2642030715942383,0.30532047152519226,0.22511078417301178,0.34780243039131165,0.20489685237407684,0.32857978343963623,0.7798382043838501,0.06867220252752304,0.21324127912521362,0.10171245038509369,0.047193530946969986,0.1876170039176941,0.24232426285743713,0.07802726328372955,0.07117543369531631,0.18887796998023987,0.17316970229148865,0.13260333240032196,0.11067169904708862,0.3285805881023407,0.07971642911434174,0.6151177287101746,0.16626915335655212,0.06943288445472717,0.03159776329994202,0.1847098022699356,0.1800643354654312,0.2512263357639313,0.09296881407499313,0.3203529417514801,0.3609139323234558,0.285892128944397,0.1427454650402069,0.3650592863559723,0.2286522388458252,0.16643349826335907,0.1392672061920166
AB567,0.166666667,0.0,0.277777778,0.0,0.0,0.0,0.111111111,0.0,0.055555556,0.0,0.0,0.0,0.0,0.166666667,0.0,0.0,0.0,0.0,0.0,0.666666667,0.0,0.777777778,0.055555556,0.944444444,0.277777778,0.611111111,0.0,0.0,0.0,0.222222222,0.277777778,0.0,3.944444444,0.055555556,0.055555556,0.0,0.111111111,0.0,0.0,0.0,0.0,0.055555556,0.222222222,0.222222222,0.0,0.277777778,0.0,0.0,0.0,0.0,0.0,0.41767385601997375,0.2518390715122223,0.4301053285598755,0.2172517478466034,0.25977063179016113,0.12643128633499146,0.26930496096611023,0.18679067492485046,0.5228733420372009,0.1870730072259903,0.09205009043216705,0.17520296573638916,0.09079818427562714,0.708733856678009,0.14157283306121826,0.2615140676498413,0.2184467762708664,0.1313365250825882,0.10573482513427734,0.4511287808418274,0.39004063606262207,0.19699376821517944,0.29473498463630676,0.17908769845962524,0.055097371339797974,0.23674537241458893,0.1470765918493271,0.1705443561077118,0.3302065432071686,0.23353996872901917,0.18336357176303864,0.19455082714557648,0.31997278332710266,0.19650833308696747,0.11527353525161743,0.4336175322532654,0.144035205245018,0.08082122355699539,0.04000606760382652,0.2660587728023529,0.1734735667705536,0.15378810465335846,0.08593298494815826,0.30866724252700806,0.18125680088996887,0.285892128944397,0.16389480233192444,0.326105535030365,0.23359668254852295,0.14215058088302612,0.09406488388776779
AC220,0.0,0.0,0.0,0.0,0.0,0.0,0.111111111,0.0,0.074074074,0.0,0.0,0.0,0.0,0.111111111,0.0,0.0,0.0,0.185185185,0.962962963,1.333333333,0.814814815,0.62962963,0.592592593,0.222222222,0.074074074,0.0,0.185185185,0.555555556,0.814814815,0.481481481,0.592592593,0.296296296,0.37037037,0.185185185,0.148148148,0.074074074,0.185185185,0.0,0.0,0.814814815,0.111111111,0.074074074,0.444444444,0.0,0.0,0.0,0.0,0.111111111,0.0,0.0,0.0,0.4577298164367676,0.22495494782924652,0.48844146728515625,0.3388747274875641,0.3930683434009552,0.20664314925670624,0.33050480484962463,0.2941645681858063,0.7710708379745483,0.1870730072259903,0.27612048387527466,0.3784419596195221,0.10142464190721512,1.0277003049850464,0.2739318907260895,0.28526851534843445,0.23685654997825623,0.37609541416168213,0.5033329725265503,0.27084624767303467,0.3373640179634094,0.12876105308532715,0.19374170899391174,0.11132582277059555,0.07880909740924835,0.18639956414699554,0.1214173287153244,0.08884356915950775,0.10032828152179718,0.2287963330745697,0.2774885296821594,0.13807891309261322,0.24855224788188934,0.2760196030139923,0.0723877102136612,0.42410171031951904,0.18519487977027893,0.06943288445472717,0.03530849888920784,0.16027407348155975,0.20744572579860687,0.28210005164146423,0.08315311372280121,0.3371506929397583,0.22447627782821655,0.28592681884765625,0.15689383447170258,0.39501193165779114,0.23972640931606293,0.17181050777435303,0.14986848831176758
AE574,0.37037037,0.481481481,0.296296296,0.111111111,0.333333333,0.074074074,0.296296296,0.0,0.777777778,0.222222222,0.592592593,0.407407407,0.111111111,0.111111111,0.111111111,0.0,0.074074074,0.0,0.0,0.0,0.111111111,0.0,0.148148148,0.111111111,0.0,0.0,0.222222222,0.444444444,0.925925926,0.259259259,0.925925926,0.111111111,0.0,0.148148148,0.0,0.222222222,0.0,0.0,0.888888889,1.037037037,0.185185185,0.148148148,0.296296296,0.185185185,0.222222222,0.407407407,0.222222222,0.333333333,0.185185185,0.0,0.0,0.37760892510414124,0.22495494782924652,0.42869073152542114,0.26661017537117004,0.3135601282119751,0.14980578422546387,0.35544776916503906,0.1817294806241989,0.7813500761985779,0.18745636940002441,0.27708742022514343,0.31242722272872925,0.08894544094800949,0.8567361831665039,0.1122894212603569,0.25641462206840515,0.21997328102588654,0.04745617136359215,0.040744952857494354,0.1412234604358673,0.19808176159858704,0.23507292568683624,0.1419309377670288,0.10646156221628189,0.0744197890162468,0.17431317269802094,0.20315133035182953,0.13496330380439758,0.39977726340293884,0.28431761264801025,0.270491361618042,0.13244633376598358,0.1754692941904068,0.12344051897525787,0.0775793120265007,0.3830062747001648,0.1507461816072464,0.07148526608943939,0.06294204294681549,0.309023380279541,0.17610222101211548,0.16818498075008392,0.07916928827762604,0.30888381600379944,0.20423269271850586,0.285892128944397,0.1458907574415207,0.2945860028266907,0.23221546411514282,0.14635728299617767,0.10043788701295853
AG351,0.133333333,0.0,0.166666667,0.0,0.066666667,0.0,0.2,0.0,0.5,0.0,0.0,0.0,0.0,0.366666667,0.1,0.133333333,0.066666667,0.266666667,0.133333333,0.733333333,0.4,0.666666667,0.1,0.066666667,0.0,0.0,0.0,0.0,0.0,0.2,0.566666667,0.6,3.7,0.133333333,0.266666667,0.133333333,0.0,0.0,0.1,0.1,0.233333333,0.3,0.266666667,0.1,0.033333333,0.066666667,0.0,0.1,0.266666667,0.0,0.0,0.3898509442806244,0.2518390715122223,0.42535847425460815,0.3242267370223999,0.31203413009643555,0.16377411782741547,0.3279024362564087,0.23756679892539978,0.7791587710380554,0.1870730072259903,0.29771044850349426,0.28170666098594666,0.07131317257881165,0.9690334796905518,0.2761119306087494,0.27822592854499817,0.22842173278331757,0.12002311646938324,0.1567702442407608,0.8989353179931641,0.7143158316612244,0.14512164890766144,0.46652305126190186,0.1531052142381668,0.04991140216588974,0.16062422096729279,0.1269093006849289,0.13491767644882202,0.2114492803812027,0.2599520683288574,0.2248542606830597,0.17759189009666443,0.21823042631149292,0.24000827968120575,0.1288730651140213,0.5072687864303589,0.14986279606819153,0.09093713015317917,0.04012440890073776,0.2417905181646347,0.17954832315444946,0.18858693540096283,0.08301449567079544,0.3304304778575897,0.3432694971561432,0.29519179463386536,0.13525773584842682,0.3481132984161377,0.22815750539302826,0.1475747972726822,0.11183688044548035
AG575,0.066666667,0.033333333,0.233333333,0.0,0.0,0.0,0.0,0.0,0.0,0.0,0.0,0.0,0.0,0.266666667,0.0,0.066666667,0.0,0.0,0.033333333,0.566666667,0.1,0.233333333,0.133333333,0.2,0.0,0.0,0.233333333,0.366666667,0.466666667,0.133333333,0.4,0.933333333,3.8,0.133333333,0.433333333,0.533333333,0.1,0.0,0.066666667,0.0,0.166666667,0.0,0.0,0.0,0.0,0.0,0.0,0.0,0.1,0.0,0.1,0.4001837968826294,0.2518390715122223,0.41780200600624084,0.27184155583381653,0.3048877418041229,0.1340944916009903,0.32093507051467896,0.19123712182044983,0.6626810431480408,0.1870730072259903,0.1405925750732422,0.19317330420017242,0.07564815133810043,0.8243764638900757,0.20970399677753448,0.2642112374305725,0.21801306307315826,0.04686577618122101,0.06791140884160995,0.23908637464046478,0.3090991973876953,0.11958105117082596,0.2399163693189621,0.28132399916648865,0.18654100596904755,0.20678506791591644,0.21315468847751617,0.22251082956790924,0.7650660872459412,0.28917112946510315,0.2850632667541504,0.14271177351474762,0.38372310996055603,0.1824653297662735,0.10959851741790771,0.4645209014415741,0.15197312831878662,0.08625434339046478,0.03887051343917847,0.30805766582489014,0.17073377966880798,0.1788042187690735,0.08272717148065567,0.30866724252700806,0.15122953057289124,0.285892128944397,0.12177349627017975,0.3451537787914276,0.22827932238578796,0.17072129249572754,0.10894367843866348
AH269,0.133333333,0.0,0.2,0.033333333,0.133333333,0.0,0.0,0.0,0.133333333,0.0,0.0,0.0,0.0,0.266666667,0.133333333,0.066666667,0.0,0.033333333,0.333333333,0.366666667,0.133333333,0.766666667,0.066666667,0.166666667,0.0,0.0,0.0,0.033333333,0.3,0.2,0.6,0.9,4.033333333,0.066666667,0.133333333,0.133333333,0.0,0.0,0.0,0.066666667,0.1,0.033333333,0.0,0.0,0.0,0.0,0.0,0.1,0.0,0.0,0.0,0.47988462448120117,0.2518390715122223,0.44656533002853394,0.23734219372272491,0.21439960598945618,0.12225298583507538,0.3304124176502228,0.23385199904441833,0.5000695586204529,0.1870730072259903,0.27895355224609375,0.17961284518241882,0.09020563960075378,0.8776360750198364,0.2277226448059082,0.2799682319164276,0.2224501371383667,0.14824865758419037,0.11498195677995682,0.25761306285858154,0.20407824218273163,0.1975523829460144,0.19097702205181122,0.13532224297523499,0.06802025437355042,0.15346312522888184,0.23981928825378418,0.23527395725250244,0.8004435300827026,0.2852456867694855,0.4667322635650635,0.29453590512275696,0.5789176225662231,0.3769124746322632,0.16806663572788239,0.4828813970088959,0.14838530123233795,0.09466826170682907,0.05484725162386894,0.388905793428421,0.17524418234825134,0.1819285899400711,0.09050290286540985,0.30638206005096436,0.15349577367305756,0.287564754486084,0.1318299025297165,0.40199360251426697,0.2305372804403305,0.15727907419204712,0.1102840006351471
AH568,0.1,0.066666667,0.266666667,0.0,0.0,0.0,0.533333333,0.2,1.3,0.0,0.9,0.266666667,0.066666667,0.866666667,0.133333333,0.3,0.0,0.1,0.033333333,0.0,0.0,0.0,0.1,0.0,0.133333333,0.0,0.066666667,0.0,0.566666667,0.366666667,0.6,0.566666667,2.633333333,0.133333333,0.0,0.133333333,0.1,0.0,0.0,0.066666667,0.0,0.0,0.0,0.2,0.133333333,0.0,0.0,0.0,0.0,0.0,0.0,0.4032401740550995,0.22495494782924652,0.4328655004501343,0.2324318140745163,0.2919050455093384,0.1371203511953354,0.4735402464866638,0.2263697385787964,0.9728236794471741,0.1870730072259903,0.803560733795166,0.6127603650093079,0.10686632990837097,0.9906808137893677,0.24655763804912567,0.2703882157802582,0.30877333879470825,0.05010407045483589,0.07498173415660858,0.23437705636024475,0.3822423219680786,0.05121145024895668,0.225442036986351,0.11851653456687927,0.05660606920719147,0.20092450082302094,0.16327209770679474,0.12987427413463593,0.2880699336528778,0.28078946471214294,0.4809373617172241,0.10505408048629761,0.18532678484916687,0.32139813899993896,0.0934530720114708,0.48370370268821716,0.14949551224708557,0.07111138850450516,0.032813746482133865,0.24013598263263702,0.18944711983203888,0.17825108766555786,0.08606421947479248,0.3099864721298218,0.1969832181930542,0.28885191679000854,0.13999268412590027,0.2593265175819397,0.23011556267738342,0.16861973702907562,0.11724341660737991
AH733,0.366666667,0.0,0.3,0.033333333,0.066666667,0.066666667,0.366666667,0.066666667,0.4,0.0,0.066666667,0.0,0.0,0.4,0.0,0.133333333,0.3,0.2,0.0,0.366666667,0.0,0.166666667,0.0,0.0,0.0,0.0,0.0,0.0,0.033333333,0.233333333,0.4,0.566666667,2.966666667,0.366666667,0.033333333,0.333333333,0.133333333,0.0,0.0,0.033333333,0.2,0.233333333,0.1,0.3,0.3,0.1,0.0,0.133333333,0.166666667,0.133333333,0.233333333,0.40015819668769836,0.23356111347675323,0.41790321469306946,0.26938799023628235,0.2913971543312073,0.16677749156951904,0.3714178800582886,0.2785741984844208,0.667385995388031,0.1870730072259903,0.13929325342178345,0.29486986994743347,0.08481206744909286,1.025744080543518,0.28061896562576294,0.28844329714775085,0.23254947364330292,0.08383612334728241,0.12097461521625519,0.23928706347942352,0.2715480923652649,0.0668143481016159,0.18071500957012177,0.11921758204698563,0.06934767216444016,0.35362470149993896,0.1459919512271881,0.12004156410694122,0.13471099734306335,0.22695334255695343,0.23777368664741516,0.11243724077939987,0.0949048325419426,0.34715601801872253,0.09610091894865036,0.4546395242214203,0.1467006951570511,0.07905024290084839,0.03295508399605751,0.26325723528862,0.2031915932893753,0.19126850366592407,0.08434140682220459,0.3182629644870758,0.3064841628074646,0.29054132103919983,0.15019731223583221,0.501984715461731,0.23661397397518158,0.14798349142074585,0.11346413940191269
AJ010,0.137931034,0.0,0.517241379,0.0,0.103448276,0.0,0.0,0.068965517,0.517241379,0.0,0.0,0.103448276,0.0,0.413793103,0.275862069,0.137931034,0.275862069,0.068965517,0.103448276,0.793103448,0.344827586,0.965517241,0.206896552,0.620689655,0.0,0.0,0.862068966,0.275862069,1.068965517,0.482758621,0.620689655,0.965517241,0.689655172,0.310344828,0.448275862,0.482758621,0.068965517,0.413793103,0.0,1.517241379,0.0,0.0,0.24137931,0.0,0.068965517,0.068965517,0.0,0.0,0.068965517,0.0,0.0,0.40782642364501953,0.22495494782924652,0.412139356136322,0.2604807913303375,0.38670775294303894,0.2050129920244217,0.36493340134620667,0.293582558631897,0.6112882494926453,0.1870730072259903,0.09604629874229431,0.14194577932357788,0.0539851114153862,1.1721687316894531,0.2174994945526123,0.28207534551620483,0.22769975662231445,0.29191577434539795,0.15889260172843933,0.4759953022003174,0.4102350175380707,0.5920941233634949,0.21889042854309082,0.1812632977962494,0.057094506919384,0.2068307250738144,0.1663794368505478,0.07077649980783463,0.1936807483434677,0.24653784930706024,0.25040265917778015,0.3520070016384125,0.24303334951400757,0.16785210371017456,0.10988237708806992,0.6292601227760315,0.15009978413581848,0.07976248115301132,0.0614725798368454,0.3433658480644226,0.1801181584596634,0.1695261150598526,0.08986873179674149,0.3187253773212433,0.19108203053474426,0.28679797053337097,0.13723069429397583,0.27689293026924133,0.22717086970806122,0.14609558880329132,0.11165456473827362
AJ283,1.206896552,0.068965517,0.482758621,0.0,0.931034483,0.103448276,0.275862069,0.0,0.068965517,0.0,0.0,0.0,0.0,0.310344828,0.172413793,0.103448276,0.24137931,0.172413793,0.068965517,0.931034483,0.724137931,0.103448276,1.379310345,0.172413793,0.0,0.103448276,0.0,0.137931034,0.103448276,0.103448276,0.068965517,0.068965517,0.24137931,0.896551724,0.413793103,1.551724138,0.310344828,0.034482759,0.0,0.0,0.0,0.551724138,0.0,0.0,0.24137931,0.344827586,0.172413793,0.137931034,0.137931034,0.310344828,0.137931034,0.404164582490921,0.22495494782924652,0.4221791923046112,0.2236507087945938,0.31134629249572754,0.12483708560466766,0.25606393814086914,0.19335679709911346,0.5638750195503235,0.1870730072259903,0.23398509621620178,0.1659974306821823,0.07306413352489471,0.8291677832603455,0.2473011612892151,0.2621971070766449,0.22636540234088898,0.08198796212673187,0.06861551105976105,0.5095323920249939,0.5699595808982849,0.07318508625030518,0.5045890808105469,0.1084803119301796,0.05066707357764244,0.16521812975406647,0.1274457424879074,0.11549177020788193,0.17767786979675293,0.22378139197826385,0.17211304605007172,0.11243128776550293,0.04977705702185631,0.24466469883918762,0.07129329442977905,0.5617556571960449,0.1502930223941803,0.06943288445472717,0.037230007350444794,0.21787016093730927,0.17258279025554657,0.18333689868450165,0.09258785098791122,0.30896109342575073,0.15461663901805878,0.285892128944397,0.15033449232578278,0.2653529644012451,0.2306317836046219,0.14966924488544464,0.09780263155698776
AJ481,0.275862069,0.448275862,0.413793103,0.0,0.379310345,0.172413793,0.24137931,0.275862069,1.413793103,0.310344828,0.75862069,0.620689655,0.275862069,1.586206897,0.24137931,0.310344828,0.275862069,0.034482759,0.0,0.0,0.551724138,0.0,0.793103448,0.275862069,0.275862069,0.482758621,0.034482759,0.0,0.0,0.344827586,0.103448276,0.0,0.0,0.0,0.0,0.413793103,0.0,0.0,0.0,0.0,0.103448276,0.103448276,0.0,0.137931034,0.413793103,0.172413793,0.0,0.034482759,0.344827586,0.310344828,0.275862069,0.4440659284591675,0.22495494782924652,0.42448821663856506,0.31244006752967834,0.37653642892837524,0.18984512984752655,0.31683868169784546,0.26160722970962524,0.9176020622253418,0.21153046190738678,0.24457965791225433,0.22879493236541748,0.06732132285833359,1.1745359897613525,0.29638922214508057,0.28619053959846497,0.24338853359222412,0.3180100917816162,0.6250511407852173,0.42639172077178955,0.6037574410438538,0.40037333965301514,0.2702455222606659,0.13771763443946838,0.05831821262836456,0.18325203657150269,0.10695351660251617,0.07905309647321701,0.08944820612668991,0.31509143114089966,0.2295813411474228,0.1429082155227661,0.23938216269016266,0.21760955452919006,0.07479043304920197,0.4909640848636627,0.16152720153331757,0.06943288445472717,0.03191377595067024,0.23138639330863953,0.19892220199108124,0.19298113882541656,0.08754757046699524,0.3066490888595581,0.29973265528678894,0.2878500819206238,0.13233453035354614,0.287684828042984,0.23080462217330933,0.17053478956222534,0.1378987580537796
AJ537,0.24137931,0.034482759,0.24137931,0.310344828,0.137931034,0.0,0.310344828,0.24137931,1.137931034,0.0,0.724137931,0.75862069,0.24137931,2.068965517,0.965517241,0.344827586,0.482758621,0.724137931,1.413793103,0.137931034,0.310344828,0.24137931,0.068965517,0.0,0.0,0.103448276,0.0,0.0,0.0,0.0,0.0,0.0,0.0,0.0,0.0,0.24137931,0.0,0.103448276,0.0,0.0,0.172413793,0.172413793,0.034482759,0.310344828,0.206896552,0.24137931,0.0,0.689655172,0.172413793,0.103448276,0.0,0.3850519359111786,0.22922073304653168,0.42357879877090454,0.2667933404445648,0.3684546649456024,0.17857001721858978,0.3027470111846924,0.24647817015647888,0.587597668170929,0.1870730072259903,0.1751995086669922,0.10210895538330078,0.06530612707138062,1.1656278371810913,0.4337671399116516,0.28363198041915894,0.23604243993759155,0.25485852360725403,0.11362564563751221,0.2584877908229828,0.33685535192489624,0.07554047554731369,0.21877415478229523,0.11173474043607712,0.040234390646219254,0.17595763504505157,0.10504788160324097,0.04691433161497116,0.03400073200464249,0.20315203070640564,0.18985188007354736,0.03720588982105255,0.06734485179185867,0.1641959846019745,0.05454229936003685,0.4058915078639984,0.15401634573936462,0.06943288445472717,0.029920075088739395,0.15115664899349213,0.19339068233966827,0.16525287926197052,0.0801994651556015,0.32871195673942566,0.19339554011821747,0.28885191679000854,0.1257203221321106,0.2785380780696869,0.24166914820671082,0.14957305788993835,0.12479881197214127
AL508,1.2,0.066666667,0.666666667,0.033333333,0.666666667,0.3,0.2,0.0,0.166666667,0.2,0.4,0.133333333,0.0,0.633333333,0.1,0.133333333,0.1,0.0,0.066666667,0.433333333,0.8,0.0,0.5,0.0,0.0,0.066666667,0.0,0.0,0.033333333,0.333333333,0.5,0.066666667,0.133333333,0.333333333,0.133333333,1.166666667,0.0,0.1,0.0,0.266666667,0.366666667,0.233333333,0.166666667,0.0,0.233333333,0.066666667,0.133333333,0.0,0.466666667,0.266666667,0.333333333,0.42708396911621094,0.22495494782924652,0.4210985600948334,0.2477700263261795,0.364661306142807,0.1782827526330948,0.3977062404155731,0.22666873037815094,0.9032002091407776,0.1872316598892212,0.25490763783454895,0.208478182554245,0.05418621748685837,1.1640405654907227,0.23079220950603485,0.27129119634628296,0.22728396952152252,0.1360127478837967,0.08831793814897537,0.39604052901268005,0.6803649663925171,0.1897231787443161,0.38982561230659485,0.10721979290246964,0.05249009281396866,0.2060028612613678,0.13882146775722504,0.05354943871498108,0.17535936832427979,0.2824004888534546,0.23327380418777466,0.14734888076782227,0.11025045812129974,0.24482838809490204,0.07086257636547089,0.5880246758460999,0.16602946817874908,0.06995119899511337,0.04143999516963959,0.20467841625213623,0.19099201261997223,0.19118432700634003,0.09113895893096924,0.30781325697898865,0.17243559658527374,0.28730496764183044,0.13521084189414978,0.2834714651107788,0.2332949936389923,0.1555163860321045,0.12851175665855408
AL541,0.6,0.0,0.733333333,1.466666667,0.633333333,0.1,0.566666667,0.0,0.533333333,0.066666667,0.066666667,0.0,0.0,1.833333333,0.5,0.466666667,0.7,0.0,0.0,0.1,0.0,0.0,0.066666667,0.0,0.133333333,0.1,0.066666667,0.0,0.066666667,0.166666667,0.3,0.0,0.0,0.4,0.0,0.8,0.166666667,0.033333333,0.1,0.133333333,0.1,0.033333333,0.233333333,0.066666667,0.533333333,0.0,0.2,0.033333333,0.066666667,0.2,0.1,0.41099813580513,0.22495494782924652,0.42787009477615356,0.2812234163284302,0.408319890499115,0.16565632820129395,0.40439972281455994,0.2478015422821045,0.7406696677207947,0.1870730072259903,0.179805725812912,0.1088666021823883,0.05291683226823807,1.2589551210403442,0.31579825282096863,0.2766416072845459,0.22765740752220154,0.1342388540506363,0.0569024533033371,0.29371559619903564,0.3828211724758148,0.08792521059513092,0.27248093485832214,0.1119639202952385,0.038582492619752884,0.1805136799812317,0.11047839373350143,0.06738637387752533,0.0919756218791008,0.24983391165733337,0.25839418172836304,0.18105731904506683,0.047901228070259094,0.22385364770889282,0.06540039926767349,0.5391566157341003,0.17461656033992767,0.06943288445472717,0.030547969043254852,0.1616409569978714,0.1786426305770874,0.1717270016670227,0.07815676927566528,0.30789053440093994,0.2567732632160187,0.2865530252456665,0.12697437405586243,0.28918853402137756,0.23069915175437927,0.15898211300373077,0.11684738099575043
AL657,0.933333333,0.133333333,0.333333333,0.433333333,0.266666667,0.133333333,0.833333333,0.333333333,2.0,0.266666667,0.9,0.433333333,0.233333333,2.066666667,0.266666667,0.4,0.166666667,0.0,0.0,0.066666667,0.066666667,0.166666667,0.233333333,0.066666667,0.033333333,0.266666667,0.0,0.0,0.166666667,0.133333333,0.3,0.0,0.066666667,0.166666667,0.0,0.133333333,0.0,0.0,0.0,0.1,0.0,0.233333333,0.066666667,0.0,0.1,0.366666667,0.0,0.5,0.2,0.0,0.066666667,0.45568355917930603,0.22495494782924652,0.5149644017219543,0.20896369218826294,0.39777877926826477,0.20120540261268616,0.3848833441734314,0.26192429661750793,0.6233559846878052,0.1870730072259903,0.13311655819416046,0.08911655843257904,0.05307785049080849,0.9818606376647949,0.3192678987979889,0.2726602256298065,0.22904103994369507,0.08667591214179993,0.07816111296415329,0.35778117179870605,0.4044569432735443,0.03861073777079582,0.32952678203582764,0.09931957721710205,0.031189022585749626,0.18522697687149048,0.10378952324390411,0.026633860543370247,0.060312144458293915,0.2016647607088089,0.14932413399219513,0.02956443652510643,0.0446421280503273,0.28514477610588074,0.07541630417108536,0.655880868434906,0.15748491883277893,0.06943288445472717,0.029986996203660965,0.1472908854484558,0.18293115496635437,0.17851705849170685,0.08313100039958954,0.3132375180721283,0.1717146933078766,0.28730496764183044,0.12998099625110626,0.2648034691810608,0.22505341470241547,0.1688602715730667,0.1195540726184845
AL728,1.0,0.366666667,1.066666667,0.166666667,0.9,0.433333333,0.4,0.066666667,0.5,0.033333333,0.033333333,0.0,0.0,0.4,0.166666667,0.066666667,0.2,0.1,0.166666667,0.333333333,0.866666667,0.0,0.433333333,0.0,0.0,0.333333333,0.0,0.1,0.033333333,0.5,0.4,0.066666667,0.033333333,0.566666667,0.233333333,0.933333333,0.166666667,0.0,0.0,0.0,0.366666667,0.0,0.0,0.0,0.166666667,0.333333333,0.2,0.0,0.5,0.233333333,0.2,0.4048703610897064,0.22591574490070343,0.4279661774635315,0.20465035736560822,0.326833575963974,0.13579365611076355,0.3159388303756714,0.18570375442504883,0.4887022078037262,0.1870730072259903,0.0850883200764656,0.08746011555194855,0.06030447036027908,0.7074972987174988,0.19920286536216736,0.26152560114860535,0.22579455375671387,0.08223658055067062,0.12958768010139465,0.4612226188182831,0.4854449927806854,0.25184065103530884,0.45873963832855225,0.10806845128536224,0.046930257230997086,0.1928781121969223,0.11739848554134369,0.057318948209285736,0.09330147504806519,0.26571929454803467,0.1774190068244934,0.0928170382976532,0.0926523357629776,0.30529695749282837,0.08647336065769196,0.6463967561721802,0.160969078540802,0.06995119899511337,0.045615535229444504,0.23813077807426453,0.19172246754169464,0.1759059727191925,0.08062988519668579,0.34923940896987915,0.2844364643096924,0.287564754486084,0.1629834622144699,0.25383469462394714,0.22881746292114258,0.16174273192882538,0.1353505253791809
AL806,1.266666667,0.066666667,1.166666667,0.0,0.7,0.266666667,0.366666667,0.0,0.533333333,0.266666667,0.0,0.0,0.0,0.733333333,0.0,0.1,0.0,0.1,0.0,0.0,0.166666667,0.0,0.033333333,0.0,0.0,0.0,0.0,0.0,0.0,0.466666667,0.166666667,0.0,0.0,0.5,0.133333333,0.8,0.1,0.366666667,0.0,0.066666667,0.533333333,0.0,0.0,0.033333333,0.133333333,0.033333333,0.2,0.0,0.6,0.333333333,0.033333333,0.4037911593914032,0.22495494782924652,0.42329102754592896,0.20580914616584778,0.3589186370372772,0.1522388905286789,0.2872040569782257,0.22334466874599457,0.48709726333618164,0.18923406302928925,0.07935408502817154,0.09042574465274811,0.05435314029455185,0.7069080471992493,0.20058615505695343,0.2594245970249176,0.22744613885879517,0.12333595752716064,0.14433734118938446,0.39778879284858704,0.573112964630127,0.04309743642807007,0.29185882210731506,0.1033802404999733,0.033153221011161804,0.16999295353889465,0.11877138912677765,0.042544443160295486,0.052903108298778534,0.199124276638031,0.16346292197704315,0.059916671365499496,0.06594450026750565,0.383208692073822,0.07833284884691238,0.7323942184448242,0.1931992769241333,0.09077559411525726,0.029930327087640762,0.18624578416347504,0.19703346490859985,0.21921543776988983,0.08392179757356644,0.3227498531341553,0.1991100162267685,0.28920096158981323,0.1490199714899063,0.2671121060848236,0.23691880702972412,0.15797843039035797,0.12601540982723236
AL860,1.166666667,0.1,0.833333333,0.233333333,0.6,0.233333333,0.433333333,0.0,0.5,0.3,0.133333333,0.066666667,0.0,0.733333333,0.066666667,0.1,0.2,0.0,0.0,0.0,0.166666667,0.0,0.066666667,0.0,0.0,0.1,0.0,0.0,0.0,0.066666667,0.266666667,0.0,0.0,0.366666667,0.1,0.8,0.1,0.133333333,0.066666667,0.033333333,0.733333333,0.066666667,0.0,0.033333333,0.133333333,0.133333333,0.8,0.0,1.033333333,0.2,0.166666667,0.45543402433395386,0.22495494782924652,0.4397830665111542,0.24086467921733856,0.39717644453048706,0.1858220249414444,0.2810385525226593,0.23671339452266693,0.49358755350112915,0.18745636940002441,0.11637068539857864,0.22775612771511078,0.061042286455631256,0.7719074487686157,0.21446411311626434,0.2600649893283844,0.2294134944677353,0.06850194931030273,0.10134190320968628,0.3603225350379944,0.5502427220344543,0.20584996044635773,0.341472327709198,0.10761083662509918,0.03286376968026161,0.17575927078723907,0.10155486315488815,0.04761456698179245,0.12016567587852478,0.26424404978752136,0.19816596806049347,0.08227339386940002,0.09265246987342834,0.32885420322418213,0.07499740272760391,0.743960976600647,0.1676160991191864,0.09129390865564346,0.0342860072851181,0.17986401915550232,0.19065314531326294,0.20715810358524323,0.08958901464939117,0.3105740249156952,0.1846030205488205,0.285892128944397,0.13008789718151093,0.2651897072792053,0.23968715965747833,0.17271745204925537,0.13994985818862915
AL869,0.5,0.0,0.433333333,0.4,0.3,0.133333333,0.966666667,0.0,1.566666667,0.266666667,0.533333333,0.733333333,0.266666667,2.1,0.366666667,0.466666667,0.0,0.0,0.0,0.233333333,0.5,0.0,0.6,0.233333333,0.033333333,0.533333333,0.133333333,0.0,0.433333333,0.2,0.033333333,0.0,0.0,0.233333333,0.0,0.333333333,0.333333333,0.0,0.0,0.0,0.0,0.0,0.1,0.0,0.233333333,0.433333333,0.0,0.4,0.0,0.0,0.0,0.394687682390213,0.22495494782924652,0.42535537481307983,0.19561487436294556,0.32002294063568115,0.13076895475387573,0.3786747455596924,0.2063254415988922,0.9636874198913574,0.1870730072259903,0.19991905987262726,0.14222843945026398,0.055166248232126236,1.1573923826217651,0.3294607400894165,0.281670480966568,0.22806352376937866,0.07381617277860641,0.06261096894741058,0.21139627695083618,0.35426947474479675,0.05323554575443268,0.27415868639945984,0.10172921419143677,0.04553842544555664,0.177896186709404,0.1220545768737793,0.06442394107580185,0.09575382620096207,0.3089789152145386,0.2738543450832367,0.05843789502978325,0.04978606477379799,0.1809217482805252,0.06792561709880829,0.4769464433193207,0.1554848998785019,0.06995119899511337,0.037622690200805664,0.23128119111061096,0.1774439662694931,0.14740090072155,0.08292128145694733,0.30752286314964294,0.13781538605690002,0.2892681360244751,0.13879919052124023,0.30694353580474854,0.22872290015220642,0.15076704323291779,0.10644868016242981
AM997,0.5,0.0,0.4,0.133333333,0.5,0.233333333,0.266666667,0.5,0.233333333,0.0,0.133333333,0.0,0.133333333,0.633333333,0.2,0.2,0.0,0.433333333,0.066666667,0.566666667,0.733333333,0.466666667,0.3,0.0,0.066666667,0.066666667,0.0,0.0,0.233333333,0.4,0.333333333,0.566666667,1.3,0.566666667,0.133333333,1.2,0.0,0.0,0.0,0.0,0.3,0.066666667,0.0,0.0,0.066666667,0.0,0.033333333,0.166666667,0.066666667,0.0,0.166666667,0.3853151500225067,0.22495494782924652,0.4370343089103699,0.2539823353290558,0.3719109892845154,0.17296811938285828,0.42088809609413147,0.31659430265426636,0.7882212996482849,0.1870730072259903,0.22937336564064026,0.2545039653778076,0.0637056827545166,1.2236181497573853,0.3670567572116852,0.28184252977371216,0.23396022617816925,0.11441627144813538,0.05421523377299309,0.3435143232345581,0.478458046913147,0.0457756482064724,0.316630482673645,0.09941156953573227,0.03374944254755974,0.18480919301509857,0.10761411488056183,0.041328541934490204,0.04973988980054855,0.18311260640621185,0.15882731974124908,0.018362998962402344,0.03806347772479057,0.19387656450271606,0.05292867124080658,0.5303159356117249,0.15353168547153473,0.06943288445472717,0.030014965683221817,0.14608637988567352,0.1882057636976242,0.19123882055282593,0.08429201692342758,0.30911946296691895,0.20906858146190643,0.2902962565422058,0.1289428472518921,0.28057414293289185,0.2354927957057953,0.1549006551504135,0.1078672781586647
AO882,0.233333333,0.0,0.433333333,0.166666667,0.3,0.0,0.533333333,0.433333333,0.433333333,0.0,0.0,0.033333333,0.0,1.366666667,0.5,0.433333333,0.166666667,0.066666667,0.0,0.866666667,1.266666667,0.433333333,0.933333333,0.3,0.433333333,0.233333333,0.933333333,0.066666667,0.5,0.266666667,0.366666667,0.133333333,0.133333333,0.1,0.066666667,0.6,0.0,0.1,0.166666667,1.033333333,0.3,0.2,0.0,0.133333333,0.233333333,0.0,0.0,0.066666667,0.066666667,0.266666667,0.033333333,0.37528547644615173,0.22495494782924652,0.4175173342227936,0.29728642106056213,0.3107913136482239,0.20571286976337433,0.349054217338562,0.2472364455461502,0.6349314451217651,0.1870730072259903,0.1954064965248108,0.17277105152606964,0.06724642217159271,1.2009201049804688,0.3572610914707184,0.2995396852493286,0.2302624136209488,0.08784329146146774,0.0793786272406578,0.3601565361022949,0.37340351939201355,0.039082739502191544,0.23056980967521667,0.10690654069185257,0.03928917646408081,0.1788797378540039,0.16005758941173553,0.11658217757940292,0.0756722092628479,0.20361827313899994,0.1744319647550583,0.05864683911204338,0.09248446673154831,0.1533854603767395,0.05673757940530777,0.5093521475791931,0.14899109303951263,0.06943288445472717,0.03021838515996933,0.16651909053325653,0.19384627044200897,0.18463367223739624,0.08140292018651962,0.31528493762016296,0.257874995470047,0.2892681360244751,0.12358075380325317,0.3541933000087738,0.23173648118972778,0.14161472022533417,0.10510996729135513
AP839,0.233333333,0.0,0.3,0.0,0.0,0.0,0.0,0.066666667,0.266666667,0.0,0.066666667,0.1,0.0,0.4,0.533333333,0.266666667,0.266666667,0.0,0.0,0.4,0.133333333,0.433333333,0.133333333,0.133333333,0.0,0.366666667,0.266666667,0.2,1.966666667,0.966666667,0.8,1.333333333,2.466666667,0.033333333,0.5,0.533333333,0.0,0.1,0.266666667,0.966666667,0.0,0.0,0.1,0.0,0.0,0.4,0.0,0.133333333,0.1,0.0,0.066666667,0.39010319113731384,0.22495494782924652,0.41209447383880615,0.1915830671787262,0.29861873388290405,0.0840996503829956,0.22744120657444,0.19325807690620422,0.5989019870758057,0.1870730072259903,0.15321892499923706,0.15701699256896973,0.06361829489469528,0.8084089756011963,0.1349596232175827,0.2573266625404358,0.21801306307315826,0.022795308381319046,0.05692774057388306,0.16147953271865845,0.2763199806213379,0.1805683970451355,0.23474670946598053,0.22877176105976105,0.06247027590870857,0.17492644488811493,0.28768402338027954,0.3093240261077881,1.1927002668380737,0.32894274592399597,0.3172498047351837,0.5370119214057922,0.24790886044502258,0.15269306302070618,0.09815394133329391,0.39178231358528137,0.14760926365852356,0.07097643613815308,0.040270257741212845,0.4230424463748932,0.16629502177238464,0.15691545605659485,0.08896138519048691,0.307424396276474,0.13889570534229279,0.285892128944397,0.1192161813378334,0.27277764678001404,0.22254295647144318,0.12041278183460236,0.09912028163671494
