stimulus,true_Green,true_Cucumber,true_Herbal,true_Mint,true_Woody,true_Pine,true_Floral,true_Powdery,true_Fruity,true_Citrus,true_Tropical,true_Berry,true_Peach,true_Sweet,true_Caramellic,true_Vanilla,true_BrownSpice,true_Smoky,true_Burnt,true_Roasted,true_Grainy,true_Meaty,true_Nutty,true_Fatty,true_Coconut,true_Waxy,true_Dairy,true_Buttery,true_Cheesy,true_Sour,true_Fermented,true_Sulfurous,true_Garlic.Onion,true_Earthy,true_Mushroom,true_Musty,true_Ammonia,true_Fishy,true_Fecal,true_Rotten.Decay,true_Rubber,true_Phenolic,true_Animal,true_Medicinal,true_Cooling,true_Sharp,true_Chlorine,true_Alcoholic,true_Plastic,true_Ozone,true_Metallic,pred_Green,pred_Cucumber,pred_Herbal,pred_Mint,pred_Woody,pred_Pine,pred_Floral,pred_Powdery,pred_Fruity,pred_Citrus,pred_Tropical,pred_Berry,pred_Peach,pred_Sweet,pred_Caramellic,pred_Vanilla,pred_BrownSpice,pred_Smoky,pred_Burnt,pred_Roasted,pred_Grainy,pred_Meaty,pred_Nutty,pred_Fatty,pred_Coconut,pred_Waxy,pred_Dairy,pred_Buttery,pred_Cheesy,pred_Sour,pred_Fermented,pred_Sulfurous,pred_Garlic.Onion,pred_Earthy,pred_Mushroom,pred_Musty,pred_Ammonia,pred_Fishy,pred_Fecal,pred_Rotten.Decay,pred_Rubber,pred_Phenolic,pred_Animal,pred_Medicinal,pred_Cooling,pred_Sharp,pred_Chlorine,pred_Alcoholic,pred_Plastic,pred_Ozone,pred_Metallic
AA097,0.307692308,2.538461538,0.076923077,0.192307692,0.0,0.0,0.038461538,0.192307692,0.346153846,0.0,0.0,0.0,0.0,0.653846154,0.0,0.0,0.0,0.0,0.0,1.653846154,2.115384615,0.0,0.884615385,0.384615385,0.0,0.0,0.076923077,0.153846154,0.0,0.0,0.0,0.0,0.0,0.0,0.0,0.0,0.0,0.115384615,0.0,0.192307692,0.0,0.0,0.0,0.0,0.076923077,0.0,0.384615385,0.0,0.0,0.0,0.0,0.47151821851730347,2.1471097469329834,0.4682936370372772,0.4859565794467926,0.3385924994945526,0.17678256332874298,0.35154521465301514,0.22229614853858948,0.608652651309967,0.1836373209953308,0.20487594604492188,0.14073072373867035,0.06602153182029724,0.8242851495742798,0.0775485411286354,0.15964488685131073,0.09239755570888519,0.1517859846353531,0.0757526233792305,0.10018297284841537,0.2962447702884674,0.10314110666513443,0.08164715766906738,0.07652288675308228,0.025523260235786438,0.16921165585517883,0.09820921719074249,0.06930405646562576,0.044983357191085815,0.1290220320224762,0.14496774971485138,0.11870360374450684,0.08021368831396103,0.15290257334709167,0.07768446207046509,0.36595267057418823,0.17172792553901672,0.04844604432582855,0.038347791880369186,0.15276511013507843,0.144108384847641,0.16127341985702515,0.05556195229291916,0.10969400405883789,0.37295904755592346,0.26562026143074036,0.10976525396108627,0.2475440949201584,0.17362867295742035,0.16223999857902527,0.14963488280773163
AA808,0.0,0.0,0.0,0.0,0.384615385,0.0,0.115384615,0.307692308,0.0,0.0,0.0,0.038461538,0.0,0.384615385,0.0,0.0,0.0,0.346153846,0.230769231,1.5,1.346153846,0.346153846,0.653846154,0.846153846,0.0,0.0,0.538461538,0.230769231,0.692307692,0.115384615,0.0,0.346153846,0.346153846,0.076923077,0.038461538,0.038461538,0.0,0.884615385,0.153846154,0.769230769,0.0,0.0,0.269230769,0.0,0.0,0.0,0.0,0.0,0.0,0.0,0.0,0.40699854493141174,0.12707975506782532,0.4463402032852173,0.2676064670085907,0.2954055070877075,0.1516576111316681,0.14400362968444824,0.18209271132946014,0.2548840343952179,0.1155308336019516,0.12381548434495926,0.05231472849845886,0.0556681826710701,0.46872028708457947,0.08357714116573334,0.16548636555671692,0.05242318660020828,0.11546175926923752,0.10067728161811829,0.25534313917160034,0.2932923436164856,0.17751672863960266,0.29773497581481934,0.4468393623828888,0.05246324464678764,0.09353045374155045,0.2726590633392334,0.16633279621601105,0.8995084166526794,0.22644445300102234,0.19244959950447083,0.3686571419239044,0.718208909034729,0.22607557475566864,0.24362151324748993,0.49971818923950195,0.17172792553901672,0.46837952733039856,0.048356711864471436,0.4239963889122009,0.13486739993095398,0.17601047456264496,0.10661384463310242,0.19205480813980103,0.27143576741218567,0.2807070314884186,0.11032604426145554,0.3295772969722748,0.14540283381938934,0.13873301446437836,0.12336602061986923
AB378,0.0,0.0,0.166666667,3.388888889,0.111111111,0.0,0.055555556,0.666666667,0.0,0.277777778,0.0,0.0,0.0,1.111111111,0.166666667,0.166666667,0.0,0.111111111,0.0,0.833333333,1.222222222,0.0,0.611111111,0.222222222,0.055555556,0.0,0.0,0.722222222,0.222222222,0.277777778,0.166666667,0.0,0.0,0.0,0.0,0.0,0.0,0.0,0.0,0.0,0.0,0.0,0.0,0.0,1.111111111,0.0,0.0,0.0,0.0,0.222222222,0.0,0.4158926010131836,0.15174038708209991,0.46933692693710327,2.646888256072998,0.3004101514816284,0.20101194083690643,0.4053299129009247,0.2597319483757019,0.5123035311698914,0.18687120079994202,0.18226735293865204,0.20402497053146362,0.07458881288766861,1.0254572629928589,0.20082341134548187,0.25842925906181335,0.1285456269979477,0.09214027971029282,0.05586541071534157,0.173992320895195,0.293037474155426,0.09829753637313843,0.10250569134950638,0.07269994169473648,0.03147267550230026,0.11491496860980988,0.1032402515411377,0.08726540952920914,0.04154929518699646,0.13556312024593353,0.22008386254310608,0.1357342153787613,0.27451151609420776,0.14354011416435242,0.05673301964998245,0.4388161301612854,0.17079289257526398,0.046859342604875565,0.03840791806578636,0.17012548446655273,0.14246635138988495,0.19242197275161743,0.058819208294153214,0.29985132813453674,0.779256284236908,0.30336499214172363,0.12448234856128693,0.29947376251220703,0.19402845203876495,0.1486411690711975,0.10867247730493546
AB398,0.0,0.0,0.333333333,0.0,0.5,0.277777778,0.0,0.0,0.0,0.0,0.0,0.0,0.0,0.055555556,0.0,0.0,0.0,0.333333333,0.0,1.111111111,2.055555556,0.0,1.5,0.0,0.0,0.166666667,0.0,0.388888889,0.0,0.0,0.0,0.0,0.0,0.111111111,0.055555556,1.166666667,0.0,0.0,0.0,0.0,0.722222222,0.944444444,0.0,0.111111111,0.444444444,0.0,0.222222222,0.0,0.388888889,0.0,0.0,0.4124189615249634,0.16476823389530182,0.5331588387489319,0.3835251033306122,0.3501114249229431,0.2208677977323532,0.3652643859386444,0.2475786656141281,0.28849419951438904,0.14067213237285614,0.169685959815979,0.15487967431545258,0.04792056977748871,0.5926481485366821,0.18475206196308136,0.20502066612243652,0.19595979154109955,0.14692151546478271,0.06802263110876083,0.1744168996810913,0.2914973497390747,0.10141041874885559,0.1169356182217598,0.07074575871229172,0.029048072174191475,0.11983911693096161,0.09874329715967178,0.0699658989906311,0.017835380509495735,0.13486897945404053,0.21745900809764862,0.1669529378414154,0.17375102639198303,0.1530371904373169,0.07441328465938568,0.5058018565177917,0.17079289257526398,0.047106459736824036,0.03437229245901108,0.1519283652305603,0.3379967212677002,0.25106576085090637,0.0487188994884491,0.3086450695991516,0.4018888771533966,0.2881810963153839,0.12352543324232101,0.3310602009296417,0.43591704964637756,0.16723820567131042,0.18610146641731262
AB425,0.0,0.0,0.0,0.0,0.0,0.0,0.055555556,0.055555556,0.111111111,0.0,0.0,0.0,0.0,0.0,0.0,0.0,0.0,0.388888889,0.277777778,2.666666667,2.222222222,0.444444444,1.555555556,0.333333333,0.0,0.0,0.0,0.666666667,0.111111111,0.0,0.444444444,0.166666667,0.222222222,0.222222222,0.166666667,0.277777778,0.0,0.0,0.055555556,0.0,0.0,0.0,0.555555556,0.0,0.0,0.222222222,0.0,0.055555556,0.0,0.0,0.0,0.4452044665813446,0.1034320592880249,0.42779740691185,0.23260575532913208,0.26754623651504517,0.14399749040603638,0.25013208389282227,0.15521466732025146,0.28440606594085693,0.11790647357702255,0.07378357648849487,0.16363173723220825,0.06006013602018356,0.5125167965888977,0.14313456416130066,0.1804175227880478,0.10593297332525253,0.47401535511016846,0.784703254699707,0.7972797155380249,0.2984769642353058,0.23754286766052246,0.4051724672317505,0.15545229613780975,0.0269122626632452,0.1139802485704422,0.0988016277551651,0.06975214928388596,0.06475569307804108,0.36188754439353943,0.3074870705604553,0.3573983907699585,0.7050675749778748,0.2879372835159302,0.15518705546855927,0.4024631679058075,0.1767989695072174,0.12251491099596024,0.04533778131008148,0.21164418756961823,0.269086092710495,0.2000056356191635,0.27619272470474243,0.577348530292511,0.20866616070270538,0.27085599303245544,0.12068045884370804,0.2874754071235657,0.17130181193351746,0.145524263381958,0.07532257586717606
AB465,0.0,0.0,0.0,0.0,0.0,0.0,0.0,0.0,0.0,0.0,0.0,0.0,0.0,0.0,0.0,0.0,0.0,0.0,0.0,1.333333333,1.555555556,0.277777778,0.888888889,0.333333333,0.0,0.0,0.333333333,0.722222222,0.444444444,0.166666667,0.222222222,0.0,3.555555556,0.0,0.0,0.0,0.0,0.0,0.0,0.0,0.0,0.0,0.0,0.0,0.0,0.166666667,0.0,0.0,0.0,0.0,0.0,0.4200933277606964,0.12085222452878952,0.4528729021549225,0.20775656402111053,0.24876002967357635,0.1631513088941574,0.23988978564739227,0.16528388857841492,0.4067990481853485,0.13056281208992004,0.12057002633810043,0.09258768707513809,0.04792708158493042,0.3378354609012604,0.09692240506410599,0.17020724713802338,0.11631416529417038,0.2487306445837021,0.11602817475795746,0.5450085997581482,0.2932923436164856,0.33662447333335876,0.1535193771123886,0.09602818638086319,0.033465780317783356,0.12538662552833557,0.10238438099622726,0.07545983791351318,0.2199883759021759,0.30353549122810364,0.3734462857246399,0.2869696617126465,2.8473691940307617,0.16978800296783447,0.13835710287094116,0.3972359597682953,0.17075736820697784,0.06262768059968948,0.045476410537958145,0.18885819613933563,0.18413607776165009,0.14820192754268646,0.111737921833992,0.1781715452671051,0.16610471904277802,0.27763447165489197,0.10208410769701004,0.2534317374229431,0.1990780085325241,0.128591388463974,0.06891028583049774
AC155,0.214285714,0.0,0.0,0.0,0.0,0.035714286,0.0,0.0,0.035714286,0.142857143,0.0,0.0,0.0,0.178571429,0.321428571,0.25,0.0,0.214285714,0.142857143,2.464285714,2.5,0.142857143,1.285714286,0.5,0.214285714,0.321428571,0.0,0.642857143,0.357142857,0.0,0.0,0.071428571,0.142857143,0.0,0.0,0.071428571,0.142857143,0.0,0.0,0.0,0.0,0.107142857,0.0,0.071428571,0.0,0.0,0.142857143,0.178571429,0.0,0.0,0.0,0.4143669605255127,0.261357843875885,0.4591069519519806,0.34856724739074707,0.30371716618537903,0.17607638239860535,0.25995638966560364,0.22013744711875916,0.5035673379898071,0.12341183423995972,0.11814779788255692,0.17739005386829376,0.05278262123465538,0.5644281506538391,0.17282849550247192,0.19341060519218445,0.2297038733959198,0.2588955760002136,0.17832787334918976,0.20957480370998383,0.2932923436164856,0.1113867312669754,0.18686944246292114,0.0740382969379425,0.04458528384566307,0.1154424250125885,0.09924495965242386,0.07316158711910248,0.06490458548069,0.1922105848789215,0.3281655013561249,0.16668282449245453,0.14869606494903564,0.24345014989376068,0.10320745408535004,0.5015720725059509,0.17413072288036346,0.06173335760831833,0.04215671867132187,0.16136102378368378,0.19088098406791687,0.18226894736289978,0.09038595110177994,0.38100260496139526,0.24227887392044067,0.2697450816631317,0.10590760409832001,0.30532851815223694,0.22522710263729095,0.1507023572921753,0.08265483379364014
AC478,0.321428571,0.035714286,0.071428571,0.0,0.0,0.0,0.035714286,0.0,0.035714286,0.25,0.0,0.0,0.0,0.107142857,0.357142857,0.357142857,0.0,0.035714286,0.142857143,2.0,2.5,0.214285714,1.25,0.321428571,0.071428571,0.0,0.0,0.357142857,0.107142857,0.0,0.357142857,0.142857143,0.142857143,0.0,0.892857143,0.107142857,0.178571429,0.107142857,0.0,0.071428571,0.0,0.0,0.071428571,0.0,0.071428571,0.25,0.0,0.25,0.0,0.0,0.0,0.5103995203971863,0.4031866192817688,0.4613046944141388,0.1815372258424759,0.3179495632648468,0.17628785967826843,0.31463342905044556,0.19674909114837646,0.45907062292099,0.1325325071811676,0.11513431370258331,0.1498628854751587,0.06684371083974838,0.5707530379295349,0.11692766845226288,0.18902383744716644,0.2095649391412735,0.2329500913619995,0.1491529643535614,0.2852174937725067,0.3122434616088867,0.17359580099582672,0.4430486559867859,0.11924593150615692,0.051668182015419006,0.13538992404937744,0.23105326294898987,0.09230750799179077,0.38332873582839966,0.23864324390888214,0.37527182698249817,0.16795776784420013,0.2756950259208679,0.22942043840885162,0.1446455866098404,0.4243788719177246,0.17378611862659454,0.2200268805027008,0.04650803655385971,0.40305280685424805,0.19335423409938812,0.16231727600097656,0.10725460201501846,0.16981449723243713,0.12613517045974731,0.2810112535953522,0.12321999669075012,0.3179244101047516,0.2466168850660324,0.15066948533058167,0.07615594565868378
AE659,0.074074074,0.0,0.555555556,2.037037037,0.222222222,0.074074074,0.0,0.259259259,0.37037037,0.074074074,0.0,0.148148148,0.0,1.0,0.0,0.148148148,0.0,0.0,0.0,0.0,0.074074074,0.0,0.0,0.0,0.0,0.0,0.407407407,0.0,0.037037037,0.407407407,0.0,0.111111111,0.037037037,0.037037037,0.0,0.074074074,0.37037037,0.111111111,0.148148148,0.703703704,0.111111111,0.296296296,0.0,0.592592593,1.111111111,0.518518519,0.296296296,0.555555556,0.518518519,0.0,0.0,0.4389180839061737,0.19641320407390594,0.46547725796699524,0.8404217958450317,0.31185826659202576,0.16844791173934937,0.41319355368614197,0.20474295318126678,0.9352421760559082,0.1561620831489563,0.2799062728881836,0.3043420910835266,0.10759645700454712,1.2011555433273315,0.29735398292541504,0.30279311537742615,0.11583508551120758,0.17861589789390564,0.055141981691122055,0.17595458030700684,0.2932923436164856,0.09842906892299652,0.13952185213565826,0.08737601339817047,0.06595154851675034,0.15819798409938812,0.21526309847831726,0.08893038332462311,0.0916302502155304,0.23522211611270905,0.18478311598300934,0.17387115955352783,0.054812606424093246,0.1578044891357422,0.052820172160863876,0.3887983560562134,0.1792432963848114,0.09599620848894119,0.042205773293972015,0.293876975774765,0.22584982216358185,0.32400646805763245,0.060598891228437424,0.4322814643383026,0.5285773277282715,0.3508243262767792,0.17946220934391022,0.40538206696510315,0.4473167061805725,0.17978070676326752,0.12872248888015747
AG069,0.166666667,0.0,0.066666667,0.133333333,0.0,0.0,0.0,0.0,0.066666667,0.0,0.066666667,0.1,0.1,0.7,0.166666667,0.266666667,0.0,0.033333333,0.0,0.0,0.266666667,0.0,0.1,0.0,0.0,0.0,0.733333333,1.3,1.5,0.3,0.1,0.233333333,0.0,0.033333333,0.066666667,0.133333333,0.0,0.0,0.166666667,0.033333333,0.0,0.0,0.0,0.0,0.2,0.033333333,0.0,0.166666667,0.0,0.0,0.0,0.4331757724285126,0.6339734196662903,0.45570674538612366,0.39213287830352783,0.3256400227546692,0.14723898470401764,0.2975941300392151,0.17559334635734558,0.8275830149650574,0.14500519633293152,0.2881871461868286,0.2592180669307709,0.07844535261392593,0.6915629506111145,0.15290722250938416,0.2357570081949234,0.06853659451007843,0.09642437845468521,0.03822830319404602,0.13154356181621552,0.29568883776664734,0.1171170324087143,0.18889907002449036,0.10393047332763672,0.05486644059419632,0.20399165153503418,0.3008471131324768,0.17384174466133118,0.9746028184890747,0.3914235234260559,0.31270480155944824,0.2892712652683258,0.39497727155685425,0.15142518281936646,0.1109965369105339,0.5003279447555542,0.17658482491970062,0.08740480989217758,0.1825503557920456,0.434855580329895,0.1822449415922165,0.1475023478269577,0.08084534853696823,0.43279221653938293,0.46713000535964966,0.2730332016944885,0.1362178772687912,0.3044653534889221,0.1605762243270874,0.1641533225774765,0.130656898021698
AG298,0.3,0.066666667,0.166666667,0.0,0.333333333,0.1,0.0,0.0,0.1,0.066666667,0.066666667,0.066666667,0.0,0.8,0.533333333,0.5,0.166666667,0.266666667,0.233333333,0.7,1.233333333,0.266666667,1.433333333,0.033333333,0.2,0.0,0.833333333,0.466666667,0.366666667,0.2,0.0,0.133333333,0.0,0.166666667,0.033333333,0.266666667,0.233333333,0.0,0.033333333,0.033333333,0.0,0.166666667,0.066666667,0.0,0.0,0.0,0.0,0.2,0.0,0.0,0.0,0.4341331422328949,0.13238182663917542,0.45730480551719666,0.3546451926231384,0.3393761217594147,0.1675894409418106,0.2422599345445633,0.19306637346744537,0.6872379779815674,0.18793176114559174,0.20940648019313812,0.2633007764816284,0.06151563301682472,0.8733304142951965,0.29081830382347107,0.22151274979114532,0.1661820411682129,0.14640089869499207,0.0726320743560791,0.4165584146976471,0.295524537563324,0.09877744317054749,0.3044125735759735,0.0821409523487091,0.04298669472336769,0.12239537388086319,0.17464174330234528,0.07466933131217957,0.1545020192861557,0.3356790542602539,0.24090375006198883,0.12156692147254944,0.11444246768951416,0.16577473282814026,0.10264971107244492,0.44583138823509216,0.17172792553901672,0.04487088322639465,0.04201626032590866,0.1737547218799591,0.14062240719795227,0.1553271859884262,0.0838588997721672,0.3430742025375366,0.3308528959751129,0.29814884066581726,0.1417960226535797,0.3121784031391144,0.2313927412033081,0.14788857102394104,0.08959485590457916
AG354,0.2,0.0,0.233333333,0.133333333,0.266666667,0.033333333,0.466666667,0.333333333,0.766666667,0.066666667,0.0,0.1,0.0,0.566666667,0.266666667,0.333333333,0.233333333,0.266666667,0.2,0.166666667,0.1,0.233333333,0.466666667,0.166666667,0.0,0.2,0.0,0.0,0.066666667,0.0,0.4,0.0,0.066666667,0.2,0.0,0.833333333,0.0,0.0,0.033333333,0.066666667,0.533333333,0.366666667,0.266666667,0.366666667,0.2,0.133333333,0.0,0.2,0.5,0.033333333,0.166666667,0.41291412711143494,0.15466567873954773,0.45175307989120483,0.2841171324253082,0.3154379725456238,0.14285537600517273,0.4575839042663574,0.21423248946666718,0.6870070099830627,0.1447005271911621,0.1918407827615738,0.31976279616355896,0.08309471607208252,0.8691216707229614,0.17475852370262146,0.25534993410110474,0.1639419049024582,0.08968105912208557,0.05643751472234726,0.17872501909732819,0.2932923436164856,0.11229486763477325,0.19862699508666992,0.11030672490596771,0.06010882556438446,0.2060210257768631,0.19975832104682922,0.10004398971796036,0.34996357560157776,0.22461165487766266,0.24768377840518951,0.1497979760169983,0.11202842742204666,0.23258374631404877,0.11757456511259079,0.5275550484657288,0.177022784948349,0.13317374885082245,0.05693421512842178,0.1858706772327423,0.22987090051174164,0.17194771766662598,0.10207155346870422,0.2575787901878357,0.25696831941604614,0.2955138683319092,0.11870744824409485,0.3646666705608368,0.20382072031497955,0.1397247463464737,0.10103971511125565
AG810,0.433333333,0.033333333,0.466666667,0.3,0.133333333,0.466666667,0.033333333,0.166666667,0.733333333,0.0,0.133333333,0.066666667,0.0,0.4,0.033333333,0.2,0.0,0.0,0.0,0.0,0.0,0.0,0.0,0.0,0.0,0.0,0.0,0.0,0.166666667,0.066666667,0.166666667,0.1,0.033333333,0.0,0.0,0.5,0.2,0.0,0.033333333,0.1,0.133333333,0.1,0.0,2.766666667,1.066666667,0.266666667,0.0,0.533333333,0.133333333,0.066666667,0.4,0.41984671354293823,0.33113011717796326,0.45725950598716736,0.48848235607147217,0.31987860798835754,0.15669161081314087,0.3316069543361664,0.21424159407615662,0.8612486720085144,0.14633701741695404,0.24525535106658936,0.3270220160484314,0.12036420404911041,1.0150704383850098,0.3528359830379486,0.2466592639684677,0.1639997512102127,0.09417834132909775,0.049645330756902695,0.11202216148376465,0.29568883776664734,0.08870279043912888,0.1446382850408554,0.1096484363079071,0.053623780608177185,0.1601039320230484,0.2520444691181183,0.11112350225448608,0.2743225693702698,0.36611422896385193,0.3362337052822113,0.203593909740448,0.1618426889181137,0.14963281154632568,0.07586254179477692,0.4758870303630829,0.17079289257526398,0.06524161249399185,0.0757598876953125,0.21186472475528717,0.14344649016857147,0.17465806007385254,0.09159933775663376,1.0128308534622192,0.7048301100730896,0.2774237096309662,0.15620991587638855,0.39661189913749695,0.22575059533119202,0.15234775841236115,0.13870179653167725
AG869,0.5,0.0,0.333333333,0.1,0.3,0.1,0.066666667,0.033333333,0.566666667,0.0,0.0,0.233333333,0.0,0.566666667,0.433333333,0.1,0.0,0.3,0.033333333,0.833333333,1.133333333,0.5,1.166666667,0.1,0.0,0.2,0.0,0.2,0.0,0.033333333,0.3,0.066666667,0.133333333,0.066666667,0.0,0.666666667,0.3,0.0,0.0,0.066666667,0.066666667,0.066666667,0.1,0.066666667,0.3,0.033333333,0.0,0.233333333,0.166666667,0.0,0.0,0.4319285452365875,0.21329712867736816,0.4535452127456665,0.2508976459503174,0.3445125222206116,0.14852075278759003,0.18464651703834534,0.1979033350944519,0.3358064889907837,0.12108210474252701,0.1133628562092781,0.10802323371171951,0.05145855247974396,0.6683075428009033,0.2799927294254303,0.2539312243461609,0.18836939334869385,0.21435914933681488,0.14191709458827972,0.46286866068840027,0.295524537563324,0.10908893495798111,0.905617892742157,0.08104483783245087,0.036805104464292526,0.12017372250556946,0.15098024904727936,0.07892291247844696,0.0745895504951477,0.19229502975940704,0.17451100051403046,0.12666431069374084,0.030799707397818565,0.2667551040649414,0.1457996368408203,0.5126968026161194,0.17280229926109314,0.05558297783136368,0.03536064922809601,0.14984449744224548,0.21382111310958862,0.1773630827665329,0.08253968507051468,0.32130733132362366,0.3121502101421356,0.27669858932495117,0.12433834373950958,0.3568096458911896,0.21196401119232178,0.14354272186756134,0.1071983203291893
AH402,0.433333333,0.066666667,0.333333333,0.433333333,0.333333333,0.3,0.4,0.0,0.9,0.0,0.133333333,0.3,0.066666667,0.8,0.4,0.466666667,0.166666667,0.033333333,0.0,0.033333333,0.0,0.0,0.133333333,0.0,0.0,0.133333333,0.266666667,0.0,0.133333333,0.1,0.066666667,0.166666667,0.166666667,0.1,0.066666667,0.066666667,0.0,0.0,0.033333333,0.033333333,0.3,0.466666667,0.0,0.933333333,0.566666667,0.0,0.0,0.333333333,0.533333333,0.233333333,0.1,0.4187800884246826,0.13146930932998657,0.4521515369415283,0.40275806188583374,0.32607194781303406,0.14637407660484314,0.40710610151290894,0.20772632956504822,1.031805396080017,0.13127107918262482,0.21051611006259918,0.3117593824863434,0.08385716378688812,1.054189682006836,0.1428595781326294,0.2961518168449402,0.10915719717741013,0.07817482203245163,0.08863038569688797,0.1668480783700943,0.2932923436164856,0.08857038617134094,0.2295352965593338,0.08941762149333954,0.04244701936841011,0.21392621099948883,0.20270074903964996,0.11422063410282135,0.15864357352256775,0.2754822373390198,0.27591365575790405,0.1844363510608673,0.06819427758455276,0.17064566910266876,0.0788901224732399,0.48918962478637695,0.17172792553901672,0.09950566291809082,0.04044772684574127,0.19205285608768463,0.15530116856098175,0.20202693343162537,0.0717175230383873,0.5814046859741211,0.41142722964286804,0.29654037952423096,0.1566745787858963,0.3537580966949463,0.3056546449661255,0.15802210569381714,0.10004941374063492
AH541,0.166666667,0.2,0.266666667,0.0,0.0,0.0,0.6,0.166666667,1.7,0.1,1.366666667,1.366666667,0.266666667,1.066666667,0.0,0.3,0.0,0.0,0.0,0.066666667,0.1,0.0,0.066666667,0.066666667,0.1,0.1,0.2,0.233333333,0.666666667,0.2,0.566666667,0.033333333,0.0,0.0,0.1,0.266666667,0.1,0.0,0.033333333,0.033333333,0.0,0.0,0.0,0.2,0.033333333,0.133333333,0.0,0.166666667,0.066666667,0.066666667,0.1,0.46593543887138367,0.5190799832344055,0.44954416155815125,0.37245044112205505,0.31902143359184265,0.15375179052352905,0.507226288318634,0.23473745584487915,1.485702633857727,0.17583198845386505,0.6356903910636902,0.5827438831329346,0.19028541445732117,1.1099469661712646,0.2356816679239273,0.345273494720459,0.18672822415828705,0.09668739885091782,0.11614872515201569,0.1616244912147522,0.3056949973106384,0.10585414618253708,0.24205869436264038,0.07535974681377411,0.036704983562231064,0.20426812767982483,0.2761528789997101,0.09722744673490524,0.2952428162097931,0.30209463834762573,0.5008870363235474,0.2088135927915573,0.17185835540294647,0.16812445223331451,0.09029553085565567,0.475258469581604,0.17131203413009644,0.09765353053808212,0.10547161102294922,0.3798765540122986,0.1779993325471878,0.14078544080257416,0.07860235124826431,0.25629785656929016,0.3829484283924103,0.29021957516670227,0.14776983857154846,0.30820491909980774,0.1270056962966919,0.15471695363521576,0.09291133284568787
AH666,0.166666667,0.0,0.333333333,0.0,0.366666667,0.166666667,0.433333333,0.233333333,0.933333333,0.166666667,0.066666667,0.5,0.066666667,1.0,0.3,0.633333333,0.266666667,0.0,0.0,0.066666667,0.233333333,0.0,0.133333333,0.0,0.0,0.166666667,0.166666667,0.066666667,0.366666667,0.066666667,0.3,0.066666667,0.133333333,0.0,0.0,0.266666667,0.166666667,0.0,0.033333333,0.133333333,0.1,0.4,0.1,0.533333333,0.066666667,0.0,0.0,0.133333333,0.166666667,0.0,0.0,0.4436997175216675,0.363442063331604,0.5011069178581238,1.0316293239593506,0.3140210509300232,0.18684667348861694,0.41256266832351685,0.2324765920639038,1.125062108039856,0.15131618082523346,0.346975177526474,0.5545257925987244,0.08774222433567047,1.0101011991500854,0.14021551609039307,0.21660953760147095,0.21272876858711243,0.10056708753108978,0.07122456282377243,0.12283457815647125,0.2932923436164856,0.1254497766494751,0.14972743391990662,0.08935964852571487,0.026878155767917633,0.11562256515026093,0.19956785440444946,0.0829543024301529,0.15678009390830994,0.27934765815734863,0.31488943099975586,0.1772526353597641,0.24734356999397278,0.2319430261850357,0.09297790378332138,0.4671405851840973,0.17172792553901672,0.06258927285671234,0.05787642300128937,0.21031594276428223,0.19318148493766785,0.19335706532001495,0.09870187938213348,0.3538028299808502,0.285025030374527,0.30598142743110657,0.1390598565340042,0.35660967230796814,0.283159464597702,0.16973049938678741,0.15272854268550873
AJ018,0.5,0.0,0.466666667,0.0,0.4,0.066666667,0.433333333,0.1,0.1,0.0,0.0,0.0,0.0,0.5,0.133333333,0.033333333,0.166666667,0.066666667,0.2,0.0,0.0,0.0,0.0,0.3,0.0,1.1,0.0,0.1,0.2,0.433333333,0.0,0.033333333,0.1,0.4,0.2,1.266666667,0.033333333,0.066666667,0.0,0.133333333,0.533333333,0.233333333,0.0,0.1,0.033333333,0.133333333,0.0,0.033333333,0.333333333,0.0,0.233333333,0.4890100657939911,0.2045847475528717,0.49666985869407654,0.33674508333206177,0.3607752025127411,0.20274026691913605,0.3771819472312927,0.20002451539039612,0.497577428817749,0.21053612232208252,0.12167742848396301,0.1635107696056366,0.0661928728222847,0.850714385509491,0.3010112941265106,0.26171740889549255,0.274668425321579,0.28648698329925537,0.21945549547672272,0.439870685338974,0.3212829530239105,0.12264198809862137,0.3323851227760315,0.14253020286560059,0.050574854016304016,0.21507228910923004,0.10404708236455917,0.11508569121360779,0.13698752224445343,0.28219088912010193,0.17999421060085297,0.12589992582798004,0.28023576736450195,0.2941056787967682,0.1309373825788498,0.5499831438064575,0.17923763394355774,0.24930039048194885,0.04487243667244911,0.1892404705286026,0.26722148060798645,0.17936669290065765,0.11491815000772476,0.40039268136024475,0.19164825975894928,0.290287584066391,0.16758324205875397,0.2907000780105591,0.3529319763183594,0.197259783744812,0.14856353402137756
AJ058,0.3,0.1,0.266666667,0.1,0.233333333,0.0,0.533333333,0.166666667,1.033333333,0.133333333,0.0,0.0,0.0,1.833333333,0.4,0.266666667,0.933333333,0.133333333,0.1,0.366666667,0.433333333,0.0,0.7,0.533333333,0.2,0.4,0.0,0.0,0.2,0.266666667,0.0,0.233333333,0.0,0.3,0.066666667,0.3,0.233333333,0.1,0.0,0.2,0.1,0.033333333,0.033333333,0.1,0.166666667,0.5,0.033333333,0.566666667,0.0,0.266666667,0.0,0.4168860614299774,0.09644456952810287,0.46691322326660156,0.3378926217556,0.46517521142959595,0.17173099517822266,0.2658056318759918,0.3043118417263031,0.31981632113456726,0.16915403306484222,0.1471492201089859,0.07100271433591843,0.05616363510489464,1.2111958265304565,0.3114776909351349,0.29941070079803467,0.34435784816741943,0.25751808285713196,0.4297564625740051,0.29294586181640625,0.3040629029273987,0.10761630535125732,0.17799590528011322,0.0581883080303669,0.039836376905441284,0.16553670167922974,0.10023273527622223,0.07494115084409714,0.0633373036980629,0.16677561402320862,0.15552778542041779,0.10240602493286133,0.10990706831216812,0.19783219695091248,0.07026338577270508,0.46576398611068726,0.17308254539966583,0.0710553526878357,0.048236869275569916,0.17173317074775696,0.1841660588979721,0.2162146121263504,0.07899026572704315,0.49690574407577515,0.2632043957710266,0.3274093270301819,0.13372556865215302,0.25319769978523254,0.2776715159416199,0.15699879825115204,0.0887087807059288
AJ062,0.172413793,0.0,0.517241379,0.172413793,0.24137931,0.137931034,0.206896552,0.310344828,0.689655172,0.103448276,0.068965517,0.103448276,0.0,1.068965517,0.379310345,0.275862069,0.379310345,0.0,0.137931034,0.172413793,0.034482759,0.0,0.275862069,0.034482759,0.0,0.068965517,0.0,0.0,0.0,0.275862069,0.137931034,0.0,0.172413793,0.172413793,0.0,0.793103448,0.172413793,0.0,0.0,0.034482759,0.206896552,0.379310345,0.0,0.517241379,0.206896552,0.655172414,0.172413793,1.24137931,0.344827586,0.206896552,0.344827586,0.4173588454723358,0.11222485452890396,0.46208760142326355,0.4293624758720398,0.42233356833457947,0.15978561341762543,0.25716471672058105,0.31529316306114197,0.5076894760131836,0.16399911046028137,0.1311795562505722,0.15733249485492706,0.0597497932612896,1.0945913791656494,0.21166139841079712,0.2355603277683258,0.27377980947494507,0.18458668887615204,0.10841740667819977,0.27608758211135864,0.29732683300971985,0.10862667858600616,0.2585467994213104,0.07095109671354294,0.03182125464081764,0.1817486584186554,0.09846422076225281,0.07610355317592621,0.12329605221748352,0.25146517157554626,0.19627609848976135,0.1012299433350563,0.24997471272945404,0.1830299198627472,0.07304070144891739,0.4829789400100708,0.17275552451610565,0.09993325173854828,0.052182845771312714,0.1689734011888504,0.21371963620185852,0.20028066635131836,0.10229390114545822,0.18510225415229797,0.19755150377750397,0.28248265385627747,0.14165940880775452,0.2887360453605652,0.20272649824619293,0.15640738606452942,0.13727977871894836
AJ070,0.0,0.0,0.233333333,0.3,0.333333333,0.333333333,0.433333333,0.0,1.066666667,0.066666667,0.0,0.266666667,0.0,1.733333333,0.666666667,0.5,2.5,0.0,0.133333333,0.033333333,0.233333333,0.0,0.0,0.066666667,0.0,0.2,0.0,0.0,0.0,0.0,0.533333333,0.0,0.0,0.166666667,0.0,0.066666667,0.033333333,0.0,0.0,0.0,0.0,0.033333333,0.066666667,0.433333333,0.133333333,0.1,0.0,0.0,0.066666667,0.033333333,0.0,0.4141620099544525,0.10518622398376465,0.465402752161026,0.3645106256008148,0.502781867980957,0.18291454017162323,0.32441315054893494,0.25478824973106384,0.5831781029701233,0.13814282417297363,0.19630984961986542,0.29272475838661194,0.08865578472614288,1.3286365270614624,0.378030002117157,0.25628769397735596,0.40335842967033386,0.29857659339904785,0.3416607975959778,0.3628295660018921,0.295524537563324,0.14530429244041443,0.16465139389038086,0.08969746530056,0.03145736828446388,0.1699104756116867,0.1002085730433464,0.07519486546516418,0.07490748167037964,0.20538784563541412,0.15319451689720154,0.12536221742630005,0.24941159784793854,0.17579005658626556,0.060958221554756165,0.4339500963687897,0.1712765097618103,0.0633414015173912,0.03478480130434036,0.15803349018096924,0.23941712081432343,0.18196995556354523,0.09143204241991043,0.2912929356098175,0.18408215045928955,0.2833523452281952,0.12262026220560074,0.26575303077697754,0.26204779744148254,0.16056135296821594,0.1261807680130005
AJ108,0.310344828,0.0,0.344827586,0.0,0.103448276,0.0,0.517241379,0.310344828,2.24137931,0.103448276,0.551724138,1.103448276,0.206896552,1.517241379,0.310344828,0.379310345,0.482758621,0.0,0.103448276,0.0,0.068965517,0.0,0.068965517,0.0,0.0,0.103448276,0.0,0.0,0.0,0.275862069,0.482758621,0.0,0.0,0.068965517,0.0,0.275862069,0.034482759,0.0,0.0,0.068965517,0.172413793,0.103448276,0.0,0.275862069,0.310344828,0.068965517,0.068965517,0.344827586,0.103448276,0.034482759,0.103448276,0.44034138321876526,0.144783154129982,0.4496433436870575,0.41098544001579285,0.3886590301990509,0.17084266245365143,0.33040904998779297,0.21419240534305573,0.7079581022262573,0.1548290103673935,0.19911403954029083,0.2474750429391861,0.07654259353876114,0.9447236061096191,0.26465821266174316,0.21736375987529755,0.23957279324531555,0.20582814514636993,0.20940521359443665,0.44342803955078125,0.2937105596065521,0.13690243661403656,0.38010549545288086,0.07645116001367569,0.03620361536741257,0.18073074519634247,0.10342513769865036,0.07550455629825592,0.12442831695079803,0.16700619459152222,0.22778989374637604,0.13615994155406952,0.30335474014282227,0.265598863363266,0.0902760922908783,0.5590333342552185,0.17131203413009644,0.06141607090830803,0.03985719010233879,0.17421138286590576,0.2707115411758423,0.179726704955101,0.09939980506896973,0.19999638199806213,0.20846961438655853,0.2819019556045532,0.17135089635849,0.27562886476516724,0.2590366005897522,0.1575162559747696,0.1392921805381775
AJ119,0.066666667,0.0,0.366666667,0.166666667,0.6,0.233333333,0.166666667,0.266666667,0.633333333,0.1,0.166666667,0.0,0.0,1.4,0.366666667,0.733333333,0.633333333,0.866666667,0.233333333,0.633333333,0.2,1.233333333,0.366666667,0.7,0.166666667,0.3,0.233333333,0.1,0.066666667,0.3,0.233333333,0.066666667,0.0,0.0,0.0,0.2,0.0,0.0,0.0,0.1,0.0,0.2,0.0,0.1,0.166666667,0.066666667,0.0,0.466666667,0.166666667,0.333333333,0.066666667,0.4135412871837616,0.11243902146816254,0.48441407084465027,0.31976374983787537,0.39688384532928467,0.15037181973457336,0.21642394363880157,0.22648373246192932,0.6924065351486206,0.14980433881282806,0.17564097046852112,0.22576077282428741,0.0643499493598938,1.159127950668335,0.29086053371429443,0.2524755299091339,0.2687661051750183,0.11562314629554749,0.06101668253540993,0.23588551580905914,0.2919692397117615,0.12883590161800385,0.1415136307477951,0.07551413774490356,0.038789719343185425,0.16810815036296844,0.11327124387025833,0.07624371349811554,0.1975981742143631,0.303641676902771,0.287180632352829,0.17379052937030792,0.366224467754364,0.17456167936325073,0.07261499762535095,0.5347986817359924,0.17131203413009644,0.08582546561956406,0.05687323585152626,0.2359093427658081,0.20628473162651062,0.15518318116664886,0.13753458857536316,0.1263655424118042,0.2741008400917053,0.2827693819999695,0.1238594502210617,0.2716617286205292,0.17036207020282745,0.15619011223316193,0.06685813516378403
AJ192,0.133333333,0.0,0.4,0.0,0.366666667,0.0,1.0,0.433333333,1.1,0.0,0.0,0.6,0.1,1.8,0.566666667,0.4,2.3,0.1,0.0,0.1,0.1,0.0,0.1,0.0,0.0,0.066666667,0.0,0.0,0.0,0.333333333,0.266666667,0.0,0.0,0.066666667,0.0,0.066666667,0.033333333,0.033333333,0.0,0.133333333,0.0,0.0,0.166666667,0.9,0.166666667,0.0,0.0,0.0,0.066666667,0.033333333,0.0,0.4359866976737976,0.16067974269390106,0.46722131967544556,0.5863410234451294,0.3785594403743744,0.17885306477546692,0.4182373881340027,0.21611446142196655,0.8059737682342529,0.12890754640102386,0.231505885720253,0.3191892206668854,0.0965532436966896,1.1091104745864868,0.21367189288139343,0.24117498099803925,0.30307430028915405,0.09640182554721832,0.0724828690290451,0.24265927076339722,0.2932923436164856,0.10742779821157455,0.1970231980085373,0.08003133535385132,0.03773976489901543,0.21081292629241943,0.10298440605401993,0.08403317630290985,0.1112213209271431,0.1651313602924347,0.22481408715248108,0.15103431046009064,0.11249282211065292,0.17605654895305634,0.08683841675519943,0.5537223219871521,0.1719813048839569,0.095901720225811,0.06009720265865326,0.17953550815582275,0.18559451401233673,0.19787617027759552,0.0758887380361557,0.2179301530122757,0.2678459584712982,0.2796170115470886,0.12114983797073364,0.2736126482486725,0.25670844316482544,0.1597038209438324,0.1571657806634903
AJ244,0.172413793,0.0,0.344827586,0.275862069,0.413793103,0.034482759,0.827586207,0.24137931,1.310344828,0.068965517,0.517241379,0.517241379,0.103448276,1.965517241,0.482758621,0.24137931,1.103448276,0.137931034,0.0,0.172413793,0.172413793,0.0,0.310344828,0.137931034,0.137931034,0.172413793,0.0,0.0,0.0,0.172413793,0.24137931,0.0,0.0,0.068965517,0.0,0.517241379,0.0,0.0,0.0,0.137931034,0.310344828,0.137931034,0.034482759,0.551724138,0.103448276,0.034482759,0.0,0.0,0.103448276,0.103448276,0.0,0.45180708169937134,0.5572873950004578,0.4863104820251465,0.45008349418640137,0.44009432196617126,0.19891439378261566,0.3824400305747986,0.23891200125217438,0.9897127151489258,0.249235600233078,0.24759796261787415,0.2411184012889862,0.06607837975025177,0.9380519390106201,0.24185818433761597,0.23986375331878662,0.3165368139743805,0.277758926153183,0.22060544788837433,0.4851894974708557,0.29599642753601074,0.22014948725700378,0.25384414196014404,0.08557705581188202,0.053504060953855515,0.2209121286869049,0.10937664657831192,0.07229648530483246,0.2146245688199997,0.4015915095806122,0.2654896080493927,0.24817071855068207,0.5175814628601074,0.26609280705451965,0.12700946629047394,0.4982214868068695,0.17268389463424683,0.12586571276187897,0.052735988050699234,0.23796269297599792,0.3232543170452118,0.2623094916343689,0.12538115680217743,0.521024227142334,0.30902355909347534,0.3400718569755554,0.15803512930870056,0.3006865978240967,0.35560131072998047,0.18049725890159607,0.19811391830444336
AJ261,0.166666667,0.0,0.7,0.466666667,0.033333333,0.133333333,0.466666667,0.133333333,1.033333333,0.1,0.233333333,0.366666667,0.1,1.266666667,0.133333333,0.2,0.4,0.066666667,0.0,0.266666667,0.366666667,0.1,0.5,0.266666667,0.1,0.2,0.0,0.0,0.433333333,0.233333333,0.3,0.1,0.0,0.0,0.0,0.566666667,0.0,0.033333333,0.0,0.0,0.0,0.133333333,0.0,0.733333333,0.466666667,0.266666667,0.0,0.233333333,0.466666667,0.0,0.133333333,0.4445815682411194,0.24171163141727448,0.49566611647605896,1.0855357646942139,0.39048078656196594,0.18715327978134155,0.5159434080123901,0.32960206270217896,0.92435222864151,0.35629984736442566,0.28448936343193054,0.19260424375534058,0.0667852982878685,1.100368618965149,0.2588236331939697,0.25601688027381897,0.3211173117160797,0.1461217999458313,0.09708116203546524,0.3746289908885956,0.31035739183425903,0.11345995217561722,0.3400721549987793,0.0780155211687088,0.04457901790738106,0.21858294308185577,0.15599384903907776,0.07802772521972656,0.23365172743797302,0.3981753885746002,0.32021084427833557,0.14667262136936188,0.3887229263782501,0.23029372096061707,0.10527446866035461,0.581565797328949,0.17692844569683075,0.11767926067113876,0.06984546780586243,0.3426080346107483,0.2384764403104782,0.1617971956729889,0.1388644427061081,0.15260763466358185,0.2129056751728058,0.311920166015625,0.1771213561296463,0.28896668553352356,0.220433309674263,0.1655278503894806,0.16956627368927002
AJ438,0.137931034,0.0,0.206896552,0.275862069,0.275862069,0.0,0.034482759,0.24137931,0.689655172,0.0,0.068965517,0.0,0.0,1.137931034,0.931034483,0.448275862,0.793103448,1.034482759,1.137931034,0.620689655,0.482758621,0.275862069,0.310344828,0.103448276,0.068965517,0.137931034,0.0,0.0,0.0,0.206896552,0.103448276,0.0,0.0,0.0,0.0,0.310344828,0.137931034,0.206896552,0.0,0.310344828,0.0,0.172413793,0.0,0.344827586,0.206896552,0.75862069,0.0,0.517241379,0.137931034,0.206896552,0.103448276,0.44764190912246704,0.10595526546239853,0.47309768199920654,0.275385320186615,0.38290441036224365,0.17860496044158936,0.3644450902938843,0.2384682595729828,0.7083315849304199,0.12752598524093628,0.16139817237854004,0.1947900950908661,0.0705784410238266,1.13668692111969,0.3087530732154846,0.22566595673561096,0.30629992485046387,0.11026972532272339,0.0993751734495163,0.23954978585243225,0.29376423358917236,0.10863887518644333,0.19625289738178253,0.07144971191883087,0.03009379468858242,0.17444199323654175,0.10371840745210648,0.07332878559827805,0.056048061698675156,0.21082772314548492,0.1819547414779663,0.09631019830703735,0.042714428156614304,0.1867789775133133,0.06005614250898361,0.5067262053489685,0.1719813048839569,0.05148307979106903,0.033037807792425156,0.14867942035198212,0.21273255348205566,0.14662335813045502,0.07700078934431076,0.23248694837093353,0.16631639003753662,0.2750606834888458,0.1247389167547226,0.2566712498664856,0.2719362676143646,0.15324540436267853,0.1381405144929886
AJ449,0.366666667,0.133333333,0.066666667,0.0,0.2,0.0,0.366666667,0.1,1.5,0.1,0.366666667,0.433333333,0.1,1.533333333,0.266666667,0.266666667,0.033333333,0.0,0.0,0.066666667,0.0,0.0,0.0,0.266666667,0.0,0.333333333,0.333333333,0.166666667,0.1,1.133333333,0.866666667,0.0,0.0,0.1,0.0,0.333333333,0.066666667,0.066666667,0.0,0.0,0.2,0.233333333,0.1,0.233333333,0.166666667,0.533333333,0.133333333,0.566666667,0.3,0.066666667,0.0,0.4668870270252228,0.23626145720481873,0.46498194336891174,0.4164210557937622,0.4318676292896271,0.22069041430950165,0.38286906480789185,0.2237633466720581,0.8748429417610168,0.2782016098499298,0.4664975106716156,0.22271570563316345,0.10233437269926071,1.105690360069275,0.24664956331253052,0.22997145354747772,0.3048335611820221,0.14472146332263947,0.15794159471988678,0.3538764417171478,0.2932923436164856,0.14688274264335632,0.2540943920612335,0.08938348293304443,0.04056881368160248,0.2022300511598587,0.10733804106712341,0.0785866379737854,0.10685698688030243,0.21672455966472626,0.20753425359725952,0.17233851552009583,0.1415933519601822,0.2236931473016739,0.0765734538435936,0.5285006761550903,0.17104627192020416,0.08722890168428421,0.03680819272994995,0.17637263238430023,0.2367817759513855,0.1426287740468979,0.09686112403869629,0.2769859731197357,0.1672240048646927,0.31131604313850403,0.14266163110733032,0.26752376556396484,0.27425071597099304,0.16392531991004944,0.1406363546848297
AJ647,0.034482759,0.0,0.034482759,0.0,0.344827586,0.0,0.0,0.0,0.172413793,0.0,0.0,0.0,0.0,0.482758621,0.275862069,0.137931034,0.206896552,0.24137931,0.0,2.172413793,2.517241379,0.103448276,2.275862069,0.275862069,0.0,0.0,0.068965517,0.482758621,0.344827586,0.0,0.0,0.0,0.103448276,0.137931034,0.24137931,0.172413793,0.0,0.0,0.0,0.0,0.103448276,0.068965517,0.0,0.0,0.0,0.0,0.0,0.0,0.0,0.103448276,0.0,0.42378124594688416,0.18208439648151398,0.5046818256378174,0.3482588231563568,0.32760268449783325,0.17615292966365814,0.40606075525283813,0.2427309900522232,0.8781790733337402,0.12038622051477432,0.1920575201511383,0.27636751532554626,0.07027537375688553,0.8895997405052185,0.10837391018867493,0.20636585354804993,0.21611709892749786,0.1442372351884842,0.07323039323091507,0.24710813164710999,0.2932923436164856,0.10179968178272247,0.20026518404483795,0.07768238335847855,0.038474973291158676,0.12646345794200897,0.10604780912399292,0.07803136855363846,0.14396792650222778,0.21771328151226044,0.29881003499031067,0.12355943769216537,0.13603751361370087,0.16341863572597504,0.08649802207946777,0.4649270176887512,0.17179644107818604,0.06748080998659134,0.07382462173700333,0.2609236240386963,0.19473788142204285,0.26115426421165466,0.15087080001831055,0.36170974373817444,0.29047638177871704,0.28992655873298645,0.11312779784202576,0.34318774938583374,0.24982520937919617,0.15524281561374664,0.14841310679912567
AJ733,0.344827586,0.0,0.344827586,0.551724138,0.137931034,0.068965517,0.068965517,0.103448276,0.586206897,0.0,0.0,0.137931034,0.0,0.965517241,0.137931034,0.068965517,0.379310345,0.034482759,0.379310345,0.137931034,0.310344828,0.103448276,0.0,0.0,0.0,0.137931034,0.0,0.068965517,0.0,0.413793103,0.137931034,0.034482759,0.24137931,0.310344828,0.068965517,1.103448276,0.24137931,0.137931034,0.0,0.068965517,0.655172414,0.24137931,0.034482759,0.827586207,0.448275862,0.172413793,0.310344828,0.172413793,0.24137931,0.24137931,0.103448276,0.4523382782936096,0.31828734278678894,0.4663603603839874,0.27033355832099915,0.3292216360569,0.18427671492099762,0.41130518913269043,0.20739056169986725,0.7503402233123779,0.15620046854019165,0.24091006815433502,0.23971059918403625,0.06508796662092209,0.7449153661727905,0.17921042442321777,0.20408675074577332,0.19205722212791443,0.09473107010126114,0.07142631709575653,0.20007383823394775,0.2962447702884674,0.10448123514652252,0.15834367275238037,0.08334244042634964,0.037157412618398666,0.204899400472641,0.0991329550743103,0.0769239068031311,0.06924299150705338,0.2234107255935669,0.21268831193447113,0.16184495389461517,0.119264155626297,0.17597700655460358,0.0774369016289711,0.41658148169517517,0.17727500200271606,0.13262736797332764,0.03922463580965996,0.17024937272071838,0.16310040652751923,0.151280015707016,0.06789014488458633,0.14753030240535736,0.34421688318252563,0.28384095430374146,0.14006391167640686,0.3018290102481842,0.2787169814109802,0.1607706993818283,0.08208653330802917
AJ809,0.133333333,0.0,0.366666667,0.0,0.133333333,0.0,0.066666667,0.066666667,0.2,0.0,0.0,0.0,0.0,0.7,0.3,0.333333333,0.133333333,0.2,0.066666667,1.7,2.433333333,0.133333333,0.766666667,0.233333333,0.133333333,0.0,0.166666667,0.2,0.0,0.333333333,0.2,0.1,0.0,0.166666667,0.1,0.4,0.133333333,0.0,0.133333333,0.0,0.433333333,0.333333333,0.0,0.0,0.033333333,0.233333333,0.0,0.433333333,0.366666667,0.066666667,0.0,0.43595999479293823,0.18862846493721008,0.4467216432094574,0.8708546757698059,0.3287802040576935,0.17068897187709808,0.524962842464447,0.34260061383247375,0.7036646604537964,0.40168920159339905,0.19824449717998505,0.2159195989370346,0.06839147210121155,1.5252765417099,0.5383052825927734,0.6919514536857605,0.3192984163761139,0.2099783569574356,0.12411831319332123,0.3327816128730774,0.3045974373817444,0.10784536600112915,0.3983563184738159,0.10483682155609131,0.09087134152650833,0.2314702719449997,0.19241252541542053,0.08782916516065598,0.2944432199001312,0.4786284267902374,0.2068963497877121,0.1579464077949524,0.13297852873802185,0.20370832085609436,0.12175725400447845,0.44613218307495117,0.17307451367378235,0.09517251700162888,0.12116402387619019,0.2866780161857605,0.17117124795913696,0.18481862545013428,0.16892646253108978,0.6267179250717163,0.5028252005577087,0.3034806251525879,0.15330713987350464,0.40098312497138977,0.279276579618454,0.16716761887073517,0.17699500918388367
AJ915,0.2,0.0,0.433333333,0.133333333,0.266666667,0.0,0.233333333,0.033333333,0.2,0.0,0.0,0.0,0.0,0.266666667,0.3,0.066666667,0.2,0.1,0.0,0.7,0.666666667,0.533333333,0.1,0.166666667,0.0,0.0,0.066666667,0.0,0.8,0.6,0.833333333,0.6,0.266666667,0.266666667,0.2,1.066666667,0.266666667,0.366666667,0.066666667,1.366666667,0.2,0.0,0.3,0.033333333,0.166666667,0.4,0.0,0.133333333,0.233333333,0.066666667,0.1,0.406303733587265,0.11094111949205399,0.4444124400615692,0.22966034710407257,0.3135303854942322,0.14530567824840546,0.15262673795223236,0.1979406774044037,0.22721126675605774,0.11063241213560104,0.091203972697258,0.0529148131608963,0.047788843512535095,0.7030355930328369,0.1613095998764038,0.18137510120868683,0.11246535181999207,0.10517366975545883,0.0616552010178566,0.19627198576927185,0.2960870563983917,0.14093735814094543,0.19283238053321838,0.2546398341655731,0.033555544912815094,0.12460776418447495,0.14879557490348816,0.10121476650238037,0.3497275114059448,0.19440631568431854,0.17131149768829346,0.18691842257976532,0.13231688737869263,0.17092129588127136,0.10611177235841751,0.4863124191761017,0.17079289257526398,0.08587992191314697,0.046540532261133194,0.3242526054382324,0.14647433161735535,0.13497038185596466,0.09171727299690247,0.13938157260417938,0.19378937780857086,0.26887860894203186,0.10297979414463043,0.25662270188331604,0.14489367604255676,0.1376977413892746,0.058050092309713364
AJ986,0.0,0.0,0.620689655,0.137931034,0.068965517,0.034482759,0.068965517,0.310344828,0.275862069,0.0,0.0,0.103448276,0.0,1.24137931,0.551724138,0.448275862,0.931034483,1.275862069,0.103448276,0.793103448,0.172413793,1.862068966,0.310344828,0.655172414,0.0,0.172413793,0.0,0.0,0.0,0.275862069,0.172413793,0.0,0.448275862,0.0,0.24137931,0.275862069,0.137931034,0.0,0.0,0.0,0.068965517,0.206896552,0.24137931,0.413793103,0.137931034,0.275862069,0.137931034,0.137931034,0.0,0.206896552,0.103448276,0.41354885697364807,0.09367665648460388,0.45089009404182434,0.4196334183216095,0.47174033522605896,0.16287462413311005,0.24069109559059143,0.24725495278835297,0.4521676003932953,0.1449558138847351,0.13554897904396057,0.12881775200366974,0.050681568682193756,1.0743070840835571,0.29533079266548157,0.26218852400779724,0.2904200255870819,0.12356000393629074,0.08368158340454102,0.26308977603912354,0.3000357151031494,0.10424147546291351,0.19886882603168488,0.06473259627819061,0.03338536620140076,0.165692538022995,0.11352808028459549,0.07216288894414902,0.1191580519080162,0.27417758107185364,0.20817208290100098,0.1534782201051712,0.13244330883026123,0.1651037335395813,0.08025764673948288,0.4484160244464874,0.17609335482120514,0.0798758715391159,0.04410628601908684,0.2221389263868332,0.18373644351959229,0.18867647647857666,0.11892050504684448,0.15130935609340668,0.4025503396987915,0.28198671340942383,0.12637938559055328,0.29474544525146484,0.22628584504127502,0.15657371282577515,0.07781205326318741
AJ995,0.333333333,0.0,0.266666667,0.166666667,0.666666667,0.0,0.133333333,0.0,0.366666667,0.0,0.0,0.0,0.0,0.666666667,1.066666667,0.633333333,0.633333333,1.066666667,1.766666667,0.8,0.733333333,0.133333333,0.433333333,0.0,0.0,0.233333333,0.033333333,0.1,0.133333333,0.1,0.0,0.133333333,0.0,0.233333333,0.0,0.5,0.0,0.0,0.0,0.0,0.433333333,0.133333333,0.0,0.3,0.166666667,0.2,0.0,0.366666667,0.0,0.0,0.0,0.4067651629447937,0.11262904852628708,0.4732869267463684,0.3010145127773285,0.49259117245674133,0.16358350217342377,0.3267461061477661,0.2367124855518341,0.6891124844551086,0.4463048279285431,0.2094811052083969,0.2772062420845032,0.09849335253238678,1.0860595703125,0.3688408434391022,0.24694816768169403,0.2200356125831604,0.34597042202949524,0.44781768321990967,0.41149529814720154,0.295524537563324,0.15632282197475433,0.17031161487102509,0.0776950940489769,0.0387570746243,0.1667460799217224,0.10335690528154373,0.07437008619308472,0.07743952423334122,0.2382275015115738,0.14104852080345154,0.12572750449180603,0.12505397200584412,0.16630403697490692,0.06107588857412338,0.4859471023082733,0.17205356061458588,0.06268151849508286,0.033856745809316635,0.16049137711524963,0.2966473400592804,0.15915988385677338,0.08901505917310715,0.1969529092311859,0.138877734541893,0.27661752700805664,0.12628355622291565,0.2640902101993561,0.2197282910346985,0.1459423452615738,0.1116437017917633
AK010,0.3,0.0,0.366666667,0.0,0.0,0.566666667,0.4,0.4,1.166666667,3.5,0.533333333,0.3,0.0,2.066666667,0.166666667,0.3,0.133333333,0.0,0.0,0.0,0.2,0.0,0.0,0.0,0.0,0.066666667,0.0,0.0,0.0,0.7,0.133333333,0.0,0.0,0.0,0.0,0.166666667,0.233333333,0.0,0.0,0.0,0.066666667,0.0,0.0,0.4,0.1,0.4,0.0,0.1,0.0,0.0,0.2,0.4347415566444397,0.10962506383657455,0.4502978026866913,0.15027813613414764,0.32814013957977295,0.19478903710842133,0.40614843368530273,0.2802450656890869,0.6623920798301697,0.6251630187034607,0.1615479588508606,0.12975123524665833,0.06174665689468384,1.4271031618118286,0.2430988848209381,0.25183728337287903,0.16444435715675354,0.10875111818313599,0.0807507187128067,0.11637672781944275,0.2962447702884674,0.09120642393827438,0.17362715303897858,0.06869792193174362,0.027945468202233315,0.19552795588970184,0.10416755080223083,0.080686554312706,0.1499973088502884,0.46221622824668884,0.20940937101840973,0.10400614142417908,0.049477964639663696,0.18397048115730286,0.0580509789288044,0.48319390416145325,0.17104627192020416,0.04940592125058174,0.037103649228811264,0.16222424805164337,0.15383696556091309,0.12279973924160004,0.10077863931655884,0.2595887780189514,0.14523117244243622,0.2985346019268036,0.1363031268119812,0.2765354514122009,0.13201795518398285,0.14721818268299103,0.16802182793617249
AK135,0.433333333,0.1,0.433333333,0.0,0.166666667,0.5,0.666666667,0.566666667,0.666666667,1.4,0.1,0.066666667,0.0,1.1,0.0,0.066666667,0.066666667,0.133333333,0.0,0.166666667,0.1,0.0,0.0,0.0,0.0,0.1,0.0,0.0,0.066666667,0.233333333,0.166666667,0.0,0.0,0.1,0.033333333,0.566666667,0.266666667,0.0,0.0,0.0,0.033333333,0.166666667,0.0,0.466666667,0.0,0.466666667,0.833333333,0.433333333,0.3,0.366666667,0.333333333,0.4190894365310669,0.09864345192909241,0.47603484988212585,0.24449878931045532,0.32234084606170654,0.18461431562900543,0.4769887328147888,0.255551278591156,0.8241342902183533,0.23600448668003082,0.2521050274372101,0.2534930109977722,0.08233118057250977,1.5532078742980957,0.4032365083694458,0.27478718757629395,0.21248936653137207,0.08836383372545242,0.05941439047455788,0.18819966912269592,0.293588787317276,0.08993613719940186,0.2204248458147049,0.0736612007021904,0.03180203586816788,0.17153926193714142,0.10979479551315308,0.07635131478309631,0.16313856840133667,0.35872024297714233,0.2440011203289032,0.10780466347932816,0.11726997047662735,0.18034586310386658,0.060675621032714844,0.45893117785453796,0.17104627192020416,0.0739097073674202,0.03923055902123451,0.17206592857837677,0.20037002861499786,0.10853740572929382,0.09666528552770615,0.20613622665405273,0.19140776991844177,0.3001626133918762,0.1281353086233139,0.2861883342266083,0.13559584319591522,0.14763638377189636,0.1588103026151657
AK361,0.366666667,0.0,0.4,0.0,0.166666667,0.066666667,0.766666667,0.1,0.7,0.866666667,0.066666667,0.133333333,0.2,1.833333333,0.6,1.333333333,0.266666667,0.166666667,0.366666667,0.3,1.0,0.133333333,0.433333333,0.1,0.0,0.3,0.033333333,0.3,0.433333333,0.333333333,0.2,0.0,0.0,0.133333333,0.0,0.7,0.1,0.0,0.0,0.0,0.0,0.0,0.0,0.1,0.0,0.1,0.133333333,0.166666667,0.0,0.066666667,0.166666667,0.41773107647895813,0.10118131339550018,0.4689585864543915,0.33880671858787537,0.33283859491348267,0.1966814249753952,0.5295759439468384,0.25144505500793457,0.696501612663269,0.1773436963558197,0.2812115252017975,0.25284406542778015,0.05988868325948715,1.0851848125457764,0.2340368628501892,0.2510800361633301,0.179103285074234,0.07998577505350113,0.05488843470811844,0.1413293480873108,0.29205986857414246,0.08888635039329529,0.15679383277893066,0.07034201174974442,0.0337836816906929,0.18259219825267792,0.11109445989131927,0.07217081636190414,0.10872720181941986,0.39230242371559143,0.2665601372718811,0.10242773592472076,0.09943289309740067,0.17454317212104797,0.05737484619021416,0.5082644820213318,0.17316126823425293,0.05005957558751106,0.03906053677201271,0.15586844086647034,0.14686596393585205,0.12952269613742828,0.13093522191047668,0.14779061079025269,0.16686725616455078,0.2792956531047821,0.14355255663394928,0.2786206901073456,0.13615724444389343,0.15329252183437347,0.11934147030115128
AK366,0.566666667,0.0,0.433333333,0.0,0.133333333,0.1,0.433333333,0.333333333,1.533333333,0.366666667,0.2,0.4,0.0,1.733333333,0.333333333,0.3,0.433333333,0.033333333,0.033333333,0.1,0.1,0.0,0.566666667,0.233333333,0.066666667,0.2,0.0,0.133333333,0.0,0.3,0.4,0.0,0.1,0.166666667,0.0,0.233333333,0.1,0.0,0.0,0.0,0.1,0.333333333,0.066666667,0.3,0.2,0.8,0.333333333,0.733333333,0.3,0.0,0.133333333,0.4414118528366089,0.10220053791999817,0.45422953367233276,0.21300314366817474,0.3303607106208801,0.18528485298156738,0.47031745314598083,0.2438237965106964,0.995641827583313,0.15360987186431885,0.23011678457260132,0.12395191192626953,0.06987042725086212,1.472377061843872,0.4269820749759674,0.29682356119155884,0.293133407831192,0.0849229022860527,0.04439961165189743,0.17963753640651703,0.2970328629016876,0.08898264169692993,0.1867503821849823,0.12642492353916168,0.03700961172580719,0.20497460663318634,0.10112155228853226,0.07499127089977264,0.14656293392181396,0.3747718930244446,0.2546703517436981,0.0983385369181633,0.04778474569320679,0.18030737340450287,0.05650920793414116,0.46614572405815125,0.17316126823425293,0.04541720822453499,0.03455621004104614,0.15143531560897827,0.15602171421051025,0.135069340467453,0.11405226588249207,0.2671732008457184,0.20102423429489136,0.2866061329841614,0.1491563618183136,0.2719402611255646,0.21456658840179443,0.15945404767990112,0.17599821090698242
AK418,0.7,0.0,0.3,0.0,0.166666667,0.0,0.133333333,0.0,0.333333333,0.166666667,0.133333333,0.0,0.0,0.433333333,0.2,0.0,0.1,0.066666667,0.3,0.233333333,0.066666667,0.6,0.0,0.133333333,0.0,0.066666667,0.0,0.0,0.1,0.633333333,0.5,0.166666667,0.5,0.1,0.066666667,0.7,0.2,0.0,0.0,0.0,0.833333333,0.066666667,0.066666667,0.0,0.033333333,1.3,0.333333333,0.1,0.666666667,0.566666667,0.6,0.4690277874469757,0.13203094899654388,0.4639933407306671,0.13403113186359406,0.32008594274520874,0.18292692303657532,0.31104859709739685,0.23078782856464386,0.784575343132019,0.2247822880744934,0.20362979173660278,0.2938985526561737,0.08319737762212753,0.7720716595649719,0.21683749556541443,0.1834491491317749,0.1220276951789856,0.14137819409370422,0.20912905037403107,0.2767344117164612,0.2961702048778534,0.2495841681957245,0.19284991919994354,0.1347167044878006,0.028439871966838837,0.22243402898311615,0.11398584395647049,0.12248776108026505,0.17700739204883575,0.4157176911830902,0.30295321345329285,0.11301245540380478,0.2588241398334503,0.20105695724487305,0.08709448575973511,0.5107783675193787,0.17422138154506683,0.09165877103805542,0.04358441010117531,0.17835156619548798,0.384568452835083,0.15207114815711975,0.09483888745307922,0.17599661648273468,0.19823943078517914,0.3365482985973358,0.1545265018939972,0.28097137808799744,0.4833497703075409,0.21403150260448456,0.27222558856010437
AK432,0.566666667,0.0,0.366666667,0.1,0.1,0.466666667,0.4,0.3,1.1,3.8,0.7,0.1,0.0,2.566666667,0.133333333,0.266666667,0.0,0.0,0.0,0.0,0.133333333,0.0,0.0,0.0,0.066666667,0.133333333,0.066666667,0.0,0.0,0.5,0.066666667,0.0,0.0,0.133333333,0.0,0.0,0.0,0.0,0.0,0.0,0.0,0.0,0.033333333,0.133333333,0.1,0.1,0.1,0.1,0.133333333,0.166666667,0.166666667,0.4285195767879486,0.10498026013374329,0.4759201109409332,0.14392004907131195,0.3043872117996216,0.16748514771461487,0.4553213119506836,0.2507355809211731,1.087162971496582,0.20587871968746185,0.20509104430675507,0.1825469434261322,0.05759858340024948,1.3413132429122925,0.24453569948673248,0.26818418502807617,0.25331807136535645,0.07995165884494781,0.06527513265609741,0.16855360567569733,0.29385486245155334,0.0971786379814148,0.21041914820671082,0.08905626088380814,0.03490085527300835,0.1909605711698532,0.10622544586658478,0.08120787143707275,0.16396234929561615,0.4975227415561676,0.33041390776634216,0.11413629353046417,0.35854095220565796,0.17961189150810242,0.061521243304014206,0.47087833285331726,0.17316126823425293,0.04786999151110649,0.03375699743628502,0.15724709630012512,0.14200563728809357,0.12756827473640442,0.12814797461032867,0.21624347567558289,0.13499899208545685,0.283522367477417,0.15484409034252167,0.2697942554950714,0.14043083786964417,0.15198861062526703,0.15953846275806427
AK531,0.766666667,0.0,0.166666667,0.0,0.066666667,0.2,0.133333333,0.0,0.366666667,0.433333333,0.2,0.0,0.1,0.333333333,0.0,0.0,0.0,0.066666667,0.2,0.366666667,0.2,0.866666667,0.0,0.266666667,0.0,0.233333333,0.0,0.066666667,0.3,1.0,0.6,1.0,0.366666667,0.5,0.2,0.633333333,0.066666667,0.0,0.0,1.0,0.233333333,0.166666667,0.1,0.0,0.0,0.4,0.0,0.0,0.566666667,0.266666667,0.5,0.4634714424610138,0.1386721134185791,0.44982588291168213,0.21060901880264282,0.3068850636482239,0.17417894303798676,0.3707844018936157,0.20532120764255524,0.8589441776275635,0.18014076352119446,0.19562113285064697,0.33690229058265686,0.07649140805006027,0.8258228898048401,0.24513709545135498,0.18617208302021027,0.06874825805425644,0.09760332107543945,0.15065819025039673,0.295196533203125,0.2984023988246918,0.29383406043052673,0.1527947038412094,0.272053986787796,0.03200765326619148,0.18557429313659668,0.13335417211055756,0.12815791368484497,0.33459123969078064,0.342755526304245,0.34489530324935913,0.20162233710289001,0.36270949244499207,0.2021448314189911,0.11240028589963913,0.5443864464759827,0.17264142632484436,0.11436519026756287,0.044901713728904724,0.2513471841812134,0.30049729347229004,0.12155389040708542,0.09690500795841217,0.112334705889225,0.1673424243927002,0.3081093728542328,0.13365493714809418,0.2574199140071869,0.32885390520095825,0.20733892917633057,0.20141084492206573
AK719,0.333333333,0.0,0.4,0.0,0.4,0.066666667,0.366666667,0.066666667,0.366666667,0.066666667,0.066666667,0.0,0.0,0.733333333,0.166666667,0.1,0.1,0.0,0.0,0.0,0.066666667,0.1,0.0,0.0,0.0,0.1,0.0,0.0,0.0,1.6,0.533333333,0.266666667,0.4,0.066666667,0.0,0.433333333,0.366666667,0.0,0.0,0.0,0.166666667,0.066666667,0.0,0.133333333,0.433333333,1.8,0.133333333,1.533333333,0.1,0.133333333,0.533333333,0.43804287910461426,0.11443324387073517,0.44920608401298523,0.14400362968444824,0.2824706435203552,0.1676701307296753,0.2765766382217407,0.1701454520225525,0.7550545334815979,0.14210937917232513,0.14694693684577942,0.21749120950698853,0.08225715160369873,0.9512167572975159,0.2829669415950775,0.19916309416294098,0.10318641364574432,0.09922639280557632,0.06124120578169823,0.21763253211975098,0.2932923436164856,0.21707415580749512,0.18164533376693726,0.33163782954216003,0.03458824008703232,0.13561883568763733,0.17195619642734528,0.14151343703269958,0.5948584675788879,0.40435293316841125,0.33680111169815063,0.3943634629249573,0.35807567834854126,0.19464246928691864,0.12497405707836151,0.4564027488231659,0.17316126823425293,0.26576945185661316,0.04380136728286743,0.42384839057922363,0.15199005603790283,0.13886229693889618,0.08674129843711853,0.18189452588558197,0.16398508846759796,0.3023781478404999,0.13506263494491577,0.30326274037361145,0.18390072882175446,0.148199200630188,0.14543524384498596
AK727,0.4,0.0,0.266666667,0.233333333,0.566666667,0.133333333,0.533333333,0.266666667,0.8,0.0,0.1,0.266666667,0.0,1.433333333,0.166666667,0.6,0.066666667,0.266666667,0.166666667,0.2,0.233333333,0.0,0.266666667,0.0,0.0,0.066666667,0.0,0.0,0.0,0.266666667,0.233333333,0.033333333,0.0,0.066666667,0.0,0.466666667,0.0,0.0,0.0,0.1,0.666666667,0.066666667,0.0,0.533333333,0.5,0.333333333,0.133333333,0.266666667,0.533333333,0.2,0.133333333,0.41365334391593933,0.11270371079444885,0.45389920473098755,0.3264468312263489,0.32321617007255554,0.18334390223026276,0.3684435784816742,0.2488373965024948,1.2325212955474854,0.464261919260025,0.26805242896080017,0.49253976345062256,0.1168287917971611,1.274624228477478,0.44599688053131104,0.35644057393074036,0.21388737857341766,0.11177919059991837,0.20320357382297516,0.20016001164913177,0.2932923436164856,0.12438865005970001,0.16290655732154846,0.09228867292404175,0.03650036081671715,0.18118424713611603,0.10373292863368988,0.08362880349159241,0.2018100917339325,0.3039552867412567,0.2788994610309601,0.1600380539894104,0.2505502998828888,0.19252978265285492,0.07073524594306946,0.4874987006187439,0.17205356061458588,0.08107168227434158,0.04528056085109711,0.1638757884502411,0.16465769708156586,0.1453690528869629,0.08724107593297958,0.24764752388000488,0.2659149169921875,0.2803691625595093,0.12597952783107758,0.27724605798721313,0.2848418056964874,0.14717891812324524,0.13876113295555115
AM182,0.1,0.0,0.166666667,0.1,0.066666667,0.0,0.7,0.1,1.966666667,0.5,0.766666667,0.966666667,0.066666667,1.633333333,0.233333333,0.233333333,0.1,0.066666667,0.0,0.066666667,0.033333333,0.0,0.0,0.0,0.233333333,0.233333333,0.0,0.033333333,0.0,0.133333333,0.1,0.0,0.0,0.0,0.0,0.3,0.0,0.0,0.0,0.0,0.0,0.066666667,0.0,0.166666667,0.233333333,0.066666667,0.266666667,0.066666667,0.433333333,0.166666667,0.2,0.42104509472846985,0.12579195201396942,0.4453876316547394,0.09944147616624832,0.26939377188682556,0.13388559222221375,0.3102623522281647,0.18209753930568695,0.8115886449813843,0.12454705685377121,0.17954549193382263,0.24419765174388885,0.100770004093647,1.0256693363189697,0.3147212862968445,0.35991206765174866,0.0856727585196495,0.10360604524612427,0.04746154695749283,0.13453687727451324,0.2932923436164856,0.0977843850851059,0.12360568344593048,0.06591944396495819,0.03448295220732689,0.11644332110881805,0.12916827201843262,0.10227224230766296,0.16753539443016052,0.2959260940551758,0.3621990978717804,0.1664625108242035,0.16034911572933197,0.15908493101596832,0.05815531313419342,0.4313410520553589,0.1731257438659668,0.04950319230556488,0.042686425149440765,0.1743582934141159,0.12827086448669434,0.10313581675291061,0.08906421810388565,0.10216419398784637,0.07061570137739182,0.2613857090473175,0.09559427201747894,0.2568093240261078,0.0999486967921257,0.1433260142803192,0.05541115254163742
AM212,0.3,0.0,0.433333333,0.0,0.366666667,0.033333333,0.166666667,0.366666667,0.6,0.333333333,0.233333333,0.366666667,0.0,1.233333333,0.666666667,0.566666667,0.066666667,0.0,0.0,0.066666667,0.0,0.0,0.2,0.1,0.0,0.3,0.333333333,0.033333333,0.533333333,0.233333333,0.3,0.0,0.0,0.133333333,0.0,0.066666667,0.666666667,0.0,0.0,0.166666667,0.0,0.0,0.133333333,0.133333333,0.233333333,0.333333333,0.0,0.833333333,0.2,0.266666667,0.166666667,0.4114643931388855,0.11125651001930237,0.4499419927597046,0.16573798656463623,0.3517785668373108,0.187373548746109,0.4729011654853821,0.2805132567882538,0.9475558996200562,0.14652857184410095,0.26322486996650696,0.36337199807167053,0.059760838747024536,1.2977349758148193,0.4170483648777008,0.28878992795944214,0.12052252143621445,0.09054730087518692,0.05519123002886772,0.22998858988285065,0.2960870563983917,0.09888189285993576,0.18224680423736572,0.13787385821342468,0.034970030188560486,0.19061601161956787,0.10775597393512726,0.08038438111543655,0.11154550313949585,0.23566260933876038,0.28034618496894836,0.13621729612350464,0.15784482657909393,0.18140153586864471,0.058368951082229614,0.5434114336967468,0.17104627192020416,0.04562139883637428,0.04034788906574249,0.1536514163017273,0.14469553530216217,0.1088874340057373,0.08355200290679932,0.13984890282154083,0.18826346099376678,0.28415489196777344,0.1302792727947235,0.2727760076522827,0.1559406965970993,0.1424061805009842,0.10937284678220749
AM431,0.233333333,0.166666667,0.466666667,0.233333333,0.4,0.066666667,0.2,0.0,0.933333333,0.3,0.466666667,0.333333333,0.0,1.2,0.0,0.233333333,0.1,0.033333333,0.0,0.4,0.433333333,0.3,0.233333333,0.033333333,0.066666667,0.066666667,0.1,0.1,0.5,0.466666667,0.1,0.233333333,1.533333333,0.266666667,0.066666667,0.566666667,0.0,0.0,0.0,0.0,0.066666667,0.0,0.0,0.133333333,0.166666667,0.2,0.0,0.066666667,0.1,0.0,0.3,0.4106957018375397,0.10466644167900085,0.46437400579452515,0.18981656432151794,0.35285484790802,0.17833860218524933,0.4315274953842163,0.2588842511177063,0.9337510466575623,0.13479073345661163,0.19293822348117828,0.289440780878067,0.06733252853155136,1.190800428390503,0.25294703245162964,0.2654140293598175,0.1943037062883377,0.08760230243206024,0.08067315071821213,0.3486567437648773,0.30020973086357117,0.19971302151679993,0.21628841757774353,0.11109230667352676,0.03350929170846939,0.20115980505943298,0.10605503618717194,0.07559908181428909,0.1682068258523941,0.3436526358127594,0.44059011340141296,0.21124662458896637,0.7644469141960144,0.18653449416160583,0.08066192269325256,0.6351762413978577,0.17104627192020416,0.05969218909740448,0.04181972146034241,0.1590222716331482,0.176299586892128,0.136525496840477,0.10899028182029724,0.11402744054794312,0.14033429324626923,0.2768581211566925,0.12147051841020584,0.25882047414779663,0.15238305926322937,0.14268706738948822,0.08477317541837692
AM435,0.4,0.0,1.1,1.433333333,0.833333333,0.433333333,0.2,0.566666667,0.833333333,0.2,0.166666667,0.066666667,0.0,1.466666667,0.433333333,0.633333333,0.433333333,0.166666667,0.1,0.2,0.0,0.066666667,0.166666667,0.066666667,0.0,0.0,0.0,0.0,0.0,0.3,0.3,0.2,0.166666667,0.233333333,0.0,0.733333333,0.033333333,0.0,0.0,0.0,0.533333333,0.066666667,0.0,0.266666667,0.933333333,0.666666667,0.133333333,0.566666667,0.166666667,0.2,0.166666667,0.4355539381504059,0.11533042788505554,0.47087663412094116,0.39108723402023315,0.3386678695678711,0.23605094850063324,0.5813413858413696,0.3224175274372101,0.7312700748443604,0.14968399703502655,0.2561955749988556,0.2959529757499695,0.07800736278295517,1.3705778121948242,0.37151649594306946,0.30675163865089417,0.19075442850589752,0.09284057468175888,0.04097488522529602,0.12459403276443481,0.29385486245155334,0.09330887347459793,0.07806849479675293,0.06784149259328842,0.026938993483781815,0.14216521382331848,0.09816838055849075,0.0717768594622612,0.030923666432499886,0.20342415571212769,0.22479312121868134,0.09899947792291641,0.09655021876096725,0.1616143137216568,0.0471370555460453,0.49727731943130493,0.17464986443519592,0.04511795938014984,0.03638073801994324,0.1454966515302658,0.14485345780849457,0.13434945046901703,0.06986687332391739,0.2114068567752838,0.35991084575653076,0.27964407205581665,0.1390937864780426,0.2916041314601898,0.12275784462690353,0.14708708226680756,0.12634143233299255
AM881,0.4,0.0,0.366666667,0.0,0.566666667,0.1,0.6,0.133333333,0.833333333,0.1,0.6,0.233333333,0.366666667,1.966666667,0.333333333,0.866666667,0.0,0.1,0.0,0.1,0.333333333,0.133333333,0.0,0.166666667,1.466666667,0.9,0.133333333,0.166666667,0.0,0.066666667,0.033333333,0.0,0.0,0.0,0.0,0.2,0.033333333,0.0,0.0,0.0,0.066666667,0.0,0.0,0.166666667,0.166666667,0.066666667,0.0,0.0,0.0,0.166666667,0.0,0.4286733567714691,0.1116398349404335,0.47256940603256226,0.43947893381118774,0.3356459438800812,0.2236906886100769,0.43855011463165283,0.3345184326171875,0.8856900930404663,0.14873617887496948,0.21060097217559814,0.42088937759399414,0.14951451122760773,1.4780930280685425,0.44183316826820374,0.30646973848342896,0.20180340111255646,0.1542646884918213,0.10314417630434036,0.23769010603427887,0.29214251041412354,0.12723128497600555,0.20813049376010895,0.12756048142910004,0.04389851167798042,0.4679352045059204,0.11811206489801407,0.1117500364780426,0.11616288870573044,0.24212992191314697,0.19953326880931854,0.18742899596691132,0.15765422582626343,0.17684541642665863,0.07619691640138626,0.4981616139411926,0.17316126823425293,0.05805523693561554,0.04343995079398155,0.19478890299797058,0.19094078242778778,0.15261118113994598,0.079752117395401,0.3104146122932434,0.29469090700149536,0.2957514822483063,0.12947571277618408,0.28320062160491943,0.24789643287658691,0.1521410346031189,0.1224798709154129
AM911,0.666666667,0.0,0.466666667,0.033333333,0.633333333,0.1,0.433333333,0.266666667,0.2,0.066666667,0.0,0.0,0.0,0.633333333,0.133333333,0.133333333,0.0,0.0,0.066666667,1.333333333,1.5,0.533333333,0.6,0.066666667,0.0,0.0,0.0,0.2,0.2,0.366666667,0.133333333,0.266666667,0.433333333,0.733333333,0.1,0.6,0.033333333,0.0,0.033333333,0.0,0.066666667,0.0,0.166666667,0.033333333,0.066666667,0.066666667,0.2,0.066666667,0.066666667,0.0,0.066666667,0.433992475271225,0.13791340589523315,0.49266868829727173,0.26496273279190063,0.40230458974838257,0.19886794686317444,0.5837350487709045,0.3091370463371277,0.7193170189857483,0.159864142537117,0.19241121411323547,0.22771291434764862,0.06462197005748749,1.1209473609924316,0.32958751916885376,0.2721051275730133,0.267643541097641,0.16269178688526154,0.08236213773488998,0.33793938159942627,0.29696664214134216,0.3355732858181,0.32535624504089355,0.14484910666942596,0.03869248926639557,0.2093876749277115,0.11713483184576035,0.07939739525318146,0.38745221495628357,0.3369409441947937,0.3141680955886841,0.2094116508960724,0.7826094031333923,0.2050182968378067,0.07124083489179611,0.576249361038208,0.17131203413009644,0.10884414613246918,0.04357031360268593,0.1598663628101349,0.19840316474437714,0.1330879181623459,0.10790317505598068,0.12936639785766602,0.22077366709709167,0.2868150472640991,0.1565520018339157,0.28702905774116516,0.15426333248615265,0.16755349934101105,0.10203178972005844
AN301,0.133333333,0.4,0.5,0.2,0.733333333,0.133333333,0.633333333,0.9,0.233333333,0.166666667,0.0,0.066666667,0.066666667,1.4,0.666666667,0.466666667,0.2,0.266666667,0.066666667,0.3,0.133333333,0.266666667,0.1,0.266666667,0.0,0.266666667,0.333333333,0.0,0.1,0.5,0.166666667,0.1,0.0,0.1,0.1,0.266666667,0.0,0.0,0.0,0.0,0.466666667,0.266666667,0.0,0.2,0.133333333,0.133333333,0.0,0.233333333,0.366666667,0.2,0.066666667,0.4533756375312805,0.581597089767456,0.5077244639396667,0.36942604184150696,0.5724635720252991,0.21844761073589325,0.6179381608963013,0.36002179980278015,0.8137108683586121,0.3466154634952545,0.22576195001602173,0.22073857486248016,0.08767223358154297,1.3042360544204712,0.34786710143089294,0.28812840580940247,0.26135897636413574,0.14183488488197327,0.12799957394599915,0.2708001136779785,0.2964666485786438,0.24655500054359436,0.17413422465324402,0.1138819083571434,0.04093975946307182,0.21077832579612732,0.11651735007762909,0.0964992418885231,0.18332791328430176,0.41309458017349243,0.2792067229747772,0.1366194784641266,0.25160741806030273,0.22862449288368225,0.07083197683095932,0.5023919343948364,0.17231932282447815,0.11825413256883621,0.04038965702056885,0.19349190592765808,0.31115734577178955,0.14735521376132965,0.13297992944717407,0.2463591992855072,0.2541355788707733,0.31855764985084534,0.15575183928012848,0.2971230745315552,0.2224174439907074,0.16725988686084747,0.16311004757881165
AN303,0.333333333,0.0,0.9,0.133333333,1.233333333,0.266666667,0.233333333,0.266666667,0.2,0.0,0.0,0.133333333,0.0,0.966666667,0.166666667,0.166666667,0.133333333,0.2,0.1,1.266666667,1.833333333,0.1,1.2,0.066666667,0.066666667,0.2,0.166666667,0.4,0.2,0.033333333,0.066666667,0.1,0.1,0.2,0.033333333,0.266666667,0.0,0.0,0.0,0.0,0.266666667,0.1,0.0,0.0,0.0,0.133333333,0.166666667,0.233333333,0.433333333,0.0,0.133333333,0.4217797517776489,0.1001080647110939,0.45908045768737793,0.24668598175048828,0.5078198909759521,0.21156783401966095,0.4526315927505493,0.3037518560886383,0.5733900666236877,0.1342104971408844,0.1895870864391327,0.2633722424507141,0.06724482029676437,1.3625746965408325,0.4796135723590851,0.3136587142944336,0.35456010699272156,0.10961079597473145,0.07456940412521362,0.23260410130023956,0.2984769642353058,0.09526717662811279,0.14480119943618774,0.08721452206373215,0.026475565508008003,0.1791340857744217,0.09986761212348938,0.072231225669384,0.045467182993888855,0.16840675473213196,0.23767836391925812,0.11231306940317154,0.09614033997058868,0.1814514696598053,0.053030502051115036,0.5885686874389648,0.17104627192020416,0.04313688725233078,0.0339493490755558,0.15694382786750793,0.1955149620771408,0.15899942815303802,0.07182059437036514,0.19515036046504974,0.25873786211013794,0.27357229590415955,0.11817704141139984,0.26733145117759705,0.30708834528923035,0.15384462475776672,0.12163463979959488
AN307,0.3,0.0,0.5,0.233333333,0.566666667,0.0,0.333333333,0.366666667,0.733333333,0.0,0.066666667,0.266666667,0.066666667,1.266666667,0.333333333,0.466666667,0.166666667,0.2,0.1,0.733333333,0.333333333,0.566666667,0.2,0.466666667,0.066666667,0.1,0.0,0.0,0.166666667,0.3,0.433333333,0.866666667,0.533333333,0.133333333,0.0,0.833333333,0.0,0.233333333,0.066666667,0.8,0.0,0.166666667,0.233333333,0.233333333,0.0,0.033333333,0.0,0.0,0.033333333,0.0,0.1,0.42868781089782715,0.12913084030151367,0.4641459584236145,0.43221721053123474,0.5772753357887268,0.20632295310497284,0.5267738699913025,0.3089880645275116,0.7406812310218811,0.24942639470100403,0.18281278014183044,0.2800368666648865,0.08559475094079971,1.3165191411972046,0.3263947069644928,0.29583868384361267,0.2918563783168793,0.1552472561597824,0.1063704565167427,0.35149604082107544,0.293588787317276,0.2153306007385254,0.23239924013614655,0.165259450674057,0.03929859772324562,0.17044538259506226,0.1131027489900589,0.08128172159194946,0.18146084249019623,0.3498148024082184,0.2599646747112274,0.1505456566810608,0.4705694913864136,0.18729595839977264,0.0796995609998703,0.4879522919654846,0.17131203413009644,0.12232708185911179,0.043244119733572006,0.19422923028469086,0.2442159652709961,0.13852542638778687,0.11824210733175278,0.26037126779556274,0.24935074150562286,0.29047122597694397,0.15110428631305695,0.27873605489730835,0.2078406810760498,0.17235034704208374,0.11985903233289719
AN561,0.5,0.0,0.766666667,0.0,0.566666667,0.233333333,0.5,0.0,0.633333333,0.033333333,0.233333333,0.2,0.0,1.133333333,0.366666667,0.433333333,0.433333333,0.133333333,0.133333333,0.633333333,1.8,0.133333333,0.933333333,0.066666667,0.233333333,0.133333333,0.0,0.366666667,0.1,0.433333333,0.366666667,0.4,0.466666667,0.266666667,0.366666667,0.9,0.033333333,0.133333333,0.0,0.033333333,0.066666667,0.0,0.1,0.0,0.066666667,0.3,0.0,0.1,0.2,0.0,0.1,0.44721606373786926,0.4238462746143341,0.5219922065734863,0.9024890661239624,0.44229090213775635,0.19292497634887695,0.7665463089942932,0.3601105213165283,0.7956625819206238,0.2807565927505493,0.3360458016395569,0.42947065830230713,0.08108731359243393,1.1174994707107544,0.3344559371471405,0.27909713983535767,0.31613731384277344,0.11684050410985947,0.1578805297613144,0.3339006006717682,0.2914973497390747,0.11921290308237076,0.1526108682155609,0.09835078567266464,0.049284178763628006,0.2748880386352539,0.20330345630645752,0.07737045735120773,0.3286205530166626,0.4712735116481781,0.3242683410644531,0.19455014169216156,0.4193618893623352,0.21535846590995789,0.11199238151311874,0.4900722801685333,0.17131203413009644,0.158499076962471,0.08908011019229889,0.32691940665245056,0.22749260067939758,0.13776743412017822,0.1623135507106781,0.1805405616760254,0.36146190762519836,0.3326724171638489,0.15441350638866425,0.2924065589904785,0.23147660493850708,0.18630291521549225,0.19975359737873077
AO055,0.333333333,0.0,0.7,0.333333333,0.466666667,0.433333333,0.466666667,0.533333333,0.633333333,0.0,0.166666667,0.266666667,0.0,1.233333333,0.266666667,0.4,0.366666667,0.0,0.0,0.133333333,0.366666667,0.133333333,0.066666667,0.266666667,0.1,0.0,0.566666667,0.133333333,0.533333333,0.366666667,0.266666667,0.466666667,0.566666667,0.0,0.266666667,0.433333333,0.133333333,0.1,0.4,1.266666667,0.233333333,0.133333333,0.066666667,0.233333333,0.233333333,0.366666667,0.0,0.066666667,0.233333333,0.233333333,0.0,0.44789043068885803,0.2893202602863312,0.47011104226112366,0.6021482944488525,0.4174126088619232,0.201033815741539,0.7385329008102417,0.36144518852233887,0.9887840151786804,0.49012041091918945,0.28258055448532104,0.36325785517692566,0.08758638799190521,1.2160125970840454,0.3373371660709381,0.27674001455307007,0.3236461579799652,0.12666510045528412,0.09032836556434631,0.3217245042324066,0.2914973497390747,0.14030690491199493,0.15964287519454956,0.1260536164045334,0.04424010589718819,0.3245360553264618,0.21175803244113922,0.08759459853172302,0.27162232995033264,0.4114517569541931,0.3431507647037506,0.17387981712818146,0.44119182229042053,0.19396157562732697,0.0778316855430603,0.5217117667198181,0.17131203413009644,0.1051640510559082,0.050605688244104385,0.25869423151016235,0.23978212475776672,0.12071490287780762,0.1624050885438919,0.1743829846382141,0.2784315347671509,0.3142867684364319,0.15526193380355835,0.33129066228866577,0.18385319411754608,0.1858167201280594,0.17568106949329376
AO074,0.633333333,0.0,0.8,0.566666667,0.5,0.233333333,0.433333333,0.566666667,0.533333333,0.066666667,0.1,0.233333333,0.0,1.0,0.266666667,0.2,0.133333333,0.033333333,0.066666667,1.2,1.933333333,0.133333333,1.066666667,0.0,0.066666667,0.066666667,0.133333333,0.066666667,0.166666667,0.2,0.0,0.0,0.0,0.433333333,0.0,0.966666667,0.166666667,0.0,0.0,0.133333333,0.1,0.066666667,0.0,0.366666667,0.1,0.033333333,0.2,0.0,0.1,0.166666667,0.0,0.4332665801048279,0.10180874168872833,0.4516851603984833,0.20667926967144012,0.3302598297595978,0.1731366366147995,0.3514329195022583,0.30023521184921265,0.6247978210449219,0.11773603409528732,0.13457757234573364,0.25683683156967163,0.06821474432945251,1.336611270904541,0.44275933504104614,0.3245438039302826,0.27402663230895996,0.11732716113328934,0.05515964701771736,0.25230148434638977,0.2962447702884674,0.09656815975904465,0.14951805770397186,0.09111673384904861,0.030121076852083206,0.17149251699447632,0.09927409887313843,0.07420001178979874,0.052792277187108994,0.17616991698741913,0.1948917806148529,0.1090729832649231,0.04152164235711098,0.17532016336917877,0.04936399310827255,0.4659838080406189,0.17464986443519592,0.04895438626408577,0.033194590359926224,0.14903472363948822,0.18255391716957092,0.16387568414211273,0.07529004663228989,0.2050556093454361,0.2015494704246521,0.2784154713153839,0.10975762456655502,0.292436420917511,0.20347408950328827,0.1398659646511078,0.07642681151628494
AO338,0.3,0.0,0.133333333,0.1,0.033333333,0.066666667,0.366666667,0.2,0.733333333,0.0,0.2,0.0,0.2,1.466666667,0.566666667,0.666666667,0.2,0.0,0.133333333,0.266666667,0.166666667,0.266666667,0.0,0.1,0.0,0.2,1.566666667,0.066666667,0.333333333,0.833333333,0.6,0.366666667,0.133333333,0.033333333,0.033333333,0.633333333,0.033333333,0.133333333,0.133333333,1.033333333,0.033333333,0.166666667,0.0,0.033333333,0.033333333,0.033333333,0.1,0.0,0.133333333,0.0,0.0,0.4492736756801605,0.484246164560318,0.47777292132377625,0.35031577944755554,0.5885095000267029,0.22924861311912537,0.4723275899887085,0.30649444460868835,0.7488264441490173,0.30989736318588257,0.17749015986919403,0.22493469715118408,0.060112230479717255,1.2251691818237305,0.37287279963493347,0.3045447766780853,0.23575380444526672,0.19089631736278534,0.1516774445772171,0.31220683455467224,0.2964666485786438,0.19124582409858704,0.2647009491920471,0.12205274403095245,0.03712651878595352,0.181143119931221,0.10791933536529541,0.09725604206323624,0.25169795751571655,0.32585451006889343,0.23220208287239075,0.19725844264030457,0.33959197998046875,0.26821860671043396,0.07980954647064209,0.5179943442344666,0.17231932282447815,0.10861143469810486,0.03872339800000191,0.1781369000673294,0.3385758697986603,0.16500680148601532,0.12189342826604843,0.27613338828086853,0.258444607257843,0.304498553276062,0.13936710357666016,0.2836252748966217,0.2660171091556549,0.15629759430885315,0.17846839129924774
AO549,0.4,0.0,0.133333333,0.133333333,0.4,0.166666667,0.333333333,0.633333333,1.1,0.0,0.466666667,0.633333333,0.066666667,1.7,0.833333333,0.4,0.733333333,0.166666667,0.066666667,0.066666667,0.233333333,0.0,0.1,0.366666667,0.066666667,0.866666667,0.233333333,0.2,0.666666667,0.7,0.7,0.0,0.133333333,0.066666667,0.033333333,0.866666667,0.166666667,0.0,0.0,0.0,0.066666667,0.166666667,0.066666667,0.066666667,0.066666667,0.266666667,0.0,0.133333333,0.033333333,0.033333333,0.033333333,0.43687283992767334,0.26854801177978516,0.4935985207557678,0.3290310204029083,0.4244391620159149,0.21060074865818024,0.614851176738739,0.3814743459224701,0.9678910970687866,0.2630372643470764,0.26809972524642944,0.4864179193973541,0.10858279466629028,1.0210174322128296,0.31806275248527527,0.2743791341781616,0.25524479150772095,0.11988389492034912,0.13467922806739807,0.3426918685436249,0.3043507933616638,0.16377827525138855,0.3285232186317444,0.16663774847984314,0.09691549837589264,0.39035564661026,0.1770355999469757,0.10238329321146011,0.44903114438056946,0.4367000460624695,0.285602331161499,0.16304615139961243,0.40759366750717163,0.2527949810028076,0.09684400260448456,0.5798209309577942,0.17104627192020416,0.1216859519481659,0.06560160964727402,0.2618820369243622,0.26140692830085754,0.13510656356811523,0.1046779602766037,0.2521524727344513,0.26187294721603394,0.3095656931400299,0.15521501004695892,0.3205336928367615,0.274978369474411,0.20050811767578125,0.1926812082529068
AO865,0.8,0.0,1.066666667,0.5,0.766666667,0.466666667,2.0,0.633333333,0.6,0.166666667,0.2,0.4,0.166666667,1.5,0.366666667,0.4,0.6,0.0,0.133333333,0.066666667,0.3,0.0,0.0,0.066666667,0.0,0.066666667,0.066666667,0.0,0.0,0.233333333,0.566666667,0.0,0.066666667,0.533333333,0.0,0.4,0.033333333,0.0,0.0,0.1,0.1,0.466666667,0.033333333,0.433333333,0.2,0.066666667,0.266666667,0.3,0.333333333,0.333333333,0.066666667,0.40591850876808167,0.09672600775957108,0.45357653498649597,0.2707151472568512,0.33204343914985657,0.2035360038280487,0.5032808184623718,0.29847443103790283,0.8601608276367188,0.14194239675998688,0.21116288006305695,0.3341815173625946,0.0654527023434639,1.5230194330215454,0.49460405111312866,0.32822030782699585,0.28916481137275696,0.10829712450504303,0.06306961923837662,0.22377945482730865,0.2932923436164856,0.09815578907728195,0.1269766241312027,0.1399613469839096,0.03203831613063812,0.1699531525373459,0.09971137344837189,0.07794085144996643,0.05149074271321297,0.21827518939971924,0.2652585804462433,0.11053447425365448,0.14419236779212952,0.1725872904062271,0.04955044016242027,0.4433082044124603,0.17464986443519592,0.043814096599817276,0.035855427384376526,0.1538129448890686,0.1567530483007431,0.12945765256881714,0.0660913735628128,0.2406095713376999,0.23160108923912048,0.2874523103237152,0.12036966532468796,0.28791505098342896,0.19159558415412903,0.14305788278579712,0.07723353058099747
AP067,0.1,0.0,0.3,0.266666667,0.5,0.066666667,0.533333333,0.166666667,0.533333333,0.0,0.1,0.333333333,0.0,1.9,0.6,0.766666667,3.366666667,0.166666667,0.4,0.466666667,0.266666667,0.0,0.333333333,0.066666667,0.033333333,0.266666667,0.0,0.066666667,0.0,0.066666667,0.066666667,0.0,0.066666667,0.0,0.0,0.433333333,0.166666667,0.0,0.0,0.0,0.166666667,0.133333333,0.0,0.266666667,0.4,0.1,0.133333333,0.5,0.2,0.0,0.0,0.4195373058319092,0.1309671849012375,0.46415451169013977,0.32267358899116516,0.39040273427963257,0.1834588497877121,0.3857996165752411,0.23371639847755432,0.630167543888092,0.12883536517620087,0.18420784175395966,0.21246010065078735,0.06442884355783463,0.9280607104301453,0.3203679621219635,0.24228407442569733,0.2300093024969101,0.0915604680776596,0.06361782550811768,0.3898642063140869,0.2984769642353058,0.10705243051052094,0.18816743791103363,0.07665538787841797,0.032208532094955444,0.18646380305290222,0.09991709142923355,0.06970841437578201,0.034290626645088196,0.18539400398731232,0.17757409811019897,0.11550386250019073,0.0919598713517189,0.21597756445407867,0.05887502804398537,0.5712378025054932,0.17427711188793182,0.0487540028989315,0.03647802025079727,0.15144969522953033,0.20540452003479004,0.18895529210567474,0.08461473137140274,0.14073437452316284,0.23427259922027588,0.2759740650653839,0.11823752522468567,0.29190313816070557,0.2679097652435303,0.15330485999584198,0.10504129528999329
AP258,0.133333333,0.0,0.133333333,0.0,0.266666667,0.033333333,0.3,0.366666667,0.733333333,0.0,0.433333333,0.333333333,0.166666667,3.666666667,2.266666667,2.2,1.066666667,0.066666667,0.133333333,0.966666667,0.7,0.0,0.8,0.066666667,0.9,0.2,0.3,0.333333333,0.0,0.0,0.033333333,0.0,0.0,0.0,0.033333333,0.1,0.133333333,0.0,0.0,0.0,0.0,0.0,0.0,0.066666667,0.0,0.0,0.0,0.5,0.0,0.066666667,0.1,0.39734891057014465,0.11196312308311462,0.45525047183036804,0.27069422602653503,0.33338895440101624,0.15970593690872192,0.2913483679294586,0.2620714008808136,0.4751812219619751,0.1180950477719307,0.11662443727254868,0.27441155910491943,0.07660064101219177,1.282759666442871,0.4417245388031006,0.28185585141181946,0.22568008303642273,0.10378312319517136,0.07860349118709564,0.17855441570281982,0.2947222888469696,0.09790278226137161,0.13738380372524261,0.09184493869543076,0.03598421439528465,0.10564050078392029,0.1005915179848671,0.0727720782160759,0.04140288755297661,0.13887175917625427,0.2134646624326706,0.11046618968248367,0.09688754379749298,0.1495348960161209,0.05594778433442116,0.4921027719974518,0.17413072288036346,0.04430723935365677,0.03633799031376839,0.147855743765831,0.16827820241451263,0.19490887224674225,0.049156006425619125,0.32422277331352234,0.2998863756656647,0.282970130443573,0.10716957598924637,0.36127084493637085,0.20750592648983002,0.1362769603729248,0.06807122379541397
AP275,0.566666667,1.433333333,0.466666667,0.233333333,0.433333333,0.266666667,0.866666667,0.933333333,1.466666667,0.233333333,0.6,0.466666667,0.4,1.866666667,0.366666667,0.6,0.3,0.166666667,0.0,0.266666667,0.266666667,0.0,0.433333333,0.0,0.066666667,0.3,0.0,0.0,0.0,0.133333333,0.1,0.0,0.0,0.066666667,0.0,0.233333333,0.133333333,0.0,0.0,0.0,0.133333333,0.2,0.0,0.133333333,0.1,0.166666667,0.166666667,0.3,0.6,0.066666667,0.033333333,0.4173775911331177,0.1938876062631607,0.45788198709487915,0.232878178358078,0.3296975791454315,0.16973739862442017,0.3686613440513611,0.20590563118457794,0.6713394522666931,0.12067467719316483,0.1848648190498352,0.17539097368717194,0.061810582876205444,1.1297886371612549,0.15384343266487122,0.2180882841348648,0.11268644034862518,0.12870118021965027,0.053439635783433914,0.12398844212293625,0.2932923436164856,0.08913324028253555,0.11446383595466614,0.056296706199645996,0.024071091786026955,0.10289446264505386,0.09931015968322754,0.06965140998363495,0.009059195406734943,0.12031302601099014,0.1723869889974594,0.10725879669189453,0.08786378800868988,0.15784072875976562,0.06505699455738068,0.416434109210968,0.17079289257526398,0.03872200474143028,0.03378809243440628,0.14471180737018585,0.14376385509967804,0.16383405029773712,0.03897637128829956,0.1776987910270691,0.3077423572540283,0.27156713604927063,0.11981197446584702,0.2819800078868866,0.2160617560148239,0.16989737749099731,0.062241099774837494
AP385,0.433333333,0.033333333,0.066666667,0.0,0.366666667,0.066666667,0.433333333,0.1,1.633333333,0.033333333,0.233333333,0.3,0.366666667,1.333333333,0.466666667,0.3,0.2,0.0,0.0,0.066666667,0.0,0.1,0.0,0.1,0.1,0.133333333,0.433333333,0.033333333,0.366666667,0.4,0.866666667,1.133333333,0.3,0.0,0.3,0.766666667,0.233333333,0.266666667,0.366666667,1.9,0.3,0.2,0.2,0.066666667,0.0,0.066666667,0.1,0.133333333,0.1,0.133333333,0.066666667,0.4293145537376404,0.09444188326597214,0.45278021693229675,0.3860603868961334,0.35894203186035156,0.16480207443237305,0.43487533926963806,0.2154245227575302,1.0522090196609497,0.13720287382602692,0.2188723236322403,0.3223607838153839,0.07191412895917892,1.2392228841781616,0.3432671129703522,0.2792462706565857,0.2001405656337738,0.08744935691356659,0.06272730976343155,0.2605832815170288,0.2932923436164856,0.10482627153396606,0.2197689414024353,0.13301120698451996,0.03325202316045761,0.20130237936973572,0.10591568052768707,0.07467130571603775,0.1787165254354477,0.30979108810424805,0.33635634183883667,0.18326137959957123,0.11651555448770523,0.17409184575080872,0.07284130901098251,0.599277675151825,0.17409630119800568,0.09819664806127548,0.04755537211894989,0.18679559230804443,0.2071051299571991,0.12017031759023666,0.12793099880218506,0.15517476201057434,0.20912541449069977,0.27516576647758484,0.12332440912723541,0.2811106741428375,0.22373667359352112,0.15391017496585846,0.10952269285917282
AP431,0.133333333,0.0,0.266666667,0.433333333,0.066666667,0.066666667,0.3,0.233333333,3.166666667,0.0,0.7,2.366666667,0.233333333,2.566666667,0.566666667,0.266666667,0.1,0.0,0.0,0.233333333,0.4,0.266666667,0.2,0.066666667,0.0,0.033333333,0.0,0.0,0.0,0.333333333,0.266666667,0.233333333,1.033333333,0.066666667,0.0,0.333333333,0.166666667,0.0,0.1,0.1,0.233333333,0.266666667,0.066666667,0.133333333,0.3,0.233333333,0.066666667,0.233333333,0.233333333,0.0,0.166666667,0.403395414352417,0.10532571375370026,0.4541441798210144,0.2025364488363266,0.27650338411331177,0.14026974141597748,0.21167682111263275,0.1811952143907547,0.5886392593383789,0.12487808614969254,0.18235264718532562,0.28760793805122375,0.06275804340839386,0.5319428443908691,0.19806893169879913,0.22460390627384186,0.17753966152668,0.1600414514541626,0.05887206643819809,0.2492038756608963,0.2932923436164856,0.2470165342092514,0.1934615522623062,0.11443910002708435,0.03839118033647537,0.14785419404506683,0.1074112206697464,0.08265916258096695,0.17987684905529022,0.26468661427497864,0.39194729924201965,0.2438550740480423,0.8611993789672852,0.16439124941825867,0.08937451988458633,0.482839435338974,0.17174886167049408,0.04813797399401665,0.03804473206400871,0.16560597717761993,0.19005590677261353,0.126526340842247,0.10009752213954926,0.12279269099235535,0.1784580945968628,0.2738598883152008,0.10314693301916122,0.2555444538593292,0.2020426094532013,0.13719819486141205,0.06900104135274887
AP563,1.333333333,0.9,0.7,0.366666667,0.333333333,0.266666667,0.733333333,0.333333333,1.433333333,0.033333333,0.966666667,0.233333333,0.3,1.9,0.5,0.466666667,0.166666667,0.0,0.0,0.166666667,0.466666667,0.066666667,0.0,0.066666667,0.0,0.133333333,0.133333333,0.0,0.0,0.066666667,0.066666667,0.0,0.0,0.066666667,0.0,0.533333333,0.0,0.0,0.0,0.0,0.366666667,0.166666667,0.233333333,0.133333333,0.2,0.0,0.1,0.066666667,0.466666667,0.266666667,0.066666667,0.43710848689079285,0.14983336627483368,0.4765712022781372,0.23195002973079681,0.3428966999053955,0.1581016331911087,0.5435234904289246,0.24248938262462616,0.7331448197364807,0.13030356168746948,0.24694648385047913,0.21069177985191345,0.06209462508559227,1.1621248722076416,0.17779535055160522,0.23506028950214386,0.25693756341934204,0.090146005153656,0.04788481816649437,0.14578357338905334,0.2932923436164856,0.09371835738420486,0.1181095764040947,0.07031191885471344,0.025555791333317757,0.13822688162326813,0.09871383011341095,0.07062503695487976,0.028997458517551422,0.1446247100830078,0.17148728668689728,0.09678315371274948,0.07770314812660217,0.16655954718589783,0.05373595654964447,0.4813556373119354,0.17131203413009644,0.040708087384700775,0.0351870022714138,0.1490035355091095,0.15592430531978607,0.18738792836666107,0.06386179476976395,0.1531451791524887,0.23866334557533264,0.2750222384929657,0.13924449682235718,0.27073127031326294,0.22069749236106873,0.17538771033287048,0.06530100107192993
AP571,0.733333333,0.7,0.9,0.533333333,0.633333333,0.166666667,0.633333333,1.033333333,0.7,0.0,0.266666667,0.166666667,0.1,1.133333333,0.3,0.433333333,0.166666667,0.0,0.0,0.233333333,0.233333333,0.0,0.0,0.266666667,0.0,0.466666667,0.0,0.066666667,0.0,0.133333333,0.0,0.0,0.0,0.6,0.0,1.033333333,0.0,0.0,0.0,0.0,0.166666667,0.133333333,0.3,0.633333333,0.8,0.666666667,0.4,0.2,0.233333333,0.7,0.333333333,0.4373624920845032,0.21729746460914612,0.5049826502799988,0.36156097054481506,0.3800275921821594,0.26581871509552,0.702987551689148,0.34211266040802,0.6129132509231567,0.14481596648693085,0.21856263279914856,0.12229201942682266,0.05593889206647873,1.148560881614685,0.2759426236152649,0.2710951566696167,0.27229630947113037,0.08703923970460892,0.07720138132572174,0.18004795908927917,0.2984769642353058,0.09475278854370117,0.18770632147789001,0.10473975539207458,0.03726869449019432,0.21430949866771698,0.12693800032138824,0.07379463315010071,0.10794750601053238,0.2604328393936157,0.23505611717700958,0.11175291985273361,0.09679625928401947,0.20593754947185516,0.07229789346456528,0.49214884638786316,0.17275552451610565,0.049513787031173706,0.041289977729320526,0.15282222628593445,0.2018415629863739,0.16438399255275726,0.13889434933662415,0.252815306186676,0.25550904870033264,0.2795525789260864,0.16095422208309174,0.3024415671825409,0.21144722402095795,0.15584659576416016,0.13483057916164398
AP734,0.6,0.033333333,0.833333333,0.266666667,0.7,0.266666667,1.066666667,0.233333333,0.1,0.0,0.0,0.0,0.0,0.766666667,0.333333333,0.2,0.3,0.266666667,0.066666667,0.533333333,0.566666667,0.066666667,0.266666667,0.066666667,0.0,0.266666667,0.0,0.2,0.0,0.3,0.066666667,0.066666667,0.433333333,0.433333333,0.133333333,1.033333333,0.0,0.0,0.0,0.0,0.7,0.333333333,0.566666667,0.133333333,0.433333333,0.166666667,0.5,0.4,0.466666667,0.433333333,0.0,0.42754247784614563,0.09157700836658478,0.5197015404701233,0.36728376150131226,0.43121397495269775,0.26504603028297424,0.5668296813964844,0.31731274724006653,0.5536306500434875,0.14445386826992035,0.14795158803462982,0.15725724399089813,0.05259905010461807,1.1984797716140747,0.24549973011016846,0.25691384077072144,0.25032973289489746,0.11609462648630142,0.12918062508106232,0.2294575721025467,0.2919692397117615,0.09031213074922562,0.1907125562429428,0.11445869505405426,0.09416372328996658,0.17769567668437958,0.10215956717729568,0.08197375386953354,0.09914828836917877,0.2200203686952591,0.1703261286020279,0.13526661694049835,0.13288220763206482,0.23654592037200928,0.06272369623184204,0.4770844876766205,0.17131203413009644,0.05440915748476982,0.03747570142149925,0.15565632283687592,0.24686004221439362,0.2082003802061081,0.10035298019647598,0.4055868685245514,0.4099109172821045,0.27676546573638916,0.1616562306880951,0.2973189353942871,0.32410117983818054,0.15611842274665833,0.15476123988628387
AP781,0.4,0.1,0.433333333,0.0,0.233333333,0.066666667,0.066666667,0.166666667,0.2,0.066666667,0.0,0.266666667,0.133333333,0.566666667,0.066666667,0.0,0.066666667,0.066666667,0.1,1.566666667,1.666666667,0.466666667,0.366666667,0.466666667,0.0,0.333333333,0.5,0.533333333,0.866666667,0.566666667,0.233333333,0.3,1.833333333,0.2,0.133333333,0.533333333,0.233333333,0.033333333,0.266666667,0.2,0.0,0.033333333,0.133333333,0.033333333,0.0,0.2,0.133333333,0.1,0.066666667,0.1,0.0,0.4111178517341614,0.12804286181926727,0.45120272040367126,0.17757222056388855,0.2820301949977875,0.16809174418449402,0.28822609782218933,0.17002391815185547,0.49993449449539185,0.1286517232656479,0.13129174709320068,0.1538582146167755,0.06253916770219803,0.554908812046051,0.07671499252319336,0.17862500250339508,0.09428592026233673,0.1439470499753952,0.07040569931268692,0.3401033878326416,0.2932923436164856,0.19271178543567657,0.13886646926403046,0.0963464230298996,0.026487870141863823,0.12910617887973785,0.10405321419239044,0.07602068781852722,0.11499793827533722,0.28965967893600464,0.2773822844028473,0.1950019896030426,0.8000853061676025,0.16826018691062927,0.10310139507055283,0.40938109159469604,0.17316126823425293,0.05409310758113861,0.03787495940923691,0.1705554872751236,0.15734636783599854,0.14142361283302307,0.07865110784769058,0.2099306881427765,0.17194487154483795,0.2756490707397461,0.1242169588804245,0.2804988920688629,0.18864119052886963,0.1324554979801178,0.069632887840271
AP854,0.566666667,0.933333333,0.8,0.0,0.6,0.333333333,0.233333333,0.1,0.266666667,0.0,0.0,0.0,0.1,0.466666667,0.3,0.133333333,0.166666667,0.166666667,0.0,1.4,2.433333333,0.266666667,1.366666667,0.566666667,0.0,0.533333333,0.1,0.133333333,0.1,0.166666667,0.333333333,0.0,0.033333333,0.333333333,0.133333333,0.7,0.0,0.066666667,0.0,0.066666667,0.333333333,0.033333333,0.366666667,0.0,0.033333333,0.0,0.0,0.166666667,0.466666667,0.1,0.0,0.4418872892856598,0.2072030007839203,0.4661945104598999,0.28487923741340637,0.34719210863113403,0.1642623394727707,0.3297116756439209,0.2925693690776825,0.5004608035087585,0.11685635894536972,0.1981329470872879,0.11979419738054276,0.054981447756290436,1.0185692310333252,0.16967347264289856,0.22930607199668884,0.2428334504365921,0.1586921662092209,0.06332927197217941,0.18175387382507324,0.2944497764110565,0.09767360985279083,0.13525086641311646,0.06693390756845474,0.030346356332302094,0.16717109084129333,0.0984453558921814,0.06964004784822464,0.04061616212129593,0.17836754024028778,0.15009383857250214,0.10941333323717117,0.08085484802722931,0.15710653364658356,0.06011277809739113,0.4344506561756134,0.17275552451610565,0.05589907988905907,0.04789591208100319,0.15506964921951294,0.1781122088432312,0.16429296135902405,0.08261022716760635,0.12958620488643646,0.229620561003685,0.27524885535240173,0.13874301314353943,0.25033703446388245,0.2350316345691681,0.16043685376644135,0.0697406604886055
AP974,0.133333333,0.1,0.233333333,0.433333333,0.466666667,0.333333333,1.133333333,0.933333333,1.633333333,0.033333333,0.3,0.7,0.0,1.9,0.733333333,0.666666667,0.433333333,0.0,0.0,0.1,0.2,0.0,0.2,0.0,0.0,0.333333333,0.0,0.0,0.0,0.066666667,0.333333333,0.0,0.0,0.1,0.0,0.5,0.033333333,0.0,0.0,0.0,0.6,0.133333333,0.1,0.366666667,0.333333333,0.0,0.166666667,0.3,0.6,0.166666667,0.066666667,0.42935165762901306,0.1385873556137085,0.45915597677230835,0.29841259121894836,0.3254413306713104,0.19576042890548706,0.32468897104263306,0.2288680225610733,0.8374238610267639,0.12807755172252655,0.18312864005565643,0.2920776903629303,0.06584597378969193,1.01205313205719,0.1436605006456375,0.2357841283082962,0.1398274004459381,0.1034405305981636,0.04908009618520737,0.11342976987361908,0.2932923436164856,0.0986032634973526,0.11970328539609909,0.06257806718349457,0.0254475437104702,0.09451039880514145,0.10353352129459381,0.07245514541864395,0.026326190680265427,0.14913536608219147,0.32186493277549744,0.11833520978689194,0.14239822328090668,0.14899884164333344,0.06565294414758682,0.455394446849823,0.17079289257526398,0.04995615407824516,0.03880343958735466,0.17697057127952576,0.19151383638381958,0.20745481550693512,0.0644710585474968,0.28122884035110474,0.3698601722717285,0.29190513491630554,0.11520646512508392,0.34904876351356506,0.2745204567909241,0.16321749985218048,0.058045245707035065
AF065,0.09375,0.0,0.1875,0.34375,0.09375,0.25,0.40625,0.03125,1.65625,0.40625,0.8125,0.84375,0.09375,1.1875,0.25,0.25,0.34375,0.21875,0.0,0.09375,0.78125,0.0,0.375,0.3125,0.15625,0.40625,0.0,0.0,0.15625,0.15625,0.53125,0.0,0.0,0.15625,0.0,0.34375,0.59375,0.0,0.0,0.21875,0.0,0.25,0.0,0.40625,0.125,0.46875,0.1875,0.625,0.09375,0.1875,0.0,0.43619802594184875,0.11145365983247757,0.46770668029785156,0.29226768016815186,0.42786118388175964,0.1982140690088272,0.5008910894393921,0.2659166157245636,1.1594809293746948,0.20268157124519348,0.30148184299468994,0.4031563401222229,0.10938630998134613,1.4223452806472778,0.350016325712204,0.3083271086215973,0.203181654214859,0.08971826732158661,0.06869594007730484,0.22279390692710876,0.2961702048778534,0.10274455696344376,0.2097577601671219,0.15176595747470856,0.05522816255688667,0.24574849009513855,0.1052708551287651,0.08804234862327576,0.23300400376319885,0.3267527222633362,0.3824532926082611,0.1315232813358307,0.2636568546295166,0.19146409630775452,0.0736970379948616,0.5892636179924011,0.17425984144210815,0.07148300856351852,0.03884466737508774,0.15971191227436066,0.17549975216388702,0.1235966756939888,0.10085630416870117,0.1676444113254547,0.23550061881542206,0.2941626310348511,0.1456589251756668,0.301896333694458,0.20628921687602997,0.15907138586044312,0.14614728093147278
AF337,0.125,0.15625,0.1875,0.15625,0.25,0.03125,0.21875,0.28125,1.09375,0.03125,0.4375,0.84375,0.25,1.15625,0.125,0.1875,0.21875,0.0,0.0,0.0,0.125,0.0,0.0,0.0,0.125,0.03125,0.125,0.0,0.78125,0.40625,0.6875,0.0625,0.0,0.1875,0.0,0.96875,0.375,0.0,0.1875,0.28125,0.0,0.3125,0.375,0.25,0.21875,0.5625,0.09375,0.6875,0.1875,0.1875,0.03125,0.43619802594184875,0.11145365983247757,0.46770668029785156,0.29226768016815186,0.42786118388175964,0.1982140690088272,0.5008910894393921,0.2659166157245636,1.1594809293746948,0.20268157124519348,0.30148184299468994,0.4031563401222229,0.10938630998134613,1.4223452806472778,0.350016325712204,0.3083271086215973,0.203181654214859,0.08971826732158661,0.06869594007730484,0.22279390692710876,0.2961702048778534,0.10274455696344376,0.2097577601671219,0.15176595747470856,0.05522816255688667,0.24574849009513855,0.1052708551287651,0.08804234862327576,0.23300400376319885,0.3267527222633362,0.3824532926082611,0.1315232813358307,0.2636568546295166,0.19146409630775452,0.0736970379948616,0.5892636179924011,0.17425984144210815,0.07148300856351852,0.03884466737508774,0.15971191227436066,0.17549975216388702,0.1235966756939888,0.10085630416870117,0.1676444113254547,0.23550061881542206,0.2941626310348511,0.1456589251756668,0.301896333694458,0.20628921687602997,0.15907138586044312,0.14614728093147278
AF442,0.1875,0.15625,0.15625,0.0,0.0,0.09375,0.53125,0.125,0.4375,0.09375,0.0,0.15625,0.0625,0.8125,0.5,0.125,0.0625,0.15625,0.09375,0.0,0.03125,0.0,0.34375,0.125,0.09375,0.3125,0.09375,0.0625,0.4375,0.21875,0.65625,0.1875,0.0,0.4375,0.0,0.9375,0.4375,0.0,0.09375,0.53125,0.25,0.59375,0.15625,0.03125,0.28125,1.0,0.15625,0.65625,0.625,0.21875,0.46875,0.43619802594184875,0.11145365983247757,0.46770668029785156,0.29226768016815186,0.42786118388175964,0.1982140690088272,0.5008910894393921,0.2659166157245636,1.1594809293746948,0.20268157124519348,0.30148184299468994,0.4031563401222229,0.10938630998134613,1.4223452806472778,0.350016325712204,0.3083271086215973,0.203181654214859,0.08971826732158661,0.06869594007730484,0.22279390692710876,0.2961702048778534,0.10274455696344376,0.2097577601671219,0.15176595747470856,0.05522816255688667,0.24574849009513855,0.1052708551287651,0.08804234862327576,0.23300400376319885,0.3267527222633362,0.3824532926082611,0.1315232813358307,0.2636568546295166,0.19146409630775452,0.0736970379948616,0.5892636179924011,0.17425984144210815,0.07148300856351852,0.03884466737508774,0.15971191227436066,0.17549975216388702,0.1235966756939888,0.10085630416870117,0.1676444113254547,0.23550061881542206,0.2941626310348511,0.1456589251756668,0.301896333694458,0.20628921687602997,0.15907138586044312,0.14614728093147278
AG530,0.333333333,0.0,1.0,0.3,0.466666667,0.2,1.333333333,0.066666667,0.9,0.8,0.633333333,0.7,0.133333333,0.933333333,0.366666667,0.266666667,0.366666667,0.0,0.0,0.0,0.133333333,0.0,0.333333333,0.0,0.0,0.0,0.0,0.0,0.0,0.0,0.033333333,0.066666667,0.0,0.0,0.0,0.333333333,0.066666667,0.0,0.0,0.0,0.066666667,0.566666667,0.033333333,0.766666667,0.366666667,0.333333333,0.066666667,0.433333333,0.2,0.0,0.0,0.4149394631385803,0.13677409291267395,0.4627535939216614,0.24875575304031372,0.31755876541137695,0.18147772550582886,0.5692409873008728,0.22426895797252655,0.6044009327888489,0.18089449405670166,0.24570585787296295,0.3684057295322418,0.08435409516096115,1.161821722984314,0.14275264739990234,0.24213916063308716,0.19386489689350128,0.09565626829862595,0.05847262218594551,0.11097419261932373,0.2947222888469696,0.08693905174732208,0.11359496414661407,0.05803775414824486,0.025390077382326126,0.09377357363700867,0.09887208789587021,0.07012007385492325,0.012165086343884468,0.08647631853818893,0.1888018250465393,0.10421343892812729,0.038232799619436264,0.1406146138906479,0.05735441669821739,0.4629237949848175,0.17172792553901672,0.039301954209804535,0.03490549325942993,0.14428216218948364,0.15434300899505615,0.2114080786705017,0.03926294669508934,0.3310577869415283,0.39308401942253113,0.2796432673931122,0.10767239332199097,0.3561825454235077,0.277113676071167,0.13867826759815216,0.07083283364772797
AG677,0.233333333,0.0,0.4,0.2,0.366666667,0.1,0.666666667,0.333333333,1.366666667,0.2,0.633333333,1.2,0.2,1.2,0.166666667,0.133333333,0.433333333,0.0,0.0,0.2,0.0,0.0,0.1,0.0,0.0,0.0,0.0,0.0,0.0,0.066666667,0.166666667,0.0,0.0,0.0,0.0,0.366666667,0.233333333,0.0,0.0,0.0,0.166666667,0.233333333,0.0,0.8,0.366666667,0.233333333,0.0,0.433333333,0.4,0.0,0.133333333,0.4149394631385803,0.13677409291267395,0.4627535939216614,0.24875575304031372,0.31755876541137695,0.18147772550582886,0.5692409873008728,0.22426895797252655,0.6044009327888489,0.18089449405670166,0.24570585787296295,0.3684057295322418,0.08435409516096115,1.161821722984314,0.14275264739990234,0.24213916063308716,0.19386489689350128,0.09565626829862595,0.05847262218594551,0.11097419261932373,0.2947222888469696,0.08693905174732208,0.11359496414661407,0.05803775414824486,0.025390077382326126,0.09377357363700867,0.09887208789587021,0.07012007385492325,0.012165086343884468,0.08647631853818893,0.1888018250465393,0.10421343892812729,0.038232799619436264,0.1406146138906479,0.05735441669821739,0.4629237949848175,0.17172792553901672,0.039301954209804535,0.03490549325942993,0.14428216218948364,0.15434300899505615,0.2114080786705017,0.03926294669508934,0.3310577869415283,0.39308401942253113,0.2796432673931122,0.10767239332199097,0.3561825454235077,0.277113676071167,0.13867826759815216,0.07083283364772797
AG862,0.433333333,0.2,1.0,0.266666667,0.3,0.366666667,1.633333333,0.1,0.533333333,1.133333333,0.533333333,0.466666667,0.1,1.0,0.1,0.233333333,0.233333333,0.0,0.033333333,0.0,0.0,0.0,0.0,0.0,0.066666667,0.2,0.0,0.0,0.0,0.1,0.0,0.0,0.0,0.0,0.1,0.133333333,0.1,0.033333333,0.0,0.0,0.0,0.133333333,0.0,0.533333333,0.133333333,0.0,0.0,0.366666667,0.066666667,0.066666667,0.0,0.4149394631385803,0.13677409291267395,0.4627535939216614,0.24875575304031372,0.31755876541137695,0.18147772550582886,0.5692409873008728,0.22426895797252655,0.6044009327888489,0.18089449405670166,0.24570585787296295,0.3684057295322418,0.08435409516096115,1.161821722984314,0.14275264739990234,0.24213916063308716,0.19386489689350128,0.09565626829862595,0.05847262218594551,0.11097419261932373,0.2947222888469696,0.08693905174732208,0.11359496414661407,0.05803775414824486,0.025390077382326126,0.09377357363700867,0.09887208789587021,0.07012007385492325,0.012165086343884468,0.08647631853818893,0.1888018250465393,0.10421343892812729,0.038232799619436264,0.1406146138906479,0.05735441669821739,0.4629237949848175,0.17172792553901672,0.039301954209804535,0.03490549325942993,0.14428216218948364,0.15434300899505615,0.2114080786705017,0.03926294669508934,0.3310577869415283,0.39308401942253113,0.2796432673931122,0.10767239332199097,0.3561825454235077,0.277113676071167,0.13867826759815216,0.07083283364772797
AG989,0.233333333,0.0,0.3,0.233333333,0.133333333,0.2,0.5,0.233333333,1.4,0.066666667,0.3,0.6,0.1,1.066666667,0.066666667,0.166666667,0.3,0.166666667,0.066666667,0.033333333,0.0,0.0,0.1,0.0,0.0,0.0,0.0,0.0,0.0,0.2,0.066666667,0.033333333,0.0,0.066666667,0.0,0.633333333,0.033333333,0.0,0.0,0.0,0.3,0.4,0.133333333,0.833333333,0.533333333,0.066666667,0.0,0.633333333,0.5,0.133333333,0.0,0.4149394631385803,0.13677409291267395,0.4627535939216614,0.24875575304031372,0.31755876541137695,0.18147772550582886,0.5692409873008728,0.22426895797252655,0.6044009327888489,0.18089449405670166,0.24570585787296295,0.3684057295322418,0.08435409516096115,1.161821722984314,0.14275264739990234,0.24213916063308716,0.19386489689350128,0.09565626829862595,0.05847262218594551,0.11097419261932373,0.2947222888469696,0.08693905174732208,0.11359496414661407,0.05803775414824486,0.025390077382326126,0.09377357363700867,0.09887208789587021,0.07012007385492325,0.012165086343884468,0.08647631853818893,0.1888018250465393,0.10421343892812729,0.038232799619436264,0.1406146138906479,0.05735441669821739,0.4629237949848175,0.17172792553901672,0.039301954209804535,0.03490549325942993,0.14428216218948364,0.15434300899505615,0.2114080786705017,0.03926294669508934,0.3310577869415283,0.39308401942253113,0.2796432673931122,0.10767239332199097,0.3561825454235077,0.277113676071167,0.13867826759815216,0.07083283364772797
AH007,0.2,0.0,0.4,0.366666667,0.233333333,0.133333333,0.5,0.366666667,1.366666667,0.1,0.433333333,0.733333333,0.166666667,1.333333333,0.366666667,0.4,0.3,0.1,0.0,0.0,0.066666667,0.0,0.1,0.0,0.0,0.3,0.033333333,0.0,0.3,0.1,0.4,0.133333333,0.0,0.0,0.0,0.633333333,0.233333333,0.0,0.033333333,0.0,0.266666667,0.5,0.166666667,0.833333333,0.166666667,0.2,0.166666667,0.933333333,0.2,0.1,0.166666667,0.4172685444355011,0.12311448901891708,0.4560028910636902,0.19094525277614594,0.33944031596183777,0.1377258151769638,0.4325519800186157,0.20371173322200775,0.6428166627883911,0.14679904282093048,0.2134351283311844,0.2959641218185425,0.09299717843532562,0.8575376272201538,0.2572140693664551,0.2508593201637268,0.15261195600032806,0.08390946686267853,0.05339987948536873,0.2198183685541153,0.2932923436164856,0.09113267064094543,0.22169804573059082,0.11904607713222504,0.10078249126672745,0.30424582958221436,0.13479875028133392,0.11160572618246078,0.5878704786300659,0.35542985796928406,0.33271336555480957,0.1307082325220108,0.10755708068609238,0.239536851644516,0.1107092946767807,0.517422080039978,0.1749780774116516,0.10386840999126434,0.06595110893249512,0.19633729755878448,0.23091524839401245,0.13491730391979218,0.1306622177362442,0.23006142675876617,0.1421097218990326,0.28892096877098083,0.13419044017791748,0.31067049503326416,0.16187763214111328,0.13905028998851776,0.09537901729345322
AH100,0.166666667,0.0,0.333333333,0.166666667,0.233333333,0.166666667,0.566666667,0.366666667,0.8,0.066666667,0.533333333,0.466666667,0.133333333,1.1,0.6,0.133333333,0.233333333,0.0,0.033333333,0.066666667,0.2,0.0,0.5,0.166666667,0.1,0.6,0.233333333,0.066666667,0.766666667,0.266666667,0.633333333,0.233333333,0.0,0.1,0.0,0.766666667,0.166666667,0.0,0.166666667,0.1,0.2,0.4,0.3,0.366666667,0.4,0.1,0.0,0.233333333,0.066666667,0.266666667,0.1,0.4172685444355011,0.12311448901891708,0.4560028910636902,0.19094525277614594,0.33944031596183777,0.1377258151769638,0.4325519800186157,0.20371173322200775,0.6428166627883911,0.14679904282093048,0.2134351283311844,0.2959641218185425,0.09299717843532562,0.8575376272201538,0.2572140693664551,0.2508593201637268,0.15261195600032806,0.08390946686267853,0.05339987948536873,0.2198183685541153,0.2932923436164856,0.09113267064094543,0.22169804573059082,0.11904607713222504,0.10078249126672745,0.30424582958221436,0.13479875028133392,0.11160572618246078,0.5878704786300659,0.35542985796928406,0.33271336555480957,0.1307082325220108,0.10755708068609238,0.239536851644516,0.1107092946767807,0.517422080039978,0.1749780774116516,0.10386840999126434,0.06595110893249512,0.19633729755878448,0.23091524839401245,0.13491730391979218,0.1306622177362442,0.23006142675876617,0.1421097218990326,0.28892096877098083,0.13419044017791748,0.31067049503326416,0.16187763214111328,0.13905028998851776,0.09537901729345322
AH203,0.233333333,0.066666667,0.333333333,0.533333333,0.466666667,0.0,0.733333333,0.7,0.8,0.133333333,0.433333333,0.433333333,0.0,1.1,0.266666667,0.366666667,0.166666667,0.0,0.0,0.0,0.0,0.0,0.066666667,0.0,0.233333333,0.266666667,0.233333333,0.133333333,0.633333333,0.6,0.533333333,0.166666667,0.0,0.066666667,0.0,0.666666667,0.766666667,0.0,0.2,0.233333333,0.066666667,0.2,0.0,0.5,0.0,0.133333333,0.0,0.4,0.166666667,0.1,0.033333333,0.43619802594184875,0.11145365983247757,0.46770668029785156,0.29226768016815186,0.42786118388175964,0.1982140690088272,0.5008910894393921,0.2659166157245636,1.1594809293746948,0.20268157124519348,0.30148184299468994,0.4031563401222229,0.10938630998134613,1.4223452806472778,0.350016325712204,0.3083271086215973,0.203181654214859,0.08971826732158661,0.06869594007730484,0.22279390692710876,0.2961702048778534,0.10274455696344376,0.2097577601671219,0.15176595747470856,0.05522816255688667,0.24574849009513855,0.1052708551287651,0.08804234862327576,0.23300400376319885,0.3267527222633362,0.3824532926082611,0.1315232813358307,0.2636568546295166,0.19146409630775452,0.0736970379948616,0.5892636179924011,0.17425984144210815,0.07148300856351852,0.03884466737508774,0.15971191227436066,0.17549975216388702,0.1235966756939888,0.10085630416870117,0.1676444113254547,0.23550061881542206,0.2941626310348511,0.1456589251756668,0.301896333694458,0.20628921687602997,0.15907138586044312,0.14614728093147278
AH664,0.2,0.0,0.233333333,0.0,0.333333333,0.066666667,0.633333333,0.366666667,0.933333333,0.1,0.266666667,0.233333333,0.0,0.866666667,0.433333333,0.433333333,0.366666667,0.0,0.033333333,0.033333333,0.066666667,0.0,0.066666667,0.0,0.066666667,0.533333333,0.233333333,0.2,1.033333333,0.4,0.7,0.333333333,0.0,0.3,0.0,0.833333333,0.333333333,0.0,0.233333333,0.166666667,0.266666667,0.266666667,0.2,0.4,0.3,0.233333333,0.0,0.0,0.2,0.0,0.1,0.4172685444355011,0.12311448901891708,0.4560028910636902,0.19094525277614594,0.33944031596183777,0.1377258151769638,0.4325519800186157,0.20371173322200775,0.6428166627883911,0.14679904282093048,0.2134351283311844,0.2959641218185425,0.09299717843532562,0.8575376272201538,0.2572140693664551,0.2508593201637268,0.15261195600032806,0.08390946686267853,0.05339987948536873,0.2198183685541153,0.2932923436164856,0.09113267064094543,0.22169804573059082,0.11904607713222504,0.10078249126672745,0.30424582958221436,0.13479875028133392,0.11160572618246078,0.5878704786300659,0.35542985796928406,0.33271336555480957,0.1307082325220108,0.10755708068609238,0.239536851644516,0.1107092946767807,0.517422080039978,0.1749780774116516,0.10386840999126434,0.06595110893249512,0.19633729755878448,0.23091524839401245,0.13491730391979218,0.1306622177362442,0.23006142675876617,0.1421097218990326,0.28892096877098083,0.13419044017791748,0.31067049503326416,0.16187763214111328,0.13905028998851776,0.09537901729345322
AH877,0.2,0.0,0.3,0.0,0.333333333,0.2,0.4,0.1,0.733333333,0.0,0.633333333,0.5,0.133333333,1.1,0.466666667,0.566666667,0.366666667,0.033333333,0.133333333,0.066666667,0.0,0.0,0.1,0.0,0.2,0.666666667,0.3,0.0,0.966666667,0.6,0.2,0.133333333,0.0,0.4,0.0,0.733333333,0.533333333,0.166666667,0.266666667,0.066666667,0.1,0.366666667,0.1,0.3,0.0,0.566666667,0.0,0.5,0.2,0.133333333,0.133333333,0.4172685444355011,0.12311448901891708,0.4560028910636902,0.19094525277614594,0.33944031596183777,0.1377258151769638,0.4325519800186157,0.20371173322200775,0.6428166627883911,0.14679904282093048,0.2134351283311844,0.2959641218185425,0.09299717843532562,0.8575376272201538,0.2572140693664551,0.2508593201637268,0.15261195600032806,0.08390946686267853,0.05339987948536873,0.2198183685541153,0.2932923436164856,0.09113267064094543,0.22169804573059082,0.11904607713222504,0.10078249126672745,0.30424582958221436,0.13479875028133392,0.11160572618246078,0.5878704786300659,0.35542985796928406,0.33271336555480957,0.1307082325220108,0.10755708068609238,0.239536851644516,0.1107092946767807,0.517422080039978,0.1749780774116516,0.10386840999126434,0.06595110893249512,0.19633729755878448,0.23091524839401245,0.13491730391979218,0.1306622177362442,0.23006142675876617,0.1421097218990326,0.28892096877098083,0.13419044017791748,0.31067049503326416,0.16187763214111328,0.13905028998851776,0.09537901729345322
AI142,0.142857143,0.0,0.857142857,0.0,0.25,0.357142857,1.464285714,0.178571429,0.535714286,0.25,0.0,0.214285714,0.178571429,1.178571429,0.214285714,0.107142857,0.214285714,0.107142857,0.178571429,0.678571429,0.821428571,0.035714286,1.0,0.0,0.107142857,0.25,0.0,0.25,0.178571429,0.142857143,0.0,0.0,0.0,0.285714286,0.0,0.285714286,0.107142857,0.0,0.0,0.0,0.071428571,0.107142857,0.142857143,0.178571429,0.0,0.0,0.142857143,0.107142857,0.071428571,0.392857143,0.071428571,0.4193185269832611,0.10988860577344894,0.4541255235671997,0.15588106215000153,0.34722331166267395,0.2249164879322052,0.5764908194541931,0.2743597626686096,1.3387290239334106,0.13247795403003693,0.301291286945343,0.5185723900794983,0.07815034687519073,1.2185953855514526,0.2750718593597412,0.25850021839141846,0.1928538829088211,0.08375072479248047,0.0469154492020607,0.2036142647266388,0.2960870563983917,0.09430088847875595,0.14247828722000122,0.1026894673705101,0.032671812921762466,0.1721845418214798,0.10220099240541458,0.07265640795230865,0.06367815285921097,0.25380468368530273,0.3961635231971741,0.14052721858024597,0.25568220019340515,0.16809338331222534,0.06224299222230911,0.565385103225708,0.17131203413009644,0.06285126507282257,0.039657820016145706,0.15278860926628113,0.1645231544971466,0.1574186086654663,0.09006614983081818,0.151957705616951,0.17741575837135315,0.27121102809906006,0.14966793358325958,0.2563917636871338,0.18409225344657898,0.1479944884777069,0.10616368055343628
AI242,0.285714286,0.035714286,0.5,0.071428571,0.5,0.464285714,0.964285714,0.214285714,0.75,0.178571429,0.142857143,0.285714286,0.071428571,1.071428571,0.178571429,0.071428571,0.535714286,0.178571429,0.142857143,0.285714286,0.035714286,0.0,0.428571429,0.107142857,0.142857143,0.607142857,0.142857143,0.142857143,0.285714286,0.107142857,0.142857143,0.071428571,0.0,0.0,0.107142857,0.178571429,0.035714286,0.0,0.0,0.0,0.071428571,0.428571429,0.035714286,0.25,0.0,0.071428571,0.321428571,0.142857143,0.214285714,0.178571429,0.035714286,0.4193185269832611,0.10988860577344894,0.4541255235671997,0.15588106215000153,0.34722331166267395,0.2249164879322052,0.5764908194541931,0.2743597626686096,1.3387290239334106,0.13247795403003693,0.301291286945343,0.5185723900794983,0.07815034687519073,1.2185953855514526,0.2750718593597412,0.25850021839141846,0.1928538829088211,0.08375072479248047,0.0469154492020607,0.2036142647266388,0.2960870563983917,0.09430088847875595,0.14247828722000122,0.1026894673705101,0.032671812921762466,0.1721845418214798,0.10220099240541458,0.07265640795230865,0.06367815285921097,0.25380468368530273,0.3961635231971741,0.14052721858024597,0.25568220019340515,0.16809338331222534,0.06224299222230911,0.565385103225708,0.17131203413009644,0.06285126507282257,0.039657820016145706,0.15278860926628113,0.1645231544971466,0.1574186086654663,0.09006614983081818,0.151957705616951,0.17741575837135315,0.27121102809906006,0.14966793358325958,0.2563917636871338,0.18409225344657898,0.1479944884777069,0.10616368055343628
AI273,0.035714286,0.071428571,0.285714286,0.214285714,0.071428571,0.0,0.642857143,0.285714286,2.178571429,0.25,0.428571429,1.321428571,0.214285714,1.642857143,0.285714286,0.214285714,0.25,0.107142857,0.0,0.285714286,0.142857143,0.107142857,0.25,0.0,0.0,0.285714286,0.0,0.0,0.071428571,0.178571429,1.071428571,0.0,0.0,0.0,0.0,0.107142857,0.071428571,0.0,0.0,0.214285714,0.0,0.0,0.214285714,0.428571429,0.25,0.178571429,0.0,0.035714286,0.285714286,0.0,0.107142857,0.4684712886810303,0.5171520709991455,0.5167710781097412,0.39018115401268005,0.35384687781333923,0.2122119516134262,0.63882976770401,0.3918599784374237,1.1421047449111938,0.557444155216217,0.2836982309818268,0.4379282593727112,0.11535722762346268,1.2126715183258057,0.31776294112205505,0.2752677798271179,0.31534746289253235,0.1495591253042221,0.09324589371681213,0.2670096457004547,0.29696664214134216,0.2772797644138336,0.2958971858024597,0.16300144791603088,0.037143923342227936,0.19135917723178864,0.20416703820228577,0.11864294856786728,0.3031390905380249,0.43977904319763184,0.3472634255886078,0.19723477959632874,0.495577871799469,0.21567946672439575,0.07863043993711472,0.5351535081863403,0.17104627192020416,0.12271913141012192,0.04496251419186592,0.19369426369667053,0.24405284225940704,0.1267314851284027,0.14117035269737244,0.2536921799182892,0.2634091079235077,0.30910414457321167,0.14916208386421204,0.3023566007614136,0.1911109983921051,0.1736433506011963,0.1520097255706787
AI347,0.172413793,0.0,0.586206897,0.068965517,0.275862069,0.448275862,1.275862069,0.068965517,1.586206897,0.517241379,0.137931034,0.413793103,0.172413793,1.137931034,0.172413793,0.275862069,0.068965517,0.0,0.0,0.137931034,0.137931034,0.0,0.137931034,0.068965517,0.206896552,0.310344828,0.0,0.0,0.172413793,0.172413793,0.310344828,0.0,0.0,0.0,0.034482759,0.206896552,0.0,0.0,0.034482759,0.0,0.137931034,0.310344828,0.0,0.24137931,0.034482759,0.172413793,0.310344828,0.206896552,0.275862069,0.172413793,0.0,0.4193185269832611,0.10988860577344894,0.4541255235671997,0.15588106215000153,0.34722331166267395,0.2249164879322052,0.5764908194541931,0.2743597626686096,1.3387290239334106,0.13247795403003693,0.301291286945343,0.5185723900794983,0.07815034687519073,1.2185953855514526,0.2750718593597412,0.25850021839141846,0.1928538829088211,0.08375072479248047,0.0469154492020607,0.2036142647266388,0.2960870563983917,0.09430088847875595,0.14247828722000122,0.1026894673705101,0.032671812921762466,0.1721845418214798,0.10220099240541458,0.07265640795230865,0.06367815285921097,0.25380468368530273,0.3961635231971741,0.14052721858024597,0.25568220019340515,0.16809338331222534,0.06224299222230911,0.565385103225708,0.17131203413009644,0.06285126507282257,0.039657820016145706,0.15278860926628113,0.1645231544971466,0.1574186086654663,0.09006614983081818,0.151957705616951,0.17741575837135315,0.27121102809906006,0.14966793358325958,0.2563917636871338,0.18409225344657898,0.1479944884777069,0.10616368055343628
AI376,0.517241379,0.172413793,0.379310345,0.0,0.310344828,0.310344828,0.310344828,0.0,0.482758621,0.172413793,0.0,0.068965517,0.034482759,0.793103448,0.24137931,0.137931034,0.103448276,0.068965517,0.0,1.482758621,2.586206897,0.0,1.034482759,0.24137931,0.206896552,0.172413793,0.034482759,0.379310345,0.310344828,0.068965517,0.034482759,0.0,0.0,0.172413793,0.0,0.103448276,0.034482759,0.0,0.0,0.0,0.0,0.206896552,0.0,0.0,0.034482759,0.0,0.172413793,0.206896552,0.24137931,0.206896552,0.0,0.4193185269832611,0.10988860577344894,0.4541255235671997,0.15588106215000153,0.34722331166267395,0.2249164879322052,0.5764908194541931,0.2743597626686096,1.3387290239334106,0.13247795403003693,0.301291286945343,0.5185723900794983,0.07815034687519073,1.2185953855514526,0.2750718593597412,0.25850021839141846,0.1928538829088211,0.08375072479248047,0.0469154492020607,0.2036142647266388,0.2960870563983917,0.09430088847875595,0.14247828722000122,0.1026894673705101,0.032671812921762466,0.1721845418214798,0.10220099240541458,0.07265640795230865,0.06367815285921097,0.25380468368530273,0.3961635231971741,0.14052721858024597,0.25568220019340515,0.16809338331222534,0.06224299222230911,0.565385103225708,0.17131203413009644,0.06285126507282257,0.039657820016145706,0.15278860926628113,0.1645231544971466,0.1574186086654663,0.09006614983081818,0.151957705616951,0.17741575837135315,0.27121102809906006,0.14966793358325958,0.2563917636871338,0.18409225344657898,0.1479944884777069,0.10616368055343628
AI453,0.0,0.0,0.392857143,0.035714286,0.035714286,0.0,0.607142857,0.0,2.285714286,0.178571429,0.571428571,1.428571429,0.0,1.214285714,0.107142857,0.178571429,0.321428571,0.107142857,0.071428571,0.0,0.214285714,0.0,0.107142857,0.0,0.0,0.0,0.0,0.0,0.392857143,0.071428571,0.964285714,0.0,0.0,0.285714286,0.142857143,0.035714286,0.0,0.0,0.0,0.428571429,0.0,0.0,0.178571429,0.5,0.035714286,0.035714286,0.0,0.357142857,0.035714286,0.0,0.071428571,0.4684712886810303,0.5171520709991455,0.5167710781097412,0.39018115401268005,0.35384687781333923,0.2122119516134262,0.63882976770401,0.3918599784374237,1.1421047449111938,0.557444155216217,0.2836982309818268,0.4379282593727112,0.11535722762346268,1.2126715183258057,0.31776294112205505,0.2752677798271179,0.31534746289253235,0.1495591253042221,0.09324589371681213,0.2670096457004547,0.29696664214134216,0.2772797644138336,0.2958971858024597,0.16300144791603088,0.037143923342227936,0.19135917723178864,0.20416703820228577,0.11864294856786728,0.3031390905380249,0.43977904319763184,0.3472634255886078,0.19723477959632874,0.495577871799469,0.21567946672439575,0.07863043993711472,0.5351535081863403,0.17104627192020416,0.12271913141012192,0.04496251419186592,0.19369426369667053,0.24405284225940704,0.1267314851284027,0.14117035269737244,0.2536921799182892,0.2634091079235077,0.30910414457321167,0.14916208386421204,0.3023566007614136,0.1911109983921051,0.1736433506011963,0.1520097255706787
AI665,0.25,0.035714286,0.214285714,0.071428571,0.357142857,0.0,0.642857143,0.178571429,1.178571429,0.107142857,0.178571429,0.642857143,0.25,0.857142857,0.321428571,0.357142857,0.392857143,0.035714286,0.0,0.392857143,0.25,0.214285714,0.0,0.178571429,0.0,0.285714286,0.0,0.035714286,0.107142857,0.0,0.821428571,0.035714286,0.071428571,0.071428571,0.0,0.142857143,0.035714286,0.0,0.0,0.392857143,0.0,0.0,0.178571429,0.178571429,0.0,0.0,0.107142857,0.107142857,0.071428571,0.0,0.0,0.4684712886810303,0.5171520709991455,0.5167710781097412,0.39018115401268005,0.35384687781333923,0.2122119516134262,0.63882976770401,0.3918599784374237,1.1421047449111938,0.557444155216217,0.2836982309818268,0.4379282593727112,0.11535722762346268,1.2126715183258057,0.31776294112205505,0.2752677798271179,0.31534746289253235,0.1495591253042221,0.09324589371681213,0.2670096457004547,0.29696664214134216,0.2772797644138336,0.2958971858024597,0.16300144791603088,0.037143923342227936,0.19135917723178864,0.20416703820228577,0.11864294856786728,0.3031390905380249,0.43977904319763184,0.3472634255886078,0.19723477959632874,0.495577871799469,0.21567946672439575,0.07863043993711472,0.5351535081863403,0.17104627192020416,0.12271913141012192,0.04496251419186592,0.19369426369667053,0.24405284225940704,0.1267314851284027,0.14117035269737244,0.2536921799182892,0.2634091079235077,0.30910414457321167,0.14916208386421204,0.3023566007614136,0.1911109983921051,0.1736433506011963,0.1520097255706787
AI681,0.0,0.071428571,0.107142857,0.107142857,0.142857143,0.0,0.5,0.0,2.785714286,0.107142857,0.428571429,0.928571429,0.214285714,1.285714286,0.178571429,0.214285714,0.071428571,0.0,0.0,0.071428571,0.071428571,0.0,0.071428571,0.071428571,0.0,0.285714286,0.035714286,0.0,0.25,0.428571429,0.964285714,0.0,0.0,0.0,0.0,0.0,0.0,0.0,0.0,0.214285714,0.0,0.107142857,0.214285714,0.607142857,0.0,0.0,0.0,0.107142857,0.0,0.0,0.0,0.4684712886810303,0.5171520709991455,0.5167710781097412,0.39018115401268005,0.35384687781333923,0.2122119516134262,0.63882976770401,0.3918599784374237,1.1421047449111938,0.557444155216217,0.2836982309818268,0.4379282593727112,0.11535722762346268,1.2126715183258057,0.31776294112205505,0.2752677798271179,0.31534746289253235,0.1495591253042221,0.09324589371681213,0.2670096457004547,0.29696664214134216,0.2772797644138336,0.2958971858024597,0.16300144791603088,0.037143923342227936,0.19135917723178864,0.20416703820228577,0.11864294856786728,0.3031390905380249,0.43977904319763184,0.3472634255886078,0.19723477959632874,0.495577871799469,0.21567946672439575,0.07863043993711472,0.5351535081863403,0.17104627192020416,0.12271913141012192,0.04496251419186592,0.19369426369667053,0.24405284225940704,0.1267314851284027,0.14117035269737244,0.2536921799182892,0.2634091079235077,0.30910414457321167,0.14916208386421204,0.3023566007614136,0.1911109983921051,0.1736433506011963,0.1520097255706787
AI768,0.275862069,0.034482759,0.620689655,0.206896552,0.413793103,0.0,0.482758621,0.103448276,1.724137931,0.068965517,0.24137931,0.689655172,0.0,0.827586207,0.0,0.0,0.310344828,0.068965517,0.0,0.310344828,0.103448276,0.0,0.0,0.103448276,0.0,0.0,0.0,0.0,0.275862069,0.24137931,0.793103448,0.0,0.275862069,0.24137931,0.0,0.137931034,0.0,0.0,0.206896552,0.206896552,0.0,0.103448276,0.172413793,0.448275862,0.137931034,0.0,0.0,0.379310345,0.0,0.068965517,0.103448276,0.4684712886810303,0.5171520709991455,0.5167710781097412,0.39018115401268005,0.35384687781333923,0.2122119516134262,0.63882976770401,0.3918599784374237,1.1421047449111938,0.557444155216217,0.2836982309818268,0.4379282593727112,0.11535722762346268,1.2126715183258057,0.31776294112205505,0.2752677798271179,0.31534746289253235,0.1495591253042221,0.09324589371681213,0.2670096457004547,0.29696664214134216,0.2772797644138336,0.2958971858024597,0.16300144791603088,0.037143923342227936,0.19135917723178864,0.20416703820228577,0.11864294856786728,0.3031390905380249,0.43977904319763184,0.3472634255886078,0.19723477959632874,0.495577871799469,0.21567946672439575,0.07863043993711472,0.5351535081863403,0.17104627192020416,0.12271913141012192,0.04496251419186592,0.19369426369667053,0.24405284225940704,0.1267314851284027,0.14117035269737244,0.2536921799182892,0.2634091079235077,0.30910414457321167,0.14916208386421204,0.3023566007614136,0.1911109983921051,0.1736433506011963,0.1520097255706787
AI780,0.142857143,0.0,0.178571429,0.0,0.321428571,0.178571429,0.464285714,0.0,0.928571429,0.392857143,0.0,0.142857143,0.0,1.357142857,0.321428571,0.25,0.357142857,0.107142857,0.0,1.285714286,2.285714286,0.071428571,0.535714286,0.0,0.142857143,0.321428571,0.107142857,0.678571429,0.142857143,0.178571429,0.0,0.0,0.0,0.178571429,0.0,0.214285714,0.035714286,0.0,0.0,0.0,0.142857143,0.0,0.0,0.035714286,0.0,0.0,0.0,0.107142857,0.178571429,0.0,0.0,0.4193185269832611,0.10988860577344894,0.4541255235671997,0.15588106215000153,0.34722331166267395,0.2249164879322052,0.5764908194541931,0.2743597626686096,1.3387290239334106,0.13247795403003693,0.301291286945343,0.5185723900794983,0.07815034687519073,1.2185953855514526,0.2750718593597412,0.25850021839141846,0.1928538829088211,0.08375072479248047,0.0469154492020607,0.2036142647266388,0.2960870563983917,0.09430088847875595,0.14247828722000122,0.1026894673705101,0.032671812921762466,0.1721845418214798,0.10220099240541458,0.07265640795230865,0.06367815285921097,0.25380468368530273,0.3961635231971741,0.14052721858024597,0.25568220019340515,0.16809338331222534,0.06224299222230911,0.565385103225708,0.17131203413009644,0.06285126507282257,0.039657820016145706,0.15278860926628113,0.1645231544971466,0.1574186086654663,0.09006614983081818,0.151957705616951,0.17741575837135315,0.27121102809906006,0.14966793358325958,0.2563917636871338,0.18409225344657898,0.1479944884777069,0.10616368055343628
AA495,0.076923077,0.0,0.076923077,0.0,0.115384615,0.230769231,0.0,0.5,0.0,0.0,0.038461538,0.0,0.192307692,1.0,0.153846154,0.115384615,0.0,0.192307692,0.0,0.807692308,0.961538462,0.0,0.807692308,0.692307692,0.730769231,0.653846154,0.346153846,1.692307692,0.576923077,0.0,0.0,0.0,0.153846154,0.346153846,0.230769231,0.076923077,0.0,0.0,0.0,0.0,0.038461538,0.0,0.0,0.0,0.153846154,0.0,0.0,0.0,0.192307692,0.0,0.0,0.4199386239051819,0.12004875391721725,0.4582042396068573,0.57966548204422,0.31649085879325867,0.1765708327293396,0.39372187852859497,0.2382475882768631,0.5304462909698486,0.14145104587078094,0.15310007333755493,0.1797008365392685,0.10662093013525009,0.8655931949615479,0.23226168751716614,0.1915341466665268,0.10554660111665726,0.11420777440071106,0.07942891120910645,0.12799488008022308,0.293037474155426,0.0921545922756195,0.22238032519817352,0.19433270394802094,0.19398967921733856,0.3717968761920929,0.159902423620224,0.13259844481945038,0.2111937403678894,0.149087592959404,0.1785079538822174,0.1847766935825348,0.1733238846063614,0.17345067858695984,0.1024969071149826,0.4451295733451843,0.17535743117332458,0.046801578253507614,0.060261450707912445,0.20623376965522766,0.17231731116771698,0.18304716050624847,0.06364274024963379,0.4320012331008911,0.47539275884628296,0.28994426131248474,0.14027293026447296,0.3390454649925232,0.268154114484787,0.14592640101909637,0.13852152228355408
AH254,0.133333333,0.0,0.466666667,0.1,0.566666667,0.066666667,0.2,0.266666667,0.833333333,0.1,0.333333333,0.166666667,0.1,0.7,0.233333333,0.1,0.366666667,0.166666667,0.033333333,0.166666667,0.133333333,0.0,0.266666667,0.0,0.0,0.3,0.0,0.0,0.066666667,0.1,0.1,0.233333333,0.066666667,0.166666667,0.0,0.9,0.3,0.0,0.0,0.0,0.766666667,0.533333333,0.0,0.633333333,0.933333333,0.0,0.033333333,0.133333333,0.466666667,0.166666667,0.233333333,0.4131520390510559,0.14910410344600677,0.46377405524253845,0.6333901286125183,0.3289901614189148,0.17857548594474792,0.45140230655670166,0.2234049141407013,0.6459895968437195,0.1822238564491272,0.17677350342273712,0.2743065357208252,0.07041250169277191,0.9303130507469177,0.1614871323108673,0.2111945003271103,0.17274756729602814,0.21026356518268585,0.1293174773454666,0.40667977929115295,0.2947222888469696,0.12422944605350494,0.26044297218322754,0.08464246988296509,0.037859443575143814,0.09452986717224121,0.11877667158842087,0.08151362836360931,0.17491492629051208,0.20263709127902985,0.2759443521499634,0.17515632510185242,0.22097422182559967,0.2529144883155823,0.1630658656358719,0.4949961304664612,0.17605245113372803,0.1114121749997139,0.0698329359292984,0.24292419850826263,0.23205146193504333,0.23532716929912567,0.09531601518392563,0.30851203203201294,0.4210115671157837,0.294595330953598,0.11687733978033066,0.3808255195617676,0.2894391119480133,0.1424715220928192,0.10533107817173004
AH489,0.3,0.0,0.366666667,0.1,0.2,0.2,0.3,0.166666667,0.4,0.0,0.0,0.133333333,0.1,0.6,0.133333333,0.0,0.066666667,0.1,0.066666667,0.166666667,0.1,0.0,0.266666667,0.0,0.0,0.4,0.266666667,0.0,0.5,0.566666667,0.5,0.366666667,0.4,0.233333333,0.0,0.866666667,0.1,0.0,0.133333333,0.366666667,0.766666667,0.133333333,0.1,0.3,0.2,0.133333333,0.133333333,0.133333333,0.433333333,0.0,0.333333333,0.43049755692481995,0.12374496459960938,0.4546626806259155,0.22146736085414886,0.33142903447151184,0.15559355914592743,0.395737886428833,0.20852550864219666,0.7465489506721497,0.1410800814628601,0.13689129054546356,0.2988300621509552,0.08979377895593643,0.77939772605896,0.2527270019054413,0.21007059514522552,0.16968245804309845,0.08708172291517258,0.07008948177099228,0.2047543227672577,0.2915799915790558,0.11391788721084595,0.2552225589752197,0.12456490099430084,0.10532405227422714,0.278656542301178,0.1335039883852005,0.09583079814910889,0.4850061237812042,0.3375508487224579,0.3090954124927521,0.16308201849460602,0.14362139999866486,0.265310674905777,0.12858033180236816,0.513870358467102,0.1749780774116516,0.053369127213954926,0.05033610388636589,0.1797303706407547,0.23029105365276337,0.19739730656147003,0.14530764520168304,0.31308501958847046,0.2109900265932083,0.283652663230896,0.12157028168439865,0.3405279517173767,0.1881585568189621,0.13396959006786346,0.10660631209611893
AH612,0.1,0.0,0.366666667,0.166666667,0.433333333,0.2,0.233333333,0.066666667,1.1,0.0,0.066666667,0.6,0.066666667,1.0,0.333333333,0.366666667,0.6,0.133333333,0.233333333,0.166666667,0.0,0.033333333,0.366666667,0.0,0.0,0.166666667,0.033333333,0.0,0.0,0.033333333,0.166666667,0.133333333,0.166666667,0.066666667,0.0,0.5,0.133333333,0.0,0.0,0.0,0.333333333,0.233333333,0.133333333,1.133333333,0.6,0.066666667,0.133333333,0.166666667,0.4,0.033333333,0.166666667,0.41407129168510437,0.1240471825003624,0.4566081464290619,0.45155155658721924,0.3153742551803589,0.1567511409521103,0.2999069392681122,0.2153145968914032,0.6246432065963745,0.12166659533977509,0.12904095649719238,0.33097681403160095,0.08170200884342194,0.9891712069511414,0.24450035393238068,0.31515151262283325,0.17132596671581268,0.11052066832780838,0.08392608910799026,0.199555903673172,0.29725730419158936,0.10945829749107361,0.21844319999217987,0.10709533840417862,0.04548272863030434,0.17212919890880585,0.11172240227460861,0.07932595163583755,0.059025444090366364,0.18087871372699738,0.22821062803268433,0.15761418640613556,0.27296045422554016,0.2107681930065155,0.09076409041881561,0.5268101692199707,0.1759340465068817,0.14951208233833313,0.03485247492790222,0.16319569945335388,0.19274844229221344,0.21645106375217438,0.08504221588373184,0.641915500164032,0.35179758071899414,0.29164090752601624,0.13437525928020477,0.44220229983329773,0.30307403206825256,0.13384518027305603,0.13390803337097168
AH765,0.1,0.066666667,0.5,0.133333333,0.166666667,0.2,0.666666667,0.5,0.866666667,0.4,0.266666667,0.666666667,0.1,1.2,0.133333333,0.266666667,0.1,0.1,0.0,0.066666667,0.0,0.033333333,0.266666667,0.0,0.0,0.2,0.166666667,0.0,0.266666667,0.1,0.166666667,0.266666667,0.066666667,0.066666667,0.0,0.833333333,0.3,0.0,0.066666667,0.066666667,0.333333333,0.066666667,0.066666667,0.666666667,0.366666667,0.1,0.0,0.266666667,0.4,0.0,0.133333333,0.42794105410575867,0.18092487752437592,0.44750890135765076,0.40577101707458496,0.4296472370624542,0.1711241453886032,0.4705467224121094,0.2443239390850067,1.0320100784301758,0.1342904269695282,0.5820543169975281,0.6379934549331665,0.1331556886434555,0.9381693005561829,0.3084171414375305,0.34779974818229675,0.10245475172996521,0.14832954108715057,0.12354277074337006,0.290289044380188,0.29725730419158936,0.10599808394908905,0.36688899993896484,0.20653073489665985,0.04880822077393532,0.13172979652881622,0.12514245510101318,0.08832244575023651,0.18607419729232788,0.2778521180152893,0.3930513858795166,0.22654257714748383,0.43851712346076965,0.2773114740848541,0.09193233400583267,0.5345070958137512,0.17224706709384918,0.05285683646798134,0.07022296637296677,0.32495445013046265,0.2175254076719284,0.17378230392932892,0.08510113507509232,0.3084797263145447,0.2612624168395996,0.2948581874370575,0.13504908978939056,0.357455849647522,0.11327128857374191,0.1387004405260086,0.10544610023498535
AI338,0.517241379,0.0,0.344827586,0.0,0.24137931,0.0,0.103448276,0.275862069,0.965517241,0.172413793,0.413793103,0.24137931,0.206896552,1.172413793,0.344827586,0.482758621,0.482758621,0.0,0.0,0.275862069,0.413793103,0.0,0.482758621,0.0,0.0,0.0,0.24137931,0.0,0.068965517,0.310344828,0.586206897,0.0,0.0,0.482758621,0.482758621,0.517241379,0.068965517,0.0,0.0,0.344827586,0.0,0.034482759,0.034482759,0.0,0.0,0.137931034,0.068965517,0.103448276,0.0,0.0,0.034482759,0.4194869101047516,0.1512843668460846,0.46284767985343933,0.23214131593704224,0.3233155608177185,0.17031912505626678,0.423528254032135,0.25796183943748474,0.9546526670455933,0.17222794890403748,0.4536094069480896,0.29049059748649597,0.12031375616788864,0.970432460308075,0.42966535687446594,0.3612991273403168,0.13766485452651978,0.14069464802742004,0.08593396842479706,0.35152092576026917,0.30232205986976624,0.11565961688756943,0.23811660706996918,0.1001056432723999,0.03274180367588997,0.1600528061389923,0.16542896628379822,0.10321630537509918,0.1165282279253006,0.22475264966487885,0.3040687143802643,0.13751323521137238,0.34070447087287903,0.2199261635541916,0.1307217925786972,0.4446212649345398,0.17075736820697784,0.054563190788030624,0.04865451529622078,0.15436141192913055,0.19929541647434235,0.1621609777212143,0.07452905923128128,0.1852501630783081,0.23618605732917786,0.28461748361587524,0.12682989239692688,0.4053260087966919,0.16215194761753082,0.14575864374637604,0.11441797018051147
AJ266,0.233333333,0.0,0.266666667,0.1,0.433333333,0.033333333,0.1,0.366666667,0.266666667,0.0,0.0,0.0,0.0,1.033333333,0.966666667,0.433333333,0.566666667,1.033333333,1.5,0.8,0.466666667,0.1,0.4,0.0,0.1,0.133333333,0.133333333,0.0,0.066666667,0.166666667,0.166666667,0.066666667,0.066666667,0.266666667,0.066666667,0.7,0.166666667,0.0,0.0,0.033333333,0.466666667,0.0,0.066666667,0.133333333,0.266666667,0.333333333,0.0,0.766666667,0.166666667,0.333333333,0.066666667,0.4120332598686218,0.1138545349240303,0.4673685133457184,0.313942015171051,0.3704099953174591,0.18830259144306183,0.34484073519706726,0.24603427946567535,0.63462233543396,0.13373589515686035,0.16714657843112946,0.2558227777481079,0.07834470272064209,1.2803950309753418,0.41926664113998413,0.25012364983558655,0.2900700569152832,0.3076115548610687,0.26400578022003174,0.35210442543029785,0.2932923436164856,0.1483512818813324,0.19068916141986847,0.10615628957748413,0.032185956835746765,0.18426187336444855,0.10155170410871506,0.08168793469667435,0.10724442452192307,0.304232120513916,0.18566520512104034,0.12251190841197968,0.5368525385856628,0.16811944544315338,0.05702480301260948,0.485758900642395,0.17205356061458588,0.060188405215740204,0.03717288747429848,0.16204075515270233,0.2259395867586136,0.16003085672855377,0.08876113593578339,0.28032180666923523,0.172123983502388,0.2913830876350403,0.12387125194072723,0.30141666531562805,0.25129103660583496,0.15819574892520905,0.10921620577573776
AJ316,0.103448276,0.0,0.172413793,0.0,0.24137931,0.0,0.172413793,0.0,0.24137931,0.0,0.0,0.0,0.0,0.413793103,0.172413793,0.206896552,0.344827586,0.379310345,0.206896552,1.586206897,2.137931034,0.0,1.724137931,0.482758621,0.0,0.0,0.103448276,0.379310345,0.620689655,0.103448276,0.034482759,0.034482759,0.068965517,0.24137931,0.137931034,0.655172414,0.068965517,0.0,0.0,0.103448276,0.0,0.24137931,0.0,0.0,0.137931034,0.034482759,0.103448276,0.0,0.448275862,0.24137931,0.0,0.4594414532184601,0.17398878931999207,0.4972136616706848,0.2645716369152069,0.3448253571987152,0.17134509980678558,0.33118921518325806,0.189339742064476,0.4499833285808563,0.1261148303747177,0.1856868863105774,0.11363323032855988,0.0476684607565403,0.6474250555038452,0.24534861743450165,0.20671890676021576,0.17864026129245758,0.27273494005203247,0.13678179681301117,0.479007750749588,0.3063924312591553,0.10280497372150421,0.5118173360824585,0.09312736243009567,0.03210986405611038,0.18382973968982697,0.10071142762899399,0.07423849403858185,0.04940250888466835,0.23393592238426208,0.25414079427719116,0.13764068484306335,0.13974128663539886,0.31484535336494446,0.12204328179359436,0.6387915015220642,0.17409548163414001,0.08081721514463425,0.05446702614426613,0.20722641050815582,0.2920885682106018,0.23204275965690613,0.09119784832000732,0.24884822964668274,0.2180430293083191,0.28569525480270386,0.17346949875354767,0.2802695333957672,0.3575039505958557,0.17326503992080688,0.15758229792118073
AJ481,0.275862069,0.448275862,0.413793103,0.0,0.379310345,0.172413793,0.24137931,0.275862069,1.413793103,0.310344828,0.75862069,0.620689655,0.275862069,1.586206897,0.24137931,0.310344828,0.275862069,0.034482759,0.0,0.0,0.551724138,0.0,0.793103448,0.275862069,0.275862069,0.482758621,0.034482759,0.0,0.0,0.344827586,0.103448276,0.0,0.0,0.0,0.0,0.413793103,0.0,0.0,0.0,0.0,0.103448276,0.103448276,0.0,0.137931034,0.413793103,0.172413793,0.0,0.034482759,0.344827586,0.310344828,0.275862069,0.48468881845474243,0.14120224118232727,0.5129362940788269,0.3670485019683838,0.4500017464160919,0.192535862326622,0.3404615521430969,0.23221369087696075,0.539518415927887,0.30763161182403564,0.13343849778175354,0.12925374507904053,0.053951799869537354,0.834790825843811,0.2668091356754303,0.2551647424697876,0.44722867012023926,0.4019761383533478,0.24923762679100037,0.5242214798927307,0.29376423358917236,0.3303540050983429,0.34028851985931396,0.12320133298635483,0.0400736927986145,0.19765998423099518,0.10300998389720917,0.09080222249031067,0.18152400851249695,0.3876953423023224,0.24895241856575012,0.156362846493721,0.8843523263931274,0.2360474169254303,0.08286792039871216,0.5448556542396545,0.17793573439121246,0.15806320309638977,0.04380393400788307,0.17113932967185974,0.27856600284576416,0.17063972353935242,0.1367325484752655,0.19409936666488647,0.22249160706996918,0.30199238657951355,0.1366516649723053,0.31035804748535156,0.3627331852912903,0.1632038801908493,0.2028931975364685
AJ490,0.066666667,0.0,0.1,0.566666667,0.166666667,0.066666667,0.533333333,0.333333333,1.5,0.2,0.366666667,0.3,0.0,1.4,0.833333333,0.433333333,0.7,0.2,0.0,0.1,0.2,0.0,0.2,0.0,0.0,0.1,0.0,0.0,0.333333333,0.0,0.0,0.0,0.0,0.1,0.2,0.6,0.166666667,0.0,0.0,0.0,0.1,0.1,0.0,0.9,0.6,0.3,0.0,0.466666667,0.0,0.233333333,0.1,0.5216561555862427,0.20747564733028412,0.4572797417640686,0.22668641805648804,0.349762886762619,0.1767522245645523,0.5000858306884766,0.20456616580486298,0.7535470724105835,0.16601155698299408,0.2791721522808075,0.22416715323925018,0.10006681084632874,1.036779761314392,0.26024776697158813,0.2601732611656189,0.26999765634536743,0.10717935860157013,0.04762353375554085,0.20672841370105743,0.2932923436164856,0.1435403674840927,0.17334260046482086,0.1373407542705536,0.047803763300180435,0.20959270000457764,0.12006618082523346,0.08546548336744308,0.32999080419540405,0.34852802753448486,0.38585397601127625,0.13863739371299744,0.21332423388957977,0.1781335473060608,0.08351823687553406,0.48358795046806335,0.17316126823425293,0.0758262649178505,0.057516757398843765,0.20366086065769196,0.18378214538097382,0.11813472956418991,0.10085859894752502,0.15746694803237915,0.1757228821516037,0.28435444831848145,0.11701378226280212,0.27213507890701294,0.1609216332435608,0.16464856266975403,0.1100786030292511
AJ537,0.24137931,0.034482759,0.24137931,0.310344828,0.137931034,0.0,0.310344828,0.24137931,1.137931034,0.0,0.724137931,0.75862069,0.24137931,2.068965517,0.965517241,0.344827586,0.482758621,0.724137931,1.413793103,0.137931034,0.310344828,0.24137931,0.068965517,0.0,0.0,0.103448276,0.0,0.0,0.0,0.0,0.0,0.0,0.0,0.0,0.0,0.24137931,0.0,0.103448276,0.0,0.0,0.172413793,0.172413793,0.034482759,0.310344828,0.206896552,0.24137931,0.0,0.689655172,0.172413793,0.103448276,0.0,0.421319842338562,0.10537578910589218,0.46093177795410156,0.169315904378891,0.36378341913223267,0.1899273693561554,0.3230174779891968,0.2304985076189041,0.3389880061149597,0.13189783692359924,0.14858727157115936,0.14300434291362762,0.06511788070201874,0.9973484873771667,0.35532262921333313,0.20715825259685516,0.25375187397003174,0.2376129925251007,0.2132892906665802,0.3590475916862488,0.2932923436164856,0.2123735398054123,0.1957583874464035,0.11678069829940796,0.031891364604234695,0.20758363604545593,0.10047082602977753,0.0895579531788826,0.1100112646818161,0.30803966522216797,0.20034614205360413,0.1252886801958084,0.4301532208919525,0.20119185745716095,0.06362958252429962,0.472560316324234,0.17101074755191803,0.05078534781932831,0.03308645635843277,0.15330979228019714,0.21243396401405334,0.14060446619987488,0.08450382947921753,0.28154563903808594,0.15896950662136078,0.2756575345993042,0.1239696815609932,0.2665625810623169,0.22757285833358765,0.15986478328704834,0.09886521846055984
AJ661,0.24137931,0.103448276,0.137931034,0.137931034,0.068965517,0.068965517,0.24137931,0.413793103,0.896551724,0.172413793,0.310344828,0.0,0.0,0.896551724,0.103448276,0.344827586,0.0,0.103448276,0.0,0.862068966,1.068965517,0.689655172,0.793103448,0.379310345,0.0,0.137931034,0.413793103,0.137931034,0.0,0.620689655,0.310344828,0.034482759,0.275862069,0.034482759,0.0,0.24137931,0.0,0.0,0.0,0.413793103,0.0,0.103448276,0.0,0.137931034,0.034482759,0.034482759,0.0,0.068965517,0.172413793,0.0,0.0,0.4357072114944458,0.1257915049791336,0.45171838998794556,0.20063211023807526,0.3094256520271301,0.15392230451107025,0.26623550057411194,0.22551316022872925,0.6933586597442627,0.257732629776001,0.11321350187063217,0.1441119909286499,0.045238055288791656,0.9318914413452148,0.3073916733264923,0.2203698754310608,0.3744255006313324,0.13766352832317352,0.07286720722913742,0.352232426404953,0.2970328629016876,0.21596094965934753,0.44220924377441406,0.25036096572875977,0.05780472978949547,0.17617101967334747,0.12546361982822418,0.07370476424694061,0.14267604053020477,0.3542242646217346,0.17076781392097473,0.17325887084007263,0.1608830690383911,0.19870248436927795,0.08888410776853561,0.4475059509277344,0.17224706709384918,0.09035977721214294,0.07394374161958694,0.2162487506866455,0.17184211313724518,0.20644357800483704,0.10070040822029114,0.46945104002952576,0.25474971532821655,0.3022899627685547,0.16539554297924042,0.30733057856559753,0.2365090548992157,0.16614891588687897,0.13977867364883423
AK602,0.4,0.033333333,0.5,0.066666667,0.3,0.133333333,0.266666667,0.266666667,1.733333333,0.533333333,0.233333333,0.433333333,0.1,1.933333333,0.5,0.233333333,0.866666667,0.033333333,0.166666667,0.366666667,0.4,0.0,0.733333333,0.1,0.0,0.066666667,0.0,0.0,0.066666667,0.066666667,0.033333333,0.0,0.0,0.0,0.0,0.1,0.366666667,0.0,0.0,0.1,0.2,0.133333333,0.0,0.466666667,0.2,0.533333333,0.0,0.033333333,0.266666667,0.233333333,0.0,0.4574526250362396,0.1009742021560669,0.4999445378780365,0.3335501551628113,0.33659252524375916,0.20065970718860626,0.45496559143066406,0.2562485337257385,0.7093409299850464,0.25630396604537964,0.13874484598636627,0.10216285288333893,0.051466479897499084,1.3205156326293945,0.3112870156764984,0.28308847546577454,0.2565227746963501,0.1165124922990799,0.05100641027092934,0.17931267619132996,0.295524537563324,0.09076867997646332,0.1997089982032776,0.07241931557655334,0.03261912986636162,0.21252866089344025,0.10206760466098785,0.07345937937498093,0.09703738242387772,0.335725873708725,0.24146683514118195,0.0960274189710617,0.020567122846841812,0.18646162748336792,0.05421070381999016,0.5215445756912231,0.1719813048839569,0.052168894559144974,0.03664133697748184,0.15522827208042145,0.18706290423870087,0.12742090225219727,0.08739878982305527,0.2439243197441101,0.19342811405658722,0.2907724380493164,0.15362995862960815,0.27423444390296936,0.19796860218048096,0.15678489208221436,0.18570363521575928
AK851,0.233333333,0.0,0.133333333,0.1,0.2,0.433333333,0.4,0.3,0.733333333,3.666666667,0.233333333,0.3,0.0,1.733333333,0.0,0.266666667,0.1,0.0,0.0,0.0,0.266666667,0.0,0.0,0.0,0.0,0.066666667,0.0,0.0,0.1,0.466666667,0.066666667,0.0,0.0,0.166666667,0.0,0.6,0.333333333,0.0,0.133333333,0.066666667,0.0,0.0,0.1,0.5,0.266666667,0.7,0.266666667,0.0,0.133333333,0.0,0.266666667,0.43565282225608826,0.10502879321575165,0.47885340452194214,0.1719413846731186,0.32319292426109314,0.18586589395999908,0.4891148507595062,0.24250729382038116,0.8427766561508179,0.159133642911911,0.19975604116916656,0.1253110021352768,0.050792157649993896,1.3142200708389282,0.24107725918293,0.24974128603935242,0.24306994676589966,0.07706276327371597,0.04690984636545181,0.15761809051036835,0.2962447702884674,0.08715004473924637,0.23124201595783234,0.11049108952283859,0.037850335240364075,0.22512802481651306,0.10615196824073792,0.07629594206809998,0.10194169729948044,0.385174959897995,0.2156030237674713,0.09697297215461731,0.027000511065125465,0.1813662350177765,0.058429766446352005,0.5714098811149597,0.17104627192020416,0.07149480283260345,0.0415683388710022,0.1829783320426941,0.15191686153411865,0.116566963493824,0.11185082793235779,0.1679038107395172,0.14274437725543976,0.29456889629364014,0.1413114070892334,0.26964396238327026,0.13895076513290405,0.15024669468402863,0.13487467169761658
AK975,0.366666667,0.0,0.2,0.0,0.033333333,0.0,0.166666667,0.1,0.666666667,0.166666667,0.1,0.0,0.133333333,1.2,1.166666667,0.6,0.1,0.0,0.066666667,0.0,0.266666667,0.4,0.133333333,0.066666667,0.233333333,0.066666667,0.333333333,0.133333333,0.033333333,0.5,0.2,0.3,0.0,0.566666667,0.333333333,0.9,0.166666667,0.933333333,0.033333333,0.833333333,0.133333333,0.266666667,0.266666667,0.4,0.133333333,0.4,0.1,0.066666667,0.433333333,0.266666667,0.133333333,0.43648597598075867,0.09999193996191025,0.539726734161377,0.28953322768211365,0.3277966380119324,0.184458389878273,0.3934589922428131,0.300432413816452,0.8513723015785217,0.1290002316236496,0.15525445342063904,0.2326931208372116,0.07331135869026184,1.4023479223251343,0.4918062388896942,0.33665749430656433,0.2618368864059448,0.09874521940946579,0.1040632501244545,0.18583552539348602,0.2932923436164856,0.10342296212911606,0.21056900918483734,0.11394025385379791,0.03848608583211899,0.1990395337343216,0.11311797797679901,0.09764669835567474,0.18198706209659576,0.30952227115631104,0.22415271401405334,0.11025112867355347,0.12042049318552017,0.19026078283786774,0.06880301982164383,0.5406957268714905,0.17316126823425293,0.10535487532615662,0.03393455222249031,0.16441917419433594,0.18673425912857056,0.1413619965314865,0.08327218890190125,0.21678189933300018,0.237766295671463,0.2819596529006958,0.15061607956886292,0.3162480592727661,0.2645646333694458,0.1765478253364563,0.11847460269927979
AM082,0.2,0.0,0.233333333,0.1,0.666666667,0.1,0.4,0.3,1.566666667,0.266666667,0.233333333,0.666666667,0.0,1.233333333,0.266666667,0.266666667,0.266666667,0.0,0.133333333,0.366666667,0.533333333,0.0,0.333333333,0.066666667,0.133333333,0.066666667,0.066666667,0.0,0.266666667,0.1,0.6,0.0,0.0,0.3,0.0,0.266666667,0.0,0.0,0.0,0.0,0.3,0.166666667,0.0,0.5,0.633333333,0.2,0.233333333,0.4,0.0,0.0,0.133333333,0.42376071214675903,0.0913967490196228,0.47402337193489075,0.20410476624965668,0.35146328806877136,0.1791214495897293,0.4435311555862427,0.2815821170806885,0.9169695973396301,0.15167418122291565,0.2372155636548996,0.24265995621681213,0.08466080576181412,1.4402087926864624,0.34213441610336304,0.29999443888664246,0.22183699905872345,0.08652594685554504,0.053228747099637985,0.18960699439048767,0.2962447702884674,0.1003381684422493,0.20252656936645508,0.14821060001850128,0.03831196948885918,0.2160635143518448,0.11311633884906769,0.0847819596529007,0.18848708271980286,0.35863223671913147,0.3589843213558197,0.1526038646697998,0.2816636264324188,0.18703798949718475,0.0663117989897728,0.5447278618812561,0.17131203413009644,0.08990759402513504,0.04487629234790802,0.18053528666496277,0.1624685376882553,0.10485850274562836,0.10886667668819427,0.22167101502418518,0.2302428036928177,0.28560012578964233,0.136244535446167,0.313558965921402,0.15524226427078247,0.15237240493297577,0.1772521287202835
AM840,0.433333333,0.033333333,0.533333333,1.0,0.366666667,0.0,0.9,0.8,0.6,0.0,0.1,0.333333333,0.066666667,1.533333333,0.2,0.233333333,0.1,0.0,0.0,0.2,0.433333333,0.0,0.233333333,0.033333333,0.0,0.0,0.066666667,0.1,0.2,0.4,0.233333333,0.0,0.0,0.0,0.0,0.466666667,0.0,0.0,0.0,0.0,0.333333333,0.166666667,0.166666667,0.133333333,0.633333333,0.166666667,0.2,0.133333333,0.0,0.133333333,0.233333333,0.4325612485408783,0.1281834840774536,0.5042234063148499,0.40219876170158386,0.4203674793243408,0.246225968003273,0.887678325176239,0.3055360019207001,0.769770085811615,0.14797033369541168,0.27772772312164307,0.19915816187858582,0.06957469135522842,1.2522735595703125,0.3110966980457306,0.30260446667671204,0.26310867071151733,0.08766619116067886,0.06839464604854584,0.2255474179983139,0.29205188155174255,0.09328543394804001,0.15279163420200348,0.085983507335186,0.05640466883778572,0.2096654772758484,0.10309336334466934,0.074815534055233,0.20804405212402344,0.25933295488357544,0.22658687829971313,0.12016474455595016,0.1496472805738449,0.17380402982234955,0.06617867201566696,0.5269153118133545,0.17131203413009644,0.06461813300848007,0.03960240259766579,0.1655343770980835,0.18804027140140533,0.11326943337917328,0.1270897090435028,0.15107914805412292,0.278290331363678,0.2868150472640991,0.1485566347837448,0.2794937193393707,0.1750597506761551,0.1700434535741806,0.11229628324508667
AN087,0.8,0.0,1.5,0.1,1.466666667,0.533333333,0.266666667,0.133333333,0.433333333,0.066666667,0.0,0.133333333,0.0,0.466666667,0.1,0.166666667,0.433333333,0.2,0.366666667,0.766666667,1.466666667,0.366666667,0.7,0.166666667,0.0,0.233333333,0.0,0.1,0.0,0.2,0.166666667,0.1,0.333333333,0.1,0.066666667,0.666666667,0.0,0.0,0.0,0.0,0.366666667,0.166666667,0.033333333,0.0,0.0,0.0,0.2,0.0,0.333333333,0.133333333,0.266666667,0.442048579454422,0.11826838552951813,0.5692492723464966,0.4444373548030853,0.626065731048584,0.3642693758010864,0.622045636177063,0.3759838342666626,0.6750882863998413,0.16654036939144135,0.19207057356834412,0.3330031633377075,0.08931036293506622,1.1356370449066162,0.2837623655796051,0.2531750500202179,0.20545968413352966,0.13032832741737366,0.0947098433971405,0.23721522092819214,0.29214251041412354,0.15996411442756653,0.09368783235549927,0.08937444537878036,0.027660071849822998,0.1612367033958435,0.10173939913511276,0.07011956721544266,0.1331080198287964,0.25984328985214233,0.1714978814125061,0.11742047965526581,0.22696031630039215,0.2663702070713043,0.07060041278600693,0.5328490138053894,0.17205356061458588,0.0692286565899849,0.03656747564673424,0.153188094496727,0.3200477361679077,0.19140063226222992,0.09842588752508163,0.29899802803993225,0.36494383215904236,0.2829977571964264,0.14705638587474823,0.2644597291946411,0.23801445960998535,0.1485622376203537,0.12956812977790833
AN268,0.633333333,0.1,0.633333333,0.3,0.333333333,0.166666667,0.033333333,0.4,0.266666667,0.0,0.0,0.1,0.0,1.066666667,0.466666667,0.233333333,0.4,0.3,0.166666667,1.333333333,1.966666667,0.1,1.166666667,0.066666667,0.0,0.166666667,0.1,0.133333333,0.233333333,0.066666667,0.033333333,0.0,0.0,0.533333333,0.1,1.3,0.0,0.0,0.0,0.033333333,0.066666667,0.166666667,0.0,0.066666667,0.166666667,0.066666667,0.0,0.166666667,0.2,0.2,0.166666667,0.41960421204566956,0.09592511504888535,0.45788493752479553,0.3545861840248108,0.44415783882141113,0.1943453550338745,0.3580821454524994,0.3341384828090668,0.25434425473213196,0.13091909885406494,0.13087783753871918,0.13218553364276886,0.0614423044025898,1.3662371635437012,0.4974158704280853,0.32048600912094116,0.2551337480545044,0.12895242869853973,0.08457015454769135,0.25403714179992676,0.2962447702884674,0.09679199010133743,0.1201578751206398,0.08086171746253967,0.030861003324389458,0.18692916631698608,0.09997976571321487,0.07388581335544586,0.03946166858077049,0.1475347876548767,0.18760685622692108,0.10204311460256577,0.05786502733826637,0.1606030911207199,0.05998235568404198,0.48068588972091675,0.1712765097618103,0.04630963131785393,0.03337206318974495,0.14925965666770935,0.154082253575325,0.1469392627477646,0.07329752296209335,0.22472138702869415,0.217122420668602,0.2764072120189667,0.11273740231990814,0.2578182816505432,0.17739653587341309,0.14340631663799286,0.10192184895277023
AO235,0.333333333,0.133333333,0.233333333,0.533333333,0.6,0.5,0.566666667,0.6,1.5,0.0,0.3,0.233333333,0.3,1.766666667,0.366666667,0.5,0.366666667,0.133333333,0.033333333,0.066666667,0.166666667,0.166666667,0.066666667,0.033333333,0.0,0.066666667,0.033333333,0.0,0.0,0.133333333,0.0,0.033333333,0.0,0.133333333,0.066666667,0.366666667,0.266666667,0.0,0.0,0.066666667,0.333333333,0.3,0.033333333,0.133333333,0.1,0.0,0.0,0.0,0.766666667,0.133333333,0.0,0.44082313776016235,0.15455639362335205,0.5322114825248718,0.42820993065834045,0.5611388087272644,0.23403961956501007,0.4845629632472992,0.27103540301322937,0.8832291960716248,0.2638033330440521,0.20292928814888,0.26520758867263794,0.09554292261600494,1.2630352973937988,0.34004631638526917,0.3070710599422455,0.30213284492492676,0.20036299526691437,0.12006159871816635,0.27155184745788574,0.30013516545295715,0.27739205956459045,0.18235722184181213,0.1380690485239029,0.051373086869716644,0.23971723020076752,0.11258641630411148,0.11124519258737564,0.23000599443912506,0.36463436484336853,0.272309273481369,0.15767532587051392,0.5279375314712524,0.2518976926803589,0.0731172263622284,0.5091997981071472,0.17464986443519592,0.14305904507637024,0.041267238557338715,0.1687152236700058,0.30696380138397217,0.1567901372909546,0.11621208488941193,0.285577654838562,0.2586376667022705,0.3077038824558258,0.14448466897010803,0.28292351961135864,0.33097678422927856,0.17468127608299255,0.1697937250137329
AO882,0.233333333,0.0,0.433333333,0.166666667,0.3,0.0,0.533333333,0.433333333,0.433333333,0.0,0.0,0.033333333,0.0,1.366666667,0.5,0.433333333,0.166666667,0.066666667,0.0,0.866666667,1.266666667,0.433333333,0.933333333,0.3,0.433333333,0.233333333,0.933333333,0.066666667,0.5,0.266666667,0.366666667,0.133333333,0.133333333,0.1,0.066666667,0.6,0.0,0.1,0.166666667,1.033333333,0.3,0.2,0.0,0.133333333,0.233333333,0.0,0.0,0.066666667,0.066666667,0.266666667,0.033333333,0.4103095531463623,0.10218183696269989,0.4468388557434082,0.32042092084884644,0.3354972004890442,0.19047631323337555,0.4243873059749603,0.25689896941185,0.8245023488998413,0.13056059181690216,0.1847551167011261,0.2812100648880005,0.05469084531068802,1.3299839496612549,0.40373244881629944,0.3044992685317993,0.2968294024467468,0.09300744533538818,0.07223201543092728,0.2693139910697937,0.2932923436164856,0.09743969887495041,0.1925070881843567,0.1169489175081253,0.030805813148617744,0.18282875418663025,0.10952123254537582,0.07632212340831757,0.06427550315856934,0.2032613307237625,0.25761035084724426,0.12417150288820267,0.16048866510391235,0.16142986714839935,0.053599003702402115,0.4859369695186615,0.17438410222530365,0.048483334481716156,0.04078982397913933,0.16365376114845276,0.202180415391922,0.15729886293411255,0.09038300067186356,0.23623086512088776,0.231807142496109,0.2742781937122345,0.12194555252790451,0.34590408205986023,0.2792193591594696,0.15127131342887878,0.07478277385234833
AP450,0.466666667,0.133333333,0.366666667,0.2,0.333333333,0.233333333,0.233333333,0.533333333,1.266666667,0.166666667,0.733333333,0.633333333,0.0,2.166666667,0.5,0.4,0.066666667,0.133333333,0.033333333,0.9,1.133333333,0.0,0.933333333,0.133333333,0.1,0.066666667,0.133333333,0.066666667,0.0,0.166666667,0.066666667,0.0,0.0,0.0,0.0,0.566666667,0.2,0.0,0.0,0.0,0.133333333,0.066666667,0.033333333,0.2,0.2,0.166666667,0.133333333,0.5,0.133333333,0.133333333,0.1,0.42751622200012207,0.12078694999217987,0.4529850482940674,0.24703240394592285,0.31710508465766907,0.1488209217786789,0.4589782953262329,0.23787915706634521,1.090705394744873,0.1264692097902298,0.22183562815189362,0.41718512773513794,0.07539607584476471,1.2146214246749878,0.31116682291030884,0.239879310131073,0.10879433900117874,0.09136232733726501,0.053849998861551285,0.16953372955322266,0.2932923436164856,0.10757289081811905,0.16062723100185394,0.1006288081407547,0.036207836121320724,0.11988896876573563,0.10663443803787231,0.07421399652957916,0.09565998613834381,0.2550317645072937,0.3110005259513855,0.1147368773818016,0.11259452998638153,0.16176670789718628,0.10461605340242386,0.510741651058197,0.17172792553901672,0.07872846722602844,0.03947869688272476,0.16398181021213531,0.1571885496377945,0.1596655547618866,0.09177243709564209,0.21610593795776367,0.26612037420272827,0.27725300192832947,0.11982451379299164,0.3804202973842621,0.19684243202209473,0.1387183517217636,0.06884726136922836
AP679,0.1,0.0,0.233333333,0.3,0.333333333,0.2,0.4,0.133333333,0.933333333,0.0,0.5,0.333333333,0.1,1.466666667,0.5,0.533333333,0.0,0.033333333,0.0,0.166666667,0.166666667,0.066666667,0.4,0.0,0.266666667,0.1,0.866666667,0.133333333,0.266666667,0.5,0.9,0.366666667,0.033333333,0.166666667,0.166666667,0.8,0.366666667,0.033333333,0.3,1.1,0.266666667,0.3,0.066666667,0.133333333,0.166666667,0.1,0.166666667,0.1,0.4,0.333333333,0.0,0.4202960431575775,0.10281997919082642,0.4607265591621399,0.2917047142982483,0.31853681802749634,0.1693699210882187,0.38823220133781433,0.21656543016433716,0.7102072238922119,0.13438431918621063,0.19720540940761566,0.23736532032489777,0.05225049704313278,0.9839128255844116,0.20600314438343048,0.25751155614852905,0.2749907374382019,0.08801078796386719,0.05289040133357048,0.11493387073278427,0.2914973497390747,0.089845210313797,0.16662684082984924,0.07304375618696213,0.030813241377472878,0.1601337343454361,0.10707436501979828,0.07488908618688583,0.09564990550279617,0.28036922216415405,0.26115360856056213,0.11784196645021439,0.06115255504846573,0.1547200083732605,0.06269069761037827,0.5928230881690979,0.17079289257526398,0.05017496272921562,0.044340308755636215,0.16988421976566315,0.19013217091560364,0.17869463562965393,0.09422653913497925,0.18928009271621704,0.21625033020973206,0.27506449818611145,0.1341160386800766,0.319830983877182,0.23842981457710266,0.1605408638715744,0.07911098003387451
AP858,0.333333333,0.0,0.5,1.466666667,0.233333333,0.033333333,0.3,0.0,0.333333333,0.0,0.0,0.133333333,0.0,1.0,0.333333333,0.133333333,0.333333333,0.066666667,0.0,0.733333333,0.966666667,0.366666667,0.133333333,0.266666667,0.0,0.2,0.3,0.166666667,0.333333333,0.233333333,0.533333333,1.066666667,0.233333333,0.033333333,0.033333333,0.866666667,0.233333333,0.1,0.1,0.866666667,0.366666667,0.266666667,0.366666667,0.166666667,0.533333333,0.1,0.033333333,0.3,0.1,0.066666667,0.0,0.40120139718055725,0.10335779935121536,0.46507343649864197,0.5607458353042603,0.3296482563018799,0.1603253334760666,0.24946701526641846,0.22694441676139832,0.4837815463542938,0.11408866941928864,0.16735461354255676,0.1997455656528473,0.05802217498421669,1.1668301820755005,0.14372879266738892,0.20667721331119537,0.16905254125595093,0.14779676496982574,0.08723950386047363,0.2301519215106964,0.295524537563324,0.18357576429843903,0.1345890760421753,0.2629285454750061,0.03252226859331131,0.10781271010637283,0.16989731788635254,0.10547909885644913,0.3874322175979614,0.20297308266162872,0.15611928701400757,0.23705588281154633,0.23355932533740997,0.16520310938358307,0.10840450972318649,0.5042843222618103,0.17268389463424683,0.11211283504962921,0.03761035576462746,0.36481574177742004,0.1743653416633606,0.2113446146249771,0.06546570360660553,0.1719367951154709,0.2566121220588684,0.2774122357368469,0.14453282952308655,0.267383873462677,0.2290533035993576,0.1437249332666397,0.09726285934448242
