stimulus,true_Green,true_Cucumber,true_Herbal,true_Mint,true_Woody,true_Pine,true_Floral,true_Powdery,true_Fruity,true_Citrus,true_Tropical,true_Berry,true_Peach,true_Sweet,true_Caramellic,true_Vanilla,true_BrownSpice,true_Smoky,true_Burnt,true_Roasted,true_Grainy,true_Meaty,true_Nutty,true_Fatty,true_Coconut,true_Waxy,true_Dairy,true_Buttery,true_Cheesy,true_Sour,true_Fermented,true_Sulfurous,true_Garlic.Onion,true_Earthy,true_Mushroom,true_Musty,true_Ammonia,true_Fishy,true_Fecal,true_Rotten.Decay,true_Rubber,true_Phenolic,true_Animal,true_Medicinal,true_Cooling,true_Sharp,true_Chlorine,true_Alcoholic,true_Plastic,true_Ozone,true_Metallic,pred_Green,pred_Cucumber,pred_Herbal,pred_Mint,pred_Woody,pred_Pine,pred_Floral,pred_Powdery,pred_Fruity,pred_Citrus,pred_Tropical,pred_Berry,pred_Peach,pred_Sweet,pred_Caramellic,pred_Vanilla,pred_BrownSpice,pred_Smoky,pred_Burnt,pred_Roasted,pred_Grainy,pred_Meaty,pred_Nutty,pred_Fatty,pred_Coconut,pred_Waxy,pred_Dairy,pred_Buttery,pred_Cheesy,pred_Sour,pred_Fermented,pred_Sulfurous,pred_Garlic.Onion,pred_Earthy,pred_Mushroom,pred_Musty,pred_Ammonia,pred_Fishy,pred_Fecal,pred_Rotten.Decay,pred_Rubber,pred_Phenolic,pred_Animal,pred_Medicinal,pred_Cooling,pred_Sharp,pred_Chlorine,pred_Alcoholic,pred_Plastic,pred_Ozone,pred_Metallic
AA217,0.192307692,0.0,0.192307692,0.0,0.0,0.0,0.115384615,0.038461538,0.076923077,0.0,0.0,0.0,0.269230769,0.961538462,0.384615385,0.0,0.0,0.307692308,0.653846154,0.730769231,0.384615385,0.0,0.5,0.576923077,0.153846154,1.076923077,0.0,0.653846154,0.153846154,0.038461538,0.0,0.384615385,0.0,0.384615385,0.538461538,0.038461538,0.192307692,0.0,0.0,0.192307692,0.192307692,0.115384615,0.538461538,0.0,0.0,0.0,0.0,0.0,0.0,0.0,0.0,0.3853282630443573,0.1921761929988861,0.4494227170944214,0.2944212555885315,0.34885942935943604,0.1771010011434555,0.36207205057144165,0.32877203822135925,0.6864954829216003,0.18699412047863007,0.1774904578924179,0.21944966912269592,0.148696631193161,1.037879228591919,0.28708744049072266,0.24333852529525757,0.22568745911121368,0.18329021334648132,0.10729115456342697,0.39026108384132385,0.5315014123916626,0.09298887848854065,0.35839149355888367,0.12433241307735443,0.26735422015190125,0.7703728675842285,0.17561136186122894,0.283346951007843,0.1720976084470749,0.21964412927627563,0.23457135260105133,0.1325477510690689,0.22003616392612457,0.22764486074447632,0.1289140284061432,0.6135623455047607,0.18130169808864594,0.06379365175962448,0.02951463870704174,0.2895011603832245,0.1826811283826828,0.2007153034210205,0.08188027888536453,0.3050757646560669,0.17415179312229156,0.2126983404159546,0.15834730863571167,0.35977086424827576,0.2192016988992691,0.13703829050064087,0.1143634244799614
AA332,0.076923077,0.038461538,0.0,0.0,0.076923077,0.076923077,0.0,0.0,0.0,0.0,0.0,0.0,0.0,0.0,0.0,0.0,0.0,0.0,0.730769231,0.653846154,0.115384615,0.730769231,0.153846154,0.0,0.0,0.0,0.884615385,0.153846154,0.769230769,0.769230769,0.615384615,0.961538462,0.576923077,0.346153846,0.538461538,0.307692308,0.230769231,0.153846154,0.423076923,1.730769231,0.153846154,0.0,0.615384615,0.0,0.038461538,0.384615385,0.0,0.0,0.0,0.0,0.0,0.4417186975479126,0.18961212038993835,0.4677090644836426,0.30593448877334595,0.3136793076992035,0.15328474342823029,0.29588940739631653,0.1966542750597,0.7560193538665771,0.18813452124595642,0.22851228713989258,0.29122740030288696,0.07143277674913406,0.9586827754974365,0.19976194202899933,0.25250011682510376,0.24265354871749878,0.211861252784729,0.2913679778575897,0.4019086956977844,0.5963790416717529,0.12223522365093231,0.33778491616249084,0.127229705452919,0.05693579465150833,0.2391163408756256,0.30475983023643494,0.13850820064544678,0.4170597493648529,0.30678898096084595,0.23453348875045776,0.3904404044151306,0.25900590419769287,0.2526378631591797,0.1620780974626541,0.6109985113143921,0.16181384027004242,0.06814290583133698,0.09733641892671585,0.8370182514190674,0.17705395817756653,0.23639264702796936,0.10436107963323593,0.2848992943763733,0.18137364089488983,0.30258265137672424,0.12739235162734985,0.21789075434207916,0.2192016988992691,0.12459087371826172,0.11258946359157562
AA649,0.0,0.0,0.0,0.0,0.0,0.115384615,0.307692308,0.269230769,0.153846154,0.0,0.0,0.0,0.0,0.576923077,0.0,0.0,0.115384615,0.076923077,0.846153846,0.384615385,0.730769231,0.115384615,0.576923077,0.346153846,0.0,0.192307692,0.0,0.0,0.153846154,0.0,0.192307692,0.653846154,0.384615385,0.461538462,0.192307692,0.0,0.5,0.0,0.0,0.0,0.0,0.423076923,0.692307692,0.076923077,0.0,0.153846154,0.0,0.0,0.0,0.0,0.0,0.36020010709762573,0.2180454134941101,0.48166167736053467,0.33220019936561584,0.3526443541049957,0.20219257473945618,0.6308297514915466,0.4351125955581665,0.31336119771003723,0.18699412047863007,0.1306546926498413,0.17234109342098236,0.06783532351255417,0.9491729736328125,0.2636755406856537,0.30248162150382996,0.22205907106399536,0.1944831758737564,0.3536122441291809,0.22694049775600433,0.5161775946617126,0.11362126469612122,0.1960410177707672,0.10545795410871506,0.04518665373325348,0.2813447415828705,0.2483222633600235,0.09007055312395096,0.1472107172012329,0.23852673172950745,0.2344816029071808,0.12037981301546097,0.23178043961524963,0.23540650308132172,0.06351825594902039,0.5090358853340149,0.14405879378318787,0.06379365175962448,0.03271541744470596,0.21035775542259216,0.17755454778671265,0.23557394742965698,0.10640936344861984,0.34117069840431213,0.279156357049942,0.25490957498550415,0.1960686445236206,0.3681577146053314,0.21819910407066345,0.15936033427715302,0.1143634244799614
AA850,0.269230769,0.153846154,0.769230769,0.0,0.0,0.5,0.769230769,0.269230769,0.115384615,0.5,0.038461538,0.115384615,0.0,0.0,0.0,0.0,0.423076923,0.192307692,0.807692308,0.230769231,0.0,0.346153846,0.153846154,0.153846154,0.0,0.0,0.0,0.0,0.0,0.153846154,0.0,0.192307692,0.153846154,0.346153846,0.230769231,0.115384615,0.192307692,0.346153846,0.0,0.038461538,0.115384615,0.230769231,0.769230769,0.307692308,0.153846154,0.192307692,0.115384615,0.0,0.153846154,0.076923077,0.0,0.49036023020744324,0.2124466598033905,0.6044288873672485,0.3016493618488312,0.4307717978954315,0.2435113936662674,0.31584370136260986,0.29859042167663574,0.4267655909061432,0.18699412047863007,0.13420291244983673,0.2258451133966446,0.10150935500860214,0.7064983248710632,0.09210312366485596,0.1857580840587616,0.20724715292453766,0.1892264038324356,0.130340576171875,0.23088885843753815,0.36330485343933105,0.089840367436409,0.2584089934825897,0.09711619466543198,0.037732578814029694,0.15100346505641937,0.09074841439723969,0.048988159745931625,0.03897794708609581,0.2299073338508606,0.2344816029071808,0.0822337195277214,0.2928762137889862,0.27430886030197144,0.11812826991081238,0.5853387117385864,0.157636359333992,0.06379365175962448,0.02591775543987751,0.16462944447994232,0.20445775985717773,0.21401651203632355,0.07677213102579117,0.270248681306839,0.281084805727005,0.28923022747039795,0.13057184219360352,0.2853805124759674,0.21972164511680603,0.15789435803890228,0.11413978040218353
AB413,0.0,0.055555556,0.111111111,0.111111111,0.444444444,0.222222222,0.333333333,0.555555556,0.888888889,0.0,0.666666667,0.611111111,0.166666667,0.444444444,0.0,0.0,0.0,0.277777778,0.166666667,0.5,0.222222222,0.277777778,0.277777778,0.0,0.055555556,0.0,0.0,0.0,0.055555556,0.055555556,0.0,0.166666667,0.055555556,0.333333333,0.0,0.0,0.0,0.222222222,0.0,0.0,0.166666667,0.055555556,0.055555556,0.222222222,0.444444444,0.555555556,0.0,0.5,0.388888889,0.555555556,0.0,0.38274306058883667,0.17927663028240204,0.4402860701084137,0.33068883419036865,0.3819475769996643,0.20760145783424377,0.3635595440864563,0.36056435108184814,0.6356325745582581,0.18699412047863007,0.2593928575515747,0.2725965082645416,0.12140820175409317,0.9633859395980835,0.33540382981300354,0.39056646823883057,0.21183070540428162,0.1942460834980011,0.12491218000650406,0.3025241494178772,0.31999310851097107,0.09852562099695206,0.1513013392686844,0.11243070662021637,0.04194335639476776,0.1903238147497177,0.1287548989057541,0.09112324565649033,0.14565157890319824,0.23498715460300446,0.2344816029071808,0.10661531239748001,0.21116717159748077,0.14355790615081787,0.08038603514432907,0.5051082968711853,0.18520009517669678,0.06680135428905487,0.03071289137005806,0.28835177421569824,0.2037642002105713,0.2173219621181488,0.07920050621032715,0.4137922525405884,0.4010988771915436,0.3658897876739502,0.16257967054843903,0.4291463792324066,0.2192016988992691,0.1461418718099594,0.11413978040218353
AB425,0.0,0.0,0.0,0.0,0.0,0.0,0.055555556,0.055555556,0.111111111,0.0,0.0,0.0,0.0,0.0,0.0,0.0,0.0,0.388888889,0.277777778,2.666666667,2.222222222,0.444444444,1.555555556,0.333333333,0.0,0.0,0.0,0.666666667,0.111111111,0.0,0.444444444,0.166666667,0.222222222,0.222222222,0.166666667,0.277777778,0.0,0.0,0.055555556,0.0,0.0,0.0,0.555555556,0.0,0.0,0.222222222,0.0,0.055555556,0.0,0.0,0.0,0.45193684101104736,0.1597449779510498,0.4347388744354248,0.43396520614624023,0.3451622724533081,0.16493934392929077,0.38923540711402893,0.25642651319503784,0.5855113863945007,0.18952850997447968,0.17744292318820953,0.27678391337394714,0.052801020443439484,0.8326041102409363,0.38277941942214966,0.385967880487442,0.21599382162094116,0.19174499809741974,0.13434140384197235,0.6601371169090271,1.1146776676177979,0.11186718195676804,0.5309513211250305,0.12078172713518143,0.044383704662323,0.17100085318088531,0.1032458171248436,0.14767131209373474,0.16463935375213623,0.21175049245357513,0.2358820140361786,0.1766682267189026,0.2252584844827652,0.23375557363033295,0.1944093257188797,0.6103582978248596,0.1866220384836197,0.06606054306030273,0.03090093471109867,0.2855006456375122,0.1801973581314087,0.2394701987504959,0.08522996306419373,0.5112650990486145,0.31990763545036316,0.22450366616249084,0.16780702769756317,0.42391061782836914,0.21972164511680603,0.12788298726081848,0.1143634244799614
AB435,0.0,0.0,0.0,0.0,0.0,0.0,0.166666667,0.0,0.0,0.0,0.0,0.0,0.111111111,0.388888889,0.888888889,0.166666667,0.722222222,0.666666667,0.888888889,0.944444444,0.888888889,0.444444444,0.0,0.277777778,0.444444444,0.388888889,0.0,0.0,0.0,0.277777778,0.0,0.166666667,0.5,0.555555556,0.0,0.222222222,0.333333333,0.0,0.0,0.0,0.666666667,0.0,0.444444444,0.222222222,0.055555556,0.166666667,0.0,0.0,0.0,0.0,0.0,0.39229875802993774,0.15660400688648224,0.49027734994888306,0.33956241607666016,0.39193224906921387,0.19172589480876923,0.42044946551322937,0.3892955780029297,0.5850480198860168,0.18757395446300507,0.2490195333957672,0.2638787627220154,0.12015902996063232,1.0191020965576172,0.37069156765937805,0.2967933714389801,0.2875703275203705,0.19172638654708862,0.12398587167263031,0.44114553928375244,0.6743434071540833,0.09416774660348892,0.416990727186203,0.12756766378879547,0.16852685809135437,0.625306248664856,0.11564934998750687,0.12260296195745468,0.1520276963710785,0.21976391971111298,0.23601768910884857,0.21835118532180786,0.21095618605613708,0.3246113657951355,0.10312283039093018,0.6346272230148315,0.2038988173007965,0.06641239672899246,0.029703062027692795,0.1400793343782425,0.18030714988708496,0.1976541429758072,0.10304907709360123,0.4136969745159149,0.2696995735168457,0.28894782066345215,0.1604735255241394,0.4985346794128418,0.22163507342338562,0.1619500368833542,0.11010681092739105
AC329,0.111111111,0.0,0.0,0.222222222,0.0,0.037037037,0.037037037,0.407407407,0.0,0.0,0.0,0.0,0.0,2.333333333,1.333333333,1.740740741,0.333333333,0.666666667,0.259259259,0.259259259,0.074074074,0.0,0.185185185,0.185185185,0.222222222,0.222222222,0.444444444,0.074074074,0.0,0.0,0.037037037,0.037037037,0.0,0.0,0.037037037,0.037037037,0.0,0.0,0.0,0.0,0.074074074,0.333333333,0.111111111,0.185185185,0.222222222,0.0,0.0,0.148148148,0.074074074,0.296296296,0.0,0.30522772669792175,0.1580018252134323,0.4411081373691559,0.46684566140174866,0.3651728630065918,0.33857476711273193,0.2951839864253998,0.341182142496109,0.25834861397743225,0.18794064223766327,0.13121816515922546,0.15745390951633453,0.04912348836660385,0.953323483467102,0.7777769565582275,0.9131928086280823,0.21878886222839355,0.4197516143321991,0.06568979471921921,0.12078361213207245,0.21160098910331726,0.09925123304128647,0.15981867909431458,0.09926310926675797,0.07976018637418747,0.12243007868528366,0.13183832168579102,0.05774437263607979,0.05803088843822479,0.20596599578857422,0.2338200807571411,0.04890058934688568,0.2317209243774414,0.15954315662384033,0.07241467386484146,0.46379533410072327,0.14315174520015717,0.06379365175962448,0.030620548874139786,0.145111545920372,0.18189193308353424,0.19182099401950836,0.05295785516500473,0.31148362159729004,0.6136789321899414,0.23266790807247162,0.12813453376293182,0.18425916135311127,0.21972164511680603,0.13818292319774628,0.11036905646324158
AC497,0.392857143,0.035714286,0.857142857,0.5,0.571428571,0.75,0.464285714,0.464285714,0.0,0.0,0.0,0.0,0.107142857,0.285714286,0.0,0.035714286,0.071428571,0.0,0.0,0.035714286,0.0,0.0,0.0,0.0,0.0,0.0,0.0,0.0,0.0,0.035714286,0.0,0.0,0.0,0.107142857,0.0,0.464285714,0.107142857,0.0,0.0,0.0,0.0,0.142857143,0.0,1.714285714,0.928571429,0.285714286,0.285714286,0.0,0.107142857,0.214285714,0.178571429,0.35370656847953796,0.15659332275390625,0.338906466960907,0.4032529294490814,0.3231678009033203,0.21099156141281128,0.36738717555999756,0.24061612784862518,0.30455783009529114,0.18699412047863007,0.12043821811676025,0.19039998948574066,0.060826145112514496,0.8495010733604431,0.25390657782554626,0.29154229164123535,0.2224232405424118,0.293215811252594,0.4999248683452606,0.35641810297966003,0.4191323518753052,0.15046405792236328,0.23639801144599915,0.12718068063259125,0.07761915773153305,0.1361141949892044,0.10842673480510712,0.08601093292236328,0.16079294681549072,0.23437343537807465,0.2341880202293396,0.19755400717258453,0.41336145997047424,0.28053396940231323,0.09681140631437302,0.44463688135147095,0.1442037969827652,0.06674409657716751,0.06392745673656464,0.4464542865753174,0.17319230735301971,0.17355075478553772,0.33485132455825806,0.3164907395839691,0.3017377555370331,0.2474464774131775,0.11380421370267868,0.2015092670917511,0.21858757734298706,0.133835569024086,0.11182417720556259
AC761,0.0,0.148148148,0.0,0.037037037,0.0,0.0,0.0,0.0,0.0,0.074074074,0.0,0.0,0.0,0.037037037,0.0,0.0,0.0,0.37037037,0.703703704,1.222222222,0.777777778,0.592592593,0.185185185,0.185185185,0.0,0.0,0.0,0.148148148,0.222222222,0.333333333,0.666666667,0.407407407,1.222222222,0.555555556,1.074074074,0.296296296,0.074074074,0.185185185,0.0,0.333333333,0.0,0.0,0.185185185,0.0,0.074074074,0.0,0.0,0.0,0.0,0.0,0.0,0.5437002778053284,0.27673250436782837,0.5301282405853271,0.29005077481269836,0.3474070131778717,0.1579262912273407,0.24207524955272675,0.2802853584289551,0.4344172775745392,0.18699412047863007,0.16442786157131195,0.21435949206352234,0.09676111489534378,0.7437003254890442,0.18915718793869019,0.2172776162624359,0.23964329063892365,0.2961074113845825,0.37764739990234375,0.3435494899749756,0.5051371455192566,0.1469273418188095,0.28816893696784973,0.13992848992347717,0.08048655837774277,0.1873820722103119,0.16441777348518372,0.09707038849592209,0.18904073536396027,0.2300598919391632,0.2358820140361786,0.1551479548215866,0.4223957359790802,0.19703450798988342,0.20110677182674408,0.5266991853713989,0.13915938138961792,0.06418260931968689,0.039184972643852234,0.2547244131565094,0.181696817278862,0.19720688462257385,0.0790376365184784,0.2928027808666229,0.13579675555229187,0.36902251839637756,0.1646416187286377,0.1973894089460373,0.21986979246139526,0.15110079944133759,0.11036905646324158
AC933,0.071428571,0.0,0.821428571,0.392857143,0.214285714,0.785714286,0.321428571,0.107142857,0.464285714,0.071428571,0.0,0.321428571,0.0,0.5,0.0,0.0,0.0,0.0,0.142857143,0.107142857,0.071428571,0.0,0.0,0.0,0.0,0.178571429,0.0,0.0,0.0,0.035714286,0.178571429,0.0,0.0,0.107142857,0.0,0.75,0.321428571,0.0,0.0,0.0,0.0,0.25,0.0,1.321428571,1.142857143,0.642857143,0.428571429,0.392857143,0.107142857,0.214285714,0.178571429,0.416927307844162,0.1940232217311859,0.4546244144439697,1.1299067735671997,0.3253171741962433,0.2717669606208801,0.6012616753578186,0.5095764994621277,0.5599103569984436,0.18775933980941772,0.26665055751800537,0.2764917016029358,0.12410944700241089,1.012341022491455,0.23258641362190247,0.335798442363739,0.27133074402809143,0.06317023932933807,0.1000119000673294,0.1759982705116272,0.3483861982822418,0.09842000156641006,0.20513403415679932,0.11768428981304169,0.07957480847835541,0.35620829463005066,0.13469141721725464,0.08840471506118774,0.2718009948730469,0.23574276268482208,0.2341116964817047,0.21315905451774597,0.21762512624263763,0.19833777844905853,0.09952977299690247,0.3870139420032501,0.1719159036874771,0.08014141768217087,0.10283322632312775,0.5079167485237122,0.1754671037197113,0.1921013444662094,0.12778432667255402,0.34144699573516846,0.45588091015815735,0.270868718624115,0.13313062489032745,0.4817487895488739,0.21894122660160065,0.13380078971385956,0.11051537841558456
AD120,0.0,0.0,0.0,0.0,0.133333333,0.0,0.0,0.0,0.0,0.0,0.0,0.0,0.0,0.666666667,0.333333333,0.466666667,0.4,1.866666667,1.333333333,1.466666667,0.666666667,0.333333333,0.666666667,0.0,0.066666667,0.2,0.0,0.2,0.0,0.133333333,0.2,0.066666667,0.466666667,0.4,0.266666667,0.533333333,0.133333333,0.266666667,0.0,0.133333333,0.2,0.266666667,0.4,0.0,0.0,0.0,0.0,0.0,0.066666667,0.333333333,0.0,0.44035324454307556,0.16153943538665771,0.49443596601486206,0.41323480010032654,0.4185757339000702,0.1792234182357788,0.30775386095046997,0.4014747738838196,0.25995421409606934,0.18952850997447968,0.11528526991605759,0.20443204045295715,0.06341855973005295,1.0169857740402222,0.3244670033454895,0.3412769138813019,0.23621395230293274,0.7272139191627502,0.7406775951385498,0.5458933115005493,0.6072852611541748,0.1453246772289276,0.37566274404525757,0.1307482272386551,0.048018328845500946,0.24984359741210938,0.14703740179538727,0.11028643697500229,0.16385112702846527,0.22333145141601562,0.2358820140361786,0.24633349478244781,0.39961889386177063,0.4122193157672882,0.13935154676437378,0.6066276431083679,0.18792414665222168,0.07014748454093933,0.10704392194747925,0.4447067677974701,0.2161746323108673,0.25421997904777527,0.11687646061182022,0.37053442001342773,0.43290942907333374,0.31862080097198486,0.1698341965675354,0.6254211664199829,0.2192031294107437,0.25701776146888733,0.11010681092739105
AD222,0.2,0.0,0.2,0.0,0.2,0.0,0.0,0.0,0.066666667,0.0,0.0,0.0,0.0,0.0,0.0,0.0,0.0,0.2,0.933333333,1.666666667,0.466666667,1.466666667,0.6,0.0,0.0,0.0,0.0,0.2,0.0,0.133333333,0.133333333,0.866666667,1.133333333,0.6,0.0,0.266666667,0.0,0.333333333,0.0,0.533333333,0.133333333,0.0,0.4,0.0,0.0,0.0,0.0,0.0,0.0,0.0,0.0,0.5173355937004089,0.1885671615600586,0.46122628450393677,0.3138675391674042,0.3758983910083771,0.13791120052337646,0.32913705706596375,0.22736166417598724,0.7832635045051575,0.18757395446300507,0.2863144874572754,0.24584010243415833,0.08824717998504639,0.9631699323654175,0.26974400877952576,0.29485318064689636,0.2367020547389984,0.17449049651622772,0.11943459510803223,0.368552565574646,0.5246938467025757,0.10529743134975433,0.27885904908180237,0.11778616905212402,0.054521821439266205,0.2587711811065674,0.13932830095291138,0.11051672697067261,0.15699715912342072,0.22800587117671967,0.2341116964817047,0.21757912635803223,0.240080326795578,0.3003268837928772,0.08643338829278946,0.5787308216094971,0.17758172750473022,0.06473850458860397,0.054523877799510956,0.32975664734840393,0.18533924221992493,0.20250336825847626,0.08491639792919159,0.3920839726924896,0.24969105422496796,0.3474400043487549,0.18778887391090393,0.41023945808410645,0.22177255153656006,0.1561584770679474,0.11010681092739105
AD781,0.0,0.0,0.142857143,0.0,0.0,0.0,0.357142857,0.642857143,0.142857143,0.0,0.214285714,0.0,0.0,1.357142857,0.285714286,0.0,0.142857143,0.428571429,1.428571429,0.714285714,0.5,0.071428571,0.428571429,0.0,0.142857143,0.0,0.0,0.0,0.0,0.142857143,0.142857143,0.357142857,0.642857143,0.0,0.0,0.0,0.285714286,0.357142857,0.0,0.142857143,0.214285714,0.142857143,0.285714286,0.0,0.0,0.0,0.071428571,0.0,0.0,0.285714286,0.0,0.44058141112327576,0.17833000421524048,0.4744034707546234,0.37182894349098206,0.4096934497356415,0.18906712532043457,0.23033060133457184,0.3668645918369293,0.21051351726055145,0.18699412047863007,0.10307678580284119,0.148300901055336,0.046254608780145645,0.865958034992218,0.34449562430381775,0.3520713448524475,0.21759483218193054,0.3679458200931549,0.13777469098567963,0.3014303743839264,0.6027253270149231,0.10226098448038101,0.33801013231277466,0.11509629338979721,0.04539967700839043,0.2236284613609314,0.12074833363294601,0.053080301731824875,0.08978478610515594,0.22707758843898773,0.2344816029071808,0.08670427650213242,0.21381700038909912,0.24746839702129364,0.11984140425920486,0.6532614231109619,0.1617421656847,0.06606054306030273,0.02591775543987751,0.21224720776081085,0.20910987257957458,0.22381415963172913,0.08794672042131424,0.3285551071166992,0.330380380153656,0.26811930537223816,0.17379575967788696,0.34828218817710876,0.21972164511680603,0.15505670011043549,0.1143634244799614
AD835,0.0,0.0,0.142857143,0.0,0.214285714,0.0,0.0,0.0,0.0,0.0,0.0,0.214285714,0.0,0.357142857,0.0,0.0,0.0,0.428571429,1.214285714,0.714285714,0.071428571,0.428571429,0.0,0.0,0.0,0.142857143,0.0,0.0,0.142857143,0.714285714,0.857142857,0.642857143,1.357142857,0.428571429,0.071428571,0.285714286,0.214285714,0.285714286,0.0,0.785714286,0.214285714,0.285714286,0.428571429,0.142857143,0.357142857,0.0,0.071428571,0.357142857,0.214285714,0.0,0.214285714,0.4980570077896118,0.1868705451488495,0.4088825583457947,0.30506619811058044,0.3639063239097595,0.15967044234275818,0.35593342781066895,0.30124780535697937,0.472493052482605,0.18952850997447968,0.18328243494033813,0.21739065647125244,0.09773615747690201,1.0161926746368408,0.32625284790992737,0.40487104654312134,0.23264159262180328,0.1543457955121994,0.11306683719158173,0.3833487331867218,0.6178967356681824,0.10594353824853897,0.41997775435447693,0.10668232291936874,0.04490929841995239,0.16206279397010803,0.11366439610719681,0.12034572660923004,0.13975122570991516,0.21351179480552673,0.2344816029071808,0.19591817259788513,0.3374175727367401,0.29763707518577576,0.1865113079547882,0.5524560809135437,0.20036403834819794,0.06379365175962448,0.03537258878350258,0.28053367137908936,0.18109384179115295,0.20867396891117096,0.09979648888111115,0.30177146196365356,0.27042415738105774,0.16629374027252197,0.13828937709331512,0.3264765441417694,0.21972164511680603,0.13331948220729828,0.1143634244799614
AD994,1.0,0.5625,1.0625,0.0,0.0,0.1875,0.0,0.0,0.0,0.0,0.0,0.0,0.0,0.125,0.0,0.0,0.0,0.6875,0.5,1.375,1.0,0.875,0.0625,0.25,0.0,0.0,0.0,0.0,0.0625,0.75,0.8125,0.1875,1.0625,0.875,0.125,0.0,0.3125,0.0625,0.0,0.125,0.25,0.0,0.4375,0.0,0.0,0.5625,0.0,0.0,0.0625,0.0,0.0,0.47715118527412415,0.2178671658039093,0.5178043842315674,0.31899550557136536,0.3775367736816406,0.1667689085006714,0.19119256734848022,0.24824905395507812,0.24426999688148499,0.18775933980941772,0.09770263731479645,0.1628173291683197,0.03777352720499039,0.7204128503799438,0.1704084873199463,0.22950559854507446,0.2301224023103714,0.1983603835105896,0.19498278200626373,0.3627457618713379,0.7147093415260315,0.10497087985277176,0.37916168570518494,0.11433298885822296,0.0382072776556015,0.21318933367729187,0.09007792919874191,0.055805835872888565,0.06399579346179962,0.22838537395000458,0.2344816029071808,0.08006953448057175,0.22808372974395752,0.3111843764781952,0.1513584703207016,0.595205545425415,0.18822936713695526,0.06379365175962448,0.02646728977560997,0.1933656930923462,0.19806638360023499,0.21238550543785095,0.10505884885787964,0.3464166224002838,0.27198848128318787,0.22759714722633362,0.15318919718265533,0.2682454586029053,0.21972164511680603,0.14149127900600433,0.1143634244799614
AE099,0.074074074,0.0,0.333333333,1.962962963,0.111111111,0.148148148,0.111111111,0.148148148,0.0,0.074074074,0.0,0.148148148,0.0,0.666666667,0.148148148,0.222222222,0.111111111,0.037037037,0.0,0.0,0.111111111,0.0,0.074074074,0.0,0.074074074,0.148148148,0.111111111,0.074074074,0.0,0.0,0.0,0.0,0.0,0.0,0.0,0.0,0.296296296,0.148148148,0.0,0.0,0.185185185,0.37037037,0.074074074,0.518518519,1.666666667,1.777777778,0.444444444,1.703703704,0.592592593,0.111111111,0.111111111,0.31608083844184875,0.16097864508628845,0.39220166206359863,0.9439333081245422,0.30596888065338135,0.14348043501377106,0.2312856763601303,0.22111505270004272,0.5208550691604614,0.18775933980941772,0.13433989882469177,0.20956860482692719,0.04527193680405617,0.8668468594551086,0.33885207772254944,0.3952171206474304,0.25199294090270996,0.4341953992843628,0.2088138461112976,0.46692657470703125,0.3513570725917816,0.15422430634498596,0.3613145649433136,0.13107992708683014,0.059301409870386124,0.15326346457004547,0.09425374865531921,0.09819478541612625,0.09309247136116028,0.24623192846775055,0.2338200807571411,0.1764262467622757,0.5042251944541931,0.43953996896743774,0.08452825993299484,0.3789464831352234,0.234037846326828,0.07760471105575562,0.0405096560716629,0.21386410295963287,0.19252432882785797,0.21306107938289642,0.08397436887025833,0.36305949091911316,0.5651521682739258,0.6729863286018372,0.16167713701725006,0.9289782047271729,0.22177255153656006,0.17266152799129486,0.1119043305516243
AE184,0.111111111,0.0,0.0,0.037037037,0.0,0.0,0.037037037,0.0,0.0,0.0,0.0,0.0,0.0,0.37037037,0.185185185,0.0,0.0,0.0,0.148148148,0.0,0.0,0.0,0.0,0.0,0.0,0.0,0.0,0.0,0.0,0.185185185,0.111111111,0.0,0.0,0.037037037,0.0,0.0,0.0,0.037037037,0.0,0.0,0.148148148,0.074074074,0.0,0.703703704,0.407407407,1.185185185,0.62962963,4.259259259,0.0,0.111111111,0.0,0.3248918056488037,0.161360964179039,0.36311933398246765,0.3766581118106842,0.322628378868103,0.14069436490535736,0.19559913873672485,0.13153831660747528,0.4238957166671753,0.189226895570755,0.11932241171598434,0.1402159184217453,0.055339060723781586,0.6520808339118958,0.25387001037597656,0.1760275512933731,0.2550584375858307,0.4466138184070587,0.1205485463142395,0.6157663464546204,0.7204713821411133,0.11612202227115631,0.3892807960510254,0.17089612782001495,0.05450918525457382,0.1564706563949585,0.19984062016010284,0.16926783323287964,0.2091733068227768,0.24013417959213257,0.23620939254760742,0.31212279200553894,0.4595017731189728,0.4767338037490845,0.1951499581336975,0.488747775554657,0.20559754967689514,0.07323284447193146,0.07653305679559708,0.4275667667388916,0.17626526951789856,0.19059523940086365,0.30716267228126526,0.32548704743385315,0.4990215599536896,0.3828602731227875,0.18280501663684845,1.4424729347229004,0.22163507342338562,0.16061823070049286,0.11122966557741165
AE448,0.666666667,0.444444444,1.0,0.37037037,0.518518519,0.111111111,0.62962963,0.074074074,0.259259259,0.074074074,0.407407407,0.259259259,0.074074074,0.37037037,0.148148148,0.222222222,0.074074074,0.0,0.0,0.0,0.0,0.0,0.074074074,0.0,0.111111111,0.037037037,0.148148148,0.0,0.185185185,0.074074074,0.185185185,0.0,0.0,0.111111111,0.0,0.037037037,0.0,0.111111111,0.0,0.148148148,0.111111111,0.0,0.0,0.111111111,0.259259259,0.0,0.592592593,0.0,0.222222222,0.296296296,0.0,0.27421608567237854,0.2212476283311844,0.3732077479362488,0.2627052962779999,0.3124317526817322,0.13970722258090973,0.3901817500591278,0.1164393201470375,0.7497658133506775,0.18775933980941772,0.23598170280456543,0.29099225997924805,0.09646522253751755,0.9551877975463867,0.13022464513778687,0.2530336380004883,0.21262022852897644,0.16487537324428558,0.06443924456834793,0.49308544397354126,0.3340727984905243,0.16870491206645966,0.5581769943237305,0.1242649108171463,0.05650663748383522,0.25091102719306946,0.12331858277320862,0.14084690809249878,0.22016587853431702,0.2725880742073059,0.23620939254760742,0.34954774379730225,0.4246227443218231,0.17891541123390198,0.13838128745555878,0.3562812805175781,0.1723564863204956,0.06875981390476227,0.03564752638339996,0.2309047281742096,0.17527082562446594,0.1795181781053543,0.08465049415826797,0.31654563546180725,0.3033364415168762,0.31424903869628906,0.11016368120908737,0.32583150267601013,0.22177255153656006,0.1222117617726326,0.11036905646324158
AE568,0.296296296,0.185185185,0.481481481,0.592592593,0.148148148,0.185185185,0.0,0.333333333,0.666666667,0.0,0.0,0.666666667,0.111111111,1.185185185,0.222222222,0.259259259,0.074074074,0.0,0.037037037,0.0,0.0,0.0,0.037037037,0.0,0.185185185,0.0,0.0,0.0,0.0,0.185185185,0.407407407,0.0,0.0,0.185185185,0.0,0.333333333,0.148148148,0.185185185,0.0,0.0,0.111111111,0.222222222,0.074074074,1.222222222,1.222222222,0.666666667,0.62962963,0.62962963,0.592592593,0.0,0.0,0.285273015499115,0.15239962935447693,0.40100938081741333,0.3578956127166748,0.31673070788383484,0.1324860155582428,0.2530479431152344,0.16709353029727936,0.5158202648162842,0.18775933980941772,0.11113674938678741,0.15903078019618988,0.06440402567386627,1.084458589553833,0.2661381959915161,0.2723335325717926,0.2815050482749939,0.18185162544250488,0.10212253779172897,0.439946711063385,0.4304141700267792,0.1285116821527481,0.42389753460884094,0.13042083382606506,0.04276065528392792,0.16509376466274261,0.09048695117235184,0.15575359761714935,0.1304480880498886,0.23379121720790863,0.2338200807571411,0.28757861256599426,0.37657320499420166,0.2228568196296692,0.14980249106884003,0.47713181376457214,0.1690085232257843,0.07358340919017792,0.04497865214943886,0.19820527732372284,0.177208811044693,0.19796068966388702,0.08048225939273834,0.4422610402107239,0.5218302607536316,0.33228355646133423,0.11293436586856842,0.5469540953636169,0.22163507342338562,0.11718739569187164,0.11099588871002197
AG386,0.166666667,0.0,0.4,0.166666667,0.0,0.066666667,0.1,0.033333333,0.233333333,0.0,0.0,0.0,0.0,0.366666667,0.266666667,0.233333333,0.066666667,0.9,0.833333333,1.066666667,0.733333333,0.333333333,0.166666667,0.0,0.0,0.0,0.0,0.0,0.0,0.0,0.333333333,0.8,1.233333333,0.366666667,0.333333333,0.4,0.366666667,0.3,0.066666667,0.166666667,0.966666667,0.0,0.466666667,0.866666667,0.433333333,0.266666667,0.1,0.333333333,0.166666667,0.0,0.0,0.41576534509658813,0.18535682559013367,0.5274487733840942,0.2948094606399536,0.3812313973903656,0.17268693447113037,0.36820676922798157,0.3322923183441162,0.4726548492908478,0.18699412047863007,0.16671770811080933,0.20680169761180878,0.09860071539878845,0.9686545729637146,0.3245207965373993,0.38437071442604065,0.20592480897903442,0.18481764197349548,0.22570769488811493,0.2720324695110321,0.4047657251358032,0.09263474494218826,0.22020238637924194,0.11149650812149048,0.05749236047267914,0.1929033249616623,0.10431766510009766,0.13789865374565125,0.15408623218536377,0.23594698309898376,0.23601768910884857,0.15046115219593048,0.2184140980243683,0.2686960697174072,0.10546643286943436,0.622229278087616,0.21257367730140686,0.06418260931968689,0.04032256454229355,0.2768668830394745,0.18105170130729675,0.22405220568180084,0.08297987282276154,0.5165219306945801,0.28661638498306274,0.29844945669174194,0.1641778200864792,0.458894282579422,0.22177255153656006,0.13529342412948608,0.1143634244799614
AG570,0.133333333,0.033333333,0.2,0.033333333,0.1,0.0,0.266666667,0.0,0.233333333,0.0,0.0,0.2,0.1,0.5,0.1,0.233333333,0.066666667,0.7,0.866666667,1.0,0.666666667,0.833333333,0.8,0.366666667,0.0,0.0,0.0,0.0,0.0,0.5,0.266666667,0.9,0.666666667,0.3,0.166666667,0.033333333,0.333333333,0.033333333,0.1,0.4,0.433333333,0.066666667,0.7,0.0,0.0,0.3,0.0,0.0,0.0,0.0,0.0,0.4990551471710205,0.19044789671897888,0.466757595539093,0.4261511266231537,0.3641737401485443,0.17510603368282318,0.32758769392967224,0.28053125739097595,0.6050704717636108,0.18952850997447968,0.20854061841964722,0.2849327027797699,0.05678071826696396,0.8781590461730957,0.37364014983177185,0.3838045597076416,0.211002916097641,0.20347653329372406,0.12418130785226822,0.5187246203422546,0.8289201855659485,0.09310394525527954,0.4548702538013458,0.12281188368797302,0.045437041670084,0.15806473791599274,0.09421523660421371,0.13169468939304352,0.18131870031356812,0.21221017837524414,0.23457135260105133,0.17636367678642273,0.24274595081806183,0.28933125734329224,0.19484363496303558,0.5381670594215393,0.18798299133777618,0.06851235032081604,0.03721586614847183,0.31356751918792725,0.179262176156044,0.24171774089336395,0.09473488479852676,0.3793209195137024,0.2902231216430664,0.20828621089458466,0.16276223957538605,0.4351017475128174,0.21972164511680603,0.13545045256614685,0.1143634244799614
AH608,0.5,0.133333333,0.233333333,0.1,0.4,0.0,0.3,0.166666667,0.066666667,0.0,0.0,0.0,0.033333333,0.833333333,0.7,0.633333333,0.066666667,0.033333333,0.066666667,0.233333333,0.166666667,0.0,0.533333333,0.033333333,0.133333333,0.4,0.1,0.0,0.933333333,0.8,0.266666667,0.366666667,0.0,0.3,0.066666667,0.933333333,0.266666667,0.166666667,0.333333333,0.5,0.266666667,0.066666667,0.1,0.133333333,0.033333333,0.1,0.0,0.0,0.233333333,0.0,0.133333333,0.4363763928413391,0.15402209758758545,0.4358970522880554,0.8327312469482422,0.35823020339012146,0.1662074774503708,0.3536815941333771,0.35597726702690125,0.5285969972610474,0.18699412047863007,0.27369970083236694,0.21192961931228638,0.10509209334850311,1.10791015625,0.24343329668045044,0.2481352537870407,0.21196861565113068,0.0879509374499321,0.03663671016693115,0.16888520121574402,0.2632981836795807,0.09795268625020981,0.17296940088272095,0.10949389636516571,0.06072533503174782,0.4591692090034485,0.1760554313659668,0.0732191950082779,0.3166418671607971,0.2447028011083603,0.23813144862651825,0.1076318696141243,0.22403322160243988,0.19623923301696777,0.06914355605840683,0.6284290552139282,0.15412035584449768,0.06379365175962448,0.06228642165660858,0.2578498125076294,0.18107064068317413,0.17313215136528015,0.12434739619493484,0.25831082463264465,0.40373408794403076,0.32679152488708496,0.1317809671163559,0.35566890239715576,0.22177255153656006,0.1479826122522354,0.11099588871002197
AH817,0.2,0.0,0.466666667,0.066666667,0.433333333,0.133333333,0.3,0.166666667,0.433333333,0.0,0.066666667,0.3,0.0,0.866666667,0.533333333,0.666666667,0.2,0.033333333,0.0,0.0,0.266666667,0.0,0.233333333,0.033333333,0.033333333,0.166666667,0.166666667,0.0,0.0,0.0,0.1,0.166666667,0.2,0.2,0.066666667,0.333333333,0.366666667,0.0,0.0,0.0,0.333333333,0.2,0.0,1.2,0.3,0.3,0.0,0.5,0.4,0.0,0.2,0.33584490418434143,0.15574754774570465,0.4412591755390167,0.5445660352706909,0.32325005531311035,0.1934901475906372,0.49438437819480896,0.34445294737815857,0.7357146143913269,0.18699412047863007,0.1760815680027008,0.34531623125076294,0.0944056361913681,1.3087977170944214,0.2963699400424957,0.44759780168533325,0.23994973301887512,0.13815371692180634,0.1097870022058487,0.1638929694890976,0.18843239545822144,0.0996328741312027,0.16590440273284912,0.11152949184179306,0.053442031145095825,0.25970402359962463,0.09991520643234253,0.08507368713617325,0.045400336384773254,0.2132023125886917,0.2357897013425827,0.10474076122045517,0.21860532462596893,0.12188886851072311,0.04838390648365021,0.4400230646133423,0.15391673147678375,0.06674409657716751,0.026411863043904305,0.07857177406549454,0.17554065585136414,0.19482208788394928,0.07295064628124237,0.44066935777664185,0.39861905574798584,0.26454049348831177,0.10945507884025574,0.39299893379211426,0.22177255153656006,0.12601818144321442,0.11099588871002197
AJ058,0.3,0.1,0.266666667,0.1,0.233333333,0.0,0.533333333,0.166666667,1.033333333,0.133333333,0.0,0.0,0.0,1.833333333,0.4,0.266666667,0.933333333,0.133333333,0.1,0.366666667,0.433333333,0.0,0.7,0.533333333,0.2,0.4,0.0,0.0,0.2,0.266666667,0.0,0.233333333,0.0,0.3,0.066666667,0.3,0.233333333,0.1,0.0,0.2,0.1,0.033333333,0.033333333,0.1,0.166666667,0.5,0.033333333,0.566666667,0.0,0.266666667,0.0,0.3292332589626312,0.15094198286533356,0.4582095146179199,0.3685116469860077,0.3926495313644409,0.13624098896980286,0.22035272419452667,0.3549797236919403,0.47766560316085815,0.18934887647628784,0.1184128075838089,0.15497632324695587,0.05305729806423187,1.2889045476913452,0.5463146567344666,0.43967410922050476,0.24015656113624573,0.39844241738319397,0.1486964374780655,0.4730624258518219,0.4598150849342346,0.1107589602470398,0.17905735969543457,0.09841485321521759,0.05174001306295395,0.14657418429851532,0.08369472622871399,0.03521241247653961,0.10481610894203186,0.22294726967811584,0.2346063107252121,0.046527668833732605,0.21533368527889252,0.1590396761894226,0.02634117566049099,0.4663698077201843,0.1328684240579605,0.06413617730140686,0.0276260394603014,0.15522494912147522,0.17247320711612701,0.1995406597852707,0.06832977384328842,0.33013716340065,0.279078871011734,0.31931427121162415,0.11451859027147293,0.2802487313747406,0.21819910407066345,0.13392025232315063,0.11036905646324158
AJ062,0.172413793,0.0,0.517241379,0.172413793,0.24137931,0.137931034,0.206896552,0.310344828,0.689655172,0.103448276,0.068965517,0.103448276,0.0,1.068965517,0.379310345,0.275862069,0.379310345,0.0,0.137931034,0.172413793,0.034482759,0.0,0.275862069,0.034482759,0.0,0.068965517,0.0,0.0,0.0,0.275862069,0.137931034,0.0,0.172413793,0.172413793,0.0,0.793103448,0.172413793,0.0,0.0,0.034482759,0.206896552,0.379310345,0.0,0.517241379,0.206896552,0.655172414,0.172413793,1.24137931,0.344827586,0.206896552,0.344827586,0.3641754984855652,0.15094198286533356,0.4247300326824188,0.3298994302749634,0.38029539585113525,0.15724116563796997,0.2298315465450287,0.3213397264480591,0.7850894331932068,0.19033339619636536,0.10920265316963196,0.22499895095825195,0.05779489502310753,1.2949130535125732,0.35342317819595337,0.34444934129714966,0.24665440618991852,0.2058776319026947,0.10045603662729263,0.25742432475090027,0.269104540348053,0.10408294200897217,0.1836240291595459,0.1073073148727417,0.06733157485723495,0.15490354597568512,0.08722173422574997,0.023079320788383484,0.0933007299900055,0.23627761006355286,0.2346063107252121,0.042959485203027725,0.21055185794830322,0.231998011469841,0.04710611328482628,0.4600432813167572,0.13574467599391937,0.06374721974134445,0.029657812789082527,0.16963082551956177,0.17918644845485687,0.17988651990890503,0.07528317719697952,0.25827643275260925,0.22233648598194122,0.31674692034721375,0.11809217184782028,0.37308913469314575,0.21819910407066345,0.15298128128051758,0.11258946359157562
AJ119,0.066666667,0.0,0.366666667,0.166666667,0.6,0.233333333,0.166666667,0.266666667,0.633333333,0.1,0.166666667,0.0,0.0,1.4,0.366666667,0.733333333,0.633333333,0.866666667,0.233333333,0.633333333,0.2,1.233333333,0.366666667,0.7,0.166666667,0.3,0.233333333,0.1,0.066666667,0.3,0.233333333,0.066666667,0.0,0.0,0.0,0.2,0.0,0.0,0.0,0.1,0.0,0.2,0.0,0.1,0.166666667,0.066666667,0.0,0.466666667,0.166666667,0.333333333,0.066666667,0.2944984436035156,0.15094198286533356,0.5215864777565002,0.2733425498008728,0.40321239829063416,0.13776805996894836,0.31224367022514343,0.3083728551864624,0.9316093921661377,0.18831990659236908,0.18492957949638367,0.3521937131881714,0.06372708082199097,1.3354465961456299,0.3097803294658661,0.33287474513053894,0.2253798246383667,0.21075786650180817,0.048085521906614304,0.2612918019294739,0.22720558941364288,0.09576279670000076,0.18169227242469788,0.1006375253200531,0.04901403561234474,0.1757514625787735,0.11992663145065308,0.048971980810165405,0.18749454617500305,0.2743281126022339,0.23663823306560516,0.1661643534898758,0.2274767905473709,0.13323834538459778,0.06290099024772644,0.5764747262001038,0.14064647257328033,0.06644950062036514,0.05370267853140831,0.3842359185218811,0.17628753185272217,0.16347788274288177,0.08861321955919266,0.254540354013443,0.28288760781288147,0.23393769562244415,0.12152315676212311,0.20114924013614655,0.21761839091777802,0.1506413370370865,0.11196569353342056
AJ191,0.24137931,0.0,0.310344828,0.0,0.0,0.0,0.0,0.0,0.172413793,0.0,0.0,0.0,0.0,0.24137931,0.137931034,0.137931034,0.103448276,0.206896552,0.137931034,0.413793103,0.137931034,0.896551724,0.172413793,0.620689655,0.0,0.0,0.448275862,0.275862069,1.896551724,0.275862069,0.310344828,1.068965517,0.965517241,0.137931034,0.379310345,0.172413793,0.0,0.448275862,0.068965517,1.448275862,0.0,0.034482759,0.379310345,0.0,0.0,0.034482759,0.0,0.0,0.0,0.0,0.068965517,0.39371633529663086,0.15160585939884186,0.4444233775138855,0.2541513442993164,0.2859407067298889,0.14417943358421326,0.31780487298965454,0.19501297175884247,0.773882269859314,0.18831990659236908,0.13406440615653992,0.16349047422409058,0.04257432371377945,1.3178973197937012,0.23160791397094727,0.29535967111587524,0.21623258292675018,0.04954562708735466,0.05922422558069229,0.2794697880744934,0.2904975414276123,0.12837855517864227,0.2660193145275116,0.1719379872083664,0.05204978585243225,0.23590222001075745,0.10671709477901459,0.05462830886244774,0.1473180204629898,0.29794296622276306,0.23813144862651825,0.25579726696014404,0.21288087964057922,0.1608770489692688,0.07231757789850235,0.6005328893661499,0.1539490520954132,0.07139666378498077,0.03465258702635765,0.40383464097976685,0.17494693398475647,0.16594359278678894,0.08181077241897583,0.4086547791957855,0.4038812518119812,0.346012681722641,0.13440485298633575,0.3258923590183258,0.22203592956066132,0.16720934212207794,0.11036905646324158
AJ244,0.172413793,0.0,0.344827586,0.275862069,0.413793103,0.034482759,0.827586207,0.24137931,1.310344828,0.068965517,0.517241379,0.517241379,0.103448276,1.965517241,0.482758621,0.24137931,1.103448276,0.137931034,0.0,0.172413793,0.172413793,0.0,0.310344828,0.137931034,0.137931034,0.172413793,0.0,0.0,0.0,0.172413793,0.24137931,0.0,0.0,0.068965517,0.0,0.517241379,0.0,0.0,0.0,0.137931034,0.310344828,0.137931034,0.034482759,0.551724138,0.103448276,0.034482759,0.0,0.0,0.103448276,0.103448276,0.0,0.6138157248497009,0.2863234281539917,0.5593761205673218,0.34361734986305237,0.3936704397201538,0.2262394279241562,0.36803188920021057,0.2862841784954071,1.0340182781219482,0.19080418348312378,0.206177219748497,0.2963665723800659,0.07221738994121552,1.1751105785369873,0.311154842376709,0.3205937445163727,0.2402293086051941,0.30518636107444763,0.29608234763145447,0.44761523604393005,0.8748064637184143,0.14511191844940186,0.32971423864364624,0.12469750642776489,0.048898279666900635,0.17342017590999603,0.08228851854801178,0.07460475713014603,0.12420469522476196,0.26196110248565674,0.23663823306560516,0.22125883400440216,0.25191745162010193,0.20010103285312653,0.089220330119133,0.5003283619880676,0.16208142042160034,0.07084265351295471,0.05481889843940735,0.4360594153404236,0.21134229004383087,0.2151373028755188,0.08886229991912842,0.33149254322052,0.25394660234451294,0.4874913692474365,0.11603973805904388,0.28224125504493713,0.21819910407066345,0.14808619022369385,0.11258946359157562
AJ261,0.166666667,0.0,0.7,0.466666667,0.033333333,0.133333333,0.466666667,0.133333333,1.033333333,0.1,0.233333333,0.366666667,0.1,1.266666667,0.133333333,0.2,0.4,0.066666667,0.0,0.266666667,0.366666667,0.1,0.5,0.266666667,0.1,0.2,0.0,0.0,0.433333333,0.233333333,0.3,0.1,0.0,0.0,0.0,0.566666667,0.0,0.033333333,0.0,0.0,0.0,0.133333333,0.0,0.733333333,0.466666667,0.266666667,0.0,0.233333333,0.466666667,0.0,0.133333333,0.48069632053375244,0.2740776538848877,0.5842306613922119,0.3928694725036621,0.34271684288978577,0.17832964658737183,0.44551369547843933,0.35315755009651184,0.9874324798583984,0.20011040568351746,0.24696548283100128,0.21968159079551697,0.06774470210075378,1.1275724172592163,0.2886505424976349,0.3394525647163391,0.23137347400188446,0.24870528280735016,0.08756836503744125,0.4503999352455139,0.8983152508735657,0.09153136610984802,0.3285110890865326,0.12319481372833252,0.047753553837537766,0.17878207564353943,0.22049982845783234,0.11715538054704666,0.24369576573371887,0.2802538275718689,0.2346063107252121,0.19331756234169006,0.28578153252601624,0.26701417565345764,0.15890559554100037,0.5423899292945862,0.15214551985263824,0.07271452248096466,0.09705455601215363,0.4784989356994629,0.17511095106601715,0.19493278861045837,0.10474102944135666,0.2671085596084595,0.2300717830657959,0.34436988830566406,0.12594135105609894,0.35462436079978943,0.2175048589706421,0.13923096656799316,0.11258946359157562
AJ413,0.24137931,0.0,0.137931034,0.068965517,0.137931034,0.0,0.137931034,0.172413793,0.862068966,0.172413793,0.448275862,0.448275862,0.24137931,1.586206897,0.482758621,0.24137931,0.310344828,0.655172414,1.103448276,1.068965517,0.448275862,0.24137931,0.206896552,0.068965517,0.103448276,0.0,0.0,0.068965517,0.0,0.206896552,0.137931034,0.068965517,0.034482759,0.0,0.0,0.310344828,0.137931034,0.103448276,0.0,0.034482759,0.586206897,0.24137931,0.137931034,0.206896552,0.172413793,0.448275862,0.0,0.103448276,0.068965517,0.068965517,0.068965517,0.4192975163459778,0.18329985439777374,0.3915645480155945,0.27462199330329895,0.3283122479915619,0.1589948683977127,0.25407296419143677,0.19108793139457703,0.5789656043052673,0.18775933980941772,0.07540538161993027,0.14816728234291077,0.03031088225543499,1.1236469745635986,0.4178128242492676,0.3861161768436432,0.23969678580760956,0.3237886428833008,0.17865312099456787,0.334357887506485,0.39837557077407837,0.09376483410596848,0.16242025792598724,0.09930065274238586,0.03080127388238907,0.14137035608291626,0.07879041135311127,0.03526144102215767,0.05805301293730736,0.21685336530208588,0.2341880202293396,0.07292800396680832,0.2336280792951584,0.16293877363204956,0.02701730467379093,0.43238353729248047,0.12796378135681152,0.0639989897608757,0.030546914786100388,0.03599853068590164,0.18436601758003235,0.18816182017326355,0.060083553194999695,0.3099917769432068,0.18906109035015106,0.18056891858577728,0.10621107369661331,0.17527709901332855,0.21819910407066345,0.12383624911308289,0.11036905646324158
AJ449,0.366666667,0.133333333,0.066666667,0.0,0.2,0.0,0.366666667,0.1,1.5,0.1,0.366666667,0.433333333,0.1,1.533333333,0.266666667,0.266666667,0.033333333,0.0,0.0,0.066666667,0.0,0.0,0.0,0.266666667,0.0,0.333333333,0.333333333,0.166666667,0.1,1.133333333,0.866666667,0.0,0.0,0.1,0.0,0.333333333,0.066666667,0.066666667,0.0,0.0,0.2,0.233333333,0.1,0.233333333,0.166666667,0.533333333,0.133333333,0.566666667,0.3,0.066666667,0.0,0.3854999840259552,0.33569979667663574,0.4229187071323395,0.3779793083667755,0.3161109983921051,0.15407848358154297,0.32427269220352173,0.20382656157016754,0.8072648048400879,0.19033339619636536,0.4797278642654419,0.322501540184021,0.10563913732767105,1.1760233640670776,0.5415712594985962,0.26919081807136536,0.25120192766189575,0.3707744777202606,0.579692006111145,0.3035421371459961,0.5930784940719604,0.10495149344205856,0.3170945942401886,0.11412321776151657,0.03532508388161659,0.24704578518867493,0.09125110507011414,0.08293686807155609,0.11188524216413498,0.24481654167175293,0.2344816029071808,0.09441906958818436,0.24852187931537628,0.16338559985160828,0.05616863816976547,0.4662160575389862,0.14134851098060608,0.0639989897608757,0.03277285397052765,0.16767631471157074,0.1789862960577011,0.17515890300273895,0.07932820171117783,0.2805405557155609,0.22523817420005798,0.2593667507171631,0.10497947782278061,0.23386524617671967,0.2206021249294281,0.14474979043006897,0.11051537841558456
AJ601,0.620689655,0.172413793,0.482758621,0.0,0.793103448,0.034482759,0.586206897,0.068965517,0.793103448,0.103448276,0.0,0.068965517,0.0,0.896551724,0.448275862,0.310344828,0.206896552,0.068965517,0.0,0.344827586,0.137931034,0.0,0.172413793,0.0,0.137931034,0.103448276,0.0,0.0,0.0,0.275862069,0.068965517,0.0,0.0,0.172413793,0.206896552,0.586206897,0.0,0.0,0.0,0.0,0.275862069,0.068965517,0.068965517,0.275862069,0.310344828,0.620689655,0.172413793,0.586206897,0.310344828,0.482758621,0.448275862,0.4694533348083496,0.1555161029100418,0.5156556367874146,0.28936541080474854,0.30709633231163025,0.15318602323532104,0.38321611285209656,0.25445467233657837,0.7974969148635864,0.19032689929008484,0.16410593688488007,0.1867588758468628,0.04643072187900543,1.4182331562042236,0.27482226490974426,0.3189075291156769,0.22364477813243866,0.06827881187200546,0.08527982980012894,0.21845871210098267,0.3123202919960022,0.09243223816156387,0.24853764474391937,0.10122188925743103,0.04935399815440178,0.24459107220172882,0.1113898754119873,0.040373899042606354,0.1337965875864029,0.3012799322605133,0.2341116964817047,0.0797874853014946,0.2201666235923767,0.2090284526348114,0.0635838508605957,0.5049717426300049,0.14959456026554108,0.07271452248096466,0.04693445935845375,0.3926686942577362,0.17531093955039978,0.18558940291404724,0.07232300192117691,0.42289143800735474,0.36543241143226624,0.3499809503555298,0.14061227440834045,0.43093496561050415,0.22203592956066132,0.17914777994155884,0.1113419383764267
AJ733,0.344827586,0.0,0.344827586,0.551724138,0.137931034,0.068965517,0.068965517,0.103448276,0.586206897,0.0,0.0,0.137931034,0.0,0.965517241,0.137931034,0.068965517,0.379310345,0.034482759,0.379310345,0.137931034,0.310344828,0.103448276,0.0,0.0,0.0,0.137931034,0.0,0.068965517,0.0,0.413793103,0.137931034,0.034482759,0.24137931,0.310344828,0.068965517,1.103448276,0.24137931,0.137931034,0.0,0.068965517,0.655172414,0.24137931,0.034482759,0.827586207,0.448275862,0.172413793,0.310344828,0.172413793,0.24137931,0.24137931,0.103448276,0.5224642753601074,0.23144285380840302,0.4837791323661804,0.27495771646499634,0.31018853187561035,0.15325979888439178,0.3810963034629822,0.1770845204591751,0.5121108889579773,0.18699412047863007,0.19594228267669678,0.1570652574300766,0.0629374235868454,0.7581198811531067,0.2545252740383148,0.18933036923408508,0.22830136120319366,0.08613072335720062,0.038706324994564056,0.16379280388355255,0.2916628420352936,0.09416688978672028,0.49397438764572144,0.11112964898347855,0.042293671518564224,0.1507221907377243,0.0902845561504364,0.02360682748258114,0.05765114352107048,0.23995468020439148,0.23572593927383423,0.1372409164905548,0.20103324949741364,0.165924534201622,0.06013016402721405,0.41784611344337463,0.16113226115703583,0.06837085634469986,0.04572482034564018,0.11134499311447144,0.1723180115222931,0.2061377912759781,0.05796409398317337,0.31512826681137085,0.3307480812072754,0.19685503840446472,0.11901799589395523,0.19740459322929382,0.22177255153656006,0.15610402822494507,0.11036905646324158
AJ809,0.133333333,0.0,0.366666667,0.0,0.133333333,0.0,0.066666667,0.066666667,0.2,0.0,0.0,0.0,0.0,0.7,0.3,0.333333333,0.133333333,0.2,0.066666667,1.7,2.433333333,0.133333333,0.766666667,0.233333333,0.133333333,0.0,0.166666667,0.2,0.0,0.333333333,0.2,0.1,0.0,0.166666667,0.1,0.4,0.133333333,0.0,0.133333333,0.0,0.433333333,0.333333333,0.0,0.0,0.033333333,0.233333333,0.0,0.433333333,0.366666667,0.066666667,0.0,0.37365347146987915,0.203565776348114,0.4212746322154999,0.4908795654773712,0.31958600878715515,0.15540440380573273,0.5007620453834534,0.34426918625831604,0.6838899254798889,0.22674815356731415,0.22039854526519775,0.2282014787197113,0.09173311293125153,1.0652068853378296,0.3891853392124176,0.7990993857383728,0.24155142903327942,0.2571657598018646,0.11888162791728973,0.43464961647987366,0.6170511245727539,0.10438620299100876,0.2921980619430542,0.12146984040737152,0.06270314007997513,0.2046729177236557,0.23411405086517334,0.19061778485774994,0.31588074564933777,0.2912155091762543,0.23907342553138733,0.13368049263954163,0.2327723652124405,0.2588633894920349,0.13938957452774048,0.4511178731918335,0.14651429653167725,0.06413617730140686,0.2103893905878067,0.5607113242149353,0.17438925802707672,0.19301247596740723,0.13357335329055786,0.4416237473487854,0.3867374062538147,0.39297884702682495,0.1391860842704773,0.9232256412506104,0.2186814248561859,0.20384261012077332,0.11099588871002197
AJ915,0.2,0.0,0.433333333,0.133333333,0.266666667,0.0,0.233333333,0.033333333,0.2,0.0,0.0,0.0,0.0,0.266666667,0.3,0.066666667,0.2,0.1,0.0,0.7,0.666666667,0.533333333,0.1,0.166666667,0.0,0.0,0.066666667,0.0,0.8,0.6,0.833333333,0.6,0.266666667,0.266666667,0.2,1.066666667,0.266666667,0.366666667,0.066666667,1.366666667,0.2,0.0,0.3,0.033333333,0.166666667,0.4,0.0,0.133333333,0.233333333,0.066666667,0.1,0.3237747251987457,0.15094198286533356,0.372981458902359,0.2853684723377228,0.3082878887653351,0.11997529119253159,0.13156062364578247,0.1937456578016281,0.15857763588428497,0.18699412047863007,0.06322891265153885,0.10876647382974625,0.02633623406291008,0.7194023728370667,0.16613702476024628,0.11115024983882904,0.21451400220394135,0.08502371609210968,0.044035620987415314,0.34451305866241455,0.3740554749965668,0.15577253699302673,0.23567542433738708,0.17949900031089783,0.035591937601566315,0.07916168868541718,0.11712948977947235,0.12369783967733383,0.2134210467338562,0.2107013761997223,0.23650924861431122,0.3063160479068756,0.2033163607120514,0.159608393907547,0.08254314213991165,0.4984968602657318,0.14018560945987701,0.06418260931968689,0.04102261736989021,0.6004723906517029,0.17164507508277893,0.16407182812690735,0.07149449735879898,0.3727913498878479,0.25368016958236694,0.13868167996406555,0.09765294939279556,0.13721004128456116,0.22203592956066132,0.0965396836400032,0.11036905646324158
AJ986,0.0,0.0,0.620689655,0.137931034,0.068965517,0.034482759,0.068965517,0.310344828,0.275862069,0.0,0.0,0.103448276,0.0,1.24137931,0.551724138,0.448275862,0.931034483,1.275862069,0.103448276,0.793103448,0.172413793,1.862068966,0.310344828,0.655172414,0.0,0.172413793,0.0,0.0,0.0,0.275862069,0.172413793,0.0,0.448275862,0.0,0.24137931,0.275862069,0.137931034,0.0,0.0,0.0,0.068965517,0.206896552,0.24137931,0.413793103,0.137931034,0.275862069,0.137931034,0.137931034,0.0,0.206896552,0.103448276,0.28428956866264343,0.15094198286533356,0.42453086376190186,0.4509124159812927,0.2990517020225525,0.1405750811100006,0.2701386511325836,0.3365730047225952,0.591833233833313,0.18831990659236908,0.1330731362104416,0.16511060297489166,0.03937644883990288,1.2106225490570068,0.3569110631942749,0.37079358100891113,0.23065027594566345,0.1369752138853073,0.055433470755815506,0.43464040756225586,0.445806086063385,0.10474947094917297,0.22230572998523712,0.1048852950334549,0.03699280321598053,0.14058849215507507,0.09709767997264862,0.07525739818811417,0.14083178341388702,0.24528256058692932,0.2346063107252121,0.0798349529504776,0.20589138567447662,0.09326563775539398,0.06175253540277481,0.47435706853866577,0.15363433957099915,0.06644950062036514,0.0350344218313694,0.16502484679222107,0.17563828825950623,0.17915284633636475,0.0796424001455307,0.346418559551239,0.2668907940387726,0.25129252672195435,0.11226050555706024,0.4167381823062897,0.2175048589706421,0.1356024146080017,0.11036905646324158
AJ990,0.2,0.0,0.166666667,0.0,0.433333333,0.0,0.4,0.166666667,0.933333333,0.1,0.266666667,0.566666667,0.133333333,1.033333333,0.233333333,0.166666667,0.166666667,0.2,0.666666667,0.833333333,0.8,0.366666667,0.666666667,0.166666667,0.0,0.166666667,0.0,0.066666667,0.1,0.266666667,0.133333333,0.666666667,0.566666667,0.1,0.0,0.333333333,0.233333333,0.0,0.0,0.0,0.566666667,0.2,0.166666667,0.466666667,0.133333333,0.166666667,0.133333333,0.3,0.0,0.1,0.066666667,0.49047818779945374,0.18329985439777374,0.3900701403617859,0.26008176803588867,0.3586207330226898,0.16072984039783478,0.2856998145580292,0.1710108071565628,0.5292350053787231,0.18699412047863007,0.14325588941574097,0.14798812568187714,0.036815762519836426,1.1424639225006104,0.37199047207832336,0.3167949914932251,0.23458795249462128,0.17583510279655457,0.10150714963674545,0.25765928626060486,0.3264440596103668,0.09442896395921707,0.18049126863479614,0.10030911862850189,0.03481177240610123,0.14811575412750244,0.07988081127405167,0.0661482885479927,0.07249030470848083,0.23410771787166595,0.2341880202293396,0.09506549686193466,0.23531968891620636,0.1603078544139862,0.04765279218554497,0.4786720275878906,0.13858358561992645,0.0639989897608757,0.02704673632979393,0.17633076012134552,0.1765282154083252,0.17231491208076477,0.06034395471215248,0.28713473677635193,0.1753808856010437,0.20558983087539673,0.10832817107439041,0.09632468968629837,0.21819910407066345,0.10900232195854187,0.11036905646324158
AK716,1.433333333,0.133333333,1.533333333,0.133333333,0.333333333,0.133333333,0.266666667,0.1,0.466666667,0.233333333,0.0,0.0,0.0,0.566666667,0.166666667,0.066666667,0.333333333,0.266666667,0.233333333,0.133333333,0.0,0.166666667,0.0,0.066666667,0.0,0.066666667,0.033333333,0.0,0.0,1.4,0.4,0.166666667,0.233333333,0.133333333,0.0,0.4,0.0,0.0,0.0,0.0,0.133333333,0.1,0.0,0.0,0.066666667,1.2,0.266666667,0.8,0.233333333,0.3,0.3,0.5223487019538879,0.15331284701824188,0.5926538705825806,0.2993043065071106,0.32281166315078735,0.15769214928150177,0.3364694118499756,0.20134423673152924,0.5345872640609741,0.18775933980941772,0.13819345831871033,0.14673274755477905,0.04617176577448845,1.352919101715088,0.24966414272785187,0.2670243978500366,0.22823472321033478,0.07377064228057861,0.04295851290225983,0.3972461521625519,0.49572792649269104,0.08916358649730682,0.25391557812690735,0.09992873668670654,0.044096577912569046,0.15282557904720306,0.07587498426437378,0.0339231975376606,0.04382484778761864,0.22542643547058105,0.23663823306560516,0.06192604824900627,0.2056472897529602,0.1891050487756729,0.02589125744998455,0.5245295166969299,0.1551508754491806,0.06379365175962448,0.02732522040605545,0.08300404995679855,0.17568467557430267,0.18214698135852814,0.059846509248018265,0.2600407004356384,0.2958497107028961,0.31312546133995056,0.13413625955581665,0.34544411301612854,0.2245991826057434,0.1504032462835312,0.11036905646324158
AK983,0.433333333,0.1,0.266666667,0.1,0.1,0.0,0.1,0.433333333,1.333333333,0.0,0.5,0.3,0.0,1.8,0.2,0.433333333,0.033333333,0.033333333,0.033333333,0.0,0.633333333,0.0,0.366666667,0.266666667,0.1,0.133333333,0.433333333,0.1,0.0,0.433333333,0.0,0.0,0.0,0.0,0.166666667,0.566666667,0.0,0.733333333,0.0,0.533333333,0.0,0.0,0.0,0.366666667,0.066666667,0.1,0.166666667,0.133333333,0.033333333,0.1,0.166666667,0.4328056871891022,0.15176613628864288,0.38879096508026123,0.23491348326206207,0.2945183515548706,0.14754320681095123,0.31528306007385254,0.24233005940914154,0.5396473407745361,0.1881006807088852,0.09283752739429474,0.1479431837797165,0.04415019229054451,0.9327842593193054,0.3187291920185089,0.20062297582626343,0.212114155292511,0.0417923703789711,0.0420079343020916,0.13112320005893707,0.21227841079235077,0.10305039584636688,0.19351227581501007,0.12110144644975662,0.03806742653250694,0.1148846298456192,0.0921255573630333,0.032140858471393585,0.11381254345178604,0.27439308166503906,0.2341880202293396,0.12814371287822723,0.22273743152618408,0.12228313088417053,0.03402232751250267,0.48872804641723633,0.1430632323026657,0.0639989897608757,0.03405727446079254,0.12734729051589966,0.1739375740289688,0.16997846961021423,0.08775807172060013,0.2639777958393097,0.26025423407554626,0.49696794152259827,0.15030597150325775,0.7391482591629028,0.21843267977237701,0.1615401953458786,0.11196569353342056
AL177,0.466666667,0.0,0.3,0.033333333,0.866666667,0.2,0.066666667,0.0,0.266666667,0.066666667,0.0,0.0,0.0,0.233333333,0.233333333,0.066666667,0.1,0.133333333,0.166666667,1.2,1.3,0.0,0.833333333,0.0,0.0,0.333333333,0.0,0.2,0.0,0.266666667,0.0,0.0,0.0,0.366666667,0.1,1.166666667,0.2,0.0,0.0,0.0,0.8,0.133333333,0.0,0.2,0.066666667,0.333333333,0.0,0.233333333,0.266666667,0.466666667,0.3,0.612322211265564,0.15094198286533356,0.48206061124801636,0.3076210916042328,0.378581702709198,0.19440589845180511,0.30467185378074646,0.25514286756515503,0.5665780305862427,0.18699412047863007,0.05645793676376343,0.17301835119724274,0.03498345986008644,0.7511317133903503,0.32063186168670654,0.3144126832485199,0.21969635784626007,0.13787199556827545,0.079983651638031,0.4257577657699585,0.8208200335502625,0.09739506244659424,0.39168083667755127,0.12120821326971054,0.04974433034658432,0.21568822860717773,0.08731207251548767,0.08673076331615448,0.23412637412548065,0.22441509366035461,0.2341880202293396,0.04347826540470123,0.207062229514122,0.3979763984680176,0.0979979857802391,0.8635121583938599,0.1745234876871109,0.06379365175962448,0.031623270362615585,0.1679246872663498,0.17913074791431427,0.17043036222457886,0.07430607825517654,0.39816752076148987,0.20336422324180603,0.22444461286067963,0.13905474543571472,0.2700706720352173,0.21819910407066345,0.13194330036640167,0.11130024492740631
AL360,1.433333333,0.0,1.633333333,0.233333333,0.566666667,0.166666667,0.3,0.0,1.1,0.166666667,0.433333333,0.2,0.0,0.866666667,0.133333333,0.2,0.066666667,0.166666667,0.066666667,0.066666667,0.3,0.066666667,0.0,0.033333333,0.0,0.1,0.0,0.0,0.066666667,0.4,0.166666667,0.0,0.1,0.133333333,0.0,0.466666667,0.0,0.233333333,0.0,0.0,0.2,0.0,0.0,0.066666667,0.2,0.066666667,0.133333333,0.033333333,0.066666667,0.133333333,0.2,0.6125521063804626,0.22915102541446686,0.5724252462387085,0.34075596928596497,0.35618820786476135,0.15997375547885895,0.36445745825767517,0.181928813457489,0.8754606246948242,0.19018429517745972,0.2402927130460739,0.2345282882452011,0.05261349678039551,0.974699854850769,0.2225940227508545,0.314314067363739,0.22865915298461914,0.10543456673622131,0.15454737842082977,0.3434790074825287,0.6479207277297974,0.11139488965272903,0.26549819111824036,0.12096777558326721,0.06662299484014511,0.2663901448249817,0.12151926010847092,0.07846450805664062,0.17760881781578064,0.2778346836566925,0.2341880202293396,0.17136776447296143,0.21850112080574036,0.1481398195028305,0.11724637448787689,0.6370843052864075,0.1525508314371109,0.06365959346294403,0.06870338320732117,0.26806676387786865,0.17516109347343445,0.18380285799503326,0.10379591584205627,0.36392340064048767,0.20967142283916473,0.3086639642715454,0.13271039724349976,0.3071298897266388,0.21819910407066345,0.15742231905460358,0.11258946359157562
AL388,0.133333333,0.0,0.1,0.0,0.366666667,0.2,0.133333333,0.233333333,0.3,0.0,0.0,0.0,0.0,0.533333333,0.4,0.266666667,0.3,0.066666667,0.1,0.4,0.733333333,0.0,0.433333333,0.0,0.0,0.066666667,0.0,0.0,0.0,0.1,0.3,0.033333333,0.0,0.766666667,0.366666667,1.4,1.166666667,0.333333333,0.0,0.433333333,0.366666667,0.6,0.133333333,0.133333333,0.166666667,0.566666667,0.0,0.1,0.533333333,0.6,0.1,0.5083502531051636,0.15094198286533356,0.4509577453136444,0.3127267360687256,0.42432814836502075,0.17664094269275665,0.4092290997505188,0.1954873651266098,0.767256498336792,0.19033339619636536,0.2187967300415039,0.2228829711675644,0.059511449187994,0.9600337743759155,0.24619922041893005,0.30177104473114014,0.2215777188539505,0.13005977869033813,0.08061937987804413,0.38436365127563477,0.6024124622344971,0.0956028625369072,0.27318739891052246,0.1242116391658783,0.0545676052570343,0.19340229034423828,0.08317764848470688,0.06076079607009888,0.18668125569820404,0.23586106300354004,0.2344816029071808,0.14610083401203156,0.21231089532375336,0.2502848505973816,0.07311875373125076,0.6645837426185608,0.15665699541568756,0.0639989897608757,0.044521477073431015,0.23029659688472748,0.1831195205450058,0.1862611174583435,0.06730472296476364,0.27851372957229614,0.23677588999271393,0.2227829545736313,0.1280784159898758,0.12271462380886078,0.21972164511680603,0.12319602072238922,0.11130024492740631
AL389,0.833333333,0.233333333,0.733333333,0.166666667,0.7,0.166666667,0.3,0.1,0.166666667,0.066666667,0.166666667,0.0,0.0,0.566666667,0.166666667,0.0,0.266666667,0.0,0.166666667,0.866666667,1.266666667,0.133333333,0.9,0.133333333,0.0,0.266666667,0.166666667,0.0,0.2,0.3,0.333333333,0.066666667,0.133333333,0.3,0.066666667,1.2,0.0,0.0,0.0,0.0,0.366666667,0.2,0.166666667,0.0,0.1,0.0,0.166666667,0.033333333,0.466666667,0.333333333,0.2,0.7240250110626221,0.15179294347763062,0.48863714933395386,0.26636019349098206,0.39493292570114136,0.16974008083343506,0.2476871907711029,0.15399761497974396,0.4262946844100952,0.18775933980941772,0.09744210541248322,0.16064365208148956,0.024968992918729782,0.6767709255218506,0.14881810545921326,0.19474516808986664,0.22977441549301147,0.05202900618314743,0.0666995421051979,0.5593640804290771,0.9811689853668213,0.08759896457195282,0.3673878312110901,0.11534789204597473,0.03567259758710861,0.13269048929214478,0.10367754101753235,0.06488378345966339,0.10376274585723877,0.25359347462654114,0.23650924861431122,0.017322367057204247,0.19958087801933289,0.30266571044921875,0.11721929907798767,0.6324881315231323,0.14102882146835327,0.06379365175962448,0.027747072279453278,0.09522789716720581,0.1744462102651596,0.17263443768024445,0.06672891229391098,0.25707805156707764,0.21803821623325348,0.18213818967342377,0.13271959125995636,0.11760970205068588,0.21819910407066345,0.14844654500484467,0.1143634244799614
AL402,1.066666667,0.0,0.366666667,0.1,0.666666667,0.333333333,0.633333333,0.2,0.933333333,0.3,0.166666667,0.066666667,0.0,0.433333333,0.066666667,0.133333333,0.166666667,0.1,0.166666667,0.766666667,0.633333333,0.233333333,0.533333333,0.066666667,0.0,0.266666667,0.0,0.0,0.0,0.466666667,0.3,0.0,0.033333333,0.233333333,0.166666667,0.6,0.3,0.233333333,0.0,0.2,0.3,0.133333333,0.0,0.1,0.133333333,0.3,0.4,0.2,0.166666667,0.233333333,0.166666667,0.9087257981300354,0.1807909905910492,0.5909018516540527,0.3348311185836792,0.43188220262527466,0.17386801540851593,0.3077176809310913,0.1883161962032318,0.6601238250732422,0.18699412047863007,0.07436364889144897,0.1841648817062378,0.040371667593717575,0.8118845820426941,0.18126007914543152,0.2952766716480255,0.21666379272937775,0.11506480723619461,0.12413210421800613,0.49450379610061646,1.0235730409622192,0.0898439884185791,0.33793702721595764,0.10143128782510757,0.035074710845947266,0.24066710472106934,0.11239270865917206,0.04704654961824417,0.12765665352344513,0.2822239398956299,0.2341880202293396,0.07171741127967834,0.2250281572341919,0.37817642092704773,0.07197839766740799,0.7631077170372009,0.16119585931301117,0.06559485197067261,0.03229578211903572,0.21629543602466583,0.17446279525756836,0.1948624700307846,0.08230819553136826,0.2779315412044525,0.17521876096725464,0.2031249850988388,0.169447660446167,0.21561124920845032,0.2206021249294281,0.17344817519187927,0.11182417720556259
AL409,0.233333333,0.066666667,0.466666667,0.0,0.6,0.0,0.566666667,0.1,0.9,0.3,0.133333333,0.166666667,0.0,1.266666667,0.3,0.433333333,0.233333333,0.0,0.0,0.266666667,0.5,0.066666667,0.266666667,0.3,0.0,0.233333333,0.266666667,0.5,0.233333333,0.233333333,0.166666667,0.033333333,0.0,0.133333333,0.0,0.866666667,0.9,0.566666667,0.166666667,0.0,0.033333333,0.0,0.366666667,0.366666667,0.1,0.833333333,0.233333333,0.333333333,0.133333333,0.1,0.133333333,0.5441485047340393,0.21721868216991425,0.4578545391559601,0.32222217321395874,0.31678506731987,0.1687699407339096,0.5079899430274963,0.15158946812152863,0.7678025960922241,0.19521178305149078,0.2216363251209259,0.20314423739910126,0.06557036191225052,1.2369636297225952,0.34240832924842834,0.3394775390625,0.22067873179912567,0.036448750644922256,0.06626898795366287,0.320280522108078,0.3523429036140442,0.11387627571821213,0.24295282363891602,0.12033490836620331,0.05508429929614067,0.17732222378253937,0.10604184865951538,0.07032731175422668,0.23322013020515442,0.27343252301216125,0.23620939254760742,0.16066789627075195,0.28139054775238037,0.24557246267795563,0.07403017580509186,0.6362695693969727,0.15157371759414673,0.06379365175962448,0.06032995507121086,0.1966770738363266,0.18062080442905426,0.16389863193035126,0.11025825887918472,0.25474485754966736,0.23482325673103333,0.2649448812007904,0.11575973033905029,0.13974151015281677,0.21702533960342407,0.1344173550605774,0.11196569353342056
AL417,0.4,0.0,0.733333333,0.6,0.366666667,0.266666667,0.933333333,0.3,1.666666667,0.833333333,0.8,0.3,0.166666667,2.1,0.433333333,0.566666667,0.166666667,0.066666667,0.0,0.066666667,0.133333333,0.0,0.2,0.066666667,0.133333333,0.5,0.0,0.0,0.133333333,0.2,0.066666667,0.0,0.0,0.233333333,0.0,0.566666667,0.4,0.0,0.0,0.0,0.0,0.0,0.0,0.0,0.1,0.2,0.166666667,0.1,0.0,0.233333333,0.0,0.47747012972831726,0.15344655513763428,0.5284561514854431,0.2514575123786926,0.30660417675971985,0.1741730272769928,0.45773807168006897,0.19147765636444092,0.8732166290283203,0.18775933980941772,0.3581524193286896,0.21776129305362701,0.05013122037053108,1.1821192502975464,0.22568418085575104,0.3169472813606262,0.21797583997249603,0.03817734122276306,0.03843136876821518,0.22005315124988556,0.26229730248451233,0.09019506722688675,0.18075747787952423,0.11354699730873108,0.047039344906806946,0.1601210981607437,0.08829251676797867,0.05820094794034958,0.18450605869293213,0.267557829618454,0.23453348875045776,0.10981545597314835,0.22242335975170135,0.14413075149059296,0.05718418210744858,0.5183684229850769,0.14561869204044342,0.06379365175962448,0.038545940071344376,0.07680146396160126,0.17760255932807922,0.15861469507217407,0.06734524667263031,0.2617098093032837,0.217174232006073,0.2571778893470764,0.13349996507167816,0.16597861051559448,0.21702533960342407,0.13788457214832306,0.11036905646324158
AL454,0.366666667,0.0,0.533333333,0.133333333,0.533333333,0.2,0.733333333,0.366666667,0.866666667,0.433333333,0.0,0.0,0.0,1.166666667,0.366666667,0.433333333,0.133333333,0.0,0.0,0.166666667,0.333333333,0.0,0.466666667,0.433333333,0.266666667,0.433333333,0.0,0.133333333,0.233333333,0.433333333,0.233333333,0.0,0.0,0.2,0.066666667,0.933333333,0.8,0.5,0.066666667,0.1,0.2,0.266666667,0.033333333,0.1,0.166666667,1.0,0.266666667,0.333333333,0.033333333,0.0,0.133333333,0.6659701466560364,0.15094198286533356,0.5406836271286011,0.2992858290672302,0.35670006275177,0.21992924809455872,0.5176545977592468,0.1882277876138687,0.8687185645103455,0.1901480108499527,0.3146609365940094,0.22647146880626678,0.06990234553813934,1.4077634811401367,0.31627434492111206,0.3124127984046936,0.22432175278663635,0.056590721011161804,0.04144270345568657,0.22291240096092224,0.3891231417655945,0.09105896949768066,0.20234060287475586,0.11751418560743332,0.04650765284895897,0.1958131045103073,0.08477729558944702,0.03837011381983757,0.1584928035736084,0.2547415494918823,0.2341880202293396,0.03961467370390892,0.2153387814760208,0.2283225953578949,0.03774111717939377,0.561775267124176,0.15761278569698334,0.06379365175962448,0.03480488061904907,0.08246452361345291,0.17292183637619019,0.16375838220119476,0.06887869536876678,0.2833252251148224,0.17884717881679535,0.26288092136383057,0.13547691702842712,0.2939458191394806,0.21819910407066345,0.14068181812763214,0.11258946359157562
AL520,0.2,0.0,0.5,0.0,0.3,0.066666667,0.466666667,0.0,0.633333333,0.0,0.0,0.0,0.0,0.466666667,0.133333333,0.266666667,0.033333333,0.0,0.066666667,0.3,0.2,0.366666667,0.1,0.133333333,0.0,0.133333333,0.0,0.0,0.133333333,0.366666667,0.066666667,0.5,0.5,0.366666667,0.1,1.2,0.6,1.433333333,0.433333333,0.9,0.133333333,0.0,0.166666667,0.0,0.033333333,0.433333333,0.1,0.033333333,0.066666667,0.466666667,0.433333333,0.5722196698188782,0.19010090827941895,0.5124309659004211,0.3053947389125824,0.38188955187797546,0.1586371809244156,0.33176088333129883,0.1266762763261795,0.8524211645126343,0.19444656372070312,0.20415446162223816,0.2298375517129898,0.06679794937372208,0.9708001613616943,0.2061959058046341,0.23690131306648254,0.24288533627986908,0.0813000425696373,0.2129909098148346,0.3191802501678467,0.5658140778541565,0.09556515514850616,0.2555072605609894,0.12958280742168427,0.04330477491021156,0.2138347327709198,0.09612016379833221,0.04948824271559715,0.17610029876232147,0.3082466721534729,0.2341880202293396,0.24651022255420685,0.21752624213695526,0.19625726342201233,0.1154947280883789,0.5523182153701782,0.14005404710769653,0.06559485197067261,0.061509065330028534,0.4759680926799774,0.17652125656604767,0.2147795557975769,0.08596684038639069,0.26630645990371704,0.20280645787715912,0.2930881083011627,0.1322127878665924,0.15707559883594513,0.2206021249294281,0.13452404737472534,0.11258946359157562
AL581,1.633333333,0.166666667,0.7,0.233333333,0.8,0.2,0.333333333,0.233333333,0.2,0.1,0.033333333,0.0,0.0,0.466666667,0.0,0.233333333,0.4,0.066666667,0.066666667,0.633333333,2.0,0.0,0.933333333,0.0,0.0,0.4,0.0,0.066666667,0.133333333,0.266666667,0.2,0.066666667,0.033333333,0.266666667,0.1,0.7,0.033333333,0.0,0.0,0.033333333,0.233333333,0.033333333,0.0,0.166666667,0.0,0.2,0.0,0.133333333,0.233333333,0.0,0.266666667,0.5918706655502319,0.34482479095458984,0.6036075353622437,0.35203325748443604,0.33220812678337097,0.15101253986358643,0.46339303255081177,0.27346858382225037,0.7285283803939819,0.20652835071086884,0.21188148856163025,0.2124950885772705,0.047886595129966736,0.8502421975135803,0.27994105219841003,0.4077549874782562,0.23220711946487427,0.18496263027191162,0.11369211971759796,0.5847480297088623,0.951611340045929,0.1297488957643509,0.32602646946907043,0.12552200257778168,0.06878925859928131,0.2808243930339813,0.16146118938922882,0.08915582299232483,0.14986132085323334,0.2620279788970947,0.2341116964817047,0.10330529510974884,0.25095459818840027,0.21510659158229828,0.1247287169098854,0.5949569344520569,0.1548382043838501,0.06945431232452393,0.09774157404899597,0.2464432716369629,0.17868855595588684,0.18403832614421844,0.16027545928955078,0.37213778495788574,0.21501381695270538,0.3139500021934509,0.13343407213687897,0.6768741607666016,0.21702533960342407,0.1858600676059723,0.11036905646324158
AL613,0.9,0.166666667,1.1,0.266666667,0.6,0.266666667,0.366666667,0.1,0.133333333,0.0,0.0,0.0,0.0,0.4,0.166666667,0.033333333,0.266666667,0.033333333,0.133333333,0.2,0.933333333,0.0,0.666666667,0.0,0.0,0.833333333,0.133333333,0.0,0.6,0.733333333,0.5,0.033333333,0.0,0.133333333,0.133333333,1.6,0.033333333,0.1,0.0,0.033333333,0.366666667,0.066666667,0.366666667,0.133333333,0.066666667,0.266666667,0.4,0.166666667,0.1,0.0,0.266666667,0.5720324516296387,0.15479424595832825,0.44161325693130493,0.278219610452652,0.3758138120174408,0.18117831647396088,0.33849936723709106,0.21531085669994354,0.607408344745636,0.18699412047863007,0.17912772297859192,0.17742636799812317,0.04233861714601517,1.041133999824524,0.23665845394134521,0.25704512000083923,0.22734472155570984,0.05028034374117851,0.10197246074676514,0.3053777515888214,0.6426166296005249,0.09606076776981354,0.2684556841850281,0.11898773908615112,0.05711612105369568,0.2530265748500824,0.08825398981571198,0.06294682621955872,0.19955448806285858,0.277671217918396,0.23650924861431122,0.15584594011306763,0.27180758118629456,0.22344250977039337,0.13660389184951782,0.7384645342826843,0.19451110064983368,0.06674409657716751,0.053949400782585144,0.152843177318573,0.18102456629276276,0.17827512323856354,0.09914989024400711,0.24591393768787384,0.1957562267780304,0.2126670926809311,0.12484253197908401,0.09493132680654526,0.21819910407066345,0.12513913214206696,0.1143634244799614
AL679,0.233333333,0.066666667,0.433333333,0.1,0.366666667,0.333333333,0.366666667,0.066666667,0.333333333,0.933333333,0.0,0.1,0.0,0.666666667,0.0,0.2,0.033333333,0.0,0.133333333,0.0,0.133333333,0.0,0.033333333,0.0,0.0,0.166666667,0.0,0.0,0.0,0.4,0.133333333,0.1,0.333333333,0.033333333,0.1,0.766666667,1.166666667,1.166666667,0.2,0.6,0.2,0.0,0.566666667,0.233333333,0.1,0.666666667,0.4,0.133333333,0.1,0.233333333,0.1,0.5547956228256226,0.15094198286533356,0.5176483988761902,0.3873409330844879,0.3142562210559845,0.1808280646800995,0.4123761057853699,0.12358579784631729,0.5990007519721985,0.18775933980941772,0.10754898935556412,0.13502292335033417,0.03854425624012947,1.2891227006912231,0.4469131529331207,0.3307490646839142,0.24115139245986938,0.0500476136803627,0.037490736693143845,0.2705364525318146,0.3371935784816742,0.10283159464597702,0.20299577713012695,0.11178692430257797,0.05144822970032692,0.14024658501148224,0.08414176851511002,0.06069934368133545,0.12503886222839355,0.2702070474624634,0.23833435773849487,0.11695408076047897,0.2280164361000061,0.20874182879924774,0.06599733978509903,0.5421334505081177,0.15148209035396576,0.06438794732093811,0.041944194585084915,0.15964768826961517,0.176487535238266,0.16600538790225983,0.07879512012004852,0.25031498074531555,0.19910433888435364,0.20531468093395233,0.11416707932949066,0.11821182817220688,0.21702533960342407,0.13463206589221954,0.11258946359157562
AL705,0.566666667,0.0,0.3,0.0,0.733333333,0.133333333,0.133333333,0.066666667,0.133333333,0.0,0.0,0.0,0.0,0.333333333,0.166666667,0.1,0.2,0.266666667,0.2,1.066666667,1.633333333,0.0,1.4,0.0,0.0,0.2,0.0,0.0,0.0,0.0,0.0,0.033333333,0.033333333,0.633333333,0.066666667,0.966666667,0.0,0.0,0.0,0.0,0.3,0.0,0.0,0.033333333,0.1,0.1,0.366666667,0.066666667,0.366666667,0.4,0.233333333,0.7255677580833435,0.15124982595443726,0.476779967546463,0.2809796929359436,0.4039820432662964,0.16693589091300964,0.3075641095638275,0.1924215853214264,0.7825469970703125,0.18699412047863007,0.17660151422023773,0.17607857286930084,0.06690926104784012,1.1503689289093018,0.288396418094635,0.31134289503097534,0.23598599433898926,0.13810424506664276,0.13815680146217346,0.4620807468891144,0.8248767256736755,0.10573466122150421,0.3041576147079468,0.10479508340358734,0.044003624469041824,0.329263836145401,0.13325993716716766,0.07195253670215607,0.28915640711784363,0.25499677658081055,0.2341880202293396,0.18120139837265015,0.2113272249698639,0.3308370113372803,0.1262817680835724,0.7975731492042542,0.1578671783208847,0.06859172880649567,0.04047982767224312,0.39300674200057983,0.17856846749782562,0.18720757961273193,0.08703324943780899,0.27120277285575867,0.19616685807704926,0.21273283660411835,0.14671115577220917,0.17745929956436157,0.21819910407066345,0.14178898930549622,0.11076510697603226
AL790,0.6,0.1,0.533333333,0.0,0.5,0.066666667,0.433333333,0.233333333,0.5,0.0,0.166666667,0.333333333,0.0,0.6,0.1,0.1,0.2,0.266666667,0.066666667,0.533333333,0.966666667,0.3,0.133333333,0.1,0.0,0.266666667,0.0,0.0,0.266666667,0.2,0.333333333,0.066666667,0.2,0.366666667,0.1,0.8,0.0,0.1,0.0,0.466666667,0.266666667,0.333333333,0.0,0.1,0.0,0.333333333,0.0,0.4,0.133333333,0.433333333,0.066666667,0.5836890339851379,0.3506549596786499,0.6433573961257935,0.3421187400817871,0.3381953239440918,0.14236034452915192,0.4548056423664093,0.2015754133462906,0.7209989428520203,0.18831990659236908,0.2857438921928406,0.24407176673412323,0.07118823379278183,0.9038665294647217,0.21049538254737854,0.24208222329616547,0.22658632695674896,0.04714878648519516,0.04155774787068367,0.26681897044181824,0.4309912919998169,0.10289008170366287,0.27072763442993164,0.1113559752702713,0.05313177779316902,0.19459863007068634,0.11645843088626862,0.060792237520217896,0.1035948172211647,0.2840023636817932,0.23813144862651825,0.11487191915512085,0.265828013420105,0.25253769755363464,0.10973427444696426,0.6617777943611145,0.14881950616836548,0.06379365175962448,0.08081331849098206,0.35655829310417175,0.17516109347343445,0.1804729849100113,0.19335512816905975,0.27105599641799927,0.22370021045207977,0.28281328082084656,0.1273195445537567,0.24816849827766418,0.2198958396911621,0.18383406102657318,0.1113419383764267
AL822,1.566666667,0.033333333,0.8,0.0,0.433333333,0.433333333,1.133333333,0.166666667,0.633333333,0.933333333,0.0,0.0,0.0,0.866666667,0.066666667,0.2,0.0,0.033333333,0.0,0.366666667,0.333333333,0.0,0.066666667,0.0,0.066666667,0.0,0.0,0.0,0.0,0.233333333,0.066666667,0.0,0.1,0.166666667,0.0,0.633333333,0.3,0.033333333,0.0,0.0,0.0,0.066666667,0.0,0.066666667,0.166666667,0.166666667,0.366666667,0.0,0.1,0.366666667,0.133333333,0.7455247640609741,0.15094198286533356,0.5844500064849854,0.3357822597026825,0.3530920445919037,0.2052079737186432,0.403391033411026,0.21669359505176544,0.6301597356796265,0.18775933980941772,0.13874727487564087,0.14445972442626953,0.03431471064686775,1.1767573356628418,0.3852231502532959,0.3323919475078583,0.23426061868667603,0.13095401227474213,0.050919294357299805,0.29698270559310913,0.4894941449165344,0.10511548072099686,0.19406132400035858,0.10482415556907654,0.04182969033718109,0.16106973588466644,0.08072053641080856,0.058407261967659,0.10839762538671494,0.2543439567089081,0.2346063107252121,0.01999754086136818,0.23031507432460785,0.1966799646615982,0.055420149117708206,0.6537705659866333,0.13900521397590637,0.06379365175962448,0.029990242794156075,0.10836397111415863,0.18514704704284668,0.16456398367881775,0.061331093311309814,0.25569525361061096,0.18364357948303223,0.21528923511505127,0.13257665932178497,0.16386348009109497,0.21819910407066345,0.15444307029247284,0.1101328432559967
AL944,0.833333333,0.166666667,0.7,0.9,0.466666667,0.5,0.433333333,0.033333333,0.266666667,1.066666667,0.133333333,0.0,0.0,0.533333333,0.033333333,0.1,0.2,0.0,0.033333333,0.133333333,0.233333333,0.0,0.166666667,0.066666667,0.0,0.1,0.0,0.0,0.0,0.3,0.266666667,0.0,0.0,0.233333333,0.133333333,0.666666667,0.633333333,0.333333333,0.2,0.333333333,0.233333333,0.0,0.1,0.333333333,0.2,0.133333333,0.0,0.066666667,0.1,0.066666667,0.133333333,0.6031420826911926,0.15160585939884186,0.4789261519908905,0.39155086874961853,0.3540290594100952,0.18521487712860107,0.5116764903068542,0.1624273806810379,0.7669416069984436,0.19033339619636536,0.2965996265411377,0.17710915207862854,0.037309132516384125,1.1485309600830078,0.2172384113073349,0.24134768545627594,0.2227049618959427,0.04627511277794838,0.04373309761285782,0.1619044542312622,0.26257678866386414,0.08794596046209335,0.21265149116516113,0.10036042332649231,0.03571552783250809,0.1588289588689804,0.08090519905090332,0.0338352769613266,0.1503216177225113,0.2540135681629181,0.23650924861431122,0.033159736543893814,0.21024873852729797,0.17292924225330353,0.058115895837545395,0.5462812185287476,0.15148356556892395,0.0639989897608757,0.04645538330078125,0.1399138867855072,0.17482107877731323,0.1817873865365982,0.08277557790279388,0.24598126113414764,0.20718522369861603,0.16369402408599854,0.11938100308179855,0.05348063260316849,0.21819910407066345,0.12200979888439178,0.11051537841558456
AL973,1.3,0.0,0.433333333,0.1,0.033333333,0.1,0.4,0.2,0.766666667,0.0,0.133333333,0.0,0.0,0.666666667,0.133333333,0.133333333,0.0,0.0,0.066666667,0.0,0.066666667,0.1,0.5,0.0,0.0,0.5,0.133333333,0.0,0.066666667,0.166666667,0.1,0.166666667,0.033333333,0.433333333,0.1,1.433333333,0.666666667,0.366666667,0.1,0.666666667,0.5,0.366666667,0.533333333,0.166666667,0.066666667,0.333333333,0.133333333,0.0,0.4,0.233333333,0.433333333,0.6740384697914124,0.4001067578792572,0.5633481740951538,0.2974569797515869,0.3902881443500519,0.16327865421772003,0.48022836446762085,0.17530269920825958,0.7332901954650879,0.20652835071086884,0.27405962347984314,0.21036513149738312,0.05655907467007637,0.9079051613807678,0.1834547370672226,0.20414972305297852,0.2278670221567154,0.041237857192754745,0.052061527967453,0.1716846376657486,0.5254441499710083,0.09170809388160706,0.29789450764656067,0.10890374332666397,0.04439053684473038,0.25398948788642883,0.08705522119998932,0.07469187676906586,0.10870648175477982,0.25631627440452576,0.2341116964817047,0.07362724840641022,0.20519095659255981,0.35983240604400635,0.1104625016450882,0.5719400644302368,0.1562882959842682,0.06379365175962448,0.0396733358502388,0.1268996000289917,0.17629119753837585,0.1800386756658554,0.11152112483978271,0.24672876298427582,0.17651161551475525,0.2657184898853302,0.12564803659915924,0.18260793387889862,0.2206021249294281,0.1508251428604126,0.11036905646324158
AM104,0.366666667,0.1,0.566666667,1.233333333,0.5,0.233333333,0.166666667,0.4,0.5,0.0,0.1,0.0,0.0,1.566666667,0.433333333,0.2,0.7,0.233333333,0.366666667,0.5,0.0,0.166666667,0.1,0.1,0.0,0.0,0.0,0.033333333,0.0,0.333333333,0.3,0.3,0.533333333,0.066666667,0.033333333,0.566666667,0.066666667,0.1,0.1,0.333333333,0.233333333,0.066666667,0.033333333,0.066666667,0.633333333,0.066666667,0.066666667,0.0,0.0,0.133333333,0.166666667,0.3110114634037018,0.15094198286533356,0.5574737787246704,0.313615620136261,0.3612886667251587,0.18050158023834229,0.5939397215843201,0.4135130047798157,0.7039616703987122,0.18775933980941772,0.228574737906456,0.18525756895542145,0.036827653646469116,1.3040168285369873,0.2696978449821472,0.4113658368587494,0.2202746719121933,0.1027715876698494,0.029560938477516174,0.31697073578834534,0.17184312641620636,0.08401153981685638,0.1820475310087204,0.1036054715514183,0.04254445806145668,0.18984553217887878,0.09236036241054535,0.04433175548911095,0.1640525460243225,0.2311384081840515,0.23813144862651825,0.1615595668554306,0.2111455649137497,0.12108857184648514,0.045570772141218185,0.694487988948822,0.13538596034049988,0.06379365175962448,0.03531073033809662,0.16179156303405762,0.17760255932807922,0.17646417021751404,0.07101204246282578,0.25422170758247375,0.2971453368663788,0.2165050208568573,0.12711989879608154,0.14532588422298431,0.22203592956066132,0.13503648340702057,0.11099588871002197
AM414,0.766666667,0.0,1.533333333,0.333333333,1.033333333,0.866666667,0.866666667,0.266666667,0.633333333,0.4,0.433333333,0.0,0.166666667,0.866666667,0.066666667,0.166666667,0.233333333,0.0,0.033333333,0.0,0.0,0.0,0.0,0.0,0.0,0.0,0.0,0.0,0.0,0.2,0.433333333,0.066666667,0.333333333,0.4,0.033333333,0.833333333,0.133333333,0.0,0.1,0.066666667,0.033333333,0.066666667,0.133333333,0.033333333,0.5,0.733333333,0.166666667,0.333333333,0.0,0.133333333,0.433333333,0.4181593656539917,0.15160585939884186,0.4462640881538391,0.2797548174858093,0.36137229204177856,0.19427315890789032,0.7821190357208252,0.2612302303314209,0.8997575640678406,0.18831990659236908,0.3187890946865082,0.29943037033081055,0.0678078830242157,1.2702934741973877,0.20708219707012177,0.29490986466407776,0.21614117920398712,0.062104731798172,0.022822007536888123,0.1412406712770462,0.1329682320356369,0.08456166088581085,0.15255779027938843,0.10370897501707077,0.049237508326768875,0.1932254582643509,0.0901721641421318,0.07537048310041428,0.13616006076335907,0.2367573231458664,0.2341880202293396,0.08584032952785492,0.20750336349010468,0.12075325846672058,0.03418803960084915,0.5251069068908691,0.14645354449748993,0.06379365175962448,0.04308178275823593,0.04141412675380707,0.1770768165588379,0.178590327501297,0.06448802351951599,0.2592874765396118,0.2484274059534073,0.2363380342721939,0.12917517125606537,0.19462765753269196,0.21819910407066345,0.12179647386074066,0.11036905646324158
AM435,0.4,0.0,1.1,1.433333333,0.833333333,0.433333333,0.2,0.566666667,0.833333333,0.2,0.166666667,0.066666667,0.0,1.466666667,0.433333333,0.633333333,0.433333333,0.166666667,0.1,0.2,0.0,0.066666667,0.166666667,0.066666667,0.0,0.0,0.0,0.0,0.0,0.3,0.3,0.2,0.166666667,0.233333333,0.0,0.733333333,0.033333333,0.0,0.0,0.0,0.533333333,0.066666667,0.0,0.266666667,0.933333333,0.666666667,0.133333333,0.566666667,0.166666667,0.2,0.166666667,0.4210909307003021,0.15160585939884186,0.4095269739627838,0.2988399863243103,0.32855260372161865,0.20859874784946442,0.5235055685043335,0.37755969166755676,0.7851431369781494,0.19008907675743103,0.19331425428390503,0.27548864483833313,0.09649242460727692,1.268362045288086,0.19459077715873718,0.3497767746448517,0.2113376408815384,0.0728284940123558,0.03662679344415665,0.21986106038093567,0.2569553852081299,0.08779828250408173,0.1403658241033554,0.10233716666698456,0.03254752233624458,0.19417381286621094,0.08114930987358093,0.05263989046216011,0.053558990359306335,0.2228887379169464,0.23888857662677765,0.03863516077399254,0.2086935043334961,0.08615021407604218,0.016622791066765785,0.41390740871429443,0.14623762667179108,0.06379365175962448,0.027225127443671227,0.03699778392910957,0.17453595995903015,0.16405577957630157,0.05758408084511757,0.27208083868026733,0.2672910988330841,0.2705085575580597,0.11485785990953445,0.3377555310726166,0.21701817214488983,0.1375006139278412,0.11036905646324158
AM518,0.4,0.0,0.666666667,1.5,0.633333333,0.433333333,0.333333333,0.4,0.2,0.066666667,0.0,0.0,0.0,1.066666667,0.3,0.566666667,0.1,0.233333333,0.2,0.166666667,0.266666667,0.0,0.233333333,0.0,0.1,0.3,0.133333333,0.0,0.0,0.133333333,0.2,0.0,0.0,0.1,0.0,0.3,0.0,0.0,0.0,0.0,0.2,0.0,0.0,0.166666667,0.8,0.066666667,0.0,0.266666667,0.366666667,0.066666667,0.133333333,0.2549232542514801,0.15621721744537354,0.48702123761177063,0.4615069627761841,0.3227587044239044,0.20247416198253632,0.38463112711906433,0.3156564235687256,0.6343325972557068,0.18699412047863007,0.1827813684940338,0.2843422293663025,0.050764743238687515,1.2845968008041382,0.4004266858100891,0.46976932883262634,0.2367907464504242,0.10515909641981125,0.04044095799326897,0.18435297906398773,0.21960139274597168,0.09014776349067688,0.17411793768405914,0.10099069029092789,0.04145187512040138,0.1384018212556839,0.07811250537633896,0.03868997097015381,0.03827834129333496,0.21429193019866943,0.23488835990428925,0.11963370442390442,0.21664267778396606,0.05361727625131607,0.02478952892124653,0.45964378118515015,0.1742805540561676,0.0639989897608757,0.026481913402676582,0.0942939966917038,0.17664524912834167,0.17560002207756042,0.054911866784095764,0.32773998379707336,0.4094622731208801,0.28531524538993835,0.12606292963027954,0.42837339639663696,0.21973904967308044,0.14005807042121887,0.11036905646324158
AM911,0.666666667,0.0,0.466666667,0.033333333,0.633333333,0.1,0.433333333,0.266666667,0.2,0.066666667,0.0,0.0,0.0,0.633333333,0.133333333,0.133333333,0.0,0.0,0.066666667,1.333333333,1.5,0.533333333,0.6,0.066666667,0.0,0.0,0.0,0.2,0.2,0.366666667,0.133333333,0.266666667,0.433333333,0.733333333,0.1,0.6,0.033333333,0.0,0.033333333,0.0,0.066666667,0.0,0.166666667,0.033333333,0.066666667,0.066666667,0.2,0.066666667,0.066666667,0.0,0.066666667,0.4252566993236542,0.15568265318870544,0.5792917013168335,0.2894548177719116,0.3446580469608307,0.17764104902744293,0.7197111248970032,0.39144912362098694,0.791910707950592,0.18757395446300507,0.2549068033695221,0.3852563798427582,0.08800715953111649,1.1760063171386719,0.31002703309059143,0.2843237817287445,0.22585156559944153,0.08150611817836761,0.05988888069987297,0.2683514654636383,0.2937779128551483,0.10299408435821533,0.2175096869468689,0.11609452217817307,0.05098766088485718,0.20581842958927155,0.09767023473978043,0.06396494060754776,0.26645782589912415,0.2621350884437561,0.23907342553138733,0.21204999089241028,0.2601886987686157,0.25267064571380615,0.050053082406520844,0.5983892679214478,0.15131178498268127,0.06379365175962448,0.055404018610715866,0.2823279798030853,0.17879769206047058,0.17105476558208466,0.09872465580701828,0.2675657570362091,0.17512863874435425,0.20707575976848602,0.12694545090198517,0.3055972158908844,0.2192016988992691,0.1461763083934784,0.1101328432559967
AM969,0.366666667,0.0,0.533333333,0.133333333,0.133333333,0.2,0.333333333,0.4,0.3,0.066666667,0.0,0.0,0.0,0.733333333,0.4,0.3,0.5,0.2,0.166666667,0.7,0.233333333,1.066666667,0.166666667,0.366666667,0.0,0.0,0.266666667,0.033333333,1.1,0.266666667,0.3,0.233333333,1.566666667,0.2,0.3,0.466666667,0.033333333,0.0,0.033333333,0.1,0.1,0.0,0.0,0.0,0.3,0.233333333,0.166666667,0.166666667,0.0,0.0,0.033333333,0.42018595337867737,0.1548316925764084,0.5611910223960876,0.26067861914634705,0.36518415808677673,0.18051864206790924,0.6185251474380493,0.42677053809165955,0.8109694719314575,0.18813452124595642,0.32341432571411133,0.2626483738422394,0.046261295676231384,1.2798521518707275,0.26947882771492004,0.2883676290512085,0.22543422877788544,0.16811420023441315,0.0635739266872406,0.2938894033432007,0.26488983631134033,0.1092449277639389,0.23242710530757904,0.10540342330932617,0.045102525502443314,0.21036483347415924,0.10995836555957794,0.05890805274248123,0.28058311343193054,0.2674589455127716,0.23907342553138733,0.1852778047323227,0.3226732313632965,0.17771734297275543,0.03572547063231468,0.49077486991882324,0.14365485310554504,0.06379365175962448,0.038250163197517395,0.21103832125663757,0.17615896463394165,0.1766587793827057,0.08833244442939758,0.26546987891197205,0.18164053559303284,0.20004713535308838,0.12030693888664246,0.20538045465946198,0.21819910407066345,0.1470329314470291,0.1101328432559967
AN176,0.766666667,0.266666667,0.4,0.266666667,0.9,0.2,0.5,0.5,0.933333333,0.333333333,0.1,0.266666667,0.0,1.7,0.5,0.5,0.566666667,0.333333333,0.1,0.0,0.0,0.0,0.133333333,0.1,0.0,0.433333333,0.133333333,0.0,0.0,0.133333333,0.1,0.0,0.0,0.133333333,0.066666667,0.466666667,0.0,0.0,0.0,0.0,0.366666667,0.133333333,0.0,0.1,0.066666667,0.066666667,0.0,0.533333333,0.366666667,0.0,0.1,0.2727254629135132,0.15094198286533356,0.3919030725955963,0.2656727433204651,0.3038155734539032,0.12024231255054474,0.32217755913734436,0.35844677686691284,0.7014756798744202,0.18775933980941772,0.13261309266090393,0.38527315855026245,0.0629974752664566,1.3733762502670288,0.4846443831920624,0.45004740357398987,0.3543839752674103,0.17004086077213287,0.11072894930839539,0.5080004334449768,0.46722412109375,0.1134890466928482,0.30957138538360596,0.13081151247024536,0.04137915000319481,0.26982542872428894,0.09493616968393326,0.12428885698318481,0.10108575224876404,0.22688810527324677,0.2344816029071808,0.16043144464492798,0.25701460242271423,0.25516796112060547,0.05461519584059715,0.43330851197242737,0.1591251790523529,0.06438794732093811,0.03334712237119675,0.13026893138885498,0.17397229373455048,0.171145960688591,0.07634146511554718,0.3523356318473816,0.21906504034996033,0.20093651115894318,0.10594450682401657,0.3971360921859741,0.21701817214488983,0.11279553920030594,0.11076510697603226
AO074,0.633333333,0.0,0.8,0.566666667,0.5,0.233333333,0.433333333,0.566666667,0.533333333,0.066666667,0.1,0.233333333,0.0,1.0,0.266666667,0.2,0.133333333,0.033333333,0.066666667,1.2,1.933333333,0.133333333,1.066666667,0.0,0.066666667,0.066666667,0.133333333,0.066666667,0.166666667,0.2,0.0,0.0,0.0,0.433333333,0.0,0.966666667,0.166666667,0.0,0.0,0.133333333,0.1,0.066666667,0.0,0.366666667,0.1,0.033333333,0.2,0.0,0.1,0.166666667,0.0,0.3530467748641968,0.15094198286533356,0.3985898792743683,0.24188777804374695,0.3320983052253723,0.1392180174589157,0.3207031786441803,0.3890519440174103,0.6916553974151611,0.18775933980941772,0.12113876640796661,0.27494320273399353,0.08114761114120483,1.365790843963623,0.39845436811447144,0.39939767122268677,0.23145854473114014,0.16298411786556244,0.043866269290447235,0.5433533787727356,0.37536492943763733,0.09614896029233932,0.241507425904274,0.09874622523784637,0.031916894018650055,0.2329672873020172,0.08270909637212753,0.06422901898622513,0.08519402146339417,0.2222718447446823,0.2338200807571411,0.05202990397810936,0.2151881754398346,0.19554093480110168,0.021290240809321404,0.4975498914718628,0.14863522350788116,0.06418260931968689,0.0286262147128582,0.12487674504518509,0.1725158989429474,0.17690299451351166,0.06792928278446198,0.2635495066642761,0.2045159935951233,0.2723549008369446,0.10339638590812683,0.3784412145614624,0.21701817214488983,0.1227409765124321,0.11036905646324158
AO486,0.666666667,0.2,0.566666667,0.333333333,0.133333333,0.2,0.9,0.533333333,1.733333333,0.133333333,0.966666667,0.633333333,0.766666667,2.3,0.4,0.233333333,0.133333333,0.066666667,0.0,0.333333333,0.333333333,0.0,0.0,0.433333333,0.033333333,1.2,0.0,0.5,0.0,0.166666667,0.1,0.0,0.433333333,0.0,0.0,0.366666667,0.0,0.0,0.0,0.0,0.066666667,0.1,0.0,0.1,0.133333333,0.166666667,0.066666667,0.1,0.266666667,0.3,0.0,0.3708745241165161,0.15094198286533356,0.4580248296260834,0.6005149483680725,0.33818721771240234,0.1931176632642746,0.42119041085243225,0.39924588799476624,0.8145407438278198,0.18757395446300507,0.2749170660972595,0.20462486147880554,0.1286507248878479,1.2617193460464478,0.43491530418395996,0.3386053144931793,0.22205378115177155,0.12685230374336243,0.05441676080226898,0.2867034077644348,0.24852518737316132,0.12055519968271255,0.18739721179008484,0.13181385397911072,0.05763121694326401,0.5152276754379272,0.08131581544876099,0.0744590237736702,0.03646252304315567,0.21309511363506317,0.2344816029071808,0.09912160038948059,0.3299732506275177,0.1842528134584427,0.02539462223649025,0.38569584488868713,0.1500280350446701,0.07597795128822327,0.03139776736497879,0.06383044272661209,0.17802277207374573,0.18089696764945984,0.07355932146310806,0.3577059805393219,0.3589105010032654,0.35255956649780273,0.1188303604722023,0.3073556423187256,0.22177255153656006,0.13109490275382996,0.11036905646324158
AO762,0.2,0.0,0.233333333,0.233333333,0.233333333,0.166666667,0.6,0.566666667,0.433333333,0.2,0.2,0.166666667,0.0,1.3,0.4,0.566666667,0.733333333,0.1,0.066666667,0.1,0.166666667,0.0,0.1,0.0,0.0,0.166666667,0.1,0.0,0.0,0.133333333,0.166666667,0.0,0.0,0.133333333,0.0,0.233333333,0.533333333,0.0,0.0,0.0,0.2,0.233333333,0.0,0.2,0.166666667,0.566666667,0.333333333,2.1,0.233333333,0.2,0.033333333,0.33648908138275146,0.15154866874217987,0.42338183522224426,0.40362071990966797,0.36620721220970154,0.18543443083763123,0.3262666165828705,0.3690930902957916,0.623077392578125,0.18757395446300507,0.14171534776687622,0.30269819498062134,0.04125165566802025,1.2622219324111938,0.47763651609420776,0.40798085927963257,0.23603446781635284,0.3039996027946472,0.1284334510564804,0.4905783236026764,0.4954439401626587,0.1482551544904709,0.2831284701824188,0.14868496358394623,0.04480927810072899,0.22733880579471588,0.09829823672771454,0.07372436672449112,0.1325242519378662,0.2676517963409424,0.23813144862651825,0.20950089395046234,0.2906751334667206,0.27726051211357117,0.04337521642446518,0.454867959022522,0.15834659337997437,0.06713305413722992,0.034051284193992615,0.14658504724502563,0.17900094389915466,0.19381822645664215,0.10744459927082062,0.3056897819042206,0.3074350655078888,0.3330337107181549,0.14912156760692596,0.6557105779647827,0.21701817214488983,0.2192310392856598,0.11010681092739105
AO865,0.8,0.0,1.066666667,0.5,0.766666667,0.466666667,2.0,0.633333333,0.6,0.166666667,0.2,0.4,0.166666667,1.5,0.366666667,0.4,0.6,0.0,0.133333333,0.066666667,0.3,0.0,0.0,0.066666667,0.0,0.066666667,0.066666667,0.0,0.0,0.233333333,0.566666667,0.0,0.066666667,0.533333333,0.0,0.4,0.033333333,0.0,0.0,0.1,0.1,0.466666667,0.033333333,0.433333333,0.2,0.066666667,0.266666667,0.3,0.333333333,0.333333333,0.066666667,0.3261060118675232,0.15094198286533356,0.41182929277420044,0.27335023880004883,0.32080116868019104,0.15326440334320068,0.3588898181915283,0.351236492395401,0.7646791338920593,0.18775933980941772,0.1727689504623413,0.2845408022403717,0.05844045430421829,1.3218697309494019,0.4255785346031189,0.3455051779747009,0.22966431081295013,0.14956754446029663,0.057254377752542496,0.4569511115550995,0.38863542675971985,0.09303417801856995,0.23929263651371002,0.11160942167043686,0.03917040303349495,0.2144186943769455,0.0857107862830162,0.06454551964998245,0.10885534435510635,0.22142261266708374,0.23888857662677765,0.09206763654947281,0.21952074766159058,0.12039888650178909,0.03939228504896164,0.3752540647983551,0.15333692729473114,0.06418260931968689,0.03071153163909912,0.13989143073558807,0.17510458827018738,0.17337054014205933,0.06602974981069565,0.2579578459262848,0.21717607975006104,0.2440437227487564,0.10384581983089447,0.32937684655189514,0.21701817214488983,0.13540072739124298,0.11036905646324158
AP145,0.366666667,0.0,0.4,1.9,0.533333333,0.433333333,0.666666667,0.4,1.0,0.2,0.066666667,0.0,0.066666667,1.933333333,0.6,0.566666667,0.5,0.166666667,0.0,0.033333333,0.133333333,0.0,0.066666667,0.066666667,0.1,0.466666667,0.133333333,0.0,0.0,0.033333333,0.033333333,0.033333333,0.1,0.233333333,0.066666667,0.133333333,0.1,0.0,0.0,0.033333333,0.433333333,0.433333333,0.166666667,0.266666667,1.066666667,0.3,0.266666667,0.4,0.433333333,0.2,0.033333333,0.3423457443714142,0.16853375732898712,0.4442058205604553,0.6315375566482544,0.32284778356552124,0.20638680458068848,0.4502919912338257,0.31135568022727966,0.7012612819671631,0.19288162887096405,0.20528067648410797,0.2848687469959259,0.056408897042274475,1.2817354202270508,0.2775910794734955,0.3122694790363312,0.2168939709663391,0.05294186249375343,0.032567571848630905,0.3727244734764099,0.41616562008857727,0.1118931993842125,0.20667630434036255,0.13107788562774658,0.05189637094736099,0.1297490894794464,0.14254039525985718,0.0990162342786789,0.13780508935451508,0.24916929006576538,0.2349390983581543,0.11194472014904022,0.22812579572200775,0.15489153563976288,0.05954282730817795,0.405517041683197,0.14331012964248657,0.07365532219409943,0.04445228725671768,0.2373989224433899,0.17379185557365417,0.19183704257011414,0.07914231717586517,0.26464584469795227,0.4217950701713562,0.33739835023880005,0.11015082895755768,0.31624147295951843,0.21836979687213898,0.13138173520565033,0.11099588871002197
AP432,0.466666667,0.0,0.966666667,0.133333333,0.7,0.233333333,0.0,0.0,0.0,0.0,0.0,0.0,0.0,0.333333333,0.2,0.0,0.2,0.233333333,0.566666667,0.4,0.433333333,0.666666667,0.166666667,0.266666667,0.0,0.366666667,0.133333333,0.0,0.1,0.233333333,0.2,0.366666667,1.466666667,0.666666667,0.4,1.033333333,0.2,0.0,0.066666667,0.166666667,1.6,0.233333333,0.3,0.333333333,0.233333333,0.066666667,0.066666667,0.233333333,0.533333333,0.533333333,0.133333333,0.37771061062812805,0.15094198286533356,0.42978042364120483,0.2505897879600525,0.35651251673698425,0.14545458555221558,0.1630955934524536,0.22985151410102844,0.23352400958538055,0.18699412047863007,0.037330057471990585,0.1336982101202011,0.021827232092618942,0.7333245873451233,0.25282713770866394,0.24244467914104462,0.22843137383460999,0.2705174386501312,0.07048211246728897,0.3922077715396881,0.4146280586719513,0.13055160641670227,0.21033340692520142,0.10359137505292892,0.033799320459365845,0.15554259717464447,0.07640216499567032,0.034026190638542175,0.06968789547681808,0.22964182496070862,0.2344816029071808,0.12969791889190674,0.353534460067749,0.29501330852508545,0.0471544973552227,0.6006812453269958,0.1404251754283905,0.06438794732093811,0.027719441801309586,0.08128684014081955,0.17978394031524658,0.18161749839782715,0.06814469397068024,0.2944341003894806,0.18651464581489563,0.2007250189781189,0.12211886793375015,0.22466547787189484,0.2192016988992691,0.12302032113075256,0.11010681092739105
AP521,1.4,0.8,0.833333333,0.266666667,0.9,0.3,0.866666667,0.5,1.366666667,0.0,0.766666667,0.466666667,0.2,1.433333333,0.4,0.4,0.2,0.0,0.0,0.066666667,0.2,0.0,0.266666667,0.0,0.0,0.066666667,0.066666667,0.0,0.1,0.266666667,0.0,0.0,0.133333333,0.5,0.0,0.533333333,0.0,0.0,0.0,0.0,0.233333333,0.033333333,0.066666667,0.0,0.233333333,0.066666667,0.0,0.0,0.366666667,0.366666667,0.0,0.49283599853515625,0.15094198286533356,0.5185291171073914,0.2901630699634552,0.3064061105251312,0.20998215675354004,0.5305286049842834,0.4317787289619446,0.9718173146247864,0.18775933980941772,0.3108634650707245,0.2371210753917694,0.10684114694595337,1.2422151565551758,0.3834649622440338,0.31168800592422485,0.2190074622631073,0.08725691586732864,0.027612600475549698,0.31379133462905884,0.23657450079917908,0.08852086961269379,0.1805686503648758,0.09787429124116898,0.02778184972703457,0.15897053480148315,0.07809066027402878,0.05077831447124481,0.066764235496521,0.20366600155830383,0.2338200807571411,0.028600694611668587,0.19953151047229767,0.08339140564203262,0.030777474865317345,0.5943487286567688,0.13219024240970612,0.06379365175962448,0.02669709362089634,0.04310014098882675,0.17370620369911194,0.17952261865139008,0.053615037351846695,0.2693087160587311,0.22196698188781738,0.16872628033161163,0.1200786903500557,0.23525860905647278,0.2192016988992691,0.14057296514511108,0.11036905646324158
AP563,1.333333333,0.9,0.7,0.366666667,0.333333333,0.266666667,0.733333333,0.333333333,1.433333333,0.033333333,0.966666667,0.233333333,0.3,1.9,0.5,0.466666667,0.166666667,0.0,0.0,0.166666667,0.466666667,0.066666667,0.0,0.066666667,0.0,0.133333333,0.133333333,0.0,0.0,0.066666667,0.066666667,0.0,0.0,0.066666667,0.0,0.533333333,0.0,0.0,0.0,0.0,0.366666667,0.166666667,0.233333333,0.133333333,0.2,0.0,0.1,0.066666667,0.466666667,0.266666667,0.066666667,0.441915899515152,0.2078801542520523,0.5579140186309814,0.27669623494148254,0.3262040317058563,0.1625146120786667,0.579723596572876,0.26992958784103394,0.745266318321228,0.18831990659236908,0.3139369785785675,0.2441663295030594,0.07825513184070587,1.167891502380371,0.21494480967521667,0.2819712460041046,0.2156645953655243,0.06023146212100983,0.028019646182656288,0.14090947806835175,0.19306758046150208,0.08557005226612091,0.18359965085983276,0.10061249881982803,0.03602055832743645,0.14207689464092255,0.07786951959133148,0.05902431532740593,0.05160355195403099,0.22820352017879486,0.23620939254760742,0.033103689551353455,0.20033204555511475,0.12473493814468384,0.03323474898934364,0.5951559543609619,0.13766682147979736,0.06379365175962448,0.02616204507648945,0.03907057270407677,0.17370620369911194,0.18116478621959686,0.05433009937405586,0.25750046968460083,0.2399512082338333,0.20970433950424194,0.1341603547334671,0.18866337835788727,0.22227752208709717,0.18073473870754242,0.11036905646324158
AP571,0.733333333,0.7,0.9,0.533333333,0.633333333,0.166666667,0.633333333,1.033333333,0.7,0.0,0.266666667,0.166666667,0.1,1.133333333,0.3,0.433333333,0.166666667,0.0,0.0,0.233333333,0.233333333,0.0,0.0,0.266666667,0.0,0.466666667,0.0,0.066666667,0.0,0.133333333,0.0,0.0,0.0,0.6,0.0,1.033333333,0.0,0.0,0.0,0.0,0.166666667,0.133333333,0.3,0.633333333,0.8,0.666666667,0.4,0.2,0.233333333,0.7,0.333333333,0.43258240818977356,0.23253491520881653,0.575202226638794,0.4327353537082672,0.3424430787563324,0.23625224828720093,0.9107505083084106,0.491853803396225,0.5910491347312927,0.18757395446300507,0.24893976747989655,0.17483961582183838,0.05114014819264412,1.2361394166946411,0.25827401876449585,0.27829816937446594,0.23801904916763306,0.05557870864868164,0.04623501002788544,0.2227463573217392,0.34624984860420227,0.0914861336350441,0.2142748087644577,0.11578591167926788,0.051379457116127014,0.2315201312303543,0.0901629626750946,0.05779847502708435,0.07766054570674896,0.24195042252540588,0.2370486706495285,0.03980473428964615,0.2089906483888626,0.3206306993961334,0.03268090635538101,0.44340384006500244,0.14090128242969513,0.06418260931968689,0.04466279596090317,0.12398310750722885,0.1758296638727188,0.17345203459262848,0.0933891162276268,0.2686295807361603,0.27061328291893005,0.23789402842521667,0.1425212323665619,0.2450772523880005,0.21702533960342407,0.16461928188800812,0.11258946359157562
AP591,0.8,1.533333333,0.533333333,0.233333333,0.6,0.166666667,0.866666667,0.6,1.833333333,0.066666667,0.266666667,0.766666667,0.3,1.7,0.166666667,0.166666667,0.0,0.0,0.0,0.3,0.366666667,0.166666667,0.1,0.066666667,0.066666667,0.266666667,0.166666667,0.033333333,0.0,0.266666667,0.1,0.0,0.166666667,0.1,0.066666667,0.166666667,0.0,0.0,0.066666667,0.0,0.233333333,0.2,0.133333333,0.3,0.1,0.1,0.166666667,0.066666667,0.466666667,0.3,0.066666667,0.40442967414855957,0.15179294347763062,0.4251568913459778,0.256104975938797,0.3291076123714447,0.13583515584468842,0.3956431448459625,0.1485394388437271,1.0318375825881958,0.18775933980941772,0.3182864189147949,0.19694006443023682,0.0550852008163929,1.282939076423645,0.24904374778270721,0.25914764404296875,0.22009453177452087,0.04873771220445633,0.03347225487232208,0.1683022826910019,0.1388949453830719,0.08859793096780777,0.19394688308238983,0.09690242260694504,0.03275797516107559,0.11595141142606735,0.07844549417495728,0.04414252191781998,0.08479855954647064,0.23054660856723785,0.2338200807571411,0.05168519914150238,0.2025381326675415,0.1454901397228241,0.049264319241046906,0.5533539056777954,0.14003723859786987,0.06418260931968689,0.02778489701449871,0.07004337757825851,0.17279741168022156,0.1905878186225891,0.055353470146656036,0.24630768597126007,0.228881374001503,0.1790355145931244,0.10849382728338242,0.20949409902095795,0.22177255153656006,0.16371138393878937,0.11036905646324158
AP691,0.6,0.333333333,0.233333333,0.6,0.433333333,0.166666667,0.466666667,0.4,1.133333333,0.466666667,0.4,0.833333333,0.433333333,2.2,0.866666667,0.3,0.166666667,0.166666667,0.2,0.266666667,0.6,0.233333333,0.0,0.7,0.3,1.666666667,0.2,0.4,0.0,0.066666667,0.166666667,0.0,0.0,0.0,0.0,0.366666667,0.2,0.0,0.0,0.0,0.2,0.266666667,0.1,0.233333333,0.666666667,0.2,0.2,0.133333333,0.233333333,0.0,0.0,0.3969452679157257,0.17328567802906036,0.4332807660102844,0.5273880958557129,0.34651482105255127,0.2005213499069214,0.34264880418777466,0.2749207615852356,0.6713966131210327,0.18757395446300507,0.18778012692928314,0.202681764960289,0.07971612364053726,1.310097336769104,0.42479339241981506,0.37343984842300415,0.21630461513996124,0.10477876663208008,0.05266836658120155,0.3497406542301178,0.3444789946079254,0.10212001204490662,0.20913578569889069,0.11743059754371643,0.050775494426488876,0.36570361256599426,0.08314363658428192,0.06895031034946442,0.08656422793865204,0.21148614585399628,0.2344816029071808,0.09740708023309708,0.23027406632900238,0.2505011558532715,0.03190770000219345,0.41595879197120667,0.13835425674915314,0.06418260931968689,0.03315995633602142,0.10790395736694336,0.1754876673221588,0.19459669291973114,0.06378630548715591,0.290979266166687,0.28711262345314026,0.21098700165748596,0.11084967106580734,0.25205138325691223,0.2245991826057434,0.13438688218593597,0.11010681092739105
AP734,0.6,0.033333333,0.833333333,0.266666667,0.7,0.266666667,1.066666667,0.233333333,0.1,0.0,0.0,0.0,0.0,0.766666667,0.333333333,0.2,0.3,0.266666667,0.066666667,0.533333333,0.566666667,0.066666667,0.266666667,0.066666667,0.0,0.266666667,0.0,0.2,0.0,0.3,0.066666667,0.066666667,0.433333333,0.433333333,0.133333333,1.033333333,0.0,0.0,0.0,0.0,0.7,0.333333333,0.566666667,0.133333333,0.433333333,0.166666667,0.5,0.4,0.466666667,0.433333333,0.0,0.4334363639354706,0.15303899347782135,0.6101820468902588,0.3221196234226227,0.3548496961593628,0.24632708728313446,0.5230873823165894,0.35723748803138733,0.5074324011802673,0.18757395446300507,0.0930735394358635,0.16078364849090576,0.0429210402071476,1.1227351427078247,0.2851387560367584,0.2903138995170593,0.23541656136512756,0.11796143651008606,0.08417811244726181,0.2932082414627075,0.4007595181465149,0.10128573328256607,0.22229044139385223,0.11640691012144089,0.05961532145738602,0.23502685129642487,0.08233387768268585,0.06999161839485168,0.10697747021913528,0.23347744345664978,0.2344816029071808,0.07434725016355515,0.2189779281616211,0.2627035677433014,0.023294003680348396,0.5103150010108948,0.14815601706504822,0.06413617730140686,0.030248619616031647,0.05487274378538132,0.1816081404685974,0.18330934643745422,0.07360640168190002,0.31459298729896545,0.2964995205402374,0.19878268241882324,0.13322052359580994,0.24441023170948029,0.2206021249294281,0.1719762086868286,0.1101328432559967
AP781,0.4,0.1,0.433333333,0.0,0.233333333,0.066666667,0.066666667,0.166666667,0.2,0.066666667,0.0,0.266666667,0.133333333,0.566666667,0.066666667,0.0,0.066666667,0.066666667,0.1,1.566666667,1.666666667,0.466666667,0.366666667,0.466666667,0.0,0.333333333,0.5,0.533333333,0.866666667,0.566666667,0.233333333,0.3,1.833333333,0.2,0.133333333,0.533333333,0.233333333,0.033333333,0.266666667,0.2,0.0,0.033333333,0.133333333,0.033333333,0.0,0.2,0.133333333,0.1,0.066666667,0.1,0.0,0.24919714033603668,0.15239962935447693,0.3284793496131897,0.25237634778022766,0.2849680185317993,0.12144379317760468,0.2519690692424774,0.06850185990333557,0.5576066374778748,0.18775933980941772,0.1328095942735672,0.20944750308990479,0.03989962115883827,0.515125572681427,0.1510835736989975,0.09545121341943741,0.2026287168264389,0.0934479609131813,0.03549642115831375,0.49593019485473633,0.281032919883728,0.15857867896556854,0.21278530359268188,0.12726882100105286,0.033462271094322205,0.1260073333978653,0.08469099551439285,0.10759849101305008,0.15242208540439606,0.2596646547317505,0.23620939254760742,0.2248823493719101,0.5126588940620422,0.1286318153142929,0.08266421407461166,0.2788691520690918,0.1644018441438675,0.06418260931968689,0.037790507078170776,0.1743776798248291,0.17490670084953308,0.17524120211601257,0.073204904794693,0.25397443771362305,0.20838476717472076,0.2403227984905243,0.10212066769599915,0.18971896171569824,0.21888631582260132,0.09896424412727356,0.11036905646324158
AP854,0.566666667,0.933333333,0.8,0.0,0.6,0.333333333,0.233333333,0.1,0.266666667,0.0,0.0,0.0,0.1,0.466666667,0.3,0.133333333,0.166666667,0.166666667,0.0,1.4,2.433333333,0.266666667,1.366666667,0.566666667,0.0,0.533333333,0.1,0.133333333,0.1,0.166666667,0.333333333,0.0,0.033333333,0.333333333,0.133333333,0.7,0.0,0.066666667,0.0,0.066666667,0.333333333,0.033333333,0.366666667,0.0,0.033333333,0.0,0.0,0.166666667,0.466666667,0.1,0.0,0.45424482226371765,0.3128565549850464,0.4525817036628723,0.29550987482070923,0.34402230381965637,0.14615049958229065,0.23178979754447937,0.32721710205078125,0.504366934299469,0.18831990659236908,0.1711427867412567,0.15436528623104095,0.07019057124853134,1.098375678062439,0.1925567090511322,0.21646295487880707,0.21810445189476013,0.10761723667383194,0.02429838292300701,0.3024068772792816,0.4886884391307831,0.08953066170215607,0.20543256402015686,0.11290568858385086,0.041303228586912155,0.14197146892547607,0.07882486283779144,0.042641669511795044,0.05988425016403198,0.219375342130661,0.2338200807571411,0.0250147245824337,0.20152197778224945,0.08069831877946854,0.04512196034193039,0.41707170009613037,0.13005796074867249,0.0639989897608757,0.033413320779800415,0.08790962398052216,0.17271175980567932,0.1637619435787201,0.053486309945583344,0.25273382663726807,0.3015221953392029,0.13558359444141388,0.12009705603122711,0.04708382859826088,0.21819910407066345,0.1422743946313858,0.11036905646324158
AQ778,1.066666667,0.133333333,1.166666667,0.333333333,1.033333333,0.6,0.866666667,0.0,0.8,0.766666667,0.333333333,0.1,0.0,0.966666667,0.433333333,0.333333333,0.3,0.066666667,0.233333333,0.0,0.2,0.0,0.1,0.0,0.1,0.1,0.0,0.0,0.0,0.5,0.266666667,0.033333333,0.1,0.566666667,0.0,0.633333333,0.1,0.0,0.133333333,0.066666667,0.3,0.333333333,0.066666667,0.166666667,0.233333333,0.0,0.266666667,0.366666667,0.466666667,0.6,0.233333333,0.7156456708908081,0.15133926272392273,0.45569464564323425,0.318941593170166,0.37728458642959595,0.1576353907585144,0.27216237783432007,0.1410353183746338,0.44317713379859924,0.18699412047863007,0.05927852541208267,0.17037837207317352,0.03585685417056084,0.8238946795463562,0.18567171692848206,0.2384735643863678,0.22020982205867767,0.22323089838027954,0.16146709024906158,0.3628138303756714,0.52903813123703,0.09687436372041702,0.18731069564819336,0.1311146318912506,0.0339888259768486,0.1417866200208664,0.11569107323884964,0.07568764686584473,0.12086892127990723,0.2355624884366989,0.2341880202293396,0.19162900745868683,0.2324920892715454,0.36882391571998596,0.12933477759361267,0.6266533136367798,0.17662109434604645,0.0639989897608757,0.05254965275526047,0.2919800281524658,0.18530502915382385,0.18451932072639465,0.08189067989587784,0.27687355875968933,0.23800578713417053,0.2063366025686264,0.12246342748403549,0.1305112987756729,0.2206021249294281,0.1135266050696373,0.1143634244799614
AQ784,1.066666667,0.233333333,0.633333333,0.233333333,0.366666667,0.3,1.1,0.166666667,1.433333333,0.0,0.9,0.733333333,0.1,1.666666667,0.0,0.1,0.0,0.0,0.066666667,0.0,0.0,0.0,0.0,0.0,0.0,0.233333333,0.0,0.0,0.0,0.2,0.5,0.033333333,0.033333333,0.266666667,0.0,0.7,0.133333333,0.0,0.0,0.0,0.3,0.0,0.1,0.233333333,0.133333333,0.233333333,0.4,0.066666667,0.133333333,0.633333333,0.0,0.27421608567237854,0.2212476283311844,0.3732077479362488,0.2627052962779999,0.3124317526817322,0.13970722258090973,0.3901817500591278,0.1164393201470375,0.7497658133506775,0.18775933980941772,0.23598170280456543,0.29099225997924805,0.09646522253751755,0.9551877975463867,0.13022464513778687,0.2530336380004883,0.21262022852897644,0.16487537324428558,0.06443924456834793,0.49308544397354126,0.3340727984905243,0.16870491206645966,0.5581769943237305,0.1242649108171463,0.05650663748383522,0.25091102719306946,0.12331858277320862,0.14084690809249878,0.22016587853431702,0.2725880742073059,0.23620939254760742,0.34954774379730225,0.4246227443218231,0.17891541123390198,0.13838128745555878,0.3562812805175781,0.1723564863204956,0.06875981390476227,0.03564752638339996,0.2309047281742096,0.17527082562446594,0.1795181781053543,0.08465049415826797,0.31654563546180725,0.3033364415168762,0.31424903869628906,0.11016368120908737,0.32583150267601013,0.22177255153656006,0.1222117617726326,0.11036905646324158
AA232,0.076923077,0.0,0.115384615,0.0,0.0,0.0,0.5,0.5,0.0,0.192307692,0.0,0.0,0.0,0.576923077,0.0,0.0,0.0,0.384615385,0.846153846,0.576923077,0.153846154,0.115384615,0.115384615,0.0,0.0,0.076923077,0.0,0.0,0.230769231,0.153846154,0.115384615,0.269230769,0.192307692,0.230769231,0.346153846,0.0,0.346153846,0.153846154,0.0,0.538461538,0.115384615,0.576923077,0.846153846,0.038461538,0.0,0.384615385,0.192307692,0.0,0.5,0.076923077,0.0,0.36020010709762573,0.2180454134941101,0.48166167736053467,0.33220019936561584,0.3526443541049957,0.20219257473945618,0.6308297514915466,0.4351125955581665,0.31336119771003723,0.18699412047863007,0.1306546926498413,0.17234109342098236,0.06783532351255417,0.9491729736328125,0.2636755406856537,0.30248162150382996,0.22205907106399536,0.1944831758737564,0.3536122441291809,0.22694049775600433,0.5161775946617126,0.11362126469612122,0.1960410177707672,0.10545795410871506,0.04518665373325348,0.2813447415828705,0.2483222633600235,0.09007055312395096,0.1472107172012329,0.23852673172950745,0.2344816029071808,0.12037981301546097,0.23178043961524963,0.23540650308132172,0.06351825594902039,0.5090358853340149,0.14405879378318787,0.06379365175962448,0.03271541744470596,0.21035775542259216,0.17755454778671265,0.23557394742965698,0.10640936344861984,0.34117069840431213,0.279156357049942,0.25490957498550415,0.1960686445236206,0.3681577146053314,0.21819910407066345,0.15936033427715302,0.1143634244799614
AC220,0.0,0.0,0.0,0.0,0.0,0.0,0.111111111,0.0,0.074074074,0.0,0.0,0.0,0.0,0.111111111,0.0,0.0,0.0,0.185185185,0.962962963,1.333333333,0.814814815,0.62962963,0.592592593,0.222222222,0.074074074,0.0,0.185185185,0.555555556,0.814814815,0.481481481,0.592592593,0.296296296,0.37037037,0.185185185,0.148148148,0.074074074,0.185185185,0.0,0.0,0.814814815,0.111111111,0.074074074,0.444444444,0.0,0.0,0.0,0.0,0.111111111,0.0,0.0,0.0,0.5605262517929077,0.1908259242773056,0.5168749690055847,0.35993149876594543,0.35521799325942993,0.2024098038673401,0.308150976896286,0.2545812427997589,0.6461583971977234,0.18831990659236908,0.22329889237880707,0.24569162726402283,0.14399895071983337,1.0954111814498901,0.27621161937713623,0.3877764344215393,0.2354322224855423,0.2755556106567383,0.3985486626625061,0.320658415555954,0.28260424733161926,0.1357550323009491,0.18749786913394928,0.14138542115688324,0.09572232514619827,0.2160220742225647,0.09622742235660553,0.1296907216310501,0.14713871479034424,0.26717811822891235,0.2344816029071808,0.198996901512146,0.3165271580219269,0.26199501752853394,0.1042584702372551,0.4956003427505493,0.16366179287433624,0.0639989897608757,0.039314329624176025,0.1456669121980667,0.18481993675231934,0.20393837988376617,0.09786684066057205,0.28561460971832275,0.1685703843832016,0.3663925230503082,0.1783047914505005,0.20943331718444824,0.2192016988992691,0.19456429779529572,0.11010681092739105
AC299,0.107142857,0.0,0.285714286,0.785714286,0.0,0.142857143,0.178571429,0.25,0.571428571,0.107142857,0.107142857,0.5,0.142857143,0.821428571,0.392857143,0.392857143,0.071428571,0.107142857,0.107142857,0.071428571,0.25,0.071428571,0.178571429,0.107142857,0.0,0.142857143,0.0,0.107142857,0.0,0.107142857,0.464285714,0.214285714,0.0,0.107142857,0.107142857,0.571428571,0.5,0.0,0.0,0.0,0.142857143,0.321428571,0.035714286,0.357142857,0.678571429,0.892857143,0.0,0.642857143,0.428571429,0.035714286,0.0,0.3483969569206238,0.15545828640460968,0.3578043580055237,0.47252029180526733,0.30999428033828735,0.1594274342060089,0.3017866909503937,0.26247072219848633,0.44346487522125244,0.18755468726158142,0.2329384833574295,0.17020975053310394,0.09865406900644302,0.9015654921531677,0.33408549427986145,0.3173939287662506,0.2197549194097519,0.10987555980682373,0.0366956926882267,0.3667779266834259,0.35344594717025757,0.08853205293416977,0.32294613122940063,0.09896295517683029,0.05212165415287018,0.06532629579305649,0.136092409491539,0.10382747650146484,0.04736252874135971,0.21368570625782013,0.2338200807571411,0.1182858943939209,0.1975412666797638,0.09634686261415482,0.08366619795560837,0.4249374568462372,0.1413930207490921,0.06379365175962448,0.039562124758958817,0.15006256103515625,0.17279741168022156,0.1799861043691635,0.055280592292547226,0.29382526874542236,0.53897625207901,0.1766824871301651,0.1105322614312172,0.2988431751728058,0.21997222304344177,0.08856485784053802,0.11036905646324158
AC627,0.0,0.0,0.259259259,0.148148148,0.074074074,0.037037037,0.111111111,0.37037037,0.0,0.0,0.0,0.0,0.0,1.407407407,1.148148148,1.185185185,0.555555556,1.777777778,0.666666667,0.111111111,0.0,0.0,0.074074074,0.148148148,0.0,0.296296296,0.037037037,0.0,0.0,0.111111111,0.0,0.0,0.0,0.074074074,0.0,0.444444444,0.148148148,0.0,0.0,0.0,0.0,0.777777778,0.0,0.148148148,0.074074074,0.0,0.037037037,0.185185185,0.37037037,0.740740741,0.037037037,0.3604390621185303,0.18485569953918457,0.4204789996147156,0.5577419996261597,0.38515937328338623,0.1782970428466797,0.3337474763393402,0.4027431011199951,0.2412286251783371,0.1910601109266281,0.06707664579153061,0.18378567695617676,0.059190165251493454,1.0795316696166992,0.42357468605041504,0.441675066947937,0.27641046047210693,0.5940468311309814,0.3711017370223999,0.4848848581314087,0.38130393624305725,0.14799341559410095,0.2278483510017395,0.10192897915840149,0.04045091196894646,0.2080129235982895,0.1478111743927002,0.046657685190439224,0.050336021929979324,0.21321159601211548,0.2338200807571411,0.1688038855791092,0.22399309277534485,0.18721415102481842,0.03589896857738495,0.46216461062431335,0.1452988237142563,0.06581774353981018,0.1020611897110939,0.4553714990615845,0.1759480983018875,0.1867545247077942,0.0642254576086998,0.337721586227417,0.6099679470062256,0.27234986424446106,0.12762536108493805,0.2851303517818451,0.21701817214488983,0.23108166456222534,0.11036905646324158
AC729,0.111111111,0.0,0.074074074,0.111111111,0.0,0.074074074,0.222222222,0.0,0.0,0.0,0.0,0.074074074,0.0,1.333333333,0.851851852,0.481481481,0.148148148,0.296296296,0.074074074,0.814814815,0.62962963,0.148148148,0.296296296,0.111111111,0.296296296,0.111111111,0.518518519,0.0,0.0,0.148148148,0.0,0.0,0.0,0.148148148,0.0,0.185185185,0.037037037,0.0,0.0,0.037037037,0.333333333,0.333333333,0.037037037,0.148148148,0.074074074,0.296296296,0.148148148,0.296296296,0.703703704,0.148148148,0.185185185,0.34543299674987793,0.20589135587215424,0.4190899133682251,0.5782659649848938,0.32791978120803833,0.1362500637769699,0.33393657207489014,0.29981106519699097,0.46615248918533325,0.1897941678762436,0.15801018476486206,0.2084520310163498,0.2610863447189331,0.9662269949913025,0.2685534954071045,0.29234346747398376,0.20866137742996216,0.10519564896821976,0.032027147710323334,0.17224107682704926,0.2179318517446518,0.0915328785777092,0.1816907525062561,0.12235652655363083,0.04577109217643738,0.11633896827697754,0.20017097890377045,0.07353188842535019,0.12725335359573364,0.22030316293239594,0.23663823306560516,0.07177723944187164,0.22583074867725372,0.11753517389297485,0.05695202946662903,0.43004313111305237,0.15777820348739624,0.07319444417953491,0.05032991245388985,0.14770828187465668,0.17279741168022156,0.19243986904621124,0.08689308166503906,0.26173555850982666,0.6263827681541443,0.25300028920173645,0.10990506410598755,0.30724722146987915,0.21836979687213898,0.10466416925191879,0.11099588871002197
AE809,0.678571429,0.071428571,0.178571429,0.0,0.178571429,0.071428571,0.0,0.071428571,0.107142857,0.178571429,0.0,0.107142857,0.0,0.428571429,0.142857143,0.142857143,0.0,0.0,0.071428571,1.035714286,1.714285714,0.142857143,0.75,0.214285714,0.142857143,0.0,0.142857143,0.071428571,0.0,0.142857143,0.0,0.285714286,0.142857143,0.642857143,0.535714286,0.357142857,0.142857143,0.0,0.0,0.107142857,0.0,0.214285714,0.142857143,0.0,0.0,0.107142857,0.0,0.0,0.321428571,0.071428571,0.035714286,0.48996633291244507,0.17294174432754517,0.401105135679245,0.4059358835220337,0.38516974449157715,0.1760205328464508,0.2620208263397217,0.09276192635297775,0.3464520573616028,0.18757395446300507,0.09271743148565292,0.22864675521850586,0.058575339615345,0.5808488130569458,0.17857173085212708,0.2016652226448059,0.26513421535491943,0.39175525307655334,0.1837490350008011,0.6645092964172363,0.6692083477973938,0.11501769721508026,0.41896387934684753,0.13671796023845673,0.10900842398405075,0.19610081613063812,0.09248676896095276,0.06970687955617905,0.10358953475952148,0.24164696037769318,0.2344816029071808,0.2972794473171234,0.3513377010822296,0.5241687893867493,0.20201799273490906,0.5812457203865051,0.17214970290660858,0.06438794732093811,0.033123407512903214,0.1424836367368698,0.17574629187583923,0.2085263580083847,0.0917619839310646,0.3368324637413025,0.25747230648994446,0.29015690088272095,0.13537807762622833,0.34206444025039673,0.22177255153656006,0.1623971313238144,0.1119043305516243
AE942,0.740740741,0.074074074,0.296296296,0.074074074,0.111111111,0.444444444,0.296296296,0.333333333,0.0,0.148148148,0.0,0.0,0.0,0.259259259,0.0,0.0,0.0,0.0,0.0,0.0,0.0,0.0,0.0,0.0,0.0,0.0,0.0,0.0,0.0,0.111111111,0.148148148,0.074074074,0.0,0.851851852,0.185185185,0.518518519,1.037037037,0.111111111,0.0,0.111111111,0.111111111,0.259259259,0.111111111,1.62962963,0.666666667,1.185185185,0.888888889,0.925925926,0.518518519,0.037037037,0.333333333,0.37439900636672974,0.15933950245380402,0.516212522983551,0.4095422923564911,0.30599725246429443,0.2187604308128357,0.3226940631866455,0.19362549483776093,0.40793630480766296,0.1901140958070755,0.1290995329618454,0.16024905443191528,0.054632678627967834,0.7923750281333923,0.17931723594665527,0.23827902972698212,0.2084479033946991,0.3906034529209137,0.12067858874797821,0.37541094422340393,0.23043759167194366,0.1230488047003746,0.25474855303764343,0.16716259717941284,0.049600791186094284,0.14815941452980042,0.10830964148044586,0.16170620918273926,0.08690658211708069,0.22963851690292358,0.2338200807571411,0.22702164947986603,0.5467007160186768,0.6374244689941406,0.15070806443691254,0.4626946449279785,0.20891496539115906,0.08248673379421234,0.04605034738779068,0.2698882222175598,0.17895552515983582,0.20101423561573029,0.1090143695473671,0.5299086570739746,0.6981503963470459,0.6212880611419678,0.1938508003950119,0.7804668545722961,0.2245991826057434,0.2359563708305359,0.1119043305516243
AG456,0.133333333,0.066666667,0.3,0.0,0.433333333,0.2,0.466666667,0.0,0.333333333,0.066666667,0.233333333,0.5,0.0,1.133333333,0.466666667,0.366666667,0.3,0.066666667,0.066666667,0.9,0.666666667,0.0,0.8,0.1,0.1,0.066666667,0.233333333,0.133333333,0.133333333,0.033333333,0.233333333,0.066666667,0.0,0.0,0.0,0.533333333,0.166666667,0.0,0.0,0.0,0.133333333,0.366666667,0.133333333,0.3,0.266666667,0.0,0.0,0.066666667,0.433333333,0.0,0.033333333,0.3348753750324249,0.1543116271495819,0.38963615894317627,0.549657940864563,0.3297889828681946,0.19199617207050323,0.24747103452682495,0.2849467992782593,0.449637234210968,0.18794064223766327,0.18005725741386414,0.15709127485752106,0.08311650156974792,1.0043156147003174,0.35111936926841736,0.3647782504558563,0.2209007889032364,0.09975919872522354,0.032499589025974274,0.5617393255233765,0.5433092713356018,0.08803969621658325,0.339069664478302,0.09938216209411621,0.038696158677339554,0.09177733212709427,0.08594521880149841,0.1150432825088501,0.049070633947849274,0.21344028413295746,0.2338200807571411,0.0723804458975792,0.1975412666797638,0.07613847404718399,0.03812006860971451,0.43437862396240234,0.15013042092323303,0.06379365175962448,0.029895005747675896,0.07342274487018585,0.17718161642551422,0.18563313782215118,0.054855283349752426,0.3256119191646576,0.4844340980052948,0.17723163962364197,0.10750062018632889,0.32357949018478394,0.21972164511680603,0.09536125510931015,0.11036905646324158
AH448,0.166666667,0.133333333,0.266666667,0.0,0.366666667,0.1,0.766666667,0.366666667,1.533333333,0.266666667,0.733333333,1.433333333,0.433333333,1.6,0.7,0.566666667,0.166666667,0.0,0.0,0.133333333,0.133333333,0.0,0.133333333,0.0,0.0,0.0,0.0,0.0,0.1,0.166666667,0.333333333,0.066666667,0.0,0.033333333,0.0,0.433333333,0.066666667,0.0,0.033333333,0.0,0.0,0.1,0.0,0.333333333,0.066666667,0.0,0.0,0.133333333,0.0,0.033333333,0.0,0.3606673777103424,0.18516415357589722,0.4218708574771881,0.3522912859916687,0.3388362228870392,0.1812080293893814,0.49347418546676636,0.35491204261779785,0.8876878619194031,0.1901480108499527,0.8015320897102356,0.3939283788204193,0.190195232629776,1.0496435165405273,0.16153226792812347,0.37042438983917236,0.2144922912120819,0.22709444165229797,0.27410605549812317,0.1768658608198166,0.3969913423061371,0.10045132786035538,0.2264750897884369,0.10230527073144913,0.05538948252797127,0.19623258709907532,0.12614035606384277,0.05517201125621796,0.2997399866580963,0.23115213215351105,0.23907342553138733,0.1835300475358963,0.2271917164325714,0.1936858892440796,0.06111755967140198,0.4647994339466095,0.14370514452457428,0.06379365175962448,0.03359776362776756,0.13048355281352997,0.17152145504951477,0.18249081075191498,0.06887564063072205,0.30411776900291443,0.32337984442710876,0.3113524317741394,0.11838921904563904,0.25037145614624023,0.21701817214488983,0.10069665312767029,0.11036905646324158
AJ010,0.137931034,0.0,0.517241379,0.0,0.103448276,0.0,0.0,0.068965517,0.517241379,0.0,0.0,0.103448276,0.0,0.413793103,0.275862069,0.137931034,0.275862069,0.068965517,0.103448276,0.793103448,0.344827586,0.965517241,0.206896552,0.620689655,0.0,0.0,0.862068966,0.275862069,1.068965517,0.482758621,0.620689655,0.965517241,0.689655172,0.310344828,0.448275862,0.482758621,0.068965517,0.413793103,0.0,1.517241379,0.0,0.0,0.24137931,0.0,0.068965517,0.068965517,0.0,0.0,0.068965517,0.0,0.0,0.39770379662513733,0.15243230760097504,0.42491382360458374,0.3106275796890259,0.37256887555122375,0.1892329454421997,0.3217218816280365,0.4240695834159851,0.6923099160194397,0.18699412047863007,0.11245625466108322,0.1872228980064392,0.060153406113386154,1.3640574216842651,0.28665342926979065,0.3724934458732605,0.22379052639007568,0.2773078382015228,0.09667012095451355,0.34642618894577026,0.3834002614021301,0.1956663727760315,0.16608643531799316,0.1681944727897644,0.05797296017408371,0.1897711157798767,0.1706005334854126,0.06730230897665024,0.21828606724739075,0.24710343778133392,0.2344816029071808,0.49756795167922974,0.2516898214817047,0.15131357312202454,0.15179871022701263,0.5844078063964844,0.12374325841665268,0.06366055458784103,0.09261565655469894,0.7173845767974854,0.173903226852417,0.168135866522789,0.11708404123783112,0.2732221484184265,0.1953546553850174,0.24826869368553162,0.12241646647453308,0.10574924945831299,0.21819910407066345,0.11151586472988129,0.11182417720556259
AJ481,0.275862069,0.448275862,0.413793103,0.0,0.379310345,0.172413793,0.24137931,0.275862069,1.413793103,0.310344828,0.75862069,0.620689655,0.275862069,1.586206897,0.24137931,0.310344828,0.275862069,0.034482759,0.0,0.0,0.551724138,0.0,0.793103448,0.275862069,0.275862069,0.482758621,0.034482759,0.0,0.0,0.344827586,0.103448276,0.0,0.0,0.0,0.0,0.413793103,0.0,0.0,0.0,0.0,0.103448276,0.103448276,0.0,0.137931034,0.413793103,0.172413793,0.0,0.034482759,0.344827586,0.310344828,0.275862069,0.6139626502990723,0.19989056885242462,0.4973828196525574,0.377926766872406,0.3671247363090515,0.19474180042743683,0.3252869248390198,0.2579253911972046,0.739291250705719,0.19022434949874878,0.17363199591636658,0.21051806211471558,0.037580713629722595,1.1109176874160767,0.34106704592704773,0.3553704023361206,0.2484855055809021,0.39736253023147583,0.40007925033569336,0.4946974217891693,0.6769670844078064,0.16942371428012848,0.2540459632873535,0.12320065498352051,0.04739487171173096,0.22415995597839355,0.0800744891166687,0.09185740351676941,0.10321323573589325,0.29174646735191345,0.2341880202293396,0.22609849274158478,0.45661407709121704,0.3380624055862427,0.07176541537046432,0.5894690752029419,0.14706113934516907,0.06713305413722992,0.04014560580253601,0.2843165099620819,0.1968274861574173,0.18977762758731842,0.10306622833013535,0.25172510743141174,0.2151367962360382,0.30239245295524597,0.1233961433172226,0.2463788241147995,0.21819910407066345,0.16908396780490875,0.11390436440706253
AJ490,0.066666667,0.0,0.1,0.566666667,0.166666667,0.066666667,0.533333333,0.333333333,1.5,0.2,0.366666667,0.3,0.0,1.4,0.833333333,0.433333333,0.7,0.2,0.0,0.1,0.2,0.0,0.2,0.0,0.0,0.1,0.0,0.0,0.333333333,0.0,0.0,0.0,0.0,0.1,0.2,0.6,0.166666667,0.0,0.0,0.0,0.1,0.1,0.0,0.9,0.6,0.3,0.0,0.466666667,0.0,0.233333333,0.1,0.610448956489563,0.16417890787124634,0.4274752736091614,0.24776223301887512,0.3272922933101654,0.17171548306941986,0.4664495885372162,0.21201471984386444,0.8389866948127747,0.18755125999450684,0.30595654249191284,0.30170559883117676,0.09594383090734482,0.9979297518730164,0.3093743622303009,0.3271242678165436,0.2234162837266922,0.03626173362135887,0.05665066838264465,0.23718298971652985,0.18667785823345184,0.1404241919517517,0.18302012979984283,0.13893024623394012,0.045024219900369644,0.21085034310817719,0.13236235082149506,0.09586311876773834,0.3011629283428192,0.30913519859313965,0.23888857662677765,0.1578942984342575,0.2455722987651825,0.14808177947998047,0.09149693697690964,0.4489862322807312,0.15149180591106415,0.0639989897608757,0.042061179876327515,0.14344415068626404,0.17370620369911194,0.1652221530675888,0.0656065121293068,0.25028344988822937,0.19765891134738922,0.2587403655052185,0.10572412610054016,0.17938551306724548,0.21884620189666748,0.1534751057624817,0.11258946359157562
AJ537,0.24137931,0.034482759,0.24137931,0.310344828,0.137931034,0.0,0.310344828,0.24137931,1.137931034,0.0,0.724137931,0.75862069,0.24137931,2.068965517,0.965517241,0.344827586,0.482758621,0.724137931,1.413793103,0.137931034,0.310344828,0.24137931,0.068965517,0.0,0.0,0.103448276,0.0,0.0,0.0,0.0,0.0,0.0,0.0,0.0,0.0,0.24137931,0.0,0.103448276,0.0,0.0,0.172413793,0.172413793,0.034482759,0.310344828,0.206896552,0.24137931,0.0,0.689655172,0.172413793,0.103448276,0.0,0.3490859866142273,0.15079306066036224,0.4034736752510071,0.2667228579521179,0.32630372047424316,0.16200895607471466,0.32141396403312683,0.2534694969654083,0.5244414210319519,0.18757395446300507,0.1465659886598587,0.16414600610733032,0.052473001182079315,1.0993982553482056,0.39403289556503296,0.36234360933303833,0.23774270713329315,0.327249139547348,0.24311813712120056,0.22012749314308167,0.298286497592926,0.1014685109257698,0.2170940339565277,0.11734393239021301,0.04211896285414696,0.24957162141799927,0.0797126516699791,0.047029659152030945,0.050695065408945084,0.2556779086589813,0.2341880202293396,0.09046905487775803,0.2343822568655014,0.20204120874404907,0.028577618300914764,0.5007973313331604,0.14700394868850708,0.0639989897608757,0.027973972260951996,0.06588905304670334,0.1794075220823288,0.169399231672287,0.0725565180182457,0.3238511383533478,0.1952172815799713,0.24326099455356598,0.10985386371612549,0.2619222104549408,0.21819910407066345,0.15794585645198822,0.11010681092739105
AJ661,0.24137931,0.103448276,0.137931034,0.137931034,0.068965517,0.068965517,0.24137931,0.413793103,0.896551724,0.172413793,0.310344828,0.0,0.0,0.896551724,0.103448276,0.344827586,0.0,0.103448276,0.0,0.862068966,1.068965517,0.689655172,0.793103448,0.379310345,0.0,0.137931034,0.413793103,0.137931034,0.0,0.620689655,0.310344828,0.034482759,0.275862069,0.034482759,0.0,0.24137931,0.0,0.0,0.0,0.413793103,0.0,0.103448276,0.0,0.137931034,0.034482759,0.034482759,0.0,0.068965517,0.172413793,0.0,0.0,0.4783290922641754,0.1590166538953781,0.42026615142822266,0.3599635660648346,0.29970240592956543,0.1258435845375061,0.30033180117607117,0.19243685901165009,0.7400640249252319,0.20011040568351746,0.08481423556804657,0.16965289413928986,0.03379354625940323,1.126372218132019,0.3460595905780792,0.3302181363105774,0.22642160952091217,0.11637920141220093,0.1004343032836914,0.32495802640914917,0.2993188798427582,0.11675570905208588,0.26639097929000854,0.15286694467067719,0.046568531543016434,0.16103306412696838,0.16445881128311157,0.06415030360221863,0.16340647637844086,0.2588122487068176,0.2341880202293396,0.12051887810230255,0.2149531990289688,0.1817629039287567,0.06283345073461533,0.46884962916374207,0.16489684581756592,0.06438794732093811,0.05478193238377571,0.31269899010658264,0.17627745866775513,0.19142650067806244,0.0855327919125557,0.3699577748775482,0.2555743157863617,0.542528510093689,0.15051041543483734,0.5787208676338196,0.21858757734298706,0.15628193318843842,0.11036905646324158
AK975,0.366666667,0.0,0.2,0.0,0.033333333,0.0,0.166666667,0.1,0.666666667,0.166666667,0.1,0.0,0.133333333,1.2,1.166666667,0.6,0.1,0.0,0.066666667,0.0,0.266666667,0.4,0.133333333,0.066666667,0.233333333,0.066666667,0.333333333,0.133333333,0.033333333,0.5,0.2,0.3,0.0,0.566666667,0.333333333,0.9,0.166666667,0.933333333,0.033333333,0.833333333,0.133333333,0.266666667,0.266666667,0.4,0.133333333,0.4,0.1,0.066666667,0.433333333,0.266666667,0.133333333,0.3619339168071747,0.15094198286533356,0.458554744720459,0.30195724964141846,0.3187643885612488,0.14640238881111145,0.4537452459335327,0.31254151463508606,0.8201949596405029,0.19033339619636536,0.1689133495092392,0.3049653470516205,0.0841553583741188,1.2977551221847534,0.3171672523021698,0.33553099632263184,0.2195659726858139,0.07315190136432648,0.05840098485350609,0.24295897781848907,0.2744036018848419,0.10149786621332169,0.22749601304531097,0.11699385195970535,0.055506154894828796,0.25006580352783203,0.12217782437801361,0.08545058965682983,0.1770482212305069,0.26357516646385193,0.23907342553138733,0.1164335235953331,0.23701536655426025,0.1803719699382782,0.03813021630048752,0.5204350352287292,0.16966107487678528,0.07558900117874146,0.032736022025346756,0.3675920069217682,0.17612256109714508,0.18816854059696198,0.08912087976932526,0.2678109407424927,0.24004048109054565,0.27670159935951233,0.13204826414585114,0.4635050892829895,0.2245991826057434,0.14285534620285034,0.11258946359157562
AL100,1.233333333,0.0,0.233333333,0.066666667,0.3,0.2,0.266666667,0.033333333,0.433333333,0.1,0.0,0.0,0.0,0.7,0.366666667,0.333333333,0.3,0.033333333,0.033333333,0.166666667,0.0,0.066666667,0.266666667,0.266666667,0.1,0.6,0.166666667,0.0,0.8,0.966666667,0.133333333,0.1,0.0,0.433333333,0.166666667,1.5,0.2,0.266666667,0.133333333,0.133333333,0.1,0.0,0.866666667,0.266666667,0.066666667,0.5,0.333333333,0.2,0.0,0.0,0.033333333,0.5587482452392578,0.3931443691253662,0.6132994294166565,0.37727969884872437,0.35581111907958984,0.1525265872478485,0.5669702887535095,0.3386380672454834,0.6345571875572205,0.18831990659236908,0.20537428557872772,0.1931035965681076,0.0775974690914154,0.9760804176330566,0.28310731053352356,0.31288087368011475,0.2229136824607849,0.05942981317639351,0.055245596915483475,0.2776338458061218,0.4273695945739746,0.09247666597366333,0.20521950721740723,0.11752474308013916,0.06161130964756012,0.2898045778274536,0.14664892852306366,0.1312471181154251,0.3166627585887909,0.27761930227279663,0.2341116964817047,0.15474684536457062,0.27142009139060974,0.2726089656352997,0.1117955669760704,0.7190632820129395,0.20675477385520935,0.06379365175962448,0.10976855456829071,0.4144498407840729,0.17496660351753235,0.1750796139240265,0.22308287024497986,0.260507196187973,0.20549078285694122,0.2687148451805115,0.13098445534706116,0.21627987921237946,0.2198958396911621,0.1526927649974823,0.11099588871002197
AL415,0.7,0.0,0.766666667,0.0,0.866666667,0.2,0.4,0.3,0.233333333,0.166666667,0.033333333,0.0,0.0,0.833333333,0.266666667,0.1,0.233333333,0.166666667,0.033333333,0.966666667,1.566666667,0.266666667,0.533333333,0.166666667,0.0,0.133333333,0.166666667,0.0,0.133333333,0.1,0.066666667,0.066666667,0.133333333,0.366666667,0.033333333,0.533333333,0.133333333,0.0,0.0,0.266666667,0.2,0.066666667,0.266666667,0.133333333,0.066666667,0.3,0.166666667,0.233333333,0.266666667,0.1,0.166666667,0.5760330557823181,0.15535204112529755,0.5712487697601318,0.28189244866371155,0.3531978726387024,0.1798463761806488,0.4461789131164551,0.2104298621416092,0.7576289176940918,0.18775933980941772,0.2500896751880646,0.185496985912323,0.0386715829372406,1.0983471870422363,0.24654263257980347,0.31157949566841125,0.2216680943965912,0.06653381884098053,0.05081479996442795,0.39735451340675354,0.7189914584159851,0.0869206041097641,0.3035457134246826,0.10650379955768585,0.04446540027856827,0.2253820151090622,0.08554880321025848,0.07425512373447418,0.21071025729179382,0.24439731240272522,0.23620939254760742,0.047090668231248856,0.22200442850589752,0.28869667649269104,0.07798139750957489,0.7789289951324463,0.13827861845493317,0.06379365175962448,0.030525078997015953,0.07766135782003403,0.1766936480998993,0.18027013540267944,0.06330323964357376,0.26589980721473694,0.212728351354599,0.2151334434747696,0.14148761332035065,0.1882503628730774,0.21819910407066345,0.17467346787452698,0.11196569353342056
AL426,0.366666667,0.0,0.233333333,0.0,0.833333333,0.2,0.233333333,0.0,0.133333333,0.1,0.0,0.033333333,0.0,0.2,0.233333333,0.066666667,0.266666667,0.033333333,0.266666667,0.933333333,1.7,0.0,0.833333333,0.0,0.0,0.366666667,0.0,0.066666667,0.0,0.0,0.0,0.0,0.033333333,0.766666667,0.1,0.966666667,0.0,0.0,0.0,0.0,0.433333333,0.4,0.0,0.0,0.133333333,0.233333333,0.533333333,0.0,0.533333333,0.166666667,0.366666667,0.715168833732605,0.15849173069000244,0.4748261272907257,0.32809996604919434,0.4012138843536377,0.15843069553375244,0.3233695328235626,0.24454371631145477,0.5361495018005371,0.18699412047863007,0.08468788117170334,0.1547224521636963,0.04448164254426956,0.9541351199150085,0.27309101819992065,0.32089027762413025,0.22524145245552063,0.13933834433555603,0.16735775768756866,0.46426692605018616,0.997521698474884,0.0920761376619339,0.3773910701274872,0.11711706966161728,0.03921385481953621,0.3391505777835846,0.1348225325345993,0.08914199471473694,0.1670798659324646,0.24296072125434875,0.2341880202293396,0.14653432369232178,0.20757247507572174,0.3802677094936371,0.1230500116944313,0.742987334728241,0.17018893361091614,0.06674409657716751,0.054313041269779205,0.21545711159706116,0.1742527186870575,0.19051773846149445,0.07939846068620682,0.3786131739616394,0.19059422612190247,0.189036563038826,0.1310291737318039,0.11858328431844711,0.21986979246139526,0.14332371950149536,0.11182417720556259
AL728,1.0,0.366666667,1.066666667,0.166666667,0.9,0.433333333,0.4,0.066666667,0.5,0.033333333,0.033333333,0.0,0.0,0.4,0.166666667,0.066666667,0.2,0.1,0.166666667,0.333333333,0.866666667,0.0,0.433333333,0.0,0.0,0.333333333,0.0,0.1,0.033333333,0.5,0.4,0.066666667,0.033333333,0.566666667,0.233333333,0.933333333,0.166666667,0.0,0.0,0.0,0.366666667,0.0,0.0,0.0,0.166666667,0.333333333,0.2,0.0,0.5,0.233333333,0.2,0.7021268606185913,0.20927849411964417,0.4883635938167572,0.31832796335220337,0.37605249881744385,0.15866224467754364,0.27996039390563965,0.1320279836654663,0.5329310297966003,0.18699412047863007,0.10627733916044235,0.1458216905593872,0.030492030084133148,0.7462188005447388,0.2217252254486084,0.29593756794929504,0.21921811997890472,0.07078422605991364,0.18758368492126465,0.4780641496181488,0.8804921507835388,0.09603001177310944,0.3515850901603699,0.10563057661056519,0.04374700039625168,0.23135294020175934,0.11032389104366302,0.06079189479351044,0.09560871869325638,0.2844030261039734,0.2341880202293396,0.2195168286561966,0.21320411562919617,0.3254591226577759,0.15775109827518463,0.66936856508255,0.1496790200471878,0.06418260931968689,0.05275461822748184,0.19512087106704712,0.17856846749782562,0.17499172687530518,0.0956290140748024,0.3865973949432373,0.17155057191848755,0.19050556421279907,0.1317548155784607,0.08613811433315277,0.21986979246139526,0.12300160527229309,0.11258946359157562
AL806,1.266666667,0.066666667,1.166666667,0.0,0.7,0.266666667,0.366666667,0.0,0.533333333,0.266666667,0.0,0.0,0.0,0.733333333,0.0,0.1,0.0,0.1,0.0,0.0,0.166666667,0.0,0.033333333,0.0,0.0,0.0,0.0,0.0,0.0,0.466666667,0.166666667,0.0,0.0,0.5,0.133333333,0.8,0.1,0.366666667,0.0,0.066666667,0.533333333,0.0,0.0,0.033333333,0.133333333,0.033333333,0.2,0.0,0.6,0.333333333,0.033333333,0.7156456708908081,0.15133926272392273,0.45569464564323425,0.318941593170166,0.37728458642959595,0.1576353907585144,0.27216237783432007,0.1410353183746338,0.44317713379859924,0.18699412047863007,0.05927852541208267,0.17037837207317352,0.03585685417056084,0.8238946795463562,0.18567171692848206,0.2384735643863678,0.22020982205867767,0.22323089838027954,0.16146709024906158,0.3628138303756714,0.52903813123703,0.09687436372041702,0.18731069564819336,0.1311146318912506,0.0339888259768486,0.1417866200208664,0.11569107323884964,0.07568764686584473,0.12086892127990723,0.2355624884366989,0.2341880202293396,0.19162900745868683,0.2324920892715454,0.36882391571998596,0.12933477759361267,0.6266533136367798,0.17662109434604645,0.0639989897608757,0.05254965275526047,0.2919800281524658,0.18530502915382385,0.18451932072639465,0.08189067989587784,0.27687355875968933,0.23800578713417053,0.2063366025686264,0.12246342748403549,0.1305112987756729,0.2206021249294281,0.1135266050696373,0.1143634244799614
AM461,0.266666667,0.0,0.9,0.1,0.666666667,0.266666667,1.7,1.3,0.4,0.2,0.233333333,0.066666667,0.1,0.733333333,0.266666667,0.233333333,0.166666667,0.033333333,0.0,0.066666667,0.233333333,0.1,0.133333333,0.066666667,0.0,0.2,0.133333333,0.0,0.0,0.2,0.033333333,0.0,0.0,0.033333333,0.0,0.233333333,0.0,0.0,0.0,0.0,0.033333333,0.0,0.3,0.1,0.0,0.0,0.0,0.266666667,0.0,0.2,0.066666667,0.5502120852470398,0.19417409598827362,0.6058740019798279,0.46881550550460815,0.3770730495452881,0.17773893475532532,0.9757739305496216,0.5715981721878052,0.5863428115844727,0.19288162887096405,0.27269095182418823,0.23187288641929626,0.07115695625543594,1.2763237953186035,0.3640183210372925,0.3942984640598297,0.21566425263881683,0.08028662204742432,0.045266587287187576,0.12311480939388275,0.24999655783176422,0.08563697338104248,0.13989202678203583,0.10377153754234314,0.051328934729099274,0.2563585340976715,0.10770027339458466,0.10822568833827972,0.1291084587574005,0.25912991166114807,0.23465630412101746,0.05083642154932022,0.2263292670249939,0.143285870552063,0.060284245759248734,0.4449683427810669,0.14682380855083466,0.06379365175962448,0.06168336048722267,0.07924307137727737,0.1742563247680664,0.18994653224945068,0.11181925982236862,0.28038689494132996,0.27441588044166565,0.2921111285686493,0.14181283116340637,0.5309150218963623,0.21702533960342407,0.1214078962802887,0.1101328432559967
AM840,0.433333333,0.033333333,0.533333333,1.0,0.366666667,0.0,0.9,0.8,0.6,0.0,0.1,0.333333333,0.066666667,1.533333333,0.2,0.233333333,0.1,0.0,0.0,0.2,0.433333333,0.0,0.233333333,0.033333333,0.0,0.0,0.066666667,0.1,0.2,0.4,0.233333333,0.0,0.0,0.0,0.0,0.466666667,0.0,0.0,0.0,0.0,0.333333333,0.166666667,0.166666667,0.133333333,0.633333333,0.166666667,0.2,0.133333333,0.0,0.133333333,0.233333333,0.4284989833831787,0.15599049627780914,0.5447729825973511,0.32016727328300476,0.3704719543457031,0.19564934074878693,0.8679855465888977,0.47463807463645935,0.8111146688461304,0.18757395446300507,0.35757964849472046,0.3230072855949402,0.08633489161729813,1.2157036066055298,0.2991100251674652,0.34738394618034363,0.22544828057289124,0.08968881517648697,0.0489933006465435,0.22050051391124725,0.2883616089820862,0.08725573122501373,0.2045423984527588,0.10333656519651413,0.05498730018734932,0.26389652490615845,0.0821976363658905,0.08122172206640244,0.2197447568178177,0.2615933120250702,0.2356523722410202,0.09877181053161621,0.25451916456222534,0.18530528247356415,0.030995424836874008,0.5095508098602295,0.17537921667099,0.06379365175962448,0.05219397321343422,0.17147214710712433,0.17411330342292786,0.1838851124048233,0.07341970503330231,0.2676188051700592,0.22104255855083466,0.21981437504291534,0.1190982237458229,0.24461787939071655,0.2192016988992691,0.1431400626897812,0.1101328432559967
AM997,0.5,0.0,0.4,0.133333333,0.5,0.233333333,0.266666667,0.5,0.233333333,0.0,0.133333333,0.0,0.133333333,0.633333333,0.2,0.2,0.0,0.433333333,0.066666667,0.566666667,0.733333333,0.466666667,0.3,0.0,0.066666667,0.066666667,0.0,0.0,0.233333333,0.4,0.333333333,0.566666667,1.3,0.566666667,0.133333333,1.2,0.0,0.0,0.0,0.0,0.3,0.066666667,0.0,0.0,0.066666667,0.0,0.033333333,0.166666667,0.066666667,0.0,0.166666667,0.37459877133369446,0.15094198286533356,0.44009795784950256,0.24210622906684875,0.34003856778144836,0.1676485389471054,0.35787519812583923,0.32494059205055237,0.6309733390808105,0.18831990659236908,0.1912587732076645,0.20807884633541107,0.04756074398756027,1.2063287496566772,0.3239264488220215,0.31434834003448486,0.22637219727039337,0.11806873977184296,0.05287795513868332,0.40785735845565796,0.38458654284477234,0.13888993859291077,0.24014514684677124,0.10301750153303146,0.031775034964084625,0.19324932992458344,0.0816972553730011,0.07234203070402145,0.1479974240064621,0.21345771849155426,0.23453348875045776,0.12879997491836548,0.25990766286849976,0.18546661734580994,0.02966383285820484,0.7284867763519287,0.1364985853433609,0.06379365175962448,0.028378065675497055,0.04089105874300003,0.1739162802696228,0.17446964979171753,0.06970497965812683,0.27278760075569153,0.19682274758815765,0.18039801716804504,0.11648958921432495,0.21711978316307068,0.22227752208709717,0.14144018292427063,0.11010681092739105
AO235,0.333333333,0.133333333,0.233333333,0.533333333,0.6,0.5,0.566666667,0.6,1.5,0.0,0.3,0.233333333,0.3,1.766666667,0.366666667,0.5,0.366666667,0.133333333,0.033333333,0.066666667,0.166666667,0.166666667,0.066666667,0.033333333,0.0,0.066666667,0.033333333,0.0,0.0,0.133333333,0.0,0.033333333,0.0,0.133333333,0.066666667,0.366666667,0.266666667,0.0,0.0,0.066666667,0.333333333,0.3,0.033333333,0.133333333,0.1,0.0,0.0,0.0,0.766666667,0.133333333,0.0,0.321705162525177,0.16043783724308014,0.4991474449634552,0.35352015495300293,0.40621063113212585,0.20525364577770233,0.4365413188934326,0.3800322711467743,0.8740822076797485,0.18992871046066284,0.18036599457263947,0.2673851549625397,0.08866410702466965,1.2109711170196533,0.3987511992454529,0.4017266631126404,0.23828944563865662,0.20671391487121582,0.1175912395119667,0.3311808705329895,0.32240527868270874,0.1517871767282486,0.17127184569835663,0.13344432413578033,0.08227405697107315,0.31136584281921387,0.16434979438781738,0.07046862691640854,0.21238061785697937,0.27301469445228577,0.24223774671554565,0.226018488407135,0.2608223259449005,0.18864011764526367,0.05506305396556854,0.5942085385322571,0.1574985682964325,0.06434954702854156,0.04465964436531067,0.447460412979126,0.18984565138816833,0.17945845425128937,0.10077127069234848,0.2776554226875305,0.19667094945907593,0.2106567621231079,0.12279537320137024,0.13424676656723022,0.21819910407066345,0.1768200695514679,0.11258946359157562
AO882,0.233333333,0.0,0.433333333,0.166666667,0.3,0.0,0.533333333,0.433333333,0.433333333,0.0,0.0,0.033333333,0.0,1.366666667,0.5,0.433333333,0.166666667,0.066666667,0.0,0.866666667,1.266666667,0.433333333,0.933333333,0.3,0.433333333,0.233333333,0.933333333,0.066666667,0.5,0.266666667,0.366666667,0.133333333,0.133333333,0.1,0.066666667,0.6,0.0,0.1,0.166666667,1.033333333,0.3,0.2,0.0,0.133333333,0.233333333,0.0,0.0,0.066666667,0.066666667,0.266666667,0.033333333,0.3134401738643646,0.15094198286533356,0.3838626742362976,0.3003031313419342,0.33452269434928894,0.16656111180782318,0.27230286598205566,0.26920726895332336,0.6708777546882629,0.18775933980941772,0.16998489201068878,0.26613664627075195,0.04311647266149521,1.2438116073608398,0.4636942744255066,0.3401740789413452,0.2311297357082367,0.0805627629160881,0.05976128578186035,0.4624476134777069,0.3565656244754791,0.08750325441360474,0.2819722294807434,0.11903905123472214,0.04046453908085823,0.1692308932542801,0.1268576830625534,0.14178892970085144,0.16955003142356873,0.22552809119224548,0.2349390983581543,0.1751243770122528,0.21487616002559662,0.14473995566368103,0.057803407311439514,0.5132147073745728,0.15370938181877136,0.06418260931968689,0.041915565729141235,0.2685713768005371,0.17299529910087585,0.175272136926651,0.07143610715866089,0.2638782262802124,0.2615828216075897,0.20309264957904816,0.10052116215229034,0.2562495470046997,0.21701817214488983,0.12887994945049286,0.11036905646324158
AP048,0.0,0.0,0.0,0.033333333,0.333333333,0.133333333,0.266666667,0.166666667,0.266666667,0.066666667,0.066666667,0.066666667,0.233333333,1.366666667,1.733333333,0.766666667,0.533333333,0.1,0.6,0.833333333,0.666666667,0.0,0.6,0.0,0.033333333,0.066666667,0.866666667,0.433333333,0.166666667,0.166666667,0.266666667,0.0,0.0,0.3,0.0,0.7,0.166666667,0.0,0.0,0.0,0.533333333,0.333333333,0.0,0.0,0.1,0.233333333,0.0,0.666666667,0.4,0.0,0.066666667,0.31581172347068787,0.18621347844600677,0.4298132359981537,0.34455275535583496,0.3225592076778412,0.1709020435810089,0.35921481251716614,0.3017161190509796,0.59210604429245,0.18775933980941772,0.1656438410282135,0.28849172592163086,0.042046576738357544,1.16177237033844,0.3381529152393341,0.30779436230659485,0.23768238723278046,0.10145767778158188,0.0403776690363884,0.4075153172016144,0.3282608389854431,0.08883780241012573,0.22944658994674683,0.12565137445926666,0.0476178303360939,0.11920849978923798,0.1364673525094986,0.09111514687538147,0.11588594317436218,0.2239784449338913,0.23888857662677765,0.15031833946704865,0.23314839601516724,0.17691008746623993,0.07543570548295975,0.42522409558296204,0.14664025604724884,0.07358340919017792,0.03883805125951767,0.2653588056564331,0.17279741168022156,0.1927737295627594,0.07658166438341141,0.3191838562488556,0.39456450939178467,0.28739282488822937,0.10199175029993057,0.43192920088768005,0.2245991826057434,0.12546470761299133,0.11099588871002197
