stimulus,true_Green,true_Cucumber,true_Herbal,true_Mint,true_Woody,true_Pine,true_Floral,true_Powdery,true_Fruity,true_Citrus,true_Tropical,true_Berry,true_Peach,true_Sweet,true_Caramellic,true_Vanilla,true_BrownSpice,true_Smoky,true_Burnt,true_Roasted,true_Grainy,true_Meaty,true_Nutty,true_Fatty,true_Coconut,true_Waxy,true_Dairy,true_Buttery,true_Cheesy,true_Sour,true_Fermented,true_Sulfurous,true_Garlic.Onion,true_Earthy,true_Mushroom,true_Musty,true_Ammonia,true_Fishy,true_Fecal,true_Rotten.Decay,true_Rubber,true_Phenolic,true_Animal,true_Medicinal,true_Cooling,true_Sharp,true_Chlorine,true_Alcoholic,true_Plastic,true_Ozone,true_Metallic,pred_Green,pred_Cucumber,pred_Herbal,pred_Mint,pred_Woody,pred_Pine,pred_Floral,pred_Powdery,pred_Fruity,pred_Citrus,pred_Tropical,pred_Berry,pred_Peach,pred_Sweet,pred_Caramellic,pred_Vanilla,pred_BrownSpice,pred_Smoky,pred_Burnt,pred_Roasted,pred_Grainy,pred_Meaty,pred_Nutty,pred_Fatty,pred_Coconut,pred_Waxy,pred_Dairy,pred_Buttery,pred_Cheesy,pred_Sour,pred_Fermented,pred_Sulfurous,pred_Garlic.Onion,pred_Earthy,pred_Mushroom,pred_Musty,pred_Ammonia,pred_Fishy,pred_Fecal,pred_Rotten.Decay,pred_Rubber,pred_Phenolic,pred_Animal,pred_Medicinal,pred_Cooling,pred_Sharp,pred_Chlorine,pred_Alcoholic,pred_Plastic,pred_Ozone,pred_Metallic
AC557,0.037037037,0.0,0.0,0.296296296,0.0,0.0,0.111111111,0.148148148,0.666666667,0.185185185,0.185185185,0.222222222,0.0,0.703703704,0.0,0.0,0.0,0.0,0.111111111,0.148148148,0.111111111,0.074074074,0.111111111,0.037037037,0.148148148,0.148148148,0.0,0.074074074,0.333333333,0.518518519,0.333333333,0.148148148,0.0,0.037037037,0.0,0.62962963,0.555555556,0.148148148,0.37037037,0.481481481,0.185185185,0.62962963,0.592592593,0.37037037,0.296296296,0.148148148,0.0,0.777777778,0.148148148,0.074074074,0.0,0.3402453064918518,0.18140457570552826,0.5133695602416992,0.12657135725021362,0.38018688559532166,0.12014485150575638,0.3497770428657532,0.18923281133174896,0.5481230616569519,0.11220338195562363,0.17939771711826324,0.11719715595245361,0.13990023732185364,0.7208471894264221,0.19412106275558472,0.24192295968532562,0.23454082012176514,0.1513015478849411,0.09009090065956116,0.5290797352790833,0.5586645007133484,0.13154111802577972,0.4216868579387665,0.16979284584522247,0.060655247420072556,0.20814314484596252,0.15198667347431183,0.10995429754257202,0.3170988857746124,0.26964911818504333,0.21104705333709717,0.11327867209911346,0.1267976611852646,0.18089592456817627,0.09796226769685745,0.43440431356430054,0.14408308267593384,0.05950586870312691,0.09776280075311661,0.21156451106071472,0.2752778232097626,0.1944991946220398,0.12952260673046112,0.19364555180072784,0.11394651234149933,0.18153193593025208,0.07736503332853317,0.15465384721755981,0.22457094490528107,0.1444229930639267,0.10611610114574432
AC930,0.185185185,0.0,0.111111111,0.814814815,0.111111111,0.148148148,0.259259259,0.407407407,0.62962963,0.037037037,0.444444444,0.777777778,0.222222222,0.814814815,0.0,0.074074074,0.0,0.0,0.0,0.0,0.0,0.0,0.0,0.0,0.0,0.0,0.0,0.0,0.0,0.222222222,0.592592593,0.444444444,0.0,0.0,0.0,0.259259259,0.259259259,0.0,0.148148148,0.37037037,0.185185185,0.37037037,0.37037037,0.518518519,0.888888889,0.222222222,0.0,0.703703704,0.407407407,0.074074074,0.111111111,0.2517227232456207,0.06349820643663406,0.3730580806732178,0.30831632018089294,0.25926119089126587,0.16082090139389038,0.3619265854358673,0.21967779099941254,0.4039490222930908,0.11145826429128647,0.22046861052513123,0.1530478596687317,0.11068886518478394,0.8339023590087891,0.3947053551673889,0.31022903323173523,0.17512094974517822,0.1521276831626892,0.07849159091711044,0.2340371459722519,0.30952683091163635,0.09326978027820587,0.25138986110687256,0.0818757489323616,0.06029413267970085,0.09316576272249222,0.10202467441558838,0.09744911640882492,0.08048568665981293,0.23526105284690857,0.20259656012058258,0.12995277345180511,0.09732352942228317,0.14853990077972412,0.057725731283426285,0.504620373249054,0.15518058836460114,0.031292978674173355,0.034285832196474075,0.09262345731258392,0.18964146077632904,0.23417988419532776,0.0777800902724266,0.42552366852760315,0.39354753494262695,0.21442633867263794,0.08996223658323288,0.11870161443948746,0.22220250964164734,0.13927312195301056,0.07835077494382858
AC933,0.071428571,0.0,0.821428571,0.392857143,0.214285714,0.785714286,0.321428571,0.107142857,0.464285714,0.071428571,0.0,0.321428571,0.0,0.5,0.0,0.0,0.0,0.0,0.142857143,0.107142857,0.071428571,0.0,0.0,0.0,0.0,0.178571429,0.0,0.0,0.0,0.035714286,0.178571429,0.0,0.0,0.107142857,0.0,0.75,0.321428571,0.0,0.0,0.0,0.0,0.25,0.0,1.321428571,1.142857143,0.642857143,0.428571429,0.392857143,0.107142857,0.214285714,0.178571429,0.4589986205101013,0.08992743492126465,0.5373631715774536,1.5995289087295532,0.31272122263908386,0.30366232991218567,0.6620187759399414,0.47692978382110596,0.4963233172893524,0.11207261681556702,0.2126450538635254,0.2584264576435089,0.14914049208164215,1.0743588209152222,0.23275913298130035,0.2665499448776245,0.44802406430244446,0.15266016125679016,0.11924360692501068,0.32085129618644714,0.39587053656578064,0.12482362240552902,0.2617339491844177,0.10176142305135727,0.06038179621100426,0.25957658886909485,0.10803183168172836,0.10043109953403473,0.22811833024024963,0.3021800220012665,0.2160717099905014,0.15334811806678772,0.1474735289812088,0.12819670140743256,0.11479005962610245,0.42863669991493225,0.1440115123987198,0.24140290915966034,0.0924517959356308,0.3452819585800171,0.17422357201576233,0.19480514526367188,0.17417579889297485,0.379294216632843,0.5254386067390442,0.25479862093925476,0.15965837240219116,0.6320520043373108,0.24280571937561035,0.14335741102695465,0.14560049772262573
AD505,0.0,0.1875,0.5625,0.0,0.25,0.125,0.0,0.0,0.0,0.0,0.0,0.0,0.0,0.0,0.0,0.0,0.0,0.1875,0.0625,0.25,0.0,0.625,0.3125,0.0,0.0,0.125,0.0625,0.0,0.25,0.375,0.0,0.5,3.0,0.1875,0.0,0.25,0.25,0.0,0.0,0.1875,0.25,0.0,0.0,0.25,0.1875,0.4375,0.0,0.5,0.3125,0.0,0.0,0.23122462630271912,0.06189606711268425,0.31893864274024963,0.11479708552360535,0.07436402887105942,0.12181147187948227,0.19214554131031036,0.03562265262007713,0.3726879060268402,0.11145826429128647,0.10359092056751251,0.10918943583965302,0.03055466152727604,0.3848382234573364,0.12300226837396622,0.17875215411186218,0.19589370489120483,0.17398107051849365,0.12059029936790466,0.5628105998039246,0.3600729703903198,0.3726222813129425,0.2653403580188751,0.22044239938259125,0.06090806424617767,0.08588965237140656,0.1025187224149704,0.10215512663125992,0.2985032796859741,0.31190916895866394,0.3394475281238556,0.34814226627349854,2.8104441165924072,0.11289021372795105,0.1378587931394577,0.23875629901885986,0.14549022912979126,0.0561336874961853,0.03646838292479515,0.1422189623117447,0.1481892168521881,0.13856080174446106,0.15271608531475067,0.11697361618280411,0.10134367644786835,0.14459244906902313,0.018220961093902588,0.05084862932562828,0.1671176701784134,0.13627247512340546,0.06189097836613655
AD835,0.0,0.0,0.142857143,0.0,0.214285714,0.0,0.0,0.0,0.0,0.0,0.0,0.214285714,0.0,0.357142857,0.0,0.0,0.0,0.428571429,1.214285714,0.714285714,0.071428571,0.428571429,0.0,0.0,0.0,0.142857143,0.0,0.0,0.142857143,0.714285714,0.857142857,0.642857143,1.357142857,0.428571429,0.071428571,0.285714286,0.214285714,0.285714286,0.0,0.785714286,0.214285714,0.285714286,0.428571429,0.142857143,0.357142857,0.0,0.071428571,0.357142857,0.214285714,0.0,0.214285714,0.18537427484989166,0.10286816954612732,0.3437829911708832,0.03047783300280571,0.11095298081636429,0.1008920669555664,0.2129780501127243,0.11225379258394241,0.20089411735534668,0.11146564781665802,0.06717164814472198,0.09843935072422028,0.08359937369823456,0.4663224518299103,0.1350143998861313,0.19630958139896393,0.17076709866523743,0.24583616852760315,0.3475518822669983,0.7934742569923401,0.48712825775146484,0.3068198561668396,0.3827219605445862,0.16498154401779175,0.06067698076367378,0.0362217091023922,0.08956833928823471,0.10667694360017776,0.0753241553902626,0.2879769504070282,0.2512233853340149,0.35627493262290955,0.44467809796333313,0.37306880950927734,0.1742563098669052,0.25918883085250854,0.1555594950914383,0.08006639778614044,0.027633225545287132,0.13254031538963318,0.2669115960597992,0.15747350454330444,0.3302057385444641,0.057198770344257355,0.05131639540195465,0.19142861664295197,0.007560658268630505,0.038586389273405075,0.0957159623503685,0.13598944246768951,0.02938358299434185
AE061,0.142857143,0.071428571,0.464285714,0.607142857,0.321428571,0.321428571,0.071428571,0.0,0.0,0.0,0.0,0.0,0.0,0.035714286,0.035714286,0.035714286,0.071428571,0.357142857,0.142857143,0.071428571,0.0,0.0,0.0,0.0,0.0,0.0,0.0,0.0,0.0,0.071428571,0.142857143,0.0,0.0,1.321428571,0.0,0.928571429,0.5,0.0,0.0,0.035714286,1.035714286,0.392857143,0.285714286,1.714285714,1.214285714,1.142857143,0.714285714,0.642857143,0.5,0.321428571,0.607142857,0.27970221638679504,0.08999337255954742,0.49672529101371765,0.2227066606283188,0.3202933073043823,0.1267569661140442,0.17839327454566956,0.17441941797733307,0.25300243496894836,0.11146564781665802,0.06974107772111893,0.07119418680667877,0.06718538701534271,0.6762800216674805,0.23093122243881226,0.1978183388710022,0.1728520393371582,0.4313092529773712,0.3243933320045471,0.3484964668750763,0.38000401854515076,0.21580886840820312,0.24641647934913635,0.1445162296295166,0.061453767120838165,0.12719948589801788,0.145956888794899,0.09690278768539429,0.14350149035453796,0.24750061333179474,0.24173887073993683,0.2221684753894806,0.2833883762359619,0.42043337225914,0.13557903468608856,0.4668915271759033,0.14971886575222015,0.07654805481433868,0.07784812152385712,0.2541414499282837,0.36450687050819397,0.2444276362657547,0.1388314813375473,0.45609250664711,0.21534478664398193,0.3448566198348999,0.32691890001296997,0.42785829305648804,0.2684731185436249,0.14462147653102875,0.1758260726928711
AE099,0.074074074,0.0,0.333333333,1.962962963,0.111111111,0.148148148,0.111111111,0.148148148,0.0,0.074074074,0.0,0.148148148,0.0,0.666666667,0.148148148,0.222222222,0.111111111,0.037037037,0.0,0.0,0.111111111,0.0,0.074074074,0.0,0.074074074,0.148148148,0.111111111,0.074074074,0.0,0.0,0.0,0.0,0.0,0.0,0.0,0.0,0.296296296,0.148148148,0.0,0.0,0.185185185,0.37037037,0.074074074,0.518518519,1.666666667,1.777777778,0.444444444,1.703703704,0.592592593,0.111111111,0.111111111,0.26411259174346924,0.09304842352867126,0.42875927686691284,1.274629831314087,0.1944940984249115,0.1462297886610031,0.19551998376846313,0.22246792912483215,0.606634259223938,0.11146564781665802,0.16366058588027954,0.19128532707691193,0.03486854210495949,0.8947600722312927,0.3036850094795227,0.2745839059352875,0.2693977952003479,0.2821255028247833,0.2553097903728485,0.3710055947303772,0.3284270167350769,0.1615031510591507,0.27731457352638245,0.13077130913734436,0.06789951771497726,0.1818227916955948,0.10446223616600037,0.09695716202259064,0.11791343986988068,0.2808569371700287,0.2098989337682724,0.2012440264225006,0.6066358685493469,0.3472546339035034,0.19989003241062164,0.3135596811771393,0.15300731360912323,0.20004412531852722,0.04189739748835564,0.19197450578212738,0.26285097002983093,0.30923715233802795,0.12798085808753967,0.5089749097824097,0.647428572177887,0.8377259373664856,0.2618817985057831,0.8102292418479919,0.29066115617752075,0.1436740905046463,0.11940889805555344
AE184,0.111111111,0.0,0.0,0.037037037,0.0,0.0,0.037037037,0.0,0.0,0.0,0.0,0.0,0.0,0.37037037,0.185185185,0.0,0.0,0.0,0.148148148,0.0,0.0,0.0,0.0,0.0,0.0,0.0,0.0,0.0,0.0,0.185185185,0.111111111,0.0,0.0,0.037037037,0.0,0.0,0.0,0.037037037,0.0,0.0,0.148148148,0.074074074,0.0,0.703703704,0.407407407,1.185185185,0.62962963,4.259259259,0.0,0.111111111,0.0,0.2746126651763916,0.09425070881843567,0.39275243878364563,0.3232630491256714,0.2509210407733917,0.13924705982208252,0.14426639676094055,0.16950476169586182,0.417314738035202,0.11145833879709244,0.09198470413684845,0.14011286199092865,0.04366252198815346,0.7358282208442688,0.24197818338871002,0.2263658195734024,0.2287967950105667,0.21310104429721832,0.17280270159244537,0.5102585554122925,0.40997278690338135,0.19228321313858032,0.3687092661857605,0.22568905353546143,0.06148343160748482,0.14841845631599426,0.1622093766927719,0.10027282685041428,0.1915459930896759,0.2091817855834961,0.22594530880451202,0.30934229493141174,0.8273993134498596,0.3539559841156006,0.13455936312675476,0.38912245631217957,0.1445372849702835,0.22554254531860352,0.05018426850438118,0.29628822207450867,0.21908819675445557,0.191173255443573,0.2656935751438141,0.5085028409957886,0.3017140030860901,0.4772687256336212,0.27788618206977844,1.855534553527832,0.2808331251144409,0.14058169722557068,0.12856179475784302
AE448,0.666666667,0.444444444,1.0,0.37037037,0.518518519,0.111111111,0.62962963,0.074074074,0.259259259,0.074074074,0.407407407,0.259259259,0.074074074,0.37037037,0.148148148,0.222222222,0.074074074,0.0,0.0,0.0,0.0,0.0,0.074074074,0.0,0.111111111,0.037037037,0.148148148,0.0,0.185185185,0.074074074,0.185185185,0.0,0.0,0.111111111,0.0,0.037037037,0.0,0.111111111,0.0,0.148148148,0.111111111,0.0,0.0,0.111111111,0.259259259,0.0,0.592592593,0.0,0.222222222,0.296296296,0.0,0.28785640001296997,0.12177632749080658,0.3838808834552765,0.2727733254432678,0.20972996950149536,0.12584197521209717,0.2796167731285095,0.08557683229446411,0.8833771347999573,0.11220338195562363,0.1774238497018814,0.2579860985279083,0.058918099850416183,0.8185670375823975,0.15293006598949432,0.2343858927488327,0.17059634625911713,0.16066698729991913,0.11724889278411865,0.3712500333786011,0.4080354869365692,0.22383348643779755,0.30212631821632385,0.16559012234210968,0.060655247420072556,0.21384483575820923,0.1395844668149948,0.10421253740787506,0.19970478117465973,0.3095889389514923,0.29336416721343994,0.2413051277399063,0.836298942565918,0.20117801427841187,0.1383647322654724,0.3678622841835022,0.14757610857486725,0.1451921910047531,0.04090554267168045,0.17367246747016907,0.15497803688049316,0.19013860821723938,0.06973393261432648,0.3357776701450348,0.19813492894172668,0.29902419447898865,0.13219743967056274,0.3164741098880768,0.24290797114372253,0.14514493942260742,0.09460144490003586
AE568,0.296296296,0.185185185,0.481481481,0.592592593,0.148148148,0.185185185,0.0,0.333333333,0.666666667,0.0,0.0,0.666666667,0.111111111,1.185185185,0.222222222,0.259259259,0.074074074,0.0,0.037037037,0.0,0.0,0.0,0.037037037,0.0,0.185185185,0.0,0.0,0.0,0.0,0.185185185,0.407407407,0.0,0.0,0.185185185,0.0,0.333333333,0.148148148,0.185185185,0.0,0.0,0.111111111,0.222222222,0.074074074,1.222222222,1.222222222,0.666666667,0.62962963,0.62962963,0.592592593,0.0,0.0,0.2566201686859131,0.07358240336179733,0.3664620816707611,0.39297324419021606,0.26819345355033875,0.1316959261894226,0.21204808354377747,0.19527913630008698,0.4917987287044525,0.11220338195562363,0.13288584351539612,0.17128054797649384,0.040874604135751724,0.9009482860565186,0.28899049758911133,0.24020126461982727,0.1976262629032135,0.19261287152767181,0.19827185571193695,0.35404372215270996,0.35611262917518616,0.14559558033943176,0.2816363573074341,0.14097432792186737,0.060655247420072556,0.13842563331127167,0.1013534739613533,0.10125766694545746,0.11462897807359695,0.21942263841629028,0.23858900368213654,0.2870739698410034,0.613585352897644,0.2839042544364929,0.14851918816566467,0.4418472349643707,0.1445372849702835,0.18282385170459747,0.02373688854277134,0.17452846467494965,0.2274911254644394,0.2172810435295105,0.09939438104629517,0.9228776693344116,0.46949177980422974,0.26169082522392273,0.08768525719642639,0.49169018864631653,0.27766308188438416,0.14100293815135956,0.12280722707509995
AE645,0.178571429,0.0,0.214285714,0.0,0.178571429,0.0,0.0,0.0,0.107142857,0.071428571,0.035714286,0.035714286,0.0,0.142857143,0.071428571,0.071428571,0.071428571,0.0,0.0,0.071428571,0.071428571,0.071428571,0.0,0.107142857,0.0,0.0,0.214285714,0.25,0.5,0.214285714,0.5,0.142857143,0.0,0.142857143,0.107142857,0.214285714,0.5,0.0,0.535714286,0.892857143,0.214285714,0.357142857,0.178571429,0.25,0.25,0.964285714,0.642857143,3.071428571,0.142857143,0.142857143,0.25,0.28133663535118103,0.07112756371498108,0.43514901399612427,0.2076931744813919,0.3443322777748108,0.12386506795883179,0.25553566217422485,0.16424055397510529,0.3691204786300659,0.11231546849012375,0.11989788711071014,0.13420918583869934,0.06625203788280487,0.7644467949867249,0.2201303392648697,0.2214088886976242,0.18081362545490265,0.15732401609420776,0.11209676414728165,0.3151545524597168,0.3303457498550415,0.12343650311231613,0.19916580617427826,0.13515493273735046,0.06435251235961914,0.13918614387512207,0.2427651286125183,0.10182273387908936,0.20138053596019745,0.2411123514175415,0.1875762641429901,0.12799213826656342,0.22458265721797943,0.24242594838142395,0.09685682505369186,0.45536473393440247,0.14477509260177612,0.05034271255135536,0.11234542727470398,0.2759988605976105,0.19908462464809418,0.18048377335071564,0.17867575585842133,0.3309342861175537,0.5455319285392761,0.556312620639801,0.2605001926422119,1.5449328422546387,0.2374320775270462,0.14009259641170502,0.13277702033519745
AE681,0.074074074,0.037037037,0.407407407,3.444444444,0.37037037,0.333333333,0.222222222,0.148148148,0.148148148,0.111111111,0.0,0.185185185,0.0,1.185185185,0.074074074,0.37037037,0.0,0.0,0.0,0.0,0.0,0.0,0.0,0.037037037,0.0,0.0,0.185185185,0.185185185,0.0,0.037037037,0.0,0.0,0.0,0.333333333,0.0,0.148148148,0.185185185,0.0,0.0,0.0,0.0,0.037037037,0.037037037,1.074074074,2.037037037,0.296296296,0.37037037,0.555555556,0.0,0.0,0.333333333,0.29100751876831055,0.07086683809757233,0.4690180718898773,0.6772803664207458,0.2609349191188812,0.18919341266155243,0.28272947669029236,0.34610188007354736,0.5573068857192993,0.11348213255405426,0.09178042411804199,0.19846349954605103,0.12233463674783707,1.161585807800293,0.31582000851631165,0.27917787432670593,0.18596941232681274,0.3475484848022461,0.21283087134361267,0.23876851797103882,0.35198578238487244,0.1675720363855362,0.19969479739665985,0.13026262819766998,0.06038179621100426,0.20225560665130615,0.14607258141040802,0.09665331244468689,0.09667321294546127,0.22726155817508698,0.20917846262454987,0.1276797652244568,0.15706810355186462,0.07793357223272324,0.06042153015732765,0.33685797452926636,0.14478307962417603,0.07312439382076263,0.055155619978904724,0.15476635098457336,0.08151903748512268,0.12879054248332977,0.04126252233982086,0.676701545715332,0.7637841105461121,0.3454023599624634,0.15144817531108856,0.32792648673057556,0.14772439002990723,0.14710743725299835,0.14142188429832458
AE855,0.642857143,0.178571429,0.321428571,0.5,0.285714286,0.5,0.071428571,0.107142857,0.107142857,0.0,0.0,0.035714286,0.0,0.142857143,0.0,0.0,0.035714286,0.071428571,0.0,0.0,0.035714286,0.071428571,0.0,0.0,0.0,0.0,0.0,0.0,0.0,0.25,0.142857143,0.0,0.071428571,0.821428571,0.0,0.785714286,0.428571429,0.107142857,0.0,0.071428571,0.214285714,0.142857143,0.107142857,1.785714286,0.75,1.071428571,0.607142857,1.107142857,0.0,0.357142857,0.071428571,0.31156086921691895,0.08530227094888687,0.5199107527732849,0.1722063273191452,0.24988962709903717,0.14861750602722168,0.4081193506717682,0.2760024666786194,0.30469363927841187,0.11230464279651642,0.10340303182601929,0.1076161116361618,0.05728812515735626,0.9108890891075134,0.2703441083431244,0.32168394327163696,0.2330099493265152,0.22450128197669983,0.14793068170547485,0.3213491141796112,0.33384791016578674,0.22643783688545227,0.23740191757678986,0.19254127144813538,0.0659763291478157,0.2300584763288498,0.1176849976181984,0.12652164697647095,0.08977925777435303,0.12265749275684357,0.2161136269569397,0.135909304022789,0.20088841021060944,0.1175769791007042,0.1391448974609375,0.3385672867298126,0.14408308267593384,0.10389693081378937,0.03883862867951393,0.13085292279720306,0.1080700010061264,0.1869715452194214,0.09115613996982574,0.5838346481323242,0.31935086846351624,0.27710574865341187,0.10239429026842117,0.36320820450782776,0.1645548939704895,0.14454242587089539,0.10935637354850769
AE913,0.214285714,0.0,0.285714286,0.214285714,0.285714286,0.321428571,0.071428571,0.107142857,0.0,0.0,0.0,0.0,0.0,0.214285714,0.178571429,0.0,0.0,0.0,0.0,0.714285714,0.714285714,0.0,0.5,0.035714286,0.071428571,0.0,0.0,0.392857143,0.0,0.142857143,0.0,0.0,0.035714286,0.642857143,0.0,0.107142857,0.357142857,0.107142857,0.0,0.0,0.392857143,0.142857143,0.035714286,1.178571429,1.392857143,0.571428571,0.571428571,0.857142857,0.142857143,0.0,0.142857143,0.3275892436504364,0.20119608938694,0.5145530104637146,0.13034214079380035,0.32091158628463745,0.1245618462562561,0.2539398670196533,0.15044480562210083,0.4561150074005127,0.11145826429128647,0.0947924554347992,0.079072006046772,0.0700765997171402,0.7410868406295776,0.2679172456264496,0.2722608149051666,0.22917470335960388,0.2028440535068512,0.1501578837633133,0.6877999305725098,0.42946210503578186,0.1337735950946808,0.3598652482032776,0.1800840198993683,0.06689582765102386,0.23432283103466034,0.11960434168577194,0.10834209620952606,0.1253296434879303,0.14901208877563477,0.21380530297756195,0.15344171226024628,0.5852577686309814,0.2203783541917801,0.12814338505268097,0.31993430852890015,0.14549022912979126,0.08285634219646454,0.033371832221746445,0.11466190963983536,0.0812111496925354,0.14289544522762299,0.08830196410417557,0.27648064494132996,0.22931021451950073,0.2542436122894287,0.16506363451480865,0.4577783942222595,0.15887507796287537,0.13720650970935822,0.09127269685268402
AE929,0.185185185,0.0,0.222222222,0.444444444,0.259259259,0.111111111,0.0,0.111111111,0.518518519,0.0,0.111111111,0.333333333,0.148148148,0.481481481,0.148148148,0.222222222,0.148148148,0.074074074,0.0,0.0,0.0,0.0,0.111111111,0.0,0.074074074,0.111111111,0.222222222,0.222222222,0.407407407,0.148148148,0.37037037,0.148148148,0.0,0.111111111,0.0,0.777777778,0.37037037,0.0,0.592592593,0.444444444,0.0,0.0,0.111111111,1.222222222,0.814814815,0.518518519,0.333333333,0.962962963,0.481481481,0.074074074,0.222222222,0.284851610660553,0.14171434938907623,0.3577345907688141,0.2931029498577118,0.21906143426895142,0.13253140449523926,0.19435036182403564,0.16949597001075745,0.3882993161678314,0.11145826429128647,0.08376716077327728,0.11526898294687271,0.08251092582941055,0.7466396689414978,0.09885703027248383,0.2126195728778839,0.1562098264694214,0.15302331745624542,0.0852862000465393,0.22469007968902588,0.2946736812591553,0.08977121114730835,0.19786511361598969,0.0840887576341629,0.06038179621100426,0.11577258259057999,0.25257179141044617,0.10367942601442337,0.381709486246109,0.25607937574386597,0.23214198648929596,0.14397238194942474,0.09219061583280563,0.0758734866976738,0.08905145525932312,0.44787245988845825,0.14408308267593384,0.06295425444841385,0.0824112668633461,0.18779529631137848,0.10460175573825836,0.13409210741519928,0.11397673189640045,1.437896490097046,0.7371217012405396,0.32356327772140503,0.06959393620491028,0.3772270679473877,0.14687736332416534,0.13784077763557434,0.1249963715672493
AI205,0.413793103,0.206896552,0.517241379,0.0,0.75862069,0.448275862,0.517241379,0.275862069,0.413793103,0.24137931,0.137931034,0.0,0.0,0.482758621,0.103448276,0.103448276,0.034482759,0.137931034,0.24137931,0.0,0.344827586,0.0,0.034482759,0.0,0.137931034,0.24137931,0.0,0.0,0.0,0.103448276,0.275862069,0.0,0.0,0.413793103,0.344827586,0.689655172,0.275862069,0.103448276,0.103448276,0.310344828,0.448275862,0.137931034,0.103448276,0.137931034,0.24137931,0.103448276,0.068965517,0.103448276,0.379310345,0.517241379,0.103448276,0.4633651077747345,0.28943127393722534,0.5003343820571899,0.22327058017253876,0.4364069700241089,0.15782085061073303,0.4260407090187073,0.36647623777389526,0.6304847002029419,0.11145826429128647,0.17585933208465576,0.14133025705814362,0.06679074466228485,0.9069545269012451,0.19346202909946442,0.24172034859657288,0.23375584185123444,0.15088295936584473,0.0952223539352417,0.24344086647033691,0.43071818351745605,0.0941527932882309,0.3194107711315155,0.08660741150379181,0.06370121240615845,0.3650418817996979,0.14137598872184753,0.10438606142997742,0.2732107639312744,0.17787954211235046,0.18335416913032532,0.1202886551618576,0.12178502231836319,0.17523379623889923,0.08123670518398285,0.5754381418228149,0.14887195825576782,0.03786216303706169,0.04825783520936966,0.10728195309638977,0.2303277552127838,0.18747320771217346,0.05912965163588524,0.23799888789653778,0.23389533162117004,0.2091880887746811,0.19724000990390778,0.2307894378900528,0.24704453349113464,0.14376017451286316,0.10505446046590805
AJ058,0.3,0.1,0.266666667,0.1,0.233333333,0.0,0.533333333,0.166666667,1.033333333,0.133333333,0.0,0.0,0.0,1.833333333,0.4,0.266666667,0.933333333,0.133333333,0.1,0.366666667,0.433333333,0.0,0.7,0.533333333,0.2,0.4,0.0,0.0,0.2,0.266666667,0.0,0.233333333,0.0,0.3,0.066666667,0.3,0.233333333,0.1,0.0,0.2,0.1,0.033333333,0.033333333,0.1,0.166666667,0.5,0.033333333,0.566666667,0.0,0.266666667,0.0,0.19988983869552612,0.0888402983546257,0.4449547529220581,0.2695797383785248,0.47346147894859314,0.1253623217344284,0.21997429430484772,0.36138397455215454,0.2694745659828186,0.11146564781665802,0.06440134346485138,0.06097570061683655,0.034717265516519547,1.07001531124115,0.6095019578933716,0.3158264756202698,0.3100326657295227,0.3149866461753845,0.21542271971702576,0.42298340797424316,0.3668316900730133,0.1698838323354721,0.2401570826768875,0.10741695016622543,0.06164880469441414,0.11427359282970428,0.0862620547413826,0.09695716202259064,0.05874812602996826,0.21900509297847748,0.19835712015628815,0.10155671834945679,0.13576529920101166,0.11467120796442032,0.05613519251346588,0.5134833455085754,0.1450137197971344,0.12892784178256989,0.0327133946120739,0.1515074521303177,0.14145603775978088,0.25489541888237,0.07553907483816147,0.3630836308002472,0.27697479724884033,0.2985621392726898,0.10158771276473999,0.35889357328414917,0.23431074619293213,0.14711058139801025,0.13562563061714172
AJ244,0.172413793,0.0,0.344827586,0.275862069,0.413793103,0.034482759,0.827586207,0.24137931,1.310344828,0.068965517,0.517241379,0.517241379,0.103448276,1.965517241,0.482758621,0.24137931,1.103448276,0.137931034,0.0,0.172413793,0.172413793,0.0,0.310344828,0.137931034,0.137931034,0.172413793,0.0,0.0,0.0,0.172413793,0.24137931,0.0,0.0,0.068965517,0.0,0.517241379,0.0,0.0,0.0,0.137931034,0.310344828,0.137931034,0.034482759,0.551724138,0.103448276,0.034482759,0.0,0.0,0.103448276,0.103448276,0.0,0.5684869289398193,0.6483796834945679,0.4749991297721863,0.28892526030540466,0.4020834267139435,0.15370403230190277,0.41242504119873047,0.20225325226783752,0.9673282504081726,0.11220338195562363,0.25822776556015015,0.2851511836051941,0.07110601663589478,1.0633758306503296,0.30856627225875854,0.2638958692550659,0.2441355586051941,0.20149549841880798,0.15965509414672852,0.4309422969818115,0.4366898536682129,0.28984689712524414,0.2972297668457031,0.18048930168151855,0.06038179621100426,0.14538560807704926,0.08876542747020721,0.09695716202259064,0.19695472717285156,0.3372083306312561,0.2571552097797394,0.26141878962516785,0.23761948943138123,0.21167919039726257,0.10492408275604248,0.5118387937545776,0.14351187646389008,0.11172463744878769,0.07374684512615204,0.37500619888305664,0.2758684754371643,0.26384055614471436,0.11963129788637161,0.38105928897857666,0.3187471330165863,0.6349453926086426,0.13701701164245605,0.3004896342754364,0.28804948925971985,0.14612281322479248,0.18961910903453827
AJ449,0.366666667,0.133333333,0.066666667,0.0,0.2,0.0,0.366666667,0.1,1.5,0.1,0.366666667,0.433333333,0.1,1.533333333,0.266666667,0.266666667,0.033333333,0.0,0.0,0.066666667,0.0,0.0,0.0,0.266666667,0.0,0.333333333,0.333333333,0.166666667,0.1,1.133333333,0.866666667,0.0,0.0,0.1,0.0,0.333333333,0.066666667,0.066666667,0.0,0.0,0.2,0.233333333,0.1,0.233333333,0.166666667,0.533333333,0.133333333,0.566666667,0.3,0.066666667,0.0,0.4227621853351593,0.7560260891914368,0.46862849593162537,0.2054983377456665,0.42452478408813477,0.13882173597812653,0.435528963804245,0.19359202682971954,0.8715916872024536,0.11146564781665802,0.6787602305412292,0.3130504786968231,0.13578492403030396,1.2154141664505005,0.5174269676208496,0.26667067408561707,0.2714867889881134,0.2597293555736542,0.1961868852376938,0.44945406913757324,0.41429808735847473,0.12492764741182327,0.25329533219337463,0.08982628583908081,0.06038179621100426,0.19996896386146545,0.09384067356586456,0.10183587670326233,0.09041564911603928,0.285184770822525,0.23799356818199158,0.12167664617300034,0.17879514396190643,0.15499141812324524,0.058201152831315994,0.557210385799408,0.14351187646389008,0.0708618313074112,0.023606671020388603,0.15784935653209686,0.19135946035385132,0.16103745996952057,0.08350441604852676,0.24585089087486267,0.22144605219364166,0.345994770526886,0.09846052527427673,0.3080572187900543,0.2253580540418625,0.14160072803497314,0.18146085739135742
AK010,0.3,0.0,0.366666667,0.0,0.0,0.566666667,0.4,0.4,1.166666667,3.5,0.533333333,0.3,0.0,2.066666667,0.166666667,0.3,0.133333333,0.0,0.0,0.0,0.2,0.0,0.0,0.0,0.0,0.066666667,0.0,0.0,0.0,0.7,0.133333333,0.0,0.0,0.0,0.0,0.166666667,0.233333333,0.0,0.0,0.0,0.066666667,0.0,0.0,0.4,0.1,0.4,0.0,0.1,0.0,0.0,0.2,0.4814828038215637,0.07975552976131439,0.4162558615207672,0.09943756461143494,0.3329003155231476,0.1261228770017624,0.3508254587650299,0.2656312584877014,0.5355977416038513,0.11220338195562363,0.11712931096553802,0.09601949900388718,0.06612803786993027,1.0777148008346558,0.22993917763233185,0.255953848361969,0.20759840309619904,0.1422715187072754,0.09187064319849014,0.25336697697639465,0.332295298576355,0.11303086578845978,0.22201348841190338,0.08862350136041641,0.061453767120838165,0.24241533875465393,0.10508022457361221,0.09705118089914322,0.20029395818710327,0.3876628279685974,0.25412020087242126,0.07122047245502472,0.09128990024328232,0.15934516489505768,0.05864982679486275,0.6428413987159729,0.14478307962417603,0.04396134242415428,0.02342154085636139,0.15278778970241547,0.21054576337337494,0.13662439584732056,0.16830188035964966,0.12592720985412598,0.1046910211443901,0.27740034461021423,0.076027512550354,0.2607755661010742,0.182810977101326,0.14149649441242218,0.1358841508626938
AK113,0.3,0.0,0.366666667,0.1,0.0,0.233333333,0.166666667,0.133333333,0.666666667,3.066666667,0.2,0.0,0.0,1.833333333,0.766666667,0.666666667,0.133333333,0.0,0.0,0.1,0.5,0.0,0.1,0.0,0.0,0.233333333,0.0,0.366666667,0.333333333,0.2,0.233333333,0.0,0.0,0.0,0.0,0.0,0.266666667,0.0,0.0,0.066666667,0.0,0.0,0.0,0.466666667,0.1,0.6,0.0,0.233333333,0.0,0.0,0.133333333,0.4889979362487793,0.0843333899974823,0.3996548354625702,0.12223327904939651,0.34288477897644043,0.12403203547000885,0.33763718605041504,0.2877444922924042,0.5763424634933472,0.11220338195562363,0.14281728863716125,0.1750650852918625,0.04055772349238396,1.130049467086792,0.24901241064071655,0.270496666431427,0.2230006754398346,0.14624275267124176,0.09762971848249435,0.3406544625759125,0.36762285232543945,0.11957879364490509,0.2430383563041687,0.0860058143734932,0.06038179621100426,0.19300661981105804,0.09350291639566422,0.0977526381611824,0.18154071271419525,0.38301050662994385,0.24729956686496735,0.08357727527618408,0.1124228686094284,0.16218073666095734,0.06136524677276611,0.5986232757568359,0.14408308267593384,0.06704789400100708,0.009172571823000908,0.1321352869272232,0.1974489986896515,0.14051197469234467,0.1070166602730751,0.14231476187705994,0.15106256306171417,0.24437694251537323,0.07984103262424469,0.21892787516117096,0.1931186467409134,0.1447364091873169,0.12497853487730026
AK135,0.433333333,0.1,0.433333333,0.0,0.166666667,0.5,0.666666667,0.566666667,0.666666667,1.4,0.1,0.066666667,0.0,1.1,0.0,0.066666667,0.066666667,0.133333333,0.0,0.166666667,0.1,0.0,0.0,0.0,0.0,0.1,0.0,0.0,0.066666667,0.233333333,0.166666667,0.0,0.0,0.1,0.033333333,0.566666667,0.266666667,0.0,0.0,0.0,0.033333333,0.166666667,0.0,0.466666667,0.0,0.466666667,0.833333333,0.433333333,0.3,0.366666667,0.333333333,0.3952428996562958,0.07134302705526352,0.5334703326225281,0.2047053426504135,0.44403424859046936,0.14343418180942535,0.4229293763637543,0.28125959634780884,0.7169139981269836,0.11220338195562363,0.30915161967277527,0.23944617807865143,0.06030822545289993,1.229272484779358,0.31082913279533386,0.2968809902667999,0.204245463013649,0.14571513235569,0.08390859514474869,0.28797584772109985,0.33923667669296265,0.09279821068048477,0.2392023652791977,0.09255542606115341,0.06038179621100426,0.1613646000623703,0.12446720898151398,0.09913258999586105,0.1804603636264801,0.3641580045223236,0.2691367566585541,0.11437083035707474,0.14717186987400055,0.11854694783687592,0.06337668001651764,0.5006705522537231,0.14386944472789764,0.05091337487101555,0.03926323726773262,0.17958573997020721,0.2027251124382019,0.12601567804813385,0.08982238918542862,0.10897090286016464,0.19005756080150604,0.1865377128124237,0.07838897407054901,0.18679216504096985,0.16473644971847534,0.14340925216674805,0.11698020994663239
AK361,0.366666667,0.0,0.4,0.0,0.166666667,0.066666667,0.766666667,0.1,0.7,0.866666667,0.066666667,0.133333333,0.2,1.833333333,0.6,1.333333333,0.266666667,0.166666667,0.366666667,0.3,1.0,0.133333333,0.433333333,0.1,0.0,0.3,0.033333333,0.3,0.433333333,0.333333333,0.2,0.0,0.0,0.133333333,0.0,0.7,0.1,0.0,0.0,0.0,0.0,0.0,0.0,0.1,0.0,0.1,0.133333333,0.166666667,0.0,0.066666667,0.166666667,0.5171112418174744,0.1144852265715599,0.4862116575241089,0.22782163321971893,0.345742404460907,0.12954916059970856,0.4339393079280853,0.23455068469047546,0.5929704904556274,0.11300575733184814,0.13770034909248352,0.17332540452480316,0.04999462515115738,0.959976077079773,0.21289528906345367,0.22589845955371857,0.1983470320701599,0.14240430295467377,0.08039285242557526,0.3015545606613159,0.3424168825149536,0.13384075462818146,0.22634315490722656,0.09331570565700531,0.06038179621100426,0.1865496188402176,0.11926078796386719,0.09705118089914322,0.13441239297389984,0.263533353805542,0.22962956130504608,0.07315941154956818,0.161250039935112,0.16187460720539093,0.06865241378545761,0.6106253862380981,0.14408308267593384,0.03610757738351822,0.01870211400091648,0.11581116914749146,0.2011619508266449,0.1435602307319641,0.15678708255290985,0.07770144939422607,0.19764922559261322,0.22068849205970764,0.10320324450731277,0.17852942645549774,0.16795150935649872,0.14314481616020203,0.07540347427129745
AK366,0.566666667,0.0,0.433333333,0.0,0.133333333,0.1,0.433333333,0.333333333,1.533333333,0.366666667,0.2,0.4,0.0,1.733333333,0.333333333,0.3,0.433333333,0.033333333,0.033333333,0.1,0.1,0.0,0.566666667,0.233333333,0.066666667,0.2,0.0,0.133333333,0.0,0.3,0.4,0.0,0.1,0.166666667,0.0,0.233333333,0.1,0.0,0.0,0.0,0.1,0.333333333,0.066666667,0.3,0.2,0.8,0.333333333,0.733333333,0.3,0.0,0.133333333,0.5874207615852356,0.09930762648582458,0.42905691266059875,0.08291266113519669,0.3303852677345276,0.13947103917598724,0.4267209768295288,0.24039511382579803,0.7311143279075623,0.11220338195562363,0.1464724987745285,0.14193563163280487,0.07007281482219696,1.0831629037857056,0.2189706414937973,0.24237193167209625,0.20800334215164185,0.1434280425310135,0.08190583437681198,0.295535147190094,0.32829222083091736,0.1424965113401413,0.2429056018590927,0.17545896768569946,0.061453767120838165,0.2410924881696701,0.09558356553316116,0.09695716202259064,0.1990595906972885,0.42124059796333313,0.2118442803621292,0.0754517987370491,0.12844790518283844,0.16724072396755219,0.06657755374908447,0.6165122389793396,0.14408308267593384,0.0501316599547863,0.011317321099340916,0.13888151943683624,0.17140957713127136,0.14856655895709991,0.12842029333114624,0.13509368896484375,0.17976516485214233,0.3489546775817871,0.10684026032686234,0.2121424525976181,0.2004544585943222,0.1459597498178482,0.17449693381786346
AK432,0.566666667,0.0,0.366666667,0.1,0.1,0.466666667,0.4,0.3,1.1,3.8,0.7,0.1,0.0,2.566666667,0.133333333,0.266666667,0.0,0.0,0.0,0.0,0.133333333,0.0,0.0,0.0,0.066666667,0.133333333,0.066666667,0.0,0.0,0.5,0.066666667,0.0,0.0,0.133333333,0.0,0.0,0.0,0.0,0.0,0.0,0.0,0.0,0.033333333,0.133333333,0.1,0.1,0.1,0.1,0.133333333,0.166666667,0.166666667,0.5138757228851318,0.08368363231420517,0.44490209221839905,0.03398114815354347,0.28329765796661377,0.11668594181537628,0.4092696011066437,0.24510428309440613,0.7286104559898376,0.11220338195562363,0.17832498252391815,0.17396970093250275,0.07154791057109833,1.0546157360076904,0.22757244110107422,0.24701115489006042,0.21968379616737366,0.1395757794380188,0.09045551717281342,0.2573699355125427,0.34956878423690796,0.14257754385471344,0.22726602852344513,0.18189288675785065,0.061453767120838165,0.1988457590341568,0.11241786926984787,0.09695716202259064,0.24526764452457428,0.42007189989089966,0.23426726460456848,0.1074901595711708,0.25642845034599304,0.1495908945798874,0.07401874661445618,0.5442388653755188,0.14478307962417603,0.039976250380277634,0.013270923867821693,0.16466602683067322,0.150469571352005,0.1424127221107483,0.10957663506269455,0.124933160841465,0.1673019379377365,0.2281012088060379,0.1137486919760704,0.18784748017787933,0.1499468833208084,0.14371143281459808,0.1259257048368454
AK697,0.666666667,0.1,0.433333333,0.266666667,0.0,0.366666667,0.633333333,0.1,1.066666667,2.7,0.533333333,0.2,0.133333333,1.8,0.1,0.1,0.133333333,0.0,0.0,0.1,0.0,0.0,0.066666667,0.0,0.0,0.066666667,0.0,0.0,0.0,0.966666667,0.366666667,0.1,0.3,0.0,0.0,0.033333333,0.266666667,0.0,0.0,0.0,0.0,0.0,0.0,0.2,0.166666667,0.8,0.133333333,1.066666667,0.066666667,0.0,0.266666667,0.4765661954879761,0.07642553001642227,0.4755491018295288,0.20401537418365479,0.33615216612815857,0.1268947720527649,0.38621237874031067,0.2301705926656723,0.6683599948883057,0.11220338195562363,0.1564740538597107,0.254606693983078,0.07506981492042542,1.1312587261199951,0.2499924600124359,0.2570447325706482,0.21266591548919678,0.14533372223377228,0.08974224328994751,0.26602113246917725,0.3361583650112152,0.11675254255533218,0.22396081686019897,0.08726494759321213,0.061453767120838165,0.22869610786437988,0.1346011757850647,0.09705118089914322,0.2423585206270218,0.44845694303512573,0.3256731331348419,0.09834006428718567,0.1189546287059784,0.17397166788578033,0.07277460396289825,0.6348916292190552,0.14549022912979126,0.15382276475429535,0.06846822798252106,0.23931090533733368,0.17328259348869324,0.14218910038471222,0.16341231763362885,0.15687517821788788,0.14591211080551147,0.3459860682487488,0.08795662969350815,0.3039737939834595,0.19152452051639557,0.14314481616020203,0.145687073469162
AK723,0.366666667,0.066666667,0.066666667,0.0,0.066666667,0.0,0.166666667,0.166666667,1.233333333,0.2,0.4,0.033333333,0.1,2.5,1.2,1.266666667,1.166666667,0.133333333,0.066666667,0.333333333,0.9,0.0,0.633333333,0.2,0.1,0.366666667,0.4,0.633333333,0.2,0.466666667,0.0,0.0,0.0,0.0,0.0,0.0,0.066666667,0.0,0.0,0.0,0.0,0.133333333,0.0,0.0,0.0,0.5,0.0,0.3,0.166666667,0.0,0.133333333,0.4612446129322052,0.06750186532735825,0.41859203577041626,0.05586795136332512,0.20959243178367615,0.10309235751628876,0.3728499114513397,0.13846568763256073,0.5972675681114197,0.11220338195562363,0.1722441017627716,0.17238444089889526,0.0486152358353138,1.0058485269546509,0.23096974194049835,0.24872002005577087,0.20169265568256378,0.142581045627594,0.08600038290023804,0.236116424202919,0.29259076714515686,0.14493456482887268,0.21357682347297668,0.08400826156139374,0.060655247420072556,0.18630507588386536,0.09931213408708572,0.09695716202259064,0.0854155495762825,0.3194988965988159,0.18360577523708344,0.0907832607626915,0.13807062804698944,0.13225266337394714,0.04468914493918419,0.5041713714599609,0.14688409864902496,0.03097194992005825,0.02007541060447693,0.11430995911359787,0.09816525131464005,0.14434917271137238,0.04525662213563919,0.07493314892053604,0.15878541767597198,0.15350396931171417,0.05511598289012909,0.2717898488044739,0.18574218451976776,0.14307811856269836,0.06457136571407318
AK814,0.4,0.0,0.6,0.0,0.266666667,0.233333333,0.933333333,0.366666667,1.8,0.5,0.166666667,0.333333333,0.033333333,1.6,0.133333333,0.166666667,0.066666667,0.0,0.0,0.0,0.0,0.0,0.4,0.0,0.0,0.433333333,0.0,0.0,0.0,0.133333333,0.233333333,0.0,0.0,0.166666667,0.0,0.733333333,0.1,0.0,0.0,0.0,0.1,0.233333333,0.0,0.266666667,0.0,0.4,0.266666667,0.133333333,0.666666667,0.4,0.166666667,0.42439472675323486,0.0702599436044693,0.3866024911403656,0.08631874620914459,0.2114347219467163,0.10018205642700195,0.3242669701576233,0.15442003309726715,0.784949541091919,0.11220338195562363,0.1519153118133545,0.11736583709716797,0.031930580735206604,1.0195454359054565,0.21557222306728363,0.26270171999931335,0.2267030030488968,0.14219076931476593,0.077821284532547,0.20740196108818054,0.29450923204421997,0.08655323833227158,0.189623162150383,0.07812860608100891,0.060655247420072556,0.1432092785835266,0.12656663358211517,0.09695716202259064,0.08403906226158142,0.3026115596294403,0.23988127708435059,0.08562078326940536,0.06966305524110794,0.11171206086874008,0.04392372816801071,0.5021194815635681,0.14408308267593384,0.035830359905958176,0.0162983238697052,0.09378606826066971,0.09632513672113419,0.13556092977523804,0.03985965624451637,0.10897950083017349,0.17995330691337585,0.16868971288204193,0.11587999016046524,0.23401610553264618,0.1651482731103897,0.14080244302749634,0.07424207776784897
AK971,0.2,0.0,0.266666667,0.133333333,0.233333333,0.033333333,0.366666667,0.266666667,0.4,0.066666667,0.0,0.0,0.0,0.9,0.2,0.166666667,0.066666667,0.0,0.0,0.1,0.133333333,0.0,0.4,0.0,0.066666667,0.3,0.233333333,0.066666667,0.8,0.233333333,0.333333333,0.0,0.0,0.366666667,0.0,1.7,0.633333333,0.0,0.1,0.466666667,0.1,0.3,0.3,0.366666667,0.1,0.466666667,0.433333333,0.4,0.166666667,0.066666667,0.1,0.5006307363510132,0.07426828891038895,0.40625330805778503,0.06877841055393219,0.24796845018863678,0.10441433638334274,0.3485438823699951,0.2131178379058838,0.6419074535369873,0.11220338195562363,0.15910227596759796,0.11227631568908691,0.027391217648983,0.9342271685600281,0.19385501742362976,0.25294962525367737,0.21492420136928558,0.14199189841747284,0.07768023014068604,0.21674905717372894,0.29842108488082886,0.09153973311185837,0.1919444501399994,0.07706113904714584,0.06038179621100426,0.154778853058815,0.0861230418086052,0.09695716202259064,0.09071852266788483,0.23097993433475494,0.19172893464565277,0.10831676423549652,0.1310117393732071,0.1365034431219101,0.04289761558175087,0.4845447540283203,0.14408308267593384,0.04083611071109772,0.010884112678468227,0.10338955372571945,0.09852328896522522,0.1629147082567215,0.03581170365214348,0.10126566141843796,0.17827162146568298,0.18360523879528046,0.13445673882961273,0.26754292845726013,0.20920135080814362,0.14266490936279297,0.07650876045227051
AL120,0.633333333,0.0,0.666666667,2.066666667,0.633333333,0.433333333,0.433333333,0.166666667,0.366666667,0.0,0.0,0.133333333,0.0,1.7,0.233333333,0.733333333,0.533333333,0.133333333,0.0,0.5,0.966666667,0.0,0.366666667,0.0,0.0,0.066666667,0.0,0.166666667,0.0,0.033333333,0.366666667,0.0,0.0,0.1,0.0,0.3,0.133333333,0.0,0.0,0.0,0.1,0.0,0.0,0.133333333,0.3,0.2,0.0,0.0,0.2,0.0,0.166666667,0.6401304602622986,0.0915553942322731,0.5052512884140015,0.1920236200094223,0.46542730927467346,0.18107689917087555,0.3564522862434387,0.1829933375120163,0.6259121298789978,0.11220338195562363,0.14231465756893158,0.06679853051900864,0.004703551530838013,1.0555475950241089,0.24980130791664124,0.22940194606781006,0.21417641639709473,0.1593908816576004,0.0903247520327568,0.33553802967071533,0.3910978436470032,0.11762326210737228,0.24500137567520142,0.08421126753091812,0.06038179621100426,0.24219152331352234,0.08874403685331345,0.09695716202259064,0.07842778414487839,0.25452449917793274,0.21460333466529846,0.07961075752973557,0.08752667158842087,0.2455652952194214,0.06956274062395096,0.7690943479537964,0.14549022912979126,0.0576118603348732,0.014367692172527313,0.08425595611333847,0.21366174519062042,0.13044361770153046,0.06495871394872665,0.12068994343280792,0.1387334018945694,0.2085387110710144,0.12009745091199875,0.17017774283885956,0.18325336277484894,0.14686904847621918,0.14416328072547913
AL200,0.566666667,0.133333333,0.566666667,0.233333333,0.766666667,0.333333333,0.3,0.0,0.166666667,0.133333333,0.0,0.0,0.0,0.566666667,0.266666667,0.066666667,0.266666667,0.1,0.166666667,0.066666667,0.0,0.1,0.2,0.1,0.0,0.133333333,0.0,0.0,0.0,0.333333333,0.333333333,0.266666667,0.2,0.333333333,0.333333333,1.633333333,0.333333333,0.033333333,0.0,0.233333333,0.233333333,0.3,0.133333333,0.066666667,0.066666667,0.166666667,0.0,0.0,0.433333333,0.2,0.733333333,0.45786917209625244,0.07469495385885239,0.41445299983024597,0.08490997552871704,0.4199879467487335,0.14211998879909515,0.28324460983276367,0.13867628574371338,0.4746718108654022,0.11220338195562363,0.08590111881494522,0.10253896564245224,0.04659257456660271,0.8134629130363464,0.18350645899772644,0.22444036602973938,0.1920771449804306,0.15138863027095795,0.09643805027008057,0.28871339559555054,0.38571271300315857,0.15749411284923553,0.25271543860435486,0.08541763573884964,0.060655247420072556,0.36831238865852356,0.10282541811466217,0.09705118089914322,0.17615710198879242,0.324036180973053,0.2632328271865845,0.10313742607831955,0.3989401161670685,0.22831587493419647,0.10133512318134308,0.8669856190681458,0.14549022912979126,0.038837894797325134,0.055529311299324036,0.1584642380475998,0.20450752973556519,0.14661942422389984,0.11299095302820206,0.11912346631288528,0.07148858904838562,0.21598291397094727,0.06330601125955582,0.07335752248764038,0.17840376496315002,0.14104613661766052,0.10260238498449326
AL231,0.5,0.0,0.6,2.233333333,0.466666667,0.033333333,0.3,0.566666667,0.633333333,0.066666667,0.0,0.0,0.0,1.933333333,0.833333333,0.833333333,0.2,0.0,0.0,0.066666667,0.166666667,0.066666667,0.233333333,0.133333333,0.233333333,0.1,0.033333333,0.1,0.1,0.033333333,0.133333333,0.0,0.0,0.166666667,0.0,0.433333333,0.0,0.0,0.066666667,0.133333333,0.0,0.0,0.0,0.0,0.533333333,0.1,0.0,0.133333333,0.0,0.166666667,0.0,0.7176182866096497,0.09031446278095245,0.5175120830535889,0.25935453176498413,0.4346254765987396,0.20276308059692383,0.33964863419532776,0.14928856492042542,0.5686857104301453,0.11220338195562363,0.11809420585632324,0.07483840733766556,0.025393104180693626,1.0986108779907227,0.27713078260421753,0.23289574682712555,0.2104780375957489,0.17029187083244324,0.12142885476350784,0.34223297238349915,0.3874273896217346,0.13849453628063202,0.255432665348053,0.08465307950973511,0.06038179621100426,0.19655197858810425,0.08342505246400833,0.09695716202259064,0.06400913000106812,0.2443220019340515,0.20704986155033112,0.08935118466615677,0.09167523682117462,0.2759987711906433,0.05972468480467796,0.6694220900535583,0.14546900987625122,0.052541691809892654,0.009320462122559547,0.08502976596355438,0.1978580504655838,0.12845838069915771,0.06471338123083115,0.15136650204658508,0.15063676238059998,0.2552042305469513,0.0742959976196289,0.21084687113761902,0.19514212012290955,0.14914625883102417,0.1309543251991272
AL378,0.4,0.0,0.766666667,0.8,0.333333333,0.0,0.4,0.3,1.6,0.266666667,0.9,0.4,0.0,1.566666667,0.266666667,0.5,0.3,0.0,0.0,0.066666667,0.1,0.0,0.166666667,0.1,0.233333333,0.6,0.233333333,0.333333333,0.4,0.6,0.433333333,0.0,0.0,0.133333333,0.0,0.6,0.0,0.0,0.0,0.0,0.1,0.0,0.133333333,0.066666667,0.633333333,0.566666667,0.333333333,0.266666667,0.1,0.0,0.0,0.562478244304657,0.0830019935965538,0.5912677645683289,0.1961907297372818,0.5200258493423462,0.16740520298480988,0.4904656708240509,0.23607869446277618,0.637190043926239,0.11220338195562363,0.16576997935771942,0.2381858229637146,0.02700735814869404,1.1958487033843994,0.2754756212234497,0.28149697184562683,0.2224549651145935,0.14426589012145996,0.08445367962121964,0.2609981298446655,0.3435046076774597,0.08717604726552963,0.21856315433979034,0.09699469804763794,0.06038179621100426,0.2205103635787964,0.09262699633836746,0.09695716202259064,0.18251536786556244,0.3139868974685669,0.22874349355697632,0.09745606034994125,0.09338191151618958,0.1944185346364975,0.06491910666227341,0.7158145904541016,0.14408308267593384,0.041863858699798584,0.02038506232202053,0.10301968455314636,0.18756107985973358,0.13778093457221985,0.06473245471715927,0.08406178653240204,0.19156363606452942,0.26190707087516785,0.10068018734455109,0.2656906843185425,0.17335134744644165,0.14582817256450653,0.12939269840717316
AL397,0.8,0.133333333,0.9,0.0,1.1,0.3,0.4,0.4,0.066666667,0.166666667,0.0,0.0,0.0,0.133333333,0.2,0.033333333,0.3,0.233333333,0.166666667,0.566666667,1.366666667,0.0,0.733333333,0.0,0.0,0.2,0.0,0.1,0.1,0.4,0.3,0.133333333,0.166666667,0.5,0.133333333,1.533333333,0.133333333,0.0,0.0,0.0,0.4,0.033333333,0.0,0.0,0.0,0.1,0.133333333,0.233333333,0.566666667,0.066666667,0.4,0.5117582678794861,0.08272457867860794,0.43238845467567444,0.0606025755405426,0.4011327028274536,0.14518088102340698,0.17552493512630463,0.09342088550329208,0.16909830272197723,0.11220338195562363,0.03676937147974968,0.03972112759947777,0.00403024535626173,0.40398523211479187,0.19902348518371582,0.20502208173274994,0.19136863946914673,0.15940283238887787,0.12275782227516174,0.5877360701560974,0.5950133204460144,0.12203975021839142,0.46377718448638916,0.11270936578512192,0.06067698076367378,0.19572558999061584,0.09764327108860016,0.09705118089914322,0.10530918091535568,0.20080780982971191,0.16534732282161713,0.09251631796360016,0.08445985615253448,0.36278942227363586,0.13464035093784332,0.7693147659301758,0.14549022912979126,0.0360851027071476,0.014383981935679913,0.10404486209154129,0.2127765268087387,0.1419093757867813,0.0908443033695221,0.07668554782867432,0.09384416043758392,0.16486525535583496,0.095015749335289,0.11974156647920609,0.23148152232170105,0.1462884098291397,0.0810147151350975
AL409,0.233333333,0.066666667,0.466666667,0.0,0.6,0.0,0.566666667,0.1,0.9,0.3,0.133333333,0.166666667,0.0,1.266666667,0.3,0.433333333,0.233333333,0.0,0.0,0.266666667,0.5,0.066666667,0.266666667,0.3,0.0,0.233333333,0.266666667,0.5,0.233333333,0.233333333,0.166666667,0.033333333,0.0,0.133333333,0.0,0.866666667,0.9,0.566666667,0.166666667,0.0,0.033333333,0.0,0.366666667,0.366666667,0.1,0.833333333,0.233333333,0.333333333,0.133333333,0.1,0.133333333,0.6002271175384521,0.19062015414237976,0.474539190530777,0.16062824428081512,0.43848103284835815,0.1572834700345993,0.40100663900375366,0.14062662422657013,0.7514100074768066,0.11220338195562363,0.18923255801200867,0.1876426786184311,0.06649865955114365,1.0257904529571533,0.3078158497810364,0.2593723237514496,0.2126111537218094,0.14183497428894043,0.1172630563378334,0.3829663097858429,0.3678241968154907,0.13556478917598724,0.2568759322166443,0.13743174076080322,0.06038179621100426,0.2163926213979721,0.10356825590133667,0.09695716202259064,0.19467490911483765,0.33653366565704346,0.2787597179412842,0.12409713864326477,0.3353147804737091,0.22040396928787231,0.09946556389331818,0.5998989343643188,0.14477509260177612,0.042521268129348755,0.036581896245479584,0.23295991122722626,0.2059646099805832,0.13228000700473785,0.11297310143709183,0.11762738972902298,0.2354932725429535,0.23688291013240814,0.10986478626728058,0.14219175279140472,0.17350690066814423,0.14420925080776215,0.11733353137969971
AL417,0.4,0.0,0.733333333,0.6,0.366666667,0.266666667,0.933333333,0.3,1.666666667,0.833333333,0.8,0.3,0.166666667,2.1,0.433333333,0.566666667,0.166666667,0.066666667,0.0,0.066666667,0.133333333,0.0,0.2,0.066666667,0.133333333,0.5,0.0,0.0,0.133333333,0.2,0.066666667,0.0,0.0,0.233333333,0.0,0.566666667,0.4,0.0,0.0,0.0,0.0,0.0,0.0,0.0,0.1,0.2,0.166666667,0.1,0.0,0.233333333,0.0,0.5280880331993103,0.07804693281650543,0.5761008858680725,0.1900104582309723,0.31031468510627747,0.145531564950943,0.38767752051353455,0.1819969117641449,0.6503928899765015,0.11220338195562363,0.20802715420722961,0.17463421821594238,0.021188635379076004,0.9845723509788513,0.20243558287620544,0.2559362053871155,0.2136535793542862,0.1440988928079605,0.08125195652246475,0.2705512046813965,0.304096519947052,0.10697251558303833,0.22389572858810425,0.08862512558698654,0.06038179621100426,0.14405950903892517,0.10213173925876617,0.09695716202259064,0.10310613363981247,0.3370722532272339,0.23707786202430725,0.10098465532064438,0.19362421333789825,0.176217719912529,0.06686738133430481,0.5063524842262268,0.14408308267593384,0.0387284979224205,0.016312040388584137,0.14676418900489807,0.15260373055934906,0.12216798216104507,0.06986679136753082,0.10534081608057022,0.19789738953113556,0.23736312985420227,0.09190308302640915,0.20130027830600739,0.133301243185997,0.14494653046131134,0.08824789524078369
AL454,0.366666667,0.0,0.533333333,0.133333333,0.533333333,0.2,0.733333333,0.366666667,0.866666667,0.433333333,0.0,0.0,0.0,1.166666667,0.366666667,0.433333333,0.133333333,0.0,0.0,0.166666667,0.333333333,0.0,0.466666667,0.433333333,0.266666667,0.433333333,0.0,0.133333333,0.233333333,0.433333333,0.233333333,0.0,0.0,0.2,0.066666667,0.933333333,0.8,0.5,0.066666667,0.1,0.2,0.266666667,0.033333333,0.1,0.166666667,1.0,0.266666667,0.333333333,0.033333333,0.0,0.133333333,0.6090835332870483,0.06524872034788132,0.49227142333984375,0.2589518427848816,0.6138923764228821,0.17836308479309082,0.42503848671913147,0.17547820508480072,0.7266806960105896,0.11146564781665802,0.15835624933242798,0.15927386283874512,0.07393096387386322,1.1658648252487183,0.3056117594242096,0.24919244647026062,0.21872548758983612,0.1439974457025528,0.08749047666788101,0.33081772923469543,0.3830561637878418,0.09747834503650665,0.22728677093982697,0.11270175129175186,0.06038179621100426,0.19610469043254852,0.09023769199848175,0.09695716202259064,0.16496892273426056,0.3075318932533264,0.21316060423851013,0.08541051298379898,0.16401073336601257,0.24015450477600098,0.06706370413303375,0.7049660086631775,0.14477509260177612,0.047566309571266174,0.01779031567275524,0.15925699472427368,0.21627852320671082,0.12078946083784103,0.06696419417858124,0.20147983729839325,0.14903004467487335,0.2703389823436737,0.10507991909980774,0.2518896758556366,0.2118334025144577,0.15128852427005768,0.13942553102970123
AL538,0.433333333,0.0,0.3,0.066666667,0.333333333,0.0,0.8,0.266666667,0.366666667,0.1,0.0,0.066666667,0.0,1.066666667,0.333333333,0.233333333,0.233333333,0.1,0.066666667,0.166666667,0.133333333,0.1,0.0,0.0,0.0,0.4,0.3,0.133333333,0.9,1.233333333,0.833333333,0.0,0.166666667,0.2,0.066666667,1.133333333,0.466666667,0.0,0.066666667,0.2,0.0,0.0,0.533333333,0.1,0.0,0.733333333,0.0,0.0,0.0,0.0,0.0,0.35586610436439514,0.08877839893102646,0.35970020294189453,0.05000552535057068,0.31960850954055786,0.10011350363492966,0.3136061131954193,0.1527136266231537,0.5521290302276611,0.11220338195562363,0.15092524886131287,0.13951019942760468,0.05415942147374153,0.6891608238220215,0.2373788207769394,0.22947129607200623,0.1862928867340088,0.1471729725599289,0.08314403146505356,0.26134026050567627,0.3467768132686615,0.12422707676887512,0.22237353026866913,0.0853024497628212,0.060403529554605484,0.2878701388835907,0.15847550332546234,0.09994994103908539,0.3591349422931671,0.280892550945282,0.25075435638427734,0.12190822511911392,0.24504050612449646,0.15970298647880554,0.10966575890779495,0.6295268535614014,0.15266139805316925,0.05291183292865753,0.06163140758872032,0.18682950735092163,0.15897023677825928,0.14108052849769592,0.10903207957744598,0.08122225105762482,0.08848489075899124,0.186473086476326,0.07367187738418579,0.19991758465766907,0.1485101878643036,0.13858290016651154,0.06711085140705109
AL679,0.233333333,0.066666667,0.433333333,0.1,0.366666667,0.333333333,0.366666667,0.066666667,0.333333333,0.933333333,0.0,0.1,0.0,0.666666667,0.0,0.2,0.033333333,0.0,0.133333333,0.0,0.133333333,0.0,0.033333333,0.0,0.0,0.166666667,0.0,0.0,0.0,0.4,0.133333333,0.1,0.333333333,0.033333333,0.1,0.766666667,1.166666667,1.166666667,0.2,0.6,0.2,0.0,0.566666667,0.233333333,0.1,0.666666667,0.4,0.133333333,0.1,0.233333333,0.1,0.5826346278190613,0.08579505980014801,0.49197492003440857,0.20555226504802704,0.3897179663181305,0.1820196807384491,0.3626941442489624,0.10949820280075073,0.530430018901825,0.11220338195562363,0.143274188041687,0.08221153914928436,0.03734860196709633,1.0366677045822144,0.25450947880744934,0.2409520000219345,0.2173692286014557,0.14448577165603638,0.09003045409917831,0.3271137773990631,0.3865036964416504,0.11348394304513931,0.23371364176273346,0.12665310502052307,0.06038179621100426,0.13744933903217316,0.1002943143248558,0.09695716202259064,0.164945587515831,0.41320833563804626,0.24284033477306366,0.11576279252767563,0.177109494805336,0.23009514808654785,0.08584282547235489,0.6401176452636719,0.14385315775871277,0.05302899330854416,0.03061455674469471,0.1573600322008133,0.18456047773361206,0.14049899578094482,0.07724907994270325,0.10443317890167236,0.15410514175891876,0.17788448929786682,0.10451772809028625,0.20864678919315338,0.20749065279960632,0.14511053264141083,0.13453972339630127
AL694,0.266666667,0.133333333,0.533333333,0.266666667,0.3,0.433333333,1.066666667,0.066666667,1.566666667,0.8,0.933333333,0.533333333,0.166666667,1.6,0.133333333,0.5,0.233333333,0.133333333,0.0,0.033333333,0.033333333,0.0,0.233333333,0.066666667,0.0,0.4,0.0,0.0,0.233333333,0.1,0.366666667,0.0,0.0,0.266666667,0.0,0.5,0.333333333,0.0,0.0,0.0,0.066666667,0.133333333,0.0,0.0,0.0,0.233333333,0.133333333,0.266666667,0.266666667,0.133333333,0.0,0.6481462121009827,0.08443610370159149,0.45850884914398193,0.08265417814254761,0.36083319783210754,0.14767715334892273,0.35948795080184937,0.08453149348497391,0.7592218518257141,0.11220338195562363,0.16709966957569122,0.16776899993419647,0.04604055732488632,0.9815337061882019,0.22857257723808289,0.23420590162277222,0.1915813684463501,0.142963707447052,0.07967593520879745,0.319143146276474,0.33190974593162537,0.14063604176044464,0.24434521794319153,0.07883904129266739,0.06038179621100426,0.2220391035079956,0.08882616460323334,0.09695716202259064,0.08234456926584244,0.26988354325294495,0.2361975461244583,0.07670433819293976,0.09732811897993088,0.22024068236351013,0.06482913345098495,0.6455252766609192,0.14477509260177612,0.0380748026072979,0.006999204400926828,0.10959383845329285,0.10513350367546082,0.13816992938518524,0.03874747455120087,0.06475139409303665,0.1305696666240692,0.2600458860397339,0.07086494565010071,0.1828562319278717,0.16156157851219177,0.14576344192028046,0.09298916161060333
AL822,1.566666667,0.033333333,0.8,0.0,0.433333333,0.433333333,1.133333333,0.166666667,0.633333333,0.933333333,0.0,0.0,0.0,0.866666667,0.066666667,0.2,0.0,0.033333333,0.0,0.366666667,0.333333333,0.0,0.066666667,0.0,0.066666667,0.0,0.0,0.0,0.0,0.233333333,0.066666667,0.0,0.1,0.166666667,0.0,0.633333333,0.3,0.033333333,0.0,0.0,0.0,0.066666667,0.0,0.066666667,0.166666667,0.166666667,0.366666667,0.0,0.1,0.366666667,0.133333333,0.7598903179168701,0.0820380225777626,0.6889775991439819,0.1450670063495636,0.4438943862915039,0.15246090292930603,0.3577364981174469,0.12344055622816086,0.5314512252807617,0.11220338195562363,0.1327490508556366,0.06596578657627106,0.006988497916609049,0.8801347017288208,0.2322760373353958,0.2145519107580185,0.22974243760108948,0.16524825990200043,0.0894310474395752,0.3492695093154907,0.40118083357810974,0.11893986910581589,0.24029706418514252,0.0866110697388649,0.06038179621100426,0.18893444538116455,0.0903325304389,0.09695716202259064,0.08910918980836868,0.31088316440582275,0.22010698914527893,0.09604863077402115,0.13118360936641693,0.3103671967983246,0.06383917480707169,0.7282059788703918,0.14757610857486725,0.05207130312919617,0.011063195765018463,0.1092502698302269,0.2272329181432724,0.13370174169540405,0.04373838007450104,0.12991592288017273,0.12942616641521454,0.2027156800031662,0.13235870003700256,0.18781062960624695,0.22156764566898346,0.1561497002840042,0.1564674824476242
AL933,0.4,0.0,0.566666667,0.133333333,0.233333333,0.133333333,0.933333333,0.1,1.1,1.233333333,0.066666667,0.3,0.0,1.0,0.266666667,0.233333333,0.0,0.0,0.0,0.066666667,0.166666667,0.0,0.2,0.133333333,0.0,0.333333333,0.066666667,0.0,0.2,0.566666667,0.433333333,0.0,0.0,0.333333333,0.166666667,0.733333333,0.533333333,0.0,0.2,0.133333333,0.066666667,0.2,0.133333333,0.266666667,0.133333333,0.3,0.233333333,0.266666667,0.3,0.266666667,0.066666667,0.6531940698623657,0.28908872604370117,0.5447595119476318,0.21956171095371246,0.4318564832210541,0.1577957570552826,0.31836533546447754,0.19393672049045563,0.6572474241256714,0.11220338195562363,0.1205361858010292,0.18848823010921478,0.02866368368268013,0.8405259251594543,0.2172413319349289,0.24433280527591705,0.20499706268310547,0.1439719796180725,0.08011944591999054,0.31679555773735046,0.3321603834629059,0.10970856994390488,0.22963960468769073,0.0866411030292511,0.06038179621100426,0.16243965923786163,0.1057649627327919,0.09695716202259064,0.13025225698947906,0.36084434390068054,0.21746230125427246,0.08271286636590958,0.07921300828456879,0.1701006293296814,0.06199369207024574,0.6008888483047485,0.14351187646389008,0.043534088879823685,0.009763142094016075,0.12101543694734573,0.17637495696544647,0.14985966682434082,0.07242093980312347,0.09974975138902664,0.2100093811750412,0.2480670064687729,0.0964316874742508,0.22249025106430054,0.16931185126304626,0.14651483297348022,0.1014256477355957
AL944,0.833333333,0.166666667,0.7,0.9,0.466666667,0.5,0.433333333,0.033333333,0.266666667,1.066666667,0.133333333,0.0,0.0,0.533333333,0.033333333,0.1,0.2,0.0,0.033333333,0.133333333,0.233333333,0.0,0.166666667,0.066666667,0.0,0.1,0.0,0.0,0.0,0.3,0.266666667,0.0,0.0,0.233333333,0.133333333,0.666666667,0.633333333,0.333333333,0.2,0.333333333,0.233333333,0.0,0.1,0.333333333,0.2,0.133333333,0.0,0.066666667,0.1,0.066666667,0.133333333,0.6880970001220703,0.08173319697380066,0.5325927138328552,0.2885340750217438,0.41227394342422485,0.1670670062303543,0.3840540945529938,0.09329438954591751,0.49014025926589966,0.11220338195562363,0.10889614373445511,0.08071113377809525,0.018466098234057426,0.8248223662376404,0.16472099721431732,0.2306496649980545,0.20944172143936157,0.1430123746395111,0.08897127211093903,0.3303290009498596,0.37949493527412415,0.11189980804920197,0.24223075807094574,0.0910618007183075,0.06038179621100426,0.15059852600097656,0.08883462101221085,0.09695716202259064,0.12975379824638367,0.3244149386882782,0.2471950203180313,0.09693510085344315,0.13994301855564117,0.19918514788150787,0.09155530482530594,0.7549809813499451,0.14398838579654694,0.042538832873106,0.05685393512248993,0.17264807224273682,0.16773927211761475,0.14617322385311127,0.13000530004501343,0.05855877697467804,0.20037619769573212,0.17210860550403595,0.11916789412498474,0.06533223390579224,0.21987192332744598,0.14355617761611938,0.12673470377922058
AL973,1.3,0.0,0.433333333,0.1,0.033333333,0.1,0.4,0.2,0.766666667,0.0,0.133333333,0.0,0.0,0.666666667,0.133333333,0.133333333,0.0,0.0,0.066666667,0.0,0.066666667,0.1,0.5,0.0,0.0,0.5,0.133333333,0.0,0.066666667,0.166666667,0.1,0.166666667,0.033333333,0.433333333,0.1,1.433333333,0.666666667,0.366666667,0.1,0.666666667,0.5,0.366666667,0.533333333,0.166666667,0.066666667,0.333333333,0.133333333,0.0,0.4,0.233333333,0.433333333,0.6589472889900208,0.7958464622497559,0.6283380389213562,0.08628378063440323,0.47176292538642883,0.1769738495349884,0.37435925006866455,0.18911343812942505,0.5118935108184814,0.11220338195562363,0.13959422707557678,0.09363067150115967,0.011544902808964252,0.6656360626220703,0.18196246027946472,0.22761712968349457,0.20975473523139954,0.14651447534561157,0.08864010125398636,0.42892810702323914,0.6671510338783264,0.12738674879074097,0.3568747937679291,0.15278606116771698,0.06038179621100426,0.283488005399704,0.08786921203136444,0.09783373773097992,0.1025666818022728,0.3188132345676422,0.22615307569503784,0.10718625783920288,0.10883931815624237,0.3130247890949249,0.09788209199905396,0.7218528985977173,0.15120366215705872,0.044731732457876205,0.034352611750364304,0.17575779557228088,0.24781231582164764,0.16850130259990692,0.2556942403316498,0.08167986571788788,0.08915586769580841,0.24871337413787842,0.11016105860471725,0.11220219731330872,0.24691401422023773,0.15283682942390442,0.14734700322151184
AM414,0.766666667,0.0,1.533333333,0.333333333,1.033333333,0.866666667,0.866666667,0.266666667,0.633333333,0.4,0.433333333,0.0,0.166666667,0.866666667,0.066666667,0.166666667,0.233333333,0.0,0.033333333,0.0,0.0,0.0,0.0,0.0,0.0,0.0,0.0,0.0,0.0,0.2,0.433333333,0.066666667,0.333333333,0.4,0.033333333,0.833333333,0.133333333,0.0,0.1,0.066666667,0.033333333,0.066666667,0.133333333,0.033333333,0.5,0.733333333,0.166666667,0.333333333,0.0,0.133333333,0.433333333,0.40277084708213806,0.07235003262758255,0.45643550157546997,0.2769560217857361,0.48862501978874207,0.16282647848129272,0.576835036277771,0.2743774354457855,0.6990055441856384,0.11220338195562363,0.2604689300060272,0.1993936449289322,0.09302659332752228,1.219763994216919,0.33584776520729065,0.27037015557289124,0.19042226672172546,0.1423017680644989,0.08054549992084503,0.30297109484672546,0.33495065569877625,0.08890999108552933,0.1918921172618866,0.09272979199886322,0.06038179621100426,0.14471039175987244,0.10046233236789703,0.09695716202259064,0.15779224038124084,0.3028402030467987,0.241648331284523,0.13222411274909973,0.2306051403284073,0.13891294598579407,0.04823353514075279,0.5064984560012817,0.14408308267593384,0.03942037373781204,0.03901751711964607,0.10160112380981445,0.1612694263458252,0.1278514713048935,0.05960099771618843,0.10344389826059341,0.23154614865779877,0.17066599428653717,0.10241365432739258,0.1510770171880722,0.19908398389816284,0.14093849062919617,0.10524134337902069
AM435,0.4,0.0,1.1,1.433333333,0.833333333,0.433333333,0.2,0.566666667,0.833333333,0.2,0.166666667,0.066666667,0.0,1.466666667,0.433333333,0.633333333,0.433333333,0.166666667,0.1,0.2,0.0,0.066666667,0.166666667,0.066666667,0.0,0.0,0.0,0.0,0.0,0.3,0.3,0.2,0.166666667,0.233333333,0.0,0.733333333,0.033333333,0.0,0.0,0.0,0.533333333,0.066666667,0.0,0.266666667,0.933333333,0.666666667,0.133333333,0.566666667,0.166666667,0.2,0.166666667,0.4213477075099945,0.06235456094145775,0.3861534893512726,0.27476590871810913,0.34524843096733093,0.17181169986724854,0.595632016658783,0.42477479577064514,0.7640504240989685,0.11220338195562363,0.25681647658348083,0.23852312564849854,0.11669168621301651,1.3187828063964844,0.29966098070144653,0.2968379557132721,0.18039773404598236,0.1432819366455078,0.08048062026500702,0.3051939010620117,0.3368557095527649,0.08887140452861786,0.19452476501464844,0.08239495754241943,0.06038179621100426,0.12675020098686218,0.0895785465836525,0.09695716202259064,0.07950723171234131,0.22018201649188995,0.19088760018348694,0.08539402484893799,0.093396857380867,0.08428844809532166,0.029526013880968094,0.40797561407089233,0.14479821920394897,0.022582335397601128,0.018340103328227997,0.09555289894342422,0.15090353786945343,0.13118131458759308,0.027722720056772232,0.15904216468334198,0.2636837661266327,0.1628461480140686,0.0995393842458725,0.28447169065475464,0.20413877069950104,0.14093849062919617,0.08960187435150146
AM571,0.433333333,0.2,0.7,1.633333333,0.433333333,0.333333333,1.3,0.733333333,0.4,0.1,0.0,0.066666667,0.0,0.966666667,0.1,0.233333333,0.2,0.0,0.033333333,0.166666667,0.166666667,0.0,0.0,0.0,0.033333333,0.066666667,0.0,0.0,0.0,0.066666667,0.0,0.0,0.0,0.133333333,0.0,0.6,0.0,0.0,0.0,0.0,0.0,0.0,0.133333333,0.7,0.933333333,0.333333333,0.166666667,0.4,0.0,0.233333333,0.066666667,0.4540209472179413,0.08128538727760315,0.5741235613822937,0.4828362762928009,0.33305037021636963,0.17281125485897064,0.9569487571716309,0.584851086139679,0.5942583084106445,0.11394947022199631,0.13731525838375092,0.24446216225624084,0.06248217076063156,1.1751940250396729,0.2880108058452606,0.2853321433067322,0.2156950980424881,0.149024099111557,0.09023147076368332,0.2695728540420532,0.3502952456474304,0.12848758697509766,0.24735386669635773,0.10481671243906021,0.061453767120838165,0.2127794474363327,0.1494016945362091,0.09695716202259064,0.10067318379878998,0.20260000228881836,0.18640083074569702,0.08840924501419067,0.13083361089229584,0.12576404213905334,0.05402125418186188,0.41805094480514526,0.14414402842521667,0.07290578633546829,0.04241979494690895,0.0957416296005249,0.11261554807424545,0.15026195347309113,0.17725501954555511,0.15681713819503784,0.39310094714164734,0.24164506793022156,0.1456824541091919,0.25527477264404297,0.1723567694425583,0.14248469471931458,0.09783252328634262
AN176,0.766666667,0.266666667,0.4,0.266666667,0.9,0.2,0.5,0.5,0.933333333,0.333333333,0.1,0.266666667,0.0,1.7,0.5,0.5,0.566666667,0.333333333,0.1,0.0,0.0,0.0,0.133333333,0.1,0.0,0.433333333,0.133333333,0.0,0.0,0.133333333,0.1,0.0,0.0,0.133333333,0.066666667,0.466666667,0.0,0.0,0.0,0.0,0.366666667,0.133333333,0.0,0.1,0.066666667,0.066666667,0.0,0.533333333,0.366666667,0.0,0.1,0.2535862922668457,0.060129422694444656,0.3969491720199585,0.17794844508171082,0.2721010148525238,0.11795832961797714,0.30468153953552246,0.3244234323501587,0.606113851070404,0.11474499851465225,0.1617002636194229,0.3771812319755554,0.07329598069190979,1.3219116926193237,0.6224344372749329,0.3930528461933136,0.3906547427177429,0.17888285219669342,0.24459584057331085,0.3306618630886078,0.33655330538749695,0.1447283923625946,0.2547508180141449,0.10034146159887314,0.06146169826388359,0.2137565165758133,0.10210604965686798,0.09695716202259064,0.0961180329322815,0.20756055414676666,0.21547777950763702,0.18786002695560455,0.19083529710769653,0.31220537424087524,0.05833721160888672,0.45377978682518005,0.1450137197971344,0.09698252379894257,0.019023455679416656,0.166360542178154,0.19549089670181274,0.16292786598205566,0.07093771547079086,0.45922553539276123,0.237102210521698,0.16514721512794495,0.0869022086262703,0.3168131113052368,0.22352397441864014,0.1385854333639145,0.11515501141548157
AO060,0.5,0.0,0.833333333,0.1,1.166666667,0.433333333,0.2,0.366666667,0.266666667,0.033333333,0.0,0.0,0.0,0.6,0.266666667,0.2,0.4,0.3,0.066666667,0.433333333,0.8,0.0,0.733333333,0.0,0.0,0.066666667,0.0,0.0,0.0,0.266666667,0.133333333,0.066666667,0.0,0.933333333,0.0,1.366666667,0.233333333,0.0,0.033333333,0.366666667,0.333333333,0.266666667,0.0,0.3,0.2,0.166666667,0.233333333,0.2,0.733333333,0.733333333,0.0,0.5018628239631653,0.08970044553279877,0.56035315990448,0.20807459950447083,0.6557538509368896,0.17912355065345764,0.4906005263328552,0.28879621624946594,0.66960209608078,0.11146564781665802,0.21070626378059387,0.13651011884212494,0.0568813793361187,1.071250081062317,0.30639493465423584,0.2540162205696106,0.2684948742389679,0.16289308667182922,0.2483239620923996,0.4761979877948761,0.4541260600090027,0.13327166438102722,0.28917616605758667,0.12891539931297302,0.061453767120838165,0.18166984617710114,0.14663615822792053,0.10183587670326233,0.25231921672821045,0.3530522584915161,0.23831874132156372,0.14758212864398956,0.2838558852672577,0.2788585126399994,0.08669006824493408,0.5712594389915466,0.14408308267593384,0.0457736998796463,0.04348825290799141,0.23266513645648956,0.24449127912521362,0.161904975771904,0.10480812937021255,0.35948899388313293,0.20423424243927002,0.29295027256011963,0.2124393731355667,0.4195931851863861,0.20445136725902557,0.14571762084960938,0.1748470962047577
AO074,0.633333333,0.0,0.8,0.566666667,0.5,0.233333333,0.433333333,0.566666667,0.533333333,0.066666667,0.1,0.233333333,0.0,1.0,0.266666667,0.2,0.133333333,0.033333333,0.066666667,1.2,1.933333333,0.133333333,1.066666667,0.0,0.066666667,0.066666667,0.133333333,0.066666667,0.166666667,0.2,0.0,0.0,0.0,0.433333333,0.0,0.966666667,0.166666667,0.0,0.0,0.133333333,0.1,0.066666667,0.0,0.366666667,0.1,0.033333333,0.2,0.0,0.1,0.166666667,0.0,0.2900440990924835,0.056599151343107224,0.39375126361846924,0.13747072219848633,0.32774341106414795,0.11555211246013641,0.35362038016319275,0.38944822549819946,0.6316306591033936,0.11146564781665802,0.12394162267446518,0.2538147270679474,0.09742506593465805,1.3125815391540527,0.4465567171573639,0.33955442905426025,0.23489290475845337,0.1669427454471588,0.09348973631858826,0.37428009510040283,0.3547440469264984,0.1283605694770813,0.2384701520204544,0.10076664388179779,0.060655247420072556,0.20326758921146393,0.08840156346559525,0.09695716202259064,0.07811295241117477,0.17926441133022308,0.18442431092262268,0.10935959964990616,0.09651103615760803,0.19668084383010864,0.040269069373607635,0.4974852502346039,0.14549022912979126,0.028206275776028633,0.013285626657307148,0.11765437573194504,0.19142097234725952,0.14290975034236908,0.040711432695388794,0.1576923429965973,0.16833089292049408,0.1532609611749649,0.037110745906829834,0.3014199435710907,0.21628284454345703,0.139908105134964,0.06987138092517853
AO456,0.533333333,0.0,0.3,0.2,0.166666667,0.4,1.366666667,0.266666667,1.733333333,0.166666667,0.4,0.8,0.166666667,1.233333333,0.266666667,0.3,0.0,0.0,0.0,0.0,0.0,0.0,0.066666667,0.133333333,0.0,0.0,0.1,0.0,0.0,0.433333333,0.766666667,0.033333333,0.0,0.0,0.0,0.066666667,0.466666667,0.0,0.0,0.0,0.066666667,0.033333333,0.0,0.366666667,0.0,0.2,0.666666667,1.266666667,0.3,0.133333333,0.0,0.31443899869918823,0.058977771550416946,0.40039169788360596,0.1569681018590927,0.3424331843852997,0.1472731977701187,0.3919815421104431,0.25828638672828674,1.040958046913147,0.11220338195562363,0.36089396476745605,0.4399867653846741,0.08632946759462357,1.6256256103515625,0.3640297055244446,0.30473291873931885,0.20369823276996613,0.14284324645996094,0.07892590761184692,0.29105764627456665,0.36968404054641724,0.08261105418205261,0.21816961467266083,0.09654795378446579,0.061453767120838165,0.20235049724578857,0.11912906914949417,0.09695716202259064,0.16375982761383057,0.29525676369667053,0.2668461799621582,0.10798777639865875,0.14589668810367584,0.09279997646808624,0.0634446069598198,0.4822593629360199,0.14408308267593384,0.03913839906454086,0.026648951694369316,0.13758262991905212,0.127468079328537,0.1356879025697708,0.09156142175197601,0.14843890070915222,0.210780069231987,0.12700049579143524,0.08417664468288422,0.21265283226966858,0.15385690331459045,0.14264240860939026,0.059844568371772766
AO486,0.666666667,0.2,0.566666667,0.333333333,0.133333333,0.2,0.9,0.533333333,1.733333333,0.133333333,0.966666667,0.633333333,0.766666667,2.3,0.4,0.233333333,0.133333333,0.066666667,0.0,0.333333333,0.333333333,0.0,0.0,0.433333333,0.033333333,1.2,0.0,0.5,0.0,0.166666667,0.1,0.0,0.433333333,0.0,0.0,0.366666667,0.0,0.0,0.0,0.0,0.066666667,0.1,0.0,0.1,0.133333333,0.166666667,0.066666667,0.1,0.266666667,0.3,0.0,0.3881792426109314,0.0947064533829689,0.4621340036392212,0.43910691142082214,0.39397841691970825,0.1751837432384491,0.4582711160182953,0.37431463599205017,0.7697113156318665,0.11146564781665802,0.27981260418891907,0.3516331613063812,0.17753922939300537,1.31308114528656,0.36840665340423584,0.3103505074977875,0.2191731184720993,0.16932199895381927,0.1650141328573227,0.2609621584415436,0.3333373963832855,0.1390751451253891,0.19345881044864655,0.11185050755739212,0.06038179621100426,0.42076846957206726,0.09227084368467331,0.0977526381611824,0.04048831760883331,0.17808037996292114,0.20092682540416718,0.09993316978216171,0.25507304072380066,0.22886653244495392,0.0373217836022377,0.4100008010864258,0.1453082114458084,0.10656313598155975,0.01178391557186842,0.11312849819660187,0.2613878846168518,0.20650821924209595,0.052667565643787384,0.5551918745040894,0.3425898849964142,0.29275205731391907,0.09364105761051178,0.3216264843940735,0.331134170293808,0.14427489042282104,0.11305646598339081
AO762,0.2,0.0,0.233333333,0.233333333,0.233333333,0.166666667,0.6,0.566666667,0.433333333,0.2,0.2,0.166666667,0.0,1.3,0.4,0.566666667,0.733333333,0.1,0.066666667,0.1,0.166666667,0.0,0.1,0.0,0.0,0.166666667,0.1,0.0,0.0,0.133333333,0.166666667,0.0,0.0,0.133333333,0.0,0.233333333,0.533333333,0.0,0.0,0.0,0.2,0.233333333,0.0,0.2,0.166666667,0.566666667,0.333333333,2.1,0.233333333,0.2,0.033333333,0.32701557874679565,0.07047351449728012,0.4504251182079315,0.21905304491519928,0.44780072569847107,0.16161546111106873,0.35728365182876587,0.35390856862068176,0.4494761526584625,0.11146564781665802,0.15401729941368103,0.22696809470653534,0.03794330731034279,1.2525008916854858,0.47618988156318665,0.3295442759990692,0.24574264883995056,0.18476879596710205,0.2056220918893814,0.35812070965766907,0.3828599154949188,0.22440265119075775,0.3225838840007782,0.172735333442688,0.061453767120838165,0.2244177907705307,0.10639775544404984,0.09695716202259064,0.13235045969486237,0.29243266582489014,0.22179800271987915,0.2016831338405609,0.39137330651283264,0.25936034321784973,0.09432845562696457,0.44074851274490356,0.1453082114458084,0.11788744479417801,0.03948083519935608,0.1438339501619339,0.15097424387931824,0.1510665863752365,0.13395093381404877,0.41383734345436096,0.27925077080726624,0.3375621736049652,0.1874481588602066,0.6488898396492004,0.21945111453533173,0.1439734399318695,0.1308695375919342
AO865,0.8,0.0,1.066666667,0.5,0.766666667,0.466666667,2.0,0.633333333,0.6,0.166666667,0.2,0.4,0.166666667,1.5,0.366666667,0.4,0.6,0.0,0.133333333,0.066666667,0.3,0.0,0.0,0.066666667,0.0,0.066666667,0.066666667,0.0,0.0,0.233333333,0.566666667,0.0,0.066666667,0.533333333,0.0,0.4,0.033333333,0.0,0.0,0.1,0.1,0.466666667,0.033333333,0.433333333,0.2,0.066666667,0.266666667,0.3,0.333333333,0.333333333,0.066666667,0.3035224676132202,0.0552508682012558,0.40058961510658264,0.2398984581232071,0.3060314953327179,0.14217330515384674,0.37922629714012146,0.3134549558162689,0.6692152619361877,0.11220338195562363,0.19724123179912567,0.2316335141658783,0.07072193920612335,1.3647897243499756,0.42252281308174133,0.32602736353874207,0.2469312995672226,0.15416032075881958,0.09408380836248398,0.35038307309150696,0.3596244752407074,0.12860281765460968,0.21798470616340637,0.09592590481042862,0.060655247420072556,0.18539480865001678,0.09031248092651367,0.09695716202259064,0.1072639524936676,0.21211612224578857,0.23273561894893646,0.08412959426641464,0.1390833705663681,0.11943471431732178,0.04346083477139473,0.4070870578289032,0.14549821615219116,0.028103401884436607,0.014998313039541245,0.11759226024150848,0.1005646139383316,0.13270068168640137,0.047776639461517334,0.2007582038640976,0.18816311657428741,0.13509812951087952,0.04922950640320778,0.2770102620124817,0.19599367678165436,0.1408628225326538,0.06967993825674057
AP029,0.466666667,0.0,0.533333333,0.333333333,0.366666667,0.1,0.533333333,0.3,1.366666667,0.1,0.133333333,1.033333333,0.133333333,1.2,0.166666667,0.266666667,0.066666667,0.066666667,0.0,0.066666667,0.0,0.0,0.0,0.066666667,0.0,0.266666667,0.1,0.0,0.066666667,0.1,0.3,0.0,0.0,0.0,0.0,0.366666667,0.233333333,0.0,0.0,0.0,0.133333333,0.166666667,0.0,0.233333333,0.233333333,0.5,0.333333333,0.866666667,0.333333333,0.266666667,0.033333333,0.38333332538604736,0.07931458950042725,0.4665464460849762,0.18306395411491394,0.3049372434616089,0.11505040526390076,0.41115257143974304,0.17098797857761383,0.9518419504165649,0.11145826429128647,0.26947516202926636,0.4703958034515381,0.08304695039987564,1.0123181343078613,0.2456427663564682,0.2792392671108246,0.2070283740758896,0.1427769958972931,0.07958216965198517,0.22867442667484283,0.3158741593360901,0.11716993153095245,0.24968306720256805,0.07908212393522263,0.060655247420072556,0.12735188007354736,0.223774254322052,0.10164586454629898,0.4920653998851776,0.45012974739074707,0.31424304842948914,0.11574149876832962,0.1115526482462883,0.20694512128829956,0.05734527111053467,0.5290119051933289,0.14329637587070465,0.034621462225914,0.09475002437829971,0.16941113770008087,0.17124055325984955,0.16458843648433685,0.09193413704633713,0.213748037815094,0.13060985505580902,0.25852492451667786,0.13431210815906525,0.2677474021911621,0.2012770175933838,0.14083026349544525,0.0936853364109993
AP067,0.1,0.0,0.3,0.266666667,0.5,0.066666667,0.533333333,0.166666667,0.533333333,0.0,0.1,0.333333333,0.0,1.9,0.6,0.766666667,3.366666667,0.166666667,0.4,0.466666667,0.266666667,0.0,0.333333333,0.066666667,0.033333333,0.266666667,0.0,0.066666667,0.0,0.066666667,0.066666667,0.0,0.066666667,0.0,0.0,0.433333333,0.166666667,0.0,0.0,0.0,0.166666667,0.133333333,0.0,0.266666667,0.4,0.1,0.133333333,0.5,0.2,0.0,0.0,0.39315471053123474,0.08344538509845734,0.4199084937572479,0.15085315704345703,0.47729912400245667,0.1477658748626709,0.3211115300655365,0.3268302381038666,0.5862898230552673,0.11220338195562363,0.17111654579639435,0.1881301999092102,0.04376354441046715,1.103426218032837,0.35075637698173523,0.2691915035247803,0.22973620891571045,0.1464226096868515,0.08330877125263214,0.35348185896873474,0.4020366668701172,0.1028226837515831,0.23681281507015228,0.07759232819080353,0.06038179621100426,0.17416393756866455,0.08807431161403656,0.0977526381611824,0.04938843846321106,0.1633274257183075,0.21147695183753967,0.08840405195951462,0.08750653266906738,0.19333972036838531,0.03789409250020981,0.5914840698242188,0.14923039078712463,0.04234539344906807,0.013620937243103981,0.08523012697696686,0.20595486462116241,0.15348778665065765,0.08069781213998795,0.1926509141921997,0.13645753264427185,0.19969411194324493,0.06435233354568481,0.22210298478603363,0.2601882815361023,0.14256100356578827,0.13494496047496796
AP145,0.366666667,0.0,0.4,1.9,0.533333333,0.433333333,0.666666667,0.4,1.0,0.2,0.066666667,0.0,0.066666667,1.933333333,0.6,0.566666667,0.5,0.166666667,0.0,0.033333333,0.133333333,0.0,0.066666667,0.066666667,0.1,0.466666667,0.133333333,0.0,0.0,0.033333333,0.033333333,0.033333333,0.1,0.233333333,0.066666667,0.133333333,0.1,0.0,0.0,0.033333333,0.433333333,0.433333333,0.166666667,0.266666667,1.066666667,0.3,0.266666667,0.4,0.433333333,0.2,0.033333333,0.3009639382362366,0.10815932601690292,0.5010156035423279,0.8848087191581726,0.27509281039237976,0.19871605932712555,0.46430930495262146,0.2695903480052948,0.6453652381896973,0.11145833879709244,0.18059706687927246,0.2346782088279724,0.052055634558200836,1.2136133909225464,0.3618566393852234,0.28727155923843384,0.205562561750412,0.14689704775810242,0.09112045913934708,0.32584691047668457,0.3726150393486023,0.10855311155319214,0.23696652054786682,0.11511874198913574,0.060403529554605484,0.13347658514976501,0.10470322519540787,0.09695716202259064,0.1372624933719635,0.28652235865592957,0.21706953644752502,0.09643569588661194,0.21823842823505402,0.15005959570407867,0.05327635630965233,0.4265783429145813,0.14477509260177612,0.16263818740844727,0.01859622448682785,0.12387418746948242,0.19892138242721558,0.172258198261261,0.10690096765756607,0.2577570676803589,0.4289231598377228,0.35231852531433105,0.09100253134965897,0.28164103627204895,0.1674584001302719,0.1409415453672409,0.11679601669311523
AP146,0.3,0.0,0.3,0.3,0.3,0.166666667,0.1,0.0,0.066666667,0.0,0.066666667,0.0,0.0,0.766666667,0.433333333,0.3,0.133333333,0.0,0.233333333,0.3,0.266666667,0.366666667,0.3,0.1,0.0,0.0,0.166666667,0.233333333,0.6,0.5,0.466666667,1.066666667,0.4,0.2,0.5,1.533333333,0.133333333,0.566666667,0.4,1.8,0.533333333,0.066666667,0.666666667,0.166666667,0.233333333,0.166666667,0.0,0.066666667,0.2,0.4,0.0,0.2862166464328766,0.06487981230020523,0.36911484599113464,0.30304384231567383,0.28061360120773315,0.123090960085392,0.24004700779914856,0.30405744910240173,0.8234558701515198,0.11220338195562363,0.23666241765022278,0.21241992712020874,0.06594040244817734,1.2555127143859863,0.3034539222717285,0.2825045585632324,0.2028164118528366,0.14361777901649475,0.08016366511583328,0.34607958793640137,0.3580194413661957,0.10340505838394165,0.2329651266336441,0.17486914992332458,0.06038179621100426,0.1411522924900055,0.09025888890028,0.09726740419864655,0.08092110604047775,0.17917144298553467,0.2623966336250305,0.10662046819925308,0.12329143285751343,0.0876217782497406,0.10032591968774796,0.4766698181629181,0.14408308267593384,0.04177908971905708,0.06621351838111877,0.18293634057044983,0.20022641122341156,0.1502874791622162,0.10628271847963333,0.12273001670837402,0.30489489436149597,0.11981305480003357,0.08441147953271866,0.21764303743839264,0.2011183351278305,0.1404580920934677,0.06262532621622086
AP340,0.9,0.766666667,0.533333333,0.133333333,0.533333333,0.1,0.733333333,0.2,2.2,0.233333333,1.5,1.433333333,0.2,2.433333333,0.2,0.366666667,0.166666667,0.1,0.0,0.0,0.133333333,0.0,0.0,0.0,0.0,0.1,0.0,0.0,0.0,0.066666667,0.2,0.0,0.0,0.0,0.0,0.233333333,0.166666667,0.0,0.033333333,0.033333333,0.166666667,0.1,0.0,0.1,0.166666667,0.0,0.433333333,0.133333333,0.3,0.3,0.0,0.4559324383735657,0.21069039404392242,0.46258729696273804,0.11512241512537003,0.27144426107406616,0.15307089686393738,0.5064712762832642,0.1917935013771057,0.6722694039344788,0.11220338195562363,0.2931857109069824,0.18591231107711792,0.13273650407791138,0.8474855422973633,0.11208537220954895,0.1842944473028183,0.17513032257556915,0.14186282455921173,0.07838599383831024,0.18330565094947815,0.28576788306236267,0.08062122762203217,0.17405612766742706,0.0664210394024849,0.06038179621100426,0.08127230405807495,0.08429040759801865,0.09695716202259064,0.04224930331110954,0.10092052072286606,0.17428387701511383,0.06933963298797607,0.06183749809861183,0.11738146841526031,0.04366891086101532,0.35564398765563965,0.14408308267593384,0.02420680969953537,0.0029055553022772074,0.07353817671537399,0.04906358942389488,0.17857487499713898,0.008152776397764683,0.15263977646827698,0.21822810173034668,0.1350041925907135,0.06953493505716324,0.1575869917869568,0.20044800639152527,0.14179225265979767,0.04885772243142128
AP397,0.366666667,0.1,0.466666667,0.2,0.4,0.2,0.566666667,0.633333333,2.5,0.266666667,0.666666667,1.6,0.133333333,2.266666667,0.433333333,0.333333333,0.4,0.166666667,0.0,0.1,0.033333333,0.066666667,0.0,0.0,0.0,0.2,0.033333333,0.0,0.133333333,0.266666667,0.433333333,0.0,0.0,0.0,0.0,0.733333333,0.1,0.0,0.0,0.033333333,0.133333333,0.066666667,0.266666667,0.166666667,0.266666667,0.466666667,0.066666667,0.4,0.0,0.0,0.0,0.3897692561149597,0.06410785764455795,0.4166467487812042,0.17521384358406067,0.3942279517650604,0.12974756956100464,0.35913193225860596,0.33704835176467896,1.0582163333892822,0.11220338195562363,0.29394498467445374,0.386522114276886,0.05019813030958176,1.4000247716903687,0.3873903155326843,0.32340243458747864,0.22676753997802734,0.14443263411521912,0.08447220176458359,0.3724023103713989,0.3585369884967804,0.1604090929031372,0.22026607394218445,0.12109747529029846,0.06038179621100426,0.16451656818389893,0.11501602828502655,0.09695716202259064,0.2789252996444702,0.37405645847320557,0.3242286443710327,0.17626848816871643,0.32780665159225464,0.11283934116363525,0.05400059372186661,0.5379383563995361,0.14477509260177612,0.04008857533335686,0.05712950974702835,0.19598765671253204,0.15967588126659393,0.14665426313877106,0.10927838087081909,0.14104920625686646,0.1637859344482422,0.19452542066574097,0.0871763601899147,0.3446222245693207,0.19562098383903503,0.1416597217321396,0.09391599148511887
AP399,1.133333333,0.0,1.2,0.0,0.533333333,0.066666667,0.233333333,0.033333333,0.366666667,0.1,0.1,0.066666667,0.0,0.6,0.266666667,0.266666667,0.4,0.033333333,0.133333333,0.633333333,0.533333333,0.533333333,0.633333333,0.466666667,0.0,0.4,0.0,0.1,0.266666667,0.733333333,0.7,0.133333333,0.866666667,0.466666667,0.3,0.766666667,0.2,0.0,0.0,0.0,0.2,0.366666667,0.233333333,0.2,0.133333333,0.6,0.233333333,0.233333333,0.233333333,0.066666667,0.2,0.5169116854667664,0.46788132190704346,0.5422554016113281,0.2766313850879669,0.36355140805244446,0.12716414034366608,0.3705010712146759,0.26387283205986023,0.7479001879692078,0.11220338195562363,0.21939235925674438,0.36026567220687866,0.08050401508808136,1.0434868335723877,0.23853667080402374,0.2668103277683258,0.24631346762180328,0.14491644501686096,0.07958216965198517,0.2823237180709839,0.34821197390556335,0.1084832027554512,0.27070096135139465,0.10297226905822754,0.060655247420072556,0.2775173783302307,0.21282276511192322,0.09695716202259064,0.4207191467285156,0.4804028570652008,0.3065387010574341,0.14350809156894684,0.12758734822273254,0.32068201899528503,0.08788011968135834,0.6579372882843018,0.14329637587070465,0.05006725341081619,0.10804473608732224,0.23049725592136383,0.26479655504226685,0.15912403166294098,0.13822109997272491,0.12305419892072678,0.16170772910118103,0.2682754397392273,0.11756662279367447,0.17604462802410126,0.20714716613292694,0.14460879564285278,0.140696719288826
AP431,0.133333333,0.0,0.266666667,0.433333333,0.066666667,0.066666667,0.3,0.233333333,3.166666667,0.0,0.7,2.366666667,0.233333333,2.566666667,0.566666667,0.266666667,0.1,0.0,0.0,0.233333333,0.4,0.266666667,0.2,0.066666667,0.0,0.033333333,0.0,0.0,0.0,0.333333333,0.266666667,0.233333333,1.033333333,0.066666667,0.0,0.333333333,0.166666667,0.0,0.1,0.1,0.233333333,0.266666667,0.066666667,0.133333333,0.3,0.233333333,0.066666667,0.233333333,0.233333333,0.0,0.166666667,0.22793015837669373,0.06401292234659195,0.3720218241214752,0.12393348664045334,0.1816290318965912,0.0983547568321228,0.26858824491500854,0.16782167553901672,0.6719573140144348,0.11145826429128647,0.21493381261825562,0.2601613700389862,0.06862205266952515,0.9053534865379333,0.2677413523197174,0.2697237730026245,0.1997927725315094,0.15470020473003387,0.09781718254089355,0.30916714668273926,0.34218013286590576,0.14964573085308075,0.2523089647293091,0.10735533386468887,0.060655247420072556,0.12664708495140076,0.10043792426586151,0.09695716202259064,0.15870581567287445,0.29863080382347107,0.35354986786842346,0.26391470432281494,0.6171818375587463,0.11034175008535385,0.06906282156705856,0.6009427905082703,0.14477509260177612,0.04557991772890091,0.027041282504796982,0.1173977255821228,0.2280140072107315,0.14147327840328217,0.06711096316576004,0.22730454802513123,0.18015143275260925,0.1350553333759308,0.05387682840228081,0.13506318628787994,0.1961527168750763,0.1396278738975525,0.06399494409561157
AP432,0.466666667,0.0,0.966666667,0.133333333,0.7,0.233333333,0.0,0.0,0.0,0.0,0.0,0.0,0.0,0.333333333,0.2,0.0,0.2,0.233333333,0.566666667,0.4,0.433333333,0.666666667,0.166666667,0.266666667,0.0,0.366666667,0.133333333,0.0,0.1,0.233333333,0.2,0.366666667,1.466666667,0.666666667,0.4,1.033333333,0.2,0.0,0.066666667,0.166666667,1.6,0.233333333,0.3,0.333333333,0.233333333,0.066666667,0.066666667,0.233333333,0.533333333,0.533333333,0.133333333,0.2944854497909546,0.0561809204518795,0.4068874716758728,0.103502556681633,0.31503117084503174,0.13390585780143738,0.17406174540519714,0.16604045033454895,0.17158865928649902,0.11146564781665802,0.041735876351594925,0.04328959435224533,0.011492082849144936,0.6003676056861877,0.2770158648490906,0.2390899360179901,0.22121232748031616,0.18314169347286224,0.18108396232128143,0.35676807165145874,0.36241933703422546,0.19400654733181,0.2737921476364136,0.09064632654190063,0.061453767120838165,0.15373143553733826,0.08570864796638489,0.09695716202259064,0.0695660412311554,0.24399127066135406,0.21168199181556702,0.1743680089712143,0.4386611580848694,0.35448917746543884,0.08222843706607819,0.6267374753952026,0.1450137197971344,0.050226591527462006,0.013123393058776855,0.0942159965634346,0.26613372564315796,0.1617109328508377,0.08048104494810104,0.15674974024295807,0.15028388798236847,0.20793095231056213,0.05529164522886276,0.17211104929447174,0.20417553186416626,0.14076611399650574,0.12380996346473694
AP524,0.233333333,0.066666667,0.366666667,0.5,0.233333333,0.133333333,0.466666667,0.9,0.4,0.0,0.066666667,0.133333333,0.1,1.133333333,0.466666667,0.333333333,0.5,0.066666667,0.133333333,0.4,0.366666667,0.5,0.133333333,0.3,0.0,0.233333333,0.133333333,0.166666667,0.0,0.4,0.5,0.466666667,1.6,0.166666667,0.0,0.833333333,0.166666667,0.233333333,0.133333333,0.3,0.733333333,0.1,0.5,0.233333333,0.166666667,0.366666667,0.066666667,0.0,0.633333333,0.0,0.0,0.309592604637146,0.06791316717863083,0.4326186776161194,0.16874730587005615,0.33875757455825806,0.12776663899421692,0.2408272624015808,0.176112562417984,0.5345092415809631,0.11220338195562363,0.18437403440475464,0.13873359560966492,0.0038649002090096474,0.8501765131950378,0.2682359516620636,0.24039246141910553,0.24031654000282288,0.1599402129650116,0.08671349287033081,0.4100283086299896,0.37928640842437744,0.2119378000497818,0.24662192165851593,0.1121746376156807,0.06038179621100426,0.19689178466796875,0.09437081962823868,0.09695716202259064,0.13928718864917755,0.3049905598163605,0.2657870352268219,0.17350934445858002,0.5074585676193237,0.18040911853313446,0.07582417130470276,0.6626294851303101,0.14477509260177612,0.04528263583779335,0.019457483664155006,0.11863303929567337,0.20303715765476227,0.13903062045574188,0.1427943855524063,0.11406666040420532,0.11969859898090363,0.1280287206172943,0.11775875836610794,0.08925600349903107,0.1751602739095688,0.14499370753765106,0.08618482947349548
AP563,1.333333333,0.9,0.7,0.366666667,0.333333333,0.266666667,0.733333333,0.333333333,1.433333333,0.033333333,0.966666667,0.233333333,0.3,1.9,0.5,0.466666667,0.166666667,0.0,0.0,0.166666667,0.466666667,0.066666667,0.0,0.066666667,0.0,0.133333333,0.133333333,0.0,0.0,0.066666667,0.066666667,0.0,0.0,0.066666667,0.0,0.533333333,0.0,0.0,0.0,0.0,0.366666667,0.166666667,0.233333333,0.133333333,0.2,0.0,0.1,0.066666667,0.466666667,0.266666667,0.066666667,0.5236685276031494,0.15975375473499298,0.6319761276245117,0.19996599853038788,0.39986392855644226,0.16825458407402039,0.48808830976486206,0.24978840351104736,0.5824901461601257,0.11220338195562363,0.2417968362569809,0.16121414303779602,0.0758831724524498,0.9194772839546204,0.24109049141407013,0.23391756415367126,0.22067366540431976,0.14402638375759125,0.07894407957792282,0.21667474508285522,0.3512011468410492,0.0820324569940567,0.22582370042800903,0.08320050686597824,0.06038179621100426,0.14363576471805573,0.08640512824058533,0.09695716202259064,0.06407619267702103,0.10861571133136749,0.18414711952209473,0.07141564041376114,0.10461536794900894,0.1805117428302765,0.05023157596588135,0.5444267988204956,0.14329637587070465,0.0251893512904644,0.003983606118708849,0.07405931502580643,0.19991253316402435,0.1642310470342636,0.03878086060285568,0.1227111890912056,0.20897045731544495,0.17336641252040863,0.08199844509363174,0.18501107394695282,0.23948721587657928,0.14688430726528168,0.06456642597913742
AP571,0.733333333,0.7,0.9,0.533333333,0.633333333,0.166666667,0.633333333,1.033333333,0.7,0.0,0.266666667,0.166666667,0.1,1.133333333,0.3,0.433333333,0.166666667,0.0,0.0,0.233333333,0.233333333,0.0,0.0,0.266666667,0.0,0.466666667,0.0,0.066666667,0.0,0.133333333,0.0,0.0,0.0,0.6,0.0,1.033333333,0.0,0.0,0.0,0.0,0.166666667,0.133333333,0.3,0.633333333,0.8,0.666666667,0.4,0.2,0.233333333,0.7,0.333333333,0.4276563227176666,0.36301857233047485,0.5783802270889282,0.27279192209243774,0.4574604630470276,0.15916399657726288,0.7541722059249878,0.38444963097572327,0.6091362833976746,0.11146564781665802,0.1889639049768448,0.16911287605762482,0.044216468930244446,1.1035429239273071,0.25027990341186523,0.24669712781906128,0.20953179895877838,0.1459362953901291,0.08775336295366287,0.31758055090904236,0.37418800592422485,0.1964118331670761,0.2700371742248535,0.12881124019622803,0.06038179621100426,0.20081940293312073,0.10382933169603348,0.09854111075401306,0.17131246626377106,0.287393718957901,0.25447043776512146,0.09892136603593826,0.1589074432849884,0.12155222147703171,0.07352691143751144,0.47887420654296875,0.14479821920394897,0.041971489787101746,0.025938736274838448,0.11618176102638245,0.18688757717609406,0.15195156633853912,0.16095180809497833,0.15375913679599762,0.26164811849594116,0.17422065138816833,0.1615041047334671,0.1933538019657135,0.16981956362724304,0.14555484056472778,0.12109346687793732
AP591,0.8,1.533333333,0.533333333,0.233333333,0.6,0.166666667,0.866666667,0.6,1.833333333,0.066666667,0.266666667,0.766666667,0.3,1.7,0.166666667,0.166666667,0.0,0.0,0.0,0.3,0.366666667,0.166666667,0.1,0.066666667,0.066666667,0.266666667,0.166666667,0.033333333,0.0,0.266666667,0.1,0.0,0.166666667,0.1,0.066666667,0.166666667,0.0,0.0,0.066666667,0.0,0.233333333,0.2,0.133333333,0.3,0.1,0.1,0.166666667,0.066666667,0.466666667,0.3,0.066666667,0.3395936191082001,0.08025798946619034,0.4302339255809784,0.14579437673091888,0.3262435495853424,0.1428406685590744,0.3378213942050934,0.21146874129772186,0.8183968663215637,0.11146564781665802,0.19503971934318542,0.12869662046432495,0.0567142628133297,1.0620366334915161,0.21940204501152039,0.2601373791694641,0.2149956375360489,0.14186282455921173,0.08163992315530777,0.22748121619224548,0.31774598360061646,0.08977922052145004,0.20873814821243286,0.08276514708995819,0.060655247420072556,0.15109547972679138,0.08384755253791809,0.09695716202259064,0.05713791027665138,0.2234462946653366,0.2143980711698532,0.09287501871585846,0.09704674035310745,0.19847719371318817,0.05911754071712494,0.5638960599899292,0.14408308267593384,0.0287774708122015,0.0060850041918456554,0.09108519554138184,0.18894170224666595,0.1566038876771927,0.05564979463815689,0.16298799216747284,0.1900019347667694,0.17170268297195435,0.06388087570667267,0.22062167525291443,0.2389218509197235,0.14072535932064056,0.06567848473787308
AP691,0.6,0.333333333,0.233333333,0.6,0.433333333,0.166666667,0.466666667,0.4,1.133333333,0.466666667,0.4,0.833333333,0.433333333,2.2,0.866666667,0.3,0.166666667,0.166666667,0.2,0.266666667,0.6,0.233333333,0.0,0.7,0.3,1.666666667,0.2,0.4,0.0,0.066666667,0.166666667,0.0,0.0,0.0,0.0,0.366666667,0.2,0.0,0.0,0.0,0.2,0.266666667,0.1,0.233333333,0.666666667,0.2,0.2,0.133333333,0.233333333,0.0,0.0,0.42001649737358093,0.1060032919049263,0.46862104535102844,0.3281022906303406,0.37499046325683594,0.16062819957733154,0.34093478322029114,0.2632916569709778,0.5850701332092285,0.11146564781665802,0.1495143324136734,0.18716280162334442,0.09850600361824036,1.2240136861801147,0.3647281527519226,0.28800317645072937,0.2169751524925232,0.14618828892707825,0.11831962317228317,0.28241604566574097,0.3451268970966339,0.18986226618289948,0.23955248296260834,0.09843339771032333,0.06038179621100426,0.38097018003463745,0.09875565767288208,0.09695716202259064,0.06169714033603668,0.22394110262393951,0.19908757507801056,0.12787742912769318,0.135732963681221,0.2570103704929352,0.04792255908250809,0.5015596747398376,0.14429858326911926,0.07774369418621063,0.014953887090086937,0.11637696623802185,0.23107901215553284,0.18410536646842957,0.04848918318748474,0.29902634024620056,0.29650646448135376,0.1820027083158493,0.07927100360393524,0.2644195556640625,0.2898929715156555,0.14322349429130554,0.1313425749540329
AP734,0.6,0.033333333,0.833333333,0.266666667,0.7,0.266666667,1.066666667,0.233333333,0.1,0.0,0.0,0.0,0.0,0.766666667,0.333333333,0.2,0.3,0.266666667,0.066666667,0.533333333,0.566666667,0.066666667,0.266666667,0.066666667,0.0,0.266666667,0.0,0.2,0.0,0.3,0.066666667,0.066666667,0.433333333,0.433333333,0.133333333,1.033333333,0.0,0.0,0.0,0.0,0.7,0.333333333,0.566666667,0.133333333,0.433333333,0.166666667,0.5,0.4,0.466666667,0.433333333,0.0,0.41984325647354126,0.060861736536026,0.61503666639328,0.2885258197784424,0.6074537038803101,0.1791726052761078,0.4767370820045471,0.34390753507614136,0.4562642574310303,0.11146564781665802,0.11473705619573593,0.1286011040210724,0.03818379342556,1.083943247795105,0.3191610872745514,0.2705984115600586,0.22490498423576355,0.14927643537521362,0.13493864238262177,0.3369470536708832,0.38275963068008423,0.1479864865541458,0.2967729866504669,0.10583890229463577,0.06038179621100426,0.19492678344249725,0.09121894836425781,0.09854111075401306,0.1138339564204216,0.2552647292613983,0.27958035469055176,0.15639503300189972,0.17543485760688782,0.20571354031562805,0.059229087084531784,0.5047352910041809,0.1450137197971344,0.050844237208366394,0.014386569149792194,0.17458505928516388,0.2632097601890564,0.17090702056884766,0.12948600947856903,0.35197266936302185,0.228613942861557,0.180101677775383,0.1645086109638214,0.20242886245250702,0.22981257736682892,0.14907899498939514,0.14688938856124878
AP781,0.4,0.1,0.433333333,0.0,0.233333333,0.066666667,0.066666667,0.166666667,0.2,0.066666667,0.0,0.266666667,0.133333333,0.566666667,0.066666667,0.0,0.066666667,0.066666667,0.1,1.566666667,1.666666667,0.466666667,0.366666667,0.466666667,0.0,0.333333333,0.5,0.533333333,0.866666667,0.566666667,0.233333333,0.3,1.833333333,0.2,0.133333333,0.533333333,0.233333333,0.033333333,0.266666667,0.2,0.0,0.033333333,0.133333333,0.033333333,0.0,0.2,0.133333333,0.1,0.066666667,0.1,0.0,0.25510963797569275,0.07836931198835373,0.3651013672351837,0.09481128305196762,0.13473106920719147,0.1135546937584877,0.20651908218860626,0.06559842824935913,0.35047686100006104,0.11220338195562363,0.14665654301643372,0.10456104576587677,0.040276579558849335,0.4598531723022461,0.10673683881759644,0.17033137381076813,0.16503413021564484,0.15773114562034607,0.09944571554660797,0.37673628330230713,0.354560911655426,0.22629636526107788,0.3027668595314026,0.13068166375160217,0.060655247420072556,0.1468694657087326,0.08862848579883575,0.09695716202259064,0.15693631768226624,0.2858027219772339,0.276775062084198,0.22212323546409607,0.733786940574646,0.14876200258731842,0.1046922579407692,0.33562907576560974,0.14549022912979126,0.02830709144473076,0.01939237304031849,0.15124280750751495,0.10692093521356583,0.13080880045890808,0.06681457906961441,0.18586206436157227,0.1771009862422943,0.1966090202331543,0.05658552423119545,0.15391816198825836,0.12998950481414795,0.13877344131469727,0.06452539563179016
AQ784,1.066666667,0.233333333,0.633333333,0.233333333,0.366666667,0.3,1.1,0.166666667,1.433333333,0.0,0.9,0.733333333,0.1,1.666666667,0.0,0.1,0.0,0.0,0.066666667,0.0,0.0,0.0,0.0,0.0,0.0,0.233333333,0.0,0.0,0.0,0.2,0.5,0.033333333,0.033333333,0.266666667,0.0,0.7,0.133333333,0.0,0.0,0.0,0.3,0.0,0.1,0.233333333,0.133333333,0.233333333,0.4,0.066666667,0.133333333,0.633333333,0.0,0.28785640001296997,0.12177632749080658,0.3838808834552765,0.2727733254432678,0.20972996950149536,0.12584197521209717,0.2796167731285095,0.08557683229446411,0.8833771347999573,0.11220338195562363,0.1774238497018814,0.2579860985279083,0.058918099850416183,0.8185670375823975,0.15293006598949432,0.2343858927488327,0.17059634625911713,0.16066698729991913,0.11724889278411865,0.3712500333786011,0.4080354869365692,0.22383348643779755,0.30212631821632385,0.16559012234210968,0.060655247420072556,0.21384483575820923,0.1395844668149948,0.10421253740787506,0.19970478117465973,0.3095889389514923,0.29336416721343994,0.2413051277399063,0.836298942565918,0.20117801427841187,0.1383647322654724,0.3678622841835022,0.14757610857486725,0.1451921910047531,0.04090554267168045,0.17367246747016907,0.15497803688049316,0.19013860821723938,0.06973393261432648,0.3357776701450348,0.19813492894172668,0.29902419447898865,0.13219743967056274,0.3164741098880768,0.24290797114372253,0.14514493942260742,0.09460144490003586
AI142,0.142857143,0.0,0.857142857,0.0,0.25,0.357142857,1.464285714,0.178571429,0.535714286,0.25,0.0,0.214285714,0.178571429,1.178571429,0.214285714,0.107142857,0.214285714,0.107142857,0.178571429,0.678571429,0.821428571,0.035714286,1.0,0.0,0.107142857,0.25,0.0,0.25,0.178571429,0.142857143,0.0,0.0,0.0,0.285714286,0.0,0.285714286,0.107142857,0.0,0.0,0.0,0.071428571,0.107142857,0.142857143,0.178571429,0.0,0.0,0.142857143,0.107142857,0.071428571,0.392857143,0.071428571,0.34625235199928284,0.07997234165668488,0.43966513872146606,0.05896876007318497,0.37899622321128845,0.12333004921674728,0.49917688965797424,0.23962348699569702,1.0833133459091187,0.11220338195562363,0.3196728229522705,0.3634042739868164,0.10064852982759476,1.208492636680603,0.302918940782547,0.2610560953617096,0.20936039090156555,0.14358025789260864,0.07781858742237091,0.3322911858558655,0.3739793598651886,0.08435722440481186,0.22341443598270416,0.08640533685684204,0.06038179621100426,0.15987318754196167,0.10303173959255219,0.0977526381611824,0.231651172041893,0.24484883248806,0.24750758707523346,0.1219005137681961,0.17474721372127533,0.131889209151268,0.06440134346485138,0.5264781713485718,0.14329637587070465,0.029820898547768593,0.03377135470509529,0.13495630025863647,0.10899124294519424,0.13512086868286133,0.06555540859699249,0.09950575977563858,0.14934362471103668,0.15213719010353088,0.09979032725095749,0.1661994904279709,0.18618100881576538,0.14461500942707062,0.09650096297264099
AI242,0.285714286,0.035714286,0.5,0.071428571,0.5,0.464285714,0.964285714,0.214285714,0.75,0.178571429,0.142857143,0.285714286,0.071428571,1.071428571,0.178571429,0.071428571,0.535714286,0.178571429,0.142857143,0.285714286,0.035714286,0.0,0.428571429,0.107142857,0.142857143,0.607142857,0.142857143,0.142857143,0.285714286,0.107142857,0.142857143,0.071428571,0.0,0.0,0.107142857,0.178571429,0.035714286,0.0,0.0,0.0,0.071428571,0.428571429,0.035714286,0.25,0.0,0.071428571,0.321428571,0.142857143,0.214285714,0.178571429,0.035714286,0.34625235199928284,0.07997234165668488,0.43966513872146606,0.05896876007318497,0.37899622321128845,0.12333004921674728,0.49917688965797424,0.23962348699569702,1.0833133459091187,0.11220338195562363,0.3196728229522705,0.3634042739868164,0.10064852982759476,1.208492636680603,0.302918940782547,0.2610560953617096,0.20936039090156555,0.14358025789260864,0.07781858742237091,0.3322911858558655,0.3739793598651886,0.08435722440481186,0.22341443598270416,0.08640533685684204,0.06038179621100426,0.15987318754196167,0.10303173959255219,0.0977526381611824,0.231651172041893,0.24484883248806,0.24750758707523346,0.1219005137681961,0.17474721372127533,0.131889209151268,0.06440134346485138,0.5264781713485718,0.14329637587070465,0.029820898547768593,0.03377135470509529,0.13495630025863647,0.10899124294519424,0.13512086868286133,0.06555540859699249,0.09950575977563858,0.14934362471103668,0.15213719010353088,0.09979032725095749,0.1661994904279709,0.18618100881576538,0.14461500942707062,0.09650096297264099
AI347,0.172413793,0.0,0.586206897,0.068965517,0.275862069,0.448275862,1.275862069,0.068965517,1.586206897,0.517241379,0.137931034,0.413793103,0.172413793,1.137931034,0.172413793,0.275862069,0.068965517,0.0,0.0,0.137931034,0.137931034,0.0,0.137931034,0.068965517,0.206896552,0.310344828,0.0,0.0,0.172413793,0.172413793,0.310344828,0.0,0.0,0.0,0.034482759,0.206896552,0.0,0.0,0.034482759,0.0,0.137931034,0.310344828,0.0,0.24137931,0.034482759,0.172413793,0.310344828,0.206896552,0.275862069,0.172413793,0.0,0.34625235199928284,0.07997234165668488,0.43966513872146606,0.05896876007318497,0.37899622321128845,0.12333004921674728,0.49917688965797424,0.23962348699569702,1.0833133459091187,0.11220338195562363,0.3196728229522705,0.3634042739868164,0.10064852982759476,1.208492636680603,0.302918940782547,0.2610560953617096,0.20936039090156555,0.14358025789260864,0.07781858742237091,0.3322911858558655,0.3739793598651886,0.08435722440481186,0.22341443598270416,0.08640533685684204,0.06038179621100426,0.15987318754196167,0.10303173959255219,0.0977526381611824,0.231651172041893,0.24484883248806,0.24750758707523346,0.1219005137681961,0.17474721372127533,0.131889209151268,0.06440134346485138,0.5264781713485718,0.14329637587070465,0.029820898547768593,0.03377135470509529,0.13495630025863647,0.10899124294519424,0.13512086868286133,0.06555540859699249,0.09950575977563858,0.14934362471103668,0.15213719010353088,0.09979032725095749,0.1661994904279709,0.18618100881576538,0.14461500942707062,0.09650096297264099
AI376,0.517241379,0.172413793,0.379310345,0.0,0.310344828,0.310344828,0.310344828,0.0,0.482758621,0.172413793,0.0,0.068965517,0.034482759,0.793103448,0.24137931,0.137931034,0.103448276,0.068965517,0.0,1.482758621,2.586206897,0.0,1.034482759,0.24137931,0.206896552,0.172413793,0.034482759,0.379310345,0.310344828,0.068965517,0.034482759,0.0,0.0,0.172413793,0.0,0.103448276,0.034482759,0.0,0.0,0.0,0.0,0.206896552,0.0,0.0,0.034482759,0.0,0.172413793,0.206896552,0.24137931,0.206896552,0.0,0.34625235199928284,0.07997234165668488,0.43966513872146606,0.05896876007318497,0.37899622321128845,0.12333004921674728,0.49917688965797424,0.23962348699569702,1.0833133459091187,0.11220338195562363,0.3196728229522705,0.3634042739868164,0.10064852982759476,1.208492636680603,0.302918940782547,0.2610560953617096,0.20936039090156555,0.14358025789260864,0.07781858742237091,0.3322911858558655,0.3739793598651886,0.08435722440481186,0.22341443598270416,0.08640533685684204,0.06038179621100426,0.15987318754196167,0.10303173959255219,0.0977526381611824,0.231651172041893,0.24484883248806,0.24750758707523346,0.1219005137681961,0.17474721372127533,0.131889209151268,0.06440134346485138,0.5264781713485718,0.14329637587070465,0.029820898547768593,0.03377135470509529,0.13495630025863647,0.10899124294519424,0.13512086868286133,0.06555540859699249,0.09950575977563858,0.14934362471103668,0.15213719010353088,0.09979032725095749,0.1661994904279709,0.18618100881576538,0.14461500942707062,0.09650096297264099
AI780,0.142857143,0.0,0.178571429,0.0,0.321428571,0.178571429,0.464285714,0.0,0.928571429,0.392857143,0.0,0.142857143,0.0,1.357142857,0.321428571,0.25,0.357142857,0.107142857,0.0,1.285714286,2.285714286,0.071428571,0.535714286,0.0,0.142857143,0.321428571,0.107142857,0.678571429,0.142857143,0.178571429,0.0,0.0,0.0,0.178571429,0.0,0.214285714,0.035714286,0.0,0.0,0.0,0.142857143,0.0,0.0,0.035714286,0.0,0.0,0.0,0.107142857,0.178571429,0.0,0.0,0.34625235199928284,0.07997234165668488,0.43966513872146606,0.05896876007318497,0.37899622321128845,0.12333004921674728,0.49917688965797424,0.23962348699569702,1.0833133459091187,0.11220338195562363,0.3196728229522705,0.3634042739868164,0.10064852982759476,1.208492636680603,0.302918940782547,0.2610560953617096,0.20936039090156555,0.14358025789260864,0.07781858742237091,0.3322911858558655,0.3739793598651886,0.08435722440481186,0.22341443598270416,0.08640533685684204,0.06038179621100426,0.15987318754196167,0.10303173959255219,0.0977526381611824,0.231651172041893,0.24484883248806,0.24750758707523346,0.1219005137681961,0.17474721372127533,0.131889209151268,0.06440134346485138,0.5264781713485718,0.14329637587070465,0.029820898547768593,0.03377135470509529,0.13495630025863647,0.10899124294519424,0.13512086868286133,0.06555540859699249,0.09950575977563858,0.14934362471103668,0.15213719010353088,0.09979032725095749,0.1661994904279709,0.18618100881576538,0.14461500942707062,0.09650096297264099
AC299,0.107142857,0.0,0.285714286,0.785714286,0.0,0.142857143,0.178571429,0.25,0.571428571,0.107142857,0.107142857,0.5,0.142857143,0.821428571,0.392857143,0.392857143,0.071428571,0.107142857,0.107142857,0.071428571,0.25,0.071428571,0.178571429,0.107142857,0.0,0.142857143,0.0,0.107142857,0.0,0.107142857,0.464285714,0.214285714,0.0,0.107142857,0.107142857,0.571428571,0.5,0.0,0.0,0.0,0.142857143,0.321428571,0.035714286,0.357142857,0.678571429,0.892857143,0.0,0.642857143,0.428571429,0.035714286,0.0,0.2037540078163147,0.06954368203878403,0.3605519235134125,0.1499466896057129,0.29175159335136414,0.14125028252601624,0.3324647545814514,0.16399544477462769,0.3286074101924896,0.11220338195562363,0.160975843667984,0.2894918620586395,0.05771789699792862,1.055495262145996,0.35039985179901123,0.27378904819488525,0.22224262356758118,0.16845785081386566,0.08151603490114212,0.34796395897865295,0.36513420939445496,0.0902879536151886,0.28919681906700134,0.0741366371512413,0.06241366267204285,0.05271538347005844,0.1334199756383896,0.0974838063120842,0.05172130465507507,0.1349039375782013,0.1834450513124466,0.09425302594900131,0.07119191437959671,0.074358269572258,0.06406434625387192,0.44325318932533264,0.14479821920394897,0.02272937446832657,0.019256290048360825,0.07680095732212067,0.13897350430488586,0.24330772459506989,0.05299907922744751,0.2921416759490967,0.2871193289756775,0.04040350392460823,0.04593273997306824,0.1419694423675537,0.28584763407707214,0.13812021911144257,0.06922339648008347
AD315,1.0625,3.25,0.5625,0.25,0.5625,0.1875,0.125,0.0,0.3125,0.25,0.125,0.0625,0.0,0.375,0.0,0.0,0.0,0.0,0.0,0.0625,0.1875,0.125,0.0,0.1875,0.0,0.0,0.0,0.0,0.0,0.0,0.0,0.0,0.0,0.1875,0.0,0.1875,0.0,0.0,0.0,0.0,0.0,0.0,0.0,0.0,0.25,0.1875,0.0,0.0,0.125,0.375,0.0,0.48327672481536865,2.165971040725708,0.4081730246543884,0.25136423110961914,0.29202160239219666,0.15462686121463776,0.3778473138809204,0.28104665875434875,0.6098920106887817,0.11220338195562363,0.2211010903120041,0.12986014783382416,0.07459063082933426,0.9216634035110474,0.14985105395317078,0.19743889570236206,0.20728406310081482,0.14186282455921173,0.08839023113250732,0.2393103688955307,0.4570830464363098,0.08611787855625153,0.29290327429771423,0.12131011486053467,0.06038179621100426,0.2246624380350113,0.08768068253993988,0.09726740419864655,0.07940564304590225,0.13246290385723114,0.15471692383289337,0.09014720469713211,0.1172618567943573,0.0404137559235096,0.07912592589855194,0.2301904559135437,0.14329637587070465,0.02807982824742794,0.02413780428469181,0.09053574502468109,0.08452767133712769,0.1571016162633896,0.03464171290397644,0.12571203708648682,0.267325758934021,0.005035375710576773,0.14346131682395935,-0.007329927757382393,0.1744891107082367,0.14516402781009674,0.03749639540910721
AD481,0.230769231,0.0,0.461538462,0.230769231,0.307692308,0.0,0.0,0.0,0.0,0.0,0.0,0.0,0.0,0.0,0.0,0.0,0.0,0.0,0.076923077,0.0,0.0,0.230769231,0.384615385,0.923076923,0.0,0.0,0.769230769,0.692307692,1.615384615,0.307692308,0.0,0.769230769,0.846153846,0.0,0.461538462,1.0,0.0,1.153846154,0.0,1.153846154,0.0,0.230769231,0.230769231,0.0,0.0,0.153846154,0.0,0.307692308,0.0,0.076923077,0.0,0.20022699236869812,0.06606774777173996,0.3282822370529175,0.06915216892957687,0.2733239233493805,0.09961700439453125,0.17138630151748657,0.17723539471626282,0.25795283913612366,0.11145826429128647,0.09682048857212067,0.09902678430080414,0.057218071073293686,0.5463753938674927,0.15537723898887634,0.1745942234992981,0.19103111326694489,0.15805286169052124,0.1215909942984581,0.5071737170219421,0.37589117884635925,0.23189963400363922,0.3168408274650574,0.5514352321624756,0.06067698076367378,0.06005897372961044,0.3618225157260895,0.10753504186868668,0.6377057433128357,0.29875054955482483,0.20981758832931519,0.29300034046173096,0.44756239652633667,0.147079735994339,0.1649317443370819,0.3328549563884735,0.14549022912979126,0.5185125470161438,0.10917405784130096,0.6188833713531494,0.041180890053510666,0.11900246143341064,0.1465221345424652,0.12737731635570526,0.1935253143310547,0.07415711134672165,0.01806708611547947,0.08601260185241699,0.13824550807476044,0.13536781072616577,0.04816492274403572
AD737,0.230769231,0.0,0.461538462,0.538461538,0.0,0.307692308,0.0,0.307692308,0.769230769,0.0,0.230769231,0.076923077,0.0,0.384615385,0.0,0.0,0.0,0.0,0.0,0.0,0.0,0.0,0.0,0.0,0.0,0.0,0.0,0.0,0.0,0.0,0.384615385,0.0,0.0,0.153846154,0.0,0.538461538,0.153846154,0.0,0.0,0.076923077,0.461538462,0.615384615,0.307692308,0.307692308,0.692307692,0.230769231,0.0,0.538461538,0.230769231,0.153846154,0.230769231,0.20470985770225525,0.14609470963478088,0.5095375776290894,0.5879933834075928,0.23621119558811188,0.1189202293753624,0.34907400608062744,0.23079456388950348,0.9026124477386475,0.11145826429128647,0.23068782687187195,0.39727625250816345,0.03617596626281738,1.2149581909179688,0.29914045333862305,0.3051633834838867,0.224947988986969,0.16894423961639404,0.11469707638025284,0.24928466975688934,0.3760165870189667,0.098280169069767,0.25820213556289673,0.11742722243070602,0.060655247420072556,0.16226452589035034,0.10488899797201157,0.09782545268535614,0.14386717975139618,0.1925000548362732,0.27638816833496094,0.19114863872528076,0.11873020231723785,0.05727653577923775,0.06779593974351883,0.3934299647808075,0.14408308267593384,0.038912106305360794,0.03741587698459625,0.1571875959634781,0.19536511600017548,0.16931994259357452,0.08002623170614243,0.26320111751556396,0.3553406298160553,0.09821335971355438,0.12237156927585602,0.3766537606716156,0.23081134259700775,0.14466595649719238,0.06708353012800217
AE574,0.37037037,0.481481481,0.296296296,0.111111111,0.333333333,0.074074074,0.296296296,0.0,0.777777778,0.222222222,0.592592593,0.407407407,0.111111111,0.111111111,0.111111111,0.0,0.074074074,0.0,0.0,0.0,0.111111111,0.0,0.148148148,0.111111111,0.0,0.0,0.222222222,0.444444444,0.925925926,0.259259259,0.925925926,0.111111111,0.0,0.148148148,0.0,0.222222222,0.0,0.0,0.888888889,1.037037037,0.185185185,0.148148148,0.296296296,0.185185185,0.222222222,0.407407407,0.222222222,0.333333333,0.185185185,0.0,0.0,0.3806677758693695,0.124900683760643,0.3872497081756592,0.14399266242980957,0.2717004120349884,0.11259143054485321,0.2698386609554291,0.15362440049648285,0.726108968257904,0.11474499851465225,0.19933179020881653,0.2753991186618805,0.15094079077243805,0.7734106183052063,0.16035759449005127,0.23151561617851257,0.1582408845424652,0.14240430295467377,0.07894045859575272,0.2182672917842865,0.2958822250366211,0.1551506072282791,0.22545433044433594,0.09580816328525543,0.06146169826388359,0.13318262994289398,0.3616933226585388,0.10851969569921494,0.43953433632850647,0.3462074398994446,0.30065178871154785,0.11883500218391418,0.15428169071674347,0.09946026653051376,0.09038703143596649,0.38370630145072937,0.14408308267593384,0.061626121401786804,0.11753242462873459,0.4046105444431305,0.11281421780586243,0.1809995323419571,0.06884424388408661,0.1959829479455948,0.21269118785858154,0.1539689600467682,0.1284978985786438,0.225816547870636,0.20642046630382538,0.13676048815250397,0.05858834460377693
AE715,0.642857143,0.071428571,0.535714286,0.607142857,0.25,0.678571429,0.25,0.071428571,0.0,0.107142857,0.0,0.0,0.0,0.321428571,0.0,0.0,0.035714286,0.0,0.0,0.0,0.0,0.0,0.0,0.0,0.0,0.0,0.0,0.0,0.0,0.0,0.0,0.0,0.0,0.785714286,0.0,0.428571429,0.535714286,0.0,0.0,0.142857143,0.071428571,0.285714286,0.071428571,1.607142857,1.642857143,1.357142857,0.892857143,0.821428571,0.0,0.178571429,0.464285714,0.3418499529361725,0.15626879036426544,0.41839298605918884,0.400258332490921,0.24482469260692596,0.11980894207954407,0.21907973289489746,0.2431480884552002,0.34235715866088867,0.11145826429128647,0.09444837272167206,0.18734577298164368,0.061005037277936935,0.8590808510780334,0.24922440946102142,0.2822307348251343,0.17051510512828827,0.2993985414505005,0.1259458214044571,0.30799663066864014,0.35120564699172974,0.18189415335655212,0.2215484231710434,0.1062503308057785,0.0614730566740036,0.13700035214424133,0.3007001578807831,0.1011473760008812,0.1871606707572937,0.3206329643726349,0.23281000554561615,0.24080349504947662,0.21961045265197754,0.1721133291721344,0.16986243426799774,0.36933210492134094,0.14549022912979126,0.0600363127887249,0.06105704605579376,0.24709470570087433,0.10327795147895813,0.1639339029788971,0.12722107768058777,0.5505272746086121,0.40495672821998596,0.2815327048301697,0.06501222401857376,0.5819515585899353,0.2065856158733368,0.13686500489711761,0.12761186063289642
AE809,0.678571429,0.071428571,0.178571429,0.0,0.178571429,0.071428571,0.0,0.071428571,0.107142857,0.178571429,0.0,0.107142857,0.0,0.428571429,0.142857143,0.142857143,0.0,0.0,0.071428571,1.035714286,1.714285714,0.142857143,0.75,0.214285714,0.142857143,0.0,0.142857143,0.071428571,0.0,0.142857143,0.0,0.285714286,0.142857143,0.642857143,0.535714286,0.357142857,0.142857143,0.0,0.0,0.107142857,0.0,0.214285714,0.142857143,0.0,0.0,0.107142857,0.0,0.0,0.321428571,0.071428571,0.035714286,0.39083802700042725,0.14927895367145538,0.38768333196640015,0.44967976212501526,0.2982358932495117,0.15129542350769043,0.17308683693408966,0.12828560173511505,0.4131639301776886,0.11146564781665802,0.07627825438976288,0.2118062674999237,0.04368327558040619,0.546959400177002,0.27713969349861145,0.2060699313879013,0.43401554226875305,0.23974086344242096,0.3276841938495636,0.45838814973831177,0.46137481927871704,0.18611350655555725,0.3655872046947479,0.1675182580947876,0.060655247420072556,0.19093827903270721,0.08500107377767563,0.09705118089914322,0.11828318238258362,0.2453094720840454,0.23184792697429657,0.2783016860485077,0.4532628357410431,0.44915273785591125,0.2584781348705292,0.5628739595413208,0.1481483429670334,0.16864733397960663,0.033270638436079025,0.21258550882339478,0.259206622838974,0.23200882971286774,0.15624645352363586,0.4336576461791992,0.44171464443206787,0.3205408453941345,0.1551937460899353,0.30404895544052124,0.3122762143611908,0.13873375952243805,0.18094559013843536
AE911,0.555555556,0.074074074,0.62962963,0.37037037,0.259259259,0.407407407,0.37037037,0.0,0.0,0.111111111,0.148148148,0.0,0.222222222,0.592592593,0.0,0.0,0.0,0.0,0.0,0.0,0.0,0.0,0.0,0.0,0.0,0.0,0.0,0.0,0.0,0.185185185,0.222222222,0.111111111,0.037037037,0.296296296,0.0,0.814814815,0.62962963,0.0,0.0,0.0,0.37037037,0.296296296,0.0,1.666666667,1.481481481,1.37037037,0.777777778,1.222222222,0.333333333,0.148148148,0.37037037,0.24863722920417786,0.06155617535114288,0.42813917994499207,0.17547419667243958,0.3021356165409088,0.12170416116714478,0.3210124671459198,0.21934087574481964,0.5238430500030518,0.11145826429128647,0.11215083301067352,0.19037765264511108,0.07227643579244614,0.9201368093490601,0.2926676273345947,0.2917901277542114,0.22650247812271118,0.2887303829193115,0.158183291554451,0.5008350610733032,0.3699133098125458,0.15889707207679749,0.3026769459247589,0.09703920781612396,0.060655247420072556,0.18720969557762146,0.12800143659114838,0.10668204724788666,0.09292768687009811,0.16215284168720245,0.23475044965744019,0.18644081056118011,0.1056593656539917,0.13699029386043549,0.12471769005060196,0.38286879658699036,0.14549022912979126,0.0508103147149086,0.04720516502857208,0.10861057043075562,0.14276838302612305,0.15308476984500885,0.08769217878580093,0.5445652604103088,0.34622922539711,0.23776233196258545,0.09758737683296204,0.42527180910110474,0.18053248524665833,0.13986264169216156,0.13337235152721405
AE942,0.740740741,0.074074074,0.296296296,0.074074074,0.111111111,0.444444444,0.296296296,0.333333333,0.0,0.148148148,0.0,0.0,0.0,0.259259259,0.0,0.0,0.0,0.0,0.0,0.0,0.0,0.0,0.0,0.0,0.0,0.0,0.0,0.0,0.0,0.111111111,0.148148148,0.074074074,0.0,0.851851852,0.185185185,0.518518519,1.037037037,0.111111111,0.0,0.111111111,0.111111111,0.259259259,0.111111111,1.62962963,0.666666667,1.185185185,0.888888889,0.925925926,0.518518519,0.037037037,0.333333333,0.30304399132728577,0.12988317012786865,0.5706587433815002,0.5075705051422119,0.1988801509141922,0.1223907470703125,0.34800955653190613,0.25002536177635193,0.5422775745391846,0.11230464279651642,0.12150003761053085,0.1456385999917984,0.03942573815584183,0.9177190065383911,0.2567276954650879,0.29103603959083557,0.2017304003238678,0.315631240606308,0.19418108463287354,0.521068811416626,0.34236210584640503,0.2685238718986511,0.30897751450538635,0.1891789585351944,0.06031443923711777,0.25207510590553284,0.15920671820640564,0.10544859617948532,0.14965689182281494,0.22996771335601807,0.236600860953331,0.31107625365257263,1.002206802368164,0.38150647282600403,0.2365790605545044,0.3619528114795685,0.14757610857486725,0.30978015065193176,0.04892195016145706,0.34007447957992554,0.27827754616737366,0.2501366138458252,0.17939701676368713,0.39228224754333496,0.24952594935894012,0.34084492921829224,0.13790404796600342,0.35459041595458984,0.19357044994831085,0.14609529078006744,0.14141137897968292
AK436,0.0,0.133333333,0.333333333,0.2,0.166666667,0.533333333,0.4,0.333333333,1.033333333,3.433333333,0.466666667,0.433333333,0.0,1.866666667,0.133333333,0.233333333,0.133333333,0.133333333,0.1,0.0,0.233333333,0.0,0.0,0.1,0.0,0.2,0.066666667,0.0,0.0,0.566666667,0.0,0.0,0.0,0.0,0.0,0.066666667,0.1,0.0,0.0,0.0,0.0,0.066666667,0.0,0.433333333,0.366666667,0.0,0.133333333,0.1,0.0,0.0,0.266666667,0.4822913408279419,0.0773925855755806,0.4499095380306244,0.08515841513872147,0.39434871077537537,0.18633826076984406,0.4006497859954834,0.2787153124809265,0.5738635659217834,0.11220338195562363,0.17624856531620026,0.16959503293037415,0.049163639545440674,0.9982829093933105,0.2830461263656616,0.23054338991641998,0.1984252631664276,0.14429177343845367,0.10293768346309662,0.268397718667984,0.33229175209999084,0.11739864945411682,0.21778535842895508,0.08346375823020935,0.06038179621100426,0.17731943726539612,0.0940822884440422,0.09695716202259064,0.10788626968860626,0.2787470817565918,0.23235364258289337,0.08754181116819382,0.21988503634929657,0.17579790949821472,0.04314036667346954,0.49476364254951477,0.14549821615219116,0.030065489932894707,0.010758810676634312,0.10036367923021317,0.24079421162605286,0.1432780921459198,0.10168556123971939,0.1158205196261406,0.1627500057220459,0.239283487200737,0.1541290134191513,0.2128099501132965,0.17631953954696655,0.14716476202011108,0.11139179021120071
AK497,0.133333333,0.066666667,0.666666667,0.233333333,0.266666667,0.1,0.533333333,0.166666667,1.5,0.133333333,0.166666667,0.066666667,0.133333333,1.333333333,0.333333333,0.133333333,0.533333333,0.0,0.0,0.166666667,0.533333333,0.0,0.533333333,0.233333333,0.0,0.133333333,0.0,0.0,0.0,0.266666667,0.433333333,0.033333333,0.0,0.466666667,0.0,0.933333333,0.2,0.0,0.0,0.033333333,0.0,0.0,0.2,0.366666667,0.233333333,0.5,0.333333333,0.2,0.233333333,0.166666667,0.266666667,0.6342923641204834,0.21449698507785797,0.5378915071487427,0.06488826125860214,0.3554704487323761,0.1408046931028366,0.44900164008140564,0.2586468756198883,0.7616207599639893,0.11220338195562363,0.1675560176372528,0.12204111367464066,0.03235477954149246,0.9744734764099121,0.18332840502262115,0.22787213325500488,0.25382986664772034,0.15436199307441711,0.08251675963401794,0.30429038405418396,0.3489314317703247,0.14408457279205322,0.22585880756378174,0.2007383108139038,0.06204783543944359,0.36760908365249634,0.09687124192714691,0.09695716202259064,0.14538292586803436,0.4138210713863373,0.22042477130889893,0.12045183032751083,0.13806398212909698,0.17771273851394653,0.07390192896127701,0.6026005744934082,0.14329637587070465,0.052435584366321564,0.018570343032479286,0.15423527359962463,0.14620955288410187,0.14545683562755585,0.07302132993936539,0.13980355858802795,0.1590179055929184,0.3447391390800476,0.14816781878471375,0.23438404500484467,0.1782723218202591,0.14844100177288055,0.2064228504896164
AK502,0.633333333,0.233333333,0.3,0.0,0.1,0.3,0.433333333,0.266666667,1.4,2.166666667,0.4,0.3,0.0,1.9,0.1,0.233333333,0.333333333,0.0,0.0,0.0,0.0,0.0,0.1,0.0,0.033333333,0.166666667,0.0,0.0,0.0,1.1,0.4,0.1,0.3,0.0,0.0,0.033333333,0.2,0.0,0.0,0.0,0.0,0.233333333,0.0,0.2,0.233333333,0.833333333,0.2,0.066666667,0.0,0.1,0.3,0.5386916995048523,0.07179716974496841,0.39431101083755493,0.16447076201438904,0.3144652843475342,0.1279599517583847,0.369444876909256,0.2344660758972168,0.7928637862205505,0.11220338195562363,0.1967325359582901,0.2515096664428711,0.09673453122377396,1.1392176151275635,0.2179454118013382,0.23802192509174347,0.2183629870414734,0.14676015079021454,0.09223223477602005,0.3370290696620941,0.3379471004009247,0.1627366840839386,0.22947418689727783,0.1969107985496521,0.060655247420072556,0.18972091376781464,0.10498375445604324,0.0977526381611824,0.19903630018234253,0.40517789125442505,0.21751216053962708,0.08868896216154099,0.27200794219970703,0.15114855766296387,0.05404554307460785,0.5585207939147949,0.14478307962417603,0.07707279920578003,0.026312600821256638,0.14110185205936432,0.1092885285615921,0.14466413855552673,0.1036158874630928,0.12325738370418549,0.1789369434118271,0.3429052233695984,0.11633992195129395,0.3066479563713074,0.1796308159828186,0.14557692408561707,0.10742633044719696
AK602,0.4,0.033333333,0.5,0.066666667,0.3,0.133333333,0.266666667,0.266666667,1.733333333,0.533333333,0.233333333,0.433333333,0.1,1.933333333,0.5,0.233333333,0.866666667,0.033333333,0.166666667,0.366666667,0.4,0.0,0.733333333,0.1,0.0,0.066666667,0.0,0.0,0.066666667,0.066666667,0.033333333,0.0,0.0,0.0,0.0,0.1,0.366666667,0.0,0.0,0.1,0.2,0.133333333,0.0,0.466666667,0.2,0.533333333,0.0,0.033333333,0.266666667,0.233333333,0.0,0.527268648147583,0.0687345415353775,0.5410965085029602,0.18323448300361633,0.3310876488685608,0.18004605174064636,0.3892239034175873,0.24891117215156555,0.6065973043441772,0.11220338195562363,0.11937455087900162,0.10278339684009552,0.02863517589867115,1.2365338802337646,0.24221041798591614,0.2653890550136566,0.2520311772823334,0.16915063560009003,0.10049242526292801,0.3182563781738281,0.3566369414329529,0.13129012286663055,0.2301137000322342,0.08609217405319214,0.06038179621100426,0.18589498102664948,0.08880537003278732,0.09695716202259064,0.09411472082138062,0.35373714566230774,0.2212732881307602,0.0771726593375206,0.08796985447406769,0.13545219600200653,0.0492238886654377,0.5315515995025635,0.14478307962417603,0.04464450106024742,0.013983011245727539,0.14388588070869446,0.16800557076931,0.145758256316185,0.08863142132759094,0.16950200498104095,0.16107316315174103,0.3232666254043579,0.16144610941410065,0.2692115902900696,0.20670300722122192,0.14248469471931458,0.16619697213172913
AK851,0.233333333,0.0,0.133333333,0.1,0.2,0.433333333,0.4,0.3,0.733333333,3.666666667,0.233333333,0.3,0.0,1.733333333,0.0,0.266666667,0.1,0.0,0.0,0.0,0.266666667,0.0,0.0,0.0,0.0,0.066666667,0.0,0.0,0.1,0.466666667,0.066666667,0.0,0.0,0.166666667,0.0,0.6,0.333333333,0.0,0.133333333,0.066666667,0.0,0.0,0.1,0.5,0.266666667,0.7,0.266666667,0.0,0.133333333,0.0,0.266666667,0.5460168719291687,0.07682716101408005,0.4960264265537262,0.04873775690793991,0.3520525097846985,0.12393418699502945,0.4104701578617096,0.19995412230491638,0.5091249942779541,0.11220338195562363,0.1292266696691513,0.11930759251117706,0.043166741728782654,1.028437614440918,0.19355104863643646,0.2436746209859848,0.20494863390922546,0.14240430295467377,0.0810382142663002,0.29017746448516846,0.3255062699317932,0.09566285461187363,0.23110724985599518,0.12161970883607864,0.06038179621100426,0.21879060566425323,0.11100342869758606,0.09695716202259064,0.1257699877023697,0.25681108236312866,0.23836585879325867,0.07878019660711288,0.11445391178131104,0.16610954701900482,0.06734644621610641,0.5901397466659546,0.14408308267593384,0.05087558180093765,0.03196636214852333,0.12603674829006195,0.13201771676540375,0.13936537504196167,0.12704937160015106,0.09836290776729584,0.1367451697587967,0.2332385778427124,0.1606590896844864,0.1838321089744568,0.17709270119667053,0.14494653046131134,0.14160914719104767
AK852,0.3,0.0,0.433333333,0.233333333,0.333333333,0.533333333,0.533333333,0.333333333,0.966666667,2.833333333,0.466666667,0.566666667,0.0,1.866666667,0.233333333,0.3,0.2,0.0,0.0,0.0,0.0,0.0,0.0,0.066666667,0.033333333,0.066666667,0.0,0.0,0.0,0.633333333,0.533333333,0.033333333,0.0,0.0,0.0,0.133333333,0.0,0.0,0.0,0.0,0.0,0.0,0.0,0.233333333,0.0,0.6,0.1,0.733333333,0.0,0.0,0.166666667,0.5744119882583618,0.08824151009321213,0.4656510353088379,0.09170585870742798,0.2424943894147873,0.10886324197053909,0.38933271169662476,0.16248537600040436,0.7481132745742798,0.11220338195562363,0.1357170194387436,0.17393364012241364,0.05086998641490936,1.0384190082550049,0.21039213240146637,0.24621032178401947,0.19696258008480072,0.14284324645996094,0.09263721108436584,0.3263495862483978,0.33931952714920044,0.18276537954807281,0.24712295830249786,0.18232208490371704,0.061453767120838165,0.23161478340625763,0.1271500140428543,0.09695716202259064,0.2084132581949234,0.39753207564353943,0.24081432819366455,0.0909290760755539,0.18048755824565887,0.16291822493076324,0.06594467908143997,0.6296852827072144,0.14408308267593384,0.06435246020555496,0.029306285083293915,0.15574555099010468,0.1569855511188507,0.1313875913619995,0.17043685913085938,0.11285237222909927,0.1382909119129181,0.3309371769428253,0.07800740003585815,0.2572307288646698,0.18188601732254028,0.14406681060791016,0.11737698316574097
AL100,1.233333333,0.0,0.233333333,0.066666667,0.3,0.2,0.266666667,0.033333333,0.433333333,0.1,0.0,0.0,0.0,0.7,0.366666667,0.333333333,0.3,0.033333333,0.033333333,0.166666667,0.0,0.066666667,0.266666667,0.266666667,0.1,0.6,0.166666667,0.0,0.8,0.966666667,0.133333333,0.1,0.0,0.433333333,0.166666667,1.5,0.2,0.266666667,0.133333333,0.133333333,0.1,0.0,0.866666667,0.266666667,0.066666667,0.5,0.333333333,0.2,0.0,0.0,0.033333333,0.579210102558136,0.4951566457748413,0.5574473142623901,0.19799724221229553,0.44820907711982727,0.1354057639837265,0.47820958495140076,0.3137963116168976,0.568493127822876,0.11220338195562363,0.27233412861824036,0.18001197278499603,0.06274574995040894,0.8311068415641785,0.26398131251335144,0.2632988393306732,0.2124233841896057,0.14324772357940674,0.08351528644561768,0.30789855122566223,0.37848618626594543,0.12267366796731949,0.2539485692977905,0.12233123928308487,0.06038179621100426,0.37461990118026733,0.11767417192459106,0.09717225283384323,0.3180237114429474,0.39438509941101074,0.2282673865556717,0.16633065044879913,0.20027272403240204,0.28338608145713806,0.11046715825796127,0.7745645642280579,0.14939923584461212,0.06635800004005432,0.11490334570407867,0.3746645450592041,0.2732991576194763,0.17510515451431274,0.1754109412431717,0.07061915844678879,0.0848027914762497,0.24206288158893585,0.07423903048038483,0.17930352687835693,0.2076038271188736,0.15076451003551483,0.10250438749790192
AL426,0.366666667,0.0,0.233333333,0.0,0.833333333,0.2,0.233333333,0.0,0.133333333,0.1,0.0,0.033333333,0.0,0.2,0.233333333,0.066666667,0.266666667,0.033333333,0.266666667,0.933333333,1.7,0.0,0.833333333,0.0,0.0,0.366666667,0.0,0.066666667,0.0,0.0,0.0,0.0,0.033333333,0.766666667,0.1,0.966666667,0.0,0.0,0.0,0.0,0.433333333,0.4,0.0,0.0,0.133333333,0.233333333,0.533333333,0.0,0.533333333,0.166666667,0.366666667,0.7048599123954773,0.1084064468741417,0.40604496002197266,0.041622359305620193,0.6808556914329529,0.18126589059829712,0.3211091458797455,0.150314062833786,0.4408838152885437,0.11220338195562363,0.047948483377695084,0.019007761031389236,-0.0043863337486982346,0.6081637740135193,0.22382569313049316,0.2382727563381195,0.20950528979301453,0.2124965786933899,0.13050276041030884,0.5601233243942261,0.5760288238525391,0.1131378635764122,0.5032834410667419,0.12020670622587204,0.060403529554605484,0.2930207848548889,0.09967407584190369,0.09695716202259064,0.0862995907664299,0.21664611995220184,0.1839686930179596,0.1281910240650177,0.08762726932764053,0.49911075830459595,0.12530919909477234,0.8277283310890198,0.14408308267593384,0.10842952132225037,0.04992802441120148,0.1535656601190567,0.3430359959602356,0.15878935158252716,0.04163583368062973,0.10601159185171127,0.10988017171621323,0.1871986836194992,0.16762186586856842,0.09624232351779938,0.26959726214408875,0.14565810561180115,0.1771915704011917
AL541,0.6,0.0,0.733333333,1.466666667,0.633333333,0.1,0.566666667,0.0,0.533333333,0.066666667,0.066666667,0.0,0.0,1.833333333,0.5,0.466666667,0.7,0.0,0.0,0.1,0.0,0.0,0.066666667,0.0,0.133333333,0.1,0.066666667,0.0,0.066666667,0.166666667,0.3,0.0,0.0,0.4,0.0,0.8,0.166666667,0.033333333,0.1,0.133333333,0.1,0.033333333,0.233333333,0.066666667,0.533333333,0.0,0.2,0.033333333,0.066666667,0.2,0.1,0.7020974159240723,0.09467589855194092,0.5107488632202148,0.5996924638748169,0.5952211022377014,0.17702063918113708,0.4047355353832245,0.1320665329694748,0.6135931015014648,0.11220338195562363,0.12480513006448746,0.04103653505444527,0.048186466097831726,1.1724302768707275,0.3005172908306122,0.2670106589794159,0.2162247598171234,0.1426672786474228,0.08451037853956223,0.33259519934654236,0.405695378780365,0.11307341605424881,0.2515193521976471,0.105613574385643,0.060655247420072556,0.19692037999629974,0.09066604822874069,0.09695716202259064,0.10485398769378662,0.3364957869052887,0.21615296602249146,0.097299724817276,0.09700377285480499,0.26384955644607544,0.07044751197099686,0.6938602924346924,0.14385315775871277,0.06319444626569748,0.009216505102813244,0.15668345987796783,0.1558724194765091,0.13261443376541138,0.07500766962766647,0.14336366951465607,0.20581845939159393,0.21103332936763763,0.11170635372400284,0.3005107343196869,0.1980811357498169,0.1555127203464508,0.12843620777130127
AL657,0.933333333,0.133333333,0.333333333,0.433333333,0.266666667,0.133333333,0.833333333,0.333333333,2.0,0.266666667,0.9,0.433333333,0.233333333,2.066666667,0.266666667,0.4,0.166666667,0.0,0.0,0.066666667,0.066666667,0.166666667,0.233333333,0.066666667,0.033333333,0.266666667,0.0,0.0,0.166666667,0.133333333,0.3,0.0,0.066666667,0.166666667,0.0,0.133333333,0.0,0.0,0.0,0.1,0.0,0.233333333,0.066666667,0.0,0.1,0.366666667,0.0,0.5,0.2,0.0,0.066666667,0.6855002641677856,0.08204012364149094,0.7091360688209534,0.3051943778991699,0.4770002067089081,0.22314999997615814,0.4798875153064728,0.16946983337402344,0.5868785977363586,0.11220338195562363,0.06794515997171402,0.09671415388584137,0.017563318833708763,0.7862484455108643,0.25968798995018005,0.2531038522720337,0.20844320952892303,0.14971138536930084,0.09176107496023178,0.30479127168655396,0.3801029324531555,0.11330889165401459,0.21850162744522095,0.08749479800462723,0.06038179621100426,0.20472149550914764,0.08368438482284546,0.09695716202259064,0.07382509857416153,0.21032974123954773,0.16649571061134338,0.08214379101991653,0.09330357611179352,0.3189287781715393,0.07695040851831436,0.7882876396179199,0.14429858326911926,0.035647280514240265,0.00830124318599701,0.11347649246454239,0.258078396320343,0.14098599553108215,0.0575723722577095,0.13577789068222046,0.1479290872812271,0.2763139605522156,0.08463946729898453,0.15705642104148865,0.1980266571044922,0.15491999685764313,0.1267007738351822
AL860,1.166666667,0.1,0.833333333,0.233333333,0.6,0.233333333,0.433333333,0.0,0.5,0.3,0.133333333,0.066666667,0.0,0.733333333,0.066666667,0.1,0.2,0.0,0.0,0.0,0.166666667,0.0,0.066666667,0.0,0.0,0.1,0.0,0.0,0.0,0.066666667,0.266666667,0.0,0.0,0.366666667,0.1,0.8,0.1,0.133333333,0.066666667,0.033333333,0.733333333,0.066666667,0.0,0.033333333,0.133333333,0.133333333,0.8,0.0,1.033333333,0.2,0.166666667,0.7178674340248108,0.08976204693317413,0.49956727027893066,0.126792311668396,0.5178654193878174,0.21960477530956268,0.343235045671463,0.10440727323293686,0.5269542932510376,0.11146564781665802,0.10898572206497192,0.11001166701316833,0.027623221278190613,0.6495108008384705,0.19565793871879578,0.21039047837257385,0.20414131879806519,0.19662591814994812,0.1135367602109909,0.37868037819862366,0.4699828326702118,0.12932565808296204,0.3221772015094757,0.11465559899806976,0.06038179621100426,0.1526319533586502,0.08216708153486252,0.09695716202259064,0.12815983593463898,0.3155810236930847,0.20932473242282867,0.1328287422657013,0.16547195613384247,0.36469340324401855,0.10435350984334946,0.7456413507461548,0.15266017615795135,0.0709540918469429,0.0330355130136013,0.18551841378211975,0.25969958305358887,0.17508317530155182,0.11445119231939316,0.11800776422023773,0.1352870762348175,0.2553868889808655,0.1420356184244156,0.09518209844827652,0.27804362773895264,0.1495966911315918,0.17472589015960693
AM082,0.2,0.0,0.233333333,0.1,0.666666667,0.1,0.4,0.3,1.566666667,0.266666667,0.233333333,0.666666667,0.0,1.233333333,0.266666667,0.266666667,0.266666667,0.0,0.133333333,0.366666667,0.533333333,0.0,0.333333333,0.066666667,0.133333333,0.066666667,0.066666667,0.0,0.266666667,0.1,0.6,0.0,0.0,0.3,0.0,0.266666667,0.0,0.0,0.0,0.0,0.3,0.166666667,0.0,0.5,0.633333333,0.2,0.233333333,0.4,0.0,0.0,0.133333333,0.3122226297855377,0.06495930999517441,0.405187726020813,0.08070413768291473,0.37029772996902466,0.13126331567764282,0.3312986195087433,0.2174016833305359,0.8744978904724121,0.11146564781665802,0.27426812052726746,0.3977993428707123,0.04492325335741043,1.3654847145080566,0.3788365125656128,0.3090587258338928,0.20111505687236786,0.14183497428894043,0.08141601085662842,0.28703799843788147,0.33750391006469727,0.11881062388420105,0.2254178673028946,0.10802693665027618,0.060655247420072556,0.19085925817489624,0.12058821320533752,0.09695716202259064,0.32881271839141846,0.3522944450378418,0.364084929227829,0.14693298935890198,0.2584021985530853,0.12722104787826538,0.07900292426347733,0.5549033880233765,0.14477509260177612,0.055638402700424194,0.06070133298635483,0.24746088683605194,0.1252632737159729,0.12636056542396545,0.11384130269289017,0.18942072987556458,0.18512380123138428,0.2416500598192215,0.0786176398396492,0.33498191833496094,0.17875075340270996,0.14133715629577637,0.11039654165506363
AM810,0.633333333,0.0,0.266666667,0.266666667,0.4,0.6,1.233333333,0.7,0.533333333,0.2,0.1,0.066666667,0.1,1.6,0.166666667,0.6,0.0,0.066666667,0.0,0.0,0.0,0.0,0.0,0.0,0.866666667,1.233333333,0.0,0.0,0.0,0.0,0.0,0.0,0.0,0.3,0.0,0.233333333,0.0,0.0,0.0,0.0,0.0,0.0,0.133333333,0.5,0.666666667,0.2,0.2,0.066666667,0.0,0.2,0.133333333,0.3539438545703888,0.08427762985229492,0.5434224009513855,0.4100903570652008,0.6577829122543335,0.2138771116733551,0.5966889262199402,0.48718205094337463,0.38859379291534424,0.11146564781665802,0.10595997422933578,0.10139025002717972,0.1082938089966774,1.2982428073883057,0.3136051297187805,0.2858636677265167,0.24089205265045166,0.17214345932006836,0.12821491062641144,0.2837081253528595,0.3195187747478485,0.14392632246017456,0.18935254216194153,0.11453522741794586,0.06076464056968689,0.31831738352775574,0.13938657939434052,0.09690278768539429,0.13777579367160797,0.27275848388671875,0.27474382519721985,0.08697499334812164,0.13507050275802612,0.1065836250782013,0.0432477667927742,0.4356890916824341,0.1433573216199875,0.04791724309325218,0.031792011111974716,0.12274724245071411,0.14984028041362762,0.15340062975883484,0.08316286653280258,0.19666142761707306,0.18991737067699432,0.21129731833934784,0.12532208859920502,0.18377995491027832,0.164725199341774,0.14467254281044006,0.09432186186313629
AN268,0.633333333,0.1,0.633333333,0.3,0.333333333,0.166666667,0.033333333,0.4,0.266666667,0.0,0.0,0.1,0.0,1.066666667,0.466666667,0.233333333,0.4,0.3,0.166666667,1.333333333,1.966666667,0.1,1.166666667,0.066666667,0.0,0.166666667,0.1,0.133333333,0.233333333,0.066666667,0.033333333,0.0,0.0,0.533333333,0.1,1.3,0.0,0.0,0.0,0.033333333,0.066666667,0.166666667,0.0,0.066666667,0.166666667,0.066666667,0.0,0.166666667,0.2,0.2,0.166666667,0.30871349573135376,0.055769190192222595,0.4234040677547455,0.3109531104564667,0.5220497250556946,0.13068801164627075,0.28512632846832275,0.35380446910858154,0.3956075608730316,0.11146564781665802,0.11808530986309052,0.15218204259872437,0.04643017798662186,1.3889811038970947,0.49245449900627136,0.3308897316455841,0.23427967727184296,0.1718929558992386,0.10826750099658966,0.3577214777469635,0.3841463029384613,0.1351797878742218,0.2236998826265335,0.0936937928199768,0.060655247420072556,0.17771071195602417,0.0866304561495781,0.0977526381611824,0.06526705622673035,0.14640527963638306,0.17175081372261047,0.10137072205543518,0.08492496609687805,0.1181885302066803,0.043711818754673004,0.47690990567207336,0.14552035927772522,0.02763175591826439,0.006541153881698847,0.0934208333492279,0.10004385560750961,0.14301706850528717,0.03561313450336456,0.2510696053504944,0.15692798793315887,0.11843486875295639,0.02927326411008835,0.2646443247795105,0.1830674707889557,0.1425485461950302,0.07940196990966797
AO235,0.333333333,0.133333333,0.233333333,0.533333333,0.6,0.5,0.566666667,0.6,1.5,0.0,0.3,0.233333333,0.3,1.766666667,0.366666667,0.5,0.366666667,0.133333333,0.033333333,0.066666667,0.166666667,0.166666667,0.066666667,0.033333333,0.0,0.066666667,0.033333333,0.0,0.0,0.133333333,0.0,0.033333333,0.0,0.133333333,0.066666667,0.366666667,0.266666667,0.0,0.0,0.066666667,0.333333333,0.3,0.033333333,0.133333333,0.1,0.0,0.0,0.0,0.766666667,0.133333333,0.0,0.32020342350006104,0.0884590670466423,0.42885464429855347,0.2238187938928604,0.5406269431114197,0.21462734043598175,0.42475777864456177,0.3112584948539734,0.747803270816803,0.11220338195562363,0.1981993019580841,0.20472188293933868,0.10654095560312271,1.2661007642745972,0.37186044454574585,0.3120718002319336,0.24175727367401123,0.16141095757484436,0.13864830136299133,0.3186751902103424,0.3524661362171173,0.20057998597621918,0.22505205869674683,0.1400836557149887,0.060655247420072556,0.24726901948451996,0.16208332777023315,0.09695716202259064,0.26853933930397034,0.3969915211200714,0.4336206614971161,0.18306244909763336,0.24878284335136414,0.22715306282043457,0.06447957456111908,0.5577936768531799,0.14579270780086517,0.0902770608663559,0.057975005358457565,0.3683221936225891,0.25363466143608093,0.1533573567867279,0.10250084102153778,0.22273047268390656,0.1315712034702301,0.1883709579706192,0.06071000173687935,0.1616094559431076,0.23344334959983826,0.14719270169734955,0.12394183874130249
AO882,0.233333333,0.0,0.433333333,0.166666667,0.3,0.0,0.533333333,0.433333333,0.433333333,0.0,0.0,0.033333333,0.0,1.366666667,0.5,0.433333333,0.166666667,0.066666667,0.0,0.866666667,1.266666667,0.433333333,0.933333333,0.3,0.433333333,0.233333333,0.933333333,0.066666667,0.5,0.266666667,0.366666667,0.133333333,0.133333333,0.1,0.066666667,0.6,0.0,0.1,0.166666667,1.033333333,0.3,0.2,0.0,0.133333333,0.233333333,0.0,0.0,0.066666667,0.066666667,0.266666667,0.033333333,0.26559606194496155,0.06705880165100098,0.38155046105384827,0.3984600007534027,0.31823182106018066,0.137573704123497,0.2858567237854004,0.2409440129995346,0.5292216539382935,0.11146564781665802,0.16769899427890778,0.1819455623626709,0.03940759226679802,1.2779819965362549,0.36164093017578125,0.293222039937973,0.2524711489677429,0.1520131528377533,0.08407092094421387,0.3595982491970062,0.37806642055511475,0.09718760848045349,0.26354169845581055,0.09404733031988144,0.06067698076367378,0.2053767442703247,0.0966026708483696,0.09695716202259064,0.0955800786614418,0.21491160988807678,0.222786083817482,0.11169267445802689,0.185893714427948,0.150858074426651,0.06251853704452515,0.4909752309322357,0.14408308267593384,0.035609420388936996,0.013193177990615368,0.12729555368423462,0.1728971153497696,0.1433754563331604,0.05760244280099869,0.2027190774679184,0.19119074940681458,0.1667260229587555,0.05318408086895943,0.18761439621448517,0.1718311607837677,0.14134205877780914,0.07043280452489853
AP048,0.0,0.0,0.0,0.033333333,0.333333333,0.133333333,0.266666667,0.166666667,0.266666667,0.066666667,0.066666667,0.066666667,0.233333333,1.366666667,1.733333333,0.766666667,0.533333333,0.1,0.6,0.833333333,0.666666667,0.0,0.6,0.0,0.033333333,0.066666667,0.866666667,0.433333333,0.166666667,0.166666667,0.266666667,0.0,0.0,0.3,0.0,0.7,0.166666667,0.0,0.0,0.0,0.533333333,0.333333333,0.0,0.0,0.1,0.233333333,0.0,0.666666667,0.4,0.0,0.066666667,0.30910900235176086,0.13900800049304962,0.36671167612075806,0.2557804584503174,0.26825135946273804,0.15071676671504974,0.30404987931251526,0.24712520837783813,0.43524065613746643,0.11145833879709244,0.11965896189212799,0.15801957249641418,0.017034418880939484,1.1070661544799805,0.6598747968673706,0.3243507146835327,0.2000855654478073,0.14284324645996094,0.09100189805030823,0.3732207417488098,0.3775807023048401,0.10813060402870178,0.2769979238510132,0.09376394003629684,0.060403529554605484,0.11733043938875198,0.11879810690879822,0.09695716202259064,0.09768982231616974,0.271365225315094,0.22577086091041565,0.10911796987056732,0.13852949440479279,0.1864798665046692,0.06415406614542007,0.49286285042762756,0.14623549580574036,0.16760647296905518,0.01650093123316765,0.17552675306797028,0.22110873460769653,0.18522988259792328,0.11304038017988205,0.24819254875183105,0.2425047606229782,0.3127274215221405,0.07889466732740402,0.35984906554222107,0.22037385404109955,0.1391279697418213,0.10947619378566742
AP182,0.233333333,0.0,0.5,0.266666667,0.433333333,0.033333333,1.166666667,0.8,1.133333333,0.1,0.133333333,0.433333333,0.1,1.7,0.366666667,0.433333333,0.3,0.0,0.0,0.066666667,0.0,0.0,0.0,0.133333333,0.033333333,0.433333333,0.866666667,0.133333333,0.333333333,0.366666667,0.433333333,0.6,0.033333333,0.1,0.1,0.4,0.0,0.0,0.3,1.1,0.166666667,0.133333333,0.366666667,0.0,0.066666667,0.0,0.0,0.166666667,0.2,0.166666667,0.0,0.42978185415267944,0.06994205713272095,0.5608099102973938,0.501554548740387,0.33897092938423157,0.15171092748641968,0.7647345662117004,0.4070960581302643,0.7604790925979614,0.11300575733184814,0.26164740324020386,0.25983476638793945,0.08694318681955338,1.1814229488372803,0.3338562250137329,0.25395017862319946,0.2338051050901413,0.1438283771276474,0.07976202666759491,0.3791009783744812,0.3951976001262665,0.14955489337444305,0.21762916445732117,0.1986653357744217,0.0615912601351738,0.2313251495361328,0.16169200837612152,0.10551169514656067,0.244848370552063,0.36201515793800354,0.2726302146911621,0.1730690747499466,0.2526707053184509,0.07055766135454178,0.10939808189868927,0.4528496563434601,0.14408308267593384,0.046727050095796585,0.08823324739933014,0.4654490649700165,0.20159396529197693,0.1447802037000656,0.14558210968971252,0.14067049324512482,0.1606108844280243,0.1561812460422516,0.10284163057804108,0.10422111302614212,0.18987706303596497,0.14248469471931458,0.08690048009157181
AP283,0.133333333,0.1,0.433333333,0.1,1.3,0.7,0.866666667,0.6,0.166666667,0.3,0.066666667,0.0,0.0,0.5,0.433333333,0.5,0.266666667,0.333333333,0.266666667,0.133333333,0.0,0.0,0.0,0.0,0.0,0.133333333,0.0,0.0,0.0,0.233333333,0.133333333,0.033333333,0.0,0.366666667,0.066666667,0.8,0.5,0.0,0.0,0.0,0.433333333,0.0,0.0,0.0,0.0,0.5,0.333333333,0.9,0.133333333,0.166666667,0.2,0.48719850182533264,0.12824112176895142,0.5654851794242859,0.38749733567237854,0.5244293212890625,0.23141948878765106,0.9685017466545105,0.6104322671890259,0.7660237550735474,0.11145833879709244,0.2387867122888565,0.23164384067058563,0.08712343871593475,0.9797902703285217,0.29726696014404297,0.26404207944869995,0.22819504141807556,0.14817482233047485,0.0962618812918663,0.33664241433143616,0.337948739528656,0.1484726369380951,0.24477002024650574,0.11864177137613297,0.06146169826388359,0.2783333957195282,0.1062362790107727,0.09875620156526566,0.1467987596988678,0.294506698846817,0.21840108931064606,0.1632383018732071,0.2350156158208847,0.18499989807605743,0.09452120959758759,0.5467196702957153,0.15769743919372559,0.04288145899772644,0.046702831983566284,0.19333401322364807,0.1822446584701538,0.17878691852092743,0.11446908861398697,0.2349970042705536,0.24054373800754547,0.1708250194787979,0.18941013514995575,0.21317745745182037,0.22209511697292328,0.14375422894954681,0.1430981308221817
AP679,0.1,0.0,0.233333333,0.3,0.333333333,0.2,0.4,0.133333333,0.933333333,0.0,0.5,0.333333333,0.1,1.466666667,0.5,0.533333333,0.0,0.033333333,0.0,0.166666667,0.166666667,0.066666667,0.4,0.0,0.266666667,0.1,0.866666667,0.133333333,0.266666667,0.5,0.9,0.366666667,0.033333333,0.166666667,0.166666667,0.8,0.366666667,0.033333333,0.3,1.1,0.266666667,0.3,0.066666667,0.133333333,0.166666667,0.1,0.166666667,0.1,0.4,0.333333333,0.0,0.3260907828807831,0.07246840745210648,0.44709762930870056,0.2057592272758484,0.3339187204837799,0.14071108400821686,0.3801959753036499,0.21189577877521515,0.7469487190246582,0.11220338195562363,0.23001806437969208,0.16130253672599792,0.05283147469162941,1.114621639251709,0.25731247663497925,0.29347747564315796,0.2306336909532547,0.1424008309841156,0.0787978395819664,0.24086374044418335,0.2988850176334381,0.08177413046360016,0.2149115949869156,0.07630738615989685,0.060655247420072556,0.15316316485404968,0.0993369072675705,0.09695716202259064,0.11392654478549957,0.21856950223445892,0.224567711353302,0.10126759856939316,0.10554516315460205,0.13652589917182922,0.04452042281627655,0.48580214381217957,0.14408308267593384,0.03667912259697914,0.038682304322719574,0.12739621102809906,0.21872246265411377,0.16392037272453308,0.08245294541120529,0.16411107778549194,0.20225800573825836,0.19886985421180725,0.09301038831472397,0.21776431798934937,0.22356867790222168,0.14422276616096497,0.07051965594291687
