epoch	train_loss	test_loss	test_metric
0	0.3103167414665222	0.34489646553993225	0.5485305786132812
1	0.259120374917984	0.29327625036239624	0.5773622989654541
2	0.21752871572971344	0.2581583559513092	0.5929549336433411
3	0.1922437995672226	0.22653304040431976	0.6105815172195435
4	0.17164714634418488	0.20272357761859894	0.6297795176506042
5	0.15586049854755402	0.18752802908420563	0.6473035216331482
6	0.14517933130264282	0.1776025891304016	0.6628102660179138
7	0.13710226118564606	0.17148515582084656	0.675775408744812
8	0.13306626677513123	0.16439594328403473	0.6873006820678711
9	0.13072803616523743	0.16270191967487335	0.6971428394317627
10	0.13048341870307922	0.1670057624578476	0.7026347517967224
11	0.12414885312318802	0.16613012552261353	0.7085841298103333
12	0.12222044914960861	0.15762226283550262	0.7171227335929871
13	0.12085786461830139	0.1502489149570465	0.7240483164787292
14	0.11720659583806992	0.14931552112102509	0.726617693901062
15	0.11488901823759079	0.15646757185459137	0.7254616022109985
16	0.1118483692407608	0.15969662368297577	0.7265166640281677
17	0.11204350739717484	0.1560463011264801	0.7316731810569763
18	0.10971179604530334	0.15299092233181	0.7370989322662354
19	0.10702751576900482	0.15059520304203033	0.742093563079834
20	0.10497934371232986	0.15104231238365173	0.7446258068084717
21	0.10587257891893387	0.15572139620780945	0.7437998652458191
22	0.1000870019197464	0.15820810198783875	0.7427110075950623
23	0.09995134174823761	0.15354153513908386	0.7436175346374512
24	0.09937428683042526	0.1483786702156067	0.7450245022773743
25	0.09922682493925095	0.15050987899303436	0.744021475315094
26	0.09566812962293625	0.153474360704422	0.7439689636230469
27	0.0939040333032608	0.15111397206783295	0.7463094592094421
28	0.09346666187047958	0.14771175384521484	0.749418318271637
29	0.09199142456054688	0.15236444771289825	0.7503407001495361
30	0.08956758677959442	0.15319256484508514	0.7518467903137207
31	0.08905532956123352	0.14773951470851898	0.7557206153869629
32	0.08615437895059586	0.14742909371852875	0.758066713809967
33	0.08747303485870361	0.1495940089225769	0.7585829496383667
34	0.08532942831516266	0.148803249001503	0.7592368125915527
35	0.0830739289522171	0.14489269256591797	0.7600705623626709
36	0.08208046108484268	0.1442873626947403	0.7597525119781494
37	0.08402456343173981	0.14251269400119781	0.759324312210083
38	0.08195755630731583	0.14485347270965576	0.7574281692504883
39	0.08131971955299377	0.1439715027809143	0.7571766972541809
40	0.08039453625679016	0.1436510533094406	0.757182776927948
41	0.07759302109479904	0.1463019698858261	0.7561632990837097
42	0.07668960094451904	0.14009587466716766	0.7560645937919617
43	0.07676773518323898	0.13841840624809265	0.7543352246284485
44	0.07559914886951447	0.155417338013649	0.7481427788734436
45	0.07692646980285645	0.14657898247241974	0.7510095238685608
46	0.074008047580719	0.13259802758693695	0.7550201416015625
47	0.07516764849424362	0.13834458589553833	0.7550495266914368
48	0.0725419893860817	0.14977404475212097	0.7522462606430054
49	0.07415205985307693	0.13907325267791748	0.7554993033409119
50	0.07091805338859558	0.13130518794059753	0.7577891945838928
51	0.07294666022062302	0.13961869478225708	0.7563585042953491
52	0.06939484924077988	0.14274907112121582	0.7558593153953552
53	0.070584237575531	0.13402608036994934	0.7566205263137817
54	0.06879554688930511	0.13498066365718842	0.7550363540649414
55	0.06989691406488419	0.1412864774465561	0.7538747191429138
56	0.06880912184715271	0.13569889962673187	0.7565640807151794
57	0.06759699434041977	0.13072054088115692	0.7581889033317566
58	0.06672277301549911	0.1367773413658142	0.7571009993553162
59	0.06635594367980957	0.1370932161808014	0.757287859916687
60	0.06504138559103012	0.13280852138996124	0.7592780590057373
61	0.0639229267835617	0.1292506456375122	0.7605577707290649
62	0.0657893642783165	0.1328284591436386	0.7593244910240173
63	0.06450281292200089	0.1315763294696808	0.7584431767463684
64	0.06331455707550049	0.1316676288843155	0.7579387426376343
65	0.063667893409729	0.1285213977098465	0.761900782585144
66	0.062373023480176926	0.13221943378448486	0.7644715309143066
67	0.06226319074630737	0.13658209145069122	0.765233039855957
68	0.06407666951417923	0.12590292096138	0.7669222354888916
69	0.06365182995796204	0.1315368413925171	0.7653670310974121
70	0.05953220650553703	0.13648481667041779	0.7629024386405945
71	0.06000279262661934	0.12559591233730316	0.7642234563827515
72	0.06059081852436066	0.12930816411972046	0.7611812949180603
73	0.059156958013772964	0.13598471879959106	0.7587028741836548
74	0.060290031135082245	0.12954246997833252	0.7605447769165039
75	0.06112154200673103	0.12434698641300201	0.765225887298584
76	0.058954376727342606	0.12944355607032776	0.7671753168106079
77	0.056640028953552246	0.1341201812028885	0.7673965692520142
78	0.059342168271541595	0.12481965124607086	0.7688637971878052
79	0.056771695613861084	0.1235475242137909	0.7670556902885437
80	0.057263340801000595	0.13116899132728577	0.7638720273971558
81	0.05744349583983421	0.12966521084308624	0.7638422250747681
82	0.056015681475400925	0.1235416829586029	0.7646320462226868
83	0.05725178122520447	0.12410449981689453	0.7629208564758301
84	0.05633075535297394	0.13119997084140778	0.7599377036094666
85	0.05580021068453789	0.12655363976955414	0.7625226974487305
86	0.05554873123764992	0.1250687539577484	0.7644830346107483
87	0.05507540702819824	0.12832774221897125	0.7664188742637634
88	0.05521748960018158	0.13003823161125183	0.7665815949440002
89	0.05359361693263054	0.12896080315113068	0.765823483467102
90	0.054841239005327225	0.1252579241991043	0.765571653842926
91	0.053868409246206284	0.12624968588352203	0.7653862833976746
92	0.0525725893676281	0.12492883950471878	0.7672095894813538
93	0.05245194211602211	0.13043375313282013	0.7667601108551025
94	0.05397075414657593	0.12741659581661224	0.7676537036895752
95	0.050669267773628235	0.12432144582271576	0.7668261528015137
96	0.05219975486397743	0.12642209231853485	0.7659681439399719
97	0.05071070417761803	0.1280973255634308	0.7661146521568298
98	0.05108828842639923	0.12867200374603271	0.7646586894989014
99	0.051186829805374146	0.1264096349477768	0.762852132320404
100	0.04998696595430374	0.12865500152111053	0.7579899430274963
101	0.049648530781269073	0.12815159559249878	0.7571013569831848
102	0.051820069551467896	0.12654393911361694	0.7590965032577515
103	0.05069008842110634	0.12969279289245605	0.7602358460426331
104	0.05071520805358887	0.1293184608221054	0.7623803019523621
105	0.05069609731435776	0.12245155870914459	0.7663886547088623
106	0.04883205518126488	0.12454532086849213	0.7672446966171265
107	0.04930777847766876	0.12872116267681122	0.7678279280662537
108	0.04982909560203552	0.12461727857589722	0.767074465751648
109	0.048578858375549316	0.1216234415769577	0.7636717557907104
110	0.05250472202897072	0.12886355817317963	0.7561582922935486
111	0.0513741709291935	0.12520688772201538	0.7593215703964233
112	0.04850850626826286	0.1213497743010521	0.7660569548606873
113	0.0484720878303051	0.1258108764886856	0.7665084600448608
114	0.048433568328619	0.12933863699436188	0.7660961747169495
115	0.04897415265440941	0.12320505827665329	0.7670590877532959
116	0.046058930456638336	0.12239883840084076	0.7646312117576599
117	0.04764288291335106	0.12742725014686584	0.7601078152656555
118	0.04719597473740578	0.12487734109163284	0.7608571648597717
119	0.046626172959804535	0.12147030234336853	0.7628540992736816
120	0.047585923224687576	0.12558802962303162	0.7615865468978882
121	0.045725077390670776	0.12725034356117249	0.76298588514328
122	0.045800015330314636	0.12162324041128159	0.7667990922927856
123	0.04743127152323723	0.1244078278541565	0.764947235584259
124	0.04650145769119263	0.1291988044977188	0.7638556361198425
125	0.048357125371694565	0.125645712018013	0.7657082080841064
126	0.045419562608003616	0.12124558538198471	0.7661668062210083
127	0.0460246279835701	0.12317880988121033	0.764313280582428
128	0.04509305953979492	0.12889167666435242	0.7606229186058044
129	0.0464993454515934	0.12727218866348267	0.7619632482528687
130	0.04541398584842682	0.12224503606557846	0.7651196718215942
131	0.04673083499073982	0.1241275891661644	0.7624087929725647
132	0.04559219256043434	0.12866398692131042	0.7605497241020203
133	0.044813040643930435	0.12603609263896942	0.7639069557189941
134	0.04382944479584694	0.12367239594459534	0.764755129814148
135	0.045287057757377625	0.12686225771903992	0.759288489818573
136	0.04419086501002312	0.12817583978176117	0.7564643621444702
137	0.04434015601873398	0.12457701563835144	0.7592910528182983
138	0.043501630425453186	0.12475781887769699	0.7596327066421509
139	0.04452072083950043	0.12869957089424133	0.7556296586990356
140	0.0463857538998127	0.12726806104183197	0.754433810710907
141	0.04280425235629082	0.12638670206069946	0.756257176399231
142	0.04504486918449402	0.1280783861875534	0.7579689025878906
143	0.042039815336465836	0.12841564416885376	0.7611356973648071
144	0.04386986792087555	0.12566523253917694	0.7621442079544067
145	0.04169614613056183	0.12235069274902344	0.7613424062728882
146	0.042150307446718216	0.12234216928482056	0.759690523147583
147	0.042098626494407654	0.12505169212818146	0.7598584890365601
148	0.041092194616794586	0.12617023289203644	0.7590736746788025
149	0.04311375692486763	0.12267683446407318	0.7599337697029114
150	0.042343348264694214	0.12261749804019928	0.7593062520027161
151	0.04135189577937126	0.12448100000619888	0.7584397792816162
152	0.04092013090848923	0.12702789902687073	0.7582024335861206
153	0.043356090784072876	0.12427397072315216	0.7623002529144287
154	0.04078610986471176	0.12282738089561462	0.7643389701843262
155	0.042521536350250244	0.12515327334403992	0.7628079652786255
156	0.04188326373696327	0.12475775182247162	0.7595745921134949
157	0.042862195521593094	0.12163446098566055	0.7586743235588074
158	0.04192904010415077	0.12120630592107773	0.7611470818519592
159	0.040268782526254654	0.1241414025425911	0.761898934841156
160	0.03917574882507324	0.12465549260377884	0.7623926401138306
161	0.04067538306117058	0.12281195819377899	0.7601660490036011
162	0.04074781388044357	0.12367317825555801	0.7562247514724731
163	0.039127808064222336	0.1233811229467392	0.7576683759689331
164	0.039667028933763504	0.12304283678531647	0.7607608437538147
165	0.03931712731719017	0.12369009107351303	0.7605801820755005
166	0.04016003757715225	0.12482625246047974	0.7572597861289978
167	0.03813297674059868	0.1253913789987564	0.7558098435401917
168	0.04084503650665283	0.12217842042446136	0.7617663741111755
169	0.03786150738596916	0.12287315726280212	0.7644647359848022
170	0.03977687284350395	0.12483128905296326	0.7640127539634705
171	0.03833138570189476	0.12411494553089142	0.7630913257598877
172	0.03835301473736763	0.12425977736711502	0.7619432210922241
173	0.0402020700275898	0.12347082048654556	0.7629338502883911
174	0.03768675774335861	0.12362673133611679	0.7634549736976624
175	0.03847954049706459	0.12351710349321365	0.7627525925636292
176	0.0384155809879303	0.12243790924549103	0.7617865800857544
177	0.04075286164879799	0.12383174896240234	0.7585852146148682
178	0.038199927657842636	0.12611347436904907	0.757227897644043
179	0.03898896276950836	0.12444328516721725	0.7594608068466187
180	0.03922783583402634	0.12292741239070892	0.7608465552330017
181	0.038258329033851624	0.12541888654232025	0.7578856945037842
182	0.03891226649284363	0.12710940837860107	0.7554847598075867
183	0.03831538185477257	0.12421275675296783	0.7566718459129333
184	0.03790891543030739	0.12269402295351028	0.758246898651123
185	0.04014746472239494	0.12465916574001312	0.7577372789382935
186	0.03825881704688072	0.12548907101154327	0.7580596804618835
187	0.03808872029185295	0.12305984646081924	0.7589521408081055
188	0.0369236059486866	0.12262814491987228	0.7579568028450012
189	0.03731861338019371	0.1221998780965805	0.759098470211029
190	0.03774162009358406	0.12323421239852905	0.7613900899887085
191	0.0375770702958107	0.12239348143339157	0.7631372213363647
192	0.037852946668863297	0.12298120558261871	0.7613409757614136
193	0.039203718304634094	0.12482354044914246	0.7576323747634888
194	0.037177108228206635	0.125986710190773	0.7556236982345581
195	0.03828708082437515	0.12195504456758499	0.7598400712013245
196	0.03517477586865425	0.12153729051351547	0.7607904076576233
197	0.03697407990694046	0.12372169643640518	0.7600151300430298
198	0.03731796517968178	0.12326039373874664	0.7606862187385559
199	0.03574348986148834	0.12389477342367172	0.7599623799324036
200	0.03681712970137596	0.12544463574886322	0.760857880115509
201	0.03666795417666435	0.12381108850240707	0.7628089785575867
202	0.03610294312238693	0.12231834977865219	0.7635160684585571
203	0.03639750927686691	0.12253150343894958	0.7615899443626404
204	0.03631577268242836	0.12250110507011414	0.760847270488739
205	0.03696637973189354	0.12560448050498962	0.760049045085907
206	0.03720135614275932	0.12663264572620392	0.7583791017532349
207	0.03624166175723076	0.12397249042987823	0.755487322807312
208	0.03702084720134735	0.12224044650793076	0.756109356880188
209	0.03565075993537903	0.12315727770328522	0.7579847574234009
210	0.03576475381851196	0.12332624942064285	0.7611249685287476
211	0.037047695368528366	0.12463410943746567	0.7607693076133728
212	0.03605177626013756	0.12387426197528839	0.7604449987411499
213	0.035978108644485474	0.12213250249624252	0.7620394825935364
214	0.03442741557955742	0.12413804978132248	0.757987916469574
215	0.036392584443092346	0.1241043359041214	0.7565539479255676
216	0.03571556136012077	0.12366807460784912	0.7587429881095886
217	0.035618022084236145	0.12594594061374664	0.7577250003814697
218	0.03594070300459862	0.1257997453212738	0.7595259547233582
219	0.03648421913385391	0.12430074065923691	0.7608999013900757
220	0.03454866632819176	0.12428659200668335	0.7592739462852478
221	0.03499293327331543	0.12317866832017899	0.758030891418457
222	0.03565944358706474	0.1234564259648323	0.7567128539085388
223	0.03540385141968727	0.12424401193857193	0.7560631632804871
224	0.03425123542547226	0.1251756101846695	0.7550029158592224
225	0.03526505455374718	0.12360182404518127	0.7575719356536865
226	0.03364991396665573	0.12144853919744492	0.7629614472389221
227	0.03414278104901314	0.12316771596670151	0.7624725699424744
228	0.03471272066235542	0.12352553009986877	0.7613608241081238
229	0.03456961363554001	0.12221840023994446	0.7603930830955505
230	0.03596704825758934	0.12312891334295273	0.7608447670936584
231	0.03502677381038666	0.12630248069763184	0.7592712044715881
232	0.036301277577877045	0.12411870062351227	0.7612832188606262
233	0.03442938253283501	0.12092098593711853	0.7633194923400879
234	0.035262398421764374	0.12264847755432129	0.762494683265686
235	0.034382015466690063	0.12693719565868378	0.761054515838623
236	0.036507684737443924	0.12324292212724686	0.7634381055831909
237	0.033475570380687714	0.12037360668182373	0.7647513151168823
238	0.0356006845831871	0.123328298330307	0.7618303894996643
239	0.03377049043774605	0.12354399263858795	0.7632765769958496
240	0.03398856148123741	0.12282354384660721	0.7667633891105652
241	0.0336172878742218	0.12263654172420502	0.7662113904953003
242	0.033536363393068314	0.12201201170682907	0.7640008926391602
243	0.033664122223854065	0.12191097438335419	0.7632374167442322
244	0.033781688660383224	0.12210531532764435	0.7657167315483093
245	0.03377708047628403	0.12069328129291534	0.7687873840332031
246	0.034401025623083115	0.12093535810709	0.7681149840354919
247	0.03354119881987572	0.12176047265529633	0.7643475532531738
248	0.03380969911813736	0.12291881442070007	0.7609962821006775
249	0.034199588000774384	0.1235525831580162	0.7623910903930664
250	0.03322682902216911	0.12252616882324219	0.764742374420166
251	0.03258397802710533	0.12104108929634094	0.7648206353187561
252	0.03350524231791496	0.12235947698354721	0.7617764472961426
253	0.033049680292606354	0.12291435152292252	0.7621974349021912
254	0.03306988999247551	0.12264491617679596	0.7644453644752502
255	0.0332229807972908	0.12181758880615234	0.76677405834198
256	0.032979369163513184	0.1228184625506401	0.7657808065414429
257	0.03251051902770996	0.12265384942293167	0.7629441618919373
258	0.03272221237421036	0.12117760628461838	0.7619279623031616
259	0.034281086176633835	0.12256775051355362	0.7618376016616821
260	0.031474046409130096	0.12523487210273743	0.7617989778518677
261	0.03421704098582268	0.121973417699337	0.7645883560180664
262	0.03324912115931511	0.12008821219205856	0.7655919790267944
263	0.0335681326687336	0.12188654392957687	0.7625083327293396
264	0.0319732241332531	0.12306764721870422	0.760744035243988
265	0.03247888758778572	0.1215411052107811	0.7622867226600647
266	0.03181162849068642	0.1207008808851242	0.7636349201202393
267	0.03321095183491707	0.12216949462890625	0.7625560760498047
268	0.033284109085798264	0.12263353914022446	0.763598620891571
269	0.031713031232357025	0.12085441499948502	0.7671828269958496
270	0.03170932084321976	0.12103012204170227	0.7686108946800232
271	0.03232166916131973	0.1224215030670166	0.7662068605422974
272	0.03205372765660286	0.12291141599416733	0.7633273005485535
273	0.031171269714832306	0.12242179363965988	0.7636258602142334
274	0.03218744322657585	0.12333665788173676	0.7645983695983887
275	0.031727369874715805	0.12357712537050247	0.7648962736129761
276	0.032342832535505295	0.12044661492109299	0.766554594039917
277	0.03160206601023674	0.11994071304798126	0.7651142477989197
278	0.033147603273391724	0.12188063561916351	0.7656086683273315
279	0.03129781410098076	0.12109451740980148	0.7680968046188354
280	0.032179441303014755	0.11944907158613205	0.7695081233978271
281	0.032751839607954025	0.12112899124622345	0.7661823034286499
282	0.03130749240517616	0.12212271988391876	0.7627637982368469
283	0.032000042498111725	0.12010430544614792	0.7633330225944519
284	0.032425764948129654	0.12014476954936981	0.7656488418579102
285	0.031532172113657	0.12216205149888992	0.7650771141052246
286	0.031960636377334595	0.1222212016582489	0.7648436427116394
287	0.031011048704385757	0.12221716344356537	0.7629410624504089
288	0.03003089502453804	0.12275178730487823	0.7616093158721924
289	0.030529771000146866	0.12283895909786224	0.7645293474197388
290	0.03069649264216423	0.12089068442583084	0.7674061059951782
291	0.032036781311035156	0.12231449782848358	0.7650783658027649
292	0.029792597517371178	0.12395501136779785	0.762069582939148
293	0.031427498906850815	0.12268710136413574	0.7641955018043518
294	0.03105289675295353	0.121530681848526	0.7662184238433838
295	0.03080177865922451	0.12125259637832642	0.7657789587974548
296	0.030150048434734344	0.12053123116493225	0.7656276226043701
297	0.02978641167283058	0.11975681781768799	0.765480637550354
298	0.03180477023124695	0.12117616832256317	0.7653234004974365
299	0.031168485060334206	0.11941021680831909	0.7685586214065552
300	0.031050024554133415	0.12001769244670868	0.7695212364196777
301	0.03157435730099678	0.12124758213758469	0.766656219959259
302	0.030191177502274513	0.12126971781253815	0.7632409930229187
303	0.029310550540685654	0.12150004506111145	0.7632087469100952
304	0.031697243452072144	0.12177833914756775	0.7665716409683228
305	0.02977641299366951	0.1224946528673172	0.768770158290863
306	0.03134319186210632	0.12016744911670685	0.7697378396987915
307	0.02955438382923603	0.1193886324763298	0.7667009830474854
308	0.0318770669400692	0.12181629240512848	0.7649290561676025
309	0.031007258221507072	0.12081257253885269	0.7668434977531433
310	0.031580403447151184	0.1203785389661789	0.7689773440361023
311	0.03036733716726303	0.12172030657529831	0.768168032169342
312	0.029556073248386383	0.12061795592308044	0.7676976323127747
313	0.02998148277401924	0.12060420960187912	0.7660549283027649
314	0.030806567519903183	0.12146130204200745	0.7662838101387024
315	0.029093021526932716	0.12219319492578506	0.7646425366401672
316	0.028411775827407837	0.12222347408533096	0.7646137475967407
317	0.02974608540534973	0.12225841730833054	0.7669146060943604
318	0.030051926150918007	0.12219785898923874	0.7675184011459351
319	0.029667509719729424	0.12104953825473785	0.7669100165367126
320	0.02978053130209446	0.12158472090959549	0.7665796875953674
321	0.028675498440861702	0.12156147509813309	0.7661988139152527
322	0.029183976352214813	0.12055909633636475	0.7665010690689087
323	0.029797066003084183	0.12102756649255753	0.7663503289222717
324	0.028559502214193344	0.1217431053519249	0.7663221955299377
325	0.030065318569540977	0.12133874744176865	0.7667930722236633
326	0.029614469036459923	0.12020977586507797	0.7665063142776489
327	0.029407111927866936	0.12134996801614761	0.7660236954689026
328	0.02920493483543396	0.12292582541704178	0.7668046355247498
329	0.02958567813038826	0.12061159312725067	0.7676961421966553
330	0.03008708357810974	0.1206941157579422	0.7658846378326416
331	0.029230033978819847	0.12176281958818436	0.7633272409439087
332	0.028415106236934662	0.12198664247989655	0.7620067000389099
333	0.03118390403687954	0.12096904963254929	0.7632198929786682
334	0.0285227932035923	0.12192817032337189	0.762721836566925
335	0.03009946271777153	0.1221429854631424	0.7616424560546875
336	0.028836112469434738	0.12045261263847351	0.7642536163330078
337	0.027354246005415916	0.12085926532745361	0.7635826468467712
338	0.02967597357928753	0.12015138566493988	0.7647947072982788
339	0.028606882318854332	0.12051616609096527	0.7648789882659912
340	0.02929861657321453	0.12201135605573654	0.7641564607620239
341	0.02875182218849659	0.12203284353017807	0.7628917694091797
342	0.030122486874461174	0.1210981011390686	0.7621361017227173
343	0.028845731168985367	0.1206909567117691	0.7634071111679077
344	0.02903159335255623	0.12088663130998611	0.764239490032196
345	0.028969623148441315	0.12223975360393524	0.7628874182701111
346	0.029145803302526474	0.12220856547355652	0.7621060013771057
347	0.029772881418466568	0.12039000540971756	0.7662065625190735
348	0.02870187722146511	0.1209750697016716	0.7683511972427368
349	0.029242873191833496	0.12120913714170456	0.7678750157356262
350	0.02871287241578102	0.12227904051542282	0.7656753063201904
351	0.03073185123503208	0.1204739585518837	0.7670240998268127
352	0.028723219409585	0.11919059604406357	0.7714792490005493
353	0.02770630083978176	0.12076182663440704	0.7725622653961182
354	0.03058835119009018	0.11902827769517899	0.7721903920173645
355	0.028417598456144333	0.1198657900094986	0.7681674361228943
356	0.028617531061172485	0.12047407031059265	0.7663695812225342
357	0.028497854247689247	0.11932798475027084	0.7699331045150757
358	0.02862343192100525	0.11973101645708084	0.7706184387207031
359	0.028999291360378265	0.11852947622537613	0.7700755596160889
360	0.02855660207569599	0.11946866661310196	0.7684280276298523
361	0.02908584475517273	0.1213933527469635	0.7674333453178406
362	0.02853325754404068	0.11979740858078003	0.7701680064201355
363	0.029069101437926292	0.11859524995088577	0.7717908024787903
364	0.0290556438267231	0.11972816288471222	0.76998370885849
365	0.02759178727865219	0.11998002231121063	0.7697325944900513
366	0.028395330533385277	0.1195475161075592	0.7708841562271118
367	0.02859054133296013	0.11981745809316635	0.7716567516326904
368	0.027804870158433914	0.12144698947668076	0.7699140906333923
369	0.028390178456902504	0.12210153043270111	0.7673389911651611
370	0.028486361727118492	0.12100987136363983	0.7658689022064209
371	0.027510683983564377	0.1210007593035698	0.7663311958312988
372	0.027121521532535553	0.12165500223636627	0.769033670425415
373	0.029920456930994987	0.11937399953603745	0.7709627151489258
374	0.028524596244096756	0.11857045441865921	0.7694970369338989
375	0.029247252270579338	0.12015938758850098	0.7664241790771484
376	0.029794957488775253	0.12096939235925674	0.7674672603607178
377	0.02842653915286064	0.1182578057050705	0.7717152237892151
378	0.028907250612974167	0.11824238300323486	0.774284839630127
379	0.029447825625538826	0.11923528462648392	0.7742553353309631
380	0.028110070154070854	0.11916644126176834	0.7716720700263977
381	0.028783535584807396	0.11938994377851486	0.7688608169555664
382	0.02825537882745266	0.11985185742378235	0.7685092091560364
383	0.02776990458369255	0.11990338563919067	0.7685795426368713
384	0.028259066864848137	0.12013086676597595	0.7685169577598572
385	0.028539113700389862	0.11965129524469376	0.768205463886261
386	0.027601974084973335	0.12036939710378647	0.7660019397735596
387	0.028425104916095734	0.1208796575665474	0.767669677734375
388	0.02886173687875271	0.1211627945303917	0.7703766822814941
389	0.027871565893292427	0.11938098073005676	0.7731104493141174
390	0.028367118909955025	0.1195388063788414	0.7719146609306335
391	0.02785974182188511	0.12104744464159012	0.7678172588348389
392	0.027660666033625603	0.11997085809707642	0.7658590078353882
393	0.027996493503451347	0.11860641092061996	0.7664515376091003
394	0.02736089378595352	0.11912693083286285	0.7669788002967834
395	0.026952197775244713	0.11941294372081757	0.7687307000160217
396	0.027014467865228653	0.11986208707094193	0.7684457302093506
397	0.0282378438860178	0.1202617883682251	0.7671902775764465
398	0.026954397559165955	0.1196221113204956	0.7656223773956299
399	0.026587100699543953	0.11914355307817459	0.7657535672187805
400	0.027111422270536423	0.12075964361429214	0.7649074196815491
401	0.02811792865395546	0.12073232978582382	0.7661078572273254
402	0.026313109323382378	0.12029823660850525	0.7698809504508972
403	0.02730867825448513	0.11985354870557785	0.7731064558029175
404	0.028287572786211967	0.12031863629817963	0.7729171514511108
405	0.027750074863433838	0.12006094306707382	0.7694636583328247
406	0.027052972465753555	0.12000925838947296	0.7658868432044983
407	0.02707792818546295	0.11886856704950333	0.7661585807800293
408	0.0284598246216774	0.11827519536018372	0.7692248225212097
409	0.026464372873306274	0.11960067600011826	0.7707440257072449
410	0.027486491948366165	0.12215029448270798	0.7692148089408875
411	0.028791628777980804	0.11998126655817032	0.7684846520423889
412	0.02740776166319847	0.11964313685894012	0.7663159370422363
413	0.026907209306955338	0.12180422991514206	0.7627666592597961
414	0.02777169644832611	0.12133899331092834	0.764014720916748
415	0.02673618122935295	0.12027251720428467	0.7656333446502686
416	0.028010675683617592	0.119746133685112	0.766522228717804
417	0.02640547789633274	0.12160485982894897	0.7640364766120911
418	0.02755207009613514	0.12135594338178635	0.7658555507659912
419	0.026888243854045868	0.11981022357940674	0.7682058215141296
420	0.02683893032371998	0.11880071461200714	0.7686811685562134
421	0.02806703746318817	0.11905941367149353	0.7670010328292847
422	0.026856256648898125	0.11881103366613388	0.7666140198707581
423	0.02692299149930477	0.11858786642551422	0.7677223682403564
424	0.027437785640358925	0.11885429918766022	0.7692916393280029
425	0.028493907302618027	0.1180313378572464	0.7708524465560913
426	0.028600521385669708	0.11623088270425797	0.773115873336792
427	0.026673410087823868	0.11761851608753204	0.7731468677520752
428	0.02720368653535843	0.119400255382061	0.7725332379341125
429	0.027172710746526718	0.11972054094076157	0.7701566815376282
430	0.02565307728946209	0.11883488297462463	0.7678821682929993
431	0.027193736284971237	0.11945750564336777	0.7665843963623047
432	0.027428966015577316	0.122847780585289	0.7651094198226929
433	0.029067056253552437	0.12224531173706055	0.7657114267349243
434	0.027990709990262985	0.11889111995697021	0.7680351734161377
435	0.028950084000825882	0.11851577460765839	0.7694454789161682
436	0.027004098519682884	0.12101423740386963	0.7694438099861145
437	0.028806710615754128	0.12041208148002625	0.7705383896827698
438	0.025318365544080734	0.11831677705049515	0.7700086236000061
439	0.027249688282608986	0.11913473159074783	0.7687626481056213
440	0.02771889418363571	0.12126066535711288	0.7668254375457764
441	0.028099795803427696	0.11989380419254303	0.7651807069778442
442	0.02595946565270424	0.11957745999097824	0.7654579281806946
443	0.02712211199104786	0.11871509253978729	0.7694830298423767
444	0.027207544073462486	0.11859595775604248	0.7728062272071838
445	0.027128638699650764	0.11861968785524368	0.7723035216331482
446	0.02548271231353283	0.12053600698709488	0.7682161927223206
447	0.026998935267329216	0.11963371187448502	0.7662751078605652
448	0.026688463985919952	0.11860046535730362	0.7681048512458801
449	0.02710212767124176	0.11984044313430786	0.7714524269104004
450	0.02643689326941967	0.11996328830718994	0.7722679376602173
451	0.027229590341448784	0.11949019879102707	0.7698720097541809
452	0.0270688459277153	0.12068422138690948	0.7661694884300232
453	0.02608516439795494	0.12149792909622192	0.76492840051651
454	0.02680237405002117	0.11960016936063766	0.7685460448265076
455	0.025341207161545753	0.11841602623462677	0.7713460326194763
456	0.025221306830644608	0.11825886368751526	0.7714637517929077
457	0.02578986994922161	0.11939612030982971	0.7693395614624023
458	0.025984356179833412	0.11995042115449905	0.7691982984542847
459	0.026502812281250954	0.11861886829137802	0.7716395258903503
460	0.025192348286509514	0.11877770721912384	0.7727091908454895
461	0.025203878059983253	0.11975236237049103	0.7716220021247864
462	0.02608337253332138	0.11944910883903503	0.7705525755882263
463	0.02544255740940571	0.11807385087013245	0.770748496055603
464	0.02605617418885231	0.11902646720409393	0.7719572186470032
465	0.026766153052449226	0.12028763443231583	0.7725098133087158
466	0.02662147581577301	0.11857201159000397	0.7734140753746033
467	0.025752292945981026	0.11862746626138687	0.7713666558265686
468	0.025676997378468513	0.11927416175603867	0.7705351710319519
469	0.02612525224685669	0.11885268986225128	0.7717002630233765
470	0.026287874206900597	0.11768843233585358	0.772317111492157
471	0.026662809774279594	0.11774637550115585	0.7721216678619385
472	0.025362780317664146	0.11954779922962189	0.770500123500824
473	0.027822449803352356	0.11943406611680984	0.7710765600204468
474	0.02669657953083515	0.11804655194282532	0.7732667922973633
475	0.02492164820432663	0.11823416501283646	0.7721985578536987
476	0.025277070701122284	0.11978492885828018	0.7698304653167725
477	0.024533605203032494	0.120711550116539	0.7691131830215454
478	0.025487402454018593	0.11961714923381805	0.7710143327713013
479	0.025012213736772537	0.11906937509775162	0.7734423279762268
480	0.02581077069044113	0.11885855346918106	0.7730499505996704
481	0.02555912919342518	0.11890597641468048	0.7717732787132263
482	0.024734798818826675	0.119188591837883	0.7700784802436829
483	0.024624163284897804	0.11932529509067535	0.7681571841239929
484	0.024672314524650574	0.12010568380355835	0.7680596709251404
485	0.024979496374726295	0.11992974579334259	0.7676301002502441
486	0.025260014459490776	0.11917892098426819	0.7673711776733398
487	0.02531738393008709	0.11960510909557343	0.7673237919807434
488	0.025064021348953247	0.12030526250600815	0.7681218385696411
489	0.024967126548290253	0.11955397576093674	0.7690380811691284
490	0.02473044954240322	0.11955671012401581	0.7693078517913818
491	0.02530580759048462	0.12056263536214828	0.7687520980834961
492	0.02491084858775139	0.11986093968153	0.7685516476631165
493	0.025024844333529472	0.11895961314439774	0.7675060629844666
494	0.0261380672454834	0.11893870681524277	0.7675661444664001
495	0.02549729309976101	0.12091214954853058	0.7681821584701538
496	0.02566104382276535	0.11918462067842484	0.7696337103843689
497	0.02492365799844265	0.11688407510519028	0.7700721621513367
498	0.02666715532541275	0.11808229982852936	0.7713860869407654
499	0.02553926594555378	0.11920205503702164	0.7726857662200928
500	0.025358285754919052	0.11689931154251099	0.7742995619773865
501	0.025178583338856697	0.11670129001140594	0.7741668820381165
502	0.02635243721306324	0.1179812103509903	0.7718104720115662
503	0.02540314570069313	0.11842238157987595	0.7698241472244263
504	0.02493404597043991	0.11816156655550003	0.7703932523727417
505	0.025843225419521332	0.11919358372688293	0.7701150178909302
506	0.023590514436364174	0.12024971842765808	0.7690414786338806
507	0.024577399715781212	0.12000229209661484	0.767404317855835
508	0.02461903914809227	0.119594506919384	0.7667620778083801
509	0.025198547169566154	0.11975300312042236	0.7667747735977173
510	0.024500077590346336	0.11980573832988739	0.7671327590942383
511	0.024622051045298576	0.11927931010723114	0.7669770121574402
512	0.024671543389558792	0.11965131014585495	0.7661442160606384
513	0.024935616180300713	0.11976001411676407	0.7658693194389343
514	0.02490193024277687	0.11973442882299423	0.7672876715660095
515	0.02417638711631298	0.11919150501489639	0.7690993547439575
516	0.023922402411699295	0.11942997574806213	0.7689850926399231
517	0.024490397423505783	0.12011246383190155	0.7678038477897644
518	0.024873636662960052	0.11901018023490906	0.7683421969413757
519	0.025167662650346756	0.11914519965648651	0.7698021531105042
520	0.024656876921653748	0.12070506811141968	0.7700795531272888
521	0.025286491960287094	0.12002686411142349	0.769460141658783
522	0.024786287918686867	0.11859086155891418	0.7689593434333801
523	0.025090573355555534	0.1185641959309578	0.7698650360107422
524	0.025348812341690063	0.11930947005748749	0.770022451877594
525	0.025530965998768806	0.1188163086771965	0.7690062522888184
526	0.023836901411414146	0.11860225349664688	0.768141508102417
527	0.025540078058838844	0.11943487077951431	0.7680806517601013
528	0.025407567620277405	0.1202261820435524	0.7665130496025085
529	0.024837741628289223	0.12018109858036041	0.7652747631072998
530	0.02465379238128662	0.11920733749866486	0.7646942734718323
531	0.024462327361106873	0.1183154359459877	0.7662168741226196
532	0.02491423301398754	0.1183566004037857	0.767581045627594
533	0.023639749735593796	0.11879029870033264	0.7699821591377258
534	0.02518848329782486	0.11886648088693619	0.7702745199203491
535	0.023663552477955818	0.1185077354311943	0.7716217637062073
536	0.024073677137494087	0.11911778897047043	0.7715038061141968
537	0.02479930780827999	0.12029846012592316	0.7691135406494141
538	0.025116052478551865	0.1200236901640892	0.766303300857544
539	0.024728184565901756	0.11940611898899078	0.7652925848960876
540	0.023974690586328506	0.11905030161142349	0.7664539813995361
541	0.024617943912744522	0.11993178725242615	0.7662206888198853
542	0.024937979876995087	0.11969900876283646	0.7659876942634583
543	0.0246717669069767	0.11901751905679703	0.76629239320755
544	0.024004196748137474	0.12006206810474396	0.7662001848220825
545	0.023749208077788353	0.11968884617090225	0.7675409913063049
546	0.025100886821746826	0.11878661811351776	0.7688837051391602
547	0.024263877421617508	0.11803934723138809	0.7695128917694092
548	0.0248184222728014	0.11844198405742645	0.7676787972450256
549	0.023958338424563408	0.11879304051399231	0.7677649259567261
550	0.02504783123731613	0.11816604435443878	0.7711760401725769
551	0.02399924211204052	0.11789968609809875	0.772161066532135
552	0.02474960684776306	0.11862674355506897	0.7710781097412109
553	0.02438846416771412	0.11911213397979736	0.7686554193496704
554	0.024295993149280548	0.11910411715507507	0.7666522860527039
555	0.02547626756131649	0.11831817775964737	0.7683978080749512
556	0.023755880072712898	0.11868330836296082	0.7704548239707947
557	0.02447167970240116	0.11944051831960678	0.7710599899291992
558	0.02550378069281578	0.11885309964418411	0.7682009935379028
559	0.024319231510162354	0.11998048424720764	0.7657054662704468
560	0.024565856903791428	0.12001974135637283	0.7670149207115173
561	0.02380584180355072	0.11919856816530228	0.768772304058075
562	0.02471965365111828	0.11860891431570053	0.769514262676239
563	0.024037867784500122	0.11892145127058029	0.767859160900116
564	0.024813422933220863	0.11874660849571228	0.767963171005249
565	0.024482974782586098	0.11882426589727402	0.7688472270965576
566	0.025411158800125122	0.11842602491378784	0.7699141502380371
567	0.023832816630601883	0.11866236478090286	0.7692961096763611
568	0.023022757843136787	0.11951722204685211	0.7683231830596924
569	0.024993950501084328	0.11945021152496338	0.769651472568512
570	0.024060461670160294	0.1184978038072586	0.7723330855369568
571	0.024090226739645004	0.1182730570435524	0.7718117833137512
572	0.024699974805116653	0.11942838877439499	0.7695741057395935
573	0.024782365188002586	0.11927401274442673	0.7687919735908508
574	0.0256170853972435	0.11879558116197586	0.7673662304878235
575	0.026024723425507545	0.11943380534648895	0.7674126625061035
576	0.02498980611562729	0.11985944211483002	0.7689772844314575
577	0.025730276480317116	0.11960729211568832	0.7677417397499084
578	0.02564546838402748	0.11853879690170288	0.7667999863624573
579	0.023756787180900574	0.11733362823724747	0.7672594785690308
580	0.02527763321995735	0.11911725252866745	0.7657626271247864
581	0.025051038712263107	0.12004570662975311	0.7667223811149597
582	0.02606983669102192	0.11843552440404892	0.7694529294967651
583	0.024391938000917435	0.11821161955595016	0.7719535231590271
584	0.02521318569779396	0.11904986202716827	0.77400803565979
585	0.025391627103090286	0.11872830241918564	0.7733154892921448
586	0.02617109939455986	0.11738279461860657	0.7726302146911621
587	0.02373647131025791	0.11811400204896927	0.7708773016929626
588	0.02491372637450695	0.11988270282745361	0.7692326307296753
589	0.02487926185131073	0.11904114484786987	0.7694708704948425
590	0.023764779791235924	0.11892098933458328	0.7691841125488281
591	0.024387342855334282	0.12019343674182892	0.7685421705245972
592	0.025536198168992996	0.11982391774654388	0.7694061994552612
593	0.0253427866846323	0.11864157766103745	0.7686789035797119
594	0.023929649963974953	0.11772198230028152	0.7676677107810974
595	0.024732142686843872	0.1180037334561348	0.7682777643203735
596	0.02387358248233795	0.11877571046352386	0.7698140144348145
597	0.024397799745202065	0.117396779358387	0.7734622359275818
598	0.023820728063583374	0.11657150089740753	0.7759332656860352
599	0.024830671027302742	0.11757376044988632	0.7754859328269958
600	0.023491544649004936	0.11982162296772003	0.7722094058990479
601	0.024596108123660088	0.12018381804227829	0.7694892883300781
602	0.024569524452090263	0.11830491572618484	0.769524097442627
603	0.023764248937368393	0.11799483746290207	0.7706556916236877
604	0.024377569556236267	0.11892744898796082	0.770943820476532
605	0.023888472467660904	0.1204523965716362	0.7703293561935425
606	0.024101201444864273	0.12024260312318802	0.7686587572097778
607	0.02382475510239601	0.11953320354223251	0.7670596837997437
608	0.02412886917591095	0.11916471272706985	0.7666265964508057
609	0.023087387904524803	0.11853758245706558	0.7673353552818298
610	0.024744931608438492	0.11757062375545502	0.7676441669464111
611	0.023353278636932373	0.11667169630527496	0.7665422558784485
612	0.024541035294532776	0.1178991049528122	0.766679584980011
613	0.025068238377571106	0.11945779621601105	0.7678105235099792
614	0.0245304424315691	0.11914338916540146	0.7691063284873962
615	0.021959979087114334	0.11860158294439316	0.7670791149139404
616	0.02452157996594906	0.11990142613649368	0.7654531002044678
617	0.024221722036600113	0.12072160840034485	0.7657648921012878
618	0.02413535676896572	0.11896048486232758	0.7675574421882629
619	0.023238198831677437	0.11803050339221954	0.7696386575698853
620	0.023391326889395714	0.11921749264001846	0.7692728638648987
621	0.023962058126926422	0.11972565203905106	0.7670385241508484
622	0.02406613528728485	0.1195821538567543	0.7658540606498718
623	0.02335759997367859	0.11836471408605576	0.7665789127349854
624	0.0239933542907238	0.11832538992166519	0.7683175802230835
625	0.02419620007276535	0.11885037273168564	0.7689847350120544
626	0.022406699135899544	0.11842861771583557	0.7685984373092651
627	0.02218247950077057	0.11821763962507248	0.7680689692497253
628	0.02452143095433712	0.11730791628360748	0.7703837156295776
629	0.023530270904302597	0.11679914593696594	0.7731581330299377
630	0.023648884147405624	0.11729215085506439	0.77302485704422
631	0.02295851521193981	0.11796029657125473	0.769620418548584
632	0.023551108315587044	0.11845548450946808	0.7681388258934021
633	0.02236887626349926	0.1182265505194664	0.7676641941070557
634	0.023451276123523712	0.11756905168294907	0.7688607573509216
635	0.0238032303750515	0.1181977167725563	0.7683734893798828
636	0.023303302004933357	0.11921799927949905	0.7689408659934998
637	0.02356046251952648	0.11894792318344116	0.7711495161056519
638	0.024097610265016556	0.11711454391479492	0.773417592048645
639	0.023337364196777344	0.11618255823850632	0.7741904854774475
640	0.023256106302142143	0.11732224375009537	0.7727928161621094
641	0.023094067350029945	0.11829119920730591	0.771486759185791
642	0.023174038156867027	0.11817989498376846	0.7714618444442749
643	0.023234816268086433	0.11756669729948044	0.7708706259727478
644	0.023266805335879326	0.11787806451320648	0.7699429988861084
645	0.02351210080087185	0.11828207224607468	0.7697952389717102
646	0.021724030375480652	0.11759200692176819	0.7699800133705139
647	0.022907929494976997	0.11753355711698532	0.771821141242981
648	0.022699393332004547	0.11780640482902527	0.7726939916610718
649	0.023690758273005486	0.11747994273900986	0.771790623664856
650	0.022283844649791718	0.11739853769540787	0.77031409740448
651	0.02201821096241474	0.11743203550577164	0.7687551975250244
652	0.0231900867074728	0.1175394207239151	0.7702967524528503
653	0.022863849997520447	0.11851292848587036	0.7710403203964233
654	0.022335531190037727	0.11887360364198685	0.7703258395195007
655	0.02353709004819393	0.11795729398727417	0.7701148390769958
656	0.02163795381784439	0.11793509125709534	0.7692859172821045
657	0.022644218057394028	0.11788591742515564	0.7692102789878845
658	0.023283682763576508	0.11814317852258682	0.771202564239502
659	0.022176044061779976	0.1189306229352951	0.7721648216247559
660	0.023813117295503616	0.1188429519534111	0.7720146775245667
661	0.022961456328630447	0.11789777129888535	0.7714827656745911
662	0.02327956072986126	0.1180478110909462	0.7702642679214478
663	0.023145321756601334	0.11833637952804565	0.7697880864143372
664	0.022122537717223167	0.11895143240690231	0.7697381377220154
665	0.0242423377931118	0.11843755096197128	0.7699901461601257
666	0.02194955013692379	0.11818107962608337	0.7695178985595703
667	0.023080097511410713	0.11874217540025711	0.7683677077293396
668	0.022975072264671326	0.11803023517131805	0.7674904465675354
669	0.023009102791547775	0.11729925125837326	0.7678089737892151
670	0.022567840293049812	0.11848074942827225	0.7675582766532898
671	0.022429361939430237	0.11939180642366409	0.7674516439437866
672	0.022835997864603996	0.1183677390217781	0.7679084539413452
673	0.022944698110222816	0.11730153858661652	0.7677330374717712
674	0.022683927789330482	0.1183662936091423	0.7668724060058594
675	0.022822454571723938	0.11868643015623093	0.7666788101196289
676	0.022160690277814865	0.11852207034826279	0.76728355884552
677	0.022230418398976326	0.11811215430498123	0.7685632109642029
678	0.023175176233053207	0.11824680119752884	0.7700905203819275
679	0.022981198504567146	0.11806944012641907	0.7702558636665344
680	0.022660644724965096	0.11758938431739807	0.7691408395767212
681	0.02267700806260109	0.11774241179227829	0.7693898677825928
682	0.022990966215729713	0.11833823472261429	0.7702205777168274
683	0.022866690531373024	0.11822632700204849	0.7696881890296936
684	0.021995974704623222	0.11813221126794815	0.7673407793045044
685	0.02381090447306633	0.1191171184182167	0.7662448883056641
686	0.02319164387881756	0.11825001984834671	0.7686032056808472
687	0.02277951128780842	0.1175789088010788	0.7705062031745911
688	0.02266349270939827	0.11788728833198547	0.7713748812675476
689	0.0247208084911108	0.11818743497133255	0.7710434198379517
690	0.02328619547188282	0.11910489201545715	0.7696678042411804
691	0.02234240621328354	0.1196078211069107	0.7683389186859131
692	0.02350463718175888	0.11959124356508255	0.7684490084648132
693	0.02406460978090763	0.12008338421583176	0.7690253257751465
694	0.023712174966931343	0.11941002309322357	0.7684490084648132
695	0.023061228916049004	0.11893300712108612	0.7685322761535645
696	0.02307230606675148	0.11833547800779343	0.7677671909332275
697	0.023016933351755142	0.1181461364030838	0.7686111927032471
698	0.021665597334504128	0.11829826980829239	0.7704148888587952
699	0.021521570160984993	0.11915465444326401	0.7697480320930481
700	0.022291481494903564	0.11943244934082031	0.7693774104118347
701	0.021604781970381737	0.11855050176382065	0.7681707143783569
702	0.022075941786170006	0.11757566034793854	0.7673022150993347
703	0.023432673886418343	0.11837682127952576	0.7659709453582764
704	0.02296495996415615	0.1193433552980423	0.7656751275062561
705	0.023810463026165962	0.1183750182390213	0.7678177952766418
706	0.02238364890217781	0.11801323294639587	0.7704111933708191
707	0.022555414587259293	0.11825750768184662	0.7704810500144958
708	0.02259121462702751	0.11940574645996094	0.7688726782798767
709	0.022385697811841965	0.11881747841835022	0.7672304511070251
710	0.02236468531191349	0.11796584725379944	0.7660293579101562
711	0.02366003394126892	0.11818283796310425	0.7654215693473816
712	0.022662432864308357	0.11950840055942535	0.7658393979072571
713	0.023180900141596794	0.1186489462852478	0.7679285407066345
714	0.022486146539449692	0.11785277724266052	0.76969313621521
715	0.022909533232450485	0.11835799366235733	0.7705680727958679
716	0.023116769269108772	0.11907070130109787	0.7700340747833252
717	0.023156380280852318	0.11858198046684265	0.7691312432289124
718	0.022472428157925606	0.11813578009605408	0.7677043676376343
719	0.023229891434311867	0.11981238424777985	0.7665128111839294
720	0.02339347079396248	0.11939357966184616	0.7682516574859619
721	0.0232106801122427	0.11773921549320221	0.7710273265838623
722	0.023173857480287552	0.11784009635448456	0.7722253203392029
723	0.02375078946352005	0.11855604499578476	0.7724180221557617
724	0.02293277531862259	0.11868953704833984	0.7708702087402344
725	0.023262834176421165	0.1181262657046318	0.7703983783721924
726	0.02333875000476837	0.11814239621162415	0.7712027430534363
727	0.022090116515755653	0.11920115351676941	0.7725647687911987
728	0.023104418069124222	0.11903450638055801	0.7726333737373352
729	0.02280103974044323	0.11812141537666321	0.7717905044555664
730	0.022331789135932922	0.11887656897306442	0.7709510326385498
731	0.02272060327231884	0.1190374493598938	0.7715185880661011
732	0.021544991061091423	0.11843349039554596	0.7727795243263245
733	0.022509217262268066	0.11749926954507828	0.7725902795791626
734	0.023071618750691414	0.11725658923387527	0.7706947326660156
735	0.022892015054821968	0.11806800961494446	0.7678223252296448
736	0.022128481417894363	0.11851651966571808	0.7676803469657898
737	0.02374960482120514	0.11755935102701187	0.7695869207382202
738	0.02299327217042446	0.1185179203748703	0.7708084583282471
739	0.022795189172029495	0.11893575638532639	0.770868718624115
740	0.022159429267048836	0.11864878982305527	0.7699284553527832
741	0.0219875480979681	0.11868362873792648	0.7678598165512085
742	0.02306111343204975	0.11896447092294693	0.7673161029815674
743	0.022307131439447403	0.11929579824209213	0.7713826894760132
744	0.02185010351240635	0.11820133775472641	0.7747501730918884
745	0.02227582037448883	0.11718923598527908	0.7749900221824646
746	0.02260906808078289	0.1183919608592987	0.7720394730567932
747	0.022881506010890007	0.11862006783485413	0.7694359421730042
748	0.022983158007264137	0.11775709688663483	0.7695131301879883
749	0.023497916758060455	0.11693800985813141	0.772379457950592
750	0.023563047870993614	0.11766107380390167	0.7742409110069275
751	0.02263345755636692	0.11825376003980637	0.7739883661270142
752	0.022316763177514076	0.11850939691066742	0.7715965509414673
753	0.021998584270477295	0.11939772963523865	0.7699934840202332
754	0.022068381309509277	0.11984032392501831	0.7711899280548096
755	0.02234414406120777	0.1198340505361557	0.7728242874145508
756	0.02287515066564083	0.11900408565998077	0.7728978395462036
757	0.023767856881022453	0.11851933598518372	0.7706626653671265
758	0.022148771211504936	0.11787238717079163	0.7703884840011597
759	0.02139183320105076	0.1179140955209732	0.7717218995094299
760	0.022773748263716698	0.1173120066523552	0.7734121084213257
761	0.021738948300480843	0.118320532143116	0.7731356024742126
762	0.02202051505446434	0.11938265711069107	0.7725023031234741
763	0.024220071732997894	0.11756307631731033	0.7726635932922363
764	0.020604407414793968	0.11745957285165787	0.7705191969871521
765	0.023222487419843674	0.11875789612531662	0.7685854434967041
766	0.022283950820565224	0.12019571661949158	0.7667056918144226
767	0.021915648132562637	0.12078293412923813	0.7656699419021606
768	0.021559249609708786	0.12012087553739548	0.7676056623458862
769	0.02225995995104313	0.11987911909818649	0.769930362701416
770	0.022468745708465576	0.1193651631474495	0.7698360085487366
771	0.022227339446544647	0.11946409940719604	0.766983151435852
772	0.0215566735714674	0.11979193240404129	0.7646328210830688
773	0.022852718830108643	0.11872121691703796	0.7675508856773376
774	0.02156028151512146	0.11819330602884293	0.7711954116821289
775	0.02273689955472946	0.11754944920539856	0.7726448178291321
776	0.02275344543159008	0.11804838478565216	0.7716902494430542
777	0.022601954638957977	0.11904501169919968	0.7696552276611328
778	0.022684670984745026	0.1200873851776123	0.7697457075119019
779	0.022256527096033096	0.1187993511557579	0.7716947197914124
780	0.022332873195409775	0.11723704636096954	0.7723273038864136
781	0.022701917216181755	0.11746925860643387	0.7725227475166321
782	0.022272683680057526	0.1183977723121643	0.7729129791259766
783	0.022390494123101234	0.11764874309301376	0.7742784023284912
784	0.022364575415849686	0.11820688098669052	0.7741416692733765
785	0.021540267392992973	0.11857474595308304	0.7726495862007141
786	0.022387521341443062	0.11832525581121445	0.7709501385688782
787	0.021606525406241417	0.11784609407186508	0.7703035473823547
788	0.02134745940566063	0.1175028383731842	0.7714752554893494
789	0.0222072284668684	0.11732038110494614	0.7726668119430542
790	0.021946493536233902	0.11722392588853836	0.7745885848999023
791	0.0221005417406559	0.11692512035369873	0.7750886678695679
792	0.02174210734665394	0.11671718955039978	0.7749659419059753
793	0.022127987816929817	0.11748797446489334	0.775846540927887
794	0.021981367841362953	0.11836457252502441	0.7751460671424866
795	0.02089216187596321	0.11821843683719635	0.7732335925102234
796	0.02204803377389908	0.11771132051944733	0.7734510898590088
797	0.021963315084576607	0.11794524639844894	0.7748240828514099
798	0.021684588864445686	0.11719904094934464	0.7767360806465149
799	0.021624106913805008	0.11725133657455444	0.7777361869812012
800	0.02131727896630764	0.11736619472503662	0.7776249051094055
801	0.021265365183353424	0.11695344746112823	0.7771176695823669
802	0.022211022675037384	0.11723126471042633	0.7767078280448914
803	0.022201433777809143	0.11846607178449631	0.775626540184021
804	0.02157026156783104	0.1187671422958374	0.773792028427124
805	0.02198202908039093	0.1175595074892044	0.7738583087921143
806	0.021908003836870193	0.11789297312498093	0.77448570728302
807	0.022454099729657173	0.11936372518539429	0.7748154997825623
808	0.02244376204907894	0.11806070804595947	0.7755022048950195
809	0.022387342527508736	0.11656726896762848	0.7761701941490173
810	0.021770209074020386	0.11710841208696365	0.7767454385757446
811	0.021509049460291862	0.11884462088346481	0.775056779384613
812	0.023537321016192436	0.11789963394403458	0.7725015878677368
813	0.022330202162265778	0.11701440066099167	0.7705440521240234
814	0.022411072626709938	0.11768508702516556	0.7706788778305054
815	0.02290169894695282	0.11828447878360748	0.774318516254425
816	0.022745052352547646	0.11712998896837234	0.7767221331596375
817	0.02263944037258625	0.11594095081090927	0.7760840058326721
818	0.021909980103373528	0.1166611984372139	0.7731368541717529
819	0.021973976865410805	0.11798075586557388	0.7722574472427368
820	0.023298759013414383	0.11702678352594376	0.77330482006073
821	0.02127208188176155	0.11622451990842819	0.7747052907943726
822	0.021771565079689026	0.11679484695196152	0.7738686203956604
823	0.021594451740384102	0.11774389445781708	0.7726491689682007
824	0.020910724997520447	0.11891945451498032	0.771949052810669
825	0.021654723212122917	0.11836617439985275	0.7717357277870178
826	0.02239680290222168	0.11821605265140533	0.7712554931640625
827	0.023014334961771965	0.119593545794487	0.7714047431945801
828	0.02258867770433426	0.12085680663585663	0.7715486884117126
829	0.022874286398291588	0.11808915436267853	0.7745859622955322
830	0.022432828322052956	0.11611667275428772	0.776589035987854
831	0.022253721952438354	0.11607728898525238	0.7777813076972961
832	0.022792980074882507	0.11679549515247345	0.7782933115959167
833	0.021783635020256042	0.11722458899021149	0.7770572304725647
834	0.02214844897389412	0.1170867308974266	0.7754503488540649
835	0.022646168246865273	0.11812558025121689	0.7719429731369019
836	0.021424008533358574	0.11895739287137985	0.7698675990104675
837	0.022273948416113853	0.11909735947847366	0.7701540589332581
838	0.022020239382982254	0.11834117025136948	0.7712210416793823
839	0.02193976193666458	0.11817249655723572	0.7709632515907288
840	0.022092146798968315	0.11899986118078232	0.768938422203064
841	0.022159518674016	0.11892018467187881	0.7689337730407715
842	0.022365232929587364	0.11794640123844147	0.7729149460792542
843	0.02175116539001465	0.11786117404699326	0.7753698825836182
844	0.022202979773283005	0.1182432621717453	0.7751577496528625
845	0.02107921615242958	0.1176481693983078	0.7738772630691528
846	0.022205879911780357	0.11782610416412354	0.7730096578598022
847	0.021601572632789612	0.11739804595708847	0.7745069861412048
848	0.02022707276046276	0.1163218691945076	0.7769981622695923
849	0.021603144705295563	0.11635659635066986	0.7784355878829956
850	0.021561743691563606	0.11719077080488205	0.7773973941802979
851	0.021903563290834427	0.11824282258749008	0.7744954824447632
852	0.021999945864081383	0.1171315535902977	0.7727198004722595
853	0.02225797437131405	0.11675947904586792	0.771406352519989
854	0.02342599257826805	0.11666511744260788	0.7740668654441833
855	0.020822392776608467	0.11766403913497925	0.775336503982544
856	0.021585406735539436	0.11909444630146027	0.7753799557685852
857	0.023667721077799797	0.11774936318397522	0.7764009833335876
858	0.02232837677001953	0.11716539412736893	0.7744937539100647
859	0.02223164588212967	0.1177472248673439	0.7729209661483765
860	0.02151712402701378	0.11823556572198868	0.7722404599189758
861	0.021699095144867897	0.11771971732378006	0.7732787132263184
862	0.022091535851359367	0.11791050434112549	0.7745953798294067
863	0.021712705492973328	0.11764124035835266	0.7765839695930481
864	0.021574830636382103	0.11721356213092804	0.776495099067688
865	0.02260543778538704	0.11678445339202881	0.7748153805732727
866	0.021324671804904938	0.1170506551861763	0.7747438549995422
867	0.021619388833642006	0.11715509742498398	0.7760202288627625
868	0.021118348464369774	0.11695586144924164	0.7766581773757935
869	0.021300990134477615	0.11709084361791611	0.7751497626304626
870	0.021109817549586296	0.117694191634655	0.7745874524116516
871	0.020723698660731316	0.11814304441213608	0.773923397064209
872	0.022259000688791275	0.11701370775699615	0.7737776637077332
873	0.021669253706932068	0.1173354983329773	0.773227334022522
874	0.021841198205947876	0.11817124485969543	0.773659348487854
875	0.020946212112903595	0.11704137176275253	0.7740805149078369
876	0.021804850548505783	0.116180419921875	0.7732459306716919
877	0.021018505096435547	0.11635646969079971	0.7731147408485413
878	0.02174953930079937	0.11829682439565659	0.7728949189186096
879	0.0217636339366436	0.11756892502307892	0.7756207585334778
880	0.022283947095274925	0.1155041828751564	0.7772759795188904
881	0.0224146731197834	0.11546435952186584	0.7766467928886414
882	0.02156696654856205	0.11649196594953537	0.7766084671020508
883	0.02170807495713234	0.11634044349193573	0.7786214351654053
884	0.022102581337094307	0.11544759571552277	0.778673529624939
885	0.02183564379811287	0.1157432273030281	0.7768703699111938
886	0.021952899172902107	0.11712189763784409	0.7749882936477661
887	0.020772606134414673	0.11889811605215073	0.7745729684829712
888	0.0209614597260952	0.1180480420589447	0.7744356393814087
889	0.02105308696627617	0.11724470555782318	0.776639461517334
890	0.022085797041654587	0.1177036315202713	0.7768542766571045
891	0.021919267252087593	0.11807111650705338	0.7758114337921143
892	0.021794429048895836	0.1189282089471817	0.7725200057029724
893	0.021429698914289474	0.11891584098339081	0.7706826329231262
894	0.021764470264315605	0.11807490885257721	0.7724145650863647
895	0.022273439913988113	0.11829958856105804	0.7729887962341309
896	0.022080374881625175	0.11791829019784927	0.7731579542160034
897	0.021764444187283516	0.11886221915483475	0.7717368006706238
898	0.022907568141818047	0.11936447769403458	0.771708071231842
899	0.02210906706750393	0.11830920726060867	0.7742112874984741
900	0.021331459283828735	0.11694967746734619	0.7746029496192932
901	0.02228853479027748	0.11660013347864151	0.7741716504096985
902	0.02101237326860428	0.11758959293365479	0.7730796933174133
903	0.021708134561777115	0.11843833327293396	0.7733018398284912
904	0.02323441579937935	0.11712605506181717	0.776056706905365
905	0.020324910059571266	0.11588820815086365	0.7775295972824097
906	0.021840417757630348	0.11633408814668655	0.7759561538696289
907	0.02128293365240097	0.11712392419576645	0.7737048268318176
908	0.021539440378546715	0.11884932965040207	0.7720733880996704
909	0.020716149359941483	0.11924760043621063	0.7719781398773193
910	0.022065622732043266	0.11847220361232758	0.7719707489013672
911	0.022349335253238678	0.11759145557880402	0.7719616889953613
912	0.022080237045884132	0.11813301593065262	0.7728992700576782
913	0.021926362067461014	0.11792419850826263	0.7749253511428833
914	0.022136079147458076	0.11639871448278427	0.7776452302932739
915	0.022034427151083946	0.1164865717291832	0.7787319421768188
916	0.021209299564361572	0.11737556755542755	0.7782765626907349
917	0.020151913166046143	0.11895859986543655	0.7762532234191895
918	0.02182639017701149	0.11741248518228531	0.775088906288147
919	0.021077020093798637	0.11621583253145218	0.7748250365257263
920	0.022337881848216057	0.11654633283615112	0.7759119272232056
921	0.020595205947756767	0.11744916439056396	0.7770524024963379
922	0.021296383813023567	0.1177627220749855	0.7782398462295532
923	0.0216217041015625	0.11675285547971725	0.7790409326553345
924	0.02131509780883789	0.11672964692115784	0.7794897556304932
925	0.021613387390971184	0.11799422651529312	0.778134286403656
926	0.023420874029397964	0.11702538281679153	0.7771204113960266
927	0.02077881619334221	0.11658322811126709	0.7758002281188965
928	0.021804481744766235	0.11836487054824829	0.773848295211792
929	0.02205476351082325	0.11989541351795197	0.7746161222457886
930	0.022529156878590584	0.11754794418811798	0.7773649096488953
931	0.021458430215716362	0.11619265377521515	0.7778921723365784
932	0.02216096594929695	0.11628333479166031	0.7771463394165039
933	0.022474048659205437	0.11660316586494446	0.7775230407714844
934	0.019874207675457	0.11799201369285583	0.7766440510749817
935	0.02120070531964302	0.11765390634536743	0.7763828039169312
936	0.02159099094569683	0.1169278472661972	0.7768266797065735
937	0.021666044369339943	0.11672693490982056	0.7772306203842163
938	0.02093549445271492	0.11705080419778824	0.7770615220069885
939	0.02141319401562214	0.11701267957687378	0.777214527130127
940	0.020296068862080574	0.11708469688892365	0.7780851721763611
941	0.020491939038038254	0.1169871836900711	0.778160035610199
942	0.020657556131482124	0.1169714480638504	0.7785667181015015
943	0.02140768989920616	0.11660456657409668	0.7780333757400513
944	0.020000658929347992	0.11681338399648666	0.7773457169532776
945	0.020210299640893936	0.11712152510881424	0.7774035334587097
946	0.02073727734386921	0.1179320365190506	0.7755001187324524
947	0.02063632570207119	0.11728090047836304	0.7757906913757324
948	0.02097109891474247	0.11707371473312378	0.7762629985809326
949	0.02071288973093033	0.11744228005409241	0.7751023173332214
950	0.02105710282921791	0.11763399094343185	0.7723012566566467
951	0.020577725023031235	0.11749010533094406	0.7720349431037903
952	0.022380372509360313	0.1165282130241394	0.7755714654922485
953	0.020552854984998703	0.1167120710015297	0.7772291898727417
954	0.02101948857307434	0.11659003049135208	0.7770379781723022
955	0.020538946613669395	0.11637796461582184	0.7747626304626465
956	0.02019711583852768	0.11707740277051926	0.7737987637519836
957	0.02039763517677784	0.11740881949663162	0.7758309245109558
958	0.020759090781211853	0.11664208024740219	0.7775751352310181
959	0.02041010931134224	0.11645044386386871	0.7784473299980164
960	0.02061649225652218	0.1173495203256607	0.7776901125907898
961	0.020647570490837097	0.11809945106506348	0.776958167552948
962	0.020560247823596	0.11796406656503677	0.7757235169410706
963	0.02013055607676506	0.11764184385538101	0.7753118872642517
964	0.02155502326786518	0.11750616878271103	0.7752780318260193
965	0.021297581493854523	0.11833471059799194	0.7748404741287231
966	0.020391248166561127	0.11838504672050476	0.7746806144714355
967	0.02090913988649845	0.11706729978322983	0.7750322818756104
968	0.020258937031030655	0.11612000316381454	0.7766842246055603
969	0.02108023129403591	0.1164914146065712	0.7772639393806458
970	0.02066495642066002	0.11729171872138977	0.7760589122772217
971	0.021168824285268784	0.11688593029975891	0.7754334807395935
972	0.01979932375252247	0.11620407551527023	0.7766965627670288
973	0.021731136366724968	0.11720985919237137	0.777066707611084
974	0.020483840256929398	0.11821218580007553	0.7759725451469421
975	0.019855458289384842	0.11860381066799164	0.7745870351791382
976	0.0211927630007267	0.11767508089542389	0.7749955654144287
977	0.0209769569337368	0.11727637052536011	0.7766113877296448
978	0.021948542445898056	0.11726972460746765	0.7772288918495178
979	0.021720794960856438	0.11723814904689789	0.7743638753890991
980	0.020597347989678383	0.11806439608335495	0.7711772322654724
981	0.021121017634868622	0.1179858148097992	0.7717207670211792
982	0.020654788240790367	0.11724339425563812	0.7747775912284851
983	0.020182650536298752	0.11709817498922348	0.7770613431930542
984	0.021165192127227783	0.1176016554236412	0.7768111228942871
985	0.020901622250676155	0.11802943050861359	0.773575484752655
986	0.02065335027873516	0.11797317117452621	0.7712161540985107
987	0.021775802597403526	0.11699748039245605	0.7727980613708496
988	0.021141959354281425	0.11706144362688065	0.7752604484558105
989	0.021097393706440926	0.11662435531616211	0.776404082775116
990	0.020696742460131645	0.11737645417451859	0.775078535079956
991	0.02169691026210785	0.11762943118810654	0.7742496728897095
992	0.021858159452676773	0.11769088357686996	0.7742205858230591
993	0.02082016132771969	0.1173277273774147	0.7747390866279602
994	0.02064422145485878	0.11645026504993439	0.7754619717597961
995	0.021471787244081497	0.11691176146268845	0.7748362421989441
996	0.021161595359444618	0.11835803836584091	0.7747839093208313
997	0.021713215857744217	0.11842790991067886	0.7755317687988281
998	0.020759854465723038	0.11706824600696564	0.776050329208374
999	0.020678451284766197	0.11708025634288788	0.7744736671447754
1000	0.0219451691955328	0.11771999299526215	0.7739245295524597
1001	0.021112708374857903	0.11756405979394913	0.7736188769340515
1002	0.020846107974648476	0.11712639778852463	0.7746500372886658
1003	0.02088925801217556	0.11672525852918625	0.7752458453178406
1004	0.02211558073759079	0.11740632355213165	0.7753559947013855
1005	0.020297236740589142	0.11759329587221146	0.7743751406669617
1006	0.0205981582403183	0.11785899102687836	0.7717421650886536
1007	0.021339450031518936	0.11737973242998123	0.7717623710632324
1008	0.021576404571533203	0.11701063066720963	0.7742856740951538
1009	0.02044317126274109	0.11701641231775284	0.7769600749015808
1010	0.021660031750798225	0.11686746776103973	0.7776387929916382
1011	0.021060146391391754	0.11701453477144241	0.7761892080307007
1012	0.021462837234139442	0.11770620942115784	0.7741685509681702
1013	0.020820152014493942	0.1174212321639061	0.7752290964126587
1014	0.02042621187865734	0.11691202223300934	0.7776721715927124
1015	0.020335165783762932	0.11733612418174744	0.7786005735397339
1016	0.021380500867962837	0.11726802587509155	0.776042640209198
1017	0.01986989751458168	0.1173122376203537	0.7728250026702881
1018	0.020218076184391975	0.11762458086013794	0.7717127203941345
1019	0.02066042274236679	0.11755356192588806	0.7723124623298645
1020	0.021251235157251358	0.1169583648443222	0.774752676486969
1021	0.021083377301692963	0.1159994974732399	0.7775643467903137
1022	0.021023528650403023	0.11586708575487137	0.7775608897209167
1023	0.020555580034852028	0.11696905642747879	0.7759748101234436
1024	0.020354576408863068	0.1185530573129654	0.7733106017112732
1025	0.021186482161283493	0.11815115809440613	0.7722213864326477
1026	0.020306555554270744	0.11739843338727951	0.7734416127204895
1027	0.021018732339143753	0.1180197224020958	0.7752725481987
1028	0.020320968702435493	0.11925849318504333	0.7762638926506042
1029	0.02103286422789097	0.1185048446059227	0.776042103767395
1030	0.02112896554172039	0.11709555983543396	0.7733516097068787
1031	0.02102275751531124	0.11738090217113495	0.7714114785194397
1032	0.021068939939141273	0.11751420795917511	0.7729311585426331
1033	0.020922275260090828	0.11669047176837921	0.7764559984207153
1034	0.020508691668510437	0.11615098267793655	0.7791183590888977
1035	0.02204602211713791	0.1168966069817543	0.7790080308914185
1036	0.020978763699531555	0.11779217422008514	0.776690661907196
1037	0.021653687581419945	0.11709416657686234	0.7744805216789246
1038	0.021067971363663673	0.11673426628112793	0.7745468020439148
1039	0.020519468933343887	0.11747007071971893	0.7747699618339539
1040	0.021230364218354225	0.11723139882087708	0.7756156325340271
1041	0.020991269499063492	0.11733850091695786	0.7750551700592041
1042	0.021300066262483597	0.11798171699047089	0.7742739915847778
1043	0.02114213816821575	0.11833071708679199	0.7746043801307678
1044	0.02085207588970661	0.11863300204277039	0.7746737003326416
1045	0.020896343514323235	0.11782097816467285	0.7748826146125793
1046	0.02115928940474987	0.11694496870040894	0.7750412225723267
1047	0.02064216509461403	0.11655139178037643	0.7758519053459167
1048	0.020504334941506386	0.11745680868625641	0.775546133518219
1049	0.020763250067830086	0.11769265681505203	0.7759906053543091
1050	0.0203709676861763	0.11736685782670975	0.7760490775108337
1051	0.020928941667079926	0.11736318469047546	0.7764906883239746
1052	0.020325468853116035	0.11744756996631622	0.7772995829582214
1053	0.0199882835149765	0.11784536391496658	0.777538001537323
1054	0.020718984305858612	0.11744153499603271	0.7762953042984009
1055	0.019912593066692352	0.11709616333246231	0.7756764888763428
1056	0.0205319132655859	0.11735424399375916	0.777153491973877
1057	0.021391546353697777	0.11678757518529892	0.7806439995765686
1058	0.020376263186335564	0.11640452593564987	0.7823655605316162
1059	0.019836414605379105	0.11650938540697098	0.7807362079620361
1060	0.02121860720217228	0.11661907285451889	0.7779535055160522
1061	0.0213102288544178	0.11570899188518524	0.7777554988861084
1062	0.020939355716109276	0.1152668446302414	0.7797859311103821
1063	0.021198827773332596	0.11497507989406586	0.7822498679161072
1064	0.02098112367093563	0.11426539719104767	0.7834722995758057
1065	0.021014442667365074	0.11467421054840088	0.7836481928825378
1066	0.021574711427092552	0.11585332453250885	0.7832675576210022
1067	0.020600756630301476	0.11627847701311111	0.7814653515815735
1068	0.020397985354065895	0.1164088025689125	0.7783166170120239
1069	0.020489754155278206	0.1163453608751297	0.7780794501304626
1070	0.021005364134907722	0.11636412143707275	0.7796555161476135
1071	0.020311690866947174	0.11570591479539871	0.7816528677940369
1072	0.020055515691637993	0.11572643369436264	0.7826220393180847
1073	0.02054848149418831	0.11541523784399033	0.7805545926094055
1074	0.020642073825001717	0.1155645102262497	0.7786310315132141
1075	0.020729675889015198	0.11616691946983337	0.7784918546676636
1076	0.019519513472914696	0.11700497567653656	0.7780228853225708
1077	0.020819811150431633	0.11696211993694305	0.7788593769073486
1078	0.020850494503974915	0.11722436547279358	0.7793622016906738
1079	0.02007482200860977	0.11695605516433716	0.7802571654319763
1080	0.01992359198629856	0.11699610203504562	0.7799108028411865
1081	0.020696688443422318	0.11698311567306519	0.7781457901000977
1082	0.020554514601826668	0.11687899380922318	0.7767611742019653
1083	0.020445622503757477	0.11638538539409637	0.7781356573104858
1084	0.01971227116882801	0.1164473369717598	0.7791149616241455
1085	0.020320767536759377	0.1158268004655838	0.7793826460838318
1086	0.0207061730325222	0.11538749933242798	0.7792755365371704
1087	0.02030208893120289	0.11618050187826157	0.7770735621452332
1088	0.02078339271247387	0.11620572954416275	0.7769453525543213
1089	0.020696386694908142	0.11516346037387848	0.7773359417915344
1090	0.021211056038737297	0.11523441970348358	0.7778663039207458
1091	0.02106177620589733	0.11632095277309418	0.7773398160934448
1092	0.02028527855873108	0.1175808310508728	0.7768323421478271
1093	0.02044377475976944	0.11715380102396011	0.7777955532073975
1094	0.020110102370381355	0.11623351275920868	0.778342604637146
1095	0.021092897281050682	0.11606752872467041	0.7792790532112122
1096	0.019796038046479225	0.11680151522159576	0.7806997299194336
1097	0.02077236771583557	0.11604198813438416	0.7804366946220398
1098	0.02029833197593689	0.11541328579187393	0.7786641120910645
1099	0.020572753623127937	0.11584626883268356	0.7781901359558105
1100	0.02027709223330021	0.11719246208667755	0.7780261635780334
1101	0.021117819473147392	0.11657094955444336	0.7800067663192749
1102	0.021016117185354233	0.1158340647816658	0.7806429266929626
1103	0.020348211750388145	0.1162853017449379	0.7810559272766113
1104	0.02025393396615982	0.11704640835523605	0.7815689444541931
1105	0.020615680143237114	0.1166640892624855	0.7801083922386169
1106	0.020627319812774658	0.11592412739992142	0.7778342962265015
1107	0.019808074459433556	0.11590779572725296	0.7772533297538757
1108	0.02094157412648201	0.11692195385694504	0.7774364948272705
1109	0.020060304552316666	0.11646949499845505	0.7799654603004456
1110	0.02015378139913082	0.11537772417068481	0.7801324129104614
1111	0.020420366898179054	0.11502645909786224	0.7798174023628235
1112	0.020636100322008133	0.11557824909687042	0.7787780165672302
1113	0.019077567383646965	0.11586523056030273	0.7775773406028748
1114	0.01980854570865631	0.11565326154232025	0.7776345610618591
1115	0.020104611292481422	0.11615858972072601	0.7781821489334106
1116	0.02073504775762558	0.11761771142482758	0.7790583968162537
1117	0.021786579862236977	0.116655632853508	0.7792845964431763
1118	0.020944368094205856	0.11592008918523788	0.7759988307952881
1119	0.020542651414871216	0.11653006076812744	0.7735695242881775
1120	0.02087169699370861	0.11670871078968048	0.7752582430839539
1121	0.021016810089349747	0.11603923887014389	0.7789400815963745
1122	0.020543498918414116	0.11663977801799774	0.780128002166748
1123	0.019825689494609833	0.117824487388134	0.7786750197410583
1124	0.021156271919608116	0.11843546479940414	0.7766474485397339
1125	0.02079659327864647	0.11753732711076736	0.7753845453262329
1126	0.02013992890715599	0.11656839400529861	0.7751152515411377
1127	0.019800329580903053	0.11600357294082642	0.7760743498802185
1128	0.020325317978858948	0.11617975682020187	0.7761021852493286
1129	0.020436076447367668	0.11673703044652939	0.776452898979187
1130	0.019536728039383888	0.11732139438390732	0.7782724499702454
1131	0.019883064553141594	0.11708961427211761	0.7792920470237732
1132	0.020321398973464966	0.11621706187725067	0.7793653011322021
1133	0.02005055360496044	0.11633055657148361	0.7790116667747498
1134	0.020092563703656197	0.117076575756073	0.77837735414505
1135	0.02071649394929409	0.11691514402627945	0.7777904272079468
1136	0.0198065135627985	0.11638237535953522	0.7784442901611328
1137	0.01961086131632328	0.11655152589082718	0.7778394818305969
1138	0.019884565845131874	0.11696948856115341	0.7771137952804565
1139	0.01991705782711506	0.11719879508018494	0.7761462926864624
1140	0.020112359896302223	0.1168847605586052	0.7767466306686401
1141	0.019923169165849686	0.11567431688308716	0.7779401540756226
1142	0.020445697009563446	0.1152423545718193	0.7802347540855408
1143	0.01983509212732315	0.11601284891366959	0.7812697291374207
1144	0.020641358569264412	0.11616522818803787	0.7802929282188416
1145	0.019048070535063744	0.11598813533782959	0.7797303199768066
1146	0.01993328519165516	0.115951307117939	0.7806900143623352
1147	0.019806422293186188	0.1160661056637764	0.7810988426208496
1148	0.020600203424692154	0.11582444608211517	0.7802090048789978
1149	0.02009875699877739	0.1164936050772667	0.7783371210098267
1150	0.01997349224984646	0.1170809268951416	0.7788316011428833
1151	0.01937234215438366	0.11653319746255875	0.7806476354598999
1152	0.019553186371922493	0.11598870903253555	0.7814578413963318
1153	0.019375130534172058	0.11596238613128662	0.7813812494277954
1154	0.019944006577134132	0.11617198586463928	0.7799162268638611
1155	0.02036849595606327	0.11670026183128357	0.7775983214378357
1156	0.020309563726186752	0.1175229474902153	0.7766578793525696
1157	0.020007457584142685	0.11712302267551422	0.7784832715988159
1158	0.020619027316570282	0.11654336750507355	0.7795336842536926
1159	0.020308202132582664	0.1162227988243103	0.7800333499908447
1160	0.02014409564435482	0.1165153756737709	0.7793272733688354
1161	0.019845688715577126	0.11700788885354996	0.778740406036377
1162	0.01919715292751789	0.11586291342973709	0.7803177237510681
1163	0.01925777643918991	0.11490380764007568	0.7809109091758728
1164	0.019339434802532196	0.11505523324012756	0.7811188101768494
1165	0.0199601911008358	0.11600814014673233	0.7806739807128906
1166	0.01913429982960224	0.11676933616399765	0.7792888283729553
1167	0.01973162405192852	0.1166941225528717	0.7784007787704468
1168	0.020013997331261635	0.11570243537425995	0.7793951630592346
1169	0.02044634334743023	0.11500675976276398	0.7820957899093628
1170	0.01993824914097786	0.11573780328035355	0.7822211980819702
1171	0.02177322842180729	0.11600138247013092	0.7800433039665222
1172	0.02096972055733204	0.11555253714323044	0.7761706113815308
1173	0.021331774070858955	0.11588588356971741	0.7750202417373657
1174	0.02088773436844349	0.11616208404302597	0.7771391272544861
1175	0.019957924261689186	0.11644960939884186	0.7795096635818481
1176	0.02132244221866131	0.1155247837305069	0.7802281975746155
1177	0.019579168409109116	0.11570648849010468	0.7783105373382568
1178	0.02077179215848446	0.11667618155479431	0.7763223648071289
1179	0.02102426066994667	0.11760571599006653	0.7761894464492798
1180	0.019450360909104347	0.11762390285730362	0.7760697603225708
1181	0.020470518618822098	0.11691250652074814	0.7761263251304626
1182	0.019715361297130585	0.11671354621648788	0.7754998207092285
1183	0.019473940134048462	0.11743088066577911	0.7745398283004761
1184	0.019751306623220444	0.11689630895853043	0.7746120095252991
1185	0.019184675067663193	0.11610590666532516	0.7746381759643555
1186	0.019742686301469803	0.11640146374702454	0.7737534046173096
1187	0.021106518805027008	0.11674743890762329	0.7749923467636108
1188	0.019997358322143555	0.11753357946872711	0.7761973142623901
1189	0.02019422873854637	0.1184391900897026	0.7762481570243835
1190	0.019872767850756645	0.11814017593860626	0.7758042812347412
1191	0.019843414425849915	0.1177641749382019	0.7750593423843384
1192	0.019583607092499733	0.11789660900831223	0.7743518352508545
1193	0.019698476418852806	0.11861811578273773	0.7746566534042358
1194	0.01954413764178753	0.11744900047779083	0.7761344313621521
1195	0.019938591867685318	0.1168610230088234	0.7773246169090271
1196	0.019717181101441383	0.11748259514570236	0.7770679593086243
1197	0.019524160772562027	0.11785707622766495	0.7741482853889465
1198	0.020068274810910225	0.11799003928899765	0.7705971002578735
1199	0.019338523969054222	0.11738348007202148	0.771465003490448
1200	0.019231967628002167	0.11699631810188293	0.7734352946281433
1201	0.019192172214388847	0.11747463792562485	0.7755799293518066
1202	0.020023908466100693	0.11780737340450287	0.7756233215332031
1203	0.019860325381159782	0.11784231662750244	0.7741999626159668
1204	0.019830312579870224	0.11804445832967758	0.7730352282524109
1205	0.020996587350964546	0.11785052716732025	0.7728105783462524
1206	0.019347433000802994	0.11726833134889603	0.7727168202400208
1207	0.019106272608041763	0.1172962486743927	0.7718669772148132
1208	0.01906956359744072	0.11705485731363297	0.772139310836792
1209	0.019519973546266556	0.11712072044610977	0.7735437750816345
1210	0.020593443885445595	0.11739876866340637	0.7750830054283142
1211	0.01855458877980709	0.11742456257343292	0.7765074372291565
1212	0.01917329989373684	0.11752327531576157	0.7775899767875671
1213	0.020660338923335075	0.11719109117984772	0.7771593928337097
1214	0.020094742998480797	0.1176401898264885	0.7754414081573486
1215	0.01965774968266487	0.11779142171144485	0.7754729986190796
1216	0.020425261929631233	0.11753031611442566	0.7750179171562195
1217	0.01981411688029766	0.1173470988869667	0.7764933705329895
1218	0.0187639482319355	0.11716250330209732	0.7790495753288269
1219	0.019848188385367393	0.11722400039434433	0.7800490856170654
1220	0.01994563452899456	0.11709239333868027	0.7789828181266785
1221	0.02031124383211136	0.11678700149059296	0.7770386338233948
1222	0.020129140466451645	0.11688931286334991	0.7755463123321533
1223	0.019075199961662292	0.11687677353620529	0.7768726348876953
1224	0.020130576565861702	0.11657676100730896	0.7789719700813293
1225	0.020053640007972717	0.11657797545194626	0.779656708240509
1226	0.019822996109724045	0.11671443283557892	0.7789465188980103
1227	0.0197590421885252	0.11728908121585846	0.7778368592262268
1228	0.019602248445153236	0.11735741794109344	0.7772359251976013
1229	0.020841853693127632	0.11693888902664185	0.7753974795341492
1230	0.0190072450786829	0.1172594353556633	0.7725473642349243
1231	0.01966497115790844	0.1177327111363411	0.7712346911430359
1232	0.02106226049363613	0.11713892966508865	0.7737207412719727
1233	0.019563280045986176	0.1164427250623703	0.7763416171073914
1234	0.020385000854730606	0.11619188636541367	0.777786910533905
1235	0.02087727002799511	0.11598815023899078	0.7794457077980042
1236	0.019583284854888916	0.11594729870557785	0.7799257636070251
1237	0.019336765632033348	0.11593768745660782	0.7804543972015381
1238	0.020604191347956657	0.11585894972085953	0.7800883054733276
1239	0.02025240659713745	0.11626490205526352	0.7780910730361938
1240	0.020184814929962158	0.11631122976541519	0.776172399520874
1241	0.020158687606453896	0.11684466153383255	0.774723470211029
1242	0.019687864929437637	0.11784498393535614	0.775694727897644
1243	0.0198176559060812	0.1180327981710434	0.7763786911964417
1244	0.019293447956442833	0.11648225039243698	0.7784233689308167
1245	0.01961412839591503	0.11552661657333374	0.7802878618240356
1246	0.020887594670057297	0.11526025086641312	0.7795966863632202
1247	0.020286768674850464	0.11605969071388245	0.778057873249054
1248	0.019107947126030922	0.11714214086532593	0.7774659991264343
1249	0.019594445824623108	0.11686137318611145	0.7778486609458923
1250	0.01876971870660782	0.1170908734202385	0.7778359055519104
1251	0.019421085715293884	0.11715402454137802	0.7779490351676941
1252	0.01980394497513771	0.1168375238776207	0.7777302861213684
1253	0.01961890421807766	0.11712019890546799	0.7764380574226379
1254	0.019831044599413872	0.11694389581680298	0.7764631509780884
1255	0.01917087659239769	0.11690942198038101	0.7755482196807861
1256	0.019823875278234482	0.11690282821655273	0.7766676545143127
1257	0.020347068086266518	0.11664867401123047	0.7782555818557739
1258	0.01930432766675949	0.11739186197519302	0.7779650688171387
1259	0.019678419455885887	0.11780329793691635	0.7757786512374878
1260	0.019606994464993477	0.11798729747533798	0.7738616466522217
1261	0.018834225833415985	0.11763840168714523	0.774728536605835
1262	0.01977870799601078	0.11660318821668625	0.7772310376167297
1263	0.02057824842631817	0.11603526026010513	0.7785423994064331
1264	0.02019535005092621	0.11610745638608932	0.7783146500587463
1265	0.019541947171092033	0.1164025291800499	0.7773392796516418
1266	0.0199715718626976	0.11698348075151443	0.7776455283164978
1267	0.02001791074872017	0.11705134809017181	0.7794661521911621
1268	0.020997194573283195	0.11675947904586792	0.7804864645004272
1269	0.019622093066573143	0.11644355207681656	0.7797122001647949
1270	0.021189305931329727	0.11679170280694962	0.7776552438735962
1271	0.019844068214297295	0.11757616698741913	0.7750404477119446
1272	0.01944558508694172	0.11783202737569809	0.7733414173126221
1273	0.020359674468636513	0.11738079786300659	0.7733111381530762
1274	0.018670704215765	0.11713915318250656	0.7744013071060181
1275	0.01979842223227024	0.11739527434110641	0.7766028642654419
1276	0.021275479346513748	0.11689689755439758	0.7777831554412842
1277	0.01939007081091404	0.11620788276195526	0.7785240411758423
1278	0.019537609070539474	0.11618166416883469	0.777975857257843
1279	0.019483555108308792	0.11646188795566559	0.7775364518165588
1280	0.020048554986715317	0.11723983287811279	0.7761154770851135
1281	0.020752033218741417	0.11662141978740692	0.7774254083633423
1282	0.019950194284319878	0.11661405861377716	0.7785651087760925
1283	0.01886472851037979	0.11693266034126282	0.7789701819419861
1284	0.0194229818880558	0.11655513942241669	0.7782460451126099
1285	0.019537363201379776	0.11627838760614395	0.7763323783874512
1286	0.019866054877638817	0.11715947091579437	0.7741080522537231
1287	0.019256772473454475	0.11753427237272263	0.7726702094078064
1288	0.020587781444191933	0.11740579456090927	0.7735368013381958
1289	0.01969967968761921	0.11759119480848312	0.7741948962211609
1290	0.01951477862894535	0.11777685582637787	0.7753718495368958
1291	0.019499482586979866	0.1182309240102768	0.7743708491325378
1292	0.019180050119757652	0.11899411678314209	0.7727225422859192
1293	0.019562676548957825	0.11842282116413116	0.7733845710754395
1294	0.01959635131061077	0.11793693900108337	0.7750928997993469
1295	0.01986159384250641	0.11800350993871689	0.7763170599937439
1296	0.019672870635986328	0.11870499700307846	0.7761787176132202
1297	0.019745785742998123	0.11833545565605164	0.776145875453949
1298	0.020367775112390518	0.11717942357063293	0.7771196365356445
1299	0.01933562010526657	0.117181695997715	0.7783452272415161
1300	0.020145682618021965	0.11708857864141464	0.7787959575653076
1301	0.019872739911079407	0.11669603735208511	0.7782884240150452
1302	0.01899898611009121	0.11726182699203491	0.7758888006210327
1303	0.02035069279372692	0.1179690808057785	0.7757095694541931
1304	0.019330745562911034	0.11795427650213242	0.7750240564346313
1305	0.019172202795743942	0.11773567646741867	0.7743231654167175
1306	0.020301658660173416	0.1173793151974678	0.7749450206756592
1307	0.02072000689804554	0.11776082962751389	0.7756738066673279
1308	0.019862642511725426	0.1184144839644432	0.7773499488830566
1309	0.02110300213098526	0.11793479323387146	0.7782636880874634
1310	0.019482623785734177	0.11652777343988419	0.777603805065155
1311	0.01963612623512745	0.11605307459831238	0.777109682559967
1312	0.020254041999578476	0.11652294546365738	0.7778964638710022
1313	0.020329372957348824	0.11683514714241028	0.7781220078468323
1314	0.020859332755208015	0.11657965928316116	0.7778458595275879
1315	0.019091114401817322	0.11628609150648117	0.7773312330245972
1316	0.020153602585196495	0.11714392900466919	0.7761955857276917
1317	0.020276835188269615	0.11798208206892014	0.7755542993545532
1318	0.020187832415103912	0.11766166985034943	0.7760445475578308
1319	0.018966034054756165	0.1168937236070633	0.7766364216804504
1320	0.019456729292869568	0.11668853461742401	0.7778187990188599
1321	0.01969059556722641	0.1164228618144989	0.7780539393424988
1322	0.020239269360899925	0.11671601980924606	0.7773038148880005
1323	0.019677305594086647	0.11724105477333069	0.7761749625205994
1324	0.019944796338677406	0.11723213642835617	0.775547444820404
1325	0.019129829481244087	0.1172865554690361	0.774574875831604
1326	0.019810575991868973	0.11708860099315643	0.7745460867881775
1327	0.019177740439772606	0.11719784885644913	0.7752280235290527
1328	0.01916535757482052	0.1172453761100769	0.7762483954429626
1329	0.019580835476517677	0.11728169769048691	0.7777471542358398
1330	0.019427025690674782	0.11751547455787659	0.7767313718795776
1331	0.018641909584403038	0.11798680573701859	0.776089608669281
1332	0.018686164170503616	0.11796359717845917	0.776117205619812
1333	0.01952045038342476	0.1175486370921135	0.7777845859527588
1334	0.020144304260611534	0.11643505096435547	0.7792849540710449
1335	0.01872694306075573	0.11604151129722595	0.7790901064872742
1336	0.019860217347741127	0.11573272943496704	0.7799311876296997
1337	0.018655704334378242	0.11599120497703552	0.7795363068580627
1338	0.019493816420435905	0.11595147103071213	0.7784871459007263
1339	0.01926359161734581	0.1160772442817688	0.7766481637954712
1340	0.019587619230151176	0.11638857424259186	0.7753862738609314
1341	0.019688626751303673	0.1167711541056633	0.775468111038208
1342	0.01938561350107193	0.11694446206092834	0.775482177734375
1343	0.018865792080760002	0.11640190333127975	0.7760357856750488
1344	0.01877623051404953	0.11633384227752686	0.7763904333114624
1345	0.019949378445744514	0.11693283915519714	0.7776427865028381
1346	0.019085802137851715	0.11738105118274689	0.778412401676178
1347	0.019132109358906746	0.11726651340723038	0.7773276567459106
1348	0.01925327070057392	0.11724793910980225	0.7751011252403259
1349	0.019367368891835213	0.116755910217762	0.775791585445404
1350	0.019491111859679222	0.11658863723278046	0.7773857712745667
1351	0.018825780600309372	0.11708176881074905	0.7782743573188782
1352	0.019258590415120125	0.11684753745794296	0.7788242697715759
1353	0.019218143075704575	0.11654555052518845	0.7759081721305847
1354	0.02014687843620777	0.11721370369195938	0.7738832831382751
1355	0.020486705005168915	0.11794605106115341	0.7766298651695251
1356	0.019861815497279167	0.11679209023714066	0.7794595956802368
1357	0.019851649180054665	0.11584965139627457	0.7790319919586182
1358	0.019080737605690956	0.11640957742929459	0.7759655714035034
1359	0.020385997369885445	0.11725803464651108	0.7755224108695984
1360	0.020387163385748863	0.11716174334287643	0.7776427268981934
1361	0.018636874854564667	0.1170906201004982	0.7783306837081909
1362	0.01915624365210533	0.11707833409309387	0.7783650159835815
1363	0.02005440555512905	0.11735609173774719	0.7786167860031128
1364	0.02036094479262829	0.11721552163362503	0.777899980545044
1365	0.019116608425974846	0.11668656766414642	0.7765242457389832
1366	0.019559305161237717	0.11685045808553696	0.7752444744110107
1367	0.02062392793595791	0.11683504283428192	0.776017427444458
1368	0.019391579553484917	0.11607176810503006	0.7786486148834229
1369	0.019024252891540527	0.11552457511425018	0.780796468257904
1370	0.019816791638731956	0.115203358232975	0.7817925810813904
1371	0.019514553248882294	0.11562784761190414	0.7807549834251404
1372	0.019322995096445084	0.11591006070375443	0.7789332270622253
1373	0.019505437463521957	0.11599501967430115	0.7784827947616577
1374	0.019450247287750244	0.11604897677898407	0.7791962623596191
1375	0.019576096907258034	0.11681515723466873	0.7790696620941162
1376	0.019959842786192894	0.11688406020402908	0.7786203026771545
1377	0.01984223537147045	0.11689726263284683	0.7776009440422058
1378	0.019841648638248444	0.11750311404466629	0.7764620780944824
1379	0.01920224539935589	0.11800020188093185	0.7763631343841553
1380	0.018964285030961037	0.11723785847425461	0.7773951888084412
1381	0.018272284418344498	0.11676748096942902	0.7778958082199097
1382	0.017616886645555496	0.11678865551948547	0.7781311869621277
1383	0.019045963883399963	0.11705794930458069	0.7768847346305847
1384	0.0189930722117424	0.11752763390541077	0.774276614189148
1385	0.01934891566634178	0.1170235350728035	0.7747597694396973
1386	0.019468672573566437	0.11638742685317993	0.7768055200576782
1387	0.019205354154109955	0.11638878285884857	0.778240978717804
1388	0.019097058102488518	0.11656466871500015	0.7783298492431641
1389	0.019331559538841248	0.11679386347532272	0.7782831788063049
1390	0.01959158107638359	0.11729331314563751	0.7775244116783142
1391	0.020389385521411896	0.11730090528726578	0.7789478898048401
1392	0.018985170871019363	0.11686385422945023	0.7787055969238281
1393	0.018708689138293266	0.11647086590528488	0.7783638834953308
1394	0.019594406709074974	0.11614390462636948	0.7783989906311035
1395	0.018783722072839737	0.11619988828897476	0.7788295149803162
1396	0.019654549658298492	0.11599594354629517	0.7797294855117798
1397	0.0181875079870224	0.1159556582570076	0.7793418765068054
1398	0.019255878403782845	0.11592468619346619	0.7789431810379028
1399	0.019894488155841827	0.11652285605669022	0.7791537046432495
1400	0.019783789291977882	0.11721221357584	0.7775765061378479
1401	0.019620046019554138	0.11697331070899963	0.7753317952156067
1402	0.019432872533798218	0.11701850593090057	0.7732608318328857
1403	0.018928786739706993	0.11728282272815704	0.7741241455078125
1404	0.018681706860661507	0.11776278913021088	0.775558352470398
1405	0.019268963485956192	0.11668920516967773	0.7780749201774597
1406	0.019385265186429024	0.11636964231729507	0.7779761552810669
1407	0.01871601492166519	0.11684133112430573	0.7781858444213867
1408	0.019092876464128494	0.11707852780818939	0.7772388458251953
1409	0.01916959136724472	0.11692038923501968	0.7772801518440247
1410	0.01898452453315258	0.11670492589473724	0.7772184610366821
1411	0.018858451396226883	0.11647100746631622	0.7763418555259705
1412	0.019493477419018745	0.11662591993808746	0.7750478982925415
1413	0.018998773768544197	0.11772207170724869	0.7745324373245239
1414	0.01965872384607792	0.11821901053190231	0.7756108641624451
1415	0.020557302981615067	0.11667608469724655	0.7761216163635254
1416	0.01911442168056965	0.11624561995267868	0.7739230394363403
1417	0.01893983967602253	0.11653103679418564	0.7734837532043457
1418	0.019594701007008553	0.11727923899888992	0.7736368775367737
1419	0.01940406858921051	0.11682204902172089	0.7747453451156616
1420	0.01867379993200302	0.11696600168943405	0.7754305601119995
1421	0.019361944869160652	0.11678291857242584	0.7755297422409058
1422	0.019162051379680634	0.11736872792243958	0.7765048742294312
1423	0.018330324441194534	0.11843038350343704	0.7760664820671082
1424	0.019251102581620216	0.117637500166893	0.774817943572998
1425	0.018140170723199844	0.11760919541120529	0.7731295824050903
1426	0.019060267135500908	0.11766305565834045	0.7734701037406921
1427	0.019211435690522194	0.1175086498260498	0.7752175331115723
1428	0.019780511036515236	0.11656343191862106	0.7770701050758362
1429	0.019266575574874878	0.11637024581432343	0.7769936323165894
1430	0.019195478409528732	0.1176629364490509	0.7750076651573181
1431	0.018845967948436737	0.118412546813488	0.7730408310890198
1432	0.020405516028404236	0.11731543391942978	0.7740006446838379
1433	0.01866704225540161	0.11664405465126038	0.7757356762886047
1434	0.01874380186200142	0.11673036962747574	0.776987612247467
1435	0.019360944628715515	0.11745712906122208	0.776478111743927
1436	0.01908130571246147	0.11738515645265579	0.7749506831169128
1437	0.018906880170106888	0.1170087680220604	0.7737453579902649
1438	0.01912684552371502	0.117389976978302	0.7729586362838745
1439	0.020344341173768044	0.11780697852373123	0.7731903791427612
1440	0.01863674446940422	0.11785418540239334	0.774143636226654
1441	0.019028108566999435	0.11687885969877243	0.7771704792976379
1442	0.019782237708568573	0.11645092070102692	0.7784345746040344
1443	0.01987372525036335	0.11665167659521103	0.7781267762184143
1444	0.01999351941049099	0.11705658584833145	0.7743868231773376
1445	0.01908756233751774	0.11726729571819305	0.7750425338745117
1446	0.01852431893348694	0.11677449941635132	0.7778130173683167
1447	0.019397206604480743	0.11583245545625687	0.7811739444732666
1448	0.019936736673116684	0.11592646688222885	0.7804217338562012
1449	0.01910407468676567	0.11735323071479797	0.7764677405357361
1450	0.020626932382583618	0.11779327690601349	0.7742389440536499
1451	0.019549814984202385	0.11628944426774979	0.7760089039802551
1452	0.01850714720785618	0.1157655194401741	0.777539074420929
1453	0.01971430517733097	0.115438312292099	0.7776356339454651
1454	0.019557848572731018	0.11556059867143631	0.7770562171936035
1455	0.019660310819745064	0.11657954007387161	0.7776788473129272
1456	0.018388934433460236	0.11719673871994019	0.7785542607307434
1457	0.01957254484295845	0.11662221699953079	0.7787961959838867
1458	0.01984642818570137	0.11581352353096008	0.7794816493988037
1459	0.019665677100419998	0.115635447204113	0.7800416946411133
1460	0.018701698631048203	0.1163727194070816	0.779249370098114
1461	0.01933296024799347	0.11701342463493347	0.7775521874427795
1462	0.019675761461257935	0.11685840785503387	0.7763980031013489
1463	0.018902938812971115	0.11738105118274689	0.7760144472122192
1464	0.019456015899777412	0.11719129979610443	0.7784978747367859
1465	0.019302697852253914	0.11630715429782867	0.7804455757141113
1466	0.0187680646777153	0.11608614027500153	0.7806662917137146
1467	0.01932564564049244	0.11682232469320297	0.7786644697189331
1468	0.018519235774874687	0.11769291013479233	0.7764654755592346
1469	0.018778478726744652	0.11734353750944138	0.7763673663139343
1470	0.018455127254128456	0.11691819876432419	0.7778603434562683
1471	0.020402679219841957	0.11685702204704285	0.7792356610298157
1472	0.018898339942097664	0.11713610589504242	0.7778478860855103
1473	0.018806781619787216	0.11698337644338608	0.7785385251045227
1474	0.01848566345870495	0.11670299619436264	0.7802655696868896
1475	0.019486021250486374	0.11673109978437424	0.7817477583885193
1476	0.019007906317710876	0.11664625257253647	0.7799448370933533
1477	0.01876264251768589	0.11681215465068817	0.7776118516921997
1478	0.018865615129470825	0.11756443232297897	0.775382399559021
1479	0.01923244819045067	0.11811204254627228	0.7757668495178223
1480	0.019699234515428543	0.11752241849899292	0.7762802243232727
1481	0.018926531076431274	0.11688201129436493	0.7780362367630005
1482	0.018787931650877	0.116825170814991	0.778347909450531
1483	0.01906183734536171	0.11689300835132599	0.777940571308136
1484	0.01915173977613449	0.1165967732667923	0.7771482467651367
1485	0.017825942486524582	0.11659321188926697	0.7756059765815735
1486	0.019565565511584282	0.11657963693141937	0.7759875655174255
1487	0.019817311316728592	0.11598865687847137	0.7796277403831482
1488	0.01936556026339531	0.11591735482215881	0.7805660963058472
1489	0.018344255164265633	0.11636260896921158	0.7804815769195557
1490	0.019339455291628838	0.11656244099140167	0.7798412442207336
1491	0.018655549734830856	0.11647205054759979	0.7790026068687439
1492	0.01895204372704029	0.11651205271482468	0.7769780158996582
1493	0.01875554770231247	0.11632035672664642	0.7758168578147888
1494	0.01921897567808628	0.11613167822360992	0.7772231101989746
1495	0.018793338909745216	0.1157662495970726	0.7784339189529419
1496	0.019352298229932785	0.11570664495229721	0.7788977026939392
1497	0.019039763137698174	0.11594433337450027	0.7783819437026978
1498	0.018052775412797928	0.11664767563343048	0.7772091031074524
1499	0.019180724397301674	0.1167558878660202	0.7771444916725159
1500	0.01826982945203781	0.11667251586914062	0.7768198847770691
1501	0.018276343122124672	0.11652056127786636	0.776608407497406
1502	0.018681608140468597	0.11626388877630234	0.7773663401603699
1503	0.019120262935757637	0.11606112867593765	0.7785205245018005
1504	0.018693750724196434	0.11620181798934937	0.7790887951850891
1505	0.019091235473752022	0.11648911982774734	0.7786944508552551
1506	0.01804533042013645	0.11663718521595001	0.7777586579322815
1507	0.017527885735034943	0.11668779700994492	0.7764764428138733
1508	0.017866183072328568	0.11676402390003204	0.7758207321166992
1509	0.0179416723549366	0.11646106094121933	0.7761338949203491
1510	0.017515787854790688	0.11629609018564224	0.7765653729438782
1511	0.01793844997882843	0.11613329499959946	0.7777299284934998
1512	0.018629243597388268	0.11610917001962662	0.7789035439491272
1513	0.0179015900939703	0.1162312850356102	0.7789559364318848
1514	0.018245434388518333	0.11639292538166046	0.7781707644462585
1515	0.01754719391465187	0.11664047092199326	0.777262270450592
1516	0.01765444129705429	0.1167980432510376	0.7767548561096191
1517	0.0182671956717968	0.1167939305305481	0.7773205637931824
1518	0.017869791015982628	0.11677908152341843	0.7783071398735046
1519	0.01806088536977768	0.11659494042396545	0.7795773148536682
1520	0.017509568482637405	0.11602390557527542	0.7804542779922485
1521	0.018462669104337692	0.11574980616569519	0.7803053259849548
1522	0.018035901710391045	0.11589984595775604	0.7796669006347656
1523	0.018181975930929184	0.11623048037290573	0.7789164781570435
1524	0.017776919528841972	0.11641304939985275	0.7783780694007874
1525	0.017797736451029778	0.11649195104837418	0.7785090804100037
1526	0.018134674057364464	0.11603863537311554	0.7790622115135193
1527	0.018046561628580093	0.1156039908528328	0.7797542810440063
1528	0.017778826877474785	0.11531446874141693	0.7809979319572449
1529	0.018372902646660805	0.11516677588224411	0.7816721796989441
1530	0.018263522535562515	0.11529148370027542	0.7818722724914551
1531	0.01771450787782669	0.11550502479076385	0.7811245918273926
1532	0.018151940777897835	0.11576569825410843	0.7798087000846863
1533	0.018883194774389267	0.11617014557123184	0.7785632014274597
1534	0.01750541850924492	0.11633510887622833	0.7780070900917053
1535	0.01820230484008789	0.11614756286144257	0.7784649133682251
1536	0.01779569685459137	0.11608503013849258	0.7791906595230103
1537	0.01795768178999424	0.11599805951118469	0.7796898484230042
1538	0.017809446901082993	0.11611546576023102	0.7797302007675171
1539	0.017811622470617294	0.11640932410955429	0.7797336578369141
1540	0.0184742771089077	0.1167086735367775	0.7792572975158691
1541	0.018638376146554947	0.11655371636152267	0.7790783643722534
1542	0.01828909106552601	0.1160401999950409	0.7789381146430969
1543	0.01749211549758911	0.11574474722146988	0.778069794178009
1544	0.01733356900513172	0.1156625896692276	0.7778722047805786
1545	0.017630478367209435	0.11578512191772461	0.7781716585159302
1546	0.018383219838142395	0.11604760587215424	0.778510332107544
1547	0.017892060801386833	0.1163916066288948	0.7785668969154358
1548	0.017899975180625916	0.11654495447874069	0.778839647769928
1549	0.017457347363233566	0.11668014526367188	0.7782745361328125
1550	0.017873983830213547	0.11657119542360306	0.7780560255050659
1551	0.017567789182066917	0.11663379520177841	0.7771334648132324
1552	0.01777595467865467	0.11677641421556473	0.7766008377075195
1553	0.017835820093750954	0.11722535640001297	0.7757206559181213
1554	0.017448727041482925	0.11732720583677292	0.7760029435157776
1555	0.01847127638757229	0.11689605563879013	0.7772375345230103
1556	0.018668491393327713	0.11663026362657547	0.7787930369377136
1557	0.017687086015939713	0.11673472821712494	0.7792612910270691
1558	0.01804090104997158	0.11681244522333145	0.7791592478752136
1559	0.01711774244904518	0.11690930277109146	0.7782903909683228
1560	0.018175294622778893	0.11670272052288055	0.7779592275619507
1561	0.017526863142848015	0.11652310937643051	0.7778616547584534
1562	0.01765461638569832	0.11619988828897476	0.7778365612030029
1563	0.01831110566854477	0.11604070663452148	0.7786853313446045
1564	0.018651243299245834	0.11618377268314362	0.7792788147926331
1565	0.018330058082938194	0.11626230925321579	0.7790766358375549
1566	0.019178541377186775	0.11630146205425262	0.7776801586151123
1567	0.017856772989034653	0.11641332507133484	0.7763598561286926
1568	0.01801680028438568	0.11666575819253922	0.7759774923324585
1569	0.01822340115904808	0.11698348820209503	0.7762890458106995
1570	0.018115591257810593	0.1171007752418518	0.7772905826568604
1571	0.01791873201727867	0.11676740646362305	0.7781015634536743
1572	0.01850341446697712	0.11635196954011917	0.7781401872634888
1573	0.017702141776680946	0.11603466421365738	0.7777851223945618
1574	0.017553791403770447	0.11620430648326874	0.7768068313598633
1575	0.01688442938029766	0.116575688123703	0.7760239243507385
1576	0.017347343266010284	0.11700304597616196	0.7758058309555054
1577	0.017593348398804665	0.1168486699461937	0.7764317393302917
1578	0.01750355400145054	0.11635024100542068	0.7778139710426331
1579	0.01824074424803257	0.11613871157169342	0.7788328528404236
1580	0.017734523862600327	0.11629661917686462	0.7792765498161316
1581	0.018458887934684753	0.11657261103391647	0.7791837453842163
1582	0.018726948648691177	0.11668543517589569	0.7788971066474915
1583	0.018147390335798264	0.11681164056062698	0.7787765264511108
1584	0.017665140330791473	0.11682262271642685	0.7785521745681763
1585	0.018267249688506126	0.11663699150085449	0.7782270312309265
1586	0.01838161237537861	0.11646272987127304	0.7775193452835083
1587	0.017555925995111465	0.1165335550904274	0.7769036293029785
1588	0.01875399984419346	0.11661824584007263	0.7770183682441711
1589	0.018312741070985794	0.11669158935546875	0.7777835130691528
1590	0.018042657524347305	0.11663524061441422	0.778414785861969
1591	0.018589312210679054	0.11642536520957947	0.7786499857902527
1592	0.01782684400677681	0.11621095985174179	0.7780673503875732
1593	0.017997169867157936	0.11599626392126083	0.7777284383773804
1594	0.017984086647629738	0.11603353917598724	0.7781842947006226
1595	0.017506897449493408	0.11614969372749329	0.7786576747894287
1596	0.017571933567523956	0.11615359038114548	0.7788265943527222
1597	0.01748271845281124	0.11577687412500381	0.7791212201118469
1598	0.017581654712557793	0.11556770652532578	0.7790523767471313
1599	0.018187031149864197	0.11565762758255005	0.7794281840324402
1600	0.01858390122652054	0.11602457612752914	0.7790337204933167
1601	0.016820531338453293	0.11635031551122665	0.7783605456352234
1602	0.018283868208527565	0.11673812568187714	0.7770460247993469
1603	0.017675427719950676	0.11709649860858917	0.7756942510604858
1604	0.01813051849603653	0.11717256158590317	0.7752545475959778
1605	0.01825009286403656	0.11678479611873627	0.775787353515625
1606	0.017490973696112633	0.11611812561750412	0.7772513628005981
1607	0.017149219289422035	0.11543818563222885	0.7791212201118469
1608	0.01783306524157524	0.11507630348205566	0.7800004482269287
1609	0.018056755885481834	0.11505038291215897	0.7802793979644775
1610	0.01816442422568798	0.11540719121694565	0.7789456248283386
1611	0.018723655492067337	0.11576466262340546	0.7775712013244629
1612	0.017172714695334435	0.11582692712545395	0.777821958065033
1613	0.01769278384745121	0.11576276272535324	0.7785024642944336
1614	0.017474370077252388	0.11582101881504059	0.7791643142700195
1615	0.018307726830244064	0.11605367064476013	0.7789002656936646
1616	0.018195169046521187	0.11653211712837219	0.7780171632766724
1617	0.017931118607521057	0.1168607696890831	0.7767806649208069
1618	0.0183031614869833	0.11683632433414459	0.7762981057167053
1619	0.017449162900447845	0.11669886112213135	0.7765650749206543
1620	0.017511341720819473	0.11660898476839066	0.7777450084686279
1621	0.01852046512067318	0.11662784963846207	0.7785683274269104
1622	0.017763111740350723	0.11655474454164505	0.778411865234375
1623	0.018341299146413803	0.11677144467830658	0.7781174778938293
1624	0.01729867234826088	0.11665760725736618	0.7779331803321838
1625	0.017412159591913223	0.11621955782175064	0.7787473797798157
1626	0.01680256426334381	0.11579319089651108	0.7793180346488953
1627	0.017168348655104637	0.11555157601833344	0.7791320085525513
1628	0.018106158822774887	0.1153661459684372	0.7791898250579834
1629	0.017868032678961754	0.11538681387901306	0.7790897488594055
1630	0.017482370138168335	0.11552305519580841	0.779494047164917
1631	0.01737087219953537	0.1157790794968605	0.7805171012878418
1632	0.017500674352049828	0.11608944088220596	0.7807193994522095
1633	0.017362123355269432	0.1162356287240982	0.7801505327224731
1634	0.017080731689929962	0.11632867157459259	0.7793735861778259
1635	0.01783052831888199	0.11629686504602432	0.7785512208938599
1636	0.01773233525454998	0.11640436947345734	0.7780947685241699
1637	0.0175518449395895	0.11667008697986603	0.7783370614051819
1638	0.017391448840498924	0.11704342067241669	0.7780914902687073
1639	0.018565529957413673	0.11701425164937973	0.777625322341919
1640	0.01751703768968582	0.11663403362035751	0.7771092653274536
1641	0.017654936760663986	0.11672386527061462	0.7764034271240234
1642	0.017607690766453743	0.11689974367618561	0.7764402031898499
1643	0.01817040890455246	0.11723930388689041	0.7772243022918701
1644	0.018083298578858376	0.11748433858156204	0.7777096033096313
1645	0.01837652362883091	0.11745675653219223	0.7774786949157715
1646	0.017771577462553978	0.1173693984746933	0.776423990726471
1647	0.017266592010855675	0.1174122765660286	0.7752695679664612
1648	0.017866382375359535	0.11711210757493973	0.7756758332252502
1649	0.017737701535224915	0.11691778153181076	0.7767342329025269
1650	0.017113864421844482	0.11652062833309174	0.7785162329673767
1651	0.01757976785302162	0.11633653193712234	0.7789711952209473
1652	0.018219351768493652	0.11615732312202454	0.778688371181488
1653	0.018316136673092842	0.11595509946346283	0.7783254981040955
1654	0.016752885654568672	0.11601908504962921	0.7778246998786926
1655	0.016732363030314445	0.11613848060369492	0.7772022485733032
1656	0.018109675496816635	0.1161794438958168	0.7779058814048767
1657	0.01776818372309208	0.11626914888620377	0.778849720954895
1658	0.017714736983180046	0.11628641188144684	0.7800593972206116
1659	0.01769108884036541	0.1160794273018837	0.780853271484375
1660	0.017334209755063057	0.11566001921892166	0.7812782526016235
1661	0.017649944871664047	0.11521916091442108	0.7814454436302185
1662	0.017350180074572563	0.11516734957695007	0.7808669805526733
1663	0.016942963004112244	0.11536594480276108	0.7790632843971252
1664	0.018308933824300766	0.11584121733903885	0.7776128053665161
1665	0.01737547479569912	0.1160934716463089	0.777467668056488
1666	0.017412804067134857	0.11621496826410294	0.777664303779602
1667	0.016939612105488777	0.11604141443967819	0.7786825299263
1668	0.017548365518450737	0.11578500270843506	0.7798641324043274
1669	0.017179017886519432	0.11557637155056	0.7802662253379822
1670	0.017398368567228317	0.11569207161664963	0.7798744440078735
1671	0.017634551972150803	0.11606030911207199	0.7794575691223145
1672	0.017015574499964714	0.11642646789550781	0.7787299752235413
1673	0.017582179978489876	0.11665564775466919	0.7783038020133972
1674	0.01722635142505169	0.11675644665956497	0.7775430083274841
1675	0.01727760024368763	0.11649713665246964	0.7778215408325195
1676	0.017525583505630493	0.11633177101612091	0.7785646915435791
1677	0.018601583316922188	0.11633315682411194	0.7792391777038574
1678	0.01752503402531147	0.1164591908454895	0.7791524529457092
1679	0.017811477184295654	0.11650513112545013	0.7786501049995422
1680	0.017702843993902206	0.11667994409799576	0.7782946228981018
1681	0.017706438899040222	0.11671776324510574	0.7781915068626404
1682	0.016871251165866852	0.11680567264556885	0.7777636051177979
1683	0.01766180992126465	0.11670155078172684	0.777684211730957
1684	0.017729680985212326	0.1167258620262146	0.7772794961929321
1685	0.01774156466126442	0.11644460260868073	0.7776660323143005
1686	0.017463913187384605	0.11606203019618988	0.7784355282783508
1687	0.017914554104208946	0.11579098552465439	0.7789877653121948
1688	0.017816152423620224	0.11594542860984802	0.778922438621521
1689	0.017413731664419174	0.1163429245352745	0.7787415981292725
1690	0.017847705632448196	0.11678139865398407	0.7777976393699646
1691	0.018096420913934708	0.11694518476724625	0.7768429517745972
1692	0.018333859741687775	0.11658039689064026	0.7764315009117126
1693	0.017673499882221222	0.11639650166034698	0.7766562104225159
1694	0.017913954332470894	0.11634162813425064	0.777815580368042
1695	0.01801041141152382	0.11630458384752274	0.7789722084999084
1696	0.01735098473727703	0.11622785776853561	0.7796547412872314
1697	0.017864134162664413	0.1160084679722786	0.7801164984703064
1698	0.017812496051192284	0.11612819135189056	0.7792169451713562
1699	0.016845790669322014	0.1164129227399826	0.7777765989303589
1700	0.017599398270249367	0.11659753322601318	0.7769040465354919
1701	0.018112413585186005	0.11653082072734833	0.7770794630050659
1702	0.016843385994434357	0.11622626334428787	0.7781499624252319
1703	0.016917919740080833	0.11587511003017426	0.7795596718788147
1704	0.016985159367322922	0.11601634323596954	0.7798393368721008
1705	0.017376020550727844	0.1160413920879364	0.7803316712379456
1706	0.017984643578529358	0.1161261647939682	0.7799407839775085
1707	0.01687297597527504	0.11615617573261261	0.7791600823402405
1708	0.017290037125349045	0.11598359793424606	0.7782152891159058
1709	0.01750185713171959	0.1161964163184166	0.7778003215789795
1710	0.017921363934874535	0.11639101803302765	0.7785210013389587
1711	0.017314959317445755	0.11654925346374512	0.7792479991912842
1712	0.01744081638753414	0.11655453592538834	0.7792796492576599
1713	0.018197081983089447	0.11630888283252716	0.7787405848503113
1714	0.016863642260432243	0.11610588431358337	0.7783521413803101
1715	0.017904208973050117	0.11604530364274979	0.7779402136802673
1716	0.017485113814473152	0.11591549217700958	0.7788620591163635
1717	0.016877800226211548	0.11571333557367325	0.7801074981689453
1718	0.017803585156798363	0.1156044751405716	0.7806353569030762
1719	0.017590073868632317	0.11561525613069534	0.7802090048789978
1720	0.017502494156360626	0.11549989879131317	0.7793993353843689
1721	0.01757061667740345	0.11542324721813202	0.7788265943527222
1722	0.017396260052919388	0.11554038524627686	0.7791562080383301
1723	0.018148871138691902	0.11582893878221512	0.7796347737312317
1724	0.01725306175649166	0.11610806733369827	0.7796360850334167
1725	0.01731962338089943	0.11609787493944168	0.7786037921905518
1726	0.01747758872807026	0.11621949821710587	0.7781488299369812
1727	0.01765463873744011	0.1161423996090889	0.7782723903656006
1728	0.01844937726855278	0.11605969071388245	0.779089629650116
1729	0.017674952745437622	0.11608622223138809	0.7800320982933044
1730	0.018481675535440445	0.11597909033298492	0.7808170914649963
1731	0.01776544749736786	0.11572516709566116	0.7805367708206177
1732	0.017120586708188057	0.11569763720035553	0.7791505455970764
1733	0.017844155430793762	0.11599468439817429	0.7774901390075684
1734	0.017457200214266777	0.11644171178340912	0.7767615914344788
1735	0.01817389205098152	0.11637407541275024	0.7782095670700073
1736	0.01744835637509823	0.11594127863645554	0.7804637551307678
1737	0.017428236082196236	0.1156492680311203	0.7813270688056946
1738	0.018026236444711685	0.11533516645431519	0.7809040546417236
1739	0.01831403560936451	0.11534378677606583	0.7793765664100647
1740	0.017932726070284843	0.11589120328426361	0.7778369784355164
1741	0.0178376417607069	0.11633600294589996	0.7778139114379883
1742	0.01805288717150688	0.11617332696914673	0.7790005803108215
1743	0.016772793605923653	0.1159152165055275	0.7802286744117737
1744	0.017728853970766068	0.11568458378314972	0.780701220035553
1745	0.017436085268855095	0.11561436206102371	0.7803516983985901
1746	0.01759198121726513	0.11570912599563599	0.7794453501701355
1747	0.017451327294111252	0.11589709669351578	0.7791681289672852
1748	0.01743990182876587	0.11611972749233246	0.7797229290008545
1749	0.01737031526863575	0.11614048480987549	0.7812484502792358
1750	0.017636628821492195	0.11561290919780731	0.7822193503379822
1751	0.018155677244067192	0.11504548788070679	0.7820279002189636
1752	0.017086241394281387	0.11497647315263748	0.7809869050979614
1753	0.01775371842086315	0.11534319072961807	0.7797704339027405
1754	0.018113799393177032	0.11602918803691864	0.7788078188896179
1755	0.017899170517921448	0.11628609150648117	0.7789979577064514
1756	0.018120070919394493	0.11600789427757263	0.7799870371818542
1757	0.01740144193172455	0.11568823456764221	0.7810733318328857
1758	0.016986709088087082	0.11549534648656845	0.781609296798706
1759	0.017333880066871643	0.11560139805078506	0.7814803719520569
1760	0.01685364916920662	0.1159495860338211	0.7811776399612427
1761	0.017488330602645874	0.11643630266189575	0.7803332805633545
1762	0.01757585071027279	0.11674561351537704	0.7793401479721069
1763	0.01769614778459072	0.11662347614765167	0.7785824537277222
1764	0.01715364120900631	0.11626972258090973	0.7779642343521118
1765	0.017941413447260857	0.1160215213894844	0.7783803343772888
1766	0.017742961645126343	0.1159806102514267	0.7793558239936829
1767	0.017715925350785255	0.11589306592941284	0.7806174755096436
1768	0.017902880907058716	0.11599690467119217	0.7812670469284058
1769	0.017520945519208908	0.11628969758749008	0.7805821299552917
1770	0.018463652580976486	0.11639981716871262	0.7792739272117615
1771	0.01803964003920555	0.11618050187826157	0.7783202528953552
1772	0.017515623942017555	0.11589211225509644	0.7780018448829651
1773	0.01808576099574566	0.11563439667224884	0.7787350416183472
1774	0.01805325783789158	0.11564243584871292	0.7795707583427429
1775	0.017645444720983505	0.1158989891409874	0.7797030806541443
1776	0.017726708203554153	0.11625487357378006	0.7790857553482056
1777	0.01659434661269188	0.11652550101280212	0.7787413597106934
1778	0.017889266833662987	0.11631635576486588	0.7795760631561279
1779	0.018007880076766014	0.11610414832830429	0.7802636623382568
1780	0.0179525725543499	0.1158728152513504	0.7801751494407654
1781	0.017885692417621613	0.11579299718141556	0.7804997563362122
1782	0.017395801842212677	0.11565756052732468	0.7806241512298584
1783	0.01702975109219551	0.11561019718647003	0.7805717587471008
1784	0.017474928870797157	0.11584185808897018	0.7797303199768066
1785	0.01778789795935154	0.11570965498685837	0.7795922160148621
1786	0.017315180972218513	0.11536368727684021	0.7804834842681885
1787	0.017399607226252556	0.11518888175487518	0.7814649939537048
1788	0.01723417639732361	0.11492515355348587	0.7818044424057007
1789	0.01753128692507744	0.11471700668334961	0.781920313835144
1790	0.0168923232704401	0.11474099010229111	0.7810338735580444
1791	0.016565317288041115	0.11502443253993988	0.7799434661865234
1792	0.01830650493502617	0.1147574707865715	0.7807019948959351
1793	0.01684507727622986	0.11481063067913055	0.7814837694168091
1794	0.017115376889705658	0.11488648504018784	0.7816203236579895
1795	0.017908388748764992	0.11506138741970062	0.7814235687255859
1796	0.017217768356204033	0.11523210257291794	0.7804097533226013
1797	0.017144544050097466	0.1154642328619957	0.7797545194625854
1798	0.01740763708949089	0.1158222109079361	0.7792077660560608
1799	0.017159754410386086	0.11653109639883041	0.7790858745574951
1800	0.0175431277602911	0.11675567924976349	0.7797752618789673
1801	0.017076775431632996	0.11633430421352386	0.7802911400794983
1802	0.016952214762568474	0.11572140455245972	0.7804709672927856
1803	0.018054088577628136	0.11562208086252213	0.780314564704895
1804	0.016700366511940956	0.11569058895111084	0.7801770567893982
1805	0.017566582188010216	0.11609197407960892	0.7793852686882019
1806	0.01767868548631668	0.11629106849431992	0.779056966304779
1807	0.01766461879014969	0.11605201661586761	0.7794725894927979
1808	0.01702263206243515	0.11564159393310547	0.7804358005523682
1809	0.016574135050177574	0.11548613011837006	0.7810494899749756
1810	0.017194457352161407	0.11538060009479523	0.7816311120986938
1811	0.017871767282485962	0.11551181226968765	0.7815221548080444
1812	0.017021609470248222	0.11587053537368774	0.7808409333229065
1813	0.016615722328424454	0.11612392216920853	0.7793794274330139
1814	0.01743563823401928	0.116287000477314	0.7780696749687195
1815	0.0175657756626606	0.11607182025909424	0.778307318687439
1816	0.017083516344428062	0.11606093496084213	0.7793505787849426
1817	0.01759687438607216	0.11618837714195251	0.7807554006576538
1818	0.017603928223252296	0.1163998693227768	0.7815926671028137
1819	0.01831701770424843	0.1165306344628334	0.781810462474823
1820	0.017328565940260887	0.11643152683973312	0.7809851169586182
1821	0.017749197781085968	0.11617781221866608	0.7803177237510681
1822	0.018184421584010124	0.11584508419036865	0.7809172868728638
1823	0.01666717603802681	0.11578721553087234	0.7816276550292969
1824	0.01745634712278843	0.11580322682857513	0.7822789549827576
1825	0.018409838899970055	0.1156732589006424	0.783105731010437
1826	0.017213759943842888	0.11545088142156601	0.7836605310440063
1827	0.01726398803293705	0.11528319120407104	0.7836030125617981
1828	0.017379414290189743	0.11535309255123138	0.7828170657157898
1829	0.01729963906109333	0.11580805480480194	0.7821614146232605
1830	0.016854533925652504	0.11619196832180023	0.7814985513687134
1831	0.017498690634965897	0.11627668142318726	0.7809175252914429
1832	0.016679253429174423	0.11612168699502945	0.7806113362312317
1833	0.01726747676730156	0.11591412872076035	0.7805697321891785
1834	0.018047183752059937	0.11566060781478882	0.7806919813156128
1835	0.017385752871632576	0.11560794711112976	0.7805578708648682
1836	0.017522359266877174	0.11600513756275177	0.7805454134941101
1837	0.01721867546439171	0.11645357310771942	0.7802480459213257
1838	0.017494818195700645	0.11677464842796326	0.7792524099349976
1839	0.017679357901215553	0.11688312888145447	0.7777763605117798
1840	0.017276054248213768	0.11692593991756439	0.7769378423690796
1841	0.01748645305633545	0.11669041961431503	0.7778764963150024
1842	0.01609499566257	0.11630821228027344	0.7799863815307617
1843	0.017839429900050163	0.11600074917078018	0.7817753553390503
1844	0.0169423408806324	0.1159982681274414	0.7824363708496094
1845	0.017195284366607666	0.11597976088523865	0.7818437218666077
1846	0.01645553484559059	0.11588722467422485	0.7805017232894897
1847	0.017377803102135658	0.11600735783576965	0.7795689105987549
1848	0.01795797608792782	0.11629657447338104	0.7800215482711792
1849	0.01726423390209675	0.11652714759111404	0.780869722366333
1850	0.017794804647564888	0.1162184551358223	0.7816749215126038
1851	0.01751243695616722	0.11566181480884552	0.7822779417037964
1852	0.01725730486214161	0.11534300446510315	0.7825155258178711
1853	0.017477484419941902	0.11541465669870377	0.7822866439819336
1854	0.017521245405077934	0.11559394747018814	0.781830370426178
1855	0.016907257959246635	0.11616288870573044	0.7811112403869629
1856	0.018180862069129944	0.11632480472326279	0.7808745503425598
1857	0.016689063981175423	0.11602014303207397	0.7807554006576538
1858	0.016357677057385445	0.11583632230758667	0.7806676626205444
1859	0.017293713986873627	0.11570475250482559	0.7810572385787964
1860	0.01771673746407032	0.11574642360210419	0.7818464636802673
1861	0.017299039289355278	0.11596915125846863	0.7818548083305359
1862	0.01763448305428028	0.11621032655239105	0.7809935808181763
1863	0.017361361533403397	0.11628762632608414	0.7806063294410706
1864	0.01715061441063881	0.11617785692214966	0.7804412841796875
1865	0.017774688079953194	0.11598024517297745	0.7806863784790039
1866	0.01790168136358261	0.11606333404779434	0.7804141640663147
1867	0.018047194927930832	0.11625536531209946	0.7808385491371155
1868	0.01713324896991253	0.11657708883285522	0.780870258808136
1869	0.016771608963608742	0.11661876738071442	0.7806090116500854
1870	0.01753009296953678	0.11611984670162201	0.7805535197257996
1871	0.018192078918218613	0.11567436158657074	0.7804745435714722
1872	0.016872648149728775	0.11530989408493042	0.7816029787063599
1873	0.017013313248753548	0.11540780961513519	0.7825040221214294
1874	0.017540523782372475	0.1157127171754837	0.782695472240448
1875	0.01803475059568882	0.11606638133525848	0.7814539074897766
1876	0.01648089475929737	0.11643584817647934	0.7793160080909729
1877	0.017847497016191483	0.11654125154018402	0.7781497240066528
1878	0.017254337668418884	0.1162649467587471	0.777799129486084
1879	0.018092922866344452	0.11597459763288498	0.7787783741950989
1880	0.01764092408120632	0.11576688289642334	0.7804195284843445
1881	0.01730700023472309	0.11549881100654602	0.7813061475753784
1882	0.017431236803531647	0.11530742794275284	0.7813460230827332
1883	0.017146911472082138	0.1154729574918747	0.7808295488357544
1884	0.017061401158571243	0.1157691553235054	0.7803364992141724
1885	0.018036313354969025	0.11612081527709961	0.7801545858383179
1886	0.017503635957837105	0.11636427044868469	0.77968430519104
1887	0.01666218973696232	0.11639294028282166	0.7792564630508423
1888	0.016542349010705948	0.11626319587230682	0.7790949940681458
1889	0.017736287787556648	0.11604750156402588	0.7794709205627441
1890	0.01708393171429634	0.11611348390579224	0.7804898023605347
1891	0.01655241660773754	0.1161995455622673	0.7811495661735535
1892	0.017240634188055992	0.11600225418806076	0.7806845307350159
1893	0.01747380569577217	0.11573982238769531	0.7802097201347351
1894	0.017360540106892586	0.11574467271566391	0.7799517512321472
1895	0.01772216521203518	0.11590788513422012	0.7793025374412537
1896	0.016808796674013138	0.11614715307950974	0.7788011431694031
1897	0.017050351947546005	0.11634565889835358	0.7782307863235474
1898	0.017226973548531532	0.11626455187797546	0.7786695957183838
1899	0.017357630655169487	0.11612527072429657	0.7799885272979736
1900	0.01756705343723297	0.11598830670118332	0.7809056043624878
1901	0.017692245543003082	0.115867018699646	0.7810869216918945
1902	0.017244519665837288	0.11583712697029114	0.7803378701210022
1903	0.017758464440703392	0.11566566675901413	0.7794409394264221
1904	0.01769126020371914	0.1157330647110939	0.7787909507751465
1905	0.017565421760082245	0.1159142479300499	0.7790919542312622
1906	0.017637914046645164	0.11596181243658066	0.7799853682518005
1907	0.01728380098938942	0.1157546266913414	0.7805753350257874
1908	0.017094723880290985	0.11557508260011673	0.780860185623169
1909	0.017162013798952103	0.11531653255224228	0.7808853983879089
1910	0.017182355746626854	0.11539673805236816	0.7805090546607971
1911	0.01777791604399681	0.11568591743707657	0.7796016335487366
1912	0.01730855368077755	0.11591530591249466	0.7788085341453552
1913	0.01763436384499073	0.11633926630020142	0.7775663733482361
1914	0.017091603949666023	0.11625044792890549	0.7770365476608276
1915	0.016595367342233658	0.11595796048641205	0.7775799036026001
1916	0.018314741551876068	0.11566266417503357	0.7794153690338135
1917	0.017003972083330154	0.11549017578363419	0.7806490063667297
1918	0.017184734344482422	0.11570006608963013	0.7814363837242126
1919	0.016944870352745056	0.11611415445804596	0.7807309031486511
1920	0.01726626418530941	0.11623052507638931	0.7797629237174988
1921	0.01746974140405655	0.11615075916051865	0.7784161567687988
1922	0.018016524612903595	0.11624376475811005	0.7778252363204956
1923	0.017881380394101143	0.11625812202692032	0.7791262865066528
1924	0.01761254295706749	0.11605218052864075	0.7809783220291138
1925	0.016311658546328545	0.11580212414264679	0.7823267579078674
1926	0.017245644703507423	0.11574693024158478	0.7818766832351685
1927	0.01706390455365181	0.11601690202951431	0.7794895172119141
1928	0.017477408051490784	0.11642440408468246	0.7780424952507019
1929	0.017392640933394432	0.1166587546467781	0.7784045338630676
1930	0.017291223630309105	0.11671843379735947	0.7798119187355042
1931	0.017690114676952362	0.11679592728614807	0.7801214456558228
1932	0.016726579517126083	0.11664450168609619	0.7804225087165833
1933	0.017843147739768028	0.11620940268039703	0.7800800204277039
1934	0.016499606892466545	0.11598926037549973	0.7799443006515503
1935	0.017793046310544014	0.1161409243941307	0.7794349193572998
1936	0.01717243902385235	0.1165386214852333	0.7794957160949707
1937	0.018092341721057892	0.11648403108119965	0.7798638939857483
1938	0.017624055966734886	0.1159939393401146	0.7802077531814575
1939	0.01720341108739376	0.11573506891727448	0.7802433371543884
1940	0.017211686819791794	0.11569768935441971	0.7804754972457886
1941	0.017147844657301903	0.11552457511425018	0.7809277772903442
1942	0.01731438748538494	0.11562904715538025	0.7811711430549622
1943	0.01671932451426983	0.11608751118183136	0.7810227274894714
1944	0.016817066818475723	0.11652820557355881	0.7804803252220154
1945	0.01702973060309887	0.11679548770189285	0.7794831991195679
1946	0.018057316541671753	0.11656232923269272	0.77880859375
1947	0.017189975827932358	0.11595276743173599	0.7794001698493958
1948	0.01721104606986046	0.11555084586143494	0.7805097699165344
1949	0.016903439536690712	0.11565383523702621	0.7823549509048462
1950	0.01733650080859661	0.1159486472606659	0.7830718159675598
1951	0.01691523566842079	0.11609356105327606	0.7823749780654907
1952	0.016771582886576653	0.1162535548210144	0.7808573246002197
1953	0.016661807894706726	0.1163642480969429	0.7794783115386963
1954	0.017190977931022644	0.11652255803346634	0.7787625193595886
1955	0.017345048487186432	0.11638063192367554	0.779532253742218
1956	0.01716013438999653	0.11636325716972351	0.780710756778717
1957	0.01682986691594124	0.11595115810632706	0.7816348075866699
1958	0.01673961617052555	0.1154363751411438	0.7819821834564209
1959	0.01672961562871933	0.11529059708118439	0.7816892266273499
1960	0.01751806028187275	0.11566609144210815	0.781722903251648
1961	0.016870921477675438	0.11600811779499054	0.781776487827301
1962	0.018008477985858917	0.11580093204975128	0.7817062735557556
1963	0.017864234745502472	0.11530455946922302	0.7817444801330566
1964	0.017419403418898582	0.11511887609958649	0.7817301750183105
1965	0.016888367012143135	0.11525815725326538	0.7809344530105591
1966	0.017147447913885117	0.11561200767755508	0.7805519700050354
1967	0.016841523349285126	0.11633739620447159	0.7802794575691223
1968	0.016801422461867332	0.11673182994127274	0.7800230383872986
1969	0.0171399787068367	0.116508349776268	0.7796313166618347
1970	0.017275961115956306	0.11621394753456116	0.7790911793708801
1971	0.01712409034371376	0.11618448793888092	0.7791556119918823
1972	0.017895866185426712	0.11630943417549133	0.7798390984535217
1973	0.017385877668857574	0.11673010885715485	0.7810112833976746
1974	0.016623901203274727	0.1169767826795578	0.7821058034896851
1975	0.017118271440267563	0.11695370078086853	0.7817323803901672
1976	0.017809299752116203	0.11644581705331802	0.7801930904388428
1977	0.017512628808617592	0.1162506565451622	0.7787160873413086
1978	0.01668667420744896	0.11630206555128098	0.7780477404594421
1979	0.017455365508794785	0.11645705997943878	0.7790441513061523
1980	0.016956645995378494	0.11643438041210175	0.7802165150642395
1981	0.017507892102003098	0.11622514575719833	0.7801905274391174
1982	0.016881564632058144	0.11587867140769958	0.7808566093444824
1983	0.01666186936199665	0.11553497612476349	0.781877875328064
1984	0.017190245911478996	0.11559098213911057	0.7817120552062988
1985	0.017339766025543213	0.11573249846696854	0.7816101312637329
1986	0.017081808298826218	0.11600478738546371	0.7813843488693237
1987	0.01729934848845005	0.11635416001081467	0.7807665467262268
1988	0.01726110279560089	0.11664007604122162	0.7797752618789673
1989	0.016800859943032265	0.11701550334692001	0.7793275713920593
1990	0.01738419011235237	0.11699063330888748	0.7798989415168762
1991	0.01693403720855713	0.11659450083971024	0.7804005146026611
1992	0.017251940444111824	0.11612189561128616	0.7809205055236816
1993	0.016946867108345032	0.11590808629989624	0.7813582420349121
1994	0.018910974264144897	0.1157890036702156	0.7814415693283081
1995	0.017767081037163734	0.11589068919420242	0.7815336585044861
1996	0.01692548394203186	0.11627761274576187	0.7812290787696838
1997	0.018052944913506508	0.11626559495925903	0.7812176942825317
1998	0.01749229058623314	0.11585458368062973	0.7811718583106995
1999	0.017312562093138695	0.11546678096055984	0.7816058993339539
2000	0.01700061745941639	0.11522537469863892	0.7820490002632141
2001	0.016955753788352013	0.11523500084877014	0.7821155190467834
2002	0.018044505268335342	0.11556334793567657	0.78154456615448
2003	0.01696464791893959	0.1158289834856987	0.7801636457443237
2004	0.01679685153067112	0.1160622388124466	0.7788004875183105
2005	0.01715398021042347	0.11615810543298721	0.778917133808136
2006	0.017416754737496376	0.115975022315979	0.780154287815094
2007	0.017296278849244118	0.11583275347948074	0.7804682850837708
2008	0.016765553504228592	0.11570427566766739	0.7805256247520447
2009	0.017095863819122314	0.1157391369342804	0.7815359234809875
2010	0.01657179370522499	0.11579783260822296	0.7812888026237488
2011	0.016949694603681564	0.11583232879638672	0.7806662917137146
2012	0.016339516267180443	0.11596549302339554	0.7801970839500427
2013	0.018212690949440002	0.11607522517442703	0.7803413271903992
2014	0.017570670694112778	0.11591410636901855	0.7801018953323364
2015	0.016837915405631065	0.11571795493364334	0.7794398665428162
2016	0.01811208203434944	0.11582595854997635	0.7793557643890381
2017	0.017181396484375	0.11597923189401627	0.7801734805107117
2018	0.01710861548781395	0.11619417369365692	0.7809531092643738
2019	0.01759442314505577	0.11625038087368011	0.7808076739311218
2020	0.017690308392047882	0.11634372919797897	0.7795395851135254
2021	0.017432784661650658	0.11633937805891037	0.7785771489143372
2022	0.016906123608350754	0.11629360169172287	0.7786745429039001
2023	0.016255002468824387	0.1163678765296936	0.7795709371566772
2024	0.017798859626054764	0.11625421792268753	0.7808569073677063
2025	0.01680026203393936	0.11609964817762375	0.7814357280731201
2026	0.01738242618739605	0.11601772904396057	0.7813548445701599
2027	0.017443090677261353	0.11616284400224686	0.7807317972183228
2028	0.01807059720158577	0.11630778014659882	0.780610203742981
2029	0.01750567927956581	0.11659348756074905	0.7806503772735596
2030	0.01703588292002678	0.1165311262011528	0.7807551622390747
2031	0.016760319471359253	0.1165488138794899	0.7804450392723083
2032	0.01750754378736019	0.11620564013719559	0.7801704406738281
2033	0.016967933624982834	0.1158902570605278	0.780074954032898
2034	0.017304105684161186	0.11548776179552078	0.7813271880149841
2035	0.017037827521562576	0.11514362692832947	0.7833573818206787
2036	0.017368057742714882	0.11492841690778732	0.7852665781974792
2037	0.01695198565721512	0.11514182388782501	0.7856642603874207
2038	0.0179121233522892	0.11558432877063751	0.7844305038452148
2039	0.01713748835027218	0.11611563712358475	0.7823066711425781
2040	0.01673489436507225	0.11662992089986801	0.7806490063667297
2041	0.017254946753382683	0.11662761867046356	0.779735803604126
2042	0.017506754025816917	0.11656199395656586	0.7802764177322388
2043	0.01717054471373558	0.1163548156619072	0.78055340051651
2044	0.017355741932988167	0.11601469665765762	0.7808029651641846
2045	0.017066439613699913	0.11598612368106842	0.7799395322799683
2046	0.01706312596797943	0.11639271676540375	0.7785099148750305
2047	0.01748020015656948	0.11674762517213821	0.778174877166748
2048	0.0173726137727499	0.11696850508451462	0.7791591882705688
2049	0.01669090986251831	0.11692123115062714	0.7799808382987976
2050	0.01813826709985733	0.11622712016105652	0.7796632647514343
2051	0.016683606430888176	0.11539626866579056	0.7794098854064941
2052	0.017145266756415367	0.11493892222642899	0.7799376249313354
2053	0.01790630631148815	0.11512771248817444	0.7807967662811279
2054	0.01727401651442051	0.11540281772613525	0.7818838953971863
2055	0.016882209107279778	0.11550263315439224	0.7825091481208801
2056	0.01719379611313343	0.11510929465293884	0.7826709747314453
2057	0.016325760632753372	0.1150096133351326	0.7815304398536682
2058	0.01760798692703247	0.11510886996984482	0.7810386419296265
2059	0.018174294382333755	0.11534790694713593	0.78205806016922
2060	0.017402997240424156	0.11587697267532349	0.7833361625671387
2061	0.01705506257712841	0.11577556282281876	0.784050464630127
2062	0.017650457099080086	0.11514034867286682	0.7840214371681213
2063	0.016912316903471947	0.11456838995218277	0.7827453017234802
2064	0.0171536672860384	0.11473385244607925	0.7812392711639404
2065	0.017278127372264862	0.1155068501830101	0.7792998552322388
2066	0.017511194571852684	0.11652848869562149	0.7779579162597656
2067	0.017126811668276787	0.11736750602722168	0.7778226137161255
2068	0.01748988963663578	0.11703594774007797	0.7794700860977173
2069	0.017848966643214226	0.11634068191051483	0.7805044651031494
2070	0.018065044656395912	0.11578509956598282	0.7801820039749146
2071	0.017044689506292343	0.11577372252941132	0.779994547367096
2072	0.01732182502746582	0.11619805544614792	0.7796437740325928
2073	0.017197005450725555	0.11664887517690659	0.7789469957351685
2074	0.017076678574085236	0.11708427220582962	0.7783321142196655
2075	0.01732461526989937	0.11705838143825531	0.7778997421264648
2076	0.01661897450685501	0.11686640232801437	0.7784837484359741
2077	0.016509294509887695	0.11670049279928207	0.7796254754066467
2078	0.017341068014502525	0.11646324396133423	0.7806880474090576
2079	0.017811989411711693	0.11640553921461105	0.7809392809867859
2080	0.017294710502028465	0.11630922555923462	0.7803932428359985
2081	0.0163318682461977	0.11631336063146591	0.7794342041015625
2082	0.01744130812585354	0.11627834290266037	0.7787030339241028
2083	0.01750592328608036	0.11623045057058334	0.7791383862495422
2084	0.017033031210303307	0.1163090392947197	0.7804218530654907
2085	0.017015699297189713	0.11650966107845306	0.7811635136604309
2086	0.01664094068109989	0.11661101132631302	0.7806073427200317
2087	0.016786718741059303	0.11650720238685608	0.7800194025039673
2088	0.016363894566893578	0.11636971682310104	0.7801774740219116
2089	0.017174584791064262	0.11631067097187042	0.7802488207817078
2090	0.01596863381564617	0.11625626683235168	0.7809536457061768
2091	0.016562392935156822	0.11629045009613037	0.7811070084571838
2092	0.016759421676397324	0.11648684740066528	0.7807298898696899
2093	0.017330847680568695	0.1166190430521965	0.7800084948539734
2094	0.015898307785391808	0.11668192595243454	0.7800547480583191
2095	0.016543565317988396	0.11676296591758728	0.7803897857666016
2096	0.017406143248081207	0.11684540659189224	0.7811052203178406
2097	0.01794474944472313	0.11670614033937454	0.7813621759414673
2098	0.01709362305700779	0.11659620702266693	0.7810710072517395
2099	0.01701217330992222	0.11651232838630676	0.780576229095459
2100	0.017068397253751755	0.11634994298219681	0.7807191014289856
2101	0.016955651342868805	0.11630535125732422	0.7804250121116638
2102	0.016881035640835762	0.11624301970005035	0.7799642086029053
2103	0.016887517645955086	0.11616526544094086	0.7793933749198914
2104	0.017041556537151337	0.11623771488666534	0.7795689702033997
2105	0.016758248209953308	0.11622527986764908	0.780674397945404
2106	0.016610268503427505	0.11610379070043564	0.7820842266082764
2107	0.016860032454133034	0.11553727835416794	0.7835682034492493
2108	0.017234308645129204	0.11501133441925049	0.7836092710494995
2109	0.01667577028274536	0.1150946393609047	0.7832090258598328
2110	0.017306702211499214	0.11559280008077621	0.7825307846069336
2111	0.01721063442528248	0.11616528779268265	0.7818416953086853
2112	0.017678340896964073	0.11639538407325745	0.7818121910095215
2113	0.017458397895097733	0.11634870618581772	0.7809088230133057
2114	0.017454033717513084	0.11618205159902573	0.7801104784011841
2115	0.0177711583673954	0.11603391170501709	0.7801430225372314
2116	0.017655469477176666	0.11568490415811539	0.7811374068260193
2117	0.01697731949388981	0.11567368358373642	0.7827317118644714
2118	0.01772419363260269	0.11559762805700302	0.7831756472587585
2119	0.01774773746728897	0.11562076210975647	0.7824965119361877
2120	0.01709953509271145	0.11582499742507935	0.7803567051887512
2121	0.01638830453157425	0.11630592495203018	0.778300940990448
2122	0.01770680956542492	0.1163826659321785	0.7784343957901001
2123	0.01692531444132328	0.11615871638059616	0.7801000475883484
2124	0.016640378162264824	0.11615592986345291	0.7817221283912659
2125	0.017820322886109352	0.11612644791603088	0.7817786931991577
2126	0.01828453503549099	0.11595312505960464	0.7810227274894714
2127	0.017163125798106194	0.11597886681556702	0.7797989845275879
2128	0.01783140003681183	0.11607092618942261	0.778536319732666
2129	0.017524518072605133	0.11623649299144745	0.7779307961463928
2130	0.017477920278906822	0.11614802479743958	0.7793258428573608
2131	0.01705268956720829	0.11576864868402481	0.7807598114013672
2132	0.017022855579853058	0.11546830087900162	0.7813303470611572
2133	0.0173953864723444	0.11529205739498138	0.7813509106636047
2134	0.01656748540699482	0.11522257328033447	0.7810395956039429
2135	0.016603508964180946	0.11543773859739304	0.7806288003921509
2136	0.01622771844267845	0.11604879796504974	0.7806470990180969
2137	0.017545538023114204	0.11644715815782547	0.7801435589790344
2138	0.018305059522390366	0.11625150591135025	0.7804337739944458
2139	0.017307182773947716	0.1157633364200592	0.7812984585762024
2140	0.016830071806907654	0.11536964774131775	0.7818270325660706
2141	0.01698520965874195	0.11546781659126282	0.7822880744934082
2142	0.016990184783935547	0.11567772924900055	0.7826336622238159
2143	0.017545320093631744	0.11596553772687912	0.7820594310760498
2144	0.01658692955970764	0.116073839366436	0.7815180420875549
2145	0.01655154675245285	0.11589118093252182	0.7805442810058594
2146	0.017022430896759033	0.11579842120409012	0.7806239128112793
2147	0.017303673550486565	0.11587313562631607	0.7810752987861633
2148	0.01717653125524521	0.11588826030492783	0.7817909717559814
2149	0.016653722152113914	0.11605451256036758	0.7815214395523071
2150	0.016653507947921753	0.1161535456776619	0.780739963054657
2151	0.016363684087991714	0.11629223078489304	0.7791777849197388
2152	0.017304295673966408	0.11636608093976974	0.7791285514831543
2153	0.01631920412182808	0.11623523384332657	0.7798988223075867
2154	0.016949446871876717	0.11597893387079239	0.7819173336029053
2155	0.01707780361175537	0.11555440723896027	0.7830163240432739
2156	0.017228806391358376	0.11527882516384125	0.7827236652374268
2157	0.016630977392196655	0.1153186708688736	0.7817091345787048
2158	0.016935553401708603	0.11550404876470566	0.7801026105880737
2159	0.017078319564461708	0.11573568731546402	0.7790657877922058
2160	0.01711786724627018	0.11579626053571701	0.7791124582290649
2161	0.017315957695245743	0.11586236208677292	0.7798543572425842
2162	0.016908718273043633	0.11583034694194794	0.7802826166152954
2163	0.017450271174311638	0.11571996659040451	0.7809220552444458
2164	0.01682197116315365	0.11576828360557556	0.7809934616088867
2165	0.01674206368625164	0.11592987924814224	0.7811865210533142
2166	0.01681312918663025	0.11585947871208191	0.78142911195755
2167	0.016765503212809563	0.11585704237222672	0.7815608978271484
2168	0.016914064064621925	0.11582149565219879	0.7817498445510864
2169	0.01709774322807789	0.11570686846971512	0.781371533870697
2170	0.017012247815728188	0.11559456586837769	0.781138002872467
2171	0.01722043566405773	0.11548401415348053	0.7812283039093018
2172	0.01632317155599594	0.11546185612678528	0.7818244695663452
2173	0.016306322067975998	0.11550271511077881	0.7820935249328613
2174	0.01702338643372059	0.1154298260807991	0.7820019721984863
2175	0.016992228105664253	0.11562947183847427	0.7815678119659424
2176	0.016560327261686325	0.11578246206045151	0.7812687754631042
2177	0.016665054485201836	0.11574382334947586	0.7812941074371338
2178	0.016769664362072945	0.11573947966098785	0.7820544242858887
2179	0.017008177936077118	0.11552266031503677	0.7833598852157593
2180	0.016956742852926254	0.11532219499349594	0.7841975092887878
2181	0.016724899411201477	0.11523738503456116	0.7840531468391418
2182	0.01687104068696499	0.11531207710504532	0.7836359143257141
2183	0.01700122095644474	0.11555343121290207	0.7831200957298279
2184	0.0172846931964159	0.11598165333271027	0.7821112275123596
2185	0.018030749633908272	0.11648096144199371	0.7807528376579285
2186	0.01682460866868496	0.11677489429712296	0.7797156572341919
2187	0.017668362706899643	0.11644120514392853	0.7792230844497681
2188	0.016965363174676895	0.11618956923484802	0.7801765203475952
2189	0.01648285612463951	0.11586396396160126	0.7819443345069885
2190	0.016387689858675003	0.1157621219754219	0.7834189534187317
2191	0.01709899492561817	0.11586520075798035	0.7837640047073364
2192	0.017486559227108955	0.1158962994813919	0.7827741503715515
2193	0.017561016604304314	0.1158679649233818	0.7805001139640808
2194	0.016757022589445114	0.11557862162590027	0.778762936592102
2195	0.018002331256866455	0.1153271496295929	0.7793375849723816
2196	0.017159726470708847	0.11538497358560562	0.7812290191650391
2197	0.01758609525859356	0.1155894473195076	0.7835325598716736
2198	0.016712497919797897	0.11524582654237747	0.7850612998008728
2199	0.017309708520770073	0.11482600122690201	0.7841472029685974
2200	0.01724698580801487	0.11500760912895203	0.7817481160163879
2201	0.01746002584695816	0.11541390419006348	0.7804588079452515
2202	0.016979310661554337	0.11563462764024734	0.7796118855476379
2203	0.017445767298340797	0.11554479598999023	0.7805614471435547
2204	0.017523327842354774	0.11507673561573029	0.7818322777748108
2205	0.01708853989839554	0.11473915725946426	0.7827354073524475
2206	0.017496563494205475	0.11485373228788376	0.782341480255127
2207	0.01731814444065094	0.11531160026788712	0.7818806767463684
2208	0.018023060634732246	0.1154380515217781	0.7823517322540283
2209	0.016648171469569206	0.11550931632518768	0.7823695540428162
2210	0.017662353813648224	0.1160830408334732	0.781514048576355
2211	0.01788836345076561	0.11637338250875473	0.7796317934989929
2212	0.017264477908611298	0.11599226295948029	0.7790290117263794
2213	0.016491001471877098	0.115899957716465	0.77959144115448
2214	0.016971157863736153	0.11614695936441422	0.7807403206825256
2215	0.01754339225590229	0.11626030504703522	0.7817814946174622
2216	0.017487291246652603	0.11588577181100845	0.7814828753471375
2217	0.017182186245918274	0.1153663843870163	0.7802774906158447
2218	0.0168971698731184	0.11530002951622009	0.7788153886795044
2219	0.017371444031596184	0.11540248245000839	0.778662919998169
2220	0.016811395063996315	0.11530104279518127	0.7797062397003174
2221	0.016674794256687164	0.11501585692167282	0.7813407778739929
2222	0.017035922035574913	0.1148892417550087	0.7820122838020325
2223	0.017290206626057625	0.11485178023576736	0.782470166683197
2224	0.01651613973081112	0.11502599716186523	0.7819494009017944
2225	0.01690886914730072	0.11564487963914871	0.7813751101493835
2226	0.01705845072865486	0.11604069918394089	0.7816785573959351
2227	0.0173802450299263	0.11622916162014008	0.780806839466095
2228	0.016643596813082695	0.11610833555459976	0.7799276113510132
2229	0.016231708228588104	0.11585447937250137	0.7795881032943726
2230	0.0172527264803648	0.1156674399971962	0.7796162962913513
2231	0.01682593673467636	0.11579084396362305	0.7800388932228088
2232	0.01645713485777378	0.1162228211760521	0.7806235551834106
2233	0.01807805709540844	0.11639170348644257	0.7817814350128174
2234	0.01724313199520111	0.11626535654067993	0.781718373298645
2235	0.01679941639304161	0.11610257625579834	0.7804820537567139
2236	0.01665911264717579	0.1163061112165451	0.7794604301452637
2237	0.01764300838112831	0.11653101444244385	0.7791967391967773
2238	0.018041199073195457	0.1165909469127655	0.779229462146759
2239	0.01748923398554325	0.11629914492368698	0.7793601155281067
2240	0.01708410680294037	0.116266168653965	0.7795131802558899
2241	0.016930200159549713	0.11637849360704422	0.7794769406318665
2242	0.01810643821954727	0.11587578058242798	0.7803847789764404
2243	0.01740090921521187	0.11540652811527252	0.7813205718994141
2244	0.017016083002090454	0.11552251130342484	0.7815878391265869
2245	0.016705594956874847	0.11612699180841446	0.7813719511032104
2246	0.01695287600159645	0.11654658615589142	0.7814030051231384
2247	0.017003698274493217	0.11685392260551453	0.7807502150535583
2248	0.016640061512589455	0.11698982864618301	0.7803192138671875
2249	0.017304766923189163	0.11707089841365814	0.7797033190727234
2250	0.01711118035018444	0.11697965115308762	0.779947817325592
2251	0.016964728012681007	0.11677007377147675	0.7805649042129517
2252	0.01744149997830391	0.11645253002643585	0.781172513961792
2253	0.017223840579390526	0.11638683825731277	0.780593991279602
2254	0.01752530410885811	0.11643926799297333	0.7800374627113342
2255	0.016515115275979042	0.11674247682094574	0.7795543074607849
2256	0.01734261028468609	0.11709026992321014	0.7798696160316467
2257	0.016635021194815636	0.11691171675920486	0.7815369963645935
2258	0.01733582839369774	0.11638389527797699	0.7834214568138123
2259	0.018021918833255768	0.11586746573448181	0.7838354706764221
2260	0.017072932794690132	0.11533451080322266	0.7833379507064819
2261	0.01656598411500454	0.11536206305027008	0.7814196944236755
2262	0.0162346288561821	0.1158507913351059	0.7803981900215149
2263	0.01676296815276146	0.11650140583515167	0.7800278663635254
2264	0.016864817589521408	0.11658523976802826	0.7807020545005798
2265	0.016652870923280716	0.1163722574710846	0.7814204096794128
2266	0.01698436215519905	0.11599961668252945	0.7814186811447144
2267	0.016523441299796104	0.11588669568300247	0.7816519141197205
2268	0.01673799380660057	0.11588075757026672	0.7817570567131042
2269	0.01652945578098297	0.11601367592811584	0.781848132610321
2270	0.016869211569428444	0.11621569842100143	0.7813813090324402
2271	0.016438428312540054	0.11624830961227417	0.7809090614318848
2272	0.016695916652679443	0.11641385406255722	0.7804297208786011
2273	0.016373157501220703	0.11631223559379578	0.7803205251693726
2274	0.0175080094486475	0.11647427827119827	0.7796063423156738
2275	0.016394278034567833	0.1166921928524971	0.7795641422271729
2276	0.01694626361131668	0.11703851819038391	0.7799360752105713
2277	0.01700570061802864	0.11683067679405212	0.7808398604393005
2278	0.017697328701615334	0.11628466844558716	0.7814875841140747
2279	0.016527412459254265	0.11577392369508743	0.7816129326820374
2280	0.016850851476192474	0.11552378535270691	0.7820559740066528
2281	0.01655605062842369	0.11555083841085434	0.7834125757217407
2282	0.015997251495718956	0.11566730588674545	0.7845749855041504
2283	0.016862070187926292	0.1157834380865097	0.7849134206771851
2284	0.0168737955391407	0.11586417257785797	0.7843540906906128
2285	0.016855187714099884	0.1159159243106842	0.7836194634437561
2286	0.01744700036942959	0.11614500731229782	0.7830589413642883
2287	0.01726360432803631	0.11599212139844894	0.7836053371429443
2288	0.01709744706749916	0.11595020443201065	0.7840524911880493
2289	0.016555501148104668	0.1160997673869133	0.7840854525566101
2290	0.01732565462589264	0.11598227173089981	0.7836712002754211
2291	0.017525553703308105	0.11584439128637314	0.782637894153595
2292	0.01663850247859955	0.11590737849473953	0.7817243933677673
2293	0.01685239002108574	0.11605697870254517	0.7816616892814636
2294	0.016357211396098137	0.1162341758608818	0.781285285949707
2295	0.016570091247558594	0.11608701199293137	0.7812283039093018
2296	0.016822898760437965	0.11579535156488419	0.7812666893005371
2297	0.016110943630337715	0.11561513692140579	0.7813690900802612
2298	0.016584349796175957	0.11551710218191147	0.7818464636802673
2299	0.016335608437657356	0.1155276820063591	0.7820768356323242
2300	0.016583889722824097	0.11562623083591461	0.7813379764556885
2301	0.01691792905330658	0.11582106351852417	0.7805289626121521
2302	0.01624751277267933	0.1157025471329689	0.7809018492698669
2303	0.017103036865592003	0.11577054858207703	0.7810573577880859
2304	0.01713840290904045	0.11568426340818405	0.7823432683944702
2305	0.01745000295341015	0.11538910120725632	0.7836140394210815
2306	0.016984688118100166	0.1152212992310524	0.7842224836349487
2307	0.01654663123190403	0.11519142985343933	0.7842041850090027
2308	0.016887754201889038	0.11525847017765045	0.7835363149642944
2309	0.016626864671707153	0.11539620161056519	0.783108651638031
2310	0.01646994613111019	0.1157073974609375	0.7822526693344116
2311	0.016967838630080223	0.11597701162099838	0.7823451161384583
2312	0.01626349240541458	0.11611182242631912	0.7825201749801636
2313	0.017343005165457726	0.1158161461353302	0.7824386954307556
2314	0.016590707004070282	0.11557108908891678	0.7829555869102478
2315	0.016614766791462898	0.11554546654224396	0.7837944030761719
2316	0.016500232741236687	0.11567605286836624	0.7847586870193481
2317	0.017194468528032303	0.11574026942253113	0.7846737504005432
2318	0.016772178933024406	0.11578913778066635	0.7836283445358276
2319	0.01648070476949215	0.11591345816850662	0.7824169993400574
2320	0.016973920166492462	0.11597234755754471	0.7820301055908203
2321	0.016595158725976944	0.11608490347862244	0.781689465045929
2322	0.016604172065854073	0.11635882407426834	0.7821816205978394
2323	0.017189113423228264	0.11642061173915863	0.7831787467002869
2324	0.016851214691996574	0.11636557430028915	0.7834750413894653
2325	0.016428755596280098	0.11635497957468033	0.7823307514190674
2326	0.016580427065491676	0.11639145761728287	0.7808269262313843
2327	0.016973191872239113	0.11641346663236618	0.7800438404083252
2328	0.01684160716831684	0.11639639735221863	0.7807067632675171
2329	0.016493193805217743	0.1159912720322609	0.7823221683502197
2330	0.01583039201796055	0.11575959622859955	0.7835926413536072
2331	0.01718723401427269	0.11536352336406708	0.7844980359077454
2332	0.016138436272740364	0.11505578458309174	0.7853378653526306
2333	0.016983637586236	0.114847831428051	0.7856001853942871
2334	0.017042437568306923	0.1147283986210823	0.7858479022979736
2335	0.016795970499515533	0.11489420384168625	0.7852112054824829
2336	0.016318483278155327	0.11522893607616425	0.7845733761787415
2337	0.01783592253923416	0.11559470742940903	0.7836570143699646
2338	0.01645999401807785	0.11566824465990067	0.7832037210464478
2339	0.016958611086010933	0.11566417664289474	0.7831055521965027
2340	0.017302019521594048	0.11552239209413528	0.7831698060035706
2341	0.017577379941940308	0.11526363343000412	0.7829394340515137
2342	0.017194511368870735	0.11545901000499725	0.7824640870094299
2343	0.016883909702301025	0.11589495092630386	0.7827460765838623
2344	0.01718965731561184	0.11607170104980469	0.7834372520446777
2345	0.017137350514531136	0.11590404063463211	0.7838535308837891
2346	0.016862664371728897	0.1157149001955986	0.7835529446601868
2347	0.016234716400504112	0.11536414921283722	0.7834968566894531
2348	0.016485966742038727	0.11520110070705414	0.7834122180938721
2349	0.017599772661924362	0.1154087483882904	0.7832518219947815
2350	0.015928983688354492	0.11573967337608337	0.7829055190086365
2351	0.0163517277687788	0.11565795540809631	0.7824786305427551
2352	0.01699260249733925	0.11532179266214371	0.7824450731277466
2353	0.01645788736641407	0.1152593344449997	0.7821337580680847
2354	0.01709262654185295	0.11547695845365524	0.7824099659919739
2355	0.016938837245106697	0.11569362133741379	0.7838637828826904
2356	0.016299258917570114	0.11591118574142456	0.7842617630958557
2357	0.017191749066114426	0.11583376675844193	0.7843847274780273
2358	0.016230160370469093	0.11552666872739792	0.7841070294380188
2359	0.01700747013092041	0.11525274813175201	0.7842533588409424
2360	0.016206437721848488	0.11524414271116257	0.7845712900161743
2361	0.016684511676430702	0.11520542204380035	0.7846055626869202
2362	0.017375361174345016	0.11539306491613388	0.7838669419288635
2363	0.016953162848949432	0.11566077917814255	0.7823545336723328
2364	0.016310986131429672	0.11579520255327225	0.7814956307411194
2365	0.016935447230935097	0.11575762182474136	0.7818856239318848
2366	0.016995249316096306	0.11564356833696365	0.7826780676841736
2367	0.016439812257885933	0.11552891880273819	0.782235860824585
2368	0.016705624759197235	0.11561892926692963	0.7813198566436768
2369	0.016667861491441727	0.1159479171037674	0.7808000445365906
2370	0.01646125502884388	0.11626946926116943	0.7803922891616821
2371	0.01660466007888317	0.11634857207536697	0.7806850075721741
2372	0.016835162416100502	0.11607814580202103	0.7817695140838623
2373	0.01664578728377819	0.11555661261081696	0.7832269668579102
2374	0.0166410431265831	0.11522872745990753	0.7839563488960266
2375	0.016435090452432632	0.11514057219028473	0.7842028737068176
2376	0.015759825706481934	0.11528514325618744	0.7838749289512634
2377	0.01645643077790737	0.1154526025056839	0.7837579250335693
2378	0.01605154760181904	0.11569572985172272	0.7831854820251465
2379	0.017077084630727768	0.11593286693096161	0.7827118635177612
2380	0.016697434708476067	0.11595026403665543	0.7833629846572876
2381	0.015838615596294403	0.11589372158050537	0.7845413684844971
2382	0.017263855785131454	0.11586613208055496	0.7854108214378357
2383	0.01678512617945671	0.11582988500595093	0.7857871055603027
2384	0.01737569458782673	0.11580915749073029	0.7854599952697754
2385	0.01717371493577957	0.11582708358764648	0.7846335768699646
2386	0.01670023240149021	0.1158292144536972	0.783448338508606
2387	0.01622885651886463	0.11607704311609268	0.7824317216873169
2388	0.01687966100871563	0.11626366525888443	0.781453549861908
2389	0.017237629741430283	0.11626327037811279	0.7816068530082703
2390	0.016722964122891426	0.1162872165441513	0.7818025946617126
2391	0.016663137823343277	0.11623769253492355	0.7823837995529175
2392	0.01670578494668007	0.11632991582155228	0.7825561165809631
2393	0.016424428671598434	0.11648127436637878	0.7821701765060425
2394	0.015927694737911224	0.11645582318305969	0.7823025584220886
2395	0.016493719071149826	0.11623042821884155	0.7827601432800293
2396	0.016499849036335945	0.11589868366718292	0.7833328247070312
2397	0.01727820560336113	0.11557517200708389	0.784399151802063
2398	0.016501406207680702	0.11534728854894638	0.7846390604972839
2399	0.016572831198573112	0.1153746098279953	0.7845373749732971
2400	0.016938716173171997	0.11550664156675339	0.7837299704551697
2401	0.016609100624918938	0.11580906063318253	0.7824874520301819
2402	0.01662301830947399	0.11599072068929672	0.7812010645866394
2403	0.01625717803835869	0.11617327481508255	0.7812326550483704
2404	0.01628834940493107	0.11611828207969666	0.782239556312561
2405	0.01653154194355011	0.11610247939825058	0.7832350134849548
2406	0.01675330474972725	0.11591411381959915	0.7833766341209412
2407	0.0170002318918705	0.1156417727470398	0.782910168170929
2408	0.016757352277636528	0.11551292985677719	0.7820083498954773
2409	0.016875676810741425	0.11561994254589081	0.7816460728645325
2410	0.017090212553739548	0.11574957519769669	0.7819300889968872
2411	0.016687851399183273	0.11557288467884064	0.7828571796417236
2412	0.016679435968399048	0.11537639051675797	0.7832059264183044
2413	0.016645289957523346	0.11520124226808548	0.7838363647460938
2414	0.01630132645368576	0.1151067465543747	0.7840312123298645
2415	0.016400396823883057	0.11511263251304626	0.7844116687774658
2416	0.01674588955938816	0.11533275246620178	0.7841745018959045
2417	0.016173018142580986	0.11569002270698547	0.7833594679832458
2418	0.01653301529586315	0.11612629145383835	0.7828689813613892
2419	0.01662426069378853	0.11641387641429901	0.7821567058563232
2420	0.017418161034584045	0.11629778891801834	0.7819072008132935
2421	0.01652892678976059	0.11602185666561127	0.7820590138435364
2422	0.016403084620833397	0.11589731276035309	0.7819342613220215
2423	0.016247624531388283	0.11587408185005188	0.7815207839012146
2424	0.016492189839482307	0.11605188995599747	0.7814928889274597
2425	0.015948541462421417	0.11594012379646301	0.7820951342582703
2426	0.017442500218749046	0.11555610597133636	0.781990647315979
2427	0.016993064433336258	0.11566532403230667	0.7822149395942688
2428	0.017018646001815796	0.1158275231719017	0.7825135588645935
2429	0.01668311282992363	0.11585958302021027	0.7828405499458313
2430	0.016499388962984085	0.11569168418645859	0.7829620838165283
2431	0.016741108149290085	0.1157405823469162	0.782663106918335
2432	0.015987269580364227	0.11580125242471695	0.7828205227851868
2433	0.016513830050826073	0.11580600589513779	0.7825074791908264
2434	0.016610633581876755	0.11590199917554855	0.782379686832428
2435	0.016951831057667732	0.11593083292245865	0.7831726670265198
2436	0.016794217750430107	0.11571617424488068	0.7833622694015503
2437	0.016582144424319267	0.11568008363246918	0.7829081416130066
2438	0.016310375183820724	0.11577343195676804	0.7824820876121521
2439	0.016963165253400803	0.11609654128551483	0.7816800475120544
2440	0.016854742541909218	0.11623688787221909	0.7812888026237488
2441	0.01644350215792656	0.116056427359581	0.7814333438873291
2442	0.016758877784013748	0.11579422652721405	0.7822478413581848
2443	0.016768215224146843	0.11546804755926132	0.7831477522850037
2444	0.015912706032395363	0.11518993973731995	0.7838417887687683
2445	0.016397390514612198	0.11513717472553253	0.7831811308860779
2446	0.016587506979703903	0.11513235419988632	0.7827203869819641
2447	0.016520794481039047	0.11526273936033249	0.7827275991439819
2448	0.016632484272122383	0.11531086266040802	0.7837324738502502
2449	0.01648145355284214	0.11539614200592041	0.7846637964248657
2450	0.016831478103995323	0.11575768887996674	0.7838578224182129
2451	0.01631808467209339	0.11629106849431992	0.7821453809738159
2452	0.016743360087275505	0.1167924553155899	0.7803967595100403
2453	0.017143268138170242	0.11692787706851959	0.7802152037620544
2454	0.016681808978319168	0.11659514158964157	0.7815730571746826
2455	0.016515089198946953	0.116103395819664	0.7834166288375854
2456	0.01659422554075718	0.11562880873680115	0.7848324775695801
2457	0.0162726528942585	0.11543485522270203	0.7853816151618958
2458	0.016999676823616028	0.11545734107494354	0.784397542476654
2459	0.01626802422106266	0.11574012041091919	0.7829218506813049
2460	0.016573864966630936	0.11589907854795456	0.7828294634819031
2461	0.016852736473083496	0.1159253641963005	0.7833102941513062
2462	0.016337649896740913	0.1157260611653328	0.784019410610199
2463	0.01669435203075409	0.11539161205291748	0.7838000059127808
2464	0.016860002651810646	0.11542689055204391	0.7832422852516174
2465	0.016890570521354675	0.1156390830874443	0.7824061512947083
2466	0.01646415889263153	0.11606725305318832	0.781690239906311
2467	0.016548337414860725	0.11641610413789749	0.7805117964744568
2468	0.017217721790075302	0.1161864846944809	0.7808399200439453
2469	0.016870087012648582	0.11595191061496735	0.7820760607719421
2470	0.016525838524103165	0.11581292003393173	0.782534658908844
2471	0.01687931828200817	0.11585114151239395	0.782804548740387
2472	0.01695374585688114	0.11589931696653366	0.7823086977005005
2473	0.016584789380431175	0.11602388322353363	0.7819623947143555
2474	0.016030846163630486	0.11615651845932007	0.7811083197593689
2475	0.016568772494792938	0.11630375683307648	0.7805107235908508
2476	0.016381267458200455	0.11647666245698929	0.7800213098526001
2477	0.016370370984077454	0.11623537540435791	0.7808921337127686
2478	0.016466444358229637	0.11601757258176804	0.7820168137550354
2479	0.01563163474202156	0.11574055999517441	0.7828814387321472
2480	0.016286645084619522	0.11555111408233643	0.783130407333374
2481	0.016578666865825653	0.1155627891421318	0.7827900052070618
2482	0.016897620633244514	0.11556223779916763	0.782235860824585
2483	0.016073668375611305	0.1153363436460495	0.7826516032218933
2484	0.016418088227510452	0.11500006914138794	0.7833970189094543
2485	0.016181258484721184	0.11510442942380905	0.7843015789985657
2486	0.016062302514910698	0.1153441071510315	0.7847591042518616
2487	0.016985200345516205	0.11505082249641418	0.7840087413787842
2488	0.01702743023633957	0.11479558050632477	0.7825400233268738
2489	0.01683497056365013	0.11464805901050568	0.782174289226532
2490	0.01684129796922207	0.11480327695608139	0.782619297504425
2491	0.016089066863059998	0.11516096442937851	0.7828097939491272
2492	0.016473334282636642	0.1154351755976677	0.7827789187431335
2493	0.016815107315778732	0.11543670296669006	0.7822369933128357
2494	0.01696489006280899	0.11543770134449005	0.780949592590332
2495	0.016261210665106773	0.1155182346701622	0.780534565448761
2496	0.01762334257364273	0.11552593111991882	0.7811908721923828
2497	0.01617722027003765	0.11560629308223724	0.7823872566223145
2498	0.016411885619163513	0.1153550073504448	0.7839685082435608
2499	0.0165322907269001	0.11493942886590958	0.7845602035522461
2500	0.01610957272350788	0.11480055749416351	0.7838184833526611
2501	0.015956807881593704	0.11505953222513199	0.7832050323486328
2502	0.016987910494208336	0.11535799503326416	0.7830780148506165
2503	0.016419580206274986	0.11559581756591797	0.7835598587989807
2504	0.017125580459833145	0.11545974016189575	0.7830013036727905
2505	0.016723373904824257	0.11499933898448944	0.7819254398345947
2506	0.016418302431702614	0.11471512913703918	0.781118631362915
2507	0.016306746751070023	0.11493850499391556	0.7810801267623901
2508	0.016833268105983734	0.11566545814275742	0.7813693284988403
2509	0.01691177859902382	0.11579493433237076	0.7814497351646423
2510	0.017224794253706932	0.11527319997549057	0.7814069986343384
2511	0.015826109796762466	0.11522937566041946	0.780693531036377
2512	0.016589412465691566	0.11520277708768845	0.7810767292976379
2513	0.016521891579031944	0.11498826742172241	0.7823631763458252
2514	0.016785893589258194	0.11509177088737488	0.7834694981575012
2515	0.016746118664741516	0.11539530754089355	0.7839015126228333
2516	0.016473527997732162	0.11570638418197632	0.7833278775215149
2517	0.016720881685614586	0.11582554131746292	0.7821932435035706
2518	0.016065750271081924	0.11588248610496521	0.7818633317947388
2519	0.01654927060008049	0.116176538169384	0.7826108932495117
2520	0.017372971400618553	0.11652707308530807	0.7830557227134705
2521	0.016268843784928322	0.11672092229127884	0.7832120656967163
2522	0.016721254214644432	0.11666971445083618	0.7831137180328369
2523	0.016888849437236786	0.11639037728309631	0.7825244665145874
2524	0.015676239505410194	0.1161484569311142	0.7825417518615723
2525	0.016061635687947273	0.1159949079155922	0.783174991607666
2526	0.016344863921403885	0.1159157007932663	0.7838415503501892
2527	0.01675809919834137	0.11569336801767349	0.7843961715698242
2528	0.017125766724348068	0.11564726382493973	0.7833134531974792
2529	0.017242014408111572	0.11564188450574875	0.7830038070678711
2530	0.016090229153633118	0.11534928530454636	0.7836740612983704
2531	0.016717800870537758	0.11509545892477036	0.7838835716247559
2532	0.016409151256084442	0.11506190896034241	0.7842348217964172
2533	0.016709445044398308	0.11545698344707489	0.7832125425338745
2534	0.016683725640177727	0.11576788127422333	0.7819353342056274
2535	0.01718716509640217	0.11598345637321472	0.78169846534729
2536	0.01681182160973549	0.11591727286577225	0.7820233106613159
2537	0.016672654077410698	0.11572086811065674	0.7831332087516785
2538	0.016378598287701607	0.11569958925247192	0.7840047478675842
2539	0.0162958987057209	0.11574908345937729	0.7842546701431274
2540	0.016200628131628036	0.11596423387527466	0.7835128903388977
2541	0.01682361401617527	0.11619357019662857	0.7820764183998108
2542	0.0165458545088768	0.11614903062582016	0.781051516532898
2543	0.016587385907769203	0.11625626683235168	0.7816291451454163
2544	0.015997478738427162	0.11633967608213425	0.7816696763038635
2545	0.016985949128866196	0.11587920784950256	0.7820302248001099
2546	0.01611011102795601	0.11527413874864578	0.7823772430419922
2547	0.01622353494167328	0.11495406925678253	0.7827687859535217
2548	0.015618610195815563	0.11509020626544952	0.7832891941070557
2549	0.01696813851594925	0.11533372849225998	0.7836861610412598
2550	0.016991015523672104	0.1155291199684143	0.7835615873336792
2551	0.016134247183799744	0.11567683517932892	0.7824833393096924
2552	0.015698254108428955	0.11574196815490723	0.7818629741668701
2553	0.016067786142230034	0.1155206486582756	0.7826863527297974
2554	0.01650444231927395	0.11518940329551697	0.783787727355957
2555	0.01661183498799801	0.11497573554515839	0.7843270301818848
2556	0.01586456410586834	0.1148354709148407	0.7840006351470947
2557	0.016856757923960686	0.11470995098352432	0.7835942506790161
2558	0.016345828771591187	0.11484252661466599	0.7827412486076355
2559	0.016857847571372986	0.11523547768592834	0.7822446823120117
2560	0.017134344205260277	0.11562976986169815	0.7819052934646606
2561	0.016250161454081535	0.11541847884654999	0.7826963067054749
2562	0.016196224838495255	0.11504589021205902	0.7837182283401489
2563	0.016947228461503983	0.11479601263999939	0.7850234508514404
2564	0.016729407012462616	0.11487504094839096	0.7858691215515137
2565	0.017082640901207924	0.11507634073495865	0.7863953709602356
2566	0.016489814966917038	0.11530318856239319	0.7854844331741333
2567	0.016638953238725662	0.11532408744096756	0.7833736538887024
2568	0.016694823279976845	0.11549093574285507	0.7815502285957336
2569	0.016919391229748726	0.11553050577640533	0.7816092371940613
2570	0.01678379997611046	0.11583464592695236	0.7824839353561401
2571	0.016606712713837624	0.11606348305940628	0.7832744717597961
2572	0.016209907829761505	0.11599171161651611	0.7831780910491943
2573	0.016654513776302338	0.1160050481557846	0.782490074634552
2574	0.016464387997984886	0.11604833602905273	0.781297504901886
2575	0.017093194648623466	0.11613018810749054	0.7808511257171631
2576	0.016334090381860733	0.11621447652578354	0.7814323306083679
2577	0.016159776598215103	0.11611001193523407	0.7825396060943604
2578	0.01650860160589218	0.1158410981297493	0.7834024429321289
2579	0.016977855935692787	0.11560703068971634	0.7831773161888123
2580	0.01703249290585518	0.11547505110502243	0.7830196619033813
2581	0.017834734171628952	0.11547620594501495	0.7826125621795654
2582	0.016994599252939224	0.11544933170080185	0.7830709218978882
2583	0.0164646003395319	0.11552068591117859	0.7834168672561646
2584	0.016066059470176697	0.11549239605665207	0.7833660244941711
2585	0.016293738037347794	0.11560051888227463	0.7832523584365845
2586	0.016746442764997482	0.11556796729564667	0.7822960615158081
2587	0.01640005223453045	0.11550237238407135	0.7814975380897522
2588	0.018069325014948845	0.11538706719875336	0.7821905612945557
2589	0.016749806702136993	0.11546820402145386	0.7829870581626892
2590	0.01585286669433117	0.11552611738443375	0.7837338447570801
2591	0.016092607751488686	0.11557994782924652	0.7840165495872498
2592	0.01626262441277504	0.11554516851902008	0.7829061150550842
2593	0.01669829897582531	0.11556525528430939	0.7818593382835388
2594	0.01626157946884632	0.11563945561647415	0.7817275524139404
2595	0.016742225736379623	0.11586935073137283	0.782617449760437
2596	0.016451580449938774	0.11605720221996307	0.7834094166755676
2597	0.015621251426637173	0.11620975285768509	0.7835267782211304
2598	0.016416408121585846	0.1158468946814537	0.7831073999404907
2599	0.016146918758749962	0.11525628715753555	0.783277690410614
2600	0.01654975302517414	0.11501812189817429	0.7832210659980774
2601	0.016533007845282555	0.11494414508342743	0.7839432954788208
2602	0.017631202936172485	0.11504245549440384	0.7842016220092773
2603	0.01627599447965622	0.11502262204885483	0.7850534915924072
2604	0.01617702841758728	0.11499980092048645	0.7852232456207275
2605	0.016111502423882484	0.11495160311460495	0.7841112017631531
2606	0.016477981582283974	0.11496864259243011	0.7832188010215759
2607	0.016739940270781517	0.11495949327945709	0.7836125493049622
2608	0.016439378261566162	0.11519356071949005	0.7842180728912354
2609	0.01675264723598957	0.11544322967529297	0.7847819328308105
2610	0.016174910590052605	0.11542155593633652	0.7849953174591064
2611	0.016055699437856674	0.1152162030339241	0.7846686840057373
2612	0.015747511759400368	0.1150323897600174	0.7846100330352783
2613	0.016103660687804222	0.11501588672399521	0.7846282124519348
2614	0.016143111512064934	0.11535399407148361	0.7840273976325989
2615	0.0165528804063797	0.11560128629207611	0.7829347252845764
2616	0.016608620062470436	0.11558201909065247	0.7817727327346802
2617	0.01659950613975525	0.11551595479249954	0.7824608683586121
2618	0.01613825559616089	0.11509137600660324	0.7837967872619629
2619	0.016227200627326965	0.11461784690618515	0.7850724458694458
2620	0.016565509140491486	0.11436497420072556	0.7854017615318298
2621	0.016669342294335365	0.11443214118480682	0.7849959135055542
2622	0.016177430748939514	0.11462968587875366	0.7836366295814514
2623	0.01621648669242859	0.11498672515153885	0.78228759765625
2624	0.015684405341744423	0.11527588963508606	0.7821552157402039
2625	0.016599005088210106	0.11533204466104507	0.783380925655365
2626	0.016702817752957344	0.11535312235355377	0.7848039269447327
2627	0.017266789451241493	0.11524288356304169	0.7850728631019592
2628	0.016213543713092804	0.11519142985343933	0.7840995192527771
2629	0.016956932842731476	0.11526576429605484	0.7835822701454163
2630	0.015754984691739082	0.11532484740018845	0.7842217087745667
2631	0.01592094823718071	0.11543796211481094	0.7847651839256287
2632	0.016367554664611816	0.11538685858249664	0.7850886583328247
2633	0.01587795279920101	0.11536973714828491	0.7851945757865906
2634	0.016075000166893005	0.11539128422737122	0.7849290370941162
2635	0.01646719127893448	0.11549302190542221	0.784760594367981
2636	0.01643090695142746	0.11543875932693481	0.7850701808929443
2637	0.015825839713215828	0.11537089943885803	0.7849306464195251
2638	0.016264669597148895	0.11516295373439789	0.7848217487335205
2639	0.016018109396100044	0.11517433822154999	0.7847403883934021
2640	0.01575053110718727	0.11518159508705139	0.7851871252059937
2641	0.016502471640706062	0.11522197723388672	0.7852333784103394
2642	0.01620129682123661	0.11539068818092346	0.7844859957695007
2643	0.015910658985376358	0.1156151220202446	0.7828338742256165
2644	0.015887662768363953	0.11586284637451172	0.7815960049629211
2645	0.016358133405447006	0.11594706028699875	0.7814149260520935
2646	0.015973256900906563	0.11601753532886505	0.7822360992431641
2647	0.016774574294686317	0.11599497497081757	0.7832479476928711
2648	0.015786301344633102	0.1157294437289238	0.7830511927604675
2649	0.016766216605901718	0.11578911542892456	0.7818695902824402
2650	0.01624896563589573	0.11600115895271301	0.7810117602348328
2651	0.01554124616086483	0.1161327138543129	0.7812424898147583
2652	0.01645158976316452	0.115854412317276	0.7828382253646851
2653	0.016092071309685707	0.11562131345272064	0.7834267616271973
2654	0.0165850929915905	0.11539270728826523	0.7839229106903076
2655	0.01584276743233204	0.11535024642944336	0.7838307023048401
2656	0.016367509961128235	0.11560603231191635	0.783285915851593
2657	0.016121182590723038	0.11604268848896027	0.7822988629341125
2658	0.01646663248538971	0.11595797538757324	0.7823854088783264
2659	0.01619582623243332	0.11545740067958832	0.7833031415939331
2660	0.015807688236236572	0.11517681926488876	0.7836700677871704
2661	0.015785150229930878	0.11504200845956802	0.7836308479309082
2662	0.016477322205901146	0.11515365540981293	0.7840272188186646
2663	0.0162055566906929	0.11548731476068497	0.7838448286056519
2664	0.016961168497800827	0.11573754996061325	0.7831087112426758
2665	0.016277486458420753	0.11581643670797348	0.7821123003959656
2666	0.0160503089427948	0.11585137993097305	0.7815341353416443
2667	0.016024505719542503	0.11586562544107437	0.7819704413414001
2668	0.016021374613046646	0.11575866490602493	0.7829973101615906
2669	0.01653570868074894	0.11581793427467346	0.7838071584701538
2670	0.01617293991148472	0.11568040400743484	0.7837138772010803
2671	0.016066068783402443	0.11566437780857086	0.782947301864624
2672	0.016703685745596886	0.11562936007976532	0.782524049282074
2673	0.016690168529748917	0.11548853665590286	0.7828561663627625
2674	0.0169382207095623	0.11532355844974518	0.7837883830070496
2675	0.015957625582814217	0.11547069251537323	0.7844816446304321
2676	0.016434507444500923	0.1154116541147232	0.7842928767204285
2677	0.01637193374335766	0.11522125452756882	0.7832992076873779
2678	0.017044920474290848	0.11513347923755646	0.7828493118286133
2679	0.016370059922337532	0.11512987315654755	0.7821142673492432
2680	0.016792340204119682	0.11525410413742065	0.7815874814987183
2681	0.016633739694952965	0.11554040759801865	0.7812787294387817
2682	0.0161721371114254	0.11583147943019867	0.7814050316810608
2683	0.016249461099505424	0.11590569466352463	0.7814698815345764
2684	0.016004782170057297	0.1159060150384903	0.7816870212554932
2685	0.01617400161921978	0.11591580510139465	0.7820092439651489
2686	0.016927123069763184	0.11580600589513779	0.7825825810432434
2687	0.01653038151562214	0.11600090563297272	0.7819771766662598
2688	0.017084559425711632	0.11610372364521027	0.7814052104949951
2689	0.016065401956439018	0.11644906550645828	0.7808652520179749
2690	0.01630784198641777	0.11618433892726898	0.7816694378852844
2691	0.016550187021493912	0.11582686007022858	0.7825537919998169
2692	0.016988029703497887	0.11558935791254044	0.7833252549171448
2693	0.017075076699256897	0.11547047644853592	0.7834755778312683
2694	0.016934631392359734	0.11562247574329376	0.7824224829673767
2695	0.017048412933945656	0.11605552583932877	0.7811346650123596
2696	0.01680893450975418	0.1165422648191452	0.7793876528739929
2697	0.017058325931429863	0.11645946651697159	0.7783849239349365
2698	0.01654454506933689	0.11598341166973114	0.7795029282569885
2699	0.015580246224999428	0.11570011079311371	0.7818944454193115
2700	0.0168649610131979	0.1156817153096199	0.783672034740448
2701	0.01685052178800106	0.11582353711128235	0.7836125493049622
2702	0.01671111397445202	0.11638340353965759	0.7810527682304382
2703	0.016767079010605812	0.11697882413864136	0.778510332107544
2704	0.016631366685032845	0.11723066866397858	0.7766907811164856
2705	0.016640353947877884	0.11708177626132965	0.7769041061401367
2706	0.016257423907518387	0.11672075092792511	0.7792151570320129
2707	0.01651906594634056	0.11603236943483353	0.782099187374115
2708	0.01663963682949543	0.11565617471933365	0.7836715579032898
2709	0.016564808785915375	0.11578688770532608	0.7832314372062683
2710	0.016470111906528473	0.1165204867720604	0.7816498875617981
2711	0.017316225916147232	0.11710036545991898	0.780333936214447
2712	0.01664039120078087	0.11715260148048401	0.7795281410217285
2713	0.01703370362520218	0.11692417412996292	0.7793154120445251
2714	0.016560450196266174	0.11656415462493896	0.7801564931869507
2715	0.017129478976130486	0.11601559072732925	0.7817187905311584
2716	0.016610004007816315	0.1155666708946228	0.7836466431617737
2717	0.015904823318123817	0.11562826484441757	0.784044086933136
2718	0.01699342019855976	0.1157931238412857	0.7835899591445923
2719	0.01706565171480179	0.11583822220563889	0.7822803854942322
2720	0.015357725322246552	0.11565039306879044	0.7812909483909607
2721	0.016402550041675568	0.1155940443277359	0.781879723072052
2722	0.01650572195649147	0.11606874316930771	0.782952070236206
2723	0.017124343663454056	0.11617015302181244	0.7832843065261841
2724	0.017226945608854294	0.11622840166091919	0.7824305891990662
2725	0.0166131891310215	0.11625054478645325	0.7811235785484314
2726	0.01576932705938816	0.11647544056177139	0.7806124091148376
2727	0.015924720093607903	0.11651849001646042	0.7814056873321533
2728	0.01621956378221512	0.11642792075872421	0.7826325297355652
2729	0.016635917127132416	0.1161138117313385	0.7832821607589722
2730	0.01615448109805584	0.11608897149562836	0.7831849455833435
2731	0.0163981132209301	0.11625675857067108	0.782173216342926
2732	0.016047973185777664	0.1164369285106659	0.7816609740257263
2733	0.01709982007741928	0.11620964854955673	0.7821854948997498
2734	0.01622319407761097	0.11593851447105408	0.7819848656654358
2735	0.016519956290721893	0.11583457887172699	0.7824963331222534
2736	0.015540381893515587	0.11589900404214859	0.7831494212150574
2737	0.016659684479236603	0.11591151356697083	0.783454179763794
2738	0.015659907832741737	0.115729421377182	0.7836536169052124
2739	0.016165824607014656	0.11598622798919678	0.7838974595069885
2740	0.016378292813897133	0.11599738150835037	0.783670961856842
2741	0.01744745671749115	0.11593452095985413	0.7834280133247375
2742	0.016033325344324112	0.11591261625289917	0.7823932766914368
2743	0.015941089019179344	0.11611256748437881	0.7815337777137756
2744	0.016216928139328957	0.1161622703075409	0.7824402451515198
2745	0.016614554449915886	0.11642476916313171	0.7833155393600464
2746	0.016767889261245728	0.11666148900985718	0.7830593585968018
2747	0.016815852373838425	0.11651655286550522	0.7827141284942627
2748	0.016720399260520935	0.11616286635398865	0.7825443744659424
2749	0.016275793313980103	0.11588726192712784	0.7824985384941101
2750	0.016441361978650093	0.11605249345302582	0.7815524339675903
2751	0.01640945114195347	0.11640526354312897	0.781147301197052
2752	0.016760583966970444	0.11654394865036011	0.7814300656318665
2753	0.016851989552378654	0.11671344190835953	0.7813483476638794
2754	0.01690877415239811	0.11671753972768784	0.7816725969314575
2755	0.015172844752669334	0.1163037121295929	0.7813094258308411
2756	0.01610310561954975	0.11619442701339722	0.7807161211967468
2757	0.016454514116048813	0.11623410880565643	0.7802118062973022
2758	0.016895128414034843	0.1164989098906517	0.7799633741378784
2759	0.016654253005981445	0.11687814444303513	0.7798765301704407
2760	0.015859831124544144	0.11705109477043152	0.7799038887023926
2761	0.0162871852517128	0.11657606810331345	0.7803923487663269
2762	0.01627957634627819	0.11610415577888489	0.7811121344566345
2763	0.016292179003357887	0.11579729616641998	0.7823727130889893
2764	0.01658688671886921	0.11593671888113022	0.7831391096115112
2765	0.015999501571059227	0.11630982905626297	0.7829567790031433
2766	0.01658076047897339	0.11636771261692047	0.7821013927459717
2767	0.01585305668413639	0.11627845466136932	0.7807603478431702
2768	0.01606263406574726	0.1164214238524437	0.7805042266845703
2769	0.01660614088177681	0.11642003804445267	0.7813379764556885
2770	0.015343979001045227	0.11615096032619476	0.7828531861305237
2771	0.01679094508290291	0.11586964130401611	0.7833266854286194
2772	0.016094427555799484	0.11591730266809464	0.7830682396888733
2773	0.015553380362689495	0.11631543189287186	0.7821458578109741
2774	0.01663469895720482	0.11651714891195297	0.7815216779708862
2775	0.016013754531741142	0.11653879284858704	0.7813530564308167
2776	0.016373492777347565	0.11627724021673203	0.7815281748771667
2777	0.016125107184052467	0.11593924462795258	0.7821099162101746
2778	0.01608823984861374	0.11561566591262817	0.7827613949775696
2779	0.01588265225291252	0.11540558934211731	0.7827398180961609
2780	0.01673317514359951	0.11525686085224152	0.783152163028717
2781	0.01637094095349312	0.11527661234140396	0.7832615375518799
2782	0.016668399795889854	0.11538437753915787	0.7833224534988403
2783	0.01640574261546135	0.1154322624206543	0.7839226126670837
2784	0.016291160136461258	0.11568205803632736	0.783669114112854
2785	0.01647743210196495	0.1158100813627243	0.7826197743415833
2786	0.01604240946471691	0.11589998006820679	0.7817419171333313
2787	0.01606575772166252	0.11570754647254944	0.7815884351730347
2788	0.016349388286471367	0.11558321863412857	0.7822508215904236
2789	0.016036055982112885	0.11548762023448944	0.7831959128379822
2790	0.015998324379324913	0.1154131144285202	0.7840749025344849
2791	0.015077528543770313	0.11532314866781235	0.7840490341186523
2792	0.015812359750270844	0.11533226817846298	0.7836365103721619
2793	0.015646323561668396	0.11550308763980865	0.7834632992744446
2794	0.01638736017048359	0.11550814658403397	0.783409595489502
2795	0.015937313437461853	0.11571085453033447	0.78302001953125
2796	0.016447342932224274	0.11588910967111588	0.783168613910675
2797	0.015955669805407524	0.11577604711055756	0.7838917374610901
2798	0.016350524500012398	0.1159011498093605	0.7834906578063965
2799	0.01625479944050312	0.11616487056016922	0.7832961082458496
2800	0.016239138320088387	0.11599648743867874	0.7839557528495789
2801	0.016453122720122337	0.11580153554677963	0.785719096660614
2802	0.016174640506505966	0.11574190109968185	0.7864837646484375
2803	0.016386134549975395	0.11575648933649063	0.7864206433296204
2804	0.016214905306696892	0.11562920361757278	0.7852901816368103
2805	0.015517245046794415	0.11566215008497238	0.784319281578064
2806	0.016695817932486534	0.11586657911539078	0.7829756736755371
2807	0.016098547726869583	0.1159401461482048	0.782372772693634
2808	0.015797395259141922	0.11601559072732925	0.7827517986297607
2809	0.015557258389890194	0.11590239405632019	0.7837556600570679
2810	0.016462722793221474	0.11592677235603333	0.7843952178955078
2811	0.015980035066604614	0.11552353203296661	0.7856301069259644
2812	0.01560461986809969	0.11523094028234482	0.7856240272521973
2813	0.0162736177444458	0.11522775888442993	0.7842709422111511
2814	0.01603420451283455	0.11562633514404297	0.7823324799537659
2815	0.0164651982486248	0.11610028892755508	0.7816672921180725
2816	0.017012178897857666	0.1160980612039566	0.7829679250717163
2817	0.016264397650957108	0.11578933149576187	0.7844242453575134
2818	0.01587137207388878	0.1153368204832077	0.7848488688468933
2819	0.017018646001815796	0.11506545543670654	0.7837294340133667
2820	0.01671183481812477	0.115317203104496	0.7828088402748108
2821	0.015925318002700806	0.11589372158050537	0.7825214862823486
2822	0.016472352668642998	0.1167803630232811	0.782179057598114
2823	0.017104370519518852	0.11649075150489807	0.7820042967796326
2824	0.015803568065166473	0.11607629805803299	0.7814304232597351
2825	0.016534075140953064	0.1157846599817276	0.781043291091919
2826	0.01676490716636181	0.11554013192653656	0.7813043594360352
2827	0.01601197011768818	0.11577427387237549	0.7812899947166443
2828	0.016111193224787712	0.11616233736276627	0.7815497517585754
2829	0.016599614173173904	0.11604240536689758	0.7822633385658264
2830	0.016636956483125687	0.11553777009248734	0.7823663353919983
2831	0.015760043635964394	0.11539097130298615	0.7817746996879578
2832	0.015468403697013855	0.11557882279157639	0.7814773917198181
2833	0.016511982306838036	0.11583408713340759	0.7815860509872437
2834	0.016874808818101883	0.11606813967227936	0.7815370559692383
2835	0.016088200733065605	0.11637106537818909	0.7811804413795471
2836	0.017075572162866592	0.11640577018260956	0.7808452248573303
2837	0.016393069177865982	0.11607418209314346	0.7808955311775208
2838	0.015317627228796482	0.11568256467580795	0.7812345623970032
2839	0.016984280198812485	0.11552371829748154	0.7824657559394836
2840	0.016102032735943794	0.11557310074567795	0.7843419909477234
2841	0.01624404266476631	0.1155344769358635	0.7853689789772034
2842	0.016409005969762802	0.11554700881242752	0.7845965623855591
2843	0.0165677759796381	0.11572307348251343	0.7830855250358582
2844	0.016968874260783195	0.11578353494405746	0.7813094258308411
2845	0.017057154327630997	0.11573737114667892	0.7806016206741333
2846	0.016248777508735657	0.11590635776519775	0.7817836403846741
2847	0.015719618648290634	0.11622507125139236	0.7844789624214172
2848	0.016612641513347626	0.11595530807971954	0.7851214408874512
2849	0.016732120886445045	0.1152145192027092	0.7848330736160278
2850	0.01632765866816044	0.11500979959964752	0.7839171886444092
2851	0.016708241775631905	0.11505290120840073	0.7835150361061096
2852	0.016787562519311905	0.11511561274528503	0.7837068438529968
2853	0.015491722151637077	0.11533799767494202	0.7840624451637268
2854	0.0159036535769701	0.11562750488519669	0.7841010093688965
2855	0.01630244590342045	0.11563648283481598	0.7833846807479858
2856	0.016269519925117493	0.11559516191482544	0.7819957137107849
2857	0.015281137079000473	0.11564034968614578	0.7821797132492065
2858	0.016225969418883324	0.11544090509414673	0.7829877138137817
2859	0.016254154965281487	0.11529719084501266	0.7832817435264587
2860	0.016335168853402138	0.11545352637767792	0.7839601635932922
2861	0.01614833064377308	0.11557064950466156	0.7833455204963684
2862	0.016146162524819374	0.1154683455824852	0.7825518846511841
2863	0.01644771546125412	0.11553716659545898	0.7814423441886902
2864	0.015622938051819801	0.1156703308224678	0.7815598249435425
2865	0.016964172944426537	0.1157241091132164	0.783140242099762
2866	0.01607576571404934	0.11559049785137177	0.7846648693084717
2867	0.016119757667183876	0.11528828740119934	0.7844233512878418
2868	0.016849804669618607	0.11519298702478409	0.784147322177887
2869	0.015545325353741646	0.1150788739323616	0.783546507358551
2870	0.01617763750255108	0.11515606939792633	0.7830314636230469
2871	0.01581944152712822	0.11548221856355667	0.7835782170295715
2872	0.016273969784379005	0.11562595516443253	0.7844574451446533
2873	0.016300592571496964	0.1151718720793724	0.785064160823822
2874	0.01596643403172493	0.11469382047653198	0.7846710681915283
2875	0.01614336483180523	0.11451861262321472	0.7840525507926941
2876	0.01659392938017845	0.1146903708577156	0.7842504978179932
2877	0.01659991219639778	0.11500366777181625	0.7855923771858215
2878	0.016353346407413483	0.11534455418586731	0.7858936190605164
2879	0.016557758674025536	0.11528050899505615	0.7845733761787415
2880	0.015181111171841621	0.1151852235198021	0.7834390997886658
2881	0.017058104276657104	0.1152116134762764	0.7832576632499695
2882	0.016709839925169945	0.11532323807477951	0.7839931845664978
2883	0.016468513756990433	0.11554624885320663	0.7854292392730713
2884	0.016848597675561905	0.11545972526073456	0.7858142256736755
2885	0.016910133883357048	0.11523880809545517	0.7850176095962524
2886	0.01592765934765339	0.11518837511539459	0.7831575274467468
2887	0.015399373136460781	0.11531669646501541	0.7813771963119507
2888	0.01722748391330242	0.11535196751356125	0.7811115384101868
2889	0.016484525054693222	0.11566022783517838	0.7831066250801086
2890	0.016589155420660973	0.11574355512857437	0.7846812009811401
2891	0.016005739569664	0.11550241708755493	0.7841231822967529
2892	0.01619875244796276	0.11559268832206726	0.7832424640655518
2893	0.016859598457813263	0.11525017023086548	0.7836006283760071
2894	0.01706300489604473	0.11505690217018127	0.7846249341964722
2895	0.016572047024965286	0.11518193781375885	0.7854802012443542
2896	0.01651446335017681	0.11535293608903885	0.7852655053138733
2897	0.016687089577317238	0.1156749501824379	0.7844645977020264
2898	0.016443826258182526	0.1159949004650116	0.7832074761390686
2899	0.016895288601517677	0.11645717173814774	0.7826729416847229
2900	0.016017166897654533	0.11656729131937027	0.7829049825668335
2901	0.01659073308110237	0.11633598059415817	0.7836088538169861
2902	0.016667816787958145	0.11629797518253326	0.7836793065071106
2903	0.016504542902112007	0.11614390462636948	0.7837985754013062
2904	0.015396920032799244	0.11589792370796204	0.782894492149353
2905	0.01648097299039364	0.11581361293792725	0.7818576097488403
2906	0.01640288718044758	0.1159011721611023	0.7817835807800293
2907	0.01643339730799198	0.1158868819475174	0.7823627591133118
2908	0.016783038154244423	0.11563535779714584	0.7826790809631348
2909	0.015643009915947914	0.1155528575181961	0.7821506857872009
2910	0.01708545722067356	0.11564590781927109	0.7822490334510803
2911	0.01652524434030056	0.1159466877579689	0.782363772392273
2912	0.01634717546403408	0.11639754474163055	0.7828806638717651
2913	0.015619190409779549	0.11659549176692963	0.782508373260498
2914	0.01617036759853363	0.11640330404043198	0.7815631628036499
2915	0.01558921579271555	0.11583611369132996	0.7812566161155701
2916	0.0164974145591259	0.11501568555831909	0.782866895198822
2917	0.016139818355441093	0.11486267298460007	0.7845025062561035
2918	0.015958581119775772	0.11528458446264267	0.7858257293701172
2919	0.016854265704751015	0.11597199738025665	0.7848648428916931
2920	0.016427820548415184	0.11625329405069351	0.7831833362579346
2921	0.015713226050138474	0.11611083894968033	0.7824219465255737
2922	0.016523214057087898	0.11581011861562729	0.7828464508056641
2923	0.016270119696855545	0.11553245037794113	0.7839382290840149
2924	0.01557978242635727	0.11540316790342331	0.7854976654052734
2925	0.015605118125677109	0.11552785336971283	0.7850240468978882
2926	0.01613389328122139	0.11561833322048187	0.7837432026863098
2927	0.01594037003815174	0.1156998723745346	0.7823674082756042
2928	0.015320505015552044	0.11577127128839493	0.7820931673049927
2929	0.01628156565129757	0.11577947437763214	0.7834693789482117
2930	0.016059502959251404	0.1158820316195488	0.7848501205444336
2931	0.015819884836673737	0.1158362552523613	0.7858828902244568
2932	0.016039162874221802	0.11568563431501389	0.7849845290184021
2933	0.015874657779932022	0.115810327231884	0.7832135558128357
2934	0.016516972333192825	0.11595204472541809	0.7818472385406494
2935	0.016599269583821297	0.11599269509315491	0.7814851999282837
2936	0.015838677063584328	0.11572426557540894	0.7820894122123718
2937	0.015722203999757767	0.11522672325372696	0.7834967374801636
2938	0.016304384917020798	0.11500002443790436	0.784385621547699
2939	0.01706945151090622	0.11504290997982025	0.78414386510849
2940	0.01656883955001831	0.11557257920503616	0.7826745510101318
2941	0.016635527834296227	0.11615856736898422	0.7810771465301514
2942	0.017195243388414383	0.1164628118276596	0.7805986404418945
2943	0.017170827835798264	0.11637293547391891	0.7818939089775085
2944	0.01645316556096077	0.11580123007297516	0.7834664583206177
2945	0.016391098499298096	0.11513862758874893	0.7845730185508728
2946	0.01593158021569252	0.1149161234498024	0.7843433022499084
2947	0.016715500503778458	0.11504741758108139	0.7837740778923035
2948	0.016428232192993164	0.11555077135562897	0.7834097146987915
2949	0.015948429703712463	0.11592871695756912	0.7829732894897461
2950	0.016689054667949677	0.11568494886159897	0.7832186818122864
2951	0.01675051636993885	0.11513954401016235	0.7839367389678955
2952	0.015378518961369991	0.11505091190338135	0.7849909067153931
2953	0.01606391929090023	0.11513262987136841	0.7852072715759277
2954	0.0168492179363966	0.1154981181025505	0.7847519516944885
2955	0.016605457291007042	0.11573541164398193	0.7841889262199402
2956	0.01626068912446499	0.11601583659648895	0.7832186818122864
2957	0.01615248993039131	0.11612536013126373	0.782608687877655
2958	0.016376562416553497	0.11574020236730576	0.782917857170105
2959	0.015978872776031494	0.11497806012630463	0.7849954962730408
2960	0.015945877879858017	0.11470333486795425	0.7869319319725037
2961	0.01557576097548008	0.11477173864841461	0.7876169681549072
2962	0.016780612990260124	0.11500591039657593	0.7866474986076355
2963	0.015080202370882034	0.11544480174779892	0.7842050790786743
2964	0.015614082105457783	0.11610148847103119	0.7829219698905945
2965	0.01604977808892727	0.11616562306880951	0.783510684967041
2966	0.016127455979585648	0.11567462980747223	0.7849851250648499
2967	0.015814848244190216	0.1151915043592453	0.7857494950294495
2968	0.016200944781303406	0.11530905961990356	0.7861658930778503
2969	0.016344457864761353	0.11570633947849274	0.7858830690383911
2970	0.016617633402347565	0.11586304754018784	0.7852624654769897
2971	0.015985015779733658	0.11575301736593246	0.7842249274253845
2972	0.01649332419037819	0.11554627120494843	0.7837092876434326
2973	0.015319275669753551	0.11541883647441864	0.7843194007873535
2974	0.016357053071260452	0.11539678275585175	0.784798800945282
2975	0.015498979948461056	0.11551650613546371	0.7851367592811584
2976	0.01577908731997013	0.11546863615512848	0.7848839163780212
2977	0.01656130887567997	0.1152162253856659	0.7844374775886536
2978	0.016345981508493423	0.11522886157035828	0.7843214869499207
2979	0.01681109145283699	0.1153666079044342	0.7843706011772156
2980	0.016519438475370407	0.11530793458223343	0.7843701839447021
2981	0.01679224707186222	0.11514153331518173	0.7844425439834595
2982	0.014583672396838665	0.11522795259952545	0.7837501764297485
2983	0.015717685222625732	0.11534484475851059	0.7835295796394348
2984	0.016370337456464767	0.11545846611261368	0.7832848429679871
2985	0.015092991292476654	0.11553438752889633	0.7833594083786011
2986	0.01565428264439106	0.11557519435882568	0.7840147614479065
2987	0.015451235696673393	0.1156749501824379	0.7845444679260254
2988	0.016210120171308517	0.11553493142127991	0.7837866544723511
2989	0.016313621774315834	0.11538062989711761	0.782690167427063
2990	0.016289522871375084	0.11562120914459229	0.7823016047477722
2991	0.01567833684384823	0.11560177057981491	0.7834766507148743
2992	0.015920748934149742	0.11561349034309387	0.7852131724357605
2993	0.016329819336533546	0.1155785322189331	0.7858452796936035
2994	0.015735536813735962	0.11542543768882751	0.7850148677825928
2995	0.01571105420589447	0.115436851978302	0.7839509844779968
2996	0.016222476959228516	0.11546855419874191	0.7843095660209656
2997	0.015342503786087036	0.11549194157123566	0.7854864597320557
2998	0.01574905589222908	0.11577894538640976	0.785638689994812
2999	0.016837123781442642	0.11594770103693008	0.7855506539344788
3000	0.015792731195688248	0.11577370017766953	0.7851725816726685
3001	0.015885094180703163	0.11558286845684052	0.7848567962646484
3002	0.01569891721010208	0.11544661968946457	0.7842645049095154
3003	0.016515681520104408	0.11552947014570236	0.7841159701347351
3004	0.01580692082643509	0.11569936573505402	0.7841402292251587
3005	0.01512190606445074	0.11582351475954056	0.7844402194023132
3006	0.015752635896205902	0.11583098769187927	0.784764289855957
3007	0.014635416679084301	0.11583493649959564	0.7848921418190002
3008	0.015459053218364716	0.11576724052429199	0.7850445508956909
3009	0.0157118309289217	0.11566458642482758	0.7850304245948792
3010	0.015058721415698528	0.11547943949699402	0.7848318219184875
3011	0.015186747536063194	0.11528608947992325	0.7850823998451233
3012	0.016175920143723488	0.11523367464542389	0.7849200963973999
3013	0.01586633361876011	0.11522797495126724	0.7846919894218445
3014	0.015921490266919136	0.11530764400959015	0.7844070196151733
3015	0.015812164172530174	0.11555230617523193	0.7839190363883972
3016	0.015411249361932278	0.11581341177225113	0.783683180809021
3017	0.015318613499403	0.11607977747917175	0.783480703830719
3018	0.015710726380348206	0.11624077707529068	0.7830826044082642
3019	0.016025857999920845	0.11613120138645172	0.7829539179801941
3020	0.015752356499433517	0.115910105407238	0.7833749055862427
3021	0.016000689938664436	0.11563809961080551	0.7840505838394165
3022	0.015776215121150017	0.11545071005821228	0.7845863103866577
3023	0.015227286145091057	0.1153286024928093	0.784515380859375
3024	0.015048101544380188	0.11528874933719635	0.7840391993522644
3025	0.015477835200726986	0.1153368428349495	0.7835642695426941
3026	0.01563863456249237	0.11534319072961807	0.783599317073822
3027	0.015529556199908257	0.11548309773206711	0.7839816212654114
3028	0.015474040992558002	0.11563917249441147	0.7841613292694092
3029	0.014707135036587715	0.11581573635339737	0.7837080359458923
3030	0.015403187833726406	0.11596179008483887	0.7828118205070496
3031	0.015808604657649994	0.11608513444662094	0.7815124988555908
3032	0.015161960385739803	0.11621909588575363	0.7809637188911438
3033	0.015802305191755295	0.11624812334775925	0.7811856269836426
3034	0.015602204948663712	0.1161271333694458	0.7821863293647766
3035	0.01580769568681717	0.1159588098526001	0.7833064794540405
3036	0.015211381018161774	0.11583445221185684	0.784159779548645
3037	0.015606964938342571	0.11572732031345367	0.7845404148101807
3038	0.01590948924422264	0.1156303659081459	0.7848395109176636
3039	0.015831012278795242	0.11556384712457657	0.7847285270690918
3040	0.015706392005085945	0.11559420824050903	0.7844218015670776
3041	0.015321553684771061	0.11579343676567078	0.7839049100875854
3042	0.016230514273047447	0.11599894613027573	0.7838326096534729
3043	0.014930475503206253	0.11614418774843216	0.7838283777236938
3044	0.014848080463707447	0.11626696586608887	0.7838146090507507
3045	0.01517072506248951	0.11624961346387863	0.7836378216743469
3046	0.015555564314126968	0.11618529260158539	0.7833138108253479
3047	0.01540920976549387	0.11602944135665894	0.7834081053733826
3048	0.015102291479706764	0.1158946231007576	0.7835367918014526
3049	0.01567613147199154	0.11579842120409012	0.7836230397224426
3050	0.015385800041258335	0.1157117709517479	0.7836781144142151
3051	0.015317426063120365	0.1156584843993187	0.7839406132698059
3052	0.015869276598095894	0.1156776174902916	0.7843801975250244
3053	0.015385858714580536	0.11576556414365768	0.7849975824356079
3054	0.01603873260319233	0.11590631306171417	0.7852779030799866
3055	0.015858802944421768	0.11603307723999023	0.7848020195960999
3056	0.01601097546517849	0.1160336509346962	0.7838729023933411
3057	0.01563739962875843	0.11595693975687027	0.7834393382072449
3058	0.01583244651556015	0.1158597320318222	0.7833487391471863
3059	0.015157975256443024	0.11578094214200974	0.7835246920585632
3060	0.015436180867254734	0.11577322334051132	0.7843883633613586
3061	0.015304953791201115	0.11580684036016464	0.7851009964942932
3062	0.016102159395813942	0.11567637324333191	0.7855619192123413
3063	0.01555687002837658	0.11548095941543579	0.7858676314353943
3064	0.015861477702856064	0.11535850167274475	0.7859130501747131
3065	0.01571480557322502	0.11533024907112122	0.7855623960494995
3066	0.015600642189383507	0.11541983485221863	0.7848924398422241
3067	0.015766480937600136	0.11552801728248596	0.7844467163085938
3068	0.015474184416234493	0.11564555764198303	0.7842058539390564
3069	0.015091299079358578	0.11573249101638794	0.7841892838478088
3070	0.015260567888617516	0.1158275231719017	0.7842564582824707
3071	0.0157055351883173	0.11580745875835419	0.7844405770301819
3072	0.015637317672371864	0.11569749563932419	0.7843060493469238
3073	0.015819504857063293	0.11555147916078568	0.7843440771102905
3074	0.015567093156278133	0.11537735909223557	0.7845655083656311
3075	0.01574472337961197	0.11528074741363525	0.7848926186561584
3076	0.01592087373137474	0.11522490531206131	0.7856179475784302
3077	0.015818988904356956	0.11529113352298737	0.7859589457511902
3078	0.016204794868826866	0.11538570374250412	0.7859818339347839
3079	0.015038768760859966	0.11542187631130219	0.7854132056236267
3080	0.01519048772752285	0.11542373895645142	0.7846567630767822
3081	0.01502933632582426	0.11548077315092087	0.7837116122245789
3082	0.014997212216258049	0.11550968140363693	0.7835519313812256
3083	0.015109243802726269	0.11560393869876862	0.7839656472206116
3084	0.0153852803632617	0.11563373357057571	0.7845799922943115
3085	0.015418197959661484	0.11550305783748627	0.7851268649101257
3086	0.01545648742467165	0.11536821722984314	0.7854122519493103
3087	0.015423071570694447	0.11543560028076172	0.7852712273597717
3088	0.015612125396728516	0.1156049594283104	0.7847514748573303
3089	0.015902414917945862	0.115763358771801	0.7841783165931702
3090	0.015795448794960976	0.1157771497964859	0.7835623025894165
3091	0.015749093145132065	0.11567054688930511	0.7832531929016113
3092	0.016042441129684448	0.11562570184469223	0.7836474180221558
3093	0.015094651840627193	0.11577525734901428	0.784032940864563
3094	0.015241315588355064	0.11574780195951462	0.7847179770469666
3095	0.0158231221139431	0.11552908271551132	0.7852556109428406
3096	0.01559529360383749	0.1152823343873024	0.7856354117393494
3097	0.015708453953266144	0.11514409631490707	0.7854334712028503
3098	0.01569182612001896	0.11503849923610687	0.785319983959198
3099	0.01532859168946743	0.1150103211402893	0.7851958274841309
3100	0.015770675614476204	0.11505056172609329	0.7851786017417908
3101	0.015135825611650944	0.11503753811120987	0.7853628396987915
3102	0.015889087691903114	0.11505067348480225	0.7857875823974609
3103	0.015258333645761013	0.11505133658647537	0.7859447002410889
3104	0.014948759227991104	0.11505332589149475	0.7856431007385254
3105	0.01611671969294548	0.11513917148113251	0.7852542400360107
3106	0.015857752412557602	0.115238256752491	0.7845539450645447
3107	0.016033152118325233	0.11535157263278961	0.7842334508895874
3108	0.015472125262022018	0.11538764089345932	0.7843553423881531
3109	0.01520311739295721	0.11541226506233215	0.7847047448158264
3110	0.015927350148558617	0.11544857174158096	0.7853853702545166
3111	0.015618948265910149	0.11538471281528473	0.7858378887176514
3112	0.015806717798113823	0.11529000848531723	0.7858596444129944
3113	0.015390748158097267	0.11530180275440216	0.786017656326294
3114	0.01568663865327835	0.11519363522529602	0.7856331467628479
3115	0.016265353187918663	0.1151241883635521	0.7849085927009583
3116	0.015363343991339207	0.11516201496124268	0.7841424345970154
3117	0.01551151368767023	0.11524516344070435	0.7835291028022766
3118	0.015104075893759727	0.11532667279243469	0.7837351560592651
3119	0.016063442453742027	0.1154712662100792	0.784425675868988
3120	0.015569263137876987	0.11559029668569565	0.7852792143821716
3121	0.01615532487630844	0.11565130203962326	0.7860669493675232
3122	0.015350991860032082	0.11561748385429382	0.7862862348556519
3123	0.015647051855921745	0.11552328616380692	0.7857268452644348
3124	0.015465334057807922	0.1153767853975296	0.7844836115837097
3125	0.015758352354168892	0.11526914685964584	0.7836437225341797
3126	0.015251655131578445	0.1152934655547142	0.7832201719284058
3127	0.015881843864917755	0.11542466282844543	0.7833171486854553
3128	0.01563824713230133	0.11563839763402939	0.7837887406349182
3129	0.0157809779047966	0.11575467139482498	0.7840806245803833
3130	0.01598704233765602	0.11570783704519272	0.7847328186035156
3131	0.01559485960751772	0.11559174954891205	0.7851915955543518
3132	0.015071427449584007	0.11548953503370285	0.7854308485984802
3133	0.01588335633277893	0.11541670560836792	0.7856097221374512
3134	0.01504509150981903	0.11531636863946915	0.7858757972717285
3135	0.015350407920777798	0.1151902973651886	0.7859341502189636
3136	0.015485752373933792	0.11511058360338211	0.7857367992401123
3137	0.01609933190047741	0.11505071818828583	0.785442054271698
3138	0.015412055887281895	0.11503435671329498	0.784915030002594
3139	0.015337502583861351	0.11508937180042267	0.7847392559051514
3140	0.015188806690275669	0.11518322676420212	0.7848412394523621
3141	0.015746109187602997	0.11520328372716904	0.7848921418190002
3142	0.015550698153674603	0.11517615616321564	0.7852762341499329
3143	0.015919208526611328	0.11511340737342834	0.7860495448112488
3144	0.01542839128524065	0.11491486430168152	0.7866166830062866
3145	0.01549332682043314	0.11466691642999649	0.786838173866272
3146	0.01528787612915039	0.11441359668970108	0.7863495945930481
3147	0.015635687857866287	0.11431310325860977	0.7859998941421509
3148	0.01531864982098341	0.11431483179330826	0.7858690023422241
3149	0.015245354734361172	0.11441966891288757	0.7856435775756836
3150	0.01538797002285719	0.11462285369634628	0.7855719923973083
3151	0.015671564266085625	0.11472606658935547	0.7858052253723145
3152	0.01545766182243824	0.11481744796037674	0.7861445546150208
3153	0.01494237594306469	0.11487587541341782	0.7864949107170105
3154	0.015280286781489849	0.11490564793348312	0.7865365743637085
3155	0.0159933902323246	0.1149267703294754	0.786443293094635
3156	0.016133897006511688	0.1150151938199997	0.7856417894363403
3157	0.015776682645082474	0.11514392495155334	0.78464275598526
3158	0.01463758572936058	0.11526466906070709	0.7840462923049927
3159	0.016487715765833855	0.11526820808649063	0.7839716076850891
3160	0.015004336833953857	0.11518598347902298	0.7845770120620728
3161	0.015453330241143703	0.11508230119943619	0.7850145697593689
3162	0.015747880563139915	0.11494820564985275	0.785490095615387
3163	0.014868007972836494	0.11497659236192703	0.7856184244155884
3164	0.014633785001933575	0.11502590030431747	0.7854625582695007
3165	0.015880217775702477	0.11499735713005066	0.7852063775062561
3166	0.016323238611221313	0.11499490588903427	0.7847485542297363
3167	0.015281795524060726	0.11508204787969589	0.7844339609146118
3168	0.015680978074669838	0.11523064225912094	0.7843425869941711
3169	0.01572810672223568	0.11539794504642487	0.7841421961784363
3170	0.015772243961691856	0.11554072797298431	0.7838399410247803
3171	0.015283060260117054	0.11553782969713211	0.7839082479476929
3172	0.015737352892756462	0.11549295485019684	0.7842985987663269
3173	0.014995609410107136	0.11540929973125458	0.7844043374061584
3174	0.01559612900018692	0.11529598385095596	0.784550666809082
3175	0.015123396180570126	0.11525442451238632	0.7845922112464905
3176	0.01513745728880167	0.11533905565738678	0.7843524813652039
3177	0.015614205040037632	0.11541842669248581	0.7840325236320496
3178	0.015011422336101532	0.11546746641397476	0.7834383845329285
3179	0.015997789800167084	0.11554501950740814	0.782580554485321
3180	0.015411779284477234	0.11561745405197144	0.7818996906280518
3181	0.015962760895490646	0.11568577587604523	0.7817739844322205
3182	0.015495900996029377	0.11567538976669312	0.7822420001029968
3183	0.014706945046782494	0.11570911109447479	0.7825330495834351
3184	0.015429012477397919	0.1157059296965599	0.7825233340263367
3185	0.015577739104628563	0.11568993330001831	0.7829665541648865
3186	0.015582970343530178	0.11559686809778214	0.783797025680542
3187	0.015272143296897411	0.11542332172393799	0.7843621969223022
3188	0.0160219669342041	0.11519917845726013	0.7849870324134827
3189	0.015862461179494858	0.11501666158437729	0.7852078676223755
3190	0.015450653620064259	0.11492554843425751	0.7854782938957214
3191	0.016276536509394646	0.1149229109287262	0.7857087254524231
3192	0.015725741162896156	0.11508556455373764	0.7855207920074463
3193	0.015162759460508823	0.11522103101015091	0.7846301794052124
3194	0.015679027885198593	0.1153041422367096	0.783842921257019
3195	0.015479742549359798	0.11537042260169983	0.7825493216514587
3196	0.015177533030509949	0.11532768607139587	0.7820712924003601
3197	0.015607538633048534	0.11527561396360397	0.7825406789779663
3198	0.01479558926075697	0.11527856439352036	0.7840962409973145
3199	0.015058337710797787	0.11519324779510498	0.7855296730995178
3200	0.014951526187360287	0.11493085324764252	0.7860625386238098
3201	0.0153913963586092	0.11466700583696365	0.7857835292816162
3202	0.015446826815605164	0.11458700150251389	0.7852441668510437
3203	0.015032516792416573	0.11468207836151123	0.7844182848930359
3204	0.015336284413933754	0.11488170921802521	0.7837192416191101
3205	0.015702730044722557	0.11496718972921371	0.7838430404663086
3206	0.015432847663760185	0.11493489891290665	0.784163773059845
3207	0.015771061182022095	0.11482428014278412	0.7847702503204346
3208	0.015717746689915657	0.11480320990085602	0.785670280456543
3209	0.015690619125962257	0.11487855762243271	0.7863816022872925
3210	0.01569964736700058	0.11494051665067673	0.7865991592407227
3211	0.016032513231039047	0.11497236788272858	0.7861531376838684
3212	0.01582455448806286	0.11499008536338806	0.7854792475700378
3213	0.015415172092616558	0.11498670279979706	0.7846595644950867
3214	0.015862494707107544	0.11504160612821579	0.784155547618866
3215	0.015715796500444412	0.11516105383634567	0.7840090990066528
3216	0.01536209974437952	0.1152881532907486	0.7839178442955017
3217	0.015444212593138218	0.11540400236845016	0.7842230200767517
3218	0.015480134636163712	0.11539480835199356	0.7847309112548828
3219	0.015307585708796978	0.1153775230050087	0.7852920889854431
3220	0.0157326553016901	0.11533255875110626	0.7854591608047485
3221	0.01606026291847229	0.1153356283903122	0.785420835018158
3222	0.015640471130609512	0.11532563716173172	0.7857696413993835
3223	0.01526695303618908	0.11527309566736221	0.7856046557426453
3224	0.015330174006521702	0.11526889353990555	0.785392701625824
3225	0.015469115227460861	0.11526769399642944	0.7850880026817322
3226	0.015166782774031162	0.11539317667484283	0.7847257852554321
3227	0.015250476077198982	0.11538389325141907	0.7844274044036865
3228	0.01601184718310833	0.1152443066239357	0.7844570279121399
3229	0.01579909399151802	0.11506219208240509	0.7846744060516357
3230	0.015492888167500496	0.11492625623941422	0.7844825387001038
3231	0.01549449097365141	0.11494950205087662	0.7849777936935425
3232	0.01504653599113226	0.11503303050994873	0.7856561541557312
3233	0.015491446480154991	0.11513062566518784	0.7864454984664917
3234	0.015365219675004482	0.11516886949539185	0.7867488265037537
3235	0.015310279093682766	0.11500099301338196	0.7869210243225098
3236	0.015145555138587952	0.11492031067609787	0.7864521741867065
3237	0.015287770889699459	0.11481378227472305	0.7858117818832397
3238	0.015279256738722324	0.11471109837293625	0.7850528955459595
3239	0.015171140432357788	0.11471140384674072	0.7844133377075195
3240	0.015295859426259995	0.11471019685268402	0.7840752005577087
3241	0.015028497204184532	0.11482834070920944	0.7841024398803711
3242	0.015393623150885105	0.11498752981424332	0.784486711025238
3243	0.01514467317610979	0.11515505611896515	0.7850411534309387
3244	0.015354117378592491	0.11518970131874084	0.785280168056488
3245	0.01579270511865616	0.11520608514547348	0.7852104902267456
3246	0.01474596094340086	0.11520887911319733	0.7851347327232361
3247	0.015545764937996864	0.11521751433610916	0.7850230932235718
3248	0.014990556985139847	0.11519379168748856	0.7849029302597046
3249	0.01512922439724207	0.1151379719376564	0.7851385474205017
3250	0.015304017812013626	0.11509661376476288	0.7858598232269287
3251	0.015117550268769264	0.11514061689376831	0.7866327166557312
3252	0.015032105147838593	0.11512623727321625	0.7869281768798828
3253	0.01610928773880005	0.11502863466739655	0.786817729473114
3254	0.015197599306702614	0.11497898399829865	0.7855210304260254
3255	0.016166668385267258	0.1149364709854126	0.7842386364936829
3256	0.015999646857380867	0.11499552428722382	0.78351229429245
3257	0.01578483171761036	0.11500503122806549	0.7841006517410278
3258	0.015488872304558754	0.11505594104528427	0.785026490688324
3259	0.015347033739089966	0.11517047882080078	0.7855552434921265
3260	0.015378936193883419	0.11522098630666733	0.7862709760665894
3261	0.014869526028633118	0.11519349366426468	0.7866060733795166
3262	0.015549437142908573	0.11511781811714172	0.7860977053642273
3263	0.014500369317829609	0.11509940028190613	0.7852627635002136
3264	0.015384800732135773	0.1152590662240982	0.7846353650093079
3265	0.014944106340408325	0.1154881939291954	0.7841209173202515
3266	0.014871612191200256	0.11559518426656723	0.7843218445777893
3267	0.014678292907774448	0.11560914665460587	0.7849105000495911
3268	0.015246473252773285	0.11561276763677597	0.7856212854385376
3269	0.016136229038238525	0.11550048738718033	0.7857871055603027
3270	0.015163279138505459	0.11537689715623856	0.785492479801178
3271	0.014863388612866402	0.11537732183933258	0.7850275635719299
3272	0.01554795727133751	0.11543511599302292	0.78481525182724
3273	0.01546433288604021	0.11543767899274826	0.7847291827201843
3274	0.015777647495269775	0.11536451429128647	0.7852370738983154
3275	0.015815868973731995	0.11529576033353806	0.7856602668762207
3276	0.01523885689675808	0.11521774530410767	0.7858460545539856
3277	0.01537402905523777	0.11511208117008209	0.785908579826355
3278	0.015266677364706993	0.11509762704372406	0.7856458425521851
3279	0.014888476580381393	0.11509740352630615	0.7858662009239197
3280	0.015426740050315857	0.1152234897017479	0.7859366536140442
3281	0.015094028785824776	0.11535894870758057	0.7862139940261841
3282	0.015488375909626484	0.1154034286737442	0.7860223650932312
3283	0.015699882060289383	0.11527150869369507	0.7854892611503601
3284	0.015340294688940048	0.11508487164974213	0.7853512167930603
3285	0.014973118901252747	0.11493276059627533	0.7853967547416687
3286	0.01537390798330307	0.11474695056676865	0.7857831120491028
3287	0.015318509191274643	0.11463804543018341	0.786260187625885
3288	0.015076203271746635	0.11455217003822327	0.7865324020385742
3289	0.015555999241769314	0.11450714617967606	0.7866225242614746
3290	0.015569879673421383	0.11446119099855423	0.7865901589393616
3291	0.015645410865545273	0.11453617364168167	0.7865745425224304
3292	0.016077134758234024	0.11460530012845993	0.7865692377090454
3293	0.014971980825066566	0.11472992599010468	0.7864685654640198
3294	0.015279819257557392	0.11475279182195663	0.7864288687705994
3295	0.015100481919944286	0.11483034491539001	0.7865691184997559
3296	0.015134904533624649	0.11482836306095123	0.7865984439849854
3297	0.01557888463139534	0.11476919800043106	0.7868229746818542
3298	0.014911385253071785	0.11476633697748184	0.7866880893707275
3299	0.015222464688122272	0.11482434719800949	0.7863962650299072
3300	0.01513644028455019	0.11478419601917267	0.786164402961731
3301	0.014933310449123383	0.1146610677242279	0.7861031889915466
3302	0.015301299281418324	0.11447137594223022	0.7861800193786621
3303	0.015171032398939133	0.1143728569149971	0.7863027453422546
3304	0.015780450776219368	0.11439461261034012	0.7870344519615173
3305	0.015780702233314514	0.11435826122760773	0.7876009345054626
3306	0.015892526134848595	0.1143658310174942	0.7877658605575562
3307	0.015547743998467922	0.11437823623418808	0.7876381874084473
3308	0.01511191762983799	0.11450425535440445	0.7873393893241882
3309	0.014908538199961185	0.11471366882324219	0.7868087291717529
3310	0.015105376951396465	0.11499327421188354	0.7857869267463684
3311	0.015488219447433949	0.1152004823088646	0.7852656245231628
3312	0.015076518058776855	0.11527891457080841	0.7850046753883362
3313	0.015109654515981674	0.11524848639965057	0.7850543856620789
3314	0.01524044293910265	0.11518244445323944	0.7853116393089294
3315	0.015318834222853184	0.11506286263465881	0.7854817509651184
3316	0.015483756549656391	0.1149316355586052	0.7854891419410706
3317	0.015018834732472897	0.11479026824235916	0.7854259014129639
3318	0.01565968431532383	0.11463703215122223	0.7850285768508911
3319	0.015610974282026291	0.11464666575193405	0.7849707007408142
3320	0.015711257234215736	0.11477634310722351	0.7853121161460876
3321	0.014839629642665386	0.11501555889844894	0.7854444980621338
3322	0.015370404347777367	0.1151580885052681	0.7856904864311218
3323	0.015512124635279179	0.1151919886469841	0.7859624028205872
3324	0.015569647774100304	0.11508908122777939	0.7862453460693359
3325	0.015620691701769829	0.11495143175125122	0.7858543992042542
3326	0.014887033961713314	0.11480442434549332	0.7850437760353088
3327	0.015422956086695194	0.11461421102285385	0.7847378849983215
3328	0.015456427820026875	0.11455031484365463	0.7848057150840759
3329	0.015032933093607426	0.11469029635190964	0.7852051854133606
3330	0.015432540327310562	0.11464369297027588	0.7857399582862854
3331	0.015236717648804188	0.11446728557348251	0.7864452600479126
3332	0.015416172333061695	0.11439840495586395	0.7870413064956665
3333	0.015698714181780815	0.1143580749630928	0.7872892618179321
3334	0.015325507149100304	0.11432293802499771	0.7871320843696594
3335	0.01507626473903656	0.11430548131465912	0.7870449423789978
3336	0.015608270652592182	0.11436314135789871	0.7873183488845825
3337	0.015299515798687935	0.11445363610982895	0.7871522307395935
3338	0.016027485951781273	0.11453094333410263	0.786624014377594
3339	0.015289952978491783	0.11457104235887527	0.7860161662101746
3340	0.015317420475184917	0.11461811512708664	0.7856810688972473
3341	0.015552938915789127	0.11462234705686569	0.7854797840118408
3342	0.015476888045668602	0.11465118825435638	0.7853730916976929
3343	0.015062493272125721	0.1146148294210434	0.7856776118278503
3344	0.01478872261941433	0.11451136320829391	0.7863699793815613
3345	0.01486959308385849	0.11434261500835419	0.7868024706840515
3346	0.014951496385037899	0.11430175602436066	0.787117063999176
3347	0.016089599579572678	0.11436400562524796	0.7869563698768616
3348	0.015246751718223095	0.11437885463237762	0.7871195077896118
3349	0.015292108990252018	0.11438064277172089	0.7873092889785767
3350	0.015956955030560493	0.11433335393667221	0.7867602109909058
3351	0.015405982732772827	0.1142825186252594	0.7860319018363953
3352	0.01520279236137867	0.11428288370370865	0.7857397198677063
3353	0.015390419401228428	0.11446107178926468	0.7854124903678894
3354	0.015596752054989338	0.11475265026092529	0.785334050655365
3355	0.014981485903263092	0.1150829941034317	0.7851831912994385
3356	0.015274654142558575	0.1152452901005745	0.7852421402931213
3357	0.01450257282704115	0.11524150520563126	0.7852120995521545
3358	0.015309776179492474	0.11523450165987015	0.7852608561515808
3359	0.015088871121406555	0.11529911309480667	0.7855798006057739
3360	0.01531627681106329	0.1153818741440773	0.786005437374115
3361	0.015253121964633465	0.1154303252696991	0.7858971953392029
3362	0.014973314478993416	0.11548509448766708	0.7854030728340149
3363	0.015106966719031334	0.1154983788728714	0.7849017977714539
3364	0.015092375688254833	0.11550632864236832	0.7846819758415222
3365	0.014820107258856297	0.11542409658432007	0.7847206592559814
3366	0.015209974721074104	0.1152225062251091	0.7848615646362305
3367	0.015760093927383423	0.11496543884277344	0.7850382328033447
3368	0.015425171703100204	0.11468241363763809	0.7858574986457825
3369	0.015277836471796036	0.11451572924852371	0.7868306636810303
3370	0.015367605723440647	0.11451362818479538	0.7878141403198242
3371	0.015121977776288986	0.11447775363922119	0.7885096669197083
3372	0.015136784873902798	0.1144363060593605	0.7882546782493591
3373	0.015135199762880802	0.11450182646512985	0.7871946096420288
3374	0.015107790939509869	0.11467569321393967	0.7857821583747864
3375	0.015549455769360065	0.11480152606964111	0.78531813621521
3376	0.014452950097620487	0.11490894109010696	0.7854369282722473
3377	0.015138865448534489	0.114772729575634	0.7862234711647034
3378	0.0147144366055727	0.11466774344444275	0.7872028350830078
3379	0.014364386908710003	0.11458965390920639	0.7879306077957153
3380	0.015378022566437721	0.11456051468849182	0.787680983543396
3381	0.015013636089861393	0.1146705374121666	0.7868173718452454
3382	0.01533721573650837	0.11477762460708618	0.7863066792488098
3383	0.015848908573389053	0.11496509611606598	0.7862176299095154
3384	0.015378286130726337	0.11513004451990128	0.7860609889030457
3385	0.014935644343495369	0.11517375707626343	0.7860882878303528
3386	0.01493919175118208	0.1151050254702568	0.7861596345901489
3387	0.014998759143054485	0.1149866059422493	0.7862322926521301
3388	0.015452586114406586	0.11493265628814697	0.7860732674598694
3389	0.015103920362889767	0.11489809304475784	0.785729706287384
3390	0.015161029063165188	0.11494500935077667	0.7853516340255737
3391	0.015757407993078232	0.11508890986442566	0.7849076390266418
3392	0.01522686704993248	0.1152205690741539	0.784870445728302
3393	0.01493664551526308	0.11512136459350586	0.7854452729225159
3394	0.015454416163265705	0.11504771560430527	0.7857145071029663
3395	0.014817966148257256	0.11508943885564804	0.7855879068374634
3396	0.015485727228224277	0.11496493965387344	0.7855557799339294
3397	0.015210336074233055	0.1147756353020668	0.7858414053916931
3398	0.014748672023415565	0.11457013338804245	0.7859621047973633
3399	0.015427461825311184	0.1144837811589241	0.7856768369674683
3400	0.015414638444781303	0.1145268902182579	0.78518146276474
3401	0.015773875638842583	0.11459176987409592	0.7849693298339844
3402	0.015314361080527306	0.11471498012542725	0.7851716876029968
3403	0.01595124416053295	0.11492221802473068	0.7853774428367615
3404	0.015056311152875423	0.11518319696187973	0.7854390740394592
3405	0.015369122847914696	0.11543092876672745	0.7854130268096924
3406	0.015487752854824066	0.11553668230772018	0.7853401303291321
3407	0.015534427016973495	0.11537529528141022	0.7851967811584473
3408	0.015494155697524548	0.11504334211349487	0.7850111722946167
3409	0.015142545104026794	0.11481127142906189	0.7849993705749512
3410	0.014826887287199497	0.11460963636636734	0.7854383587837219
3411	0.015306022949516773	0.1145029217004776	0.7861301898956299
3412	0.015488693490624428	0.11455612629652023	0.7869630455970764
3413	0.014377967454493046	0.11476319283246994	0.7875229716300964
3414	0.014597699046134949	0.11490211635828018	0.7875208258628845
3415	0.015541593544185162	0.11485566198825836	0.7873988151550293
3416	0.015374437905848026	0.1148187667131424	0.7869026064872742
3417	0.014729364775121212	0.11479228734970093	0.7865171432495117
3418	0.014900678768754005	0.11470236629247665	0.786246120929718
3419	0.014979486353695393	0.11455684155225754	0.786611795425415
3420	0.01573219709098339	0.11445553600788116	0.786857545375824
3421	0.014849215745925903	0.11446285247802734	0.7871206998825073
3422	0.015555450692772865	0.11449407041072845	0.7878701090812683
3423	0.014736495912075043	0.11464180797338486	0.7883450388908386
3424	0.015125155448913574	0.11479300260543823	0.7879092693328857
3425	0.015250046737492085	0.11474613845348358	0.7866923213005066
3426	0.015603256411850452	0.11460200697183609	0.7855861186981201
3427	0.015387803316116333	0.11458376049995422	0.7848233580589294
3428	0.015729578211903572	0.1147100180387497	0.7848450541496277
3429	0.015424028038978577	0.11488857865333557	0.7852771878242493
3430	0.01494918204843998	0.11503348499536514	0.786164402961731
3431	0.0152922747656703	0.1152019053697586	0.786653995513916
3432	0.01622830145061016	0.11515914648771286	0.7867419123649597
3433	0.014697322621941566	0.11509489268064499	0.7866100072860718
3434	0.015169060789048672	0.11509852856397629	0.786139190196991
3435	0.015794813632965088	0.11516256630420685	0.7853866815567017
3436	0.01592066138982773	0.1152413859963417	0.7849167585372925
3437	0.015319126658141613	0.11527593433856964	0.7843471169471741
3438	0.015492959879338741	0.11531136184930801	0.7839397192001343
3439	0.015445868484675884	0.11528925597667694	0.7838748693466187
3440	0.015528378076851368	0.11523251980543137	0.7840030193328857
3441	0.015341547317802906	0.11515142023563385	0.784320056438446
3442	0.01505516842007637	0.11502767354249954	0.7849452495574951
3443	0.015326138585805893	0.11484993994235992	0.7853354811668396
3444	0.015267327427864075	0.11479166150093079	0.7855457663536072
3445	0.015053828246891499	0.11487910896539688	0.7857393026351929
3446	0.015736687928438187	0.11504732817411423	0.7863137722015381
3447	0.015065360814332962	0.11512457579374313	0.7869089245796204
3448	0.014911957085132599	0.11524371057748795	0.786927342414856
3449	0.01584712043404579	0.11514848470687866	0.786167562007904
3450	0.015302087180316448	0.11503852158784866	0.7851192355155945
3451	0.015329013578593731	0.11491833627223969	0.7846723794937134
3452	0.015882467851042747	0.11484765261411667	0.7850158214569092
3453	0.015262916684150696	0.11479455977678299	0.7856627702713013
3454	0.015260773710906506	0.11476799845695496	0.7866075038909912
3455	0.015612565912306309	0.11477990448474884	0.7871392369270325
3456	0.01488600391894579	0.11484132707118988	0.7871659994125366
3457	0.015241904184222221	0.11488185822963715	0.7865739464759827
3458	0.015548642724752426	0.11494776606559753	0.7857075333595276
3459	0.014608234167098999	0.11506164073944092	0.7847630977630615
3460	0.01476927287876606	0.11513612419366837	0.7839108109474182
3461	0.015767758712172508	0.11513391137123108	0.7837092280387878
3462	0.015188531018793583	0.11507009714841843	0.7845736742019653
3463	0.01582774706184864	0.11502666026353836	0.7856568694114685
3464	0.015322335995733738	0.11501278728246689	0.7865224480628967
3465	0.01491505280137062	0.1150534525513649	0.7869006991386414
3466	0.015121015720069408	0.11508544534444809	0.7865117192268372
3467	0.014667118899524212	0.1152048110961914	0.7857203483581543
3468	0.01532205380499363	0.11519777774810791	0.7854485511779785
3469	0.01516103744506836	0.11520694941282272	0.7852523326873779
3470	0.015358946286141872	0.11516590416431427	0.7853072285652161
3471	0.015644729137420654	0.11519057303667068	0.7857773900032043
3472	0.01529772114008665	0.11521553993225098	0.7860421538352966
3473	0.015393860638141632	0.11525935679674149	0.7861146926879883
3474	0.014815808273851871	0.11527302861213684	0.7858468294143677
3475	0.015364089980721474	0.11531393229961395	0.785361111164093
3476	0.014508064836263657	0.11536327004432678	0.7849583625793457
3477	0.015617446042597294	0.11535615473985672	0.7845467925071716
3478	0.015231071971356869	0.11530742794275284	0.784481942653656
3479	0.014166878536343575	0.11523106694221497	0.7848461270332336
3480	0.014762979932129383	0.11509203910827637	0.7853885889053345
3481	0.015675783157348633	0.11485052108764648	0.7857308387756348
3482	0.015575660392642021	0.11455115675926208	0.7858606576919556
3483	0.015462692826986313	0.11432880163192749	0.7861347198486328
3484	0.015260803513228893	0.11434576660394669	0.7860589027404785
3485	0.016412079334259033	0.11451780796051025	0.7862704396247864
3486	0.014816121198236942	0.11473699659109116	0.7862454056739807
3487	0.015756756067276	0.11486026644706726	0.7861601710319519
3488	0.015608339570462704	0.11492545157670975	0.7858148217201233
3489	0.015120495110750198	0.11498431116342545	0.785885214805603
3490	0.01506814919412136	0.11512656509876251	0.7858858704566956
3491	0.014750094152987003	0.11524883657693863	0.7857374548912048
3492	0.015179373323917389	0.11551392823457718	0.7855049967765808
3493	0.01567019149661064	0.1156434565782547	0.7850582003593445
3494	0.015490101650357246	0.11562827974557877	0.7854488492012024
3495	0.015184055082499981	0.11544947326183319	0.7861822247505188
3496	0.015083402395248413	0.11523706465959549	0.7869408130645752
3497	0.014787709340453148	0.11516895890235901	0.7874169945716858
3498	0.014517386443912983	0.11505921930074692	0.787098228931427
3499	0.014985119923949242	0.11493472754955292	0.7860868573188782
3500	0.014932505786418915	0.11488381773233414	0.7851901054382324
3501	0.014750069938600063	0.1149279847741127	0.7848130464553833
3502	0.015931807458400726	0.11506566405296326	0.7847036719322205
3503	0.01440443191677332	0.115206278860569	0.7850266695022583
3504	0.014860343188047409	0.11539365351200104	0.7850832343101501
3505	0.015238647349178791	0.11544118076562881	0.7850092649459839
3506	0.015278546139597893	0.11538510769605637	0.7849992513656616
3507	0.015943538397550583	0.11523360013961792	0.7849988341331482
3508	0.015055274590849876	0.11506368219852448	0.7852770090103149
3509	0.015235207043588161	0.11494242399930954	0.7854984402656555
3510	0.01477870438247919	0.11496774852275848	0.7855854630470276
3511	0.01590634137392044	0.11509115248918533	0.7858385443687439
3512	0.015123819932341576	0.11536038666963577	0.7853015661239624
3513	0.015186171978712082	0.11556695401668549	0.7848595380783081
3514	0.015781112015247345	0.11563631892204285	0.7840700149536133
3515	0.015265999361872673	0.11564202606678009	0.7834956049919128
3516	0.015244395472109318	0.11552595347166061	0.7833387851715088
3517	0.015701772645115852	0.11531625688076019	0.7838021516799927
3518	0.015160536393523216	0.11515439301729202	0.78468918800354
3519	0.015201449394226074	0.1151358112692833	0.785987913608551
3520	0.015001894906163216	0.11520574986934662	0.7867516875267029
3521	0.015254762023687363	0.11530555039644241	0.7871873378753662
3522	0.015139836817979813	0.1153760477900505	0.7866992354393005
3523	0.01522335410118103	0.11536955088376999	0.785521924495697
3524	0.015015642158687115	0.11542947590351105	0.7842655181884766
3525	0.015284739434719086	0.11546493321657181	0.7834408283233643
3526	0.015872521325945854	0.11548210680484772	0.783396303653717
3527	0.015611229464411736	0.1155637577176094	0.7842335104942322
3528	0.01470507588237524	0.11556887626647949	0.7850918173789978
3529	0.01506057009100914	0.11559957265853882	0.785851776599884
3530	0.015466323122382164	0.11570418626070023	0.7861148715019226
3531	0.015687137842178345	0.1156538650393486	0.7854411602020264
3532	0.014718689024448395	0.11561515927314758	0.7849040031433105
3533	0.015009140595793724	0.11561527848243713	0.7841904163360596
3534	0.01462413091212511	0.11563451588153839	0.7835374474525452
3535	0.015004037879407406	0.11569209396839142	0.7835257053375244
3536	0.015609552152454853	0.11562468111515045	0.783836841583252
3537	0.014949618838727474	0.1154724732041359	0.784564197063446
3538	0.01533143874257803	0.11529339104890823	0.7857987284660339
3539	0.014962952584028244	0.11522764712572098	0.7865698337554932
3540	0.015221570618450642	0.1151789054274559	0.7863835096359253
3541	0.01560075581073761	0.11512649059295654	0.7856126427650452
3542	0.014389906078577042	0.11516288667917252	0.7847626805305481
3543	0.015966203063726425	0.11532129347324371	0.7843766808509827
3544	0.015215670689940453	0.11547157913446426	0.7840363383293152
3545	0.01585310325026512	0.11554550379514694	0.7839828729629517
3546	0.015931131318211555	0.11557469516992569	0.784313440322876
3547	0.014701680280268192	0.11552587896585464	0.7850423455238342
3548	0.01534090656787157	0.11548972874879837	0.7852978706359863
3549	0.015137205831706524	0.11538878828287125	0.7852398157119751
3550	0.015404563397169113	0.11522363126277924	0.7850266695022583
3551	0.015358946286141872	0.11510732024908066	0.784774661064148
3552	0.014874066226184368	0.11517760157585144	0.7844996452331543
3553	0.015169675461947918	0.11538460105657578	0.7843367457389832
3554	0.015558981336653233	0.11558486521244049	0.7840536832809448
3555	0.015746643766760826	0.11560631543397903	0.7842651605606079
3556	0.01578354462981224	0.11546614021062851	0.7845491170883179
3557	0.01530284620821476	0.11527746170759201	0.7846289277076721
3558	0.014811452478170395	0.11516043543815613	0.7850143909454346
3559	0.015160814858973026	0.11505446583032608	0.7850117087364197
3560	0.014718625694513321	0.11499008536338806	0.7847865223884583
3561	0.015151645056903362	0.11501715332269669	0.7841623425483704
3562	0.015171040780842304	0.11507517099380493	0.7832625508308411
3563	0.015536408871412277	0.11523706465959549	0.7823952436447144
3564	0.014732582494616508	0.11544575542211533	0.7819459438323975
3565	0.016123920679092407	0.11549690365791321	0.7823559045791626
3566	0.01550582516938448	0.11544232815504074	0.783044159412384
3567	0.014884782955050468	0.1153455525636673	0.7839634418487549
3568	0.015322872437536716	0.11517693102359772	0.7847792506217957
3569	0.015436776913702488	0.11501967161893845	0.7850860953330994
3570	0.01450714748352766	0.11495299637317657	0.7847781777381897
3571	0.014880760572850704	0.11498995870351791	0.7841811180114746
3572	0.015076210722327232	0.1151340901851654	0.7840229868888855
3573	0.015524078160524368	0.11533717066049576	0.7838771939277649
3574	0.01519011054188013	0.11551284790039062	0.7838475108146667
3575	0.014821052551269531	0.11557884514331818	0.7832260131835938
3576	0.015346691943705082	0.11566492915153503	0.7822795510292053
3577	0.01526385173201561	0.11568154394626617	0.7819268703460693
3578	0.015192553400993347	0.11567692458629608	0.782065749168396
3579	0.015552027150988579	0.11560148000717163	0.7831301093101501
3580	0.01490006223320961	0.11563057452440262	0.7840270400047302
3581	0.015286925248801708	0.11558622866868973	0.784924328327179
3582	0.015086074359714985	0.11549768596887589	0.7849805355072021
3583	0.01573195494711399	0.1154799684882164	0.7841224670410156
3584	0.01481500081717968	0.11553090810775757	0.7829020023345947
3585	0.015039876103401184	0.11558523774147034	0.7818161249160767
3586	0.015026814304292202	0.1155519038438797	0.7819029688835144
3587	0.015821002423763275	0.11541884392499924	0.7828459143638611
3588	0.015574195422232151	0.11541120707988739	0.7839122414588928
3589	0.01550540141761303	0.1155586764216423	0.784490704536438
3590	0.01505132857710123	0.1155080795288086	0.7848197817802429
3591	0.015299211256206036	0.11538894474506378	0.7845857739448547
3592	0.015222624875605106	0.11537187546491623	0.7836438417434692
3593	0.015561639331281185	0.11539164930582047	0.7831087112426758
3594	0.01578325219452381	0.11534824967384338	0.783180832862854
3595	0.015562036074697971	0.11523651331663132	0.7841890454292297
3596	0.015125990845263004	0.11506395787000656	0.7858597636222839
3597	0.015423175878822803	0.11487963050603867	0.7867679595947266
3598	0.015550893731415272	0.11470402777194977	0.7872425317764282
3599	0.015146971680223942	0.11462058871984482	0.7872744202613831
3600	0.015062843449413776	0.11464346945285797	0.7867220640182495
3601	0.015557842329144478	0.1148751974105835	0.7863605618476868
3602	0.01544670108705759	0.11516526341438293	0.7858445048332214
3603	0.015473911538720131	0.11536038666963577	0.7856348156929016
3604	0.015534416772425175	0.11530111730098724	0.7855152487754822
3605	0.015747850760817528	0.11513321846723557	0.7853716611862183
3606	0.01533046830445528	0.11488319933414459	0.7853012084960938
3607	0.01489044725894928	0.11459371447563171	0.785948634147644
3608	0.015192100778222084	0.11458022892475128	0.7864772081375122
3609	0.01522495225071907	0.11466711014509201	0.7866273522377014
3610	0.015263102017343044	0.11480040103197098	0.7864456176757812
3611	0.015140422619879246	0.114970363676548	0.7858729958534241
3612	0.0144953653216362	0.11511027067899704	0.7855244874954224
3613	0.015067163854837418	0.11537108570337296	0.7854399085044861
3614	0.015078926458954811	0.11558280885219574	0.7852250933647156
3615	0.015202442184090614	0.11572905629873276	0.7846851944923401
3616	0.01519719697535038	0.11576883494853973	0.7839739322662354
3617	0.014972969889640808	0.11582060158252716	0.7836490869522095
3618	0.015088627114892006	0.11572757363319397	0.7837139964103699
3619	0.015067728236317635	0.11558590084314346	0.7842095494270325
3620	0.01503166276961565	0.11535323411226273	0.7847985625267029
3621	0.014577454887330532	0.1152200847864151	0.7851540446281433
3622	0.01580086722970009	0.11517947912216187	0.7854081392288208
3623	0.015411444008350372	0.11527924239635468	0.7858936190605164
3624	0.014617962762713432	0.11540340632200241	0.7861678600311279
3625	0.01569219119846821	0.11541587114334106	0.7857292890548706
3626	0.015087521634995937	0.11538200825452805	0.7855106592178345
3627	0.014834867790341377	0.11539721488952637	0.7853782773017883
3628	0.014377414248883724	0.11531762033700943	0.7852417826652527
3629	0.01538191456347704	0.11526105552911758	0.7849000096321106
3630	0.015421035699546337	0.11524368822574615	0.7847121953964233
3631	0.01523005310446024	0.11529853940010071	0.7845290899276733
3632	0.015169501304626465	0.11540431529283524	0.7843614220619202
3633	0.015219459310173988	0.11549240350723267	0.7842373251914978
3634	0.015123358927667141	0.11559036374092102	0.7843677401542664
3635	0.01530269905924797	0.11571672558784485	0.7841610908508301
3636	0.01604323461651802	0.11566300690174103	0.783793032169342
3637	0.015499165281653404	0.11543958634138107	0.783795177936554
3638	0.015298533253371716	0.11525081843137741	0.7843356132507324
3639	0.015303554944694042	0.11517474800348282	0.7848253846168518
3640	0.015486168675124645	0.11514075845479965	0.785384476184845
3641	0.015094803646206856	0.11516828835010529	0.785955011844635
3642	0.015424665063619614	0.11515018343925476	0.7860668301582336
3643	0.015160092152655125	0.11508140712976456	0.7858726978302002
3644	0.015251521952450275	0.1149892807006836	0.7852556109428406
3645	0.015645435079932213	0.11497410386800766	0.7848171591758728
3646	0.014794750139117241	0.11499261111021042	0.7847270369529724
3647	0.014572027139365673	0.11492758989334106	0.7849068641662598
3648	0.01576637662947178	0.11485771089792252	0.785200297832489
3649	0.015446215867996216	0.11476633697748184	0.7857757210731506
3650	0.014191090129315853	0.11481358855962753	0.7861667275428772
3651	0.015368235297501087	0.11499794572591782	0.7863741517066956
3652	0.014849728904664516	0.11519105732440948	0.7863770127296448
3653	0.014877952635288239	0.11527708172798157	0.7863814830780029
3654	0.015279505401849747	0.11534743756055832	0.7857646346092224
3655	0.014896417036652565	0.11539041996002197	0.7851212620735168
3656	0.01535790879279375	0.11548033356666565	0.7844401597976685
3657	0.015127375721931458	0.11550141125917435	0.783872663974762
3658	0.015184454619884491	0.1155611053109169	0.7839158177375793
3659	0.015315067954361439	0.11557744443416595	0.7839168310165405
3660	0.015638155862689018	0.11555008590221405	0.7841619849205017
3661	0.015209189616143703	0.1155259981751442	0.7845445871353149
3662	0.015186046250164509	0.11561059206724167	0.7849417924880981
3663	0.014883826486766338	0.11566844582557678	0.7852962017059326
3664	0.014907676726579666	0.11575515568256378	0.7851906418800354
3665	0.015097164548933506	0.11578388512134552	0.7850077748298645
3666	0.015202313661575317	0.11579891294240952	0.7849176526069641
3667	0.015350827015936375	0.11573372036218643	0.7849322557449341
3668	0.015012409538030624	0.11555171757936478	0.7850371599197388
3669	0.01479321625083685	0.11535573750734329	0.7851957082748413
3670	0.014742440544068813	0.11515038460493088	0.7853134274482727
3671	0.015307723544538021	0.11511022597551346	0.7857539653778076
3672	0.014528924599289894	0.11512189358472824	0.7863559722900391
3673	0.015612665563821793	0.1151614710688591	0.7867932915687561
3674	0.015303066000342369	0.11526951938867569	0.7869510650634766
3675	0.015106650069355965	0.1152520477771759	0.7869536280632019
3676	0.015052727423608303	0.11529840528964996	0.7865583896636963
3677	0.014426189474761486	0.11536844819784164	0.7861220836639404
3678	0.01532261073589325	0.1155107170343399	0.7859200239181519
3679	0.01463132444769144	0.1154760792851448	0.7860278487205505
3680	0.015697848051786423	0.11543341726064682	0.7856143712997437
3681	0.015381290577352047	0.11539047956466675	0.7849951386451721
3682	0.014925416558980942	0.11533349007368088	0.7848754525184631
3683	0.014717801474034786	0.11531765758991241	0.7849348187446594
3684	0.015333928167819977	0.11526267230510712	0.7852331399917603
3685	0.015104437246918678	0.11524590104818344	0.7852615118026733
3686	0.01478563155978918	0.11515753716230392	0.7848811149597168
3687	0.014986936002969742	0.1150776743888855	0.7845180034637451
3688	0.01616290584206581	0.11518760025501251	0.7842637300491333
3689	0.015077468007802963	0.11538583785295486	0.7843307852745056
3690	0.015291053801774979	0.11549796909093857	0.7844019532203674
3691	0.015050466172397137	0.11568053811788559	0.7842796444892883
3692	0.015306721441447735	0.11570127308368683	0.7843573689460754
3693	0.014853248372673988	0.11560775339603424	0.7844529151916504
3694	0.015278052538633347	0.11553851515054703	0.7845533490180969
3695	0.014678943902254105	0.11555161327123642	0.7845733761787415
3696	0.014768966473639011	0.11550623923540115	0.7845531702041626
3697	0.01565183699131012	0.11541465669870377	0.7842740416526794
3698	0.015437956899404526	0.11534063518047333	0.7839943766593933
3699	0.015439902432262897	0.11537230759859085	0.7838826775550842
3700	0.014814567752182484	0.1153838187456131	0.784251868724823
3701	0.015057073906064034	0.11537003517150879	0.7846688032150269
3702	0.015590530820190907	0.11524711549282074	0.7853674292564392
3703	0.015036121942102909	0.11515077948570251	0.7857911586761475
3704	0.014901799149811268	0.11508121341466904	0.7857944369316101
3705	0.014749785885214806	0.1150863915681839	0.7852112054824829
3706	0.014720842242240906	0.1150810495018959	0.7847452163696289
3707	0.01509131956845522	0.11521050333976746	0.784311056137085
3708	0.014940228313207626	0.11536909639835358	0.7845456600189209
3709	0.015599802136421204	0.1154569610953331	0.7849151492118835
3710	0.015468224883079529	0.11532467603683472	0.785635232925415
3711	0.015465839765965939	0.1152639389038086	0.785789966583252
3712	0.01484300009906292	0.11527547240257263	0.7858651876449585
3713	0.014730982482433319	0.11532475799322128	0.7856602072715759
3714	0.014522549696266651	0.11543095111846924	0.7852703928947449
3715	0.015211998485028744	0.11559224873781204	0.785115659236908
3716	0.01459299586713314	0.11565348505973816	0.7848082780838013
3717	0.014793411828577518	0.11565356701612473	0.7846718430519104
3718	0.015060066245496273	0.1154714897274971	0.7849140763282776
3719	0.015267137438058853	0.11528266221284866	0.7855623364448547
3720	0.014828594401478767	0.11506299674510956	0.7862093448638916
3721	0.015004890970885754	0.1149650514125824	0.7867644429206848
3722	0.014894449152052402	0.1149415671825409	0.7869770526885986
3723	0.015512499026954174	0.11493878811597824	0.7867966890335083
3724	0.015215068124234676	0.11502505093812943	0.7860124111175537
3725	0.015115928836166859	0.11528193205595016	0.7852210402488708
3726	0.015143036842346191	0.11551316827535629	0.7842856645584106
3727	0.015330634079873562	0.11571390926837921	0.7839372754096985
3728	0.014722669497132301	0.11573052406311035	0.7840534448623657
3729	0.016020765528082848	0.11563468724489212	0.784418523311615
3730	0.01526594441384077	0.11537708342075348	0.7851271629333496
3731	0.014633391983807087	0.11514203995466232	0.7858057022094727
3732	0.015542821027338505	0.11496613174676895	0.7858959436416626
3733	0.01529852207750082	0.11493311822414398	0.7856780290603638
3734	0.015373118221759796	0.11503251641988754	0.7853173017501831
3735	0.014420296996831894	0.11519448459148407	0.7847222685813904
3736	0.014422141946852207	0.11525122821331024	0.7840723991394043
3737	0.015133587643504143	0.11538177728652954	0.7835519909858704
3738	0.015277381055057049	0.11548272520303726	0.7836878895759583
3739	0.015335285104811192	0.11541860550642014	0.7840147018432617
3740	0.015134346671402454	0.11538638919591904	0.7842970490455627
3741	0.015302451327443123	0.11530401557683945	0.7846317887306213
3742	0.014874913729727268	0.11530530452728271	0.7846946716308594
3743	0.014850303530693054	0.11530787497758865	0.7851192355155945
3744	0.014537286013364792	0.11533734947443008	0.7857137322425842
3745	0.01618870720267296	0.11535732448101044	0.786096453666687
3746	0.015244717709720135	0.11532562971115112	0.7864262461662292
3747	0.015178442932665348	0.11526519805192947	0.7860041260719299
3748	0.01507349219173193	0.11537070572376251	0.7857482433319092
3749	0.014837970025837421	0.11552764475345612	0.7852790951728821
3750	0.01531956996768713	0.11572600901126862	0.7848007678985596
3751	0.015327933244407177	0.11573803424835205	0.784606397151947
3752	0.015621662139892578	0.11562824249267578	0.784259557723999
3753	0.015258833765983582	0.11547420173883438	0.7844266891479492
3754	0.015562018379569054	0.11528655141592026	0.7848821878433228
3755	0.01550437044352293	0.11523708701133728	0.7855921387672424
3756	0.015382110141217709	0.11528527736663818	0.7864871621131897
3757	0.014894330874085426	0.11522994935512543	0.7869334816932678
3758	0.015845121815800667	0.11498337239027023	0.7871302962303162
3759	0.015553504228591919	0.11487322300672531	0.786613941192627
3760	0.01502937451004982	0.11485465615987778	0.7858918309211731
3761	0.01527419313788414	0.11498727649450302	0.7855199575424194
3762	0.015159270726144314	0.11501450836658478	0.7856194376945496
3763	0.014209253713488579	0.11505623161792755	0.7859619855880737
3764	0.01475599966943264	0.11496710032224655	0.7864189743995667
3765	0.015431048348546028	0.11487818509340286	0.7870550155639648
3766	0.015091795474290848	0.11473668366670609	0.7872236967086792
3767	0.01590863987803459	0.11468122154474258	0.7870656251907349
3768	0.015091218054294586	0.11461851000785828	0.7866156101226807
3769	0.015326298773288727	0.11473497748374939	0.7860838174819946
3770	0.015500150620937347	0.11490754038095474	0.7855863571166992
3771	0.015689922496676445	0.11512552201747894	0.7852262258529663
3772	0.015176575630903244	0.11528482288122177	0.7853251695632935
3773	0.01514254231005907	0.11534763127565384	0.7854303121566772
3774	0.014727451838552952	0.11524242162704468	0.7854293584823608
3775	0.014231340028345585	0.11519984900951385	0.7853390574455261
3776	0.014822853729128838	0.11514610797166824	0.7854166626930237
3777	0.015023539774119854	0.11509329825639725	0.7855443358421326
3778	0.014619443565607071	0.11496304720640182	0.7857809662818909
3779	0.015061517246067524	0.1149539053440094	0.7860627770423889
3780	0.014730948023498058	0.11502879858016968	0.7859233617782593
3781	0.015348202548921108	0.11516404151916504	0.7861667275428772
3782	0.015470859594643116	0.11521731317043304	0.7862683534622192
3783	0.015165694057941437	0.115255206823349	0.7863288521766663
3784	0.01479080505669117	0.11533145606517792	0.7859991788864136
3785	0.01512487605214119	0.11537313461303711	0.7857512831687927
3786	0.014782039448618889	0.11538046598434448	0.7852974534034729
3787	0.014625336974859238	0.11538998037576675	0.7847879528999329
3788	0.015261679887771606	0.1154669001698494	0.7847328782081604
3789	0.01460814569145441	0.1155824139714241	0.7848359942436218
3790	0.014943846501410007	0.11573874205350876	0.7852650880813599
3791	0.0148123474791646	0.11579614877700806	0.7853288054466248
3792	0.016191666945815086	0.11571220308542252	0.7852193117141724
3793	0.015074770897626877	0.1155034750699997	0.7851541638374329
3794	0.015278423205018044	0.11522530019283295	0.7851678133010864
3795	0.014878755435347557	0.11494769901037216	0.785107433795929
3796	0.015645045787096024	0.11475099623203278	0.7854451537132263
3797	0.015081208199262619	0.11473363637924194	0.786156415939331
3798	0.015076730400323868	0.1149197444319725	0.7866504192352295
3799	0.016031423583626747	0.11516422778367996	0.7865346074104309
3800	0.014877702109515667	0.11532876640558243	0.7855558395385742
3801	0.015033231116831303	0.11549948155879974	0.7845737934112549
3802	0.014459929428994656	0.1155727356672287	0.7832671403884888
3803	0.015178807079792023	0.11550876498222351	0.7827579379081726
3804	0.015655161812901497	0.11546824127435684	0.7827250957489014
3805	0.015440734103322029	0.11554969102144241	0.7835059762001038
3806	0.01549102459102869	0.11571064591407776	0.7846118211746216
3807	0.015861283987760544	0.11573192477226257	0.7854936718940735
3808	0.01479734294116497	0.11564093828201294	0.785747230052948
3809	0.015598258003592491	0.11565221101045609	0.7849646806716919
3810	0.015188926830887794	0.11575919389724731	0.7840061187744141
3811	0.014667002484202385	0.11586622148752213	0.7836897373199463
3812	0.01565498858690262	0.11582506448030472	0.7840672731399536
3813	0.014875605702400208	0.11573350429534912	0.7850220799446106
3814	0.015597527846693993	0.1155528873205185	0.7859275937080383
3815	0.015611622482538223	0.11534217745065689	0.7861562967300415
3816	0.015451204963028431	0.11514043062925339	0.7859565019607544
3817	0.01565343141555786	0.11500328779220581	0.7855115532875061
3818	0.015365728177130222	0.11500885337591171	0.7846671938896179
3819	0.015729505568742752	0.11520019173622131	0.7840558290481567
3820	0.015178382396697998	0.11547141522169113	0.783964216709137
3821	0.015056053176522255	0.11554861068725586	0.7842230796813965
3822	0.014644848182797432	0.11553064733743668	0.7847325801849365
3823	0.014680899679660797	0.11554142087697983	0.7854256629943848
3824	0.01513470895588398	0.11553318798542023	0.7859048247337341
3825	0.014955730177462101	0.11553902179002762	0.7856769561767578
3826	0.015073205344378948	0.11552014201879501	0.78486168384552
3827	0.015195316635072231	0.11542375385761261	0.7841663360595703
3828	0.015186047181487083	0.11535099893808365	0.7838377952575684
3829	0.01505146361887455	0.11547566950321198	0.7837174534797668
3830	0.014907133765518665	0.11571639031171799	0.7836213707923889
3831	0.015144179575145245	0.11593038588762283	0.7836295962333679
3832	0.015551545657217503	0.11595940589904785	0.7836528420448303
3833	0.01573127694427967	0.11575908958911896	0.7839323878288269
3834	0.01504045631736517	0.11551347374916077	0.7844945192337036
3835	0.015345798805356026	0.11538922041654587	0.7846489548683167
3836	0.01466210838407278	0.11525432765483856	0.784821629524231
3837	0.014878956601023674	0.11523456871509552	0.7849247455596924
3838	0.015541858971118927	0.115025095641613	0.7850180864334106
3839	0.015198309905827045	0.11492130160331726	0.784561038017273
3840	0.015055881813168526	0.11492164433002472	0.7844259142875671
3841	0.015495090745389462	0.11507265269756317	0.784194827079773
3842	0.015834787860512733	0.11528130620718002	0.7837270498275757
3843	0.014965738169848919	0.1154630035161972	0.7836431860923767
3844	0.014735222794115543	0.11556264758110046	0.7841230630874634
3845	0.015103805810213089	0.11555184423923492	0.7846108078956604
3846	0.014336097985506058	0.11550979316234589	0.784856379032135
3847	0.014561096206307411	0.11550161987543106	0.7848827838897705
3848	0.01462095882743597	0.11544713377952576	0.7850983142852783
3849	0.015076542273163795	0.11544777452945709	0.7851973176002502
3850	0.014388742856681347	0.11536715179681778	0.785027801990509
3851	0.0149361751973629	0.1153801679611206	0.7849757671356201
3852	0.014789740554988384	0.11528343707323074	0.7850270867347717
3853	0.015421261079609394	0.11521439254283905	0.7850969433784485
3854	0.015196479856967926	0.11523104459047318	0.7852582931518555
3855	0.015294350683689117	0.11526919901371002	0.7856157422065735
3856	0.015026708133518696	0.11539632827043533	0.7857350707054138
3857	0.015406244434416294	0.11538930982351303	0.7863429188728333
3858	0.014822405762970448	0.11528445035219193	0.7867948412895203
3859	0.015437401831150055	0.11511920392513275	0.7867434024810791
3860	0.014248172752559185	0.1149665042757988	0.7862290740013123
3861	0.014456691220402718	0.11490458995103836	0.7854633927345276
3862	0.014686140231788158	0.1149081140756607	0.7848329544067383
3863	0.015464547090232372	0.11509700119495392	0.784869372844696
3864	0.014524374157190323	0.11521296203136444	0.7852414846420288
3865	0.01489722728729248	0.11538971960544586	0.7853356599807739
3866	0.01501873042434454	0.1154555007815361	0.7852681875228882
3867	0.015730103477835655	0.11555619537830353	0.7850555181503296
3868	0.014543615281581879	0.11561145633459091	0.7848352193832397
3869	0.01487268041819334	0.11555394530296326	0.7851443290710449
3870	0.015525060705840588	0.11538887768983841	0.7855381965637207
3871	0.014989006333053112	0.11522913724184036	0.7858491539955139
3872	0.014821426011621952	0.11508136242628098	0.7857977747917175
3873	0.014870445244014263	0.11502064019441605	0.7861291170120239
3874	0.014895174652338028	0.11505234986543655	0.7862384915351868
3875	0.015111216343939304	0.11516204476356506	0.7860833406448364
3876	0.015274801291525364	0.11520076543092728	0.7859205007553101
3877	0.014904591254889965	0.11516962200403214	0.7855375409126282
3878	0.014897773042321205	0.11527689546346664	0.7852304577827454
3879	0.015325179323554039	0.11543864756822586	0.7846090793609619
3880	0.015292404219508171	0.11567667871713638	0.7838646769523621
3881	0.014774460345506668	0.1158420592546463	0.7831329107284546
3882	0.014732474461197853	0.11581414192914963	0.7829617857933044
3883	0.014904206618666649	0.11580007523298264	0.7828072309494019
3884	0.01511385478079319	0.11563769727945328	0.7834692597389221
3885	0.01507612969726324	0.11558641493320465	0.7839999794960022
3886	0.014838600531220436	0.11547822505235672	0.7847519516944885
3887	0.014464545994997025	0.1152733564376831	0.7849228382110596
3888	0.015446039848029613	0.11516952514648438	0.7846516370773315
3889	0.01492589432746172	0.11527317017316818	0.7840266227722168
3890	0.015068858861923218	0.11541231721639633	0.7836216688156128
3891	0.015065272338688374	0.11551956087350845	0.7834357023239136
3892	0.015276478603482246	0.11561207473278046	0.7832608819007874
3893	0.01524488627910614	0.11578206717967987	0.7830397486686707
3894	0.015343152917921543	0.11585330218076706	0.7832655310630798
3895	0.014885036274790764	0.1159227266907692	0.7837178707122803
3896	0.015120817348361015	0.11586883664131165	0.7845631241798401
3897	0.015644827857613564	0.11575579643249512	0.7849975824356079
3898	0.014975817874073982	0.1155751571059227	0.7851064801216125
3899	0.01493347529321909	0.11540109664201736	0.7849304676055908
3900	0.014935732819139957	0.11529231816530228	0.7848864793777466
3901	0.014930639415979385	0.11538025736808777	0.7847613096237183
3902	0.01431445125490427	0.1156252771615982	0.785256028175354
3903	0.015095040202140808	0.11565270274877548	0.7856683135032654
3904	0.015068523585796356	0.11556433141231537	0.7855077385902405
3905	0.014700821600854397	0.11533515155315399	0.7848763465881348
3906	0.015618568286299706	0.11526071280241013	0.7840850353240967
3907	0.01559998095035553	0.11519172787666321	0.7836096286773682
3908	0.015051598660647869	0.11523997038602829	0.7838888168334961
3909	0.014994567260146141	0.11531782150268555	0.7846293449401855
3910	0.014970025047659874	0.11540891975164413	0.785258948802948
3911	0.01441118959337473	0.11548682302236557	0.7856215834617615
3912	0.014791802503168583	0.11543980240821838	0.7857146263122559
3913	0.014682780019938946	0.11546605825424194	0.7852945327758789
3914	0.015086614526808262	0.11546585708856583	0.7846119403839111
3915	0.015110990963876247	0.11539064347743988	0.784256637096405
3916	0.015000822953879833	0.11546257883310318	0.7838317155838013
3917	0.01488572545349598	0.11557795852422714	0.7836940288543701
3918	0.014993223361670971	0.11566328257322311	0.7842420339584351
3919	0.015872150659561157	0.11554662883281708	0.7847763895988464
3920	0.01534785982221365	0.11537787318229675	0.7855123281478882
3921	0.015199520625174046	0.11522454023361206	0.7858657836914062
3922	0.015288928523659706	0.11514627188444138	0.7857036590576172
3923	0.015275792218744755	0.11516445130109787	0.7855979204177856
3924	0.014639182016253471	0.1151917576789856	0.7859315872192383
3925	0.015528733842074871	0.11527962237596512	0.7865335941314697
3926	0.015135100111365318	0.11534985154867172	0.7865692377090454
3927	0.014315483160316944	0.11534080654382706	0.7861324548721313
3928	0.015186632052063942	0.11542336642742157	0.7851034998893738
3929	0.014881211332976818	0.11559604853391647	0.7841557264328003
3930	0.015328407287597656	0.11575374752283096	0.7837756276130676
3931	0.01501250546425581	0.11577881872653961	0.7839342951774597
3932	0.015285925939679146	0.11568114161491394	0.7843286395072937
3933	0.014862725511193275	0.11547371745109558	0.7852020263671875
3934	0.015596798621118069	0.11528288573026657	0.785923182964325
3935	0.01519741304218769	0.1150321364402771	0.7867572903633118
3936	0.01569807343184948	0.11496863514184952	0.7867233753204346
3937	0.01532659213989973	0.11506769806146622	0.7863878011703491
3938	0.014795252121984959	0.11522816866636276	0.7859007120132446
3939	0.015472806990146637	0.11544777452945709	0.7860410213470459
3940	0.014834774658083916	0.11550935357809067	0.7865474224090576
3941	0.01507569383829832	0.11543773114681244	0.7870244383811951
3942	0.015591822564601898	0.11523433029651642	0.7871868014335632
3943	0.015052640810608864	0.11510691046714783	0.7867412567138672
3944	0.015693243592977524	0.11509780585765839	0.7859167456626892
3945	0.014994116500020027	0.11514400690793991	0.785369336605072
3946	0.015109306201338768	0.11528663337230682	0.7849847674369812
3947	0.014925015158951283	0.11537196487188339	0.7850631475448608
3948	0.01504385657608509	0.11530819535255432	0.7850774526596069
3949	0.015222601592540741	0.11522883921861649	0.7849227786064148
3950	0.015006459318101406	0.11523927003145218	0.7844293713569641
3951	0.014800486154854298	0.1151849552989006	0.7843816876411438
3952	0.01577569730579853	0.11511309444904327	0.7844589948654175
3953	0.014917774125933647	0.11515282839536667	0.7843778729438782
3954	0.014070497825741768	0.11528974026441574	0.7843021154403687
3955	0.015148852951824665	0.11538127064704895	0.7840055227279663
3956	0.015675673261284828	0.11550219357013702	0.7835310101509094
3957	0.014876914210617542	0.11573246866464615	0.7834643721580505
3958	0.015538129955530167	0.11597812920808792	0.7833888530731201
3959	0.01596030406653881	0.11600541323423386	0.7837615609169006
3960	0.01545057911425829	0.1158585250377655	0.7841541767120361
3961	0.014919384382665157	0.11560045182704926	0.7841450572013855
3962	0.01535065844655037	0.11533496528863907	0.7843681573867798
3963	0.014966760762035847	0.11521655321121216	0.7847868800163269
3964	0.015534578822553158	0.11525455117225647	0.7853837013244629
3965	0.015316840261220932	0.11526741832494736	0.7858840227127075
3966	0.01536224689334631	0.1151907667517662	0.7860311269760132
3967	0.014991778880357742	0.1151689738035202	0.7861427068710327
3968	0.015251765958964825	0.11512601375579834	0.7862374782562256
3969	0.01510974857956171	0.11501041054725647	0.7863177061080933
3970	0.0151551878079772	0.11489997059106827	0.7867812514305115
3971	0.016113782301545143	0.11492037773132324	0.786647379398346
3972	0.015330743044614792	0.11492971330881119	0.7867335081100464
3973	0.015061319805681705	0.1150156557559967	0.7864420413970947
3974	0.015226515009999275	0.11502671241760254	0.7860003113746643
3975	0.015002992004156113	0.11506413668394089	0.7857875227928162
3976	0.014639013446867466	0.11512025445699692	0.7856165766716003
3977	0.014960892498493195	0.11520784348249435	0.7858356833457947
3978	0.014997939579188824	0.11531141400337219	0.7855738997459412
3979	0.014998557046055794	0.11523973196744919	0.7851938009262085
3980	0.014513346366584301	0.11511398106813431	0.7846863269805908
3981	0.015522380359470844	0.11506667733192444	0.7847735285758972
3982	0.015351539477705956	0.11506915837526321	0.785546064376831
3983	0.015332236886024475	0.11516757309436798	0.7863478064537048
3984	0.015000290237367153	0.11525991559028625	0.7868824601173401
3985	0.01522284559905529	0.11533639580011368	0.786649763584137
3986	0.01544691901654005	0.11537204682826996	0.785994291305542
3987	0.015452291816473007	0.11537890881299973	0.7849401235580444
3988	0.01524809468537569	0.11538577824831009	0.7843404412269592
3989	0.014842878095805645	0.11536184698343277	0.784450352191925
3990	0.01427957322448492	0.11535000056028366	0.7851372361183167
3991	0.01502698753029108	0.1152406707406044	0.7860694527626038
3992	0.015000863932073116	0.1151195541024208	0.7870084643363953
3993	0.014877325855195522	0.11491985619068146	0.7877760529518127
3994	0.015258626081049442	0.11477870494127274	0.787699818611145
3995	0.015268595889210701	0.11468777805566788	0.7872862219810486
3996	0.015381867997348309	0.11472829431295395	0.7863635420799255
3997	0.014554240740835667	0.1148918867111206	0.7855844497680664
3998	0.014995839446783066	0.114958755671978	0.7856438159942627
3999	0.014748972840607166	0.11516568809747696	0.7853727340698242
4000	0.014892810955643654	0.11547684669494629	0.7854338884353638
4001	0.014567606151103973	0.11554444581270218	0.785241961479187
4002	0.01485015545040369	0.11560110002756119	0.7852333188056946
4003	0.014768097549676895	0.11551059782505035	0.7852878570556641
4004	0.01496431790292263	0.11538666486740112	0.7855372428894043
4005	0.01473729033023119	0.11536725610494614	0.7857339382171631
4006	0.015669483691453934	0.11521057784557343	0.7861674427986145
4007	0.015354838222265244	0.11511573940515518	0.7863779664039612
4008	0.014702757820487022	0.11512427777051926	0.7862740755081177
4009	0.015233290381729603	0.11516697704792023	0.7856289744377136
4010	0.015392531640827656	0.11527841538190842	0.7844365239143372
4011	0.014905157499015331	0.11540790647268295	0.7835415005683899
4012	0.014562868513166904	0.115663081407547	0.7833656668663025
4013	0.015151631087064743	0.11573532223701477	0.783784806728363
4014	0.015418916009366512	0.11562348157167435	0.7849507331848145
4015	0.015110037289559841	0.11543072760105133	0.7860847115516663
4016	0.015499846078455448	0.11515475064516068	0.7867769002914429
4017	0.014626615680754185	0.11512180417776108	0.787314236164093
4018	0.014343366026878357	0.11514568328857422	0.7874744534492493
4019	0.015062649734318256	0.11503658443689346	0.7873007655143738
4020	0.014625350944697857	0.11494602262973785	0.7867024540901184
4021	0.014637701213359833	0.11489815264940262	0.7856254577636719
4022	0.014695518650114536	0.11499832570552826	0.7849429845809937
4023	0.015292699448764324	0.11508630216121674	0.7852654457092285
4024	0.014915002509951591	0.11516732722520828	0.7862293124198914
4025	0.015335422940552235	0.11508515477180481	0.7872601747512817
4026	0.014798066578805447	0.11489264667034149	0.7872365117073059
4027	0.015388843603432178	0.11476308852434158	0.7867628335952759
4028	0.01531333290040493	0.11471647769212723	0.786319375038147
4029	0.015333928167819977	0.1148577556014061	0.7859955430030823
4030	0.015179457142949104	0.11506286263465881	0.7856258749961853
4031	0.014585249125957489	0.11524072289466858	0.7852510213851929
4032	0.014110410585999489	0.11536277085542679	0.7850340008735657
4033	0.014967553317546844	0.11540672928094864	0.7848135232925415
4034	0.014907808974385262	0.11538023501634598	0.7846220135688782
4035	0.01510554738342762	0.11513050645589828	0.7846342921257019
4036	0.015402157790958881	0.11503898352384567	0.7849938273429871
4037	0.014917968772351742	0.11499729007482529	0.785441517829895
4038	0.01466121431440115	0.11510105431079865	0.7857829928398132
4039	0.015145569108426571	0.1153329387307167	0.7859980463981628
4040	0.013965672813355923	0.11560226231813431	0.7865750193595886
4041	0.014581453986465931	0.11571848392486572	0.7865273952484131
4042	0.01521572470664978	0.11569026112556458	0.7860010266304016
4043	0.015062232501804829	0.11553189903497696	0.7853599190711975
4044	0.014679315499961376	0.11535479128360748	0.7852200865745544
4045	0.014433545060455799	0.11512792110443115	0.7856155037879944
4046	0.015011893585324287	0.11505607515573502	0.7858835458755493
4047	0.014811737462878227	0.11499842256307602	0.7861620187759399
4048	0.014831801876425743	0.11491391807794571	0.7866426110267639
4049	0.015095280483365059	0.11488398164510727	0.7872692942619324
4050	0.015235980041325092	0.11487267166376114	0.7873050570487976
4051	0.014898710884153843	0.11494352668523788	0.7866055369377136
4052	0.01542535237967968	0.1150108277797699	0.7856411337852478
4053	0.015105226077139378	0.11502893269062042	0.7849488258361816
4054	0.01526157557964325	0.11504390090703964	0.7847423553466797
4055	0.01501768734306097	0.11506924033164978	0.7853274345397949
4056	0.015150565654039383	0.11497525870800018	0.7861093282699585
4057	0.014990163967013359	0.11480109393596649	0.7870230674743652
4058	0.015091868117451668	0.11456605046987534	0.787413477897644
4059	0.014446957036852837	0.11460953205823898	0.7872365713119507
4060	0.01536185760051012	0.1147560328245163	0.7869818806648254
4061	0.015306014567613602	0.11485621333122253	0.7869512438774109
4062	0.014818166382610798	0.11488455533981323	0.787263035774231
4063	0.014789151959121227	0.11500844359397888	0.7873620390892029
4064	0.014865640550851822	0.11518998444080353	0.7870975732803345
4065	0.015248557552695274	0.11538726836442947	0.7868131399154663
4066	0.015091228298842907	0.11537180840969086	0.7861362099647522
4067	0.015065932646393776	0.11528760194778442	0.7854759693145752
4068	0.015010056085884571	0.11515792459249496	0.7855176329612732
4069	0.014648601412773132	0.11512982100248337	0.7862868309020996
4070	0.015428001061081886	0.11512906104326248	0.7873831987380981
4071	0.01529497280716896	0.11503778398036957	0.7882325053215027
4072	0.014782184734940529	0.11499027907848358	0.7878745794296265
4073	0.015761742368340492	0.11491022258996964	0.7871970534324646
4074	0.014773464761674404	0.11489050835371017	0.7869732975959778
4075	0.015022646635770798	0.11486886441707611	0.7868233323097229
4076	0.014240848831832409	0.11493285745382309	0.787240207195282
4077	0.015250341966748238	0.11502326279878616	0.7876202464103699
4078	0.014497547410428524	0.11498980969190598	0.7878456711769104
4079	0.014682499691843987	0.11478707939386368	0.7877683043479919
4080	0.015086594969034195	0.11462044715881348	0.7879018187522888
4081	0.014489086344838142	0.1143987774848938	0.7882019877433777
4082	0.014836248010396957	0.11426827311515808	0.788661777973175
4083	0.01469398196786642	0.11424880474805832	0.7893869280815125
4084	0.015163509175181389	0.11427197605371475	0.7896586060523987
4085	0.015126853249967098	0.11439238488674164	0.7898410558700562
4086	0.015551930293440819	0.11453654617071152	0.7893697023391724
4087	0.014888209290802479	0.11469875276088715	0.7885799407958984
4088	0.014455552212893963	0.1147942841053009	0.7875346541404724
4089	0.014594119042158127	0.11494820564985275	0.7866082787513733
4090	0.01601465232670307	0.11516998708248138	0.7862030863761902
4091	0.01565372571349144	0.11532343178987503	0.7863585352897644
4092	0.015187695622444153	0.11537280678749084	0.7867701053619385
4093	0.015296035446226597	0.11526893824338913	0.7869390249252319
4094	0.014780256897211075	0.1152249351143837	0.7871044278144836
4095	0.014910710044205189	0.11515773832798004	0.7873116135597229
4096	0.01432566624134779	0.11512487381696701	0.787224531173706
4097	0.01469153817743063	0.11514756083488464	0.7868036031723022
4098	0.01489170826971531	0.11511101573705673	0.7864296436309814
4099	0.015471145510673523	0.11511104553937912	0.7860651016235352
4100	0.01499204896390438	0.11511825770139694	0.7856848239898682
4101	0.01538381353020668	0.11512631177902222	0.7854794859886169
4102	0.015283671207726002	0.11498945951461792	0.7857692837715149
4103	0.015222777612507343	0.11488469690084457	0.7866835594177246
4104	0.014554253779351711	0.1147986501455307	0.7873766422271729
4105	0.01477205753326416	0.1146625429391861	0.7875151038169861
4106	0.014723744243383408	0.11450788378715515	0.7877663969993591
4107	0.014468153938651085	0.11445526033639908	0.7877812385559082
4108	0.014481364749372005	0.11449860781431198	0.7880557179450989
4109	0.01472949143499136	0.11467206478118896	0.7876861095428467
4110	0.014798312447965145	0.11495137959718704	0.7872601747512817
4111	0.014967339113354683	0.11517088860273361	0.7868402004241943
4112	0.014412458054721355	0.11535483598709106	0.7867529392242432
4113	0.014626635238528252	0.11540722101926804	0.7869035601615906
4114	0.015227197669446468	0.11522495746612549	0.7868448495864868
4115	0.015390434302389622	0.11514636129140854	0.7864271998405457
4116	0.014689522795379162	0.11505408585071564	0.7864011526107788
4117	0.015084059908986092	0.1150713786482811	0.7864612936973572
4118	0.01503674779087305	0.11513860523700714	0.7865197658538818
4119	0.014767064712941647	0.115177683532238	0.786644458770752
4120	0.015301399864256382	0.1152753233909607	0.7870256900787354
4121	0.014654010534286499	0.11536858975887299	0.7872591614723206
4122	0.01473102904856205	0.1155197024345398	0.7866982817649841
4123	0.01523373369127512	0.11549565941095352	0.786134660243988
4124	0.015179727226495743	0.11526667326688766	0.7860479950904846
4125	0.014612667262554169	0.11506868898868561	0.7867039442062378
4126	0.015392168425023556	0.1148911789059639	0.7874951362609863
4127	0.015054533258080482	0.11482986807823181	0.7883406281471252
4128	0.015316693112254143	0.11481786519289017	0.7890751361846924
4129	0.01486471202224493	0.1148209273815155	0.7887913584709167
4130	0.015422971919178963	0.11474853754043579	0.7880806922912598
4131	0.014927014708518982	0.11462826281785965	0.7870407700538635
4132	0.015376618131995201	0.11459976434707642	0.7861971259117126
4133	0.015516548417508602	0.114665687084198	0.7860212326049805
4134	0.015461847186088562	0.11482377350330353	0.7865145206451416
4135	0.01553341094404459	0.1149340271949768	0.7875406742095947
4136	0.01510450430214405	0.11486279964447021	0.7885913848876953
4137	0.014692343771457672	0.11466985195875168	0.788935124874115
4138	0.01520172692835331	0.1143731027841568	0.7884867191314697
4139	0.014938450418412685	0.11426956206560135	0.7875011563301086
4140	0.01541411317884922	0.11437050998210907	0.7861313819885254
4141	0.01471343170851469	0.1146124005317688	0.7852508425712585
4142	0.015645338222384453	0.11490220576524734	0.7851366400718689
4143	0.014885193668305874	0.11515706777572632	0.7857795357704163
4144	0.015228725969791412	0.1152685359120369	0.7870545387268066
4145	0.01500065065920353	0.11497677117586136	0.7881913185119629
4146	0.01464319508522749	0.11457324773073196	0.7889419198036194
4147	0.01464519277215004	0.1142248660326004	0.788730263710022
4148	0.014998417347669601	0.1141042411327362	0.7878404855728149
4149	0.015083979815244675	0.11417261511087418	0.7870069146156311
4150	0.015657909214496613	0.11434978246688843	0.7866287231445312
4151	0.014963855035603046	0.11477832496166229	0.7864648103713989
4152	0.014509422704577446	0.11517927050590515	0.7860895395278931
4153	0.0149384131655097	0.11549414694309235	0.7861731052398682
4154	0.014999574050307274	0.11557263135910034	0.7861801385879517
4155	0.015142504125833511	0.11550349742174149	0.7860788106918335
4156	0.015102223493158817	0.11553748697042465	0.7856928706169128
4157	0.015283501707017422	0.11554776132106781	0.7855002880096436
4158	0.015038182958960533	0.11561322957277298	0.7857466340065002
4159	0.01527345459908247	0.1156449019908905	0.7863034605979919
4160	0.01458388939499855	0.11561515927314758	0.7862941026687622
4161	0.01467446330934763	0.11545177549123764	0.7866188287734985
4162	0.014212514273822308	0.11515027284622192	0.7864850163459778
4163	0.014683996327221394	0.11497179418802261	0.7862564325332642
4164	0.01543116569519043	0.1147664412856102	0.7865238189697266
4165	0.014474179595708847	0.11464742571115494	0.7867846488952637
4166	0.014882795512676239	0.11466588079929352	0.7870806455612183
4167	0.015418203547596931	0.11465192586183548	0.7877200245857239
4168	0.015017133206129074	0.11460697650909424	0.7884252071380615
4169	0.014527939260005951	0.11473678797483444	0.7884939312934875
4170	0.014923116192221642	0.11479523777961731	0.7879050374031067
4171	0.014639605768024921	0.1148807555437088	0.7865819931030273
4172	0.01474301889538765	0.11474130302667618	0.7858310341835022
4173	0.014644402079284191	0.1146705225110054	0.7856621742248535
4174	0.01540390681475401	0.11467885226011276	0.7858949303627014
4175	0.014900438487529755	0.11472274363040924	0.7864185571670532
4176	0.015029885806143284	0.11468569189310074	0.7871040105819702
4177	0.015005276538431644	0.11463828384876251	0.7875473499298096
4178	0.014802264049649239	0.11467267572879791	0.7874656915664673
4179	0.01455636601895094	0.11469747126102448	0.7869468331336975
4180	0.014974437654018402	0.11471068859100342	0.7869478464126587
4181	0.01497062761336565	0.11490581184625626	0.7862183451652527
4182	0.015265540219843388	0.11508363485336304	0.785454273223877
4183	0.014603930525481701	0.11517849564552307	0.7848140597343445
4184	0.01433675829321146	0.11528829485177994	0.7846658229827881
4185	0.014735767617821693	0.11531367897987366	0.7848271727561951
4186	0.01489161141216755	0.11519429832696915	0.785337507724762
4187	0.014681683853268623	0.11498978734016418	0.7858015894889832
4188	0.015504584647715092	0.11475343257188797	0.7858230471611023
4189	0.015888715162873268	0.11470586806535721	0.7855497002601624
4190	0.015053562819957733	0.11480513215065002	0.7849027514457703
4191	0.0155854607000947	0.11477597802877426	0.7850052714347839
4192	0.014935634098947048	0.11481749266386032	0.7854124903678894
4193	0.015304509550333023	0.1147991195321083	0.7857908010482788
4194	0.014975419268012047	0.11491750925779343	0.7859092354774475
4195	0.015099563635885715	0.11496321856975555	0.7858591079711914
4196	0.014811157248914242	0.11509256809949875	0.7859168648719788
4197	0.015385919250547886	0.11518241465091705	0.7860543131828308
4198	0.014951391145586967	0.11506961286067963	0.7865245342254639
4199	0.015206300653517246	0.11500398069620132	0.787056565284729
4200	0.015180066227912903	0.11493219435214996	0.7867926955223083
4201	0.014861705712974072	0.1149841919541359	0.786364734172821
4202	0.0148467430844903	0.11495142430067062	0.7862348556518555
4203	0.014750220812857151	0.11492837220430374	0.7865850925445557
4204	0.014283599331974983	0.11480364203453064	0.7873277068138123
4205	0.014891783706843853	0.11464086920022964	0.7878388166427612
4206	0.014705653302371502	0.1145835891366005	0.788440465927124
4207	0.015634212642908096	0.11463195085525513	0.7885904312133789
4208	0.014813367277383804	0.11470504105091095	0.7885327339172363
4209	0.01471256185323	0.11474580317735672	0.7881617546081543
4210	0.015087295323610306	0.11482859402894974	0.7877194881439209
4211	0.015464969910681248	0.1149708703160286	0.7871259450912476
4212	0.015317945741117	0.11505653709173203	0.7868245244026184
4213	0.015618373639881611	0.11514542996883392	0.7863070964813232
4214	0.01467149518430233	0.11515053361654282	0.7863038778305054
4215	0.01430375874042511	0.11517435312271118	0.7864083051681519
4216	0.014896582812070847	0.11509929597377777	0.7866267561912537
4217	0.014835605397820473	0.1150597333908081	0.7867431640625
4218	0.014715445227921009	0.11508776992559433	0.7865782976150513
4219	0.014865260571241379	0.11521803587675095	0.7865294814109802
4220	0.015324225649237633	0.11516854912042618	0.7867134213447571
4221	0.01459876075387001	0.11500221490859985	0.7872554063796997
4222	0.015338445082306862	0.1149221658706665	0.7872166633605957
4223	0.014906673692166805	0.11489817500114441	0.7866140604019165
4224	0.015377392992377281	0.11494209617376328	0.7860811948776245
4225	0.014511723071336746	0.11505628377199173	0.785165011882782
4226	0.015150920487940311	0.11522295325994492	0.7847102284431458
4227	0.014813111163675785	0.11519544571638107	0.7851242423057556
4228	0.015449550934135914	0.11512383073568344	0.7859312891960144
4229	0.01490603107959032	0.11509624868631363	0.7872031331062317
4230	0.015428527258336544	0.11516157537698746	0.7877811789512634
4231	0.015123667195439339	0.11517123878002167	0.787805438041687
4232	0.015779225155711174	0.11507034301757812	0.7874806523323059
4233	0.01431416068226099	0.11491043120622635	0.7872529625892639
4234	0.015486462973058224	0.11485323309898376	0.7872121930122375
4235	0.015001236461102962	0.114858478307724	0.7873293161392212
4236	0.014884570613503456	0.11493905633687973	0.7872088551521301
4237	0.01476216409355402	0.11490116268396378	0.7869423627853394
4238	0.015148891136050224	0.11480557918548584	0.78652024269104
4239	0.01522664912045002	0.11460909247398376	0.7864885926246643
4240	0.014878259971737862	0.11441566050052643	0.7866966724395752
4241	0.014902274124324322	0.11431974917650223	0.7872681617736816
4242	0.015293164178729057	0.1144021600484848	0.7876968383789062
4243	0.015314312651753426	0.11446912586688995	0.7880464196205139
4244	0.01542782224714756	0.11455851793289185	0.787979245185852
4245	0.015044666826725006	0.11460727453231812	0.7877539992332458
4246	0.014424671418964863	0.11469989269971848	0.7871079444885254
4247	0.01493461150676012	0.11471574753522873	0.7867897152900696
4248	0.014873451553285122	0.1146710216999054	0.7867769598960876
4249	0.014607338234782219	0.11457154154777527	0.7873934507369995
4250	0.014962001703679562	0.11438976973295212	0.787960946559906
4251	0.015001045539975166	0.11425526440143585	0.7885733842849731
4252	0.01560058444738388	0.11425107717514038	0.7888956069946289
4253	0.01477049384266138	0.11434415727853775	0.7889630794525146
4254	0.01542484387755394	0.11435931921005249	0.7886030077934265
4255	0.015532164834439754	0.11440209299325943	0.7876136898994446
4256	0.015121586620807648	0.11440165340900421	0.7868629693984985
4257	0.01475413516163826	0.11427884548902512	0.7872644662857056
4258	0.014931583777070045	0.11428174376487732	0.7878597974777222
4259	0.015166200697422028	0.11432772874832153	0.78834468126297
4260	0.015306028537452221	0.1143045425415039	0.7888269424438477
4261	0.014547179453074932	0.1143622174859047	0.7883301377296448
4262	0.015206421725451946	0.11456163972616196	0.7875784635543823
4263	0.014778227545320988	0.11478784680366516	0.7867626547813416
4264	0.01474826131016016	0.11480982601642609	0.7862191200256348
4265	0.01523851603269577	0.11479832977056503	0.7862921357154846
4266	0.015154944732785225	0.11482743173837662	0.7868090271949768
4267	0.014463143423199654	0.11486035585403442	0.7868623733520508
4268	0.015083996579051018	0.11492650955915451	0.7869897484779358
4269	0.015051690861582756	0.11504755169153214	0.7872268557548523
4270	0.014562832191586494	0.11503900587558746	0.7876017689704895
4271	0.01464519277215004	0.1149391382932663	0.7875273823738098
4272	0.014481539838016033	0.11479462683200836	0.7872531414031982
4273	0.014612422324717045	0.11471424251794815	0.7864062190055847
4274	0.01483870204538107	0.11466649174690247	0.7860891222953796
4275	0.015417888760566711	0.11464554071426392	0.7861906886100769
4276	0.014625170268118382	0.1146506667137146	0.7863771915435791
4277	0.0150365699082613	0.1146475300192833	0.7868025898933411
4278	0.014943486079573631	0.114616259932518	0.7872689962387085
4279	0.014633644372224808	0.11460956931114197	0.7874033451080322
4280	0.014797981828451157	0.11446558684110641	0.7874804139137268
4281	0.014846406877040863	0.1143648624420166	0.7876766324043274
4282	0.014951778575778008	0.11442936211824417	0.7874629497528076
4283	0.014576240442693233	0.1146034374833107	0.7870086431503296
4284	0.014336667954921722	0.11482489109039307	0.786845862865448
4285	0.01522572711110115	0.11509663611650467	0.7871096730232239
4286	0.015134303830564022	0.11538980156183243	0.7879169583320618
4287	0.015335776843130589	0.11541489511728287	0.788148045539856
4288	0.014703862369060516	0.11517847329378128	0.7875015735626221
4289	0.015235677361488342	0.114927738904953	0.786542534828186
4290	0.01471330039203167	0.11475858092308044	0.7862370610237122
4291	0.014361629262566566	0.1146855428814888	0.7865318655967712
4292	0.014405378140509129	0.11474476009607315	0.7870124578475952
4293	0.01456400379538536	0.11479087173938751	0.7871389389038086
4294	0.015098643489181995	0.11474564671516418	0.7868970632553101
4295	0.015280426479876041	0.11468113213777542	0.7867614030838013
4296	0.014804008416831493	0.11458408832550049	0.7862271070480347
4297	0.014847693033516407	0.11444917321205139	0.7865208387374878
4298	0.014881467446684837	0.11426874995231628	0.7870756387710571
4299	0.014885119162499905	0.11423244327306747	0.7881091237068176
4300	0.01469744648784399	0.11427944153547287	0.7888824343681335
4301	0.014711877331137657	0.11437316238880157	0.7891429662704468
4302	0.01574539579451084	0.11444027721881866	0.7883278131484985
4303	0.01532865222543478	0.11446662247180939	0.7870404720306396
4304	0.014842648059129715	0.1144600659608841	0.785902738571167
4305	0.014709957875311375	0.11461462825536728	0.785459578037262
4306	0.015371479094028473	0.11478544771671295	0.7858537435531616
4307	0.015223575755953789	0.11487724632024765	0.7872790694236755
4308	0.014927232638001442	0.11491792649030685	0.7885580062866211
4309	0.015399324707686901	0.11493127048015594	0.7890625
4310	0.015168053098022938	0.11493030935525894	0.7885083556175232
4311	0.015539693646132946	0.11494026333093643	0.7870442271232605
4312	0.014955464750528336	0.11507964879274368	0.7854889035224915
4313	0.015366093255579472	0.11525064706802368	0.7848597168922424
4314	0.014922283589839935	0.11545760929584503	0.7844379544258118
4315	0.014816729351878166	0.1156834289431572	0.7846282124519348
4316	0.014619535766541958	0.11574736982584	0.7850077748298645
4317	0.01471803616732359	0.1156436949968338	0.7854012846946716
4318	0.014434613287448883	0.1155121847987175	0.7855849266052246
4319	0.015360494144260883	0.11540675908327103	0.7854102253913879
4320	0.015416820533573627	0.11533840745687485	0.7854875326156616
4321	0.014980710111558437	0.11533466726541519	0.7859283685684204
4322	0.01479161623865366	0.11535704135894775	0.7863802909851074
4323	0.014654656872153282	0.11536562442779541	0.7861335873603821
4324	0.015160877257585526	0.11538352072238922	0.7853125333786011
4325	0.014882775023579597	0.1153561919927597	0.7845051288604736
4326	0.01479928009212017	0.11523173749446869	0.7843900322914124
4327	0.014621255919337273	0.11508572101593018	0.7851289510726929
4328	0.014993365854024887	0.11500556021928787	0.7864509224891663
4329	0.014736454002559185	0.11490222811698914	0.7878776788711548
4330	0.014524745754897594	0.1148090809583664	0.7890945076942444
4331	0.015221286565065384	0.11469120532274246	0.7893348932266235
4332	0.014979503117501736	0.114669069647789	0.7886660099029541
4333	0.014890969730913639	0.11477360874414444	0.7875901460647583
4334	0.01570839434862137	0.1147860437631607	0.7865991592407227
4335	0.015085575170814991	0.11481499671936035	0.785942554473877
4336	0.015027009882032871	0.11498082429170609	0.7854825854301453
4337	0.015046752989292145	0.11508864164352417	0.7857451438903809
4338	0.014596977271139622	0.11519885063171387	0.786690354347229
4339	0.015155361965298653	0.11517450958490372	0.7875398397445679
4340	0.014604785479605198	0.11495216935873032	0.7875155806541443
4341	0.014543573372066021	0.11484291404485703	0.7872259616851807
4342	0.014772544614970684	0.11483340710401535	0.786641538143158
4343	0.014319667592644691	0.11491638422012329	0.7861235737800598
4344	0.015554390847682953	0.11494558304548264	0.7862047553062439
4345	0.015102344565093517	0.11492752283811569	0.7863746285438538
4346	0.015198449604213238	0.1148802861571312	0.7865341305732727
4347	0.014953888952732086	0.11488556116819382	0.7863958477973938
4348	0.015235932543873787	0.11488022655248642	0.7862625122070312
4349	0.014586856588721275	0.11491364985704422	0.7861318588256836
4350	0.014848514460027218	0.11497801542282104	0.786430299282074
4351	0.014543048106133938	0.11500423401594162	0.7870041728019714
4352	0.015039343386888504	0.11506994068622589	0.7876057624816895
4353	0.01472383551299572	0.11506371200084686	0.787870466709137
4354	0.015236939303576946	0.11503215879201889	0.7876890897750854
4355	0.014588776044547558	0.11505656689405441	0.7874249815940857
4356	0.01500022690743208	0.11514903604984283	0.787151575088501
4357	0.014939894899725914	0.11517304927110672	0.7871326208114624
4358	0.014673435129225254	0.11536458879709244	0.7872276306152344
4359	0.014568237587809563	0.11532966047525406	0.7873363494873047
4360	0.01452548522502184	0.115328349173069	0.7871967554092407
4361	0.014990519732236862	0.11512783914804459	0.7866517901420593
4362	0.014714973978698254	0.11480557918548584	0.786422848701477
4363	0.014405520632863045	0.11453995108604431	0.7866051197052002
4364	0.014327162876725197	0.11450140178203583	0.787109911441803
4365	0.015482357703149319	0.11459210515022278	0.7875244617462158
4366	0.015067446045577526	0.11474166065454483	0.7877518534660339
4367	0.01519679743796587	0.11489365994930267	0.7870813012123108
4368	0.014958931133151054	0.11519309133291245	0.785601019859314
4369	0.0153383519500494	0.11535277962684631	0.7847287058830261
4370	0.014948710799217224	0.1153891459107399	0.7845859527587891
4371	0.01475860271602869	0.11524643748998642	0.785175621509552
4372	0.014877624809741974	0.11518116295337677	0.7856220602989197
4373	0.014261479489505291	0.11529269814491272	0.7861329913139343
4374	0.015910973772406578	0.11547300219535828	0.7863004207611084
4375	0.015113494358956814	0.11554436385631561	0.785937488079071
4376	0.014832873828709126	0.11564475297927856	0.7850728631019592
4377	0.015607145614922047	0.11583811789751053	0.784873366355896
4378	0.014735599048435688	0.11602930724620819	0.785006046295166
4379	0.015056588687002659	0.11596114933490753	0.7854993343353271
4380	0.015130503103137016	0.11566036194562912	0.7858407497406006
4381	0.014420040883123875	0.11531846225261688	0.7864367961883545
4382	0.014443852007389069	0.1150156557559967	0.7871279716491699
4383	0.014478684403002262	0.11482632905244827	0.7875677943229675
4384	0.014213332906365395	0.1148294061422348	0.7874879240989685
4385	0.014267681166529655	0.114874929189682	0.7871150970458984
4386	0.014910084195435047	0.11508121341466904	0.7864912748336792
4387	0.014284593984484673	0.11511854082345963	0.7860336899757385
4388	0.014518335461616516	0.11504953354597092	0.7859094738960266
4389	0.014567521400749683	0.11501653492450714	0.7862827777862549
4390	0.014681236818432808	0.11507391184568405	0.7870241403579712
4391	0.014899360947310925	0.11512425541877747	0.7878242135047913
4392	0.014337189495563507	0.11519908159971237	0.7883428335189819
4393	0.015511699952185154	0.1153251975774765	0.7880373001098633
4394	0.014328956604003906	0.11533796787261963	0.7874224185943604
4395	0.014539291150867939	0.11529763787984848	0.7869270443916321
4396	0.015456265769898891	0.11514191329479218	0.7867786884307861
4397	0.01499476470053196	0.11490585654973984	0.7870201468467712
4398	0.014789298176765442	0.11470872908830643	0.7873052954673767
4399	0.01548300962895155	0.1146850436925888	0.7879031300544739
4400	0.015032249502837658	0.11468690633773804	0.7884828448295593
4401	0.014602704904973507	0.11471062153577805	0.7890592217445374
4402	0.014479474164545536	0.11473886668682098	0.788828432559967
4403	0.015089621767401695	0.11472950875759125	0.7883438467979431
4404	0.014615911990404129	0.1147996038198471	0.7871192693710327
4405	0.014637097716331482	0.11487653106451035	0.7860221862792969
4406	0.01547712367027998	0.11499957740306854	0.7851725816726685
4407	0.01478519570082426	0.11507207900285721	0.7854909300804138
4408	0.015081429854035378	0.11511669307947159	0.7866037487983704
4409	0.014721635729074478	0.11519724130630493	0.7874106168746948
4410	0.014509903267025948	0.11522238701581955	0.7879409193992615
4411	0.014635046944022179	0.11511419713497162	0.787986159324646
4412	0.01511520054191351	0.11482688039541245	0.7873246669769287
4413	0.014557923190295696	0.11477762460708618	0.7859895825386047
4414	0.015152418054640293	0.11493628472089767	0.7851328253746033
4415	0.01506118942052126	0.11499844491481781	0.7850331664085388
4416	0.015431067906320095	0.11507205665111542	0.7857585549354553
4417	0.015814099460840225	0.11525563895702362	0.7867414951324463
4418	0.014758472330868244	0.11546553671360016	0.7874096035957336
4419	0.015237062238156796	0.11553265899419785	0.787391185760498
4420	0.015769697725772858	0.11528003960847855	0.7870186567306519
4421	0.014791896566748619	0.11501186341047287	0.786115288734436
4422	0.014685100875794888	0.1148950532078743	0.7858505249023438
4423	0.014894045889377594	0.11502939462661743	0.7854500412940979
4424	0.014444515109062195	0.11518444120883942	0.785757839679718
4425	0.015191012062132359	0.11537924408912659	0.7866947054862976
4426	0.014566456899046898	0.11536744236946106	0.7873096466064453
4427	0.014691888354718685	0.11533783376216888	0.7868757247924805
4428	0.015174326486885548	0.1153092086315155	0.7860469222068787
4429	0.01497059129178524	0.11538384854793549	0.7851074934005737
4430	0.015297036617994308	0.11551988869905472	0.7847404479980469
4431	0.014712193049490452	0.11576836556196213	0.7846348285675049
4432	0.014438030309975147	0.11599500477313995	0.7850589156150818
4433	0.015093320980668068	0.1160086989402771	0.7855011224746704
4434	0.01514611765742302	0.11576368659734726	0.7855029702186584
4435	0.014319052919745445	0.11533813923597336	0.7852676510810852
4436	0.015116844326257706	0.11499037593603134	0.7853630185127258
4437	0.014103026129305363	0.11483459919691086	0.7857260704040527
4438	0.0155111625790596	0.11484601348638535	0.7858030200004578
4439	0.014350424520671368	0.11499938368797302	0.7862382531166077
4440	0.014227638021111488	0.11519676446914673	0.7864518761634827
4441	0.014159097336232662	0.115519680082798	0.7862840890884399
4442	0.014873790554702282	0.11557287722826004	0.7862043380737305
4443	0.014896574430167675	0.1152811199426651	0.7864176630973816
4444	0.01461939699947834	0.11512015014886856	0.7868888974189758
4445	0.014515052549540997	0.11506696790456772	0.7873325943946838
4446	0.014507599174976349	0.11510838568210602	0.7875171899795532
4447	0.014900075271725655	0.11500062048435211	0.7875373363494873
4448	0.01545613631606102	0.11503873020410538	0.7870108485221863
4449	0.015467283315956593	0.1153142899274826	0.785825252532959
4450	0.015022240579128265	0.11563412100076675	0.7851108908653259
4451	0.014833924360573292	0.11564776301383972	0.7852936387062073
4452	0.015353640541434288	0.11554399877786636	0.7858083248138428
4453	0.013715879060328007	0.11543988436460495	0.7865300178527832
4454	0.01522641908377409	0.11548621207475662	0.7873082160949707
4455	0.014360287226736546	0.11544346064329147	0.7879257202148438
4456	0.015179523266851902	0.11524403095245361	0.7880721688270569
4457	0.015558588318526745	0.11514236778020859	0.7875680923461914
4458	0.015043236315250397	0.11527889221906662	0.7865753173828125
4459	0.014150393195450306	0.11547969281673431	0.7852831482887268
4460	0.014775535091757774	0.1154758557677269	0.7846092581748962
4461	0.01495399884879589	0.1153794601559639	0.7845860123634338
4462	0.014975931495428085	0.11538917571306229	0.7853033542633057
4463	0.014823359437286854	0.11549706012010574	0.7864089608192444
4464	0.014938266016542912	0.11543430387973785	0.787514328956604
4465	0.014181115664541721	0.11530359834432602	0.7883879542350769
4466	0.01504527498036623	0.11514487117528915	0.7884534001350403
4467	0.014833629131317139	0.11501822620630264	0.7878842353820801
4468	0.015270063653588295	0.11500000208616257	0.7868823409080505
4469	0.015008650720119476	0.11514195799827576	0.7857950329780579
4470	0.015328221023082733	0.11544717848300934	0.7846417427062988
4471	0.014764027670025826	0.11557450890541077	0.7843231558799744
4472	0.01486668549478054	0.11555652320384979	0.7846895456314087
4473	0.01554033625870943	0.11529537290334702	0.7858893871307373
4474	0.014674536883831024	0.11498591303825378	0.7873145341873169
4475	0.01496548019349575	0.11484638601541519	0.7884811162948608
4476	0.014938775449991226	0.11484700441360474	0.7888826727867126
4477	0.014214287512004375	0.1150042787194252	0.7887826561927795
4478	0.015292346477508545	0.11519375443458557	0.7877339124679565
4479	0.015157482586801052	0.11546402424573898	0.7860239148139954
4480	0.014854523353278637	0.11561890691518784	0.7850211262702942
4481	0.014797510579228401	0.11555330455303192	0.7848729491233826
4482	0.01568097621202469	0.11537591367959976	0.7853236794471741
4483	0.014956923201680183	0.1150871068239212	0.7860825061798096
4484	0.01492583192884922	0.11485157161951065	0.7867416739463806
4485	0.015036407858133316	0.11470068991184235	0.7877734899520874
4486	0.014810528606176376	0.11465746909379959	0.7884947061538696
4487	0.014474697411060333	0.1147143691778183	0.7884575128555298
4488	0.01442582719027996	0.11481083184480667	0.788169801235199
4489	0.014267058111727238	0.1147855594754219	0.787532389163971
4490	0.014824144542217255	0.11477509886026382	0.7869892716407776
4491	0.014905908145010471	0.11473499983549118	0.7865787148475647
4492	0.014401017688214779	0.11468864977359772	0.7860293388366699
4493	0.014720084145665169	0.11475666612386703	0.7862089276313782
4494	0.014654073864221573	0.11482752114534378	0.7867617607116699
4495	0.014950611628592014	0.1148950606584549	0.787237286567688
4496	0.014979464001953602	0.11498267203569412	0.7872273921966553
4497	0.014567576348781586	0.11510281264781952	0.7867386937141418
4498	0.014713193289935589	0.11525405198335648	0.7857322096824646
4499	0.014437397941946983	0.11543295532464981	0.7849394083023071
4500	0.014146747998893261	0.115459144115448	0.7848427891731262
4501	0.014394817873835564	0.11538003385066986	0.7849546074867249
4502	0.014849640429019928	0.11531611531972885	0.785422682762146
4503	0.014711461961269379	0.11528466641902924	0.7857373356819153
4504	0.014687689021229744	0.11519917845726013	0.7863155603408813
4505	0.014806481078267097	0.11508103460073471	0.7869009375572205
4506	0.015553654171526432	0.11496640741825104	0.7874020934104919
4507	0.014308168552815914	0.11484551429748535	0.7876953482627869
4508	0.014312193728983402	0.114811010658741	0.7878274917602539
4509	0.014719433151185513	0.11487140506505966	0.7878054976463318
4510	0.014975620433688164	0.11496645957231522	0.7875038385391235
4511	0.014471002854406834	0.11502659320831299	0.7868865132331848
4512	0.014387261122465134	0.11509952694177628	0.7863104939460754
4513	0.01484509278088808	0.11522118747234344	0.7859498858451843
4514	0.014783808030188084	0.11533007025718689	0.7858570218086243
4515	0.015030675567686558	0.11539225280284882	0.7858909368515015
4516	0.014615567401051521	0.11546064913272858	0.7861197590827942
4517	0.014360044151544571	0.11545484513044357	0.7862330675125122
4518	0.014360264874994755	0.11543291062116623	0.7865046858787537
4519	0.014952116645872593	0.1153404489159584	0.7866459488868713
4520	0.014598154462873936	0.11517397314310074	0.7870205640792847
4521	0.01530539896339178	0.11496885120868683	0.7874226570129395
4522	0.014335532672703266	0.11478505283594131	0.7877177000045776
4523	0.01499600987881422	0.11477505415678024	0.7878044843673706
4524	0.014659848064184189	0.11483822017908096	0.7876283526420593
4525	0.0144239142537117	0.11495813727378845	0.7870817184448242
4526	0.015069089829921722	0.11510535329580307	0.7863941788673401
4527	0.014611874707043171	0.11525789648294449	0.7856681942939758
4528	0.015150392428040504	0.11541225016117096	0.7853023409843445
4529	0.014881594106554985	0.11546748876571655	0.7852634191513062
4530	0.014611147344112396	0.11542828381061554	0.7854775190353394
4531	0.014796200208365917	0.11532764136791229	0.7858890891075134
4532	0.014801759272813797	0.11526655405759811	0.786368191242218
4533	0.014257295988500118	0.11522045731544495	0.7868632674217224
4534	0.014844057150185108	0.11522509902715683	0.7871574759483337
4535	0.014535869471728802	0.1152438297867775	0.787317156791687
4536	0.01455860398709774	0.11527013778686523	0.7873422503471375
4537	0.013896291144192219	0.11527781933546066	0.7870967984199524
4538	0.014606933109462261	0.11529237776994705	0.7866668701171875
4539	0.014306703582406044	0.11531873792409897	0.7862560153007507
4540	0.014323731884360313	0.11539948731660843	0.7861147522926331
4541	0.01384205836802721	0.1154571920633316	0.7860830426216125
4542	0.014690440148115158	0.11548697203397751	0.786176860332489
4543	0.014995974488556385	0.11547983437776566	0.7861874103546143
4544	0.015078668482601643	0.11544761806726456	0.7861508131027222
4545	0.015010293573141098	0.11534273624420166	0.7861930131912231
4546	0.014246529899537563	0.11520940065383911	0.7862600088119507
4547	0.01468062773346901	0.11507856845855713	0.7865304946899414
4548	0.014501325786113739	0.11498093605041504	0.7869385480880737
4549	0.014592316932976246	0.11496815830469131	0.7872605323791504
4550	0.01506329607218504	0.11493414640426636	0.7874894142150879
4551	0.014047845266759396	0.11489590257406235	0.787661612033844
4552	0.014097246341407299	0.11489707976579666	0.7876019477844238
4553	0.015192828141152859	0.11491292715072632	0.7873350977897644
4554	0.01412598043680191	0.11497457325458527	0.7868865728378296
4555	0.01468766201287508	0.1150793805718422	0.7865747213363647
4556	0.014371867291629314	0.11515618115663528	0.7863261103630066
4557	0.014321216382086277	0.11519095301628113	0.7860743999481201
4558	0.014397966675460339	0.11521930247545242	0.7859063744544983
4559	0.014250933192670345	0.11518419533967972	0.7860421538352966
4560	0.014432019554078579	0.11511895805597305	0.7863314151763916
4561	0.014423985965549946	0.11507723480463028	0.7866251468658447
4562	0.014741352759301662	0.11502476036548615	0.7871047258377075
4563	0.014407558366656303	0.11498279869556427	0.7872841358184814
4564	0.014539142139256	0.11491798609495163	0.7872648239135742
4565	0.014998706057667732	0.11492258310317993	0.7870926856994629
4566	0.014270179904997349	0.11496714502573013	0.7867417931556702
4567	0.014093675650656223	0.11507071554660797	0.7865243554115295
4568	0.014939486980438232	0.11518837511539459	0.7863858938217163
4569	0.013697908259928226	0.11524956673383713	0.7864853143692017
4570	0.014898509718477726	0.11524088680744171	0.7865850329399109
4571	0.014197112061083317	0.11520563811063766	0.7867260575294495
4572	0.014300921000540257	0.11510244756937027	0.787183403968811
4573	0.014947250485420227	0.11497444659471512	0.7877334356307983
4574	0.01409438531845808	0.11484633386135101	0.7881847023963928
4575	0.013668523170053959	0.11472172290086746	0.7883942127227783
4576	0.014320067130029202	0.11467654258012772	0.788294792175293
4577	0.014956951141357422	0.11468541622161865	0.7880465984344482
4578	0.014536953531205654	0.11465516686439514	0.7876582741737366
4579	0.014095036312937737	0.11464151740074158	0.7872020602226257
4580	0.01502632349729538	0.11462841928005219	0.7867841720581055
4581	0.015088541433215141	0.11463228613138199	0.7865510582923889
4582	0.014079912565648556	0.11467836052179337	0.7865489721298218
4583	0.01447121612727642	0.11477319151163101	0.7868695259094238
4584	0.015173553489148617	0.11489436775445938	0.7872155904769897
4585	0.014659222215414047	0.11501698195934296	0.7874864339828491
4586	0.014362536370754242	0.11509405821561813	0.7875505685806274
4587	0.014021208509802818	0.11504534631967545	0.7875723242759705
4588	0.014233914203941822	0.1149519830942154	0.7874796390533447
4589	0.014331563375890255	0.11489251255989075	0.7871981859207153
4590	0.014533373527228832	0.1148795634508133	0.7871352434158325
4591	0.01421275269240141	0.11485100537538528	0.787131130695343
4592	0.014248790219426155	0.1148262768983841	0.7870306372642517
4593	0.014689985662698746	0.11481712758541107	0.7872470021247864
4594	0.014209956862032413	0.11484961956739426	0.7873061299324036
4595	0.014924231916666031	0.11486368626356125	0.7871969938278198
4596	0.01417555008083582	0.11492706835269928	0.7870393395423889
4597	0.014123909175395966	0.11499682813882828	0.7868204712867737
4598	0.01422801986336708	0.11503314971923828	0.7866223454475403
4599	0.014512356370687485	0.11507488042116165	0.78631591796875
4600	0.014671810902655125	0.11513365805149078	0.7858946323394775
4601	0.01412405539304018	0.11517298221588135	0.7856925129890442
4602	0.013835592195391655	0.11516695469617844	0.7857871651649475
4603	0.014495342038571835	0.11508185416460037	0.7861116528511047
4604	0.01453772559762001	0.11505063623189926	0.7862533330917358
4605	0.01480577141046524	0.11503349244594574	0.7865495681762695
4606	0.014940567314624786	0.11505085974931717	0.786827564239502
4607	0.01465356070548296	0.11506469547748566	0.7870533466339111
4608	0.014553274028003216	0.11516314744949341	0.7870112061500549
4609	0.014998482540249825	0.1152297630906105	0.7866261005401611
4610	0.01499815471470356	0.11527013778686523	0.7862686514854431
4611	0.014433490112423897	0.11526733636856079	0.7861278653144836
4612	0.014735648408532143	0.11526820063591003	0.7859988212585449
4613	0.014674666337668896	0.11526471376419067	0.7857680320739746
4614	0.01422662753611803	0.11528424918651581	0.7857319116592407
4615	0.014687527902424335	0.11533287167549133	0.7856586575508118
4616	0.014883782714605331	0.11537893116474152	0.7856326103210449
4617	0.014796712435781956	0.11543214321136475	0.7855353355407715
4618	0.014125839807093143	0.11548969149589539	0.78557288646698
4619	0.014559224247932434	0.1155305728316307	0.785796582698822
4620	0.01475414726883173	0.1154695600271225	0.7860539555549622
4621	0.01481008529663086	0.11541293561458588	0.7861428260803223
4622	0.014933888800442219	0.11538651585578918	0.7860510349273682
4623	0.014608941040933132	0.11535079032182693	0.7859799861907959
4624	0.014319748617708683	0.11526818573474884	0.7859931588172913
4625	0.014735601842403412	0.11519338190555573	0.7860735058784485
4626	0.014601836912333965	0.11512793600559235	0.7862184047698975
4627	0.014496819116175175	0.11512480676174164	0.7864674925804138
4628	0.014469552785158157	0.11516682058572769	0.7866652011871338
4629	0.015103436075150967	0.11518251895904541	0.7867013812065125
4630	0.014168486930429935	0.1152690127491951	0.7865700721740723
4631	0.015313010662794113	0.11530405282974243	0.786219596862793
4632	0.014264562167227268	0.1152990311384201	0.7860093116760254
4633	0.01463855616748333	0.11525129526853561	0.7858768701553345
4634	0.015250876545906067	0.1151866689324379	0.7857369184494019
4635	0.015141398645937443	0.11510279774665833	0.7859411239624023
4636	0.014424747787415981	0.1150955855846405	0.7859857082366943
4637	0.014719659462571144	0.1151147186756134	0.785925030708313
4638	0.014470182359218597	0.11520303785800934	0.7859991788864136
4639	0.014164822176098824	0.11530148237943649	0.7857295274734497
4640	0.014527364633977413	0.1154402568936348	0.7854763269424438
4641	0.015213198028504848	0.11559978127479553	0.7853025197982788
4642	0.014220057055354118	0.11563007533550262	0.785233199596405
4643	0.014961857348680496	0.11557842046022415	0.7854076027870178
4644	0.014300304464995861	0.11546268314123154	0.7856208682060242
4645	0.014056948013603687	0.11537366360425949	0.7859787940979004
4646	0.014948339201509953	0.11532515287399292	0.7862762808799744
4647	0.014478713274002075	0.11526478081941605	0.7865668535232544
4648	0.014340200461447239	0.11520402133464813	0.7869002223014832
4649	0.015155620872974396	0.1151016503572464	0.7872570157051086
4650	0.014693637378513813	0.11505904793739319	0.787423849105835
4651	0.014830121770501137	0.11505423486232758	0.7874725461006165
4652	0.014689193107187748	0.11499228328466415	0.7874833941459656
4653	0.014479385688900948	0.11493821442127228	0.7872051000595093
4654	0.014564517885446548	0.11491713672876358	0.7870705127716064
4655	0.014879117719829082	0.11500074714422226	0.7868525981903076
4656	0.014501595869660378	0.11508284509181976	0.7865724563598633
4657	0.01465506013482809	0.11513182520866394	0.7862531542778015
4658	0.014655203558504581	0.11512556672096252	0.786064863204956
4659	0.014406074769794941	0.1151048019528389	0.785982608795166
4660	0.014729747548699379	0.11513311415910721	0.7859432697296143
4661	0.014465011656284332	0.11519181728363037	0.7862008213996887
4662	0.014774280600249767	0.11526323854923248	0.7865535616874695
4663	0.014118028804659843	0.11535508930683136	0.7868415713310242
4664	0.014659887179732323	0.11545766144990921	0.7870822548866272
4665	0.014403041452169418	0.11548938602209091	0.7870647311210632
4666	0.014774929732084274	0.11552820354700089	0.786870539188385
4667	0.014148276299238205	0.11557852476835251	0.7867304086685181
4668	0.014617343433201313	0.115566186606884	0.7866272330284119
4669	0.014730723574757576	0.11548978090286255	0.7864910364151001
4670	0.014042878523468971	0.11541580408811569	0.7864995002746582
4671	0.013967014849185944	0.11535927653312683	0.7864292860031128
4672	0.014227310195565224	0.1153060793876648	0.7864899039268494
4673	0.014377431012690067	0.11526226252317429	0.7865025997161865
4674	0.014623680151998997	0.11522513628005981	0.7865340709686279
4675	0.014101773500442505	0.11519494652748108	0.7865806818008423
4676	0.014846853911876678	0.11514288932085037	0.7866193652153015
4677	0.014089694246649742	0.11513303220272064	0.7863474488258362
4678	0.014695416204631329	0.11512839794158936	0.7861770391464233
4679	0.01492928434163332	0.11524012684822083	0.7860916256904602
4680	0.014486538246273994	0.11532843112945557	0.7861266732215881
4681	0.014379676431417465	0.11538306623697281	0.786327600479126
4682	0.014360242523252964	0.11539342254400253	0.7865694165229797
4683	0.014065970666706562	0.11537736654281616	0.7866737246513367
4684	0.014027860015630722	0.11538524925708771	0.7866766452789307
4685	0.014987042173743248	0.11539644002914429	0.7865822315216064
4686	0.014764798805117607	0.1153147891163826	0.7862855792045593
4687	0.014465226791799068	0.1151634156703949	0.7859663963317871
4688	0.014468435198068619	0.11507374793291092	0.7856249809265137
4689	0.0140836788341403	0.11506467312574387	0.7854506373405457
4690	0.014900628477334976	0.11512836813926697	0.7852593064308167
4691	0.014129681512713432	0.11517888307571411	0.7853030562400818
4692	0.01463401596993208	0.11523157358169556	0.7854154109954834
4693	0.01480227243155241	0.11536085605621338	0.7856249809265137
4694	0.014501080848276615	0.11550252884626389	0.7859045267105103
4695	0.014673049561679363	0.11560847610235214	0.7863397002220154
4696	0.01451318059116602	0.1156148910522461	0.7867705821990967
4697	0.014618748798966408	0.11551721394062042	0.7870125770568848
4698	0.014748310670256615	0.11537644267082214	0.7871783971786499
4699	0.0146945770829916	0.11520387977361679	0.7869471311569214
4700	0.014086183160543442	0.11509422212839127	0.7865389585494995
4701	0.014375482685863972	0.11506382375955582	0.785922646522522
4702	0.014745727181434631	0.11511532217264175	0.7854079604148865
4703	0.014640270732343197	0.11516527831554413	0.785271942615509
4704	0.014615286141633987	0.11526558548212051	0.7852161526679993
4705	0.014415080659091473	0.11532527208328247	0.7851704359054565
4706	0.014231360517442226	0.115392304956913	0.7853022217750549
4707	0.01479249820113182	0.11538700759410858	0.7854848504066467
4708	0.014824382029473782	0.11527907103300095	0.7858750224113464
4709	0.014848653227090836	0.11516807973384857	0.7860565781593323
4710	0.014556162059307098	0.11500918120145798	0.7862292528152466
4711	0.014190389774739742	0.11484029144048691	0.7864025235176086
4712	0.014679648913443089	0.11472215503454208	0.7865880131721497
4713	0.01449840422719717	0.11467975378036499	0.7865090370178223
4714	0.014574959874153137	0.11471980810165405	0.786426305770874
4715	0.014756869524717331	0.11476974934339523	0.786357045173645
4716	0.014598752371966839	0.11484778672456741	0.7862945795059204
4717	0.014128412120044231	0.11490148305892944	0.7861200571060181
4718	0.014072131365537643	0.11496175080537796	0.786025881767273
4719	0.014108867384493351	0.11503344774246216	0.7859766483306885
4720	0.014509440399706364	0.11504042148590088	0.7858580350875854
4721	0.015500200912356377	0.11497867852449417	0.785771369934082
4722	0.014095253311097622	0.11485844850540161	0.7858511209487915
4723	0.014485836029052734	0.11475074291229248	0.7860670685768127
4724	0.014480152167379856	0.11468912661075592	0.7863050699234009
4725	0.014401057735085487	0.11472019553184509	0.7866465449333191
4726	0.014829317107796669	0.11480510979890823	0.7865688800811768
4727	0.014403261244297028	0.11485596746206284	0.7863265872001648
4728	0.01482677273452282	0.1148892194032669	0.7861417531967163
4729	0.014897332526743412	0.11494050920009613	0.7858801484107971
4730	0.014401594176888466	0.11504495143890381	0.7854889035224915
4731	0.014468451961874962	0.11515829712152481	0.7853919863700867
4732	0.014567478559911251	0.11523265391588211	0.7854066491127014
4733	0.014705279842019081	0.11523660272359848	0.7856569290161133
4734	0.01455350499600172	0.115207739174366	0.7859383225440979
4735	0.014451475813984871	0.11517012119293213	0.7860231995582581
4736	0.01426513772457838	0.11510302126407623	0.7863092422485352
4737	0.014128182083368301	0.11509715020656586	0.7863097786903381
4738	0.01426620688289404	0.11513126641511917	0.7861797213554382
4739	0.014482302591204643	0.11517999321222305	0.7860161662101746
4740	0.014528234489262104	0.1152128279209137	0.785977303981781
4741	0.01527450792491436	0.11528278142213821	0.7859602570533752
4742	0.014781513251364231	0.1153775081038475	0.7860318422317505
4743	0.014225843362510204	0.11543136835098267	0.7858840823173523
4744	0.014399813488125801	0.11539623141288757	0.7858796119689941
4745	0.014457830227911472	0.11539135128259659	0.7857534289360046
4746	0.015252978540956974	0.1153838187456131	0.7857789993286133
4747	0.01401069201529026	0.11538582295179367	0.7859726548194885
4748	0.01478208415210247	0.1153777465224266	0.786137044429779
4749	0.014393100515007973	0.11534741520881653	0.7862825989723206
4750	0.01442636363208294	0.11528939008712769	0.7864663600921631
4751	0.01435916218906641	0.11524828523397446	0.7864220142364502
4752	0.01449920330196619	0.11520703881978989	0.7864324450492859
4753	0.014111132360994816	0.11511338502168655	0.7863470315933228
4754	0.014143054373562336	0.11506030708551407	0.7862064838409424
4755	0.014628714881837368	0.1150561198592186	0.7860517501831055
4756	0.014261431060731411	0.11511997878551483	0.7856967449188232
4757	0.014448347501456738	0.11518525332212448	0.7854726910591125
4758	0.01442949753254652	0.11528930068016052	0.785398006439209
4759	0.014627242460846901	0.11537180840969086	0.7855930924415588
4760	0.014650763012468815	0.11547771096229553	0.785622775554657
4761	0.014973876997828484	0.1155066043138504	0.7854797840118408
4762	0.015079585835337639	0.11536601185798645	0.7854623198509216
4763	0.014497019350528717	0.1151864156126976	0.7856040000915527
4764	0.014439469203352928	0.1149909570813179	0.7856711149215698
4765	0.01428182702511549	0.11486299335956573	0.785944938659668
4766	0.014158204197883606	0.11478687077760696	0.7862878441810608
4767	0.014167129062116146	0.11474867165088654	0.7865754961967468
4768	0.014624958857893944	0.11472494155168533	0.7869204878807068
4769	0.014765973202884197	0.11477608233690262	0.7872177958488464
4770	0.014157884754240513	0.11489864438772202	0.7873490452766418
4771	0.014259413816034794	0.11492171883583069	0.7872071862220764
4772	0.014499716460704803	0.11491797119379044	0.7867807745933533
4773	0.014273403212428093	0.11491858214139938	0.7863525152206421
4774	0.01445281133055687	0.11493396759033203	0.785937488079071
4775	0.014213167130947113	0.11493995785713196	0.7856423258781433
4776	0.014650731347501278	0.11490866541862488	0.7857712507247925
4777	0.01444505900144577	0.1148727685213089	0.786066472530365
4778	0.013957913964986801	0.11481724679470062	0.7864741683006287
4779	0.014699781313538551	0.11484254151582718	0.7866043448448181
4780	0.014370603486895561	0.114890918135643	0.7864330410957336
4781	0.01485592219978571	0.11488187313079834	0.786549985408783
4782	0.013963982462882996	0.11487981677055359	0.7865327000617981
4783	0.01439443975687027	0.11486198753118515	0.7865594625473022
4784	0.014816876500844955	0.11486605554819107	0.7865368723869324
4785	0.014518015086650848	0.1148708313703537	0.7863629460334778
4786	0.014476858079433441	0.11495498567819595	0.7861713767051697
4787	0.014150172472000122	0.11503802239894867	0.7861024141311646
4788	0.014391767792403698	0.11502176523208618	0.7862977981567383
4789	0.014599055983126163	0.11491010338068008	0.7864324450492859
4790	0.013789096847176552	0.11484362930059433	0.7864981293678284
4791	0.014106160029768944	0.11483769118785858	0.7869939804077148
4792	0.014398167841136456	0.11484748125076294	0.7873555421829224
4793	0.014321497641503811	0.11487603187561035	0.7875823974609375
4794	0.01479286327958107	0.11490588635206223	0.7874855995178223
4795	0.01461963914334774	0.11492063850164413	0.7871806621551514
4796	0.014568289741873741	0.11488772928714752	0.7869084477424622
4797	0.014376908540725708	0.11479371041059494	0.7870055437088013
4798	0.014646705240011215	0.11468715965747833	0.7870467901229858
4799	0.014555939473211765	0.11463025212287903	0.7869935035705566
4800	0.014213666319847107	0.11459619551897049	0.7868953347206116
4801	0.014388883486390114	0.11460104584693909	0.7870041131973267
4802	0.01475462131202221	0.11461198329925537	0.7871766090393066
4803	0.013684184290468693	0.11467049270868301	0.7872305512428284
4804	0.013793925754725933	0.11471793055534363	0.7872191667556763
4805	0.014501363039016724	0.11470761150121689	0.787036120891571
4806	0.014061152935028076	0.11467736214399338	0.7865549921989441
4807	0.014094327576458454	0.11464733630418777	0.7861744165420532
4808	0.014338988810777664	0.1146821677684784	0.7859078049659729
4809	0.014342733658850193	0.1147126629948616	0.785966157913208
4810	0.01507987268269062	0.1147451400756836	0.7863228917121887
4811	0.014768124558031559	0.11482138186693192	0.7868796586990356
4812	0.01356473658233881	0.11491773277521133	0.7872895002365112
4813	0.014136165380477905	0.11501479893922806	0.7874563336372375
4814	0.014449361711740494	0.11505012959241867	0.7873001098632812
4815	0.014264416880905628	0.11500591784715652	0.7871664762496948
4816	0.014340209774672985	0.11493940651416779	0.7868379354476929
4817	0.014378899708390236	0.11492809653282166	0.7863441109657288
4818	0.014322149567306042	0.11491113901138306	0.7862110137939453
4819	0.014111332595348358	0.11489034444093704	0.7862188220024109
4820	0.014153794385492802	0.11492714285850525	0.7862814664840698
4821	0.01498719584196806	0.11493706703186035	0.7864698171615601
4822	0.014048172160983086	0.11498194187879562	0.7867464423179626
4823	0.014506435953080654	0.11497962474822998	0.7868640422821045
4824	0.014624493196606636	0.11494217067956924	0.7867313623428345
4825	0.014199493452906609	0.11490431427955627	0.7866760492324829
4826	0.01429609302431345	0.11486120522022247	0.7865826487541199
4827	0.014112679287791252	0.11478355526924133	0.7865406274795532
4828	0.014333277940750122	0.11466006934642792	0.7869329452514648
4829	0.01469782181084156	0.11458095908164978	0.7875044345855713
4830	0.014792458154261112	0.11462900787591934	0.7878447771072388
4831	0.014410445466637611	0.11469592899084091	0.7879428863525391
4832	0.014808259904384613	0.11471284180879593	0.7877900004386902
4833	0.01482307817786932	0.114799365401268	0.7874945998191833
4834	0.014353746548295021	0.11494757235050201	0.787268877029419
4835	0.014409453608095646	0.11506447196006775	0.7872536182403564
4836	0.01469598338007927	0.11514071375131607	0.7871710062026978
4837	0.014301084913313389	0.11512096971273422	0.7867647409439087
4838	0.014702347107231617	0.11510033160448074	0.7864392399787903
4839	0.014266807585954666	0.11506129801273346	0.7864170670509338
4840	0.014654955826699734	0.11503929644823074	0.7864654660224915
4841	0.01381954550743103	0.11503572016954422	0.7867397665977478
4842	0.014588534832000732	0.11508107930421829	0.7869143486022949
4843	0.014485838823020458	0.11516063660383224	0.7869728803634644
4844	0.014230738393962383	0.11518368124961853	0.7868362665176392
4845	0.014718635939061642	0.11516158282756805	0.7864210605621338
4846	0.014582516625523567	0.11515987664461136	0.7860745787620544
4847	0.014759308658540249	0.11510369926691055	0.7857957482337952
4848	0.014235059730708599	0.11504059284925461	0.7856540679931641
4849	0.014441845007240772	0.11502346396446228	0.7856400609016418
4850	0.014828094281256199	0.11509445309638977	0.7859435081481934
4851	0.014310773462057114	0.11510848999023438	0.7864993810653687
4852	0.014922400936484337	0.11509925127029419	0.7870388627052307
4853	0.015093464404344559	0.11509976536035538	0.7874866724014282
4854	0.01445605419576168	0.11511014401912689	0.7877606153488159
4855	0.014548451639711857	0.11514793336391449	0.7878782749176025
4856	0.014718708582222462	0.11520490050315857	0.7876068353652954
4857	0.014584383927285671	0.11524663120508194	0.7872216701507568
4858	0.014383074827492237	0.11523336917161942	0.7866896986961365
4859	0.014611110091209412	0.11513300985097885	0.7863181829452515
4860	0.015143068507313728	0.11501657962799072	0.7861380577087402
4861	0.015237832441926003	0.11497510224580765	0.7860285043716431
4862	0.014469141140580177	0.1149747222661972	0.7860374450683594
4863	0.014262848533689976	0.11501554399728775	0.7859501838684082
4864	0.014955719001591206	0.11513000726699829	0.7858542799949646
4865	0.014308089390397072	0.11521431803703308	0.785861611366272
4866	0.014225530438125134	0.11524949967861176	0.7862001657485962
4867	0.014686605893075466	0.11518554389476776	0.7864735126495361
4868	0.014176711440086365	0.11505798995494843	0.7867639064788818
4869	0.01422993652522564	0.1149548664689064	0.7870009541511536
4870	0.01391863077878952	0.11483921855688095	0.7871995568275452
4871	0.014977837912738323	0.11473669856786728	0.7870815992355347
4872	0.01463446393609047	0.11469356715679169	0.787031888961792
4873	0.014396400190889835	0.11467155069112778	0.7869706749916077
4874	0.014362858608365059	0.11469559371471405	0.7868764996528625
4875	0.014217182993888855	0.1147693619132042	0.7865661382675171
4876	0.014656111598014832	0.11479883641004562	0.7863562107086182
4877	0.01388488058000803	0.11479194462299347	0.7862846255302429
4878	0.014536993578076363	0.11473724991083145	0.7863283157348633
4879	0.014135266654193401	0.11469431966543198	0.7864061594009399
4880	0.014198520220816135	0.1147269532084465	0.7864658236503601
4881	0.014174516312777996	0.11476103961467743	0.7868039608001709
4882	0.014023267664015293	0.11484583467245102	0.7870961427688599
4883	0.01480530109256506	0.11494328826665878	0.787207305431366
4884	0.013909503817558289	0.11502052843570709	0.7869079113006592
4885	0.014095439575612545	0.1151234582066536	0.7864229679107666
4886	0.014186268672347069	0.11520595848560333	0.785859227180481
4887	0.014306335709989071	0.11523931473493576	0.7855439782142639
4888	0.01501003373414278	0.11527489870786667	0.7854070067405701
4889	0.014298485592007637	0.11526147276163101	0.7855579853057861
4890	0.014381292276084423	0.11520841717720032	0.7859975099563599
4891	0.01502098236232996	0.11516233533620834	0.7864876985549927
4892	0.014691769145429134	0.11517088860273361	0.7867917418479919
4893	0.014310869388282299	0.11511421203613281	0.787013053894043
4894	0.01484728790819645	0.11503633111715317	0.7874050140380859
4895	0.014866640791296959	0.11499040573835373	0.7875709533691406
4896	0.014597694389522076	0.11494425684213638	0.787566602230072
4897	0.014587598852813244	0.1149098128080368	0.7874770760536194
4898	0.01410366129130125	0.11484052985906601	0.7871933579444885
4899	0.014136173762381077	0.11478272825479507	0.7869288921356201
4900	0.01461150124669075	0.11480003595352173	0.7867429256439209
4901	0.014173867180943489	0.11490564793348312	0.7865092754364014
4902	0.013849569484591484	0.1150243729352951	0.7864425778388977
4903	0.014595188200473785	0.11512221395969391	0.7863789200782776
4904	0.014463752508163452	0.11518972367048264	0.7863785624504089
4905	0.01446863915771246	0.11512927711009979	0.7864759564399719
4906	0.015542798675596714	0.11503420025110245	0.7866916656494141
4907	0.014970733784139156	0.11496017873287201	0.7868925333023071
4908	0.01435236819088459	0.11495250463485718	0.7869001626968384
4909	0.01406078226864338	0.11495942622423172	0.7870610356330872
4910	0.013994565233588219	0.11500232666730881	0.787018895149231
4911	0.014669415540993214	0.1150495707988739	0.7867578864097595
4912	0.014176599681377411	0.11520349979400635	0.78651362657547
4913	0.014467488043010235	0.11535117030143738	0.786422073841095
4914	0.014496336691081524	0.11543717980384827	0.7862755656242371
4915	0.013982732780277729	0.1155024915933609	0.7859745025634766
4916	0.014432413503527641	0.11551952362060547	0.7858095765113831
4917	0.014649797230958939	0.11543002724647522	0.7859109044075012
4918	0.014696823433041573	0.11529596894979477	0.7860872149467468
4919	0.014605364762246609	0.1151360273361206	0.7863070964813232
4920	0.014980721287429333	0.11499051004648209	0.7866067290306091
4921	0.014769468456506729	0.11490757763385773	0.7866923213005066
4922	0.014203454367816448	0.11486288905143738	0.786799967288971
4923	0.014062776230275631	0.1148616373538971	0.7869138717651367
4924	0.014902397058904171	0.11495080590248108	0.7870293855667114
4925	0.014914726838469505	0.11507152765989304	0.787011981010437
4926	0.014823678880929947	0.11517307162284851	0.7866628170013428
4927	0.014222734607756138	0.11519082635641098	0.7863187193870544
4928	0.014507679268717766	0.11517113447189331	0.7861441373825073
4929	0.01437490526586771	0.1151214987039566	0.7859319448471069
4930	0.01429925486445427	0.11507563292980194	0.785750150680542
4931	0.014412461780011654	0.11509492993354797	0.785659909248352
4932	0.014596417546272278	0.11510910838842392	0.7860046625137329
4933	0.014850519597530365	0.11507175117731094	0.7864047288894653
4934	0.014909596182405949	0.11509865522384644	0.786742091178894
4935	0.014333541505038738	0.11516211181879044	0.786814272403717
4936	0.01502273604273796	0.11522095650434494	0.7867094874382019
4937	0.014369839802384377	0.11523973941802979	0.7866471409797668
4938	0.014622025191783905	0.11524559557437897	0.7863379716873169
4939	0.014885309152305126	0.11516796052455902	0.7861418724060059
4940	0.013945686630904675	0.11501326411962509	0.7862740755081177
4941	0.015438905917108059	0.1149052083492279	0.7866833209991455
4942	0.014360640197992325	0.11491251736879349	0.7869484424591064
4943	0.014537413604557514	0.11496514827013016	0.7869334816932678
4944	0.014443259686231613	0.11497270315885544	0.7866928577423096
4945	0.014195739291608334	0.11495988816022873	0.7862435579299927
4946	0.013845711015164852	0.11497955769300461	0.7857963442802429
4947	0.014197718352079391	0.11507342010736465	0.7854802012443542
4948	0.014161944389343262	0.11523288488388062	0.78531414270401
4949	0.014281224459409714	0.11535532027482986	0.7853463292121887
4950	0.014372533187270164	0.11542212218046188	0.7855035066604614
4951	0.014237459748983383	0.1154346913099289	0.7858306169509888
4952	0.014362775720655918	0.11537890881299973	0.7861426472663879
4953	0.014275919646024704	0.11527392268180847	0.7866113185882568
4954	0.014234068803489208	0.11513853073120117	0.7869969606399536
4955	0.01436077244579792	0.11498171836137772	0.7871389985084534
4956	0.014949635602533817	0.11493191123008728	0.7870886325836182
4957	0.014035271480679512	0.11495142430067062	0.7870466113090515
4958	0.014916578307747841	0.11499959230422974	0.7870426774024963
4959	0.014308996498584747	0.11508919298648834	0.7867493033409119
4960	0.014311756938695908	0.11512821167707443	0.7865556478500366
4961	0.014442622661590576	0.11518692970275879	0.786285400390625
4962	0.013863243162631989	0.1151958480477333	0.7861201167106628
4963	0.014074679464101791	0.11509278416633606	0.7861257195472717
4964	0.014454856514930725	0.11502224951982498	0.7862548828125
4965	0.013517354615032673	0.11502831429243088	0.7865567803382874
4966	0.014377020299434662	0.11505860835313797	0.7866714596748352
4967	0.014596442691981792	0.11507782340049744	0.7864865064620972
4968	0.014820145443081856	0.11509307473897934	0.7863138318061829
4969	0.014397664926946163	0.11511828750371933	0.786203145980835
4970	0.014688319526612759	0.11511961370706558	0.7861918210983276
4971	0.01465240865945816	0.1151517704129219	0.7861242890357971
4972	0.013739638030529022	0.11519183963537216	0.7862735986709595
4973	0.014688855037093163	0.11524263769388199	0.7863155603408813
4974	0.014495953917503357	0.11524169147014618	0.7861868739128113
4975	0.014653833582997322	0.11515578627586365	0.7861312031745911
4976	0.014017629437148571	0.11507192999124527	0.7862266302108765
4977	0.014598370529711246	0.11500641703605652	0.7864569425582886
4978	0.014229600317776203	0.11495020240545273	0.7864465117454529
4979	0.014861032366752625	0.1149384155869484	0.7864064574241638
4980	0.014089955948293209	0.11490806192159653	0.7863896489143372
4981	0.014946351759135723	0.11489692330360413	0.7867174744606018
4982	0.014678705483675003	0.11496967822313309	0.7871900796890259
4983	0.01442517526447773	0.11507146805524826	0.7874326705932617
4984	0.014398012310266495	0.11518768966197968	0.7874255776405334
4985	0.014383994042873383	0.11526195704936981	0.7873072624206543
4986	0.01383922528475523	0.11526089906692505	0.7870588302612305
4987	0.01438952051103115	0.11515884846448898	0.7866818308830261
4988	0.014477012678980827	0.11507337540388107	0.7864465713500977
4989	0.013995214365422726	0.11500678956508636	0.7863833904266357
4990	0.014154133386909962	0.11499886214733124	0.7865691781044006
4991	0.014622042886912823	0.11507528275251389	0.786815881729126
4992	0.013756000436842442	0.11513536423444748	0.787334680557251
4993	0.014508277177810669	0.1152053028345108	0.7878063321113586
4994	0.014416592195630074	0.11516477167606354	0.7878793478012085
4995	0.01476299948990345	0.11506220698356628	0.7878051996231079
4996	0.014989216811954975	0.11496955156326294	0.7876319289207458
4997	0.014786826446652412	0.11487501114606857	0.7874894142150879
4998	0.014711125753819942	0.114817313849926	0.7873035669326782
4999	0.014977548271417618	0.11479490995407104	0.7871290445327759
