epoch	train_loss	test_loss	test_metric_sample	test_metric_label
0	0.06094323843717575	0.24363574385643005	0.14302268624305725	0.01664125546813011
1	0.04979080334305763	0.23415203392505646	0.22854909300804138	0.03698091581463814
2	0.046215832233428955	0.21830135583877563	0.3159547746181488	0.053292494267225266
3	0.042504750192165375	0.20710335671901703	0.39148980379104614	0.06770225614309311
4	0.039834171533584595	0.2026868313550949	0.4375922381877899	0.08181953430175781
5	0.03853102773427963	0.19988252222537994	0.4679121673107147	0.09646507352590561
6	0.03757726028561592	0.19843719899654388	0.48769474029541016	0.11162539571523666
7	0.037165310233831406	0.1972687989473343	0.4978374242782593	0.12622947990894318
8	0.036728616803884506	0.1960420459508896	0.5055838227272034	0.13943159580230713
9	0.03675847873091698	0.19478678703308105	0.5131651759147644	0.15046446025371552
10	0.036613546311855316	0.19439829885959625	0.5175915360450745	0.1595451533794403
11	0.036321673542261124	0.19499440491199493	0.5172895789146423	0.16711853444576263
12	0.03613431379199028	0.19592025876045227	0.5158750414848328	0.1736830174922943
13	0.036014024168252945	0.19667790830135345	0.5160507559776306	0.17986571788787842
14	0.03567631542682648	0.19701622426509857	0.5179132223129272	0.18608041107654572
15	0.03518583998084068	0.19712039828300476	0.5196359157562256	0.19229242205619812
16	0.03501741960644722	0.19689549505710602	0.5216839909553528	0.1980908364057541
17	0.03486045449972153	0.19590258598327637	0.5260257124900818	0.2031773328781128
18	0.03449385240674019	0.19445769488811493	0.5312032103538513	0.2076251208782196
19	0.03432612493634224	0.19322586059570312	0.5341997146606445	0.21162208914756775
20	0.03412514179944992	0.19248171150684357	0.5343429446220398	0.21533656120300293
21	0.033887624740600586	0.19209769368171692	0.5332775712013245	0.21875318884849548
22	0.03364967182278633	0.19161707162857056	0.5335962772369385	0.22215905785560608
23	0.033626291900873184	0.19117596745491028	0.5342411994934082	0.22563371062278748
24	0.03331195190548897	0.19089540839195251	0.534710705280304	0.2293618619441986
25	0.03329096734523773	0.19075967371463776	0.5360586047172546	0.23318856954574585
26	0.03325977921485901	0.19043582677841187	0.5398312211036682	0.23714089393615723
27	0.03284287080168724	0.18972870707511902	0.5451858639717102	0.24113483726978302
28	0.03271358087658882	0.18899425864219666	0.5500576496124268	0.24505507946014404
29	0.03250589594244957	0.1884739249944687	0.553668200969696	0.24903206527233124
30	0.032337602227926254	0.188002809882164	0.5571140646934509	0.25288107991218567
31	0.032271213829517365	0.18755649030208588	0.560088038444519	0.25671693682670593
32	0.0321415476500988	0.18740682303905487	0.561989426612854	0.260562539100647
33	0.03182340785861015	0.18731412291526794	0.5633301138877869	0.2644007205963135
34	0.031658291816711426	0.18714338541030884	0.5651314854621887	0.2681504786014557
35	0.03164444491267204	0.1871841847896576	0.5664949417114258	0.2716628611087799
36	0.03143937513232231	0.18743515014648438	0.5675519108772278	0.2750352919101715
37	0.03136950731277466	0.18749937415122986	0.5699138641357422	0.2782139480113983
38	0.03106130287051201	0.18743272125720978	0.5726165771484375	0.2815452814102173
39	0.030838219448924065	0.18716315925121307	0.5760285258293152	0.28528034687042236
40	0.030815934762358665	0.18699665367603302	0.5789442658424377	0.28902825713157654
41	0.030557984486222267	0.18705837428569794	0.580420970916748	0.2927689552307129
42	0.03060930222272873	0.18718881905078888	0.5813431739807129	0.2960803508758545
43	0.03051563911139965	0.1869768649339676	0.5824270844459534	0.29909956455230713
44	0.03016635589301586	0.18684127926826477	0.5830159187316895	0.30204063653945923
45	0.03013889119029045	0.18685844540596008	0.5837797522544861	0.30483824014663696
46	0.02991660311818123	0.18685205280780792	0.5849934220314026	0.3077055513858795
47	0.02972147800028324	0.18667109310626984	0.5859663486480713	0.31056350469589233
48	0.029720718041062355	0.18627281486988068	0.5861229300498962	0.31344643235206604
49	0.029623933136463165	0.18587252497673035	0.5865399241447449	0.31637081503868103
50	0.02952299825847149	0.18569305539131165	0.5866211652755737	0.3189338743686676
51	0.029468506574630737	0.18587762117385864	0.5870828628540039	0.321197509765625
52	0.029188260436058044	0.18609455227851868	0.5886312127113342	0.3232758641242981
53	0.029080931097269058	0.18573938310146332	0.5917310118675232	0.3257642984390259
54	0.02921636588871479	0.18543222546577454	0.5938197374343872	0.32863086462020874
55	0.028938161209225655	0.1851680874824524	0.5949485301971436	0.33163443207740784
56	0.02867456153035164	0.18501107394695282	0.5953840613365173	0.33423033356666565
57	0.028618261218070984	0.18500366806983948	0.5956574082374573	0.3363281190395355
58	0.028586599975824356	0.18531672656536102	0.5951730608940125	0.3383024036884308
59	0.028364447876811028	0.18514284491539001	0.5963665246963501	0.3404068648815155
60	0.028403686359524727	0.18452341854572296	0.5985692143440247	0.34274888038635254
61	0.02815609984099865	0.18446038663387299	0.5989906787872314	0.3449462652206421
62	0.027858244255185127	0.1842895895242691	0.6000667810440063	0.3471473753452301
63	0.027955086901783943	0.18424922227859497	0.6021882891654968	0.3492174744606018
64	0.028112269937992096	0.1840522140264511	0.6049479842185974	0.35131004452705383
65	0.027647625654935837	0.18375711143016815	0.6066266894340515	0.35342273116111755
66	0.027484051883220673	0.18378214538097382	0.6060577034950256	0.3553404211997986
67	0.027137337252497673	0.18365484476089478	0.6051399111747742	0.356984943151474
68	0.027257995679974556	0.18385620415210724	0.6043508648872375	0.3583844304084778
69	0.027549194172024727	0.18387757241725922	0.6057540774345398	0.3597562611103058
70	0.026946470141410828	0.18391774594783783	0.608691930770874	0.36138540506362915
71	0.027024492621421814	0.18440741300582886	0.6098559498786926	0.3630647361278534
72	0.027048299089074135	0.1839791089296341	0.6114493012428284	0.3646595776081085
73	0.0267040953040123	0.18358683586120605	0.6116490960121155	0.3659573793411255
74	0.02661828324198723	0.18308310210704803	0.612531304359436	0.36720722913742065
75	0.026744788512587547	0.18315449357032776	0.61328125	0.3684680163860321
76	0.02648034878075123	0.1839183121919632	0.6133223176002502	0.37005817890167236
77	0.026305481791496277	0.18483862280845642	0.6121637225151062	0.3716666102409363
78	0.02611383982002735	0.18419089913368225	0.6134430170059204	0.3734493851661682
79	0.026073317974805832	0.18305790424346924	0.6148961186408997	0.3750980794429779
80	0.02595478855073452	0.18245761096477509	0.6152976155281067	0.3768598735332489
81	0.025750573724508286	0.18258702754974365	0.6172016263008118	0.37875884771347046
82	0.02589576318860054	0.18339239060878754	0.618567943572998	0.3810233473777771
83	0.025646544992923737	0.18378505110740662	0.6193782091140747	0.382913202047348
84	0.025636399164795876	0.1831899881362915	0.6220626831054688	0.3847969174385071
85	0.025483686476945877	0.18244701623916626	0.6240096688270569	0.38627108931541443
86	0.025556866079568863	0.18251073360443115	0.6236740350723267	0.3874308466911316
87	0.02518651820719242	0.18320424854755402	0.6239337921142578	0.3883509635925293
88	0.025164300575852394	0.18365280330181122	0.6250077486038208	0.38978591561317444
89	0.02493416890501976	0.18348468840122223	0.6255037784576416	0.39109453558921814
90	0.02472248114645481	0.18293608725070953	0.6259348392486572	0.3921072781085968
91	0.02483503520488739	0.18285895884037018	0.6247522830963135	0.3928636312484741
92	0.024771681055426598	0.1829458773136139	0.6247153282165527	0.393899530172348
93	0.024574732407927513	0.18243175745010376	0.6293989419937134	0.3957679271697998
94	0.024419590830802917	0.18262840807437897	0.6315212845802307	0.3975692689418793
95	0.024480128660798073	0.1829417645931244	0.631027340888977	0.3990618884563446
96	0.02448723465204239	0.18308988213539124	0.6297205090522766	0.40019264817237854
97	0.024281492456793785	0.18342472612857819	0.6288406252861023	0.400854229927063
98	0.02415604144334793	0.18292668461799622	0.6317227482795715	0.40201181173324585
99	0.024123184382915497	0.18216285109519958	0.6356580853462219	0.40340858697891235
100	0.023973556235432625	0.1821494847536087	0.6362696886062622	0.4044426679611206
101	0.023703645914793015	0.1825425773859024	0.634391188621521	0.40528154373168945
102	0.023947129026055336	0.18317365646362305	0.6318225264549255	0.40523651242256165
103	0.023673083633184433	0.18239204585552216	0.6339975595474243	0.40563517808914185
104	0.023480653762817383	0.1813967078924179	0.6384017467498779	0.4065936803817749
105	0.023545073345303535	0.18135888874530792	0.6410334706306458	0.4066862463951111
106	0.02348899655044079	0.1827099621295929	0.6377151012420654	0.4059164524078369
107	0.023344090208411217	0.18337804079055786	0.6344177722930908	0.4055624008178711
108	0.023346558213233948	0.18252475559711456	0.6367272138595581	0.40598469972610474
109	0.023370493203401566	0.1820307970046997	0.6381208300590515	0.40650081634521484
110	0.023302750661969185	0.1821672022342682	0.6384360790252686	0.40730324387550354
111	0.023140225559473038	0.18334370851516724	0.635819137096405	0.4079972207546234
112	0.022994033992290497	0.1826936900615692	0.6386439800262451	0.40877771377563477
113	0.022895311936736107	0.18186695873737335	0.6414921879768372	0.4092382788658142
114	0.022671470418572426	0.182362899184227	0.6398923397064209	0.40980321168899536
115	0.022658539935946465	0.18419456481933594	0.6338373422622681	0.41032281517982483
116	0.022557558491826057	0.18431903421878815	0.635927140712738	0.41103479266166687
117	0.022476185113191605	0.18260593712329865	0.6440749764442444	0.41205859184265137
118	0.022494368255138397	0.18184895813465118	0.6462286114692688	0.41283974051475525
119	0.02241683565080166	0.1827821284532547	0.6420570015907288	0.4132544696331024
120	0.02222413942217827	0.18379485607147217	0.6378333568572998	0.41340455412864685
121	0.022105427458882332	0.1825176328420639	0.6429727077484131	0.4146641194820404
122	0.022252412512898445	0.181992307305336	0.6453834176063538	0.4158802628517151
123	0.022009871900081635	0.18246661126613617	0.644672155380249	0.4166995584964752
124	0.021809274330735207	0.18296639621257782	0.6438295245170593	0.41677698493003845
125	0.021856477484107018	0.18349356949329376	0.6428918242454529	0.41609784960746765
126	0.021628566086292267	0.18271411955356598	0.6457512378692627	0.41546401381492615
127	0.021851908415555954	0.18255335092544556	0.6459600925445557	0.41531556844711304
128	0.021683387458324432	0.18361951410770416	0.6415743827819824	0.41556087136268616
129	0.021473916247487068	0.18459665775299072	0.6385622620582581	0.41574782133102417
130	0.021207498386502266	0.18317611515522003	0.6447065472602844	0.4168267250061035
131	0.021280411630868912	0.18275387585163116	0.6464754343032837	0.4171940088272095
132	0.021288663148880005	0.18340922892093658	0.6435554027557373	0.4170871675014496
133	0.021455420181155205	0.184137761592865	0.6397754549980164	0.4164561927318573
134	0.021104637533426285	0.18394042551517487	0.6415428519248962	0.4158709943294525
135	0.020988348871469498	0.18356792628765106	0.6441968083381653	0.416027307510376
136	0.02099759876728058	0.1839730143547058	0.6427231431007385	0.4168822467327118
137	0.020815646275877953	0.18400871753692627	0.6422209739685059	0.41770681738853455
138	0.020894212648272514	0.18280303478240967	0.6465696692466736	0.41817542910575867
139	0.020783940330147743	0.18315020203590393	0.6468239426612854	0.41785237193107605
140	0.02073206938803196	0.18548361957073212	0.6384016275405884	0.4169379770755768
141	0.020624915137887	0.1864178627729416	0.6346861720085144	0.41642022132873535
142	0.020489422604441643	0.1843964159488678	0.6422002911567688	0.41680634021759033
143	0.020538806915283203	0.18339356780052185	0.6462616920471191	0.41726237535476685
144	0.020446063950657845	0.18470604717731476	0.6420177817344666	0.41727036237716675
145	0.020520538091659546	0.18738128244876862	0.6331106424331665	0.41644737124443054
146	0.02023511752486229	0.18643465638160706	0.6375747323036194	0.4171624481678009
147	0.020280446857213974	0.18397220969200134	0.6457356214523315	0.4187188744544983
148	0.02021179534494877	0.18301862478256226	0.6465413570404053	0.4198004901409149
149	0.020054778084158897	0.18473941087722778	0.6383883953094482	0.4195379912853241
150	0.019958049058914185	0.18614237010478973	0.6346395015716553	0.41880276799201965
151	0.020011477172374725	0.18515290319919586	0.6421915888786316	0.41886696219444275
152	0.019865838810801506	0.1840488314628601	0.6471108198165894	0.41958630084991455
153	0.02019481547176838	0.18418917059898376	0.6448505520820618	0.4194292724132538
154	0.019576873630285263	0.18505986034870148	0.6406086087226868	0.4188469648361206
155	0.019640101119875908	0.18558984994888306	0.6389195322990417	0.41777896881103516
156	0.01970830000936985	0.18538524210453033	0.6408734321594238	0.41694608330726624
157	0.01952381618320942	0.18505023419857025	0.6434047222137451	0.41705846786499023
158	0.019517770037055016	0.1857198178768158	0.6405760049819946	0.4173950254917145
159	0.019432319328188896	0.1857234686613083	0.6396571397781372	0.4179632365703583
160	0.019424958154559135	0.1848798394203186	0.6426387429237366	0.41852524876594543
161	0.01916891522705555	0.18469755351543427	0.6440536379814148	0.4188564419746399
162	0.018928764387965202	0.18553704023361206	0.6422535181045532	0.4185737073421478
163	0.01926656998693943	0.18583030998706818	0.643033504486084	0.4195447266101837
164	0.018958596512675285	0.1854216754436493	0.6445073485374451	0.4207673966884613
165	0.018976233899593353	0.18512552976608276	0.6446967124938965	0.42148807644844055
166	0.019019072875380516	0.18583163619041443	0.6410457491874695	0.4210890233516693
167	0.01894785277545452	0.1858496367931366	0.6416020393371582	0.4208662807941437
168	0.01867835409939289	0.18601422011852264	0.6417719125747681	0.42058587074279785
169	0.018884161487221718	0.1862429529428482	0.6405149698257446	0.42041680216789246
170	0.018809372559189796	0.18734990060329437	0.6344483494758606	0.41963908076286316
171	0.018762459978461266	0.18632829189300537	0.6381675601005554	0.41943737864494324
172	0.018637223169207573	0.18585602939128876	0.6414374113082886	0.4187760651111603
173	0.01841490902006626	0.18621832132339478	0.6399532556533813	0.41800400614738464
174	0.01841624639928341	0.18720899522304535	0.6341659426689148	0.4177923798561096
175	0.018397577106952667	0.18671543896198273	0.6354273557662964	0.4189157485961914
176	0.018375558778643608	0.18575365841388702	0.6402619481086731	0.4202069938182831
177	0.018331976607441902	0.18600769340991974	0.6399430632591248	0.4200707674026489
178	0.01812790334224701	0.187465101480484	0.6338433027267456	0.41886696219444275
179	0.01824481226503849	0.187291219830513	0.6347712874412537	0.41864868998527527
180	0.01811903528869152	0.18608902394771576	0.6390363574028015	0.41926875710487366
181	0.018056780099868774	0.18601973354816437	0.6382461786270142	0.41956865787506104
182	0.018065858632326126	0.1865544468164444	0.6366718411445618	0.4193984568119049
183	0.017961561679840088	0.18742895126342773	0.633959174156189	0.41909685730934143
184	0.017901387065649033	0.18725228309631348	0.6363934278488159	0.419991672039032
185	0.017713073641061783	0.18645602464675903	0.6418329477310181	0.4216621518135071
186	0.01770896278321743	0.18651771545410156	0.6417743563652039	0.42263272404670715
187	0.017737826332449913	0.1871616244316101	0.6374384760856628	0.4227534830570221
188	0.01748775690793991	0.18696807324886322	0.6361513137817383	0.42257100343704224
189	0.017655499279499054	0.18618829548358917	0.6382778286933899	0.422402948141098
190	0.0174692552536726	0.18589384853839874	0.6391186118125916	0.42280349135398865
191	0.017455527558922768	0.18624839186668396	0.6378551125526428	0.4229904115200043
192	0.017158357426524162	0.18735547363758087	0.6357764005661011	0.42235299944877625
193	0.01729746349155903	0.18751509487628937	0.6386500597000122	0.4218253493309021
194	0.017402028664946556	0.187575563788414	0.6405396461486816	0.42095687985420227
195	0.017301393672823906	0.1884610503911972	0.6354338526725769	0.4190364181995392
196	0.017088526859879494	0.18896932899951935	0.6307252049446106	0.4182640016078949
197	0.01723722741007805	0.1882822960615158	0.6338923573493958	0.41879770159721375
198	0.017139898613095284	0.1867944449186325	0.6425904631614685	0.4207800030708313
199	0.017066843807697296	0.18679547309875488	0.645119309425354	0.4214973747730255
200	0.01706262119114399	0.18824325501918793	0.6381286978721619	0.4201953411102295
201	0.017123419791460037	0.1892792284488678	0.6319645047187805	0.41900116205215454
202	0.016826365143060684	0.18883724510669708	0.6329913139343262	0.41912776231765747
203	0.016755707561969757	0.18734781444072723	0.6382074356079102	0.42073431611061096
204	0.01672341115772724	0.1861748993396759	0.6430301666259766	0.42216283082962036
205	0.016841741278767586	0.18665055930614471	0.639718234539032	0.42212069034576416
206	0.016725298017263412	0.1871679425239563	0.6367170810699463	0.42209139466285706
207	0.016842816025018692	0.18806812167167664	0.6317725777626038	0.4219527244567871
208	0.016571300104260445	0.18757081031799316	0.6357599496841431	0.4229319393634796
209	0.016523554921150208	0.18698331713676453	0.6403244733810425	0.4239819347858429
210	0.016417255625128746	0.18737046420574188	0.6376011967658997	0.4235195219516754
211	0.016208715736865997	0.1882023960351944	0.6321409344673157	0.42240726947784424
212	0.01659015379846096	0.18777625262737274	0.633270800113678	0.4228014647960663
213	0.01635025627911091	0.18655654788017273	0.6404482126235962	0.42409050464630127
214	0.016533859074115753	0.18633517622947693	0.6415237188339233	0.4243810772895813
215	0.01634548418223858	0.18754367530345917	0.6361836194992065	0.423691064119339
216	0.016270022839307785	0.18830740451812744	0.6331579089164734	0.42365938425064087
217	0.016231244429945946	0.186827152967453	0.6405424475669861	0.425152450799942
218	0.015956701710820198	0.18629008531570435	0.6433142423629761	0.4254084825515747
219	0.01612343080341816	0.18678860366344452	0.6395890712738037	0.42402347922325134
220	0.01592637412250042	0.18774788081645966	0.6351740956306458	0.4223339855670929
221	0.01622127741575241	0.1866944283246994	0.640666127204895	0.4232427775859833
222	0.01599551923573017	0.18600258231163025	0.6447612047195435	0.4239235818386078
223	0.015987029299139977	0.18660305440425873	0.6411405205726624	0.42297106981277466
224	0.015777986496686935	0.18830130994319916	0.6314083933830261	0.42081668972969055
225	0.015720095485448837	0.18886834383010864	0.6287752985954285	0.4205845296382904
226	0.01570586860179901	0.1879342496395111	0.6362056136131287	0.4219475984573364
227	0.015781212598085403	0.1876252293586731	0.638398289680481	0.42297956347465515
228	0.015565426088869572	0.18786337971687317	0.6371833086013794	0.4231414198875427
229	0.015426823869347572	0.18800389766693115	0.6368026733398438	0.4232257604598999
230	0.015431676991283894	0.18833084404468536	0.6344563961029053	0.4224364757537842
231	0.01554324571043253	0.18810094892978668	0.6343691349029541	0.4222204387187958
232	0.015585027635097504	0.18768736720085144	0.6360450983047485	0.42219698429107666
233	0.015585580840706825	0.1870805025100708	0.6403870582580566	0.42323315143585205
234	0.015439124777913094	0.18754790723323822	0.6391186118125916	0.4230479300022125
235	0.015411625616252422	0.1877131164073944	0.6380226016044617	0.4224628508090973
236	0.015351242385804653	0.18804331123828888	0.6369907259941101	0.42173290252685547
237	0.015419494360685349	0.18853479623794556	0.6347090601921082	0.4204002916812897
238	0.015290562994778156	0.1881515234708786	0.634759783744812	0.4195444583892822
239	0.015310516580939293	0.18729078769683838	0.6378350257873535	0.4197666049003601
240	0.015317206270992756	0.18713511526584625	0.6384970545768738	0.4201708436012268
241	0.015301719307899475	0.18786771595478058	0.6356850862503052	0.4200676679611206
242	0.015138508751988411	0.18779227137565613	0.6376514434814453	0.4210449755191803
243	0.01505704689770937	0.18855127692222595	0.6339308619499207	0.4209655821323395
244	0.015051205642521381	0.18907581269741058	0.6295150518417358	0.4213508665561676
245	0.014914744533598423	0.18823999166488647	0.6319993138313293	0.4232376515865326
246	0.015004770830273628	0.18628843128681183	0.640924870967865	0.4257013201713562
247	0.01469612866640091	0.18584491312503815	0.6434286832809448	0.4263369143009186
248	0.015091793611645699	0.18698237836360931	0.6384275555610657	0.4245232343673706
249	0.014669125899672508	0.1881614774465561	0.6341114044189453	0.42323336005210876
250	0.014756149612367153	0.1882350742816925	0.6357887983322144	0.42294007539749146
251	0.01484616007655859	0.18782787024974823	0.6381264328956604	0.42310425639152527
252	0.014751398004591465	0.18749476969242096	0.6387752890586853	0.4234340190887451
253	0.014629014767706394	0.18796147406101227	0.634623646736145	0.4229896664619446
254	0.014544540084898472	0.18809270858764648	0.6334573030471802	0.4226651191711426
255	0.014489148743450642	0.18737779557704926	0.6375526785850525	0.42373448610305786
256	0.014475115574896336	0.1873026043176651	0.6388808488845825	0.4239458739757538
257	0.014785452745854855	0.18837906420230865	0.6333419680595398	0.4226582646369934
258	0.014558008871972561	0.18846437335014343	0.6327682137489319	0.4221923053264618
259	0.014612047001719475	0.1874247044324875	0.6382672190666199	0.4227980077266693
260	0.014450239017605782	0.187168687582016	0.6397648453712463	0.42276182770729065
261	0.01473945751786232	0.18726159632205963	0.6369710564613342	0.4223058223724365
262	0.014215285889804363	0.18702934682369232	0.6369474530220032	0.42328310012817383
263	0.014377880841493607	0.18717645108699799	0.6365958452224731	0.4240539073944092
264	0.014096103608608246	0.18664410710334778	0.6409342885017395	0.42550769448280334
265	0.014239884912967682	0.18657448887825012	0.6428702473640442	0.42650988698005676
266	0.014321005903184414	0.1869048774242401	0.6413915753364563	0.4266493320465088
267	0.014322750270366669	0.18759730458259583	0.6372847557067871	0.4262755215167999
268	0.014254750683903694	0.18804043531417847	0.6348568797111511	0.4257304072380066
269	0.01410329807549715	0.1876084953546524	0.6373860836029053	0.4250805079936981
270	0.014095342718064785	0.1873778998851776	0.6396511793136597	0.4243847131729126
271	0.014116606675088406	0.1878197342157364	0.6387262344360352	0.42319396138191223
272	0.014058875851333141	0.18844062089920044	0.6358595490455627	0.42227837443351746
273	0.014177254401147366	0.1885760873556137	0.6349644064903259	0.4218344986438751
274	0.013966012746095657	0.18832659721374512	0.6363293528556824	0.42206865549087524
275	0.01394585520029068	0.18842792510986328	0.6354378461837769	0.4217895269393921
276	0.013842008076608181	0.1885528564453125	0.6345564126968384	0.42190080881118774
277	0.013898261822760105	0.18811391294002533	0.6363552808761597	0.4229852855205536
278	0.013782208785414696	0.1874365657567978	0.6394704580307007	0.42443811893463135
279	0.013987325131893158	0.1868760734796524	0.6430574655532837	0.42599979043006897
280	0.013941296376287937	0.18818074464797974	0.6359863877296448	0.42420780658721924
281	0.013962150551378727	0.18910370767116547	0.630649209022522	0.42312294244766235
282	0.013720585033297539	0.18884976208209991	0.6306976675987244	0.4230486750602722
283	0.013549746945500374	0.18690714240074158	0.6400775909423828	0.42531946301460266
284	0.01370221097022295	0.18683959543704987	0.6398169994354248	0.42561042308807373
285	0.013695824891328812	0.18830479681491852	0.6324942708015442	0.424086332321167
286	0.013433024287223816	0.1887420266866684	0.6308729648590088	0.4235082268714905
287	0.013497745618224144	0.18808327615261078	0.6371219754219055	0.42413705587387085
288	0.013431375846266747	0.18746837973594666	0.6417825222015381	0.4251388609409332
289	0.013652908615767956	0.1877756416797638	0.639053463935852	0.42510348558425903
290	0.013320200145244598	0.18842530250549316	0.6340622901916504	0.42513200640678406
291	0.01354418694972992	0.18855051696300507	0.63299959897995	0.42593422532081604
292	0.013471059501171112	0.18792016804218292	0.6366994380950928	0.42784643173217773
293	0.013334343209862709	0.18766997754573822	0.6397660374641418	0.42920365929603577
294	0.013467780314385891	0.18738611042499542	0.6422678232192993	0.4296976923942566
295	0.01327965036034584	0.18811725080013275	0.637330949306488	0.4281843602657318
296	0.013403482735157013	0.18838220834732056	0.633242130279541	0.42660337686538696
297	0.013223720714449883	0.18789754807949066	0.6345711350440979	0.42593783140182495
298	0.013060360215604305	0.1868034303188324	0.63993901014328	0.42613863945007324
299	0.013190952129662037	0.18649603426456451	0.6420379281044006	0.425688773393631
300	0.013309912756085396	0.18772576749324799	0.6372240781784058	0.42350733280181885
301	0.01316761039197445	0.18888580799102783	0.6327071189880371	0.4218350052833557
302	0.013199168257415295	0.18863388895988464	0.6348260641098022	0.42182657122612
303	0.013270516879856586	0.18783576786518097	0.6388747692108154	0.42282670736312866
304	0.01331921387463808	0.18804804980754852	0.6372122168540955	0.422456830739975
305	0.012919782660901546	0.18852342665195465	0.633501410484314	0.4220426380634308
306	0.012956077232956886	0.18830496072769165	0.633958637714386	0.42241132259368896
307	0.013089720159769058	0.1875290870666504	0.6389225125312805	0.4243352711200714
308	0.013090461492538452	0.1872265636920929	0.6412710547447205	0.42561814188957214
309	0.013120278716087341	0.18784436583518982	0.637414276599884	0.42538416385650635
310	0.01273313444107771	0.18854635953903198	0.6336459517478943	0.42529910802841187
311	0.012790263630449772	0.1878584623336792	0.6370924115180969	0.42622828483581543
312	0.012697773054242134	0.1868225783109665	0.6413958072662354	0.4274067282676697
313	0.01283351331949234	0.18683023750782013	0.6398786902427673	0.42672210931777954
314	0.012884274125099182	0.18766991794109344	0.6347461342811584	0.42447102069854736
315	0.01274866797029972	0.1886320561170578	0.6308629512786865	0.4222804605960846
316	0.012688175775110722	0.18897058069705963	0.6317386031150818	0.42146986722946167
317	0.012836242094635963	0.18884272873401642	0.6358048915863037	0.4218207001686096
318	0.012809396721422672	0.18877063691616058	0.636587381362915	0.4221401512622833
319	0.012659688480198383	0.18881596624851227	0.6365275979042053	0.4218544363975525
320	0.0127415144816041	0.18870516121387482	0.637793242931366	0.4218592941761017
321	0.012875034473836422	0.18862077593803406	0.6378536224365234	0.42201563715934753
322	0.012458611279726028	0.1886063814163208	0.6373257637023926	0.42247527837753296
323	0.012735559605062008	0.18864589929580688	0.6355964541435242	0.4233585596084595
324	0.012643886730074883	0.18842768669128418	0.6362063884735107	0.4245874881744385
325	0.012485274113714695	0.1880616992712021	0.6374821662902832	0.42544496059417725
326	0.012456168420612812	0.1876685619354248	0.6390356421470642	0.42653417587280273
327	0.012175727635622025	0.18728071451187134	0.6404528617858887	0.4271411597728729
328	0.012456711381673813	0.18741992115974426	0.6390202641487122	0.4266335964202881
329	0.012454213574528694	0.18770022690296173	0.6381077170372009	0.4257122576236725
330	0.012369029223918915	0.18811126053333282	0.6376491189002991	0.4245588779449463
331	0.012461824342608452	0.18832117319107056	0.6379653215408325	0.42366141080856323
332	0.012212012894451618	0.1889047920703888	0.6347172856330872	0.42211347818374634
333	0.012258066795766354	0.18838486075401306	0.6370099186897278	0.42294594645500183
334	0.012299787253141403	0.1876523196697235	0.6394820809364319	0.4242194592952728
335	0.012146222405135632	0.18796786665916443	0.6370113492012024	0.42375847697257996
336	0.011923147365450859	0.18821081519126892	0.6361806988716125	0.4233776032924652
337	0.012258956208825111	0.1884947568178177	0.6349647045135498	0.42306527495384216
338	0.01216138806194067	0.18839795887470245	0.636130154132843	0.42373839020729065
339	0.012141778133809566	0.1883203536272049	0.6369125247001648	0.4240962862968445
340	0.012328599579632282	0.1878966987133026	0.6401236057281494	0.4247184991836548
341	0.01214291900396347	0.188184916973114	0.6388238072395325	0.42404550313949585
342	0.011937815696001053	0.1888212263584137	0.6362518668174744	0.42280372977256775
343	0.011942842043936253	0.18959414958953857	0.6327866911888123	0.42149683833122253
344	0.011777427047491074	0.18994179368019104	0.6308444142341614	0.4209086298942566
345	0.01189136691391468	0.18943610787391663	0.6323947906494141	0.42191994190216064
346	0.011866029351949692	0.18855179846286774	0.6380457878112793	0.4238673448562622
347	0.012034814804792404	0.18833838403224945	0.6399582624435425	0.4243599474430084
348	0.012057576328516006	0.18879425525665283	0.6381183862686157	0.4234645366668701
349	0.011982723139226437	0.18900083005428314	0.6378663778305054	0.4229010045528412
350	0.011750596575438976	0.18905553221702576	0.6368099451065063	0.4227961599826813
351	0.011993353255093098	0.18855002522468567	0.637389063835144	0.42381981015205383
352	0.012038491666316986	0.18747933208942413	0.6406746506690979	0.42546454071998596
353	0.011732845567166805	0.18680748343467712	0.6434788107872009	0.42671144008636475
354	0.011886409483850002	0.1877017468214035	0.6388473510742188	0.42558160424232483
355	0.011733493767678738	0.18886083364486694	0.6351519227027893	0.4240613579750061
356	0.011870097368955612	0.18944968283176422	0.63437819480896	0.4229649007320404
357	0.011739932000637054	0.18935981392860413	0.6361041069030762	0.42268598079681396
358	0.011866257525980473	0.18935050070285797	0.6360669136047363	0.42235109210014343
359	0.011649996042251587	0.18930277228355408	0.6346448063850403	0.42237138748168945
360	0.011483442038297653	0.18906398117542267	0.635042667388916	0.4228796362876892
361	0.011729110032320023	0.1882980614900589	0.6394379734992981	0.4248732030391693
362	0.011744252406060696	0.18824565410614014	0.6398679614067078	0.42578187584877014
363	0.011762522161006927	0.1889604926109314	0.6361068487167358	0.4253567159175873
364	0.01164336409419775	0.18881478905677795	0.6356669664382935	0.42580243945121765
365	0.011536731384694576	0.1877024918794632	0.6407965421676636	0.4278247356414795
366	0.011500840075314045	0.1870732307434082	0.6436852216720581	0.4294971525669098
367	0.011538593098521233	0.18693779408931732	0.6448737978935242	0.4297672510147095
368	0.01157821249216795	0.18764065206050873	0.6411348581314087	0.42752978205680847
369	0.01159816887229681	0.18890321254730225	0.6340686678886414	0.42413634061813354
370	0.011289488524198532	0.1891099512577057	0.6333912014961243	0.4228741526603699
371	0.011712431907653809	0.18809787929058075	0.6397770047187805	0.42427176237106323
372	0.011676521971821785	0.18770305812358856	0.6422982215881348	0.42517155408859253
373	0.011435166001319885	0.18851697444915771	0.6374067664146423	0.4244210720062256
374	0.011379187926650047	0.18903189897537231	0.6351426839828491	0.4245176911354065
375	0.011293844319880009	0.18881091475486755	0.6376840472221375	0.4254475235939026
376	0.011548773385584354	0.18847410380840302	0.640150249004364	0.42678239941596985
377	0.0115125747397542	0.18808795511722565	0.6408272981643677	0.4278436005115509
378	0.011291739530861378	0.1879226118326187	0.6395167112350464	0.4286785423755646
379	0.01135482918471098	0.18796227872371674	0.6390459537506104	0.4287947118282318
380	0.011338187381625175	0.18813130259513855	0.6387395262718201	0.4282954931259155
381	0.011178890243172646	0.18858011066913605	0.6383299827575684	0.4266411066055298
382	0.011163923889398575	0.18911120295524597	0.6375874280929565	0.4249873459339142
383	0.011380497366189957	0.189151793718338	0.6390258073806763	0.424591600894928
384	0.011221236549317837	0.18906919658184052	0.6393666863441467	0.4242079555988312
385	0.011191476136446	0.18907684087753296	0.6387960314750671	0.4239242672920227
386	0.011468596756458282	0.189374178647995	0.6354628801345825	0.423318088054657
387	0.011127813719213009	0.18922682106494904	0.6361436247825623	0.4233994781970978
388	0.011198731139302254	0.18906304240226746	0.6371878385543823	0.42342856526374817
389	0.011104214005172253	0.18880480527877808	0.6378440856933594	0.424297571182251
390	0.011018299497663975	0.18848496675491333	0.6407985091209412	0.42611703276634216
391	0.011078370735049248	0.18834196031093597	0.6419920325279236	0.4277629554271698
392	0.011449613608419895	0.18815365433692932	0.6411759853363037	0.42831483483314514
393	0.011051476933062077	0.1881067454814911	0.6402902603149414	0.4280725419521332
394	0.01101590320467949	0.18824273347854614	0.6409681439399719	0.4271884858608246
395	0.011035074479877949	0.18910662829875946	0.6376982927322388	0.42510831356048584
396	0.011158094741404057	0.19004184007644653	0.6342595219612122	0.42271947860717773
397	0.01102183572947979	0.19042731821537018	0.6343898773193359	0.4211924374103546
398	0.01100416760891676	0.19070914387702942	0.6331550478935242	0.41963422298431396
399	0.011043251492083073	0.18961402773857117	0.6380468010902405	0.42056795954704285
400	0.01079513132572174	0.18896110355854034	0.6394960880279541	0.4214816093444824
401	0.01096782460808754	0.18924354016780853	0.6381412744522095	0.42136630415916443
402	0.01073636207729578	0.1897282898426056	0.6358377933502197	0.4211253225803375
403	0.010864605195820332	0.19031283259391785	0.6327926516532898	0.42132604122161865
404	0.010911853052675724	0.18977192044258118	0.6350922584533691	0.4235534965991974
405	0.01089284848421812	0.18823763728141785	0.64186692237854	0.42639878392219543
406	0.010821894742548466	0.18723317980766296	0.6453346610069275	0.4278005063533783
407	0.01079745963215828	0.18774910271167755	0.6408836841583252	0.4266790747642517
408	0.01074003055691719	0.1886073350906372	0.6370884776115417	0.42556825280189514
409	0.010702056810259819	0.18910285830497742	0.6379250288009644	0.4249597489833832
410	0.010733728297054768	0.1892242580652237	0.6416065096855164	0.425222784280777
411	0.010508650913834572	0.18954847753047943	0.6416919231414795	0.4246535301208496
412	0.010556015186011791	0.1899748295545578	0.6381344795227051	0.42299968004226685
413	0.010748866014182568	0.18991795182228088	0.6358330845832825	0.42194196581840515
414	0.010526732541620731	0.18946386873722076	0.6358308792114258	0.4218507707118988
415	0.010689557529985905	0.18909335136413574	0.6375582814216614	0.4222305715084076
416	0.010829145088791847	0.18869544565677643	0.6405948996543884	0.4231722056865692
417	0.010439420118927956	0.1891060620546341	0.6382182240486145	0.42252546548843384
418	0.010558892972767353	0.1898430585861206	0.6338011026382446	0.42169180512428284
419	0.010534236207604408	0.18978847563266754	0.6330936551094055	0.42203643918037415
420	0.010498493909835815	0.18855193257331848	0.6400712132453918	0.4245980679988861
421	0.010628798045217991	0.18821369111537933	0.6410293579101562	0.42513126134872437
422	0.010698692873120308	0.18857404589653015	0.6387244462966919	0.4244881272315979
423	0.01051245629787445	0.189655140042305	0.63312828540802	0.4228663146495819
424	0.010558188892900944	0.18968333303928375	0.6355696320533752	0.42292797565460205
425	0.010457685217261314	0.18912369012832642	0.6418942213058472	0.42425426840782166
426	0.010559676215052605	0.18951992690563202	0.6411031484603882	0.42383843660354614
427	0.010550559498369694	0.1907324194908142	0.6323903799057007	0.4218638837337494
428	0.010286095552146435	0.1917695850133896	0.6243012547492981	0.4208260178565979
429	0.010622660629451275	0.1898774355649948	0.6335819363594055	0.42392170429229736
430	0.01061190664768219	0.18807391822338104	0.6435789465904236	0.4275825619697571
431	0.010543727315962315	0.1875016987323761	0.646142840385437	0.4289921820163727
432	0.010348868556320667	0.1881861835718155	0.640527069568634	0.4274975061416626
433	0.010549274273216724	0.18970666825771332	0.6308781504631042	0.42505601048469543
434	0.010375244542956352	0.18911071121692657	0.6345115900039673	0.4252154231071472
435	0.010425420477986336	0.18748146295547485	0.6441391706466675	0.42728304862976074
436	0.010127615183591843	0.18720971047878265	0.6458932757377625	0.42765548825263977
437	0.010349252261221409	0.18822292983531952	0.6397047638893127	0.42601972818374634
438	0.010233323089778423	0.18995198607444763	0.6312425136566162	0.42357128858566284
439	0.010251063853502274	0.19049102067947388	0.631291389465332	0.4227532148361206
440	0.010217549279332161	0.18973316252231598	0.6384829878807068	0.42383337020874023
441	0.010224496014416218	0.18902739882469177	0.6424543261528015	0.42481690645217896
442	0.01027668546885252	0.18883202970027924	0.6394871473312378	0.42436912655830383
443	0.010166564024984837	0.18892216682434082	0.6360020041465759	0.42397400736808777
444	0.01019089762121439	0.189108744263649	0.6334865093231201	0.4238150119781494
445	0.010278893634676933	0.18892183899879456	0.6362369656562805	0.42529261112213135
446	0.010197468101978302	0.18848620355129242	0.6428163647651672	0.42748329043388367
447	0.01004345528781414	0.18888640403747559	0.6432254910469055	0.42737826704978943
448	0.01011784840375185	0.18991512060165405	0.6356716752052307	0.42476093769073486
449	0.009948808699846268	0.19080233573913574	0.6291911602020264	0.4233430325984955
450	0.010090288706123829	0.18991512060165405	0.6341332197189331	0.42399680614471436
451	0.010020394809544086	0.18841250240802765	0.6432867646217346	0.4263532757759094
452	0.009954692795872688	0.18783992528915405	0.6466584205627441	0.4283868670463562
453	0.010211970657110214	0.18891990184783936	0.6399294137954712	0.42715170979499817
454	0.00984260719269514	0.19065459072589874	0.6312341690063477	0.4249161183834076
455	0.009922336786985397	0.19091735780239105	0.630936324596405	0.42446625232696533
456	0.010039928369224072	0.18988457322120667	0.6380813121795654	0.42541375756263733
457	0.009845920838415623	0.18891724944114685	0.6441053748130798	0.4267611503601074
458	0.00999651849269867	0.1884462684392929	0.6447280049324036	0.4270082116127014
459	0.009919851087033749	0.1887737363576889	0.6392707824707031	0.4259006679058075
460	0.009895233437418938	0.18971797823905945	0.6331583261489868	0.4244143068790436
461	0.009729317389428616	0.18992049992084503	0.6332775950431824	0.42481568455696106
462	0.00994185172021389	0.18939581513404846	0.6376497149467468	0.42618072032928467
463	0.009799307212233543	0.18952228128910065	0.637746274471283	0.42615267634391785
464	0.009820746257901192	0.1898767203092575	0.636243462562561	0.4251614212989807
465	0.009891759604215622	0.19040897488594055	0.6345863938331604	0.42368048429489136
466	0.009811118245124817	0.1907813549041748	0.6321226358413696	0.42220771312713623
467	0.00990584772080183	0.1909826546907425	0.6302853226661682	0.4215313494205475
468	0.009826306253671646	0.19059143960475922	0.6330673098564148	0.4219658076763153
469	0.009860176593065262	0.18998092412948608	0.6371964812278748	0.42264920473098755
470	0.009709561243653297	0.18944406509399414	0.6393111944198608	0.4231456220149994
471	0.009691727347671986	0.1890060156583786	0.6395244002342224	0.4238387644290924
472	0.009797461330890656	0.1887083351612091	0.638922929763794	0.42539316415786743
473	0.009850498288869858	0.1888190358877182	0.6374747157096863	0.42678841948509216
474	0.009634613990783691	0.18873099982738495	0.6388297080993652	0.4284527003765106
475	0.009750504978001118	0.18879839777946472	0.6406273245811462	0.42924028635025024
476	0.00973912887275219	0.188974067568779	0.6413396596908569	0.42885100841522217
477	0.009785561822354794	0.18941280245780945	0.6383968591690063	0.42697224020957947
478	0.009729632176458836	0.1900559663772583	0.6347652077674866	0.42428481578826904
479	0.009636376053094864	0.1901165395975113	0.6339943408966064	0.4223785698413849
480	0.009647490456700325	0.18990439176559448	0.6341575384140015	0.42164933681488037
481	0.009730936028063297	0.189175084233284	0.6376319527626038	0.4222756624221802
482	0.009510359726846218	0.18862996995449066	0.640613317489624	0.4227210581302643
483	0.00965107511729002	0.18860407173633575	0.6405471563339233	0.42260727286338806
484	0.009616589173674583	0.18905463814735413	0.638948917388916	0.4231840670108795
485	0.009526192210614681	0.18978774547576904	0.6359249949455261	0.42376649379730225
486	0.009662296622991562	0.19067774713039398	0.6315627694129944	0.42366302013397217
487	0.009604142978787422	0.19035309553146362	0.6337079405784607	0.42470768094062805
488	0.009514727629721165	0.18969428539276123	0.6395848989486694	0.42559418082237244
489	0.009563771076500416	0.18957625329494476	0.6426929831504822	0.425271213054657
490	0.009576206095516682	0.1902966946363449	0.6399214267730713	0.42312341928482056
491	0.00943673960864544	0.1909492313861847	0.6341707706451416	0.42097610235214233
492	0.009425844065845013	0.19073964655399323	0.6336754560470581	0.4211326539516449
493	0.009418937377631664	0.19020333886146545	0.6344805359840393	0.4222990870475769
494	0.009477442130446434	0.18923069536685944	0.6390745639801025	0.42431706190109253
495	0.009326389990746975	0.18871508538722992	0.6421345472335815	0.4259245693683624
496	0.009373113512992859	0.18930268287658691	0.6391666531562805	0.42581889033317566
497	0.009333794936537743	0.19055479764938354	0.6323341131210327	0.424529492855072
498	0.009508349932730198	0.1909106969833374	0.6321678757667542	0.42459118366241455
499	0.009440502151846886	0.19028937816619873	0.638266384601593	0.42564910650253296
500	0.009478696621954441	0.18991905450820923	0.641010046005249	0.42582473158836365
501	0.009406414814293385	0.18980354070663452	0.639698326587677	0.4251403510570526
502	0.009324116632342339	0.19035588204860687	0.6345469951629639	0.4236242473125458
503	0.009130511432886124	0.19131316244602203	0.6294196248054504	0.4220714271068573
504	0.009260729886591434	0.19111643731594086	0.6341614723205566	0.4229057729244232
505	0.009281450882554054	0.19043390452861786	0.6393544673919678	0.42441827058792114
506	0.009536844678223133	0.189948171377182	0.641665518283844	0.42482924461364746
507	0.009289373643696308	0.1896580159664154	0.6413718461990356	0.424075722694397
508	0.009260301478207111	0.18992839753627777	0.6368368864059448	0.42194077372550964
509	0.009111913852393627	0.18986982107162476	0.6354022026062012	0.42104291915893555
510	0.009370420128107071	0.19004210829734802	0.6354713439941406	0.4210703372955322
511	0.009199622087180614	0.19026675820350647	0.6369391679763794	0.42142945528030396
512	0.009287843480706215	0.19029638171195984	0.6396493315696716	0.4220568835735321
513	0.00922397617250681	0.19058813154697418	0.6377262473106384	0.4215310513973236
514	0.009379803203046322	0.19102846086025238	0.6333807706832886	0.42045801877975464
515	0.009257419034838676	0.19114366173744202	0.6303949356079102	0.41936731338500977
516	0.009141464717686176	0.19076772034168243	0.6316969990730286	0.41985517740249634
517	0.009104512631893158	0.19006410241127014	0.63697350025177	0.42173898220062256
518	0.009218291379511356	0.18971288204193115	0.6388263702392578	0.4226325452327728
519	0.009251206181943417	0.18935631215572357	0.6397518515586853	0.42337560653686523
520	0.009065420366823673	0.1898972988128662	0.6357129216194153	0.42222702503204346
521	0.009198839776217937	0.1903250813484192	0.6333987712860107	0.42118576169013977
522	0.009136105887591839	0.19040270149707794	0.6337294578552246	0.4206082820892334
523	0.008994726464152336	0.1902652233839035	0.6369583010673523	0.4206998944282532
524	0.009104345925152302	0.19087201356887817	0.6367201209068298	0.420093297958374
525	0.009078433737158775	0.19167952239513397	0.633634090423584	0.4186694622039795
526	0.0090352613478899	0.19236475229263306	0.6295802593231201	0.417675644159317
527	0.009075107052922249	0.19313538074493408	0.6256835460662842	0.41697919368743896
528	0.009118962101638317	0.1926218867301941	0.6286331415176392	0.41815710067749023
529	0.009192951023578644	0.19170187413692474	0.6331860423088074	0.4199327826499939
530	0.009069365449249744	0.19105219841003418	0.6369566321372986	0.4208817481994629
531	0.00904911383986473	0.19085811078548431	0.6375075578689575	0.4207964539527893
532	0.008901521563529968	0.19112560153007507	0.6356359124183655	0.4199787378311157
533	0.008939838968217373	0.19114382565021515	0.6350755095481873	0.4195372760295868
534	0.00889553502202034	0.19138312339782715	0.6323501467704773	0.4184560477733612
535	0.009126069024205208	0.19148822128772736	0.6324567198753357	0.4185364842414856
536	0.00903745461255312	0.1908712238073349	0.6364733576774597	0.4198102056980133
537	0.009098385460674763	0.19017623364925385	0.6402240991592407	0.42147499322891235
538	0.009075579233467579	0.19025418162345886	0.6381924748420715	0.421459436416626
539	0.008804851211607456	0.1910259872674942	0.6316460371017456	0.42033320665359497
540	0.008959951810538769	0.19161470234394073	0.626715362071991	0.41944581270217896
541	0.008789531886577606	0.19134369492530823	0.6303673386573792	0.4198852777481079
542	0.009052697569131851	0.190664604306221	0.6371304392814636	0.42122986912727356
543	0.008955871686339378	0.1902889460325241	0.6405622363090515	0.42239657044410706
544	0.008834182284772396	0.1907314509153366	0.6367160081863403	0.42222148180007935
545	0.008876156993210316	0.1917201280593872	0.6295738816261292	0.42127078771591187
546	0.008896947838366032	0.19221052527427673	0.6263312697410583	0.4212888181209564
547	0.008948037400841713	0.19119705259799957	0.6319633722305298	0.4228404760360718
548	0.008907085284590721	0.1897694617509842	0.6399353742599487	0.4248485267162323
549	0.008781585842370987	0.189263254404068	0.6439544558525085	0.42525017261505127
550	0.008785548619925976	0.18984705209732056	0.6393184065818787	0.4228476881980896
551	0.008761201053857803	0.191048726439476	0.6327605247497559	0.42023319005966187
552	0.008606486953794956	0.19250993430614471	0.6251395344734192	0.4180004298686981
553	0.008942738175392151	0.19276297092437744	0.6250917911529541	0.41743993759155273
554	0.008804897777736187	0.19206790626049042	0.6308484077453613	0.41840413212776184
555	0.008709625340998173	0.1917147934436798	0.6350749135017395	0.41879600286483765
556	0.008745692670345306	0.1918957233428955	0.6342542767524719	0.4182265102863312
557	0.008752642199397087	0.19238552451133728	0.6293851733207703	0.41758331656455994
558	0.008908377960324287	0.19262486696243286	0.6268170475959778	0.4178481996059418
559	0.008766813203692436	0.19183556735515594	0.6318012475967407	0.4200485944747925
560	0.00878257304430008	0.1906770020723343	0.638846755027771	0.4228149950504303
561	0.008762659505009651	0.18998196721076965	0.6419374942779541	0.42408889532089233
562	0.008513431996107101	0.1901354044675827	0.6382953524589539	0.42300763726234436
563	0.008707012049853802	0.19138966500759125	0.6306852698326111	0.420749306678772
564	0.008632076904177666	0.19211986660957336	0.6275857090950012	0.4194238781929016
565	0.008597267791628838	0.19154885411262512	0.6317583322525024	0.42007073760032654
566	0.008572405204176903	0.19089503586292267	0.636618435382843	0.4209458827972412
567	0.008558781817555428	0.1906765252351761	0.636881947517395	0.4205905795097351
568	0.008593509905040264	0.19069363176822662	0.6339796781539917	0.41974177956581116
569	0.008800468407571316	0.1912669837474823	0.6286097764968872	0.4184925854206085
570	0.008589734323322773	0.19148583710193634	0.6287654042243958	0.41898661851882935
571	0.008535957895219326	0.19127294421195984	0.633702278137207	0.420769065618515
572	0.00853042397648096	0.19104065001010895	0.6377385854721069	0.4224787950515747
573	0.008685572072863579	0.19105485081672668	0.6380786895751953	0.42305994033813477
574	0.008555791340768337	0.19101479649543762	0.635888934135437	0.4231378734111786
575	0.00853013340383768	0.19144436717033386	0.6337056756019592	0.42226260900497437
576	0.008441050536930561	0.19145084917545319	0.6339849233627319	0.4225429594516754
577	0.008572115562856197	0.19116830825805664	0.6362072825431824	0.4233229458332062
578	0.008389689959585667	0.19087685644626617	0.6365919709205627	0.42359811067581177
579	0.008501702919602394	0.1906254142522812	0.6356773972511292	0.4235541522502899
580	0.008586089126765728	0.19085049629211426	0.6332695484161377	0.42251527309417725
581	0.008487559854984283	0.19070574641227722	0.6345545649528503	0.42241960763931274
582	0.00835005659610033	0.19065874814987183	0.6381584405899048	0.4228672385215759
583	0.00834700372070074	0.19096635282039642	0.6382685303688049	0.4229227900505066
584	0.008396091870963573	0.1913445144891739	0.6354038119316101	0.4217636287212372
585	0.008349599316716194	0.19156457483768463	0.6327875852584839	0.4205830991268158
586	0.008449570275843143	0.1915108859539032	0.6314118504524231	0.4195047914981842
587	0.00847617071121931	0.19112136960029602	0.6321563720703125	0.41915369033813477
588	0.008291142992675304	0.19077418744564056	0.6331968903541565	0.4195927381515503
589	0.008317584171891212	0.19017669558525085	0.637467086315155	0.4215640425682068
590	0.00832598377019167	0.1898585855960846	0.6398171186447144	0.4232451021671295
591	0.008439597673714161	0.19037741422653198	0.6368550062179565	0.4227725863456726
592	0.008346177637577057	0.1913720667362213	0.6314318180084229	0.42060965299606323
593	0.008315403014421463	0.19220969080924988	0.6275907754898071	0.41859880089759827
594	0.008332516066730022	0.19218528270721436	0.6296799778938293	0.41804176568984985
595	0.00845996756106615	0.1915128231048584	0.6342206001281738	0.4188203513622284
596	0.008206733502447605	0.1911790370941162	0.6352624297142029	0.4189502000808716
597	0.008475900627672672	0.19103550910949707	0.6341740489006042	0.41862764954566956
598	0.008350474759936333	0.19122068583965302	0.6334928870201111	0.41814711689949036
599	0.00819819699972868	0.19186043739318848	0.6311009526252747	0.4177786409854889
600	0.008417815901339054	0.19231100380420685	0.6304547190666199	0.41823610663414
601	0.008379971608519554	0.19222544133663177	0.6327921748161316	0.4191368520259857
602	0.008185875602066517	0.19153127074241638	0.636201024055481	0.42061343789100647
603	0.008200356736779213	0.19138766825199127	0.6347991824150085	0.4209265112876892
604	0.008086889050900936	0.1917678862810135	0.6306169629096985	0.4203645586967468
605	0.008317762985825539	0.19237419962882996	0.6267967224121094	0.41938111186027527
606	0.008275964297354221	0.19220717251300812	0.6286852359771729	0.41943925619125366
607	0.008095887489616871	0.19165252149105072	0.6333543062210083	0.4202973246574402
608	0.008279392495751381	0.19157405197620392	0.6349965929985046	0.4198973476886749
609	0.008222025819122791	0.19203244149684906	0.6311405301094055	0.4177176058292389
610	0.008180154487490654	0.19235417246818542	0.628682017326355	0.41629597544670105
611	0.008202503435313702	0.19234077632427216	0.6283854246139526	0.4156070947647095
612	0.008245754987001419	0.19252076745033264	0.6287229061126709	0.41513291001319885
613	0.008129452355206013	0.19295817613601685	0.6281413435935974	0.41524672508239746
614	0.00811539962887764	0.19306102395057678	0.6291534900665283	0.4167453646659851
615	0.008096041157841682	0.19288486242294312	0.6295531988143921	0.4186376929283142
616	0.008130334317684174	0.19213758409023285	0.6319097280502319	0.42100054025650024
617	0.008174765855073929	0.19157327711582184	0.6334813237190247	0.4233015477657318
618	0.008161323145031929	0.1909274160861969	0.6352200508117676	0.4245087504386902
619	0.007976214401423931	0.1908058226108551	0.6339552402496338	0.42393800616264343
620	0.00810477789491415	0.19065260887145996	0.6332834362983704	0.4230327904224396
621	0.00813067052513361	0.19056864082813263	0.633770227432251	0.42182520031929016
622	0.008044502697885036	0.1907624751329422	0.6345042586326599	0.42055168747901917
623	0.008131931535899639	0.19156241416931152	0.631101667881012	0.41809067130088806
624	0.008137859404087067	0.19254516065120697	0.6275771856307983	0.4158722460269928
625	0.008097203448414803	0.19298627972602844	0.6289886832237244	0.4152575731277466
626	0.007967013865709305	0.19291694462299347	0.6313480734825134	0.4158395528793335
627	0.008126843720674515	0.19296398758888245	0.6306673884391785	0.4156480133533478
628	0.007886047475039959	0.19297495484352112	0.6279435157775879	0.41520851850509644
629	0.00792459212243557	0.19314347207546234	0.6253808736801147	0.4150162935256958
630	0.007923254743218422	0.19317181408405304	0.6246630549430847	0.4152606427669525
631	0.008169609121978283	0.19215087592601776	0.63008052110672	0.4169282019138336
632	0.007838740013539791	0.19136163592338562	0.6351179480552673	0.4187542796134949
633	0.008019329980015755	0.1912556141614914	0.6358174681663513	0.4191444516181946
634	0.007969732396304607	0.19166068732738495	0.6338600516319275	0.41860198974609375
635	0.007924040779471397	0.1922636330127716	0.6319364905357361	0.4178272783756256
636	0.007801068481057882	0.19290725886821747	0.630517840385437	0.4168981909751892
637	0.007965246215462685	0.19323155283927917	0.6305474042892456	0.4162217378616333
638	0.007897546514868736	0.19303695857524872	0.6315555572509766	0.4162123501300812
639	0.007850414142012596	0.1925313025712967	0.6319230198860168	0.41629040241241455
640	0.007924022153019905	0.19214406609535217	0.6316679120063782	0.4169570803642273
641	0.007856976240873337	0.19196096062660217	0.6322967410087585	0.4179966151714325
642	0.007836179807782173	0.19227544963359833	0.6317092180252075	0.4185084402561188
643	0.007862423546612263	0.19275271892547607	0.6305234432220459	0.4188236594200134
644	0.007984760217368603	0.19310644268989563	0.6305666565895081	0.4185951352119446
645	0.007718835491687059	0.1933199018239975	0.6295150518417358	0.4178842306137085
646	0.0077476538717746735	0.19295138120651245	0.6299483776092529	0.41812554001808167
647	0.007842903956770897	0.1924191117286682	0.6303170919418335	0.41835084557533264
648	0.007765968330204487	0.19191302359104156	0.6314570307731628	0.41881129145622253
649	0.007843147031962872	0.191822811961174	0.6319403052330017	0.4191041886806488
650	0.007864144630730152	0.1925307810306549	0.6299978494644165	0.41852515935897827
651	0.007850675843656063	0.19297805428504944	0.630615770816803	0.41829997301101685
652	0.007946442812681198	0.19313697516918182	0.630768358707428	0.4179801344871521
653	0.007627984508872032	0.19303137063980103	0.6298722624778748	0.41791674494743347
654	0.007691128645092249	0.19276246428489685	0.6289982199668884	0.4181149899959564
655	0.007778627332299948	0.1925135850906372	0.6298884749412537	0.4186732769012451
656	0.007782624568790197	0.19221709668636322	0.6315651535987854	0.41922199726104736
657	0.007691946811974049	0.19206176698207855	0.6329424381256104	0.41949987411499023
658	0.007953512482345104	0.19224552810192108	0.6338977813720703	0.41931626200675964
659	0.007724124472588301	0.19271476566791534	0.6323214769363403	0.41879573464393616
660	0.007674393244087696	0.19308629631996155	0.6300201416015625	0.41779381036758423
661	0.007678093854337931	0.1933055818080902	0.6281294226646423	0.4173683524131775
662	0.007763044908642769	0.19264547526836395	0.6297889947891235	0.4184170961380005
663	0.0076545290648937225	0.19236409664154053	0.6306126713752747	0.41916802525520325
664	0.007506853900849819	0.19253098964691162	0.6309515833854675	0.41920846700668335
665	0.007625802420079708	0.1928391009569168	0.6293044686317444	0.4192711114883423
666	0.007645729463547468	0.19316406548023224	0.6273021697998047	0.41909435391426086
667	0.007619557436555624	0.1927867978811264	0.6291389465332031	0.41936665773391724
668	0.007581040263175964	0.19205768406391144	0.6328495740890503	0.41982999444007874
669	0.007713384926319122	0.19155120849609375	0.6345728635787964	0.4201458692550659
670	0.007676958106458187	0.19170235097408295	0.6330764293670654	0.4195842444896698
671	0.007580632343888283	0.1923752874135971	0.6294564008712769	0.41898012161254883
672	0.0074453214183449745	0.19289876520633698	0.6289560794830322	0.4194076657295227
673	0.0075860400684177876	0.19324412941932678	0.6291054487228394	0.4194689989089966
674	0.0075675975531339645	0.19325710833072662	0.6302111148834229	0.41914668679237366
675	0.00744934007525444	0.19278159737586975	0.6320177316665649	0.4186888337135315
676	0.007651333697140217	0.19249826669692993	0.6315597295761108	0.4174639880657196
677	0.007360078860074282	0.19241963326931	0.63022780418396	0.4162558615207672
678	0.007622582837939262	0.19226735830307007	0.6310903429985046	0.41595810651779175
679	0.007575759664177895	0.1923849880695343	0.6305224299430847	0.41606950759887695
680	0.007417379412800074	0.19267673790454865	0.628460168838501	0.41637101769447327
681	0.007562996353954077	0.19270633161067963	0.6288295388221741	0.4170389771461487
682	0.007741346023976803	0.19242015480995178	0.6320957541465759	0.41800010204315186
683	0.0075382268987596035	0.19205494225025177	0.6351488828659058	0.41864848136901855
684	0.007644449360668659	0.19198448956012726	0.6350191831588745	0.4184914231300354
685	0.007517298683524132	0.19230087101459503	0.6332660913467407	0.41821300983428955
686	0.007432202342897654	0.19309107959270477	0.6299152374267578	0.4172569215297699
687	0.007431299891322851	0.1937335878610611	0.6270608901977539	0.41666945815086365
688	0.007571048103272915	0.19373583793640137	0.6272246837615967	0.4160028398036957
689	0.007269793655723333	0.1931188702583313	0.6303606033325195	0.416498601436615
690	0.007468619849532843	0.1926577240228653	0.6322491765022278	0.4171452820301056
691	0.0074894060380756855	0.1927323043346405	0.6310989260673523	0.41748952865600586
692	0.007418673485517502	0.1929868459701538	0.6296898126602173	0.41776323318481445
693	0.007617386523634195	0.19294221699237823	0.6297358870506287	0.41797909140586853
694	0.007346203085035086	0.1925896555185318	0.6308639049530029	0.41832277178764343
695	0.007468952797353268	0.192278653383255	0.6306362152099609	0.41746005415916443
696	0.0073279426433146	0.19202199578285217	0.6318776607513428	0.4163649380207062
697	0.00747057655826211	0.19197987020015717	0.6321048736572266	0.4149893820285797
698	0.007482725195586681	0.19251541793346405	0.6295247673988342	0.413860946893692
699	0.007372873369604349	0.19305619597434998	0.6277912855148315	0.4134478271007538
700	0.007345651276409626	0.19346493482589722	0.6278833150863647	0.41400671005249023
701	0.00735459104180336	0.19337603449821472	0.6292253732681274	0.41502290964126587
702	0.007534221280366182	0.19302813708782196	0.6299388408660889	0.41573166847229004
703	0.007409324403852224	0.19274653494358063	0.628928542137146	0.4158017933368683
704	0.007272701244801283	0.19247007369995117	0.628919243812561	0.41570279002189636
705	0.007395933382213116	0.19209593534469604	0.6309814453125	0.4164567291736603
706	0.0073965247720479965	0.19223487377166748	0.6313061118125916	0.41726812720298767
707	0.0073295943439006805	0.19263891875743866	0.6303827166557312	0.41776514053344727
708	0.007396801840513945	0.19266335666179657	0.630159854888916	0.4181246757507324
709	0.007372410036623478	0.19308407604694366	0.6277125477790833	0.4172021150588989
710	0.007420182693749666	0.1932739019393921	0.6271626949310303	0.4163813292980194
711	0.00724438251927495	0.19318382441997528	0.6293730139732361	0.41620969772338867
712	0.007422815542668104	0.1931467205286026	0.6315889358520508	0.4161025583744049
713	0.007538354489952326	0.1932152360677719	0.6326984763145447	0.4159254729747772
714	0.007272727321833372	0.19360865652561188	0.6300469636917114	0.41514140367507935
715	0.007308545522391796	0.19416043162345886	0.6248276829719543	0.41409194469451904
716	0.0073327356949448586	0.19451192021369934	0.623105525970459	0.4138033390045166
717	0.007350609637796879	0.19407108426094055	0.6262928247451782	0.41437456011772156
718	0.007238287013024092	0.19347380101680756	0.6303474307060242	0.4150555431842804
719	0.007245759945362806	0.1928231418132782	0.633780837059021	0.41567111015319824
720	0.007345220539718866	0.1928558200597763	0.632222056388855	0.414945125579834
721	0.00733431288972497	0.1933235377073288	0.6268666982650757	0.4137113392353058
722	0.00725905317813158	0.19337573647499084	0.6255040168762207	0.4137059450149536
723	0.006996299605816603	0.1929161548614502	0.6282959580421448	0.4144118130207062
724	0.007257428020238876	0.1925344318151474	0.6336262822151184	0.41554567217826843
725	0.007199519779533148	0.1924283802509308	0.6361711025238037	0.4163581430912018
726	0.007263796869665384	0.19281548261642456	0.6337058544158936	0.4164203703403473
727	0.0072831520810723305	0.19334416091442108	0.6284623146057129	0.41636812686920166
728	0.007252167910337448	0.1932048350572586	0.6278031468391418	0.4173526167869568
729	0.007059911731630564	0.19273953139781952	0.6307909488677979	0.41830411553382874
730	0.00732369115576148	0.19232778251171112	0.6346380710601807	0.4186415672302246
731	0.007087614852935076	0.19201882183551788	0.6381651163101196	0.41899165511131287
732	0.007228952366858721	0.19235752522945404	0.6372464895248413	0.41839760541915894
733	0.0072550526820123196	0.193173348903656	0.6324802041053772	0.4170244038105011
734	0.007147509139031172	0.193653866648674	0.6286890506744385	0.4166299104690552
735	0.007313719484955072	0.19361509382724762	0.6282305717468262	0.41712039709091187
736	0.007077915593981743	0.19288800656795502	0.6327592134475708	0.41859209537506104
737	0.007075234781950712	0.19273875653743744	0.6354861259460449	0.4190475046634674
738	0.007162921130657196	0.19305774569511414	0.6351121664047241	0.4183328151702881
739	0.007053943816572428	0.19340680539608002	0.6316360235214233	0.4175216257572174
740	0.007017701864242554	0.19382935762405396	0.6268692016601562	0.4167281687259674
741	0.007018078584223986	0.1939270794391632	0.6261564493179321	0.4167163372039795
742	0.00704191392287612	0.1934950202703476	0.6301008462905884	0.41707858443260193
743	0.0071112364530563354	0.1936204433441162	0.6322097778320312	0.41644707322120667
744	0.0072416216135025024	0.19398513436317444	0.6308736205101013	0.4147053360939026
745	0.007089110556989908	0.19417166709899902	0.6276064515113831	0.41340216994285583
746	0.007056296803057194	0.1941385567188263	0.6256853342056274	0.41311943531036377
747	0.006987353321164846	0.1936495155096054	0.6272953152656555	0.4141850769519806
748	0.006980773992836475	0.19272743165493011	0.6324647068977356	0.4162590205669403
749	0.007014924194663763	0.1921924650669098	0.6356441378593445	0.41759762167930603
750	0.006987959612160921	0.1920446753501892	0.6362814903259277	0.41853249073028564
751	0.007136770989745855	0.19251978397369385	0.6325351595878601	0.417661190032959
752	0.007102519273757935	0.193598210811615	0.6261641979217529	0.415433794260025
753	0.0070840949192643166	0.1942334771156311	0.6232754588127136	0.41377755999565125
754	0.006982819177210331	0.19404900074005127	0.6250815391540527	0.4136449694633484
755	0.007078003603965044	0.193262979388237	0.6308174133300781	0.4147900640964508
756	0.007034174166619778	0.19294607639312744	0.6347779035568237	0.4157257080078125
757	0.007000061683356762	0.1934143304824829	0.6340447068214417	0.4151751399040222
758	0.007097297813743353	0.19427475333213806	0.6282230615615845	0.4135035574436188
759	0.006879530847072601	0.19549240171909332	0.6192910671234131	0.4112297594547272
760	0.006989140063524246	0.19567997753620148	0.6171849966049194	0.4106915295124054
761	0.006969024892896414	0.19437897205352783	0.6229574084281921	0.4117620885372162
762	0.006798999849706888	0.19325675070285797	0.6288215517997742	0.4133232533931732
763	0.007091825362294912	0.19298849999904633	0.6300580501556396	0.41364604234695435
764	0.00696650380268693	0.19325561821460724	0.6274318099021912	0.4139174818992615
765	0.006855315528810024	0.19359704852104187	0.6249552965164185	0.4141882061958313
766	0.006892244331538677	0.194056436419487	0.6239718794822693	0.4140768051147461
767	0.006880668923258781	0.19446174800395966	0.6255275011062622	0.41381964087486267
768	0.007001042366027832	0.19436542689800262	0.6290668845176697	0.41414254903793335
769	0.006852670572698116	0.1943253129720688	0.6298630833625793	0.41416892409324646
770	0.006891243159770966	0.1942141205072403	0.6275992393493652	0.4139575958251953
771	0.006816233042627573	0.19443289935588837	0.6236212253570557	0.4133831858634949
772	0.006755537819117308	0.19448111951351166	0.6215676069259644	0.41303059458732605
773	0.006942742504179478	0.19380289316177368	0.6259564757347107	0.4132893979549408
774	0.006826698314398527	0.19336850941181183	0.6294164061546326	0.4127608835697174
775	0.0069326297380030155	0.1937531977891922	0.6295912265777588	0.41145965456962585
776	0.006813495419919491	0.1944362074136734	0.6253177523612976	0.4100513458251953
777	0.006941332947462797	0.1949583888053894	0.6211163401603699	0.40935876965522766
778	0.006829677615314722	0.19447903335094452	0.6215014457702637	0.41014572978019714
779	0.0067558311857283115	0.19368772208690643	0.625457763671875	0.4118967056274414
780	0.006885230075567961	0.19325122237205505	0.6292546987533569	0.4136486053466797
781	0.006793034728616476	0.19330666959285736	0.6306428909301758	0.4148665964603424
782	0.006835591048002243	0.1937999725341797	0.6286330819129944	0.41509348154067993
783	0.006785260979086161	0.19417405128479004	0.6258293390274048	0.41482672095298767
784	0.0068073277361691	0.19409562647342682	0.6237922310829163	0.41411495208740234
785	0.006774097215384245	0.1932952105998993	0.6257674098014832	0.4145980179309845
786	0.0068517280742526054	0.19265314936637878	0.6296756863594055	0.415057510137558
787	0.006928568240255117	0.19254162907600403	0.6323773264884949	0.41521021723747253
788	0.006923289503902197	0.19295072555541992	0.6313582062721252	0.41490495204925537
789	0.006822682451456785	0.19384145736694336	0.6272205710411072	0.41351383924484253
790	0.0067758699879050255	0.19462093710899353	0.6233681440353394	0.4121509790420532
791	0.006984484847635031	0.19477443397045135	0.624143660068512	0.4118334650993347
792	0.0067910971119999886	0.19476154446601868	0.626008927822113	0.4112156927585602
793	0.006904938258230686	0.19439655542373657	0.6285377740859985	0.4109741151332855
794	0.00664870161563158	0.1938290297985077	0.6290374994277954	0.4111447334289551
795	0.006622062064707279	0.19354069232940674	0.6269898414611816	0.41111040115356445
796	0.0067397779785096645	0.19339753687381744	0.6263959407806396	0.41161811351776123
797	0.0064457072876393795	0.19342967867851257	0.6266916394233704	0.4125783443450928
798	0.006662631407380104	0.19326581060886383	0.6279696226119995	0.41336506605148315
799	0.0067449817433953285	0.19311435520648956	0.629216194152832	0.41375261545181274
800	0.006721181329339743	0.1930040419101715	0.6303001642227173	0.41345301270484924
801	0.006636910140514374	0.19343425333499908	0.6282168626785278	0.41235801577568054
802	0.006635285913944244	0.19456727802753448	0.6222624778747559	0.4107610881328583
803	0.006475286558270454	0.19540473818778992	0.619189441204071	0.4103735089302063
804	0.006640528794378042	0.19553932547569275	0.6210943460464478	0.41145798563957214
805	0.006632270757108927	0.19460931420326233	0.6278306841850281	0.41375285387039185
806	0.006732626352459192	0.19402682781219482	0.631461501121521	0.4144325852394104
807	0.006699366495013237	0.19374845921993256	0.6307659149169922	0.41409534215927124
808	0.0067572942934930325	0.1939239799976349	0.6269728541374207	0.4130651652812958
809	0.006590940058231354	0.19421859085559845	0.6233730316162109	0.41212502121925354
810	0.006660968530923128	0.1939370483160019	0.6246935725212097	0.41266244649887085
811	0.006518492009490728	0.1935732662677765	0.6291964054107666	0.41372188925743103
812	0.006692056078463793	0.19352924823760986	0.6325252056121826	0.4147351086139679
813	0.0066973804496228695	0.19375914335250854	0.6317565441131592	0.4150455892086029
814	0.006677208933979273	0.1943214237689972	0.626117467880249	0.4142659902572632
815	0.006351422984153032	0.19485881924629211	0.620877742767334	0.4131576418876648
816	0.006577921099960804	0.19515174627304077	0.6184040307998657	0.4124071002006531
817	0.00660852761939168	0.194741353392601	0.6213764548301697	0.4126443564891815
818	0.006549969781190157	0.1941424012184143	0.6266555786132812	0.4135133624076843
819	0.006517273373901844	0.19368167221546173	0.6306204199790955	0.4144657254219055
820	0.006636956240981817	0.19391442835330963	0.6288590431213379	0.4141772985458374
821	0.0067266481928527355	0.19463099539279938	0.623245358467102	0.4130582809448242
822	0.006564408075064421	0.19479314982891083	0.6211681365966797	0.41236209869384766
823	0.006565832532942295	0.1942346692085266	0.6238633394241333	0.41279903054237366
824	0.006536286789923906	0.193567156791687	0.628381609916687	0.4139776825904846
825	0.006514209788292646	0.19329525530338287	0.6304071545600891	0.4149833619594574
826	0.00649257842451334	0.19331254065036774	0.6303637027740479	0.41521361470222473
827	0.006460949778556824	0.1938544660806656	0.6261418461799622	0.4137687683105469
828	0.0065359496511518955	0.19444508850574493	0.6216076016426086	0.41216444969177246
829	0.006716352421790361	0.19425594806671143	0.6210878491401672	0.4112386703491211
830	0.006677404511719942	0.19348330795764923	0.6259389519691467	0.4120217561721802
831	0.006428914610296488	0.1930411159992218	0.6292466521263123	0.4124683737754822
832	0.00660000741481781	0.1929253786802292	0.6297558546066284	0.4126879572868347
833	0.006533532869070768	0.19334444403648376	0.6279655694961548	0.41195961833000183
834	0.0066449400037527084	0.19391629099845886	0.6262388825416565	0.41150063276290894
835	0.0064866929315030575	0.19419731199741364	0.6250882148742676	0.4115053117275238
836	0.006508341990411282	0.19425499439239502	0.6252078413963318	0.41200166940689087
837	0.0064224135130643845	0.194203719496727	0.6264806389808655	0.4127418100833893
838	0.006347209215164185	0.19413907825946808	0.6283990740776062	0.41301941871643066
839	0.00647449865937233	0.19434529542922974	0.6288782358169556	0.41326045989990234
840	0.006527706049382687	0.19465819001197815	0.6261275410652161	0.4129062592983246
841	0.006640681531280279	0.1944805085659027	0.6253399848937988	0.41286700963974
842	0.0064131650142371655	0.19397924840450287	0.6270142793655396	0.41288062930107117
843	0.006487865466624498	0.19351786375045776	0.6281223297119141	0.41261255741119385
844	0.0064619360491633415	0.1934627741575241	0.6278553009033203	0.4120121896266937
845	0.006468531209975481	0.19368086755275726	0.6260503530502319	0.4108006954193115
846	0.006530954502522945	0.19381393492221832	0.625401496887207	0.4102376103401184
847	0.0063382163643836975	0.19365517795085907	0.6275483965873718	0.41069817543029785
848	0.006202729884535074	0.1935889571905136	0.6284409761428833	0.4111078381538391
849	0.006287719123065472	0.1936562955379486	0.628198504447937	0.4110637605190277
850	0.006596236955374479	0.19396066665649414	0.6256731152534485	0.4099383056163788
851	0.006277036853134632	0.19453895092010498	0.621954619884491	0.4085375964641571
852	0.006397708784788847	0.19473454356193542	0.6206275820732117	0.40814003348350525
853	0.006447280757129192	0.19441044330596924	0.6234292387962341	0.40902695059776306
854	0.006340975407510996	0.19395624101161957	0.6263781189918518	0.4102311134338379
855	0.00627515371888876	0.19375348091125488	0.6277872323989868	0.4116695523262024
856	0.006384640000760555	0.19375254213809967	0.6276078224182129	0.4125819504261017
857	0.006398270837962627	0.19421808421611786	0.6244193911552429	0.4119838774204254
858	0.006424771621823311	0.19475898146629333	0.6212460994720459	0.41077920794487
859	0.006370654329657555	0.19497182965278625	0.6215513348579407	0.41016650199890137
860	0.006501831579953432	0.19480915367603302	0.6240526437759399	0.4108619689941406
861	0.00637260964140296	0.1946491003036499	0.6255662441253662	0.4108947515487671
862	0.006345999892801046	0.19429300725460052	0.6275547742843628	0.41124898195266724
863	0.006390061695128679	0.19391711056232452	0.6283987164497375	0.4122781455516815
864	0.006314156111329794	0.19410739839076996	0.6252033114433289	0.41246628761291504
865	0.00650595361366868	0.19434015452861786	0.6229889988899231	0.4118635356426239
866	0.006463584490120411	0.19463364779949188	0.6219518184661865	0.41071149706840515
867	0.006357801146805286	0.1947726011276245	0.621956467628479	0.4093979001045227
868	0.006356559693813324	0.1948595941066742	0.6219533681869507	0.40831297636032104
869	0.006296866573393345	0.19494211673736572	0.6233881115913391	0.4081732928752899
870	0.006247047334909439	0.194304957985878	0.6263664960861206	0.4093605577945709
871	0.006281530484557152	0.19353249669075012	0.6280332803726196	0.41072532534599304
872	0.0062602064572274685	0.19285137951374054	0.6283236145973206	0.41185957193374634
873	0.006460709031671286	0.19302083551883698	0.6264639496803284	0.41210007667541504
874	0.0062266867607831955	0.19368913769721985	0.6245212554931641	0.4112229347229004
875	0.006208422593772411	0.19415511190891266	0.6239673495292664	0.4105987548828125
876	0.006279610563069582	0.1943100392818451	0.6240635514259338	0.40948909521102905
877	0.006209834944456816	0.1945638805627823	0.6238211989402771	0.40920349955558777
878	0.0062982491217553616	0.19504524767398834	0.622866690158844	0.40924376249313354
879	0.006167740561068058	0.19513994455337524	0.6224374771118164	0.41007155179977417
880	0.0062368945218622684	0.19493292272090912	0.6231639385223389	0.41118818521499634
881	0.006190040148794651	0.19449487328529358	0.6249173283576965	0.41203737258911133
882	0.006305942311882973	0.19432350993156433	0.6268507242202759	0.4119924008846283
883	0.006244027055799961	0.19411449134349823	0.6285906434059143	0.41196978092193604
884	0.006185484118759632	0.1940285563468933	0.6289682388305664	0.4114970266819
885	0.0063108098693192005	0.19419223070144653	0.627392053604126	0.4103787839412689
886	0.0062676528468728065	0.19416503608226776	0.6250292658805847	0.40983614325523376
887	0.006142258178442717	0.1940625011920929	0.6229231953620911	0.409712553024292
888	0.006237370893359184	0.19386331737041473	0.6229062080383301	0.4098144769668579
889	0.00624779611825943	0.19344910979270935	0.626331627368927	0.4111897945404053
890	0.006195618771016598	0.1936984658241272	0.6278042793273926	0.4119187593460083
891	0.006282317917793989	0.1940157264471054	0.6272860765457153	0.411419540643692
892	0.0062321205623447895	0.19456808269023895	0.6242061257362366	0.4103981852531433
893	0.006108337547630072	0.19482319056987762	0.6224417090415955	0.41024720668792725
894	0.00634246040135622	0.19487300515174866	0.6216752529144287	0.4104345738887787
895	0.0060830009169876575	0.19445055723190308	0.6239286661148071	0.41162070631980896
896	0.006176953669637442	0.1940293312072754	0.6281020641326904	0.4131240248680115
897	0.006241020746529102	0.19420646131038666	0.6293216347694397	0.41363078355789185
898	0.00614550057798624	0.19465979933738708	0.6276369690895081	0.4134758710861206
899	0.005998494103550911	0.19489432871341705	0.6258448958396912	0.4130237102508545
900	0.006199708208441734	0.19460396468639374	0.6250612735748291	0.412761926651001
901	0.006166868843138218	0.19420403242111206	0.6251332759857178	0.41225746273994446
902	0.006141784600913525	0.1937001496553421	0.6268896460533142	0.4119897782802582
903	0.006205267738550901	0.19380788505077362	0.6269632577896118	0.4111485481262207
904	0.006048873998224735	0.19416211545467377	0.6259759664535522	0.4103574752807617
905	0.006126821506768465	0.19498293101787567	0.622765839099884	0.4095095694065094
906	0.006133310962468386	0.195949986577034	0.6204158663749695	0.408742219209671
907	0.006031502038240433	0.1968097686767578	0.6195645332336426	0.4081384837627411
908	0.006012525875121355	0.1967344731092453	0.6214192509651184	0.40845760703086853
909	0.006005869712680578	0.19574396312236786	0.6260287165641785	0.41008222103118896
910	0.006055336445569992	0.19452227652072906	0.6299367547035217	0.4117377996444702
911	0.006150928325951099	0.1941046565771103	0.6281073689460754	0.4118310809135437
912	0.00613454869017005	0.1940060257911682	0.625966489315033	0.41150209307670593
913	0.006072659976780415	0.19457276165485382	0.6224358081817627	0.41069161891937256
914	0.006162660662084818	0.1954708695411682	0.619942843914032	0.40982604026794434
915	0.005934848450124264	0.19581635296344757	0.6208176612854004	0.4092402458190918
916	0.0060028620064258575	0.1952521800994873	0.6251526474952698	0.4094598889350891
917	0.006094306241720915	0.19451744854450226	0.6285881996154785	0.4102417826652527
918	0.006104901432991028	0.1940191686153412	0.6281273365020752	0.4101124703884125
919	0.006038330495357513	0.1938718557357788	0.6260147094726562	0.41010382771492004
920	0.0059846797958016396	0.19415760040283203	0.6237861514091492	0.4100223481655121
921	0.006040418986231089	0.19486908614635468	0.6222174763679504	0.4099419414997101
922	0.005951177794486284	0.19598829746246338	0.6210009455680847	0.4095866084098816
923	0.005887043662369251	0.19650375843048096	0.6218610405921936	0.40951940417289734
924	0.00596392760053277	0.19619813561439514	0.6234369874000549	0.40995490550994873
925	0.005946632008999586	0.19512997567653656	0.625995934009552	0.4103727340698242
926	0.006009435746818781	0.19418564438819885	0.6260861158370972	0.4098759889602661
927	0.006212813779711723	0.193942591547966	0.6239704489707947	0.40909117460250854
928	0.005992190912365913	0.19423721730709076	0.6215231418609619	0.4082583487033844
929	0.005928301252424717	0.19486753642559052	0.6202095746994019	0.4079306423664093
930	0.005972173996269703	0.19498762488365173	0.6223657131195068	0.4084887206554413
931	0.005989949684590101	0.19489888846874237	0.6252015829086304	0.408444881439209
932	0.006001134868711233	0.19482947885990143	0.6254658699035645	0.4080736041069031
933	0.00608908012509346	0.19473855197429657	0.6240386962890625	0.4073788523674011
934	0.0059682163409888744	0.19484128057956696	0.6217608451843262	0.4066019058227539
935	0.005977753549814224	0.19458486139774323	0.621597945690155	0.40713661909103394
936	0.006044015288352966	0.1943167895078659	0.624045729637146	0.40862786769866943
937	0.006058195140212774	0.19431565701961517	0.6266897320747375	0.40985924005508423
938	0.005973914638161659	0.19480210542678833	0.6254668235778809	0.4104352593421936
939	0.0060054766945540905	0.1951105296611786	0.622501790523529	0.4107716381549835
940	0.005905673839151859	0.19491758942604065	0.6214041709899902	0.4106346666812897
941	0.006018098443746567	0.19429491460323334	0.6239287853240967	0.41108936071395874
942	0.00604211213067174	0.19378311932086945	0.626608669757843	0.4112784266471863
943	0.00604567676782608	0.19382940232753754	0.6258935928344727	0.41049060225486755
944	0.005866578780114651	0.19427935779094696	0.6236796975135803	0.40960508584976196
945	0.005942102521657944	0.19462810456752777	0.6231848001480103	0.4095042645931244
946	0.005936783272773027	0.1947673112154007	0.623481273651123	0.40949517488479614
947	0.0058996230363845825	0.19509044289588928	0.6216855049133301	0.4089568853378296
948	0.005856265779584646	0.19475524127483368	0.6242049336433411	0.4093867540359497
949	0.005980208050459623	0.19433358311653137	0.6264963746070862	0.4098079800605774
950	0.006017585750669241	0.19419154524803162	0.6269404888153076	0.4101855158805847
951	0.005928484722971916	0.19443346560001373	0.6260330080986023	0.4104944169521332
952	0.005932569038122892	0.194908007979393	0.6240735650062561	0.41004884243011475
953	0.005824214778840542	0.19503100216388702	0.6239929795265198	0.40994611382484436
954	0.005848385393619537	0.19522084295749664	0.6235865354537964	0.40900683403015137
955	0.005888108629733324	0.19480134546756744	0.6252645254135132	0.4088341295719147
956	0.005927480291575193	0.19438326358795166	0.6257514357566833	0.4089459478855133
957	0.006040342152118683	0.19398291409015656	0.6265591382980347	0.4097961187362671
958	0.005767046473920345	0.19399550557136536	0.6262744069099426	0.410228967666626
959	0.00587249593809247	0.19436413049697876	0.6251081824302673	0.4107430875301361
960	0.00583697110414505	0.19458408653736115	0.6232706308364868	0.4107804596424103
961	0.005913885775953531	0.1946074664592743	0.6226900219917297	0.41000697016716003
962	0.005856743548065424	0.19419848918914795	0.624208390712738	0.40966179966926575
963	0.005808469373732805	0.19397151470184326	0.6255932450294495	0.4093678593635559
964	0.005922297481447458	0.19403567910194397	0.6254613995552063	0.4089655876159668
965	0.005813156254589558	0.19431301951408386	0.6243528723716736	0.4087351858615875
966	0.0060625565238296986	0.19461657106876373	0.6236587166786194	0.4085088074207306
967	0.005740832537412643	0.19487419724464417	0.6234137415885925	0.4083457887172699
968	0.005721767898648977	0.1948215216398239	0.6237298846244812	0.40829992294311523
969	0.005748308729380369	0.194554403424263	0.6243972778320312	0.407970666885376
970	0.005718211177736521	0.19426116347312927	0.6243686676025391	0.40758201479911804
971	0.005860046949237585	0.1940101534128189	0.6239286065101624	0.4073629379272461
972	0.005863706115633249	0.19380618631839752	0.6239880919456482	0.40757909417152405
973	0.005696770269423723	0.1936018317937851	0.62551349401474	0.4084826111793518
974	0.005704707466065884	0.19402801990509033	0.6253608465194702	0.40871280431747437
975	0.005666541866958141	0.19455228745937347	0.624527633190155	0.4084407389163971
976	0.005621373187750578	0.19525709748268127	0.622715950012207	0.40698954463005066
977	0.0057921577244997025	0.1955985277891159	0.6221207976341248	0.405426949262619
978	0.005719155538827181	0.19537343084812164	0.6226842403411865	0.4045528769493103
979	0.005781036335974932	0.19505584239959717	0.6228049993515015	0.40453916788101196
980	0.005770538467913866	0.19476459920406342	0.6227089166641235	0.4055285155773163
981	0.005802894476801157	0.19452860951423645	0.6230950355529785	0.4069863259792328
982	0.005773147102445364	0.19430077075958252	0.6249987483024597	0.4077361822128296
983	0.005716047715395689	0.19416497647762299	0.6259250640869141	0.4075596034526825
984	0.005666311830282211	0.1942046582698822	0.6264852285385132	0.40733540058135986
985	0.005907829850912094	0.1947476714849472	0.6237756609916687	0.40671390295028687
986	0.005727886222302914	0.19517141580581665	0.621664822101593	0.4062945544719696
987	0.005743976216763258	0.19517432153224945	0.6216413378715515	0.40645599365234375
988	0.005697650834918022	0.19489528238773346	0.6228402853012085	0.40702852606773376
989	0.005686191841959953	0.1946677267551422	0.6237746477127075	0.4075148105621338
990	0.005641109310090542	0.19421660900115967	0.6256189346313477	0.4082803428173065
991	0.0057251532562077045	0.19413435459136963	0.6246322989463806	0.4082070291042328
992	0.00567353330552578	0.19425903260707855	0.6245770454406738	0.4079321324825287
993	0.005717199761420488	0.19490742683410645	0.6223485469818115	0.40662243962287903
994	0.005735327955335379	0.1955425888299942	0.620602548122406	0.40573999285697937
995	0.005750397220253944	0.19563645124435425	0.6218827962875366	0.4062260389328003
996	0.005724165588617325	0.1952938735485077	0.6249934434890747	0.40713879466056824
997	0.005631659645587206	0.19466781616210938	0.6279790997505188	0.4083385467529297
998	0.005665798671543598	0.1942770928144455	0.6271786689758301	0.40849238634109497
999	0.005713640712201595	0.19431792199611664	0.6249154210090637	0.4078931510448456
1000	0.005682553164660931	0.19469091296195984	0.6220389604568481	0.4064992368221283
1001	0.005628265906125307	0.19515539705753326	0.6205271482467651	0.40539103746414185
1002	0.005621725227683783	0.19518017768859863	0.6224780678749084	0.4056599736213684
1003	0.005614202003926039	0.19489574432373047	0.6250689029693604	0.40654700994491577
1004	0.0057549551129341125	0.19473634660243988	0.6257035732269287	0.4074464440345764
1005	0.005634630564600229	0.19478178024291992	0.6242054104804993	0.40757402777671814
1006	0.0056982566602528095	0.19498032331466675	0.6216398477554321	0.40728870034217834
1007	0.005608491599559784	0.19513091444969177	0.620810866355896	0.4066208302974701
1008	0.005651234183460474	0.19501228630542755	0.621855616569519	0.4067709743976593
1009	0.005648878403007984	0.19484715163707733	0.6244112849235535	0.4075446128845215
1010	0.00543078500777483	0.19469629228115082	0.6256766319274902	0.4084537923336029
1011	0.005688201170414686	0.19427135586738586	0.6267269849777222	0.40929293632507324
1012	0.005727164912968874	0.19419127702713013	0.6257979273796082	0.40934544801712036
1013	0.00548781082034111	0.19450239837169647	0.6229487657546997	0.4084818363189697
1014	0.005584611091762781	0.19499334692955017	0.6208480000495911	0.40793851017951965
1015	0.005622792057693005	0.19536802172660828	0.6202138662338257	0.40751099586486816
1016	0.005552152171730995	0.195122629404068	0.6219791769981384	0.40701067447662354
1017	0.0056852190755307674	0.19481895864009857	0.6240942478179932	0.4063741862773895
1018	0.005692723672837019	0.19461743533611298	0.6233276128768921	0.4054326117038727
1019	0.0055889543145895	0.19445371627807617	0.6227306723594666	0.4049515128135681
1020	0.005628618411719799	0.1949283629655838	0.620326817035675	0.40393462777137756
1021	0.005540574435144663	0.1952390819787979	0.6199793815612793	0.4030178487300873
1022	0.005653015803545713	0.19489914178848267	0.6234054565429688	0.40306320786476135
1023	0.005699664819985628	0.1945168823003769	0.6259433627128601	0.40401309728622437
1024	0.005573711358010769	0.19418933987617493	0.6262747049331665	0.40514129400253296
1025	0.005628696642816067	0.19422711431980133	0.6250864863395691	0.40650781989097595
1026	0.0056256940588355064	0.19421477615833282	0.6242438554763794	0.408218652009964
1027	0.005568951368331909	0.19456078112125397	0.6226925849914551	0.4091453552246094
1028	0.00558731472119689	0.19483311474323273	0.6235459446907043	0.40989112854003906
1029	0.005696702748537064	0.19467568397521973	0.6261088252067566	0.41029778122901917
1030	0.005480196326971054	0.1944565773010254	0.6279884576797485	0.4105101227760315
1031	0.005650126840919256	0.19423428177833557	0.6274822354316711	0.40997323393821716
1032	0.005541688296943903	0.19385315477848053	0.6268225312232971	0.40939822793006897
1033	0.005581598728895187	0.19345270097255707	0.626193106174469	0.4090827703475952
1034	0.0055304039269685745	0.19343997538089752	0.6256765723228455	0.40864619612693787
1035	0.005555880255997181	0.19405032694339752	0.6230745315551758	0.40739181637763977
1036	0.005526908207684755	0.19470258057117462	0.6222125887870789	0.4065762162208557
1037	0.005578699056059122	0.1952807754278183	0.621572732925415	0.4059063494205475
1038	0.005452117417007685	0.19574569165706635	0.6223307847976685	0.40564578771591187
1039	0.005600840784609318	0.1958613097667694	0.6231019496917725	0.4054194688796997
1040	0.005583908874541521	0.1955590397119522	0.6229779720306396	0.4053066372871399
1041	0.00551126291975379	0.19526289403438568	0.6216979026794434	0.40573227405548096
1042	0.005614376626908779	0.1952403038740158	0.6196799278259277	0.40570151805877686
1043	0.00551774213090539	0.195241317152977	0.6191734075546265	0.4059658646583557
1044	0.005501949228346348	0.19515171647071838	0.6210578083992004	0.40669548511505127
1045	0.00553428940474987	0.1951359212398529	0.6235291957855225	0.40680861473083496
1046	0.005624443292617798	0.1951797604560852	0.6251884698867798	0.40674155950546265
1047	0.005525016691535711	0.19536182284355164	0.6243765950202942	0.4065335690975189
1048	0.005635622423142195	0.1955471932888031	0.6206946969032288	0.4061763286590576
1049	0.005585951264947653	0.1956440657377243	0.6167763471603394	0.40577590465545654
1050	0.005491852294653654	0.1953660249710083	0.6165260672569275	0.40556901693344116
1051	0.005504022352397442	0.1949695199728012	0.619336724281311	0.4056137204170227
1052	0.005382281728088856	0.19459369778633118	0.6231929063796997	0.40646207332611084
1053	0.00545339472591877	0.19444318115711212	0.6253237724304199	0.40689459443092346
1054	0.005353027023375034	0.19434022903442383	0.6258661150932312	0.4076589047908783
1055	0.005421887617558241	0.19494269788265228	0.6212136745452881	0.40695199370384216
1056	0.00549338711425662	0.1954723447561264	0.6164232492446899	0.40594854950904846
1057	0.005492220167070627	0.195588618516922	0.6159858107566833	0.40493646264076233
1058	0.005475277081131935	0.19519443809986115	0.6190919280052185	0.40462884306907654
1059	0.005493323318660259	0.19499540328979492	0.6231768131256104	0.404607892036438
1060	0.005444747861474752	0.19527384638786316	0.6229614019393921	0.4046567678451538
1061	0.005354293156415224	0.19587646424770355	0.620154619216919	0.4048146903514862
1062	0.0054162004962563515	0.19598819315433502	0.6194199919700623	0.40567272901535034
1063	0.005429964978247881	0.19543679058551788	0.621539831161499	0.40692436695098877
1064	0.005406645126640797	0.19467608630657196	0.6233236789703369	0.4076629877090454
1065	0.0053016422316432	0.19399942457675934	0.6248509883880615	0.40801095962524414
1066	0.005401684902608395	0.19379739463329315	0.6256438493728638	0.4083121120929718
1067	0.00542963482439518	0.1942787915468216	0.6231499314308167	0.4077886939048767
1068	0.005469234194606543	0.19478073716163635	0.621573805809021	0.4070379137992859
1069	0.005614195950329304	0.19488120079040527	0.622211754322052	0.40655750036239624
1070	0.005474490113556385	0.1946912258863449	0.6233246922492981	0.40676987171173096
1071	0.0054894364438951015	0.19444391131401062	0.6242443323135376	0.4068947434425354
1072	0.00535905547440052	0.19422058761119843	0.6251650452613831	0.40694287419319153
1073	0.005405712407082319	0.19392229616641998	0.6259426474571228	0.4070791006088257
1074	0.005547990091145039	0.1937124878168106	0.6266822218894958	0.4076044261455536
1075	0.005519794300198555	0.19392454624176025	0.6253911852836609	0.40737175941467285
1076	0.005301517900079489	0.1940845251083374	0.6236735582351685	0.40724265575408936
1077	0.00536204781383276	0.19413931667804718	0.6232256889343262	0.407099187374115
1078	0.005414931103587151	0.1939782053232193	0.6245350241661072	0.40738391876220703
1079	0.00530623085796833	0.19386741518974304	0.6259389519691467	0.40727299451828003
1080	0.005392584949731827	0.19383323192596436	0.6270266175270081	0.40708431601524353
1081	0.0053233434446156025	0.19394339621067047	0.6262761950492859	0.4069945514202118
1082	0.005458950996398926	0.1942305713891983	0.6231767535209656	0.40635544061660767
1083	0.005306191276758909	0.19467753171920776	0.6209712028503418	0.40570908784866333
1084	0.005505518056452274	0.19467642903327942	0.622168242931366	0.40552887320518494
1085	0.005373520310968161	0.1943766474723816	0.6247380971908569	0.40570342540740967
1086	0.005356104578822851	0.19434280693531036	0.6267721652984619	0.4061315357685089
1087	0.00537270400673151	0.19430667161941528	0.6266119480133057	0.4071556031703949
1088	0.005344821605831385	0.194559708237648	0.6247321963310242	0.40718376636505127
1089	0.005277148447930813	0.19486530125141144	0.6213041543960571	0.40752214193344116
1090	0.005317321512848139	0.19515208899974823	0.6198792457580566	0.40765032172203064
1091	0.005380964372307062	0.19498850405216217	0.6218227744102478	0.40740740299224854
1092	0.005356517154723406	0.19457098841667175	0.6260214447975159	0.4073663055896759
1093	0.005412762518972158	0.19449813663959503	0.6270455718040466	0.40664032101631165
1094	0.005381391849368811	0.1945393681526184	0.625295877456665	0.4060302674770355
1095	0.0054020509123802185	0.19452066719532013	0.6226668953895569	0.4062053859233856
1096	0.005346499849110842	0.19453614950180054	0.62040114402771	0.40681570768356323
1097	0.005325370002537966	0.19409117102622986	0.6220245361328125	0.4081041216850281
1098	0.005345183424651623	0.19381730258464813	0.6235087513923645	0.40885552763938904
1099	0.005359811708331108	0.19370634853839874	0.6256113052368164	0.4093155264854431
1100	0.005260252859443426	0.19399000704288483	0.6252607703208923	0.40901947021484375
1101	0.0051766023971140385	0.19412565231323242	0.625011682510376	0.4088395833969116
1102	0.005359282251447439	0.19431939721107483	0.6244084239006042	0.4083734452724457
1103	0.005259588360786438	0.19429881870746613	0.6250604391098022	0.408113032579422
1104	0.005313859786838293	0.19435521960258484	0.6246666312217712	0.4073046147823334
1105	0.0053703924641013145	0.19418995082378387	0.6249273419380188	0.40651726722717285
1106	0.005257891025394201	0.19446510076522827	0.6241346597671509	0.40552476048469543
1107	0.005410151556134224	0.19475623965263367	0.6231920719146729	0.40539056062698364
1108	0.00526174483820796	0.19532154500484467	0.6209022998809814	0.4052812457084656
1109	0.005267444998025894	0.19558510184288025	0.6198466420173645	0.40560173988342285
1110	0.005278462544083595	0.19531944394111633	0.6213232278823853	0.4059499204158783
1111	0.005276469513773918	0.19462943077087402	0.6243327260017395	0.40649744868278503
1112	0.005273541435599327	0.1941004991531372	0.6254932284355164	0.4067351818084717
1113	0.0052235363982617855	0.19379380345344543	0.6246272921562195	0.4064899682998657
1114	0.005296572111546993	0.19372332096099854	0.6236247420310974	0.40630805492401123
1115	0.005288409534841776	0.19373750686645508	0.6229339241981506	0.40665000677108765
1116	0.0051730177365243435	0.1938302218914032	0.6236598491668701	0.4073431193828583
1117	0.005172849632799625	0.19392120838165283	0.6255353689193726	0.4084876775741577
1118	0.005208928138017654	0.19436335563659668	0.6256532669067383	0.40873458981513977
1119	0.005178674124181271	0.19450892508029938	0.6248781681060791	0.4087986350059509
1120	0.005245511885732412	0.19467341899871826	0.6230369806289673	0.40804970264434814
1121	0.005323589313775301	0.19459852576255798	0.6217787265777588	0.4073326289653778
1122	0.005179939325898886	0.19457554817199707	0.6208282113075256	0.40647178888320923
1123	0.005261060781776905	0.1944749802350998	0.6212371587753296	0.4058060944080353
1124	0.005150961223989725	0.1944315880537033	0.6227516531944275	0.40539035201072693
1125	0.005159143358469009	0.19465765357017517	0.6236740350723267	0.4052141606807709
1126	0.005272930487990379	0.19563381373882294	0.62013840675354	0.4044865667819977
1127	0.005224235821515322	0.19626988470554352	0.6177695393562317	0.4039594829082489
1128	0.005281604826450348	0.1962207853794098	0.6173985600471497	0.40416261553764343
1129	0.00527745857834816	0.19551976025104523	0.6197260022163391	0.4047412872314453
1130	0.0051173260435462	0.1945740282535553	0.6228495240211487	0.40541234612464905
1131	0.005007803440093994	0.19377514719963074	0.6252259016036987	0.406228244304657
1132	0.005149192176759243	0.19339171051979065	0.6252132058143616	0.40684399008750916
1133	0.005080122500658035	0.19343696534633636	0.6241277456283569	0.40745753049850464
1134	0.005196080543100834	0.19378387928009033	0.6232576370239258	0.4075639247894287
1135	0.00509972870349884	0.19402939081192017	0.6232265830039978	0.40738749504089355
1136	0.005155518185347319	0.19435177743434906	0.6234256029129028	0.4072914123535156
1137	0.0052361637353897095	0.1944231539964676	0.6238331198692322	0.4071599245071411
1138	0.0050861528143286705	0.19464923441410065	0.6230202317237854	0.40686678886413574
1139	0.005240623839199543	0.19493824243545532	0.6213039755821228	0.40616825222969055
1140	0.005154747981578112	0.19501177966594696	0.6198259592056274	0.4056188762187958
1141	0.0051099457778036594	0.19464169442653656	0.6205044388771057	0.40567612648010254
1142	0.005321696866303682	0.1940569430589676	0.6233475804328918	0.40621668100357056
1143	0.0051008109003305435	0.1935579776763916	0.6256973147392273	0.40679341554641724
1144	0.005052479915320873	0.1935778111219406	0.6262184381484985	0.4068269729614258
1145	0.005196919199079275	0.19406045973300934	0.6243432760238647	0.4064319133758545
1146	0.0052488562650978565	0.19490526616573334	0.6209333539009094	0.4061431884765625
1147	0.005143485963344574	0.19549831748008728	0.6187647581100464	0.4056856036186218
1148	0.0051314737647771835	0.1953221559524536	0.6199731826782227	0.4061344265937805
1149	0.005191112402826548	0.19488710165023804	0.6231518387794495	0.40683555603027344
1150	0.005175827536731958	0.19451384246349335	0.6270774006843567	0.4073585271835327
1151	0.00518374890089035	0.19444085657596588	0.6267147064208984	0.40724754333496094
1152	0.00516027957201004	0.19463136792182922	0.6234803199768066	0.4065563380718231
1153	0.005162338260561228	0.19519874453544617	0.6184889078140259	0.4054704010486603
1154	0.005199907347559929	0.19558152556419373	0.6169148087501526	0.4047217071056366
1155	0.005210236646234989	0.195373997092247	0.6199687123298645	0.4048992693424225
1156	0.005167880095541477	0.19484758377075195	0.6255576014518738	0.40596717596054077
1157	0.005124405957758427	0.19441989064216614	0.6282829642295837	0.406785786151886
1158	0.0051727863028645515	0.19426478445529938	0.6270745396614075	0.40667468309402466
1159	0.005120017100125551	0.1945449858903885	0.6225008964538574	0.4059104323387146
1160	0.005197895225137472	0.19459480047225952	0.6197975873947144	0.40531525015830994
1161	0.005123990587890148	0.19433589279651642	0.6203926801681519	0.40576300024986267
1162	0.005118601489812136	0.19418804347515106	0.6226823329925537	0.4061475396156311
1163	0.005093549843877554	0.1938929557800293	0.6270402669906616	0.40723732113838196
1164	0.005151634570211172	0.19407375156879425	0.6289653778076172	0.40742403268814087
1165	0.005144743248820305	0.19447971880435944	0.6274105906486511	0.40700563788414
1166	0.005115612875670195	0.19495895504951477	0.6227505803108215	0.40641292929649353
1167	0.005036736838519573	0.19538502395153046	0.6189842820167542	0.405822217464447
1168	0.0051732235588133335	0.19516268372535706	0.6186245083808899	0.40556231141090393
1169	0.005085108336061239	0.19474457204341888	0.6208534240722656	0.4055556654930115
1170	0.004989343695342541	0.19442230463027954	0.6226493120193481	0.40564167499542236
1171	0.005048550199717283	0.19456429779529572	0.6222750544548035	0.40553030371665955
1172	0.00516579719260335	0.19452506303787231	0.6236833333969116	0.40610721707344055
1173	0.005011314991861582	0.19465719163417816	0.6238585114479065	0.4064590632915497
1174	0.004997513722628355	0.19462263584136963	0.6248312592506409	0.4072573184967041
1175	0.005002775229513645	0.19470027089118958	0.6238651871681213	0.40715447068214417
1176	0.005006962455809116	0.1949121057987213	0.6216503977775574	0.40664446353912354
1177	0.005045129917562008	0.19503310322761536	0.6207704544067383	0.4063164293766022
1178	0.0049966308288276196	0.19474998116493225	0.6221703886985779	0.4066588282585144
1179	0.005003683734685183	0.19461549818515778	0.6232411861419678	0.4069408178329468
1180	0.004922796972095966	0.19490185379981995	0.6219361424446106	0.40617111325263977
1181	0.00504755973815918	0.19473034143447876	0.6220383644104004	0.4064396619796753
1182	0.005076198372989893	0.1942468285560608	0.6228494048118591	0.4068520665168762
1183	0.004986549261957407	0.1938018798828125	0.623376190662384	0.40673828125
1184	0.004876317456364632	0.1939895749092102	0.6216339468955994	0.4054858684539795
1185	0.005048774648457766	0.1945711076259613	0.6195691227912903	0.40429529547691345
1186	0.005111360922455788	0.19491712749004364	0.6196751594543457	0.4038769602775574
1187	0.005081980023533106	0.19510841369628906	0.6210372447967529	0.40394824743270874
1188	0.0050626518204808235	0.1951114386320114	0.6223165392875671	0.404325008392334
1189	0.005023854784667492	0.1952480971813202	0.6215296983718872	0.4043450653553009
1190	0.005058559589087963	0.19513677060604095	0.6214308142662048	0.4048374891281128
1191	0.005026898812502623	0.19512732326984406	0.6206597089767456	0.40534332394599915
1192	0.004964838270097971	0.1950710415840149	0.6198694109916687	0.40579187870025635
1193	0.0049690608866512775	0.1949167400598526	0.6209381818771362	0.4061744213104248
1194	0.004893328528851271	0.19462721049785614	0.6231102347373962	0.4062834084033966
1195	0.005044186022132635	0.19413644075393677	0.6263120174407959	0.4066169261932373
1196	0.0050396304577589035	0.19407419860363007	0.6260252594947815	0.40624433755874634
1197	0.005065016448497772	0.19421114027500153	0.6242554187774658	0.40595200657844543
1198	0.005028379149734974	0.19449709355831146	0.6220412850379944	0.40569987893104553
1199	0.004984063562005758	0.19496360421180725	0.619503915309906	0.4057941138744354
1200	0.005033683031797409	0.19526001811027527	0.6198529601097107	0.4063054323196411
1201	0.004974679555743933	0.1952851265668869	0.6226878762245178	0.4066890776157379
1202	0.005084989592432976	0.19551727175712585	0.6246469616889954	0.4067061245441437
1203	0.004973814357072115	0.19566339254379272	0.6248572468757629	0.40657123923301697
1204	0.004910062067210674	0.19537074863910675	0.6239452958106995	0.40656593441963196
1205	0.005067606456577778	0.19513952732086182	0.6217216849327087	0.40559351444244385
1206	0.004901533015072346	0.19483108818531036	0.6208193898200989	0.4050047695636749
1207	0.005003635305911303	0.19461746513843536	0.6209886074066162	0.40474435687065125
1208	0.004968639463186264	0.19445809721946716	0.6227798461914062	0.40478023886680603
1209	0.0050024427473545074	0.19453094899654388	0.6252613067626953	0.4052010476589203
1210	0.004853632766753435	0.19482682645320892	0.6256651282310486	0.405367910861969
1211	0.005053990054875612	0.19494037330150604	0.6247957944869995	0.40605291724205017
1212	0.005011329893022776	0.19494307041168213	0.622859537601471	0.40647363662719727
1213	0.004915055353194475	0.19463297724723816	0.621948778629303	0.40725448727607727
1214	0.004824335686862469	0.1941850185394287	0.6223462820053101	0.40807950496673584
1215	0.0049949949607253075	0.19394974410533905	0.6230761408805847	0.40871500968933105
1216	0.0048719109036028385	0.19373834133148193	0.6248822212219238	0.40927737951278687
1217	0.005012110807001591	0.19384197890758514	0.6263259649276733	0.4095061719417572
1218	0.004882996901869774	0.19414982199668884	0.6254422068595886	0.4091680645942688
1219	0.004938160069286823	0.19431647658348083	0.6248632669448853	0.40895378589630127
1220	0.0048508900217711926	0.1943894624710083	0.6242782473564148	0.40850749611854553
1221	0.004849739372730255	0.19427858293056488	0.6240700483322144	0.4081578850746155
1222	0.004944531247019768	0.19403839111328125	0.6245326995849609	0.4081895351409912
1223	0.004900301340967417	0.1938256323337555	0.6259930729866028	0.40824469923973083
1224	0.004871412646025419	0.19382193684577942	0.6262702345848083	0.4076060950756073
1225	0.004943545442074537	0.1942831426858902	0.6243536472320557	0.4062604606151581
1226	0.004887041635811329	0.19475941359996796	0.6220115423202515	0.40499114990234375
1227	0.004924239125102758	0.19510571658611298	0.6209110617637634	0.40405014157295227
1228	0.004940865095704794	0.1952156275510788	0.621799886226654	0.4040944576263428
1229	0.004827888682484627	0.1948782056570053	0.6241124868392944	0.4046555459499359
1230	0.004798624198883772	0.19449970126152039	0.6250250339508057	0.4052408039569855
1231	0.005063046235591173	0.19407686591148376	0.6255866289138794	0.40588808059692383
1232	0.004918585065752268	0.19390736520290375	0.6250856518745422	0.4060755968093872
1233	0.004865562543272972	0.19391299784183502	0.6238411664962769	0.4063376486301422
1234	0.004883671645075083	0.19430768489837646	0.6218307018280029	0.4057805836200714
1235	0.004893846344202757	0.19473066926002502	0.6207555532455444	0.4051114320755005
1236	0.004853644873946905	0.1948806196451187	0.6217612624168396	0.4055483043193817
1237	0.004952740389853716	0.19486525654792786	0.6227296590805054	0.406191885471344
1238	0.004879642743617296	0.1948557198047638	0.6236630082130432	0.4069431722164154
1239	0.004890499170869589	0.1947699636220932	0.6241958141326904	0.40770086646080017
1240	0.004895977210253477	0.19496269524097443	0.6230678558349609	0.4073684811592102
1241	0.004852753598242998	0.19499412178993225	0.6220993399620056	0.40698832273483276
1242	0.004925886169075966	0.1949179768562317	0.621176540851593	0.40678226947784424
1243	0.004859167151153088	0.19456467032432556	0.6224876046180725	0.4071563184261322
1244	0.0048185489140450954	0.19418370723724365	0.624158501625061	0.407604455947876
1245	0.004811957944184542	0.19388799369335175	0.6260038614273071	0.40772780776023865
1246	0.004886271432042122	0.19410154223442078	0.6243556141853333	0.40696465969085693
1247	0.0048452625051140785	0.19431248307228088	0.6230325698852539	0.4064377248287201
1248	0.004863751586526632	0.1947590708732605	0.6209757924079895	0.4061065912246704
1249	0.004933086223900318	0.19513598084449768	0.6199339032173157	0.40648049116134644
1250	0.004801878239959478	0.195090189576149	0.6208300590515137	0.4069877862930298
1251	0.004791264422237873	0.19477210938930511	0.6233567595481873	0.40726330876350403
1252	0.004782897885888815	0.1946081519126892	0.6246698498725891	0.40669873356819153
1253	0.0049416120164096355	0.19452987611293793	0.6249192357063293	0.40606942772865295
1254	0.004774592816829681	0.1944517344236374	0.6240478157997131	0.40576207637786865
1255	0.004823039751499891	0.19458745419979095	0.6217895150184631	0.4057372808456421
1256	0.004813760053366423	0.19468696415424347	0.6207751035690308	0.4061417579650879
1257	0.004781670402735472	0.19464004039764404	0.6216440796852112	0.4064486026763916
1258	0.004773817490786314	0.19443990290164948	0.624182939529419	0.40659865736961365
1259	0.004943070933222771	0.19437649846076965	0.6257699728012085	0.40650591254234314
1260	0.004817679524421692	0.1945129632949829	0.6255175471305847	0.4058612883090973
1261	0.0047455765306949615	0.19479726254940033	0.6235143542289734	0.40556490421295166
1262	0.0047017913311719894	0.1951102614402771	0.6206935048103333	0.4054005444049835
1263	0.004907528404146433	0.19508139789104462	0.6203931570053101	0.405695378780365
1264	0.004793632309883833	0.19474105536937714	0.6223971247673035	0.4062314033508301
1265	0.00483806012198329	0.19446946680545807	0.6236904859542847	0.40648674964904785
1266	0.0047438074834644794	0.19418711960315704	0.6246694922447205	0.4068107604980469
1267	0.004716489929705858	0.19396263360977173	0.6257902383804321	0.4071219265460968
1268	0.004797392524778843	0.19407397508621216	0.6255889534950256	0.40682506561279297
1269	0.004971094895154238	0.19433315098285675	0.6252350211143494	0.4068363308906555
1270	0.0047965990379452705	0.19473065435886383	0.6237708926200867	0.40675997734069824
1271	0.004796803928911686	0.1949533373117447	0.6226527094841003	0.4064708948135376
1272	0.004860330373048782	0.19478195905685425	0.6226211786270142	0.40630701184272766
1273	0.004656646866351366	0.19440904259681702	0.6232243180274963	0.40596234798431396
1274	0.0047881160862743855	0.19393597543239594	0.6248884797096252	0.40595948696136475
1275	0.004814633168280125	0.19380095601081848	0.6257618069648743	0.4054962992668152
1276	0.0047533814795315266	0.19394567608833313	0.6253993511199951	0.40529218316078186
1277	0.004795189015567303	0.19449861347675323	0.6231457591056824	0.40465259552001953
1278	0.004740159958600998	0.19516834616661072	0.6217579245567322	0.40423911809921265
1279	0.004812220111489296	0.19540823996067047	0.6223236322402954	0.40434908866882324
1280	0.004854255821555853	0.19522075355052948	0.6231348514556885	0.4044809937477112
1281	0.004800661467015743	0.19486220180988312	0.6230956315994263	0.4048926532268524
1282	0.00479193264618516	0.19424428045749664	0.6240194439888	0.4055078625679016
1283	0.004759044386446476	0.1939239501953125	0.6235488057136536	0.4057478904724121
1284	0.004738546907901764	0.19392211735248566	0.6224585771560669	0.40589189529418945
1285	0.004862032365053892	0.19395284354686737	0.6233876347541809	0.4061744213104248
1286	0.0047012255527079105	0.19414183497428894	0.624631404876709	0.4064396619796753
1287	0.004854108206927776	0.1944015771150589	0.6253638863563538	0.4067022502422333
1288	0.004721597768366337	0.19446660578250885	0.6258934736251831	0.4064742624759674
1289	0.004744543228298426	0.1943763643503189	0.6258770823478699	0.4063584804534912
1290	0.004743369296193123	0.19422747194766998	0.6247056126594543	0.40575364232063293
1291	0.004666282795369625	0.19404105842113495	0.623493492603302	0.4051091969013214
1292	0.004679091274738312	0.1940326988697052	0.622309148311615	0.4050622284412384
1293	0.004820316564291716	0.19410938024520874	0.6220800280570984	0.4055999219417572
1294	0.004734773654490709	0.1939445286989212	0.6243536472320557	0.40641966462135315
1295	0.004758938681334257	0.1940179467201233	0.6264457702636719	0.4070555567741394
1296	0.004783229436725378	0.19399304687976837	0.628526508808136	0.4078444540500641
1297	0.0047054956667125225	0.19412866234779358	0.628324568271637	0.4076503813266754
1298	0.0047532739117741585	0.1940573900938034	0.6265608072280884	0.40731099247932434
1299	0.004779996816068888	0.19401389360427856	0.6241114139556885	0.40715399384498596
1300	0.004741338547319174	0.1938496083021164	0.6227769255638123	0.4071677029132843
1301	0.004813585430383682	0.193706214427948	0.6226916909217834	0.40765905380249023
1302	0.00472844997420907	0.19342853128910065	0.6247530579566956	0.40787839889526367
1303	0.0047334642149508	0.19325070083141327	0.6268599629402161	0.40797239542007446
1304	0.004754258785396814	0.1933717131614685	0.62777179479599	0.40803655982017517
1305	0.004735949914902449	0.19372913241386414	0.6271836757659912	0.4076438248157501
1306	0.004726610146462917	0.19430536031723022	0.6249021291732788	0.40652725100517273
1307	0.004718341864645481	0.1946346014738083	0.6233924031257629	0.4057007431983948
1308	0.0048002018593251705	0.19483423233032227	0.6215776205062866	0.4047347605228424
1309	0.004714250098913908	0.19466082751750946	0.6211850047111511	0.40422090888023376
1310	0.004685506224632263	0.19460755586624146	0.6209651231765747	0.40365341305732727
1311	0.0047218818217515945	0.19434043765068054	0.6225777268409729	0.4038534164428711
1312	0.004739839117974043	0.19412930309772491	0.6237752437591553	0.4045012295246124
1313	0.004644134547561407	0.1941387951374054	0.6236631870269775	0.40511903166770935
1314	0.004689884837716818	0.1943371593952179	0.6225875616073608	0.4053967595100403
1315	0.004666014574468136	0.19417335093021393	0.6227287650108337	0.4054314196109772
1316	0.004763582721352577	0.1940750777721405	0.6231139302253723	0.4054393470287323
1317	0.004712213762104511	0.1936761438846588	0.6247729063034058	0.4054820239543915
1318	0.004689390305429697	0.19351790845394135	0.6257042288780212	0.4056670367717743
1319	0.004670610651373863	0.19370317459106445	0.6244097352027893	0.40524816513061523
1320	0.004720122087746859	0.19419142603874207	0.6222926378250122	0.40481606125831604
1321	0.004639906343072653	0.19450853765010834	0.6216089129447937	0.40451157093048096
1322	0.004671894013881683	0.19452735781669617	0.6224880814552307	0.4045906960964203
1323	0.004639586433768272	0.19457057118415833	0.6227658987045288	0.40452590584754944
1324	0.004695121198892593	0.1943388134241104	0.6231793165206909	0.40488678216934204
1325	0.004721357487142086	0.19400255382061005	0.6240535378456116	0.4051348567008972
1326	0.004649602808058262	0.1938941925764084	0.624174177646637	0.4048518240451813
1327	0.004728242289274931	0.19397059082984924	0.6240379810333252	0.40458643436431885
1328	0.004856912884861231	0.19411133229732513	0.6238288879394531	0.40410736203193665
1329	0.004593436606228352	0.19413922727108002	0.6246806383132935	0.4037586450576782
1330	0.004628978669643402	0.19410569965839386	0.6250386238098145	0.4035946726799011
1331	0.004549102392047644	0.19394992291927338	0.6246262788772583	0.40407422184944153
1332	0.00478403503075242	0.19382840394973755	0.6254444718360901	0.40502026677131653
1333	0.004584077280014753	0.19371087849140167	0.6268519163131714	0.4059647023677826
1334	0.004575848113745451	0.19389304518699646	0.6268584132194519	0.4063703417778015
1335	0.004618135746568441	0.1941767930984497	0.6258541345596313	0.40648606419563293
1336	0.004588929004967213	0.19419793784618378	0.6250898838043213	0.40660402178764343
1337	0.004639489576220512	0.19452330470085144	0.622088611125946	0.4064638614654541
1338	0.004749109502881765	0.19435419142246246	0.6216428875923157	0.4069901406764984
1339	0.004684582818299532	0.19369028508663177	0.6246705055236816	0.4083671271800995
1340	0.004643852356821299	0.1930040866136551	0.6282204389572144	0.4090508222579956
1341	0.004598085302859545	0.19243036210536957	0.6312012672424316	0.4094240069389343
1342	0.004620359279215336	0.19247941672801971	0.6299423575401306	0.4091687500476837
1343	0.004643070511519909	0.19319474697113037	0.6253359317779541	0.40801337361335754
1344	0.0046528782695531845	0.19408637285232544	0.6212745308876038	0.4070925712585449
1345	0.0045431554317474365	0.19433316588401794	0.621643602848053	0.40692511200904846
1346	0.0046995035372674465	0.19411037862300873	0.6245818734169006	0.40701937675476074
1347	0.004621492698788643	0.1941189467906952	0.6260700225830078	0.4067147374153137
1348	0.004723682999610901	0.1940634846687317	0.6266909837722778	0.4066770374774933
1349	0.0045847417786717415	0.1942092478275299	0.6253315210342407	0.4063712954521179
1350	0.004565752111375332	0.19422300159931183	0.6243054866790771	0.40612319111824036
1351	0.004595145117491484	0.19417215883731842	0.6234908699989319	0.4061095714569092
1352	0.004671932198107243	0.19398504495620728	0.623675525188446	0.40584394335746765
1353	0.004573199898004532	0.19380994141101837	0.6247391104698181	0.4054715037345886
1354	0.004512600135058165	0.19393111765384674	0.6239014267921448	0.40515804290771484
1355	0.004569624084979296	0.19383582472801208	0.6233145594596863	0.4053439199924469
1356	0.004492864012718201	0.1936534345149994	0.623790979385376	0.40573012828826904
1357	0.004568611737340689	0.19342376291751862	0.6247097849845886	0.40630868077278137
1358	0.004660238511860371	0.193206325173378	0.6258611083030701	0.40675386786460876
1359	0.004558447748422623	0.19332532584667206	0.6255888938903809	0.4063538610935211
1360	0.00458740908652544	0.19386903941631317	0.6234802603721619	0.4053008258342743
1361	0.004517484921962023	0.19457481801509857	0.6203081607818604	0.4038902819156647
1362	0.004703506361693144	0.19490477442741394	0.6186702847480774	0.40294894576072693
1363	0.004587035160511732	0.19488516449928284	0.6190929412841797	0.40276509523391724
1364	0.004565533250570297	0.19461119174957275	0.6219119429588318	0.4033745527267456
1365	0.00460809888318181	0.19450373947620392	0.6225841045379639	0.403769850730896
1366	0.004581784829497337	0.19450683891773224	0.622775137424469	0.4039357006549835
1367	0.004727785475552082	0.19439920783042908	0.6230173707008362	0.40376630425453186
1368	0.004644392523914576	0.19426657259464264	0.6234025359153748	0.4036257266998291
1369	0.004514097236096859	0.19406333565711975	0.6244300603866577	0.40328794717788696
1370	0.004465114790946245	0.19397486746311188	0.6256160140037537	0.4031999111175537
1371	0.00464925030246377	0.19385060667991638	0.6267187595367432	0.40395471453666687
1372	0.0045882645063102245	0.1935458481311798	0.6287400722503662	0.4048171043395996
1373	0.004551195539534092	0.19353777170181274	0.628449559211731	0.40516582131385803
1374	0.004539377521723509	0.19392623007297516	0.6251099109649658	0.40469712018966675
1375	0.004469508770853281	0.19435007870197296	0.6218472123146057	0.4044727385044098
1376	0.0044762189500033855	0.19427096843719482	0.6223710179328918	0.4048098921775818
1377	0.004553615115582943	0.1936369389295578	0.6261621713638306	0.40533357858657837
1378	0.004667864181101322	0.19348159432411194	0.6274049282073975	0.4050563871860504
1379	0.00450970558449626	0.19363097846508026	0.6265456676483154	0.4046775996685028
1380	0.004589056596159935	0.19402451813220978	0.6233750581741333	0.40409067273139954
1381	0.004505205433815718	0.19458334147930145	0.6200305819511414	0.40350356698036194
1382	0.004613506142050028	0.19499611854553223	0.6182774901390076	0.40332043170928955
1383	0.004516351968050003	0.19473247230052948	0.6195842027664185	0.40356701612472534
1384	0.004600848071277142	0.19419150054454803	0.622897207736969	0.4045671224594116
1385	0.004465317819267511	0.1939113289117813	0.6233711838722229	0.40482693910598755
1386	0.004540541209280491	0.19374112784862518	0.6244352459907532	0.4053258001804352
1387	0.004513496998697519	0.19397960603237152	0.6246122717857361	0.4051724374294281
1388	0.004431797191500664	0.1942712515592575	0.6239640712738037	0.40453019738197327
1389	0.0045236325822770596	0.19447378814220428	0.6231166124343872	0.40413016080856323
1390	0.004479785915464163	0.1947508454322815	0.6214705109596252	0.40334829688072205
1391	0.004458200186491013	0.1949038952589035	0.6208182573318481	0.40312904119491577
1392	0.004598257131874561	0.19468726217746735	0.6212940216064453	0.40382251143455505
1393	0.004539757501333952	0.19428184628486633	0.6225248575210571	0.4045565128326416
1394	0.004442498553544283	0.19379422068595886	0.6256042122840881	0.40539294481277466
1395	0.004481520038098097	0.1938479095697403	0.6253188848495483	0.4055160880088806
1396	0.00442729564383626	0.1942172646522522	0.623126745223999	0.4050079882144928
1397	0.004541993141174316	0.19484451413154602	0.6195826530456543	0.40375474095344543
1398	0.00449806684628129	0.19523043930530548	0.6185023188591003	0.40297549962997437
1399	0.004589548800140619	0.1952129304409027	0.6210772395133972	0.40367579460144043
1400	0.004533272702246904	0.19478796422481537	0.6242515444755554	0.40529951453208923
1401	0.0044941408559679985	0.1943821758031845	0.6259651184082031	0.40639230608940125
1402	0.004493094980716705	0.19419345259666443	0.6251141428947449	0.40671610832214355
1403	0.004500470124185085	0.19397595524787903	0.6228231191635132	0.40626946091651917
1404	0.004488247912377119	0.19384945929050446	0.6209232211112976	0.40559306740760803
1405	0.0044581349939107895	0.1938864290714264	0.6199870705604553	0.4049542248249054
1406	0.0044252704828977585	0.19399692118167877	0.6217817664146423	0.4045959413051605
1407	0.004549072124063969	0.1941060870885849	0.6244345903396606	0.40406665205955505
1408	0.004617556929588318	0.19431282579898834	0.6238940358161926	0.4032287001609802
1409	0.00470829289406538	0.19445526599884033	0.6224934458732605	0.4025891125202179
1410	0.004520552232861519	0.19468054175376892	0.6199930310249329	0.40213605761528015
1411	0.0045923516154289246	0.19484162330627441	0.6185194849967957	0.4020238518714905
1412	0.004563155118376017	0.1949036419391632	0.6187359690666199	0.402482807636261
1413	0.00460638664662838	0.19459983706474304	0.6218312978744507	0.4027787446975708
1414	0.004454311449080706	0.19430628418922424	0.6245927214622498	0.4031886160373688
1415	0.004574961494654417	0.1940031200647354	0.6261128187179565	0.4032003879547119
1416	0.0044276961125433445	0.19389669597148895	0.6254599690437317	0.4029187262058258
1417	0.004449645057320595	0.1941990852355957	0.6219344735145569	0.4020245373249054
1418	0.004461559001356363	0.19455918669700623	0.6197900772094727	0.40136924386024475
1419	0.0045889937318861485	0.19469907879829407	0.6189994812011719	0.40111252665519714
1420	0.004567879717797041	0.19455993175506592	0.6199893355369568	0.4014398753643036
1421	0.004498477093875408	0.19454273581504822	0.6209810972213745	0.4018544852733612
1422	0.0043831802904605865	0.19439281523227692	0.623007595539093	0.40263915061950684
1423	0.004498586058616638	0.1942918300628662	0.6235553026199341	0.40374428033828735
1424	0.004510069731622934	0.19423586130142212	0.6229079961776733	0.40462473034858704
1425	0.00444373395293951	0.1943190097808838	0.6210188865661621	0.4047773480415344
1426	0.004439839161932468	0.19426265358924866	0.6204678416252136	0.40459227561950684
1427	0.004505267832428217	0.19420833885669708	0.6210023164749146	0.4042377173900604
1428	0.004440737422555685	0.19393177330493927	0.6231410503387451	0.40427377820014954
1429	0.0044347126968204975	0.19357122480869293	0.6255343556404114	0.40421774983406067
1430	0.0045370846055448055	0.1933179497718811	0.6267809867858887	0.40419861674308777
1431	0.004549227189272642	0.19324056804180145	0.6262210011482239	0.40428006649017334
1432	0.0044279079884290695	0.19337445497512817	0.6254463791847229	0.40434300899505615
1433	0.004438703414052725	0.19345270097255707	0.6241714358329773	0.4041253626346588
1434	0.004544462542980909	0.19373854994773865	0.623210072517395	0.4035821855068207
1435	0.0044987560249865055	0.19397945702075958	0.622931718826294	0.4027399718761444
1436	0.004412566311657429	0.194228395819664	0.622469961643219	0.40144267678260803
1437	0.004471436608582735	0.1945667415857315	0.6218461394309998	0.40037643909454346
1438	0.00447436049580574	0.19474057853221893	0.6214118599891663	0.40008655190467834
1439	0.004408497363328934	0.1948074996471405	0.6213130950927734	0.4000515341758728
1440	0.004271613899618387	0.19457654654979706	0.6225761771202087	0.4009971618652344
1441	0.00442858599126339	0.19431264698505402	0.6229093670845032	0.40226730704307556
1442	0.004567331168800592	0.1942029595375061	0.6223942041397095	0.40304848551750183
1443	0.004353974014520645	0.19414669275283813	0.6215554475784302	0.40329885482788086
1444	0.004391074646264315	0.19383759796619415	0.6218161582946777	0.4037133753299713
1445	0.0043978518806397915	0.1935638189315796	0.6218878030776978	0.40412187576293945
1446	0.004320977721363306	0.19334274530410767	0.6228867173194885	0.40465638041496277
1447	0.0044401115737855434	0.1932419389486313	0.6242218017578125	0.40513160824775696
1448	0.004377125762403011	0.1933705359697342	0.6247304677963257	0.4057769477367401
1449	0.004490036051720381	0.19360460340976715	0.6238231062889099	0.4059869050979614
1450	0.004339537583291531	0.19398604333400726	0.6210554242134094	0.4057902693748474
1451	0.004329428542405367	0.19422633945941925	0.6196213960647583	0.4054715037345886
1452	0.004414284601807594	0.1942819356918335	0.6201974153518677	0.40528514981269836
1453	0.00443347217515111	0.19419078528881073	0.6215062141418457	0.4055728614330292
1454	0.004506030585616827	0.19400954246520996	0.6231138706207275	0.4057275950908661
1455	0.00438841013237834	0.19397148489952087	0.6249194741249084	0.4057562053203583
1456	0.004371965769678354	0.1939612776041031	0.6251874566078186	0.4055365025997162
1457	0.004403768572956324	0.19369712471961975	0.6251261830329895	0.4056326448917389
1458	0.004427450243383646	0.193296879529953	0.6246971487998962	0.40559881925582886
1459	0.00443456694483757	0.19306348264217377	0.6227850914001465	0.40564531087875366
1460	0.00444546714425087	0.19302138686180115	0.6218466758728027	0.4057076573371887
1461	0.004283703863620758	0.19295133650302887	0.6220470666885376	0.40561461448669434
1462	0.004457092843949795	0.19275124371051788	0.6247522830963135	0.40548205375671387
1463	0.0044223954901099205	0.1929566115140915	0.626505970954895	0.40472182631492615
1464	0.004364661406725645	0.19348187744617462	0.6263419389724731	0.40401116013526917
1465	0.004299839958548546	0.19395139813423157	0.6247583627700806	0.40332794189453125
1466	0.004307673312723637	0.1943388134241104	0.6216109991073608	0.40305060148239136
1467	0.0044065373949706554	0.1944747120141983	0.6187062859535217	0.4031878113746643
1468	0.004318111576139927	0.1944149285554886	0.6182914972305298	0.403351753950119
1469	0.004338701721280813	0.19392317533493042	0.6211593151092529	0.40393906831741333
1470	0.004391398746520281	0.19346125423908234	0.624599039554596	0.40418359637260437
1471	0.004524250514805317	0.19338779151439667	0.6263170838356018	0.4040166437625885
1472	0.004430392757058144	0.19369463622570038	0.625089168548584	0.4035497307777405
1473	0.004387809429317713	0.193976029753685	0.6221703886985779	0.4027749001979828
1474	0.004312331322580576	0.19407908618450165	0.6195511817932129	0.4019531011581421
1475	0.0041862609796226025	0.19395577907562256	0.6192926168441772	0.40149980783462524
1476	0.004361672326922417	0.19372932612895966	0.6212875247001648	0.40159091353416443
1477	0.0044076815247535706	0.1936831772327423	0.6232004165649414	0.40226462483406067
1478	0.004347917623817921	0.19374829530715942	0.6243028044700623	0.40278059244155884
1479	0.004394298419356346	0.1943700611591339	0.6226367354393005	0.40265369415283203
1480	0.0043635740876197815	0.19479131698608398	0.6213789582252502	0.40294748544692993
1481	0.00437128683552146	0.19482028484344482	0.6208892464637756	0.4028363823890686
1482	0.0043846857734024525	0.19470249116420746	0.6206395626068115	0.4025254547595978
1483	0.0043706707656383514	0.1945253312587738	0.6205036044120789	0.4021397829055786
1484	0.004410171415656805	0.19460399448871613	0.619408130645752	0.4015568196773529
1485	0.004421946592628956	0.19421112537384033	0.6197655200958252	0.4018526077270508
1486	0.004340292885899544	0.19397488236427307	0.6191126108169556	0.40259066224098206
1487	0.004264194983989	0.19378001987934113	0.6195736527442932	0.4036398231983185
1488	0.004361547064036131	0.19375886023044586	0.6206599473953247	0.40453702211380005
1489	0.004302020184695721	0.19390174746513367	0.6214011311531067	0.40469035506248474
1490	0.004393936600536108	0.1941729635000229	0.6221759915351868	0.4044594168663025
1491	0.004388780798763037	0.19457228481769562	0.6223912835121155	0.4039458632469177
1492	0.0043706707656383514	0.19464892148971558	0.6220371127128601	0.4032019078731537
1493	0.0043434384278953075	0.19425269961357117	0.6228045225143433	0.40316227078437805
1494	0.004334800876677036	0.19372649490833282	0.6242637634277344	0.4031754434108734
1495	0.004297337960451841	0.19329896569252014	0.6255893707275391	0.4035278856754303
1496	0.004321028012782335	0.19350755214691162	0.6234382390975952	0.40282607078552246
1497	0.00435731653124094	0.19387182593345642	0.6203261017799377	0.40214434266090393
1498	0.004350012633949518	0.19420085847377777	0.6190282702445984	0.4022355377674103
1499	0.004422828089445829	0.19403129816055298	0.6215720772743225	0.40330401062965393
1500	0.004377477802336216	0.19395676255226135	0.6227879524230957	0.4037334620952606
1501	0.004317949991673231	0.19390209019184113	0.624129593372345	0.4041575789451599
1502	0.004342123866081238	0.19384407997131348	0.6245813965797424	0.4044772684574127
1503	0.004306171089410782	0.19381442666053772	0.6244180798530579	0.4047868847846985
1504	0.0043535735458135605	0.19386117160320282	0.6235299110412598	0.40487897396087646
1505	0.004245653282850981	0.19397152960300446	0.6221827864646912	0.4050087332725525
1506	0.004277762025594711	0.19408226013183594	0.6213145852088928	0.4049430787563324
1507	0.004243842326104641	0.19407451152801514	0.6213206052780151	0.4047197699546814
1508	0.004263764247298241	0.19401417672634125	0.621667742729187	0.40441715717315674
1509	0.004351692274212837	0.19379863142967224	0.6230589747428894	0.40436890721321106
1510	0.004397053271532059	0.19359950721263885	0.6243162751197815	0.40427353978157043
1511	0.004253618884831667	0.19353899359703064	0.6245017051696777	0.4040490686893463
1512	0.004367821384221315	0.19363223016262054	0.6238561272621155	0.40386298298835754
1513	0.004316811449825764	0.19368863105773926	0.6231750249862671	0.4040575623512268
1514	0.004229851067066193	0.19368502497673035	0.6228227615356445	0.4043496251106262
1515	0.004234498366713524	0.1935778111219406	0.6229085326194763	0.4046499729156494
1516	0.004192092455923557	0.19360215961933136	0.6226972937583923	0.4046122431755066
1517	0.004296822473406792	0.19353027641773224	0.6233534812927246	0.40486377477645874
1518	0.004327225964516401	0.1934470236301422	0.6242243051528931	0.40483275055885315
1519	0.004249482415616512	0.19338926672935486	0.6246923208236694	0.40463152527809143
1520	0.004208293743431568	0.19330456852912903	0.6253184080123901	0.40448683500289917
1521	0.004339572042226791	0.1932588815689087	0.6261211633682251	0.4043426513671875
1522	0.004204490687698126	0.19322851300239563	0.6263190507888794	0.40438687801361084
1523	0.004235272761434317	0.1932479590177536	0.6255282163619995	0.4042959213256836
1524	0.004315884783864021	0.193277508020401	0.6246843934059143	0.40443190932273865
1525	0.004222950432449579	0.1933845728635788	0.6239142417907715	0.4047144055366516
1526	0.00421025138348341	0.19346196949481964	0.622934103012085	0.40520179271698
1527	0.004277657717466354	0.1934846192598343	0.6222233176231384	0.40561535954475403
1528	0.004292791709303856	0.19336991012096405	0.6226858496665955	0.4059522747993469
1529	0.0042757014743983746	0.1930353343486786	0.6246826648712158	0.40648069977760315
1530	0.004240908659994602	0.1928485929965973	0.6260918974876404	0.4066604971885681
1531	0.004257948603481054	0.1927483081817627	0.6270533800125122	0.4067819118499756
1532	0.004289855714887381	0.19267939031124115	0.6275866627693176	0.4069286584854126
1533	0.004254148807376623	0.19272643327713013	0.6270451545715332	0.4067898690700531
1534	0.004127871245145798	0.19285812973976135	0.6256949305534363	0.40644732117652893
1535	0.004249616991728544	0.19303511083126068	0.6241021156311035	0.4059509038925171
1536	0.004199997987598181	0.19316375255584717	0.6234302520751953	0.4055752158164978
1537	0.004325838293880224	0.1931857168674469	0.6237308382987976	0.4054616391658783
1538	0.0042573269456624985	0.1933545172214508	0.6241328716278076	0.4051128625869751
1539	0.004204895813018084	0.19345009326934814	0.6247001886367798	0.4045652747154236
1540	0.004184857942163944	0.1935727745294571	0.6251548528671265	0.40413621068000793
1541	0.004228164907544851	0.19363373517990112	0.6256078481674194	0.4036453366279602
1542	0.00425909087061882	0.19369986653327942	0.6251882314682007	0.4033592641353607
1543	0.004153446294367313	0.19369050860404968	0.6241565346717834	0.4031168818473816
1544	0.004314563702791929	0.1936834752559662	0.6230000853538513	0.4032668471336365
1545	0.004266980569809675	0.19366775453090668	0.6220241785049438	0.40340888500213623
1546	0.004168233834207058	0.19356535375118256	0.6218509674072266	0.4036796987056732
1547	0.0042580203153193	0.1934581995010376	0.6225396990776062	0.40414178371429443
1548	0.004181085620075464	0.19342316687107086	0.6232290863990784	0.40453842282295227
1549	0.0042890761978924274	0.19342316687107086	0.6237162947654724	0.4049766957759857
1550	0.004197345580905676	0.1933518946170807	0.6243269443511963	0.405476838350296
1551	0.00423216400668025	0.19335922598838806	0.6245136857032776	0.40584251284599304
1552	0.004236949607729912	0.19334740936756134	0.6245856285095215	0.4058285355567932
1553	0.004138802643865347	0.1933293491601944	0.624113142490387	0.40559816360473633
1554	0.004144872538745403	0.19322289526462555	0.624220609664917	0.4053719639778137
1555	0.004259200766682625	0.19305936992168427	0.624457836151123	0.4051096439361572
1556	0.004227841272950172	0.19293856620788574	0.6245253682136536	0.40471094846725464
1557	0.004203446675091982	0.19280675053596497	0.6250306963920593	0.40460005402565
1558	0.004246494732797146	0.19277994334697723	0.6249711513519287	0.404348224401474
1559	0.00427585793659091	0.19282136857509613	0.6253246665000916	0.4043427109718323
1560	0.004257828462868929	0.19304820895195007	0.6252579092979431	0.4043648838996887
1561	0.004134763963520527	0.19326737523078918	0.625526487827301	0.4046212136745453
1562	0.004231393337249756	0.19346684217453003	0.6257209777832031	0.4048273265361786
1563	0.0041464269161224365	0.19360977411270142	0.6255621910095215	0.40477532148361206
1564	0.004183873999863863	0.19367164373397827	0.6251171231269836	0.4047476351261139
1565	0.004179812967777252	0.19369694590568542	0.6245338320732117	0.40435218811035156
1566	0.004064708016812801	0.19371378421783447	0.6234154105186462	0.4038253724575043
1567	0.004250786267220974	0.1936425119638443	0.6227689981460571	0.40348225831985474
1568	0.004217914771288633	0.19358494877815247	0.622295081615448	0.40330252051353455
1569	0.004217586014419794	0.19357165694236755	0.6222209930419922	0.40325629711151123
1570	0.004138128366321325	0.19352546334266663	0.6225250959396362	0.40344321727752686
1571	0.004248404409736395	0.19343861937522888	0.6234868168830872	0.4040141999721527
1572	0.004246378317475319	0.1933279037475586	0.6247088313102722	0.4046548306941986
1573	0.004240645561367273	0.19324733316898346	0.6257631778717041	0.40553662180900574
1574	0.004245734307914972	0.19324491918087006	0.6263887286186218	0.4061111807823181
1575	0.004121371079236269	0.19319811463356018	0.6267668604850769	0.4065853953361511
1576	0.004213087260723114	0.19324827194213867	0.626398503780365	0.4068698585033417
1577	0.004277360159903765	0.19345219433307648	0.6252467632293701	0.40673908591270447
1578	0.004234905820339918	0.19361679255962372	0.6239223480224609	0.4063510596752167
1579	0.004131932742893696	0.19383281469345093	0.6224265694618225	0.40574467182159424
1580	0.004232760984450579	0.19368620216846466	0.622703492641449	0.40559422969818115
1581	0.004154931753873825	0.19341985881328583	0.6232487559318542	0.40566208958625793
1582	0.004208691883832216	0.1931346207857132	0.6239950060844421	0.4056791067123413
1583	0.004277295432984829	0.19289907813072205	0.6250165700912476	0.4058586359024048
1584	0.004227181896567345	0.1928233504295349	0.6255501508712769	0.40575647354125977
1585	0.004050851799547672	0.19285579025745392	0.6257539987564087	0.405578076839447
1586	0.004196097142994404	0.19307902455329895	0.6251919865608215	0.40533384680747986
1587	0.004119847901165485	0.19327642023563385	0.6239442229270935	0.4051780104637146
1588	0.004201824776828289	0.1935753971338272	0.6223721504211426	0.4048883616924286
1589	0.0041645122691988945	0.19372525811195374	0.6213677525520325	0.4047837555408478
1590	0.004206659737974405	0.19370540976524353	0.621087372303009	0.4046153128147125
1591	0.004260244779288769	0.19354428350925446	0.6219407320022583	0.4046062231063843
1592	0.00415319949388504	0.19343191385269165	0.6228439211845398	0.40451136231422424
1593	0.004283868707716465	0.1933031976222992	0.6239623427391052	0.404188871383667
1594	0.004149824380874634	0.19311609864234924	0.6253616213798523	0.40390318632125854
1595	0.004272555932402611	0.19313576817512512	0.6253931522369385	0.4033229351043701
1596	0.004174655769020319	0.19323977828025818	0.6248212456703186	0.4028560519218445
1597	0.004152828361839056	0.19349515438079834	0.6232113838195801	0.40244773030281067
1598	0.004131469409912825	0.1937006115913391	0.6220595836639404	0.4022443890571594
1599	0.0041651478968560696	0.19401180744171143	0.6208471059799194	0.4022599160671234
1600	0.0041781398467719555	0.19414180517196655	0.6205784678459167	0.4024195969104767
1601	0.004165733233094215	0.19413474202156067	0.6209668517112732	0.40277406573295593
1602	0.004173749592155218	0.1940571516752243	0.6217203140258789	0.4030636250972748
1603	0.004160827957093716	0.19399113953113556	0.6223973631858826	0.40339726209640503
1604	0.004249511286616325	0.19384647905826569	0.6236439347267151	0.40372639894485474
1605	0.004205300938338041	0.19379858672618866	0.6239835619926453	0.40380218625068665
1606	0.004173779860138893	0.19367621839046478	0.6242702007293701	0.40417465567588806
1607	0.004224857781082392	0.19354097545146942	0.6243734955787659	0.40444955229759216
1608	0.004287780728191137	0.19337643682956696	0.6243818402290344	0.4048447906970978
1609	0.004139674827456474	0.19327320158481598	0.6239504814147949	0.4051402807235718
1610	0.004207169637084007	0.1932182013988495	0.6236451864242554	0.4053134024143219
1611	0.0041714925318956375	0.1932440847158432	0.6230449080467224	0.40509703755378723
1612	0.004083909094333649	0.19327323138713837	0.6224074959754944	0.40468254685401917
1613	0.0041732387617230415	0.19340968132019043	0.6217276453971863	0.404255747795105
1614	0.004064072389155626	0.1935611218214035	0.6214337348937988	0.40399858355522156
1615	0.004240050446242094	0.1936621367931366	0.6218251585960388	0.4040489196777344
1616	0.004062742926180363	0.19373036921024323	0.6225814819335938	0.4040307104587555
1617	0.004152353852987289	0.19372373819351196	0.6236101984977722	0.40441107749938965
1618	0.0042000021785497665	0.19365878403186798	0.6247496008872986	0.4048392176628113
1619	0.004191751591861248	0.19352757930755615	0.6255064606666565	0.40499913692474365
1620	0.0041898321360349655	0.19336944818496704	0.6257839798927307	0.4050842821598053
1621	0.004088816232979298	0.19326132535934448	0.6253494620323181	0.4050622880458832
1622	0.004116934258490801	0.19329707324504852	0.6241922974586487	0.40482908487319946
1623	0.004308447707444429	0.19346225261688232	0.6224040389060974	0.404103547334671
1624	0.0040971385315060616	0.19357700645923615	0.621444046497345	0.40341705083847046
1625	0.004098065197467804	0.19361861050128937	0.621893584728241	0.40333878993988037
1626	0.004118648823350668	0.19359993934631348	0.6227859258651733	0.40344691276550293
1627	0.004084323067218065	0.19362615048885345	0.6235392093658447	0.4035356044769287
1628	0.004208987578749657	0.19360055029392242	0.624499499797821	0.40403681993484497
1629	0.004142225719988346	0.19349689781665802	0.6252948641777039	0.40479204058647156
1630	0.004143080674111843	0.1933075189590454	0.6259561777114868	0.40550127625465393
1631	0.004124599974602461	0.19319692254066467	0.6256046295166016	0.4058988094329834
1632	0.004253954626619816	0.19305312633514404	0.6254185438156128	0.4059160053730011
1633	0.00406847707927227	0.19294069707393646	0.6248794794082642	0.40550994873046875
1634	0.004131588153541088	0.19295714795589447	0.6240896582603455	0.4049564599990845
1635	0.004243920557200909	0.19309577345848083	0.6233060956001282	0.4046488106250763
1636	0.004066267050802708	0.19315358996391296	0.6233880519866943	0.4045839011669159
1637	0.004118422046303749	0.1931987851858139	0.6239027976989746	0.4046929180622101
1638	0.004112836439162493	0.1931641548871994	0.6248428225517273	0.4050259590148926
1639	0.004128335043787956	0.19316157698631287	0.6254556775093079	0.40525004267692566
1640	0.004281448200345039	0.1932458132505417	0.6250800490379333	0.4052142798900604
1641	0.004189708270132542	0.19340555369853973	0.6240137219429016	0.4050978124141693
1642	0.004061644896864891	0.19348205626010895	0.6232136487960815	0.40495070815086365
1643	0.004144662991166115	0.19340310990810394	0.6228446960449219	0.40475791692733765
1644	0.004075809381902218	0.19334085285663605	0.6227130889892578	0.40461254119873047
1645	0.004145185928791761	0.19329431653022766	0.6227540969848633	0.40434393286705017
1646	0.004209197126328945	0.19323357939720154	0.6227079629898071	0.4039619565010071
1647	0.004138857126235962	0.19320762157440186	0.6227648258209229	0.40361467003822327
1648	0.0041655623354017735	0.19325479865074158	0.6224305629730225	0.4033484160900116
1649	0.004149056971073151	0.1933702677488327	0.6222746968269348	0.4031022787094116
1650	0.004132485948503017	0.19356100261211395	0.6218224763870239	0.40295055508613586
1651	0.004195234272629023	0.19381849467754364	0.6210200786590576	0.40274977684020996
1652	0.004100637510418892	0.19405198097229004	0.6203910112380981	0.40285584330558777
1653	0.004115371499210596	0.19420376420021057	0.6198027729988098	0.4030492305755615
1654	0.004191974643617868	0.1942475289106369	0.6201680898666382	0.4033218324184418
1655	0.004170816857367754	0.1940942257642746	0.6214826107025146	0.4038749635219574
1656	0.004182453267276287	0.19390372931957245	0.6226465702056885	0.4046022891998291
1657	0.004134940914809704	0.19372908771038055	0.6232653260231018	0.40505459904670715
1658	0.004175649024546146	0.19364283978939056	0.6229886412620544	0.405030757188797
1659	0.004021758679300547	0.19362322986125946	0.6220898628234863	0.40470778942108154
1660	0.0041596004739403725	0.19365017116069794	0.6211099028587341	0.40424370765686035
1661	0.004043438006192446	0.19360731542110443	0.6212045550346375	0.4041026532649994
1662	0.004038812592625618	0.19359444081783295	0.6212921142578125	0.40384936332702637
1663	0.004055490717291832	0.1936718374490738	0.6207542419433594	0.40347591042518616
1664	0.004101806320250034	0.19370995461940765	0.620655357837677	0.4032744765281677
1665	0.00409488333389163	0.19369733333587646	0.6210882067680359	0.4032630920410156
1666	0.004065332468599081	0.19369764626026154	0.6215689182281494	0.4031792879104614
1667	0.00416541937738657	0.19375333189964294	0.6219859719276428	0.4031110405921936
1668	0.004028612282127142	0.1937999427318573	0.6221819519996643	0.40299782156944275
1669	0.004143701866269112	0.19379878044128418	0.6226897239685059	0.4028675854206085
1670	0.004232165869325399	0.19381296634674072	0.6229110360145569	0.40271812677383423
1671	0.004173448774963617	0.1939009428024292	0.6224719285964966	0.40238305926322937
1672	0.004194668028503656	0.193938210606575	0.6218299269676208	0.4021722972393036
1673	0.004088357090950012	0.19391082227230072	0.6212395429611206	0.4021497368812561
1674	0.004125604405999184	0.193969264626503	0.6199125647544861	0.40206724405288696
1675	0.004266691394150257	0.19387629628181458	0.6200149059295654	0.40228623151779175
1676	0.004162826109677553	0.19380800426006317	0.6204797625541687	0.402669221162796
1677	0.004109287168830633	0.19365888833999634	0.621549665927887	0.4033181071281433
1678	0.004119397606700659	0.19356760382652283	0.6222399473190308	0.40395596623420715
1679	0.004096165299415588	0.19343753159046173	0.6233843564987183	0.4045044481754303
1680	0.004021609667688608	0.1933337152004242	0.624466061592102	0.40501299500465393
1681	0.00416353577747941	0.1932840645313263	0.6244828701019287	0.4052008092403412
1682	0.004216715227812529	0.1932869553565979	0.6239187121391296	0.40493935346603394
1683	0.004081753082573414	0.1932782530784607	0.6233786940574646	0.4047633707523346
1684	0.004003542009741068	0.19331686198711395	0.6227010488510132	0.40455523133277893
1685	0.0040948339737951756	0.1932840496301651	0.6227788329124451	0.40444621443748474
1686	0.004101242870092392	0.19325795769691467	0.6227372884750366	0.40440991520881653
1687	0.0041927373968064785	0.19325952231884003	0.6229610443115234	0.40439262986183167
1688	0.004064787644892931	0.19330653548240662	0.6232575178146362	0.40415671467781067
1689	0.004162430763244629	0.1933913230895996	0.6230250597000122	0.40378618240356445
1690	0.004114378709346056	0.19344179332256317	0.6226054430007935	0.4033818244934082
1691	0.004132457543164492	0.19349852204322815	0.6222529411315918	0.4030718505382538
1692	0.004175435286015272	0.19354072213172913	0.62192302942276	0.4030257761478424
1693	0.0041937134228646755	0.19359207153320312	0.6215349435806274	0.4030545651912689
1694	0.004206382669508457	0.19358615577220917	0.6215609312057495	0.4033711552619934
1695	0.004069062881171703	0.1935877799987793	0.622218906879425	0.40360918641090393
1696	0.004081679042428732	0.19359076023101807	0.623193085193634	0.403952956199646
1697	0.004129141569137573	0.19367490708827972	0.6241289973258972	0.40439069271087646
1698	0.0041024344973266125	0.19383381307125092	0.6243199706077576	0.40441685914993286
1699	0.00403804425150156	0.19401440024375916	0.6234512329101562	0.4042147099971771
1700	0.00415822584182024	0.19412438571453094	0.6225205659866333	0.40381869673728943
1701	0.004080669023096561	0.19422392547130585	0.6211817860603333	0.40331459045410156
1702	0.004126782529056072	0.19417525827884674	0.6204566359519958	0.40298891067504883
1703	0.004022690001875162	0.1941041350364685	0.6200408339500427	0.4027869403362274
1704	0.00405784510076046	0.19397175312042236	0.6205336451530457	0.40293556451797485
1705	0.004036272410303354	0.19384992122650146	0.621185302734375	0.40310564637184143
1706	0.004064000677317381	0.1938268095254898	0.621433675289154	0.4031737148761749
1707	0.004038361832499504	0.19367116689682007	0.6218422651290894	0.40362077951431274
1708	0.004052673000842333	0.19350315630435944	0.6221134066581726	0.40392470359802246
1709	0.004087126813828945	0.19339673221111298	0.6220006346702576	0.4039945602416992
1710	0.0042040105909109116	0.19335362315177917	0.6221445202827454	0.4041329324245453
1711	0.004087972920387983	0.19341251254081726	0.6216850876808167	0.4040321111679077
1712	0.004138425923883915	0.19358240067958832	0.6207627654075623	0.4038408696651459
1713	0.004034666810184717	0.19381168484687805	0.6197972893714905	0.4038712978363037
1714	0.004027043003588915	0.1938677579164505	0.6201969981193542	0.40441304445266724
1715	0.00407468993216753	0.1937408596277237	0.6217008233070374	0.404847115278244
1716	0.004190065432339907	0.19360828399658203	0.622864305973053	0.40508705377578735
1717	0.004096749238669872	0.19329379498958588	0.6246169805526733	0.40530142188072205
1718	0.004139953758567572	0.19298811256885529	0.6256828904151917	0.4052889049053192
1719	0.004162616096436977	0.19290098547935486	0.6254757046699524	0.4050248861312866
1720	0.004114020150154829	0.19303850829601288	0.624112606048584	0.40468457341194153
1721	0.004086383152753115	0.1933116614818573	0.621904194355011	0.4042896628379822
1722	0.004121610429137945	0.19365939497947693	0.619891881942749	0.40405386686325073
1723	0.004138894844800234	0.1938486099243164	0.6187418103218079	0.4040795862674713
1724	0.004042741376906633	0.19410040974617004	0.6178374886512756	0.40392279624938965
1725	0.004090864676982164	0.19411765038967133	0.6184844970703125	0.4037490785121918
1726	0.004131155088543892	0.1939285546541214	0.6204584240913391	0.40372857451438904
1727	0.004148297943174839	0.19365094602108002	0.6224842071533203	0.4037429690361023
1728	0.004094562027603388	0.19335436820983887	0.6242711544036865	0.4039291441440582
1729	0.004076640121638775	0.19309769570827484	0.6254079341888428	0.4042123556137085
1730	0.004075347911566496	0.19289545714855194	0.6258623003959656	0.40439683198928833
1731	0.004042202141135931	0.1927889883518219	0.6258881092071533	0.4045516550540924
1732	0.004034117795526981	0.19288751482963562	0.624933660030365	0.4046797752380371
1733	0.004112644586712122	0.1930706650018692	0.6238263249397278	0.4047308564186096
1734	0.004051007330417633	0.19327975809574127	0.6230804324150085	0.4049152433872223
1735	0.004122328944504261	0.19347132742404938	0.6223757863044739	0.4051172435283661
1736	0.004109186585992575	0.19363759458065033	0.6225124001502991	0.4051278233528137
1737	0.004115281626582146	0.1937597244977951	0.6228446364402771	0.40486931800842285
1738	0.004064809065312147	0.1937345564365387	0.6239378452301025	0.40477102994918823
1739	0.0040700132958590984	0.1936608999967575	0.6248703002929688	0.40465807914733887
1740	0.004007783252745867	0.19356442987918854	0.6255428194999695	0.4045294225215912
1741	0.003960765432566404	0.19358102977275848	0.6250421404838562	0.40420204401016235
1742	0.003997862339019775	0.1935674399137497	0.6241646409034729	0.404041051864624
1743	0.004057899117469788	0.1936408281326294	0.6223177909851074	0.4039161801338196
1744	0.004049401730298996	0.19377470016479492	0.620719313621521	0.40366536378860474
1745	0.003971440251916647	0.19375650584697723	0.6202499270439148	0.40366825461387634
1746	0.003998156171292067	0.19367504119873047	0.6205111742019653	0.4037390351295471
1747	0.004144864156842232	0.19355666637420654	0.6215094923973083	0.4038742184638977
1748	0.004012871999293566	0.19328661262989044	0.6233643889427185	0.40402597188949585
1749	0.004024394787847996	0.19307497143745422	0.624747633934021	0.4041341245174408
1750	0.0041010379791259766	0.19302140176296234	0.6250392198562622	0.40416112542152405
1751	0.004155274480581284	0.19315104186534882	0.6240840554237366	0.4040277898311615
1752	0.00401847530156374	0.19338004291057587	0.6226553320884705	0.4038192629814148
1753	0.004075344186276197	0.19359204173088074	0.62126624584198	0.4037495255470276
1754	0.00408664345741272	0.19365352392196655	0.6205396056175232	0.40391242504119873
1755	0.00399048812687397	0.1937360316514969	0.6198548078536987	0.40396592020988464
1756	0.004132870584726334	0.19372692704200745	0.6199252605438232	0.404308557510376
1757	0.0039658136665821075	0.19365787506103516	0.6206164360046387	0.40473270416259766
1758	0.004185616038739681	0.1935056895017624	0.6221955418586731	0.40510860085487366
1759	0.004133912734687328	0.19331881403923035	0.6239591836929321	0.4054846167564392
1760	0.003954599145799875	0.19305330514907837	0.6257359385490417	0.4059356451034546
1761	0.0041171289049088955	0.19286347925662994	0.6268238425254822	0.40615129470825195
1762	0.004045388661324978	0.1928890198469162	0.6265426278114319	0.4062734544277191
1763	0.004048455040901899	0.19306710362434387	0.625633955001831	0.4061903953552246
1764	0.004045321140438318	0.19328856468200684	0.6246678829193115	0.4060022830963135
1765	0.004044637084007263	0.19352956116199493	0.623346745967865	0.4056721329689026
1766	0.003984513692557812	0.19376923143863678	0.6219596266746521	0.4050372540950775
1767	0.004036907572299242	0.19399061799049377	0.6207993030548096	0.4043590724468231
1768	0.004006410948932171	0.19413383305072784	0.619792640209198	0.40374571084976196
1769	0.00400037644430995	0.1942804455757141	0.6195797920227051	0.40307503938674927
1770	0.004031599033623934	0.19420115649700165	0.6201636791229248	0.40260645747184753
1771	0.00394692225381732	0.1940605640411377	0.6209167838096619	0.40225961804389954
1772	0.004025597125291824	0.19377513229846954	0.6223387122154236	0.40258991718292236
1773	0.00405484763905406	0.1934843808412552	0.6236072778701782	0.40315765142440796
1774	0.004148843232542276	0.19334042072296143	0.6241791844367981	0.40368255972862244
1775	0.004003265406936407	0.19333386421203613	0.6242187023162842	0.404012531042099
1776	0.004103421233594418	0.19346106052398682	0.6233094334602356	0.4040401875972748
1777	0.004009803757071495	0.1937377005815506	0.6214538216590881	0.4036610722541809
1778	0.0040534380823373795	0.19392026960849762	0.6203721165657043	0.4031774699687958
1779	0.004145859740674496	0.1940890997648239	0.6193060874938965	0.4025118350982666
1780	0.003930050879716873	0.1941470056772232	0.6188125610351562	0.40176820755004883
1781	0.00404284056276083	0.19413329660892487	0.6193288564682007	0.4014732539653778
1782	0.004006515722721815	0.1940285563468933	0.6201120615005493	0.4012969732284546
1783	0.003987018950283527	0.19391515851020813	0.6211596131324768	0.40113914012908936
1784	0.0039878301322460175	0.19376984238624573	0.6223594546318054	0.4014979600906372
1785	0.004104037769138813	0.193696990609169	0.6228500008583069	0.40200555324554443
1786	0.004013421013951302	0.19379164278507233	0.6227609515190125	0.4024908244609833
1787	0.004161899909377098	0.19391612708568573	0.6221808791160583	0.4030023515224457
1788	0.003999894484877586	0.19400297105312347	0.621635377407074	0.4034668803215027
1789	0.00406388845294714	0.193930521607399	0.6212372779846191	0.40386587381362915
1790	0.004070660565048456	0.1938779056072235	0.6209908127784729	0.40400004386901855
1791	0.004137515090405941	0.1937914341688156	0.6209781169891357	0.40404242277145386
1792	0.003982268273830414	0.19371278584003448	0.6208425164222717	0.40411654114723206
1793	0.004017018713057041	0.19357170164585114	0.6210375428199768	0.4042811095714569
1794	0.003951336722820997	0.19333331286907196	0.6218402981758118	0.4047943651676178
1795	0.004033075645565987	0.19314774870872498	0.6229575276374817	0.4053328335285187
1796	0.00398427015170455	0.19295217096805573	0.6243561506271362	0.40582022070884705
1797	0.004004777409136295	0.1929093897342682	0.6251260638237	0.4060562252998352
1798	0.004063047003000975	0.19300422072410583	0.6248747110366821	0.4057140052318573
1799	0.004116052761673927	0.19317302107810974	0.6242960691452026	0.40518829226493835
1800	0.003982926718890667	0.19330061972141266	0.6235713958740234	0.4045860469341278
1801	0.004036638420075178	0.1934671700000763	0.622353732585907	0.40403875708580017
1802	0.004054361954331398	0.19364133477210999	0.6211201548576355	0.4037092626094818
1803	0.0039807334542274475	0.19369249045848846	0.6208221912384033	0.40362244844436646
1804	0.0040480708703398705	0.19364428520202637	0.621173083782196	0.40391385555267334
1805	0.003991507459431887	0.19346050918102264	0.6225777268409729	0.4045843482017517
1806	0.003990303259342909	0.19326075911521912	0.6237120032310486	0.40533414483070374
1807	0.004030047915875912	0.19297027587890625	0.6252660155296326	0.40617144107818604
1808	0.004014530219137669	0.19270022213459015	0.6262444853782654	0.406394362449646
1809	0.004006612580269575	0.1926516741514206	0.6262484192848206	0.4060347378253937
1810	0.0039350902661681175	0.19275633990764618	0.62535160779953	0.40540269017219543
1811	0.0039947740733623505	0.19292819499969482	0.6243223547935486	0.40488800406455994
1812	0.003955800551921129	0.1930968463420868	0.6231448650360107	0.4045255482196808
1813	0.004027477465569973	0.19323153793811798	0.6224043965339661	0.4044440686702728
1814	0.0040701949037611485	0.1932930052280426	0.6228603720664978	0.404561311006546
1815	0.00403218949213624	0.1933460533618927	0.6236721873283386	0.40473321080207825
1816	0.004020125139504671	0.1932561844587326	0.6248082518577576	0.40511831641197205
1817	0.00404516002163291	0.19314132630825043	0.6253718733787537	0.4054904282093048
1818	0.004022290930151939	0.19296106696128845	0.6255567073822021	0.4058510363101959
1819	0.003953824285417795	0.19290904700756073	0.6250542998313904	0.405913382768631
1820	0.0040154182352125645	0.19289681315422058	0.6248148679733276	0.405905544757843
1821	0.00404084799811244	0.19296422600746155	0.6242725253105164	0.4058211147785187
1822	0.0040362379513680935	0.19308432936668396	0.6233364343643188	0.4057842195034027
1823	0.004011415410786867	0.1932828426361084	0.6225259304046631	0.40547043085098267
1824	0.003979954402893782	0.1934601217508316	0.6222037672996521	0.405301570892334
1825	0.003917525056749582	0.19344967603683472	0.6229407787322998	0.4051876962184906
1826	0.003911697305738926	0.19331097602844238	0.6240416169166565	0.40505391359329224
1827	0.0040206038393080235	0.1930926889181137	0.6254451870918274	0.4051283895969391
1828	0.003957963082939386	0.19290947914123535	0.6259130835533142	0.4052659869194031
1829	0.0040032886900007725	0.19290746748447418	0.6247917413711548	0.40489959716796875
1830	0.00398312509059906	0.1930421143770218	0.6230478286743164	0.40428513288497925
1831	0.0039745899848639965	0.1931833177804947	0.6215438842773438	0.40388596057891846
1832	0.004068558569997549	0.19332055747509003	0.620836615562439	0.4035743772983551
1833	0.004034166224300861	0.19348476827144623	0.6203925013542175	0.4033399224281311
1834	0.004017038270831108	0.19345127046108246	0.6212213635444641	0.40358641743659973
1835	0.004002892877906561	0.19330576062202454	0.6228505969047546	0.4040188789367676
1836	0.003979390952736139	0.19327712059020996	0.624356746673584	0.40437453985214233
1837	0.004066187888383865	0.19329744577407837	0.6251145005226135	0.40477848052978516
1838	0.003978331573307514	0.19337430596351624	0.6249662637710571	0.4049726128578186
1839	0.00399505440145731	0.19354532659053802	0.6238848567008972	0.4050045609474182
1840	0.003969572950154543	0.19363553822040558	0.6225841045379639	0.40481677651405334
1841	0.0039376732893288136	0.19372299313545227	0.6214120984077454	0.40450605750083923
1842	0.003994734492152929	0.19371727108955383	0.6207504272460938	0.40404677391052246
1843	0.004040728788822889	0.19363746047019958	0.6207929849624634	0.4036789834499359
1844	0.0039631687104702	0.19367113709449768	0.6209049820899963	0.403067022562027
1845	0.0039235674776136875	0.19358748197555542	0.6221504211425781	0.40269744396209717
1846	0.0039136093109846115	0.19351448118686676	0.6229296326637268	0.4023909866809845
1847	0.003989932127296925	0.19341105222702026	0.6236704587936401	0.4022732377052307
1848	0.003973068669438362	0.19326452910900116	0.6244708299636841	0.402668833732605
1849	0.0038443501107394695	0.19310174882411957	0.6250228881835938	0.4031665325164795
1850	0.003947061486542225	0.19309958815574646	0.6245078444480896	0.40378525853157043
1851	0.003979014698415995	0.19303174316883087	0.6240814924240112	0.4046066403388977
1852	0.003945062402635813	0.19300299882888794	0.6237481236457825	0.40529298782348633
1853	0.0040174429304897785	0.19299760460853577	0.6234943270683289	0.4057660698890686
1854	0.003973680082708597	0.19308890402317047	0.6233632564544678	0.40593796968460083
1855	0.003963814117014408	0.19310365617275238	0.6233033537864685	0.40589678287506104
1856	0.004027463961392641	0.1931387335062027	0.6234868168830872	0.40569305419921875
1857	0.004056554287672043	0.19306927919387817	0.6239514350891113	0.40563300251960754
1858	0.003990918397903442	0.19301462173461914	0.624470055103302	0.40572571754455566
1859	0.004027688410133123	0.1930677592754364	0.6239011287689209	0.405716210603714
1860	0.004072010982781649	0.1932273954153061	0.6224702596664429	0.40562736988067627
1861	0.003968247212469578	0.19337336719036102	0.6213863492012024	0.4054870009422302
1862	0.004051762633025646	0.1934756487607956	0.6208292245864868	0.4051034450531006
1863	0.0039054048247635365	0.19355344772338867	0.6203861832618713	0.4046529531478882
1864	0.004007312934845686	0.19363324344158173	0.6201601624488831	0.4042619466781616
1865	0.003921485505998135	0.193629190325737	0.6208473443984985	0.4038258492946625
1866	0.003926349803805351	0.19358409941196442	0.6216358542442322	0.4034552574157715
1867	0.00399881973862648	0.19345280528068542	0.6223723888397217	0.40316423773765564
1868	0.003926389385014772	0.1933864802122116	0.6223260164260864	0.40275606513023376
1869	0.004011963028460741	0.19327788054943085	0.6221420168876648	0.40259283781051636
1870	0.003915566951036453	0.19321639835834503	0.6215636730194092	0.40244054794311523
1871	0.003951315302401781	0.1932867020368576	0.6208553910255432	0.4023641347885132
1872	0.003958549816161394	0.19332440197467804	0.6209198236465454	0.4026855230331421
1873	0.004054342862218618	0.1933639794588089	0.621604859828949	0.40307140350341797
1874	0.003940085414797068	0.19334149360656738	0.6227625608444214	0.4035146236419678
1875	0.003947247285395861	0.19322757422924042	0.6241614818572998	0.4037531912326813
1876	0.004016604740172625	0.1932264268398285	0.6246708035469055	0.40380921959877014
1877	0.0038876975886523724	0.19315136969089508	0.6246788501739502	0.4040868580341339
1878	0.0039383783005177975	0.19309116899967194	0.6244111061096191	0.4044194519519806
1879	0.004046829417347908	0.19292892515659332	0.6241241097450256	0.40459832549095154
1880	0.003920861054211855	0.19283849000930786	0.6234038472175598	0.40446609258651733
1881	0.003993441350758076	0.19268397986888885	0.6229748725891113	0.4045080542564392
1882	0.003942409995943308	0.19255505502223969	0.6230475306510925	0.4046018421649933
1883	0.0040365527383983135	0.19252918660640717	0.6233556866645813	0.404630571603775
1884	0.00400632293894887	0.19255267083644867	0.6240562796592712	0.40443894267082214
1885	0.004010065924376249	0.19265393912792206	0.6246861815452576	0.4044477045536041
1886	0.003964481875300407	0.19286683201789856	0.6249206066131592	0.4042796790599823
1887	0.004010513890534639	0.1932346671819687	0.6242320537567139	0.4038509428501129
1888	0.003929611761122942	0.1934502124786377	0.6239490509033203	0.4037155210971832
1889	0.0038945311680436134	0.1936366707086563	0.6232343912124634	0.4034828543663025
1890	0.003889960004016757	0.19362697005271912	0.6229318380355835	0.4034515619277954
1891	0.004042495973408222	0.1935235857963562	0.6226291656494141	0.4035228192806244
1892	0.00396889029070735	0.19347894191741943	0.621877908706665	0.40363389253616333
1893	0.0039610532112419605	0.19338905811309814	0.6210981011390686	0.4037371873855591
1894	0.003895407309755683	0.1933780461549759	0.6200850605964661	0.4036581814289093
1895	0.003975365776568651	0.19337952136993408	0.6197864413261414	0.4036862850189209
1896	0.003966472577303648	0.19338148832321167	0.6206570267677307	0.4035537838935852
1897	0.004021175671368837	0.1933109164237976	0.6226229667663574	0.4035434126853943
1898	0.003957998473197222	0.19332464039325714	0.6238831877708435	0.4033007323741913
1899	0.0039100032299757	0.19342495501041412	0.6241138577461243	0.4029451310634613
1900	0.004050449002534151	0.19364620745182037	0.6232589483261108	0.40250444412231445
1901	0.004061661660671234	0.19374199211597443	0.6225165724754333	0.4022706151008606
1902	0.0039888182654976845	0.19379958510398865	0.6214064955711365	0.40205109119415283
1903	0.003875165246427059	0.19370441138744354	0.6206632256507874	0.40212512016296387
1904	0.003965489566326141	0.19345921277999878	0.6210286617279053	0.4025777578353882
1905	0.003916023764759302	0.19323906302452087	0.621332585811615	0.4030133783817291
1906	0.0038662469014525414	0.1930254101753235	0.6220656633377075	0.40338295698165894
1907	0.003919499460607767	0.19276882708072662	0.6234491467475891	0.40389755368232727
1908	0.0039538792334496975	0.1926862895488739	0.6244010329246521	0.4041160047054291
1909	0.003926670644432306	0.19287876784801483	0.6242355108261108	0.4039807915687561
1910	0.003911417908966541	0.19317466020584106	0.6232330203056335	0.40371760725975037
1911	0.003966835793107748	0.19339393079280853	0.6223113536834717	0.4033569097518921
1912	0.0039650690741837025	0.1935335397720337	0.6217140555381775	0.40302085876464844
1913	0.004050085321068764	0.19350522756576538	0.6218420267105103	0.4030885398387909
1914	0.003967713098973036	0.19343110918998718	0.6217371225357056	0.40301308035850525
1915	0.003961198031902313	0.1932516247034073	0.6225749254226685	0.4030298590660095
1916	0.003911279607564211	0.1931638866662979	0.6232906579971313	0.4031694531440735
1917	0.004032609984278679	0.1931595802307129	0.6231983304023743	0.40333834290504456
1918	0.003959307447075844	0.19329607486724854	0.6223230361938477	0.4032770097255707
1919	0.0038541064132004976	0.19330419600009918	0.6221493482589722	0.4035024642944336
1920	0.003991343080997467	0.19315919280052185	0.6225477457046509	0.40381717681884766
1921	0.004079016856849194	0.19295817613601685	0.6235446929931641	0.4042007029056549
1922	0.003836217802017927	0.1928202360868454	0.623997151851654	0.404380202293396
1923	0.003921054769307375	0.1928144246339798	0.623924195766449	0.40443870425224304
1924	0.003869773354381323	0.1929481476545334	0.623457670211792	0.4042905569076538
1925	0.003928406164050102	0.1931048482656479	0.6231130361557007	0.4041166305541992
1926	0.003881329670548439	0.19326630234718323	0.6226439476013184	0.403975248336792
1927	0.0039071934297680855	0.19341975450515747	0.6223509907722473	0.40387871861457825
1928	0.004029076546430588	0.19345389306545258	0.6222857236862183	0.4036511480808258
1929	0.0038489997386932373	0.19334286451339722	0.6229256987571716	0.4035445749759674
1930	0.0039632851257920265	0.19326519966125488	0.623004138469696	0.4035646617412567
1931	0.003925015684217215	0.19322903454303741	0.6226791143417358	0.403413861989975
1932	0.003971075173467398	0.19328553974628448	0.6223310232162476	0.4032570421695709
1933	0.0038597024977207184	0.19344162940979004	0.6216602921485901	0.4028564691543579
1934	0.003912970889359713	0.19342826306819916	0.6214673519134521	0.4023114740848541
1935	0.003945118747651577	0.19341377913951874	0.6216700077056885	0.40202394127845764
1936	0.00394428800791502	0.19329802691936493	0.6223887801170349	0.4020516276359558
1937	0.003935705870389938	0.19311489164829254	0.6236209273338318	0.4022674560546875
1938	0.003906846512109041	0.1929864138364792	0.6242737174034119	0.4025431275367737
1939	0.0039098565466701984	0.19308948516845703	0.6238505244255066	0.4026666581630707
1940	0.0038861699867993593	0.19311268627643585	0.623414933681488	0.40275681018829346
1941	0.003869061591103673	0.19321131706237793	0.6231316924095154	0.4026775062084198
1942	0.003972992300987244	0.19331157207489014	0.6225346922874451	0.4025558829307556
1943	0.00397389056161046	0.1934555321931839	0.6218859553337097	0.4024921953678131
1944	0.0038970739115029573	0.19351419806480408	0.6217572093009949	0.4025188982486725
1945	0.00393512099981308	0.19348254799842834	0.62220299243927	0.4026362895965576
1946	0.003917005844414234	0.19329555332660675	0.6236405372619629	0.40281835198402405
1947	0.003828719723969698	0.19320832192897797	0.6242368817329407	0.4028383791446686
1948	0.0038646594621241093	0.19313150644302368	0.6247422695159912	0.4029902517795563
1949	0.003977063111960888	0.19301970303058624	0.625061571598053	0.40323927998542786
1950	0.0038779154419898987	0.19299250841140747	0.6249342560768127	0.40318912267684937
1951	0.0038415149319916964	0.19300398230552673	0.6244627237319946	0.40290865302085876
1952	0.003935206215828657	0.19306498765945435	0.6238955855369568	0.4027499854564667
1953	0.00392997357994318	0.1931735724210739	0.6231530904769897	0.4026373028755188
1954	0.003907190635800362	0.1933555006980896	0.6220686435699463	0.4024217426776886
1955	0.003939453978091478	0.19349756836891174	0.6210302114486694	0.4022175073623657
1956	0.0038341120816767216	0.1935615986585617	0.6207307577133179	0.40222278237342834
1957	0.0039036099333316088	0.19355231523513794	0.6209191679954529	0.4024748206138611
1958	0.003815225325524807	0.19355124235153198	0.6213125586509705	0.4028095304965973
1959	0.003932659048587084	0.19340017437934875	0.6223034858703613	0.40334352850914
1960	0.003920849412679672	0.19319722056388855	0.6234588623046875	0.40378105640411377
1961	0.003958061337471008	0.19298115372657776	0.6242167353630066	0.40424737334251404
1962	0.003838705364614725	0.19274283945560455	0.624491810798645	0.4043779969215393
1963	0.003887985600158572	0.19268552958965302	0.6239908933639526	0.4044288396835327
1964	0.003970697056502104	0.19267745316028595	0.62337726354599	0.40417855978012085
1965	0.003906521946191788	0.19267825782299042	0.6231196522712708	0.403968870639801
1966	0.0039484528824687	0.1927432268857956	0.6230135560035706	0.40349721908569336
1967	0.0038691270165145397	0.19270573556423187	0.6236011385917664	0.403271347284317
1968	0.0038480476941913366	0.19265349209308624	0.6240061521530151	0.40300530195236206
1969	0.003909475635737181	0.19272296130657196	0.6241991519927979	0.40286603569984436
1970	0.0038804709911346436	0.19286787509918213	0.6239314675331116	0.4028877019882202
1971	0.0039086611941456795	0.19301393628120422	0.6233369708061218	0.40292519330978394
1972	0.003864153055474162	0.19315887987613678	0.6223053932189941	0.4027663767337799
1973	0.0038582473061978817	0.19318531453609467	0.621915876865387	0.4027794599533081
1974	0.0038926266133785248	0.19314265251159668	0.6217770576477051	0.4027973711490631
1975	0.003818217199295759	0.19305574893951416	0.621768057346344	0.4028587341308594
1976	0.0038776954170316458	0.1928504854440689	0.622329831123352	0.40319696068763733
1977	0.0038206111639738083	0.19278141856193542	0.62257981300354	0.4034735858440399
1978	0.0038001807406544685	0.1928052455186844	0.6226480603218079	0.40333789587020874
1979	0.003961451817303896	0.19293208420276642	0.6223948001861572	0.4032726287841797
1980	0.0038828144315630198	0.19302184879779816	0.6227452158927917	0.4032916724681854
1981	0.0038759945891797543	0.1930912584066391	0.6231728196144104	0.40326324105262756
1982	0.003847413929179311	0.19321474432945251	0.6230970621109009	0.4031120538711548
1983	0.0038816991727799177	0.19327972829341888	0.6227838397026062	0.40294504165649414
1984	0.0038572573103010654	0.1933460533618927	0.622275173664093	0.402837872505188
1985	0.0038668010383844376	0.19329512119293213	0.622516393661499	0.40276890993118286
1986	0.003849359229207039	0.19328899681568146	0.6228346228599548	0.40266716480255127
1987	0.003933400847017765	0.19327951967716217	0.6232847571372986	0.4026554226875305
1988	0.003946520388126373	0.1932874321937561	0.6233978867530823	0.40266746282577515
1989	0.0038991631008684635	0.19336481392383575	0.6223167777061462	0.40262770652770996
1990	0.0038664706517010927	0.19349345564842224	0.6210166215896606	0.4026751220226288
1991	0.003864934667944908	0.19354091584682465	0.6203432083129883	0.4028356671333313
1992	0.003938625101000071	0.19356060028076172	0.6201703548431396	0.40301716327667236
1993	0.003843599231913686	0.19348084926605225	0.6207546591758728	0.4031589925289154
1994	0.003843083279207349	0.19332799315452576	0.6221306920051575	0.4033685624599457
1995	0.003945632372051477	0.193184494972229	0.6233140230178833	0.4034506380558014
1996	0.00392137560993433	0.19310687482357025	0.623916745185852	0.40343591570854187
1997	0.0039314464665949345	0.19310705363750458	0.6239178776741028	0.40333759784698486
1998	0.003985108342021704	0.19327545166015625	0.6228258609771729	0.40290942788124084
1999	0.0038002701476216316	0.19345219433307648	0.6217873692512512	0.4025183320045471
2000	0.0038356739096343517	0.1935536414384842	0.621368408203125	0.4023290276527405
2001	0.003878139890730381	0.193531796336174	0.6215142011642456	0.4024600088596344
2002	0.003964447416365147	0.19346372783184052	0.6215975880622864	0.4026058316230774
2003	0.0038420851342380047	0.1933039277791977	0.622269332408905	0.4027571380138397
2004	0.003855439368635416	0.1931362897157669	0.6230698823928833	0.40296342968940735
2005	0.003761631902307272	0.19287796318531036	0.6241554617881775	0.4031479060649872
2006	0.0038662513252347708	0.19271139800548553	0.6250252723693848	0.4032100737094879
2007	0.0039056099485605955	0.19257737696170807	0.6254896521568298	0.40314972400665283
2008	0.003916325978934765	0.19252218306064606	0.625238299369812	0.403086394071579
2009	0.0039100972935557365	0.19264765083789825	0.6241928339004517	0.4029608368873596
2010	0.003858703887090087	0.19288569688796997	0.6226893663406372	0.4028202295303345
2011	0.003890230553224683	0.1931535303592682	0.6218321323394775	0.4027979373931885
2012	0.0038407219108194113	0.19335797429084778	0.6213188767433167	0.40297865867614746
2013	0.003884516656398773	0.19341044127941132	0.621748149394989	0.40321317315101624
2014	0.003861963050439954	0.1932821422815323	0.6235285401344299	0.40357816219329834
2015	0.0038700823206454515	0.19315321743488312	0.6250876784324646	0.40356865525245667
2016	0.003823621431365609	0.1929720789194107	0.6266277432441711	0.4035559296607971
2017	0.003932705149054527	0.19286300241947174	0.6268306374549866	0.40332841873168945
2018	0.003897123271599412	0.19280840456485748	0.6260737776756287	0.40289703011512756
2019	0.003919721115380526	0.19281364977359772	0.624367892742157	0.40234971046447754
2020	0.0038618245162069798	0.19296161830425262	0.6224313974380493	0.4018309414386749
2021	0.003952074330300093	0.19315406680107117	0.62075275182724	0.4013032615184784
2022	0.0038336915895342827	0.19324719905853271	0.6200911998748779	0.40104708075523376
2023	0.003910316154360771	0.19330112636089325	0.6199479103088379	0.4009051024913788
2024	0.0038454276509582996	0.19316039979457855	0.6213395595550537	0.4012053310871124
2025	0.0038678597193211317	0.19298188388347626	0.623299241065979	0.4014942944049835
2026	0.0039027752354741096	0.192990243434906	0.6244689226150513	0.40173953771591187
2027	0.0038189662154763937	0.1931385099887848	0.6245246529579163	0.402029812335968
2028	0.003880922682583332	0.19328495860099792	0.6239848732948303	0.4024589955806732
2029	0.0038414031732827425	0.19338789582252502	0.6232840418815613	0.4029368460178375
2030	0.0038901735097169876	0.19337160885334015	0.6231451630592346	0.40350693464279175
2031	0.003839626908302307	0.19321224093437195	0.623346209526062	0.40401706099510193
2032	0.003910344559699297	0.19290055334568024	0.6240286827087402	0.4046652019023895
2033	0.0038511306047439575	0.1925426572561264	0.624801754951477	0.4052567780017853
2034	0.003874837886542082	0.19211111962795258	0.6260571479797363	0.40583255887031555
2035	0.0037856807466596365	0.19177654385566711	0.6270833015441895	0.4065333604812622
2036	0.003779064165428281	0.19154790043830872	0.6277154684066772	0.40709388256073
2037	0.0038384944200515747	0.19156061112880707	0.6272855997085571	0.4071524143218994
2038	0.003868578700348735	0.1917562633752823	0.6266590356826782	0.4070594012737274
2039	0.0038406718522310257	0.191951185464859	0.6260359287261963	0.40689313411712646
2040	0.003898115362972021	0.19225123524665833	0.6250605583190918	0.4063766598701477
2041	0.003924221731722355	0.1924085021018982	0.6244432926177979	0.40610289573669434
2042	0.003835957497358322	0.19244223833084106	0.6245652437210083	0.4059273600578308
2043	0.0038690115325152874	0.19252076745033264	0.6241406202316284	0.4055430293083191
2044	0.003953426610678434	0.19262851774692535	0.6235750913619995	0.4051370918750763
2045	0.0037540975026786327	0.1927642822265625	0.6225653290748596	0.40498965978622437
2046	0.003775943536311388	0.19278623163700104	0.6222777962684631	0.40500006079673767
2047	0.0037879664450883865	0.19274070858955383	0.6220882534980774	0.40500733256340027
2048	0.0038392292335629463	0.19265985488891602	0.6220906972885132	0.404988557100296
2049	0.00379491806961596	0.1924910843372345	0.622780442237854	0.405147522687912
2050	0.003857451258227229	0.19215068221092224	0.6248112320899963	0.40544140338897705
2051	0.003789873095229268	0.19194957613945007	0.626223623752594	0.4055827558040619
2052	0.0037938745226711035	0.19184117019176483	0.6271547079086304	0.40576764941215515
2053	0.003932385705411434	0.19186177849769592	0.6269490122795105	0.4058660864830017
2054	0.003775555407628417	0.19209055602550507	0.6254554986953735	0.40566757321357727
2055	0.0037869298830628395	0.1924799382686615	0.623788595199585	0.4053514003753662
2056	0.003788049565628171	0.19278427958488464	0.6226363778114319	0.4051089584827423
2057	0.0038665765896439552	0.19306300580501556	0.6223616003990173	0.40491652488708496
2058	0.003851549234241247	0.19317235052585602	0.62297123670578	0.40520912408828735
2059	0.0038411286659538746	0.1931498944759369	0.6241658926010132	0.40568873286247253
2060	0.003837854601442814	0.1929904669523239	0.6255767345428467	0.4060135781764984
2061	0.003829713212326169	0.19284269213676453	0.6265494227409363	0.40622520446777344
2062	0.0038740169256925583	0.19278065860271454	0.626473605632782	0.4059664309024811
2063	0.0038987696170806885	0.19277676939964294	0.6257420182228088	0.4054933190345764
2064	0.0038305907510221004	0.19284793734550476	0.624297022819519	0.4048953950405121
2065	0.0038278636056929827	0.19284434616565704	0.623092770576477	0.4045161306858063
2066	0.003872272092849016	0.192825049161911	0.6227931380271912	0.4044809639453888
2067	0.003749710274860263	0.1925894170999527	0.6241697669029236	0.40484878420829773
2068	0.003785413224250078	0.1922542303800583	0.6264484524726868	0.4056268036365509
2069	0.003867899067699909	0.19210679829120636	0.6276860237121582	0.4060916006565094
2070	0.00383326830342412	0.19202624261379242	0.6284961104393005	0.40643447637557983
2071	0.0037530602421611547	0.19203805923461914	0.6286923885345459	0.406674861907959
2072	0.003780488623306155	0.19218868017196655	0.6279956698417664	0.4066341817378998
2073	0.003915195353329182	0.19238951802253723	0.6267104744911194	0.4063737392425537
2074	0.003757606027647853	0.1926770657300949	0.6250963807106018	0.4057648777961731
2075	0.0038086569402366877	0.19301870465278625	0.6235632300376892	0.40501078963279724
2076	0.003896051086485386	0.1931660920381546	0.6232179403305054	0.40476953983306885
2077	0.0038092834874987602	0.1931813657283783	0.6233075261116028	0.4045126736164093
2078	0.003798847086727619	0.19301095604896545	0.6244017481803894	0.404411643743515
2079	0.003798459889367223	0.1929367631673813	0.6251823902130127	0.4043545722961426
2080	0.003735948819667101	0.1927892118692398	0.625959038734436	0.4046286940574646
2081	0.003849237924441695	0.19264568388462067	0.6264832615852356	0.404897004365921
2082	0.0038873127195984125	0.19248244166374207	0.6264199018478394	0.4049791991710663
2083	0.003781856968998909	0.19235411286354065	0.6260949969291687	0.40508362650871277
2084	0.003834317671135068	0.1922609657049179	0.6255755424499512	0.4051591753959656
2085	0.003889908781275153	0.19225874543190002	0.6248940825462341	0.40498870611190796
2086	0.003701722715049982	0.19227619469165802	0.6245152950286865	0.40476468205451965
2087	0.003793569514527917	0.19234268367290497	0.6242468953132629	0.404569149017334
2088	0.003906679339706898	0.19255900382995605	0.6237860918045044	0.40432119369506836
2089	0.003818907542154193	0.19273662567138672	0.6238229870796204	0.4040934145450592
2090	0.003832809627056122	0.19288595020771027	0.6241844892501831	0.40407976508140564
2091	0.0037444757763296366	0.19290277361869812	0.6245875954627991	0.40422189235687256
2092	0.0038391156122088432	0.19286231696605682	0.6250451803207397	0.40446507930755615
2093	0.00381952291354537	0.19288110733032227	0.6248965859413147	0.4045484960079193
2094	0.0037683737464249134	0.19293129444122314	0.6243129372596741	0.40452587604522705
2095	0.0038515799678862095	0.19289885461330414	0.6241801381111145	0.40476664900779724
2096	0.003809423418715596	0.1927792727947235	0.6244506239891052	0.40495628118515015
2097	0.003769652219489217	0.19270968437194824	0.6246512532234192	0.4051693379878998
2098	0.0039048073813319206	0.19261474907398224	0.6251824498176575	0.40532881021499634
2099	0.00382785452529788	0.19253799319267273	0.6257140636444092	0.40547654032707214
2100	0.003804100677371025	0.19245313107967377	0.6261677145957947	0.4055770933628082
2101	0.0038412357680499554	0.19246192276477814	0.6258121728897095	0.4055648148059845
2102	0.003795916447415948	0.19246341288089752	0.6254403591156006	0.4055735170841217
2103	0.003832444781437516	0.192475825548172	0.6252161264419556	0.40553057193756104
2104	0.0038034413009881973	0.1925545334815979	0.624616265296936	0.40525758266448975
2105	0.003815875854343176	0.19268804788589478	0.6239386796951294	0.4046454131603241
2106	0.003880823031067848	0.19289585947990417	0.6228511333465576	0.40388214588165283
2107	0.0038323714397847652	0.19310705363750458	0.6217322945594788	0.40309518575668335
2108	0.003976097796112299	0.1932714581489563	0.6212605834007263	0.4024575352668762
2109	0.003685000818222761	0.19336648285388947	0.6214894652366638	0.4018901288509369
2110	0.003766557900235057	0.19332121312618256	0.6223193407058716	0.4016430974006653
2111	0.0038759910967200994	0.1932562291622162	0.6229704022407532	0.4015408456325531
2112	0.003817882388830185	0.19311410188674927	0.6236110925674438	0.40174826979637146
2113	0.0038149782922118902	0.1929284930229187	0.6242396235466003	0.40229105949401855
2114	0.0037973562721163034	0.19277290999889374	0.6245659589767456	0.4027976989746094
2115	0.003809069748967886	0.19272060692310333	0.6241125464439392	0.4030706584453583
2116	0.0037177240010350943	0.19278399646282196	0.623023509979248	0.4031617045402527
2117	0.0037717348895967007	0.19288384914398193	0.6221595406532288	0.40309974551200867
2118	0.0038155673537403345	0.19301313161849976	0.6214883327484131	0.40291255712509155
2119	0.0037693586200475693	0.1930575668811798	0.622014045715332	0.40282687544822693
2120	0.003814209718257189	0.1932108849287033	0.6224840879440308	0.4027099609375
2121	0.003833986818790436	0.1932683289051056	0.6232622861862183	0.4028231203556061
2122	0.0037972591817378998	0.19308677315711975	0.6246132254600525	0.4033259451389313
2123	0.0038239352870732546	0.1929682195186615	0.6250447630882263	0.4038552939891815
2124	0.0038110006134957075	0.19289815425872803	0.6244938969612122	0.40434521436691284
2125	0.003865865059196949	0.19290690124034882	0.6232448220252991	0.4046710729598999
2126	0.0038531275931745768	0.19296322762966156	0.6216259002685547	0.4048413932323456
2127	0.003718324936926365	0.193011075258255	0.6205622553825378	0.40499693155288696
2128	0.0038454073946923018	0.1928783655166626	0.6211103796958923	0.4054245352745056
2129	0.0037601448129862547	0.19263900816440582	0.6227522492408752	0.4058935344219208
2130	0.0038199920672923326	0.19235961139202118	0.6247931122779846	0.4060823917388916
2131	0.003854021430015564	0.1922122836112976	0.6263900995254517	0.4062129855155945
2132	0.003732469631358981	0.1922125667333603	0.6267659068107605	0.4059641361236572
2133	0.003779820166528225	0.1923290640115738	0.6260796189308167	0.4058224558830261
2134	0.003851679153740406	0.1925038844347	0.6246601343154907	0.40574437379837036
2135	0.0037865587510168552	0.1927427351474762	0.6231629848480225	0.4055454134941101
2136	0.0037887003272771835	0.19292588531970978	0.6218903660774231	0.40534383058547974
2137	0.0037633278407156467	0.1929265856742859	0.6215051412582397	0.4053246080875397
2138	0.0038009840063750744	0.19283945858478546	0.6218719482421875	0.4055739939212799
2139	0.0037948046810925007	0.19274818897247314	0.622776448726654	0.4058700501918793
2140	0.003892999142408371	0.19262436032295227	0.6239799857139587	0.40611207485198975
2141	0.0037301804404705763	0.19256576895713806	0.6244742274284363	0.4060644507408142
2142	0.003816116601228714	0.1926199197769165	0.624423086643219	0.4056934714317322
2143	0.003883428405970335	0.1926577240228653	0.6243917942047119	0.405259907245636
2144	0.0037550516426563263	0.1926945000886917	0.6240748763084412	0.4049797058105469
2145	0.0037204932887107134	0.192731112241745	0.6236036419868469	0.40491583943367004
2146	0.003769476432353258	0.19276487827301025	0.6231961250305176	0.4048612713813782
2147	0.003822285681962967	0.19267608225345612	0.6240707635879517	0.4053027033805847
2148	0.0038251092191785574	0.1926056295633316	0.6248112320899963	0.40564003586769104
2149	0.0037387432530522346	0.19253826141357422	0.6252406239509583	0.40589338541030884
2150	0.003691593185067177	0.19254015386104584	0.6249148845672607	0.40600255131721497
2151	0.003863583318889141	0.19248095154762268	0.6246737241744995	0.40590333938598633
2152	0.003787428140640259	0.19249911606311798	0.6242074966430664	0.405651330947876
2153	0.003823246108368039	0.19254417717456818	0.6234767436981201	0.4053407609462738
2154	0.0037569061387330294	0.19254043698310852	0.6231767535209656	0.4051577150821686
2155	0.0038115608040243387	0.19251666963100433	0.6233073472976685	0.404948890209198
2156	0.003744425717741251	0.19241221249103546	0.6238564252853394	0.4050235450267792
2157	0.0038137880619615316	0.1923510879278183	0.6245499849319458	0.40520477294921875
2158	0.00371639896184206	0.19240601360797882	0.6250162720680237	0.4050310254096985
2159	0.003722367575392127	0.19248220324516296	0.6247899532318115	0.40464380383491516
2160	0.003735707839950919	0.19250179827213287	0.6246792674064636	0.4042448401451111
2161	0.0037752503994852304	0.1924940049648285	0.6247431635856628	0.4038985073566437
2162	0.0038159082178026438	0.19247467815876007	0.6245985627174377	0.4036980867385864
2163	0.003829935798421502	0.19247090816497803	0.6239217519760132	0.403780072927475
2164	0.003774076933041215	0.19243507087230682	0.6233771443367004	0.404013454914093
2165	0.0037767812609672546	0.19249334931373596	0.6226862072944641	0.4042661786079407
2166	0.0036953215021640062	0.19250214099884033	0.622456967830658	0.4046921133995056
2167	0.003759770654141903	0.19250696897506714	0.6226867437362671	0.40503689646720886
2168	0.0037895769346505404	0.19258950650691986	0.6229759454727173	0.4050576686859131
2169	0.00376253598369658	0.19263212382793427	0.6233401298522949	0.40500226616859436
2170	0.0038195594679564238	0.1927115023136139	0.6233907341957092	0.4047200083732605
2171	0.003723571542650461	0.19266222417354584	0.6238795518875122	0.4046443998813629
2172	0.0037525987718254328	0.19265393912792206	0.6240893006324768	0.4046315848827362
2173	0.0037507798988372087	0.19264686107635498	0.624020516872406	0.4045427143573761
2174	0.0037387076299637556	0.192661851644516	0.6241453289985657	0.40426746010780334
2175	0.0037507072556763887	0.19273944199085236	0.6240103840827942	0.4039834439754486
2176	0.003786612767726183	0.19284284114837646	0.6236863136291504	0.4035395681858063
2177	0.0038021979853510857	0.1930353343486786	0.6231722831726074	0.4030807912349701
2178	0.0037039993330836296	0.19313007593154907	0.6231802105903625	0.40279725193977356
2179	0.003699846798554063	0.19321292638778687	0.6227824687957764	0.40249523520469666
2180	0.0037955192383378744	0.19326461851596832	0.6221332550048828	0.4022458493709564
2181	0.0038000205531716347	0.19324326515197754	0.6214911937713623	0.40200576186180115
2182	0.0036984856706112623	0.19309335947036743	0.6215640902519226	0.4022171199321747
2183	0.003766528097912669	0.19278953969478607	0.6225049495697021	0.4027174413204193
2184	0.003763531567528844	0.19244419038295746	0.6234194040298462	0.4033283591270447
2185	0.0036870501935482025	0.1921500265598297	0.6241427063941956	0.4039264917373657
2186	0.0037616293411701918	0.1920289397239685	0.6244204044342041	0.40425562858581543
2187	0.0038448343984782696	0.19198936223983765	0.6248526573181152	0.4044639468193054
2188	0.003796433564275503	0.19204089045524597	0.6250725984573364	0.4047289490699768
2189	0.003687845775857568	0.19206368923187256	0.6255241632461548	0.4049469828605652
2190	0.0037730340845882893	0.1921398937702179	0.6258156299591064	0.4051276743412018
2191	0.0038207892794162035	0.1922832876443863	0.6254438757896423	0.40497416257858276
2192	0.003737491322681308	0.19248299300670624	0.6246131062507629	0.40478280186653137
2193	0.0037631557788699865	0.19274836778640747	0.6233597993850708	0.4044024348258972
2194	0.0037597513291984797	0.1929100602865219	0.6224659085273743	0.4042122960090637
2195	0.0037682203110307455	0.19305695593357086	0.6219172477722168	0.40382999181747437
2196	0.0037765526212751865	0.19315947592258453	0.6219573616981506	0.4033775329589844
2197	0.003737123217433691	0.19309769570827484	0.6231020092964172	0.40309280157089233
2198	0.003768987488001585	0.19304949045181274	0.624178946018219	0.4028639495372772
2199	0.003728410229086876	0.1930006742477417	0.6248753666877747	0.40258827805519104
2200	0.003725997172296047	0.1929909884929657	0.6248453259468079	0.40241220593452454
2201	0.0037620358634740114	0.19293993711471558	0.6244529485702515	0.40248072147369385
2202	0.0036811341997236013	0.19298526644706726	0.6236009001731873	0.40249350666999817
2203	0.0038586948066949844	0.19302327930927277	0.6228039860725403	0.4026850759983063
2204	0.003777607809752226	0.19305308163166046	0.6221917271614075	0.40288305282592773
2205	0.0037768008187413216	0.19296076893806458	0.6224693059921265	0.40328508615493774
2206	0.0037267820443958044	0.19289804995059967	0.6233474016189575	0.4038800001144409
2207	0.003711104393005371	0.19272969663143158	0.6248250603675842	0.4045030176639557
2208	0.0037110233679413795	0.19261455535888672	0.6258691549301147	0.40497177839279175
2209	0.0037355495151132345	0.19259731471538544	0.6261204481124878	0.40520179271698
2210	0.0037895834539085627	0.19256985187530518	0.625913679599762	0.4052259922027588
2211	0.0036480554845184088	0.192479208111763	0.6256211400032043	0.4051879346370697
2212	0.003777066245675087	0.19246260821819305	0.6248077154159546	0.4051009714603424
2213	0.0037097542081028223	0.19254742562770844	0.624165952205658	0.4049123227596283
2214	0.003674612380564213	0.1926429271697998	0.6239691972732544	0.40444323420524597
2215	0.0037275177892297506	0.19268155097961426	0.6243732571601868	0.4041031301021576
2216	0.0037721670232713223	0.192762553691864	0.624514102935791	0.40385326743125916
2217	0.003738763276487589	0.19285762310028076	0.6243007183074951	0.4033331573009491
2218	0.0037715237122029066	0.19294990599155426	0.6235718727111816	0.4026734232902527
2219	0.003739762818440795	0.1929338425397873	0.6232874989509583	0.40233421325683594
2220	0.0036846695002168417	0.19277556240558624	0.623718798160553	0.4025329649448395
2221	0.003777498146519065	0.19268187880516052	0.623652994632721	0.4026036262512207
2222	0.003846043488010764	0.19260458648204803	0.6236153244972229	0.4026671051979065
2223	0.0038077642675489187	0.1926136612892151	0.6231884360313416	0.4026015102863312
2224	0.0037838886491954327	0.19263692200183868	0.6231080293655396	0.4026811122894287
2225	0.003798625199124217	0.19266511499881744	0.6233072280883789	0.4027511775493622
2226	0.003706434043124318	0.19264575839042664	0.6236751079559326	0.40304306149482727
2227	0.0036963000893592834	0.19266705214977264	0.6239646077156067	0.40353167057037354
2228	0.0036327058915048838	0.19252929091453552	0.624923825263977	0.4040960967540741
2229	0.003697799053043127	0.19237521290779114	0.6257930397987366	0.4047522246837616
2230	0.0037011848762631416	0.19232136011123657	0.6257771253585815	0.4050559401512146
2231	0.0036295903846621513	0.1922389417886734	0.6259307265281677	0.4052216112613678
2232	0.0038128753658384085	0.19213362038135529	0.6265323758125305	0.4052497446537018
2233	0.003700621658936143	0.1921735256910324	0.6264675855636597	0.40500694513320923
2234	0.0037103912327438593	0.19222064316272736	0.6263652443885803	0.40479403734207153
2235	0.0037571087013930082	0.1923181265592575	0.6261123418807983	0.40456900000572205
2236	0.003727833740413189	0.19241349399089813	0.6261789798736572	0.40427014231681824
2237	0.0036867400631308556	0.19260241091251373	0.6254507899284363	0.4038658142089844
2238	0.003835186595097184	0.1927688717842102	0.6245504021644592	0.4036911427974701
2239	0.0037040701135993004	0.19270707666873932	0.6245317459106445	0.40393561124801636
2240	0.003761670319363475	0.1926594376564026	0.624531626701355	0.40422728657722473
2241	0.003679562360048294	0.19249215722084045	0.6247275471687317	0.40458807349205017
2242	0.003728510346263647	0.1923079639673233	0.6248595118522644	0.40483149886131287
2243	0.003718517255038023	0.19220688939094543	0.6247647404670715	0.40475717186927795
2244	0.0037190858274698257	0.19211173057556152	0.6250754594802856	0.40478160977363586
2245	0.003760350402444601	0.19198039174079895	0.6257482171058655	0.40486302971839905
2246	0.0037377679254859686	0.1918931007385254	0.6263182163238525	0.4049849510192871
2247	0.003650044556707144	0.19195815920829773	0.6259952187538147	0.4050952196121216
2248	0.0036860269028693438	0.19195504486560822	0.6258957386016846	0.405457466840744
2249	0.0036644593346863985	0.19191297888755798	0.6256435513496399	0.4057137072086334
2250	0.0036053210496902466	0.191875159740448	0.6253591775894165	0.40577957034111023
2251	0.003726216498762369	0.19178394973278046	0.6253305673599243	0.40575388073921204
2252	0.0037434620317071676	0.19159343838691711	0.6260334253311157	0.40567851066589355
2253	0.0037094729486852884	0.19151239097118378	0.6266378164291382	0.4052829146385193
2254	0.0037447179201990366	0.19152085483074188	0.6269314885139465	0.4046728014945984
2255	0.0037517137825489044	0.19173333048820496	0.626218318939209	0.4040132164955139
2256	0.0037234073970466852	0.19197547435760498	0.6251449584960938	0.40351366996765137
2257	0.003657381283119321	0.19226428866386414	0.6233798861503601	0.4030282497406006
2258	0.0037730569019913673	0.19240136444568634	0.6225635409355164	0.4030765891075134
2259	0.003649961668998003	0.19246910512447357	0.6227458119392395	0.40322425961494446
2260	0.003703814698383212	0.19248872995376587	0.6232715249061584	0.4036827087402344
2261	0.003801929298788309	0.19236505031585693	0.6246050000190735	0.40426555275917053
2262	0.0038204865995794535	0.19221284985542297	0.625905454158783	0.40485629439353943
2263	0.0036548301577568054	0.1921500265598297	0.6265165209770203	0.40534576773643494
2264	0.0036971489898860455	0.19197995960712433	0.6273645162582397	0.40582120418548584
2265	0.0037376810796558857	0.191850945353508	0.627595067024231	0.405984103679657
2266	0.0037518746685236692	0.19178391993045807	0.6274017095565796	0.40588676929473877
2267	0.0035901712253689766	0.19169354438781738	0.6275407075881958	0.4058225452899933
2268	0.0036883323919028044	0.19179771840572357	0.6271408796310425	0.4054218530654907
2269	0.0036049354821443558	0.19189387559890747	0.6264446973800659	0.404964804649353
2270	0.003681496949866414	0.1920677125453949	0.6255614161491394	0.4045274257659912
2271	0.003688455792143941	0.1923092156648636	0.6244821548461914	0.4040336608886719
2272	0.0037843359168618917	0.19249244034290314	0.6241960525512695	0.4036598205566406
2273	0.0036746500991284847	0.19261717796325684	0.6242730617523193	0.40352609753608704
2274	0.0036852096673101187	0.192636638879776	0.6249523758888245	0.403851181268692
2275	0.00373305962421	0.19255287945270538	0.626276433467865	0.40439629554748535
2276	0.003718207124620676	0.19247861206531525	0.6272181272506714	0.4049084484577179
2277	0.003758816048502922	0.19245779514312744	0.6276415586471558	0.40527504682540894
2278	0.0037271699402481318	0.1924819052219391	0.6273334622383118	0.4053671360015869
2279	0.0036129497457295656	0.19254261255264282	0.6262126564979553	0.40538251399993896
2280	0.0036504946183413267	0.19255806505680084	0.6248903870582581	0.40529099106788635
2281	0.003736932063475251	0.19255073368549347	0.6238032579421997	0.40508466958999634
2282	0.0037707786541432142	0.19248276948928833	0.6232622861862183	0.4051162302494049
2283	0.003729054005816579	0.1923072636127472	0.6238192319869995	0.40536171197891235
2284	0.0036886129528284073	0.1922304779291153	0.6246126294136047	0.405556857585907
2285	0.003716780338436365	0.19214972853660583	0.6257537007331848	0.4058275520801544
2286	0.003788338741287589	0.19206827878952026	0.6269648671150208	0.4061409533023834
2287	0.003699035383760929	0.19209781289100647	0.6273755431175232	0.4063381254673004
2288	0.003737217513844371	0.19224722683429718	0.6267329454421997	0.4062744081020355
2289	0.003660156624391675	0.19216817617416382	0.6265221238136292	0.40655070543289185
2290	0.0037007255014032125	0.19207994639873505	0.6259005069732666	0.4066348075866699
2291	0.003711988916620612	0.1920948177576065	0.6251364946365356	0.40663203597068787
2292	0.0037488003727048635	0.19214513897895813	0.6242339015007019	0.40653806924819946
2293	0.003668258897960186	0.1922425776720047	0.6234878301620483	0.4062132239341736
2294	0.003775184042751789	0.1923721730709076	0.6229212880134583	0.4059494137763977
2295	0.003586843842640519	0.19250962138175964	0.6231854557991028	0.4056728780269623
2296	0.0036672791466116905	0.19258317351341248	0.6237545609474182	0.40536195039749146
2297	0.0036826583091169596	0.1925475150346756	0.6246801018714905	0.4052993953227997
2298	0.0036873624194413424	0.1925954818725586	0.6252570152282715	0.4048939645290375
2299	0.0037946237716823816	0.19265583157539368	0.6252291202545166	0.4047117829322815
2300	0.003746779402717948	0.1927814930677414	0.6244906783103943	0.40462395548820496
2301	0.003625506302341819	0.19289524853229523	0.6237404942512512	0.40466341376304626
2302	0.003762567415833473	0.19286249577999115	0.6233126521110535	0.40483012795448303
2303	0.0037178979255259037	0.19271568953990936	0.62349933385849	0.4046856760978699
2304	0.0037051227409392595	0.19238819181919098	0.6249471306800842	0.4047798216342926
2305	0.0036513744853436947	0.19206368923187256	0.6261298060417175	0.4046158194541931
2306	0.0036839875392615795	0.19187889993190765	0.6266683340072632	0.40441834926605225
2307	0.0036355548072606325	0.1918509304523468	0.6264997124671936	0.40413469076156616
2308	0.0035864415112882853	0.19191624224185944	0.6258037090301514	0.40385356545448303
2309	0.003633369691669941	0.19208618998527527	0.6249561309814453	0.4037356674671173
2310	0.0037076424341648817	0.19222627580165863	0.6245109438896179	0.40397047996520996
2311	0.003667430952191353	0.1922847479581833	0.6243515610694885	0.4043784439563751
2312	0.0036554154939949512	0.19224651157855988	0.6243327260017395	0.40493255853652954
2313	0.00361219746991992	0.19223488867282867	0.6245517730712891	0.4054649770259857
2314	0.003736799117177725	0.19211214780807495	0.6252793669700623	0.4058137536048889
2315	0.0037232202012091875	0.19198520481586456	0.6260885000228882	0.40597885847091675
2316	0.003766654059290886	0.1919005960226059	0.6268121600151062	0.40599524974823
2317	0.0036629410460591316	0.19190162420272827	0.6269692182540894	0.4055893123149872
2318	0.003709539072588086	0.1920183002948761	0.6263659000396729	0.4049002528190613
2319	0.0036588041111826897	0.19209471344947815	0.6257463693618774	0.4044869542121887
2320	0.003670484758913517	0.19209305942058563	0.62581866979599	0.40434834361076355
2321	0.0036477900575846434	0.19210731983184814	0.6260523796081543	0.4042695164680481
2322	0.0037373783998191357	0.19213971495628357	0.6265143752098083	0.40444087982177734
2323	0.0037237778306007385	0.19216133654117584	0.6266200542449951	0.4046975076198578
2324	0.0036788228899240494	0.19218911230564117	0.6266578435897827	0.4048844277858734
2325	0.003652363084256649	0.19226205348968506	0.6260712742805481	0.4047839045524597
2326	0.0036561619490385056	0.19237302243709564	0.6253137588500977	0.4045373201370239
2327	0.003726143855601549	0.19236749410629272	0.6249754428863525	0.4044579267501831
2328	0.0036565482150763273	0.1922929435968399	0.6251610517501831	0.4045196771621704
2329	0.0036633519921451807	0.1921858936548233	0.6251688599586487	0.4044269025325775
2330	0.0036645825020968914	0.19210931658744812	0.6253513693809509	0.4043814241886139
2331	0.003830225905403495	0.19222378730773926	0.6246691346168518	0.4041999578475952
2332	0.0037293005734682083	0.19239124655723572	0.6244342923164368	0.40430009365081787
2333	0.003675907151773572	0.19248265027999878	0.6249229907989502	0.4047389328479767
2334	0.0036521018482744694	0.19261877238750458	0.6253323554992676	0.4051674008369446
2335	0.0036570485681295395	0.1927393674850464	0.6255618929862976	0.4054935574531555
2336	0.0036739762872457504	0.1925874799489975	0.6265852451324463	0.40602001547813416
2337	0.003579325508326292	0.19239619374275208	0.6272828578948975	0.4063974916934967
2338	0.0036451639607548714	0.1922779232263565	0.6269063353538513	0.40626490116119385
2339	0.0037141742650419474	0.19211456179618835	0.6268069744110107	0.4059544801712036
2340	0.003630089806392789	0.19206829369068146	0.6260132789611816	0.4052933156490326
2341	0.0036090046633034945	0.19195981323719025	0.6251966953277588	0.40473154187202454
2342	0.003714775200933218	0.1919115036725998	0.6243882179260254	0.40441590547561646
2343	0.0035609877668321133	0.19185812771320343	0.6242334246635437	0.40442195534706116
2344	0.003635783214122057	0.19191265106201172	0.6244609355926514	0.40444034337997437
2345	0.0036829360760748386	0.19205410778522491	0.6246545910835266	0.404522567987442
2346	0.00355899496935308	0.1921766996383667	0.6252241730690002	0.4048188030719757
2347	0.0037254285998642445	0.19233936071395874	0.6252127289772034	0.40510082244873047
2348	0.003638132009655237	0.1923813372850418	0.6251509189605713	0.4052766263484955
2349	0.003644724376499653	0.19233912229537964	0.625527560710907	0.40537598729133606
2350	0.003632431384176016	0.19236348569393158	0.6255477070808411	0.40533897280693054
2351	0.0037478115409612656	0.1923784613609314	0.625181257724762	0.4052225947380066
2352	0.003674117848277092	0.19235828518867493	0.624539315700531	0.4050044119358063
2353	0.0037307466845959425	0.19234637916088104	0.6239039301872253	0.40504807233810425
2354	0.0036951687652617693	0.19242337346076965	0.6234862208366394	0.4050649106502533
2355	0.0036130950320512056	0.192522794008255	0.623544454574585	0.405061274766922
2356	0.00372115196660161	0.19251050055027008	0.6238881945610046	0.4050125479698181
2357	0.003664338029921055	0.19239681959152222	0.6244626641273499	0.40497955679893494
2358	0.0036948861088603735	0.19219128787517548	0.6251912713050842	0.405077189207077
2359	0.0036529863718897104	0.19196507334709167	0.6258528828620911	0.4053482413291931
2360	0.003674016799777746	0.19168499112129211	0.6266735792160034	0.4057074189186096
2361	0.003679559100419283	0.19164538383483887	0.626689612865448	0.40568020939826965
2362	0.0036927061155438423	0.19176249206066132	0.6262305378913879	0.40544354915618896
2363	0.0036717678885906935	0.19190213084220886	0.6257179975509644	0.40516170859336853
2364	0.0036665198858827353	0.19206170737743378	0.6252768635749817	0.40511399507522583
2365	0.003605180885642767	0.19232472777366638	0.6246631741523743	0.4048592150211334
2366	0.003648493206128478	0.1925203800201416	0.6241396069526672	0.4046623408794403
2367	0.003709683893248439	0.19256775081157684	0.6238775849342346	0.4045388698577881
