epoch	train_loss	test_loss	test_metric_sample	test_metric_label
0	0.06100209429860115	0.24459940195083618	0.119805708527565	0.013504535891115665
1	0.049664486199617386	0.23696132004261017	0.1992865651845932	0.03230952098965645
2	0.045993126928806305	0.2221497744321823	0.2792064845561981	0.052550625056028366
3	0.04216518998146057	0.21129798889160156	0.3495604395866394	0.07358486205339432
4	0.03952305018901825	0.20654651522636414	0.3929246962070465	0.09295860677957535
5	0.0380709208548069	0.20344188809394836	0.42077186703681946	0.1095702275633812
6	0.03707883879542351	0.20270439982414246	0.4379347264766693	0.12469073385000229
7	0.03664971888065338	0.20246407389640808	0.4455338418483734	0.13870558142662048
8	0.036504317075014114	0.20220158994197845	0.45152539014816284	0.1507813036441803
9	0.03630521893501282	0.20156078040599823	0.45902109146118164	0.16098956763744354
10	0.036178696900606155	0.20116326212882996	0.4643329977989197	0.16947369277477264
11	0.03589810058474541	0.20112088322639465	0.46665701270103455	0.17671500146389008
12	0.0356973335146904	0.20154432952404022	0.4681592583656311	0.18319815397262573
13	0.035542331635951996	0.20185676217079163	0.47047215700149536	0.18935944139957428
14	0.035171620547771454	0.20190680027008057	0.472578763961792	0.1952255368232727
15	0.034818682819604874	0.20200783014297485	0.47384971380233765	0.20048081874847412
16	0.03472268208861351	0.2017347365617752	0.47546809911727905	0.205047607421875
17	0.03428444266319275	0.20070582628250122	0.4793521463871002	0.2088233083486557
18	0.03428465500473976	0.19904440641403198	0.484235554933548	0.21220356225967407
19	0.0339878611266613	0.19728660583496094	0.4877406060695648	0.2153504192829132
20	0.033735133707523346	0.1960403323173523	0.4884810149669647	0.21836534142494202
21	0.033443063497543335	0.1952904909849167	0.487953245639801	0.22146542370319366
22	0.03318410366773605	0.19485945999622345	0.4876704514026642	0.22491861879825592
23	0.03301377221941948	0.19482555985450745	0.4870338439941406	0.22866179049015045
24	0.032960712909698486	0.19491370022296906	0.48679882287979126	0.23263995349407196
25	0.03282568231225014	0.19481079280376434	0.487903892993927	0.23673436045646667
26	0.03268890455365181	0.194383904337883	0.4908374547958374	0.2409462034702301
27	0.032315634191036224	0.19364693760871887	0.49450019001960754	0.24510645866394043
28	0.0323297418653965	0.1928112506866455	0.49866998195648193	0.24908101558685303
29	0.0320328027009964	0.19222800433635712	0.5027382969856262	0.2529202103614807
30	0.03206222504377365	0.19159892201423645	0.5077117085456848	0.2567451298236847
31	0.0318656787276268	0.19121094048023224	0.5117712616920471	0.26069238781929016
32	0.0315779447555542	0.19103790819644928	0.515080451965332	0.26451483368873596
33	0.03148369491100311	0.19086095690727234	0.5174209475517273	0.2682810127735138
34	0.03126297891139984	0.1907878965139389	0.5188397169113159	0.2719879448413849
35	0.03103158436715603	0.19090251624584198	0.518826425075531	0.27567189931869507
36	0.031008165329694748	0.19123892486095428	0.5187131762504578	0.27951210737228394
37	0.03078634664416313	0.1913706511259079	0.5208964943885803	0.2833893299102783
38	0.030739299952983856	0.1915893852710724	0.5230454802513123	0.2870953381061554
39	0.03048359416425228	0.1914691925048828	0.5266168713569641	0.29071325063705444
40	0.030430175364017487	0.1912374645471573	0.5313376188278198	0.29423582553863525
41	0.0303836427628994	0.1910257339477539	0.5348870754241943	0.2977709174156189
42	0.029895879328250885	0.19098053872585297	0.53706294298172	0.3012932240962982
43	0.029803868383169174	0.19094891846179962	0.5384384989738464	0.30472177267074585
44	0.02979184500873089	0.19095157086849213	0.5383210778236389	0.3081524074077606
45	0.029421759769320488	0.19099360704421997	0.5382207632064819	0.311437726020813
46	0.029459524899721146	0.19096869230270386	0.5384934544563293	0.31466466188430786
47	0.029136285185813904	0.19086912274360657	0.5393500924110413	0.31751999258995056
48	0.02930658869445324	0.19044546782970428	0.5413552522659302	0.32015368342399597
49	0.028880923986434937	0.1899404078722	0.5435751676559448	0.3224278390407562
50	0.028726140037178993	0.1894359439611435	0.544967532157898	0.32498806715011597
51	0.02871040441095829	0.18905049562454224	0.5464983582496643	0.3278513252735138
52	0.028451332822442055	0.18917252123355865	0.5482019186019897	0.3304854929447174
53	0.028479047119617462	0.1894892454147339	0.5490279197692871	0.33255526423454285
54	0.028431260958313942	0.18972812592983246	0.5488871932029724	0.3345516622066498
55	0.02798999659717083	0.18993619084358215	0.5476939082145691	0.33656272292137146
56	0.028061198070645332	0.18978291749954224	0.5472819209098816	0.33880615234375
57	0.027719367295503616	0.18950040638446808	0.5482811331748962	0.3409819006919861
58	0.027523187920451164	0.1891762763261795	0.5506703853607178	0.34304091334342957
59	0.02744760736823082	0.18930397927761078	0.5522284507751465	0.3445641100406647
60	0.027390731498599052	0.18933381140232086	0.5539100170135498	0.3461796045303345
61	0.027480660006403923	0.18947400152683258	0.5548977851867676	0.34747642278671265
62	0.026980914175510406	0.18914727866649628	0.5559261441230774	0.3493562936782837
63	0.02707020752131939	0.18900944292545319	0.5559380650520325	0.35174229741096497
64	0.026916861534118652	0.1891985982656479	0.5550288558006287	0.35398343205451965
65	0.026947230100631714	0.18897445499897003	0.5560293793678284	0.3555248975753784
66	0.026856569573283195	0.18908262252807617	0.5560933947563171	0.3565808832645416
67	0.02657919004559517	0.1892908662557602	0.5567323565483093	0.3575196862220764
68	0.026257792487740517	0.18911178410053253	0.5584641098976135	0.3595404624938965
69	0.026211168617010117	0.18925051391124725	0.5593176484107971	0.3617500066757202
70	0.026227695867419243	0.18948599696159363	0.5601716637611389	0.3633963167667389
71	0.026277074590325356	0.18982848525047302	0.5608729124069214	0.36415618658065796
72	0.02617308311164379	0.18983006477355957	0.5610378384590149	0.3645790219306946
73	0.02576756477355957	0.18924260139465332	0.5618450045585632	0.3658658266067505
74	0.025750530883669853	0.18897031247615814	0.5623043179512024	0.36744993925094604
75	0.025618329644203186	0.18886502087116241	0.5630770921707153	0.36887359619140625
76	0.025554008781909943	0.189402237534523	0.5638828873634338	0.3695623576641083
77	0.025403957813978195	0.19003865122795105	0.564288854598999	0.3704445958137512
78	0.025504522025585175	0.1897362619638443	0.566490888595581	0.3718952238559723
79	0.025018546730279922	0.18906760215759277	0.5679076313972473	0.3742310106754303
80	0.02499200589954853	0.18880543112754822	0.567781388759613	0.3761764466762543
81	0.024979008361697197	0.18917322158813477	0.5670201778411865	0.3769991397857666
82	0.02478344552218914	0.18958842754364014	0.5673068761825562	0.37718674540519714
83	0.02466059848666191	0.1894315779209137	0.5687969326972961	0.37811365723609924
84	0.024513261392712593	0.18900729715824127	0.5707688927650452	0.3794412314891815
85	0.024596551433205605	0.18866649270057678	0.5721811652183533	0.38012605905532837
86	0.024451525881886482	0.18868118524551392	0.5733078718185425	0.379911333322525
87	0.024408800527453423	0.18945147097110748	0.5720998644828796	0.37929806113243103
88	0.024263856932520866	0.19016915559768677	0.5700699687004089	0.3797948658466339
89	0.023911766707897186	0.19046376645565033	0.5685790181159973	0.38085639476776123
90	0.02403384819626808	0.18995386362075806	0.5702694654464722	0.38155579566955566
91	0.02408302202820778	0.18929946422576904	0.5733597874641418	0.38140609860420227
92	0.0239219032227993	0.1892276257276535	0.5747286677360535	0.38134661316871643
93	0.023884842172265053	0.18914172053337097	0.5747733116149902	0.38245341181755066
94	0.023677630349993706	0.1894674450159073	0.5738441348075867	0.3839260935783386
95	0.023854834958910942	0.1895989626646042	0.5749588012695312	0.3843594193458557
96	0.02356242761015892	0.1896408349275589	0.57720947265625	0.384145587682724
97	0.02337784506380558	0.18975040316581726	0.5788320302963257	0.384670615196228
98	0.02332627959549427	0.18949678540229797	0.5806266665458679	0.38649192452430725
99	0.023283865302801132	0.18973428010940552	0.580085039138794	0.3886480927467346
100	0.02312934398651123	0.18988175690174103	0.5796889662742615	0.3892070949077606
101	0.022928718477487564	0.18985490500926971	0.5798614025115967	0.3888852596282959
102	0.023022951558232307	0.18929414451122284	0.581353485584259	0.3892315924167633
103	0.022938940674066544	0.18839718401432037	0.5839325785636902	0.3909355700016022
104	0.02285785600543022	0.18842795491218567	0.584565281867981	0.3929293155670166
105	0.022638296708464622	0.18940545618534088	0.5823110342025757	0.39388522505760193
106	0.02270713448524475	0.18966980278491974	0.582503616809845	0.393751859664917
107	0.022673433646559715	0.18901945650577545	0.5851403474807739	0.3936324119567871
108	0.02261527068912983	0.1886143833398819	0.5867734551429749	0.39407414197921753
109	0.022213250398635864	0.188470721244812	0.5878555178642273	0.3952251970767975
110	0.022227425128221512	0.18911497294902802	0.5867951512336731	0.3964081406593323
111	0.022314317524433136	0.1902245283126831	0.5847549438476562	0.39737460017204285
112	0.02228749543428421	0.18988032639026642	0.586237907409668	0.39848312735557556
113	0.02216707356274128	0.1884542852640152	0.5909901261329651	0.4001053273677826
114	0.02212912030518055	0.18849551677703857	0.5918920040130615	0.40161195397377014
115	0.02194029837846756	0.18871641159057617	0.5917588472366333	0.4028353691101074
116	0.022073937579989433	0.18934884667396545	0.5905663371086121	0.4035170376300812
117	0.021723339334130287	0.18929661810398102	0.5914192199707031	0.4046763479709625
118	0.021643152460455894	0.188325434923172	0.5944699645042419	0.4057741165161133
119	0.0216567013412714	0.1881098449230194	0.5960646271705627	0.4064996838569641
120	0.02158147469162941	0.18887649476528168	0.5950028300285339	0.4066956341266632
121	0.02159864641726017	0.18914030492305756	0.5944034457206726	0.407402902841568
122	0.021420378237962723	0.1893264353275299	0.5942541360855103	0.40817582607269287
123	0.021642904728651047	0.189462348818779	0.594865083694458	0.4089038074016571
124	0.021261081099510193	0.18915322422981262	0.5979380011558533	0.4098466634750366
125	0.020969152450561523	0.18988154828548431	0.5976845026016235	0.4101460874080658
126	0.021070485934615135	0.18961024284362793	0.5990822911262512	0.4110964834690094
127	0.020997293293476105	0.18905143439769745	0.6000409126281738	0.4124734401702881
128	0.020817330107092857	0.1892261952161789	0.5991997122764587	0.4131903648376465
129	0.020871926099061966	0.18942369520664215	0.5984959602355957	0.4137175381183624
130	0.020904140546917915	0.18912465870380402	0.5986135005950928	0.41409116983413696
131	0.020616862922906876	0.18936876952648163	0.5986116528511047	0.41435423493385315
132	0.020904414355754852	0.18943636119365692	0.5991353988647461	0.41480496525764465
133	0.020366981625556946	0.1895168572664261	0.6005540490150452	0.41568899154663086
134	0.020456232130527496	0.18969513475894928	0.6015003323554993	0.4160909652709961
135	0.02013140544295311	0.18928492069244385	0.6028087735176086	0.4164755344390869
136	0.02022079937160015	0.18862877786159515	0.6045377254486084	0.416473388671875
137	0.020327191799879074	0.18814760446548462	0.6048585176467896	0.41611558198928833
138	0.020317228510975838	0.18894459307193756	0.6018746495246887	0.4157727062702179
139	0.020086023956537247	0.19040872156620026	0.5979861617088318	0.41619157791137695
140	0.02014055848121643	0.1909010112285614	0.5985706448554993	0.4166750907897949
141	0.020171452313661575	0.19005951285362244	0.6018591523170471	0.41737961769104004
142	0.019744019955396652	0.18903537094593048	0.6054667830467224	0.4182775318622589
143	0.019717032089829445	0.1887322962284088	0.6066023111343384	0.4194525182247162
144	0.01988108828663826	0.1894078552722931	0.6048486828804016	0.4207519590854645
145	0.019763724878430367	0.19057224690914154	0.601308286190033	0.42183440923690796
146	0.01972424052655697	0.19043995440006256	0.6020925641059875	0.4224860370159149
147	0.01963012106716633	0.18963977694511414	0.605431318283081	0.42231863737106323
148	0.01949494145810604	0.18901629745960236	0.6083137392997742	0.4222809374332428
149	0.019431209191679955	0.18949726223945618	0.6077063679695129	0.4222644567489624
150	0.019437458366155624	0.19026939570903778	0.606762707233429	0.4224950671195984
151	0.018974669277668	0.19081276655197144	0.6067479848861694	0.4228993058204651
152	0.01930762082338333	0.19064266979694366	0.607718288898468	0.42299288511276245
153	0.019417621195316315	0.1903432458639145	0.6076886653900146	0.423050194978714
154	0.019105257466435432	0.18982669711112976	0.6076771020889282	0.42311006784439087
155	0.019153231754899025	0.19003084301948547	0.6068955659866333	0.42328912019729614
156	0.01905306614935398	0.19040991365909576	0.6055628657341003	0.42321377992630005
157	0.018980074673891068	0.1899174004793167	0.6074132919311523	0.4237877428531647
158	0.01869877427816391	0.18973860144615173	0.6086493134498596	0.4247722327709198
159	0.01893845573067665	0.1899651288986206	0.6089335083961487	0.4258541464805603
160	0.018736107274889946	0.19066768884658813	0.6079381704330444	0.4266597628593445
161	0.018561577424407005	0.19127608835697174	0.6068316102027893	0.42727524042129517
162	0.018960846588015556	0.1909025013446808	0.608288049697876	0.42765411734580994
163	0.018518343567848206	0.19030478596687317	0.6101921796798706	0.4271298050880432
164	0.018483903259038925	0.18994474411010742	0.6106193661689758	0.42700883746147156
165	0.01844840683043003	0.1901542693376541	0.6105238199234009	0.4276110529899597
166	0.018083130940794945	0.19074717164039612	0.6098398566246033	0.42828676104545593
167	0.018385473638772964	0.19130389392375946	0.608856201171875	0.42885643243789673
168	0.01824221946299076	0.1914571225643158	0.6085581183433533	0.42919668555259705
169	0.01835133135318756	0.1912546157836914	0.6093600988388062	0.42925187945365906
170	0.01803046651184559	0.18994304537773132	0.6139659881591797	0.42957639694213867
171	0.017921626567840576	0.18970638513565063	0.616500198841095	0.4301597774028778
172	0.017947740852832794	0.19003649055957794	0.6154600381851196	0.43016019463539124
173	0.017833590507507324	0.1908826231956482	0.6106046438217163	0.42994722723960876
174	0.01779080554842949	0.1906362622976303	0.6096751093864441	0.43013980984687805
175	0.017773462459445	0.18979813158512115	0.6110118627548218	0.43043214082717896
176	0.01770608499646187	0.18989333510398865	0.6121872663497925	0.43064552545547485
177	0.0177418515086174	0.19133058190345764	0.6103938817977905	0.4305645823478699
178	0.017787860706448555	0.19198428094387054	0.6099555492401123	0.43033114075660706
179	0.017791228368878365	0.1907588690519333	0.6126423478126526	0.4297265112400055
180	0.017630770802497864	0.18988685309886932	0.6139549016952515	0.4289894998073578
181	0.017525553703308105	0.19004938006401062	0.6127067804336548	0.4286068379878998
182	0.017383664846420288	0.19104450941085815	0.6095397472381592	0.4286688268184662
183	0.017532967031002045	0.1916055679321289	0.6090393662452698	0.42902490496635437
184	0.017199847847223282	0.19168643653392792	0.6107808947563171	0.42958295345306396
185	0.01740742288529873	0.19183167815208435	0.6120274662971497	0.4301532804965973
186	0.01738867536187172	0.1920371651649475	0.6108595132827759	0.43053025007247925
187	0.017326921224594116	0.1917760819196701	0.6106574535369873	0.4310413599014282
188	0.01697136089205742	0.19114892184734344	0.6128488183021545	0.431886225938797
189	0.017070770263671875	0.1912558376789093	0.6128527522087097	0.4327547550201416
190	0.016799334436655045	0.19153454899787903	0.6119140386581421	0.43343761563301086
191	0.01689576357603073	0.1921408325433731	0.6103451251983643	0.4339917004108429
192	0.01695484295487404	0.1920803189277649	0.6101197600364685	0.43421608209609985
193	0.017002195119857788	0.19127146899700165	0.6138322353363037	0.43491020798683167
194	0.016759328544139862	0.19113847613334656	0.6141188740730286	0.4351387619972229
195	0.016734972596168518	0.19159714877605438	0.6116030216217041	0.43478652834892273
196	0.016940290108323097	0.1923772394657135	0.6082991361618042	0.43436509370803833
197	0.0164980236440897	0.1918674260377884	0.6110920906066895	0.43410634994506836
198	0.01650889962911606	0.19124996662139893	0.6153150796890259	0.43414947390556335
199	0.01662013866007328	0.19170281291007996	0.6154482364654541	0.43451228737831116
200	0.01676890440285206	0.19337065517902374	0.6104453206062317	0.4344584047794342
201	0.01630602963268757	0.1938881278038025	0.6085268259048462	0.43450167775154114
202	0.016538869589567184	0.19286523759365082	0.6107193827629089	0.4344976842403412
203	0.01647176966071129	0.19208544492721558	0.6120241284370422	0.4340347647666931
204	0.016230029985308647	0.1915435791015625	0.6134279370307922	0.43396809697151184
205	0.016220159828662872	0.19160115718841553	0.6140725016593933	0.4338674545288086
206	0.01616329327225685	0.19173887372016907	0.6151401400566101	0.4345337748527527
207	0.016221744939684868	0.19153869152069092	0.6156688332557678	0.4352051317691803
208	0.01624131202697754	0.19191336631774902	0.6135422587394714	0.4359377920627594
209	0.01609914004802704	0.19211244583129883	0.6117545366287231	0.4361720383167267
210	0.016036828979849815	0.19225940108299255	0.611068069934845	0.4361099302768707
211	0.016005640849471092	0.19212780892848969	0.6124157309532166	0.4358947277069092
212	0.015678953379392624	0.19173495471477509	0.614732027053833	0.4359199106693268
213	0.015911908820271492	0.19181901216506958	0.6144401431083679	0.43591198325157166
214	0.015874572098255157	0.19251377880573273	0.6116854548454285	0.43572935461997986
215	0.01597698964178562	0.19339682161808014	0.6096082329750061	0.4355955123901367
216	0.015639329329133034	0.19368289411067963	0.6105809211730957	0.43547913432121277
217	0.015698276460170746	0.19351331889629364	0.6122606992721558	0.43544650077819824
218	0.015581919811666012	0.19333964586257935	0.6132890582084656	0.43499016761779785
219	0.015608950518071651	0.19340382516384125	0.6118594408035278	0.4338223338127136
220	0.01561322808265686	0.1937934011220932	0.6110137104988098	0.4334965944290161
221	0.015512735582888126	0.1934162974357605	0.612446129322052	0.43398773670196533
222	0.015502036549150944	0.19317486882209778	0.6136292219161987	0.4347711503505707
223	0.015601023100316525	0.19331854581832886	0.6118301749229431	0.43536630272865295
224	0.015245669521391392	0.19375327229499817	0.6090838313102722	0.43520012497901917
225	0.015574113465845585	0.19411666691303253	0.6091602444648743	0.435179740190506
226	0.01535327360033989	0.19377854466438293	0.6124354600906372	0.43572887778282166
227	0.015380886383354664	0.1934508979320526	0.6154220104217529	0.43581631779670715
228	0.015143235214054585	0.1934933215379715	0.6146387457847595	0.4354882538318634
229	0.015104391612112522	0.19430211186408997	0.6110056042671204	0.43525195121765137
230	0.015145095996558666	0.19437162578105927	0.608660101890564	0.435167521238327
231	0.015229993499815464	0.19369415938854218	0.6089428067207336	0.43553510308265686
232	0.01510396134108305	0.19294092059135437	0.6118324995040894	0.4364261329174042
233	0.015008234418928623	0.19265736639499664	0.6135501861572266	0.4368456304073334
234	0.015067793428897858	0.19306276738643646	0.6125986576080322	0.43659257888793945
235	0.015104075893759727	0.19363145530223846	0.6122334003448486	0.43638432025909424
236	0.014938337728381157	0.19439534842967987	0.6125015616416931	0.43660038709640503
237	0.015107152052223682	0.1951114535331726	0.6118627190589905	0.4368442893028259
238	0.015018230304121971	0.19522617757320404	0.6119726896286011	0.43679821491241455
239	0.01502946950495243	0.19467869400978088	0.6119754314422607	0.43612396717071533
240	0.014895766042172909	0.19361963868141174	0.6142544746398926	0.43574419617652893
241	0.014886293560266495	0.19305208325386047	0.6162545084953308	0.4362890422344208
242	0.014832957647740841	0.19340355694293976	0.6149548888206482	0.4377031624317169
243	0.014752281829714775	0.19423936307430267	0.6120612025260925	0.4385620653629303
244	0.014530268497765064	0.19418790936470032	0.6124322414398193	0.4392322897911072
245	0.014741884544491768	0.19374215602874756	0.6132111549377441	0.438890665769577
246	0.014540842734277248	0.19363366067409515	0.612449049949646	0.43889057636260986
247	0.014339500106871128	0.19356831908226013	0.6126152873039246	0.43863552808761597
248	0.014379376545548439	0.1934690773487091	0.6132853031158447	0.4388863146305084
249	0.014243407174944878	0.19380326569080353	0.6138557195663452	0.43915921449661255
250	0.014318818226456642	0.19421064853668213	0.6139405369758606	0.4393863081932068
251	0.0142599418759346	0.19434700906276703	0.6133454442024231	0.43942132592201233
252	0.014390812255442142	0.19375833868980408	0.6138545870780945	0.439176082611084
253	0.014220166020095348	0.19375406205654144	0.6135098934173584	0.4392770528793335
254	0.014415870420634747	0.19428987801074982	0.6114686727523804	0.43902626633644104
255	0.01430303230881691	0.1945003867149353	0.6107740998268127	0.438687801361084
256	0.014029556885361671	0.19429130852222443	0.6124117374420166	0.43879562616348267
257	0.014279290102422237	0.1942359060049057	0.614576518535614	0.4389585256576538
258	0.013912326656281948	0.19437620043754578	0.6137582063674927	0.4389682710170746
259	0.013943823985755444	0.19493786990642548	0.6113535761833191	0.43920010328292847
260	0.01414036937057972	0.19516560435295105	0.6102387309074402	0.43953585624694824
261	0.013952852226793766	0.19504821300506592	0.6106995344161987	0.439937561750412
262	0.013745895586907864	0.19532084465026855	0.610694944858551	0.440163791179657
263	0.014047963544726372	0.19534249603748322	0.6117630004882812	0.4402691423892975
264	0.013875049538910389	0.1954313963651657	0.6130631566047668	0.4400649070739746
265	0.014047735370695591	0.1950543224811554	0.6141915917396545	0.44001850485801697
266	0.013827322982251644	0.19451682269573212	0.6147971749305725	0.4401600658893585
267	0.013854896649718285	0.19450123608112335	0.613464891910553	0.44071444869041443
268	0.013716146349906921	0.19497345387935638	0.6103018522262573	0.44109806418418884
269	0.013802142813801765	0.19476044178009033	0.6115285158157349	0.44193336367607117
270	0.013919542543590069	0.19428396224975586	0.6141767501831055	0.4423155188560486
271	0.013646314851939678	0.19399434328079224	0.6156763434410095	0.4422034025192261
272	0.013571888208389282	0.19435013830661774	0.6148967146873474	0.44203242659568787
273	0.013830624520778656	0.1946888417005539	0.6133185029029846	0.4424273669719696
274	0.013529282063245773	0.19488918781280518	0.6126841902732849	0.4428611695766449
275	0.01360540185123682	0.19504599273204803	0.6121565103530884	0.44264358282089233
276	0.013754798099398613	0.1948365867137909	0.6126176714897156	0.4421919584274292
277	0.013484316878020763	0.19499820470809937	0.6131376028060913	0.4413592219352722
278	0.01328272745013237	0.19515001773834229	0.6142666339874268	0.44093888998031616
279	0.013628107495605946	0.19530513882637024	0.615246593952179	0.44107183814048767
280	0.013319939374923706	0.19579225778579712	0.6139131784439087	0.4412965476512909
281	0.013411181047558784	0.19606482982635498	0.6118788123130798	0.44177141785621643
282	0.013182822614908218	0.1957961618900299	0.611170768737793	0.44198107719421387
283	0.013109669089317322	0.19514089822769165	0.6127604842185974	0.44218993186950684
284	0.01338681299239397	0.19505976140499115	0.6130251288414001	0.44247543811798096
285	0.013287306763231754	0.19516810774803162	0.6135141849517822	0.44335758686065674
286	0.013211697340011597	0.1953706294298172	0.6148418188095093	0.4443725347518921
287	0.013198460452258587	0.1955743134021759	0.6152217984199524	0.44476044178009033
288	0.013156766071915627	0.1956544816493988	0.6148810982704163	0.44464704394340515
289	0.013281472958624363	0.19534878432750702	0.6144604682922363	0.4435828626155853
290	0.013202390633523464	0.1948666125535965	0.6137739419937134	0.44258058071136475
291	0.013066282495856285	0.194896399974823	0.6126517057418823	0.44167590141296387
292	0.012968157418072224	0.19553431868553162	0.6107885241508484	0.44108960032463074
293	0.013089299201965332	0.19615983963012695	0.608957827091217	0.44063082337379456
294	0.012937079183757305	0.19576846063137054	0.6119591593742371	0.4404262602329254
295	0.013042610138654709	0.19560515880584717	0.6130167841911316	0.441001296043396
296	0.012626814655959606	0.19553597271442413	0.6129456162452698	0.44221362471580505
297	0.012810319662094116	0.1957220584154129	0.6112505793571472	0.44340983033180237
298	0.01278001256287098	0.19546757638454437	0.6125975251197815	0.4445682466030121
299	0.012698929756879807	0.1948176473379135	0.616022527217865	0.44560322165489197
300	0.012904488481581211	0.1947251558303833	0.6165786385536194	0.4462628960609436
301	0.012821532785892487	0.1949026733636856	0.6144923567771912	0.4463813900947571
302	0.012777934782207012	0.19533605873584747	0.6128571033477783	0.4464097023010254
303	0.012781140394508839	0.19563937187194824	0.6132622957229614	0.4460313320159912
304	0.012655372731387615	0.19583863019943237	0.6140722036361694	0.4449693560600281
305	0.012600305490195751	0.19584505259990692	0.6139532923698425	0.4436030089855194
306	0.012674300000071526	0.19588717818260193	0.6123282313346863	0.4424354135990143
307	0.012667300179600716	0.19599689543247223	0.6112646460533142	0.4414931833744049
308	0.012387296184897423	0.19595086574554443	0.6118524670600891	0.4414871335029602
309	0.012379835359752178	0.19624797999858856	0.6120272874832153	0.4418971538543701
310	0.012506332248449326	0.1963031142950058	0.612631618976593	0.4422432482242584
311	0.012507556937634945	0.1957310140132904	0.6147087812423706	0.4428666830062866
312	0.012669616378843784	0.19520112872123718	0.6161535382270813	0.44383272528648376
313	0.01240450982004404	0.19509190320968628	0.6154852509498596	0.44470855593681335
314	0.012585170567035675	0.19559624791145325	0.6136667728424072	0.4457743167877197
315	0.012370211072266102	0.19663302600383759	0.611557126045227	0.4467664361000061
316	0.012322613038122654	0.19701910018920898	0.6127989888191223	0.44734933972358704
317	0.012172263115644455	0.19628006219863892	0.6168287992477417	0.4475621283054352
318	0.012409403920173645	0.1955634206533432	0.619070827960968	0.44692903757095337
319	0.012563161551952362	0.19535282254219055	0.618480920791626	0.4463450312614441
320	0.012455490417778492	0.19575785100460052	0.6169366836547852	0.44620081782341003
321	0.012285102158784866	0.19680579006671906	0.614879310131073	0.4465881884098053
322	0.012287340126931667	0.19743183255195618	0.6136946678161621	0.44741883873939514
323	0.012309362180531025	0.1974385678768158	0.6130563020706177	0.4482402503490448
324	0.012145468965172768	0.19646695256233215	0.6160714030265808	0.4484472870826721
325	0.012183078564703465	0.19562020897865295	0.6182900667190552	0.4480794370174408
326	0.012245927937328815	0.19532926380634308	0.6189445853233337	0.4477823078632355
327	0.01216113567352295	0.19556118547916412	0.6183403134346008	0.44817569851875305
328	0.012070843949913979	0.19586315751075745	0.6168362498283386	0.44814836978912354
329	0.012034674175083637	0.1961352527141571	0.6154829859733582	0.44776010513305664
330	0.01205070037394762	0.19615864753723145	0.6164507269859314	0.4469653367996216
331	0.01210485678166151	0.1962079405784607	0.6164062023162842	0.4461224377155304
332	0.012026233598589897	0.19644306600093842	0.616499125957489	0.44559645652770996
333	0.01198991946876049	0.19688262045383453	0.6157134175300598	0.44557875394821167
334	0.012075459584593773	0.19722408056259155	0.6143616437911987	0.4457223415374756
335	0.011861532926559448	0.19728320837020874	0.6142539381980896	0.4460032880306244
336	0.011849852278828621	0.1971135437488556	0.6140480041503906	0.446239173412323
337	0.011877264827489853	0.1965118795633316	0.6156502962112427	0.44584882259368896
338	0.011848497204482555	0.19603097438812256	0.6171684861183167	0.44526639580726624
339	0.011541006155312061	0.19620080292224884	0.6160061359405518	0.4450281262397766
340	0.01201116107404232	0.19663619995117188	0.6157897114753723	0.44562792778015137
341	0.011703860945999622	0.19748404622077942	0.6139525771141052	0.4464195668697357
342	0.011618074029684067	0.1977960616350174	0.6129010915756226	0.4474422037601471
343	0.01173068955540657	0.19718991219997406	0.6159883141517639	0.44812050461769104
344	0.011511578224599361	0.19628581404685974	0.6184787154197693	0.44803762435913086
345	0.01166093535721302	0.1957036405801773	0.6194878816604614	0.44773638248443604
346	0.01148881297558546	0.19581271708011627	0.6173612475395203	0.4471530318260193
347	0.011668602004647255	0.19596494734287262	0.6171486973762512	0.4468931555747986
348	0.011669153347611427	0.19621823728084564	0.6172525882720947	0.44636040925979614
349	0.011467672884464264	0.19698356091976166	0.6172147989273071	0.4459091126918793
350	0.011539009399712086	0.19724701344966888	0.616254985332489	0.44542938470840454
351	0.01147348340600729	0.19752220809459686	0.613088071346283	0.4446776211261749
352	0.011720184236764908	0.19738277792930603	0.6121483445167542	0.4442114233970642
353	0.011587360873818398	0.19694191217422485	0.6148965358734131	0.44369858503341675
354	0.01150351669639349	0.1970764696598053	0.616546094417572	0.4433268904685974
355	0.011598057113587856	0.19714845716953278	0.6170700788497925	0.443454384803772
356	0.011420484632253647	0.19740521907806396	0.6153502464294434	0.4436671733856201
357	0.011679167859256268	0.19737452268600464	0.6146332621574402	0.44393476843833923
358	0.011392238549888134	0.19709369540214539	0.613979697227478	0.4437030255794525
359	0.011339870281517506	0.19692140817642212	0.6132084727287292	0.44344833493232727
360	0.011396548710763454	0.1967775672674179	0.613337516784668	0.4435456693172455
361	0.011312651447951794	0.19670337438583374	0.6138331294059753	0.44399935007095337
362	0.011391984298825264	0.19685615599155426	0.6145501136779785	0.4449925720691681
363	0.01125370804220438	0.19699996709823608	0.615832507610321	0.4457225501537323
364	0.011217407882213593	0.19699685275554657	0.6157053112983704	0.4462788701057434
365	0.01124096754938364	0.19713526964187622	0.6147132515907288	0.44677287340164185
366	0.01120531465858221	0.19743824005126953	0.6138834357261658	0.4471023976802826
367	0.01118557807058096	0.19753006100654602	0.6142220497131348	0.4474317729473114
368	0.011228367686271667	0.1976659893989563	0.6143144965171814	0.4472236931324005
369	0.011199604719877243	0.1975058913230896	0.6141977906227112	0.4468716084957123
370	0.011210192926228046	0.19781260192394257	0.6128149628639221	0.44688570499420166
371	0.011094585061073303	0.19757291674613953	0.6145383715629578	0.44692462682724
372	0.01119613740593195	0.1972559690475464	0.6163148880004883	0.4467761516571045
373	0.011098220944404602	0.19705364108085632	0.6151494383811951	0.4467441439628601
374	0.011020365171134472	0.19725531339645386	0.6131783127784729	0.44687721133232117
375	0.011099117808043957	0.19757187366485596	0.6122199892997742	0.44646334648132324
376	0.011037413030862808	0.1979072391986847	0.6122387647628784	0.44549086689949036
377	0.011123656295239925	0.19788585603237152	0.6137062907218933	0.44420236349105835
378	0.01110265962779522	0.19787909090518951	0.6144822239875793	0.4433564841747284
379	0.011057157069444656	0.19785161316394806	0.6137343049049377	0.4428805708885193
380	0.01093943603336811	0.19764766097068787	0.6119592189788818	0.4425789713859558
381	0.010943464003503323	0.19725863635540009	0.611605167388916	0.4429318904876709
382	0.01100255735218525	0.19664812088012695	0.6138597130775452	0.44330981373786926
383	0.01079487707465887	0.1963355541229248	0.6153497099876404	0.44397857785224915
384	0.011096395552158356	0.19668243825435638	0.6148729920387268	0.4447818994522095
385	0.010810050182044506	0.19719356298446655	0.614930272102356	0.44604387879371643
386	0.010771488770842552	0.19771571457386017	0.6149141788482666	0.44693922996520996
387	0.010744954459369183	0.19771702587604523	0.6150863170623779	0.4478154480457306
388	0.01070080604404211	0.1974448561668396	0.614555299282074	0.4482589662075043
389	0.010637441650032997	0.19741904735565186	0.6130726337432861	0.44850197434425354
390	0.010613379068672657	0.19757704436779022	0.6135308742523193	0.4486730396747589
391	0.010784115642309189	0.1977163702249527	0.6173360347747803	0.44875872135162354
392	0.010826080106198788	0.19774091243743896	0.6181235313415527	0.4493614733219147
393	0.010694186203181744	0.19727453589439392	0.6187838315963745	0.4500003755092621
394	0.01073673740029335	0.1965664029121399	0.618476390838623	0.4506637752056122
395	0.010714859701693058	0.19597764313220978	0.6178257465362549	0.4505119025707245
396	0.010774968191981316	0.19572873413562775	0.6189990043640137	0.4495222568511963
397	0.010670017451047897	0.1964423507452011	0.6178938150405884	0.44795578718185425
398	0.010741129517555237	0.1972748041152954	0.615157425403595	0.44684603810310364
399	0.010757428593933582	0.19822020828723907	0.6121412515640259	0.44656047224998474
400	0.010634870268404484	0.19881315529346466	0.610556960105896	0.446952760219574
401	0.010604672133922577	0.19852152466773987	0.6134762763977051	0.44752705097198486
402	0.010444060899317265	0.1979602575302124	0.6148589253425598	0.44747012853622437
403	0.01048363745212555	0.19764873385429382	0.6136434078216553	0.4469158351421356
404	0.010530157014727592	0.1976093053817749	0.6122244596481323	0.4464496970176697
405	0.010483045130968094	0.1976054608821869	0.6134172677993774	0.44650599360466003
406	0.010467982850968838	0.19809819757938385	0.6152581572532654	0.44638967514038086
407	0.010543277487158775	0.19825352728366852	0.6156793236732483	0.4462398588657379
408	0.010466648265719414	0.19792379438877106	0.614599347114563	0.4463061988353729
409	0.010507450439035892	0.19770219922065735	0.6130964159965515	0.44603610038757324
410	0.01043500192463398	0.19772100448608398	0.6121292114257812	0.4461418092250824
411	0.010412304662168026	0.19813281297683716	0.6121779680252075	0.44546204805374146
412	0.010349196381866932	0.19868391752243042	0.6123039126396179	0.44432079792022705
413	0.010208760388195515	0.1988852620124817	0.6117457747459412	0.44294601678848267
414	0.010316159576177597	0.19864168763160706	0.6108354330062866	0.4424920380115509
415	0.010231238789856434	0.1980927437543869	0.6115407347679138	0.44261837005615234
416	0.010513718239963055	0.1978178471326828	0.6129751801490784	0.44350090622901917
417	0.010262657888233662	0.19790135324001312	0.6133913397789001	0.44432711601257324
418	0.01019884180277586	0.1980169713497162	0.6130582094192505	0.44494226574897766
419	0.010157649405300617	0.19812659919261932	0.6126976013183594	0.4452800452709198
420	0.010170136578381062	0.19819675385951996	0.6134020686149597	0.4457186460494995
421	0.010136949829757214	0.19859027862548828	0.6138970255851746	0.4459678828716278
422	0.010193676687777042	0.19882582128047943	0.6135455369949341	0.44645053148269653
423	0.010197271592915058	0.1988314539194107	0.6134060025215149	0.4469730257987976
424	0.01007400918751955	0.19845034182071686	0.6136894226074219	0.44681644439697266
425	0.010144567117094994	0.1980484127998352	0.6132057905197144	0.4457501471042633
426	0.01011471264064312	0.19818705320358276	0.6121330261230469	0.44484832882881165
427	0.0101412208750844	0.19842566549777985	0.6121947169303894	0.44457724690437317
428	0.010075138881802559	0.19857414066791534	0.6139822006225586	0.4446289837360382
429	0.010139013640582561	0.1985613852739334	0.614550769329071	0.44451388716697693
430	0.010096710175275803	0.19854998588562012	0.6141940355300903	0.444047749042511
431	0.010155496187508106	0.19831250607967377	0.6130267381668091	0.4437808394432068
432	0.009959263727068901	0.1981966644525528	0.6114838719367981	0.4435218274593353
433	0.010008848272264004	0.19786658883094788	0.6122611165046692	0.4439343512058258
434	0.009994182735681534	0.19764557480812073	0.6146700978279114	0.44474297761917114
435	0.010013007558882236	0.19796475768089294	0.6166759133338928	0.44510897994041443
436	0.010001196525990963	0.1981474757194519	0.6162347793579102	0.445561021566391
437	0.010064538568258286	0.19833357632160187	0.6133582592010498	0.44578880071640015
438	0.00996097456663847	0.19854746758937836	0.6103744506835938	0.44582995772361755
439	0.009886667132377625	0.19841475784778595	0.6119867563247681	0.4462193250656128
440	0.00986701250076294	0.19841183722019196	0.6148127913475037	0.4466531276702881
441	0.009835060685873032	0.19839897751808167	0.6166751980781555	0.4468977153301239
442	0.009857508353888988	0.1981913298368454	0.6161951422691345	0.447171688079834
443	0.009901273064315319	0.19800667464733124	0.6152446866035461	0.44763970375061035
444	0.00985382217913866	0.19798636436462402	0.6148306131362915	0.44777485728263855
445	0.009784376248717308	0.19808439910411835	0.6154728531837463	0.4482041597366333
446	0.00971769168972969	0.1980801522731781	0.6157180666923523	0.44798848032951355
447	0.00996030867099762	0.1978033483028412	0.6144998669624329	0.4479462504386902
448	0.009698896668851376	0.1977654993534088	0.6144508719444275	0.4480489492416382
449	0.009752962738275528	0.1976708173751831	0.6158967614173889	0.4481601417064667
450	0.009734202176332474	0.19771480560302734	0.6177248358726501	0.4484057128429413
451	0.009707768447697163	0.19786836206912994	0.6169790029525757	0.4489516317844391
452	0.009672899730503559	0.19768734276294708	0.614458441734314	0.4496391713619232
453	0.009838978759944439	0.19743390381336212	0.6138689517974854	0.44972357153892517
454	0.009594944305717945	0.1973285675048828	0.6158020496368408	0.4493727684020996
455	0.00987430289387703	0.19749926030635834	0.6173001527786255	0.4484862983226776
456	0.009762328118085861	0.19798807799816132	0.616478681564331	0.44823169708251953
457	0.009818113408982754	0.19861099123954773	0.6143844723701477	0.44840145111083984
458	0.009718566201627254	0.19945023953914642	0.6120388507843018	0.4484288990497589
459	0.009704533964395523	0.19973096251487732	0.6122646331787109	0.44765153527259827
460	0.009647854603827	0.19914250075817108	0.6142602562904358	0.44644424319267273
461	0.00959390215575695	0.19824279844760895	0.615329921245575	0.44551435112953186
462	0.009618009440600872	0.19767066836357117	0.6152381300926208	0.44516709446907043
463	0.009601184166967869	0.19752612709999084	0.6166021227836609	0.44572967290878296
464	0.009586231783032417	0.19819995760917664	0.6172685027122498	0.4466468095779419
465	0.009533289819955826	0.1990807056427002	0.6154584288597107	0.44723811745643616
466	0.009438379667699337	0.19933770596981049	0.6133454442024231	0.44763147830963135
467	0.009445181116461754	0.19910335540771484	0.6126272082328796	0.44758838415145874
468	0.009635165333747864	0.19836394488811493	0.6132647395133972	0.447482705116272
469	0.0095687760040164	0.1978345811367035	0.6152421832084656	0.44745174050331116
470	0.009387409314513206	0.19759446382522583	0.617195188999176	0.44775277376174927
471	0.00943929422646761	0.19757767021656036	0.6168956160545349	0.44793397188186646
472	0.009455401450395584	0.19814199209213257	0.6158623695373535	0.4477524161338806
473	0.009468105621635914	0.19863827526569366	0.6159407496452332	0.44790998101234436
474	0.009439276531338692	0.19905735552310944	0.6173093318939209	0.44792237877845764
475	0.00939406268298626	0.19926823675632477	0.6173703074455261	0.44820380210876465
476	0.009367959573864937	0.19933824241161346	0.6160160899162292	0.4479863941669464
477	0.009389648213982582	0.19935837388038635	0.6140660643577576	0.4482763111591339
478	0.009358572773635387	0.19918549060821533	0.6131556034088135	0.44828000664711
479	0.009333533234894276	0.19891707599163055	0.6151283383369446	0.44834092259407043
480	0.009358970448374748	0.19888491928577423	0.6167625784873962	0.4483172297477722
481	0.00906701385974884	0.1988777071237564	0.6169103384017944	0.44807562232017517
482	0.00921856053173542	0.19864074885845184	0.6162041425704956	0.44811803102493286
483	0.009025082923471928	0.1986462026834488	0.6144523620605469	0.4481511116027832
484	0.009308950044214725	0.19873076677322388	0.6152336001396179	0.44837111234664917
485	0.00912252627313137	0.19904540479183197	0.6157150268554688	0.4482705593109131
486	0.009086087346076965	0.19952210783958435	0.6151052713394165	0.44841310381889343
487	0.009530406445264816	0.19979038834571838	0.6136778593063354	0.4483674168586731
488	0.009278615936636925	0.19990107417106628	0.6125970482826233	0.4481765925884247
489	0.008975434117019176	0.1996547132730484	0.6140076518058777	0.4480741322040558
490	0.009174254722893238	0.1995738297700882	0.615719199180603	0.4476592540740967
491	0.009127453900873661	0.1994442194700241	0.6166577339172363	0.44694045186042786
492	0.009228361770510674	0.19882504642009735	0.6155421733856201	0.44639796018600464
493	0.009126240387558937	0.19831986725330353	0.613158643245697	0.4462313950061798
494	0.009237921796739101	0.19820746779441833	0.610834538936615	0.4462997019290924
495	0.009183556772768497	0.19863705337047577	0.6090289354324341	0.4462474286556244
496	0.00909857265651226	0.19887065887451172	0.6098539233207703	0.4467232823371887
497	0.009024582803249359	0.1989329308271408	0.6119652986526489	0.4469141662120819
498	0.009234941564500332	0.19901344180107117	0.6133913397789001	0.44698816537857056
499	0.009048663079738617	0.19906505942344666	0.6139933466911316	0.4468371272087097
500	0.009164506569504738	0.1989983469247818	0.6127269864082336	0.4465842545032501
501	0.009218480437994003	0.199107825756073	0.6119814515113831	0.4468206763267517
502	0.008987581357359886	0.19944670796394348	0.6118556261062622	0.4473867118358612
503	0.008929863572120667	0.19968853890895844	0.6120221614837646	0.4478902816772461
504	0.008859401568770409	0.19984959065914154	0.6131202578544617	0.4480920135974884
505	0.008788751438260078	0.1995861828327179	0.6134653091430664	0.44840407371520996
506	0.009100952185690403	0.199578195810318	0.6140340566635132	0.44828012585639954
507	0.009040571749210358	0.1997261345386505	0.6148370504379272	0.4482365846633911
508	0.009031543508172035	0.19963456690311432	0.6141995191574097	0.44791269302368164
509	0.008944083005189896	0.19928760826587677	0.6127718091011047	0.4477989375591278
510	0.009110769256949425	0.1988656371831894	0.6124524474143982	0.4471532106399536
511	0.008944956585764885	0.19851942360401154	0.6129370927810669	0.4460109770298004
512	0.008840447291731834	0.1985287070274353	0.6139160990715027	0.44545549154281616
513	0.008844397962093353	0.19878454506397247	0.6149789690971375	0.4455084502696991
514	0.00904860533773899	0.19907450675964355	0.6146283745765686	0.44588503241539
515	0.008825061842799187	0.1991775929927826	0.6140366792678833	0.44691002368927
516	0.008838237263262272	0.1995031088590622	0.6134963631629944	0.4477919638156891
517	0.008949123322963715	0.19942107796669006	0.613684356212616	0.4479353129863739
518	0.008603309281170368	0.19892185926437378	0.6141031980514526	0.4478166103363037
519	0.008749430999159813	0.19823896884918213	0.6138054728507996	0.44764748215675354
520	0.008823836222290993	0.19803591072559357	0.6131696105003357	0.44785550236701965
521	0.008956549689173698	0.1984730064868927	0.6131851077079773	0.44763872027397156
522	0.008821097202599049	0.19920237362384796	0.6128174662590027	0.4472401738166809
523	0.008864754810929298	0.20004381239414215	0.6134737730026245	0.446774959564209
524	0.008713028393685818	0.20031625032424927	0.6133565306663513	0.4468126595020294
525	0.008719184435904026	0.1998942792415619	0.6122916340827942	0.4469957649707794
526	0.008793767541646957	0.19945475459098816	0.6113800406455994	0.4472115635871887
527	0.00883666891604662	0.1990308314561844	0.6127257347106934	0.44723841547966003
528	0.008693927899003029	0.1989016830921173	0.6141222715377808	0.4468613266944885
529	0.008661525323987007	0.19873662292957306	0.6150349974632263	0.446500688791275
530	0.008742522448301315	0.19868652522563934	0.614767849445343	0.4460628926753998
531	0.00861309003084898	0.1989019811153412	0.6135179400444031	0.44533559679985046
532	0.008600861765444279	0.1991632878780365	0.6137261986732483	0.44498276710510254
533	0.008894652128219604	0.19927796721458435	0.614334225654602	0.444755882024765
534	0.008601460605859756	0.19940532743930817	0.6137065887451172	0.4447672665119171
535	0.008765051141381264	0.19965313374996185	0.6118540167808533	0.4443046450614929
536	0.00860594678670168	0.19978095591068268	0.6106692552566528	0.44389018416404724
537	0.008534609340131283	0.20000885426998138	0.6112176179885864	0.44339409470558167
538	0.00844363123178482	0.19991828501224518	0.6116565465927124	0.4431985020637512
539	0.008583644405007362	0.19988615810871124	0.6127577424049377	0.44340553879737854
540	0.008535335771739483	0.1999029815196991	0.6127532720565796	0.44394853711128235
541	0.008387020789086819	0.19972777366638184	0.6120501756668091	0.4445575475692749
542	0.008267455734312534	0.1996777355670929	0.6114594340324402	0.4450106918811798
543	0.00848813634365797	0.19968914985656738	0.6117537617683411	0.44589707255363464
544	0.008687634021043777	0.1995576173067093	0.6126273274421692	0.4462158977985382
545	0.008573184721171856	0.19903166592121124	0.6137316226959229	0.44635432958602905
546	0.00856729969382286	0.19899782538414001	0.6150919795036316	0.4462277293205261
547	0.008551463484764099	0.19905497133731842	0.6160397529602051	0.44583243131637573
548	0.008577855303883553	0.1989658921957016	0.6159536242485046	0.4451150596141815
549	0.008557364344596863	0.19866621494293213	0.6154045462608337	0.4451054632663727
550	0.008481074124574661	0.19857017695903778	0.614014208316803	0.44524359703063965
551	0.008570974692702293	0.19901271164417267	0.6120854020118713	0.4451702833175659
552	0.008416743017733097	0.19938509166240692	0.6112053990364075	0.44532284140586853
553	0.00855801161378622	0.19926835596561432	0.6115460991859436	0.4452086091041565
554	0.0084542166441679	0.199332132935524	0.6115670204162598	0.4448496401309967
555	0.008467954583466053	0.19974501430988312	0.6121712923049927	0.44422727823257446
556	0.008365380577743053	0.2000051885843277	0.6131084561347961	0.4436303973197937
557	0.008576514199376106	0.20009832084178925	0.6127192378044128	0.4435170292854309
558	0.008397825993597507	0.20024113357067108	0.611158549785614	0.4436153769493103
559	0.008224571123719215	0.2000366598367691	0.6104860901832581	0.4438067674636841
560	0.00830562599003315	0.19976091384887695	0.611802875995636	0.4441004991531372
561	0.008198928087949753	0.1994553804397583	0.6134388446807861	0.4443684220314026
562	0.008297049440443516	0.19960805773735046	0.6145524978637695	0.4442136585712433
563	0.008390652015805244	0.19990654289722443	0.6142529249191284	0.44391512870788574
564	0.008269981481134892	0.19997204840183258	0.6127520799636841	0.443795770406723
565	0.008299790322780609	0.20010700821876526	0.6096217036247253	0.44381505250930786
566	0.008503472432494164	0.1997353583574295	0.6095955967903137	0.44413915276527405
567	0.008288796991109848	0.1994142085313797	0.6109293103218079	0.4443487524986267
568	0.008218364790081978	0.19931575655937195	0.6122554540634155	0.44450342655181885
569	0.0082633588463068	0.19934557378292084	0.6128028035163879	0.4440356492996216
570	0.008285759016871452	0.1993664801120758	0.6124439239501953	0.443901002407074
571	0.008348486386239529	0.19971193373203278	0.6111752986907959	0.44388702511787415
572	0.008172580972313881	0.20019273459911346	0.6109428405761719	0.44359830021858215
573	0.008121243678033352	0.20061816275119781	0.6116138696670532	0.44370728731155396
574	0.008242090232670307	0.20065435767173767	0.61184161901474	0.4441341757774353
575	0.008168818429112434	0.20021207630634308	0.611263632774353	0.44465765357017517
576	0.008089708164334297	0.1998300552368164	0.6103144288063049	0.4452894926071167
577	0.008172924630343914	0.20003779232501984	0.6099644303321838	0.4455620050430298
578	0.008304989896714687	0.20016148686408997	0.6122145652770996	0.44572338461875916
579	0.00807346124202013	0.20026752352714539	0.6144025921821594	0.4456922709941864
580	0.008153308182954788	0.2003336101770401	0.615088939666748	0.44554299116134644
581	0.008073885925114155	0.2000487595796585	0.6147496700286865	0.44554823637008667
582	0.008155801333487034	0.19975730776786804	0.6134917736053467	0.44552209973335266
583	0.0079434709623456	0.19957448542118073	0.6123709082603455	0.4451398551464081
584	0.008109350688755512	0.1996225118637085	0.6118454337120056	0.4446963369846344
585	0.007937389425933361	0.19995899498462677	0.6113730669021606	0.444064736366272
586	0.008167607709765434	0.2003982663154602	0.6120498776435852	0.44367632269859314
587	0.008007735013961792	0.20060858130455017	0.61251300573349	0.4433561861515045
588	0.008076638914644718	0.20050254464149475	0.6123617887496948	0.4434302747249603
589	0.008099566213786602	0.2001286745071411	0.6118637919425964	0.4436508119106293
590	0.008107206784188747	0.19987095892429352	0.6120505332946777	0.44388484954833984
591	0.008085312321782112	0.19956646859645844	0.6128950715065002	0.4436849057674408
592	0.007877775467932224	0.19945809245109558	0.6137804388999939	0.4437180161476135
593	0.00805777870118618	0.1993379145860672	0.6136320233345032	0.44408470392227173
594	0.007911826483905315	0.19932058453559875	0.6133097410202026	0.44461962580680847
595	0.007949708960950375	0.19950678944587708	0.6129565834999084	0.44471660256385803
596	0.007878964766860008	0.1997806429862976	0.6125847697257996	0.4442490339279175
597	0.007867504842579365	0.1998228132724762	0.6117209196090698	0.4436776638031006
598	0.008003218099474907	0.1998373121023178	0.6108285188674927	0.4429165720939636
599	0.0079802880063653	0.19982026517391205	0.6103787422180176	0.4426407217979431
600	0.008112148381769657	0.19952449202537537	0.610302209854126	0.44246211647987366
601	0.007906430400907993	0.19955764710903168	0.610215425491333	0.4426589906215668
602	0.007900110445916653	0.2001250833272934	0.6111421585083008	0.4429245889186859
603	0.007896177470684052	0.2008560597896576	0.6117638349533081	0.4430296719074249
604	0.007994621060788631	0.20106948912143707	0.6112797260284424	0.4429340958595276
605	0.007680085953325033	0.20115140080451965	0.6097984313964844	0.44255053997039795
606	0.007798853795975447	0.20089347660541534	0.607901930809021	0.44204458594322205
607	0.007818933576345444	0.20057688653469086	0.6072824001312256	0.4418288767337799
608	0.008000188507139683	0.20029668509960175	0.607438325881958	0.44170793890953064
609	0.007857811637222767	0.2003239244222641	0.6079884767532349	0.4418638348579407
610	0.007887013256549835	0.20030976831912994	0.6089495420455933	0.44182783365249634
611	0.007948243990540504	0.20037473738193512	0.6096132397651672	0.4419451355934143
612	0.007889066822826862	0.20023006200790405	0.6102736592292786	0.4423222541809082
613	0.00778673030436039	0.20003947615623474	0.6113638877868652	0.4434237778186798
614	0.007805061060935259	0.1999834030866623	0.6126282215118408	0.44437503814697266
615	0.007628417573869228	0.1999446004629135	0.6127318143844604	0.445016086101532
616	0.007718331180512905	0.1998566836118698	0.6116881370544434	0.4456569254398346
617	0.007745611947029829	0.1999559849500656	0.610458493232727	0.4457259476184845
618	0.007801597006618977	0.200169175863266	0.6099192500114441	0.4451119005680084
619	0.007802992127835751	0.2003621906042099	0.6103240847587585	0.4443843960762024
620	0.007833825424313545	0.1999940425157547	0.6109344959259033	0.44437873363494873
621	0.007696034852415323	0.19935262203216553	0.6120355129241943	0.4450515806674957
622	0.007804614957422018	0.1988924741744995	0.6124918460845947	0.44519975781440735
623	0.007581689395010471	0.19885577261447906	0.6121731400489807	0.4452155828475952
624	0.0077551682479679585	0.19909559190273285	0.6116905212402344	0.44506141543388367
625	0.007877825759351254	0.19954468309879303	0.6122956871986389	0.44466838240623474
626	0.007902082055807114	0.2000715285539627	0.6120465993881226	0.44436678290367126
627	0.007670632563531399	0.2002517431974411	0.6123903393745422	0.44417986273765564
628	0.0076723964884877205	0.20020918548107147	0.6122173070907593	0.44418415427207947
629	0.007603588979691267	0.20016339421272278	0.6112234592437744	0.44423362612724304
630	0.0076246303506195545	0.20021109282970428	0.6099309921264648	0.44499313831329346
631	0.007579348981380463	0.20022766292095184	0.6092748045921326	0.44518858194351196
632	0.007800821214914322	0.20015010237693787	0.6098382472991943	0.4453614056110382
633	0.007713880389928818	0.2001715749502182	0.6115913391113281	0.4449893534183502
634	0.007642044685781002	0.20010605454444885	0.6130165457725525	0.44468846917152405
635	0.007744357455521822	0.20006504654884338	0.6136441826820374	0.44471460580825806
636	0.007646684534847736	0.2002974897623062	0.6130004525184631	0.44484999775886536
637	0.007501281797885895	0.2003873735666275	0.6114049553871155	0.4444373846054077
638	0.007598200347274542	0.20018813014030457	0.6099957823753357	0.4440411627292633
639	0.007497452665120363	0.20032180845737457	0.6094598174095154	0.44392523169517517
640	0.007486583199352026	0.1999817043542862	0.6099395751953125	0.44440895318984985
641	0.007561745587736368	0.1996620148420334	0.6112780570983887	0.4455552399158478
642	0.007494029123336077	0.19958172738552094	0.6126368045806885	0.44685283303260803
643	0.007607997860759497	0.19976398348808289	0.6137720942497253	0.44798511266708374
644	0.007639834191650152	0.1999386101961136	0.6138723492622375	0.4487624168395996
645	0.007427554577589035	0.20002031326293945	0.6134893298149109	0.4490034282207489
646	0.00754884909838438	0.19961582124233246	0.6137280464172363	0.4483557343482971
647	0.007496303878724575	0.1993863731622696	0.6138423681259155	0.4470381736755371
648	0.007509439717978239	0.1993831843137741	0.6132156252861023	0.4454057514667511
649	0.007508919574320316	0.19969823956489563	0.6120038032531738	0.4442029595375061
650	0.007555128075182438	0.20015820860862732	0.6101445555686951	0.44343897700309753
651	0.007522247731685638	0.2008822113275528	0.609319806098938	0.4431966245174408
652	0.007485094014555216	0.2013317346572876	0.6098058223724365	0.4429852366447449
653	0.007443545386195183	0.20158536732196808	0.6103833913803101	0.4427109360694885
654	0.0074339066632092	0.2012501209974289	0.6109130382537842	0.4431629776954651
655	0.007338694296777248	0.20063988864421844	0.6117009520530701	0.44403842091560364
656	0.007265099789947271	0.20034100115299225	0.6126179695129395	0.4449749290943146
657	0.0073723397217690945	0.20011262595653534	0.6139134168624878	0.44609931111335754
658	0.007353480905294418	0.20008400082588196	0.6146413683891296	0.4469555616378784
659	0.0073196496814489365	0.1998937427997589	0.6149002909660339	0.447245329618454
660	0.0073633515276014805	0.1997859925031662	0.6142371892929077	0.44734910130500793
661	0.0073241242207586765	0.199704110622406	0.613304853439331	0.44710227847099304
662	0.007485995069146156	0.19970011711120605	0.6125317215919495	0.4466725289821625
663	0.007421263959258795	0.19996029138565063	0.6118431091308594	0.446363240480423
664	0.007322557736188173	0.20018459856510162	0.6115785241127014	0.44577473402023315
665	0.007399530149996281	0.20014992356300354	0.6116758584976196	0.4450392723083496
666	0.0071904342621564865	0.200107142329216	0.6113682389259338	0.44418060779571533
667	0.0072961654514074326	0.2002985179424286	0.6102139353752136	0.4432224631309509
668	0.007328582927584648	0.20055460929870605	0.6090536713600159	0.44279104471206665
669	0.007303386460989714	0.2008117437362671	0.6089172959327698	0.4428340792655945
670	0.007181570399552584	0.20092035830020905	0.6092272996902466	0.44330766797065735
671	0.007281413301825523	0.20087480545043945	0.6101453900337219	0.44359350204467773
672	0.007326122373342514	0.2003861963748932	0.6111273765563965	0.4435408115386963
673	0.007344920188188553	0.20014341175556183	0.6112827062606812	0.4436286687850952
674	0.00718600582331419	0.1999405324459076	0.6116001605987549	0.44344332814216614
675	0.007188120391219854	0.19988605380058289	0.6106371283531189	0.4430503249168396
676	0.007118597161024809	0.20000219345092773	0.6094480752944946	0.44337379932403564
677	0.0072210864163935184	0.20008040964603424	0.6093242764472961	0.44345512986183167
678	0.007245168089866638	0.20028343796730042	0.6101171374320984	0.4431467652320862
679	0.007308370899409056	0.20040956139564514	0.611193835735321	0.44296905398368835
680	0.007365889381617308	0.20015743374824524	0.6116287112236023	0.4432031512260437
681	0.007206272799521685	0.19968508183956146	0.6120604872703552	0.44396382570266724
682	0.007205042522400618	0.19988922774791718	0.6113779544830322	0.44459953904151917
683	0.00727757066488266	0.2006310075521469	0.6112131476402283	0.4444890022277832
684	0.007082280702888966	0.2014593929052353	0.6109054088592529	0.444155216217041
685	0.007230082992464304	0.20149192214012146	0.6101065874099731	0.44387248158454895
686	0.007199591025710106	0.2009863704442978	0.6095307469367981	0.44384482502937317
687	0.007276387885212898	0.20056940615177155	0.6102464199066162	0.44368401169776917
688	0.0073519377037882805	0.2001476287841797	0.6112142205238342	0.443421870470047
689	0.00716629670932889	0.1998809427022934	0.6121374368667603	0.4437718689441681
690	0.0072714597918093204	0.19979244470596313	0.6125221848487854	0.44403690099716187
691	0.0071283141151070595	0.1998423933982849	0.6121443510055542	0.44442927837371826
692	0.007211573887616396	0.199951633810997	0.6111960411071777	0.4447976052761078
693	0.007089628372341394	0.20020310580730438	0.6109436750411987	0.4450008273124695
694	0.007063368801027536	0.20044051110744476	0.6109888553619385	0.4448562562465668
695	0.007184246554970741	0.20034216344356537	0.6117650270462036	0.44430768489837646
696	0.007200988009572029	0.20038431882858276	0.6120538711547852	0.44362497329711914
697	0.007070629857480526	0.2002854347229004	0.6106456518173218	0.4435754120349884
698	0.007073458284139633	0.20043908059597015	0.6089141368865967	0.44371363520622253
699	0.007133459206670523	0.20074379444122314	0.6077508926391602	0.44395703077316284
700	0.007205339148640633	0.20116277039051056	0.6082720160484314	0.44385430216789246
701	0.007087470963597298	0.20124776661396027	0.6103174090385437	0.44356298446655273
702	0.00709194503724575	0.20102234184741974	0.6115654706954956	0.4437039792537689
703	0.007126674056053162	0.20016279816627502	0.6117019057273865	0.44401872158050537
704	0.006960125640034676	0.19934533536434174	0.610575795173645	0.44431963562965393
705	0.007004065439105034	0.19919060170650482	0.6094318628311157	0.44450852274894714
706	0.007019429467618465	0.1996135413646698	0.6088987588882446	0.44424188137054443
707	0.007039048243314028	0.19985851645469666	0.609650731086731	0.44384169578552246
708	0.007036788389086723	0.20017185807228088	0.6106976866722107	0.44331488013267517
709	0.006975580472499132	0.20054574310779572	0.6111336946487427	0.44304534792900085
710	0.006938749924302101	0.2006683349609375	0.6109651327133179	0.44317519664764404
711	0.006842383183538914	0.2006150782108307	0.610198974609375	0.4429927170276642
712	0.007093285676091909	0.20057755708694458	0.6091675758361816	0.44244498014450073
713	0.007107301615178585	0.2004275619983673	0.6094644665718079	0.44179436564445496
714	0.006974006537348032	0.20040558278560638	0.6098940372467041	0.4412080645561218
715	0.006981992162764072	0.2005797028541565	0.6106390357017517	0.4408800005912781
716	0.006820468232035637	0.20071856677532196	0.6107214689254761	0.44091036915779114
717	0.0069203865714371204	0.2007998526096344	0.6097353100776672	0.44136759638786316
718	0.0069405753165483475	0.20069563388824463	0.6093341112136841	0.44188958406448364
719	0.006969467271119356	0.20057646930217743	0.6102433800697327	0.44188469648361206
720	0.00695656705647707	0.20053456723690033	0.6108195185661316	0.44209808111190796
721	0.007037075236439705	0.20031492412090302	0.6109393239021301	0.44248828291893005
722	0.007104368414729834	0.20005589723587036	0.6113807559013367	0.4428669214248657
723	0.0069074807688593864	0.20006176829338074	0.612193763256073	0.44333478808403015
724	0.006873086094856262	0.2002505511045456	0.6130878329277039	0.44378235936164856
725	0.006940021645277739	0.20039188861846924	0.6129099726676941	0.4439520835876465
726	0.006883177440613508	0.20027615129947662	0.6117400527000427	0.4439844489097595
727	0.007006639614701271	0.19992595911026	0.6109582185745239	0.4438154399394989
728	0.006846726406365633	0.1996484249830246	0.6110770106315613	0.44347143173217773
729	0.006866938434541225	0.19954484701156616	0.6121671795845032	0.44387754797935486
730	0.007111745420843363	0.19928564131259918	0.6132472157478333	0.44458016753196716
731	0.006959579885005951	0.19952324032783508	0.6133790612220764	0.44522541761398315
732	0.006778871640563011	0.19983993470668793	0.6131423115730286	0.4455670416355133
733	0.006824977230280638	0.1997131109237671	0.61279296875	0.4460177421569824
734	0.006823333911597729	0.19935420155525208	0.6130403876304626	0.4461994767189026
735	0.006944037042558193	0.19875355064868927	0.613161027431488	0.4458833336830139
736	0.006908704526722431	0.19880087673664093	0.6127256155014038	0.44513505697250366
737	0.006856359541416168	0.19913318753242493	0.6120975613594055	0.44478586316108704
738	0.006845868658274412	0.19980084896087646	0.6109815835952759	0.4444623589515686
739	0.00682424521073699	0.20036865770816803	0.6103739738464355	0.4439961016178131
740	0.006826924160122871	0.2002328336238861	0.6100578904151917	0.44344985485076904
741	0.006741290912032127	0.2000724971294403	0.610262930393219	0.4428958594799042
742	0.006760728545486927	0.1998281627893448	0.6109712719917297	0.4424901008605957
743	0.006787843070924282	0.1997506022453308	0.6112498641014099	0.442510724067688
744	0.006762321572750807	0.20003345608711243	0.6118038892745972	0.442583292722702
745	0.006814737804234028	0.20006972551345825	0.611807644367218	0.4426364302635193
746	0.006793721579015255	0.19980938732624054	0.6114588975906372	0.44291743636131287
747	0.006795753259211779	0.199202761054039	0.6111087203025818	0.4437548816204071
748	0.006769941188395023	0.1990991085767746	0.6107439994812012	0.444048136472702
749	0.0067907655611634254	0.1996658891439438	0.6116491556167603	0.44383129477500916
750	0.006683599203824997	0.20042110979557037	0.612260103225708	0.4430030584335327
751	0.006657315418124199	0.2006094604730606	0.6123545169830322	0.4425221085548401
752	0.006868663709610701	0.20033524930477142	0.6111544966697693	0.44218629598617554
753	0.006786864250898361	0.20013566315174103	0.6091604828834534	0.44222912192344666
754	0.006787952501326799	0.19995518028736115	0.6081797480583191	0.4428463876247406
755	0.006556629668921232	0.1999914050102234	0.6087086200714111	0.44322407245635986
756	0.006646087393164635	0.20002087950706482	0.6099377274513245	0.44304078817367554
757	0.00663475738838315	0.1999724805355072	0.6118374466896057	0.44282206892967224
758	0.00661682290956378	0.19991163909435272	0.612275242805481	0.44257479906082153
759	0.006670508533716202	0.20002304017543793	0.6121390461921692	0.4422207772731781
760	0.0067316205240786076	0.19981789588928223	0.6120718121528625	0.44233840703964233
761	0.006593768019229174	0.199909970164299	0.6112689971923828	0.4424110949039459
762	0.006614187732338905	0.20009900629520416	0.610556423664093	0.44241198897361755
763	0.006808936130255461	0.19976092875003815	0.6103003621101379	0.4428364336490631
764	0.006612150929868221	0.19944103062152863	0.6104580163955688	0.4431630074977875
765	0.006700814235955477	0.1995491236448288	0.6112595796585083	0.4432762861251831
766	0.006759168580174446	0.19999529421329498	0.6119687557220459	0.44292697310447693
767	0.0065468731336295605	0.20026755332946777	0.6115210652351379	0.4422168433666229
768	0.006563369184732437	0.2003559023141861	0.6105334162712097	0.441528856754303
769	0.006504373624920845	0.19996368885040283	0.6088687181472778	0.4413119852542877
770	0.006574966944754124	0.19992578029632568	0.6075944900512695	0.4413565397262573
771	0.0066199712455272675	0.1999770700931549	0.6083205342292786	0.44134393334388733
772	0.006552107632160187	0.200597882270813	0.6095763444900513	0.44121745228767395
773	0.006754621397703886	0.20084574818611145	0.6106094717979431	0.4411908984184265
774	0.006645007990300655	0.20080414414405823	0.6104260683059692	0.44116780161857605
775	0.006529755890369415	0.20061306655406952	0.6101237535476685	0.4409359395503998
776	0.006572505924850702	0.20044749975204468	0.6099037528038025	0.4410875141620636
777	0.006609305739402771	0.20021134614944458	0.6106303930282593	0.4412941336631775
778	0.006438370328396559	0.19965806603431702	0.6113234162330627	0.4415489435195923
779	0.006539834663271904	0.19926100969314575	0.612041711807251	0.44194862246513367
780	0.006490136496722698	0.19915467500686646	0.6128373742103577	0.4421764612197876
781	0.006557132583111525	0.19918233156204224	0.6138947010040283	0.4424508810043335
782	0.006557537242770195	0.19932129979133606	0.6142133474349976	0.4430111348628998
783	0.006475689355283976	0.1994234323501587	0.6132740378379822	0.4439641237258911
784	0.0064205871894955635	0.19970379769802094	0.6115372776985168	0.4446069896221161
785	0.006652400828897953	0.20000895857810974	0.6106317639350891	0.44515886902809143
786	0.006370307877659798	0.20023763179779053	0.6114736795425415	0.44499829411506653
787	0.006415604613721371	0.2002677023410797	0.6124684810638428	0.44462960958480835
788	0.006476473528891802	0.20003798604011536	0.6134998798370361	0.44393473863601685
789	0.006558390334248543	0.1995549201965332	0.6135138869285583	0.4437125027179718
790	0.0064215147867798805	0.1991504430770874	0.6124047040939331	0.4437302350997925
791	0.006474366411566734	0.19923676550388336	0.6109731197357178	0.44361788034439087
792	0.006534807849675417	0.1995500922203064	0.6109832525253296	0.4434358477592468
793	0.006443280726671219	0.19983984529972076	0.6119236946105957	0.44327881932258606
794	0.00647382577881217	0.20000536739826202	0.6126899719238281	0.4433399736881256
795	0.006459730211645365	0.19981148838996887	0.6126715540885925	0.4436698257923126
796	0.006369840353727341	0.19959695637226105	0.6121186017990112	0.4438726305961609
797	0.006318230181932449	0.1995064914226532	0.6117393970489502	0.4437558948993683
798	0.006325783673673868	0.19965726137161255	0.6107438206672668	0.4436632990837097
799	0.006442341022193432	0.19988194108009338	0.6097843647003174	0.44342660903930664
800	0.0065799313597381115	0.19995121657848358	0.6094868183135986	0.4428940713405609
801	0.006439394783228636	0.20007671415805817	0.6105360388755798	0.44275349378585815
802	0.006332924589514732	0.2003299444913864	0.6112625002861023	0.4426644444465637
803	0.006353500299155712	0.20033282041549683	0.611948549747467	0.44295641779899597
804	0.00642310781404376	0.20000015199184418	0.6121819615364075	0.44331371784210205
805	0.006330146919935942	0.19948002696037292	0.61136794090271	0.4436781704425812
806	0.006431760732084513	0.19944307208061218	0.6107698082923889	0.4438565969467163
807	0.006252333056181669	0.19941627979278564	0.6106711626052856	0.4436911344528198
808	0.0064667947590351105	0.19985619187355042	0.6109644770622253	0.4430157542228699
809	0.006425765808671713	0.20029303431510925	0.6103168725967407	0.4426703155040741
810	0.006285203620791435	0.20042845606803894	0.6094004511833191	0.4421657621860504
811	0.006345419213175774	0.20044037699699402	0.6089543700218201	0.44172394275665283
812	0.0063988338224589825	0.20039837062358856	0.6086938977241516	0.44153210520744324
813	0.006375533994287252	0.20024538040161133	0.6085681319236755	0.44159838557243347
814	0.006353429518640041	0.20000872015953064	0.6077370643615723	0.44190725684165955
815	0.006421671248972416	0.19993120431900024	0.6080104112625122	0.4422825872898102
816	0.006296905688941479	0.19991371035575867	0.6084810495376587	0.4420940577983856
817	0.00612867996096611	0.1999213546514511	0.6088369488716125	0.44226038455963135
818	0.00627538887783885	0.20008398592472076	0.6097824573516846	0.4426186680793762
819	0.006285146344453096	0.19994738698005676	0.6107468008995056	0.4428102970123291
820	0.006407580338418484	0.19957275688648224	0.6115207076072693	0.44294705986976624
821	0.006378163583576679	0.1990201622247696	0.6114804744720459	0.4428711235523224
822	0.006177649367600679	0.19887441396713257	0.6108843684196472	0.44259151816368103
823	0.006332269869744778	0.19907265901565552	0.6100695133209229	0.44199392199516296
824	0.006204099860042334	0.19939914345741272	0.6097508072853088	0.4415847957134247
825	0.006239948328584433	0.19994106888771057	0.6091527342796326	0.4413353502750397
826	0.006196306552737951	0.2003219723701477	0.6085874438285828	0.44127824902534485
827	0.006197785958647728	0.2002381533384323	0.6085541248321533	0.4412491023540497
828	0.0062490059062838554	0.20006267726421356	0.6086230278015137	0.4413764476776123
829	0.006121491082012653	0.19974477589130402	0.6092738509178162	0.4417801797389984
830	0.006175135262310505	0.19953003525733948	0.6093673706054688	0.4419328570365906
831	0.00618272228166461	0.1993217021226883	0.6092399954795837	0.4421401023864746
832	0.006199644412845373	0.19953539967536926	0.6089791059494019	0.44208699464797974
833	0.006295752711594105	0.200051948428154	0.6088640093803406	0.4416596293449402
834	0.006295583676546812	0.20036301016807556	0.6086426973342896	0.4413835406303406
835	0.006208349484950304	0.20038791000843048	0.6084176301956177	0.44119033217430115
836	0.006241807248443365	0.20011202991008759	0.6081157922744751	0.4411391019821167
837	0.0061196619644761086	0.19970932602882385	0.6084168553352356	0.4415707588195801
838	0.006110179238021374	0.19940945506095886	0.609926164150238	0.4421514868736267
839	0.006215340457856655	0.1992679238319397	0.6117184162139893	0.443048894405365
840	0.006218114402145147	0.19948901236057281	0.6132439374923706	0.4435892403125763
841	0.006216632667928934	0.19965949654579163	0.6141247153282166	0.4438838064670563
842	0.006057029124349356	0.19951049983501434	0.6141493916511536	0.4440048635005951
843	0.006121417507529259	0.1991417557001114	0.6129705309867859	0.44410595297813416
844	0.006043140310794115	0.19881607592105865	0.6116209030151367	0.44452452659606934
845	0.006242888048291206	0.1986047625541687	0.6108367443084717	0.4446742534637451
846	0.006306137889623642	0.19848772883415222	0.6107518672943115	0.44455814361572266
847	0.006222890689969063	0.19872918725013733	0.6115801930427551	0.4440457820892334
848	0.006065253168344498	0.19911400973796844	0.61225426197052	0.4435042440891266
849	0.0061387256719172	0.1995508223772049	0.6123906373977661	0.44304358959198
850	0.006125118583440781	0.1998179703950882	0.6117788553237915	0.4426119327545166
851	0.00610326137393713	0.1999635398387909	0.6107684373855591	0.44239845871925354
852	0.006111912429332733	0.19984285533428192	0.6096236705780029	0.4424213469028473
853	0.0061681936495006084	0.1997022181749344	0.6092957258224487	0.4427047073841095
854	0.0061006913892924786	0.19955939054489136	0.6100817918777466	0.44310107827186584
855	0.006192158441990614	0.19933143258094788	0.6112859845161438	0.44340577721595764
856	0.006049808580428362	0.1990261822938919	0.6123835444450378	0.4436236619949341
857	0.006068303715437651	0.1986469179391861	0.6129593253135681	0.4437425434589386
858	0.006099299527704716	0.19890260696411133	0.6123635172843933	0.44371339678764343
859	0.006136867217719555	0.19960328936576843	0.6114022135734558	0.44332823157310486
860	0.006029076874256134	0.20044724643230438	0.6101872324943542	0.44281163811683655
861	0.006038167048245668	0.20066381990909576	0.6091287732124329	0.44250330328941345
862	0.006000160705298185	0.19993343949317932	0.6085084080696106	0.4423372149467468
863	0.006029956042766571	0.19920982420444489	0.6092909574508667	0.44209080934524536
864	0.006081167608499527	0.19900822639465332	0.6108639240264893	0.4417724013328552
865	0.0059911892749369144	0.19941049814224243	0.6122698187828064	0.4414721727371216
866	0.005998607724905014	0.1998632252216339	0.6127290725708008	0.4412985146045685
867	0.006011081859469414	0.2000780552625656	0.6115773916244507	0.44105756282806396
868	0.005995205137878656	0.20020800828933716	0.6094697117805481	0.44101229310035706
869	0.00603724829852581	0.2001991868019104	0.6077954769134521	0.4408789277076721
870	0.006068093236535788	0.19995853304862976	0.6074446439743042	0.44108980894088745
871	0.006070415955036879	0.19940586388111115	0.6081494688987732	0.44150179624557495
872	0.005968131590634584	0.19902202486991882	0.6093626022338867	0.4420118033885956
873	0.0060461778193712234	0.19901996850967407	0.6108238101005554	0.44229504466056824
874	0.00595100736245513	0.19940675795078278	0.6119581460952759	0.4425208270549774
875	0.00612447177991271	0.19990655779838562	0.6120774149894714	0.4426805377006531
876	0.005902215372771025	0.20000602304935455	0.6104185581207275	0.442716121673584
877	0.006029271986335516	0.19981041550636292	0.6086647510528564	0.44271785020828247
878	0.0058420863933861256	0.19937555491924286	0.6076279878616333	0.4426228404045105
879	0.006046192720532417	0.19916699826717377	0.6080193519592285	0.44262823462486267
880	0.006210317835211754	0.19930247962474823	0.6100788712501526	0.4423752725124359
881	0.005907170940190554	0.19966574013233185	0.6118139028549194	0.44179949164390564
882	0.006036499515175819	0.19990791380405426	0.6125639081001282	0.4412672519683838
883	0.006048563867807388	0.2001340240240097	0.6115244030952454	0.44083571434020996
884	0.005837355740368366	0.20020900666713715	0.6099315881729126	0.44060540199279785
885	0.005960722453892231	0.19997622072696686	0.6090812683105469	0.4403291642665863
886	0.005948477890342474	0.19957584142684937	0.6092397570610046	0.4402353763580322
887	0.006111044902354479	0.1993744969367981	0.6099992394447327	0.4400944709777832
888	0.005917164962738752	0.19932541251182556	0.6106162071228027	0.4401099383831024
889	0.0057909851893782616	0.1996779590845108	0.6109273433685303	0.4404798150062561
890	0.005858097691088915	0.20018912851810455	0.6111000776290894	0.440603643655777
891	0.005913831293582916	0.20023028552532196	0.6102151274681091	0.4408041536808014
892	0.005872882902622223	0.19995778799057007	0.6091708540916443	0.4413471817970276
893	0.005922848358750343	0.19974778592586517	0.6085454821586609	0.44186466932296753
894	0.005984819028526545	0.1992681920528412	0.6084587574005127	0.4423269033432007
895	0.005928134545683861	0.19884982705116272	0.6090707778930664	0.442616730928421
896	0.005917412228882313	0.1988067477941513	0.609460711479187	0.4424239695072174
897	0.005821146070957184	0.19878873229026794	0.6100521087646484	0.4419265687465668
898	0.0059064594097435474	0.19894102215766907	0.6110599637031555	0.44153350591659546
899	0.005985815078020096	0.19906702637672424	0.6110003590583801	0.4413294196128845
900	0.005854063667356968	0.19929027557373047	0.6101183295249939	0.44115233421325684
901	0.005861914250999689	0.1995612233877182	0.6092414855957031	0.4410833716392517
902	0.005967556498944759	0.19999872148036957	0.6085504293441772	0.44056186079978943
903	0.005851018242537975	0.20029327273368835	0.608318030834198	0.43993163108825684
904	0.00582829350605607	0.20010371506214142	0.6076920628547668	0.439546674489975
905	0.0058582075871527195	0.19990824162960052	0.607471227645874	0.43940019607543945
906	0.005885471124202013	0.19949278235435486	0.6077221035957336	0.43956902623176575
907	0.005938113667070866	0.19916118681430817	0.6090505719184875	0.44001778960227966
908	0.005868122447282076	0.19914087653160095	0.6099844574928284	0.4405638873577118
909	0.006015589460730553	0.1994764655828476	0.6107796430587769	0.4409623444080353
910	0.005831521470099688	0.19991238415241241	0.6113606095314026	0.4413166642189026
911	0.005743472836911678	0.20025579631328583	0.6115792393684387	0.4416806995868683
912	0.005817218217998743	0.19999831914901733	0.6116554141044617	0.44189032912254333
913	0.005739947315305471	0.19951231777668	0.6116499304771423	0.44210192561149597
914	0.005668604746460915	0.1989530622959137	0.6112920641899109	0.44204768538475037
915	0.005844352766871452	0.1986335813999176	0.611034631729126	0.44201406836509705
916	0.005817240569740534	0.19846825301647186	0.6110424995422363	0.4418341815471649
917	0.005715490784496069	0.19873933494091034	0.6108713150024414	0.44130250811576843
918	0.005683572497218847	0.19923055171966553	0.6106946468353271	0.44093766808509827
919	0.005930805113166571	0.1991734653711319	0.6103898882865906	0.44094589352607727
920	0.00565419252961874	0.19919291138648987	0.6108068227767944	0.44108515977859497
921	0.005780709441751242	0.1993638277053833	0.610443115234375	0.4409177303314209
922	0.00576282013207674	0.1996464878320694	0.6104205250740051	0.44083237648010254
923	0.005800226703286171	0.19982333481311798	0.6098556518554688	0.4409394860267639
924	0.0057221329770982265	0.1996850222349167	0.6090255975723267	0.44121241569519043
925	0.005728351417928934	0.19950351119041443	0.6077814698219299	0.44116026163101196
926	0.00578363286331296	0.1994117945432663	0.6069848537445068	0.4407217800617218
927	0.005819675978273153	0.1997442990541458	0.6072658896446228	0.4400884807109833
928	0.005774251185357571	0.20016229152679443	0.6083061099052429	0.43948161602020264
929	0.005630678962916136	0.2005264163017273	0.6093131899833679	0.43922245502471924
930	0.0058241537772119045	0.20043694972991943	0.6093517541885376	0.4390755295753479
931	0.005754084326326847	0.1999802589416504	0.6091980934143066	0.4392569065093994
932	0.005744045600295067	0.19948990643024445	0.608975887298584	0.43999090790748596
933	0.005658244248479605	0.19921307265758514	0.6085078120231628	0.4408429265022278
934	0.005732712335884571	0.19950544834136963	0.6084690690040588	0.4410979151725769
935	0.005719172302633524	0.19962722063064575	0.6091738939285278	0.44118258357048035
936	0.005802643019706011	0.19964446127414703	0.6103584170341492	0.44143146276474
937	0.0056917909532785416	0.1996479034423828	0.6109466552734375	0.4415990114212036
938	0.00568677531555295	0.19933995604515076	0.610973060131073	0.44160571694374084
939	0.0057435110211372375	0.1989377737045288	0.6101716756820679	0.441649466753006
940	0.005819008219987154	0.19888195395469666	0.6096771359443665	0.441601425409317
941	0.005692394450306892	0.19930920004844666	0.6092276573181152	0.441132515668869
942	0.005576018244028091	0.19969360530376434	0.6088100671768188	0.4408482611179352
943	0.005685816984623671	0.1997860074043274	0.6091127395629883	0.44085806608200073
944	0.0056578293442726135	0.1995684653520584	0.609923243522644	0.44131404161453247
945	0.005759365390986204	0.1992165595293045	0.6098954081535339	0.44163891673088074
946	0.005682668182998896	0.1992110162973404	0.6101288199424744	0.44186288118362427
947	0.005639264825731516	0.19935652613639832	0.610317051410675	0.4421781003475189
948	0.005713386926800013	0.19958224892616272	0.6099593639373779	0.44238364696502686
949	0.005629449151456356	0.1996300369501114	0.6091563105583191	0.44253212213516235
950	0.005599681753665209	0.1992165446281433	0.6090791821479797	0.44285210967063904
951	0.005683720111846924	0.1990910768508911	0.6097883582115173	0.44293540716171265
952	0.005671898368746042	0.1989225447177887	0.6109976172447205	0.44271159172058105
953	0.005624774377793074	0.19873590767383575	0.6119856238365173	0.44203904271125793
954	0.005729413591325283	0.198660746216774	0.6125336289405823	0.44156786799430847
955	0.005630445200949907	0.19863924384117126	0.6124029755592346	0.4412475526332855
956	0.005649653263390064	0.19873343408107758	0.6115975379943848	0.4410845935344696
957	0.005717515479773283	0.1989143043756485	0.6098887920379639	0.4408968687057495
958	0.005609553307294846	0.19904516637325287	0.608257532119751	0.44058045744895935
959	0.005436564330011606	0.19917716085910797	0.6076957583427429	0.4399949908256531
960	0.005577063653618097	0.1992613673210144	0.6074562072753906	0.4389657974243164
961	0.0055001275613904	0.19951903820037842	0.6079565286636353	0.43838244676589966
962	0.005666632205247879	0.1997993439435959	0.6079338788986206	0.43813490867614746
963	0.005653149913996458	0.19967511296272278	0.6075217127799988	0.43847545981407166
964	0.005589706357568502	0.19951631128787994	0.6074965596199036	0.43923866748809814
965	0.00568379508331418	0.19916318356990814	0.6081770658493042	0.440341591835022
966	0.005480824504047632	0.1989966481924057	0.6091942191123962	0.4415082037448883
967	0.005588301923125982	0.19903002679347992	0.6107403039932251	0.4424172043800354
968	0.005452705547213554	0.1989416480064392	0.6123249530792236	0.442876935005188
969	0.005565772298723459	0.1984511762857437	0.6135777235031128	0.44337987899780273
970	0.005569077096879482	0.19789820909500122	0.614041805267334	0.44376420974731445
971	0.005660566966980696	0.1975572109222412	0.6135357022285461	0.44372886419296265
972	0.00551135977730155	0.1976700723171234	0.6125658750534058	0.44393932819366455
973	0.005511096678674221	0.19797861576080322	0.6119795441627502	0.4438920021057129
974	0.005475379526615143	0.1984080672264099	0.6117444634437561	0.4436323344707489
975	0.0054724314250051975	0.19903072714805603	0.6111978888511658	0.4433917701244354
976	0.005610260646790266	0.1992972493171692	0.6107267141342163	0.4429467022418976
977	0.005601017735898495	0.19949160516262054	0.6105599999427795	0.4427339732646942
978	0.0055941203609108925	0.19948670268058777	0.6104729771614075	0.4423897862434387
979	0.005570065230131149	0.1993294656276703	0.6111404299736023	0.4420703649520874
980	0.005501874722540379	0.19904692471027374	0.6120610237121582	0.44191017746925354
981	0.005383457988500595	0.19886186718940735	0.612645149230957	0.44187718629837036
982	0.0054721590131521225	0.1987869143486023	0.6129865646362305	0.44196605682373047
983	0.00561321759596467	0.19856268167495728	0.6123433113098145	0.4421994090080261
984	0.005659324117004871	0.19849805533885956	0.6109058260917664	0.4425920248031616
985	0.005595938302576542	0.1989143341779709	0.6098989248275757	0.4427121579647064
986	0.005472519900649786	0.19925877451896667	0.6098960638046265	0.4428754448890686
987	0.005527712404727936	0.19943520426750183	0.6107590794563293	0.44294217228889465
988	0.005459918640553951	0.19936442375183105	0.611746072769165	0.44264304637908936
989	0.005375270266085863	0.19899903237819672	0.612529993057251	0.4425922930240631
990	0.005492608528584242	0.19864657521247864	0.6131994724273682	0.4425293505191803
991	0.005445252638310194	0.19840386509895325	0.6134068965911865	0.44268202781677246
992	0.005440447945147753	0.19836868345737457	0.6133036017417908	0.44297724962234497
993	0.005483941175043583	0.1986413151025772	0.6128661632537842	0.44282084703445435
994	0.005500492174178362	0.19916269183158875	0.6126089096069336	0.442425400018692
995	0.005555922165513039	0.19943542778491974	0.6124809384346008	0.44234412908554077
996	0.0054323445074260235	0.19938254356384277	0.6116266250610352	0.44211912155151367
997	0.005376934539526701	0.199240580201149	0.6113876700401306	0.44204163551330566
998	0.0054265293292701244	0.199125275015831	0.6115575432777405	0.4418485462665558
999	0.005448136478662491	0.19892464578151703	0.6119983792304993	0.44225871562957764
1000	0.005397885572165251	0.19872577488422394	0.6123551726341248	0.44285744428634644
1001	0.005384697113186121	0.19858306646347046	0.6121019721031189	0.4433542788028717
1002	0.0053560989908874035	0.19892144203186035	0.6118125915527344	0.44312217831611633
1003	0.005440449342131615	0.19905540347099304	0.6118616461753845	0.4424564242362976
1004	0.005364656448364258	0.199015811085701	0.6114782094955444	0.4417770802974701
1005	0.0055121760815382	0.19913412630558014	0.6106503009796143	0.44112494587898254
1006	0.005421764217317104	0.19926024973392487	0.6095117926597595	0.44052454829216003
1007	0.0052873422391712666	0.19911566376686096	0.608561098575592	0.4403235912322998
1008	0.005410282872617245	0.19903042912483215	0.6083394885063171	0.4405207633972168
1009	0.0053933910094201565	0.19899412989616394	0.608811616897583	0.4406549334526062
1010	0.005381583236157894	0.1992006003856659	0.6092408299446106	0.44053465127944946
1011	0.005347477272152901	0.1993626207113266	0.609198808670044	0.44016820192337036
1012	0.0054697138257324696	0.19941624999046326	0.6094448566436768	0.4400955140590668
1013	0.005377680994570255	0.19948852062225342	0.6099661588668823	0.44029614329338074
1014	0.005450220312923193	0.19929614663124084	0.609914243221283	0.4404173493385315
1015	0.005410477984696627	0.19905124604701996	0.6098054647445679	0.44029417634010315
1016	0.0053770714439451694	0.19870339334011078	0.609824001789093	0.4402640163898468
1017	0.005406173877418041	0.19868606328964233	0.6105936169624329	0.44027262926101685
1018	0.005260443314909935	0.19890210032463074	0.611208438873291	0.44006678462028503
1019	0.005471262149512768	0.19923393428325653	0.611443281173706	0.4399794936180115
1020	0.005341415759176016	0.19963231682777405	0.6112899780273438	0.4399370849132538
1021	0.005322807002812624	0.19964897632598877	0.6105301380157471	0.43997490406036377
1022	0.0053796363063156605	0.19921518862247467	0.609767735004425	0.44014647603034973
1023	0.005349429324269295	0.19884824752807617	0.6098042130470276	0.4403209388256073
1024	0.00529624754562974	0.19846868515014648	0.6105012893676758	0.4403267204761505
1025	0.00529504893347621	0.19837641716003418	0.6112604141235352	0.4407444894313812
1026	0.005342929624021053	0.1984599083662033	0.6114333868026733	0.4409340023994446
1027	0.005430154036730528	0.19877395033836365	0.611274003982544	0.4411601126194
1028	0.005366379860788584	0.19917570054531097	0.6109977960586548	0.4413977861404419
1029	0.005405036266893148	0.19933730363845825	0.6108554601669312	0.44150400161743164
1030	0.005374324508011341	0.19947199523448944	0.6104748845100403	0.4412904381752014
1031	0.005158793181180954	0.19932961463928223	0.6108217835426331	0.4412333369255066
1032	0.005418763030320406	0.19912701845169067	0.6109535098075867	0.4413542151451111
1033	0.005187761504203081	0.19901606440544128	0.6104958057403564	0.4414365291595459
1034	0.00525476923212409	0.1990259289741516	0.609453558921814	0.4413067102432251
1035	0.005255131982266903	0.19914519786834717	0.6089630722999573	0.44125065207481384
1036	0.005240421276539564	0.199275940656662	0.6089525818824768	0.4411858320236206
1037	0.005147338379174471	0.1994531899690628	0.609679639339447	0.44145023822784424
1038	0.00523472111672163	0.19953225553035736	0.6111168265342712	0.4420478940010071
1039	0.005278144963085651	0.19918882846832275	0.612302839756012	0.4429307281970978
1040	0.005331946536898613	0.19862116873264313	0.6129705309867859	0.4440298080444336
1041	0.00513864029198885	0.19791322946548462	0.6128159761428833	0.44450515508651733
1042	0.005259555298835039	0.19745765626430511	0.6125801205635071	0.4446522295475006
1043	0.005301536060869694	0.19769957661628723	0.6129066944122314	0.4444129168987274
1044	0.005250002257525921	0.19829557836055756	0.6128970384597778	0.44396570324897766
1045	0.005226994398981333	0.1988822966814041	0.6123959422111511	0.4434172511100769
1046	0.0053305900655686855	0.1991058588027954	0.6116126775741577	0.44305047392845154
1047	0.005251423921436071	0.19897054135799408	0.6111478209495544	0.44258302450180054
1048	0.005269395653158426	0.19864967465400696	0.6107800006866455	0.4421161711215973
1049	0.005340768489986658	0.19836801290512085	0.6112724542617798	0.4415742754936218
1050	0.0052194492891430855	0.19834506511688232	0.6119257807731628	0.44096049666404724
1051	0.005295248702168465	0.19853253662586212	0.6119131445884705	0.4403799772262573
1052	0.005176706239581108	0.19888754189014435	0.6111557483673096	0.439793199300766
1053	0.005201575346291065	0.19896359741687775	0.6106078624725342	0.4395795166492462
1054	0.005280371755361557	0.19896043837070465	0.6104469299316406	0.43948009610176086
1055	0.005225638393312693	0.1988072246313095	0.6107714176177979	0.439357727766037
1056	0.005395575892180204	0.1987687647342682	0.6107935309410095	0.43964847922325134
1057	0.005152555648237467	0.19875428080558777	0.6104592680931091	0.4398791193962097
1058	0.005188473965972662	0.19856449961662292	0.6105629205703735	0.44015735387802124
1059	0.005265454761683941	0.19832052290439606	0.611221432685852	0.4403528869152069
1060	0.0052331420592963696	0.19818544387817383	0.6113809943199158	0.4401055574417114
1061	0.005202141124755144	0.19842030107975006	0.6112735867500305	0.4395693838596344
1062	0.005064542405307293	0.1987779140472412	0.6111708283424377	0.43910032510757446
1063	0.005234275944530964	0.19895385205745697	0.6101979613304138	0.43838533759117126
1064	0.005231570452451706	0.19901658594608307	0.6095876097679138	0.4381486177444458
1065	0.005067905411124229	0.19899426400661469	0.609092652797699	0.4380694031715393
1066	0.005113725550472736	0.19894865155220032	0.608307957649231	0.43794965744018555
1067	0.0051752859726548195	0.19919289648532867	0.6085485219955444	0.4378875494003296
1068	0.005199304316192865	0.1998165100812912	0.6091769337654114	0.4377071261405945
1069	0.005098746623843908	0.20027247071266174	0.6104150414466858	0.43774741888046265
1070	0.005244353786110878	0.20018020272254944	0.6113154888153076	0.4382675886154175
1071	0.005134207662194967	0.1998003125190735	0.6109157800674438	0.4387585520744324
1072	0.005146207753568888	0.19923260807991028	0.6102578639984131	0.4389309883117676
1073	0.0052562798373401165	0.19858600199222565	0.6110264658927917	0.4390769898891449
1074	0.005171858239918947	0.19857501983642578	0.61229407787323	0.4391250014305115
1075	0.005165900569409132	0.19907990097999573	0.6121004819869995	0.4390026926994324
1076	0.0051140268333256245	0.19936399161815643	0.6117039322853088	0.43911683559417725
1077	0.0051425751298666	0.19926750659942627	0.6114287376403809	0.43943530321121216
1078	0.005052406806498766	0.1993202120065689	0.6108750104904175	0.4394834339618683
1079	0.005217876750975847	0.19928529858589172	0.6104539036750793	0.43944409489631653
1080	0.005184261593967676	0.19936926662921906	0.6105106472969055	0.43904048204421997
1081	0.005151614546775818	0.19929282367229462	0.6101424694061279	0.4386541545391083
1082	0.005036760587245226	0.19892553985118866	0.6094827651977539	0.4384734630584717
1083	0.005155263468623161	0.19864225387573242	0.6089178323745728	0.4387580454349518
1084	0.005323310848325491	0.19855093955993652	0.6085295081138611	0.43916136026382446
1085	0.005096208304166794	0.19878311455249786	0.6084591150283813	0.43931880593299866
1086	0.005130377598106861	0.19924545288085938	0.6089402437210083	0.43948686122894287
1087	0.0050642481073737144	0.199674591422081	0.6100178956985474	0.4399578273296356
1088	0.005131163634359837	0.19989119470119476	0.6110948920249939	0.4403034448623657
1089	0.005117663182318211	0.19966085255146027	0.6113131046295166	0.4404297173023224
1090	0.005080389324575663	0.19929826259613037	0.6106254458427429	0.440471351146698
1091	0.005112823564559221	0.19896429777145386	0.6098716855049133	0.4405379295349121
1092	0.005174272693693638	0.198894202709198	0.6097050309181213	0.4401008188724518
1093	0.005067309830337763	0.19917133450508118	0.6100634336471558	0.4394919276237488
1094	0.005001385230571032	0.19955947995185852	0.6108133792877197	0.4390334188938141
1095	0.005146067123860121	0.19949324429035187	0.6115798950195312	0.43917062878608704
1096	0.004998321179300547	0.19924205541610718	0.6117427349090576	0.4396478831768036
1097	0.005032542161643505	0.1986934393644333	0.6116172671318054	0.44003573060035706
1098	0.005035380367189646	0.19832004606723785	0.6112546324729919	0.44018974900245667
1099	0.005039806943386793	0.19835515320301056	0.6104598045349121	0.43990710377693176
1100	0.0049226414412260056	0.19846509397029877	0.6097738146781921	0.43968895077705383
1101	0.0050754668191075325	0.19845536351203918	0.6090383529663086	0.43965914845466614
1102	0.00516057014465332	0.19863072037696838	0.6086252927780151	0.43964970111846924
1103	0.005044576246291399	0.19882525503635406	0.6087836623191833	0.4395652711391449
1104	0.0050285873003304005	0.19913265109062195	0.609561026096344	0.43936631083488464
1105	0.005017154850065708	0.19929270446300507	0.6102445721626282	0.43917515873908997
1106	0.005045479629188776	0.19942064583301544	0.6108027696609497	0.4392209053039551
1107	0.005090836901217699	0.19938477873802185	0.6109355688095093	0.439431369304657
1108	0.004974987357854843	0.19936057925224304	0.6109117269515991	0.439581036567688
1109	0.005078051704913378	0.1992352455854416	0.6106044054031372	0.4395633041858673
1110	0.005133498460054398	0.199236661195755	0.6104738116264343	0.43947505950927734
1111	0.004946740344166756	0.19945760071277618	0.610919177532196	0.4394875764846802
1112	0.005071139428764582	0.19957347214221954	0.6115790605545044	0.4394295811653137
1113	0.0049254256300628185	0.1994115710258484	0.6122613549232483	0.4394913911819458
1114	0.0050065526738762856	0.19918213784694672	0.6124150156974792	0.43966805934906006
1115	0.005015172529965639	0.19881023466587067	0.611943244934082	0.439683735370636
1116	0.0049408553168177605	0.19873234629631042	0.6112881898880005	0.43930384516716003
1117	0.005119525361806154	0.19885040819644928	0.6106723546981812	0.43874457478523254
1118	0.005009347107261419	0.19902919232845306	0.6100923418998718	0.43830573558807373
1119	0.004966773092746735	0.19921402633190155	0.6100999712944031	0.4384920001029968
1120	0.004898156505078077	0.19929105043411255	0.6099328398704529	0.4385632276535034
1121	0.005011558998376131	0.1988247185945511	0.6101981401443481	0.4389255940914154
1122	0.005015362985432148	0.19832730293273926	0.6105261445045471	0.4395305812358856
1123	0.004976397380232811	0.19806189835071564	0.610917866230011	0.4400767982006073
1124	0.005004763603210449	0.19839876890182495	0.6110554337501526	0.4399758279323578
1125	0.004867886193096638	0.19865839183330536	0.6105296015739441	0.4398638606071472
1126	0.005089531186968088	0.19875454902648926	0.6096952557563782	0.43956872820854187
1127	0.004869768396019936	0.19854159653186798	0.6094120740890503	0.4393194019794464
1128	0.005128786899149418	0.198487788438797	0.6096071004867554	0.4392448961734772
1129	0.004828155040740967	0.19835641980171204	0.6098787784576416	0.4391075074672699
1130	0.00497960951179266	0.19834475219249725	0.6105393171310425	0.43906450271606445
1131	0.004893690813332796	0.1987256407737732	0.6111398935317993	0.43876680731773376
1132	0.004927779082208872	0.1990853250026703	0.6111282110214233	0.43840739130973816
1133	0.004939597565680742	0.19931401312351227	0.6107063889503479	0.43828830122947693
1134	0.004964204505085945	0.19927231967449188	0.6099368333816528	0.4384428858757019
1135	0.005066880490630865	0.19928638637065887	0.6088657975196838	0.4384806156158447
1136	0.004975323099642992	0.19924454391002655	0.6084631085395813	0.4380992650985718
1137	0.004990554880350828	0.19940246641635895	0.6086283326148987	0.43767091631889343
1138	0.004924907814711332	0.19949863851070404	0.6091344952583313	0.4373667240142822
1139	0.004906821064651012	0.19934988021850586	0.6093534827232361	0.4370169937610626
1140	0.0049014948308467865	0.1990431845188141	0.609102189540863	0.4371069371700287
1141	0.004935473669320345	0.1987854391336441	0.6093242764472961	0.43771257996559143
1142	0.00491953594610095	0.19875898957252502	0.6094913482666016	0.4383333921432495
1143	0.004823083057999611	0.19875997304916382	0.6098397374153137	0.43881750106811523
1144	0.004925053101032972	0.19881513714790344	0.6107205748558044	0.4392651319503784
1145	0.004936231300234795	0.19872348010540009	0.6118886470794678	0.4396228492259979
1146	0.004839901812374592	0.19861626625061035	0.6128286123275757	0.4396144449710846
1147	0.004892053082585335	0.19838637113571167	0.612891674041748	0.4396592378616333
1148	0.005007861647754908	0.1982826441526413	0.6122891902923584	0.4398670792579651
1149	0.004810939077287912	0.19811895489692688	0.611600399017334	0.44035640358924866
1150	0.004886789247393608	0.19836236536502838	0.6110763549804688	0.4408738613128662
1151	0.0048438371159136295	0.19877667725086212	0.6110725998878479	0.4411950409412384
1152	0.004935107193887234	0.19903364777565002	0.6109543442726135	0.44106197357177734
1153	0.00487789511680603	0.19913585484027863	0.6109968423843384	0.4407315254211426
1154	0.004964310210198164	0.1988609880208969	0.6110422015190125	0.43998515605926514
1155	0.004840935580432415	0.19850948452949524	0.6114859580993652	0.4392232894897461
1156	0.0049000997096300125	0.1982390284538269	0.6117197871208191	0.43860799074172974
1157	0.004840202163904905	0.1980781853199005	0.6113178133964539	0.4381387233734131
1158	0.005050968378782272	0.19823305308818817	0.6098974943161011	0.4377090036869049
1159	0.004948086570948362	0.19850412011146545	0.6096919775009155	0.43747568130493164
1160	0.004886207636445761	0.19894254207611084	0.610056459903717	0.437473863363266
1161	0.004948446061462164	0.19907234609127045	0.6097999811172485	0.43769288063049316
1162	0.004926711320877075	0.19901947677135468	0.6101576685905457	0.4381054937839508
1163	0.004932948853820562	0.19875292479991913	0.6105858683586121	0.43868759274482727
1164	0.004837669897824526	0.19888611137866974	0.6113612055778503	0.43936651945114136
1165	0.00491794478148222	0.19889576733112335	0.6128073334693909	0.4401009976863861
1166	0.004893016070127487	0.19892027974128723	0.6138423681259155	0.4404878318309784
1167	0.004780994262546301	0.1989326775074005	0.6145667433738708	0.44046494364738464
1168	0.004973710514605045	0.19878517091274261	0.6139199137687683	0.4400714635848999
1169	0.004721981007605791	0.19841602444648743	0.6128291487693787	0.4393976330757141
1170	0.004921718966215849	0.19820071756839752	0.6116676926612854	0.43872904777526855
1171	0.00480305403470993	0.19819766283035278	0.610619068145752	0.43854254484176636
1172	0.004925568588078022	0.19822712242603302	0.6097452640533447	0.4386071264743805
1173	0.004769161343574524	0.19845961034297943	0.6098887324333191	0.4387514591217041
1174	0.00487634539604187	0.1985577791929245	0.6106797456741333	0.4389522075653076
1175	0.004820306785404682	0.19853730499744415	0.6118020415306091	0.4391712546348572
1176	0.004892392084002495	0.19847311079502106	0.6127699613571167	0.4393657147884369
1177	0.004879620857536793	0.19817404448986053	0.6132142543792725	0.43988513946533203
1178	0.0047859870828688145	0.19780609011650085	0.6134257912635803	0.4401646852493286
1179	0.004850853234529495	0.1974000483751297	0.6134675145149231	0.4404565691947937
1180	0.004956185817718506	0.19713905453681946	0.6138458847999573	0.44072389602661133
1181	0.0047546629793941975	0.19696758687496185	0.6140461564064026	0.4408268928527832
1182	0.004913134966045618	0.19702112674713135	0.6138427257537842	0.44082045555114746
1183	0.004832874517887831	0.19730503857135773	0.6135810017585754	0.4401854872703552
1184	0.004839942790567875	0.1976345181465149	0.6129667162895203	0.43947848677635193
1185	0.00476414430886507	0.1980176866054535	0.6116766929626465	0.4386216104030609
1186	0.004811912775039673	0.19840651750564575	0.6106948256492615	0.4376753568649292
1187	0.004834990948438644	0.19851334393024445	0.6106561422348022	0.4373944103717804
1188	0.004750052001327276	0.19842466711997986	0.6107481718063354	0.4371740520000458
1189	0.004894761368632317	0.19844304025173187	0.6111490726470947	0.4373525083065033
1190	0.004783800337463617	0.1986178457736969	0.6114388704299927	0.4375004172325134
1191	0.0048865629360079765	0.19868162274360657	0.6118679642677307	0.4376923441886902
1192	0.00481120590120554	0.19837337732315063	0.6119569540023804	0.437955379486084
1193	0.004836828447878361	0.1980757862329483	0.6119658946990967	0.43796175718307495
1194	0.004807011224329472	0.19780346751213074	0.6119890213012695	0.43798428773880005
1195	0.00484126340597868	0.19781756401062012	0.6116049885749817	0.43764999508857727
1196	0.004813859239220619	0.19820982217788696	0.6109611988067627	0.4372195899486542
1197	0.004788588732481003	0.1985052525997162	0.6107102632522583	0.43721550703048706
1198	0.0047837430611252785	0.1987438201904297	0.6105998754501343	0.4372974634170532
1199	0.004791908897459507	0.1986875683069229	0.611299455165863	0.4375913143157959
1200	0.004830061458051205	0.19848164916038513	0.6119943857192993	0.4380591809749603
1201	0.00474880775436759	0.19818086922168732	0.6125504374504089	0.43834131956100464
1202	0.004659867845475674	0.19796572625637054	0.6128594875335693	0.4384860098361969
1203	0.004835659172385931	0.19781555235385895	0.6131191849708557	0.4385829269886017
1204	0.004717112984508276	0.1977478414773941	0.6123155951499939	0.4387802481651306
1205	0.004841082729399204	0.19759441912174225	0.6117914915084839	0.43924984335899353
1206	0.004752019420266151	0.19747449457645416	0.6119433641433716	0.4399750828742981
1207	0.00472629489377141	0.1974191665649414	0.6121801733970642	0.4404812157154083
1208	0.0047177099622786045	0.19754959642887115	0.6126629114151001	0.4409083425998688
1209	0.004819314926862717	0.19764994084835052	0.6131055355072021	0.44122424721717834
1210	0.004821028560400009	0.19750435650348663	0.6135296821594238	0.4413178265094757
1211	0.004827354568988085	0.19722551107406616	0.6139891147613525	0.4410420358181
1212	0.004618808161467314	0.19706575572490692	0.6143612861633301	0.44085922837257385
1213	0.00475503783673048	0.1971137374639511	0.6143472790718079	0.44069308042526245
1214	0.00476668868213892	0.1972913295030594	0.6139342784881592	0.4408377408981323
1215	0.004820433910936117	0.19755735993385315	0.6132230162620544	0.44090211391448975
1216	0.004583507776260376	0.19798852503299713	0.6122943758964539	0.4407200813293457
1217	0.004660183563828468	0.19854465126991272	0.6113606095314026	0.4403100311756134
1218	0.004714785143733025	0.19876927137374878	0.6109824180603027	0.4399387240409851
1219	0.004572322126477957	0.19867278635501862	0.6111680269241333	0.4396185576915741
1220	0.004611849784851074	0.19839739799499512	0.6112346053123474	0.43922334909439087
1221	0.0048997001722455025	0.19793587923049927	0.6114868521690369	0.43931642174720764
1222	0.00457879388704896	0.19771967828273773	0.6114785075187683	0.4395638406276703
1223	0.004552539903670549	0.1978428214788437	0.6110934615135193	0.43948161602020264
1224	0.004670870490372181	0.19814015924930573	0.6106609106063843	0.43939730525016785
1225	0.004588366486132145	0.19816218316555023	0.6107015609741211	0.43915802240371704
1226	0.004710248205810785	0.19828490912914276	0.6113798022270203	0.43881645798683167
1227	0.00472862645983696	0.1980488896369934	0.6113216280937195	0.4383419156074524
1228	0.004847467411309481	0.19765877723693848	0.6111429333686829	0.43777361512184143
1229	0.004706018138676882	0.19729210436344147	0.6111434102058411	0.4377334713935852
1230	0.0048024291172623634	0.19704656302928925	0.6110813021659851	0.4377898573875427
1231	0.004738590680062771	0.19698908925056458	0.6111699342727661	0.438097208738327
1232	0.004731042310595512	0.19742976129055023	0.6109604835510254	0.438066691160202
1233	0.004716953262686729	0.19780825078487396	0.6111167669296265	0.4380590319633484
1234	0.004545791074633598	0.1982448250055313	0.6110155582427979	0.4382830262184143
1235	0.004596259910613298	0.1983734369277954	0.6108067035675049	0.4386543035507202
1236	0.004612459801137447	0.19830280542373657	0.6104119420051575	0.43890681862831116
1237	0.004604319576174021	0.198064923286438	0.6106157302856445	0.43890783190727234
1238	0.004576701670885086	0.19789476692676544	0.6118024587631226	0.43890199065208435
1239	0.004617410711944103	0.1976916640996933	0.6127858757972717	0.4388142228126526
1240	0.0046681291423738	0.19759400188922882	0.6134457588195801	0.4388265907764435
1241	0.0047323633916676044	0.19738267362117767	0.6133583188056946	0.4391069710254669
1242	0.004734971560537815	0.1973167359828949	0.6133682727813721	0.4394986033439636
1243	0.004779791459441185	0.19757512211799622	0.6133697032928467	0.4398873746395111
1244	0.004699277691543102	0.19787044823169708	0.6130660176277161	0.4400128424167633
1245	0.004771986976265907	0.19814223051071167	0.6128877401351929	0.43977129459381104
1246	0.004641522653400898	0.19835923612117767	0.6126528978347778	0.43934789299964905
1247	0.004577027168124914	0.19807571172714233	0.6120559573173523	0.4391978681087494
1248	0.004694835748523474	0.1974838525056839	0.6118307709693909	0.4390784502029419
1249	0.004675291012972593	0.19716180860996246	0.6121355891227722	0.4388009309768677
1250	0.004681828897446394	0.19702717661857605	0.6127403378486633	0.4389006793498993
1251	0.0044957539066672325	0.1971767544746399	0.6135979890823364	0.43872177600860596
1252	0.004686570260673761	0.19773666560649872	0.6130454540252686	0.43812963366508484
1253	0.004623656626790762	0.1984042078256607	0.6115939617156982	0.43731653690338135
1254	0.004479484632611275	0.19887125492095947	0.6101936101913452	0.43717026710510254
1255	0.004563371650874615	0.198947012424469	0.6092934608459473	0.4371974468231201
1256	0.004549239296466112	0.1986216902732849	0.609375	0.4374060332775116
1257	0.004571916069835424	0.19819992780685425	0.610532283782959	0.437776654958725
1258	0.0046489303931593895	0.19804061949253082	0.612040102481842	0.4379195272922516
1259	0.00459534116089344	0.19808609783649445	0.6132389903068542	0.43805018067359924
1260	0.00454721599817276	0.19832377135753632	0.6136036515235901	0.4380781948566437
1261	0.004617098718881607	0.19832539558410645	0.6126051545143127	0.43812060356140137
1262	0.0045829713344573975	0.19824163615703583	0.6114895343780518	0.4381541311740875
1263	0.004634887911379337	0.19828402996063232	0.6108524799346924	0.4379110336303711
1264	0.004587194416671991	0.1982622891664505	0.6114925146102905	0.43784189224243164
1265	0.004633653908967972	0.19841258227825165	0.612059473991394	0.4378296434879303
1266	0.004568796139210463	0.19851218163967133	0.6124109625816345	0.4377889633178711
1267	0.0046270983293652534	0.19826669991016388	0.6125957369804382	0.43815183639526367
1268	0.004568247590214014	0.1979447603225708	0.6129859089851379	0.4385809302330017
1269	0.004626425914466381	0.197833850979805	0.6128563284873962	0.4387873709201813
1270	0.004612486809492111	0.19782550632953644	0.6126444935798645	0.43868526816368103
1271	0.004670345224440098	0.19790901243686676	0.6126823425292969	0.4380241930484772
1272	0.00452249264344573	0.19786709547042847	0.6124184727668762	0.4371242821216583
1273	0.004533120896667242	0.19767846167087555	0.6123813390731812	0.43657559156417847
1274	0.004660153295844793	0.1973501294851303	0.6125625371932983	0.4368841052055359
1275	0.0045615690760314465	0.19726654887199402	0.6124048233032227	0.4373258948326111
1276	0.004615971818566322	0.19742721319198608	0.6118341088294983	0.43760165572166443
1277	0.004570295102894306	0.1975729614496231	0.6115121841430664	0.4376196265220642
1278	0.004609727766364813	0.19791199266910553	0.6119388341903687	0.43744370341300964
1279	0.0044943890534341335	0.19853569567203522	0.61176997423172	0.4368664622306824
1280	0.004596134647727013	0.1987716406583786	0.6114273071289062	0.4366583228111267
1281	0.004525115247815847	0.19827313721179962	0.6107944250106812	0.43673983216285706
1282	0.004460564814507961	0.19760951399803162	0.6099907755851746	0.43693050742149353
1283	0.004593153018504381	0.19706977903842926	0.6097056269645691	0.4373997151851654
1284	0.004534718580543995	0.19704419374465942	0.6103232502937317	0.43804001808166504
1285	0.0045909942127764225	0.197507843375206	0.611052930355072	0.43847551941871643
1286	0.004589121788740158	0.1979874223470688	0.6118515729904175	0.43899574875831604
1287	0.0045928689651191235	0.19815026223659515	0.6120526790618896	0.4393751323223114
1288	0.004617647267878056	0.19806216657161713	0.6116143465042114	0.4392082095146179
1289	0.004539088811725378	0.1978537142276764	0.6113457083702087	0.4390563368797302
1290	0.00451171537861228	0.19759953022003174	0.611425518989563	0.43846315145492554
1291	0.004567034542560577	0.1972638964653015	0.6112443804740906	0.43785417079925537
1292	0.0046676937490701675	0.19721901416778564	0.6112678050994873	0.43741875886917114
1293	0.004524745047092438	0.19736267626285553	0.6114372611045837	0.4372387230396271
1294	0.004506164696067572	0.19747965037822723	0.6115862131118774	0.4375500977039337
1295	0.004509499296545982	0.1978137344121933	0.6119003295898438	0.4382578432559967
1296	0.004597547929733992	0.19807115197181702	0.6120551228523254	0.43864965438842773
1297	0.004433692432940006	0.1980653703212738	0.6119499206542969	0.4389091432094574
1298	0.004507278557866812	0.1978408694267273	0.6114996671676636	0.43879783153533936
1299	0.004590986762195826	0.19766931235790253	0.6110467314720154	0.4383993148803711
1300	0.0045004128478467464	0.19754762947559357	0.6107621788978577	0.437860906124115
1301	0.004537974018603563	0.1974608451128006	0.6106246709823608	0.43730154633522034
1302	0.004520566202700138	0.19731596112251282	0.611100971698761	0.43708711862564087
1303	0.0045928251929581165	0.19722996652126312	0.6119636297225952	0.437175452709198
1304	0.004388239234685898	0.19733315706253052	0.6129135489463806	0.43736082315444946
1305	0.004499531351029873	0.1975870132446289	0.6137918829917908	0.4375250041484833
1306	0.004456880036741495	0.19768968224525452	0.6139650940895081	0.43726858496665955
1307	0.00447353208437562	0.19772452116012573	0.61357581615448	0.4367484450340271
1308	0.004400314297527075	0.19779138267040253	0.6121677160263062	0.4363061785697937
1309	0.0045926677994430065	0.19791434705257416	0.6108925938606262	0.43634742498397827
1310	0.004474001470953226	0.19819161295890808	0.6100353002548218	0.4365864396095276
1311	0.004568482283502817	0.19846832752227783	0.6101526618003845	0.43699637055397034
1312	0.004393955692648888	0.19857782125473022	0.6114821434020996	0.4373765289783478
1313	0.0045454734936356544	0.19839408993721008	0.612734854221344	0.43773049116134644
1314	0.004409412853419781	0.19793476164340973	0.6132899522781372	0.437877357006073
1315	0.00448495801538229	0.1972605586051941	0.6133669018745422	0.4377421438694
1316	0.004551299847662449	0.1969817578792572	0.6131126284599304	0.43778133392333984
1317	0.004438913427293301	0.1972964107990265	0.6125272512435913	0.43755805492401123
1318	0.004525600001215935	0.1978779435157776	0.6123602986335754	0.43707168102264404
1319	0.0044217538088560104	0.19845890998840332	0.6120559573173523	0.4366135895252228
1320	0.004550599027425051	0.19869421422481537	0.6118683815002441	0.436311274766922
1321	0.004417430143803358	0.19831529259681702	0.6119371056556702	0.4363492429256439
1322	0.004528524819761515	0.19753894209861755	0.6120440363883972	0.43646112084388733
1323	0.004427453503012657	0.19693663716316223	0.6125081777572632	0.43694695830345154
1324	0.004452483728528023	0.19674517214298248	0.6126298904418945	0.43740275502204895
1325	0.004482148680835962	0.1966540813446045	0.6122934818267822	0.4374888241291046
1326	0.0043856180272996426	0.19694025814533234	0.6123259663581848	0.4373038709163666
1327	0.004572028294205666	0.19738247990608215	0.6123226881027222	0.43680596351623535
1328	0.0044392687268555164	0.1977645605802536	0.6121661067008972	0.4365069270133972
1329	0.004518214147537947	0.19789725542068481	0.6115911602973938	0.43632668256759644
1330	0.004453913774341345	0.19772209227085114	0.6110906600952148	0.43611934781074524
1331	0.0043627480044960976	0.1975838840007782	0.6110147833824158	0.43648409843444824
1332	0.0044843642972409725	0.19774729013442993	0.6114708781242371	0.436897337436676
1333	0.004356106743216515	0.1979800909757614	0.6125401854515076	0.43703582882881165
1334	0.004452282562851906	0.19820837676525116	0.6129670143127441	0.43702033162117004
1335	0.004407836124300957	0.19831861555576324	0.6127275824546814	0.4367704689502716
1336	0.004519844427704811	0.19802628457546234	0.6127641797065735	0.43630707263946533
1337	0.004483062773942947	0.19770224392414093	0.61263507604599	0.43597137928009033
1338	0.004477545619010925	0.19732627272605896	0.61190265417099	0.4357592761516571
1339	0.004203294403851032	0.19713899493217468	0.6110060214996338	0.4356662333011627
1340	0.004423139151185751	0.19716671109199524	0.6103284358978271	0.43560725450515747
1341	0.0044430335983633995	0.19727197289466858	0.6103689074516296	0.43590787053108215
1342	0.004310695454478264	0.19774894416332245	0.6109195947647095	0.43589192628860474
1343	0.004423392936587334	0.19801321625709534	0.6111714839935303	0.43565577268600464
1344	0.004434532020241022	0.19806008040905	0.6109270453453064	0.4356963634490967
1345	0.004427731037139893	0.19798322021961212	0.611086368560791	0.4356202781200409
1346	0.004499407485127449	0.19794750213623047	0.6111569404602051	0.4356074631214142
1347	0.004446579609066248	0.19804030656814575	0.6108463406562805	0.4354846477508545
1348	0.004456047434359789	0.19813166558742523	0.6109069585800171	0.4357417821884155
1349	0.004422642290592194	0.19818221032619476	0.6107839345932007	0.4360206127166748
1350	0.004360106308013201	0.19795343279838562	0.6109463572502136	0.4364508092403412
1351	0.004297297913581133	0.19748157262802124	0.6122685670852661	0.43711191415786743
1352	0.0044119651429355145	0.19702750444412231	0.6135292053222656	0.4376503527164459
1353	0.004426577594131231	0.1969403624534607	0.614447832107544	0.4375569224357605
1354	0.00439474917948246	0.19694021344184875	0.615004301071167	0.4374340772628784
1355	0.00446834834292531	0.19713592529296875	0.6148701310157776	0.4370971620082855
1356	0.004389085806906223	0.19714146852493286	0.613733172416687	0.43690264225006104
1357	0.0044097877107560635	0.1970544457435608	0.6123702526092529	0.43695566058158875
1358	0.004323745146393776	0.1969267725944519	0.6112053990364075	0.4371449947357178
1359	0.004406072199344635	0.19699855148792267	0.611115038394928	0.43765512108802795
1360	0.004522696603089571	0.19705830514431	0.6121074557304382	0.438012957572937
1361	0.004268322605639696	0.1971919983625412	0.6129225492477417	0.437801331281662
1362	0.004477976355701685	0.1972643882036209	0.61351078748703	0.4374079406261444
1363	0.004325052257627249	0.1973668336868286	0.6131442785263062	0.43679243326187134
1364	0.004425385035574436	0.19739623367786407	0.6123288869857788	0.4365478456020355
1365	0.004358722362667322	0.19723312556743622	0.6108695864677429	0.43656355142593384
1366	0.004482635296881199	0.19723273813724518	0.6103952527046204	0.436550110578537
1367	0.004374635871499777	0.19731111824512482	0.610736608505249	0.4366639256477356
1368	0.004255298990756273	0.1975668966770172	0.6111758351325989	0.4367556571960449
1369	0.004286705981940031	0.19762808084487915	0.611266016960144	0.4370303452014923
1370	0.004365992732346058	0.19733068346977234	0.6118341088294983	0.43755480647087097
1371	0.004341043531894684	0.19707857072353363	0.6127504706382751	0.4378156363964081
1372	0.004478634800761938	0.1967153698205948	0.6136677265167236	0.4377264976501465
1373	0.004376951605081558	0.19662491977214813	0.6142772436141968	0.43759894371032715
1374	0.004237305372953415	0.19684459269046783	0.614510715007782	0.4371544420719147
1375	0.004317317623645067	0.19706542789936066	0.6144312024116516	0.4368252754211426
1376	0.004241917748004198	0.19713576138019562	0.6137401461601257	0.4366096258163452
1377	0.004333594813942909	0.19725975394248962	0.6121746897697449	0.43620824813842773
1378	0.004344495013356209	0.1974237710237503	0.6113573312759399	0.4357236325740814
1379	0.0043864259496331215	0.19749391078948975	0.6117405891418457	0.43511107563972473
1380	0.004330353811383247	0.1975369155406952	0.6120873689651489	0.43471768498420715
1381	0.004304488655179739	0.1975540816783905	0.6118611693382263	0.43466413021087646
1382	0.004379394464194775	0.19739234447479248	0.6118538975715637	0.43496477603912354
1383	0.0043296804651618	0.19720646739006042	0.6118218302726746	0.4353601634502411
1384	0.004293845500797033	0.1971093863248825	0.6119834780693054	0.43588805198669434
1385	0.004312839824706316	0.19720406830310822	0.6122186183929443	0.4360007643699646
1386	0.004229831509292126	0.1971604973077774	0.6125810742378235	0.43594586849212646
1387	0.004264473915100098	0.19711177051067352	0.612701952457428	0.4358867108821869
1388	0.004282395821064711	0.19720420241355896	0.6123581528663635	0.43584388494491577
1389	0.004247784614562988	0.19718806445598602	0.6118431687355042	0.4358861446380615
1390	0.004235467873513699	0.19732950627803802	0.6112600564956665	0.43613991141319275
1391	0.004300331696867943	0.19754348695278168	0.6107202172279358	0.43664994835853577
1392	0.00421362929046154	0.19782492518424988	0.6106933951377869	0.4368205964565277
1393	0.004328309092670679	0.19807595014572144	0.6113494038581848	0.43690812587738037
1394	0.004355308599770069	0.19797839224338531	0.6118836402893066	0.4368441104888916
1395	0.004188951104879379	0.19776619970798492	0.6121580004692078	0.43647828698158264
1396	0.004226286895573139	0.19754430651664734	0.612321674823761	0.43599361181259155
1397	0.00429882574826479	0.19717542827129364	0.6123879551887512	0.43590906262397766
1398	0.004213105887174606	0.19702093303203583	0.6120425462722778	0.4360319972038269
1399	0.004247360397130251	0.19709084928035736	0.6107304096221924	0.4358067512512207
1400	0.004265384282916784	0.19743864238262177	0.6101115942001343	0.4354073107242584
1401	0.004288580734282732	0.19782431423664093	0.6105705499649048	0.43521758913993835
1402	0.004259457346051931	0.19805538654327393	0.6110659241676331	0.43513938784599304
1403	0.004280972760170698	0.19788183271884918	0.611453115940094	0.4353102147579193
1404	0.004315887577831745	0.19770754873752594	0.6115469932556152	0.4352882504463196
1405	0.004220179747790098	0.1975659281015396	0.6110259890556335	0.4352242052555084
1406	0.004208751022815704	0.19774937629699707	0.6103336215019226	0.43498170375823975
1407	0.004280413966625929	0.19803212583065033	0.6099421381950378	0.43468326330184937
1408	0.004245166201144457	0.19827833771705627	0.609723687171936	0.4346507787704468
1409	0.0042692809365689754	0.19821292161941528	0.6101146936416626	0.4350773096084595
1410	0.004297521896660328	0.19788219034671783	0.6105778217315674	0.43582120537757874
1411	0.004191730171442032	0.19744573533535004	0.6117915511131287	0.4368027448654175
1412	0.004303456749767065	0.19695967435836792	0.6128242611885071	0.43758469820022583
1413	0.00425519235432148	0.19662639498710632	0.6135916709899902	0.4383133053779602
1414	0.004214772023260593	0.19652533531188965	0.6138675212860107	0.43882134556770325
1415	0.0042045144364237785	0.1966208517551422	0.6133339405059814	0.4388938844203949
1416	0.00426900340244174	0.19686362147331238	0.6126036047935486	0.4384964108467102
1417	0.004256011452525854	0.19720907509326935	0.6116725206375122	0.43797969818115234
1418	0.004326398950070143	0.19762937724590302	0.6103074550628662	0.4371110796928406
1419	0.004293646197766066	0.19814613461494446	0.6099406480789185	0.43653732538223267
1420	0.004194148350507021	0.19835041463375092	0.6100864410400391	0.4364200830459595
1421	0.004225902259349823	0.19826726615428925	0.6110097765922546	0.4367648661136627
1422	0.004194302950054407	0.1977577805519104	0.612458348274231	0.43720680475234985
1423	0.004321266897022724	0.19719789922237396	0.6137397289276123	0.4377705156803131
1424	0.0041742585599422455	0.19677497446537018	0.6140699982643127	0.4379250407218933
1425	0.004259312991052866	0.1966782510280609	0.6133439540863037	0.43799424171447754
1426	0.0042777047492563725	0.1969759166240692	0.6119781732559204	0.43754643201828003
1427	0.004250308033078909	0.19735661149024963	0.6107620596885681	0.4372555613517761
1428	0.004103292711079121	0.19767522811889648	0.6100489497184753	0.4371353089809418
1429	0.0040469118393957615	0.19781242311000824	0.6097362637519836	0.4370843768119812
1430	0.004215709865093231	0.1976606696844101	0.6102672815322876	0.43694695830345154
1431	0.004228576552122831	0.197372704744339	0.6117005348205566	0.4372713565826416
1432	0.004202492069453001	0.1970822662115097	0.613265872001648	0.43763643503189087
1433	0.004213244188576937	0.1969713270664215	0.6142206192016602	0.4376230835914612
1434	0.004270681645721197	0.19683168828487396	0.6142148971557617	0.43749043345451355
1435	0.004288224503397942	0.19688153266906738	0.6135038137435913	0.4372265636920929
1436	0.0042162067256867886	0.19705021381378174	0.6120097041130066	0.4368784427642822
1437	0.004230921156704426	0.19724878668785095	0.6109008193016052	0.436739981174469
1438	0.004164692014455795	0.19739796221256256	0.6107327938079834	0.43718400597572327
1439	0.004244097042828798	0.19755060970783234	0.6109349131584167	0.4376959204673767
1440	0.004157159477472305	0.19763922691345215	0.6113502383232117	0.43778476119041443
1441	0.004150581080466509	0.1974090337753296	0.6123960614204407	0.43787041306495667
1442	0.004149467218667269	0.1973160356283188	0.6127550601959229	0.4376312792301178
1443	0.004221081733703613	0.19718044996261597	0.6123105883598328	0.4373118579387665
1444	0.004254045896232128	0.19691884517669678	0.611870288848877	0.43698471784591675
1445	0.004184097982943058	0.19676290452480316	0.6113706827163696	0.43676650524139404
1446	0.0041151875630021095	0.1966114491224289	0.611315906047821	0.4366147816181183
1447	0.004285019356757402	0.1966019868850708	0.6119795441627502	0.4366772472858429
1448	0.004168900195509195	0.19664843380451202	0.6129409670829773	0.4370546042919159
1449	0.004074940923601389	0.19672684371471405	0.6134539842605591	0.4371068775653839
1450	0.004124099388718605	0.19680042564868927	0.6134095788002014	0.4370841383934021
1451	0.004058344289660454	0.1969749629497528	0.6128820776939392	0.4367859959602356
1452	0.004213522654026747	0.1972333788871765	0.6116966009140015	0.4363551139831543
1453	0.004101253580302	0.19754624366760254	0.6108821034431458	0.43592962622642517
1454	0.00408449349924922	0.1977282464504242	0.610200047492981	0.435712605714798
1455	0.004216087982058525	0.19784176349639893	0.6099485754966736	0.4358939528465271
1456	0.004183618817478418	0.1978149712085724	0.6100420951843262	0.43604978919029236
1457	0.004098731093108654	0.19752679765224457	0.6113904714584351	0.4363199770450592
1458	0.004276959225535393	0.19728487730026245	0.6132338047027588	0.4364573061466217
1459	0.00409671338275075	0.1969611942768097	0.6146972179412842	0.4363875091075897
1460	0.004243168048560619	0.1967366486787796	0.6154370307922363	0.4362356662750244
1461	0.004188037011772394	0.1966714859008789	0.6152405738830566	0.4362269937992096
1462	0.004158919211477041	0.1965634971857071	0.6136506795883179	0.43619462847709656
1463	0.004211451392620802	0.19666942954063416	0.6113438606262207	0.43615731596946716
1464	0.004093732684850693	0.1968740075826645	0.6096376776695251	0.4361678957939148
1465	0.004047535825520754	0.19703680276870728	0.6090945601463318	0.43626388907432556
1466	0.004074438940733671	0.1971694678068161	0.6100302338600159	0.4364466965198517
1467	0.004121377598494291	0.19744862616062164	0.611699104309082	0.4364946186542511
1468	0.00413797190412879	0.19742929935455322	0.6133831143379211	0.43662089109420776
1469	0.004211671184748411	0.19734765589237213	0.6146124005317688	0.4371105432510376
1470	0.004136240109801292	0.19705182313919067	0.6147328019142151	0.437551349401474
1471	0.004232608713209629	0.1968752145767212	0.6136971712112427	0.4374275505542755
1472	0.004154445603489876	0.1966392695903778	0.6128033399581909	0.4370982050895691
1473	0.004209108185023069	0.19653286039829254	0.6120968461036682	0.43684208393096924
1474	0.004102090839296579	0.1965014934539795	0.6115866303443909	0.43656647205352783
1475	0.004033951088786125	0.19630910456180573	0.6112646460533142	0.43646010756492615
1476	0.004179858136922121	0.1961914747953415	0.6116141676902771	0.43663719296455383
1477	0.004040070343762636	0.1962883174419403	0.6123995184898376	0.4369770288467407
1478	0.004139886237680912	0.1966145783662796	0.6131291389465332	0.43713685870170593
1479	0.004159150645136833	0.1968202143907547	0.6133762001991272	0.4370940625667572
1480	0.004046556074172258	0.19695021212100983	0.6131952404975891	0.43700242042541504
1481	0.004036996513605118	0.19691413640975952	0.6128042936325073	0.43687090277671814
1482	0.0041063036769628525	0.19673070311546326	0.6127558350563049	0.43659377098083496
1483	0.004108746536076069	0.19646580517292023	0.6128497123718262	0.43646159768104553
1484	0.0040712980553507805	0.19641436636447906	0.6131241321563721	0.43616241216659546
1485	0.0040270439349114895	0.19640208780765533	0.6133533120155334	0.436097115278244
1486	0.004113795235753059	0.19663602113723755	0.613207221031189	0.4360407292842865
1487	0.0041030533611774445	0.1969016045331955	0.6127312779426575	0.43614837527275085
1488	0.00408460246399045	0.1969902217388153	0.6120411157608032	0.4365841746330261
1489	0.004028236959129572	0.196910560131073	0.611626386642456	0.43701136112213135
1490	0.004124809522181749	0.19679735600948334	0.6122362017631531	0.43746325373649597
1491	0.00416227662935853	0.1965586245059967	0.6132469773292542	0.4380469024181366
1492	0.004023358691483736	0.19626812636852264	0.6150970458984375	0.4385523498058319
1493	0.004136066418141127	0.1959371715784073	0.6164473295211792	0.4389258921146393
1494	0.004181426018476486	0.1959308385848999	0.6167061924934387	0.4390890300273895
1495	0.004101648926734924	0.1960131824016571	0.6159328818321228	0.43898850679397583
1496	0.004063858184963465	0.19619588553905487	0.6147775650024414	0.43875330686569214
1497	0.004191213753074408	0.19653232395648956	0.6135996580123901	0.4382880926132202
1498	0.004103654529899359	0.19696088135242462	0.6130247712135315	0.43758031725883484
1499	0.00410904735326767	0.1972472369670868	0.6127280592918396	0.4368969202041626
1500	0.004050347954034805	0.19724945724010468	0.6122906804084778	0.4365452229976654
1501	0.004168523009866476	0.19699668884277344	0.6121259927749634	0.4365018606185913
1502	0.004128428176045418	0.1966293454170227	0.6121701002120972	0.4366356432437897
1503	0.004099785350263119	0.19632866978645325	0.6121512055397034	0.4366495609283447
1504	0.004072087351232767	0.19618716835975647	0.6121522188186646	0.43682485818862915
1505	0.004091956652700901	0.19613775610923767	0.6122340559959412	0.43702468276023865
1506	0.004083496984094381	0.19616864621639252	0.6126255393028259	0.437345415353775
1507	0.004023528657853603	0.1962304562330246	0.6132306456565857	0.4375269114971161
1508	0.004072844982147217	0.19633916020393372	0.6137918829917908	0.43778014183044434
1509	0.0039989943616092205	0.19628600776195526	0.6141531467437744	0.4380418658256531
1510	0.0041597867384552956	0.19624465703964233	0.6143856048583984	0.4382372200489044
1511	0.0041114771738648415	0.19613449275493622	0.6142338514328003	0.4383116364479065
1512	0.004192690830677748	0.19603721797466278	0.6139948964118958	0.43853259086608887
1513	0.003993275109678507	0.19597285985946655	0.6136006116867065	0.4387199282646179
1514	0.004016035236418247	0.1959168016910553	0.6130695939064026	0.4387694001197815
1515	0.003906841855496168	0.1959436982870102	0.6125895380973816	0.43881863355636597
1516	0.004093474242836237	0.19605115056037903	0.6124251484870911	0.43879860639572144
1517	0.004038558341562748	0.1962665319442749	0.6123397350311279	0.4387238621711731
1518	0.004075655248016119	0.19655300676822662	0.6125915050506592	0.4386970102787018
1519	0.00398206664249301	0.196897953748703	0.6128925085067749	0.4385651648044586
1520	0.004057960119098425	0.1970573365688324	0.6134425401687622	0.4385468363761902
1521	0.00408302154392004	0.1970571130514145	0.6137351989746094	0.4384986460208893
1522	0.004057175945490599	0.19691185653209686	0.6134914755821228	0.4382781684398651
1523	0.0040253992192447186	0.196687251329422	0.6132485270500183	0.43803298473358154
1524	0.004043757449835539	0.1965399831533432	0.6131954193115234	0.4377831220626831
1525	0.004057500511407852	0.19646283984184265	0.6132429838180542	0.4375018775463104
1526	0.004049832001328468	0.19644682109355927	0.6132730841636658	0.43736380338668823
1527	0.004014538135379553	0.19642841815948486	0.6132266521453857	0.4372654855251312
1528	0.00410812720656395	0.19659550487995148	0.6131611466407776	0.43715810775756836
1529	0.004092127084732056	0.1967763900756836	0.6130321621894836	0.43706467747688293
1530	0.003976555075496435	0.1968723088502884	0.6129851341247559	0.4370212256908417
1531	0.003967557568103075	0.19688010215759277	0.6129260063171387	0.43712738156318665
1532	0.0040929182432591915	0.19679376482963562	0.6128515005111694	0.4373234510421753
1533	0.004010057542473078	0.19669866561889648	0.612838089466095	0.43737539649009705
1534	0.00394907221198082	0.19657538831233978	0.6129025816917419	0.43729186058044434
1535	0.004040539730340242	0.19653081893920898	0.612765908241272	0.4370478689670563
1536	0.003998774569481611	0.19647344946861267	0.6129754185676575	0.43683499097824097
1537	0.004006920848041773	0.1965012550354004	0.6130748391151428	0.4365423619747162
1538	0.004018406383693218	0.1965637058019638	0.6133207082748413	0.4364551603794098
1539	0.003917113412171602	0.19661356508731842	0.6132290959358215	0.43637049198150635
1540	0.003933049738407135	0.1967121660709381	0.6128242015838623	0.4361872971057892
1541	0.004059420432895422	0.19683587551116943	0.6124382019042969	0.4361748993396759
1542	0.003951712045818567	0.19687871634960175	0.6121628880500793	0.43643346428871155
1543	0.003968057222664356	0.19678938388824463	0.6120694875717163	0.43673405051231384
1544	0.003987404052168131	0.19661955535411835	0.6121311783790588	0.4371487498283386
1545	0.004000695887953043	0.19643104076385498	0.612292468547821	0.4375283718109131
1546	0.004001978784799576	0.19621016085147858	0.6126365661621094	0.43782633543014526
1547	0.004059712868183851	0.19603820145130157	0.6129632592201233	0.43798336386680603
1548	0.0040878779254853725	0.1959388256072998	0.6133092045783997	0.43792471289634705
1549	0.003918544854968786	0.19596245884895325	0.6137810945510864	0.43773171305656433
1550	0.00403548963367939	0.1961306631565094	0.6142647862434387	0.4374563992023468
1551	0.003946208860725164	0.19636167585849762	0.614531934261322	0.437067449092865
1552	0.004080259706825018	0.19656504690647125	0.6145276427268982	0.4368327558040619
1553	0.004026142414659262	0.1966751664876938	0.6141536831855774	0.43669214844703674
1554	0.003977574873715639	0.19669555127620697	0.6135894656181335	0.43648815155029297
1555	0.00406733388081193	0.19670750200748444	0.6129670143127441	0.43635815382003784
1556	0.003999126609414816	0.19668814539909363	0.6122414469718933	0.4361570179462433
1557	0.004064464010298252	0.1967022866010666	0.6116794347763062	0.4360889792442322
1558	0.003996365703642368	0.19667908549308777	0.6111649870872498	0.43598589301109314
1559	0.003936832305043936	0.1966569423675537	0.6109304428100586	0.43585342168807983
1560	0.003953841980546713	0.19667869806289673	0.6110308170318604	0.43571653962135315
1561	0.004012433346360922	0.19664756953716278	0.6112903356552124	0.43567025661468506
1562	0.004031636286526918	0.19657710194587708	0.6116310954093933	0.4356611669063568
1563	0.003986739553511143	0.1965550035238266	0.6118054389953613	0.4353967607021332
1564	0.003996904473751783	0.19649319350719452	0.612236499786377	0.4353253245353699
1565	0.003986029885709286	0.19640998542308807	0.6124008893966675	0.43538573384284973
1566	0.003935137297958136	0.19631759822368622	0.6124745607376099	0.43551188707351685
1567	0.00398624874651432	0.1963505893945694	0.6125462055206299	0.43582338094711304
1568	0.003943419549614191	0.19646604359149933	0.612675666809082	0.4361041784286499
1569	0.004038607701659203	0.19669915735721588	0.61273193359375	0.43629682064056396
1570	0.003914850298315287	0.19686082005500793	0.6127179265022278	0.436506986618042
1571	0.003931299317628145	0.1970060020685196	0.6126167178153992	0.43663784861564636
1572	0.004009920638054609	0.19699858129024506	0.612333357334137	0.43659624457359314
1573	0.0039030052721500397	0.1968632936477661	0.6123371720314026	0.4365716278553009
1574	0.004014421254396439	0.19674286246299744	0.6124845743179321	0.43646231293678284
1575	0.003994854167103767	0.1966952681541443	0.6125302314758301	0.43627071380615234
1576	0.003995201084762812	0.196725532412529	0.6124593615531921	0.4359874129295349
1577	0.0039619505405426025	0.19674907624721527	0.6122240424156189	0.4355970025062561
1578	0.00401549506932497	0.19678403437137604	0.6120007634162903	0.4351557791233063
1579	0.0038891066797077656	0.1968575417995453	0.6118572354316711	0.4347950518131256
1580	0.003901521908119321	0.1970091164112091	0.6115553379058838	0.43446919322013855
1581	0.003973999060690403	0.1971409171819687	0.6109308004379272	0.43413496017456055
1582	0.003920445684343576	0.19714438915252686	0.6104315519332886	0.4340563416481018
1583	0.003983613103628159	0.19711127877235413	0.6100009679794312	0.4340776801109314
1584	0.004003099165856838	0.1969430297613144	0.6099522113800049	0.43439820408821106
1585	0.004035290330648422	0.19685932993888855	0.6101688146591187	0.43480226397514343
1586	0.003985770512372255	0.19686736166477203	0.6104896664619446	0.4351692497730255
1587	0.003947874531149864	0.19680199027061462	0.6108404397964478	0.4353431761264801
1588	0.004057588055729866	0.196788489818573	0.611270010471344	0.43550071120262146
1589	0.003966584801673889	0.19671276211738586	0.6119734048843384	0.4358235001564026
1590	0.003974174149334431	0.1966467797756195	0.6125860810279846	0.43596744537353516
1591	0.0040390933863818645	0.1965738832950592	0.6132197976112366	0.4361940920352936
1592	0.00400637136772275	0.19653719663619995	0.613676130771637	0.43646031618118286
1593	0.003986670169979334	0.19647018611431122	0.6138689517974854	0.4366016089916229
1594	0.004015485290437937	0.19639921188354492	0.6137968301773071	0.43661922216415405
1595	0.003905161516740918	0.19638271629810333	0.6134883761405945	0.4365280866622925
1596	0.003925681579858065	0.1964489221572876	0.6131862998008728	0.4362732768058777
1597	0.0040422473102808	0.19646114110946655	0.6126547455787659	0.43591317534446716
1598	0.0038848924450576305	0.19652262330055237	0.6120979189872742	0.43564319610595703
1599	0.003897898131981492	0.1965932697057724	0.611782431602478	0.43546468019485474
1600	0.003974416758865118	0.19669201970100403	0.6115667223930359	0.4353277385234833
1601	0.004009175579994917	0.19679872691631317	0.6112922430038452	0.43518930673599243
1602	0.003922041971236467	0.19678717851638794	0.6114420294761658	0.43519243597984314
1603	0.003985526505857706	0.19668054580688477	0.6117014288902283	0.43535369634628296
1604	0.003860019613057375	0.1965830773115158	0.6118273138999939	0.4353923201560974
1605	0.003969239071011543	0.19651328027248383	0.6120215058326721	0.43539154529571533
1606	0.003972127102315426	0.19650724530220032	0.6121445894241333	0.4352473318576813
1607	0.003870359156280756	0.1964574158191681	0.6122866868972778	0.43517836928367615
1608	0.004073815420269966	0.19633705914020538	0.6125660538673401	0.43519729375839233
1609	0.003951057326048613	0.19631005823612213	0.6125354170799255	0.4351029396057129
1610	0.0039113182574510574	0.19626981019973755	0.6124573349952698	0.4349789619445801
1611	0.003998938482254744	0.19629058241844177	0.6123563647270203	0.434939980506897
1612	0.00406814506277442	0.1963159292936325	0.6123447418212891	0.4349345862865448
1613	0.0039371345192193985	0.1964648962020874	0.6125044822692871	0.43498989939689636
1614	0.003919831942766905	0.1967225968837738	0.6125948429107666	0.43494778871536255
1615	0.0040247561410069466	0.19688929617404938	0.6127164363861084	0.4348928928375244
1616	0.0038773249834775925	0.19701968133449554	0.6126874685287476	0.43488219380378723
1617	0.0038914321921765804	0.19713860750198364	0.6125072240829468	0.4349108934402466
1618	0.003936328925192356	0.19713981449604034	0.6120285391807556	0.43487879633903503
1619	0.003988260868936777	0.1970771700143814	0.6115155220031738	0.43486061692237854
1620	0.0038786183577030897	0.197032168507576	0.6111005544662476	0.43473294377326965
1621	0.004065609071403742	0.19704066216945648	0.610889196395874	0.43444669246673584
1622	0.003936152905225754	0.19709378480911255	0.6108392477035522	0.4342266619205475
1623	0.0038489922881126404	0.1971447467803955	0.6106539964675903	0.434022456407547
1624	0.003909477964043617	0.197031170129776	0.6108806133270264	0.43408310413360596
1625	0.003980818670243025	0.19696395099163055	0.6113044023513794	0.43437424302101135
1626	0.003850017674267292	0.19689014554023743	0.6117678284645081	0.4346063733100891
1627	0.0039899409748613834	0.19676946103572845	0.6121878623962402	0.4347906708717346
1628	0.00384516385383904	0.1966622918844223	0.6125459671020508	0.43487298488616943
1629	0.003965288866311312	0.19652147591114044	0.6129964590072632	0.435137003660202
1630	0.0038899891078472137	0.19652782380580902	0.6132320165634155	0.43531128764152527
1631	0.003925477620214224	0.19659779965877533	0.6131302714347839	0.4354521930217743
1632	0.003977681044489145	0.1967136114835739	0.6126607656478882	0.4354436695575714
1633	0.003936103545129299	0.1967570036649704	0.6120182275772095	0.43540796637535095
1634	0.003917072433978319	0.19683796167373657	0.6113508939743042	0.4353073239326477
1635	0.0039000501856207848	0.19689762592315674	0.6110146641731262	0.43528854846954346
1636	0.00395097304135561	0.1969294548034668	0.61106276512146	0.43545347452163696
1637	0.003925886005163193	0.19678953289985657	0.6114275455474854	0.43575519323349
1638	0.003993902821093798	0.19662052392959595	0.6117020845413208	0.4360567033290863
1639	0.0039013309869915247	0.19647857546806335	0.6122244596481323	0.43640443682670593
1640	0.0039093405939638615	0.19639383256435394	0.6130151152610779	0.4367418885231018
1641	0.003921222407370806	0.1963602751493454	0.6138113737106323	0.43687790632247925
1642	0.003908962476998568	0.19642728567123413	0.614547610282898	0.43688783049583435
1643	0.003913005348294973	0.1965334713459015	0.6148569583892822	0.4367992579936981
1644	0.003857805859297514	0.19658616185188293	0.6148682832717896	0.436714231967926
1645	0.00395888602361083	0.196517676115036	0.614533007144928	0.43670162558555603
1646	0.003935275133699179	0.19641433656215668	0.6138830184936523	0.43674978613853455
1647	0.004011425189673901	0.1963697373867035	0.6129873394966125	0.4367004334926605
1648	0.003889259649440646	0.19640304148197174	0.6123974919319153	0.4365881383419037
1649	0.0038730930536985397	0.19654102623462677	0.6121986508369446	0.43644458055496216
1650	0.00391777791082859	0.19658894836902618	0.6123014688491821	0.4362853765487671
1651	0.003929940517991781	0.1965949982404709	0.6127206683158875	0.4362373650074005
1652	0.003901441115885973	0.19659650325775146	0.61307293176651	0.4362100064754486
1653	0.0039055647794157267	0.19656066596508026	0.6131985187530518	0.4362117052078247
1654	0.0038719952572137117	0.1964336484670639	0.6131439208984375	0.436199426651001
1655	0.003916967194527388	0.196341410279274	0.6129565834999084	0.4361688494682312
1656	0.0038967165164649487	0.19627542793750763	0.6129456758499146	0.43610870838165283
1657	0.0038360082544386387	0.19632111489772797	0.6130679249763489	0.4361167848110199
1658	0.003996636252850294	0.19643113017082214	0.6131284832954407	0.4360426962375641
1659	0.0038092469330877066	0.19657641649246216	0.6131659746170044	0.4361475110054016
1660	0.0037685635033994913	0.19676339626312256	0.6129280924797058	0.4361436367034912
1661	0.003901614574715495	0.19688165187835693	0.6125473976135254	0.43622201681137085
1662	0.003998546861112118	0.19686786830425262	0.6121371388435364	0.43633365631103516
1663	0.003882210934534669	0.19680267572402954	0.6118202209472656	0.4365057945251465
1664	0.003942950628697872	0.19667789340019226	0.6116037368774414	0.4365856349468231
1665	0.0038424492813646793	0.19657137989997864	0.6118281483650208	0.436558336019516
1666	0.003853214904665947	0.19647593796253204	0.6123152375221252	0.4364152252674103
1667	0.003998677711933851	0.1963714063167572	0.6130364537239075	0.43621689081192017
1668	0.0038563571870326996	0.19633834064006805	0.613715648651123	0.4360354244709015
1669	0.003894750727340579	0.19639602303504944	0.6140227913856506	0.4357127845287323
1670	0.003864360274747014	0.19642780721187592	0.6139015555381775	0.4354800879955292
1671	0.003925926983356476	0.19641776382923126	0.6134682893753052	0.4353575110435486
1672	0.0039609940722584724	0.1964452564716339	0.6128462553024292	0.43529075384140015
1673	0.003911541774868965	0.1964726448059082	0.6123629808425903	0.43543490767478943
1674	0.003929619211703539	0.19656778872013092	0.6119058728218079	0.4355611801147461
1675	0.003905999707058072	0.19668501615524292	0.6117421984672546	0.43573638796806335
1676	0.003834204515442252	0.19678416848182678	0.6120702028274536	0.4359166622161865
1677	0.003907756879925728	0.19686655700206757	0.6125726699829102	0.43604034185409546
1678	0.0038681495934724808	0.19689157605171204	0.6130198836326599	0.43604713678359985
1679	0.003863927908241749	0.1968211680650711	0.6132491230964661	0.4359607398509979
1680	0.0038892412558197975	0.19675038754940033	0.6135221719741821	0.4359702467918396
1681	0.0038790213875472546	0.19668294489383698	0.6135275959968567	0.4359803795814514
1682	0.0038824386429041624	0.1966174840927124	0.6135262250900269	0.43602412939071655
1683	0.004084475338459015	0.196526437997818	0.6137201189994812	0.4361251890659332
1684	0.0038607579190284014	0.1965591162443161	0.6136489510536194	0.43608465790748596
1685	0.0038404029328376055	0.19664406776428223	0.6134663224220276	0.43599939346313477
1686	0.003878125688061118	0.19666817784309387	0.6132969856262207	0.4360754191875458
1687	0.00394028564915061	0.1967376470565796	0.6131510138511658	0.43610337376594543
1688	0.0038728017825633287	0.196802020072937	0.6130213141441345	0.43602052330970764
1689	0.003936092369258404	0.19683393836021423	0.6129205822944641	0.43587926030158997
1690	0.0038761503528803587	0.19680096209049225	0.6129295229911804	0.4356963634490967
1691	0.003927815239876509	0.1967960000038147	0.6131162047386169	0.43550050258636475
1692	0.0038963165134191513	0.19667364656925201	0.6132044196128845	0.435273677110672
1693	0.0038801219779998064	0.19654902815818787	0.6133742332458496	0.43501755595207214
1694	0.0039019726682454348	0.19646698236465454	0.6134463548660278	0.43485546112060547
1695	0.003862608689814806	0.19645382463932037	0.6133958101272583	0.4348905086517334
1696	0.003948993049561977	0.19643534719944	0.6132761836051941	0.43496742844581604
1697	0.004024869296699762	0.19644924998283386	0.61306232213974	0.43511202931404114
1698	0.0039958469569683075	0.1964595764875412	0.612921416759491	0.4352553188800812
1699	0.0040504829958081245	0.19650308787822723	0.6131075024604797	0.43547359108924866
1700	0.0039523569867014885	0.1965062916278839	0.6130415797233582	0.43550750613212585
1701	0.003967483062297106	0.19652651250362396	0.6130220890045166	0.43541237711906433
1702	0.0038890009745955467	0.1964854747056961	0.6129379868507385	0.4353340268135071
1703	0.003833147929981351	0.19643743336200714	0.6127309203147888	0.4350481629371643
1704	0.003895312314853072	0.1963527798652649	0.6126189231872559	0.4348657727241516
1705	0.0037895592395216227	0.19634795188903809	0.612411379814148	0.43471312522888184
1706	0.0038312377873808146	0.19637030363082886	0.6123743653297424	0.434733122587204
1707	0.003778367768973112	0.19644688069820404	0.6123853325843811	0.43474820256233215
1708	0.003927159123122692	0.19661247730255127	0.6122873425483704	0.4348469376564026
1709	0.003826687578111887	0.19681903719902039	0.6121441721916199	0.4349205791950226
1710	0.003914006054401398	0.1970592737197876	0.6118181347846985	0.43498462438583374
1711	0.0037875438574701548	0.1972200572490692	0.6116555333137512	0.4350856840610504
1712	0.003923703916370869	0.19720593094825745	0.6115180253982544	0.43524301052093506
1713	0.0038652035873383284	0.1971064656972885	0.6115694046020508	0.4354707598686218
1714	0.003884402336552739	0.19694940745830536	0.6116662621498108	0.4355213940143585
1715	0.003884704550728202	0.196753591299057	0.6117098331451416	0.4353715181350708
1716	0.0039489008486270905	0.1965647041797638	0.6115894913673401	0.4351971447467804
1717	0.003883238648995757	0.19637450575828552	0.6116292476654053	0.4350324273109436
1718	0.00396360456943512	0.19628697633743286	0.6117593050003052	0.4348965585231781
1719	0.0038336010184139013	0.19630594551563263	0.612067461013794	0.43476006388664246
1720	0.0039372812025249004	0.19638654589653015	0.6124383211135864	0.4348641335964203
1721	0.003929234575480223	0.1964857429265976	0.6127557754516602	0.43492254614830017
1722	0.0038876535836607218	0.1965363621711731	0.6132153868675232	0.4351051449775696
1723	0.003919270355254412	0.1964472085237503	0.6135385632514954	0.4353823661804199
1724	0.0039048579055815935	0.1962929517030716	0.6137553453445435	0.43586575984954834
1725	0.0038981495890766382	0.19606198370456696	0.6136899590492249	0.436300665140152
1726	0.00389868370257318	0.19590209424495697	0.6132514476776123	0.4365411698818207
1727	0.0038380613550543785	0.1958785206079483	0.6128214597702026	0.4366050958633423
1728	0.0038934035692363977	0.1959936022758484	0.6126968264579773	0.4365815222263336
1729	0.0037668792065232992	0.196151465177536	0.6128393411636353	0.43651896715164185
1730	0.0039029887411743402	0.19629943370819092	0.612921416759491	0.43630215525627136
1731	0.0038374525029212236	0.19644729793071747	0.6131332516670227	0.43610864877700806
1732	0.003839818062260747	0.19651445746421814	0.6134669184684753	0.4361048936843872
1733	0.0038608089089393616	0.19644632935523987	0.6137314438819885	0.43610385060310364
1734	0.003757848171517253	0.1964450627565384	0.6142176985740662	0.4362281560897827
1735	0.003839707002043724	0.19647197425365448	0.6147221326828003	0.43629518151283264
1736	0.0038252577651292086	0.19649706780910492	0.6148650646209717	0.43632930517196655
1737	0.003903260687366128	0.19663512706756592	0.6145736575126648	0.4362196922302246
1738	0.00380979897454381	0.1967964917421341	0.6141407489776611	0.4361318051815033
1739	0.0037949851248413324	0.1968342810869217	0.6134935021400452	0.43592867255210876
1740	0.0038215997628867626	0.19684526324272156	0.6128377318382263	0.43571698665618896
1741	0.0037032724358141422	0.19674116373062134	0.6126031279563904	0.43566879630088806
1742	0.003849889850243926	0.19660551846027374	0.612550675868988	0.435669481754303
1743	0.003807111643254757	0.19639451801776886	0.6126661896705627	0.4356577396392822
1744	0.0037903229240328074	0.1961766481399536	0.6127007603645325	0.4356211721897125
1745	0.0038103079423308372	0.19597932696342468	0.6128089427947998	0.43564069271087646
1746	0.0038848454132676125	0.19583268463611603	0.6131425499916077	0.4355986416339874
1747	0.0038263462483882904	0.19585628807544708	0.6136767268180847	0.43564170598983765
1748	0.0038452711887657642	0.19602827727794647	0.6137716174125671	0.43555355072021484
1749	0.0038644105661660433	0.19630546867847443	0.6135993003845215	0.4354718029499054
1750	0.00378868798725307	0.19649478793144226	0.6134131550788879	0.43542519211769104
1751	0.0038417810574173927	0.1965692937374115	0.6129316091537476	0.43532437086105347
1752	0.0038561986293643713	0.19640657305717468	0.6126137375831604	0.43545734882354736
1753	0.0038517483044415712	0.19625245034694672	0.6124792695045471	0.43579092621803284
1754	0.0037760131526738405	0.19615760445594788	0.612430214881897	0.4361300766468048
1755	0.0038048825226724148	0.19609996676445007	0.6123867630958557	0.4363616406917572
1756	0.0038182560820132494	0.1961549073457718	0.6126136183738708	0.43648186326026917
1757	0.0038605767767876387	0.19631518423557281	0.6128146648406982	0.43652909994125366
1758	0.00389270787127316	0.1963735967874527	0.6132113337516785	0.43672075867652893
1759	0.003845341969281435	0.19635097682476044	0.6137538552284241	0.43682894110679626
1760	0.003793114796280861	0.19628602266311646	0.6142449378967285	0.43694859743118286
1761	0.0038242670707404613	0.19609716534614563	0.6144866347312927	0.43707361817359924
1762	0.003788913832977414	0.19587236642837524	0.6146147847175598	0.4371144771575928
1763	0.003857766045257449	0.19566795229911804	0.6146493554115295	0.43714675307273865
1764	0.003908549435436726	0.19554926455020905	0.6144774556159973	0.4371090233325958
1765	0.003797313431277871	0.195532888174057	0.6140251159667969	0.4369227886199951
1766	0.003719594096764922	0.19561460614204407	0.6134337186813354	0.4365820586681366
1767	0.003844253718852997	0.1958247870206833	0.6127926111221313	0.4362691342830658
1768	0.003884713863953948	0.19600650668144226	0.6123043298721313	0.4360061585903168
1769	0.0037971080746501684	0.1962609440088272	0.612141489982605	0.43593621253967285
1770	0.003823269857093692	0.19647133350372314	0.6122515797615051	0.43595415353775024
1771	0.003740602172911167	0.19656036794185638	0.6126978993415833	0.436050683259964
1772	0.00390975084155798	0.19661106169223785	0.6130252480506897	0.4361618459224701
1773	0.003714280901476741	0.19657570123672485	0.6132879853248596	0.43624347448349
1774	0.00382236554287374	0.19647708535194397	0.613466203212738	0.4362970292568207
1775	0.003742993576452136	0.19631420075893402	0.6133705973625183	0.43628552556037903
1776	0.0038959993980824947	0.19608943164348602	0.6133620738983154	0.4363754987716675
1777	0.0038674732204526663	0.19597221910953522	0.6132716536521912	0.4366118907928467
1778	0.0038064243271946907	0.19604387879371643	0.6131165623664856	0.43661218881607056
1779	0.0037596754264086485	0.19615556299686432	0.6130490899085999	0.43654218316078186
1780	0.003883388824760914	0.19620786607265472	0.6131899356842041	0.43657079339027405
1781	0.0038535555358976126	0.19615675508975983	0.6135727763175964	0.436748743057251
1782	0.0037755854427814484	0.19607409834861755	0.6142982840538025	0.4370693266391754
1783	0.0038002405781298876	0.19596609473228455	0.614926815032959	0.4371986985206604
1784	0.0037074293941259384	0.1959138810634613	0.615157425403595	0.4373200833797455
1785	0.003884640522301197	0.19584813714027405	0.615235447883606	0.4373156428337097
1786	0.003912971355021	0.19584909081459045	0.6148989200592041	0.4372815191745758
1787	0.0037990028504282236	0.1958092451095581	0.6145086884498596	0.4372319281101227
1788	0.003790216986089945	0.1957988440990448	0.6140403747558594	0.43709108233451843
1789	0.003781337756663561	0.19582732021808624	0.613538920879364	0.4369390904903412
1790	0.003862805664539337	0.19580072164535522	0.6131659150123596	0.4367595911026001
1791	0.003727736882865429	0.19579198956489563	0.6129183173179626	0.43655648827552795
1792	0.003781275823712349	0.19576963782310486	0.6125603914260864	0.43634843826293945
1793	0.0037877114955335855	0.19575180113315582	0.6125179529190063	0.436215877532959
1794	0.0038822058122605085	0.1957196295261383	0.6125030517578125	0.4361347258090973
1795	0.0038178637623786926	0.19578896462917328	0.6126275658607483	0.4360336661338806
1796	0.003763976041227579	0.19588929414749146	0.6125527024269104	0.435793936252594
1797	0.0037067928351461887	0.19601868093013763	0.6124104857444763	0.43553730845451355
1798	0.003822893602773547	0.19618698954582214	0.6122661828994751	0.43522948026657104
1799	0.0038220302667468786	0.19626924395561218	0.6119932532310486	0.43493151664733887
1800	0.0038429496344178915	0.19634932279586792	0.6115901470184326	0.4346543252468109
1801	0.0036990477237850428	0.19634225964546204	0.6112715005874634	0.43447184562683105
1802	0.0037128187250345945	0.1963622123003006	0.6110390424728394	0.43432745337486267
1803	0.0037747372407466173	0.1964186728000641	0.6110154390335083	0.4343479573726654
1804	0.0037562139332294464	0.1964515894651413	0.6112011075019836	0.4346431791782379
1805	0.003771536983549595	0.19646358489990234	0.611602783203125	0.43494293093681335
1806	0.0037467130459845066	0.19638659060001373	0.6121543049812317	0.4351792633533478
1807	0.0037836648989468813	0.19620971381664276	0.6129364371299744	0.4355219900608063
1808	0.0037687579169869423	0.19595874845981598	0.613538920879364	0.43579304218292236
1809	0.0038090036250650883	0.19571749866008759	0.614222526550293	0.43609604239463806
1810	0.0037180890794843435	0.19550201296806335	0.6147367358207703	0.4363851845264435
1811	0.003734494326636195	0.19538383185863495	0.6150209903717041	0.4365788400173187
1812	0.0038037383928894997	0.1953531950712204	0.6150427460670471	0.4367101490497589
1813	0.003822390688583255	0.19533729553222656	0.6148925423622131	0.436852365732193
1814	0.0037670484744012356	0.19541579484939575	0.6147329211235046	0.4370051622390747
1815	0.0038035076577216387	0.19557377696037292	0.614556074142456	0.43732017278671265
1816	0.003766419133171439	0.19574609398841858	0.6142792105674744	0.43751534819602966
1817	0.0038132420741021633	0.1959933042526245	0.6139764189720154	0.43755772709846497
1818	0.003845744766294956	0.19620224833488464	0.6138413548469543	0.4372951090335846
1819	0.0037791882641613483	0.19633658230304718	0.6140024662017822	0.43698081374168396
1820	0.0037931581027805805	0.1962861567735672	0.6142046451568604	0.4366714656352997
1821	0.0037402668967843056	0.19609661400318146	0.61447674036026	0.4362839162349701
1822	0.00379011919721961	0.19582389295101166	0.6145299673080444	0.4359062910079956
1823	0.0038100762758404016	0.19560426473617554	0.6143743395805359	0.43554964661598206
1824	0.003776866476982832	0.19544614851474762	0.6142469048500061	0.435365229845047
1825	0.0037095583975315094	0.19542285799980164	0.6141446828842163	0.435310035943985
1826	0.0038981798570603132	0.19554241001605988	0.6141180992126465	0.43536990880966187
1827	0.0038828011602163315	0.19568927586078644	0.6145013570785522	0.4357597529888153
1828	0.003761074971407652	0.1958387941122055	0.614592969417572	0.43620532751083374
1829	0.003712483448907733	0.19593824446201324	0.6147066354751587	0.43680331110954285
1830	0.0038059959188103676	0.19601020216941833	0.61449134349823	0.4371056854724884
1831	0.0038574638310819864	0.196016326546669	0.6144191026687622	0.43726617097854614
1832	0.0037736434023827314	0.19600680470466614	0.6146038174629211	0.43746981024742126
1833	0.003780905855819583	0.1959761530160904	0.6144542098045349	0.4373645484447479
1834	0.0036724451929330826	0.1959371417760849	0.614289402961731	0.43728071451187134
1835	0.0037815982941538095	0.19586119055747986	0.6142587661743164	0.43733546137809753
1836	0.00378325954079628	0.1959286779165268	0.6139917373657227	0.4372421205043793
1837	0.003645519958809018	0.1959901750087738	0.6136348843574524	0.4371013343334198
1838	0.003866206156089902	0.1960173100233078	0.6133360862731934	0.43701809644699097
1839	0.0037421335000544786	0.19606222212314606	0.6132259964942932	0.43703025579452515
1840	0.003728279611095786	0.19601495563983917	0.6131570935249329	0.4370349943637848
1841	0.0037446499336510897	0.19606414437294006	0.613196074962616	0.43701136112213135
1842	0.0037078794557601213	0.19612596929073334	0.6134293079376221	0.43711212277412415
1843	0.003825018648058176	0.19622725248336792	0.6137003898620605	0.43712905049324036
1844	0.0037971108686178923	0.19633762538433075	0.6137382388114929	0.4370157718658447
1845	0.0037406242918223143	0.19647429883480072	0.6136283874511719	0.4367513656616211
1846	0.003746743081137538	0.19646957516670227	0.6133852005004883	0.43646904826164246
1847	0.003792130621150136	0.1964123547077179	0.6132698059082031	0.43650195002555847
1848	0.0036191234830766916	0.19624470174312592	0.613069474697113	0.4367416501045227
1849	0.003674335777759552	0.19610394537448883	0.6126959919929504	0.43689411878585815
1850	0.003855327609926462	0.196011021733284	0.6124253273010254	0.4369281232357025
1851	0.0037553836591541767	0.195951908826828	0.6123753190040588	0.43680766224861145
1852	0.0036304036621004343	0.1959160566329956	0.6127036213874817	0.43663737177848816
1853	0.0037580823991447687	0.19592268764972687	0.6132360696792603	0.4364094138145447
1854	0.0038321097381412983	0.19596052169799805	0.6137993931770325	0.43628618121147156
1855	0.00382603844627738	0.19603319466114044	0.6142999529838562	0.4361276924610138
1856	0.0037719877436757088	0.19625188410282135	0.6143136620521545	0.4357931911945343
1857	0.003766099689528346	0.19643042981624603	0.6141967177391052	0.4354095160961151
1858	0.00386366480961442	0.19659747183322906	0.6138129234313965	0.43494683504104614
1859	0.0036476661916822195	0.19662033021450043	0.6132153868675232	0.4345216453075409
1860	0.0037829589564353228	0.1965274065732956	0.6125653386116028	0.4342602491378784
1861	0.003750008065253496	0.1963241845369339	0.6120894551277161	0.4341457784175873
1862	0.003782781772315502	0.19605743885040283	0.6120513081550598	0.4342202842235565
1863	0.003803314408287406	0.19589458405971527	0.6123910546302795	0.4344392418861389
1864	0.0038460418581962585	0.19581671059131622	0.6128783226013184	0.4346870183944702
1865	0.0036988265346735716	0.1958557516336441	0.6135953664779663	0.4349769353866577
1866	0.0037410599179565907	0.19606603682041168	0.6140808463096619	0.4352667033672333
1867	0.003686243901029229	0.19628481566905975	0.6143348813056946	0.43555834889411926
1868	0.0037117369938641787	0.19638819992542267	0.6142117977142334	0.435841828584671
1869	0.003786796471104026	0.19641698896884918	0.6139091849327087	0.4359576106071472
1870	0.0037071018014103174	0.19636023044586182	0.6135518550872803	0.4360019266605377
1871	0.003796657081693411	0.1962379366159439	0.613329291343689	0.43600428104400635
1872	0.0037713453639298677	0.1961151361465454	0.6133143305778503	0.4359132647514343
1873	0.0036976851988583803	0.19598576426506042	0.6134415864944458	0.4357999265193939
1874	0.0037909620441496372	0.1957770437002182	0.6138226389884949	0.4358161985874176
1875	0.0037648300640285015	0.1957271695137024	0.6143171191215515	0.4358193874359131
1876	0.0037679793313145638	0.1957308053970337	0.6147266030311584	0.43582266569137573
1877	0.0037133509758859873	0.19577080011367798	0.6149234771728516	0.4359554350376129
1878	0.003733530640602112	0.19587057828903198	0.6149103045463562	0.4360446333885193
1879	0.003669668920338154	0.1959410309791565	0.614708423614502	0.43605920672416687
1880	0.0037644391413778067	0.19599862396717072	0.6145992875099182	0.4360235333442688
1881	0.0037133414298295975	0.19597114622592926	0.6143040657043457	0.43597832322120667
1882	0.0038567360024899244	0.19584180414676666	0.6140786409378052	0.4361143708229065
1883	0.003706321818754077	0.19579891860485077	0.6141054630279541	0.43639734387397766
1884	0.0037740140687674284	0.19575586915016174	0.6141965389251709	0.43658003211021423
1885	0.003872893052175641	0.1956547051668167	0.6144885420799255	0.436797171831131
1886	0.003725753165781498	0.19555555284023285	0.6149140000343323	0.43694257736206055
1887	0.0037175065372139215	0.19556477665901184	0.6148946285247803	0.43676578998565674
1888	0.00372581765986979	0.19563156366348267	0.6149477362632751	0.43657708168029785
1889	0.0037983516231179237	0.19576309621334076	0.614708423614502	0.43631958961486816
1890	0.003721436718478799	0.19585412740707397	0.6142762303352356	0.43618902564048767
1891	0.0038204286247491837	0.19580964744091034	0.6136988997459412	0.43608495593070984
1892	0.0037583112716674805	0.19574904441833496	0.6130223870277405	0.43584397435188293
1893	0.0037355234380811453	0.1957261860370636	0.6125048995018005	0.43558961153030396
1894	0.0036812194157391787	0.195694699883461	0.6124909520149231	0.4353981912136078
1895	0.003777611767873168	0.19575154781341553	0.6128832697868347	0.43524935841560364
1896	0.003809094661846757	0.19589979946613312	0.6133406162261963	0.43528950214385986
1897	0.003714210819453001	0.19609147310256958	0.6137685775756836	0.43528392910957336
1898	0.0038256696425378323	0.19630321860313416	0.6139782071113586	0.4353290796279907
1899	0.003800039878115058	0.19631816446781158	0.6139851212501526	0.4354967474937439
1900	0.0037406743504107	0.1963081657886505	0.6138872504234314	0.43567195534706116
1901	0.0037858448922634125	0.19626688957214355	0.6136527061462402	0.435883104801178
1902	0.0037584856618195772	0.19620241224765778	0.6130697131156921	0.43596911430358887
1903	0.0037545589730143547	0.19609849154949188	0.6126752495765686	0.4359607994556427
1904	0.003711069468408823	0.19596202671527863	0.6125916242599487	0.4360397756099701
1905	0.003740865970030427	0.1957615464925766	0.6126973628997803	0.43605780601501465
1906	0.003720181994140148	0.19557489454746246	0.6130572557449341	0.43615731596946716
1907	0.0036295915488153696	0.1953216791152954	0.6135889291763306	0.43640321493148804
1908	0.0036931228823959827	0.19527141749858856	0.6141600608825684	0.4367482662200928
1909	0.00374066224321723	0.19528068602085114	0.6147741079330444	0.4371282458305359
1910	0.0037716941442340612	0.19538092613220215	0.6149985194206238	0.43735840916633606
1911	0.003645519958809018	0.19552578032016754	0.6147665977478027	0.4373302161693573
1912	0.003707744413986802	0.19572001695632935	0.614579975605011	0.4370618760585785
1913	0.003627316327765584	0.19594566524028778	0.6142293810844421	0.43671882152557373
1914	0.0037043446209281683	0.19604887068271637	0.6139972805976868	0.4362804591655731
1915	0.003800787962973118	0.19606231153011322	0.6138128042221069	0.43577516078948975
1916	0.0036398647353053093	0.1959308385848999	0.6137297749519348	0.4354848861694336
1917	0.0037152066361159086	0.19578461349010468	0.6137552261352539	0.43541964888572693
1918	0.0037246549036353827	0.19563870131969452	0.6140020489692688	0.43553656339645386
1919	0.0037182027008384466	0.19555282592773438	0.6142295002937317	0.43576326966285706
1920	0.003679663175716996	0.19549672305583954	0.6142609119415283	0.4359680712223053
1921	0.003743096487596631	0.19549022614955902	0.6141595244407654	0.436139315366745
1922	0.003690173616632819	0.1954774707555771	0.613889217376709	0.4361971914768219
1923	0.003714620601385832	0.1956205666065216	0.613572895526886	0.43627530336380005
1924	0.003712649457156658	0.19572769105434418	0.6132505536079407	0.4361102283000946
1925	0.0037446029018610716	0.1958431601524353	0.6128860712051392	0.43595266342163086
1926	0.003684497671201825	0.1959916055202484	0.6126088500022888	0.43581849336624146
1927	0.003738915314897895	0.1961640864610672	0.6125260591506958	0.43569663166999817
1928	0.0037465619388967752	0.19625458121299744	0.6126722097396851	0.4357583820819855
1929	0.0036738128401339054	0.1962621808052063	0.6129477024078369	0.43583935499191284
1930	0.003696495434269309	0.19628019630908966	0.6128934621810913	0.43573227524757385
1931	0.003677027765661478	0.19616703689098358	0.6129437685012817	0.43576163053512573
1932	0.0037425619084388018	0.19612589478492737	0.6129274368286133	0.435644268989563
1933	0.003612505504861474	0.19607104361057281	0.6128038763999939	0.43562591075897217
1934	0.0036861710250377655	0.19595901668071747	0.6128304600715637	0.4356503486633301
1935	0.0037804730236530304	0.19583755731582642	0.6130003929138184	0.4358181357383728
1936	0.0036903666332364082	0.19579586386680603	0.6130816340446472	0.43602538108825684
1937	0.003717320505529642	0.19580452144145966	0.613013505935669	0.4362453520298004
1938	0.0037159346975386143	0.19584418833255768	0.6129605174064636	0.43644779920578003
1939	0.0037671453319489956	0.1958363801240921	0.6129207015037537	0.4365954101085663
1940	0.0036979247815907	0.19583605229854584	0.6129331588745117	0.4366505742073059
1941	0.0036387182772159576	0.19582781195640564	0.6127460598945618	0.43657514452934265
1942	0.003688766388222575	0.19581687450408936	0.6125194430351257	0.43666234612464905
1943	0.003736860351637006	0.19584499299526215	0.6124406456947327	0.43666476011276245
1944	0.003720466047525406	0.19581803679466248	0.6124686002731323	0.43659308552742004
1945	0.0036876106169074774	0.1958296149969101	0.6128004193305969	0.4365813136100769
1946	0.0037168781273066998	0.19589340686798096	0.6130436062812805	0.4365251958370209
1947	0.003680097870528698	0.19599542021751404	0.6134531497955322	0.43648746609687805
1948	0.0036121157463639975	0.1961386650800705	0.6138657927513123	0.43659356236457825
1949	0.003669281490147114	0.1961534023284912	0.6141853332519531	0.43659722805023193
1950	0.0037085823714733124	0.19613760709762573	0.6144892573356628	0.4367488622665405
1951	0.0036685194354504347	0.1959904283285141	0.6145537495613098	0.43678632378578186
1952	0.003717116778716445	0.1958065778017044	0.6144657731056213	0.4367751181125641
1953	0.003655661828815937	0.19568029046058655	0.6139347553253174	0.4366372525691986
1954	0.0037871424574404955	0.19555211067199707	0.6136063933372498	0.4366087317466736
1955	0.003693803446367383	0.1954711228609085	0.6133727431297302	0.4365556836128235
1956	0.0036835235077887774	0.19538560509681702	0.6132657527923584	0.4365389347076416
1957	0.0036750987637788057	0.19530481100082397	0.6133139729499817	0.43661606311798096
1958	0.003616893198341131	0.19534221291542053	0.6132673025131226	0.43671754002571106
1959	0.0036853572819381952	0.1954883337020874	0.6132094264030457	0.4368598163127899
1960	0.0037589988205581903	0.1956954449415207	0.6132272481918335	0.43682152032852173
1961	0.0037056419532746077	0.19596809148788452	0.6134032607078552	0.43676501512527466
1962	0.0036028686445206404	0.196213036775589	0.6134954690933228	0.4366562068462372
1963	0.0036773094907402992	0.19631743431091309	0.6138071417808533	0.4366724491119385
1964	0.0036787635181099176	0.19635850191116333	0.6139447689056396	0.4365139901638031
1965	0.003773871110752225	0.1962054967880249	0.613798201084137	0.43631741404533386
1966	0.003590719774365425	0.1959718018770218	0.6134446263313293	0.4361278712749481
1967	0.0036234543658792973	0.19564160704612732	0.6129650473594666	0.4359830319881439
1968	0.0037283955607563257	0.19536252319812775	0.6126125454902649	0.43591320514678955
1969	0.0036785034462809563	0.19520778954029083	0.612471878528595	0.4359529912471771
1970	0.0036042029969394207	0.19523079693317413	0.6126677989959717	0.43612030148506165
1971	0.0036231980193406343	0.1953572779893875	0.6132712364196777	0.4361850917339325
1972	0.0037536295130848885	0.19556276500225067	0.6138792037963867	0.4362315237522125
1973	0.003685412462800741	0.19575464725494385	0.6146593689918518	0.43634602427482605
1974	0.003647567005828023	0.19587528705596924	0.6150177717208862	0.436297744512558
1975	0.003636751789599657	0.1959364265203476	0.6150554418563843	0.43613511323928833
1976	0.003626244841143489	0.19600357115268707	0.6150200963020325	0.43588632345199585
1977	0.003732734126970172	0.19602781534194946	0.6145923733711243	0.43541887402534485
1978	0.0036660106852650642	0.19603680074214935	0.61390221118927	0.43502411246299744
1979	0.0036358414217829704	0.19593289494514465	0.6132076382637024	0.4348645806312561
1980	0.0037073593121021986	0.1957481950521469	0.612689733505249	0.4348903000354767
1981	0.003591773100197315	0.1956041306257248	0.612449586391449	0.43498969078063965
1982	0.003744402201846242	0.19554181396961212	0.6124727725982666	0.43513569235801697
1983	0.003674247767776251	0.1955510377883911	0.6128163933753967	0.43539154529571533
1984	0.003672524355351925	0.19553488492965698	0.613434910774231	0.43577083945274353
1985	0.003689325414597988	0.1955798864364624	0.613891065120697	0.4360101819038391
1986	0.00370026845484972	0.19563353061676025	0.6142805814743042	0.436130553483963
1987	0.0036666104570031166	0.19581671059131622	0.6143222451210022	0.4361027181148529
1988	0.0037288712337613106	0.1960175782442093	0.61422199010849	0.4361322224140167
1989	0.0036281179636716843	0.1961793601512909	0.6138024926185608	0.4360595643520355
1990	0.003707070602104068	0.1962319314479828	0.6133187413215637	0.4359661638736725
1991	0.0036633722484111786	0.19620245695114136	0.6127843856811523	0.4359126091003418
1992	0.0035734125413000584	0.1961396485567093	0.6124215722084045	0.43594467639923096
1993	0.003625075798481703	0.19611361622810364	0.6120423674583435	0.43582460284233093
1994	0.003595892805606127	0.1960425078868866	0.6119431853294373	0.4359038174152374
1995	0.003579752054065466	0.19598965346813202	0.6120336055755615	0.4359297752380371
1996	0.003647169331088662	0.19598634541034698	0.6124162673950195	0.43604475259780884
1997	0.0036483879666775465	0.1959732621908188	0.6127253174781799	0.4359830617904663
1998	0.0036252967547625303	0.19599281251430511	0.6132057905197144	0.43593138456344604
1999	0.0036905803717672825	0.19608859717845917	0.6136131286621094	0.435947448015213
2000	0.0036934884265065193	0.19612988829612732	0.6137630939483643	0.43590784072875977
2001	0.003643311560153961	0.19610944390296936	0.6137204170227051	0.43596258759498596
2002	0.003645513206720352	0.19601669907569885	0.613582968711853	0.4358659088611603
2003	0.0036978027783334255	0.19595347344875336	0.613556981086731	0.4358660578727722
2004	0.0036416782531887293	0.1958998739719391	0.6132821440696716	0.43561315536499023
2005	0.003645306685939431	0.19586169719696045	0.6128954887390137	0.4353195130825043
2006	0.003748494666069746	0.19573397934436798	0.612629234790802	0.4351423680782318
2007	0.0036686232779175043	0.1957707405090332	0.6123332381248474	0.43506982922554016
2008	0.003689575009047985	0.19581466913223267	0.6122016310691833	0.4349934458732605
2009	0.0036287852562963963	0.1958818882703781	0.6122056245803833	0.43496406078338623
2010	0.0035795129369944334	0.19586633145809174	0.6123589277267456	0.4349338412284851
2011	0.003626100718975067	0.19581595063209534	0.6126676797866821	0.43502187728881836
2012	0.003629844170063734	0.1957671344280243	0.613038957118988	0.43501684069633484
2013	0.0036325010005384684	0.19578780233860016	0.6132993102073669	0.4348693788051605
2014	0.0036207654047757387	0.1958170384168625	0.6134995222091675	0.4348113238811493
2015	0.0036364677362143993	0.1958335041999817	0.6132565140724182	0.4346017837524414
2016	0.003579665906727314	0.19586095213890076	0.6128339171409607	0.43459081649780273
2017	0.003635697765275836	0.19577181339263916	0.6124126315116882	0.434673547744751
2018	0.0035945314448326826	0.19568204879760742	0.6123117804527283	0.4348716139793396
2019	0.003664477029815316	0.19563846290111542	0.6124285459518433	0.4351571798324585
2020	0.003635864704847336	0.19567233324050903	0.6128415465354919	0.4355560839176178
2021	0.003679091576486826	0.19572827219963074	0.613216757774353	0.4357888102531433
2022	0.0036684300284832716	0.19584813714027405	0.6132055521011353	0.43578246235847473
2023	0.0036849239841103554	0.1959606409072876	0.6132725477218628	0.43558159470558167
2024	0.003618417540565133	0.1959533393383026	0.6132470369338989	0.4353461265563965
2025	0.0036778904031962156	0.1959419548511505	0.6132346987724304	0.4352377951145172
2026	0.00361252436414361	0.19597037136554718	0.6131874918937683	0.43518999218940735
2027	0.003590048523619771	0.195980042219162	0.6131775379180908	0.43519875407218933
2028	0.003693483304232359	0.19601480662822723	0.613249659538269	0.43518146872520447
2029	0.0037651238963007927	0.19611597061157227	0.6132975816726685	0.43510618805885315
2030	0.0036733343731611967	0.19623850286006927	0.6133164167404175	0.435030996799469
2031	0.0036809092853218317	0.1963115632534027	0.6132276654243469	0.43481406569480896
2032	0.003574180882424116	0.19629697501659393	0.613303005695343	0.43475890159606934
2033	0.003680906957015395	0.19621431827545166	0.6132521629333496	0.4347285330295563
2034	0.0036135688424110413	0.19612139463424683	0.6133187413215637	0.43485161662101746
2035	0.003620198229327798	0.19599826633930206	0.613338053226471	0.4348500370979309
2036	0.003591325366869569	0.19584794342517853	0.6133875846862793	0.4349220395088196
2037	0.0035859213676303625	0.19576379656791687	0.6131535172462463	0.43484288454055786
2038	0.0036964495666325092	0.19563232362270355	0.6131907105445862	0.43493160605430603
2039	0.0036505453754216433	0.1956137716770172	0.6132640838623047	0.43499240279197693
2040	0.0036261386703699827	0.19561876356601715	0.6132727265357971	0.43505433201789856
2041	0.003714608494192362	0.19574344158172607	0.6132543087005615	0.43515491485595703
2042	0.003594690468162298	0.19593237340450287	0.613538920879364	0.4353891909122467
2043	0.0035902680829167366	0.19624632596969604	0.6139450073242188	0.4356309771537781
2044	0.0036291200667619705	0.19645754992961884	0.6141672730445862	0.43584686517715454
2045	0.003594629932194948	0.19647689163684845	0.6144359707832336	0.43612149357795715
2046	0.003592172870412469	0.19623832404613495	0.6147060394287109	0.43633192777633667
2047	0.003589710919186473	0.19591756165027618	0.6148478984832764	0.43652284145355225
2048	0.003598820650950074	0.19563715159893036	0.614652156829834	0.4364340603351593
2049	0.003725294256582856	0.19535121321678162	0.6144130825996399	0.43634065985679626
2050	0.0036499740090221167	0.19521084427833557	0.6142961978912354	0.43617287278175354
2051	0.003592194290831685	0.19514557719230652	0.6141765713691711	0.4361295700073242
2052	0.003609627252444625	0.19517235457897186	0.6139293313026428	0.43595999479293823
2053	0.003509528236463666	0.195306658744812	0.6139069199562073	0.4359014332294464
2054	0.0035987424198538065	0.19545522332191467	0.6140322089195251	0.43590083718299866
2055	0.0036021266132593155	0.19559259712696075	0.6139868497848511	0.4359026253223419
2056	0.003564557759091258	0.19558222591876984	0.6138924360275269	0.43585753440856934
2057	0.0035885735414922237	0.19554202258586884	0.6138027310371399	0.4359113872051239
2058	0.003623839234933257	0.19545719027519226	0.6136472821235657	0.43592825531959534
2059	0.0036193151026964188	0.19537314772605896	0.6137002110481262	0.4359458386898041
2060	0.003660255577415228	0.1952286809682846	0.6138067841529846	0.436007022857666
2061	0.003630784573033452	0.19517312943935394	0.6140376329421997	0.4360376000404358
2062	0.003644311334937811	0.19519972801208496	0.614197850227356	0.43605852127075195
2063	0.00370428035967052	0.195287823677063	0.6142047643661499	0.4361872971057892
2064	0.003708884119987488	0.19537056982517242	0.613991379737854	0.4360978901386261
2065	0.0036021380219608545	0.19540219008922577	0.6138529777526855	0.4361099600791931
2066	0.0036554911639541388	0.19555850327014923	0.6136720776557922	0.4360600709915161
2067	0.003689208533614874	0.19566954672336578	0.613250732421875	0.43595486879348755
2068	0.0035865206737071276	0.19570375978946686	0.6126980781555176	0.43581897020339966
2069	0.0036211260594427586	0.19576092064380646	0.612401008605957	0.4357573091983795
2070	0.0035036455374211073	0.19575011730194092	0.6122015714645386	0.43571579456329346
2071	0.0035951854661107063	0.19581282138824463	0.6122002005577087	0.4357237219810486
2072	0.003675807500258088	0.19586080312728882	0.6123278141021729	0.4356750249862671
2073	0.0035931540187448263	0.19595889747142792	0.6125693321228027	0.4358173608779907
2074	0.003629934275522828	0.19601255655288696	0.6128619909286499	0.43604233860969543
2075	0.003589120926335454	0.19605842232704163	0.6130322813987732	0.43621185421943665
2076	0.0036064714659005404	0.19607454538345337	0.6131924986839294	0.436320960521698
2077	0.003537961281836033	0.19601503014564514	0.6135461926460266	0.43634191155433655
2078	0.0035807013045996428	0.1958552598953247	0.613976001739502	0.4363560974597931
2079	0.0036413350608199835	0.19574877619743347	0.6142495274543762	0.4363546371459961
2080	0.003635444911196828	0.1956297755241394	0.6145079731941223	0.4363347887992859
2081	0.003603671444579959	0.19554227590560913	0.6143976449966431	0.43611299991607666
2082	0.0036255577579140663	0.19544093310832977	0.6141652464866638	0.4359251856803894
2083	0.003624832257628441	0.19529743492603302	0.6140267252922058	0.4356875419616699
2084	0.0036247156094759703	0.19521300494670868	0.6140639185905457	0.4356154501438141
2085	0.0035360034089535475	0.19522003829479218	0.6141339540481567	0.4356842339038849
2086	0.0036317880731076	0.1953084021806717	0.6140455007553101	0.4357230067253113
2087	0.003610770683735609	0.19549810886383057	0.6140794157981873	0.4358616769313812
2088	0.0035310499370098114	0.19567511975765228	0.6142352819442749	0.4359699487686157
2089	0.0035238098353147507	0.19580726325511932	0.6142075657844543	0.43591129779815674
2090	0.0036673813592642546	0.1958286017179489	0.6141575574874878	0.43580928444862366
2091	0.003613227279856801	0.19576524198055267	0.6139667630195618	0.43571391701698303
2092	0.003634520573541522	0.195635125041008	0.6135715246200562	0.4355717897415161
2093	0.0035579928662627935	0.19554659724235535	0.6131786704063416	0.43539145588874817
2094	0.0036263796500861645	0.19553469121456146	0.6126934289932251	0.4349955916404724
2095	0.0034896128345280886	0.19555044174194336	0.6124395132064819	0.4346545934677124
2096	0.0036075941752642393	0.1956559270620346	0.612395167350769	0.4343380033969879
2097	0.0035886322148144245	0.1957903504371643	0.6124317049980164	0.43413546681404114
2098	0.003665064461529255	0.19589132070541382	0.6125530004501343	0.43407556414604187
2099	0.0037146981339901686	0.19594739377498627	0.6126109957695007	0.4342145621776581
2100	0.0036713778972625732	0.19601240754127502	0.6127364635467529	0.4343745708465576
2101	0.00351469567976892	0.19606950879096985	0.612846851348877	0.4346860647201538
2102	0.003560222452506423	0.19610661268234253	0.6130009889602661	0.43488427996635437
2103	0.0036168217193335295	0.19608475267887115	0.6129769086837769	0.4348704218864441
2104	0.0035263337194919586	0.1960429698228836	0.6127433776855469	0.43480047583580017
2105	0.0035707280039787292	0.19596029818058014	0.6125509738922119	0.4346916079521179
2106	0.0035879407078027725	0.19586841762065887	0.6123751401901245	0.4345247745513916
2107	0.003575120819732547	0.19582131505012512	0.6122658848762512	0.43443888425827026
2108	0.0037376955151557922	0.19578756392002106	0.6122368574142456	0.4343510866165161
2109	0.00355239724740386	0.19578486680984497	0.6121353507041931	0.4341428875923157
2110	0.0037147668190300465	0.19577035307884216	0.6121100187301636	0.43404266238212585
2111	0.0036625380162149668	0.19570662081241608	0.6119664907455444	0.43404269218444824
2112	0.003564812010154128	0.19570492208003998	0.61164790391922	0.43408694863319397
2113	0.0036305480170994997	0.19569572806358337	0.6114112734794617	0.4342784583568573
2114	0.0036061552818864584	0.195701003074646	0.6113671064376831	0.4345953166484833
2115	0.003553416347131133	0.19564056396484375	0.611618161201477	0.43495264649391174
2116	0.0035426404792815447	0.1956421285867691	0.6121689081192017	0.4353077709674835
2117	0.0035293542314320803	0.19564519822597504	0.6127092242240906	0.4355649948120117
2118	0.0035484367981553078	0.19563449919223785	0.6133420467376709	0.43580421805381775
2119	0.003592632245272398	0.19557729363441467	0.6139793992042542	0.43597787618637085
2120	0.0035737967118620872	0.1954593062400818	0.6145221590995789	0.436218798160553
2121	0.0035209287889301777	0.1953084021806717	0.6148533821105957	0.43642473220825195
2122	0.00352138327434659	0.19516359269618988	0.6150679588317871	0.4365900158882141
2123	0.003592084161937237	0.19506210088729858	0.6149503588676453	0.43660837411880493
2124	0.003574220696464181	0.19501206278800964	0.6147319078445435	0.43653956055641174
2125	0.003591609187424183	0.19514645636081696	0.6143965721130371	0.4364250898361206
2126	0.003535772208124399	0.19544363021850586	0.6139416694641113	0.43614253401756287
2127	0.003540179692208767	0.195722758769989	0.6135371923446655	0.4358910620212555
2128	0.0036640590988099575	0.19599291682243347	0.6130388975143433	0.43554800748825073
2129	0.003557714633643627	0.19613316655158997	0.6127034425735474	0.4352933168411255
2130	0.0036119031719863415	0.19612054526805878	0.6123534440994263	0.43498000502586365
2131	0.003557988442480564	0.19600547850131989	0.6120713353157043	0.4348030388355255
2132	0.0036184443160891533	0.19584332406520844	0.6116970777511597	0.43460947275161743
2133	0.0036024830769747496	0.19556424021720886	0.6115168929100037	0.4345800280570984
2134	0.0035958304069936275	0.1953490972518921	0.6116060614585876	0.4345080256462097
2135	0.0035647547338157892	0.19517077505588531	0.6116214990615845	0.43440312147140503
2136	0.0035343808121979237	0.19509679079055786	0.6115979552268982	0.4341808259487152
2137	0.0035404255613684654	0.1950964629650116	0.6117453575134277	0.43408122658729553
2138	0.0034790532663464546	0.19530212879180908	0.6120846271514893	0.43406862020492554
2139	0.0035216710530221462	0.19556458294391632	0.6124160289764404	0.4340866804122925
2140	0.0035781296901404858	0.1957332193851471	0.6125487089157104	0.43419623374938965
2141	0.0035266217309981585	0.19579322636127472	0.6129128932952881	0.43450742959976196
2142	0.0036472829524427652	0.19581301510334015	0.6132069230079651	0.43471622467041016
2143	0.0035962702240794897	0.19580942392349243	0.6133862137794495	0.43483608961105347
2144	0.003710778197273612	0.19585458934307098	0.6135860085487366	0.4349311888217926
2145	0.0035461701918393373	0.19577257335186005	0.6138125658035278	0.43513232469558716
2146	0.0035527285654097795	0.19574227929115295	0.6138367652893066	0.4352300763130188
2147	0.0035636930260807276	0.19573016464710236	0.6139264106750488	0.4354676902294159
2148	0.003549940651282668	0.19567519426345825	0.6139037609100342	0.43560725450515747
2149	0.00365246320143342	0.19563207030296326	0.6137528419494629	0.4356159269809723
2150	0.003556715790182352	0.19558535516262054	0.6135642528533936	0.43559274077415466
2151	0.003541841870173812	0.1955789476633072	0.6133098006248474	0.43542125821113586
2152	0.003541350131854415	0.195484921336174	0.6130270957946777	0.43517544865608215
2153	0.0036008984316140413	0.19536511600017548	0.6129255890846252	0.4349572956562042
2154	0.003457644023001194	0.19527265429496765	0.612484335899353	0.43462663888931274
2155	0.003571675391867757	0.19533395767211914	0.6123017072677612	0.4344126880168915
2156	0.003515980439260602	0.19541314244270325	0.6122626066207886	0.4342025816440582
2157	0.003600707044824958	0.19568239152431488	0.6123567223548889	0.4339554011821747
2158	0.003662190632894635	0.19592870771884918	0.6124071478843689	0.4337434470653534
2159	0.0035601824056357145	0.196152001619339	0.612251877784729	0.4336441159248352
2160	0.0035547898150980473	0.19627754390239716	0.6119917631149292	0.4336400628089905
2161	0.003639355069026351	0.19629280269145966	0.611863374710083	0.4337809979915619
2162	0.003462292719632387	0.19621019065380096	0.6118296384811401	0.4340342581272125
2163	0.0035209166817367077	0.19602519273757935	0.6118063926696777	0.4343336522579193
2164	0.003504284657537937	0.19585227966308594	0.6118637919425964	0.43452438712120056
2165	0.00362569373100996	0.1956513375043869	0.6123113632202148	0.4347093999385834
2166	0.003540972014889121	0.19544453918933868	0.612839937210083	0.43462732434272766
2167	0.003549283603206277	0.19533689320087433	0.6134549975395203	0.4346424341201782
2168	0.0034867890644818544	0.19536665081977844	0.6136633157730103	0.4345390200614929
2169	0.003606317564845085	0.19539989531040192	0.6138173937797546	0.4346560537815094
2170	0.003578467993065715	0.19544942677021027	0.613603413105011	0.4347383379936218
2171	0.003654641564935446	0.19546863436698914	0.6128939390182495	0.4347694516181946
2172	0.003556811483576894	0.1955602616071701	0.6123329997062683	0.4348210394382477
2173	0.003598851850256324	0.19563782215118408	0.6118154525756836	0.4349119961261749
2174	0.003663320792838931	0.1956680864095688	0.6115039587020874	0.43492037057876587
2175	0.003510960377752781	0.19566358625888824	0.6116198897361755	0.43485522270202637
2176	0.003507418092340231	0.19567914307117462	0.6116853356361389	0.43464183807373047
2177	0.003516664495691657	0.19564971327781677	0.6117982268333435	0.4343907833099365
2178	0.003573088441044092	0.19565752148628235	0.6122122406959534	0.4341883063316345
2179	0.0035472451709210873	0.19568681716918945	0.6125108003616333	0.4340413808822632
2180	0.0036146282218396664	0.19576331973075867	0.6126714944839478	0.43393784761428833
2181	0.0036039594560861588	0.19584637880325317	0.6127060055732727	0.4340173602104187
2182	0.0035456952173262835	0.1959385722875595	0.6125807762145996	0.4343225359916687
2183	0.003427470801398158	0.19600239396095276	0.6123870015144348	0.43469786643981934
2184	0.0035334087442606688	0.19602905213832855	0.6123348474502563	0.4351082146167755
2185	0.0035301398020237684	0.1960333287715912	0.6122648119926453	0.4353230893611908
2186	0.003633638843894005	0.1960485875606537	0.6123850345611572	0.4353705048561096
2187	0.0035650753416121006	0.19600190222263336	0.6128355264663696	0.4352795481681824
2188	0.003462484572082758	0.19587960839271545	0.613309383392334	0.4351680874824524
2189	0.003495390061289072	0.1957860291004181	0.6139052510261536	0.4351392388343811
2190	0.003627030411735177	0.19562150537967682	0.614216685295105	0.435139536857605
2191	0.0035250114742666483	0.1955198347568512	0.6142255663871765	0.43484362959861755
2192	0.003524650353938341	0.1955011934041977	0.6139786839485168	0.43454310297966003
2193	0.003560686483979225	0.19541610777378082	0.613601565361023	0.43447771668434143
2194	0.00357221276499331	0.19540858268737793	0.6129863262176514	0.4344657361507416
2195	0.0035419564228504896	0.19535376131534576	0.6123857498168945	0.4345739781856537
2196	0.0035275467671453953	0.19532550871372223	0.6123900413513184	0.4347705543041229
2197	0.003542012767866254	0.19530490040779114	0.6123743057250977	0.4348474442958832
2198	0.0034797582775354385	0.19532720744609833	0.6126193404197693	0.43488678336143494
2199	0.003458908526226878	0.19539977610111237	0.6129299998283386	0.43494799733161926
2200	0.003515328047797084	0.19536499679088593	0.6132679581642151	0.435038298368454
2201	0.0035539469681680202	0.1953432410955429	0.6133309006690979	0.4352136552333832
2202	0.003372879233211279	0.19538171589374542	0.6133314371109009	0.4353671371936798
2203	0.0035234023816883564	0.1955215334892273	0.6131898760795593	0.4354591965675354
2204	0.0035417606122791767	0.19565735757350922	0.6128803491592407	0.43561792373657227
2205	0.0035135482903569937	0.19574308395385742	0.6125332117080688	0.4357481002807617
2206	0.003519826801493764	0.19586211442947388	0.6120543479919434	0.43574073910713196
2207	0.0034205804113298655	0.19595502316951752	0.611587643623352	0.43559879064559937
2208	0.003512417897582054	0.1959429234266281	0.6115097403526306	0.4353092610836029
2209	0.0035185886081308126	0.1958962082862854	0.6116251945495605	0.4348642826080322
2210	0.003509297501295805	0.1958000659942627	0.6120873689651489	0.43453988432884216
2211	0.003574294038116932	0.19565902650356293	0.612789511680603	0.4344973564147949
2212	0.0035406232345849276	0.19551922380924225	0.6132887601852417	0.4345496892929077
2213	0.003542972495779395	0.19543661177158356	0.613585889339447	0.4345974922180176
2214	0.003498293226584792	0.1953963041305542	0.6137805581092834	0.43476879596710205
2215	0.0035280000884085894	0.19541043043136597	0.6137206554412842	0.4349987804889679
2216	0.003481159219518304	0.19543865323066711	0.6136937141418457	0.43523725867271423
2217	0.003510603215545416	0.19539031386375427	0.6138182282447815	0.43574294447898865
2218	0.00359494355507195	0.19536396861076355	0.6138639450073242	0.4361126720905304
2219	0.003528992645442486	0.19543878734111786	0.6138540506362915	0.4363192617893219
2220	0.0034448683727532625	0.1955130696296692	0.6140469908714294	0.43633121252059937
2221	0.0035370555706322193	0.19554060697555542	0.6141006350517273	0.4361366033554077
2222	0.003513745265081525	0.19553536176681519	0.6140925288200378	0.43590831756591797
2223	0.0035000392235815525	0.1954340636730194	0.6141307353973389	0.4357128441333771
2224	0.003556933719664812	0.1952495127916336	0.6141724586486816	0.4356083273887634
2225	0.0035868589766323566	0.19502350687980652	0.6143205165863037	0.4356568455696106
2226	0.003531332826241851	0.19480912387371063	0.6145005822181702	0.4357888996601105
2227	0.0035244300961494446	0.19477060437202454	0.6143152713775635	0.43570414185523987
2228	0.003462044754996896	0.19488421082496643	0.6141833662986755	0.43558672070503235
2229	0.0034384611062705517	0.19506113231182098	0.6140804886817932	0.4354662597179413
2230	0.003525862004607916	0.19520804286003113	0.613917887210846	0.4354090988636017
2231	0.0034064005594700575	0.1953762322664261	0.6135550141334534	0.435436487197876
2232	0.00354909454472363	0.195541650056839	0.6132261157035828	0.43535152077674866
2233	0.0035437981132417917	0.19567988812923431	0.613057553768158	0.43519118428230286
2234	0.003512923140078783	0.1957344114780426	0.6131051778793335	0.43506428599357605
2235	0.003515576710924506	0.19577482342720032	0.6129860877990723	0.4350624978542328
2236	0.003498035715892911	0.19579824805259705	0.6127646565437317	0.4351058006286621
2237	0.0034440436866134405	0.19576597213745117	0.6125245094299316	0.4352143704891205
2238	0.00353466859087348	0.19562998414039612	0.6126659512519836	0.43565240502357483
2239	0.0034759999252855778	0.1955179125070572	0.612733006477356	0.43594372272491455
2240	0.0034904417116194963	0.1954488307237625	0.6129743456840515	0.4361940324306488
2241	0.0034806332550942898	0.19543729722499847	0.6134456396102905	0.4363289773464203
2242	0.003550117602571845	0.1954491138458252	0.6137852668762207	0.43628036975860596
2243	0.003484969027340412	0.1955065280199051	0.614152729511261	0.43606898188591003
2244	0.0036206329241394997	0.19564631581306458	0.6143929362297058	0.4357382655143738
2245	0.0034957467578351498	0.1957322359085083	0.6143025159835815	0.4352833330631256
2246	0.0034856584388762712	0.1958133578300476	0.613767147064209	0.4349164068698883
2247	0.0034573778975754976	0.19574619829654694	0.6130622029304504	0.43453508615493774
2248	0.003568272804841399	0.19564832746982574	0.6123133897781372	0.4343535006046295
2249	0.0035492470487952232	0.19556400179862976	0.6117594242095947	0.43423065543174744
2250	0.003551533678546548	0.19552339613437653	0.6112229228019714	0.4340284466743469
2251	0.0034854072146117687	0.19541294872760773	0.6113024950027466	0.4338868260383606
2252	0.003509858390316367	0.19532795250415802	0.6117488145828247	0.43390411138534546
2253	0.0035005800891667604	0.19532646238803864	0.6122933626174927	0.43383312225341797
2254	0.003482479602098465	0.19541196525096893	0.6129900813102722	0.43386542797088623
2255	0.00350494054146111	0.1956302523612976	0.6133596897125244	0.43369153141975403
2256	0.003493064548820257	0.19587577879428864	0.6136156916618347	0.4335222840309143
2257	0.0034765193704515696	0.19593189656734467	0.6134605407714844	0.43343907594680786
2258	0.0035675347317010164	0.19583284854888916	0.6130640506744385	0.43350860476493835
2259	0.0035113354679197073	0.19571319222450256	0.6130425930023193	0.43375155329704285
2260	0.0034935763105750084	0.1956089586019516	0.6129412651062012	0.43379825353622437
2261	0.0035021170042455196	0.19555361568927765	0.6127761006355286	0.433760404586792
2262	0.0035187904722988605	0.1955830156803131	0.6124632358551025	0.4337107539176941
2263	0.0035483462270349264	0.19560129940509796	0.6121341586112976	0.43370258808135986
2264	0.0035374651197344065	0.19556191563606262	0.6118553280830383	0.43356481194496155
2265	0.00358163402415812	0.19545908272266388	0.6116248965263367	0.4335397183895111
2266	0.0034549604170024395	0.19532866775989532	0.6115863919258118	0.4336811304092407
2267	0.003448019502684474	0.19526343047618866	0.6117715239524841	0.433818519115448
2268	0.0034948145039379597	0.19523192942142487	0.6122419834136963	0.4339984953403473
2269	0.0035035095643252134	0.1951943188905716	0.6128878593444824	0.4342499077320099
2270	0.003475032513961196	0.1952229142189026	0.6135030388832092	0.4344116747379303
2271	0.003499638522043824	0.1952696442604065	0.6141169667243958	0.4347193241119385
2272	0.003551643807440996	0.19535182416439056	0.614718496799469	0.4350528120994568
2273	0.003489690599963069	0.19545304775238037	0.615053117275238	0.4352642893791199
2274	0.0034439819864928722	0.19540342688560486	0.6152724623680115	0.4356440603733063
2275	0.003500191029161215	0.19533121585845947	0.6152840256690979	0.43588194251060486
2276	0.0034769100602716208	0.19515129923820496	0.6149709224700928	0.43600621819496155
2277	0.003494290867820382	0.19503405690193176	0.6143968105316162	0.4360952377319336
2278	0.003415500046685338	0.1950068324804306	0.6136448383331299	0.43591102957725525
2279	0.00348182232119143	0.19508078694343567	0.6130985021591187	0.4356801509857178
2280	0.003506151493638754	0.19506485760211945	0.6127384305000305	0.43556833267211914
2281	0.003499072277918458	0.1951017826795578	0.6126298904418945	0.43555256724357605
2282	0.003487175330519676	0.19518716633319855	0.6128519177436829	0.4355340301990509
2283	0.0036019771359860897	0.19526389241218567	0.6135393977165222	0.43565481901168823
2284	0.003432408906519413	0.195348858833313	0.6141325831413269	0.43572959303855896
2285	0.0033774152398109436	0.19545818865299225	0.6147581934928894	0.4358137547969818
2286	0.0034724432043731213	0.19552390277385712	0.6153064370155334	0.4358192980289459
2287	0.00345908896997571	0.1955367475748062	0.6157113313674927	0.4358164668083191
2288	0.0034606289118528366	0.19552789628505707	0.6155845522880554	0.43560394644737244
2289	0.003431913908571005	0.19542831182479858	0.6152915954589844	0.4354512691497803
2290	0.003462748369202018	0.19534645974636078	0.614434540271759	0.4351375997066498
2291	0.0035269632935523987	0.1953764259815216	0.6136773228645325	0.43479111790657043
2292	0.0034986063838005066	0.19537213444709778	0.6132182478904724	0.43471306562423706
2293	0.003547310596331954	0.19534246623516083	0.6129195094108582	0.4346339702606201
2294	0.0034733132924884558	0.19527912139892578	0.6129165291786194	0.43470147252082825
2295	0.0034528227988630533	0.1952616423368454	0.6130524277687073	0.4347923994064331
2296	0.0034467815421521664	0.19528159499168396	0.6131477952003479	0.43489792943000793
2297	0.0034638773649930954	0.1954008936882019	0.6132695078849792	0.4350714683532715
2298	0.003485150635242462	0.19552074372768402	0.6133025288581848	0.43511763215065
2299	0.003417426720261574	0.19559460878372192	0.6132210493087769	0.4350830614566803
2300	0.003478514263406396	0.19569143652915955	0.6129905581474304	0.4349157512187958
2301	0.003389202058315277	0.19567279517650604	0.6129385232925415	0.43484288454055786
2302	0.0034648666623979807	0.19549871981143951	0.6130519509315491	0.434696763753891
2303	0.0034983123186975718	0.19522856175899506	0.6132448315620422	0.4346170723438263
2304	0.003522465704008937	0.19506661593914032	0.6133216023445129	0.4344791769981384
2305	0.003505977801978588	0.19496488571166992	0.6133996248245239	0.43436527252197266
2306	0.003469682764261961	0.19497299194335938	0.6132642030715942	0.43411606550216675
2307	0.0035386995878070593	0.195033997297287	0.613185465335846	0.4339776337146759
2308	0.003447329392656684	0.1950593888759613	0.6131841540336609	0.434054970741272
2309	0.00345428753644228	0.1951545625925064	0.6131853461265564	0.43422263860702515
2310	0.0035072099417448044	0.19522301852703094	0.6131384968757629	0.43435439467430115
2311	0.0034482465125620365	0.19524003565311432	0.6131954789161682	0.4343833327293396
2312	0.0034113475121557713	0.1952543556690216	0.6132704019546509	0.43451744318008423
2313	0.003388315672054887	0.19525986909866333	0.6132176518440247	0.4346180558204651
2314	0.0034766490571200848	0.19530415534973145	0.6132239103317261	0.43480759859085083
2315	0.003486843081191182	0.19540201127529144	0.6135302782058716	0.4351748526096344
2316	0.003391921054571867	0.195427805185318	0.6138445734977722	0.43543705344200134
2317	0.0035466146655380726	0.1953704059123993	0.6140124797821045	0.4357457160949707
2318	0.0034662119578570127	0.19522805511951447	0.6142316460609436	0.4360855221748352
2319	0.003380970098078251	0.1951451450586319	0.6141554117202759	0.43612682819366455
2320	0.0035607784520834684	0.19512689113616943	0.6139168739318848	0.4360744059085846
2321	0.003473178017884493	0.19515730440616608	0.6135280728340149	0.4358564019203186
2322	0.003419826738536358	0.19528858363628387	0.6135063171386719	0.4356890022754669
2323	0.003481904976069927	0.19544760882854462	0.6136181354522705	0.4355016052722931
2324	0.00339338555932045	0.1955367922782898	0.6136170625686646	0.4352773427963257
2325	0.003494654316455126	0.19559644162654877	0.6135957837104797	0.4352053105831146
2326	0.003440437838435173	0.19559529423713684	0.6136361956596375	0.4351802170276642
2327	0.0035169103648513556	0.1955556720495224	0.6136740446090698	0.435183584690094
2328	0.0034490558318793774	0.19542212784290314	0.613861083984375	0.43533527851104736
2329	0.0034736809320747852	0.19525909423828125	0.6140015721321106	0.43556809425354004
2330	0.0035185881424695253	0.19508787989616394	0.6141757965087891	0.43599289655685425
2331	0.003453439101576805	0.1950964778661728	0.6143491268157959	0.4363659918308258
2332	0.003364845644682646	0.19520242512226105	0.6146999001502991	0.4366658627986908
2333	0.003491373499855399	0.19532990455627441	0.6148238182067871	0.43658608198165894
2334	0.0035469450522214174	0.19538070261478424	0.6149972081184387	0.43641263246536255
2335	0.003414836246520281	0.19546158611774445	0.6149963736534119	0.4360978603363037
2336	0.0034203382674604654	0.19552640616893768	0.615012526512146	0.435853511095047
2337	0.003485725959762931	0.1954924464225769	0.6150960922241211	0.4357188642024994
2338	0.0035082856193184853	0.19543401896953583	0.6150490641593933	0.4354829490184784
2339	0.0034927623346447945	0.19522877037525177	0.6151531934738159	0.435472697019577
2340	0.003379849251359701	0.19497792422771454	0.6150550842285156	0.4355575740337372
2341	0.0033905322197824717	0.19481149315834045	0.6147534847259521	0.4354483187198639
2342	0.0034344138111919165	0.19481100142002106	0.6143084764480591	0.4353397786617279
2343	0.003379815723747015	0.19487033784389496	0.6139768958091736	0.4353371560573578
2344	0.0033469374757260084	0.19492453336715698	0.6140280365943909	0.43536272644996643
2345	0.0033729621209204197	0.1950044333934784	0.614146888256073	0.435396283864975
2346	0.003394835628569126	0.19516363739967346	0.6143659353256226	0.4354816675186157
2347	0.003468215698376298	0.19526787102222443	0.6146913170814514	0.4355114698410034
2348	0.003484404878690839	0.19536665081977844	0.614981472492218	0.4355287551879883
2349	0.0034093079157173634	0.19530194997787476	0.61534184217453	0.4356729984283447
2350	0.0035255670081824064	0.19522900879383087	0.6155385375022888	0.4359498918056488
2351	0.003482758067548275	0.19511622190475464	0.6153457760810852	0.4362235367298126
2352	0.0034226025454699993	0.19495859742164612	0.6151618957519531	0.43644219636917114
2353	0.003411342157050967	0.19488711655139923	0.6148380637168884	0.43647119402885437
2354	0.003540139878168702	0.1949179768562317	0.6144580841064453	0.4364241063594818
2355	0.00350104714743793	0.19500403106212616	0.6143917441368103	0.4363848567008972
2356	0.003445917274802923	0.19518594443798065	0.6145944595336914	0.4362667500972748
2357	0.003409406403079629	0.1952989101409912	0.6149170994758606	0.4362729489803314
2358	0.003529793582856655	0.1953480839729309	0.614973247051239	0.436212956905365
2359	0.003523353487253189	0.19534198939800262	0.614790678024292	0.4361286759376526
2360	0.0034423021133989096	0.19541588425636292	0.6144940853118896	0.43600907921791077
2361	0.00343350344337523	0.19548100233078003	0.6142176985740662	0.4358978867530823
2362	0.0035003433004021645	0.19551776349544525	0.6138368248939514	0.4357990324497223
2363	0.0034409633371979	0.19549711048603058	0.6135905981063843	0.435716837644577
2364	0.0034771577920764685	0.19542938470840454	0.6132425665855408	0.4355529546737671
2365	0.0034513098653405905	0.19535879790782928	0.6128905415534973	0.435464471578598
2366	0.0034007648937404156	0.19533786177635193	0.6125467419624329	0.4353826642036438
2367	0.0034612000454217196	0.19531115889549255	0.6123548746109009	0.43521183729171753
2368	0.0034335076343268156	0.19531437754631042	0.612317681312561	0.4351130723953247
2369	0.0033650321420282125	0.19533619284629822	0.612231969833374	0.4349667429924011
2370	0.003451664000749588	0.19536733627319336	0.6123361587524414	0.43483299016952515
2371	0.0034733230713754892	0.19538962841033936	0.6126099824905396	0.43487927317619324
2372	0.003432726953178644	0.19552652537822723	0.6125723123550415	0.43473178148269653
2373	0.003426189534366131	0.19564437866210938	0.612908661365509	0.434738427400589
2374	0.003415200626477599	0.19569174945354462	0.6132661700248718	0.4347643554210663
2375	0.003392732236534357	0.19570350646972656	0.6135854721069336	0.4349081814289093
2376	0.0034137777984142303	0.19564752280712128	0.613662838935852	0.4349425137042999
2377	0.0034059747122228146	0.19554002583026886	0.6137487888336182	0.43505266308784485
2378	0.0034344675950706005	0.1953858882188797	0.6136710047721863	0.4350704252719879
2379	0.0035417485050857067	0.19519397616386414	0.613754153251648	0.4351467192173004
2380	0.003476744517683983	0.1949821412563324	0.613949716091156	0.43519338965415955
2381	0.0035420090425759554	0.194833442568779	0.6141071319580078	0.4352155029773712
2382	0.00344863417558372	0.19474931061267853	0.614315390586853	0.43523988127708435
2383	0.0033968088682740927	0.19481073319911957	0.6145274043083191	0.4352262020111084
2384	0.003503556828945875	0.19494833052158356	0.6143884658813477	0.43517306447029114
2385	0.003448002738878131	0.1950836032629013	0.6142127513885498	0.43516016006469727
2386	0.0035085021518170834	0.1951543390750885	0.6137269139289856	0.4350166618824005
2387	0.003447219729423523	0.19514933228492737	0.6133913993835449	0.43494081497192383
2388	0.003375645959749818	0.1951473355293274	0.6131102442741394	0.43497323989868164
2389	0.0033744259271770716	0.19520093500614166	0.6130741238594055	0.43508073687553406
2390	0.003440397558733821	0.19523437321186066	0.613030195236206	0.4351743161678314
2391	0.0034476895816624165	0.1953052282333374	0.6131237149238586	0.4352795481681824
2392	0.003461600514128804	0.19541166722774506	0.6132084727287292	0.435415118932724
2393	0.003374499501660466	0.1954912692308426	0.6131228804588318	0.4355213940143585
2394	0.003497202880680561	0.19559620320796967	0.6129913926124573	0.4353567659854889
