stimulus,true_Green,true_Cucumber,true_Herbal,true_Mint,true_Woody,true_Pine,true_Floral,true_Powdery,true_Fruity,true_Citrus,true_Tropical,true_Berry,true_Peach,true_Sweet,true_Caramellic,true_Vanilla,true_BrownSpice,true_Smoky,true_Burnt,true_Roasted,true_Grainy,true_Meaty,true_Nutty,true_Fatty,true_Coconut,true_Waxy,true_Dairy,true_Buttery,true_Cheesy,true_Sour,true_Fermented,true_Sulfurous,true_Garlic.Onion,true_Earthy,true_Mushroom,true_Musty,true_Ammonia,true_Fishy,true_Fecal,true_Rotten.Decay,true_Rubber,true_Phenolic,true_Animal,true_Medicinal,true_Cooling,true_Sharp,true_Chlorine,true_Alcoholic,true_Plastic,true_Ozone,true_Metallic,pred_Green,pred_Cucumber,pred_Herbal,pred_Mint,pred_Woody,pred_Pine,pred_Floral,pred_Powdery,pred_Fruity,pred_Citrus,pred_Tropical,pred_Berry,pred_Peach,pred_Sweet,pred_Caramellic,pred_Vanilla,pred_BrownSpice,pred_Smoky,pred_Burnt,pred_Roasted,pred_Grainy,pred_Meaty,pred_Nutty,pred_Fatty,pred_Coconut,pred_Waxy,pred_Dairy,pred_Buttery,pred_Cheesy,pred_Sour,pred_Fermented,pred_Sulfurous,pred_Garlic.Onion,pred_Earthy,pred_Mushroom,pred_Musty,pred_Ammonia,pred_Fishy,pred_Fecal,pred_Rotten.Decay,pred_Rubber,pred_Phenolic,pred_Animal,pred_Medicinal,pred_Cooling,pred_Sharp,pred_Chlorine,pred_Alcoholic,pred_Plastic,pred_Ozone,pred_Metallic
AA085,0.076923077,0.0,0.692307692,0.730769231,0.0,0.0,0.153846154,0.0,0.153846154,0.038461538,0.076923077,0.0,0.0,0.384615385,0.0,0.0,0.0,0.153846154,0.0,0.192307692,0.0,0.0,0.0,0.192307692,0.0,0.153846154,0.0,0.0,0.0,0.0,0.038461538,0.0,0.0,0.115384615,0.0,0.038461538,0.5,0.0,0.0,0.192307692,0.038461538,0.153846154,0.0,2.346153846,2.346153846,0.923076923,0.076923077,0.692307692,0.0,0.115384615,0.0,0.5666874051094055,0.2196737378835678,0.6303586959838867,1.2223037481307983,0.3563759922981262,0.257170706987381,0.5924267768859863,0.29235801100730896,0.34545740485191345,0.26432034373283386,0.1465686708688736,0.19326446950435638,0.06026121601462364,0.7614345550537109,0.17114636301994324,0.2097041755914688,0.13633452355861664,0.07311352342367172,0.06734330952167511,0.1464851200580597,0.16342368721961975,0.02955571934580803,0.12831905484199524,0.03704085946083069,0.02545890025794506,0.10571631789207458,0.030012009665369987,0.022470444440841675,0.04522024467587471,0.271671861410141,0.14735358953475952,0.09429331123828888,0.12367621809244156,0.349481463432312,0.08492185920476913,0.41023150086402893,0.2960357367992401,0.20510999858379364,0.04125799983739853,0.16027623414993286,0.18713797628879547,0.1875310242176056,0.12295731157064438,0.8770586252212524,1.3368098735809326,0.6506112217903137,0.2524428963661194,0.9488999843597412,0.20373038947582245,0.16137409210205078,0.13080410659313202
AA175,0.0,0.038461538,0.230769231,0.115384615,0.153846154,0.0,1.076923077,0.307692308,0.846153846,0.0,0.0,0.153846154,0.115384615,0.692307692,0.038461538,0.0,0.0,0.0,0.0,0.0,0.0,0.0,0.0,0.0,0.076923077,0.153846154,0.461538462,0.0,0.0,0.0,0.076923077,0.0,0.115384615,0.0,0.0,0.230769231,0.076923077,0.0,0.0,0.0,0.115384615,0.5,0.115384615,0.384615385,0.538461538,0.230769231,0.269230769,0.538461538,0.423076923,0.153846154,0.0,0.2973206341266632,0.3126949369907379,0.3540390729904175,0.18994270265102386,0.15578126907348633,0.16468928754329681,0.9793517589569092,0.48592129349708557,0.3280722498893738,0.3136901259422302,0.157030388712883,0.17973774671554565,0.054723210632801056,0.7924076914787292,0.10978452116250992,0.1512582153081894,0.16457289457321167,0.14771337807178497,0.09411855787038803,0.14479708671569824,0.1771552413702011,0.18177230656147003,0.13045911490917206,0.0629768893122673,0.06375254690647125,0.14746208488941193,0.12153850495815277,0.041043106466531754,0.10527729243040085,0.3441964387893677,0.12547428905963898,0.06318508088588715,0.09825557470321655,0.18109820783138275,0.08339544385671616,0.25731393694877625,0.21798253059387207,0.053052932024002075,0.026753414422273636,0.1291562169790268,0.09332633763551712,0.25610673427581787,0.2558220624923706,0.483035147190094,0.40780627727508545,0.34577369689941406,0.23938541114330292,0.6408392786979675,0.24314916133880615,0.11616148054599762,0.0936400517821312
AA212,0.0,0.0,0.0,0.153846154,0.0,0.0,1.038461538,0.615384615,0.192307692,0.346153846,0.038461538,0.076923077,0.0,0.769230769,0.0,0.192307692,0.0,0.076923077,0.038461538,0.0,0.0,0.0,0.0,0.0,0.153846154,0.0,0.346153846,0.076923077,0.0,0.269230769,0.0,0.0,0.0,0.0,0.0,0.115384615,0.0,0.0,0.0,0.0,0.0,0.192307692,0.0,0.576923077,0.307692308,0.423076923,0.038461538,0.230769231,0.346153846,0.269230769,0.076923077,0.2973206341266632,0.3126949369907379,0.3540390729904175,0.18994270265102386,0.15578126907348633,0.16468928754329681,0.9793517589569092,0.48592129349708557,0.3280722498893738,0.3136901259422302,0.157030388712883,0.17973774671554565,0.054723210632801056,0.7924076914787292,0.10978452116250992,0.1512582153081894,0.16457289457321167,0.14771337807178497,0.09411855787038803,0.14479708671569824,0.1771552413702011,0.18177230656147003,0.13045911490917206,0.0629768893122673,0.06375254690647125,0.14746208488941193,0.12153850495815277,0.041043106466531754,0.10527729243040085,0.3441964387893677,0.12547428905963898,0.06318508088588715,0.09825557470321655,0.18109820783138275,0.08339544385671616,0.25731393694877625,0.21798253059387207,0.053052932024002075,0.026753414422273636,0.1291562169790268,0.09332633763551712,0.25610673427581787,0.2558220624923706,0.483035147190094,0.40780627727508545,0.34577369689941406,0.23938541114330292,0.6408392786979675,0.24314916133880615,0.11616148054599762,0.0936400517821312
AA385,0.346153846,0.0,0.346153846,0.269230769,0.269230769,0.230769231,0.0,0.384615385,0.346153846,0.0,0.0,0.0,0.192307692,0.807692308,0.461538462,0.0,0.115384615,0.192307692,0.192307692,0.307692308,0.192307692,0.153846154,0.192307692,1.038461538,0.153846154,1.076923077,0.269230769,1.038461538,0.0,0.0,0.0,0.0,0.0,0.076923077,0.192307692,0.153846154,0.0,0.0,0.0,0.0,0.115384615,0.0,0.0,0.0,0.153846154,0.0,0.0,0.076923077,0.115384615,0.0,0.0,0.1901063621044159,0.01564137078821659,0.22276940941810608,0.28136569261550903,0.13645951449871063,0.08628334850072861,0.3343425393104553,0.49960359930992126,0.33695685863494873,0.1215984970331192,0.12338680773973465,0.1629035919904709,0.12135138362646103,1.4502651691436768,0.38036903738975525,0.3212154805660248,0.18120791018009186,0.4081585705280304,0.046426255255937576,0.1522776484489441,0.044631872326135635,0.07821162790060043,0.20972643792629242,0.23573820292949677,0.3622356355190277,0.8571984171867371,0.15364421904087067,0.9790109992027283,0.33619436621665955,0.15290158987045288,0.030884450301527977,0.0701194554567337,0.03410138934850693,0.13934016227722168,0.047319792211055756,0.17947660386562347,0.06748095899820328,0.007113802712410688,0.0272350013256073,0.0034458499867469072,0.17317688465118408,0.1682407259941101,0.01956222951412201,0.07034829258918762,0.09605184942483902,0.05998988449573517,0.05995818227529526,0.10722203552722931,0.1969444751739502,0.12641750276088715,0.06130524352192879
AA476,0.0,0.0,0.115384615,0.0,0.192307692,0.0,0.0,0.192307692,0.153846154,0.0,0.0,0.0,0.038461538,0.807692308,0.115384615,0.038461538,0.0,0.269230769,0.153846154,0.5,0.461538462,0.5,0.538461538,0.615384615,0.192307692,0.115384615,0.884615385,0.5,1.230769231,0.230769231,0.115384615,0.192307692,0.615384615,0.307692308,0.153846154,0.0,0.076923077,0.730769231,0.0,0.230769231,0.0,0.038461538,0.192307692,0.076923077,0.076923077,0.0,0.0,0.0,0.0,0.038461538,0.0,0.17031307518482208,0.01542000100016594,0.22157111763954163,0.06612205505371094,0.1873936504125595,0.08371073752641678,0.11834422498941422,0.17938217520713806,0.3014257550239563,0.12050814926624298,0.09834630787372589,0.12011384218931198,0.08859140425920486,0.6842471361160278,0.48433443903923035,0.18331032991409302,0.1369178742170334,0.15778137743473053,0.16026297211647034,0.37271690368652344,0.40451115369796753,0.24934346973896027,0.27850350737571716,0.4606637954711914,0.2825735807418823,0.29441630840301514,0.4771590530872345,0.2345743030309677,1.1115249395370483,0.41342893242836,0.29931706190109253,0.45197224617004395,0.6388518214225769,0.14729514718055725,0.14680206775665283,0.37705427408218384,0.10408145934343338,0.3123061954975128,0.041855230927467346,0.5559349060058594,0.13547921180725098,0.15760669112205505,0.08573994785547256,0.13431377708911896,0.1609715074300766,0.17845967411994934,0.08168929070234299,0.24161294102668762,0.20913547277450562,0.10697729885578156,0.06762444227933884
AA649,0.0,0.0,0.0,0.0,0.0,0.115384615,0.307692308,0.269230769,0.153846154,0.0,0.0,0.0,0.0,0.576923077,0.0,0.0,0.115384615,0.076923077,0.846153846,0.384615385,0.730769231,0.115384615,0.576923077,0.346153846,0.0,0.192307692,0.0,0.0,0.153846154,0.0,0.192307692,0.653846154,0.384615385,0.461538462,0.192307692,0.0,0.5,0.0,0.0,0.0,0.0,0.423076923,0.692307692,0.076923077,0.0,0.153846154,0.0,0.0,0.0,0.0,0.0,0.12896382808685303,0.010018602013587952,0.12445669621229172,-0.0026446119882166386,0.023176582530140877,0.0863480195403099,0.5223031044006348,0.4267863929271698,0.1485820859670639,0.15165063738822937,0.07547584176063538,0.08965868502855301,0.03048047609627247,0.5737496018409729,0.04101066663861275,0.07257244735956192,0.09040572494268417,0.3738955557346344,0.763274610042572,0.5702131390571594,0.1618458777666092,0.11686904728412628,0.16560523211956024,0.04219340160489082,0.04113418608903885,0.10722673684358597,0.015981024131178856,0.03140057623386383,0.22789181768894196,0.20946188271045685,0.11945556849241257,0.25490042567253113,0.20003269612789154,0.2154674530029297,0.27002018690109253,0.04649718478322029,0.2517983019351959,0.11732546240091324,0.028810421004891396,0.5162314772605896,0.13075929880142212,0.2937723994255066,0.7016603350639343,0.0649871900677681,-0.00036031316267326474,0.3412788510322571,0.13926450908184052,0.011323354206979275,0.25857168436050415,0.08895254880189896,0.04352086782455444
AA893,0.461538462,0.0,0.461538462,0.269230769,0.0,0.307692308,0.653846154,0.0,0.769230769,0.192307692,0.5,0.692307692,0.269230769,0.5,0.0,0.0,0.0,0.153846154,0.0,0.038461538,0.192307692,0.0,0.0,0.0,0.0,0.0,0.0,0.0,0.038461538,0.0,0.192307692,0.153846154,1.576923077,0.0,0.0,0.0,0.269230769,0.384615385,0.076923077,0.192307692,0.153846154,0.192307692,0.076923077,0.423076923,0.384615385,0.923076923,0.0,0.192307692,0.115384615,0.0,0.115384615,0.3042697310447693,0.08363445103168488,0.40633657574653625,0.3857215642929077,0.1553969830274582,0.1704104244709015,0.319832444190979,0.20714981853961945,0.4123067259788513,0.21152257919311523,0.22820667922496796,0.21122509241104126,0.085880808532238,0.4671335518360138,0.12427002936601639,0.11857124418020248,0.15099656581878662,0.08000153303146362,0.13034643232822418,0.3495136797428131,0.17504432797431946,0.33174368739128113,0.20889340341091156,0.10935443639755249,0.030303917825222015,0.22492201626300812,0.06906109303236008,0.08341162651777267,0.20327310264110565,0.316643089056015,0.3203560411930084,0.33716946840286255,1.1866916418075562,0.12353786826133728,0.06554514914751053,0.17901743948459625,0.09421814233064651,0.14613136649131775,0.03660254925489426,0.050132088363170624,0.17983433604240417,0.12490460276603699,0.06732624024152756,0.2718195617198944,0.37189528346061707,0.3970245122909546,0.1268894225358963,0.1901579648256302,0.1938837766647339,0.2478334605693817,0.07515816390514374
AB019,0.222222222,0.0,0.277777778,0.0,0.166666667,0.0,0.277777778,0.111111111,0.0,0.0,0.0,0.0,0.0,0.944444444,0.388888889,0.555555556,0.166666667,0.222222222,0.222222222,0.0,0.0,0.0,0.277777778,0.333333333,0.333333333,0.111111111,1.222222222,0.277777778,1.166666667,1.111111111,0.222222222,0.055555556,0.222222222,0.222222222,0.0,0.5,0.0,0.0,0.0,1.722222222,0.0,0.0,0.222222222,0.111111111,0.055555556,0.0,0.0,0.0,0.166666667,0.0,0.0,0.2017354816198349,0.00827531423419714,0.20077718794345856,0.14863477647304535,0.2640891373157501,0.08131938427686691,0.1869768351316452,0.16055075824260712,0.38889795541763306,0.13633093237876892,0.13299837708473206,0.12607094645500183,0.0858781710267067,0.7737272381782532,0.40223509073257446,0.26208946108818054,0.19226039946079254,0.1453613042831421,0.16751466691493988,0.33453452587127686,0.23645424842834473,0.14883066713809967,0.2056180238723755,0.16151095926761627,0.30640852451324463,0.45358049869537354,0.9248020648956299,0.3046814203262329,0.7868629693984985,0.390652060508728,0.35610806941986084,0.42930495738983154,0.3373180627822876,0.12470326572656631,0.11839926242828369,0.4762780964374542,0.10521820932626724,0.11407946050167084,0.23897232115268707,1.5727200508117676,0.11573357880115509,0.147042378783226,0.10199896991252899,0.10326050966978073,0.15359480679035187,0.16557824611663818,0.0621662363409996,0.181187704205513,0.1943679004907608,0.080618716776371,0.054249778389930725
AB586,0.222222222,3.333333333,0.388888889,0.222222222,0.444444444,0.0,0.166666667,0.111111111,0.5,0.0,0.166666667,0.0,0.0,0.5,0.722222222,0.166666667,0.111111111,0.166666667,0.444444444,0.0,0.0,0.0,0.0,0.0,0.111111111,0.388888889,0.0,0.0,0.0,0.0,0.0,0.166666667,0.0,0.0,0.0,0.222222222,0.0,0.0,0.0,0.0,0.0,0.0,0.0,0.0,0.388888889,0.0,0.0,0.0,0.0,0.0,0.055555556,0.5103673338890076,1.1877082586288452,0.43993520736694336,0.24344095587730408,0.4026910662651062,0.16034367680549622,0.45447924733161926,0.36074528098106384,0.6823655366897583,0.2757999897003174,0.23374520242214203,0.143936887383461,0.11620984226465225,1.309382438659668,0.5033823847770691,0.28231173753738403,0.18862301111221313,0.07766933739185333,0.031168971210718155,0.1578075885772705,0.24213860929012299,0.04223676025867462,0.20856760442256927,0.11894568055868149,0.48792606592178345,0.48221978545188904,0.13751806318759918,0.10320188105106354,0.12897226214408875,0.2472144365310669,0.10046438872814178,0.033237848430871964,0.09759655594825745,0.1343139111995697,0.0638120174407959,0.32738587260246277,0.09656719863414764,0.024073095992207527,0.029586272314190865,0.04238387197256088,0.16822820901870728,0.14713242650032043,0.03378637507557869,0.2942751944065094,0.25045856833457947,0.14913171529769897,0.2025146335363388,0.16837885975837708,0.22561851143836975,0.23954077064990997,0.07644716650247574
AB841,0.0,0.0,0.222222222,3.277777778,0.555555556,0.0,0.277777778,0.944444444,0.333333333,0.0,0.0,0.166666667,0.0,1.555555556,0.277777778,0.722222222,0.444444444,0.944444444,0.777777778,0.055555556,0.0,0.222222222,0.0,0.0,0.0,0.0,0.0,0.0,0.0,0.166666667,0.0,0.0,0.0,0.0,0.0,0.111111111,0.0,0.0,0.0,0.0,0.222222222,0.0,0.0,0.0,0.666666667,0.222222222,0.0,0.0,0.0,0.166666667,0.0,0.11743752658367157,0.0254990141838789,0.5147545337677002,1.7590292692184448,0.515114426612854,0.30976271629333496,0.2868835926055908,0.340167373418808,0.22914709150791168,0.12866716086864471,0.10575341433286667,0.10722684115171432,0.052085645496845245,1.2483893632888794,0.18497128784656525,0.3126814067363739,0.3411105275154114,0.5222927927970886,0.09599030017852783,0.14478187263011932,0.009574687108397484,0.16074958443641663,0.11166461557149887,0.08854521065950394,0.018283391371369362,0.2624332308769226,0.06956327706575394,0.06466591358184814,0.05549759417772293,0.12034200876951218,0.15041153132915497,0.06755749881267548,0.07310522347688675,0.11414449661970139,0.037227243185043335,0.371471107006073,0.12620261311531067,0.054751764982938766,0.06750014424324036,0.15806041657924652,0.36363887786865234,0.22273094952106476,0.04106549546122551,0.37081632018089294,1.0744653940200806,0.11788702011108398,0.10448964685201645,0.06280378252267838,0.22415439784526825,0.16393810510635376,0.09496637433767319
AB873,0.0,0.0,1.055555556,0.055555556,1.277777778,0.555555556,0.0,0.444444444,0.0,0.055555556,0.0,0.0,0.0,0.0,0.0,0.222222222,0.166666667,1.0,0.277777778,0.166666667,0.0,0.0,0.0,0.0,0.0,0.111111111,0.0,0.0,0.0,0.111111111,0.0,0.0,0.0,0.0,0.0,1.055555556,0.055555556,0.0,0.0,0.0,1.0,1.055555556,0.222222222,0.166666667,0.611111111,0.222222222,0.0,0.0,0.722222222,0.0,0.111111111,0.23566514253616333,0.0018008489860221744,0.7372304797172546,0.510581910610199,0.8132655620574951,0.4170256555080414,0.26632779836654663,0.3090275824069977,0.16184101998806,0.1271389275789261,0.14771296083927155,0.09180352836847305,0.032021671533584595,0.7185768485069275,0.4630518853664398,0.370061457157135,0.32007983326911926,0.5013880133628845,0.18916384875774384,0.10821123421192169,0.044243525713682175,0.20395012199878693,0.13525061309337616,0.03312036022543907,0.037358641624450684,0.21423670649528503,0.03261571004986763,0.0666511058807373,0.04930925369262695,0.09422212839126587,0.07908892631530762,0.07809407263994217,0.029245972633361816,0.1976177990436554,0.032619744539260864,0.5861545205116272,0.09244854003190994,0.030654430389404297,0.037331629544496536,0.032043151557445526,0.7332469820976257,0.22964096069335938,0.05952279269695282,0.35994791984558105,0.2645232677459717,0.08318403363227844,0.09335263818502426,0.060062605887651443,0.2840927541255951,0.20050998032093048,0.09211114794015884
AB935,0.0,0.0,0.222222222,0.0,0.111111111,0.111111111,0.0,0.166666667,0.0,0.0,0.0,0.0,0.055555556,0.333333333,0.0,0.111111111,0.333333333,2.222222222,0.0,0.944444444,0.388888889,1.777777778,0.0,0.0,0.0,0.0,0.0,0.0,0.111111111,0.166666667,0.166666667,0.388888889,2.722222222,0.111111111,0.0,0.166666667,0.111111111,0.0,0.0,0.0,0.222222222,0.277777778,0.0,0.0,0.111111111,0.0,0.0,0.0,0.0,0.0,0.166666667,0.06007993966341019,-0.002390054287388921,0.2507055103778839,0.11337445676326752,0.08619949966669083,0.09829214215278625,0.13860011100769043,0.29412955045700073,0.20150154829025269,0.11859128624200821,0.08182381838560104,0.08186586201190948,0.025818977504968643,0.7573026418685913,0.16339077055454254,0.17833484709262848,0.31524255871772766,0.9628512859344482,0.6106439232826233,0.44800952076911926,0.22804971039295197,0.5865136384963989,0.1454545557498932,0.08025827258825302,0.058971237391233444,0.08003893494606018,0.035792555660009384,0.06406383216381073,0.16869738698005676,0.3044271767139435,0.20982864499092102,0.1551862359046936,3.0257039070129395,0.14946359395980835,0.052193138748407364,0.17344407737255096,0.07806754857301712,0.03765524923801422,0.04054436832666397,0.32580798864364624,0.2361285388469696,0.17910948395729065,0.08446019887924194,0.17234297096729279,0.14870190620422363,0.10690616071224213,0.04648953676223755,0.04192482307553291,0.18981389701366425,0.13296468555927277,0.11106590181589127
AB992,0.333333333,3.944444444,0.222222222,0.111111111,0.166666667,0.0,0.0,0.0,0.555555556,0.0,0.111111111,0.0,0.0,0.666666667,0.0,0.0,0.0,0.055555556,0.0,0.0,0.0,0.0,0.0,0.0,0.0,0.055555556,0.0,0.0,0.0,0.0,0.0,0.0,0.222222222,0.0,0.111111111,0.222222222,0.0,0.0,0.0,0.0,0.0,0.0,0.0,0.0,0.5,0.0,0.0,0.111111111,0.055555556,0.055555556,0.0,0.8616713881492615,1.282943606376648,0.4892066419124603,0.16219064593315125,0.25120267271995544,0.20551645755767822,0.33587953448295593,0.2644072473049164,0.6098636388778687,0.27235251665115356,0.1537291705608368,0.20095713436603546,0.09510200470685959,0.7943555116653442,0.11691964417695999,0.10733392834663391,0.11115512251853943,0.024403870105743408,0.13788405060768127,0.38881629705429077,0.41867634654045105,0.14975950121879578,0.25138404965400696,0.4403078556060791,0.03771328926086426,0.22754982113838196,0.1329289823770523,0.13367199897766113,0.3484194278717041,0.2835792601108551,0.11228568851947784,0.14616087079048157,0.5404730439186096,0.17588241398334503,0.08733091503381729,0.3557809293270111,0.06421063095331192,0.4402276873588562,0.035637058317661285,0.24858835339546204,0.1383785754442215,0.15833161771297455,0.05347868800163269,0.07240983098745346,0.2349197119474411,0.17538990080356598,0.15478789806365967,0.04627496749162674,0.2259252518415451,0.18917235732078552,0.0805402621626854
AC024,1.666666667,0.407407407,1.407407407,0.0,0.555555556,0.407407407,0.148148148,0.037037037,0.0,0.074074074,0.0,0.0,0.0,0.111111111,0.0,0.0,0.259259259,0.407407407,0.148148148,0.259259259,0.444444444,0.185185185,0.074074074,0.259259259,0.0,0.037037037,0.0,0.0,0.0,0.481481481,0.148148148,0.148148148,0.0,0.222222222,0.037037037,0.0,0.074074074,0.0,0.0,0.148148148,0.0,0.037037037,0.0,0.0,0.0,0.296296296,0.37037037,0.074074074,0.037037037,0.111111111,0.111111111,1.2653650045394897,0.3833884596824646,1.0976699590682983,0.15516115725040436,0.4873853325843811,0.2946449816226959,0.5232362151145935,0.22605709731578827,0.5991477966308594,0.19398565590381622,0.20000465214252472,0.2394653707742691,0.07749929279088974,0.8230665922164917,0.18465487658977509,0.20920884609222412,0.2766565978527069,0.3049273192882538,0.23762719333171844,0.2307465821504593,0.29096880555152893,0.14038369059562683,0.18370211124420166,0.13080574572086334,0.08060679584741592,0.21796870231628418,0.08045713603496552,0.08096589893102646,0.11285178363323212,0.2051522135734558,0.3466622531414032,0.12039938569068909,0.12558488547801971,0.2848668396472931,0.13901418447494507,0.49155136942863464,0.2090941071510315,0.053241193294525146,0.07126608490943909,0.21577052772045135,0.18957076966762543,0.1773502230644226,0.10718447715044022,0.321723997592926,0.22539126873016357,0.4533860385417938,0.2060445249080658,0.5988849401473999,0.20065651834011078,0.14304004609584808,0.15763771533966064
AC478,0.321428571,0.035714286,0.071428571,0.0,0.0,0.0,0.035714286,0.0,0.035714286,0.25,0.0,0.0,0.0,0.107142857,0.357142857,0.357142857,0.0,0.035714286,0.142857143,2.0,2.5,0.214285714,1.25,0.321428571,0.071428571,0.0,0.0,0.357142857,0.107142857,0.0,0.357142857,0.142857143,0.142857143,0.0,0.892857143,0.107142857,0.178571429,0.107142857,0.0,0.071428571,0.0,0.0,0.071428571,0.0,0.071428571,0.25,0.0,0.25,0.0,0.0,0.0,0.47955071926116943,0.09865152835845947,0.25551652908325195,0.355665922164917,0.41197752952575684,0.13610689342021942,0.12806914746761322,0.14315637946128845,0.17718066275119781,0.14511221647262573,0.09634356945753098,0.11029674112796783,0.05949815735220909,0.26697900891304016,0.07463471591472626,0.08993707597255707,0.1321709007024765,0.19924305379390717,0.25878483057022095,1.3238447904586792,1.752562403678894,0.24356946349143982,0.6219582557678223,0.32189977169036865,0.02911498211324215,0.15060444176197052,0.09160012751817703,0.3379350006580353,0.20907993614673615,0.1518523246049881,0.2651701867580414,0.270065575838089,0.32521548867225647,0.2473415583372116,0.1668458878993988,0.46275097131729126,0.12084931135177612,0.10565400123596191,0.05030430853366852,0.20304468274116516,0.12308833748102188,0.1360097974538803,0.23337601125240326,0.06507649272680283,0.05760417878627777,0.140377014875412,0.16111741960048676,0.08228689432144165,0.20782701671123505,0.08119945973157883,0.07898089289665222
AC712,1.25,0.607142857,1.964285714,0.107142857,0.25,0.214285714,0.214285714,0.0,0.071428571,0.0,0.0,0.0,0.0,0.285714286,0.0,0.035714286,0.25,0.25,0.071428571,0.392857143,0.107142857,0.392857143,0.0,0.0,0.0,0.0,0.035714286,0.0,0.035714286,0.107142857,0.571428571,0.464285714,0.214285714,0.428571429,0.178571429,0.0,0.0,0.0,0.0,0.142857143,0.0,0.0,0.0,0.107142857,0.0,0.392857143,0.178571429,0.0,0.142857143,0.107142857,0.035714286,0.6503084301948547,0.21264272928237915,0.6977346539497375,0.25729134678840637,0.3210774064064026,0.17189280688762665,0.36823755502700806,0.21476124227046967,0.9785588979721069,0.1658831685781479,0.28188249468803406,0.3470153510570526,0.08808665722608566,0.7567132711410522,0.18870916962623596,0.21249490976333618,0.2786230146884918,0.07407452166080475,0.07598470896482468,0.21027584373950958,0.2524868845939636,0.18563292920589447,0.16657604277133942,0.13603411614894867,0.04095037281513214,0.1616659015417099,0.03689207136631012,0.06526532024145126,0.16437412798404694,0.4416792392730713,0.40395164489746094,0.10221550613641739,0.17393703758716583,0.14984741806983948,0.07741761952638626,0.3667669892311096,0.12220736593008041,0.0281538013368845,0.03333834931254387,0.19875845313072205,0.11610734462738037,0.20657740533351898,0.12892356514930725,0.20840208232402802,0.23616117238998413,0.31341806054115295,0.13737182319164276,0.302109956741333,0.23926030099391937,0.1480773538351059,0.11984127759933472
AC933,0.071428571,0.0,0.821428571,0.392857143,0.214285714,0.785714286,0.321428571,0.107142857,0.464285714,0.071428571,0.0,0.321428571,0.0,0.5,0.0,0.0,0.0,0.0,0.142857143,0.107142857,0.071428571,0.0,0.0,0.0,0.0,0.178571429,0.0,0.0,0.0,0.035714286,0.178571429,0.0,0.0,0.107142857,0.0,0.75,0.321428571,0.0,0.0,0.0,0.0,0.25,0.0,1.321428571,1.142857143,0.642857143,0.428571429,0.392857143,0.107142857,0.214285714,0.178571429,0.48105499148368835,0.5638901591300964,0.7479413747787476,0.7214236855506897,0.6826222538948059,0.3188590407371521,0.6173939108848572,0.3733418881893158,0.7348690629005432,0.23180824518203735,0.40346717834472656,0.4529596269130707,0.1416093409061432,0.9188651442527771,0.2254743129014969,0.23142537474632263,0.8564562797546387,0.16759464144706726,0.1590542197227478,0.1891418695449829,0.13572868704795837,0.10001714527606964,0.13632887601852417,0.05153427645564079,0.024624714627861977,0.1264352649450302,0.02284603752195835,0.023679077625274658,0.0634193941950798,0.21734611690044403,0.18006636202335358,0.21984203159809113,0.20827247202396393,0.12360832095146179,0.060436565428972244,0.4972640872001648,0.2519570589065552,0.03787923604249954,0.030165648087859154,0.18993838131427765,0.20489507913589478,0.2755126655101776,0.12797723710536957,0.6152786612510681,0.49541571736335754,0.28186121582984924,0.1588989943265915,0.47841835021972656,0.23915648460388184,0.13687947392463684,0.14422281086444855
AD120,0.0,0.0,0.0,0.0,0.133333333,0.0,0.0,0.0,0.0,0.0,0.0,0.0,0.0,0.666666667,0.333333333,0.466666667,0.4,1.866666667,1.333333333,1.466666667,0.666666667,0.333333333,0.666666667,0.0,0.066666667,0.2,0.0,0.2,0.0,0.133333333,0.2,0.066666667,0.466666667,0.4,0.266666667,0.533333333,0.133333333,0.266666667,0.0,0.133333333,0.2,0.266666667,0.4,0.0,0.0,0.0,0.0,0.0,0.066666667,0.333333333,0.0,0.1175265908241272,0.003887757658958435,0.22095902264118195,0.026655513793230057,0.08615339547395706,0.07819842547178268,0.19350028038024902,0.3506604731082916,0.1944114714860916,0.12265317887067795,0.1597258299589157,0.08545656502246857,0.026720711961388588,0.9343166351318359,0.29081854224205017,0.20386365056037903,0.3453124761581421,0.914320707321167,1.1574630737304688,0.8378003835678101,0.44127750396728516,0.40211495757102966,0.2755313515663147,0.12807324528694153,0.08867447823286057,0.1074305921792984,0.01774376444518566,0.013192077167332172,0.06996174901723862,0.22723336517810822,0.1706477403640747,0.3180064558982849,0.8167824745178223,0.23834863305091858,0.1346019059419632,0.21969719231128693,0.21734628081321716,0.23532946407794952,0.031029831618070602,0.24150021374225616,0.29802486300468445,0.199947789311409,0.2831834852695465,0.13874369859695435,0.05598454177379608,0.12962135672569275,0.1091989278793335,0.2950461506843567,0.23138144612312317,0.24979950487613678,0.08343207091093063
AD222,0.2,0.0,0.2,0.0,0.2,0.0,0.0,0.0,0.066666667,0.0,0.0,0.0,0.0,0.0,0.0,0.0,0.0,0.2,0.933333333,1.666666667,0.466666667,1.466666667,0.6,0.0,0.0,0.0,0.0,0.2,0.0,0.133333333,0.133333333,0.866666667,1.133333333,0.6,0.0,0.266666667,0.0,0.333333333,0.0,0.533333333,0.133333333,0.0,0.4,0.0,0.0,0.0,0.0,0.0,0.0,0.0,0.0,0.12416424602270126,0.031138937920331955,0.1944957822561264,0.7166441082954407,0.0981854572892189,0.0983576700091362,0.13978610932826996,0.1523807942867279,0.20441968739032745,0.12556976079940796,0.08832213282585144,0.13485898077487946,0.044786397367715836,0.3916013836860657,0.1838335543870926,0.13296766579151154,0.13844864070415497,0.31904909014701843,0.34373703598976135,0.5695299506187439,0.19485457241535187,0.37165161967277527,0.21181197464466095,0.13183189928531647,0.059674181044101715,0.07582977414131165,0.22225940227508545,0.0939725711941719,0.18197228014469147,0.29231035709381104,0.3089195787906647,0.5016322731971741,1.0037708282470703,0.22938840091228485,0.1770649552345276,0.3669261038303375,0.18973028659820557,0.14470259845256805,0.04712456464767456,0.3965546190738678,0.23307427763938904,0.12136789411306381,0.3671567738056183,0.11589114367961884,0.3033016622066498,0.4005992114543915,0.03841868042945862,0.16986976563930511,0.17365415394306183,0.07586952298879623,0.06676460057497025
AD254,0.666666667,1.866666667,0.266666667,0.066666667,0.8,0.333333333,0.2,0.866666667,0.2,0.0,0.2,0.0,0.133333333,1.2,0.2,0.466666667,0.6,0.866666667,0.066666667,0.0,0.133333333,0.0,0.0,0.0,0.0,0.066666667,0.0,0.0,0.0,0.0,0.0,0.0,0.0,0.0,0.0,0.0,0.266666667,0.0,0.0,0.0,0.0,0.266666667,0.0,0.266666667,0.333333333,0.133333333,0.0,0.133333333,0.0,0.666666667,0.0,0.5377563834190369,2.0867607593536377,0.43348997831344604,0.4297952353954315,0.37907254695892334,0.21287649869918823,0.470260888338089,0.48048585653305054,0.48843297362327576,0.1994822472333908,0.17949499189853668,0.12641535699367523,0.0625581368803978,1.4800952672958374,0.306436151266098,0.30829867720603943,0.26602989435195923,0.09472058713436127,0.07708577811717987,0.13380654156208038,0.1631937325000763,0.0876191258430481,0.18806400895118713,0.0814012736082077,0.03325424715876579,0.31226643919944763,0.022797739133238792,0.07087649405002594,0.048841845244169235,0.18813079595565796,0.05658495053648949,0.11325394362211227,0.12297249585390091,0.12411820143461227,0.033370450139045715,0.3507203161716461,0.09576908499002457,0.053953081369400024,0.027535343542695045,0.08744512498378754,0.1841852366924286,0.17223484814167023,0.05098264664411545,0.13019894063472748,0.27747905254364014,0.09761311858892441,0.10507826507091522,0.062135808169841766,0.2289171814918518,0.27193740010261536,0.07483775913715363
AD718,0.0,0.133333333,0.466666667,0.2,0.266666667,0.266666667,0.0,0.466666667,0.4,0.0,0.0,0.4,0.0,1.0,0.0,0.133333333,0.0,0.0,0.0,0.2,0.2,0.266666667,0.0,0.066666667,0.0,0.0,0.133333333,0.0,0.0,0.0,0.0,0.0,0.8,0.333333333,0.133333333,0.266666667,0.0,0.066666667,0.0,0.133333333,0.0,0.866666667,0.133333333,0.4,0.133333333,0.533333333,0.4,1.466666667,0.333333333,0.2,0.066666667,0.3402227759361267,0.45967864990234375,0.3703540861606598,0.09510628879070282,0.1508759707212448,0.1686438024044037,0.18707109987735748,0.2065945416688919,0.23882506787776947,0.4925374686717987,0.12024587392807007,0.15674619376659393,0.0542970672249794,0.3778145909309387,0.13257503509521484,0.12254123389720917,0.14078764617443085,0.11816929280757904,0.25868454575538635,0.4135182499885559,0.390915185213089,0.3608088493347168,0.3233429789543152,0.17798171937465668,0.05287199839949608,0.1741705685853958,0.06635812669992447,0.0819513201713562,0.1645040065050125,0.3092357814311981,0.3670116066932678,0.20146417617797852,0.7855262160301208,0.21853509545326233,0.3755109906196594,0.3258380889892578,0.14082135260105133,0.11101824045181274,0.04546007513999939,0.10688097774982452,0.1573062241077423,0.19061699509620667,0.14580608904361725,0.24162806570529938,0.23781238496303558,0.3713844418525696,0.18270298838615417,0.16481801867485046,0.19480301439762115,0.09596703946590424,0.1279454529285431
AD738,1.058823529,4.117647059,0.647058824,0.294117647,0.294117647,0.117647059,0.0,0.0,0.176470588,0.117647059,0.235294118,0.0,0.058823529,0.470588235,0.0,0.0,0.0,0.0,0.0,0.0,0.058823529,0.0,0.0,0.0,0.0,0.0,0.0,0.0,0.0,0.117647059,0.0,0.0,0.0,0.0,0.0,0.0,0.0,0.0,0.0,0.0,0.117647059,0.235294118,0.0,0.0,0.352941176,0.0,0.0,0.0,0.0,0.529411765,0.0,0.6859605312347412,1.362788200378418,0.44090142846107483,0.3320137858390808,0.28666678071022034,0.1458948850631714,0.5043697953224182,0.24535886943340302,0.7021019458770752,0.2900802791118622,0.18016493320465088,0.2476596236228943,0.09491851925849915,0.9603325128555298,0.2071038782596588,0.17805150151252747,0.15133333206176758,0.08802058547735214,0.03129969909787178,0.15538567304611206,0.21457165479660034,0.03497634083032608,0.1961861103773117,0.12542305886745453,0.034960731863975525,0.3011251986026764,0.14946161210536957,0.053263720124959946,0.28583216667175293,0.424896776676178,0.1243828609585762,0.10210134834051132,0.04172981157898903,0.15503069758415222,0.06273042410612106,0.4655597507953644,0.1316857635974884,0.08359423279762268,0.04251803457736969,0.06361556053161621,0.11345645040273666,0.15591949224472046,0.1002264991402626,0.05306827276945114,0.25166869163513184,0.2670294940471649,0.1125156432390213,0.04817788675427437,0.2381446808576584,0.22446158528327942,0.10489685088396072
AD835,0.0,0.0,0.142857143,0.0,0.214285714,0.0,0.0,0.0,0.0,0.0,0.0,0.214285714,0.0,0.357142857,0.0,0.0,0.0,0.428571429,1.214285714,0.714285714,0.071428571,0.428571429,0.0,0.0,0.0,0.142857143,0.0,0.0,0.142857143,0.714285714,0.857142857,0.642857143,1.357142857,0.428571429,0.071428571,0.285714286,0.214285714,0.285714286,0.0,0.785714286,0.214285714,0.285714286,0.428571429,0.142857143,0.357142857,0.0,0.071428571,0.357142857,0.214285714,0.0,0.214285714,0.20750419795513153,0.0658738762140274,0.3049289286136627,0.13064326345920563,0.21335498988628387,0.14347486197948456,0.22789430618286133,0.15708261728286743,0.4232594668865204,0.15156757831573486,0.16179916262626648,0.16895157098770142,0.0610775426030159,0.4556446373462677,0.17049166560173035,0.1900663822889328,0.23881001770496368,0.5111701488494873,0.6031376719474792,0.8026264905929565,0.45000892877578735,0.4904937446117401,0.28307628631591797,0.21544721722602844,0.03385842591524124,0.12579408288002014,0.050650399178266525,0.061314523220062256,0.22557644546031952,0.28226205706596375,0.4176120460033417,0.3643321692943573,0.621666431427002,0.2185988873243332,0.16684827208518982,0.24620915949344635,0.2063039392232895,0.07998179644346237,0.03299356624484062,0.32696443796157837,0.18656280636787415,0.15850405395030975,0.32116520404815674,0.1478062868118286,0.09610952436923981,0.2137378305196762,0.051839813590049744,0.24959035217761993,0.20396384596824646,0.09654633700847626,0.06210101395845413
AD853,0.384615385,0.0,0.0,0.0,0.0,0.0,0.0,0.0,0.0,0.0,0.0,0.0,0.0,0.0,0.0,0.0,0.0,0.0,0.230769231,0.307692308,0.307692308,0.307692308,0.0,1.230769231,0.0,0.538461538,0.538461538,0.538461538,1.769230769,0.307692308,0.230769231,0.153846154,0.769230769,0.076923077,0.769230769,0.0,0.0,1.076923077,0.0,1.076923077,0.0,0.0,0.0,0.0,0.0,0.0,0.0,0.076923077,0.0,0.0,0.0,0.3331284821033478,0.2609753906726837,0.19839128851890564,0.02159838378429413,0.10131573677062988,0.10584164410829544,0.18852049112319946,0.1360975056886673,0.2408817559480667,0.1801307201385498,0.11709941178560257,0.10813593864440918,0.06856407225131989,0.2709793448448181,0.0739096999168396,0.09043978899717331,0.12113426625728607,0.18022967875003815,0.3525158166885376,0.7063273787498474,0.535733699798584,0.4204871654510498,0.295827180147171,0.613105058670044,0.11049163341522217,0.17471976578235626,0.7255039811134338,0.27380532026290894,0.7468990683555603,0.49989426136016846,0.41940218210220337,0.5374001264572144,0.9605273604393005,0.3208991289138794,0.4760385751724243,0.34500202536582947,0.09277579188346863,0.6203877925872803,0.17661583423614502,0.9342168569564819,0.1599816530942917,0.11958601325750351,0.17010989785194397,0.031144270673394203,0.05152150243520737,0.18921807408332825,0.11138009279966354,0.024513255804777145,0.1974991261959076,0.06554187089204788,0.08466236293315887
AD917,0.5,0.357142857,0.5,4.5,0.214285714,0.0,0.285714286,0.357142857,0.285714286,0.5,0.071428571,0.0,0.0,0.857142857,0.0,0.142857143,0.0,0.0,0.0,0.0,0.0,0.0,0.0,0.0,0.0,0.0,0.0,0.0,0.0,0.0,0.0,0.0,0.0,0.0,0.0,0.0,0.0,0.0,0.0,0.0,0.0,0.0,0.0,0.071428571,1.5,0.0,0.0,0.142857143,0.0,0.0,0.0,0.32322755455970764,0.0756683349609375,0.4064607620239258,2.1821696758270264,0.16447573900222778,0.2594273090362549,0.31135404109954834,0.22766922414302826,0.44676584005355835,0.15433068573474884,0.21795141696929932,0.16388365626335144,0.08465374261140823,1.1142258644104004,0.14787232875823975,0.19829456508159637,0.1554117351770401,0.05197593942284584,0.04088401794433594,0.10514391958713531,0.13039514422416687,0.046088121831417084,0.131572887301445,0.06857914477586746,0.02299683913588524,0.1377813071012497,0.1627257913351059,0.09243939071893692,0.14839047193527222,0.20539803802967072,0.2123887687921524,0.1532612144947052,0.34046974778175354,0.10806601494550705,0.04280311241745949,0.3545890748500824,0.15292933583259583,0.029435422271490097,0.11113595962524414,0.20042918622493744,0.12978020310401917,0.1486341655254364,0.04239783063530922,0.4252195656299591,1.0202484130859375,0.5786034464836121,0.15270209312438965,0.3378482758998871,0.17526154220104218,0.11931698024272919,0.12271644920110703
AE043,0.464285714,0.607142857,0.571428571,0.428571429,0.464285714,0.071428571,0.285714286,0.0,0.75,0.357142857,0.142857143,0.214285714,0.142857143,0.25,0.178571429,0.178571429,0.0,0.0,0.0,0.892857143,1.25,0.0,0.964285714,0.25,0.107142857,0.035714286,0.214285714,0.321428571,0.321428571,0.0,0.607142857,0.0,0.0,0.178571429,0.0,0.25,0.071428571,0.0,0.0,0.0,0.071428571,0.035714286,0.0,0.178571429,0.25,0.071428571,0.25,0.178571429,0.178571429,0.071428571,0.0,0.5409792065620422,0.16572247445583344,0.5290129780769348,0.20951959490776062,0.4426434338092804,0.18997620046138763,0.5969858169555664,0.2114267796278,0.9800432324409485,0.18369169533252716,0.6148453950881958,0.2986432611942291,0.11329079419374466,0.989255964756012,0.17437800765037537,0.2937657833099365,0.22290408611297607,0.045311473309993744,0.08856948465108871,0.2250514030456543,0.5670746564865112,0.07876095920801163,0.34518641233444214,0.08052890747785568,0.17176005244255066,0.1789231151342392,0.2237248420715332,0.17391957342624664,0.5139501094818115,0.2649783194065094,0.3351653814315796,0.1185837984085083,0.06377148628234863,0.2589273750782013,0.14687150716781616,0.6228689551353455,0.19132454693317413,0.1002955436706543,0.038210950791835785,0.09984317421913147,0.14588283002376556,0.1530756801366806,0.09626153111457825,0.18947789072990417,0.1667879968881607,0.22038869559764862,0.2568787932395935,0.37249353528022766,0.22353827953338623,0.15649129450321198,0.09406436234712601
AE067,0.857142857,0.0,0.5,0.107142857,0.392857143,0.25,0.428571429,0.035714286,0.285714286,0.0,0.178571429,0.0,0.0,0.285714286,0.0,0.107142857,0.0,0.0,0.071428571,0.0,0.25,0.0,0.0,0.0,0.0,0.0,0.0,0.0,0.0,0.035714286,0.107142857,0.0,0.0,0.678571429,0.428571429,0.464285714,0.821428571,0.571428571,0.285714286,0.392857143,0.25,0.285714286,0.285714286,0.107142857,0.107142857,0.285714286,0.0,0.107142857,0.142857143,0.035714286,0.0,0.6271119713783264,0.18806776404380798,0.5592347383499146,0.18919698894023895,0.37959596514701843,0.22072577476501465,0.24621689319610596,0.21479251980781555,0.19771529734134674,0.12415686249732971,0.10299128293991089,0.08482015132904053,0.026491884142160416,0.2990218698978424,0.13320915400981903,0.10345081984996796,0.1446130871772766,0.2091021090745926,0.13175565004348755,0.6781513094902039,0.773312509059906,0.17129334807395935,0.3766263723373413,0.11996655911207199,0.028807302936911583,0.15514586865901947,0.06735872477293015,0.07241963595151901,0.09438365697860718,0.2034575641155243,0.17939405143260956,0.1450645476579666,0.1407068967819214,0.4600665271282196,0.17850346863269806,0.706203281879425,0.27686402201652527,0.6588172316551208,0.08805760741233826,0.23554672300815582,0.27833226323127747,0.2618698477745056,0.28211790323257446,0.18428577482700348,0.20658405125141144,0.4985845685005188,0.2006666213274002,0.09056947380304337,0.2305936962366104,0.1999187469482422,0.19087408483028412
AE184,0.111111111,0.0,0.0,0.037037037,0.0,0.0,0.037037037,0.0,0.0,0.0,0.0,0.0,0.0,0.37037037,0.185185185,0.0,0.0,0.0,0.148148148,0.0,0.0,0.0,0.0,0.0,0.0,0.0,0.0,0.0,0.0,0.185185185,0.111111111,0.0,0.0,0.037037037,0.0,0.0,0.0,0.037037037,0.0,0.0,0.148148148,0.074074074,0.0,0.703703704,0.407407407,1.185185185,0.62962963,4.259259259,0.0,0.111111111,0.0,0.3810524642467499,0.0351712666451931,0.2860840857028961,0.13672177493572235,0.27741727232933044,0.1670539230108261,0.16823045909404755,0.20647713541984558,0.31640559434890747,0.1458091288805008,0.1291833370923996,0.13083325326442719,0.03283059597015381,0.6258397698402405,0.28255242109298706,0.23362024128437042,0.32467254996299744,0.2284831404685974,0.23454123735427856,0.5169079303741455,0.8639792203903198,0.08663333207368851,0.4890598952770233,0.082468181848526,0.06385903060436249,0.13891147077083588,0.08530022203922272,0.10778740048408508,0.10475748777389526,0.19150736927986145,0.18427985906600952,0.07227397710084915,0.003254703711718321,0.44241654872894287,0.11164691299200058,0.43779775500297546,0.3579634726047516,0.12397997826337814,0.033660851418972015,0.133466899394989,0.20748324692249298,0.19834938645362854,0.13033029437065125,0.8118417859077454,0.5689122676849365,0.6549583673477173,0.37597736716270447,1.271166443824768,0.24266858398914337,0.15605919063091278,0.1348499059677124
AE681,0.074074074,0.037037037,0.407407407,3.444444444,0.37037037,0.333333333,0.222222222,0.148148148,0.148148148,0.111111111,0.0,0.185185185,0.0,1.185185185,0.074074074,0.37037037,0.0,0.0,0.0,0.0,0.0,0.0,0.0,0.037037037,0.0,0.0,0.185185185,0.185185185,0.0,0.037037037,0.0,0.0,0.0,0.333333333,0.0,0.148148148,0.185185185,0.0,0.0,0.0,0.0,0.037037037,0.037037037,1.074074074,2.037037037,0.296296296,0.37037037,0.555555556,0.0,0.0,0.333333333,0.34609705209732056,0.04119180142879486,0.5808917880058289,2.667370557785034,0.30995768308639526,0.26905205845832825,0.3625684976577759,0.27285000681877136,0.3253549337387085,0.15269961953163147,0.13208837807178497,0.1575959473848343,0.05538740009069443,0.9314414858818054,0.19415906071662903,0.2574034035205841,0.13463957607746124,0.1362060159444809,0.05530744418501854,0.06088865175843239,0.04720462113618851,0.012012554332613945,0.11321107298135757,0.02355607971549034,0.023090243339538574,0.07049691677093506,0.05457985773682594,0.036462415009737015,0.05433344468474388,0.13881997764110565,0.1566382646560669,0.07756710797548294,0.15963582694530487,0.17598330974578857,0.03313424810767174,0.46254149079322815,0.2130923867225647,0.028347566723823547,0.048459772020578384,0.0669662281870842,0.12038781493902206,0.17413382232189178,0.04441662132740021,0.6146581768989563,1.3981491327285767,0.5537188053131104,0.2037629336118698,0.46999120712280273,0.17729677259922028,0.14492620527744293,0.12177735567092896
AE825,0.107142857,0.035714286,0.285714286,3.214285714,0.178571429,0.0,0.107142857,0.25,0.142857143,0.0,0.107142857,0.0,0.0,1.178571429,0.428571429,0.464285714,0.25,0.142857143,0.0,0.0,0.0,0.0,0.0,0.0,0.071428571,0.0,0.071428571,0.0,0.0,0.0,0.107142857,0.0,0.0,0.0,0.0,0.142857143,0.071428571,0.0,0.0,0.0,0.071428571,0.0,0.0,0.321428571,1.142857143,0.428571429,0.0,1.928571429,0.0,0.0,0.0,0.3559887409210205,0.010497628711163998,0.5748203992843628,1.7582268714904785,0.3198968172073364,0.2639612555503845,0.35141727328300476,0.26238691806793213,0.4273669719696045,0.1604549139738083,0.1485682725906372,0.17607451975345612,0.04715743288397789,0.9106930494308472,0.22351936995983124,0.2647852599620819,0.18986397981643677,0.07326216250658035,0.06501591205596924,0.049335725605487823,0.05852247402071953,0.0347147211432457,0.11702457815408707,0.03532857447862625,0.01564396731555462,0.07483295351266861,0.0749080553650856,0.03210517764091492,0.028024913743138313,0.17476753890514374,0.21595904231071472,0.07603315263986588,0.08071668446063995,0.10724488645792007,0.02275601029396057,0.45722025632858276,0.26502537727355957,0.029383983463048935,0.08030231297016144,0.14535430073738098,0.16635294258594513,0.18604063987731934,0.053065694868564606,0.6494182348251343,1.183964729309082,0.4899400770664215,0.192618727684021,0.6325335502624512,0.2446112334728241,0.14929956197738647,0.16105462610721588
AE855,0.642857143,0.178571429,0.321428571,0.5,0.285714286,0.5,0.071428571,0.107142857,0.107142857,0.0,0.0,0.035714286,0.0,0.142857143,0.0,0.0,0.035714286,0.071428571,0.0,0.0,0.035714286,0.071428571,0.0,0.0,0.0,0.0,0.0,0.0,0.0,0.25,0.142857143,0.0,0.071428571,0.821428571,0.0,0.785714286,0.428571429,0.107142857,0.0,0.071428571,0.214285714,0.142857143,0.107142857,1.785714286,0.75,1.071428571,0.607142857,1.107142857,0.0,0.357142857,0.071428571,0.46665704250335693,0.10633481293916702,0.8688218593597412,0.5636390447616577,0.4622806906700134,0.34501999616622925,0.4328669011592865,0.2810611426830292,0.3297211825847626,0.21457995474338531,0.10301413387060165,0.12380769848823547,0.04045739024877548,0.698520839214325,0.21144461631774902,0.20343345403671265,0.27106818556785583,0.25958117842674255,0.12356048822402954,0.10517697036266327,0.24424569308757782,0.0771913006901741,0.22016483545303345,0.05009247362613678,0.028437379747629166,0.08944664150476456,0.05151546001434326,0.06904152780771255,0.034821782261133194,0.15692362189292908,0.1653212457895279,0.12148445099592209,0.3069724142551422,0.3870074152946472,0.05361199378967285,0.5749017596244812,0.28056150674819946,0.07419394701719284,0.030164511874318123,0.05061421915888786,0.2159501165151596,0.2757670283317566,0.08624287694692612,0.8730508685112,0.6980746984481812,0.5319665670394897,0.2693858742713928,0.6444169878959656,0.2250814586877823,0.18105736374855042,0.21231070160865784
AG543,0.5,0.233333333,0.366666667,0.5,0.233333333,0.166666667,0.066666667,0.266666667,0.233333333,0.0,0.0,0.0,0.0,0.5,0.066666667,0.2,0.0,0.066666667,0.0,0.1,0.133333333,0.0,0.1,0.0,0.0,0.0,0.0,0.0,0.0,0.0,0.266666667,0.033333333,0.1,0.033333333,0.0,0.666666667,0.0,0.0,0.0,0.0,0.1,0.033333333,0.0,2.7,0.833333333,0.466666667,0.0,1.1,0.066666667,0.066666667,0.166666667,0.2702470123767853,0.09307603538036346,0.8052777647972107,0.5468185544013977,0.360846608877182,0.28827008605003357,0.3821631669998169,0.2347526103258133,0.36865857243537903,0.14418306946754456,0.0925760418176651,0.13249674439430237,0.042543645948171616,0.9173043966293335,0.1688963770866394,0.24249330163002014,0.22209785878658295,0.15159878134727478,0.042142558842897415,0.32239964604377747,0.5412148833274841,0.026402730494737625,0.34711939096450806,0.03874489292502403,0.018106669187545776,0.10101944953203201,0.04236412048339844,0.055994197726249695,0.03122667595744133,0.1502428650856018,0.16263191401958466,0.0373823419213295,0.04948047921061516,0.14886486530303955,0.051395196467638016,0.4748711585998535,0.18360871076583862,0.02640385925769806,0.03031099960207939,0.04169980436563492,0.25564274191856384,0.21826086938381195,0.07085586339235306,1.3939993381500244,1.088889479637146,0.429026335477829,0.18912920355796814,0.4894111454486847,0.2207811176776886,0.1855546087026596,0.14715561270713806
AH022,0.2,0.0,0.433333333,0.166666667,0.233333333,0.166666667,0.733333333,0.4,0.9,0.0,0.1,0.266666667,0.266666667,0.766666667,0.233333333,0.333333333,0.5,0.0,0.0,0.166666667,0.033333333,0.066666667,0.3,0.0,0.0,0.1,0.0,0.0,0.066666667,0.166666667,0.2,0.233333333,0.0,0.1,0.0,0.566666667,0.133333333,0.0,0.033333333,0.0,0.333333333,0.333333333,0.0,0.4,0.6,0.0,0.0,0.4,0.266666667,0.066666667,0.3,0.296734482049942,0.02197711542248726,0.5786264538764954,0.38228917121887207,0.3580971360206604,0.24315322935581207,0.6527026295661926,0.2668057978153229,0.9360535740852356,0.1945205181837082,0.27683860063552856,0.4160000681877136,0.09874065220355988,1.1636743545532227,0.2806800305843353,0.3129476010799408,0.32750147581100464,0.1982668936252594,0.20312055945396423,0.10780186206102371,0.18497249484062195,0.06349799036979675,0.1905372440814972,0.07634064555168152,0.06458968669176102,0.18295197188854218,0.11121266335248947,0.05292263254523277,0.173834890127182,0.1676243245601654,0.20437690615653992,0.19872289896011353,0.17772886157035828,0.1494719535112381,0.09960800409317017,0.5660582184791565,0.27849042415618896,0.07518041878938675,0.05727672576904297,0.13179489970207214,0.2023869752883911,0.20402343571186066,0.077532097697258,0.5760502219200134,0.519737720489502,0.28678974509239197,0.08774395287036896,0.494515985250473,0.21322214603424072,0.12981590628623962,0.1340855360031128
AH189,0.1,0.266666667,0.2,0.0,0.066666667,0.0,0.3,0.033333333,1.0,0.0,0.766666667,0.2,0.333333333,0.733333333,0.0,0.433333333,0.0,0.0,0.0,0.133333333,0.066666667,0.0,0.0,0.0,0.0,0.0,1.133333333,0.133333333,1.0,0.766666667,0.666666667,0.5,0.033333333,0.1,0.0,0.8,0.0,0.066666667,0.666666667,1.766666667,0.0,0.0,0.066666667,0.0,0.1,0.033333333,0.0,0.0,0.0,0.0,0.0,0.3019682765007019,0.06491987407207489,0.24439631402492523,0.07906103879213333,0.15428747236728668,0.0889296904206276,0.2867109477519989,0.14290615916252136,0.6087299585342407,0.15146583318710327,0.3705004155635834,0.21711508929729462,0.06379160284996033,0.48294588923454285,0.09361384809017181,0.17024193704128265,0.1156284511089325,0.021071091294288635,0.06781017035245895,0.1524309366941452,0.08414208889007568,0.20420008897781372,0.17542286217212677,0.11007112264633179,0.06685734540224075,0.09285493940114975,1.0961334705352783,0.20770873129367828,1.1653980016708374,0.6371058821678162,0.48923489451408386,0.39490026235580444,0.4366433918476105,0.20301128923892975,0.2594996988773346,0.49834108352661133,0.09064432978630066,0.20619900524616241,0.18115869164466858,1.6439260244369507,0.0856919139623642,0.12250145524740219,0.08258377015590668,0.05722394958138466,0.06035035848617554,0.10573474317789078,0.05346658080816269,0.06393927335739136,0.17676782608032227,0.05336784943938255,0.06288038939237595
AH608,0.5,0.133333333,0.233333333,0.1,0.4,0.0,0.3,0.166666667,0.066666667,0.0,0.0,0.0,0.033333333,0.833333333,0.7,0.633333333,0.066666667,0.033333333,0.066666667,0.233333333,0.166666667,0.0,0.533333333,0.033333333,0.133333333,0.4,0.1,0.0,0.933333333,0.8,0.266666667,0.366666667,0.0,0.3,0.066666667,0.933333333,0.266666667,0.166666667,0.333333333,0.5,0.266666667,0.066666667,0.1,0.133333333,0.033333333,0.1,0.0,0.0,0.233333333,0.0,0.133333333,0.38043102622032166,0.04443977773189545,0.4123679995536804,0.19337710738182068,0.37569570541381836,0.13744843006134033,0.3242345452308655,0.28349176049232483,0.40609464049339294,0.23656876385211945,0.13058948516845703,0.22543708980083466,0.08440149575471878,0.9986556172370911,0.4683647155761719,0.35633552074432373,0.2437257468700409,0.16284166276454926,0.11050236970186234,0.19814376533031464,0.4058363735675812,0.08192767947912216,0.293781578540802,0.1848609745502472,0.22292599081993103,0.6331116557121277,0.35270363092422485,0.3116760551929474,0.30315473675727844,0.20958931744098663,0.3551490306854248,0.08045351505279541,0.13177531957626343,0.22366270422935486,0.04854011908173561,0.686240553855896,0.16503360867500305,0.013672147877514362,0.03631558269262314,0.18797987699508667,0.2992771863937378,0.19975967705249786,0.11180305480957031,0.440534383058548,0.22257354855537415,0.36089658737182617,0.10219115763902664,0.35456904768943787,0.22335107624530792,0.13985911011695862,0.12867338955402374
AI342,0.344827586,0.0,0.413793103,1.689655172,0.448275862,0.24137931,0.24137931,0.344827586,0.586206897,0.0,0.034482759,0.0,0.0,1.24137931,0.482758621,0.551724138,1.068965517,0.0,0.24137931,0.103448276,0.103448276,0.0,0.310344828,0.0,0.0,0.103448276,0.0,0.0,0.0,0.0,0.310344828,0.0,0.0,0.068965517,0.0,0.965517241,0.0,0.0,0.0,0.0,0.310344828,0.24137931,0.0,0.0,0.551724138,0.137931034,0.0,0.24137931,0.586206897,0.172413793,0.24137931,0.4199584126472473,0.21130183339118958,0.3711734712123871,0.5221505761146545,0.35931533575057983,0.18557460606098175,0.48786744475364685,0.2671830356121063,0.7465847730636597,0.18028727173805237,0.25498130917549133,0.3018367886543274,0.06721001118421555,0.9409244656562805,0.2210538387298584,0.23847250640392303,0.3222252428531647,0.12599265575408936,0.09278280287981033,0.5271066427230835,0.8640296459197998,0.05100986361503601,0.4065955877304077,0.16513396799564362,0.05142619088292122,0.18095116317272186,0.0872034952044487,0.10632213205099106,0.10549476742744446,0.2202598750591278,0.25257521867752075,0.135613813996315,0.07551790028810501,0.19672413170337677,0.1429443210363388,0.5546897649765015,0.20924022793769836,0.11002818495035172,0.03985694795846939,0.13989806175231934,0.22099606692790985,0.2136402130126953,0.10101476311683655,0.24839453399181366,0.3197651207447052,0.1685769408941269,0.10642258822917938,0.2785530090332031,0.2350785732269287,0.14344410598278046,0.10644464939832687
AI797,0.25,0.0,0.142857143,0.142857143,0.142857143,0.142857143,0.285714286,0.0,0.178571429,0.142857143,0.0,0.0,0.0,0.142857143,0.0,0.035714286,0.0,0.142857143,0.0,0.0,0.0,0.0,0.0,0.0,0.0,0.107142857,0.0,0.0,0.0,0.107142857,0.0,0.0,0.0,0.035714286,0.0,0.142857143,0.535714286,0.0,0.0,0.035714286,0.0,0.178571429,0.0,0.821428571,0.285714286,1.178571429,0.178571429,2.75,0.0,0.285714286,0.535714286,0.4947238564491272,0.4205484390258789,0.4426977336406708,0.19001606106758118,0.34064704179763794,0.2089647799730301,0.6124702095985413,0.32711172103881836,0.7161931395530701,0.3291386663913727,0.23725855350494385,0.2943675220012665,0.14127148687839508,1.1150521039962769,0.2893466055393219,0.28586217761039734,0.16981098055839539,0.10387052595615387,0.053827591240406036,0.14209380745887756,0.23380105197429657,0.03282475098967552,0.18228493630886078,0.09727808088064194,0.03643356263637543,0.33219778537750244,0.11754484474658966,0.07502324134111404,0.12603875994682312,0.17498962581157684,0.10874376446008682,0.07202097773551941,0.06210139021277428,0.21470694243907928,0.08778240531682968,0.5153382420539856,0.27889183163642883,0.21237745881080627,0.045371439307928085,0.17508463561534882,0.1728212684392929,0.21585172414779663,0.161055326461792,0.5993353128433228,0.49031829833984375,0.3505393862724304,0.3038037121295929,1.7349607944488525,0.2779766023159027,0.19506682455539703,0.14058852195739746
AI897,0.379310345,0.034482759,0.586206897,0.24137931,0.413793103,0.310344828,0.689655172,0.172413793,0.551724138,0.620689655,0.103448276,0.103448276,0.0,0.551724138,0.655172414,0.275862069,0.103448276,0.068965517,0.068965517,0.551724138,0.379310345,0.0,0.310344828,0.206896552,0.0,0.24137931,0.103448276,0.0,0.0,0.551724138,0.24137931,0.137931034,0.0,0.551724138,0.344827586,0.103448276,0.068965517,0.0,0.068965517,0.0,0.0,0.103448276,0.103448276,0.034482759,0.344827586,0.310344828,0.275862069,0.068965517,0.0,0.0,0.0,0.5842317342758179,0.39315885305404663,0.5457131862640381,0.19903430342674255,0.44085416197776794,0.2265307456254959,0.7835220694541931,0.4007859230041504,0.7012907266616821,0.4083767831325531,0.31626829504966736,0.25056082010269165,0.10007268935441971,0.815075159072876,0.2513434886932373,0.2458534836769104,0.21334266662597656,0.13002809882164001,0.1534818559885025,0.4043075442314148,0.5546037554740906,0.06335994601249695,0.39824536442756653,0.06711036711931229,0.11340215057134628,0.22662384808063507,0.0830988883972168,0.05771127715706825,0.042620621621608734,0.19625724852085114,0.10789822041988373,0.041694726794958115,0.08869143575429916,0.2488366663455963,0.14327597618103027,0.45128363370895386,0.17404641211032867,0.07857074588537216,0.025806769728660583,0.1956522911787033,0.1519516110420227,0.16628216207027435,0.12283461540937424,0.16585849225521088,0.15974581241607666,0.1814984679222107,0.18229663372039795,0.5746108889579773,0.1998518407344818,0.16623184084892273,0.10045373439788818
AJ070,0.0,0.0,0.233333333,0.3,0.333333333,0.333333333,0.433333333,0.0,1.066666667,0.066666667,0.0,0.266666667,0.0,1.733333333,0.666666667,0.5,2.5,0.0,0.133333333,0.033333333,0.233333333,0.0,0.0,0.066666667,0.0,0.2,0.0,0.0,0.0,0.0,0.533333333,0.0,0.0,0.166666667,0.0,0.066666667,0.033333333,0.0,0.0,0.0,0.0,0.033333333,0.066666667,0.433333333,0.133333333,0.1,0.0,0.0,0.066666667,0.033333333,0.0,0.2178608775138855,0.0022677499800920486,0.3453282415866852,0.18363328278064728,0.34713247418403625,0.10381356626749039,0.21356944739818573,0.22634662687778473,0.5418795347213745,0.11980703473091125,0.11277893930673599,0.13523957133293152,0.037029217928647995,1.100999355316162,0.519210696220398,0.3343350887298584,0.36886948347091675,0.6098033785820007,0.4628918170928955,0.5317007899284363,0.32987409830093384,0.20559661090373993,0.2232571393251419,0.09413637965917587,0.07509156316518784,0.12088260799646378,0.08656106889247894,0.02510952204465866,0.07555346190929413,0.20430728793144226,0.2010432928800583,0.0778609961271286,0.06820870190858841,0.15401332080364227,0.02753112092614174,0.4632408916950226,0.13868378102779388,0.031267840415239334,0.02910611964762211,0.09045110642910004,0.2870340943336487,0.16948530077934265,0.06066823750734329,0.3315179944038391,0.2845017910003662,0.2615070044994354,0.09117841720581055,0.5171567797660828,0.2512657940387726,0.18415312469005585,0.08739861100912094
AJ192,0.133333333,0.0,0.4,0.0,0.366666667,0.0,1.0,0.433333333,1.1,0.0,0.0,0.6,0.1,1.8,0.566666667,0.4,2.3,0.1,0.0,0.1,0.1,0.0,0.1,0.0,0.0,0.066666667,0.0,0.0,0.0,0.333333333,0.266666667,0.0,0.0,0.066666667,0.0,0.066666667,0.033333333,0.033333333,0.0,0.133333333,0.0,0.0,0.166666667,0.9,0.166666667,0.0,0.0,0.0,0.066666667,0.033333333,0.0,0.3608255088329315,0.21279333531856537,0.4331551194190979,0.25198718905448914,0.3345180153846741,0.20679067075252533,0.6117480397224426,0.2583440840244293,1.135643720626831,0.17637351155281067,0.3738876283168793,0.346087247133255,0.12442627549171448,1.3921849727630615,0.27631211280822754,0.2579541802406311,0.38152262568473816,0.11099643260240555,0.05903036147356033,0.1382555067539215,0.18223796784877777,0.07069860398769379,0.20194517076015472,0.1325385719537735,0.062101565301418304,0.180556982755661,0.0877087339758873,0.047575630247592926,0.19358956813812256,0.21140804886817932,0.2775532305240631,0.12784059345722198,0.10980195552110672,0.13927042484283447,0.054805655032396317,0.4523696303367615,0.20867802202701569,0.04431091994047165,0.041950758546590805,0.14478011429309845,0.19214805960655212,0.1890367567539215,0.11030180752277374,0.3382420539855957,0.20514950156211853,0.24987833201885223,0.07034489512443542,0.20630407333374023,0.22406554222106934,0.1391526311635971,0.10780219733715057
AJ449,0.366666667,0.133333333,0.066666667,0.0,0.2,0.0,0.366666667,0.1,1.5,0.1,0.366666667,0.433333333,0.1,1.533333333,0.266666667,0.266666667,0.033333333,0.0,0.0,0.066666667,0.0,0.0,0.0,0.266666667,0.0,0.333333333,0.333333333,0.166666667,0.1,1.133333333,0.866666667,0.0,0.0,0.1,0.0,0.333333333,0.066666667,0.066666667,0.0,0.0,0.2,0.233333333,0.1,0.233333333,0.166666667,0.533333333,0.133333333,0.566666667,0.3,0.066666667,0.0,0.45307520031929016,0.3029322922229767,0.5066971778869629,0.23850253224372864,0.5149232745170593,0.1558304727077484,0.39463961124420166,0.2536068558692932,1.0850043296813965,0.24731364846229553,0.25437724590301514,0.26348960399627686,0.10542216151952744,1.4751629829406738,0.34114134311676025,0.24685770273208618,0.4052324593067169,0.19106416404247284,0.2718922793865204,0.1926075965166092,0.3093074560165405,0.15694458782672882,0.2725355923175812,0.20293061435222626,0.056346870958805084,0.3438211679458618,0.10160920023918152,0.06800831109285355,0.27366894483566284,0.30874279141426086,0.22406049072742462,0.08491071313619614,0.1559879034757614,0.16310301423072815,0.06544087082147598,0.5843245983123779,0.11585874855518341,0.0647343322634697,0.03747829794883728,0.1694321483373642,0.31762224435806274,0.17601200938224792,0.09424961358308792,0.37558212876319885,0.3012797236442566,0.3416699469089508,0.14006075263023376,0.2501300275325775,0.20915283262729645,0.21191373467445374,0.12688103318214417
AJ601,0.620689655,0.172413793,0.482758621,0.0,0.793103448,0.034482759,0.586206897,0.068965517,0.793103448,0.103448276,0.0,0.068965517,0.0,0.896551724,0.448275862,0.310344828,0.206896552,0.068965517,0.0,0.344827586,0.137931034,0.0,0.172413793,0.0,0.137931034,0.103448276,0.0,0.0,0.0,0.275862069,0.068965517,0.0,0.0,0.172413793,0.206896552,0.586206897,0.0,0.0,0.0,0.0,0.275862069,0.068965517,0.068965517,0.275862069,0.310344828,0.620689655,0.172413793,0.586206897,0.310344828,0.482758621,0.448275862,0.3655773997306824,0.050423186272382736,0.4691399335861206,0.09133931249380112,0.3069649636745453,0.20311841368675232,0.2470545470714569,0.20508462190628052,0.5346682071685791,0.3423116207122803,0.11973337084054947,0.13797689974308014,0.04423275217413902,0.7575768232345581,0.3847951889038086,0.3184197247028351,0.27281641960144043,0.14985699951648712,0.12214787304401398,0.2254355251789093,0.38502269983291626,0.10573563724756241,0.32528162002563477,0.13653185963630676,0.02313845604658127,0.16170357167720795,0.11269146203994751,0.11246383190155029,0.2493029534816742,0.33981093764305115,0.30560600757598877,0.07562398910522461,0.149543896317482,0.18246640264987946,0.07340188324451447,0.4612748622894287,0.16806593537330627,0.03747384622693062,0.03461571782827377,0.19788512587547302,0.10822556167840958,0.16248661279678345,0.12903065979480743,0.20655395090579987,0.18503113090991974,0.557887077331543,0.17430226504802704,0.648248016834259,0.21269680559635162,0.10787194222211838,0.15290337800979614
AJ809,0.133333333,0.0,0.366666667,0.0,0.133333333,0.0,0.066666667,0.066666667,0.2,0.0,0.0,0.0,0.0,0.7,0.3,0.333333333,0.133333333,0.2,0.066666667,1.7,2.433333333,0.133333333,0.766666667,0.233333333,0.133333333,0.0,0.166666667,0.2,0.0,0.333333333,0.2,0.1,0.0,0.166666667,0.1,0.4,0.133333333,0.0,0.133333333,0.0,0.433333333,0.333333333,0.0,0.0,0.033333333,0.233333333,0.0,0.433333333,0.366666667,0.066666667,0.0,0.3800211548805237,0.05970146879553795,0.4587012529373169,0.1266980618238449,0.29091310501098633,0.1989538073539734,0.22194115817546844,0.20206664502620697,0.3935043215751648,0.35748133063316345,0.08636843413114548,0.1389801949262619,0.0454481840133667,0.9508030414581299,0.41229933500289917,0.2846487760543823,0.31478503346443176,0.21906720101833344,0.12418557703495026,0.7147836685180664,0.978051483631134,0.12238448858261108,0.49680274724960327,0.12857301533222198,0.03463936969637871,0.15087458491325378,0.10418607294559479,0.08873341232538223,0.11859853565692902,0.2615346312522888,0.23040232062339783,0.058445606380701065,0.11492262035608292,0.32386451959609985,0.08087490499019623,0.4907763600349426,0.2456166297197342,0.058480240404605865,0.03125927969813347,0.08124008029699326,0.16987060010433197,0.17545290291309357,0.10462456196546555,0.4852239787578583,0.13703878223896027,0.6201972961425781,0.19023504853248596,0.9055893421173096,0.23542170226573944,0.16043539345264435,0.15556198358535767
AJ862,0.066666667,0.0,0.133333333,0.1,0.033333333,0.0,0.3,0.1,0.5,0.1,0.3,0.066666667,0.1,0.633333333,0.233333333,0.2,0.2,0.033333333,0.0,0.2,0.066666667,0.0,0.0,0.133333333,0.033333333,0.0,0.0,0.333333333,0.066666667,0.333333333,0.1,0.033333333,0.1,0.066666667,0.133333333,0.8,0.8,0.733333333,0.0,0.333333333,0.366666667,0.133333333,0.3,1.3,0.433333333,0.366666667,0.033333333,0.0,0.666666667,0.1,0.1,0.4907769560813904,0.04311741143465042,0.4285459518432617,0.2622930109500885,0.31987032294273376,0.16737942397594452,0.3398791253566742,0.1694774180650711,0.5521649122238159,0.17616884410381317,0.1943737268447876,0.198930025100708,0.081044502556324,0.792197048664093,0.20598123967647552,0.2726327180862427,0.16307316720485687,0.04260384291410446,0.06324148178100586,0.06775795668363571,0.12610822916030884,0.019004760310053825,0.21482175588607788,0.0644984096288681,0.10772152990102768,0.2783035635948181,0.16096916794776917,0.18225806951522827,0.13717228174209595,0.17364469170570374,0.13802409172058105,0.06132740527391434,0.05085450038313866,0.2567717134952545,0.0764426589012146,0.5191580653190613,0.2762864828109741,0.14034980535507202,0.05441639572381973,0.1632741540670395,0.16628174483776093,0.1881653219461441,0.10491097718477249,0.6131582260131836,0.42871832847595215,0.3841434419155121,0.2014210820198059,0.42266762256622314,0.2506878674030304,0.15767137706279755,0.1362307369709015
AK366,0.566666667,0.0,0.433333333,0.0,0.133333333,0.1,0.433333333,0.333333333,1.533333333,0.366666667,0.2,0.4,0.0,1.733333333,0.333333333,0.3,0.433333333,0.033333333,0.033333333,0.1,0.1,0.0,0.566666667,0.233333333,0.066666667,0.2,0.0,0.133333333,0.0,0.3,0.4,0.0,0.1,0.166666667,0.0,0.233333333,0.1,0.0,0.0,0.0,0.1,0.333333333,0.066666667,0.3,0.2,0.8,0.333333333,0.733333333,0.3,0.0,0.133333333,0.38453409075737,0.046534355729818344,0.42134416103363037,0.10028315335512161,0.2535063326358795,0.26778778433799744,0.3955661654472351,0.2498147040605545,0.8805150389671326,0.7099721431732178,0.2142311930656433,0.14532054960727692,0.0508582666516304,1.5382283926010132,0.3521229326725006,0.31860458850860596,0.24611516296863556,0.06034310162067413,0.042667072266340256,0.1467059999704361,0.4147317409515381,0.008119771257042885,0.2808673083782196,0.10445717722177505,0.02662486396729946,0.22356869280338287,0.06343990564346313,0.09775680303573608,0.1103101521730423,0.32060596346855164,0.1630672961473465,0.027327949181199074,0.007910453714430332,0.16299958527088165,0.01746145449578762,0.39560532569885254,0.1442536860704422,0.0339178703725338,0.029229192063212395,0.08799758553504944,0.08005330711603165,0.141827791929245,0.08269815891981125,0.33887189626693726,0.11766482889652252,0.46524518728256226,0.1929662525653839,0.2384759783744812,0.2143145054578781,0.1365441232919693,0.15915687382221222
AK418,0.7,0.0,0.3,0.0,0.166666667,0.0,0.133333333,0.0,0.333333333,0.166666667,0.133333333,0.0,0.0,0.433333333,0.2,0.0,0.1,0.066666667,0.3,0.233333333,0.066666667,0.6,0.0,0.133333333,0.0,0.066666667,0.0,0.0,0.1,0.633333333,0.5,0.166666667,0.5,0.1,0.066666667,0.7,0.2,0.0,0.0,0.0,0.833333333,0.066666667,0.066666667,0.0,0.033333333,1.3,0.333333333,0.1,0.666666667,0.566666667,0.6,0.3928340673446655,0.057239875197410583,0.43900060653686523,0.1478070467710495,0.2156008630990982,0.15957193076610565,0.3379453718662262,0.13624249398708344,0.5857006311416626,0.1557352989912033,0.20106370747089386,0.13172796368598938,0.04421784356236458,0.8938973546028137,0.1836569756269455,0.19774264097213745,0.2011885792016983,0.037029799073934555,0.11738793551921844,0.18920567631721497,0.06884636729955673,0.27687567472457886,0.147072434425354,0.06441183388233185,0.020073847845196724,0.17637796700000763,0.03500232845544815,0.03808994218707085,0.07951165735721588,0.7278111577033997,0.3004019856452942,0.1682729423046112,0.4924640357494354,0.1481153815984726,0.06378047168254852,0.6055498123168945,0.14762863516807556,0.04869544133543968,0.03352312743663788,0.09381488710641861,0.2046622782945633,0.18494857847690582,0.1230604276061058,0.12653905153274536,0.3309601843357086,0.8282736539840698,0.1709720343351364,0.3543282747268677,0.2146264612674713,0.17815648019313812,0.2539612352848053
AK727,0.4,0.0,0.266666667,0.233333333,0.566666667,0.133333333,0.533333333,0.266666667,0.8,0.0,0.1,0.266666667,0.0,1.433333333,0.166666667,0.6,0.066666667,0.266666667,0.166666667,0.2,0.233333333,0.0,0.266666667,0.0,0.0,0.066666667,0.0,0.0,0.0,0.266666667,0.233333333,0.033333333,0.0,0.066666667,0.0,0.466666667,0.0,0.0,0.0,0.1,0.666666667,0.066666667,0.0,0.533333333,0.5,0.333333333,0.133333333,0.266666667,0.533333333,0.2,0.133333333,0.24951142072677612,0.054009515792131424,0.26282989978790283,0.10237020254135132,0.16489529609680176,0.08763255178928375,0.3137669265270233,0.19381748139858246,0.767504096031189,0.18293353915214539,0.23307427763938904,0.19629693031311035,0.07859788835048676,1.0291186571121216,0.34855586290359497,0.31588247418403625,0.1889788657426834,0.07496442645788193,0.1147967055439949,0.30641669034957886,0.24539814889431,0.26434117555618286,0.21105170249938965,0.10573755204677582,0.13417471945285797,0.13000750541687012,0.3742377460002899,0.16999563574790955,0.30078625679016113,0.3389495611190796,0.32128214836120605,0.21690109372138977,0.307483434677124,0.12069597095251083,0.08035450428724289,0.29069697856903076,0.16401730477809906,0.1442732959985733,0.037794556468725204,0.41208067536354065,0.11579564958810806,0.1501334011554718,0.06576351076364517,0.23358115553855896,0.14217013120651245,0.1934579461812973,0.09523181617259979,0.43899306654930115,0.20661558210849762,0.12344877421855927,0.06874002516269684
AL397,0.8,0.133333333,0.9,0.0,1.1,0.3,0.4,0.4,0.066666667,0.166666667,0.0,0.0,0.0,0.133333333,0.2,0.033333333,0.3,0.233333333,0.166666667,0.566666667,1.366666667,0.0,0.733333333,0.0,0.0,0.2,0.0,0.1,0.1,0.4,0.3,0.133333333,0.166666667,0.5,0.133333333,1.533333333,0.133333333,0.0,0.0,0.0,0.4,0.033333333,0.0,0.0,0.0,0.1,0.133333333,0.233333333,0.566666667,0.066666667,0.4,0.49734997749328613,0.03447066992521286,0.361566424369812,0.12144499272108078,0.4594080448150635,0.1526111364364624,0.1655648797750473,0.1772645264863968,0.21512816846370697,0.12405170500278473,0.07502482086420059,0.08809831738471985,0.02349279262125492,0.32616543769836426,0.15572889149188995,0.12562678754329681,0.17085081338882446,0.17942941188812256,0.1821332424879074,0.8176571130752563,1.3851923942565918,0.09875361621379852,0.760717511177063,0.11631469428539276,0.02306152507662773,0.13816268742084503,0.05260351672768593,0.09810510277748108,0.09459373354911804,0.19164952635765076,0.10795223712921143,0.15728113055229187,0.16969658434391022,0.41554704308509827,0.20072704553604126,0.803881824016571,0.25925377011299133,0.08848400413990021,0.03258899226784706,0.1464112401008606,0.2589844763278961,0.25380939245224,0.19091102480888367,0.04701773077249527,0.06912795454263687,0.22313180565834045,0.17090469598770142,0.08237206935882568,0.2529051601886749,0.15437105298042297,0.14341747760772705
AL612,1.5,0.0,1.066666667,0.233333333,0.733333333,0.133333333,0.4,0.133333333,0.666666667,0.066666667,0.0,0.0,0.0,0.8,0.066666667,0.166666667,0.1,0.1,0.033333333,0.333333333,0.866666667,0.0,0.133333333,0.0,0.0,0.4,0.0,0.0,0.0,0.266666667,0.0,0.0,0.0,0.266666667,0.1,1.0,0.1,0.366666667,0.0,0.0,0.3,0.2,0.0,0.0,0.166666667,0.1,0.466666667,0.033333333,0.4,0.1,0.233333333,0.6931602358818054,0.0821719840168953,0.8240307569503784,0.37835487723350525,0.5226204991340637,0.1910543292760849,0.39668214321136475,0.1960003674030304,0.6641515493392944,0.16030152142047882,0.21211601793766022,0.23000523447990417,0.04327687993645668,0.9525442123413086,0.20311173796653748,0.2969878613948822,0.23708686232566833,0.12904007732868195,0.09182915836572647,0.4401080310344696,0.5676030516624451,0.09063254296779633,0.2765621840953827,0.03851617872714996,0.0362594798207283,0.166335329413414,0.037057533860206604,0.04160454496741295,0.06111110374331474,0.3146900236606598,0.2581714987754822,0.060491956770420074,0.12255436927080154,0.22101984918117523,0.07269355654716492,0.6144983172416687,0.13215243816375732,0.03784896433353424,0.030676087364554405,0.09871558099985123,0.18196819722652435,0.13362395763397217,0.05763043835759163,0.10925902426242828,0.21711115539073944,0.2962188422679901,0.14587998390197754,0.25655367970466614,0.20259295403957367,0.1858021318912506,0.1408546268939972
AL679,0.233333333,0.066666667,0.433333333,0.1,0.366666667,0.333333333,0.366666667,0.066666667,0.333333333,0.933333333,0.0,0.1,0.0,0.666666667,0.0,0.2,0.033333333,0.0,0.133333333,0.0,0.133333333,0.0,0.033333333,0.0,0.0,0.166666667,0.0,0.0,0.0,0.4,0.133333333,0.1,0.333333333,0.033333333,0.1,0.766666667,1.166666667,1.166666667,0.2,0.6,0.2,0.0,0.566666667,0.233333333,0.1,0.666666667,0.4,0.133333333,0.1,0.233333333,0.1,0.5935981869697571,0.014819242060184479,0.5846913456916809,0.13517272472381592,0.42182138562202454,0.1959322988986969,0.46095824241638184,0.17008338868618011,0.5074858069419861,0.18765482306480408,0.11664966493844986,0.10674918442964554,0.0344914048910141,0.7094643115997314,0.20040592551231384,0.20076748728752136,0.1975805163383484,0.03795814886689186,0.08267418295145035,0.19916197657585144,0.22263188660144806,0.07337263226509094,0.20147308707237244,0.10080147534608841,0.04031246528029442,0.2676263153553009,0.027604591101408005,0.05164548009634018,0.1802837997674942,0.3587770164012909,0.22338619828224182,0.1882755309343338,0.10153263062238693,0.2203865647315979,0.10287117213010788,1.0407209396362305,0.26615509390830994,0.18195568025112152,0.04384150728583336,0.18553104996681213,0.2427508383989334,0.13980260491371155,0.23452097177505493,0.1105007752776146,0.15568801760673523,0.24277088046073914,0.14834809303283691,0.10947734117507935,0.24189050495624542,0.2532337009906769,0.14464715123176575
AM131,0.166666667,0.0,0.466666667,0.0,0.266666667,0.033333333,0.733333333,0.166666667,1.233333333,0.1,0.833333333,0.2,0.0,1.1,0.2,0.133333333,0.133333333,0.066666667,0.1,0.2,0.566666667,0.066666667,0.5,0.0,0.0,0.133333333,0.066666667,0.0,0.3,0.333333333,0.5,0.0,0.0,0.0,0.2,0.266666667,0.033333333,0.0,0.0,0.1,0.266666667,0.233333333,0.1,0.1,0.0,0.0,0.133333333,0.4,0.4,0.333333333,0.066666667,0.4879007041454315,0.23857150971889496,0.38280072808265686,0.18073613941669464,0.2691526710987091,0.1352548599243164,0.48972219228744507,0.235517680644989,0.9232969284057617,0.26962488889694214,0.2787719666957855,0.37963348627090454,0.10192444920539856,1.1265225410461426,0.1793079525232315,0.26798340678215027,0.15940414369106293,0.06049099937081337,0.033600855618715286,0.15577517449855804,0.2985551059246063,0.04169880971312523,0.1559237241744995,0.09818104654550552,0.04046855866909027,0.20939603447914124,0.2003823220729828,0.07633490860462189,0.29822802543640137,0.4374457597732544,0.3511578142642975,0.06053726747632027,0.05469749495387077,0.16577662527561188,0.07446180284023285,0.4973911941051483,0.19059959053993225,0.01820702664554119,0.0435565784573555,0.15813562273979187,0.1100366860628128,0.1540345847606659,0.0870170146226883,0.11392468214035034,0.10846971720457077,0.37863674759864807,0.10933296382427216,0.19198758900165558,0.20135749876499176,0.13990086317062378,0.10237456858158112
AM286,0.233333333,0.0,0.233333333,0.0,0.366666667,0.066666667,0.266666667,0.1,0.366666667,0.0,0.0,0.233333333,0.0,1.7,1.366666667,1.1,0.5,0.1,0.0,0.266666667,0.8,0.033333333,0.266666667,0.066666667,0.166666667,0.3,0.466666667,0.0,0.4,0.033333333,0.2,0.0,0.033333333,0.333333333,0.1,0.6,0.033333333,0.0,0.0,0.033333333,0.066666667,0.166666667,0.0,0.066666667,0.266666667,0.133333333,0.0,0.233333333,0.266666667,0.166666667,0.066666667,0.41585126519203186,0.030468354001641273,0.3812520205974579,0.05061948671936989,0.37970221042633057,0.11096445471048355,0.40179938077926636,0.2841218113899231,0.8450453877449036,0.16051232814788818,0.2726612091064453,0.2775070369243622,0.07824169844388962,1.333884835243225,0.31219208240509033,0.3731781840324402,0.18527524173259735,0.06518683582544327,0.06254483759403229,0.2086757868528366,0.24660174548625946,0.040390558540821075,0.2107847034931183,0.146366149187088,0.06694898754358292,0.1862909346818924,0.3474295735359192,0.10900257527828217,0.27744972705841064,0.30717602372169495,0.28964686393737793,0.0452771931886673,0.057229653000831604,0.14679844677448273,0.037909943610429764,0.43086695671081543,0.19519169628620148,0.033742520958185196,0.027587031945586205,0.17008963227272034,0.08712518215179443,0.14303047955036163,0.07213500887155533,0.1338353008031845,0.10098108649253845,0.22344233095645905,0.09161615371704102,0.4116460084915161,0.19593742489814758,0.1422666311264038,0.0950082316994667
AM518,0.4,0.0,0.666666667,1.5,0.633333333,0.433333333,0.333333333,0.4,0.2,0.066666667,0.0,0.0,0.0,1.066666667,0.3,0.566666667,0.1,0.233333333,0.2,0.166666667,0.266666667,0.0,0.233333333,0.0,0.1,0.3,0.133333333,0.0,0.0,0.133333333,0.2,0.0,0.0,0.1,0.0,0.3,0.0,0.0,0.0,0.0,0.2,0.0,0.0,0.166666667,0.8,0.066666667,0.0,0.266666667,0.366666667,0.066666667,0.133333333,0.28387707471847534,0.045184701681137085,0.5255565643310547,0.5653921365737915,0.34371528029441833,0.1952820122241974,0.34248876571655273,0.2469080537557602,0.36496633291244507,0.12667225301265717,0.1005207821726799,0.1381496787071228,0.06484586745500565,1.149208426475525,0.4090138375759125,0.3133133351802826,0.22975116968154907,0.11213196814060211,0.07172789424657822,0.34808266162872314,0.3806267976760864,0.0956505611538887,0.2600128650665283,0.04540777951478958,0.034759439527988434,0.10984824597835541,0.12663884460926056,0.05488123744726181,0.04465679079294205,0.17637328803539276,0.24685396254062653,0.10082749277353287,0.15379059314727783,0.16620677709579468,0.030295375734567642,0.47371989488601685,0.1474730372428894,0.021935364231467247,0.026034127920866013,0.06590594351291656,0.22168220579624176,0.20218847692012787,0.051829010248184204,0.5432066917419434,0.6831425428390503,0.5669910907745361,0.14873294532299042,0.6494761109352112,0.23480205237865448,0.1091337725520134,0.10844489932060242
AM654,0.166666667,0.1,0.4,0.7,0.366666667,0.033333333,0.0,0.133333333,0.366666667,0.0,0.0,0.0,0.0,0.666666667,0.3,0.3,0.366666667,0.0,0.0,0.733333333,1.633333333,0.0,1.1,0.0,0.166666667,0.066666667,0.0,0.266666667,0.033333333,0.0,0.033333333,0.0,0.0,0.366666667,0.0,0.666666667,0.1,0.2,0.0,0.033333333,0.233333333,0.0,0.0,0.133333333,0.533333333,0.0,0.0,0.366666667,0.1,0.2,0.1,0.31597140431404114,0.03274775668978691,0.5543389320373535,0.34457331895828247,0.425342321395874,0.20741119980812073,0.23380832374095917,0.1774929314851761,0.27575215697288513,0.13319331407546997,0.12370774149894714,0.1257220357656479,0.0524362213909626,0.8222548365592957,0.2106740027666092,0.2076520323753357,0.1762751340866089,0.09277699142694473,0.08144783973693848,0.4023483097553253,0.39296647906303406,0.05706554651260376,0.14192406833171844,0.02588736265897751,0.01600835844874382,0.09231310337781906,0.05066462606191635,0.052851758897304535,0.03322406858205795,0.24019776284694672,0.1855383813381195,0.06981468200683594,0.08376108109951019,0.22752326726913452,0.03641064092516899,0.3421119153499603,0.16535556316375732,0.052289824932813644,0.027473844587802887,0.06824537366628647,0.14821207523345947,0.15396258234977722,0.06421387195587158,0.4760950803756714,0.5745086073875427,0.67279452085495,0.19793622195720673,0.6999455690383911,0.21320867538452148,0.1335248053073883,0.1294611096382141
AM911,0.666666667,0.0,0.466666667,0.033333333,0.633333333,0.1,0.433333333,0.266666667,0.2,0.066666667,0.0,0.0,0.0,0.633333333,0.133333333,0.133333333,0.0,0.0,0.066666667,1.333333333,1.5,0.533333333,0.6,0.066666667,0.0,0.0,0.0,0.2,0.2,0.366666667,0.133333333,0.266666667,0.433333333,0.733333333,0.1,0.6,0.033333333,0.0,0.033333333,0.0,0.066666667,0.0,0.166666667,0.033333333,0.066666667,0.066666667,0.2,0.066666667,0.066666667,0.0,0.066666667,0.21813198924064636,0.015275881625711918,0.4221433103084564,0.12143953144550323,0.24393048882484436,0.11568980664014816,0.2887226939201355,0.22530172765254974,0.3777613639831543,0.12268098443746567,0.09254532307386398,0.13197794556617737,0.06221034750342369,0.7742747068405151,0.258844792842865,0.22654186189174652,0.16520656645298004,0.09689667820930481,0.0950050950050354,0.5330630540847778,0.5782808065414429,0.3064614534378052,0.24817916750907898,0.039498716592788696,0.04342926666140556,0.10293657332658768,0.17109720408916473,0.07766225188970566,0.29590967297554016,0.2556074261665344,0.2549898624420166,0.21836185455322266,0.22847527265548706,0.18529316782951355,0.0710311159491539,0.5890255570411682,0.08467997610569,0.027846230193972588,0.02933495119214058,0.10358984023332596,0.24050050973892212,0.14663369953632355,0.09345480054616928,0.1774481236934662,0.14709077775478363,0.18812254071235657,0.07622305303812027,0.25705838203430176,0.22808147966861725,0.09977248311042786,0.06464075297117233
AN176,0.766666667,0.266666667,0.4,0.266666667,0.9,0.2,0.5,0.5,0.933333333,0.333333333,0.1,0.266666667,0.0,1.7,0.5,0.5,0.566666667,0.333333333,0.1,0.0,0.0,0.0,0.133333333,0.1,0.0,0.433333333,0.133333333,0.0,0.0,0.133333333,0.1,0.0,0.0,0.133333333,0.066666667,0.466666667,0.0,0.0,0.0,0.0,0.366666667,0.133333333,0.0,0.1,0.066666667,0.066666667,0.0,0.533333333,0.366666667,0.0,0.1,0.32741764187812805,0.04535732790827751,0.38862890005111694,0.5681405067443848,0.2826882004737854,0.14663729071617126,0.31729087233543396,0.3103683292865753,0.6323187351226807,0.13846099376678467,0.09651307016611099,0.2215660810470581,0.07834652066230774,1.4459649324417114,0.5096706748008728,0.33081820607185364,0.285417377948761,0.10166443884372711,0.07431834191083908,0.1659294217824936,0.1868039071559906,0.023513732478022575,0.1856052130460739,0.08162736147642136,0.10928516089916229,0.18390609323978424,0.195407897233963,0.05523812398314476,0.07416553795337677,0.27045923471450806,0.31022220849990845,0.07847987115383148,0.10414185374975204,0.17546109855175018,0.022304894402623177,0.3304804861545563,0.1734626144170761,0.04386652633547783,0.028529658913612366,0.12191715091466904,0.14209963381290436,0.16908806562423706,0.021022461354732513,0.4364997446537018,0.5204994082450867,0.5578916072845459,0.13171513378620148,0.788135290145874,0.21894660592079163,0.15150673687458038,0.08283601701259613
AO055,0.333333333,0.0,0.7,0.333333333,0.466666667,0.433333333,0.466666667,0.533333333,0.633333333,0.0,0.166666667,0.266666667,0.0,1.233333333,0.266666667,0.4,0.366666667,0.0,0.0,0.133333333,0.366666667,0.133333333,0.066666667,0.266666667,0.1,0.0,0.566666667,0.133333333,0.533333333,0.366666667,0.266666667,0.466666667,0.566666667,0.0,0.266666667,0.433333333,0.133333333,0.1,0.4,1.266666667,0.233333333,0.133333333,0.066666667,0.233333333,0.233333333,0.366666667,0.0,0.066666667,0.233333333,0.233333333,0.0,0.31978607177734375,0.026447756215929985,0.41029855608940125,0.371103435754776,0.2978726625442505,0.15559223294258118,0.3933621346950531,0.2825215458869934,0.8389691710472107,0.14419007301330566,0.24469545483589172,0.2537083625793457,0.0742349922657013,1.3765416145324707,0.2964831292629242,0.3008079528808594,0.2399207353591919,0.08714136481285095,0.033660341054201126,0.270796000957489,0.13888287544250488,0.11373329907655716,0.12451466917991638,0.14921726286411285,0.047338686883449554,0.15451680123806,0.14965465664863586,0.11694364994764328,0.1826324760913849,0.3641023337841034,0.42876332998275757,0.20914483070373535,0.40880122780799866,0.09359844028949738,0.06378919631242752,0.4709216356277466,0.09416310489177704,0.028465859591960907,0.03763376921415329,0.17124280333518982,0.10610780864953995,0.14360038936138153,0.05785428732633591,0.12240316718816757,0.17508797347545624,0.16051220893859863,0.12358362227678299,0.1680116206407547,0.1940106749534607,0.12435680627822876,0.07258088141679764
AO060,0.5,0.0,0.833333333,0.1,1.166666667,0.433333333,0.2,0.366666667,0.266666667,0.033333333,0.0,0.0,0.0,0.6,0.266666667,0.2,0.4,0.3,0.066666667,0.433333333,0.8,0.0,0.733333333,0.0,0.0,0.066666667,0.0,0.0,0.0,0.266666667,0.133333333,0.066666667,0.0,0.933333333,0.0,1.366666667,0.233333333,0.0,0.033333333,0.366666667,0.333333333,0.266666667,0.0,0.3,0.2,0.166666667,0.233333333,0.2,0.733333333,0.733333333,0.0,0.5281855463981628,0.06694422662258148,0.5388315916061401,0.18370607495307922,0.45340240001678467,0.16699063777923584,0.33692699670791626,0.27188336849212646,0.4210436940193176,0.12312991917133331,0.12564411759376526,0.12157873809337616,0.030238017439842224,1.0613772869110107,0.3394566476345062,0.28316739201545715,0.24654622375965118,0.1151360273361206,0.05649479478597641,0.3930248022079468,0.4844212234020233,0.0856158435344696,0.24865686893463135,0.14870165288448334,0.028169430792331696,0.17870429158210754,0.06129513680934906,0.0669538676738739,0.11445462703704834,0.25464919209480286,0.18329651653766632,0.0314616858959198,0.08674262464046478,0.2686869502067566,0.06263509392738342,0.844852864742279,0.14524595439434052,0.03018425591289997,0.028321372345089912,0.10322437435388565,0.1624675691127777,0.15721018612384796,0.12537871301174164,0.18169982731342316,0.18298634886741638,0.254255473613739,0.15318895876407623,0.22096410393714905,0.20528604090213776,0.1578579694032669,0.11464307457208633
AO074,0.633333333,0.0,0.8,0.566666667,0.5,0.233333333,0.433333333,0.566666667,0.533333333,0.066666667,0.1,0.233333333,0.0,1.0,0.266666667,0.2,0.133333333,0.033333333,0.066666667,1.2,1.933333333,0.133333333,1.066666667,0.0,0.066666667,0.066666667,0.133333333,0.066666667,0.166666667,0.2,0.0,0.0,0.0,0.433333333,0.0,0.966666667,0.166666667,0.0,0.0,0.133333333,0.1,0.066666667,0.0,0.366666667,0.1,0.033333333,0.2,0.0,0.1,0.166666667,0.0,0.35387903451919556,0.025834443047642708,0.6643875241279602,0.2786973714828491,0.7330905199050903,0.20112866163253784,0.37182027101516724,0.3532657027244568,0.41298362612724304,0.12296679615974426,0.1214757114648819,0.13050903379917145,0.04631398618221283,1.4043591022491455,0.38226577639579773,0.32612961530685425,0.35837000608444214,0.2307342290878296,0.07761780917644501,0.37471508979797363,0.5319273471832275,0.09031935036182404,0.2803521156311035,0.06458721309900284,0.03778214007616043,0.1674051731824875,0.06549342721700668,0.05589081719517708,0.039915911853313446,0.19111980497837067,0.168432354927063,0.03695592284202576,0.07821345329284668,0.14449501037597656,0.02906542457640171,0.5763804316520691,0.1348903775215149,0.018715865910053253,0.02618904411792755,0.023312974721193314,0.21568825840950012,0.17391745746135712,0.05455953627824783,0.1939292997121811,0.1865922063589096,0.3185846507549286,0.16020284593105316,0.4521896541118622,0.23047460615634918,0.19446228444576263,0.11749359220266342
AO208,0.333333333,0.0,0.233333333,0.066666667,0.266666667,0.0,0.233333333,0.066666667,0.7,0.1,0.1,0.1,0.066666667,0.6,0.433333333,0.266666667,0.1,0.033333333,0.0,0.766666667,0.333333333,0.633333333,0.233333333,0.133333333,0.0,0.0,0.966666667,0.1,0.866666667,1.0,0.466666667,0.6,1.4,0.5,0.333333333,1.433333333,0.233333333,0.233333333,0.533333333,1.066666667,0.033333333,0.1,0.2,0.0,0.166666667,0.4,0.133333333,0.0,0.133333333,0.0,0.0,0.24860815703868866,0.012904335744678974,0.25167107582092285,0.06833967566490173,0.16392500698566437,0.08469108492136002,0.3036578893661499,0.14827556908130646,0.6520973443984985,0.12926433980464935,0.2248256951570511,0.11565827578306198,0.0923941358923912,0.7623798847198486,0.32537055015563965,0.31668612360954285,0.15343378484249115,0.05238454416394234,0.053397148847579956,0.20223766565322876,0.19903482496738434,0.2374231070280075,0.211879700422287,0.15821662545204163,0.07517384737730026,0.29046308994293213,0.23598787188529968,0.1355869472026825,0.3553165793418884,0.5191744565963745,0.3555617034435272,0.48564228415489197,0.5519898533821106,0.15930379927158356,0.11606720089912415,0.5107778906822205,0.1185174211859703,0.06154070049524307,0.04462115466594696,0.4400615096092224,0.18309015035629272,0.12788818776607513,0.13182511925697327,0.13291113078594208,0.16029192507266998,0.18513913452625275,0.05351428687572479,0.17488157749176025,0.20954950153827667,0.0688740536570549,0.05658884719014168
AO500,0.1,0.0,0.5,0.3,0.1,0.133333333,0.233333333,0.6,0.1,0.0,0.0,0.0,0.0,1.366666667,0.6,0.833333333,0.3,0.5,0.9,0.6,0.566666667,0.333333333,0.4,0.233333333,0.0,0.266666667,0.066666667,0.2,0.2,0.4,0.1,0.433333333,1.833333333,0.233333333,0.0,0.333333333,0.266666667,0.0,0.033333333,0.066666667,0.233333333,0.0,0.066666667,0.166666667,0.166666667,0.2,0.033333333,0.166666667,0.1,0.0,0.0,0.18372680246829987,0.042929500341415405,0.3572049140930176,0.24349915981292725,0.19939465820789337,0.11638303846120834,0.22531884908676147,0.28240761160850525,0.4347476065158844,0.13066992163658142,0.11278454959392548,0.10054221749305725,0.05303097516298294,1.3225126266479492,0.4469607174396515,0.2791285216808319,0.3920397162437439,0.263394832611084,0.1785653978586197,0.4261763095855713,0.31532788276672363,0.4290079176425934,0.21180389821529388,0.13652917742729187,0.040901925414800644,0.14279675483703613,0.10705995559692383,0.05830279737710953,0.0677543506026268,0.3380884826183319,0.27316349744796753,0.40859898924827576,0.8004389405250549,0.1178366020321846,0.0549369715154171,0.32505908608436584,0.11474728584289551,0.06441423296928406,0.03091486170887947,0.20503008365631104,0.21609297394752502,0.15350903570652008,0.061729513108730316,0.32765474915504456,0.31525105237960815,0.35141536593437195,0.08659900724887848,0.3984764814376831,0.2185152918100357,0.16567936539649963,0.06915967911481857
AP164,1.066666667,0.0,1.5,0.066666667,0.366666667,0.033333333,0.2,0.333333333,1.2,0.1,0.366666667,0.733333333,0.1,1.7,0.266666667,0.533333333,0.6,0.0,0.066666667,0.433333333,0.533333333,0.166666667,0.366666667,0.166666667,0.0,0.066666667,0.1,0.033333333,0.0,0.5,0.3,0.133333333,0.566666667,0.5,0.2,0.566666667,0.0,0.0,0.0,0.0,0.3,0.333333333,0.0,0.2,0.133333333,0.5,0.266666667,0.4,0.233333333,0.3,0.133333333,0.3264943063259125,0.07389913499355316,0.5346387028694153,0.5648391842842102,0.3415858745574951,0.14943841099739075,0.42379236221313477,0.2693188190460205,0.9386637210845947,0.15212827920913696,0.2495061457157135,0.4760423004627228,0.09354307502508163,1.7404320240020752,0.7038729786872864,0.9131895303726196,0.2484082579612732,0.0726412758231163,0.06861939281225204,0.2887543737888336,0.13986171782016754,0.1572112888097763,0.17303775250911713,0.09960228949785233,0.0550067238509655,0.1435534954071045,0.06131383776664734,0.037789251655340195,0.20265448093414307,0.3305473327636719,0.4228805601596832,0.16434217989444733,0.2111550271511078,0.1177925169467926,0.047633323818445206,0.4337584972381592,0.1337175816297531,0.02641400508582592,0.0326969213783741,0.1618986576795578,0.11382169276475906,0.16527973115444183,0.07095307856798172,0.2731236219406128,0.5113163590431213,0.3414134681224823,0.10765001177787781,0.43129080533981323,0.20375359058380127,0.11741003394126892,0.09308787435293198
AP385,0.433333333,0.033333333,0.066666667,0.0,0.366666667,0.066666667,0.433333333,0.1,1.633333333,0.033333333,0.233333333,0.3,0.366666667,1.333333333,0.466666667,0.3,0.2,0.0,0.0,0.066666667,0.0,0.1,0.0,0.1,0.1,0.133333333,0.433333333,0.033333333,0.366666667,0.4,0.866666667,1.133333333,0.3,0.0,0.3,0.766666667,0.233333333,0.266666667,0.366666667,1.9,0.3,0.2,0.2,0.066666667,0.0,0.066666667,0.1,0.133333333,0.1,0.133333333,0.066666667,0.29776015877723694,0.026125751435756683,0.3772483766078949,0.23270665109157562,0.2734377384185791,0.11907408386468887,0.4346482455730438,0.1887912005186081,0.9162169098854065,0.16157257556915283,0.2668498754501343,0.27183130383491516,0.08235657215118408,1.2305012941360474,0.22987748682498932,0.3088640570640564,0.1832362711429596,0.04796890914440155,0.05199291929602623,0.4038766920566559,0.33948519825935364,0.23825129866600037,0.25983926653862,0.21029849350452423,0.034100621938705444,0.182361900806427,0.2782844305038452,0.15161192417144775,0.3308411240577698,0.3110392391681671,0.35742953419685364,0.5666831731796265,0.38516485691070557,0.13325157761573792,0.15324488282203674,0.6082889437675476,0.12129251658916473,0.1608860343694687,0.050739798694849014,0.5872429013252258,0.12830841541290283,0.14632809162139893,0.14067786931991577,0.11409619450569153,0.11346997320652008,0.1591150015592575,0.05721519887447357,0.21379627287387848,0.21391573548316956,0.11662627756595612,0.07385925203561783
AP431,0.133333333,0.0,0.266666667,0.433333333,0.066666667,0.066666667,0.3,0.233333333,3.166666667,0.0,0.7,2.366666667,0.233333333,2.566666667,0.566666667,0.266666667,0.1,0.0,0.0,0.233333333,0.4,0.266666667,0.2,0.066666667,0.0,0.033333333,0.0,0.0,0.0,0.333333333,0.266666667,0.233333333,1.033333333,0.066666667,0.0,0.333333333,0.166666667,0.0,0.1,0.1,0.233333333,0.266666667,0.066666667,0.133333333,0.3,0.233333333,0.066666667,0.233333333,0.233333333,0.0,0.166666667,0.1959281712770462,0.03784382343292236,0.33244192600250244,0.18776212632656097,0.17480719089508057,0.10001266747713089,0.30654510855674744,0.1986204981803894,0.7418725490570068,0.14721821248531342,0.24970710277557373,0.22767268121242523,0.07140850275754929,1.0965847969055176,0.3056774139404297,0.33807703852653503,0.21762071549892426,0.06765454262495041,0.10963919758796692,0.2658735513687134,0.19885675609111786,0.31386640667915344,0.23992536962032318,0.15026259422302246,0.037606336176395416,0.1630353182554245,0.22240303456783295,0.08705896139144897,0.3914323151111603,0.3163166642189026,0.3361365497112274,0.44924837350845337,0.4700748324394226,0.15483663976192474,0.10599491745233536,0.5291363000869751,0.11703235656023026,0.1716364622116089,0.055837374180555344,0.7021910548210144,0.20277070999145508,0.14218799769878387,0.165790855884552,0.18980100750923157,0.2210846245288849,0.17753133177757263,0.055317480117082596,0.1783912628889084,0.210168719291687,0.10092530399560928,0.08446849882602692
AP524,0.233333333,0.066666667,0.366666667,0.5,0.233333333,0.133333333,0.466666667,0.9,0.4,0.0,0.066666667,0.133333333,0.1,1.133333333,0.466666667,0.333333333,0.5,0.066666667,0.133333333,0.4,0.366666667,0.5,0.133333333,0.3,0.0,0.233333333,0.133333333,0.166666667,0.0,0.4,0.5,0.466666667,1.6,0.166666667,0.0,0.833333333,0.166666667,0.233333333,0.133333333,0.3,0.733333333,0.1,0.5,0.233333333,0.166666667,0.366666667,0.066666667,0.0,0.633333333,0.0,0.0,0.3318515419960022,0.025734009221196175,0.3941570818424225,0.09218785166740417,0.3031303584575653,0.12030866742134094,0.2685890793800354,0.26598498225212097,0.564093828201294,0.14513960480690002,0.16044969856739044,0.12232363224029541,0.03563190996646881,1.1596598625183105,0.34614402055740356,0.3015803098678589,0.2949727475643158,0.3454425036907196,0.18747037649154663,0.42282384634017944,0.33270201086997986,0.3471470773220062,0.25543540716171265,0.2024613320827484,0.031953223049640656,0.16226787865161896,0.055612049996852875,0.06467846035957336,0.15038344264030457,0.2818923592567444,0.21847909688949585,0.15891513228416443,0.37624213099479675,0.1570376306772232,0.1328735500574112,0.5434463024139404,0.13223589956760406,0.11981955170631409,0.03887941315770149,0.2686900496482849,0.17968754470348358,0.16195717453956604,0.1542712301015854,0.17866995930671692,0.11427634209394455,0.15656885504722595,0.09055142849683762,0.1432034820318222,0.20583800971508026,0.1920066773891449,0.07576926797628403
AP591,0.8,1.533333333,0.533333333,0.233333333,0.6,0.166666667,0.866666667,0.6,1.833333333,0.066666667,0.266666667,0.766666667,0.3,1.7,0.166666667,0.166666667,0.0,0.0,0.0,0.3,0.366666667,0.166666667,0.1,0.066666667,0.066666667,0.266666667,0.166666667,0.033333333,0.0,0.266666667,0.1,0.0,0.166666667,0.1,0.066666667,0.166666667,0.0,0.0,0.066666667,0.0,0.233333333,0.2,0.133333333,0.3,0.1,0.1,0.166666667,0.066666667,0.466666667,0.3,0.066666667,0.4872085750102997,0.1228233128786087,0.5885332822799683,0.2708908021450043,0.48234814405441284,0.21356967091560364,0.5521482825279236,0.3689608573913574,0.8676033616065979,0.14918845891952515,0.2692912220954895,0.24881066381931305,0.05972137302160263,1.4479517936706543,0.32015421986579895,0.3198714554309845,0.23291397094726562,0.09213279187679291,0.03089093416929245,0.2548806071281433,0.44001346826553345,0.032455794513225555,0.22476208209991455,0.11382358521223068,0.026326444000005722,0.2313096970319748,0.05561474338173866,0.053150445222854614,0.059808872640132904,0.2207539677619934,0.18258430063724518,0.032212160527706146,0.06761518865823746,0.14826352894306183,0.036146380007267,0.717998743057251,0.0827036127448082,0.005244678817689419,0.026797866448760033,0.08644868433475494,0.24225202202796936,0.17169532179832458,0.1172698512673378,0.19524003565311432,0.21787822246551514,0.2657724916934967,0.16833335161209106,0.17171896994113922,0.2088126689195633,0.2181837409734726,0.09166630357503891
AP781,0.4,0.1,0.433333333,0.0,0.233333333,0.066666667,0.066666667,0.166666667,0.2,0.066666667,0.0,0.266666667,0.133333333,0.566666667,0.066666667,0.0,0.066666667,0.066666667,0.1,1.566666667,1.666666667,0.466666667,0.366666667,0.466666667,0.0,0.333333333,0.5,0.533333333,0.866666667,0.566666667,0.233333333,0.3,1.833333333,0.2,0.133333333,0.533333333,0.233333333,0.033333333,0.266666667,0.2,0.0,0.033333333,0.133333333,0.033333333,0.0,0.2,0.133333333,0.1,0.066666667,0.1,0.0,0.5153765678405762,0.058323703706264496,0.4130491316318512,0.1980067640542984,0.4111548662185669,0.14873665571212769,0.27824559807777405,0.21879258751869202,0.2546786963939667,0.1232573539018631,0.08841270953416824,0.09913607686758041,0.032849159091711044,0.48856428265571594,0.2430039793252945,0.1367083638906479,0.17277631163597107,0.15033937990665436,0.11408381164073944,0.4682697653770447,0.6943047046661377,0.2549220323562622,0.24442553520202637,0.20958779752254486,0.023154575377702713,0.2317287027835846,0.070665143430233,0.08242573589086533,0.12144335359334946,0.23722709715366364,0.14071032404899597,0.26900336146354675,0.2672693133354187,0.2704871594905853,0.12016967684030533,0.7828596234321594,0.12249816954135895,0.08682180941104889,0.029786711558699608,0.26251256465911865,0.26945632696151733,0.15165828168392181,0.19420146942138672,0.17205488681793213,0.19329728186130524,0.40110868215560913,0.14291009306907654,0.1917508840560913,0.22187404334545135,0.1994796097278595,0.13290753960609436
AP990,0.433333333,0.133333333,0.2,0.0,0.0,0.0,0.1,0.166666667,0.8,0.0,0.333333333,0.266666667,0.066666667,0.733333333,0.433333333,0.266666667,0.166666667,0.0,0.0,0.333333333,0.166666667,0.566666667,0.066666667,0.8,0.033333333,0.3,0.4,0.366666667,1.4,0.366666667,0.466666667,1.3,0.466666667,0.0,0.233333333,0.233333333,0.033333333,0.3,0.233333333,1.633333333,0.0,0.066666667,0.166666667,0.0,0.0,0.1,0.0,0.066666667,0.0,0.133333333,0.0,0.3257945775985718,0.15148323774337769,0.35102763772010803,0.062077831476926804,0.13541720807552338,0.09209633618593216,0.38153794407844543,0.15280696749687195,0.9326120615005493,0.2632649838924408,0.2995031177997589,0.2959597110748291,0.08130703866481781,0.9784849882125854,0.14777012169361115,0.2948503792285919,0.18436077237129211,0.05420898273587227,0.0702112540602684,0.17970424890518188,0.2635636031627655,0.2115265280008316,0.27018028497695923,0.16075098514556885,0.09255938231945038,0.1496957242488861,0.24470745027065277,0.18325161933898926,0.645392119884491,0.4056542217731476,0.5222075581550598,0.29673290252685547,0.3281738758087158,0.1918158382177353,0.14834515750408173,0.34045684337615967,0.1445767879486084,0.19181160628795624,0.0522293783724308,0.41228798031806946,0.10002603381872177,0.15910351276397705,0.09181003272533417,0.16552774608135223,0.13314595818519592,0.3131580352783203,0.19398702681064606,0.30620768666267395,0.20995262265205383,0.12853480875492096,0.09130620956420898
AQ008,0.566666667,0.233333333,0.333333333,0.166666667,0.266666667,0.1,0.433333333,0.7,0.766666667,0.166666667,0.166666667,0.4,0.1,1.3,0.633333333,0.966666667,0.033333333,0.0,0.033333333,0.0,0.0,0.0,0.1,0.0,0.033333333,0.1,0.266666667,0.1,0.133333333,0.166666667,0.266666667,0.0,0.0,0.0,0.0,0.2,0.0,0.0,0.0,0.066666667,0.066666667,0.166666667,0.0,0.033333333,0.066666667,0.066666667,0.033333333,0.5,0.2,0.0,0.0,0.41487395763397217,0.05512600019574165,0.47052863240242004,0.4025266468524933,0.30485206842422485,0.188856303691864,0.2281784862279892,0.15568049252033234,0.4567638039588928,0.1989833563566208,0.19726133346557617,0.15993626415729523,0.06599844247102737,0.6178383827209473,0.20484977960586548,0.2818043529987335,0.17501775920391083,0.05105117708444595,0.033133696764707565,0.13666114211082458,0.2719649076461792,0.04496930539608002,0.1506453901529312,0.04329570010304451,0.09310786426067352,0.1539391428232193,0.34786006808280945,0.17930591106414795,0.46196892857551575,0.28284531831741333,0.17956212162971497,0.14892493188381195,0.0827271044254303,0.21687644720077515,0.0896657183766365,0.42700114846229553,0.22454501688480377,0.03493178263306618,0.056325238198041916,0.10879727452993393,0.1676391363143921,0.1646609753370285,0.06915726512670517,0.1928005814552307,0.1911042034626007,0.29156923294067383,0.08890656381845474,0.2521013617515564,0.19754740595817566,0.10929269343614578,0.10389722138643265
AQ563,0.5,0.2,0.2,0.0,0.166666667,0.0,0.466666667,0.5,1.7,0.2,0.666666667,0.733333333,0.3,1.9,0.7,0.733333333,0.066666667,0.0,0.0,0.0,0.2,0.0,0.1,0.0,0.066666667,0.1,0.066666667,0.166666667,0.033333333,0.333333333,0.333333333,0.066666667,0.1,0.066666667,0.0,0.3,0.1,0.0,0.0,0.233333333,0.2,0.0,0.1,0.2,0.0,0.1,0.0,0.366666667,0.066666667,0.0,0.0,0.3473377525806427,0.06597661972045898,0.24811920523643494,0.40963858366012573,0.16824191808700562,0.10784290730953217,0.3007480800151825,0.17939706146717072,0.7340178489685059,0.2463058978319168,0.2263624519109726,0.41158151626586914,0.08663668483495712,0.889992356300354,0.2542289197444916,0.2601180970668793,0.1665441244840622,0.09476055949926376,0.04222895950078964,0.2040332406759262,0.2343132495880127,0.06193407624959946,0.178953155875206,0.10041147470474243,0.0890321135520935,0.16588716208934784,0.48302996158599854,0.39476507902145386,0.8849728107452393,0.35549405217170715,0.385987788438797,0.27112215757369995,0.34672078490257263,0.1996179223060608,0.16301286220550537,0.46842193603515625,0.4003136456012726,0.05555194243788719,0.10014781355857849,0.15665188431739807,0.11457979679107666,0.17572543025016785,0.07720950990915298,0.2464238703250885,0.312770277261734,0.24078881740570068,0.10413496196269989,0.17159533500671387,0.19987162947654724,0.12771546840667725,0.12356036901473999
AF301,0.1875,0.125,0.21875,0.125,0.40625,0.09375,0.34375,0.25,0.40625,0.09375,0.0625,0.125,0.0,0.59375,0.21875,0.34375,0.0625,0.0625,0.1875,0.75,0.9375,0.0,0.71875,0.25,0.125,0.3125,0.0,0.0,0.0,0.03125,0.15625,0.0,0.0,0.0625,0.0,0.8125,0.3125,0.0,0.0,0.125,0.375,0.71875,0.0,0.25,0.375,0.65625,0.3125,0.96875,0.34375,0.03125,0.15625,0.29411187767982483,0.3467164933681488,0.5759661197662354,0.35780179500579834,0.33589574694633484,0.2804032266139984,0.46859192848205566,0.3581656515598297,0.9277986288070679,0.20627011358737946,0.30786752700805664,0.40205422043800354,0.08739208430051804,1.2013462781906128,0.20090116560459137,0.3071005642414093,0.1883556842803955,0.060979679226875305,0.03892623633146286,0.022234972566366196,0.07917606830596924,0.0007214602665044367,0.16970883309841156,0.07912714034318924,0.03650808706879616,0.26174089312553406,0.009403266943991184,0.027528131380677223,0.047872673720121384,0.10151943564414978,0.1439867466688156,0.006664919666945934,-0.0030317700002342463,0.07288429141044617,0.04599614441394806,0.5229310393333435,0.4086746871471405,0.0047435755841434,0.02840370312333107,0.00035533594200387597,0.12200856953859329,0.18592482805252075,0.00832300540059805,0.4877188503742218,0.4506518840789795,0.2962854504585266,0.1867242008447647,0.8299007415771484,0.28173524141311646,0.22891514003276825,0.16738687455654144
AF442,0.1875,0.15625,0.15625,0.0,0.0,0.09375,0.53125,0.125,0.4375,0.09375,0.0,0.15625,0.0625,0.8125,0.5,0.125,0.0625,0.15625,0.09375,0.0,0.03125,0.0,0.34375,0.125,0.09375,0.3125,0.09375,0.0625,0.4375,0.21875,0.65625,0.1875,0.0,0.4375,0.0,0.9375,0.4375,0.0,0.09375,0.53125,0.25,0.59375,0.15625,0.03125,0.28125,1.0,0.15625,0.65625,0.625,0.21875,0.46875,0.22241322696208954,0.07392118126153946,0.2670971751213074,0.3290964365005493,0.2685525715351105,0.12194163352251053,0.44654643535614014,0.29765889048576355,1.044852375984192,0.171608567237854,0.37352630496025085,0.5072296261787415,0.09965349733829498,1.1718144416809082,0.25158485770225525,0.27997761964797974,0.2240956574678421,0.06234421581029892,0.02086832746863365,0.03420965373516083,0.30265945196151733,-0.00065701111452654,0.1921355277299881,0.10290945321321487,0.13189797103405,0.22703967988491058,0.11886406689882278,0.045856863260269165,0.5072740316390991,0.3482896685600281,0.5358994603157043,0.060357533395290375,-0.0012581043411046267,0.13284075260162354,0.01483524776995182,0.6630365252494812,0.44188693165779114,0.007159173022955656,0.059288766235113144,0.23841677606105804,0.09441324323415756,0.1832030862569809,0.12186414748430252,0.3407992720603943,0.12430784851312637,0.33100199699401855,0.08700776100158691,0.5678450465202332,0.2034272700548172,0.14350548386573792,0.06820885837078094
AG346,0.133333333,0.133333333,0.633333333,2.166666667,0.433333333,0.166666667,0.233333333,0.2,1.366666667,0.166666667,0.366666667,0.233333333,0.0,2.033333333,0.2,0.4,0.433333333,0.0,0.0,0.0,0.1,0.0,0.133333333,0.0,0.0,0.066666667,0.0,0.0,0.0,0.066666667,0.233333333,0.0,0.133333333,0.0,0.0,0.2,0.1,0.0,0.0,0.0,0.1,0.0,0.0,0.366666667,0.633333333,0.133333333,0.0,0.466666667,0.1,0.066666667,0.0,0.27347445487976074,0.002796849934384227,0.4357996881008148,1.2611840963363647,0.1998869776725769,0.26449793577194214,0.28951331973075867,0.26748573780059814,0.952427864074707,0.15217262506484985,0.15596723556518555,0.5028586387634277,0.051651157438755035,1.342597484588623,0.1844211220741272,0.3259100914001465,0.2276286780834198,0.016430215910077095,0.038051679730415344,0.06633685529232025,0.08605202287435532,-0.000714701774995774,0.15501223504543304,0.019364941865205765,0.013089294545352459,0.058172766119241714,0.018740378320217133,0.042957939207553864,0.005337157752364874,0.0862278938293457,0.1979237198829651,0.01899076998233795,0.046614762395620346,0.0875961109995842,0.015287135727703571,0.4676825702190399,0.1789960265159607,0.02095530927181244,0.027857983484864235,0.021319743245840073,0.20987015962600708,0.25724416971206665,0.006809968035668135,0.8066968321800232,0.7515738606452942,0.22618575394153595,0.04962136223912239,0.5990478992462158,0.23939202725887299,0.053787775337696075,0.12646692991256714
AG742,0.166666667,0.0,0.766666667,0.4,0.3,0.1,1.2,0.3,0.933333333,0.3,0.1,0.833333333,0.166666667,1.466666667,0.1,0.366666667,0.266666667,0.0,0.033333333,0.066666667,0.066666667,0.066666667,0.066666667,0.066666667,0.0,0.0,0.0,0.0,0.0,0.033333333,0.033333333,0.0,0.0,0.0,0.033333333,0.633333333,0.133333333,0.0,0.0,0.0,0.133333333,0.133333333,0.0,1.1,0.3,0.2,0.033333333,0.466666667,0.566666667,0.166666667,0.0,0.40571945905685425,0.010405413806438446,0.8930392861366272,0.11489982903003693,0.35950684547424316,0.30120784044265747,1.1163203716278076,0.18603503704071045,0.8973692059516907,0.5404665470123291,0.3822392523288727,0.35016176104545593,0.09503498673439026,1.1986452341079712,0.16890081763267517,0.31321457028388977,0.19100907444953918,0.09027379006147385,0.04776802659034729,0.05555034801363945,0.09119992703199387,-0.00019544328097254038,0.12047392874956131,0.005520220845937729,0.010331417433917522,0.09106682986021042,0.005377793684601784,0.01203927118331194,0.0003326045407447964,0.09481660276651382,0.12258527427911758,0.010460610501468182,0.0346396267414093,0.07414460182189941,0.057232122868299484,0.2976053059101105,0.24627897143363953,0.010249251499772072,0.028542498126626015,0.0076965573243796825,0.12899468839168549,0.22694265842437744,0.020827092230319977,0.4761606752872467,0.37735283374786377,0.15115481615066528,0.0671677216887474,0.44681650400161743,0.18760627508163452,0.07783225178718567,0.0777103379368782
AH286,0.4,0.066666667,0.233333333,0.166666667,0.266666667,0.2,0.6,0.066666667,0.533333333,0.0,0.0,0.133333333,0.0,0.9,0.466666667,0.266666667,0.533333333,0.0,0.066666667,0.1,0.3,0.033333333,0.133333333,0.0,0.0,0.633333333,0.0,0.0,0.0,0.066666667,0.1,0.0,0.0,0.133333333,0.2,1.2,0.266666667,0.0,0.0,0.033333333,0.2,0.3,0.0,0.933333333,0.666666667,0.066666667,0.0,0.433333333,0.633333333,0.166666667,0.366666667,0.3677579462528229,0.14303578436374664,0.462304949760437,0.4423057436943054,0.46104559302330017,0.3025006055831909,0.28288841247558594,0.30730655789375305,0.5306901931762695,0.1520232856273651,0.09952884912490845,0.19932648539543152,0.06817548722028732,0.9516780376434326,0.27896547317504883,0.3191702663898468,0.28392288088798523,0.149772047996521,0.10359471291303635,0.08972415328025818,0.06910070031881332,0.0935722291469574,0.1332371085882187,0.10718520730733871,0.03157583624124527,0.19354307651519775,0.001932683982886374,0.015529217198491096,0.006026071030646563,0.12697218358516693,0.13845698535442352,0.18494074046611786,0.33083415031433105,0.15209613740444183,0.21833035349845886,0.8224537372589111,0.3232027292251587,0.004330004099756479,0.03442951291799545,0.11627481132745743,0.21800245344638824,0.2650231122970581,0.0936175137758255,0.5375185608863831,0.3718357980251312,0.2550659477710724,0.07110351324081421,0.49291905760765076,0.30920422077178955,0.1310579627752304,0.28469255566596985
AH664,0.2,0.0,0.233333333,0.0,0.333333333,0.066666667,0.633333333,0.366666667,0.933333333,0.1,0.266666667,0.233333333,0.0,0.866666667,0.433333333,0.433333333,0.366666667,0.0,0.033333333,0.033333333,0.066666667,0.0,0.066666667,0.0,0.066666667,0.533333333,0.233333333,0.2,1.033333333,0.4,0.7,0.333333333,0.0,0.3,0.0,0.833333333,0.333333333,0.0,0.233333333,0.166666667,0.266666667,0.266666667,0.2,0.4,0.3,0.233333333,0.0,0.0,0.2,0.0,0.1,0.22423839569091797,-0.0008007822325453162,0.34633490443229675,0.15942172706127167,0.2741054594516754,0.15420714020729065,0.458227276802063,0.26301515102386475,0.8484987616539001,0.13740919530391693,0.3769378662109375,0.43440699577331543,0.10946140438318253,1.1484380960464478,0.4074421226978302,0.3158648908138275,0.2307301014661789,0.05169908329844475,0.057851485908031464,0.057090431451797485,0.08685228228569031,0.0008432972244918346,0.23243966698646545,0.061891231685876846,0.08937998116016388,0.44239428639411926,0.19331343472003937,0.032308343797922134,0.671497106552124,0.30952224135398865,0.39412084221839905,0.16299360990524292,0.008295443840324879,0.18130700290203094,0.013127923011779785,0.7132241725921631,0.25898927450180054,0.05112380161881447,0.1107276976108551,0.05699818953871727,0.1828763335943222,0.2607485055923462,0.17757143080234528,0.458457350730896,0.18009090423583984,0.26846736669540405,0.06348071247339249,0.5360057353973389,0.20955166220664978,0.14944152534008026,0.12106329947710037
AI665,0.25,0.035714286,0.214285714,0.071428571,0.357142857,0.0,0.642857143,0.178571429,1.178571429,0.107142857,0.178571429,0.642857143,0.25,0.857142857,0.321428571,0.357142857,0.392857143,0.035714286,0.0,0.392857143,0.25,0.214285714,0.0,0.178571429,0.0,0.285714286,0.0,0.035714286,0.107142857,0.0,0.821428571,0.035714286,0.071428571,0.071428571,0.0,0.142857143,0.035714286,0.0,0.0,0.392857143,0.0,0.0,0.178571429,0.178571429,0.0,0.0,0.107142857,0.107142857,0.071428571,0.0,0.0,0.11489245295524597,0.04515688866376877,0.29274609684944153,0.12056506425142288,0.09910637140274048,0.08252200484275818,0.5388030409812927,0.16956056654453278,1.9804697036743164,0.1770896464586258,0.35146763920783997,0.8436493873596191,0.11843221634626389,1.368809700012207,0.21002954244613647,0.2430809885263443,0.2226874828338623,0.0696796402335167,0.030716203153133392,0.1224200502038002,0.1394050568342209,0.0358961820602417,0.1619398444890976,0.02832389995455742,0.016250846907496452,0.18258114159107208,0.010560131631791592,0.018872477114200592,0.21406890451908112,0.24155569076538086,0.9260523319244385,0.015923667699098587,-0.0017088624881580472,0.10341092944145203,0.043229520320892334,0.08775309473276138,0.06598871946334839,0.011616728268563747,0.02784501574933529,0.2850198447704315,0.07296322286128998,0.1402762532234192,0.1747933030128479,0.456216037273407,0.09739435464143753,0.10889261215925217,0.05612396448850632,0.16789832711219788,0.2076340913772583,0.08245790749788284,0.07485675811767578
AI768,0.275862069,0.034482759,0.620689655,0.206896552,0.413793103,0.0,0.482758621,0.103448276,1.724137931,0.068965517,0.24137931,0.689655172,0.0,0.827586207,0.0,0.0,0.310344828,0.068965517,0.0,0.310344828,0.103448276,0.0,0.0,0.103448276,0.0,0.0,0.0,0.0,0.275862069,0.24137931,0.793103448,0.0,0.275862069,0.24137931,0.0,0.137931034,0.0,0.0,0.206896552,0.206896552,0.0,0.103448276,0.172413793,0.448275862,0.137931034,0.0,0.0,0.379310345,0.0,0.068965517,0.103448276,0.11489245295524597,0.04515688866376877,0.29274609684944153,0.12056506425142288,0.09910637140274048,0.08252200484275818,0.5388030409812927,0.16956056654453278,1.9804697036743164,0.1770896464586258,0.35146763920783997,0.8436493873596191,0.11843221634626389,1.368809700012207,0.21002954244613647,0.2430809885263443,0.2226874828338623,0.0696796402335167,0.030716203153133392,0.1224200502038002,0.1394050568342209,0.0358961820602417,0.1619398444890976,0.02832389995455742,0.016250846907496452,0.18258114159107208,0.010560131631791592,0.018872477114200592,0.21406890451908112,0.24155569076538086,0.9260523319244385,0.015923667699098587,-0.0017088624881580472,0.10341092944145203,0.043229520320892334,0.08775309473276138,0.06598871946334839,0.011616728268563747,0.02784501574933529,0.2850198447704315,0.07296322286128998,0.1402762532234192,0.1747933030128479,0.456216037273407,0.09739435464143753,0.10889261215925217,0.05612396448850632,0.16789832711219788,0.2076340913772583,0.08245790749788284,0.07485675811767578
AI780,0.142857143,0.0,0.178571429,0.0,0.321428571,0.178571429,0.464285714,0.0,0.928571429,0.392857143,0.0,0.142857143,0.0,1.357142857,0.321428571,0.25,0.357142857,0.107142857,0.0,1.285714286,2.285714286,0.071428571,0.535714286,0.0,0.142857143,0.321428571,0.107142857,0.678571429,0.142857143,0.178571429,0.0,0.0,0.0,0.178571429,0.0,0.214285714,0.035714286,0.0,0.0,0.0,0.142857143,0.0,0.0,0.035714286,0.0,0.0,0.0,0.107142857,0.178571429,0.0,0.0,0.3251822292804718,0.052676476538181305,0.5701612234115601,0.037617459893226624,0.34088000655174255,0.3104279041290283,0.9003159403800964,0.19756366312503815,0.8671597838401794,0.20788343250751495,0.17310938239097595,0.2427578568458557,0.10331396013498306,1.1210280656814575,0.24565234780311584,0.22083699703216553,0.21354763209819794,0.08085957169532776,0.06220923736691475,0.6105393171310425,0.9113015532493591,0.008550960570573807,0.4406435787677765,0.10399395227432251,0.12844999134540558,0.2837906777858734,0.045410990715026855,0.15590985119342804,0.22126393020153046,0.1627030074596405,0.15031428635120392,0.01693965680897236,0.00637437729164958,0.12625905871391296,0.035536594688892365,0.2266625612974167,0.0775664672255516,0.007923264987766743,0.026656366884708405,-0.0007470365962944925,0.11176763474941254,0.17244715988636017,0.04862309619784355,0.15696310997009277,0.026005681604146957,0.08448246866464615,0.20040227472782135,0.1655205637216568,0.21152372658252716,0.19473129510879517,0.05581562593579292
AA160,0.0,0.0,0.384615385,0.423076923,0.0,0.0,0.0,0.0,0.0,0.0,0.0,0.0,0.0,0.192307692,0.0,0.0,0.0,0.0,0.0,0.153846154,0.0,0.115384615,0.0,0.0,0.0,0.153846154,0.846153846,0.0,0.5,0.769230769,0.115384615,0.346153846,0.0,0.269230769,0.0,0.384615385,0.038461538,0.0,0.538461538,1.884615385,0.576923077,0.384615385,0.038461538,0.692307692,0.615384615,0.0,0.115384615,0.038461538,0.615384615,0.076923077,0.115384615,0.1983060985803604,0.005223399959504604,0.330379843711853,0.32307395339012146,0.35372287034988403,0.13733987510204315,0.14726004004478455,0.1288689225912094,0.21033653616905212,0.12818925082683563,0.09648368507623672,0.08476428687572479,0.042722053825855255,0.4181319773197174,0.13297301530838013,0.1401374638080597,0.23205578327178955,0.3205936551094055,0.19101600348949432,0.3322811424732208,0.18407322466373444,0.2713037431240082,0.16233517229557037,0.13498012721538544,0.044688668102025986,0.1140141561627388,0.2531735599040985,0.09052924811840057,0.3371330499649048,0.3365859091281891,0.37412962317466736,0.3305318355560303,0.49845388531684875,0.2640441060066223,0.13276182115077972,0.5922050476074219,0.099797323346138,0.10341294854879379,0.18434959650039673,1.0294023752212524,0.4704471230506897,0.1410866230726242,0.217534601688385,0.09859194606542587,0.1543475091457367,0.11506101489067078,0.045765746384859085,0.030023852363228798,0.2196735292673111,0.14248952269554138,0.11172971874475479
AA420,0.884615385,2.846153846,0.0,0.230769231,0.153846154,0.0,0.576923077,0.346153846,0.346153846,0.0,0.038461538,0.0,0.0,0.230769231,0.0,0.0,0.0,0.0,0.0,0.0,0.0,0.0,0.230769231,0.115384615,0.0,0.115384615,0.0,0.0,0.0,0.0,0.0,0.0,0.0,0.0,0.0,0.0,0.0,0.0,0.0,0.0,0.038461538,0.115384615,0.0,0.0,0.346153846,0.0,0.346153846,0.153846154,0.5,0.0,0.0,0.6233376860618591,2.808840274810791,0.13439098000526428,0.04867652431130409,0.03205064684152603,0.14712786674499512,0.48039257526397705,0.4147108197212219,0.34532228112220764,0.15001943707466125,0.13466118276119232,0.1407390683889389,0.20196318626403809,0.4286946654319763,0.0512087382376194,0.07790438085794449,0.11108361929655075,0.002369436901062727,0.01368094701319933,0.005937256384640932,0.0032837847247719765,-5.636801870423369e-05,0.13122045993804932,0.011693491600453854,0.08150174468755722,0.07308497279882431,0.014718153513967991,0.018568456172943115,0.011205681599676609,0.19059602916240692,0.01161926332861185,0.0028540375642478466,-0.0032188366167247295,0.05597497522830963,0.01821448840200901,0.03370054438710213,0.04531560465693474,0.11717331409454346,0.02880636416375637,0.18427173793315887,0.04450710117816925,0.17296800017356873,0.17535518109798431,0.12858915328979492,0.25959494709968567,0.046898722648620605,0.2750701308250427,0.06918800622224808,0.227633535861969,0.054586417973041534,0.04711509868502617
AA495,0.076923077,0.0,0.076923077,0.0,0.115384615,0.230769231,0.0,0.5,0.0,0.0,0.038461538,0.0,0.192307692,1.0,0.153846154,0.115384615,0.0,0.192307692,0.0,0.807692308,0.961538462,0.0,0.807692308,0.692307692,0.730769231,0.653846154,0.346153846,1.692307692,0.576923077,0.0,0.0,0.0,0.153846154,0.346153846,0.230769231,0.076923077,0.0,0.0,0.0,0.0,0.038461538,0.0,0.0,0.0,0.153846154,0.0,0.0,0.0,0.192307692,0.0,0.0,0.4673549234867096,0.33079445362091064,0.410167396068573,0.29781362414360046,0.46759840846061707,0.15430407226085663,0.37895604968070984,0.3842094838619232,0.5859448313713074,0.15254808962345123,0.2547314763069153,0.1923089623451233,0.11666251718997955,1.0560085773468018,0.36871591210365295,0.27131447196006775,0.19748087227344513,0.13048377633094788,0.10036049038171768,0.2671748101711273,0.641021192073822,0.06100236624479294,0.2680226266384125,0.1829092800617218,0.42410868406295776,0.7253106236457825,0.23421959578990936,0.2906684875488281,0.14214067161083221,0.13537751138210297,0.09371072053909302,0.06716526299715042,0.048837874084711075,0.19474899768829346,0.07714381814002991,0.42345502972602844,0.13137052953243256,0.006597390864044428,0.02970465086400509,0.07860634475946426,0.25199371576309204,0.1961144357919693,0.06223195791244507,0.3134983479976654,0.2322508841753006,0.1232280358672142,0.13874785602092743,0.37578311562538147,0.24276670813560486,0.1702764928340912,0.08765745162963867
AB633,0.0,0.0,0.0,0.666666667,0.222222222,0.0,0.0,0.0,0.0,0.0,0.0,0.0,0.166666667,0.611111111,0.0,0.0,0.0,0.0,0.0,0.222222222,0.444444444,0.0,0.166666667,0.5,0.0,0.0,0.611111111,0.388888889,0.5,0.0,0.055555556,0.444444444,0.444444444,0.166666667,0.388888889,0.555555556,0.0,0.555555556,0.0,1.277777778,0.0,0.166666667,0.0,1.611111111,0.777777778,0.333333333,0.0,0.444444444,0.0,0.055555556,0.0,0.4107290208339691,0.08411852270364761,0.44378462433815,0.4992515742778778,0.21062782406806946,0.16710110008716583,0.3082011640071869,0.14749333262443542,0.3210909068584442,0.15138065814971924,0.11456900835037231,0.12353187799453735,0.06046545132994652,0.586170494556427,0.09415475279092789,0.17016330361366272,0.13108627498149872,0.04486412554979324,0.07997537404298782,0.3783779740333557,0.3257014751434326,0.1707896739244461,0.22300608456134796,0.2007724791765213,0.026690959930419922,0.16115914285182953,0.2856309711933136,0.11998377740383148,0.26943057775497437,0.17729920148849487,0.11934441328048706,0.3297850489616394,0.21542702615261078,0.33723369240760803,0.15722306072711945,0.38466593623161316,0.21064940094947815,0.23446105420589447,0.05795834958553314,0.7518261671066284,0.1228485107421875,0.134646937251091,0.15135417878627777,0.23948529362678528,0.3675728142261505,0.35091450810432434,0.11834992468357086,0.20915566384792328,0.19004954397678375,0.162305548787117,0.1339481770992279
AD074,0.1875,0.5625,0.1875,0.0,0.0,0.125,0.0625,0.0,1.3125,0.125,0.1875,0.4375,0.125,1.5625,0.25,0.375,0.0,0.3125,0.0,0.0,0.0,0.0,0.0,0.0,0.0,0.0,0.0,0.0625,0.0,0.0625,0.75,0.0,0.0,0.0,0.0,0.0625,0.125,0.0,0.0,0.0,0.0,1.1875,0.0,0.0,0.0625,0.1875,0.0,0.4375,0.1875,0.0,0.0,0.29350194334983826,0.05201232433319092,0.3269125521183014,0.10787465423345566,0.1324014663696289,0.18980751931667328,0.18457792699337006,0.22996178269386292,0.1888302117586136,0.18079540133476257,0.09425646811723709,0.12716713547706604,0.03161174803972244,0.3345540761947632,0.1432134211063385,0.1661691963672638,0.14562340080738068,0.3591502010822296,0.2995350956916809,0.7066690921783447,0.48461106419563293,0.46722233295440674,0.23711904883384705,0.10914789885282516,0.04631038382649422,0.14363624155521393,0.0785687193274498,0.058743275701999664,0.1639748513698578,0.25127705931663513,0.232539102435112,0.2538696527481079,1.0494182109832764,0.3516865670681,0.13640262186527252,0.3712857663631439,0.20573307573795319,0.09645359963178635,0.03322781249880791,0.2882484495639801,0.26113834977149963,0.1383611112833023,0.19346922636032104,0.3911663293838501,0.17558741569519043,0.40006497502326965,0.1888841986656189,0.7811958193778992,0.20197732746601105,0.13515393435955048,0.12475615739822388
AD737,0.230769231,0.0,0.461538462,0.538461538,0.0,0.307692308,0.0,0.307692308,0.769230769,0.0,0.230769231,0.076923077,0.0,0.384615385,0.0,0.0,0.0,0.0,0.0,0.0,0.0,0.0,0.0,0.0,0.0,0.0,0.0,0.0,0.0,0.0,0.384615385,0.0,0.0,0.153846154,0.0,0.538461538,0.153846154,0.0,0.0,0.076923077,0.461538462,0.615384615,0.307692308,0.307692308,0.692307692,0.230769231,0.0,0.538461538,0.230769231,0.153846154,0.230769231,0.5029311180114746,0.19244039058685303,0.5476110577583313,0.3750469386577606,0.3067544996738434,0.17190022766590118,0.5365954041481018,0.33243101835250854,0.8903053402900696,0.21907809376716614,0.28933820128440857,0.2967170178890228,0.07504946738481522,1.060383677482605,0.23638011515140533,0.2861088216304779,0.2683236002922058,0.17859254777431488,0.09923204779624939,0.271915465593338,0.37576043605804443,0.1619323492050171,0.2708265483379364,0.07675580680370331,0.05073564499616623,0.13563871383666992,0.05143427848815918,0.03898045793175697,0.1341221034526825,0.298662394285202,0.2629050612449646,0.1766982227563858,0.14764626324176788,0.15734468400478363,0.07705853879451752,0.41325467824935913,0.18068061769008636,0.13735166192054749,0.040834054350852966,0.20660395920276642,0.16254787147045135,0.1985863894224167,0.14886543154716492,0.517900824546814,0.45671364665031433,0.5515223741531372,0.1534217745065689,1.102931261062622,0.23018406331539154,0.15993870794773102,0.11392893642187119
AE004,0.642857143,0.607142857,0.892857143,0.357142857,0.214285714,0.142857143,0.535714286,0.142857143,0.642857143,0.178571429,0.75,0.142857143,0.142857143,0.678571429,0.0,0.107142857,0.0,0.142857143,0.0,0.071428571,0.071428571,0.0,0.25,0.0,0.0,0.0,0.321428571,0.0,0.214285714,0.321428571,0.25,0.0,0.0,0.035714286,0.035714286,0.0,0.214285714,0.0,0.035714286,0.0,0.107142857,0.107142857,0.0,0.214285714,0.142857143,0.214285714,0.5,0.285714286,0.392857143,0.5,0.0,0.4282972514629364,0.0948798656463623,0.40889260172843933,0.26574593782424927,0.45515888929367065,0.19101668894290924,0.49052441120147705,0.2584058344364166,1.0747171640396118,0.17608939111232758,0.3012658655643463,0.38001880049705505,0.10276097059249878,1.005448818206787,0.16745908558368683,0.24731455743312836,0.19894109666347504,0.05876762047410011,0.051506202667951584,0.18017296493053436,0.6395255327224731,0.03279520571231842,0.2577863335609436,0.10548807680606842,0.04963289573788643,0.17884042859077454,0.089239701628685,0.0740303099155426,0.1515757292509079,0.21199119091033936,0.261014461517334,0.06763207167387009,0.03353565186262131,0.17439331114292145,0.12120845913887024,0.6989659667015076,0.19981124997138977,0.0404263399541378,0.03220028057694435,0.04533972591161728,0.18513716757297516,0.15157772600650787,0.06934545934200287,0.20413899421691895,0.13977721333503723,0.18876396119594574,0.1307440996170044,0.24019326269626617,0.22619648277759552,0.13794009387493134,0.11154481768608093
AE574,0.37037037,0.481481481,0.296296296,0.111111111,0.333333333,0.074074074,0.296296296,0.0,0.777777778,0.222222222,0.592592593,0.407407407,0.111111111,0.111111111,0.111111111,0.0,0.074074074,0.0,0.0,0.0,0.111111111,0.0,0.148148148,0.111111111,0.0,0.0,0.222222222,0.444444444,0.925925926,0.259259259,0.925925926,0.111111111,0.0,0.148148148,0.0,0.222222222,0.0,0.0,0.888888889,1.037037037,0.185185185,0.148148148,0.296296296,0.185185185,0.222222222,0.407407407,0.222222222,0.333333333,0.185185185,0.0,0.0,0.5308965444564819,0.15052495896816254,0.4518258273601532,0.15073038637638092,0.4377165734767914,0.15691393613815308,0.4357941448688507,0.2485523521900177,1.004406213760376,0.3148529827594757,0.38960835337638855,0.40113553404808044,0.1262073516845703,0.8454077243804932,0.20723514258861542,0.24144943058490753,0.19805601239204407,0.14638324081897736,0.04861236363649368,0.14326508343219757,0.17756035923957825,0.037783075124025345,0.19144825637340546,0.12520261108875275,0.16410118341445923,0.2973524034023285,0.2806248366832733,0.1579325646162033,0.4270637333393097,0.3006567060947418,0.3735184669494629,0.07922476530075073,0.1281580775976181,0.15656033158302307,0.08309637010097504,0.6161972284317017,0.20909303426742554,0.04024020954966545,0.05927504599094391,0.20644114911556244,0.16235484182834625,0.2948746085166931,0.14961928129196167,0.32218000292778015,0.14001993834972382,0.3252922594547272,0.24254092574119568,0.4263840913772583,0.2082519233226776,0.12757886946201324,0.1177196353673935
AE958,0.074074074,0.0,0.444444444,2.481481481,0.0,0.333333333,0.111111111,0.074074074,0.259259259,0.148148148,0.0,0.074074074,0.0,1.037037037,0.481481481,0.444444444,0.296296296,0.185185185,0.0,0.0,0.0,0.0,0.0,0.0,0.074074074,0.0,0.222222222,0.0,0.0,0.037037037,0.0,0.0,0.0,0.0,0.037037037,0.111111111,0.740740741,0.0,0.0,0.0,0.296296296,0.592592593,0.0,0.666666667,1.037037037,1.666666667,0.259259259,1.333333333,0.37037037,0.0,0.0,0.41897067427635193,0.052061229944229126,0.7956345677375793,0.9319515228271484,0.3175625205039978,0.30361348390579224,0.3835664987564087,0.2076559066772461,0.3400760889053345,0.1441434770822525,0.10145067423582077,0.09478946030139923,0.04051258787512779,0.6959618330001831,0.1656733900308609,0.24572931230068207,0.15648242831230164,0.1451895833015442,0.10666638612747192,0.24979107081890106,0.19331078231334686,0.13221900165081024,0.19001540541648865,0.051705390214920044,0.016611352562904358,0.10999273508787155,0.039576802402734756,0.055439542979002,0.028169572353363037,0.19410640001296997,0.19888094067573547,0.1409330517053604,0.43024563789367676,0.17086605727672577,0.04963314160704613,0.4018130600452423,0.20218244194984436,0.07904054969549179,0.03510551527142525,0.14775590598583221,0.3050917387008667,0.2353569120168686,0.07913815230131149,0.7411783337593079,0.7911680340766907,0.437538743019104,0.18100298941135406,0.3804539442062378,0.21101050078868866,0.19404876232147217,0.14541922509670258
AG456,0.133333333,0.066666667,0.3,0.0,0.433333333,0.2,0.466666667,0.0,0.333333333,0.066666667,0.233333333,0.5,0.0,1.133333333,0.466666667,0.366666667,0.3,0.066666667,0.066666667,0.9,0.666666667,0.0,0.8,0.1,0.1,0.066666667,0.233333333,0.133333333,0.133333333,0.033333333,0.233333333,0.066666667,0.0,0.0,0.0,0.533333333,0.166666667,0.0,0.0,0.0,0.133333333,0.366666667,0.133333333,0.3,0.266666667,0.0,0.0,0.066666667,0.433333333,0.0,0.033333333,0.2744036018848419,0.17813919484615326,0.4483068287372589,0.34332701563835144,0.3372550904750824,0.21352322399616241,0.5236745476722717,0.2819252908229828,0.6257365345954895,0.212553009390831,0.18250159919261932,0.3962220549583435,0.09506062418222427,1.1029443740844727,0.43304985761642456,0.32430925965309143,0.33211103081703186,0.1126709133386612,0.08988648653030396,0.12638282775878906,0.17409855127334595,0.034376438707113266,0.2056853324174881,0.07325363159179688,0.04439384490251541,0.20832468569278717,0.17418496310710907,0.05953221023082733,0.06935109943151474,0.14539387822151184,0.13049492239952087,0.13238586485385895,0.05735030397772789,0.1253305822610855,0.05364518240094185,0.47107160091400146,0.2450893074274063,0.005252092145383358,0.026048125699162483,0.013513799756765366,0.27248838543891907,0.22629079222679138,0.06582087278366089,0.5770671963691711,0.6098716259002686,0.26837074756622314,0.06606744229793549,0.536231517791748,0.2488585263490677,0.13577520847320557,0.10905751585960388
AH448,0.166666667,0.133333333,0.266666667,0.0,0.366666667,0.1,0.766666667,0.366666667,1.533333333,0.266666667,0.733333333,1.433333333,0.433333333,1.6,0.7,0.566666667,0.166666667,0.0,0.0,0.133333333,0.133333333,0.0,0.133333333,0.0,0.0,0.0,0.0,0.0,0.1,0.166666667,0.333333333,0.066666667,0.0,0.033333333,0.0,0.433333333,0.066666667,0.0,0.033333333,0.0,0.0,0.1,0.0,0.333333333,0.066666667,0.0,0.0,0.133333333,0.0,0.033333333,0.0,0.334475576877594,0.16244781017303467,0.5121214389801025,0.31383419036865234,0.40164071321487427,0.1277536004781723,0.5079460740089417,0.31082773208618164,0.976507306098938,0.20793558657169342,0.2735500931739807,0.4599100947380066,0.12506887316703796,1.1834232807159424,0.41423463821411133,0.38301682472229004,0.2217845916748047,0.08231902122497559,0.07266351580619812,0.1334194540977478,0.24001751840114594,0.0693364217877388,0.19170759618282318,0.0980132669210434,0.07566011697053909,0.20346255600452423,0.4115404188632965,0.22346608340740204,0.25678524374961853,0.24897074699401855,0.34184423089027405,0.09088907390832901,0.06233258545398712,0.1211325079202652,0.06789591908454895,0.4276891350746155,0.21290536224842072,0.02303249016404152,0.02637980319559574,0.07143393158912659,0.12407940626144409,0.17281880974769592,0.036995649337768555,0.3190890848636627,0.2485235035419464,0.3749525249004364,0.08720298111438751,0.5819011926651001,0.2191319316625595,0.13954146206378937,0.09207157790660858
AH612,0.1,0.0,0.366666667,0.166666667,0.433333333,0.2,0.233333333,0.066666667,1.1,0.0,0.066666667,0.6,0.066666667,1.0,0.333333333,0.366666667,0.6,0.133333333,0.233333333,0.166666667,0.0,0.033333333,0.366666667,0.0,0.0,0.166666667,0.033333333,0.0,0.0,0.033333333,0.166666667,0.133333333,0.166666667,0.066666667,0.0,0.5,0.133333333,0.0,0.0,0.0,0.333333333,0.233333333,0.133333333,1.133333333,0.6,0.066666667,0.133333333,0.166666667,0.4,0.033333333,0.166666667,0.23021318018436432,-0.01046572346240282,0.3479243814945221,0.3019513189792633,0.31315943598747253,0.13000142574310303,0.2550777196884155,0.21474577486515045,0.5260462164878845,0.13454575836658478,0.15674462914466858,0.18941658735275269,0.07180266082286835,0.9117606282234192,0.268117755651474,0.2823091745376587,0.1778946816921234,0.19403471052646637,0.10147874802350998,0.14494912326335907,0.21818765997886658,0.0963796004652977,0.24453969299793243,0.05482828617095947,0.13513049483299255,0.13575498759746552,0.1892366260290146,0.11577090620994568,0.1599673479795456,0.14042526483535767,0.18421117961406708,0.16101263463497162,0.17692945897579193,0.1460515260696411,0.06948306411504745,0.5437441468238831,0.2340254783630371,0.061014801263809204,0.05454263463616371,0.18671506643295288,0.43310055136680603,0.24929891526699066,0.16949793696403503,0.6156063675880432,0.4622568190097809,0.25291091203689575,0.05992007628083229,0.5058681964874268,0.25133752822875977,0.12519358098506927,0.10262370854616165
AH677,0.433333333,0.0,0.266666667,0.2,0.233333333,0.0,0.666666667,0.166666667,0.6,0.066666667,0.466666667,0.233333333,0.4,1.7,0.333333333,0.9,0.3,0.0,0.1,0.033333333,0.0,0.1,0.166666667,0.1,1.066666667,1.1,0.533333333,0.466666667,0.8,0.266666667,0.0,0.233333333,0.0,0.0,0.066666667,0.166666667,0.0,0.0,0.0,0.066666667,0.1,0.0,0.0,0.0,0.0,0.0,0.0,0.0,0.0,0.0,0.1,0.26750850677490234,0.4984574615955353,0.30753380060195923,0.16760142147541046,0.40336063504219055,0.1260068118572235,0.4274525046348572,0.27417534589767456,1.0096421241760254,0.18690675497055054,0.614447832107544,0.49607589840888977,0.177516371011734,1.123051643371582,0.38779914379119873,0.2617200016975403,0.23215870559215546,0.1288609504699707,0.06503964960575104,0.13931529223918915,0.2514159679412842,0.04095663130283356,0.19639576971530914,0.30063220858573914,0.456007182598114,0.7661476135253906,1.0429970026016235,0.5939514636993408,0.9039102792739868,0.5862035751342773,0.29953035712242126,0.15071141719818115,0.15118418633937836,0.09446341544389725,0.08210301399230957,0.29471462965011597,0.14841268956661224,0.042051222175359726,0.11064805835485458,0.4586959779262543,0.10778997838497162,0.17758695781230927,0.051261451095342636,0.28328049182891846,0.11572721600532532,0.1837022751569748,0.11619376391172409,0.2994452714920044,0.20582732558250427,0.15567150712013245,0.08516835421323776
AH733,0.366666667,0.0,0.3,0.033333333,0.066666667,0.066666667,0.366666667,0.066666667,0.4,0.0,0.066666667,0.0,0.0,0.4,0.0,0.133333333,0.3,0.2,0.0,0.366666667,0.0,0.166666667,0.0,0.0,0.0,0.0,0.0,0.0,0.033333333,0.233333333,0.4,0.566666667,2.966666667,0.366666667,0.033333333,0.333333333,0.133333333,0.0,0.0,0.033333333,0.2,0.233333333,0.1,0.3,0.3,0.1,0.0,0.133333333,0.166666667,0.133333333,0.233333333,0.1778867393732071,0.007054776418954134,0.26086050271987915,0.679993748664856,0.12978176772594452,0.09242085367441177,0.18552306294441223,0.12243902683258057,0.2530912458896637,0.12574759125709534,0.0808243602514267,0.09400808811187744,0.03670785576105118,0.43592220544815063,0.10514385253190994,0.18158262968063354,0.11936185508966446,0.20283997058868408,0.19648617506027222,0.3886408805847168,0.19646747410297394,0.32905909419059753,0.17416778206825256,0.08355651795864105,0.027838850393891335,0.11287414282560349,0.06228993460536003,0.1544123739004135,0.21101132035255432,0.2549310028553009,0.22474932670593262,0.54920494556427,2.25274658203125,0.15418517589569092,0.1544627994298935,0.34818148612976074,0.22505882382392883,0.05791567638516426,0.04758084937930107,0.0786871686577797,0.26328885555267334,0.1314629763364792,0.12991155683994293,0.700110673904419,0.5284010767936707,0.4026881754398346,0.13228647410869598,0.30715155601501465,0.2039521485567093,0.0853448361158371,0.10965108871459961
AJ490,0.066666667,0.0,0.1,0.566666667,0.166666667,0.066666667,0.533333333,0.333333333,1.5,0.2,0.366666667,0.3,0.0,1.4,0.833333333,0.433333333,0.7,0.2,0.0,0.1,0.2,0.0,0.2,0.0,0.0,0.1,0.0,0.0,0.333333333,0.0,0.0,0.0,0.0,0.1,0.2,0.6,0.166666667,0.0,0.0,0.0,0.1,0.1,0.0,0.9,0.6,0.3,0.0,0.466666667,0.0,0.233333333,0.1,0.36136043071746826,0.09300749003887177,0.43207094073295593,0.2082744836807251,0.43209075927734375,0.14064921438694,0.4178023338317871,0.2692265212535858,0.7970618009567261,0.21162493526935577,0.2947998344898224,0.3391638696193695,0.1562555879354477,1.2699090242385864,0.329369455575943,0.2981851100921631,0.23289115726947784,0.08106254786252975,0.09178057312965393,0.10953764617443085,0.19867058098316193,0.05063137412071228,0.22614242136478424,0.1607789248228073,0.18025346100330353,0.5067717432975769,0.289238840341568,0.1380944401025772,0.4749898612499237,0.26010915637016296,0.34754449129104614,0.0780162513256073,0.030673637986183167,0.13595901429653168,0.0545126311480999,0.7492982745170593,0.21269601583480835,0.027580590918660164,0.0766931027173996,0.15271180868148804,0.25825899839401245,0.21198995411396027,0.13278408348560333,0.3477720618247986,0.17612670361995697,0.22870682179927826,0.07438302040100098,0.2347431182861328,0.23317423462867737,0.14769908785820007,0.11809477210044861
AJ661,0.24137931,0.103448276,0.137931034,0.137931034,0.068965517,0.068965517,0.24137931,0.413793103,0.896551724,0.172413793,0.310344828,0.0,0.0,0.896551724,0.103448276,0.344827586,0.0,0.103448276,0.0,0.862068966,1.068965517,0.689655172,0.793103448,0.379310345,0.0,0.137931034,0.413793103,0.137931034,0.0,0.620689655,0.310344828,0.034482759,0.275862069,0.034482759,0.0,0.24137931,0.0,0.0,0.0,0.413793103,0.0,0.103448276,0.0,0.137931034,0.034482759,0.034482759,0.0,0.068965517,0.172413793,0.0,0.0,0.5151282548904419,0.1220705434679985,0.4900957942008972,0.10498934984207153,0.20126110315322876,0.13610713183879852,0.2661881744861603,0.2737386226654053,0.6441320776939392,0.375736266374588,0.11996303498744965,0.14508678019046783,0.03954875469207764,1.1905243396759033,0.24822744727134705,0.25929996371269226,0.3426554203033447,0.3300885260105133,0.19146540760993958,0.275491327047348,0.24538660049438477,0.4988226592540741,0.2524256408214569,0.26398393511772156,0.04486425220966339,0.17002370953559875,0.11787370592355728,0.03997599333524704,0.18710638582706451,0.3233390748500824,0.1540701687335968,0.12166959047317505,0.18160675466060638,0.19275586307048798,0.06674142926931381,0.32005575299263,0.1811932623386383,0.1411818265914917,0.03249828889966011,0.3106803894042969,0.13460969924926758,0.16355617344379425,0.07428431510925293,0.4120468497276306,0.1622587889432907,0.6591399908065796,0.13258588314056396,0.5562393665313721,0.21978166699409485,0.1602443903684616,0.16172519326210022
AK494,0.933333333,2.133333333,0.233333333,0.0,0.066666667,0.0,0.266666667,0.133333333,0.2,0.0,0.0,0.0,0.0,0.8,0.1,0.166666667,0.0,0.033333333,0.0,0.2,0.1,0.0,0.166666667,0.0,0.0,0.1,0.0,0.0,0.0,0.2,0.233333333,0.1,0.0,0.333333333,0.133333333,0.833333333,0.066666667,1.3,0.0,0.2,0.0,0.166666667,0.1,0.033333333,0.266666667,0.033333333,0.166666667,0.033333333,0.1,0.233333333,0.0,0.662962019443512,0.09920716285705566,0.6766665577888489,0.5726044774055481,0.41260388493537903,0.2156105488538742,0.5187975168228149,0.24032092094421387,0.6066517233848572,0.19293206930160522,0.18108396232128143,0.1270047426223755,0.040294546633958817,1.229559063911438,0.25388815999031067,0.30038243532180786,0.21799080073833466,0.0417502298951149,0.04095516353845596,0.19737909734249115,0.2730056345462799,0.0806562602519989,0.16089938580989838,0.051431648433208466,0.018859051167964935,0.18601368367671967,0.04922519251704216,0.032153431326150894,0.0928921326994896,0.363896906375885,0.22675937414169312,0.03102624975144863,0.08774081617593765,0.2027186006307602,0.047543078660964966,0.5498469471931458,0.15064729750156403,0.05976152420043945,0.0366351380944252,0.1431419551372528,0.1859895884990692,0.14264972507953644,0.13011418282985687,0.1895822286605835,0.6640540957450867,0.405653715133667,0.1562282145023346,0.30908203125,0.24712824821472168,0.21514907479286194,0.1768195927143097
AK502,0.633333333,0.233333333,0.3,0.0,0.1,0.3,0.433333333,0.266666667,1.4,2.166666667,0.4,0.3,0.0,1.9,0.1,0.233333333,0.333333333,0.0,0.0,0.0,0.0,0.0,0.1,0.0,0.033333333,0.166666667,0.0,0.0,0.0,1.1,0.4,0.1,0.3,0.0,0.0,0.033333333,0.2,0.0,0.0,0.0,0.0,0.233333333,0.0,0.2,0.233333333,0.833333333,0.2,0.066666667,0.0,0.1,0.3,0.4479668438434601,0.10221396386623383,0.37650278210639954,0.0791282057762146,0.16205087304115295,0.16623282432556152,0.38344529271125793,0.24002766609191895,0.9225887060165405,0.575646162033081,0.2457398623228073,0.23994570970535278,0.059094708412885666,1.671160101890564,0.2772887051105499,0.37435436248779297,0.2108275145292282,0.06643884629011154,0.07120271027088165,0.2102232426404953,0.31477683782577515,0.17593523859977722,0.25390610098838806,0.14350071549415588,0.03697022795677185,0.1793881505727768,0.09001874178647995,0.09114984422922134,0.09851071238517761,0.5466020107269287,0.2891177535057068,0.11975307762622833,0.2846505641937256,0.11515232920646667,0.018662745133042336,0.21394242346286774,0.10593676567077637,0.04040039703249931,0.03277428075671196,0.0850931704044342,0.08641253411769867,0.14076633751392365,0.03717178851366043,0.2026616483926773,0.14911073446273804,0.49508970975875854,0.10763799399137497,0.2993447482585907,0.20362882316112518,0.1393669694662094,0.18145906925201416
AK602,0.4,0.033333333,0.5,0.066666667,0.3,0.133333333,0.266666667,0.266666667,1.733333333,0.533333333,0.233333333,0.433333333,0.1,1.933333333,0.5,0.233333333,0.866666667,0.033333333,0.166666667,0.366666667,0.4,0.0,0.733333333,0.1,0.0,0.066666667,0.0,0.0,0.066666667,0.066666667,0.033333333,0.0,0.0,0.0,0.0,0.1,0.366666667,0.0,0.0,0.1,0.2,0.133333333,0.0,0.466666667,0.2,0.533333333,0.0,0.033333333,0.266666667,0.233333333,0.0,0.40212175250053406,0.04466243460774422,0.4994642734527588,0.20871323347091675,0.37666580080986023,0.24041590094566345,0.35863450169563293,0.2710685133934021,0.5042586326599121,0.5633299946784973,0.12791943550109863,0.11538951098918915,0.027567673474550247,1.3076130151748657,0.41076990962028503,0.2854534089565277,0.21527470648288727,0.20551368594169617,0.10878139734268188,0.2625642418861389,0.44963058829307556,0.04620613530278206,0.31672635674476624,0.06330054253339767,0.01684986986219883,0.17985086143016815,0.02794177643954754,0.07516055554151535,0.07352837920188904,0.29136574268341064,0.1782713234424591,0.011082569137215614,0.00605438370257616,0.24532322585582733,0.03297785297036171,0.5565507411956787,0.18437917530536652,0.016798628494143486,0.026678316295146942,0.0821230337023735,0.17534056305885315,0.1592486947774887,0.052078451961278915,0.34482818841934204,0.10720983147621155,0.4737820327281952,0.19885365664958954,0.3450430929660797,0.21555452048778534,0.13661815226078033,0.13849560916423798
AL728,1.0,0.366666667,1.066666667,0.166666667,0.9,0.433333333,0.4,0.066666667,0.5,0.033333333,0.033333333,0.0,0.0,0.4,0.166666667,0.066666667,0.2,0.1,0.166666667,0.333333333,0.866666667,0.0,0.433333333,0.0,0.0,0.333333333,0.0,0.1,0.033333333,0.5,0.4,0.066666667,0.033333333,0.566666667,0.233333333,0.933333333,0.166666667,0.0,0.0,0.0,0.366666667,0.0,0.0,0.0,0.166666667,0.333333333,0.2,0.0,0.5,0.233333333,0.2,0.922730565071106,0.10440335422754288,0.7396034002304077,0.3286615312099457,0.6655204892158508,0.23872987926006317,0.4577319622039795,0.16192707419395447,0.4320491552352905,0.21934163570404053,0.12978561222553253,0.0872097909450531,0.024044757708907127,0.5746085047721863,0.15370361506938934,0.17775748670101166,0.19524700939655304,0.04697944223880768,0.08661650866270065,0.3907076120376587,0.626922070980072,0.07140481472015381,0.3568703532218933,0.11811627447605133,0.023910023272037506,0.286770224571228,0.04367835447192192,0.04838056117296219,0.15734772384166718,0.27491095662117004,0.24222607910633087,0.07303175330162048,0.04684341698884964,0.27989181876182556,0.11814694106578827,1.0105018615722656,0.3073703348636627,0.23621229827404022,0.04027765616774559,0.2646854817867279,0.2613232731819153,0.1456841379404068,0.13218605518341064,0.10169394314289093,0.1148703545331955,0.2284659892320633,0.2105305939912796,0.07656611502170563,0.2376844882965088,0.20009572803974152,0.15701843798160553
AM840,0.433333333,0.033333333,0.533333333,1.0,0.366666667,0.0,0.9,0.8,0.6,0.0,0.1,0.333333333,0.066666667,1.533333333,0.2,0.233333333,0.1,0.0,0.0,0.2,0.433333333,0.0,0.233333333,0.033333333,0.0,0.0,0.066666667,0.1,0.2,0.4,0.233333333,0.0,0.0,0.0,0.0,0.466666667,0.0,0.0,0.0,0.0,0.333333333,0.166666667,0.166666667,0.133333333,0.633333333,0.166666667,0.2,0.133333333,0.0,0.133333333,0.233333333,0.25957897305488586,0.01739400438964367,0.46938613057136536,0.2857532501220703,0.3845505118370056,0.16987468302249908,0.28567051887512207,0.2538933753967285,0.3682573139667511,0.12448889762163162,0.10772375017404556,0.1206652820110321,0.05395955219864845,1.0191770792007446,0.2946016788482666,0.29197725653648376,0.1940864771604538,0.14536689221858978,0.06849870830774307,0.22516722977161407,0.2781277894973755,0.14810873568058014,0.15310388803482056,0.057037606835365295,0.03745823726058006,0.11502263695001602,0.08764076977968216,0.03298691660165787,0.1722749024629593,0.22666528820991516,0.23058974742889404,0.09755042940378189,0.28100839257240295,0.1787668913602829,0.041538797318935394,0.7733816504478455,0.09138592332601547,0.0013066771207377315,0.027569299563765526,0.03768374025821686,0.22872868180274963,0.1675901561975479,0.0873914286494255,0.17304067313671112,0.2518726885318756,0.23562633991241455,0.08049490302801132,0.1945355236530304,0.24539653956890106,0.12974783778190613,0.1047012060880661
AN268,0.633333333,0.1,0.633333333,0.3,0.333333333,0.166666667,0.033333333,0.4,0.266666667,0.0,0.0,0.1,0.0,1.066666667,0.466666667,0.233333333,0.4,0.3,0.166666667,1.333333333,1.966666667,0.1,1.166666667,0.066666667,0.0,0.166666667,0.1,0.133333333,0.233333333,0.066666667,0.033333333,0.0,0.0,0.533333333,0.1,1.3,0.0,0.0,0.0,0.033333333,0.066666667,0.166666667,0.0,0.066666667,0.166666667,0.066666667,0.0,0.166666667,0.2,0.2,0.166666667,0.2517596185207367,0.05180449038743973,0.4461672902107239,0.24462509155273438,0.44350019097328186,0.13800953328609467,0.24083666503429413,0.32248207926750183,0.33972522616386414,0.1216263622045517,0.0980619564652443,0.1121269017457962,0.043145306408405304,1.3996258974075317,0.4152483344078064,0.35642239451408386,0.3429804742336273,0.19621816277503967,0.11780496686697006,0.5247815251350403,0.5794593095779419,0.20484977960586548,0.24203139543533325,0.13320370018482208,0.12227614223957062,0.23902510106563568,0.13859157264232635,0.06599771231412888,0.13987872004508972,0.1561124473810196,0.19721989333629608,0.09054278582334518,0.0912468433380127,0.15996165573596954,0.02734052948653698,0.48367854952812195,0.1172512024641037,0.02187224291265011,0.024930816143751144,0.09090626239776611,0.223356693983078,0.18396052718162537,0.03880959004163742,0.17187263071537018,0.2587665617465973,0.17253942787647247,0.0829164981842041,0.36492037773132324,0.23538260161876678,0.15966108441352844,0.08942198008298874
AO080,0.766666667,0.066666667,1.233333333,0.4,0.533333333,0.5,0.7,0.366666667,1.5,0.333333333,0.6,1.233333333,0.166666667,1.5,0.366666667,0.266666667,0.2,0.066666667,0.066666667,0.0,0.1,0.0,0.0,0.066666667,0.0,0.433333333,0.033333333,0.033333333,0.033333333,0.2,0.433333333,0.133333333,1.0,0.1,0.166666667,0.5,0.033333333,0.0,0.0,0.2,0.066666667,0.4,0.066666667,0.2,0.266666667,0.566666667,0.166666667,0.066666667,0.066666667,0.2,0.0,0.34702298045158386,0.07364833354949951,0.4927894175052643,0.2321256548166275,0.284417986869812,0.1819067895412445,0.6314613819122314,0.27005940675735474,0.9114218354225159,0.21211305260658264,0.3535662293434143,0.36025646328926086,0.12542389333248138,1.3459751605987549,0.225297212600708,0.2605586647987366,0.18812203407287598,0.06332314759492874,0.03241456300020218,0.16781026124954224,0.11422986537218094,0.06087108701467514,0.14053206145763397,0.10736487805843353,0.03684132546186447,0.24314337968826294,0.06318117678165436,0.1046498715877533,0.16954687237739563,0.4407748878002167,0.5072508454322815,0.15882007777690887,0.33053505420684814,0.13431598246097565,0.05708977207541466,0.5824683308601379,0.16244779527187347,0.029985925182700157,0.041644059121608734,0.10463432967662811,0.11773331463336945,0.16007037460803986,0.08829603344202042,0.18738296627998352,0.19105130434036255,0.4543091952800751,0.17657457292079926,0.4439416527748108,0.2053307294845581,0.13739009201526642,0.13344602286815643
AO309,0.266666667,0.033333333,0.366666667,0.066666667,0.3,0.066666667,0.433333333,0.4,2.8,0.3,0.933333333,1.6,0.2,2.466666667,0.3,0.333333333,0.133333333,0.033333333,0.0,0.066666667,0.0,0.0,0.1,0.166666667,0.3,0.4,0.0,0.0,0.0,0.166666667,0.366666667,0.0,0.0,0.0,0.0,0.366666667,0.0,0.0,0.0,0.0,0.0,0.233333333,0.0,0.066666667,0.066666667,0.066666667,0.0,0.133333333,0.166666667,0.0,0.0,0.36631906032562256,0.1377960741519928,0.40732717514038086,0.38137367367744446,0.3696887791156769,0.1923215687274933,0.5271955728530884,0.2968326508998871,1.3039159774780273,0.19323793053627014,0.35379913449287415,0.3824235498905182,0.15149417519569397,1.4060355424880981,0.2962493896484375,0.29626983404159546,0.18757273256778717,0.07567957043647766,0.03645811229944229,0.09738907217979431,0.13731710612773895,0.010959493927657604,0.21528205275535583,0.075918048620224,0.08308720588684082,0.17383767664432526,0.10988584905862808,0.07561951875686646,0.16388539969921112,0.2384810447692871,0.38715919852256775,0.04080186411738396,0.02838430553674698,0.11285289376974106,0.04082265868782997,0.4300296902656555,0.2375916689634323,0.012228663079440594,0.032835155725479126,0.07144773006439209,0.10814149677753448,0.15447096526622772,0.04712601751089096,0.19729216396808624,0.16615116596221924,0.20243187248706818,0.20498405396938324,0.37005284428596497,0.23100407421588898,0.16061657667160034,0.07598669826984406
AP283,0.133333333,0.1,0.433333333,0.1,1.3,0.7,0.866666667,0.6,0.166666667,0.3,0.066666667,0.0,0.0,0.5,0.433333333,0.5,0.266666667,0.333333333,0.266666667,0.133333333,0.0,0.0,0.0,0.0,0.0,0.133333333,0.0,0.0,0.0,0.233333333,0.133333333,0.033333333,0.0,0.366666667,0.066666667,0.8,0.5,0.0,0.0,0.0,0.433333333,0.0,0.0,0.0,0.0,0.5,0.333333333,0.9,0.133333333,0.166666667,0.2,0.5230098962783813,0.16093260049819946,0.5490578413009644,0.31219035387039185,0.4416368007659912,0.20213693380355835,0.7774943113327026,0.4773559868335724,0.5442989468574524,0.16062775254249573,0.19175775349140167,0.14178769290447235,0.06649117171764374,0.7432133555412292,0.21277713775634766,0.19672101736068726,0.18955858051776886,0.07445358484983444,0.06295663118362427,0.5043100714683533,0.8357252478599548,0.05460241064429283,0.3327353298664093,0.10914209485054016,0.010166186839342117,0.18297117948532104,0.04649829491972923,0.056181930005550385,0.035012707114219666,0.196894109249115,0.12006063759326935,0.023320119827985764,0.08492624759674072,0.24101778864860535,0.12090332806110382,0.6935477256774902,0.14030425250530243,0.032757632434368134,0.02684970386326313,0.12812766432762146,0.17804722487926483,0.16981220245361328,0.08420790731906891,0.12302152067422867,0.19180242717266083,0.222275048494339,0.14200641214847565,0.21395324170589447,0.21736204624176025,0.1476740688085556,0.08436371386051178
AP679,0.1,0.0,0.233333333,0.3,0.333333333,0.2,0.4,0.133333333,0.933333333,0.0,0.5,0.333333333,0.1,1.466666667,0.5,0.533333333,0.0,0.033333333,0.0,0.166666667,0.166666667,0.066666667,0.4,0.0,0.266666667,0.1,0.866666667,0.133333333,0.266666667,0.5,0.9,0.366666667,0.033333333,0.166666667,0.166666667,0.8,0.366666667,0.033333333,0.3,1.1,0.266666667,0.3,0.066666667,0.133333333,0.166666667,0.1,0.166666667,0.1,0.4,0.333333333,0.0,0.3629102110862732,0.024360060691833496,0.6327219605445862,0.3211395740509033,0.48101985454559326,0.1859649419784546,0.5249412655830383,0.2870256006717682,0.7654711008071899,0.15064603090286255,0.21808141469955444,0.22077743709087372,0.08489066362380981,1.2647196054458618,0.31071701645851135,0.34969767928123474,0.21683591604232788,0.080291248857975,0.07300050556659698,0.45387887954711914,0.4272937476634979,0.15920108556747437,0.26884153485298157,0.067404605448246,0.024114206433296204,0.15488837659358978,0.11653463542461395,0.09189235419034958,0.2776333689689636,0.305048406124115,0.3364391028881073,0.4152803421020508,0.4857799708843231,0.17743143439292908,0.08187735080718994,0.7366630434989929,0.11904827505350113,0.057843152433633804,0.034947559237480164,0.2904440462589264,0.2012762725353241,0.1459273248910904,0.0905141830444336,0.11780522018671036,0.17229491472244263,0.15035542845726013,0.07221531867980957,0.22531011700630188,0.22485581040382385,0.12665055692195892,0.08414256572723389
