stimulus,true_Green,true_Cucumber,true_Herbal,true_Mint,true_Woody,true_Pine,true_Floral,true_Powdery,true_Fruity,true_Citrus,true_Tropical,true_Berry,true_Peach,true_Sweet,true_Caramellic,true_Vanilla,true_BrownSpice,true_Smoky,true_Burnt,true_Roasted,true_Grainy,true_Meaty,true_Nutty,true_Fatty,true_Coconut,true_Waxy,true_Dairy,true_Buttery,true_Cheesy,true_Sour,true_Fermented,true_Sulfurous,true_Garlic.Onion,true_Earthy,true_Mushroom,true_Musty,true_Ammonia,true_Fishy,true_Fecal,true_Rotten.Decay,true_Rubber,true_Phenolic,true_Animal,true_Medicinal,true_Cooling,true_Sharp,true_Chlorine,true_Alcoholic,true_Plastic,true_Ozone,true_Metallic,pred_Green,pred_Cucumber,pred_Herbal,pred_Mint,pred_Woody,pred_Pine,pred_Floral,pred_Powdery,pred_Fruity,pred_Citrus,pred_Tropical,pred_Berry,pred_Peach,pred_Sweet,pred_Caramellic,pred_Vanilla,pred_BrownSpice,pred_Smoky,pred_Burnt,pred_Roasted,pred_Grainy,pred_Meaty,pred_Nutty,pred_Fatty,pred_Coconut,pred_Waxy,pred_Dairy,pred_Buttery,pred_Cheesy,pred_Sour,pred_Fermented,pred_Sulfurous,pred_Garlic.Onion,pred_Earthy,pred_Mushroom,pred_Musty,pred_Ammonia,pred_Fishy,pred_Fecal,pred_Rotten.Decay,pred_Rubber,pred_Phenolic,pred_Animal,pred_Medicinal,pred_Cooling,pred_Sharp,pred_Chlorine,pred_Alcoholic,pred_Plastic,pred_Ozone,pred_Metallic
AA088,0.884615385,0.038461538,0.692307692,0.115384615,0.153846154,0.0,0.192307692,0.307692308,0.230769231,0.0,0.076923077,0.153846154,0.153846154,0.384615385,0.0,0.0,0.0,0.0,0.0,0.0,0.153846154,0.0,0.076923077,0.038461538,0.0,0.0,0.115384615,0.0,0.192307692,0.269230769,0.076923077,0.0,0.0,0.384615385,0.0,0.730769231,0.0,0.0,0.0,0.076923077,0.269230769,0.769230769,0.0,0.846153846,0.038461538,0.038461538,0.653846154,0.346153846,0.192307692,0.384615385,0.192307692,0.4082978665828705,0.18152929842472076,0.6723299622535706,0.32539716362953186,0.49170565605163574,0.15873320400714874,0.3372672200202942,0.31459957361221313,0.6263895630836487,0.15467911958694458,0.14082515239715576,0.1631988137960434,0.07988205552101135,0.9290846586227417,0.16819359362125397,0.23628896474838257,0.1931629627943039,0.17446637153625488,0.1082073226571083,0.31751593947410583,0.407789409160614,0.14797194302082062,0.26741620898246765,0.20247596502304077,0.0490727536380291,0.23251661658287048,0.10274595022201538,0.06096862256526947,0.09640411287546158,0.2479822188615799,0.19203978776931763,0.14645586907863617,0.21200603246688843,0.18708118796348572,0.06698713451623917,0.5728335976600647,0.09196066856384277,0.02755301259458065,0.05122010037302971,0.23049311339855194,0.2568429410457611,0.20897391438484192,0.11602038145065308,0.21141774952411652,0.20934320986270905,0.2661427855491638,0.11527647823095322,0.21932345628738403,0.2762170732021332,0.19229631125926971,0.11028967052698135
AA217,0.192307692,0.0,0.192307692,0.0,0.0,0.0,0.115384615,0.038461538,0.076923077,0.0,0.0,0.0,0.269230769,0.961538462,0.384615385,0.0,0.0,0.307692308,0.653846154,0.730769231,0.384615385,0.0,0.5,0.576923077,0.153846154,1.076923077,0.0,0.653846154,0.153846154,0.038461538,0.0,0.384615385,0.0,0.384615385,0.538461538,0.038461538,0.192307692,0.0,0.0,0.192307692,0.192307692,0.115384615,0.538461538,0.0,0.0,0.0,0.0,0.0,0.0,0.0,0.0,0.19780561327934265,-0.0040021794848144054,0.1837446391582489,0.1526617407798767,0.22233238816261292,0.09859100729227066,0.24428445100784302,0.18813610076904297,0.371604859828949,0.1626632958650589,0.10948842018842697,0.12783944606781006,0.11499298363924026,0.5671448111534119,0.30653488636016846,0.2318323254585266,0.11496762931346893,0.1788635551929474,0.3748902678489685,0.6376887559890747,0.3683781921863556,0.33714306354522705,0.3200770318508148,0.17761728167533875,0.134575754404068,0.4001593291759491,0.27225518226623535,0.2240147590637207,0.4046614468097687,0.2879747748374939,0.14913970232009888,0.30683633685112,0.9830754399299622,0.26546216011047363,0.1492651253938675,0.28471317887306213,0.18122093379497528,0.06749072670936584,0.08942760527133942,0.33639127016067505,0.21585509181022644,0.1329571157693863,0.16850581765174866,0.1608976423740387,0.07610556483268738,0.13643597066402435,0.04755333065986633,0.06782137602567673,0.1877591460943222,0.11425172537565231,0.04711258038878441
AA297,0.153846154,0.0,0.192307692,0.307692308,0.076923077,0.0,0.307692308,0.692307692,0.269230769,0.0,0.115384615,0.153846154,0.115384615,1.423076923,0.346153846,0.269230769,0.0,0.423076923,0.0,0.115384615,0.0,0.076923077,0.230769231,0.230769231,0.423076923,1.076923077,0.153846154,1.346153846,0.384615385,0.153846154,0.0,0.076923077,0.038461538,0.153846154,0.076923077,0.115384615,0.0,0.0,0.0,0.0,0.115384615,0.115384615,0.0,0.0,0.076923077,0.0,0.0,0.115384615,0.0,0.0,0.0,0.3334481716156006,0.0241658017039299,0.33945879340171814,0.26133814454078674,0.3147546350955963,0.1996755748987198,0.12828707695007324,0.3993054926395416,0.4217155873775482,0.09837860614061356,0.07577822357416153,0.1041971892118454,0.18704524636268616,1.0323737859725952,0.4430408775806427,0.11904669553041458,0.12510506808757782,0.1869838684797287,0.1863621026277542,0.3074257969856262,0.259674072265625,0.15632390975952148,0.19324266910552979,0.4581160545349121,0.09531798213720322,1.0693131685256958,0.23288989067077637,0.8672707676887512,0.1026017889380455,0.11986121535301208,0.13305704295635223,0.020424995571374893,0.11227212101221085,0.08299121260643005,0.14249466359615326,0.21460296213626862,0.020947355777025223,-0.000738687755074352,0.00188624975271523,0.030093936249613762,0.17444320023059845,0.15144799649715424,0.0115574412047863,0.15079978108406067,0.16808155179023743,0.009633596055209637,0.05568770691752434,0.08267341554164886,0.1811889111995697,0.1236976832151413,0.04428420588374138
AA339,0.153846154,0.0,0.0,0.038461538,0.038461538,0.076923077,1.576923077,1.230769231,0.346153846,0.0,0.0,0.0,0.0,0.423076923,0.0,0.038461538,0.0,0.0,0.0,0.0,0.038461538,0.0,0.076923077,0.0,0.0,0.192307692,0.346153846,0.076923077,0.153846154,0.038461538,0.0,0.0,0.076923077,0.076923077,0.115384615,0.153846154,0.0,0.0,0.0,0.0,0.0,0.230769231,0.0,0.0,0.0,0.230769231,0.076923077,0.038461538,0.346153846,0.038461538,0.0,0.20292839407920837,0.11581769585609436,0.12545284628868103,0.16372577846050262,0.1966829150915146,0.0455925278365612,0.4806499779224396,0.28220614790916443,0.29218590259552,0.09704647213220596,0.10969241708517075,0.10684923082590103,0.06116027757525444,0.47778424620628357,0.06705458462238312,0.018482612445950508,0.06698431819677353,0.15717779099941254,0.1817319244146347,0.30875176191329956,0.33776044845581055,0.21963675320148468,0.2739730477333069,0.17189526557922363,0.06407993286848068,0.1433701366186142,0.42270606756210327,0.19658514857292175,0.5325533747673035,0.42268428206443787,0.17814774811267853,0.376339852809906,0.28372684121131897,0.19997939467430115,0.14922679960727692,0.25064617395401,0.044619884341955185,0.16440148651599884,0.1312766969203949,0.665473997592926,0.10784339904785156,0.1806405484676361,0.2784190773963928,0.2448214739561081,0.07844860851764679,0.18758957087993622,0.10110099613666534,0.05702158808708191,0.18621426820755005,0.11335189640522003,0.08577222377061844
AA368,0.269230769,0.038461538,0.0,0.0,0.0,0.153846154,0.846153846,1.076923077,0.038461538,0.0,0.115384615,0.153846154,0.153846154,0.615384615,0.0,0.038461538,0.0,0.0,0.192307692,0.0,0.153846154,0.0,0.0,0.192307692,0.076923077,0.269230769,0.346153846,0.076923077,0.153846154,0.192307692,0.0,0.115384615,0.0,0.0,0.076923077,0.269230769,0.076923077,0.0,0.0,0.115384615,0.0,0.115384615,0.076923077,0.192307692,0.0,0.0,0.0,0.115384615,0.076923077,0.076923077,0.0,0.1778678596019745,0.14741861820220947,0.24604792892932892,0.1685584932565689,0.22661088407039642,0.07282992452383041,0.5545560717582703,0.3736940026283264,0.32846197485923767,0.09267834573984146,0.08140265941619873,0.13050952553749084,0.034842293709516525,0.5079374313354492,0.05813536420464516,0.018924858421087265,0.07312842458486557,0.14460130035877228,0.15804645419120789,0.3535574972629547,0.35548874735832214,0.20076504349708557,0.2646009624004364,0.15721893310546875,0.05784905329346657,0.1012549102306366,0.2003210484981537,0.09517233818769455,0.4027741849422455,0.25855207443237305,0.1777210682630539,0.2617001235485077,1.1678589582443237,0.1882752776145935,0.12170924991369247,0.3176531195640564,0.06632223725318909,0.062255870550870895,0.034928008913993835,0.2200898826122284,0.09156403690576553,0.20885084569454193,0.2633236348628998,0.15212637186050415,0.10536932945251465,0.14741811156272888,0.1149819865822792,0.14226609468460083,0.17039792239665985,0.10274774581193924,0.0878477543592453
AA474,0.115384615,0.0,0.115384615,0.038461538,0.346153846,0.0,0.230769231,0.192307692,0.807692308,0.0,0.0,0.192307692,0.307692308,0.769230769,0.115384615,0.038461538,0.0,0.0,0.115384615,0.038461538,0.269230769,0.0,0.076923077,0.846153846,0.576923077,1.192307692,0.423076923,0.269230769,0.230769231,0.0,0.115384615,0.076923077,0.0,0.0,0.153846154,0.115384615,0.0,0.0,0.0,0.0,0.038461538,0.346153846,0.0,0.269230769,0.0,0.0,0.192307692,0.076923077,0.0,0.0,0.0,0.3981553614139557,0.11091319471597672,0.29071682691574097,0.17757266759872437,0.33192014694213867,0.08427418768405914,0.39789435267448425,0.2712489664554596,0.8584625124931335,0.18091429769992828,0.3178217113018036,0.25114285945892334,0.23793649673461914,1.2506812810897827,0.44750702381134033,0.457626610994339,0.21959342062473297,0.08944813162088394,0.06130707263946533,0.19522212445735931,0.28878504037857056,0.13331502676010132,0.24413231015205383,0.1522575169801712,0.09145036339759827,0.5337908864021301,0.29946058988571167,0.2529810667037964,0.48535463213920593,0.3080347776412964,0.22659987211227417,0.1610979437828064,0.10634371638298035,0.16264791786670685,0.07055334746837616,0.37910890579223633,0.10967794060707092,0.027084529399871826,0.0684516578912735,0.10469292849302292,0.1446433663368225,0.14919909834861755,0.12709467113018036,0.19515074789524078,0.11371571570634842,0.27297547459602356,0.11289685219526291,0.20616810023784637,0.1787412017583847,0.14247047901153564,0.06961095333099365
AA513,0.192307692,0.0,0.346153846,0.0,0.615384615,0.115384615,0.192307692,0.230769231,0.0,0.0,0.115384615,0.0,0.153846154,0.346153846,0.076923077,0.0,0.115384615,0.192307692,0.153846154,0.384615385,0.038461538,0.0,0.307692308,0.461538462,0.346153846,1.076923077,1.461538462,0.576923077,1.730769231,0.961538462,0.307692308,0.153846154,0.230769231,0.0,0.038461538,0.0,0.0,0.0,0.307692308,1.192307692,0.0,0.0,0.038461538,0.0,0.0,0.0,0.0,0.0,0.0,0.0,0.0,0.263498991727829,0.021728908643126488,0.20723502337932587,0.16171039640903473,0.21988406777381897,0.07458685338497162,0.3476535975933075,0.15276919305324554,0.562136173248291,0.19374938309192657,0.27105069160461426,0.206976518034935,0.22989332675933838,0.8150718212127686,0.2492496222257614,0.35489314794540405,0.08298715204000473,0.10720263421535492,0.10137300938367844,0.23613207042217255,0.23455910384655,0.18529605865478516,0.2357056438922882,0.24303969740867615,0.22050029039382935,0.22756634652614594,0.8161765933036804,0.5099679827690125,0.8988727927207947,0.4363570213317871,0.28379160165786743,0.2622757852077484,0.3118413984775543,0.20812690258026123,0.1445877104997635,0.4321379065513611,0.09002941846847534,0.14863939583301544,0.15480424463748932,1.2425496578216553,0.15542013943195343,0.13135606050491333,0.09647248685359955,0.18819347023963928,0.08266603946685791,0.09915497899055481,0.06938786804676056,0.09052687138319016,0.2053413987159729,0.1125931367278099,0.04740256816148758
AA962,0.230769231,0.076923077,0.0,0.0,0.0,0.115384615,1.038461538,0.423076923,0.0,0.0,0.0,0.038461538,0.153846154,0.538461538,0.0,0.0,0.0,0.346153846,0.0,0.153846154,0.0,0.192307692,0.0,0.384615385,0.307692308,0.153846154,0.384615385,0.192307692,0.5,0.153846154,0.269230769,0.192307692,1.038461538,0.0,0.0,0.0,0.0,0.0,0.0,0.076923077,0.115384615,0.153846154,0.153846154,0.0,0.115384615,0.076923077,0.269230769,0.0,0.115384615,0.038461538,0.038461538,0.07291524857282639,0.022969434037804604,0.049288298934698105,0.15773043036460876,0.20432598888874054,0.02840634435415268,0.7084938883781433,0.227826327085495,0.26371827721595764,0.09154659509658813,0.06458774954080582,0.07174188643693924,0.00952973123639822,0.21040573716163635,0.021014584228396416,0.004410415887832642,0.002532124985009432,0.15188373625278473,0.04830434173345566,0.401144415140152,0.2459675669670105,0.20895960927009583,0.1768987476825714,0.12573039531707764,0.04631081223487854,0.14541424810886383,0.028622915968298912,0.1644280105829239,0.5719744563102722,0.29888054728507996,0.18773062527179718,0.21226610243320465,2.268819808959961,0.06197100505232811,0.11131899803876877,0.04772407189011574,0.15262068808078766,-0.0012589875841513276,0.010132668539881706,0.1281750202178955,0.08210799098014832,0.20802178978919983,0.022955134510993958,0.16429243981838226,0.033733971416950226,0.052304014563560486,0.10388502478599548,0.006841796450316906,0.14893512427806854,0.0729539692401886,0.0316586047410965
AB222,0.055555556,0.0,0.055555556,0.0,0.0,0.0,0.666666667,0.777777778,0.5,0.0,0.277777778,0.0,0.722222222,1.5,0.944444444,0.444444444,0.0,0.0,0.055555556,0.055555556,0.5,0.0,0.0,0.222222222,0.222222222,1.277777778,0.666666667,0.555555556,0.5,0.0,0.0,0.0,0.0,0.055555556,0.0,0.0,0.0,0.0,0.0,0.0,0.0,0.444444444,0.0,0.0,0.0,0.0,0.0,0.0,0.0,0.0,0.0,0.3888084292411804,0.20074421167373657,0.36148351430892944,0.2467854917049408,0.3842591643333435,0.15787552297115326,0.8187646269798279,0.6715148687362671,0.6217074394226074,0.22612829506397247,0.270553857088089,0.22249306738376617,0.16493237018585205,1.0270142555236816,0.27592113614082336,0.27668139338493347,0.13648736476898193,0.1131758838891983,0.07320449501276016,0.144173264503479,0.2999468743801117,0.11715230345726013,0.18693824112415314,0.15811535716056824,0.09051578491926193,0.5970722436904907,0.3091634213924408,0.16644665598869324,0.36001503467559814,0.21463628113269806,0.1467774510383606,0.07776046544313431,0.2063276618719101,0.09497480094432831,0.05771442875266075,0.32797887921333313,0.05546747148036957,0.045937877148389816,0.1540605127811432,0.26450562477111816,0.12527306377887726,0.1749723106622696,0.2582394480705261,0.1701892465353012,0.19570431113243103,0.12900671362876892,0.15807312726974487,0.12658649682998657,0.19623637199401855,0.10812484472990036,0.04418741166591644
AB226,0.166666667,0.166666667,0.388888889,0.0,0.0,0.444444444,1.5,0.722222222,1.222222222,0.611111111,0.944444444,0.777777778,0.555555556,1.111111111,0.0,0.222222222,0.0,0.0,0.0,0.0,0.0,0.0,0.0,0.0,0.0,0.0,0.0,0.0,0.0,0.0,0.0,0.0,0.0,0.0,0.0,0.222222222,0.0,0.0,0.0,0.0,0.0,0.388888889,0.222222222,0.0,0.166666667,0.222222222,0.055555556,0.0,0.333333333,0.0,0.222222222,0.45322462916374207,0.6107094287872314,0.3956438899040222,0.27757757902145386,0.3116077482700348,0.23549582064151764,0.9419237971305847,0.5937636494636536,0.7040969133377075,0.19398252665996552,0.2844131290912628,0.36037081480026245,0.15997354686260223,0.85584557056427,0.10994364321231842,0.17347079515457153,0.18609505891799927,0.10351727902889252,0.07928866147994995,0.14047807455062866,0.23501291871070862,0.07568910717964172,0.029510237276554108,0.08248665183782578,0.05624137073755264,0.26368463039398193,0.08541438728570938,0.0620473176240921,0.11542125791311264,0.221023827791214,0.15886180102825165,0.04393443465232849,0.20137666165828705,0.10062457621097565,0.04516792297363281,0.3141065239906311,0.17973299324512482,0.07864484190940857,0.027049405500292778,0.07162714749574661,0.12491517513990402,0.19727346301078796,0.3053376078605652,0.3293873965740204,0.4123564660549164,0.27166450023651123,0.22602319717407227,0.4371471405029297,0.2404194176197052,0.1311720907688141,0.10777294635772705
AB398,0.0,0.0,0.333333333,0.0,0.5,0.277777778,0.0,0.0,0.0,0.0,0.0,0.0,0.0,0.055555556,0.0,0.0,0.0,0.333333333,0.0,1.111111111,2.055555556,0.0,1.5,0.0,0.0,0.166666667,0.0,0.388888889,0.0,0.0,0.0,0.0,0.0,0.111111111,0.055555556,1.166666667,0.0,0.0,0.0,0.0,0.722222222,0.944444444,0.0,0.111111111,0.444444444,0.0,0.222222222,0.0,0.388888889,0.0,0.0,0.343097448348999,0.3886164426803589,0.7077159881591797,0.4887852072715759,0.5055018067359924,0.26158246397972107,0.18784868717193604,0.25445592403411865,0.21838007867336273,0.13353022933006287,0.06687964498996735,0.07989276200532913,0.04350947588682175,0.47946617007255554,0.1842874139547348,0.15134258568286896,0.20956385135650635,0.21709281206130981,0.10090885311365128,0.43137672543525696,0.5479439496994019,0.08176545053720474,0.21476155519485474,0.11512311547994614,0.052985746413469315,0.14502421021461487,0.05136561393737793,0.23736253380775452,0.0673622414469719,0.16992025077342987,0.18724359571933746,0.11343995481729507,0.12500251829624176,0.30089107155799866,0.11507571488618851,0.8148686289787292,0.17878806591033936,0.05172618851065636,0.006657738704234362,0.07418067753314972,0.4595063030719757,0.255034863948822,0.07767622917890549,0.44214820861816406,0.6339210271835327,0.2527846693992615,0.11837338656187057,0.2282138615846634,0.3013523817062378,0.1865847259759903,0.13484033942222595
AB486,0.0,0.0,0.222222222,0.0,0.166666667,0.0,0.0,0.055555556,0.222222222,0.0,0.0,0.0,0.0,0.166666667,0.5,0.0,0.111111111,0.222222222,0.833333333,0.222222222,0.666666667,0.0,0.111111111,0.0,0.111111111,0.166666667,0.0,0.111111111,0.0,0.5,0.388888889,0.5,1.833333333,0.222222222,0.0,0.5,0.111111111,0.0,0.0,0.055555556,0.277777778,0.055555556,0.0,0.0,0.5,0.0,0.277777778,0.277777778,0.277777778,0.0,0.0,0.14105825126171112,0.005294772796332836,0.22470654547214508,0.22072957456111908,0.11982536315917969,0.06658781319856644,0.17814071476459503,0.09342063963413239,0.3576383590698242,0.13697127997875214,0.08887606859207153,0.10662130266427994,0.05174935236573219,0.6088162660598755,0.3597288131713867,0.18054427206516266,0.3824709355831146,0.2466994822025299,0.41955330967903137,0.6214596629142761,0.29949143528938293,0.3662600517272949,0.1367712914943695,0.14312270283699036,0.12521223723888397,0.435997873544693,0.09293834865093231,0.1107407808303833,0.15682384371757507,0.3179279863834381,0.28784772753715515,0.3208498954772949,2.0189125537872314,0.20355740189552307,0.09118522703647614,0.2914598882198334,0.21968165040016174,0.010947966016829014,0.10551608353853226,0.35098981857299805,0.2671368718147278,0.13730774819850922,0.09628739207983017,0.2834617495536804,0.2196662873029709,0.3170018196105957,0.05755665525794029,0.2745538353919983,0.15373937785625458,0.09293654561042786,0.06781858205795288
AB672,0.0,0.0,0.277777778,2.222222222,0.0,0.0,0.0,0.222222222,0.166666667,0.0,0.222222222,0.0,0.111111111,0.555555556,0.0,0.0,0.0,0.0,0.0,0.444444444,0.388888889,0.388888889,0.222222222,0.333333333,0.166666667,0.0,0.555555556,0.166666667,1.055555556,0.0,0.0,0.277777778,0.833333333,0.166666667,0.111111111,0.055555556,0.0,0.555555556,0.0,1.0,0.0,0.0,0.0,0.0,0.888888889,0.055555556,0.0,0.388888889,0.0,0.0,0.0,0.16493216156959534,0.08751153945922852,0.14163026213645935,0.9238265752792358,0.1457386612892151,0.07904915511608124,0.11911429464817047,0.1425257921218872,0.3850603997707367,0.1257559061050415,0.07302016764879227,0.10146763175725937,0.034824974834918976,1.079685091972351,0.03275994583964348,0.13546057045459747,0.054572753608226776,0.06911254674196243,0.13997216522693634,0.2542631924152374,0.25656431913375854,0.1911981999874115,0.1550634652376175,0.13777334988117218,0.045569710433483124,0.01617247238755226,0.37199610471725464,0.1902681142091751,0.29853954911231995,0.24654899537563324,0.21620714664459229,0.28420278429985046,0.42961472272872925,0.06664586812257767,0.08270783722400665,0.14767228066921234,0.0338137112557888,0.06656923145055771,0.08853345364332199,0.5951552391052246,0.10313659906387329,0.1370335817337036,0.08852778375148773,0.2073574811220169,0.6249666810035706,0.08459383249282837,0.05183861777186394,0.07376760244369507,0.09740076959133148,0.10090602934360504,0.04228997603058815
AC067,0.0,0.0,0.111111111,0.037037037,0.0,0.0,0.185185185,0.296296296,0.037037037,0.0,0.0,0.074074074,0.0,1.222222222,0.62962963,1.037037037,0.481481481,1.518518519,1.0,0.296296296,0.0,0.148148148,0.0,0.148148148,0.037037037,0.0,0.0,0.0,0.074074074,0.259259259,0.111111111,0.185185185,0.0,0.0,0.0,0.259259259,0.148148148,0.0,0.037037037,0.0,0.222222222,0.703703704,0.074074074,0.259259259,0.0,0.148148148,0.148148148,0.148148148,0.074074074,0.518518519,0.148148148,0.17859750986099243,0.016641821712255478,0.29875481128692627,0.23959402740001678,0.34379100799560547,0.0743178129196167,0.25743231177330017,0.39232370257377625,0.7284327745437622,0.12341350317001343,0.22937551140785217,0.5999389886856079,0.09009508043527603,1.6369224786758423,0.45794185996055603,0.50307697057724,0.7368155717849731,0.41115859150886536,0.2960386574268341,0.36320751905441284,0.24870553612709045,0.22721119225025177,0.1366608589887619,0.1861247420310974,0.07500912994146347,0.21475811302661896,0.18017823994159698,0.12776140868663788,0.15880121290683746,0.28711390495300293,0.27558544278144836,0.16759531199932098,0.2347947359085083,0.07268889993429184,0.04749441146850586,0.48144933581352234,0.15836694836616516,0.09087534248828888,0.09740594029426575,0.3214612603187561,0.1887376606464386,0.18541555106639862,0.1763838231563568,0.21983371675014496,0.20918016135692596,0.10079262405633926,0.09007461369037628,0.29914119839668274,0.18434977531433105,0.15923157334327698,0.07189052551984787
AC761,0.0,0.148148148,0.0,0.037037037,0.0,0.0,0.0,0.0,0.0,0.074074074,0.0,0.0,0.0,0.037037037,0.0,0.0,0.0,0.37037037,0.703703704,1.222222222,0.777777778,0.592592593,0.185185185,0.185185185,0.0,0.0,0.0,0.148148148,0.222222222,0.333333333,0.666666667,0.407407407,1.222222222,0.555555556,1.074074074,0.296296296,0.074074074,0.185185185,0.0,0.333333333,0.0,0.0,0.185185185,0.0,0.074074074,0.0,0.0,0.0,0.0,0.0,0.0,0.34611570835113525,0.41540032625198364,0.10694407671689987,0.2608429491519928,0.16640040278434753,0.09225449711084366,0.16183146834373474,0.15834058821201324,0.24193961918354034,0.172895148396492,0.10385706275701523,0.09691855311393738,0.025955554097890854,0.3544495403766632,0.09404775500297546,0.04850182309746742,0.06901837885379791,0.2568316161632538,0.6034486889839172,0.7099380493164062,0.4935092329978943,0.3142049312591553,0.2578279376029968,0.1575164645910263,0.0501372292637825,0.11636439710855484,0.2563055157661438,0.19888998568058014,0.5332900881767273,0.31930288672447205,0.2740081250667572,0.3002535104751587,1.1493556499481201,0.25204551219940186,0.47529345750808716,0.23943796753883362,0.16907182335853577,0.19904129207134247,0.09532169997692108,0.4154164493083954,0.2056339681148529,0.22314977645874023,0.4023095965385437,0.13362058997154236,0.1079445630311966,0.23303735256195068,0.07878246903419495,0.1451472043991089,0.19387778639793396,0.13069410622119904,0.06572131812572479
AC930,0.185185185,0.0,0.111111111,0.814814815,0.111111111,0.148148148,0.259259259,0.407407407,0.62962963,0.037037037,0.444444444,0.777777778,0.222222222,0.814814815,0.0,0.074074074,0.0,0.0,0.0,0.0,0.0,0.0,0.0,0.0,0.0,0.0,0.0,0.0,0.0,0.222222222,0.592592593,0.444444444,0.0,0.0,0.0,0.259259259,0.259259259,0.0,0.148148148,0.37037037,0.185185185,0.37037037,0.37037037,0.518518519,0.888888889,0.222222222,0.0,0.703703704,0.407407407,0.074074074,0.111111111,0.32893022894859314,0.2215508222579956,0.6147755980491638,0.5799839496612549,0.3642858564853668,0.3945079743862152,0.5527459383010864,0.3125379979610443,0.7508232593536377,0.20523828268051147,0.35101673007011414,0.5398194789886475,0.16103418171405792,0.856276273727417,0.17778675258159637,0.26496341824531555,0.10488586872816086,0.15164688229560852,0.1542007178068161,0.3194684386253357,0.36129748821258545,0.10304581373929977,0.2976517081260681,0.10831421613693237,0.06074139103293419,0.15333077311515808,0.16016195714473724,0.18926548957824707,0.19792453944683075,0.3071710765361786,0.34843844175338745,0.24498271942138672,0.26115745306015015,0.20966418087482452,0.11596204340457916,0.5391518473625183,0.37254878878593445,0.3737163841724396,0.10054570436477661,0.36026766896247864,0.1920592486858368,0.2102842628955841,0.28045666217803955,0.2730754017829895,0.38200148940086365,0.355552077293396,0.16137871146202087,0.2650112211704254,0.20681828260421753,0.13115468621253967,0.11188773065805435
AD011,0.6,0.0,0.2,0.0,0.133333333,0.0,0.0,0.0,0.0,0.0,0.0,0.0,0.0,0.0,0.0,0.0,0.0,0.266666667,0.266666667,0.133333333,0.266666667,0.333333333,0.266666667,0.266666667,0.2,0.0,0.4,0.266666667,0.6,0.2,0.4,1.066666667,1.133333333,0.733333333,0.4,0.466666667,0.0,1.133333333,0.0,0.4,0.0,0.0,0.0,0.0,0.0,0.0,0.0,0.0,0.0,0.0,0.0,0.22648504376411438,0.11479572206735611,0.14247441291809082,0.1354794204235077,0.09405025839805603,0.03261810541152954,0.06618203222751617,0.04267759993672371,0.209392249584198,0.27122586965560913,0.08042672276496887,0.08389995992183685,0.025935757905244827,0.36699503660202026,0.056116294115781784,0.07119403779506683,0.01874396950006485,0.24475586414337158,0.384343683719635,0.7973318099975586,0.5833304524421692,0.2718251943588257,0.4398607313632965,0.5051467418670654,0.05058100447058678,0.2242407351732254,0.24604901671409607,0.19453971087932587,0.459844172000885,0.25809359550476074,0.21671894192695618,0.43240058422088623,1.5900696516036987,0.2593563497066498,0.26275435090065,0.2864347994327545,0.12880533933639526,0.6010000109672546,0.12287585437297821,0.5561879873275757,0.17699404060840607,0.34126758575439453,0.22612422704696655,0.1518387347459793,0.08097675442695618,0.17721982300281525,0.052544303238391876,0.060625750571489334,0.15037104487419128,0.10374917089939117,0.07978739589452744
AD329,0.666666667,0.333333333,0.4,4.0,0.266666667,0.0,0.133333333,0.0,0.4,0.333333333,0.2,0.2,0.0,1.333333333,0.0,0.0,0.2,0.0,0.0,0.0,0.0,0.2,0.0,0.0,0.0,0.0,0.0,0.0,0.0,0.0,0.133333333,0.0,0.0,0.133333333,0.0,0.0,0.0,0.0,0.0,0.133333333,0.0,0.0,0.0,0.266666667,1.2,0.0,0.133333333,0.066666667,0.0,0.0,0.066666667,0.6010051965713501,0.4814080595970154,0.8279513120651245,2.5992910861968994,0.24920302629470825,0.32184654474258423,0.317579060792923,0.3237806558609009,0.5414078831672668,0.16952799260616302,0.17166000604629517,0.2170310616493225,0.0644678920507431,1.16653311252594,0.19060803949832916,0.29266539216041565,0.3864399194717407,0.11542171984910965,0.08377239853143692,0.20494182407855988,0.26600226759910583,0.11996292322874069,0.138821080327034,0.08153468370437622,0.045491740107536316,0.1408040076494217,0.04293951019644737,0.04675057902932167,0.05044753849506378,0.16512596607208252,0.22482867538928986,0.11920760571956635,0.26736193895339966,0.12800252437591553,0.028339041396975517,0.26778891682624817,0.06593776494264603,0.020345965400338173,0.018612245097756386,0.08633790165185928,0.15079742670059204,0.17003482580184937,0.01674921251833439,0.5582301616668701,1.0927317142486572,0.3564310073852539,0.131999671459198,0.28282928466796875,0.18795281648635864,0.12624303996562958,0.08446633070707321
AD462,0.066666667,0.0,0.133333333,0.4,0.6,0.0,0.066666667,0.933333333,0.533333333,0.0,0.266666667,0.066666667,0.2,0.8,0.0,0.133333333,0.666666667,1.0,0.066666667,0.4,0.6,0.666666667,0.0,0.2,0.2,0.0,0.266666667,0.0,0.133333333,0.133333333,0.0,0.0,0.266666667,0.0,0.133333333,0.066666667,0.0,0.0,0.0,0.133333333,0.0,0.266666667,0.0,0.066666667,0.0,0.0,0.0,0.0,0.066666667,0.0,0.0,0.15486466884613037,0.14372853934764862,0.3154976963996887,0.22379170358181,0.3203137218952179,0.148506760597229,0.18563739955425262,0.38032227754592896,0.17535720765590668,0.1239253431558609,0.07990983128547668,0.07314136624336243,0.01743914932012558,0.6720932722091675,0.21191123127937317,0.3312126398086548,0.2525762915611267,0.6253376603126526,0.6266227960586548,0.3063022494316101,0.23521840572357178,0.640936017036438,0.05430004745721817,0.16507719457149506,0.05187300220131874,0.09417250752449036,0.041702788323163986,0.05055394396185875,0.11956358700990677,0.22339418530464172,0.17779797315597534,0.18477192521095276,0.3354365825653076,0.165626659989357,0.24381384253501892,0.3681900203227997,0.047727275639772415,0.03320087119936943,0.012668013572692871,0.1964651495218277,0.185439795255661,0.18955768644809723,0.1432148665189743,0.16328859329223633,0.08320621401071548,0.07248273491859436,0.044064588844776154,0.03461456298828125,0.19656604528427124,0.215728297829628,0.08942055702209473
AD505,0.0,0.1875,0.5625,0.0,0.25,0.125,0.0,0.0,0.0,0.0,0.0,0.0,0.0,0.0,0.0,0.0,0.0,0.1875,0.0625,0.25,0.0,0.625,0.3125,0.0,0.0,0.125,0.0625,0.0,0.25,0.375,0.0,0.5,3.0,0.1875,0.0,0.25,0.25,0.0,0.0,0.1875,0.25,0.0,0.0,0.25,0.1875,0.4375,0.0,0.5,0.3125,0.0,0.0,0.19155026972293854,0.03218623623251915,0.2876363694667816,0.2560277581214905,0.16794618964195251,0.09297724068164825,0.22792121767997742,0.13631805777549744,0.5534172058105469,0.1215038150548935,0.21995902061462402,0.16305424273014069,0.03912350907921791,0.4790940284729004,0.1501958817243576,0.13287882506847382,0.10452035069465637,0.23423708975315094,0.37085971236228943,0.5469228029251099,0.3481234908103943,0.3971370458602905,0.21618257462978363,0.11289975792169571,0.05322636663913727,0.10423827171325684,0.07487469166517258,0.08726552128791809,0.1546480655670166,0.3828321695327759,0.41511303186416626,0.4644779860973358,2.078251600265503,0.20611369609832764,0.1291448473930359,0.2946509122848511,0.2071913629770279,0.16879309713840485,0.03292561322450638,0.3056131601333618,0.19214069843292236,0.16431888937950134,0.1495995819568634,0.22178561985492706,0.21370910108089447,0.1826326996088028,0.06457123160362244,0.3232760429382324,0.19112999737262726,0.09001698344945908,0.1046508327126503
AD690,0.533333333,0.2,0.466666667,0.133333333,0.0,0.466666667,0.0,0.0,0.133333333,0.0,0.0,0.0,0.0,0.333333333,0.0,0.0,0.066666667,0.4,0.0,0.733333333,0.4,1.0,0.0,0.4,0.0,0.0,0.0,0.0,0.4,0.666666667,0.866666667,0.666666667,3.733333333,0.0,0.066666667,0.0,0.2,0.0,0.0,0.2,0.0,0.0,0.0,0.2,0.0,0.2,0.0,0.0,0.133333333,0.0,0.0,0.38062921166419983,0.1751328706741333,0.5482719540596008,0.78514564037323,0.14741449058055878,0.11926674842834473,0.17640669643878937,0.20738203823566437,0.349517822265625,0.12146317213773727,0.06734001636505127,0.10435952246189117,0.0191536545753479,0.7224036455154419,0.13185669481754303,0.1374487578868866,0.19114284217357635,0.22116708755493164,0.20565560460090637,0.4708051383495331,0.3334696590900421,0.2945191562175751,0.1439690738916397,0.14331193268299103,0.0468253530561924,0.11595006287097931,0.024657724425196648,0.02936229482293129,0.08708362281322479,0.31329217553138733,0.26655352115631104,0.2617947459220886,2.0595710277557373,0.18960364162921906,0.06684745103120804,0.2245953381061554,0.11520352959632874,0.029673460870981216,0.023372620344161987,0.06426595151424408,0.21906554698944092,0.1393333375453949,0.08687370270490646,0.22155022621154785,0.371049702167511,0.28653597831726074,0.06723348796367645,0.1377982646226883,0.20873640477657318,0.13986600935459137,0.07257667183876038
AD866,0.071428571,0.0,0.428571429,0.0,0.0,0.0,0.0,0.357142857,0.0,0.0,0.0,0.0,0.0,0.357142857,0.285714286,0.214285714,0.285714286,1.5,1.571428571,1.071428571,0.0,0.714285714,0.0,0.0,0.071428571,0.0,0.0,0.0,0.285714286,0.357142857,0.142857143,0.285714286,2.928571429,0.357142857,0.142857143,0.357142857,0.0,0.0,0.0,0.0,0.428571429,0.071428571,0.214285714,0.0,0.071428571,0.0,0.0,0.0,0.214285714,0.357142857,0.285714286,0.05063597857952118,0.002744596218690276,0.16620884835720062,0.17011937499046326,0.11702379584312439,0.049646224826574326,0.07396780699491501,0.16992473602294922,0.21259881556034088,0.08788524568080902,0.05997544154524803,0.06698185950517654,0.010840417817234993,0.6761240363121033,0.2040794938802719,0.25440025329589844,0.4208391010761261,1.1820687055587769,0.503077507019043,0.6548434495925903,0.373820036649704,0.515389084815979,0.19580747187137604,0.09909479320049286,0.04823622480034828,0.08892136067152023,0.04567274823784828,0.0496465228497982,0.10905008018016815,0.22288396954536438,0.2362116575241089,0.17798209190368652,2.013273000717163,0.16240930557250977,0.07128415256738663,0.2506195306777954,0.17874105274677277,0.09659285843372345,0.021931109949946404,0.18972764909267426,0.2140781283378601,0.2285553514957428,0.11624011397361755,0.26163020730018616,0.13644416630268097,0.036620717495679855,0.040776100009679794,0.024615101516246796,0.14291854202747345,0.1013072207570076,0.09740781038999557
AD919,0.666666667,0.4,0.533333333,0.333333333,0.8,0.8,0.0,0.0,0.4,0.0,0.4,0.4,0.2,0.4,0.0,0.0,0.0,0.0,0.0,0.0,0.0,0.0,0.0,0.0,0.0,0.066666667,0.0,0.133333333,0.0,0.266666667,0.2,0.0,0.0,0.2,0.0,0.333333333,0.266666667,0.0,0.0,0.066666667,0.0,0.733333333,0.0,0.2,0.133333333,0.0,0.533333333,0.0,0.333333333,0.4,0.333333333,0.41643455624580383,0.15491072833538055,0.48266202211380005,0.2928023040294647,0.43193209171295166,0.1171206682920456,0.4553672969341278,0.30661046504974365,0.9673919677734375,0.15731503069400787,0.3544582426548004,0.23405949771404266,0.1778648942708969,1.015195608139038,0.22887250781059265,0.28102079033851624,0.21553853154182434,0.15517185628414154,0.1294744312763214,0.22485806047916412,0.2855856418609619,0.13675031065940857,0.11706174165010452,0.18300193548202515,0.061850741505622864,0.26432743668556213,0.13402076065540314,0.12454012036323547,0.1773761659860611,0.3434167504310608,0.2807409167289734,0.2125885933637619,0.24263520538806915,0.08017871528863907,0.05294354632496834,0.40938007831573486,0.06811069697141647,0.06885074824094772,0.025147033855319023,0.2641114592552185,0.1195695772767067,0.16682499647140503,0.09077078104019165,0.18919868767261505,0.2137395590543747,0.2043120265007019,0.09857991337776184,0.1960526704788208,0.2004907876253128,0.15149734914302826,0.060388386249542236
AE140,0.178571429,0.214285714,0.392857143,0.214285714,0.357142857,0.178571429,0.25,0.0,0.392857143,0.107142857,0.285714286,0.178571429,0.142857143,0.428571429,0.0,0.107142857,0.071428571,0.0,0.0,0.142857143,0.107142857,0.0,0.0,0.0,0.0,0.0,0.0,0.035714286,0.071428571,0.142857143,0.107142857,0.142857143,0.0,0.785714286,0.107142857,0.678571429,0.214285714,0.0,0.0,0.035714286,1.071428571,0.535714286,0.0,0.321428571,0.178571429,0.464285714,0.75,0.892857143,1.107142857,0.142857143,0.428571429,0.4138002395629883,0.11920855194330215,0.39603978395462036,0.17312602698802948,0.3159574568271637,0.10338515788316727,0.39570340514183044,0.1502915918827057,0.8375807404518127,0.29996606707572937,0.22035332024097443,0.2650221586227417,0.10516557842493057,0.8516194224357605,0.2480458915233612,0.2623608410358429,0.1561591923236847,0.13621070981025696,0.32545846700668335,0.3103017807006836,0.37354758381843567,0.18621109426021576,0.31231430172920227,0.15976113080978394,0.053385280072689056,0.26160725951194763,0.20586274564266205,0.11640234291553497,0.39419060945510864,0.3591245412826538,0.29624131321907043,0.22385337948799133,0.25653761625289917,0.17096348106861115,0.11866368353366852,0.6708992719650269,0.1529485583305359,0.11311834305524826,0.10887367278337479,0.47637343406677246,0.28619322180747986,0.17142030596733093,0.14465413987636566,0.19287613034248352,0.1286618560552597,0.19885939359664917,0.14746461808681488,0.16668936610221863,0.2138649821281433,0.2186202108860016,0.1204114556312561
AE142,0.428571429,0.107142857,0.5,0.607142857,0.035714286,0.821428571,0.357142857,0.0,0.214285714,0.071428571,0.178571429,0.0,0.142857143,0.071428571,0.0,0.0,0.0,0.0,0.0,0.321428571,0.0,0.0,0.0,0.321428571,0.0,0.035714286,0.0,0.0,0.0,0.25,0.357142857,0.25,0.607142857,0.0,0.142857143,0.285714286,0.785714286,0.071428571,0.107142857,0.25,0.25,0.642857143,0.071428571,0.571428571,0.714285714,1.285714286,0.571428571,0.964285714,0.857142857,0.0,0.392857143,0.35200974345207214,0.1582321673631668,0.5431010723114014,2.383418083190918,0.33905118703842163,0.3891341984272003,0.39405208826065063,0.22708772122859955,0.4875546097755432,0.1781698316335678,0.3014164865016937,0.24342240393161774,0.18468084931373596,0.8746331334114075,0.13589119911193848,0.1741987019777298,0.062354590743780136,0.0991186872124672,0.06334444135427475,0.19360661506652832,0.26068535447120667,0.09027394652366638,0.07444854080677032,0.09772989153862,0.048781294375658035,0.11549213528633118,0.08952006697654724,0.07292405515909195,0.0738828107714653,0.21856558322906494,0.23737631738185883,0.12108311057090759,0.3372209966182709,0.10943595319986343,0.04698847234249115,0.3666645586490631,0.2893795073032379,0.07663484662771225,0.09219634532928467,0.11497586220502853,0.13388128578662872,0.17817829549312592,0.052565209567546844,0.42294222116470337,1.1179357767105103,0.5669714212417603,0.17954109609127045,0.32142114639282227,0.17227761447429657,0.1455383449792862,0.2386169731616974
AE448,0.666666667,0.444444444,1.0,0.37037037,0.518518519,0.111111111,0.62962963,0.074074074,0.259259259,0.074074074,0.407407407,0.259259259,0.074074074,0.37037037,0.148148148,0.222222222,0.074074074,0.0,0.0,0.0,0.0,0.0,0.074074074,0.0,0.111111111,0.037037037,0.148148148,0.0,0.185185185,0.074074074,0.185185185,0.0,0.0,0.111111111,0.0,0.037037037,0.0,0.111111111,0.0,0.148148148,0.111111111,0.0,0.0,0.111111111,0.259259259,0.0,0.592592593,0.0,0.222222222,0.296296296,0.0,0.9670847058296204,0.2176588773727417,0.6114814281463623,0.21723772585391998,0.3626905679702759,0.25971177220344543,0.9351813793182373,0.16594552993774414,1.1323363780975342,0.1589050143957138,0.604743242263794,0.51446133852005,0.09716513007879257,1.4993258714675903,0.09004614502191544,0.13145729899406433,0.003295288886874914,0.07452293485403061,0.060376182198524475,0.11470406502485275,0.25687846541404724,0.029340364038944244,0.07441440969705582,0.07019436359405518,0.0517151765525341,0.22638294100761414,0.04985278099775314,0.027643922716379166,0.08143526315689087,0.23409466445446014,0.3672802150249481,0.03198930248618126,0.08519785851240158,0.24697381258010864,0.010013097897171974,0.6490938663482666,0.13336564600467682,0.0025874185375869274,0.006328526418656111,0.05712289363145828,0.23285847902297974,0.14585982263088226,0.09119439870119095,0.24043436348438263,0.14935706555843353,0.2312561422586441,0.27273625135421753,0.0769372507929802,0.19248555600643158,0.3277559280395508,0.05745073780417442
AE539,0.107142857,0.0,0.178571429,0.178571429,0.214285714,0.0,0.428571429,0.25,0.285714286,0.0,0.357142857,0.107142857,0.0,0.357142857,0.0,0.071428571,0.0,0.0,0.0,0.285714286,0.392857143,0.071428571,0.107142857,0.0,0.0,0.0,0.0,0.071428571,0.0,0.214285714,0.285714286,0.107142857,0.142857143,0.392857143,0.428571429,0.357142857,0.857142857,0.464285714,0.178571429,0.285714286,0.107142857,0.428571429,0.571428571,0.107142857,0.214285714,0.5,0.0,0.392857143,0.214285714,0.0,0.142857143,0.4181381165981293,0.06198569014668465,0.43510007858276367,0.30382099747657776,0.3374331593513489,0.1473686844110489,0.256632924079895,0.1315271258354187,0.32231152057647705,0.10378815978765488,0.08794397860765457,0.08243847638368607,0.01731216162443161,0.6036553382873535,0.20135901868343353,0.1490533947944641,0.13822220265865326,0.09403336048126221,0.12076613306999207,0.38922303915023804,0.3367727994918823,0.1219705268740654,0.26593509316444397,0.10558928549289703,0.04938296228647232,0.14073656499385834,0.12162706255912781,0.08689437806606293,0.07797936350107193,0.1770048439502716,0.20752280950546265,0.14170871675014496,0.1889919638633728,0.4679912328720093,0.08697101473808289,0.7246716618537903,0.4388342797756195,0.21611255407333374,0.07128195464611053,0.27422577142715454,0.21773771941661835,0.17987565696239471,0.26119256019592285,0.16815067827701569,0.19272981584072113,0.2903105914592743,0.181053027510643,0.15963733196258545,0.248235285282135,0.18517184257507324,0.21097439527511597
AE645,0.178571429,0.0,0.214285714,0.0,0.178571429,0.0,0.0,0.0,0.107142857,0.071428571,0.035714286,0.035714286,0.0,0.142857143,0.071428571,0.071428571,0.071428571,0.0,0.0,0.071428571,0.071428571,0.071428571,0.0,0.107142857,0.0,0.0,0.214285714,0.25,0.5,0.214285714,0.5,0.142857143,0.0,0.142857143,0.107142857,0.214285714,0.5,0.0,0.535714286,0.892857143,0.214285714,0.357142857,0.178571429,0.25,0.25,0.964285714,0.642857143,3.071428571,0.142857143,0.142857143,0.25,0.2937372326850891,0.05353720486164093,0.39880576729774475,0.2712939381599426,0.401199072599411,0.23475396633148193,0.44930726289749146,0.21224717795848846,0.4963161051273346,0.13841469585895538,0.14540192484855652,0.22008559107780457,0.03566773235797882,0.7876424789428711,0.3219514489173889,0.17125283181667328,0.18905065953731537,0.17666734755039215,0.08592411130666733,0.16523048281669617,0.2007179856300354,0.044093672186136246,0.11887560784816742,0.09254781901836395,0.05610274896025658,0.11911403387784958,0.24137327075004578,0.10051029920578003,0.09223303943872452,0.32833248376846313,0.2664394676685333,0.0838625505566597,0.10185834765434265,0.20514129102230072,0.057226184755563736,0.45827603340148926,0.2182009518146515,0.028496839106082916,0.11965774744749069,0.23153278231620789,0.213097482919693,0.19498668611049652,0.2070987969636917,0.5307636857032776,0.5795536637306213,0.5769802331924438,0.29342716932296753,1.575960397720337,0.2131807804107666,0.16251355409622192,0.15775829553604126
AE755,0.111111111,0.0,0.074074074,0.0,0.185185185,0.0,0.0,0.0,0.074074074,0.0,0.0,0.0,0.0,0.259259259,0.037037037,0.0,0.0,0.074074074,0.0,1.37037037,2.074074074,0.074074074,0.703703704,0.259259259,0.111111111,0.0,0.111111111,0.296296296,0.074074074,0.111111111,0.111111111,0.0,0.037037037,0.0,0.037037037,0.222222222,0.074074074,0.0,0.0,0.0,0.074074074,0.0,0.259259259,0.296296296,0.259259259,0.222222222,0.185185185,2.666666667,0.148148148,0.0,0.037037037,0.3013966977596283,0.014936679042875767,0.27030089497566223,0.20350153744220734,0.28603845834732056,0.16361643373966217,0.15599285066127777,0.1615195870399475,0.4280227720737457,0.10522542148828506,0.07327400147914886,0.15280917286872864,0.028119629248976707,0.8364347815513611,0.263693243265152,0.2918245196342468,0.19894875586032867,0.1212109923362732,0.12193815410137177,0.5805240869522095,0.6409498453140259,0.05346402898430824,0.5477150082588196,0.11475303024053574,0.0629345253109932,0.07603839039802551,0.13808320462703705,0.2003127932548523,0.15341363847255707,0.20144271850585938,0.1988665908575058,0.029923129826784134,0.10082286596298218,0.484370619058609,0.09762795269489288,0.330278217792511,0.24876469373703003,0.05734773725271225,0.00966936256736517,0.03655387461185455,0.18889659643173218,0.16090911626815796,0.06239442527294159,0.43283340334892273,0.42904576659202576,0.6114688515663147,0.34025847911834717,0.6495171189308167,0.23991850018501282,0.13053011894226074,0.10811959952116013
AE929,0.185185185,0.0,0.222222222,0.444444444,0.259259259,0.111111111,0.0,0.111111111,0.518518519,0.0,0.111111111,0.333333333,0.148148148,0.481481481,0.148148148,0.222222222,0.148148148,0.074074074,0.0,0.0,0.0,0.0,0.111111111,0.0,0.074074074,0.111111111,0.222222222,0.222222222,0.407407407,0.148148148,0.37037037,0.148148148,0.0,0.111111111,0.0,0.777777778,0.37037037,0.0,0.592592593,0.444444444,0.0,0.0,0.111111111,1.222222222,0.814814815,0.518518519,0.333333333,0.962962963,0.481481481,0.074074074,0.222222222,0.46190008521080017,0.10053569823503494,0.6383129954338074,0.39678052067756653,0.43353015184402466,0.2166011482477188,0.3785416781902313,0.3092396557331085,0.47834235429763794,0.14004923403263092,0.14328624308109283,0.37553128600120544,0.06429895758628845,0.8031742572784424,0.28981804847717285,0.2662166357040405,0.15674042701721191,0.08346483111381531,0.06302490830421448,0.12249994277954102,0.2129862755537033,0.04617459326982498,0.10966815799474716,0.0990528091788292,0.07104478776454926,0.2910752296447754,0.14724081754684448,0.0807596892118454,0.1368623822927475,0.23931419849395752,0.30021145939826965,0.06726015359163284,0.14103329181671143,0.13784420490264893,0.049320388585329056,0.6641044616699219,0.13937729597091675,0.039446696639060974,0.14406077563762665,0.17197826504707336,0.5019863843917847,0.19174426794052124,0.11460026353597641,1.0358548164367676,1.018442988395691,0.4806200861930847,0.14461179077625275,0.534151017665863,0.28633689880371094,0.17088082432746887,0.18663886189460754
AG069,0.166666667,0.0,0.066666667,0.133333333,0.0,0.0,0.0,0.0,0.066666667,0.0,0.066666667,0.1,0.1,0.7,0.166666667,0.266666667,0.0,0.033333333,0.0,0.0,0.266666667,0.0,0.1,0.0,0.0,0.0,0.733333333,1.3,1.5,0.3,0.1,0.233333333,0.0,0.033333333,0.066666667,0.133333333,0.0,0.0,0.166666667,0.033333333,0.0,0.0,0.0,0.0,0.2,0.033333333,0.0,0.166666667,0.0,0.0,0.0,0.33186808228492737,0.10265938937664032,0.27921950817108154,0.19315403699874878,0.21047398447990417,0.025763550773262978,0.46949246525764465,0.2890201807022095,0.9770156145095825,0.21355482935905457,0.4367382228374481,0.48969709873199463,0.28996387124061584,1.354996681213379,0.38954809308052063,0.5207446217536926,0.1014535054564476,0.06644582748413086,0.011747137643396854,0.1560065746307373,0.21655668318271637,0.059161219745874405,0.14672969281673431,0.07789050042629242,0.05927577614784241,0.17061543464660645,0.5351219773292542,0.1325625330209732,0.5997214913368225,0.2732487916946411,0.2781064808368683,0.14718860387802124,0.1609920859336853,0.07740575820207596,0.06326856464147568,0.4884621500968933,0.14661532640457153,0.01915869489312172,0.24318243563175201,0.3141568899154663,0.14920563995838165,0.1357252597808838,0.04057510197162628,0.23066222667694092,0.04148430749773979,0.10216302424669266,0.06269577890634537,0.14191024005413055,0.17751525342464447,0.09863712638616562,0.08206187933683395
AG247,0.933333333,0.066666667,0.566666667,0.066666667,0.0,0.133333333,0.9,0.133333333,0.833333333,0.1,0.433333333,0.133333333,0.366666667,0.6,0.3,0.233333333,0.266666667,0.0,0.0,0.3,0.0,0.1,0.0,0.0,0.0,0.0,0.0,0.0,0.0,0.166666667,0.333333333,0.3,0.8,0.1,0.233333333,0.566666667,0.666666667,0.133333333,0.1,0.433333333,0.1,0.0,0.0,0.066666667,0.133333333,0.6,0.133333333,0.133333333,0.066666667,0.0,0.2,0.4963127374649048,0.042974334210157394,0.7666004300117493,0.513643205165863,0.6158963441848755,0.3817249834537506,0.6414404511451721,0.3281971514225006,0.6865512132644653,0.16252467036247253,0.2711767852306366,0.21701551973819733,0.06579854339361191,1.054701328277588,0.3119453191757202,0.3192247450351715,0.3566279709339142,0.12006983906030655,0.1018889844417572,0.35290616750717163,0.4485144317150116,0.0695844292640686,0.3221169114112854,0.14446958899497986,0.04927130788564682,0.14555025100708008,0.07260126620531082,0.03352591395378113,0.08169060200452805,0.2107861340045929,0.18607626855373383,0.10574425756931305,0.12516845762729645,0.3482034206390381,0.08206342905759811,0.7176769375801086,0.13100093603134155,0.04606321454048157,0.014323580078780651,0.18298876285552979,0.14824150502681732,0.17476511001586914,0.07365462183952332,0.24592545628547668,0.3581901490688324,0.3838687241077423,0.15959207713603973,0.34545817971229553,0.19555556774139404,0.16431483626365662,0.10366706550121307
AG298,0.3,0.066666667,0.166666667,0.0,0.333333333,0.1,0.0,0.0,0.1,0.066666667,0.066666667,0.066666667,0.0,0.8,0.533333333,0.5,0.166666667,0.266666667,0.233333333,0.7,1.233333333,0.266666667,1.433333333,0.033333333,0.2,0.0,0.833333333,0.466666667,0.366666667,0.2,0.0,0.133333333,0.0,0.166666667,0.033333333,0.266666667,0.233333333,0.0,0.033333333,0.033333333,0.0,0.166666667,0.066666667,0.0,0.0,0.0,0.0,0.2,0.0,0.0,0.0,0.41599082946777344,0.023717476055026054,0.3767949044704437,0.16492457687854767,0.3061583936214447,0.03012274019420147,0.22767102718353271,0.28684717416763306,0.8592378497123718,0.15936711430549622,0.304339200258255,0.3872836232185364,0.11054006218910217,1.2460922002792358,0.3696669340133667,0.5339058041572571,0.30315884947776794,0.09089447557926178,0.024908965453505516,0.2823115587234497,0.4444117546081543,0.030640289187431335,0.38424915075302124,0.07234218716621399,0.05326114967465401,0.05987351015210152,0.2854892313480377,0.06102684512734413,0.1165611669421196,0.2716350257396698,0.3399803936481476,0.04201976954936981,0.08991315215826035,0.32690268754959106,0.30966246128082275,0.4619324207305908,0.09612101316452026,0.003928767517209053,0.0008306389208883047,0.27606555819511414,0.15478256344795227,0.17454424500465393,0.026619208976626396,0.21496759355068207,0.11485528200864792,0.18669790029525757,0.13436245918273926,0.264568030834198,0.17698244750499725,0.12463703751564026,0.10006283968687057
AG570,0.133333333,0.033333333,0.2,0.033333333,0.1,0.0,0.266666667,0.0,0.233333333,0.0,0.0,0.2,0.1,0.5,0.1,0.233333333,0.066666667,0.7,0.866666667,1.0,0.666666667,0.833333333,0.8,0.366666667,0.0,0.0,0.0,0.0,0.0,0.5,0.266666667,0.9,0.666666667,0.3,0.166666667,0.033333333,0.333333333,0.033333333,0.1,0.4,0.433333333,0.066666667,0.7,0.0,0.0,0.3,0.0,0.0,0.0,0.0,0.0,0.1908433437347412,0.018490007147192955,0.24265986680984497,0.2350320816040039,0.2238491326570511,0.05850869044661522,0.24269366264343262,0.19279374182224274,0.3131660223007202,0.14602477848529816,0.0683659017086029,0.0919366180896759,0.0117765162140131,0.4669450521469116,0.25985977053642273,0.19674594700336456,0.28856801986694336,0.35228562355041504,0.4980369210243225,0.7357906699180603,0.4151107370853424,0.3593144714832306,0.28115028142929077,0.1012590080499649,0.05304710194468498,0.11781086027622223,0.06583311408758163,0.05371452867984772,0.12698587775230408,0.23306052386760712,0.281719446182251,0.4343331456184387,0.5710063576698303,0.2047456055879593,0.17436037957668304,0.3379993438720703,0.15806350111961365,0.14806675910949707,0.04846964403986931,0.41519269347190857,0.23228803277015686,0.23631565272808075,0.2813210189342499,0.17318153381347656,0.206365704536438,0.061916202306747437,0.045452650636434555,0.11185231059789658,0.18630287051200867,0.11383267492055893,0.0656789243221283
AH402,0.433333333,0.066666667,0.333333333,0.433333333,0.333333333,0.3,0.4,0.0,0.9,0.0,0.133333333,0.3,0.066666667,0.8,0.4,0.466666667,0.166666667,0.033333333,0.0,0.033333333,0.0,0.0,0.133333333,0.0,0.0,0.133333333,0.266666667,0.0,0.133333333,0.1,0.066666667,0.166666667,0.166666667,0.1,0.066666667,0.066666667,0.0,0.0,0.033333333,0.033333333,0.3,0.466666667,0.0,0.933333333,0.566666667,0.0,0.0,0.333333333,0.533333333,0.233333333,0.1,0.2940369248390198,0.0685700923204422,0.41754069924354553,0.4447175860404968,0.25625839829444885,0.1788657009601593,0.3200787305831909,0.26074638962745667,0.8878878355026245,0.14772391319274902,0.2552715539932251,0.2920355200767517,0.061500709503889084,1.0959645509719849,0.24751612544059753,0.33434271812438965,0.15695296227931976,0.07122030109167099,0.01475179847329855,0.09606065601110458,0.17756672203540802,0.043731365352869034,0.08046533912420273,0.07270874083042145,0.05321983993053436,0.0492226742208004,0.11866659671068192,0.04857787489891052,0.10641968995332718,0.2538721263408661,0.2697836756706238,0.08090534061193466,0.12718959152698517,0.06132897734642029,0.03605252504348755,0.3561707139015198,0.15141557157039642,0.05573122575879097,0.056474268436431885,0.24799831211566925,0.1821219027042389,0.15904687345027924,0.061903756111860275,0.8259328007698059,0.7109771370887756,0.4602894186973572,0.1343136876821518,0.5795060396194458,0.2553679943084717,0.11270644515752792,0.14764997363090515
AH666,0.166666667,0.0,0.333333333,0.0,0.366666667,0.166666667,0.433333333,0.233333333,0.933333333,0.166666667,0.066666667,0.5,0.066666667,1.0,0.3,0.633333333,0.266666667,0.0,0.0,0.066666667,0.233333333,0.0,0.133333333,0.0,0.0,0.166666667,0.166666667,0.066666667,0.366666667,0.066666667,0.3,0.066666667,0.133333333,0.0,0.0,0.266666667,0.166666667,0.0,0.033333333,0.133333333,0.1,0.4,0.1,0.533333333,0.066666667,0.0,0.0,0.133333333,0.166666667,0.0,0.0,0.3321722447872162,0.1873069405555725,0.37416911125183105,0.4533971846103668,0.24965089559555054,0.1053551584482193,0.5888519287109375,0.34536483883857727,1.0066522359848022,0.13978075981140137,0.3485861122608185,0.6510616540908813,0.17638051509857178,1.4858109951019287,0.6952223181724548,0.49692434072494507,0.8068334460258484,0.10669690370559692,0.1984528750181198,0.19683411717414856,0.26630261540412903,0.08394207805395126,0.24281951785087585,0.072628915309906,0.05433196201920509,0.12941767275333405,0.08801615983247757,0.05761076882481575,0.1915937066078186,0.25232526659965515,0.29675644636154175,0.20645016431808472,0.15560081601142883,0.09708984196186066,0.044214408844709396,0.4903222918510437,0.24320830404758453,0.05539562553167343,0.0762990191578865,0.21738219261169434,0.18554630875587463,0.16004754602909088,0.09678767621517181,0.5492275953292847,0.3530603051185608,0.22188700735569,0.09671633690595627,0.33506423234939575,0.2369242012500763,0.11329800635576248,0.13399948179721832
AJ003,0.066666667,0.0,0.233333333,0.0,0.2,0.0,0.2,0.5,1.2,0.0,0.133333333,0.033333333,0.1,1.933333333,0.266666667,0.8,0.666666667,0.566666667,0.233333333,0.3,0.166666667,0.766666667,0.133333333,0.233333333,0.0,0.1,0.233333333,0.0,0.4,0.0,0.033333333,0.0,0.1,0.0,0.0,0.166666667,0.033333333,0.166666667,0.0,0.666666667,0.066666667,0.066666667,0.0,0.666666667,0.066666667,0.233333333,0.0,0.433333333,0.2,0.0,0.1,0.2241557538509369,0.0606691911816597,0.2873873710632324,0.14909137785434723,0.22595956921577454,0.07619849592447281,0.20385774970054626,0.1661578267812729,0.550919771194458,0.13595005869865417,0.13177074491977692,0.13144302368164062,0.019621187821030617,0.9653719067573547,0.2689580023288727,0.2780846059322357,0.23124438524246216,0.20249666273593903,0.11820603162050247,0.327877938747406,0.2567225694656372,0.4550241231918335,0.2578375041484833,0.236700639128685,0.05252491682767868,0.13495352864265442,0.20296795666217804,0.0916173905134201,0.0987761989235878,0.45815402269363403,0.31868278980255127,0.39770936965942383,0.4194388687610626,0.1482633650302887,0.09017831832170486,0.32604679465293884,0.11325390636920929,0.10824519395828247,0.040171001106500626,0.37053462862968445,0.12423586845397949,0.14509446918964386,0.11207380145788193,0.1951877623796463,0.12203565239906311,0.3302280604839325,0.08047037571668625,0.30941471457481384,0.17718248069286346,0.13903670012950897,0.09418889880180359
AJ062,0.172413793,0.0,0.517241379,0.172413793,0.24137931,0.137931034,0.206896552,0.310344828,0.689655172,0.103448276,0.068965517,0.103448276,0.0,1.068965517,0.379310345,0.275862069,0.379310345,0.0,0.137931034,0.172413793,0.034482759,0.0,0.275862069,0.034482759,0.0,0.068965517,0.0,0.0,0.0,0.275862069,0.137931034,0.0,0.172413793,0.172413793,0.0,0.793103448,0.172413793,0.0,0.0,0.034482759,0.206896552,0.379310345,0.0,0.517241379,0.206896552,0.655172414,0.172413793,1.24137931,0.344827586,0.206896552,0.344827586,0.2167225033044815,0.03743020072579384,0.37634843587875366,0.23604536056518555,0.27554264664649963,0.07627654075622559,0.3092164993286133,0.3878883421421051,0.6423894762992859,0.11195405572652817,0.09681850671768188,0.1255977600812912,0.016196558251976967,1.1978291273117065,0.3695741593837738,0.3084999918937683,0.8036095499992371,0.5068547129631042,0.4847525656223297,0.4679354727268219,0.30685970187187195,0.4079170227050781,0.2683067321777344,0.23684151470661163,0.055683284997940063,0.18655750155448914,0.040227264165878296,0.0363229438662529,0.09501393139362335,0.1952710598707199,0.222443088889122,0.09111211448907852,0.23456592857837677,0.1606086790561676,0.027342667803168297,0.3397620618343353,0.1474425345659256,0.04508957639336586,0.005151544231921434,0.14431844651699066,0.16185452044010162,0.20288145542144775,0.0966435968875885,0.2526682913303375,0.17111918330192566,0.26717498898506165,0.11891791224479675,0.41348448395729065,0.19272691011428833,0.23501889407634735,0.0820292979478836
AJ334,1.3,0.133333333,0.6,0.0,0.566666667,0.1,0.333333333,0.033333333,0.4,0.0,0.2,0.066666667,0.066666667,0.933333333,0.1,0.2,0.066666667,0.0,0.0,0.0,0.033333333,0.0,0.1,0.266666667,0.0,1.833333333,0.066666667,0.0,0.1,0.133333333,0.1,0.0,0.0,0.466666667,0.0,1.033333333,0.0,0.0,0.0,0.0,0.266666667,0.2,0.166666667,0.0,0.033333333,0.033333333,0.0,0.0,0.1,0.233333333,0.333333333,0.1935102790594101,0.10643009841442108,0.23720566928386688,0.27439969778060913,0.2859460711479187,0.08382479101419449,0.42325782775878906,0.2774944603443146,0.6120666861534119,0.1699977070093155,0.27240705490112305,0.19792798161506653,0.07131608575582504,1.0296399593353271,0.3225598633289337,0.4032696783542633,0.14803826808929443,0.0933290645480156,0.01988254301249981,0.13197149336338043,0.21589542925357819,0.04007074981927872,0.1766263246536255,0.08499571681022644,0.1296832263469696,0.35563990473747253,0.36497437953948975,0.20193059742450714,0.5570054650306702,0.32208380103111267,0.2718571126461029,0.08234154433012009,0.10643336176872253,0.13781684637069702,0.06179855018854141,0.6320320963859558,0.31462782621383667,0.06932395696640015,0.21212007105350494,0.17523755133152008,0.17070795595645905,0.16013747453689575,0.12464933097362518,0.5602478384971619,0.2700313925743103,0.3541450500488281,0.1311820149421692,0.26195910573005676,0.2788100838661194,0.11464525014162064,0.12274962663650513
AJ647,0.034482759,0.0,0.034482759,0.0,0.344827586,0.0,0.0,0.0,0.172413793,0.0,0.0,0.0,0.0,0.482758621,0.275862069,0.137931034,0.206896552,0.24137931,0.0,2.172413793,2.517241379,0.103448276,2.275862069,0.275862069,0.0,0.0,0.068965517,0.482758621,0.344827586,0.0,0.0,0.0,0.103448276,0.137931034,0.24137931,0.172413793,0.0,0.0,0.0,0.0,0.103448276,0.068965517,0.0,0.0,0.0,0.0,0.0,0.0,0.0,0.103448276,0.0,0.4822348654270172,0.08156919479370117,0.4659543037414551,0.35866793990135193,0.35388725996017456,0.08577478677034378,0.27831536531448364,0.21915076673030853,0.9245467185974121,0.14556163549423218,0.23963497579097748,0.2886069715023041,0.041438113898038864,1.2888636589050293,0.24400298297405243,0.2626364827156067,0.2579124867916107,0.10475512593984604,0.08523274213075638,0.372245192527771,0.42448723316192627,0.13066062331199646,0.41734766960144043,0.10035578906536102,0.0514465756714344,0.10506296902894974,0.04058896005153656,0.03210436552762985,0.06221555545926094,0.25963541865348816,0.25045204162597656,0.05298944562673569,0.09377254545688629,0.303409218788147,0.10746441781520844,0.715919554233551,0.2037731409072876,0.1383724808692932,0.08870446681976318,0.11566027998924255,0.25123119354248047,0.16995708644390106,0.16301995515823364,0.15937229990959167,0.1805942803621292,0.2694590091705322,0.10521116107702255,0.27585649490356445,0.26938021183013916,0.1687932163476944,0.1340806484222412
AK135,0.433333333,0.1,0.433333333,0.0,0.166666667,0.5,0.666666667,0.566666667,0.666666667,1.4,0.1,0.066666667,0.0,1.1,0.0,0.066666667,0.066666667,0.133333333,0.0,0.166666667,0.1,0.0,0.0,0.0,0.0,0.1,0.0,0.0,0.066666667,0.233333333,0.166666667,0.0,0.0,0.1,0.033333333,0.566666667,0.266666667,0.0,0.0,0.0,0.033333333,0.166666667,0.0,0.466666667,0.0,0.466666667,0.833333333,0.433333333,0.3,0.366666667,0.333333333,0.3865506947040558,0.1263713240623474,0.36674171686172485,0.1511610597372055,0.3132927715778351,0.1620485633611679,0.4148373603820801,0.26987624168395996,0.8292719721794128,0.34461167454719543,0.2860720753669739,0.2300487458705902,0.05552595108747482,1.5766971111297607,0.3725058138370514,0.3503345847129822,0.1910596489906311,0.06595275551080704,0.06267246603965759,0.16406282782554626,0.30111369490623474,0.023502713069319725,0.1519985795021057,0.09968478232622147,0.05273532122373581,0.17183136940002441,0.10267224907875061,0.07614351063966751,0.19378447532653809,0.3879096210002899,0.3245185613632202,0.021339498460292816,0.0963083878159523,0.12655630707740784,0.027388790622353554,0.2936376929283142,0.19196026027202606,0.009288658387959003,0.027252260595560074,0.11104410141706467,0.14761295914649963,0.13841404020786285,0.095345139503479,0.24725979566574097,0.15814311802387238,0.4142019748687744,0.11414959281682968,0.3668903708457947,0.1917227804660797,0.14860457181930542,0.1378389149904251
AK723,0.366666667,0.066666667,0.066666667,0.0,0.066666667,0.0,0.166666667,0.166666667,1.233333333,0.2,0.4,0.033333333,0.1,2.5,1.2,1.266666667,1.166666667,0.133333333,0.066666667,0.333333333,0.9,0.0,0.633333333,0.2,0.1,0.366666667,0.4,0.633333333,0.2,0.466666667,0.0,0.0,0.0,0.0,0.0,0.0,0.066666667,0.0,0.0,0.0,0.0,0.133333333,0.0,0.0,0.0,0.5,0.0,0.3,0.166666667,0.0,0.133333333,0.44659408926963806,0.11494556814432144,0.37874162197113037,0.1529725044965744,0.19246700406074524,0.16229501366615295,0.4569786489009857,0.18572305142879486,0.9313730001449585,0.872786283493042,0.264411062002182,0.19905538856983185,0.05012061074376106,1.3371570110321045,0.301171213388443,0.24323217570781708,0.24246712028980255,0.06595885753631592,0.04227941110730171,0.1576063334941864,0.23158976435661316,0.05446545034646988,0.21758437156677246,0.12106101959943771,0.04941744729876518,0.21593891084194183,0.08047867566347122,0.0591491237282753,0.16627855598926544,0.5420528054237366,0.29049932956695557,0.05015181377530098,0.1457546502351761,0.16855718195438385,0.034378353506326675,0.3569532036781311,0.15641634166240692,0.04935998469591141,0.03974391892552376,0.08053003996610641,0.12330321967601776,0.13937167823314667,0.06898093968629837,0.24677205085754395,0.16139398515224457,0.6642000675201416,0.1336909383535385,0.36519190669059753,0.18959540128707886,0.11412616074085236,0.19293789565563202
AK814,0.4,0.0,0.6,0.0,0.266666667,0.233333333,0.933333333,0.366666667,1.8,0.5,0.166666667,0.333333333,0.033333333,1.6,0.133333333,0.166666667,0.066666667,0.0,0.0,0.0,0.0,0.0,0.4,0.0,0.0,0.433333333,0.0,0.0,0.0,0.133333333,0.233333333,0.0,0.0,0.166666667,0.0,0.733333333,0.1,0.0,0.0,0.0,0.1,0.233333333,0.0,0.266666667,0.0,0.4,0.266666667,0.133333333,0.666666667,0.4,0.166666667,0.39029228687286377,0.14880043268203735,0.40659329295158386,0.17660705745220184,0.2751007676124573,0.181990385055542,0.5859475135803223,0.2407747209072113,1.1073566675186157,0.5729594826698303,0.29792898893356323,0.3008984625339508,0.060017455369234085,1.2289587259292603,0.24943378567695618,0.22042278945446014,0.15033578872680664,0.07853537797927856,0.04723789170384407,0.10568864643573761,0.20347711443901062,0.030284425243735313,0.1175074353814125,0.08943737298250198,0.05947495996952057,0.18603423237800598,0.06345582008361816,0.051723551005125046,0.17412100732326508,0.30860719084739685,0.2973950505256653,0.016306443139910698,0.07462485134601593,0.1393905133008957,0.02115153707563877,0.4539116621017456,0.1871463805437088,0.011127525940537453,0.032015908509492874,0.07091999799013138,0.14724873006343842,0.14791783690452576,0.07575668394565582,0.2717251479625702,0.18453508615493774,0.47299471497535706,0.17164447903633118,0.4538746774196625,0.23335985839366913,0.1598568558692932,0.14449670910835266
AK971,0.2,0.0,0.266666667,0.133333333,0.233333333,0.033333333,0.366666667,0.266666667,0.4,0.066666667,0.0,0.0,0.0,0.9,0.2,0.166666667,0.066666667,0.0,0.0,0.1,0.133333333,0.0,0.4,0.0,0.066666667,0.3,0.233333333,0.066666667,0.8,0.233333333,0.333333333,0.0,0.0,0.366666667,0.0,1.7,0.633333333,0.0,0.1,0.466666667,0.1,0.3,0.3,0.366666667,0.1,0.466666667,0.433333333,0.4,0.166666667,0.066666667,0.1,0.4423811137676239,0.17788241803646088,0.47612056136131287,0.17487548291683197,0.2766580283641815,0.1793844997882843,0.5065011382102966,0.206329807639122,1.0168845653533936,0.5855822563171387,0.23750479519367218,0.2238396853208542,0.04088779538869858,1.185412049293518,0.3147013187408447,0.2450791895389557,0.1731490045785904,0.07773192226886749,0.04037472605705261,0.1081860139966011,0.24077126383781433,0.032094646245241165,0.18541668355464935,0.10942231118679047,0.048857156187295914,0.1919584572315216,0.03274795040488243,0.06532851606607437,0.1624244749546051,0.31634679436683655,0.26065772771835327,0.010192286223173141,0.0809214860200882,0.2086939662694931,0.037797555327415466,0.48695874214172363,0.21409083902835846,0.0021270480938255787,0.03497407212853432,0.06470850855112076,0.1396111249923706,0.15090511739253998,0.09320168942213058,0.24573223292827606,0.18074534833431244,0.5152887105941772,0.17987565696239471,0.372415155172348,0.23127007484436035,0.15737369656562805,0.1417756825685501
AK977,0.066666667,0.0,0.3,0.333333333,0.366666667,0.0,0.366666667,0.3,0.533333333,0.0,0.133333333,0.166666667,0.1,1.033333333,0.733333333,0.366666667,0.366666667,0.033333333,0.0,0.033333333,0.266666667,0.033333333,0.133333333,0.0,0.166666667,0.066666667,0.1,0.0,0.0,0.2,0.066666667,0.0,0.0,0.066666667,0.0,0.4,0.0,0.0,0.0,0.0,0.5,0.3,0.0,1.5,0.6,0.266666667,0.2,0.7,0.833333333,0.233333333,0.133333333,0.31485074758529663,0.0550495944917202,0.43211492896080017,0.43964067101478577,0.3333953022956848,0.13074763119220734,0.26555150747299194,0.2389095425605774,0.4621049165725708,0.09803534299135208,0.06430836766958237,0.09814255684614182,0.01443957258015871,1.3884491920471191,0.3506086468696594,0.27441805601119995,0.2984156012535095,0.1095462441444397,0.12418524920940399,0.4516502320766449,0.2743886411190033,0.26615476608276367,0.1703859269618988,0.06236914172768593,0.0481635183095932,0.10607706010341644,0.04776427522301674,0.02594759501516819,0.05894085764884949,0.20176900923252106,0.20784606039524078,0.07614251226186752,0.38064491748809814,0.14665740728378296,0.031051715835928917,0.4207666218280792,0.11211780458688736,0.03971264138817787,0.03327438607811928,0.06128128990530968,0.20570240914821625,0.14708618819713593,0.10608810931444168,0.2946866452693939,0.4259336292743683,0.3345155119895935,0.1029752865433693,0.2189776748418808,0.21438263356685638,0.15189968049526215,0.10586269944906235
AK983,0.433333333,0.1,0.266666667,0.1,0.1,0.0,0.1,0.433333333,1.333333333,0.0,0.5,0.3,0.0,1.8,0.2,0.433333333,0.033333333,0.033333333,0.033333333,0.0,0.633333333,0.0,0.366666667,0.266666667,0.1,0.133333333,0.433333333,0.1,0.0,0.433333333,0.0,0.0,0.0,0.0,0.166666667,0.566666667,0.0,0.733333333,0.0,0.533333333,0.0,0.0,0.0,0.366666667,0.066666667,0.1,0.166666667,0.133333333,0.033333333,0.1,0.166666667,0.6297468543052673,0.15493285655975342,0.4134376645088196,0.14314326643943787,0.30449581146240234,0.10336607694625854,0.3483063578605652,0.1947564333677292,0.8142486810684204,0.29897961020469666,0.2419423907995224,0.20884659886360168,0.08097250759601593,1.1561108827590942,0.263561487197876,0.2272646576166153,0.11831733584403992,0.08199547231197357,0.1860600709915161,0.26618126034736633,0.3794788122177124,0.31411978602409363,0.23887954652309418,0.1577794998884201,0.05196886137127876,0.2746336758136749,0.19484825432300568,0.13207951188087463,0.14289994537830353,0.33299264311790466,0.24625544250011444,0.2700938880443573,0.3191313147544861,0.19189952313899994,0.09399866312742233,0.39356815814971924,0.13364630937576294,0.13291819393634796,0.01999777741730213,0.31144171953201294,0.1834382861852646,0.14052511751651764,0.10139480978250504,0.15852315723896027,0.12222839891910553,0.3483172655105591,0.13509929180145264,0.19382378458976746,0.20917250216007233,0.21163806319236755,0.17904707789421082
AL402,1.066666667,0.0,0.366666667,0.1,0.666666667,0.333333333,0.633333333,0.2,0.933333333,0.3,0.166666667,0.066666667,0.0,0.433333333,0.066666667,0.133333333,0.166666667,0.1,0.166666667,0.766666667,0.633333333,0.233333333,0.533333333,0.066666667,0.0,0.266666667,0.0,0.0,0.0,0.466666667,0.3,0.0,0.033333333,0.233333333,0.166666667,0.6,0.3,0.233333333,0.0,0.2,0.3,0.133333333,0.0,0.1,0.133333333,0.3,0.4,0.2,0.166666667,0.233333333,0.166666667,0.643901526927948,0.10409767925739288,0.5152527689933777,0.29329100251197815,0.5824583172798157,0.1599396914243698,0.2348773330450058,0.09676866233348846,0.47500914335250854,0.13493947684764862,0.08757239580154419,0.08570587635040283,0.009340163320302963,0.5454451441764832,0.1666518598794937,0.11919432878494263,0.1834964007139206,0.07155540585517883,0.12557046115398407,0.5996776819229126,0.7212098240852356,0.03233528509736061,0.7139139771461487,0.0728178545832634,0.04494519904255867,0.24053356051445007,0.04433223232626915,0.08795271813869476,0.05068015307188034,0.24266478419303894,0.21799802780151367,0.06418291479349136,0.09999695420265198,0.413226842880249,0.15012557804584503,0.8412423133850098,0.1568412333726883,0.12616731226444244,0.045246440917253494,0.09982308745384216,0.2572367787361145,0.15926294028759003,0.0764191597700119,0.12021272629499435,0.12924723327159882,0.19498100876808167,0.12834584712982178,0.11469218879938126,0.22379444539546967,0.17641949653625488,0.09894072264432907
AL454,0.366666667,0.0,0.533333333,0.133333333,0.533333333,0.2,0.733333333,0.366666667,0.866666667,0.433333333,0.0,0.0,0.0,1.166666667,0.366666667,0.433333333,0.133333333,0.0,0.0,0.166666667,0.333333333,0.0,0.466666667,0.433333333,0.266666667,0.433333333,0.0,0.133333333,0.233333333,0.433333333,0.233333333,0.0,0.0,0.2,0.066666667,0.933333333,0.8,0.5,0.066666667,0.1,0.2,0.266666667,0.033333333,0.1,0.166666667,1.0,0.266666667,0.333333333,0.033333333,0.0,0.133333333,0.6351068615913391,0.11283224821090698,0.6868078112602234,0.270291268825531,0.6521249413490295,0.2685079276561737,0.5844365954399109,0.17512233555316925,0.6675199866294861,0.2900812029838562,0.19305047392845154,0.16156402230262756,0.07376360893249512,1.0495450496673584,0.1982332170009613,0.21885985136032104,0.20301474630832672,0.08452310413122177,0.03177042677998543,0.23664410412311554,0.3714100122451782,0.035968292504549026,0.21771709620952606,0.07853460311889648,0.0459568090736866,0.27238020300865173,0.030393002554774284,0.04416614770889282,0.0751429870724678,0.2840102016925812,0.22115084528923035,0.018908757716417313,0.1050010621547699,0.24394765496253967,0.08381520956754684,0.9951991438865662,0.4194771945476532,0.09870196878910065,0.04137991741299629,0.08996276557445526,0.21113541722297668,0.15419648587703705,0.15711352229118347,0.13900192081928253,0.12090663611888885,0.4218738079071045,0.17994888126850128,0.15113498270511627,0.28840070962905884,0.19768863916397095,0.14237341284751892
AL520,0.2,0.0,0.5,0.0,0.3,0.066666667,0.466666667,0.0,0.633333333,0.0,0.0,0.0,0.0,0.466666667,0.133333333,0.266666667,0.033333333,0.0,0.066666667,0.3,0.2,0.366666667,0.1,0.133333333,0.0,0.133333333,0.0,0.0,0.133333333,0.366666667,0.066666667,0.5,0.5,0.366666667,0.1,1.2,0.6,1.433333333,0.433333333,0.9,0.133333333,0.0,0.166666667,0.0,0.033333333,0.433333333,0.1,0.033333333,0.066666667,0.466666667,0.433333333,0.42214128375053406,0.12605281174182892,0.42975395917892456,0.2168051153421402,0.3508010506629944,0.22271540760993958,0.35429367423057556,0.06855098903179169,0.4386896789073944,0.2219398319721222,0.1784614771604538,0.09212814271450043,0.05291280522942543,0.5401563048362732,0.16406932473182678,0.1004081442952156,0.16577091813087463,0.10690769553184509,0.19795651733875275,0.41922956705093384,0.6807997822761536,0.08470555394887924,0.28658390045166016,0.11493995040655136,0.04592829570174217,0.23109225928783417,0.03162184730172157,0.05866968631744385,0.11980784684419632,0.32062071561813354,0.26240089535713196,0.1819027066230774,0.20133592188358307,0.3090173602104187,0.20242558419704437,0.608140230178833,0.49412456154823303,0.34422382712364197,0.07877745479345322,0.33035895228385925,0.25730055570602417,0.14955046772956848,0.1497914344072342,0.12355167418718338,0.13064858317375183,0.20814745128154755,0.1021282970905304,0.05495119467377663,0.2065996527671814,0.19245871901512146,0.10564222186803818
AL790,0.6,0.1,0.533333333,0.0,0.5,0.066666667,0.433333333,0.233333333,0.5,0.0,0.166666667,0.333333333,0.0,0.6,0.1,0.1,0.2,0.266666667,0.066666667,0.533333333,0.966666667,0.3,0.133333333,0.1,0.0,0.266666667,0.0,0.0,0.266666667,0.2,0.333333333,0.066666667,0.2,0.366666667,0.1,0.8,0.0,0.1,0.0,0.466666667,0.266666667,0.333333333,0.0,0.1,0.0,0.333333333,0.0,0.4,0.133333333,0.433333333,0.066666667,0.5050014853477478,0.15158940851688385,0.572012186050415,0.3892723023891449,0.3180934488773346,0.09147311002016068,0.33413705229759216,0.18102096021175385,0.8189266920089722,0.16513051092624664,0.199635311961174,0.18380877375602722,0.03580004349350929,1.0035964250564575,0.2294299453496933,0.2807340919971466,0.19736021757125854,0.07835283130407333,0.04944422468543053,0.211965411901474,0.27620649337768555,0.07384646683931351,0.20237232744693756,0.07022927701473236,0.04882355034351349,0.11659976094961166,0.026324661448597908,0.05359591543674469,0.05294531583786011,0.349745512008667,0.25927531719207764,0.02576233446598053,0.11544058471918106,0.17181405425071716,0.05145691707730293,0.5469573140144348,0.11965803056955338,0.046441543847322464,0.03644530847668648,0.12056056410074234,0.11943774670362473,0.14336317777633667,0.11253634095191956,0.14155422151088715,0.24244171380996704,0.26177075505256653,0.14971695840358734,0.18546336889266968,0.1619705855846405,0.16712355613708496,0.08110953122377396
AL973,1.3,0.0,0.433333333,0.1,0.033333333,0.1,0.4,0.2,0.766666667,0.0,0.133333333,0.0,0.0,0.666666667,0.133333333,0.133333333,0.0,0.0,0.066666667,0.0,0.066666667,0.1,0.5,0.0,0.0,0.5,0.133333333,0.0,0.066666667,0.166666667,0.1,0.166666667,0.033333333,0.433333333,0.1,1.433333333,0.666666667,0.366666667,0.1,0.666666667,0.5,0.366666667,0.533333333,0.166666667,0.066666667,0.333333333,0.133333333,0.0,0.4,0.233333333,0.433333333,0.8801626563072205,0.2107708752155304,0.5063624978065491,0.31625398993492126,0.5103416442871094,0.1713230311870575,0.39219382405281067,0.15067267417907715,0.462126225233078,0.21100828051567078,0.1353251338005066,0.19316813349723816,0.010325735434889793,0.7336415648460388,0.17312587797641754,0.10404936969280243,0.21719160676002502,0.08674875646829605,0.10780011117458344,0.3438274562358856,0.5357435941696167,0.052205003798007965,0.42411550879478455,0.08918236941099167,0.04485325142741203,0.1864234358072281,0.030318129807710648,0.045458968728780746,0.03772996738553047,0.2647945284843445,0.2546764016151428,0.0789944976568222,0.10492879152297974,0.3267970085144043,0.1540473848581314,0.8622822761535645,0.21590113639831543,0.16682946681976318,0.04454372823238373,0.2114342749118805,0.2781679332256317,0.17577241361141205,0.1441374123096466,0.1392919421195984,0.12779146432876587,0.24569953978061676,0.11758948117494583,0.06407298892736435,0.33020833134651184,0.20962026715278625,0.19374898076057434
AM435,0.4,0.0,1.1,1.433333333,0.833333333,0.433333333,0.2,0.566666667,0.833333333,0.2,0.166666667,0.066666667,0.0,1.466666667,0.433333333,0.633333333,0.433333333,0.166666667,0.1,0.2,0.0,0.066666667,0.166666667,0.066666667,0.0,0.0,0.0,0.0,0.0,0.3,0.3,0.2,0.166666667,0.233333333,0.0,0.733333333,0.033333333,0.0,0.0,0.0,0.533333333,0.066666667,0.0,0.266666667,0.933333333,0.666666667,0.133333333,0.566666667,0.166666667,0.2,0.166666667,0.5699530243873596,0.07020174711942673,0.9651952981948853,0.42353445291519165,0.6794256567955017,0.3997272253036499,0.5895736217498779,0.3045220375061035,0.8468267917633057,0.17943091690540314,0.2858666181564331,0.24659742414951324,0.0837261825799942,1.3316408395767212,0.2132553905248642,0.2738568186759949,0.2482084333896637,0.1135147213935852,0.04109127074480057,0.1782403588294983,0.21822389960289001,0.04974783584475517,0.07141526788473129,0.06969533860683441,0.05026295781135559,0.1254395991563797,0.016584616154432297,0.03337782248854637,0.04140319302678108,0.21576987206935883,0.23330219089984894,0.049872975796461105,0.15681816637516022,0.10017644613981247,0.043806042522192,0.5419614911079407,0.04986179247498512,0.018679862841963768,0.007673041895031929,0.03778153657913208,0.1351066529750824,0.13954345881938934,0.03795430064201355,0.21680104732513428,0.3963715434074402,0.27728506922721863,0.14711894094944,0.11226961016654968,0.2106347680091858,0.1520930677652359,0.09164806455373764
AM940,0.4,0.2,0.766666667,0.333333333,0.233333333,0.433333333,0.4,0.0,0.8,0.133333333,0.633333333,0.333333333,0.133333333,0.9,0.133333333,0.1,0.066666667,0.1,0.2,0.433333333,0.0,0.0,0.066666667,0.0,0.0,0.1,0.066666667,0.0,0.133333333,0.533333333,0.166666667,0.166666667,1.1,0.033333333,0.0,0.566666667,0.066666667,0.033333333,0.066666667,0.266666667,0.3,0.0,0.066666667,0.0,0.266666667,0.266666667,0.166666667,0.0,0.0,0.166666667,0.2,0.314846009016037,0.023180533200502396,0.5764098167419434,0.23572266101837158,0.2904406487941742,0.17118768393993378,0.34037140011787415,0.20243950188159943,0.7596096396446228,0.1258104145526886,0.23220013082027435,0.24472758173942566,0.043248116970062256,1.1718796491622925,0.2728247046470642,0.30831339955329895,0.20159871876239777,0.059738509356975555,0.025564275681972504,0.18418364226818085,0.20105044543743134,0.12325149774551392,0.10900456458330154,0.08682285994291306,0.051214490085840225,0.17293211817741394,0.0748184323310852,0.06420358270406723,0.21078380942344666,0.5495573878288269,0.34968146681785583,0.11227429658174515,0.18341413140296936,0.16446281969547272,0.05272495746612549,0.540377676486969,0.08019726723432541,0.02996145747601986,0.04315841570496559,0.09483180195093155,0.13198626041412354,0.14276301860809326,0.07084447890520096,0.18632277846336365,0.25481027364730835,0.4359263777732849,0.11010105907917023,0.1549573689699173,0.18368132412433624,0.11828295886516571,0.19199828803539276
AN301,0.133333333,0.4,0.5,0.2,0.733333333,0.133333333,0.633333333,0.9,0.233333333,0.166666667,0.0,0.066666667,0.066666667,1.4,0.666666667,0.466666667,0.2,0.266666667,0.066666667,0.3,0.133333333,0.266666667,0.1,0.266666667,0.0,0.266666667,0.333333333,0.0,0.1,0.5,0.166666667,0.1,0.0,0.1,0.1,0.266666667,0.0,0.0,0.0,0.0,0.466666667,0.266666667,0.0,0.2,0.133333333,0.133333333,0.0,0.233333333,0.366666667,0.2,0.066666667,0.6188202500343323,0.22483232617378235,0.5378414988517761,0.2972719967365265,0.41999250650405884,0.18554292619228363,0.4534132480621338,0.3492843806743622,0.9173513054847717,0.1506182998418808,0.2698627710342407,0.3190772235393524,0.07713733613491058,1.4440217018127441,0.3951599597930908,0.44418635964393616,0.2560778558254242,0.08690598607063293,0.059427712112665176,0.227621927857399,0.449725478887558,0.12381115555763245,0.2249186784029007,0.07741034030914307,0.055942684412002563,0.23157767951488495,0.22327637672424316,0.07184483110904694,0.15333734452724457,0.31456559896469116,0.27417629957199097,0.09587963670492172,0.21717041730880737,0.15370605885982513,0.03903834521770477,0.5708447098731995,0.04010472446680069,0.02139315940439701,0.026467347517609596,0.12575986981391907,0.14443649351596832,0.14298728108406067,0.07225121557712555,0.19663746654987335,0.16840946674346924,0.20518189668655396,0.0953947901725769,0.22626766562461853,0.19267740845680237,0.14068931341171265,0.06526999175548553
AO006,0.466666667,0.066666667,0.433333333,0.1,0.533333333,0.066666667,0.9,0.566666667,1.7,0.0,0.633333333,0.533333333,0.5,1.966666667,0.666666667,0.3,0.066666667,0.066666667,0.0,0.266666667,0.333333333,0.0,0.133333333,0.4,0.033333333,1.866666667,0.166666667,0.566666667,0.066666667,0.266666667,0.166666667,0.066666667,0.0,0.033333333,0.0,0.266666667,0.066666667,0.0,0.0,0.0,0.066666667,0.233333333,0.0,0.266666667,0.4,0.0,0.133333333,0.033333333,0.366666667,0.2,0.066666667,0.43976879119873047,0.3945816457271576,0.34469926357269287,0.3206053674221039,0.4405376613140106,0.23959790170192719,0.6169148087501526,0.347490519285202,0.7591113448143005,0.1722872108221054,0.32118913531303406,0.2462283819913864,0.2590143084526062,1.4781978130340576,0.3220854699611664,0.31831005215644836,0.19607366621494293,0.10231424868106842,0.02957264333963394,0.15405337512493134,0.27604058384895325,0.07765253633260727,0.19088958203792572,0.14599893987178802,0.061422303318977356,0.6051918864250183,0.2637901306152344,0.15949709713459015,0.2511596977710724,0.19792845845222473,0.12995262444019318,0.08549478650093079,0.1592075079679489,0.08748961240053177,0.06377683579921722,0.46056893467903137,0.1874244660139084,0.051062338054180145,0.025281144306063652,0.25810226798057556,0.1942855715751648,0.15534183382987976,0.0764281153678894,0.1215834766626358,0.15548479557037354,0.11004944890737534,0.0876784399151802,0.10516709089279175,0.20776662230491638,0.16752426326274872,0.08217491954565048
AO318,0.266666667,0.0,0.366666667,0.533333333,0.0,0.066666667,0.133333333,0.2,0.666666667,0.133333333,0.4,0.666666667,0.0,1.633333333,0.233333333,0.433333333,0.033333333,0.3,0.0,0.733333333,0.6,0.366666667,0.366666667,0.733333333,0.066666667,0.066666667,0.333333333,0.266666667,0.266666667,0.566666667,0.366666667,0.866666667,0.166666667,0.066666667,0.166666667,0.3,0.1,0.333333333,0.233333333,1.0,0.0,0.066666667,0.1,0.133333333,0.3,0.133333333,0.0,0.0,0.0,0.066666667,0.0,0.42307502031326294,0.05531586334109306,0.4239121973514557,0.24613609910011292,0.30481767654418945,0.09623322635889053,0.5144452452659607,0.34091612696647644,0.9634276628494263,0.1329626888036728,0.2684154808521271,0.4347447454929352,0.09004608541727066,1.3942203521728516,0.3497530519962311,0.4136766493320465,0.20176155865192413,0.0777454599738121,0.03242520987987518,0.21779008209705353,0.22970366477966309,0.12996917963027954,0.10703518241643906,0.11408141255378723,0.050555139780044556,0.14322969317436218,0.11026325076818466,0.07318024337291718,0.13235914707183838,0.2964470088481903,0.3258475363254547,0.26272910833358765,0.33024901151657104,0.09816960245370865,0.049505218863487244,0.32220643758773804,0.08508351445198059,0.10528209805488586,0.038181763142347336,0.35700324177742004,0.13358259201049805,0.1408354789018631,0.07657190412282944,0.1997242271900177,0.1795496642589569,0.1852952241897583,0.08153235912322998,0.22134967148303986,0.17364847660064697,0.13205963373184204,0.05705702304840088
AO684,0.3,0.133333333,0.4,0.166666667,0.366666667,0.133333333,0.1,0.0,0.4,0.0,0.0,0.166666667,0.1,0.9,0.3,0.366666667,0.033333333,0.0,0.0,0.833333333,0.866666667,0.3,0.133333333,0.666666667,0.066666667,0.4,0.266666667,0.166666667,0.5,0.133333333,0.233333333,0.766666667,0.466666667,0.0,0.133333333,0.3,0.266666667,0.266666667,0.1,0.8,0.0,0.033333333,0.233333333,0.266666667,0.333333333,0.166666667,0.533333333,0.066666667,0.266666667,0.3,0.0,0.6211770176887512,0.37385234236717224,0.5139227509498596,0.2563295066356659,0.4803948402404785,0.2676856517791748,0.5519468188285828,0.1390310376882553,0.5497210621833801,0.3075520396232605,0.197286456823349,0.17121854424476624,0.12032487988471985,0.8566769361495972,0.15991394221782684,0.16391557455062866,0.11572764813899994,0.08938062936067581,0.04511722922325134,0.31390687823295593,0.4619596302509308,0.06427225470542908,0.26736539602279663,0.11437230557203293,0.052304498851299286,0.2352391928434372,0.09675139933824539,0.19730927050113678,0.21870501339435577,0.21599264442920685,0.14840351045131683,0.12827986478805542,0.1687358319759369,0.15073244273662567,0.057320673018693924,0.399513304233551,0.11202307045459747,0.06941624730825424,0.008148408494889736,0.11765173822641373,0.13219869136810303,0.131693035364151,0.05491623282432556,0.12136664241552353,0.1629536896944046,0.19670216739177704,0.14207212626934052,0.10644640773534775,0.17904828488826752,0.1298767626285553,0.07146519422531128
AP029,0.466666667,0.0,0.533333333,0.333333333,0.366666667,0.1,0.533333333,0.3,1.366666667,0.1,0.133333333,1.033333333,0.133333333,1.2,0.166666667,0.266666667,0.066666667,0.066666667,0.0,0.066666667,0.0,0.0,0.0,0.066666667,0.0,0.266666667,0.1,0.0,0.066666667,0.1,0.3,0.0,0.0,0.0,0.0,0.366666667,0.233333333,0.0,0.0,0.0,0.133333333,0.166666667,0.0,0.233333333,0.233333333,0.5,0.333333333,0.866666667,0.333333333,0.266666667,0.033333333,0.4665675461292267,0.10283803194761276,0.38401949405670166,0.19362175464630127,0.3162100315093994,0.060616493225097656,0.4900866746902466,0.26577189564704895,0.9275944232940674,0.15709535777568817,0.3532685935497284,0.43901515007019043,0.15184034407138824,1.1518813371658325,0.23048768937587738,0.2949577271938324,0.21697264909744263,0.060830555856227875,0.0353720560669899,0.3036167323589325,0.31096431612968445,0.1966121792793274,0.2280230075120926,0.10883437097072601,0.059384677559137344,0.1390674114227295,0.20670242607593536,0.11348211020231247,0.23389014601707458,0.26490354537963867,0.3484293520450592,0.1620577573776245,0.2833538055419922,0.1505872756242752,0.10606175661087036,0.4783133864402771,0.07363520562648773,0.018383119255304337,0.060863908380270004,0.34788963198661804,0.13884702324867249,0.1685015857219696,0.056615088135004044,0.2147039920091629,0.15024004876613617,0.22308485209941864,0.08629123121500015,0.36293524503707886,0.20188967883586884,0.13040994107723236,0.08789610117673874
AP067,0.1,0.0,0.3,0.266666667,0.5,0.066666667,0.533333333,0.166666667,0.533333333,0.0,0.1,0.333333333,0.0,1.9,0.6,0.766666667,3.366666667,0.166666667,0.4,0.466666667,0.266666667,0.0,0.333333333,0.066666667,0.033333333,0.266666667,0.0,0.066666667,0.0,0.066666667,0.066666667,0.0,0.066666667,0.0,0.0,0.433333333,0.166666667,0.0,0.0,0.0,0.166666667,0.133333333,0.0,0.266666667,0.4,0.1,0.133333333,0.5,0.2,0.0,0.0,0.2683192193508148,0.006845131516456604,0.36412596702575684,0.2759024202823639,0.37839624285697937,0.08482231944799423,0.3796907663345337,0.4659633934497833,0.6041197180747986,0.11855942755937576,0.11362127959728241,0.15309111773967743,0.039956770837306976,1.3329848051071167,0.504392147064209,0.3492297828197479,0.49096283316612244,0.16100697219371796,0.1032189205288887,0.5528585314750671,0.4262106120586395,0.211208313703537,0.41220059990882874,0.13096775114536285,0.0499427355825901,0.18147088587284088,0.1078643798828125,0.12206315994262695,0.13076196610927582,0.18411040306091309,0.2112453430891037,0.12423505634069443,0.14995162189006805,0.20613634586334229,0.042384736239910126,0.595201313495636,0.15172530710697174,0.03022911585867405,0.04292881861329079,0.11496423184871674,0.19372659921646118,0.17101392149925232,0.11184834688901901,0.17439132928848267,0.1624300628900528,0.1747654378414154,0.06437359005212784,0.23177507519721985,0.1940392404794693,0.13622966408729553,0.07584270089864731
AP571,0.733333333,0.7,0.9,0.533333333,0.633333333,0.166666667,0.633333333,1.033333333,0.7,0.0,0.266666667,0.166666667,0.1,1.133333333,0.3,0.433333333,0.166666667,0.0,0.0,0.233333333,0.233333333,0.0,0.0,0.266666667,0.0,0.466666667,0.0,0.066666667,0.0,0.133333333,0.0,0.0,0.0,0.6,0.0,1.033333333,0.0,0.0,0.0,0.0,0.166666667,0.133333333,0.3,0.633333333,0.8,0.666666667,0.4,0.2,0.233333333,0.7,0.333333333,0.5520511269569397,0.2058846354484558,0.6285718083381653,0.2793603837490082,0.43937361240386963,0.2996712327003479,0.7027706503868103,0.41505593061447144,0.3634588122367859,0.14771154522895813,0.10192301124334335,0.12804152071475983,0.03629770502448082,0.9824004769325256,0.18414850533008575,0.20010142028331757,0.1442754566669464,0.09862194955348969,0.04925322160124779,0.1901046186685562,0.3474098742008209,0.04324553161859512,0.0990457683801651,0.07021656632423401,0.045084159821271896,0.17564117908477783,0.03860236331820488,0.013387386687099934,0.036140330135822296,0.20721811056137085,0.15281839668750763,0.012851029634475708,0.09235665202140808,0.224474236369133,0.02822933718562126,0.5338804721832275,0.06860147416591644,-0.001945079187862575,0.006553851068019867,0.03039577417075634,0.23500359058380127,0.15259961783885956,0.16362808644771576,0.20708304643630981,0.29124152660369873,0.2386128008365631,0.19110514223575592,0.2865910530090332,0.2392435520887375,0.1994628608226776,0.10383042693138123
AP577,0.566666667,0.233333333,1.266666667,0.333333333,1.233333333,0.833333333,0.6,0.766666667,0.833333333,0.3,0.166666667,0.3,0.166666667,1.5,0.566666667,0.5,0.266666667,0.2,0.0,0.166666667,0.2,0.0,0.0,0.0,0.0,0.2,0.0,0.0,0.0,0.0,0.1,0.0,0.0,0.066666667,0.0,0.666666667,0.1,0.0,0.0,0.0,0.5,0.366666667,0.1,0.333333333,0.233333333,0.2,0.333333333,0.366666667,0.5,0.133333333,0.1,0.40046417713165283,0.052728209644556046,0.8585637807846069,0.3917914032936096,0.7176443338394165,0.291067510843277,0.3819822669029236,0.3472345471382141,0.5776719450950623,0.1262054443359375,0.1443607062101364,0.12920978665351868,0.022071827203035355,0.897078812122345,0.24174873530864716,0.2817156910896301,0.3112282156944275,0.18986070156097412,0.10406465828418732,0.3171927332878113,0.22304710745811462,0.1361309438943863,0.0814666599035263,0.06727252155542374,0.04870832711458206,0.14900776743888855,0.02363455668091774,0.03092409297823906,0.03387477621436119,0.17909760773181915,0.19967740774154663,0.0398225262761116,0.20454558730125427,0.11211367696523666,0.03575148805975914,0.5268603563308716,0.1136137992143631,0.0033173367846757174,0.013352196663618088,0.03637751564383507,0.1675768345594406,0.17359861731529236,0.04637875407934189,0.1900816559791565,0.22845950722694397,0.17497119307518005,0.12680819630622864,0.14702293276786804,0.22980497777462006,0.17535655200481415,0.11453903466463089
AP627,0.4,0.133333333,0.8,0.733333333,1.1,0.4,0.233333333,0.333333333,0.1,0.0,0.0,0.0,0.0,0.833333333,0.266666667,0.3,0.166666667,0.166666667,0.0,0.2,0.2,0.0,0.0,0.033333333,0.0,0.466666667,0.133333333,0.1,0.533333333,0.266666667,0.1,0.0,0.0,0.433333333,0.0,1.5,0.133333333,0.0,0.0,0.1,1.0,0.366666667,0.466666667,0.0,0.266666667,0.1,0.0,0.2,0.733333333,0.533333333,0.133333333,0.2965937554836273,0.08143238723278046,0.49772021174430847,0.3340643644332886,0.3818197250366211,0.14740510284900665,0.37113597989082336,0.3039383888244629,0.48574772477149963,0.10245960205793381,0.08152357488870621,0.13867290318012238,0.03713008016347885,1.1846802234649658,0.27665725350379944,0.22467221319675446,0.1903027445077896,0.1037752702832222,0.04590827599167824,0.18055695295333862,0.28594550490379333,0.04344015195965767,0.2259519100189209,0.07796189188957214,0.05328415706753731,0.22815214097499847,0.09423594921827316,0.03536456823348999,0.07444356381893158,0.17398373782634735,0.18961502611637115,0.03185351938009262,0.0915384292602539,0.12703703343868256,0.02481674589216709,0.6076695919036865,0.08004205673933029,0.023376304656267166,0.03575773909687996,0.056878313422203064,0.24993333220481873,0.1915576159954071,0.06990193575620651,0.32693207263946533,0.2970634400844574,0.17635135352611542,0.1313086599111557,0.18326008319854736,0.2833399772644043,0.1620859056711197,0.13564833998680115
AP854,0.566666667,0.933333333,0.8,0.0,0.6,0.333333333,0.233333333,0.1,0.266666667,0.0,0.0,0.0,0.1,0.466666667,0.3,0.133333333,0.166666667,0.166666667,0.0,1.4,2.433333333,0.266666667,1.366666667,0.566666667,0.0,0.533333333,0.1,0.133333333,0.1,0.166666667,0.333333333,0.0,0.033333333,0.333333333,0.133333333,0.7,0.0,0.066666667,0.0,0.066666667,0.333333333,0.033333333,0.366666667,0.0,0.033333333,0.0,0.0,0.166666667,0.466666667,0.1,0.0,0.5467356443405151,0.37875744700431824,0.4806482493877411,0.31157371401786804,0.4143902063369751,0.127338707447052,0.3697379529476166,0.3881763517856598,0.5042561888694763,0.12141350656747818,0.09996174275875092,0.13012422621250153,0.03234381228685379,1.1521393060684204,0.3118686079978943,0.25099483132362366,0.15701064467430115,0.15926727652549744,0.029952237382531166,0.40962088108062744,0.5268241763114929,0.06325066834688187,0.27949193120002747,0.10073398053646088,0.047256406396627426,0.14719834923744202,0.06968050450086594,0.020122788846492767,0.09618603438138962,0.2008964717388153,0.15708507597446442,0.056390151381492615,0.10237859934568405,0.2716637849807739,0.031950853765010834,0.4578942358493805,0.06274431943893433,0.008287398144602776,0.02449725568294525,0.05238448828458786,0.19928763806819916,0.1622685343027115,0.12927797436714172,0.11373449116945267,0.15867425501346588,0.09763045608997345,0.13111132383346558,0.10181612521409988,0.2305656522512436,0.16709651052951813,0.062024567276239395
AP983,0.466666667,0.0,1.966666667,0.333333333,1.766666667,1.2,0.966666667,0.666666667,0.6,0.333333333,0.066666667,0.266666667,0.133333333,1.133333333,0.2,0.133333333,0.2,0.066666667,0.066666667,0.266666667,0.1,0.0,0.0,0.0,0.0,0.066666667,0.0,0.0,0.0,0.233333333,0.0,0.0,0.0,0.5,0.033333333,0.6,0.066666667,0.0,0.0,0.0,0.7,0.133333333,0.133333333,0.4,0.266666667,0.133333333,0.333333333,0.1,0.166666667,0.133333333,0.1,0.4888466000556946,0.11761936545372009,0.9354308843612671,0.36259710788726807,0.5786793828010559,0.5291504859924316,0.5097946524620056,0.22270816564559937,0.49357539415359497,0.1629985272884369,0.20021553337574005,0.32690250873565674,0.036158014088869095,0.7486277222633362,0.12476342916488647,0.1742176115512848,0.19821353256702423,0.1471787542104721,0.1407511979341507,0.13772660493850708,0.31914088129997253,0.06250253319740295,0.13746026158332825,0.06168012320995331,0.04447541385889053,0.08002600818872452,0.018789732828736305,0.011999044567346573,0.03990291431546211,0.1714584231376648,0.18468059599399567,0.062060169875621796,0.1381968855857849,0.12110957503318787,0.03221643343567848,0.553836464881897,0.07216940075159073,0.012878223322331905,0.008724630810320377,0.042312998324632645,0.1707679033279419,0.1590300053358078,0.04330969601869583,0.3400600254535675,0.3958612382411957,0.23586249351501465,0.1480572521686554,0.17562170326709747,0.1956331580877304,0.13492745161056519,0.0817745178937912
AQ794,0.966666667,0.3,0.366666667,0.1,0.566666667,0.166666667,0.266666667,0.533333333,0.1,0.0,0.0,0.0,0.0,0.366666667,0.166666667,0.066666667,0.333333333,0.033333333,0.333333333,1.5,2.366666667,0.1,1.6,0.233333333,0.066666667,0.4,0.0,0.133333333,0.0,0.1,0.1,0.066666667,0.1,0.4,0.066666667,1.1,0.233333333,0.0,0.0,0.0,0.5,0.5,0.133333333,0.033333333,0.0,0.0,0.066666667,0.133333333,0.133333333,0.166666667,0.0,0.48647207021713257,0.09647557884454727,0.8927945494651794,0.19982929527759552,0.9206240177154541,0.15576297044754028,0.2875933051109314,0.13638150691986084,0.34727343916893005,0.1533634215593338,0.11458589136600494,0.0954904705286026,0.0165094006806612,0.5456920862197876,0.2753365635871887,0.14046317338943481,0.2932013273239136,0.0876895934343338,0.06436057388782501,0.5472699403762817,0.989482581615448,0.030688026919960976,0.7686386108398438,0.09283746778964996,0.04721877723932266,0.3635464608669281,0.04593075066804886,0.06947780400514603,0.07071684300899506,0.228170245885849,0.17788280546665192,0.07338196039199829,0.1149180606007576,0.2768491506576538,0.20414063334465027,1.1747335195541382,0.026897992938756943,-0.0007131669553928077,0.005571495275944471,0.05390151962637901,0.2911795973777771,0.14761938154697418,0.030505038797855377,0.1209728866815567,0.05694258213043213,0.17635071277618408,0.08175937831401825,0.043205760419368744,0.15416716039180756,0.11101230978965759,0.2112266719341278
AF065,0.09375,0.0,0.1875,0.34375,0.09375,0.25,0.40625,0.03125,1.65625,0.40625,0.8125,0.84375,0.09375,1.1875,0.25,0.25,0.34375,0.21875,0.0,0.09375,0.78125,0.0,0.375,0.3125,0.15625,0.40625,0.0,0.0,0.15625,0.15625,0.53125,0.0,0.0,0.15625,0.0,0.34375,0.59375,0.0,0.0,0.21875,0.0,0.25,0.0,0.40625,0.125,0.46875,0.1875,0.625,0.09375,0.1875,0.0,0.19370456039905548,0.10393921285867691,0.22697632014751434,0.2511955797672272,0.25711673498153687,0.046121373772621155,0.4779320955276489,0.3541696071624756,0.8070229291915894,0.13332527875900269,0.27990207076072693,0.40490901470184326,0.10251893848180771,1.1461174488067627,0.2990889847278595,0.24632184207439423,0.14988623559474945,0.0730363130569458,0.027782807126641273,0.08256892114877701,0.18433192372322083,0.023903902620077133,0.1491757333278656,0.07473110407590866,0.06979227066040039,0.20680151879787445,0.14467647671699524,0.053474895656108856,0.506446361541748,0.3412405550479889,0.43951138854026794,0.11288590729236603,0.07903605699539185,0.20776543021202087,0.006498315837234259,0.8131987452507019,0.5088075399398804,-9.178203617921099e-05,0.14239077270030975,0.27460944652557373,0.14407455921173096,0.2072106897830963,0.17689985036849976,0.21653929352760315,0.18740318715572357,0.5439239144325256,0.08897293359041214,0.5681154727935791,0.2630710005760193,0.1473170816898346,0.14635196328163147
AF737,0.03125,0.0,0.28125,0.34375,0.09375,0.46875,0.84375,0.3125,1.71875,0.0,0.46875,0.90625,0.28125,1.65625,0.34375,0.59375,0.15625,0.0,0.0,0.0,0.0,0.0,0.0,0.0,0.0,0.09375,0.0625,0.0,0.15625,0.0,0.4375,0.0,0.0,0.0,0.0,0.15625,0.40625,0.0,0.0,0.0,0.0,0.5625,0.0,0.46875,0.625,0.4375,0.1875,0.71875,0.40625,0.0,0.09375,0.2097950279712677,0.004773443564772606,0.37203505635261536,1.4559649229049683,0.2537200152873993,0.22544905543327332,0.4338114857673645,0.20650826394557953,0.8907644152641296,0.11856008321046829,0.2867042124271393,0.39360716938972473,0.041889581829309464,1.6085355281829834,0.2510227859020233,0.42500829696655273,0.264451801776886,0.0666036307811737,0.0009760643588379025,0.0929977148771286,0.16267234086990356,0.03101615235209465,0.11496161669492722,0.060257114470005035,0.0477897934615612,0.01786849834024906,0.024527404457330704,0.03671546280384064,0.048610784113407135,0.15170376002788544,0.20391610264778137,0.05412754788994789,0.09213591367006302,0.03262663632631302,0.009524286724627018,0.41897517442703247,0.034146957099437714,0.0005402871174737811,0.0009936962742358446,0.022611580789089203,0.1536872684955597,0.16605544090270996,0.0017343888757750392,0.3363815248012543,0.7638378739356995,0.11632373929023743,0.05151638761162758,0.09483455121517181,0.23280896246433258,0.09082716703414917,0.1630077064037323
AG454,0.433333333,0.3,0.733333333,0.3,0.6,0.433333333,0.366666667,0.4,0.766666667,0.366666667,0.233333333,0.333333333,0.1,1.1,0.1,0.4,0.133333333,0.0,0.133333333,0.066666667,0.0,0.0,0.166666667,0.133333333,0.0,0.266666667,0.0,0.1,0.0,0.066666667,0.166666667,0.0,0.0,0.0,0.1,0.733333333,0.5,0.0,0.0,0.0,0.066666667,0.0,0.0,0.433333333,0.466666667,0.5,0.066666667,1.033333333,0.266666667,0.533333333,0.433333333,0.20213991403579712,0.296493798494339,0.4346484839916229,0.2910357415676117,0.2885247468948364,0.24789223074913025,0.46958404779434204,0.3971106708049774,0.8280101418495178,0.1711769551038742,0.2678235173225403,0.37003079056739807,0.06992663443088531,1.0380128622055054,0.21545203030109406,0.27929458022117615,0.10323278605937958,0.08449067175388336,0.06604548543691635,0.2202157974243164,0.33060547709465027,0.021727388724684715,0.30977505445480347,0.0876728892326355,0.06314042210578918,0.3208910822868347,0.011817132122814655,-3.364066651556641e-05,0.06997445970773697,0.10376448184251785,0.17655456066131592,0.008601286448538303,0.077804334461689,0.0419585146009922,0.01927168108522892,0.5489796996116638,0.4199533760547638,-0.0007944108219817281,0.0032463858369737864,0.04989960044622421,0.18103332817554474,0.27038052678108215,0.0005216072895564139,0.40029841661453247,0.4140688478946686,0.367936909198761,0.2242087572813034,0.8264027237892151,0.39635521173477173,0.12931187450885773,0.11044827103614807
AG724,0.1,0.1,0.5,1.2,0.133333333,0.0,0.4,0.233333333,1.166666667,0.166666667,0.633333333,0.666666667,0.0,1.433333333,0.333333333,0.4,0.233333333,0.066666667,0.0,0.0,0.0,0.0,0.033333333,0.1,0.0,0.0,0.0,0.033333333,0.0,0.0,0.166666667,0.0,0.0,0.0,0.0,0.166666667,0.3,0.0,0.0,0.0,0.0,0.333333333,0.0,0.766666667,0.966666667,0.366666667,0.0,0.5,0.233333333,0.0,0.2,0.2097950279712677,0.004773443564772606,0.37203505635261536,1.4559649229049683,0.2537200152873993,0.22544905543327332,0.4338114857673645,0.20650826394557953,0.8907644152641296,0.11856008321046829,0.2867042124271393,0.39360716938972473,0.041889581829309464,1.6085355281829834,0.2510227859020233,0.42500829696655273,0.264451801776886,0.0666036307811737,0.0009760643588379025,0.0929977148771286,0.16267234086990356,0.03101615235209465,0.11496161669492722,0.060257114470005035,0.0477897934615612,0.01786849834024906,0.024527404457330704,0.03671546280384064,0.048610784113407135,0.15170376002788544,0.20391610264778137,0.05412754788994789,0.09213591367006302,0.03262663632631302,0.009524286724627018,0.41897517442703247,0.034146957099437714,0.0005402871174737811,0.0009936962742358446,0.022611580789089203,0.1536872684955597,0.16605544090270996,0.0017343888757750392,0.3363815248012543,0.7638378739356995,0.11632373929023743,0.05151638761162758,0.09483455121517181,0.23280896246433258,0.09082716703414917,0.1630077064037323
AG982,0.433333333,0.0,0.366666667,2.233333333,0.0,0.166666667,0.333333333,0.366666667,1.033333333,0.066666667,0.0,0.566666667,0.0,1.966666667,0.266666667,0.433333333,0.3,0.0,0.0,0.0,0.1,0.0,0.066666667,0.033333333,0.0,0.0,0.0,0.066666667,0.0,0.066666667,0.366666667,0.033333333,0.0,0.133333333,0.0,0.366666667,0.1,0.0,0.0,0.066666667,0.066666667,0.066666667,0.0,0.233333333,0.533333333,0.1,0.0,0.466666667,0.1,0.0,0.1,0.1634272187948227,0.0400402769446373,0.5162461400032043,0.9495550394058228,0.3348281681537628,0.3218514025211334,0.24152524769306183,0.20696067810058594,0.976655125617981,0.1453223079442978,0.2305614948272705,0.459943950176239,0.038630373775959015,1.322384238243103,0.15445595979690552,0.3456353545188904,0.3208538591861725,0.06909668445587158,0.03142496943473816,0.09539426863193512,0.1497068852186203,0.019328748807311058,0.14498655498027802,0.05274485796689987,0.044718191027641296,0.02283000573515892,0.020130353048443794,0.02631162293255329,0.02773219160735607,0.09876067191362381,0.18804599344730377,0.007691378705203533,0.10837898403406143,0.024378836154937744,0.007957180961966515,0.43923333287239075,0.18431049585342407,0.032133013010025024,0.0008916275110095739,0.018497362732887268,0.20521673560142517,0.25183796882629395,-0.0014640085864812136,0.7589890956878662,0.7986866235733032,0.23777884244918823,0.04860585182905197,0.6120865345001221,0.25493136048316956,0.07426562160253525,0.11713393777608871
AH174,0.366666667,0.0,0.533333333,0.666666667,0.3,0.2,0.733333333,0.366666667,1.066666667,0.0,0.633333333,0.6,0.0,1.466666667,0.4,0.233333333,0.633333333,0.2,0.033333333,0.0,0.0,0.1,0.0,0.0,0.1,0.2,0.0,0.0,0.0,0.2,0.2,0.0,0.0,0.0,0.066666667,0.3,0.1,0.0,0.0,0.0,0.0,0.266666667,0.0,0.566666667,0.966666667,0.0,0.0,0.733333333,0.366666667,0.1,0.166666667,0.2294456511735916,0.0158359594643116,0.41020527482032776,0.277777761220932,0.23776666820049286,0.029646093025803566,0.7442826628684998,0.3807346224784851,0.9877303838729858,0.1316588670015335,0.40699586272239685,0.5776140093803406,0.19240282475948334,1.2304937839508057,0.28467538952827454,0.3042726218700409,0.14060086011886597,0.09282652288675308,0.005201671272516251,0.15591247379779816,0.29047662019729614,0.034646034240722656,0.10864492505788803,0.07591736316680908,0.05257325619459152,0.08369859308004379,0.03750849887728691,0.018152212724089622,0.10435330867767334,0.11777235567569733,0.23657086491584778,0.028866644948720932,0.08026959747076035,0.05649638548493385,0.007345056161284447,0.5149626731872559,0.2637306749820709,1.3375511116464622e-05,0.00508376769721508,0.0660371407866478,0.15025904774665833,0.16787756979465485,0.0158005952835083,0.5251834392547607,0.5244442820549011,0.5010666847229004,0.1043621152639389,0.7872467637062073,0.28860384225845337,0.16164283454418182,0.10213762521743774
AI142,0.142857143,0.0,0.857142857,0.0,0.25,0.357142857,1.464285714,0.178571429,0.535714286,0.25,0.0,0.214285714,0.178571429,1.178571429,0.214285714,0.107142857,0.214285714,0.107142857,0.178571429,0.678571429,0.821428571,0.035714286,1.0,0.0,0.107142857,0.25,0.0,0.25,0.178571429,0.142857143,0.0,0.0,0.0,0.285714286,0.0,0.285714286,0.107142857,0.0,0.0,0.0,0.071428571,0.107142857,0.142857143,0.178571429,0.0,0.0,0.142857143,0.107142857,0.071428571,0.392857143,0.071428571,0.37596043944358826,0.09823933988809586,0.2997572422027588,0.17962811887264252,0.33858722448349,0.24779893457889557,0.4372939169406891,0.049416035413742065,0.829689621925354,0.21857693791389465,0.17603178322315216,0.1657506674528122,0.041068729013204575,1.242346167564392,0.30643197894096375,0.22173520922660828,0.2318204939365387,0.0876031443476677,0.0031341759022325277,0.8841891288757324,1.3195017576217651,0.04302751272916794,0.7114400267601013,0.10992489010095596,0.07008952647447586,0.24372267723083496,0.0769914835691452,0.3923034369945526,0.17919373512268066,0.1852608025074005,0.15980049967765808,0.006584587041288614,0.09216156601905823,0.15825045108795166,0.01561781857162714,0.2086486965417862,0.053380731493234634,9.173981379717588e-05,0.0048196641728281975,0.02839086577296257,0.13223996758460999,0.14080354571342468,0.0063063171692192554,0.13594499230384827,0.050894465297460556,0.004117178730666637,0.10918007045984268,0.15386706590652466,0.21957464516162872,0.13494299352169037,0.0340161956846714
AI242,0.285714286,0.035714286,0.5,0.071428571,0.5,0.464285714,0.964285714,0.214285714,0.75,0.178571429,0.142857143,0.285714286,0.071428571,1.071428571,0.178571429,0.071428571,0.535714286,0.178571429,0.142857143,0.285714286,0.035714286,0.0,0.428571429,0.107142857,0.142857143,0.607142857,0.142857143,0.142857143,0.285714286,0.107142857,0.142857143,0.071428571,0.0,0.0,0.107142857,0.178571429,0.035714286,0.0,0.0,0.0,0.071428571,0.428571429,0.035714286,0.25,0.0,0.071428571,0.321428571,0.142857143,0.214285714,0.178571429,0.035714286,0.37596043944358826,0.09823933988809586,0.2997572422027588,0.17962811887264252,0.33858722448349,0.24779893457889557,0.4372939169406891,0.049416035413742065,0.829689621925354,0.21857693791389465,0.17603178322315216,0.1657506674528122,0.041068729013204575,1.242346167564392,0.30643197894096375,0.22173520922660828,0.2318204939365387,0.0876031443476677,0.0031341759022325277,0.8841891288757324,1.3195017576217651,0.04302751272916794,0.7114400267601013,0.10992489010095596,0.07008952647447586,0.24372267723083496,0.0769914835691452,0.3923034369945526,0.17919373512268066,0.1852608025074005,0.15980049967765808,0.006584587041288614,0.09216156601905823,0.15825045108795166,0.01561781857162714,0.2086486965417862,0.053380731493234634,9.173981379717588e-05,0.0048196641728281975,0.02839086577296257,0.13223996758460999,0.14080354571342468,0.0063063171692192554,0.13594499230384827,0.050894465297460556,0.004117178730666637,0.10918007045984268,0.15386706590652466,0.21957464516162872,0.13494299352169037,0.0340161956846714
AI347,0.172413793,0.0,0.586206897,0.068965517,0.275862069,0.448275862,1.275862069,0.068965517,1.586206897,0.517241379,0.137931034,0.413793103,0.172413793,1.137931034,0.172413793,0.275862069,0.068965517,0.0,0.0,0.137931034,0.137931034,0.0,0.137931034,0.068965517,0.206896552,0.310344828,0.0,0.0,0.172413793,0.172413793,0.310344828,0.0,0.0,0.0,0.034482759,0.206896552,0.0,0.0,0.034482759,0.0,0.137931034,0.310344828,0.0,0.24137931,0.034482759,0.172413793,0.310344828,0.206896552,0.275862069,0.172413793,0.0,0.37596043944358826,0.09823933988809586,0.2997572422027588,0.17962811887264252,0.33858722448349,0.24779893457889557,0.4372939169406891,0.049416035413742065,0.829689621925354,0.21857693791389465,0.17603178322315216,0.1657506674528122,0.041068729013204575,1.242346167564392,0.30643197894096375,0.22173520922660828,0.2318204939365387,0.0876031443476677,0.0031341759022325277,0.8841891288757324,1.3195017576217651,0.04302751272916794,0.7114400267601013,0.10992489010095596,0.07008952647447586,0.24372267723083496,0.0769914835691452,0.3923034369945526,0.17919373512268066,0.1852608025074005,0.15980049967765808,0.006584587041288614,0.09216156601905823,0.15825045108795166,0.01561781857162714,0.2086486965417862,0.053380731493234634,9.173981379717588e-05,0.0048196641728281975,0.02839086577296257,0.13223996758460999,0.14080354571342468,0.0063063171692192554,0.13594499230384827,0.050894465297460556,0.004117178730666637,0.10918007045984268,0.15386706590652466,0.21957464516162872,0.13494299352169037,0.0340161956846714
AA232,0.076923077,0.0,0.115384615,0.0,0.0,0.0,0.5,0.5,0.0,0.192307692,0.0,0.0,0.0,0.576923077,0.0,0.0,0.0,0.384615385,0.846153846,0.576923077,0.153846154,0.115384615,0.115384615,0.0,0.0,0.076923077,0.0,0.0,0.230769231,0.153846154,0.115384615,0.269230769,0.192307692,0.230769231,0.346153846,0.0,0.346153846,0.153846154,0.0,0.538461538,0.115384615,0.576923077,0.846153846,0.038461538,0.0,0.384615385,0.192307692,0.0,0.5,0.076923077,0.0,0.023148762062191963,0.024570683017373085,0.013547981157898903,0.12724727392196655,0.06295131891965866,0.09780244529247284,0.34593507647514343,0.27748212218284607,0.23778042197227478,0.08922968059778214,0.06260088086128235,0.07258711755275726,0.00768044451251626,0.575000524520874,0.030860096216201782,0.0072176395915448666,0.11222828179597855,0.13922330737113953,0.8384392857551575,0.4236122965812683,0.5331649780273438,0.15658226609230042,0.5237057209014893,0.1906406730413437,0.05090329796075821,0.1810539811849594,0.028086574748158455,0.043670084327459335,0.1506398767232895,0.19756028056144714,0.19315218925476074,0.5723278522491455,0.44694146513938904,0.41812917590141296,0.17304165661334991,0.04300716519355774,0.4569574296474457,0.002311580814421177,0.004672071430832148,0.06654828786849976,0.07401344180107117,0.25509753823280334,0.6850186586380005,0.14117753505706787,0.024424873292446136,0.15223529934883118,0.060246020555496216,0.002768560778349638,0.1311763972043991,0.06946650892496109,0.03282326087355614
AA592,0.115384615,0.0,0.192307692,0.0,0.0,0.0,0.5,0.423076923,0.153846154,0.0,0.0,0.115384615,0.0,0.269230769,0.0,0.0,0.0,0.0,0.153846154,0.192307692,0.076923077,0.153846154,0.269230769,0.461538462,0.230769231,0.115384615,0.346153846,0.153846154,0.269230769,0.576923077,0.076923077,0.115384615,0.192307692,0.230769231,0.0,0.153846154,0.115384615,0.192307692,0.307692308,0.461538462,0.076923077,0.192307692,0.307692308,0.0,0.038461538,0.0,0.0,0.076923077,0.0,0.115384615,0.0,0.20292839407920837,0.11581769585609436,0.12545284628868103,0.16372577846050262,0.1966829150915146,0.0455925278365612,0.4806499779224396,0.28220614790916443,0.29218590259552,0.09704647213220596,0.10969241708517075,0.10684923082590103,0.06116027757525444,0.47778424620628357,0.06705458462238312,0.018482612445950508,0.06698431819677353,0.15717779099941254,0.1817319244146347,0.30875176191329956,0.33776044845581055,0.21963675320148468,0.2739730477333069,0.17189526557922363,0.06407993286848068,0.1433701366186142,0.42270606756210327,0.19658514857292175,0.5325533747673035,0.42268428206443787,0.17814774811267853,0.376339852809906,0.28372684121131897,0.19997939467430115,0.14922679960727692,0.25064617395401,0.044619884341955185,0.16440148651599884,0.1312766969203949,0.665473997592926,0.10784339904785156,0.1806405484676361,0.2784190773963928,0.2448214739561081,0.07844860851764679,0.18758957087993622,0.10110099613666534,0.05702158808708191,0.18621426820755005,0.11335189640522003,0.08577222377061844
AB036,0.277777778,0.0,0.222222222,0.777777778,0.0,0.222222222,0.222222222,0.777777778,0.666666667,0.222222222,0.111111111,0.0,0.388888889,0.666666667,0.111111111,0.277777778,0.0,0.0,0.166666667,0.0,0.0,0.0,0.0,0.0,0.0,0.555555556,0.0,0.277777778,0.0,0.0,0.0,0.0,0.166666667,0.0,0.222222222,0.166666667,0.0,0.0,0.0,0.0,0.0,0.166666667,0.0,2.055555556,1.055555556,0.222222222,0.388888889,0.388888889,0.166666667,0.5,0.222222222,0.3986288607120514,0.09122823178768158,0.5313509702682495,0.393992155790329,0.3391377925872803,0.21459577977657318,0.5868648886680603,0.2561904788017273,0.6158527135848999,0.1800956428050995,0.29482412338256836,0.27580228447914124,0.2146313488483429,1.0578083992004395,0.2553529143333435,0.4135102927684784,0.07714632153511047,0.09820779412984848,0.016898557543754578,0.1372266262769699,0.26798608899116516,0.03010980226099491,0.09904735535383224,0.09326893091201782,0.13972221314907074,0.43555864691734314,0.15144406259059906,0.2864002287387848,0.08969460427761078,0.13667872548103333,0.14086075127124786,0.03165648132562637,0.10147091746330261,0.06279923766851425,0.037063468247652054,0.4030040204524994,0.216287299990654,0.040165893733501434,0.020945409312844276,0.05317480117082596,0.1892467737197876,0.1591631919145584,0.019862135872244835,0.5892686247825623,0.5225956439971924,0.37896469235420227,0.15272080898284912,0.4625571370124817,0.2370813935995102,0.1390082985162735,0.10649518668651581
AB567,0.166666667,0.0,0.277777778,0.0,0.0,0.0,0.111111111,0.0,0.055555556,0.0,0.0,0.0,0.0,0.166666667,0.0,0.0,0.0,0.0,0.0,0.666666667,0.0,0.777777778,0.055555556,0.944444444,0.277777778,0.611111111,0.0,0.0,0.0,0.222222222,0.277777778,0.0,3.944444444,0.055555556,0.055555556,0.0,0.111111111,0.0,0.0,0.0,0.0,0.055555556,0.222222222,0.222222222,0.0,0.277777778,0.0,0.0,0.0,0.0,0.0,0.16821140050888062,0.029964404180645943,0.18341420590877533,0.11095152050256729,0.07432731986045837,0.05454857647418976,0.1078181266784668,0.058670759201049805,0.41362816095352173,0.24853044748306274,0.08656928688287735,0.13217927515506744,0.052309002727270126,0.4534894526004791,0.10701889544725418,0.08365561068058014,0.02979392372071743,0.12150973081588745,0.14703111350536346,0.4872765839099884,0.32504454255104065,0.2904806435108185,0.23492588102817535,0.3454846739768982,0.04605662822723389,0.0773615911602974,0.2900145947933197,0.10317593067884445,0.24913528561592102,0.3454410135746002,0.3452123999595642,0.27892014384269714,0.5901180505752563,0.16579435765743256,0.17518526315689087,0.21365612745285034,0.11335976421833038,0.39637452363967896,0.05398182198405266,0.3241663873195648,0.13316312432289124,0.12303289771080017,0.1473819464445114,0.14925704896450043,0.041970860213041306,0.4869007468223572,0.1074477955698967,0.16294823586940765,0.14187081158161163,0.12018492817878723,0.06550314277410507
AC327,0.0,0.0,0.037037037,0.111111111,0.111111111,0.037037037,0.185185185,0.740740741,0.111111111,0.0,0.0,0.0,0.0,2.111111111,1.37037037,1.777777778,0.666666667,1.0,0.666666667,0.0,0.0,0.074074074,0.037037037,0.0,0.222222222,0.037037037,0.148148148,0.037037037,0.037037037,0.0,0.0,0.111111111,0.0,0.0,0.0,0.444444444,0.0,0.0,0.0,0.0,0.0,0.259259259,0.0,0.148148148,0.037037037,0.037037037,0.259259259,0.148148148,0.074074074,0.037037037,0.0,0.2811923623085022,0.03331982344388962,0.49926576018333435,0.22592903673648834,0.5007231831550598,0.17638348042964935,0.29466038942337036,0.28266432881355286,0.2260219156742096,0.14413301646709442,0.08008315414190292,0.11919143050909042,0.016053995117545128,0.9865828156471252,0.46127304434776306,0.8177081942558289,0.7007205486297607,0.628295361995697,0.4965227246284485,0.314566433429718,0.26104024052619934,0.13691498339176178,0.10410004109144211,0.12082728743553162,0.06873603910207748,0.2634991407394409,0.03880083188414574,0.03962954506278038,0.14025379717350006,0.1475321352481842,0.1644802987575531,0.12669916450977325,0.10071107000112534,0.16267694532871246,0.06445690989494324,0.5483786463737488,0.24801912903785706,0.003482898697257042,0.005674024112522602,0.05011805146932602,0.2821868360042572,0.22150100767612457,0.08315100520849228,0.40295079350471497,0.22341202199459076,0.20313338935375214,0.1229550912976265,0.3446632921695709,0.22352659702301025,0.2567186653614044,0.10035400092601776
AC394,1.678571429,1.25,1.321428571,0.071428571,0.25,0.178571429,0.035714286,0.0,0.0,0.071428571,0.0,0.0,0.0,0.071428571,0.0,0.0,0.107142857,0.285714286,0.178571429,0.214285714,0.392857143,0.285714286,0.0,0.071428571,0.107142857,0.0,0.071428571,0.0,0.0,0.357142857,0.642857143,0.178571429,0.214285714,0.285714286,0.285714286,0.357142857,0.071428571,0.0,0.107142857,0.321428571,0.0,0.107142857,0.0,0.0,0.0,0.142857143,0.214285714,0.0,0.107142857,0.0,0.071428571,0.7814272046089172,0.35218775272369385,0.8271881341934204,0.3405042588710785,0.32758501172065735,0.2427382916212082,0.3142373859882355,0.2428724467754364,0.4185203015804291,0.23935502767562866,0.16210469603538513,0.1716262400150299,0.04911208152770996,0.6585953831672668,0.12600113451480865,0.08273907005786896,0.12637528777122498,0.1459616869688034,0.27720606327056885,0.3185563087463379,0.2869279384613037,0.25468358397483826,0.11790815740823746,0.15749186277389526,0.049290090799331665,0.21180199086666107,0.08865250647068024,0.07212794572114944,0.19614386558532715,0.34397420287132263,0.2933844029903412,0.09980036318302155,0.3391352891921997,0.161350816488266,0.21242836117744446,0.34555500745773315,0.10674458742141724,0.10577347129583359,0.007060167845338583,0.22128473222255707,0.26256871223449707,0.17562538385391235,0.08551206439733505,0.16801717877388,0.24771040678024292,0.45542457699775696,0.1253032684326172,0.1468849778175354,0.26356393098831177,0.19422036409378052,0.15198484063148499
AC820,2.481481481,1.259259259,1.148148148,0.0,0.185185185,0.37037037,0.111111111,0.074074074,0.111111111,0.037037037,0.0,0.0,0.0,0.111111111,0.0,0.0,0.185185185,0.222222222,0.111111111,0.185185185,0.148148148,0.074074074,0.0,0.037037037,0.0,0.0,0.074074074,0.0,0.0,0.037037037,0.444444444,0.37037037,0.111111111,0.518518519,0.111111111,0.407407407,0.111111111,0.0,0.0,0.0,0.0,0.0,0.111111111,0.0,0.0,0.444444444,0.185185185,0.0,0.0,0.037037037,0.0,0.8649981617927551,0.3476598262786865,0.8691180944442749,0.2367742359638214,0.31678494811058044,0.3401068449020386,0.36171847581863403,0.22062720358371735,0.2966856062412262,0.3165774643421173,0.07497513294219971,0.12648458778858185,0.035246334969997406,0.3818039894104004,0.11719449609518051,0.09135079383850098,0.12786681950092316,0.25131645798683167,0.24849219620227814,0.3802764415740967,0.34061041474342346,0.30431804060935974,0.1655588448047638,0.125730499625206,0.05095790699124336,0.11339901387691498,0.06917426735162735,0.10002177208662033,0.22360457479953766,0.3483380377292633,0.26918166875839233,0.19645141065120697,0.40888679027557373,0.39047613739967346,0.25763124227523804,0.3870217204093933,0.15919238328933716,0.14796176552772522,0.17887987196445465,0.31116053462028503,0.1974841207265854,0.13894034922122955,0.21271231770515442,0.1685088872909546,0.19306060671806335,0.33078333735466003,0.14445510506629944,0.11842024326324463,0.20106466114521027,0.15987589955329895,0.15147671103477478
AC958,1.37037037,0.481481481,1.777777778,0.0,0.407407407,0.37037037,0.148148148,0.148148148,0.074074074,0.111111111,0.0,0.0,0.0,0.0,0.0,0.0,0.777777778,0.703703704,0.296296296,0.333333333,0.0,0.37037037,0.0,0.037037037,0.0,0.0,0.0,0.0,0.0,0.148148148,0.518518519,0.074074074,0.185185185,0.407407407,0.148148148,0.37037037,0.037037037,0.0,0.0,0.111111111,0.0,0.0,0.0,0.0,0.0,0.481481481,0.185185185,0.037037037,0.148148148,0.074074074,0.0,0.8142848610877991,0.2708100378513336,0.9008434414863586,0.33557644486427307,0.40689268708229065,0.2506861388683319,0.4427148997783661,0.1739896535873413,0.640631377696991,0.19963669776916504,0.18117032945156097,0.2285606414079666,0.06125173717737198,0.77967768907547,0.14151331782341003,0.1594041883945465,0.36927133798599243,0.121641144156456,0.0805707797408104,0.1748826950788498,0.25687897205352783,0.10760165750980377,0.18753504753112793,0.13413982093334198,0.051705252379179,0.1620701551437378,0.04598787799477577,0.01564936898648739,0.058451730757951736,0.35037705302238464,0.22486676275730133,0.06660258024930954,0.09664078801870346,0.20691408216953278,0.03243781253695488,0.42620202898979187,0.11952660232782364,0.025082115083932877,0.00840622466057539,0.07951967418193817,0.25795236229896545,0.17512983083724976,0.05339314416050911,0.23673829436302185,0.40847161412239075,0.4231416881084442,0.21613319218158722,0.2566128969192505,0.19436340034008026,0.18121348321437836,0.1749075949192047
AD315,1.0625,3.25,0.5625,0.25,0.5625,0.1875,0.125,0.0,0.3125,0.25,0.125,0.0625,0.0,0.375,0.0,0.0,0.0,0.0,0.0,0.0625,0.1875,0.125,0.0,0.1875,0.0,0.0,0.0,0.0,0.0,0.0,0.0,0.0,0.0,0.1875,0.0,0.1875,0.0,0.0,0.0,0.0,0.0,0.0,0.0,0.0,0.25,0.1875,0.0,0.0,0.125,0.375,0.0,0.584980309009552,0.6880590319633484,0.48083192110061646,0.21226634085178375,0.34947893023490906,0.28144559264183044,0.5621803402900696,0.2842869758605957,0.9226146936416626,0.3293731212615967,0.2925570607185364,0.31287962198257446,0.10983698815107346,1.101824402809143,0.2377319484949112,0.20945265889167786,0.17271386086940765,0.09424453973770142,0.11861097067594528,0.20651377737522125,0.31452813744544983,0.06987030059099197,0.16630801558494568,0.09392012655735016,0.04909806326031685,0.19368287920951843,0.013794384896755219,0.024126971140503883,0.03659401461482048,0.22350159287452698,0.2372981309890747,0.07871894538402557,0.15271124243736267,0.12518146634101868,0.10717067867517471,0.29822680354118347,0.1425989717245102,0.063493512570858,0.03705325350165367,0.13801229000091553,0.20222343504428864,0.15214265882968903,0.08421400934457779,0.20701630413532257,0.22358298301696777,0.06594201922416687,0.1595483273267746,0.13960270583629608,0.26377439498901367,0.14809051156044006,0.08269926905632019
AD659,0.0,0.0,0.266666667,0.4,0.0,0.133333333,0.333333333,0.333333333,0.4,0.2,0.8,0.133333333,0.0,2.533333333,0.266666667,1.666666667,0.4,0.6,0.133333333,0.0,0.0,0.0,0.0,0.0,0.2,0.0,0.0,0.0,0.0,0.2,0.266666667,0.0,0.0,0.0,0.0,0.6,0.466666667,0.066666667,0.0,0.0,0.0,0.2,0.0,0.0,0.133333333,0.133333333,0.2,0.466666667,0.0,0.066666667,0.0,0.21343651413917542,0.09615350514650345,0.514851987361908,0.325762003660202,0.43485745787620544,0.1910550743341446,0.16276617348194122,0.41367796063423157,0.42753690481185913,0.10489431023597717,0.06432448327541351,0.1343877613544464,0.011944044381380081,1.2876505851745605,0.2925168573856354,0.3956196904182434,0.45874878764152527,0.46996334195137024,0.15367555618286133,0.43199101090431213,0.2778177857398987,0.38770195841789246,0.13052457571029663,0.15423248708248138,0.05816621705889702,0.17590436339378357,0.054902851581573486,0.03544193133711815,0.038263335824012756,0.1767224222421646,0.15439742803573608,0.07478169351816177,0.2580975294113159,0.15656733512878418,0.04379287362098694,0.5387288331985474,0.16577115654945374,0.0728120505809784,0.001707594026811421,0.10596134513616562,0.2863186001777649,0.27843955159187317,0.15551991760730743,0.25269025564193726,0.23377767205238342,0.37597399950027466,0.1463937759399414,0.4362068176269531,0.22255057096481323,0.21238678693771362,0.1129034236073494
AE809,0.678571429,0.071428571,0.178571429,0.0,0.178571429,0.071428571,0.0,0.071428571,0.107142857,0.178571429,0.0,0.107142857,0.0,0.428571429,0.142857143,0.142857143,0.0,0.0,0.071428571,1.035714286,1.714285714,0.142857143,0.75,0.214285714,0.142857143,0.0,0.142857143,0.071428571,0.0,0.142857143,0.0,0.285714286,0.142857143,0.642857143,0.535714286,0.357142857,0.142857143,0.0,0.0,0.107142857,0.0,0.214285714,0.142857143,0.0,0.0,0.107142857,0.0,0.0,0.321428571,0.071428571,0.035714286,0.34480443596839905,0.11772278696298599,0.34889474511146545,0.24849168956279755,0.36207133531570435,0.14637771248817444,0.23613397777080536,0.14012104272842407,0.3499487042427063,0.11173142492771149,0.14353643357753754,0.1491626501083374,0.017550664022564888,0.5656753778457642,0.1767135113477707,0.17289762198925018,0.25323066115379333,0.25212493538856506,0.3978387415409088,0.485578328371048,0.7181869745254517,0.1178145557641983,0.5613834857940674,0.13157916069030762,0.053991373628377914,0.10181770473718643,0.06492443382740021,0.07940860837697983,0.07930254936218262,0.27602678537368774,0.21852754056453705,0.333759605884552,0.2274860143661499,0.4207610785961151,0.20840901136398315,0.8121324181556702,0.37602904438972473,0.12875862419605255,0.04351990297436714,0.33720096945762634,0.3258809745311737,0.22153130173683167,0.141093909740448,0.2675962746143341,0.30654779076576233,0.4204637408256531,0.2582709491252899,0.31277960538864136,0.2624320089817047,0.20044830441474915,0.13643549382686615
AH342,0.933333333,3.033333333,0.333333333,0.033333333,0.1,0.066666667,0.633333333,0.1,0.8,0.2,0.333333333,0.0,0.2,1.1,0.066666667,0.233333333,0.0,0.166666667,0.133333333,0.0,0.0,0.0,0.066666667,0.0,0.0,0.0,0.0,0.0,0.0,0.0,0.0,0.0,0.0,0.0,0.0,0.0,0.0,0.0,0.0,0.033333333,0.0,0.0,0.0,0.0,0.366666667,0.0,0.0,0.0,0.033333333,0.366666667,0.033333333,0.7428299188613892,1.736487627029419,0.46711692214012146,0.16982504725456238,0.25489944219589233,0.11333610117435455,0.45135512948036194,0.18923898041248322,0.999345600605011,0.42318350076675415,0.4141729772090912,0.3138990104198456,0.18823698163032532,1.2486659288406372,0.217134490609169,0.23311439156532288,0.08916260302066803,0.07907150685787201,0.048828840255737305,0.1589469313621521,0.26491665840148926,0.045751675963401794,0.18888020515441895,0.1378127783536911,0.06785236299037933,0.3194032311439514,0.07925749570131302,0.09832438081502914,0.2698381841182709,0.26948389410972595,0.2938448488712311,0.2887897789478302,0.15174363553524017,0.11238322407007217,0.1377226561307907,0.25574791431427,0.05771508812904358,0.08337204903364182,0.02364879846572876,0.28474628925323486,0.14076194167137146,0.1472209244966507,0.038956061005592346,0.12693186104297638,0.22319737076759338,0.10503490269184113,0.10732648521661758,0.005845715757459402,0.1968143880367279,0.1992836594581604,0.06794268637895584
AJ010,0.137931034,0.0,0.517241379,0.0,0.103448276,0.0,0.0,0.068965517,0.517241379,0.0,0.0,0.103448276,0.0,0.413793103,0.275862069,0.137931034,0.275862069,0.068965517,0.103448276,0.793103448,0.344827586,0.965517241,0.206896552,0.620689655,0.0,0.0,0.862068966,0.275862069,1.068965517,0.482758621,0.620689655,0.965517241,0.689655172,0.310344828,0.448275862,0.482758621,0.068965517,0.413793103,0.0,1.517241379,0.0,0.0,0.24137931,0.0,0.068965517,0.068965517,0.0,0.0,0.068965517,0.0,0.0,0.3078756034374237,0.021164868026971817,0.4371403753757477,0.22832749783992767,0.3830975592136383,0.09224724024534225,0.47031012177467346,0.3440162241458893,0.5782635807991028,0.11713870614767075,0.1374998539686203,0.19239205121994019,0.07958448678255081,1.3143582344055176,0.48649099469184875,0.39043477177619934,0.2502010762691498,0.15433445572853088,0.1096724271774292,0.5077458024024963,0.396257221698761,0.24219563603401184,0.2892143130302429,0.120028555393219,0.05012064427137375,0.14265236258506775,0.18538890779018402,0.11753323674201965,0.19088423252105713,0.26506727933883667,0.2904655635356903,0.23029257357120514,0.19036675989627838,0.24119225144386292,0.06370550394058228,0.591345489025116,0.05611729249358177,0.027890197932720184,0.030153077095746994,0.12953157722949982,0.19137133657932281,0.14770852029323578,0.08530712127685547,0.1844089776277542,0.17643333971500397,0.11075212806463242,0.058846425265073776,0.16196167469024658,0.1851356029510498,0.14457760751247406,0.07644084841012955
AJ283,1.206896552,0.068965517,0.482758621,0.0,0.931034483,0.103448276,0.275862069,0.0,0.068965517,0.0,0.0,0.0,0.0,0.310344828,0.172413793,0.103448276,0.24137931,0.172413793,0.068965517,0.931034483,0.724137931,0.103448276,1.379310345,0.172413793,0.0,0.103448276,0.0,0.137931034,0.103448276,0.103448276,0.068965517,0.068965517,0.24137931,0.896551724,0.413793103,1.551724138,0.310344828,0.034482759,0.0,0.0,0.0,0.551724138,0.0,0.0,0.24137931,0.344827586,0.172413793,0.137931034,0.137931034,0.310344828,0.137931034,0.43641161918640137,0.029218904674053192,0.37834620475769043,0.17521226406097412,0.38518229126930237,0.03992820903658867,0.23201432824134827,0.16814428567886353,0.8214048147201538,0.15956632792949677,0.2198602259159088,0.1703447550535202,0.04844026640057564,0.8345809578895569,0.23065972328186035,0.2747044563293457,0.21595315635204315,0.08854752779006958,0.07855843752622604,0.3911401331424713,0.46499547362327576,0.10124295949935913,0.4548819065093994,0.11885872483253479,0.05297064781188965,0.11140347272157669,0.28316545486450195,0.13615502417087555,0.4252201318740845,0.3323977291584015,0.3033996522426605,0.14913563430309296,0.12543541193008423,0.41184890270233154,0.19360145926475525,0.4975741505622864,0.09258824586868286,0.049424249678850174,0.06806273013353348,0.3827391564846039,0.13538256287574768,0.15731093287467957,0.1392829567193985,0.20178371667861938,0.12496018409729004,0.26102057099342346,0.1358725130558014,0.3010280132293701,0.21542204916477203,0.15939298272132874,0.09626325964927673
AJ316,0.103448276,0.0,0.172413793,0.0,0.24137931,0.0,0.172413793,0.0,0.24137931,0.0,0.0,0.0,0.0,0.413793103,0.172413793,0.206896552,0.344827586,0.379310345,0.206896552,1.586206897,2.137931034,0.0,1.724137931,0.482758621,0.0,0.0,0.103448276,0.379310345,0.620689655,0.103448276,0.034482759,0.034482759,0.068965517,0.24137931,0.137931034,0.655172414,0.068965517,0.0,0.0,0.103448276,0.0,0.24137931,0.0,0.0,0.137931034,0.034482759,0.103448276,0.0,0.448275862,0.24137931,0.0,0.5868536233901978,0.16531160473823547,0.47947773337364197,0.4442142844200134,0.3884938657283783,0.15516509115695953,0.2659423351287842,0.18560048937797546,0.3158157169818878,0.10824191570281982,0.07717233896255493,0.09645435959100723,0.020588500425219536,0.6894991397857666,0.20012666285037994,0.17404186725616455,0.20783747732639313,0.129464253783226,0.11621160060167313,0.6450878977775574,0.9727100133895874,0.143398255109787,0.6883057951927185,0.17114253342151642,0.04504312574863434,0.10975533723831177,0.06887232512235641,0.11648446321487427,0.08999805897474289,0.22096754610538483,0.23645460605621338,0.08564367890357971,0.11870402097702026,0.4418676197528839,0.1436711549758911,0.7729764580726624,0.1792619377374649,0.04105718806385994,0.04668005555868149,0.18544089794158936,0.24814759194850922,0.17636741697788239,0.1333072930574417,0.21809810400009155,0.2348024696111679,0.23164799809455872,0.17439217865467072,0.1814405769109726,0.28855445981025696,0.1583550125360489,0.17317122220993042
AJ537,0.24137931,0.034482759,0.24137931,0.310344828,0.137931034,0.0,0.310344828,0.24137931,1.137931034,0.0,0.724137931,0.75862069,0.24137931,2.068965517,0.965517241,0.344827586,0.482758621,0.724137931,1.413793103,0.137931034,0.310344828,0.24137931,0.068965517,0.0,0.0,0.103448276,0.0,0.0,0.0,0.0,0.0,0.0,0.0,0.0,0.0,0.24137931,0.0,0.103448276,0.0,0.0,0.172413793,0.172413793,0.034482759,0.310344828,0.206896552,0.24137931,0.0,0.689655172,0.172413793,0.103448276,0.0,0.3136047422885895,0.017105933278799057,0.2389739602804184,0.16035644710063934,0.2198796570301056,0.08911237865686417,0.20363940298557281,0.19313153624534607,0.5190441012382507,0.14904733002185822,0.06125372648239136,0.10833389312028885,0.03504979982972145,0.9244365096092224,0.34284916520118713,0.275720477104187,0.22239243984222412,0.183472141623497,0.6405710577964783,0.6003818511962891,0.3115425705909729,0.28284958004951477,0.29495006799697876,0.12627017498016357,0.047193001955747604,0.12851198017597198,0.09073685109615326,0.05391577258706093,0.1493442803621292,0.37508827447891235,0.2771824300289154,0.3601045310497284,0.3938479721546173,0.13679949939250946,0.06996482610702515,0.41042420268058777,0.14879052340984344,0.05879171937704086,0.030470479279756546,0.17498211562633514,0.23151955008506775,0.14184388518333435,0.15389029681682587,0.2078077495098114,0.1482505053281784,0.27233457565307617,0.07264041900634766,0.23813362419605255,0.16490639746189117,0.15653838217258453,0.11721473932266235
AK717,0.933333333,1.9,0.466666667,0.0,0.333333333,0.0,0.3,0.433333333,1.233333333,0.0,0.366666667,0.3,0.0,1.633333333,0.166666667,0.633333333,0.133333333,0.0,0.0,0.166666667,0.166666667,0.0,0.1,0.0,0.0,0.0,0.066666667,0.0,0.266666667,0.266666667,0.1,0.066666667,0.0,0.233333333,0.0,0.2,0.0,0.0,0.0,0.066666667,0.066666667,0.1,0.0,0.233333333,0.066666667,0.1,0.0,0.0,0.0,0.1,0.0,0.6279473900794983,0.4180922210216522,0.5036593675613403,0.13729102909564972,0.47259649634361267,0.18322712182998657,0.44444942474365234,0.27514249086380005,0.7947977781295776,0.21449975669384003,0.25467610359191895,0.23626576364040375,0.12200695276260376,1.1730364561080933,0.32644009590148926,0.3215934634208679,0.23790660500526428,0.06681209057569504,0.08303997665643692,0.41045695543289185,0.5909414291381836,0.12511903047561646,0.3300921618938446,0.13656896352767944,0.061758119612932205,0.1962510645389557,0.204451784491539,0.11330951750278473,0.15594331920146942,0.26251867413520813,0.24866138398647308,0.05948159098625183,0.16615042090415955,0.18124103546142578,0.07021179795265198,0.358074814081192,0.06206599622964859,0.029252175241708755,0.016908565536141396,0.0956823080778122,0.1614867001771927,0.14415191113948822,0.06734809279441833,0.13851326704025269,0.11572311818599701,0.19771356880664825,0.1426871120929718,0.23666195571422577,0.228175550699234,0.17091111838817596,0.13403187692165375
AK852,0.3,0.0,0.433333333,0.233333333,0.333333333,0.533333333,0.533333333,0.333333333,0.966666667,2.833333333,0.466666667,0.566666667,0.0,1.866666667,0.233333333,0.3,0.2,0.0,0.0,0.0,0.0,0.0,0.0,0.066666667,0.033333333,0.066666667,0.0,0.0,0.0,0.633333333,0.533333333,0.033333333,0.0,0.0,0.0,0.133333333,0.0,0.0,0.0,0.0,0.0,0.0,0.0,0.233333333,0.0,0.6,0.1,0.733333333,0.0,0.0,0.166666667,0.478006511926651,0.0720273032784462,0.4610270857810974,0.14846615493297577,0.16746877133846283,0.2514928877353668,0.5656930208206177,0.2298675775527954,0.9539152979850769,0.6909658908843994,0.3437730669975281,0.25633135437965393,0.06542542576789856,1.3462622165679932,0.19678160548210144,0.27461597323417664,0.1861303299665451,0.07747180014848709,0.06626402586698532,0.21141104400157928,0.36452409625053406,0.0279778391122818,0.2533096373081207,0.09565182775259018,0.0498783104121685,0.20220930874347687,0.05728887766599655,0.0646696388721466,0.10497412830591202,0.3580711781978607,0.28414562344551086,0.030175158753991127,0.11161749809980392,0.11466236412525177,0.018763694912195206,0.3028213381767273,0.1968170702457428,0.014789445325732231,0.01582915149629116,0.07167478650808334,0.11605711281299591,0.13906575739383698,0.039420440793037415,0.2075904905796051,0.15474720299243927,0.43491101264953613,0.12902423739433289,0.48282402753829956,0.15666422247886658,0.12022291123867035,0.1541971117258072
AK864,1.833333333,0.033333333,0.366666667,0.0,0.466666667,0.066666667,0.1,0.066666667,0.166666667,0.1,0.033333333,0.0,0.0,0.3,0.333333333,0.166666667,0.1,0.2,0.6,1.1,1.366666667,0.466666667,0.766666667,0.0,0.0,0.266666667,0.0,0.5,0.0,0.166666667,0.033333333,0.066666667,0.0,0.7,0.2,1.0,0.0,0.066666667,0.0,0.233333333,0.1,0.066666667,0.0,0.1,0.033333333,0.533333333,0.1,0.033333333,0.433333333,0.2,0.4,0.5479732751846313,0.020885992795228958,0.45155420899391174,0.17784884572029114,0.4597312808036804,0.11404597759246826,0.2286425530910492,0.13105112314224243,0.3273159861564636,0.12354099750518799,0.06611815840005875,0.08538483828306198,0.02909674122929573,0.6633277535438538,0.1823451668024063,0.08571083843708038,0.13076594471931458,0.10409978032112122,0.14303863048553467,0.6367760896682739,0.5713384747505188,0.27772048115730286,0.31391817331314087,0.12996381521224976,0.04572400450706482,0.15357045829296112,0.09613703191280365,0.06283052265644073,0.17223703861236572,0.22906935214996338,0.15377779304981232,0.2077893614768982,0.2745519280433655,0.3018396496772766,0.08416397124528885,0.692478597164154,0.13989581167697906,0.05660447105765343,0.006900104694068432,0.06211337074637413,0.2595553994178772,0.13830499351024628,0.1556662917137146,0.15956972539424896,0.10888706147670746,0.3460356593132019,0.19038109481334686,0.22091232240200043,0.23926866054534912,0.18807879090309143,0.10046589374542236
AK942,0.166666667,0.2,0.2,0.1,0.166666667,0.0,0.266666667,0.0,0.466666667,0.066666667,0.0,0.166666667,0.0,0.666666667,0.233333333,0.133333333,0.066666667,0.0,0.033333333,0.033333333,0.0,0.0,0.1,0.0,0.0,0.066666667,0.1,0.1,0.366666667,0.933333333,0.333333333,0.066666667,0.066666667,0.166666667,0.0,0.6,1.5,1.333333333,0.033333333,0.4,0.0,0.1,0.333333333,0.133333333,0.533333333,2.133333333,0.333333333,0.333333333,0.266666667,0.233333333,0.2,0.7898843288421631,0.31624510884284973,0.47266456484794617,0.20823228359222412,0.20819804072380066,0.1297517716884613,0.33638671040534973,0.16822412610054016,0.7434730529785156,0.33476725220680237,0.20851817727088928,0.24333252012729645,0.05257917568087578,0.9896125197410583,0.22022861242294312,0.13657133281230927,0.1254064440727234,0.08707956969738007,0.0790342390537262,0.22075802087783813,0.3088230490684509,0.17835798859596252,0.17136336863040924,0.12505994737148285,0.05007172375917435,0.23586547374725342,0.0737709328532219,0.0655103251338005,0.1443050503730774,0.579881489276886,0.33796194195747375,0.1989806592464447,0.319900780916214,0.19927136600017548,0.09598279744386673,0.5263347029685974,0.17611703276634216,0.3544310927391052,0.044801317155361176,0.2484307438135147,0.1705256849527359,0.14658668637275696,0.11040376126766205,0.199030801653862,0.22432808578014374,1.0067976713180542,0.14480191469192505,0.3722851276397705,0.24103471636772156,0.18422028422355652,0.2366219162940979
AL100,1.233333333,0.0,0.233333333,0.066666667,0.3,0.2,0.266666667,0.033333333,0.433333333,0.1,0.0,0.0,0.0,0.7,0.366666667,0.333333333,0.3,0.033333333,0.033333333,0.166666667,0.0,0.066666667,0.266666667,0.266666667,0.1,0.6,0.166666667,0.0,0.8,0.966666667,0.133333333,0.1,0.0,0.433333333,0.166666667,1.5,0.2,0.266666667,0.133333333,0.133333333,0.1,0.0,0.866666667,0.266666667,0.066666667,0.5,0.333333333,0.2,0.0,0.0,0.033333333,0.6357795596122742,0.15421225130558014,0.43440425395965576,0.2745642364025116,0.4575902819633484,0.13318873941898346,0.44030508399009705,0.19665594398975372,0.48725688457489014,0.22523312270641327,0.15390008687973022,0.1491401642560959,0.016652679070830345,0.8602296113967896,0.2012644112110138,0.19350357353687286,0.15429571270942688,0.08585795015096664,0.04244118556380272,0.20796668529510498,0.2953176200389862,0.05076619237661362,0.12896694242954254,0.0793076604604721,0.04442344605922699,0.2549888789653778,0.040557846426963806,0.05846370756626129,0.17252415418624878,0.325542688369751,0.22428064048290253,0.03530289977788925,0.10331328213214874,0.2788489758968353,0.09101145714521408,0.9906041026115417,0.4467124044895172,0.30034974217414856,0.0707571879029274,0.178476482629776,0.1993744820356369,0.1376330852508545,0.2644193470478058,0.13227756321430206,0.1582466959953308,0.3820510506629944,0.12446410208940506,0.08055240660905838,0.2698083221912384,0.18712113797664642,0.14424613118171692
AL415,0.7,0.0,0.766666667,0.0,0.866666667,0.2,0.4,0.3,0.233333333,0.166666667,0.033333333,0.0,0.0,0.833333333,0.266666667,0.1,0.233333333,0.166666667,0.033333333,0.966666667,1.566666667,0.266666667,0.533333333,0.166666667,0.0,0.133333333,0.166666667,0.0,0.133333333,0.1,0.066666667,0.066666667,0.133333333,0.366666667,0.033333333,0.533333333,0.133333333,0.0,0.0,0.266666667,0.2,0.066666667,0.266666667,0.133333333,0.066666667,0.3,0.166666667,0.233333333,0.266666667,0.1,0.166666667,0.5811717510223389,0.110260009765625,0.4520154595375061,0.374045193195343,0.33281266689300537,0.14813780784606934,0.27257832884788513,0.1538865566253662,0.8189327120780945,0.14039404690265656,0.1793505996465683,0.15177080035209656,0.025975940749049187,0.9075242280960083,0.17383484542369843,0.12507441639900208,0.1947389543056488,0.0741453468799591,0.10033159703016281,0.43727225065231323,0.5897342562675476,0.09164237231016159,0.5176387429237366,0.11031156033277512,0.047383494675159454,0.12468352168798447,0.06465297937393188,0.08042775094509125,0.06191197782754898,0.31269779801368713,0.26097723841667175,0.05011780560016632,0.13848963379859924,0.23336097598075867,0.11517413705587387,0.5270106792449951,0.08399326354265213,0.09921778738498688,0.0597938634455204,0.13156747817993164,0.20071014761924744,0.14731216430664062,0.09430216252803802,0.21629926562309265,0.2513163387775421,0.2306351214647293,0.1478932499885559,0.26441332697868347,0.19380803406238556,0.1436559408903122,0.1103452742099762
AM172,0.266666667,0.0,0.3,0.366666667,0.266666667,0.0,0.133333333,0.2,0.166666667,0.0,0.0,0.0,0.0,0.766666667,0.166666667,0.166666667,0.4,0.166666667,0.0,0.366666667,0.133333333,0.333333333,0.233333333,0.133333333,0.0,0.233333333,0.1,0.0,0.266666667,0.4,0.266666667,0.6,0.366666667,0.266666667,0.3,0.9,0.066666667,0.666666667,0.633333333,2.033333333,0.1,0.0,0.133333333,0.0,0.233333333,0.2,0.0,0.0,0.3,0.166666667,0.0,0.261235773563385,0.004372566007077694,0.36362138390541077,0.2419692426919937,0.38384780287742615,0.09677889198064804,0.24553990364074707,0.24320723116397858,0.3435571789741516,0.09723494201898575,0.1402590274810791,0.151818186044693,0.035981014370918274,0.8658076524734497,0.27401062846183777,0.2774769961833954,0.39747098088264465,0.2663939893245697,0.15628507733345032,0.3115702271461487,0.2918614149093628,0.21469128131866455,0.23541989922523499,0.12366987019777298,0.05418384075164795,0.21101607382297516,0.05489422380924225,0.050321731716394424,0.15409143269062042,0.24242208898067474,0.2914791703224182,0.3148544132709503,0.24095208942890167,0.1613575965166092,0.1633545309305191,0.7900144457817078,0.23688776791095734,0.23801903426647186,0.06664121896028519,0.7041633129119873,0.29907822608947754,0.16418100893497467,0.17702940106391907,0.1830156445503235,0.3653925061225891,0.18794815242290497,0.05503195896744728,0.10254728049039841,0.23876546323299408,0.17929574847221375,0.11996325105428696
AM349,0.8,1.3,0.833333333,0.133333333,0.333333333,0.0,0.433333333,0.066666667,1.433333333,0.066666667,0.8,0.0,0.0,1.5,0.3,0.3,0.366666667,0.0,0.0,0.166666667,0.233333333,0.0,0.366666667,0.066666667,0.0,0.1,0.0,0.0,0.133333333,0.633333333,0.433333333,0.166666667,0.666666667,0.0,0.033333333,0.366666667,0.0,0.0,0.0,0.0,0.1,0.0,0.0,0.2,0.2,0.133333333,0.1,0.2,0.0,0.033333333,0.166666667,0.4669667184352875,0.1460997611284256,0.654700517654419,0.32191911339759827,0.4847638010978699,0.1737527996301651,0.47967568039894104,0.37417563796043396,0.633354902267456,0.12209498882293701,0.2583330571651459,0.13548336923122406,0.04002292454242706,1.1402314901351929,0.28619131445884705,0.2936423718929291,0.3205605447292328,0.15735307335853577,0.15661628544330597,0.30984610319137573,0.2273445725440979,0.1727691888809204,0.06054392457008362,0.13169777393341064,0.04933108389377594,0.16265344619750977,0.03546158969402313,0.06126527115702629,0.07129663228988647,0.26033714413642883,0.2573709487915039,0.13662303984165192,0.4255464971065521,0.10973261296749115,0.04227786883711815,0.44360920786857605,0.035942286252975464,0.0013353830436244607,0.010791760869324207,0.1402829885482788,0.1498287469148636,0.14530734717845917,0.07090652734041214,0.16029180586338043,0.19175446033477783,0.09387404471635818,0.12636515498161316,0.08624964952468872,0.18195004761219025,0.16478444635868073,0.07177257537841797
AM706,0.333333333,0.1,0.3,0.133333333,0.3,0.0,0.3,0.066666667,0.4,0.0,0.133333333,0.3,0.0,0.666666667,0.0,0.1,0.0,0.0,0.0,0.133333333,0.233333333,0.0,0.166666667,0.033333333,0.0,0.0,0.266666667,0.133333333,0.633333333,0.533333333,0.0,0.633333333,0.066666667,0.1,0.2,1.066666667,0.233333333,0.266666667,0.466666667,1.533333333,0.2,0.1,0.1,0.0,0.066666667,0.233333333,0.0,0.066666667,0.266666667,0.133333333,0.4,0.6298885941505432,1.4650671482086182,0.5102472901344299,0.19957968592643738,0.3309696912765503,0.28477346897125244,0.6022889614105225,0.22494937479496002,0.6040832996368408,0.3292303681373596,0.30901116132736206,0.189091295003891,0.16723811626434326,0.7782272100448608,0.15828539431095123,0.25254395604133606,0.10337064415216446,0.0867806002497673,0.019888892769813538,0.17221713066101074,0.3167802095413208,0.040072839707136154,0.22714421153068542,0.09162375330924988,0.07053904980421066,0.2556716799736023,0.31881964206695557,0.09036935865879059,0.29141393303871155,0.2054334282875061,0.1563037484884262,0.06651493906974792,0.1141836866736412,0.1686035394668579,0.1097382977604866,0.45261311531066895,0.21375003457069397,0.015021441504359245,0.02211502194404602,0.20546936988830566,0.16072125732898712,0.14701148867607117,0.03537246584892273,0.11582255363464355,0.2350771278142929,0.15562433004379272,0.09949278831481934,0.1363956332206726,0.17957310378551483,0.18199516832828522,0.08775357902050018
AM997,0.5,0.0,0.4,0.133333333,0.5,0.233333333,0.266666667,0.5,0.233333333,0.0,0.133333333,0.0,0.133333333,0.633333333,0.2,0.2,0.0,0.433333333,0.066666667,0.566666667,0.733333333,0.466666667,0.3,0.0,0.066666667,0.066666667,0.0,0.0,0.233333333,0.4,0.333333333,0.566666667,1.3,0.566666667,0.133333333,1.2,0.0,0.0,0.0,0.0,0.3,0.066666667,0.0,0.0,0.066666667,0.0,0.033333333,0.166666667,0.066666667,0.0,0.166666667,0.5040004849433899,0.03274398297071457,0.6000446081161499,0.36437490582466125,0.45799145102500916,0.18255850672721863,0.4275658130645752,0.3424527943134308,0.38108304142951965,0.112956702709198,0.07026270776987076,0.11619812995195389,0.039438650012016296,1.1547974348068237,0.2881157398223877,0.2498396933078766,0.15269887447357178,0.09090013802051544,0.06279946863651276,0.5799156427383423,0.47662049531936646,0.13940611481666565,0.27712327241897583,0.08750418573617935,0.0646437481045723,0.14685839414596558,0.1441870778799057,0.05712771788239479,0.09040769189596176,0.24662446975708008,0.19371122121810913,0.08799806237220764,0.12507101893424988,0.31861698627471924,0.0580187626183033,0.7987203598022461,0.1303354948759079,0.008597790263593197,0.009918585419654846,0.025179915130138397,0.19890442490577698,0.1443212330341339,0.13971075415611267,0.1554412841796875,0.21466831862926483,0.21100161969661713,0.1548711508512497,0.15064971148967743,0.22039411962032318,0.14936719834804535,0.10375412553548813
AN885,0.066666667,0.0,0.666666667,0.066666667,1.1,0.233333333,0.433333333,0.633333333,0.266666667,0.0,0.133333333,0.033333333,0.2,1.433333333,0.8,0.633333333,3.1,0.466666667,0.4,0.066666667,0.0,0.0,0.066666667,0.0,0.0,0.0,0.0,0.0,0.0,0.133333333,0.0,0.1,0.0,0.066666667,0.0,0.3,0.0,0.0,0.0,0.0,0.0,0.2,0.066666667,0.533333333,0.033333333,0.166666667,0.0,0.0,0.033333333,0.033333333,0.033333333,0.36980628967285156,0.12677843868732452,0.514530599117279,0.41089534759521484,0.7156711220741272,0.23999522626399994,0.37772858142852783,0.47941508889198303,0.3920350670814514,0.10913227498531342,0.1114218682050705,0.17564208805561066,0.0556480772793293,1.1412816047668457,0.4080107510089874,0.4408457279205322,0.7891651391983032,1.1480854749679565,0.42790907621383667,0.31746912002563477,0.42029502987861633,0.2605802118778229,0.3207509219646454,0.21345804631710052,0.06933797895908356,0.48185086250305176,0.07746552675962448,0.07420545071363449,0.1568797379732132,0.17323701083660126,0.20788758993148804,0.19872085750102997,0.2139926701784134,0.13368771970272064,0.11159247159957886,0.6806510090827942,0.1307862251996994,0.07867375761270523,0.02695895917713642,0.1846337914466858,0.3080649971961975,0.29843536019325256,0.0940697118639946,0.358720600605011,0.3610520362854004,0.2663414180278778,0.07353559881448746,0.2884621322154999,0.25789007544517517,0.23418335616588593,0.10903438180685043
AO235,0.333333333,0.133333333,0.233333333,0.533333333,0.6,0.5,0.566666667,0.6,1.5,0.0,0.3,0.233333333,0.3,1.766666667,0.366666667,0.5,0.366666667,0.133333333,0.033333333,0.066666667,0.166666667,0.166666667,0.066666667,0.033333333,0.0,0.066666667,0.033333333,0.0,0.0,0.133333333,0.0,0.033333333,0.0,0.133333333,0.066666667,0.366666667,0.266666667,0.0,0.0,0.066666667,0.333333333,0.3,0.033333333,0.133333333,0.1,0.0,0.0,0.0,0.766666667,0.133333333,0.0,0.4330936074256897,0.03192251920700073,0.4997112452983856,0.23014885187149048,0.48828914761543274,0.13457901775836945,0.453586220741272,0.38034141063690186,1.1649694442749023,0.13982732594013214,0.2918644845485687,0.4304579198360443,0.09508037567138672,1.5367251634597778,0.36721640825271606,0.3892352879047394,0.367072194814682,0.136119544506073,0.10817611962556839,0.2178613394498825,0.34465745091438293,0.08445214480161667,0.2027915120124817,0.10976600646972656,0.05507877841591835,0.2768867611885071,0.07018670439720154,0.09580323845148087,0.1274816393852234,0.24970929324626923,0.3152606189250946,0.05251757800579071,0.13055449724197388,0.13676226139068604,0.01759237051010132,0.6582173109054565,0.07189717143774033,0.035498883575201035,0.04901053383946419,0.18298615515232086,0.14785246551036835,0.1405470222234726,0.10590566694736481,0.19268569350242615,0.19339431822299957,0.1923941671848297,0.10464149713516235,0.18232101202011108,0.191762775182724,0.13947968184947968,0.08013007044792175
AO882,0.233333333,0.0,0.433333333,0.166666667,0.3,0.0,0.533333333,0.433333333,0.433333333,0.0,0.0,0.033333333,0.0,1.366666667,0.5,0.433333333,0.166666667,0.066666667,0.0,0.866666667,1.266666667,0.433333333,0.933333333,0.3,0.433333333,0.233333333,0.933333333,0.066666667,0.5,0.266666667,0.366666667,0.133333333,0.133333333,0.1,0.066666667,0.6,0.0,0.1,0.166666667,1.033333333,0.3,0.2,0.0,0.133333333,0.233333333,0.0,0.0,0.066666667,0.066666667,0.266666667,0.033333333,0.3756728768348694,0.01657387800514698,0.4003264605998993,0.18816088140010834,0.45606520771980286,0.11071953177452087,0.33032384514808655,0.2940226197242737,0.39816540479660034,0.10663005709648132,0.08295281231403351,0.12791508436203003,0.03478327766060829,1.1993714570999146,0.4750251770019531,0.2687476575374603,0.3680473268032074,0.14620907604694366,0.07353643327951431,0.6509473323822021,0.543361246585846,0.191153421998024,0.4097784757614136,0.13125161826610565,0.05980431288480759,0.22185710072517395,0.18054096400737762,0.09787008166313171,0.18966470658779144,0.28505951166152954,0.1990869790315628,0.13493336737155914,0.15374206006526947,0.30045464634895325,0.050610803067684174,0.7287467122077942,0.10600592195987701,0.032354213297367096,0.01714501902461052,0.12821164727210999,0.20491649210453033,0.15836231410503387,0.0897001326084137,0.17814145982265472,0.185873344540596,0.15775352716445923,0.07505655288696289,0.15207183361053467,0.18384601175785065,0.15853369235992432,0.06855388730764389
AP182,0.233333333,0.0,0.5,0.266666667,0.433333333,0.033333333,1.166666667,0.8,1.133333333,0.1,0.133333333,0.433333333,0.1,1.7,0.366666667,0.433333333,0.3,0.0,0.0,0.066666667,0.0,0.0,0.0,0.133333333,0.033333333,0.433333333,0.866666667,0.133333333,0.333333333,0.366666667,0.433333333,0.6,0.033333333,0.1,0.1,0.4,0.0,0.0,0.3,1.1,0.166666667,0.133333333,0.366666667,0.0,0.066666667,0.0,0.0,0.166666667,0.2,0.166666667,0.0,0.26360630989074707,0.020311402156949043,0.3143307566642761,0.23128104209899902,0.29418066143989563,0.08640170842409134,0.5117046236991882,0.39314326643943787,0.8933917284011841,0.13103917241096497,0.27154305577278137,0.36211711168289185,0.13230083882808685,1.4355072975158691,0.36816343665122986,0.36329543590545654,0.14493471384048462,0.0804753303527832,0.03253117948770523,0.23757304251194,0.22859817743301392,0.13960769772529602,0.18442761898040771,0.0982302874326706,0.05440910533070564,0.0986083522439003,0.1589403748512268,0.09011024981737137,0.2194150984287262,0.286059707403183,0.31500867009162903,0.35501328110694885,0.265738844871521,0.10331709682941437,0.08449319005012512,0.4709298312664032,0.1248338595032692,0.1657131314277649,0.08815917372703552,0.44654613733291626,0.19438889622688293,0.1579533964395523,0.16927096247673035,0.17967931926250458,0.14331774413585663,0.10546047240495682,0.06894339621067047,0.12066197395324707,0.20094417035579681,0.11993828415870667,0.05042706057429314
AP810,0.433333333,0.1,0.5,1.8,0.666666667,0.333333333,0.6,0.4,1.033333333,0.066666667,0.566666667,0.466666667,0.533333333,1.7,0.666666667,0.366666667,0.333333333,0.0,0.0,0.233333333,0.2,0.0,0.0,0.0,0.0,0.266666667,0.066666667,0.033333333,0.233333333,0.5,0.5,0.0,0.0,0.133333333,0.0,0.366666667,0.1,0.0,0.0,0.0,0.333333333,0.366666667,0.1,0.233333333,0.6,0.333333333,0.166666667,0.366666667,0.133333333,0.066666667,0.066666667,0.5940006971359253,0.27724242210388184,0.5269135236740112,0.5528361201286316,0.4542679488658905,0.16866940259933472,0.37257713079452515,0.27595391869544983,0.9621697068214417,0.1464225947856903,0.258118212223053,0.3420502841472626,0.04330569878220558,1.453879475593567,0.20963837206363678,0.2993784248828888,0.16001194715499878,0.07532515376806259,0.02311672456562519,0.2069946974515915,0.4746168553829193,0.02864699997007847,0.2892819046974182,0.07992959767580032,0.05047093331813812,0.049715012311935425,0.07088573276996613,0.057371001690626144,0.06981202960014343,0.25479334592819214,0.2507998049259186,0.038079358637332916,0.13736577332019806,0.16103047132492065,0.04188699647784233,0.4392849802970886,0.10812420397996902,0.03912019357085228,0.04986434429883957,0.04627830535173416,0.1269541084766388,0.14305078983306885,0.05916775390505791,0.1977207064628601,0.528713047504425,0.2657155990600586,0.16725274920463562,0.2134467512369156,0.21559301018714905,0.16129499673843384,0.09329770505428314
