stimulus,true_Green,true_Cucumber,true_Herbal,true_Mint,true_Woody,true_Pine,true_Floral,true_Powdery,true_Fruity,true_Citrus,true_Tropical,true_Berry,true_Peach,true_Sweet,true_Caramellic,true_Vanilla,true_BrownSpice,true_Smoky,true_Burnt,true_Roasted,true_Grainy,true_Meaty,true_Nutty,true_Fatty,true_Coconut,true_Waxy,true_Dairy,true_Buttery,true_Cheesy,true_Sour,true_Fermented,true_Sulfurous,true_Garlic.Onion,true_Earthy,true_Mushroom,true_Musty,true_Ammonia,true_Fishy,true_Fecal,true_Rotten.Decay,true_Rubber,true_Phenolic,true_Animal,true_Medicinal,true_Cooling,true_Sharp,true_Chlorine,true_Alcoholic,true_Plastic,true_Ozone,true_Metallic,pred_Green,pred_Cucumber,pred_Herbal,pred_Mint,pred_Woody,pred_Pine,pred_Floral,pred_Powdery,pred_Fruity,pred_Citrus,pred_Tropical,pred_Berry,pred_Peach,pred_Sweet,pred_Caramellic,pred_Vanilla,pred_BrownSpice,pred_Smoky,pred_Burnt,pred_Roasted,pred_Grainy,pred_Meaty,pred_Nutty,pred_Fatty,pred_Coconut,pred_Waxy,pred_Dairy,pred_Buttery,pred_Cheesy,pred_Sour,pred_Fermented,pred_Sulfurous,pred_Garlic.Onion,pred_Earthy,pred_Mushroom,pred_Musty,pred_Ammonia,pred_Fishy,pred_Fecal,pred_Rotten.Decay,pred_Rubber,pred_Phenolic,pred_Animal,pred_Medicinal,pred_Cooling,pred_Sharp,pred_Chlorine,pred_Alcoholic,pred_Plastic,pred_Ozone,pred_Metallic
AA332,0.076923077,0.038461538,0.0,0.0,0.076923077,0.076923077,0.0,0.0,0.0,0.0,0.0,0.0,0.0,0.0,0.0,0.0,0.0,0.0,0.730769231,0.653846154,0.115384615,0.730769231,0.153846154,0.0,0.0,0.0,0.884615385,0.153846154,0.769230769,0.769230769,0.615384615,0.961538462,0.576923077,0.346153846,0.538461538,0.307692308,0.230769231,0.153846154,0.423076923,1.730769231,0.153846154,0.0,0.615384615,0.0,0.038461538,0.384615385,0.0,0.0,0.0,0.0,0.0,0.21741804480552673,0.14481131732463837,0.1818511039018631,0.0019147691782563925,0.08518758416175842,0.045675128698349,0.09077312797307968,0.12929227948188782,0.20199225842952728,0.04846026375889778,0.04490716755390167,0.06946632266044617,0.024655980989336967,0.2816814184188843,0.09375839680433273,0.1491885632276535,0.12136959284543991,0.25290775299072266,0.4820609390735626,0.5281037092208862,0.300475537776947,0.28364115953445435,0.30605316162109375,0.26894205808639526,0.06446132063865662,0.09356654435396194,0.35416892170906067,0.1838773936033249,0.46275296807289124,0.4625057876110077,0.416864275932312,0.5585542917251587,1.5506103038787842,0.40506020188331604,0.2657369077205658,0.46650460362434387,0.1341737061738968,0.2773585617542267,0.06592912971973419,0.6796631813049316,0.28245195746421814,0.07900521904230118,0.29562294483184814,0.05885534733533859,0.0550188273191452,0.06267549097537994,0.06295418739318848,0.03349966183304787,0.10966181755065918,0.05582769215106964,0.041498951613903046
AA618,0.0,0.0,0.038461538,0.115384615,0.0,0.0,0.115384615,0.269230769,0.0,0.0,0.0,0.192307692,0.0,0.961538462,0.846153846,0.076923077,0.423076923,0.076923077,0.230769231,0.192307692,0.0,0.0,0.0,0.0,0.538461538,0.153846154,0.076923077,0.0,0.0,0.192307692,0.076923077,0.192307692,0.0,0.0,0.0,0.346153846,0.269230769,0.0,0.0,0.0,0.192307692,0.538461538,0.0,1.038461538,0.269230769,0.346153846,0.346153846,1.5,0.730769231,0.192307692,0.076923077,0.2738117575645447,0.14046254754066467,0.4279859960079193,0.40684396028518677,0.286382257938385,0.15643703937530518,0.21297810971736908,0.2904495298862457,0.46702882647514343,0.09195397049188614,0.08236732333898544,0.1622387021780014,0.028345393016934395,0.9731125831604004,0.31979888677597046,0.24959696829319,0.23032017052173615,0.14898255467414856,0.11669301241636276,0.1826695054769516,0.22395148873329163,0.09763827174901962,0.18774579465389252,0.09041822701692581,0.07889756560325623,0.28632351756095886,0.15248368680477142,0.0968095138669014,0.09663704037666321,0.24948948621749878,0.2542501389980316,0.22087189555168152,0.23607783019542694,0.1756254881620407,0.0611250139772892,0.325555682182312,0.16063474118709564,0.06453818827867508,0.05158859118819237,0.16237027943134308,0.18017342686653137,0.22747156023979187,0.0735761746764183,0.6331729292869568,0.7005720138549805,0.5780082941055298,0.17673440277576447,0.7630248665809631,0.24870657920837402,0.15148033201694489,0.12011445313692093
AA725,0.269230769,0.0,0.230769231,0.0,0.153846154,0.115384615,0.192307692,0.076923077,0.461538462,0.0,0.384615385,0.115384615,0.192307692,0.153846154,0.0,0.0,0.0,0.269230769,0.0,0.692307692,0.269230769,0.346153846,0.346153846,0.269230769,0.5,0.807692308,0.115384615,0.807692308,0.461538462,0.230769231,0.230769231,0.076923077,2.115384615,0.0,0.230769231,0.153846154,0.0,0.0,0.0,0.0,0.0,0.0,0.0,0.0,0.038461538,0.153846154,0.0,0.0,0.0,0.0,0.0,0.2731160521507263,0.05826275795698166,0.3137415945529938,0.048612650483846664,0.1286543309688568,0.08202064782381058,0.19246786832809448,0.187652125954628,0.17275363206863403,0.051413487643003464,0.022104712203145027,0.09242460131645203,0.11392243206501007,0.767067015171051,0.3225596845149994,0.2270754724740982,0.12039347738027573,0.1798771768808365,0.32760825753211975,0.4195261597633362,0.3789985179901123,0.22855395078659058,0.19937649369239807,0.2988995611667633,0.1106770783662796,0.5790979266166687,0.35862746834754944,0.26597607135772705,0.3550805151462555,0.35790079832077026,0.2856018543243408,0.41036248207092285,1.605981707572937,0.22570033371448517,0.1461312174797058,0.26907241344451904,0.14594902098178864,0.0783170759677887,0.05548654496669769,0.29666662216186523,0.19581522047519684,0.09317445009946823,0.10745400190353394,0.07855473458766937,0.15329523384571075,0.17427906394004822,0.11459328234195709,0.07512463629245758,0.18617598712444305,0.06094230338931084,0.03529667854309082
AA808,0.0,0.0,0.0,0.0,0.384615385,0.0,0.115384615,0.307692308,0.0,0.0,0.0,0.038461538,0.0,0.384615385,0.0,0.0,0.0,0.346153846,0.230769231,1.5,1.346153846,0.346153846,0.653846154,0.846153846,0.0,0.0,0.538461538,0.230769231,0.692307692,0.115384615,0.0,0.346153846,0.346153846,0.076923077,0.038461538,0.038461538,0.0,0.884615385,0.153846154,0.769230769,0.0,0.0,0.269230769,0.0,0.0,0.0,0.0,0.0,0.0,0.0,0.0,0.3970361053943634,0.1042865514755249,0.21581315994262695,0.16903500258922577,0.24094830453395844,0.07026323676109314,0.06630165129899979,0.1678539663553238,0.23810894787311554,0.03269639238715172,0.04605001211166382,0.08879702538251877,0.05047884210944176,0.49868497252464294,0.19679610431194305,0.19534087181091309,0.156166672706604,0.17264316976070404,0.16869214177131653,1.2286988496780396,1.7454041242599487,0.2135230451822281,0.8448123335838318,0.3158048987388611,0.06616346538066864,0.193510964512825,0.21911408007144928,0.20747679471969604,0.4266878664493561,0.13987961411476135,0.1874048411846161,0.2428606152534485,0.3163447678089142,0.4401814639568329,0.14891724288463593,0.5961390733718872,0.1514747142791748,0.20699265599250793,0.04337869957089424,0.32018840312957764,0.19603607058525085,0.13121306896209717,0.10588456690311432,0.22374199330806732,0.15393716096878052,0.18512865900993347,0.09768164157867432,0.36883479356765747,0.13064467906951904,0.1227678507566452,0.03618130087852478
AB378,0.0,0.0,0.166666667,3.388888889,0.111111111,0.0,0.055555556,0.666666667,0.0,0.277777778,0.0,0.0,0.0,1.111111111,0.166666667,0.166666667,0.0,0.111111111,0.0,0.833333333,1.222222222,0.0,0.611111111,0.222222222,0.055555556,0.0,0.0,0.722222222,0.222222222,0.277777778,0.166666667,0.0,0.0,0.0,0.0,0.0,0.0,0.0,0.0,0.0,0.0,0.0,0.0,0.0,1.111111111,0.0,0.0,0.0,0.0,0.222222222,0.0,0.4420897364616394,0.09287592768669128,0.511898934841156,2.674168348312378,0.4125215411186218,0.1993720829486847,0.322685569524765,0.23180826008319855,0.3228294551372528,0.06358218938112259,0.13758327066898346,0.09409766644239426,0.05847950652241707,0.935210645198822,0.18670447170734406,0.23628805577754974,0.1827612817287445,0.13395768404006958,0.08321718126535416,0.2611772418022156,0.4557574391365051,0.09031308442354202,0.16478364169597626,0.05743866786360741,0.021434055641293526,0.09225568175315857,0.08244543522596359,0.08222652226686478,0.06746700406074524,0.07418601214885712,0.19744311273097992,0.11693993210792542,0.11474082618951797,0.12508097290992737,0.08429518342018127,0.3104918897151947,0.16667801141738892,0.05521230772137642,0.03954170644283295,0.13247530162334442,0.2033458799123764,0.24661056697368622,0.061292070895433426,0.4685588479042053,1.0442790985107422,0.28771641850471497,0.12612970173358917,0.4266241192817688,0.3042217195034027,0.12100264430046082,0.07691887766122818
AB413,0.0,0.055555556,0.111111111,0.111111111,0.444444444,0.222222222,0.333333333,0.555555556,0.888888889,0.0,0.666666667,0.611111111,0.166666667,0.444444444,0.0,0.0,0.0,0.277777778,0.166666667,0.5,0.222222222,0.277777778,0.277777778,0.0,0.055555556,0.0,0.0,0.0,0.055555556,0.055555556,0.0,0.166666667,0.055555556,0.333333333,0.0,0.0,0.0,0.222222222,0.0,0.0,0.166666667,0.055555556,0.055555556,0.222222222,0.444444444,0.555555556,0.0,0.5,0.388888889,0.555555556,0.0,0.3551008701324463,0.0663110613822937,0.4381634294986725,0.2748844623565674,0.04700705036520958,0.21444936096668243,0.6889049410820007,0.2105005979537964,0.42003339529037476,0.22439444065093994,0.20966213941574097,0.14475764334201813,0.10203102976083755,0.41924795508384705,0.11923974007368088,0.13790962100028992,0.14611220359802246,0.20981459319591522,0.45199140906333923,0.3706500232219696,0.22812315821647644,0.2610325813293457,0.13628850877285004,0.10029107332229614,0.0287423487752676,0.11221534758806229,0.09181711077690125,0.08353660255670547,0.13185647130012512,0.25430867075920105,0.20547078549861908,0.29446330666542053,0.8843802809715271,0.23212626576423645,0.12187080085277557,0.1774819940328598,0.15170517563819885,0.19206039607524872,0.048563942313194275,0.21164239943027496,0.21816931664943695,0.14545921981334686,0.25414419174194336,0.18624012172222137,0.25451773405075073,0.36171218752861023,0.13915373384952545,0.13810762763023376,0.18855644762516022,0.09711763262748718,0.09131913632154465
AB641,0.055555556,0.0,0.111111111,0.0,0.0,0.0,0.111111111,0.0,0.0,0.0,0.055555556,0.111111111,0.5,0.555555556,0.0,0.0,0.0,0.0,0.277777778,0.166666667,0.166666667,0.0,0.222222222,0.833333333,0.111111111,0.0,1.277777778,0.611111111,1.0,0.111111111,0.166666667,0.611111111,0.722222222,0.055555556,0.388888889,0.0,0.0,0.555555556,0.0,1.333333333,0.0,0.0,0.111111111,0.0,0.0,0.166666667,0.0,0.0,0.0,0.0,0.0,0.3108460605144501,0.1449512243270874,0.26427382230758667,0.03678064048290253,0.22680208086967468,0.04900994896888733,0.08611483126878738,0.19607684016227722,0.533816397190094,0.18596245348453522,0.15499164164066315,0.16308759152889252,0.05598440021276474,0.7429882884025574,0.15897236764431,0.17693600058555603,0.1341136246919632,0.08749935775995255,0.1430124044418335,0.46621233224868774,0.6342199444770813,0.21584662795066833,0.48170676827430725,0.8277065753936768,0.15780897438526154,0.3540969491004944,0.4107249081134796,0.19929763674736023,0.6705284118652344,0.3139025568962097,0.159157395362854,0.26186278462409973,0.37209266424179077,0.37798911333084106,0.17568260431289673,0.464035302400589,0.1404319703578949,0.3262578845024109,0.06239764019846916,0.5459672212600708,0.12059477716684341,0.13102686405181885,0.11676490306854248,0.3225265443325043,0.14086546003818512,0.15513993799686432,0.09090147167444229,0.11281752586364746,0.15047571063041687,0.0986768901348114,0.08435570448637009
AB988,0.0,0.444444444,0.0,0.0,0.0,0.0,0.0,0.0,0.0,0.0,0.0,0.0,0.0,0.0,0.0,0.0,0.0,0.166666667,0.0,0.722222222,0.166666667,0.444444444,0.0,0.166666667,0.0,0.0,0.0,0.0,0.222222222,0.277777778,0.611111111,0.333333333,3.944444444,0.0,0.0,0.0,0.0,0.0,0.0,0.0,0.0,0.0,0.0,0.0,0.055555556,0.277777778,0.0,0.0,0.0,0.0,0.111111111,0.2325596660375595,0.15172156691551208,0.19608472287654877,0.23740366101264954,0.07421371340751648,0.07079651206731796,0.037922412157058716,0.1465858668088913,0.17877866327762604,0.04493039473891258,0.031201457604765892,0.11972179263830185,0.04969622567296028,0.4130055606365204,0.06766698509454727,0.14378228783607483,0.0958474650979042,0.22280606627464294,0.2638326585292816,0.6173404455184937,0.5409736633300781,0.4109175503253937,0.28843510150909424,0.22999396920204163,0.06016663461923599,0.2958788275718689,0.2600886821746826,0.1718178540468216,0.4484719932079315,0.36306726932525635,0.3094993531703949,0.46968257427215576,2.9049718379974365,0.28996580839157104,0.1537408083677292,0.2746608257293701,0.14358289539813995,0.12287033349275589,0.041718367487192154,0.28730329871177673,0.1954982429742813,0.16285058856010437,0.08854799717664719,0.26331520080566406,0.20108938217163086,0.15447375178337097,0.09725271165370941,0.1751853972673416,0.1402510553598404,0.0882437452673912,0.06626414507627487
AC445,0.285714286,0.0,0.464285714,0.0,0.214285714,0.0,0.178571429,0.071428571,0.178571429,0.0,0.0,0.0,0.0,0.321428571,0.428571429,0.142857143,0.178571429,0.142857143,0.285714286,1.142857143,1.285714286,0.214285714,0.464285714,0.178571429,0.0,0.107142857,0.357142857,0.107142857,0.321428571,0.107142857,0.178571429,0.178571429,0.214285714,0.178571429,0.107142857,0.25,0.0,0.0,0.035714286,0.178571429,0.0,0.0,0.178571429,0.178571429,0.0,0.035714286,0.0,0.0,0.071428571,0.071428571,0.0,0.32909515500068665,0.0644596666097641,0.26226672530174255,0.058890290558338165,0.21951380372047424,0.052448369562625885,0.12156666815280914,0.14111347496509552,0.4949426054954529,0.28059691190719604,0.10369712859392166,0.14346647262573242,0.024152088910341263,0.6585147380828857,0.15209676325321198,0.17605607211589813,0.15751461684703827,0.2692241668701172,0.25146421790122986,0.3874863386154175,0.44778674840927124,0.25258126854896545,0.22078552842140198,0.21938692033290863,0.0795666053891182,0.17903853952884674,0.09244893491268158,0.08600044995546341,0.11130528897047043,0.2753833532333374,0.24133755266666412,0.30976027250289917,0.36052757501602173,0.31330034136772156,0.12109582871198654,0.4555886387825012,0.14577041566371918,0.06773987412452698,0.044136062264442444,0.35657748579978943,0.30010998249053955,0.14771702885627747,0.19564266502857208,0.21835283935070038,0.12592776119709015,0.27342331409454346,0.09892775118350983,0.11287061870098114,0.2397252768278122,0.13201473653316498,0.1037057563662529
AC557,0.037037037,0.0,0.0,0.296296296,0.0,0.0,0.111111111,0.148148148,0.666666667,0.185185185,0.185185185,0.222222222,0.0,0.703703704,0.0,0.0,0.0,0.0,0.111111111,0.148148148,0.111111111,0.074074074,0.111111111,0.037037037,0.148148148,0.148148148,0.0,0.074074074,0.333333333,0.518518519,0.333333333,0.148148148,0.0,0.037037037,0.0,0.62962963,0.555555556,0.148148148,0.37037037,0.481481481,0.185185185,0.62962963,0.592592593,0.37037037,0.296296296,0.148148148,0.0,0.777777778,0.148148148,0.074074074,0.0,0.5906959772109985,0.18428680300712585,0.5199588537216187,0.16184091567993164,0.40114346146583557,0.10722863674163818,0.3557690978050232,0.24266397953033447,0.8231406211853027,0.08408038318157196,0.2296779453754425,0.44122910499572754,0.06660033017396927,0.6903340220451355,0.18264640867710114,0.221920445561409,0.291144460439682,0.1563149094581604,0.1052970364689827,0.3537779152393341,0.4520058333873749,0.13539916276931763,0.3641226887702942,0.17192384600639343,0.033522069454193115,0.11496914178133011,0.08873343467712402,0.08535133302211761,0.14308255910873413,0.19016104936599731,0.34628334641456604,0.17893032729625702,0.16792626678943634,0.2515570819377899,0.09058018773794174,0.649320125579834,0.14216364920139313,0.09530249238014221,0.046303775161504745,0.22756022214889526,0.22623303532600403,0.22350628674030304,0.16034986078739166,0.23915092647075653,0.16054756939411163,0.3310439884662628,0.14078156650066376,0.3031460642814636,0.21806445717811584,0.1523095667362213,0.10599201172590256
AC676,0.0,0.0,0.178571429,0.071428571,0.142857143,0.0,0.071428571,0.214285714,0.107142857,0.0,0.0,0.0,0.0,1.107142857,0.535714286,0.607142857,0.714285714,1.357142857,1.214285714,0.607142857,0.0,0.214285714,0.035714286,0.178571429,0.035714286,0.0,0.035714286,0.0,0.0,0.0,0.0,0.178571429,0.0,0.107142857,0.0,0.428571429,0.285714286,0.0,0.0,0.035714286,0.392857143,0.535714286,0.142857143,0.857142857,0.107142857,0.142857143,0.107142857,0.285714286,0.142857143,0.535714286,0.0,0.2425108253955841,0.06523730605840683,0.37366625666618347,0.25905150175094604,0.4123010039329529,0.18081730604171753,0.27618348598480225,0.4096759259700775,0.2296362668275833,0.0313333198428154,0.025152791291475296,0.10060568898916245,0.03632647544145584,1.637158989906311,0.9647781252861023,0.8786371350288391,0.4329725205898285,0.6759603023529053,0.553563117980957,0.23111316561698914,0.13315945863723755,0.09746414422988892,0.2244940549135208,0.07857821881771088,0.08448700606822968,0.13446259498596191,0.09302325546741486,0.09838167577981949,0.11466853320598602,0.08883640915155411,0.16681963205337524,0.08775782585144043,0.017951827496290207,0.13650888204574585,0.05078932270407677,0.5441627502441406,0.1504807323217392,0.03920920193195343,0.04374128207564354,0.11100433021783829,0.19296708703041077,0.2538797855377197,0.040966570377349854,0.3207371234893799,0.25335875153541565,0.21128681302070618,0.14053761959075928,0.40202292799949646,0.20355898141860962,0.1626317799091339,0.10163633525371552
AD015,0.0,0.0,0.214285714,0.142857143,0.214285714,0.0,0.214285714,0.571428571,0.928571429,0.071428571,0.357142857,0.285714286,0.142857143,1.642857143,0.142857143,0.428571429,0.285714286,0.642857143,0.0,0.0,0.0,0.0,0.0,0.0,0.0,0.0,0.071428571,0.142857143,0.142857143,0.142857143,0.0,0.0,0.0,0.0,0.0,0.285714286,0.142857143,0.0,0.0,0.0,0.0,0.285714286,0.214285714,0.0,0.285714286,0.0,0.0,0.285714286,0.0,0.142857143,0.0,0.24926556646823883,0.08144355565309525,0.4610389173030853,0.1786637008190155,0.364609956741333,0.2113116979598999,0.23219750821590424,0.35824939608573914,0.4334433972835541,0.05827135592699051,0.10671942681074142,0.24749459326267242,0.07230155915021896,1.38611900806427,0.4482909142971039,0.6807483434677124,0.3611193299293518,0.3204661011695862,0.5528632402420044,0.33823302388191223,0.11576946079730988,0.47647327184677124,0.15043281018733978,0.2407856434583664,0.2202964872121811,0.2625890374183655,0.16408026218414307,0.12534275650978088,0.19616754353046417,0.3553799092769623,0.2555033266544342,0.2102200984954834,0.1813785284757614,0.1039338931441307,0.067357636988163,0.40658119320869446,0.13175895810127258,0.06348681449890137,0.04517248645424843,0.22730807960033417,0.2546118199825287,0.32013171911239624,0.08146778494119644,0.2095785140991211,0.1362648904323578,0.18592683970928192,0.11376316100358963,0.1581302434206009,0.1559903770685196,0.19863827526569366,0.13736096024513245
AD085,0.333333333,0.0,0.333333333,0.0,0.6,0.0,0.0,0.0,0.0,0.0,0.0,0.0,0.0,0.866666667,0.4,0.333333333,0.866666667,0.733333333,0.666666667,0.0,0.0,0.2,0.0,0.0,0.0,0.4,0.0,0.0,0.0,0.0,0.066666667,0.2,0.0,0.0,0.0,0.8,0.133333333,0.0,0.0,0.0,1.066666667,0.333333333,0.0,0.533333333,0.2,0.066666667,0.266666667,0.0,0.266666667,0.533333333,0.133333333,0.20683395862579346,0.07743056863546371,0.7336139678955078,0.33904412388801575,1.0757240056991577,0.4265140891075134,0.17318855226039886,0.31169241666793823,0.07275761663913727,0.012641634792089462,0.08385470509529114,0.05939342454075813,0.007409719750285149,0.6804622411727905,0.42237478494644165,0.4966665804386139,0.2886752188205719,0.5666654706001282,0.2087448388338089,0.25704848766326904,0.08563312888145447,0.09985637664794922,0.10215350240468979,0.045171525329351425,0.032000020146369934,0.09332229197025299,0.0418737456202507,0.06635376811027527,0.0563310906291008,0.05465896055102348,0.0740523636341095,0.10077230632305145,0.015549267642199993,0.225325807929039,0.0774739608168602,0.7868295311927795,0.15165890753269196,0.07150447368621826,0.039381448179483414,0.057234056293964386,0.8580576777458191,0.5591038465499878,0.07932688295841217,0.4271850287914276,0.2210625857114792,0.08805079013109207,0.06961466372013092,0.08426527678966522,0.43620842695236206,0.1763332337141037,0.052021391689777374
AD132,0.666666667,0.466666667,1.133333333,3.533333333,0.0,0.266666667,0.2,0.133333333,0.0,0.2,0.0,0.0,0.133333333,0.666666667,0.333333333,0.133333333,0.0,0.0,0.0,0.0,0.0,0.0,0.2,0.0,0.0,0.0,0.0,0.0,0.0,0.0,0.2,0.0,0.0,0.133333333,0.0,0.0,0.0,0.0,0.0,0.0,0.0,0.0,0.0,0.333333333,1.266666667,0.0,0.0,0.0,0.0,0.0,0.0,1.1557581424713135,0.2688731849193573,0.9244546890258789,1.2860766649246216,0.4399438202381134,0.4815853536128998,0.34072574973106384,0.2568010687828064,0.3708089590072632,0.14859598875045776,0.19541551172733307,0.1531653106212616,0.034945048391819,0.7863403558731079,0.12262418121099472,0.2738836705684662,0.20696872472763062,0.1856791377067566,0.0836024135351181,0.16803790628910065,0.12111550569534302,0.15005891025066376,0.08092010021209717,0.05852111428976059,0.033491093665361404,0.07942062616348267,0.054730989038944244,0.06062476336956024,0.050197795033454895,0.056314148008823395,0.26289719343185425,0.0910373330116272,0.21967025101184845,0.17990222573280334,0.056740421801805496,0.28527435660362244,0.13255871832370758,0.04683392122387886,0.040574368089437485,0.08276589214801788,0.11266928911209106,0.18583820760250092,0.05016389116644859,0.44336915016174316,0.8005454540252686,0.450006365776062,0.1365983784198761,0.2609119415283203,0.15499502420425415,0.1405937224626541,0.2972552180290222
AD427,1.133333333,0.6,0.666666667,0.466666667,0.666666667,0.866666667,0.266666667,0.333333333,0.066666667,0.133333333,0.0,0.133333333,0.0,0.466666667,0.0,0.0,0.0,0.0,0.133333333,0.066666667,0.0,0.0,0.0,0.0,0.0,0.066666667,0.0,0.0,0.0,0.0,0.0,0.0,0.0,0.0,0.0,0.533333333,0.0,0.0,0.0,0.0,0.133333333,0.2,0.0,0.2,0.0,0.0,0.0,0.0,0.666666667,0.133333333,0.0,0.38614705204963684,0.3743107318878174,0.44016072154045105,0.2616082429885864,0.3652322590351105,0.2102307826280594,0.1839817762374878,0.2527065873146057,0.3786412477493286,0.08950123190879822,0.1853000372648239,0.12979796528816223,0.1085304319858551,0.5153576135635376,0.14528706669807434,0.16899608075618744,0.1904640644788742,0.256595641374588,0.23931197822093964,0.43335670232772827,0.4310309588909149,0.24265363812446594,0.3847092390060425,0.21673907339572906,0.04909211024641991,0.09862116724252701,0.12159018963575363,0.09788642078638077,0.1903623640537262,0.16821430623531342,0.2461097687482834,0.12912121415138245,0.6030505299568176,0.18750162422657013,0.30996233224868774,0.3863278925418854,0.14022858440876007,0.07203245162963867,0.04260149225592613,0.23412658274173737,0.07184377312660217,0.32943686842918396,0.07880289852619171,0.2462276816368103,0.15090800821781158,0.17731398344039917,0.171010822057724,0.14504994451999664,0.13312728703022003,0.16163967549800873,0.08624787628650665
AD781,0.0,0.0,0.142857143,0.0,0.0,0.0,0.357142857,0.642857143,0.142857143,0.0,0.214285714,0.0,0.0,1.357142857,0.285714286,0.0,0.142857143,0.428571429,1.428571429,0.714285714,0.5,0.071428571,0.428571429,0.0,0.142857143,0.0,0.0,0.0,0.0,0.142857143,0.142857143,0.357142857,0.642857143,0.0,0.0,0.0,0.285714286,0.357142857,0.0,0.142857143,0.214285714,0.142857143,0.285714286,0.0,0.0,0.0,0.071428571,0.0,0.0,0.285714286,0.0,0.12573745846748352,0.06639125943183899,0.34619495272636414,0.07336369901895523,0.2240661233663559,0.0959605872631073,0.14934827387332916,0.18745854496955872,0.055191922932863235,0.013831405900418758,-0.0012437853729352355,0.05474425479769707,0.013403746299445629,0.5943531394004822,0.30125343799591064,0.2926104962825775,0.3083750009536743,1.1770464181900024,0.8651531934738159,0.9772173166275024,0.4956238567829132,0.40711531043052673,0.3212231695652008,0.08843789249658585,0.0559852309525013,0.16213463246822357,0.03774658590555191,0.07562699168920517,0.08765219151973724,0.12148590385913849,0.13474468886852264,0.2378113567829132,0.5849956274032593,0.3202831745147705,0.17895689606666565,0.43624964356422424,0.1670088768005371,0.09604218602180481,0.04158712178468704,0.13066045939922333,0.28309470415115356,0.27167919278144836,0.3164314329624176,0.10411129146814346,0.09109289199113846,0.06976132094860077,0.06182389333844185,0.07489021867513657,0.1408867985010147,0.2299063354730606,0.04504481703042984
AD862,0.0,0.0,0.142857143,0.071428571,0.0,0.0,0.0,0.214285714,0.214285714,0.0,0.0,0.0,0.0,0.857142857,0.0,0.214285714,0.428571429,0.857142857,0.214285714,0.285714286,0.285714286,0.571428571,0.0,0.0,0.0,0.0,0.0,0.0,0.071428571,0.428571429,0.285714286,0.0,3.357142857,0.142857143,0.0,0.0,0.0,0.0,0.0,0.428571429,0.214285714,0.0,0.0,0.142857143,0.214285714,0.0,0.0,0.0,0.0,0.0,0.142857143,0.11500949412584305,0.05456087738275528,0.3324858844280243,0.03263639658689499,0.1029214859008789,0.101780965924263,0.11801112443208694,0.21832318603992462,0.039809297770261765,-0.0021642211358994246,-0.005127121694386005,0.0406516008079052,0.0228187907487154,0.42411309480667114,0.23350660502910614,0.22728405892848969,0.302276074886322,1.2071216106414795,0.4314357340335846,0.8002914190292358,0.2975409924983978,0.5285475850105286,0.11403631418943405,0.06676662713289261,0.047419223934412,0.08137669414281845,0.06841771304607391,0.07136964797973633,0.1657651662826538,0.21204020082950592,0.158431276679039,0.26497435569763184,2.0283572673797607,0.22338421642780304,0.08691706508398056,0.30921489000320435,0.14052814245224,0.05403174087405205,0.04684334993362427,0.10200738161802292,0.29522255063056946,0.20709548890590668,0.12321129441261292,0.05894799157977104,0.11918417364358902,0.020302165299654007,0.058493826538324356,0.038593363016843796,0.13533468544483185,0.15972131490707397,0.13556665182113647
AD994,1.0,0.5625,1.0625,0.0,0.0,0.1875,0.0,0.0,0.0,0.0,0.0,0.0,0.0,0.125,0.0,0.0,0.0,0.6875,0.5,1.375,1.0,0.875,0.0625,0.25,0.0,0.0,0.0,0.0,0.0625,0.75,0.8125,0.1875,1.0625,0.875,0.125,0.0,0.3125,0.0625,0.0,0.125,0.25,0.0,0.4375,0.0,0.0,0.5625,0.0,0.0,0.0625,0.0,0.0,0.6997222900390625,0.17650939524173737,0.5253269076347351,0.03495856374502182,0.12248868495225906,0.2802361249923706,0.23681898415088654,0.2403961569070816,0.12751606106758118,0.11789566278457642,0.050425946712493896,0.08881894499063492,0.04276939108967781,0.3552892804145813,0.10597875714302063,0.17102991044521332,0.204116091132164,0.30546537041664124,0.40406525135040283,0.6274550557136536,0.3983044922351837,0.2816549837589264,0.22464485466480255,0.13377349078655243,0.044036220759153366,0.07819293439388275,0.05051867291331291,0.06987965106964111,0.1449189931154251,0.1768621951341629,0.3024302124977112,0.27752140164375305,0.38824164867401123,0.29892265796661377,0.12077157944440842,0.3043871521949768,0.1519699990749359,0.13563744723796844,0.04378718137741089,0.15694047510623932,0.17055222392082214,0.15192054212093353,0.39136001467704773,0.24305374920368195,0.30121323466300964,0.30403050780296326,0.13934794068336487,0.2919621467590332,0.12455365806818008,0.14567461609840393,0.12770138680934906
AE042,0.357142857,0.107142857,0.25,0.0,0.25,0.107142857,0.0,0.357142857,0.107142857,0.0,0.321428571,0.107142857,0.0,0.571428571,0.0,0.0,0.0,0.178571429,0.25,0.142857143,0.178571429,0.0,0.107142857,0.107142857,0.0,0.0,0.0,0.0,0.0,0.0,0.321428571,0.464285714,0.214285714,0.785714286,0.178571429,0.964285714,0.714285714,0.214285714,0.214285714,0.392857143,1.357142857,0.392857143,0.571428571,0.178571429,0.107142857,0.178571429,0.535714286,0.285714286,0.464285714,0.107142857,0.357142857,0.2328317016363144,0.10000196099281311,0.21463961899280548,0.09784902632236481,0.27761751413345337,0.12633243203163147,0.10126424580812454,0.16436690092086792,0.12565398216247559,0.02317407913506031,0.04188975319266319,0.055909112095832825,0.03915996849536896,0.24620786309242249,0.12430963665246964,0.14833267033100128,0.14272768795490265,0.24066251516342163,0.2592334747314453,0.8694316148757935,1.0242505073547363,0.2321336567401886,0.47623980045318604,0.23555481433868408,0.06056905910372734,0.11542712152004242,0.06449594348669052,0.19648492336273193,0.19937515258789062,0.2628169655799866,0.2332473248243332,0.23998764157295227,0.1963101476430893,0.4472399055957794,0.21438854932785034,0.6591116189956665,0.2887580990791321,0.21714575588703156,0.07110664993524551,0.36371612548828125,0.5171715021133423,0.3714553713798523,0.34122544527053833,0.09735234081745148,0.08901500701904297,0.2878011465072632,0.12810836732387543,0.34346818923950195,0.3051393926143646,0.13507412374019623,0.11852344125509262
AE666,0.178571429,0.0,0.642857143,0.107142857,0.5,0.642857143,0.035714286,0.214285714,0.0,0.0,0.0,0.0,0.0,0.0,0.0,0.0,0.0,0.714285714,0.178571429,0.035714286,0.0,0.0,0.0,0.0,0.0,0.0,0.0,0.0,0.0,0.071428571,0.178571429,0.035714286,0.0,0.285714286,0.0,0.535714286,0.142857143,0.0,0.0,0.0,1.25,0.642857143,0.0,0.071428571,0.857142857,0.464285714,0.392857143,1.714285714,0.785714286,0.0,0.285714286,0.3196217119693756,0.07949906587600708,0.7553113102912903,0.26215997338294983,0.4376325011253357,0.33759450912475586,0.13174641132354736,0.25852835178375244,0.083269402384758,0.09899340569972992,0.02408352494239807,0.05759015679359436,0.0038417160976678133,0.3583562970161438,0.14123836159706116,0.18732336163520813,0.24246986210346222,0.3315425515174866,0.1447240710258484,0.1423381119966507,0.09462397545576096,0.08555131405591965,0.05844246596097946,0.03269517049193382,0.0333833247423172,0.07300031930208206,0.03533235937356949,0.06439393013715744,0.04053907468914986,0.09061568975448608,0.1131976768374443,0.09768801927566528,0.03422079235315323,0.22379277646541595,0.055902473628520966,0.6953920125961304,0.2117798626422882,0.04622615501284599,0.0397862009704113,0.09287836402654648,0.7092447876930237,0.29943349957466125,0.08321210741996765,0.45396262407302856,0.39662739634513855,0.5963112711906433,0.25638145208358765,1.8149720430374146,0.34968140721321106,0.2576081156730652,0.1915990710258484
AE913,0.214285714,0.0,0.285714286,0.214285714,0.285714286,0.321428571,0.071428571,0.107142857,0.0,0.0,0.0,0.0,0.0,0.214285714,0.178571429,0.0,0.0,0.0,0.0,0.714285714,0.714285714,0.0,0.5,0.035714286,0.071428571,0.0,0.0,0.392857143,0.0,0.142857143,0.0,0.0,0.035714286,0.642857143,0.0,0.107142857,0.357142857,0.107142857,0.0,0.0,0.392857143,0.142857143,0.035714286,1.178571429,1.392857143,0.571428571,0.571428571,0.857142857,0.142857143,0.0,0.142857143,0.4866757392883301,0.13488082587718964,0.4710456430912018,0.24643565714359283,0.5470592975616455,0.1770683377981186,0.18404848873615265,0.19589915871620178,0.24608400464057922,0.08459929376840591,0.058826249092817307,0.13113845884799957,0.04548182711005211,0.5313924551010132,0.2147718071937561,0.24619312584400177,0.20091044902801514,0.12931948900222778,0.06007003039121628,0.8672218918800354,1.2293659448623657,0.11736942082643509,0.5906201004981995,0.13674190640449524,0.05798337981104851,0.18025551736354828,0.13767194747924805,0.15005207061767578,0.1066577211022377,0.17385555803775787,0.18917810916900635,0.08199973404407501,0.07516450434923172,0.3191151022911072,0.07585299760103226,0.4928984045982361,0.14799122512340546,0.07959656417369843,0.039170701056718826,0.09090516716241837,0.17443707585334778,0.17026516795158386,0.14256297051906586,0.29250839352607727,0.32789111137390137,0.4196069836616516,0.189791738986969,0.6537677645683289,0.23406213521957397,0.1267513781785965,0.0927594006061554
AG158,0.266666667,0.066666667,0.3,0.1,0.133333333,0.0,0.066666667,0.033333333,0.166666667,0.0,0.033333333,0.0,0.0,0.533333333,0.166666667,0.366666667,0.0,0.2,0.0,0.133333333,0.533333333,0.0,0.433333333,0.066666667,0.0,0.0,0.2,0.5,0.3,0.0,0.033333333,0.166666667,0.0,0.066666667,0.0,0.2,0.0,0.0,0.033333333,0.1,0.0,0.0,0.0,0.0,0.0,0.0,0.0,0.2,0.0,0.0,0.0,0.5621894001960754,0.1031002327799797,0.4938998222351074,0.510413646697998,0.36271438002586365,0.22360379993915558,0.33776119351387024,0.19662944972515106,0.5412431359291077,0.17811398208141327,0.19259729981422424,0.1361341029405594,0.044243115931749344,0.9920713305473328,0.25866347551345825,0.27170684933662415,0.21258914470672607,0.11614420264959335,0.06417320668697357,0.21091654896736145,0.46453800797462463,0.07038286328315735,0.18250732123851776,0.06424086540937424,0.05612710490822792,0.1294950246810913,0.08711183816194534,0.08702700585126877,0.14394451677799225,0.21544784307479858,0.17952615022659302,0.11324328184127808,0.09443017840385437,0.18452142179012299,0.06703563034534454,0.6068012714385986,0.18296806514263153,0.09609003365039825,0.0421113446354866,0.14749778807163239,0.15871717035770416,0.1667923480272293,0.08001433312892914,0.19803021848201752,0.339032381772995,0.20236259698867798,0.0897664800286293,0.25925740599632263,0.20484371483325958,0.15834404528141022,0.13136477768421173
AG333,0.4,0.0,0.266666667,0.066666667,0.6,0.033333333,0.066666667,0.0,0.033333333,0.033333333,0.0,0.0,0.0,0.933333333,0.533333333,0.433333333,0.0,0.366666667,0.0,0.566666667,0.966666667,0.133333333,0.933333333,0.0,0.166666667,0.0,0.333333333,0.0,0.066666667,0.0,0.033333333,0.033333333,0.0,0.066666667,0.0,0.266666667,0.3,0.0,0.0,0.033333333,0.0,0.133333333,0.0,0.0,0.1,0.1,0.0,0.4,0.0,0.033333333,0.066666667,0.38133400678634644,0.0959644615650177,0.3488234579563141,0.23318322002887726,0.4366636574268341,0.10090243816375732,0.2051210254430771,0.23306851089000702,0.3880123496055603,0.06360763311386108,0.040818408131599426,0.18387439846992493,0.03831328824162483,0.6591668725013733,0.3019023835659027,0.2638850510120392,0.236668661236763,0.13252878189086914,0.15766966342926025,0.5724961161613464,0.8668609857559204,0.08349945396184921,0.634475588798523,0.09234098345041275,0.06140216067433357,0.19054147601127625,0.20533059537410736,0.1759779304265976,0.148824080824852,0.19245749711990356,0.1921924352645874,0.09825373440980911,0.03493499010801315,0.42379051446914673,0.12644825875759125,0.6316269636154175,0.20816098153591156,0.0573008693754673,0.04617934674024582,0.17674879729747772,0.24159911274909973,0.17563632130622864,0.09615985304117203,0.14898696541786194,0.23416768014431,0.26835140585899353,0.12226252257823944,0.47652027010917664,0.2500980496406555,0.13823384046554565,0.14796583354473114
AG869,0.5,0.0,0.333333333,0.1,0.3,0.1,0.066666667,0.033333333,0.566666667,0.0,0.0,0.233333333,0.0,0.566666667,0.433333333,0.1,0.0,0.3,0.033333333,0.833333333,1.133333333,0.5,1.166666667,0.1,0.0,0.2,0.0,0.2,0.0,0.033333333,0.3,0.066666667,0.133333333,0.066666667,0.0,0.666666667,0.3,0.0,0.0,0.066666667,0.066666667,0.066666667,0.1,0.066666667,0.3,0.033333333,0.0,0.233333333,0.166666667,0.0,0.0,0.2860519587993622,0.06882241368293762,0.24616281688213348,0.12548808753490448,0.2676217257976532,0.12490767240524292,0.2512839436531067,0.1741798371076584,0.4073840379714966,0.03289315477013588,0.08403609693050385,0.1654430478811264,0.0544404536485672,0.7044500112533569,0.30969181656837463,0.2686559557914734,0.2964648902416229,0.24308127164840698,0.3464756906032562,0.5624561905860901,0.6519966721534729,0.09157107025384903,0.6581265330314636,0.17461496591567993,0.16888542473316193,0.15131214261054993,0.22449946403503418,0.14684614539146423,0.26418712735176086,0.20972904562950134,0.17861849069595337,0.20776528120040894,0.3417000472545624,0.3406337797641754,0.14064036309719086,0.5399202108383179,0.16701513528823853,0.08429908007383347,0.050405487418174744,0.2829224765300751,0.2860839068889618,0.14558109641075134,0.1841907501220703,0.22758275270462036,0.16986766457557678,0.19279104471206665,0.09052041172981262,0.24659386277198792,0.263200581073761,0.10712745040655136,0.11458034068346024
AG945,0.6,0.266666667,0.366666667,0.0,0.166666667,0.1,0.766666667,0.133333333,0.6,0.0,0.466666667,0.0,0.433333333,0.5,0.1,0.0,0.066666667,0.0,0.0,0.266666667,0.0,0.066666667,0.0,0.033333333,0.0,0.0,0.1,0.0,0.0,0.066666667,0.066666667,0.5,1.233333333,0.0,0.133333333,0.8,0.9,0.2,0.133333333,0.333333333,0.133333333,0.0,0.1,0.0,0.066666667,0.833333333,0.0,0.266666667,0.0,0.1,0.3,0.4268047511577606,0.12885816395282745,0.563439130783081,0.5922102332115173,0.35934963822364807,0.2686387300491333,0.40281376242637634,0.24658910930156708,0.47239935398101807,0.15206769108772278,0.265034943819046,0.2899287939071655,0.2578611373901367,0.7930715084075928,0.17872518301010132,0.24272756278514862,0.19071248173713684,0.08063648641109467,0.02642969787120819,0.16321487724781036,0.22219876945018768,0.06793013960123062,0.11606860905885696,0.11180000007152557,0.048453520983457565,0.3248148560523987,0.2783282399177551,0.2576676607131958,0.27677300572395325,0.27388259768486023,0.2970964312553406,0.14296972751617432,0.25419455766677856,0.1164073571562767,0.07108508795499802,0.400369256734848,0.13325943052768707,0.04609207063913345,0.0947662964463234,0.3537355661392212,0.11420480161905289,0.17453068494796753,0.07000024616718292,0.1562250852584839,0.7500851154327393,0.28395846486091614,0.167135551571846,0.23250621557235718,0.1902703493833542,0.14033669233322144,0.2630493938922882
AH199,0.8,2.733333333,0.366666667,0.066666667,0.466666667,0.1,0.266666667,0.3,0.4,0.133333333,0.1,0.0,0.0,0.633333333,0.0,0.0,0.0,0.0,0.0,0.1,0.366666667,0.0,0.233333333,0.0,0.0,0.4,0.1,0.033333333,0.533333333,0.233333333,0.1,0.066666667,0.0,0.2,0.133333333,0.566666667,0.0,0.0,0.0,0.0,0.1,0.166666667,0.066666667,0.0,0.133333333,0.1,0.0,0.0,0.066666667,0.166666667,0.1,0.5611085295677185,1.7606521844863892,0.37622663378715515,0.14734506607055664,0.35519540309906006,0.10641893744468689,0.4032285511493683,0.2620658874511719,0.6876304149627686,0.650503396987915,0.21540598571300507,0.19457250833511353,0.13353224098682404,1.016598105430603,0.25621718168258667,0.2310284525156021,0.16185425221920013,0.08661165088415146,0.06015876308083534,0.1362782120704651,0.1729024350643158,0.06007016822695732,0.1376110017299652,0.17409126460552216,0.06594361364841461,0.6551042795181274,0.1828421652317047,0.1399836391210556,0.3184663653373718,0.4034062922000885,0.18971599638462067,0.1574835479259491,0.10797016322612762,0.11408001184463501,0.08517785370349884,0.575429379940033,0.14199413359165192,0.07851458340883255,0.07020784914493561,0.37430357933044434,0.17821486294269562,0.15763919055461884,0.155148446559906,0.137189581990242,0.28808194398880005,0.36415332555770874,0.19391962885856628,0.14939410984516144,0.17277096211910248,0.2043207883834839,0.10744235664606094
AH541,0.166666667,0.2,0.266666667,0.0,0.0,0.0,0.6,0.166666667,1.7,0.1,1.366666667,1.366666667,0.266666667,1.066666667,0.0,0.3,0.0,0.0,0.0,0.066666667,0.1,0.0,0.066666667,0.066666667,0.1,0.1,0.2,0.233333333,0.666666667,0.2,0.566666667,0.033333333,0.0,0.0,0.1,0.266666667,0.1,0.0,0.033333333,0.033333333,0.0,0.0,0.0,0.2,0.033333333,0.133333333,0.0,0.166666667,0.066666667,0.066666667,0.1,0.3691905736923218,0.3370148241519928,0.3936343491077423,0.17677843570709229,0.21777638792991638,0.1881299912929535,0.43553847074508667,0.22569672763347626,1.3151477575302124,0.6013493537902832,1.0498437881469727,0.6990517973899841,0.20538362860679626,0.9850060939788818,0.24998977780342102,0.2562688887119293,0.22823454439640045,0.08675403892993927,0.05813783407211304,0.21616129577159882,0.24220634996891022,0.14538484811782837,0.15215985476970673,0.17840634286403656,0.0478031300008297,0.19285762310028076,0.38134366273880005,0.1670195460319519,0.36782991886138916,0.2873302400112152,0.4570416510105133,0.2604266107082367,0.30238595604896545,0.11611774563789368,0.08292511850595474,0.36308974027633667,0.14448978006839752,0.06538526713848114,0.13537447154521942,0.679888904094696,0.13072213530540466,0.2569851875305176,0.12741103768348694,0.25156259536743164,0.1776561141014099,0.2526903450489044,0.14684826135635376,0.3887059688568115,0.2460508793592453,0.1457708179950714,0.10557638853788376
AH771,0.133333333,0.166666667,0.4,0.066666667,0.2,0.0,0.766666667,0.3,1.533333333,0.133333333,1.8,0.6,0.233333333,1.0,0.0,0.3,0.0,0.0,0.0,0.033333333,0.1,0.0,0.0,0.0,0.0,0.133333333,0.066666667,0.0,0.533333333,0.066666667,0.5,0.066666667,0.033333333,0.1,0.0,0.166666667,0.0,0.0,0.0,0.066666667,0.066666667,0.0,0.033333333,0.2,0.033333333,0.133333333,0.0,0.066666667,0.0,0.033333333,0.0,0.6455325484275818,0.2673085033893585,0.5691443681716919,0.24371345341205597,0.3213808834552765,0.19353628158569336,0.4485514163970947,0.23386871814727783,0.9009038209915161,0.9443029761314392,0.35931670665740967,0.40519198775291443,0.13221774995326996,0.934691846370697,0.2658897638320923,0.26578354835510254,0.2555146813392639,0.07589904218912125,0.05156056582927704,0.20295833051204681,0.29256245493888855,0.09055009484291077,0.17736953496932983,0.11222737282514572,0.052126653492450714,0.1812548190355301,0.2565266788005829,0.1568542867898941,0.26431432366371155,0.3460087776184082,0.35946136713027954,0.16901175677776337,0.075677789747715,0.16273584961891174,0.08112645894289017,0.4136011004447937,0.15328353643417358,0.05811537802219391,0.10144949704408646,0.5769789218902588,0.15176331996917725,0.14115148782730103,0.08293598145246506,0.18991953134536743,0.21553455293178558,0.42076441645622253,0.16352275013923645,0.31827685236930847,0.164464071393013,0.13794344663619995,0.1281931847333908
AH866,0.3,0.0,0.333333333,0.166666667,0.3,0.2,0.0,0.1,0.333333333,0.0,0.066666667,0.066666667,0.066666667,0.766666667,0.3,0.466666667,0.133333333,0.0,0.0,0.133333333,0.4,0.0,0.233333333,0.0,0.233333333,0.1,0.766666667,0.166666667,0.466666667,0.3,0.0,0.066666667,0.0,0.0,0.233333333,0.4,0.233333333,0.0,0.0,0.0,0.0,0.066666667,0.0,0.0,0.0,0.0,0.0,0.1,0.033333333,0.0,0.066666667,0.41431620717048645,0.15804800391197205,0.4233388900756836,0.16163969039916992,0.3397273123264313,0.11976608633995056,0.3916276693344116,0.23861785233020782,0.5628467202186584,0.39908695220947266,0.2034272402524948,0.29131120443344116,0.10038638859987259,0.9833825826644897,0.3834042549133301,0.33996108174324036,0.2523636519908905,0.11068575829267502,0.029197217896580696,0.16584892570972443,0.21361951529979706,0.05455977842211723,0.2078794538974762,0.20121456682682037,0.2702169418334961,0.6904559135437012,0.2895948588848114,0.22180289030075073,0.49249789118766785,0.32032591104507446,0.25819188356399536,0.18219733238220215,0.06360761821269989,0.19882042706012726,0.08178073167800903,0.4728105664253235,0.15269242227077484,0.16049820184707642,0.11186779290437698,0.5024896264076233,0.14852175116539001,0.15882571041584015,0.052793391048908234,0.14532114565372467,0.2810216546058655,0.18046224117279053,0.09457872807979584,0.17576810717582703,0.1692868173122406,0.11451565474271774,0.15413564443588257
AH997,0.333333333,0.066666667,0.366666667,0.0,0.4,0.0,0.066666667,0.033333333,0.133333333,0.033333333,0.0,0.0,0.0,0.166666667,0.066666667,0.166666667,0.066666667,0.0,0.0,0.533333333,0.7,0.3,0.566666667,0.766666667,0.0,0.1,0.3,0.3,1.733333333,0.6,0.333333333,1.066666667,0.6,0.3,0.166666667,0.4,0.1,0.366666667,0.1,1.366666667,0.033333333,0.033333333,0.266666667,0.0,0.0,0.0,0.0,0.0,0.1,0.0,0.0,0.27343761920928955,0.13761194050312042,0.26902735233306885,0.050377942621707916,0.1627824306488037,0.05295392870903015,0.19946658611297607,0.18329736590385437,0.2923669219017029,0.3353049159049988,0.061306942254304886,0.13066036999225616,0.07031120359897614,0.7221781611442566,0.18898174166679382,0.19152504205703735,0.13385960459709167,0.09849607199430466,0.058588720858097076,0.2781379222869873,0.2242484986782074,0.26349836587905884,0.22051097452640533,0.727338433265686,0.11348895728588104,0.4794010818004608,0.649438738822937,0.22946877777576447,0.978058934211731,0.419943243265152,0.3181955814361572,0.29706871509552,0.4522691071033478,0.39073801040649414,0.1357450932264328,0.6450119614601135,0.13599517941474915,0.2788204550743103,0.09599748998880386,0.931126594543457,0.24490877985954285,0.12659654021263123,0.12890519201755524,0.22089476883411407,0.18779356777668,0.3691597580909729,0.08534348011016846,0.12939004600048065,0.18363553285598755,0.11748556792736053,0.1498137265443802
AI098,0.206896552,0.0,0.275862069,0.0,0.068965517,0.068965517,0.24137931,0.172413793,1.344827586,0.068965517,0.137931034,0.620689655,0.103448276,0.827586207,0.103448276,0.172413793,0.206896552,0.103448276,0.137931034,0.0,0.24137931,0.0,0.275862069,0.0,0.034482759,0.0,0.344827586,0.275862069,0.827586207,0.344827586,0.206896552,0.068965517,0.0,0.413793103,0.137931034,0.344827586,0.0,0.0,0.068965517,0.068965517,0.172413793,0.068965517,0.206896552,0.103448276,0.0,0.137931034,0.068965517,0.034482759,0.0,0.068965517,0.172413793,0.3213582932949066,0.1071411594748497,0.34998226165771484,0.29190751910209656,0.3365853726863861,0.109981968998909,0.32062965631484985,0.20718540251255035,0.8974552154541016,0.04924878850579262,0.3123902976512909,0.2696540951728821,0.07972575724124908,1.0368592739105225,0.31190410256385803,0.2792600393295288,0.19838280975818634,0.10844377428293228,0.038956139236688614,0.547511875629425,1.0628492832183838,0.0761103481054306,0.6252226829528809,0.10482535511255264,0.05369900166988373,0.08108997344970703,0.17169131338596344,0.08867868781089783,0.16048277914524078,0.23559705913066864,0.2907871901988983,0.11036837100982666,0.04826131835579872,0.16344504058361053,0.0896269902586937,0.5362286567687988,0.14822041988372803,0.07094505429267883,0.043395042419433594,0.14607112109661102,0.14547306299209595,0.15213625133037567,0.12017659097909927,0.15895704925060272,0.19190749526023865,0.13010871410369873,0.11106554418802261,0.32197242975234985,0.1957537978887558,0.11124329268932343,0.07933028042316437
AI205,0.413793103,0.206896552,0.517241379,0.0,0.75862069,0.448275862,0.517241379,0.275862069,0.413793103,0.24137931,0.137931034,0.0,0.0,0.482758621,0.103448276,0.103448276,0.034482759,0.137931034,0.24137931,0.0,0.344827586,0.0,0.034482759,0.0,0.137931034,0.24137931,0.0,0.0,0.0,0.103448276,0.275862069,0.0,0.0,0.413793103,0.344827586,0.689655172,0.275862069,0.103448276,0.103448276,0.310344828,0.448275862,0.137931034,0.103448276,0.137931034,0.24137931,0.103448276,0.068965517,0.103448276,0.379310345,0.517241379,0.103448276,0.6844992637634277,1.4499918222427368,0.583477258682251,0.2616419792175293,0.36761903762817383,0.2524564862251282,0.7587807774543762,0.22634539008140564,1.262915015220642,0.7153053879737854,0.3421376347541809,0.4234852194786072,0.11819480359554291,1.1537493467330933,0.1959935426712036,0.22801685333251953,0.31133630871772766,0.10224150121212006,0.028499064967036247,0.18060241639614105,0.18686318397521973,0.11105544120073318,0.19981764256954193,0.0760551318526268,0.051158297806978226,0.17325885593891144,0.05937612056732178,0.06376567482948303,0.1528564840555191,0.1779264360666275,0.2588212490081787,0.12009691447019577,0.020654218271374702,0.13155300915241241,0.0707317665219307,0.468494713306427,0.1378251612186432,0.050214819610118866,0.052097052335739136,0.19050385057926178,0.1984199583530426,0.13715709745883942,0.060780562460422516,0.15821434557437897,0.2671337127685547,0.2020794153213501,0.13593243062496185,0.22989243268966675,0.24755099415779114,0.19223055243492126,0.10828254371881485
AJ018,0.5,0.0,0.466666667,0.0,0.4,0.066666667,0.433333333,0.1,0.1,0.0,0.0,0.0,0.0,0.5,0.133333333,0.033333333,0.166666667,0.066666667,0.2,0.0,0.0,0.0,0.0,0.3,0.0,1.1,0.0,0.1,0.2,0.433333333,0.0,0.033333333,0.1,0.4,0.2,1.266666667,0.033333333,0.066666667,0.0,0.133333333,0.533333333,0.233333333,0.0,0.1,0.033333333,0.133333333,0.0,0.033333333,0.333333333,0.0,0.233333333,0.5650410652160645,0.10326621681451797,0.5181003212928772,0.2563166320323944,0.4708923101425171,0.1703997552394867,0.4305049180984497,0.24608764052391052,0.5744800567626953,0.25498008728027344,0.13037268817424774,0.14332315325737,0.06437717378139496,0.784214198589325,0.24081213772296906,0.2587064504623413,0.2139725387096405,0.0953436866402626,0.12449213117361069,0.19934847950935364,0.2881942689418793,0.06444590538740158,0.175312802195549,0.16167674958705902,0.042473435401916504,0.4896092712879181,0.0980609729886055,0.0891912505030632,0.3111751079559326,0.39838024973869324,0.18991684913635254,0.07782407104969025,0.10418705642223358,0.34522879123687744,0.08005767315626144,1.0009249448776245,0.2680586278438568,0.16326314210891724,0.0550566166639328,0.2748661935329437,0.37720710039138794,0.1922733634710312,0.22103062272071838,0.37876948714256287,0.2908724546432495,0.688737690448761,0.29330652952194214,0.6845377683639526,0.3892972767353058,0.2270808070898056,0.18163320422172546
AJ108,0.310344828,0.0,0.344827586,0.0,0.103448276,0.0,0.517241379,0.310344828,2.24137931,0.103448276,0.551724138,1.103448276,0.206896552,1.517241379,0.310344828,0.379310345,0.482758621,0.0,0.103448276,0.0,0.068965517,0.0,0.068965517,0.0,0.0,0.103448276,0.0,0.0,0.0,0.275862069,0.482758621,0.0,0.0,0.068965517,0.0,0.275862069,0.034482759,0.0,0.0,0.068965517,0.172413793,0.103448276,0.0,0.275862069,0.310344828,0.068965517,0.068965517,0.344827586,0.103448276,0.034482759,0.103448276,0.6204090714454651,0.2429080307483673,0.6379895210266113,0.11834633350372314,0.38348057866096497,0.12266949564218521,0.4030454754829407,0.1953483670949936,0.9666004776954651,0.09604175388813019,0.35024958848953247,0.29763561487197876,0.07378461956977844,0.911235511302948,0.22902165353298187,0.24168622493743896,0.31262144446372986,0.1355748027563095,0.10902021825313568,0.5252813100814819,0.5079344511032104,0.14182545244693756,0.3018469214439392,0.13352574408054352,0.043010737746953964,0.1150914803147316,0.1580483764410019,0.07844149321317673,0.09732630848884583,0.2738524377346039,0.30086854100227356,0.08579409867525101,0.1105274111032486,0.22678102552890778,0.07198002189397812,0.4591575264930725,0.1384439468383789,0.04997636750340462,0.04048781841993332,0.1419035792350769,0.09764739871025085,0.11213921755552292,0.06250609457492828,0.1596953421831131,0.1509046107530594,0.33397042751312256,0.16725578904151917,0.18348616361618042,0.19025488197803497,0.16651764512062073,0.12092231214046478
AJ544,0.827586207,0.689655172,0.482758621,0.0,0.172413793,0.103448276,0.344827586,0.0,0.413793103,0.896551724,0.24137931,0.0,0.0,0.965517241,0.310344828,0.206896552,0.103448276,0.068965517,0.0,0.137931034,0.137931034,0.0,0.137931034,0.206896552,0.0,0.275862069,0.0,0.0,0.0,0.413793103,0.034482759,0.0,0.0,0.413793103,0.0,0.689655172,0.034482759,0.137931034,0.103448276,0.0,0.103448276,0.068965517,0.0,0.068965517,0.172413793,0.068965517,0.172413793,0.068965517,0.137931034,0.551724138,0.103448276,0.3664182424545288,0.07580888271331787,0.34103289246559143,0.10088057070970535,0.27208417654037476,0.10415665060281754,0.4028072953224182,0.24966664612293243,1.0658650398254395,0.35394227504730225,0.29424142837524414,0.19284898042678833,0.08081337064504623,1.5692166090011597,0.336764395236969,0.27627086639404297,0.24703063070774078,0.0796140655875206,0.04967557638883591,0.18091651797294617,0.2421955019235611,0.05551457032561302,0.2755947709083557,0.10156425833702087,0.048589833080768585,0.19132640957832336,0.16211408376693726,0.09526780992746353,0.22491289675235748,0.41810640692710876,0.30060407519340515,0.0839134082198143,0.024818778038024902,0.16803419589996338,0.06179184466600418,0.5837317705154419,0.1420997679233551,0.048788927495479584,0.04412441700696945,0.1631343960762024,0.15188053250312805,0.17431868612766266,0.12481815367937088,0.2253951132297516,0.15767762064933777,0.3417741358280182,0.0873359814286232,0.21859680116176605,0.19562557339668274,0.13906888663768768,0.15544721484184265
AJ915,0.2,0.0,0.433333333,0.133333333,0.266666667,0.0,0.233333333,0.033333333,0.2,0.0,0.0,0.0,0.0,0.266666667,0.3,0.066666667,0.2,0.1,0.0,0.7,0.666666667,0.533333333,0.1,0.166666667,0.0,0.0,0.066666667,0.0,0.8,0.6,0.833333333,0.6,0.266666667,0.266666667,0.2,1.066666667,0.266666667,0.366666667,0.066666667,1.366666667,0.2,0.0,0.3,0.033333333,0.166666667,0.4,0.0,0.133333333,0.233333333,0.066666667,0.1,0.31763604283332825,0.07036830484867096,0.3127065598964691,0.16285577416419983,0.35077226161956787,0.12304706871509552,0.15771043300628662,0.3012677729129791,0.2731306254863739,-0.004177269991487265,0.039353713393211365,0.07031843811273575,0.026842132210731506,0.9722810983657837,0.37429672479629517,0.2885761260986328,0.45153316855430603,0.26514020562171936,0.3603653311729431,0.755938708782196,0.6390251517295837,0.1806231439113617,0.4110170602798462,0.21781863272190094,0.04162886366248131,0.15247111022472382,0.06134279444813728,0.08665215224027634,0.20937202870845795,0.1401357650756836,0.17219720780849457,0.2156486213207245,0.17149874567985535,0.2235073745250702,0.07540944218635559,0.6186828017234802,0.15982404351234436,0.06850658357143402,0.03996624797582626,0.19183285534381866,0.3430750072002411,0.18139061331748962,0.09300526231527328,0.2249741405248642,0.2130834311246872,0.1802009493112564,0.07438383251428604,0.23848117887973785,0.27958250045776367,0.15634037554264069,0.03543694317340851
AJ986,0.0,0.0,0.620689655,0.137931034,0.068965517,0.034482759,0.068965517,0.310344828,0.275862069,0.0,0.0,0.103448276,0.0,1.24137931,0.551724138,0.448275862,0.931034483,1.275862069,0.103448276,0.793103448,0.172413793,1.862068966,0.310344828,0.655172414,0.0,0.172413793,0.0,0.0,0.0,0.275862069,0.172413793,0.0,0.448275862,0.0,0.24137931,0.275862069,0.137931034,0.0,0.0,0.0,0.068965517,0.206896552,0.24137931,0.413793103,0.137931034,0.275862069,0.137931034,0.137931034,0.0,0.206896552,0.103448276,0.29653480648994446,0.06248309835791588,0.45633184909820557,0.12980827689170837,0.3446137011051178,0.10887865722179413,0.20895597338676453,0.23893988132476807,0.3150894343852997,0.019966496154665947,0.04806908220052719,0.060177627950906754,0.006285028997808695,0.7722258567810059,0.3022133708000183,0.28464475274086,0.38106685876846313,0.22233279049396515,0.1259693056344986,0.4718441963195801,0.46096131205558777,0.2537849545478821,0.41677525639533997,0.08810974657535553,0.04500021040439606,0.12955144047737122,0.053310077637434006,0.07222118228673935,0.057309530675411224,0.17026075720787048,0.17787156999111176,0.16851650178432465,0.1723158210515976,0.30329689383506775,0.06164366751909256,0.7209975719451904,0.15230542421340942,0.07343447208404541,0.04074150323867798,0.14132912456989288,0.2521832585334778,0.30269598960876465,0.12690171599388123,0.17377781867980957,0.14892785251140594,0.15995877981185913,0.08082644641399384,0.275970458984375,0.23363883793354034,0.1787196397781372,0.06344527006149292
AK113,0.3,0.0,0.366666667,0.1,0.0,0.233333333,0.166666667,0.133333333,0.666666667,3.066666667,0.2,0.0,0.0,1.833333333,0.766666667,0.666666667,0.133333333,0.0,0.0,0.1,0.5,0.0,0.1,0.0,0.0,0.233333333,0.0,0.366666667,0.333333333,0.2,0.233333333,0.0,0.0,0.0,0.0,0.0,0.266666667,0.0,0.0,0.066666667,0.0,0.0,0.0,0.466666667,0.1,0.6,0.0,0.233333333,0.0,0.0,0.133333333,0.4617471694946289,0.09304384887218475,0.42593273520469666,0.060339778661727905,0.20831264555454254,0.18707869946956635,0.3919961154460907,0.2839113771915436,0.9350161552429199,1.145654320716858,0.2016078382730484,0.1733459234237671,0.029810400679707527,1.35629403591156,0.30017393827438354,0.2547447383403778,0.2700139582157135,0.1297895461320877,0.06360146403312683,0.169246107339859,0.2445250004529953,0.052331261336803436,0.2932305932044983,0.09274063259363174,0.03780386224389076,0.24398572742938995,0.053040631115436554,0.08696045726537704,0.17269201576709747,0.5150502920150757,0.22930286824703217,0.04449492320418358,-0.004373192321509123,0.16614879667758942,0.05166712775826454,0.7073628902435303,0.16991707682609558,0.04320213198661804,0.04294183477759361,0.13819827139377594,0.155851349234581,0.16877876222133636,0.18590854108333588,0.2954614460468292,0.16550911962985992,0.5875605940818787,0.18584215641021729,0.2779778242111206,0.22851063311100006,0.15137505531311035,0.18679219484329224
AK697,0.666666667,0.1,0.433333333,0.266666667,0.0,0.366666667,0.633333333,0.1,1.066666667,2.7,0.533333333,0.2,0.133333333,1.8,0.1,0.1,0.133333333,0.0,0.0,0.1,0.0,0.0,0.066666667,0.0,0.0,0.066666667,0.0,0.0,0.0,0.966666667,0.366666667,0.1,0.3,0.0,0.0,0.033333333,0.266666667,0.0,0.0,0.0,0.0,0.0,0.0,0.2,0.166666667,0.8,0.133333333,1.066666667,0.066666667,0.0,0.266666667,0.3835824728012085,0.0738043561577797,0.36872702836990356,0.057958681136369705,0.1512608826160431,0.1976815015077591,0.40103718638420105,0.27736279368400574,0.9454793930053711,1.5154327154159546,0.30413058400154114,0.1385795623064041,0.020687276497483253,1.5692583322525024,0.3201669454574585,0.3243221044540405,0.21830449998378754,0.07994920760393143,0.037341706454753876,0.15813201665878296,0.13697129487991333,0.04738658666610718,0.14156480133533478,0.0695425346493721,0.041184891015291214,0.170545294880867,0.08873032033443451,0.08913055062294006,0.13954856991767883,0.5852165818214417,0.3473469316959381,0.046697940677404404,0.039989031851291656,0.10095444321632385,0.05715133249759674,0.24177297949790955,0.14996391534805298,0.04537859559059143,0.04025641456246376,0.12374308705329895,0.10706917941570282,0.14076578617095947,0.04400230199098587,0.24077703058719635,0.15773361921310425,0.5596472024917603,0.14808636903762817,0.5099582076072693,0.18513274192810059,0.12342541664838791,0.1809348165988922
AK719,0.333333333,0.0,0.4,0.0,0.4,0.066666667,0.366666667,0.066666667,0.366666667,0.066666667,0.066666667,0.0,0.0,0.733333333,0.166666667,0.1,0.1,0.0,0.0,0.0,0.066666667,0.1,0.0,0.0,0.0,0.1,0.0,0.0,0.0,1.6,0.533333333,0.266666667,0.4,0.066666667,0.0,0.433333333,0.366666667,0.0,0.0,0.0,0.166666667,0.066666667,0.0,0.133333333,0.433333333,1.8,0.133333333,1.533333333,0.1,0.133333333,0.533333333,0.3488923907279968,0.0717044472694397,0.37436091899871826,0.05048990249633789,0.1560932844877243,0.08292624354362488,0.1857871562242508,0.14326567947864532,0.605408251285553,0.08445528149604797,0.08683464676141739,0.09886319190263748,0.013014320284128189,0.9505252242088318,0.1852731853723526,0.24852582812309265,0.16582970321178436,0.08174889534711838,0.07224702835083008,0.25623267889022827,0.1543150246143341,0.3725500702857971,0.09894929826259613,0.14244897663593292,0.03493897244334221,0.12994340062141418,0.09345875680446625,0.07260902971029282,0.202299565076828,0.800342321395874,0.3244915008544922,0.2581265866756439,0.37760448455810547,0.14992986619472504,0.06997557729482651,0.5243542194366455,0.14060835540294647,0.06905293464660645,0.04282258078455925,0.4302414655685425,0.11693238466978073,0.11633086949586868,0.10057485103607178,0.13623513281345367,0.10805246233940125,0.6096644401550293,0.1647375375032425,0.30721157789230347,0.16204756498336792,0.15654489398002625,0.23320402204990387
AK893,0.666666667,0.0,0.566666667,0.0,0.166666667,0.1,0.133333333,0.0,1.133333333,0.533333333,0.133333333,0.333333333,0.0,0.8,0.333333333,0.233333333,0.066666667,0.0,0.2,0.2,0.066666667,0.666666667,0.133333333,0.133333333,0.0,0.3,0.0,0.0,0.0,0.633333333,0.266666667,0.0,0.3,0.033333333,0.0,0.466666667,0.166666667,0.0,0.0,0.033333333,0.4,0.433333333,0.0,0.1,0.233333333,0.433333333,0.5,0.0,0.666666667,0.766666667,0.266666667,0.4530792534351349,0.2906087636947632,0.3166537582874298,0.023932375013828278,0.16854743659496307,0.05973563715815544,0.1323421597480774,0.17699964344501495,0.6585910320281982,0.08703996986150742,0.22032438218593597,0.14368027448654175,0.034724052995443344,0.7099415063858032,0.1376577466726303,0.17193636298179626,0.1258273422718048,0.09532670676708221,0.12864743173122406,0.24997177720069885,0.3636675775051117,0.31337428092956543,0.21090057492256165,0.4444146156311035,0.04562593623995781,0.22601845860481262,0.3320295512676239,0.2161845862865448,0.9141173958778381,0.5187748074531555,0.33879441022872925,0.5011304616928101,0.5012199282646179,0.21836695075035095,0.15046150982379913,0.39008092880249023,0.12716472148895264,0.2035931646823883,0.04968801885843277,0.5728545784950256,0.08340850472450256,0.06741919368505478,0.06049415469169617,0.09301324188709259,0.1114625334739685,0.13660137355327606,0.0752098560333252,0.06472218036651611,0.11596275866031647,0.10518589615821838,0.17102299630641937
AL174,0.933333333,0.0,1.2,0.1,0.7,0.1,0.033333333,0.1,0.233333333,0.0,0.0,0.2,0.0,0.9,0.366666667,0.733333333,0.466666667,0.2,0.066666667,0.666666667,0.6,0.333333333,0.466666667,0.0,0.0,0.233333333,0.0,0.0,0.0,0.366666667,0.1,0.1,0.033333333,0.0,0.0,0.6,0.0,0.1,0.033333333,0.0,0.233333333,0.066666667,0.033333333,0.133333333,0.033333333,0.433333333,0.266666667,0.566666667,0.166666667,0.533333333,0.1,0.4364401400089264,0.07430652529001236,0.5277748703956604,0.3807114362716675,0.4330016076564789,0.12675198912620544,0.3793618083000183,0.21821942925453186,0.7295499444007874,0.09798736870288849,0.27273327112197876,0.17068839073181152,0.03696998208761215,1.14336097240448,0.3147214949131012,0.2764763832092285,0.23702922463417053,0.09035956114530563,0.05414711311459541,0.27526405453681946,0.47785449028015137,0.0648638904094696,0.18210627138614655,0.08955715596675873,0.04812369495630264,0.166863352060318,0.07598342001438141,0.07260919362306595,0.18717774748802185,0.2744302451610565,0.26018640398979187,0.0686245784163475,0.09675867110490799,0.2527603507041931,0.07547865062952042,0.7492592930793762,0.1694008857011795,0.05151013284921646,0.04302281141281128,0.18311196565628052,0.16613441705703735,0.1510230153799057,0.08689660578966141,0.13763399422168732,0.25247642397880554,0.31443795561790466,0.12590493261814117,0.3120475709438324,0.2503461241722107,0.17503391206264496,0.12246210873126984
AL409,0.233333333,0.066666667,0.466666667,0.0,0.6,0.0,0.566666667,0.1,0.9,0.3,0.133333333,0.166666667,0.0,1.266666667,0.3,0.433333333,0.233333333,0.0,0.0,0.266666667,0.5,0.066666667,0.266666667,0.3,0.0,0.233333333,0.266666667,0.5,0.233333333,0.233333333,0.166666667,0.033333333,0.0,0.133333333,0.0,0.866666667,0.9,0.566666667,0.166666667,0.0,0.033333333,0.0,0.366666667,0.366666667,0.1,0.833333333,0.233333333,0.333333333,0.133333333,0.1,0.133333333,0.7751035690307617,0.12083588540554047,0.42676156759262085,0.24674084782600403,0.5385288000106812,0.15144075453281403,0.3929450511932373,0.1750962734222412,0.5946479439735413,0.15125343203544617,0.11422425508499146,0.09007178992033005,0.033003050833940506,0.7182660102844238,0.22108691930770874,0.2012537270784378,0.16218572854995728,0.07757939398288727,0.05711567774415016,0.3846588134765625,0.7189033627510071,0.07938118278980255,0.30977705121040344,0.12115040421485901,0.042873919010162354,0.20393860340118408,0.06246763467788696,0.09432218223810196,0.1607425957918167,0.33996066451072693,0.22935304045677185,0.1989212930202484,0.09286805987358093,0.30525583028793335,0.11489618569612503,0.8883435726165771,0.21246179938316345,0.11770571768283844,0.04224826395511627,0.4367213547229767,0.1925700604915619,0.1407436579465866,0.12073453515768051,0.08145473152399063,0.1037011444568634,0.2521231174468994,0.10333222150802612,0.13397987186908722,0.19022706151008606,0.18944641947746277,0.11813943833112717
AL581,1.633333333,0.166666667,0.7,0.233333333,0.8,0.2,0.333333333,0.233333333,0.2,0.1,0.033333333,0.0,0.0,0.466666667,0.0,0.233333333,0.4,0.066666667,0.066666667,0.633333333,2.0,0.0,0.933333333,0.0,0.0,0.4,0.0,0.066666667,0.133333333,0.266666667,0.2,0.066666667,0.033333333,0.266666667,0.1,0.7,0.033333333,0.0,0.0,0.033333333,0.233333333,0.033333333,0.0,0.166666667,0.0,0.2,0.0,0.133333333,0.233333333,0.0,0.266666667,0.8266339898109436,0.19117337465286255,0.6306107044219971,0.2771500051021576,0.5606397390365601,0.21866042912006378,0.41829782724380493,0.19665469229221344,0.5232926607131958,0.5201170444488525,0.08634907752275467,0.09905906766653061,0.018421271815896034,0.5898594856262207,0.22660081088542938,0.18556144833564758,0.2142377495765686,0.07203257083892822,0.10757987946271896,0.32068195939064026,0.6186907887458801,0.07956856489181519,0.6501567959785461,0.1439436972141266,0.04192072153091431,0.2588869333267212,0.048730477690696716,0.08427304029464722,0.10258565843105316,0.29341813921928406,0.20597457885742188,0.11176182329654694,0.055702611804008484,0.3396061360836029,0.1065884679555893,1.0647218227386475,0.23331120610237122,0.09180979430675507,0.045248616486787796,0.2173304259777069,0.2663441002368927,0.18456138670444489,0.11837925761938095,0.15120190382003784,0.15282347798347473,0.39050981402397156,0.136135995388031,0.12518486380577087,0.22342617809772491,0.16587448120117188,0.17331351339817047
AL613,0.9,0.166666667,1.1,0.266666667,0.6,0.266666667,0.366666667,0.1,0.133333333,0.0,0.0,0.0,0.0,0.4,0.166666667,0.033333333,0.266666667,0.033333333,0.133333333,0.2,0.933333333,0.0,0.666666667,0.0,0.0,0.833333333,0.133333333,0.0,0.6,0.733333333,0.5,0.033333333,0.0,0.133333333,0.133333333,1.6,0.033333333,0.1,0.0,0.033333333,0.366666667,0.066666667,0.366666667,0.133333333,0.066666667,0.266666667,0.4,0.166666667,0.1,0.0,0.266666667,0.82399982213974,0.17848078906536102,0.5612888336181641,0.17689178884029388,0.44603079557418823,0.20002949237823486,0.3167024850845337,0.14306673407554626,0.3042321503162384,0.1778872013092041,0.11620046943426132,0.05168493837118149,0.06250637024641037,0.30177435278892517,0.13036039471626282,0.13871869444847107,0.14866682887077332,0.09124885499477386,0.10307906568050385,0.3651915192604065,0.49681591987609863,0.1831251084804535,0.2013389766216278,0.12228554487228394,0.03645140305161476,0.15409570932388306,0.05053086206316948,0.0718328207731247,0.1524873822927475,0.27976706624031067,0.28659969568252563,0.1842355728149414,0.3924379050731659,0.3300732672214508,0.12198980152606964,0.7344462871551514,0.18847818672657013,0.11986806243658066,0.06311041861772537,0.26160234212875366,0.20988191664218903,0.10864121466875076,0.1213955283164978,0.07018806785345078,0.1273929327726364,0.1989479809999466,0.12328195571899414,0.04712208732962608,0.14499229192733765,0.20903199911117554,0.1510380208492279
AL694,0.266666667,0.133333333,0.533333333,0.266666667,0.3,0.433333333,1.066666667,0.066666667,1.566666667,0.8,0.933333333,0.533333333,0.166666667,1.6,0.133333333,0.5,0.233333333,0.133333333,0.0,0.033333333,0.033333333,0.0,0.233333333,0.066666667,0.0,0.4,0.0,0.0,0.233333333,0.1,0.366666667,0.0,0.0,0.266666667,0.0,0.5,0.333333333,0.0,0.0,0.0,0.066666667,0.133333333,0.0,0.0,0.0,0.233333333,0.133333333,0.266666667,0.266666667,0.133333333,0.0,0.4725693166255951,0.09347972273826599,0.5388171672821045,0.14768238365650177,0.4813724756240845,0.2096402645111084,0.5769614577293396,0.2821446657180786,1.017368197441101,0.21754591166973114,0.3728996217250824,0.21850711107254028,0.047516513615846634,1.1795045137405396,0.232912078499794,0.26315778493881226,0.2046796828508377,0.06908120959997177,0.03267882764339447,0.19540446996688843,0.32035884261131287,0.058992866426706314,0.26821768283843994,0.14507830142974854,0.04840078577399254,0.2429640144109726,0.04116763547062874,0.08150867372751236,0.08138392120599747,0.31961140036582947,0.2248610109090805,0.0442054346203804,0.020559299737215042,0.18852397799491882,0.07627831399440765,0.6887692809104919,0.21197637915611267,0.04537215456366539,0.04125700891017914,0.09444914758205414,0.15228627622127533,0.17255187034606934,0.05073809623718262,0.11187216639518738,0.1517876237630844,0.2936646044254303,0.12174373865127563,0.19187740981578827,0.21621161699295044,0.1734783798456192,0.12309583276510239
AL705,0.566666667,0.0,0.3,0.0,0.733333333,0.133333333,0.133333333,0.066666667,0.133333333,0.0,0.0,0.0,0.0,0.333333333,0.166666667,0.1,0.2,0.266666667,0.2,1.066666667,1.633333333,0.0,1.4,0.0,0.0,0.2,0.0,0.0,0.0,0.0,0.0,0.033333333,0.033333333,0.633333333,0.066666667,0.966666667,0.0,0.0,0.0,0.0,0.3,0.0,0.0,0.033333333,0.1,0.1,0.366666667,0.066666667,0.366666667,0.4,0.233333333,0.44225725531578064,0.06906243413686752,0.47926652431488037,0.15820208191871643,0.48760825395584106,0.1576574593782425,0.36369630694389343,0.19276678562164307,0.4712410867214203,0.1375577300786972,0.09938787668943405,0.07680290937423706,0.014254490844905376,0.5517006516456604,0.18921998143196106,0.2039813995361328,0.1666376143693924,0.0792880579829216,0.09376443177461624,0.43209946155548096,0.7370068430900574,0.10030726343393326,0.3089118003845215,0.06315471231937408,0.038028400391340256,0.158290296792984,0.05152972415089607,0.09840797632932663,0.08662808686494827,0.36825504899024963,0.24369387328624725,0.2380010187625885,0.09407743811607361,0.43519869446754456,0.16680307686328888,0.8842340707778931,0.27241939306259155,0.2822706699371338,0.045131321996450424,0.3461155891418457,0.30102577805519104,0.1899576634168625,0.18222872912883759,0.10557122528553009,0.12833453714847565,0.3910585045814514,0.10939594358205795,0.1716025322675705,0.24217243492603302,0.20624132454395294,0.2006414234638214
AL933,0.4,0.0,0.566666667,0.133333333,0.233333333,0.133333333,0.933333333,0.1,1.1,1.233333333,0.066666667,0.3,0.0,1.0,0.266666667,0.233333333,0.0,0.0,0.0,0.066666667,0.166666667,0.0,0.2,0.133333333,0.0,0.333333333,0.066666667,0.0,0.2,0.566666667,0.433333333,0.0,0.0,0.333333333,0.166666667,0.733333333,0.533333333,0.0,0.2,0.133333333,0.066666667,0.2,0.133333333,0.266666667,0.133333333,0.3,0.233333333,0.266666667,0.3,0.266666667,0.066666667,0.6059771180152893,0.26537182927131653,0.6371907591819763,0.4102851450443268,0.3812382221221924,0.1914108246564865,0.43751752376556396,0.24156907200813293,0.879817545413971,0.6542612910270691,0.3743307590484619,0.15291935205459595,0.03070899099111557,1.413482427597046,0.18371741473674774,0.24492225050926208,0.21063648164272308,0.07608313858509064,0.019008561968803406,0.11134321242570877,0.13633742928504944,0.05424417927861214,0.1000116616487503,0.04927651584148407,0.0358792245388031,0.24679821729660034,0.05338142812252045,0.06405619531869888,0.08507472276687622,0.39403659105300903,0.2158091962337494,0.04168418049812317,0.03750136122107506,0.20417019724845886,0.053934093564748764,0.5871116518974304,0.12898185849189758,0.03826730698347092,0.03965809941291809,0.10947725921869278,0.12760384380817413,0.1472516506910324,0.06371738016605377,0.1457187980413437,0.2888839542865753,0.47204288840293884,0.181672602891922,0.19894376397132874,0.19850122928619385,0.21024920046329498,0.11399804800748825
AM064,0.4,0.0,0.366666667,0.233333333,0.3,0.1,1.133333333,0.4,1.933333333,0.433333333,0.333333333,0.4,0.2,1.666666667,0.266666667,0.433333333,0.066666667,0.233333333,0.0,0.0,0.066666667,0.033333333,0.133333333,0.0,0.0,0.066666667,0.166666667,0.0,0.1,0.1,0.033333333,0.0,0.033333333,0.066666667,0.0,0.533333333,0.4,0.0,0.0,0.0,0.2,0.133333333,0.133333333,0.033333333,0.133333333,0.166666667,0.066666667,0.733333333,0.7,0.166666667,0.0,0.3285619020462036,0.11653400957584381,0.3845384418964386,0.15487776696681976,0.2902109622955322,0.18490974605083466,0.5234801769256592,0.2653905749320984,1.0070395469665527,0.323246031999588,0.32334569096565247,0.27586594223976135,0.14980649948120117,1.2814189195632935,0.2371729016304016,0.25756096839904785,0.22158260643482208,0.07175078988075256,0.03931191563606262,0.1179652065038681,0.11129674315452576,0.043866124004125595,0.16645076870918274,0.0972428023815155,0.05116162449121475,0.25046712160110474,0.12064298242330551,0.12656545639038086,0.2764347493648529,0.27501964569091797,0.25995877385139465,0.10681207478046417,0.03710548207163811,0.11210907995700836,0.0653018206357956,0.3820732831954956,0.15768522024154663,0.03843820095062256,0.05862672999501228,0.38261833786964417,0.1322164684534073,0.18866455554962158,0.06403298676013947,0.19926658272743225,0.2784755527973175,0.3776107430458069,0.17576980590820312,0.28632718324661255,0.18421317636966705,0.17864950001239777,0.1776009351015091
AM516,0.266666667,0.066666667,0.633333333,0.4,1.033333333,0.2,1.033333333,0.166666667,1.433333333,0.033333333,0.966666667,0.666666667,0.366666667,1.5,0.2,0.266666667,0.233333333,0.133333333,0.0,0.0,0.0,0.0,0.066666667,0.133333333,0.1,0.233333333,0.0,0.0,0.0,0.2,0.133333333,0.0,0.0,0.2,0.1,0.566666667,0.0,0.0,0.0,0.0,0.0,0.0,0.0,0.066666667,0.2,0.166666667,0.0,0.0,0.166666667,0.066666667,0.133333333,0.4435110092163086,0.12593933939933777,0.7446501851081848,0.32540321350097656,0.4839778244495392,0.2751964330673218,0.4772602319717407,0.3503710627555847,0.8063094615936279,0.15462681651115417,0.4039277732372284,0.24321871995925903,0.18690654635429382,1.1208252906799316,0.2914475202560425,0.2452526092529297,0.24365480244159698,0.11058466136455536,0.04812569543719292,0.17883403599262238,0.2145957499742508,0.06458840519189835,0.11387389898300171,0.12095612287521362,0.040620192885398865,0.3260873258113861,0.055845893919467926,0.06513656675815582,0.09394960850477219,0.1500638723373413,0.16353963315486908,0.08301278203725815,0.09277261048555374,0.13862790167331696,0.05683055520057678,0.4999041259288788,0.12712667882442474,0.039673544466495514,0.03929714858531952,0.08356814086437225,0.1803443431854248,0.1767684668302536,0.047044720500707626,0.24956560134887695,0.2909086346626282,0.2793402373790741,0.19285859167575836,0.17450307309627533,0.1972467005252838,0.18188850581645966,0.15038445591926575
AM586,0.4,0.0,0.433333333,0.0,0.9,0.333333333,0.733333333,0.333333333,0.233333333,0.233333333,0.166666667,0.0,0.0,0.933333333,0.3,0.366666667,0.066666667,0.0,0.1,0.233333333,0.233333333,0.1,0.366666667,0.0,0.066666667,0.266666667,0.133333333,0.0,0.0,0.033333333,0.066666667,0.0,0.0,0.266666667,0.0,0.533333333,0.4,0.0,0.0,0.0,0.166666667,0.0,0.0,0.066666667,0.066666667,0.2,0.1,0.633333333,0.266666667,0.066666667,0.166666667,0.3941340446472168,0.16580314934253693,0.4601084291934967,0.13000771403312683,0.37292981147766113,0.2168496698141098,0.5470109581947327,0.2952682077884674,0.612557053565979,0.3157813251018524,0.22774145007133484,0.17726507782936096,0.09186696261167526,1.1002068519592285,0.40391573309898376,0.29319506883621216,0.19259363412857056,0.0833171159029007,0.057281531393527985,0.19387277960777283,0.29610317945480347,0.04223580285906792,0.22095780074596405,0.09380784630775452,0.04895782843232155,0.4548036456108093,0.08343764394521713,0.08456563949584961,0.11911675333976746,0.25433504581451416,0.13090312480926514,0.060442861169576645,0.03256555274128914,0.13578815758228302,0.05864952877163887,0.3958706259727478,0.16613319516181946,0.04291164129972458,0.04155657812952995,0.10935426503419876,0.13793031871318817,0.13714884221553802,0.05626537278294563,0.16978636384010315,0.19890591502189636,0.24986156821250916,0.15488556027412415,0.21990381181240082,0.18310850858688354,0.20764365792274475,0.10693518072366714
AM715,0.4,0.1,1.0,0.466666667,0.9,0.266666667,1.2,0.6,0.666666667,0.066666667,0.233333333,0.266666667,0.0,1.433333333,0.2,0.4,0.366666667,0.333333333,0.0,0.3,0.1,0.066666667,0.0,0.0,0.0,0.066666667,0.0,0.0,0.0,0.3,0.5,0.3,0.466666667,0.166666667,0.133333333,0.933333333,0.033333333,0.0,0.033333333,0.233333333,0.566666667,0.1,0.066666667,0.0,0.166666667,0.1,0.066666667,0.1,0.2,0.166666667,0.333333333,0.4402082562446594,0.06571649760007858,0.5304950475692749,0.4646782875061035,0.5090246200561523,0.24812287092208862,0.5519548654556274,0.27891474962234497,0.8579787015914917,0.11797421425580978,0.42106205224990845,0.16054889559745789,0.114956334233284,1.228794813156128,0.3511824309825897,0.30963394045829773,0.23058800399303436,0.09593568742275238,0.04298529401421547,0.23729826509952545,0.2447250485420227,0.08288364112377167,0.18632347881793976,0.13075627386569977,0.04561387374997139,0.13288216292858124,0.16313761472702026,0.0765102207660675,0.10948870331048965,0.31862950325012207,0.27324193716049194,0.13224411010742188,0.1284569501876831,0.1959453523159027,0.061506908386945724,0.6439383029937744,0.16683806478977203,0.047822244465351105,0.05961043760180473,0.2441154569387436,0.16782918572425842,0.14240150153636932,0.0735025480389595,0.13818541169166565,0.26526376605033875,0.15224964916706085,0.07663729041814804,0.13654391467571259,0.17953811585903168,0.1526622325181961,0.08183172345161438
AM881,0.4,0.0,0.366666667,0.0,0.566666667,0.1,0.6,0.133333333,0.833333333,0.1,0.6,0.233333333,0.366666667,1.966666667,0.333333333,0.866666667,0.0,0.1,0.0,0.1,0.333333333,0.133333333,0.0,0.166666667,1.466666667,0.9,0.133333333,0.166666667,0.0,0.066666667,0.033333333,0.0,0.0,0.0,0.0,0.2,0.033333333,0.0,0.0,0.0,0.066666667,0.0,0.0,0.166666667,0.166666667,0.066666667,0.0,0.0,0.0,0.166666667,0.0,0.3384709060192108,0.10147842764854431,0.3506620228290558,0.2522742450237274,0.2643124759197235,0.1918773651123047,0.3914036452770233,0.3259560763835907,0.6846669316291809,0.16439633071422577,0.18542368710041046,0.2870325446128845,0.17935125529766083,1.2200357913970947,0.3539000153541565,0.2748613953590393,0.1644764095544815,0.08843792974948883,0.07183445245027542,0.15012730658054352,0.2550334930419922,0.04625182971358299,0.1325315237045288,0.16857768595218658,0.1704227775335312,0.6594361662864685,0.18157455325126648,0.16773949563503265,0.17291498184204102,0.16716501116752625,0.14953050017356873,0.23266392946243286,0.12000368535518646,0.06878538429737091,0.06689223647117615,0.25191423296928406,0.1484205424785614,0.04066057875752449,0.042802371084690094,0.09133441746234894,0.14968422055244446,0.11566753685474396,0.025581970810890198,0.15039560198783875,0.28177517652511597,0.16425108909606934,0.15768001973628998,0.2645348310470581,0.16983681917190552,0.09798124432563782,0.06393701583147049
AM942,0.2,0.0,0.333333333,0.0,0.166666667,0.266666667,0.766666667,0.2,0.666666667,0.233333333,0.2,0.333333333,0.566666667,1.133333333,0.133333333,0.433333333,0.2,0.0,0.0,0.066666667,0.233333333,0.1,0.533333333,0.2,0.8,0.9,0.0,0.266666667,0.033333333,0.066666667,0.133333333,0.0,0.0,0.133333333,0.1,0.433333333,0.233333333,0.1,0.0,0.0,0.0,0.0,0.0,0.166666667,0.033333333,0.066666667,0.0,0.233333333,0.233333333,0.233333333,0.066666667,0.3607270419597626,0.05799057334661484,0.3164142072200775,0.123287633061409,0.3124668002128601,0.0968010202050209,0.33359912037849426,0.19322021305561066,0.5084155797958374,0.07718154788017273,0.12804920971393585,0.10745197534561157,0.1269177794456482,0.9024529457092285,0.2724495232105255,0.24994100630283356,0.17364466190338135,0.08100050687789917,0.13125349581241608,0.24109938740730286,0.18728283047676086,0.10690812766551971,0.15177839994430542,0.13665276765823364,0.05375529080629349,0.20445795357227325,0.13572373986244202,0.08137200027704239,0.2141917645931244,0.3206191658973694,0.24603061378002167,0.19295941293239594,0.21783079206943512,0.1850290447473526,0.07567919045686722,0.47103527188301086,0.14811865985393524,0.06473483890295029,0.05774141475558281,0.28017014265060425,0.31037572026252747,0.12625277042388916,0.10860878229141235,0.10418263077735901,0.11071095615625381,0.1803492158651352,0.0834229439496994,0.028836866840720177,0.2204311043024063,0.14193426072597504,0.08051217347383499
AN303,0.333333333,0.0,0.9,0.133333333,1.233333333,0.266666667,0.233333333,0.266666667,0.2,0.0,0.0,0.133333333,0.0,0.966666667,0.166666667,0.166666667,0.133333333,0.2,0.1,1.266666667,1.833333333,0.1,1.2,0.066666667,0.066666667,0.2,0.166666667,0.4,0.2,0.033333333,0.066666667,0.1,0.1,0.2,0.033333333,0.266666667,0.0,0.0,0.0,0.0,0.266666667,0.1,0.0,0.0,0.0,0.133333333,0.166666667,0.233333333,0.433333333,0.0,0.133333333,0.3746665120124817,0.07573890686035156,0.5826773643493652,0.45953118801116943,0.5770290493965149,0.17081652581691742,0.26906418800354004,0.3682228624820709,0.44472798705101013,0.024064866825938225,0.065086230635643,0.10648803412914276,0.023808687925338745,1.4066922664642334,0.4187026619911194,0.404604434967041,0.3257901966571808,0.1738850176334381,0.10150101035833359,0.5134976506233215,0.7601205110549927,0.13694511353969574,0.49225905537605286,0.11520728468894958,0.039264969527721405,0.3239184319972992,0.12909053266048431,0.08424587547779083,0.12672612071037292,0.13552191853523254,0.1649308055639267,0.06895475834608078,0.032150547951459885,0.2012777179479599,0.058311253786087036,0.6385980844497681,0.13376891613006592,0.040873654186725616,0.04010441526770592,0.08518604934215546,0.22779840230941772,0.2474973350763321,0.02886170893907547,0.16347520053386688,0.2514921724796295,0.10949056595563889,0.08147218078374863,0.20924334228038788,0.23750120401382446,0.17369671165943146,0.09753144532442093
AN368,1.066666667,2.7,0.833333333,0.066666667,0.066666667,0.1,0.166666667,0.0,0.366666667,0.366666667,0.066666667,0.066666667,0.1,1.0,0.266666667,0.066666667,0.233333333,0.0,0.0,0.1,0.733333333,0.233333333,0.466666667,0.633333333,0.0,0.6,0.0,0.0,0.0,0.233333333,0.066666667,0.1,0.033333333,0.166666667,0.166666667,0.4,0.066666667,0.066666667,0.0,0.0,0.0,0.3,0.0,0.0,0.4,0.133333333,0.266666667,0.033333333,0.3,0.166666667,0.133333333,0.8796664476394653,2.4249842166900635,0.4963787794113159,0.33448708057403564,0.30316734313964844,0.19158446788787842,0.3787758946418762,0.2686295807361603,0.705085277557373,0.6876904964447021,0.3772222101688385,0.17512211203575134,0.1153261736035347,1.012730360031128,0.20402024686336517,0.23572202026844025,0.16536390781402588,0.11824744939804077,0.1609831601381302,0.4381710886955261,0.7794590592384338,0.09575135260820389,0.2695721983909607,0.2586008310317993,0.06613781303167343,0.5179926156997681,0.1672997623682022,0.08786297589540482,0.12453573942184448,0.2817980647087097,0.11538999527692795,0.10842229425907135,0.12028179317712784,0.1902870386838913,0.20842750370502472,0.36411306262016296,0.13391649723052979,0.11807705461978912,0.07828832417726517,0.32816624641418457,0.15247401595115662,0.18508653342723846,0.05565386638045311,0.16105683147907257,0.35521984100341797,0.205439493060112,0.15891791880130768,0.08987616002559662,0.228986456990242,0.18389801681041718,0.11209198832511902
AN561,0.5,0.0,0.766666667,0.0,0.566666667,0.233333333,0.5,0.0,0.633333333,0.033333333,0.233333333,0.2,0.0,1.133333333,0.366666667,0.433333333,0.433333333,0.133333333,0.133333333,0.633333333,1.8,0.133333333,0.933333333,0.066666667,0.233333333,0.133333333,0.0,0.366666667,0.1,0.433333333,0.366666667,0.4,0.466666667,0.266666667,0.366666667,0.9,0.033333333,0.133333333,0.0,0.033333333,0.066666667,0.0,0.1,0.0,0.066666667,0.3,0.0,0.1,0.2,0.0,0.1,0.4700820744037628,0.09000121057033539,0.8228075504302979,0.7433763742446899,0.4505789875984192,0.26284313201904297,0.42828214168548584,0.2797152101993561,0.774958610534668,0.15379051864147186,0.3212782144546509,0.21898360550403595,0.12575697898864746,1.063819169998169,0.2824867367744446,0.3056313395500183,0.21275770664215088,0.07397598773241043,0.036271266639232635,0.25771811604499817,0.1791883111000061,0.14095257222652435,0.12627628445625305,0.10645799338817596,0.036242153495550156,0.11551814526319504,0.18204255402088165,0.07380318641662598,0.1528414934873581,0.4258743226528168,0.42186689376831055,0.13439065217971802,0.5422462224960327,0.14514677226543427,0.06416063010692596,0.5465399026870728,0.1355697363615036,0.04347342997789383,0.05737367272377014,0.32040777802467346,0.15279336273670197,0.15089952945709229,0.0744192972779274,0.16184060275554657,0.48451924324035645,0.3045743703842163,0.151338130235672,0.16679827868938446,0.18459028005599976,0.1577221304178238,0.08541391044855118
AO486,0.666666667,0.2,0.566666667,0.333333333,0.133333333,0.2,0.9,0.533333333,1.733333333,0.133333333,0.966666667,0.633333333,0.766666667,2.3,0.4,0.233333333,0.133333333,0.066666667,0.0,0.333333333,0.333333333,0.0,0.0,0.433333333,0.033333333,1.2,0.0,0.5,0.0,0.166666667,0.1,0.0,0.433333333,0.0,0.0,0.366666667,0.0,0.0,0.0,0.0,0.066666667,0.1,0.0,0.1,0.133333333,0.166666667,0.066666667,0.1,0.266666667,0.3,0.0,0.4673326909542084,0.08187461644411087,0.4886440634727478,0.3368571698665619,0.4847967028617859,0.2931601107120514,0.5540744662284851,0.35376226902008057,0.8986191153526306,0.18732832372188568,0.31097280979156494,0.2837052643299103,0.31237560510635376,1.4215798377990723,0.3755045533180237,0.2730547785758972,0.24993330240249634,0.10971126705408096,0.05928986519575119,0.2881307005882263,0.3086968660354614,0.07737229019403458,0.17718102037906647,0.19111193716526031,0.06939758360385895,0.6692638993263245,0.08480046689510345,0.0806039571762085,0.11893565952777863,0.13775907456874847,0.11401211470365524,0.07068964838981628,0.1076672375202179,0.09349726140499115,0.06636025011539459,0.40964275598526,0.13761891424655914,0.03851604089140892,0.052042264491319656,0.1371508538722992,0.1960853934288025,0.2299196422100067,0.054122574627399445,0.23253671824932098,0.3057542145252228,0.3270619809627533,0.15151271224021912,0.304660439491272,0.24989597499370575,0.17714817821979523,0.07859795540571213
AO549,0.4,0.0,0.133333333,0.133333333,0.4,0.166666667,0.333333333,0.633333333,1.1,0.0,0.466666667,0.633333333,0.066666667,1.7,0.833333333,0.4,0.733333333,0.166666667,0.066666667,0.066666667,0.233333333,0.0,0.1,0.366666667,0.066666667,0.866666667,0.233333333,0.2,0.666666667,0.7,0.7,0.0,0.133333333,0.066666667,0.033333333,0.866666667,0.166666667,0.0,0.0,0.0,0.066666667,0.166666667,0.066666667,0.066666667,0.066666667,0.266666667,0.0,0.133333333,0.033333333,0.033333333,0.033333333,0.338784784078598,0.08467067033052444,0.39005622267723083,0.21690645813941956,0.3194368779659271,0.16233831644058228,0.3954557180404663,0.29516366124153137,0.7577117085456848,0.1914335936307907,0.2632499933242798,0.16333884000778198,0.16742946207523346,1.1383203268051147,0.29896673560142517,0.26863276958465576,0.16669324040412903,0.07669322937726974,0.03185409680008888,0.11206331104040146,0.10569876432418823,0.04920710250735283,0.1224273145198822,0.10077576339244843,0.07927197962999344,0.654836118221283,0.2118750363588333,0.10843294858932495,0.3357982039451599,0.3953040540218353,0.3106710910797119,0.17499153316020966,0.09278133511543274,0.12855416536331177,0.0643678680062294,0.543064296245575,0.14505720138549805,0.04302504286170006,0.07273802906274796,0.3036661148071289,0.09515972435474396,0.15545426309108734,0.07508774101734161,0.14217741787433624,0.17436648905277252,0.1973174661397934,0.12237122654914856,0.10683678090572357,0.13124801218509674,0.12440871447324753,0.04472147673368454
AP146,0.3,0.0,0.3,0.3,0.3,0.166666667,0.1,0.0,0.066666667,0.0,0.066666667,0.0,0.0,0.766666667,0.433333333,0.3,0.133333333,0.0,0.233333333,0.3,0.266666667,0.366666667,0.3,0.1,0.0,0.0,0.166666667,0.233333333,0.6,0.5,0.466666667,1.066666667,0.4,0.2,0.5,1.533333333,0.133333333,0.566666667,0.4,1.8,0.533333333,0.066666667,0.666666667,0.166666667,0.233333333,0.166666667,0.0,0.066666667,0.2,0.4,0.0,0.2848462462425232,0.06007931008934975,0.3099137842655182,0.2090681940317154,0.3352063000202179,0.07454533874988556,0.2263212949037552,0.21310177445411682,0.44311439990997314,0.010806462727487087,0.06663006544113159,0.0774088129401207,0.023748403415083885,0.8108376860618591,0.30789873003959656,0.2835142910480499,0.2283475697040558,0.09326643496751785,0.06265562027692795,0.4446944296360016,0.4125802218914032,0.31744682788848877,0.29374009370803833,0.08573967218399048,0.027891311794519424,0.12679089605808258,0.10119664669036865,0.0773368552327156,0.18568481504917145,0.3294481039047241,0.2732682526111603,0.3875942528247833,0.3299543857574463,0.24808889627456665,0.11283857375383377,0.6371647715568542,0.20350664854049683,0.10591743141412735,0.049770552664995193,0.5685340166091919,0.2172352820634842,0.15503370761871338,0.13748012483119965,0.08205963671207428,0.12658624351024628,0.1359696090221405,0.06766863167285919,0.14760862290859222,0.2357388436794281,0.13866233825683594,0.07110588252544403
AP275,0.566666667,1.433333333,0.466666667,0.233333333,0.433333333,0.266666667,0.866666667,0.933333333,1.466666667,0.233333333,0.6,0.466666667,0.4,1.866666667,0.366666667,0.6,0.3,0.166666667,0.0,0.266666667,0.266666667,0.0,0.433333333,0.0,0.066666667,0.3,0.0,0.0,0.0,0.133333333,0.1,0.0,0.0,0.066666667,0.0,0.233333333,0.133333333,0.0,0.0,0.0,0.133333333,0.2,0.0,0.133333333,0.1,0.166666667,0.166666667,0.3,0.6,0.066666667,0.033333333,0.4219936430454254,0.3631732165813446,0.3504469394683838,0.2041773498058319,0.34756940603256226,0.1768537312746048,0.5266170501708984,0.35723593831062317,0.7222935557365417,0.14366067945957184,0.20999975502490997,0.17959512770175934,0.09034271538257599,0.906278669834137,0.2807942032814026,0.23037712275981903,0.1528952419757843,0.10195331275463104,0.08751268684864044,0.25360605120658875,0.5083634257316589,0.05784362927079201,0.29863229393959045,0.17104150354862213,0.034696269780397415,0.14452272653579712,0.05432862043380737,0.08569484204053879,0.0911843329668045,0.12479429692029953,0.11226676404476166,0.0822317823767662,0.0392477810382843,0.08350895345211029,0.07171984761953354,0.35560551285743713,0.125301793217659,0.06062391400337219,0.04668622091412544,0.13594679534435272,0.18444374203681946,0.13113155961036682,0.07346416264772415,0.08794648200273514,0.21601207554340363,0.12220332026481628,0.12244205176830292,0.19737841188907623,0.24369777739048004,0.1578599214553833,0.06419846415519714
AP340,0.9,0.766666667,0.533333333,0.133333333,0.533333333,0.1,0.733333333,0.2,2.2,0.233333333,1.5,1.433333333,0.2,2.433333333,0.2,0.366666667,0.166666667,0.1,0.0,0.0,0.133333333,0.0,0.0,0.0,0.0,0.1,0.0,0.0,0.0,0.066666667,0.2,0.0,0.0,0.0,0.0,0.233333333,0.166666667,0.0,0.033333333,0.033333333,0.166666667,0.1,0.0,0.1,0.166666667,0.0,0.433333333,0.133333333,0.3,0.3,0.0,0.5187909603118896,0.24467192590236664,0.6844737529754639,0.2651780843734741,0.4294385015964508,0.3055523633956909,0.8133524060249329,0.26194852590560913,0.9400444030761719,0.3112604320049286,0.37201112508773804,0.32436850666999817,0.1506914347410202,1.1937609910964966,0.21466434001922607,0.23817004263401031,0.15757471323013306,0.09006597846746445,0.03684665262699127,0.146011620759964,0.1117432713508606,0.042888399213552475,0.13308916985988617,0.0381828173995018,0.027732981368899345,0.17505767941474915,0.03272637352347374,0.06221065670251846,0.06679172068834305,0.19451795518398285,0.1383371502161026,0.043904829770326614,0.04420461133122444,0.13815787434577942,0.05490272119641304,0.4474259912967682,0.12277834862470627,0.03835617005825043,0.04347256198525429,0.054394129663705826,0.1795828491449356,0.16297855973243713,0.06994426995515823,0.15881887078285217,0.35318928956985474,0.21285274624824524,0.14771625399589539,0.1582363396883011,0.23177999258041382,0.22943274676799774,0.11055375635623932
AQ541,0.8,0.0,0.466666667,0.0,0.233333333,0.2,0.766666667,0.3,1.266666667,0.133333333,0.5,0.8,0.266666667,1.333333333,0.133333333,0.1,0.0,0.0,0.566666667,0.766666667,0.333333333,0.933333333,0.0,0.566666667,0.1,0.3,0.0,0.1,0.0,0.333333333,0.433333333,0.0,0.333333333,0.2,0.033333333,0.466666667,0.166666667,0.0,0.0,0.066666667,0.966666667,0.0,0.233333333,0.333333333,0.033333333,0.6,0.7,0.066666667,0.9,0.7,0.366666667,0.4530792534351349,0.2906087636947632,0.3166537582874298,0.023932375013828278,0.16854743659496307,0.05973563715815544,0.1323421597480774,0.17699964344501495,0.6585910320281982,0.08703996986150742,0.22032438218593597,0.14368027448654175,0.034724052995443344,0.7099415063858032,0.1376577466726303,0.17193636298179626,0.1258273422718048,0.09532670676708221,0.12864743173122406,0.24997177720069885,0.3636675775051117,0.31337428092956543,0.21090057492256165,0.4444146156311035,0.04562593623995781,0.22601845860481262,0.3320295512676239,0.2161845862865448,0.9141173958778381,0.5187748074531555,0.33879441022872925,0.5011304616928101,0.5012199282646179,0.21836695075035095,0.15046150982379913,0.39008092880249023,0.12716472148895264,0.2035931646823883,0.04968801885843277,0.5728545784950256,0.08340850472450256,0.06741919368505478,0.06049415469169617,0.09301324188709259,0.1114625334739685,0.13660137355327606,0.0752098560333252,0.06472218036651611,0.11596275866031647,0.10518589615821838,0.17102299630641937
AQ778,1.066666667,0.133333333,1.166666667,0.333333333,1.033333333,0.6,0.866666667,0.0,0.8,0.766666667,0.333333333,0.1,0.0,0.966666667,0.433333333,0.333333333,0.3,0.066666667,0.233333333,0.0,0.2,0.0,0.1,0.0,0.1,0.1,0.0,0.0,0.0,0.5,0.266666667,0.033333333,0.1,0.566666667,0.0,0.633333333,0.1,0.0,0.133333333,0.066666667,0.3,0.333333333,0.066666667,0.166666667,0.233333333,0.0,0.266666667,0.366666667,0.466666667,0.6,0.233333333,0.9725692272186279,0.09550385177135468,0.903105616569519,0.08578824996948242,0.6449122428894043,0.24324874579906464,0.39350980520248413,0.14894121885299683,0.5483881831169128,0.2687039077281952,0.018351832404732704,0.06759005039930344,0.0076303500682115555,0.7433169484138489,0.08820293098688126,0.18833713233470917,0.136138916015625,0.07506190985441208,0.020890656858682632,0.13284796476364136,0.16948533058166504,0.05603323504328728,0.11197495460510254,0.028292763978242874,0.027115005999803543,0.06798337399959564,0.03353552520275116,0.06037580966949463,0.04475148022174835,0.4475340247154236,0.19256794452667236,0.04609553888440132,0.02425805851817131,0.37685930728912354,0.09233251214027405,0.7613078951835632,0.1588151454925537,0.18777094781398773,0.04159312695264816,0.11501483619213104,0.45571205019950867,0.09395449608564377,0.0674336776137352,0.08117921650409698,0.20248985290527344,0.06751130521297455,0.1449609249830246,0.046044401824474335,0.4293094277381897,0.23842120170593262,0.06312469393014908
AF469,0.375,0.78125,0.59375,0.25,0.3125,0.3125,0.5625,0.59375,0.625,0.4375,0.09375,0.375,0.0,1.03125,0.1875,0.125,0.15625,0.1875,0.0,0.0,0.0,0.0,0.09375,0.0,0.09375,0.53125,0.0,0.0,0.0,0.09375,0.09375,0.0,0.0,0.0,0.0625,0.5,0.53125,0.0,0.0,0.0,0.1875,0.5,0.0,0.5,0.46875,0.1875,0.40625,0.4375,0.65625,0.34375,0.1875,0.2610265910625458,0.10696113109588623,0.47253015637397766,0.31244248151779175,0.3801884949207306,0.255817174911499,0.41063058376312256,0.3013855814933777,0.8847912549972534,0.17353102564811707,0.3229120671749115,0.3686732053756714,0.09727052599191666,1.0803333520889282,0.21943552792072296,0.315244197845459,0.16880376636981964,0.06733661890029907,0.09924956411123276,0.22349601984024048,0.36680692434310913,0.03866568207740784,0.2866930663585663,0.14050325751304626,0.04542895406484604,0.2256150096654892,0.02924147993326187,0.06726405769586563,0.07648468762636185,0.0341603048145771,0.1731761395931244,0.042591288685798645,-0.0004883833462372422,0.0565715990960598,0.053768910467624664,0.6131593585014343,0.24015316367149353,0.03724263608455658,0.04003072530031204,0.06405739486217499,0.162738636136055,0.23282073438167572,0.015084306709468365,0.40497058629989624,0.4026105999946594,0.46421292424201965,0.15944942831993103,0.9294618368148804,0.3495992422103882,0.1712014079093933,0.1881609559059143
AG422,0.433333333,0.0,0.966666667,0.1,0.366666667,0.4,1.4,0.0,1.0,1.6,0.6,0.4,0.133333333,1.2,0.133333333,0.366666667,0.166666667,0.1,0.066666667,0.066666667,0.1,0.0,0.0,0.0,0.0,0.033333333,0.0,0.0,0.0,0.0,0.1,0.0,0.0,0.0,0.1,0.266666667,0.3,0.0,0.0,0.0,0.0,0.333333333,0.0,0.466666667,0.366666667,0.066666667,0.0,0.433333333,0.066666667,0.0,0.0,0.2500050961971283,0.14187605679035187,0.6779555678367615,0.42261502146720886,0.306054025888443,0.16072353720664978,1.1120209693908691,0.2937833368778229,0.900708794593811,0.29762986302375793,0.11453275382518768,0.6681774854660034,0.1463751196861267,1.3506611585617065,0.1698213666677475,0.3093980848789215,0.23234492540359497,0.07009938359260559,0.030686289072036743,0.1121511459350586,0.07951435446739197,0.05190323665738106,0.09733830392360687,0.052838172763586044,0.025985632091760635,0.04540816694498062,0.032043445855379105,0.059949662536382675,0.04029403626918793,0.04421485215425491,0.10843083262443542,0.044032543897628784,0.001382380141876638,0.05037312209606171,0.049090802669525146,0.5800092816352844,0.15285302698612213,0.03754817694425583,0.044324006885290146,0.04845917224884033,0.15653939545154572,0.1550038605928421,0.0327870212495327,1.0258028507232666,0.33603236079216003,0.20099762082099915,0.09245189279317856,0.4603269398212433,0.42149657011032104,0.14771418273448944,0.05522384122014046
AG530,0.333333333,0.0,1.0,0.3,0.466666667,0.2,1.333333333,0.066666667,0.9,0.8,0.633333333,0.7,0.133333333,0.933333333,0.366666667,0.266666667,0.366666667,0.0,0.0,0.0,0.133333333,0.0,0.333333333,0.0,0.0,0.0,0.0,0.0,0.0,0.0,0.033333333,0.066666667,0.0,0.0,0.0,0.333333333,0.066666667,0.0,0.0,0.0,0.066666667,0.566666667,0.033333333,0.766666667,0.366666667,0.333333333,0.066666667,0.433333333,0.2,0.0,0.0,0.2642815411090851,0.07242412120103836,0.3784206509590149,0.2180793285369873,0.26366332173347473,0.1605319082736969,0.5751803517341614,0.28096407651901245,1.2977473735809326,0.13035345077514648,0.4524039924144745,0.7253378629684448,0.1403265744447708,1.1799119710922241,0.2429913729429245,0.2826307713985443,0.28850796818733215,0.09659911692142487,0.03573187440633774,0.1546456664800644,0.03127777948975563,0.03868667781352997,0.14064835011959076,0.031057197600603104,0.027350125834345818,0.04508817940950394,0.03993317857384682,0.06033634766936302,0.06526052951812744,0.12659794092178345,0.15382030606269836,0.0591714009642601,0.0034536097664386034,0.060191910713911057,0.04841308668255806,0.4964257776737213,0.14677917957305908,0.03775617480278015,0.03984367847442627,0.04193795099854469,0.23370954394340515,0.2577544152736664,0.06826232373714447,0.7615115642547607,0.4381667673587799,0.14610950648784637,0.0606047660112381,0.49882468581199646,0.402008980512619,0.08927367627620697,0.06866361200809479
AG619,0.166666667,0.0,0.533333333,0.766666667,0.5,0.666666667,0.066666667,0.133333333,0.866666667,0.133333333,0.1,0.7,0.0,1.1,0.133333333,0.366666667,0.433333333,0.033333333,0.1,0.2,0.066666667,0.0,0.2,0.033333333,0.033333333,0.0,0.0,0.0,0.0,0.0,0.066666667,0.0,0.0,0.0,0.0,0.7,0.166666667,0.0,0.0,0.0,0.5,0.766666667,0.0,0.533333333,0.933333333,0.3,0.066666667,0.833333333,0.7,0.0,0.333333333,0.2615203261375427,0.08211572468280792,0.45055636763572693,1.6525015830993652,0.17390063405036926,0.16170279681682587,0.3323207199573517,0.2787923216819763,1.1647522449493408,0.09904585033655167,0.21068614721298218,0.46083903312683105,0.03570462763309479,1.5170111656188965,0.20971138775348663,0.32262375950813293,0.2465856969356537,0.05964970588684082,0.0014111185446381569,0.07452026009559631,0.08803919702768326,0.03778532147407532,0.10558817535638809,0.026931097730994225,0.020920004695653915,0.03935931622982025,0.034661173820495605,0.06368353217840195,0.04092037305235863,0.0558154433965683,0.23860882222652435,0.045310456305742264,0.09257136285305023,0.07457062602043152,0.04911277815699577,0.33311453461647034,0.1575942486524582,0.04139867424964905,0.04134170338511467,0.047438278794288635,0.11628634482622147,0.15417276322841644,0.01264526043087244,0.7470264434814453,0.6286879181861877,0.16735322773456573,0.059462059289216995,0.47652098536491394,0.10962344706058502,0.06422851979732513,0.048472363501787186
AG862,0.433333333,0.2,1.0,0.266666667,0.3,0.366666667,1.633333333,0.1,0.533333333,1.133333333,0.533333333,0.466666667,0.1,1.0,0.1,0.233333333,0.233333333,0.0,0.033333333,0.0,0.0,0.0,0.0,0.0,0.066666667,0.2,0.0,0.0,0.0,0.1,0.0,0.0,0.0,0.0,0.1,0.133333333,0.1,0.033333333,0.0,0.0,0.0,0.133333333,0.0,0.533333333,0.133333333,0.0,0.0,0.366666667,0.066666667,0.066666667,0.0,0.2642815411090851,0.07242412120103836,0.3784206509590149,0.2180793285369873,0.26366332173347473,0.1605319082736969,0.5751803517341614,0.28096407651901245,1.2977473735809326,0.13035345077514648,0.4524039924144745,0.7253378629684448,0.1403265744447708,1.1799119710922241,0.2429913729429245,0.2826307713985443,0.28850796818733215,0.09659911692142487,0.03573187440633774,0.1546456664800644,0.03127777948975563,0.03868667781352997,0.14064835011959076,0.031057197600603104,0.027350125834345818,0.04508817940950394,0.03993317857384682,0.06033634766936302,0.06526052951812744,0.12659794092178345,0.15382030606269836,0.0591714009642601,0.0034536097664386034,0.060191910713911057,0.04841308668255806,0.4964257776737213,0.14677917957305908,0.03775617480278015,0.03984367847442627,0.04193795099854469,0.23370954394340515,0.2577544152736664,0.06826232373714447,0.7615115642547607,0.4381667673587799,0.14610950648784637,0.0606047660112381,0.49882468581199646,0.402008980512619,0.08927367627620697,0.06866361200809479
AG874,0.2,0.0,0.4,1.966666667,0.2,0.2,0.6,0.1,0.8,0.0,0.333333333,0.566666667,0.066666667,1.7,0.2,0.3,0.366666667,0.0,0.0,0.0,0.0,0.0,0.2,0.0,0.0,0.033333333,0.0,0.1,0.0,0.133333333,0.166666667,0.0,0.033333333,0.0,0.0,0.4,0.0,0.0,0.0,0.0,0.0,0.133333333,0.0,0.433333333,0.6,0.166666667,0.066666667,0.166666667,0.333333333,0.0,0.2,0.19037377834320068,0.07770464569330215,0.3940883278846741,1.1990491151809692,0.1714169681072235,0.22492608428001404,0.5018449425697327,0.26859283447265625,1.2826316356658936,0.07557003945112228,0.46895286440849304,0.5610640645027161,0.09440719336271286,1.5385758876800537,0.3132126033306122,0.3608132600784302,0.2447642832994461,0.07170414924621582,0.004432310350239277,0.112461157143116,0.019034413620829582,0.04675839841365814,0.07633619010448456,0.04057426005601883,0.023037536069750786,0.05681435018777847,0.0452728308737278,0.05978182330727577,0.08432291448116302,0.03426260128617287,0.24966171383857727,0.055062372237443924,0.001549513777717948,0.0439772754907608,0.04975439980626106,0.2685645818710327,0.1820867508649826,0.0377974659204483,0.03942995145916939,0.0459669791162014,0.04800241440534592,0.2803986072540283,0.020983105525374413,0.501010000705719,0.7845218777656555,0.28209733963012695,0.07486125081777573,0.3787080645561218,0.24970899522304535,0.05657874792814255,0.14057248830795288
AG875,0.2,0.266666667,0.166666667,0.866666667,0.3,0.266666667,0.333333333,0.733333333,0.566666667,0.1,0.0,0.2,0.1,1.333333333,0.3,0.566666667,0.6,0.1,0.066666667,0.0,0.033333333,0.066666667,0.133333333,0.0,0.0,0.133333333,0.0,0.0,0.0,0.0,0.0,0.033333333,0.066666667,0.0,0.066666667,0.933333333,0.466666667,0.0,0.0,0.1,0.266666667,0.7,0.0,0.433333333,0.233333333,0.1,0.166666667,0.733333333,0.766666667,0.166666667,0.366666667,0.402878075838089,0.09212600439786911,0.48445725440979004,0.22580121457576752,0.47157180309295654,0.3087177276611328,0.33535459637641907,0.19531750679016113,0.4752381443977356,0.0324484184384346,0.008964139968156815,0.1864907592535019,0.03995132818818092,0.8869197368621826,0.3076666593551636,0.28426066040992737,0.2944139540195465,0.11693447828292847,0.11954696476459503,0.15820111334323883,0.15828432142734528,0.07826072722673416,0.10147392749786377,0.10153095424175262,0.036852650344371796,0.29863402247428894,0.023305058479309082,0.06131037697196007,0.045276910066604614,0.11270199716091156,0.17661432921886444,0.14443279802799225,0.3391234278678894,0.18275894224643707,0.16958092153072357,0.8663083910942078,0.20043307542800903,0.040233928710222244,0.04095153138041496,0.08554687350988388,0.2168126404285431,0.2385675460100174,0.09088221937417984,0.6935597062110901,0.4814832806587219,0.2653927803039551,0.06173156946897507,0.3707093298435211,0.4981120824813843,0.12968221306800842,0.3570708930492401
AH007,0.2,0.0,0.4,0.366666667,0.233333333,0.133333333,0.5,0.366666667,1.366666667,0.1,0.433333333,0.733333333,0.166666667,1.333333333,0.366666667,0.4,0.3,0.1,0.0,0.0,0.066666667,0.0,0.1,0.0,0.0,0.3,0.033333333,0.0,0.3,0.1,0.4,0.133333333,0.0,0.0,0.0,0.633333333,0.233333333,0.0,0.033333333,0.0,0.266666667,0.5,0.166666667,0.833333333,0.166666667,0.2,0.166666667,0.933333333,0.2,0.1,0.166666667,0.2391136735677719,0.07000534236431122,0.3008360266685486,0.08152823895215988,0.2834702730178833,0.10967347025871277,0.5467431545257568,0.29531940817832947,0.831499457359314,0.08170703798532486,0.3724733293056488,0.30112311244010925,0.06313196569681168,0.9537850022315979,0.41958707571029663,0.2595859467983246,0.23171177506446838,0.06811977922916412,0.03449692577123642,0.124036505818367,0.13238543272018433,0.047966621816158295,0.26778802275657654,0.09048531204462051,0.0651584342122078,0.5122632384300232,0.21329739689826965,0.1029239371418953,0.7382004857063293,0.33629339933395386,0.5494033098220825,0.24363842606544495,0.01070868968963623,0.20317624509334564,0.05550699308514595,0.7871670722961426,0.17891716957092285,0.044649094343185425,0.08564651012420654,0.15112310647964478,0.23094752430915833,0.24807684123516083,0.2171187847852707,0.3377634882926941,0.27614837884902954,0.16857923567295074,0.06025298684835434,0.10657480359077454,0.14546851813793182,0.1338445246219635,0.1037374958395958
AH877,0.2,0.0,0.3,0.0,0.333333333,0.2,0.4,0.1,0.733333333,0.0,0.633333333,0.5,0.133333333,1.1,0.466666667,0.566666667,0.366666667,0.033333333,0.133333333,0.066666667,0.0,0.0,0.1,0.0,0.2,0.666666667,0.3,0.0,0.966666667,0.6,0.2,0.133333333,0.0,0.4,0.0,0.733333333,0.533333333,0.166666667,0.266666667,0.066666667,0.1,0.366666667,0.1,0.3,0.0,0.566666667,0.0,0.5,0.2,0.133333333,0.133333333,0.2391136735677719,0.07000534236431122,0.3008360266685486,0.08152823895215988,0.2834702730178833,0.10967347025871277,0.5467431545257568,0.29531940817832947,0.831499457359314,0.08170703798532486,0.3724733293056488,0.30112311244010925,0.06313196569681168,0.9537850022315979,0.41958707571029663,0.2595859467983246,0.23171177506446838,0.06811977922916412,0.03449692577123642,0.124036505818367,0.13238543272018433,0.047966621816158295,0.26778802275657654,0.09048531204462051,0.0651584342122078,0.5122632384300232,0.21329739689826965,0.1029239371418953,0.7382004857063293,0.33629339933395386,0.5494033098220825,0.24363842606544495,0.01070868968963623,0.20317624509334564,0.05550699308514595,0.7871670722961426,0.17891716957092285,0.044649094343185425,0.08564651012420654,0.15112310647964478,0.23094752430915833,0.24807684123516083,0.2171187847852707,0.3377634882926941,0.27614837884902954,0.16857923567295074,0.06025298684835434,0.10657480359077454,0.14546851813793182,0.1338445246219635,0.1037374958395958
AI376,0.517241379,0.172413793,0.379310345,0.0,0.310344828,0.310344828,0.310344828,0.0,0.482758621,0.172413793,0.0,0.068965517,0.034482759,0.793103448,0.24137931,0.137931034,0.103448276,0.068965517,0.0,1.482758621,2.586206897,0.0,1.034482759,0.24137931,0.206896552,0.172413793,0.034482759,0.379310345,0.310344828,0.068965517,0.034482759,0.0,0.0,0.172413793,0.0,0.103448276,0.034482759,0.0,0.0,0.0,0.0,0.206896552,0.0,0.0,0.034482759,0.0,0.172413793,0.206896552,0.24137931,0.206896552,0.0,0.27639785408973694,0.07625104486942291,0.5213062763214111,0.05437130481004715,0.33789971470832825,0.32684969902038574,1.0035425424575806,0.2003975212574005,0.949573814868927,0.33539777994155884,0.08027631044387817,0.2633570432662964,0.1080196276307106,1.250730037689209,0.2673162817955017,0.25003165006637573,0.24089933931827545,0.08572188764810562,0.06815841048955917,0.4773332476615906,0.8256661295890808,0.052666421979665756,0.41649869084358215,0.05865820497274399,0.080831378698349,0.33286482095718384,0.06941485404968262,0.12497860193252563,0.17878834903240204,0.15238024294376373,0.14312724769115448,0.04591906815767288,0.002568101277574897,0.11972931027412415,0.05625603348016739,0.2493327111005783,0.12401486188173294,0.03830224648118019,0.04012994468212128,0.060896698385477066,0.11149696260690689,0.17517931759357452,0.05259236693382263,0.1767859011888504,0.09717923402786255,0.06215854361653328,0.1588892936706543,0.1467614322900772,0.19343191385269165,0.17135657370090485,0.03230329975485802
AA034,0.384615385,0.038461538,0.692307692,0.0,0.0,0.307692308,0.230769231,0.0,0.153846154,0.538461538,0.115384615,0.038461538,0.0,0.307692308,0.0,0.0,0.153846154,0.384615385,0.076923077,0.384615385,0.0,0.230769231,0.423076923,0.0,0.0,0.0,0.0,0.192307692,0.461538462,0.346153846,0.153846154,0.423076923,2.192307692,0.0,0.0,0.0,0.153846154,0.0,0.0,0.0,0.0,0.0,0.0,0.153846154,0.115384615,0.538461538,0.0,0.115384615,0.0,0.153846154,0.192307692,0.4326355457305908,0.31407830119132996,0.4882130026817322,0.3314947485923767,0.06833888590335846,0.38312670588493347,0.6521960496902466,0.23930104076862335,0.3196290135383606,0.7256104946136475,0.16714520752429962,0.14188583195209503,0.060721296817064285,0.2790977358818054,0.06930667906999588,0.12983165681362152,0.22071288526058197,0.1606619954109192,0.2352103292942047,0.2932986915111542,0.20081882178783417,0.21537722647190094,0.12560208141803741,0.13692991435527802,0.04010565206408501,0.16439509391784668,0.06478387117385864,0.06760815531015396,0.1208309605717659,0.20459190011024475,0.27622607350349426,0.27612102031707764,0.8635923266410828,0.24576807022094727,0.1117173507809639,0.21785731613636017,0.15428930521011353,0.13995029032230377,0.050503794103860855,0.2375897318124771,0.1247868537902832,0.1045510321855545,0.20362910628318787,0.1702233999967575,0.3356557786464691,0.39189890027046204,0.16661140322685242,0.08584636449813843,0.148116797208786,0.12010161578655243,0.06748337298631668
AB193,0.0,0.0,0.0,0.0,0.0,0.0,0.777777778,0.722222222,0.0,0.0,0.0,0.0,0.0,0.777777778,0.222222222,0.0,0.0,0.0,0.0,0.0,0.166666667,0.0,0.055555556,0.333333333,0.222222222,0.0,1.777777778,0.111111111,0.611111111,1.611111111,0.055555556,0.0,0.0,0.0,0.111111111,0.444444444,0.0,0.0,0.277777778,1.5,0.0,0.388888889,0.388888889,0.0,0.0,0.166666667,0.0,0.0,0.166666667,0.0,0.0,0.23628157377243042,0.1242101863026619,0.20065777003765106,0.13477738201618195,0.13251130282878876,0.06955887377262115,0.7906227111816406,0.31498369574546814,0.36708885431289673,0.08996264636516571,0.0926433727145195,0.1429455727338791,0.050633832812309265,0.47956690192222595,0.10698237270116806,0.16322040557861328,0.12856480479240417,0.11242786794900894,0.2980705499649048,0.27634328603744507,0.13126741349697113,0.18492810428142548,0.17934444546699524,0.15023042261600494,0.06360985338687897,0.1387978494167328,0.4294767379760742,0.13027861714363098,0.3883398175239563,0.33146944642066956,0.27877509593963623,0.287844181060791,0.3829658329486847,0.23398402333259583,0.12672258913516998,0.39438343048095703,0.16118648648262024,0.10302837193012238,0.11796458810567856,0.6432645916938782,0.1342412829399109,0.19781658053398132,0.2594376504421234,0.085835762321949,0.08892215043306351,0.11351726204156876,0.08370208740234375,0.08058468997478485,0.16382412612438202,0.08098719269037247,0.03612753376364708
AC220,0.0,0.0,0.0,0.0,0.0,0.0,0.111111111,0.0,0.074074074,0.0,0.0,0.0,0.0,0.111111111,0.0,0.0,0.0,0.185185185,0.962962963,1.333333333,0.814814815,0.62962963,0.592592593,0.222222222,0.074074074,0.0,0.185185185,0.555555556,0.814814815,0.481481481,0.592592593,0.296296296,0.37037037,0.185185185,0.148148148,0.074074074,0.185185185,0.0,0.0,0.814814815,0.111111111,0.074074074,0.444444444,0.0,0.0,0.0,0.0,0.111111111,0.0,0.0,0.0,0.2707623839378357,0.09924273192882538,0.2408660501241684,0.046301212161779404,0.13228970766067505,0.05407187342643738,0.11378160864114761,0.13169042766094208,0.3495872914791107,0.1616469919681549,0.11569194495677948,0.14949071407318115,0.04395243525505066,0.4873272776603699,0.23114541172981262,0.22449372708797455,0.15171444416046143,0.22035741806030273,0.6491679549217224,0.42360737919807434,0.23638060688972473,0.36090272665023804,0.17233897745609283,0.14080624282360077,0.04851654917001724,0.09725818037986755,0.18752317130565643,0.10586575418710709,0.25139355659484863,0.42939838767051697,0.3994888365268707,0.5930521488189697,1.5125937461853027,0.28261080384254456,0.1597214937210083,0.2726656496524811,0.13938315212726593,0.08728598803281784,0.05188468098640442,0.26824620366096497,0.33550193905830383,0.09195109456777573,0.16497746109962463,0.10183453559875488,0.08112315833568573,0.11494754999876022,0.1028951108455658,0.13797399401664734,0.17126977443695068,0.054671477526426315,0.04849497228860855
AC627,0.0,0.0,0.259259259,0.148148148,0.074074074,0.037037037,0.111111111,0.37037037,0.0,0.0,0.0,0.0,0.0,1.407407407,1.148148148,1.185185185,0.555555556,1.777777778,0.666666667,0.111111111,0.0,0.0,0.074074074,0.148148148,0.0,0.296296296,0.037037037,0.0,0.0,0.111111111,0.0,0.0,0.0,0.074074074,0.0,0.444444444,0.148148148,0.0,0.0,0.0,0.0,0.777777778,0.0,0.148148148,0.074074074,0.0,0.037037037,0.185185185,0.37037037,0.740740741,0.037037037,0.20911572873592377,0.07045207172632217,0.26681777834892273,0.21497435867786407,0.22873008251190186,0.12600994110107422,0.2677060067653656,0.34392133355140686,0.3242252469062805,0.023654066026210785,0.02874368242919445,0.16835927963256836,0.04475027695298195,1.6062345504760742,1.0017075538635254,0.8816994428634644,0.3836844563484192,0.6541460752487183,0.32849234342575073,0.40864935517311096,0.5817649364471436,0.12096454203128815,0.427883505821228,0.14917679131031036,0.15338134765625,0.2871568500995636,0.2759082317352295,0.09921838343143463,0.08142182976007462,0.06033948436379433,0.12053336948156357,0.14071817696094513,0.07630821317434311,0.16057166457176208,0.06315809488296509,0.4569062888622284,0.1598982959985733,0.04930785670876503,0.039481788873672485,0.04993148148059845,0.24772965908050537,0.2627975344657898,0.0939842015504837,0.2576919496059418,0.2452961951494217,0.12069259583950043,0.07104232162237167,0.2842875123023987,0.22655336558818817,0.18134692311286926,0.05233657732605934
AC729,0.111111111,0.0,0.074074074,0.111111111,0.0,0.074074074,0.222222222,0.0,0.0,0.0,0.0,0.074074074,0.0,1.333333333,0.851851852,0.481481481,0.148148148,0.296296296,0.074074074,0.814814815,0.62962963,0.148148148,0.296296296,0.111111111,0.296296296,0.111111111,0.518518519,0.0,0.0,0.148148148,0.0,0.0,0.0,0.148148148,0.0,0.185185185,0.037037037,0.0,0.0,0.037037037,0.333333333,0.333333333,0.037037037,0.148148148,0.074074074,0.296296296,0.148148148,0.296296296,0.703703704,0.148148148,0.185185185,0.33844462037086487,0.15744458138942719,0.4057490825653076,0.47247594594955444,0.43672382831573486,0.1676824539899826,0.2776218354701996,0.26009681820869446,0.3801223039627075,0.05491861701011658,0.11278486251831055,0.15627285838127136,0.10496163368225098,1.1099773645401,0.4543488323688507,0.3839486241340637,0.22302064299583435,0.11515150964260101,0.17138181626796722,0.27661532163619995,0.3887389302253723,0.05092383176088333,0.27620089054107666,0.08601652085781097,0.05147690698504448,0.20929132401943207,0.3246399164199829,0.1856546849012375,0.19561173021793365,0.12765242159366608,0.22141143679618835,0.08983083814382553,0.05894463136792183,0.2027609646320343,0.06433986872434616,0.5477387309074402,0.15763579308986664,0.0452134869992733,0.039478544145822525,0.10881062597036362,0.2882879376411438,0.2139049619436264,0.12091796845197678,0.4981532394886017,0.8141753673553467,0.2408595234155655,0.09251052886247635,0.42373573780059814,0.2986837327480316,0.0968167781829834,0.08961422741413116
AD048,0.2,0.066666667,0.2,0.0,0.0,0.0,0.0,0.0,0.0,0.0,0.0,0.0,0.0,0.2,0.0,0.0,0.0,0.133333333,0.0,0.333333333,0.2,0.0,0.133333333,0.2,0.0,0.2,0.2,0.0,0.066666667,0.0,0.0,0.0,2.0,0.0,0.133333333,0.0,0.0,0.066666667,0.266666667,0.333333333,0.0,0.0,0.0,0.0,0.066666667,0.0,0.0,0.0,0.0,0.0,0.0,0.29045602679252625,0.08676677942276001,0.19872954487800598,0.05924782156944275,0.09446627646684647,0.06719094514846802,0.037387728691101074,0.1353451907634735,0.08949882537126541,0.011218968778848648,0.018903467804193497,0.078531913459301,0.03719125688076019,0.27692216634750366,0.10173486173152924,0.1345401257276535,0.13118195533752441,0.33874639868736267,0.2870645821094513,0.5622968673706055,0.2919013500213623,0.31944262981414795,0.2762918174266815,0.19548079371452332,0.08202975243330002,0.14086896181106567,0.22871655225753784,0.15733377635478973,0.5134129524230957,0.29161930084228516,0.27085980772972107,0.4480392336845398,1.7106542587280273,0.3504450023174286,0.1676913946866989,0.3576475977897644,0.14390939474105835,0.13934707641601562,0.04728526249527931,0.31466108560562134,0.31432613730430603,0.10992906242609024,0.14557428658008575,0.18729640543460846,0.0943833738565445,0.10171736031770706,0.08953340351581573,0.07356172055006027,0.13898590207099915,0.08614544570446014,0.030113324522972107
AE379,1.185185185,0.444444444,0.37037037,0.111111111,0.148148148,0.0,0.037037037,0.185185185,0.0,0.037037037,0.0,0.0,0.0,0.0,0.074074074,0.0,0.0,0.185185185,0.0,1.037037037,1.962962963,0.037037037,1.111111111,0.740740741,0.0,0.0,0.074074074,0.111111111,0.0,0.407407407,0.37037037,0.296296296,0.074074074,0.555555556,0.037037037,0.222222222,0.111111111,0.074074074,0.0,0.0,0.0,0.0,0.148148148,0.0,0.037037037,0.074074074,0.0,0.0,0.0,0.037037037,0.111111111,0.40886390209198,0.12987083196640015,0.3767087161540985,0.24450400471687317,0.39025112986564636,0.17423999309539795,0.4012421667575836,0.3034355342388153,0.3632429540157318,0.07367772608995438,0.16918446123600006,0.12919478118419647,0.0200827494263649,0.6035844683647156,0.22410935163497925,0.23509350419044495,0.21236319839954376,0.1722078025341034,0.14529724419116974,0.6729798913002014,1.0035033226013184,0.07843376696109772,0.5869495272636414,0.1776314377784729,0.036560941487550735,0.08390797674655914,0.10483213514089584,0.09563615918159485,0.09232594072818756,0.17408211529254913,0.21900461614131927,0.21186651289463043,0.17915266752243042,0.4090035557746887,0.19008228182792664,0.6678685545921326,0.19126099348068237,0.11796514689922333,0.0798378735780716,0.2601467967033386,0.3048868179321289,0.22887736558914185,0.17478123307228088,0.4305065870285034,0.22832517325878143,0.24302317202091217,0.1479722112417221,0.2600880265235901,0.2900391221046448,0.15646131336688995,0.10715726017951965
AE421,0.222222222,0.0,0.222222222,0.074074074,0.222222222,0.333333333,1.037037037,0.259259259,0.148148148,0.0,0.0,0.148148148,0.0,0.592592593,0.0,0.148148148,0.111111111,0.148148148,0.0,0.0,0.037037037,0.0,0.0,0.0,0.0,0.0,0.185185185,0.0,0.0,0.444444444,0.074074074,0.0,0.0,0.111111111,0.0,0.074074074,0.148148148,0.0,0.0,0.0,0.0,0.296296296,0.37037037,0.518518519,0.888888889,0.518518519,0.592592593,3.481481481,0.0,0.0,0.037037037,0.276231974363327,0.15264037251472473,0.3907940685749054,0.17460568249225616,0.24663954973220825,0.17306961119174957,1.102083683013916,0.5005388855934143,0.43890950083732605,0.07202064245939255,0.12294802069664001,0.15471304953098297,0.05680201202630997,0.9177772402763367,0.1520555168390274,0.21322259306907654,0.14641030132770538,0.18171757459640503,0.15020377933979034,0.1168724000453949,0.09699210524559021,0.0692639946937561,0.13165397942066193,0.05315650254487991,0.0443296954035759,0.1603001207113266,0.05781249329447746,0.0670497789978981,0.06419271975755692,0.12215335667133331,0.12991216778755188,0.049938496202230453,0.062306586652994156,0.16801662743091583,0.056627094745635986,0.33541688323020935,0.176071435213089,0.04438277706503868,0.04254518449306488,0.09833958745002747,0.04204950109124184,0.21747639775276184,0.23294280469417572,0.4979337155818939,0.4034425616264343,0.5407771468162537,0.1833665817975998,0.9187614917755127,0.2236173450946808,0.20271876454353333,0.1703552007675171
AE810,0.25,0.25,0.75,0.25,0.892857143,0.535714286,0.178571429,0.321428571,0.642857143,0.035714286,0.285714286,0.142857143,0.0,0.571428571,0.071428571,0.25,0.071428571,0.25,0.0,0.0,0.071428571,0.0,0.0,0.142857143,0.0,0.107142857,0.0,0.0,0.0,0.0,0.035714286,0.0,0.0,0.107142857,0.0,0.642857143,0.107142857,0.0,0.0,0.0,0.821428571,0.821428571,0.0,0.107142857,0.428571429,0.0,0.25,0.25,0.607142857,0.392857143,0.107142857,0.5359243154525757,0.157655730843544,1.1219247579574585,0.3052373230457306,0.5626715421676636,0.3604486584663391,0.42038655281066895,0.3047550320625305,0.6463714838027954,0.18224182724952698,0.3009369373321533,0.12258291244506836,0.050848133862018585,0.744012713432312,0.21791590750217438,0.2342047393321991,0.251365602016449,0.13988304138183594,0.1406731903553009,0.20167313516139984,0.11076629161834717,0.10628559440374374,0.13591499626636505,0.07701730728149414,0.03751814737915993,0.16384510695934296,0.06257279962301254,0.06168345361948013,0.08726751804351807,0.34731513261795044,0.38263043761253357,0.08046756684780121,0.09196678549051285,0.17144906520843506,0.058802392333745956,0.6695437431335449,0.12373215705156326,0.04026421904563904,0.04046998172998428,0.11384768038988113,0.3793669641017914,0.22329284250736237,0.12168467044830322,0.2833801507949829,0.24245618283748627,0.3530742824077606,0.19347138702869415,0.18543210625648499,0.29370078444480896,0.202736496925354,0.15172530710697174
AE942,0.740740741,0.074074074,0.296296296,0.074074074,0.111111111,0.444444444,0.296296296,0.333333333,0.0,0.148148148,0.0,0.0,0.0,0.259259259,0.0,0.0,0.0,0.0,0.0,0.0,0.0,0.0,0.0,0.0,0.0,0.0,0.0,0.0,0.0,0.111111111,0.148148148,0.074074074,0.0,0.851851852,0.185185185,0.518518519,1.037037037,0.111111111,0.0,0.111111111,0.111111111,0.259259259,0.111111111,1.62962963,0.666666667,1.185185185,0.888888889,0.925925926,0.518518519,0.037037037,0.333333333,0.3932078778743744,0.09034104645252228,0.4140205681324005,0.260365754365921,0.2899860441684723,0.1740938425064087,0.14930275082588196,0.18579182028770447,0.2769382894039154,0.04891195148229599,0.07818616926670074,0.13472594320774078,0.01479983888566494,0.5486969947814941,0.20433175563812256,0.20752936601638794,0.20892910659313202,0.1629914939403534,0.12733244895935059,0.427681565284729,0.6658879518508911,0.07713839411735535,0.31315964460372925,0.10388583689928055,0.04908085986971855,0.09234705567359924,0.08378800004720688,0.0974433422088623,0.06239742413163185,0.21327172219753265,0.18781600892543793,0.046881213784217834,0.024802368134260178,0.4385374188423157,0.060353685170412064,0.3737407922744751,0.15754064917564392,0.07195853441953659,0.04247761890292168,0.1082724779844284,0.2820037305355072,0.2768222391605377,0.06664516776800156,0.7035233378410339,0.4355534613132477,0.8105502128601074,0.35919225215911865,1.5353114604949951,0.21401989459991455,0.18248753249645233,0.12975260615348816
AG056,0.7,0.3,0.5,0.1,0.166666667,0.166666667,0.633333333,0.266666667,0.266666667,0.0,0.466666667,0.166666667,0.333333333,0.466666667,0.0,0.0,0.0,0.0,0.0,0.1,0.0,0.1,0.0,0.0,0.0,0.0,0.0,0.0,0.0,0.166666667,0.266666667,0.566666667,0.966666667,0.1,0.133333333,0.833333333,0.733333333,0.2,0.033333333,0.233333333,0.133333333,0.2,0.0,0.1,0.066666667,0.566666667,0.0,0.233333333,0.3,0.0,0.233333333,0.32148656249046326,0.1913871318101883,0.7770551443099976,1.1121448278427124,0.43800365924835205,0.3434392213821411,0.5445183515548706,0.29879826307296753,0.9936864972114563,0.16595691442489624,0.23652879893779755,0.5335536599159241,0.1356981247663498,1.2543023824691772,0.26008421182632446,0.2989572584629059,0.3292921483516693,0.10869519412517548,0.04343138635158539,0.17596012353897095,0.14177095890045166,0.06972215324640274,0.13616438210010529,0.07267263531684875,0.02385544218122959,0.10024873167276382,0.04158230498433113,0.06029677391052246,0.08479854464530945,0.1392897069454193,0.2664049565792084,0.0878458246588707,0.18400178849697113,0.10466981679201126,0.05295899137854576,0.3729528784751892,0.16514694690704346,0.04077831655740738,0.04690428078174591,0.13408242166042328,0.20082120597362518,0.2291942536830902,0.04683152586221695,0.5294154286384583,0.5447733998298645,0.2811555564403534,0.14104010164737701,0.3697814643383026,0.2743416428565979,0.13902945816516876,0.10723218321800232
AG272,0.066666667,0.0,0.433333333,0.533333333,0.166666667,0.233333333,0.033333333,0.233333333,0.3,0.0,0.0,0.0,0.0,0.8,0.066666667,0.133333333,0.066666667,0.0,0.0,0.0,0.0,0.0,0.0,0.0,0.0,0.0,0.0,0.0,0.0,0.0,0.5,0.0,0.266666667,0.0,0.0,0.633333333,0.0,0.0,0.0,0.0,0.133333333,0.0,0.0,2.666666667,1.7,0.366666667,0.0,0.266666667,0.233333333,0.133333333,0.266666667,0.34530720114707947,0.12349281460046768,0.3828370273113251,0.9345659017562866,0.3214501440525055,0.1888638734817505,0.2771320044994354,0.2689177691936493,0.40674540400505066,0.08504239469766617,0.08623410761356354,0.20014332234859467,0.06149188429117203,0.9188902974128723,0.2688572108745575,0.2985832095146179,0.1659659445285797,0.08728686720132828,0.08640135824680328,0.09497161209583282,0.1110149696469307,0.044483114033937454,0.10439833253622055,0.0437285341322422,0.08052127063274384,0.201059952378273,0.1206517294049263,0.10977279394865036,0.1589624583721161,0.12074504047632217,0.23081688582897186,0.06925679743289948,0.07702816277742386,0.14880608022212982,0.0636943131685257,0.48461905121803284,0.1681601107120514,0.04994533210992813,0.04911170154809952,0.15843842923641205,0.1288551241159439,0.19703273475170135,0.14906972646713257,1.490140676498413,0.9699617028236389,0.41496166586875916,0.12290217727422714,0.5295292735099792,0.2646573483943939,0.130416139960289,0.13402508199214935
AG351,0.133333333,0.0,0.166666667,0.0,0.066666667,0.0,0.2,0.0,0.5,0.0,0.0,0.0,0.0,0.366666667,0.1,0.133333333,0.066666667,0.266666667,0.133333333,0.733333333,0.4,0.666666667,0.1,0.066666667,0.0,0.0,0.0,0.0,0.0,0.2,0.566666667,0.6,3.7,0.133333333,0.266666667,0.133333333,0.0,0.0,0.1,0.1,0.233333333,0.3,0.266666667,0.1,0.033333333,0.066666667,0.0,0.1,0.266666667,0.0,0.0,0.21369609236717224,0.06889709085226059,0.33756956458091736,0.24141409993171692,0.1336679756641388,0.09365784376859665,0.3005141317844391,0.14465758204460144,0.49925851821899414,0.008586208336055279,0.06039697676897049,0.18778178095817566,0.05122357979416847,0.8242508769035339,0.2810348570346832,0.26870277523994446,0.2555910050868988,0.27082696557044983,0.33859705924987793,0.48503807187080383,0.2648114264011383,0.3508971929550171,0.27405640482902527,0.16609127819538116,0.03736190125346184,0.07999230921268463,0.13986431062221527,0.06565139442682266,0.18748025596141815,0.34548723697662354,0.22058531641960144,0.42035430669784546,3.0853676795959473,0.1703035533428192,0.0958842858672142,0.2651155889034271,0.16077803075313568,0.15521635115146637,0.05060584470629692,0.34566810727119446,0.2753070294857025,0.15454263985157013,0.11752411723136902,0.36301711201667786,0.2378166913986206,0.18815800547599792,0.06670507043600082,0.17564469575881958,0.20151075720787048,0.06310074031352997,0.0676991268992424
AH254,0.133333333,0.0,0.466666667,0.1,0.566666667,0.066666667,0.2,0.266666667,0.833333333,0.1,0.333333333,0.166666667,0.1,0.7,0.233333333,0.1,0.366666667,0.166666667,0.033333333,0.166666667,0.133333333,0.0,0.266666667,0.0,0.0,0.3,0.0,0.0,0.066666667,0.1,0.1,0.233333333,0.066666667,0.166666667,0.0,0.9,0.3,0.0,0.0,0.0,0.766666667,0.533333333,0.0,0.633333333,0.933333333,0.0,0.033333333,0.133333333,0.466666667,0.166666667,0.233333333,0.25523313879966736,0.13380980491638184,0.35812997817993164,0.3876489996910095,0.29757678508758545,0.14165471494197845,0.5086185336112976,0.2992785573005676,0.8102009892463684,0.06858372688293457,0.23505493998527527,0.5012920498847961,0.08701007068157196,1.1497613191604614,0.315427303314209,0.3144347071647644,0.5838162899017334,0.30635684728622437,0.26914218068122864,0.3363804519176483,0.2868627607822418,0.14640837907791138,0.37581321597099304,0.15973909199237823,0.12318437546491623,0.13304919004440308,0.1908448338508606,0.08081697672605515,0.18135634064674377,0.166716068983078,0.23448416590690613,0.19021844863891602,0.20192623138427734,0.1378919631242752,0.09846075624227524,0.46522748470306396,0.17599795758724213,0.16790279746055603,0.06093195825815201,0.18947342038154602,0.3084457516670227,0.24430495500564575,0.12904898822307587,0.6038249135017395,0.49002325534820557,0.10353293269872665,0.07602020353078842,0.414943665266037,0.3502635061740875,0.10282402485609055,0.09380851686000824
AH568,0.1,0.066666667,0.266666667,0.0,0.0,0.0,0.533333333,0.2,1.3,0.0,0.9,0.266666667,0.066666667,0.866666667,0.133333333,0.3,0.0,0.1,0.033333333,0.0,0.0,0.0,0.1,0.0,0.133333333,0.0,0.066666667,0.0,0.566666667,0.366666667,0.6,0.566666667,2.633333333,0.133333333,0.0,0.133333333,0.1,0.0,0.0,0.066666667,0.0,0.0,0.0,0.2,0.133333333,0.0,0.0,0.0,0.0,0.0,0.0,0.27788352966308594,0.10288014262914658,0.359512597322464,0.11077065020799637,0.1640900820493698,0.1075456291437149,0.135135218501091,0.14107996225357056,0.747506856918335,0.4823344945907593,0.25091785192489624,0.22017700970172882,0.07078074663877487,0.518036961555481,0.17545923590660095,0.214567631483078,0.12496531754732132,0.09661126136779785,0.16510656476020813,0.33798494935035706,0.12708710134029388,0.43987199664115906,0.09541728347539902,0.1478828489780426,0.038277920335531235,0.09857504069805145,0.09330722689628601,0.08144507557153702,0.3512081503868103,0.313535213470459,0.4139293432235718,0.535467803478241,3.443014621734619,0.14432722330093384,0.10400795191526413,0.3271898031234741,0.1367325335741043,0.11026398092508316,0.04788597673177719,0.2611962556838989,0.11271935701370239,0.07489147037267685,0.0660390630364418,0.09011869877576828,0.11725456267595291,0.3470696210861206,0.14425130188465118,0.16066470742225647,0.15891492366790771,0.06494948267936707,0.07542029768228531
AI338,0.517241379,0.0,0.344827586,0.0,0.24137931,0.0,0.103448276,0.275862069,0.965517241,0.172413793,0.413793103,0.24137931,0.206896552,1.172413793,0.344827586,0.482758621,0.482758621,0.0,0.0,0.275862069,0.413793103,0.0,0.482758621,0.0,0.0,0.0,0.24137931,0.0,0.068965517,0.310344828,0.586206897,0.0,0.0,0.482758621,0.482758621,0.517241379,0.068965517,0.0,0.0,0.344827586,0.0,0.034482759,0.034482759,0.0,0.0,0.137931034,0.068965517,0.103448276,0.0,0.0,0.034482759,0.372245728969574,0.1127188429236412,0.36305922269821167,0.08195188641548157,0.406112939119339,0.12287668883800507,0.28866899013519287,0.1898193210363388,0.5425177812576294,0.06626523286104202,0.1586824357509613,0.23860971629619598,0.07502365857362747,0.9335180521011353,0.3603837490081787,0.36632731556892395,0.21968971192836761,0.1196746826171875,0.13267137110233307,0.6116634607315063,0.8824695944786072,0.1760716736316681,0.8791968822479248,0.0760304406285286,0.15343080461025238,0.10574264079332352,0.5476584434509277,0.1624893695116043,0.19702966511249542,0.16714943945407867,0.21463161706924438,0.10733827948570251,0.0018496732227504253,0.29554054141044617,0.1134369894862175,0.3801783621311188,0.14758196473121643,0.055448610335588455,0.04441436007618904,0.11178901046514511,0.1032879501581192,0.16612325608730316,0.06205511465668678,0.1274060308933258,0.11541678011417389,0.08677065372467041,0.12760545313358307,0.3450634479522705,0.16094407439231873,0.10160445421934128,0.08387942612171173
AI981,0.642857143,0.142857143,0.714285714,0.107142857,0.678571429,0.928571429,0.857142857,0.107142857,0.75,0.535714286,0.392857143,0.0,0.0,0.821428571,0.285714286,0.25,0.107142857,0.107142857,0.0,0.0,0.285714286,0.0,0.178571429,0.071428571,0.0,0.5,0.0,0.0,0.0,0.071428571,0.0,0.0,0.0,0.535714286,0.214285714,0.571428571,0.071428571,0.0,0.0,0.0,0.214285714,0.5,0.0,0.107142857,0.035714286,0.357142857,0.321428571,0.464285714,0.678571429,0.25,0.142857143,0.45406654477119446,0.19623802602291107,0.4235815703868866,0.12445641309022903,0.44083088636398315,0.18597623705863953,0.4031692147254944,0.2693958580493927,0.5773571133613586,0.24955253303050995,0.13254809379577637,0.15204934775829315,0.10212063789367676,0.8727437257766724,0.32678553462028503,0.28873392939567566,0.1883126050233841,0.10651316493749619,0.1092933788895607,0.4901215732097626,0.9749738574028015,0.053360868245363235,0.5822364687919617,0.26901254057884216,0.29115307331085205,0.43079841136932373,0.1593920737504959,0.2114708125591278,0.19988861680030823,0.195124089717865,0.16767126321792603,0.11692199856042862,0.043137069791555405,0.24809762835502625,0.11963459104299545,0.41751229763031006,0.17466409504413605,0.053730808198451996,0.043168194591999054,0.1731053590774536,0.14842286705970764,0.13201914727687836,0.05178643763065338,0.17400500178337097,0.14160756766796112,0.27297163009643555,0.1386779099702835,0.8221381902694702,0.28936606645584106,0.19199597835540771,0.16191166639328003
AJ266,0.233333333,0.0,0.266666667,0.1,0.433333333,0.033333333,0.1,0.366666667,0.266666667,0.0,0.0,0.0,0.0,1.033333333,0.966666667,0.433333333,0.566666667,1.033333333,1.5,0.8,0.466666667,0.1,0.4,0.0,0.1,0.133333333,0.133333333,0.0,0.066666667,0.166666667,0.166666667,0.066666667,0.066666667,0.266666667,0.066666667,0.7,0.166666667,0.0,0.0,0.033333333,0.466666667,0.0,0.066666667,0.133333333,0.266666667,0.333333333,0.0,0.766666667,0.166666667,0.333333333,0.066666667,0.1981869488954544,0.05814605578780174,0.2938893437385559,0.1818728893995285,0.24002759158611298,0.0912478119134903,0.19478821754455566,0.144955113530159,0.6945101022720337,0.04318682476878166,0.07539328187704086,0.2062038779258728,0.028241295367479324,1.030975103378296,0.44446730613708496,0.29146185517311096,0.5521701574325562,0.23130933940410614,0.3104701042175293,0.2811577320098877,0.2584388256072998,0.16718801856040955,0.19742609560489655,0.05729127302765846,0.03416048362851143,0.12668775022029877,0.04709332436323166,0.07271984219551086,0.11427877098321915,0.22259052097797394,0.2370481938123703,0.10753417015075684,0.2245078831911087,0.20556505024433136,0.055767156183719635,0.30695557594299316,0.14981034398078918,0.0589260570704937,0.0420459508895874,0.15482136607170105,0.29342854022979736,0.15281464159488678,0.08257100731134415,0.3453958034515381,0.16368833184242249,0.2878509759902954,0.09980572760105133,0.3663783371448517,0.2185288667678833,0.11491735279560089,0.06523007154464722
AK436,0.0,0.133333333,0.333333333,0.2,0.166666667,0.533333333,0.4,0.333333333,1.033333333,3.433333333,0.466666667,0.433333333,0.0,1.866666667,0.133333333,0.233333333,0.133333333,0.133333333,0.1,0.0,0.233333333,0.0,0.0,0.1,0.0,0.2,0.066666667,0.0,0.0,0.566666667,0.0,0.0,0.0,0.0,0.0,0.066666667,0.1,0.0,0.0,0.0,0.0,0.066666667,0.0,0.433333333,0.366666667,0.0,0.133333333,0.1,0.0,0.0,0.266666667,0.581153929233551,0.06846492737531662,0.5669016242027283,0.08342579752206802,0.3377593159675598,0.24147683382034302,0.6558049917221069,0.2494192272424698,0.9035115242004395,0.3680545687675476,0.28470203280448914,0.21202515065670013,0.08458638936281204,1.226218581199646,0.2939337193965912,0.23767423629760742,0.2172945886850357,0.1165090799331665,0.20055072009563446,0.2011498063802719,0.3212989568710327,0.06655362248420715,0.1904543936252594,0.07696031779050827,0.035853225737810135,0.16189782321453094,0.0455169752240181,0.06899995356798172,0.05104784294962883,0.3124585449695587,0.20583084225654602,0.04216533899307251,0.017121106386184692,0.18089132010936737,0.05577915161848068,0.33763599395751953,0.16022290289402008,0.04173891246318817,0.04050123691558838,0.09281725436449051,0.18401852250099182,0.12303715199232101,0.074614018201828,0.2512021064758301,0.16834786534309387,0.41108185052871704,0.16747359931468964,0.3208850920200348,0.2160252183675766,0.20077988505363464,0.17659036815166473
AK851,0.233333333,0.0,0.133333333,0.1,0.2,0.433333333,0.4,0.3,0.733333333,3.666666667,0.233333333,0.3,0.0,1.733333333,0.0,0.266666667,0.1,0.0,0.0,0.0,0.266666667,0.0,0.0,0.0,0.0,0.066666667,0.0,0.0,0.1,0.466666667,0.066666667,0.0,0.0,0.166666667,0.0,0.6,0.333333333,0.0,0.133333333,0.066666667,0.0,0.0,0.1,0.5,0.266666667,0.7,0.266666667,0.0,0.133333333,0.0,0.266666667,0.42354461550712585,0.1930994987487793,0.4709307849407196,0.13496267795562744,0.35370397567749023,0.20748311281204224,0.4598219692707062,0.2940661311149597,1.1646414995193481,0.4914817214012146,0.2563534379005432,0.1929137259721756,0.03219658508896828,1.4928925037384033,0.3059508502483368,0.27729490399360657,0.25311192870140076,0.07928203046321869,0.03477657586336136,0.2077684849500656,0.31300029158592224,0.045930396765470505,0.32639604806900024,0.12615686655044556,0.04277598857879639,0.2055063098669052,0.07641637325286865,0.08578350394964218,0.12182499468326569,0.39085376262664795,0.26754382252693176,0.04760991781949997,0.018952282145619392,0.18800202012062073,0.05363845080137253,0.658252477645874,0.13213549554347992,0.03761177510023117,0.03980889916419983,0.09138460457324982,0.10703777521848679,0.15511883795261383,0.08115821331739426,0.23190298676490784,0.15661199390888214,0.37215372920036316,0.10719630122184753,0.27617648243904114,0.1827695071697235,0.14238546788692474,0.1324780285358429
AK907,0.433333333,0.233333333,0.266666667,0.033333333,0.0,0.0,0.6,0.333333333,1.466666667,0.233333333,0.0,0.1,0.1,1.433333333,0.066666667,0.133333333,0.566666667,0.0,0.066666667,0.0,0.266666667,0.133333333,0.2,0.066666667,0.0,0.1,0.0,0.0,0.066666667,0.9,0.7,0.233333333,0.0,0.133333333,0.0,0.5,0.1,0.2,0.033333333,0.5,0.0,0.066666667,0.0,0.066666667,0.3,2.233333333,0.0,0.566666667,0.066666667,0.066666667,0.266666667,0.3924505412578583,0.07345252484083176,0.343633770942688,0.2876918911933899,0.20371323823928833,0.08014809340238571,0.2001568078994751,0.16502000391483307,0.5092083215713501,0.05977945774793625,0.05953933671116829,0.09698393195867538,0.011115802451968193,1.0630888938903809,0.2765513062477112,0.258365660905838,0.19667871296405792,0.1195635125041008,0.057703860104084015,0.35011741518974304,0.19774802029132843,0.41161423921585083,0.17781202495098114,0.2055942714214325,0.036670852452516556,0.13212080299854279,0.12123782187700272,0.09979768097400665,0.13239985704421997,0.8942567706108093,0.28268128633499146,0.34316956996917725,0.33493468165397644,0.23244479298591614,0.08820334821939468,0.48774421215057373,0.14651183784008026,0.08819687366485596,0.04399622604250908,0.3518172800540924,0.13670305907726288,0.15326739847660065,0.1269252449274063,0.153527170419693,0.16409462690353394,0.40568825602531433,0.0914657786488533,0.47504809498786926,0.2038583755493164,0.127723827958107,0.1304883360862732
AK975,0.366666667,0.0,0.2,0.0,0.033333333,0.0,0.166666667,0.1,0.666666667,0.166666667,0.1,0.0,0.133333333,1.2,1.166666667,0.6,0.1,0.0,0.066666667,0.0,0.266666667,0.4,0.133333333,0.066666667,0.233333333,0.066666667,0.333333333,0.133333333,0.033333333,0.5,0.2,0.3,0.0,0.566666667,0.333333333,0.9,0.166666667,0.933333333,0.033333333,0.833333333,0.133333333,0.266666667,0.266666667,0.4,0.133333333,0.4,0.1,0.066666667,0.433333333,0.266666667,0.133333333,0.3559088408946991,0.06490598618984222,0.26869070529937744,0.19086335599422455,0.26265770196914673,0.09450560063123703,0.2554803788661957,0.20324812829494476,0.6097063422203064,0.06893587112426758,0.17371916770935059,0.14348025619983673,0.03819737955927849,0.7988971471786499,0.3583867847919464,0.3042099177837372,0.19512245059013367,0.09976889938116074,0.07267002016305923,0.3277476131916046,0.5034502744674683,0.2336355447769165,0.22288928925991058,0.23589810729026794,0.04973510652780533,0.17095455527305603,0.24840396642684937,0.1454923003911972,0.20620551705360413,0.32673293352127075,0.24908655881881714,0.24444207549095154,0.3574793338775635,0.15797458589076996,0.09796012938022614,0.39746788144111633,0.15474310517311096,0.09444523602724075,0.049110934138298035,0.33192649483680725,0.27832087874412537,0.1463426649570465,0.1276436299085617,0.29248329997062683,0.2312585413455963,0.25181034207344055,0.09718455374240875,0.4884410798549652,0.22883285582065582,0.11339420080184937,0.06886422634124756
AL426,0.366666667,0.0,0.233333333,0.0,0.833333333,0.2,0.233333333,0.0,0.133333333,0.1,0.0,0.033333333,0.0,0.2,0.233333333,0.066666667,0.266666667,0.033333333,0.266666667,0.933333333,1.7,0.0,0.833333333,0.0,0.0,0.366666667,0.0,0.066666667,0.0,0.0,0.0,0.0,0.033333333,0.766666667,0.1,0.966666667,0.0,0.0,0.0,0.0,0.433333333,0.4,0.0,0.0,0.133333333,0.233333333,0.533333333,0.0,0.533333333,0.166666667,0.366666667,0.583855152130127,0.15283124148845673,0.4388391077518463,0.05791366100311279,0.5251402258872986,0.19092848896980286,0.4106115400791168,0.2063843011856079,0.5321046710014343,0.11815490573644638,0.10090489685535431,0.059499967843294144,0.019623156636953354,0.43219250440597534,0.16314823925495148,0.17936572432518005,0.2039865106344223,0.10754681378602982,0.11424551159143448,0.4665220379829407,0.6940422058105469,0.12169031798839569,0.30545324087142944,0.11860519647598267,0.028073452413082123,0.1505332887172699,0.08407457172870636,0.07766017317771912,0.1539011299610138,0.28578639030456543,0.2128598541021347,0.17110975086688995,0.10906370729207993,0.49394986033439636,0.17201994359493256,0.8315760493278503,0.2530498504638672,0.21387973427772522,0.053210195153951645,0.3287140130996704,0.35002022981643677,0.19573919475078583,0.2468624860048294,0.30850180983543396,0.17738735675811768,0.32269930839538574,0.10340918600559235,0.15609626471996307,0.3441734313964844,0.1960994005203247,0.14539068937301636
AL860,1.166666667,0.1,0.833333333,0.233333333,0.6,0.233333333,0.433333333,0.0,0.5,0.3,0.133333333,0.066666667,0.0,0.733333333,0.066666667,0.1,0.2,0.0,0.0,0.0,0.166666667,0.0,0.066666667,0.0,0.0,0.1,0.0,0.0,0.0,0.066666667,0.266666667,0.0,0.0,0.366666667,0.1,0.8,0.1,0.133333333,0.066666667,0.033333333,0.733333333,0.066666667,0.0,0.033333333,0.133333333,0.133333333,0.8,0.0,1.033333333,0.2,0.166666667,0.772924542427063,0.13228920102119446,0.5397242307662964,0.3504975140094757,0.5415138602256775,0.20900072157382965,0.36503881216049194,0.25206249952316284,0.7131856083869934,0.27561473846435547,0.1485162079334259,0.12864099442958832,0.023973973467946053,0.8404492735862732,0.19268162548542023,0.2162826806306839,0.19404971599578857,0.10417201370000839,0.07591710239648819,0.20816119015216827,0.36696112155914307,0.07909135520458221,0.27805912494659424,0.07637251168489456,0.03201598674058914,0.23711659014225006,0.05067097768187523,0.06130572035908699,0.08459427952766418,0.2626805007457733,0.19744591414928436,0.0616409108042717,0.020641202107071877,0.22462797164916992,0.10984776169061661,0.7250377535820007,0.16978789865970612,0.12105067819356918,0.0413711778819561,0.16403718292713165,0.274065226316452,0.1655212938785553,0.08880649507045746,0.11855989694595337,0.171677365899086,0.251286119222641,0.09819954633712769,0.0508270300924778,0.3089255392551422,0.20809175074100494,0.15975001454353333
AL869,0.5,0.0,0.433333333,0.4,0.3,0.133333333,0.966666667,0.0,1.566666667,0.266666667,0.533333333,0.733333333,0.266666667,2.1,0.366666667,0.466666667,0.0,0.0,0.0,0.233333333,0.5,0.0,0.6,0.233333333,0.033333333,0.533333333,0.133333333,0.0,0.433333333,0.2,0.033333333,0.0,0.0,0.233333333,0.0,0.333333333,0.333333333,0.0,0.0,0.0,0.0,0.0,0.1,0.0,0.233333333,0.433333333,0.0,0.4,0.0,0.0,0.0,0.6515207886695862,0.07037496566772461,0.4287357032299042,0.1641118824481964,0.49839600920677185,0.11607246845960617,0.3202937841415405,0.1508689522743225,0.5018553733825684,0.10678903758525848,0.13817110657691956,0.12942251563072205,0.05309269577264786,0.687738835811615,0.21792086958885193,0.22830043733119965,0.19416682422161102,0.08420469611883163,0.08223134279251099,0.4216761887073517,0.7511815428733826,0.06482776254415512,0.3423469364643097,0.17151673138141632,0.04749755933880806,0.15024130046367645,0.13687355816364288,0.13471946120262146,0.24725264310836792,0.2342655509710312,0.23067855834960938,0.09959085285663605,0.03692980855703354,0.30929139256477356,0.10899466276168823,0.7975791096687317,0.2045537233352661,0.09985174238681793,0.043401092290878296,0.335858553647995,0.1067686676979065,0.16161929070949554,0.08164242655038834,0.12360742688179016,0.11059851199388504,0.23563610017299652,0.10835222154855728,0.23165792226791382,0.22270484268665314,0.16081532835960388,0.14739066362380981
AM361,0.533333333,0.1,0.633333333,1.0,0.833333333,0.1,0.466666667,0.466666667,0.166666667,0.0,0.1,0.0,0.133333333,1.3,0.433333333,0.3,0.466666667,0.0,0.066666667,0.1,0.266666667,0.0,0.066666667,0.0,0.066666667,0.4,0.0,0.0,0.0,0.066666667,0.3,0.0,0.0,0.1,0.0,0.9,0.3,0.0,0.0,0.0,0.3,0.0,0.133333333,0.3,0.1,0.2,0.0,0.6,0.166666667,0.1,0.033333333,0.34521034359931946,0.07010192424058914,0.44127121567726135,0.22301612794399261,0.35967645049095154,0.20334261655807495,0.3711355924606323,0.3641662895679474,0.6725837588310242,0.07194238156080246,0.18734470009803772,0.12999729812145233,0.10595595836639404,1.4453423023223877,0.38795411586761475,0.3081091642379761,0.2587969899177551,0.10802879184484482,0.05234093964099884,0.22622455656528473,0.18053679168224335,0.11712247878313065,0.12208157032728195,0.1468939483165741,0.1138477623462677,0.41050660610198975,0.12767449021339417,0.08829955756664276,0.1415172666311264,0.3426166772842407,0.2180548906326294,0.094669409096241,0.1380438208580017,0.0978529304265976,0.06347285956144333,0.41756945848464966,0.13793210685253143,0.037577301263809204,0.05134562775492668,0.08401121199131012,0.1406339704990387,0.1755802482366562,0.04337979853153229,0.16440421342849731,0.21136286854743958,0.2015160620212555,0.1269066035747528,0.08360224217176437,0.18386833369731903,0.12641361355781555,0.05653334781527519
AM430,0.4,0.033333333,0.866666667,0.666666667,0.9,0.0,0.5,0.2,0.233333333,0.0,0.2,0.0,0.0,1.3,0.5,0.566666667,0.466666667,0.0,0.0,0.1,0.133333333,0.0,0.2,0.0,0.233333333,0.366666667,0.1,0.033333333,0.0,0.066666667,0.266666667,0.0,0.0,0.0,0.033333333,0.266666667,0.0,0.0,0.0,0.0,0.066666667,0.066666667,0.0,0.3,0.233333333,0.266666667,0.1,0.066666667,0.4,0.2,0.066666667,0.3165711462497711,0.09101543575525284,0.5453972220420837,0.23426389694213867,0.28346067667007446,0.2332717776298523,0.4069821834564209,0.2625839412212372,0.9059449434280396,0.10035223513841629,0.24848707020282745,0.24804747104644775,0.1024138480424881,0.9297163486480713,0.21931448578834534,0.2761346101760864,0.2020651400089264,0.06858476996421814,0.0352768748998642,0.13217979669570923,0.15019448101520538,0.06994787603616714,0.1394086480140686,0.08550574630498886,0.09531933069229126,0.1606428325176239,0.08171913772821426,0.07912731170654297,0.13363000750541687,0.25599008798599243,0.33685827255249023,0.09280093014240265,0.0698937177658081,0.11355553567409515,0.0683741420507431,0.27865180373191833,0.15040597319602966,0.041359782218933105,0.04739798605442047,0.1653374433517456,0.08512519299983978,0.14767232537269592,0.03653770312666893,0.186491921544075,0.3893236517906189,0.29194509983062744,0.15163783729076385,0.2514820098876953,0.2275615930557251,0.1196281686425209,0.09005344659090042
AO091,0.1,0.166666667,0.2,1.3,0.166666667,0.133333333,0.533333333,0.666666667,0.6,0.266666667,0.166666667,0.2,0.333333333,1.533333333,0.766666667,0.733333333,0.333333333,0.0,0.066666667,0.933333333,1.166666667,0.0,0.4,0.166666667,0.366666667,0.7,0.133333333,0.1,0.2,0.2,0.066666667,0.066666667,0.0,0.0,0.0,0.4,0.133333333,0.0,0.0,0.033333333,0.1,0.133333333,0.0,0.066666667,0.2,0.033333333,0.433333333,0.466666667,0.133333333,0.166666667,0.0,0.4023253917694092,0.08804518729448318,0.47237271070480347,0.5032711029052734,0.5278993844985962,0.1978573352098465,0.33627867698669434,0.27388569712638855,0.4736257493495941,0.07780833542346954,0.09999511390924454,0.16677303612232208,0.10205325484275818,1.0078579187393188,0.34898295998573303,0.30234861373901367,0.22294466197490692,0.1108318343758583,0.04257108271121979,0.3859546482563019,0.5200363993644714,0.1674743890762329,0.3176276981830597,0.14373473823070526,0.09183891117572784,0.4938393533229828,0.28123757243156433,0.13134250044822693,0.27972277998924255,0.19140246510505676,0.2666873037815094,0.12073121964931488,0.2296738624572754,0.14886948466300964,0.06212049722671509,0.39702367782592773,0.13773006200790405,0.052472952753305435,0.05753621831536293,0.269153892993927,0.13479934632778168,0.10453878343105316,0.04954853281378746,0.23702682554721832,0.46302804350852966,0.2480211704969406,0.13260748982429504,0.19635653495788574,0.22968663275241852,0.13818180561065674,0.06423765420913696
AP450,0.466666667,0.133333333,0.366666667,0.2,0.333333333,0.233333333,0.233333333,0.533333333,1.266666667,0.166666667,0.733333333,0.633333333,0.0,2.166666667,0.5,0.4,0.066666667,0.133333333,0.033333333,0.9,1.133333333,0.0,0.933333333,0.133333333,0.1,0.066666667,0.133333333,0.066666667,0.0,0.166666667,0.066666667,0.0,0.0,0.0,0.0,0.566666667,0.2,0.0,0.0,0.0,0.133333333,0.066666667,0.033333333,0.2,0.2,0.166666667,0.133333333,0.5,0.133333333,0.133333333,0.1,0.3219580352306366,0.07584981620311737,0.4209398627281189,0.2369445413351059,0.42000913619995117,0.1402156800031662,0.32643675804138184,0.18166635930538177,0.7008321285247803,0.07858104258775711,0.26408958435058594,0.28233128786087036,0.055991414934396744,1.0583966970443726,0.322701096534729,0.29460620880126953,0.2118784785270691,0.08897773176431656,0.02396693266928196,0.5882437229156494,1.0301592350006104,0.09942583739757538,0.5795300602912903,0.08596286922693253,0.03394975885748863,0.09961506724357605,0.10254316031932831,0.09176456183195114,0.1345214992761612,0.22624720633029938,0.22599434852600098,0.06832762807607651,0.08116831630468369,0.1554773598909378,0.07035909593105316,0.6588316559791565,0.1590401530265808,0.04756130278110504,0.04802281782031059,0.1139671728014946,0.19514046609401703,0.16309738159179688,0.056805919855833054,0.14943847060203552,0.17219465970993042,0.18550381064414978,0.09587957710027695,0.4415736198425293,0.25864270329475403,0.15178656578063965,0.09768376499414444
AP839,0.233333333,0.0,0.3,0.0,0.0,0.0,0.0,0.066666667,0.266666667,0.0,0.066666667,0.1,0.0,0.4,0.533333333,0.266666667,0.266666667,0.0,0.0,0.4,0.133333333,0.433333333,0.133333333,0.133333333,0.0,0.366666667,0.266666667,0.2,1.966666667,0.966666667,0.8,1.333333333,2.466666667,0.033333333,0.5,0.533333333,0.0,0.1,0.266666667,0.966666667,0.0,0.0,0.1,0.0,0.0,0.4,0.0,0.133333333,0.1,0.0,0.066666667,0.23912374675273895,0.0619412362575531,0.23760221898555756,0.049168433994054794,0.0808902233839035,0.03965526819229126,0.1196172907948494,0.1393137127161026,0.3403202295303345,0.020100638270378113,0.052386268973350525,0.1017751693725586,0.026238858699798584,0.6886541843414307,0.10787074267864227,0.17393921315670013,0.11383169144392014,0.0790301188826561,0.16359667479991913,0.3087894022464752,0.16377940773963928,0.3960717022418976,0.13031500577926636,0.25067684054374695,0.05906911939382553,0.1355377435684204,0.37991321086883545,0.17385642230510712,0.6592939496040344,0.6584838628768921,0.42160764336586,0.5996745824813843,0.7896771430969238,0.17301395535469055,0.15861546993255615,0.4900006651878357,0.13217420876026154,0.09484099596738815,0.06929155439138412,0.6765322685241699,0.0688958540558815,0.06821984052658081,0.10595472902059555,0.07604926824569702,0.10357609391212463,0.17287001013755798,0.060086287558078766,0.05531279370188713,0.09317158907651901,0.07239037752151489,0.17392197251319885
