stimulus,true_Green,true_Cucumber,true_Herbal,true_Mint,true_Woody,true_Pine,true_Floral,true_Powdery,true_Fruity,true_Citrus,true_Tropical,true_Berry,true_Peach,true_Sweet,true_Caramellic,true_Vanilla,true_BrownSpice,true_Smoky,true_Burnt,true_Roasted,true_Grainy,true_Meaty,true_Nutty,true_Fatty,true_Coconut,true_Waxy,true_Dairy,true_Buttery,true_Cheesy,true_Sour,true_Fermented,true_Sulfurous,true_Garlic.Onion,true_Earthy,true_Mushroom,true_Musty,true_Ammonia,true_Fishy,true_Fecal,true_Rotten.Decay,true_Rubber,true_Phenolic,true_Animal,true_Medicinal,true_Cooling,true_Sharp,true_Chlorine,true_Alcoholic,true_Plastic,true_Ozone,true_Metallic,pred_Green,pred_Cucumber,pred_Herbal,pred_Mint,pred_Woody,pred_Pine,pred_Floral,pred_Powdery,pred_Fruity,pred_Citrus,pred_Tropical,pred_Berry,pred_Peach,pred_Sweet,pred_Caramellic,pred_Vanilla,pred_BrownSpice,pred_Smoky,pred_Burnt,pred_Roasted,pred_Grainy,pred_Meaty,pred_Nutty,pred_Fatty,pred_Coconut,pred_Waxy,pred_Dairy,pred_Buttery,pred_Cheesy,pred_Sour,pred_Fermented,pred_Sulfurous,pred_Garlic.Onion,pred_Earthy,pred_Mushroom,pred_Musty,pred_Ammonia,pred_Fishy,pred_Fecal,pred_Rotten.Decay,pred_Rubber,pred_Phenolic,pred_Animal,pred_Medicinal,pred_Cooling,pred_Sharp,pred_Chlorine,pred_Alcoholic,pred_Plastic,pred_Ozone,pred_Metallic
AA142,0.076923077,0.0,0.038461538,0.0,0.230769231,0.0,0.807692308,0.230769231,0.192307692,0.0,0.0,0.0,0.0,0.038461538,0.0,0.0,0.0,0.115384615,0.038461538,0.423076923,0.153846154,0.230769231,0.192307692,0.153846154,0.0,0.153846154,0.0,0.269230769,0.884615385,0.346153846,0.0,0.192307692,3.307692308,0.0,0.115384615,0.0,0.153846154,0.0,0.0,0.153846154,0.0,0.269230769,0.0,0.153846154,0.0,0.038461538,0.038461538,0.0,0.115384615,0.038461538,0.0,0.20573465526103973,0.03768562152981758,0.06562715023756027,0.0027002329006791115,0.025759316980838776,0.10507206618785858,0.9557506442070007,0.408870667219162,0.02063693106174469,0.11544589698314667,0.09301938861608505,0.04106635972857475,0.08140041679143906,0.5369196534156799,0.015132926404476166,0.021805310621857643,0.06734462082386017,0.24687418341636658,0.012269342318177223,0.27178236842155457,0.26032111048698425,0.16599464416503906,0.14648936688899994,0.2643345594406128,0.24140477180480957,0.1398693472146988,0.32344236969947815,0.09263910353183746,0.4064023494720459,0.17094634473323822,0.25498610734939575,0.17933112382888794,1.0444468259811401,0.019364789128303528,0.0393906831741333,0.03076745569705963,0.08755037188529968,0.045133382081985474,0.0054243081249296665,0.0930149257183075,0.10921475291252136,0.17462919652462006,0.16906426846981049,0.04216495528817177,0.09407208114862442,0.1842346340417862,0.1662343144416809,0.1410401165485382,0.12551449239253998,0.06469455361366272,0.04742305353283882
AA632,0.0,0.0,0.038461538,0.0,0.0,0.0,0.0,0.269230769,0.807692308,0.0,0.384615385,0.346153846,0.192307692,0.961538462,0.230769231,0.269230769,0.0,0.0,0.115384615,0.230769231,0.269230769,0.0,0.346153846,0.269230769,0.153846154,0.230769231,0.692307692,0.269230769,0.307692308,0.384615385,0.0,0.192307692,0.038461538,0.076923077,0.0,0.153846154,0.346153846,0.0,0.0,0.5,0.0,0.0,0.0,0.384615385,0.0,0.153846154,0.192307692,0.076923077,0.153846154,0.115384615,0.0,0.48386114835739136,0.10703334957361221,0.335758239030838,0.027353500947356224,0.2677311301231384,0.03264936804771423,0.14236664772033691,0.14605461061000824,0.26733070611953735,0.12012239545583725,0.11228206753730774,0.09459418058395386,0.08049556612968445,0.6890702843666077,0.0984535962343216,0.09148155152797699,0.1178382933139801,0.1299133002758026,0.15943986177444458,0.49104949831962585,0.49278998374938965,0.18667812645435333,0.3147985637187958,0.323907732963562,0.06261636316776276,0.1691455841064453,0.48385974764823914,0.17597231268882751,0.7283501029014587,0.35895439982414246,0.2907137870788574,0.3462395966053009,0.6990870237350464,0.170663982629776,0.1741815209388733,0.33886727690696716,0.07032245397567749,0.24403749406337738,0.048393577337265015,0.5631937384605408,0.10311300307512283,0.09580989181995392,0.08908665180206299,0.23447845876216888,0.09170488268136978,0.4064793884754181,0.10161904990673065,0.21234974265098572,0.09786581248044968,0.1391194760799408,0.1087433323264122
AA875,0.0,0.0,0.038461538,3.538461538,0.0,0.0,0.115384615,0.076923077,0.0,0.269230769,0.115384615,0.0,0.0,0.692307692,0.0,0.153846154,0.0,0.0,0.076923077,0.153846154,0.0,0.153846154,0.307692308,0.153846154,0.0,0.0,0.692307692,0.538461538,1.0,0.5,0.192307692,0.0,0.115384615,0.076923077,0.0,0.0,0.0,0.192307692,0.423076923,1.115384615,0.0,0.0,0.115384615,0.0,0.961538462,0.115384615,0.0,0.038461538,0.0,0.0,0.0,0.2972146272659302,0.04035533219575882,0.30928894877433777,1.9034672975540161,0.1864854097366333,0.0736260786652565,0.2490343153476715,0.15701204538345337,0.4758477210998535,0.1285339593887329,0.20224206149578094,0.15921062231063843,0.08570080995559692,0.7777994275093079,0.09434175491333008,0.17858192324638367,0.1645277738571167,0.07847697287797928,0.07892210781574249,0.25008833408355713,0.29735273122787476,0.22554181516170502,0.1885741800069809,0.09398333728313446,0.02700655348598957,0.07068367302417755,0.645336389541626,0.09275137633085251,0.7579657435417175,0.513306736946106,0.3522942364215851,0.4823954105377197,0.4569481313228607,0.15184354782104492,0.11918867379426956,0.3391939103603363,0.10275331139564514,0.16910482943058014,0.35535791516304016,1.2001862525939941,0.14636214077472687,0.08977480977773666,0.11731483787298203,0.1615401953458786,0.7369493842124939,0.22278852760791779,0.07192721217870712,0.1906605064868927,0.04414309933781624,0.0704091414809227,0.08121760189533234
AA886,0.0,0.0,0.153846154,0.230769231,0.423076923,0.038461538,0.115384615,0.0,0.038461538,0.076923077,0.0,0.230769231,0.0,0.269230769,0.269230769,0.076923077,0.576923077,0.076923077,0.076923077,0.153846154,0.038461538,0.076923077,0.0,0.0,0.0,0.0,0.076923077,0.0,0.0,0.153846154,0.0,0.153846154,0.0,0.0,0.0,0.653846154,0.423076923,0.0,0.0,0.0,0.0,0.384615385,0.192307692,1.307692308,0.423076923,0.615384615,0.269230769,0.961538462,0.653846154,0.461538462,0.192307692,0.4044223129749298,0.1761796623468399,0.43838050961494446,0.5701971054077148,0.5182761549949646,0.23398365080356598,0.2600242793560028,0.47758224606513977,0.3105805516242981,0.1455344706773758,0.13691404461860657,0.14795131981372833,0.13613806664943695,1.2087322473526,0.572088360786438,0.36614054441452026,0.3733018636703491,0.2626631259918213,0.2831510901451111,0.47214674949645996,0.4424980878829956,0.15900258719921112,0.27082887291908264,0.13093692064285278,0.1548716425895691,0.3330589234828949,0.09488248825073242,0.15180936455726624,0.07028602808713913,0.1227271556854248,0.08650464564561844,0.09464936703443527,0.05878904089331627,0.18980033695697784,0.15393738448619843,0.42060497403144836,0.1072329580783844,0.03730021044611931,0.011670772917568684,0.045086320489645004,0.13131003081798553,0.30415892601013184,0.02852579392492771,0.4457361698150635,0.1340472251176834,0.16398781538009644,0.09548605978488922,0.26834723353385925,0.1878248155117035,0.1802981197834015,0.09030358493328094
AA978,0.038461538,0.0,0.615384615,0.653846154,0.192307692,0.0,0.0,0.0,0.0,0.153846154,0.038461538,0.192307692,0.0,0.153846154,0.0,0.0,0.0,0.0,0.115384615,0.0,0.0,0.0,0.0,0.0,0.0,0.0,0.0,0.0,0.153846154,0.0,0.153846154,0.0,0.0,0.038461538,0.0,0.846153846,0.384615385,0.269230769,0.0,0.384615385,0.0,0.0,0.0,3.115384615,2.076923077,1.230769231,0.0,0.538461538,0.038461538,0.0,0.0,0.6371991038322449,0.37180009484291077,0.8271514177322388,1.1237784624099731,0.7582422494888306,0.48401299118995667,0.44295042753219604,0.33628761768341064,0.46014484763145447,0.22791364789009094,0.12529577314853668,0.1404646635055542,0.07888266444206238,0.7827860116958618,0.1604638397693634,0.14209042489528656,0.18992681801319122,0.14915218949317932,0.052678439766168594,0.2551157772541046,0.31586337089538574,0.08717826008796692,0.18511638045310974,0.05021626874804497,0.014758983626961708,0.11970729380846024,0.014048050157725811,0.1051148921251297,0.041456252336502075,0.1257774531841278,0.1281789243221283,0.043733615428209305,0.06856757402420044,0.20142434537410736,0.04699558764696121,0.45879292488098145,0.20359861850738525,0.07286170870065689,0.027003563940525055,0.15415720641613007,0.1459263265132904,0.21360056102275848,0.05086052417755127,1.077646255493164,1.3494441509246826,0.37587788701057434,0.1514243483543396,0.3243042528629303,0.1732860505580902,0.1623128354549408,0.1279595047235489
AB144,0.0,0.0,0.166666667,0.0,0.111111111,0.055555556,0.0,0.0,0.0,0.0,0.0,0.0,0.0,0.777777778,0.0,0.111111111,0.0,0.0,0.111111111,0.666666667,0.277777778,0.0,0.055555556,0.555555556,0.388888889,0.166666667,1.333333333,0.5,1.111111111,0.333333333,0.166666667,0.277777778,0.333333333,0.0,0.111111111,0.5,0.0,0.0,0.277777778,0.888888889,0.0,0.0,0.166666667,0.555555556,0.0,0.0,0.0,0.0,0.0,0.0,0.0,0.3018516004085541,0.046185750514268875,0.259199857711792,0.001225448795594275,0.22488079965114594,0.016040386632084846,0.18465737998485565,0.10159174352884293,0.4197339117527008,0.13277842104434967,0.17510785162448883,0.15293696522712708,0.09041760861873627,0.6770516633987427,0.15430861711502075,0.2352771908044815,0.11761276423931122,0.10665545612573624,0.11872542649507523,0.29997164011001587,0.3318800628185272,0.1602780818939209,0.22363711893558502,0.3106529712677002,0.11479951441287994,0.15797221660614014,0.637199878692627,0.19852979481220245,1.0110868215560913,0.3484151065349579,0.30204886198043823,0.4910023510456085,0.5602765679359436,0.20230844616889954,0.1835574209690094,0.404073566198349,0.06303267925977707,0.23078957200050354,0.17462913691997528,1.1451352834701538,0.10511275380849838,0.11414650827646255,0.18340587615966797,0.09305251389741898,0.0793287381529808,0.26083508133888245,0.08554309606552124,0.18008564412593842,0.05994560196995735,0.1071959063410759,0.09486054629087448
AB223,0.555555556,0.333333333,0.722222222,0.166666667,0.0,0.944444444,1.611111111,0.722222222,0.666666667,0.944444444,0.5,0.611111111,0.0,0.111111111,0.0,0.0,0.5,0.5,0.5,0.0,0.0,0.0,0.0,0.0,0.0,0.0,0.277777778,0.0,0.0,0.111111111,0.0,0.0,0.0,0.0,0.0,0.0,0.0,0.0,0.0,0.0,0.0,0.111111111,0.0,0.222222222,0.5,0.0,0.222222222,0.166666667,0.0,0.0,0.0,0.5501754283905029,0.5000516176223755,0.6945609450340271,0.2715756893157959,0.5580662488937378,0.5297633409500122,1.0007659196853638,0.514049232006073,0.5439929962158203,0.3564653992652893,0.32837679982185364,0.34230414032936096,0.10840881615877151,0.731654942035675,0.0818624496459961,0.114777572453022,0.21465972065925598,0.14309002459049225,0.19939982891082764,0.22705113887786865,0.24686652421951294,0.12731383740901947,0.15801867842674255,0.06095448136329651,0.05765499174594879,0.12767726182937622,0.06011221185326576,0.06326889991760254,0.047398537397384644,0.1647326499223709,0.06410835683345795,0.0884886085987091,0.20093756914138794,0.1316203773021698,0.03755676746368408,0.1796903759241104,0.11078368872404099,0.04972345381975174,0.03904673829674721,0.08287936449050903,0.049287598580121994,0.2529526948928833,0.17779572308063507,0.17626850306987762,0.40087589621543884,0.2854963541030884,0.15537205338478088,0.2186688631772995,0.2134391963481903,0.12672050297260284,0.09324488043785095
AB281,0.0,0.0,0.0,2.333333333,0.166666667,0.166666667,0.333333333,0.666666667,0.277777778,0.0,0.0,0.0,0.277777778,2.333333333,0.555555556,0.611111111,0.0,0.388888889,0.0,0.0,0.777777778,0.0,0.222222222,0.222222222,0.277777778,0.666666667,0.5,0.666666667,0.388888889,0.055555556,0.0,0.0,0.0,0.0,0.0,0.111111111,0.0,0.0,0.0,0.0,0.0,0.0,0.0,0.0,0.833333333,0.111111111,0.0,0.0,0.0,0.055555556,0.0,0.38135460019111633,0.11179965734481812,0.4848088324069977,1.2322372198104858,0.29974129796028137,0.16971677541732788,0.4041846692562103,0.32732391357421875,0.7782803177833557,0.14273467659950256,0.2566768527030945,0.2199384570121765,0.14567166566848755,1.3321455717086792,0.3042817711830139,0.3444693982601166,0.17165052890777588,0.09967698901891708,0.08459198474884033,0.210844486951828,0.27899765968322754,0.07772848755121231,0.15741172432899475,0.11544695496559143,0.11358653008937836,0.3172864019870758,0.166730135679245,0.15473659336566925,0.1149773970246315,0.11600006371736526,0.11866682767868042,0.15085604786872864,0.3403874635696411,0.04903189465403557,0.0765443965792656,0.3824401795864105,0.06338711082935333,0.0343993678689003,0.043348297476768494,0.07163669168949127,0.12805727124214172,0.12762385606765747,0.03737199679017067,0.3414776921272278,0.5730549097061157,0.24803921580314636,0.09764418005943298,0.24198663234710693,0.18550994992256165,0.11239056289196014,0.09173043817281723
AB435,0.0,0.0,0.0,0.0,0.0,0.0,0.166666667,0.0,0.0,0.0,0.0,0.0,0.111111111,0.388888889,0.888888889,0.166666667,0.722222222,0.666666667,0.888888889,0.944444444,0.888888889,0.444444444,0.0,0.277777778,0.444444444,0.388888889,0.0,0.0,0.0,0.277777778,0.0,0.166666667,0.5,0.555555556,0.0,0.222222222,0.333333333,0.0,0.0,0.0,0.666666667,0.0,0.444444444,0.222222222,0.055555556,0.166666667,0.0,0.0,0.0,0.0,0.0,0.15315334498882294,0.017088521271944046,0.2226419448852539,0.11338474601507187,0.1292472928762436,0.039065271615982056,0.10209285467863083,0.17529608309268951,0.17233824729919434,0.11546657234430313,0.09289085865020752,0.050059568136930466,0.05512268841266632,0.644845724105835,0.37050995230674744,0.16962414979934692,0.21091042459011078,0.2731589674949646,0.8469260931015015,0.5311022996902466,0.3856492340564728,0.21730147302150726,0.2513871490955353,0.20971257984638214,0.08237913995981216,0.11967290937900543,0.06941188126802444,0.17245112359523773,0.1361462026834488,0.33169126510620117,0.20405858755111694,0.2970185875892639,0.8886948227882385,0.23657798767089844,0.162718266248703,0.293502539396286,0.15431693196296692,0.0564471110701561,0.023847779259085655,0.1731678992509842,0.20093150436878204,0.12644536793231964,0.19915376603603363,0.18858602643013,0.13237465918064117,0.2568223774433136,0.10091451555490494,0.2581841051578522,0.16874761879444122,0.09858747571706772,0.05520276725292206
AB764,0.055555556,0.0,0.222222222,3.944444444,0.777777778,0.777777778,0.444444444,0.555555556,0.0,0.0,0.055555556,0.055555556,0.0,1.388888889,0.0,0.444444444,0.0,0.0,0.0,0.055555556,0.0,0.055555556,0.0,0.0,0.0,0.0,0.0,0.0,0.0,0.0,0.0,0.0,0.0,0.0,0.0,0.666666667,0.0,0.0,0.0,0.0,0.0,0.166666667,0.0,0.0,1.111111111,0.0,0.0,0.0,0.055555556,0.111111111,0.0,0.5131022334098816,0.22582964599132538,0.6853786706924438,3.3919520378112793,0.47589701414108276,0.44690951704978943,0.30559951066970825,0.432662695646286,0.4106506109237671,0.16268043220043182,0.1421004980802536,0.18317332863807678,0.07715912908315659,0.9354804754257202,0.17226457595825195,0.21038246154785156,0.255165696144104,0.29989978671073914,0.1991637647151947,0.23031315207481384,0.297664999961853,0.17424991726875305,0.14362217485904694,0.06421515345573425,0.009313223883509636,0.09463861584663391,0.03137146309018135,0.0824907198548317,0.05554889142513275,0.147814080119133,0.12216158956289291,0.17326579988002777,0.11783230304718018,0.1623964011669159,0.05183461308479309,0.29158371686935425,0.19634105265140533,0.057394932955503464,0.04903540387749672,0.09251569956541061,0.12149404734373093,0.21273361146450043,0.060758937150239944,0.3720071017742157,0.8137183785438538,0.19558632373809814,0.1312561333179474,0.21406672894954681,0.1045425608754158,0.13758553564548492,0.10505439341068268
AC214,0.148148148,0.148148148,0.185185185,0.0,0.296296296,0.111111111,0.074074074,0.0,0.111111111,0.074074074,0.222222222,0.148148148,0.148148148,0.296296296,0.148148148,0.037037037,0.0,0.148148148,0.111111111,0.37037037,0.407407407,0.296296296,0.259259259,0.185185185,0.0,0.0,0.074074074,0.037037037,0.074074074,0.407407407,0.37037037,0.333333333,0.037037037,0.481481481,0.185185185,0.555555556,0.407407407,0.0,0.333333333,0.111111111,0.185185185,0.0,0.740740741,0.0,0.0,0.0,0.0,0.0,0.0,0.0,0.0,0.5343955755233765,0.2237047553062439,0.43751996755599976,1.2158875465393066,0.2712237536907196,0.1612718403339386,0.5150089263916016,0.23074178397655487,0.5311992168426514,0.2016160935163498,0.27158159017562866,0.3722069561481476,0.12435636669397354,0.7497953772544861,0.14652560651302338,0.2224375456571579,0.15190652012825012,0.08619584888219833,0.09616254270076752,0.2347840517759323,0.3136707544326782,0.06832428276538849,0.17706002295017242,0.05740075185894966,0.03376341983675957,0.12764698266983032,0.24779359996318817,0.1078777015209198,0.3614581823348999,0.39019298553466797,0.3754051625728607,0.3202815353870392,0.23674820363521576,0.15991243720054626,0.10055597126483917,0.5315583348274231,0.24680310487747192,0.08640601485967636,0.20175376534461975,0.5249002575874329,0.1872987449169159,0.17733079195022583,0.143612340092659,0.2604396343231201,0.6214022040367126,0.34730303287506104,0.12144369632005692,0.28876134753227234,0.21752463281154633,0.09683510661125183,0.1505885273218155
AC329,0.111111111,0.0,0.0,0.222222222,0.0,0.037037037,0.037037037,0.407407407,0.0,0.0,0.0,0.0,0.0,2.333333333,1.333333333,1.740740741,0.333333333,0.666666667,0.259259259,0.259259259,0.074074074,0.0,0.185185185,0.185185185,0.222222222,0.222222222,0.444444444,0.074074074,0.0,0.0,0.037037037,0.037037037,0.0,0.0,0.037037037,0.037037037,0.0,0.0,0.0,0.0,0.074074074,0.333333333,0.111111111,0.185185185,0.222222222,0.0,0.0,0.148148148,0.074074074,0.296296296,0.0,0.17139413952827454,0.09758441150188446,0.45300039649009705,0.18591749668121338,0.4158727824687958,0.10104523599147797,0.3658529222011566,0.3779352605342865,0.19069300591945648,0.11587904393672943,0.11199652403593063,0.23641514778137207,0.059221867471933365,1.4309704303741455,0.889114499092102,0.6776651740074158,0.5032404661178589,0.7005869150161743,0.4919300675392151,0.33910420536994934,0.41686245799064636,0.07506207376718521,0.2417793571949005,0.13682051002979279,0.10512091964483261,0.26630744338035583,0.09683831036090851,0.14651499688625336,0.09827733039855957,0.09025770425796509,0.08796325325965881,0.05749688297510147,0.07069279998540878,0.1391030251979828,0.039136484265327454,0.6180669069290161,0.13309650123119354,0.0341402031481266,0.0014240171294659376,0.03494913876056671,0.14526046812534332,0.5610690712928772,0.05952117219567299,0.17137770354747772,0.1719810515642166,0.15025894343852997,0.08353359252214432,0.24815866351127625,0.3218325972557068,0.2750607430934906,0.0659688264131546
AC497,0.392857143,0.035714286,0.857142857,0.5,0.571428571,0.75,0.464285714,0.464285714,0.0,0.0,0.0,0.0,0.107142857,0.285714286,0.0,0.035714286,0.071428571,0.0,0.0,0.035714286,0.0,0.0,0.0,0.0,0.0,0.0,0.0,0.0,0.0,0.035714286,0.0,0.0,0.0,0.107142857,0.0,0.464285714,0.107142857,0.0,0.0,0.0,0.0,0.142857143,0.0,1.714285714,0.928571429,0.285714286,0.285714286,0.0,0.107142857,0.214285714,0.178571429,0.5129653215408325,0.07523632049560547,0.6048604249954224,0.39848244190216064,0.46574777364730835,0.5261913537979126,0.3675558269023895,0.3102768361568451,0.25888004899024963,0.14056602120399475,0.1195671409368515,0.1467352658510208,0.0629647746682167,0.554358184337616,0.08594995737075806,0.11798256635665894,0.22433505952358246,0.28095880150794983,0.3071184456348419,0.26443949341773987,0.267046719789505,0.2157740592956543,0.1674468070268631,0.06486229598522186,0.026151351630687714,0.0866253525018692,0.036574188619852066,0.06045651435852051,0.08583018183708191,0.18380241096019745,0.19899559020996094,0.1561400294303894,0.4087904989719391,0.2005075216293335,0.03764592111110687,0.5345532298088074,0.1549404114484787,0.056507885456085205,0.030438587069511414,0.15079118311405182,0.26075518131256104,0.31524336338043213,0.2170574963092804,0.2984630763530731,0.4060513377189636,0.4382367730140686,0.1538664996623993,0.23013727366924286,0.29835790395736694,0.1462508738040924,0.14392635226249695
AD075,0.357142857,3.357142857,0.357142857,0.714285714,0.428571429,0.285714286,0.5,0.857142857,0.214285714,0.428571429,0.142857143,0.0,0.0,1.928571429,0.285714286,0.428571429,0.0,0.0,0.0,0.0,0.0,0.0,0.0,0.0,0.0,0.357142857,0.0,0.0,0.0,0.142857143,0.0,0.0,0.0,0.0,0.0,0.142857143,0.0,0.0,0.0,0.0,0.0,0.142857143,0.0,0.0,0.357142857,0.0,0.0,0.0,0.0,0.357142857,0.0,0.6283387541770935,1.9783062934875488,0.48402321338653564,0.15552595257759094,0.7313340306282043,0.22159048914909363,0.37711071968078613,0.6579176783561707,0.4190143942832947,0.1621485948562622,0.1758970022201538,0.049802541732788086,0.09835264086723328,1.0971547365188599,0.2636101245880127,0.2725560963153839,0.2540521025657654,0.3798048496246338,0.044667456299066544,0.2341861128807068,0.2706831097602844,0.09344235807657242,0.16703127324581146,0.1539221853017807,0.019693240523338318,0.17888407409191132,0.022472942247986794,0.06632746756076813,0.05373884364962578,0.08413241058588028,0.02755858562886715,0.07205238193273544,0.026989378035068512,0.06846410036087036,0.02968403697013855,0.30192703008651733,0.09172029793262482,0.05509334057569504,0.011869862675666809,0.08211152255535126,0.16358567774295807,0.2259206473827362,0.07277238368988037,0.15432217717170715,0.27723580598831177,0.16432343423366547,0.11617588251829147,0.1669539213180542,0.19856040179729462,0.31498149037361145,0.04903528839349747
AD234,1.75,0.625,1.5625,0.0625,0.8125,0.5625,0.0,0.0,0.0,0.0,0.0,0.0,0.0,0.0,0.0,0.0,0.0,0.6875,0.0,0.25,0.125,0.25,0.4375,0.125,0.0,0.0,0.0,0.0,0.0,0.0,0.25,0.25,0.125,0.375,0.375,1.0,0.0,0.0,0.0,0.0,0.625,0.375,0.0,0.1875,0.375,0.25,0.0,0.0,0.3125,0.375,0.25,0.5716941952705383,0.3344899117946625,0.8823437690734863,0.5597425699234009,0.7445053458213806,0.5791730880737305,0.29302558302879333,0.36589670181274414,0.08856303989887238,0.14203056693077087,0.1278490126132965,0.06180594861507416,0.04598652943968773,0.46321630477905273,0.13756440579891205,0.14637283980846405,0.22513294219970703,0.34992334246635437,0.18932673335075378,0.24090000987052917,0.27664998173713684,0.1008230671286583,0.1670069396495819,0.08222019672393799,0.005858512129634619,0.10672138631343842,0.031142858788371086,0.06877969205379486,0.0344122089445591,0.11951977014541626,0.14232231676578522,0.10767988860607147,0.07517729699611664,0.3462660312652588,0.05588550493121147,0.625763475894928,0.12697100639343262,0.06069038435816765,0.02275392785668373,0.05467884615063667,0.6276932954788208,0.41261154413223267,0.10725262761116028,0.45257702469825745,0.6839053630828857,0.3255592882633209,0.16304725408554077,0.20053622126579285,0.495008260011673,0.16645307838916779,0.12277070432901382
AE061,0.142857143,0.071428571,0.464285714,0.607142857,0.321428571,0.321428571,0.071428571,0.0,0.0,0.0,0.0,0.0,0.0,0.035714286,0.035714286,0.035714286,0.071428571,0.357142857,0.142857143,0.071428571,0.0,0.0,0.0,0.0,0.0,0.0,0.0,0.0,0.0,0.071428571,0.142857143,0.0,0.0,1.321428571,0.0,0.928571429,0.5,0.0,0.0,0.035714286,1.035714286,0.392857143,0.285714286,1.714285714,1.214285714,1.142857143,0.714285714,0.642857143,0.5,0.321428571,0.607142857,0.2700631320476532,0.06141802296042442,0.34936726093292236,0.15047809481620789,0.18987596035003662,0.19904376566410065,0.0979318767786026,0.17038032412528992,0.18637336790561676,0.13663586974143982,0.09790127724409103,0.08212731778621674,0.04608007147908211,0.746776819229126,0.3074684739112854,0.1599009931087494,0.19035515189170837,0.18488502502441406,0.1405172049999237,0.45980870723724365,0.4793839156627655,0.21959860622882843,0.3973574638366699,0.10558479279279709,0.0218826737254858,0.09292002767324448,0.0351194404065609,0.10832822322845459,0.07531700283288956,0.18307393789291382,0.1746722012758255,0.07775277644395828,0.14723144471645355,0.4903492331504822,0.07742612063884735,0.4143466055393219,0.19322648644447327,0.07334282994270325,0.020157799124717712,0.15052959322929382,0.16412478685379028,0.18328051269054413,0.14228907227516174,0.3542419970035553,0.14258362352848053,0.4210219979286194,0.244673490524292,0.7435068488121033,0.2957998514175415,0.11704691499471664,0.1253432333469391
AE099,0.074074074,0.0,0.333333333,1.962962963,0.111111111,0.148148148,0.111111111,0.148148148,0.0,0.074074074,0.0,0.148148148,0.0,0.666666667,0.148148148,0.222222222,0.111111111,0.037037037,0.0,0.0,0.111111111,0.0,0.074074074,0.0,0.074074074,0.148148148,0.111111111,0.074074074,0.0,0.0,0.0,0.0,0.0,0.0,0.0,0.0,0.296296296,0.148148148,0.0,0.0,0.185185185,0.37037037,0.074074074,0.518518519,1.666666667,1.777777778,0.444444444,1.703703704,0.592592593,0.111111111,0.111111111,0.26319995522499084,0.023299260064959526,0.29556357860565186,0.6638601422309875,0.25664564967155457,0.10954200476408005,0.11028306931257248,0.12348712235689163,0.31201252341270447,0.1251198798418045,0.09346349537372589,0.08991353958845139,0.05666045472025871,0.7497737407684326,0.23116031289100647,0.2507224678993225,0.19753290712833405,0.12399671971797943,0.16203829646110535,0.5271923542022705,0.535974383354187,0.07971402257680893,0.3623642921447754,0.09446469694375992,0.050115734338760376,0.10587434470653534,0.08632845431566238,0.1339900642633438,0.05370740965008736,0.2008630335330963,0.225224107503891,0.07190078496932983,0.16798889636993408,0.3243987560272217,0.06540323048830032,0.4041285812854767,0.37861308455467224,0.0951128751039505,0.01518610306084156,0.1339206099510193,0.19432930648326874,0.25838425755500793,0.07171870023012161,0.7351031303405762,0.9628772735595703,0.4705134630203247,0.25324544310569763,0.5762494802474976,0.30977556109428406,0.1089804545044899,0.06756221503019333
AE148,0.222222222,0.222222222,0.444444444,0.888888889,0.259259259,0.074074074,0.185185185,0.0,0.481481481,0.0,0.148148148,0.333333333,0.259259259,0.62962963,0.074074074,0.148148148,0.0,0.0,0.0,0.0,0.074074074,0.0,0.074074074,0.0,0.0,0.0,0.111111111,0.0,0.0,0.148148148,0.111111111,0.296296296,0.0,0.0,0.0,0.111111111,0.296296296,0.0,0.0,0.074074074,0.074074074,0.296296296,0.0,2.074074074,1.407407407,0.62962963,0.333333333,0.666666667,0.296296296,0.296296296,0.111111111,0.3286150395870209,0.14542952179908752,0.4046664834022522,1.2315024137496948,0.3609139323234558,0.15893977880477905,0.19699087738990784,0.2569482922554016,0.23786033689975739,0.14591936767101288,0.09571480005979538,0.09141453355550766,0.06193843483924866,0.7810998558998108,0.22054333984851837,0.23325616121292114,0.2911611497402191,0.13512223958969116,0.0495632030069828,0.507144033908844,0.9547451734542847,0.05197536572813988,0.6013063192367554,0.10534504801034927,0.08142220228910446,0.19015224277973175,0.07284863293170929,0.2218504697084427,0.11113149672746658,0.09885318577289581,0.152101069688797,0.05578019842505455,0.0772324725985527,0.2063446193933487,0.05617586150765419,0.476910799741745,0.13334503769874573,0.04570145532488823,0.004834885708987713,0.024094944819808006,0.20687155425548553,0.2318814992904663,0.0927099883556366,1.2162997722625732,1.098551630973816,0.31759291887283325,0.13750140368938446,0.3666345775127411,0.3357223868370056,0.12752769887447357,0.0881744995713234
AE153,0.071428571,0.0,0.642857143,2.321428571,0.178571429,0.25,0.178571429,0.035714286,0.428571429,0.0,0.25,0.0,0.0,0.928571429,0.142857143,0.428571429,0.178571429,0.25,0.107142857,0.0,0.071428571,0.0,0.0,0.0,0.0,0.0,0.107142857,0.0,0.0,0.071428571,0.178571429,0.0,0.0,0.0,0.0,0.107142857,0.214285714,0.0,0.0,0.0,0.321428571,0.535714286,0.0,0.964285714,1.214285714,1.0,0.392857143,1.357142857,0.607142857,0.214285714,0.071428571,0.34191861748695374,0.05504942312836647,0.41141244769096375,1.2130299806594849,0.3329330086708069,0.18304269015789032,0.23881492018699646,0.22728337347507477,0.2609941065311432,0.13958393037319183,0.10138509422540665,0.055257342755794525,0.05925380811095238,0.6777603626251221,0.26617419719696045,0.19969569146633148,0.1505221128463745,0.13509806990623474,0.043903648853302,0.5532710552215576,0.7949028611183167,0.1234145388007164,0.4932889938354492,0.15980137884616852,0.051870062947273254,0.10320945829153061,0.09607438743114471,0.25802379846572876,0.12044614553451538,0.18975843489170074,0.15780211985111237,0.09922115504741669,0.2501762807369232,0.23485662043094635,0.08488931506872177,0.3702161908149719,0.24466177821159363,0.08660858124494553,0.021884426474571228,0.23351344466209412,0.22509513795375824,0.21153658628463745,0.09816297143697739,0.5870344042778015,1.0885792970657349,0.3313547372817993,0.14969833195209503,0.34258726239204407,0.22940759360790253,0.10922253876924515,0.10045477747917175
AE177,0.37037037,0.074074074,0.407407407,3.518518519,0.0,0.111111111,0.333333333,0.481481481,0.444444444,0.185185185,0.111111111,0.222222222,0.0,1.555555556,0.0,0.407407407,0.0,0.185185185,0.0,0.0,0.0,0.0,0.0,0.0,0.0,0.0,0.111111111,0.0,0.0,0.037037037,0.407407407,0.0,0.0,0.0,0.0,0.0,0.0,0.0,0.148148148,0.0,0.0,0.0,0.0,0.666666667,1.407407407,0.592592593,0.0,0.111111111,0.037037037,0.0,0.0,0.3021981120109558,0.1042897179722786,0.4656037986278534,3.3389925956726074,0.26938578486442566,0.20530910789966583,0.2548362910747528,0.28698548674583435,0.4646380841732025,0.16912034153938293,0.12012987583875656,0.1504240185022354,0.07826521247625351,0.9169926643371582,0.12092309445142746,0.23988157510757446,0.1562681943178177,0.1148819699883461,0.06556972116231918,0.16937068104743958,0.21785391867160797,0.04707873612642288,0.14343686401844025,0.0401357039809227,0.07018998265266418,0.08002182096242905,0.08144079893827438,0.06933341175317764,0.06919977813959122,0.05575425177812576,0.20291776955127716,0.0650121420621872,0.2674459218978882,0.06675925105810165,0.03884249925613403,0.2879176437854767,0.1284688264131546,0.03975372016429901,0.08903179317712784,0.08742571622133255,0.13695038855075836,0.1849282830953598,0.06454150378704071,1.7123560905456543,1.4574440717697144,0.3275296688079834,0.14229540526866913,0.38461390137672424,0.19476322829723358,0.0969136506319046,0.10930696874856949
AE967,0.214285714,0.0,0.464285714,0.0,0.25,0.25,0.535714286,0.035714286,0.678571429,0.428571429,0.5,0.107142857,0.178571429,0.071428571,0.071428571,0.0,0.0,0.0,0.0,0.285714286,0.0,0.0,0.0,0.0,0.0,0.0,0.0,0.035714286,0.035714286,0.285714286,0.75,0.285714286,1.178571429,0.142857143,0.0,0.392857143,0.678571429,0.142857143,0.0,0.321428571,0.357142857,0.25,0.0,0.142857143,0.321428571,0.535714286,0.25,0.357142857,0.214285714,0.357142857,0.642857143,0.7007448077201843,0.20522332191467285,0.6251503825187683,0.5960628986358643,0.445453405380249,0.20696508884429932,0.3290688693523407,0.1827463060617447,0.35034236311912537,0.1354357898235321,0.14503344893455505,0.08972256630659103,0.08898473531007767,0.5589226484298706,0.1648624688386917,0.1237892135977745,0.1967741698026657,0.12083619832992554,0.13604867458343506,0.26671305298805237,0.4379965364933014,0.14710834622383118,0.220028817653656,0.07303392142057419,0.0048935553058981895,0.10506188124418259,0.03733794763684273,0.06673087179660797,0.0469491071999073,0.27802497148513794,0.2745205760002136,0.17419177293777466,0.37459897994995117,0.36827436089515686,0.09738340228796005,0.5636491775512695,0.36498117446899414,0.12640716135501862,0.10135806351900101,0.22181132435798645,0.2224338948726654,0.2448609173297882,0.21263012290000916,0.3559117615222931,0.4658765196800232,0.3058955669403076,0.12879639863967896,0.2843032777309418,0.2935289740562439,0.14472277462482452,0.17441877722740173
AG139,0.733333333,0.066666667,0.4,0.133333333,0.166666667,0.033333333,0.0,0.066666667,0.133333333,0.0,0.0,0.0,0.0,0.7,0.3,0.133333333,0.066666667,0.366666667,0.2,0.766666667,0.933333333,0.0,1.6,0.033333333,0.0,0.1,0.2,0.133333333,0.033333333,0.166666667,0.0,0.0,0.0,0.633333333,0.133333333,0.666666667,0.433333333,0.0,0.0,0.133333333,0.133333333,0.1,0.133333333,0.0,0.033333333,0.233333333,0.0,0.2,0.133333333,0.1,0.066666667,0.4485311508178711,0.12733453512191772,0.336569219827652,0.04208363965153694,0.3792227804660797,0.14216022193431854,0.18683578073978424,0.15942835807800293,0.25862613320350647,0.14717745780944824,0.11187566816806793,0.07571592181921005,0.06027228757739067,0.5497361421585083,0.24176229536533356,0.1817203015089035,0.18257902562618256,0.16787582635879517,0.14657005667686462,1.0432721376419067,1.0393489599227905,0.15006598830223083,0.6707227230072021,0.33925628662109375,0.0845041498541832,0.22341153025627136,0.17127086222171783,0.15420666337013245,0.18987901508808136,0.24095240235328674,0.21613144874572754,0.08006312698125839,0.28018665313720703,0.3134058117866516,0.10248683393001556,0.5176776647567749,0.1676805168390274,0.10422395169734955,0.02061801590025425,0.11800579726696014,0.11526306718587875,0.24614201486110687,0.11455928534269333,0.2379390001296997,0.2254614233970642,0.21511602401733398,0.1574379950761795,0.44976428151130676,0.21356315910816193,0.08727297931909561,0.10975027084350586
AG354,0.2,0.0,0.233333333,0.133333333,0.266666667,0.033333333,0.466666667,0.333333333,0.766666667,0.066666667,0.0,0.1,0.0,0.566666667,0.266666667,0.333333333,0.233333333,0.266666667,0.2,0.166666667,0.1,0.233333333,0.466666667,0.166666667,0.0,0.2,0.0,0.0,0.066666667,0.0,0.4,0.0,0.066666667,0.2,0.0,0.833333333,0.0,0.0,0.033333333,0.066666667,0.533333333,0.366666667,0.266666667,0.366666667,0.2,0.133333333,0.0,0.2,0.5,0.033333333,0.166666667,0.25322413444519043,0.036400627344846725,0.32386624813079834,0.16529038548469543,0.3158581554889679,0.11533821374177933,0.3104962110519409,0.15989652276039124,0.5814245939254761,0.1519097536802292,0.20948970317840576,0.3169160485267639,0.08232813328504562,0.8410050272941589,0.27829989790916443,0.29522836208343506,0.2627173960208893,0.11747277528047562,0.08426149189472198,0.22935491800308228,0.2911475896835327,0.11837361752986908,0.2474297434091568,0.18181881308555603,0.10179149359464645,0.19623608887195587,0.548276424407959,0.24101106822490692,0.5377449989318848,0.4085250496864319,0.17175331711769104,0.23662348091602325,0.11435752362012863,0.18525268137454987,0.06766708195209503,0.5478939414024353,0.2140839546918869,0.18092752993106842,0.16576281189918518,0.3074583113193512,0.18878798186779022,0.26619893312454224,0.17311501502990723,0.2808334231376648,0.3135768473148346,0.20433452725410461,0.07632040977478027,0.29667890071868896,0.25661030411720276,0.09899283200502396,0.125022292137146
AG386,0.166666667,0.0,0.4,0.166666667,0.0,0.066666667,0.1,0.033333333,0.233333333,0.0,0.0,0.0,0.0,0.366666667,0.266666667,0.233333333,0.066666667,0.9,0.833333333,1.066666667,0.733333333,0.333333333,0.166666667,0.0,0.0,0.0,0.0,0.0,0.0,0.0,0.333333333,0.8,1.233333333,0.366666667,0.333333333,0.4,0.366666667,0.3,0.066666667,0.166666667,0.966666667,0.0,0.466666667,0.866666667,0.433333333,0.266666667,0.1,0.333333333,0.166666667,0.0,0.0,0.15900179743766785,0.0167878158390522,0.2733568549156189,0.19563844799995422,0.11138010025024414,0.08785988390445709,0.13295878469944,0.11104949563741684,0.08564745634794235,0.11582283675670624,0.08753432333469391,0.019357748329639435,0.04466450214385986,0.5472246408462524,0.07700151205062866,0.12320570647716522,0.15697789192199707,0.20373430848121643,0.2972935438156128,0.3695436418056488,0.3381781280040741,0.2499125450849533,0.19313648343086243,0.0623084232211113,0.038929618895053864,0.07983364909887314,0.0264577679336071,0.09605428576469421,0.06039814278483391,0.16695483028888702,0.18326681852340698,0.2376919984817505,0.6899678707122803,0.1865425705909729,0.08014699071645737,0.26418307423591614,0.1324322521686554,0.08719372749328613,0.017077922821044922,0.1419602334499359,0.16809605062007904,0.10849259793758392,0.15164445340633392,0.651366651058197,0.6677189469337463,0.24012722074985504,0.09145218878984451,0.3265136182308197,0.07742823660373688,0.1062438115477562,0.05725933611392975
AG699,0.3,0.166666667,0.166666667,0.0,0.366666667,0.2,0.066666667,0.1,0.1,0.0,0.0,0.066666667,0.0,0.433333333,0.3,0.333333333,0.133333333,0.466666667,0.266666667,0.333333333,0.366666667,0.0,0.4,0.0,0.133333333,0.066666667,0.0,0.1,0.066666667,0.2,0.1,0.433333333,0.133333333,0.4,0.166666667,0.733333333,0.266666667,0.033333333,0.0,0.466666667,0.566666667,0.233333333,0.333333333,0.233333333,0.1,0.233333333,0.0,0.266666667,0.8,0.233333333,0.2,0.3852252662181854,0.10545051097869873,0.23106393218040466,0.08687987178564072,0.30634966492652893,0.08744931221008301,0.1099461019039154,0.16148151457309723,0.36836764216423035,0.14345885813236237,0.1024915799498558,0.11469108611345291,0.06221209466457367,0.5765534043312073,0.3651183843612671,0.17697954177856445,0.22508715093135834,0.21598200500011444,0.2581203579902649,0.6513996720314026,0.6333668231964111,0.21192783117294312,0.5089636445045471,0.22081004083156586,0.06575063616037369,0.23740042746067047,0.14353276789188385,0.15268737077713013,0.11129774153232574,0.1965082734823227,0.22090187668800354,0.17527608573436737,0.36990198493003845,0.4327996075153351,0.21421033143997192,0.5441829562187195,0.2907566726207733,0.13200803101062775,0.027746399864554405,0.2569573223590851,0.16308985650539398,0.358603298664093,0.19749264419078827,0.17593428492546082,0.1619265377521515,0.3190869092941284,0.26008492708206177,0.4572910964488983,0.28024858236312866,0.0800856351852417,0.08624069392681122
AG732,0.233333333,0.033333333,0.166666667,0.033333333,0.3,0.0,0.033333333,0.0,0.0,0.0,0.0,0.0,0.0,0.266666667,0.5,0.366666667,0.066666667,0.433333333,0.3,0.633333333,0.966666667,0.0,1.266666667,0.066666667,0.0,0.0,0.166666667,0.033333333,0.066666667,0.066666667,0.0,0.033333333,0.0,0.466666667,0.3,0.766666667,0.166666667,0.033333333,0.0,0.066666667,0.0,0.066666667,0.0,0.066666667,0.0,0.066666667,0.0,0.133333333,0.0,0.0,0.066666667,0.5183988809585571,0.09424979984760284,0.5523374676704407,0.12573909759521484,0.5422071218490601,0.2358924150466919,0.22486592829227448,0.2020260989665985,0.28819477558135986,0.13455863296985626,0.10238303244113922,0.04509676247835159,0.052676890045404434,0.554777979850769,0.29064759612083435,0.23779666423797607,0.21777071058750153,0.17849192023277283,0.11273437738418579,0.5661843419075012,0.6969544291496277,0.09951525926589966,0.42946213483810425,0.08613420277833939,0.04347821697592735,0.10124073922634125,0.04386591911315918,0.1499430388212204,0.05225696414709091,0.2101532220840454,0.16242416203022003,0.057983241975307465,0.07531845569610596,0.4323064088821411,0.12205389142036438,0.6047631502151489,0.16935770213603973,0.06312772631645203,0.01681581139564514,0.10058630257844925,0.20237740874290466,0.21030719578266144,0.06771758198738098,0.14003925025463104,0.18646475672721863,0.24688707292079926,0.19329328835010529,0.38228192925453186,0.3072960376739502,0.12385599315166473,0.11596061289310455
AG810,0.433333333,0.033333333,0.466666667,0.3,0.133333333,0.466666667,0.033333333,0.166666667,0.733333333,0.0,0.133333333,0.066666667,0.0,0.4,0.033333333,0.2,0.0,0.0,0.0,0.0,0.0,0.0,0.0,0.0,0.0,0.0,0.0,0.0,0.166666667,0.066666667,0.166666667,0.1,0.033333333,0.0,0.0,0.5,0.2,0.0,0.033333333,0.1,0.133333333,0.1,0.0,2.766666667,1.066666667,0.266666667,0.0,0.533333333,0.133333333,0.066666667,0.4,0.3276991546154022,0.0705161765217781,0.4925177991390228,0.6283543705940247,0.3551599681377411,0.23932184278964996,0.37162962555885315,0.24884973466396332,1.0322511196136475,0.1675129234790802,0.23227763175964355,0.37814053893089294,0.08146284520626068,1.0905673503875732,0.2844790816307068,0.3905513286590576,0.2164822369813919,0.09399837255477905,0.032297298312187195,0.17952069640159607,0.21209734678268433,0.05476976931095123,0.15907098352909088,0.03886096924543381,0.043235186487436295,0.11723843961954117,0.11632796376943588,0.07382999360561371,0.06080818176269531,0.17795056104660034,0.2922622859477997,0.09338849037885666,0.23389694094657898,0.0954897329211235,0.05811852216720581,0.35662251710891724,0.10929197072982788,0.03636113554239273,0.05984470993280411,0.1513645052909851,0.16862894594669342,0.2156781554222107,0.07522420585155487,1.1566581726074219,0.6019310355186462,0.2847000062465668,0.1457485854625702,0.4189092814922333,0.3358623683452606,0.11835120618343353,0.07137459516525269
AH445,0.433333333,0.066666667,0.2,0.0,0.2,0.0,0.166666667,0.0,0.266666667,0.0,0.0,0.0,0.0,0.2,0.066666667,0.066666667,0.0,0.0,0.0,0.133333333,0.0,0.2,0.066666667,0.066666667,0.0,0.0,1.566666667,0.166666667,1.233333333,1.2,0.466666667,0.766666667,0.233333333,0.266666667,0.433333333,0.666666667,0.0,0.2,0.466666667,2.366666667,0.0,0.0,0.066666667,0.0,0.033333333,0.066666667,0.0,0.0,0.0,0.0,0.0,0.2875368595123291,0.2841252386569977,0.25979653000831604,0.05249801650643349,0.1548503339290619,0.03325420990586281,0.32116585969924927,0.1264403760433197,0.8856767416000366,0.14843273162841797,0.3096022605895996,0.33544036746025085,0.14705581963062286,0.7818334698677063,0.12524116039276123,0.3469122350215912,0.11395835876464844,0.11422062665224075,0.12061676383018494,0.2480846345424652,0.28635045886039734,0.1540626436471939,0.20627902448177338,0.19822876155376434,0.07738546282052994,0.12192314863204956,1.106874704360962,0.1718883216381073,1.030362844467163,0.7313716411590576,0.49771353602409363,0.4843815863132477,0.25080445408821106,0.15376919507980347,0.13315625488758087,0.5748279690742493,0.1727810651063919,0.2008380889892578,0.5125392079353333,1.5443978309631348,0.13149428367614746,0.08874328434467316,0.15953879058361053,0.10306629538536072,0.10436303168535233,0.20563943684101105,0.08948463946580887,0.19289211928844452,0.0939900353550911,0.09351129829883575,0.05128592252731323
AH588,0.533333333,2.6,0.633333333,0.233333333,0.233333333,0.133333333,0.4,0.3,0.833333333,0.366666667,0.5,0.1,0.133333333,1.033333333,0.133333333,0.266666667,0.1,0.2,0.0,0.0,0.0,0.0,0.0,0.0,0.0,0.0,0.0,0.0,0.066666667,0.0,0.0,0.0,0.0,0.166666667,0.133333333,0.3,0.0,0.0,0.0,0.0,0.166666667,0.033333333,0.0,0.266666667,0.5,0.0,0.0,0.0,0.233333333,0.4,0.1,0.5430451035499573,1.725702166557312,0.4446684718132019,0.25629058480262756,0.29380276799201965,0.12830422818660736,0.3357999324798584,0.19635625183582306,0.6681414842605591,0.24962465465068817,0.18526522815227509,0.24372029304504395,0.0645725429058075,0.8194938898086548,0.1610550880432129,0.16625402867794037,0.13869191706180573,0.10088954120874405,0.03242737427353859,0.18645454943180084,0.27368971705436707,0.04702400416135788,0.19941571354866028,0.09924538433551788,0.046943943947553635,0.15633544325828552,0.04143089801073074,0.09075824171304703,0.10588356852531433,0.09800166636705399,0.09169736504554749,0.059369415044784546,0.048619821667671204,0.10501815378665924,0.056482333689928055,0.39906302094459534,0.26590004563331604,0.10389702022075653,0.02610664814710617,0.12004368752241135,0.1677369624376297,0.1911696195602417,0.05387452244758606,0.5334782600402832,0.40015867352485657,0.20356234908103943,0.1584915965795517,0.25818878412246704,0.31706127524375916,0.15923692286014557,0.06880848854780197
AH674,0.1,0.0,0.1,0.0,0.1,0.0,0.133333333,0.0,0.166666667,0.1,0.033333333,0.1,0.1,0.5,0.0,0.233333333,0.0,0.066666667,0.0,0.0,0.0,0.333333333,0.166666667,0.0,0.066666667,0.0,1.0,0.366666667,1.4,0.8,0.533333333,0.366666667,0.133333333,0.233333333,0.166666667,0.8,0.233333333,0.266666667,0.6,2.433333333,0.166666667,0.066666667,0.0,0.0,0.0,0.266666667,0.0,0.033333333,0.0,0.0,0.0,0.30790138244628906,0.06823527067899704,0.32605937123298645,0.0441044382750988,0.2603238523006439,0.05047139152884483,0.298540860414505,0.15713509917259216,0.527923583984375,0.1398019790649414,0.1623481959104538,0.16154684126377106,0.10124660283327103,0.6606774926185608,0.30540767312049866,0.261747270822525,0.14591246843338013,0.1177477315068245,0.04965983331203461,0.2523752748966217,0.3049655556678772,0.10559632629156113,0.23544350266456604,0.27408427000045776,0.1239820271730423,0.5399354696273804,1.1106270551681519,0.22463318705558777,1.2629882097244263,0.7366238236427307,0.3974239230155945,0.5627222061157227,0.5538194179534912,0.21357911825180054,0.16287775337696075,0.5896356701850891,0.1258838027715683,0.19682984054088593,0.31269803643226624,1.5416336059570312,0.29092979431152344,0.11307012289762497,0.15324218571186066,0.2086663395166397,0.08914458006620407,0.23556195199489594,0.09419585019350052,0.17775018513202667,0.1368710994720459,0.08679020404815674,0.11655288934707642
AI570,0.142857143,0.0,0.321428571,0.0,0.642857143,0.0,0.285714286,0.071428571,0.321428571,0.0,0.035714286,0.0,0.0,0.357142857,0.0,0.0,0.107142857,0.214285714,0.107142857,0.428571429,0.714285714,0.392857143,0.607142857,0.357142857,0.0,0.0,0.392857143,0.285714286,0.25,0.464285714,0.571428571,0.071428571,0.178571429,0.357142857,0.0,0.607142857,0.25,0.0,0.107142857,0.464285714,0.142857143,0.321428571,0.571428571,0.071428571,0.035714286,0.464285714,0.035714286,0.392857143,0.142857143,0.0,0.178571429,0.5651645660400391,0.23282670974731445,0.3787282109260559,0.13443095982074738,0.34951239824295044,0.07190760225057602,0.26905208826065063,0.18467986583709717,0.6068585515022278,0.27755972743034363,0.1601131111383438,0.2452964186668396,0.07704341411590576,0.7937471866607666,0.2621968388557434,0.26979970932006836,0.2241622656583786,0.11467748135328293,0.06610363721847534,0.33951225876808167,0.39177706837654114,0.17104901373386383,0.289076030254364,0.3015933334827423,0.08654041588306427,0.16639037430286407,0.4085569977760315,0.15849795937538147,0.2619694471359253,0.4073435664176941,0.3150206208229065,0.3207208514213562,0.4060274064540863,0.21079978346824646,0.18117164075374603,0.42066556215286255,0.3046947717666626,0.20021070539951324,0.176610067486763,0.5591182112693787,0.16997945308685303,0.17594797909259796,0.14506745338439941,0.3355958163738251,0.2749345600605011,0.46884211897850037,0.19389469921588898,0.5101248025894165,0.26801598072052,0.1471298485994339,0.1415611356496811
AI851,0.0,0.0,0.24137931,0.206896552,0.103448276,0.0,0.517241379,0.206896552,2.137931034,0.103448276,0.965517241,0.551724138,0.103448276,1.275862069,0.068965517,0.206896552,0.103448276,0.0,0.0,0.0,0.24137931,0.0,0.0,0.0,0.103448276,0.0,0.0,0.0,0.0,0.068965517,0.551724138,0.137931034,0.0,0.0,0.103448276,0.448275862,0.0,0.0,0.0,0.068965517,0.034482759,0.0,0.068965517,0.379310345,0.172413793,0.103448276,0.0,0.137931034,0.137931034,0.0,0.034482759,0.47679945826530457,0.28115466237068176,0.423950731754303,0.14334499835968018,0.32624077796936035,0.12208385765552521,0.36424505710601807,0.247414693236351,0.9624540209770203,0.17050288617610931,0.25919920206069946,0.43489548563957214,0.08722881227731705,0.9006101489067078,0.14409734308719635,0.2565315365791321,0.1886330246925354,0.11093690246343613,0.057604897767305374,0.318207323551178,0.4876841604709625,0.05027211084961891,0.3976905345916748,0.11933843791484833,0.09047523885965347,0.1329313963651657,0.2118808478116989,0.11367655545473099,0.4012063443660736,0.29603031277656555,0.2785106599330902,0.08322221785783768,0.10956478863954544,0.2662249803543091,0.10599204897880554,0.31403231620788574,0.17636093497276306,0.056881822645664215,0.03548481687903404,0.06536182761192322,0.20092514157295227,0.1390804797410965,0.0796600729227066,0.15161484479904175,0.08715901523828506,0.18992508947849274,0.12721624970436096,0.24990719556808472,0.20558544993400574,0.16043290495872498,0.09557240456342697
AJ119,0.066666667,0.0,0.366666667,0.166666667,0.6,0.233333333,0.166666667,0.266666667,0.633333333,0.1,0.166666667,0.0,0.0,1.4,0.366666667,0.733333333,0.633333333,0.866666667,0.233333333,0.633333333,0.2,1.233333333,0.366666667,0.7,0.166666667,0.3,0.233333333,0.1,0.066666667,0.3,0.233333333,0.066666667,0.0,0.0,0.0,0.2,0.0,0.0,0.0,0.1,0.0,0.2,0.0,0.1,0.166666667,0.066666667,0.0,0.466666667,0.166666667,0.333333333,0.066666667,0.20733220875263214,0.021202651783823967,0.288216769695282,0.19482830166816711,0.2452785074710846,0.04673893004655838,0.20441535115242004,0.31653544306755066,0.4300744831562042,0.11904890835285187,0.10995890200138092,0.11498242616653442,0.053352851420640945,1.1143063306808472,0.32865121960639954,0.31987226009368896,0.3732643723487854,0.17943458259105682,0.14796797931194305,0.289231538772583,0.2534317374229431,0.1437634527683258,0.16573981940746307,0.10649807751178741,0.04587114602327347,0.1188741996884346,0.10187384486198425,0.08019080758094788,0.14257395267486572,0.3435775637626648,0.2302936315536499,0.1322515308856964,0.25313547253608704,0.095878966152668,0.04740035906434059,0.5541499853134155,0.11564091593027115,0.0933905839920044,0.06160278990864754,0.23585528135299683,0.18746094405651093,0.2340770810842514,0.15665119886398315,0.21601717174053192,0.1686706840991974,0.221652090549469,0.11032362282276154,0.2390809953212738,0.19064876437187195,0.1498793661594391,0.08392560482025146
AJ191,0.24137931,0.0,0.310344828,0.0,0.0,0.0,0.0,0.0,0.172413793,0.0,0.0,0.0,0.0,0.24137931,0.137931034,0.137931034,0.103448276,0.206896552,0.137931034,0.413793103,0.137931034,0.896551724,0.172413793,0.620689655,0.0,0.0,0.448275862,0.275862069,1.896551724,0.275862069,0.310344828,1.068965517,0.965517241,0.137931034,0.379310345,0.172413793,0.0,0.448275862,0.068965517,1.448275862,0.0,0.034482759,0.379310345,0.0,0.0,0.034482759,0.0,0.0,0.0,0.0,0.068965517,0.5144244432449341,0.1000281497836113,0.33848321437835693,0.006503932643681765,0.28409457206726074,0.05930858850479126,0.2064826935529709,0.1538984328508377,0.5662283897399902,0.1753108948469162,0.12434888631105423,0.1017378568649292,0.052117038518190384,0.9019597172737122,0.3100782334804535,0.265858918428421,0.14911207556724548,0.11321132630109787,0.06416831910610199,0.3087172210216522,0.3680928945541382,0.20521512627601624,0.2762020528316498,0.2398758977651596,0.04136718437075615,0.15928250551223755,0.20572276413440704,0.09852434694766998,0.12463220208883286,0.5479916334152222,0.25449424982070923,0.11175446212291718,0.23589196801185608,0.19304201006889343,0.08563265204429626,0.4933052062988281,0.10136648267507553,0.06576450169086456,0.030443277209997177,0.17643465101718903,0.13638654351234436,0.1016286090016365,0.06993155926465988,0.10897035896778107,0.10473567247390747,0.36520442366600037,0.11762013286352158,0.27925193309783936,0.19743531942367554,0.12891274690628052,0.1694854348897934
AJ244,0.172413793,0.0,0.344827586,0.275862069,0.413793103,0.034482759,0.827586207,0.24137931,1.310344828,0.068965517,0.517241379,0.517241379,0.103448276,1.965517241,0.482758621,0.24137931,1.103448276,0.137931034,0.0,0.172413793,0.172413793,0.0,0.310344828,0.137931034,0.137931034,0.172413793,0.0,0.0,0.0,0.172413793,0.24137931,0.0,0.0,0.068965517,0.0,0.517241379,0.0,0.0,0.0,0.137931034,0.310344828,0.137931034,0.034482759,0.551724138,0.103448276,0.034482759,0.0,0.0,0.103448276,0.103448276,0.0,0.5376244187355042,0.36406660079956055,0.6355608105659485,0.2736479341983795,0.30649223923683167,0.16631290316581726,0.3878001868724823,0.2326362282037735,1.0185093879699707,0.22489944100379944,0.2518259584903717,0.36448484659194946,0.07163575291633606,1.2509520053863525,0.201903834939003,0.23828443884849548,0.3454365134239197,0.1611059606075287,0.13096363842487335,0.28151842951774597,0.2840931713581085,0.22238197922706604,0.2013186514377594,0.18967178463935852,0.04780016839504242,0.2034377157688141,0.06984393298625946,0.06578101962804794,0.0980144739151001,0.4277966618537903,0.38170698285102844,0.13897211849689484,0.3047334551811218,0.12474473565816879,0.07015890628099442,0.40565311908721924,0.1415952742099762,0.05170373618602753,0.01989247277379036,0.1995858997106552,0.22802254557609558,0.2009580135345459,0.06334224343299866,0.4245325028896332,0.31697264313697815,0.25263991951942444,0.12052065879106522,0.29706141352653503,0.29951444268226624,0.16604754328727722,0.10401556640863419
AJ261,0.166666667,0.0,0.7,0.466666667,0.033333333,0.133333333,0.466666667,0.133333333,1.033333333,0.1,0.233333333,0.366666667,0.1,1.266666667,0.133333333,0.2,0.4,0.066666667,0.0,0.266666667,0.366666667,0.1,0.5,0.266666667,0.1,0.2,0.0,0.0,0.433333333,0.233333333,0.3,0.1,0.0,0.0,0.0,0.566666667,0.0,0.033333333,0.0,0.0,0.0,0.133333333,0.0,0.733333333,0.466666667,0.266666667,0.0,0.233333333,0.466666667,0.0,0.133333333,0.3196257948875427,0.09260808676481247,0.4089268445968628,0.15489019453525543,0.317180335521698,0.12861938774585724,0.4799419939517975,0.25917887687683105,1.3237085342407227,0.17240840196609497,0.2700926661491394,0.5903539657592773,0.07139123976230621,1.3284324407577515,0.3142545223236084,0.2914338707923889,0.40315377712249756,0.0941794216632843,0.05317522957921028,0.21040773391723633,0.27101999521255493,0.08361567556858063,0.21909788250923157,0.06094227731227875,0.03208593651652336,0.17477546632289886,0.04963083937764168,0.05960610508918762,0.1356382668018341,0.2525683045387268,0.42777425050735474,0.092034250497818,0.02130964770913124,0.08780818432569504,0.04581417143344879,0.39819276332855225,0.14283481240272522,0.03959383815526962,0.041961897164583206,0.2250506579875946,0.11136069893836975,0.18095935881137848,0.06599938869476318,0.3193017840385437,0.21647964417934418,0.24394358694553375,0.10639588534832001,0.3185153603553772,0.20870934426784515,0.15366943180561066,0.10198599100112915
AJ413,0.24137931,0.0,0.137931034,0.068965517,0.137931034,0.0,0.137931034,0.172413793,0.862068966,0.172413793,0.448275862,0.448275862,0.24137931,1.586206897,0.482758621,0.24137931,0.310344828,0.655172414,1.103448276,1.068965517,0.448275862,0.24137931,0.206896552,0.068965517,0.103448276,0.0,0.0,0.068965517,0.0,0.206896552,0.137931034,0.068965517,0.034482759,0.0,0.0,0.310344828,0.137931034,0.103448276,0.0,0.034482759,0.586206897,0.24137931,0.137931034,0.206896552,0.172413793,0.448275862,0.0,0.103448276,0.068965517,0.068965517,0.068965517,0.31498321890830994,0.0562504418194294,0.3680392801761627,0.15317919850349426,0.23090097308158875,0.08306706696748734,0.28655532002449036,0.1997537463903427,0.7388331294059753,0.13219508528709412,0.21001723408699036,0.17834341526031494,0.05819336697459221,1.0431541204452515,0.2839515209197998,0.28591230511665344,0.2200317233800888,0.22103813290596008,0.3509034216403961,0.3615933358669281,0.3320666551589966,0.2425151765346527,0.22401350736618042,0.16418136656284332,0.020673604682087898,0.16439448297023773,0.09578453749418259,0.06106925383210182,0.19257329404354095,0.3066037893295288,0.27950364351272583,0.2972927391529083,0.5068074464797974,0.11957668513059616,0.09002190083265305,0.4422905445098877,0.09929690510034561,0.07496460527181625,0.07314139604568481,0.2731071710586548,0.18227212131023407,0.10944268852472305,0.1555745005607605,0.14026735723018646,0.18512877821922302,0.20576021075248718,0.07079257071018219,0.18539421260356903,0.17379754781723022,0.13221466541290283,0.08088739961385727
AJ639,0.666666667,0.433333333,0.166666667,0.0,0.0,0.033333333,0.9,0.233333333,2.633333333,0.533333333,1.766666667,0.566666667,0.433333333,2.0,0.133333333,0.233333333,0.1,0.066666667,0.0,0.0,0.0,0.0,0.1,0.0,0.0,0.166666667,0.0,0.0,0.0,0.1,0.066666667,0.0,0.0,0.0,0.0,0.0,0.0,0.0,0.0,0.0,0.066666667,0.0,0.0,0.0,0.133333333,0.2,0.066666667,0.0,0.1,0.4,0.166666667,0.6200070977210999,0.5745366811752319,0.6070888638496399,0.24819833040237427,0.31876254081726074,0.127759650349617,0.4270504415035248,0.20081448554992676,1.2968404293060303,0.1664530336856842,0.26135286688804626,0.6332033276557922,0.09215254336595535,1.2836395502090454,0.1801944524049759,0.22427555918693542,0.26642894744873047,0.10887794941663742,0.040642064064741135,0.2576086223125458,0.29578301310539246,0.1323821246623993,0.22615809738636017,0.17218004167079926,0.046023838222026825,0.1928919553756714,0.10901779681444168,0.08184255659580231,0.17963147163391113,0.36269229650497437,0.38434356451034546,0.10721001774072647,0.23583734035491943,0.1724775731563568,0.08308145403862,0.30945324897766113,0.12730874121189117,0.05161547660827637,0.01998475007712841,0.13599082827568054,0.12404821068048477,0.13476963341236115,0.05097956210374832,0.20481301844120026,0.21379929780960083,0.269254595041275,0.13151563704013824,0.2646305561065674,0.1859464943408966,0.18400587141513824,0.10507703572511673
AJ657,0.862068966,0.413793103,0.413793103,0.0,0.24137931,0.068965517,0.517241379,0.034482759,1.068965517,0.24137931,0.0,0.275862069,0.068965517,0.965517241,0.413793103,0.24137931,0.24137931,0.0,0.103448276,0.068965517,0.24137931,0.0,0.965517241,0.586206897,0.206896552,0.793103448,0.0,0.0,0.0,0.24137931,0.0,0.0,0.0,0.137931034,0.24137931,0.448275862,0.0,0.0,0.0,0.034482759,0.206896552,0.482758621,0.0,0.206896552,0.586206897,0.24137931,0.0,0.172413793,0.413793103,0.068965517,0.310344828,0.6614333987236023,1.219076156616211,0.41784176230430603,0.03448725864291191,0.26529398560523987,0.04169808328151703,0.2932782769203186,0.17798981070518494,0.8113727569580078,0.17087753117084503,0.1883774846792221,0.1661120355129242,0.10530155152082443,1.0835275650024414,0.2034383863210678,0.2050926387310028,0.15968449413776398,0.10080503672361374,0.06599611788988113,0.27043452858924866,0.413017600774765,0.17153212428092957,0.2574846148490906,0.37132081389427185,0.06421457231044769,0.1676529347896576,0.3618747293949127,0.14503680169582367,0.5055949091911316,0.3991752564907074,0.24404661357402802,0.2715686857700348,0.37793657183647156,0.1424914300441742,0.1400553286075592,0.3290131986141205,0.09713562577962875,0.20562027394771576,0.02626776695251465,0.3764971196651459,0.10891938954591751,0.14659760892391205,0.08161038905382156,0.194990336894989,0.1481030285358429,0.2852059602737427,0.1433316171169281,0.20862726867198944,0.193820983171463,0.2035522609949112,0.11672230064868927
AJ733,0.344827586,0.0,0.344827586,0.551724138,0.137931034,0.068965517,0.068965517,0.103448276,0.586206897,0.0,0.0,0.137931034,0.0,0.965517241,0.137931034,0.068965517,0.379310345,0.034482759,0.379310345,0.137931034,0.310344828,0.103448276,0.0,0.0,0.0,0.137931034,0.0,0.068965517,0.0,0.413793103,0.137931034,0.034482759,0.24137931,0.310344828,0.068965517,1.103448276,0.24137931,0.137931034,0.0,0.068965517,0.655172414,0.24137931,0.034482759,0.827586207,0.448275862,0.172413793,0.310344828,0.172413793,0.24137931,0.24137931,0.103448276,0.40331724286079407,0.34907466173171997,0.4455721080303192,0.24179017543792725,0.5216993689537048,0.1814841330051422,0.4312959313392639,0.42062947154045105,0.7311937212944031,0.15116026997566223,0.23148883879184723,0.158771350979805,0.07050482928752899,1.123268723487854,0.37407949566841125,0.32002487778663635,0.36762091517448425,0.11959736049175262,0.08460146933794022,0.2611723840236664,0.36899229884147644,0.09831976145505905,0.20864872634410858,0.16343820095062256,0.02839038521051407,0.25649914145469666,0.061041589826345444,0.07970517128705978,0.15723887085914612,0.20267385244369507,0.15898069739341736,0.053362373262643814,0.0454900823533535,0.18824954330921173,0.055393118411302567,0.6350409388542175,0.18309400975704193,0.05615945905447006,0.026116594672203064,0.19653154909610748,0.31768688559532166,0.30042046308517456,0.07111748307943344,0.30914416909217834,0.24610644578933716,0.2383231669664383,0.11730359494686127,0.29239827394485474,0.4028477966785431,0.1929701715707779,0.12178420275449753
AJ968,0.3,0.1,0.466666667,0.066666667,0.2,0.066666667,1.0,0.166666667,1.2,0.5,0.366666667,0.533333333,0.133333333,1.133333333,0.133333333,0.133333333,0.0,0.0,0.0,0.0,0.066666667,0.0,0.1,0.0,0.066666667,0.233333333,0.0,0.0,0.133333333,0.3,0.2,0.166666667,0.0,0.033333333,0.0,0.3,0.566666667,0.8,0.266666667,0.733333333,0.0,0.133333333,0.0,0.366666667,0.233333333,0.0,0.0,0.0,0.133333333,0.4,0.1,0.30035439133644104,0.052372973412275314,0.5252184867858887,0.5899112224578857,0.26050877571105957,0.1714823693037033,0.46639928221702576,0.1871408075094223,0.7130542397499084,0.17265190184116364,0.21346308290958405,0.27812057733535767,0.05519767478108406,0.8445432186126709,0.28344854712486267,0.3038349151611328,0.2638021409511566,0.11060403287410736,0.07333681732416153,0.20182155072689056,0.2202005237340927,0.08618372678756714,0.1711890548467636,0.0564424991607666,0.015808546915650368,0.12336250394582748,0.02608942799270153,0.060470446944236755,0.023463208228349686,0.18045546114444733,0.1738499253988266,0.04507264867424965,0.06113462150096893,0.11546559631824493,0.07077356427907944,0.41539207100868225,0.24089276790618896,0.11938230693340302,0.02550766058266163,0.15355847775936127,0.19499729573726654,0.23995761573314667,0.13611876964569092,0.9688120484352112,0.7592452764511108,0.5510417222976685,0.2242632657289505,0.8059241771697998,0.3184159994125366,0.1715574413537979,0.23597094416618347
AJ977,0.379310345,0.0,0.448275862,0.068965517,0.689655172,0.172413793,0.517241379,0.413793103,1.068965517,0.0,0.137931034,0.103448276,0.0,1.310344828,0.551724138,0.24137931,0.413793103,0.75862069,0.689655172,0.137931034,0.137931034,0.275862069,0.275862069,0.103448276,0.0,0.206896552,0.0,0.068965517,0.0,0.413793103,0.24137931,0.0,0.0,0.137931034,0.0,0.793103448,0.103448276,0.0,0.0,0.0,0.275862069,0.344827586,0.103448276,0.586206897,0.137931034,0.206896552,0.068965517,0.206896552,0.24137931,0.344827586,0.0,0.3293452858924866,0.055458951741456985,0.45003563165664673,0.21834929287433624,0.2801811397075653,0.21431319415569305,0.2954866588115692,0.2209191769361496,0.7014349102973938,0.14741744101047516,0.11962179094552994,0.21140742301940918,0.04663172364234924,1.3641688823699951,0.36574670672416687,0.3066612780094147,0.3434995114803314,0.18929530680179596,0.14914913475513458,0.300801545381546,0.27986231446266174,0.057164810597896576,0.17829583585262299,0.04642912745475769,0.01356671005487442,0.12507131695747375,0.03449968248605728,0.0535605363547802,0.03084656409919262,0.24359099566936493,0.1990758627653122,0.03978397697210312,0.051834750920534134,0.10750140994787216,0.02526361495256424,0.36440563201904297,0.13459442555904388,0.03732893615961075,0.0069931852631270885,0.11020011454820633,0.11341070383787155,0.11816208809614182,0.04067298397421837,0.28854936361312866,0.2751871645450592,0.34222444891929626,0.1459282487630844,0.4460084140300751,0.1524573713541031,0.12958690524101257,0.15601259469985962
AJ990,0.2,0.0,0.166666667,0.0,0.433333333,0.0,0.4,0.166666667,0.933333333,0.1,0.266666667,0.566666667,0.133333333,1.033333333,0.233333333,0.166666667,0.166666667,0.2,0.666666667,0.833333333,0.8,0.366666667,0.666666667,0.166666667,0.0,0.166666667,0.0,0.066666667,0.1,0.266666667,0.133333333,0.666666667,0.566666667,0.1,0.0,0.333333333,0.233333333,0.0,0.0,0.0,0.566666667,0.2,0.166666667,0.466666667,0.133333333,0.166666667,0.133333333,0.3,0.0,0.1,0.066666667,0.40188971161842346,0.09047622233629227,0.38553619384765625,0.12496978789567947,0.27378544211387634,0.06876670569181442,0.2797982692718506,0.15128596127033234,0.7029590606689453,0.12664556503295898,0.16205863654613495,0.21943315863609314,0.05382142961025238,0.8420177698135376,0.22458788752555847,0.17725926637649536,0.17577804625034332,0.2161230444908142,0.2872985899448395,0.4338189363479614,0.3459084630012512,0.24163836240768433,0.26083076000213623,0.18497894704341888,0.02826058492064476,0.1916123777627945,0.07472816109657288,0.08665977418422699,0.0828080028295517,0.20214365422725677,0.14837606251239777,0.12791267037391663,0.19985710084438324,0.1132865771651268,0.1382724791765213,0.2895776033401489,0.10183960199356079,0.06667686998844147,0.028938161209225655,0.16539797186851501,0.1634814441204071,0.0908082127571106,0.13724039494991302,0.09606681019067764,0.13427570462226868,0.20231035351753235,0.07373954355716705,0.19485647976398468,0.11440667510032654,0.10899459570646286,0.07531530410051346
AJ995,0.333333333,0.0,0.266666667,0.166666667,0.666666667,0.0,0.133333333,0.0,0.366666667,0.0,0.0,0.0,0.0,0.666666667,1.066666667,0.633333333,0.633333333,1.066666667,1.766666667,0.8,0.733333333,0.133333333,0.433333333,0.0,0.0,0.233333333,0.033333333,0.1,0.133333333,0.1,0.0,0.133333333,0.0,0.233333333,0.0,0.5,0.0,0.0,0.0,0.0,0.433333333,0.133333333,0.0,0.3,0.166666667,0.2,0.0,0.366666667,0.0,0.0,0.0,0.25686928629875183,0.039185479283332825,0.33390867710113525,0.12647683918476105,0.22218768298625946,0.048887889832258224,0.24602800607681274,0.20257335901260376,0.6444400548934937,0.12436794489622116,0.22068259119987488,0.14797437191009521,0.060175731778144836,1.1203105449676514,0.46734312176704407,0.27165764570236206,0.44129711389541626,0.28935474157333374,0.4425269365310669,0.39727210998535156,0.3383888006210327,0.18259763717651367,0.21553190052509308,0.17201542854309082,0.01548632513731718,0.15998442471027374,0.15547826886177063,0.07394485175609589,0.21653728187084198,0.38229286670684814,0.3732050955295563,0.23427081108093262,0.48864465951919556,0.16162677109241486,0.0709351971745491,0.475992888212204,0.10812331736087799,0.08231695741415024,0.07171694189310074,0.34307897090911865,0.2219931185245514,0.10954778641462326,0.12721654772758484,0.1708589643239975,0.21038314700126648,0.2788296639919281,0.07142740488052368,0.2490619570016861,0.21819548308849335,0.13721121847629547,0.08187048137187958
AK477,0.666666667,0.0,0.333333333,0.0,0.066666667,0.033333333,0.166666667,0.066666667,0.433333333,0.3,0.133333333,0.0,0.2,0.9,0.0,0.066666667,0.1,0.0,0.366666667,0.2,0.0,0.533333333,0.166666667,0.166666667,0.0,0.3,0.0,0.0,0.0,0.433333333,0.233333333,0.0,0.333333333,0.1,0.0,0.633333333,0.033333333,0.0,0.066666667,0.1,0.733333333,0.166666667,0.0,0.1,0.233333333,0.833333333,0.366666667,0.166666667,0.7,0.633333333,0.733333333,0.33476170897483826,0.0323408842086792,0.4418379068374634,0.2448417842388153,0.2093861848115921,0.20960579812526703,0.3492791950702667,0.11759453266859055,0.4227009415626526,0.17392700910568237,0.1774795800447464,0.10115817934274673,0.05074287950992584,0.7933695316314697,0.1776709109544754,0.2083045393228531,0.14041827619075775,0.08620964735746384,0.05483251065015793,0.22677211463451385,0.2787516415119171,0.05854484438896179,0.17154066264629364,0.06789521127939224,0.024939576163887978,0.1432545781135559,0.047011058777570724,0.07210597395896912,0.11479834467172623,0.41751426458358765,0.18001775443553925,0.10587578266859055,0.2894892990589142,0.3974573314189911,0.07301023602485657,0.5414873957633972,0.30512702465057373,0.08573225885629654,0.028081880882382393,0.11660648137331009,0.14934436976909637,0.13693268597126007,0.12812292575836182,0.24770410358905792,0.38369929790496826,0.45073580741882324,0.16215650737285614,0.2581693232059479,0.31132057309150696,0.13924986124038696,0.17484937608242035
AK530,0.766666667,0.0,0.3,0.0,0.166666667,0.366666667,0.2,0.1,0.066666667,0.433333333,0.0,0.0,0.0,0.466666667,0.0,0.0,0.0,0.1,0.566666667,0.233333333,0.0,0.533333333,0.0,0.133333333,0.0,0.166666667,0.0,0.0,0.066666667,0.566666667,0.133333333,0.066666667,0.366666667,0.266666667,0.1,1.0,0.0,0.233333333,0.0,0.466666667,0.9,0.1,0.1,0.266666667,0.066666667,0.433333333,0.233333333,0.1,1.033333333,0.733333333,0.433333333,0.43227076530456543,0.18755139410495758,0.3543476164340973,0.19718630611896515,0.16382434964179993,0.05384428799152374,0.2623329758644104,0.10114797949790955,0.4185663163661957,0.15761986374855042,0.1379021853208542,0.0978412851691246,0.05475618317723274,0.5128881335258484,0.11618641763925552,0.07845249772071838,0.09289097040891647,0.0908336415886879,0.11212790012359619,0.3529641926288605,0.40296465158462524,0.2656601369380951,0.2276756912469864,0.15698246657848358,0.02259703353047371,0.15981845557689667,0.06043434515595436,0.1190015971660614,0.05029132589697838,0.24769912660121918,0.1109704002737999,0.13206219673156738,0.23346301913261414,0.08859077841043472,0.08230160921812057,0.4142981767654419,0.13398325443267822,0.23440112173557281,0.01752830110490322,0.2163591980934143,0.1464606672525406,0.12401890009641647,0.06157370284199715,0.1014396920800209,0.2372533231973648,0.27359965443611145,0.1077195405960083,0.1911826729774475,0.171441912651062,0.1906055510044098,0.09478797763586044
AK531,0.766666667,0.0,0.166666667,0.0,0.066666667,0.2,0.133333333,0.0,0.366666667,0.433333333,0.2,0.0,0.1,0.333333333,0.0,0.0,0.0,0.066666667,0.2,0.366666667,0.2,0.866666667,0.0,0.266666667,0.0,0.233333333,0.0,0.066666667,0.3,1.0,0.6,1.0,0.366666667,0.5,0.2,0.633333333,0.066666667,0.0,0.0,1.0,0.233333333,0.166666667,0.1,0.0,0.0,0.4,0.0,0.0,0.566666667,0.266666667,0.5,0.37563759088516235,0.061024054884910583,0.3233397901058197,0.030268995091319084,0.11928525567054749,0.02775653265416622,0.2062784880399704,0.07708313316106796,0.5997493267059326,0.1353664994239807,0.2151603102684021,0.16519398987293243,0.06808172911405563,0.6893478631973267,0.1296224147081375,0.0848410427570343,0.1262463480234146,0.08626449853181839,0.11687548458576202,0.27265989780426025,0.2607186436653137,0.3296154737472534,0.1724846065044403,0.1358340084552765,0.021196041256189346,0.13581573963165283,0.22034868597984314,0.07519251853227615,0.3714258372783661,0.6173779964447021,0.4147689938545227,0.24991093575954437,0.5552287697792053,0.08582542091608047,0.09927847981452942,0.4087497591972351,0.0846203863620758,0.06277350336313248,0.027881912887096405,0.25975146889686584,0.2005419284105301,0.03997296839952469,0.07870275527238846,0.07408621162176132,0.13753946125507355,0.416692852973938,0.12206742912530899,0.1668633222579956,0.12139422446489334,0.14882132411003113,0.1983712911605835
AK571,1.2,0.0,0.3,0.0,0.3,0.066666667,0.0,0.133333333,0.266666667,0.0,0.0,0.0,0.0,0.733333333,0.2,0.133333333,0.366666667,0.1,0.133333333,1.1,1.066666667,0.433333333,1.0,0.4,0.0,0.466666667,0.0,0.066666667,0.133333333,0.033333333,0.1,0.7,0.033333333,1.6,0.533333333,1.166666667,0.066666667,0.033333333,0.0,0.9,0.1,0.0,0.133333333,0.0,0.0,0.233333333,0.0,0.1,0.1,0.133333333,0.0,0.48105305433273315,0.04879288375377655,0.2624419331550598,0.036024220287799835,0.2875179946422577,0.02258182503283024,0.16991554200649261,0.10070916265249252,0.2981506288051605,0.12305294722318649,0.0934789627790451,0.049745675176382065,0.04951518774032593,0.7829499840736389,0.16866907477378845,0.13598337769508362,0.10062626004219055,0.09977011382579803,0.062109995633363724,0.4652386009693146,0.43466147780418396,0.10025148838758469,0.31947383284568787,0.2926676273345947,0.018836794421076775,0.14745426177978516,0.22461935877799988,0.1747044175863266,0.25365713238716125,0.2690761387348175,0.14931541681289673,0.21975493431091309,0.18634338676929474,0.23070962727069855,0.1486169546842575,0.5376051664352417,0.12602026760578156,0.3196001350879669,0.05230285972356796,0.46956321597099304,0.0739758312702179,0.12934106588363647,0.10594068467617035,0.15552102029323578,0.10473695397377014,0.29979246854782104,0.08763714879751205,0.27798742055892944,0.12912441790103912,0.12684305012226105,0.12214629352092743
AL120,0.633333333,0.0,0.666666667,2.066666667,0.633333333,0.433333333,0.433333333,0.166666667,0.366666667,0.0,0.0,0.133333333,0.0,1.7,0.233333333,0.733333333,0.533333333,0.133333333,0.0,0.5,0.966666667,0.0,0.366666667,0.0,0.0,0.066666667,0.0,0.166666667,0.0,0.033333333,0.366666667,0.0,0.0,0.1,0.0,0.3,0.133333333,0.0,0.0,0.0,0.1,0.0,0.0,0.133333333,0.3,0.2,0.0,0.0,0.2,0.0,0.166666667,0.6206211447715759,0.10698097944259644,0.6652169227600098,0.45418551564216614,0.5213338732719421,0.25730034708976746,0.4295303225517273,0.3375234305858612,0.639900267124176,0.171115443110466,0.15666823089122772,0.12545743584632874,0.06094016507267952,1.2910200357437134,0.3201557695865631,0.3289587199687958,0.22627632319927216,0.10452233999967575,0.06402288377285004,0.27166199684143066,0.35713642835617065,0.05102864280343056,0.21563205122947693,0.09794063121080399,0.04364844039082527,0.19133560359477997,0.029880324378609657,0.06038159132003784,0.10021192580461502,0.2386930137872696,0.1915278285741806,0.041495583951473236,0.04125451669096947,0.2774873673915863,0.06631419062614441,0.7728379964828491,0.16662582755088806,0.040749821811914444,0.027731871232390404,0.0896540954709053,0.1937112957239151,0.127064049243927,0.05691273882985115,0.14454425871372223,0.2113593965768814,0.22703790664672852,0.14439767599105835,0.19293197989463806,0.2537024915218353,0.18855714797973633,0.1390094757080078
AL177,0.466666667,0.0,0.3,0.033333333,0.866666667,0.2,0.066666667,0.0,0.266666667,0.066666667,0.0,0.0,0.0,0.233333333,0.233333333,0.066666667,0.1,0.133333333,0.166666667,1.2,1.3,0.0,0.833333333,0.0,0.0,0.333333333,0.0,0.2,0.0,0.266666667,0.0,0.0,0.0,0.366666667,0.1,1.166666667,0.2,0.0,0.0,0.0,0.8,0.133333333,0.0,0.2,0.066666667,0.333333333,0.0,0.233333333,0.266666667,0.466666667,0.3,0.5538484454154968,0.07072826474905014,0.47444266080856323,0.15828166902065277,0.5927907824516296,0.23705334961414337,0.35535764694213867,0.209304079413414,0.4290686547756195,0.16167785227298737,0.11198486387729645,0.04851935803890228,0.046563271433115005,0.4828242361545563,0.16031600534915924,0.1491471379995346,0.14199617505073547,0.1273195594549179,0.13722267746925354,0.679440975189209,0.7259042859077454,0.05734708905220032,0.6672250628471375,0.15297852456569672,0.021870557218790054,0.17005418241024017,0.038260318338871,0.11296064406633377,0.025356575846672058,0.19597560167312622,0.14444410800933838,0.06363102048635483,0.05360952392220497,0.4697609841823578,0.10244905948638916,0.6811841726303101,0.18588730692863464,0.09763170033693314,0.006179709918797016,0.04084540158510208,0.17079177498817444,0.1504845768213272,0.05976532772183418,0.06699831783771515,0.1302783340215683,0.2544606029987335,0.2166217863559723,0.3254575729370117,0.31370869278907776,0.1531151682138443,0.10724636912345886
AL268,0.666666667,0.0,0.566666667,0.0,0.666666667,0.233333333,0.266666667,0.233333333,0.233333333,0.0,0.0,0.1,0.0,0.433333333,0.133333333,0.2,0.333333333,0.0,0.1,1.066666667,2.066666667,0.1,0.933333333,0.0,0.0,0.4,0.0,0.0,0.033333333,0.2,0.066666667,0.0,0.133333333,0.333333333,0.166666667,1.166666667,0.066666667,0.0,0.0,0.033333333,0.233333333,0.166666667,0.166666667,0.0,0.066666667,0.333333333,0.166666667,0.2,0.3,0.3,0.133333333,0.5233010649681091,0.1434398591518402,0.5362951755523682,0.05486825108528137,0.4754381477832794,0.16880916059017181,0.2195114940404892,0.21702829003334045,0.3093991279602051,0.14148738980293274,0.11846105009317398,0.04723541811108589,0.05321381986141205,0.6443220973014832,0.17872127890586853,0.14521524310112,0.1663377285003662,0.16364678740501404,0.11677694320678711,0.7432875037193298,0.9254177808761597,0.11308348923921585,0.6669151782989502,0.2753063440322876,0.029104582965373993,0.11318099498748779,0.1144646406173706,0.14872527122497559,0.15417277812957764,0.32124096155166626,0.1471455693244934,0.05959562212228775,0.159712016582489,0.41410672664642334,0.1397799402475357,0.5604442358016968,0.12518155574798584,0.0812046155333519,0.01093786209821701,0.11721398681402206,0.10148382931947708,0.19174262881278992,0.06209145486354828,0.18698816001415253,0.224785715341568,0.22159503400325775,0.1676017940044403,0.23049138486385345,0.18275325000286102,0.13413064181804657,0.10506903380155563
AL310,0.566666667,0.0,0.766666667,0.133333333,0.9,0.533333333,0.2,0.0,0.5,0.033333333,0.0,0.0,0.0,0.533333333,0.333333333,0.133333333,0.133333333,0.066666667,0.0,0.266666667,0.7,0.0,0.333333333,0.1,0.0,0.0,0.066666667,0.0,0.133333333,0.3,0.2,0.0,0.0,0.433333333,0.1,1.433333333,0.2,0.433333333,0.0,0.2,0.333333333,0.066666667,0.0,0.066666667,0.033333333,0.1,0.266666667,0.5,0.3,0.633333333,0.3,0.45126885175704956,0.038458339869976044,0.40394127368927,0.11244597285985947,0.2531293034553528,0.1068759337067604,0.3101193606853485,0.15879811346530914,0.5309047102928162,0.13906292617321014,0.0990072637796402,0.11485019326210022,0.05167623236775398,1.1439989805221558,0.4481738209724426,0.29689669609069824,0.18466025590896606,0.10298334062099457,0.11548183113336563,0.26845046877861023,0.38335075974464417,0.06246241182088852,0.25245994329452515,0.09788264334201813,0.040167130529880524,0.17172008752822876,0.053281523287296295,0.07411130517721176,0.14463220536708832,0.39220964908599854,0.1907394528388977,0.04618293046951294,0.021269535645842552,0.18393318355083466,0.04346342757344246,0.5445324778556824,0.1620125025510788,0.05858554691076279,0.03275684639811516,0.0942704901099205,0.1354946792125702,0.10000822693109512,0.11271779239177704,0.25237488746643066,0.12629905343055725,0.40131431818008423,0.16324228048324585,0.25251516699790955,0.23933756351470947,0.13442814350128174,0.11038587987422943
AL378,0.4,0.0,0.766666667,0.8,0.333333333,0.0,0.4,0.3,1.6,0.266666667,0.9,0.4,0.0,1.566666667,0.266666667,0.5,0.3,0.0,0.0,0.066666667,0.1,0.0,0.166666667,0.1,0.233333333,0.6,0.233333333,0.333333333,0.4,0.6,0.433333333,0.0,0.0,0.133333333,0.0,0.6,0.0,0.0,0.0,0.0,0.1,0.0,0.133333333,0.066666667,0.633333333,0.566666667,0.333333333,0.266666667,0.1,0.0,0.0,0.44188395142555237,0.07826344668865204,0.7469710111618042,0.44963857531547546,0.5315526127815247,0.27174484729766846,0.45290377736091614,0.31242069602012634,0.9624118208885193,0.1536363959312439,0.26542213559150696,0.21058930456638336,0.054604802280664444,1.47109854221344,0.3109476566314697,0.3398507237434387,0.20827515423297882,0.10531581193208694,0.030561111867427826,0.19980759918689728,0.2740616202354431,0.04710661992430687,0.2067163586616516,0.08258676528930664,0.03770391643047333,0.19366046786308289,0.024451714009046555,0.056304093450307846,0.1376437097787857,0.258711576461792,0.20735511183738708,0.031958408653736115,0.03892466425895691,0.2004699558019638,0.040146224200725555,0.6816526651382446,0.16629141569137573,0.027199383825063705,0.03248092532157898,0.07469452917575836,0.16193701326847076,0.12700197100639343,0.04376797750592232,0.14445164799690247,0.1990671157836914,0.25622326135635376,0.13795560598373413,0.24919340014457703,0.22096514701843262,0.18733741343021393,0.14362716674804688
AL388,0.133333333,0.0,0.1,0.0,0.366666667,0.2,0.133333333,0.233333333,0.3,0.0,0.0,0.0,0.0,0.533333333,0.4,0.266666667,0.3,0.066666667,0.1,0.4,0.733333333,0.0,0.433333333,0.0,0.0,0.066666667,0.0,0.0,0.0,0.1,0.3,0.033333333,0.0,0.766666667,0.366666667,1.4,1.166666667,0.333333333,0.0,0.433333333,0.366666667,0.6,0.133333333,0.133333333,0.166666667,0.566666667,0.0,0.1,0.533333333,0.6,0.1,0.49890631437301636,0.0617312453687191,0.4013690948486328,0.12822628021240234,0.5245476365089417,0.16335104405879974,0.35454556345939636,0.2387026995420456,0.39743635058403015,0.13356086611747742,0.1295945942401886,0.06699978560209274,0.04711725562810898,0.6539220809936523,0.21844252943992615,0.21694201231002808,0.1870567500591278,0.12688183784484863,0.11602998524904251,0.3797108232975006,0.5092782974243164,0.10707934200763702,0.3542090058326721,0.07195529341697693,0.014851084910333157,0.184648796916008,0.04477696865797043,0.06528744846582413,0.042714476585388184,0.27594226598739624,0.17144237458705902,0.07340855151414871,0.13920798897743225,0.47690826654434204,0.15100833773612976,0.9321209192276001,0.2153879702091217,0.1107882633805275,0.042407479137182236,0.1341586410999298,0.24725808203220367,0.22035086154937744,0.13122452795505524,0.09246132522821426,0.10481029003858566,0.2150478959083557,0.15231558680534363,0.21925786137580872,0.31192293763160706,0.16844025254249573,0.16913588345050812
AL389,0.833333333,0.233333333,0.733333333,0.166666667,0.7,0.166666667,0.3,0.1,0.166666667,0.066666667,0.166666667,0.0,0.0,0.566666667,0.166666667,0.0,0.266666667,0.0,0.166666667,0.866666667,1.266666667,0.133333333,0.9,0.133333333,0.0,0.266666667,0.166666667,0.0,0.2,0.3,0.333333333,0.066666667,0.133333333,0.3,0.066666667,1.2,0.0,0.0,0.0,0.0,0.366666667,0.2,0.166666667,0.0,0.1,0.0,0.166666667,0.033333333,0.466666667,0.333333333,0.2,0.7364711165428162,0.19511401653289795,0.7068700194358826,0.19719067215919495,0.47719913721084595,0.20615410804748535,0.32713693380355835,0.20396040380001068,0.474624365568161,0.15796956419944763,0.10935138911008835,0.08535254001617432,0.04577690735459328,0.5596902370452881,0.14584755897521973,0.1307997703552246,0.19412033259868622,0.12863147258758545,0.07174946367740631,0.48093128204345703,0.5558609366416931,0.08602608740329742,0.29622483253479004,0.09006473422050476,0.012215003371238708,0.13676069676876068,0.05520850792527199,0.06504002958536148,0.05558725446462631,0.24328166246414185,0.16734696924686432,0.04523712024092674,0.012508689425885677,0.37611448764801025,0.09922619163990021,0.7850499749183655,0.17226403951644897,0.09413549304008484,0.03471380099654198,0.17598950862884521,0.25598767399787903,0.18843890726566315,0.1318381428718567,0.16169121861457825,0.08181416988372803,0.3219560384750366,0.17796345055103302,0.19558247923851013,0.3675541579723358,0.18815574049949646,0.1410621851682663
AL417,0.4,0.0,0.733333333,0.6,0.366666667,0.266666667,0.933333333,0.3,1.666666667,0.833333333,0.8,0.3,0.166666667,2.1,0.433333333,0.566666667,0.166666667,0.066666667,0.0,0.066666667,0.133333333,0.0,0.2,0.066666667,0.133333333,0.5,0.0,0.0,0.133333333,0.2,0.066666667,0.0,0.0,0.233333333,0.0,0.566666667,0.4,0.0,0.0,0.0,0.0,0.0,0.0,0.0,0.1,0.2,0.166666667,0.1,0.0,0.233333333,0.0,0.5681855082511902,0.053008612245321274,0.6300972104072571,0.2814364433288574,0.3702916204929352,0.1666545867919922,0.41136395931243896,0.205037459731102,0.7231026291847229,0.14341075718402863,0.19062747061252594,0.1649995744228363,0.054408833384513855,1.3029305934906006,0.24978946149349213,0.30407530069351196,0.1795041561126709,0.09388356655836105,0.05774804577231407,0.24159596860408783,0.3246390223503113,0.0721314400434494,0.21121445298194885,0.07854542881250381,0.03777468204498291,0.1629917174577713,0.05576031655073166,0.0660887062549591,0.10924075543880463,0.35932955145835876,0.2780095040798187,0.07499296963214874,0.1321926862001419,0.13826799392700195,0.06827283650636673,0.7120363116264343,0.13268564641475677,0.054087914526462555,0.0491926409304142,0.2532919645309448,0.12698467075824738,0.11591099947690964,0.06963504105806351,0.11077048629522324,0.1770639270544052,0.24643005430698395,0.11647067964076996,0.1869973987340927,0.11063680797815323,0.15384821593761444,0.13008257746696472
AL538,0.433333333,0.0,0.3,0.066666667,0.333333333,0.0,0.8,0.266666667,0.366666667,0.1,0.0,0.066666667,0.0,1.066666667,0.333333333,0.233333333,0.233333333,0.1,0.066666667,0.166666667,0.133333333,0.1,0.0,0.0,0.0,0.4,0.3,0.133333333,0.9,1.233333333,0.833333333,0.0,0.166666667,0.2,0.066666667,1.133333333,0.466666667,0.0,0.066666667,0.2,0.0,0.0,0.533333333,0.1,0.0,0.733333333,0.0,0.0,0.0,0.0,0.0,0.44034072756767273,0.10629548132419586,0.41344839334487915,0.15241815149784088,0.35389208793640137,0.06273539364337921,0.45733562111854553,0.2046283334493637,1.1101809740066528,0.2284369170665741,0.27193382382392883,0.29745587706565857,0.0614459365606308,1.3667552471160889,0.2828681468963623,0.30546054244041443,0.1675475388765335,0.09783898293972015,0.031807783991098404,0.1826464980840683,0.25221195816993713,0.046650249511003494,0.20054389536380768,0.10160653293132782,0.028552616015076637,0.3236622214317322,0.08279865980148315,0.08040647953748703,0.25899726152420044,0.4364105761051178,0.3050593137741089,0.03901015594601631,0.02159229852259159,0.17505495250225067,0.0474792905151844,0.6914077997207642,0.1807336062192917,0.04017075151205063,0.03543487936258316,0.1313551962375641,0.15263846516609192,0.1568114161491394,0.13384099304676056,0.10427813977003098,0.1001666784286499,0.2790473997592926,0.09830421954393387,0.23261886835098267,0.18607470393180847,0.1714513897895813,0.10111939907073975
AL822,1.566666667,0.033333333,0.8,0.0,0.433333333,0.433333333,1.133333333,0.166666667,0.633333333,0.933333333,0.0,0.0,0.0,0.866666667,0.066666667,0.2,0.0,0.033333333,0.0,0.366666667,0.333333333,0.0,0.066666667,0.0,0.066666667,0.0,0.0,0.0,0.0,0.233333333,0.066666667,0.0,0.1,0.166666667,0.0,0.633333333,0.3,0.033333333,0.0,0.0,0.0,0.066666667,0.0,0.066666667,0.166666667,0.166666667,0.366666667,0.0,0.1,0.366666667,0.133333333,0.8122886419296265,0.2580152153968811,0.6266027092933655,0.12723444402217865,0.40985190868377686,0.31159940361976624,0.5153182148933411,0.20082831382751465,0.7531565427780151,0.19779182970523834,0.1829414814710617,0.2073715776205063,0.059587325900793076,1.1385753154754639,0.18826517462730408,0.231689915060997,0.18369992077350616,0.09424193203449249,0.04582507535815239,0.23527094721794128,0.31982555985450745,0.04725012555718422,0.23527979850769043,0.08015806972980499,0.03767805173993111,0.23497994244098663,0.017913665622472763,0.05844668671488762,0.06204069405794144,0.2572993040084839,0.1871841847896576,0.05205700173974037,0.03423549607396126,0.14199763536453247,0.05485127121210098,0.6534109115600586,0.1651800274848938,0.05580879747867584,0.03105250746011734,0.15782108902931213,0.1513911336660385,0.10368863493204117,0.029442567378282547,0.10703619569540024,0.18540284037590027,0.21625354886054993,0.16173191368579865,0.1885593682527542,0.19239181280136108,0.17515549063682556,0.12457626312971115
AL944,0.833333333,0.166666667,0.7,0.9,0.466666667,0.5,0.433333333,0.033333333,0.266666667,1.066666667,0.133333333,0.0,0.0,0.533333333,0.033333333,0.1,0.2,0.0,0.033333333,0.133333333,0.233333333,0.0,0.166666667,0.066666667,0.0,0.1,0.0,0.0,0.0,0.3,0.266666667,0.0,0.0,0.233333333,0.133333333,0.666666667,0.633333333,0.333333333,0.2,0.333333333,0.233333333,0.0,0.1,0.333333333,0.2,0.133333333,0.0,0.066666667,0.1,0.066666667,0.133333333,0.9127341508865356,0.317627876996994,0.9069811701774597,0.19936847686767578,0.624182939529419,0.2983200252056122,0.4178597927093506,0.12441067397594452,0.47076845169067383,0.17596113681793213,0.1218513771891594,0.05403280258178711,0.060264527797698975,0.6055638194084167,0.18737593293190002,0.16714651882648468,0.18548597395420074,0.0940304845571518,0.07689815014600754,0.28066781163215637,0.385102778673172,0.06518160551786423,0.22981500625610352,0.06346626579761505,0.00940371211618185,0.19889701902866364,0.02779426984488964,0.05821232125163078,0.10009826719760895,0.31192851066589355,0.2580227851867676,0.06444646418094635,0.06568426638841629,0.28648412227630615,0.10516735911369324,0.7179059982299805,0.1957157552242279,0.09050890058279037,0.042165372520685196,0.11640803515911102,0.22282971441745758,0.09218885749578476,0.13560587167739868,0.08565481752157211,0.1523166447877884,0.19720083475112915,0.16052746772766113,0.16405914723873138,0.31828173995018005,0.21897678077220917,0.27951398491859436
AM104,0.366666667,0.1,0.566666667,1.233333333,0.5,0.233333333,0.166666667,0.4,0.5,0.0,0.1,0.0,0.0,1.566666667,0.433333333,0.2,0.7,0.233333333,0.366666667,0.5,0.0,0.166666667,0.1,0.1,0.0,0.0,0.0,0.033333333,0.0,0.333333333,0.3,0.3,0.533333333,0.066666667,0.033333333,0.566666667,0.066666667,0.1,0.1,0.333333333,0.233333333,0.066666667,0.033333333,0.066666667,0.633333333,0.066666667,0.066666667,0.0,0.0,0.133333333,0.166666667,0.3713529706001282,0.038588996976614,0.5554255247116089,0.4331974685192108,0.4873811900615692,0.15758103132247925,0.272848904132843,0.21263685822486877,0.2908267676830292,0.12034466117620468,0.0931338295340538,0.031814612448215485,0.048185206949710846,1.0649447441101074,0.3483431041240692,0.37524086236953735,0.22590260207653046,0.14225709438323975,0.03488416597247124,0.42419177293777466,0.5180168747901917,0.0774245634675026,0.32165440917015076,0.031882986426353455,0.0478493832051754,0.09983000159263611,0.0973627045750618,0.07024029642343521,0.06720460951328278,0.16525799036026,0.18029145896434784,0.06193152442574501,0.1215861439704895,0.18806886672973633,0.0442834310233593,0.7060142755508423,0.09575387090444565,0.038479000329971313,0.027251215651631355,0.09116222709417343,0.20096242427825928,0.11384192854166031,0.03330019861459732,0.09656874090433121,0.19919747114181519,0.1854647994041443,0.09549135714769363,0.23734627664089203,0.15902477502822876,0.14042460918426514,0.10118553787469864
AM182,0.1,0.0,0.166666667,0.1,0.066666667,0.0,0.7,0.1,1.966666667,0.5,0.766666667,0.966666667,0.066666667,1.633333333,0.233333333,0.233333333,0.1,0.066666667,0.0,0.066666667,0.033333333,0.0,0.0,0.0,0.233333333,0.233333333,0.0,0.033333333,0.0,0.133333333,0.1,0.0,0.0,0.0,0.0,0.3,0.0,0.0,0.0,0.0,0.0,0.066666667,0.0,0.166666667,0.233333333,0.066666667,0.266666667,0.066666667,0.433333333,0.166666667,0.2,0.3014770448207855,0.0870261862874031,0.31519806385040283,0.08665898442268372,0.1564679592847824,0.05822014436125755,0.3977082669734955,0.20209915935993195,1.085566520690918,0.14171437919139862,0.30858761072158813,0.596699595451355,0.09567499160766602,1.2455589771270752,0.33152440190315247,0.4623737633228302,0.2107688933610916,0.08482236415147781,0.02708720788359642,0.21207496523857117,0.26890814304351807,0.23612649738788605,0.18849560618400574,0.08225768059492111,0.06343791633844376,0.1365668624639511,0.22852182388305664,0.102626733481884,0.47372937202453613,0.36589154601097107,0.45244136452674866,0.26554375886917114,0.2919214367866516,0.05752324312925339,0.05391845479607582,0.36708489060401917,0.09314468502998352,0.05537623539566994,0.08021116256713867,0.2209189087152481,0.15660502016544342,0.09099944680929184,0.08168215304613113,0.11384628713130951,0.10621418803930283,0.18301193416118622,0.08618876338005066,0.23856250941753387,0.15541887283325195,0.08275062590837479,0.05996459722518921
AM212,0.3,0.0,0.433333333,0.0,0.366666667,0.033333333,0.166666667,0.366666667,0.6,0.333333333,0.233333333,0.366666667,0.0,1.233333333,0.666666667,0.566666667,0.066666667,0.0,0.0,0.066666667,0.0,0.0,0.2,0.1,0.0,0.3,0.333333333,0.033333333,0.533333333,0.233333333,0.3,0.0,0.0,0.133333333,0.0,0.066666667,0.666666667,0.0,0.0,0.166666667,0.0,0.0,0.133333333,0.133333333,0.233333333,0.333333333,0.0,0.833333333,0.2,0.266666667,0.166666667,0.36069878935813904,0.08157654851675034,0.39568400382995605,0.05261562764644623,0.3543834984302521,0.1633814126253128,0.4896221160888672,0.2966080904006958,0.9223477840423584,0.22296372056007385,0.24332638084888458,0.38742804527282715,0.06916708499193192,1.4871891736984253,0.6233265399932861,0.5643783807754517,0.22495469450950623,0.09435103088617325,0.03134072944521904,0.27427610754966736,0.30806341767311096,0.0452517606317997,0.2584552764892578,0.08605284988880157,0.10403710603713989,0.17881245911121368,0.26341813802719116,0.10262035578489304,0.16074495017528534,0.2626739740371704,0.17499959468841553,0.03747519850730896,0.005568142980337143,0.1511887162923813,0.043226636946201324,0.4271085262298584,0.0973895937204361,0.03138229623436928,0.0061407312750816345,0.033662404865026474,0.13466285169124603,0.1362297087907791,0.035197582095861435,0.14701402187347412,0.16783227026462555,0.26627859473228455,0.10264222323894501,0.3233610689640045,0.1884164959192276,0.1352677345275879,0.10300132632255554
AM456,0.433333333,0.0,0.366666667,0.1,0.6,0.0,0.266666667,0.5,0.666666667,0.0,0.133333333,0.133333333,0.333333333,1.733333333,0.7,0.633333333,0.333333333,0.0,0.133333333,0.4,0.066666667,0.166666667,0.2,0.3,1.3,1.1,0.4,0.6,0.0,0.0,0.066666667,0.0,0.0,0.0,0.0,0.266666667,0.033333333,0.0,0.0,0.066666667,0.133333333,0.1,0.0,0.0,0.133333333,0.0,0.133333333,0.1,0.133333333,0.266666667,0.0,0.27115583419799805,0.00020159073756076396,0.3166853189468384,0.3931497633457184,0.3046112060546875,0.09768394380807877,0.33712610602378845,0.2915786802768707,0.469678670167923,0.12593941390514374,0.20621702075004578,0.1143549457192421,0.11655468493700027,1.1636736392974854,0.451494425535202,0.3974943161010742,0.2314223200082779,0.0999908521771431,0.037806186825037,0.20914524793624878,0.28229275345802307,0.05163619667291641,0.2442992925643921,0.18453577160835266,0.14681187272071838,0.3907269239425659,0.17569385468959808,0.23778420686721802,0.220161572098732,0.19808970391750336,0.08322969079017639,0.0981099084019661,0.06279842555522919,0.1006157249212265,0.07337389886379242,0.5203157067298889,0.13054344058036804,0.04295267164707184,0.08872853219509125,0.06590352207422256,0.17140035331249237,0.162135511636734,0.07904350757598877,0.15967513620853424,0.1631653904914856,0.21591806411743164,0.09093360602855682,0.2230425626039505,0.2505110502243042,0.10918813198804855,0.057387374341487885
AM571,0.433333333,0.2,0.7,1.633333333,0.433333333,0.333333333,1.3,0.733333333,0.4,0.1,0.0,0.066666667,0.0,0.966666667,0.1,0.233333333,0.2,0.0,0.033333333,0.166666667,0.166666667,0.0,0.0,0.0,0.033333333,0.066666667,0.0,0.0,0.0,0.066666667,0.0,0.0,0.0,0.133333333,0.0,0.6,0.0,0.0,0.0,0.0,0.0,0.0,0.133333333,0.7,0.933333333,0.333333333,0.166666667,0.4,0.0,0.233333333,0.066666667,0.517100989818573,0.08853140473365784,0.5815007090568542,0.2570646107196808,0.4352931082248688,0.2677568197250366,0.3038976788520813,0.34982728958129883,0.1580650359392166,0.14972704648971558,0.09330128133296967,0.02480887435376644,0.04236180707812309,0.7027087211608887,0.14692217111587524,0.17588166892528534,0.18576779961585999,0.11277565360069275,0.02953006885945797,0.262288898229599,0.36207810044288635,0.048057496547698975,0.15069077908992767,0.027591673657298088,0.013001218438148499,0.10244056582450867,0.02472541481256485,0.054131995886564255,0.002657479140907526,0.14429783821105957,0.10316233336925507,0.03113115206360817,0.0967722088098526,0.20009545981884003,0.030742889270186424,0.6194316148757935,0.1511715054512024,0.044126372784376144,0.0026006773114204407,0.04352767392992973,0.13704264163970947,0.1465798020362854,0.06138001009821892,0.6308667063713074,0.5689953565597534,0.44999629259109497,0.1775173842906952,0.45431089401245117,0.21927721798419952,0.1560075879096985,0.1211584210395813
AM966,0.633333333,1.3,0.766666667,1.466666667,0.133333333,0.0,1.1,0.7,1.033333333,0.066666667,0.966666667,0.233333333,0.1,2.1,0.233333333,0.266666667,0.3,0.0,0.0,0.0,0.166666667,0.0,0.0,0.0,0.0,0.0,0.1,0.033333333,0.0,0.266666667,0.233333333,0.0,0.0,0.0,0.033333333,0.066666667,0.0,0.0,0.0,0.0,0.0,0.0,0.0,0.0,0.266666667,0.1,0.133333333,0.2,0.0,0.0,0.066666667,0.6224842071533203,0.538107693195343,0.7760977745056152,0.2851516008377075,0.4585288166999817,0.20057009160518646,0.6492830514907837,0.37502965331077576,0.7011829614639282,0.20933106541633606,0.18001686036586761,0.13243579864501953,0.060772888362407684,1.0097346305847168,0.16947318613529205,0.13367928564548492,0.1675882786512375,0.10729479044675827,0.02347896434366703,0.25384634733200073,0.2660512626171112,0.07679449766874313,0.14371357858181,0.05666625499725342,0.02604208141565323,0.16142411530017853,0.03000299632549286,0.059353381395339966,0.06703582406044006,0.2541164457798004,0.14109401404857635,0.10513158142566681,0.059417493641376495,0.07947582751512527,0.027876801788806915,0.30957236886024475,0.05421607196331024,0.03840221092104912,0.006229609716683626,0.0712905302643776,0.0939309149980545,0.1297684609889984,0.04864852875471115,0.1834886223077774,0.3133619725704193,0.24853307008743286,0.15074463188648224,0.2582882046699524,0.15745313465595245,0.16446374356746674,0.10398127883672714
AO083,0.4,0.0,0.6,2.3,0.166666667,0.3,0.333333333,0.1,0.9,0.0,0.133333333,0.4,0.133333333,1.266666667,0.466666667,0.366666667,0.2,0.0,0.0,0.633333333,0.233333333,0.566666667,0.0,0.0,0.033333333,0.433333333,0.033333333,0.0,0.0,0.2,0.1,0.166666667,1.5,0.066666667,0.1,0.233333333,0.133333333,0.0,0.0,0.033333333,0.1,0.0,0.0,0.266666667,0.633333333,0.233333333,0.266666667,0.0,0.0,0.3,0.0,0.29763296246528625,0.06821377575397491,0.5566291213035583,0.5409090518951416,0.24598468840122223,0.22574034333229065,0.32165706157684326,0.18143700063228607,0.84589684009552,0.1415964514017105,0.2494329959154129,0.2867163121700287,0.06809984892606735,1.1362923383712769,0.18459740281105042,0.2509187161922455,0.18149837851524353,0.09602650254964828,0.04326827824115753,0.2519700527191162,0.2640872895717621,0.26847758889198303,0.15497860312461853,0.059255413711071014,0.031988807022571564,0.09431294351816177,0.0863352119922638,0.07234702259302139,0.17682817578315735,0.38838595151901245,0.3951701819896698,0.4209268093109131,0.7240641713142395,0.09315039962530136,0.07948583364486694,0.40360093116760254,0.12418617308139801,0.11710695177316666,0.1257973164319992,0.3950198292732239,0.17041637003421783,0.11828897148370743,0.10594987124204636,0.1451950967311859,0.29860734939575195,0.28897151350975037,0.11800354719161987,0.24148765206336975,0.0892697349190712,0.09043236821889877,0.10925279557704926
AO338,0.3,0.0,0.133333333,0.1,0.033333333,0.066666667,0.366666667,0.2,0.733333333,0.0,0.2,0.0,0.2,1.466666667,0.566666667,0.666666667,0.2,0.0,0.133333333,0.266666667,0.166666667,0.266666667,0.0,0.1,0.0,0.2,1.566666667,0.066666667,0.333333333,0.833333333,0.6,0.366666667,0.133333333,0.033333333,0.033333333,0.633333333,0.033333333,0.133333333,0.133333333,1.033333333,0.033333333,0.166666667,0.0,0.033333333,0.033333333,0.033333333,0.1,0.0,0.133333333,0.0,0.0,0.5071304440498352,0.19661960005760193,0.5693597197532654,0.1939201056957245,0.4994373619556427,0.1388646364212036,0.42874228954315186,0.41331058740615845,0.7270013689994812,0.1320953071117401,0.21755144000053406,0.1709345132112503,0.07671275734901428,1.346920371055603,0.3740902543067932,0.34531161189079285,0.23523376882076263,0.12231670320034027,0.07611100375652313,0.32356444001197815,0.3263932466506958,0.15943600237369537,0.20438089966773987,0.17109732329845428,0.03604418784379959,0.1684267520904541,0.10771875828504562,0.07122955471277237,0.19200828671455383,0.29106253385543823,0.24046309292316437,0.15853609144687653,0.4301398992538452,0.19848930835723877,0.07434514909982681,0.6105474233627319,0.11701234430074692,0.05391800403594971,0.02728940360248089,0.19388853013515472,0.2801259458065033,0.1515761762857437,0.04424470290541649,0.13873593509197235,0.18179595470428467,0.1748354285955429,0.11979421228170395,0.23276281356811523,0.20708027482032776,0.1959095597267151,0.11995948851108551
AO390,0.433333333,0.0,0.066666667,0.066666667,0.7,0.466666667,0.633333333,0.5,0.3,0.1,0.166666667,0.166666667,0.1,1.133333333,0.4,0.2,0.366666667,0.0,0.0,0.166666667,0.2,0.0,0.0,0.0,0.066666667,0.266666667,0.1,0.0,0.0,0.166666667,0.033333333,0.0,0.0,0.133333333,0.0,0.866666667,0.666666667,0.0,0.0,0.033333333,0.566666667,0.5,0.033333333,0.133333333,0.3,0.4,0.8,0.9,0.8,0.366666667,0.133333333,0.326313853263855,0.11966414749622345,0.4699358642101288,0.1790674477815628,0.362975150346756,0.2535262405872345,0.5425275564193726,0.3834861218929291,0.4240567088127136,0.19802680611610413,0.19397422671318054,0.137691929936409,0.06128779798746109,1.2751061916351318,0.39677178859710693,0.3676196336746216,0.2990690767765045,0.15426088869571686,0.04661507532000542,0.18986229598522186,0.25842761993408203,0.05817260220646858,0.23959137499332428,0.06904341280460358,0.0725197046995163,0.2317161113023758,0.04220538213849068,0.09662912040948868,0.04613817110657692,0.07754497975111008,0.04459008574485779,0.03216899558901787,-0.0014698585728183389,0.10470675677061081,0.030476771295070648,0.5145899057388306,0.2309434860944748,0.026665646582841873,0.01555293332785368,0.032011136412620544,0.13210634887218475,0.19238106906414032,0.038957253098487854,0.30805376172065735,0.25727465748786926,0.30235034227371216,0.1374334841966629,0.3845888376235962,0.28685393929481506,0.22004899382591248,0.10791477560997009
AO456,0.533333333,0.0,0.3,0.2,0.166666667,0.4,1.366666667,0.266666667,1.733333333,0.166666667,0.4,0.8,0.166666667,1.233333333,0.266666667,0.3,0.0,0.0,0.0,0.0,0.0,0.0,0.066666667,0.133333333,0.0,0.0,0.1,0.0,0.0,0.433333333,0.766666667,0.033333333,0.0,0.0,0.0,0.066666667,0.466666667,0.0,0.0,0.0,0.066666667,0.033333333,0.0,0.366666667,0.0,0.2,0.666666667,1.266666667,0.3,0.133333333,0.0,0.365509957075119,0.07554983347654343,0.48625412583351135,0.18723562359809875,0.3134618103504181,0.217936173081398,0.6137371063232422,0.28278791904449463,1.3172576427459717,0.19544334709644318,0.27869582176208496,0.6412843465805054,0.09134925156831741,1.596698522567749,0.3221985399723053,0.3573392927646637,0.22860035300254822,0.10327763855457306,0.04849877581000328,0.23020851612091064,0.28541502356529236,0.08675157278776169,0.18665893375873566,0.09004519879817963,0.05174309387803078,0.1656312793493271,0.058394934982061386,0.08309830725193024,0.1765473484992981,0.2340293824672699,0.36394304037094116,0.04908069595694542,0.10632617771625519,0.08772111684083939,0.05049559101462364,0.2841168940067291,0.09811650216579437,0.04580942913889885,0.02433129772543907,0.18209505081176758,0.09915131330490112,0.13191917538642883,0.0639539510011673,0.20314447581768036,0.22033406794071198,0.2308671772480011,0.11709398776292801,0.3090256154537201,0.1687837839126587,0.15176866948604584,0.06010450795292854
AO567,1.233333333,0.2,0.866666667,0.066666667,1.533333333,0.033333333,0.2,0.4,0.0,0.0,0.0,0.0,0.0,0.566666667,0.166666667,0.0,0.166666667,0.4,0.1,0.766666667,1.533333333,0.266666667,0.633333333,0.033333333,0.0,0.766666667,0.0,0.0,0.1,0.0,0.3,0.0,0.133333333,0.933333333,0.0,1.5,0.033333333,0.0,0.0,0.066666667,0.333333333,0.066666667,0.066666667,0.066666667,0.066666667,0.133333333,0.166666667,0.0,0.1,0.233333333,0.0,0.44056588411331177,0.10667986422777176,0.4282195270061493,0.1388247311115265,0.42038339376449585,0.15164858102798462,0.41090208292007446,0.4060044586658478,0.3066023886203766,0.12601155042648315,0.11499533802270889,0.0799109935760498,0.07139744609594345,0.9904437065124512,0.48036834597587585,0.24512062966823578,0.2496349811553955,0.12433937937021255,0.04560596123337746,0.3840780258178711,0.5034700036048889,0.15564237534999847,0.3219739496707916,0.2316867858171463,0.10358250141143799,0.3661591410636902,0.11901038885116577,0.12767575681209564,0.31130778789520264,0.22667959332466125,0.09121955931186676,0.08331359922885895,0.05927403271198273,0.26680582761764526,0.04197893664240837,0.7350855469703674,0.09550746530294418,0.04049418866634369,0.03590758517384529,0.06285326927900314,0.1802975982427597,0.13168945908546448,0.05081867054104805,0.14322903752326965,0.14131097495555878,0.19446322321891785,0.11876703053712845,0.195869579911232,0.23183739185333252,0.1804121434688568,0.08381227403879166
AO865,0.8,0.0,1.066666667,0.5,0.766666667,0.466666667,2.0,0.633333333,0.6,0.166666667,0.2,0.4,0.166666667,1.5,0.366666667,0.4,0.6,0.0,0.133333333,0.066666667,0.3,0.0,0.0,0.066666667,0.0,0.066666667,0.066666667,0.0,0.0,0.233333333,0.566666667,0.0,0.066666667,0.533333333,0.0,0.4,0.033333333,0.0,0.0,0.1,0.1,0.466666667,0.033333333,0.433333333,0.2,0.066666667,0.266666667,0.3,0.333333333,0.333333333,0.066666667,0.32935962080955505,0.028328724205493927,0.5314525961875916,0.31449756026268005,0.3645235002040863,0.1882573664188385,0.43099120259284973,0.3402697443962097,0.8445272445678711,0.1375354379415512,0.2538250982761383,0.27844008803367615,0.07218704372644424,1.461456060409546,0.4562826156616211,0.3993169963359833,0.2688112258911133,0.12851497530937195,0.1359945684671402,0.4416438341140747,0.41617152094841003,0.12667211890220642,0.2536596655845642,0.09132984280586243,0.03513156250119209,0.14347979426383972,0.11483144760131836,0.09519705921411514,0.1484895795583725,0.32279253005981445,0.2158317118883133,0.04728955402970314,0.22201913595199585,0.1563512235879898,0.06348349153995514,0.433368444442749,0.0849742442369461,0.043423861265182495,0.018510743975639343,0.15809209644794464,0.1663251370191574,0.10652689635753632,0.04593785107135773,0.23868270218372345,0.13833430409431458,0.23017697036266327,0.11648063361644745,0.3753550946712494,0.2014033943414688,0.14516031742095947,0.12751567363739014
AP397,0.366666667,0.1,0.466666667,0.2,0.4,0.2,0.566666667,0.633333333,2.5,0.266666667,0.666666667,1.6,0.133333333,2.266666667,0.433333333,0.333333333,0.4,0.166666667,0.0,0.1,0.033333333,0.066666667,0.0,0.0,0.0,0.2,0.033333333,0.0,0.133333333,0.266666667,0.433333333,0.0,0.0,0.0,0.0,0.733333333,0.1,0.0,0.0,0.033333333,0.133333333,0.066666667,0.266666667,0.166666667,0.266666667,0.466666667,0.066666667,0.4,0.0,0.0,0.0,0.27416977286338806,0.055184025317430496,0.34611111879348755,0.1986778974533081,0.2845749258995056,0.10827607661485672,0.4986256957054138,0.3101454973220825,1.3134897947311401,0.14726050198078156,0.24243228137493134,0.6881914138793945,0.07879067957401276,1.4940358400344849,0.308464914560318,0.33949407935142517,0.24657636880874634,0.107707679271698,0.04816409945487976,0.22935301065444946,0.24407126009464264,0.0911768451333046,0.1745975762605667,0.10252591967582703,0.029310692101716995,0.15166430175304413,0.07365322858095169,0.07559890300035477,0.16603708267211914,0.23286698758602142,0.4020177125930786,0.09280864149332047,0.052272602915763855,0.07196082919836044,0.03616834804415703,0.33934226632118225,0.11858728528022766,0.04568149894475937,0.026292772963643074,0.15086552500724792,0.12459459155797958,0.20212985575199127,0.12495113164186478,0.23829971253871918,0.17707407474517822,0.2427874356508255,0.09749996662139893,0.21470710635185242,0.17408721148967743,0.14603424072265625,0.07524722069501877
AP432,0.466666667,0.0,0.966666667,0.133333333,0.7,0.233333333,0.0,0.0,0.0,0.0,0.0,0.0,0.0,0.333333333,0.2,0.0,0.2,0.233333333,0.566666667,0.4,0.433333333,0.666666667,0.166666667,0.266666667,0.0,0.366666667,0.133333333,0.0,0.1,0.233333333,0.2,0.366666667,1.466666667,0.666666667,0.4,1.033333333,0.2,0.0,0.066666667,0.166666667,1.6,0.233333333,0.3,0.333333333,0.233333333,0.066666667,0.066666667,0.233333333,0.533333333,0.533333333,0.133333333,0.20806600153446198,0.04067283496260643,0.45894181728363037,0.09779120981693268,0.3511434495449066,0.12438951432704926,0.15722966194152832,0.2367144674062729,0.17741410434246063,0.1153554916381836,0.08660902827978134,0.03575647994875908,0.04321684688329697,0.7475593686103821,0.3238772749900818,0.24641743302345276,0.24345271289348602,0.15345057845115662,0.1302357167005539,0.6128457188606262,0.5256675481796265,0.17023620009422302,0.3896300792694092,0.12872442603111267,0.021210961043834686,0.12558342516422272,0.027127312496304512,0.0787847489118576,0.11254985630512238,0.21384575963020325,0.16511331498622894,0.07699798047542572,0.26588642597198486,0.3366175591945648,0.06940199434757233,0.5421509146690369,0.12858229875564575,0.05731004476547241,0.0181247740983963,0.1526132971048355,0.1801193207502365,0.1379033327102661,0.0593424066901207,0.09936054050922394,0.09314857423305511,0.19850675761699677,0.09406640380620956,0.1735072135925293,0.2609208822250366,0.17690251767635345,0.08355820178985596
AP447,1.0,0.066666667,1.0,0.366666667,0.666666667,0.833333333,0.2,0.333333333,0.7,0.333333333,0.266666667,0.266666667,0.1,0.7,0.166666667,0.233333333,0.233333333,0.2,0.133333333,0.466666667,0.9,0.0,0.133333333,0.466666667,0.0,0.3,0.0,0.166666667,0.0,0.366666667,0.166666667,0.1,0.233333333,0.133333333,0.066666667,1.066666667,0.566666667,0.066666667,0.033333333,0.033333333,0.466666667,0.3,0.0,0.333333333,0.133333333,0.6,0.3,0.133333333,0.2,0.166666667,0.066666667,0.32446184754371643,0.03434385731816292,0.5697317719459534,0.7705931663513184,0.3817109167575836,0.29044467210769653,0.760449230670929,0.4247332811355591,1.1796334981918335,0.17059876024723053,0.37776920199394226,0.4375247657299042,0.1006036251783371,1.664672613143921,0.3411432206630707,0.3975333273410797,0.23435267806053162,0.09045139700174332,0.03210664913058281,0.191165953874588,0.22884054481983185,0.05577921122312546,0.15974009037017822,0.06127390265464783,0.028825750574469566,0.13692356646060944,0.06538253277540207,0.07287470251321793,0.038295336067676544,0.1111268550157547,0.15408582985401154,0.04033632576465607,0.1608782261610031,0.08687059581279755,0.059710364788770676,0.3795037567615509,0.15183492004871368,0.030849186703562737,0.00670865410938859,0.04794025048613548,0.21022097766399384,0.18630744516849518,0.053893476724624634,0.602594256401062,0.6267768740653992,0.2638136148452759,0.10039437562227249,0.37006598711013794,0.28415584564208984,0.12277743965387344,0.1174180805683136
AP661,0.433333333,0.0,0.4,0.266666667,0.266666667,0.066666667,0.266666667,0.1,0.433333333,0.0,0.066666667,0.033333333,0.0,1.033333333,0.3,0.2,0.8,0.2,0.233333333,0.633333333,0.533333333,0.1,0.133333333,0.266666667,0.0,0.366666667,0.0,0.0,0.066666667,0.233333333,0.466666667,0.3,1.466666667,0.233333333,0.133333333,1.166666667,0.1,0.066666667,0.0,0.166666667,0.3,0.233333333,0.2,0.166666667,0.033333333,0.166666667,0.166666667,0.1,0.066666667,0.266666667,0.1,0.5266332030296326,0.21369630098342896,0.60512775182724,0.15961451828479767,0.485516220331192,0.16754959523677826,0.6556845307350159,0.3998899757862091,0.7564244270324707,0.14590878784656525,0.24187861382961273,0.1485031396150589,0.06565742939710617,1.2940659523010254,0.33798983693122864,0.33747294545173645,0.23354579508304596,0.1164352148771286,0.0704326331615448,0.31343984603881836,0.29868438839912415,0.20307298004627228,0.21440106630325317,0.11811798810958862,0.05199315771460533,0.15561093389987946,0.07778535783290863,0.07670917361974716,0.1765698939561844,0.280373215675354,0.19494125247001648,0.10612878203392029,0.5495956540107727,0.10966838151216507,0.04545772448182106,0.49931228160858154,0.09048821032047272,0.052386656403541565,0.03475731983780861,0.11024146527051926,0.18100270628929138,0.08728418499231339,0.08471937477588654,0.1218501627445221,0.14646859467029572,0.16415312886238098,0.11007373034954071,0.17368528246879578,0.1786101758480072,0.1640109121799469,0.10717379301786423
AP691,0.6,0.333333333,0.233333333,0.6,0.433333333,0.166666667,0.466666667,0.4,1.133333333,0.466666667,0.4,0.833333333,0.433333333,2.2,0.866666667,0.3,0.166666667,0.166666667,0.2,0.266666667,0.6,0.233333333,0.0,0.7,0.3,1.666666667,0.2,0.4,0.0,0.066666667,0.166666667,0.0,0.0,0.0,0.0,0.366666667,0.2,0.0,0.0,0.0,0.2,0.266666667,0.1,0.233333333,0.666666667,0.2,0.2,0.133333333,0.233333333,0.0,0.0,0.501876711845398,0.08104448765516281,0.5358402132987976,0.7264800071716309,0.4108807444572449,0.1929517537355423,0.3668576180934906,0.3723597228527069,0.70453941822052,0.1402459591627121,0.23124611377716064,0.12200272083282471,0.06355838477611542,1.3044896125793457,0.36392149329185486,0.34690216183662415,0.22329093515872955,0.1068257987499237,0.03197179362177849,0.4436459243297577,0.5315200686454773,0.07048358768224716,0.2966548800468445,0.11451761424541473,0.06404922157526016,0.2134958654642105,0.20439012348651886,0.09523265808820724,0.14190934598445892,0.1940855085849762,0.1745472401380539,0.05964849516749382,0.10182192176580429,0.1919926255941391,0.050261419266462326,0.5330721139907837,0.07997551560401917,0.03388204425573349,0.018973980098962784,0.09397746622562408,0.19757568836212158,0.1474033147096634,0.031447749584913254,0.11756628006696701,0.22304172813892365,0.18980532884597778,0.08334864675998688,0.21829620003700256,0.20839138329029083,0.14157582819461823,0.08028394728899002
AP734,0.6,0.033333333,0.833333333,0.266666667,0.7,0.266666667,1.066666667,0.233333333,0.1,0.0,0.0,0.0,0.0,0.766666667,0.333333333,0.2,0.3,0.266666667,0.066666667,0.533333333,0.566666667,0.066666667,0.266666667,0.066666667,0.0,0.266666667,0.0,0.2,0.0,0.3,0.066666667,0.066666667,0.433333333,0.433333333,0.133333333,1.033333333,0.0,0.0,0.0,0.0,0.7,0.333333333,0.566666667,0.133333333,0.433333333,0.166666667,0.5,0.4,0.466666667,0.433333333,0.0,0.4940497577190399,0.10784509778022766,0.600669264793396,0.2756046652793884,0.7067366242408752,0.24521443247795105,0.48042431473731995,0.5808044672012329,0.31227803230285645,0.12718945741653442,0.11761543899774551,0.05669982731342316,0.04873521998524666,1.00034761428833,0.23988576233386993,0.22453218698501587,0.24173887073993683,0.13145790994167328,0.05872640386223793,0.3221779465675354,0.3931463360786438,0.05971153452992439,0.24266639351844788,0.08875079452991486,0.023437321186065674,0.1638447791337967,0.023793071508407593,0.057087142020463943,0.03693486377596855,0.21578556299209595,0.12658821046352386,0.036307718604803085,0.12400668114423752,0.33627933263778687,0.029721111059188843,0.7773905992507935,0.12492625415325165,0.036113202571868896,0.008836011402308941,0.05807828903198242,0.17689648270606995,0.18814927339553833,0.10551200062036514,0.2388155311346054,0.19416262209415436,0.275752991437912,0.1364552527666092,0.2058056741952896,0.282218337059021,0.22917382419109344,0.1199013888835907
AP774,0.5,0.0,0.533333333,0.7,0.833333333,0.4,0.5,0.533333333,0.933333333,0.233333333,0.466666667,0.166666667,0.466666667,1.366666667,0.5,0.433333333,0.366666667,0.3,0.0,0.266666667,0.233333333,0.1,0.1,0.366666667,0.033333333,1.633333333,0.1,0.066666667,0.0,0.0,0.0,0.0,0.333333333,0.166666667,0.133333333,0.4,0.166666667,0.033333333,0.0,0.0,0.266666667,0.366666667,0.0,0.266666667,0.533333333,0.033333333,0.4,0.133333333,0.5,0.266666667,0.066666667,0.43352216482162476,0.151319682598114,0.6148020029067993,0.8132508993148804,0.5780367255210876,0.4431149959564209,0.5102238655090332,0.5022392272949219,0.65696120262146,0.13871344923973083,0.2527439594268799,0.19708746671676636,0.16527116298675537,1.245622992515564,0.2819342017173767,0.264028400182724,0.2241077423095703,0.2782767415046692,0.14801673591136932,0.22277705371379852,0.27225396037101746,0.1432286500930786,0.14309287071228027,0.07930482923984528,0.011057975701987743,0.11791976541280746,0.021255234256386757,0.09133373945951462,0.11071997880935669,0.13155381381511688,0.08864621073007584,0.13770966231822968,0.12949195504188538,0.05473901703953743,0.05855022743344307,0.3976520299911499,0.08238647133111954,0.036122485995292664,0.04058121517300606,0.1327207386493683,0.14738930761814117,0.12782008945941925,0.03553948178887367,0.43707484006881714,0.21158954501152039,0.1896815001964569,0.10754496604204178,0.1924828290939331,0.21631212532520294,0.12560425698757172,0.0736289769411087
AP974,0.133333333,0.1,0.233333333,0.433333333,0.466666667,0.333333333,1.133333333,0.933333333,1.633333333,0.033333333,0.3,0.7,0.0,1.9,0.733333333,0.666666667,0.433333333,0.0,0.0,0.1,0.2,0.0,0.2,0.0,0.0,0.333333333,0.0,0.0,0.0,0.066666667,0.333333333,0.0,0.0,0.1,0.0,0.5,0.033333333,0.0,0.0,0.0,0.6,0.133333333,0.1,0.366666667,0.333333333,0.0,0.166666667,0.3,0.6,0.166666667,0.066666667,0.3429928421974182,0.25307074189186096,0.4056900441646576,0.3243597447872162,0.373575359582901,0.18093879520893097,0.7596431374549866,0.32293325662612915,1.0808674097061157,0.161565363407135,0.26423877477645874,0.39916205406188965,0.11326391249895096,1.4017837047576904,0.30593031644821167,0.36528030037879944,0.23166291415691376,0.10490261763334274,0.025959009304642677,0.21349449455738068,0.2848499119281769,0.08103962242603302,0.2039424329996109,0.07884006947278976,0.027545567601919174,0.12261898815631866,0.0828794464468956,0.05753942206501961,0.08487685769796371,0.16188295185565948,0.18479661643505096,0.13919101655483246,0.033074282109737396,0.07571935653686523,0.05402045696973801,0.3691612780094147,0.15661068260669708,0.07104332000017166,0.05354195833206177,0.14267690479755402,0.20582270622253418,0.22205862402915955,0.0749133825302124,0.40389928221702576,0.3391701877117157,0.23074300587177277,0.10124308615922928,0.2911663353443146,0.31422093510627747,0.16395148634910583,0.07429001480340958
AQ853,0.9,0.066666667,0.833333333,0.0,0.333333333,0.166666667,0.433333333,0.7,0.6,0.0,0.5,0.233333333,0.1,1.233333333,0.366666667,0.333333333,0.5,0.233333333,0.1,0.366666667,0.633333333,0.133333333,0.266666667,0.0,0.133333333,0.033333333,0.1,0.133333333,0.1,0.6,0.533333333,0.0,0.633333333,0.2,0.1,0.533333333,0.0,0.0,0.033333333,0.3,0.0,0.0,0.2,0.0,0.0,0.233333333,0.033333333,0.2,0.166666667,0.2,0.2,1.356444239616394,0.4558705687522888,0.8124580979347229,0.016264621168375015,0.1634937822818756,0.31209757924079895,0.18383020162582397,0.0898866280913353,0.08968810737133026,0.17462566494941711,0.1524166613817215,0.044821321964263916,0.05750139057636261,0.2752968668937683,0.09062392264604568,0.11614461243152618,0.2763434052467346,0.15453580021858215,0.09974822402000427,0.3133501410484314,0.2716135084629059,0.17170564830303192,0.14577887952327728,0.22149209678173065,0.007447556126862764,0.10917171090841293,0.031152548268437386,0.0595535933971405,0.1111099123954773,0.2437102049589157,0.7761139273643494,0.28997671604156494,0.07549038529396057,0.20689816772937775,0.13581660389900208,0.17096680402755737,0.10399135202169418,0.035663582384586334,0.014035288244485855,0.10053379088640213,0.0655522421002388,0.08649169653654099,0.21119503676891327,0.0532914474606514,0.07701773196458817,0.21003907918930054,0.1662488877773285,0.18441180884838104,0.18593943119049072,0.10187075287103653,0.0706123486161232
AF502,0.03125,0.0,0.5,0.5625,0.125,0.375,0.46875,0.375,1.53125,0.0625,0.6875,0.75,0.1875,1.46875,0.15625,0.34375,0.09375,0.0,0.03125,0.0,0.25,0.0,0.15625,0.125,0.0,0.125,0.0,0.0,0.125,0.0,0.15625,0.0,0.0,0.0,0.0,0.34375,0.4375,0.0,0.0,0.0,0.0625,0.09375,0.0,0.53125,0.4375,0.28125,0.25,1.0625,0.53125,0.0,0.0,0.32887524366378784,0.34173184633255005,0.488717645406723,0.22731918096542358,0.4230830669403076,0.2736903727054596,0.43796929717063904,0.38735315203666687,0.610192596912384,0.19222360849380493,0.1635691374540329,0.27933546900749207,0.06021147221326828,0.9272980690002441,0.194120392203331,0.3054499328136444,0.1609182506799698,0.10426482558250427,0.10239659994840622,0.2361178994178772,0.33139270544052124,0.04279801622033119,0.2610224485397339,0.10256297141313553,0.06974051892757416,0.2941504716873169,0.012749704532325268,0.06382086873054504,0.029364382848143578,0.07153645902872086,0.13713017106056213,0.029277333989739418,-0.0002336778852622956,0.026948794722557068,0.04289785400032997,0.6714993715286255,0.3835226595401764,0.028085794299840927,0.0005919814575463533,0.03857990726828575,0.18499955534934998,0.35185903310775757,0.018898727372288704,0.39627838134765625,0.43367868661880493,0.36331257224082947,0.1783953756093979,0.5466084480285645,0.4149731695652008,0.20917105674743652,0.20291535556316376
AG258,0.666666667,0.133333333,0.566666667,0.1,0.6,0.433333333,0.133333333,0.1,0.466666667,0.1,0.0,0.133333333,0.1,0.666666667,0.133333333,0.066666667,0.1,0.066666667,0.3,0.266666667,0.033333333,0.233333333,0.066666667,0.2,0.1,0.066666667,0.0,0.0,0.0,0.0,0.133333333,0.3,0.933333333,0.333333333,0.666666667,1.0,0.366666667,0.0,0.066666667,0.266666667,0.0,0.2,0.3,0.3,0.6,0.533333333,0.0,0.533333333,0.533333333,0.066666667,0.233333333,0.31334632635116577,0.12719377875328064,0.40264225006103516,0.4445849359035492,0.3765193223953247,0.2940753102302551,0.3872678875923157,0.3150915801525116,0.47044607996940613,0.13105081021785736,0.09596407413482666,0.19083862006664276,0.055115800350904465,1.003222942352295,0.35912781953811646,0.3817789852619171,0.38297149538993835,0.13393260538578033,0.05204131454229355,0.1774200201034546,0.24608786404132843,0.04906270653009415,0.17807132005691528,0.0595257431268692,0.005897891707718372,0.27702245116233826,0.011599619872868061,0.053987402468919754,0.007999157533049583,0.11638115346431732,0.11689291149377823,0.09600820392370224,0.06091825291514397,0.08772426098585129,0.0701402872800827,0.887499988079071,0.29324987530708313,0.03311760351061821,0.004950955975800753,0.030065294355154037,0.27486446499824524,0.3759394586086273,0.01801532879471779,0.728539764881134,0.39674776792526245,0.17720206081867218,0.09475864470005035,0.3543328046798706,0.6330157518386841,0.15544383227825165,0.34387317299842834
AG677,0.233333333,0.0,0.4,0.2,0.366666667,0.1,0.666666667,0.333333333,1.366666667,0.2,0.633333333,1.2,0.2,1.2,0.166666667,0.133333333,0.433333333,0.0,0.0,0.2,0.0,0.0,0.1,0.0,0.0,0.0,0.0,0.0,0.0,0.066666667,0.166666667,0.0,0.0,0.0,0.0,0.366666667,0.233333333,0.0,0.0,0.0,0.166666667,0.233333333,0.0,0.8,0.366666667,0.233333333,0.0,0.433333333,0.4,0.0,0.133333333,0.316768616437912,0.04545293375849724,0.7097934484481812,0.26844748854637146,0.3072962760925293,0.2525334656238556,1.1068284511566162,0.1588994413614273,0.9600363969802856,0.33431991934776306,0.33052170276641846,0.5752628445625305,0.08220251649618149,1.0247939825057983,0.2112817019224167,0.265791654586792,0.26512613892555237,0.10049964487552643,0.034441620111465454,0.17370223999023438,0.21994729340076447,0.04170811176300049,0.2023717314004898,0.027336424216628075,0.02517594024538994,0.1037554070353508,0.016544204205274582,0.054979611188173294,0.01331182848662138,0.09901006519794464,0.04297887906432152,0.046787165105342865,6.549330282723531e-05,0.025682194158434868,0.03306395933032036,0.3714820444583893,0.09537789970636368,0.031503137201070786,-0.0002079851838061586,0.008565984666347504,0.14994527399539948,0.3252388834953308,0.0558742918074131,0.6945493221282959,0.3530765473842621,0.16827240586280823,0.07236457616090775,0.40971460938453674,0.2603738605976105,0.08771796524524689,0.038457535207271576
AH100,0.166666667,0.0,0.333333333,0.166666667,0.233333333,0.166666667,0.566666667,0.366666667,0.8,0.066666667,0.533333333,0.466666667,0.133333333,1.1,0.6,0.133333333,0.233333333,0.0,0.033333333,0.066666667,0.2,0.0,0.5,0.166666667,0.1,0.6,0.233333333,0.066666667,0.766666667,0.266666667,0.633333333,0.233333333,0.0,0.1,0.0,0.766666667,0.166666667,0.0,0.166666667,0.1,0.2,0.4,0.3,0.366666667,0.4,0.1,0.0,0.233333333,0.066666667,0.266666667,0.1,0.2500419616699219,0.00745124276727438,0.32043713331222534,0.11949662119150162,0.2985033094882965,0.1285669058561325,0.4877847135066986,0.2554389536380768,0.9998231530189514,0.1348516047000885,0.3117102384567261,0.46356627345085144,0.08233840018510818,1.069636583328247,0.395273357629776,0.43062976002693176,0.2722758650779724,0.08948524296283722,0.052511267364025116,0.17816975712776184,0.22933447360992432,0.04293577000498772,0.18351586163043976,0.03474888950586319,0.08847524225711823,0.404759019613266,0.1981862634420395,0.08597338199615479,0.7491467595100403,0.3829110562801361,0.43314558267593384,0.18851488828659058,0.0005369666032493114,0.24305950105190277,0.02220255881547928,0.7325912117958069,0.3138166069984436,0.057103656232357025,0.18256667256355286,0.08451816439628601,0.20385582745075226,0.323016881942749,0.14001546800136566,0.4768933057785034,0.15593834221363068,0.29539889097213745,0.08602887392044067,0.3686692714691162,0.19868463277816772,0.09087628871202469,0.12217197567224503
AB357,0.0,0.166666667,0.0,3.055555556,0.444444444,0.666666667,0.833333333,0.555555556,0.555555556,0.0,0.222222222,0.833333333,0.111111111,1.111111111,0.0,0.055555556,0.0,0.0,0.0,0.0,0.0,0.0,0.0,0.0,0.0,0.166666667,0.0,0.0,0.0,0.444444444,0.0,0.0,0.0,0.0,0.0,0.444444444,0.0,0.0,0.0,0.0,0.0,0.388888889,0.0,0.388888889,1.055555556,0.222222222,0.333333333,0.111111111,0.222222222,0.611111111,0.5,0.5523719787597656,0.10334806144237518,0.5752370953559875,1.9149081707000732,0.224928081035614,0.4789298474788666,0.5360619425773621,0.259733647108078,0.9574416279792786,0.2807867228984833,0.3025144040584564,0.40170717239379883,0.12734980881214142,1.124121069908142,0.167573481798172,0.15751558542251587,0.19915995001792908,0.12142025679349899,0.05228132754564285,0.19117127358913422,0.20592376589775085,0.054688625037670135,0.13276280462741852,0.07153142243623734,0.0033313841558992863,0.11516724526882172,0.03155449405312538,0.06604969501495361,0.029839439317584038,0.13913549482822418,0.20048297941684723,0.08492130786180496,0.4343312680721283,0.04382384940981865,0.06916920840740204,0.2607298791408539,0.2418445497751236,0.04160958528518677,0.04519546404480934,0.0789228081703186,0.16255401074886322,0.21652770042419434,0.05897451564669609,0.6312898397445679,0.957663357257843,0.4575345814228058,0.20591959357261658,0.47642120718955994,0.26923200488090515,0.10355211049318314,0.19647115468978882
AB707,0.0,0.0,0.0,4.166666667,0.0,0.0,0.222222222,0.555555556,0.222222222,0.0,0.0,0.166666667,0.0,1.722222222,0.388888889,0.666666667,0.0,0.0,0.0,0.0,0.166666667,0.0,0.0,0.055555556,0.0,0.0,0.0,0.0,0.0,0.0,0.055555556,0.0,0.0,0.0,0.0,0.0,0.0,0.0,0.0,0.0,0.0,0.0,0.0,0.0,1.166666667,0.0,0.0,0.388888889,0.0,0.111111111,0.0,0.29645290970802307,0.1421385258436203,0.5082014203071594,2.7779946327209473,0.3256223499774933,0.2687278091907501,0.22233782708644867,0.21356992423534393,0.38243862986564636,0.2070610225200653,0.13295835256576538,0.1477815955877304,0.05760719254612923,0.975355327129364,0.1919405460357666,0.16287218034267426,0.16382242739200592,0.11897207051515579,0.05425172299146652,0.25053906440734863,0.254630982875824,0.21335838735103607,0.14225539565086365,0.05141614377498627,0.030454343184828758,0.09260135889053345,0.042527370154857635,0.07333725690841675,0.04167217016220093,0.27181437611579895,0.22274957597255707,0.17935191094875336,0.6608770489692688,0.12045136839151382,0.037611205130815506,0.33973395824432373,0.18925604224205017,0.046581290662288666,0.026167409494519234,0.1308760941028595,0.09227830171585083,0.1885589063167572,0.05847061052918434,1.3289234638214111,1.3642929792404175,0.39336100220680237,0.20996175706386566,0.5401964783668518,0.09496437758207321,0.12987278401851654,0.1112041100859642
AB731,0.055555556,0.0,1.055555556,0.277777778,0.833333333,0.388888889,0.0,0.333333333,0.0,0.0,0.0,0.111111111,0.0,0.333333333,0.0,0.0,0.055555556,0.0,0.0,0.0,0.0,0.0,0.0,0.0,0.0,0.222222222,0.0,0.0,0.0,0.0,0.0,0.0,0.0,0.055555556,0.0,1.111111111,0.0,0.0,0.0,0.0,1.166666667,1.444444444,0.277777778,0.222222222,0.444444444,0.0,0.111111111,0.0,0.944444444,0.333333333,0.0,0.42233964800834656,0.1033426821231842,0.5505371689796448,0.2724144756793976,0.49620798230171204,0.4389857053756714,0.1553450971841812,0.28039371967315674,0.23680567741394043,0.2915826439857483,0.1339864283800125,0.09856954962015152,0.04431336373090744,0.6640839576721191,0.1227274090051651,0.14163123071193695,0.1926625818014145,0.24294538795948029,0.08357460051774979,0.2435740828514099,0.28568047285079956,0.07621681690216064,0.14172685146331787,0.04461676627397537,0.021509021520614624,0.10169737786054611,0.03691885247826576,0.05634484067559242,0.032134607434272766,0.19415906071662903,0.17640262842178345,0.07480157166719437,0.12310226261615753,0.23713873326778412,0.040123119950294495,0.5552789568901062,0.15961165726184845,0.05405360460281372,0.03862999379634857,0.20999464392662048,0.21675051748752594,0.40240976214408875,0.059261322021484375,0.6375722289085388,0.7882792949676514,0.4777196943759918,0.18952171504497528,0.5173946619033813,0.313620388507843,0.20136991143226624,0.1851162165403366
AB744,0.333333333,0.333333333,0.166666667,0.0,0.166666667,0.0,1.722222222,0.944444444,0.0,0.0,0.0,0.0,0.0,0.722222222,0.0,0.055555556,0.0,0.0,0.0,0.0,0.0,0.0,0.0,0.0,0.0,0.166666667,0.0,0.0,0.0,0.388888889,0.222222222,0.0,0.0,0.111111111,0.0,0.666666667,0.0,0.0,0.0,0.0,0.0,0.777777778,0.166666667,0.111111111,0.0,0.222222222,0.388888889,0.0,0.055555556,0.055555556,0.0,0.5473785996437073,0.39066439867019653,0.6140548586845398,0.30216723680496216,0.7494326233863831,0.2894042432308197,0.6131290793418884,0.6339568495750427,0.39328789710998535,0.1474187672138214,0.2197958379983902,0.1543074995279312,0.16118940711021423,0.8508777618408203,0.1341308057308197,0.13526976108551025,0.21649335324764252,0.457954078912735,0.10077634453773499,0.2395356446504593,0.31121185421943665,0.16093525290489197,0.16675275564193726,0.10600469261407852,0.05037697032094002,0.13735191524028778,0.05098401755094528,0.08442080020904541,0.14450223743915558,0.14759159088134766,0.1571219116449356,0.12142954766750336,0.2719407081604004,0.12618915736675262,0.05888772010803223,0.46140256524086,0.13408848643302917,0.08671683073043823,0.023378048092126846,0.11439108103513718,0.12984715402126312,0.26182126998901367,0.14698415994644165,0.229489266872406,0.18219643831253052,0.20763114094734192,0.16865210235118866,0.17853482067584991,0.18821276724338531,0.13748450577259064,0.09800586104393005
AC299,0.107142857,0.0,0.285714286,0.785714286,0.0,0.142857143,0.178571429,0.25,0.571428571,0.107142857,0.107142857,0.5,0.142857143,0.821428571,0.392857143,0.392857143,0.071428571,0.107142857,0.107142857,0.071428571,0.25,0.071428571,0.178571429,0.107142857,0.0,0.142857143,0.0,0.107142857,0.0,0.107142857,0.464285714,0.214285714,0.0,0.107142857,0.107142857,0.571428571,0.5,0.0,0.0,0.0,0.142857143,0.321428571,0.035714286,0.357142857,0.678571429,0.892857143,0.0,0.642857143,0.428571429,0.035714286,0.0,0.27661967277526855,0.09381919354200363,0.5050691366195679,0.29496827721595764,0.4439215064048767,0.19159619510173798,0.5751816630363464,0.2941719591617584,0.9992656707763672,0.16651330888271332,0.3032801151275635,0.7202978730201721,0.09300126135349274,1.4880027770996094,0.6090021133422852,0.5143945813179016,0.5039078593254089,0.12858931720256805,0.24871787428855896,0.4350540041923523,0.415239542722702,0.12950681149959564,0.32936397194862366,0.09636953473091125,0.07219929993152618,0.14699585735797882,0.17591294646263123,0.10067583620548248,0.11620379984378815,0.15915754437446594,0.22107145190238953,0.07191937416791916,0.07935768365859985,0.14594751596450806,0.04925190284848213,0.4202592670917511,0.1262599527835846,0.03782828152179718,0.00399693613871932,0.05036912113428116,0.14532871544361115,0.19948133826255798,0.08715956658124924,0.5035966634750366,0.34252020716667175,0.17428147792816162,0.10249946266412735,0.338373601436615,0.3033345341682434,0.10397810488939285,0.09552035480737686
AD649,0.214285714,0.0,0.071428571,0.0,0.0,0.0,0.0,0.0,0.0,0.0,0.0,0.0,0.0,0.0,0.0,0.0,0.0,0.214285714,0.0,0.0,0.0,0.428571429,0.285714286,1.142857143,0.0,0.071428571,0.571428571,0.428571429,1.5,0.5,1.357142857,0.857142857,1.0,0.642857143,0.642857143,0.642857143,0.0,1.0,0.0,1.214285714,0.0,0.0,0.0,0.0,0.0,0.0,0.0,0.0,0.0,0.0,0.0,0.3549097180366516,0.20410515367984772,0.2639644742012024,-0.0016235212096944451,0.1002902165055275,0.023493625223636627,0.22423367202281952,0.1436556577682495,0.6674389243125916,0.13076363503932953,0.1509670466184616,0.24339382350444794,0.12096889317035675,0.8574161529541016,0.164768785238266,0.2479889988899231,0.1140955314040184,0.08595947921276093,0.139829620718956,0.3166831433773041,0.36938169598579407,0.37022051215171814,0.22508026659488678,0.6401233077049255,0.06976548582315445,0.19486865401268005,0.6233283281326294,0.20817019045352936,1.2392123937606812,0.5293182730674744,0.44120848178863525,0.709945559501648,0.8349096775054932,0.1917489618062973,0.214753195643425,0.3661421835422516,0.0873849019408226,0.26656681299209595,0.20192012190818787,1.1640461683273315,0.20600050687789917,0.08687902987003326,0.1251140832901001,0.10674112290143967,0.07337384670972824,0.25720861554145813,0.10999883711338043,0.1842854917049408,0.16310085356235504,0.14135992527008057,0.10268967598676682
AE334,0.111111111,0.0,1.074074074,0.333333333,0.740740741,0.666666667,0.518518519,0.555555556,0.111111111,0.0,0.0,0.0,0.0,0.259259259,0.185185185,0.111111111,0.0,0.222222222,0.0,0.0,0.0,0.0,0.0,0.0,0.0,0.0,0.0,0.0,0.0,0.0,0.185185185,0.074074074,0.0,0.074074074,0.074074074,0.925925926,0.222222222,0.0,0.0,0.0,1.222222222,0.851851852,0.0,0.851851852,0.851851852,0.111111111,0.222222222,0.296296296,0.444444444,0.148148148,0.444444444,0.24253283441066742,0.09609735757112503,0.6227560043334961,1.041534662246704,0.41067761182785034,0.4693330228328705,0.14304997026920319,0.3213885724544525,0.15548577904701233,0.12258138507604599,0.09661488980054855,0.09862738847732544,0.04590023681521416,0.5912203192710876,0.09680386632680893,0.2325925976037979,0.26632755994796753,0.23771585524082184,0.06990668177604675,0.18634094297885895,0.1981324851512909,0.05211108550429344,0.1470808982849121,0.02669248916208744,0.03952930495142937,0.10475554317235947,0.029717199504375458,0.06028567627072334,0.028043575584888458,0.06469942629337311,0.13005149364471436,0.04561163857579231,0.018076518550515175,0.15439264476299286,0.0337461456656456,0.6836037635803223,0.11234161257743835,0.04368072375655174,0.07125414162874222,0.05126861482858658,0.6255507469177246,0.3493996858596802,0.09693104773759842,1.2142478227615356,1.2047994136810303,0.4238363802433014,0.12171179056167603,0.573520839214325,0.4845868945121765,0.18613889813423157,0.13413064181804657
AE646,0.392857143,0.25,0.285714286,0.107142857,0.428571429,0.321428571,0.785714286,0.142857143,0.464285714,0.0,0.107142857,0.0,0.0,0.178571429,0.0,0.0,0.0,0.107142857,0.107142857,0.357142857,0.25,0.0,0.0,0.142857143,0.0,0.0,0.0,0.0,0.0,0.107142857,0.357142857,0.178571429,0.071428571,0.714285714,0.321428571,0.857142857,0.214285714,0.428571429,0.285714286,0.25,0.0,0.071428571,0.285714286,0.0,0.107142857,0.142857143,0.071428571,0.214285714,0.035714286,0.107142857,0.142857143,0.5016953945159912,0.12104397267103195,0.2525452673435211,0.32359248399734497,0.3369497060775757,0.11494553089141846,0.17291711270809174,0.21392983198165894,0.1287953108549118,0.1200619786977768,0.15848246216773987,0.03090878762304783,0.04947507381439209,0.2373357117176056,0.09375203400850296,0.07382038980722427,0.15041124820709229,0.18173785507678986,0.1675463616847992,0.8232882618904114,1.1803170442581177,0.16159145534038544,0.6819545030593872,0.3614500164985657,0.020910587161779404,0.12818726897239685,0.08071749657392502,0.16295410692691803,0.18096819519996643,0.21472778916358948,0.2229222059249878,0.24830099940299988,0.18788965046405792,0.41803812980651855,0.1957109421491623,0.6148610711097717,0.18738727271556854,0.16773615777492523,0.128009632229805,0.27611130475997925,0.5034981966018677,0.2936974763870239,0.22210465371608734,0.12081664800643921,0.28910893201828003,0.205915629863739,0.1606837809085846,0.1897999495267868,0.21560503542423248,0.0892452597618103,0.13366180658340454
AG575,0.066666667,0.033333333,0.233333333,0.0,0.0,0.0,0.0,0.0,0.0,0.0,0.0,0.0,0.0,0.266666667,0.0,0.066666667,0.0,0.0,0.033333333,0.566666667,0.1,0.233333333,0.133333333,0.2,0.0,0.0,0.233333333,0.366666667,0.466666667,0.133333333,0.4,0.933333333,3.8,0.133333333,0.433333333,0.533333333,0.1,0.0,0.066666667,0.0,0.166666667,0.0,0.0,0.0,0.0,0.0,0.0,0.0,0.1,0.0,0.1,0.32540464401245117,0.05562441423535347,0.2643246054649353,0.06346556544303894,0.11230073124170303,0.04748113080859184,0.17574456334114075,0.0683075562119484,0.338549941778183,0.12859830260276794,0.13283473253250122,0.08726437389850616,0.08666398376226425,0.48463699221611023,0.093561552464962,0.13640987873077393,0.10901889950037003,0.14684399962425232,0.11613969504833221,0.4500851333141327,0.30130505561828613,0.4037950038909912,0.2392318993806839,0.1259719282388687,0.10064881294965744,0.13931025564670563,0.2035883069038391,0.26825639605522156,0.609168529510498,0.36756694316864014,0.4087375998497009,0.5019129514694214,2.219465494155884,0.16218654811382294,0.17375695705413818,0.33525848388671875,0.1473429948091507,0.22466595470905304,0.13159938156604767,0.3859182298183441,0.1290537267923355,0.07756173610687256,0.17295189201831818,0.049514204263687134,0.03968922048807144,0.20539754629135132,0.06760812550783157,0.16285759210586548,0.025754259899258614,0.08153773844242096,0.07320299744606018
AH269,0.133333333,0.0,0.2,0.033333333,0.133333333,0.0,0.0,0.0,0.133333333,0.0,0.0,0.0,0.0,0.266666667,0.133333333,0.066666667,0.0,0.033333333,0.333333333,0.366666667,0.133333333,0.766666667,0.066666667,0.166666667,0.0,0.0,0.0,0.033333333,0.3,0.2,0.6,0.9,4.033333333,0.066666667,0.133333333,0.133333333,0.0,0.0,0.0,0.066666667,0.1,0.033333333,0.0,0.0,0.0,0.0,0.0,0.1,0.0,0.0,0.0,0.23020443320274353,0.15895302593708038,0.25335434079170227,0.011496300809085369,0.08014936745166779,0.043531160801649094,0.34043657779693604,0.13922218978405,0.7066569924354553,0.13196289539337158,0.21487686038017273,0.23024144768714905,0.08130259811878204,0.7927315831184387,0.15279726684093475,0.24393373727798462,0.09499655663967133,0.1596539169549942,0.1882617324590683,0.33172354102134705,0.28933626413345337,0.2745700478553772,0.22401876747608185,0.09685204923152924,0.12083567678928375,0.14215129613876343,0.24175593256950378,0.1492912471294403,0.8832515478134155,0.530153751373291,0.5538145899772644,0.44733861088752747,2.9300503730773926,0.12746766209602356,0.10387977957725525,0.2163233458995819,0.27871468663215637,0.11576823890209198,0.07077687978744507,0.299968421459198,0.14953215420246124,0.06065884232521057,0.14661811292171478,0.13194967806339264,0.11866036802530289,0.23853008449077606,0.11034335941076279,0.24046103656291962,0.10037001222372055,0.052221812307834625,0.07678364962339401
AJ522,0.172413793,0.0,0.310344828,0.310344828,0.24137931,0.137931034,0.448275862,0.379310345,2.310344828,0.0,0.0,0.827586207,0.103448276,2.517241379,0.620689655,0.310344828,0.896551724,0.103448276,0.068965517,0.0,0.0,0.0,0.172413793,0.0,0.0,0.103448276,0.0,0.0,0.0,0.068965517,0.379310345,0.0,0.0,0.103448276,0.0,0.206896552,0.0,0.0,0.0,0.137931034,0.103448276,0.0,0.0,0.689655172,0.24137931,0.379310345,0.103448276,0.137931034,0.448275862,0.0,0.0,0.4382486343383789,0.27819395065307617,0.5085023641586304,0.5780994892120361,0.3512468934059143,0.17306673526763916,0.32380861043930054,0.20574155449867249,0.9941011667251587,0.14964574575424194,0.18430010974407196,0.39387816190719604,0.058925677090883255,1.2422734498977661,0.31558114290237427,0.30156639218330383,0.3644104599952698,0.1234276220202446,0.04857094585895538,0.20340856909751892,0.29401805996894836,0.05600535124540329,0.20445287227630615,0.11717011034488678,0.02057943493127823,0.16189272701740265,0.09478414058685303,0.06163858249783516,0.11121603101491928,0.18032851815223694,0.2138611227273941,0.04516350105404854,0.08738581836223602,0.17428812384605408,0.05347566306591034,0.4602110683917999,0.15575504302978516,0.04131072014570236,0.03144751489162445,0.13572202622890472,0.16532273590564728,0.2344154268503189,0.03910250589251518,0.7134410738945007,0.4442262649536133,0.3533679246902466,0.12770068645477295,0.4000336229801178,0.36063826084136963,0.1615421175956726,0.13826856017112732
AK497,0.133333333,0.066666667,0.666666667,0.233333333,0.266666667,0.1,0.533333333,0.166666667,1.5,0.133333333,0.166666667,0.066666667,0.133333333,1.333333333,0.333333333,0.133333333,0.533333333,0.0,0.0,0.166666667,0.533333333,0.0,0.533333333,0.233333333,0.0,0.133333333,0.0,0.0,0.0,0.266666667,0.433333333,0.033333333,0.0,0.466666667,0.0,0.933333333,0.2,0.0,0.0,0.033333333,0.0,0.0,0.2,0.366666667,0.233333333,0.5,0.333333333,0.2,0.233333333,0.166666667,0.266666667,0.4651956558227539,0.151116281747818,0.47824767231941223,0.08136095851659775,0.2920488715171814,0.2037244588136673,0.34346410632133484,0.2234289050102234,0.9242305755615234,0.41286057233810425,0.1526215821504593,0.21389493346214294,0.047911372035741806,1.1946780681610107,0.19823607802391052,0.2724028527736664,0.2191268801689148,0.12792176008224487,0.049258727580308914,0.2331855297088623,0.30523955821990967,0.05506818741559982,0.25835511088371277,0.08543656766414642,0.04574963077902794,0.19148260354995728,0.05893378332257271,0.0819840282201767,0.11911304295063019,0.2878708243370056,0.18426111340522766,0.03597196191549301,0.0074955071322619915,0.27716949582099915,0.03159642592072487,0.645826518535614,0.19469763338565826,0.031567614525556564,0.028715958818793297,0.09547517448663712,0.0957428365945816,0.14236022531986237,0.036489635705947876,0.2822484076023102,0.156674325466156,0.37398606538772583,0.15457843244075775,0.3039485514163971,0.21493573486804962,0.16573604941368103,0.14202827215194702
AK895,0.5,0.166666667,0.5,0.1,0.066666667,0.433333333,0.333333333,0.3,0.833333333,2.566666667,0.233333333,0.066666667,0.0,2.066666667,0.1,0.2,0.366666667,0.0,0.0,0.0,0.166666667,0.0,0.166666667,0.0,0.0,0.133333333,0.0,0.0,0.1,0.6,0.266666667,0.133333333,0.0,0.0,0.0,0.166666667,0.266666667,0.0,0.0,0.0,0.1,0.0,0.0,0.3,0.1,0.633333333,0.1,0.366666667,0.1,0.0,0.333333333,0.4512979984283447,0.05381724238395691,0.3790639638900757,0.05903644859790802,0.29816609621047974,0.11090464890003204,0.30492836236953735,0.12810644507408142,0.6949966549873352,0.18928936123847961,0.09555923938751221,0.10038570314645767,0.048443183302879333,1.3567277193069458,0.41973984241485596,0.29596880078315735,0.2202400267124176,0.13924844563007355,0.0965421199798584,0.2615116238594055,0.3553299009799957,0.0535455122590065,0.263528972864151,0.08521387726068497,0.032300692051649094,0.17229104042053223,0.06258635967969894,0.08083296567201614,0.1405620574951172,0.4047243297100067,0.1966804414987564,0.044960830360651016,0.07475020736455917,0.22706657648086548,0.033233508467674255,0.49542751908302307,0.14452514052391052,0.042508553713560104,0.03716638311743736,0.13057470321655273,0.12162164598703384,0.10718633234500885,0.05722029134631157,0.2708883285522461,0.12691277265548706,0.4042874574661255,0.15579016506671906,0.26056960225105286,0.20878148078918457,0.17043234407901764,0.12275344133377075
AL508,1.2,0.066666667,0.666666667,0.033333333,0.666666667,0.3,0.2,0.0,0.166666667,0.2,0.4,0.133333333,0.0,0.633333333,0.1,0.133333333,0.1,0.0,0.066666667,0.433333333,0.8,0.0,0.5,0.0,0.0,0.066666667,0.0,0.0,0.033333333,0.333333333,0.5,0.066666667,0.133333333,0.333333333,0.133333333,1.166666667,0.0,0.1,0.0,0.266666667,0.366666667,0.233333333,0.166666667,0.0,0.233333333,0.066666667,0.133333333,0.0,0.466666667,0.266666667,0.333333333,0.7488731145858765,0.6488338708877563,0.7504163980484009,0.15272854268550873,0.47884151339530945,0.24034978449344635,0.4313008189201355,0.19886279106140137,0.8343075513839722,0.1991681009531021,0.2275579273700714,0.25664010643959045,0.08051246404647827,0.9393278360366821,0.17147687077522278,0.1983371376991272,0.18841613829135895,0.11936241388320923,0.05324380844831467,0.3723253309726715,0.4469074010848999,0.07510075718164444,0.3150257468223572,0.10959181189537048,0.022368796169757843,0.18392179906368256,0.05397801101207733,0.08898599445819855,0.06737349182367325,0.23140893876552582,0.23335415124893188,0.05292818695306778,0.044985536485910416,0.2344210296869278,0.08130691200494766,0.49083900451660156,0.10993262380361557,0.04526503011584282,0.010048119351267815,0.1070718765258789,0.16072417795658112,0.15234974026679993,0.04046810418367386,0.1247972920536995,0.13507938385009766,0.2206621766090393,0.13607162237167358,0.2553737163543701,0.17085419595241547,0.18455927073955536,0.13032549619674683
AL541,0.6,0.0,0.733333333,1.466666667,0.633333333,0.1,0.566666667,0.0,0.533333333,0.066666667,0.066666667,0.0,0.0,1.833333333,0.5,0.466666667,0.7,0.0,0.0,0.1,0.0,0.0,0.066666667,0.0,0.133333333,0.1,0.066666667,0.0,0.066666667,0.166666667,0.3,0.0,0.0,0.4,0.0,0.8,0.166666667,0.033333333,0.1,0.133333333,0.1,0.033333333,0.233333333,0.066666667,0.533333333,0.0,0.2,0.033333333,0.066666667,0.2,0.1,0.3948056995868683,0.04086586833000183,0.3918837606906891,0.13549840450286865,0.4658823311328888,0.08411455154418945,0.29478609561920166,0.12503303587436676,0.4095117747783661,0.13424508273601532,0.14313392341136932,0.07585839927196503,0.045267749577760696,0.9248748421669006,0.29968196153640747,0.22866621613502502,0.21653327345848083,0.10503019392490387,0.06841158866882324,0.3330073952674866,0.45163217186927795,0.06319057941436768,0.3010980784893036,0.07550080865621567,0.029417632147669792,0.15791364014148712,0.05938347801566124,0.08088868111371994,0.18162712454795837,0.39219987392425537,0.25371959805488586,0.06456384807825089,0.04513859376311302,0.24167217314243317,0.07098180800676346,0.7475917339324951,0.18815548717975616,0.08216478675603867,0.03510849550366402,0.13664068281650543,0.1593802571296692,0.10761597007513046,0.12109237909317017,0.18336065113544464,0.1830804944038391,0.3498905301094055,0.14937067031860352,0.2432028353214264,0.24542050063610077,0.15721732378005981,0.12695854902267456
AL657,0.933333333,0.133333333,0.333333333,0.433333333,0.266666667,0.133333333,0.833333333,0.333333333,2.0,0.266666667,0.9,0.433333333,0.233333333,2.066666667,0.266666667,0.4,0.166666667,0.0,0.0,0.066666667,0.066666667,0.166666667,0.233333333,0.066666667,0.033333333,0.266666667,0.0,0.0,0.166666667,0.133333333,0.3,0.0,0.066666667,0.166666667,0.0,0.133333333,0.0,0.0,0.0,0.1,0.0,0.233333333,0.066666667,0.0,0.1,0.366666667,0.0,0.5,0.2,0.0,0.066666667,0.5982452630996704,0.1609402596950531,0.7926702499389648,0.593571126461029,0.6363086104393005,0.30970779061317444,0.41470101475715637,0.3517419695854187,0.48281654715538025,0.15782353281974792,0.09998769313097,0.06498399376869202,0.04525064677000046,0.8618699908256531,0.28323864936828613,0.28870901465415955,0.21835649013519287,0.11240418255329132,0.02931874617934227,0.28665897250175476,0.4568626582622528,0.06400610506534576,0.24964539706707,0.0647432953119278,0.020978299900889397,0.2082921862602234,0.02156485989689827,0.055931318551301956,0.0615253821015358,0.15909706056118011,0.2017337828874588,0.042198546230793,0.02818826213479042,0.2879042625427246,0.06060943379998207,0.7028970122337341,0.17414765059947968,0.04084242507815361,0.013772026635706425,0.038894761353731155,0.2254233956336975,0.12258539348840714,0.027606472373008728,0.11005090922117233,0.22507216036319733,0.204900860786438,0.17935116589069366,0.22872094810009003,0.31636765599250793,0.199245885014534,0.20140840113162994
AM461,0.266666667,0.0,0.9,0.1,0.666666667,0.266666667,1.7,1.3,0.4,0.2,0.233333333,0.066666667,0.1,0.733333333,0.266666667,0.233333333,0.166666667,0.033333333,0.0,0.066666667,0.233333333,0.1,0.133333333,0.066666667,0.0,0.2,0.133333333,0.0,0.0,0.2,0.033333333,0.0,0.0,0.033333333,0.0,0.233333333,0.0,0.0,0.0,0.0,0.033333333,0.0,0.3,0.1,0.0,0.0,0.0,0.266666667,0.0,0.2,0.066666667,0.3892017602920532,0.100354865193367,0.6218453645706177,0.17791374027729034,0.4124339520931244,0.2544821798801422,0.7276423573493958,0.39286696910858154,0.5484867095947266,0.17222028970718384,0.24547234177589417,0.21877047419548035,0.07661445438861847,1.0568766593933105,0.3750919699668884,0.3433026671409607,0.19936436414718628,0.14397189021110535,0.08029992133378983,0.2681781053543091,0.3665843605995178,0.058085571974515915,0.2660059332847595,0.08879097551107407,0.06663086265325546,0.14121994376182556,0.12991534173488617,0.06709884852170944,0.0560726635158062,0.25470224022865295,0.1492759883403778,0.04362403601408005,0.060239870101213455,0.28301340341567993,0.07303235679864883,0.4237988591194153,0.0829923152923584,0.03657522797584534,0.004407524596899748,0.028108319267630577,0.1220758780837059,0.1394372135400772,0.07010093331336975,0.11809949576854706,0.16902871429920197,0.2230689823627472,0.13981987535953522,0.26712194085121155,0.17557714879512787,0.1046997681260109,0.09700844436883926
AM810,0.633333333,0.0,0.266666667,0.266666667,0.4,0.6,1.233333333,0.7,0.533333333,0.2,0.1,0.066666667,0.1,1.6,0.166666667,0.6,0.0,0.066666667,0.0,0.0,0.0,0.0,0.0,0.0,0.866666667,1.233333333,0.0,0.0,0.0,0.0,0.0,0.0,0.0,0.3,0.0,0.233333333,0.0,0.0,0.0,0.0,0.0,0.0,0.133333333,0.5,0.666666667,0.2,0.2,0.066666667,0.0,0.2,0.133333333,0.24183030426502228,0.041665852069854736,0.6282945275306702,0.2549177408218384,0.5514174699783325,0.24213917553424835,0.6631471514701843,0.5638040900230408,0.19913546741008759,0.12729491293430328,0.12456250935792923,0.10080244392156601,0.0816144123673439,1.0470794439315796,0.3143041431903839,0.2597842812538147,0.22731171548366547,0.14380523562431335,0.05515952408313751,0.21103353798389435,0.22946128249168396,0.06266360729932785,0.1528879851102829,0.08930341899394989,0.08431549370288849,0.1681603044271469,0.043113142251968384,0.06947026401758194,0.04087991639971733,0.0739986002445221,0.08593281358480453,0.02670310251414776,0.0321623720228672,0.09493767470121384,0.034553516656160355,0.3755805194377899,0.09393411874771118,0.04301684722304344,-0.00401478772982955,0.022708887234330177,0.15127837657928467,0.18047405779361725,0.08706912398338318,0.4190415143966675,0.3920237720012665,0.24117007851600647,0.13767211139202118,0.2265511304140091,0.2799641788005829,0.15415431559085846,0.10503201186656952
AN087,0.8,0.0,1.5,0.1,1.466666667,0.533333333,0.266666667,0.133333333,0.433333333,0.066666667,0.0,0.133333333,0.0,0.466666667,0.1,0.166666667,0.433333333,0.2,0.366666667,0.766666667,1.466666667,0.366666667,0.7,0.166666667,0.0,0.233333333,0.0,0.1,0.0,0.2,0.166666667,0.1,0.333333333,0.1,0.066666667,0.666666667,0.0,0.0,0.0,0.0,0.366666667,0.166666667,0.033333333,0.0,0.0,0.0,0.2,0.0,0.333333333,0.133333333,0.266666667,0.542256772518158,0.21656093001365662,1.0016803741455078,0.4730979800224304,0.7559152245521545,0.566944420337677,0.4463220238685608,0.5102032423019409,0.602199137210846,0.1450645625591278,0.19518618285655975,0.15849560499191284,0.0721275731921196,1.2392929792404175,0.2593677341938019,0.22448647022247314,0.23167835175991058,0.11595559865236282,0.061853762716054916,0.25469517707824707,0.2641531825065613,0.09344706684350967,0.1602785438299179,0.038367316126823425,0.005028883460909128,0.10926678776741028,0.011723382398486137,0.05440068989992142,0.045064739882946014,0.18362849950790405,0.2023419886827469,0.08988206833600998,0.10858195275068283,0.2002471387386322,0.028498517349362373,0.49435701966285706,0.11535313725471497,0.03886038810014725,0.008280700072646141,0.03659117594361305,0.20346765220165253,0.13605354726314545,0.06251291930675507,0.2314566820859909,0.27105098962783813,0.27188774943351746,0.18193703889846802,0.24610848724842072,0.2459472119808197,0.1617947667837143,0.11586543172597885
AN565,0.733333333,0.0,1.033333333,0.233333333,1.566666667,0.466666667,0.466666667,0.1,0.3,0.166666667,0.133333333,0.0,0.0,0.966666667,0.3,0.266666667,0.1,0.266666667,0.133333333,0.0,0.333333333,0.133333333,0.0,0.0,0.0,0.466666667,0.0,0.0,0.233333333,0.333333333,0.266666667,0.0,0.0,0.366666667,0.0,0.433333333,0.0,0.0,0.0,0.0,0.633333333,0.166666667,0.1,0.3,0.166666667,0.233333333,0.0,0.133333333,0.266666667,0.266666667,0.3,0.5133856534957886,0.16384246945381165,0.6137814521789551,0.30018332600593567,0.5903222560882568,0.22604136168956757,0.5345714092254639,0.49473536014556885,0.5714889764785767,0.13963232934474945,0.21454806625843048,0.14132961630821228,0.07149259001016617,1.350814700126648,0.3305974006652832,0.3577154576778412,0.38928815722465515,0.12876363098621368,0.04299648478627205,0.2602613866329193,0.30724456906318665,0.05443689972162247,0.18431027233600616,0.09888727962970734,0.031629711389541626,0.1795140951871872,0.036009084433317184,0.06074795126914978,0.12776458263397217,0.16774486005306244,0.14101171493530273,0.03893732652068138,0.07791384309530258,0.20190851390361786,0.04784105345606804,0.6986229419708252,0.10338756442070007,0.030353011563420296,0.022514108568429947,0.08923589438199997,0.24843765795230865,0.1822621077299118,0.05324741080403328,0.22491177916526794,0.22026677429676056,0.162154421210289,0.11035948246717453,0.20470409095287323,0.3361480236053467,0.18914064764976501,0.12773475050926208
