stimulus,true_Green,true_Cucumber,true_Herbal,true_Mint,true_Woody,true_Pine,true_Floral,true_Powdery,true_Fruity,true_Citrus,true_Tropical,true_Berry,true_Peach,true_Sweet,true_Caramellic,true_Vanilla,true_BrownSpice,true_Smoky,true_Burnt,true_Roasted,true_Grainy,true_Meaty,true_Nutty,true_Fatty,true_Coconut,true_Waxy,true_Dairy,true_Buttery,true_Cheesy,true_Sour,true_Fermented,true_Sulfurous,true_Garlic.Onion,true_Earthy,true_Mushroom,true_Musty,true_Ammonia,true_Fishy,true_Fecal,true_Rotten.Decay,true_Rubber,true_Phenolic,true_Animal,true_Medicinal,true_Cooling,true_Sharp,true_Chlorine,true_Alcoholic,true_Plastic,true_Ozone,true_Metallic,pred_Green,pred_Cucumber,pred_Herbal,pred_Mint,pred_Woody,pred_Pine,pred_Floral,pred_Powdery,pred_Fruity,pred_Citrus,pred_Tropical,pred_Berry,pred_Peach,pred_Sweet,pred_Caramellic,pred_Vanilla,pred_BrownSpice,pred_Smoky,pred_Burnt,pred_Roasted,pred_Grainy,pred_Meaty,pred_Nutty,pred_Fatty,pred_Coconut,pred_Waxy,pred_Dairy,pred_Buttery,pred_Cheesy,pred_Sour,pred_Fermented,pred_Sulfurous,pred_Garlic.Onion,pred_Earthy,pred_Mushroom,pred_Musty,pred_Ammonia,pred_Fishy,pred_Fecal,pred_Rotten.Decay,pred_Rubber,pred_Phenolic,pred_Animal,pred_Medicinal,pred_Cooling,pred_Sharp,pred_Chlorine,pred_Alcoholic,pred_Plastic,pred_Ozone,pred_Metallic
AA085,0.076923077,0.0,0.692307692,0.730769231,0.0,0.0,0.153846154,0.0,0.153846154,0.038461538,0.076923077,0.0,0.0,0.384615385,0.0,0.0,0.0,0.153846154,0.0,0.192307692,0.0,0.0,0.0,0.192307692,0.0,0.153846154,0.0,0.0,0.0,0.0,0.038461538,0.0,0.0,0.115384615,0.0,0.038461538,0.5,0.0,0.0,0.192307692,0.038461538,0.153846154,0.0,2.346153846,2.346153846,0.923076923,0.076923077,0.692307692,0.0,0.115384615,0.0,0.20584173500537872,0.11525159329175949,0.649333119392395,0.6298679113388062,0.1562027633190155,0.20787128806114197,0.28582054376602173,0.3903944492340088,0.46430349349975586,0.25296735763549805,0.2918343245983124,0.22928857803344727,0.0716637521982193,1.1928277015686035,0.2600090503692627,0.2775009870529175,0.16968347132205963,0.15136989951133728,0.10426799952983856,0.15480701625347137,0.10071469843387604,0.17455947399139404,0.2349754124879837,0.05423690006136894,0.060844581574201584,0.15869516134262085,0.029059305787086487,0.043657463043928146,0.08558597415685654,0.26394757628440857,0.19287057220935822,0.05291026830673218,0.17049504816532135,0.10822712630033493,0.0687449723482132,0.4330255389213562,0.24192140996456146,0.1726180762052536,0.036037836223840714,0.17247772216796875,0.15698260068893433,0.1468982845544815,0.14119581878185272,0.3038499355316162,0.6084239482879639,0.40455976128578186,0.1586499959230423,0.485685795545578,0.21356508135795593,0.17673511803150177,0.11442108452320099
AA175,0.0,0.038461538,0.230769231,0.115384615,0.153846154,0.0,1.076923077,0.307692308,0.846153846,0.0,0.0,0.153846154,0.115384615,0.692307692,0.038461538,0.0,0.0,0.0,0.0,0.0,0.0,0.0,0.0,0.0,0.076923077,0.153846154,0.461538462,0.0,0.0,0.0,0.076923077,0.0,0.115384615,0.0,0.0,0.230769231,0.076923077,0.0,0.0,0.0,0.115384615,0.5,0.115384615,0.384615385,0.538461538,0.230769231,0.269230769,0.538461538,0.423076923,0.153846154,0.0,0.2733760178089142,0.6579325795173645,0.4861874282360077,0.46415525674819946,0.3720552623271942,0.20374120771884918,0.8428114056587219,0.4922381341457367,0.5229852199554443,0.25035205483436584,0.2653748691082001,0.2191699743270874,0.060989487916231155,1.110154628753662,0.18291300535202026,0.23454998433589935,0.4654822051525116,0.20746120810508728,0.16970686614513397,0.21155768632888794,0.3089993894100189,0.2004735767841339,0.2817913591861725,0.08900000900030136,0.07416710257530212,0.15307745337486267,0.04433019459247589,0.0575060211122036,0.13519015908241272,0.37909385561943054,0.15851809084415436,0.04967787489295006,0.22569642961025238,0.11328195035457611,0.061381712555885315,0.3286841809749603,0.12251980602741241,0.09959323704242706,0.032265108078718185,0.10748808830976486,0.2803786098957062,0.2925608158111572,0.1666538268327713,0.20430129766464233,0.34527695178985596,0.19485247135162354,0.14250709116458893,0.37007758021354675,0.1923730969429016,0.14072148501873016,0.07947676628828049
AA212,0.0,0.0,0.0,0.153846154,0.0,0.0,1.038461538,0.615384615,0.192307692,0.346153846,0.038461538,0.076923077,0.0,0.769230769,0.0,0.192307692,0.0,0.076923077,0.038461538,0.0,0.0,0.0,0.0,0.0,0.153846154,0.0,0.346153846,0.076923077,0.0,0.269230769,0.0,0.0,0.0,0.0,0.0,0.115384615,0.0,0.0,0.0,0.0,0.0,0.192307692,0.0,0.576923077,0.307692308,0.423076923,0.038461538,0.230769231,0.346153846,0.269230769,0.076923077,0.2733760178089142,0.6579325795173645,0.4861874282360077,0.46415525674819946,0.3720552623271942,0.20374120771884918,0.8428114056587219,0.4922381341457367,0.5229852199554443,0.25035205483436584,0.2653748691082001,0.2191699743270874,0.060989487916231155,1.110154628753662,0.18291300535202026,0.23454998433589935,0.4654822051525116,0.20746120810508728,0.16970686614513397,0.21155768632888794,0.3089993894100189,0.2004735767841339,0.2817913591861725,0.08900000900030136,0.07416710257530212,0.15307745337486267,0.04433019459247589,0.0575060211122036,0.13519015908241272,0.37909385561943054,0.15851809084415436,0.04967787489295006,0.22569642961025238,0.11328195035457611,0.061381712555885315,0.3286841809749603,0.12251980602741241,0.09959323704242706,0.032265108078718185,0.10748808830976486,0.2803786098957062,0.2925608158111572,0.1666538268327713,0.20430129766464233,0.34527695178985596,0.19485247135162354,0.14250709116458893,0.37007758021354675,0.1923730969429016,0.14072148501873016,0.07947676628828049
AA385,0.346153846,0.0,0.346153846,0.269230769,0.269230769,0.230769231,0.0,0.384615385,0.346153846,0.0,0.0,0.0,0.192307692,0.807692308,0.461538462,0.0,0.115384615,0.192307692,0.192307692,0.307692308,0.192307692,0.153846154,0.192307692,1.038461538,0.153846154,1.076923077,0.269230769,1.038461538,0.0,0.0,0.0,0.0,0.0,0.076923077,0.192307692,0.153846154,0.0,0.0,0.0,0.0,0.115384615,0.0,0.0,0.0,0.153846154,0.0,0.0,0.076923077,0.115384615,0.0,0.0,0.17944999039173126,0.014461834914982319,0.20869001746177673,0.29366931319236755,0.11300436407327652,0.02791043184697628,0.2943384349346161,0.49754250049591064,0.33510178327560425,0.08899662643671036,0.12979814410209656,0.14271992444992065,0.08932947367429733,1.3469305038452148,0.32250556349754333,0.26414698362350464,0.08623480051755905,0.41231295466423035,0.03981731832027435,0.13269464671611786,0.04173934459686279,0.0776636004447937,0.20935562252998352,0.22649197280406952,0.20910435914993286,0.7143343687057495,0.15017350018024445,1.125529408454895,0.34425923228263855,0.14107480645179749,0.061348333954811096,0.07433227449655533,0.04955346882343292,0.14980779588222504,0.0713568925857544,0.1326666623353958,0.10153909772634506,0.007502133026719093,0.03491156920790672,0.007173728197813034,0.11827640235424042,0.12310243397951126,0.05521639436483383,0.12851721048355103,0.13128212094306946,0.09683267027139664,0.05699115991592407,0.12410455197095871,0.0627322718501091,0.06510894745588303,0.029721437022089958
AA476,0.0,0.0,0.115384615,0.0,0.192307692,0.0,0.0,0.192307692,0.153846154,0.0,0.0,0.0,0.038461538,0.807692308,0.115384615,0.038461538,0.0,0.269230769,0.153846154,0.5,0.461538462,0.5,0.538461538,0.615384615,0.192307692,0.115384615,0.884615385,0.5,1.230769231,0.230769231,0.115384615,0.192307692,0.615384615,0.307692308,0.153846154,0.0,0.076923077,0.730769231,0.0,0.230769231,0.0,0.038461538,0.192307692,0.076923077,0.076923077,0.0,0.0,0.0,0.0,0.038461538,0.0,0.17210109531879425,0.10696495324373245,0.26739102602005005,0.1258232444524765,0.28830376267433167,0.047078587114810944,0.12824122607707977,0.18409545719623566,0.3250080645084381,0.09462568163871765,0.12259621918201447,0.13632430136203766,0.07498839497566223,0.6520917415618896,0.41941848397254944,0.30138710141181946,0.18123239278793335,0.13244061172008514,0.21188712120056152,0.3827439248561859,0.4678884446620941,0.21928346157073975,0.2871174216270447,0.5478648543357849,0.1807001680135727,0.17004723846912384,0.5904543399810791,0.27151161432266235,1.1631088256835938,0.28014957904815674,0.15660172700881958,0.6522282958030701,0.44858601689338684,0.1828182339668274,0.16778506338596344,0.40413984656333923,0.1408563256263733,0.32580050826072693,0.09830228984355927,1.0209990739822388,0.16807544231414795,0.1564730405807495,0.12553709745407104,0.20134012401103973,0.3650919497013092,0.23324398696422577,0.12475615739822388,0.521619975566864,0.21281108260154724,0.07855082303285599,0.07417190819978714
AA649,0.0,0.0,0.0,0.0,0.0,0.115384615,0.307692308,0.269230769,0.153846154,0.0,0.0,0.0,0.0,0.576923077,0.0,0.0,0.115384615,0.076923077,0.846153846,0.384615385,0.730769231,0.115384615,0.576923077,0.346153846,0.0,0.192307692,0.0,0.0,0.153846154,0.0,0.192307692,0.653846154,0.384615385,0.461538462,0.192307692,0.0,0.5,0.0,0.0,0.0,0.0,0.423076923,0.692307692,0.076923077,0.0,0.153846154,0.0,0.0,0.0,0.0,0.0,0.12241559475660324,0.03149941563606262,0.12482612580060959,0.0002873808844015002,0.021954992786049843,0.03293212875723839,0.4891189932823181,0.3984334468841553,0.18297696113586426,0.15680116415023804,0.115903340280056,0.11690650880336761,0.06982304900884628,0.5858665704727173,0.07516233623027802,0.11461664736270905,0.044950734823942184,0.38053011894226074,0.7165780067443848,0.568897545337677,0.1838330328464508,0.12383898347616196,0.20510073006153107,0.015641994774341583,0.04342672973871231,0.12717993557453156,0.018193207681179047,0.01861233450472355,0.1956612765789032,0.1531955897808075,0.1382245123386383,0.2688884437084198,0.1951008141040802,0.2219686657190323,0.28234559297561646,0.010666809976100922,0.23690062761306763,0.1526305079460144,0.010913998819887638,0.515312671661377,0.16243954002857208,0.46979179978370667,0.6343231201171875,0.09397570043802261,0.06909459084272385,0.34396806359291077,0.15427668392658234,0.010852126404643059,0.4144655764102936,0.09198222309350967,0.03398245945572853
AA893,0.461538462,0.0,0.461538462,0.269230769,0.0,0.307692308,0.653846154,0.0,0.769230769,0.192307692,0.5,0.692307692,0.269230769,0.5,0.0,0.0,0.0,0.153846154,0.0,0.038461538,0.192307692,0.0,0.0,0.0,0.0,0.0,0.0,0.0,0.038461538,0.0,0.192307692,0.153846154,1.576923077,0.0,0.0,0.0,0.269230769,0.384615385,0.076923077,0.192307692,0.153846154,0.192307692,0.076923077,0.423076923,0.384615385,0.923076923,0.0,0.192307692,0.115384615,0.0,0.115384615,0.30871111154556274,0.22458013892173767,0.35156384110450745,0.567346453666687,0.1678779274225235,0.17570148408412933,0.19526256620883942,0.15287895500659943,0.3828842341899872,0.12612004578113556,0.19495777785778046,0.17128108441829681,0.07028800994157791,0.39947935938835144,0.10352013260126114,0.13819977641105652,0.1521218866109848,0.2458997517824173,0.09251689165830612,0.4212016761302948,0.19144611060619354,0.364957720041275,0.2182248830795288,0.1199798509478569,0.05484940856695175,0.160334512591362,0.07892228662967682,0.15189799666404724,0.2877109944820404,0.3277655243873596,0.2474835366010666,0.2670615613460541,2.2074761390686035,0.09161362051963806,0.07337859272956848,0.1759374886751175,0.11026564985513687,0.022916050627827644,0.03194431588053703,0.11133993417024612,0.11298345029354095,0.09708458930253983,0.08165886998176575,0.17912378907203674,0.37575286626815796,0.30144309997558594,0.10676484555006027,0.2457817941904068,0.18534664809703827,0.11360085755586624,0.09924107044935226
AB019,0.222222222,0.0,0.277777778,0.0,0.166666667,0.0,0.277777778,0.111111111,0.0,0.0,0.0,0.0,0.0,0.944444444,0.388888889,0.555555556,0.166666667,0.222222222,0.222222222,0.0,0.0,0.0,0.277777778,0.333333333,0.333333333,0.111111111,1.222222222,0.277777778,1.166666667,1.111111111,0.222222222,0.055555556,0.222222222,0.222222222,0.0,0.5,0.0,0.0,0.0,1.722222222,0.0,0.0,0.222222222,0.111111111,0.055555556,0.0,0.0,0.0,0.166666667,0.0,0.0,0.17877502739429474,0.011912417598068714,0.21187366545200348,0.14988161623477936,0.2802780568599701,0.0562310591340065,0.2514640688896179,0.22956983745098114,0.35011225938796997,0.15153954923152924,0.1368200182914734,0.1638375073671341,0.08806858956813812,0.7288203239440918,0.4243042469024658,0.29140281677246094,0.22116678953170776,0.11611481755971909,0.10653147101402283,0.24600382149219513,0.16930167376995087,0.060577891767024994,0.2669769823551178,0.1965063065290451,0.18677999079227448,0.2665870487689972,0.9585646986961365,0.3951663672924042,1.3451231718063354,0.4722598195075989,0.25250759720802307,0.2918546795845032,0.11321236193180084,0.17010782659053802,0.08381182700395584,0.4720652401447296,0.15474367141723633,0.11336537450551987,0.2581109404563904,0.8538435101509094,0.12465322762727737,0.1823873370885849,0.1917998045682907,0.24836836755275726,0.2511948347091675,0.3034323453903198,0.11219698190689087,0.46970850229263306,0.16358433663845062,0.07774408161640167,0.07087861746549606
AB586,0.222222222,3.333333333,0.388888889,0.222222222,0.444444444,0.0,0.166666667,0.111111111,0.5,0.0,0.166666667,0.0,0.0,0.5,0.722222222,0.166666667,0.111111111,0.166666667,0.444444444,0.0,0.0,0.0,0.0,0.0,0.111111111,0.388888889,0.0,0.0,0.0,0.0,0.0,0.166666667,0.0,0.0,0.0,0.222222222,0.0,0.0,0.0,0.0,0.0,0.0,0.0,0.0,0.388888889,0.0,0.0,0.0,0.0,0.0,0.055555556,0.496383398771286,1.973392128944397,0.4370613992214203,0.2865772247314453,0.32112181186676025,0.12063363939523697,0.3916541337966919,0.2892090976238251,0.4676820933818817,0.1575738936662674,0.18181297183036804,0.14424514770507812,0.06891904026269913,0.9881280660629272,0.3541797399520874,0.20691053569316864,0.13817478716373444,0.07365144789218903,0.06343358010053635,0.08349339663982391,0.30044806003570557,0.012273792177438736,0.2146771103143692,0.16203753650188446,0.1365845799446106,0.3590888977050781,0.055158380419015884,0.05978431925177574,0.04802744835615158,0.11422903835773468,0.06628696620464325,0.053645502775907516,0.00844221469014883,0.12689663469791412,0.0594075471162796,0.2895910441875458,0.09406984597444534,0.007924406789243221,0.01874115690588951,0.016012897714972496,0.1324215531349182,0.15772239863872528,0.01927635818719864,0.27762365341186523,0.36772310733795166,0.19115081429481506,0.1398494839668274,0.25210216641426086,0.20055937767028809,0.185052290558815,0.05746166408061981
AB841,0.0,0.0,0.222222222,3.277777778,0.555555556,0.0,0.277777778,0.944444444,0.333333333,0.0,0.0,0.166666667,0.0,1.555555556,0.277777778,0.722222222,0.444444444,0.944444444,0.777777778,0.055555556,0.0,0.222222222,0.0,0.0,0.0,0.0,0.0,0.0,0.0,0.166666667,0.0,0.0,0.0,0.0,0.0,0.111111111,0.0,0.0,0.0,0.0,0.222222222,0.0,0.0,0.0,0.666666667,0.222222222,0.0,0.0,0.0,0.166666667,0.0,0.2817797064781189,0.17854416370391846,0.3704369366168976,2.9241843223571777,0.39996856451034546,0.255905419588089,0.28404250741004944,0.3406619131565094,0.2941581606864929,0.12281858921051025,0.13887014985084534,0.15988659858703613,0.07118169218301773,1.070721983909607,0.19063712656497955,0.24697689712047577,0.15204064548015594,0.2804428040981293,0.06392984092235565,0.273470014333725,0.17762164771556854,0.17291884124279022,0.21322698891162872,0.13591769337654114,0.10116366297006607,0.12682519853115082,0.07163433730602264,0.2531633973121643,0.3067586123943329,0.11708052456378937,0.17277777194976807,0.12444541603326797,0.13269858062267303,0.1506965607404709,0.07685895264148712,0.2595425546169281,0.12080128490924835,0.19866830110549927,0.05879586189985275,0.4541836082935333,0.09503389894962311,0.16473117470741272,0.08893441408872604,0.9848933815956116,1.3441541194915771,0.1956799477338791,0.13236351311206818,0.15273748338222504,0.08362924307584763,0.14546895027160645,0.04549635946750641
AB873,0.0,0.0,1.055555556,0.055555556,1.277777778,0.555555556,0.0,0.444444444,0.0,0.055555556,0.0,0.0,0.0,0.0,0.0,0.222222222,0.166666667,1.0,0.277777778,0.166666667,0.0,0.0,0.0,0.0,0.0,0.111111111,0.0,0.0,0.0,0.111111111,0.0,0.0,0.0,0.0,0.0,1.055555556,0.055555556,0.0,0.0,0.0,1.0,1.055555556,0.222222222,0.166666667,0.611111111,0.222222222,0.0,0.0,0.722222222,0.0,0.111111111,0.3143790364265442,0.02910894714295864,0.7640777230262756,0.6880738139152527,0.5693621635437012,0.30626824498176575,0.2025390863418579,0.3709580898284912,0.2296597957611084,0.09830308705568314,0.11864593625068665,0.11770401149988174,0.05666648596525192,0.6920332908630371,0.2202208936214447,0.1690165251493454,0.08162633329629898,0.46860963106155396,0.18308472633361816,0.22330579161643982,0.12788836658000946,0.13023127615451813,0.21213071048259735,0.07490067929029465,0.04848669841885567,0.12663964927196503,0.016768140718340874,0.03294062614440918,0.08499260991811752,0.1270742118358612,0.1521293967962265,0.08418969064950943,0.2441578358411789,0.16043893992900848,0.05727698653936386,0.40591737627983093,0.12423902004957199,0.07552039623260498,0.022637173533439636,0.20349518954753876,0.3616445064544678,0.23646476864814758,0.09471938014030457,0.7917784452438354,0.9103206396102905,0.21858328580856323,0.12954486906528473,0.15501493215560913,0.16608545184135437,0.13163572549819946,0.05931854248046875
AB935,0.0,0.0,0.222222222,0.0,0.111111111,0.111111111,0.0,0.166666667,0.0,0.0,0.0,0.0,0.055555556,0.333333333,0.0,0.111111111,0.333333333,2.222222222,0.0,0.944444444,0.388888889,1.777777778,0.0,0.0,0.0,0.0,0.0,0.0,0.111111111,0.166666667,0.166666667,0.388888889,2.722222222,0.111111111,0.0,0.166666667,0.111111111,0.0,0.0,0.0,0.222222222,0.277777778,0.0,0.0,0.111111111,0.0,0.0,0.0,0.0,0.0,0.166666667,0.26256000995635986,0.05891517177224159,0.3590540587902069,0.26973190903663635,0.2561674416065216,0.07884404063224792,0.22750121355056763,0.2476748824119568,0.4442426860332489,0.09686461836099625,0.14413341879844666,0.1067604199051857,0.06739134341478348,0.5537135601043701,0.2549513876438141,0.18804392218589783,0.27247583866119385,0.5481606721878052,0.2593483626842499,0.5155414342880249,0.3026411533355713,0.5826084017753601,0.25334930419921875,0.20630887150764465,0.08775146305561066,0.16002541780471802,0.17407886683940887,0.6391724348068237,0.3725229799747467,0.31712502241134644,0.2664221525192261,0.4276985824108124,1.9540590047836304,0.1896830052137375,0.11676645278930664,0.3527144193649292,0.13890866935253143,0.10325441509485245,0.033001504838466644,0.2503461241722107,0.16700440645217896,0.16898946464061737,0.10638696700334549,0.13234888017177582,0.1596418172121048,0.18123942613601685,0.05886213481426239,0.1413864940404892,0.151822030544281,0.15557685494422913,0.09171539545059204
AB992,0.333333333,3.944444444,0.222222222,0.111111111,0.166666667,0.0,0.0,0.0,0.555555556,0.0,0.111111111,0.0,0.0,0.666666667,0.0,0.0,0.0,0.055555556,0.0,0.0,0.0,0.0,0.0,0.0,0.0,0.055555556,0.0,0.0,0.0,0.0,0.0,0.0,0.222222222,0.0,0.111111111,0.222222222,0.0,0.0,0.0,0.0,0.0,0.0,0.0,0.0,0.5,0.0,0.0,0.111111111,0.055555556,0.055555556,0.0,0.3846823275089264,0.7506834864616394,0.28055885434150696,0.10600689798593521,0.21352936327457428,0.12295430153608322,0.2084333300590515,0.24663560092449188,0.5478965640068054,0.16970589756965637,0.22351816296577454,0.23292675614356995,0.08691263198852539,0.898112952709198,0.17109151184558868,0.19700323045253754,0.17293746769428253,0.06570187211036682,0.15941809117794037,0.2545415461063385,0.259664922952652,0.11459746211767197,0.21514075994491577,0.22100096940994263,0.04900960251688957,0.20248915255069733,0.2924579083919525,0.07208289206027985,0.1700841784477234,0.22635433077812195,0.10856401920318604,0.18644294142723083,0.2690183222293854,0.1228368878364563,0.06294217705726624,0.1358409821987152,0.08645128458738327,0.06862445920705795,0.030307527631521225,0.2892417907714844,0.07889965176582336,0.07476819306612015,0.05467973276972771,0.19078201055526733,0.19686438143253326,0.15086427330970764,0.1274261772632599,0.04508547484874725,0.1359543651342392,0.14688049256801605,0.08673740178346634
AC024,1.666666667,0.407407407,1.407407407,0.0,0.555555556,0.407407407,0.148148148,0.037037037,0.0,0.074074074,0.0,0.0,0.0,0.111111111,0.0,0.0,0.259259259,0.407407407,0.148148148,0.259259259,0.444444444,0.185185185,0.074074074,0.259259259,0.0,0.037037037,0.0,0.0,0.0,0.481481481,0.148148148,0.148148148,0.0,0.222222222,0.037037037,0.0,0.074074074,0.0,0.0,0.148148148,0.0,0.037037037,0.0,0.0,0.0,0.296296296,0.37037037,0.074074074,0.037037037,0.111111111,0.111111111,1.310531497001648,0.4727622866630554,1.1790471076965332,0.09138549864292145,0.3636022210121155,0.26018205285072327,0.39640533924102783,0.1837584376335144,0.3608490526676178,0.16577491164207458,0.15076012909412384,0.15157131850719452,0.0613379143178463,0.6154133677482605,0.2170480340719223,0.23750922083854675,0.45571503043174744,0.6307597160339355,0.2556767761707306,0.24445302784442902,0.3171749711036682,0.24777227640151978,0.24746231734752655,0.12729592621326447,0.08723525702953339,0.17044205963611603,0.07134190201759338,0.029066137969493866,0.040000855922698975,0.16524729132652283,0.24046765267848969,0.1142209842801094,0.09192309528589249,0.23085807263851166,0.09914476424455643,0.4185838997364044,0.12909337878227234,0.0069291479885578156,0.012099689804017544,0.08974292129278183,0.13524670898914337,0.16820934414863586,0.07941064238548279,0.21439580619335175,0.13083015382289886,0.3193202316761017,0.1795199066400528,0.1962127983570099,0.21588082611560822,0.1465207040309906,0.06295758485794067
AC478,0.321428571,0.035714286,0.071428571,0.0,0.0,0.0,0.035714286,0.0,0.035714286,0.25,0.0,0.0,0.0,0.107142857,0.357142857,0.357142857,0.0,0.035714286,0.142857143,2.0,2.5,0.214285714,1.25,0.321428571,0.071428571,0.0,0.0,0.357142857,0.107142857,0.0,0.357142857,0.142857143,0.142857143,0.0,0.892857143,0.107142857,0.178571429,0.107142857,0.0,0.071428571,0.0,0.0,0.071428571,0.0,0.071428571,0.25,0.0,0.25,0.0,0.0,0.0,1.1593769788742065,0.6354642510414124,0.4722965359687805,0.09512454271316528,0.29100650548934937,0.20454898476600647,0.32850730419158936,0.15572711825370789,0.39115169644355774,0.15346196293830872,0.17462307214736938,0.15756015479564667,0.06451316922903061,0.4532976746559143,0.18165701627731323,0.1843624711036682,0.19415438175201416,0.2115553468465805,0.17823024094104767,0.754607081413269,0.6243974566459656,0.3016549050807953,0.2340952455997467,0.22334203124046326,0.06507876515388489,0.1720271110534668,0.1383609175682068,0.12369271367788315,0.2532317638397217,0.23299811780452728,0.3363860547542572,0.18239788711071014,0.18948714435100555,0.24552534520626068,0.14413699507713318,0.40147557854652405,0.12000269442796707,0.28157109022140503,0.06155781447887421,0.3871327340602875,0.12868712842464447,0.14682431519031525,0.10857699066400528,0.2038751095533371,0.06527573615312576,0.2532835900783539,0.1403151899576187,0.16512571275234222,0.21136903762817383,0.0950276106595993,0.08882255852222443
AC712,1.25,0.607142857,1.964285714,0.107142857,0.25,0.214285714,0.214285714,0.0,0.071428571,0.0,0.0,0.0,0.0,0.285714286,0.0,0.035714286,0.25,0.25,0.071428571,0.392857143,0.107142857,0.392857143,0.0,0.0,0.0,0.0,0.035714286,0.0,0.035714286,0.107142857,0.571428571,0.464285714,0.214285714,0.428571429,0.178571429,0.0,0.0,0.0,0.0,0.142857143,0.0,0.0,0.0,0.107142857,0.0,0.392857143,0.178571429,0.0,0.142857143,0.107142857,0.035714286,1.2337427139282227,0.5153160691261292,0.8015871047973633,0.3367544710636139,0.253511518239975,0.2427724450826645,0.25172072649002075,0.23359769582748413,0.4779210090637207,0.24162892997264862,0.20469316840171814,0.1473885029554367,0.0890786275267601,0.8899869918823242,0.1586361825466156,0.24025672674179077,0.30893999338150024,0.3623025119304657,0.11713328212499619,0.5829810500144958,0.284176230430603,0.3263823688030243,0.21210210025310516,0.11947505921125412,0.046903111040592194,0.10727371275424957,0.03751104325056076,0.133465975522995,0.10400660336017609,0.3898144066333771,0.42670533061027527,0.1743539422750473,0.313459187746048,0.15748998522758484,0.10980220884084702,0.3173794448375702,0.11305687576532364,0.010757045820355415,0.015578332357108593,0.17000360786914825,0.068449966609478,0.09714324027299881,0.11107178777456284,0.2145330160856247,0.2096167802810669,0.21990111470222473,0.12277811765670776,0.16680462658405304,0.17523115873336792,0.13987351953983307,0.10904393345117569
AC933,0.071428571,0.0,0.821428571,0.392857143,0.214285714,0.785714286,0.321428571,0.107142857,0.464285714,0.071428571,0.0,0.321428571,0.0,0.5,0.0,0.0,0.0,0.0,0.142857143,0.107142857,0.071428571,0.0,0.0,0.0,0.0,0.178571429,0.0,0.0,0.0,0.035714286,0.178571429,0.0,0.0,0.107142857,0.0,0.75,0.321428571,0.0,0.0,0.0,0.0,0.25,0.0,1.321428571,1.142857143,0.642857143,0.428571429,0.392857143,0.107142857,0.214285714,0.178571429,0.40753892064094543,0.18573792278766632,0.5308454632759094,1.362023115158081,0.35551440715789795,0.37544378638267517,0.5829263925552368,0.4190117418766022,0.5640527009963989,0.1554916799068451,0.21565881371498108,0.24122370779514313,0.09760010242462158,0.922442615032196,0.3415742814540863,0.31482553482055664,0.29341456294059753,0.06184058636426926,0.09521593153476715,0.2080511748790741,0.39981845021247864,0.08407052606344223,0.22377894818782806,0.11449843645095825,0.07344718277454376,0.21871931850910187,0.10857997089624405,0.09667309373617172,0.2166324108839035,0.2500241696834564,0.21080107986927032,0.15485695004463196,0.19520534574985504,0.16129787266254425,0.11747940629720688,0.4731545150279999,0.21950839459896088,0.18950960040092468,0.0917101725935936,0.4842614531517029,0.18800441920757294,0.19772814214229584,0.16340911388397217,0.400626003742218,0.4873692989349365,0.26735955476760864,0.15225717425346375,0.4415099322795868,0.21672844886779785,0.16599887609481812,0.13710585236549377
AD120,0.0,0.0,0.0,0.0,0.133333333,0.0,0.0,0.0,0.0,0.0,0.0,0.0,0.0,0.666666667,0.333333333,0.466666667,0.4,1.866666667,1.333333333,1.466666667,0.666666667,0.333333333,0.666666667,0.0,0.066666667,0.2,0.0,0.2,0.0,0.133333333,0.2,0.066666667,0.466666667,0.4,0.266666667,0.533333333,0.133333333,0.266666667,0.0,0.133333333,0.2,0.266666667,0.4,0.0,0.0,0.0,0.0,0.0,0.066666667,0.333333333,0.0,0.2781318128108978,0.07439620047807693,0.33795809745788574,0.3197774589061737,0.3692489564418793,0.15094751119613647,0.265443354845047,0.28262409567832947,0.21669606864452362,0.12262459844350815,0.12796257436275482,0.14666308462619781,0.05895945429801941,0.8092120289802551,0.3416650593280792,0.22663463652133942,0.34134578704833984,0.8420537114143372,0.7283251285552979,1.0482789278030396,0.6271370053291321,0.5295023918151855,0.28765958547592163,0.13943295180797577,0.05766788870096207,0.16250570118427277,0.018830403685569763,0.14858165383338928,0.14181526005268097,0.24923212826251984,0.24550768733024597,0.34013310074806213,0.5945912003517151,0.3343738913536072,0.21004915237426758,0.41245779395103455,0.2684141993522644,0.07810468226671219,0.05755883827805519,0.25035107135772705,0.4824807643890381,0.4497068524360657,0.309495747089386,0.47091519832611084,0.4127309024333954,0.4892916977405548,0.2675127387046814,0.40221765637397766,0.28965723514556885,0.3319516181945801,0.09797242283821106
AD222,0.2,0.0,0.2,0.0,0.2,0.0,0.0,0.0,0.066666667,0.0,0.0,0.0,0.0,0.0,0.0,0.0,0.0,0.2,0.933333333,1.666666667,0.466666667,1.466666667,0.6,0.0,0.0,0.0,0.0,0.2,0.0,0.133333333,0.133333333,0.866666667,1.133333333,0.6,0.0,0.266666667,0.0,0.333333333,0.0,0.533333333,0.133333333,0.0,0.4,0.0,0.0,0.0,0.0,0.0,0.0,0.0,0.0,0.39236992597579956,0.09368803352117538,0.24326957762241364,0.09777271747589111,0.24667304754257202,0.11351659148931503,0.22577069699764252,0.16188234090805054,0.332055926322937,0.16707462072372437,0.16057850420475006,0.1565253734588623,0.08593054860830307,0.6179917454719543,0.23887810111045837,0.18383704125881195,0.11453352123498917,0.3252924382686615,0.39533278346061707,0.913431704044342,0.768172562122345,0.3741697669029236,0.2573023736476898,0.11127550899982452,0.05868074670433998,0.41117072105407715,0.25688841938972473,0.13587968051433563,0.3105897903442383,0.340191513299942,0.30235299468040466,0.6304032206535339,0.5605477094650269,0.28823208808898926,0.17749877274036407,0.2912057340145111,0.2091691792011261,0.14178773760795593,0.07498864829540253,0.27271583676338196,0.30169934034347534,0.09851472079753876,0.5025084018707275,0.15172098577022552,0.17775793373584747,0.29227444529533386,0.10135454684495926,0.2313714474439621,0.1821020543575287,0.1445639431476593,0.08443780988454819
AD254,0.666666667,1.866666667,0.266666667,0.066666667,0.8,0.333333333,0.2,0.866666667,0.2,0.0,0.2,0.0,0.133333333,1.2,0.2,0.466666667,0.6,0.866666667,0.066666667,0.0,0.133333333,0.0,0.0,0.0,0.0,0.066666667,0.0,0.0,0.0,0.0,0.0,0.0,0.0,0.0,0.0,0.0,0.266666667,0.0,0.0,0.0,0.0,0.266666667,0.0,0.266666667,0.333333333,0.133333333,0.0,0.133333333,0.0,0.666666667,0.0,0.6389047503471375,3.19404673576355,0.4309352934360504,0.5503722429275513,0.307219922542572,0.1735827475786209,0.3323011100292206,0.2928011417388916,0.3562566936016083,0.17264442145824432,0.16381344199180603,0.13799214363098145,0.0712931901216507,1.0749269723892212,0.14649595320224762,0.2642746865749359,0.2651289701461792,0.6793745756149292,0.2238716036081314,0.6123467087745667,0.22738517820835114,0.2784145772457123,0.2311525046825409,0.38433438539505005,0.04515086114406586,0.13707882165908813,0.01411670446395874,0.027116598561406136,0.030689891427755356,0.1863468885421753,0.12168117612600327,0.13485853374004364,0.13657119870185852,0.2121564745903015,0.0688253715634346,0.22778765857219696,0.17581965029239655,0.14637596905231476,0.02399318851530552,0.06025207042694092,0.18923471868038177,0.23261728882789612,0.09556927531957626,0.17515164613723755,0.29915234446525574,0.2057376354932785,0.15386874973773956,0.5277066826820374,0.18770664930343628,0.36254456639289856,0.06469739973545074
AD718,0.0,0.133333333,0.466666667,0.2,0.266666667,0.266666667,0.0,0.466666667,0.4,0.0,0.0,0.4,0.0,1.0,0.0,0.133333333,0.0,0.0,0.0,0.2,0.2,0.266666667,0.0,0.066666667,0.0,0.0,0.133333333,0.0,0.0,0.0,0.0,0.0,0.8,0.333333333,0.133333333,0.266666667,0.0,0.066666667,0.0,0.133333333,0.0,0.866666667,0.133333333,0.4,0.133333333,0.533333333,0.4,1.466666667,0.333333333,0.2,0.066666667,0.5074484348297119,0.6024345755577087,0.3539380729198456,0.1810096651315689,0.25797513127326965,0.14120756089687347,0.2848324775695801,0.16420355439186096,0.5537697672843933,0.35784563422203064,0.15630130469799042,0.1809740513563156,0.07539413869380951,0.6993684768676758,0.18453502655029297,0.15597830712795258,0.2129909098148346,0.14518597722053528,0.1810285598039627,0.26138684153556824,0.20362897217273712,0.33909374475479126,0.23066483438014984,0.2607576847076416,0.11935844272375107,0.266104131937027,0.288223534822464,0.1429777890443802,0.12392004579305649,0.30405932664871216,0.2434215247631073,0.18995074927806854,0.728107750415802,0.21821387112140656,0.31281962990760803,0.4558308720588684,0.19722844660282135,0.07582533359527588,0.0575830340385437,0.2288673222064972,0.3156491219997406,0.1477135568857193,0.10093127191066742,0.237846240401268,0.21121908724308014,0.3488728404045105,0.14801089465618134,0.2619576156139374,0.18629321455955505,0.34211695194244385,0.18751703202724457
AD738,1.058823529,4.117647059,0.647058824,0.294117647,0.294117647,0.117647059,0.0,0.0,0.176470588,0.117647059,0.235294118,0.0,0.058823529,0.470588235,0.0,0.0,0.0,0.0,0.0,0.0,0.058823529,0.0,0.0,0.0,0.0,0.0,0.0,0.0,0.0,0.117647059,0.0,0.0,0.0,0.0,0.0,0.0,0.0,0.0,0.0,0.0,0.117647059,0.235294118,0.0,0.0,0.352941176,0.0,0.0,0.0,0.0,0.529411765,0.0,0.6256057024002075,1.1438884735107422,0.3714982569217682,0.25322991609573364,0.2986375391483307,0.13995805382728577,0.3389802575111389,0.2092549353837967,0.4921239912509918,0.17772065103054047,0.1840648204088211,0.1504688709974289,0.06737178564071655,0.8523261547088623,0.12049168348312378,0.16625750064849854,0.14821290969848633,0.041589949280023575,0.06446392089128494,0.3143957853317261,0.46522876620292664,0.057301536202430725,0.2310667186975479,0.09546053409576416,0.08229662477970123,0.16098067164421082,0.1871698647737503,0.12175993621349335,0.24327901005744934,0.19842302799224854,0.1465231031179428,0.17344149947166443,0.1348791867494583,0.13816702365875244,0.09464054554700851,0.30665379762649536,0.11785537004470825,0.005935946479439735,0.03949698060750961,0.22802820801734924,0.1224297434091568,0.13458581268787384,0.049537792801856995,0.265837162733078,0.3543334901332855,0.19193749129772186,0.11083263158798218,0.09322832524776459,0.166139155626297,0.13142874836921692,0.0646149218082428
AD835,0.0,0.0,0.142857143,0.0,0.214285714,0.0,0.0,0.0,0.0,0.0,0.0,0.214285714,0.0,0.357142857,0.0,0.0,0.0,0.428571429,1.214285714,0.714285714,0.071428571,0.428571429,0.0,0.0,0.0,0.142857143,0.0,0.0,0.142857143,0.714285714,0.857142857,0.642857143,1.357142857,0.428571429,0.071428571,0.285714286,0.214285714,0.285714286,0.0,0.785714286,0.214285714,0.285714286,0.428571429,0.142857143,0.357142857,0.0,0.071428571,0.357142857,0.214285714,0.0,0.214285714,0.18747715651988983,0.07826204597949982,0.2157503068447113,0.04601183906197548,0.1488850861787796,0.06040678173303604,0.2043689787387848,0.1568211168050766,0.24979948997497559,0.12481566518545151,0.12512296438217163,0.15467248857021332,0.07160669565200806,0.5255749821662903,0.1438698172569275,0.15015514194965363,0.12930002808570862,0.40501704812049866,0.38134974241256714,0.9055697321891785,0.7568541765213013,0.45936712622642517,0.44636622071266174,0.19066384434700012,0.04434296861290932,0.1119207888841629,-0.0029292770195752382,0.11443101614713669,0.06569204479455948,0.33146119117736816,0.30175328254699707,0.5179970264434814,0.5394541621208191,0.3218008279800415,0.18874281644821167,0.1577899307012558,0.2380344271659851,0.084321990609169,0.029434684664011,0.2176353931427002,0.23110805451869965,0.1376131772994995,0.3367692828178406,0.11124415695667267,0.14015333354473114,0.247510626912117,0.09343583136796951,0.08348705619573593,0.10854069888591766,0.07109330594539642,0.028781235218048096
AD853,0.384615385,0.0,0.0,0.0,0.0,0.0,0.0,0.0,0.0,0.0,0.0,0.0,0.0,0.0,0.0,0.0,0.0,0.0,0.230769231,0.307692308,0.307692308,0.307692308,0.0,1.230769231,0.0,0.538461538,0.538461538,0.538461538,1.769230769,0.307692308,0.230769231,0.153846154,0.769230769,0.076923077,0.769230769,0.0,0.0,1.076923077,0.0,1.076923077,0.0,0.0,0.0,0.0,0.0,0.0,0.0,0.076923077,0.0,0.0,0.0,0.5710232257843018,0.41310352087020874,0.3727269768714905,0.21586424112319946,0.2594201862812042,0.15204094350337982,0.34875354170799255,0.2383749783039093,0.5111932754516602,0.16308508813381195,0.14126552641391754,0.17657293379306793,0.10126353800296783,0.5249223709106445,0.30655786395072937,0.20276138186454773,0.19885492324829102,0.5807254314422607,0.25023189187049866,0.5271770358085632,0.37653931975364685,0.2918783724308014,0.2960309386253357,0.6644726991653442,0.12962475419044495,0.25500497221946716,0.48262467980384827,0.21968427300453186,0.5202844738960266,0.343179315328598,0.4671604633331299,0.41167381405830383,1.6260874271392822,0.36107587814331055,0.5043837428092957,0.5589954853057861,0.4265493154525757,0.5976885557174683,0.07604694366455078,0.6845476627349854,0.21985572576522827,0.17451760172843933,0.14912253618240356,0.24784262478351593,0.2294648289680481,0.5655156970024109,0.12217561900615692,0.19701039791107178,0.24467559158802032,0.21427543461322784,0.10707726329565048
AD917,0.5,0.357142857,0.5,4.5,0.214285714,0.0,0.285714286,0.357142857,0.285714286,0.5,0.071428571,0.0,0.0,0.857142857,0.0,0.142857143,0.0,0.0,0.0,0.0,0.0,0.0,0.0,0.0,0.0,0.0,0.0,0.0,0.0,0.0,0.0,0.0,0.0,0.0,0.0,0.0,0.0,0.0,0.0,0.0,0.0,0.0,0.0,0.071428571,1.5,0.0,0.0,0.142857143,0.0,0.0,0.0,0.39424005150794983,0.10087144374847412,0.22258354723453522,2.144195079803467,0.17308855056762695,0.1261131912469864,0.3730583190917969,0.2084745466709137,0.44958963990211487,0.25786882638931274,0.16163787245750427,0.19169959425926208,0.10775268077850342,1.143383264541626,0.2101462036371231,0.2974258065223694,0.2037217915058136,0.11508715152740479,0.05303969979286194,0.28741809725761414,0.32616057991981506,0.09214098751544952,0.203665629029274,0.07876094430685043,0.051741886883974075,0.14282645285129547,0.18426646292209625,0.09138403087854385,0.16577808558940887,0.23092615604400635,0.21533340215682983,0.08161425590515137,0.1389036327600479,0.13185326755046844,0.05501963943243027,0.2844200134277344,0.13107822835445404,0.03563988581299782,0.06749606132507324,0.12679052352905273,0.10685356706380844,0.1493251621723175,0.1310117542743683,0.14152966439723969,0.6549032926559448,0.28306347131729126,0.1270187944173813,0.22198960185050964,0.22172681987285614,0.11467555910348892,0.11280806362628937
AE043,0.464285714,0.607142857,0.571428571,0.428571429,0.464285714,0.071428571,0.285714286,0.0,0.75,0.357142857,0.142857143,0.214285714,0.142857143,0.25,0.178571429,0.178571429,0.0,0.0,0.0,0.892857143,1.25,0.0,0.964285714,0.25,0.107142857,0.035714286,0.214285714,0.321428571,0.321428571,0.0,0.607142857,0.0,0.0,0.178571429,0.0,0.25,0.071428571,0.0,0.0,0.0,0.071428571,0.035714286,0.0,0.178571429,0.25,0.071428571,0.25,0.178571429,0.178571429,0.071428571,0.0,0.38162943720817566,0.1014956533908844,0.34949982166290283,0.1185310110449791,0.2868503928184509,0.1043471172451973,0.2950078845024109,0.17243598401546478,0.5631706118583679,0.13445833325386047,0.2230660617351532,0.23089629411697388,0.07809363305568695,0.7684000730514526,0.30362629890441895,0.30757656693458557,0.09667754173278809,0.11301249265670776,0.05745058134198189,0.45099055767059326,0.5873927474021912,0.07324348390102386,0.3024190664291382,0.03820624575018883,0.09120567888021469,0.1901686191558838,0.3086504638195038,0.1901121288537979,0.321580171585083,0.21940235793590546,0.1835700273513794,0.16387872397899628,0.12635435163974762,0.18173497915267944,0.11338303983211517,0.282467782497406,0.14127978682518005,0.051011547446250916,0.0366523377597332,0.11887973546981812,0.2862935960292816,0.21315522491931915,0.06807030737400055,0.2926290035247803,0.2886459529399872,0.22723272442817688,0.1266528218984604,0.3957725763320923,0.2375865876674652,0.1439588963985443,0.047136202454566956
AE067,0.857142857,0.0,0.5,0.107142857,0.392857143,0.25,0.428571429,0.035714286,0.285714286,0.0,0.178571429,0.0,0.0,0.285714286,0.0,0.107142857,0.0,0.0,0.071428571,0.0,0.25,0.0,0.0,0.0,0.0,0.0,0.0,0.0,0.0,0.035714286,0.107142857,0.0,0.0,0.678571429,0.428571429,0.464285714,0.821428571,0.571428571,0.285714286,0.392857143,0.25,0.285714286,0.285714286,0.107142857,0.107142857,0.285714286,0.0,0.107142857,0.142857143,0.035714286,0.0,0.34340351819992065,0.07085496932268143,0.44754758477211,0.3372669816017151,0.35191428661346436,0.18194480240345,0.6097750663757324,0.2748895585536957,0.44678109884262085,0.15374870598316193,0.1846798211336136,0.16358767449855804,0.0584917776286602,0.6784501075744629,0.19394119083881378,0.24850551784038544,0.10846810042858124,0.15671780705451965,0.09600675106048584,0.6903700828552246,0.7435049414634705,0.15447773039340973,0.35128888487815857,0.1672469824552536,0.22700484097003937,0.18045082688331604,0.06001286953687668,0.3909948170185089,0.11635373532772064,0.18933191895484924,0.24914203584194183,0.16411398351192474,0.20425671339035034,0.27357178926467896,0.22180861234664917,0.6598683595657349,0.29509884119033813,0.3063696622848511,0.17848871648311615,0.49101755023002625,0.16015499830245972,0.15493135154247284,0.2948014438152313,0.18727809190750122,0.3599177598953247,0.22890402376651764,0.09639149904251099,0.13510124385356903,0.15010777115821838,0.12016744166612625,0.13780130445957184
AE184,0.111111111,0.0,0.0,0.037037037,0.0,0.0,0.037037037,0.0,0.0,0.0,0.0,0.0,0.0,0.37037037,0.185185185,0.0,0.0,0.0,0.148148148,0.0,0.0,0.0,0.0,0.0,0.0,0.0,0.0,0.0,0.0,0.185185185,0.111111111,0.0,0.0,0.037037037,0.0,0.0,0.0,0.037037037,0.0,0.0,0.148148148,0.074074074,0.0,0.703703704,0.407407407,1.185185185,0.62962963,4.259259259,0.0,0.111111111,0.0,0.38638243079185486,0.1867028921842575,0.35068264603614807,0.16434989869594574,0.2336919605731964,0.1447184979915619,0.21801623702049255,0.21329167485237122,0.2935371994972229,0.10279379785060883,0.14084085822105408,0.17436546087265015,0.06255887448787689,0.6585491299629211,0.24925430119037628,0.21256081759929657,0.16790038347244263,0.13343028724193573,0.19547997415065765,0.3792670667171478,0.5903030633926392,0.13962601125240326,0.3062017560005188,0.14762623608112335,0.0635795071721077,0.14798066020011902,0.20467877388000488,0.16531026363372803,0.18698850274085999,0.19619818031787872,0.234246164560318,0.30699408054351807,0.36150288581848145,0.4054846465587616,0.1348899006843567,0.36881646513938904,0.3046124279499054,0.16044989228248596,0.03241509571671486,0.39047232270240784,0.22458569705486298,0.18970336019992828,0.20247699320316315,0.36502817273139954,0.4952685534954071,0.4340287148952484,0.31486132740974426,1.809496283531189,0.3558492958545685,0.18903113901615143,0.1261068433523178
AE681,0.074074074,0.037037037,0.407407407,3.444444444,0.37037037,0.333333333,0.222222222,0.148148148,0.148148148,0.111111111,0.0,0.185185185,0.0,1.185185185,0.074074074,0.37037037,0.0,0.0,0.0,0.0,0.0,0.0,0.0,0.037037037,0.0,0.0,0.185185185,0.185185185,0.0,0.037037037,0.0,0.0,0.0,0.333333333,0.0,0.148148148,0.185185185,0.0,0.0,0.0,0.0,0.037037037,0.037037037,1.074074074,2.037037037,0.296296296,0.37037037,0.555555556,0.0,0.0,0.333333333,0.5535984635353088,0.07182223349809647,0.5107481479644775,1.1017327308654785,0.35522353649139404,0.4186954200267792,0.37212613224983215,0.2879646420478821,0.34578678011894226,0.27023157477378845,0.14099006354808807,0.1155235543847084,0.0881156176328659,0.9214857220649719,0.15002375841140747,0.2870664894580841,0.12098898738622665,0.11210177093744278,0.10951540619134903,0.0960022509098053,0.12257206439971924,0.0718231052160263,0.1829959601163864,0.08945008367300034,0.07529909163713455,0.11969374865293503,0.2060871124267578,0.09833145141601562,0.02389739826321602,0.18666979670524597,0.16805925965309143,0.0805622860789299,0.03544164076447487,0.22413986921310425,0.03822345286607742,0.45080068707466125,0.30242809653282166,0.03810194879770279,0.03940284252166748,0.13105592131614685,0.16962319612503052,0.19012068212032318,0.0924278125166893,1.5609420537948608,1.3559794425964355,0.9952208995819092,0.39916524291038513,0.7000787854194641,0.19799253344535828,0.22407378256320953,0.23410837352275848
AE825,0.107142857,0.035714286,0.285714286,3.214285714,0.178571429,0.0,0.107142857,0.25,0.142857143,0.0,0.107142857,0.0,0.0,1.178571429,0.428571429,0.464285714,0.25,0.142857143,0.0,0.0,0.0,0.0,0.0,0.0,0.071428571,0.0,0.071428571,0.0,0.0,0.0,0.107142857,0.0,0.0,0.0,0.0,0.142857143,0.071428571,0.0,0.0,0.0,0.071428571,0.0,0.0,0.321428571,1.142857143,0.428571429,0.0,1.928571429,0.0,0.0,0.0,0.26955077052116394,0.018028130754828453,0.3943142294883728,1.7675809860229492,0.34028804302215576,0.23128055036067963,0.29679539799690247,0.2644509971141815,0.33957549929618835,0.20372597873210907,0.14887651801109314,0.147014781832695,0.07143473625183105,0.9597343802452087,0.22498896718025208,0.29152020812034607,0.2863975465297699,0.20114848017692566,0.0919945016503334,0.19294977188110352,0.4978742003440857,0.07212232053279877,0.2144036740064621,0.05973753705620766,0.056405987590551376,0.17930924892425537,0.12143541127443314,0.08702937513589859,0.12707364559173584,0.26586365699768066,0.15994782745838165,0.04843492805957794,0.06885634362697601,0.17081503570079803,0.035275403410196304,0.356190949678421,0.239230215549469,0.02525538206100464,0.08415218442678452,0.033466413617134094,0.16256098449230194,0.21485383808612823,0.10538572818040848,0.3420758545398712,0.7599435448646545,0.46272990107536316,0.3044635057449341,2.679812431335449,0.21371431648731232,0.11941706389188766,0.17701736092567444
AE855,0.642857143,0.178571429,0.321428571,0.5,0.285714286,0.5,0.071428571,0.107142857,0.107142857,0.0,0.0,0.035714286,0.0,0.142857143,0.0,0.0,0.035714286,0.071428571,0.0,0.0,0.035714286,0.071428571,0.0,0.0,0.0,0.0,0.0,0.0,0.0,0.25,0.142857143,0.0,0.071428571,0.821428571,0.0,0.785714286,0.428571429,0.107142857,0.0,0.071428571,0.214285714,0.142857143,0.107142857,1.785714286,0.75,1.071428571,0.607142857,1.107142857,0.0,0.357142857,0.071428571,0.3971810042858124,0.08752590417861938,0.4149293601512909,0.3105200231075287,0.24413970112800598,0.3393077254295349,0.4223657548427582,0.21956321597099304,0.30618688464164734,0.12658153474330902,0.13031192123889923,0.12901394069194794,0.06587972491979599,0.6242184042930603,0.2030860036611557,0.22665391862392426,0.10954813659191132,0.39112168550491333,0.09466218203306198,0.22900418937206268,0.21312586963176727,0.10769592225551605,0.22911377251148224,0.12688477337360382,0.15582603216171265,0.1834806203842163,0.07079903036355972,0.5161164999008179,0.04639178141951561,0.12132648378610611,0.12347935885190964,0.1134430393576622,0.09888222068548203,0.3021201491355896,0.1145191565155983,0.38997986912727356,0.4307965338230133,0.05835103616118431,0.020453542470932007,0.10331127047538757,0.19130918383598328,0.19957570731639862,0.06999553740024567,1.2726147174835205,0.8974698781967163,0.5591027736663818,0.3290175497531891,0.6891837120056152,0.18851929903030396,0.15901035070419312,0.1754775494337082
AG543,0.5,0.233333333,0.366666667,0.5,0.233333333,0.166666667,0.066666667,0.266666667,0.233333333,0.0,0.0,0.0,0.0,0.5,0.066666667,0.2,0.0,0.066666667,0.0,0.1,0.133333333,0.0,0.1,0.0,0.0,0.0,0.0,0.0,0.0,0.0,0.266666667,0.033333333,0.1,0.033333333,0.0,0.666666667,0.0,0.0,0.0,0.0,0.1,0.033333333,0.0,2.7,0.833333333,0.466666667,0.0,1.1,0.066666667,0.066666667,0.166666667,0.2741612493991852,0.06277305632829666,0.3904668092727661,0.35389944911003113,0.2631228268146515,0.11587055027484894,0.19915364682674408,0.2330085039138794,0.3944193422794342,0.11463391035795212,0.13450773060321808,0.16181287169456482,0.06514157354831696,0.8023374080657959,0.24697493016719818,0.22343875467777252,0.13314351439476013,0.12706905603408813,0.0722871795296669,0.3120201826095581,0.28225478529930115,0.03162229433655739,0.2661309540271759,0.041329603642225266,0.05643882229924202,0.13192476332187653,0.10580713301897049,0.20136691629886627,0.13741254806518555,0.0772458091378212,0.17151692509651184,0.12331497669219971,0.01190040074288845,0.10226557403802872,0.069139264523983,0.4333818256855011,0.15207171440124512,0.039607349783182144,0.048769474029541016,0.09898407757282257,0.12304479628801346,0.22876355051994324,0.052880171686410904,0.6986985206604004,0.6912738084793091,0.2540310323238373,0.08888337761163712,0.47793012857437134,0.20979759097099304,0.08619368076324463,0.12408209592103958
AH022,0.2,0.0,0.433333333,0.166666667,0.233333333,0.166666667,0.733333333,0.4,0.9,0.0,0.1,0.266666667,0.266666667,0.766666667,0.233333333,0.333333333,0.5,0.0,0.0,0.166666667,0.033333333,0.066666667,0.3,0.0,0.0,0.1,0.0,0.0,0.066666667,0.166666667,0.2,0.233333333,0.0,0.1,0.0,0.566666667,0.133333333,0.0,0.033333333,0.0,0.333333333,0.333333333,0.0,0.4,0.6,0.0,0.0,0.4,0.266666667,0.066666667,0.3,0.2504546046257019,0.049252014607191086,0.45594802498817444,0.19329071044921875,0.29104456305503845,0.21405154466629028,0.4336737394332886,0.2031371295452118,0.4743575155735016,0.1837862879037857,0.19058357179164886,0.18580244481563568,0.07404805719852448,0.7543027400970459,0.19158430397510529,0.23340241611003876,0.3572703003883362,0.3655138313770294,0.19212369620800018,0.3496013581752777,0.23356033861637115,0.1914115846157074,0.2241515815258026,0.15070520341396332,0.06572464108467102,0.15369370579719543,0.0885569229722023,0.16512566804885864,0.13883212208747864,0.14869524538516998,0.24546372890472412,0.13564008474349976,0.23006589710712433,0.18129459023475647,0.07724379003047943,0.4625680148601532,0.1934473067522049,0.07480300962924957,0.04075106978416443,0.12091374397277832,0.14941562712192535,0.16140715777873993,0.08911507576704025,0.33083295822143555,0.1823032945394516,0.29285046458244324,0.10654772073030472,0.2905740439891815,0.18746624886989594,0.12918803095817566,0.0886833667755127
AH189,0.1,0.266666667,0.2,0.0,0.066666667,0.0,0.3,0.033333333,1.0,0.0,0.766666667,0.2,0.333333333,0.733333333,0.0,0.433333333,0.0,0.0,0.0,0.133333333,0.066666667,0.0,0.0,0.0,0.0,0.0,1.133333333,0.133333333,1.0,0.766666667,0.666666667,0.5,0.033333333,0.1,0.0,0.8,0.0,0.066666667,0.666666667,1.766666667,0.0,0.0,0.066666667,0.0,0.1,0.033333333,0.0,0.0,0.0,0.0,0.0,0.2654879689216614,0.2525288760662079,0.3230026066303253,0.09009804576635361,0.2219010591506958,0.08718916773796082,0.5139374732971191,0.2380371242761612,1.1291851997375488,0.2231656312942505,0.7209751009941101,0.3772772550582886,0.11039112508296967,1.1356531381607056,0.1290503591299057,0.281985878944397,0.11070721596479416,0.04885946214199066,0.05180218443274498,0.14908304810523987,0.15306511521339417,0.08663845807313919,0.23770616948604584,0.06741290539503098,0.08885487914085388,0.2740454077720642,0.38901981711387634,0.21505318582057953,0.5631252527236938,0.2788815200328827,0.38606056571006775,0.2675556540489197,0.2521566152572632,0.2075197845697403,0.10030324012041092,0.4395189583301544,0.22180293500423431,0.05199649557471275,0.3641458749771118,0.5274707078933716,0.1384372115135193,0.07657653838396072,0.08482197672128677,0.17897267639636993,0.12333760410547256,0.1842644214630127,0.06854842603206635,0.16642044484615326,0.1477929949760437,0.0882694274187088,0.11517957597970963
AH608,0.5,0.133333333,0.233333333,0.1,0.4,0.0,0.3,0.166666667,0.066666667,0.0,0.0,0.0,0.033333333,0.833333333,0.7,0.633333333,0.066666667,0.033333333,0.066666667,0.233333333,0.166666667,0.0,0.533333333,0.033333333,0.133333333,0.4,0.1,0.0,0.933333333,0.8,0.266666667,0.366666667,0.0,0.3,0.066666667,0.933333333,0.266666667,0.166666667,0.333333333,0.5,0.266666667,0.066666667,0.1,0.133333333,0.033333333,0.1,0.0,0.0,0.233333333,0.0,0.133333333,0.32982245087623596,0.11736154556274414,0.3962767720222473,1.1893887519836426,0.32530513405799866,0.18236930668354034,0.3472599685192108,0.3102368414402008,0.5122798681259155,0.1390266716480255,0.2196281999349594,0.20530298352241516,0.07481909543275833,1.1031646728515625,0.32083165645599365,0.27369898557662964,0.1961805820465088,0.13301752507686615,0.0586007758975029,0.20377065241336823,0.2030811607837677,0.07149861752986908,0.23048444092273712,0.16539444029331207,0.0644383355975151,0.30857208371162415,0.30364102125167847,0.0652860775589943,0.3124130368232727,0.289005309343338,0.26986297965049744,0.08418478071689606,0.16945002973079681,0.18629255890846252,0.06361263245344162,0.6631598472595215,0.1744621992111206,0.029889794066548347,0.04825276881456375,0.14785094559192657,0.24395494163036346,0.18760238587856293,0.1210571825504303,0.19446314871311188,0.32774949073791504,0.3635273277759552,0.12992815673351288,0.36669909954071045,0.27568015456199646,0.13198135793209076,0.12537120282649994
AI342,0.344827586,0.0,0.413793103,1.689655172,0.448275862,0.24137931,0.24137931,0.344827586,0.586206897,0.0,0.034482759,0.0,0.0,1.24137931,0.482758621,0.551724138,1.068965517,0.0,0.24137931,0.103448276,0.103448276,0.0,0.310344828,0.0,0.0,0.103448276,0.0,0.0,0.0,0.0,0.310344828,0.0,0.0,0.068965517,0.0,0.965517241,0.0,0.0,0.0,0.0,0.310344828,0.24137931,0.0,0.0,0.551724138,0.137931034,0.0,0.24137931,0.586206897,0.172413793,0.24137931,0.3100426197052002,0.15851867198944092,0.4703637957572937,1.0611697435379028,0.359554648399353,0.16799399256706238,0.496202290058136,0.33390185236930847,0.5309520959854126,0.120659239590168,0.19372515380382538,0.22495689988136292,0.08179006725549698,1.0491214990615845,0.45841360092163086,0.48149436712265015,0.5207684636116028,0.42510467767715454,0.14658959209918976,0.4981975555419922,0.5481166839599609,0.13786597549915314,0.33529117703437805,0.07521052658557892,0.04932650551199913,0.15789610147476196,0.07051526010036469,0.12898701429367065,0.04953234642744064,0.2159588783979416,0.21876521408557892,0.21749985218048096,0.16513533890247345,0.20927654206752777,0.12083601206541061,0.39886274933815,0.33483773469924927,0.08784664422273636,0.04178771749138832,0.08549672365188599,0.23513163626194,0.24821671843528748,0.07802025973796844,0.8267849683761597,0.6223081350326538,0.4347309172153473,0.22301501035690308,0.6043369174003601,0.2830315828323364,0.134663924574852,0.13701896369457245
AI797,0.25,0.0,0.142857143,0.142857143,0.142857143,0.142857143,0.285714286,0.0,0.178571429,0.142857143,0.0,0.0,0.0,0.142857143,0.0,0.035714286,0.0,0.142857143,0.0,0.0,0.0,0.0,0.0,0.0,0.0,0.107142857,0.0,0.0,0.0,0.107142857,0.0,0.0,0.0,0.035714286,0.0,0.142857143,0.535714286,0.0,0.0,0.035714286,0.0,0.178571429,0.0,0.821428571,0.285714286,1.178571429,0.178571429,2.75,0.0,0.285714286,0.535714286,0.33126696944236755,0.11105712503194809,0.5012585520744324,0.2501237988471985,0.3172392249107361,0.19461999833583832,0.6186025738716125,0.22591538727283478,0.41783204674720764,0.22643566131591797,0.23657990992069244,0.2422417402267456,0.07500326633453369,0.6833844184875488,0.10999377816915512,0.18876203894615173,0.18441079556941986,0.188116192817688,0.09940289705991745,0.27163165807724,0.18175451457500458,0.1483459323644638,0.20624040067195892,0.14080055058002472,0.0604819618165493,0.16710308194160461,0.11070549488067627,0.1334279179573059,0.18118609488010406,0.2612592577934265,0.24854010343551636,0.13329489529132843,0.1940125972032547,0.15867413580417633,0.058762963861227036,0.24194207787513733,0.2652362883090973,0.0038006699178367853,0.08693402260541916,0.4458073675632477,0.27289217710494995,0.30671367049217224,0.1317593902349472,0.24043729901313782,0.5167040824890137,0.5279578566551208,0.35757800936698914,1.9864500761032104,0.23865003883838654,0.150602325797081,0.19484329223632812
AI897,0.379310345,0.034482759,0.586206897,0.24137931,0.413793103,0.310344828,0.689655172,0.172413793,0.551724138,0.620689655,0.103448276,0.103448276,0.0,0.551724138,0.655172414,0.275862069,0.103448276,0.068965517,0.068965517,0.551724138,0.379310345,0.0,0.310344828,0.206896552,0.0,0.24137931,0.103448276,0.0,0.0,0.551724138,0.24137931,0.137931034,0.0,0.551724138,0.344827586,0.103448276,0.068965517,0.0,0.068965517,0.0,0.0,0.103448276,0.103448276,0.034482759,0.344827586,0.310344828,0.275862069,0.068965517,0.0,0.0,0.0,0.3818826377391815,0.0937221422791481,0.46337223052978516,0.24137789011001587,0.5284784436225891,0.22828693687915802,0.7013715505599976,0.2593591511249542,0.5319512486457825,0.17580796778202057,0.15004713833332062,0.26439133286476135,0.06051543727517128,0.7560685276985168,0.27412161231040955,0.25053372979164124,0.3717171847820282,0.21165667474269867,0.15431925654411316,0.5001707673072815,0.6282474398612976,0.2321861982345581,0.2901950180530548,0.1788751482963562,0.13174410164356232,0.18648871779441833,0.09959307312965393,0.15869927406311035,0.16564373672008514,0.2504919469356537,0.2650809586048126,0.30030566453933716,0.5309343934059143,0.24351494014263153,0.16319569945335388,0.5764103531837463,0.18121281266212463,0.11222442239522934,0.03316378965973854,0.1800536811351776,0.27640920877456665,0.18668536841869354,0.10788783431053162,0.2997230291366577,0.2163795828819275,0.28961020708084106,0.16789716482162476,0.5218084454536438,0.23087291419506073,0.23313219845294952,0.14024950563907623
AJ070,0.0,0.0,0.233333333,0.3,0.333333333,0.333333333,0.433333333,0.0,1.066666667,0.066666667,0.0,0.266666667,0.0,1.733333333,0.666666667,0.5,2.5,0.0,0.133333333,0.033333333,0.233333333,0.0,0.0,0.066666667,0.0,0.2,0.0,0.0,0.0,0.0,0.533333333,0.0,0.0,0.166666667,0.0,0.066666667,0.033333333,0.0,0.0,0.0,0.0,0.033333333,0.066666667,0.433333333,0.133333333,0.1,0.0,0.0,0.066666667,0.033333333,0.0,0.31931358575820923,0.04894774779677391,0.27958983182907104,0.16897813975811005,0.5067198872566223,0.08317595720291138,0.22740566730499268,0.2557232975959778,0.5219407677650452,0.12002094835042953,0.19333963096141815,0.20681056380271912,0.06945629417896271,1.2616872787475586,0.7193699479103088,0.33832892775535583,0.5933246612548828,0.7500649094581604,0.6784339547157288,0.6044922471046448,0.46078771352767944,0.1305493712425232,0.21964192390441895,0.07796977460384369,0.048811592161655426,0.15523827075958252,0.03955647349357605,0.03205721452832222,0.052663255482912064,0.17429059743881226,0.13439719378948212,0.0830572172999382,0.002284966642037034,0.15711449086666107,0.022486278787255287,0.4579373300075531,0.13221482932567596,0.04620569944381714,0.01260781567543745,0.032142218202352524,0.33696842193603516,0.19109562039375305,0.07087350636720657,0.3199022114276886,0.19710673391819,0.29653266072273254,0.0750788077712059,0.40962716937065125,0.18458408117294312,0.16750696301460266,0.09013405442237854
AJ192,0.133333333,0.0,0.4,0.0,0.366666667,0.0,1.0,0.433333333,1.1,0.0,0.0,0.6,0.1,1.8,0.566666667,0.4,2.3,0.1,0.0,0.1,0.1,0.0,0.1,0.0,0.0,0.066666667,0.0,0.0,0.0,0.333333333,0.266666667,0.0,0.0,0.066666667,0.0,0.066666667,0.033333333,0.033333333,0.0,0.133333333,0.0,0.0,0.166666667,0.9,0.166666667,0.0,0.0,0.0,0.066666667,0.033333333,0.0,0.42131948471069336,0.0941135436296463,0.442690908908844,0.4054168462753296,0.39414265751838684,0.14068292081356049,0.490548700094223,0.21000826358795166,0.8024120330810547,0.14766325056552887,0.19020557403564453,0.3118175268173218,0.07437688857316971,1.1697285175323486,0.25658202171325684,0.2532103955745697,0.3782528042793274,0.12608270347118378,0.0696643516421318,0.40036338567733765,0.40943625569343567,0.1444627195596695,0.2318895310163498,0.2085116058588028,0.0484314002096653,0.22246944904327393,0.08120321482419968,0.06824502348899841,0.12281999737024307,0.2219141721725464,0.2350580245256424,0.12113194912672043,0.11791767925024033,0.1298622041940689,0.052213989198207855,0.5511642694473267,0.19764088094234467,0.113592728972435,0.06256447732448578,0.1734776794910431,0.18381431698799133,0.20196180045604706,0.061682455241680145,0.3135421574115753,0.2727307677268982,0.2993556261062622,0.08309821039438248,0.2687835097312927,0.20416408777236938,0.1778217852115631,0.1468459814786911
AJ449,0.366666667,0.133333333,0.066666667,0.0,0.2,0.0,0.366666667,0.1,1.5,0.1,0.366666667,0.433333333,0.1,1.533333333,0.266666667,0.266666667,0.033333333,0.0,0.0,0.066666667,0.0,0.0,0.0,0.266666667,0.0,0.333333333,0.333333333,0.166666667,0.1,1.133333333,0.866666667,0.0,0.0,0.1,0.0,0.333333333,0.066666667,0.066666667,0.0,0.0,0.2,0.233333333,0.1,0.233333333,0.166666667,0.533333333,0.133333333,0.566666667,0.3,0.066666667,0.0,0.5070417523384094,0.130631685256958,0.49987131357192993,0.3219798505306244,0.4141225218772888,0.10453498363494873,0.416677862405777,0.2024226188659668,0.602782130241394,0.197727233171463,0.4022608697414398,0.2582852840423584,0.11566140502691269,1.2277625799179077,0.40997639298439026,0.2535877823829651,0.5816662311553955,0.23468808829784393,0.2696003317832947,0.32827290892601013,0.42359453439712524,0.05839322507381439,0.2706250250339508,0.12438744306564331,0.047650858759880066,0.2584371864795685,0.05822235345840454,0.06789674609899521,0.1262809783220291,0.22595763206481934,0.2061588019132614,0.07615739852190018,0.09604211151599884,0.17463505268096924,0.04868093132972717,0.5347955226898193,0.14379212260246277,0.08535368740558624,0.012977313250303268,0.13879723846912384,0.1939089000225067,0.12314174324274063,0.05792098492383957,0.20290030539035797,0.17964842915534973,0.292724609375,0.10455754399299622,0.32303231954574585,0.20219041407108307,0.13636253774166107,0.10991567373275757
AJ601,0.620689655,0.172413793,0.482758621,0.0,0.793103448,0.034482759,0.586206897,0.068965517,0.793103448,0.103448276,0.0,0.068965517,0.0,0.896551724,0.448275862,0.310344828,0.206896552,0.068965517,0.0,0.344827586,0.137931034,0.0,0.172413793,0.0,0.137931034,0.103448276,0.0,0.0,0.0,0.275862069,0.068965517,0.0,0.0,0.172413793,0.206896552,0.586206897,0.0,0.0,0.0,0.0,0.275862069,0.068965517,0.068965517,0.275862069,0.310344828,0.620689655,0.172413793,0.586206897,0.310344828,0.482758621,0.448275862,0.4621787965297699,0.09509401023387909,0.6010510325431824,0.21596267819404602,0.20332226157188416,0.13126406073570251,0.4357771575450897,0.2705624997615814,0.6361261606216431,0.3385387361049652,0.18684272468090057,0.4389335811138153,0.06110980734229088,1.2275995016098022,0.27299827337265015,0.3084472119808197,0.2919822633266449,0.11621308326721191,0.08732829242944717,0.24016812443733215,0.1992853283882141,0.16549614071846008,0.237341046333313,0.11236079782247543,0.050437167286872864,0.2216162085533142,0.16629096865653992,0.07501766830682755,0.21458838880062103,0.42096272110939026,0.2632649540901184,0.14411422610282898,0.19439826905727386,0.1857900321483612,0.11205540597438812,0.3088436424732208,0.13570404052734375,0.13617554306983948,0.05236901342868805,0.31695467233657837,0.09285466372966766,0.10050071030855179,0.13878105580806732,0.22207672894001007,0.20525622367858887,0.40467360615730286,0.14200399816036224,0.42995160818099976,0.18563318252563477,0.17292937636375427,0.126491978764534
AJ809,0.133333333,0.0,0.366666667,0.0,0.133333333,0.0,0.066666667,0.066666667,0.2,0.0,0.0,0.0,0.0,0.7,0.3,0.333333333,0.133333333,0.2,0.066666667,1.7,2.433333333,0.133333333,0.766666667,0.233333333,0.133333333,0.0,0.166666667,0.2,0.0,0.333333333,0.2,0.1,0.0,0.166666667,0.1,0.4,0.133333333,0.0,0.133333333,0.0,0.433333333,0.333333333,0.0,0.0,0.033333333,0.233333333,0.0,0.433333333,0.366666667,0.066666667,0.0,0.3445601165294647,0.25020137429237366,0.3594314157962799,0.7114301919937134,0.33448129892349243,0.1412101835012436,0.5076178312301636,0.3392397165298462,0.6505115032196045,0.4581259489059448,0.224077507853508,0.4731251299381256,0.07911302894353867,1.2019970417022705,0.35714951157569885,0.8271209001541138,0.3062853217124939,0.32250910997390747,0.12361209839582443,0.5512598752975464,0.9372408390045166,0.332899272441864,0.3317958116531372,0.15613864362239838,0.09985949844121933,0.21784700453281403,0.3742204010486603,0.19181789457798004,0.29928478598594666,0.3351013660430908,0.22014008462429047,0.14957845211029053,0.14791592955589294,0.22495046257972717,0.1350330263376236,0.390585333108902,0.20061089098453522,0.24045400321483612,0.195201113820076,0.4744882583618164,0.17340250313282013,0.1776893585920334,0.16770543158054352,0.39749667048454285,0.28585439920425415,0.35160988569259644,0.21298439800739288,0.580531120300293,0.21637222170829773,0.19856137037277222,0.15151503682136536
AJ862,0.066666667,0.0,0.133333333,0.1,0.033333333,0.0,0.3,0.1,0.5,0.1,0.3,0.066666667,0.1,0.633333333,0.233333333,0.2,0.2,0.033333333,0.0,0.2,0.066666667,0.0,0.0,0.133333333,0.033333333,0.0,0.0,0.333333333,0.066666667,0.333333333,0.1,0.033333333,0.1,0.066666667,0.133333333,0.8,0.8,0.733333333,0.0,0.333333333,0.366666667,0.133333333,0.3,1.3,0.433333333,0.366666667,0.033333333,0.0,0.666666667,0.1,0.1,0.2956921458244324,0.04509123042225838,0.3236682415008545,0.12363869696855545,0.32032081484794617,0.13386814296245575,0.45872586965560913,0.16394950449466705,0.638238787651062,0.13109326362609863,0.15105576813220978,0.2294827103614807,0.07539262622594833,0.847743809223175,0.3171776235103607,0.26868823170661926,0.09627940505743027,0.07540004700422287,0.0437273345887661,0.08855670690536499,0.21662361919879913,0.019201237708330154,0.23540015518665314,0.1111057847738266,0.1528562307357788,0.5418246984481812,0.2755288779735565,0.5352667570114136,0.661074697971344,0.28111135959625244,0.21769647300243378,0.1841190606355667,0.005928575061261654,0.1678219884634018,0.08987519890069962,0.514464795589447,0.1846134066581726,0.08718091249465942,0.03315376862883568,0.12461001425981522,0.1558174043893814,0.18542055785655975,0.05273554101586342,0.3583625257015228,0.2889936864376068,0.2672204077243805,0.11449509114027023,0.4190507233142853,0.24178902804851532,0.11278601735830307,0.1381525844335556
AK366,0.566666667,0.0,0.433333333,0.0,0.133333333,0.1,0.433333333,0.333333333,1.533333333,0.366666667,0.2,0.4,0.0,1.733333333,0.333333333,0.3,0.433333333,0.033333333,0.033333333,0.1,0.1,0.0,0.566666667,0.233333333,0.066666667,0.2,0.0,0.133333333,0.0,0.3,0.4,0.0,0.1,0.166666667,0.0,0.233333333,0.1,0.0,0.0,0.0,0.1,0.333333333,0.066666667,0.3,0.2,0.8,0.333333333,0.733333333,0.3,0.0,0.133333333,0.426575243473053,0.05033902823925018,0.40980541706085205,0.1794082522392273,0.23230412602424622,0.27324166893959045,0.48240387439727783,0.25912967324256897,0.8081642389297485,0.6858930587768555,0.24383771419525146,0.16783864796161652,0.08057478815317154,1.6400221586227417,0.2498662918806076,0.3207637667655945,0.2691645622253418,0.04078424349427223,0.04721894860267639,0.13598738610744476,0.24191854894161224,0.04472331702709198,0.22784337401390076,0.14940966665744781,0.0481773242354393,0.22028280794620514,0.06937939673662186,0.04682294279336929,0.1664293259382248,0.36468520760536194,0.24789726734161377,0.028457611799240112,0.018785027787089348,0.16395755112171173,0.030828077346086502,0.5179347991943359,0.17604398727416992,0.009924733079969883,0.019820455461740494,0.06344038248062134,0.1294940561056137,0.09286016970872879,0.11569688469171524,0.2504248321056366,0.20030494034290314,0.35740163922309875,0.1575477570295334,0.20805242657661438,0.17402616143226624,0.16770817339420319,0.200872540473938
AK418,0.7,0.0,0.3,0.0,0.166666667,0.0,0.133333333,0.0,0.333333333,0.166666667,0.133333333,0.0,0.0,0.433333333,0.2,0.0,0.1,0.066666667,0.3,0.233333333,0.066666667,0.6,0.0,0.133333333,0.0,0.066666667,0.0,0.0,0.1,0.633333333,0.5,0.166666667,0.5,0.1,0.066666667,0.7,0.2,0.0,0.0,0.0,0.833333333,0.066666667,0.066666667,0.0,0.033333333,1.3,0.333333333,0.1,0.666666667,0.566666667,0.6,0.6573243737220764,0.07783296704292297,0.3602359890937805,0.06285621225833893,0.19814419746398926,0.16933618485927582,0.30558860301971436,0.13403631746768951,0.6321366429328918,0.268942266702652,0.2112555205821991,0.19447337090969086,0.08468206226825714,0.7801734805107117,0.19218993186950684,0.23758330941200256,0.13794265687465668,0.07054482400417328,0.228944331407547,0.3096727132797241,0.2885243892669678,0.42792293429374695,0.22674399614334106,0.14229902625083923,0.06972592324018478,0.25595301389694214,0.13375382125377655,0.11453234404325485,0.14180730283260345,0.7466648817062378,0.3296397030353546,0.1295347809791565,0.1916162669658661,0.23266388475894928,0.08376879245042801,0.6314331889152527,0.12861455976963043,0.10636118054389954,0.022699713706970215,0.235931396484375,0.3169958293437958,0.15560318529605865,0.06846258044242859,0.1470581293106079,0.17524588108062744,0.637082576751709,0.1308950036764145,0.3481667637825012,0.4905548691749573,0.35939356684684753,0.4278664290904999
AK727,0.4,0.0,0.266666667,0.233333333,0.566666667,0.133333333,0.533333333,0.266666667,0.8,0.0,0.1,0.266666667,0.0,1.433333333,0.166666667,0.6,0.066666667,0.266666667,0.166666667,0.2,0.233333333,0.0,0.266666667,0.0,0.0,0.066666667,0.0,0.0,0.0,0.266666667,0.233333333,0.033333333,0.0,0.066666667,0.0,0.466666667,0.0,0.0,0.0,0.1,0.666666667,0.066666667,0.0,0.533333333,0.5,0.333333333,0.133333333,0.266666667,0.533333333,0.2,0.133333333,0.3577168583869934,0.12106266617774963,0.36428436636924744,0.25510188937187195,0.24984431266784668,0.13305388391017914,0.33474335074424744,0.30143213272094727,0.9888705611228943,0.31027358770370483,0.2528480589389801,0.30439481139183044,0.07773049175739288,1.3351880311965942,0.45272910594940186,0.34657230973243713,0.2558552622795105,0.08173289149999619,0.16431725025177002,0.18704712390899658,0.2187766581773758,0.09507469832897186,0.20072190463542938,0.06684979051351547,0.05232573673129082,0.16408346593379974,0.09074299037456512,0.08349699527025223,0.08734231442213058,0.32266420125961304,0.2744230031967163,0.14121675491333008,0.06520403921604156,0.17543260753154755,0.03827013447880745,0.5099349617958069,0.18659983575344086,0.055834464728832245,0.026625564321875572,0.1799158900976181,0.1836097687482834,0.17963583767414093,0.0846044272184372,0.259064257144928,0.22349193692207336,0.4016403257846832,0.10124661028385162,0.29590725898742676,0.2816353738307953,0.15640738606452942,0.12461581081151962
AL397,0.8,0.133333333,0.9,0.0,1.1,0.3,0.4,0.4,0.066666667,0.166666667,0.0,0.0,0.0,0.133333333,0.2,0.033333333,0.3,0.233333333,0.166666667,0.566666667,1.366666667,0.0,0.733333333,0.0,0.0,0.2,0.0,0.1,0.1,0.4,0.3,0.133333333,0.166666667,0.5,0.133333333,1.533333333,0.133333333,0.0,0.0,0.0,0.4,0.033333333,0.0,0.0,0.0,0.1,0.133333333,0.233333333,0.566666667,0.066666667,0.4,0.44385746121406555,0.0548497810959816,0.3887602388858795,0.07147281616926193,0.4137078821659088,0.12727756798267365,0.16906152665615082,0.14079022407531738,0.22744663059711456,0.12105891108512878,0.10791301727294922,0.1081155464053154,0.0540248341858387,0.484186589717865,0.25557395815849304,0.18524068593978882,0.15717138350009918,0.1234947219491005,0.1216554343700409,0.6922001838684082,0.9517309665679932,0.1081961840391159,0.38844695687294006,0.09772489964962006,0.049745023250579834,0.16007569432258606,0.050531525164842606,0.07884781807661057,0.07578988373279572,0.19259454309940338,0.15442118048667908,0.06509840488433838,0.1173202395439148,0.32703736424446106,0.16449503600597382,0.8699362277984619,0.14283184707164764,0.059018757194280624,0.028298065066337585,0.08695925772190094,0.18669937551021576,0.14772453904151917,0.10488364845514297,0.08199462294578552,0.12126602977514267,0.1617930829524994,0.0928637757897377,0.1076447144150734,0.19988571107387543,0.1100623831152916,0.10829249769449234
AL612,1.5,0.0,1.066666667,0.233333333,0.733333333,0.133333333,0.4,0.133333333,0.666666667,0.066666667,0.0,0.0,0.0,0.8,0.066666667,0.166666667,0.1,0.1,0.033333333,0.333333333,0.866666667,0.0,0.133333333,0.0,0.0,0.4,0.0,0.0,0.0,0.266666667,0.0,0.0,0.0,0.266666667,0.1,1.0,0.1,0.366666667,0.0,0.0,0.3,0.2,0.0,0.0,0.166666667,0.1,0.466666667,0.033333333,0.4,0.1,0.233333333,0.7806537747383118,0.04333130642771721,0.7365512847900391,0.08979056030511856,0.6018940806388855,0.20209510624408722,0.4142383337020874,0.19011346995830536,0.40650373697280884,0.14236733317375183,0.1414695829153061,0.14937186241149902,0.05547409504652023,0.7462545037269592,0.22465501725673676,0.2215839922428131,0.2016954869031906,0.1545674204826355,0.15728914737701416,0.725669801235199,0.8962295651435852,0.11528067290782928,0.3454682230949402,0.03847731649875641,0.04107692465186119,0.20120762288570404,0.006011400371789932,0.015159057453274727,0.1008034497499466,0.17574667930603027,0.1576879322528839,0.09570598602294922,0.08761720359325409,0.3262537121772766,0.08015520870685577,0.7127309441566467,0.14051459729671478,0.08969050645828247,0.012025815434753895,0.12316077202558517,0.2534937858581543,0.15212076902389526,0.057570770382881165,0.1358911693096161,0.14454728364944458,0.2034456580877304,0.20825807750225067,0.13494257628917694,0.24200661480426788,0.27447083592414856,0.15751080214977264
AL679,0.233333333,0.066666667,0.433333333,0.1,0.366666667,0.333333333,0.366666667,0.066666667,0.333333333,0.933333333,0.0,0.1,0.0,0.666666667,0.0,0.2,0.033333333,0.0,0.133333333,0.0,0.133333333,0.0,0.033333333,0.0,0.0,0.166666667,0.0,0.0,0.0,0.4,0.133333333,0.1,0.333333333,0.033333333,0.1,0.766666667,1.166666667,1.166666667,0.2,0.6,0.2,0.0,0.566666667,0.233333333,0.1,0.666666667,0.4,0.133333333,0.1,0.233333333,0.1,0.5430310964584351,0.04494273662567139,0.6682467460632324,0.5035115480422974,0.4623555839061737,0.20473620295524597,0.5541142225265503,0.18513740599155426,0.5804932713508606,0.24981996417045593,0.13659965991973877,0.10812084376811981,0.05283641442656517,1.2765307426452637,0.27044203877449036,0.287588506937027,0.24522870779037476,0.04317212849855423,0.055648282170295715,0.2275724709033966,0.340201735496521,0.07876916229724884,0.23145586252212524,0.18148648738861084,0.05456499010324478,0.19505438208580017,0.09155510365962982,0.07622431218624115,0.131508469581604,0.33823031187057495,0.22758707404136658,0.07357709109783173,0.0702485591173172,0.1981823742389679,0.054624855518341064,0.7702344655990601,0.22000069916248322,0.2212527096271515,0.05178273841738701,0.1254734992980957,0.1035761833190918,0.09556715935468674,0.1224842369556427,0.14334222674369812,0.20973747968673706,0.22874882817268372,0.12564754486083984,0.16249705851078033,0.1653950959444046,0.18578360974788666,0.11196331679821014
AM131,0.166666667,0.0,0.466666667,0.0,0.266666667,0.033333333,0.733333333,0.166666667,1.233333333,0.1,0.833333333,0.2,0.0,1.1,0.2,0.133333333,0.133333333,0.066666667,0.1,0.2,0.566666667,0.066666667,0.5,0.0,0.0,0.133333333,0.066666667,0.0,0.3,0.333333333,0.5,0.0,0.0,0.0,0.2,0.266666667,0.033333333,0.0,0.0,0.1,0.266666667,0.233333333,0.1,0.1,0.0,0.0,0.133333333,0.4,0.4,0.333333333,0.066666667,0.44467389583587646,0.12939561903476715,0.41171154379844666,0.15706592798233032,0.373640239238739,0.12263459712266922,0.4300856292247772,0.19619710743427277,0.8242536783218384,0.21574604511260986,0.24693824350833893,0.485929936170578,0.07410294562578201,1.218641996383667,0.23388229310512543,0.2801783084869385,0.17740929126739502,0.12612409889698029,0.06640734523534775,0.40184450149536133,0.43819862604141235,0.1608753800392151,0.22273200750350952,0.13702861964702606,0.05887148156762123,0.33520084619522095,0.23013214766979218,0.11745243519544601,0.3123575448989868,0.43959125876426697,0.2995978891849518,0.18158066272735596,0.2515723705291748,0.19631695747375488,0.07273005694150925,0.4786670207977295,0.192301407456398,0.0626610815525055,0.07156160473823547,0.23330985009670258,0.14397993683815002,0.14134906232357025,0.14560922980308533,0.17655521631240845,0.17942631244659424,0.29012224078178406,0.2042994648218155,0.209195077419281,0.20268096029758453,0.1491461843252182,0.14164967834949493
AM286,0.233333333,0.0,0.233333333,0.0,0.366666667,0.066666667,0.266666667,0.1,0.366666667,0.0,0.0,0.233333333,0.0,1.7,1.366666667,1.1,0.5,0.1,0.0,0.266666667,0.8,0.033333333,0.266666667,0.066666667,0.166666667,0.3,0.466666667,0.0,0.4,0.033333333,0.2,0.0,0.033333333,0.333333333,0.1,0.6,0.033333333,0.0,0.0,0.033333333,0.066666667,0.166666667,0.0,0.066666667,0.266666667,0.133333333,0.0,0.233333333,0.266666667,0.166666667,0.066666667,0.38465338945388794,0.022717788815498352,0.3795563280582428,0.08215020596981049,0.25902390480041504,0.14857567846775055,0.4456790089607239,0.2213975191116333,0.9000773429870605,0.13739968836307526,0.25985127687454224,0.24127793312072754,0.07832151651382446,1.263560175895691,0.24566127359867096,0.27283552289009094,0.16324280202388763,0.05487231910228729,0.06352263689041138,0.2992071211338043,0.34090518951416016,0.039335947483778,0.22864507138729095,0.08957083523273468,0.057505544275045395,0.19065237045288086,0.17459671199321747,0.045062609016895294,0.2139996886253357,0.40730923414230347,0.31973937153816223,0.12464066594839096,0.0614766962826252,0.11122036725282669,0.04203043505549431,0.3920149505138397,0.15471628308296204,0.027091778814792633,0.028204867616295815,0.14019744098186493,0.08494079113006592,0.054947663098573685,0.08239314705133438,0.15120315551757812,0.11838990449905396,0.2579604387283325,0.138421431183815,0.2602185904979706,0.1437326967716217,0.1524001806974411,0.12079402804374695
AM518,0.4,0.0,0.666666667,1.5,0.633333333,0.433333333,0.333333333,0.4,0.2,0.066666667,0.0,0.0,0.0,1.066666667,0.3,0.566666667,0.1,0.233333333,0.2,0.166666667,0.266666667,0.0,0.233333333,0.0,0.1,0.3,0.133333333,0.0,0.0,0.133333333,0.2,0.0,0.0,0.1,0.0,0.3,0.0,0.0,0.0,0.0,0.2,0.0,0.0,0.166666667,0.8,0.066666667,0.0,0.266666667,0.366666667,0.066666667,0.133333333,0.35238635540008545,0.021210994571447372,0.5082780718803406,0.42380258440971375,0.351599782705307,0.20831649005413055,0.429300457239151,0.30036622285842896,0.6250899434089661,0.1263016313314438,0.2133205085992813,0.20998984575271606,0.07604596763849258,1.3323180675506592,0.39079734683036804,0.35091444849967957,0.3326382339000702,0.10965721309185028,0.08407869935035706,0.2102503627538681,0.1922656148672104,0.05799221247434616,0.19585850834846497,0.06953051686286926,0.044356588274240494,0.16165892779827118,0.07110749185085297,0.04612438380718231,0.03575035184621811,0.19343878328800201,0.19230876863002777,0.18355166912078857,0.14752282202243805,0.0977841168642044,0.03414224088191986,0.44809582829475403,0.14334064722061157,0.03783053532242775,0.019600238651037216,0.11949732899665833,0.19566088914871216,0.1941230297088623,0.04127198085188866,0.3412647843360901,0.3263953626155853,0.2582071125507355,0.14217711985111237,0.41024133563041687,0.2546890676021576,0.15221726894378662,0.11654854565858841
AM654,0.166666667,0.1,0.4,0.7,0.366666667,0.033333333,0.0,0.133333333,0.366666667,0.0,0.0,0.0,0.0,0.666666667,0.3,0.3,0.366666667,0.0,0.0,0.733333333,1.633333333,0.0,1.1,0.0,0.166666667,0.066666667,0.0,0.266666667,0.033333333,0.0,0.033333333,0.0,0.0,0.366666667,0.0,0.666666667,0.1,0.2,0.0,0.033333333,0.233333333,0.0,0.0,0.133333333,0.533333333,0.0,0.0,0.366666667,0.1,0.2,0.1,0.4156149923801422,0.08317264169454575,0.5787507891654968,0.7238484025001526,0.3738281726837158,0.1366838663816452,0.29287242889404297,0.21074143052101135,0.612426221370697,0.17365501821041107,0.19044436514377594,0.17792747914791107,0.05305793508887291,1.3214547634124756,0.2781147360801697,0.34796515107154846,0.3064667284488678,0.12194568663835526,0.055340345948934555,0.315582275390625,0.23700912296772003,0.10267189890146255,0.21449559926986694,0.10198277235031128,0.054256927222013474,0.20119141042232513,0.10347329080104828,0.0537487268447876,0.11182133108377457,0.24954946339130402,0.22960753738880157,0.12835007905960083,0.23643788695335388,0.12095186114311218,0.04851805791258812,0.607094943523407,0.14330635964870453,0.05023173615336418,0.0464041642844677,0.2012401819229126,0.176910400390625,0.15142732858657837,0.11203205585479736,0.16803352534770966,0.32376569509506226,0.3532220125198364,0.1459467113018036,0.32185590267181396,0.2531048655509949,0.20085564255714417,0.1033962070941925
AM911,0.666666667,0.0,0.466666667,0.033333333,0.633333333,0.1,0.433333333,0.266666667,0.2,0.066666667,0.0,0.0,0.0,0.633333333,0.133333333,0.133333333,0.0,0.0,0.066666667,1.333333333,1.5,0.533333333,0.6,0.066666667,0.0,0.0,0.0,0.2,0.2,0.366666667,0.133333333,0.266666667,0.433333333,0.733333333,0.1,0.6,0.033333333,0.0,0.033333333,0.0,0.066666667,0.0,0.166666667,0.033333333,0.066666667,0.066666667,0.2,0.066666667,0.066666667,0.0,0.066666667,0.3807763159275055,0.16744288802146912,0.6844143271446228,0.292024701833725,0.5060163140296936,0.20280905067920685,0.7343225479125977,0.35736730694770813,0.7540677785873413,0.16820211708545685,0.24972404539585114,0.25924623012542725,0.07332225888967514,1.1796993017196655,0.30955520272254944,0.29661157727241516,0.2448979616165161,0.09258051961660385,0.07406298071146011,0.3617163896560669,0.2632909119129181,0.26511871814727783,0.22087690234184265,0.12783631682395935,0.04848717153072357,0.21516115963459015,0.11902277916669846,0.07027728855609894,0.49841850996017456,0.3201267123222351,0.3382300138473511,0.2309577763080597,0.786960780620575,0.22251398861408234,0.0703870952129364,0.5621783137321472,0.1806919127702713,0.022391997277736664,0.040139880031347275,0.18488693237304688,0.156898632645607,0.14610488712787628,0.10868500173091888,0.23703902959823608,0.21981601417064667,0.23088738322257996,0.1416487693786621,0.36130982637405396,0.1685067117214203,0.14617294073104858,0.11373504996299744
AN176,0.766666667,0.266666667,0.4,0.266666667,0.9,0.2,0.5,0.5,0.933333333,0.333333333,0.1,0.266666667,0.0,1.7,0.5,0.5,0.566666667,0.333333333,0.1,0.0,0.0,0.0,0.133333333,0.1,0.0,0.433333333,0.133333333,0.0,0.0,0.133333333,0.1,0.0,0.0,0.133333333,0.066666667,0.466666667,0.0,0.0,0.0,0.0,0.366666667,0.133333333,0.0,0.1,0.066666667,0.066666667,0.0,0.533333333,0.366666667,0.0,0.1,0.397763192653656,0.05441717058420181,0.3185833990573883,0.20236098766326904,0.2223294973373413,0.08360335975885391,0.2907312214374542,0.25731730461120605,0.5270159244537354,0.11654894053936005,0.17653170228004456,0.2634402811527252,0.09270147979259491,1.3744436502456665,0.5697585344314575,0.3498353362083435,0.31277328729629517,0.18511399626731873,0.1453961431980133,0.3370669484138489,0.36305516958236694,0.15022516250610352,0.24016252160072327,0.12615720927715302,0.060400303453207016,0.1669778972864151,0.12759123742580414,0.12823300063610077,0.051207780838012695,0.1676548570394516,0.1982288807630539,0.10176970064640045,0.14574691653251648,0.22665171325206757,0.06258244812488556,0.4417002499103546,0.17996373772621155,0.04932195693254471,0.019921747967600822,0.10094234347343445,0.2867865562438965,0.1586456149816513,0.06606919318437576,0.32882022857666016,0.20637011528015137,0.20531970262527466,0.09647275507450104,0.4124242663383484,0.2516160011291504,0.12696613371372223,0.08545789122581482
AO055,0.333333333,0.0,0.7,0.333333333,0.466666667,0.433333333,0.466666667,0.533333333,0.633333333,0.0,0.166666667,0.266666667,0.0,1.233333333,0.266666667,0.4,0.366666667,0.0,0.0,0.133333333,0.366666667,0.133333333,0.066666667,0.266666667,0.1,0.0,0.566666667,0.133333333,0.533333333,0.366666667,0.266666667,0.466666667,0.566666667,0.0,0.266666667,0.433333333,0.133333333,0.1,0.4,1.266666667,0.233333333,0.133333333,0.066666667,0.233333333,0.233333333,0.366666667,0.0,0.066666667,0.233333333,0.233333333,0.0,0.3964303433895111,0.09014104306697845,0.6105400323867798,0.4951328635215759,0.5840380787849426,0.18401886522769928,0.60343998670578,0.34383705258369446,0.9968289136886597,0.31878870725631714,0.27650853991508484,0.5522053837776184,0.07577270269393921,1.4069992303848267,0.30587977170944214,0.31347474455833435,0.33849310874938965,0.11344237625598907,0.06878802925348282,0.3402109444141388,0.3596605956554413,0.17783866822719574,0.22550471127033234,0.16904325783252716,0.05070498213171959,0.2206633985042572,0.24543000757694244,0.10555186867713928,0.2734495997428894,0.4462064504623413,0.39203229546546936,0.2531912624835968,0.2529892027378082,0.14067675173282623,0.09931282699108124,0.5707582235336304,0.1592414826154709,0.05051322281360626,0.060386624187231064,0.22052763402462006,0.14022594690322876,0.10486963391304016,0.14197534322738647,0.20682522654533386,0.1842334121465683,0.2695449888706207,0.11431314051151276,0.30072879791259766,0.16220514476299286,0.12317804247140884,0.11582232266664505
AO060,0.5,0.0,0.833333333,0.1,1.166666667,0.433333333,0.2,0.366666667,0.266666667,0.033333333,0.0,0.0,0.0,0.6,0.266666667,0.2,0.4,0.3,0.066666667,0.433333333,0.8,0.0,0.733333333,0.0,0.0,0.066666667,0.0,0.0,0.0,0.266666667,0.133333333,0.066666667,0.0,0.933333333,0.0,1.366666667,0.233333333,0.0,0.033333333,0.366666667,0.333333333,0.266666667,0.0,0.3,0.2,0.166666667,0.233333333,0.2,0.733333333,0.733333333,0.0,0.5171267986297607,0.12960700690746307,0.7604588866233826,0.316573828458786,0.6347918510437012,0.2250470370054245,0.5465171933174133,0.35209769010543823,0.8268337249755859,0.2906705439090729,0.21690912544727325,0.1878659874200821,0.06824719160795212,1.0821819305419922,0.28752216696739197,0.26760992407798767,0.3247453272342682,0.21459083259105682,0.24269086122512817,0.3881809413433075,0.5864715576171875,0.1237434446811676,0.2987965941429138,0.15320907533168793,0.0521569587290287,0.19234000146389008,0.07783109694719315,0.06099245697259903,0.23917166888713837,0.34700900316238403,0.24224773049354553,0.15232695639133453,0.2960415482521057,0.27165040373802185,0.06633983552455902,0.6397272348403931,0.20485243201255798,0.048475395888090134,0.036148738116025925,0.11101500689983368,0.26982444524765015,0.1447739154100418,0.11975804716348648,0.4479188919067383,0.24977517127990723,0.3626106381416321,0.28153905272483826,0.5381208658218384,0.2402697503566742,0.24900318682193756,0.12381284683942795
AO074,0.633333333,0.0,0.8,0.566666667,0.5,0.233333333,0.433333333,0.566666667,0.533333333,0.066666667,0.1,0.233333333,0.0,1.0,0.266666667,0.2,0.133333333,0.033333333,0.066666667,1.2,1.933333333,0.133333333,1.066666667,0.0,0.066666667,0.066666667,0.133333333,0.066666667,0.166666667,0.2,0.0,0.0,0.0,0.433333333,0.0,0.966666667,0.166666667,0.0,0.0,0.133333333,0.1,0.066666667,0.0,0.366666667,0.1,0.033333333,0.2,0.0,0.1,0.166666667,0.0,0.39713266491889954,0.025622466579079628,0.5107142329216003,0.23703019320964813,0.46006888151168823,0.15632136166095734,0.33917179703712463,0.40422677993774414,0.5883002281188965,0.11777589470148087,0.20279373228549957,0.2400645911693573,0.08512375503778458,1.4477267265319824,0.3834329843521118,0.3453079164028168,0.3014810383319855,0.09705273807048798,0.048759352415800095,0.31358057260513306,0.2688644528388977,0.07700201869010925,0.212274432182312,0.11204758286476135,0.05307186767458916,0.15356813371181488,0.05606502667069435,0.04758085310459137,0.03989044204354286,0.18366193771362305,0.214809387922287,0.05345617234706879,0.061449866741895676,0.25052767992019653,0.04174277186393738,0.559678852558136,0.1444316804409027,0.0023635784164071083,0.01072391215711832,0.025244619697332382,0.18230679631233215,0.18573884665966034,0.05644294247031212,0.1970495879650116,0.2273535132408142,0.2211550623178482,0.08663924038410187,0.4423876404762268,0.23064792156219482,0.1658610999584198,0.07790236175060272
AO208,0.333333333,0.0,0.233333333,0.066666667,0.266666667,0.0,0.233333333,0.066666667,0.7,0.1,0.1,0.1,0.066666667,0.6,0.433333333,0.266666667,0.1,0.033333333,0.0,0.766666667,0.333333333,0.633333333,0.233333333,0.133333333,0.0,0.0,0.966666667,0.1,0.866666667,1.0,0.466666667,0.6,1.4,0.5,0.333333333,1.433333333,0.233333333,0.233333333,0.533333333,1.066666667,0.033333333,0.1,0.2,0.0,0.166666667,0.4,0.133333333,0.0,0.133333333,0.0,0.0,0.24636894464492798,0.025356361642479897,0.3254335820674896,0.44558843970298767,0.2279905527830124,0.15190598368644714,0.41214555501937866,0.1985820233821869,0.5780332088470459,0.17314985394477844,0.25563645362854004,0.23366931080818176,0.07026049494743347,1.0126444101333618,0.23497992753982544,0.25756460428237915,0.18601587414741516,0.08314545452594757,0.05659274756908417,0.2048022598028183,0.14522923529148102,0.18573448061943054,0.2118241935968399,0.08322259038686752,0.04849683493375778,0.20702913403511047,0.16293607652187347,0.08856657147407532,0.3032190799713135,0.43505430221557617,0.3251897990703583,0.2133985012769699,0.5289106369018555,0.1215035617351532,0.05967625603079796,0.5329172015190125,0.13897162675857544,0.05170101299881935,0.05580265447497368,0.21072478592395782,0.12287955731153488,0.06275635957717896,0.08892213553190231,0.15260176360607147,0.2808191776275635,0.278036504983902,0.11071624606847763,0.17454901337623596,0.10809505730867386,0.09325861185789108,0.07181604206562042
AO500,0.1,0.0,0.5,0.3,0.1,0.133333333,0.233333333,0.6,0.1,0.0,0.0,0.0,0.0,1.366666667,0.6,0.833333333,0.3,0.5,0.9,0.6,0.566666667,0.333333333,0.4,0.233333333,0.0,0.266666667,0.066666667,0.2,0.2,0.4,0.1,0.433333333,1.833333333,0.233333333,0.0,0.333333333,0.266666667,0.0,0.033333333,0.066666667,0.233333333,0.0,0.066666667,0.166666667,0.166666667,0.2,0.033333333,0.166666667,0.1,0.0,0.0,0.3510158360004425,0.008279903791844845,0.28831928968429565,0.18595649302005768,0.23745420575141907,0.06203189119696617,0.23195844888687134,0.28171437978744507,0.43008822202682495,0.10305673629045486,0.12108488380908966,0.17174820601940155,0.06159238517284393,1.2329487800598145,0.47448718547821045,0.3500894010066986,0.3224102556705475,0.2813299894332886,0.18301384150981903,0.5087932348251343,0.3723656237125397,0.2622365355491638,0.24986276030540466,0.11521010845899582,0.08503296226263046,0.18017004430294037,0.0461190901696682,0.09398974478244781,0.08988503366708755,0.21785444021224976,0.21356052160263062,0.26311981678009033,0.35232704877853394,0.1574915498495102,0.050258174538612366,0.42675861716270447,0.10921505093574524,0.017857016995549202,0.020939020439982414,0.08819790929555893,0.17652451992034912,0.12806397676467896,0.06904079765081406,0.18096306920051575,0.13851439952850342,0.1430720090866089,0.07170392572879791,0.23748022317886353,0.211234450340271,0.16733939945697784,0.07552002370357513
AP164,1.066666667,0.0,1.5,0.066666667,0.366666667,0.033333333,0.2,0.333333333,1.2,0.1,0.366666667,0.733333333,0.1,1.7,0.266666667,0.533333333,0.6,0.0,0.066666667,0.433333333,0.533333333,0.166666667,0.366666667,0.166666667,0.0,0.066666667,0.1,0.033333333,0.0,0.5,0.3,0.133333333,0.566666667,0.5,0.2,0.566666667,0.0,0.0,0.0,0.0,0.3,0.333333333,0.0,0.2,0.133333333,0.5,0.266666667,0.4,0.233333333,0.3,0.133333333,0.4065124988555908,0.049201056361198425,0.8118302226066589,0.3160015344619751,0.3539624810218811,0.12892012298107147,0.6196295619010925,0.247532457113266,0.7090500593185425,0.14857642352581024,0.25303739309310913,0.24605275690555573,0.07655812799930573,1.0021923780441284,0.23457050323486328,0.22674837708473206,0.20775657892227173,0.07542002946138382,0.05408353731036186,0.2178768366575241,0.27108830213546753,0.07805114984512329,0.22584547102451324,0.11228754371404648,0.04781074449419975,0.19972798228263855,0.05006014183163643,0.046953730285167694,0.14776837825775146,0.29104793071746826,0.32678893208503723,0.09680415689945221,0.22344738245010376,0.10193335264921188,0.07128030061721802,0.5183864235877991,0.10772549360990524,0.009467033669352531,0.016929013654589653,0.0807824581861496,0.13398964703083038,0.1672009825706482,0.11149288713932037,0.20693866908550262,0.2246898114681244,0.22604337334632874,0.1301364302635193,0.27469781041145325,0.201786607503891,0.15724128484725952,0.10271887481212616
AP385,0.433333333,0.033333333,0.066666667,0.0,0.366666667,0.066666667,0.433333333,0.1,1.633333333,0.033333333,0.233333333,0.3,0.366666667,1.333333333,0.466666667,0.3,0.2,0.0,0.0,0.066666667,0.0,0.1,0.0,0.1,0.1,0.133333333,0.433333333,0.033333333,0.366666667,0.4,0.866666667,1.133333333,0.3,0.0,0.3,0.766666667,0.233333333,0.266666667,0.366666667,1.9,0.3,0.2,0.2,0.066666667,0.0,0.066666667,0.1,0.133333333,0.1,0.133333333,0.066666667,0.289770245552063,0.020258866250514984,0.4222145080566406,0.26368844509124756,0.36947956681251526,0.12415424734354019,0.5094852447509766,0.23276007175445557,0.8655871748924255,0.13816340267658234,0.21829648315906525,0.24433960020542145,0.07543367892503738,1.3276960849761963,0.3210309147834778,0.3274715542793274,0.2030181586742401,0.07774210721254349,0.06869550049304962,0.33810561895370483,0.38945263624191284,0.13855767250061035,0.2309669405221939,0.1898568868637085,0.046086184680461884,0.2050374299287796,0.2559813857078552,0.11933514475822449,0.2398262917995453,0.3617812991142273,0.33304256200790405,0.33527547121047974,0.1674533486366272,0.11766550689935684,0.057979386299848557,0.6855213642120361,0.12425655871629715,0.12027693539857864,0.06185773015022278,0.5708334445953369,0.17356909811496735,0.12180890887975693,0.14035499095916748,0.18824781477451324,0.18944023549556732,0.18663658201694489,0.11506085842847824,0.11972813308238983,0.1862076073884964,0.145820751786232,0.06941389292478561
AP431,0.133333333,0.0,0.266666667,0.433333333,0.066666667,0.066666667,0.3,0.233333333,3.166666667,0.0,0.7,2.366666667,0.233333333,2.566666667,0.566666667,0.266666667,0.1,0.0,0.0,0.233333333,0.4,0.266666667,0.2,0.066666667,0.0,0.033333333,0.0,0.0,0.0,0.333333333,0.266666667,0.233333333,1.033333333,0.066666667,0.0,0.333333333,0.166666667,0.0,0.1,0.1,0.233333333,0.266666667,0.066666667,0.133333333,0.3,0.233333333,0.066666667,0.233333333,0.233333333,0.0,0.166666667,0.22837156057357788,0.028278961777687073,0.3326103091239929,0.18404696881771088,0.2281198352575302,0.06518745422363281,0.25146424770355225,0.2102695107460022,0.45646730065345764,0.11585453152656555,0.2000163495540619,0.24519124627113342,0.0753946602344513,0.7881788611412048,0.21533772349357605,0.22433972358703613,0.16670221090316772,0.09306665509939194,0.06729880720376968,0.28512126207351685,0.2736162543296814,0.2056417018175125,0.22666776180267334,0.12230876088142395,0.04722242057323456,0.1851574331521988,0.06910470873117447,0.07776965200901031,0.20122645795345306,0.2676745057106018,0.3636827766895294,0.23030208051204681,0.6512452363967896,0.10923496633768082,0.055098701268434525,0.5030887126922607,0.15518894791603088,0.06051468476653099,0.03543807938694954,0.11045053601264954,0.18281066417694092,0.12683041393756866,0.0804596021771431,0.21626998484134674,0.16577138006687164,0.19824135303497314,0.06867678463459015,0.15990954637527466,0.18443100154399872,0.10829035192728043,0.05570172891020775
AP524,0.233333333,0.066666667,0.366666667,0.5,0.233333333,0.133333333,0.466666667,0.9,0.4,0.0,0.066666667,0.133333333,0.1,1.133333333,0.466666667,0.333333333,0.5,0.066666667,0.133333333,0.4,0.366666667,0.5,0.133333333,0.3,0.0,0.233333333,0.133333333,0.166666667,0.0,0.4,0.5,0.466666667,1.6,0.166666667,0.0,0.833333333,0.166666667,0.233333333,0.133333333,0.3,0.733333333,0.1,0.5,0.233333333,0.166666667,0.366666667,0.066666667,0.0,0.633333333,0.0,0.0,0.3641904890537262,0.04102908819913864,0.48326966166496277,0.20812678337097168,0.3989347815513611,0.1501079946756363,0.37314698100090027,0.21951831877231598,0.6268298029899597,0.11200664937496185,0.17398591339588165,0.1417228728532791,0.05053447559475899,1.0067998170852661,0.2508671283721924,0.26925963163375854,0.2789248526096344,0.14202100038528442,0.08724670112133026,0.5093280076980591,0.4008592963218689,0.2091934233903885,0.24826833605766296,0.17172180116176605,0.04599013552069664,0.17902708053588867,0.09286625683307648,0.04598653316497803,0.13040271401405334,0.28225573897361755,0.3423829972743988,0.25400593876838684,0.8422476649284363,0.11904070526361465,0.047632887959480286,0.7953583002090454,0.09868493676185608,0.058684904128313065,0.03096545860171318,0.17460386455059052,0.15793344378471375,0.13496127724647522,0.1342809647321701,0.14847052097320557,0.15856978297233582,0.15733972191810608,0.14578121900558472,0.06063016504049301,0.16744832694530487,0.17988839745521545,0.06920126080513
AP591,0.8,1.533333333,0.533333333,0.233333333,0.6,0.166666667,0.866666667,0.6,1.833333333,0.066666667,0.266666667,0.766666667,0.3,1.7,0.166666667,0.166666667,0.0,0.0,0.0,0.3,0.366666667,0.166666667,0.1,0.066666667,0.066666667,0.266666667,0.166666667,0.033333333,0.0,0.266666667,0.1,0.0,0.166666667,0.1,0.066666667,0.166666667,0.0,0.0,0.066666667,0.0,0.233333333,0.2,0.133333333,0.3,0.1,0.1,0.166666667,0.066666667,0.466666667,0.3,0.066666667,0.4348700940608978,0.1331363171339035,0.4526456296443939,0.22603841125965118,0.3279275894165039,0.15901319682598114,0.3908888101577759,0.188283309340477,0.9278208017349243,0.11810716241598129,0.2256634682416916,0.20496666431427002,0.06427392363548279,1.4121291637420654,0.22776097059249878,0.2586262822151184,0.16767296195030212,0.04542352259159088,0.05588892847299576,0.15487787127494812,0.2286371886730194,0.04309675842523575,0.21822801232337952,0.09270309656858444,0.04404537379741669,0.14801859855651855,0.030936801806092262,0.01848856918513775,0.07902251183986664,0.21679946780204773,0.22653701901435852,0.046661924570798874,0.12427496910095215,0.1742948293685913,0.059959229081869125,0.6074675917625427,0.132327139377594,0.021565670147538185,0.01416538655757904,0.10488984733819962,0.18908675014972687,0.1681356430053711,0.08219229429960251,0.18773336708545685,0.20717290043830872,0.15334437787532806,0.09982190281152725,0.19470690190792084,0.26526597142219543,0.1791076809167862,0.050750069320201874
AP781,0.4,0.1,0.433333333,0.0,0.233333333,0.066666667,0.066666667,0.166666667,0.2,0.066666667,0.0,0.266666667,0.133333333,0.566666667,0.066666667,0.0,0.066666667,0.066666667,0.1,1.566666667,1.666666667,0.466666667,0.366666667,0.466666667,0.0,0.333333333,0.5,0.533333333,0.866666667,0.566666667,0.233333333,0.3,1.833333333,0.2,0.133333333,0.533333333,0.233333333,0.033333333,0.266666667,0.2,0.0,0.033333333,0.133333333,0.033333333,0.0,0.2,0.133333333,0.1,0.066666667,0.1,0.0,0.27491962909698486,0.06791234761476517,0.3525450825691223,0.14030098915100098,0.17689763009548187,0.14903801679611206,0.19772009551525116,0.11678779870271683,0.3696540296077728,0.10733718425035477,0.19648580253124237,0.1486710011959076,0.05615657940506935,0.4464064836502075,0.10621470957994461,0.14337489008903503,0.1107422262430191,0.08819079399108887,0.06851758807897568,0.41044944524765015,0.41025105118751526,0.19479385018348694,0.24310046434402466,0.18806390464305878,0.04745063558220863,0.1344972550868988,0.06432243436574936,0.11608216911554337,0.1759650558233261,0.23637999594211578,0.3020925223827362,0.2331005185842514,0.6737455129623413,0.1593104749917984,0.08457677066326141,0.4595806300640106,0.15351366996765137,0.028743863105773926,0.018604882061481476,0.3998582363128662,0.1656806766986847,0.11739157885313034,0.09117311984300613,0.16971485316753387,0.19091379642486572,0.22140894830226898,0.0922657698392868,0.16211652755737305,0.21253417432308197,0.10094509273767471,0.05839645490050316
AP990,0.433333333,0.133333333,0.2,0.0,0.0,0.0,0.1,0.166666667,0.8,0.0,0.333333333,0.266666667,0.066666667,0.733333333,0.433333333,0.266666667,0.166666667,0.0,0.0,0.333333333,0.166666667,0.566666667,0.066666667,0.8,0.033333333,0.3,0.4,0.366666667,1.4,0.366666667,0.466666667,1.3,0.466666667,0.0,0.233333333,0.233333333,0.033333333,0.3,0.233333333,1.633333333,0.0,0.066666667,0.166666667,0.0,0.0,0.1,0.0,0.066666667,0.0,0.133333333,0.0,0.34185919165611267,0.03648561239242554,0.280118852853775,0.051158398389816284,0.16219885647296906,0.04897089675068855,0.1757543534040451,0.13661779463291168,0.8672362565994263,0.13566210865974426,0.19389736652374268,0.2325838804244995,0.06724778562784195,0.93846195936203,0.1731737107038498,0.2150699943304062,0.07874924689531326,0.025921661406755447,0.04597107693552971,0.2008683830499649,0.16054858267307281,0.23436790704727173,0.2340707927942276,0.18208937346935272,0.09087598323822021,0.12211180478334427,0.3091515004634857,0.20007270574569702,1.0201078653335571,0.44647783041000366,0.3112887144088745,0.6465259194374084,0.1923757940530777,0.1403064876794815,0.15832224488258362,0.45635056495666504,0.12420481443405151,0.0873216912150383,0.07258102297782898,0.639036238193512,0.09157077968120575,0.11086764931678772,0.07955081015825272,0.1187095046043396,0.11273892223834991,0.2601929306983948,0.0916672945022583,0.38968580961227417,0.15519073605537415,0.09826429188251495,0.07028491050004959
AQ008,0.566666667,0.233333333,0.333333333,0.166666667,0.266666667,0.1,0.433333333,0.7,0.766666667,0.166666667,0.166666667,0.4,0.1,1.3,0.633333333,0.966666667,0.033333333,0.0,0.033333333,0.0,0.0,0.0,0.1,0.0,0.033333333,0.1,0.266666667,0.1,0.133333333,0.166666667,0.266666667,0.0,0.0,0.0,0.0,0.2,0.0,0.0,0.0,0.066666667,0.066666667,0.166666667,0.0,0.033333333,0.066666667,0.066666667,0.033333333,0.5,0.2,0.0,0.0,0.3787977397441864,0.051445234566926956,0.32619771361351013,0.1566975861787796,0.2616804242134094,0.135541170835495,0.2613500654697418,0.14589184522628784,0.4545949101448059,0.15777122974395752,0.14665372669696808,0.13999582827091217,0.07108559459447861,0.7316716313362122,0.2034497708082199,0.28792059421539307,0.17547278106212616,0.08114321529865265,0.10655209422111511,0.17573633790016174,0.3266622722148895,0.15391460061073303,0.21173958480358124,0.0648050308227539,0.06122857704758644,0.1560247838497162,0.29300105571746826,0.23929429054260254,0.24987934529781342,0.2662895619869232,0.21051277220249176,0.23685264587402344,0.15550284087657928,0.22899720072746277,0.07896197587251663,0.4204600155353546,0.1850958913564682,0.04163864254951477,0.11317519843578339,0.3030135929584503,0.09028647094964981,0.1483307033777237,0.08635244518518448,0.2716388404369354,0.17125092446804047,0.3841024339199066,0.1798054426908493,0.35977068543434143,0.14627568423748016,0.09132614731788635,0.12027261406183243
AQ563,0.5,0.2,0.2,0.0,0.166666667,0.0,0.466666667,0.5,1.7,0.2,0.666666667,0.733333333,0.3,1.9,0.7,0.733333333,0.066666667,0.0,0.0,0.0,0.2,0.0,0.1,0.0,0.066666667,0.1,0.066666667,0.166666667,0.033333333,0.333333333,0.333333333,0.066666667,0.1,0.066666667,0.0,0.3,0.1,0.0,0.0,0.233333333,0.2,0.0,0.1,0.2,0.0,0.1,0.0,0.366666667,0.066666667,0.0,0.0,0.3506632149219513,0.09986472874879837,0.2850154638290405,0.15097877383232117,0.20935380458831787,0.07892391085624695,0.37857457995414734,0.1339682936668396,0.616245448589325,0.22770027816295624,0.5788488388061523,0.22343800961971283,0.07809633016586304,0.7557284832000732,0.21618694067001343,0.2648577094078064,0.1543017029762268,0.0972517728805542,0.08626177161931992,0.41319194436073303,0.23207546770572662,0.2259560227394104,0.22235345840454102,0.10471800714731216,0.05994746461510658,0.23456566035747528,0.5255538821220398,0.26027849316596985,0.45339739322662354,0.6213661432266235,0.3922884166240692,0.3511452376842499,0.3778004050254822,0.35135436058044434,0.1511426717042923,0.3984908163547516,0.1630304902791977,0.07142888009548187,0.07137754559516907,0.37471720576286316,0.0921943336725235,0.12149878591299057,0.07852577418088913,0.39235514402389526,0.2562043368816376,0.22841738164424896,0.08367293328046799,0.23594141006469727,0.13028965890407562,0.09241068363189697,0.11934244632720947
AF301,0.1875,0.125,0.21875,0.125,0.40625,0.09375,0.34375,0.25,0.40625,0.09375,0.0625,0.125,0.0,0.59375,0.21875,0.34375,0.0625,0.0625,0.1875,0.75,0.9375,0.0,0.71875,0.25,0.125,0.3125,0.0,0.0,0.0,0.03125,0.15625,0.0,0.0,0.0625,0.0,0.8125,0.3125,0.0,0.0,0.125,0.375,0.71875,0.0,0.25,0.375,0.65625,0.3125,0.96875,0.34375,0.03125,0.15625,0.30483269691467285,0.3154994249343872,0.6038368344306946,0.35272327065467834,0.3468592166900635,0.34494727849960327,0.46740785241127014,0.366057425737381,0.8901428580284119,0.20505931973457336,0.2761744558811188,0.37474292516708374,0.07530967891216278,1.1956965923309326,0.19787299633026123,0.290641188621521,0.14967352151870728,0.06531689316034317,0.05034152790904045,0.023989282548427582,0.09346988052129745,0.0008314586011692882,0.20871609449386597,0.06831768900156021,0.0472981296479702,0.24117428064346313,0.00013109690917190164,0.02269340120255947,0.0399935320019722,0.06547748297452927,0.14874158799648285,-0.000801685790065676,-0.004404476843774319,0.08696863800287247,0.04608640447258949,0.5304718017578125,0.3733721673488617,0.00033705809619277716,0.010211733169853687,0.0030459279660135508,0.1329403817653656,0.2000439465045929,0.0216154046356678,0.3689437806606293,0.3944469690322876,0.28472453355789185,0.1609419286251068,0.8333351612091064,0.41484755277633667,0.24633532762527466,0.17693060636520386
AF442,0.1875,0.15625,0.15625,0.0,0.0,0.09375,0.53125,0.125,0.4375,0.09375,0.0,0.15625,0.0625,0.8125,0.5,0.125,0.0625,0.15625,0.09375,0.0,0.03125,0.0,0.34375,0.125,0.09375,0.3125,0.09375,0.0625,0.4375,0.21875,0.65625,0.1875,0.0,0.4375,0.0,0.9375,0.4375,0.0,0.09375,0.53125,0.25,0.59375,0.15625,0.03125,0.28125,1.0,0.15625,0.65625,0.625,0.21875,0.46875,0.20600424706935883,0.06489530950784683,0.23586688935756683,0.3290014863014221,0.2793941795825958,0.10877285152673721,0.4491114318370819,0.3106134533882141,1.0239391326904297,0.18198171257972717,0.3755880296230316,0.511344850063324,0.08616809546947479,1.1543246507644653,0.23548153042793274,0.2885298728942871,0.22330507636070251,0.06913533061742783,0.044757381081581116,0.03527519106864929,0.2983849346637726,0.0040785823948681355,0.21707938611507416,0.10753991454839706,0.07550909370183945,0.22159351408481598,0.11889935284852982,0.044680431485176086,0.5183563828468323,0.3761742115020752,0.5366131067276001,0.07552597671747208,-0.0016382342437282205,0.15304100513458252,0.02875460684299469,0.6675336360931396,0.4755789637565613,-0.0007111416780389845,0.09626282006502151,0.23892736434936523,0.08651192486286163,0.2122947871685028,0.11886514723300934,0.28661224246025085,0.14176566898822784,0.35162729024887085,0.1107487604022026,0.5746296048164368,0.1560346633195877,0.15219484269618988,0.05348785221576691
AG346,0.133333333,0.133333333,0.633333333,2.166666667,0.433333333,0.166666667,0.233333333,0.2,1.366666667,0.166666667,0.366666667,0.233333333,0.0,2.033333333,0.2,0.4,0.433333333,0.0,0.0,0.0,0.1,0.0,0.133333333,0.0,0.0,0.066666667,0.0,0.0,0.0,0.066666667,0.233333333,0.0,0.133333333,0.0,0.0,0.2,0.1,0.0,0.0,0.0,0.1,0.0,0.0,0.366666667,0.633333333,0.133333333,0.0,0.466666667,0.1,0.066666667,0.0,0.27124178409576416,0.013718010857701302,0.43276649713516235,1.24602210521698,0.19910761713981628,0.31329941749572754,0.28030455112457275,0.2662774622440338,0.9451238512992859,0.13051821291446686,0.1643151491880417,0.496114581823349,0.06410989165306091,1.343240737915039,0.20169669389724731,0.3366366922855377,0.25800082087516785,0.01868555136024952,0.05041346326470375,0.06381729990243912,0.08934284746646881,0.007076569367200136,0.19368775188922882,0.024156784638762474,0.043929945677518845,0.08391623944044113,0.02249898388981819,0.04964318126440048,0.008894521743059158,0.05639050900936127,0.20840612053871155,0.011392498388886452,0.05506426468491554,0.09166321903467178,0.024039251729846,0.47193601727485657,0.17769746482372284,0.03379020467400551,0.011715440079569817,0.025878088548779488,0.21200500428676605,0.3382759988307953,0.01288548856973648,0.75640869140625,0.7041114568710327,0.20893803238868713,0.051399026066064835,0.5963260531425476,0.258434921503067,0.04243018478155136,0.12815691530704498
AG742,0.166666667,0.0,0.766666667,0.4,0.3,0.1,1.2,0.3,0.933333333,0.3,0.1,0.833333333,0.166666667,1.466666667,0.1,0.366666667,0.266666667,0.0,0.033333333,0.066666667,0.066666667,0.066666667,0.066666667,0.066666667,0.0,0.0,0.0,0.0,0.0,0.033333333,0.033333333,0.0,0.0,0.0,0.033333333,0.633333333,0.133333333,0.0,0.0,0.0,0.133333333,0.133333333,0.0,1.1,0.3,0.2,0.033333333,0.466666667,0.566666667,0.166666667,0.0,0.4020550549030304,0.06284564733505249,0.9310574531555176,0.12582436203956604,0.35820725560188293,0.3562624454498291,1.2499481439590454,0.15914660692214966,0.9179360866546631,0.6395062208175659,0.3630727231502533,0.358143150806427,0.08362624049186707,1.1444073915481567,0.16795457899570465,0.27395814657211304,0.20366433262825012,0.08458448946475983,0.04989730939269066,0.05342831462621689,0.08157031238079071,0.004523748066276312,0.18216171860694885,0.008014416322112083,0.042744047939777374,0.09977662563323975,0.00266901939176023,0.004284788854420185,0.007119269575923681,0.04686376824975014,0.13185608386993408,0.00657009007409215,0.018287094309926033,0.09027714282274246,0.05924835801124573,0.2718454599380493,0.18961277604103088,0.004920133855193853,0.008234122768044472,0.006094248965382576,0.10252993553876877,0.2881169021129608,0.022281790152192116,0.4653351604938507,0.3406866490840912,0.14685121178627014,0.08220180869102478,0.43943947553634644,0.15794426202774048,0.06385518610477448,0.04745272174477577
AH286,0.4,0.066666667,0.233333333,0.166666667,0.266666667,0.2,0.6,0.066666667,0.533333333,0.0,0.0,0.133333333,0.0,0.9,0.466666667,0.266666667,0.533333333,0.0,0.066666667,0.1,0.3,0.033333333,0.133333333,0.0,0.0,0.633333333,0.0,0.0,0.0,0.066666667,0.1,0.0,0.0,0.133333333,0.2,1.2,0.266666667,0.0,0.0,0.033333333,0.2,0.3,0.0,0.933333333,0.666666667,0.066666667,0.0,0.433333333,0.633333333,0.166666667,0.366666667,0.3694879412651062,0.11955482512712479,0.47370144724845886,0.4301336705684662,0.4798619747161865,0.3369656801223755,0.24184396862983704,0.30211538076400757,0.46739763021469116,0.10388989746570587,0.09979903697967529,0.17235347628593445,0.07214336842298508,0.931765079498291,0.2802944481372833,0.3082355260848999,0.30440017580986023,0.15980352461338043,0.10433255136013031,0.0869532972574234,0.07141607254743576,0.09711188822984695,0.19243988394737244,0.11405282467603683,0.04229095205664635,0.18153369426727295,-0.00027718505589291453,0.00420187134295702,0.0029044724069535732,0.09088405966758728,0.13088101148605347,0.20285844802856445,0.35755038261413574,0.15363536775112152,0.21389055252075195,0.853182852268219,0.2823050022125244,-0.0002464534481987357,0.013509701937437057,0.1176537275314331,0.23221907019615173,0.34705644845962524,0.09838022291660309,0.4361068904399872,0.32129594683647156,0.23701390624046326,0.06515316665172577,0.4814624488353729,0.5390005111694336,0.12427408248186111,0.3420669138431549
AH664,0.2,0.0,0.233333333,0.0,0.333333333,0.066666667,0.633333333,0.366666667,0.933333333,0.1,0.266666667,0.233333333,0.0,0.866666667,0.433333333,0.433333333,0.366666667,0.0,0.033333333,0.033333333,0.066666667,0.0,0.066666667,0.0,0.066666667,0.533333333,0.233333333,0.2,1.033333333,0.4,0.7,0.333333333,0.0,0.3,0.0,0.833333333,0.333333333,0.0,0.233333333,0.166666667,0.266666667,0.266666667,0.2,0.4,0.3,0.233333333,0.0,0.0,0.2,0.0,0.1,0.218067929148674,0.005574245471507311,0.34130430221557617,0.16249988973140717,0.267262727022171,0.1618712693452835,0.47526827454566956,0.2539098858833313,0.8685209155082703,0.10648220777511597,0.35135212540626526,0.42008310556411743,0.09186065942049026,1.1418153047561646,0.3882048428058624,0.3033050000667572,0.26156172156333923,0.054014917463064194,0.057622622698545456,0.05050177499651909,0.09080462157726288,0.006301588844507933,0.23078234493732452,0.054516345262527466,0.06067017838358879,0.3827952444553375,0.1937972605228424,0.024019436910748482,0.6883140802383423,0.32958129048347473,0.39122578501701355,0.1668919175863266,0.005774176213890314,0.17090941965579987,0.022050876170396805,0.7157703638076782,0.2524939477443695,0.056883085519075394,0.1349356770515442,0.057286571711301804,0.19055728614330292,0.3628440201282501,0.17343613505363464,0.43009278178215027,0.16816918551921844,0.27519649267196655,0.07406052947044373,0.5388209819793701,0.1687903106212616,0.1488949954509735,0.12900838255882263
AI665,0.25,0.035714286,0.214285714,0.071428571,0.357142857,0.0,0.642857143,0.178571429,1.178571429,0.107142857,0.178571429,0.642857143,0.25,0.857142857,0.321428571,0.357142857,0.392857143,0.035714286,0.0,0.392857143,0.25,0.214285714,0.0,0.178571429,0.0,0.285714286,0.0,0.035714286,0.107142857,0.0,0.821428571,0.035714286,0.071428571,0.071428571,0.0,0.142857143,0.035714286,0.0,0.0,0.392857143,0.0,0.0,0.178571429,0.178571429,0.0,0.0,0.107142857,0.107142857,0.071428571,0.0,0.0,0.07907376438379288,0.0417804941534996,0.26846733689308167,0.11997491121292114,0.09695247560739517,0.016581909731030464,0.566672682762146,0.17072217166423798,1.882371425628662,0.1845323145389557,0.3526056706905365,0.792965829372406,0.09367381781339645,1.38071870803833,0.23382633924484253,0.24815112352371216,0.2268509715795517,0.06939221918582916,0.055338628590106964,0.125442773103714,0.1427900195121765,0.03772353380918503,0.20421043038368225,0.03385324031114578,0.04473341628909111,0.1957046091556549,0.011018136516213417,0.010017486289143562,0.23733685910701752,0.2455248087644577,0.8799886107444763,0.0007796977879479527,0.001450542826205492,0.11707724630832672,0.0486135259270668,0.053056277334690094,0.06795014441013336,-0.0011419145157560706,0.01126940082758665,0.28258639574050903,0.054420679807662964,0.07965892553329468,0.1813143789768219,0.4108787178993225,0.12826575338840485,0.10772233456373215,0.0645202174782753,0.1641107052564621,0.13264891505241394,0.030133824795484543,0.06755382567644119
AI768,0.275862069,0.034482759,0.620689655,0.206896552,0.413793103,0.0,0.482758621,0.103448276,1.724137931,0.068965517,0.24137931,0.689655172,0.0,0.827586207,0.0,0.0,0.310344828,0.068965517,0.0,0.310344828,0.103448276,0.0,0.0,0.103448276,0.0,0.0,0.0,0.0,0.275862069,0.24137931,0.793103448,0.0,0.275862069,0.24137931,0.0,0.137931034,0.0,0.0,0.206896552,0.206896552,0.0,0.103448276,0.172413793,0.448275862,0.137931034,0.0,0.0,0.379310345,0.0,0.068965517,0.103448276,0.07907376438379288,0.0417804941534996,0.26846733689308167,0.11997491121292114,0.09695247560739517,0.016581909731030464,0.566672682762146,0.17072217166423798,1.882371425628662,0.1845323145389557,0.3526056706905365,0.792965829372406,0.09367381781339645,1.38071870803833,0.23382633924484253,0.24815112352371216,0.2268509715795517,0.06939221918582916,0.055338628590106964,0.125442773103714,0.1427900195121765,0.03772353380918503,0.20421043038368225,0.03385324031114578,0.04473341628909111,0.1957046091556549,0.011018136516213417,0.010017486289143562,0.23733685910701752,0.2455248087644577,0.8799886107444763,0.0007796977879479527,0.001450542826205492,0.11707724630832672,0.0486135259270668,0.053056277334690094,0.06795014441013336,-0.0011419145157560706,0.01126940082758665,0.28258639574050903,0.054420679807662964,0.07965892553329468,0.1813143789768219,0.4108787178993225,0.12826575338840485,0.10772233456373215,0.0645202174782753,0.1641107052564621,0.13264891505241394,0.030133824795484543,0.06755382567644119
AI780,0.142857143,0.0,0.178571429,0.0,0.321428571,0.178571429,0.464285714,0.0,0.928571429,0.392857143,0.0,0.142857143,0.0,1.357142857,0.321428571,0.25,0.357142857,0.107142857,0.0,1.285714286,2.285714286,0.071428571,0.535714286,0.0,0.142857143,0.321428571,0.107142857,0.678571429,0.142857143,0.178571429,0.0,0.0,0.0,0.178571429,0.0,0.214285714,0.035714286,0.0,0.0,0.0,0.142857143,0.0,0.0,0.035714286,0.0,0.0,0.0,0.107142857,0.178571429,0.0,0.0,0.30166757106781006,0.04386980086565018,0.578352689743042,0.038994286209344864,0.3351660370826721,0.37625017762184143,0.9738664031028748,0.15970592200756073,0.8003122806549072,0.2142917811870575,0.14072898030281067,0.2310638427734375,0.08669626712799072,1.051068663597107,0.22332514822483063,0.20909179747104645,0.20531891286373138,0.08382497727870941,0.05824149772524834,0.6634500622749329,0.881612241268158,0.007762687746435404,0.37524551153182983,0.09915495663881302,0.06568244099617004,0.23412595689296722,0.04516013711690903,0.18095839023590088,0.2289023995399475,0.13989977538585663,0.14808779954910278,0.017864219844341278,0.0033031264320015907,0.12711907923221588,0.037326380610466,0.1948215514421463,0.07922423630952835,0.0002859786036424339,0.012932030484080315,0.002560349879786372,0.08547040075063705,0.21826982498168945,0.04815789312124252,0.17186737060546875,0.07311942428350449,0.11419785767793655,0.18720798194408417,0.16318774223327637,0.20316100120544434,0.2157335877418518,0.042828384786844254
AA160,0.0,0.0,0.384615385,0.423076923,0.0,0.0,0.0,0.0,0.0,0.0,0.0,0.0,0.0,0.192307692,0.0,0.0,0.0,0.0,0.0,0.153846154,0.0,0.115384615,0.0,0.0,0.0,0.153846154,0.846153846,0.0,0.5,0.769230769,0.115384615,0.346153846,0.0,0.269230769,0.0,0.384615385,0.038461538,0.0,0.538461538,1.884615385,0.576923077,0.384615385,0.038461538,0.692307692,0.615384615,0.0,0.115384615,0.038461538,0.615384615,0.076923077,0.115384615,0.2801278531551361,0.05012078210711479,0.6986234784126282,0.39291977882385254,0.4702005088329315,0.15353204309940338,0.37662217020988464,0.2512788474559784,0.35802146792411804,0.19557246565818787,0.15422312915325165,0.1680985987186432,0.06598002463579178,0.713583767414093,0.20848573744297028,0.19840851426124573,0.16452215611934662,0.12201842665672302,0.07716377824544907,0.19296252727508545,0.16541244089603424,0.15102724730968475,0.23567292094230652,0.1115773543715477,0.05332299321889877,0.16506245732307434,0.4871446490287781,0.09573038667440414,0.30347758531570435,0.5830408930778503,0.2672744691371918,0.1207553893327713,0.27983570098876953,0.1305411458015442,0.058983538299798965,0.5801141262054443,0.08083503693342209,0.16024506092071533,0.21134865283966064,0.9737438559532166,0.43234047293663025,0.3357934355735779,0.1605992615222931,0.1338242143392563,0.34330815076828003,0.18491606414318085,0.09866997599601746,0.027925899252295494,0.2920827865600586,0.12564295530319214,0.0752977728843689
AA420,0.884615385,2.846153846,0.0,0.230769231,0.153846154,0.0,0.576923077,0.346153846,0.346153846,0.0,0.038461538,0.0,0.0,0.230769231,0.0,0.0,0.0,0.0,0.0,0.0,0.0,0.0,0.230769231,0.115384615,0.0,0.115384615,0.0,0.0,0.0,0.0,0.0,0.0,0.0,0.0,0.0,0.0,0.0,0.0,0.0,0.0,0.038461538,0.115384615,0.0,0.0,0.346153846,0.0,0.346153846,0.153846154,0.5,0.0,0.0,0.630990207195282,2.7589354515075684,0.08905189484357834,0.04035133495926857,0.009060302749276161,0.12425246089696884,0.48161259293556213,0.4168400764465332,0.3204701244831085,0.11774679273366928,0.1424129754304886,0.14724141359329224,0.13355951011180878,0.4425143599510193,0.0708906352519989,0.1119581088423729,0.04005855694413185,0.0009306153515353799,0.0339600145816803,0.010585598647594452,0.01682211644947529,0.0027531019877642393,0.17131496965885162,0.01980351284146309,0.06308352947235107,0.1343783140182495,0.004028009716421366,0.008125615306198597,0.008084426634013653,0.18191656470298767,0.03193593770265579,-0.0017033263575285673,0.0015331385657191277,0.06842577457427979,0.0295223630964756,0.006341345142573118,0.0416841097176075,0.147397980093956,0.010484552942216396,0.1784156709909439,0.03538745269179344,0.14909683167934418,0.16576069593429565,0.13360492885112762,0.25812920928001404,0.07216678559780121,0.23169374465942383,0.06736252456903458,0.24880382418632507,0.051892928779125214,0.026235196739435196
AA495,0.076923077,0.0,0.076923077,0.0,0.115384615,0.230769231,0.0,0.5,0.0,0.0,0.038461538,0.0,0.192307692,1.0,0.153846154,0.115384615,0.0,0.192307692,0.0,0.807692308,0.961538462,0.0,0.807692308,0.692307692,0.730769231,0.653846154,0.346153846,1.692307692,0.576923077,0.0,0.0,0.0,0.153846154,0.346153846,0.230769231,0.076923077,0.0,0.0,0.0,0.0,0.038461538,0.0,0.0,0.0,0.153846154,0.0,0.0,0.0,0.192307692,0.0,0.0,0.2351483404636383,0.04036612808704376,0.3136221170425415,0.2953116297721863,0.32595306634902954,0.13212695717811584,0.35151997208595276,0.23711399734020233,0.5086169242858887,0.1165405660867691,0.1876792013645172,0.1707383096218109,0.08585028350353241,0.8300703167915344,0.253606915473938,0.26459801197052,0.13730543851852417,0.1558108627796173,0.06440277397632599,0.46104246377944946,0.5898596048355103,0.03709523752331734,0.4021935760974884,0.20740987360477448,0.21139580011367798,0.3088793456554413,0.1856015920639038,0.6303833723068237,0.18276230990886688,0.12496166676282883,0.160003662109375,0.12137662619352341,0.12081997841596603,0.13567322492599487,0.09749213606119156,0.2961167097091675,0.1549738645553589,0.02421480417251587,0.285667359828949,0.2937370836734772,0.13589774072170258,0.21488355100154877,0.05725456401705742,0.5865175127983093,0.4335778057575226,0.1973925232887268,0.10559535771608353,0.2924835681915283,0.19270028173923492,0.0884062722325325,0.0835428535938263
AB633,0.0,0.0,0.0,0.666666667,0.222222222,0.0,0.0,0.0,0.0,0.0,0.0,0.0,0.166666667,0.611111111,0.0,0.0,0.0,0.0,0.0,0.222222222,0.444444444,0.0,0.166666667,0.5,0.0,0.0,0.611111111,0.388888889,0.5,0.0,0.055555556,0.444444444,0.444444444,0.166666667,0.388888889,0.555555556,0.0,0.555555556,0.0,1.277777778,0.0,0.166666667,0.0,1.611111111,0.777777778,0.333333333,0.0,0.444444444,0.0,0.055555556,0.0,0.2049991339445114,0.05218424275517464,0.2414531707763672,0.36907675862312317,0.16941319406032562,0.15612682700157166,0.16113653779029846,0.25698122382164,0.383943110704422,0.2969074845314026,0.12491527944803238,0.15039590001106262,0.07778023183345795,0.5358591079711914,0.13691823184490204,0.15096719563007355,0.07533840090036392,0.06363833695650101,0.0966775119304657,0.23950837552547455,0.24176743626594543,0.25746697187423706,0.2531527876853943,0.2996053397655487,0.06839679181575775,0.14789557456970215,0.3920551538467407,0.15522664785385132,0.4722355902194977,0.18281328678131104,0.1338757425546646,0.35356947779655457,0.3735979497432709,0.15991267561912537,0.1259736567735672,0.3535332977771759,0.1538029909133911,0.3591814339160919,0.07301272451877594,0.46692758798599243,0.07969257980585098,0.12400756031274796,0.1144866943359375,0.7672811150550842,0.5242213010787964,0.3304552435874939,0.1529572606086731,0.3664449155330658,0.15324316918849945,0.09015144407749176,0.12047551572322845
AD074,0.1875,0.5625,0.1875,0.0,0.0,0.125,0.0625,0.0,1.3125,0.125,0.1875,0.4375,0.125,1.5625,0.25,0.375,0.0,0.3125,0.0,0.0,0.0,0.0,0.0,0.0,0.0,0.0,0.0,0.0625,0.0,0.0625,0.75,0.0,0.0,0.0,0.0,0.0625,0.125,0.0,0.0,0.0,0.0,1.1875,0.0,0.0,0.0625,0.1875,0.0,0.4375,0.1875,0.0,0.0,0.3206857144832611,0.07964954525232315,0.4174393117427826,0.2611022889614105,0.27096545696258545,0.12942706048488617,0.2544540464878082,0.223982572555542,0.650591254234314,0.1810181736946106,0.18661636114120483,0.19349372386932373,0.06573036313056946,0.7385154962539673,0.2783391773700714,0.19546924531459808,0.20660054683685303,0.23551099002361298,0.14362536370754242,0.3609665334224701,0.5077996253967285,0.17393584549427032,0.2507035434246063,0.14224274456501007,0.07216410338878632,0.21821624040603638,0.09425617754459381,0.08936715871095657,0.16036270558834076,0.2336256355047226,0.2514326870441437,0.16846810281276703,0.18971572816371918,0.21821770071983337,0.07621047645807266,0.3733975887298584,0.18782606720924377,0.16600830852985382,0.04465484619140625,0.23434893786907196,0.09363455325365067,0.33135923743247986,0.08140084147453308,0.24162258207798004,0.1925434172153473,0.2926427721977234,0.11364362388849258,0.2135046124458313,0.2147851139307022,0.16448542475700378,0.0743383914232254
AD737,0.230769231,0.0,0.461538462,0.538461538,0.0,0.307692308,0.0,0.307692308,0.769230769,0.0,0.230769231,0.076923077,0.0,0.384615385,0.0,0.0,0.0,0.0,0.0,0.0,0.0,0.0,0.0,0.0,0.0,0.0,0.0,0.0,0.0,0.0,0.384615385,0.0,0.0,0.153846154,0.0,0.538461538,0.153846154,0.0,0.0,0.076923077,0.461538462,0.615384615,0.307692308,0.307692308,0.692307692,0.230769231,0.0,0.538461538,0.230769231,0.153846154,0.230769231,0.21103768050670624,0.2467760443687439,0.32806190848350525,0.5991417169570923,0.2458612471818924,0.1464552879333496,0.2926480770111084,0.22978916764259338,0.6672313213348389,0.16340968012809753,0.19877679646015167,0.25315508246421814,0.0587398000061512,1.1591869592666626,0.28401896357536316,0.2911772131919861,0.3772872984409332,0.13178396224975586,0.09483068436384201,0.23283502459526062,0.3019465208053589,0.16174770891666412,0.2526325583457947,0.07904202491044998,0.05031491816043854,0.1818520426750183,0.04866264760494232,0.1260288655757904,0.21932314336299896,0.21457870304584503,0.2455451637506485,0.2599247097969055,0.17637008428573608,0.09058453887701035,0.09433308988809586,0.5660619139671326,0.1795862913131714,0.07687696069478989,0.0495888851583004,0.2846185863018036,0.19923198223114014,0.17160838842391968,0.12499958276748657,0.2819368541240692,0.30436939001083374,0.17438049614429474,0.1164771318435669,0.47584211826324463,0.21163354814052582,0.1980430781841278,0.08017878979444504
AE004,0.642857143,0.607142857,0.892857143,0.357142857,0.214285714,0.142857143,0.535714286,0.142857143,0.642857143,0.178571429,0.75,0.142857143,0.142857143,0.678571429,0.0,0.107142857,0.0,0.142857143,0.0,0.071428571,0.071428571,0.0,0.25,0.0,0.0,0.0,0.321428571,0.0,0.214285714,0.321428571,0.25,0.0,0.0,0.035714286,0.035714286,0.0,0.214285714,0.0,0.035714286,0.0,0.107142857,0.107142857,0.0,0.214285714,0.142857143,0.214285714,0.5,0.285714286,0.392857143,0.5,0.0,0.262307345867157,0.14793437719345093,0.3380878269672394,0.35986149311065674,0.3385092318058014,0.1349945068359375,0.45076197385787964,0.1961311399936676,0.8218415379524231,0.1398807168006897,0.2849539518356323,0.29965856671333313,0.08196152746677399,0.8891574740409851,0.1404627114534378,0.22778737545013428,0.07601069658994675,0.06078353151679039,0.036229170858860016,0.1861230880022049,0.28070133924484253,0.02923417277634144,0.23362955451011658,0.030543630942702293,0.043923769146203995,0.15928009152412415,0.047807637602090836,0.060340479016304016,0.15387864410877228,0.19532933831214905,0.2490774691104889,0.09708330035209656,0.0308657456189394,0.09130057692527771,0.06850055605173111,0.46247726678848267,0.14321918785572052,0.00878204870969057,0.0363779254257679,0.05667129531502724,0.15538093447685242,0.19293750822544098,0.058215610682964325,0.28505462408065796,0.24325025081634521,0.13587087392807007,0.10672557353973389,0.2595847249031067,0.22934529185295105,0.13056357204914093,0.07712310552597046
AE574,0.37037037,0.481481481,0.296296296,0.111111111,0.333333333,0.074074074,0.296296296,0.0,0.777777778,0.222222222,0.592592593,0.407407407,0.111111111,0.111111111,0.111111111,0.0,0.074074074,0.0,0.0,0.0,0.111111111,0.0,0.148148148,0.111111111,0.0,0.0,0.222222222,0.444444444,0.925925926,0.259259259,0.925925926,0.111111111,0.0,0.148148148,0.0,0.222222222,0.0,0.0,0.888888889,1.037037037,0.185185185,0.148148148,0.296296296,0.185185185,0.222222222,0.407407407,0.222222222,0.333333333,0.185185185,0.0,0.0,0.36375367641448975,0.13180796802043915,0.2996828258037567,0.16856637597084045,0.3034604787826538,0.11586285382509232,0.3147217333316803,0.1539049744606018,0.6851107478141785,0.19676584005355835,0.22518061101436615,0.2823871076107025,0.09853009134531021,0.7614036202430725,0.12590941786766052,0.2270669788122177,0.1312619298696518,0.05258992314338684,0.052688393741846085,0.1259174793958664,0.16952991485595703,0.1776035726070404,0.21035414934158325,0.06422395259141922,0.0642162337899208,0.132009357213974,0.4906526803970337,0.1817546784877777,0.48281440138816833,0.31534963846206665,0.3535044491291046,0.14319095015525818,0.22676946222782135,0.1315242201089859,0.09393297135829926,0.428313285112381,0.19969327747821808,0.021030060946941376,0.2665538787841797,0.4753105938434601,0.10463780909776688,0.18853996694087982,0.09050002694129944,0.1735551953315735,0.18379424512386322,0.2566179633140564,0.23863330483436584,0.3720394968986511,0.21611131727695465,0.14057907462120056,0.08936602622270584
AE958,0.074074074,0.0,0.444444444,2.481481481,0.0,0.333333333,0.111111111,0.074074074,0.259259259,0.148148148,0.0,0.074074074,0.0,1.037037037,0.481481481,0.444444444,0.296296296,0.185185185,0.0,0.0,0.0,0.0,0.0,0.0,0.074074074,0.0,0.222222222,0.0,0.0,0.037037037,0.0,0.0,0.0,0.0,0.037037037,0.111111111,0.740740741,0.0,0.0,0.0,0.296296296,0.592592593,0.0,0.666666667,1.037037037,1.666666667,0.259259259,1.333333333,0.37037037,0.0,0.0,0.23122859001159668,0.0866921991109848,0.43756741285324097,1.4770580530166626,0.20014286041259766,0.14142709970474243,0.24602457880973816,0.25006651878356934,0.4728466272354126,0.11978251487016678,0.16234175860881805,0.16129116714000702,0.05683455988764763,0.9110799431800842,0.2403973937034607,0.29662689566612244,0.30444008111953735,0.2717331051826477,0.12106853723526001,0.4495896100997925,0.29667896032333374,0.10609333217144012,0.33706480264663696,0.07394324988126755,0.08906181156635284,0.1857070028781891,0.09747536480426788,0.04461674764752388,0.055287811905145645,0.14124414324760437,0.15077954530715942,0.0919567197561264,0.10669372975826263,0.1647513508796692,0.061610784381628036,0.2559674084186554,0.23626859486103058,0.06311456859111786,0.03756970167160034,0.18354704976081848,0.2032582014799118,0.28725960850715637,0.05962062627077103,0.404307097196579,0.6189106702804565,0.36796295642852783,0.15248054265975952,0.9220359325408936,0.40739309787750244,0.1691768765449524,0.07645264267921448
AG456,0.133333333,0.066666667,0.3,0.0,0.433333333,0.2,0.466666667,0.0,0.333333333,0.066666667,0.233333333,0.5,0.0,1.133333333,0.466666667,0.366666667,0.3,0.066666667,0.066666667,0.9,0.666666667,0.0,0.8,0.1,0.1,0.066666667,0.233333333,0.133333333,0.133333333,0.033333333,0.233333333,0.066666667,0.0,0.0,0.0,0.533333333,0.166666667,0.0,0.0,0.0,0.133333333,0.366666667,0.133333333,0.3,0.266666667,0.0,0.0,0.066666667,0.433333333,0.0,0.033333333,0.16504500806331635,0.05138648673892021,0.23465582728385925,0.5183801054954529,0.18948280811309814,0.13347692787647247,0.23137091100215912,0.24325047433376312,0.45745590329170227,0.1422482132911682,0.1729298084974289,0.20889045298099518,0.08444075286388397,0.9721081852912903,0.4045449197292328,0.374978244304657,0.1763322800397873,0.2237502932548523,0.09035925567150116,0.3378186523914337,0.43417754769325256,0.04614778235554695,0.27236995100975037,0.06106230989098549,0.04766901955008507,0.12310497462749481,0.08216257393360138,0.14298729598522186,0.0513310544192791,0.1210426315665245,0.20224730670452118,0.11082030087709427,0.06253806501626968,0.10265926271677017,0.07046446204185486,0.46473056077957153,0.17661374807357788,0.016213221475481987,0.024074921384453773,0.0390346497297287,0.18466638028621674,0.2770453691482544,0.04299373924732208,0.28041720390319824,0.5512368679046631,0.30487900972366333,0.06762487441301346,0.3858453035354614,0.2875608205795288,0.08961667120456696,0.0930030420422554
AH448,0.166666667,0.133333333,0.266666667,0.0,0.366666667,0.1,0.766666667,0.366666667,1.533333333,0.266666667,0.733333333,1.433333333,0.433333333,1.6,0.7,0.566666667,0.166666667,0.0,0.0,0.133333333,0.133333333,0.0,0.133333333,0.0,0.0,0.0,0.0,0.0,0.1,0.166666667,0.333333333,0.066666667,0.0,0.033333333,0.0,0.433333333,0.066666667,0.0,0.033333333,0.0,0.0,0.1,0.0,0.333333333,0.066666667,0.0,0.0,0.133333333,0.0,0.033333333,0.0,0.3844335675239563,0.21688750386238098,0.5054606795310974,0.40153738856315613,0.5546865463256836,0.22953379154205322,0.5284797549247742,0.37706053256988525,0.8322662115097046,0.26472559571266174,0.44141414761543274,0.3990383744239807,0.11345033347606659,1.0708357095718384,0.21399566531181335,0.2969493865966797,0.22056278586387634,0.22993533313274384,0.2457873523235321,0.21754485368728638,0.20184199512004852,0.06163346767425537,0.22446779906749725,0.053995728492736816,0.08580336719751358,0.1748446226119995,0.12903521955013275,0.07327239960432053,0.29036474227905273,0.24047961831092834,0.2868550717830658,0.2222849726676941,0.6502406001091003,0.20669686794281006,0.10672564059495926,0.5108820199966431,0.226706400513649,0.04108487814664841,0.025818130001425743,0.1340886354446411,0.30955564975738525,0.13239674270153046,0.08049936592578888,0.5370825529098511,0.3935467600822449,0.4286123514175415,0.12586504220962524,0.32486289739608765,0.2375330626964569,0.15837660431861877,0.10152557492256165
AH612,0.1,0.0,0.366666667,0.166666667,0.433333333,0.2,0.233333333,0.066666667,1.1,0.0,0.066666667,0.6,0.066666667,1.0,0.333333333,0.366666667,0.6,0.133333333,0.233333333,0.166666667,0.0,0.033333333,0.366666667,0.0,0.0,0.166666667,0.033333333,0.0,0.0,0.033333333,0.166666667,0.133333333,0.166666667,0.066666667,0.0,0.5,0.133333333,0.0,0.0,0.0,0.333333333,0.233333333,0.133333333,1.133333333,0.6,0.066666667,0.133333333,0.166666667,0.4,0.033333333,0.166666667,0.3031843900680542,0.06981595605611801,0.4115407466888428,0.22516098618507385,0.29219380021095276,0.14959700405597687,0.31970706582069397,0.22427286207675934,0.6001806855201721,0.13965079188346863,0.18494407832622528,0.27011796832084656,0.0839519053697586,0.9488357305526733,0.2841980457305908,0.31360605359077454,0.21745477616786957,0.0969986841082573,0.07596557587385178,0.24099601805210114,0.17285391688346863,0.10818520188331604,0.27302905917167664,0.08301647752523422,0.06524839997291565,0.20728902518749237,0.10302527248859406,0.07415410876274109,0.06293156743049622,0.1439962238073349,0.24834315478801727,0.16003254055976868,0.3963639438152313,0.19951319694519043,0.0687425509095192,0.5740830302238464,0.2769991457462311,0.04816241189837456,0.01713375374674797,0.11023809760808945,0.28171154856681824,0.25484368205070496,0.07275465130805969,0.7236170172691345,0.36710402369499207,0.30104532837867737,0.08686508983373642,0.44965025782585144,0.303499698638916,0.09050500392913818,0.1404607743024826
AH677,0.433333333,0.0,0.266666667,0.2,0.233333333,0.0,0.666666667,0.166666667,0.6,0.066666667,0.466666667,0.233333333,0.4,1.7,0.333333333,0.9,0.3,0.0,0.1,0.033333333,0.0,0.1,0.166666667,0.1,1.066666667,1.1,0.533333333,0.466666667,0.8,0.266666667,0.0,0.233333333,0.0,0.0,0.066666667,0.166666667,0.0,0.0,0.0,0.066666667,0.1,0.0,0.0,0.0,0.0,0.0,0.0,0.0,0.0,0.0,0.1,0.7041577100753784,0.25998014211654663,0.3249349892139435,0.11124347895383835,0.24660788476467133,0.10980658233165741,0.37184974551200867,0.20756122469902039,0.6019505262374878,0.12295185029506683,0.2006707638502121,0.1900179088115692,0.09672204405069351,0.9408360719680786,0.29056140780448914,0.28849905729293823,0.17766310274600983,0.0903625562787056,0.06624974310398102,0.205983966588974,0.20297743380069733,0.11593015491962433,0.21788263320922852,0.11841768771409988,0.0772671103477478,0.20910108089447021,0.1888120025396347,0.3151341378688812,0.69398432970047,0.33965301513671875,0.4600510001182556,0.1813279092311859,0.1419142633676529,0.1891823559999466,0.12100764364004135,0.39197784662246704,0.13661552965641022,0.03477768227458,0.0337795652449131,0.2524796724319458,0.11401227116584778,0.15425527095794678,0.07839076966047287,0.281243234872818,0.1801566779613495,0.1791120320558548,0.09309232980012894,0.3406572937965393,0.11821196973323822,0.13318762183189392,0.08845016360282898
AH733,0.366666667,0.0,0.3,0.033333333,0.066666667,0.066666667,0.366666667,0.066666667,0.4,0.0,0.066666667,0.0,0.0,0.4,0.0,0.133333333,0.3,0.2,0.0,0.366666667,0.0,0.166666667,0.0,0.0,0.0,0.0,0.0,0.0,0.033333333,0.233333333,0.4,0.566666667,2.966666667,0.366666667,0.033333333,0.333333333,0.133333333,0.0,0.0,0.033333333,0.2,0.233333333,0.1,0.3,0.3,0.1,0.0,0.133333333,0.166666667,0.133333333,0.233333333,0.25458598136901855,0.21627409756183624,0.34119510650634766,0.082056924700737,0.14467523992061615,0.0924452394247055,0.24257685244083405,0.16042448580265045,0.3507187068462372,0.10438375174999237,0.1345432847738266,0.15297594666481018,0.08492956310510635,0.38863128423690796,0.24421243369579315,0.2009415328502655,0.11550179123878479,0.1682165563106537,0.20235615968704224,0.3329862058162689,0.2534847855567932,0.3202331066131592,0.2341817319393158,0.11710993200540543,0.05228998512029648,0.17450149357318878,0.07664957642555237,0.15648773312568665,0.2599220871925354,0.26798784732818604,0.285554438829422,0.3815036416053772,2.633837938308716,0.22051288187503815,0.1147352084517479,0.26479572057724,0.09881557524204254,0.055821504443883896,0.02850154973566532,0.07165121287107468,0.21659864485263824,0.13245455920696259,0.05936069414019585,0.2259928584098816,0.20941868424415588,0.21394288539886475,0.12615782022476196,0.14004942774772644,0.16484180092811584,0.0954102873802185,0.07749742269515991
AJ490,0.066666667,0.0,0.1,0.566666667,0.166666667,0.066666667,0.533333333,0.333333333,1.5,0.2,0.366666667,0.3,0.0,1.4,0.833333333,0.433333333,0.7,0.2,0.0,0.1,0.2,0.0,0.2,0.0,0.0,0.1,0.0,0.0,0.333333333,0.0,0.0,0.0,0.0,0.1,0.2,0.6,0.166666667,0.0,0.0,0.0,0.1,0.1,0.0,0.9,0.6,0.3,0.0,0.466666667,0.0,0.233333333,0.1,0.8362709879875183,0.2423262894153595,0.5025155544281006,0.09354572743177414,0.3369162082672119,0.1987796425819397,0.5291033983230591,0.2043529599905014,0.667188823223114,0.22913908958435059,0.2260376513004303,0.22397485375404358,0.0958753377199173,1.0425896644592285,0.2721048891544342,0.3099590837955475,0.3030591905117035,0.05283759534358978,0.05158686265349388,0.1880567967891693,0.2555226683616638,0.06431380659341812,0.23995085060596466,0.17418041825294495,0.06146637722849846,0.22343166172504425,0.12893100082874298,0.13016873598098755,0.26101237535476685,0.34464338421821594,0.3740535080432892,0.07325517386198044,0.1835489422082901,0.19373808801174164,0.06046368181705475,0.6026129126548767,0.16955706477165222,0.092621810734272,0.05291943624615669,0.12160558998584747,0.13071951270103455,0.11805395036935806,0.05821695178747177,0.19132909178733826,0.17863351106643677,0.3005020320415497,0.11986543238162994,0.18089540302753448,0.2524709403514862,0.13790902495384216,0.1300223469734192
AJ661,0.24137931,0.103448276,0.137931034,0.137931034,0.068965517,0.068965517,0.24137931,0.413793103,0.896551724,0.172413793,0.310344828,0.0,0.0,0.896551724,0.103448276,0.344827586,0.0,0.103448276,0.0,0.862068966,1.068965517,0.689655172,0.793103448,0.379310345,0.0,0.137931034,0.413793103,0.137931034,0.0,0.620689655,0.310344828,0.034482759,0.275862069,0.034482759,0.0,0.24137931,0.0,0.0,0.0,0.413793103,0.0,0.103448276,0.0,0.137931034,0.034482759,0.034482759,0.0,0.068965517,0.172413793,0.0,0.0,0.493301659822464,0.1310737580060959,0.39132434129714966,0.12546414136886597,0.21642106771469116,0.11769343167543411,0.3328474760055542,0.22665461897850037,0.7440552115440369,0.30862957239151,0.1391311138868332,0.15897175669670105,0.058237604796886444,1.1487029790878296,0.32075268030166626,0.3216721713542938,0.3677583336830139,0.32427921891212463,0.13935606181621552,0.40162402391433716,0.2231256514787674,0.5112271308898926,0.2694796919822693,0.3336242139339447,0.05184008926153183,0.17764797806739807,0.1010672003030777,0.03842175379395485,0.13461056351661682,0.4257194697856903,0.1681605875492096,0.2006477564573288,0.12352694571018219,0.15712015330791473,0.11656083911657333,0.35454195737838745,0.18065465986728668,0.13370174169540405,0.051025524735450745,0.2083202302455902,0.1155783087015152,0.1833643913269043,0.140620157122612,0.25449103116989136,0.22307009994983673,0.512022852897644,0.23109550774097443,0.48634180426597595,0.20004333555698395,0.17547708749771118,0.1429343968629837
AK494,0.933333333,2.133333333,0.233333333,0.0,0.066666667,0.0,0.266666667,0.133333333,0.2,0.0,0.0,0.0,0.0,0.8,0.1,0.166666667,0.0,0.033333333,0.0,0.2,0.1,0.0,0.166666667,0.0,0.0,0.1,0.0,0.0,0.0,0.2,0.233333333,0.1,0.0,0.333333333,0.133333333,0.833333333,0.066666667,1.3,0.0,0.2,0.0,0.166666667,0.1,0.033333333,0.266666667,0.033333333,0.166666667,0.033333333,0.1,0.233333333,0.0,0.6863526701927185,0.3923220634460449,0.5553590059280396,0.1622583121061325,0.23722364008426666,0.1684512346982956,0.3850995600223541,0.19884440302848816,0.6300543546676636,0.17736460268497467,0.21122205257415771,0.15269124507904053,0.05699452385306358,1.0311989784240723,0.243477925658226,0.24838002026081085,0.25952062010765076,0.06399952620267868,0.06391951441764832,0.07594474405050278,0.16085723042488098,0.10714411735534668,0.19503681361675262,0.07611454278230667,0.043758634477853775,0.17156952619552612,0.021188734099268913,0.045759417116642,0.061436500400304794,0.3369198143482208,0.1900435984134674,0.0797036662697792,0.08950488269329071,0.17788681387901306,0.0466141402721405,0.5279461145401001,0.13292604684829712,0.04277395084500313,0.011890970170497894,0.1564807891845703,0.1393992304801941,0.1483849287033081,0.06616310030221939,0.2015151083469391,0.359404981136322,0.5736805200576782,0.1514662355184555,0.18922573328018188,0.24353118240833282,0.1922122836112976,0.12476092576980591
AK502,0.633333333,0.233333333,0.3,0.0,0.1,0.3,0.433333333,0.266666667,1.4,2.166666667,0.4,0.3,0.0,1.9,0.1,0.233333333,0.333333333,0.0,0.0,0.0,0.0,0.0,0.1,0.0,0.033333333,0.166666667,0.0,0.0,0.0,1.1,0.4,0.1,0.3,0.0,0.0,0.033333333,0.2,0.0,0.0,0.0,0.0,0.233333333,0.0,0.2,0.233333333,0.833333333,0.2,0.066666667,0.0,0.1,0.3,0.42472776770591736,0.03250456228852272,0.3767092525959015,0.14676432311534882,0.1349743753671646,0.24031305313110352,0.38043519854545593,0.2504710257053375,0.914126992225647,0.9323999285697937,0.28181278705596924,0.18742990493774414,0.07347159832715988,1.7968099117279053,0.3297294080257416,0.37963980436325073,0.22582177817821503,0.06602247059345245,0.058100949972867966,0.12725098431110382,0.26987871527671814,0.10468073189258575,0.21665818989276886,0.096382275223732,0.0461663156747818,0.2575450539588928,0.06402552127838135,0.132638081908226,0.15257102251052856,0.5459938049316406,0.21154014766216278,0.09435568749904633,0.15549519658088684,0.13528285920619965,0.028748314827680588,0.1825588494539261,0.13288961350917816,0.028824107721447945,0.014239676296710968,0.05690024420619011,0.0667080208659172,0.09296970069408417,0.06823763996362686,0.22764228284358978,0.15997688472270966,0.4188680648803711,0.13167214393615723,0.28238558769226074,0.14699628949165344,0.12845534086227417,0.17769262194633484
AK602,0.4,0.033333333,0.5,0.066666667,0.3,0.133333333,0.266666667,0.266666667,1.733333333,0.533333333,0.233333333,0.433333333,0.1,1.933333333,0.5,0.233333333,0.866666667,0.033333333,0.166666667,0.366666667,0.4,0.0,0.733333333,0.1,0.0,0.066666667,0.0,0.0,0.066666667,0.066666667,0.033333333,0.0,0.0,0.0,0.0,0.1,0.366666667,0.0,0.0,0.1,0.2,0.133333333,0.0,0.466666667,0.2,0.533333333,0.0,0.033333333,0.266666667,0.233333333,0.0,0.45104557275772095,0.04245218634605408,0.5658313035964966,0.26751503348350525,0.2519236207008362,0.3265584111213684,0.5111624598503113,0.2667747735977173,0.7100953459739685,0.8122548460960388,0.19621367752552032,0.1504523605108261,0.06268563866615295,1.5286592245101929,0.25703591108322144,0.3201906085014343,0.2816452085971832,0.03922487050294876,0.07722567021846771,0.21876007318496704,0.2691771686077118,0.05245925113558769,0.22379739582538605,0.0436563603579998,0.042335301637649536,0.21236391365528107,0.022353259846568108,0.04762224480509758,0.07139211893081665,0.3277966380119324,0.21066392958164215,0.03197670727968216,0.035334281623363495,0.1661355346441269,0.02712133899331093,0.5189779996871948,0.2148197740316391,0.021628214046359062,0.02695355750620365,0.09967098385095596,0.16278529167175293,0.11251885443925858,0.11012111604213715,0.2332867830991745,0.1601390838623047,0.37194135785102844,0.16936545073986053,0.24644973874092102,0.16408607363700867,0.16008301079273224,0.18388576805591583
AL728,1.0,0.366666667,1.066666667,0.166666667,0.9,0.433333333,0.4,0.066666667,0.5,0.033333333,0.033333333,0.0,0.0,0.4,0.166666667,0.066666667,0.2,0.1,0.166666667,0.333333333,0.866666667,0.0,0.433333333,0.0,0.0,0.333333333,0.0,0.1,0.033333333,0.5,0.4,0.066666667,0.033333333,0.566666667,0.233333333,0.933333333,0.166666667,0.0,0.0,0.0,0.366666667,0.0,0.0,0.0,0.166666667,0.333333333,0.2,0.0,0.5,0.233333333,0.2,0.827331006526947,0.15908758342266083,0.6432833075523376,0.17724326252937317,0.5745047926902771,0.17734846472740173,0.3311396837234497,0.13495363295078278,0.4918183386325836,0.15753018856048584,0.1526917964220047,0.13414841890335083,0.05018218979239464,0.6307154893875122,0.1888897866010666,0.207901269197464,0.1913706511259079,0.09138951450586319,0.16949012875556946,0.5234288573265076,0.5766534805297852,0.13580302894115448,0.29469728469848633,0.057301584631204605,0.04974530264735222,0.2151198387145996,0.002047969028353691,0.05615544691681862,0.07877971976995468,0.32243016362190247,0.24115191400051117,0.10907698422670364,0.0745605006814003,0.2546856105327606,0.09732331335544586,0.8780921101570129,0.173299178481102,0.15070338547229767,0.03562818840146065,0.13665474951267242,0.27374210953712463,0.13444611430168152,0.0992366224527359,0.12124717980623245,0.11594316363334656,0.20127561688423157,0.15777505934238434,0.0391828753054142,0.23471972346305847,0.1732560396194458,0.161686509847641
AM840,0.433333333,0.033333333,0.533333333,1.0,0.366666667,0.0,0.9,0.8,0.6,0.0,0.1,0.333333333,0.066666667,1.533333333,0.2,0.233333333,0.1,0.0,0.0,0.2,0.433333333,0.0,0.233333333,0.033333333,0.0,0.0,0.066666667,0.1,0.2,0.4,0.233333333,0.0,0.0,0.0,0.0,0.466666667,0.0,0.0,0.0,0.0,0.333333333,0.166666667,0.166666667,0.133333333,0.633333333,0.166666667,0.2,0.133333333,0.0,0.133333333,0.233333333,0.4393824338912964,0.15326477587223053,0.6933864951133728,0.4386788308620453,0.5772132873535156,0.24586503207683563,0.8390746116638184,0.3711530864238739,0.780562162399292,0.13648420572280884,0.26111745834350586,0.23121404647827148,0.08173804730176926,1.252424716949463,0.30852010846138,0.320640504360199,0.25686752796173096,0.07242001593112946,0.060451578348875046,0.27831074595451355,0.20842115581035614,0.033850446343421936,0.20584361255168915,0.08355332165956497,0.05306338518857956,0.2284785807132721,0.09837431460618973,0.06688939034938812,0.2181825190782547,0.28870001435279846,0.2577924132347107,0.10559283941984177,0.23787246644496918,0.17104238271713257,0.053135067224502563,0.6382669806480408,0.20696894824504852,0.013299250043928623,0.013666418381035328,0.1375434398651123,0.2346062958240509,0.12788107991218567,0.13519287109375,0.1854463815689087,0.30301007628440857,0.21586646139621735,0.13142478466033936,0.23307918012142181,0.2108083963394165,0.12493827193975449,0.09987135976552963
AN268,0.633333333,0.1,0.633333333,0.3,0.333333333,0.166666667,0.033333333,0.4,0.266666667,0.0,0.0,0.1,0.0,1.066666667,0.466666667,0.233333333,0.4,0.3,0.166666667,1.333333333,1.966666667,0.1,1.166666667,0.066666667,0.0,0.166666667,0.1,0.133333333,0.233333333,0.066666667,0.033333333,0.0,0.0,0.533333333,0.1,1.3,0.0,0.0,0.0,0.033333333,0.066666667,0.166666667,0.0,0.066666667,0.166666667,0.066666667,0.0,0.166666667,0.2,0.2,0.166666667,0.37953442335128784,0.007047910243272781,0.4533279240131378,0.29446616768836975,0.5904788970947266,0.15119625627994537,0.2818828225135803,0.3128780424594879,0.3450174033641815,0.12379743903875351,0.14724235236644745,0.16580712795257568,0.058732062578201294,1.3623425960540771,0.43171799182891846,0.36902591586112976,0.28835609555244446,0.19386224448680878,0.09632621705532074,0.3066466748714447,0.3154243528842926,0.14895977079868317,0.2076665461063385,0.08624766767024994,0.04762661084532738,0.16694135963916779,0.04737461358308792,0.02940615825355053,0.045959942042827606,0.16056577861309052,0.15828779339790344,0.05562825873494148,0.059206459671258926,0.20944924652576447,0.04975578933954239,0.5277741551399231,0.11872483044862747,-0.0004514274769462645,0.009812005795538425,0.03619503602385521,0.1487509161233902,0.13607873022556305,0.045202452689409256,0.21738582849502563,0.19440023601055145,0.21777497231960297,0.0824803039431572,0.3834344744682312,0.18620578944683075,0.1423567831516266,0.08874955773353577
AO080,0.766666667,0.066666667,1.233333333,0.4,0.533333333,0.5,0.7,0.366666667,1.5,0.333333333,0.6,1.233333333,0.166666667,1.5,0.366666667,0.266666667,0.2,0.066666667,0.066666667,0.0,0.1,0.0,0.0,0.066666667,0.0,0.433333333,0.033333333,0.033333333,0.033333333,0.2,0.433333333,0.133333333,1.0,0.1,0.166666667,0.5,0.033333333,0.0,0.0,0.2,0.066666667,0.4,0.066666667,0.2,0.266666667,0.566666667,0.166666667,0.066666667,0.066666667,0.2,0.0,0.44473952054977417,0.12525682151317596,0.5197054147720337,0.7934519648551941,0.34439635276794434,0.16172084212303162,0.5966530442237854,0.32436442375183105,0.7839040756225586,0.3382558822631836,0.348480224609375,0.319959431886673,0.0735035389661789,1.2158187627792358,0.2585507333278656,0.3155876398086548,0.20271940529346466,0.1428549438714981,0.0615694634616375,0.2140384465456009,0.264111191034317,0.10512695461511612,0.2068270593881607,0.12822525203227997,0.05675704404711723,0.17657603323459625,0.11364047974348068,0.07445895671844482,0.2534402906894684,0.476740300655365,0.5454100370407104,0.2426263839006424,0.46226999163627625,0.11079587787389755,0.07077257335186005,0.5693612098693848,0.23040585219860077,0.09199384599924088,0.047481928020715714,0.22047142684459686,0.1246551126241684,0.1282624900341034,0.12421215325593948,0.16343693435192108,0.3407241106033325,0.3480621576309204,0.13553135097026825,0.30128076672554016,0.19967235624790192,0.16612453758716583,0.12127383053302765
AO309,0.266666667,0.033333333,0.366666667,0.066666667,0.3,0.066666667,0.433333333,0.4,2.8,0.3,0.933333333,1.6,0.2,2.466666667,0.3,0.333333333,0.133333333,0.033333333,0.0,0.066666667,0.0,0.0,0.1,0.166666667,0.3,0.4,0.0,0.0,0.0,0.166666667,0.366666667,0.0,0.0,0.0,0.0,0.366666667,0.0,0.0,0.0,0.0,0.0,0.233333333,0.0,0.066666667,0.066666667,0.066666667,0.0,0.133333333,0.166666667,0.0,0.0,0.3286164402961731,0.046780508011579514,0.3564721345901489,0.4118856191635132,0.3969550132751465,0.1413215696811676,0.4686574935913086,0.3305152654647827,0.8767725825309753,0.14961202442646027,0.2515869140625,0.29792505502700806,0.09422235935926437,1.0855094194412231,0.19243836402893066,0.24958060681819916,0.10653205960988998,0.0731014758348465,0.07766015082597733,0.1308709681034088,0.2027502804994583,0.014160821214318275,0.2086528092622757,0.06971129775047302,0.04991060867905617,0.18698963522911072,0.059897057712078094,0.06885010749101639,0.055483393371105194,0.1693640500307083,0.20303858816623688,0.08396217226982117,0.0656983032822609,0.08943238109350204,0.031202537938952446,0.4501524567604065,0.14305195212364197,0.01964806392788887,0.0288748349994421,0.062379203736782074,0.16831958293914795,0.16099444031715393,0.04055138677358627,0.15629206597805023,0.229374498128891,0.16530032455921173,0.13242217898368835,0.24631240963935852,0.3803218603134155,0.16452649235725403,0.059756360948085785
AP283,0.133333333,0.1,0.433333333,0.1,1.3,0.7,0.866666667,0.6,0.166666667,0.3,0.066666667,0.0,0.0,0.5,0.433333333,0.5,0.266666667,0.333333333,0.266666667,0.133333333,0.0,0.0,0.0,0.0,0.0,0.133333333,0.0,0.0,0.0,0.233333333,0.133333333,0.033333333,0.0,0.366666667,0.066666667,0.8,0.5,0.0,0.0,0.0,0.433333333,0.0,0.0,0.0,0.0,0.5,0.333333333,0.9,0.133333333,0.166666667,0.2,0.4741517901420593,0.32700595259666443,0.6984059810638428,0.3180795907974243,0.5679612755775452,0.3707302212715149,0.9355407357215881,0.48955658078193665,0.6628304719924927,0.1499408781528473,0.2398732602596283,0.21745042502880096,0.07377813756465912,0.9662915468215942,0.2713789641857147,0.30725622177124023,0.48642945289611816,0.09744121134281158,0.06577976047992706,0.3425730764865875,0.5163332223892212,0.0957409217953682,0.2725610136985779,0.1628989428281784,0.059618622064590454,0.2746366858482361,0.15389908850193024,0.12498946487903595,0.16436322033405304,0.3267342150211334,0.17609623074531555,0.14022979140281677,0.3269605040550232,0.20634785294532776,0.08932395279407501,0.6796737313270569,0.26122617721557617,0.07410485297441483,0.06169473007321358,0.3007398545742035,0.2714201807975769,0.1586618274450302,0.20459525287151337,0.4591960608959198,0.3062461018562317,0.24645166099071503,0.1994858682155609,0.2326442003250122,0.22706930339336395,0.21207891404628754,0.10488578677177429
AP679,0.1,0.0,0.233333333,0.3,0.333333333,0.2,0.4,0.133333333,0.933333333,0.0,0.5,0.333333333,0.1,1.466666667,0.5,0.533333333,0.0,0.033333333,0.0,0.166666667,0.166666667,0.066666667,0.4,0.0,0.266666667,0.1,0.866666667,0.133333333,0.266666667,0.5,0.9,0.366666667,0.033333333,0.166666667,0.166666667,0.8,0.366666667,0.033333333,0.3,1.1,0.266666667,0.3,0.066666667,0.133333333,0.166666667,0.1,0.166666667,0.1,0.4,0.333333333,0.0,0.2777021527290344,0.06186850368976593,0.5126533508300781,0.29399314522743225,0.4045860469341278,0.12350361794233322,0.4333692193031311,0.2170804738998413,0.6916201114654541,0.146428182721138,0.21176129579544067,0.24970662593841553,0.07002928853034973,1.2698547840118408,0.26399514079093933,0.2940659821033478,0.24090056121349335,0.07761957496404648,0.062041983008384705,0.08302148431539536,0.16065481305122375,0.04791130870580673,0.22690781950950623,0.05338374897837639,0.04304494708776474,0.19059118628501892,0.0399952232837677,0.040281422436237335,0.16095589101314545,0.2926628887653351,0.2873859405517578,0.06415645033121109,0.05555535480380058,0.10964083671569824,0.03119426965713501,0.6417996883392334,0.1338742971420288,0.05003146082162857,0.029010524973273277,0.1499367207288742,0.13573424518108368,0.16140787303447723,0.11939644813537598,0.19349521398544312,0.2309359312057495,0.16283699870109558,0.12507155537605286,0.2242640107870102,0.22675269842147827,0.18916785717010498,0.0632045567035675
