stimulus,true_Green,true_Cucumber,true_Herbal,true_Mint,true_Woody,true_Pine,true_Floral,true_Powdery,true_Fruity,true_Citrus,true_Tropical,true_Berry,true_Peach,true_Sweet,true_Caramellic,true_Vanilla,true_BrownSpice,true_Smoky,true_Burnt,true_Roasted,true_Grainy,true_Meaty,true_Nutty,true_Fatty,true_Coconut,true_Waxy,true_Dairy,true_Buttery,true_Cheesy,true_Sour,true_Fermented,true_Sulfurous,true_Garlic.Onion,true_Earthy,true_Mushroom,true_Musty,true_Ammonia,true_Fishy,true_Fecal,true_Rotten.Decay,true_Rubber,true_Phenolic,true_Animal,true_Medicinal,true_Cooling,true_Sharp,true_Chlorine,true_Alcoholic,true_Plastic,true_Ozone,true_Metallic,pred_Green,pred_Cucumber,pred_Herbal,pred_Mint,pred_Woody,pred_Pine,pred_Floral,pred_Powdery,pred_Fruity,pred_Citrus,pred_Tropical,pred_Berry,pred_Peach,pred_Sweet,pred_Caramellic,pred_Vanilla,pred_BrownSpice,pred_Smoky,pred_Burnt,pred_Roasted,pred_Grainy,pred_Meaty,pred_Nutty,pred_Fatty,pred_Coconut,pred_Waxy,pred_Dairy,pred_Buttery,pred_Cheesy,pred_Sour,pred_Fermented,pred_Sulfurous,pred_Garlic.Onion,pred_Earthy,pred_Mushroom,pred_Musty,pred_Ammonia,pred_Fishy,pred_Fecal,pred_Rotten.Decay,pred_Rubber,pred_Phenolic,pred_Animal,pred_Medicinal,pred_Cooling,pred_Sharp,pred_Chlorine,pred_Alcoholic,pred_Plastic,pred_Ozone,pred_Metallic
AA088,0.884615385,0.038461538,0.692307692,0.115384615,0.153846154,0.0,0.192307692,0.307692308,0.230769231,0.0,0.076923077,0.153846154,0.153846154,0.384615385,0.0,0.0,0.0,0.0,0.0,0.0,0.153846154,0.0,0.076923077,0.038461538,0.0,0.0,0.115384615,0.0,0.192307692,0.269230769,0.076923077,0.0,0.0,0.384615385,0.0,0.730769231,0.0,0.0,0.0,0.076923077,0.269230769,0.769230769,0.0,0.846153846,0.038461538,0.038461538,0.653846154,0.346153846,0.192307692,0.384615385,0.192307692,0.38716432452201843,0.2272759974002838,0.4594334661960602,0.19423165917396545,0.6232943534851074,0.2074466049671173,0.3598634898662567,0.21683616936206818,0.6180502772331238,0.4102531373500824,0.2015606164932251,0.21437110006809235,0.06909675151109695,0.727607011795044,0.22282761335372925,0.1667790412902832,0.3160646855831146,0.27786484360694885,0.20597192645072937,0.31579530239105225,0.40332671999931335,0.2457091510295868,0.329601913690567,0.16915863752365112,0.06194116920232773,0.1858421415090561,0.13545961678028107,0.06277813017368317,0.13281597197055817,0.26278257369995117,0.2287120521068573,0.14133527874946594,0.1282670497894287,0.301511287689209,0.06738777458667755,0.5611248016357422,0.18836398422718048,0.05770021304488182,0.030877847224473953,0.17696207761764526,0.26956844329833984,0.48728230595588684,0.12849712371826172,0.314503937959671,0.15276560187339783,0.30885276198387146,0.14294575154781342,0.3189172148704529,0.26349663734436035,0.1833072006702423,0.086960069835186
AA217,0.192307692,0.0,0.192307692,0.0,0.0,0.0,0.115384615,0.038461538,0.076923077,0.0,0.0,0.0,0.269230769,0.961538462,0.384615385,0.0,0.0,0.307692308,0.653846154,0.730769231,0.384615385,0.0,0.5,0.576923077,0.153846154,1.076923077,0.0,0.653846154,0.153846154,0.038461538,0.0,0.384615385,0.0,0.384615385,0.538461538,0.038461538,0.192307692,0.0,0.0,0.192307692,0.192307692,0.115384615,0.538461538,0.0,0.0,0.0,0.0,0.0,0.0,0.0,0.0,0.12979260087013245,0.04384370148181915,0.19052903354167938,0.13501755893230438,0.14001861214637756,0.10539425164461136,0.1989201456308365,0.18567390739917755,0.21552707254886627,0.0515819787979126,0.16190075874328613,0.08543412387371063,0.11533182859420776,0.56196129322052,0.23698844015598297,0.10119657963514328,0.4988696873188019,0.4233410656452179,0.7394144535064697,0.7258156538009644,0.4478229284286499,0.46280691027641296,0.25758859515190125,0.12716376781463623,0.21923473477363586,0.6587069034576416,0.0913582295179367,0.22641430795192719,0.11835671961307526,0.17929521203041077,0.2303624153137207,0.3551231920719147,0.6538092494010925,0.33355358242988586,0.10827074199914932,0.3882112503051758,0.2623217701911926,0.18146418035030365,0.020501088351011276,0.2049812227487564,0.3491653800010681,0.11797889322042465,0.4287596344947815,0.18291330337524414,0.09977880865335464,0.21315357089042664,0.0758361890912056,0.10459478944540024,0.17489057779312134,0.11647894978523254,0.06979487091302872
AA297,0.153846154,0.0,0.192307692,0.307692308,0.076923077,0.0,0.307692308,0.692307692,0.269230769,0.0,0.115384615,0.153846154,0.115384615,1.423076923,0.346153846,0.269230769,0.0,0.423076923,0.0,0.115384615,0.0,0.076923077,0.230769231,0.230769231,0.423076923,1.076923077,0.153846154,1.346153846,0.384615385,0.153846154,0.0,0.076923077,0.038461538,0.153846154,0.076923077,0.115384615,0.0,0.0,0.0,0.0,0.115384615,0.115384615,0.0,0.0,0.076923077,0.0,0.0,0.115384615,0.0,0.0,0.0,0.33237412571907043,0.0025730987545102835,0.35298120975494385,0.23455560207366943,0.29151973128318787,0.20548470318317413,0.054174505174160004,0.38524511456489563,0.3460303843021393,0.02109171636402607,0.14672483503818512,0.04498498514294624,0.17969845235347748,0.8543580174446106,0.44638004899024963,0.04541262611746788,0.13088074326515198,0.20364995300769806,0.1834479421377182,0.25965428352355957,0.2673078775405884,0.1463155448436737,0.1729252189397812,0.4958663284778595,0.12429025769233704,1.0677727460861206,0.19610585272312164,0.7781006693840027,0.01575905829668045,0.10861698538064957,0.20643344521522522,0.018084725365042686,0.0028326513711363077,0.1130872592329979,0.1357734650373459,0.20043903589248657,0.010135553777217865,0.0039548370987176895,0.014922553673386574,0.0854795053601265,0.13479436933994293,0.0762963518500328,0.01625807210803032,0.06736727058887482,0.161732017993927,0.035640206187963486,0.04452142119407654,0.09003785997629166,0.1437811404466629,0.10688714683055878,0.0481138601899147
AA339,0.153846154,0.0,0.0,0.038461538,0.038461538,0.076923077,1.576923077,1.230769231,0.346153846,0.0,0.0,0.0,0.0,0.423076923,0.0,0.038461538,0.0,0.0,0.0,0.0,0.038461538,0.0,0.076923077,0.0,0.0,0.192307692,0.346153846,0.076923077,0.153846154,0.038461538,0.0,0.0,0.076923077,0.076923077,0.115384615,0.153846154,0.0,0.0,0.0,0.0,0.0,0.230769231,0.0,0.0,0.0,0.230769231,0.076923077,0.038461538,0.346153846,0.038461538,0.0,0.2736426889896393,0.061712007969617844,0.20761170983314514,0.7773316502571106,0.2695128619670868,0.07934284955263138,0.35224682092666626,0.14097626507282257,0.22742697596549988,0.0982658863067627,0.14779549837112427,0.15998797118663788,0.05641070753335953,0.5236830711364746,0.07177596539258957,0.0642557367682457,0.050954822450876236,0.07971742749214172,0.08185127377510071,0.3426276445388794,0.32224318385124207,0.15893040597438812,0.17053520679473877,0.30988407135009766,0.05671563372015953,0.09491735696792603,0.3102574646472931,0.16278821229934692,0.6467978954315186,0.24984629452228546,0.21596857905387878,0.43266308307647705,0.3946938216686249,0.2630077600479126,0.17815126478672028,0.43433648347854614,0.09413693100214005,0.2355450987815857,0.05315224453806877,0.593986988067627,0.09624720364809036,0.21918146312236786,0.1294880509376526,0.4728839099407196,0.3881697654724121,0.2769586741924286,0.11894296854734421,0.3665648102760315,0.13675761222839355,0.113568976521492,0.06195798143744469
AA368,0.269230769,0.038461538,0.0,0.0,0.0,0.153846154,0.846153846,1.076923077,0.038461538,0.0,0.115384615,0.153846154,0.153846154,0.615384615,0.0,0.038461538,0.0,0.0,0.192307692,0.0,0.153846154,0.0,0.0,0.192307692,0.076923077,0.269230769,0.346153846,0.076923077,0.153846154,0.192307692,0.0,0.115384615,0.0,0.0,0.076923077,0.269230769,0.076923077,0.0,0.0,0.115384615,0.0,0.115384615,0.076923077,0.192307692,0.0,0.0,0.0,0.115384615,0.076923077,0.076923077,0.0,0.2639335095882416,0.30655282735824585,0.3606894612312317,0.6798471212387085,0.35657405853271484,0.15904465317726135,0.4681480824947357,0.272246390581131,0.35724958777427673,0.10815662890672684,0.1860128939151764,0.14924727380275726,0.04822004958987236,0.849999725818634,0.13368208706378937,0.16961732506752014,0.22401347756385803,0.17038032412528992,0.24095644056797028,0.29690366983413696,0.31624719500541687,0.11131582409143448,0.203817680478096,0.12856927514076233,0.06776113063097,0.1479061394929886,0.10177559405565262,0.06822756677865982,0.09022337943315506,0.16415834426879883,0.21216139197349548,0.09207399934530258,0.5097283720970154,0.13727697730064392,0.06097638979554176,0.25504952669143677,0.09577926993370056,0.061527371406555176,0.05816323682665825,0.13242942094802856,0.0756043866276741,0.19129978120326996,0.14805680513381958,0.48468223214149475,0.417062908411026,0.2082323282957077,0.11329144984483719,0.316621869802475,0.135294571518898,0.12289740145206451,0.07019572705030441
AA474,0.115384615,0.0,0.115384615,0.038461538,0.346153846,0.0,0.230769231,0.192307692,0.807692308,0.0,0.0,0.192307692,0.307692308,0.769230769,0.115384615,0.038461538,0.0,0.0,0.115384615,0.038461538,0.269230769,0.0,0.076923077,0.846153846,0.576923077,1.192307692,0.423076923,0.269230769,0.230769231,0.0,0.115384615,0.076923077,0.0,0.0,0.153846154,0.115384615,0.0,0.0,0.0,0.0,0.038461538,0.346153846,0.0,0.269230769,0.0,0.0,0.192307692,0.076923077,0.0,0.0,0.0,0.2684774696826935,0.16148430109024048,0.42381277680397034,0.1617843359708786,0.26588520407676697,0.0744030624628067,0.2896953225135803,0.2407071888446808,0.5291213989257812,0.48087841272354126,0.17508448660373688,0.16446568071842194,0.19478780031204224,0.871016800403595,0.24328528344631195,0.1407662034034729,0.12927468121051788,0.07482672482728958,0.05777374282479286,0.2347915768623352,0.33283430337905884,0.053940434008836746,0.2840859293937683,0.40149223804473877,0.1522447168827057,0.35660871863365173,0.34420502185821533,0.694852352142334,0.3745504915714264,0.23562583327293396,0.2304471731185913,0.09942931681871414,0.048326801508665085,0.20823925733566284,0.0802617073059082,0.45065975189208984,0.15794844925403595,0.061350878328084946,0.07204324007034302,0.260650098323822,0.15539032220840454,0.17365650832653046,0.1609559953212738,0.2156551033258438,0.15707336366176605,0.2466280162334442,0.0840601846575737,0.23763179779052734,0.23117810487747192,0.13351058959960938,0.07494858652353287
AA513,0.192307692,0.0,0.346153846,0.0,0.615384615,0.115384615,0.192307692,0.230769231,0.0,0.0,0.115384615,0.0,0.153846154,0.346153846,0.076923077,0.0,0.115384615,0.192307692,0.153846154,0.384615385,0.038461538,0.0,0.307692308,0.461538462,0.346153846,1.076923077,1.461538462,0.576923077,1.730769231,0.961538462,0.307692308,0.153846154,0.230769231,0.0,0.038461538,0.0,0.0,0.0,0.307692308,1.192307692,0.0,0.0,0.038461538,0.0,0.0,0.0,0.0,0.0,0.0,0.0,0.0,0.23868700861930847,0.05229789763689041,0.3533148169517517,0.15712164342403412,0.22580747306346893,0.09275894612073898,0.29744845628738403,0.15584620833396912,0.50066077709198,0.33216527104377747,0.19061671197414398,0.12546692788600922,0.13721759617328644,0.9056301712989807,0.20061394572257996,0.30279111862182617,0.08359330147504807,0.0798855572938919,0.06743365526199341,0.22297824919223785,0.25849127769470215,0.09166836738586426,0.25381091237068176,0.2011289745569229,0.22288161516189575,0.3416706621646881,0.666163444519043,0.7143937349319458,0.7554430961608887,0.45223551988601685,0.2529616951942444,0.22319327294826508,0.19037359952926636,0.19720271229743958,0.12233854085206985,0.56151282787323,0.1082833856344223,0.08897129446268082,0.15703395009040833,0.7833132147789001,0.13912871479988098,0.10707362741231918,0.11269558221101761,0.5078588724136353,0.16750593483448029,0.2596527338027954,0.09018974006175995,0.10746414959430695,0.21975229680538177,0.11646926403045654,0.07649218291044235
AA962,0.230769231,0.076923077,0.0,0.0,0.0,0.115384615,1.038461538,0.423076923,0.0,0.0,0.0,0.038461538,0.153846154,0.538461538,0.0,0.0,0.0,0.346153846,0.0,0.153846154,0.0,0.192307692,0.0,0.384615385,0.307692308,0.153846154,0.384615385,0.192307692,0.5,0.153846154,0.269230769,0.192307692,1.038461538,0.0,0.0,0.0,0.0,0.0,0.0,0.076923077,0.115384615,0.153846154,0.153846154,0.0,0.115384615,0.076923077,0.269230769,0.0,0.115384615,0.038461538,0.038461538,0.09012842923402786,0.015146655961871147,0.08832210302352905,0.12381697446107864,0.21686531603336334,0.022851916030049324,0.7336558699607849,0.2165735960006714,0.250579833984375,0.03597931191325188,0.16394613683223724,0.04120197892189026,0.002030204050242901,0.0986967608332634,0.003850196488201618,0.017673412337899208,0.029502982273697853,0.14909501373767853,0.046574145555496216,0.3800845444202423,0.28126177191734314,0.24031324684619904,0.18739840388298035,0.11124057322740555,0.02837257832288742,0.15160684287548065,0.07026337832212448,0.1794699877500534,0.8544013500213623,0.3244817852973938,0.22866669297218323,0.20059643685817719,3.2974071502685547,0.0897366926074028,0.08861712366342545,0.04935341328382492,0.15354600548744202,0.00043200497748330235,0.04316484555602074,0.14960873126983643,0.07072955369949341,0.2020503133535385,0.007738313637673855,0.21187032759189606,0.017732614651322365,0.08781979978084564,0.08598627895116806,0.015480352565646172,0.1290896236896515,0.08698198199272156,0.06071076542139053
AB222,0.055555556,0.0,0.055555556,0.0,0.0,0.0,0.666666667,0.777777778,0.5,0.0,0.277777778,0.0,0.722222222,1.5,0.944444444,0.444444444,0.0,0.0,0.055555556,0.055555556,0.5,0.0,0.0,0.222222222,0.222222222,1.277777778,0.666666667,0.555555556,0.5,0.0,0.0,0.0,0.0,0.055555556,0.0,0.0,0.0,0.0,0.0,0.0,0.0,0.444444444,0.0,0.0,0.0,0.0,0.0,0.0,0.0,0.0,0.0,0.3539992868900299,0.4061349630355835,0.3028391897678375,0.5233035683631897,0.3593725562095642,0.2377273589372635,1.0123978853225708,0.6406607627868652,0.3995746970176697,0.2111126333475113,0.16388148069381714,0.20104506611824036,0.10404072701931,1.067633032798767,0.27255165576934814,0.2417275607585907,1.2913975715637207,0.09261663258075714,0.048698652535676956,0.1654871255159378,0.3139362335205078,0.0338054783642292,0.12471915036439896,0.08751921355724335,0.15182363986968994,0.5518003106117249,0.15723207592964172,0.14913098514080048,0.1319444179534912,0.2510688602924347,0.20504415035247803,0.06219077482819557,0.06496531516313553,0.17110386490821838,0.05456393584609032,0.40193241834640503,0.12047353386878967,0.038657546043395996,0.04343611001968384,0.2090030461549759,0.14154088497161865,0.1795670986175537,0.18181867897510529,0.3774047791957855,0.38989609479904175,0.3464265465736389,0.18060302734375,0.2583017647266388,0.2731701731681824,0.162847638130188,0.10002794116735458
AB226,0.166666667,0.166666667,0.388888889,0.0,0.0,0.444444444,1.5,0.722222222,1.222222222,0.611111111,0.944444444,0.777777778,0.555555556,1.111111111,0.0,0.222222222,0.0,0.0,0.0,0.0,0.0,0.0,0.0,0.0,0.0,0.0,0.0,0.0,0.0,0.0,0.0,0.0,0.0,0.0,0.0,0.222222222,0.0,0.0,0.0,0.0,0.0,0.388888889,0.222222222,0.0,0.166666667,0.222222222,0.055555556,0.0,0.333333333,0.0,0.222222222,0.32764938473701477,0.1630251258611679,0.4682922065258026,0.4241538345813751,0.37961551547050476,0.43601009249687195,1.1021987199783325,0.5158297419548035,0.45420607924461365,0.20643647015094757,0.18921217322349548,0.2710103690624237,0.08980030566453934,0.7229482531547546,0.08420781046152115,0.09533295035362244,0.10988885909318924,0.10620631277561188,0.04911288991570473,0.17565378546714783,0.2696451246738434,0.021939950063824654,0.04795081913471222,0.06981170922517776,0.060432638972997665,0.14906643331050873,0.10805466771125793,0.03648201748728752,0.011068322695791721,0.21143192052841187,0.2071905881166458,0.032114576548337936,0.05962711200118065,0.08361531794071198,0.035438332706689835,0.28875938057899475,0.17335520684719086,0.17647726833820343,0.019137021154165268,0.14897023141384125,0.09752215445041656,0.22830882668495178,0.2324496954679489,0.3793162405490875,0.5132657885551453,0.27501532435417175,0.24571923911571503,0.33584487438201904,0.20716935396194458,0.16556678712368011,0.09309573471546173
AB398,0.0,0.0,0.333333333,0.0,0.5,0.277777778,0.0,0.0,0.0,0.0,0.0,0.0,0.0,0.055555556,0.0,0.0,0.0,0.333333333,0.0,1.111111111,2.055555556,0.0,1.5,0.0,0.0,0.166666667,0.0,0.388888889,0.0,0.0,0.0,0.0,0.0,0.111111111,0.055555556,1.166666667,0.0,0.0,0.0,0.0,0.722222222,0.944444444,0.0,0.111111111,0.444444444,0.0,0.222222222,0.0,0.388888889,0.0,0.0,0.4152924716472626,0.1197231262922287,0.9772573709487915,0.3060195744037628,0.34031444787979126,0.3011300265789032,0.2848893702030182,0.2720796763896942,0.33167096972465515,0.07483915239572525,0.19981445372104645,0.12807729840278625,0.046034034341573715,0.6551014184951782,0.19156304001808167,0.11427184194326401,0.17482943832874298,0.16443221271038055,0.048452120274305344,0.4920588731765747,0.571586549282074,0.04822833463549614,0.27162373065948486,0.08891092985868454,0.04098580405116081,0.05897022411227226,0.012526757083833218,0.09033636748790741,0.02764955163002014,0.17962373793125153,0.23064185678958893,0.09487215429544449,0.18704178929328918,0.13883650302886963,0.03317241743206978,0.47433996200561523,0.10520833730697632,0.032641079276800156,0.015085536986589432,0.07384559512138367,0.43914785981178284,0.26571059226989746,0.030598042532801628,0.2573952376842499,0.3776981234550476,0.1776399314403534,0.09923882782459259,0.13568426668643951,0.37469449639320374,0.14736834168434143,0.1377502977848053
AB486,0.0,0.0,0.222222222,0.0,0.166666667,0.0,0.0,0.055555556,0.222222222,0.0,0.0,0.0,0.0,0.166666667,0.5,0.0,0.111111111,0.222222222,0.833333333,0.222222222,0.666666667,0.0,0.111111111,0.0,0.111111111,0.166666667,0.0,0.111111111,0.0,0.5,0.388888889,0.5,1.833333333,0.222222222,0.0,0.5,0.111111111,0.0,0.0,0.055555556,0.277777778,0.055555556,0.0,0.0,0.5,0.0,0.277777778,0.277777778,0.277777778,0.0,0.0,0.190777987241745,0.036713115870952606,0.22597013413906097,0.12731990218162537,0.1250140517950058,0.06783120334148407,0.1824115514755249,0.13421477377414703,0.33924034237861633,0.02263590320944786,0.15604661405086517,0.14182980358600616,0.052038468420505524,0.4601428210735321,0.22163790464401245,0.1112108826637268,0.13234949111938477,0.14277461171150208,0.12031251192092896,0.46510881185531616,0.3332914412021637,0.3057374358177185,0.22265255451202393,0.1560448855161667,0.10725276917219162,0.17782732844352722,0.1821272075176239,0.1969742774963379,0.23739869892597198,0.24265830218791962,0.2557782232761383,0.2742646634578705,1.8618978261947632,0.1361687332391739,0.07082387804985046,0.26011306047439575,0.06443549692630768,0.08159413188695908,0.05741697922348976,0.18305492401123047,0.13159920275211334,0.09300258755683899,0.05927031487226486,0.20014895498752594,0.17750200629234314,0.1333160698413849,0.051336620002985,0.1624169945716858,0.13369029760360718,0.08206368237733841,0.07753895223140717
AB672,0.0,0.0,0.277777778,2.222222222,0.0,0.0,0.0,0.222222222,0.166666667,0.0,0.222222222,0.0,0.111111111,0.555555556,0.0,0.0,0.0,0.0,0.0,0.444444444,0.388888889,0.388888889,0.222222222,0.333333333,0.166666667,0.0,0.555555556,0.166666667,1.055555556,0.0,0.0,0.277777778,0.833333333,0.166666667,0.111111111,0.055555556,0.0,0.555555556,0.0,1.0,0.0,0.0,0.0,0.0,0.888888889,0.055555556,0.0,0.388888889,0.0,0.0,0.0,0.1912311315536499,0.026148894801735878,0.24013105034828186,1.7190682888031006,0.20033791661262512,0.077025406062603,0.1405581831932068,0.11172781139612198,0.2398282289505005,0.09390772879123688,0.1531626135110855,0.070823073387146,0.05764901638031006,0.7036317586898804,0.12924814224243164,0.18311141431331635,0.043259456753730774,0.07667618989944458,0.05960932746529579,0.22905878722667694,0.3419196903705597,0.24394595623016357,0.21545089781284332,0.37907668948173523,0.042849909514188766,0.04932102933526039,0.39381667971611023,0.27127188444137573,0.7843877077102661,0.20497089624404907,0.23082417249679565,0.5863016843795776,0.45888274908065796,0.11898348480463028,0.2042582631111145,0.36312490701675415,0.040221646428108215,0.4723368287086487,0.05591961741447449,0.7045185565948486,0.08939512073993683,0.14391638338565826,0.1135280504822731,0.37459781765937805,0.7712394595146179,0.18801991641521454,0.06775723397731781,0.21669796109199524,0.11109472811222076,0.10286670178174973,0.06934472918510437
AC067,0.0,0.0,0.111111111,0.037037037,0.0,0.0,0.185185185,0.296296296,0.037037037,0.0,0.0,0.074074074,0.0,1.222222222,0.62962963,1.037037037,0.481481481,1.518518519,1.0,0.296296296,0.0,0.148148148,0.0,0.148148148,0.037037037,0.0,0.0,0.0,0.074074074,0.259259259,0.111111111,0.185185185,0.0,0.0,0.0,0.259259259,0.148148148,0.0,0.037037037,0.0,0.222222222,0.703703704,0.074074074,0.259259259,0.0,0.148148148,0.148148148,0.148148148,0.074074074,0.518518519,0.148148148,0.1861991584300995,0.025112027302384377,0.19775018095970154,0.40278536081314087,0.20695997774600983,0.059508636593818665,0.28151676058769226,0.30689290165901184,0.31373345851898193,0.07045195996761322,0.1789960116147995,0.14943990111351013,0.052179690450429916,1.0929683446884155,0.4589707851409912,0.5319978594779968,0.4218025207519531,0.7827706336975098,0.8296067714691162,0.4597816467285156,0.28967222571372986,0.4980153739452362,0.24774794280529022,0.10398584604263306,0.05703859403729439,0.10516083985567093,0.10242521017789841,0.1470343917608261,0.15969260036945343,0.2559865713119507,0.2528757154941559,0.2546566426753998,0.30344584584236145,0.19485612213611603,0.11642776429653168,0.29151520133018494,0.2306944727897644,0.11118097603321075,0.016932766884565353,0.19066502153873444,0.15175998210906982,0.1865457445383072,0.16203106939792633,0.2567460834980011,0.28779178857803345,0.37624481320381165,0.12513653934001923,0.4508659243583679,0.1885679066181183,0.1760278344154358,0.09447263181209564
AC761,0.0,0.148148148,0.0,0.037037037,0.0,0.0,0.0,0.0,0.0,0.074074074,0.0,0.0,0.0,0.037037037,0.0,0.0,0.0,0.37037037,0.703703704,1.222222222,0.777777778,0.592592593,0.185185185,0.185185185,0.0,0.0,0.0,0.148148148,0.222222222,0.333333333,0.666666667,0.407407407,1.222222222,0.555555556,1.074074074,0.296296296,0.074074074,0.185185185,0.0,0.333333333,0.0,0.0,0.185185185,0.0,0.074074074,0.0,0.0,0.0,0.0,0.0,0.0,0.3086087703704834,0.361009418964386,0.32647567987442017,0.15370547771453857,0.21593709290027618,0.1755053848028183,0.23864732682704926,0.2151062786579132,0.2633819878101349,0.2434261292219162,0.2085384726524353,0.16585445404052734,0.05519358813762665,0.4055168330669403,0.12846794724464417,0.11219426244497299,0.09641414880752563,0.22226981818675995,0.676810622215271,0.5881079435348511,0.44723278284072876,0.4208361804485321,0.27579551935195923,0.13514943420886993,0.056740522384643555,0.1745569109916687,0.15005193650722504,0.13095581531524658,0.2771783173084259,0.271263062953949,0.24558454751968384,0.34293320775032043,0.6901111602783203,0.24987170100212097,0.3359566926956177,0.4192413091659546,0.17718936502933502,0.12414886802434921,0.0404934287071228,0.41768497228622437,0.2823101282119751,0.19403213262557983,0.25579702854156494,0.2510886788368225,0.046571891754865646,0.20513296127319336,0.0942712053656578,0.13157476484775543,0.32214924693107605,0.20014351606369019,0.12227973341941833
AC930,0.185185185,0.0,0.111111111,0.814814815,0.111111111,0.148148148,0.259259259,0.407407407,0.62962963,0.037037037,0.444444444,0.777777778,0.222222222,0.814814815,0.0,0.074074074,0.0,0.0,0.0,0.0,0.0,0.0,0.0,0.0,0.0,0.0,0.0,0.0,0.0,0.222222222,0.592592593,0.444444444,0.0,0.0,0.0,0.259259259,0.259259259,0.0,0.148148148,0.37037037,0.185185185,0.37037037,0.37037037,0.518518519,0.888888889,0.222222222,0.0,0.703703704,0.407407407,0.074074074,0.111111111,0.2745791971683502,0.04610346257686615,0.34731271862983704,0.4254322052001953,0.2748669981956482,0.2474033087491989,0.3753548264503479,0.2125527262687683,0.4606725573539734,0.08633674681186676,0.2349659651517868,0.2609577476978302,0.12104615569114685,0.7565026879310608,0.2831805944442749,0.46615710854530334,0.04426804184913635,0.08139640837907791,0.0536830797791481,0.15732017159461975,0.24701248109340668,0.05259758234024048,0.12446705251932144,0.07412906736135483,0.08347228914499283,0.09462736546993256,0.026633813977241516,0.07387130707502365,0.021974917501211166,0.17512518167495728,0.24252890050411224,0.17312735319137573,0.14070701599121094,0.1589510142803192,0.05524960905313492,0.6170322299003601,0.25301310420036316,0.0519028939306736,0.043856702744960785,0.10509674996137619,0.18036368489265442,0.21351061761379242,0.10893132537603378,0.41497600078582764,0.399245023727417,0.265926718711853,0.14189593493938446,0.24760280549526215,0.25165724754333496,0.12117823213338852,0.09967324137687683
AD011,0.6,0.0,0.2,0.0,0.133333333,0.0,0.0,0.0,0.0,0.0,0.0,0.0,0.0,0.0,0.0,0.0,0.0,0.266666667,0.266666667,0.133333333,0.266666667,0.333333333,0.266666667,0.266666667,0.2,0.0,0.4,0.266666667,0.6,0.2,0.4,1.066666667,1.133333333,0.733333333,0.4,0.466666667,0.0,1.133333333,0.0,0.4,0.0,0.0,0.0,0.0,0.0,0.0,0.0,0.0,0.0,0.0,0.0,0.31432345509529114,0.14853039383888245,0.18345318734645844,0.11623787134885788,0.15157762169837952,0.10034489631652832,0.11171447485685349,0.09180731326341629,0.2787252962589264,0.12346567958593369,0.1385778933763504,0.08409392088651657,0.027361685410141945,0.43789517879486084,0.22015871107578278,0.1495233178138733,0.08876964449882507,0.1402352750301361,0.14445583522319794,0.3879486918449402,0.36527231335639954,0.32000693678855896,0.2995685636997223,0.3415761888027191,0.043216850608587265,0.06666514277458191,0.14075157046318054,0.1636158972978592,0.44500359892845154,0.18690769374370575,0.2299690544605255,0.5666974782943726,0.5832405090332031,0.16752725839614868,0.17053835093975067,0.3099006712436676,0.18381790816783905,0.145908385515213,0.022130215540528297,0.5716043710708618,0.09716888517141342,0.1777953952550888,0.09365852922201157,0.20590434968471527,0.13315734267234802,0.19022764265537262,0.09850805997848511,0.1947593092918396,0.12257202714681625,0.1163831427693367,0.0622907429933548
AD329,0.666666667,0.333333333,0.4,4.0,0.266666667,0.0,0.133333333,0.0,0.4,0.333333333,0.2,0.2,0.0,1.333333333,0.0,0.0,0.2,0.0,0.0,0.0,0.0,0.2,0.0,0.0,0.0,0.0,0.0,0.0,0.0,0.0,0.133333333,0.0,0.0,0.133333333,0.0,0.0,0.0,0.0,0.0,0.133333333,0.0,0.0,0.0,0.266666667,1.2,0.0,0.133333333,0.066666667,0.0,0.0,0.066666667,0.5158782601356506,0.66337651014328,1.0076547861099243,1.3992369174957275,0.1934414803981781,0.2850625216960907,0.21111130714416504,0.1872158944606781,0.2805997431278229,0.22342269122600555,0.16054505109786987,0.07406876236200333,0.06407532840967178,0.6675779223442078,0.12560775876045227,0.13413722813129425,0.22047023475170135,0.17632263898849487,0.05241680145263672,0.16333840787410736,0.2963661849498749,0.0947439968585968,0.19939610362052917,0.08213663101196289,0.02915913239121437,0.09519761055707932,0.05276148021221161,0.057923100888729095,0.029666220769286156,0.1640954166650772,0.23590770363807678,0.08645554631948471,0.23710700869560242,0.0971522331237793,0.032372429966926575,0.1668051928281784,0.07429156452417374,0.025609029456973076,0.009958859533071518,0.10169834643602371,0.11085326969623566,0.15391777455806732,0.015601878985762596,0.3713909685611725,0.7765389084815979,0.226541668176651,0.12994840741157532,0.17158183455467224,0.15737198293209076,0.15063735842704773,0.07824632525444031
AD462,0.066666667,0.0,0.133333333,0.4,0.6,0.0,0.066666667,0.933333333,0.533333333,0.0,0.266666667,0.066666667,0.2,0.8,0.0,0.133333333,0.666666667,1.0,0.066666667,0.4,0.6,0.666666667,0.0,0.2,0.2,0.0,0.266666667,0.0,0.133333333,0.133333333,0.0,0.0,0.266666667,0.0,0.133333333,0.066666667,0.0,0.0,0.0,0.133333333,0.0,0.266666667,0.0,0.066666667,0.0,0.0,0.0,0.0,0.066666667,0.0,0.0,0.3311153054237366,0.2852458953857422,0.4878810942173004,0.38843438029289246,0.49697256088256836,0.39419084787368774,0.3021520674228668,0.3029673993587494,0.307594895362854,0.18662165105342865,0.16442522406578064,0.14486081898212433,0.05517029017210007,0.793642520904541,0.29671210050582886,0.23708325624465942,0.35984548926353455,0.4482135772705078,0.21139860153198242,0.3055226504802704,0.36820507049560547,0.32951000332832336,0.11331170797348022,0.14721664786338806,0.046198319643735886,0.1772308349609375,0.05393436923623085,0.0653720498085022,0.08253377676010132,0.2173711210489273,0.23824799060821533,0.1309860646724701,0.47295013070106506,0.19669973850250244,0.18344184756278992,0.47978994250297546,0.0985381156206131,0.05160621926188469,0.04232066497206688,0.17970967292785645,0.21859730780124664,0.263990581035614,0.08343958854675293,0.28165146708488464,0.21762146055698395,0.16799254715442657,0.09326569736003876,0.1726926863193512,0.2745988667011261,0.17688773572444916,0.09025228768587112
AD505,0.0,0.1875,0.5625,0.0,0.25,0.125,0.0,0.0,0.0,0.0,0.0,0.0,0.0,0.0,0.0,0.0,0.0,0.1875,0.0625,0.25,0.0,0.625,0.3125,0.0,0.0,0.125,0.0625,0.0,0.25,0.375,0.0,0.5,3.0,0.1875,0.0,0.25,0.25,0.0,0.0,0.1875,0.25,0.0,0.0,0.25,0.1875,0.4375,0.0,0.5,0.3125,0.0,0.0,0.2154839038848877,0.05494534224271774,0.25693202018737793,0.24290618300437927,0.08747195452451706,0.06605710834264755,0.21654199063777924,0.059322670102119446,0.3857584595680237,0.06267660111188889,0.1642269641160965,0.14144062995910645,0.027256211265921593,0.3160661458969116,0.06540538370609283,0.09712249785661697,0.11956164240837097,0.12490495294332504,0.07429017126560211,0.5918015837669373,0.416580468416214,0.5128063559532166,0.20801913738250732,0.24458840489387512,0.05878670513629913,0.06004193425178528,0.12010873854160309,0.2293848991394043,0.3427415192127228,0.29792749881744385,0.26909708976745605,0.361466646194458,3.25693678855896,0.14477840065956116,0.2044232338666916,0.24098242819309235,0.11085999757051468,0.3180151879787445,0.07148050516843796,0.13947585225105286,0.19020171463489532,0.15889056026935577,0.14444880187511444,0.118506520986557,0.1249203160405159,0.15741725265979767,0.0554446205496788,0.08542963117361069,0.14133115112781525,0.09813633561134338,0.08045485615730286
AD690,0.533333333,0.2,0.466666667,0.133333333,0.0,0.466666667,0.0,0.0,0.133333333,0.0,0.0,0.0,0.0,0.333333333,0.0,0.0,0.066666667,0.4,0.0,0.733333333,0.4,1.0,0.0,0.4,0.0,0.0,0.0,0.0,0.4,0.666666667,0.866666667,0.666666667,3.733333333,0.0,0.066666667,0.0,0.2,0.0,0.0,0.2,0.0,0.0,0.0,0.2,0.0,0.2,0.0,0.0,0.133333333,0.0,0.0,0.4159829318523407,0.1714545637369156,0.48145079612731934,0.24369347095489502,0.1557246893644333,0.13707123696804047,0.23878587782382965,0.09921351075172424,0.32180631160736084,0.08327747881412506,0.15243220329284668,0.09370515495538712,0.03865300863981247,0.42090436816215515,0.0612393282353878,0.07119680941104889,0.24419976770877838,0.29932114481925964,0.14063997566699982,0.5557903051376343,0.41445523500442505,0.44532859325408936,0.1842508316040039,0.15459465980529785,0.03609328716993332,0.10338437557220459,0.07434402406215668,0.16443274915218353,0.316305547952652,0.31716597080230713,0.2370220422744751,0.35157859325408936,2.8608500957489014,0.14052714407444,0.11923065781593323,0.13104498386383057,0.12265454977750778,0.021564040333032608,0.049349330365657806,0.14485399425029755,0.16475695371627808,0.13965143263339996,0.087970070540905,0.13878704607486725,0.14996303617954254,0.24833433330059052,0.06980382651090622,0.06636609137058258,0.11340329796075821,0.10371091216802597,0.0925808772444725
AD866,0.071428571,0.0,0.428571429,0.0,0.0,0.0,0.0,0.357142857,0.0,0.0,0.0,0.0,0.0,0.357142857,0.285714286,0.214285714,0.285714286,1.5,1.571428571,1.071428571,0.0,0.714285714,0.0,0.0,0.071428571,0.0,0.0,0.0,0.285714286,0.357142857,0.142857143,0.285714286,2.928571429,0.357142857,0.142857143,0.357142857,0.0,0.0,0.0,0.0,0.428571429,0.071428571,0.214285714,0.0,0.071428571,0.0,0.0,0.0,0.214285714,0.357142857,0.285714286,0.2351161390542984,0.2245827466249466,0.24192705750465393,0.31522536277770996,0.15230602025985718,0.10275156795978546,0.1794821172952652,0.3300941288471222,0.2214956134557724,0.033130381256341934,0.17543278634548187,0.06224142014980316,0.014759302139282227,0.7295458912849426,0.3334938883781433,0.34412017464637756,0.4322563707828522,0.8002052903175354,0.48030248284339905,0.6481732726097107,0.3976428210735321,0.5124736428260803,0.26644808053970337,0.26802152395248413,0.03744271397590637,0.09380742162466049,0.048739418387413025,0.0848611444234848,0.06678261607885361,0.26213282346725464,0.25823548436164856,0.3397315740585327,1.9266315698623657,0.1889723390340805,0.18005670607089996,0.2762434482574463,0.214536651968956,0.07502986490726471,0.028365449979901314,0.15315715968608856,0.19571226835250854,0.22519055008888245,0.0977432131767273,0.29234492778778076,0.151797816157341,0.25949931144714355,0.08981645107269287,0.15522968769073486,0.18521668016910553,0.25741565227508545,0.10508082062005997
AD919,0.666666667,0.4,0.533333333,0.333333333,0.8,0.8,0.0,0.0,0.4,0.0,0.4,0.4,0.2,0.4,0.0,0.0,0.0,0.0,0.0,0.0,0.0,0.0,0.0,0.0,0.0,0.066666667,0.0,0.133333333,0.0,0.266666667,0.2,0.0,0.0,0.2,0.0,0.333333333,0.266666667,0.0,0.0,0.066666667,0.0,0.733333333,0.0,0.2,0.133333333,0.0,0.533333333,0.0,0.333333333,0.4,0.333333333,0.2900473475456238,0.14384037256240845,0.3893198072910309,0.32959115505218506,0.42089611291885376,0.17174305021762848,0.3560590147972107,0.37858182191848755,0.5852710604667664,0.13031429052352905,0.19446992874145508,0.22666849195957184,0.08230293542146683,1.1279462575912476,0.21345512568950653,0.2828141450881958,0.18703514337539673,0.5049346685409546,0.5867525339126587,0.31123507022857666,0.27824634313583374,0.2445044070482254,0.19150322675704956,0.10840781033039093,0.16843536496162415,0.14589281380176544,0.47581401467323303,0.1089225485920906,0.1679413914680481,0.23085923492908478,0.28526434302330017,0.17991113662719727,0.1489993780851364,0.184052512049675,0.09201759845018387,0.4394073486328125,0.15769334137439728,0.027990736067295074,0.02345656417310238,0.17471078038215637,0.20794813334941864,0.16619513928890228,0.16299588978290558,0.19087857007980347,0.13969208300113678,0.2468438297510147,0.08074194192886353,0.272599995136261,0.1931624859571457,0.12026284635066986,0.09007787704467773
AE140,0.178571429,0.214285714,0.392857143,0.214285714,0.357142857,0.178571429,0.25,0.0,0.392857143,0.107142857,0.285714286,0.178571429,0.142857143,0.428571429,0.0,0.107142857,0.071428571,0.0,0.0,0.142857143,0.107142857,0.0,0.0,0.0,0.0,0.0,0.0,0.035714286,0.071428571,0.142857143,0.107142857,0.142857143,0.0,0.785714286,0.107142857,0.678571429,0.214285714,0.0,0.0,0.035714286,1.071428571,0.535714286,0.0,0.321428571,0.178571429,0.464285714,0.75,0.892857143,1.107142857,0.142857143,0.428571429,0.3315666913986206,0.06799183040857315,0.36053603887557983,0.44400137662887573,0.3592282831668854,0.13918577134609222,0.2360832840204239,0.15385109186172485,0.5209828615188599,0.08104482293128967,0.16366946697235107,0.2357916682958603,0.06562670320272446,0.5279544591903687,0.12951798737049103,0.11514069885015488,0.09542864561080933,0.27644044160842896,0.25287842750549316,0.35649293661117554,0.32259783148765564,0.16978572309017181,0.1579042375087738,0.12433488667011261,0.037047650665044785,0.1184513196349144,0.04158962517976761,0.07706817984580994,0.05005773901939392,0.2458963692188263,0.26412856578826904,0.19836804270744324,0.25306451320648193,0.2370629459619522,0.09395337849855423,0.6310176253318787,0.23603455722332,0.07075724750757217,0.04518945515155792,0.1979367583990097,0.4751450717449188,0.24386729300022125,0.180160790681839,0.21455533802509308,0.2302265614271164,0.22736623883247375,0.18064813315868378,0.20863360166549683,0.4072970449924469,0.18636365234851837,0.16128699481487274
AE142,0.428571429,0.107142857,0.5,0.607142857,0.035714286,0.821428571,0.357142857,0.0,0.214285714,0.071428571,0.178571429,0.0,0.142857143,0.071428571,0.0,0.0,0.0,0.0,0.0,0.321428571,0.0,0.0,0.0,0.321428571,0.0,0.035714286,0.0,0.0,0.0,0.25,0.357142857,0.25,0.607142857,0.0,0.142857143,0.285714286,0.785714286,0.071428571,0.107142857,0.25,0.25,0.642857143,0.071428571,0.571428571,0.714285714,1.285714286,0.571428571,0.964285714,0.857142857,0.0,0.392857143,0.5753124952316284,0.6275892853736877,0.591122031211853,1.6958788633346558,0.3533356189727783,0.22106324136257172,0.5267804861068726,0.26303085684776306,0.7494189739227295,0.2487727254629135,0.2267603576183319,0.2721143662929535,0.17733657360076904,1.1938135623931885,0.3497127592563629,0.47004836797714233,0.35278967022895813,0.22535647451877594,0.32231616973876953,0.20289647579193115,0.2809044420719147,0.10448111593723297,0.08969774097204208,0.09204225987195969,0.11242196708917618,0.30789196491241455,0.1299963891506195,0.12178786844015121,0.03677476942539215,0.2657191753387451,0.23151716589927673,0.09953556954860687,0.1723853200674057,0.08580129593610764,0.05477960407733917,0.28430792689323425,0.31427353620529175,0.08401459455490112,0.04846326634287834,0.19832013547420502,0.3992997109889984,0.3271200358867645,0.04557541012763977,0.6021798253059387,1.0409908294677734,0.7702142000198364,0.21933670341968536,0.754360556602478,0.4305049180984497,0.2073906511068344,0.13258393108844757
AE448,0.666666667,0.444444444,1.0,0.37037037,0.518518519,0.111111111,0.62962963,0.074074074,0.259259259,0.074074074,0.407407407,0.259259259,0.074074074,0.37037037,0.148148148,0.222222222,0.074074074,0.0,0.0,0.0,0.0,0.0,0.074074074,0.0,0.111111111,0.037037037,0.148148148,0.0,0.185185185,0.074074074,0.185185185,0.0,0.0,0.111111111,0.0,0.037037037,0.0,0.111111111,0.0,0.148148148,0.111111111,0.0,0.0,0.111111111,0.259259259,0.0,0.592592593,0.0,0.222222222,0.296296296,0.0,0.9827919602394104,0.22308145463466644,0.5952372550964355,0.23188632726669312,0.3347165882587433,0.2717815041542053,0.9713535904884338,0.16019099950790405,1.2159515619277954,0.03600141778588295,0.3437107503414154,0.636008083820343,0.09647776931524277,1.564414620399475,0.00929657556116581,0.100715771317482,0.022116059437394142,0.022232292219996452,0.05313075706362724,0.09452273696660995,0.22507977485656738,0.01690087653696537,0.030279850587248802,0.09060905873775482,0.034282803535461426,0.2289896160364151,0.04935377463698387,0.055475760251283646,0.032513327896595,0.22166022658348083,0.2898997366428375,0.04209308326244354,0.049974389374256134,0.20016366243362427,0.035895928740501404,0.6552644371986389,0.13315680623054504,0.004736211150884628,0.02604096569120884,0.07761754095554352,0.2187899351119995,0.10620514303445816,0.0935686007142067,0.2552338242530823,0.14269989728927612,0.2552127242088318,0.31042441725730896,0.10808585584163666,0.18466128408908844,0.31268736720085144,0.04340239241719246
AE539,0.107142857,0.0,0.178571429,0.178571429,0.214285714,0.0,0.428571429,0.25,0.285714286,0.0,0.357142857,0.107142857,0.0,0.357142857,0.0,0.071428571,0.0,0.0,0.0,0.285714286,0.392857143,0.071428571,0.107142857,0.0,0.0,0.0,0.0,0.071428571,0.0,0.214285714,0.285714286,0.107142857,0.142857143,0.392857143,0.428571429,0.357142857,0.857142857,0.464285714,0.178571429,0.285714286,0.107142857,0.428571429,0.571428571,0.107142857,0.214285714,0.5,0.0,0.392857143,0.214285714,0.0,0.142857143,0.35379746556282043,0.23280204832553864,0.35233163833618164,0.2816804349422455,0.340946227312088,0.18241706490516663,0.3830198347568512,0.1325293481349945,0.395770788192749,0.12155258655548096,0.20123039186000824,0.12544170022010803,0.050137754529714584,0.7513090968132019,0.21857799589633942,0.17743609845638275,0.13898015022277832,0.15096250176429749,0.0795045718550682,0.43390944600105286,0.42874255776405334,0.12005802989006042,0.29913708567619324,0.11166638135910034,0.047020845115184784,0.10782889276742935,0.10228829830884933,0.09081795066595078,0.095039501786232,0.22547045350074768,0.24498149752616882,0.14007897675037384,0.12918435037136078,0.18894048035144806,0.1149711161851883,0.5311022996902466,0.27745550870895386,0.23145735263824463,0.10759352147579193,0.1544354408979416,0.15815693140029907,0.1544215828180313,0.13702864944934845,0.25022396445274353,0.5747921466827393,0.2386862337589264,0.10370060056447983,0.2712978422641754,0.19456380605697632,0.1545872986316681,0.11447173357009888
AE645,0.178571429,0.0,0.214285714,0.0,0.178571429,0.0,0.0,0.0,0.107142857,0.071428571,0.035714286,0.035714286,0.0,0.142857143,0.071428571,0.071428571,0.071428571,0.0,0.0,0.071428571,0.071428571,0.071428571,0.0,0.107142857,0.0,0.0,0.214285714,0.25,0.5,0.214285714,0.5,0.142857143,0.0,0.142857143,0.107142857,0.214285714,0.5,0.0,0.535714286,0.892857143,0.214285714,0.357142857,0.178571429,0.25,0.25,0.964285714,0.642857143,3.071428571,0.142857143,0.142857143,0.25,0.2851680815219879,0.04870469868183136,0.4552825689315796,0.2411697655916214,0.3406698405742645,0.11272282898426056,0.3034017086029053,0.1543172001838684,0.483614444732666,0.16605272889137268,0.18804559111595154,0.23733144998550415,0.08135417103767395,0.631734311580658,0.22390681505203247,0.17248888313770294,0.11014746129512787,0.11574171483516693,0.0619247667491436,0.2150244265794754,0.33045443892478943,0.13211657106876373,0.2037615329027176,0.12953265011310577,0.05877405032515526,0.1344602108001709,0.1994571089744568,0.11022984981536865,0.18970291316509247,0.24114097654819489,0.22103703022003174,0.1089797243475914,0.11907102167606354,0.19653074443340302,0.06145235896110535,0.4588095545768738,0.29888415336608887,0.05297204479575157,0.10571099817752838,0.3105257749557495,0.17604658007621765,0.1604814976453781,0.16528983414173126,0.3570782542228699,0.3734285533428192,0.47852662205696106,0.24459831416606903,1.8510775566101074,0.2183401882648468,0.13695749640464783,0.09868574142456055
AE755,0.111111111,0.0,0.074074074,0.0,0.185185185,0.0,0.0,0.0,0.074074074,0.0,0.0,0.0,0.0,0.259259259,0.037037037,0.0,0.0,0.074074074,0.0,1.37037037,2.074074074,0.074074074,0.703703704,0.259259259,0.111111111,0.0,0.111111111,0.296296296,0.074074074,0.111111111,0.111111111,0.0,0.037037037,0.0,0.037037037,0.222222222,0.074074074,0.0,0.0,0.0,0.074074074,0.0,0.259259259,0.296296296,0.259259259,0.222222222,0.185185185,2.666666667,0.148148148,0.0,0.037037037,0.3923124074935913,0.10349652171134949,0.4325152039527893,0.9381174445152283,0.3613371253013611,0.12551665306091309,0.28155139088630676,0.20572298765182495,0.386295884847641,0.252299964427948,0.15974979102611542,0.14924289286136627,0.020832484588027,0.5991026759147644,0.2968253195285797,0.16389721632003784,0.12449042499065399,0.28094053268432617,0.14821574091911316,0.5112943649291992,0.5514329671859741,0.10831054300069809,0.5692955851554871,0.11463283747434616,0.05086914449930191,0.16727162897586823,0.26065996289253235,0.10543045401573181,0.13249337673187256,0.22178710997104645,0.22333630919456482,0.0904509574174881,0.07076860964298248,0.3484494686126709,0.15881696343421936,0.4689028263092041,0.261664479970932,0.06012260541319847,0.04753653332591057,0.14257478713989258,0.17881207168102264,0.2329489141702652,0.08704979717731476,0.39730024337768555,0.4975116550922394,0.45723575353622437,0.23622393608093262,1.8119025230407715,0.2219923436641693,0.14305926859378815,0.11196746677160263
AE929,0.185185185,0.0,0.222222222,0.444444444,0.259259259,0.111111111,0.0,0.111111111,0.518518519,0.0,0.111111111,0.333333333,0.148148148,0.481481481,0.148148148,0.222222222,0.148148148,0.074074074,0.0,0.0,0.0,0.0,0.111111111,0.0,0.074074074,0.111111111,0.222222222,0.222222222,0.407407407,0.148148148,0.37037037,0.148148148,0.0,0.111111111,0.0,0.777777778,0.37037037,0.0,0.592592593,0.444444444,0.0,0.0,0.111111111,1.222222222,0.814814815,0.518518519,0.333333333,0.962962963,0.481481481,0.074074074,0.222222222,0.26871076226234436,0.14370082318782806,0.3793909549713135,0.3070720434188843,0.2525898814201355,0.1632423847913742,0.16371117532253265,0.1325942426919937,0.4687706530094147,0.08627024292945862,0.15991786122322083,0.21879546344280243,0.08727992326021194,0.7091857194900513,0.16974011063575745,0.18663538992404938,0.07485852390527725,0.08815594762563705,0.04404996335506439,0.16791294515132904,0.23708193004131317,0.021488163620233536,0.10799267143011093,0.06405377388000488,0.05059609189629555,0.07975338399410248,0.1752007007598877,0.10866633802652359,0.4298413097858429,0.1768130660057068,0.25609642267227173,0.14527669548988342,0.08375579118728638,0.12290080636739731,0.033636424690485,0.42287954688072205,0.138925239443779,0.03649764880537987,0.10016670823097229,0.2617432773113251,0.13303707540035248,0.1449206918478012,0.104543037712574,1.5712159872055054,0.8135675191879272,0.3283190131187439,0.097227543592453,0.386979341506958,0.18067136406898499,0.11397911608219147,0.11285464465618134
AG069,0.166666667,0.0,0.066666667,0.133333333,0.0,0.0,0.0,0.0,0.066666667,0.0,0.066666667,0.1,0.1,0.7,0.166666667,0.266666667,0.0,0.033333333,0.0,0.0,0.266666667,0.0,0.1,0.0,0.0,0.0,0.733333333,1.3,1.5,0.3,0.1,0.233333333,0.0,0.033333333,0.066666667,0.133333333,0.0,0.0,0.166666667,0.033333333,0.0,0.0,0.0,0.0,0.2,0.033333333,0.0,0.166666667,0.0,0.0,0.0,0.34100931882858276,0.2832767069339752,0.3554583489894867,0.27755361795425415,0.247532919049263,0.11727476119995117,0.3025173544883728,0.11750002205371857,0.7330674529075623,0.1489357352256775,0.25185465812683105,0.24731482565402985,0.09650259464979172,0.7204387784004211,0.08329340070486069,0.25296467542648315,0.046142056584358215,0.05657746270298958,0.014813311398029327,0.1404467672109604,0.23357760906219482,0.07778768241405487,0.1486227959394455,0.2729032635688782,0.06357128918170929,0.10992646962404251,0.6356067657470703,0.277360200881958,0.9513150453567505,0.32250550389289856,0.24400192499160767,0.4186844229698181,0.3200300633907318,0.1349768340587616,0.07203751802444458,0.5043140649795532,0.16721278429031372,0.05443984270095825,0.23069894313812256,0.5622998476028442,0.12416935712099075,0.11903367191553116,0.06516020745038986,0.5461580753326416,0.41635146737098694,0.22643694281578064,0.08490309119224548,0.2780916392803192,0.16391786932945251,0.10859369486570358,0.16317325830459595
AG247,0.933333333,0.066666667,0.566666667,0.066666667,0.0,0.133333333,0.9,0.133333333,0.833333333,0.1,0.433333333,0.133333333,0.366666667,0.6,0.3,0.233333333,0.266666667,0.0,0.0,0.3,0.0,0.1,0.0,0.0,0.0,0.0,0.0,0.0,0.0,0.166666667,0.333333333,0.3,0.8,0.1,0.233333333,0.566666667,0.666666667,0.133333333,0.1,0.433333333,0.1,0.0,0.0,0.066666667,0.133333333,0.6,0.133333333,0.133333333,0.066666667,0.0,0.2,0.43389102816581726,0.12822842597961426,0.6292396187782288,0.26375263929367065,0.39620086550712585,0.324942409992218,0.39960435032844543,0.33267083764076233,0.45586925745010376,0.10761721432209015,0.21543878316879272,0.1709873378276825,0.1341484934091568,0.8844403624534607,0.22972586750984192,0.22909528017044067,0.20896793901920319,0.11402787268161774,0.041256148368120193,0.33944323658943176,0.3735693693161011,0.027567939832806587,0.18057653307914734,0.08050500601530075,0.031800586730241776,0.1565198451280594,0.04851891100406647,0.05355290696024895,0.016689158976078033,0.19612246751785278,0.22540061175823212,0.10788155347108841,0.2276027798652649,0.20102420449256897,0.034654874354600906,0.5189967155456543,0.2615722715854645,0.03031972050666809,0.020595071837306023,0.07942971587181091,0.1331157237291336,0.1308673769235611,0.03433149307966232,0.20766694843769073,0.3926137089729309,0.44292736053466797,0.09969266504049301,0.25531938672065735,0.1659117341041565,0.13827429711818695,0.1039474830031395
AG298,0.3,0.066666667,0.166666667,0.0,0.333333333,0.1,0.0,0.0,0.1,0.066666667,0.066666667,0.066666667,0.0,0.8,0.533333333,0.5,0.166666667,0.266666667,0.233333333,0.7,1.233333333,0.266666667,1.433333333,0.033333333,0.2,0.0,0.833333333,0.466666667,0.366666667,0.2,0.0,0.133333333,0.0,0.166666667,0.033333333,0.266666667,0.233333333,0.0,0.033333333,0.033333333,0.0,0.166666667,0.066666667,0.0,0.0,0.0,0.0,0.2,0.0,0.0,0.0,0.4794735312461853,0.11555863171815872,0.4565310478210449,0.3455430865287781,0.28233450651168823,0.22817261517047882,0.16482751071453094,0.13469672203063965,0.727644145488739,0.17992308735847473,0.21246051788330078,0.2432689368724823,0.07106905430555344,0.8620637059211731,0.27666375041007996,0.284352570772171,0.11489605158567429,0.15673275291919708,0.033076848834753036,0.4541739523410797,0.42900970578193665,0.10650923103094101,0.4002789258956909,0.08326233923435211,0.0381077416241169,0.11728306859731674,0.12283048778772354,0.06833268702030182,0.12293807417154312,0.2749173641204834,0.23015104234218597,0.07850667834281921,0.06638536602258682,0.18970361351966858,0.13511833548545837,0.4551154673099518,0.17047655582427979,0.000993759254924953,0.02734716795384884,0.1009039357304573,0.11097786575555801,0.15788325667381287,0.02985939010977745,0.22836235165596008,0.28932803869247437,0.30202171206474304,0.15219803154468536,0.3517853915691376,0.20571060478687286,0.11718817800283432,0.11185643821954727
AG570,0.133333333,0.033333333,0.2,0.033333333,0.1,0.0,0.266666667,0.0,0.233333333,0.0,0.0,0.2,0.1,0.5,0.1,0.233333333,0.066666667,0.7,0.866666667,1.0,0.666666667,0.833333333,0.8,0.366666667,0.0,0.0,0.0,0.0,0.0,0.5,0.266666667,0.9,0.666666667,0.3,0.166666667,0.033333333,0.333333333,0.033333333,0.1,0.4,0.433333333,0.066666667,0.7,0.0,0.0,0.3,0.0,0.0,0.0,0.0,0.0,0.0774562805891037,0.02606118470430374,0.15227659046649933,0.169216588139534,0.1183883398771286,0.0545135997235775,0.11377353221178055,0.09877920895814896,0.18137899041175842,0.013697406277060509,0.16077667474746704,0.08572667837142944,0.023682523518800735,0.2596316337585449,0.03915457800030708,0.050931379199028015,0.03365856781601906,0.41611337661743164,0.6198449730873108,1.0818239450454712,0.5427144169807434,0.4196664094924927,0.5831717252731323,0.1315845251083374,0.029333803802728653,0.05490637570619583,0.015271631069481373,0.13599206507205963,0.1091570183634758,0.24336402118206024,0.25882476568222046,0.39993879199028015,0.7078817486763,0.32596319913864136,0.137083038687706,0.31584280729293823,0.12271770089864731,0.17818084359169006,0.02677060291171074,0.26570749282836914,0.19111302495002747,0.17463216185569763,0.48739486932754517,0.13097085058689117,0.14467580616474152,0.12562556564807892,0.03963860869407654,0.1418163925409317,0.15456409752368927,0.09204138070344925,0.09272268414497375
AH402,0.433333333,0.066666667,0.333333333,0.433333333,0.333333333,0.3,0.4,0.0,0.9,0.0,0.133333333,0.3,0.066666667,0.8,0.4,0.466666667,0.166666667,0.033333333,0.0,0.033333333,0.0,0.0,0.133333333,0.0,0.0,0.133333333,0.266666667,0.0,0.133333333,0.1,0.066666667,0.166666667,0.166666667,0.1,0.066666667,0.066666667,0.0,0.0,0.033333333,0.033333333,0.3,0.466666667,0.0,0.933333333,0.566666667,0.0,0.0,0.333333333,0.533333333,0.233333333,0.1,0.2999829053878784,0.18759214878082275,0.3367965519428253,0.24546071887016296,0.24676060676574707,0.1556830257177353,0.3625026047229767,0.20742788910865784,0.9121395349502563,0.12005922943353653,0.2070496380329132,0.3895573318004608,0.1058340072631836,1.0675653219223022,0.14359889924526215,0.3144493103027344,0.10601590573787689,0.04403223469853401,0.012001851573586464,0.12686322629451752,0.21490605175495148,0.009081519208848476,0.11810693889856339,0.14271631836891174,0.08043434470891953,0.11373673379421234,0.2552092671394348,0.1624598652124405,0.20312285423278809,0.2943359315395355,0.24869583547115326,0.14242607355117798,0.06904458999633789,0.11887059360742569,0.06006813049316406,0.3752574622631073,0.15191778540611267,0.13526205718517303,0.07618594169616699,0.3769032657146454,0.15737028419971466,0.19527605175971985,0.05838172510266304,0.5791671276092529,0.5367529392242432,0.36721271276474,0.11675946414470673,0.32523098587989807,0.28418248891830444,0.10413869470357895,0.10485447198152542
AH666,0.166666667,0.0,0.333333333,0.0,0.366666667,0.166666667,0.433333333,0.233333333,0.933333333,0.166666667,0.066666667,0.5,0.066666667,1.0,0.3,0.633333333,0.266666667,0.0,0.0,0.066666667,0.233333333,0.0,0.133333333,0.0,0.0,0.166666667,0.166666667,0.066666667,0.366666667,0.066666667,0.3,0.066666667,0.133333333,0.0,0.0,0.266666667,0.166666667,0.0,0.033333333,0.133333333,0.1,0.4,0.1,0.533333333,0.066666667,0.0,0.0,0.133333333,0.166666667,0.0,0.0,0.3734695017337799,0.1815072000026703,0.5758199691772461,0.4622292220592499,0.22270992398262024,0.22202827036380768,0.36386990547180176,0.3059063255786896,0.8860470056533813,0.1086503341794014,0.2663949131965637,0.488390177488327,0.0875655934214592,1.1093450784683228,0.297428160905838,0.24339109659194946,0.18519720435142517,0.08392147719860077,0.05318346619606018,0.25164467096328735,0.39485734701156616,0.06327515095472336,0.23863676190376282,0.09161057323217392,0.06586999446153641,0.11639279872179031,0.18767207860946655,0.13034185767173767,0.17460834980010986,0.20326624810695648,0.2387918382883072,0.17359958589076996,0.20872944593429565,0.11501950770616531,0.0797729343175888,0.45690321922302246,0.15418915450572968,0.06536499410867691,0.16953657567501068,0.33219456672668457,0.2373356819152832,0.2129821628332138,0.10379228740930557,0.326671838760376,0.32761526107788086,0.21043266355991364,0.1255028247833252,0.31275588274002075,0.24040600657463074,0.15426163375377655,0.16003012657165527
AJ003,0.066666667,0.0,0.233333333,0.0,0.2,0.0,0.2,0.5,1.2,0.0,0.133333333,0.033333333,0.1,1.933333333,0.266666667,0.8,0.666666667,0.566666667,0.233333333,0.3,0.166666667,0.766666667,0.133333333,0.233333333,0.0,0.1,0.233333333,0.0,0.4,0.0,0.033333333,0.0,0.1,0.0,0.0,0.166666667,0.033333333,0.166666667,0.0,0.666666667,0.066666667,0.066666667,0.0,0.666666667,0.066666667,0.233333333,0.0,0.433333333,0.2,0.0,0.1,0.3397996723651886,0.056551750749349594,0.3464899957180023,0.2192072719335556,0.23912937939167023,0.06839456409215927,0.30136361718177795,0.11375033855438232,0.600159764289856,0.26763996481895447,0.18984012305736542,0.1370609551668167,0.05058377981185913,0.9086593389511108,0.26370251178741455,0.2857256233692169,0.20360441505908966,0.0787009596824646,0.0658002719283104,0.38585832715034485,0.37323957681655884,0.33207178115844727,0.30670365691185,0.2849022448062897,0.05147533491253853,0.19542621076107025,0.25261351466178894,0.07039865106344223,0.45213425159454346,0.3830239772796631,0.25847384333610535,0.29632270336151123,0.18427550792694092,0.158014714717865,0.15858641266822815,0.5020719766616821,0.06523474305868149,0.1834912896156311,0.07862682640552521,0.5392132997512817,0.12689664959907532,0.13563941419124603,0.09462013840675354,0.21143697202205658,0.09881431609392166,0.31389814615249634,0.06861840933561325,0.2651423513889313,0.18323534727096558,0.11105822026729584,0.10984616726636887
AJ062,0.172413793,0.0,0.517241379,0.172413793,0.24137931,0.137931034,0.206896552,0.310344828,0.689655172,0.103448276,0.068965517,0.103448276,0.0,1.068965517,0.379310345,0.275862069,0.379310345,0.0,0.137931034,0.172413793,0.034482759,0.0,0.275862069,0.034482759,0.0,0.068965517,0.0,0.0,0.0,0.275862069,0.137931034,0.0,0.172413793,0.172413793,0.0,0.793103448,0.172413793,0.0,0.0,0.034482759,0.206896552,0.379310345,0.0,0.517241379,0.206896552,0.655172414,0.172413793,1.24137931,0.344827586,0.206896552,0.344827586,0.27753955125808716,0.010526022873818874,0.387141615152359,0.44892141222953796,0.4356481432914734,0.15004827082157135,0.20551837980747223,0.2629903256893158,0.7364499568939209,0.11352598667144775,0.1722286492586136,0.15984025597572327,0.03849349915981293,1.3906989097595215,0.37001097202301025,0.3287365436553955,0.5528104305267334,0.4488649368286133,0.21509385108947754,0.3815993666648865,0.3918375074863434,0.34009891748428345,0.218519389629364,0.17720475792884827,0.058510325849056244,0.2298908829689026,0.04983901232481003,0.052814215421676636,0.08605266362428665,0.24238647520542145,0.2304438352584839,0.05503550544381142,0.10545337200164795,0.1579562872648239,0.05287839472293854,0.40882790088653564,0.11265720427036285,0.06828240305185318,0.023461144417524338,0.10360928624868393,0.1878824234008789,0.1343158781528473,0.0878760814666748,0.25103068351745605,0.158717080950737,0.29990050196647644,0.08981747180223465,0.3087919354438782,0.16871844232082367,0.18783113360404968,0.08825866132974625
AJ334,1.3,0.133333333,0.6,0.0,0.566666667,0.1,0.333333333,0.033333333,0.4,0.0,0.2,0.066666667,0.066666667,0.933333333,0.1,0.2,0.066666667,0.0,0.0,0.0,0.033333333,0.0,0.1,0.266666667,0.0,1.833333333,0.066666667,0.0,0.1,0.133333333,0.1,0.0,0.0,0.466666667,0.0,1.033333333,0.0,0.0,0.0,0.0,0.266666667,0.2,0.166666667,0.0,0.033333333,0.033333333,0.0,0.0,0.1,0.233333333,0.333333333,0.2425626814365387,0.06005989387631416,0.2661569118499756,0.15615598857402802,0.2116222381591797,0.09074128419160843,0.38769054412841797,0.17614223062992096,0.6772390007972717,0.12340056896209717,0.1779143363237381,0.32730919122695923,0.10725881159305573,0.991706371307373,0.3038124442100525,0.43884408473968506,0.1766880601644516,0.0484204962849617,0.018447332084178925,0.13578610122203827,0.21576373279094696,0.03376353159546852,0.14945033192634583,0.23859445750713348,0.13641557097434998,0.2765452563762665,0.28300637006759644,0.14076946675777435,0.21502795815467834,0.257579505443573,0.2505115270614624,0.14549337327480316,0.06520666927099228,0.1223975419998169,0.16649046540260315,0.4623803198337555,0.22246325016021729,0.07509253174066544,0.07922855019569397,0.38038310408592224,0.14509470760822296,0.10542085766792297,0.04315441474318504,0.4759214520454407,0.3377988040447235,0.3555343747138977,0.06055624037981033,0.23318947851657867,0.20250895619392395,0.11026526242494583,0.08817394822835922
AJ647,0.034482759,0.0,0.034482759,0.0,0.344827586,0.0,0.0,0.0,0.172413793,0.0,0.0,0.0,0.0,0.482758621,0.275862069,0.137931034,0.206896552,0.24137931,0.0,2.172413793,2.517241379,0.103448276,2.275862069,0.275862069,0.0,0.0,0.068965517,0.482758621,0.344827586,0.0,0.0,0.0,0.103448276,0.137931034,0.24137931,0.172413793,0.0,0.0,0.0,0.0,0.103448276,0.068965517,0.0,0.0,0.0,0.0,0.0,0.0,0.0,0.103448276,0.0,0.279707670211792,0.15275733172893524,0.270896315574646,0.2844907343387604,0.24221067130565643,0.11181144416332245,0.48911038041114807,0.2740256190299988,0.7911045551300049,0.10372377187013626,0.20348455011844635,0.22671987116336823,0.056942932307720184,0.9813381433486938,0.19944171607494354,0.14708451926708221,0.2003130316734314,0.08347376435995102,0.07382717728614807,0.41686204075813293,0.5393696427345276,0.08722622692584991,0.4836269021034241,0.10479678958654404,0.039656709879636765,0.09023532271385193,0.07752937823534012,0.07969655096530914,0.14601446688175201,0.1825505644083023,0.23904988169670105,0.11575749516487122,0.11324162036180496,0.11386798322200775,0.08366525918245316,0.49881765246391296,0.15629693865776062,0.038968589156866074,0.06279194355010986,0.251752108335495,0.20471630990505219,0.24083144962787628,0.19510652124881744,0.2766672670841217,0.23633484542369843,0.11893852800130844,0.0880890041589737,0.35400956869125366,0.24089522659778595,0.12733767926692963,0.09263680130243301
AK135,0.433333333,0.1,0.433333333,0.0,0.166666667,0.5,0.666666667,0.566666667,0.666666667,1.4,0.1,0.066666667,0.0,1.1,0.0,0.066666667,0.066666667,0.133333333,0.0,0.166666667,0.1,0.0,0.0,0.0,0.0,0.1,0.0,0.0,0.066666667,0.233333333,0.166666667,0.0,0.0,0.1,0.033333333,0.566666667,0.266666667,0.0,0.0,0.0,0.033333333,0.166666667,0.0,0.466666667,0.0,0.466666667,0.833333333,0.433333333,0.3,0.366666667,0.333333333,0.3548612892627716,0.011397548951208591,0.5889723300933838,0.18146009743213654,0.39714765548706055,0.2999848425388336,0.49408137798309326,0.28359347581863403,0.9404260516166687,0.5482858419418335,0.20559203624725342,0.26530173420906067,0.04627886414527893,1.7422001361846924,0.43395817279815674,0.45355430245399475,0.24060338735580444,0.07320959866046906,0.05258187651634216,0.20918910205364227,0.3387356698513031,0.03240435943007469,0.18766941130161285,0.07932861149311066,0.048778973519802094,0.1521294265985489,0.05060947313904762,0.08228006213903427,0.15569615364074707,0.3146219849586487,0.24411216378211975,0.10147110372781754,0.08278641849756241,0.1137632355093956,0.03398306295275688,0.4458131492137909,0.1386430561542511,0.03132239729166031,0.04700198397040367,0.11414849758148193,0.1577119082212448,0.0934990867972374,0.055474214255809784,0.22565871477127075,0.14952018857002258,0.26262715458869934,0.09814535081386566,0.1601925492286682,0.1465669423341751,0.11813770234584808,0.11099522560834885
AK723,0.366666667,0.066666667,0.066666667,0.0,0.066666667,0.0,0.166666667,0.166666667,1.233333333,0.2,0.4,0.033333333,0.1,2.5,1.2,1.266666667,1.166666667,0.133333333,0.066666667,0.333333333,0.9,0.0,0.633333333,0.2,0.1,0.366666667,0.4,0.633333333,0.2,0.466666667,0.0,0.0,0.0,0.0,0.0,0.0,0.066666667,0.0,0.0,0.0,0.0,0.133333333,0.0,0.0,0.0,0.5,0.0,0.3,0.166666667,0.0,0.133333333,0.4273669123649597,0.08020873367786407,0.3364441394805908,0.12564657628536224,0.17543335258960724,0.1391931176185608,0.38210487365722656,0.14633961021900177,0.950334906578064,0.2018825262784958,0.17766648530960083,0.1787857711315155,0.03850096836686134,1.368134617805481,0.20410257577896118,0.21683405339717865,0.15761449933052063,0.030602963641285896,0.013282493688166142,0.12941798567771912,0.24227049946784973,0.03740130737423897,0.08020833879709244,0.06838266551494598,0.033429525792598724,0.20056314766407013,0.04891204833984375,0.059193309396505356,0.022303227335214615,0.36801525950431824,0.2344006597995758,0.02280365489423275,0.06749258935451508,0.1293836534023285,0.016439858824014664,0.33452093601226807,0.09938234090805054,0.015082919970154762,0.013038447126746178,0.08311042934656143,0.08212719857692719,0.11029981076717377,0.04130253568291664,0.16510313749313354,0.15778642892837524,0.24438539147377014,0.08034034818410873,0.24067255854606628,0.14948661625385284,0.132430300116539,0.08317689597606659
AK814,0.4,0.0,0.6,0.0,0.266666667,0.233333333,0.933333333,0.366666667,1.8,0.5,0.166666667,0.333333333,0.033333333,1.6,0.133333333,0.166666667,0.066666667,0.0,0.0,0.0,0.0,0.0,0.4,0.0,0.0,0.433333333,0.0,0.0,0.0,0.133333333,0.233333333,0.0,0.0,0.166666667,0.0,0.733333333,0.1,0.0,0.0,0.0,0.1,0.233333333,0.0,0.266666667,0.0,0.4,0.266666667,0.133333333,0.666666667,0.4,0.166666667,0.43661439418792725,0.07808499038219452,0.37440502643585205,0.13702696561813354,0.2012586146593094,0.13685260713100433,0.39012610912323,0.15718026459217072,1.143041729927063,0.14501893520355225,0.18887250125408173,0.22153116762638092,0.040077682584524155,1.437417984008789,0.25182148814201355,0.20095305144786835,0.17908354103565216,0.04207663610577583,0.005466635338962078,0.13839228451251984,0.24445469677448273,0.02016671560704708,0.09947093576192856,0.06893546134233475,0.03463609144091606,0.16635973751544952,0.048641499131917953,0.03946623578667641,0.06808143109083176,0.35938674211502075,0.2330906093120575,0.033370014280080795,0.050650451332330704,0.13264106214046478,0.01997748762369156,0.3574226200580597,0.11588727682828903,0.026256952434778214,0.012038169428706169,0.12086175382137299,0.09236447513103485,0.106507308781147,0.03679097816348076,0.14838388562202454,0.1741444170475006,0.2826237082481384,0.1186651811003685,0.20344004034996033,0.17105567455291748,0.14140471816062927,0.07586502283811569
AK971,0.2,0.0,0.266666667,0.133333333,0.233333333,0.033333333,0.366666667,0.266666667,0.4,0.066666667,0.0,0.0,0.0,0.9,0.2,0.166666667,0.066666667,0.0,0.0,0.1,0.133333333,0.0,0.4,0.0,0.066666667,0.3,0.233333333,0.066666667,0.8,0.233333333,0.333333333,0.0,0.0,0.366666667,0.0,1.7,0.633333333,0.0,0.1,0.466666667,0.1,0.3,0.3,0.366666667,0.1,0.466666667,0.433333333,0.4,0.166666667,0.066666667,0.1,0.40652593970298767,0.10732363909482956,0.39034193754196167,0.1149720847606659,0.23237332701683044,0.14070376753807068,0.39221662282943726,0.18231695890426636,0.8363323211669922,0.13226911425590515,0.18232564628124237,0.1609904021024704,0.02673281915485859,1.1154404878616333,0.16992905735969543,0.21960178017616272,0.19109377264976501,0.037213679403066635,0.012829671613872051,0.13417425751686096,0.25925883650779724,0.06545673310756683,0.12050440907478333,0.0701262578368187,0.035558778792619705,0.1915731430053711,0.04294595867395401,0.04822133481502533,0.0365927554666996,0.29536712169647217,0.23427316546440125,0.03723578900098801,0.05691016837954521,0.126990407705307,0.02250780537724495,0.404369592666626,0.0848323404788971,0.007895474322140217,0.014180307276546955,0.08255812525749207,0.1092706099152565,0.13486523926258087,0.044846225529909134,0.18021135032176971,0.1682228296995163,0.22592797875404358,0.10368286818265915,0.21160848438739777,0.17613865435123444,0.15479522943496704,0.08165991306304932
AK977,0.066666667,0.0,0.3,0.333333333,0.366666667,0.0,0.366666667,0.3,0.533333333,0.0,0.133333333,0.166666667,0.1,1.033333333,0.733333333,0.366666667,0.366666667,0.033333333,0.0,0.033333333,0.266666667,0.033333333,0.133333333,0.0,0.166666667,0.066666667,0.1,0.0,0.0,0.2,0.066666667,0.0,0.0,0.066666667,0.0,0.4,0.0,0.0,0.0,0.0,0.5,0.3,0.0,1.5,0.6,0.266666667,0.2,0.7,0.833333333,0.233333333,0.133333333,0.3315255045890808,0.05566283315420151,0.4185676872730255,0.18276876211166382,0.30422350764274597,0.19052232801914215,0.25516822934150696,0.23284505307674408,0.29321393370628357,0.06327258795499802,0.14012238383293152,0.09030166268348694,0.025346415117383003,0.7755705118179321,0.32200300693511963,0.1875857263803482,0.28967079520225525,0.10880855470895767,0.14844347536563873,0.2716096043586731,0.25105977058410645,0.21522249281406403,0.1695927530527115,0.09535875916481018,0.03274102136492729,0.09706087410449982,0.029799511656165123,0.03836444765329361,0.04426867142319679,0.1876223087310791,0.22624051570892334,0.16471220552921295,0.1617690920829773,0.1710663139820099,0.04484429582953453,0.39941754937171936,0.1417551040649414,0.04217083752155304,0.01190708577632904,0.11061876267194748,0.1853145956993103,0.15851522982120514,0.04590364173054695,0.36526116728782654,0.18136455118656158,0.37780189514160156,0.09711805731058121,0.43748739361763,0.21217268705368042,0.12559197843074799,0.1430543214082718
AK983,0.433333333,0.1,0.266666667,0.1,0.1,0.0,0.1,0.433333333,1.333333333,0.0,0.5,0.3,0.0,1.8,0.2,0.433333333,0.033333333,0.033333333,0.033333333,0.0,0.633333333,0.0,0.366666667,0.266666667,0.1,0.133333333,0.433333333,0.1,0.0,0.433333333,0.0,0.0,0.0,0.0,0.166666667,0.566666667,0.0,0.733333333,0.0,0.533333333,0.0,0.0,0.0,0.366666667,0.066666667,0.1,0.166666667,0.133333333,0.033333333,0.1,0.166666667,0.5229586958885193,0.11007677018642426,0.40245696902275085,0.16146142780780792,0.20866304636001587,0.18043483793735504,0.2815167307853699,0.15072868764400482,0.6001518964767456,0.5563868880271912,0.15152741968631744,0.11124853044748306,0.031022850424051285,0.9255035519599915,0.28504058718681335,0.1361275464296341,0.1181221604347229,0.04889633506536484,0.10256136953830719,0.194787859916687,0.2778412699699402,0.16951604187488556,0.15554936230182648,0.15937986969947815,0.03775190934538841,0.12016629427671432,0.07843339443206787,0.04220224544405937,0.036056242883205414,0.5534898638725281,0.23670685291290283,0.18265676498413086,0.19811402261257172,0.1790206879377365,0.07075304538011551,0.6233274340629578,0.13439707458019257,0.05855785310268402,0.018650002777576447,0.1565692275762558,0.15016689896583557,0.1619071662425995,0.06129420921206474,0.2311197966337204,0.26656079292297363,0.6440737843513489,0.20413638651371002,0.8814897537231445,0.22412888705730438,0.179361030459404,0.1492234468460083
AL402,1.066666667,0.0,0.366666667,0.1,0.666666667,0.333333333,0.633333333,0.2,0.933333333,0.3,0.166666667,0.066666667,0.0,0.433333333,0.066666667,0.133333333,0.166666667,0.1,0.166666667,0.766666667,0.633333333,0.233333333,0.533333333,0.066666667,0.0,0.266666667,0.0,0.0,0.0,0.466666667,0.3,0.0,0.033333333,0.233333333,0.166666667,0.6,0.3,0.233333333,0.0,0.2,0.3,0.133333333,0.0,0.1,0.133333333,0.3,0.4,0.2,0.166666667,0.233333333,0.166666667,1.0011343955993652,0.08563440293073654,0.5997698307037354,0.20307114720344543,0.7710984349250793,0.22319483757019043,0.310162752866745,0.11323866993188858,0.46425721049308777,0.11888056248426437,0.15201716125011444,0.07963909208774567,0.00792420282959938,0.6049890518188477,0.16995136439800262,0.12610578536987305,0.19196467101573944,0.15064331889152527,0.2815436124801636,0.6166415214538574,0.795635998249054,0.04175787791609764,0.6154100894927979,0.07120689749717712,0.03959477320313454,0.2630773186683655,0.019093191251158714,0.04682658240199089,0.0414666086435318,0.31932398676872253,0.22837206721305847,0.04319852218031883,0.08159314841032028,0.4374701678752899,0.08070402592420578,0.9081144332885742,0.11694549024105072,0.11439420282840729,0.023998133838176727,0.10104966163635254,0.3250623941421509,0.14773087203502655,0.045779891312122345,0.12460813671350479,0.13428497314453125,0.19286774098873138,0.2463187724351883,0.1132882833480835,0.3668011426925659,0.2021990865468979,0.16585256159305573
AL454,0.366666667,0.0,0.533333333,0.133333333,0.533333333,0.2,0.733333333,0.366666667,0.866666667,0.433333333,0.0,0.0,0.0,1.166666667,0.366666667,0.433333333,0.133333333,0.0,0.0,0.166666667,0.333333333,0.0,0.466666667,0.433333333,0.266666667,0.433333333,0.0,0.133333333,0.233333333,0.433333333,0.233333333,0.0,0.0,0.2,0.066666667,0.933333333,0.8,0.5,0.066666667,0.1,0.2,0.266666667,0.033333333,0.1,0.166666667,1.0,0.266666667,0.333333333,0.033333333,0.0,0.133333333,0.5573407411575317,0.02530675381422043,0.5179097056388855,0.24246911704540253,0.5703210830688477,0.298145592212677,0.4713744521141052,0.16741977632045746,0.8455426692962646,0.3694407343864441,0.20258080959320068,0.2427775114774704,0.07799491286277771,1.2311331033706665,0.2791534662246704,0.29583635926246643,0.20893840491771698,0.05239332467317581,0.047088395804166794,0.25693148374557495,0.34278833866119385,0.03384174406528473,0.24684689939022064,0.11392621695995331,0.046086736023426056,0.1967204064130783,0.04477261006832123,0.06220969557762146,0.12737677991390228,0.25781887769699097,0.24166949093341827,0.020699040964245796,0.06260121613740921,0.2050340473651886,0.038758713752031326,0.6550326943397522,0.44870537519454956,0.1323433667421341,0.03683721274137497,0.12042570859193802,0.12234021723270416,0.0959131121635437,0.1202743649482727,0.19547471404075623,0.16510073840618134,0.4001639783382416,0.14347589015960693,0.2830558717250824,0.1819925457239151,0.18798209726810455,0.1419629454612732
AL520,0.2,0.0,0.5,0.0,0.3,0.066666667,0.466666667,0.0,0.633333333,0.0,0.0,0.0,0.0,0.466666667,0.133333333,0.266666667,0.033333333,0.0,0.066666667,0.3,0.2,0.366666667,0.1,0.133333333,0.0,0.133333333,0.0,0.0,0.133333333,0.366666667,0.066666667,0.5,0.5,0.366666667,0.1,1.2,0.6,1.433333333,0.433333333,0.9,0.133333333,0.0,0.166666667,0.0,0.033333333,0.433333333,0.1,0.033333333,0.066666667,0.466666667,0.433333333,0.7861322164535522,0.07720895856618881,0.6288011074066162,0.20060819387435913,0.608646035194397,0.18161356449127197,0.2858163118362427,0.06799563020467758,0.5823604464530945,0.263295978307724,0.17046266794204712,0.17168521881103516,0.020939256995916367,0.7463871836662292,0.1690305471420288,0.14963123202323914,0.23683258891105652,0.08744627982378006,0.1460338979959488,0.39208143949508667,0.5758483409881592,0.20458093285560608,0.47190141677856445,0.07765290141105652,0.039549268782138824,0.1654643714427948,0.08731778711080551,0.06149457022547722,0.1605881303548813,0.3752824366092682,0.2478020340204239,0.10192061960697174,0.0975184217095375,0.2705173194408417,0.14974166452884674,0.6819707155227661,0.19352184236049652,0.22150827944278717,0.08994380384683609,0.2880912721157074,0.2516208291053772,0.14723467826843262,0.118712417781353,0.12872610986232758,0.15557625889778137,0.24811100959777832,0.2328760176897049,0.08539561182260513,0.3279182016849518,0.15800711512565613,0.13670797646045685
AL790,0.6,0.1,0.533333333,0.0,0.5,0.066666667,0.433333333,0.233333333,0.5,0.0,0.166666667,0.333333333,0.0,0.6,0.1,0.1,0.2,0.266666667,0.066666667,0.533333333,0.966666667,0.3,0.133333333,0.1,0.0,0.266666667,0.0,0.0,0.266666667,0.2,0.333333333,0.066666667,0.2,0.366666667,0.1,0.8,0.0,0.1,0.0,0.466666667,0.266666667,0.333333333,0.0,0.1,0.0,0.333333333,0.0,0.4,0.133333333,0.433333333,0.066666667,0.6825235486030579,0.602319061756134,0.7059034109115601,0.3994947671890259,0.4668104648590088,0.10645083338022232,0.5456795692443848,0.19726525247097015,0.8524519801139832,0.24516206979751587,0.2506466209888458,0.2916274666786194,0.06442639231681824,1.1717647314071655,0.2471533566713333,0.2550928294658661,0.21158495545387268,0.052863966673612595,0.052370574325323105,0.23131707310676575,0.33104225993156433,0.11859989166259766,0.3495553433895111,0.09771598130464554,0.05656352639198303,0.20926548540592194,0.09171845018863678,0.051801372319459915,0.16707123816013336,0.39893847703933716,0.23445887863636017,0.07843228429555893,0.0958714410662651,0.2026655673980713,0.09801197052001953,0.6564180850982666,0.14755119383335114,0.0742264986038208,0.14548921585083008,0.13508430123329163,0.19912290573120117,0.13060787320137024,0.13637636601924896,0.1482057273387909,0.17628133296966553,0.30833524465560913,0.1604335606098175,0.1759897619485855,0.24061189591884613,0.20237332582473755,0.1123105138540268
AL973,1.3,0.0,0.433333333,0.1,0.033333333,0.1,0.4,0.2,0.766666667,0.0,0.133333333,0.0,0.0,0.666666667,0.133333333,0.133333333,0.0,0.0,0.066666667,0.0,0.066666667,0.1,0.5,0.0,0.0,0.5,0.133333333,0.0,0.066666667,0.166666667,0.1,0.166666667,0.033333333,0.433333333,0.1,1.433333333,0.666666667,0.366666667,0.1,0.666666667,0.5,0.366666667,0.533333333,0.166666667,0.066666667,0.333333333,0.133333333,0.0,0.4,0.233333333,0.433333333,0.8287834525108337,0.7376368045806885,0.6474632024765015,0.23525744676589966,0.505128026008606,0.22887930274009705,0.4495478570461273,0.16031703352928162,0.5683743953704834,0.44044309854507446,0.18480685353279114,0.1470102071762085,0.04049821197986603,0.7662426829338074,0.21001452207565308,0.17938242852687836,0.28494396805763245,0.05244859308004379,0.08371632546186447,0.36049410700798035,0.602194607257843,0.05763069912791252,0.4683428406715393,0.07729970663785934,0.03757654130458832,0.24721091985702515,0.030215393751859665,0.06553337723016739,0.0671432837843895,0.24781228601932526,0.234063059091568,0.0724131315946579,0.03456046059727669,0.2888288199901581,0.10554162412881851,0.7170427441596985,0.2513312101364136,0.11865854263305664,0.045644696801900864,0.15132690966129303,0.2551645338535309,0.18259087204933167,0.11258789151906967,0.09817345440387726,0.12499590218067169,0.2947498857975006,0.19373968243598938,0.13324090838432312,0.2778876721858978,0.16171161830425262,0.14111928641796112
AM435,0.4,0.0,1.1,1.433333333,0.833333333,0.433333333,0.2,0.566666667,0.833333333,0.2,0.166666667,0.066666667,0.0,1.466666667,0.433333333,0.633333333,0.433333333,0.166666667,0.1,0.2,0.0,0.066666667,0.166666667,0.066666667,0.0,0.0,0.0,0.0,0.0,0.3,0.3,0.2,0.166666667,0.233333333,0.0,0.733333333,0.033333333,0.0,0.0,0.0,0.533333333,0.066666667,0.0,0.266666667,0.933333333,0.666666667,0.133333333,0.566666667,0.166666667,0.2,0.166666667,0.5775176882743835,0.07655386626720428,0.6314228773117065,0.29314911365509033,0.4642702639102936,0.42851200699806213,0.7075574994087219,0.42982637882232666,0.6594539880752563,0.17758679389953613,0.1772640347480774,0.2031586617231369,0.11017632484436035,1.2596265077590942,0.18118996918201447,0.32751956582069397,0.208740234375,0.057864394038915634,0.038491301238536835,0.21220088005065918,0.2779706120491028,0.028011923655867577,0.10864492505788803,0.08237583190202713,0.030236512422561646,0.10009989887475967,0.03812609985470772,0.053934600204229355,0.029452407732605934,0.1838698536157608,0.22092223167419434,0.027982227504253387,0.08852455019950867,0.18010002374649048,0.011893347837030888,0.5073509812355042,0.15336741507053375,0.01009577140212059,0.01848088577389717,0.08009466528892517,0.10771309584379196,0.12892383337020874,0.02203265205025673,0.20276454091072083,0.2904866635799408,0.26092463731765747,0.14009185135364532,0.23153114318847656,0.19531872868537903,0.16267183423042297,0.09617114812135696
AM940,0.4,0.2,0.766666667,0.333333333,0.233333333,0.433333333,0.4,0.0,0.8,0.133333333,0.633333333,0.333333333,0.133333333,0.9,0.133333333,0.1,0.066666667,0.1,0.2,0.433333333,0.0,0.0,0.066666667,0.0,0.0,0.1,0.066666667,0.0,0.133333333,0.533333333,0.166666667,0.166666667,1.1,0.033333333,0.0,0.566666667,0.066666667,0.033333333,0.066666667,0.266666667,0.3,0.0,0.066666667,0.0,0.266666667,0.266666667,0.166666667,0.0,0.0,0.166666667,0.2,0.4005914628505707,0.03629712387919426,0.45063963532447815,0.2567296326160431,0.32450708746910095,0.20812194049358368,0.5683630704879761,0.17214344441890717,1.2056785821914673,0.42142167687416077,0.23311462998390198,0.3299650549888611,0.0897798091173172,1.5061144828796387,0.2975809574127197,0.39060840010643005,0.22727400064468384,0.03876189514994621,0.019893672317266464,0.19703799486160278,0.30962517857551575,0.08876711875200272,0.2092076689004898,0.10381112992763519,0.05077248811721802,0.17650079727172852,0.16396170854568481,0.05533440411090851,0.18759050965309143,0.3160022795200348,0.24519525468349457,0.05808594077825546,0.13559184968471527,0.15605193376541138,0.06438768655061722,0.4900389015674591,0.08612009882926941,0.05608239397406578,0.05865723639726639,0.15074659883975983,0.09924649447202682,0.09678539633750916,0.07472455501556396,0.17357783019542694,0.18787528574466705,0.20240052044391632,0.10534103959798813,0.15856395661830902,0.15263913571834564,0.13382954895496368,0.08096524327993393
AN301,0.133333333,0.4,0.5,0.2,0.733333333,0.133333333,0.633333333,0.9,0.233333333,0.166666667,0.0,0.066666667,0.066666667,1.4,0.666666667,0.466666667,0.2,0.266666667,0.066666667,0.3,0.133333333,0.266666667,0.1,0.266666667,0.0,0.266666667,0.333333333,0.0,0.1,0.5,0.166666667,0.1,0.0,0.1,0.1,0.266666667,0.0,0.0,0.0,0.0,0.466666667,0.266666667,0.0,0.2,0.133333333,0.133333333,0.0,0.233333333,0.366666667,0.2,0.066666667,0.5416867733001709,0.02574382908642292,0.7376189231872559,0.26247933506965637,0.578117847442627,0.23742808401584625,0.45916709303855896,0.2796943187713623,0.7352741956710815,0.3609190583229065,0.19558316469192505,0.19113370776176453,0.08526862412691116,1.2958564758300781,0.35483089089393616,0.42470648884773254,0.28331005573272705,0.14568525552749634,0.17003418505191803,0.29968026280403137,0.34365183115005493,0.2784770131111145,0.13684530556201935,0.10819235444068909,0.05279575288295746,0.23010171949863434,0.5836279988288879,0.06229349970817566,0.2179396003484726,0.41486886143684387,0.28848975896835327,0.17723871767520905,0.19081750512123108,0.16969110071659088,0.04373545944690704,0.619551420211792,0.11750882118940353,0.09429553151130676,0.059060681611299515,0.480938583612442,0.18938523530960083,0.12722091376781464,0.11574669927358627,0.1927417814731598,0.12292584031820297,0.22477947175502777,0.11050590127706528,0.16354233026504517,0.17466410994529724,0.136292964220047,0.10949495434761047
AO006,0.466666667,0.066666667,0.433333333,0.1,0.533333333,0.066666667,0.9,0.566666667,1.7,0.0,0.633333333,0.533333333,0.5,1.966666667,0.666666667,0.3,0.066666667,0.066666667,0.0,0.266666667,0.333333333,0.0,0.133333333,0.4,0.033333333,1.866666667,0.166666667,0.566666667,0.066666667,0.266666667,0.166666667,0.066666667,0.0,0.033333333,0.0,0.266666667,0.066666667,0.0,0.0,0.0,0.066666667,0.233333333,0.0,0.266666667,0.4,0.0,0.133333333,0.033333333,0.366666667,0.2,0.066666667,0.4388992488384247,0.07320971041917801,0.3828100264072418,0.22063785791397095,0.3409252166748047,0.198873370885849,0.47351279854774475,0.3169025480747223,0.7296043038368225,0.13198886811733246,0.21241828799247742,0.22226986289024353,0.1617475301027298,1.1781325340270996,0.3481321334838867,0.2688251733779907,0.11146000027656555,0.054486725479364395,0.010991770774126053,0.19121481478214264,0.2753443121910095,0.20492084324359894,0.09017650038003922,0.2214668244123459,0.11790251731872559,0.36869898438453674,0.09782735258340836,0.09161397069692612,0.10577183961868286,0.16984641551971436,0.22125597298145294,0.2871638536453247,0.1725967526435852,0.114802785217762,0.06880903244018555,0.44264841079711914,0.10771972686052322,0.07553179562091827,0.020259341225028038,0.3841114342212677,0.16282010078430176,0.1828322559595108,0.07271301746368408,0.15805409848690033,0.1900482028722763,0.24203115701675415,0.11607049405574799,0.15088477730751038,0.26492390036582947,0.1540159434080124,0.0698406994342804
AO318,0.266666667,0.0,0.366666667,0.533333333,0.0,0.066666667,0.133333333,0.2,0.666666667,0.133333333,0.4,0.666666667,0.0,1.633333333,0.233333333,0.433333333,0.033333333,0.3,0.0,0.733333333,0.6,0.366666667,0.366666667,0.733333333,0.066666667,0.066666667,0.333333333,0.266666667,0.266666667,0.566666667,0.366666667,0.866666667,0.166666667,0.066666667,0.166666667,0.3,0.1,0.333333333,0.233333333,1.0,0.0,0.066666667,0.1,0.133333333,0.3,0.133333333,0.0,0.0,0.0,0.066666667,0.0,0.3627810478210449,0.012482307851314545,0.3895432651042938,0.24813798069953918,0.3074953258037567,0.1258430778980255,0.3847285807132721,0.37623775005340576,0.972038984298706,0.10661153495311737,0.18631106615066528,0.353525310754776,0.0627959817647934,1.3544483184814453,0.4149296283721924,0.39909040927886963,0.24109360575675964,0.09147925674915314,0.06534294784069061,0.41777896881103516,0.3206159770488739,0.19611386954784393,0.23264005780220032,0.21132931113243103,0.046271227300167084,0.15020398795604706,0.09353901445865631,0.09734262526035309,0.1680925190448761,0.26126405596733093,0.2720996141433716,0.3553861081600189,0.30110135674476624,0.1098962351679802,0.05833618342876434,0.35200002789497375,0.09050685912370682,0.14803911745548248,0.03503216803073883,0.190451517701149,0.18623735010623932,0.13022194802761078,0.13350817561149597,0.17999757826328278,0.29844170808792114,0.1356041431427002,0.06602541357278824,0.24832652509212494,0.16611674427986145,0.11540140956640244,0.08215653151273727
AO684,0.3,0.133333333,0.4,0.166666667,0.366666667,0.133333333,0.1,0.0,0.4,0.0,0.0,0.166666667,0.1,0.9,0.3,0.366666667,0.033333333,0.0,0.0,0.833333333,0.866666667,0.3,0.133333333,0.666666667,0.066666667,0.4,0.266666667,0.166666667,0.5,0.133333333,0.233333333,0.766666667,0.466666667,0.0,0.133333333,0.3,0.266666667,0.266666667,0.1,0.8,0.0,0.033333333,0.233333333,0.266666667,0.333333333,0.166666667,0.533333333,0.066666667,0.266666667,0.3,0.0,0.3899960219860077,0.021122079342603683,0.37086424231529236,0.3655150532722473,0.3703278601169586,0.1860303431749344,0.4634104073047638,0.2589694857597351,0.504828691482544,0.24132029712200165,0.19035419821739197,0.17118969559669495,0.034670885652303696,1.1264137029647827,0.3217794895172119,0.22824642062187195,0.10965858399868011,0.06235446035861969,0.058909665793180466,0.4340771436691284,0.3935180902481079,0.24921803176403046,0.2648104429244995,0.3451274633407593,0.04319014400243759,0.2905580401420593,0.11988595128059387,0.1479438990354538,0.38330018520355225,0.2613707184791565,0.24168828129768372,0.5631714463233948,0.18472371995449066,0.20604315400123596,0.1269218772649765,0.3815455138683319,0.16709011793136597,0.10576912015676498,0.03504166007041931,0.44375237822532654,0.1641412377357483,0.13430288434028625,0.09240350872278214,0.11663996428251266,0.2808021605014801,0.1591971516609192,0.11971071362495422,0.2524417042732239,0.1622268110513687,0.11448218673467636,0.09057525545358658
AP029,0.466666667,0.0,0.533333333,0.333333333,0.366666667,0.1,0.533333333,0.3,1.366666667,0.1,0.133333333,1.033333333,0.133333333,1.2,0.166666667,0.266666667,0.066666667,0.066666667,0.0,0.066666667,0.0,0.0,0.0,0.066666667,0.0,0.266666667,0.1,0.0,0.066666667,0.1,0.3,0.0,0.0,0.0,0.0,0.366666667,0.233333333,0.0,0.0,0.0,0.133333333,0.166666667,0.0,0.233333333,0.233333333,0.5,0.333333333,0.866666667,0.333333333,0.266666667,0.033333333,0.4873058497905731,0.08964569866657257,0.6302710771560669,0.1995294839143753,0.2860810458660126,0.093376025557518,0.40534332394599915,0.16994962096214294,1.0216704607009888,0.1344892978668213,0.2704814672470093,0.38502490520477295,0.09939281642436981,1.0550497770309448,0.23865211009979248,0.3129497468471527,0.17698246240615845,0.042007554322481155,0.024968288838863373,0.2116539627313614,0.2818502187728882,0.11147081851959229,0.3420155644416809,0.10338281840085983,0.04370546713471413,0.13103729486465454,0.31300684809684753,0.10699962824583054,0.5376012325286865,0.4519706666469574,0.28578510880470276,0.1769097000360489,0.3379388749599457,0.21621105074882507,0.10281562060117722,0.5224522948265076,0.15915021300315857,0.01430545374751091,0.13008667528629303,0.21467004716396332,0.13983359932899475,0.1726716011762619,0.12025365233421326,0.16773153841495514,0.13001994788646698,0.36595669388771057,0.12877148389816284,0.3602268695831299,0.1999865025281906,0.128425732254982,0.09401998668909073
AP067,0.1,0.0,0.3,0.266666667,0.5,0.066666667,0.533333333,0.166666667,0.533333333,0.0,0.1,0.333333333,0.0,1.9,0.6,0.766666667,3.366666667,0.166666667,0.4,0.466666667,0.266666667,0.0,0.333333333,0.066666667,0.033333333,0.266666667,0.0,0.066666667,0.0,0.066666667,0.066666667,0.0,0.066666667,0.0,0.0,0.433333333,0.166666667,0.0,0.0,0.0,0.166666667,0.133333333,0.0,0.266666667,0.4,0.1,0.133333333,0.5,0.2,0.0,0.0,0.4058269262313843,0.1142420768737793,0.4325493574142456,0.2311677485704422,0.4339649975299835,0.13309188187122345,0.3528165817260742,0.36047685146331787,0.6026085019111633,0.0864761620759964,0.1888553500175476,0.18805548548698425,0.06116773560643196,1.0761696100234985,0.43026497960090637,0.3148033916950226,0.2497401386499405,0.10741692036390305,0.08133699744939804,0.48841235041618347,0.4037807285785675,0.07526058703660965,0.33867624402046204,0.0647040456533432,0.039803504943847656,0.16833099722862244,0.040726590901613235,0.06950380653142929,0.021747121587395668,0.14305637776851654,0.2208741009235382,0.061129070818424225,0.048241131007671356,0.18559999763965607,0.030151570215821266,0.6354374289512634,0.19355469942092896,0.020380578935146332,0.018453272059559822,0.08389802277088165,0.2059406042098999,0.16679081320762634,0.07004929333925247,0.17895077168941498,0.21084506809711456,0.18326810002326965,0.08531702309846878,0.22605592012405396,0.21435941755771637,0.14752143621444702,0.12429285049438477
AP571,0.733333333,0.7,0.9,0.533333333,0.633333333,0.166666667,0.633333333,1.033333333,0.7,0.0,0.266666667,0.166666667,0.1,1.133333333,0.3,0.433333333,0.166666667,0.0,0.0,0.233333333,0.233333333,0.0,0.0,0.266666667,0.0,0.466666667,0.0,0.066666667,0.0,0.133333333,0.0,0.0,0.0,0.6,0.0,1.033333333,0.0,0.0,0.0,0.0,0.166666667,0.133333333,0.3,0.633333333,0.8,0.666666667,0.4,0.2,0.233333333,0.7,0.333333333,0.46158987283706665,0.06972731649875641,0.6414244174957275,0.33257532119750977,0.43009278178215027,0.2788780629634857,0.8638616800308228,0.38235726952552795,0.5629634261131287,0.2792845070362091,0.1827542781829834,0.13836391270160675,0.0431012399494648,1.1460442543029785,0.24136368930339813,0.2624792456626892,0.26030194759368896,0.04695342481136322,0.07280955463647842,0.26093605160713196,0.40497273206710815,0.05278152599930763,0.2657874822616577,0.10488345474004745,0.04091808944940567,0.15586870908737183,0.050740696489810944,0.06858605891466141,0.06907635182142258,0.2552085518836975,0.24655134975910187,0.057345326989889145,0.11584154516458511,0.3118992745876312,0.06125980243086815,0.5329399108886719,0.1276354342699051,0.011602411977946758,0.03973018378019333,0.13193131983280182,0.21936632692813873,0.16268201172351837,0.1922033131122589,0.20202960073947906,0.4075617492198944,0.24619826674461365,0.22365549206733704,0.2803332507610321,0.2121206670999527,0.1825607866048813,0.09857531636953354
AP577,0.566666667,0.233333333,1.266666667,0.333333333,1.233333333,0.833333333,0.6,0.766666667,0.833333333,0.3,0.166666667,0.3,0.166666667,1.5,0.566666667,0.5,0.266666667,0.2,0.0,0.166666667,0.2,0.0,0.0,0.0,0.0,0.2,0.0,0.0,0.0,0.0,0.1,0.0,0.0,0.066666667,0.0,0.666666667,0.1,0.0,0.0,0.0,0.5,0.366666667,0.1,0.333333333,0.233333333,0.2,0.333333333,0.366666667,0.5,0.133333333,0.1,0.4959460496902466,0.017775628715753555,0.6297243237495422,0.2838750183582306,0.6023622155189514,0.27893322706222534,0.4280989468097687,0.3769266605377197,0.6295657753944397,0.055517688393592834,0.2011003941297531,0.16937965154647827,0.09546525776386261,1.3532993793487549,0.34646496176719666,0.3541475534439087,0.44364383816719055,0.1927160918712616,0.07507885992527008,0.24304553866386414,0.31350043416023254,0.08216426521539688,0.16448737680912018,0.07932528853416443,0.040014948695898056,0.17004507780075073,0.04833695665001869,0.04558981582522392,0.023990808054804802,0.13463565707206726,0.2154369354248047,0.05908838286995888,0.12047781050205231,0.12932182848453522,0.025561822578310966,0.6379640698432922,0.08931855112314224,0.028287623077630997,0.021492430940270424,0.08806679397821426,0.22377653419971466,0.13604359328746796,0.07413219660520554,0.17366467416286469,0.199868306517601,0.15987741947174072,0.12722010910511017,0.1632220298051834,0.27449002861976624,0.1780216246843338,0.06904396414756775
AP627,0.4,0.133333333,0.8,0.733333333,1.1,0.4,0.233333333,0.333333333,0.1,0.0,0.0,0.0,0.0,0.833333333,0.266666667,0.3,0.166666667,0.166666667,0.0,0.2,0.2,0.0,0.0,0.033333333,0.0,0.466666667,0.133333333,0.1,0.533333333,0.266666667,0.1,0.0,0.0,0.433333333,0.0,1.5,0.133333333,0.0,0.0,0.1,1.0,0.366666667,0.466666667,0.0,0.266666667,0.1,0.0,0.2,0.733333333,0.533333333,0.133333333,0.4486512541770935,0.07158470898866653,0.7136344313621521,0.3148162066936493,0.45707955956459045,0.17684003710746765,0.44553399085998535,0.2907235622406006,0.604197084903717,0.06400354951620102,0.21807225048542023,0.21899040043354034,0.06469395011663437,0.9606488347053528,0.236447274684906,0.27526623010635376,0.18013110756874084,0.05851135775446892,0.045323099941015244,0.2528859078884125,0.3064645528793335,0.06924484670162201,0.27229297161102295,0.0877070352435112,0.04867895320057869,0.1985875964164734,0.11198103427886963,0.0662582665681839,0.1524939090013504,0.3413366675376892,0.24451442062854767,0.13274918496608734,0.08788470923900604,0.1929810643196106,0.05985349044203758,0.6886746883392334,0.13624940812587738,0.02728155069053173,0.04274916648864746,0.10684037953615189,0.2383444905281067,0.20876790583133698,0.10484588146209717,0.18353527784347534,0.1713952273130417,0.2815452516078949,0.13411103188991547,0.19415293633937836,0.237726628780365,0.1651218980550766,0.109251469373703
AP854,0.566666667,0.933333333,0.8,0.0,0.6,0.333333333,0.233333333,0.1,0.266666667,0.0,0.0,0.0,0.1,0.466666667,0.3,0.133333333,0.166666667,0.166666667,0.0,1.4,2.433333333,0.266666667,1.366666667,0.566666667,0.0,0.533333333,0.1,0.133333333,0.1,0.166666667,0.333333333,0.0,0.033333333,0.333333333,0.133333333,0.7,0.0,0.066666667,0.0,0.066666667,0.333333333,0.033333333,0.366666667,0.0,0.033333333,0.0,0.0,0.166666667,0.466666667,0.1,0.0,0.5515401363372803,0.5198132395744324,0.4081699848175049,0.3304351270198822,0.36780354380607605,0.15607759356498718,0.2977043688297272,0.34565871953964233,0.6164188385009766,0.06972513347864151,0.20040395855903625,0.11799885332584381,0.05715849995613098,1.34054696559906,0.24029457569122314,0.2194497138261795,0.22560912370681763,0.12458731234073639,0.04552499204874039,0.44477370381355286,0.5173540711402893,0.07001524418592453,0.24213601648807526,0.0854920893907547,0.0409831739962101,0.146348237991333,0.03485986217856407,0.035019371658563614,0.03771589323878288,0.16882172226905823,0.22810831665992737,0.05574905499815941,0.03545380383729935,0.12098944932222366,0.04338103532791138,0.37498658895492554,0.09002380073070526,0.02895457297563553,0.041731126606464386,0.09894140064716339,0.15005595982074738,0.12915857136249542,0.07371626794338226,0.11695169657468796,0.2311229407787323,0.13361656665802002,0.11651662737131119,0.1066986694931984,0.21667584776878357,0.15450279414653778,0.06735716015100479
AP983,0.466666667,0.0,1.966666667,0.333333333,1.766666667,1.2,0.966666667,0.666666667,0.6,0.333333333,0.066666667,0.266666667,0.133333333,1.133333333,0.2,0.133333333,0.2,0.066666667,0.066666667,0.266666667,0.1,0.0,0.0,0.0,0.0,0.066666667,0.0,0.0,0.0,0.233333333,0.0,0.0,0.0,0.5,0.033333333,0.6,0.066666667,0.0,0.0,0.0,0.7,0.133333333,0.133333333,0.4,0.266666667,0.133333333,0.333333333,0.1,0.166666667,0.133333333,0.1,0.585821270942688,0.024489711970090866,0.9473232626914978,0.2803002595901489,1.1008515357971191,0.4937305152416229,0.5177778601646423,0.4216138422489166,0.5362421274185181,0.12541303038597107,0.18156825006008148,0.16063858568668365,0.04721025004982948,0.9769066572189331,0.2659561336040497,0.2960141599178314,0.28737786412239075,0.2093593180179596,0.15308654308319092,0.32377010583877563,0.5360414981842041,0.18593868613243103,0.33296000957489014,0.09664856642484665,0.07989822328090668,0.20339912176132202,0.037459846585989,0.08392366021871567,0.08863615244626999,0.27709341049194336,0.225319042801857,0.06900152564048767,0.23209060728549957,0.14389196038246155,0.05635616183280945,0.5965687036514282,0.07379685342311859,0.02553514763712883,0.02127007767558098,0.1486036628484726,0.23407569527626038,0.12744192779064178,0.08570139110088348,0.17713043093681335,0.15559911727905273,0.1484745293855667,0.14677941799163818,0.2095525860786438,0.18677112460136414,0.14792954921722412,0.1294907033443451
AQ794,0.966666667,0.3,0.366666667,0.1,0.566666667,0.166666667,0.266666667,0.533333333,0.1,0.0,0.0,0.0,0.0,0.366666667,0.166666667,0.066666667,0.333333333,0.033333333,0.333333333,1.5,2.366666667,0.1,1.6,0.233333333,0.066666667,0.4,0.0,0.133333333,0.0,0.1,0.1,0.066666667,0.1,0.4,0.066666667,1.1,0.233333333,0.0,0.0,0.0,0.5,0.5,0.133333333,0.033333333,0.0,0.0,0.066666667,0.133333333,0.133333333,0.166666667,0.0,0.4426036477088928,0.10426805168390274,0.896472692489624,0.15563808381557465,0.9962458610534668,0.14412829279899597,0.25737708806991577,0.13206255435943604,0.2890690267086029,0.11555159091949463,0.14943738281726837,0.04513112083077431,0.006293610204011202,0.5123856663703918,0.32582560181617737,0.14054568111896515,0.2803131639957428,0.1095963642001152,0.07685243338346481,0.590075671672821,0.8172858357429504,0.026899222284555435,0.7717476487159729,0.13450554013252258,0.03956703469157219,0.3652462065219879,0.07999685406684875,0.10599735379219055,0.06363631039857864,0.28772616386413574,0.22769412398338318,0.09183825552463531,0.043018992990255356,0.26505419611930847,0.22118201851844788,1.1988587379455566,0.015213499777019024,0.002567059127613902,0.034442219883203506,0.10850051790475845,0.32559072971343994,0.07916022092103958,0.033648137003183365,0.11903632432222366,0.03243153914809227,0.19521215558052063,0.057214558124542236,0.05722498148679733,0.11677510291337967,0.08745982497930527,0.2209310531616211
AF065,0.09375,0.0,0.1875,0.34375,0.09375,0.25,0.40625,0.03125,1.65625,0.40625,0.8125,0.84375,0.09375,1.1875,0.25,0.25,0.34375,0.21875,0.0,0.09375,0.78125,0.0,0.375,0.3125,0.15625,0.40625,0.0,0.0,0.15625,0.15625,0.53125,0.0,0.0,0.15625,0.0,0.34375,0.59375,0.0,0.0,0.21875,0.0,0.25,0.0,0.40625,0.125,0.46875,0.1875,0.625,0.09375,0.1875,0.0,0.19443529844284058,0.11490247398614883,0.23041027784347534,0.20640552043914795,0.25084367394447327,0.04847011715173721,0.4798014163970947,0.3616912066936493,0.7898669838905334,0.0944996327161789,0.22331508994102478,0.47961968183517456,0.10350923985242844,1.0428704023361206,0.2944813370704651,0.23155930638313293,0.14556992053985596,0.049806926399469376,0.029659315943717957,0.08522996306419373,0.23947954177856445,0.005826806183904409,0.14672791957855225,0.07521264255046844,0.09409423172473907,0.20821397006511688,0.1386532485485077,0.06874269247055054,0.615154504776001,0.3581153452396393,0.312849760055542,0.12752829492092133,-0.0016430189134553075,0.21115943789482117,0.01567682810127735,0.8389788866043091,0.5264765024185181,-0.0010034027509391308,0.10580074787139893,0.239950031042099,0.13154210150241852,0.28396087884902954,0.17275026440620422,0.2395620495080948,0.1696120947599411,0.5613709688186646,0.09736187011003494,0.5684590339660645,0.2765129804611206,0.1440301537513733,0.16630178689956665
AF737,0.03125,0.0,0.28125,0.34375,0.09375,0.46875,0.84375,0.3125,1.71875,0.0,0.46875,0.90625,0.28125,1.65625,0.34375,0.59375,0.15625,0.0,0.0,0.0,0.0,0.0,0.0,0.0,0.0,0.09375,0.0625,0.0,0.15625,0.0,0.4375,0.0,0.0,0.0,0.0,0.15625,0.40625,0.0,0.0,0.0,0.0,0.5625,0.0,0.46875,0.625,0.4375,0.1875,0.71875,0.40625,0.0,0.09375,0.20983213186264038,-0.0037906928919255733,0.3704153299331665,1.5888622999191284,0.25115689635276794,0.22235964238643646,0.43825531005859375,0.20962579548358917,0.9055503010749817,0.03406165912747383,0.20825383067131042,0.42268499732017517,0.03691371530294418,1.6935749053955078,0.22448855638504028,0.4446152448654175,0.2734013795852661,0.03793734684586525,0.017354844138026237,0.12054389715194702,0.25286492705345154,0.014643914997577667,0.11708853393793106,0.06196625530719757,0.032767944037914276,0.016741933301091194,0.031199902296066284,0.04820200800895691,0.04061827436089516,0.14854176342487335,0.2162119448184967,0.05225519835948944,0.019872499629855156,0.05886427313089371,0.01708855852484703,0.40412312746047974,0.03257802128791809,0.0006656627519987524,0.015507231466472149,0.08052631467580795,0.11238907277584076,0.14317601919174194,0.0019287602044641972,0.32520994544029236,0.7833630442619324,0.11648964136838913,0.0561012327671051,0.09951215982437134,0.21529579162597656,0.09460869431495667,0.15533342957496643
AG454,0.433333333,0.3,0.733333333,0.3,0.6,0.433333333,0.366666667,0.4,0.766666667,0.366666667,0.233333333,0.333333333,0.1,1.1,0.1,0.4,0.133333333,0.0,0.133333333,0.066666667,0.0,0.0,0.166666667,0.133333333,0.0,0.266666667,0.0,0.1,0.0,0.066666667,0.166666667,0.0,0.0,0.0,0.1,0.733333333,0.5,0.0,0.0,0.0,0.066666667,0.0,0.0,0.433333333,0.466666667,0.5,0.066666667,1.033333333,0.266666667,0.533333333,0.433333333,0.20830123126506805,0.2963363528251648,0.44150686264038086,0.222908154129982,0.29549387097358704,0.25272348523139954,0.4584496021270752,0.3892357051372528,0.8199548125267029,0.17668694257736206,0.2190733402967453,0.3935368061065674,0.06531065702438354,1.0292836427688599,0.19009405374526978,0.27629151940345764,0.10647712647914886,0.07361381500959396,0.06868518143892288,0.22566084563732147,0.34897086024284363,0.00130928005091846,0.3172985911369324,0.07761064171791077,0.05140839144587517,0.31697121262550354,0.019962603226304054,0.03346460312604904,0.0362526997923851,0.10056029260158539,0.21644267439842224,0.008009912446141243,-0.001646604505367577,0.08458246290683746,0.024315008893609047,0.5598829984664917,0.4283401072025299,-0.0006864882889203727,0.015392067842185497,0.08104832470417023,0.20810599625110626,0.33269909024238586,0.0020353938452899456,0.37616676092147827,0.4232384264469147,0.36993563175201416,0.23668138682842255,0.8074259757995605,0.4130769670009613,0.1348293572664261,0.10300199687480927
AG724,0.1,0.1,0.5,1.2,0.133333333,0.0,0.4,0.233333333,1.166666667,0.166666667,0.633333333,0.666666667,0.0,1.433333333,0.333333333,0.4,0.233333333,0.066666667,0.0,0.0,0.0,0.0,0.033333333,0.1,0.0,0.0,0.0,0.033333333,0.0,0.0,0.166666667,0.0,0.0,0.0,0.0,0.166666667,0.3,0.0,0.0,0.0,0.0,0.333333333,0.0,0.766666667,0.966666667,0.366666667,0.0,0.5,0.233333333,0.0,0.2,0.20983213186264038,-0.0037906928919255733,0.3704153299331665,1.5888622999191284,0.25115689635276794,0.22235964238643646,0.43825531005859375,0.20962579548358917,0.9055503010749817,0.03406165912747383,0.20825383067131042,0.42268499732017517,0.03691371530294418,1.6935749053955078,0.22448855638504028,0.4446152448654175,0.2734013795852661,0.03793734684586525,0.017354844138026237,0.12054389715194702,0.25286492705345154,0.014643914997577667,0.11708853393793106,0.06196625530719757,0.032767944037914276,0.016741933301091194,0.031199902296066284,0.04820200800895691,0.04061827436089516,0.14854176342487335,0.2162119448184967,0.05225519835948944,0.019872499629855156,0.05886427313089371,0.01708855852484703,0.40412312746047974,0.03257802128791809,0.0006656627519987524,0.015507231466472149,0.08052631467580795,0.11238907277584076,0.14317601919174194,0.0019287602044641972,0.32520994544029236,0.7833630442619324,0.11648964136838913,0.0561012327671051,0.09951215982437134,0.21529579162597656,0.09460869431495667,0.15533342957496643
AG982,0.433333333,0.0,0.366666667,2.233333333,0.0,0.166666667,0.333333333,0.366666667,1.033333333,0.066666667,0.0,0.566666667,0.0,1.966666667,0.266666667,0.433333333,0.3,0.0,0.0,0.0,0.1,0.0,0.066666667,0.033333333,0.0,0.0,0.0,0.066666667,0.0,0.066666667,0.366666667,0.033333333,0.0,0.133333333,0.0,0.366666667,0.1,0.0,0.0,0.066666667,0.066666667,0.066666667,0.0,0.233333333,0.533333333,0.1,0.0,0.466666667,0.1,0.0,0.1,0.15993182361125946,0.04255116358399391,0.5226635932922363,1.019038438796997,0.3370606005191803,0.3302958309650421,0.24569348990917206,0.2132939100265503,1.0631601810455322,0.1216190978884697,0.1995762586593628,0.531333327293396,0.034431926906108856,1.3518785238265991,0.1446601003408432,0.34347862005233765,0.3169878125190735,0.029004091396927834,0.035128138959407806,0.11620799452066422,0.2177240252494812,0.009389880113303661,0.15227583050727844,0.05774866044521332,0.03016820177435875,0.02142483927309513,0.023385822772979736,0.03838110715150833,0.0039869314059615135,0.09410332143306732,0.21997550129890442,0.007376236375421286,0.10267433524131775,0.06565096974372864,0.013461780734360218,0.4438164532184601,0.18829569220542908,0.03495416045188904,0.013934404589235783,0.07396604120731354,0.22968634963035583,0.31679919362068176,0.001118317013606429,0.8414648771286011,0.7893091440200806,0.23314887285232544,0.04876331239938736,0.5962844491004944,0.28021711111068726,0.08929714560508728,0.11109310388565063
AH174,0.366666667,0.0,0.533333333,0.666666667,0.3,0.2,0.733333333,0.366666667,1.066666667,0.0,0.633333333,0.6,0.0,1.466666667,0.4,0.233333333,0.633333333,0.2,0.033333333,0.0,0.0,0.1,0.0,0.0,0.1,0.2,0.0,0.0,0.0,0.2,0.2,0.0,0.0,0.0,0.066666667,0.3,0.1,0.0,0.0,0.0,0.0,0.266666667,0.0,0.566666667,0.966666667,0.0,0.0,0.733333333,0.366666667,0.1,0.166666667,0.2515798807144165,0.01556041743606329,0.42031049728393555,0.2822626233100891,0.21228747069835663,0.02269558794796467,0.7821325659751892,0.35399913787841797,1.0915335416793823,0.06264628469944,0.2979656457901001,0.7028201818466187,0.19529077410697937,1.227056622505188,0.2406509518623352,0.2821025848388672,0.13364003598690033,0.08380826562643051,0.025401191785931587,0.1740369349718094,0.30295640230178833,0.01303543895483017,0.08803381025791168,0.058955758810043335,0.03577840328216553,0.06662347167730331,0.03487524762749672,0.041913412511348724,0.08208201825618744,0.10348305851221085,0.23356984555721283,0.02629137970507145,0.0034989898558706045,0.09768304973840714,0.021688731387257576,0.5210686922073364,0.2587992250919342,-0.0013256266247481108,0.014317880384624004,0.0862615704536438,0.10112398862838745,0.1312573254108429,0.006223616190254688,0.41381293535232544,0.5714036822319031,0.4730239510536194,0.12318877130746841,0.757221519947052,0.2685975730419159,0.14716936647891998,0.10249754041433334
AI142,0.142857143,0.0,0.857142857,0.0,0.25,0.357142857,1.464285714,0.178571429,0.535714286,0.25,0.0,0.214285714,0.178571429,1.178571429,0.214285714,0.107142857,0.214285714,0.107142857,0.178571429,0.678571429,0.821428571,0.035714286,1.0,0.0,0.107142857,0.25,0.0,0.25,0.178571429,0.142857143,0.0,0.0,0.0,0.285714286,0.0,0.285714286,0.107142857,0.0,0.0,0.0,0.071428571,0.107142857,0.142857143,0.178571429,0.0,0.0,0.142857143,0.107142857,0.071428571,0.392857143,0.071428571,0.33504143357276917,0.07748183608055115,0.29386889934539795,0.11420512944459915,0.3149711787700653,0.23680102825164795,0.3998928666114807,0.04710441827774048,0.7096234560012817,0.26890328526496887,0.16809339821338654,0.14292530715465546,0.02537873387336731,1.0898377895355225,0.27811914682388306,0.19863493740558624,0.2200343757867813,0.07332601398229599,0.006100630387663841,1.097901463508606,1.1504042148590088,0.03238748759031296,0.747350811958313,0.08671318739652634,0.07776615768671036,0.2502482831478119,0.07528512179851532,0.31922194361686707,0.2225867062807083,0.16172432899475098,0.21120049059391022,0.012837202288210392,0.008520775474607944,0.17051775753498077,0.018074845895171165,0.18400658667087555,0.036692000925540924,0.00037444650661200285,0.01667735166847706,0.08158213645219803,0.10038748383522034,0.10891373455524445,0.004040353000164032,0.09089594334363937,0.024232828989624977,0.021295251324772835,0.09640355408191681,0.15886971354484558,0.19447453320026398,0.12833556532859802,0.051323600113391876
AI242,0.285714286,0.035714286,0.5,0.071428571,0.5,0.464285714,0.964285714,0.214285714,0.75,0.178571429,0.142857143,0.285714286,0.071428571,1.071428571,0.178571429,0.071428571,0.535714286,0.178571429,0.142857143,0.285714286,0.035714286,0.0,0.428571429,0.107142857,0.142857143,0.607142857,0.142857143,0.142857143,0.285714286,0.107142857,0.142857143,0.071428571,0.0,0.0,0.107142857,0.178571429,0.035714286,0.0,0.0,0.0,0.071428571,0.428571429,0.035714286,0.25,0.0,0.071428571,0.321428571,0.142857143,0.214285714,0.178571429,0.035714286,0.33504143357276917,0.07748183608055115,0.29386889934539795,0.11420512944459915,0.3149711787700653,0.23680102825164795,0.3998928666114807,0.04710441827774048,0.7096234560012817,0.26890328526496887,0.16809339821338654,0.14292530715465546,0.02537873387336731,1.0898377895355225,0.27811914682388306,0.19863493740558624,0.2200343757867813,0.07332601398229599,0.006100630387663841,1.097901463508606,1.1504042148590088,0.03238748759031296,0.747350811958313,0.08671318739652634,0.07776615768671036,0.2502482831478119,0.07528512179851532,0.31922194361686707,0.2225867062807083,0.16172432899475098,0.21120049059391022,0.012837202288210392,0.008520775474607944,0.17051775753498077,0.018074845895171165,0.18400658667087555,0.036692000925540924,0.00037444650661200285,0.01667735166847706,0.08158213645219803,0.10038748383522034,0.10891373455524445,0.004040353000164032,0.09089594334363937,0.024232828989624977,0.021295251324772835,0.09640355408191681,0.15886971354484558,0.19447453320026398,0.12833556532859802,0.051323600113391876
AI347,0.172413793,0.0,0.586206897,0.068965517,0.275862069,0.448275862,1.275862069,0.068965517,1.586206897,0.517241379,0.137931034,0.413793103,0.172413793,1.137931034,0.172413793,0.275862069,0.068965517,0.0,0.0,0.137931034,0.137931034,0.0,0.137931034,0.068965517,0.206896552,0.310344828,0.0,0.0,0.172413793,0.172413793,0.310344828,0.0,0.0,0.0,0.034482759,0.206896552,0.0,0.0,0.034482759,0.0,0.137931034,0.310344828,0.0,0.24137931,0.034482759,0.172413793,0.310344828,0.206896552,0.275862069,0.172413793,0.0,0.33504143357276917,0.07748183608055115,0.29386889934539795,0.11420512944459915,0.3149711787700653,0.23680102825164795,0.3998928666114807,0.04710441827774048,0.7096234560012817,0.26890328526496887,0.16809339821338654,0.14292530715465546,0.02537873387336731,1.0898377895355225,0.27811914682388306,0.19863493740558624,0.2200343757867813,0.07332601398229599,0.006100630387663841,1.097901463508606,1.1504042148590088,0.03238748759031296,0.747350811958313,0.08671318739652634,0.07776615768671036,0.2502482831478119,0.07528512179851532,0.31922194361686707,0.2225867062807083,0.16172432899475098,0.21120049059391022,0.012837202288210392,0.008520775474607944,0.17051775753498077,0.018074845895171165,0.18400658667087555,0.036692000925540924,0.00037444650661200285,0.01667735166847706,0.08158213645219803,0.10038748383522034,0.10891373455524445,0.004040353000164032,0.09089594334363937,0.024232828989624977,0.021295251324772835,0.09640355408191681,0.15886971354484558,0.19447453320026398,0.12833556532859802,0.051323600113391876
AA232,0.076923077,0.0,0.115384615,0.0,0.0,0.0,0.5,0.5,0.0,0.192307692,0.0,0.0,0.0,0.576923077,0.0,0.0,0.0,0.384615385,0.846153846,0.576923077,0.153846154,0.115384615,0.115384615,0.0,0.0,0.076923077,0.0,0.0,0.230769231,0.153846154,0.115384615,0.269230769,0.192307692,0.230769231,0.346153846,0.0,0.346153846,0.153846154,0.0,0.538461538,0.115384615,0.576923077,0.846153846,0.038461538,0.0,0.384615385,0.192307692,0.0,0.5,0.076923077,0.0,0.033259693533182144,0.01397431269288063,0.024707479402422905,0.13581837713718414,0.031809862703084946,0.12012042105197906,0.31725242733955383,0.2634996473789215,0.18474824726581573,0.019694726914167404,0.14467443525791168,0.03448667749762535,0.004810587968677282,0.5803847908973694,0.007604880724102259,0.00472022220492363,0.11447220295667648,0.11789683252573013,0.8298776745796204,0.37896475195884705,0.5052492022514343,0.12460976839065552,0.5510157346725464,0.20726075768470764,0.0296320840716362,0.18953336775302887,0.12162395566701889,0.04666439816355705,0.14005319774150848,0.11039603501558304,0.2274676114320755,0.6012957096099854,0.37987977266311646,0.3790612816810608,0.16546212136745453,0.0525098517537117,0.48110631108283997,0.0024225362576544285,0.015799904242157936,0.09109476208686829,0.07360745221376419,0.3014661371707916,0.6815882325172424,0.10477054864168167,0.004000243730843067,0.15807954967021942,0.06590510904788971,0.015348033979535103,0.09907166659832001,0.09153277426958084,0.04259151220321655
AA592,0.115384615,0.0,0.192307692,0.0,0.0,0.0,0.5,0.423076923,0.153846154,0.0,0.0,0.115384615,0.0,0.269230769,0.0,0.0,0.0,0.0,0.153846154,0.192307692,0.076923077,0.153846154,0.269230769,0.461538462,0.230769231,0.115384615,0.346153846,0.153846154,0.269230769,0.576923077,0.076923077,0.115384615,0.192307692,0.230769231,0.0,0.153846154,0.115384615,0.192307692,0.307692308,0.461538462,0.076923077,0.192307692,0.307692308,0.0,0.038461538,0.0,0.0,0.076923077,0.0,0.115384615,0.0,0.2736426889896393,0.061712007969617844,0.20761170983314514,0.7773316502571106,0.2695128619670868,0.07934284955263138,0.35224682092666626,0.14097626507282257,0.22742697596549988,0.0982658863067627,0.14779549837112427,0.15998797118663788,0.05641070753335953,0.5236830711364746,0.07177596539258957,0.0642557367682457,0.050954822450876236,0.07971742749214172,0.08185127377510071,0.3426276445388794,0.32224318385124207,0.15893040597438812,0.17053520679473877,0.30988407135009766,0.05671563372015953,0.09491735696792603,0.3102574646472931,0.16278821229934692,0.6467978954315186,0.24984629452228546,0.21596857905387878,0.43266308307647705,0.3946938216686249,0.2630077600479126,0.17815126478672028,0.43433648347854614,0.09413693100214005,0.2355450987815857,0.05315224453806877,0.593986988067627,0.09624720364809036,0.21918146312236786,0.1294880509376526,0.4728839099407196,0.3881697654724121,0.2769586741924286,0.11894296854734421,0.3665648102760315,0.13675761222839355,0.113568976521492,0.06195798143744469
AB036,0.277777778,0.0,0.222222222,0.777777778,0.0,0.222222222,0.222222222,0.777777778,0.666666667,0.222222222,0.111111111,0.0,0.388888889,0.666666667,0.111111111,0.277777778,0.0,0.0,0.166666667,0.0,0.0,0.0,0.0,0.0,0.0,0.555555556,0.0,0.277777778,0.0,0.0,0.0,0.0,0.166666667,0.0,0.222222222,0.166666667,0.0,0.0,0.0,0.0,0.0,0.166666667,0.0,2.055555556,1.055555556,0.222222222,0.388888889,0.388888889,0.166666667,0.5,0.222222222,0.25119748711586,0.05953934043645859,0.5986008644104004,0.3599703013896942,0.24029673635959625,0.17998769879341125,0.324459046125412,0.31498321890830994,0.2967183589935303,0.10584551095962524,0.1532878279685974,0.1265133172273636,0.15418168902397156,0.8772559762001038,0.30281203985214233,0.22437506914138794,0.10844585299491882,0.08764801919460297,0.0442192442715168,0.20289911329746246,0.28437167406082153,0.006005472969263792,0.17765073478221893,0.08756253868341446,0.15429431200027466,0.671562910079956,0.1452399045228958,0.2581961154937744,0.14402346312999725,0.12162825465202332,0.21078303456306458,0.06869237869977951,0.09844925999641418,0.10082743316888809,0.07224805653095245,0.4629547595977783,0.21214769780635834,0.10648567229509354,0.023822670802474022,0.14204221963882446,0.159412682056427,0.11991511285305023,0.052517592906951904,1.0569572448730469,0.8467903733253479,0.3855714797973633,0.11423809081315994,0.4116847813129425,0.24501129984855652,0.12451253086328506,0.1070861667394638
AB567,0.166666667,0.0,0.277777778,0.0,0.0,0.0,0.111111111,0.0,0.055555556,0.0,0.0,0.0,0.0,0.166666667,0.0,0.0,0.0,0.0,0.0,0.666666667,0.0,0.777777778,0.055555556,0.944444444,0.277777778,0.611111111,0.0,0.0,0.0,0.222222222,0.277777778,0.0,3.944444444,0.055555556,0.055555556,0.0,0.111111111,0.0,0.0,0.0,0.0,0.055555556,0.222222222,0.222222222,0.0,0.277777778,0.0,0.0,0.0,0.0,0.0,0.406282514333725,0.3775596022605896,0.2959897816181183,0.10232057422399521,0.0966036319732666,0.07100389897823334,0.13479259610176086,0.08476782590150833,0.34196531772613525,0.10579084604978561,0.15640941262245178,0.07451792806386948,0.03443927690386772,0.47147977352142334,0.04048038646578789,0.0593569315969944,0.06356008350849152,0.12116065621376038,0.10940133035182953,0.4706741273403168,0.31476205587387085,0.4684274196624756,0.18208472430706024,0.40395984053611755,0.045622751116752625,0.06730486452579498,0.1510351598262787,0.2180626094341278,0.37356036901474,0.24225565791130066,0.23815712332725525,0.46583959460258484,2.1476645469665527,0.15415987372398376,0.21266040205955505,0.2757115960121155,0.0893167182803154,0.07195200771093369,0.05951692909002304,0.3128628432750702,0.10051844269037247,0.10345810651779175,0.07951131463050842,0.11625226587057114,0.08661506325006485,0.19444237649440765,0.09297069907188416,0.2726894021034241,0.11391585320234299,0.10158059746026993,0.08039034903049469
AC327,0.0,0.0,0.037037037,0.111111111,0.111111111,0.037037037,0.185185185,0.740740741,0.111111111,0.0,0.0,0.0,0.0,2.111111111,1.37037037,1.777777778,0.666666667,1.0,0.666666667,0.0,0.0,0.074074074,0.037037037,0.0,0.222222222,0.037037037,0.148148148,0.037037037,0.037037037,0.0,0.0,0.111111111,0.0,0.0,0.0,0.444444444,0.0,0.0,0.0,0.0,0.0,0.259259259,0.0,0.148148148,0.037037037,0.037037037,0.259259259,0.148148148,0.074074074,0.037037037,0.0,0.29191601276397705,0.10967821627855301,0.4223860800266266,0.20925793051719666,0.35736867785453796,0.3094751238822937,0.3228248357772827,0.2544874846935272,0.3218325972557068,0.17440511286258698,0.15604843199253082,0.12552784383296967,0.08448363095521927,1.0976108312606812,0.7700268030166626,1.2015892267227173,0.27738842368125916,0.29921337962150574,0.14435958862304688,0.18658284842967987,0.2545735538005829,0.15710516273975372,0.13926106691360474,0.13142742216587067,0.10445772111415863,0.1464804857969284,0.16114559769630432,0.06076520308852196,0.05884085223078728,0.3120657503604889,0.2172774076461792,0.11418550461530685,0.06968298554420471,0.2081535905599594,0.07530561089515686,0.3591082692146301,0.11122018843889236,0.03326215222477913,0.036299146711826324,0.22510650753974915,0.2572951018810272,0.2186833620071411,0.02488827519118786,0.42538732290267944,0.36128655076026917,0.2525884509086609,0.17555522918701172,0.23259295523166656,0.22729092836380005,0.14200417697429657,0.11610650271177292
AC394,1.678571429,1.25,1.321428571,0.071428571,0.25,0.178571429,0.035714286,0.0,0.0,0.071428571,0.0,0.0,0.0,0.071428571,0.0,0.0,0.107142857,0.285714286,0.178571429,0.214285714,0.392857143,0.285714286,0.0,0.071428571,0.107142857,0.0,0.071428571,0.0,0.0,0.357142857,0.642857143,0.178571429,0.214285714,0.285714286,0.285714286,0.357142857,0.071428571,0.0,0.107142857,0.321428571,0.0,0.107142857,0.0,0.0,0.0,0.142857143,0.214285714,0.0,0.107142857,0.0,0.071428571,0.9741785526275635,0.36751896142959595,0.5257150530815125,0.7520402669906616,0.25659915804862976,0.17634160816669464,0.23783546686172485,0.18698595464229584,0.2735025882720947,0.29370933771133423,0.15252681076526642,0.1477930098772049,0.04527519270777702,0.4607243835926056,0.20549963414669037,0.21709565818309784,0.12236610054969788,0.12193434685468674,0.2009747177362442,0.3641568720340729,0.6464852094650269,0.31843408942222595,0.36710402369499207,0.22691179811954498,0.04151209816336632,0.13337300717830658,0.06576510518789291,0.11767058819532394,0.11579881608486176,0.27932634949684143,0.23121799528598785,0.18105776607990265,0.2396124303340912,0.15851308405399323,0.2676472067832947,0.333965927362442,0.1194496601819992,0.07083512842655182,0.042773131281137466,0.25072067975997925,0.16407956182956696,0.1939912587404251,0.0711124837398529,0.29653170704841614,0.17364099621772766,0.4316963255405426,0.14117199182510376,0.2574460208415985,0.21421009302139282,0.13523617386817932,0.11287013441324234
AC820,2.481481481,1.259259259,1.148148148,0.0,0.185185185,0.37037037,0.111111111,0.074074074,0.111111111,0.037037037,0.0,0.0,0.0,0.111111111,0.0,0.0,0.185185185,0.222222222,0.111111111,0.185185185,0.148148148,0.074074074,0.0,0.037037037,0.0,0.0,0.074074074,0.0,0.0,0.037037037,0.444444444,0.37037037,0.111111111,0.518518519,0.111111111,0.407407407,0.111111111,0.0,0.0,0.0,0.0,0.0,0.111111111,0.0,0.0,0.444444444,0.185185185,0.0,0.0,0.037037037,0.0,0.9084794521331787,0.2855086624622345,0.537519633769989,0.2795014977455139,0.3002093732357025,0.20232269167900085,0.2933208644390106,0.19110217690467834,0.24678388237953186,0.2472969889640808,0.15497718751430511,0.12140023708343506,0.04043986648321152,0.4248942732810974,0.1939050704240799,0.23221051692962646,0.07861504703760147,0.15049909055233002,0.21159638464450836,0.43101584911346436,0.4145115613937378,0.33762434124946594,0.5511577129364014,0.24725736677646637,0.04611627385020256,0.13134139776229858,0.06463067978620529,0.11648383736610413,0.10734044760465622,0.28628918528556824,0.23865866661071777,0.152199849486351,0.4132672846317291,0.19858266413211823,0.33457040786743164,0.4254577159881592,0.14545084536075592,0.08730608969926834,0.029080484062433243,0.22395451366901398,0.17447228729724884,0.148320734500885,0.09845056384801865,0.3953581750392914,0.17805558443069458,0.32273900508880615,0.15538719296455383,0.25582435727119446,0.19071246683597565,0.16520953178405762,0.1198740229010582
AC958,1.37037037,0.481481481,1.777777778,0.0,0.407407407,0.37037037,0.148148148,0.148148148,0.074074074,0.111111111,0.0,0.0,0.0,0.0,0.0,0.0,0.777777778,0.703703704,0.296296296,0.333333333,0.0,0.37037037,0.0,0.037037037,0.0,0.0,0.0,0.0,0.0,0.148148148,0.518518519,0.074074074,0.185185185,0.407407407,0.148148148,0.37037037,0.037037037,0.0,0.0,0.111111111,0.0,0.0,0.0,0.0,0.0,0.481481481,0.185185185,0.037037037,0.148148148,0.074074074,0.0,1.0989270210266113,0.34122031927108765,1.1223549842834473,0.650100588798523,0.3877096474170685,0.3092731535434723,0.3428414463996887,0.17872849106788635,0.37235817313194275,0.16188238561153412,0.16021600365638733,0.16310134530067444,0.12275756895542145,0.5793731212615967,0.18376943469047546,0.28518927097320557,0.4087882936000824,0.23294836282730103,0.10729502886533737,0.22614742815494537,0.3086719810962677,0.18620261549949646,0.20982912182807922,0.1951947957277298,0.04346349090337753,0.18455228209495544,0.059179678559303284,0.07421961426734924,0.08777841180562973,0.29847151041030884,0.23011957108974457,0.16938912868499756,0.07898762077093124,0.19625705480575562,0.06255076080560684,0.27478182315826416,0.12657399475574493,0.055967383086681366,0.02573208697140217,0.16953113675117493,0.15454871952533722,0.22191748023033142,0.045943401753902435,0.29818594455718994,0.2722739279270172,0.377019464969635,0.20982301235198975,0.30314555764198303,0.17475958168506622,0.13759002089500427,0.13313254714012146
AD315,1.0625,3.25,0.5625,0.25,0.5625,0.1875,0.125,0.0,0.3125,0.25,0.125,0.0625,0.0,0.375,0.0,0.0,0.0,0.0,0.0,0.0625,0.1875,0.125,0.0,0.1875,0.0,0.0,0.0,0.0,0.0,0.0,0.0,0.0,0.0,0.1875,0.0,0.1875,0.0,0.0,0.0,0.0,0.0,0.0,0.0,0.0,0.25,0.1875,0.0,0.0,0.125,0.375,0.0,0.5081814527511597,2.1955676078796387,0.3921714127063751,0.2891988158226013,0.27826201915740967,0.15905022621154785,0.3166136145591736,0.23947687447071075,0.6092575192451477,0.1662069708108902,0.16974738240242004,0.18856728076934814,0.06447857618331909,0.8092796206474304,0.07678668200969696,0.14817528426647186,0.06344720721244812,0.04725080728530884,0.06905192136764526,0.2213582992553711,0.3183179199695587,0.024374455213546753,0.2546355426311493,0.08380889892578125,0.03476986661553383,0.1458306461572647,0.01861155405640602,0.036933522671461105,0.048772405833005905,0.15585577487945557,0.21706384420394897,0.06868483126163483,0.06357306987047195,0.11639848351478577,0.07180473208427429,0.23892199993133545,0.09553221613168716,0.06222706660628319,0.023841919377446175,0.10835061967372894,0.15376046299934387,0.16627855598926544,0.03709866479039192,0.12826594710350037,0.3066793978214264,0.0353204682469368,0.11805964261293411,0.05411668121814728,0.16766536235809326,0.14984862506389618,0.05801931023597717
AD659,0.0,0.0,0.266666667,0.4,0.0,0.133333333,0.333333333,0.333333333,0.4,0.2,0.8,0.133333333,0.0,2.533333333,0.266666667,1.666666667,0.4,0.6,0.133333333,0.0,0.0,0.0,0.0,0.0,0.2,0.0,0.0,0.0,0.0,0.2,0.266666667,0.0,0.0,0.0,0.0,0.6,0.466666667,0.066666667,0.0,0.0,0.0,0.2,0.0,0.0,0.133333333,0.133333333,0.2,0.466666667,0.0,0.066666667,0.0,0.13650816679000854,0.0610932931303978,0.6495776772499084,0.4433280825614929,0.2092324197292328,0.17703349888324738,0.1290196180343628,0.3238438367843628,0.3383673429489136,0.15647123754024506,0.16793417930603027,0.10825010389089584,0.008787967264652252,0.8953126668930054,0.2961595952510834,0.20228835940361023,0.1365264356136322,0.23788662254810333,0.05068283900618553,0.227655827999115,0.23955243825912476,0.09671912342309952,0.08328012377023697,0.08548963814973831,0.05996119603514671,0.14009611308574677,0.20331411063671112,0.04756120964884758,0.03139647841453552,0.21898162364959717,0.23104232549667358,0.05681156367063522,0.0482913963496685,0.10928605496883392,0.03092748299241066,0.474823921918869,0.1286175549030304,0.006285019684582949,0.05538346618413925,0.2621522843837738,0.3325708210468292,0.32947853207588196,0.13469715416431427,0.34692683815956116,0.44808417558670044,0.19318392872810364,0.09666135162115097,0.4639095962047577,0.32423636317253113,0.16540434956550598,0.0771106705069542
AE809,0.678571429,0.071428571,0.178571429,0.0,0.178571429,0.071428571,0.0,0.071428571,0.107142857,0.178571429,0.0,0.107142857,0.0,0.428571429,0.142857143,0.142857143,0.0,0.0,0.071428571,1.035714286,1.714285714,0.142857143,0.75,0.214285714,0.142857143,0.0,0.142857143,0.071428571,0.0,0.142857143,0.0,0.285714286,0.142857143,0.642857143,0.535714286,0.357142857,0.142857143,0.0,0.0,0.107142857,0.0,0.214285714,0.142857143,0.0,0.0,0.107142857,0.0,0.0,0.321428571,0.071428571,0.035714286,0.6384814977645874,0.2753763496875763,0.3591795265674591,0.39638617634773254,0.36766374111175537,0.18783925473690033,0.22402788698673248,0.1572927087545395,0.4046459197998047,0.16077476739883423,0.2172309160232544,0.27163442969322205,0.0628664568066597,0.633271336555481,0.20595183968544006,0.1345621794462204,0.5984006524085999,0.2886621654033661,0.368435263633728,0.4783562421798706,0.5612846612930298,0.23197171092033386,0.3602536916732788,0.1586407721042633,0.11748283356428146,0.2407701164484024,0.08299088478088379,0.08528551459312439,0.09117745608091354,0.2806635797023773,0.24957998096942902,0.169254332780838,0.4495711624622345,0.33127129077911377,0.2107006460428238,0.671924352645874,0.27536019682884216,0.13530144095420837,0.026746293529868126,0.15964633226394653,0.5269820690155029,0.3153861165046692,0.16072221100330353,0.3809138238430023,0.3517685830593109,0.5633736848831177,0.31145453453063965,0.3854631781578064,0.3402392566204071,0.1872367411851883,0.1500384360551834
AH342,0.933333333,3.033333333,0.333333333,0.033333333,0.1,0.066666667,0.633333333,0.1,0.8,0.2,0.333333333,0.0,0.2,1.1,0.066666667,0.233333333,0.0,0.166666667,0.133333333,0.0,0.0,0.0,0.066666667,0.0,0.0,0.0,0.0,0.0,0.0,0.0,0.0,0.0,0.0,0.0,0.0,0.0,0.0,0.0,0.0,0.033333333,0.0,0.0,0.0,0.0,0.366666667,0.0,0.0,0.0,0.033333333,0.366666667,0.033333333,0.8173388838768005,1.006374716758728,0.42233791947364807,0.16268731653690338,0.2194945216178894,0.0883941724896431,0.4216521084308624,0.2544742524623871,0.6902240514755249,0.2769095003604889,0.222220778465271,0.23066607117652893,0.12676753103733063,1.0146458148956299,0.08085201680660248,0.2032589316368103,0.14268633723258972,0.08839298039674759,0.07015105336904526,0.1446552723646164,0.27159684896469116,0.1639268547296524,0.07045793533325195,0.08314017951488495,0.05084581673145294,0.08476613461971283,0.07679950445890427,0.08523092418909073,0.14134347438812256,0.3439159095287323,0.23154601454734802,0.15610124170780182,0.1473255455493927,0.1466621309518814,0.14656567573547363,0.19345776736736298,0.04393695294857025,0.03239864110946655,0.017090026289224625,0.11626921594142914,0.07607743889093399,0.08041808009147644,0.03609681874513626,0.08868326991796494,0.25504863262176514,0.19875562191009521,0.06696928292512894,0.054357584565877914,0.13160192966461182,0.15540628135204315,0.06681634485721588
AJ010,0.137931034,0.0,0.517241379,0.0,0.103448276,0.0,0.0,0.068965517,0.517241379,0.0,0.0,0.103448276,0.0,0.413793103,0.275862069,0.137931034,0.275862069,0.068965517,0.103448276,0.793103448,0.344827586,0.965517241,0.206896552,0.620689655,0.0,0.0,0.862068966,0.275862069,1.068965517,0.482758621,0.620689655,0.965517241,0.689655172,0.310344828,0.448275862,0.482758621,0.068965517,0.413793103,0.0,1.517241379,0.0,0.0,0.24137931,0.0,0.068965517,0.068965517,0.0,0.0,0.068965517,0.0,0.0,0.3099403381347656,0.010342655703425407,0.36819589138031006,0.2541734576225281,0.544128954410553,0.15958172082901,0.39549586176872253,0.2106504738330841,0.5268896818161011,0.06056682765483856,0.1721835881471634,0.21588735282421112,0.03926674276590347,1.24905264377594,0.30565088987350464,0.34174954891204834,0.29239821434020996,0.25770390033721924,0.2103479653596878,0.31137096881866455,0.44944798946380615,0.42960572242736816,0.23029577732086182,0.2719757556915283,0.05231389403343201,0.26367226243019104,0.07286413758993149,0.06562002003192902,0.22003768384456635,0.25899162888526917,0.24768799543380737,0.3708772361278534,0.2767711579799652,0.16195076704025269,0.16050684452056885,0.6301843523979187,0.04335256293416023,0.19970622658729553,0.054534003138542175,0.5038875341415405,0.24941639602184296,0.12158610671758652,0.17377197742462158,0.17776845395565033,0.17190338671207428,0.20277149975299835,0.07962112128734589,0.08354714512825012,0.16746488213539124,0.13608267903327942,0.08031895756721497
AJ283,1.206896552,0.068965517,0.482758621,0.0,0.931034483,0.103448276,0.275862069,0.0,0.068965517,0.0,0.0,0.0,0.0,0.310344828,0.172413793,0.103448276,0.24137931,0.172413793,0.068965517,0.931034483,0.724137931,0.103448276,1.379310345,0.172413793,0.0,0.103448276,0.0,0.137931034,0.103448276,0.103448276,0.068965517,0.068965517,0.24137931,0.896551724,0.413793103,1.551724138,0.310344828,0.034482759,0.0,0.0,0.0,0.551724138,0.0,0.0,0.24137931,0.344827586,0.172413793,0.137931034,0.137931034,0.310344828,0.137931034,0.5401939153671265,0.15086451172828674,0.435340017080307,0.2486996352672577,0.26149001717567444,0.09605927765369415,0.27985307574272156,0.14623267948627472,0.7122947573661804,0.10840751230716705,0.1861114501953125,0.24187007546424866,0.07186675816774368,0.8668166399002075,0.23469798266887665,0.25029921531677246,0.17627112567424774,0.04995639622211456,0.046517904847860336,0.3801422715187073,0.4134065508842468,0.10106729716062546,0.3855411410331726,0.08891718834638596,0.03706394508481026,0.1979130506515503,0.09911934286355972,0.07298640161752701,0.09645809978246689,0.23447827994823456,0.24833130836486816,0.09433713555335999,0.07174433022737503,0.18406885862350464,0.06935109943151474,0.5040987133979797,0.17596769332885742,0.016021382063627243,0.05172524228692055,0.22512152791023254,0.14544110000133514,0.14744696021080017,0.16047833859920502,0.2009655386209488,0.11153996735811234,0.17637379467487335,0.09963976591825485,0.31921589374542236,0.18920043110847473,0.14769399166107178,0.0749901831150055
AJ316,0.103448276,0.0,0.172413793,0.0,0.24137931,0.0,0.172413793,0.0,0.24137931,0.0,0.0,0.0,0.0,0.413793103,0.172413793,0.206896552,0.344827586,0.379310345,0.206896552,1.586206897,2.137931034,0.0,1.724137931,0.482758621,0.0,0.0,0.103448276,0.379310345,0.620689655,0.103448276,0.034482759,0.034482759,0.068965517,0.24137931,0.137931034,0.655172414,0.068965517,0.0,0.0,0.103448276,0.0,0.24137931,0.0,0.0,0.137931034,0.034482759,0.103448276,0.0,0.448275862,0.24137931,0.0,0.551807701587677,0.26949751377105713,0.5365935564041138,0.2513296902179718,0.4485113024711609,0.12649080157279968,0.298326313495636,0.2348438948392868,0.5409374237060547,0.13328473269939423,0.179303377866745,0.1773206889629364,0.018447168171405792,0.6425647139549255,0.25750043988227844,0.11698424071073532,0.19031301140785217,0.1684102863073349,0.18519026041030884,0.6783671975135803,0.7215144038200378,0.26816773414611816,0.6798662543296814,0.1780829131603241,0.03880548104643822,0.26763680577278137,0.06600286066532135,0.07383653521537781,0.07291954010725021,0.23672743141651154,0.23561693727970123,0.08893533796072006,0.11845267564058304,0.38035067915916443,0.15521512925624847,0.8759165406227112,0.2593354880809784,0.1286320686340332,0.029268208891153336,0.16932232677936554,0.32325321435928345,0.18248562514781952,0.14182166755199432,0.177658811211586,0.19071631133556366,0.1881028115749359,0.1521165817975998,0.14690881967544556,0.35306844115257263,0.19225287437438965,0.13564132153987885
AJ537,0.24137931,0.034482759,0.24137931,0.310344828,0.137931034,0.0,0.310344828,0.24137931,1.137931034,0.0,0.724137931,0.75862069,0.24137931,2.068965517,0.965517241,0.344827586,0.482758621,0.724137931,1.413793103,0.137931034,0.310344828,0.24137931,0.068965517,0.0,0.0,0.103448276,0.0,0.0,0.0,0.0,0.0,0.0,0.0,0.0,0.0,0.24137931,0.0,0.103448276,0.0,0.0,0.172413793,0.172413793,0.034482759,0.310344828,0.206896552,0.24137931,0.0,0.689655172,0.172413793,0.103448276,0.0,0.39984866976737976,0.041844435036182404,0.3541693091392517,0.16599805653095245,0.3675137162208557,0.12288151681423187,0.30749669671058655,0.1984366923570633,0.45227253437042236,0.12491695582866669,0.15813471376895905,0.14989742636680603,0.04816051572561264,1.1226305961608887,0.3828764259815216,0.2563713788986206,0.28130537271499634,0.1858292818069458,0.32442256808280945,0.26672667264938354,0.2885160744190216,0.16619405150413513,0.19929152727127075,0.10944849997758865,0.03785044699907303,0.2604217827320099,0.02444370649755001,0.055727776139974594,0.0525747649371624,0.27898523211479187,0.247437983751297,0.10128287225961685,0.23314343392848969,0.19903309643268585,0.04767226055264473,0.3602544665336609,0.10711906105279922,0.0035350483376532793,0.013794287107884884,0.0998382717370987,0.2575628161430359,0.13148534297943115,0.05350508168339729,0.2622533440589905,0.18062253296375275,0.25047314167022705,0.0759403184056282,0.2455572634935379,0.195466086268425,0.18386176228523254,0.08722496777772903
AK717,0.933333333,1.9,0.466666667,0.0,0.333333333,0.0,0.3,0.433333333,1.233333333,0.0,0.366666667,0.3,0.0,1.633333333,0.166666667,0.633333333,0.133333333,0.0,0.0,0.166666667,0.166666667,0.0,0.1,0.0,0.0,0.0,0.066666667,0.0,0.266666667,0.266666667,0.1,0.066666667,0.0,0.233333333,0.0,0.2,0.0,0.0,0.0,0.066666667,0.066666667,0.1,0.0,0.233333333,0.066666667,0.1,0.0,0.0,0.0,0.1,0.0,0.7979186177253723,0.3616064786911011,0.5059800148010254,0.23565644025802612,0.26083508133888245,0.202687069773674,0.2915744185447693,0.16809719800949097,0.39108437299728394,0.1287897527217865,0.1509348303079605,0.12319238483905792,0.03960635885596275,0.8641330599784851,0.21832478046417236,0.16888748109340668,0.2263135462999344,0.08115890622138977,0.0745646059513092,0.15432041883468628,0.24527287483215332,0.051790881901979446,0.1497708112001419,0.06793276965618134,0.02913767285645008,0.16275599598884583,0.03252105787396431,0.047004371881484985,0.012113995850086212,0.2592921555042267,0.24939213693141937,0.02621138095855713,0.042441945523023605,0.13244245946407318,0.0537232831120491,0.3986733555793762,0.08695747703313828,0.022539416328072548,0.014148697257041931,0.08833257108926773,0.13280750811100006,0.12859933078289032,0.04409516602754593,0.13014160096645355,0.2894144058227539,0.18455463647842407,0.17059360444545746,0.12199164181947708,0.18778842687606812,0.14981886744499207,0.07548844069242477
AK852,0.3,0.0,0.433333333,0.233333333,0.333333333,0.533333333,0.533333333,0.333333333,0.966666667,2.833333333,0.466666667,0.566666667,0.0,1.866666667,0.233333333,0.3,0.2,0.0,0.0,0.0,0.0,0.0,0.0,0.066666667,0.033333333,0.066666667,0.0,0.0,0.0,0.633333333,0.533333333,0.033333333,0.0,0.0,0.0,0.133333333,0.0,0.0,0.0,0.0,0.0,0.0,0.0,0.233333333,0.0,0.6,0.1,0.733333333,0.0,0.0,0.166666667,0.4931296110153198,0.05869794264435768,0.3974553048610687,0.1465158313512802,0.155583456158638,0.20963270962238312,0.5151439905166626,0.14883092045783997,0.862972617149353,1.107722520828247,0.20434634387493134,0.19892477989196777,0.06734082102775574,1.3599298000335693,0.218405082821846,0.30930182337760925,0.15711522102355957,0.030992107465863228,0.04769520461559296,0.16972145438194275,0.3526284396648407,0.1207403689622879,0.2216440588235855,0.09190931916236877,0.04003123566508293,0.22976817190647125,0.04162747040390968,0.06469498574733734,0.15369340777397156,0.505888044834137,0.24609340727329254,0.09998520463705063,0.12246100604534149,0.12620699405670166,0.04357022047042847,0.407859206199646,0.19307634234428406,0.005567288491874933,0.030660221353173256,0.10006177425384521,0.08307107537984848,0.09392213076353073,0.09584569931030273,0.18523557484149933,0.10701831430196762,0.5026445984840393,0.1275625079870224,0.3576423227787018,0.14665962755680084,0.14082273840904236,0.14229078590869904
AK864,1.833333333,0.033333333,0.366666667,0.0,0.466666667,0.066666667,0.1,0.066666667,0.166666667,0.1,0.033333333,0.0,0.0,0.3,0.333333333,0.166666667,0.1,0.2,0.6,1.1,1.366666667,0.466666667,0.766666667,0.0,0.0,0.266666667,0.0,0.5,0.0,0.166666667,0.033333333,0.066666667,0.0,0.7,0.2,1.0,0.0,0.066666667,0.0,0.233333333,0.1,0.066666667,0.0,0.1,0.033333333,0.533333333,0.1,0.033333333,0.433333333,0.2,0.4,0.6417028307914734,0.060177870094776154,0.4604068100452423,0.14141938090324402,0.2239471822977066,0.16790735721588135,0.22074440121650696,0.13997337222099304,0.472859650850296,0.2427636981010437,0.1553938239812851,0.09858666360378265,0.06428670138120651,0.5623408555984497,0.47346940636634827,0.24883706867694855,0.16300033032894135,0.14563173055648804,0.31025001406669617,0.3592122197151184,0.29116204380989075,0.43596404790878296,0.08340440690517426,0.17542442679405212,0.0351019985973835,0.16729053854942322,0.08745097368955612,0.04222056269645691,0.06920209527015686,0.32591912150382996,0.25108879804611206,0.21193981170654297,0.2953641712665558,0.1972299963235855,0.0782642588019371,0.5944581627845764,0.14310194551944733,0.024727514013648033,0.02322746068239212,0.26234719157218933,0.5884286761283875,0.16992300748825073,0.08205359429121017,0.31554046273231506,0.21304936707019806,0.7104042768478394,0.23265855014324188,0.24063122272491455,0.47819703817367554,0.37490805983543396,0.2748260200023651
AK942,0.166666667,0.2,0.2,0.1,0.166666667,0.0,0.266666667,0.0,0.466666667,0.066666667,0.0,0.166666667,0.0,0.666666667,0.233333333,0.133333333,0.066666667,0.0,0.033333333,0.033333333,0.0,0.0,0.1,0.0,0.0,0.066666667,0.1,0.1,0.366666667,0.933333333,0.333333333,0.066666667,0.066666667,0.166666667,0.0,0.6,1.5,1.333333333,0.033333333,0.4,0.0,0.1,0.333333333,0.133333333,0.533333333,2.133333333,0.333333333,0.333333333,0.266666667,0.233333333,0.2,0.6113693714141846,1.0722206830978394,0.41658180952072144,0.1804298460483551,0.1302085667848587,0.2059050053358078,0.26908448338508606,0.1020055040717125,0.6525160670280457,0.820151150226593,0.16528485715389252,0.13827654719352722,0.026245679706335068,1.0476953983306885,0.22887904942035675,0.1634020209312439,0.14551378786563873,0.04863554611802101,0.04267515614628792,0.20734484493732452,0.2882488965988159,0.21485748887062073,0.18208476901054382,0.2118758112192154,0.042406897991895676,0.15179698169231415,0.1322651207447052,0.05816149339079857,0.11011982709169388,0.6467646360397339,0.24633707106113434,0.20312197506427765,0.2156798094511032,0.18285419046878815,0.11937131732702255,0.5372939705848694,0.17414337396621704,1.0657607316970825,0.035033371299505234,0.2887021005153656,0.13206712901592255,0.13604103028774261,0.06562754511833191,0.19524066150188446,0.3232678472995758,0.799919605255127,0.1649101972579956,0.6090092062950134,0.2178804576396942,0.18228204548358917,0.17865708470344543
AL100,1.233333333,0.0,0.233333333,0.066666667,0.3,0.2,0.266666667,0.033333333,0.433333333,0.1,0.0,0.0,0.0,0.7,0.366666667,0.333333333,0.3,0.033333333,0.033333333,0.166666667,0.0,0.066666667,0.266666667,0.266666667,0.1,0.6,0.166666667,0.0,0.8,0.966666667,0.133333333,0.1,0.0,0.433333333,0.166666667,1.5,0.2,0.266666667,0.133333333,0.133333333,0.1,0.0,0.866666667,0.266666667,0.066666667,0.5,0.333333333,0.2,0.0,0.0,0.033333333,0.6046819090843201,0.835873544216156,0.5426610112190247,0.3612397015094757,0.39890578389167786,0.1496264487504959,0.5891364216804504,0.32713234424591064,0.667087197303772,0.31120002269744873,0.20082564651966095,0.19138136506080627,0.06813924014568329,0.9545291662216187,0.2500274181365967,0.3093533217906952,0.24626189470291138,0.04175977781414986,0.055765409022569656,0.27945002913475037,0.3036341667175293,0.1033163070678711,0.29347914457321167,0.1220274567604065,0.07534971833229065,0.3794703781604767,0.11251932382583618,0.0857735201716423,0.24544262886047363,0.4252156913280487,0.24885596334934235,0.17801640927791595,0.1456957310438156,0.24636784195899963,0.12629374861717224,0.781834065914154,0.3298870027065277,0.23683315515518188,0.12114820629358292,0.1797679364681244,0.20490068197250366,0.15723438560962677,0.18797414004802704,0.13003285229206085,0.10780097544193268,0.3144092559814453,0.15125292539596558,0.18354657292366028,0.18721748888492584,0.13612456619739532,0.11179399490356445
AL415,0.7,0.0,0.766666667,0.0,0.866666667,0.2,0.4,0.3,0.233333333,0.166666667,0.033333333,0.0,0.0,0.833333333,0.266666667,0.1,0.233333333,0.166666667,0.033333333,0.966666667,1.566666667,0.266666667,0.533333333,0.166666667,0.0,0.133333333,0.166666667,0.0,0.133333333,0.1,0.066666667,0.066666667,0.133333333,0.366666667,0.033333333,0.533333333,0.133333333,0.0,0.0,0.266666667,0.2,0.066666667,0.266666667,0.133333333,0.066666667,0.3,0.166666667,0.233333333,0.266666667,0.1,0.166666667,0.8045280575752258,0.13558784127235413,0.8518696427345276,0.23087164759635925,0.6173580884933472,0.1759418100118637,0.46558383107185364,0.2484402060508728,0.7418118119239807,0.2505377531051636,0.21392390131950378,0.1872764676809311,0.05075282230973244,1.0008903741836548,0.30676814913749695,0.25273171067237854,0.26604437828063965,0.05858602002263069,0.0571582056581974,0.43598058819770813,0.608707070350647,0.06557836383581161,0.3864136040210724,0.07434096932411194,0.04202567785978317,0.2050711214542389,0.04137057811021805,0.05579559877514839,0.09192473441362381,0.2571682929992676,0.22854024171829224,0.039794813841581345,0.07541773468255997,0.2381030023097992,0.07537803798913956,0.9264419078826904,0.11161686480045319,0.06354618072509766,0.020718855783343315,0.10274717956781387,0.23185792565345764,0.1432262361049652,0.08415830135345459,0.11791486293077469,0.20019032061100006,0.23365631699562073,0.18572229146957397,0.11647365242242813,0.28412914276123047,0.17986123263835907,0.10953783243894577
AM172,0.266666667,0.0,0.3,0.366666667,0.266666667,0.0,0.133333333,0.2,0.166666667,0.0,0.0,0.0,0.0,0.766666667,0.166666667,0.166666667,0.4,0.166666667,0.0,0.366666667,0.133333333,0.333333333,0.233333333,0.133333333,0.0,0.233333333,0.1,0.0,0.266666667,0.4,0.266666667,0.6,0.366666667,0.266666667,0.3,0.9,0.066666667,0.666666667,0.633333333,2.033333333,0.1,0.0,0.133333333,0.0,0.233333333,0.2,0.0,0.0,0.3,0.166666667,0.0,0.3447602093219757,0.0474221408367157,0.35166260600090027,0.3384906053543091,0.3783057928085327,0.15663819015026093,0.20714028179645538,0.20739883184432983,0.4856744110584259,0.04064486175775528,0.18139787018299103,0.14914967119693756,0.0367133803665638,1.032118558883667,0.21856701374053955,0.2502950429916382,0.24861055612564087,0.18281589448451996,0.18351808190345764,0.3541594445705414,0.4458911418914795,0.11068765074014664,0.2285991758108139,0.07897040247917175,0.03319571912288666,0.12773604691028595,0.043212298303842545,0.043783701956272125,0.0595773383975029,0.15052445232868195,0.2244012951850891,0.14613638818264008,0.06973631680011749,0.12113041430711746,0.11381743103265762,0.594244122505188,0.10500551015138626,0.10803774744272232,0.03789608180522919,0.09953615814447403,0.1756957322359085,0.1305702030658722,0.07764116674661636,0.1391201615333557,0.21076025068759918,0.1131533831357956,0.05249083414673805,0.08194690197706223,0.20135264098644257,0.11540717631578445,0.08195320516824722
AM349,0.8,1.3,0.833333333,0.133333333,0.333333333,0.0,0.433333333,0.066666667,1.433333333,0.066666667,0.8,0.0,0.0,1.5,0.3,0.3,0.366666667,0.0,0.0,0.166666667,0.233333333,0.0,0.366666667,0.066666667,0.0,0.1,0.0,0.0,0.133333333,0.633333333,0.433333333,0.166666667,0.666666667,0.0,0.033333333,0.366666667,0.0,0.0,0.0,0.0,0.1,0.0,0.0,0.2,0.2,0.133333333,0.1,0.2,0.0,0.033333333,0.166666667,0.585228443145752,0.4720281958580017,0.8547607064247131,0.2761509120464325,0.6594035029411316,0.2483229637145996,0.6554825305938721,0.3095060884952545,0.7950026988983154,0.21670301258563995,0.2268899530172348,0.16138383746147156,0.06119246408343315,1.2721493244171143,0.29785627126693726,0.273943156003952,0.3702314794063568,0.15163831412792206,0.06067430227994919,0.33086535334587097,0.49943575263023376,0.07136011868715286,0.28550291061401367,0.09082253277301788,0.054712288081645966,0.10658755898475647,0.03294989839196205,0.06530862301588058,0.09264370799064636,0.22324037551879883,0.24847625195980072,0.08546293526887894,0.1520373672246933,0.1746038794517517,0.0489925891160965,0.47033002972602844,0.04181233048439026,0.05120343714952469,0.039763472974300385,0.2058795541524887,0.13518226146697998,0.10686590522527695,0.10629794746637344,0.13540339469909668,0.15146447718143463,0.13486416637897491,0.14597353339195251,0.09489528834819794,0.15523606538772583,0.16431717574596405,0.08755195140838623
AM706,0.333333333,0.1,0.3,0.133333333,0.3,0.0,0.3,0.066666667,0.4,0.0,0.133333333,0.3,0.0,0.666666667,0.0,0.1,0.0,0.0,0.0,0.133333333,0.233333333,0.0,0.166666667,0.033333333,0.0,0.0,0.266666667,0.133333333,0.633333333,0.533333333,0.0,0.633333333,0.066666667,0.1,0.2,1.066666667,0.233333333,0.266666667,0.466666667,1.533333333,0.2,0.1,0.1,0.0,0.066666667,0.233333333,0.0,0.066666667,0.266666667,0.133333333,0.4,0.4562240242958069,0.08555607497692108,0.5265366435050964,0.15566375851631165,0.49079278111457825,0.19140015542507172,0.5612478256225586,0.28559547662734985,0.9750406742095947,0.5833393931388855,0.23227164149284363,0.30589550733566284,0.07556604593992233,1.2607465982437134,0.32988274097442627,0.284936785697937,0.23437784612178802,0.0789809301495552,0.060533471405506134,0.23616379499435425,0.3812347948551178,0.19042682647705078,0.30773261189460754,0.11537525802850723,0.09099769592285156,0.3607504963874817,0.24455244839191437,0.08231464773416519,0.5233058333396912,0.3885795474052429,0.2923068404197693,0.18625061213970184,0.1428876519203186,0.18681946396827698,0.10768450796604156,0.5209807753562927,0.19126863777637482,0.0558147095143795,0.11393619328737259,0.40595173835754395,0.1955144703388214,0.11705674231052399,0.1030104011297226,0.1308407485485077,0.1068948283791542,0.2144758403301239,0.13308218121528625,0.25359272956848145,0.21370786428451538,0.12592783570289612,0.1205216497182846
AM997,0.5,0.0,0.4,0.133333333,0.5,0.233333333,0.266666667,0.5,0.233333333,0.0,0.133333333,0.0,0.133333333,0.633333333,0.2,0.2,0.0,0.433333333,0.066666667,0.566666667,0.733333333,0.466666667,0.3,0.0,0.066666667,0.066666667,0.0,0.0,0.233333333,0.4,0.333333333,0.566666667,1.3,0.566666667,0.133333333,1.2,0.0,0.0,0.0,0.0,0.3,0.066666667,0.0,0.0,0.066666667,0.0,0.033333333,0.166666667,0.066666667,0.0,0.166666667,0.40123969316482544,0.07100813835859299,0.5283614993095398,0.1925412267446518,0.43509700894355774,0.1547619253396988,0.4257294535636902,0.37562280893325806,0.5545653104782104,0.11295098811388016,0.21474869549274445,0.23651033639907837,0.03275590389966965,1.161600112915039,0.32449543476104736,0.29793694615364075,0.2619728744029999,0.11373230069875717,0.0882166400551796,0.46087783575057983,0.38239526748657227,0.18196654319763184,0.29820993542671204,0.08111294358968735,0.028903592377901077,0.14879800379276276,0.033589694648981094,0.0544855110347271,0.10720493644475937,0.17937727272510529,0.23099401593208313,0.12480711191892624,0.7628151178359985,0.21583852171897888,0.02896055206656456,0.7291111350059509,0.09677542746067047,0.0014497364172711968,0.017848709598183632,0.07872506231069565,0.18915115296840668,0.1378030925989151,0.07908199727535248,0.16044090688228607,0.17401455342769623,0.14828497171401978,0.06773257255554199,0.13803629577159882,0.23816987872123718,0.14264731109142303,0.08236417174339294
AN885,0.066666667,0.0,0.666666667,0.066666667,1.1,0.233333333,0.433333333,0.633333333,0.266666667,0.0,0.133333333,0.033333333,0.2,1.433333333,0.8,0.633333333,3.1,0.466666667,0.4,0.066666667,0.0,0.0,0.066666667,0.0,0.0,0.0,0.0,0.0,0.0,0.133333333,0.0,0.1,0.0,0.066666667,0.0,0.3,0.0,0.0,0.0,0.0,0.0,0.2,0.066666667,0.533333333,0.033333333,0.166666667,0.0,0.0,0.033333333,0.033333333,0.033333333,0.36573174595832825,0.3845292329788208,0.4239636957645416,1.0354646444320679,0.6949076652526855,0.25568899512290955,0.35080525279045105,0.3245927393436432,0.5524490475654602,0.12313883006572723,0.4514314830303192,0.26118990778923035,0.1229558065533638,0.9444683194160461,0.34078386425971985,0.4777269959449768,1.3885804414749146,0.6953302621841431,0.6465809941291809,0.39249473810195923,0.4686225652694702,0.18597723543643951,0.3117733597755432,0.14196930825710297,0.05945274978876114,0.18461333215236664,0.08465100079774857,0.06075593829154968,0.08678410202264786,0.2408742606639862,0.25690698623657227,0.17489787936210632,0.5973294377326965,0.3417544960975647,0.141450434923172,0.5451809763908386,0.2478283792734146,0.05312522500753403,0.053065743297338486,0.18257580697536469,0.39831364154815674,0.45322754979133606,0.21232947707176208,0.6944926381111145,0.4830431342124939,0.4653833210468292,0.14039082825183868,0.3737276792526245,0.2838537096977234,0.200803741812706,0.1744541972875595
AO235,0.333333333,0.133333333,0.233333333,0.533333333,0.6,0.5,0.566666667,0.6,1.5,0.0,0.3,0.233333333,0.3,1.766666667,0.366666667,0.5,0.366666667,0.133333333,0.033333333,0.066666667,0.166666667,0.166666667,0.066666667,0.033333333,0.0,0.066666667,0.033333333,0.0,0.0,0.133333333,0.0,0.033333333,0.0,0.133333333,0.066666667,0.366666667,0.266666667,0.0,0.0,0.066666667,0.333333333,0.3,0.033333333,0.133333333,0.1,0.0,0.0,0.0,0.766666667,0.133333333,0.0,0.4411062002182007,0.03943059965968132,0.4923146963119507,0.3429626226425171,0.5735519528388977,0.2534109354019165,0.49486473202705383,0.2811363935470581,0.8255457878112793,0.20121487975120544,0.18714751303195953,0.21761099994182587,0.08830852806568146,1.2847398519515991,0.36143776774406433,0.40667960047721863,0.32093939185142517,0.14095206558704376,0.17160385847091675,0.2837889492511749,0.3402934670448303,0.1934663951396942,0.19497565925121307,0.13928955793380737,0.07180780917406082,0.3237001895904541,0.18094073235988617,0.09037471562623978,0.2605426609516144,0.3417399823665619,0.29897233843803406,0.14278355240821838,0.2524019181728363,0.23107698559761047,0.04978790879249573,0.7123887538909912,0.19388891756534576,0.07549107819795609,0.060790203511714935,0.30927395820617676,0.2340417057275772,0.1747244894504547,0.13044148683547974,0.22774483263492584,0.17994289100170135,0.15054666996002197,0.13265229761600494,0.16120876371860504,0.2853356599807739,0.15095964074134827,0.13734132051467896
AO882,0.233333333,0.0,0.433333333,0.166666667,0.3,0.0,0.533333333,0.433333333,0.433333333,0.0,0.0,0.033333333,0.0,1.366666667,0.5,0.433333333,0.166666667,0.066666667,0.0,0.866666667,1.266666667,0.433333333,0.933333333,0.3,0.433333333,0.233333333,0.933333333,0.066666667,0.5,0.266666667,0.366666667,0.133333333,0.133333333,0.1,0.066666667,0.6,0.0,0.1,0.166666667,1.033333333,0.3,0.2,0.0,0.133333333,0.233333333,0.0,0.0,0.066666667,0.066666667,0.266666667,0.033333333,0.3333033323287964,0.039966415613889694,0.3961719572544098,0.3300209045410156,0.39503031969070435,0.17730684578418732,0.5800542235374451,0.33442777395248413,0.6994391679763794,0.0749501958489418,0.18490521609783173,0.2823607623577118,0.12532038986682892,1.396483302116394,0.5059175491333008,0.40303725004196167,0.3813440501689911,0.05419721081852913,0.10662594437599182,0.33791255950927734,0.35622820258140564,0.09373761713504791,0.21486662328243256,0.09750630706548691,0.03680778667330742,0.16651581227779388,0.14399689435958862,0.08527107536792755,0.10355731844902039,0.2066592574119568,0.2321060448884964,0.08775519579648972,0.15189996361732483,0.15586748719215393,0.03824746608734131,0.5434985160827637,0.12814182043075562,0.04556113854050636,0.03754863888025284,0.08915422111749649,0.18730458617210388,0.1825888752937317,0.12517894804477692,0.22427184879779816,0.2373049408197403,0.16744157671928406,0.09484656155109406,0.25793570280075073,0.24430732429027557,0.16786938905715942,0.06978023797273636
AP182,0.233333333,0.0,0.5,0.266666667,0.433333333,0.033333333,1.166666667,0.8,1.133333333,0.1,0.133333333,0.433333333,0.1,1.7,0.366666667,0.433333333,0.3,0.0,0.0,0.066666667,0.0,0.0,0.0,0.133333333,0.033333333,0.433333333,0.866666667,0.133333333,0.333333333,0.366666667,0.433333333,0.6,0.033333333,0.1,0.1,0.4,0.0,0.0,0.3,1.1,0.166666667,0.133333333,0.366666667,0.0,0.066666667,0.0,0.0,0.166666667,0.2,0.166666667,0.0,0.4158153235912323,0.03689241036772728,0.6105796694755554,0.369438499212265,0.3195418119430542,0.18981976807117462,0.6888906955718994,0.398220419883728,0.8319376707077026,0.21155455708503723,0.21394962072372437,0.2421661615371704,0.09194815903902054,1.2333765029907227,0.34094348549842834,0.39112067222595215,0.24710969626903534,0.055336154997348785,0.06220998615026474,0.31163278222084045,0.390659362077713,0.17746901512145996,0.2526727020740509,0.1321912556886673,0.07585754990577698,0.20973531901836395,0.11563966423273087,0.11613108962774277,0.242285817861557,0.33931848406791687,0.2771909832954407,0.14312000572681427,0.1754935383796692,0.12762890756130219,0.10491615533828735,0.5245074033737183,0.1280868798494339,0.0763402208685875,0.08879466354846954,0.41481953859329224,0.1684795618057251,0.12230341881513596,0.12193674594163895,0.17012321949005127,0.20925617218017578,0.3023548126220703,0.1562468558549881,0.18268898129463196,0.17987556755542755,0.11919119954109192,0.08877474069595337
AP810,0.433333333,0.1,0.5,1.8,0.666666667,0.333333333,0.6,0.4,1.033333333,0.066666667,0.566666667,0.466666667,0.533333333,1.7,0.666666667,0.366666667,0.333333333,0.0,0.0,0.233333333,0.2,0.0,0.0,0.0,0.0,0.266666667,0.066666667,0.033333333,0.233333333,0.5,0.5,0.0,0.0,0.133333333,0.0,0.366666667,0.1,0.0,0.0,0.0,0.333333333,0.366666667,0.1,0.233333333,0.6,0.333333333,0.166666667,0.366666667,0.133333333,0.066666667,0.066666667,0.5272178649902344,0.06704350560903549,0.6189296245574951,0.37431010603904724,0.3460095226764679,0.20871609449386597,0.5598071813583374,0.29965540766716003,0.7704421877861023,0.15728092193603516,0.22099533677101135,0.33814895153045654,0.1205618605017662,1.2228857278823853,0.3586242198944092,0.3881065845489502,0.16723424196243286,0.06540916860103607,0.03441828116774559,0.2837883234024048,0.3065056800842285,0.09500677138566971,0.3300647437572479,0.12303584069013596,0.04067042097449303,0.14650163054466248,0.11860737204551697,0.09922464191913605,0.0993233397603035,0.25771722197532654,0.24604126811027527,0.06343305110931396,0.12025126814842224,0.11527108401060104,0.04187488928437233,0.404906302690506,0.1853116899728775,0.057843465358018875,0.04864341393113136,0.2308865785598755,0.1908482164144516,0.15236693620681763,0.15414398908615112,0.2274705171585083,0.21124249696731567,0.30812543630599976,0.12245451658964157,0.33317553997039795,0.21261969208717346,0.13293755054473877,0.07957205176353455
