stimulus,true_Green,true_Cucumber,true_Herbal,true_Mint,true_Woody,true_Pine,true_Floral,true_Powdery,true_Fruity,true_Citrus,true_Tropical,true_Berry,true_Peach,true_Sweet,true_Caramellic,true_Vanilla,true_BrownSpice,true_Smoky,true_Burnt,true_Roasted,true_Grainy,true_Meaty,true_Nutty,true_Fatty,true_Coconut,true_Waxy,true_Dairy,true_Buttery,true_Cheesy,true_Sour,true_Fermented,true_Sulfurous,true_Garlic.Onion,true_Earthy,true_Mushroom,true_Musty,true_Ammonia,true_Fishy,true_Fecal,true_Rotten.Decay,true_Rubber,true_Phenolic,true_Animal,true_Medicinal,true_Cooling,true_Sharp,true_Chlorine,true_Alcoholic,true_Plastic,true_Ozone,true_Metallic,pred_Green,pred_Cucumber,pred_Herbal,pred_Mint,pred_Woody,pred_Pine,pred_Floral,pred_Powdery,pred_Fruity,pred_Citrus,pred_Tropical,pred_Berry,pred_Peach,pred_Sweet,pred_Caramellic,pred_Vanilla,pred_BrownSpice,pred_Smoky,pred_Burnt,pred_Roasted,pred_Grainy,pred_Meaty,pred_Nutty,pred_Fatty,pred_Coconut,pred_Waxy,pred_Dairy,pred_Buttery,pred_Cheesy,pred_Sour,pred_Fermented,pred_Sulfurous,pred_Garlic.Onion,pred_Earthy,pred_Mushroom,pred_Musty,pred_Ammonia,pred_Fishy,pred_Fecal,pred_Rotten.Decay,pred_Rubber,pred_Phenolic,pred_Animal,pred_Medicinal,pred_Cooling,pred_Sharp,pred_Chlorine,pred_Alcoholic,pred_Plastic,pred_Ozone,pred_Metallic
AA332,0.076923077,0.038461538,0.0,0.0,0.076923077,0.076923077,0.0,0.0,0.0,0.0,0.0,0.0,0.0,0.0,0.0,0.0,0.0,0.0,0.730769231,0.653846154,0.115384615,0.730769231,0.153846154,0.0,0.0,0.0,0.884615385,0.153846154,0.769230769,0.769230769,0.615384615,0.961538462,0.576923077,0.346153846,0.538461538,0.307692308,0.230769231,0.153846154,0.423076923,1.730769231,0.153846154,0.0,0.615384615,0.0,0.038461538,0.384615385,0.0,0.0,0.0,0.0,0.0,0.20999906957149506,0.07255832105875015,0.33247002959251404,0.10818775743246078,0.18739357590675354,0.06836643069982529,0.22408749163150787,0.13959069550037384,0.40781542658805847,0.13790926337242126,0.18848684430122375,0.1485414355993271,0.07894193381071091,0.6012837290763855,0.1719818413257599,0.1666615754365921,0.19774971902370453,0.24221622943878174,0.36985155940055847,0.877197802066803,0.49356359243392944,0.42232322692871094,0.4370514452457428,0.1674279123544693,0.05957013741135597,0.144395112991333,0.18305113911628723,0.14287421107292175,0.3558656871318817,0.4252431392669678,0.342681884765625,0.464890718460083,0.7634034752845764,0.3715265691280365,0.11360736936330795,0.45725008845329285,0.17167268693447113,0.12444216012954712,0.06510347127914429,0.41626474261283875,0.30601513385772705,0.3364008069038391,0.1869727224111557,0.21281079947948456,0.12405256927013397,0.16966809332370758,0.06488970667123795,0.07336369901895523,0.1282876878976822,0.05953887850046158,0.08934587240219116
AA618,0.0,0.0,0.038461538,0.115384615,0.0,0.0,0.115384615,0.269230769,0.0,0.0,0.0,0.192307692,0.0,0.961538462,0.846153846,0.076923077,0.423076923,0.076923077,0.230769231,0.192307692,0.0,0.0,0.0,0.0,0.538461538,0.153846154,0.076923077,0.0,0.0,0.192307692,0.076923077,0.192307692,0.0,0.0,0.0,0.346153846,0.269230769,0.0,0.0,0.0,0.192307692,0.538461538,0.0,1.038461538,0.269230769,0.346153846,0.346153846,1.5,0.730769231,0.192307692,0.076923077,0.13034804165363312,0.04427942633628845,0.29524415731430054,0.9500999450683594,0.2960042357444763,0.12432941049337387,0.16586798429489136,0.21693776547908783,0.5579550862312317,0.09635333716869354,0.17022038996219635,0.19656145572662354,0.06862538307905197,1.0435404777526855,0.27197596430778503,0.22301235795021057,0.15711262822151184,0.1388712227344513,0.11587151139974594,0.13067267835140228,0.26882293820381165,0.019405338913202286,0.21436649560928345,0.14037451148033142,0.14983679354190826,0.26503869891166687,0.18914416432380676,0.1997148096561432,0.15109366178512573,0.1930619776248932,0.16856391727924347,0.09953780472278595,0.04885352775454521,0.15297529101371765,0.08393663913011551,0.35841646790504456,0.15207260847091675,0.07071808725595474,0.04327802360057831,0.22677640616893768,0.095648393034935,0.25182750821113586,0.13280433416366577,0.32457587122917175,0.5216988325119019,0.18286485970020294,0.0902089923620224,0.472206711769104,0.16109120845794678,0.08967836201190948,0.07576856762170792
AA725,0.269230769,0.0,0.230769231,0.0,0.153846154,0.115384615,0.192307692,0.076923077,0.461538462,0.0,0.384615385,0.115384615,0.192307692,0.153846154,0.0,0.0,0.0,0.269230769,0.0,0.692307692,0.269230769,0.346153846,0.346153846,0.269230769,0.5,0.807692308,0.115384615,0.807692308,0.461538462,0.230769231,0.230769231,0.076923077,2.115384615,0.0,0.230769231,0.153846154,0.0,0.0,0.0,0.0,0.0,0.0,0.0,0.0,0.038461538,0.153846154,0.0,0.0,0.0,0.0,0.0,0.16586396098136902,0.04824039340019226,0.32073575258255005,0.08854809403419495,0.12524951994419098,0.08270713686943054,0.21589376032352448,0.10380996763706207,0.44117698073387146,0.08248233050107956,0.16388851404190063,0.20201261341571808,0.08780303597450256,0.43898651003837585,0.16999517381191254,0.08290978521108627,0.13190695643424988,0.09790995717048645,0.16200289130210876,0.33811208605766296,0.3653179705142975,0.23975102603435516,0.17871032655239105,0.41479042172431946,0.22261472046375275,0.36170220375061035,0.19055356085300446,0.4909984767436981,0.5329846143722534,0.4221624732017517,0.2775905728340149,0.3618204593658447,3.124856948852539,0.14870129525661469,0.09355338662862778,0.3244035840034485,0.15117496252059937,0.09632018208503723,0.04921417310833931,0.16468703746795654,0.20204348862171173,0.04968578368425369,0.07505785673856735,0.1744774729013443,0.2213650345802307,0.16876128315925598,0.08604571223258972,0.12206333875656128,0.13115723431110382,0.021350935101509094,0.07457690685987473
AA808,0.0,0.0,0.0,0.0,0.384615385,0.0,0.115384615,0.307692308,0.0,0.0,0.0,0.038461538,0.0,0.384615385,0.0,0.0,0.0,0.346153846,0.230769231,1.5,1.346153846,0.346153846,0.653846154,0.846153846,0.0,0.0,0.538461538,0.230769231,0.692307692,0.115384615,0.0,0.346153846,0.346153846,0.076923077,0.038461538,0.038461538,0.0,0.884615385,0.153846154,0.769230769,0.0,0.0,0.269230769,0.0,0.0,0.0,0.0,0.0,0.0,0.0,0.0,0.15526242554187775,0.07450354844331741,0.1965004801750183,0.1839219629764557,0.17798970639705658,0.08383025228977203,0.0686129480600357,0.1244635209441185,0.14568357169628143,0.07017037272453308,0.04917637258768082,0.0513637401163578,0.04363038018345833,0.4744008779525757,0.10363685339689255,0.08940787613391876,0.13229402899742126,0.07634271681308746,0.06342439353466034,0.5226570963859558,0.6431552767753601,0.24340184032917023,0.4657910168170929,0.5630549788475037,0.09886608272790909,0.08363637328147888,0.4540315866470337,0.33844584226608276,0.8258106112480164,0.22084638476371765,0.15391233563423157,0.3461929261684418,0.5976784825325012,0.15284116566181183,0.15102984011173248,0.46811234951019287,0.15978892147541046,0.406043142080307,0.05703486129641533,0.5881789326667786,0.033535994589328766,0.11561602354049683,0.12638628482818604,0.17825037240982056,0.28403040766716003,0.12215618789196014,0.014544526115059853,0.2893788814544678,0.11741898953914642,0.02840706706047058,0.02192842587828636
AB378,0.0,0.0,0.166666667,3.388888889,0.111111111,0.0,0.055555556,0.666666667,0.0,0.277777778,0.0,0.0,0.0,1.111111111,0.166666667,0.166666667,0.0,0.111111111,0.0,0.833333333,1.222222222,0.0,0.611111111,0.222222222,0.055555556,0.0,0.0,0.722222222,0.222222222,0.277777778,0.166666667,0.0,0.0,0.0,0.0,0.0,0.0,0.0,0.0,0.0,0.0,0.0,0.0,0.0,1.111111111,0.0,0.0,0.0,0.0,0.222222222,0.0,0.18374888598918915,0.0772135779261589,0.2934035658836365,2.6777772903442383,0.22377313673496246,0.17601098120212555,0.46802160143852234,0.21923798322677612,0.5041680932044983,0.14544077217578888,0.18352048099040985,0.21172666549682617,0.06067245826125145,1.1606738567352295,0.21520239114761353,0.22952523827552795,0.19231002032756805,0.10552699863910675,0.04231155663728714,0.6309801936149597,1.1732650995254517,0.04601835459470749,0.4658326208591461,0.11883804947137833,0.0319204144179821,0.10271019488573074,0.11713668704032898,0.13503839075565338,0.07215257734060287,0.07308346033096313,0.2037060260772705,0.07950957864522934,0.19296789169311523,0.07954102009534836,0.06956008076667786,0.29263049364089966,0.16123999655246735,0.04268571734428406,0.03723461180925369,0.1026989296078682,0.13279099762439728,0.1288193166255951,0.03954184055328369,0.24516278505325317,0.7402816414833069,0.22109803557395935,0.13323138654232025,0.2552363872528076,0.1630203276872635,0.05268196389079094,0.03941207379102707
AB413,0.0,0.055555556,0.111111111,0.111111111,0.444444444,0.222222222,0.333333333,0.555555556,0.888888889,0.0,0.666666667,0.611111111,0.166666667,0.444444444,0.0,0.0,0.0,0.277777778,0.166666667,0.5,0.222222222,0.277777778,0.277777778,0.0,0.055555556,0.0,0.0,0.0,0.055555556,0.055555556,0.0,0.166666667,0.055555556,0.333333333,0.0,0.0,0.0,0.222222222,0.0,0.0,0.166666667,0.055555556,0.055555556,0.222222222,0.444444444,0.555555556,0.0,0.5,0.388888889,0.555555556,0.0,0.18629606068134308,0.06334405392408371,0.34346887469291687,0.1745760142803192,0.16847997903823853,0.17214180529117584,0.37525901198387146,0.19581352174282074,0.40208083391189575,0.1230989322066307,0.1514691263437271,0.17166456580162048,0.0744428038597107,0.5412196516990662,0.13922639191150665,0.37387681007385254,0.1844828873872757,0.418466180562973,0.7235226631164551,0.6487430930137634,0.3196481764316559,0.24530629813671112,0.20154614746570587,0.07845143973827362,0.015054079703986645,0.07493270933628082,0.027314726263284683,0.05921713635325432,0.05000040680170059,0.1724236011505127,0.16924752295017242,0.23131833970546722,0.4256138503551483,0.30046603083610535,0.10810558497905731,0.253079891204834,0.15564818680286407,0.10912535339593887,0.03838716447353363,0.15500588715076447,0.3330814242362976,0.22784581780433655,0.3654257357120514,0.22179725766181946,0.3377121686935425,0.2749389708042145,0.0987347662448883,0.23790551722049713,0.25520721077919006,0.07685230672359467,0.07766448706388474
AB641,0.055555556,0.0,0.111111111,0.0,0.0,0.0,0.111111111,0.0,0.0,0.0,0.055555556,0.111111111,0.5,0.555555556,0.0,0.0,0.0,0.0,0.277777778,0.166666667,0.166666667,0.0,0.222222222,0.833333333,0.111111111,0.0,1.277777778,0.611111111,1.0,0.111111111,0.166666667,0.611111111,0.722222222,0.055555556,0.388888889,0.0,0.0,0.555555556,0.0,1.333333333,0.0,0.0,0.111111111,0.0,0.0,0.166666667,0.0,0.0,0.0,0.0,0.0,0.34019970893859863,0.1690063327550888,0.23596878349781036,0.07385138422250748,0.18703122437000275,0.053339410573244095,0.06887516379356384,0.11391136050224304,0.17502984404563904,0.06549818813800812,0.026614416390657425,0.07182531803846359,0.030027886852622032,0.45254582166671753,0.08174686878919601,0.05170338600873947,0.11821908503770828,0.06501369178295135,0.11480958014726639,0.345723956823349,0.3179512917995453,0.19908447563648224,0.2584061622619629,0.642994225025177,0.1432083398103714,0.2678776979446411,0.40482059121131897,0.27446448802948,1.0494410991668701,0.2976098358631134,0.25619179010391235,0.28640925884246826,0.5691912174224854,0.200959250330925,0.10355125367641449,0.3849897086620331,0.14899693429470062,0.30725499987602234,0.05697513744235039,0.5134404897689819,0.04084407910704613,0.17072078585624695,0.17676463723182678,0.23480641841888428,0.14306923747062683,0.182649627327919,0.13879752159118652,0.1277051866054535,0.09354579448699951,0.06648589670658112,0.030704762786626816
AB988,0.0,0.444444444,0.0,0.0,0.0,0.0,0.0,0.0,0.0,0.0,0.0,0.0,0.0,0.0,0.0,0.0,0.0,0.166666667,0.0,0.722222222,0.166666667,0.444444444,0.0,0.166666667,0.0,0.0,0.0,0.0,0.222222222,0.277777778,0.611111111,0.333333333,3.944444444,0.0,0.0,0.0,0.0,0.0,0.0,0.0,0.0,0.0,0.0,0.0,0.055555556,0.277777778,0.0,0.0,0.0,0.0,0.111111111,0.34599876403808594,0.28396573662757874,0.29309070110321045,0.28426122665405273,0.17265498638153076,0.14454634487628937,0.35302481055259705,0.255328893661499,0.5137151479721069,0.24503208696842194,0.1835290491580963,0.2800222933292389,0.09569527953863144,0.8307782411575317,0.25166213512420654,0.24116992950439453,0.2346508800983429,0.9251026511192322,0.392378032207489,0.44824206829071045,0.4903624951839447,0.5183901190757751,0.20147190988063812,0.17824585735797882,0.0869477167725563,0.1990630030632019,0.27211254835128784,0.13526658713817596,0.3172712028026581,0.43450313806533813,0.3791043758392334,0.2658381760120392,2.090628147125244,0.1630796641111374,0.10478232800960541,0.31998321413993835,0.15771430730819702,0.11443285644054413,0.04885106533765793,0.3277128040790558,0.12970641255378723,0.10260797291994095,0.10313668102025986,0.2108449637889862,0.22423847019672394,0.18514323234558105,0.0924844965338707,0.18512780964374542,0.15163014829158783,0.07646575570106506,0.15018485486507416
AC445,0.285714286,0.0,0.464285714,0.0,0.214285714,0.0,0.178571429,0.071428571,0.178571429,0.0,0.0,0.0,0.0,0.321428571,0.428571429,0.142857143,0.178571429,0.142857143,0.285714286,1.142857143,1.285714286,0.214285714,0.464285714,0.178571429,0.0,0.107142857,0.357142857,0.107142857,0.321428571,0.107142857,0.178571429,0.178571429,0.214285714,0.178571429,0.107142857,0.25,0.0,0.0,0.035714286,0.178571429,0.0,0.0,0.178571429,0.178571429,0.0,0.035714286,0.0,0.0,0.071428571,0.071428571,0.0,0.377896249294281,0.13686227798461914,0.2928958833217621,0.08233632147312164,0.24843354523181915,0.10177140682935715,0.206195667386055,0.1777973175048828,0.5027524828910828,0.14242267608642578,0.09369497746229172,0.12927015125751495,0.05457239970564842,0.5467405319213867,0.2298613339662552,0.1622176617383957,0.23011872172355652,0.2579212188720703,0.16140279173851013,0.2657771706581116,0.5049232244491577,0.12325505167245865,0.32083842158317566,0.13333354890346527,0.060974013060331345,0.11858443170785904,0.061910465359687805,0.08503536880016327,0.11473824083805084,0.20600533485412598,0.21892984211444855,0.11355946958065033,0.25895965099334717,0.3234476149082184,0.08987830579280853,0.42127078771591187,0.15765513479709625,0.05949001386761665,0.037941522896289825,0.1329265683889389,0.09677595645189285,0.16127297282218933,0.12865039706230164,0.2465319186449051,0.10563911497592926,0.16171234846115112,0.15532401204109192,0.1480141133069992,0.18792220950126648,0.13676072657108307,0.09315189719200134
AC557,0.037037037,0.0,0.0,0.296296296,0.0,0.0,0.111111111,0.148148148,0.666666667,0.185185185,0.185185185,0.222222222,0.0,0.703703704,0.0,0.0,0.0,0.0,0.111111111,0.148148148,0.111111111,0.074074074,0.111111111,0.037037037,0.148148148,0.148148148,0.0,0.074074074,0.333333333,0.518518519,0.333333333,0.148148148,0.0,0.037037037,0.0,0.62962963,0.555555556,0.148148148,0.37037037,0.481481481,0.185185185,0.62962963,0.592592593,0.37037037,0.296296296,0.148148148,0.0,0.777777778,0.148148148,0.074074074,0.0,0.3247043490409851,0.8307823538780212,0.5083564519882202,0.22683918476104736,0.3648243844509125,0.12507697939872742,0.29922521114349365,0.20582477748394012,0.5814615488052368,0.10841481387615204,0.10369576513767242,0.19876408576965332,0.06136947497725487,0.6653622984886169,0.1709495186805725,0.14333438873291016,0.2274024933576584,0.13950273394584656,0.06262712180614471,0.6439089179039001,1.2730128765106201,0.10201778262853622,0.5766907334327698,0.23397913575172424,0.057520683854818344,0.21632039546966553,0.20918729901313782,0.1662023812532425,0.22287136316299438,0.25955116748809814,0.29036906361579895,0.08951936662197113,0.12810151278972626,0.1845308393239975,0.08313455432653427,0.5377308130264282,0.1533605307340622,0.05431841313838959,0.06164688616991043,0.1905670464038849,0.20055370032787323,0.2352585345506668,0.1572474241256714,0.23133587837219238,0.17237861454486847,0.24326224625110626,0.06895487755537033,0.27538853883743286,0.2541273236274719,0.17652401328086853,0.07131986320018768
AC676,0.0,0.0,0.178571429,0.071428571,0.142857143,0.0,0.071428571,0.214285714,0.107142857,0.0,0.0,0.0,0.0,1.107142857,0.535714286,0.607142857,0.714285714,1.357142857,1.214285714,0.607142857,0.0,0.214285714,0.035714286,0.178571429,0.035714286,0.0,0.035714286,0.0,0.0,0.0,0.0,0.178571429,0.0,0.107142857,0.0,0.428571429,0.285714286,0.0,0.0,0.035714286,0.392857143,0.535714286,0.142857143,0.857142857,0.107142857,0.142857143,0.107142857,0.285714286,0.142857143,0.535714286,0.0,0.29517465829849243,0.10506286472082138,0.3832317590713501,0.5760299563407898,0.33258306980133057,0.17810460925102234,0.2594640254974365,0.45260387659072876,0.16485019028186798,0.1254556030035019,0.044706158339977264,0.1080215647816658,0.03336332365870476,1.036874532699585,0.43119528889656067,0.5851966142654419,0.3716595470905304,1.0003039836883545,0.5959986448287964,0.457872211933136,0.23315905034542084,0.29588401317596436,0.2152673602104187,0.31667056679725647,0.029893184080719948,0.11190109699964523,0.06431759893894196,0.06273495405912399,0.08016765117645264,0.19863823056221008,0.16429680585861206,0.12287070602178574,0.3157671391963959,0.34147506952285767,0.11789824068546295,0.39930665493011475,0.1646580845117569,0.10605234652757645,0.03537570685148239,0.18707308173179626,0.2076633721590042,0.31214645504951477,0.07720218598842621,0.21922215819358826,0.4128347337245941,0.2530190944671631,0.18485184013843536,0.3838807940483093,0.20718447864055634,0.3525637686252594,0.08288051933050156
AD015,0.0,0.0,0.214285714,0.142857143,0.214285714,0.0,0.214285714,0.571428571,0.928571429,0.071428571,0.357142857,0.285714286,0.142857143,1.642857143,0.142857143,0.428571429,0.285714286,0.642857143,0.0,0.0,0.0,0.0,0.0,0.0,0.0,0.0,0.071428571,0.142857143,0.142857143,0.142857143,0.0,0.0,0.0,0.0,0.0,0.285714286,0.142857143,0.0,0.0,0.0,0.0,0.285714286,0.214285714,0.0,0.285714286,0.0,0.0,0.285714286,0.0,0.142857143,0.0,0.3992934823036194,0.16182662546634674,0.4011519253253937,0.4079040586948395,0.3630210757255554,0.1962093561887741,0.20015299320220947,0.2826758027076721,0.4454498589038849,0.19748109579086304,0.2526695132255554,0.252450168132782,0.13932782411575317,0.8937079906463623,0.22695507109165192,0.34642526507377625,0.2897225320339203,0.6675733923912048,0.18290641903877258,0.25926831364631653,0.20815114676952362,0.37542563676834106,0.20360571146011353,0.10117656737565994,0.12412895262241364,0.26102355122566223,0.0916483998298645,0.09835005551576614,0.16764317452907562,0.21319580078125,0.19456984102725983,0.16867519915103912,0.10592908412218094,0.17414338886737823,0.07858511060476303,0.36270958185195923,0.16145539283752441,0.16139918565750122,0.042400628328323364,0.14888764917850494,0.13464705646038055,0.520675778388977,0.05832979828119278,0.32622626423835754,0.284086138010025,0.17372669279575348,0.20635607838630676,0.24927356839179993,0.18929283320903778,0.22798484563827515,0.20264102518558502
AD085,0.333333333,0.0,0.333333333,0.0,0.6,0.0,0.0,0.0,0.0,0.0,0.0,0.0,0.0,0.866666667,0.4,0.333333333,0.866666667,0.733333333,0.666666667,0.0,0.0,0.2,0.0,0.0,0.0,0.4,0.0,0.0,0.0,0.0,0.066666667,0.2,0.0,0.0,0.0,0.8,0.133333333,0.0,0.0,0.0,1.066666667,0.333333333,0.0,0.533333333,0.2,0.066666667,0.266666667,0.0,0.266666667,0.533333333,0.133333333,0.5073028802871704,0.19720937311649323,0.7165859937667847,0.4534415602684021,0.9283432960510254,0.34603390097618103,0.4890156090259552,0.5192200541496277,0.2118968516588211,0.10778739303350449,0.06758502870798111,0.10955002903938293,0.023076023906469345,0.9303397536277771,0.34806525707244873,0.3923833966255188,0.32969653606414795,0.4989512860774994,0.13651125133037567,0.5433003902435303,0.5276579856872559,0.2487148940563202,0.31829211115837097,0.11406626552343369,0.025673845782876015,0.15337854623794556,0.0419890359044075,0.040898144245147705,0.053097814321517944,0.14395613968372345,0.1646329164505005,0.16826575994491577,0.2692892253398895,0.3420878052711487,0.09105811268091202,0.7327700853347778,0.15487277507781982,0.03411925956606865,0.03770335018634796,0.1558598279953003,0.6253270506858826,0.3919518291950226,0.08847959339618683,0.35895371437072754,0.4743345081806183,0.2592235803604126,0.14798536896705627,0.20093116164207458,0.40340492129325867,0.3568926751613617,0.1373816728591919
AD132,0.666666667,0.466666667,1.133333333,3.533333333,0.0,0.266666667,0.2,0.133333333,0.0,0.2,0.0,0.0,0.133333333,0.666666667,0.333333333,0.133333333,0.0,0.0,0.0,0.0,0.0,0.0,0.2,0.0,0.0,0.0,0.0,0.0,0.0,0.0,0.2,0.0,0.0,0.133333333,0.0,0.0,0.0,0.0,0.0,0.0,0.0,0.0,0.0,0.333333333,1.266666667,0.0,0.0,0.0,0.0,0.0,0.0,0.5030045509338379,0.3592768609523773,0.5018481016159058,2.1594414710998535,0.3153613209724426,0.21316981315612793,0.23387490212917328,0.18226779997348785,0.344573050737381,0.10912501066923141,0.14916612207889557,0.11031802743673325,0.014582772739231586,0.7607761025428772,0.07284878939390182,0.14456643164157867,0.16738443076610565,0.1275090128183365,0.02961571514606476,0.16162626445293427,0.2202708125114441,0.08994890004396439,0.1528698205947876,0.03572780266404152,0.007057886105030775,0.005449535790830851,0.05062984675168991,0.03588825836777687,0.023075055330991745,0.05114733427762985,0.14809809625148773,0.06926136463880539,0.023163067176938057,0.12265236675739288,0.07413733750581741,0.23324736952781677,0.149152010679245,0.03488672524690628,0.03545384109020233,0.09451135247945786,0.04771841689944267,0.12619806826114655,0.026223650202155113,0.12758272886276245,0.8016175627708435,0.14961645007133484,0.10649900883436203,0.19908687472343445,0.10047505050897598,0.150544211268425,0.07553815841674805
AD427,1.133333333,0.6,0.666666667,0.466666667,0.666666667,0.866666667,0.266666667,0.333333333,0.066666667,0.133333333,0.0,0.133333333,0.0,0.466666667,0.0,0.0,0.0,0.0,0.133333333,0.066666667,0.0,0.0,0.0,0.0,0.0,0.066666667,0.0,0.0,0.0,0.0,0.0,0.0,0.0,0.0,0.0,0.533333333,0.0,0.0,0.0,0.0,0.133333333,0.2,0.0,0.2,0.0,0.0,0.0,0.0,0.666666667,0.133333333,0.0,0.6123244166374207,0.1827760636806488,0.4669654667377472,0.23692727088928223,0.47400665283203125,0.1863345503807068,0.1973874717950821,0.273564875125885,0.3385050594806671,0.16682137548923492,0.21722742915153503,0.2354181557893753,0.10124707221984863,0.5900653004646301,0.16279682517051697,0.1413240283727646,0.22822995483875275,0.65594482421875,0.21127420663833618,0.27082017064094543,0.4727538228034973,0.40104007720947266,0.17637225985527039,0.11852619796991348,0.07385925203561783,0.09915614873170853,0.07429549098014832,0.07883614301681519,0.10875160992145538,0.26816990971565247,0.2315327674150467,0.17637845873832703,0.4916480779647827,0.3955722749233246,0.12834694981575012,0.44567397236824036,0.1617608368396759,0.06531960517168045,0.040264979004859924,0.1847624033689499,0.10370286554098129,0.2605900764465332,0.09233053773641586,0.16972793638706207,0.22646574676036835,0.15731197595596313,0.09492899477481842,0.2107962816953659,0.23419977724552155,0.18428625166416168,0.09508247673511505
AD781,0.0,0.0,0.142857143,0.0,0.0,0.0,0.357142857,0.642857143,0.142857143,0.0,0.214285714,0.0,0.0,1.357142857,0.285714286,0.0,0.142857143,0.428571429,1.428571429,0.714285714,0.5,0.071428571,0.428571429,0.0,0.142857143,0.0,0.0,0.0,0.0,0.142857143,0.142857143,0.357142857,0.642857143,0.0,0.0,0.0,0.285714286,0.357142857,0.0,0.142857143,0.214285714,0.142857143,0.285714286,0.0,0.0,0.0,0.071428571,0.0,0.0,0.285714286,0.0,0.1475500762462616,0.053233224898576736,0.30591583251953125,0.12857112288475037,0.22240714728832245,0.12043754756450653,0.210047647356987,0.22265507280826569,0.09137964993715286,0.08753102272748947,0.007163055706769228,0.0478682741522789,0.016287267208099365,0.38896259665489197,0.22805984318256378,0.14759962260723114,0.1852969527244568,0.5453558564186096,0.7003800272941589,0.923678457736969,0.37069231271743774,0.29500406980514526,0.3007661700248718,0.10587882250547409,0.07695305347442627,0.129275381565094,0.02933555282652378,0.14045658707618713,0.049410052597522736,0.14618104696273804,0.18176527321338654,0.2648785412311554,0.26975733041763306,0.3391565680503845,0.11046184599399567,0.34362953901290894,0.15881691873073578,0.09770786017179489,0.034006182104349136,0.14410588145256042,0.5403804183006287,0.20574547350406647,0.563420295715332,0.20362325012683868,0.1404465287923813,0.17322613298892975,0.046108003705739975,0.14094208180904388,0.23979425430297852,0.052194222807884216,0.06429843604564667
AD862,0.0,0.0,0.142857143,0.071428571,0.0,0.0,0.0,0.214285714,0.214285714,0.0,0.0,0.0,0.0,0.857142857,0.0,0.214285714,0.428571429,0.857142857,0.214285714,0.285714286,0.285714286,0.571428571,0.0,0.0,0.0,0.0,0.0,0.0,0.071428571,0.428571429,0.285714286,0.0,3.357142857,0.142857143,0.0,0.0,0.0,0.0,0.0,0.428571429,0.214285714,0.0,0.0,0.142857143,0.214285714,0.0,0.0,0.0,0.0,0.0,0.142857143,0.2007010579109192,0.23761069774627686,0.34525755047798157,0.13158778846263885,0.14952097833156586,0.17381411790847778,0.16303831338882446,0.17551255226135254,0.14204154908657074,0.07972459495067596,0.06062396988272667,0.08998139202594757,0.02081373892724514,0.5093910098075867,0.2234402894973755,0.1480371057987213,0.16962800920009613,0.27063971757888794,0.12659135460853577,0.5290647149085999,0.28381583094596863,0.4456652104854584,0.16712653636932373,0.14644812047481537,0.06688788533210754,0.0870879665017128,0.12069465219974518,0.10137084126472473,0.17659920454025269,0.31764042377471924,0.2676905691623688,0.28977930545806885,2.6158957481384277,0.10521183907985687,0.07748950272798538,0.26706740260124207,0.15568532049655914,0.0390709824860096,0.04260476306080818,0.1480792909860611,0.1750594824552536,0.098081074655056,0.061675794422626495,0.17833265662193298,0.15875722467899323,0.17960181832313538,0.05818076804280281,0.1792566031217575,0.14981555938720703,0.06106202304363251,0.06289380043745041
AD994,1.0,0.5625,1.0625,0.0,0.0,0.1875,0.0,0.0,0.0,0.0,0.0,0.0,0.0,0.125,0.0,0.0,0.0,0.6875,0.5,1.375,1.0,0.875,0.0625,0.25,0.0,0.0,0.0,0.0,0.0625,0.75,0.8125,0.1875,1.0625,0.875,0.125,0.0,0.3125,0.0625,0.0,0.125,0.25,0.0,0.4375,0.0,0.0,0.5625,0.0,0.0,0.0625,0.0,0.0,0.401233971118927,0.09268669039011002,0.3760274350643158,0.05395185947418213,0.22752000391483307,0.13114123046398163,0.1334240436553955,0.13727523386478424,0.06437332928180695,0.09527161717414856,0.01204636599868536,0.06337177008390427,0.009328936226665974,0.2647695541381836,0.09903984516859055,0.08210042119026184,0.17534737288951874,0.4510345160961151,0.7691394686698914,0.8002902865409851,0.7152571082115173,0.30765244364738464,0.4250043034553528,0.07656378298997879,0.00970659963786602,0.11318426579236984,0.03086502104997635,0.05583151429891586,0.0450575016438961,0.21449542045593262,0.2502773404121399,0.23805171251296997,0.47770923376083374,0.38768598437309265,0.11926263570785522,0.3136686086654663,0.15922853350639343,0.09164195507764816,0.034687578678131104,0.1623222380876541,0.32595008611679077,0.2150634527206421,0.4130498468875885,0.1975516378879547,0.1225447803735733,0.22990240156650543,0.10000307857990265,0.1159910038113594,0.2147388756275177,0.09789242595434189,0.07084544003009796
AE042,0.357142857,0.107142857,0.25,0.0,0.25,0.107142857,0.0,0.357142857,0.107142857,0.0,0.321428571,0.107142857,0.0,0.571428571,0.0,0.0,0.0,0.178571429,0.25,0.142857143,0.178571429,0.0,0.107142857,0.107142857,0.0,0.0,0.0,0.0,0.0,0.0,0.321428571,0.464285714,0.214285714,0.785714286,0.178571429,0.964285714,0.714285714,0.214285714,0.214285714,0.392857143,1.357142857,0.392857143,0.571428571,0.178571429,0.107142857,0.178571429,0.535714286,0.285714286,0.464285714,0.107142857,0.357142857,0.31938591599464417,0.060610052198171616,0.34590640664100647,0.7183472514152527,0.36438512802124023,0.16381791234016418,0.17971478402614594,0.14136691391468048,0.11507635563611984,0.12184138596057892,0.03481246903538704,0.08374523371458054,0.01441263034939766,0.26940807700157166,0.1090390533208847,0.139663964509964,0.17492198944091797,0.33754274249076843,0.29856035113334656,0.5910567045211792,0.5737019777297974,0.1481170803308487,0.2831903398036957,0.1391293704509735,0.03504978492856026,0.0574888177216053,0.050139062106609344,0.09358131140470505,0.07110130041837692,0.23883536458015442,0.18011003732681274,0.24768021702766418,0.18494533002376556,0.4708977937698364,0.10027744621038437,0.7145333290100098,0.17377978563308716,0.1322275698184967,0.05119061842560768,0.2117251604795456,0.6768310070037842,0.3118581175804138,0.39331352710723877,0.3270726501941681,0.3243866562843323,0.31577154994010925,0.1695423275232315,0.30196887254714966,0.44554078578948975,0.1747276484966278,0.17928911745548248
AE666,0.178571429,0.0,0.642857143,0.107142857,0.5,0.642857143,0.035714286,0.214285714,0.0,0.0,0.0,0.0,0.0,0.0,0.0,0.0,0.0,0.714285714,0.178571429,0.035714286,0.0,0.0,0.0,0.0,0.0,0.0,0.0,0.0,0.0,0.071428571,0.178571429,0.035714286,0.0,0.285714286,0.0,0.535714286,0.142857143,0.0,0.0,0.0,1.25,0.642857143,0.0,0.071428571,0.857142857,0.464285714,0.392857143,1.714285714,0.785714286,0.0,0.285714286,0.34173882007598877,0.10593973100185394,0.7263056039810181,0.24204984307289124,0.45436224341392517,0.2198987603187561,0.2899002134799957,0.3111998438835144,0.14882998168468475,0.1387871950864792,0.040253881365060806,0.04222739487886429,0.006922207307070494,0.5618301630020142,0.256929486989975,0.18108686804771423,0.1995837241411209,0.2564236521720886,0.051036953926086426,0.18236640095710754,0.23213915526866913,0.03826379030942917,0.15530277788639069,0.07476687431335449,0.030263973399996758,0.08895140886306763,0.14906448125839233,0.06522998213768005,0.07515348494052887,0.0979778990149498,0.11272767186164856,0.0736391544342041,0.026772672310471535,0.19439421594142914,0.07312297075986862,0.5178015232086182,0.15861876308918,0.03848278149962425,0.08729271590709686,0.3982633948326111,0.31742149591445923,0.3805188834667206,0.07609096169471741,0.365693062543869,0.3760492503643036,0.523990273475647,0.1547544300556183,2.399927854537964,0.38420435786247253,0.2153557538986206,0.18882980942726135
AE913,0.214285714,0.0,0.285714286,0.214285714,0.285714286,0.321428571,0.071428571,0.107142857,0.0,0.0,0.0,0.0,0.0,0.214285714,0.178571429,0.0,0.0,0.0,0.0,0.714285714,0.714285714,0.0,0.5,0.035714286,0.071428571,0.0,0.0,0.392857143,0.0,0.142857143,0.0,0.0,0.035714286,0.642857143,0.0,0.107142857,0.357142857,0.107142857,0.0,0.0,0.392857143,0.142857143,0.035714286,1.178571429,1.392857143,0.571428571,0.571428571,0.857142857,0.142857143,0.0,0.142857143,0.43150386214256287,0.15313395857810974,0.520206868648529,0.2695062458515167,0.35732969641685486,0.24579767882823944,0.2359151989221573,0.1441381573677063,0.22101013362407684,0.079172283411026,0.04488419368863106,0.07651888579130173,0.054996076971292496,0.5481120944023132,0.10355117172002792,0.1450807750225067,0.15496686100959778,0.06103462353348732,0.06004490330815315,0.9535061717033386,0.5673361420631409,0.055271297693252563,0.4582620859146118,0.08076922595500946,0.05472950264811516,0.15038560330867767,0.08537640422582626,0.19617436826229095,0.06266391277313232,0.19259583950042725,0.12839306890964508,0.10191768407821655,0.052730876952409744,0.4412738084793091,0.08022119849920273,0.5142439603805542,0.18117877840995789,0.05525033921003342,0.03547220677137375,0.14381201565265656,0.16929790377616882,0.1943315863609314,0.07939975708723068,0.6131390929222107,0.518412172794342,0.461557000875473,0.4093678593635559,0.8099746704101562,0.1345783770084381,0.17540015280246735,0.13540896773338318
AG158,0.266666667,0.066666667,0.3,0.1,0.133333333,0.0,0.066666667,0.033333333,0.166666667,0.0,0.033333333,0.0,0.0,0.533333333,0.166666667,0.366666667,0.0,0.2,0.0,0.133333333,0.533333333,0.0,0.433333333,0.066666667,0.0,0.0,0.2,0.5,0.3,0.0,0.033333333,0.166666667,0.0,0.066666667,0.0,0.2,0.0,0.0,0.033333333,0.1,0.0,0.0,0.0,0.0,0.0,0.0,0.0,0.2,0.0,0.0,0.0,0.3812488913536072,0.09854444861412048,0.3284674882888794,0.850087583065033,0.2900194525718689,0.11210691183805466,0.23275473713874817,0.21525630354881287,0.2510370910167694,0.089629627764225,0.09568396955728531,0.1135954037308693,0.05216125771403313,0.7250617742538452,0.1752050220966339,0.19582118093967438,0.16587820649147034,0.06524001806974411,0.0430871844291687,0.18572953343391418,0.34618401527404785,0.06511243432760239,0.1846376359462738,0.13679847121238708,0.05023927241563797,0.10445640981197357,0.25550174713134766,0.39788562059402466,0.4883211553096771,0.17903578281402588,0.1759917140007019,0.20399367809295654,0.07659580558538437,0.208287313580513,0.09989311546087265,0.563450813293457,0.15367648005485535,0.12311995029449463,0.04612896218895912,0.28606531023979187,0.12985017895698547,0.1509520709514618,0.08986132591962814,0.38665997982025146,0.3401448130607605,0.15956620872020721,0.06952733546495438,0.3877519965171814,0.1999835968017578,0.10345914214849472,0.04648713394999504
AG333,0.4,0.0,0.266666667,0.066666667,0.6,0.033333333,0.066666667,0.0,0.033333333,0.033333333,0.0,0.0,0.0,0.933333333,0.533333333,0.433333333,0.0,0.366666667,0.0,0.566666667,0.966666667,0.133333333,0.933333333,0.0,0.166666667,0.0,0.333333333,0.0,0.066666667,0.0,0.033333333,0.033333333,0.0,0.066666667,0.0,0.266666667,0.3,0.0,0.0,0.033333333,0.0,0.133333333,0.0,0.0,0.1,0.1,0.0,0.4,0.0,0.033333333,0.066666667,0.39709335565567017,0.12381335347890854,0.31083378195762634,0.196859210729599,0.34168824553489685,0.10354655236005783,0.16211099922657013,0.14048771560192108,0.27680814266204834,0.09038851410150528,0.09391739219427109,0.15488427877426147,0.02665051259100437,0.6514657139778137,0.3204779624938965,0.22447367012500763,0.25864672660827637,0.20542797446250916,0.13989046216011047,0.5109316110610962,0.7640450596809387,0.11401095986366272,0.3762701451778412,0.08123421669006348,0.07702964544296265,0.12974345684051514,0.25009897351264954,0.21463137865066528,0.15825004875659943,0.2411288619041443,0.17170962691307068,0.10004547238349915,0.04054341837763786,0.2948971390724182,0.1162337064743042,0.4694069027900696,0.1659579575061798,0.09577230364084244,0.07284651696681976,0.2731449007987976,0.11156103014945984,0.16332300007343292,0.08419495820999146,0.2519785761833191,0.2770499289035797,0.29853716492652893,0.07256513833999634,0.4797631800174713,0.26399844884872437,0.05045734718441963,0.06837455928325653
AG869,0.5,0.0,0.333333333,0.1,0.3,0.1,0.066666667,0.033333333,0.566666667,0.0,0.0,0.233333333,0.0,0.566666667,0.433333333,0.1,0.0,0.3,0.033333333,0.833333333,1.133333333,0.5,1.166666667,0.1,0.0,0.2,0.0,0.2,0.0,0.033333333,0.3,0.066666667,0.133333333,0.066666667,0.0,0.666666667,0.3,0.0,0.0,0.066666667,0.066666667,0.066666667,0.1,0.066666667,0.3,0.033333333,0.0,0.233333333,0.166666667,0.0,0.0,0.3493956923484802,0.16364192962646484,0.2867070138454437,0.2382320612668991,0.3000091314315796,0.10227715224027634,0.15728619694709778,0.1912521868944168,0.3765515089035034,0.0829380601644516,0.12313895672559738,0.16762185096740723,0.03858420252799988,0.7037938237190247,0.32827797532081604,0.3232916593551636,0.2480296641588211,0.2992572784423828,0.23905208706855774,0.7166421413421631,0.8976344466209412,0.09920952469110489,0.8788242936134338,0.10734383016824722,0.03860953822731972,0.08125200122594833,0.23548737168312073,0.11699442565441132,0.14522898197174072,0.20028209686279297,0.13927710056304932,0.09161815792322159,0.06774719804525375,0.32108885049819946,0.12634316086769104,0.5042546987533569,0.1693335920572281,0.05869527533650398,0.03422718495130539,0.10776468366384506,0.15988680720329285,0.15522441267967224,0.08933709561824799,0.39181968569755554,0.2525365650653839,0.1598593294620514,0.08861283212900162,0.4052138328552246,0.20743565261363983,0.09983952343463898,0.09745670855045319
AG945,0.6,0.266666667,0.366666667,0.0,0.166666667,0.1,0.766666667,0.133333333,0.6,0.0,0.466666667,0.0,0.433333333,0.5,0.1,0.0,0.066666667,0.0,0.0,0.266666667,0.0,0.066666667,0.0,0.033333333,0.0,0.0,0.1,0.0,0.0,0.066666667,0.066666667,0.5,1.233333333,0.0,0.133333333,0.8,0.9,0.2,0.133333333,0.333333333,0.133333333,0.0,0.1,0.0,0.066666667,0.833333333,0.0,0.266666667,0.0,0.1,0.3,0.42076408863067627,0.6457428336143494,0.5944858193397522,0.9628440737724304,0.34532874822616577,0.18055813014507294,0.5475472807884216,0.2796669900417328,0.8260582685470581,0.17023812234401703,0.3452678620815277,0.449256956577301,0.1355837881565094,1.088498592376709,0.26312461495399475,0.2914217412471771,0.29100728034973145,0.08410734683275223,0.04942232370376587,0.14824172854423523,0.1624414026737213,0.06943319737911224,0.12541775405406952,0.12047271430492401,0.04105700924992561,0.27573591470718384,0.12276308238506317,0.10991346836090088,0.30480706691741943,0.23972542583942413,0.3095088005065918,0.1433064490556717,0.29643794894218445,0.16740374267101288,0.07538671046495438,0.571113646030426,0.15623356401920319,0.08715734630823135,0.05017433688044548,0.2549060881137848,0.1732988953590393,0.17197473347187042,0.1023501455783844,0.2485191971063614,0.4651905298233032,0.5004313588142395,0.15065941214561462,0.2333919107913971,0.19862470030784607,0.1708780974149704,0.13672798871994019
AH199,0.8,2.733333333,0.366666667,0.066666667,0.466666667,0.1,0.266666667,0.3,0.4,0.133333333,0.1,0.0,0.0,0.633333333,0.0,0.0,0.0,0.0,0.0,0.1,0.366666667,0.0,0.233333333,0.0,0.0,0.4,0.1,0.033333333,0.533333333,0.233333333,0.1,0.066666667,0.0,0.2,0.133333333,0.566666667,0.0,0.0,0.0,0.0,0.1,0.166666667,0.066666667,0.0,0.133333333,0.1,0.0,0.0,0.066666667,0.166666667,0.1,0.6525031924247742,2.709676742553711,0.4278492033481598,0.1912984549999237,0.30703145265579224,0.09708791226148605,0.4808265268802643,0.2640957832336426,0.5217692852020264,0.15611650049686432,0.19699262082576752,0.1298535168170929,0.09342674911022186,0.8515285849571228,0.14991497993469238,0.15464302897453308,0.1297355741262436,0.028450530022382736,0.0251010674983263,0.08113541454076767,0.1416129618883133,0.033271417021751404,0.15210306644439697,0.08721761405467987,0.05620532110333443,0.2749696969985962,0.2004534900188446,0.10156197100877762,0.4542340040206909,0.235669806599617,0.23017024993896484,0.1375453621149063,0.2521558105945587,0.10495183616876602,0.0744163990020752,0.3909350037574768,0.1528397500514984,0.056720130145549774,0.10272908955812454,0.49097514152526855,0.060467857867479324,0.09427503496408463,0.04150056093931198,0.2221508026123047,0.22166110575199127,0.2400418519973755,0.06420494616031647,0.03294192999601364,0.12713272869586945,0.2122904360294342,0.10554631799459457
AH541,0.166666667,0.2,0.266666667,0.0,0.0,0.0,0.6,0.166666667,1.7,0.1,1.366666667,1.366666667,0.266666667,1.066666667,0.0,0.3,0.0,0.0,0.0,0.066666667,0.1,0.0,0.066666667,0.066666667,0.1,0.1,0.2,0.233333333,0.666666667,0.2,0.566666667,0.033333333,0.0,0.0,0.1,0.266666667,0.1,0.0,0.033333333,0.033333333,0.0,0.0,0.0,0.2,0.033333333,0.133333333,0.0,0.166666667,0.066666667,0.066666667,0.1,0.4120011031627655,0.23591578006744385,0.39415058493614197,0.2285178303718567,0.29528412222862244,0.17374509572982788,0.5132079720497131,0.2804250419139862,1.162153959274292,0.29181674122810364,0.6194749474525452,0.49010396003723145,0.27075645327568054,1.0949846506118774,0.21474049985408783,0.3595375120639801,0.1514209657907486,0.12636826932430267,0.08424489945173264,0.14761799573898315,0.2021632045507431,0.22701358795166016,0.18937690556049347,0.08660239726305008,0.035862334072589874,0.2452288269996643,0.33720535039901733,0.16804622113704681,0.3569283187389374,0.3902493715286255,0.39897841215133667,0.22682400047779083,0.048462238162755966,0.12401159852743149,0.07324040681123734,0.5868628025054932,0.15582256019115448,0.10743489861488342,0.060765933245420456,0.28275367617607117,0.1535148322582245,0.11272536218166351,0.06095133349299431,0.33349987864494324,0.3031430244445801,0.17032134532928467,0.11107537150382996,0.29043257236480713,0.2079736739397049,0.10186952352523804,0.09891828894615173
AH771,0.133333333,0.166666667,0.4,0.066666667,0.2,0.0,0.766666667,0.3,1.533333333,0.133333333,1.8,0.6,0.233333333,1.0,0.0,0.3,0.0,0.0,0.0,0.033333333,0.1,0.0,0.0,0.0,0.0,0.133333333,0.066666667,0.0,0.533333333,0.066666667,0.5,0.066666667,0.033333333,0.1,0.0,0.166666667,0.0,0.0,0.0,0.066666667,0.066666667,0.0,0.033333333,0.2,0.033333333,0.133333333,0.0,0.066666667,0.0,0.033333333,0.0,0.4589657485485077,0.210338294506073,0.50746089220047,0.22346773743629456,0.3119224011898041,0.19499465823173523,0.46391069889068604,0.304863840341568,0.8484921455383301,0.24508188664913177,0.3977545499801636,0.3772388696670532,0.20050258934497833,1.1581621170043945,0.28194013237953186,0.4666113555431366,0.17073297500610352,0.2111443430185318,0.1808517575263977,0.19821397960186005,0.2934724986553192,0.2274753749370575,0.23994730412960052,0.1493065506219864,0.04676919803023338,0.42449498176574707,0.15746591985225677,0.1384108066558838,0.23099491000175476,0.38641536235809326,0.3566770851612091,0.21918557584285736,0.39003297686576843,0.36937427520751953,0.0794619768857956,0.5638015270233154,0.16640393435955048,0.07192149758338928,0.043261799961328506,0.2477463036775589,0.17202092707157135,0.15164664387702942,0.053835343569517136,0.2838031053543091,0.3081530034542084,0.34061193466186523,0.18037357926368713,0.41571182012557983,0.25486892461776733,0.15199655294418335,0.11607950180768967
AH866,0.3,0.0,0.333333333,0.166666667,0.3,0.2,0.0,0.1,0.333333333,0.0,0.066666667,0.066666667,0.066666667,0.766666667,0.3,0.466666667,0.133333333,0.0,0.0,0.133333333,0.4,0.0,0.233333333,0.0,0.233333333,0.1,0.766666667,0.166666667,0.466666667,0.3,0.0,0.066666667,0.0,0.0,0.233333333,0.4,0.233333333,0.0,0.0,0.0,0.0,0.066666667,0.0,0.0,0.0,0.0,0.0,0.1,0.033333333,0.0,0.066666667,0.38574039936065674,0.08682268857955933,0.33346453309059143,0.22015301883220673,0.23602737486362457,0.12433760613203049,0.2953353822231293,0.2052207738161087,0.49485763907432556,0.14096695184707642,0.13796499371528625,0.18921931087970734,0.07908287644386292,0.7693578004837036,0.2699428200721741,0.28361472487449646,0.13361090421676636,0.04606030508875847,0.0734303891658783,0.11118876188993454,0.07552787661552429,0.11388564854860306,0.15040792524814606,0.20909176766872406,0.04349474236369133,0.36701470613479614,0.3113557696342468,0.1869889497756958,0.7678783535957336,0.1819787621498108,0.30743545293807983,0.21740776300430298,0.01636759750545025,0.1470467448234558,0.08590050786733627,0.4507251977920532,0.15780414640903473,0.06299547106027603,0.1204267293214798,0.3750638961791992,0.0886203721165657,0.17055991291999817,0.08056790381669998,0.3462924361228943,0.3425264060497284,0.17229700088500977,0.08637163788080215,0.3731641173362732,0.12447022646665573,0.08879805356264114,0.11294282972812653
AH997,0.333333333,0.066666667,0.366666667,0.0,0.4,0.0,0.066666667,0.033333333,0.133333333,0.033333333,0.0,0.0,0.0,0.166666667,0.066666667,0.166666667,0.066666667,0.0,0.0,0.533333333,0.7,0.3,0.566666667,0.766666667,0.0,0.1,0.3,0.3,1.733333333,0.6,0.333333333,1.066666667,0.6,0.3,0.166666667,0.4,0.1,0.366666667,0.1,1.366666667,0.033333333,0.033333333,0.266666667,0.0,0.0,0.0,0.0,0.0,0.1,0.0,0.0,0.2589305639266968,0.06489893049001694,0.22637444734573364,0.08178627490997314,0.17539002001285553,0.031767185777425766,0.0826081782579422,0.10632433742284775,0.2666208744049072,0.0766659528017044,0.05173223465681076,0.12891435623168945,0.07216126471757889,0.5598804354667664,0.1365894377231598,0.11955820769071579,0.12157921493053436,0.034816108644008636,0.052311018109321594,0.2373848259449005,0.19851912558078766,0.3105873167514801,0.2838437557220459,0.6599622964859009,0.08180055022239685,0.32602524757385254,0.5803007483482361,0.3767797350883484,1.2393561601638794,0.35037967562675476,0.40955498814582825,0.3330695927143097,0.5971710085868835,0.20117811858654022,0.13381414115428925,0.621067225933075,0.15149399638175964,0.44812634587287903,0.15387873351573944,0.7135841846466064,0.09064987301826477,0.08370638638734818,0.1263902187347412,0.18327696621418,0.09842836856842041,0.14400435984134674,0.03396262973546982,0.16106677055358887,0.08824166655540466,0.03716890513896942,0.05469917133450508
AI098,0.206896552,0.0,0.275862069,0.0,0.068965517,0.068965517,0.24137931,0.172413793,1.344827586,0.068965517,0.137931034,0.620689655,0.103448276,0.827586207,0.103448276,0.172413793,0.206896552,0.103448276,0.137931034,0.0,0.24137931,0.0,0.275862069,0.0,0.034482759,0.0,0.344827586,0.275862069,0.827586207,0.344827586,0.206896552,0.068965517,0.0,0.413793103,0.137931034,0.344827586,0.0,0.0,0.068965517,0.068965517,0.172413793,0.068965517,0.206896552,0.103448276,0.0,0.137931034,0.068965517,0.034482759,0.0,0.068965517,0.172413793,0.3972104787826538,0.09014323353767395,0.5439271926879883,0.3655475974082947,0.2973633408546448,0.08870356529951096,0.4270625412464142,0.2010246217250824,0.7545124292373657,0.1409977823495865,0.4529476463794708,0.2750893533229828,0.06889663636684418,0.9209065437316895,0.27457666397094727,0.29248344898223877,0.2730369567871094,0.16972212493419647,0.1143929734826088,0.42118293046951294,0.39958253502845764,0.16854609549045563,0.33449044823646545,0.1407615691423416,0.06663117557764053,0.14200221002101898,0.31922706961631775,0.1367073655128479,0.3970731496810913,0.49035948514938354,0.410578191280365,0.174611434340477,0.3242144286632538,0.22451205551624298,0.08537458628416061,0.5365908145904541,0.15439490973949432,0.08721915632486343,0.06683298200368881,0.39079612493515015,0.19946721196174622,0.1755867302417755,0.13676699995994568,0.3125002980232239,0.22362403571605682,0.1930309683084488,0.11492172628641129,0.33653897047042847,0.2520671784877777,0.1359163522720337,0.12377313524484634
AI205,0.413793103,0.206896552,0.517241379,0.0,0.75862069,0.448275862,0.517241379,0.275862069,0.413793103,0.24137931,0.137931034,0.0,0.0,0.482758621,0.103448276,0.103448276,0.034482759,0.137931034,0.24137931,0.0,0.344827586,0.0,0.034482759,0.0,0.137931034,0.24137931,0.0,0.0,0.0,0.103448276,0.275862069,0.0,0.0,0.413793103,0.344827586,0.689655172,0.275862069,0.103448276,0.103448276,0.310344828,0.448275862,0.137931034,0.103448276,0.137931034,0.24137931,0.103448276,0.068965517,0.103448276,0.379310345,0.517241379,0.103448276,0.6024313569068909,0.31198981404304504,0.521612286567688,0.23179638385772705,0.42315900325775146,0.1807706505060196,0.36341196298599243,0.27086296677589417,0.6362308263778687,0.13057033717632294,0.23024696111679077,0.2787027657032013,0.07374105602502823,0.8268300294876099,0.15345880389213562,0.15216825902462006,0.20626209676265717,0.03632606193423271,0.046279601752758026,0.147242471575737,0.342208594083786,0.08766619861125946,0.2857751250267029,0.12638737261295319,0.06029834225773811,0.2574731707572937,0.0801641121506691,0.18359729647636414,0.27461308240890503,0.10590054094791412,0.20706896483898163,0.10322531312704086,0.09514468908309937,0.16303274035453796,0.07912839949131012,0.6427960991859436,0.15659601986408234,0.09643189609050751,0.04881586134433746,0.1768776923418045,0.1646326780319214,0.17656031250953674,0.11939188838005066,0.1711358278989792,0.2769724428653717,0.274556040763855,0.1788446307182312,0.30551877617836,0.24347858130931854,0.21975648403167725,0.10819132626056671
AJ018,0.5,0.0,0.466666667,0.0,0.4,0.066666667,0.433333333,0.1,0.1,0.0,0.0,0.0,0.0,0.5,0.133333333,0.033333333,0.166666667,0.066666667,0.2,0.0,0.0,0.0,0.0,0.3,0.0,1.1,0.0,0.1,0.2,0.433333333,0.0,0.033333333,0.1,0.4,0.2,1.266666667,0.033333333,0.066666667,0.0,0.133333333,0.533333333,0.233333333,0.0,0.1,0.033333333,0.133333333,0.0,0.033333333,0.333333333,0.0,0.233333333,0.6434645652770996,0.11853674799203873,0.5834360718727112,0.36802586913108826,0.5250551104545593,0.21415433287620544,0.29403752088546753,0.21331684291362762,0.761646568775177,0.21449606120586395,0.1360819786787033,0.23169541358947754,0.059337541460990906,1.0458811521530151,0.3683663308620453,0.24986867606639862,0.24224838614463806,0.37325581908226013,0.31400787830352783,0.412821888923645,0.6452276110649109,0.10278652608394623,0.3776448369026184,0.15691955387592316,0.05386728793382645,0.43756818771362305,0.05306219309568405,0.11315486580133438,0.10824056714773178,0.3790397644042969,0.20509186387062073,0.1263163536787033,0.18204692006111145,0.3669601380825043,0.10237111896276474,0.6010900735855103,0.18906743824481964,0.24757316708564758,0.041730474680662155,0.21527300775051117,0.3027592897415161,0.23413416743278503,0.12810799479484558,0.40245792269706726,0.2248133420944214,0.3170531690120697,0.21571369469165802,0.25403526425361633,0.32503849267959595,0.30673879384994507,0.1700117588043213
AJ108,0.310344828,0.0,0.344827586,0.0,0.103448276,0.0,0.517241379,0.310344828,2.24137931,0.103448276,0.551724138,1.103448276,0.206896552,1.517241379,0.310344828,0.379310345,0.482758621,0.0,0.103448276,0.0,0.068965517,0.0,0.068965517,0.0,0.0,0.103448276,0.0,0.0,0.0,0.275862069,0.482758621,0.0,0.0,0.068965517,0.0,0.275862069,0.034482759,0.0,0.0,0.068965517,0.172413793,0.103448276,0.0,0.275862069,0.310344828,0.068965517,0.068965517,0.344827586,0.103448276,0.034482759,0.103448276,0.6031832098960876,0.0855545848608017,0.4348582625389099,0.37620702385902405,0.4772188067436218,0.12833811342716217,0.371764212846756,0.1914035528898239,0.720061182975769,0.12283407896757126,0.16214172542095184,0.2768932282924652,0.07045306265354156,1.0698057413101196,0.3466619551181793,0.26041775941848755,0.3577139675617218,0.35909128189086914,0.4602498710155487,0.4696126878261566,0.6225101947784424,0.1230923980474472,0.35017314553260803,0.07566823810338974,0.025092100724577904,0.1399107426404953,0.07008474320173264,0.06443169713020325,0.09752915054559708,0.1948869824409485,0.27975180745124817,0.13687512278556824,0.24414408206939697,0.5073910355567932,0.09387978911399841,0.5733101963996887,0.1567794680595398,0.05249784514307976,0.04001428931951523,0.17880642414093018,0.2629275619983673,0.26145678758621216,0.07139536738395691,0.3155577480792999,0.21894188225269318,0.31527239084243774,0.14225773513317108,0.2635418474674225,0.21852973103523254,0.14018884301185608,0.148301899433136
AJ544,0.827586207,0.689655172,0.482758621,0.0,0.172413793,0.103448276,0.344827586,0.0,0.413793103,0.896551724,0.24137931,0.0,0.0,0.965517241,0.310344828,0.206896552,0.103448276,0.068965517,0.0,0.137931034,0.137931034,0.0,0.137931034,0.206896552,0.0,0.275862069,0.0,0.0,0.0,0.413793103,0.034482759,0.0,0.0,0.413793103,0.0,0.689655172,0.034482759,0.137931034,0.103448276,0.0,0.103448276,0.068965517,0.0,0.068965517,0.172413793,0.068965517,0.172413793,0.068965517,0.137931034,0.551724138,0.103448276,0.4484198987483978,0.05360691621899605,0.3575780391693115,0.14009954035282135,0.33810684084892273,0.12091386318206787,0.3277107775211334,0.21974220871925354,0.9504205584526062,0.15294606983661652,0.22543132305145264,0.24109907448291779,0.04253261163830757,1.498287320137024,0.4578022062778473,0.2854480445384979,0.2638326585292816,0.1938997507095337,0.0856495127081871,0.27876076102256775,0.430755615234375,0.13180747628211975,0.24217115342617035,0.07434287667274475,0.03133748471736908,0.1998274028301239,0.05498150363564491,0.07086191326379776,0.06789591163396835,0.2448316365480423,0.17782483994960785,0.06977791339159012,0.037139587104320526,0.11317998915910721,0.07171306759119034,0.5338172316551208,0.15252377092838287,0.03678755834698677,0.03580496460199356,0.10709021985530853,0.17048202455043793,0.10704709589481354,0.04535134509205818,0.18071910738945007,0.17601904273033142,0.29340848326683044,0.07510533928871155,0.23846830427646637,0.13470128178596497,0.14444471895694733,0.11578775942325592
AJ915,0.2,0.0,0.433333333,0.133333333,0.266666667,0.0,0.233333333,0.033333333,0.2,0.0,0.0,0.0,0.0,0.266666667,0.3,0.066666667,0.2,0.1,0.0,0.7,0.666666667,0.533333333,0.1,0.166666667,0.0,0.0,0.066666667,0.0,0.8,0.6,0.833333333,0.6,0.266666667,0.266666667,0.2,1.066666667,0.266666667,0.366666667,0.066666667,1.366666667,0.2,0.0,0.3,0.033333333,0.166666667,0.4,0.0,0.133333333,0.233333333,0.066666667,0.1,0.19048137962818146,0.04423324763774872,0.27487561106681824,0.07609454542398453,0.2314014434814453,0.06990844011306763,0.1409793645143509,0.16658207774162292,0.15668563544750214,0.0639105811715126,0.0039993152022361755,0.044283416122198105,0.011258766986429691,0.6345122456550598,0.15672729909420013,0.12033794820308685,0.1828463077545166,0.08818662911653519,0.055793531239032745,0.2806376814842224,0.5683468580245972,0.2776554822921753,0.239241823554039,0.27472439408302307,0.03020673803985119,0.12092200666666031,0.15361906588077545,0.09294910728931427,0.29038769006729126,0.16110099852085114,0.20147256553173065,0.32184457778930664,0.12793520092964172,0.1361951380968094,0.08968041837215424,0.5441927909851074,0.1509522646665573,0.05014406517148018,0.03934101015329361,0.5048473477363586,0.10118352621793747,0.08051996678113937,0.09392759948968887,0.12995755672454834,0.13776415586471558,0.15651942789554596,0.03706607595086098,0.13460542261600494,0.14518654346466064,0.06194881349802017,0.03553185984492302
AJ986,0.0,0.0,0.620689655,0.137931034,0.068965517,0.034482759,0.068965517,0.310344828,0.275862069,0.0,0.0,0.103448276,0.0,1.24137931,0.551724138,0.448275862,0.931034483,1.275862069,0.103448276,0.793103448,0.172413793,1.862068966,0.310344828,0.655172414,0.0,0.172413793,0.0,0.0,0.0,0.275862069,0.172413793,0.0,0.448275862,0.0,0.24137931,0.275862069,0.137931034,0.0,0.0,0.0,0.068965517,0.206896552,0.24137931,0.413793103,0.137931034,0.275862069,0.137931034,0.137931034,0.0,0.206896552,0.103448276,0.1920280158519745,0.03519211336970329,0.33664363622665405,0.27664023637771606,0.28586697578430176,0.12482228130102158,0.29514187574386597,0.24247395992279053,0.6405643820762634,0.10535663366317749,0.09086985141038895,0.1361876279115677,0.021979881450533867,1.196268081665039,0.3014884889125824,0.3703280985355377,0.2606528401374817,0.2158290147781372,0.09288357943296432,0.5522493124008179,0.6672695875167847,0.10467589646577835,0.42232826352119446,0.18671469390392303,0.04314419999718666,0.17048387229442596,0.09172075241804123,0.05392903834581375,0.08697303384542465,0.29224318265914917,0.19571448862552643,0.08957737684249878,0.05350542068481445,0.14782695472240448,0.07407133281230927,0.49247410893440247,0.15441679954528809,0.046310242265462875,0.04085051268339157,0.11903103440999985,0.12530925869941711,0.12898866832256317,0.07206230610609055,0.153833270072937,0.21910031139850616,0.21486148238182068,0.06432384997606277,0.42891696095466614,0.20297598838806152,0.1569516509771347,0.06719192862510681
AK113,0.3,0.0,0.366666667,0.1,0.0,0.233333333,0.166666667,0.133333333,0.666666667,3.066666667,0.2,0.0,0.0,1.833333333,0.766666667,0.666666667,0.133333333,0.0,0.0,0.1,0.5,0.0,0.1,0.0,0.0,0.233333333,0.0,0.366666667,0.333333333,0.2,0.233333333,0.0,0.0,0.0,0.0,0.0,0.266666667,0.0,0.0,0.066666667,0.0,0.0,0.0,0.466666667,0.1,0.6,0.0,0.233333333,0.0,0.0,0.133333333,0.44658753275871277,0.055370353162288666,0.34001195430755615,0.07218209654092789,0.24842053651809692,0.22018203139305115,0.3314444124698639,0.35667315125465393,0.8364535570144653,0.36428385972976685,0.16195696592330933,0.17456352710723877,0.019116606563329697,1.3646106719970703,0.2589224576950073,0.2816072404384613,0.28299424052238464,0.07630275934934616,0.06632662564516068,0.1737028807401657,0.2686839699745178,0.02046063169836998,0.2658337354660034,0.059984058141708374,0.02973286621272564,0.21238234639167786,0.04650026559829712,0.049266260117292404,0.09959396719932556,0.4147961437702179,0.2046274095773697,0.058471374213695526,0.022972799837589264,0.12126148492097855,0.07160761952400208,0.4759736657142639,0.14974576234817505,0.03723328933119774,0.034356195479631424,0.10625875741243362,0.14269094169139862,0.11691984534263611,0.08522622287273407,0.2083500325679779,0.20235440135002136,0.37327173352241516,0.14827154576778412,0.22688840329647064,0.17078377306461334,0.10449278354644775,0.16228820383548737
AK697,0.666666667,0.1,0.433333333,0.266666667,0.0,0.366666667,0.633333333,0.1,1.066666667,2.7,0.533333333,0.2,0.133333333,1.8,0.1,0.1,0.133333333,0.0,0.0,0.1,0.0,0.0,0.066666667,0.0,0.0,0.066666667,0.0,0.0,0.0,0.966666667,0.366666667,0.1,0.3,0.0,0.0,0.033333333,0.266666667,0.0,0.0,0.0,0.0,0.0,0.0,0.2,0.166666667,0.8,0.133333333,1.066666667,0.066666667,0.0,0.266666667,0.4269200265407562,0.05079945921897888,0.5239102840423584,0.08558822423219681,0.2279861867427826,0.2584518790245056,0.46556270122528076,0.29868513345718384,0.927017092704773,0.7830641269683838,0.3236065208911896,0.3023075461387634,0.029435457661747932,1.4863197803497314,0.2508015036582947,0.3611640930175781,0.21991029381752014,0.0327763631939888,0.06082194671034813,0.12215107679367065,0.2611554265022278,0.03420962020754814,0.18669351935386658,0.06684710085391998,0.04221660643815994,0.1786319613456726,0.0671054795384407,0.09011707454919815,0.19165709614753723,0.6161851286888123,0.3617766499519348,0.08296877145767212,0.021597059443593025,0.11560545861721039,0.07696804404258728,0.4987662136554718,0.16038057208061218,0.06323651224374771,0.04930131509900093,0.14588962495326996,0.06234219670295715,0.09865538030862808,0.07902489602565765,0.20594386756420135,0.14633843302726746,0.45768675208091736,0.15254920721054077,0.38338416814804077,0.1286950260400772,0.07095148414373398,0.15680193901062012
AK719,0.333333333,0.0,0.4,0.0,0.4,0.066666667,0.366666667,0.066666667,0.366666667,0.066666667,0.066666667,0.0,0.0,0.733333333,0.166666667,0.1,0.1,0.0,0.0,0.0,0.066666667,0.1,0.0,0.0,0.0,0.1,0.0,0.0,0.0,1.6,0.533333333,0.266666667,0.4,0.066666667,0.0,0.433333333,0.366666667,0.0,0.0,0.0,0.166666667,0.066666667,0.0,0.133333333,0.433333333,1.8,0.133333333,1.533333333,0.1,0.133333333,0.533333333,0.48419344425201416,0.05164288356900215,0.3736458122730255,0.09060017019510269,0.23181037604808807,0.11382558941841125,0.23559881746768951,0.12452743947505951,0.6445205807685852,0.19888265430927277,0.12361017614603043,0.16743145883083344,0.022597763687372208,0.8811637759208679,0.23117968440055847,0.16912856698036194,0.18041855096817017,0.0533815398812294,0.08046708256006241,0.2673124372959137,0.20094309747219086,0.45255735516548157,0.22322453558444977,0.34418195486068726,0.019255515187978745,0.11330414563417435,0.18022122979164124,0.16213205456733704,0.6050388216972351,0.6151838898658752,0.38257965445518494,0.6649015545845032,0.39422205090522766,0.21251142024993896,0.09214217215776443,0.45182812213897705,0.1486394703388214,0.14743302762508392,0.03828273341059685,0.6749604344367981,0.11928916722536087,0.1207614317536354,0.08155591785907745,0.15578576922416687,0.2175963670015335,0.4089348018169403,0.1411771923303604,0.24203838407993317,0.26560577750205994,0.17651338875293732,0.16445375978946686
AK893,0.666666667,0.0,0.566666667,0.0,0.166666667,0.1,0.133333333,0.0,1.133333333,0.533333333,0.133333333,0.333333333,0.0,0.8,0.333333333,0.233333333,0.066666667,0.0,0.2,0.2,0.066666667,0.666666667,0.133333333,0.133333333,0.0,0.3,0.0,0.0,0.0,0.633333333,0.266666667,0.0,0.3,0.033333333,0.0,0.466666667,0.166666667,0.0,0.0,0.033333333,0.4,0.433333333,0.0,0.1,0.233333333,0.433333333,0.5,0.0,0.666666667,0.766666667,0.266666667,0.486772358417511,0.06600597500801086,0.34428107738494873,0.0743541494011879,0.16094431281089783,0.1292572170495987,0.1727740466594696,0.19572386145591736,0.7546266913414001,0.21528713405132294,0.20779699087142944,0.1292148232460022,0.06047826260328293,0.8365247249603271,0.21317830681800842,0.1749623566865921,0.18991850316524506,0.07859494537115097,0.2424517571926117,0.5236155390739441,0.3613475263118744,0.4334051012992859,0.1746109426021576,0.3879152536392212,0.032954420894384384,0.23578417301177979,0.17033153772354126,0.16656076908111572,0.47080516815185547,0.5729285478591919,0.3171114921569824,0.5642758011817932,0.41189464926719666,0.21052192151546478,0.10271400213241577,0.5108345150947571,0.15684470534324646,0.10127019882202148,0.04107699915766716,0.7004506587982178,0.4710962772369385,0.14356841146945953,0.1093008816242218,0.16217947006225586,0.2385787069797516,0.5900071263313293,0.21639816462993622,0.3569351136684418,0.42523330450057983,0.4191374182701111,0.37691447138786316
AL174,0.933333333,0.0,1.2,0.1,0.7,0.1,0.033333333,0.1,0.233333333,0.0,0.0,0.2,0.0,0.9,0.366666667,0.733333333,0.466666667,0.2,0.066666667,0.666666667,0.6,0.333333333,0.466666667,0.0,0.0,0.233333333,0.0,0.0,0.0,0.366666667,0.1,0.1,0.033333333,0.0,0.0,0.6,0.0,0.1,0.033333333,0.0,0.233333333,0.066666667,0.033333333,0.133333333,0.033333333,0.433333333,0.266666667,0.566666667,0.166666667,0.533333333,0.1,0.6314989328384399,0.26987791061401367,0.597548246383667,0.4571543335914612,0.35346436500549316,0.13287323713302612,0.43500223755836487,0.21981947124004364,0.562737762928009,0.14620058238506317,0.23221565783023834,0.1494198739528656,0.022957010194659233,0.8171422481536865,0.2375161349773407,0.2627997398376465,0.380058228969574,0.13929246366024017,0.08062919974327087,0.3884163796901703,0.4458114504814148,0.08378628641366959,0.2975425124168396,0.10119105875492096,0.05463792011141777,0.2634703516960144,0.2851809859275818,0.0841672495007515,0.2336542308330536,0.37894463539123535,0.27640631794929504,0.12361408770084381,0.12713903188705444,0.2205783724784851,0.08345427364110947,0.5973685383796692,0.155194491147995,0.07439391314983368,0.04233422130346298,0.2826956510543823,0.18929295241832733,0.11894705146551132,0.10078106075525284,0.17263713479042053,0.17144399881362915,0.2963866591453552,0.08911062031984329,0.1913309246301651,0.18175899982452393,0.14031782746315002,0.1152249127626419
AL409,0.233333333,0.066666667,0.466666667,0.0,0.6,0.0,0.566666667,0.1,0.9,0.3,0.133333333,0.166666667,0.0,1.266666667,0.3,0.433333333,0.233333333,0.0,0.0,0.266666667,0.5,0.066666667,0.266666667,0.3,0.0,0.233333333,0.266666667,0.5,0.233333333,0.233333333,0.166666667,0.033333333,0.0,0.133333333,0.0,0.866666667,0.9,0.566666667,0.166666667,0.0,0.033333333,0.0,0.366666667,0.366666667,0.1,0.833333333,0.233333333,0.333333333,0.133333333,0.1,0.133333333,0.5066161751747131,0.2470293939113617,0.5535146594047546,0.3867092728614807,0.49389156699180603,0.18461592495441437,0.5370097160339355,0.19655242562294006,0.7760291695594788,0.24231742322444916,0.1732209026813507,0.14298272132873535,0.05511332303285599,1.1245311498641968,0.32087987661361694,0.3106364607810974,0.23317080736160278,0.03466778248548508,0.1295916587114334,0.3453208804130554,0.3554920256137848,0.15003345906734467,0.21414797008037567,0.1554345190525055,0.07560638338327408,0.21616262197494507,0.09074853360652924,0.0731256976723671,0.2253270000219345,0.4312014579772949,0.3084927201271057,0.1148708313703537,0.4977186322212219,0.21540100872516632,0.0788441151380539,0.613555908203125,0.15637898445129395,0.1496305912733078,0.05376771092414856,0.27341902256011963,0.17310328781604767,0.06843739748001099,0.1822652518749237,0.16394639015197754,0.2715657353401184,0.29417863488197327,0.17132340371608734,0.14141099154949188,0.154533252120018,0.14445087313652039,0.09928324818611145
AL581,1.633333333,0.166666667,0.7,0.233333333,0.8,0.2,0.333333333,0.233333333,0.2,0.1,0.033333333,0.0,0.0,0.466666667,0.0,0.233333333,0.4,0.066666667,0.066666667,0.633333333,2.0,0.0,0.933333333,0.0,0.0,0.4,0.0,0.066666667,0.133333333,0.266666667,0.2,0.066666667,0.033333333,0.266666667,0.1,0.7,0.033333333,0.0,0.0,0.033333333,0.233333333,0.033333333,0.0,0.166666667,0.0,0.2,0.0,0.133333333,0.233333333,0.0,0.266666667,0.7807994484901428,0.45028018951416016,0.7747340798377991,0.4587319493293762,0.45446503162384033,0.19313301146030426,0.42464056611061096,0.23378853499889374,0.7464588284492493,0.19554142653942108,0.21413356065750122,0.12646478414535522,0.021751578897237778,0.8438149094581604,0.2299397587776184,0.2442798614501953,0.23132041096687317,0.12328344583511353,0.09028854221105576,0.5807734131813049,0.8799232244491577,0.13773171603679657,0.4504338502883911,0.13681195676326752,0.07020334899425507,0.3331025540828705,0.12381335347890854,0.11013492196798325,0.22021755576133728,0.319253534078598,0.22398974001407623,0.09146858751773834,0.04925992712378502,0.254291832447052,0.09108000248670578,0.6976698637008667,0.1599443107843399,0.113528773188591,0.043710824102163315,0.24999187886714935,0.2631695568561554,0.10567440092563629,0.13535809516906738,0.286253958940506,0.1511085033416748,0.3144998252391815,0.11594139039516449,0.28195106983184814,0.17097041010856628,0.14200448989868164,0.20908130705356598
AL613,0.9,0.166666667,1.1,0.266666667,0.6,0.266666667,0.366666667,0.1,0.133333333,0.0,0.0,0.0,0.0,0.4,0.166666667,0.033333333,0.266666667,0.033333333,0.133333333,0.2,0.933333333,0.0,0.666666667,0.0,0.0,0.833333333,0.133333333,0.0,0.6,0.733333333,0.5,0.033333333,0.0,0.133333333,0.133333333,1.6,0.033333333,0.1,0.0,0.033333333,0.366666667,0.066666667,0.366666667,0.133333333,0.066666667,0.266666667,0.4,0.166666667,0.1,0.0,0.266666667,0.7577964067459106,0.07652761787176132,0.5778177380561829,0.10933021456003189,0.5063503384590149,0.19074438512325287,0.2669222950935364,0.145077183842659,0.5519787669181824,0.12150660157203674,0.18337348103523254,0.1482866406440735,0.041193339973688126,0.8450247049331665,0.17571301758289337,0.13329468667507172,0.1907947063446045,0.08169122040271759,0.1115366742014885,0.28235670924186707,0.42976656556129456,0.08192923665046692,0.24425262212753296,0.11776868253946304,0.03314661607146263,0.22486557066440582,0.055247653275728226,0.06262499839067459,0.12142753601074219,0.3810937702655792,0.3384791314601898,0.11450713127851486,0.2855456471443176,0.29077470302581787,0.09157329797744751,0.8883676528930664,0.1657707542181015,0.08346038311719894,0.044340938329696655,0.17807306349277496,0.24448533356189728,0.1330014318227768,0.11690342426300049,0.1244177520275116,0.14916197955608368,0.24116870760917664,0.09769028425216675,0.0849800780415535,0.2734411656856537,0.17635786533355713,0.19180594384670258
AL694,0.266666667,0.133333333,0.533333333,0.266666667,0.3,0.433333333,1.066666667,0.066666667,1.566666667,0.8,0.933333333,0.533333333,0.166666667,1.6,0.133333333,0.5,0.233333333,0.133333333,0.0,0.033333333,0.033333333,0.0,0.233333333,0.066666667,0.0,0.4,0.0,0.0,0.233333333,0.1,0.366666667,0.0,0.0,0.266666667,0.0,0.5,0.333333333,0.0,0.0,0.0,0.066666667,0.133333333,0.0,0.0,0.0,0.233333333,0.133333333,0.266666667,0.266666667,0.133333333,0.0,0.6592106819152832,0.06295079737901688,0.4710557460784912,0.08089806884527206,0.3506923317909241,0.1612538844347,0.40605002641677856,0.14409911632537842,0.9273666739463806,0.11070889234542847,0.2221418172121048,0.13037437200546265,0.04292293265461922,1.1959099769592285,0.24476604163646698,0.17025166749954224,0.1925208419561386,0.026544995605945587,0.037821073085069656,0.3506452441215515,0.29204148054122925,0.0810483917593956,0.25888264179229736,0.05895482376217842,0.026313981041312218,0.19999754428863525,0.048586003482341766,0.05322222784161568,0.06852684170007706,0.30635693669319153,0.21097266674041748,0.055364761501550674,0.05875337868928909,0.19509808719158173,0.07873357832431793,0.7339622378349304,0.1554027497768402,0.04103132337331772,0.03663170337677002,0.11574864387512207,0.11290506273508072,0.16035676002502441,0.06105551868677139,0.12405864149332047,0.10786426067352295,0.23503196239471436,0.10015720129013062,0.1327286660671234,0.18923787772655487,0.18290822207927704,0.12075557559728622
AL705,0.566666667,0.0,0.3,0.0,0.733333333,0.133333333,0.133333333,0.066666667,0.133333333,0.0,0.0,0.0,0.0,0.333333333,0.166666667,0.1,0.2,0.266666667,0.2,1.066666667,1.633333333,0.0,1.4,0.0,0.0,0.2,0.0,0.0,0.0,0.0,0.0,0.033333333,0.033333333,0.633333333,0.066666667,0.966666667,0.0,0.0,0.0,0.0,0.3,0.0,0.0,0.033333333,0.1,0.1,0.366666667,0.066666667,0.366666667,0.4,0.233333333,0.8134586215019226,0.0697670504450798,0.560848593711853,0.19492599368095398,0.6266775727272034,0.1808909773826599,0.36283522844314575,0.20037643611431122,0.7287859916687012,0.15921524167060852,0.18456554412841797,0.18070407211780548,0.03254341334104538,0.8540979623794556,0.197318896651268,0.2248513400554657,0.20638853311538696,0.12248865514993668,0.12061137706041336,0.5435279011726379,0.7736498713493347,0.10069143772125244,0.35084468126296997,0.0928587019443512,0.036577410995960236,0.2598489224910736,0.08341158181428909,0.07681600749492645,0.1363591104745865,0.3029794991016388,0.1794850379228592,0.13167844712734222,0.08219846338033676,0.41993448138237,0.08977457880973816,0.8542786836624146,0.1732979714870453,0.264708012342453,0.046099547296762466,0.21744059026241302,0.3405378758907318,0.13469161093235016,0.07786906510591507,0.14073210954666138,0.1687866598367691,0.2906413674354553,0.24242432415485382,0.13259439170360565,0.2676234543323517,0.28193095326423645,0.17667293548583984
AL933,0.4,0.0,0.566666667,0.133333333,0.233333333,0.133333333,0.933333333,0.1,1.1,1.233333333,0.066666667,0.3,0.0,1.0,0.266666667,0.233333333,0.0,0.0,0.0,0.066666667,0.166666667,0.0,0.2,0.133333333,0.0,0.333333333,0.066666667,0.0,0.2,0.566666667,0.433333333,0.0,0.0,0.333333333,0.166666667,0.733333333,0.533333333,0.0,0.2,0.133333333,0.066666667,0.2,0.133333333,0.266666667,0.133333333,0.3,0.233333333,0.266666667,0.3,0.266666667,0.066666667,0.60528564453125,0.17895567417144775,0.6200039386749268,0.597221314907074,0.37570545077323914,0.18192102015018463,0.4346542954444885,0.22837355732917786,0.814265251159668,0.20121292769908905,0.20026880502700806,0.16888552904129028,0.03267354518175125,1.1452845335006714,0.25722506642341614,0.2835146188735962,0.21961237490177155,0.04017709940671921,0.038076724857091904,0.2290969043970108,0.34260356426239014,0.0696561187505722,0.2527557611465454,0.09278092533349991,0.03139526769518852,0.22450761497020721,0.06637290865182877,0.06412392854690552,0.11693752557039261,0.3793462812900543,0.20614232122898102,0.06537777930498123,0.019063755869865417,0.18801875412464142,0.07305801659822464,0.5735536217689514,0.14967945218086243,0.0412089079618454,0.0395907498896122,0.1140328049659729,0.0973208025097847,0.06404747813940048,0.09699766337871552,0.18474014103412628,0.21904215216636658,0.3301098048686981,0.08345721662044525,0.21101738512516022,0.11670061200857162,0.17683185636997223,0.12264075130224228
AM064,0.4,0.0,0.366666667,0.233333333,0.3,0.1,1.133333333,0.4,1.933333333,0.433333333,0.333333333,0.4,0.2,1.666666667,0.266666667,0.433333333,0.066666667,0.233333333,0.0,0.0,0.066666667,0.033333333,0.133333333,0.0,0.0,0.066666667,0.166666667,0.0,0.1,0.1,0.033333333,0.0,0.033333333,0.066666667,0.0,0.533333333,0.4,0.0,0.0,0.0,0.2,0.133333333,0.133333333,0.033333333,0.133333333,0.166666667,0.066666667,0.733333333,0.7,0.166666667,0.0,0.382986456155777,0.046414390206336975,0.3228837251663208,0.15427714586257935,0.368657648563385,0.1062326431274414,0.5247994661331177,0.23691833019256592,0.9944159984588623,0.11471802741289139,0.34402480721473694,0.3713698089122772,0.14403973519802094,0.9445071816444397,0.24857936799526215,0.23656325042247772,0.19719372689723969,0.04151671379804611,0.033947840332984924,0.16415774822235107,0.1454903483390808,0.0600036196410656,0.1419142335653305,0.1048118844628334,0.054582200944423676,0.38335341215133667,0.2780853807926178,0.13344237208366394,0.3532924950122833,0.3324527144432068,0.4370477497577667,0.14646291732788086,0.11798393726348877,0.18457762897014618,0.08139348775148392,0.5246282815933228,0.15155449509620667,0.07488825172185898,0.10333202034235,0.37273240089416504,0.10804730653762817,0.22736221551895142,0.1212119609117508,0.21278679370880127,0.28846460580825806,0.4473740756511688,0.22653992474079132,0.3181318938732147,0.2031417340040207,0.14442160725593567,0.12903933227062225
AM516,0.266666667,0.066666667,0.633333333,0.4,1.033333333,0.2,1.033333333,0.166666667,1.433333333,0.033333333,0.966666667,0.666666667,0.366666667,1.5,0.2,0.266666667,0.233333333,0.133333333,0.0,0.0,0.0,0.0,0.066666667,0.133333333,0.1,0.233333333,0.0,0.0,0.0,0.2,0.133333333,0.0,0.0,0.2,0.1,0.566666667,0.0,0.0,0.0,0.0,0.0,0.0,0.0,0.066666667,0.2,0.166666667,0.0,0.0,0.166666667,0.066666667,0.133333333,0.5159024000167847,0.05432654544711113,0.7034798264503479,0.1181686520576477,0.3848353624343872,0.16793084144592285,0.44365936517715454,0.2768941819667816,0.5909972786903381,0.10998112708330154,0.19225715100765228,0.19246399402618408,0.09361224621534348,0.8409539461135864,0.2302861511707306,0.1975862681865692,0.19263985753059387,0.1001344621181488,0.03145856037735939,0.15730313956737518,0.1380230039358139,0.060175102204084396,0.13418996334075928,0.0703689232468605,0.029475927352905273,0.22743059694766998,0.07359349727630615,0.03843013569712639,0.11730587482452393,0.18497775495052338,0.179062157869339,0.06845510751008987,0.06250835210084915,0.17400091886520386,0.07143312692642212,0.6576146483421326,0.1485477238893509,0.03361937031149864,0.03613352030515671,0.08956772089004517,0.14932328462600708,0.17100302875041962,0.08734527975320816,0.18975354731082916,0.2409275323152542,0.24836812913417816,0.16943632066249847,0.22098609805107117,0.23143234848976135,0.2070309966802597,0.12728941440582275
AM586,0.4,0.0,0.433333333,0.0,0.9,0.333333333,0.733333333,0.333333333,0.233333333,0.233333333,0.166666667,0.0,0.0,0.933333333,0.3,0.366666667,0.066666667,0.0,0.1,0.233333333,0.233333333,0.1,0.366666667,0.0,0.066666667,0.266666667,0.133333333,0.0,0.0,0.033333333,0.066666667,0.0,0.0,0.266666667,0.0,0.533333333,0.4,0.0,0.0,0.0,0.166666667,0.0,0.0,0.066666667,0.066666667,0.2,0.1,0.633333333,0.266666667,0.066666667,0.166666667,0.3241438567638397,0.04891064018011093,0.3887108564376831,0.18278954923152924,0.3803848922252655,0.17859141528606415,0.4798465371131897,0.31992271542549133,0.6961045861244202,0.15157978236675262,0.11887309700250626,0.1753283441066742,0.023172613233327866,1.2827194929122925,0.4085001051425934,0.3327934741973877,0.26742926239967346,0.056081969290971756,0.06574598699808121,0.24534770846366882,0.3892963230609894,0.044870395213365555,0.26149678230285645,0.13303664326667786,0.10127455741167068,0.23020416498184204,0.10877199470996857,0.06035250425338745,0.12288184463977814,0.2840726971626282,0.15845151245594025,0.09845830500125885,0.017278388142585754,0.27469244599342346,0.07881845533847809,0.5178967714309692,0.1563776582479477,0.0516817606985569,0.04104040190577507,0.1163531094789505,0.10681972652673721,0.10126642882823944,0.09231683611869812,0.19056667387485504,0.18967285752296448,0.3205921947956085,0.20459389686584473,0.41276171803474426,0.1599918156862259,0.18298183381557465,0.12147421389818192
AM715,0.4,0.1,1.0,0.466666667,0.9,0.266666667,1.2,0.6,0.666666667,0.066666667,0.233333333,0.266666667,0.0,1.433333333,0.2,0.4,0.366666667,0.333333333,0.0,0.3,0.1,0.066666667,0.0,0.0,0.0,0.066666667,0.0,0.0,0.0,0.3,0.5,0.3,0.466666667,0.166666667,0.133333333,0.933333333,0.033333333,0.0,0.033333333,0.233333333,0.566666667,0.1,0.066666667,0.0,0.166666667,0.1,0.066666667,0.1,0.2,0.166666667,0.333333333,0.464408278465271,0.04820845276117325,0.7263522744178772,0.5852213501930237,0.47865229845046997,0.30381742119789124,0.49315717816352844,0.30429986119270325,0.7890326976776123,0.12869884073734283,0.31896841526031494,0.1656826138496399,0.05846649408340454,1.3640233278274536,0.3099088966846466,0.2982838749885559,0.24191652238368988,0.09575636684894562,0.052142418920993805,0.2866607904434204,0.1635976880788803,0.06982631236314774,0.1555778980255127,0.07898753881454468,0.034307461231946945,0.189546138048172,0.08645650744438171,0.047647204250097275,0.09798477590084076,0.255477637052536,0.32050618529319763,0.10246042907238007,0.2833816707134247,0.13097840547561646,0.07467079907655716,0.5912730097770691,0.15128974616527557,0.04841383546590805,0.03970795497298241,0.18387842178344727,0.19470994174480438,0.1430051475763321,0.07519115507602692,0.17307300865650177,0.31175968050956726,0.20084194839000702,0.09529878199100494,0.13262532651424408,0.15047061443328857,0.1862163245677948,0.11070051789283752
AM881,0.4,0.0,0.366666667,0.0,0.566666667,0.1,0.6,0.133333333,0.833333333,0.1,0.6,0.233333333,0.366666667,1.966666667,0.333333333,0.866666667,0.0,0.1,0.0,0.1,0.333333333,0.133333333,0.0,0.166666667,1.466666667,0.9,0.133333333,0.166666667,0.0,0.066666667,0.033333333,0.0,0.0,0.0,0.0,0.2,0.033333333,0.0,0.0,0.0,0.066666667,0.0,0.0,0.166666667,0.166666667,0.066666667,0.0,0.0,0.0,0.166666667,0.0,0.3255116641521454,0.09349305182695389,0.37232619524002075,0.25325071811676025,0.3402846157550812,0.21446065604686737,0.4717612862586975,0.35429635643959045,0.9317986965179443,0.1735214740037918,0.24733734130859375,0.3481369912624359,0.1563660204410553,1.3740593194961548,0.4132559299468994,0.3568126857280731,0.2368476241827011,0.1259499043226242,0.12095171213150024,0.37724268436431885,0.33131298422813416,0.12635987997055054,0.2503490149974823,0.16624200344085693,0.08269315958023071,0.5316058993339539,0.13461613655090332,0.08834649622440338,0.14864206314086914,0.30532512068748474,0.22247068583965302,0.17783544957637787,0.07375209778547287,0.15483297407627106,0.07171374559402466,0.3958841860294342,0.1749274730682373,0.03889751434326172,0.070999376475811,0.2780303955078125,0.2014644294977188,0.14361204206943512,0.05759744346141815,0.2883734405040741,0.248073548078537,0.25236091017723083,0.12916448712348938,0.3183111250400543,0.2590569853782654,0.11806220561265945,0.10422981530427933
AM942,0.2,0.0,0.333333333,0.0,0.166666667,0.266666667,0.766666667,0.2,0.666666667,0.233333333,0.2,0.333333333,0.566666667,1.133333333,0.133333333,0.433333333,0.2,0.0,0.0,0.066666667,0.233333333,0.1,0.533333333,0.2,0.8,0.9,0.0,0.266666667,0.033333333,0.066666667,0.133333333,0.0,0.0,0.133333333,0.1,0.433333333,0.233333333,0.1,0.0,0.0,0.0,0.0,0.0,0.166666667,0.033333333,0.066666667,0.0,0.233333333,0.233333333,0.233333333,0.066666667,0.35377636551856995,0.05548381805419922,0.3934062421321869,0.26010140776634216,0.2758794128894806,0.179332435131073,0.46798068284988403,0.24735292792320251,0.7647454738616943,0.12533383071422577,0.2274782359600067,0.15579992532730103,0.1053936779499054,1.1903773546218872,0.37863266468048096,0.3827225863933563,0.22618554532527924,0.0953824445605278,0.061147432774305344,0.2142220139503479,0.1858542114496231,0.10236996412277222,0.16579872369766235,0.09451544284820557,0.042940329760313034,0.28909966349601746,0.08602569997310638,0.0911470577120781,0.1469624787569046,0.22424685955047607,0.2285943478345871,0.10301395505666733,0.12511995434761047,0.1516198217868805,0.07535423338413239,0.3775095045566559,0.1633750945329666,0.10055077075958252,0.040511563420295715,0.1305219978094101,0.12622390687465668,0.11545264720916748,0.20389564335346222,0.20552940666675568,0.1475602686405182,0.18237359821796417,0.1111823171377182,0.12658652663230896,0.13655635714530945,0.17829154431819916,0.087462417781353
AN303,0.333333333,0.0,0.9,0.133333333,1.233333333,0.266666667,0.233333333,0.266666667,0.2,0.0,0.0,0.133333333,0.0,0.966666667,0.166666667,0.166666667,0.133333333,0.2,0.1,1.266666667,1.833333333,0.1,1.2,0.066666667,0.066666667,0.2,0.166666667,0.4,0.2,0.033333333,0.066666667,0.1,0.1,0.2,0.033333333,0.266666667,0.0,0.0,0.0,0.0,0.266666667,0.1,0.0,0.0,0.0,0.133333333,0.166666667,0.233333333,0.433333333,0.0,0.133333333,0.4254181385040283,0.041521016508340836,0.48998939990997314,0.22112862765789032,0.610153317451477,0.2174368053674698,0.5099426507949829,0.32160282135009766,0.6740215420722961,0.09327657520771027,0.14707300066947937,0.23341453075408936,0.060112062841653824,1.193163514137268,0.4099816679954529,0.37483471632003784,0.30729201436042786,0.12630358338356018,0.06098398193717003,0.3437725305557251,0.43718162178993225,0.05551181361079216,0.25359031558036804,0.08851152658462524,0.021773505955934525,0.1609804332256317,0.07672860473394394,0.047156985849142075,0.07395974546670914,0.1579166203737259,0.19511882960796356,0.07721000164747238,0.0959862619638443,0.20160837471485138,0.0707022175192833,0.6405319571495056,0.1510462611913681,0.031448844820261,0.03482883796095848,0.11286567151546478,0.24743972718715668,0.18169747292995453,0.06187763065099716,0.2051037698984146,0.27368053793907166,0.20184102654457092,0.10849987715482712,0.2878462076187134,0.27383163571357727,0.21761566400527954,0.09826653450727463
AN368,1.066666667,2.7,0.833333333,0.066666667,0.066666667,0.1,0.166666667,0.0,0.366666667,0.366666667,0.066666667,0.066666667,0.1,1.0,0.266666667,0.066666667,0.233333333,0.0,0.0,0.1,0.733333333,0.233333333,0.466666667,0.633333333,0.0,0.6,0.0,0.0,0.0,0.233333333,0.066666667,0.1,0.033333333,0.166666667,0.166666667,0.4,0.066666667,0.066666667,0.0,0.0,0.0,0.3,0.0,0.0,0.4,0.133333333,0.266666667,0.033333333,0.3,0.166666667,0.133333333,0.8947131633758545,2.6557538509368896,0.5458959937095642,0.7713807821273804,0.2821619510650635,0.17084534466266632,0.3452250063419342,0.3692149817943573,0.8667319416999817,1.2219164371490479,0.3753162920475006,0.21590568125247955,0.11357467621564865,0.9497775435447693,0.13842125236988068,0.17076677083969116,0.2983841300010681,0.14295358955860138,0.0766717717051506,0.17822277545928955,0.336282342672348,0.12937520444393158,0.2471194863319397,0.16459260880947113,0.14177653193473816,0.2521939277648926,0.09202805906534195,0.07258493453264236,0.09070714563131332,0.43090182542800903,0.09941549599170685,0.13086864352226257,0.2788810431957245,0.1516420990228653,0.10035832971334457,0.44343164563179016,0.1574508249759674,0.247067391872406,0.0495636872947216,0.19932816922664642,0.374813973903656,0.2028631567955017,0.09331580251455307,0.31566300988197327,0.43243899941444397,0.6808148622512817,0.12503154575824738,1.9597399234771729,0.14540091156959534,0.25001463294029236,0.1053597554564476
AN561,0.5,0.0,0.766666667,0.0,0.566666667,0.233333333,0.5,0.0,0.633333333,0.033333333,0.233333333,0.2,0.0,1.133333333,0.366666667,0.433333333,0.433333333,0.133333333,0.133333333,0.633333333,1.8,0.133333333,0.933333333,0.066666667,0.233333333,0.133333333,0.0,0.366666667,0.1,0.433333333,0.366666667,0.4,0.466666667,0.266666667,0.366666667,0.9,0.033333333,0.133333333,0.0,0.033333333,0.066666667,0.0,0.1,0.0,0.066666667,0.3,0.0,0.1,0.2,0.0,0.1,0.3655661642551422,0.6722438335418701,0.6380913853645325,0.6410157680511475,0.5227993130683899,0.26995569467544556,0.7088208198547363,0.3990580439567566,0.8936274647712708,0.23864039778709412,0.28852778673171997,0.38572072982788086,0.09412091225385666,1.1188527345657349,0.3211217224597931,0.39825332164764404,0.2894259989261627,0.21470122039318085,0.13415925204753876,0.2631392180919647,0.28700339794158936,0.16447724401950836,0.15485961735248566,0.12034501880407333,0.06332618743181229,0.18229249119758606,0.34825775027275085,0.07065311074256897,0.32542985677719116,0.4387757480144501,0.3602471351623535,0.2946074903011322,0.39927437901496887,0.1418917328119278,0.09191634505987167,0.5258998274803162,0.17662394046783447,0.14505678415298462,0.12926355004310608,0.6999781131744385,0.21449492871761322,0.12808115780353546,0.10898710042238235,0.2813451588153839,0.28737396001815796,0.2829054892063141,0.14911067485809326,0.2116927206516266,0.246870219707489,0.2150811105966568,0.11193490028381348
AO486,0.666666667,0.2,0.566666667,0.333333333,0.133333333,0.2,0.9,0.533333333,1.733333333,0.133333333,0.966666667,0.633333333,0.766666667,2.3,0.4,0.233333333,0.133333333,0.066666667,0.0,0.333333333,0.333333333,0.0,0.0,0.433333333,0.033333333,1.2,0.0,0.5,0.0,0.166666667,0.1,0.0,0.433333333,0.0,0.0,0.366666667,0.0,0.0,0.0,0.0,0.066666667,0.1,0.0,0.1,0.133333333,0.166666667,0.066666667,0.1,0.266666667,0.3,0.0,0.5598670840263367,0.15169602632522583,0.5021845102310181,0.7368691563606262,0.46882709860801697,0.23555675148963928,0.4899549186229706,0.38870543241500854,1.0176013708114624,0.1253485083580017,0.27385032176971436,0.378353476524353,0.26170897483825684,1.4304535388946533,0.5293365120887756,0.34879323840141296,0.22584596276283264,0.12743066251277924,0.15737517178058624,0.22839151322841644,0.26907262206077576,0.0502060130238533,0.16476014256477356,0.15943199396133423,0.0393231175839901,0.5535728335380554,0.06760206818580627,0.09084579348564148,0.04107978194952011,0.14487828314304352,0.13929398357868195,0.07107082009315491,0.21016789972782135,0.22196897864341736,0.07389076054096222,0.438581645488739,0.15744832158088684,0.04093020036816597,0.03616965189576149,0.0943077802658081,0.26514336466789246,0.23528426885604858,0.050668925046920776,0.3874938189983368,0.47196778655052185,0.28466343879699707,0.17646141350269318,0.3254225254058838,0.360167533159256,0.18469880521297455,0.08562733978033066
AO549,0.4,0.0,0.133333333,0.133333333,0.4,0.166666667,0.333333333,0.633333333,1.1,0.0,0.466666667,0.633333333,0.066666667,1.7,0.833333333,0.4,0.733333333,0.166666667,0.066666667,0.066666667,0.233333333,0.0,0.1,0.366666667,0.066666667,0.866666667,0.233333333,0.2,0.666666667,0.7,0.7,0.0,0.133333333,0.066666667,0.033333333,0.866666667,0.166666667,0.0,0.0,0.0,0.066666667,0.166666667,0.066666667,0.066666667,0.066666667,0.266666667,0.0,0.133333333,0.033333333,0.033333333,0.033333333,0.3295511305332184,0.12542007863521576,0.6073722243309021,0.16871142387390137,0.6548967361450195,0.2047310322523117,0.4972473978996277,0.3268194794654846,1.1334789991378784,0.32470011711120605,0.30238595604896545,0.49067556858062744,0.12485738843679428,1.0287611484527588,0.32925835251808167,0.3178211450576782,0.33223244547843933,0.09248810261487961,0.10965186357498169,0.21253463625907898,0.2662031948566437,0.3032101094722748,0.20488956570625305,0.159803107380867,0.1263137310743332,0.4725717306137085,0.6637496948242188,0.08543111383914948,0.39946937561035156,0.4808236062526703,0.3866572380065918,0.19777992367744446,0.2348657250404358,0.22331960499286652,0.08877097070217133,0.5272647738456726,0.1641007959842682,0.10179609805345535,0.11354953050613403,0.6386842727661133,0.28050926327705383,0.16736716032028198,0.10645449906587601,0.3611304461956024,0.24070480465888977,0.34168946743011475,0.17081688344478607,0.33054572343826294,0.2636321187019348,0.2261677235364914,0.17814446985721588
AP146,0.3,0.0,0.3,0.3,0.3,0.166666667,0.1,0.0,0.066666667,0.0,0.066666667,0.0,0.0,0.766666667,0.433333333,0.3,0.133333333,0.0,0.233333333,0.3,0.266666667,0.366666667,0.3,0.1,0.0,0.0,0.166666667,0.233333333,0.6,0.5,0.466666667,1.066666667,0.4,0.2,0.5,1.533333333,0.133333333,0.566666667,0.4,1.8,0.533333333,0.066666667,0.666666667,0.166666667,0.233333333,0.166666667,0.0,0.066666667,0.2,0.4,0.0,0.23968319594860077,0.033060282468795776,0.29544347524642944,0.4224171042442322,0.2724323570728302,0.13729409873485565,0.2648860514163971,0.27153268456459045,0.7930223941802979,0.08076529204845428,0.2550378739833832,0.1892652064561844,0.09807812422513962,1.3067792654037476,0.3557388484477997,0.3615814447402954,0.19841043651103973,0.04192941635847092,0.03629160672426224,0.46787914633750916,0.3985128104686737,0.07123790681362152,0.24099335074424744,0.14036862552165985,0.04709739610552788,0.12075233459472656,0.09593099355697632,0.06800370663404465,0.08186681568622589,0.25913798809051514,0.3214784264564514,0.094978928565979,0.12445785105228424,0.09098762273788452,0.07619383931159973,0.517141580581665,0.15395961701869965,0.04131214693188667,0.0475306399166584,0.2308482974767685,0.1834588199853897,0.14824822545051575,0.1136670634150505,0.15886694192886353,0.35000330209732056,0.12786327302455902,0.0669344961643219,0.24180102348327637,0.2041577249765396,0.12944212555885315,0.0601971298456192
AP275,0.566666667,1.433333333,0.466666667,0.233333333,0.433333333,0.266666667,0.866666667,0.933333333,1.466666667,0.233333333,0.6,0.466666667,0.4,1.866666667,0.366666667,0.6,0.3,0.166666667,0.0,0.266666667,0.266666667,0.0,0.433333333,0.0,0.066666667,0.3,0.0,0.0,0.0,0.133333333,0.1,0.0,0.0,0.066666667,0.0,0.233333333,0.133333333,0.0,0.0,0.0,0.133333333,0.2,0.0,0.133333333,0.1,0.166666667,0.166666667,0.3,0.6,0.066666667,0.033333333,0.3910226821899414,0.3188506066799164,0.3764400780200958,0.24118727445602417,0.35176143050193787,0.16608573496341705,0.40828022360801697,0.24446681141853333,0.7886043190956116,0.07931984215974808,0.16859856247901917,0.23800994455814362,0.059204813092947006,1.175706148147583,0.3196166753768921,0.26388677954673767,0.18599794805049896,0.051794495433568954,0.032436683773994446,0.2531617283821106,0.16504710912704468,0.04931148886680603,0.2021649330854416,0.05427975952625275,0.002969431458041072,0.08023268729448318,0.046850696206092834,0.04185621812939644,0.022425319999456406,0.05544546619057655,0.13918828964233398,0.06441537290811539,0.05061860382556915,0.09417211264371872,0.07006466388702393,0.3484666049480438,0.15607666969299316,0.030011853203177452,0.037580594420433044,0.08442632108926773,0.17488372325897217,0.1326550841331482,0.028722841292619705,0.21028847992420197,0.3207920789718628,0.13639667630195618,0.09027037024497986,0.2157067060470581,0.27836886048316956,0.15506711602210999,0.050378940999507904
AP340,0.9,0.766666667,0.533333333,0.133333333,0.533333333,0.1,0.733333333,0.2,2.2,0.233333333,1.5,1.433333333,0.2,2.433333333,0.2,0.366666667,0.166666667,0.1,0.0,0.0,0.133333333,0.0,0.0,0.0,0.0,0.1,0.0,0.0,0.0,0.066666667,0.2,0.0,0.0,0.0,0.0,0.233333333,0.166666667,0.0,0.033333333,0.033333333,0.166666667,0.1,0.0,0.1,0.166666667,0.0,0.433333333,0.133333333,0.3,0.3,0.0,0.5317244529724121,0.23610252141952515,0.4964425265789032,0.1885906606912613,0.2902933359146118,0.14980970323085785,0.49364492297172546,0.20818617939949036,0.7523190379142761,0.08673397451639175,0.35192134976387024,0.30226439237594604,0.16034120321273804,0.7927166819572449,0.04061616584658623,0.046689435839653015,0.14815561473369598,0.012195654213428497,0.01788177527487278,0.0824919119477272,0.08428976684808731,0.022946612909436226,0.11311504989862442,0.037795912474393845,0.0034943216014653444,0.0694909542798996,0.059722889214754105,0.04442605376243591,0.04166463389992714,0.14511770009994507,0.13294029235839844,0.06912849098443985,0.062449727207422256,0.10734383761882782,0.06944160163402557,0.3785976767539978,0.15077121555805206,0.030481262132525444,0.03577134758234024,0.09814130514860153,0.10657475143671036,0.19766932725906372,0.03922109305858612,0.1836487203836441,0.23419994115829468,0.15424619615077972,0.10436134040355682,0.25444296002388,0.28762057423591614,0.21661001443862915,0.04181314632296562
AQ541,0.8,0.0,0.466666667,0.0,0.233333333,0.2,0.766666667,0.3,1.266666667,0.133333333,0.5,0.8,0.266666667,1.333333333,0.133333333,0.1,0.0,0.0,0.566666667,0.766666667,0.333333333,0.933333333,0.0,0.566666667,0.1,0.3,0.0,0.1,0.0,0.333333333,0.433333333,0.0,0.333333333,0.2,0.033333333,0.466666667,0.166666667,0.0,0.0,0.066666667,0.966666667,0.0,0.233333333,0.333333333,0.033333333,0.6,0.7,0.066666667,0.9,0.7,0.366666667,0.486772358417511,0.06600597500801086,0.34428107738494873,0.0743541494011879,0.16094431281089783,0.1292572170495987,0.1727740466594696,0.19572386145591736,0.7546266913414001,0.21528713405132294,0.20779699087142944,0.1292148232460022,0.06047826260328293,0.8365247249603271,0.21317830681800842,0.1749623566865921,0.18991850316524506,0.07859494537115097,0.2424517571926117,0.5236155390739441,0.3613475263118744,0.4334051012992859,0.1746109426021576,0.3879152536392212,0.032954420894384384,0.23578417301177979,0.17033153772354126,0.16656076908111572,0.47080516815185547,0.5729285478591919,0.3171114921569824,0.5642758011817932,0.41189464926719666,0.21052192151546478,0.10271400213241577,0.5108345150947571,0.15684470534324646,0.10127019882202148,0.04107699915766716,0.7004506587982178,0.4710962772369385,0.14356841146945953,0.1093008816242218,0.16217947006225586,0.2385787069797516,0.5900071263313293,0.21639816462993622,0.3569351136684418,0.42523330450057983,0.4191374182701111,0.37691447138786316
AQ778,1.066666667,0.133333333,1.166666667,0.333333333,1.033333333,0.6,0.866666667,0.0,0.8,0.766666667,0.333333333,0.1,0.0,0.966666667,0.433333333,0.333333333,0.3,0.066666667,0.233333333,0.0,0.2,0.0,0.1,0.0,0.1,0.1,0.0,0.0,0.0,0.5,0.266666667,0.033333333,0.1,0.566666667,0.0,0.633333333,0.1,0.0,0.133333333,0.066666667,0.3,0.333333333,0.066666667,0.166666667,0.233333333,0.0,0.266666667,0.366666667,0.466666667,0.6,0.233333333,1.2158920764923096,0.059458229690790176,1.0915050506591797,0.04548186436295509,0.6619547605514526,0.2366907000541687,0.35161522030830383,0.09239517152309418,0.5186783671379089,0.14930680394172668,0.0042399195954203606,0.03323568031191826,0.006186057813465595,0.7112866044044495,0.03313222900032997,0.10222643613815308,0.15917764604091644,0.10842463374137878,0.054927922785282135,0.1824410855770111,0.2805222272872925,0.031111903488636017,0.20143258571624756,0.06487957388162613,0.007226498797535896,0.022744841873645782,0.02514728531241417,0.045788392424583435,0.04553863778710365,0.4445863962173462,0.16866059601306915,0.0817147046327591,0.03891320899128914,0.4889843761920929,0.10069417953491211,0.76389479637146,0.1614467203617096,0.21463367342948914,0.04059002548456192,0.1263548880815506,0.5282758474349976,0.06436213105916977,0.058481328189373016,0.13708528876304626,0.1579458862543106,0.10836420953273773,0.17762988805770874,0.037232406437397,0.49638471007347107,0.3269968628883362,0.06355684250593185
AF469,0.375,0.78125,0.59375,0.25,0.3125,0.3125,0.5625,0.59375,0.625,0.4375,0.09375,0.375,0.0,1.03125,0.1875,0.125,0.15625,0.1875,0.0,0.0,0.0,0.0,0.09375,0.0,0.09375,0.53125,0.0,0.0,0.0,0.09375,0.09375,0.0,0.0,0.0,0.0625,0.5,0.53125,0.0,0.0,0.0,0.1875,0.5,0.0,0.5,0.46875,0.1875,0.40625,0.4375,0.65625,0.34375,0.1875,0.23443661630153656,0.09053833037614822,0.493402361869812,0.29609522223472595,0.3791196048259735,0.2654531002044678,0.4021565318107605,0.31589579582214355,0.9095701575279236,0.12053194642066956,0.33912262320518494,0.38547977805137634,0.0911005511879921,1.0705344676971436,0.16897769272327423,0.35261860489845276,0.1742282509803772,0.021827533841133118,0.09453602880239487,0.23939558863639832,0.35190722346305847,0.011037898249924183,0.2753485143184662,0.11433814465999603,0.03973853215575218,0.23419658839702606,0.041988126933574677,0.054465655237436295,0.04403165355324745,0.03649769723415375,0.16525955498218536,0.05652082711458206,0.0035752542316913605,0.02977554313838482,0.07001619786024094,0.614019513130188,0.1770869642496109,0.033908724784851074,0.0346958301961422,0.09363853931427002,0.16097255051136017,0.25306403636932373,0.026884762570261955,0.34286272525787354,0.40174227952957153,0.44176021218299866,0.19730466604232788,0.9555907249450684,0.3501579761505127,0.19913426041603088,0.18570899963378906
AG422,0.433333333,0.0,0.966666667,0.1,0.366666667,0.4,1.4,0.0,1.0,1.6,0.6,0.4,0.133333333,1.2,0.133333333,0.366666667,0.166666667,0.1,0.066666667,0.066666667,0.1,0.0,0.0,0.0,0.0,0.033333333,0.0,0.0,0.0,0.0,0.1,0.0,0.0,0.0,0.1,0.266666667,0.3,0.0,0.0,0.0,0.0,0.333333333,0.0,0.466666667,0.366666667,0.066666667,0.0,0.433333333,0.066666667,0.0,0.0,0.2126910388469696,0.05177728086709976,0.715249240398407,0.3428947329521179,0.2947346270084381,0.13560695946216583,1.1077650785446167,0.2843726575374603,0.9587529897689819,0.1426338404417038,0.13774220645427704,0.7243331670761108,0.16084788739681244,1.3985872268676758,0.10060077905654907,0.3270193040370941,0.23718774318695068,0.012900793924927711,0.034875500947237015,0.06567096710205078,0.06898333877325058,0.04085279256105423,0.12579229474067688,0.04089624062180519,0.00510331941768527,0.007882142439484596,0.03757810965180397,0.03624316677451134,0.028232116252183914,0.04118185117840767,0.06556039303541183,0.06850273907184601,0.03345326706767082,0.03319241851568222,0.07126361131668091,0.569411039352417,0.1568242460489273,0.036048345267772675,0.03507901355624199,0.08899842202663422,0.14100192487239838,0.16456112265586853,0.030980441719293594,0.8914363980293274,0.3202003836631775,0.1799103170633316,0.04496440291404724,0.451725035905838,0.458350270986557,0.15470698475837708,0.04082418233156204
AG530,0.333333333,0.0,1.0,0.3,0.466666667,0.2,1.333333333,0.066666667,0.9,0.8,0.633333333,0.7,0.133333333,0.933333333,0.366666667,0.266666667,0.366666667,0.0,0.0,0.0,0.133333333,0.0,0.333333333,0.0,0.0,0.0,0.0,0.0,0.0,0.0,0.033333333,0.066666667,0.0,0.0,0.0,0.333333333,0.066666667,0.0,0.0,0.0,0.066666667,0.566666667,0.033333333,0.766666667,0.366666667,0.333333333,0.066666667,0.433333333,0.2,0.0,0.0,0.22290070354938507,0.03819388523697853,0.3623918294906616,0.2261185348033905,0.263034462928772,0.14788740873336792,0.5882865786552429,0.2745681703090668,1.3596187829971313,0.09855781495571136,0.4587385058403015,0.803848922252655,0.1423666924238205,1.1381193399429321,0.12158539891242981,0.17752733826637268,0.2665231227874756,0.076276995241642,0.035438135266304016,0.11327777802944183,0.04244619980454445,0.012816693633794785,0.1338198184967041,0.030245300382375717,0.0054704234935343266,0.015487044118344784,0.039961669594049454,0.03814069926738739,0.02415570057928562,0.12350428104400635,0.12641541659832,0.06215231493115425,0.006770817097276449,0.029991591349244118,0.07006466388702393,0.49549657106399536,0.1561039835214615,0.03039632923901081,0.03473607078194618,0.08358611166477203,0.23048792779445648,0.29931142926216125,0.0469464510679245,0.6982992887496948,0.427563339471817,0.1486589014530182,0.011493894271552563,0.4924509823322296,0.4113122522830963,0.0686691552400589,0.06159615144133568
AG619,0.166666667,0.0,0.533333333,0.766666667,0.5,0.666666667,0.066666667,0.133333333,0.866666667,0.133333333,0.1,0.7,0.0,1.1,0.133333333,0.366666667,0.433333333,0.033333333,0.1,0.2,0.066666667,0.0,0.2,0.033333333,0.033333333,0.0,0.0,0.0,0.0,0.0,0.066666667,0.0,0.0,0.0,0.0,0.7,0.166666667,0.0,0.0,0.0,0.5,0.766666667,0.0,0.533333333,0.933333333,0.3,0.066666667,0.833333333,0.7,0.0,0.333333333,0.24105249345302582,0.05298123508691788,0.47058409452438354,1.6645208597183228,0.18647517263889313,0.16006356477737427,0.3341875672340393,0.28941667079925537,1.2120459079742432,0.1030525341629982,0.22017458081245422,0.4945419430732727,0.03707560896873474,1.6544277667999268,0.1957455277442932,0.3667483627796173,0.24253638088703156,0.005380390677601099,0.014744962565600872,0.04551197960972786,0.10690975934267044,0.016667045652866364,0.1376599669456482,0.041218485683202744,0.008260241709649563,0.024558281525969505,0.04786894470453262,0.053607285022735596,0.03340711072087288,0.05550699681043625,0.24670352041721344,0.05849035829305649,0.09443388879299164,0.06636254489421844,0.07006238400936127,0.3261864483356476,0.1581515520811081,0.03369344025850296,0.03606526926159859,0.08588473498821259,0.11520804464817047,0.13100452721118927,0.02286842092871666,0.7304814457893372,0.6302608251571655,0.1664135605096817,0.0038573062047362328,0.4705459475517273,0.10731979459524155,0.035939838737249374,0.04702935367822647
AG862,0.433333333,0.2,1.0,0.266666667,0.3,0.366666667,1.633333333,0.1,0.533333333,1.133333333,0.533333333,0.466666667,0.1,1.0,0.1,0.233333333,0.233333333,0.0,0.033333333,0.0,0.0,0.0,0.0,0.0,0.066666667,0.2,0.0,0.0,0.0,0.1,0.0,0.0,0.0,0.0,0.1,0.133333333,0.1,0.033333333,0.0,0.0,0.0,0.133333333,0.0,0.533333333,0.133333333,0.0,0.0,0.366666667,0.066666667,0.066666667,0.0,0.22290070354938507,0.03819388523697853,0.3623918294906616,0.2261185348033905,0.263034462928772,0.14788740873336792,0.5882865786552429,0.2745681703090668,1.3596187829971313,0.09855781495571136,0.4587385058403015,0.803848922252655,0.1423666924238205,1.1381193399429321,0.12158539891242981,0.17752733826637268,0.2665231227874756,0.076276995241642,0.035438135266304016,0.11327777802944183,0.04244619980454445,0.012816693633794785,0.1338198184967041,0.030245300382375717,0.0054704234935343266,0.015487044118344784,0.039961669594049454,0.03814069926738739,0.02415570057928562,0.12350428104400635,0.12641541659832,0.06215231493115425,0.006770817097276449,0.029991591349244118,0.07006466388702393,0.49549657106399536,0.1561039835214615,0.03039632923901081,0.03473607078194618,0.08358611166477203,0.23048792779445648,0.29931142926216125,0.0469464510679245,0.6982992887496948,0.427563339471817,0.1486589014530182,0.011493894271552563,0.4924509823322296,0.4113122522830963,0.0686691552400589,0.06159615144133568
AG874,0.2,0.0,0.4,1.966666667,0.2,0.2,0.6,0.1,0.8,0.0,0.333333333,0.566666667,0.066666667,1.7,0.2,0.3,0.366666667,0.0,0.0,0.0,0.0,0.0,0.2,0.0,0.0,0.033333333,0.0,0.1,0.0,0.133333333,0.166666667,0.0,0.033333333,0.0,0.0,0.4,0.0,0.0,0.0,0.0,0.0,0.133333333,0.0,0.433333333,0.6,0.166666667,0.066666667,0.166666667,0.333333333,0.0,0.2,0.11879164725542068,0.04085449501872063,0.3760105073451996,1.1582106351852417,0.17693376541137695,0.22766178846359253,0.5060209631919861,0.28159865736961365,1.3255581855773926,0.08742095530033112,0.4696930944919586,0.5877924561500549,0.09271583706140518,1.6094790697097778,0.3068349063396454,0.5110896229743958,0.21521954238414764,0.027106495574116707,0.01641371101140976,0.049271535128355026,0.03350801020860672,0.02579117938876152,0.10896123945713043,0.059250473976135254,0.005441898945719004,0.03633857145905495,0.04293353483080864,0.03365666791796684,0.06929414719343185,0.03633801266551018,0.2526856064796448,0.06005752831697464,0.005647020414471626,0.00400928221642971,0.07102147489786148,0.27692630887031555,0.16168375313282013,0.03853628411889076,0.035184595733881,0.10381593555212021,0.04002418369054794,0.3286147117614746,0.026529666036367416,0.4377192258834839,0.7505560517311096,0.27419373393058777,0.05675113573670387,0.39083096385002136,0.2410564124584198,0.0029337871819734573,0.1376161426305771
AG875,0.2,0.266666667,0.166666667,0.866666667,0.3,0.266666667,0.333333333,0.733333333,0.566666667,0.1,0.0,0.2,0.1,1.333333333,0.3,0.566666667,0.6,0.1,0.066666667,0.0,0.033333333,0.066666667,0.133333333,0.0,0.0,0.133333333,0.0,0.0,0.0,0.0,0.0,0.033333333,0.066666667,0.0,0.066666667,0.933333333,0.466666667,0.0,0.0,0.1,0.266666667,0.7,0.0,0.433333333,0.233333333,0.1,0.166666667,0.733333333,0.766666667,0.166666667,0.366666667,0.44128817319869995,0.05629885569214821,0.4945340156555176,0.1966673731803894,0.4679696559906006,0.3073529005050659,0.32318300008773804,0.14448902010917664,0.4309016168117523,0.07771867513656616,0.0029962833505123854,0.1617501676082611,0.03289929777383804,0.7628340125083923,0.33592450618743896,0.24461708962917328,0.25617900490760803,0.13151808083057404,0.12196534126996994,0.13301555812358856,0.16343607008457184,0.08812890201807022,0.13859497010707855,0.11022131145000458,0.022785453125834465,0.35638228058815,0.03297277167439461,0.03451147675514221,0.03030909039080143,0.10908569395542145,0.15236273407936096,0.16998536884784698,0.35286715626716614,0.19833528995513916,0.14047913253307343,0.8874274492263794,0.1594415307044983,0.03797530755400658,0.03387143835425377,0.10737723112106323,0.2164429873228073,0.26665180921554565,0.09039469808340073,0.5720399618148804,0.4625606834888458,0.23514424264431,-0.00028905653744004667,0.34670326113700867,0.5155805349349976,0.12199264764785767,0.357565701007843
AH007,0.2,0.0,0.4,0.366666667,0.233333333,0.133333333,0.5,0.366666667,1.366666667,0.1,0.433333333,0.733333333,0.166666667,1.333333333,0.366666667,0.4,0.3,0.1,0.0,0.0,0.066666667,0.0,0.1,0.0,0.0,0.3,0.033333333,0.0,0.3,0.1,0.4,0.133333333,0.0,0.0,0.0,0.633333333,0.233333333,0.0,0.033333333,0.0,0.266666667,0.5,0.166666667,0.833333333,0.166666667,0.2,0.166666667,0.933333333,0.2,0.1,0.166666667,0.18771573901176453,0.030730824917554855,0.2831132113933563,0.09016915410757065,0.28373947739601135,0.1036694347858429,0.5787530541419983,0.3141579031944275,0.8559125065803528,0.08635339140892029,0.37975162267684937,0.3247905373573303,0.06539442390203476,0.9669257402420044,0.48668158054351807,0.279128760099411,0.2369208037853241,0.01867498829960823,0.04303216189146042,0.0797603502869606,0.12769094109535217,0.023207951337099075,0.27869418263435364,0.08728489279747009,0.06667766720056534,0.5528087615966797,0.19884231686592102,0.0999874621629715,0.8212320804595947,0.33806532621383667,0.6452932357788086,0.2204146832227707,0.011605716310441494,0.20402292907238007,0.0716446191072464,0.776134192943573,0.16376230120658875,0.038334473967552185,0.09469391405582428,0.15279236435890198,0.23773257434368134,0.3104418218135834,0.21682918071746826,0.3014100193977356,0.29069751501083374,0.1689007580280304,0.005748500116169453,0.12230570614337921,0.15995538234710693,0.12084740400314331,0.10688503831624985
AH877,0.2,0.0,0.3,0.0,0.333333333,0.2,0.4,0.1,0.733333333,0.0,0.633333333,0.5,0.133333333,1.1,0.466666667,0.566666667,0.366666667,0.033333333,0.133333333,0.066666667,0.0,0.0,0.1,0.0,0.2,0.666666667,0.3,0.0,0.966666667,0.6,0.2,0.133333333,0.0,0.4,0.0,0.733333333,0.533333333,0.166666667,0.266666667,0.066666667,0.1,0.366666667,0.1,0.3,0.0,0.566666667,0.0,0.5,0.2,0.133333333,0.133333333,0.18771573901176453,0.030730824917554855,0.2831132113933563,0.09016915410757065,0.28373947739601135,0.1036694347858429,0.5787530541419983,0.3141579031944275,0.8559125065803528,0.08635339140892029,0.37975162267684937,0.3247905373573303,0.06539442390203476,0.9669257402420044,0.48668158054351807,0.279128760099411,0.2369208037853241,0.01867498829960823,0.04303216189146042,0.0797603502869606,0.12769094109535217,0.023207951337099075,0.27869418263435364,0.08728489279747009,0.06667766720056534,0.5528087615966797,0.19884231686592102,0.0999874621629715,0.8212320804595947,0.33806532621383667,0.6452932357788086,0.2204146832227707,0.011605716310441494,0.20402292907238007,0.0716446191072464,0.776134192943573,0.16376230120658875,0.038334473967552185,0.09469391405582428,0.15279236435890198,0.23773257434368134,0.3104418218135834,0.21682918071746826,0.3014100193977356,0.29069751501083374,0.1689007580280304,0.005748500116169453,0.12230570614337921,0.15995538234710693,0.12084740400314331,0.10688503831624985
AI376,0.517241379,0.172413793,0.379310345,0.0,0.310344828,0.310344828,0.310344828,0.0,0.482758621,0.172413793,0.0,0.068965517,0.034482759,0.793103448,0.24137931,0.137931034,0.103448276,0.068965517,0.0,1.482758621,2.586206897,0.0,1.034482759,0.24137931,0.206896552,0.172413793,0.034482759,0.379310345,0.310344828,0.068965517,0.034482759,0.0,0.0,0.172413793,0.0,0.103448276,0.034482759,0.0,0.0,0.0,0.0,0.206896552,0.0,0.0,0.034482759,0.0,0.172413793,0.206896552,0.24137931,0.206896552,0.0,0.19411925971508026,0.03889083489775658,0.5220906138420105,0.05350581556558609,0.33347460627555847,0.32579660415649414,1.0209271907806396,0.14961054921150208,0.952605128288269,0.2421274483203888,0.07575307041406631,0.2610512971878052,0.10645215213298798,1.1843513250350952,0.2232627272605896,0.18866360187530518,0.24536965787410736,0.09229177981615067,0.06248899921774864,0.5792732834815979,0.8363590240478516,0.027572881430387497,0.3928071856498718,0.05740334466099739,0.10749104619026184,0.3619588613510132,0.07693929970264435,0.19543591141700745,0.18283289670944214,0.1516740322113037,0.12730523943901062,0.05712474137544632,0.0006361100822687149,0.11318615823984146,0.0718623548746109,0.2533493638038635,0.15051479637622833,0.034466955810785294,0.038808152079582214,0.07971783727407455,0.1050490215420723,0.20330452919006348,0.05297432094812393,0.17082001268863678,0.06779713928699493,0.07795103639364243,0.1926157921552658,0.1451108604669571,0.18870019912719727,0.18448103964328766,0.03947218880057335
AA034,0.384615385,0.038461538,0.692307692,0.0,0.0,0.307692308,0.230769231,0.0,0.153846154,0.538461538,0.115384615,0.038461538,0.0,0.307692308,0.0,0.0,0.153846154,0.384615385,0.076923077,0.384615385,0.0,0.230769231,0.423076923,0.0,0.0,0.0,0.0,0.192307692,0.461538462,0.346153846,0.153846154,0.423076923,2.192307692,0.0,0.0,0.0,0.153846154,0.0,0.0,0.0,0.0,0.0,0.0,0.153846154,0.115384615,0.538461538,0.0,0.115384615,0.0,0.153846154,0.192307692,0.7756533026695251,0.2048710584640503,0.5306596159934998,0.13113579154014587,0.12946398556232452,0.3481352925300598,0.6029760837554932,0.14017356932163239,0.4047883450984955,0.3229750394821167,0.15784940123558044,0.1930542141199112,0.10591434687376022,0.29905620217323303,0.02103101648390293,0.08109980821609497,0.2260398268699646,0.261519193649292,0.10817224532365799,0.5056995153427124,0.2842896282672882,0.45862847566604614,0.148320272564888,0.19118455052375793,0.03559950366616249,0.08524925261735916,0.09108620136976242,0.10577840358018875,0.22597363591194153,0.2951672673225403,0.3410843014717102,0.31553906202316284,2.9059624671936035,0.12480393052101135,0.08430416882038116,0.2556585669517517,0.15469786524772644,0.042588211596012115,0.04786907136440277,0.14254748821258545,0.13446420431137085,0.08252482861280441,0.07511792331933975,0.19956468045711517,0.17642885446548462,0.29934853315353394,0.09233080595731735,0.09252181649208069,0.10532951354980469,0.0749058648943901,0.08720643818378448
AB193,0.0,0.0,0.0,0.0,0.0,0.0,0.777777778,0.722222222,0.0,0.0,0.0,0.0,0.0,0.777777778,0.222222222,0.0,0.0,0.0,0.0,0.0,0.166666667,0.0,0.055555556,0.333333333,0.222222222,0.0,1.777777778,0.111111111,0.611111111,1.611111111,0.055555556,0.0,0.0,0.0,0.111111111,0.444444444,0.0,0.0,0.277777778,1.5,0.0,0.388888889,0.388888889,0.0,0.0,0.166666667,0.0,0.0,0.166666667,0.0,0.0,0.2662591338157654,0.3436037600040436,0.3526073694229126,0.9387125372886658,0.11130329966545105,0.1281757652759552,0.7297461628913879,0.4374319016933441,0.4600796699523926,0.1809753030538559,0.21292027831077576,0.1908583790063858,0.08755466341972351,0.7014564871788025,0.19350214302539825,0.19653022289276123,0.21096034348011017,0.05797754228115082,0.055326759815216064,0.26248452067375183,0.34865012764930725,0.1032700315117836,0.22381973266601562,0.07835905253887177,0.0671834796667099,0.16784608364105225,0.5188384056091309,0.1069144532084465,0.37639111280441284,0.44969111680984497,0.15646342933177948,0.150291308760643,0.12766270339488983,0.10008556395769119,0.08080112934112549,0.3820264935493469,0.15140126645565033,0.08136538416147232,0.18277107179164886,0.8052489161491394,0.2137501835823059,0.27231043577194214,0.19940727949142456,0.29611772298812866,0.3420168161392212,0.1844097375869751,0.14114291965961456,0.462552547454834,0.2292165905237198,0.06098300963640213,0.09531471133232117
AC220,0.0,0.0,0.0,0.0,0.0,0.0,0.111111111,0.0,0.074074074,0.0,0.0,0.0,0.0,0.111111111,0.0,0.0,0.0,0.185185185,0.962962963,1.333333333,0.814814815,0.62962963,0.592592593,0.222222222,0.074074074,0.0,0.185185185,0.555555556,0.814814815,0.481481481,0.592592593,0.296296296,0.37037037,0.185185185,0.148148148,0.074074074,0.185185185,0.0,0.0,0.814814815,0.111111111,0.074074074,0.444444444,0.0,0.0,0.0,0.0,0.111111111,0.0,0.0,0.0,0.35097387433052063,0.1167236864566803,0.282899409532547,0.27727076411247253,0.2245217263698578,0.14664146304130554,0.2172541320323944,0.13031896948814392,0.5949689149856567,0.19519968330860138,0.263614684343338,0.255473256111145,0.13659775257110596,0.8252898454666138,0.2621253430843353,0.28497496247291565,0.22489459812641144,0.5011237263679504,0.7695356607437134,0.419641375541687,0.37678927183151245,0.3839786946773529,0.23676681518554688,0.10196460038423538,0.10262902081012726,0.21911054849624634,0.0456373393535614,0.11146929860115051,0.10490456223487854,0.2994876205921173,0.35895711183547974,0.2689302861690521,0.49608051776885986,0.3128214180469513,0.10050991177558899,0.3261527121067047,0.16226375102996826,0.23802800476551056,0.04150839522480965,0.20017991960048676,0.2884146571159363,0.39881590008735657,0.34006577730178833,0.23971223831176758,0.12727203965187073,0.24746116995811462,0.2158191055059433,0.04504489526152611,0.22692155838012695,0.23159192502498627,0.19082976877689362
AC627,0.0,0.0,0.259259259,0.148148148,0.074074074,0.037037037,0.111111111,0.37037037,0.0,0.0,0.0,0.0,0.0,1.407407407,1.148148148,1.185185185,0.555555556,1.777777778,0.666666667,0.111111111,0.0,0.0,0.074074074,0.148148148,0.0,0.296296296,0.037037037,0.0,0.0,0.111111111,0.0,0.0,0.0,0.074074074,0.0,0.444444444,0.148148148,0.0,0.0,0.0,0.0,0.777777778,0.0,0.148148148,0.074074074,0.0,0.037037037,0.185185185,0.37037037,0.740740741,0.037037037,0.3893885016441345,0.1456715315580368,0.5374669432640076,0.6692988872528076,0.5134856104850769,0.24740850925445557,0.5106704235076904,0.5034061670303345,0.41785022616386414,0.12215417623519897,0.07430748641490936,0.09547053277492523,0.024800991639494896,1.2522443532943726,0.5105462074279785,0.5147005915641785,0.3871745765209198,0.40307140350341797,0.18097437918186188,0.5800149440765381,0.5245299339294434,0.16178196668624878,0.32094907760620117,0.07194717228412628,0.035982489585876465,0.12524114549160004,0.09620188176631927,0.05531012639403343,0.05612732470035553,0.17677165567874908,0.19771097600460052,0.11212687194347382,0.23057277500629425,0.3358064293861389,0.07929550111293793,0.5250637531280518,0.15408043563365936,0.043045539408922195,0.0499633364379406,0.19558800756931305,0.28585368394851685,0.22925938665866852,0.058988749980926514,0.4732004702091217,0.6393935680389404,0.22509489953517914,0.1367964744567871,0.3539651930332184,0.3136036694049835,0.29548484086990356,0.1246076375246048
AC729,0.111111111,0.0,0.074074074,0.111111111,0.0,0.074074074,0.222222222,0.0,0.0,0.0,0.0,0.074074074,0.0,1.333333333,0.851851852,0.481481481,0.148148148,0.296296296,0.074074074,0.814814815,0.62962963,0.148148148,0.296296296,0.111111111,0.296296296,0.111111111,0.518518519,0.0,0.0,0.148148148,0.0,0.0,0.0,0.148148148,0.0,0.185185185,0.037037037,0.0,0.0,0.037037037,0.333333333,0.333333333,0.037037037,0.148148148,0.074074074,0.296296296,0.148148148,0.296296296,0.703703704,0.148148148,0.185185185,0.31500062346458435,0.1836303472518921,0.29561370611190796,0.38202059268951416,0.34032440185546875,0.09204366058111191,0.3736668527126312,0.2311890572309494,0.3432003855705261,0.13170407712459564,0.13696174323558807,0.1939346194267273,0.3073263168334961,0.8589551448822021,0.7046757936477661,0.42041724920272827,0.16938956081867218,0.12001962214708328,0.07894334942102432,0.21972377598285675,0.25740718841552734,0.06858523190021515,0.21623043715953827,0.055566225200891495,0.08627618849277496,0.11655920743942261,0.21606649458408356,0.1252983659505844,0.13684074580669403,0.3347926437854767,0.16892315447330475,0.09118837118148804,0.02818956784904003,0.1896326094865799,0.08242344856262207,0.4966316223144531,0.16364236176013947,0.05321897566318512,0.06173189729452133,0.1377299726009369,0.2002929300069809,0.20853686332702637,0.15883946418762207,0.28408801555633545,0.4111383557319641,0.19675496220588684,0.030934426933526993,0.2608841359615326,0.23414190113544464,0.07540527731180191,0.06578971445560455
AD048,0.2,0.066666667,0.2,0.0,0.0,0.0,0.0,0.0,0.0,0.0,0.0,0.0,0.0,0.2,0.0,0.0,0.0,0.133333333,0.0,0.333333333,0.2,0.0,0.133333333,0.2,0.0,0.2,0.2,0.0,0.066666667,0.0,0.0,0.0,2.0,0.0,0.133333333,0.0,0.0,0.066666667,0.266666667,0.333333333,0.0,0.0,0.0,0.0,0.066666667,0.0,0.0,0.0,0.0,0.0,0.0,0.2910365164279938,0.2546026408672333,0.2791084051132202,0.5511702299118042,0.2526196539402008,0.15971797704696655,0.20755504071712494,0.28998038172721863,0.32668471336364746,1.1520686149597168,0.11338310688734055,0.1827368438243866,0.09504850208759308,0.7834755182266235,0.38728511333465576,0.3139287829399109,0.5410326719284058,0.4608442485332489,0.4976588785648346,0.29249051213264465,0.333242803812027,0.23530766367912292,0.3012125790119171,0.17148803174495697,0.0773080512881279,0.1690194010734558,0.1501711755990982,0.11831630766391754,0.13707998394966125,0.28313812613487244,0.23208341002464294,0.20082014799118042,0.2748240530490875,0.33087679743766785,0.09633594751358032,0.3749212920665741,0.1762378215789795,0.11675960570573807,0.04707452282309532,0.285817414522171,0.07399101555347443,0.2352876514196396,0.14182977378368378,0.6344834566116333,0.5915669202804565,0.31963154673576355,0.10346822440624237,0.316792368888855,0.17457015812397003,0.11987948417663574,0.0804797038435936
AE379,1.185185185,0.444444444,0.37037037,0.111111111,0.148148148,0.0,0.037037037,0.185185185,0.0,0.037037037,0.0,0.0,0.0,0.0,0.074074074,0.0,0.0,0.185185185,0.0,1.037037037,1.962962963,0.037037037,1.111111111,0.740740741,0.0,0.0,0.074074074,0.111111111,0.0,0.407407407,0.37037037,0.296296296,0.074074074,0.555555556,0.037037037,0.222222222,0.111111111,0.074074074,0.0,0.0,0.0,0.0,0.148148148,0.0,0.037037037,0.074074074,0.0,0.0,0.0,0.037037037,0.111111111,0.398714542388916,0.06656850874423981,0.3863983154296875,0.2588578164577484,0.44092100858688354,0.13110943138599396,0.2243800014257431,0.12587271630764008,0.4076037108898163,0.09830820560455322,0.03753205016255379,0.13072356581687927,0.06337904185056686,0.48733818531036377,0.18225790560245514,0.1493995487689972,0.22655877470970154,0.33764612674713135,0.2507517635822296,0.6745604872703552,1.1719489097595215,0.15444514155387878,0.4089865982532501,0.1453760713338852,0.0907633975148201,0.058425553143024445,0.07591799646615982,0.0608605295419693,0.06456086039543152,0.19710157811641693,0.24576789140701294,0.16372022032737732,0.11776408553123474,0.33968931436538696,0.13383972644805908,0.6992625594139099,0.15244238078594208,0.06141110137104988,0.03420970216393471,0.16089403629302979,0.541738748550415,0.3893745243549347,0.139150470495224,0.185719832777977,0.16087183356285095,0.273908406496048,0.13981251418590546,0.1558617502450943,0.2956029176712036,0.13363927602767944,0.17538388073444366
AE421,0.222222222,0.0,0.222222222,0.074074074,0.222222222,0.333333333,1.037037037,0.259259259,0.148148148,0.0,0.0,0.148148148,0.0,0.592592593,0.0,0.148148148,0.111111111,0.148148148,0.0,0.0,0.037037037,0.0,0.0,0.0,0.0,0.0,0.185185185,0.0,0.0,0.444444444,0.074074074,0.0,0.0,0.111111111,0.0,0.074074074,0.148148148,0.0,0.0,0.0,0.0,0.296296296,0.37037037,0.518518519,0.888888889,0.518518519,0.592592593,3.481481481,0.0,0.0,0.037037037,0.3133428394794464,0.0900055393576622,0.38960832357406616,0.65008544921875,0.26408228278160095,0.15334263443946838,0.8167172074317932,0.5399472117424011,0.4329718351364136,0.23134365677833557,0.14455385506153107,0.1416783332824707,0.04281512647867203,0.8432303071022034,0.1911238729953766,0.18392573297023773,0.20686838030815125,0.16165952384471893,0.06780669093132019,0.16220860183238983,0.2991347014904022,0.0338357649743557,0.20121115446090698,0.07180353254079819,0.05626237019896507,0.12032470852136612,0.09599939733743668,0.08388141542673111,0.09932383894920349,0.1156453788280487,0.11751723289489746,0.07273717224597931,0.10135958343744278,0.1787225902080536,0.08041530102491379,0.3506231904029846,0.16278459131717682,0.04705200716853142,0.04930701106786728,0.10087495297193527,0.11997530609369278,0.23999541997909546,0.121554896235466,0.4741484224796295,0.3703043758869171,0.45974987745285034,0.19256716966629028,2.6371195316314697,0.16684485971927643,0.16341954469680786,0.1446397602558136
AE810,0.25,0.25,0.75,0.25,0.892857143,0.535714286,0.178571429,0.321428571,0.642857143,0.035714286,0.285714286,0.142857143,0.0,0.571428571,0.071428571,0.25,0.071428571,0.25,0.0,0.0,0.071428571,0.0,0.0,0.142857143,0.0,0.107142857,0.0,0.0,0.0,0.0,0.035714286,0.0,0.0,0.107142857,0.0,0.642857143,0.107142857,0.0,0.0,0.0,0.821428571,0.821428571,0.0,0.107142857,0.428571429,0.0,0.25,0.25,0.607142857,0.392857143,0.107142857,0.3993229866027832,0.11805491149425507,0.7693029046058655,0.23376056551933289,0.4496857225894928,0.3509652018547058,0.6163235902786255,0.2675412595272064,0.4130958020687103,0.24426019191741943,0.2716473937034607,0.48441195487976074,0.07299100607633591,0.684207022190094,0.17155256867408752,0.1676410436630249,0.15106891095638275,0.12759104371070862,0.025513503700494766,0.1502082645893097,0.0981321856379509,0.06371237337589264,0.1172301173210144,0.06635534018278122,0.03827473893761635,0.1484111249446869,0.058548931032419205,0.0858970656991005,0.12512247264385223,0.15960822999477386,0.2038683444261551,0.09943443536758423,0.014610783196985722,0.09392963349819183,0.07244503498077393,0.4270592927932739,0.15291038155555725,0.04083438962697983,0.039352986961603165,0.13999511301517487,0.30344271659851074,0.2857274115085602,0.04662669450044632,0.2352994680404663,0.36483463644981384,0.22854067385196686,0.198856920003891,0.14467273652553558,0.41748058795928955,0.2626460790634155,0.09458673000335693
AE942,0.740740741,0.074074074,0.296296296,0.074074074,0.111111111,0.444444444,0.296296296,0.333333333,0.0,0.148148148,0.0,0.0,0.0,0.259259259,0.0,0.0,0.0,0.0,0.0,0.0,0.0,0.0,0.0,0.0,0.0,0.0,0.0,0.0,0.0,0.111111111,0.148148148,0.074074074,0.0,0.851851852,0.185185185,0.518518519,1.037037037,0.111111111,0.0,0.111111111,0.111111111,0.259259259,0.111111111,1.62962963,0.666666667,1.185185185,0.888888889,0.925925926,0.518518519,0.037037037,0.333333333,0.39006438851356506,0.12142795324325562,0.6526623964309692,0.5623180866241455,0.23904310166835785,0.24144205451011658,0.4443027377128601,0.20396336913108826,0.24760477244853973,0.09188195317983627,0.13340504467487335,0.12398642301559448,0.05454181507229805,0.7098845839500427,0.13800257444381714,0.18339323997497559,0.1935170441865921,0.17015425860881805,0.12565872073173523,0.5895465612411499,0.2637915313243866,0.19033823907375336,0.22436079382896423,0.09064234793186188,0.0563182458281517,0.09457305073738098,0.08714853227138519,0.17908573150634766,0.11314024031162262,0.1661325842142105,0.16214534640312195,0.1552313268184662,0.4231918156147003,0.5629423260688782,0.08693880587816238,0.4537421762943268,0.15734632313251495,0.13826125860214233,0.04047398269176483,0.16537372767925262,0.1971272975206375,0.1981889307498932,0.07473678141832352,0.6607688069343567,0.6498336791992188,0.9463938474655151,0.5470190048217773,0.7349364161491394,0.21785002946853638,0.25388360023498535,0.15016776323318481
AG056,0.7,0.3,0.5,0.1,0.166666667,0.166666667,0.633333333,0.266666667,0.266666667,0.0,0.466666667,0.166666667,0.333333333,0.466666667,0.0,0.0,0.0,0.0,0.0,0.1,0.0,0.1,0.0,0.0,0.0,0.0,0.0,0.0,0.0,0.166666667,0.266666667,0.566666667,0.966666667,0.1,0.133333333,0.833333333,0.733333333,0.2,0.033333333,0.233333333,0.133333333,0.2,0.0,0.1,0.066666667,0.566666667,0.0,0.233333333,0.3,0.0,0.233333333,0.36868196725845337,0.2256748378276825,0.5246440172195435,0.6781386137008667,0.2555868327617645,0.22642973065376282,0.4245893657207489,0.25587621331214905,0.7195102572441101,0.14584767818450928,0.27169400453567505,0.36931946873664856,0.1286623179912567,1.1089783906936646,0.11027028411626816,0.21357811987400055,0.20195698738098145,0.06775473803281784,0.025531819090247154,0.42856547236442566,0.46385568380355835,0.06502556055784225,0.2148200273513794,0.08710241317749023,0.013179626315832138,0.08918386697769165,0.05337377265095711,0.130803182721138,0.05476149171590805,0.12398642301559448,0.1959490180015564,0.09480985254049301,0.19611677527427673,0.06284806877374649,0.0734940618276596,0.39388254284858704,0.16129335761070251,0.03792370483279228,0.043800387531518936,0.10020285099744797,0.1943826526403427,0.23425354063510895,0.04463031888008118,0.2559405267238617,0.5745142698287964,0.24659517407417297,0.14758698642253876,0.2324754148721695,0.21729792654514313,0.10450080782175064,0.07821961492300034
AG272,0.066666667,0.0,0.433333333,0.533333333,0.166666667,0.233333333,0.033333333,0.233333333,0.3,0.0,0.0,0.0,0.0,0.8,0.066666667,0.133333333,0.066666667,0.0,0.0,0.0,0.0,0.0,0.0,0.0,0.0,0.0,0.0,0.0,0.0,0.0,0.5,0.0,0.266666667,0.0,0.0,0.633333333,0.0,0.0,0.0,0.0,0.133333333,0.0,0.0,2.666666667,1.7,0.366666667,0.0,0.266666667,0.233333333,0.133333333,0.266666667,0.6970347166061401,0.11568950116634369,0.31075701117515564,0.2501693069934845,0.2793661653995514,0.10887108743190765,0.11614371091127396,0.14038309454917908,0.3886672258377075,0.12120431661605835,0.12430787831544876,0.22502444684505463,0.08776587247848511,0.6360411047935486,0.28095877170562744,0.2681586742401123,0.13226209580898285,0.10884197801351547,0.05216718465089798,0.17322884500026703,0.2956840693950653,0.07429450005292892,0.19058679044246674,0.0368596613407135,0.055113378912210464,0.09438364207744598,0.19741123914718628,0.2043098509311676,0.25899389386177063,0.14680011570453644,0.1926131397485733,0.1676846146583557,0.018670931458473206,0.10881172865629196,0.07478149980306625,0.4559286832809448,0.159158393740654,0.05224357172846794,0.08593995124101639,0.26735448837280273,0.10138002038002014,0.15930084884166718,0.13341091573238373,0.8813245296478271,0.6108936071395874,0.3315989375114441,0.09050634503364563,0.6182237863540649,0.17111347615718842,0.09385077655315399,0.13604377210140228
AG351,0.133333333,0.0,0.166666667,0.0,0.066666667,0.0,0.2,0.0,0.5,0.0,0.0,0.0,0.0,0.366666667,0.1,0.133333333,0.066666667,0.266666667,0.133333333,0.733333333,0.4,0.666666667,0.1,0.066666667,0.0,0.0,0.0,0.0,0.0,0.2,0.566666667,0.6,3.7,0.133333333,0.266666667,0.133333333,0.0,0.0,0.1,0.1,0.233333333,0.3,0.266666667,0.1,0.033333333,0.066666667,0.0,0.1,0.266666667,0.0,0.0,0.10271675139665604,0.10837030410766602,0.3515665531158447,0.12637557089328766,0.13116176426410675,0.12864403426647186,0.06216638162732124,0.11069943010807037,0.2687043249607086,0.07361681759357452,0.07045948505401611,0.13157029449939728,0.02359619364142418,0.1734534054994583,0.0677882581949234,0.07218576222658157,0.15457607805728912,0.09715890884399414,0.09131361544132233,0.8336679339408875,0.7972855567932129,0.4489976167678833,0.3213810622692108,0.17833301424980164,0.022012202069163322,0.06304826587438583,0.1234021857380867,0.20520338416099548,0.2843357026576996,0.32869139313697815,0.2385195940732956,0.30928513407707214,3.4102447032928467,0.11673261225223541,0.07545600831508636,0.2708383798599243,0.1557426005601883,0.043347399681806564,0.04069075733423233,0.12574206292629242,0.18550625443458557,0.04539814591407776,0.0632634311914444,0.2957289218902588,0.22602495551109314,0.2800920903682709,0.06907539814710617,0.16620001196861267,0.166812002658844,0.04100339859724045,0.04992566257715225
AH254,0.133333333,0.0,0.466666667,0.1,0.566666667,0.066666667,0.2,0.266666667,0.833333333,0.1,0.333333333,0.166666667,0.1,0.7,0.233333333,0.1,0.366666667,0.166666667,0.033333333,0.166666667,0.133333333,0.0,0.266666667,0.0,0.0,0.3,0.0,0.0,0.066666667,0.1,0.1,0.233333333,0.066666667,0.166666667,0.0,0.9,0.3,0.0,0.0,0.0,0.766666667,0.533333333,0.0,0.633333333,0.933333333,0.0,0.033333333,0.133333333,0.466666667,0.166666667,0.233333333,0.26008009910583496,0.16699784994125366,0.2774043381214142,0.49761638045310974,0.2934058606624603,0.15220767259597778,0.3727984130382538,0.3066307008266449,0.7694705128669739,0.10274413228034973,0.18063296377658844,0.3615665137767792,0.06976960599422455,0.9261381030082703,0.27308520674705505,0.36415836215019226,0.3148801624774933,0.20954017341136932,0.20432236790657043,1.0370697975158691,1.2234735488891602,0.08716380596160889,0.6344360709190369,0.09290748089551926,0.05752834305167198,0.09910599887371063,0.11839033663272858,0.13718295097351074,0.24979420006275177,0.12531928718090057,0.24996423721313477,0.12692031264305115,0.21460001170635223,0.1123347207903862,0.10901451110839844,0.4420246481895447,0.15603475272655487,0.06814932823181152,0.047956906259059906,0.13342292606830597,0.3427681624889374,0.22733323276042938,0.11484277993440628,0.37330472469329834,0.40403103828430176,0.11857691407203674,0.09297105669975281,0.42535677552223206,0.3001358211040497,0.08472616225481033,0.09635957330465317
AH568,0.1,0.066666667,0.266666667,0.0,0.0,0.0,0.533333333,0.2,1.3,0.0,0.9,0.266666667,0.066666667,0.866666667,0.133333333,0.3,0.0,0.1,0.033333333,0.0,0.0,0.0,0.1,0.0,0.133333333,0.0,0.066666667,0.0,0.566666667,0.366666667,0.6,0.566666667,2.633333333,0.133333333,0.0,0.133333333,0.1,0.0,0.0,0.066666667,0.0,0.0,0.0,0.2,0.133333333,0.0,0.0,0.0,0.0,0.0,0.0,0.2713819444179535,0.28072476387023926,0.4041082561016083,0.12059947103261948,0.22129158675670624,0.170895516872406,0.39946234226226807,0.1900523602962494,0.6236424446105957,0.3884064555168152,0.4701962471008301,0.3430929481983185,0.16215558350086212,0.9343602061271667,0.15634965896606445,0.29774177074432373,0.41115668416023254,0.6024643182754517,0.2377549260854721,0.5360738635063171,0.5316596031188965,0.36656686663627625,0.27378132939338684,0.1554618775844574,0.02911745384335518,0.30032092332839966,0.1987917125225067,0.1273641437292099,0.22191479802131653,0.3998973071575165,0.29289060831069946,0.3409600853919983,1.647958517074585,0.3602466583251953,0.1142221987247467,0.4727732539176941,0.15466156601905823,0.0614294558763504,0.03774750232696533,0.21814045310020447,0.21079380810260773,0.12454808503389359,0.07159698754549026,0.17886017262935638,0.17860382795333862,0.15446913242340088,0.11060233414173126,0.13145895302295685,0.22376231849193573,0.10091554373502731,0.10788146406412125
AI338,0.517241379,0.0,0.344827586,0.0,0.24137931,0.0,0.103448276,0.275862069,0.965517241,0.172413793,0.413793103,0.24137931,0.206896552,1.172413793,0.344827586,0.482758621,0.482758621,0.0,0.0,0.275862069,0.413793103,0.0,0.482758621,0.0,0.0,0.0,0.24137931,0.0,0.068965517,0.310344828,0.586206897,0.0,0.0,0.482758621,0.482758621,0.517241379,0.068965517,0.0,0.0,0.344827586,0.0,0.034482759,0.034482759,0.0,0.0,0.137931034,0.068965517,0.103448276,0.0,0.0,0.034482759,0.3700806498527527,0.07479444891214371,0.40462496876716614,0.21941906213760376,0.347646027803421,0.14241237938404083,0.41755950450897217,0.2451906055212021,0.7976775765419006,0.16043555736541748,0.3901997208595276,0.2955350875854492,0.08399242907762527,1.0287715196609497,0.39455512166023254,0.4866976737976074,0.18141616880893707,0.1195930540561676,0.09275082498788834,0.4163481295108795,0.6465920209884644,0.1062202900648117,0.3530355989933014,0.08971751481294632,0.05044250935316086,0.1504140943288803,0.2323315441608429,0.07403811067342758,0.11189752072095871,0.25952810049057007,0.33839571475982666,0.12065738439559937,0.2224598526954651,0.2356092929840088,0.101568304002285,0.4580150544643402,0.18020179867744446,0.15030893683433533,0.037953514605760574,0.12981094419956207,0.2515994906425476,0.13226324319839478,0.0593690350651741,0.2792646884918213,0.2329913079738617,0.3000654876232147,0.1323479861021042,0.49757060408592224,0.2961036264896393,0.12953318655490875,0.12573929131031036
AI981,0.642857143,0.142857143,0.714285714,0.107142857,0.678571429,0.928571429,0.857142857,0.107142857,0.75,0.535714286,0.392857143,0.0,0.0,0.821428571,0.285714286,0.25,0.107142857,0.107142857,0.0,0.0,0.285714286,0.0,0.178571429,0.071428571,0.0,0.5,0.0,0.0,0.0,0.071428571,0.0,0.0,0.0,0.535714286,0.214285714,0.571428571,0.071428571,0.0,0.0,0.0,0.214285714,0.5,0.0,0.107142857,0.035714286,0.357142857,0.321428571,0.464285714,0.678571429,0.25,0.142857143,0.42090222239494324,0.06161431595683098,0.3799091875553131,0.1069326102733612,0.32380014657974243,0.149903804063797,0.4257526695728302,0.18792353570461273,0.3283122777938843,0.10169882327318192,0.2082006335258484,0.10511820018291473,0.04099755734205246,0.709902286529541,0.2517079710960388,0.21836011111736298,0.18239539861679077,0.20800678431987762,0.14951825141906738,0.3710056245326996,0.46053746342658997,0.05601489171385765,0.2811138331890106,0.10009557753801346,0.047427814453840256,0.3459026515483856,0.21792246401309967,0.1522265523672104,0.15344302356243134,0.22431880235671997,0.16509650647640228,0.07864268869161606,0.020010756328701973,0.23200447857379913,0.08663560450077057,0.5394617319107056,0.17823782563209534,0.0366399809718132,0.04609489068388939,0.11685561388731003,0.08332084119319916,0.1844976544380188,0.0965588316321373,0.1332332193851471,0.21572203934192657,0.21722765266895294,0.12002144753932953,0.23122519254684448,0.21972811222076416,0.09045902639627457,0.10126358270645142
AJ266,0.233333333,0.0,0.266666667,0.1,0.433333333,0.033333333,0.1,0.366666667,0.266666667,0.0,0.0,0.0,0.0,1.033333333,0.966666667,0.433333333,0.566666667,1.033333333,1.5,0.8,0.466666667,0.1,0.4,0.0,0.1,0.133333333,0.133333333,0.0,0.066666667,0.166666667,0.166666667,0.066666667,0.066666667,0.266666667,0.066666667,0.7,0.166666667,0.0,0.0,0.033333333,0.466666667,0.0,0.066666667,0.133333333,0.266666667,0.333333333,0.0,0.766666667,0.166666667,0.333333333,0.066666667,0.242944598197937,0.037141766399145126,0.3503732979297638,0.41861337423324585,0.3540356755256653,0.17374122142791748,0.3344801962375641,0.19653959572315216,0.8988760709762573,0.16584143042564392,0.18237197399139404,0.2740152180194855,0.07864938676357269,1.554678201675415,0.7231298089027405,0.43144893646240234,0.3693513572216034,0.4857746362686157,0.5837286114692688,0.2674940228462219,0.3152662217617035,0.15250010788440704,0.2366783767938614,0.08481266349554062,0.02439025789499283,0.20506931841373444,0.04315425828099251,0.05333302170038223,0.07502995431423187,0.19804702699184418,0.20436517894268036,0.08056353032588959,0.12458816170692444,0.13514144718647003,0.07049091905355453,0.31242942810058594,0.16247309744358063,0.045539308339357376,0.035427290946245193,0.10912176966667175,0.23745369911193848,0.14172227680683136,0.06496073305606842,0.2823505103588104,0.19489812850952148,0.25619035959243774,0.09859491884708405,0.5493755340576172,0.2052653282880783,0.11211151629686356,0.07137612253427505
AK436,0.0,0.133333333,0.333333333,0.2,0.166666667,0.533333333,0.4,0.333333333,1.033333333,3.433333333,0.466666667,0.433333333,0.0,1.866666667,0.133333333,0.233333333,0.133333333,0.133333333,0.1,0.0,0.233333333,0.0,0.0,0.1,0.0,0.2,0.066666667,0.0,0.0,0.566666667,0.0,0.0,0.0,0.0,0.0,0.066666667,0.1,0.0,0.0,0.0,0.0,0.066666667,0.0,0.433333333,0.366666667,0.0,0.133333333,0.1,0.0,0.0,0.266666667,0.4315420985221863,0.07361019402742386,0.4671173691749573,0.07050646096467972,0.27255988121032715,0.25235646963119507,0.4205722212791443,0.267796128988266,0.7568846344947815,0.3750402629375458,0.2654011845588684,0.18377771973609924,0.03109235130250454,1.5455832481384277,0.22982747852802277,0.27562031149864197,0.21893058717250824,0.06615190953016281,0.08622997999191284,0.1438138335943222,0.2246001958847046,0.034523431211709976,0.17205406725406647,0.05719571188092232,0.02981773391366005,0.17601345479488373,0.040044207125902176,0.04694560170173645,0.08727914094924927,0.3048774302005768,0.19201818108558655,0.0754505917429924,0.20177802443504333,0.13496103882789612,0.07152124494314194,0.5026459097862244,0.1501356065273285,0.0341329425573349,0.03488863259553909,0.10330043733119965,0.1463889628648758,0.11435037851333618,0.10199373215436935,0.2095566987991333,0.12791956961154938,0.30692246556282043,0.18370865285396576,0.16860011219978333,0.16795165836811066,0.209337517619133,0.17925283312797546
AK851,0.233333333,0.0,0.133333333,0.1,0.2,0.433333333,0.4,0.3,0.733333333,3.666666667,0.233333333,0.3,0.0,1.733333333,0.0,0.266666667,0.1,0.0,0.0,0.0,0.266666667,0.0,0.0,0.0,0.0,0.066666667,0.0,0.0,0.1,0.466666667,0.066666667,0.0,0.0,0.166666667,0.0,0.6,0.333333333,0.0,0.133333333,0.066666667,0.0,0.0,0.1,0.5,0.266666667,0.7,0.266666667,0.0,0.133333333,0.0,0.266666667,0.4551464915275574,0.0437801294028759,0.5339418053627014,0.12627246975898743,0.34757524728775024,0.1932457834482193,0.43902388215065,0.2884500026702881,1.0161430835723877,0.21097856760025024,0.16148537397384644,0.19683003425598145,0.040059834718704224,1.515298843383789,0.26392772793769836,0.2727838158607483,0.2360297292470932,0.01817355677485466,0.026737306267023087,0.15643377602100372,0.27021652460098267,0.03006347268819809,0.24645546078681946,0.10627435147762299,0.04065784811973572,0.22325097024440765,0.07452606409788132,0.05535523220896721,0.16396847367286682,0.29700198769569397,0.3209066689014435,0.06759840995073318,0.019634883850812912,0.1787429302930832,0.0711931511759758,0.6074144840240479,0.15032446384429932,0.05250708386301994,0.045653797686100006,0.12805847823619843,0.059388644993305206,0.08980972319841385,0.08140668272972107,0.1854727566242218,0.1545579880475998,0.40625229477882385,0.1549057513475418,0.22430771589279175,0.1536996215581894,0.08414865285158157,0.149412140250206
AK907,0.433333333,0.233333333,0.266666667,0.033333333,0.0,0.0,0.6,0.333333333,1.466666667,0.233333333,0.0,0.1,0.1,1.433333333,0.066666667,0.133333333,0.566666667,0.0,0.066666667,0.0,0.266666667,0.133333333,0.2,0.066666667,0.0,0.1,0.0,0.0,0.066666667,0.9,0.7,0.233333333,0.0,0.133333333,0.0,0.5,0.1,0.2,0.033333333,0.5,0.0,0.066666667,0.0,0.066666667,0.3,2.233333333,0.0,0.566666667,0.066666667,0.066666667,0.266666667,0.4962226152420044,0.09306260943412781,0.317631334066391,0.18200917541980743,0.2974804937839508,0.13312162458896637,0.2563702166080475,0.15879181027412415,0.6207773685455322,0.11439717561006546,0.07411620020866394,0.12223567068576813,0.034085962921381,0.9663504958152771,0.19890333712100983,0.18292874097824097,0.18102340400218964,0.06572308391332626,0.030895186588168144,0.2978816032409668,0.2446502149105072,0.06966928392648697,0.2576269507408142,0.08779551833868027,0.03821444883942604,0.19734838604927063,0.0783272236585617,0.05164211243391037,0.0788860023021698,0.2807406485080719,0.19440361857414246,0.10063373297452927,0.0682934895157814,0.20563915371894836,0.09206163883209229,0.5171370506286621,0.16869063675403595,0.050806935876607895,0.03426981344819069,0.12000270932912827,0.11194752901792526,0.1733091175556183,0.06778009980916977,0.236851766705513,0.2583730220794678,0.29685264825820923,0.17509932816028595,0.3911057114601135,0.23944567143917084,0.2113768607378006,0.11150236427783966
AK975,0.366666667,0.0,0.2,0.0,0.033333333,0.0,0.166666667,0.1,0.666666667,0.166666667,0.1,0.0,0.133333333,1.2,1.166666667,0.6,0.1,0.0,0.066666667,0.0,0.266666667,0.4,0.133333333,0.066666667,0.233333333,0.066666667,0.333333333,0.133333333,0.033333333,0.5,0.2,0.3,0.0,0.566666667,0.333333333,0.9,0.166666667,0.933333333,0.033333333,0.833333333,0.133333333,0.266666667,0.266666667,0.4,0.133333333,0.4,0.1,0.066666667,0.433333333,0.266666667,0.133333333,0.42468246817588806,0.05718204006552696,0.5780322551727295,0.17096738517284393,0.3617677092552185,0.14585816860198975,0.3816821873188019,0.30315834283828735,0.7676045894622803,0.14034689962863922,0.1566394865512848,0.3059433698654175,0.07786084711551666,1.365736722946167,0.45381301641464233,0.37154871225357056,0.20518356561660767,0.08539925515651703,0.0907488763332367,0.22114932537078857,0.3263877332210541,0.08364402502775192,0.24747200310230255,0.10395095497369766,0.0662272498011589,0.1991562396287918,0.07141470909118652,0.07014932483434677,0.1556641310453415,0.29756686091423035,0.3166307508945465,0.0769805982708931,0.16105817258358002,0.1883447915315628,0.07743259519338608,0.5575666427612305,0.18127577006816864,0.08915406465530396,0.03754817321896553,0.16111697256565094,0.21982914209365845,0.14463205635547638,0.07968876510858536,0.2400469332933426,0.2542556822299957,0.36067771911621094,0.1581452339887619,0.3741876482963562,0.29168155789375305,0.16456782817840576,0.14725172519683838
AL426,0.366666667,0.0,0.233333333,0.0,0.833333333,0.2,0.233333333,0.0,0.133333333,0.1,0.0,0.033333333,0.0,0.2,0.233333333,0.066666667,0.266666667,0.033333333,0.266666667,0.933333333,1.7,0.0,0.833333333,0.0,0.0,0.366666667,0.0,0.066666667,0.0,0.0,0.0,0.0,0.033333333,0.766666667,0.1,0.966666667,0.0,0.0,0.0,0.0,0.433333333,0.4,0.0,0.0,0.133333333,0.233333333,0.533333333,0.0,0.533333333,0.166666667,0.366666667,0.6740899085998535,0.07516822218894958,0.5526158809661865,0.24429947137832642,0.6810898184776306,0.20954152941703796,0.37876537442207336,0.20933915674686432,0.6343956589698792,0.12486698478460312,0.07676340639591217,0.12215013056993484,0.0014577043475583196,0.6781777739524841,0.16470295190811157,0.2164641171693802,0.20613780617713928,0.13252726197242737,0.15393604338169098,0.5866628289222717,0.8738051652908325,0.11376670002937317,0.3767933249473572,0.09834059327840805,0.029737642034888268,0.28056785464286804,0.08860804885625839,0.07072512060403824,0.09808706492185593,0.26556655764579773,0.15589548647403717,0.09381480515003204,0.08520761132240295,0.3786747455596924,0.10695785284042358,0.9021680951118469,0.17531678080558777,0.11609659343957901,0.04044061154127121,0.16327325999736786,0.44712188839912415,0.14218966662883759,0.08186186105012894,0.2029869556427002,0.18916818499565125,0.2527863383293152,0.18473410606384277,0.1369839459657669,0.2518296241760254,0.24846100807189941,0.16172471642494202
AL860,1.166666667,0.1,0.833333333,0.233333333,0.6,0.233333333,0.433333333,0.0,0.5,0.3,0.133333333,0.066666667,0.0,0.733333333,0.066666667,0.1,0.2,0.0,0.0,0.0,0.166666667,0.0,0.066666667,0.0,0.0,0.1,0.0,0.0,0.0,0.066666667,0.266666667,0.0,0.0,0.366666667,0.1,0.8,0.1,0.133333333,0.066666667,0.033333333,0.733333333,0.066666667,0.0,0.033333333,0.133333333,0.133333333,0.8,0.0,1.033333333,0.2,0.166666667,0.8428500294685364,0.069669708609581,0.6540059447288513,0.23417362570762634,0.494432270526886,0.1833975911140442,0.3257535994052887,0.1636504977941513,0.5804097652435303,0.11931992322206497,0.0907149463891983,0.13812409341335297,0.02112772688269615,0.6328161954879761,0.12414134293794632,0.15532255172729492,0.22104142606258392,0.09728490561246872,0.15687282383441925,0.38617101311683655,0.6048696041107178,0.14678409695625305,0.4052025079727173,0.11394037306308746,0.011399869807064533,0.19744563102722168,0.045309677720069885,0.05099814757704735,0.12090165168046951,0.2866760492324829,0.23356865346431732,0.13413190841674805,0.21590536832809448,0.3191331624984741,0.09657847136259079,0.8399056196212769,0.1512027084827423,0.13466359674930573,0.04158107936382294,0.1918058544397354,0.39102646708488464,0.2261851727962494,0.16056178510189056,0.19135817885398865,0.15989868342876434,0.27336427569389343,0.12358003109693527,0.0888008177280426,0.3077954053878784,0.23651222884655,0.20723018050193787
AL869,0.5,0.0,0.433333333,0.4,0.3,0.133333333,0.966666667,0.0,1.566666667,0.266666667,0.533333333,0.733333333,0.266666667,2.1,0.366666667,0.466666667,0.0,0.0,0.0,0.233333333,0.5,0.0,0.6,0.233333333,0.033333333,0.533333333,0.133333333,0.0,0.433333333,0.2,0.033333333,0.0,0.0,0.233333333,0.0,0.333333333,0.333333333,0.0,0.0,0.0,0.0,0.0,0.1,0.0,0.233333333,0.433333333,0.0,0.4,0.0,0.0,0.0,0.5208150148391724,0.049105606973171234,0.4205986261367798,0.15953968465328217,0.4019051790237427,0.17737828195095062,0.398313969373703,0.13714563846588135,0.9023102521896362,0.1863839030265808,0.25125643610954285,0.12680993974208832,0.045934468507766724,1.2488080263137817,0.34196093678474426,0.2891687750816345,0.2187909632921219,0.03092481754720211,0.05679570138454437,0.36284422874450684,0.2876386046409607,0.07932868599891663,0.2180442065000534,0.10816887021064758,0.05070620775222778,0.19625209271907806,0.06891937553882599,0.07882402092218399,0.12858660519123077,0.3116518557071686,0.2855946719646454,0.08277451992034912,0.14383721351623535,0.2057502120733261,0.07672657817602158,0.678192138671875,0.15317656099796295,0.08068156242370605,0.0387316532433033,0.18409590423107147,0.10238891839981079,0.09066702425479889,0.06620381027460098,0.1378696709871292,0.13498850166797638,0.2952921688556671,0.1271032840013504,0.22143498063087463,0.13847890496253967,0.14338812232017517,0.1402471363544464
AM361,0.533333333,0.1,0.633333333,1.0,0.833333333,0.1,0.466666667,0.466666667,0.166666667,0.0,0.1,0.0,0.133333333,1.3,0.433333333,0.3,0.466666667,0.0,0.066666667,0.1,0.266666667,0.0,0.066666667,0.0,0.066666667,0.4,0.0,0.0,0.0,0.066666667,0.3,0.0,0.0,0.1,0.0,0.9,0.3,0.0,0.0,0.0,0.3,0.0,0.133333333,0.3,0.1,0.2,0.0,0.6,0.166666667,0.1,0.033333333,0.38748064637184143,0.04180764779448509,0.38601720333099365,0.20998267829418182,0.37170329689979553,0.13081862032413483,0.3145812153816223,0.2748638689517975,0.6124415397644043,0.09244715422391891,0.1813865602016449,0.18083007633686066,0.10279397666454315,1.3806111812591553,0.3949892520904541,0.36025935411453247,0.299414724111557,0.184981569647789,0.1450829803943634,0.19898925721645355,0.1859266608953476,0.09265116602182388,0.19411012530326843,0.07817373424768448,0.06436578929424286,0.4404328465461731,0.08080734312534332,0.07705222815275192,0.060646433383226395,0.18373408913612366,0.14463864266872406,0.0980030745267868,0.05527498573064804,0.14687934517860413,0.07346782833337784,0.4321141242980957,0.15645650029182434,0.031516626477241516,0.03810909390449524,0.1390591263771057,0.17703910171985626,0.20404282212257385,0.04210621863603592,0.2039209008216858,0.17937622964382172,0.22052204608917236,0.1451033353805542,0.29653918743133545,0.20701751112937927,0.16115938127040863,0.08129316568374634
AM430,0.4,0.033333333,0.866666667,0.666666667,0.9,0.0,0.5,0.2,0.233333333,0.0,0.2,0.0,0.0,1.3,0.5,0.566666667,0.466666667,0.0,0.0,0.1,0.133333333,0.0,0.2,0.0,0.233333333,0.366666667,0.1,0.033333333,0.0,0.066666667,0.266666667,0.0,0.0,0.0,0.033333333,0.266666667,0.0,0.0,0.0,0.0,0.066666667,0.066666667,0.0,0.3,0.233333333,0.266666667,0.1,0.066666667,0.4,0.2,0.066666667,0.5449494123458862,0.05125053972005844,0.4953938126564026,0.3615415096282959,0.24249877035617828,0.20011867582798004,0.4939178228378296,0.19927771389484406,0.839805006980896,0.1086798906326294,0.29552510380744934,0.2260160744190216,0.13952197134494781,1.3134589195251465,0.3329279124736786,0.30874499678611755,0.23706404864788055,0.1017473116517067,0.046187471598386765,0.1627691239118576,0.16196982562541962,0.06753123551607132,0.1701035052537918,0.07203724980354309,0.04169365391135216,0.15079085528850555,0.07521330565214157,0.06002859026193619,0.08050822466611862,0.2505907416343689,0.27521637082099915,0.11495086550712585,0.07616152614355087,0.12110338360071182,0.07469619065523148,0.3180035948753357,0.1530390977859497,0.032696936279535294,0.03858689218759537,0.11830440163612366,0.15255241096019745,0.20889624953269958,0.03683117404580116,0.21112781763076782,0.21198847889900208,0.22145859897136688,0.16761988401412964,0.26861074566841125,0.283023476600647,0.15274734795093536,0.07349689304828644
AO091,0.1,0.166666667,0.2,1.3,0.166666667,0.133333333,0.533333333,0.666666667,0.6,0.266666667,0.166666667,0.2,0.333333333,1.533333333,0.766666667,0.733333333,0.333333333,0.0,0.066666667,0.933333333,1.166666667,0.0,0.4,0.166666667,0.366666667,0.7,0.133333333,0.1,0.2,0.2,0.066666667,0.066666667,0.0,0.0,0.0,0.4,0.133333333,0.0,0.0,0.033333333,0.1,0.133333333,0.0,0.066666667,0.2,0.033333333,0.433333333,0.466666667,0.133333333,0.166666667,0.0,0.3621768355369568,0.05220108851790428,0.5419172644615173,0.9075745940208435,0.5165479779243469,0.19195011258125305,0.5209786295890808,0.36017540097236633,0.6628495454788208,0.1175047755241394,0.15406185388565063,0.18962286412715912,0.09321079403162003,1.1806029081344604,0.37820228934288025,0.35818415880203247,0.30016303062438965,0.07562191784381866,0.04897140711545944,0.2800101041793823,0.38330891728401184,0.08492232114076614,0.2431943565607071,0.13580572605133057,0.12831279635429382,0.481701523065567,0.2129833847284317,0.10219170153141022,0.3023027777671814,0.32621434330940247,0.38349977135658264,0.21781964600086212,0.07432741671800613,0.21807487308979034,0.08410463482141495,0.742434024810791,0.1807425618171692,0.06907735019922256,0.10633394867181778,0.5084183812141418,0.15693369507789612,0.176439106464386,0.10381526499986649,0.27118462324142456,0.3150229752063751,0.3642932176589966,0.21413367986679077,0.32778337597846985,0.2053001970052719,0.21554523706436157,0.1309709995985031
AP450,0.466666667,0.133333333,0.366666667,0.2,0.333333333,0.233333333,0.233333333,0.533333333,1.266666667,0.166666667,0.733333333,0.633333333,0.0,2.166666667,0.5,0.4,0.066666667,0.133333333,0.033333333,0.9,1.133333333,0.0,0.933333333,0.133333333,0.1,0.066666667,0.133333333,0.066666667,0.0,0.166666667,0.066666667,0.0,0.0,0.0,0.0,0.566666667,0.2,0.0,0.0,0.0,0.133333333,0.066666667,0.033333333,0.2,0.2,0.166666667,0.133333333,0.5,0.133333333,0.133333333,0.1,0.27605268359184265,0.038397859781980515,0.29321950674057007,0.20618247985839844,0.2442396581172943,0.09652125835418701,0.4093658924102783,0.2109909951686859,1.0222423076629639,0.08524347096681595,0.25331389904022217,0.4078806936740875,0.08127713203430176,1.253496766090393,0.34159576892852783,0.29776519536972046,0.19980785250663757,0.03430844098329544,0.04309619590640068,0.2451549470424652,0.33452942967414856,0.03920498490333557,0.24001990258693695,0.09382162988185883,0.05808563902974129,0.13312065601348877,0.11299709230661392,0.08246371895074844,0.1112418994307518,0.19905392825603485,0.37795501947402954,0.07885320484638214,0.05552610382437706,0.0682481899857521,0.08077657967805862,0.42876988649368286,0.15093059837818146,0.03707452863454819,0.043829504400491714,0.1393483728170395,0.16612309217453003,0.16124051809310913,0.07094849646091461,0.21693114936351776,0.20727209746837616,0.1862417310476303,0.12761610746383667,0.4260859787464142,0.19118429720401764,0.0956493467092514,0.06970179826021194
AP839,0.233333333,0.0,0.3,0.0,0.0,0.0,0.0,0.066666667,0.266666667,0.0,0.066666667,0.1,0.0,0.4,0.533333333,0.266666667,0.266666667,0.0,0.0,0.4,0.133333333,0.433333333,0.133333333,0.133333333,0.0,0.366666667,0.266666667,0.2,1.966666667,0.966666667,0.8,1.333333333,2.466666667,0.033333333,0.5,0.533333333,0.0,0.1,0.266666667,0.966666667,0.0,0.0,0.1,0.0,0.0,0.4,0.0,0.133333333,0.1,0.0,0.066666667,0.2484523206949234,0.0598992258310318,0.22841833531856537,0.03879184648394585,0.15335485339164734,0.023876594379544258,0.10238108783960342,0.11159197986125946,0.413124680519104,0.09289337694644928,0.06132354587316513,0.1496400237083435,0.04493071511387825,0.583251953125,0.17204108834266663,0.11407065391540527,0.11048436164855957,0.017822885885834694,0.04146752879023552,0.2605457305908203,0.25944843888282776,0.3441016674041748,0.19713817536830902,0.36252230405807495,0.045524679124355316,0.11600193381309509,0.3043363094329834,0.3111902177333832,1.0468541383743286,0.36487478017807007,0.3664175570011139,0.5807414650917053,0.48546820878982544,0.17629370093345642,0.10118350386619568,0.5180448293685913,0.15251284837722778,0.0971410796046257,0.09205558896064758,0.5240023732185364,0.042612846940755844,0.05670325830578804,0.14146688580513,0.11193760484457016,0.1015026867389679,0.19304805994033813,0.00889688078314066,0.09095779806375504,0.06204739958047867,0.0016672838246449828,0.043720632791519165
