stimulus,true_Green,true_Cucumber,true_Herbal,true_Mint,true_Woody,true_Pine,true_Floral,true_Powdery,true_Fruity,true_Citrus,true_Tropical,true_Berry,true_Peach,true_Sweet,true_Caramellic,true_Vanilla,true_BrownSpice,true_Smoky,true_Burnt,true_Roasted,true_Grainy,true_Meaty,true_Nutty,true_Fatty,true_Coconut,true_Waxy,true_Dairy,true_Buttery,true_Cheesy,true_Sour,true_Fermented,true_Sulfurous,true_Garlic.Onion,true_Earthy,true_Mushroom,true_Musty,true_Ammonia,true_Fishy,true_Fecal,true_Rotten.Decay,true_Rubber,true_Phenolic,true_Animal,true_Medicinal,true_Cooling,true_Sharp,true_Chlorine,true_Alcoholic,true_Plastic,true_Ozone,true_Metallic,pred_Green,pred_Cucumber,pred_Herbal,pred_Mint,pred_Woody,pred_Pine,pred_Floral,pred_Powdery,pred_Fruity,pred_Citrus,pred_Tropical,pred_Berry,pred_Peach,pred_Sweet,pred_Caramellic,pred_Vanilla,pred_BrownSpice,pred_Smoky,pred_Burnt,pred_Roasted,pred_Grainy,pred_Meaty,pred_Nutty,pred_Fatty,pred_Coconut,pred_Waxy,pred_Dairy,pred_Buttery,pred_Cheesy,pred_Sour,pred_Fermented,pred_Sulfurous,pred_Garlic.Onion,pred_Earthy,pred_Mushroom,pred_Musty,pred_Ammonia,pred_Fishy,pred_Fecal,pred_Rotten.Decay,pred_Rubber,pred_Phenolic,pred_Animal,pred_Medicinal,pred_Cooling,pred_Sharp,pred_Chlorine,pred_Alcoholic,pred_Plastic,pred_Ozone,pred_Metallic
AA007,0.653846154,2.807692308,0.076923077,0.038461538,0.0,0.115384615,0.461538462,0.5,0.192307692,0.038461538,0.038461538,0.115384615,0.269230769,0.384615385,0.0,0.0,0.0,0.0,0.0,0.0,0.0,0.0,0.0,0.0,0.115384615,0.0,0.0,0.0,0.0,0.192307692,0.0,0.0,0.0,0.0,0.0,0.0,0.0,0.153846154,0.0,0.192307692,0.0,0.153846154,0.192307692,0.153846154,0.269230769,0.0,0.346153846,0.076923077,0.269230769,0.0,0.0,0.8797848224639893,2.7590296268463135,0.052900999784469604,0.20355746150016785,0.1605379283428192,0.11766217648983002,0.5433483123779297,0.35828638076782227,0.3617980480194092,0.09790297597646713,0.16847819089889526,0.027154549956321716,0.06641876697540283,0.36323100328445435,0.060548052191734314,0.16082888841629028,0.11229969561100006,0.044304803013801575,0.09331949800252914,0.016745109111070633,0.12616056203842163,0.03253955766558647,0.19368338584899902,0.10251715779304504,0.05923003330826759,0.1271640658378601,0.006777332164347172,0.06996042281389236,0.01704156957566738,0.05301789939403534,0.0013373943511396646,0.0003887588682118803,-0.006993396673351526,0.08697318285703659,0.02069031074643135,0.14848460257053375,-0.004761644639074802,0.004814792890101671,0.04054272547364235,0.0016117901541292667,0.04429439827799797,0.15047554671764374,0.06990975886583328,0.016107304021716118,0.34053120017051697,0.028480391949415207,0.3315494954586029,0.134263277053833,0.4643203318119049,0.03896782919764519,0.04360051825642586
AA097,0.307692308,2.538461538,0.076923077,0.192307692,0.0,0.0,0.038461538,0.192307692,0.346153846,0.0,0.0,0.0,0.0,0.653846154,0.0,0.0,0.0,0.0,0.0,1.653846154,2.115384615,0.0,0.884615385,0.384615385,0.0,0.0,0.076923077,0.153846154,0.0,0.0,0.0,0.0,0.0,0.0,0.0,0.0,0.0,0.115384615,0.0,0.192307692,0.0,0.0,0.0,0.0,0.076923077,0.0,0.384615385,0.0,0.0,0.0,0.0,0.7506176233291626,2.8866236209869385,0.48091399669647217,0.6838439702987671,0.36461764574050903,0.17549848556518555,0.308638334274292,0.19796442985534668,0.6324335932731628,0.22113393247127533,0.21544188261032104,0.15134969353675842,0.07514193654060364,0.7014427185058594,0.11516372859477997,0.19340819120407104,0.12684039771556854,0.11571722477674484,0.10234058648347855,0.4383504390716553,0.5299579501152039,0.09216456860303879,0.555908739566803,0.16593250632286072,0.06471890956163406,0.17948251962661743,-0.0032577738165855408,0.0774928480386734,0.07639144361019135,0.10192306339740753,0.08723574131727219,0.042930684983730316,0.009252507239580154,0.15376780927181244,0.08967075496912003,0.2948863208293915,0.07054425776004791,0.013745521195232868,0.04358029365539551,0.009182363748550415,0.1275111734867096,0.1558217853307724,0.048243198543787,0.014803417026996613,0.3823859393596649,0.07656323164701462,0.04401480779051781,0.061521392315626144,0.14859841763973236,0.23714186251163483,0.08236095309257507
AA162,1.230769231,2.538461538,0.538461538,0.076923077,0.076923077,0.423076923,0.846153846,0.0,0.576923077,1.115384615,0.461538462,0.5,0.384615385,0.346153846,0.0,0.0,0.307692308,0.0,0.038461538,0.0,0.038461538,0.0,0.0,0.0,0.0,0.153846154,0.0,0.0,0.0,0.115384615,0.0,0.0,0.0,0.0,0.0,0.076923077,0.0,0.0,0.0,0.0,0.0,0.0,0.0,0.0,0.384615385,0.0,0.038461538,0.038461538,0.0,0.0,0.0,0.9037020802497864,2.9681925773620605,0.9321983456611633,0.2635820508003235,0.42559653520584106,0.2259177565574646,0.5582662224769592,0.3004628121852875,0.6147335171699524,0.2297147810459137,0.3380850851535797,0.28384315967559814,0.076473169028759,0.8873800039291382,0.10646912455558777,0.21272839605808258,0.1377343386411667,0.18417473137378693,0.0957413986325264,0.05905243009328842,0.2167494297027588,0.05789891257882118,0.2062462866306305,0.06020350754261017,0.05888767167925835,0.25911062955856323,0.0003837522817775607,0.06533637642860413,0.0359635166823864,0.09059388935565948,0.08907283842563629,0.048415493220090866,0.08233524113893509,0.1316138654947281,0.08218315243721008,0.319911926984787,0.13629627227783203,0.0256611667573452,0.042158063501119614,0.005153203383088112,0.05519932508468628,0.18010152876377106,0.03588404506444931,0.11348062753677368,0.35990652441978455,0.2153392732143402,0.15738748013973236,0.15834014117717743,0.13777494430541992,0.2245471030473709,0.09899429976940155
AA324,0.0,0.0,0.730769231,0.615384615,0.153846154,0.153846154,0.0,0.0,0.0,0.0,0.0,0.0,0.0,0.230769231,0.0,0.076923077,0.0,0.230769231,0.0,0.115384615,0.0,0.076923077,0.0,0.0,0.0,0.0,0.0,0.0,0.0,0.192307692,0.153846154,0.0,0.0,0.0,0.115384615,0.153846154,0.269230769,0.230769231,0.115384615,0.423076923,0.0,0.0,0.153846154,2.807692308,2.538461538,0.807692308,0.115384615,0.192307692,0.0,0.038461538,0.0,0.14103281497955322,0.03401046618819237,0.7735211849212646,0.5466074347496033,0.6026235818862915,0.23106901347637177,0.20748703181743622,0.45597946643829346,0.2695513069629669,0.12677834928035736,0.09153565764427185,0.11843450367450714,0.07504748553037643,0.7928134799003601,0.16192343831062317,0.2132853865623474,0.19131118059158325,0.48221004009246826,0.15298761427402496,0.14354407787322998,0.15677961707115173,0.11408092826604843,0.13279718160629272,0.10964567214250565,0.06629525125026703,0.12484561651945114,0.054477401077747345,0.07637748122215271,0.07366231083869934,0.14362506568431854,0.07717952877283096,0.029978210106492043,0.048021312803030014,0.13758723437786102,0.07567258924245834,0.49568575620651245,0.14373458921909332,0.1829327642917633,0.043927934020757675,0.28486010432243347,0.46849387884140015,0.2399117648601532,0.07649572193622589,1.1511712074279785,1.0110677480697632,0.4047986567020416,0.08867555856704712,0.19390563666820526,0.23592399060726166,0.12502025067806244,0.07808445394039154
AA850,0.269230769,0.153846154,0.769230769,0.0,0.0,0.5,0.769230769,0.269230769,0.115384615,0.5,0.038461538,0.115384615,0.0,0.0,0.0,0.0,0.423076923,0.192307692,0.807692308,0.230769231,0.0,0.346153846,0.153846154,0.153846154,0.0,0.0,0.0,0.0,0.0,0.153846154,0.0,0.192307692,0.153846154,0.346153846,0.230769231,0.115384615,0.192307692,0.346153846,0.0,0.038461538,0.115384615,0.230769231,0.769230769,0.307692308,0.153846154,0.192307692,0.115384615,0.0,0.153846154,0.076923077,0.0,0.25783249735832214,0.7679136991500854,0.5106847882270813,0.1813596934080124,0.1956893801689148,0.14927616715431213,0.2468031942844391,0.24408474564552307,0.3055601716041565,0.09247435629367828,0.2654884457588196,0.18177856504917145,0.062057700008153915,0.5766053199768066,0.09209886938333511,0.17594218254089355,0.14313316345214844,0.4025495648384094,0.3561682105064392,0.7401613593101501,0.43692705035209656,0.19797107577323914,0.23178702592849731,0.047618117183446884,0.05914466083049774,0.05979589372873306,0.021782850846648216,0.08138546347618103,0.058931782841682434,0.2213733196258545,0.20702297985553741,0.27551671862602234,0.36869439482688904,0.21834996342658997,0.15732358396053314,0.3317304849624634,0.25001636147499084,0.13451963663101196,0.041130367666482925,0.1446540504693985,0.27267566323280334,0.2134924829006195,0.4317283034324646,0.12295621633529663,0.17021475732326508,0.2856766879558563,0.0682716965675354,0.13236550986766815,0.1915491670370102,0.15728548169136047,0.0922226533293724
AA944,0.076923077,0.0,0.807692308,0.0,0.230769231,0.153846154,0.384615385,0.153846154,0.0,0.0,0.0,0.0,0.0,1.038461538,0.461538462,0.115384615,0.0,0.0,0.0,0.038461538,0.038461538,0.0,0.230769231,0.076923077,0.0,1.115384615,0.0,0.769230769,0.153846154,0.153846154,0.038461538,0.115384615,0.038461538,0.0,0.0,0.384615385,0.038461538,0.0,0.0,0.0,0.461538462,0.153846154,0.0,0.307692308,0.461538462,0.192307692,0.0,0.076923077,0.576923077,0.230769231,0.192307692,0.2514631152153015,0.09511671215295792,0.40137627720832825,0.38708266615867615,0.44187361001968384,0.2819844186306,0.33361944556236267,0.4450928568840027,0.3635491728782654,0.1011442169547081,0.152878999710083,0.06304582208395004,0.11968617141246796,1.0202645063400269,0.2030610889196396,0.3371700644493103,0.13094232976436615,0.1368328034877777,0.09106051921844482,0.09866268932819366,0.32472580671310425,0.04645517095923424,0.1375235915184021,0.13185809552669525,0.05974538251757622,0.39621102809906006,0.15608534216880798,0.12087010592222214,0.11099687963724136,0.0669531524181366,0.031109733507037163,0.0361936017870903,0.03939672186970711,0.0998411625623703,0.05735916271805763,0.48968935012817383,0.11086221784353256,0.0102721331641078,0.041001591831445694,0.07157562673091888,0.3575562834739685,0.2820768654346466,0.038460083305835724,0.21059677004814148,0.45227867364883423,0.11253433674573898,0.19686749577522278,0.10404608398675919,0.2898029088973999,0.19345059990882874,0.09946092963218689
AB186,0.666666667,0.5,0.944444444,0.0,0.388888889,0.0,1.166666667,0.222222222,0.611111111,1.0,0.555555556,0.388888889,0.5,0.388888889,0.0,0.111111111,0.611111111,0.555555556,0.111111111,0.0,0.166666667,0.0,0.0,0.055555556,0.0,0.166666667,0.166666667,0.166666667,0.0,0.055555556,0.0,0.0,0.0,0.0,0.0,0.0,0.0,0.0,0.0,0.0,0.0,0.0,0.0,0.277777778,0.111111111,0.333333333,0.0,0.0,0.0,0.444444444,0.0,0.4701184928417206,0.2293352335691452,0.6085504293441772,0.3789970576763153,0.37285536527633667,0.20916131138801575,0.5345042943954468,0.24969744682312012,0.5536526441574097,0.4587765634059906,0.21152570843696594,0.2470899522304535,0.09046459943056107,0.7197568416595459,0.08224647492170334,0.18707679212093353,0.15656225383281708,0.11863476783037186,0.09915128350257874,0.33831119537353516,0.6861363649368286,0.15590067207813263,0.4724431037902832,0.1750289350748062,0.059657253324985504,0.17438475787639618,0.0952712669968605,0.11787664145231247,0.13635821640491486,0.29875147342681885,0.17816680669784546,0.07288477569818497,0.10505159944295883,0.1594216525554657,0.09796813875436783,0.4625212550163269,0.17304225265979767,0.02737998217344284,0.042502716183662415,0.1441388875246048,0.18333540856838226,0.22050417959690094,0.10427737981081009,0.24105040729045868,0.3815854787826538,0.3462179899215698,0.1969040185213089,0.40121448040008545,0.30559778213500977,0.18374499678611755,0.14477814733982086
AB287,0.444444444,0.0,0.666666667,1.888888889,0.0,0.722222222,0.222222222,0.0,0.388888889,1.055555556,0.0,0.111111111,0.0,0.611111111,0.0,0.0,0.444444444,0.5,0.222222222,0.0,0.0,0.0,0.0,0.0,0.0,0.0,0.055555556,0.0,0.0,0.0,0.222222222,0.0,0.0,0.0,0.0,0.0,0.0,0.0,0.0,0.0,0.0,0.0,0.0,0.166666667,0.777777778,0.277777778,0.388888889,0.0,0.0,0.0,0.0,0.40029874444007874,0.6007319688796997,0.6375356912612915,1.7864575386047363,0.3021906316280365,0.26013314723968506,0.5703684091567993,0.34769055247306824,0.46135973930358887,0.38873615860939026,0.26195499300956726,0.2578238248825073,0.08198239654302597,0.9380414485931396,0.08055780827999115,0.20047590136528015,0.18490023910999298,0.17408569157123566,0.10686308890581131,0.03443135321140289,0.12659229338169098,0.041171200573444366,0.20618392527103424,0.018959244713187218,0.0611855648458004,0.09671811014413834,0.05034049600362778,0.08819188177585602,0.01869835890829563,0.11340459436178207,0.16084317862987518,0.07937383651733398,0.09140883386135101,0.10813895612955093,0.044633109122514725,0.29359573125839233,0.13077566027641296,0.026369117200374603,0.04123944416642189,0.09537335485219955,0.07678208500146866,0.18021750450134277,0.02312602289021015,0.27498555183410645,0.8871254324913025,0.23185007274150848,0.1590084731578827,0.1938115507364273,0.097015880048275,0.1348644196987152,0.12097407877445221
AB399,0.222222222,0.0,1.166666667,0.611111111,0.333333333,0.333333333,0.111111111,0.666666667,0.0,0.0,0.0,0.0,0.0,0.5,0.0,0.333333333,0.277777778,0.055555556,0.0,0.055555556,0.0,0.0,0.0,0.0,0.0,0.0,0.0,0.0,0.0,0.0,0.0,0.0,0.0,0.277777778,0.0,0.722222222,0.0,0.0,0.0,0.0,0.333333333,0.444444444,0.0,0.444444444,0.388888889,0.388888889,0.0,0.0,0.833333333,0.666666667,0.055555556,0.20258119702339172,0.038635093718767166,0.39702343940734863,0.35863593220710754,0.41107630729675293,0.29654359817504883,0.4551950991153717,0.39043310284614563,0.250209778547287,0.08636460453271866,0.12099964171648026,0.1357685774564743,0.07529323548078537,0.7921516299247742,0.7299145460128784,0.5633459091186523,0.1627974659204483,0.21187010407447815,0.10655947029590607,0.23996856808662415,0.38482075929641724,0.04119442030787468,0.1218244805932045,0.10460200905799866,0.07596451789140701,0.3421803414821625,0.11477307230234146,0.08004794269800186,0.04183363914489746,0.07607385516166687,0.05285361409187317,0.07090836018323898,0.09581156820058823,0.13762979209423065,0.03523803874850273,0.521533727645874,0.17109258472919464,0.0007502895314246416,0.04597603157162666,0.047181129455566406,0.3974339962005615,0.2689554989337921,0.06306839734315872,0.38964447379112244,0.4054221212863922,0.21202395856380463,0.17448963224887848,0.24775168299674988,0.38103172183036804,0.17428456246852875,0.10682149976491928
AB425,0.0,0.0,0.0,0.0,0.0,0.0,0.055555556,0.055555556,0.111111111,0.0,0.0,0.0,0.0,0.0,0.0,0.0,0.0,0.388888889,0.277777778,2.666666667,2.222222222,0.444444444,1.555555556,0.333333333,0.0,0.0,0.0,0.666666667,0.111111111,0.0,0.444444444,0.166666667,0.222222222,0.222222222,0.166666667,0.277777778,0.0,0.0,0.055555556,0.0,0.0,0.0,0.555555556,0.0,0.0,0.222222222,0.0,0.055555556,0.0,0.0,0.0,0.12733760476112366,0.029522528871893883,0.20297402143478394,0.18279138207435608,0.1543615460395813,0.0902596265077591,0.24742381274700165,0.09710423648357391,0.1996740996837616,0.050758883357048035,0.07340436428785324,0.16104434430599213,0.0747828483581543,0.5655752420425415,0.16860252618789673,0.20910421013832092,0.2986137568950653,0.5147075057029724,0.45496320724487305,1.1630685329437256,0.8839452266693115,0.4945822060108185,0.504017174243927,0.284273236989975,0.06132102757692337,0.07582288980484009,0.05703007057309151,0.07639933377504349,0.07359901815652847,0.3430526852607727,0.3296131491661072,0.5842620134353638,0.6359824538230896,0.32309678196907043,0.1589563935995102,0.28692159056663513,0.27337944507598877,0.13729842007160187,0.048787929117679596,0.3641691505908966,0.33716094493865967,0.16590075194835663,0.3853190243244171,0.20326580107212067,0.09888867288827896,0.19762758910655975,0.021256882697343826,0.10352763533592224,0.14494289457798004,0.034061141312122345,0.0823017805814743
AB465,0.0,0.0,0.0,0.0,0.0,0.0,0.0,0.0,0.0,0.0,0.0,0.0,0.0,0.0,0.0,0.0,0.0,0.0,0.0,1.333333333,1.555555556,0.277777778,0.888888889,0.333333333,0.0,0.0,0.333333333,0.722222222,0.444444444,0.166666667,0.222222222,0.0,3.555555556,0.0,0.0,0.0,0.0,0.0,0.0,0.0,0.0,0.0,0.0,0.0,0.0,0.166666667,0.0,0.0,0.0,0.0,0.0,0.12956717610359192,0.037272751331329346,0.28593090176582336,0.08804041147232056,0.12162777036428452,0.12207088619470596,0.21690525114536285,0.1297062188386917,0.4584309458732605,0.06890787184238434,0.11072060465812683,0.25817638635635376,0.06599431484937668,0.42531073093414307,0.1328199803829193,0.17853108048439026,0.17334657907485962,0.2740793824195862,0.12856243550777435,0.8624148964881897,0.4231342375278473,0.5018190741539001,0.2955237030982971,0.11794968694448471,0.061991818249225616,0.07904347032308578,0.1091301292181015,0.09293954074382782,0.2810603976249695,0.3018568754196167,0.35058438777923584,0.44785624742507935,2.9529573917388916,0.1436505913734436,0.13889677822589874,0.26161354780197144,0.11864771693944931,0.022407658398151398,0.04924248903989792,0.20727670192718506,0.18078337609767914,0.15058305859565735,0.11104859411716461,0.13187934458255768,0.1264568567276001,0.1482599675655365,0.02131073735654354,0.09070178866386414,0.18089941143989563,0.039803750813007355,0.06904768198728561
AC028,0.0,0.0,0.148148148,0.148148148,0.222222222,0.0,0.148148148,0.444444444,0.0,0.0,0.0,0.0,0.0,0.888888889,0.518518519,0.814814815,0.518518519,0.925925926,1.0,0.407407407,0.111111111,0.296296296,0.074074074,0.518518519,0.037037037,0.074074074,0.074074074,0.0,0.074074074,0.074074074,0.0,0.148148148,0.0,0.185185185,0.703703704,0.222222222,0.0,0.074074074,0.0,0.111111111,0.074074074,0.185185185,0.111111111,0.333333333,0.074074074,0.148148148,0.0,0.111111111,0.296296296,0.444444444,0.0,0.20677456259727478,0.39935949444770813,0.2289877086877823,0.16723710298538208,0.21775862574577332,0.1351141631603241,0.17993223667144775,0.2568698525428772,0.11585736274719238,0.11794117093086243,0.06583882123231888,0.10027648508548737,0.06274761259555817,0.6884674429893494,0.29192882776260376,0.32720747590065,0.33168908953666687,0.7503044009208679,0.38871827721595764,0.6575356721878052,0.35901331901550293,0.28363436460494995,0.22402942180633545,0.15948721766471863,0.061849258840084076,0.09072094410657883,0.3547288477420807,0.1509677916765213,0.15379609167575836,0.14708827435970306,0.18940573930740356,0.14471805095672607,0.367759108543396,0.20767687261104584,0.2485508918762207,0.4780668616294861,0.12521511316299438,0.17467576265335083,0.04535581171512604,0.2282954305410385,0.17315374314785004,0.2658832371234894,0.08774600178003311,0.23120222985744476,0.1502365916967392,0.31526240706443787,0.09223849326372147,0.28038841485977173,0.1984148919582367,0.18393364548683167,0.09145297110080719
AC155,0.214285714,0.0,0.0,0.0,0.0,0.035714286,0.0,0.0,0.035714286,0.142857143,0.0,0.0,0.0,0.178571429,0.321428571,0.25,0.0,0.214285714,0.142857143,2.464285714,2.5,0.142857143,1.285714286,0.5,0.214285714,0.321428571,0.0,0.642857143,0.357142857,0.0,0.0,0.071428571,0.142857143,0.0,0.0,0.071428571,0.142857143,0.0,0.0,0.0,0.0,0.107142857,0.0,0.071428571,0.0,0.0,0.142857143,0.178571429,0.0,0.0,0.0,0.30518797039985657,0.08768085390329361,0.4813808798789978,0.26455411314964294,0.2575962543487549,0.14554743468761444,0.25260135531425476,0.190306156873703,0.5346168875694275,0.08295056968927383,0.09080280363559723,0.19716519117355347,0.07535497844219208,0.5912341475486755,0.23868946731090546,0.2270059883594513,0.27482011914253235,0.27305781841278076,0.2411726713180542,0.30545681715011597,0.41842225193977356,0.1396241933107376,0.34837621450424194,0.0886438712477684,0.0613347664475441,0.08384399861097336,0.0966152548789978,0.08264462649822235,0.08317583799362183,0.12846700847148895,0.21478904783725739,0.12001195549964905,0.19473406672477722,0.22000551223754883,0.09566120058298111,0.4637199342250824,0.16795364022254944,0.09218158572912216,0.04371131956577301,0.07643541693687439,0.16156244277954102,0.18146175146102905,0.051622577011585236,0.5501393675804138,0.22989912331104279,0.16510389745235443,0.05831999331712723,0.21341511607170105,0.23817819356918335,0.10845901072025299,0.10491057485342026
AC459,1.925925926,0.518518519,0.851851852,0.0,0.111111111,0.333333333,0.111111111,0.0,0.074074074,0.148148148,0.0,0.0,0.0,0.185185185,0.074074074,0.074074074,0.37037037,0.259259259,0.111111111,0.444444444,0.185185185,0.259259259,0.0,0.333333333,0.0,0.0,0.0,0.0,0.111111111,0.259259259,0.814814815,0.37037037,0.074074074,0.222222222,0.222222222,0.148148148,0.111111111,0.0,0.0,0.111111111,0.0,0.037037037,0.259259259,0.0,0.074074074,0.111111111,0.222222222,0.074074074,0.185185185,0.074074074,0.037037037,0.902989387512207,0.13834421336650848,0.8297196626663208,0.08537979423999786,0.31098946928977966,0.1560707986354828,0.3906274437904358,0.4740336835384369,0.5684264898300171,0.071281798183918,0.38094186782836914,0.21149089932441711,0.07888439297676086,1.1410589218139648,0.3198969066143036,0.2589341998100281,0.3235965073108673,0.19771485030651093,0.12105067074298859,0.3534002900123596,0.42244529724121094,0.13429901003837585,0.1893661916255951,0.01393517293035984,0.0621475987136364,0.03225092217326164,0.09259539097547531,0.08418670296669006,0.08046896755695343,0.5024611353874207,0.5217709541320801,0.020693769678473473,0.6001679301261902,0.18894700706005096,0.08730201423168182,0.4538649916648865,0.011162364855408669,0.007229190319776535,0.041808415204286575,0.28520289063453674,0.00945147592574358,0.10090538114309311,0.10676123201847076,0.03795349597930908,0.004996394272893667,0.2299446016550064,0.03995891287922859,0.17485637962818146,0.15471947193145752,0.1813732385635376,0.14636948704719543
AE002,0.259259259,0.0,0.222222222,0.0,0.185185185,0.0,0.0,0.0,0.296296296,0.0,0.148148148,0.111111111,0.0,0.703703704,0.259259259,0.111111111,0.111111111,0.296296296,0.0,0.185185185,0.185185185,0.148148148,0.148148148,0.074074074,0.111111111,0.0,0.296296296,0.148148148,0.0,0.074074074,0.296296296,0.407407407,0.0,0.444444444,0.259259259,0.333333333,0.148148148,0.0,0.222222222,0.148148148,0.111111111,0.185185185,0.37037037,0.518518519,0.703703704,0.555555556,0.555555556,2.777777778,0.222222222,0.296296296,0.0,0.13471335172653198,0.09433973580598831,0.1757562756538391,0.14356666803359985,0.23150676488876343,0.1039716824889183,0.2121097892522812,0.1270124614238739,0.21196845173835754,0.13955208659172058,0.09224596619606018,0.13317176699638367,0.08901046961545944,0.5398361086845398,0.10338101536035538,0.18375185132026672,0.15381357073783875,0.08162450045347214,0.11383325606584549,0.31639060378074646,0.37345486879348755,0.17044325172901154,0.2235001176595688,0.44640183448791504,0.06708364933729172,0.10843148082494736,0.4377089738845825,0.17707093060016632,0.5511534810066223,0.2396005094051361,0.29063183069229126,0.4368330240249634,0.37491536140441895,0.18609122931957245,0.1385807991027832,0.3776768147945404,0.24965140223503113,0.20427225530147552,0.04883601516485214,0.5445201992988586,0.1489657461643219,0.17972448468208313,0.19035951793193817,0.6308457851409912,0.24203668534755707,0.45370054244995117,0.28652405738830566,1.5330109596252441,0.17987799644470215,0.0871148407459259,0.1028999537229538
AE240,0.75,0.0,0.107142857,0.0,0.214285714,0.071428571,0.142857143,0.107142857,0.178571429,0.0,0.142857143,0.0,0.0,0.142857143,0.0,0.0,0.0,0.071428571,0.0,1.642857143,1.607142857,0.214285714,1.035714286,0.214285714,0.035714286,0.071428571,0.071428571,0.0,0.107142857,0.285714286,0.107142857,0.428571429,0.107142857,0.5,0.25,0.464285714,0.535714286,0.142857143,0.0,0.0,0.0,0.107142857,0.178571429,0.0,0.0,0.0,0.25,0.0,0.0,0.0,0.0,0.5776399374008179,0.11530915647745132,0.5930102467536926,0.3086971640586853,0.3756742775440216,0.17211277782917023,0.526129424571991,0.23289602994918823,0.4069845378398895,0.09925449639558792,0.16272583603858948,0.12212517112493515,0.07214875519275665,0.6018683910369873,0.17688371241092682,0.25571003556251526,0.16017155349254608,0.08893027156591415,0.12980926036834717,0.5735815763473511,0.7771076560020447,0.06076975166797638,0.48567843437194824,0.10892199724912643,0.07061397284269333,0.09489722549915314,0.2536385953426361,0.13936537504196167,0.07633554190397263,0.16882990300655365,0.2341776192188263,0.14802205562591553,0.22581982612609863,0.3646591007709503,0.23605100810527802,0.6936184167861938,0.4306369721889496,0.25468870997428894,0.07033474743366241,0.3036384582519531,0.15472109615802765,0.17511992156505585,0.22306068241596222,0.12763577699661255,0.23556213080883026,0.305826872587204,0.17049267888069153,0.23547235131263733,0.15288157761096954,0.11903087794780731,0.11680183559656143
AE297,0.259259259,0.0,0.259259259,0.111111111,0.407407407,0.148148148,0.0,0.0,0.0,0.0,0.0,0.0,0.0,0.222222222,0.0,0.0,0.0,0.555555556,0.592592593,0.333333333,0.777777778,0.185185185,0.222222222,0.148148148,0.0,0.0,0.0,0.0,0.0,0.444444444,0.296296296,0.518518519,0.259259259,0.407407407,0.222222222,0.666666667,0.444444444,0.0,0.0,0.37037037,1.259259259,0.888888889,0.259259259,0.0,0.148148148,0.518518519,0.481481481,0.518518519,0.333333333,0.222222222,0.222222222,0.47014743089675903,0.5452873110771179,0.6709335446357727,0.2905464470386505,0.6825876832008362,0.17418500781059265,0.2363649308681488,0.2128681093454361,0.3560177981853485,0.14892567694187164,0.30700820684432983,0.1628454327583313,0.07880141586065292,0.5905255675315857,0.17549099028110504,0.22790779173374176,0.3715613782405853,0.4294247329235077,0.2820279598236084,0.584320604801178,0.7610118389129639,0.20155516266822815,0.4125392436981201,0.38569483160972595,0.06548499315977097,0.10235927999019623,0.11151041090488434,0.09179949760437012,0.12789230048656464,0.32079699635505676,0.2220756858587265,0.3709513247013092,0.41805025935173035,0.4597752094268799,0.18627771735191345,0.6406063437461853,0.22317540645599365,0.12862573564052582,0.06108919158577919,0.3999488353729248,0.8243755102157593,0.33456048369407654,0.17709167301654816,0.7563667893409729,0.3348120450973511,0.40582433342933655,0.3034723997116089,0.4123268723487854,0.5265650749206543,0.23862017691135406,0.19086185097694397
AE568,0.296296296,0.185185185,0.481481481,0.592592593,0.148148148,0.185185185,0.0,0.333333333,0.666666667,0.0,0.0,0.666666667,0.111111111,1.185185185,0.222222222,0.259259259,0.074074074,0.0,0.037037037,0.0,0.0,0.0,0.037037037,0.0,0.185185185,0.0,0.0,0.0,0.0,0.185185185,0.407407407,0.0,0.0,0.185185185,0.0,0.333333333,0.148148148,0.185185185,0.0,0.0,0.111111111,0.222222222,0.074074074,1.222222222,1.222222222,0.666666667,0.62962963,0.62962963,0.592592593,0.0,0.0,0.3625812232494354,0.10854008048772812,0.42920222878456116,0.32496339082717896,0.26037299633026123,0.1348499059677124,0.2983107268810272,0.18769975006580353,0.5475749373435974,0.10180943459272385,0.17004728317260742,0.26117706298828125,0.06988348066806793,0.7727482318878174,0.22862990200519562,0.23979069292545319,0.17912833392620087,0.12332602590322495,0.14022858440876007,0.5059000253677368,0.4298085868358612,0.1297742873430252,0.2735244631767273,0.1025458425283432,0.06457015872001648,0.13071328401565552,0.14927218854427338,0.10025788098573685,0.13164304196834564,0.16751962900161743,0.16365042328834534,0.12085924297571182,0.39609456062316895,0.24261583387851715,0.12851564586162567,0.32397910952568054,0.1267484873533249,0.07136555016040802,0.052342966198921204,0.11369630694389343,0.23456989228725433,0.17455101013183594,0.06797300279140472,0.7257248163223267,0.40747472643852234,0.359321266412735,0.2220267355442047,0.4737440049648285,0.29572126269340515,0.14561690390110016,0.11701252311468124
AE659,0.074074074,0.0,0.555555556,2.037037037,0.222222222,0.074074074,0.0,0.259259259,0.37037037,0.074074074,0.0,0.148148148,0.0,1.0,0.0,0.148148148,0.0,0.0,0.0,0.0,0.074074074,0.0,0.0,0.0,0.0,0.0,0.407407407,0.0,0.037037037,0.407407407,0.0,0.111111111,0.037037037,0.037037037,0.0,0.074074074,0.37037037,0.111111111,0.148148148,0.703703704,0.111111111,0.296296296,0.0,0.592592593,1.111111111,0.518518519,0.296296296,0.555555556,0.518518519,0.0,0.0,0.2776528000831604,0.2813901901245117,0.5033950209617615,0.7778756618499756,0.29713475704193115,0.15516571700572968,0.39262211322784424,0.18279655277729034,0.9438028335571289,0.1169787347316742,0.3155392110347748,0.38498640060424805,0.08573859930038452,1.2058067321777344,0.2655465006828308,0.3016546368598938,0.18763747811317444,0.12971581518650055,0.09188590943813324,0.18514898419380188,0.15226073563098907,0.0774572566151619,0.15960069000720978,0.033909354358911514,0.07015249133110046,0.1610068827867508,0.21732079982757568,0.08687537163496017,0.1365252286195755,0.15387099981307983,0.20018942654132843,0.06571587175130844,0.05932820215821266,0.11098618060350418,0.031122440472245216,0.23985007405281067,0.13839676976203918,0.08575599640607834,0.04040295258164406,0.16852344572544098,0.1904279738664627,0.3234791159629822,0.034601762890815735,0.4339183568954468,0.6434924602508545,0.6616222858428955,0.25281766057014465,0.6613073348999023,0.49452170729637146,0.2174779772758484,0.0809151753783226
AE761,0.75,0.25,0.428571429,0.0,0.607142857,0.071428571,0.142857143,0.107142857,0.0,0.0,0.0,0.0,0.0,0.035714286,0.178571429,0.035714286,0.0,0.071428571,0.0,1.035714286,2.178571429,0.178571429,0.75,0.214285714,0.107142857,0.0,0.214285714,0.035714286,0.0,0.142857143,0.142857143,0.0,0.0,0.428571429,0.428571429,0.428571429,0.0,0.035714286,0.0,0.071428571,0.0,0.321428571,0.107142857,0.0,0.035714286,0.0,0.0,0.0,0.107142857,0.071428571,0.142857143,0.49522480368614197,0.12235420197248459,0.3952587842941284,0.19455964863300323,0.3567740023136139,0.14486391842365265,0.24788245558738708,0.19677044451236725,0.29979589581489563,0.09841001033782959,0.07242374867200851,0.10109154880046844,0.06138232350349426,0.6001343131065369,0.2530348300933838,0.21959182620048523,0.2827574908733368,0.22128990292549133,0.18643727898597717,0.5736157298088074,0.6458682417869568,0.12311550974845886,0.36069202423095703,0.25300753116607666,0.05886220932006836,0.09094659984111786,0.09133855253458023,0.08019977807998657,0.02888944186270237,0.21370893716812134,0.2017894983291626,0.2692033350467682,0.26518794894218445,0.4608598053455353,0.19281023740768433,0.6375941634178162,0.21290452778339386,0.07703334093093872,0.05337066948413849,0.10298195481300354,0.25487229228019714,0.18749387562274933,0.13703817129135132,0.3535884916782379,0.1877252459526062,0.3079019784927368,0.154433473944664,0.16241872310638428,0.35285937786102295,0.13904887437820435,0.09816551953554153
AE767,0.0,0.0,0.071428571,1.107142857,0.214285714,0.0,0.0,0.071428571,0.0,0.071428571,0.0,0.071428571,0.0,0.714285714,0.0,0.214285714,0.0,0.107142857,0.285714286,0.0,0.0,0.0,0.0,0.0,0.0,0.0,0.0,0.0,0.0,0.107142857,0.0,0.107142857,0.0,0.25,0.107142857,0.535714286,0.964285714,0.0,0.107142857,0.142857143,0.785714286,1.178571429,0.071428571,0.821428571,1.392857143,1.321428571,0.642857143,1.321428571,0.678571429,0.392857143,0.25,0.33719155192375183,0.08039488643407822,0.42312711477279663,0.6954218149185181,0.36315804719924927,0.1959112286567688,0.28510311245918274,0.1821582317352295,0.42090603709220886,0.09215963631868362,0.23939575254917145,0.15139344334602356,0.08057516068220139,0.8224555850028992,0.25650644302368164,0.2611996829509735,0.36706268787384033,0.5257213115692139,0.2934812307357788,0.3990364670753479,0.37570756673812866,0.26667341589927673,0.2119126319885254,0.22163309156894684,0.061703603714704514,0.10703852772712708,0.10606079548597336,0.14266343414783478,0.09140043705701828,0.13540129363536835,0.24554474651813507,0.15398243069648743,0.17666392028331757,0.3579840362071991,0.11540532857179642,0.5416459441184998,0.32682791352272034,0.1611509919166565,0.04151178151369095,0.24771654605865479,0.5601361393928528,0.2936144173145294,0.13491930067539215,0.5409804582595825,0.6748356819152832,0.6349875330924988,0.3911576569080353,0.6567782163619995,0.605557382106781,0.24046224355697632,0.2586950659751892
AE798,0.148148148,0.185185185,0.37037037,0.222222222,0.37037037,0.0,1.518518519,0.962962963,0.444444444,0.0,0.111111111,0.333333333,0.0,1.037037037,0.111111111,0.296296296,0.111111111,0.037037037,0.0,0.0,0.0,0.0,0.074074074,0.0,0.148148148,0.185185185,0.0,0.0,0.0,0.037037037,0.074074074,0.0,0.074074074,0.037037037,0.0,0.259259259,0.148148148,0.0,0.111111111,0.074074074,0.0,0.296296296,0.740740741,0.925925926,0.777777778,0.259259259,0.333333333,1.444444444,0.074074074,0.074074074,0.0,0.3190453350543976,0.09280126541852951,0.5019840002059937,0.25256553292274475,0.18252357840538025,0.23739737272262573,0.836418628692627,0.6075677275657654,0.579811692237854,0.540176272392273,0.30093052983283997,0.2954953908920288,0.09447517991065979,0.888114869594574,0.30973711609840393,0.2625613212585449,0.17238189280033112,0.1291966736316681,0.09362754970788956,0.09853149205446243,0.23583917319774628,0.02984330616891384,0.0936577096581459,0.035702478140592575,0.06094956398010254,0.11631482094526291,0.08725254982709885,0.07308592647314072,0.051706455647945404,0.34038054943084717,0.09815730899572372,0.033085256814956665,0.0583302266895771,0.12788638472557068,0.044163525104522705,0.3181837201118469,0.15713796019554138,0.023204822093248367,0.04503669589757919,0.08279628306627274,0.051930658519268036,0.20325542986392975,0.09218887239694595,0.47491225600242615,0.35511061549186707,0.3505571484565735,0.2570347785949707,0.25368398427963257,0.14052699506282806,0.10777445137500763,0.12003429234027863
AG169,0.366666667,0.0,0.333333333,0.0,0.4,0.0,0.033333333,0.033333333,0.133333333,0.0,0.033333333,0.0,0.0,0.366666667,0.033333333,0.2,0.0,0.133333333,0.0,0.066666667,0.366666667,0.066666667,0.133333333,0.0,0.033333333,0.133333333,0.4,0.7,0.6,0.233333333,0.066666667,0.266666667,0.0,0.266666667,0.0,0.333333333,0.066666667,0.0,0.066666667,0.033333333,0.0,0.066666667,0.0,0.0,0.0,0.0,0.0,0.033333333,0.033333333,0.0,0.0,0.35730060935020447,0.6103839874267578,0.3396276831626892,0.2796092629432678,0.21537165343761444,0.13167233765125275,0.2653105854988098,0.17530907690525055,0.5139591097831726,0.1457815021276474,0.2001030445098877,0.3146871030330658,0.07119589298963547,0.8762684464454651,0.2975485920906067,0.27393272519111633,0.13603898882865906,0.07994347810745239,0.08711273968219757,0.22233833372592926,0.26288628578186035,0.12318120151758194,0.2469046413898468,0.09718366712331772,0.0658765658736229,0.12730835378170013,0.3963030278682709,0.11650539189577103,0.5858293175697327,0.30187153816223145,0.36273741722106934,0.32744765281677246,0.3538374602794647,0.20388822257518768,0.11443423479795456,0.5333644151687622,0.22193558514118195,0.06244705244898796,0.05781320109963417,0.45835041999816895,0.14824876189231873,0.16423650085926056,0.16340789198875427,0.3137957751750946,0.24010197818279266,0.23364640772342682,0.05023078992962837,0.4857627749443054,0.2287515252828598,0.07800056040287018,0.0972396582365036
AG316,0.266666667,0.0,0.333333333,0.2,0.1,0.133333333,0.266666667,0.0,0.066666667,0.066666667,0.0,0.0,0.0,0.333333333,0.0,0.1,0.0,0.0,0.0,0.333333333,0.0,0.3,0.066666667,0.033333333,0.0,0.0,0.0,0.0,0.033333333,0.166666667,0.266666667,0.8,2.6,0.033333333,0.233333333,0.633333333,0.166666667,0.0,0.066666667,0.133333333,0.133333333,0.0,0.133333333,1.166666667,0.566666667,0.2,0.0,0.266666667,0.0,0.066666667,0.066666667,0.21318231523036957,0.07410739362239838,0.3136173188686371,0.15007339417934418,0.07751090079545975,0.1218501403927803,0.1508273035287857,0.13132703304290771,0.3765745460987091,0.07303894311189651,0.12750490009784698,0.0755656361579895,0.07052342593669891,0.429895281791687,0.09176599234342575,0.17545285820960999,0.12753835320472717,0.1976577788591385,0.15295322239398956,0.45954665541648865,0.28091853857040405,0.2715182900428772,0.15222084522247314,0.08995375037193298,0.06286401301622391,0.14853334426879883,0.06012332811951637,0.10330966114997864,0.17088904976844788,0.3105396032333374,0.3500935733318329,0.3860057592391968,2.19754958152771,0.11545237898826599,0.10666079819202423,0.24776509404182434,0.09753132611513138,0.038039498031139374,0.0449729822576046,0.07613177597522736,0.11849147081375122,0.1158163994550705,0.07310481369495392,0.48505616188049316,0.2833588719367981,0.24705764651298523,0.07021669298410416,0.22601968050003052,0.07198187708854675,0.038056861609220505,0.10336090624332428
AH817,0.2,0.0,0.466666667,0.066666667,0.433333333,0.133333333,0.3,0.166666667,0.433333333,0.0,0.066666667,0.3,0.0,0.866666667,0.533333333,0.666666667,0.2,0.033333333,0.0,0.0,0.266666667,0.0,0.233333333,0.033333333,0.033333333,0.166666667,0.166666667,0.0,0.0,0.0,0.1,0.166666667,0.2,0.2,0.066666667,0.333333333,0.366666667,0.0,0.0,0.0,0.333333333,0.2,0.0,1.2,0.3,0.3,0.0,0.5,0.4,0.0,0.2,0.318636417388916,0.0993422344326973,0.3853941559791565,0.43475261330604553,0.24225516617298126,0.1612270027399063,0.4302557408809662,0.29724085330963135,0.7064359188079834,0.13574238121509552,0.21176131069660187,0.410442054271698,0.08030892163515091,1.464841604232788,0.4451048672199249,0.3268396258354187,0.23623697459697723,0.12715095281600952,0.170514777302742,0.21872782707214355,0.2169041931629181,0.1383238136768341,0.1583457738161087,0.10451830923557281,0.06542076170444489,0.4346940517425537,0.08142783492803574,0.08322402089834213,0.04421495646238327,0.16078169643878937,0.1622801274061203,0.0794578492641449,0.15622280538082123,0.13179871439933777,0.06984376907348633,0.43136829137802124,0.15170800685882568,0.15899872779846191,0.041289716958999634,0.12300620973110199,0.25888901948928833,0.21208031475543976,0.055773597210645676,0.6451494693756104,0.41225525736808777,0.22510279715061188,0.09164118766784668,0.31998884677886963,0.42986980080604553,0.1577163189649582,0.10286471247673035
AI505,0.482758621,0.0,0.517241379,0.137931034,0.206896552,0.310344828,0.103448276,0.0,0.103448276,0.0,0.0,0.0,0.0,0.275862069,0.0,0.0,0.0,0.0,0.137931034,0.068965517,0.034482759,0.0,0.0,0.0,0.0,0.0,0.0,0.0,0.0,0.206896552,0.137931034,0.0,0.103448276,0.103448276,0.0,0.413793103,0.275862069,0.0,0.0,0.034482759,0.0,0.172413793,0.0,0.75862069,0.655172414,1.034482759,0.344827586,2.862068966,0.275862069,0.24137931,0.517241379,0.45547914505004883,0.1340952068567276,0.6799746751785278,0.47449421882629395,0.8103753924369812,0.3082696795463562,0.6262601613998413,0.3828774094581604,0.5788419842720032,0.34854498505592346,0.197698175907135,0.31970494985580444,0.08020656555891037,0.9041467308998108,0.3089827299118042,0.26385053992271423,0.28342097997665405,0.22887863218784332,0.16735504567623138,0.21756814420223236,0.33400076627731323,0.2655852735042572,0.27005407214164734,0.09613461047410965,0.07345044612884521,0.2550734877586365,0.3101332485675812,0.08340772241353989,0.1179250106215477,0.2470031976699829,0.1530040204524994,0.09453330188989639,0.3745567202568054,0.3467818796634674,0.06120456010103226,0.6231391429901123,0.31713804602622986,0.0695066750049591,0.0425928495824337,0.1936255544424057,0.4608416259288788,0.39572077989578247,0.12924468517303467,0.5565512180328369,0.3586058020591736,0.36137324571609497,0.35967615246772766,2.126607656478882,0.3952052593231201,0.3208855986595154,0.159848153591156
AI884,0.321428571,0.0,0.428571429,0.678571429,0.357142857,0.178571429,1.0,0.535714286,1.321428571,0.25,0.357142857,0.0,0.0,1.071428571,0.071428571,0.142857143,0.142857143,0.107142857,0.0,0.035714286,0.142857143,0.0,0.107142857,0.0,0.0,0.035714286,0.071428571,0.035714286,0.0,0.285714286,0.285714286,0.0,0.0,0.071428571,0.607142857,0.214285714,0.071428571,0.0,0.0,0.142857143,0.0,0.142857143,0.107142857,0.178571429,0.214285714,0.071428571,0.0,0.535714286,0.321428571,0.0,0.035714286,0.3264942467212677,0.18268734216690063,0.40186500549316406,0.49801045656204224,0.33886459469795227,0.15082600712776184,0.25085604190826416,0.1710040420293808,0.47364553809165955,0.06950396299362183,0.16760247945785522,0.21790635585784912,0.0858047604560852,0.6920770406723022,0.19180725514888763,0.21706517040729523,0.20750081539154053,0.16075624525547028,0.11112163960933685,0.3738318085670471,0.5563364028930664,0.06022586673498154,0.6807994246482849,0.06367819011211395,0.05898309126496315,0.12000146508216858,0.041958026587963104,0.11033441871404648,0.11163197457790375,0.13436321914196014,0.23359328508377075,0.1307857483625412,0.2064959704875946,0.22451534867286682,0.0946275144815445,0.46773427724838257,0.2231375128030777,0.05685136467218399,0.04372742399573326,0.147234246134758,0.2680610418319702,0.20362210273742676,0.10668980330228806,0.34636008739471436,0.6161736845970154,0.19250360131263733,0.04733611270785332,0.2597680985927582,0.28952091932296753,0.11933712661266327,0.13293637335300446
AI926,0.896551724,0.310344828,1.482758621,0.0,0.344827586,0.24137931,0.206896552,0.172413793,0.206896552,0.103448276,0.0,0.0,0.0,0.586206897,0.103448276,0.206896552,0.586206897,0.206896552,0.0,0.75862069,0.75862069,0.344827586,0.24137931,0.379310345,0.0,0.068965517,0.0,0.0,0.0,0.793103448,0.344827586,0.103448276,0.379310345,0.517241379,0.103448276,0.344827586,0.0,0.0,0.0,0.137931034,0.0,0.0,0.0,0.0,0.034482759,0.310344828,0.0,0.0,0.0,0.034482759,0.275862069,0.8579551577568054,0.26178181171417236,0.8104904890060425,0.21692916750907898,0.3487401604652405,0.19958272576332092,0.21385234594345093,0.18106530606746674,0.30192840099334717,0.13175657391548157,0.15024331212043762,0.08623397350311279,0.053229574114084244,0.6369256377220154,0.20167237520217896,0.21645332872867584,0.16627241671085358,0.2808402180671692,0.10628179460763931,0.5893837809562683,0.5884770750999451,0.11520293354988098,0.46530792117118835,0.11320430040359497,0.06049670651555061,0.09655493497848511,0.03695439174771309,0.07901832461357117,0.04499833658337593,0.18137414753437042,0.1403348594903946,0.07383379340171814,0.06170874461531639,0.2396039068698883,0.14481395483016968,0.4343239665031433,0.27762389183044434,0.03030383586883545,0.04547971859574318,0.11054076999425888,0.2426632195711136,0.1648629903793335,0.05641591176390648,0.12210582941770554,0.2567511200904846,0.21446537971496582,0.09887603670358658,0.23230120539665222,0.3097805082798004,0.14858441054821014,0.11982012540102005
AI943,0.275862069,0.0,0.310344828,0.103448276,0.310344828,0.0,0.275862069,0.344827586,0.827586207,0.0,0.0,0.137931034,0.0,1.413793103,0.586206897,0.724137931,0.103448276,0.034482759,0.0,0.275862069,0.551724138,0.0,0.275862069,0.0,0.0,0.0,0.379310345,0.103448276,0.0,0.137931034,0.275862069,0.0,0.0,0.24137931,0.310344828,0.137931034,0.034482759,0.0,0.0,0.0,0.172413793,0.206896552,0.0,0.482758621,0.206896552,0.206896552,0.275862069,0.689655172,0.24137931,0.068965517,0.206896552,0.5145666599273682,0.09814687073230743,0.33795788884162903,0.14999425411224365,0.33637258410453796,0.1849139779806137,0.23210729658603668,0.2791563868522644,0.6274658441543579,0.1331147849559784,0.20552821457386017,0.1896052211523056,0.0633649080991745,1.0587339401245117,0.48845788836479187,0.31886836886405945,0.2240944355726242,0.2674332857131958,0.16836830973625183,0.6233782172203064,0.7522538900375366,0.2879515588283539,0.7575117945671082,0.11904541403055191,0.0607404001057148,0.17888887226581573,0.17100371420383453,0.0887375921010971,0.11416489630937576,0.3946947455406189,0.2811272442340851,0.15490955114364624,0.288927286863327,0.2495013326406479,0.29574793577194214,0.5628451108932495,0.1479005515575409,0.05922739952802658,0.042010433971881866,0.23110513389110565,0.11592409014701843,0.12207966297864914,0.05313801392912865,0.3668676018714905,0.14451247453689575,0.2519278824329376,0.05789358168840408,0.3256564736366272,0.18532568216323853,0.09534301608800888,0.09922772645950317
AJ058,0.3,0.1,0.266666667,0.1,0.233333333,0.0,0.533333333,0.166666667,1.033333333,0.133333333,0.0,0.0,0.0,1.833333333,0.4,0.266666667,0.933333333,0.133333333,0.1,0.366666667,0.433333333,0.0,0.7,0.533333333,0.2,0.4,0.0,0.0,0.2,0.266666667,0.0,0.233333333,0.0,0.3,0.066666667,0.3,0.233333333,0.1,0.0,0.2,0.1,0.033333333,0.033333333,0.1,0.166666667,0.5,0.033333333,0.566666667,0.0,0.266666667,0.0,0.25742417573928833,0.04166722297668457,0.46446534991264343,0.20754362642765045,0.35838788747787476,0.1511225700378418,0.26892539858818054,0.2955182194709778,0.45472466945648193,0.16218167543411255,0.13226644694805145,0.1133231371641159,0.06142232567071915,1.1928637027740479,0.3974459767341614,0.2851574420928955,0.3594691753387451,0.41175904870033264,0.19398470222949982,0.5240092873573303,0.32098957896232605,0.1515832096338272,0.27202245593070984,0.12365558743476868,0.06026705354452133,0.11146283149719238,0.05426042154431343,0.08417496085166931,0.028696972876787186,0.24617207050323486,0.20228879153728485,0.0363335944712162,0.11997152119874954,0.15274278819561005,0.031341876834630966,0.4928719401359558,0.09849715977907181,0.0674426481127739,0.0407881960272789,0.03938538581132889,0.16753238439559937,0.24285058677196503,0.0627569779753685,0.3910055458545685,0.27074459195137024,0.2554047405719757,0.1303296834230423,0.3288039565086365,0.2499808967113495,0.1483689695596695,0.10951577872037888
AJ438,0.137931034,0.0,0.206896552,0.275862069,0.275862069,0.0,0.034482759,0.24137931,0.689655172,0.0,0.068965517,0.0,0.0,1.137931034,0.931034483,0.448275862,0.793103448,1.034482759,1.137931034,0.620689655,0.482758621,0.275862069,0.310344828,0.103448276,0.068965517,0.137931034,0.0,0.0,0.0,0.206896552,0.103448276,0.0,0.0,0.0,0.0,0.310344828,0.137931034,0.206896552,0.0,0.310344828,0.0,0.172413793,0.0,0.344827586,0.206896552,0.75862069,0.0,0.517241379,0.137931034,0.206896552,0.103448276,0.410167932510376,0.06117798760533333,0.3692041039466858,0.17270034551620483,0.3487608730792999,0.1635153889656067,0.32299137115478516,0.21617092192173004,0.8081020712852478,0.1122913733124733,0.17720092833042145,0.23365187644958496,0.06893971562385559,1.2997318506240845,0.4009038805961609,0.283123254776001,0.3017110526561737,0.1464734822511673,0.10038397461175919,0.24952581524848938,0.3434903621673584,0.06332475692033768,0.280068963766098,0.059753790497779846,0.059943441301584244,0.13973206281661987,0.03547750785946846,0.07395491749048233,0.027735510841012,0.23905931413173676,0.19032546877861023,0.034260280430316925,0.04063839837908745,0.17835493385791779,0.010980823077261448,0.4980469048023224,0.10281175374984741,0.030919311568140984,0.040284279733896255,0.02536722458899021,0.24496610462665558,0.1666162610054016,0.04121236875653267,0.31654924154281616,0.17743009328842163,0.21801456809043884,0.07078017294406891,0.27561700344085693,0.18897086381912231,0.11079230904579163,0.11183025687932968
AJ587,0.6,0.033333333,0.6,0.066666667,0.1,0.033333333,0.566666667,0.033333333,0.8,0.766666667,0.066666667,0.4,0.233333333,0.666666667,0.166666667,0.066666667,0.1,0.166666667,0.233333333,0.266666667,0.066666667,0.533333333,0.0,0.366666667,0.0,0.433333333,0.0,0.0,0.0,0.4,0.1,0.066666667,0.333333333,0.066666667,0.033333333,0.5,0.1,0.066666667,0.0,0.333333333,0.9,0.033333333,0.266666667,0.1,0.166666667,1.166666667,0.166666667,0.0,0.7,0.533333333,0.3,0.6642837524414062,0.052286434918642044,0.3162865936756134,0.1454169750213623,0.20316991209983826,0.11470986902713776,0.27330511808395386,0.14051224291324615,0.5106412172317505,0.14378954470157623,0.21115247905254364,0.1048450618982315,0.08351567387580872,0.6386449933052063,0.2748211622238159,0.21755117177963257,0.19202429056167603,0.14648425579071045,0.203291118144989,0.21262213587760925,0.19025665521621704,0.26333490014076233,0.1871357411146164,0.1153913214802742,0.06082305684685707,0.24670292437076569,0.12156102806329727,0.1159965917468071,0.13733485341072083,0.2170904278755188,0.2904447019100189,0.17140060663223267,0.5433694124221802,0.25458288192749023,0.15257517993450165,0.6143291592597961,0.06565167754888535,0.1348520815372467,0.04148584604263306,0.14457879960536957,0.24278341233730316,0.14999021589756012,0.06268765777349472,0.16110627353191376,0.18250705301761627,0.3105299770832062,0.16943392157554626,0.19488587975502014,0.27852290868759155,0.1826516091823578,0.12521177530288696
AK010,0.3,0.0,0.366666667,0.0,0.0,0.566666667,0.4,0.4,1.166666667,3.5,0.533333333,0.3,0.0,2.066666667,0.166666667,0.3,0.133333333,0.0,0.0,0.0,0.2,0.0,0.0,0.0,0.0,0.066666667,0.0,0.0,0.0,0.7,0.133333333,0.0,0.0,0.0,0.0,0.166666667,0.233333333,0.0,0.0,0.0,0.066666667,0.0,0.0,0.4,0.1,0.4,0.0,0.1,0.0,0.0,0.2,0.45288634300231934,0.0724644586443901,0.4273838400840759,0.10790196061134338,0.2356492280960083,0.24665296077728271,0.4433324337005615,0.24549274146556854,0.8738978505134583,1.509076476097107,0.21117454767227173,0.19074708223342896,0.06960701942443848,1.48164963722229,0.23112604022026062,0.2564374804496765,0.20399512350559235,0.08074423670768738,0.10494358092546463,0.11788817495107651,0.19000184535980225,0.06517142802476883,0.18486636877059937,0.04541203752160072,0.060000985860824585,0.20862816274166107,0.036041006445884705,0.08511039614677429,0.10306534171104431,0.4117763936519623,0.20761023461818695,0.04868864268064499,0.021624645218253136,0.1390685737133026,0.021937403827905655,0.3989908695220947,0.22979037463665009,0.009281385689973831,0.04132119193673134,0.03875599429011345,0.1143055185675621,0.12500332295894623,0.055890683084726334,0.3119505047798157,0.12720102071762085,0.4743877351284027,0.15090066194534302,0.3739815950393677,0.14902567863464355,0.10387104749679565,0.16157470643520355
AK118,0.366666667,0.033333333,0.266666667,0.0,0.1,0.033333333,0.366666667,0.333333333,0.6,0.133333333,0.0,0.1,0.066666667,1.066666667,0.3,0.133333333,0.066666667,0.0,0.0,0.0,0.133333333,0.0,0.2,0.0,0.0,0.433333333,0.233333333,0.1,0.533333333,1.033333333,0.466666667,0.0,0.0,0.266666667,0.066666667,1.133333333,0.066666667,0.066666667,0.166666667,0.533333333,0.2,0.266666667,0.566666667,0.066666667,0.0,0.433333333,0.0,0.1,0.333333333,0.0,0.1,0.3639538288116455,0.05336340516805649,0.4409012794494629,0.13747140765190125,0.2616570293903351,0.2432815134525299,0.4818577170372009,0.26371875405311584,0.9922183156013489,1.484540343284607,0.22332066297531128,0.2991473078727722,0.06012606620788574,1.60246741771698,0.2662717401981354,0.2756980359554291,0.2300109714269638,0.05154949426651001,0.09036285430192947,0.10843390226364136,0.2761988639831543,0.04380551725625992,0.22175344824790955,0.0753990113735199,0.061131905764341354,0.19420549273490906,0.02423618547618389,0.07853461056947708,0.04775145277380943,0.42789217829704285,0.26501381397247314,0.05385258421301842,0.03331389278173447,0.12503011524677277,0.013034247793257236,0.4046151041984558,0.2182668000459671,0.03570471704006195,0.043050121515989304,0.014286761172115803,0.09291420131921768,0.13360421359539032,0.04314370080828667,0.291892945766449,0.1745828539133072,0.4596646726131439,0.12577557563781738,0.301810622215271,0.16971996426582336,0.06253165006637573,0.15617163479328156
AK344,0.4,0.133333333,0.366666667,0.0,0.266666667,0.133333333,0.466666667,0.0,0.466666667,0.066666667,0.0,0.0,0.0,0.6,0.0,0.066666667,0.0,0.166666667,0.0,0.5,0.033333333,0.333333333,0.466666667,0.066666667,0.0,0.066666667,0.0,0.0,0.0,1.466666667,0.533333333,0.2,0.0,0.3,0.0,0.1,0.233333333,0.0,0.0,0.0,0.0,0.533333333,0.166666667,0.166666667,0.0,1.033333333,0.333333333,1.133333333,0.1,0.133333333,0.266666667,0.33576664328575134,0.06318182498216629,0.306693434715271,0.10043768584728241,0.19755680859088898,0.10917679220438004,0.31119298934936523,0.1488126814365387,0.8699885606765747,0.11489134281873703,0.16292895376682281,0.12142668664455414,0.07228394597768784,1.2827852964401245,0.3443114161491394,0.2542516887187958,0.24432338774204254,0.07187778502702713,0.09864338487386703,0.23617376387119293,0.23252582550048828,0.06742794811725616,0.20369693636894226,0.06927995383739471,0.061501841992139816,0.17714141309261322,0.03203124925494194,0.08293144404888153,0.0443253293633461,0.18527689576148987,0.16404642164707184,0.06645391881465912,0.07956370711326599,0.18113799393177032,0.02700960822403431,0.5180168151855469,0.21256870031356812,0.09343535453081131,0.040929317474365234,0.09161130338907242,0.1604948192834854,0.18195059895515442,0.09143833070993423,0.42816656827926636,0.2566942572593689,0.4907834231853485,0.11770141869783401,0.5510398745536804,0.24406440556049347,0.153192400932312,0.13558316230773926
AK361,0.366666667,0.0,0.4,0.0,0.166666667,0.066666667,0.766666667,0.1,0.7,0.866666667,0.066666667,0.133333333,0.2,1.833333333,0.6,1.333333333,0.266666667,0.166666667,0.366666667,0.3,1.0,0.133333333,0.433333333,0.1,0.0,0.3,0.033333333,0.3,0.433333333,0.333333333,0.2,0.0,0.0,0.133333333,0.0,0.7,0.1,0.0,0.0,0.0,0.0,0.0,0.0,0.1,0.0,0.1,0.133333333,0.166666667,0.0,0.066666667,0.166666667,0.3586030900478363,0.044291313737630844,0.550821840763092,0.16338858008384705,0.30339691042900085,0.20541244745254517,0.4515101909637451,0.23237337172031403,0.6588897705078125,0.41262882947921753,0.22744220495224,0.22606395184993744,0.06908918917179108,1.1614394187927246,0.21327564120292664,0.2582900822162628,0.20359694957733154,0.050150446593761444,0.08776995539665222,0.16813379526138306,0.28494319319725037,0.04536581039428711,0.19394923746585846,0.07617156952619553,0.06091383472084999,0.15241238474845886,0.06985486298799515,0.0792943611741066,0.06644468009471893,0.3730366826057434,0.26035696268081665,0.05555916950106621,0.055830907076597214,0.1481696516275406,0.03997506573796272,0.42419156432151794,0.16507530212402344,0.018199985846877098,0.0433768667280674,0.10760026425123215,0.07071048766374588,0.12967050075531006,0.12171490490436554,0.1984976828098297,0.15608187019824982,0.36173707246780396,0.20990625023841858,0.33960777521133423,0.13747908174991608,0.1315031796693802,0.1341545730829239
AK432,0.566666667,0.0,0.366666667,0.1,0.1,0.466666667,0.4,0.3,1.1,3.8,0.7,0.1,0.0,2.566666667,0.133333333,0.266666667,0.0,0.0,0.0,0.0,0.133333333,0.0,0.0,0.0,0.066666667,0.133333333,0.066666667,0.0,0.0,0.5,0.066666667,0.0,0.0,0.133333333,0.0,0.0,0.0,0.0,0.0,0.0,0.0,0.0,0.033333333,0.133333333,0.1,0.1,0.1,0.1,0.133333333,0.166666667,0.166666667,0.4072188138961792,0.06938623636960983,0.3981020748615265,0.09117218106985092,0.20455309748649597,0.18284064531326294,0.4597688615322113,0.2501378357410431,1.1234458684921265,0.26420706510543823,0.25145426392555237,0.27277860045433044,0.07107563316822052,1.5364288091659546,0.256382018327713,0.2747420370578766,0.2734585702419281,0.07275769114494324,0.1028379276394844,0.13069197535514832,0.2199961096048355,0.05646507441997528,0.21158970892429352,0.11010716110467911,0.061155203729867935,0.20151613652706146,0.08004689961671829,0.08675243705511093,0.14655131101608276,0.4847152829170227,0.37276288866996765,0.10903455317020416,0.2133350819349289,0.1391036957502365,0.036712903529405594,0.4229575991630554,0.17749211192131042,0.016129611060023308,0.0419418066740036,0.14805680513381958,0.07802724838256836,0.12785111367702484,0.13110938668251038,0.26169276237487793,0.15720419585704803,0.452655166387558,0.2371538132429123,0.20721560716629028,0.15049514174461365,0.14180976152420044,0.15777277946472168
AK574,1.166666667,1.6,0.666666667,0.133333333,0.033333333,0.066666667,0.1,0.1,0.8,0.166666667,0.0,0.0,0.0,1.3,0.2,0.166666667,0.533333333,0.2,0.0,0.1,0.366666667,0.0,0.3,0.133333333,0.1,0.133333333,0.0,0.0,0.066666667,1.2,0.233333333,0.266666667,0.233333333,0.166666667,0.0,0.3,0.233333333,0.1,0.0,0.033333333,0.0,0.0,0.0,0.1,0.5,1.533333333,0.166666667,0.4,0.0,0.266666667,0.333333333,0.6685280799865723,0.4216556251049042,0.5755754709243774,0.22037844359874725,0.25153863430023193,0.1756497323513031,0.45586341619491577,0.20962554216384888,0.9952536225318909,0.19801564514636993,0.22278240323066711,0.23373937606811523,0.06351024657487869,1.1739212274551392,0.22904740273952484,0.270756334066391,0.2795711159706116,0.07475971430540085,0.0945182591676712,0.16486690938472748,0.19837521016597748,0.09750866144895554,0.16597943007946014,0.14279749989509583,0.059227779507637024,0.19471487402915955,0.0738459974527359,0.07374650239944458,0.0978870764374733,0.24115921556949615,0.3004285991191864,0.1099468320608139,0.30164843797683716,0.14486439526081085,0.0770048052072525,0.4169872999191284,0.09666741639375687,0.07295472174882889,0.04659489542245865,0.2445141226053238,0.15941017866134644,0.17081384360790253,0.08754221349954605,0.21613137423992157,0.3388994038105011,0.24872900545597076,0.18009944260120392,0.14568236470222473,0.16618502140045166,0.2458426058292389,0.13185428082942963
AK716,1.433333333,0.133333333,1.533333333,0.133333333,0.333333333,0.133333333,0.266666667,0.1,0.466666667,0.233333333,0.0,0.0,0.0,0.566666667,0.166666667,0.066666667,0.333333333,0.266666667,0.233333333,0.133333333,0.0,0.166666667,0.0,0.066666667,0.0,0.066666667,0.033333333,0.0,0.0,1.4,0.4,0.166666667,0.233333333,0.133333333,0.0,0.4,0.0,0.0,0.0,0.0,0.133333333,0.1,0.0,0.0,0.066666667,1.2,0.266666667,0.8,0.233333333,0.3,0.3,0.44050920009613037,0.11264705657958984,0.5439398288726807,0.22598280012607574,0.3041318953037262,0.17366370558738708,0.332579642534256,0.27169546484947205,0.5204927921295166,0.11613953858613968,0.1507771909236908,0.09366336464881897,0.057209569960832596,1.3514777421951294,0.31741076707839966,0.28495535254478455,0.26345324516296387,0.07903788983821869,0.10573547333478928,0.3684566617012024,0.27976739406585693,0.06253980100154877,0.24355831742286682,0.09146913141012192,0.0639466643333435,0.175881028175354,0.09041133522987366,0.07032175362110138,0.024030327796936035,0.15495607256889343,0.23844581842422485,0.04750383645296097,0.10190654546022415,0.13706627488136292,0.04593545198440552,0.5603198409080505,0.11228655278682709,0.04271988198161125,0.045464951545000076,0.14519695937633514,0.16563346982002258,0.1535017490386963,0.05260064825415611,0.19935835897922516,0.3679751455783844,0.20755240321159363,0.14353114366531372,0.1823110431432724,0.2620839476585388,0.21620531380176544,0.09682223945856094
AK739,0.3,0.133333333,0.533333333,0.2,0.3,0.233333333,0.3,0.0,0.633333333,0.3,0.066666667,0.133333333,0.0,0.633333333,0.066666667,0.0,0.1,0.0,0.0,0.0,0.0,0.0,0.0,0.0,0.0,0.0,0.066666667,0.0,0.0,1.166666667,0.4,0.0,0.133333333,0.066666667,0.0,0.4,0.133333333,0.066666667,0.0,0.066666667,0.0,0.3,0.033333333,0.133333333,0.4,1.333333333,0.366666667,1.966666667,0.633333333,0.166666667,0.2,0.19576579332351685,0.053923893719911575,0.37793999910354614,0.17646610736846924,0.2058161199092865,0.13178853690624237,0.3017062544822693,0.20842356979846954,0.7861183881759644,0.08382239937782288,0.2153572142124176,0.2293955385684967,0.056683819741010666,1.1834052801132202,0.32078835368156433,0.2699539363384247,0.17916850745677948,0.16680990159511566,0.08948536962270737,0.15433016419410706,0.18480804562568665,0.07842124998569489,0.1456519514322281,0.07382550090551376,0.05999131128191948,0.077077716588974,0.1906512826681137,0.07617450505495071,0.07965376228094101,0.29001808166503906,0.2058476060628891,0.030616797506809235,0.17215785384178162,0.1342984288930893,0.03363707289099693,0.5316303372383118,0.1577286273241043,0.05043614283204079,0.04164924845099449,0.13771599531173706,0.091154545545578,0.1405128538608551,0.06669795513153076,0.20333682000637054,0.21758785843849182,0.30484679341316223,0.15041440725326538,0.29198524355888367,0.17072398960590363,0.13621819019317627,0.12177304923534393
AL047,0.433333333,0.1,0.933333333,0.1,1.133333333,0.133333333,0.233333333,0.133333333,0.2,0.1,0.066666667,0.0,0.0,0.5,0.333333333,0.133333333,0.3,0.133333333,0.066666667,0.766666667,1.5,0.0,0.8,0.1,0.0,0.366666667,0.066666667,0.1,0.0,0.2,0.066666667,0.066666667,0.0,0.3,0.233333333,1.266666667,0.0,0.0,0.0,0.0,0.433333333,0.0,0.033333333,0.1,0.033333333,0.166666667,0.0,0.033333333,0.0,0.0,0.266666667,0.9630832076072693,0.27263790369033813,0.39207547903060913,0.11848261952400208,0.5440914034843445,0.18245014548301697,0.3025752902030945,0.3926104009151459,0.1322755217552185,0.1509825587272644,0.06207001209259033,0.02272363007068634,0.0582585483789444,0.41705355048179626,0.16474659740924835,0.185459166765213,0.23672138154506683,0.08221551030874252,0.19713006913661957,1.441664457321167,1.695593237876892,0.129405215382576,0.9418100714683533,0.22125311195850372,0.06726687401533127,0.3917379677295685,0.004979841876775026,0.09537606686353683,0.030676554888486862,0.179790660738945,0.11099874973297119,0.07302200794219971,0.16197626292705536,0.3130296766757965,0.08542267978191376,0.9570110440254211,0.22944612801074982,0.045461174100637436,0.04595902934670448,0.004730261396616697,0.46266430616378784,0.27501189708709717,0.11124051362276077,0.047127753496170044,0.0011808306444436312,0.12572722136974335,0.06822846829891205,0.13694483041763306,0.13883674144744873,0.16053256392478943,0.058751415461301804
AL112,1.166666667,0.166666667,0.7,0.0,0.533333333,0.133333333,0.2,0.266666667,0.733333333,0.0,0.0,0.166666667,0.0,0.666666667,0.133333333,0.233333333,0.1,0.0,0.066666667,0.466666667,0.566666667,0.433333333,0.533333333,0.5,0.0,0.166666667,0.1,0.0,0.0,0.6,0.066666667,0.3,0.033333333,0.566666667,0.2,0.8,0.2,0.0,0.0,0.5,0.266666667,0.3,0.066666667,0.0,0.0,0.433333333,0.0,0.2,0.166666667,0.166666667,0.066666667,0.7130990028381348,0.1267850548028946,0.5264183282852173,0.19857755303382874,0.36154159903526306,0.18368211388587952,0.4221346974372864,0.15349774062633514,0.5253784656524658,0.30843058228492737,0.12361706048250198,0.11631094664335251,0.05312608554959297,0.7470793128013611,0.1778813600540161,0.23762400448322296,0.20820355415344238,0.10723383724689484,0.0913720428943634,0.3542312681674957,0.5803083181381226,0.14971090853214264,0.27515485882759094,0.1870497167110443,0.06203460693359375,0.29854318499565125,0.04400146007537842,0.08633402734994888,0.12643583118915558,0.324474573135376,0.2336243987083435,0.09365473687648773,0.10837007313966751,0.26264673471450806,0.11107213795185089,0.7179497480392456,0.21891550719738007,0.059895630925893784,0.040889859199523926,0.21122509241104126,0.26595985889434814,0.13999338448047638,0.10289359092712402,0.1542871743440628,0.13927797973155975,0.2258262187242508,0.17586146295070648,0.18306106328964233,0.35203608870506287,0.2301093339920044,0.12584172189235687
AL200,0.566666667,0.133333333,0.566666667,0.233333333,0.766666667,0.333333333,0.3,0.0,0.166666667,0.133333333,0.0,0.0,0.0,0.566666667,0.266666667,0.066666667,0.266666667,0.1,0.166666667,0.066666667,0.0,0.1,0.2,0.1,0.0,0.133333333,0.0,0.0,0.0,0.333333333,0.333333333,0.266666667,0.2,0.333333333,0.333333333,1.633333333,0.333333333,0.033333333,0.0,0.233333333,0.233333333,0.3,0.133333333,0.066666667,0.066666667,0.166666667,0.0,0.0,0.433333333,0.2,0.733333333,0.5096398591995239,0.06341945379972458,0.39601263403892517,0.13094255328178406,0.3585962951183319,0.16800735890865326,0.39937570691108704,0.18715371191501617,0.7076845169067383,0.34208837151527405,0.16951927542686462,0.192722350358963,0.07403549551963806,0.8045892119407654,0.16524161398410797,0.24542319774627686,0.19923223555088043,0.09360206872224808,0.09825515747070312,0.3403331935405731,0.37710657715797424,0.11211026459932327,0.2738845646381378,0.08615196496248245,0.06431031972169876,0.4687992334365845,0.08881453424692154,0.08482206612825394,0.25271230936050415,0.38702452182769775,0.36986875534057617,0.10079112648963928,0.6802662014961243,0.212101548910141,0.08444822579622269,0.69619220495224,0.31958210468292236,0.053508348762989044,0.044646430760622025,0.1048816591501236,0.17247352004051208,0.16779248416423798,0.11643406003713608,0.1260673701763153,0.048894934356212616,0.2928765118122101,0.11209022253751755,0.13568231463432312,0.260206401348114,0.0889776423573494,0.11088025569915771
AL231,0.5,0.0,0.6,2.233333333,0.466666667,0.033333333,0.3,0.566666667,0.633333333,0.066666667,0.0,0.0,0.0,1.933333333,0.833333333,0.833333333,0.2,0.0,0.0,0.066666667,0.166666667,0.066666667,0.233333333,0.133333333,0.233333333,0.1,0.033333333,0.1,0.1,0.033333333,0.133333333,0.0,0.0,0.166666667,0.0,0.433333333,0.0,0.0,0.066666667,0.133333333,0.0,0.0,0.0,0.0,0.533333333,0.1,0.0,0.133333333,0.0,0.166666667,0.0,0.758851945400238,0.04292414337396622,0.629707932472229,0.4344598650932312,0.5024096965789795,0.23469579219818115,0.42542004585266113,0.16657869517803192,0.5981104373931885,0.30393239855766296,0.1314486414194107,0.10952167212963104,0.05870750918984413,1.2581063508987427,0.26272329688072205,0.2723657190799713,0.2684310972690582,0.07971633225679398,0.1509835422039032,0.29230955243110657,0.4612927734851837,0.10148612409830093,0.24714158475399017,0.03886955603957176,0.06079202890396118,0.16209445893764496,-0.0020775338634848595,0.0748070776462555,0.049036916345357895,0.2529822885990143,0.1937519609928131,0.013552345335483551,0.04352281987667084,0.2359837293624878,0.02510123699903488,0.60097736120224,0.2378690242767334,0.050190042704343796,0.04179826378822327,0.026949908584356308,0.1857042759656906,0.12243710458278656,0.07437365502119064,0.1262880116701126,0.2107342779636383,0.2489907592535019,0.1256503313779831,0.150612011551857,0.17145530879497528,0.18488290905952454,0.10918446630239487
AL360,1.433333333,0.0,1.633333333,0.233333333,0.566666667,0.166666667,0.3,0.0,1.1,0.166666667,0.433333333,0.2,0.0,0.866666667,0.133333333,0.2,0.066666667,0.166666667,0.066666667,0.066666667,0.3,0.066666667,0.0,0.033333333,0.0,0.1,0.0,0.0,0.066666667,0.4,0.166666667,0.0,0.1,0.133333333,0.0,0.466666667,0.0,0.233333333,0.0,0.0,0.2,0.0,0.0,0.066666667,0.2,0.066666667,0.133333333,0.033333333,0.066666667,0.133333333,0.2,0.7508094310760498,0.10020734369754791,0.6918416619300842,0.20926089584827423,0.5242123603820801,0.1742526888847351,0.40530481934547424,0.20694375038146973,0.7612794041633606,0.27575013041496277,0.2131040394306183,0.10438745468854904,0.05271843448281288,0.8561682105064392,0.1405443400144577,0.27102428674697876,0.25410839915275574,0.08413702994585037,0.10344654321670532,0.49897050857543945,0.7170945405960083,0.12401276081800461,0.3637312948703766,0.0647914856672287,0.0787392407655716,0.26924172043800354,0.028698453679680824,0.08896591514348984,0.15916995704174042,0.3892470896244049,0.2717607319355011,0.14909537136554718,0.09978464990854263,0.20889396965503693,0.09782765060663223,0.7671895623207092,0.2000940591096878,0.125043123960495,0.0759463906288147,0.23888030648231506,0.3353329598903656,0.13627928495407104,0.0934942215681076,0.12696988880634308,0.16622699797153473,0.31176695227622986,0.16941384971141815,0.24270224571228027,0.3034774363040924,0.23541785776615143,0.21903687715530396
AM206,0.2,0.0,0.4,1.033333333,0.4,0.066666667,0.233333333,0.333333333,1.066666667,0.166666667,0.233333333,0.7,0.0,1.6,0.7,0.633333333,0.833333333,0.0,0.0,0.133333333,0.0,0.1,0.1,0.0,0.0,0.133333333,0.0,0.0,0.0,0.166666667,0.3,0.0,0.0,0.066666667,0.0,0.633333333,0.0,0.0,0.0,0.033333333,0.6,0.0,0.0,0.333333333,0.566666667,0.2,0.0,0.033333333,0.4,0.133333333,0.233333333,0.39342179894447327,0.06205767020583153,0.41590166091918945,0.1734599620103836,0.3921012580394745,0.1456216722726822,0.27453815937042236,0.2713488042354584,0.398537278175354,0.08698341995477676,0.07108796387910843,0.17252503335475922,0.056157730519771576,0.9687886238098145,0.37358197569847107,0.2787451446056366,0.3004354238510132,0.1396399289369583,0.10130318999290466,0.44868797063827515,0.39897245168685913,0.058624863624572754,0.2726830542087555,0.04228943586349487,0.0599292628467083,0.19234338402748108,0.03905085101723671,0.06974931061267853,0.013616223819553852,0.1466289609670639,0.17240776121616364,0.04987837374210358,0.115699402987957,0.14935478568077087,0.07632482051849365,0.5499542355537415,0.14133751392364502,0.016797775402665138,0.040284279733896255,0.050045013427734375,0.15008613467216492,0.1748998463153839,0.05060967803001404,0.19596318900585175,0.26609253883361816,0.1849237084388733,0.05272527411580086,0.2668851315975189,0.33277586102485657,0.09307479113340378,0.09360036998987198
AM414,0.766666667,0.0,1.533333333,0.333333333,1.033333333,0.866666667,0.866666667,0.266666667,0.633333333,0.4,0.433333333,0.0,0.166666667,0.866666667,0.066666667,0.166666667,0.233333333,0.0,0.033333333,0.0,0.0,0.0,0.0,0.0,0.0,0.0,0.0,0.0,0.0,0.2,0.433333333,0.066666667,0.333333333,0.4,0.033333333,0.833333333,0.133333333,0.0,0.1,0.066666667,0.033333333,0.066666667,0.133333333,0.033333333,0.5,0.733333333,0.166666667,0.333333333,0.0,0.133333333,0.433333333,0.4513686001300812,0.046300455927848816,0.5390627384185791,0.6032062768936157,0.43946582078933716,0.2602241635322571,0.6779812574386597,0.28504177927970886,0.8230313062667847,0.13589107990264893,0.26263347268104553,0.2337067425251007,0.07389309257268906,1.3043941259384155,0.2502279281616211,0.28047025203704834,0.21759408712387085,0.0675564780831337,0.09059321135282516,0.23736044764518738,0.3320411741733551,0.040625397115945816,0.18703033030033112,0.07733156532049179,0.059821441769599915,0.14393697679042816,0.03957930579781532,0.08517442643642426,0.109108567237854,0.21518754959106445,0.26270484924316406,0.1384270340204239,0.20430888235569,0.15106560289859772,0.03390074893832207,0.6033920645713806,0.11747429519891739,0.04181630164384842,0.04752807319164276,0.08332997560501099,0.1605154275894165,0.1447671353816986,0.07135256379842758,0.19375789165496826,0.28778424859046936,0.3060576617717743,0.1390862613916397,0.22419363260269165,0.17272788286209106,0.15154294669628143,0.11729937791824341
AM431,0.233333333,0.166666667,0.466666667,0.233333333,0.4,0.066666667,0.2,0.0,0.933333333,0.3,0.466666667,0.333333333,0.0,1.2,0.0,0.233333333,0.1,0.033333333,0.0,0.4,0.433333333,0.3,0.233333333,0.033333333,0.066666667,0.066666667,0.1,0.1,0.5,0.466666667,0.1,0.233333333,1.533333333,0.266666667,0.066666667,0.566666667,0.0,0.0,0.0,0.0,0.066666667,0.0,0.0,0.133333333,0.166666667,0.2,0.0,0.066666667,0.1,0.0,0.3,0.3958691656589508,0.037416521459817886,0.43154415488243103,0.1720922291278839,0.31944045424461365,0.17892661690711975,0.45560556650161743,0.17524845898151398,0.8902376294136047,0.12420615553855896,0.18127217888832092,0.31621450185775757,0.07085605710744858,1.1759397983551025,0.29078492522239685,0.26077955961227417,0.19656649231910706,0.08625508844852448,0.10085546225309372,0.46768510341644287,0.3988008499145508,0.17315056920051575,0.24812346696853638,0.09418931603431702,0.06124189868569374,0.20923933386802673,0.09726369380950928,0.08161096274852753,0.215518519282341,0.3192831873893738,0.37421348690986633,0.26455551385879517,0.5211741924285889,0.20275643467903137,0.08091410994529724,0.5587038397789001,0.09870865941047668,0.020943745970726013,0.04339691996574402,0.08199863135814667,0.2115817666053772,0.15818826854228973,0.09268396347761154,0.13595424592494965,0.13533520698547363,0.1676056981086731,0.09411008656024933,0.1822461038827896,0.17112533748149872,0.08359192311763763,0.09301943331956863
AM792,0.033333333,0.1,0.433333333,0.0,0.7,0.166666667,1.233333333,0.533333333,0.233333333,0.033333333,0.033333333,0.066666667,0.066666667,1.066666667,0.2,0.3,0.933333333,0.3,0.1,0.166666667,0.0,0.0,0.1,0.266666667,0.1,0.333333333,0.0,0.0,0.066666667,0.133333333,0.033333333,0.0,0.0,0.033333333,0.166666667,0.4,0.333333333,0.333333333,0.0,0.0,0.0,0.0,0.0,0.366666667,0.133333333,0.4,0.133333333,0.333333333,0.366666667,0.1,0.033333333,0.4570438861846924,0.06563768535852432,0.5129725337028503,0.33615776896476746,0.44428446888923645,0.34457382559776306,0.6362687945365906,0.42690709233283997,0.5023700594902039,0.16599594056606293,0.19218409061431885,0.1863183081150055,0.06815025955438614,1.0211818218231201,0.2972571551799774,0.29962635040283203,0.24156394600868225,0.13330969214439392,0.10340879112482071,0.2610255479812622,0.40716680884361267,0.06266165524721146,0.1917276233434677,0.10445176064968109,0.08882982283830643,0.5152959823608398,0.1532399207353592,0.11926107108592987,0.10723966360092163,0.31892576813697815,0.12706227600574493,0.07011305540800095,0.1946723759174347,0.17077389359474182,0.05569631978869438,0.6264431476593018,0.11296529322862625,0.09647168964147568,0.04652464762330055,0.0746716558933258,0.187729611992836,0.16193518042564392,0.1201077401638031,0.27141648530960083,0.2427150309085846,0.2141517996788025,0.20823551714420319,0.23634697496891022,0.1270504593849182,0.14228080213069916,0.1162358969449997
AM969,0.366666667,0.0,0.533333333,0.133333333,0.133333333,0.2,0.333333333,0.4,0.3,0.066666667,0.0,0.0,0.0,0.733333333,0.4,0.3,0.5,0.2,0.166666667,0.7,0.233333333,1.066666667,0.166666667,0.366666667,0.0,0.0,0.266666667,0.033333333,1.1,0.266666667,0.3,0.233333333,1.566666667,0.2,0.3,0.466666667,0.033333333,0.0,0.033333333,0.1,0.1,0.0,0.0,0.0,0.3,0.233333333,0.166666667,0.166666667,0.0,0.0,0.033333333,0.4641145169734955,0.03455201908946037,0.5236464142799377,0.24054457247257233,0.48242881894111633,0.18274059891700745,0.5362588763237,0.4137563407421112,0.5862666964530945,0.18396958708763123,0.16767624020576477,0.21111902594566345,0.07156248390674591,1.1390067338943481,0.2815951406955719,0.2619555592536926,0.2432282269001007,0.11108800023794174,0.0976564884185791,0.37346553802490234,0.43745869398117065,0.19836391508579254,0.27405521273612976,0.11288662254810333,0.061091918498277664,0.18432791531085968,0.07876336574554443,0.07661780714988708,0.16368015110492706,0.35759103298187256,0.3419008255004883,0.15283238887786865,0.2536344528198242,0.19894428551197052,0.05131135880947113,0.5686488151550293,0.12339501082897186,0.019269784912467003,0.04241277649998665,0.10056047886610031,0.18524371087551117,0.15511846542358398,0.13089874386787415,0.13952742516994476,0.21988537907600403,0.26802366971969604,0.1416681855916977,0.12264848500490189,0.15427695214748383,0.15119056403636932,0.11434648185968399
AM990,0.2,0.0,0.3,0.0,0.133333333,0.033333333,0.4,0.533333333,2.166666667,0.733333333,0.6,0.933333333,0.0,2.266666667,0.066666667,0.133333333,0.0,0.0,0.066666667,0.066666667,0.066666667,0.0,0.133333333,0.0,0.066666667,0.166666667,0.1,0.0,0.433333333,0.6,0.833333333,0.0,0.0,0.0,0.066666667,0.433333333,0.0,0.0,0.0,0.2,0.166666667,0.0,0.3,0.133333333,0.0,0.0,0.0,0.066666667,0.1,0.0,0.0,0.3538753092288971,0.04893695190548897,0.4088834524154663,0.2076694369316101,0.43228164315223694,0.1892525553703308,0.527795672416687,0.20268407464027405,0.7641947269439697,0.16679295897483826,0.2100016474723816,0.3187412917613983,0.07519800961017609,1.162048101425171,0.36963531374931335,0.2893225848674774,0.2121548354625702,0.08084802329540253,0.08858814835548401,0.31060850620269775,0.42538121342658997,0.04601427912712097,0.2591919004917145,0.11777611821889877,0.06349717080593109,0.38508883118629456,0.2068594992160797,0.10571026057004929,0.3276556432247162,0.42802169919013977,0.33120378851890564,0.1718681901693344,0.11989080905914307,0.13658574223518372,0.14725810289382935,0.7233802676200867,0.210317462682724,0.1351521760225296,0.07419631630182266,0.23862634599208832,0.147403284907341,0.13608472049236298,0.15816831588745117,0.17691369354724884,0.14048361778259277,0.2771669328212738,0.20430538058280945,0.3571290075778961,0.24259436130523682,0.144731804728508,0.11075825989246368
AN307,0.3,0.0,0.5,0.233333333,0.566666667,0.0,0.333333333,0.366666667,0.733333333,0.0,0.066666667,0.266666667,0.066666667,1.266666667,0.333333333,0.466666667,0.166666667,0.2,0.1,0.733333333,0.333333333,0.566666667,0.2,0.466666667,0.066666667,0.1,0.0,0.0,0.166666667,0.3,0.433333333,0.866666667,0.533333333,0.133333333,0.0,0.833333333,0.0,0.233333333,0.066666667,0.8,0.0,0.166666667,0.233333333,0.233333333,0.0,0.033333333,0.0,0.0,0.033333333,0.0,0.1,0.41253361105918884,0.0679742842912674,0.4616239666938782,0.22123268246650696,0.6327630877494812,0.19042491912841797,0.4877578020095825,0.39878326654434204,0.7017054557800293,0.13696764409542084,0.1803547888994217,0.19238711893558502,0.09065500646829605,1.2127546072006226,0.3782401382923126,0.29761800169944763,0.267758309841156,0.1373285949230194,0.13969771564006805,0.4400407671928406,0.43398478627204895,0.24272631108760834,0.277394562959671,0.19594667851924896,0.0608217790722847,0.1578240692615509,0.10026704519987106,0.09729792922735214,0.15419478714466095,0.35109663009643555,0.276929646730423,0.243546262383461,0.1967531144618988,0.1694532334804535,0.07042868435382843,0.5007086396217346,0.14128448069095612,0.11705297231674194,0.04454445093870163,0.3079526722431183,0.2642076909542084,0.15977129340171814,0.12531396746635437,0.17864225804805756,0.1342795491218567,0.16996535658836365,0.14105837047100067,0.19694234430789948,0.2279854416847229,0.22123071551322937,0.09959373623132706
AN446,0.533333333,0.166666667,0.766666667,0.433333333,0.366666667,0.266666667,0.233333333,0.333333333,0.566666667,0.0,0.166666667,0.166666667,0.0,0.433333333,0.2,0.0,0.1,0.033333333,0.033333333,0.066666667,0.1,0.0,0.066666667,0.166666667,0.0,0.733333333,0.0,0.033333333,0.2,0.566666667,0.7,0.366666667,0.533333333,0.233333333,0.133333333,1.3,0.1,0.133333333,0.0,0.133333333,0.233333333,0.0,0.066666667,0.133333333,0.133333333,0.566666667,0.3,0.266666667,0.1,0.3,0.3,0.44008100032806396,0.06917813420295715,0.5632402300834656,0.5483516454696655,0.3424326777458191,0.1914636641740799,0.5338637828826904,0.41005563735961914,0.7547378540039062,0.16528668999671936,0.32468998432159424,0.35652121901512146,0.08867934346199036,1.323706030845642,0.46968352794647217,0.343816876411438,0.2171560376882553,0.06582243740558624,0.09425341337919235,0.19890759885311127,0.35967034101486206,0.07698050886392593,0.13875018060207367,0.17220529913902283,0.08393830060958862,0.5392017960548401,0.18555007874965668,0.10121142119169235,0.27025866508483887,0.33726584911346436,0.23831216990947723,0.14202353358268738,0.33214306831359863,0.13810241222381592,0.07743170112371445,0.5033684968948364,0.1727966070175171,0.019585998728871346,0.06408621370792389,0.12550856173038483,0.15234026312828064,0.1936366856098175,0.09100973606109619,0.22978869080543518,0.21999415755271912,0.34134483337402344,0.13979555666446686,0.5571005344390869,0.1503141224384308,0.1694747507572174,0.08183106780052185
AN955,0.366666667,0.0,0.366666667,0.533333333,0.4,0.2,0.533333333,0.633333333,1.166666667,0.133333333,0.1,0.866666667,0.033333333,2.066666667,0.5,0.333333333,0.366666667,0.166666667,0.0,0.266666667,0.0,0.166666667,0.233333333,0.0,0.0,0.033333333,0.0,0.0,0.0,0.033333333,0.1,0.0,0.0,0.0,0.0,0.4,0.2,0.0,0.0,0.1,0.033333333,0.166666667,0.0,0.466666667,0.633333333,0.5,0.1,1.3,0.466666667,0.266666667,0.233333333,0.32180285453796387,0.03965034708380699,0.422799289226532,0.2725105881690979,0.48949000239372253,0.196234792470932,0.43042847514152527,0.32008984684944153,0.5622333288192749,0.12230996042490005,0.19024747610092163,0.33305367827415466,0.09375587850809097,1.0968830585479736,0.511540949344635,0.3711775541305542,0.28429877758026123,0.33623024821281433,0.3026704490184784,0.7019373774528503,0.5245108008384705,0.2285180389881134,0.28926074504852295,0.16849125921726227,0.06135557219386101,0.23435965180397034,0.11077163368463516,0.09454817324876785,0.1332944929599762,0.26996225118637085,0.2418898493051529,0.19399777054786682,0.22055299580097198,0.25253117084503174,0.08522505313158035,0.5941077470779419,0.1453569382429123,0.12149548530578613,0.04320865124464035,0.17031824588775635,0.2927477955818176,0.19989296793937683,0.09131525456905365,0.26120525598526,0.16896624863147736,0.20257455110549927,0.11216235160827637,0.22019518911838531,0.22695183753967285,0.20780682563781738,0.10323188453912735
AO276,0.466666667,0.0,0.233333333,0.066666667,0.133333333,0.066666667,0.366666667,0.1,0.066666667,0.0,0.1,0.0,0.0,1.0,0.4,0.466666667,0.366666667,0.233333333,0.1,0.966666667,0.433333333,1.3,0.3,1.033333333,0.0,0.3,0.066666667,0.4,0.6,0.366666667,0.466666667,0.766666667,0.9,0.166666667,0.5,0.233333333,0.0,0.4,0.133333333,1.0,0.0,0.233333333,0.266666667,0.133333333,0.133333333,0.333333333,0.0,0.0,0.0,0.2,0.0,0.269625186920166,0.011610391549766064,0.3015260100364685,0.15707693994045258,0.21709468960762024,0.07859115302562714,0.2144160121679306,0.16063034534454346,0.1733590066432953,0.05535600706934929,0.051211029291152954,0.06144537776708603,0.06228286027908325,0.7565512657165527,0.24851328134536743,0.2775513231754303,0.23296700417995453,0.18946801126003265,0.3251399099826813,0.6216786503791809,0.3483322262763977,0.2648333013057709,0.20883126556873322,0.275484174489975,0.059769418090581894,0.09541820734739304,0.02840592712163925,0.10070915520191193,0.16689030826091766,0.2071733921766281,0.1913743019104004,0.328860342502594,0.1303279548883438,0.22310777008533478,0.09064078330993652,0.5006292462348938,0.12190873175859451,0.029039127752184868,0.04126214608550072,0.142989844083786,0.17783334851264954,0.15455137193202972,0.09215988218784332,0.1507057100534439,0.1484021097421646,0.04294077306985855,0.03601312264800072,0.07672218978404999,0.20243166387081146,0.12180148810148239,0.05837498977780342
AO482,0.733333333,0.0,0.666666667,0.233333333,1.3,0.166666667,0.833333333,0.8,0.0,0.0,0.0,0.0,0.0,0.8,0.466666667,0.3,0.233333333,0.1,0.0,0.766666667,0.933333333,0.066666667,1.1,0.066666667,0.0,0.233333333,0.0,0.0,0.0,0.033333333,0.166666667,0.133333333,0.0,0.933333333,0.0,1.4,0.066666667,0.0,0.0,0.0,0.333333333,0.166666667,0.0,0.1,0.066666667,0.0,0.0,0.1,0.166666667,0.2,0.1,0.26559755206108093,0.031014319509267807,0.4494253695011139,0.33640697598457336,0.6885219812393188,0.1542150229215622,0.2424919754266739,0.3155713677406311,0.13535460829734802,0.06766710430383682,0.051948338747024536,0.1438790112733841,0.07319062948226929,0.9912898540496826,0.4364032745361328,0.26965418457984924,0.29026442766189575,0.3249436914920807,0.14852912724018097,0.6823864579200745,0.6421794891357422,0.10684123635292053,0.28874990344047546,0.06530248373746872,0.06049780920147896,0.14179635047912598,0.030243879184126854,0.07125242799520493,0.03617437556385994,0.12516264617443085,0.09390906244516373,0.07666371017694473,0.045235153287649155,0.24987994134426117,0.02969754859805107,0.607077956199646,0.15344326198101044,0.005313364323228598,0.040284279733896255,0.03113187663257122,0.25843480229377747,0.1957162469625473,0.05861595273017883,0.29931342601776123,0.18445084989070892,0.1573319286108017,0.11209053546190262,0.22002002596855164,0.2686714231967926,0.16716833412647247,0.07951035350561142
AO742,0.3,0.0,0.533333333,1.333333333,0.4,0.3,0.133333333,0.3,0.066666667,0.1,0.166666667,0.0,0.0,1.866666667,0.8,0.533333333,0.933333333,0.666666667,0.166666667,0.333333333,0.433333333,0.433333333,0.1,0.066666667,0.033333333,0.066666667,0.0,0.1,0.133333333,0.433333333,0.1,0.3,1.466666667,0.033333333,0.0,0.133333333,0.333333333,0.0,0.166666667,0.1,0.166666667,0.133333333,0.266666667,0.333333333,0.5,0.333333333,0.033333333,0.033333333,0.233333333,0.166666667,0.066666667,0.3148373067378998,0.06567484885454178,0.40383437275886536,0.45109882950782776,0.4093528091907501,0.18607693910598755,0.43090543150901794,0.26808878779411316,0.3623049855232239,0.14130482077598572,0.1190432459115982,0.06428831070661545,0.06072628125548363,0.8844591379165649,0.36282065510749817,0.29338470101356506,0.2703249156475067,0.30380958318710327,0.14100143313407898,0.4057994782924652,0.30209365487098694,0.27567601203918457,0.20426207780838013,0.10696260631084442,0.060426704585552216,0.23622995615005493,0.006957711186259985,0.07549206912517548,0.06827615946531296,0.2658971846103668,0.17513839900493622,0.14217084646224976,0.7763693928718567,0.24045011401176453,0.03588861599564552,0.5691746473312378,0.13549421727657318,0.019201988354325294,0.04061618447303772,0.0372137613594532,0.3094363510608673,0.15963830053806305,0.09209828078746796,0.21963557600975037,0.27870893478393555,0.2284219115972519,0.11585140228271484,0.2821338176727295,0.1727496236562729,0.2670493423938751,0.10291814804077148
AO762,0.2,0.0,0.233333333,0.233333333,0.233333333,0.166666667,0.6,0.566666667,0.433333333,0.2,0.2,0.166666667,0.0,1.3,0.4,0.566666667,0.733333333,0.1,0.066666667,0.1,0.166666667,0.0,0.1,0.0,0.0,0.166666667,0.1,0.0,0.0,0.133333333,0.166666667,0.0,0.0,0.133333333,0.0,0.233333333,0.533333333,0.0,0.0,0.0,0.2,0.233333333,0.0,0.2,0.166666667,0.566666667,0.333333333,2.1,0.233333333,0.2,0.033333333,0.40079358220100403,0.03460315987467766,0.4450904428958893,0.30263152718544006,0.4756696820259094,0.20428717136383057,0.4897882342338562,0.35393401980400085,0.5724403858184814,0.1671399623155594,0.20356708765029907,0.28521284461021423,0.07555867731571198,1.1701475381851196,0.4535074234008789,0.2977672219276428,0.2588713467121124,0.21138325333595276,0.17070576548576355,0.5139104127883911,0.5401568412780762,0.2086532860994339,0.3153536021709442,0.2357880175113678,0.06309667974710464,0.3607656955718994,0.11767943948507309,0.09234261512756348,0.07175779342651367,0.24988111853599548,0.1485264152288437,0.14508718252182007,0.34872832894325256,0.3245248794555664,0.088694266974926,0.6221637725830078,0.286548912525177,0.12280996143817902,0.04246356338262558,0.11938454210758209,0.3649909496307373,0.16195957362651825,0.13370203971862793,0.36441168189048767,0.25294122099876404,0.2524115741252899,0.2784252166748047,0.3310184180736542,0.30753293633461,0.39057180285453796,0.08335011452436447
AO870,0.4,0.0,0.466666667,0.366666667,0.066666667,0.0,0.166666667,0.233333333,0.666666667,0.066666667,0.066666667,0.5,0.1,1.033333333,0.4,0.3,0.0,0.066666667,0.066666667,0.4,0.233333333,0.366666667,0.1,0.833333333,0.066666667,0.133333333,0.1,0.366666667,0.433333333,0.6,0.666666667,1.0,1.266666667,0.066666667,0.133333333,0.066666667,0.0,0.3,0.1,0.733333333,0.2,0.2,0.066666667,0.1,0.333333333,0.0,0.0,0.0,0.066666667,0.033333333,0.033333333,0.3623148202896118,0.02832537703216076,0.29668307304382324,0.20969069004058838,0.2683713138103485,0.145034521818161,0.39059004187583923,0.2182217687368393,1.0610847473144531,0.11602765321731567,0.2633739113807678,0.5920467972755432,0.08230257034301758,1.6106021404266357,0.3665025234222412,0.28638410568237305,0.17522042989730835,0.09599608182907104,0.09334050863981247,0.5298959016799927,0.3751603960990906,0.20790638029575348,0.20249438285827637,0.15880577266216278,0.06037331372499466,0.16833829879760742,0.17030353844165802,0.08670837432146072,0.09418967366218567,0.32359471917152405,0.3970017433166504,0.5039633512496948,0.7483075261116028,0.12069981545209885,0.11974962800741196,0.5113409161567688,0.15309517085552216,0.07356643676757812,0.04851951077580452,0.22721099853515625,0.17346341907978058,0.12264267355203629,0.10022149235010147,0.15754181146621704,0.2564450800418854,0.19996003806591034,0.0678568184375763,0.1723545342683792,0.13139130175113678,0.07407332211732864,0.056251805275678635
AO984,0.4,0.0,0.033333333,1.833333333,0.1,0.0,0.2,0.266666667,0.6,0.0,0.0,0.033333333,0.133333333,1.033333333,0.366666667,0.366666667,0.2,0.0,0.0,0.066666667,0.0,0.4,0.066666667,0.0,0.0,0.0,1.0,0.233333333,0.466666667,0.733333333,0.7,0.866666667,0.0,0.066666667,0.2,0.5,0.033333333,0.066666667,0.8,2.266666667,0.0,0.0,0.066666667,0.166666667,0.733333333,0.166666667,0.133333333,0.0,0.1,0.133333333,0.066666667,0.3248891532421112,0.03235410526394844,0.40237942337989807,0.844795823097229,0.4209175705909729,0.14273439347743988,0.4180430769920349,0.2423257827758789,0.4905322194099426,0.12956570088863373,0.15997543931007385,0.19430316984653473,0.07780979573726654,1.152051568031311,0.3730376958847046,0.2853057384490967,0.21658183634281158,0.07977268099784851,0.09222288429737091,0.23622627556324005,0.2769630551338196,0.06925404071807861,0.2383582592010498,0.24513651430606842,0.06253441423177719,0.25670334696769714,0.25976088643074036,0.11936550587415695,0.259465754032135,0.30191072821617126,0.21342302858829498,0.09560839831829071,0.16228459775447845,0.14255450665950775,0.06686854362487793,0.5054779052734375,0.1022818312048912,0.08729156851768494,0.05179161950945854,0.2274874895811081,0.09770730137825012,0.1477203518152237,0.08497491478919983,0.14622576534748077,0.26030081510543823,0.20890827476978302,0.11967536807060242,0.2429846227169037,0.18051837384700775,0.14242075383663177,0.09792463481426239
AP145,0.366666667,0.0,0.4,1.9,0.533333333,0.433333333,0.666666667,0.4,1.0,0.2,0.066666667,0.0,0.066666667,1.933333333,0.6,0.566666667,0.5,0.166666667,0.0,0.033333333,0.133333333,0.0,0.066666667,0.066666667,0.1,0.466666667,0.133333333,0.0,0.0,0.033333333,0.033333333,0.033333333,0.1,0.233333333,0.066666667,0.133333333,0.1,0.0,0.0,0.033333333,0.433333333,0.433333333,0.166666667,0.266666667,1.066666667,0.3,0.266666667,0.4,0.433333333,0.2,0.033333333,0.40299513936042786,0.13131915032863617,0.5007278323173523,0.7458925843238831,0.32645881175994873,0.17203016579151154,0.42782384157180786,0.3385477364063263,0.6400831341743469,0.14045143127441406,0.2357470691204071,0.38039109110832214,0.08398142457008362,1.3288629055023193,0.31755056977272034,0.29383063316345215,0.19624808430671692,0.07141594588756561,0.08793286234140396,0.47615471482276917,0.661209762096405,0.11534340679645538,0.22250498831272125,0.11209926754236221,0.06722123920917511,0.13067351281642914,0.17974340915679932,0.07876170426607132,0.10317432135343552,0.2438965141773224,0.17266076803207397,0.0737227350473404,0.28714579343795776,0.14404313266277313,0.05643113702535629,0.46239760518074036,0.10047762095928192,0.08769122511148453,0.043589163571596146,0.19963496923446655,0.17737838625907898,0.1627792865037918,0.08615241944789886,0.18146951496601105,0.43528759479522705,0.3404013216495514,0.13156598806381226,0.21557551622390747,0.15562738478183746,0.16970194876194,0.09109880775213242
AP154,0.6,0.133333333,0.566666667,0.0,0.8,0.266666667,0.733333333,0.8,0.533333333,0.033333333,0.1,0.133333333,0.1,1.133333333,0.4,0.333333333,0.466666667,0.2,0.0,0.4,0.5,0.066666667,0.166666667,0.3,0.133333333,1.233333333,0.066666667,0.0,0.066666667,0.3,0.3,0.0,0.0,0.533333333,0.0,1.266666667,0.166666667,0.0,0.033333333,0.066666667,0.2,0.366666667,0.133333333,0.133333333,0.133333333,0.166666667,0.166666667,0.1,0.5,0.3,0.066666667,0.44551193714141846,0.0631931722164154,0.45376643538475037,0.17117679119110107,0.4948467016220093,0.19093963503837585,0.49961724877357483,0.2564772069454193,0.8353250026702881,0.11393769830465317,0.1970350742340088,0.24918566644191742,0.07763298600912094,1.2581933736801147,0.35694876313209534,0.3156329393386841,0.25410062074661255,0.08995173871517181,0.09318569302558899,0.25263741612434387,0.3900926113128662,0.03832915052771568,0.2729247510433197,0.08225967735052109,0.0623711422085762,0.4224955439567566,0.11599468439817429,0.09593711048364639,0.19111789762973785,0.24584195017814636,0.1739393174648285,0.10455764085054398,0.029892176389694214,0.2579229772090912,0.07112700492143631,0.7922747135162354,0.21624977886676788,0.02418380230665207,0.04821734130382538,0.058892205357551575,0.20388661324977875,0.15131008625030518,0.1338772177696228,0.17387916147708893,0.16211692988872528,0.21593652665615082,0.19730009138584137,0.32668623328208923,0.2566089928150177,0.12468642741441727,0.10832598805427551
AP258,0.133333333,0.0,0.133333333,0.0,0.266666667,0.033333333,0.3,0.366666667,0.733333333,0.0,0.433333333,0.333333333,0.166666667,3.666666667,2.266666667,2.2,1.066666667,0.066666667,0.133333333,0.966666667,0.7,0.0,0.8,0.066666667,0.9,0.2,0.3,0.333333333,0.0,0.0,0.033333333,0.0,0.0,0.0,0.033333333,0.1,0.133333333,0.0,0.0,0.0,0.0,0.0,0.0,0.066666667,0.0,0.0,0.0,0.5,0.0,0.066666667,0.1,0.24473868310451508,0.03559597209095955,0.35818538069725037,0.278938889503479,0.30243203043937683,0.1571921408176422,0.27358371019363403,0.3539551794528961,0.44165050983428955,0.07516457140445709,0.10029417276382446,0.23049063980579376,0.08459746092557907,1.2847990989685059,0.39581674337387085,0.28274211287498474,0.19975663721561432,0.13352559506893158,0.11889677494764328,0.5298545956611633,0.5264052748680115,0.06377045065164566,0.25385603308677673,0.09333422780036926,0.05996683984994888,0.13097800314426422,0.06306719779968262,0.07223407179117203,0.044344425201416016,0.09772037714719772,0.11337611079216003,0.04432462528347969,0.04995269328355789,0.1050117015838623,0.024880917742848396,0.424007773399353,0.1314389556646347,0.023646628484129906,0.041223831474781036,0.018534554168581963,0.19245974719524384,0.16356080770492554,0.03262913599610329,0.2695869505405426,0.2624059021472931,0.11104737222194672,0.07638685405254364,0.33192020654678345,0.23146279156208038,0.09167061746120453,0.06483764946460724
AP399,1.133333333,0.0,1.2,0.0,0.533333333,0.066666667,0.233333333,0.033333333,0.366666667,0.1,0.1,0.066666667,0.0,0.6,0.266666667,0.266666667,0.4,0.033333333,0.133333333,0.633333333,0.533333333,0.533333333,0.633333333,0.466666667,0.0,0.4,0.0,0.1,0.266666667,0.733333333,0.7,0.133333333,0.866666667,0.466666667,0.3,0.766666667,0.2,0.0,0.0,0.0,0.2,0.366666667,0.233333333,0.2,0.133333333,0.6,0.233333333,0.233333333,0.233333333,0.066666667,0.2,0.6178093552589417,0.16273541748523712,0.4984568953514099,0.26274579763412476,0.3774823546409607,0.11960425227880478,0.3715676963329315,0.22658441960811615,1.056066870689392,0.12562613189220428,0.23514686524868011,0.4964524507522583,0.07631337642669678,1.1045405864715576,0.18879272043704987,0.2587621510028839,0.21108117699623108,0.07213133573532104,0.09282263368368149,0.23811863362789154,0.2425868809223175,0.07164859026670456,0.22753632068634033,0.11333517730236053,0.06357541680335999,0.23242239654064178,0.20521245896816254,0.07899633049964905,0.5138789415359497,0.40452131628990173,0.3834669291973114,0.12053854763507843,0.10023686289787292,0.22702497243881226,0.09014015644788742,0.6891688704490662,0.19475440680980682,0.04452391341328621,0.08195444941520691,0.2637445330619812,0.23973841965198517,0.19762025773525238,0.11315813660621643,0.16626060009002686,0.19962535798549652,0.28419795632362366,0.14616604149341583,0.32709354162216187,0.22403249144554138,0.18944010138511658,0.09314925223588943
AP521,1.4,0.8,0.833333333,0.266666667,0.9,0.3,0.866666667,0.5,1.366666667,0.0,0.766666667,0.466666667,0.2,1.433333333,0.4,0.4,0.2,0.0,0.0,0.066666667,0.2,0.0,0.266666667,0.0,0.0,0.066666667,0.066666667,0.0,0.1,0.266666667,0.0,0.0,0.133333333,0.5,0.0,0.533333333,0.0,0.0,0.0,0.0,0.233333333,0.033333333,0.066666667,0.0,0.233333333,0.066666667,0.0,0.0,0.366666667,0.366666667,0.0,0.6268422603607178,0.061866190284490585,0.5356650948524475,0.3030288517475128,0.46032261848449707,0.2533864974975586,0.5140838623046875,0.36646485328674316,1.1312462091445923,0.10489363968372345,0.26178956031799316,0.4155910909175873,0.0811484083533287,1.4132343530654907,0.3345729112625122,0.26852947473526,0.2032867968082428,0.08825630694627762,0.08958443254232407,0.3471941351890564,0.44923466444015503,0.08218272775411606,0.24323390424251556,0.040753323584795,0.05968576297163963,0.15803879499435425,0.03342754393815994,0.07023989409208298,0.0815899670124054,0.15371808409690857,0.1368141919374466,0.031396493315696716,0.05034059286117554,0.12594670057296753,0.036994852125644684,0.5331724882125854,0.06060858443379402,0.02250700257718563,0.040284279733896255,0.028204090893268585,0.20185652375221252,0.1751721054315567,0.03205222636461258,0.2217825949192047,0.22466756403446198,0.1988886296749115,0.17295825481414795,0.205693319439888,0.26950904726982117,0.1229669526219368,0.07110307365655899
AP563,1.333333333,0.9,0.7,0.366666667,0.333333333,0.266666667,0.733333333,0.333333333,1.433333333,0.033333333,0.966666667,0.233333333,0.3,1.9,0.5,0.466666667,0.166666667,0.0,0.0,0.166666667,0.466666667,0.066666667,0.0,0.066666667,0.0,0.133333333,0.133333333,0.0,0.0,0.066666667,0.066666667,0.0,0.0,0.066666667,0.0,0.533333333,0.0,0.0,0.0,0.0,0.366666667,0.166666667,0.233333333,0.133333333,0.2,0.0,0.1,0.066666667,0.466666667,0.266666667,0.066666667,0.4818371534347534,0.17977745831012726,0.6003785133361816,0.24902409315109253,0.45722877979278564,0.19992423057556152,0.47563180327415466,0.25372982025146484,0.771716296672821,0.09640982747077942,0.31374138593673706,0.2574576437473297,0.0673365592956543,1.2689927816390991,0.27015841007232666,0.26032230257987976,0.1938828080892563,0.06459660083055496,0.08659069985151291,0.25491875410079956,0.4054090976715088,0.05441268905997276,0.23435907065868378,0.05859526991844177,0.05953846871852875,0.1929965317249298,0.043765805661678314,0.07233736664056778,0.0673198476433754,0.15403304994106293,0.1768934428691864,0.04542115703225136,0.06043436378240585,0.14935152232646942,0.0473884679377079,0.5427336692810059,0.10550429672002792,0.010478782467544079,0.04202844202518463,0.05233582854270935,0.18073253333568573,0.15761665999889374,0.0595499686896801,0.1504221111536026,0.17731963098049164,0.14294913411140442,0.15249481797218323,0.17277465760707855,0.26863792538642883,0.2054571956396103,0.07179270684719086
AP841,0.433333333,0.0,0.333333333,0.166666667,0.5,0.166666667,0.466666667,0.433333333,1.333333333,0.0,0.4,0.333333333,0.0,1.433333333,0.7,0.5,0.133333333,0.133333333,0.366666667,0.533333333,0.433333333,0.266666667,0.333333333,0.433333333,0.0,0.4,0.366666667,0.166666667,0.1,0.2,0.533333333,0.233333333,0.866666667,0.066666667,0.033333333,0.8,0.3,0.0,0.2,0.233333333,0.233333333,0.1,0.2,0.166666667,0.166666667,0.233333333,0.066666667,0.3,0.1,0.1,0.0,0.43511343002319336,0.04561292380094528,0.4004021883010864,0.1482374668121338,0.3599117696285248,0.17280609905719757,0.37061673402786255,0.2758721709251404,1.017949104309082,0.12515044212341309,0.23805087804794312,0.2706858217716217,0.06496284157037735,1.3872414827346802,0.35013484954833984,0.29351335763931274,0.22305865585803986,0.06345263123512268,0.08824393153190613,0.4229258894920349,0.4319661855697632,0.12067031860351562,0.33796361088752747,0.10638552904129028,0.06095944717526436,0.21448415517807007,0.07691749930381775,0.07644028961658478,0.17386487126350403,0.31112587451934814,0.3610875606536865,0.15387536585330963,0.29493874311447144,0.173231840133667,0.052317868918180466,0.6351308226585388,0.16581133008003235,0.02643342688679695,0.040899090468883514,0.1303962618112564,0.19934885203838348,0.12879636883735657,0.09331488609313965,0.15125609934329987,0.12484391778707504,0.24570491909980774,0.09219567477703094,0.18225866556167603,0.14108622074127197,0.11190894991159439,0.06887944042682648
AP958,1.1,0.0,1.6,0.366666667,2.1,0.5,0.333333333,0.466666667,0.233333333,0.1,0.0,0.2,0.133333333,0.8,0.2,0.233333333,0.1,0.1,0.0,0.433333333,0.533333333,0.0,0.266666667,0.133333333,0.0,0.233333333,0.0,0.0,0.0,0.0,0.0,0.0,0.033333333,0.433333333,0.0,1.133333333,0.233333333,0.0,0.0,0.0,0.5,0.366666667,0.233333333,0.2,0.3,0.3,0.2,0.366666667,0.6,0.4,0.0,0.621056854724884,0.059899866580963135,0.5755713582038879,0.13385161757469177,0.629861056804657,0.3449399471282959,0.5304818749427795,0.39374449849128723,0.6347365379333496,0.16027523577213287,0.18288873136043549,0.20037178695201874,0.0796828344464302,1.0557100772857666,0.2836826741695404,0.29008248448371887,0.20146749913692474,0.19417619705200195,0.12393487989902496,0.3437212407588959,0.5936567187309265,0.08784066885709763,0.3327835202217102,0.06551258265972137,0.059828806668519974,0.21782293915748596,0.07955511659383774,0.07801984995603561,0.10306060314178467,0.16788628697395325,0.13756388425827026,0.13492722809314728,0.10544024407863617,0.16625924408435822,0.04115302115678787,0.5939472913742065,0.1285727173089981,0.0346963033080101,0.0414418987929821,0.07779152691364288,0.2897726893424988,0.15296678245067596,0.0507863312959671,0.17572516202926636,0.12044793367385864,0.2418457567691803,0.21692508459091187,0.2264619916677475,0.24995848536491394,0.151749849319458,0.11515089124441147
AQ140,1.066666667,0.0,0.633333333,0.0,0.266666667,0.333333333,0.266666667,0.066666667,0.9,0.133333333,0.3,0.266666667,0.0,0.6,0.233333333,0.0,0.2,0.0,0.466666667,0.633333333,0.433333333,0.7,0.0,0.433333333,0.0,0.233333333,0.0,0.0,0.0,0.533333333,0.366666667,0.033333333,0.333333333,0.333333333,0.066666667,0.6,0.233333333,0.0,0.0,0.2,1.366666667,0.4,0.2,0.033333333,0.2,0.733333333,0.6,0.266666667,0.966666667,0.9,0.533333333,0.8628246784210205,0.11275088042020798,0.6661558151245117,0.21148812770843506,0.2783675789833069,0.17966057360172272,0.4061175584793091,0.18928900361061096,0.7176724076271057,0.21624109148979187,0.19384759664535522,0.2886413037776947,0.06696902215480804,0.8324301838874817,0.13963629305362701,0.19371485710144043,0.15647856891155243,0.07706597447395325,0.17993444204330444,0.4058670401573181,0.26763322949409485,0.3284127116203308,0.15143264830112457,0.11958371847867966,0.059556495398283005,0.2521284818649292,0.00045557881821878254,0.08342789858579636,0.08977217227220535,0.3347818851470947,0.3118078112602234,0.08405402302742004,0.26801973581314087,0.18577347695827484,0.050130173563957214,0.566673755645752,0.18055075407028198,0.011087554506957531,0.04098626598715782,0.11077401041984558,0.3514602482318878,0.1432453840970993,0.0848451480269432,0.1373850256204605,0.20847351849079132,0.36477264761924744,0.24892838299274445,0.04903273284435272,0.4786590039730072,0.43479299545288086,0.249980628490448
AQ466,0.966666667,0.033333333,1.2,1.733333333,0.633333333,0.533333333,0.533333333,0.266666667,0.333333333,0.0,0.0,0.0,0.0,1.133333333,0.266666667,0.0,0.566666667,0.066666667,0.0,0.266666667,0.6,0.0,0.0,0.0,0.0,0.1,0.0,0.0,0.0,0.2,0.166666667,0.0,0.166666667,0.4,0.133333333,0.833333333,0.733333333,0.166666667,0.0,0.0,0.1,0.133333333,0.233333333,0.333333333,0.333333333,0.633333333,0.2,0.433333333,0.466666667,0.133333333,0.066666667,0.4878806471824646,0.0361456535756588,0.44491907954216003,0.1419685333967209,0.6626193523406982,0.1786889284849167,0.5162191390991211,0.167845219373703,0.5777187347412109,0.15981946885585785,0.16111518442630768,0.10126764327287674,0.07711049914360046,0.9152155518531799,0.3022215962409973,0.2559395432472229,0.2281331717967987,0.22609898447990417,0.24110908806324005,0.503624677658081,0.48122501373291016,0.0787612795829773,0.352996289730072,0.06492582708597183,0.060642048716545105,0.12491362541913986,0.0007576877833344042,0.08372226357460022,0.05912952870130539,0.19182097911834717,0.13665172457695007,0.030519865453243256,0.029668321833014488,0.1981997787952423,0.042576052248477936,0.7009757161140442,0.19192522764205933,0.10713735967874527,0.04179851710796356,0.054677609354257584,0.24788105487823486,0.13864722847938538,0.060030873864889145,0.1667717695236206,0.1236775740981102,0.3011775016784668,0.14398755133152008,0.20327916741371155,0.1838041990995407,0.2226569503545761,0.1074521541595459
AQ784,1.066666667,0.233333333,0.633333333,0.233333333,0.366666667,0.3,1.1,0.166666667,1.433333333,0.0,0.9,0.733333333,0.1,1.666666667,0.0,0.1,0.0,0.0,0.066666667,0.0,0.0,0.0,0.0,0.0,0.0,0.233333333,0.0,0.0,0.0,0.2,0.5,0.033333333,0.033333333,0.266666667,0.0,0.7,0.133333333,0.0,0.0,0.0,0.3,0.0,0.1,0.233333333,0.133333333,0.233333333,0.4,0.066666667,0.133333333,0.633333333,0.0,0.6583601832389832,0.369304358959198,0.9062502384185791,0.2918546199798584,0.47191759943962097,0.10895638167858124,0.5186930894851685,0.0984501913189888,0.2750868499279022,0.09477179497480392,0.31035134196281433,0.25041764974594116,0.0745408907532692,0.4300772249698639,0.14213904738426208,0.22570471465587616,0.1140059232711792,0.04749772325158119,0.08945554494857788,0.020657911896705627,0.1320521980524063,0.06187520921230316,0.15834031999111176,0.030075645074248314,0.06351011991500854,0.04753005504608154,0.14934997260570526,0.08769124746322632,0.1760796308517456,0.10999041795730591,0.18242588639259338,0.009961603209376335,0.025028163567185402,0.13298764824867249,0.03477222099900246,0.12291836738586426,0.012792052701115608,0.08189211785793304,0.04402756318449974,0.13710308074951172,0.1126384362578392,0.1372215449810028,0.03637997433543205,0.13637776672840118,0.25654861330986023,0.12968643009662628,0.5713743567466736,0.024459227919578552,0.22555483877658844,0.25465309619903564,0.029030632227659225
AF337,0.125,0.15625,0.1875,0.15625,0.25,0.03125,0.21875,0.28125,1.09375,0.03125,0.4375,0.84375,0.25,1.15625,0.125,0.1875,0.21875,0.0,0.0,0.0,0.125,0.0,0.0,0.0,0.125,0.03125,0.125,0.0,0.78125,0.40625,0.6875,0.0625,0.0,0.1875,0.0,0.96875,0.375,0.0,0.1875,0.28125,0.0,0.3125,0.375,0.25,0.21875,0.5625,0.09375,0.6875,0.1875,0.1875,0.03125,0.14726141095161438,0.0716233178973198,0.1848166584968567,0.17390166223049164,0.07410798221826553,0.17557261884212494,0.4442581832408905,0.1532982736825943,1.0450541973114014,0.21360304951667786,0.3399159610271454,0.4932307302951813,0.07274091243743896,1.0450105667114258,0.35636255145072937,0.2668323814868927,0.21259038150310516,0.10875204205513,0.08771983534097672,0.04874716326594353,0.35854482650756836,0.034246038645505905,0.2996910512447357,0.1846751570701599,0.062151264399290085,0.3516482412815094,0.04965638369321823,0.07991745322942734,0.3055247664451599,0.21419115364551544,0.5908794403076172,0.09401271492242813,0.005714744329452515,0.23769164085388184,0.013286166824400425,0.6486175060272217,0.5034118294715881,0.00781796220690012,0.043778207153081894,0.3733614683151245,0.1309412121772766,0.23550866544246674,0.08499868214130402,0.21290256083011627,0.20858557522296906,0.6791225075721741,0.16814742982387543,0.6201116442680359,0.34002700448036194,0.18151038885116577,0.21752570569515228
AG086,0.2,0.0,0.333333333,2.066666667,0.266666667,0.266666667,0.266666667,0.3,1.133333333,0.066666667,0.333333333,0.333333333,0.0,1.8,0.233333333,0.6,0.166666667,0.0,0.0,0.0,0.0,0.0,0.0,0.0,0.0,0.0,0.066666667,0.0,0.1,0.1,0.166666667,0.1,0.0,0.0,0.0,0.4,0.066666667,0.0,0.0,0.0,0.1,0.133333333,0.0,0.3,0.966666667,0.066666667,0.0,0.033333333,0.1,0.0,0.166666667,0.11083880066871643,0.023111741989850998,0.39418432116508484,1.0610463619232178,0.15561217069625854,0.20645470917224884,0.5385057330131531,0.22895726561546326,1.2132841348648071,0.07515224069356918,0.3901131749153137,0.6984798908233643,0.08446502685546875,1.5543113946914673,0.30429309606552124,0.3328409790992737,0.24584226310253143,0.0668775662779808,0.08960829675197601,0.00770473713055253,0.09911378473043442,0.03679453581571579,0.13928885757923126,0.036239489912986755,0.05857923626899719,0.044303663074970245,0.020843079313635826,0.06891964375972748,0.050143588334321976,0.07342156022787094,0.26110801100730896,0.0009995189029723406,0.016582706943154335,0.07719165086746216,0.009148076176643372,0.27505412697792053,0.23238977789878845,0.011698625981807709,0.04026368632912636,0.0006668806308880448,0.010016280226409435,0.25206393003463745,0.0322207473218441,0.5395432710647583,0.7308233380317688,0.2944556474685669,0.08291042596101761,0.45525798201560974,0.32510626316070557,0.02505113184452057,0.14855287969112396
AG394,0.166666667,0.0,0.4,0.6,0.066666667,0.133333333,0.4,0.3,1.233333333,0.066666667,0.266666667,0.733333333,0.1,1.0,0.1,0.266666667,0.1,0.0,0.0,0.0,0.1,0.0,0.133333333,0.0,0.0,0.0,0.066666667,0.1,0.0,0.033333333,0.166666667,0.0,0.166666667,0.066666667,0.0,0.366666667,0.3,0.1,0.0,0.0,0.166666667,0.3,0.0,1.666666667,0.8,0.266666667,0.0,0.533333333,0.0,0.033333333,0.0,0.24105960130691528,0.04568793997168541,0.5108569860458374,1.6606148481369019,0.3057205080986023,0.25825071334838867,0.27987509965896606,0.24859142303466797,1.0840206146240234,0.12570150196552277,0.1635882556438446,0.4921517074108124,0.05924706533551216,1.6698565483093262,0.2216215878725052,0.3214211165904999,0.2895512580871582,0.05073494464159012,0.08648096024990082,0.06673739850521088,0.1382032185792923,0.03130287677049637,0.142696350812912,0.031072447076439857,0.05976983904838562,0.023035265505313873,0.0010907541727647185,0.0672517716884613,0.005375354550778866,0.06440679728984833,0.2205420285463333,0.010060307569801807,0.04258421063423157,0.0838325172662735,0.01205994002521038,0.4220476746559143,0.12142826616764069,0.003138948231935501,0.04189656302332878,0.02241290546953678,0.22084249556064606,0.24104724824428558,0.02539495937526226,0.38233062624931335,0.7095040678977966,0.17594635486602783,0.02262962982058525,0.5892150402069092,0.2927187383174896,0.043473076075315475,0.13021717965602875
AG989,0.233333333,0.0,0.3,0.233333333,0.133333333,0.2,0.5,0.233333333,1.4,0.066666667,0.3,0.6,0.1,1.066666667,0.066666667,0.166666667,0.3,0.166666667,0.066666667,0.033333333,0.0,0.0,0.1,0.0,0.0,0.0,0.0,0.0,0.0,0.2,0.066666667,0.033333333,0.0,0.066666667,0.0,0.633333333,0.033333333,0.0,0.0,0.0,0.3,0.4,0.133333333,0.833333333,0.533333333,0.066666667,0.0,0.633333333,0.5,0.133333333,0.0,0.33253368735313416,0.0503777451813221,0.7900851964950562,0.23957473039627075,0.371550589799881,0.19877049326896667,0.9870521426200867,0.19229961931705475,0.9254975914955139,0.5454064011573792,0.4937882423400879,0.7691739201545715,0.08934944868087769,1.0628153085708618,0.218756303191185,0.25525277853012085,0.2786853015422821,0.05022992193698883,0.08749113976955414,0.06644584238529205,0.09699892997741699,0.023688647896051407,0.15532277524471283,0.010372824035584927,0.05888767167925835,0.07299194484949112,0.00031108679831959307,0.06538556516170502,-0.002118585864081979,0.06079288572072983,0.06523803621530533,0.020863940939307213,0.0019884505309164524,0.06789398938417435,0.03003755584359169,0.3158670663833618,0.1287003606557846,0.001535972231067717,0.04117017239332199,-0.0017336495220661163,0.08589284867048264,0.2382815182209015,0.021574024111032486,0.6879091858863831,0.2881285548210144,0.16770468652248383,0.02460232377052307,0.4078027307987213,0.22965657711029053,0.04588047042489052,0.0435708723962307
AH203,0.233333333,0.066666667,0.333333333,0.533333333,0.466666667,0.0,0.733333333,0.7,0.8,0.133333333,0.433333333,0.433333333,0.0,1.1,0.266666667,0.366666667,0.166666667,0.0,0.0,0.0,0.0,0.0,0.066666667,0.0,0.233333333,0.266666667,0.233333333,0.133333333,0.633333333,0.6,0.533333333,0.166666667,0.0,0.066666667,0.0,0.666666667,0.766666667,0.0,0.2,0.233333333,0.066666667,0.2,0.0,0.5,0.0,0.133333333,0.0,0.4,0.166666667,0.1,0.033333333,0.14726141095161438,0.0716233178973198,0.1848166584968567,0.17390166223049164,0.07410798221826553,0.17557261884212494,0.4442581832408905,0.1532982736825943,1.0450541973114014,0.21360304951667786,0.3399159610271454,0.4932307302951813,0.07274091243743896,1.0450105667114258,0.35636255145072937,0.2668323814868927,0.21259038150310516,0.10875204205513,0.08771983534097672,0.04874716326594353,0.35854482650756836,0.034246038645505905,0.2996910512447357,0.1846751570701599,0.062151264399290085,0.3516482412815094,0.04965638369321823,0.07991745322942734,0.3055247664451599,0.21419115364551544,0.5908794403076172,0.09401271492242813,0.005714744329452515,0.23769164085388184,0.013286166824400425,0.6486175060272217,0.5034118294715881,0.00781796220690012,0.043778207153081894,0.3733614683151245,0.1309412121772766,0.23550866544246674,0.08499868214130402,0.21290256083011627,0.20858557522296906,0.6791225075721741,0.16814742982387543,0.6201116442680359,0.34002700448036194,0.18151038885116577,0.21752570569515228
AH720,0.233333333,0.0,0.433333333,0.333333333,0.166666667,0.0,0.866666667,0.4,1.266666667,0.066666667,0.7,0.933333333,0.233333333,1.3,0.233333333,0.266666667,0.133333333,0.0,0.0,0.0,0.1,0.0,0.0,0.0,0.0,0.066666667,0.0,0.0,0.1,0.0,0.266666667,0.0,0.0,0.0,0.0,0.5,0.266666667,0.0,0.0,0.033333333,0.0,0.066666667,0.0,0.633333333,0.6,0.533333333,0.133333333,0.833333333,0.333333333,0.233333333,0.1,0.36664658784866333,0.028523940593004227,0.5011909008026123,0.44439029693603516,0.3171694576740265,0.16679739952087402,0.5806683301925659,0.2906200587749481,1.0177549123764038,0.0661119818687439,0.4280858635902405,0.5401251912117004,0.05207952857017517,1.2933738231658936,0.36005884408950806,0.27583083510398865,0.3130362033843994,0.1637730747461319,0.09474343061447144,0.04577050730586052,0.22252118587493896,0.058163274079561234,0.19932764768600464,0.026000265032052994,0.06112799420952797,0.18754787743091583,0.006194491870701313,0.07395245134830475,0.02213706076145172,0.15033650398254395,0.1795344054698944,0.009641957469284534,0.002933252602815628,0.1012224406003952,0.05980568379163742,0.37376323342323303,0.10967566072940826,0.010170670226216316,0.043415699154138565,0.007176514714956284,0.03956247493624687,0.19440679252147675,0.04719245061278343,0.48077157139778137,0.938038170337677,0.10024438053369522,0.00479851895943284,0.6662062406539917,0.3412446677684784,0.09845231473445892,0.127186119556427
AH941,0.266666667,0.033333333,0.7,0.333333333,0.566666667,0.433333333,0.233333333,0.166666667,0.3,0.0,0.0,0.233333333,0.0,0.7,0.4,0.366666667,0.333333333,0.333333333,0.033333333,0.0,0.133333333,0.0,0.0,0.166666667,0.0,0.4,0.0,0.0,0.0,0.266666667,0.233333333,0.3,0.133333333,0.133333333,0.0,0.633333333,0.266666667,0.0,0.0,0.0,0.433333333,0.333333333,0.033333333,0.9,0.266666667,0.2,0.0,0.2,0.566666667,0.133333333,0.6,0.4227452278137207,0.12548500299453735,0.3230428993701935,0.3369474411010742,0.38384684920310974,0.2374732792377472,0.36035460233688354,0.2887653708457947,0.5219247937202454,0.0728413462638855,0.03037578985095024,0.15140759944915771,0.07050226628780365,0.9955135583877563,0.2899223566055298,0.287566214799881,0.29968276619911194,0.07446476817131042,0.1182742640376091,0.11875580996274948,0.15733923017978668,0.1010030210018158,0.15552951395511627,0.06497575342655182,0.05937548354268074,0.2828550934791565,-3.709701923071407e-05,0.06621593236923218,0.004472693894058466,0.05195055529475212,0.07420019060373306,0.10708895325660706,0.309752494096756,0.1679757833480835,0.28631430864334106,0.9644337892532349,0.363120973110199,0.002843541093170643,0.040443629026412964,0.12904921174049377,0.16250643134117126,0.2725047171115875,0.0821569636464119,0.5457245707511902,0.48856866359710693,0.19680261611938477,0.05731901526451111,0.5566800236701965,0.6349754333496094,0.12320583313703537,0.28096097707748413
AI273,0.035714286,0.071428571,0.285714286,0.214285714,0.071428571,0.0,0.642857143,0.285714286,2.178571429,0.25,0.428571429,1.321428571,0.214285714,1.642857143,0.285714286,0.214285714,0.25,0.107142857,0.0,0.285714286,0.142857143,0.107142857,0.25,0.0,0.0,0.285714286,0.0,0.0,0.071428571,0.178571429,1.071428571,0.0,0.0,0.0,0.0,0.107142857,0.071428571,0.0,0.0,0.214285714,0.0,0.0,0.214285714,0.428571429,0.25,0.178571429,0.0,0.035714286,0.285714286,0.0,0.107142857,0.2637471556663513,0.033728212118148804,0.43367087841033936,0.15263037383556366,0.38998478651046753,0.10021605342626572,0.5047093629837036,0.1774698793888092,1.4413918256759644,0.1146068125963211,0.1952565610408783,0.6453415751457214,0.09059406071901321,0.9294365048408508,0.22312423586845398,0.25974133610725403,0.27806371450424194,0.08063308894634247,0.09055057913064957,0.3478419780731201,0.21317923069000244,0.11214537918567657,0.11673303693532944,0.1407712697982788,0.06042938306927681,0.1477595716714859,0.0005360333016142249,0.07765046507120132,0.19243092834949493,0.18189316987991333,0.8029443621635437,0.02133180759847164,0.17499913275241852,0.14834921061992645,0.011985503137111664,0.22990980744361877,0.021587708964943886,0.012059895321726799,0.061702050268650055,0.301022469997406,0.018066616728901863,0.13236382603645325,0.137938991189003,0.29461508989334106,0.0695672556757927,0.044348765164613724,0.05735153704881668,0.24176964163780212,0.05379824340343475,0.056141577661037445,0.06172541156411171
AI453,0.0,0.0,0.392857143,0.035714286,0.035714286,0.0,0.607142857,0.0,2.285714286,0.178571429,0.571428571,1.428571429,0.0,1.214285714,0.107142857,0.178571429,0.321428571,0.107142857,0.071428571,0.0,0.214285714,0.0,0.107142857,0.0,0.0,0.0,0.0,0.0,0.392857143,0.071428571,0.964285714,0.0,0.0,0.285714286,0.142857143,0.035714286,0.0,0.0,0.0,0.428571429,0.0,0.0,0.178571429,0.5,0.035714286,0.035714286,0.0,0.357142857,0.035714286,0.0,0.071428571,0.2637471556663513,0.033728212118148804,0.43367087841033936,0.15263037383556366,0.38998478651046753,0.10021605342626572,0.5047093629837036,0.1774698793888092,1.4413918256759644,0.1146068125963211,0.1952565610408783,0.6453415751457214,0.09059406071901321,0.9294365048408508,0.22312423586845398,0.25974133610725403,0.27806371450424194,0.08063308894634247,0.09055057913064957,0.3478419780731201,0.21317923069000244,0.11214537918567657,0.11673303693532944,0.1407712697982788,0.06042938306927681,0.1477595716714859,0.0005360333016142249,0.07765046507120132,0.19243092834949493,0.18189316987991333,0.8029443621635437,0.02133180759847164,0.17499913275241852,0.14834921061992645,0.011985503137111664,0.22990980744361877,0.021587708964943886,0.012059895321726799,0.061702050268650055,0.301022469997406,0.018066616728901863,0.13236382603645325,0.137938991189003,0.29461508989334106,0.0695672556757927,0.044348765164613724,0.05735153704881668,0.24176964163780212,0.05379824340343475,0.056141577661037445,0.06172541156411171
AI681,0.0,0.071428571,0.107142857,0.107142857,0.142857143,0.0,0.5,0.0,2.785714286,0.107142857,0.428571429,0.928571429,0.214285714,1.285714286,0.178571429,0.214285714,0.071428571,0.0,0.0,0.071428571,0.071428571,0.0,0.071428571,0.071428571,0.0,0.285714286,0.035714286,0.0,0.25,0.428571429,0.964285714,0.0,0.0,0.0,0.0,0.0,0.0,0.0,0.0,0.214285714,0.0,0.107142857,0.214285714,0.607142857,0.0,0.0,0.0,0.107142857,0.0,0.0,0.0,0.2637471556663513,0.033728212118148804,0.43367087841033936,0.15263037383556366,0.38998478651046753,0.10021605342626572,0.5047093629837036,0.1774698793888092,1.4413918256759644,0.1146068125963211,0.1952565610408783,0.6453415751457214,0.09059406071901321,0.9294365048408508,0.22312423586845398,0.25974133610725403,0.27806371450424194,0.08063308894634247,0.09055057913064957,0.3478419780731201,0.21317923069000244,0.11214537918567657,0.11673303693532944,0.1407712697982788,0.06042938306927681,0.1477595716714859,0.0005360333016142249,0.07765046507120132,0.19243092834949493,0.18189316987991333,0.8029443621635437,0.02133180759847164,0.17499913275241852,0.14834921061992645,0.011985503137111664,0.22990980744361877,0.021587708964943886,0.012059895321726799,0.061702050268650055,0.301022469997406,0.018066616728901863,0.13236382603645325,0.137938991189003,0.29461508989334106,0.0695672556757927,0.044348765164613724,0.05735153704881668,0.24176964163780212,0.05379824340343475,0.056141577661037445,0.06172541156411171
AA379,0.0,0.0,0.269230769,0.269230769,0.269230769,0.038461538,0.461538462,0.769230769,0.0,0.0,0.0,0.153846154,0.0,1.269230769,0.0,0.153846154,0.076923077,1.730769231,0.115384615,0.192307692,0.0,0.615384615,0.0,0.0,0.115384615,0.115384615,0.0,0.0,0.423076923,0.0,0.192307692,0.153846154,0.230769231,0.153846154,0.0,0.576923077,0.0,0.0,0.0,0.0,0.115384615,0.230769231,0.192307692,0.115384615,0.038461538,0.153846154,0.0,0.0,0.0,0.115384615,0.0,0.3152766227722168,0.09338246285915375,0.4444657564163208,0.6826722621917725,0.49780216813087463,0.36801877617836,0.7885559797286987,0.558030903339386,0.29896053671836853,0.18950249254703522,0.12171701341867447,0.11424954235553741,0.06984880566596985,0.9011621475219727,0.2050265520811081,0.26243412494659424,0.23125381767749786,0.4509485363960266,0.21125605702400208,0.24634364247322083,0.27534008026123047,0.07410071045160294,0.18137690424919128,0.08767697215080261,0.0800369381904602,0.17422084510326385,0.03227352723479271,0.07399315387010574,0.06699247658252716,0.2068418264389038,0.07503634691238403,0.08151327818632126,0.1077222004532814,0.1404908150434494,0.07392387092113495,0.5625976324081421,0.13435889780521393,0.08240842074155807,0.042105745524168015,0.11182144284248352,0.20420542359352112,0.24708977341651917,0.1281684935092926,0.17706653475761414,0.5752283334732056,0.24350698292255402,0.19049881398677826,0.07876282185316086,0.17062492668628693,0.14019012451171875,0.1046212762594223
AA387,0.153846154,0.0,0.269230769,4.0,0.115384615,0.115384615,0.0,0.230769231,0.269230769,0.0,0.0,0.153846154,0.0,1.538461538,0.0,0.192307692,0.0,0.0,0.307692308,0.0,0.0,0.153846154,0.0,0.0,0.0,0.0,0.0,0.0,0.038461538,0.0,0.153846154,0.0,0.0,0.0,0.0,0.0,0.0,0.0,0.038461538,0.0,0.0,0.0,0.0,0.615384615,1.384615385,0.0,0.0,0.038461538,0.0,0.0,0.0,0.20664538443088531,0.7346721291542053,0.16546861827373505,0.4198574423789978,0.16182224452495575,0.11460310965776443,0.24580805003643036,0.2977367043495178,0.3030824065208435,0.11373774707317352,0.10833553224802017,0.1739972084760666,0.07616805285215378,0.7551347017288208,0.1264065057039261,0.24579237401485443,0.13584287464618683,0.12851235270500183,0.1166917160153389,0.23699229955673218,0.20733670890331268,0.10046826303005219,0.18427208065986633,0.1729712337255478,0.06380429118871689,0.17586839199066162,0.24208591878414154,0.0874074250459671,0.18939074873924255,0.133955180644989,0.03098694235086441,0.17042052745819092,0.3773050010204315,0.12913654744625092,0.0913873091340065,0.24399828910827637,0.10846113413572311,0.06538993120193481,0.05571078136563301,0.32861775159835815,-0.003501205937936902,0.1188545823097229,0.052179355174303055,0.09985924512147903,0.37546423077583313,0.2090393602848053,0.040233854204416275,0.14264489710330963,0.09647977352142334,0.07817623019218445,0.03538554161787033
AB618,0.555555556,2.388888889,0.444444444,0.611111111,0.333333333,0.0,0.222222222,0.777777778,0.833333333,0.0,0.0,0.222222222,0.0,1.0,0.0,0.055555556,0.0,0.0,0.0,0.166666667,0.166666667,0.0,0.0,0.166666667,0.0,0.0,0.0,0.0,0.0,0.222222222,0.0,0.0,0.0,0.0,0.0,0.222222222,0.0,0.0,0.0,0.0,0.0,0.277777778,0.0,0.111111111,0.277777778,0.0,0.0,0.0,0.277777778,0.055555556,0.0,0.9008182287216187,2.9588780403137207,0.4933171570301056,0.19108489155769348,0.3315478265285492,0.14452069997787476,0.31541240215301514,0.15114910900592804,0.44773048162460327,0.4770141541957855,0.1746816784143448,0.06794021278619766,0.09127604216337204,0.7263078093528748,0.07959400862455368,0.20500120520591736,0.17172586917877197,0.08967907726764679,0.10778141766786575,0.22565306723117828,0.45056816935539246,0.1325577050447464,0.34703195095062256,0.36201053857803345,0.07321719080209732,0.282261461019516,0.038143470883369446,0.09128836542367935,0.1516374945640564,0.2576741576194763,0.15172570943832397,0.03317845240235329,0.07095010578632355,0.17287516593933105,0.10654875636100769,0.3915283679962158,0.09824550896883011,0.047775059938430786,0.04976065456867218,0.11205627024173737,0.15732672810554504,0.17009054124355316,0.20125393569469452,0.22693419456481934,0.3062627911567688,0.13457347452640533,0.09664161503314972,0.05093501880764961,0.2418377697467804,0.25121116638183594,0.07386760413646698
AC754,0.148148148,0.0,0.0,0.0,0.111111111,0.111111111,0.148148148,0.0,0.148148148,0.148148148,0.185185185,0.037037037,0.111111111,0.222222222,0.074074074,0.148148148,0.111111111,0.185185185,0.148148148,0.444444444,0.222222222,0.185185185,0.148148148,0.074074074,0.0,0.0,0.111111111,0.037037037,0.074074074,0.333333333,0.592592593,0.185185185,0.0,0.481481481,0.222222222,0.777777778,0.259259259,0.037037037,0.148148148,0.37037037,0.074074074,0.074074074,0.703703704,0.0,0.0,0.0,0.0,0.0,0.0,0.037037037,0.0,0.32755473256111145,0.08317413181066513,0.4619317948818207,0.22174082696437836,0.3394283950328827,0.3016633987426758,0.30829471349716187,0.21843725442886353,0.3803553879261017,0.17112824320793152,0.09739804267883301,0.1690651774406433,0.07624463737010956,0.6118907928466797,0.09848206490278244,0.2075306475162506,0.2019508332014084,0.31723552942276,0.16169078648090363,0.128947451710701,0.205844908952713,0.10644066333770752,0.18251504004001617,0.06546297669410706,0.06466320157051086,0.1084652915596962,0.03278234601020813,0.08262899518013,0.04678836092352867,0.13457685708999634,0.16671133041381836,0.12328949570655823,0.31684932112693787,0.18609894812107086,0.0648462325334549,0.41399896144866943,0.2267972081899643,0.09066889435052872,0.04297966510057449,0.10890175402164459,0.2514488399028778,0.17973020672798157,0.07663145661354065,0.5918987989425659,0.34522169828414917,0.1960822194814682,0.16144530475139618,0.24120298027992249,0.21460042893886566,0.16734431684017181,0.10966047644615173
AD230,0.214285714,0.0,0.857142857,0.785714286,1.285714286,1.0,0.285714286,0.214285714,0.0,0.0,0.0,0.0,0.0,0.428571429,0.642857143,0.357142857,0.142857143,0.357142857,0.0,0.071428571,0.0,0.0,0.0,0.0,0.0,0.0,0.0,0.0,0.0,0.0,0.0,0.0,0.0,0.285714286,0.0,0.714285714,0.071428571,0.0,0.0,0.0,1.071428571,0.214285714,0.0,0.428571429,0.142857143,0.0,0.0,0.0,0.642857143,0.071428571,0.0,0.20248456299304962,0.19642823934555054,0.6515707969665527,0.23867373168468475,0.4641733765602112,0.3676663041114807,0.2081478089094162,0.39859738945961,0.1499824821949005,0.14537914097309113,0.10286998003721237,0.04518773406744003,0.0684923529624939,0.9896948933601379,0.5366642475128174,0.40009957551956177,0.19701877236366272,0.545183002948761,0.14100582897663116,0.24241502583026886,0.10973773151636124,0.06628966331481934,0.15257959067821503,0.07087435573339462,0.06670322269201279,0.16893702745437622,0.09668439626693726,0.0726371556520462,0.014092893339693546,0.08585739135742188,0.07279814034700394,0.09770505875349045,0.10212104022502899,0.14731909334659576,0.09269459545612335,0.6668304800987244,0.09859584271907806,0.029554665088653564,0.04096178710460663,0.07914410531520844,0.8025824427604675,0.3962371349334717,0.06209655851125717,0.30591514706611633,0.47481492161750793,0.10916376113891602,0.13986428081989288,0.09474332630634308,0.3090592622756958,0.24540971219539642,0.11236158013343811
AD481,0.230769231,0.0,0.461538462,0.230769231,0.307692308,0.0,0.0,0.0,0.0,0.0,0.0,0.0,0.0,0.0,0.0,0.0,0.0,0.0,0.076923077,0.0,0.0,0.230769231,0.384615385,0.923076923,0.0,0.0,0.769230769,0.692307692,1.615384615,0.307692308,0.0,0.769230769,0.846153846,0.0,0.461538462,1.0,0.0,1.153846154,0.0,1.153846154,0.0,0.230769231,0.230769231,0.0,0.0,0.153846154,0.0,0.307692308,0.0,0.076923077,0.0,0.2016781121492386,0.011040128767490387,0.18064512312412262,0.11734835803508759,0.22116248309612274,0.09774184972047806,0.17268803715705872,0.16623228788375854,0.21613457798957825,0.06381258368492126,0.09382445365190506,0.0769195631146431,0.06329768151044846,0.4965232312679291,0.11407221853733063,0.16795596480369568,0.15143722295761108,0.11567454785108566,0.1272658407688141,0.6500062346458435,0.4831680953502655,0.276454895734787,0.30934378504753113,0.6715559959411621,0.0640445426106453,0.037912920117378235,0.5044393539428711,0.15906359255313873,0.7181325554847717,0.22075378894805908,0.2058749943971634,0.3801378011703491,0.500019907951355,0.1541685163974762,0.14205573499202728,0.32860124111175537,0.13507568836212158,0.6357656717300415,0.049796003848314285,0.781502366065979,0.07287085801362991,0.16362692415714264,0.15383906662464142,0.15283015370368958,0.23787125945091248,0.11314670741558075,0.007913353852927685,0.21293509006500244,0.11373131722211838,0.058239106088876724,0.047604311257600784
AD808,1.625,3.875,0.6875,0.375,0.3125,0.25,0.4375,0.4375,0.25,0.125,0.0625,0.0625,0.0,0.25,0.0,0.0,0.0,0.0,0.0,0.0,0.0,0.0,0.0,0.0,0.0,0.0,0.0,0.0,0.0,0.0,0.0,0.0,0.0,0.0,0.0,0.125,0.0,0.0,0.0,0.0,0.0,0.25,0.0,0.0,0.4375,0.125,0.0,0.0,0.125,0.3125,0.0,0.7125194668769836,1.5755175352096558,0.6697890162467957,0.20802369713783264,0.3227299749851227,0.3021326959133148,0.33463606238365173,0.25627127289772034,0.4068934917449951,0.21208593249320984,0.16413992643356323,0.10488101840019226,0.0818294882774353,0.815535843372345,0.18206177651882172,0.24584972858428955,0.1625039130449295,0.33269214630126953,0.14925900101661682,0.12278587371110916,0.2312535047531128,0.09302360564470291,0.16028174757957458,0.045035406947135925,0.06039236858487129,0.14357885718345642,0.049103960394859314,0.0755854919552803,0.06823547184467316,0.10952939838171005,0.2447822540998459,0.08038496971130371,0.2080148160457611,0.20912736654281616,0.09317507594823837,0.2649644613265991,0.1119031310081482,0.10905241966247559,0.04011569917201996,0.07497603446245193,0.08083213120698929,0.18652407824993134,0.06509656459093094,0.3113129734992981,0.26078468561172485,0.43663039803504944,0.058764103800058365,0.1302236020565033,0.12973929941654205,0.23828944563865662,0.06814149767160416
AE532,0.111111111,0.148148148,0.481481481,0.37037037,0.296296296,0.0,0.111111111,0.0,0.518518519,0.0,0.111111111,0.259259259,0.0,0.777777778,0.222222222,0.296296296,0.185185185,0.111111111,0.0,0.962962963,0.925925926,0.0,0.814814815,0.0,0.0,0.148148148,0.0,0.148148148,0.0,0.0,0.111111111,0.111111111,0.0,0.0,0.0,0.111111111,0.037037037,0.0,0.0,0.0,0.0,0.481481481,0.0,1.259259259,1.037037037,0.444444444,0.0,0.555555556,0.074074074,0.0,0.0,0.2933667004108429,0.09421475231647491,0.34534087777137756,0.6047630310058594,0.27085742354393005,0.12837059795856476,0.1889060139656067,0.16134105622768402,0.2826578617095947,0.08911788463592529,0.10851949453353882,0.10937236994504929,0.07768141478300095,0.570574939250946,0.2072429060935974,0.2351112961769104,0.1435685008764267,0.11340826004743576,0.10348831862211227,0.568525493144989,0.7661405205726624,0.03472405672073364,0.6340779662132263,0.13130001723766327,0.06495511531829834,0.07134009897708893,0.160258486866951,0.12715892493724823,0.08298613131046295,0.18929283320903778,0.1764015257358551,0.12681813538074493,0.07551394402980804,0.15544670820236206,0.05532865598797798,0.455570250749588,0.2154247909784317,0.06359013170003891,0.051479972898960114,0.13956251740455627,0.1346447467803955,0.16857820749282837,0.0943225622177124,1.415196418762207,0.720663845539093,0.355165034532547,0.1559932976961136,0.6867995858192444,0.182279571890831,0.0827590674161911,0.1212686076760292
AE715,0.642857143,0.071428571,0.535714286,0.607142857,0.25,0.678571429,0.25,0.071428571,0.0,0.107142857,0.0,0.0,0.0,0.321428571,0.0,0.0,0.035714286,0.0,0.0,0.0,0.0,0.0,0.0,0.0,0.0,0.0,0.0,0.0,0.0,0.0,0.0,0.0,0.0,0.785714286,0.0,0.428571429,0.535714286,0.0,0.0,0.142857143,0.071428571,0.285714286,0.071428571,1.607142857,1.642857143,1.357142857,0.892857143,0.821428571,0.0,0.178571429,0.464285714,0.3632948100566864,0.09470624476671219,0.3289732038974762,0.5295117497444153,0.2497093379497528,0.1663709580898285,0.24430780112743378,0.22044065594673157,0.3517073392868042,0.11718082427978516,0.12002994865179062,0.26514074206352234,0.06460358202457428,0.8356724381446838,0.29382699728012085,0.29643240571022034,0.14902733266353607,0.19728709757328033,0.12425437569618225,0.19269244372844696,0.23889438807964325,0.13369186222553253,0.2064432054758072,0.06421014666557312,0.073000468313694,0.21151763200759888,0.23728664219379425,0.1252247542142868,0.17355091869831085,0.20102234184741974,0.16668245196342468,0.10730693489313126,0.10841305553913116,0.3235006332397461,0.08626825362443924,0.4066743552684784,0.3687756657600403,0.04892326891422272,0.06283034384250641,0.17722365260124207,0.10946031659841537,0.157602921128273,0.11881609261035919,0.6195307374000549,0.7052625417709351,0.4444735050201416,0.26128995418548584,0.728782594203949,0.2881064713001251,0.10968012362718582,0.16664008796215057
AE911,0.555555556,0.074074074,0.62962963,0.37037037,0.259259259,0.407407407,0.37037037,0.0,0.0,0.111111111,0.148148148,0.0,0.222222222,0.592592593,0.0,0.0,0.0,0.0,0.0,0.0,0.0,0.0,0.0,0.0,0.0,0.0,0.0,0.0,0.0,0.185185185,0.222222222,0.111111111,0.037037037,0.296296296,0.0,0.814814815,0.62962963,0.0,0.0,0.0,0.37037037,0.296296296,0.0,1.666666667,1.481481481,1.37037037,0.777777778,1.222222222,0.333333333,0.148148148,0.37037037,0.2855888903141022,0.06770192831754684,0.3989940583705902,0.9331085085868835,0.32386842370033264,0.22555044293403625,0.3564862310886383,0.18945609033107758,0.20644453167915344,0.06891237199306488,0.07116642594337463,0.10117875784635544,0.05907772108912468,0.7087686061859131,0.24517568945884705,0.2335817962884903,0.20309652388095856,0.15248222649097443,0.12865875661373138,0.21975405514240265,0.25542038679122925,0.08804959058761597,0.2347370684146881,0.06872837245464325,0.060139819979667664,0.03194666653871536,0.07631581276655197,0.10248514264822006,0.02909216843545437,0.18123599886894226,0.10496481508016586,0.029491420835256577,0.04787096008658409,0.3041613698005676,0.03204416111111641,0.44214126467704773,0.28200563788414,0.043096769601106644,0.0475730299949646,0.05612597614526749,0.15886077284812927,0.15833519399166107,0.11345066875219345,0.9788227081298828,0.8514500856399536,0.3993706703186035,0.25238969922065735,0.49804309010505676,0.17127259075641632,0.11352579295635223,0.14225761592388153
AH291,0.2,0.0,0.1,0.0,0.266666667,0.0,0.3,0.066666667,0.6,0.0,0.133333333,0.0,0.066666667,0.933333333,0.0,0.4,0.0,0.0,0.0,0.0,0.0,0.0,0.1,0.0,0.0,0.0,1.366666667,0.233333333,0.866666667,0.366666667,0.366666667,0.666666667,0.133333333,0.4,0.133333333,0.633333333,0.1,0.333333333,1.166666667,2.033333333,0.133333333,0.066666667,0.1,0.233333333,0.066666667,0.366666667,0.0,0.066666667,0.0,0.0,0.1,0.23764486610889435,0.1968299150466919,0.26702165603637695,0.12829042971134186,0.2330443412065506,0.12338979542255402,0.29405778646469116,0.15244141221046448,0.5800348520278931,0.10246270895004272,0.18535012006759644,0.22298882901668549,0.08586693555116653,0.9191012382507324,0.2793143689632416,0.29352647066116333,0.17824000120162964,0.07018619030714035,0.09056819975376129,0.18126249313354492,0.1355942338705063,0.08660728484392166,0.1960439831018448,0.10624303668737411,0.06292079389095306,0.25252053141593933,0.41554686427116394,0.1713031530380249,0.4289439022541046,0.35537391901016235,0.26538097858428955,0.23694294691085815,0.1462869793176651,0.13948550820350647,0.06538069248199463,0.5123029947280884,0.06490224599838257,0.10110968351364136,0.06588486582040787,0.8740441799163818,0.18891111016273499,0.17689964175224304,0.06911171972751617,0.2755807340145111,0.27996209263801575,0.1348438709974289,0.032875798642635345,0.10624504834413528,0.2701873183250427,0.110325887799263,0.0671420469880104
AH489,0.3,0.0,0.366666667,0.1,0.2,0.2,0.3,0.166666667,0.4,0.0,0.0,0.133333333,0.1,0.6,0.133333333,0.0,0.066666667,0.1,0.066666667,0.166666667,0.1,0.0,0.266666667,0.0,0.0,0.4,0.266666667,0.0,0.5,0.566666667,0.5,0.366666667,0.4,0.233333333,0.0,0.866666667,0.1,0.0,0.133333333,0.366666667,0.766666667,0.133333333,0.1,0.3,0.2,0.133333333,0.133333333,0.133333333,0.433333333,0.0,0.333333333,0.23017801344394684,0.053751274943351746,0.27796366810798645,0.159470796585083,0.3369405269622803,0.11528189480304718,0.4305644929409027,0.24622492492198944,1.001263976097107,0.08792388439178467,0.2646729350090027,0.4447196125984192,0.08112021535634995,0.8918826580047607,0.30306655168533325,0.2677667737007141,0.21532876789569855,0.08230584859848022,0.09810292720794678,0.23228347301483154,0.3087368309497833,0.05814043805003166,0.30584535002708435,0.11282239109277725,0.07064938545227051,0.3885657787322998,0.17168033123016357,0.10825895518064499,0.6267299056053162,0.28555288910865784,0.399636834859848,0.18787899613380432,0.07090014219284058,0.2062155306339264,0.039113134145736694,0.7005403637886047,0.22249487042427063,0.03728780150413513,0.07023582607507706,0.16598093509674072,0.2834702134132385,0.22316712141036987,0.16572852432727814,0.5132617354393005,0.16444118320941925,0.136395663022995,0.06776773929595947,0.35665270686149597,0.2412859946489334,0.0819600373506546,0.10564867407083511
AH765,0.1,0.066666667,0.5,0.133333333,0.166666667,0.2,0.666666667,0.5,0.866666667,0.4,0.266666667,0.666666667,0.1,1.2,0.133333333,0.266666667,0.1,0.1,0.0,0.066666667,0.0,0.033333333,0.266666667,0.0,0.0,0.2,0.166666667,0.0,0.266666667,0.1,0.166666667,0.266666667,0.066666667,0.066666667,0.0,0.833333333,0.3,0.0,0.066666667,0.066666667,0.333333333,0.066666667,0.066666667,0.666666667,0.366666667,0.1,0.0,0.266666667,0.4,0.0,0.133333333,0.3146537244319916,0.08491304516792297,0.2874103784561157,0.18724282085895538,0.36792677640914917,0.10374096781015396,0.44079235196113586,0.2247634083032608,1.1892766952514648,0.1365668773651123,0.7578547596931458,0.5951606631278992,0.12932951748371124,1.0274075269699097,0.2867687940597534,0.3053220510482788,0.1555122286081314,0.1402823030948639,0.12369778007268906,0.24754005670547485,0.4084467589855194,0.0800803005695343,0.33486270904541016,0.1869119107723236,0.06082427129149437,0.09606059640645981,0.1547643095254898,0.11073482036590576,0.26495227217674255,0.22648657858371735,0.4941170811653137,0.22903554141521454,0.25175148248672485,0.3021487593650818,0.07091047614812851,0.46634989976882935,0.18397393822669983,0.030569568276405334,0.05249189957976341,0.22197586297988892,0.16751496493816376,0.14853732287883759,0.058722831308841705,0.3782077431678772,0.181919127702713,0.17546258866786957,0.06424092501401901,0.33329957723617554,0.1353871375322342,0.08640772104263306,0.06878209859132767
AI170,0.142857143,0.0,0.75,0.0,0.214285714,0.0,0.0,0.5,0.107142857,0.0,0.0,0.0,0.0,0.892857143,0.285714286,0.464285714,2.107142857,1.357142857,0.821428571,0.0,0.107142857,0.071428571,0.107142857,0.0,0.0,0.071428571,0.0,0.0,0.0,0.0,0.0,0.071428571,0.0,0.107142857,0.0,0.178571429,0.464285714,0.0,0.0,0.035714286,0.285714286,0.392857143,0.071428571,0.785714286,0.071428571,0.5,0.071428571,0.964285714,0.107142857,0.357142857,0.321428571,0.35388386249542236,0.05957869067788124,0.5126774311065674,0.23269788920879364,0.49387773871421814,0.24916277825832367,0.5342949628829956,0.2618778944015503,0.688829243183136,0.10485846549272537,0.15321622788906097,0.2890523076057434,0.08990702778100967,0.7713250517845154,0.37476611137390137,0.2520241439342499,0.3190520107746124,0.232044517993927,0.13899284601211548,0.2857675552368164,0.34565338492393494,0.0800132304430008,0.25595822930336,0.08019960671663284,0.08829464018344879,0.22101061046123505,0.04059016332030296,0.2820022404193878,0.08230976015329361,0.2293262779712677,0.12882594764232635,0.0826883539557457,0.09165922552347183,0.3212887644767761,0.06612369418144226,0.5959155559539795,0.22521443665027618,0.03147856146097183,0.0480155348777771,0.10258226096630096,0.26819154620170593,0.44626671075820923,0.06748190522193909,0.48269122838974,0.3742843568325043,0.4509195387363434,0.3163639008998871,0.8984075784683228,0.2814123332500458,0.2688186764717102,0.11662930250167847
AI304,0.24137931,0.24137931,0.586206897,0.137931034,0.551724138,0.24137931,0.413793103,0.448275862,0.310344828,0.068965517,0.103448276,0.034482759,0.068965517,1.172413793,0.827586207,0.0,0.482758621,0.068965517,0.0,0.068965517,0.172413793,0.0,0.310344828,0.034482759,0.448275862,0.689655172,0.0,0.0,0.0,0.0,0.0,0.0,0.0,0.172413793,0.068965517,0.655172414,0.068965517,0.0,0.034482759,0.0,0.068965517,0.172413793,0.0,0.275862069,0.275862069,0.24137931,0.448275862,0.206896552,0.172413793,0.413793103,0.103448276,0.43360772728919983,0.6257866024971008,0.33042672276496887,0.21807138621807098,0.4130361080169678,0.1230553463101387,0.30332767963409424,0.2611533999443054,0.3305663466453552,0.30434420704841614,0.09168848395347595,0.10769810527563095,0.07791385799646378,0.8118937611579895,0.29702290892601013,0.4886913001537323,0.15935908257961273,0.13943715393543243,0.1435806006193161,0.12705379724502563,0.3282097578048706,0.044914938509464264,0.2784511148929596,0.12504978477954865,0.07401292026042938,0.3861708641052246,0.33217915892601013,0.09871446341276169,0.2594374716281891,0.09801474213600159,0.09087502956390381,0.06056419014930725,0.11840639263391495,0.17123398184776306,0.09105335921049118,0.5524863600730896,0.1947396993637085,0.05517818406224251,0.05496024712920189,0.17395156621932983,0.1741621196269989,0.2005513310432434,0.06592918932437897,0.39323890209198,0.3603423535823822,0.16743890941143036,0.18279922008514404,0.38940322399139404,0.29072731733322144,0.12006094306707382,0.10696957260370255
AJ481,0.275862069,0.448275862,0.413793103,0.0,0.379310345,0.172413793,0.24137931,0.275862069,1.413793103,0.310344828,0.75862069,0.620689655,0.275862069,1.586206897,0.24137931,0.310344828,0.275862069,0.034482759,0.0,0.0,0.551724138,0.0,0.793103448,0.275862069,0.275862069,0.482758621,0.034482759,0.0,0.0,0.344827586,0.103448276,0.0,0.0,0.0,0.0,0.413793103,0.0,0.0,0.0,0.0,0.103448276,0.103448276,0.0,0.137931034,0.413793103,0.172413793,0.0,0.034482759,0.344827586,0.310344828,0.275862069,0.6321094036102295,0.0904601439833641,0.602270245552063,0.42254638671875,0.4895530641078949,0.19363552331924438,0.33503079414367676,0.22732539474964142,0.8169373273849487,0.3371583819389343,0.16644386947155,0.19101542234420776,0.07097862660884857,0.9540397524833679,0.252756804227829,0.26580822467803955,0.37553471326828003,0.3256920874118805,0.28336572647094727,0.5269781947135925,0.371469646692276,0.28073886036872864,0.31196245551109314,0.15566955506801605,0.06379179656505585,0.2192414104938507,0.037218689918518066,0.09057701379060745,0.09914059191942215,0.34188830852508545,0.2456844449043274,0.13860270380973816,0.6937451362609863,0.20537999272346497,0.08973659574985504,0.5840255618095398,0.18650023639202118,0.11779790371656418,0.044649552553892136,0.16426971554756165,0.2943057119846344,0.14904019236564636,0.13565558195114136,0.2518698275089264,0.13224978744983673,0.35029640793800354,0.11569920927286148,0.19497351348400116,0.37112918496131897,0.1948128640651703,0.14377807080745697
AL806,1.266666667,0.066666667,1.166666667,0.0,0.7,0.266666667,0.366666667,0.0,0.533333333,0.266666667,0.0,0.0,0.0,0.733333333,0.0,0.1,0.0,0.1,0.0,0.0,0.166666667,0.0,0.033333333,0.0,0.0,0.0,0.0,0.0,0.0,0.466666667,0.166666667,0.0,0.0,0.5,0.133333333,0.8,0.1,0.366666667,0.0,0.066666667,0.533333333,0.0,0.0,0.033333333,0.133333333,0.033333333,0.2,0.0,0.6,0.333333333,0.033333333,1.0566565990447998,0.08803556114435196,1.086046814918518,0.2151360660791397,0.9716321229934692,0.33885517716407776,0.6125689744949341,0.08770197629928589,0.7549119591712952,0.493879497051239,0.24822910130023956,0.08921576291322708,0.054950278252363205,0.9077425599098206,0.34780654311180115,0.23463261127471924,0.22228793799877167,0.08732161670923233,0.15947572886943817,0.041850779205560684,0.3295680582523346,0.04356002435088158,0.18988308310508728,0.024493955075740814,0.05996839702129364,0.10301204770803452,0.0004726289480458945,0.07110266387462616,0.010432178154587746,0.39167580008506775,0.25284117460250854,0.03664400801062584,0.11147469282150269,0.45244497060775757,0.040557991713285446,0.6593575477600098,0.10720266401767731,0.04077235236763954,0.05086838826537132,0.07154364138841629,0.30914387106895447,0.23279455304145813,0.06880798190832138,0.1533694714307785,0.2228253036737442,0.06159371882677078,0.2607468068599701,0.32616204023361206,0.4586280584335327,0.4841891825199127,0.20566758513450623
AM043,0.5,0.0,0.733333333,0.0,0.333333333,0.166666667,1.566666667,1.4,0.2,0.0,0.0,0.2,0.0,1.166666667,0.066666667,0.233333333,0.1,0.066666667,0.066666667,0.066666667,0.233333333,0.0,0.133333333,0.0,0.033333333,0.366666667,0.1,0.0,0.0,0.0,0.066666667,0.066666667,0.0,0.0,0.0,0.266666667,0.066666667,0.0,0.0,0.0,0.0,0.2,0.4,0.1,0.033333333,0.1,0.0,0.1,0.0,0.5,0.266666667,0.4287739396095276,0.4342994689941406,0.7001126408576965,0.49584904313087463,0.41889145970344543,0.21883945167064667,0.7690490484237671,0.45251086354255676,0.5378769040107727,0.8198733925819397,0.1482446789741516,0.13575786352157593,0.05971572548151016,0.9703096747398376,0.24944069981575012,0.25711825489997864,0.25515422224998474,0.21220993995666504,0.1040477454662323,0.23913027346134186,0.38822293281555176,0.052043698728084564,0.17248158156871796,0.05620025098323822,0.06024367734789848,0.14271947741508484,0.00982712022960186,0.07811809331178665,0.040250808000564575,0.25928348302841187,0.1312391310930252,0.024289442226290703,0.03800663724541664,0.21036839485168457,0.03692351654171944,0.48671138286590576,0.10723114758729935,0.030518272891640663,0.04560362175107002,0.0496508963406086,0.18852679431438446,0.13633133471012115,0.1328989863395691,0.3323271572589874,0.2997307777404785,0.23680882155895233,0.1659989058971405,0.24252913892269135,0.13011033833026886,0.15987315773963928,0.14661037921905518
AM082,0.2,0.0,0.233333333,0.1,0.666666667,0.1,0.4,0.3,1.566666667,0.266666667,0.233333333,0.666666667,0.0,1.233333333,0.266666667,0.266666667,0.266666667,0.0,0.133333333,0.366666667,0.533333333,0.0,0.333333333,0.066666667,0.133333333,0.066666667,0.066666667,0.0,0.266666667,0.1,0.6,0.0,0.0,0.3,0.0,0.266666667,0.0,0.0,0.0,0.0,0.3,0.166666667,0.0,0.5,0.633333333,0.2,0.233333333,0.4,0.0,0.0,0.133333333,0.35171669721603394,0.03461996093392372,0.39229318499565125,0.1324673891067505,0.42653021216392517,0.1943282037973404,0.46322181820869446,0.2003110945224762,0.8427675366401672,0.1282300502061844,0.23747387528419495,0.29456761479377747,0.0693715512752533,1.387542486190796,0.4587443470954895,0.30908289551734924,0.2256125658750534,0.07639764249324799,0.09024100750684738,0.18130110204219818,0.30419084429740906,0.06775432080030441,0.23719529807567596,0.12158076465129852,0.06271075457334518,0.21031136810779572,0.14221501350402832,0.09276547282934189,0.20409536361694336,0.42540809512138367,0.35148003697395325,0.13671517372131348,0.12572282552719116,0.1940818876028061,0.04620234668254852,0.6287588477134705,0.2313019186258316,0.10082770884037018,0.04758419096469879,0.15156272053718567,0.12934696674346924,0.13261669874191284,0.10886619985103607,0.2143552303314209,0.2360837608575821,0.4110102355480194,0.15251308679580688,0.4401327967643738,0.17515596747398376,0.12587173283100128,0.11612345278263092
AM782,0.933333333,1.866666667,1.2,0.0,0.866666667,0.1,1.0,0.1,0.966666667,0.0,0.566666667,0.0,0.1,1.0,0.333333333,0.233333333,0.166666667,0.0,0.0,0.4,0.566666667,0.0,0.033333333,0.0,0.1,0.033333333,0.0,0.166666667,0.066666667,0.133333333,0.333333333,0.1,0.166666667,0.0,0.0,0.366666667,0.0,0.066666667,0.0,0.1,0.0,0.0,0.0,0.066666667,0.133333333,0.0,0.133333333,0.066666667,0.133333333,0.166666667,0.0,0.5836883187294006,0.20135974884033203,0.6354613900184631,0.44525399804115295,0.4160953164100647,0.1790553331375122,0.5347004532814026,0.33429965376853943,0.8082990050315857,0.2203640639781952,0.26358020305633545,0.15150047838687897,0.0722941979765892,1.2673238515853882,0.25615015625953674,0.2908646762371063,0.25043749809265137,0.08467476069927216,0.0924065038561821,0.2596079111099243,0.4075096845626831,0.04281151667237282,0.27914750576019287,0.07196065783500671,0.06264591962099075,0.1874075084924698,0.10082392394542694,0.08391349017620087,0.1897813379764557,0.3828202784061432,0.25659069418907166,0.11164017021656036,0.24956373870372772,0.19459235668182373,0.0514654703438282,0.686214029788971,0.12429380416870117,0.045155443251132965,0.06599505245685577,0.27843549847602844,0.1946113556623459,0.1309325098991394,0.08668477833271027,0.21571509540081024,0.2212095707654953,0.2380155324935913,0.19753071665763855,0.21720971167087555,0.1787516325712204,0.16781069338321686,0.17537939548492432
AN739,0.733333333,0.133333333,0.933333333,0.1,1.566666667,0.266666667,0.066666667,0.733333333,0.1,0.0,0.0,0.0,0.0,0.766666667,0.233333333,0.133333333,0.333333333,0.466666667,0.1,0.333333333,0.633333333,0.0,0.3,0.0,0.0,0.3,0.0,0.0,0.0,0.0,0.033333333,0.0,0.0,0.6,0.033333333,1.566666667,0.0,0.0,0.0,0.0,1.033333333,0.6,0.0,0.266666667,0.066666667,0.033333333,0.066666667,0.1,0.7,0.466666667,0.033333333,0.21998201310634613,0.03389270603656769,0.5002613663673401,0.24909797310829163,0.6916481852531433,0.1706571727991104,0.21883131563663483,0.23370233178138733,0.10866148769855499,0.06345310062170029,0.06301426887512207,0.08412700891494751,0.05715852230787277,0.87031489610672,0.275568425655365,0.2664647102355957,0.2703768312931061,0.33132708072662354,0.19194309413433075,0.5526924133300781,0.4495896100997925,0.0914064273238182,0.28562915325164795,0.016944721341133118,0.05928345024585724,0.10366417467594147,-0.0091909971088171,0.06850574910640717,0.02762201428413391,0.13950970768928528,0.1117052510380745,0.07651464641094208,0.10219541192054749,0.19762685894966125,0.03564925119280815,0.6609398126602173,0.09544076025485992,0.022427652031183243,0.04011569917201996,0.009098164737224579,0.23686009645462036,0.22981315851211548,0.04985237866640091,0.17112350463867188,0.1876293122768402,0.1816798895597458,0.13196639716625214,0.12668827176094055,0.325161337852478,0.1924624741077423,0.06874801218509674
AP048,0.0,0.0,0.0,0.033333333,0.333333333,0.133333333,0.266666667,0.166666667,0.266666667,0.066666667,0.066666667,0.066666667,0.233333333,1.366666667,1.733333333,0.766666667,0.533333333,0.1,0.6,0.833333333,0.666666667,0.0,0.6,0.0,0.033333333,0.066666667,0.866666667,0.433333333,0.166666667,0.166666667,0.266666667,0.0,0.0,0.3,0.0,0.7,0.166666667,0.0,0.0,0.0,0.533333333,0.333333333,0.0,0.0,0.1,0.233333333,0.0,0.666666667,0.4,0.0,0.066666667,0.3518117368221283,0.11233058571815491,0.4188288450241089,0.29405561089515686,0.2617690861225128,0.1442633718252182,0.34137269854545593,0.2892889380455017,0.38840803503990173,0.11305423825979233,0.13130632042884827,0.2894756495952606,0.05987211689352989,1.173493504524231,0.49604520201683044,0.28966599702835083,0.19481882452964783,0.0949055477976799,0.09174254536628723,0.479204922914505,0.554308295249939,0.13434527814388275,0.37469759583473206,0.10031695663928986,0.06740342080593109,0.11779341846704483,0.3236478269100189,0.07795742899179459,0.08394280821084976,0.21767830848693848,0.1921471208333969,0.059104494750499725,0.23385101556777954,0.1586107611656189,0.0699627548456192,0.42184287309646606,0.1398308277130127,0.08790223300457001,0.04579175263643265,0.24790947139263153,0.18298637866973877,0.19037561118602753,0.08702628314495087,0.20147138833999634,0.293206125497818,0.26347702741622925,0.08370596915483475,0.22947342693805695,0.2667209208011627,0.1476552039384842,0.08491051942110062
AP858,0.333333333,0.0,0.5,1.466666667,0.233333333,0.033333333,0.3,0.0,0.333333333,0.0,0.0,0.133333333,0.0,1.0,0.333333333,0.133333333,0.333333333,0.066666667,0.0,0.733333333,0.966666667,0.366666667,0.133333333,0.266666667,0.0,0.2,0.3,0.166666667,0.333333333,0.233333333,0.533333333,1.066666667,0.233333333,0.033333333,0.033333333,0.866666667,0.233333333,0.1,0.1,0.866666667,0.366666667,0.266666667,0.366666667,0.166666667,0.533333333,0.1,0.033333333,0.3,0.1,0.066666667,0.0,0.2406480610370636,0.03293346241116524,0.40826913714408875,0.48836958408355713,0.3199516832828522,0.14636817574501038,0.301884263753891,0.28398293256759644,0.544547975063324,0.07508426904678345,0.2701705992221832,0.18315020203590393,0.07717204838991165,1.0768861770629883,0.20307908952236176,0.22767025232315063,0.1936003714799881,0.1075584813952446,0.09622731804847717,0.4501023590564728,0.49034586548805237,0.26407063007354736,0.25020459294319153,0.24392326176166534,0.06023651361465454,0.10857654362916946,0.24073170125484467,0.10158998519182205,0.32045912742614746,0.16503629088401794,0.09576787799596786,0.46304407715797424,0.24529044330120087,0.15347707271575928,0.09835772216320038,0.5242475271224976,0.11232801526784897,0.14220543205738068,0.041706301271915436,0.4355522692203522,0.15655264258384705,0.19715522229671478,0.04723199084401131,0.16539238393306732,0.31112319231033325,0.18038879334926605,0.0884132832288742,0.15291474759578705,0.19228990375995636,0.13130195438861847,0.10422901064157486
