stimulus,true_Green,true_Cucumber,true_Herbal,true_Mint,true_Woody,true_Pine,true_Floral,true_Powdery,true_Fruity,true_Citrus,true_Tropical,true_Berry,true_Peach,true_Sweet,true_Caramellic,true_Vanilla,true_BrownSpice,true_Smoky,true_Burnt,true_Roasted,true_Grainy,true_Meaty,true_Nutty,true_Fatty,true_Coconut,true_Waxy,true_Dairy,true_Buttery,true_Cheesy,true_Sour,true_Fermented,true_Sulfurous,true_Garlic.Onion,true_Earthy,true_Mushroom,true_Musty,true_Ammonia,true_Fishy,true_Fecal,true_Rotten.Decay,true_Rubber,true_Phenolic,true_Animal,true_Medicinal,true_Cooling,true_Sharp,true_Chlorine,true_Alcoholic,true_Plastic,true_Ozone,true_Metallic,pred_Green,pred_Cucumber,pred_Herbal,pred_Mint,pred_Woody,pred_Pine,pred_Floral,pred_Powdery,pred_Fruity,pred_Citrus,pred_Tropical,pred_Berry,pred_Peach,pred_Sweet,pred_Caramellic,pred_Vanilla,pred_BrownSpice,pred_Smoky,pred_Burnt,pred_Roasted,pred_Grainy,pred_Meaty,pred_Nutty,pred_Fatty,pred_Coconut,pred_Waxy,pred_Dairy,pred_Buttery,pred_Cheesy,pred_Sour,pred_Fermented,pred_Sulfurous,pred_Garlic.Onion,pred_Earthy,pred_Mushroom,pred_Musty,pred_Ammonia,pred_Fishy,pred_Fecal,pred_Rotten.Decay,pred_Rubber,pred_Phenolic,pred_Animal,pred_Medicinal,pred_Cooling,pred_Sharp,pred_Chlorine,pred_Alcoholic,pred_Plastic,pred_Ozone,pred_Metallic
AA142,0.076923077,0.0,0.038461538,0.0,0.230769231,0.0,0.807692308,0.230769231,0.192307692,0.0,0.0,0.0,0.0,0.038461538,0.0,0.0,0.0,0.115384615,0.038461538,0.423076923,0.153846154,0.230769231,0.192307692,0.153846154,0.0,0.153846154,0.0,0.269230769,0.884615385,0.346153846,0.0,0.192307692,3.307692308,0.0,0.115384615,0.0,0.153846154,0.0,0.0,0.153846154,0.0,0.269230769,0.0,0.153846154,0.0,0.038461538,0.038461538,0.0,0.115384615,0.038461538,0.0,0.2977461516857147,0.07704291492700577,0.02117684669792652,0.0026980408001691103,0.007127742748707533,0.1252318024635315,1.011394739151001,0.3995968699455261,0.03114384412765503,0.029712844640016556,0.0811576247215271,0.039071135222911835,0.07872317731380463,0.5328933596611023,0.014859670773148537,0.011657219380140305,0.08844748884439468,0.30635717511177063,0.06845580041408539,0.24142448604106903,0.1886131465435028,0.19722521305084229,0.053522828966379166,0.34318578243255615,0.25998276472091675,0.12525586783885956,0.35689663887023926,0.12751932442188263,0.4993319511413574,0.18319298326969147,0.26402801275253296,0.20372173190116882,1.056782841682434,0.006920215208083391,0.05141438543796539,0.0007661872659809887,0.13535447418689728,0.01902264729142189,0.039923690259456635,0.09132412821054459,0.11757850646972656,0.14320935308933258,0.14209145307540894,0.011631173081696033,0.11680376529693604,0.18844687938690186,0.20845112204551697,0.17606446146965027,0.11434336006641388,0.10929802060127258,0.049609310925006866
AA632,0.0,0.0,0.038461538,0.0,0.0,0.0,0.0,0.269230769,0.807692308,0.0,0.384615385,0.346153846,0.192307692,0.961538462,0.230769231,0.269230769,0.0,0.0,0.115384615,0.230769231,0.269230769,0.0,0.346153846,0.269230769,0.153846154,0.230769231,0.692307692,0.269230769,0.307692308,0.384615385,0.0,0.192307692,0.038461538,0.076923077,0.0,0.153846154,0.346153846,0.0,0.0,0.5,0.0,0.0,0.0,0.384615385,0.0,0.153846154,0.192307692,0.076923077,0.153846154,0.115384615,0.0,0.3490831255912781,0.6048009991645813,0.35888466238975525,0.48162537813186646,0.23025232553482056,0.09510572254657745,0.1888749897480011,0.23186048865318298,0.6314756870269775,0.3926286995410919,0.24871811270713806,0.15837787091732025,0.07129094749689102,0.8630154728889465,0.16367444396018982,0.1915436089038849,0.1742977350950241,0.12172594666481018,0.12069524824619293,0.40165457129478455,0.8072535991668701,0.2303122878074646,0.4042383134365082,0.09003236889839172,0.0935034453868866,0.1902843415737152,0.2233884334564209,0.06383438408374786,0.19812346994876862,0.3093125820159912,0.22285513579845428,0.10631123930215836,0.3011399209499359,0.1217658668756485,0.09795063734054565,0.440731406211853,0.15008117258548737,0.0605265237390995,0.05246051400899887,0.1567782163619995,0.10235068202018738,0.1362166702747345,0.14018885791301727,0.32524508237838745,0.32001015543937683,0.27459704875946045,0.1588452011346817,0.29168960452079773,0.15237808227539062,0.12949138879776,0.09517046809196472
AA875,0.0,0.0,0.038461538,3.538461538,0.0,0.0,0.115384615,0.076923077,0.0,0.269230769,0.115384615,0.0,0.0,0.692307692,0.0,0.153846154,0.0,0.0,0.076923077,0.153846154,0.0,0.153846154,0.307692308,0.153846154,0.0,0.0,0.692307692,0.538461538,1.0,0.5,0.192307692,0.0,0.115384615,0.076923077,0.0,0.0,0.0,0.192307692,0.423076923,1.115384615,0.0,0.0,0.115384615,0.0,0.961538462,0.115384615,0.0,0.038461538,0.0,0.0,0.0,0.42073437571525574,0.0543397031724453,0.4383106529712677,1.385750651359558,0.23305043578147888,0.051678694784641266,0.29511040449142456,0.18450619280338287,0.4721854031085968,0.3008667230606079,0.16987642645835876,0.24387061595916748,0.07104042172431946,0.8716827034950256,0.22609631717205048,0.2551302909851074,0.1513470560312271,0.07757057249546051,0.04864814504981041,0.2998245656490326,0.27960604429244995,0.20671601593494415,0.2029777318239212,0.09086333960294724,0.05992937833070755,0.1841754913330078,0.8643050193786621,0.09518977999687195,0.43658447265625,0.7113953828811646,0.23623068630695343,0.35242271423339844,0.2008640021085739,0.1356196254491806,0.1445302516222,0.5492111444473267,0.1616654247045517,0.1588355004787445,0.28352609276771545,1.6570898294448853,0.13887211680412292,0.15904058516025543,0.1670198291540146,0.2442488968372345,0.5921510457992554,0.2627571225166321,0.13211844861507416,0.25172102451324463,0.15482713282108307,0.1197422593832016,0.09032952785491943
AA886,0.0,0.0,0.153846154,0.230769231,0.423076923,0.038461538,0.115384615,0.0,0.038461538,0.076923077,0.0,0.230769231,0.0,0.269230769,0.269230769,0.076923077,0.576923077,0.076923077,0.076923077,0.153846154,0.038461538,0.076923077,0.0,0.0,0.0,0.0,0.076923077,0.0,0.0,0.153846154,0.0,0.153846154,0.0,0.0,0.0,0.653846154,0.423076923,0.0,0.0,0.0,0.0,0.384615385,0.192307692,1.307692308,0.423076923,0.615384615,0.269230769,0.961538462,0.653846154,0.461538462,0.192307692,0.3968777358531952,0.24609123170375824,0.4897710382938385,0.3051500916481018,0.5026072263717651,0.23257911205291748,0.41651901602745056,0.5272812843322754,0.4395711421966553,0.054471176117658615,0.18702639639377594,0.3189997971057892,0.07542840391397476,1.146917700767517,0.4429751932621002,0.3955625593662262,0.7902926802635193,0.18764658272266388,0.36865007877349854,0.34337037801742554,0.3724272549152374,0.07570230215787888,0.27307096123695374,0.08228490501642227,0.12685738503932953,0.4037000238895416,0.08802759647369385,0.0962982326745987,0.10459963977336884,0.18489208817481995,0.16999071836471558,0.11643505096435547,0.02813934162259102,0.3271220922470093,0.060157619416713715,0.5650824904441833,0.141699880361557,0.03175519034266472,0.03084140457212925,0.22221380472183228,0.15721936523914337,0.38975638151168823,0.04436980560421944,0.31457147002220154,0.1550472527742386,0.18289245665073395,0.18787701427936554,0.23162589967250824,0.2705093324184418,0.14157862961292267,0.09449708461761475
AA978,0.038461538,0.0,0.615384615,0.653846154,0.192307692,0.0,0.0,0.0,0.0,0.153846154,0.038461538,0.192307692,0.0,0.153846154,0.0,0.0,0.0,0.0,0.115384615,0.0,0.0,0.0,0.0,0.0,0.0,0.0,0.0,0.0,0.153846154,0.0,0.153846154,0.0,0.0,0.038461538,0.0,0.846153846,0.384615385,0.269230769,0.0,0.384615385,0.0,0.0,0.0,3.115384615,2.076923077,1.230769231,0.0,0.538461538,0.038461538,0.0,0.0,0.3025304079055786,0.09194143861532211,0.5581555962562561,0.2635100483894348,0.3075389862060547,0.2487994283437729,0.3140183091163635,0.3291202187538147,0.23467063903808594,0.08809074759483337,0.13510927557945251,0.11569171398878098,0.07213398814201355,0.7873063087463379,0.16430512070655823,0.18128082156181335,0.11929690092802048,0.26523104310035706,0.16502465307712555,0.18998338282108307,0.16511787474155426,0.05246153473854065,0.11217571049928665,0.039774924516677856,0.0026182483416050673,0.12022529542446136,0.023806007578969002,0.04720420017838478,0.03332735225558281,0.12473456561565399,0.12544211745262146,0.05118900537490845,0.0005851746536791325,0.28330734372138977,0.09045025706291199,0.4247727692127228,0.1470414251089096,0.09327790886163712,0.07505039870738983,0.2373865395784378,0.1341588944196701,0.3257199227809906,0.09870879352092743,0.5681986808776855,0.39516785740852356,0.2943660616874695,0.15473540127277374,0.19577856361865997,0.28213343024253845,0.13721852004528046,0.05626830458641052
AB144,0.0,0.0,0.166666667,0.0,0.111111111,0.055555556,0.0,0.0,0.0,0.0,0.0,0.0,0.0,0.777777778,0.0,0.111111111,0.0,0.0,0.111111111,0.666666667,0.277777778,0.0,0.055555556,0.555555556,0.388888889,0.166666667,1.333333333,0.5,1.111111111,0.333333333,0.166666667,0.277777778,0.333333333,0.0,0.111111111,0.5,0.0,0.0,0.277777778,0.888888889,0.0,0.0,0.166666667,0.555555556,0.0,0.0,0.0,0.0,0.0,0.0,0.0,0.2937488853931427,1.013834834098816,0.276846706867218,0.22967182099819183,0.22964920103549957,0.029239825904369354,0.13211223483085632,0.0966305136680603,0.3351966440677643,0.09633060544729233,0.13301993906497955,0.1143442764878273,0.08128923922777176,0.6184822916984558,0.10302846878767014,0.12911318242549896,0.09053447097539902,0.11298197507858276,0.0525558739900589,0.25076791644096375,0.27248963713645935,0.24554958939552307,0.22784459590911865,0.37100154161453247,0.07378048449754715,0.16346068680286407,0.8396075963973999,0.31843066215515137,0.6819710731506348,0.24902215600013733,0.25174856185913086,0.38326889276504517,0.190467968583107,0.14659370481967926,0.21779915690422058,0.33186793327331543,0.15599100291728973,0.09405116736888885,0.1543179601430893,1.1520949602127075,0.06595807522535324,0.10197349637746811,0.1476190984249115,0.12488009035587311,0.18173281848430634,0.2262127548456192,0.10135737806558609,0.24254414439201355,0.0909537598490715,0.11121754348278046,0.03214350342750549
AB223,0.555555556,0.333333333,0.722222222,0.166666667,0.0,0.944444444,1.611111111,0.722222222,0.666666667,0.944444444,0.5,0.611111111,0.0,0.111111111,0.0,0.0,0.5,0.5,0.5,0.0,0.0,0.0,0.0,0.0,0.0,0.0,0.277777778,0.0,0.0,0.111111111,0.0,0.0,0.0,0.0,0.0,0.0,0.0,0.0,0.0,0.0,0.0,0.111111111,0.0,0.222222222,0.5,0.0,0.222222222,0.166666667,0.0,0.0,0.0,0.46496856212615967,1.4738394021987915,0.48580455780029297,0.2695266902446747,0.55787193775177,0.41253170371055603,1.009231448173523,0.553476095199585,0.4284694194793701,0.5194082856178284,0.17366106808185577,0.1793299913406372,0.08255526423454285,0.6823228001594543,0.05615440383553505,0.1263999342918396,0.20230266451835632,0.24813081324100494,0.10090646147727966,0.17337296903133392,0.1930391788482666,0.09604653716087341,0.19322878122329712,0.06012677773833275,0.07496108114719391,0.14997036755084991,0.40173664689064026,0.07023435831069946,0.07988861203193665,0.1703672558069229,0.11669902503490448,0.09612900018692017,0.09763942658901215,0.10814160108566284,0.047414690256118774,0.22519469261169434,0.14201056957244873,0.05431273579597473,0.04981637001037598,0.12683197855949402,0.19969700276851654,0.27729663252830505,0.17074018716812134,0.21329867839813232,0.3743964433670044,0.24354752898216248,0.17328879237174988,0.2265247404575348,0.19900694489479065,0.1545661985874176,0.08484219759702682
AB281,0.0,0.0,0.0,2.333333333,0.166666667,0.166666667,0.333333333,0.666666667,0.277777778,0.0,0.0,0.0,0.277777778,2.333333333,0.555555556,0.611111111,0.0,0.388888889,0.0,0.0,0.777777778,0.0,0.222222222,0.222222222,0.277777778,0.666666667,0.5,0.666666667,0.388888889,0.055555556,0.0,0.0,0.0,0.0,0.0,0.111111111,0.0,0.0,0.0,0.0,0.0,0.0,0.0,0.0,0.833333333,0.111111111,0.0,0.0,0.0,0.055555556,0.0,0.28555828332901,0.05236409604549408,0.43025776743888855,1.3602521419525146,0.2184421569108963,0.1914052814245224,0.3217739462852478,0.3884577453136444,0.29627498984336853,0.09946068376302719,0.16025133430957794,0.08569084107875824,0.08536692708730698,1.152038335800171,0.3396276533603668,0.2676056921482086,0.17923998832702637,0.06890980899333954,0.0515863373875618,0.16049832105636597,0.23443575203418732,0.018442219123244286,0.17420251667499542,0.1207246407866478,0.22055089473724365,0.5342629551887512,0.20554667711257935,0.31491246819496155,0.17566870152950287,0.07122642546892166,0.11495468020439148,0.09275692701339722,0.0691600814461708,0.055839117616415024,0.06704732030630112,0.3365775942802429,0.1423046737909317,0.018362395465373993,0.02920851856470108,0.15509909391403198,0.13015510141849518,0.13904380798339844,0.03485267981886864,0.22181181609630585,0.506436288356781,0.197148859500885,0.1158095970749855,0.24785758554935455,0.1597011834383011,0.13469797372817993,0.07859504967927933
AB435,0.0,0.0,0.0,0.0,0.0,0.0,0.166666667,0.0,0.0,0.0,0.0,0.0,0.111111111,0.388888889,0.888888889,0.166666667,0.722222222,0.666666667,0.888888889,0.944444444,0.888888889,0.444444444,0.0,0.277777778,0.444444444,0.388888889,0.0,0.0,0.0,0.277777778,0.0,0.166666667,0.5,0.555555556,0.0,0.222222222,0.333333333,0.0,0.0,0.0,0.666666667,0.0,0.444444444,0.222222222,0.055555556,0.166666667,0.0,0.0,0.0,0.0,0.0,0.23137907683849335,0.0506710559129715,0.24481914937496185,0.23693741858005524,0.26683157682418823,0.07212197780609131,0.25905412435531616,0.33754298090934753,0.23859849572181702,0.07123710215091705,0.11456110328435898,0.09584300220012665,0.07773762941360474,0.7695304751396179,0.3243728280067444,0.24710966646671295,0.5773981809616089,0.264312744140625,0.26547831296920776,0.6139343976974487,0.4131556749343872,0.19420546293258667,0.448667049407959,0.2099601924419403,0.1663934588432312,0.46772369742393494,0.06254555284976959,0.20438814163208008,0.13451789319515228,0.15559424459934235,0.2310727834701538,0.3118760883808136,0.1327543556690216,0.4136011302471161,0.1720011681318283,0.40258345007896423,0.17663806676864624,0.10913532972335815,0.027291562408208847,0.22159169614315033,0.17402368783950806,0.1795644760131836,0.40347009897232056,0.11005976796150208,0.09048499912023544,0.23949290812015533,0.08671978861093521,0.26965272426605225,0.11635395884513855,0.13040243089199066,0.06233404204249382
AB764,0.055555556,0.0,0.222222222,3.944444444,0.777777778,0.777777778,0.444444444,0.555555556,0.0,0.0,0.055555556,0.055555556,0.0,1.388888889,0.0,0.444444444,0.0,0.0,0.0,0.055555556,0.0,0.055555556,0.0,0.0,0.0,0.0,0.0,0.0,0.0,0.0,0.0,0.0,0.0,0.0,0.0,0.666666667,0.0,0.0,0.0,0.0,0.0,0.166666667,0.0,0.0,1.111111111,0.0,0.0,0.0,0.055555556,0.111111111,0.0,0.3428201675415039,0.324612021446228,0.6149877905845642,1.32858145236969,0.42113158106803894,0.2719956636428833,0.3217526078224182,0.4019039571285248,0.41923412680625916,0.05236450582742691,0.1375792771577835,0.12663279473781586,0.0737626701593399,0.9258779883384705,0.09593653678894043,0.16631029546260834,0.19107763469219208,0.34284359216690063,0.28227362036705017,0.23533768951892853,0.23317645490169525,0.061538998037576675,0.12047853320837021,0.04561050236225128,0.008831603452563286,0.09000835567712784,0.017156118527054787,0.047668568789958954,0.03278304263949394,0.12679268419742584,0.11777128279209137,0.14775189757347107,0.005921505391597748,0.17140476405620575,0.052678659558296204,0.36257505416870117,0.14638939499855042,0.024471933022141457,0.02884693257510662,0.1705680638551712,0.18811582028865814,0.2809078097343445,0.032492052763700485,0.22900106012821198,0.3703155517578125,0.2002522498369217,0.09886159002780914,0.2197878211736679,0.197423055768013,0.12269748747348785,0.05207424983382225
AC214,0.148148148,0.148148148,0.185185185,0.0,0.296296296,0.111111111,0.074074074,0.0,0.111111111,0.074074074,0.222222222,0.148148148,0.148148148,0.296296296,0.148148148,0.037037037,0.0,0.148148148,0.111111111,0.37037037,0.407407407,0.296296296,0.259259259,0.185185185,0.0,0.0,0.074074074,0.037037037,0.074074074,0.407407407,0.37037037,0.333333333,0.037037037,0.481481481,0.185185185,0.555555556,0.407407407,0.0,0.333333333,0.111111111,0.185185185,0.0,0.740740741,0.0,0.0,0.0,0.0,0.0,0.0,0.0,0.0,0.33353105187416077,0.09935025870800018,0.3309950530529022,0.6942263841629028,0.1899770200252533,0.12249182164669037,0.42182475328445435,0.20965826511383057,0.49788403511047363,0.20693397521972656,0.18184822797775269,0.2478897124528885,0.06392557173967361,0.827578604221344,0.17159999907016754,0.2393726110458374,0.1326591819524765,0.12020973116159439,0.10984096676111221,0.22770605981349945,0.1959855705499649,0.05265820026397705,0.10868740826845169,0.056129731237888336,0.04797790199518204,0.13076603412628174,0.1944485753774643,0.08426264673471451,0.24349439144134521,0.34500962495803833,0.20320531725883484,0.13292275369167328,0.12255393713712692,0.14385026693344116,0.06262453645467758,0.46470677852630615,0.14269639551639557,0.07330235838890076,0.06342349946498871,0.23109184205532074,0.17997267842292786,0.21424457430839539,0.2137446254491806,0.33260390162467957,0.4540874660015106,0.2806962728500366,0.13358192145824432,0.33587929606437683,0.22510254383087158,0.14180240035057068,0.13399988412857056
AC329,0.111111111,0.0,0.0,0.222222222,0.0,0.037037037,0.037037037,0.407407407,0.0,0.0,0.0,0.0,0.0,2.333333333,1.333333333,1.740740741,0.333333333,0.666666667,0.259259259,0.259259259,0.074074074,0.0,0.185185185,0.185185185,0.222222222,0.222222222,0.444444444,0.074074074,0.0,0.0,0.037037037,0.037037037,0.0,0.0,0.037037037,0.037037037,0.0,0.0,0.0,0.0,0.074074074,0.333333333,0.111111111,0.185185185,0.222222222,0.0,0.0,0.148148148,0.074074074,0.296296296,0.0,0.23853592574596405,0.1357034593820572,0.423524409532547,0.7507736086845398,0.46396782994270325,0.3166387677192688,0.30254843831062317,0.2553617060184479,0.2517677843570709,0.18683841824531555,0.14039264619350433,0.09807810187339783,0.07759910076856613,1.1136990785598755,0.8864281177520752,0.6734154224395752,0.24668748676776886,0.32734864950180054,0.08264170587062836,0.28922799229621887,0.4100508987903595,0.05463072285056114,0.28884339332580566,0.0412973053753376,0.1527775377035141,0.0873103216290474,0.20570452511310577,0.061609070748090744,0.03850205987691879,0.08420655876398087,0.11283261328935623,0.04908301308751106,0.10703576356172562,0.16098487377166748,0.04683470353484154,0.4765113294124603,0.1550302356481552,0.03544725477695465,0.027390707284212112,0.08166736364364624,0.14172568917274475,0.2714657485485077,0.03519095107913017,0.5380889773368835,0.6526764035224915,0.21678704023361206,0.09342007339000702,0.23936232924461365,0.4062289893627167,0.13121110200881958,0.0659908577799797
AC497,0.392857143,0.035714286,0.857142857,0.5,0.571428571,0.75,0.464285714,0.464285714,0.0,0.0,0.0,0.0,0.107142857,0.285714286,0.0,0.035714286,0.071428571,0.0,0.0,0.035714286,0.0,0.0,0.0,0.0,0.0,0.0,0.0,0.0,0.0,0.035714286,0.0,0.0,0.0,0.107142857,0.0,0.464285714,0.107142857,0.0,0.0,0.0,0.0,0.142857143,0.0,1.714285714,0.928571429,0.285714286,0.285714286,0.0,0.107142857,0.214285714,0.178571429,0.34894922375679016,0.11966784298419952,0.3815707862377167,0.528347373008728,0.15474380552768707,0.24855895340442657,0.29436588287353516,0.26031121611595154,0.28698399662971497,0.16148501634597778,0.15807172656059265,0.13300099968910217,0.06401664018630981,0.8184975981712341,0.3344896733760834,0.3069612681865692,0.285599946975708,0.4090726375579834,0.2495807409286499,0.373648077249527,0.37564656138420105,0.22764866054058075,0.2775534689426422,0.15542811155319214,0.08983098715543747,0.15607517957687378,0.1530291736125946,0.12503385543823242,0.18211714923381805,0.2605624794960022,0.2834283411502838,0.16949202120304108,0.6772345900535583,0.2613625228404999,0.1277979016304016,0.5530140995979309,0.15126411616802216,0.18297940492630005,0.06329242140054703,0.2912918031215668,0.17882318794727325,0.14285430312156677,0.313195139169693,0.2262006253004074,0.25871288776397705,0.2847864031791687,0.14144417643547058,0.2494741976261139,0.12735965847969055,0.14389100670814514,0.10299070924520493
AD075,0.357142857,3.357142857,0.357142857,0.714285714,0.428571429,0.285714286,0.5,0.857142857,0.214285714,0.428571429,0.142857143,0.0,0.0,1.928571429,0.285714286,0.428571429,0.0,0.0,0.0,0.0,0.0,0.0,0.0,0.0,0.0,0.357142857,0.0,0.0,0.0,0.142857143,0.0,0.0,0.0,0.0,0.0,0.142857143,0.0,0.0,0.0,0.0,0.0,0.142857143,0.0,0.0,0.357142857,0.0,0.0,0.0,0.0,0.357142857,0.0,0.6143446564674377,2.285599708557129,0.5191110372543335,0.3836190104484558,0.352857768535614,0.16679956018924713,0.2632769048213959,0.2706473171710968,0.32010018825531006,0.09332452714443207,0.21470068395137787,0.0861046090722084,0.06266804784536362,0.8196384310722351,0.14028716087341309,0.3855285346508026,0.31976237893104553,0.1590457558631897,0.049939703196287155,0.2195890247821808,0.17644798755645752,0.03469575569033623,0.08255614340305328,0.03638310357928276,0.08727892488241196,0.13102445006370544,0.019026264548301697,0.026640724390745163,-0.002475618151947856,0.13537314534187317,0.06938940286636353,0.017258817330002785,-0.0057394839823246,0.09092159569263458,0.04249981790781021,0.20173294842243195,0.12966224551200867,0.026467660441994667,0.019475432112812996,0.04627174511551857,0.05684724450111389,0.13345448672771454,0.028294378891587257,0.14281271398067474,0.23893354833126068,0.18845494091510773,0.109197698533535,0.21128860116004944,0.19587306678295135,0.15703463554382324,0.029145430773496628
AD234,1.75,0.625,1.5625,0.0625,0.8125,0.5625,0.0,0.0,0.0,0.0,0.0,0.0,0.0,0.0,0.0,0.0,0.0,0.6875,0.0,0.25,0.125,0.25,0.4375,0.125,0.0,0.0,0.0,0.0,0.0,0.0,0.25,0.25,0.125,0.375,0.375,1.0,0.0,0.0,0.0,0.0,0.625,0.375,0.0,0.1875,0.375,0.25,0.0,0.0,0.3125,0.375,0.25,0.8344706296920776,0.6263850331306458,0.953403890132904,0.700812578201294,0.46651485562324524,0.42978623509407043,0.24331973493099213,0.1600702702999115,0.14341367781162262,0.06659406423568726,0.08714228123426437,0.07454285770654678,0.06130793318152428,0.4815575182437897,0.2262030839920044,0.149246484041214,0.1827390342950821,0.2805614173412323,0.06374615430831909,0.3173031508922577,0.2876735031604767,0.13051432371139526,0.18102340400218964,0.08435030281543732,0.012991341762244701,0.08199306577444077,0.023011233657598495,0.03222041204571724,-0.005610020365566015,0.1441746950149536,0.1743038296699524,0.041182149201631546,0.022665228694677353,0.22949062287807465,0.059047020971775055,0.4353744089603424,0.13404656946659088,0.08212888240814209,0.02256575971841812,0.04349532723426819,0.5189907550811768,0.2804860770702362,0.03588555380702019,0.34813377261161804,0.44180887937545776,0.18439657986164093,0.15016083419322968,0.1871054619550705,0.38122037053108215,0.12341225892305374,0.05578814819455147
AE061,0.142857143,0.071428571,0.464285714,0.607142857,0.321428571,0.321428571,0.071428571,0.0,0.0,0.0,0.0,0.0,0.0,0.035714286,0.035714286,0.035714286,0.071428571,0.357142857,0.142857143,0.071428571,0.0,0.0,0.0,0.0,0.0,0.0,0.0,0.0,0.0,0.071428571,0.142857143,0.0,0.0,1.321428571,0.0,0.928571429,0.5,0.0,0.0,0.035714286,1.035714286,0.392857143,0.285714286,1.714285714,1.214285714,1.142857143,0.714285714,0.642857143,0.5,0.321428571,0.607142857,0.36208343505859375,0.0723176822066307,0.4652317762374878,0.4440116882324219,0.3373374342918396,0.16605818271636963,0.14552894234657288,0.16930323839187622,0.06458558887243271,0.0867210179567337,0.08738332241773605,0.12476019561290741,0.061703573912382126,0.4937099814414978,0.13008691370487213,0.13405118882656097,0.11666987091302872,0.4582609236240387,0.32921740412712097,0.5183893442153931,0.5340240001678467,0.16661758720874786,0.20776879787445068,0.09361282736063004,0.03675844147801399,0.10722118616104126,0.11304217576980591,0.0970819965004921,0.06269495189189911,0.16841088235378265,0.19087693095207214,0.20267783105373383,0.2093324512243271,0.5641096830368042,0.0981869101524353,0.5705400705337524,0.24130618572235107,0.0531972199678421,0.048386022448539734,0.21585439145565033,0.3475421965122223,0.31701168417930603,0.13057322800159454,0.6868867874145508,0.49111542105674744,0.6636370420455933,0.4422968626022339,0.413469135761261,0.31455832719802856,0.13944169878959656,0.23981881141662598
AE099,0.074074074,0.0,0.333333333,1.962962963,0.111111111,0.148148148,0.111111111,0.148148148,0.0,0.074074074,0.0,0.148148148,0.0,0.666666667,0.148148148,0.222222222,0.111111111,0.037037037,0.0,0.0,0.111111111,0.0,0.074074074,0.0,0.074074074,0.148148148,0.111111111,0.074074074,0.0,0.0,0.0,0.0,0.0,0.0,0.0,0.0,0.296296296,0.148148148,0.0,0.0,0.185185185,0.37037037,0.074074074,0.518518519,1.666666667,1.777777778,0.444444444,1.703703704,0.592592593,0.111111111,0.111111111,0.4212386906147003,0.12384027242660522,0.36362382769584656,1.1293281316757202,0.12784744799137115,0.14573180675506592,0.24984069168567657,0.2364145666360855,0.41869595646858215,0.08703180402517319,0.20918314158916473,0.15291781723499298,0.07506879419088364,0.6999602913856506,0.26253971457481384,0.2780791223049164,0.3205430209636688,0.2313278317451477,0.19169223308563232,0.3754465878009796,0.3492642343044281,0.14535358548164368,0.21270489692687988,0.09467978030443192,0.09891770035028458,0.1621730625629425,0.11011303961277008,0.08045545965433121,0.06348932534456253,0.23921531438827515,0.1595669984817505,0.10853000730276108,0.7543287873268127,0.19731754064559937,0.13638454675674438,0.25033941864967346,0.21800099313259125,0.10885864496231079,0.03818159177899361,0.13481269776821136,0.22632279992103577,0.27949586510658264,0.14296717941761017,0.6769711375236511,0.6367573738098145,0.6423931121826172,0.3239354193210602,0.4727911949157715,0.3608047068119049,0.14748983085155487,0.10654100775718689
AE148,0.222222222,0.222222222,0.444444444,0.888888889,0.259259259,0.074074074,0.185185185,0.0,0.481481481,0.0,0.148148148,0.333333333,0.259259259,0.62962963,0.074074074,0.148148148,0.0,0.0,0.0,0.0,0.074074074,0.0,0.074074074,0.0,0.0,0.0,0.111111111,0.0,0.0,0.148148148,0.111111111,0.296296296,0.0,0.0,0.0,0.111111111,0.296296296,0.0,0.0,0.074074074,0.074074074,0.296296296,0.0,2.074074074,1.407407407,0.62962963,0.333333333,0.666666667,0.296296296,0.296296296,0.111111111,0.31273946166038513,0.09676575660705566,0.3753093183040619,0.474174439907074,0.28201597929000854,0.13382989168167114,0.2196335643529892,0.15525346994400024,0.4599308669567108,0.04204396530985832,0.19724780321121216,0.2079205960035324,0.07620827853679657,0.8731668591499329,0.1791754961013794,0.2035401612520218,0.22041763365268707,0.1269703060388565,0.04819563403725624,0.36200544238090515,0.465859979391098,0.016092216596007347,0.4382300078868866,0.03852475807070732,0.038204535841941833,0.12591418623924255,0.06776458024978638,0.1276049017906189,0.0660906583070755,0.11183955520391464,0.2367795705795288,0.0653017908334732,0.03423641622066498,0.05370774120092392,0.059637948870658875,0.46277478337287903,0.15154576301574707,0.016584305092692375,0.04012829437851906,0.0982484221458435,0.09913792461156845,0.14493338763713837,0.05947839841246605,1.0644971132278442,0.6750829815864563,0.23927061259746552,0.07255123555660248,0.37569987773895264,0.20583763718605042,0.10594984889030457,0.10491177439689636
AE153,0.071428571,0.0,0.642857143,2.321428571,0.178571429,0.25,0.178571429,0.035714286,0.428571429,0.0,0.25,0.0,0.0,0.928571429,0.142857143,0.428571429,0.178571429,0.25,0.107142857,0.0,0.071428571,0.0,0.0,0.0,0.0,0.0,0.107142857,0.0,0.0,0.071428571,0.178571429,0.0,0.0,0.0,0.0,0.107142857,0.214285714,0.0,0.0,0.0,0.321428571,0.535714286,0.0,0.964285714,1.214285714,1.0,0.392857143,1.357142857,0.607142857,0.214285714,0.071428571,0.25406503677368164,0.3816562294960022,0.3863512873649597,1.4945160150527954,0.28594714403152466,0.20133766531944275,0.23018470406532288,0.15289874374866486,0.3529091477394104,0.10169185698032379,0.12125680595636368,0.07689068466424942,0.07024119794368744,0.7462224364280701,0.250186949968338,0.24891877174377441,0.2637466788291931,0.16405212879180908,0.07391366362571716,0.4015466868877411,0.31824997067451477,0.08665625005960464,0.31379595398902893,0.11880934238433838,0.027111459523439407,0.1306169480085373,0.06034104898571968,0.06328558176755905,0.04798254370689392,0.1746043711900711,0.24605503678321838,0.19099803268909454,0.2176847755908966,0.08307085186243057,0.06784117966890335,0.29987654089927673,0.2378997653722763,0.059344515204429626,0.07667756825685501,0.30034253001213074,0.2626905143260956,0.2988271117210388,0.03345021232962608,0.5475804209709167,0.8469976186752319,0.6257978081703186,0.2381335347890854,0.4414706528186798,0.45596975088119507,0.13858643174171448,0.143929585814476
AE177,0.37037037,0.074074074,0.407407407,3.518518519,0.0,0.111111111,0.333333333,0.481481481,0.444444444,0.185185185,0.111111111,0.222222222,0.0,1.555555556,0.0,0.407407407,0.0,0.185185185,0.0,0.0,0.0,0.0,0.0,0.0,0.0,0.0,0.111111111,0.0,0.0,0.037037037,0.407407407,0.0,0.0,0.0,0.0,0.0,0.0,0.0,0.148148148,0.0,0.0,0.0,0.0,0.666666667,1.407407407,0.592592593,0.0,0.111111111,0.037037037,0.0,0.0,0.28348585963249207,0.06306900084018707,0.4784082770347595,1.4983516931533813,0.20089107751846313,0.19743125140666962,0.3607540726661682,0.27341437339782715,0.356168270111084,0.12518183887004852,0.15074564516544342,0.1586170792579651,0.07822155952453613,0.9596271514892578,0.16200527548789978,0.2616710960865021,0.1394374817609787,0.08476799726486206,0.04660822078585625,0.16357749700546265,0.14645709097385406,0.021210839971899986,0.09662613272666931,0.02954809181392193,0.0488811656832695,0.13314414024353027,0.07085035741329193,0.12195377796888351,0.0357666015625,0.13225266337394714,0.1624075025320053,0.07021704316139221,0.06246211752295494,0.038773734122514725,0.05269043147563934,0.2873415946960449,0.1592966765165329,0.021770240738987923,0.03481181338429451,0.09124942868947983,0.042228445410728455,0.12659160792827606,0.04884821176528931,0.5287925004959106,1.2221240997314453,0.27995413541793823,0.12083698064088821,0.3017667233943939,0.08957768231630325,0.1476469486951828,0.07641812413930893
AE967,0.214285714,0.0,0.464285714,0.0,0.25,0.25,0.535714286,0.035714286,0.678571429,0.428571429,0.5,0.107142857,0.178571429,0.071428571,0.071428571,0.0,0.0,0.0,0.0,0.285714286,0.0,0.0,0.0,0.0,0.0,0.0,0.0,0.035714286,0.035714286,0.285714286,0.75,0.285714286,1.178571429,0.142857143,0.0,0.392857143,0.678571429,0.142857143,0.0,0.321428571,0.357142857,0.25,0.0,0.142857143,0.321428571,0.535714286,0.25,0.357142857,0.214285714,0.357142857,0.642857143,0.39074593782424927,0.6448124051094055,0.4542963206768036,0.5162561535835266,0.20371770858764648,0.2461821287870407,0.48660701513290405,0.17208349704742432,0.3179060220718384,0.1109362468123436,0.24562415480613708,0.17844463884830475,0.08355499058961868,0.6919512152671814,0.07250971347093582,0.06919044256210327,0.09951376169919968,0.07934720814228058,0.10070224851369858,0.22786447405815125,0.23317517340183258,0.06422789394855499,0.11532826721668243,0.04241183400154114,0.009827605448663235,0.11216473579406738,0.01855522207915783,0.07286009192466736,0.04641501605510712,0.09784021973609924,0.16731145977973938,0.09270624071359634,0.2220137119293213,0.12901462614536285,0.15625284612178802,0.28188183903694153,0.14415216445922852,0.06171821430325508,0.04582029953598976,0.12186955660581589,0.08405312150716782,0.14573103189468384,0.06994429975748062,0.1664462834596634,0.6140891909599304,0.2562072277069092,0.1022530272603035,0.2554665505886078,0.142624631524086,0.10200466215610504,0.04706201329827309
AG139,0.733333333,0.066666667,0.4,0.133333333,0.166666667,0.033333333,0.0,0.066666667,0.133333333,0.0,0.0,0.0,0.0,0.7,0.3,0.133333333,0.066666667,0.366666667,0.2,0.766666667,0.933333333,0.0,1.6,0.033333333,0.0,0.1,0.2,0.133333333,0.033333333,0.166666667,0.0,0.0,0.0,0.633333333,0.133333333,0.666666667,0.433333333,0.0,0.0,0.133333333,0.133333333,0.1,0.133333333,0.0,0.033333333,0.233333333,0.0,0.2,0.133333333,0.1,0.066666667,0.40505632758140564,0.17887714505195618,0.401417076587677,0.3997028172016144,0.35263559222221375,0.13417503237724304,0.23369631171226501,0.15415765345096588,0.5068166255950928,0.07303723692893982,0.2144055962562561,0.12999986112117767,0.05589137598872185,0.7196634411811829,0.2941552400588989,0.2763536870479584,0.40019428730010986,0.1890457421541214,0.11195316910743713,0.6874522566795349,0.9100359678268433,0.26182126998901367,0.8361577391624451,0.13269869983196259,0.059653863310813904,0.14948303997516632,0.13714072108268738,0.12889118492603302,0.06024619936943054,0.1820276975631714,0.23324298858642578,0.09283475577831268,0.07668595761060715,0.2047509253025055,0.1432853639125824,0.5196717381477356,0.16025379300117493,0.03227375075221062,0.024602876976132393,0.09489145874977112,0.09866951406002045,0.1565731167793274,0.10856293141841888,0.24631060659885406,0.373823344707489,0.20163315534591675,0.08876479417085648,0.35164791345596313,0.21943619847297668,0.09765243530273438,0.07331329584121704
AG354,0.2,0.0,0.233333333,0.133333333,0.266666667,0.033333333,0.466666667,0.333333333,0.766666667,0.066666667,0.0,0.1,0.0,0.566666667,0.266666667,0.333333333,0.233333333,0.266666667,0.2,0.166666667,0.1,0.233333333,0.466666667,0.166666667,0.0,0.2,0.0,0.0,0.066666667,0.0,0.4,0.0,0.066666667,0.2,0.0,0.833333333,0.0,0.0,0.033333333,0.066666667,0.533333333,0.366666667,0.266666667,0.366666667,0.2,0.133333333,0.0,0.2,0.5,0.033333333,0.166666667,0.2992766201496124,0.05311456695199013,0.3141869306564331,0.1860211193561554,0.272742360830307,0.10633640736341476,0.48315665125846863,0.28484851121902466,0.8063367605209351,0.09845228493213654,0.21044276654720306,0.3877435624599457,0.08716379106044769,0.9492008090019226,0.28726962208747864,0.2921392619609833,0.2584208846092224,0.08992557972669601,0.05747276172041893,0.2184465378522873,0.23249173164367676,0.02073703147470951,0.2176009863615036,0.017429759725928307,0.052766963839530945,0.1875072568655014,0.15686261653900146,0.1218302994966507,0.3531477451324463,0.1510515809059143,0.2720256745815277,0.20880627632141113,0.05193725600838661,0.12652792036533356,0.07209574431180954,0.5834105610847473,0.19368651509284973,0.0834803357720375,0.08743500709533691,0.13089106976985931,0.18328094482421875,0.2587248980998993,0.08538778126239777,0.47518303990364075,0.32326868176460266,0.19645783305168152,0.06760946661233902,0.37278348207473755,0.2553110122680664,0.11442697793245316,0.13199841976165771
AG386,0.166666667,0.0,0.4,0.166666667,0.0,0.066666667,0.1,0.033333333,0.233333333,0.0,0.0,0.0,0.0,0.366666667,0.266666667,0.233333333,0.066666667,0.9,0.833333333,1.066666667,0.733333333,0.333333333,0.166666667,0.0,0.0,0.0,0.0,0.0,0.0,0.0,0.333333333,0.8,1.233333333,0.366666667,0.333333333,0.4,0.366666667,0.3,0.066666667,0.166666667,0.966666667,0.0,0.466666667,0.866666667,0.433333333,0.266666667,0.1,0.333333333,0.166666667,0.0,0.0,0.2520373463630676,0.05821309983730316,0.30826127529144287,0.0878404900431633,0.2541052997112274,0.11387085914611816,0.2366902232170105,0.19435903429985046,0.2356301099061966,0.04337843880057335,0.08874440938234329,0.12496045976877213,0.08263503015041351,0.5558732748031616,0.20354324579238892,0.12483973801136017,0.10630466789007187,0.23102273046970367,0.35054922103881836,0.6057213544845581,0.4548823833465576,0.21198289096355438,0.3455370366573334,0.09875409305095673,0.049516260623931885,0.1785159558057785,0.034926120191812515,0.26183176040649414,0.08861972391605377,0.18920232355594635,0.2584493160247803,0.46777352690696716,0.29346492886543274,0.415650337934494,0.14782746136188507,0.22479841113090515,0.1733083873987198,0.1679876297712326,0.052613429725170135,0.20711621642112732,0.19166310131549835,0.11301591247320175,0.46332335472106934,0.3342600166797638,0.18517090380191803,0.25947675108909607,0.09180297702550888,0.2527097165584564,0.10235960781574249,0.13805344700813293,0.0565122626721859
AG699,0.3,0.166666667,0.166666667,0.0,0.366666667,0.2,0.066666667,0.1,0.1,0.0,0.0,0.066666667,0.0,0.433333333,0.3,0.333333333,0.133333333,0.466666667,0.266666667,0.333333333,0.366666667,0.0,0.4,0.0,0.133333333,0.066666667,0.0,0.1,0.066666667,0.2,0.1,0.433333333,0.133333333,0.4,0.166666667,0.733333333,0.266666667,0.033333333,0.0,0.466666667,0.566666667,0.233333333,0.333333333,0.233333333,0.1,0.233333333,0.0,0.266666667,0.8,0.233333333,0.2,0.5143297910690308,0.09734927117824554,0.4227035939693451,0.20704862475395203,0.5354803204536438,0.13225369155406952,0.11513859778642654,0.15051871538162231,0.17140036821365356,0.07547865808010101,0.08421160280704498,0.08214661478996277,0.052747976034879684,0.5053443312644958,0.18806836009025574,0.1531076580286026,0.15122513473033905,0.24694932997226715,0.23230211436748505,0.5592992901802063,0.7472345232963562,0.07300917059183121,0.5293483734130859,0.1819320172071457,0.021913526579737663,0.11039667576551437,0.07574654370546341,0.06130849942564964,0.03368166834115982,0.2445313036441803,0.2692413330078125,0.20291908085346222,0.24574322998523712,0.5505199432373047,0.13345563411712646,0.7811610102653503,0.18481051921844482,0.05696212127804756,0.030830636620521545,0.20931701362133026,0.7633103728294373,0.3025853931903839,0.2334827482700348,0.13881482183933258,0.17222177982330322,0.2516483962535858,0.2760007381439209,0.27499493956565857,0.44730082154273987,0.13086281716823578,0.22883087396621704
AG732,0.233333333,0.033333333,0.166666667,0.033333333,0.3,0.0,0.033333333,0.0,0.0,0.0,0.0,0.0,0.0,0.266666667,0.5,0.366666667,0.066666667,0.433333333,0.3,0.633333333,0.966666667,0.0,1.266666667,0.066666667,0.0,0.0,0.166666667,0.033333333,0.066666667,0.066666667,0.0,0.033333333,0.0,0.466666667,0.3,0.766666667,0.166666667,0.033333333,0.0,0.066666667,0.0,0.066666667,0.0,0.066666667,0.0,0.066666667,0.0,0.133333333,0.0,0.0,0.066666667,0.4082898497581482,0.4760753810405731,0.44983842968940735,0.208171546459198,0.5024734139442444,0.2265242040157318,0.24136020243167877,0.1842215657234192,0.3740306794643402,0.06765156239271164,0.14760151505470276,0.04593930020928383,0.05374910309910774,0.6832687258720398,0.3042736351490021,0.2661074995994568,0.20839914679527283,0.1956249326467514,0.12669554352760315,0.6887478232383728,0.9981043338775635,0.24424482882022858,0.821149468421936,0.12957923114299774,0.07377144694328308,0.1163780465722084,0.08909466117620468,0.13830193877220154,0.046496596187353134,0.15734060108661652,0.17934739589691162,0.04747270047664642,0.07462288439273834,0.36587730050086975,0.12447405606508255,0.47816023230552673,0.16350418329238892,0.057573214173316956,0.021777503192424774,0.0787762850522995,0.11954338848590851,0.20339982211589813,0.08655895292758942,0.22361114621162415,0.2726653814315796,0.23276253044605255,0.08795204013586044,0.3120735287666321,0.17375902831554413,0.11342675983905792,0.0677173063158989
AG810,0.433333333,0.033333333,0.466666667,0.3,0.133333333,0.466666667,0.033333333,0.166666667,0.733333333,0.0,0.133333333,0.066666667,0.0,0.4,0.033333333,0.2,0.0,0.0,0.0,0.0,0.0,0.0,0.0,0.0,0.0,0.0,0.0,0.0,0.166666667,0.066666667,0.166666667,0.1,0.033333333,0.0,0.0,0.5,0.2,0.0,0.033333333,0.1,0.133333333,0.1,0.0,2.766666667,1.066666667,0.266666667,0.0,0.533333333,0.133333333,0.066666667,0.4,0.31229743361473083,0.16582025587558746,0.3349667191505432,0.42996108531951904,0.2287977784872055,0.14575885236263275,0.28606560826301575,0.16705113649368286,0.6619380712509155,0.17750631272792816,0.23335956037044525,0.3664191961288452,0.08439768850803375,0.9889823198318481,0.43127140402793884,0.3862830698490143,0.1325933188199997,0.10249999165534973,0.048332951962947845,0.1768406629562378,0.221732959151268,0.045517951250076294,0.24019405245780945,0.0500054694712162,0.09779632091522217,0.1602991372346878,0.4257592260837555,0.2867673635482788,0.40689942240715027,0.27154794335365295,0.21942389011383057,0.1767631322145462,0.06379549205303192,0.05024733394384384,0.06471459567546844,0.37976017594337463,0.14625386893749237,0.04149699956178665,0.08756943792104721,0.1505478024482727,0.1271645575761795,0.19538240134716034,0.06528301537036896,0.7360256314277649,0.7584149241447449,0.2924419343471527,0.13964921236038208,0.323455274105072,0.24219579994678497,0.12768718600273132,0.07263398915529251
AH445,0.433333333,0.066666667,0.2,0.0,0.2,0.0,0.166666667,0.0,0.266666667,0.0,0.0,0.0,0.0,0.2,0.066666667,0.066666667,0.0,0.0,0.0,0.133333333,0.0,0.2,0.066666667,0.066666667,0.0,0.0,1.566666667,0.166666667,1.233333333,1.2,0.466666667,0.766666667,0.233333333,0.266666667,0.433333333,0.666666667,0.0,0.2,0.466666667,2.366666667,0.0,0.0,0.066666667,0.0,0.033333333,0.066666667,0.0,0.0,0.0,0.0,0.0,0.4934442639350891,0.14376477897167206,0.2599569261074066,0.0928603783249855,0.2109113335609436,0.075213223695755,0.3826048672199249,0.21845859289169312,0.8273103833198547,0.2251414805650711,0.42514166235923767,0.3803882598876953,0.09045524895191193,1.1882336139678955,0.5181862711906433,0.6305245161056519,0.1968352049589157,0.09880634397268295,0.05908042937517166,0.203848198056221,0.19991211593151093,0.09333865344524384,0.18550890684127808,0.10230211913585663,0.14226765930652618,0.26348885893821716,0.7314514517784119,0.22968152165412903,0.8728370666503906,0.4055980443954468,0.3363068401813507,0.1862614005804062,0.2261434644460678,0.1636291891336441,0.07860985398292542,0.41601064801216125,0.1494065374135971,0.09589170664548874,0.461564302444458,0.710752010345459,0.1097303107380867,0.09016502648591995,0.0940384715795517,0.1275772601366043,0.12864239513874054,0.25827261805534363,0.06812241673469543,0.2729279100894928,0.11755862832069397,0.13324639201164246,0.07264935970306396
AH588,0.533333333,2.6,0.633333333,0.233333333,0.233333333,0.133333333,0.4,0.3,0.833333333,0.366666667,0.5,0.1,0.133333333,1.033333333,0.133333333,0.266666667,0.1,0.2,0.0,0.0,0.0,0.0,0.0,0.0,0.0,0.0,0.0,0.0,0.066666667,0.0,0.0,0.0,0.0,0.166666667,0.133333333,0.3,0.0,0.0,0.0,0.0,0.166666667,0.033333333,0.0,0.266666667,0.5,0.0,0.0,0.0,0.233333333,0.4,0.1,0.73814857006073,2.0567336082458496,0.4302389919757843,0.32477709650993347,0.3015621304512024,0.15134602785110474,0.37736842036247253,0.22621656954288483,0.6239644289016724,0.14942388236522675,0.17945519089698792,0.17431747913360596,0.0705815926194191,0.8480527997016907,0.11608961969614029,0.12644387781620026,0.1172993928194046,0.06278310716152191,0.05132490396499634,0.12128140032291412,0.1399526298046112,0.020071765407919884,0.08205565065145493,0.021202217787504196,0.00663354666903615,0.17184972763061523,0.027415530756115913,0.03894426301121712,0.031188473105430603,0.15699777007102966,0.0814288854598999,0.11005057394504547,0.0291645135730505,0.11360879987478256,0.05919430032372475,0.1969223916530609,0.16606108844280243,0.032213907688856125,0.024480106309056282,0.03552040457725525,0.12491127848625183,0.13363289833068848,0.0232488214969635,0.33579057455062866,0.3620806336402893,0.15631334483623505,0.08740513026714325,0.22967469692230225,0.1820308268070221,0.17508462071418762,0.11235599219799042
AH674,0.1,0.0,0.1,0.0,0.1,0.0,0.133333333,0.0,0.166666667,0.1,0.033333333,0.1,0.1,0.5,0.0,0.233333333,0.0,0.066666667,0.0,0.0,0.0,0.333333333,0.166666667,0.0,0.066666667,0.0,1.0,0.366666667,1.4,0.8,0.533333333,0.366666667,0.133333333,0.233333333,0.166666667,0.8,0.233333333,0.266666667,0.6,2.433333333,0.166666667,0.066666667,0.0,0.0,0.0,0.266666667,0.0,0.033333333,0.0,0.0,0.0,0.3117270767688751,0.0856962576508522,0.2998097836971283,0.18454337120056152,0.31604671478271484,0.04519239440560341,0.2171710878610611,0.13286060094833374,0.4472261965274811,0.20358906686306,0.1677342653274536,0.18625031411647797,0.08172651380300522,0.7670945525169373,0.22189967334270477,0.3250192701816559,0.12872716784477234,0.09527617692947388,0.06558265537023544,0.232563778758049,0.2897217571735382,0.07983602583408356,0.25677862763404846,0.22174568474292755,0.09767933189868927,0.30798134207725525,0.8032951354980469,0.3314756155014038,1.5828232765197754,0.6040201783180237,0.419760137796402,0.28362929821014404,0.2957574129104614,0.19024862349033356,0.22068095207214355,0.44933149218559265,0.1427261382341385,0.06722774356603622,0.2136913537979126,1.2846866846084595,0.19213181734085083,0.06220453977584839,0.17433124780654907,0.13740481436252594,0.11120469868183136,0.24877041578292847,0.06486260890960693,0.23266635835170746,0.1269722282886505,0.12022789567708969,0.06598401814699173
AI570,0.142857143,0.0,0.321428571,0.0,0.642857143,0.0,0.285714286,0.071428571,0.321428571,0.0,0.035714286,0.0,0.0,0.357142857,0.0,0.0,0.107142857,0.214285714,0.107142857,0.428571429,0.714285714,0.392857143,0.607142857,0.357142857,0.0,0.0,0.392857143,0.285714286,0.25,0.464285714,0.571428571,0.071428571,0.178571429,0.357142857,0.0,0.607142857,0.25,0.0,0.107142857,0.464285714,0.142857143,0.321428571,0.571428571,0.071428571,0.035714286,0.464285714,0.035714286,0.392857143,0.142857143,0.0,0.178571429,0.33865660429000854,0.21930627524852753,0.44726234674453735,0.23735317587852478,0.2557391822338104,0.04641270637512207,0.22944818437099457,0.1956382840871811,0.8671373724937439,0.2699035108089447,0.24174317717552185,0.3016078472137451,0.09510840475559235,0.7867653965950012,0.16191793978214264,0.12306299060583115,0.1346796154975891,0.10162491351366043,0.060573428869247437,0.24587219953536987,0.3142251670360565,0.13448527455329895,0.2207944244146347,0.2069612443447113,0.05925491824746132,0.20295953750610352,0.32084915041923523,0.15481352806091309,0.46269112825393677,0.3833198845386505,0.3398897349834442,0.17457661032676697,0.15548959374427795,0.19243742525577545,0.09271486103534698,0.4114370346069336,0.18407177925109863,0.07102590799331665,0.311661958694458,0.36804041266441345,0.18150727450847626,0.2748464345932007,0.20266246795654297,0.23685497045516968,0.18284571170806885,0.39575642347335815,0.1689639389514923,0.3742367625236511,0.19656768441200256,0.15793241560459137,0.104129858314991
AI851,0.0,0.0,0.24137931,0.206896552,0.103448276,0.0,0.517241379,0.206896552,2.137931034,0.103448276,0.965517241,0.551724138,0.103448276,1.275862069,0.068965517,0.206896552,0.103448276,0.0,0.0,0.0,0.24137931,0.0,0.0,0.0,0.103448276,0.0,0.0,0.0,0.0,0.068965517,0.551724138,0.137931034,0.0,0.0,0.103448276,0.448275862,0.0,0.0,0.0,0.068965517,0.034482759,0.0,0.068965517,0.379310345,0.172413793,0.103448276,0.0,0.137931034,0.137931034,0.0,0.034482759,0.36011987924575806,0.10968010127544403,0.41946443915367126,0.2738129794597626,0.2536742687225342,0.10580126941204071,0.3319547772407532,0.2266922891139984,1.0994020700454712,0.12718400359153748,0.36394813656806946,0.5627874732017517,0.08137071877717972,0.9422255158424377,0.31688928604125977,0.24943457543849945,0.16507551074028015,0.09969381242990494,0.04685889557003975,0.4078407287597656,0.4019981324672699,0.0713208019733429,0.42490705847740173,0.046961233019828796,0.06039182096719742,0.15781721472740173,0.32146155834198,0.13138753175735474,0.3502625823020935,0.35302287340164185,0.34797370433807373,0.17968632280826569,0.08215653896331787,0.10854737460613251,0.06839638203382492,0.34494495391845703,0.14811834692955017,0.03846888244152069,0.06311940401792526,0.532284140586853,0.11092143505811691,0.1581655591726303,0.1013837605714798,0.19263319671154022,0.1994621306657791,0.1872691661119461,0.15725326538085938,0.2735934257507324,0.23561525344848633,0.13418009877204895,0.08298368006944656
AJ119,0.066666667,0.0,0.366666667,0.166666667,0.6,0.233333333,0.166666667,0.266666667,0.633333333,0.1,0.166666667,0.0,0.0,1.4,0.366666667,0.733333333,0.633333333,0.866666667,0.233333333,0.633333333,0.2,1.233333333,0.366666667,0.7,0.166666667,0.3,0.233333333,0.1,0.066666667,0.3,0.233333333,0.066666667,0.0,0.0,0.0,0.2,0.0,0.0,0.0,0.1,0.0,0.2,0.0,0.1,0.166666667,0.066666667,0.0,0.466666667,0.166666667,0.333333333,0.066666667,0.2761134207248688,0.07413171231746674,0.5610294938087463,0.18632864952087402,0.3593446612358093,0.09007866680622101,0.22569341957569122,0.2731824517250061,0.932735800743103,0.08878006041049957,0.18586885929107666,0.19741663336753845,0.06758643686771393,1.2371665239334106,0.3022758960723877,0.3127317726612091,0.2594391405582428,0.16867278516292572,0.05354040116071701,0.2536999583244324,0.2501195967197418,0.18366724252700806,0.18294869363307953,0.13472704589366913,0.04032694920897484,0.15314428508281708,0.16217336058616638,0.07258965820074081,0.24080011248588562,0.4159165918827057,0.351526141166687,0.16351692378520966,0.22676599025726318,0.1338149905204773,0.07229921221733093,0.6327131986618042,0.1489243060350418,0.07777144014835358,0.05686977133154869,0.33657318353652954,0.19312132894992828,0.1646307408809662,0.12687672674655914,0.2623994052410126,0.18363694846630096,0.3192417025566101,0.13617947697639465,0.24826329946517944,0.18743836879730225,0.1476951539516449,0.12400658428668976
AJ191,0.24137931,0.0,0.310344828,0.0,0.0,0.0,0.0,0.0,0.172413793,0.0,0.0,0.0,0.0,0.24137931,0.137931034,0.137931034,0.103448276,0.206896552,0.137931034,0.413793103,0.137931034,0.896551724,0.172413793,0.620689655,0.0,0.0,0.448275862,0.275862069,1.896551724,0.275862069,0.310344828,1.068965517,0.965517241,0.137931034,0.379310345,0.172413793,0.0,0.448275862,0.068965517,1.448275862,0.0,0.034482759,0.379310345,0.0,0.0,0.034482759,0.0,0.0,0.0,0.0,0.068965517,0.4458504021167755,0.071419857442379,0.4622916579246521,0.11855217814445496,0.24822460114955902,0.0780562162399292,0.29417112469673157,0.1568828970193863,0.7634103894233704,0.08733390271663666,0.1483127325773239,0.10209569334983826,0.05926801264286041,1.0676372051239014,0.23096784949302673,0.21180957555770874,0.1881941854953766,0.07536435127258301,0.04335329309105873,0.26216933131217957,0.27273279428482056,0.2814081013202667,0.2030649036169052,0.28541356325149536,0.07639753818511963,0.1811201572418213,0.1351487934589386,0.061459824442863464,0.19781608879566193,0.519074022769928,0.2882522940635681,0.32209908962249756,0.20195241272449493,0.16067510843276978,0.09916678816080093,0.4892982542514801,0.1506517082452774,0.06081930175423622,0.025297947227954865,0.26731744408607483,0.10990499705076218,0.10098765790462494,0.10405659675598145,0.1526656299829483,0.23969309031963348,0.36344847083091736,0.15057195723056793,0.30517488718032837,0.21651506423950195,0.17970819771289825,0.21708767116069794
AJ244,0.172413793,0.0,0.344827586,0.275862069,0.413793103,0.034482759,0.827586207,0.24137931,1.310344828,0.068965517,0.517241379,0.517241379,0.103448276,1.965517241,0.482758621,0.24137931,1.103448276,0.137931034,0.0,0.172413793,0.172413793,0.0,0.310344828,0.137931034,0.137931034,0.172413793,0.0,0.0,0.0,0.172413793,0.24137931,0.0,0.0,0.068965517,0.0,0.517241379,0.0,0.0,0.0,0.137931034,0.310344828,0.137931034,0.034482759,0.551724138,0.103448276,0.034482759,0.0,0.0,0.103448276,0.103448276,0.0,0.5340856909751892,0.44083741307258606,0.4596172571182251,0.29013291001319885,0.38645949959754944,0.15052811801433563,0.405729204416275,0.26367247104644775,1.1443437337875366,0.27849307656288147,0.23847642540931702,0.31065547466278076,0.0762292742729187,1.2398780584335327,0.336492121219635,0.30934199690818787,0.32185089588165283,0.19723251461982727,0.23627567291259766,0.3931879699230194,0.496816486120224,0.2988394796848297,0.2834508717060089,0.18271560966968536,0.07312719523906708,0.20145832002162933,0.08795250207185745,0.06842426210641861,0.17449070513248444,0.5093091130256653,0.374255895614624,0.2236214280128479,0.2894509732723236,0.21598927676677704,0.10915949940681458,0.5243274569511414,0.15921425819396973,0.19723975658416748,0.07963376492261887,0.34555545449256897,0.2642875015735626,0.20546507835388184,0.14291420578956604,0.3395717442035675,0.289775550365448,0.4497980773448944,0.1624094843864441,0.27455583214759827,0.3731580972671509,0.16148068010807037,0.17623010277748108
AJ261,0.166666667,0.0,0.7,0.466666667,0.033333333,0.133333333,0.466666667,0.133333333,1.033333333,0.1,0.233333333,0.366666667,0.1,1.266666667,0.133333333,0.2,0.4,0.066666667,0.0,0.266666667,0.366666667,0.1,0.5,0.266666667,0.1,0.2,0.0,0.0,0.433333333,0.233333333,0.3,0.1,0.0,0.0,0.0,0.566666667,0.0,0.033333333,0.0,0.0,0.0,0.133333333,0.0,0.733333333,0.466666667,0.266666667,0.0,0.233333333,0.466666667,0.0,0.133333333,0.40846920013427734,0.4607886075973511,0.6328015923500061,0.4542997479438782,0.4892648756504059,0.1663960963487625,0.43643495440483093,0.18854963779449463,0.8396958708763123,0.202559694647789,0.23407068848609924,0.304141104221344,0.06800160557031631,0.8024917840957642,0.2830699682235718,0.3241797387599945,0.2542257308959961,0.1804189831018448,0.09781940281391144,0.544334888458252,0.9095430374145508,0.252372145652771,0.5499410629272461,0.15971620380878448,0.03935995325446129,0.21673022210597992,0.3286541998386383,0.08429202437400818,0.31476056575775146,0.3574362099170685,0.33380046486854553,0.19826635718345642,0.38599708676338196,0.26483821868896484,0.12795987725257874,0.6770191192626953,0.16988688707351685,0.1071854755282402,0.18345734477043152,0.49457037448883057,0.23868685960769653,0.14904701709747314,0.14252954721450806,0.17338894307613373,0.13977251946926117,0.30248528718948364,0.215725377202034,0.294694185256958,0.2475048005580902,0.13484792411327362,0.13251255452632904
AJ413,0.24137931,0.0,0.137931034,0.068965517,0.137931034,0.0,0.137931034,0.172413793,0.862068966,0.172413793,0.448275862,0.448275862,0.24137931,1.586206897,0.482758621,0.24137931,0.310344828,0.655172414,1.103448276,1.068965517,0.448275862,0.24137931,0.206896552,0.068965517,0.103448276,0.0,0.0,0.068965517,0.0,0.206896552,0.137931034,0.068965517,0.034482759,0.0,0.0,0.310344828,0.137931034,0.103448276,0.0,0.034482759,0.586206897,0.24137931,0.137931034,0.206896552,0.172413793,0.448275862,0.0,0.103448276,0.068965517,0.068965517,0.068965517,0.32325175404548645,0.07739230245351791,0.34043967723846436,0.2722336947917938,0.24905240535736084,0.1320362687110901,0.2728712260723114,0.19181151688098907,0.5798900723457336,0.057518016546964645,0.14685019850730896,0.15685804188251495,0.05758781358599663,1.1334645748138428,0.40587911009788513,0.3014135956764221,0.32846805453300476,0.1561989188194275,0.19173084199428558,0.30310747027397156,0.26136666536331177,0.05034496262669563,0.12593486905097961,0.0565592497587204,0.012758852913975716,0.1356036216020584,0.010963793843984604,0.030184218659996986,0.029493113979697227,0.12544532120227814,0.18859398365020752,0.04402538016438484,0.17169718444347382,0.2084670066833496,0.0490572415292263,0.34539347887039185,0.14900322258472443,0.042462289333343506,0.02464289590716362,0.06530673801898956,0.14453113079071045,0.09012472629547119,0.035398855805397034,0.23089911043643951,0.1890445202589035,0.18996009230613708,0.04979618638753891,0.23177772760391235,0.12793320417404175,0.13482911884784698,0.05723916366696358
AJ639,0.666666667,0.433333333,0.166666667,0.0,0.0,0.033333333,0.9,0.233333333,2.633333333,0.533333333,1.766666667,0.566666667,0.433333333,2.0,0.133333333,0.233333333,0.1,0.066666667,0.0,0.0,0.0,0.0,0.1,0.0,0.0,0.166666667,0.0,0.0,0.0,0.1,0.066666667,0.0,0.0,0.0,0.0,0.0,0.0,0.0,0.0,0.0,0.066666667,0.0,0.0,0.0,0.133333333,0.2,0.066666667,0.0,0.1,0.4,0.166666667,0.4937755763530731,0.18973366916179657,0.42428797483444214,0.1555946320295334,0.3378177583217621,0.11894018203020096,0.41419288516044617,0.17049254477024078,0.7469067573547363,0.12151464819908142,0.2824198603630066,0.22912821173667908,0.06511957198381424,0.8642878532409668,0.12266860157251358,0.13496720790863037,0.21186864376068115,0.09873048216104507,0.06096124276518822,0.1606295257806778,0.2244843691587448,0.028464943170547485,0.2005298137664795,0.05449666827917099,0.01382844615727663,0.15324020385742188,0.08401475101709366,0.07101862877607346,0.09181105345487595,0.26437216997146606,0.1764095425605774,0.0503225177526474,0.03195750340819359,0.16555935144424438,0.0638791024684906,0.45385074615478516,0.15235145390033722,0.03365343064069748,0.03268367424607277,0.05374138057231903,0.11289102584123611,0.17155759036540985,0.03474658727645874,0.15583430230617523,0.21065297722816467,0.1900484412908554,0.10708454996347427,0.24388979375362396,0.2598499655723572,0.1396382451057434,0.09039229899644852
AJ657,0.862068966,0.413793103,0.413793103,0.0,0.24137931,0.068965517,0.517241379,0.034482759,1.068965517,0.24137931,0.0,0.275862069,0.068965517,0.965517241,0.413793103,0.24137931,0.24137931,0.0,0.103448276,0.068965517,0.24137931,0.0,0.965517241,0.586206897,0.206896552,0.793103448,0.0,0.0,0.0,0.24137931,0.0,0.0,0.0,0.137931034,0.24137931,0.448275862,0.0,0.0,0.0,0.034482759,0.206896552,0.482758621,0.0,0.206896552,0.586206897,0.24137931,0.0,0.172413793,0.413793103,0.068965517,0.310344828,0.3798006474971771,0.2560286223888397,0.28110620379447937,0.023365098983049393,0.24532818794250488,0.03734270855784416,0.22341129183769226,0.14759156107902527,0.7545471787452698,0.16903428733348846,0.13216030597686768,0.061400558799505234,0.05678941309452057,0.7277860045433044,0.13600046932697296,0.14759179949760437,0.14682798087596893,0.07726268470287323,0.05423307791352272,0.32977554202079773,0.34936240315437317,0.3916391134262085,0.3169804811477661,0.3434096872806549,0.03730263188481331,0.25850141048431396,0.31921589374542236,0.10271871089935303,0.32217973470687866,0.5633552670478821,0.22588945925235748,0.5389028191566467,0.2179740071296692,0.22220522165298462,0.0831151232123375,0.4683004319667816,0.14424534142017365,0.22890500724315643,0.04218339920043945,0.34392720460891724,0.07330399006605148,0.1585632860660553,0.1154560074210167,0.11440631002187729,0.11188236624002457,0.20743854343891144,0.10856106132268906,0.25672829151153564,0.14996929466724396,0.13606227934360504,0.09562206268310547
AJ733,0.344827586,0.0,0.344827586,0.551724138,0.137931034,0.068965517,0.068965517,0.103448276,0.586206897,0.0,0.0,0.137931034,0.0,0.965517241,0.137931034,0.068965517,0.379310345,0.034482759,0.379310345,0.137931034,0.310344828,0.103448276,0.0,0.0,0.0,0.137931034,0.0,0.068965517,0.0,0.413793103,0.137931034,0.034482759,0.24137931,0.310344828,0.068965517,1.103448276,0.24137931,0.137931034,0.0,0.068965517,0.655172414,0.24137931,0.034482759,0.827586207,0.448275862,0.172413793,0.310344828,0.172413793,0.24137931,0.24137931,0.103448276,0.4672478437423706,0.6112834811210632,0.49154314398765564,0.1507670134305954,0.29324638843536377,0.14541767537593842,0.4103352427482605,0.1791408360004425,0.6441519856452942,0.15599170327186584,0.21799790859222412,0.21962541341781616,0.06007208675146103,0.6012418270111084,0.19340744614601135,0.17024023830890656,0.24390995502471924,0.07616309821605682,0.05403520166873932,0.24178139865398407,0.3351137340068817,0.11678770929574966,0.25307369232177734,0.09263420850038528,0.030129756778478622,0.1782725602388382,0.08145498484373093,0.05284856632351875,0.07426606863737106,0.2283410280942917,0.21793101727962494,0.13034752011299133,0.1533684879541397,0.13357578217983246,0.054344259202480316,0.3411028981208801,0.18980717658996582,0.053318604826927185,0.0398324690759182,0.08567040413618088,0.14395734667778015,0.20032714307308197,0.06052366644144058,0.22160936892032623,0.2371906042098999,0.176072359085083,0.11533066630363464,0.24399076402187347,0.27122899889945984,0.15083378553390503,0.0608026348054409
AJ968,0.3,0.1,0.466666667,0.066666667,0.2,0.066666667,1.0,0.166666667,1.2,0.5,0.366666667,0.533333333,0.133333333,1.133333333,0.133333333,0.133333333,0.0,0.0,0.0,0.0,0.066666667,0.0,0.1,0.0,0.066666667,0.233333333,0.0,0.0,0.133333333,0.3,0.2,0.166666667,0.0,0.033333333,0.0,0.3,0.566666667,0.8,0.266666667,0.733333333,0.0,0.133333333,0.0,0.366666667,0.233333333,0.0,0.0,0.0,0.133333333,0.4,0.1,0.503800630569458,0.3864820599555969,0.43023762106895447,0.312267005443573,0.310113787651062,0.15105938911437988,0.505605161190033,0.2898581624031067,0.7891404628753662,0.11349556595087051,0.15872643887996674,0.30533063411712646,0.08585676550865173,0.916925847530365,0.388505220413208,0.4121328294277191,0.3975433111190796,0.10631884634494781,0.16238468885421753,0.39500054717063904,0.5734823346138,0.0589035339653492,0.3411075472831726,0.08604039251804352,0.08959734439849854,0.20246821641921997,0.09228242933750153,0.10168066620826721,0.08358750492334366,0.25149744749069214,0.1427660584449768,0.08434981107711792,0.37170225381851196,0.13610298931598663,0.07098656892776489,0.6361895799636841,0.19668377935886383,0.1741286665201187,0.042539019137620926,0.17152564227581024,0.30245518684387207,0.22313129901885986,0.08970284461975098,0.4736138880252838,0.3733077049255371,0.3441001772880554,0.1462281346321106,0.45684486627578735,0.2764027416706085,0.14860036969184875,0.13112446665763855
AJ977,0.379310345,0.0,0.448275862,0.068965517,0.689655172,0.172413793,0.517241379,0.413793103,1.068965517,0.0,0.137931034,0.103448276,0.0,1.310344828,0.551724138,0.24137931,0.413793103,0.75862069,0.689655172,0.137931034,0.137931034,0.275862069,0.275862069,0.103448276,0.0,0.206896552,0.0,0.068965517,0.0,0.413793103,0.24137931,0.0,0.0,0.137931034,0.0,0.793103448,0.103448276,0.0,0.0,0.0,0.275862069,0.344827586,0.103448276,0.586206897,0.137931034,0.206896552,0.068965517,0.206896552,0.24137931,0.344827586,0.0,0.38598868250846863,0.06312341243028641,0.3953704237937927,0.1717662364244461,0.27165687084198,0.1381692737340927,0.26606857776641846,0.2129918783903122,0.4360542595386505,0.23604066669940948,0.1296708732843399,0.10785263031721115,0.06482993066310883,1.268699288368225,0.4312303960323334,0.2926044762134552,0.2508656978607178,0.17693199217319489,0.15039075911045074,0.25928786396980286,0.28575509786605835,0.11690012365579605,0.17202048003673553,0.08078787475824356,0.05011047050356865,0.15077632665634155,0.08371637761592865,0.07178732752799988,0.09325088560581207,0.2591817080974579,0.15237267315387726,0.1021856814622879,0.15688998997211456,0.16123342514038086,0.05106960982084274,0.48254188895225525,0.14641442894935608,0.02131296694278717,0.023582855239510536,0.0512525774538517,0.19853238761425018,0.08637065440416336,0.033063944429159164,0.18675410747528076,0.22971229255199432,0.24612751603126526,0.06773047894239426,0.23452958464622498,0.23267482221126556,0.12646940350532532,0.09475642442703247
AJ990,0.2,0.0,0.166666667,0.0,0.433333333,0.0,0.4,0.166666667,0.933333333,0.1,0.266666667,0.566666667,0.133333333,1.033333333,0.233333333,0.166666667,0.166666667,0.2,0.666666667,0.833333333,0.8,0.366666667,0.666666667,0.166666667,0.0,0.166666667,0.0,0.066666667,0.1,0.266666667,0.133333333,0.666666667,0.566666667,0.1,0.0,0.333333333,0.233333333,0.0,0.0,0.0,0.566666667,0.2,0.166666667,0.466666667,0.133333333,0.166666667,0.133333333,0.3,0.0,0.1,0.066666667,0.41782981157302856,0.08034759014844894,0.3983497619628906,0.16613003611564636,0.27967849373817444,0.14607277512550354,0.27332839369773865,0.19492501020431519,0.5735708475112915,0.06869452446699142,0.17370523512363434,0.1485300362110138,0.059190381318330765,1.3496021032333374,0.3950382471084595,0.21484331786632538,0.17931434512138367,0.1449165940284729,0.09655436128377914,0.2317872792482376,0.2897271513938904,0.08021289855241776,0.15205949544906616,0.05359641835093498,0.01729186251759529,0.13389092683792114,0.024316657334566116,0.03609772399067879,0.054171331226825714,0.21226932108402252,0.17075645923614502,0.11660335212945938,0.12017694115638733,0.25448447465896606,0.058381546288728714,0.3883129954338074,0.1518050581216812,0.04596555233001709,0.02543908730149269,0.14410832524299622,0.15071271359920502,0.07177886366844177,0.04726959019899368,0.1391882449388504,0.17090006172657013,0.20271830260753632,0.042796507477760315,0.21075409650802612,0.18213622272014618,0.13073042035102844,0.10938156396150589
AJ995,0.333333333,0.0,0.266666667,0.166666667,0.666666667,0.0,0.133333333,0.0,0.366666667,0.0,0.0,0.0,0.0,0.666666667,1.066666667,0.633333333,0.633333333,1.066666667,1.766666667,0.8,0.733333333,0.133333333,0.433333333,0.0,0.0,0.233333333,0.033333333,0.1,0.133333333,0.1,0.0,0.133333333,0.0,0.233333333,0.0,0.5,0.0,0.0,0.0,0.0,0.433333333,0.133333333,0.0,0.3,0.166666667,0.2,0.0,0.366666667,0.0,0.0,0.0,0.29598063230514526,0.04963519051671028,0.3215778172016144,0.2826353907585144,0.35643434524536133,0.12433876097202301,0.2923947870731354,0.23512443900108337,0.7372322678565979,0.3141089081764221,0.16478951275348663,0.1501399576663971,0.06861257553100586,1.329779028892517,0.513653039932251,0.3554176390171051,0.5112486481666565,0.2786727547645569,0.410134881734848,0.3045932948589325,0.2954035997390747,0.04199260100722313,0.19785764813423157,0.06297410279512405,0.01785143092274666,0.15292653441429138,0.035580359399318695,0.03432709351181984,0.034748442471027374,0.16040067374706268,0.2622416317462921,0.051794156432151794,0.07913711667060852,0.16656921803951263,0.0549393855035305,0.3673311471939087,0.1496654599905014,0.04672591760754585,0.024495288729667664,0.09703394025564194,0.12032607197761536,0.11153282970190048,0.0417184978723526,0.3099197447299957,0.1817042976617813,0.1839199811220169,0.057359155267477036,0.2626357674598694,0.17652732133865356,0.15013079345226288,0.06779799610376358
AK477,0.666666667,0.0,0.333333333,0.0,0.066666667,0.033333333,0.166666667,0.066666667,0.433333333,0.3,0.133333333,0.0,0.2,0.9,0.0,0.066666667,0.1,0.0,0.366666667,0.2,0.0,0.533333333,0.166666667,0.166666667,0.0,0.3,0.0,0.0,0.0,0.433333333,0.233333333,0.0,0.333333333,0.1,0.0,0.633333333,0.033333333,0.0,0.066666667,0.1,0.733333333,0.166666667,0.0,0.1,0.233333333,0.833333333,0.366666667,0.166666667,0.7,0.633333333,0.733333333,0.5249188542366028,0.0747586041688919,0.38743698596954346,0.09892921149730682,0.2996775209903717,0.13993844389915466,0.3237549662590027,0.15709348022937775,0.7527979612350464,0.2503452003002167,0.230062797665596,0.30300047993659973,0.06528180092573166,0.9889938235282898,0.3074367940425873,0.1971106380224228,0.17515216767787933,0.09176626801490784,0.20124147832393646,0.3060389459133148,0.42478203773498535,0.5158939957618713,0.19241635501384735,0.1530190259218216,0.06282046437263489,0.1822047233581543,0.05217151716351509,0.09903988987207413,0.09335140138864517,0.4971497058868408,0.3150627315044403,0.13065357506275177,0.26799461245536804,0.16595757007598877,0.07715146243572235,0.6269677877426147,0.1688484102487564,0.05260595679283142,0.03193847835063934,0.18857860565185547,0.42251333594322205,0.17702239751815796,0.10256198793649673,0.27956515550613403,0.13053101301193237,0.47229522466659546,0.2527199685573578,0.25033217668533325,0.5613519549369812,0.15010753273963928,0.30689990520477295
AK530,0.766666667,0.0,0.3,0.0,0.166666667,0.366666667,0.2,0.1,0.066666667,0.433333333,0.0,0.0,0.0,0.466666667,0.0,0.0,0.0,0.1,0.566666667,0.233333333,0.0,0.533333333,0.0,0.133333333,0.0,0.166666667,0.0,0.0,0.066666667,0.566666667,0.133333333,0.066666667,0.366666667,0.266666667,0.1,1.0,0.0,0.233333333,0.0,0.466666667,0.9,0.1,0.1,0.266666667,0.066666667,0.433333333,0.233333333,0.1,1.033333333,0.733333333,0.433333333,0.5696158409118652,0.5965458154678345,0.417784720659256,0.027349751442670822,0.24948278069496155,0.13844257593154907,0.39104029536247253,0.2194642424583435,0.7141169905662537,0.23908831179141998,0.19180911779403687,0.13630332052707672,0.06431865692138672,1.118445634841919,0.37095943093299866,0.2970607578754425,0.1667698472738266,0.06408106535673141,0.09287282824516296,0.30463239550590515,0.3514564037322998,0.12747646868228912,0.2520248293876648,0.10572803020477295,0.05597809702157974,0.2091122716665268,0.03920840471982956,0.0687364712357521,0.09406015276908875,0.40802106261253357,0.1773984134197235,0.11274884641170502,0.2367343008518219,0.21452808380126953,0.0881219282746315,0.6770064234733582,0.19153514504432678,0.22064422070980072,0.03648099675774574,0.28337815403938293,0.16460205614566803,0.19206956028938293,0.10327759385108948,0.1353209912776947,0.16751475632190704,0.3549157381057739,0.18627136945724487,0.25317201018333435,0.3717920780181885,0.145041361451149,0.20387612283229828
AK531,0.766666667,0.0,0.166666667,0.0,0.066666667,0.2,0.133333333,0.0,0.366666667,0.433333333,0.2,0.0,0.1,0.333333333,0.0,0.0,0.0,0.066666667,0.2,0.366666667,0.2,0.866666667,0.0,0.266666667,0.0,0.233333333,0.0,0.066666667,0.3,1.0,0.6,1.0,0.366666667,0.5,0.2,0.633333333,0.066666667,0.0,0.0,1.0,0.233333333,0.166666667,0.1,0.0,0.0,0.4,0.0,0.0,0.566666667,0.266666667,0.5,0.584613025188446,0.05607929825782776,0.4341851770877838,0.14442507922649384,0.2350514978170395,0.0973496064543724,0.2717435657978058,0.11026052385568619,0.6278066635131836,0.26132380962371826,0.1876649260520935,0.2003982812166214,0.07326027750968933,0.7601332664489746,0.23206324875354767,0.12948302924633026,0.12174512445926666,0.08684204518795013,0.15044313669204712,0.29271557927131653,0.3025359809398651,0.49693727493286133,0.20083072781562805,0.3301311433315277,0.05557382479310036,0.14895758032798767,0.05951102450489998,0.110303595662117,0.14721721410751343,0.480156809091568,0.40436917543411255,0.20499134063720703,0.41105175018310547,0.2030138075351715,0.08690189570188522,0.5914936661720276,0.156114399433136,0.045059047639369965,0.0343923382461071,0.16316820681095123,0.294208288192749,0.057799361646175385,0.07824245095252991,0.04687042906880379,0.08850402384996414,0.4415302276611328,0.14647123217582703,0.23806358873844147,0.38138899207115173,0.1401582658290863,0.30700838565826416
AK571,1.2,0.0,0.3,0.0,0.3,0.066666667,0.0,0.133333333,0.266666667,0.0,0.0,0.0,0.0,0.733333333,0.2,0.133333333,0.366666667,0.1,0.133333333,1.1,1.066666667,0.433333333,1.0,0.4,0.0,0.466666667,0.0,0.066666667,0.133333333,0.033333333,0.1,0.7,0.033333333,1.6,0.533333333,1.166666667,0.066666667,0.033333333,0.0,0.9,0.1,0.0,0.133333333,0.0,0.0,0.233333333,0.0,0.1,0.1,0.133333333,0.0,0.4430805742740631,0.06858020275831223,0.3880402445793152,0.454028844833374,0.17017866671085358,0.056008413434028625,0.30824971199035645,0.1810150444507599,0.5249345302581787,0.08595024049282074,0.14591321349143982,0.0725666806101799,0.06218290701508522,0.9358125925064087,0.14684556424617767,0.16869549453258514,0.24490787088871002,0.08706443756818771,0.08880014717578888,0.27367305755615234,0.24881918728351593,0.29281124472618103,0.23252570629119873,0.2252035140991211,0.038640499114990234,0.1468585580587387,0.052997466176748276,0.08463173359632492,0.15346114337444305,0.36049512028694153,0.276605486869812,0.3221920430660248,0.16594785451889038,0.2520518898963928,0.09108619391918182,0.40013816952705383,0.1667553186416626,0.13065606355667114,0.023533256724476814,0.2881234586238861,0.09181315451860428,0.16582125425338745,0.07167968153953552,0.24810035526752472,0.5307295322418213,0.6374797821044922,0.10326197743415833,0.27904751896858215,0.19550754129886627,0.1377599835395813,0.12554118037223816
AL120,0.633333333,0.0,0.666666667,2.066666667,0.633333333,0.433333333,0.433333333,0.166666667,0.366666667,0.0,0.0,0.133333333,0.0,1.7,0.233333333,0.733333333,0.533333333,0.133333333,0.0,0.5,0.966666667,0.0,0.366666667,0.0,0.0,0.066666667,0.0,0.166666667,0.0,0.033333333,0.366666667,0.0,0.0,0.1,0.0,0.3,0.133333333,0.0,0.0,0.0,0.1,0.0,0.0,0.133333333,0.3,0.2,0.0,0.0,0.2,0.0,0.166666667,0.5066745281219482,0.054402586072683334,0.638412594795227,0.46511852741241455,0.4339780807495117,0.18415868282318115,0.44740182161331177,0.27196937799453735,0.6789587140083313,0.16452428698539734,0.14895831048488617,0.07114628702402115,0.054712604731321335,1.2578699588775635,0.3438106179237366,0.4206315577030182,0.21105214953422546,0.08964483439922333,0.0646083801984787,0.24870312213897705,0.34352120757102966,0.05444471910595894,0.2582588195800781,0.09044596552848816,0.04798717796802521,0.19660888612270355,0.02554483711719513,0.04417720437049866,0.11912542581558228,0.25462806224823,0.16651973128318787,0.03707088157534599,0.0965040922164917,0.19374944269657135,0.05956172198057175,0.7252868413925171,0.17296048998832703,0.07031840831041336,0.033503249287605286,0.10620251297950745,0.16831238567829132,0.058908555656671524,0.07414305210113525,0.13484233617782593,0.18926136195659637,0.2569122314453125,0.10921204835176468,0.21104727685451508,0.15076585114002228,0.13089460134506226,0.14596687257289886
AL177,0.466666667,0.0,0.3,0.033333333,0.866666667,0.2,0.066666667,0.0,0.266666667,0.066666667,0.0,0.0,0.0,0.233333333,0.233333333,0.066666667,0.1,0.133333333,0.166666667,1.2,1.3,0.0,0.833333333,0.0,0.0,0.333333333,0.0,0.2,0.0,0.266666667,0.0,0.0,0.0,0.366666667,0.1,1.166666667,0.2,0.0,0.0,0.0,0.8,0.133333333,0.0,0.2,0.066666667,0.333333333,0.0,0.233333333,0.266666667,0.466666667,0.3,0.639495313167572,0.040533918887376785,0.613944947719574,0.23522111773490906,0.6499935388565063,0.21474188566207886,0.3488781452178955,0.23840200901031494,0.5384736061096191,0.12558601796627045,0.1248658075928688,0.05755290016531944,0.05220694839954376,0.696337878704071,0.23424941301345825,0.2196371853351593,0.1849399358034134,0.1307358741760254,0.11242636293172836,0.457737535238266,0.602941632270813,0.029683589935302734,0.4857252538204193,0.1344308704137802,0.0390312522649765,0.21232129633426666,0.03946475684642792,0.051276423037052155,0.10689672082662582,0.24344775080680847,0.12091576308012009,0.035847052931785583,0.05863121151924133,0.517219603061676,0.09120537340641022,0.9353211522102356,0.18265004456043243,0.07166272401809692,0.02773934416472912,0.14108820259571075,0.22396443784236908,0.1430596560239792,0.052500706166028976,0.2088918834924698,0.20277345180511475,0.23774705827236176,0.18664970993995667,0.23406539857387543,0.2875216603279114,0.14610712230205536,0.1714141070842743
AL268,0.666666667,0.0,0.566666667,0.0,0.666666667,0.233333333,0.266666667,0.233333333,0.233333333,0.0,0.0,0.1,0.0,0.433333333,0.133333333,0.2,0.333333333,0.0,0.1,1.066666667,2.066666667,0.1,0.933333333,0.0,0.0,0.4,0.0,0.0,0.033333333,0.2,0.066666667,0.0,0.133333333,0.333333333,0.166666667,1.166666667,0.066666667,0.0,0.0,0.033333333,0.233333333,0.166666667,0.166666667,0.0,0.066666667,0.333333333,0.166666667,0.2,0.3,0.3,0.133333333,0.7125160694122314,0.2682827413082123,0.7251837253570557,0.05987802892923355,0.6263336539268494,0.22988925874233246,0.2995506525039673,0.26940369606018066,0.4456678330898285,0.10881239920854568,0.15552090108394623,0.04610244557261467,0.052522212266922,0.6716358661651611,0.251911461353302,0.24992536008358002,0.17783844470977783,0.14171065390110016,0.07563591748476028,0.5242800712585449,0.781274139881134,0.16396266222000122,0.6110244393348694,0.08536488562822342,0.01724042370915413,0.1509479433298111,0.06776971369981766,0.05441836640238762,0.05975574627518654,0.25746482610702515,0.17895923554897308,0.05328046530485153,0.0952160656452179,0.4448089003562927,0.0746583491563797,0.7442086338996887,0.14781302213668823,0.029547784477472305,0.02190271019935608,0.11737467348575592,0.20513302087783813,0.16732706129550934,0.06943433731794357,0.07339267432689667,0.11603336781263351,0.20960405468940735,0.14859600365161896,0.2191474586725235,0.27176687121391296,0.11962369829416275,0.12641674280166626
AL310,0.566666667,0.0,0.766666667,0.133333333,0.9,0.533333333,0.2,0.0,0.5,0.033333333,0.0,0.0,0.0,0.533333333,0.333333333,0.133333333,0.133333333,0.066666667,0.0,0.266666667,0.7,0.0,0.333333333,0.1,0.0,0.0,0.066666667,0.0,0.133333333,0.3,0.2,0.0,0.0,0.433333333,0.1,1.433333333,0.2,0.433333333,0.0,0.2,0.333333333,0.066666667,0.0,0.066666667,0.033333333,0.1,0.266666667,0.5,0.3,0.633333333,0.3,0.5587872862815857,0.05745914205908775,0.5469084978103638,0.24233268201351166,0.5582718849182129,0.24182315170764923,0.46590641140937805,0.21517549455165863,0.6860566735267639,0.20575453341007233,0.15239210426807404,0.09691981971263885,0.0588759183883667,1.1830087900161743,0.3619903326034546,0.22786620259284973,0.22938524186611176,0.09137959778308868,0.06291604042053223,0.3374063968658447,0.4471569359302521,0.04217657074332237,0.3140633702278137,0.13157019019126892,0.05578095093369484,0.17689509689807892,0.03899252414703369,0.0637621060013771,0.09780921041965485,0.3249412178993225,0.18588876724243164,0.023756034672260284,0.15465854108333588,0.24633876979351044,0.06738997250795364,0.8180466890335083,0.189110666513443,0.1324462741613388,0.028139185160398483,0.1034654751420021,0.17229272425174713,0.1351182609796524,0.0748574510216713,0.17484867572784424,0.2211376428604126,0.3840906023979187,0.13335582613945007,0.2871669828891754,0.16758739948272705,0.13851864635944366,0.11583347618579865
AL378,0.4,0.0,0.766666667,0.8,0.333333333,0.0,0.4,0.3,1.6,0.266666667,0.9,0.4,0.0,1.566666667,0.266666667,0.5,0.3,0.0,0.0,0.066666667,0.1,0.0,0.166666667,0.1,0.233333333,0.6,0.233333333,0.333333333,0.4,0.6,0.433333333,0.0,0.0,0.133333333,0.0,0.6,0.0,0.0,0.0,0.0,0.1,0.0,0.133333333,0.066666667,0.633333333,0.566666667,0.333333333,0.266666667,0.1,0.0,0.0,0.5668181777000427,0.05095042660832405,0.7113674283027649,0.1804749220609665,0.5238722562789917,0.17458809912204742,0.6155704259872437,0.21023878455162048,0.8221249580383301,0.1259125918149948,0.1729988306760788,0.19786934554576874,0.05824489891529083,1.2895218133926392,0.307072252035141,0.35187020897865295,0.20964960753917694,0.07985047996044159,0.05357810854911804,0.24341805279254913,0.3336767554283142,0.0167787354439497,0.2579644024372101,0.10564474761486053,0.03760581091046333,0.24298182129859924,0.08487765491008759,0.04503462091088295,0.17646774649620056,0.3506452739238739,0.23777234554290771,0.033119332045316696,0.031162329018115997,0.21905632317066193,0.05970783159136772,0.7419907450675964,0.16766789555549622,0.04310975968837738,0.03125074878334999,0.0764533132314682,0.15140272676944733,0.10575470328330994,0.06696286797523499,0.11822197586297989,0.16654178500175476,0.3279419243335724,0.1359287053346634,0.2914634346961975,0.25037193298339844,0.14315831661224365,0.1255829930305481
AL388,0.133333333,0.0,0.1,0.0,0.366666667,0.2,0.133333333,0.233333333,0.3,0.0,0.0,0.0,0.0,0.533333333,0.4,0.266666667,0.3,0.066666667,0.1,0.4,0.733333333,0.0,0.433333333,0.0,0.0,0.066666667,0.0,0.0,0.0,0.1,0.3,0.033333333,0.0,0.766666667,0.366666667,1.4,1.166666667,0.333333333,0.0,0.433333333,0.366666667,0.6,0.133333333,0.133333333,0.166666667,0.566666667,0.0,0.1,0.533333333,0.6,0.1,0.49189773201942444,0.057745520025491714,0.5958804488182068,0.31271031498908997,0.5582895278930664,0.14639894664287567,0.39667195081710815,0.1702592372894287,0.6972615122795105,0.16139690577983856,0.2144443243741989,0.1670282483100891,0.057574015110731125,0.7910779714584351,0.23595458269119263,0.20934996008872986,0.23603905737400055,0.12092902511358261,0.07882744818925858,0.33400097489356995,0.5885148048400879,0.05826903134584427,0.3183501660823822,0.13705095648765564,0.039061639457941055,0.17385908961296082,0.05046771466732025,0.058746013790369034,0.1168520450592041,0.21823416650295258,0.20319107174873352,0.13131187856197357,0.09102822095155716,0.377930223941803,0.0728040412068367,0.8639435172080994,0.17393329739570618,0.08832553774118423,0.04381284490227699,0.19855627417564392,0.26993006467819214,0.1411847472190857,0.06952883303165436,0.07516496628522873,0.18632271885871887,0.21074220538139343,0.1330392062664032,0.208005890250206,0.3260975778102875,0.1650799959897995,0.18058714270591736
AL389,0.833333333,0.233333333,0.733333333,0.166666667,0.7,0.166666667,0.3,0.1,0.166666667,0.066666667,0.166666667,0.0,0.0,0.566666667,0.166666667,0.0,0.266666667,0.0,0.166666667,0.866666667,1.266666667,0.133333333,0.9,0.133333333,0.0,0.266666667,0.166666667,0.0,0.2,0.3,0.333333333,0.066666667,0.133333333,0.3,0.066666667,1.2,0.0,0.0,0.0,0.0,0.366666667,0.2,0.166666667,0.0,0.1,0.0,0.166666667,0.033333333,0.466666667,0.333333333,0.2,0.8291164636611938,0.10366228222846985,0.6268013715744019,0.12837165594100952,0.39448773860931396,0.15431569516658783,0.31740647554397583,0.13894587755203247,0.4026419222354889,0.0833262950181961,0.10105444490909576,0.0379142202436924,0.051613930612802505,0.5394929647445679,0.15471673011779785,0.1326429843902588,0.17910714447498322,0.12548330426216125,0.07682040333747864,0.47021302580833435,0.959351122379303,0.10918400436639786,0.5450829267501831,0.1303092986345291,0.002799019915983081,0.13704417645931244,0.06742586940526962,0.04022429883480072,0.1192566379904747,0.23405805230140686,0.1810303032398224,0.04790915921330452,0.043307676911354065,0.34635239839553833,0.07185178250074387,0.7069501876831055,0.14274799823760986,0.11728648841381073,0.024045776575803757,0.12477882951498032,0.31167468428611755,0.1210714653134346,0.08459298312664032,0.07893863320350647,0.12564830482006073,0.21134474873542786,0.19235257804393768,0.2205057591199875,0.39476317167282104,0.13225162029266357,0.13184654712677002
AL417,0.4,0.0,0.733333333,0.6,0.366666667,0.266666667,0.933333333,0.3,1.666666667,0.833333333,0.8,0.3,0.166666667,2.1,0.433333333,0.566666667,0.166666667,0.066666667,0.0,0.066666667,0.133333333,0.0,0.2,0.066666667,0.133333333,0.5,0.0,0.0,0.133333333,0.2,0.066666667,0.0,0.0,0.233333333,0.0,0.566666667,0.4,0.0,0.0,0.0,0.0,0.0,0.0,0.0,0.1,0.2,0.166666667,0.1,0.0,0.233333333,0.0,0.5042704939842224,0.06356997787952423,0.5629017353057861,0.1824762523174286,0.34205156564712524,0.16991351544857025,0.4988745450973511,0.17339009046554565,0.734194278717041,0.10784350335597992,0.18193192780017853,0.15415836870670319,0.056500740349292755,1.043500304222107,0.283922016620636,0.33191829919815063,0.20022477209568024,0.07325312495231628,0.057876747101545334,0.23046806454658508,0.24132560193538666,0.09501741081476212,0.21413931250572205,0.11802155524492264,0.02626914717257023,0.19385285675525665,0.07932743430137634,0.05458495765924454,0.18765176832675934,0.3460373878479004,0.2827836871147156,0.11083643138408661,0.10120140016078949,0.17082613706588745,0.06030082702636719,0.6081795692443848,0.15454137325286865,0.05217514559626579,0.060615960508584976,0.1548323929309845,0.1035933792591095,0.0753881186246872,0.12530040740966797,0.17371819913387299,0.18089722096920013,0.313947856426239,0.13725781440734863,0.2521001100540161,0.11676705628633499,0.13259774446487427,0.12097956240177155
AL538,0.433333333,0.0,0.3,0.066666667,0.333333333,0.0,0.8,0.266666667,0.366666667,0.1,0.0,0.066666667,0.0,1.066666667,0.333333333,0.233333333,0.233333333,0.1,0.066666667,0.166666667,0.133333333,0.1,0.0,0.0,0.0,0.4,0.3,0.133333333,0.9,1.233333333,0.833333333,0.0,0.166666667,0.2,0.066666667,1.133333333,0.466666667,0.0,0.066666667,0.2,0.0,0.0,0.533333333,0.1,0.0,0.733333333,0.0,0.0,0.0,0.0,0.0,0.381911039352417,0.06631118804216385,0.2960895001888275,0.12990239262580872,0.28301703929901123,0.07918450236320496,0.3216019868850708,0.13397511839866638,0.7254079580307007,0.11894702166318893,0.18581809103488922,0.1844058781862259,0.06437677145004272,0.8034389019012451,0.26569125056266785,0.2773553431034088,0.10438352823257446,0.06181122735142708,0.04392751306295395,0.21614325046539307,0.2904316186904907,0.04402730241417885,0.22096054255962372,0.10108441114425659,0.04323432967066765,0.22501316666603088,0.20136003196239471,0.09272944182157516,0.6135550141334534,0.3054264187812805,0.33351778984069824,0.10926934331655502,0.2428954541683197,0.19921210408210754,0.1075577661395073,0.7798300385475159,0.219807967543602,0.09793411195278168,0.07095345854759216,0.3562942147254944,0.12991923093795776,0.13661617040634155,0.15031400322914124,0.09963107854127884,0.10812529176473618,0.2389124631881714,0.09703977406024933,0.2599550783634186,0.18274252116680145,0.1213468462228775,0.0669422522187233
AL822,1.566666667,0.033333333,0.8,0.0,0.433333333,0.433333333,1.133333333,0.166666667,0.633333333,0.933333333,0.0,0.0,0.0,0.866666667,0.066666667,0.2,0.0,0.033333333,0.0,0.366666667,0.333333333,0.0,0.066666667,0.0,0.066666667,0.0,0.0,0.0,0.0,0.233333333,0.066666667,0.0,0.1,0.166666667,0.0,0.633333333,0.3,0.033333333,0.0,0.0,0.0,0.066666667,0.0,0.066666667,0.166666667,0.166666667,0.366666667,0.0,0.1,0.366666667,0.133333333,0.5816959738731384,0.05534082278609276,0.6856391429901123,0.28208422660827637,0.3819066882133484,0.27398011088371277,0.4586727023124695,0.26147496700286865,0.6013913154602051,0.2735794186592102,0.1329566240310669,0.07868275791406631,0.05546192079782486,1.0567632913589478,0.34827929735183716,0.2678161859512329,0.21894873678684235,0.08789218217134476,0.07010933756828308,0.2726890444755554,0.3635801672935486,0.0620543472468853,0.2289099544286728,0.08539905399084091,0.030917353928089142,0.18811140954494476,0.02810060977935791,0.05149539187550545,0.07196848839521408,0.3248814344406128,0.19221550226211548,0.04607765004038811,0.16574285924434662,0.16271908581256866,0.06523439288139343,0.7785475850105286,0.1743943840265274,0.10109932720661163,0.028174784034490585,0.14507359266281128,0.15790005028247833,0.10020653158426285,0.07511626183986664,0.1661958545446396,0.2052411288022995,0.3455292880535126,0.1276700347661972,0.2275492399930954,0.16132524609565735,0.14297151565551758,0.11353837698698044
AL944,0.833333333,0.166666667,0.7,0.9,0.466666667,0.5,0.433333333,0.033333333,0.266666667,1.066666667,0.133333333,0.0,0.0,0.533333333,0.033333333,0.1,0.2,0.0,0.033333333,0.133333333,0.233333333,0.0,0.166666667,0.066666667,0.0,0.1,0.0,0.0,0.0,0.3,0.266666667,0.0,0.0,0.233333333,0.133333333,0.666666667,0.633333333,0.333333333,0.2,0.333333333,0.233333333,0.0,0.1,0.333333333,0.2,0.133333333,0.0,0.066666667,0.1,0.066666667,0.133333333,0.6601607203483582,0.047405876219272614,0.5909008383750916,0.32105475664138794,0.37827181816101074,0.20920926332473755,0.4657561480998993,0.15233515202999115,0.63020920753479,0.1259782463312149,0.1375400871038437,0.04889451339840889,0.05327118933200836,0.792537271976471,0.1862133890390396,0.249029278755188,0.1681758016347885,0.06165178492665291,0.05607655271887779,0.22619755566120148,0.3414266109466553,0.06759507954120636,0.22738482058048248,0.06118064746260643,0.010469608008861542,0.18186505138874054,0.05166872963309288,0.03428298234939575,0.18398012220859528,0.29470041394233704,0.24121978878974915,0.09816103428602219,0.11638631671667099,0.2476183921098709,0.06710193306207657,0.8892102241516113,0.1672275960445404,0.07928872108459473,0.048192113637924194,0.24147209525108337,0.17117840051651,0.09940297901630402,0.19881142675876617,0.09918493777513504,0.13811197876930237,0.21722790598869324,0.13391245901584625,0.20858536660671234,0.31225457787513733,0.14387725293636322,0.15205469727516174
AM104,0.366666667,0.1,0.566666667,1.233333333,0.5,0.233333333,0.166666667,0.4,0.5,0.0,0.1,0.0,0.0,1.566666667,0.433333333,0.2,0.7,0.233333333,0.366666667,0.5,0.0,0.166666667,0.1,0.1,0.0,0.0,0.0,0.033333333,0.0,0.333333333,0.3,0.3,0.533333333,0.066666667,0.033333333,0.566666667,0.066666667,0.1,0.1,0.333333333,0.233333333,0.066666667,0.033333333,0.066666667,0.633333333,0.066666667,0.066666667,0.0,0.0,0.133333333,0.166666667,0.34351590275764465,0.040473539382219315,0.6566876173019409,0.4695388078689575,0.4342840611934662,0.2305416464805603,0.5697058439254761,0.3973636329174042,0.5588491559028625,0.06537996232509613,0.19461244344711304,0.140562504529953,0.05853443965315819,1.2734119892120361,0.3161822557449341,0.38192084431648254,0.24902977049350739,0.08545952290296555,0.048686567693948746,0.2943888306617737,0.27507251501083374,0.10225822776556015,0.18881556391716003,0.05379866808652878,0.030059007927775383,0.16978886723518372,0.10214898735284805,0.047218408435583115,0.0984785333275795,0.25227439403533936,0.2424098402261734,0.2113388627767563,0.23596352338790894,0.1666196882724762,0.064290851354599,0.7414120435714722,0.15596142411231995,0.047773897647857666,0.04006246104836464,0.2817314863204956,0.2823125422000885,0.16071689128875732,0.08932283520698547,0.10398168116807938,0.307126522064209,0.24252019822597504,0.09458333998918533,0.25474813580513,0.1838565617799759,0.13721804320812225,0.1564948558807373
AM182,0.1,0.0,0.166666667,0.1,0.066666667,0.0,0.7,0.1,1.966666667,0.5,0.766666667,0.966666667,0.066666667,1.633333333,0.233333333,0.233333333,0.1,0.066666667,0.0,0.066666667,0.033333333,0.0,0.0,0.0,0.233333333,0.233333333,0.0,0.033333333,0.0,0.133333333,0.1,0.0,0.0,0.0,0.0,0.3,0.0,0.0,0.0,0.0,0.0,0.066666667,0.0,0.166666667,0.233333333,0.066666667,0.266666667,0.066666667,0.433333333,0.166666667,0.2,0.35751739144325256,0.11503760516643524,0.3130202889442444,0.15975812077522278,0.17799773812294006,0.041438862681388855,0.2860516309738159,0.12377948313951492,0.8232654333114624,0.10245843231678009,0.22920408844947815,0.1834758222103119,0.09162408858537674,0.9502810835838318,0.22136379778385162,0.4834763705730438,0.12867212295532227,0.07120749354362488,0.04565555229783058,0.1622881293296814,0.1397697627544403,0.02731456607580185,0.14098447561264038,0.04369793459773064,0.022182170301675797,0.12156516313552856,0.15092983841896057,0.10531825572252274,0.1391516774892807,0.31924551725387573,0.3878921866416931,0.06380779296159744,0.017033854499459267,0.11050853878259659,0.05754866451025009,0.3088218569755554,0.13200028240680695,0.00476488284766674,0.02377115748822689,0.08571670949459076,0.04132215678691864,0.06052285432815552,0.04170704260468483,0.045980922877788544,0.0712282657623291,0.15796621143817902,0.04715929925441742,0.23868486285209656,0.07831783592700958,0.13395752012729645,0.06276746094226837
AM212,0.3,0.0,0.433333333,0.0,0.366666667,0.033333333,0.166666667,0.366666667,0.6,0.333333333,0.233333333,0.366666667,0.0,1.233333333,0.666666667,0.566666667,0.066666667,0.0,0.0,0.066666667,0.0,0.0,0.2,0.1,0.0,0.3,0.333333333,0.033333333,0.533333333,0.233333333,0.3,0.0,0.0,0.133333333,0.0,0.066666667,0.666666667,0.0,0.0,0.166666667,0.0,0.0,0.133333333,0.133333333,0.233333333,0.333333333,0.0,0.833333333,0.2,0.266666667,0.166666667,0.3209098279476166,0.021252620965242386,0.35694003105163574,0.08689809590578079,0.3554394543170929,0.17534026503562927,0.49883806705474854,0.27695074677467346,0.8050554394721985,0.22237366437911987,0.18918226659297943,0.3203258216381073,0.06684939563274384,1.1715015172958374,0.31266576051712036,0.3428589105606079,0.18755067884922028,0.07401193678379059,0.0545872338116169,0.314552366733551,0.5191213488578796,0.032376259565353394,0.31070438027381897,0.08637086302042007,0.045155301690101624,0.16649624705314636,0.08869224786758423,0.08387473970651627,0.18338266015052795,0.2541344165802002,0.24223561584949493,0.037945229560136795,0.043131351470947266,0.16557419300079346,0.045918144285678864,0.4941824972629547,0.14432893693447113,0.0042154546827077866,0.03227366879582405,0.023781409487128258,0.08035600185394287,0.09801533073186874,0.03075636923313141,0.1376718133687973,0.1830683797597885,0.2638588845729828,0.08404263854026794,0.2613258957862854,0.11197531223297119,0.12763187289237976,0.12094198912382126
AM456,0.433333333,0.0,0.366666667,0.1,0.6,0.0,0.266666667,0.5,0.666666667,0.0,0.133333333,0.133333333,0.333333333,1.733333333,0.7,0.633333333,0.333333333,0.0,0.133333333,0.4,0.066666667,0.166666667,0.2,0.3,1.3,1.1,0.4,0.6,0.0,0.0,0.066666667,0.0,0.0,0.0,0.0,0.266666667,0.033333333,0.0,0.0,0.066666667,0.133333333,0.1,0.0,0.0,0.133333333,0.0,0.133333333,0.1,0.133333333,0.266666667,0.0,0.2942768335342407,0.04377548396587372,0.37242206931114197,0.4006154537200928,0.3919887840747833,0.13905255496501923,0.437872052192688,0.358132541179657,0.4224543273448944,0.037972960621118546,0.14992402493953705,0.2161005139350891,0.06566104292869568,1.2185994386672974,0.44415172934532166,0.3866322934627533,0.17815661430358887,0.07566878199577332,0.05925056338310242,0.2650616765022278,0.3821958303451538,0.015570735558867455,0.1999804526567459,0.12900753319263458,0.12445251643657684,0.34512564539909363,0.11076469719409943,0.09899026155471802,0.15276047587394714,0.12825843691825867,0.16188839077949524,0.09262672066688538,0.05600852519273758,0.16186775267124176,0.06644508987665176,0.6066164374351501,0.15756861865520477,0.05600472539663315,0.04925951734185219,0.15745031833648682,0.13905763626098633,0.15407772362232208,0.04274744540452957,0.21096360683441162,0.3098911941051483,0.2180703729391098,0.08735302090644836,0.3048029839992523,0.2722751796245575,0.13289079070091248,0.09885396808385849
AM571,0.433333333,0.2,0.7,1.633333333,0.433333333,0.333333333,1.3,0.733333333,0.4,0.1,0.0,0.066666667,0.0,0.966666667,0.1,0.233333333,0.2,0.0,0.033333333,0.166666667,0.166666667,0.0,0.0,0.0,0.033333333,0.066666667,0.0,0.0,0.0,0.066666667,0.0,0.0,0.0,0.133333333,0.0,0.6,0.0,0.0,0.0,0.0,0.0,0.0,0.133333333,0.7,0.933333333,0.333333333,0.166666667,0.4,0.0,0.233333333,0.066666667,0.43272510170936584,0.10934504121541977,0.7294329404830933,0.5759279727935791,0.439313143491745,0.3330070972442627,0.8970773220062256,0.6514309048652649,0.4866190254688263,0.14475221931934357,0.16151857376098633,0.15712037682533264,0.0637146607041359,1.2290685176849365,0.34391385316848755,0.4076772928237915,0.2791156470775604,0.08443456888198853,0.06831347942352295,0.22986964881420135,0.23622487485408783,0.032896239310503006,0.10119423270225525,0.10162700712680817,0.04807602986693382,0.20501916110515594,0.16316428780555725,0.05412532016634941,0.035803571343421936,0.14668627083301544,0.13064083456993103,0.06351730227470398,0.0024760134983807802,0.32079383730888367,0.06582628190517426,0.5538107752799988,0.18991322815418243,0.03195028752088547,0.05186610296368599,0.15470384061336517,0.13474500179290771,0.17826414108276367,0.14195524156093597,0.30347758531570435,0.5229272246360779,0.290565550327301,0.23810523748397827,0.2897004187107086,0.14258429408073425,0.1581593155860901,0.16489532589912415
AM966,0.633333333,1.3,0.766666667,1.466666667,0.133333333,0.0,1.1,0.7,1.033333333,0.066666667,0.966666667,0.233333333,0.1,2.1,0.233333333,0.266666667,0.3,0.0,0.0,0.0,0.166666667,0.0,0.0,0.0,0.0,0.0,0.1,0.033333333,0.0,0.266666667,0.233333333,0.0,0.0,0.0,0.033333333,0.066666667,0.0,0.0,0.0,0.0,0.0,0.0,0.0,0.0,0.266666667,0.1,0.133333333,0.2,0.0,0.0,0.066666667,0.43536606431007385,0.8420571088790894,0.6719428300857544,0.5433804988861084,0.4137701988220215,0.16982682049274445,0.7616629004478455,0.5086333155632019,0.6629965901374817,0.20623719692230225,0.199412539601326,0.2294904738664627,0.06314411759376526,0.9541249871253967,0.3360769748687744,0.3610829710960388,0.2499457448720932,0.10146032273769379,0.05242452025413513,0.24682651460170746,0.3698379397392273,0.029110172763466835,0.1238253191113472,0.1091715469956398,0.07134896516799927,0.26191896200180054,0.14275924861431122,0.0691143199801445,0.11718455702066422,0.2900102436542511,0.1888452023267746,0.1204855740070343,0.17672772705554962,0.09691987186670303,0.08000816404819489,0.5086064338684082,0.14778387546539307,0.08706726878881454,0.07926607877016068,0.16645175218582153,0.10009275376796722,0.1588178128004074,0.1807829737663269,0.18110808730125427,0.32495659589767456,0.29547715187072754,0.17725501954555511,0.3156673014163971,0.173015296459198,0.20103414356708527,0.1365407258272171
AO083,0.4,0.0,0.6,2.3,0.166666667,0.3,0.333333333,0.1,0.9,0.0,0.133333333,0.4,0.133333333,1.266666667,0.466666667,0.366666667,0.2,0.0,0.0,0.633333333,0.233333333,0.566666667,0.0,0.0,0.033333333,0.433333333,0.033333333,0.0,0.0,0.2,0.1,0.166666667,1.5,0.066666667,0.1,0.233333333,0.133333333,0.0,0.0,0.033333333,0.1,0.0,0.0,0.266666667,0.633333333,0.233333333,0.266666667,0.0,0.0,0.3,0.0,0.29967767000198364,0.07557690888643265,0.4034322500228882,0.2737730145454407,0.25216996669769287,0.14618360996246338,0.4456683397293091,0.2325795292854309,0.9385545253753662,0.15494772791862488,0.23761068284511566,0.37138259410858154,0.060397159308195114,1.067858099937439,0.20622144639492035,0.318866491317749,0.19315512478351593,0.08269452303647995,0.053654108196496964,0.33310946822166443,0.3258076310157776,0.17224723100662231,0.15652798116207123,0.1371973305940628,0.023517759516835213,0.18056093156337738,0.13711635768413544,0.10051805526018143,0.2465357929468155,0.3773384392261505,0.3884836435317993,0.2040441632270813,0.33355334401130676,0.11549022793769836,0.08522146195173264,0.4915914535522461,0.15449735522270203,0.051804982125759125,0.07315081357955933,0.16251567006111145,0.149538055062294,0.12478172034025192,0.12887606024742126,0.17567190527915955,0.2608334720134735,0.32746124267578125,0.10957340896129608,0.25573933124542236,0.17349505424499512,0.1599826067686081,0.059640251100063324
AO338,0.3,0.0,0.133333333,0.1,0.033333333,0.066666667,0.366666667,0.2,0.733333333,0.0,0.2,0.0,0.2,1.466666667,0.566666667,0.666666667,0.2,0.0,0.133333333,0.266666667,0.166666667,0.266666667,0.0,0.1,0.0,0.2,1.566666667,0.066666667,0.333333333,0.833333333,0.6,0.366666667,0.133333333,0.033333333,0.033333333,0.633333333,0.033333333,0.133333333,0.133333333,1.033333333,0.033333333,0.166666667,0.0,0.033333333,0.033333333,0.033333333,0.1,0.0,0.133333333,0.0,0.0,0.3678623139858246,0.17102447152137756,0.5407044887542725,0.2527146637439728,0.6420118808746338,0.21962274610996246,0.49390509724617004,0.4735161364078522,0.7229722142219543,0.13085490465164185,0.18032771348953247,0.19784273207187653,0.06859669089317322,1.2492964267730713,0.5246556997299194,0.424655556678772,0.3203921914100647,0.15409941971302032,0.12557834386825562,0.3646586537361145,0.4257335662841797,0.25621575117111206,0.22806009650230408,0.15467916429042816,0.02716596983373165,0.16101084649562836,0.1389646977186203,0.08909395337104797,0.1816745102405548,0.3142959475517273,0.23836788535118103,0.2709276080131531,0.26451218128204346,0.2455223798751831,0.07454904913902283,0.6009920239448547,0.15797773003578186,0.05120989307761192,0.061176951974630356,0.21699170768260956,0.3106372058391571,0.1784902811050415,0.09030652046203613,0.23964540660381317,0.1709551364183426,0.21733933687210083,0.09780564904212952,0.274718314409256,0.335849404335022,0.14293348789215088,0.0973295122385025
AO390,0.433333333,0.0,0.066666667,0.066666667,0.7,0.466666667,0.633333333,0.5,0.3,0.1,0.166666667,0.166666667,0.1,1.133333333,0.4,0.2,0.366666667,0.0,0.0,0.166666667,0.2,0.0,0.0,0.0,0.066666667,0.266666667,0.1,0.0,0.0,0.166666667,0.033333333,0.0,0.0,0.133333333,0.0,0.866666667,0.666666667,0.0,0.0,0.033333333,0.566666667,0.5,0.033333333,0.133333333,0.3,0.4,0.8,0.9,0.8,0.366666667,0.133333333,0.24029891192913055,0.03241164609789848,0.31446605920791626,0.11824756860733032,0.3178122639656067,0.12291532009840012,0.19267018139362335,0.28922438621520996,0.2581000030040741,0.04384315758943558,0.08865689486265182,0.02484140917658806,0.06280708312988281,0.8500652313232422,0.27852246165275574,0.1341746747493744,0.16422584652900696,0.10520603507757187,0.048511240631341934,0.1737648844718933,0.2236165702342987,0.07434386014938354,0.18797041475772858,0.1480104774236679,0.11011341214179993,0.21636749804019928,0.09212397783994675,0.10110720247030258,-0.0036461364943534136,0.0932275727391243,0.06987974792718887,0.04743906855583191,-0.03186773136258125,0.1335468590259552,0.066188745200634,0.4445957839488983,0.14806905388832092,0.02700725756585598,0.022505629807710648,0.048896532505750656,0.15402765572071075,0.20933276414871216,0.06439667195081711,0.21801364421844482,0.18851567804813385,0.18872098624706268,0.13671523332595825,0.26635536551475525,0.2054944634437561,0.18199293315410614,0.07048641890287399
AO456,0.533333333,0.0,0.3,0.2,0.166666667,0.4,1.366666667,0.266666667,1.733333333,0.166666667,0.4,0.8,0.166666667,1.233333333,0.266666667,0.3,0.0,0.0,0.0,0.0,0.0,0.0,0.066666667,0.133333333,0.0,0.0,0.1,0.0,0.0,0.433333333,0.766666667,0.033333333,0.0,0.0,0.0,0.066666667,0.466666667,0.0,0.0,0.0,0.066666667,0.033333333,0.0,0.366666667,0.0,0.2,0.666666667,1.266666667,0.3,0.133333333,0.0,0.33235782384872437,0.03714068979024887,0.41381508111953735,0.2258288711309433,0.3294145166873932,0.1515204906463623,0.49787986278533936,0.2762908637523651,1.0435603857040405,0.10024935752153397,0.2414122223854065,0.4151335656642914,0.08133130520582199,1.5356160402297974,0.3279099464416504,0.3499024212360382,0.19103355705738068,0.0660497397184372,0.05188167840242386,0.3001103103160858,0.33569538593292236,0.0515606664121151,0.18539947271347046,0.11135700345039368,0.07593310624361038,0.21915693581104279,0.12334217876195908,0.07175367325544357,0.22032900154590607,0.276090532541275,0.34414833784103394,0.07671108096837997,0.09510200470685959,0.08756538480520248,0.0679444968700409,0.4115748405456543,0.13455995917320251,0.023942118510603905,0.040432609617710114,0.13329742848873138,0.14043065905570984,0.12704293429851532,0.09948243200778961,0.19265328347682953,0.2122412472963333,0.19402673840522766,0.11346037685871124,0.28015732765197754,0.12529300153255463,0.13069157302379608,0.06062082201242447
AO567,1.233333333,0.2,0.866666667,0.066666667,1.533333333,0.033333333,0.2,0.4,0.0,0.0,0.0,0.0,0.0,0.566666667,0.166666667,0.0,0.166666667,0.4,0.1,0.766666667,1.533333333,0.266666667,0.633333333,0.033333333,0.0,0.766666667,0.0,0.0,0.1,0.0,0.3,0.0,0.133333333,0.933333333,0.0,1.5,0.033333333,0.0,0.0,0.066666667,0.333333333,0.066666667,0.066666667,0.066666667,0.066666667,0.133333333,0.166666667,0.0,0.1,0.233333333,0.0,0.37240076065063477,0.061482761055231094,0.4987848997116089,0.21816420555114746,0.5424523949623108,0.1641858071088791,0.4005706012248993,0.4687097668647766,0.3755110204219818,0.07801518589258194,0.13103234767913818,0.08531713485717773,0.07214471697807312,1.0974912643432617,0.34369680285453796,0.29644647240638733,0.17733366787433624,0.0991223007440567,0.04816851764917374,0.27837318181991577,0.3492932617664337,0.06982727348804474,0.28902700543403625,0.07725353538990021,0.058488015085458755,0.36760586500167847,0.10403617471456528,0.09049184620380402,0.15016846358776093,0.22660675644874573,0.15045098960399628,0.034072887152433395,0.037298087030649185,0.30408424139022827,0.057146210223436356,0.905080258846283,0.15850383043289185,0.03620685264468193,0.03815136477351189,0.08481643348932266,0.20168177783489227,0.11719489097595215,0.054750580340623856,0.12978395819664001,0.18169726431369781,0.16748380661010742,0.08910894393920898,0.2370200902223587,0.19300271570682526,0.1270061582326889,0.12199920415878296
AO865,0.8,0.0,1.066666667,0.5,0.766666667,0.466666667,2.0,0.633333333,0.6,0.166666667,0.2,0.4,0.166666667,1.5,0.366666667,0.4,0.6,0.0,0.133333333,0.066666667,0.3,0.0,0.0,0.066666667,0.0,0.066666667,0.066666667,0.0,0.0,0.233333333,0.566666667,0.0,0.066666667,0.533333333,0.0,0.4,0.033333333,0.0,0.0,0.1,0.1,0.466666667,0.033333333,0.433333333,0.2,0.066666667,0.266666667,0.3,0.333333333,0.333333333,0.066666667,0.35576504468917847,0.03310638293623924,0.5057814717292786,0.4001360833644867,0.3785034418106079,0.2065524160861969,0.43128424882888794,0.4385548233985901,0.7528794407844543,0.09299149364233017,0.16774751245975494,0.21274304389953613,0.06282132118940353,1.3727799654006958,0.4032454192638397,0.41960498690605164,0.22201354801654816,0.09047120064496994,0.05684138461947441,0.4054643511772156,0.5682350993156433,0.11746753007173538,0.3864290118217468,0.11646313965320587,0.0534493587911129,0.1650046855211258,0.09710313379764557,0.07356764376163483,0.13507041335105896,0.16796433925628662,0.16693799197673798,0.05747055262327194,0.12618128955364227,0.2086012065410614,0.053560033440589905,0.570762038230896,0.14057086408138275,0.01635136641561985,0.028791937977075577,0.09255944937467575,0.171158567070961,0.1261240839958191,0.012017329223453999,0.1657874882221222,0.17250759899616241,0.2597692012786865,0.0813789963722229,0.24403391778469086,0.19038300216197968,0.13161729276180267,0.06448312103748322
AP397,0.366666667,0.1,0.466666667,0.2,0.4,0.2,0.566666667,0.633333333,2.5,0.266666667,0.666666667,1.6,0.133333333,2.266666667,0.433333333,0.333333333,0.4,0.166666667,0.0,0.1,0.033333333,0.066666667,0.0,0.0,0.0,0.2,0.033333333,0.0,0.133333333,0.266666667,0.433333333,0.0,0.0,0.0,0.0,0.733333333,0.1,0.0,0.0,0.033333333,0.133333333,0.066666667,0.266666667,0.166666667,0.266666667,0.466666667,0.066666667,0.4,0.0,0.0,0.0,0.35055917501449585,0.04084978252649307,0.37377411127090454,0.23793882131576538,0.45046868920326233,0.16235961019992828,0.41883301734924316,0.3684898316860199,1.0104804039001465,0.15651240944862366,0.24440355598926544,0.3913220465183258,0.07353206723928452,1.316314458847046,0.41152989864349365,0.3151277005672455,0.21974961459636688,0.08866401016712189,0.05938774347305298,0.446189820766449,0.47048497200012207,0.2288820892572403,0.33500123023986816,0.137907013297081,0.05206254497170448,0.17529530823230743,0.23525778949260712,0.07051419466733932,0.30022701621055603,0.3290785849094391,0.3678198456764221,0.20296403765678406,0.4552452862262726,0.15757250785827637,0.053365424275398254,0.5176563858985901,0.13591499626636505,0.04639163985848427,0.040357351303100586,0.10393038392066956,0.17269481718540192,0.10550180077552795,0.09739851951599121,0.1739509403705597,0.1888553649187088,0.21947811543941498,0.0981503427028656,0.24729430675506592,0.1923527717590332,0.13571098446846008,0.09539322555065155
AP432,0.466666667,0.0,0.966666667,0.133333333,0.7,0.233333333,0.0,0.0,0.0,0.0,0.0,0.0,0.0,0.333333333,0.2,0.0,0.2,0.233333333,0.566666667,0.4,0.433333333,0.666666667,0.166666667,0.266666667,0.0,0.366666667,0.133333333,0.0,0.1,0.233333333,0.2,0.366666667,1.466666667,0.666666667,0.4,1.033333333,0.2,0.0,0.066666667,0.166666667,1.6,0.233333333,0.3,0.333333333,0.233333333,0.066666667,0.066666667,0.233333333,0.533333333,0.533333333,0.133333333,0.3289080858230591,0.04274146258831024,0.445682555437088,0.14070948958396912,0.2935616374015808,0.12406858056783676,0.22238698601722717,0.28781768679618835,0.21856287121772766,0.041526488959789276,0.10520809143781662,0.05832943320274353,0.05192798003554344,0.7667871713638306,0.3046490550041199,0.2941344380378723,0.20179274678230286,0.1451222151517868,0.06931044906377792,0.3970459997653961,0.44457346200942993,0.08838164061307907,0.19646060466766357,0.10838593542575836,0.012659198604524136,0.15367460250854492,0.025247186422348022,0.048650868237018585,0.05154433473944664,0.25585851073265076,0.1847483366727829,0.13757629692554474,0.3363564908504486,0.386377215385437,0.06665176153182983,0.6464421153068542,0.1523466408252716,0.018927427008748055,0.021712176501750946,0.060072463005781174,0.26962578296661377,0.1339409500360489,0.0383760891854763,0.09176567196846008,0.1743445098400116,0.22598469257354736,0.08236628025770187,0.20226748287677765,0.2851543128490448,0.12169511616230011,0.07474269717931747
AP447,1.0,0.066666667,1.0,0.366666667,0.666666667,0.833333333,0.2,0.333333333,0.7,0.333333333,0.266666667,0.266666667,0.1,0.7,0.166666667,0.233333333,0.233333333,0.2,0.133333333,0.466666667,0.9,0.0,0.133333333,0.466666667,0.0,0.3,0.0,0.166666667,0.0,0.366666667,0.166666667,0.1,0.233333333,0.133333333,0.066666667,1.066666667,0.566666667,0.066666667,0.033333333,0.033333333,0.466666667,0.3,0.0,0.333333333,0.133333333,0.6,0.3,0.133333333,0.2,0.166666667,0.066666667,0.3487153649330139,0.06982267647981644,0.6532144546508789,0.5472338199615479,0.35755670070648193,0.2835729420185089,0.6830528974533081,0.2614067494869232,0.8198228478431702,0.10302861779928207,0.36418116092681885,0.2830228805541992,0.08973272144794464,1.0025054216384888,0.34434622526168823,0.30535873770713806,0.19444631040096283,0.08991862088441849,0.040889445692300797,0.2259082943201065,0.22371038794517517,0.004829247482120991,0.08247596025466919,0.07415511459112167,0.0500340573489666,0.17538118362426758,0.020250758156180382,0.06795402616262436,0.014497478492558002,0.17805799841880798,0.21342410147190094,0.050623610615730286,0.1221601739525795,0.1456412523984909,0.04469010978937149,0.4516623318195343,0.13470670580863953,0.029445281252264977,0.027407832443714142,0.05816620588302612,0.1453387439250946,0.13334845006465912,0.050346773117780685,0.18510356545448303,0.5416184663772583,0.2741137146949768,0.09401344507932663,0.2335694283246994,0.18003016710281372,0.12187479436397552,0.09634461253881454
AP661,0.433333333,0.0,0.4,0.266666667,0.266666667,0.066666667,0.266666667,0.1,0.433333333,0.0,0.066666667,0.033333333,0.0,1.033333333,0.3,0.2,0.8,0.2,0.233333333,0.633333333,0.533333333,0.1,0.133333333,0.266666667,0.0,0.366666667,0.0,0.0,0.066666667,0.233333333,0.466666667,0.3,1.466666667,0.233333333,0.133333333,1.166666667,0.1,0.066666667,0.0,0.166666667,0.3,0.233333333,0.2,0.166666667,0.033333333,0.166666667,0.166666667,0.1,0.066666667,0.266666667,0.1,0.34142443537712097,0.06815381348133087,0.5463505387306213,0.24366599321365356,0.4301852881908417,0.1863040179014206,0.36934515833854675,0.3630487322807312,0.7740509510040283,0.07933123409748077,0.2072184681892395,0.19916459918022156,0.0555286668241024,1.1523988246917725,0.29855436086654663,0.2956547737121582,0.1773880124092102,0.09020578861236572,0.048726607114076614,0.28810596466064453,0.2847864627838135,0.29243770241737366,0.1728127896785736,0.10593069344758987,0.0318027064204216,0.16339634358882904,0.058364249765872955,0.04273808002471924,0.11663064360618591,0.3053846061229706,0.23803572356700897,0.2041902244091034,0.7447591423988342,0.17039355635643005,0.06318531930446625,0.7396365404129028,0.13740305602550507,0.06622518599033356,0.04447707161307335,0.12722264230251312,0.25695735216140747,0.08729024231433868,0.0845547765493393,0.09561729431152344,0.15084202587604523,0.19313715398311615,0.09297872334718704,0.18551300466060638,0.23236751556396484,0.13256782293319702,0.06942592561244965
AP691,0.6,0.333333333,0.233333333,0.6,0.433333333,0.166666667,0.466666667,0.4,1.133333333,0.466666667,0.4,0.833333333,0.433333333,2.2,0.866666667,0.3,0.166666667,0.166666667,0.2,0.266666667,0.6,0.233333333,0.0,0.7,0.3,1.666666667,0.2,0.4,0.0,0.066666667,0.166666667,0.0,0.0,0.0,0.0,0.366666667,0.2,0.0,0.0,0.0,0.2,0.266666667,0.1,0.233333333,0.666666667,0.2,0.2,0.133333333,0.233333333,0.0,0.0,0.457143634557724,0.09866909682750702,0.5264580249786377,0.39212462306022644,0.3513960540294647,0.2121485024690628,0.4848678410053253,0.3128431737422943,0.9825906753540039,0.1073625385761261,0.17068703472614288,0.25234130024909973,0.07257279753684998,1.454635739326477,0.3831278681755066,0.3891260027885437,0.22900068759918213,0.07931246608495712,0.06114025041460991,0.33871182799339294,0.3863659203052521,0.2160569131374359,0.23732967674732208,0.13980548083782196,0.056575920432806015,0.23315727710723877,0.06620203703641891,0.09664707630872726,0.08248681575059891,0.19678688049316406,0.18247267603874207,0.09085596352815628,0.28032639622688293,0.25367704033851624,0.046301908791065216,0.4529222548007965,0.1507653146982193,0.06007397919893265,0.02874830551445484,0.05457964912056923,0.21593160927295685,0.2159418761730194,0.024966666474938393,0.2690218389034271,0.20501762628555298,0.22662211954593658,0.10432010889053345,0.2890572249889374,0.3219277858734131,0.1337776631116867,0.08386093378067017
AP734,0.6,0.033333333,0.833333333,0.266666667,0.7,0.266666667,1.066666667,0.233333333,0.1,0.0,0.0,0.0,0.0,0.766666667,0.333333333,0.2,0.3,0.266666667,0.066666667,0.533333333,0.566666667,0.066666667,0.266666667,0.066666667,0.0,0.266666667,0.0,0.2,0.0,0.3,0.066666667,0.066666667,0.433333333,0.433333333,0.133333333,1.033333333,0.0,0.0,0.0,0.0,0.7,0.333333333,0.566666667,0.133333333,0.433333333,0.166666667,0.5,0.4,0.466666667,0.433333333,0.0,0.4377191662788391,0.056611068546772,0.7461181282997131,0.48575904965400696,0.6346263885498047,0.25276654958724976,0.5400021076202393,0.5830358862876892,0.7563444972038269,0.0673631951212883,0.1505715250968933,0.15410315990447998,0.06414098292589188,1.226125717163086,0.29505881667137146,0.3237418532371521,0.272376149892807,0.16042454540729523,0.07916412502527237,0.3275359570980072,0.3654690682888031,0.01978990063071251,0.1935853362083435,0.1449851542711258,0.025285381823778152,0.1975158005952835,0.05252671614289284,0.0761168822646141,0.06456093490123749,0.18453028798103333,0.11048531532287598,0.11554266512393951,0.10305613279342651,0.3846513330936432,0.04874398931860924,0.5447112917900085,0.15270483493804932,0.036274056881666183,0.025254694744944572,0.056322913616895676,0.20595934987068176,0.17636217176914215,0.1270148605108261,0.4062241315841675,0.28921979665756226,0.27623653411865234,0.19549624621868134,0.2444876879453659,0.312528133392334,0.14780806005001068,0.13954877853393555
AP774,0.5,0.0,0.533333333,0.7,0.833333333,0.4,0.5,0.533333333,0.933333333,0.233333333,0.466666667,0.166666667,0.466666667,1.366666667,0.5,0.433333333,0.366666667,0.3,0.0,0.266666667,0.233333333,0.1,0.1,0.366666667,0.033333333,1.633333333,0.1,0.066666667,0.0,0.0,0.0,0.0,0.333333333,0.166666667,0.133333333,0.4,0.166666667,0.033333333,0.0,0.0,0.266666667,0.366666667,0.0,0.266666667,0.533333333,0.033333333,0.4,0.133333333,0.5,0.266666667,0.066666667,0.30214452743530273,0.05030727759003639,0.6223888397216797,0.4611801505088806,0.3371155261993408,0.28385254740715027,0.38727912306785583,0.39424771070480347,0.3093692660331726,0.05212348699569702,0.15647506713867188,0.11664535850286484,0.07322046160697937,1.1824655532836914,0.1954830288887024,0.2229273021221161,0.15929770469665527,0.0992090031504631,0.07766560465097427,0.14357781410217285,0.25380074977874756,0.02654852345585823,0.15971378982067108,0.03286604583263397,0.009389060549438,0.11217231303453445,0.032910265028476715,0.050694119185209274,0.00726467277854681,0.09844623506069183,0.08137194812297821,0.03359540179371834,0.03715360537171364,0.07590314000844955,0.042431704699993134,0.3700468838214874,0.1304774284362793,0.008569261990487576,0.018007874488830566,-0.010716808959841728,0.11264260858297348,0.13258707523345947,0.01968930847942829,0.22150874137878418,0.3591083884239197,0.1822543740272522,0.09369802474975586,0.21857145428657532,0.260972261428833,0.12202031910419464,0.051847197115421295
AP974,0.133333333,0.1,0.233333333,0.433333333,0.466666667,0.333333333,1.133333333,0.933333333,1.633333333,0.033333333,0.3,0.7,0.0,1.9,0.733333333,0.666666667,0.433333333,0.0,0.0,0.1,0.2,0.0,0.2,0.0,0.0,0.333333333,0.0,0.0,0.0,0.066666667,0.333333333,0.0,0.0,0.1,0.0,0.5,0.033333333,0.0,0.0,0.0,0.6,0.133333333,0.1,0.366666667,0.333333333,0.0,0.166666667,0.3,0.6,0.166666667,0.066666667,0.2733244299888611,0.08427819609642029,0.39754340052604675,0.37227705121040344,0.2899077236652374,0.19133704900741577,0.34998416900634766,0.3055831789970398,0.9739311933517456,0.07342132180929184,0.3013139069080353,0.41272082924842834,0.07054085284471512,1.2614905834197998,0.28109118342399597,0.28565821051597595,0.2320258766412735,0.09888295084238052,0.048042867332696915,0.3436431288719177,0.3162894546985626,0.013491188175976276,0.3395783007144928,0.03205868974328041,0.014172830618917942,0.10954070091247559,0.05690240114927292,0.04584924504160881,0.06457223743200302,0.12030386924743652,0.2521325349807739,0.08984612673521042,0.09492811560630798,0.058887556195259094,0.05324772000312805,0.39354005455970764,0.14698398113250732,0.027228303253650665,0.027031462639570236,0.07001721858978271,0.27606916427612305,0.25211817026138306,0.0506640300154686,0.3345501124858856,0.289157509803772,0.18292714655399323,0.08241043239831924,0.319295734167099,0.2956618070602417,0.13813704252243042,0.058599893003702164
AQ853,0.9,0.066666667,0.833333333,0.0,0.333333333,0.166666667,0.433333333,0.7,0.6,0.0,0.5,0.233333333,0.1,1.233333333,0.366666667,0.333333333,0.5,0.233333333,0.1,0.366666667,0.633333333,0.133333333,0.266666667,0.0,0.133333333,0.033333333,0.1,0.133333333,0.1,0.6,0.533333333,0.0,0.633333333,0.2,0.1,0.533333333,0.0,0.0,0.033333333,0.3,0.0,0.0,0.2,0.0,0.0,0.233333333,0.033333333,0.2,0.166666667,0.2,0.2,1.4706076383590698,0.47458720207214355,0.8514220118522644,0.02112012542784214,0.1255708783864975,0.3149084746837616,0.12435278296470642,0.018015040084719658,0.1012793779373169,0.13314121961593628,0.08258824795484543,0.010800749994814396,0.0680340826511383,0.20665225386619568,0.07512571662664413,0.0929017961025238,0.2889607846736908,0.20553191006183624,0.1090436652302742,0.3625800609588623,0.18804462254047394,0.25944188237190247,0.05567947402596474,0.2857595682144165,0.020478826016187668,0.0906989574432373,0.013933965004980564,0.04117744043469429,0.10021167248487473,0.24277235567569733,0.6983275413513184,0.36248356103897095,0.08114880323410034,0.22344908118247986,0.14077910780906677,0.1386985331773758,0.14392326772212982,0.006839744746685028,0.025782383978366852,0.10698115825653076,0.0076646930538117886,0.03081371635198593,0.22278141975402832,0.017388010397553444,0.07099056988954544,0.1734425276517868,0.17125840485095978,0.19860926270484924,0.1729438304901123,0.12224703282117844,0.04942300170660019
AF502,0.03125,0.0,0.5,0.5625,0.125,0.375,0.46875,0.375,1.53125,0.0625,0.6875,0.75,0.1875,1.46875,0.15625,0.34375,0.09375,0.0,0.03125,0.0,0.25,0.0,0.15625,0.125,0.0,0.125,0.0,0.0,0.125,0.0,0.15625,0.0,0.0,0.0,0.0,0.34375,0.4375,0.0,0.0,0.0,0.0625,0.09375,0.0,0.53125,0.4375,0.28125,0.25,1.0625,0.53125,0.0,0.0,0.32916438579559326,0.3361222743988037,0.5147190690040588,0.22767984867095947,0.4406740367412567,0.2781130373477936,0.4262264370918274,0.40851113200187683,0.6076099276542664,0.25894248485565186,0.15661874413490295,0.2760849893093109,0.06207022815942764,0.9204782247543335,0.18328547477722168,0.2930290997028351,0.14701302349567413,0.0806831568479538,0.06680670380592346,0.24646829068660736,0.27417173981666565,0.0007171043544076383,0.29345598816871643,0.10713927447795868,0.06342657655477524,0.27392929792404175,0.0024097843561321497,0.04220068082213402,-0.0006215347093529999,0.07110529392957687,0.14969737827777863,8.388498099520802e-05,-0.0005603810423053801,0.023946506902575493,0.05100889503955841,0.6819477081298828,0.23378421366214752,0.012425215914845467,0.02269086241722107,0.039303913712501526,0.212081179022789,0.38126862049102783,0.009729268960654736,0.3947755992412567,0.4361279010772705,0.32989558577537537,0.2128942310810089,0.5148895978927612,0.4157906770706177,0.1846495270729065,0.23788514733314514
AG258,0.666666667,0.133333333,0.566666667,0.1,0.6,0.433333333,0.133333333,0.1,0.466666667,0.1,0.0,0.133333333,0.1,0.666666667,0.133333333,0.066666667,0.1,0.066666667,0.3,0.266666667,0.033333333,0.233333333,0.066666667,0.2,0.1,0.066666667,0.0,0.0,0.0,0.0,0.133333333,0.3,0.933333333,0.333333333,0.666666667,1.0,0.366666667,0.0,0.066666667,0.266666667,0.0,0.2,0.3,0.3,0.6,0.533333333,0.0,0.533333333,0.533333333,0.066666667,0.233333333,0.2965945303440094,0.09263574331998825,0.3767777681350708,0.44652673602104187,0.3819754123687744,0.2953619658946991,0.38517868518829346,0.32600823044776917,0.46311017870903015,0.03028617985546589,0.048399582505226135,0.18493594229221344,0.05679396912455559,0.965287446975708,0.38305163383483887,0.3931918144226074,0.39335861802101135,0.13483288884162903,0.0513576939702034,0.12893377244472504,0.19773349165916443,0.033997971564531326,0.09813488274812698,0.05472205579280853,0.002480992116034031,0.2779880166053772,0.0029035252518951893,0.029201775789260864,0.0005525518208742142,0.11284033954143524,0.12266784906387329,0.11098764836788177,0.06462851166725159,0.09432190656661987,0.07133987545967102,0.9283941984176636,0.17812758684158325,0.011537293903529644,0.020347509533166885,0.03897751867771149,0.3022990822792053,0.4303115904331207,0.011476085521280766,0.7527459859848022,0.3987072706222534,0.1404525339603424,0.04076598957180977,0.3155936896800995,0.6458691954612732,0.13538284599781036,0.41532668471336365
AG677,0.233333333,0.0,0.4,0.2,0.366666667,0.1,0.666666667,0.333333333,1.366666667,0.2,0.633333333,1.2,0.2,1.2,0.166666667,0.133333333,0.433333333,0.0,0.0,0.2,0.0,0.0,0.1,0.0,0.0,0.0,0.0,0.0,0.0,0.066666667,0.166666667,0.0,0.0,0.0,0.0,0.366666667,0.233333333,0.0,0.0,0.0,0.166666667,0.233333333,0.0,0.8,0.366666667,0.233333333,0.0,0.433333333,0.4,0.0,0.133333333,0.31725332140922546,0.04846905171871185,0.7555145025253296,0.2651142477989197,0.3071475028991699,0.24938704073429108,1.1269935369491577,0.1342097520828247,0.9576420783996582,0.6270503401756287,0.4021269977092743,0.5962546467781067,0.08234785497188568,1.0067532062530518,0.1820007860660553,0.22931012511253357,0.2564474940299988,0.07494363933801651,0.04219980165362358,0.11153115332126617,0.1233314797282219,-0.0008266784134320915,0.14220374822616577,0.003657054156064987,0.01265431847423315,0.0867537185549736,0.0021752144675701857,0.02593495324254036,-0.0006695256452076137,0.0883837416768074,0.0618288628757,0.03073381818830967,3.909577935701236e-05,0.020215118303894997,0.04165913164615631,0.3773384094238281,0.13993720710277557,0.003902110503986478,0.02030864544212818,-0.0014497032389044762,0.12580235302448273,0.3547338843345642,0.04711933061480522,0.7120484709739685,0.34494560956954956,0.1541624367237091,0.03769700974225998,0.38239428400993347,0.2640455663204193,0.11075431108474731,0.008774906396865845
AH100,0.166666667,0.0,0.333333333,0.166666667,0.233333333,0.166666667,0.566666667,0.366666667,0.8,0.066666667,0.533333333,0.466666667,0.133333333,1.1,0.6,0.133333333,0.233333333,0.0,0.033333333,0.066666667,0.2,0.0,0.5,0.166666667,0.1,0.6,0.233333333,0.066666667,0.766666667,0.266666667,0.633333333,0.233333333,0.0,0.1,0.0,0.766666667,0.166666667,0.0,0.166666667,0.1,0.2,0.4,0.3,0.366666667,0.4,0.1,0.0,0.233333333,0.066666667,0.266666667,0.1,0.2513340711593628,0.017170649021863937,0.30710455775260925,0.12109639495611191,0.3004907965660095,0.13025592267513275,0.5018696784973145,0.268500953912735,0.9959412217140198,0.06326134502887726,0.3601507246494293,0.4856789708137512,0.0813124030828476,1.1006942987442017,0.4127599596977234,0.4592270851135254,0.2757833003997803,0.06976395845413208,0.05455615371465683,0.1266235113143921,0.15210773050785065,-0.002088462468236685,0.12040377408266068,0.008408693596720695,0.08271265029907227,0.3871360719203949,0.1958494335412979,0.06694074720144272,0.7606082558631897,0.3797459006309509,0.40716588497161865,0.1998140513896942,0.0023430492728948593,0.230118989944458,0.039335086941719055,0.7314153909683228,0.22201769053936005,0.04926569387316704,0.12295413762331009,0.08173017203807831,0.21285021305084229,0.354827344417572,0.14948298037052155,0.511121928691864,0.15605677664279938,0.29209664463996887,0.06855912506580353,0.39145028591156006,0.20237602293491364,0.11010890454053879,0.1294592320919037
AB357,0.0,0.166666667,0.0,3.055555556,0.444444444,0.666666667,0.833333333,0.555555556,0.555555556,0.0,0.222222222,0.833333333,0.111111111,1.111111111,0.0,0.055555556,0.0,0.0,0.0,0.0,0.0,0.0,0.0,0.0,0.0,0.166666667,0.0,0.0,0.0,0.444444444,0.0,0.0,0.0,0.0,0.0,0.444444444,0.0,0.0,0.0,0.0,0.0,0.388888889,0.0,0.388888889,1.055555556,0.222222222,0.333333333,0.111111111,0.222222222,0.611111111,0.5,0.2963503301143646,0.17472480237483978,0.5823532342910767,2.241938352584839,0.20073632895946503,0.26237285137176514,0.52956223487854,0.36255133152008057,0.6950780749320984,0.5419510006904602,0.3120667636394501,0.30772075057029724,0.12116913497447968,0.9985042810440063,0.14369356632232666,0.18804407119750977,0.11991583555936813,0.15224580466747284,0.053945668041706085,0.18326418101787567,0.1500803530216217,0.019949663430452347,0.06967364251613617,0.051055148243904114,0.06372574716806412,0.13797511160373688,0.14384162425994873,0.08009395748376846,0.013310035690665245,0.02513018622994423,0.1453869789838791,0.05524362996220589,0.08076450973749161,0.05235747992992401,0.046185627579689026,0.14864853024482727,0.14909431338310242,0.058516863733530045,0.02447269670665264,0.10023332387208939,0.10003318637609482,0.17485474050045013,0.03938071429729462,0.3968159854412079,1.118322730064392,0.2713127136230469,0.13310253620147705,0.25940391421318054,0.16326220333576202,0.15705649554729462,0.05225738137960434
AB707,0.0,0.0,0.0,4.166666667,0.0,0.0,0.222222222,0.555555556,0.222222222,0.0,0.0,0.166666667,0.0,1.722222222,0.388888889,0.666666667,0.0,0.0,0.0,0.0,0.166666667,0.0,0.0,0.055555556,0.0,0.0,0.0,0.0,0.0,0.0,0.055555556,0.0,0.0,0.0,0.0,0.0,0.0,0.0,0.0,0.0,0.0,0.0,0.0,0.0,1.166666667,0.0,0.0,0.388888889,0.0,0.111111111,0.0,0.2723671793937683,0.07895541191101074,0.5826045274734497,1.4208552837371826,0.1627184897661209,0.1535545140504837,0.25216811895370483,0.25619763135910034,0.5044188499450684,0.19288353621959686,0.16855888068675995,0.1841486394405365,0.06438709050416946,0.9301705956459045,0.1501130908727646,0.2128911167383194,0.14277620613574982,0.18406465649604797,0.05925396457314491,0.22968754172325134,0.19289375841617584,0.017424972727894783,0.08600941300392151,0.050671808421611786,0.05972891300916672,0.17460069060325623,0.09725576639175415,0.06154638156294823,0.08095929771661758,0.17730051279067993,0.24380236864089966,0.07104317098855972,0.13045813143253326,0.09472694247961044,0.062007054686546326,0.34583306312561035,0.24247139692306519,0.055793121457099915,0.03825143724679947,0.1989581435918808,0.1224462017416954,0.17652484774589539,0.06282399594783783,0.29195138812065125,0.7236093878746033,0.3278687298297882,0.1469569057226181,0.352206289768219,0.16458167135715485,0.14960350096225739,0.10181967914104462
AB731,0.055555556,0.0,1.055555556,0.277777778,0.833333333,0.388888889,0.0,0.333333333,0.0,0.0,0.0,0.111111111,0.0,0.333333333,0.0,0.0,0.055555556,0.0,0.0,0.0,0.0,0.0,0.0,0.0,0.0,0.222222222,0.0,0.0,0.0,0.0,0.0,0.0,0.0,0.055555556,0.0,1.111111111,0.0,0.0,0.0,0.0,1.166666667,1.444444444,0.277777778,0.222222222,0.444444444,0.0,0.111111111,0.0,0.944444444,0.333333333,0.0,0.2912352681159973,0.0724935233592987,0.6497847437858582,0.44411998987197876,0.15670563280582428,0.2365797609090805,0.28388112783432007,0.24305233359336853,0.3924298584461212,0.11456102877855301,0.12262064963579178,0.13760489225387573,0.05434127897024155,0.7026387453079224,0.11140575259923935,0.20815810561180115,0.13239076733589172,0.2189740240573883,0.06837737560272217,0.23292005062103271,0.16605785489082336,0.037198517471551895,0.0990111455321312,0.02669708989560604,0.05099715292453766,0.1292554885149002,0.05059940367937088,0.03890954330563545,0.04595014452934265,0.18788333237171173,0.232716366648674,0.06340686231851578,0.04412243142724037,0.15233063697814941,0.060490697622299194,0.47942793369293213,0.16564227640628815,0.03231341764330864,0.026867860928177834,0.09047874808311462,0.26559194922447205,0.43965083360671997,0.04463701322674751,0.5227201581001282,0.4343620836734772,0.31190353631973267,0.17060628533363342,0.3650720715522766,0.3362438678741455,0.1671382635831833,0.07946503162384033
AB744,0.333333333,0.333333333,0.166666667,0.0,0.166666667,0.0,1.722222222,0.944444444,0.0,0.0,0.0,0.0,0.0,0.722222222,0.0,0.055555556,0.0,0.0,0.0,0.0,0.0,0.0,0.0,0.0,0.0,0.166666667,0.0,0.0,0.0,0.388888889,0.222222222,0.0,0.0,0.111111111,0.0,0.666666667,0.0,0.0,0.0,0.0,0.0,0.777777778,0.166666667,0.111111111,0.0,0.222222222,0.388888889,0.0,0.055555556,0.055555556,0.0,0.27058669924736023,0.2805005609989166,0.5834431052207947,0.33359184861183167,0.520588755607605,0.26684534549713135,0.6670604348182678,0.5463548898696899,0.3946426212787628,0.11074048280715942,0.14869017899036407,0.1408977061510086,0.07367385923862457,0.8300526738166809,0.053810857236385345,0.14705808460712433,0.11753067374229431,0.3806650638580322,0.19613343477249146,0.22966767847537994,0.313248872756958,0.2893006503582001,0.14655357599258423,0.05511645972728729,0.034895315766334534,0.13146288692951202,0.032160934060811996,0.04184745252132416,0.09171272069215775,0.14893139898777008,0.1411079466342926,0.14460672438144684,0.15549536049365997,0.19348108768463135,0.07435554265975952,0.470513254404068,0.1497671902179718,0.029136987403035164,0.029850034043192863,0.040647365152835846,0.18986763060092926,0.40993553400039673,0.13578851521015167,0.28519076108932495,0.1303374320268631,0.2280847430229187,0.1895093470811844,0.20286542177200317,0.2455855756998062,0.13342386484146118,0.10606980323791504
AC299,0.107142857,0.0,0.285714286,0.785714286,0.0,0.142857143,0.178571429,0.25,0.571428571,0.107142857,0.107142857,0.5,0.142857143,0.821428571,0.392857143,0.392857143,0.071428571,0.107142857,0.107142857,0.071428571,0.25,0.071428571,0.178571429,0.107142857,0.0,0.142857143,0.0,0.107142857,0.0,0.107142857,0.464285714,0.214285714,0.0,0.107142857,0.107142857,0.571428571,0.5,0.0,0.0,0.0,0.142857143,0.321428571,0.035714286,0.357142857,0.678571429,0.892857143,0.0,0.642857143,0.428571429,0.035714286,0.0,0.22403961420059204,0.060582250356674194,0.3114756941795349,0.4253263771533966,0.3341195285320282,0.16318754851818085,0.3500187397003174,0.12784741818904877,0.3392590880393982,0.05830288678407669,0.16105583310127258,0.3162062168121338,0.06819713115692139,1.006617784500122,0.2759391963481903,0.2708607017993927,0.22046293318271637,0.10950953513383865,0.044522225856781006,0.412221759557724,0.4836641848087311,0.038361046463251114,0.47389909625053406,0.048383086919784546,0.13871274888515472,0.09262832254171371,0.18158408999443054,0.12640143930912018,0.06820714473724365,0.1083051785826683,0.22181753814220428,0.110939159989357,0.11190220713615417,0.05591826140880585,0.044542521238327026,0.5357110500335693,0.14452356100082397,0.015958372503519058,0.0378364622592926,0.11854144185781479,0.16585035622119904,0.3020568788051605,0.07155163586139679,0.3150756359100342,0.3557355999946594,0.1534200757741928,0.0642939954996109,0.31034228205680847,0.3479672968387604,0.10120848566293716,0.054812416434288025
AD649,0.214285714,0.0,0.071428571,0.0,0.0,0.0,0.0,0.0,0.0,0.0,0.0,0.0,0.0,0.0,0.0,0.0,0.0,0.214285714,0.0,0.0,0.0,0.428571429,0.285714286,1.142857143,0.0,0.071428571,0.571428571,0.428571429,1.5,0.5,1.357142857,0.857142857,1.0,0.642857143,0.642857143,0.642857143,0.0,1.0,0.0,1.214285714,0.0,0.0,0.0,0.0,0.0,0.0,0.0,0.0,0.0,0.0,0.0,0.3279557228088379,0.08838247507810593,0.239334374666214,0.04985957592725754,0.15736855566501617,0.040494173765182495,0.28936201333999634,0.22348393499851227,0.6424446702003479,0.12621921300888062,0.19932369887828827,0.2278342843055725,0.08009140193462372,0.7431264519691467,0.29573509097099304,0.4299854338169098,0.15749049186706543,0.09430083632469177,0.1844111680984497,0.3190743029117584,0.27990826964378357,0.403883159160614,0.20612601935863495,0.4983970522880554,0.06090063974261284,0.17580273747444153,0.3426648676395416,0.2366848737001419,0.9404020309448242,0.47313764691352844,0.2860206663608551,0.25429484248161316,0.8120929002761841,0.16762740910053253,0.13551664352416992,0.3371008634567261,0.14944636821746826,0.11302226781845093,0.025844953954219818,0.40772581100463867,0.10336174070835114,0.08481892198324203,0.13720960915088654,0.07350488007068634,0.0666038915514946,0.3325616717338562,0.08040761947631836,0.7425417304039001,0.09544932842254639,0.11968859285116196,0.10751046240329742
AE334,0.111111111,0.0,1.074074074,0.333333333,0.740740741,0.666666667,0.518518519,0.555555556,0.111111111,0.0,0.0,0.0,0.0,0.259259259,0.185185185,0.111111111,0.0,0.222222222,0.0,0.0,0.0,0.0,0.0,0.0,0.0,0.0,0.0,0.0,0.0,0.0,0.185185185,0.074074074,0.0,0.074074074,0.074074074,0.925925926,0.222222222,0.0,0.0,0.0,1.222222222,0.851851852,0.0,0.851851852,0.851851852,0.111111111,0.222222222,0.296296296,0.444444444,0.148148148,0.444444444,0.3009498417377472,0.1901100128889084,0.6755627989768982,0.4680061936378479,0.42459920048713684,0.39487317204475403,0.34193992614746094,0.34083792567253113,0.22702591121196747,0.056039415299892426,0.11600524187088013,0.09546545892953873,0.07211438566446304,0.7536206841468811,0.28044459223747253,0.22950468957424164,0.25659334659576416,0.18758444488048553,0.04174796864390373,0.15960286557674408,0.17769035696983337,-0.005570606794208288,0.0916258841753006,0.012746979482471943,0.013620216399431229,0.10310574620962143,0.19436269998550415,0.059245508164167404,-0.02267090603709221,0.04346432536840439,0.13561168313026428,0.06484404951334,0.03744720295071602,0.13266126811504364,0.05326882749795914,0.5930131673812866,0.1396961510181427,0.014099025167524815,0.020159583538770676,0.0361335314810276,0.30991503596305847,0.3266129195690155,0.04899858683347702,0.7014356851577759,0.8968551754951477,0.2950134575366974,0.14610014855861664,0.2716800570487976,0.35795003175735474,0.12952248752117157,0.11709698289632797
AE646,0.392857143,0.25,0.285714286,0.107142857,0.428571429,0.321428571,0.785714286,0.142857143,0.464285714,0.0,0.107142857,0.0,0.0,0.178571429,0.0,0.0,0.0,0.107142857,0.107142857,0.357142857,0.25,0.0,0.0,0.142857143,0.0,0.0,0.0,0.0,0.0,0.107142857,0.357142857,0.178571429,0.071428571,0.714285714,0.321428571,0.857142857,0.214285714,0.428571429,0.285714286,0.25,0.0,0.071428571,0.285714286,0.0,0.107142857,0.142857143,0.071428571,0.214285714,0.035714286,0.107142857,0.142857143,0.4258957505226135,0.30920952558517456,0.34946301579475403,0.4396069645881653,0.331310510635376,0.13901691138744354,0.3005657494068146,0.23023250699043274,0.4327391982078552,0.0629463717341423,0.22652241587638855,0.12524475157260895,0.051707684993743896,0.48323649168014526,0.10744398087263107,0.11400895565748215,0.23346255719661713,0.12454844266176224,0.09234479814767838,0.7046791911125183,0.9533530473709106,0.0836908295750618,0.6869192123413086,0.09057880192995071,0.023996131494641304,0.10219258069992065,0.04557052254676819,0.11739189922809601,0.10025162249803543,0.17864090204238892,0.20187756419181824,0.13482843339443207,0.4560299515724182,0.3302261531352997,0.24517685174942017,0.5275176167488098,0.23107074201107025,0.14423492550849915,0.07894616574048996,0.2240951657295227,0.1502292901277542,0.19168275594711304,0.19399549067020416,0.4761315584182739,0.28182587027549744,0.20294080674648285,0.08160975575447083,0.27775514125823975,0.23313120007514954,0.0963362529873848,0.06592743843793869
AG575,0.066666667,0.033333333,0.233333333,0.0,0.0,0.0,0.0,0.0,0.0,0.0,0.0,0.0,0.0,0.266666667,0.0,0.066666667,0.0,0.0,0.033333333,0.566666667,0.1,0.233333333,0.133333333,0.2,0.0,0.0,0.233333333,0.366666667,0.466666667,0.133333333,0.4,0.933333333,3.8,0.133333333,0.433333333,0.533333333,0.1,0.0,0.066666667,0.0,0.166666667,0.0,0.0,0.0,0.0,0.0,0.0,0.0,0.1,0.0,0.1,0.3462026119232178,0.06331299990415573,0.3106469511985779,0.09174367785453796,0.1346864104270935,0.05759778991341591,0.1411680281162262,0.04866728559136391,0.2934291958808899,0.12552034854888916,0.18574665486812592,0.051799993962049484,0.07011592388153076,0.5765642523765564,0.11570416390895844,0.16273623704910278,0.08541978150606155,0.09548500180244446,0.05082258954644203,0.3873213529586792,0.27194100618362427,0.2644575536251068,0.20610001683235168,0.1694883108139038,0.07610064744949341,0.23797772824764252,0.13967952132225037,0.12409564107656479,0.49482354521751404,0.36434197425842285,0.36272355914115906,0.4209553003311157,2.4825754165649414,0.12094960361719131,0.13744452595710754,0.3423290252685547,0.1421247124671936,0.038708046078681946,0.0414527952671051,0.13204683363437653,0.08653837442398071,0.282895028591156,0.09254186600446701,0.07106347382068634,0.1201300397515297,0.19313931465148926,0.030074916779994965,0.22533343732357025,0.0502166710793972,0.1282101273536682,0.06928431242704391
AH269,0.133333333,0.0,0.2,0.033333333,0.133333333,0.0,0.0,0.0,0.133333333,0.0,0.0,0.0,0.0,0.266666667,0.133333333,0.066666667,0.0,0.033333333,0.333333333,0.366666667,0.133333333,0.766666667,0.066666667,0.166666667,0.0,0.0,0.0,0.033333333,0.3,0.2,0.6,0.9,4.033333333,0.066666667,0.133333333,0.133333333,0.0,0.0,0.0,0.066666667,0.1,0.033333333,0.0,0.0,0.0,0.0,0.0,0.1,0.0,0.0,0.0,0.33384382724761963,0.11942338943481445,0.37726426124572754,0.07158678770065308,0.07559452205896378,0.09184158593416214,0.30424585938453674,0.1921662986278534,0.46129143238067627,0.13618458807468414,0.32110366225242615,0.09709376841783524,0.0794839933514595,0.586000382900238,0.21981018781661987,0.42099547386169434,0.175820454955101,0.29690685868263245,0.17445264756679535,0.35969802737236023,0.23225396871566772,0.33523157238960266,0.17826515436172485,0.09518726170063019,0.14155417680740356,0.15961496531963348,0.25161072611808777,0.21401722729206085,0.6622668504714966,0.34271225333213806,0.33482998609542847,0.27531757950782776,2.6509621143341064,0.14289049804210663,0.1156628206372261,0.28809496760368347,0.14921720325946808,0.08076691627502441,0.025589725002646446,0.15859787166118622,0.1838182955980301,0.1528221219778061,0.12109916657209396,0.14112378656864166,0.1158536821603775,0.2863364815711975,0.08460107445716858,0.28356310725212097,0.1579381376504898,0.1264255940914154,0.1097215786576271
AJ522,0.172413793,0.0,0.310344828,0.310344828,0.24137931,0.137931034,0.448275862,0.379310345,2.310344828,0.0,0.0,0.827586207,0.103448276,2.517241379,0.620689655,0.310344828,0.896551724,0.103448276,0.068965517,0.0,0.0,0.0,0.172413793,0.0,0.0,0.103448276,0.0,0.0,0.0,0.068965517,0.379310345,0.0,0.0,0.103448276,0.0,0.206896552,0.0,0.0,0.0,0.137931034,0.103448276,0.0,0.0,0.689655172,0.24137931,0.379310345,0.103448276,0.137931034,0.448275862,0.0,0.0,0.38119345903396606,0.14082852005958557,0.3539154827594757,0.20044705271720886,0.33399683237075806,0.08477441966533661,0.31570199131965637,0.20189268887043,0.7407245635986328,0.08304893970489502,0.19074074923992157,0.15544268488883972,0.07782404124736786,1.0217491388320923,0.26011836528778076,0.2669571340084076,1.0781067609786987,0.15513160824775696,0.09908165782690048,0.2368747889995575,0.2973328232765198,0.07791416347026825,0.22227802872657776,0.11660890281200409,0.030315032228827477,0.15722379088401794,0.13230380415916443,0.08276844769716263,0.09163262695074081,0.23176521062850952,0.1992674022912979,0.05546167865395546,0.12769843637943268,0.26928457617759705,0.08845636248588562,0.47749173641204834,0.15779240429401398,0.07062345743179321,0.035120461136102676,0.11167660355567932,0.23241424560546875,0.20794746279716492,0.0537189282476902,0.23402123153209686,0.1933821439743042,0.2627551257610321,0.09676741063594818,0.2581669092178345,0.31466567516326904,0.14879612624645233,0.1480078101158142
AK497,0.133333333,0.066666667,0.666666667,0.233333333,0.266666667,0.1,0.533333333,0.166666667,1.5,0.133333333,0.166666667,0.066666667,0.133333333,1.333333333,0.333333333,0.133333333,0.533333333,0.0,0.0,0.166666667,0.533333333,0.0,0.533333333,0.233333333,0.0,0.133333333,0.0,0.0,0.0,0.266666667,0.433333333,0.033333333,0.0,0.466666667,0.0,0.933333333,0.2,0.0,0.0,0.033333333,0.0,0.0,0.2,0.366666667,0.233333333,0.5,0.333333333,0.2,0.233333333,0.166666667,0.266666667,0.4701211154460907,0.16997064650058746,0.4409441351890564,0.07920519262552261,0.32484036684036255,0.208682119846344,0.47411075234413147,0.28427377343177795,0.9624661803245544,0.9307410717010498,0.18361099064350128,0.23215332627296448,0.05888700857758522,1.4707971811294556,0.2688967287540436,0.30133146047592163,0.2521864175796509,0.06637480109930038,0.05821654945611954,0.22533023357391357,0.2690526247024536,0.03481323644518852,0.2918494641780853,0.16087788343429565,0.05373315513134003,0.3254866302013397,0.05170423537492752,0.07593053579330444,0.10893043130636215,0.44009336829185486,0.24331994354724884,0.0546688474714756,0.03512721136212349,0.1934194713830948,0.05422798544168472,0.5738881230354309,0.1583373248577118,0.043550651520490646,0.043780118227005005,0.1253085732460022,0.1260911077260971,0.1604495793581009,0.10012946277856827,0.25675106048583984,0.16549430787563324,0.4596783518791199,0.17803193628787994,0.28620409965515137,0.22619499266147614,0.15954753756523132,0.15322580933570862
AK895,0.5,0.166666667,0.5,0.1,0.066666667,0.433333333,0.333333333,0.3,0.833333333,2.566666667,0.233333333,0.066666667,0.0,2.066666667,0.1,0.2,0.366666667,0.0,0.0,0.0,0.166666667,0.0,0.166666667,0.0,0.0,0.133333333,0.0,0.0,0.1,0.6,0.266666667,0.133333333,0.0,0.0,0.0,0.166666667,0.266666667,0.0,0.0,0.0,0.1,0.0,0.0,0.3,0.1,0.633333333,0.1,0.366666667,0.1,0.0,0.333333333,0.4773551821708679,0.06767396628856659,0.5814839601516724,0.10280868411064148,0.32812103629112244,0.2062845081090927,0.4930993318557739,0.2937778830528259,0.9021852612495422,1.076221227645874,0.1934080570936203,0.15893273055553436,0.057056725025177,1.4808790683746338,0.329122930765152,0.3072488009929657,0.32065707445144653,0.08443877100944519,0.06728453189134598,0.24838636815547943,0.2717777192592621,0.021106669679284096,0.2865796685218811,0.05766642838716507,0.028977124020457268,0.19161346554756165,0.02013256587088108,0.05598324164748192,0.08939623087644577,0.41286394000053406,0.192002072930336,0.03583740442991257,0.004855965729802847,0.13653145730495453,0.050591763108968735,0.42774274945259094,0.19986474514007568,0.09351378679275513,0.035991180688142776,0.10854005813598633,0.0938500389456749,0.12433506548404694,0.0694785788655281,0.2231483906507492,0.17769360542297363,0.34708791971206665,0.14705458283424377,0.2675980031490326,0.1679469496011734,0.14061544835567474,0.1805514693260193
AL508,1.2,0.066666667,0.666666667,0.033333333,0.666666667,0.3,0.2,0.0,0.166666667,0.2,0.4,0.133333333,0.0,0.633333333,0.1,0.133333333,0.1,0.0,0.066666667,0.433333333,0.8,0.0,0.5,0.0,0.0,0.066666667,0.0,0.0,0.033333333,0.333333333,0.5,0.066666667,0.133333333,0.333333333,0.133333333,1.166666667,0.0,0.1,0.0,0.266666667,0.366666667,0.233333333,0.166666667,0.0,0.233333333,0.066666667,0.133333333,0.0,0.466666667,0.266666667,0.333333333,0.7437719702720642,0.08273737132549286,0.7482859492301941,0.19250346720218658,0.5297315120697021,0.18978261947631836,0.48747143149375916,0.1459617167711258,0.7902457118034363,0.2362213134765625,0.1908790022134781,0.17761772871017456,0.056167881935834885,0.9068818688392639,0.23894399404525757,0.22785842418670654,0.18426233530044556,0.10605157166719437,0.06606480479240417,0.2948247194290161,0.5793613195419312,0.18690282106399536,0.3294036090373993,0.10075585544109344,0.023828892037272453,0.22299908101558685,0.09472797811031342,0.057408545166254044,0.19646507501602173,0.3833736777305603,0.2665131986141205,0.20503132045269012,0.3632723093032837,0.2601345181465149,0.09319432824850082,0.8013291358947754,0.19402256608009338,0.1648237407207489,0.04657535254955292,0.4570203721523285,0.2745819389820099,0.126073956489563,0.17320631444454193,0.12365348637104034,0.12155400961637497,0.2826268970966339,0.18357007205486298,0.22934851050376892,0.3490683436393738,0.15399648249149323,0.13589471578598022
AL541,0.6,0.0,0.733333333,1.466666667,0.633333333,0.1,0.566666667,0.0,0.533333333,0.066666667,0.066666667,0.0,0.0,1.833333333,0.5,0.466666667,0.7,0.0,0.0,0.1,0.0,0.0,0.066666667,0.0,0.133333333,0.1,0.066666667,0.0,0.066666667,0.166666667,0.3,0.0,0.0,0.4,0.0,0.8,0.166666667,0.033333333,0.1,0.133333333,0.1,0.033333333,0.233333333,0.066666667,0.533333333,0.0,0.2,0.033333333,0.066666667,0.2,0.1,0.612537145614624,0.08249498158693314,0.6041961312294006,0.6388670802116394,0.5225918889045715,0.17984779179096222,0.5326369404792786,0.18182164430618286,0.8237190842628479,0.14925362169742584,0.1455405205488205,0.09166992455720901,0.057860858738422394,1.2800531387329102,0.3468005657196045,0.3865419924259186,0.21210619807243347,0.07785261422395706,0.04468809813261032,0.24121268093585968,0.33129987120628357,0.05028676986694336,0.3050946593284607,0.1394125074148178,0.025861134752631187,0.19519078731536865,0.08134244382381439,0.06926451623439789,0.14481015503406525,0.299372136592865,0.16854974627494812,0.11704695969820023,0.05225163325667381,0.20928023755550385,0.04973588511347771,0.6593500375747681,0.2101386934518814,0.25419411063194275,0.04419717565178871,0.2995825707912445,0.14177751541137695,0.1068994551897049,0.1201871782541275,0.1964988112449646,0.22323864698410034,0.3587097227573395,0.1368485391139984,0.24848729372024536,0.15588535368442535,0.1347825825214386,0.11507128179073334
AL657,0.933333333,0.133333333,0.333333333,0.433333333,0.266666667,0.133333333,0.833333333,0.333333333,2.0,0.266666667,0.9,0.433333333,0.233333333,2.066666667,0.266666667,0.4,0.166666667,0.0,0.0,0.066666667,0.066666667,0.166666667,0.233333333,0.066666667,0.033333333,0.266666667,0.0,0.0,0.166666667,0.133333333,0.3,0.0,0.066666667,0.166666667,0.0,0.133333333,0.0,0.0,0.0,0.1,0.0,0.233333333,0.066666667,0.0,0.1,0.366666667,0.0,0.5,0.2,0.0,0.066666667,0.813110888004303,0.05146646499633789,0.8855318427085876,0.4177647829055786,0.48777976632118225,0.2038416862487793,0.5778838396072388,0.25818923115730286,0.7094924449920654,0.08985575288534164,0.12961788475513458,0.10606144368648529,0.05572371184825897,1.0672179460525513,0.31826499104499817,0.3232666552066803,0.19838283956050873,0.09540516883134842,0.063932865858078,0.2143622189760208,0.3347780108451843,0.050583887845277786,0.30300697684288025,0.11809317767620087,0.023627305403351784,0.18913431465625763,0.017126724123954773,0.036460038274526596,0.09966272860765457,0.1614905744791031,0.16349312663078308,0.02132948860526085,0.016448087990283966,0.3141736686229706,0.0660550519824028,0.845087468624115,0.17543268203735352,0.06125367060303688,0.02776002325117588,0.06350778788328171,0.1982380598783493,0.11092294007539749,0.03947817161679268,0.13263513147830963,0.19416099786758423,0.2556816041469574,0.1159433126449585,0.20142526924610138,0.21435466408729553,0.13391324877738953,0.15534062683582306
AM461,0.266666667,0.0,0.9,0.1,0.666666667,0.266666667,1.7,1.3,0.4,0.2,0.233333333,0.066666667,0.1,0.733333333,0.266666667,0.233333333,0.166666667,0.033333333,0.0,0.066666667,0.233333333,0.1,0.133333333,0.066666667,0.0,0.2,0.133333333,0.0,0.0,0.2,0.033333333,0.0,0.0,0.033333333,0.0,0.233333333,0.0,0.0,0.0,0.0,0.033333333,0.0,0.3,0.1,0.0,0.0,0.0,0.266666667,0.0,0.2,0.066666667,0.5480694770812988,0.29000478982925415,0.625767171382904,0.14048440754413605,0.43579789996147156,0.1891278177499771,0.9952408671379089,0.5883873701095581,0.5408990383148193,0.5941752791404724,0.1775822639465332,0.1755150854587555,0.06965143233537674,0.9713979363441467,0.37922167778015137,0.37659674882888794,0.2212800681591034,0.09301584213972092,0.05609433352947235,0.23734155297279358,0.3002545237541199,0.05128610506653786,0.12756726145744324,0.09342718124389648,0.07415618747472763,0.3452170193195343,0.1855574995279312,0.1154327392578125,0.15461313724517822,0.23574239015579224,0.175455242395401,0.05214538052678108,0.0961698517203331,0.1973356455564499,0.07224982231855392,0.5448245406150818,0.16371358931064606,0.03659608215093613,0.05486565828323364,0.08896026015281677,0.14628523588180542,0.1886519342660904,0.16139423847198486,0.13347136974334717,0.20325495302677155,0.28899022936820984,0.21538245677947998,1.0313488245010376,0.14535300433635712,0.16648848354816437,0.13105690479278564
AM810,0.633333333,0.0,0.266666667,0.266666667,0.4,0.6,1.233333333,0.7,0.533333333,0.2,0.1,0.066666667,0.1,1.6,0.166666667,0.6,0.0,0.066666667,0.0,0.0,0.0,0.0,0.0,0.0,0.866666667,1.233333333,0.0,0.0,0.0,0.0,0.0,0.0,0.0,0.3,0.0,0.233333333,0.0,0.0,0.0,0.0,0.0,0.0,0.133333333,0.5,0.666666667,0.2,0.2,0.066666667,0.0,0.2,0.133333333,0.3549427390098572,0.10824421793222427,0.6461377143859863,0.5231834650039673,0.6155392527580261,0.3520878851413727,0.6313443183898926,0.611985445022583,0.4138976037502289,0.11916511505842209,0.18050514161586761,0.11259504407644272,0.06681929528713226,1.3162277936935425,0.2859915792942047,0.327984094619751,0.2223305106163025,0.16041137278079987,0.09271552413702011,0.21576714515686035,0.2504573166370392,0.07782400399446487,0.13170534372329712,0.12083543837070465,0.08752675354480743,0.26216113567352295,0.10798521339893341,0.07760217785835266,0.1114649549126625,0.14847248792648315,0.10697650909423828,0.04284284636378288,0.09609031677246094,0.1763094961643219,0.05102536082267761,0.514776885509491,0.18066821992397308,0.036987967789173126,0.0361892394721508,0.07438873499631882,0.13884738087654114,0.16028575599193573,0.07952263951301575,0.25819918513298035,0.2817818820476532,0.29246702790260315,0.18422840535640717,0.2317066341638565,0.1132398247718811,0.12803661823272705,0.14762206375598907
AN087,0.8,0.0,1.5,0.1,1.466666667,0.533333333,0.266666667,0.133333333,0.433333333,0.066666667,0.0,0.133333333,0.0,0.466666667,0.1,0.166666667,0.433333333,0.2,0.366666667,0.766666667,1.466666667,0.366666667,0.7,0.166666667,0.0,0.233333333,0.0,0.1,0.0,0.2,0.166666667,0.1,0.333333333,0.1,0.066666667,0.666666667,0.0,0.0,0.0,0.0,0.366666667,0.166666667,0.033333333,0.0,0.0,0.0,0.2,0.0,0.333333333,0.133333333,0.266666667,0.47137588262557983,0.04730967432260513,1.1576184034347534,0.42034628987312317,1.0247011184692383,0.6876693367958069,0.6125681400299072,0.4763200283050537,0.7417392134666443,0.1538396179676056,0.1964174211025238,0.3462725281715393,0.0782855898141861,1.1293702125549316,0.3363993167877197,0.2686839699745178,0.22053386270999908,0.13850027322769165,0.06598372012376785,0.2929995059967041,0.30477964878082275,0.13038226962089539,0.170531764626503,0.10171142965555191,0.02616872824728489,0.14786961674690247,0.046532854437828064,0.07204011082649231,0.1253824383020401,0.2285793423652649,0.2604126036167145,0.1233760267496109,0.20960594713687897,0.2938469648361206,0.07231355458498001,0.537624716758728,0.13822874426841736,0.03339364379644394,0.02984248287975788,0.07237329334020615,0.3731818199157715,0.17175909876823425,0.10335445404052734,0.26323816180229187,0.2974158823490143,0.22850178182125092,0.1311527043581009,0.24801000952720642,0.2475750744342804,0.1394052803516388,0.11925140768289566
AN565,0.733333333,0.0,1.033333333,0.233333333,1.566666667,0.466666667,0.466666667,0.1,0.3,0.166666667,0.133333333,0.0,0.0,0.966666667,0.3,0.266666667,0.1,0.266666667,0.133333333,0.0,0.333333333,0.133333333,0.0,0.0,0.0,0.466666667,0.0,0.0,0.233333333,0.333333333,0.266666667,0.0,0.0,0.366666667,0.0,0.433333333,0.0,0.0,0.0,0.0,0.633333333,0.166666667,0.1,0.3,0.166666667,0.233333333,0.0,0.133333333,0.266666667,0.266666667,0.3,0.3254437744617462,0.09894296526908875,0.6608728170394897,0.3331303894519806,0.740241527557373,0.29031670093536377,0.5182338953018188,0.5174040198326111,0.5149032473564148,0.1958223134279251,0.15471185743808746,0.11479850858449936,0.06594964861869812,1.307918906211853,0.39726531505584717,0.384040892124176,0.3322966992855072,0.1705997735261917,0.0971360057592392,0.29947665333747864,0.2975991368293762,0.1554548442363739,0.17259687185287476,0.1408083587884903,0.02963153086602688,0.1899881809949875,0.06007085740566254,0.06784439831972122,0.09474892914295197,0.26988548040390015,0.1747116595506668,0.1358300745487213,0.21802200376987457,0.18266819417476654,0.057213958352804184,0.5828853249549866,0.18027570843696594,0.0501980297267437,0.04215778782963753,0.11973777413368225,0.29398128390312195,0.1958223581314087,0.08211211860179901,0.21488966047763824,0.20531406998634338,0.21649156510829926,0.11048706620931625,0.23826994001865387,0.3017006516456604,0.1309358775615692,0.1158733069896698
