epoch	train_loss	test_loss	test_metric
0	0.1890636831521988	0.20570456981658936	-0.039771731942892075
1	0.18737295269966125	0.20410951972007751	-0.029035864397883415
2	0.18601273000240326	0.2025497406721115	-0.018253643065690994
3	0.1846347600221634	0.20102696120738983	-0.007612830959260464
4	0.18319761753082275	0.19956032931804657	0.0026815449818968773
5	0.18222759664058685	0.19812676310539246	0.012930522672832012
6	0.18059870600700378	0.19671212136745453	0.023189520463347435
7	0.17923709750175476	0.19529126584529877	0.03378761187195778
8	0.17802605032920837	0.19385594129562378	0.04473727568984032
9	0.17672628164291382	0.19241464138031006	0.05557824671268463
10	0.1755516529083252	0.19097095727920532	0.06620635092258453
11	0.1742831915616989	0.1895224004983902	0.07653115689754486
12	0.17283190786838531	0.18805089592933655	0.08672233670949936
13	0.1715831756591797	0.1865570843219757	0.0966930016875267
14	0.1704695224761963	0.18504361808300018	0.10638061910867691
15	0.16878162324428558	0.18351039290428162	0.11574637144804001
16	0.16774848103523254	0.18195465207099915	0.12488891929388046
17	0.16589927673339844	0.18037158250808716	0.13393652439117432
18	0.1647193431854248	0.17875874042510986	0.14293146133422852
19	0.1635153889656067	0.17711994051933289	0.1518554836511612
20	0.1618957817554474	0.17546047270298004	0.1606687754392624
21	0.16045716404914856	0.1737794280052185	0.16941973567008972
22	0.15869806706905365	0.1720810979604721	0.17810483276844025
23	0.15723881125450134	0.1703662872314453	0.18671515583992004
24	0.15590231120586395	0.16863706707954407	0.1952494978904724
25	0.15431006252765656	0.16689978539943695	0.2037520855665207
26	0.15288333594799042	0.1651613414287567	0.21221256256103516
27	0.15144582092761993	0.1634265035390854	0.2206660956144333
28	0.150083988904953	0.16170091927051544	0.22903937101364136
29	0.14817920327186584	0.15999029576778412	0.23743826150894165
30	0.14680606126785278	0.15830126404762268	0.24579881131649017
31	0.1450999528169632	0.15663942694664001	0.2541482746601105
32	0.1441955268383026	0.15501561760902405	0.26246169209480286
33	0.1426611840724945	0.15343214571475983	0.27076199650764465
34	0.14108090102672577	0.15189771354198456	0.2790529429912567
35	0.13971461355686188	0.15041588246822357	0.28733885288238525
36	0.13847915828227997	0.1489962488412857	0.2955772280693054
37	0.13760386407375336	0.1476437747478485	0.3037553131580353
38	0.13590781390666962	0.1463584452867508	0.3118630051612854
39	0.13522358238697052	0.1451449692249298	0.31992587447166443
40	0.1338825821876526	0.14400295913219452	0.3279033899307251
41	0.13281528651714325	0.1429360955953598	0.3357413113117218
42	0.13190817832946777	0.14193984866142273	0.34347406029701233
43	0.13133633136749268	0.1410115361213684	0.35107195377349854
44	0.13041207194328308	0.14014816284179688	0.3584609031677246
45	0.12954483926296234	0.13934579491615295	0.3656002879142761
46	0.12881721556186676	0.1385999172925949	0.3724559247493744
47	0.12819541990756989	0.13790839910507202	0.37897789478302
48	0.1279626190662384	0.1372682899236679	0.3851349353790283
49	0.12751619517803192	0.13667680323123932	0.3908924460411072
50	0.12702375650405884	0.13612763583660126	0.39625608921051025
51	0.1266230344772339	0.13561677932739258	0.40121564269065857
52	0.12610217928886414	0.13514344394207	0.4057365655899048
53	0.1255803108215332	0.13470497727394104	0.40983089804649353
54	0.12536239624023438	0.1343008279800415	0.41351938247680664
55	0.12469645589590073	0.13393054902553558	0.4168115258216858
56	0.12510192394256592	0.13358475267887115	0.4197482764720917
57	0.12487956136465073	0.13326501846313477	0.42234012484550476
58	0.12488765269517899	0.13297393918037415	0.42460545897483826
59	0.12449026107788086	0.1327071487903595	0.42659056186676025
60	0.12454130500555038	0.13246649503707886	0.4283220171928406
61	0.1238948255777359	0.13225123286247253	0.42983973026275635
62	0.12360744923353195	0.13205787539482117	0.4311498701572418
63	0.12369838356971741	0.13188442587852478	0.43232598900794983
64	0.12320684641599655	0.13172924518585205	0.4334026575088501
65	0.12315095961093903	0.13158848881721497	0.4343975782394409
66	0.12295098602771759	0.13145893812179565	0.43532809615135193
67	0.12351840734481812	0.1313386708498001	0.4361818730831146
68	0.12284576892852783	0.13122612237930298	0.43701061606407166
69	0.12275905907154083	0.1311180144548416	0.43781399726867676
70	0.12219079583883286	0.13101506233215332	0.4386046230792999
71	0.1233290359377861	0.13091522455215454	0.43936389684677124
72	0.12278832495212555	0.13081704080104828	0.4401206970214844
73	0.12239094078540802	0.13072168827056885	0.4408431053161621
74	0.12242257595062256	0.13062745332717896	0.44152694940567017
75	0.12223578989505768	0.13053368031978607	0.4422175884246826
76	0.1224379613995552	0.13044163584709167	0.442875474691391
77	0.12222554534673691	0.13034924864768982	0.443520188331604
78	0.12206359207630157	0.13026033341884613	0.4441385865211487
79	0.1220969632267952	0.13017256557941437	0.44472479820251465
80	0.12185606360435486	0.13008618354797363	0.44528189301490784
81	0.12202555686235428	0.13000115752220154	0.4458129107952118
82	0.12146946042776108	0.12991604208946228	0.44631442427635193
83	0.12177182734012604	0.12982995808124542	0.4467952251434326
84	0.12141980230808258	0.12974238395690918	0.4472637176513672
85	0.12177316099405289	0.12965376675128937	0.44773298501968384
86	0.1213487908244133	0.1295652985572815	0.4482211768627167
87	0.12105927616357803	0.12947601079940796	0.44871166348457336
88	0.12107124924659729	0.1293850541114807	0.44920143485069275
89	0.12098295241594315	0.12929125130176544	0.44970080256462097
90	0.12102597951889038	0.12919655442237854	0.45024576783180237
91	0.12062645703554153	0.12909787893295288	0.45080021023750305
92	0.12063216418027878	0.12899599969387054	0.45136022567749023
93	0.12021224200725555	0.12889347970485687	0.4519314169883728
94	0.12033483386039734	0.1287873238325119	0.4525577127933502
95	0.12056103348731995	0.12868118286132812	0.4531751573085785
96	0.12009333819150925	0.12857463955879211	0.4538017809391022
97	0.12008006870746613	0.12846744060516357	0.4544747769832611
98	0.11996038258075714	0.12835973501205444	0.45516839623451233
99	0.11996594071388245	0.12825246155261993	0.45584937930107117
100	0.11954708397388458	0.12814678251743317	0.45654159784317017
101	0.11953898519277573	0.12804067134857178	0.4572376012802124
102	0.11931838095188141	0.12793342769145966	0.45793479681015015
103	0.1194174662232399	0.12782567739486694	0.4586402177810669
104	0.11960457265377045	0.12771934270858765	0.4593333601951599
105	0.11941500008106232	0.12761206924915314	0.4600272476673126
106	0.11898748576641083	0.12750186026096344	0.4607236385345459
107	0.11890461295843124	0.1273886114358902	0.4614243507385254
108	0.11900320649147034	0.12727108597755432	0.4621061384677887
109	0.11882400512695312	0.1271532028913498	0.4627879559993744
110	0.11865867674350739	0.1270328015089035	0.46347567439079285
111	0.1182510256767273	0.1269107162952423	0.46416592597961426
112	0.11825952678918839	0.12678919732570648	0.46485164761543274
113	0.11885451525449753	0.12666530907154083	0.4655378758907318
114	0.11789259314537048	0.1265406310558319	0.4662235379219055
115	0.11825673282146454	0.12641489505767822	0.46695229411125183
116	0.11752573400735855	0.1262901872396469	0.46770137548446655
117	0.11800497025251389	0.1261647343635559	0.4684669077396393
118	0.11767005920410156	0.1260397732257843	0.46924087405204773
119	0.11759006977081299	0.12591587007045746	0.4699971079826355
120	0.11743129044771194	0.12579266726970673	0.47076112031936646
121	0.11716783046722412	0.12567020952701569	0.47153154015541077
122	0.11726430803537369	0.12554846704006195	0.4723179042339325
123	0.11753130704164505	0.12542679905891418	0.473104864358902
124	0.11660659313201904	0.12530571222305298	0.4739004373550415
125	0.11689791083335876	0.12518468499183655	0.47469958662986755
126	0.11673008650541306	0.12506242096424103	0.47549793124198914
127	0.11670976132154465	0.12493856996297836	0.4763176739215851
128	0.11671154201030731	0.12481316924095154	0.47713106870651245
129	0.11711374670267105	0.12468872219324112	0.4779267907142639
130	0.11631866544485092	0.12456487119197845	0.4786688983440399
131	0.11582878977060318	0.12444024533033371	0.4794023633003235
132	0.11623147130012512	0.1243160143494606	0.4801214039325714
133	0.11599402874708176	0.1241915300488472	0.480826199054718
134	0.11592896282672882	0.12406303733587265	0.48151659965515137
135	0.11577623337507248	0.12393408268690109	0.4822259247303009
136	0.11533457040786743	0.12380209565162659	0.4829254150390625
137	0.1156030148267746	0.1236685961484909	0.48361945152282715
138	0.11491101235151291	0.12353327870368958	0.4843113124370575
139	0.11593697220087051	0.12339865416288376	0.4850079417228699
140	0.11455515772104263	0.12326466292142868	0.4856944680213928
141	0.11500634253025055	0.12312948703765869	0.48641517758369446
142	0.11472414433956146	0.12299365550279617	0.487155944108963
143	0.11482400447130203	0.12285759299993515	0.48790276050567627
144	0.1145138144493103	0.12272129207849503	0.4886523485183716
145	0.11409004777669907	0.12258367985486984	0.48941099643707275
146	0.11457545310258865	0.12244629859924316	0.490194708108902
147	0.11405099928379059	0.12230783700942993	0.49100029468536377
148	0.11471795290708542	0.12217117100954056	0.49182552099227905
149	0.11403419822454453	0.12203479558229446	0.49265456199645996
150	0.11355498433113098	0.12189949303865433	0.49346643686294556
151	0.11390609294176102	0.12176156789064407	0.49425575137138367
152	0.11343538761138916	0.12162478268146515	0.4949937164783478
153	0.11357511579990387	0.12148872762918472	0.4956809878349304
154	0.11331070959568024	0.1213534027338028	0.49633386731147766
155	0.11312906444072723	0.12121616303920746	0.49697890877723694
156	0.11279474198818207	0.12107667326927185	0.497609943151474
157	0.11232355982065201	0.12093658000230789	0.49824991822242737
158	0.11257924139499664	0.12079548835754395	0.498909592628479
159	0.11254288256168365	0.12065165489912033	0.4996291697025299
160	0.11223386973142624	0.12050441652536392	0.5003483891487122
161	0.11243974417448044	0.12035705894231796	0.5011007189750671
162	0.11260697990655899	0.12020676583051682	0.5019052028656006
163	0.1119743213057518	0.12005607783794403	0.5027487874031067
164	0.11191553622484207	0.11990397423505783	0.5035820603370667
165	0.1117968037724495	0.1197499930858612	0.5043962597846985
166	0.11154060810804367	0.11959657818078995	0.5052008628845215
167	0.1114349290728569	0.11944654583930969	0.5059719085693359
168	0.11077788472175598	0.11929641664028168	0.5067118406295776
169	0.11083716154098511	0.119146928191185	0.5074918270111084
170	0.11121416836977005	0.11899726837873459	0.5082231163978577
171	0.11062902957201004	0.1188473105430603	0.508959949016571
172	0.11080377548933029	0.11869728565216064	0.5096791982650757
173	0.11080334335565567	0.11854846030473709	0.5104156136512756
174	0.11046372354030609	0.11840230226516724	0.5111374855041504
175	0.11039971560239792	0.11825788021087646	0.5118826031684875
176	0.1098899245262146	0.11811599135398865	0.5126067996025085
177	0.10976075381040573	0.11797337979078293	0.5133447647094727
178	0.10961905866861343	0.11782984435558319	0.5141134858131409
179	0.10962210595607758	0.11768582463264465	0.5148607492446899
180	0.10973837226629257	0.11754048615694046	0.5155900716781616
181	0.10925845056772232	0.11739445477724075	0.5163135528564453
182	0.10933290421962738	0.11725088208913803	0.5170285105705261
183	0.10964206606149673	0.11710463464260101	0.517768144607544
184	0.10855840146541595	0.11695652455091476	0.5185303688049316
185	0.10874462127685547	0.11680429428815842	0.519321620464325
186	0.10860718041658401	0.1166488453745842	0.5201070308685303
187	0.10885033011436462	0.11649300903081894	0.5208488702774048
188	0.1084354817867279	0.11633861064910889	0.5216466188430786
189	0.10850322991609573	0.1161850318312645	0.5224408507347107
190	0.1084660217165947	0.11603043973445892	0.5232141017913818
191	0.1082196980714798	0.11587709933519363	0.5239996314048767
192	0.1080406904220581	0.11572305858135223	0.5247412919998169
193	0.10779250413179398	0.1155679002404213	0.5254640579223633
194	0.10746459662914276	0.11541477590799332	0.5261593461036682
195	0.10772479325532913	0.11526679247617722	0.5267991423606873
196	0.10764797031879425	0.11511720716953278	0.5274492502212524
197	0.1070609986782074	0.11496812105178833	0.5280219912528992
198	0.10749053210020065	0.11482172459363937	0.5285760760307312
199	0.10674695670604706	0.11467556655406952	0.5291200876235962
200	0.10670822858810425	0.11453015357255936	0.5296598672866821
201	0.10643381625413895	0.11438366025686264	0.5302122235298157
202	0.10663247108459473	0.11423759907484055	0.5308482646942139
203	0.1060534194111824	0.11408691108226776	0.5315055251121521
204	0.10647757351398468	0.113937608897686	0.5321911573410034
205	0.10607835650444031	0.11378693580627441	0.532953143119812
206	0.10586746037006378	0.11363859474658966	0.5337677001953125
207	0.10555413365364075	0.113491952419281	0.5345673561096191
208	0.10547787696123123	0.11334263533353806	0.5353425741195679
209	0.10534411668777466	0.11319207400083542	0.5361189842224121
210	0.10533700883388519	0.11304154992103577	0.5368621945381165
211	0.10468214750289917	0.11289318650960922	0.5375559329986572
212	0.10499276220798492	0.11274630576372147	0.5381528735160828
213	0.10451515763998032	0.11260136216878891	0.5386939644813538
214	0.1042555496096611	0.11246168613433838	0.5391685962677002
215	0.10435407608747482	0.1123238131403923	0.5396645069122314
216	0.10424601286649704	0.1121835857629776	0.5401542782783508
217	0.10440937429666519	0.11204329133033752	0.5407763719558716
218	0.10416890680789948	0.11190443485975266	0.5414519906044006
219	0.10391569137573242	0.11176572740077972	0.5421557426452637
220	0.10351613909006119	0.11163027584552765	0.5427940487861633
221	0.10336994379758835	0.1114911437034607	0.5434199571609497
222	0.10330749303102493	0.1113482192158699	0.5440081357955933
223	0.10369997471570969	0.1112048551440239	0.544609546661377
224	0.1030058041214943	0.11105859279632568	0.5451958179473877
225	0.10327044874429703	0.11091003566980362	0.5457959175109863
226	0.10274951905012131	0.11076142638921738	0.5463569164276123
227	0.10312067717313766	0.11061778664588928	0.5468670725822449
228	0.1024528294801712	0.1104738712310791	0.5474452376365662
229	0.10207999497652054	0.1103280633687973	0.5480253100395203
230	0.10185263305902481	0.11018016189336777	0.5487142205238342
231	0.10272058099508286	0.11003462225198746	0.5494353771209717
232	0.10197507590055466	0.10988868027925491	0.5501076579093933
233	0.10215620696544647	0.10974402725696564	0.5506821274757385
234	0.1022074818611145	0.10960390418767929	0.5512418150901794
235	0.10155592858791351	0.10946429520845413	0.5517308115959167
236	0.10198893398046494	0.1093270480632782	0.5522391200065613
237	0.10125743597745895	0.10918780416250229	0.5527340173721313
238	0.10132251679897308	0.1090531274676323	0.5532490611076355
239	0.10142511874437332	0.10892299562692642	0.55376797914505
240	0.10102827101945877	0.10879630595445633	0.5543133020401001
241	0.10108087956905365	0.10866919159889221	0.554823637008667
242	0.10072770714759827	0.10853801667690277	0.5552463531494141
243	0.10043659061193466	0.10840831696987152	0.5556963086128235
244	0.10068658739328384	0.10828197002410889	0.5561333894729614
245	0.10036318749189377	0.10815542936325073	0.5565939545631409
246	0.10050368309020996	0.10802818089723587	0.5570944547653198
247	0.10028181225061417	0.1079014241695404	0.5576156377792358
248	0.10004107654094696	0.1077732965350151	0.5582386255264282
249	0.0998334214091301	0.10765271633863449	0.55888432264328
250	0.09980301558971405	0.10753600299358368	0.5594391226768494
251	0.09984513372182846	0.10741625726222992	0.5598809123039246
252	0.09950867295265198	0.10729487240314484	0.5602160096168518
253	0.0994616150856018	0.10716595500707626	0.5605517625808716
254	0.09940608590841293	0.10703374445438385	0.5608440637588501
255	0.09972480684518814	0.1069110780954361	0.5612061619758606
256	0.09914015978574753	0.10679440945386887	0.5615769028663635
257	0.09887336939573288	0.10668130218982697	0.5620219707489014
258	0.09885351359844208	0.10656706988811493	0.562360942363739
259	0.09871241450309753	0.10645197331905365	0.562761127948761
260	0.09856829047203064	0.10634219646453857	0.5632886290550232
261	0.09872827678918839	0.10623741894960403	0.563837468624115
262	0.09803053736686707	0.10614066570997238	0.5643125176429749
263	0.09844361245632172	0.10605425387620926	0.5647686719894409
264	0.09852500259876251	0.10595252364873886	0.5651395916938782
265	0.09801793098449707	0.10584351420402527	0.5654783248901367
266	0.0978119820356369	0.10573094338178635	0.5657837390899658
267	0.09756121039390564	0.1056106761097908	0.5661324858665466
268	0.09788539260625839	0.1054924950003624	0.566510796546936
269	0.09753932058811188	0.10537544637918472	0.5669548511505127
270	0.09733939170837402	0.10526160150766373	0.5672686100006104
271	0.09757538139820099	0.10515095293521881	0.5676721930503845
272	0.09691619873046875	0.10504260659217834	0.5681326985359192
273	0.0969989076256752	0.10493894666433334	0.5686470866203308
274	0.09651841223239899	0.10483261197805405	0.5690541863441467
275	0.0966140553355217	0.10473153740167618	0.5695254802703857
276	0.09653619676828384	0.10462845116853714	0.5699952840805054
277	0.09725134074687958	0.10452538728713989	0.5704345107078552
278	0.09657946228981018	0.10441592335700989	0.5707598328590393
279	0.09587551653385162	0.10430432856082916	0.5709908604621887
280	0.09570055454969406	0.10419216752052307	0.5712260007858276
281	0.09615631401538849	0.1040877029299736	0.5715933442115784
282	0.09603970497846603	0.1039869636297226	0.5719806551933289
283	0.0964205265045166	0.103887178003788	0.5723557472229004
284	0.09627839177846909	0.10380000621080399	0.5728073120117188
285	0.09588950127363205	0.10372323542833328	0.5732871294021606
286	0.09622767567634583	0.10365165024995804	0.5736377239227295
287	0.09532934427261353	0.10354868322610855	0.5738176703453064
288	0.09551674872636795	0.10343410074710846	0.5738935470581055
289	0.0954013243317604	0.10333443433046341	0.5739337801933289
290	0.09529823064804077	0.10324782878160477	0.5740007162094116
291	0.09519082307815552	0.10316316038370132	0.5742804408073425
292	0.09485898166894913	0.103072389960289	0.5748450756072998
293	0.09440183639526367	0.1029897928237915	0.5755046606063843
294	0.0951809212565422	0.10294222086668015	0.5763261318206787
295	0.09439074248075485	0.10289423167705536	0.5769007205963135
296	0.09522706270217896	0.10282936692237854	0.5773410797119141
297	0.09463691711425781	0.10274288803339005	0.577701210975647
298	0.09456551820039749	0.10263073444366455	0.5779244303703308
299	0.09463761746883392	0.10251300781965256	0.5780165195465088
300	0.094809390604496	0.10241028666496277	0.57802814245224
301	0.09399012476205826	0.10232402384281158	0.5780739784240723
302	0.09382089972496033	0.10223876684904099	0.5783233046531677
303	0.09361927211284637	0.10215122252702713	0.578797459602356
304	0.09422335028648376	0.10208215564489365	0.5794516205787659
305	0.09374509006738663	0.10201338678598404	0.580047607421875
306	0.09392058849334717	0.10196321457624435	0.5806484222412109
307	0.09423059225082397	0.10190138220787048	0.5810823440551758
308	0.09320680797100067	0.10179689526557922	0.5812937021255493
309	0.09353908896446228	0.10169964283704758	0.5814314484596252
310	0.09391885250806808	0.10160913318395615	0.5814677476882935
311	0.09393265843391418	0.10153127461671829	0.5815742611885071
312	0.09334157407283783	0.1014493852853775	0.581890344619751
313	0.09322965145111084	0.10136190056800842	0.582298219203949
314	0.0934624895453453	0.10129482299089432	0.5827679634094238
315	0.09350337833166122	0.10123938322067261	0.5831838250160217
316	0.09315667301416397	0.10119111835956573	0.5835488438606262
317	0.09340154379606247	0.10112016648054123	0.5837738513946533
318	0.09284675121307373	0.10104487836360931	0.5839843153953552
319	0.09262657910585403	0.10095790773630142	0.584036111831665
320	0.09280284494161606	0.10087515413761139	0.5840325355529785
321	0.09242971986532211	0.10080619156360626	0.5841586589813232
322	0.09198334068059921	0.10074055939912796	0.5844264626502991
323	0.09252400696277618	0.10066945850849152	0.5848532319068909
324	0.0924750342965126	0.1005951315164566	0.5853608846664429
325	0.09271714091300964	0.10052725672721863	0.5858386158943176
326	0.09187524020671844	0.10048243403434753	0.5863674283027649
327	0.09205590188503265	0.10043893754482269	0.5867975354194641
328	0.09210287779569626	0.10036754608154297	0.5870740413665771
329	0.09167477488517761	0.10028468072414398	0.5872921347618103
330	0.09196658432483673	0.1002073884010315	0.5875399708747864
331	0.09193135797977448	0.10013923048973083	0.5878069400787354
332	0.09202072769403458	0.10007684677839279	0.5880520343780518
333	0.0919150859117508	0.1000189557671547	0.5882704854011536
334	0.09155266731977463	0.09997071325778961	0.5885636210441589
335	0.09172354638576508	0.09992079436779022	0.5887914299964905
336	0.09119150042533875	0.09986443817615509	0.5889883041381836
337	0.0913517102599144	0.09979327023029327	0.5890886783599854
338	0.09158393740653992	0.09972753375768661	0.5892366170883179
339	0.0918598398566246	0.09966796636581421	0.5894163250923157
340	0.09108399599790573	0.09960784763097763	0.5896465182304382
341	0.0910787358880043	0.09954424947500229	0.5899629592895508
342	0.09156058728694916	0.09947708994150162	0.5904019474983215
343	0.0908258855342865	0.09941140562295914	0.590904712677002
344	0.09068801999092102	0.09934175759553909	0.5913163423538208
345	0.09107783436775208	0.09928272664546967	0.5917341113090515
346	0.09108559787273407	0.09921486675739288	0.5920082330703735
347	0.09141824394464493	0.09914511442184448	0.5922406315803528
348	0.09058555960655212	0.0990801677107811	0.59245765209198
349	0.09053260087966919	0.0990077406167984	0.5925646424293518
350	0.09047406166791916	0.09893734753131866	0.5927612781524658
351	0.09058022499084473	0.09886786341667175	0.593054473400116
352	0.09044152498245239	0.09880207479000092	0.5934208035469055
353	0.09067978709936142	0.09875673800706863	0.5939297080039978
354	0.09035654366016388	0.09871892631053925	0.5943603515625
355	0.09025272727012634	0.09866975247859955	0.5946629643440247
356	0.08998681604862213	0.09858966618776321	0.5947543978691101
357	0.08964863419532776	0.09852106869220734	0.5948150753974915
358	0.08960644900798798	0.09846364706754684	0.5949084758758545
359	0.09037234634160995	0.09841158986091614	0.5951225161552429
360	0.08997709304094315	0.0983591303229332	0.5954614877700806
361	0.08952876925468445	0.09830863773822784	0.5959249138832092
362	0.08940310776233673	0.09828199446201324	0.5964077115058899
363	0.08942820876836777	0.09824703633785248	0.5968125462532043
364	0.08976646512746811	0.09819880872964859	0.5972011685371399
365	0.08874643594026566	0.09808580577373505	0.5974066853523254
366	0.0894070491194725	0.09796799719333649	0.5974318385124207
367	0.08946067094802856	0.09789056330919266	0.597495436668396
368	0.08926326036453247	0.09781952202320099	0.5977540612220764
369	0.08943105489015579	0.09775228798389435	0.5981459021568298
370	0.08926922082901001	0.09769260138273239	0.5987036824226379
371	0.08872240036725998	0.09765005111694336	0.5991541743278503
372	0.08848495036363602	0.09760228544473648	0.5994715094566345
373	0.08833540230989456	0.09755849838256836	0.5996996164321899
374	0.08818807452917099	0.09750577062368393	0.5998947024345398
375	0.0887121707201004	0.09743902087211609	0.599987268447876
376	0.08844507485628128	0.0973728597164154	0.6000855565071106
377	0.08879750221967697	0.09730923175811768	0.60017329454422
378	0.08817439526319504	0.0972457006573677	0.6003289222717285
379	0.08841637521982193	0.09718900918960571	0.6005486249923706
380	0.08834999799728394	0.09713912755250931	0.6007760167121887
381	0.08836540579795837	0.09708258509635925	0.6009069681167603
382	0.08786384761333466	0.09703066200017929	0.601044237613678
383	0.08852260559797287	0.09697683155536652	0.6011753678321838
384	0.08795695751905441	0.09692791104316711	0.6013641953468323
385	0.08800121396780014	0.0968824177980423	0.601638674736023
386	0.08826404064893723	0.0968334749341011	0.6019625067710876
387	0.08809955418109894	0.09679554402828217	0.6024274230003357
388	0.08790933340787888	0.09674322605133057	0.6027860641479492
389	0.08760575205087662	0.09667684137821198	0.6030948162078857
390	0.08853616565465927	0.0966315045952797	0.6034401655197144
391	0.08760160207748413	0.0965842455625534	0.6037399768829346
392	0.08775317668914795	0.09654099494218826	0.6040653586387634
393	0.0880122110247612	0.09647803753614426	0.6043340563774109
394	0.08753037452697754	0.09641142934560776	0.6045860052108765
395	0.08785228431224823	0.09634450823068619	0.6047423481941223
396	0.08780134469270706	0.09627847373485565	0.6048900485038757
397	0.08669016510248184	0.09622511267662048	0.6051927208900452
398	0.08693704009056091	0.09617266803979874	0.6055359840393066
399	0.08747949451208115	0.09612279385328293	0.6058312654495239
400	0.08727218210697174	0.09605012089014053	0.6061019897460938
401	0.08700704574584961	0.09596563875675201	0.606330394744873
402	0.08682048320770264	0.09589391946792603	0.6064631938934326
403	0.08714517951011658	0.09584187716245651	0.6065741181373596
404	0.0865919440984726	0.09579510986804962	0.6069026589393616
405	0.08671250939369202	0.09575226157903671	0.6072452068328857
406	0.08686787635087967	0.09572243690490723	0.6076852083206177
407	0.08655495941638947	0.09568635374307632	0.6080574989318848
408	0.08636397123336792	0.09565006196498871	0.608344554901123
409	0.08630553632974625	0.09559532254934311	0.6084974408149719
410	0.08698330074548721	0.09554848819971085	0.6086324453353882
411	0.08659035712480545	0.09550929069519043	0.6087368130683899
412	0.08631184697151184	0.09547492861747742	0.6088899374008179
413	0.08642645180225372	0.09545548260211945	0.609109103679657
414	0.08655035495758057	0.09540005773305893	0.6093828678131104
415	0.08597131818532944	0.09531789273023605	0.6096264123916626
416	0.0867023766040802	0.09522871673107147	0.6097768545150757
417	0.08541258424520493	0.09514646977186203	0.6098727583885193
418	0.08592867106199265	0.09507261961698532	0.6100605130195618
419	0.08663533627986908	0.0950094684958458	0.6104415655136108
420	0.08622658997774124	0.0949544608592987	0.6108779907226562
421	0.08575370162725449	0.09491582959890366	0.6113368272781372
422	0.08480055630207062	0.09487395733594894	0.6117119193077087
423	0.08547414839267731	0.09482987225055695	0.6120663285255432
424	0.08536746352910995	0.09475695341825485	0.6122527122497559
425	0.08563729375600815	0.0946965217590332	0.6123167872428894
426	0.08599388599395752	0.09465790539979935	0.6123528480529785
427	0.08542709797620773	0.09462431818246841	0.6125364899635315
428	0.08499962836503983	0.09458494931459427	0.6128296256065369
429	0.0850662812590599	0.09455481916666031	0.6131971478462219
430	0.0853579193353653	0.09452749043703079	0.6134856939315796
431	0.08554433286190033	0.0944831371307373	0.6136927604675293
432	0.08496937155723572	0.0944007933139801	0.6137919425964355
433	0.08520369231700897	0.09431172162294388	0.6138609051704407
434	0.08517361432313919	0.09423351287841797	0.6139547228813171
435	0.08496697247028351	0.09416569024324417	0.6141939163208008
436	0.08515536040067673	0.0940980464220047	0.6145244836807251
437	0.08462315052747726	0.09404762834310532	0.6149638891220093
438	0.08443056046962738	0.09400278329849243	0.6153417825698853
439	0.08463501930236816	0.0939609557390213	0.6156537532806396
440	0.08467300236225128	0.09391483664512634	0.6159943342208862
441	0.08489228785037994	0.0938824936747551	0.61631178855896
442	0.08417173475027084	0.09383919090032578	0.6166175603866577
443	0.08452855050563812	0.09377462416887283	0.6168158054351807
444	0.08431412279605865	0.09370708465576172	0.6169577240943909
445	0.08394144475460052	0.09363441914319992	0.6170539855957031
446	0.08491552621126175	0.09357990324497223	0.6172318458557129
447	0.08412714302539825	0.09353577345609665	0.6174633502960205
448	0.08413994312286377	0.09348677843809128	0.6177627444267273
449	0.083918496966362	0.09343554824590683	0.6180583834648132
450	0.08387764543294907	0.09339837729930878	0.6184104084968567
451	0.08390329033136368	0.09334485977888107	0.618653416633606
452	0.083389513194561	0.09326808899641037	0.6188510656356812
453	0.08422435820102692	0.09319325536489487	0.6190170049667358
454	0.08360876888036728	0.09313247352838516	0.6191615462303162
455	0.08364101499319077	0.09308451414108276	0.6194316744804382
456	0.08393535763025284	0.09304554760456085	0.6198003888130188
457	0.08352316915988922	0.09301168471574783	0.6201076507568359
458	0.08371955901384354	0.09298703819513321	0.6203868985176086
459	0.08297218382358551	0.09295564144849777	0.6206309795379639
460	0.08356784284114838	0.09293680638074875	0.6208783984184265
461	0.08279038220643997	0.09288627654314041	0.6210781931877136
462	0.08351345360279083	0.09281912446022034	0.6212193369865417
463	0.08383964747190475	0.0927610918879509	0.6213287711143494
464	0.0829182043671608	0.0926949679851532	0.6214635968208313
465	0.08383361995220184	0.0926392525434494	0.6216661930084229
466	0.08355502039194107	0.092584528028965	0.621914267539978
467	0.08319117873907089	0.09252947568893433	0.6221836805343628
468	0.08283136785030365	0.0924815684556961	0.6225184202194214
469	0.08279754221439362	0.09245092421770096	0.622814953327179
470	0.08291896432638168	0.09241202473640442	0.6230576634407043
471	0.08342833817005157	0.09236807376146317	0.6232760548591614
472	0.08252222836017609	0.0923057571053505	0.6234617829322815
473	0.08260934054851532	0.0922234058380127	0.6235864162445068
474	0.08306126296520233	0.092155322432518	0.623685896396637
475	0.08294175565242767	0.09210217744112015	0.6237266063690186
476	0.08255551010370255	0.09206660091876984	0.6238479018211365
477	0.08263396471738815	0.09203168004751205	0.6239688992500305
478	0.08259635418653488	0.09199317544698715	0.6241655349731445
479	0.08207989484071732	0.09197350591421127	0.624520480632782
480	0.08259649574756622	0.0919477716088295	0.6248757839202881
481	0.08241154998540878	0.09190038591623306	0.6251891851425171
482	0.08204363286495209	0.0918106660246849	0.6254401803016663
483	0.08228803426027298	0.09172234684228897	0.6256288290023804
484	0.08169612288475037	0.09164197742938995	0.6257603764533997
485	0.0822363793849945	0.09159109741449356	0.6260049343109131
486	0.08157165348529816	0.09155037254095078	0.6262924671173096
487	0.08207187801599503	0.09150788187980652	0.6264883279800415
488	0.08196284621953964	0.09146668761968613	0.6266567707061768
489	0.0823199525475502	0.09143725782632828	0.6269291043281555
490	0.08177584409713745	0.09141737222671509	0.6271752119064331
491	0.08135379105806351	0.09137701988220215	0.6273766756057739
492	0.08149086683988571	0.09133634716272354	0.6276509761810303
493	0.08152539283037186	0.0912657380104065	0.6278666257858276
494	0.08235923945903778	0.09119947254657745	0.6280978918075562
495	0.08137310296297073	0.09114774316549301	0.6283232569694519
496	0.08163846284151077	0.09110070765018463	0.6285691261291504
497	0.08191610127687454	0.09106036275625229	0.6287895441055298
498	0.08152380585670471	0.09101829677820206	0.629020094871521
499	0.08171246200799942	0.09098163992166519	0.6293300986289978
500	0.08158117532730103	0.0909409150481224	0.6296290159225464
501	0.08113827556371689	0.09089230746030807	0.6299018859863281
502	0.08085547387599945	0.09082874655723572	0.6301109790802002
503	0.08070847392082214	0.09075811505317688	0.6302615404129028
504	0.08122982084751129	0.09070733189582825	0.6304534673690796
505	0.08097775280475616	0.09066041558980942	0.630681037902832
506	0.08121903240680695	0.0906238779425621	0.6309625506401062
507	0.08097603917121887	0.09059056639671326	0.6312621831893921
508	0.08092082291841507	0.09054303169250488	0.6314812898635864
509	0.08075818419456482	0.09048399329185486	0.6317285299301147
510	0.08040926605463028	0.09043323993682861	0.6318953633308411
511	0.08045262843370438	0.09038439393043518	0.6320165991783142
512	0.08064869791269302	0.090332992374897	0.6321768164634705
513	0.08024916052818298	0.0902809277176857	0.632411003112793
514	0.08035778999328613	0.09022890776395798	0.6326356530189514
515	0.08116859942674637	0.0901920348405838	0.6328595280647278
516	0.08072812110185623	0.09014333039522171	0.6330209970474243
517	0.08032797276973724	0.09007826447486877	0.6331446170806885
518	0.0805908739566803	0.09001705050468445	0.6332982182502747
519	0.08059470355510712	0.08997214585542679	0.6335286498069763
520	0.08064106106758118	0.08993721753358841	0.6337710618972778
521	0.08027133345603943	0.08991610258817673	0.6340330243110657
522	0.08003872632980347	0.08990151435136795	0.6342790126800537
523	0.08018776774406433	0.08989135921001434	0.6345524191856384
524	0.07958842813968658	0.08986614644527435	0.6347473859786987
525	0.08001554012298584	0.0898163914680481	0.6349360942840576
526	0.07957702875137329	0.08972389996051788	0.6350929141044617
527	0.08028861880302429	0.08963870257139206	0.6352795958518982
528	0.0795685425400734	0.08957433700561523	0.6354894042015076
529	0.07967523485422134	0.08952637761831284	0.6357385516166687
530	0.07956664264202118	0.08948773890733719	0.6360236406326294
531	0.07979197800159454	0.08945683389902115	0.6363718509674072
532	0.0798051580786705	0.08942484110593796	0.636709988117218
533	0.07964912056922913	0.08940104395151138	0.6370276808738708
534	0.07962308824062347	0.0893808975815773	0.6372542977333069
535	0.07971910387277603	0.08934903144836426	0.6374096274375916
536	0.07909386605024338	0.08930549025535583	0.6375166773796082
537	0.07934964448213577	0.0892532542347908	0.6376182436943054
538	0.07931098341941833	0.08918526768684387	0.6377722024917603
539	0.07912810146808624	0.089124895632267	0.6380045413970947
540	0.0794072151184082	0.08907870948314667	0.6382539868354797
541	0.07933089882135391	0.08904190361499786	0.6385155916213989
542	0.07859694957733154	0.0889996811747551	0.6387505531311035
543	0.07860565930604935	0.08894754946231842	0.638933539390564
544	0.07870711386203766	0.08889376372098923	0.6391180157661438
545	0.07950689643621445	0.08885109424591064	0.6393361687660217
546	0.07884618639945984	0.08882617950439453	0.6395853757858276
547	0.07835432142019272	0.08880951255559921	0.6398391127586365
548	0.0787556990981102	0.08877355605363846	0.6400472521781921
549	0.07852059602737427	0.08870933949947357	0.6402183771133423
550	0.0789567306637764	0.08863254636526108	0.6403918862342834
551	0.07849299907684326	0.08856914192438126	0.6405704617500305
552	0.07908671349287033	0.08851271867752075	0.6407585144042969
553	0.0783504843711853	0.08846405148506165	0.6409726142883301
554	0.0776914581656456	0.08842673152685165	0.6412193775177002
555	0.07858720421791077	0.08842627704143524	0.6414825916290283
556	0.07836025953292847	0.08842243254184723	0.6417016983032227
557	0.07804332673549652	0.08840928971767426	0.6418417692184448
558	0.07790862023830414	0.08837202191352844	0.6419411897659302
559	0.07832375168800354	0.08830688148736954	0.6420744061470032
560	0.07869197428226471	0.0882406234741211	0.6422142386436462
561	0.07778593897819519	0.0881861224770546	0.6423530578613281
562	0.07806507498025894	0.08815313875675201	0.6424941420555115
563	0.07779429107904434	0.08812189847230911	0.6426773071289062
564	0.07804848998785019	0.08808678388595581	0.6428313255310059
565	0.07811924070119858	0.08806806057691574	0.6430066227912903
566	0.07738031446933746	0.0880415067076683	0.6431846022605896
567	0.07782132923603058	0.08800454437732697	0.6433603763580322
568	0.07844039797782898	0.0879572257399559	0.6435696482658386
569	0.07782614976167679	0.08789945393800735	0.6438586711883545
570	0.07738858461380005	0.08784545958042145	0.6441455483436584
571	0.07761175185441971	0.08779392391443253	0.6444417834281921
572	0.07751712948083878	0.08773119002580643	0.6446613073348999
573	0.07733101397752762	0.0876673236489296	0.6448578834533691
574	0.07719893008470535	0.0876016840338707	0.6450751423835754
575	0.07737228274345398	0.08754221349954605	0.645320475101471
576	0.07714033871889114	0.08749888092279434	0.6455615162849426
577	0.0774882361292839	0.08747256547212601	0.6457535028457642
578	0.07734343409538269	0.08744800835847855	0.6459321975708008
579	0.0771675705909729	0.08741363883018494	0.6460740566253662
580	0.0766419768333435	0.08738501369953156	0.646210789680481
581	0.0774354413151741	0.087342269718647	0.6463564038276672
582	0.077431321144104	0.08730216324329376	0.6464816331863403
583	0.07621918618679047	0.08725912868976593	0.6466302275657654
584	0.07681906223297119	0.08720846474170685	0.6467975974082947
585	0.07635436207056046	0.08714699745178223	0.6469603180885315
586	0.07745559513568878	0.08709824830293655	0.6471210718154907
587	0.07694610953330994	0.08705371618270874	0.647312343120575
588	0.07611270248889923	0.08702123910188675	0.6475305557250977
589	0.07598721235990524	0.08699503540992737	0.6477981209754944
590	0.07724793255329132	0.0869903564453125	0.6480159759521484
591	0.07675677537918091	0.08698895573616028	0.6482656598091125
592	0.07690315693616867	0.08700643479824066	0.6484516859054565
593	0.07651736587285995	0.08697154372930527	0.6485989093780518
594	0.07634931057691574	0.08691736310720444	0.6487487554550171
595	0.07663443684577942	0.08685704320669174	0.6489099264144897
596	0.07598608732223511	0.0867885872721672	0.6491146683692932
597	0.07690728455781937	0.0867469385266304	0.6493120193481445
598	0.07661471515893936	0.0867244079709053	0.649479329586029
599	0.07667898386716843	0.08669743686914444	0.6496561765670776
600	0.07615763694047928	0.08664299547672272	0.6498344540596008
601	0.07634470611810684	0.08656029403209686	0.6500153541564941
602	0.07630069553852081	0.0865069329738617	0.6501285433769226
603	0.07646515965461731	0.08647425472736359	0.6503081917762756
604	0.0756804347038269	0.08645712584257126	0.6505569219589233
605	0.07559963315725327	0.08644508570432663	0.6507537364959717
606	0.07620605826377869	0.0864245668053627	0.650970458984375
607	0.07585359364748001	0.0863981693983078	0.6512272953987122
608	0.07521636039018631	0.08633498102426529	0.6514769196510315
609	0.07620280236005783	0.08624855428934097	0.6517271399497986
610	0.07548072934150696	0.08615506440401077	0.6519646048545837
611	0.07576576620340347	0.08608302474021912	0.6521583795547485
612	0.07576128095388412	0.08602777868509293	0.6523485779762268
613	0.07546079158782959	0.08598865568637848	0.6525776982307434
614	0.07560227066278458	0.08596908301115036	0.6528263092041016
615	0.07535652071237564	0.08595818281173706	0.6530784368515015
616	0.07532960921525955	0.08594474196434021	0.6533515453338623
617	0.07562657445669174	0.08592373877763748	0.6535776853561401
618	0.07565394043922424	0.08589880913496017	0.653744101524353
619	0.07539311796426773	0.08585834503173828	0.6539028286933899
620	0.07541423290967941	0.08581320196390152	0.654009997844696
621	0.07486874610185623	0.08577797561883926	0.6540865898132324
622	0.07481656223535538	0.08574344217777252	0.654158353805542
623	0.0748739242553711	0.08570502698421478	0.6542624831199646
624	0.07566357403993607	0.08567610383033752	0.6543656587600708
625	0.07502825558185577	0.08565859496593475	0.6544560790061951
626	0.07522450387477875	0.08564922213554382	0.6545993089675903
627	0.07457534223794937	0.08561500161886215	0.6548508405685425
628	0.07469151169061661	0.08554491400718689	0.6551031470298767
629	0.07475651800632477	0.08548225462436676	0.6553213000297546
630	0.07492039352655411	0.08543701469898224	0.6555051803588867
631	0.07429461181163788	0.08539999276399612	0.6556786298751831
632	0.07461061328649521	0.08536472916603088	0.6558803915977478
633	0.07431361824274063	0.08533617854118347	0.6561288237571716
634	0.07495474070310593	0.08531763404607773	0.6563447117805481
635	0.07430373132228851	0.08527664840221405	0.6565542817115784
636	0.07500492036342621	0.08522745966911316	0.6567266583442688
637	0.07411829382181168	0.08516670018434525	0.6568971276283264
638	0.07440992444753647	0.08511454612016678	0.6570963263511658
639	0.07477185875177383	0.08508498966693878	0.657291829586029
640	0.07437575608491898	0.0850672572851181	0.6574628353118896
641	0.07411947846412659	0.08503991365432739	0.6576663255691528
642	0.07486692816019058	0.08502813428640366	0.657845675945282
643	0.07460398972034454	0.08500608056783676	0.6580166220664978
644	0.07433322072029114	0.08495651185512543	0.6582767367362976
645	0.07325831055641174	0.08489970117807388	0.6584815979003906
646	0.073906309902668	0.08482994139194489	0.6587035059928894
647	0.07390046864748001	0.08478402346372604	0.6589260101318359
648	0.07379484921693802	0.08474341034889221	0.6591132283210754
649	0.0738506019115448	0.0847017765045166	0.6592125296592712
650	0.07378987222909927	0.08463285118341446	0.6593381762504578
651	0.07403706759214401	0.08459635078907013	0.6594581007957458
652	0.07350428402423859	0.08456915616989136	0.6596479415893555
653	0.07376477122306824	0.08455841988325119	0.6598694920539856
654	0.07415593415498734	0.0845620185136795	0.660004734992981
655	0.07365815341472626	0.08455374836921692	0.6601269245147705
656	0.07340574264526367	0.08452251553535461	0.6602855324745178
657	0.07348650693893433	0.08443909138441086	0.6604801416397095
658	0.07304409891366959	0.08434845507144928	0.6606623530387878
659	0.07331375777721405	0.08429010957479477	0.6608014106750488
660	0.07350553572177887	0.08425204455852509	0.6609811186790466
661	0.07377716898918152	0.0842374935746193	0.661216676235199
662	0.07230688631534576	0.08423963189125061	0.661443293094635
663	0.07314923405647278	0.0842164158821106	0.6616355180740356
664	0.07320156693458557	0.08418646454811096	0.661851167678833
665	0.07319089025259018	0.08411556482315063	0.6621240377426147
666	0.07280663400888443	0.08403102308511734	0.6623863577842712
667	0.07306239008903503	0.08396285772323608	0.6626044511795044
668	0.07255052775144577	0.08391403406858444	0.6627709269523621
669	0.07241380959749222	0.08389880508184433	0.6628729104995728
670	0.07326442003250122	0.0838756114244461	0.6629868149757385
671	0.072928786277771	0.08385167270898819	0.6630797386169434
672	0.072733074426651	0.08384066820144653	0.6631410717964172
673	0.0722452774643898	0.08379682153463364	0.663230836391449
674	0.07302026450634003	0.08372812718153	0.663345992565155
675	0.07253996282815933	0.08366405218839645	0.6635364294052124
676	0.07208311557769775	0.08361043781042099	0.6637866497039795
677	0.0727008804678917	0.0835798978805542	0.6639861464500427
678	0.07190939038991928	0.08356533944606781	0.6641702651977539
679	0.07261304557323456	0.08355757594108582	0.6643642783164978
680	0.07209789007902145	0.08354990184307098	0.6645793914794922
681	0.07197394222021103	0.08351337164640427	0.6648144125938416
682	0.07151871919631958	0.08344478905200958	0.6651087999343872
683	0.07176718860864639	0.08335161209106445	0.6654098033905029
684	0.0718998983502388	0.08328477293252945	0.6657115817070007
685	0.07171506434679031	0.08322375267744064	0.6659438610076904
686	0.07206816226243973	0.08317290246486664	0.6660834550857544
687	0.07175710052251816	0.08314313739538193	0.6662147045135498
688	0.07166121155023575	0.08310805261135101	0.6663742065429688
689	0.07223492115736008	0.08306954056024551	0.6665686964988708
690	0.07151420414447784	0.0830412209033966	0.6667565107345581
691	0.0718446895480156	0.08300092816352844	0.6669811606407166
692	0.07138646394014359	0.0829920545220375	0.6670792102813721
693	0.07102552056312561	0.08297648280858994	0.667209267616272
694	0.07119330763816833	0.08296038210391998	0.6673020124435425
695	0.07151226699352264	0.08293960988521576	0.667388916015625
696	0.07166139781475067	0.08287446945905685	0.6675698757171631
697	0.07156591862440109	0.0827852189540863	0.6677951812744141
698	0.0719415694475174	0.08269865065813065	0.6681298613548279
699	0.07123584300279617	0.08261889219284058	0.6685168743133545
700	0.071954146027565	0.08254971355199814	0.668832004070282
701	0.07151659578084946	0.08252809196710587	0.669022262096405
702	0.07150228321552277	0.08252821862697601	0.6691169738769531
703	0.07105514407157898	0.08254947513341904	0.6691710948944092
704	0.07091480493545532	0.08258116990327835	0.6692231893539429
705	0.0709538385272026	0.08259040862321854	0.669245183467865
706	0.07107149809598923	0.08254602551460266	0.6693844795227051
707	0.07081060111522675	0.08246006816625595	0.6695769429206848
708	0.07140207290649414	0.08237249404191971	0.6698037385940552
709	0.07104694098234177	0.08231355249881744	0.6699510216712952
710	0.07086561620235443	0.08227421343326569	0.6700199246406555
711	0.07102350890636444	0.08224277943372726	0.6701899766921997
712	0.07040291279554367	0.08221755176782608	0.670415461063385
713	0.07109906524419785	0.08219362795352936	0.6705933213233948
714	0.07019070535898209	0.08218034356832504	0.6706740260124207
715	0.07059493660926819	0.08216311782598495	0.6707862615585327
716	0.07049891352653503	0.08212291449308395	0.6709445714950562
717	0.07017061859369278	0.08204196393489838	0.6712424159049988
718	0.06988099217414856	0.08195723593235016	0.671617329120636
719	0.06972280144691467	0.0818866640329361	0.6720115542411804
720	0.07021597772836685	0.08184018731117249	0.6723429560661316
721	0.07102666795253754	0.0818345844745636	0.6725285649299622
722	0.07018645852804184	0.08181102573871613	0.6727048754692078
723	0.07023117691278458	0.08179211616516113	0.6727860569953918
724	0.07036933302879333	0.08175813406705856	0.6728149652481079
725	0.07085300981998444	0.08171983063220978	0.6728414297103882
726	0.07035477459430695	0.08167776465415955	0.6728683710098267
727	0.07015883177518845	0.08163627982139587	0.672919511795044
728	0.07083234935998917	0.08161381632089615	0.6730198264122009
729	0.06993547827005386	0.08157351613044739	0.6732737421989441
730	0.07025951892137527	0.0815325528383255	0.6736032962799072
731	0.07064283639192581	0.08147571980953217	0.6739977598190308
732	0.07030245661735535	0.08142237365245819	0.6743537187576294
733	0.06978768855333328	0.08138636499643326	0.6746123433113098
734	0.06979389488697052	0.08133728057146072	0.6748498678207397
735	0.07009875029325485	0.08130070567131042	0.6750127077102661
736	0.07000931352376938	0.08128323405981064	0.6750731468200684
737	0.06917565315961838	0.08127574622631073	0.6750766038894653
738	0.06950253248214722	0.08128761500120163	0.6750121116638184
739	0.06979097425937653	0.08131206035614014	0.6749098896980286
740	0.06939306110143661	0.08130081743001938	0.6748395562171936
741	0.06949976831674576	0.08124028146266937	0.6748711466789246
742	0.06958431005477905	0.08117812126874924	0.6749274730682373
743	0.06952681392431259	0.08113165944814682	0.6750442981719971
744	0.06937886774539948	0.08109205961227417	0.6751848459243774
745	0.06874389201402664	0.08104735612869263	0.6754685640335083
746	0.06939107179641724	0.08100315928459167	0.6757217049598694
747	0.068963423371315	0.08096099644899368	0.6759923696517944
748	0.06855953484773636	0.0809137299656868	0.6762210130691528
749	0.06890499591827393	0.0808476135134697	0.6764860153198242
750	0.06890197098255157	0.08077399432659149	0.6767159700393677
751	0.06884850561618805	0.08071332424879074	0.6768932938575745
752	0.06935406476259232	0.08066990971565247	0.6770844459533691
753	0.06927388161420822	0.08063601702451706	0.6772799491882324
754	0.06878717988729477	0.08059010654687881	0.6775248050689697
755	0.06790575385093689	0.08055122941732407	0.6777586936950684
756	0.06945810467004776	0.08053074777126312	0.6778923869132996
757	0.06898172944784164	0.08053254336118698	0.6779157519340515
758	0.06882274150848389	0.08055245876312256	0.6778737902641296
759	0.0691843330860138	0.08054785430431366	0.6779201626777649
760	0.06869670003652573	0.08050784468650818	0.6780756711959839
761	0.06818344444036484	0.08046580851078033	0.6782023906707764
762	0.06898003071546555	0.08042952418327332	0.6782741546630859
763	0.06838522851467133	0.08038754016160965	0.6783871054649353
764	0.06813398003578186	0.0803515613079071	0.6785570383071899
765	0.06867793947458267	0.08032040297985077	0.678665280342102
766	0.06845110654830933	0.0802755355834961	0.6789156198501587
767	0.06848002970218658	0.08024118095636368	0.6791783571243286
768	0.06848621368408203	0.08017926663160324	0.6794713139533997
769	0.0689554512500763	0.0801263302564621	0.6797271966934204
770	0.0684649646282196	0.08008415997028351	0.6799284815788269
771	0.06872069090604782	0.08005689829587936	0.6799861788749695
772	0.06897734105587006	0.08001154661178589	0.6800742745399475
773	0.06817539781332016	0.07996988296508789	0.680097222328186
774	0.0683419331908226	0.07992389798164368	0.680172324180603
775	0.06722451746463776	0.07990069687366486	0.6802060008049011
776	0.06781531125307083	0.07989760488271713	0.6802348494529724
777	0.0683189257979393	0.0798744410276413	0.6803889274597168
778	0.06764133274555206	0.07983332872390747	0.6805807948112488
779	0.06825895607471466	0.07978006452322006	0.6807896494865417
780	0.06805801391601562	0.07971182465553284	0.681057333946228
781	0.06798412650823593	0.07965657860040665	0.6812951564788818
782	0.06777540594339371	0.07961016148328781	0.681465208530426
783	0.0673825591802597	0.07954603433609009	0.6817441582679749
784	0.06740283221006393	0.07949556410312653	0.6820054650306702
785	0.06803254783153534	0.07945103943347931	0.6822744011878967
786	0.06762946397066116	0.07941767573356628	0.6825335621833801
787	0.0676870048046112	0.07942279428243637	0.6826745271682739
788	0.0672721415758133	0.07943867892026901	0.6826949715614319
789	0.0667208805680275	0.07946257293224335	0.682610809803009
790	0.06757719069719315	0.07944285124540329	0.682611882686615
791	0.06743918359279633	0.07937327772378922	0.6827476024627686
792	0.06754246354103088	0.07930714637041092	0.6829578280448914
793	0.06714441627264023	0.07926122844219208	0.6830178499221802
794	0.06678355485200882	0.07920423895120621	0.6831598281860352
795	0.06651525944471359	0.07915493845939636	0.683347761631012
796	0.06761697679758072	0.07910223305225372	0.6836279034614563
797	0.06666501611471176	0.07906399667263031	0.6838136911392212
798	0.06746281683444977	0.07904930412769318	0.6839478015899658
799	0.06722910702228546	0.07904791086912155	0.6840692758560181
800	0.0672011449933052	0.07906170934438705	0.6841820478439331
801	0.06686829775571823	0.07904119789600372	0.684299886226654
802	0.0672386884689331	0.07901380956172943	0.6843931674957275
803	0.06628546118736267	0.07897603511810303	0.6844725608825684
804	0.06708818674087524	0.0788988247513771	0.6846330761909485
805	0.06677593290805817	0.07886014878749847	0.6846902370452881
806	0.0663856565952301	0.0788184106349945	0.6848239898681641
807	0.06656831502914429	0.07878045737743378	0.6849809288978577
808	0.0671055018901825	0.07878101617097855	0.685082733631134
809	0.06621488183736801	0.07877171784639359	0.6851770281791687
810	0.06631144881248474	0.07874760776758194	0.6853164434432983
811	0.06624624878168106	0.07869399338960648	0.6855109333992004
812	0.06558728218078613	0.0786467045545578	0.6857501864433289
813	0.06618855893611908	0.07861591875553131	0.6859222054481506
814	0.06646881252527237	0.07856668531894684	0.6861363649368286
815	0.06532411277294159	0.07851327955722809	0.6863736510276794
816	0.06632862985134125	0.07845620065927505	0.686622679233551
817	0.06605947762727737	0.07840524613857269	0.6868775486946106
818	0.0660867914557457	0.07835967093706131	0.6870614886283875
819	0.06560087949037552	0.07833145558834076	0.6871402859687805
820	0.06577654182910919	0.07830750942230225	0.6871806383132935
821	0.06589988619089127	0.07829992473125458	0.687110185623169
822	0.06585698574781418	0.07828237861394882	0.6870114803314209
823	0.06625920534133911	0.07827343046665192	0.6868582367897034
824	0.0655021220445633	0.07824747264385223	0.6867848038673401
825	0.06585541367530823	0.07822299003601074	0.686765730381012
826	0.06594564020633698	0.0782109797000885	0.6868219375610352
827	0.06576468050479889	0.07820741087198257	0.6869009733200073
828	0.06675392389297485	0.0781739205121994	0.6871897578239441
829	0.06564483046531677	0.07812373340129852	0.6875500082969666
830	0.0656871646642685	0.07805891335010529	0.6879414319992065
831	0.06515935063362122	0.07798109203577042	0.6883002519607544
832	0.06581874936819077	0.07792582362890244	0.6886303424835205
833	0.06556188315153122	0.07788487523794174	0.6888944506645203
834	0.06563868373632431	0.07786322385072708	0.6890971064567566
835	0.06598946452140808	0.07787289470434189	0.6891902685165405
836	0.06543190777301788	0.07787612080574036	0.6892873644828796
837	0.06497752666473389	0.07788991183042526	0.6891750693321228
838	0.06483086198568344	0.07788237184286118	0.6891059875488281
839	0.06534086167812347	0.07782179117202759	0.6892358064651489
840	0.06522246450185776	0.07775740325450897	0.6893793344497681
841	0.06439803540706635	0.07769566029310226	0.6895740032196045
842	0.06516949087381363	0.07762407511472702	0.6898993849754333
843	0.065409354865551	0.07756008952856064	0.6901462078094482
844	0.0656096413731575	0.07751714438199997	0.6903095841407776
845	0.06494546681642532	0.07749266922473907	0.6903901100158691
846	0.06468223035335541	0.07746061682701111	0.6904565095901489
847	0.06457081437110901	0.07742293179035187	0.6906012892723083
848	0.0648578479886055	0.07740114629268646	0.6906840801239014
849	0.06515412032604218	0.07742111384868622	0.6906283497810364
850	0.06477433443069458	0.07740885019302368	0.6907144784927368
851	0.06406045705080032	0.07734090089797974	0.6909412145614624
852	0.06539361923933029	0.0772518590092659	0.6913177371025085
853	0.06379807740449905	0.07718601822853088	0.6916873455047607
854	0.06542521715164185	0.07713858038187027	0.6919994354248047
855	0.06447086483240128	0.07711387425661087	0.692155659198761
856	0.06401485949754715	0.07710225880146027	0.6921945810317993
857	0.06445369869470596	0.07712230086326599	0.6920990943908691
858	0.06439138203859329	0.07715090364217758	0.69193035364151
859	0.06417854130268097	0.07717431336641312	0.6917677521705627
860	0.06379232555627823	0.07714460790157318	0.6917822957038879
861	0.06422275304794312	0.0771012157201767	0.6918631792068481
862	0.06382143497467041	0.0770028829574585	0.692182719707489
863	0.06433451920747757	0.07692670822143555	0.6926422119140625
864	0.06387918442487717	0.07687503099441528	0.6930455565452576
865	0.06378470361232758	0.07683620601892471	0.6932533979415894
866	0.06345033645629883	0.07680238038301468	0.6933883428573608
867	0.06425624340772629	0.07678773999214172	0.6933721899986267
868	0.06483475118875504	0.07681851089000702	0.6931825280189514
869	0.06452158838510513	0.0768534392118454	0.6929135918617249
870	0.06338188052177429	0.07684986293315887	0.6926809549331665
871	0.06353823840618134	0.0768217071890831	0.6925486922264099
872	0.0642346665263176	0.07676289975643158	0.692564845085144
873	0.06393938511610031	0.07670149952173233	0.6927939653396606
874	0.06364545971155167	0.07663021236658096	0.6932030916213989
875	0.06411252915859222	0.07657652348279953	0.6936041116714478
876	0.06395764648914337	0.07653730362653732	0.694037675857544
877	0.06330201029777527	0.07655368000268936	0.6942254900932312
878	0.06417012214660645	0.07653632760047913	0.6944625973701477
879	0.06443048268556595	0.07654109597206116	0.6945854425430298
880	0.06379305571317673	0.07651844620704651	0.6946921944618225
881	0.06313137710094452	0.07644756138324738	0.6948776841163635
882	0.0644807294011116	0.07641954720020294	0.6948723793029785
883	0.06314853578805923	0.0763917937874794	0.6948431134223938
884	0.06380204856395721	0.07637374848127365	0.6948177218437195
885	0.06328900903463364	0.07633379101753235	0.6948900818824768
886	0.06324909627437592	0.07627416402101517	0.6950854063034058
887	0.06346927583217621	0.07620132714509964	0.6953117251396179
888	0.06359580159187317	0.07618225365877151	0.695458710193634
889	0.06262878328561783	0.07616181671619415	0.6955714225769043
890	0.06291037797927856	0.07614707946777344	0.6956084370613098
891	0.06319159269332886	0.07609807699918747	0.695762038230896
892	0.06292304396629333	0.07603777945041656	0.6959553360939026
893	0.06308551877737045	0.07598455250263214	0.6962091326713562
894	0.06299654394388199	0.07594327628612518	0.6963868737220764
895	0.06193327158689499	0.07589259743690491	0.6965460181236267
896	0.06269320100545883	0.075843945145607	0.6967328190803528
897	0.06397583335638046	0.07579798251390457	0.6968861222267151
898	0.06358880549669266	0.07577498257160187	0.6969981789588928
899	0.06229532137513161	0.07574348896741867	0.6971181631088257
900	0.06244431808590889	0.0757000595331192	0.6973040103912354
901	0.0631152018904686	0.075653076171875	0.6975485682487488
902	0.06287737190723419	0.07557275146245956	0.6978797316551208
903	0.06173872575163841	0.07549913972616196	0.6981232762336731
904	0.06286806613206863	0.07545274496078491	0.6983492970466614
905	0.06272773444652557	0.07543520629405975	0.6984521746635437
906	0.06238887459039688	0.07544966787099838	0.6984459757804871
907	0.06308751553297043	0.07551192492246628	0.6982500553131104
908	0.06245063990354538	0.07555505633354187	0.698115885257721
909	0.062240805476903915	0.0755506157875061	0.6981815695762634
910	0.0626881942152977	0.07551383972167969	0.698306679725647
911	0.06248607113957405	0.07546375691890717	0.6984529495239258
912	0.06231512129306793	0.0753975659608841	0.6986319422721863
913	0.06226223707199097	0.07535606622695923	0.6987975239753723
914	0.06187799200415611	0.07532542943954468	0.6989330053329468
915	0.06216076388955116	0.0753050372004509	0.6989873051643372
916	0.0624031201004982	0.07532627880573273	0.698833167552948
917	0.06122972443699837	0.07534124702215195	0.6986483335494995
918	0.06217927858233452	0.07535093277692795	0.6985100507736206
919	0.06219251826405525	0.07533968985080719	0.6985136866569519
920	0.06184008717536926	0.07528185099363327	0.6987335085868835
921	0.06207476928830147	0.07522857189178467	0.698986828327179
922	0.062044914811849594	0.07516288757324219	0.6992741227149963
923	0.06186972185969353	0.07508854568004608	0.6995881199836731
924	0.062099214643239975	0.07502253353595734	0.699836790561676
925	0.062102753669023514	0.07496216893196106	0.7000398635864258
926	0.061534613370895386	0.07495734095573425	0.7000735402107239
927	0.061907608062028885	0.07497013360261917	0.6998988389968872
928	0.06144584342837334	0.0750218853354454	0.6995867490768433
929	0.06174832209944725	0.07502994686365128	0.6995036602020264
930	0.062337618321180344	0.07499585300683975	0.6996225714683533
931	0.06191040948033333	0.0749194473028183	0.6999915838241577
932	0.06163683533668518	0.07483970373868942	0.7003648281097412
933	0.06168566271662712	0.07477862387895584	0.7006633877754211
934	0.061643194407224655	0.07475817948579788	0.7006697654724121
935	0.06249099224805832	0.07471901178359985	0.7007291913032532
936	0.062154751271009445	0.07468823343515396	0.700851559638977
937	0.06190856173634529	0.07468615472316742	0.7008804082870483
938	0.06196441501379013	0.07468248158693314	0.7008348107337952
939	0.06093139946460724	0.0746607556939125	0.7007715106010437
940	0.06096656247973442	0.07461021840572357	0.7008395791053772
941	0.06122765690088272	0.07452643662691116	0.7012032270431519
942	0.06134725362062454	0.0744556188583374	0.70149827003479
943	0.061600212007761	0.0744231790304184	0.7015604972839355
944	0.06107581779360771	0.07442151755094528	0.7014772891998291
945	0.06196504086256027	0.07440750300884247	0.7015447020530701
946	0.06128714233636856	0.07438520342111588	0.7017503380775452
947	0.06099645048379898	0.07435348629951477	0.7020124793052673
948	0.06073972210288048	0.07430154085159302	0.7023777365684509
949	0.061439428478479385	0.0742683932185173	0.7026166915893555
950	0.06095140054821968	0.07423484325408936	0.7027583122253418
951	0.061376459896564484	0.07421091943979263	0.7027694582939148
952	0.06067315861582756	0.0741664469242096	0.7029402256011963
953	0.06073738634586334	0.0741133838891983	0.7031216621398926
954	0.06100127100944519	0.07406999170780182	0.703271746635437
955	0.060972344130277634	0.07403688132762909	0.7034250497817993
956	0.06094455346465111	0.07403875887393951	0.7033757567405701
957	0.06123039498925209	0.07401938736438751	0.7033907175064087
958	0.06009515002369881	0.07398177683353424	0.7034282088279724
959	0.06087921932339668	0.07394857704639435	0.7034751772880554
960	0.06032004952430725	0.07391832023859024	0.7036302089691162
961	0.06036258861422539	0.0739227682352066	0.703591525554657
962	0.06110845133662224	0.07392410933971405	0.7035013437271118
963	0.060789644718170166	0.07392150163650513	0.7034077048301697
964	0.060090597718954086	0.07386719435453415	0.7035045623779297
965	0.06026425585150719	0.07379189878702164	0.7037432789802551
966	0.06084519624710083	0.07375931739807129	0.7039119601249695
967	0.060338154435157776	0.0737324208021164	0.7040571570396423
968	0.06032104045152664	0.07370997965335846	0.7041568160057068
969	0.0599057711660862	0.0736817941069603	0.7042175531387329
970	0.05965719372034073	0.07365762442350388	0.7042250037193298
971	0.0605224147439003	0.0736365020275116	0.7041897177696228
972	0.0599379725754261	0.07363779842853546	0.7040858268737793
973	0.06049041822552681	0.07362793385982513	0.7039991021156311
974	0.06062736362218857	0.07359685748815536	0.7040812969207764
975	0.06018544360995293	0.07354801148176193	0.7042887210845947
976	0.059833236038684845	0.0734650045633316	0.7047070860862732
977	0.06036926433444023	0.07339898496866226	0.7050699591636658
978	0.059963248670101166	0.07335022836923599	0.705399751663208
979	0.05980801582336426	0.07330155372619629	0.705741822719574
980	0.05905710160732269	0.07328459620475769	0.7058956027030945
981	0.060723528265953064	0.07326991111040115	0.7058972716331482
982	0.06019728258252144	0.07327552139759064	0.7057792544364929
983	0.060142338275909424	0.07327370345592499	0.7056873440742493
984	0.06041116639971733	0.07326123118400574	0.7056338787078857
985	0.0591733418405056	0.07325184345245361	0.7056481242179871
986	0.058662496507167816	0.07323488593101501	0.7057472467422485
987	0.059712059795856476	0.07322660833597183	0.7056975364685059
988	0.06028040125966072	0.07318873703479767	0.7057574987411499
989	0.05990884080529213	0.07312401384115219	0.7060093283653259
990	0.05928853526711464	0.07306970655918121	0.7062841653823853
991	0.05967404693365097	0.07302199304103851	0.7065964341163635
992	0.059540681540966034	0.07300850749015808	0.7066716551780701
993	0.05940304324030876	0.07299444079399109	0.7067187428474426
994	0.059910647571086884	0.07301243394613266	0.7066107988357544
995	0.059632349759340286	0.07304101437330246	0.7064449787139893
996	0.05932025983929634	0.07307127118110657	0.7062025666236877
997	0.05938980355858803	0.07306912541389465	0.7061421275138855
998	0.05947428196668625	0.0730561763048172	0.7061389684677124
999	0.059136610478162766	0.07299288362264633	0.706346869468689
1000	0.05960679054260254	0.07289499044418335	0.7067979574203491
1001	0.05884123221039772	0.07279863208532333	0.7072689533233643
1002	0.059821080416440964	0.07275351136922836	0.7075066566467285
1003	0.05930658057332039	0.07273335009813309	0.70758056640625
1004	0.05928139388561249	0.07271087169647217	0.7076400518417358
1005	0.05902581289410591	0.07271214574575424	0.7075921893119812
1006	0.05947013571858406	0.07270564138889313	0.7074918150901794
1007	0.059817682951688766	0.07273127138614655	0.7072192430496216
1008	0.058461401611566544	0.07275210320949554	0.7069905400276184
1009	0.0583895705640316	0.07271719723939896	0.7070382833480835
1010	0.05828798934817314	0.07262807339429855	0.707452118396759
1011	0.059180501848459244	0.07254975289106369	0.7079081535339355
1012	0.059176966547966	0.072495236992836	0.7081881165504456
1013	0.05968529358506203	0.07248101383447647	0.7082731127738953
1014	0.058897893875837326	0.07249721884727478	0.7081831097602844
1015	0.05859701707959175	0.07251741737127304	0.7080705761909485
1016	0.05873166397213936	0.07251530885696411	0.7080222964286804
1017	0.058459144085645676	0.07249458879232407	0.7080142498016357
1018	0.05875267833471298	0.07249423861503601	0.7079495787620544
1019	0.05903003737330437	0.07248978316783905	0.7079331874847412
1020	0.05871490016579628	0.07247564196586609	0.7080510258674622
1021	0.058739084750413895	0.07245054841041565	0.7081618905067444
1022	0.058378275483846664	0.07238813489675522	0.7084295153617859
1023	0.05831317603588104	0.07228290289640427	0.7089160680770874
1024	0.05869750678539276	0.07219421863555908	0.7093573808670044
1025	0.05764205381274223	0.07213205844163895	0.7097696661949158
1026	0.058576714247465134	0.07208361476659775	0.7100746035575867
1027	0.05844588577747345	0.07203830778598785	0.7102969288825989
1028	0.05882425606250763	0.07201020419597626	0.7103602290153503
1029	0.0577833466231823	0.07199107855558395	0.7103381752967834
1030	0.05820253863930702	0.07198011130094528	0.710155725479126
1031	0.058688364923000336	0.07197320461273193	0.7099707722663879
1032	0.058774419128894806	0.07197459042072296	0.7097983956336975
1033	0.058121614158153534	0.07195865362882614	0.7097305059432983
1034	0.057680387049913406	0.07195047289133072	0.7096441388130188
1035	0.05813422054052353	0.07195660471916199	0.709542453289032
1036	0.05832849442958832	0.07195631414651871	0.7095636129379272
1037	0.05809413269162178	0.07194437831640244	0.7097113728523254
1038	0.05777997151017189	0.0719185471534729	0.7099161148071289
1039	0.05778447166085243	0.07183848321437836	0.7103769779205322
1040	0.05725618824362755	0.07175809890031815	0.7108447551727295
1041	0.05713874101638794	0.07168202847242355	0.7112552523612976
1042	0.05819478631019592	0.07167164236307144	0.7113466858863831
1043	0.05851658806204796	0.07165626436471939	0.7113879919052124
1044	0.05777794495224953	0.07162291556596756	0.7113901376724243
1045	0.058447111397981644	0.07163390517234802	0.7111853361129761
1046	0.05812711641192436	0.07167139649391174	0.7108911275863647
1047	0.057608239352703094	0.0717233419418335	0.7104688286781311
1048	0.05765225365757942	0.07171223312616348	0.7102413177490234
1049	0.05778840556740761	0.07162301987409592	0.710432767868042
1050	0.05755915120244026	0.07155106961727142	0.7107314467430115
1051	0.05767659470438957	0.07149065285921097	0.7110667824745178
1052	0.05770636722445488	0.07144711911678314	0.7114214897155762
1053	0.05780089274048805	0.07143931835889816	0.7115772366523743
1054	0.05730052292346954	0.07142482697963715	0.7116712927818298
1055	0.05761038139462471	0.07141329348087311	0.7117851972579956
1056	0.057623445987701416	0.071389339864254	0.7120355367660522
1057	0.057860586792230606	0.07133055478334427	0.7124332785606384
1058	0.057799551635980606	0.07127388566732407	0.7126748561859131
1059	0.057650525122880936	0.07124800235033035	0.712714433670044
1060	0.05742405354976654	0.07122285664081573	0.7127788066864014
1061	0.0573449432849884	0.07122431695461273	0.7127285599708557
1062	0.057167842984199524	0.07121670991182327	0.7126407027244568
1063	0.05642996355891228	0.07120494544506073	0.7126315236091614
1064	0.057545483112335205	0.07120777666568756	0.7125957012176514
1065	0.05717739090323448	0.07120440155267715	0.7125806212425232
1066	0.05682464689016342	0.07121777534484863	0.712400496006012
1067	0.057921022176742554	0.07123418897390366	0.7123091220855713
1068	0.05696525797247887	0.07121741026639938	0.7123861908912659
1069	0.05682530626654625	0.07116127014160156	0.7125905752182007
1070	0.057234812527894974	0.07107704132795334	0.7129362225532532
1071	0.05646126717329025	0.07099737972021103	0.7132362723350525
1072	0.056756675243377686	0.070938341319561	0.7134110927581787
1073	0.05672982335090637	0.07089457660913467	0.7134857177734375
1074	0.05775943398475647	0.07087206840515137	0.7135319113731384
1075	0.056333012878894806	0.07088428735733032	0.7134042978286743
1076	0.05688589811325073	0.07086504995822906	0.7134875059127808
1077	0.05610885098576546	0.07086258381605148	0.7136606574058533
1078	0.05676409974694252	0.07087978720664978	0.713793158531189
1079	0.056394197046756744	0.07093658298254013	0.7137197256088257
1080	0.05709818750619888	0.07100570201873779	0.7135403752326965
1081	0.05666303634643555	0.07105650752782822	0.7133851051330566
1082	0.05639644339680672	0.07102540135383606	0.7134227156639099
1083	0.05688883736729622	0.07091202586889267	0.7137635350227356
1084	0.0561063252389431	0.07075237482786179	0.7142825126647949
1085	0.0566568486392498	0.07061108946800232	0.714705228805542
1086	0.05721917375922203	0.07053852081298828	0.7147725224494934
1087	0.05668231472373009	0.07051499933004379	0.7147216796875
1088	0.05637890473008156	0.07054084539413452	0.7145770788192749
1089	0.055874910205602646	0.07054796069860458	0.7145406007766724
1090	0.056504182517528534	0.07053645700216293	0.7146193981170654
1091	0.056612566113471985	0.07054278999567032	0.714614987373352
1092	0.05668875575065613	0.07054604589939117	0.7147052884101868
1093	0.05711868405342102	0.07050242274999619	0.7150337100028992
1094	0.056740619242191315	0.07047024369239807	0.7153123617172241
1095	0.056738413870334625	0.0704563707113266	0.7153961658477783
1096	0.05676278471946716	0.07041885703802109	0.7155115008354187
1097	0.055494274944067	0.07038532197475433	0.7155779600143433
1098	0.056386448442935944	0.07036926597356796	0.7155604362487793
1099	0.05625598877668381	0.07031230628490448	0.7156569957733154
1100	0.05584663525223732	0.07024568319320679	0.7158907055854797
1101	0.056251659989356995	0.07018645852804184	0.7161473631858826
1102	0.0560036264359951	0.07014111429452896	0.7163287997245789
1103	0.05629181116819382	0.07012088596820831	0.7163734436035156
1104	0.056390151381492615	0.07011963427066803	0.7163130640983582
1105	0.05587204545736313	0.07011901587247849	0.7164053320884705
1106	0.05578417703509331	0.07010134309530258	0.7164919376373291
1107	0.055866073817014694	0.07007645070552826	0.7165594696998596
1108	0.05613894760608673	0.07004548609256744	0.7166600823402405
1109	0.05590946972370148	0.07001369446516037	0.7167284488677979
1110	0.0567566379904747	0.0699959546327591	0.7167336940765381
1111	0.056278545409440994	0.06998022645711899	0.7167250514030457
1112	0.05685863643884659	0.07000122964382172	0.7166273593902588
1113	0.05605055391788483	0.07001800090074539	0.7165123224258423
1114	0.055606186389923096	0.07004913687705994	0.7163305878639221
1115	0.055482130497694016	0.07000946998596191	0.7162973284721375
1116	0.05545860528945923	0.06992662698030472	0.7165008783340454
1117	0.05599333345890045	0.06983910501003265	0.7168787717819214
1118	0.05549101531505585	0.06977768242359161	0.7173458933830261
1119	0.05574668198823929	0.06976935267448425	0.7176300287246704
1120	0.055237967520952225	0.06977392733097076	0.7177545428276062
1121	0.055157098919153214	0.06980768591165543	0.7177261114120483
1122	0.05549747124314308	0.06987190246582031	0.7175928354263306
1123	0.055521462112665176	0.06994402408599854	0.7172969579696655
1124	0.055703360587358475	0.06994128227233887	0.7172546982765198
1125	0.05536091700196266	0.06984000653028488	0.7174686789512634
1126	0.05601140484213829	0.06972876191139221	0.7176451086997986
1127	0.05479464679956436	0.0696428120136261	0.7177522778511047
1128	0.05549641326069832	0.06957563012838364	0.7178581953048706
1129	0.055308397859334946	0.06953112781047821	0.7179757356643677
1130	0.05554426088929176	0.0695023313164711	0.7180727124214172
1131	0.05558314919471741	0.06948964297771454	0.7181317806243896
1132	0.05530135706067085	0.06951302289962769	0.7181950807571411
1133	0.05531299114227295	0.06955556571483612	0.7182451486587524
1134	0.05596248805522919	0.069583959877491	0.718360185623169
1135	0.055805619806051254	0.06958334147930145	0.7185177206993103
1136	0.05484350398182869	0.06952230632305145	0.7187787890434265
1137	0.05469005927443504	0.06938786804676056	0.7191787958145142
1138	0.05510184168815613	0.06929086893796921	0.7194422483444214
1139	0.05447173863649368	0.06924671679735184	0.719511866569519
1140	0.055920060724020004	0.06922372430562973	0.719443142414093
1141	0.0551159493625164	0.06921614706516266	0.7193182110786438
1142	0.05502249673008919	0.06925500929355621	0.7190840244293213
1143	0.055231768637895584	0.06934425979852676	0.7188729643821716
1144	0.05501879006624222	0.06940401345491409	0.7187516689300537
1145	0.05475720763206482	0.06936038285493851	0.71889728307724
1146	0.05484733730554581	0.06930545717477798	0.7190136313438416
1147	0.05484472215175629	0.06920568645000458	0.7192760109901428
1148	0.05524797365069389	0.0691184550523758	0.7195212244987488
1149	0.05484040081501007	0.06907033920288086	0.7196219563484192
1150	0.055277127772569656	0.06902922689914703	0.7198149561882019
1151	0.055205073207616806	0.06902654469013214	0.7198232412338257
1152	0.05551168695092201	0.06908182799816132	0.7196574807167053
1153	0.054674770683050156	0.06914754956960678	0.7194973826408386
1154	0.05438864231109619	0.06916854530572891	0.719459593296051
1155	0.05516527593135834	0.06913519650697708	0.719558835029602
1156	0.05453978106379509	0.0690678283572197	0.7196718454360962
1157	0.05485339090228081	0.06901028752326965	0.7197345495223999
1158	0.0541699156165123	0.0689506083726883	0.7199356555938721
1159	0.05473870784044266	0.06892909109592438	0.7200998663902283
1160	0.054346781224012375	0.06890704482793808	0.7202022671699524
1161	0.05461408570408821	0.06889532506465912	0.720214307308197
1162	0.05439227446913719	0.06891333311796188	0.7201553583145142
1163	0.05411643534898758	0.06894611567258835	0.7201429009437561
1164	0.054861266165971756	0.06895503401756287	0.7201846241950989
1165	0.05476409196853638	0.06894616037607193	0.7202481627464294
1166	0.05451261252164841	0.06889655441045761	0.720453679561615
1167	0.0536368228495121	0.0688013955950737	0.7207893133163452
1168	0.05358090251684189	0.06872759759426117	0.7210078239440918
1169	0.05464260280132294	0.06871253997087479	0.720960259437561
1170	0.05430302023887634	0.06872574985027313	0.7208337783813477
1171	0.05417811498045921	0.06879086792469025	0.7205207347869873
1172	0.054274946451187134	0.06891220808029175	0.720085859298706
1173	0.053913723677396774	0.0689164251089096	0.7201929092407227
1174	0.053545232862234116	0.0688285082578659	0.7206263542175293
1175	0.053849976509809494	0.06868956238031387	0.7211677432060242
1176	0.05426829680800438	0.06855478882789612	0.7215759754180908
1177	0.053738247603178024	0.06846295297145844	0.7218546271324158
1178	0.054846588522195816	0.06842850148677826	0.7219207882881165
1179	0.053719352930784225	0.06842825561761856	0.7218356132507324
1180	0.054377637803554535	0.06850457191467285	0.7213595509529114
1181	0.053461480885744095	0.06862226873636246	0.7207345366477966
1182	0.05502521991729736	0.06869447231292725	0.7204107642173767
1183	0.053748518228530884	0.06872820854187012	0.7202743291854858
1184	0.054068658500909805	0.0686517134308815	0.7205691933631897
1185	0.0536094531416893	0.0685301274061203	0.7210854887962341
1186	0.05414470657706261	0.06843936443328857	0.7215722799301147
1187	0.05342208594083786	0.06842406094074249	0.7217138409614563
1188	0.05342071130871773	0.06840585917234421	0.7218008637428284
1189	0.05378047004342079	0.068400539457798	0.7218294739723206
1190	0.05440771207213402	0.06839961558580399	0.7217859029769897
1191	0.053842585533857346	0.06839089095592499	0.7217416167259216
1192	0.05364803597331047	0.0683617889881134	0.7217310667037964
1193	0.05407262220978737	0.06838557124137878	0.7215240597724915
1194	0.053662143647670746	0.06836667656898499	0.7215768694877625
1195	0.05359015241265297	0.0683511421084404	0.7217273116111755
1196	0.05369225889444351	0.06827827543020248	0.722186267375946
1197	0.0533481128513813	0.06823156028985977	0.7224860787391663
1198	0.053868092596530914	0.06821570545434952	0.7226178050041199
1199	0.05357513576745987	0.06821581721305847	0.7226676940917969
1200	0.05387485772371292	0.06818986684083939	0.7227357029914856
1201	0.05406594276428223	0.06820540875196457	0.722464919090271
1202	0.053165312856435776	0.06823115050792694	0.7220942378044128
1203	0.052690427750349045	0.06819988787174225	0.7220039367675781
1204	0.05334744229912758	0.06814903765916824	0.7220671772956848
1205	0.053758081048727036	0.06809563934803009	0.7223278880119324
1206	0.05404140427708626	0.0680323988199234	0.722737193107605
1207	0.053951721638441086	0.0680164024233818	0.7228553295135498
1208	0.05299977958202362	0.0680236890912056	0.7228803038597107
1209	0.054032400250434875	0.06806206703186035	0.7227427363395691
1210	0.05241987109184265	0.06813830137252808	0.7223852276802063
1211	0.05318765714764595	0.06822166591882706	0.7218563556671143
1212	0.05271456763148308	0.06821167469024658	0.7216772437095642
1213	0.054225001484155655	0.06810620427131653	0.7219671607017517
1214	0.05378562584519386	0.06797052174806595	0.7225321531295776
1215	0.05301501601934433	0.06784515082836151	0.7231705784797668
1216	0.05216026306152344	0.06776333600282669	0.7235636711120605
1217	0.053120266646146774	0.06771907210350037	0.7237391471862793
1218	0.052549418061971664	0.0677279457449913	0.7236478924751282
1219	0.052845001220703125	0.06778471171855927	0.72332763671875
1220	0.052135832607746124	0.06784585118293762	0.7229970097541809
1221	0.052915237843990326	0.06792673468589783	0.7225932478904724
1222	0.05309705063700676	0.06801291555166245	0.7222080826759338
1223	0.05320409685373306	0.06800848245620728	0.7222723364830017
1224	0.05283738300204277	0.06795581430196762	0.722610592842102
1225	0.05305628478527069	0.06788504868745804	0.7229945659637451
1226	0.052507709711790085	0.06780171394348145	0.7234291434288025
1227	0.05264807119965553	0.06774812191724777	0.7236896753311157
1228	0.05256681516766548	0.06770909577608109	0.7239165306091309
1229	0.0536201037466526	0.06771085411310196	0.7239062786102295
1230	0.0530923455953598	0.06774646043777466	0.7237704992294312
1231	0.05258309096097946	0.0677955150604248	0.7235036492347717
1232	0.05318381264805794	0.06777281314134598	0.7234228849411011
1233	0.052368588745594025	0.06768297404050827	0.7235658764839172
1234	0.051778506487607956	0.06762102991342545	0.7237504720687866
1235	0.05293290689587593	0.06756061315536499	0.7240129113197327
1236	0.0523664765059948	0.06752047687768936	0.7242377400398254
1237	0.053108084946870804	0.06750059127807617	0.7243556976318359
1238	0.05247263237833977	0.06748900562524796	0.7244513630867004
1239	0.052301205694675446	0.0674731507897377	0.724404513835907
1240	0.0518949069082737	0.0674872174859047	0.724190354347229
1241	0.05265903100371361	0.06752514839172363	0.723850667476654
1242	0.052210286259651184	0.06751343607902527	0.723814070224762
1243	0.05135110393166542	0.06745120137929916	0.7240882515907288
1244	0.052503425627946854	0.06739285588264465	0.7244211435317993
1245	0.052376601845026016	0.06740666180849075	0.7245045304298401
1246	0.05216274410486221	0.06746098399162292	0.7244158387184143
1247	0.05212411284446716	0.06749270856380463	0.7243837118148804
1248	0.0519791841506958	0.06750687211751938	0.7242945432662964
1249	0.05242571607232094	0.06752011179924011	0.7241901159286499
1250	0.05234551802277565	0.06750846654176712	0.7242051362991333
1251	0.052621133625507355	0.06749781966209412	0.7242094874382019
1252	0.05231574922800064	0.06738843768835068	0.7246113419532776
1253	0.052639808505773544	0.06729147583246231	0.7250146865844727
1254	0.0518365204334259	0.06723419576883316	0.7252246141433716
1255	0.052362482994794846	0.06723008304834366	0.7252263426780701
1256	0.052075184881687164	0.06724103540182114	0.725166380405426
1257	0.05195524916052818	0.06725308299064636	0.725092887878418
1258	0.05217557027935982	0.06725083291530609	0.7250288128852844
1259	0.05210777372121811	0.06720058619976044	0.725096583366394
1260	0.05239417403936386	0.0671578198671341	0.7251667380332947
1261	0.05186345800757408	0.0671195313334465	0.725327730178833
1262	0.05173652619123459	0.06715168058872223	0.7252368330955505
1263	0.051964327692985535	0.06716616451740265	0.7252093553543091
1264	0.05192505195736885	0.06714368611574173	0.7252868413925171
1265	0.05195627734065056	0.06710921227931976	0.7253623604774475
1266	0.0517539344727993	0.06707043945789337	0.7253921031951904
1267	0.05223899334669113	0.06704140454530716	0.7254093289375305
1268	0.05162803828716278	0.06706572324037552	0.7252124547958374
1269	0.05211526155471802	0.06710821390151978	0.7250586152076721
1270	0.051806457340717316	0.0671154037117958	0.7251006960868835
1271	0.051385316997766495	0.06709452718496323	0.7253227233886719
1272	0.05162651464343071	0.06706051528453827	0.7256541848182678
1273	0.05142103508114815	0.06707283854484558	0.7258421778678894
1274	0.05170254036784172	0.0670677050948143	0.7259528040885925
1275	0.0517534464597702	0.0670396015048027	0.7260071039199829
1276	0.05208917334675789	0.06700171530246735	0.7260480523109436
1277	0.05174632743000984	0.06694329530000687	0.7260069847106934
1278	0.051430683583021164	0.06690553575754166	0.725869357585907
1279	0.051883764564991	0.06689728051424026	0.7256526350975037
1280	0.05121057853102684	0.06686214357614517	0.7256608009338379
1281	0.052033837884664536	0.06682495772838593	0.7257201075553894
1282	0.05165814608335495	0.06680122017860413	0.725838840007782
1283	0.051772717386484146	0.06681263446807861	0.725877046585083
1284	0.05206757411360741	0.06684331595897675	0.7259312868118286
1285	0.051826830953359604	0.06690659373998642	0.7259126901626587
1286	0.05168689414858818	0.06693954765796661	0.7259527444839478
1287	0.05171525105834007	0.06693000346422195	0.7261070013046265
1288	0.05096570402383804	0.06687161326408386	0.726441502571106
1289	0.05064315348863602	0.06679630279541016	0.7268617749214172
1290	0.05140587314963341	0.06671688705682755	0.7272005081176758
1291	0.051104653626680374	0.06666181981563568	0.7273430824279785
1292	0.0513177216053009	0.06664573401212692	0.727297842502594
1293	0.051623206585645676	0.06671380251646042	0.7269007563591003
1294	0.050267450511455536	0.06679639965295792	0.7264838814735413
1295	0.05128961056470871	0.06690223515033722	0.7259860038757324
1296	0.05106626823544502	0.06692809611558914	0.7257899045944214
1297	0.0506332591176033	0.066902756690979	0.7258210778236389
1298	0.05100167170166969	0.0667683407664299	0.7262749671936035
1299	0.05130531266331673	0.066622294485569	0.7268679141998291
1300	0.05128595605492592	0.0665305107831955	0.727311909198761
1301	0.051405683159828186	0.06649619340896606	0.7275708317756653
1302	0.050912387669086456	0.06651618331670761	0.7275854349136353
1303	0.05102161318063736	0.06654972583055496	0.7275266647338867
1304	0.05094604939222336	0.06660260260105133	0.7273226976394653
1305	0.052058033645153046	0.06665700674057007	0.7270815968513489
1306	0.05072431638836861	0.06664717942476273	0.7269895076751709
1307	0.05093078687787056	0.06659052520990372	0.7269103527069092
1308	0.05104130506515503	0.06651756167411804	0.7269536256790161
1309	0.050780054181814194	0.0664413794875145	0.7270932793617249
1310	0.0505543127655983	0.06636572629213333	0.7272921800613403
1311	0.050813496112823486	0.06631525605916977	0.7274863719940186
1312	0.05147826299071312	0.06630250066518784	0.7276955842971802
1313	0.05063600093126297	0.06631411612033844	0.7278392314910889
1314	0.050740405917167664	0.06637819111347198	0.7277725338935852
1315	0.05077662691473961	0.0664227083325386	0.7277162671089172
1316	0.05116099864244461	0.06639602035284042	0.7277470827102661
1317	0.050917401909828186	0.0663105770945549	0.7279161214828491
1318	0.05048095062375069	0.06628479808568954	0.7279028296470642
1319	0.050836045295000076	0.06626499444246292	0.7278341054916382
1320	0.05062779039144516	0.06620457023382187	0.727878987789154
1321	0.05063212290406227	0.0661785751581192	0.727851927280426
1322	0.05136793106794357	0.0661982074379921	0.7277534008026123
1323	0.050611712038517	0.06623372435569763	0.7276484370231628
1324	0.050940532237291336	0.06630025804042816	0.727456271648407
1325	0.05100177228450775	0.06635922193527222	0.7273831367492676
1326	0.05111171677708626	0.06631944328546524	0.7275737524032593
1327	0.05071626603603363	0.06625862419605255	0.7279135584831238
1328	0.0502798967063427	0.06618444621562958	0.7282636165618896
1329	0.05033009499311447	0.06613188982009888	0.7284760475158691
1330	0.0510566383600235	0.06613986939191818	0.7284080386161804
1331	0.05009787529706955	0.06616313755512238	0.7282341718673706
1332	0.050896093249320984	0.06618372350931168	0.7280870079994202
1333	0.050424546003341675	0.06620119512081146	0.7279876470565796
1334	0.049735359847545624	0.06621385365724564	0.7279168963432312
1335	0.05005321651697159	0.0661766529083252	0.7280698418617249
1336	0.0509575679898262	0.0661497637629509	0.7282782793045044
1337	0.05058789625763893	0.0661507397890091	0.7284953594207764
1338	0.05055028572678566	0.06615786254405975	0.728563666343689
1339	0.05036298930644989	0.06613519042730331	0.7286184430122375
1340	0.05061452090740204	0.0660725012421608	0.7287462949752808
1341	0.05103643238544464	0.06600812077522278	0.7288581132888794
1342	0.04995264112949371	0.06593948602676392	0.7289894819259644
1343	0.049868978559970856	0.06588027626276016	0.7290395498275757
1344	0.050575654953718185	0.06586024165153503	0.7290582656860352
1345	0.05057007074356079	0.06587076187133789	0.7290013432502747
1346	0.050488293170928955	0.0658908411860466	0.7289000749588013
1347	0.050349924713373184	0.06597071141004562	0.7286505103111267
1348	0.04999063163995743	0.0660582110285759	0.7282752394676208
1349	0.04999474436044693	0.06607410311698914	0.728149950504303
1350	0.04896393045783043	0.0659918561577797	0.7283806800842285
1351	0.049427274614572525	0.06588710099458694	0.7287237048149109
1352	0.049868278205394745	0.06583409011363983	0.7289440631866455
1353	0.04985896125435829	0.06583163887262344	0.729045569896698
1354	0.05015227943658829	0.06583373993635178	0.7291285395622253
1355	0.04964578151702881	0.06584826111793518	0.7291742563247681
1356	0.04979392886161804	0.06587496399879456	0.7292075753211975
1357	0.050128791481256485	0.06591586768627167	0.7292091846466064
1358	0.05027585104107857	0.06595028936862946	0.7291611433029175
1359	0.04955074563622475	0.06590988487005234	0.7293374538421631
1360	0.04981512576341629	0.06577704846858978	0.7296530604362488
1361	0.04972180724143982	0.06569333374500275	0.7298030853271484
1362	0.04941840097308159	0.0656217485666275	0.7299039959907532
1363	0.04956807196140289	0.0655837282538414	0.7299123406410217
1364	0.04977944865822792	0.06557223200798035	0.7298891544342041
1365	0.04967664182186127	0.06560453027486801	0.7297378182411194
1366	0.049796249717473984	0.06566278636455536	0.7294636368751526
1367	0.049480196088552475	0.06574010848999023	0.7291496992111206
1368	0.05008207634091377	0.06578699499368668	0.7290357947349548
1369	0.04987570270895958	0.06577779352664948	0.729158878326416
1370	0.050050366669893265	0.06573862582445145	0.7293959856033325
1371	0.04988286644220352	0.06565161794424057	0.7297559380531311
1372	0.04983305558562279	0.06557288765907288	0.7300283312797546
1373	0.04937994107604027	0.06555408239364624	0.7300540208816528
1374	0.049498770385980606	0.06557580083608627	0.7299355864524841
1375	0.04935586079955101	0.06554286181926727	0.7299124598503113
1376	0.049571406096220016	0.06553790718317032	0.7297530770301819
1377	0.049493130296468735	0.06552913784980774	0.7296872735023499
1378	0.049326296895742416	0.06547102332115173	0.7298423647880554
1379	0.0489477775990963	0.06545120477676392	0.7299339175224304
1380	0.04970507323741913	0.06545471400022507	0.7298648953437805
1381	0.048714861273765564	0.06547244638204575	0.7297680377960205
1382	0.050303611904382706	0.06548977643251419	0.7296656966209412
1383	0.04953116923570633	0.0654839351773262	0.72971111536026
1384	0.04925338923931122	0.06545571982860565	0.7298076152801514
1385	0.04925469681620598	0.06539816409349442	0.7300028800964355
1386	0.049170371145009995	0.06538254767656326	0.7301149368286133
1387	0.049459364265203476	0.06541494280099869	0.730093240737915
1388	0.04844693839550018	0.06547073274850845	0.7300211191177368
1389	0.04928494244813919	0.06555302441120148	0.7298592329025269
1390	0.049164384603500366	0.0656115934252739	0.7297177910804749
1391	0.04942997172474861	0.06561767309904099	0.7296633720397949
1392	0.049394674599170685	0.06551340967416763	0.7299390435218811
1393	0.048725880682468414	0.0653868094086647	0.7303105592727661
1394	0.04849158972501755	0.06531352549791336	0.7305161952972412
1395	0.04969848319888115	0.06528621166944504	0.7305419445037842
1396	0.049040473997592926	0.06531224399805069	0.7304332256317139
1397	0.04963335767388344	0.06536082178354263	0.7302851676940918
1398	0.04944949969649315	0.06543198227882385	0.730133593082428
1399	0.04937868192791939	0.06546947360038757	0.7301187515258789
1400	0.04886147007346153	0.0654299259185791	0.7303664684295654
1401	0.048958875238895416	0.0654117614030838	0.7305105924606323
1402	0.04931838810443878	0.06538880616426468	0.7305763959884644
1403	0.048637405037879944	0.06531505286693573	0.7307238578796387
1404	0.05003296583890915	0.06519734859466553	0.7310584187507629
1405	0.04947979003190994	0.06512869894504547	0.731332540512085
1406	0.048233840614557266	0.06507942825555801	0.7315051555633545
1407	0.0486578494310379	0.06502609699964523	0.7316880226135254
1408	0.04914171248674393	0.0650012269616127	0.731763482093811
1409	0.04909168556332588	0.06501584500074387	0.7316489815711975
1410	0.049106672406196594	0.06506724655628204	0.7314083576202393
1411	0.0488765686750412	0.06512977182865143	0.7310806512832642
1412	0.04867548495531082	0.06513082981109619	0.7310008406639099
1413	0.048367053270339966	0.06505977362394333	0.7311689257621765
1414	0.04835456982254982	0.06499592959880829	0.7312896847724915
1415	0.048697736114263535	0.06494196504354477	0.7313931584358215
1416	0.047717683017253876	0.06494203209877014	0.7313868403434753
1417	0.048874665051698685	0.0649574026465416	0.7314295768737793
1418	0.048929620534181595	0.06500398367643356	0.7314247488975525
1419	0.048233821988105774	0.06504511833190918	0.7314327359199524
1420	0.048005662858486176	0.06510967761278152	0.7313164472579956
1421	0.0488547720015049	0.06513863801956177	0.7312955856323242
1422	0.0489194430410862	0.0651213675737381	0.7313773036003113
1423	0.048591818660497665	0.06505824625492096	0.7315525412559509
1424	0.04861314967274666	0.06494104117155075	0.7318538427352905
1425	0.04841691255569458	0.0648370236158371	0.732081949710846
1426	0.04913104698061943	0.06479042023420334	0.7320628762245178
1427	0.04906722158193588	0.06477050483226776	0.7320201396942139
1428	0.048263516277074814	0.0647948756814003	0.7318564057350159
1429	0.04881296306848526	0.06486544013023376	0.7316573858261108
1430	0.04826159402728081	0.06488436460494995	0.7316757440567017
1431	0.04855760931968689	0.06485330313444138	0.731953501701355
1432	0.04866362363100052	0.06484013050794601	0.7321115732192993
1433	0.04742993414402008	0.06482714414596558	0.7322701811790466
1434	0.04899431765079498	0.06480005383491516	0.7323204874992371
1435	0.047923147678375244	0.06478437036275864	0.7322936654090881
1436	0.04790526628494263	0.06473484635353088	0.7323615550994873
1437	0.048050470650196075	0.06471718102693558	0.7323340773582458
1438	0.04787701368331909	0.06473733484745026	0.7321402430534363
1439	0.04769144579768181	0.06480792909860611	0.7317970991134644
1440	0.04740477353334427	0.06488800048828125	0.7315297722816467
1441	0.04811713472008705	0.06490355730056763	0.7315245270729065
1442	0.048054587095975876	0.06483468413352966	0.7317928075790405
1443	0.047797609120607376	0.0647139772772789	0.7322583794593811
1444	0.04815727472305298	0.0646040141582489	0.7326728701591492
1445	0.048741672188043594	0.0645129606127739	0.7329798936843872
1446	0.047519322484731674	0.06446737796068192	0.7332013249397278
1447	0.0489145889878273	0.06448980420827866	0.7331454753875732
1448	0.04783109948039055	0.06456874310970306	0.732842206954956
1449	0.04790379852056503	0.06470389664173126	0.7323691248893738
1450	0.04800845682621002	0.06481193006038666	0.7319389581680298
1451	0.04820770397782326	0.06480180472135544	0.7318958044052124
1452	0.04771200940012932	0.0646534189581871	0.7323926091194153
1453	0.04776857793331146	0.06450414657592773	0.7328746318817139
1454	0.04725935310125351	0.0644250214099884	0.7331733107566833
1455	0.047517936676740646	0.06437966227531433	0.7333562970161438
1456	0.047994453459978104	0.06438510864973068	0.7333712577819824
1457	0.0479782372713089	0.06440794467926025	0.7332940101623535
1458	0.0479847751557827	0.06447465717792511	0.7330837249755859
1459	0.04723701253533363	0.06450549513101578	0.7329418659210205
1460	0.04758862033486366	0.0645083636045456	0.7328311204910278
1461	0.04743296280503273	0.06445863097906113	0.7328797578811646
1462	0.048284560441970825	0.06438892334699631	0.7329970002174377
1463	0.04812315106391907	0.06430261582136154	0.7333359718322754
1464	0.047705989331007004	0.0642419159412384	0.7336277365684509
1465	0.04831533879041672	0.06422816962003708	0.7337974309921265
1466	0.04757757484912872	0.06426583230495453	0.7338582277297974
1467	0.0469476692378521	0.06434532254934311	0.7337881326675415
1468	0.04786829277873039	0.06441657245159149	0.7336422801017761
1469	0.04754917323589325	0.0644855797290802	0.7334157824516296
1470	0.048077747225761414	0.06449029594659805	0.7333434820175171
1471	0.04771307110786438	0.06444623321294785	0.733364462852478
1472	0.047857996076345444	0.06441260129213333	0.7334287762641907
1473	0.04794630408287048	0.06438055634498596	0.7335218787193298
1474	0.04820920526981354	0.06438972055912018	0.7334825992584229
1475	0.04813198745250702	0.06444401293992996	0.733307957649231
1476	0.047227319329977036	0.06449147313833237	0.7331744432449341
1477	0.046484723687171936	0.06451233476400375	0.7331457734107971
1478	0.04761894792318344	0.06450013816356659	0.7331299781799316
1479	0.04716753959655762	0.06441765278577805	0.7333323955535889
1480	0.0476931668817997	0.0643187016248703	0.7336584329605103
1481	0.04743335396051407	0.0642220601439476	0.7339619398117065
1482	0.047260209918022156	0.06419698148965836	0.7339553236961365
1483	0.04675299674272537	0.06418468058109283	0.7338851690292358
1484	0.04746684432029724	0.06421680003404617	0.7337340712547302
1485	0.047952257096767426	0.06425748020410538	0.7336152195930481
1486	0.0481753833591938	0.06431758403778076	0.7334363460540771
1487	0.0478660948574543	0.06433028727769852	0.7334639430046082
1488	0.046989571303129196	0.064264677464962	0.7336501479148865
1489	0.04759357124567032	0.06419412791728973	0.733892023563385
1490	0.048140063881874084	0.06413690000772476	0.7340796589851379
1491	0.046941861510276794	0.06408324837684631	0.7342309951782227
1492	0.04797700420022011	0.0640670657157898	0.7342843413352966
1493	0.0468829870223999	0.06406716257333755	0.7344381213188171
1494	0.047631602734327316	0.06411520391702652	0.7345095872879028
1495	0.047780461609363556	0.06422759592533112	0.7344041466712952
1496	0.04704106226563454	0.06429264694452286	0.7343149185180664
1497	0.04689447581768036	0.06432517617940903	0.7341890335083008
1498	0.0472467765212059	0.06429214030504227	0.7341713309288025
1499	0.047194723039865494	0.0642608180642128	0.7341877818107605
1500	0.04803338646888733	0.06422173231840134	0.7342448830604553
1501	0.04729825258255005	0.06418589502573013	0.7343202233314514
1502	0.04716109111905098	0.06416313350200653	0.7343722581863403
1503	0.04713422432541847	0.06413120776414871	0.7344293594360352
1504	0.04628712683916092	0.06409399211406708	0.7345020174980164
1505	0.0477600060403347	0.06408101320266724	0.7345255613327026
1506	0.04684769734740257	0.06406596302986145	0.7345360517501831
1507	0.04736398160457611	0.06404771655797958	0.7346072196960449
1508	0.0466817207634449	0.06400611251592636	0.7347432971000671
1509	0.04720363765954971	0.06397107243537903	0.7348460555076599
1510	0.04709414765238762	0.06392686069011688	0.7349761128425598
1511	0.04706559702754021	0.06387556344270706	0.73507159948349
1512	0.04756024852395058	0.06385478377342224	0.7350984811782837
1513	0.04744413495063782	0.06383459270000458	0.7351492047309875
1514	0.04652974382042885	0.06384851783514023	0.7351331114768982
1515	0.04756102338433266	0.06387195736169815	0.7350781559944153
1516	0.04635688289999962	0.06390085816383362	0.7349539399147034
1517	0.04758371412754059	0.06396352499723434	0.7346857786178589
1518	0.04683567211031914	0.06401394307613373	0.7344586849212646
1519	0.046936094760894775	0.06407289206981659	0.7341910600662231
1520	0.046350110322237015	0.06408603489398956	0.7340666651725769
1521	0.04712098836898804	0.06405825167894363	0.7340965270996094
1522	0.046770207583904266	0.0640082061290741	0.7342328429222107
1523	0.0472404845058918	0.06395527720451355	0.7343692183494568
1524	0.046934936195611954	0.06392133980989456	0.7344701886177063
1525	0.04716131091117859	0.06392782181501389	0.7344920635223389
1526	0.046688564121723175	0.06395483762025833	0.734493613243103
1527	0.045941878110170364	0.06399880349636078	0.7344597578048706
1528	0.04714333638548851	0.0640387237071991	0.7344506978988647
1529	0.045928195118904114	0.0640714168548584	0.7344536185264587
1530	0.04694578796625137	0.06408490985631943	0.7344921231269836
1531	0.04689847305417061	0.0640888586640358	0.734549343585968
1532	0.04723270982503891	0.06408992409706116	0.7345527410507202
1533	0.046424925327301025	0.06406567990779877	0.7345922589302063
1534	0.047422684729099274	0.06401242315769196	0.7346885204315186
1535	0.04672316461801529	0.06393981724977493	0.7348028421401978
1536	0.04702204093337059	0.06388670951128006	0.7348588705062866
1537	0.04675065353512764	0.06382670253515244	0.7349051237106323
1538	0.04682179167866707	0.06376907974481583	0.734954297542572
1539	0.04712992161512375	0.06373410671949387	0.7349703311920166
1540	0.04677589610219002	0.06373459845781326	0.734917938709259
1541	0.04657020419836044	0.06374567747116089	0.7349037528038025
1542	0.04659648612141609	0.06376805156469345	0.734909176826477
1543	0.04573071375489235	0.06381314992904663	0.7348914742469788
1544	0.04700629413127899	0.06386054307222366	0.7349303960800171
1545	0.04724220186471939	0.0639207661151886	0.7349034547805786
1546	0.046608224511146545	0.06396311521530151	0.7349032163619995
1547	0.04682498425245285	0.06399155408143997	0.7349093556404114
1548	0.04628485441207886	0.06400549411773682	0.7349282503128052
1549	0.046095531433820724	0.06397632509469986	0.7350365519523621
1550	0.047378137707710266	0.06392515450716019	0.7352113723754883
1551	0.04649979621171951	0.06386351585388184	0.7353817820549011
1552	0.04600760340690613	0.0638103187084198	0.7354867458343506
1553	0.045937761664390564	0.06377365440130234	0.7355183362960815
1554	0.04657779261469841	0.06375885754823685	0.7355015873908997
1555	0.0465693436563015	0.06375937908887863	0.735465943813324
1556	0.04646940529346466	0.06378994137048721	0.7353396415710449
1557	0.046379007399082184	0.06381991505622864	0.7352430820465088
1558	0.0460054948925972	0.06383489072322845	0.735181987285614
1559	0.046549733728170395	0.0638328418135643	0.7351909279823303
1560	0.04648090898990631	0.06382361054420471	0.7352362871170044
1561	0.04654606059193611	0.06383148580789566	0.7352210879325867
1562	0.04647328332066536	0.06382334232330322	0.7352343201637268
1563	0.04609926417469978	0.06380650401115417	0.7352691888809204
1564	0.04600967839360237	0.0637795478105545	0.7353371977806091
1565	0.04699987173080444	0.06374986469745636	0.7354045510292053
1566	0.04658830910921097	0.06373850256204605	0.7354078888893127
1567	0.04686383530497551	0.06373465061187744	0.7354110479354858
1568	0.04711931571364403	0.06372688710689545	0.7353993058204651
1569	0.04691951349377632	0.06372828781604767	0.7353766560554504
1570	0.046400073915719986	0.06372495740652084	0.7353346943855286
1571	0.04662024974822998	0.06371902674436569	0.7352914810180664
1572	0.047324713319540024	0.0636877790093422	0.7353318333625793
1573	0.046487994492053986	0.06366632878780365	0.7353762984275818
1574	0.04654832184314728	0.06366543471813202	0.7354022860527039
1575	0.04618557170033455	0.06367585062980652	0.7353938817977905
1576	0.04612833634018898	0.06368879973888397	0.7353931069374084
1577	0.04642695188522339	0.06369408965110779	0.7354035973548889
1578	0.04675837606191635	0.06366898864507675	0.7354950904846191
1579	0.04713389649987221	0.06364628672599792	0.7355635762214661
1580	0.04681236669421196	0.06364313513040543	0.7355745434761047
1581	0.04605342447757721	0.063637875020504	0.735560417175293
1582	0.046551018953323364	0.06363840401172638	0.7355542778968811
1583	0.04639189690351486	0.06364177167415619	0.7355567216873169
1584	0.046408116817474365	0.06364919245243073	0.7355737686157227
1585	0.04710202291607857	0.06364155560731888	0.7356763482093811
1586	0.04597970098257065	0.06362829357385635	0.7357848286628723
1587	0.0462348572909832	0.06361926347017288	0.735852837562561
1588	0.046395108103752136	0.06361154466867447	0.7359247207641602
1589	0.04696493223309517	0.06359723955392838	0.7359893321990967
1590	0.04626743122935295	0.06359805166721344	0.7360155582427979
1591	0.04683076590299606	0.06362180411815643	0.7359883189201355
1592	0.046184733510017395	0.06367114931344986	0.7358795404434204
1593	0.04672717675566673	0.06371605396270752	0.7357574105262756
1594	0.0459427610039711	0.06375196576118469	0.7356548309326172
1595	0.046697117388248444	0.06374541670084	0.7356727123260498
1596	0.0467851385474205	0.0637078657746315	0.735746443271637
1597	0.045503806322813034	0.0636916309595108	0.735747754573822
1598	0.04609539359807968	0.06366527080535889	0.7357291579246521
1599	0.04625626653432846	0.06362214684486389	0.7357587218284607
1600	0.045905642211437225	0.06358480453491211	0.7357802987098694
1601	0.04582057520747185	0.06353942304849625	0.7358500957489014
1602	0.04641209915280342	0.06351194530725479	0.7359318137168884
1603	0.04637104272842407	0.06349679082632065	0.7359775304794312
1604	0.04588042572140694	0.06349912285804749	0.7359830737113953
1605	0.046194445341825485	0.06352780014276505	0.7359117269515991
1606	0.04567757993936539	0.0635758489370346	0.7357763648033142
1607	0.04561685770750046	0.06361134350299835	0.7356715202331543
1608	0.04636639729142189	0.0636342242360115	0.7355666756629944
1609	0.04638516157865524	0.06362929940223694	0.7355369329452515
1610	0.04586803913116455	0.06361483782529831	0.7355353236198425
1611	0.04635484144091606	0.063578762114048	0.7356132864952087
1612	0.0464160181581974	0.0635407567024231	0.7357291579246521
1613	0.045787468552589417	0.06351371854543686	0.7358549237251282
1614	0.046670809388160706	0.06349438428878784	0.7359415292739868
1615	0.045711684972047806	0.06348723918199539	0.7360213398933411
1616	0.046334460377693176	0.06349889934062958	0.7360336780548096
1617	0.04634145274758339	0.06351122260093689	0.7359825968742371
1618	0.04661589115858078	0.06354686617851257	0.7358949780464172
1619	0.045877475291490555	0.06360231339931488	0.7357186675071716
1620	0.04648016393184662	0.06365513801574707	0.7355712056159973
1621	0.04634443297982216	0.06369364261627197	0.7354778051376343
1622	0.046529434621334076	0.06368192285299301	0.7355147004127502
1623	0.0467422679066658	0.06361779570579529	0.7357251644134521
1624	0.04596676304936409	0.06356923282146454	0.7358614206314087
1625	0.04529188200831413	0.0635041669011116	0.7360473275184631
1626	0.04567746818065643	0.06345964968204498	0.7361294627189636
1627	0.04671882838010788	0.0634399801492691	0.736183226108551
1628	0.045740678906440735	0.06342943757772446	0.7362424731254578
1629	0.0458647757768631	0.06342265009880066	0.7362889051437378
1630	0.04606771096587181	0.06340442597866058	0.7363303899765015
1631	0.04569552093744278	0.06341231614351273	0.7362954020500183
1632	0.04614783078432083	0.06342794746160507	0.7362548112869263
1633	0.04577619209885597	0.06343485414981842	0.7362498044967651
1634	0.046995699405670166	0.06346818059682846	0.7361705303192139
1635	0.04617505148053169	0.06346893310546875	0.7361727356910706
1636	0.045691438019275665	0.06347627937793732	0.7361434698104858
1637	0.045820824801921844	0.0634554997086525	0.7361862659454346
1638	0.04651302844285965	0.06344601511955261	0.7361937761306763
1639	0.04585433378815651	0.06344270706176758	0.7361710071563721
1640	0.04628510773181915	0.06344856321811676	0.7361487150192261
1641	0.04591888189315796	0.0634535476565361	0.736103892326355
1642	0.0464911013841629	0.06345158070325851	0.736114501953125
1643	0.046226758509874344	0.0634407252073288	0.7361419200897217
1644	0.045050546526908875	0.06344565004110336	0.7361465096473694
1645	0.04600376635789871	0.0634499043226242	0.7361660599708557
1646	0.046273913234472275	0.06344414502382278	0.7362132668495178
1647	0.04555976763367653	0.06343435496091843	0.7362682819366455
1648	0.04626435786485672	0.06343653798103333	0.736294150352478
1649	0.04514150321483612	0.0634489506483078	0.7363154292106628
1650	0.04625027999281883	0.06346003711223602	0.7363360524177551
1651	0.04652354493737221	0.0634738877415657	0.7363744974136353
1652	0.045901454985141754	0.0634777620434761	0.7363866567611694
1653	0.04559556022286415	0.06348822265863419	0.7363578677177429
1654	0.045826151967048645	0.06347639858722687	0.7363395094871521
1655	0.04647434502840042	0.06342221796512604	0.7364112138748169
1656	0.04570087417960167	0.06338592618703842	0.7363824844360352
1657	0.04557551443576813	0.0633348897099495	0.7364320755004883
1658	0.045642077922821045	0.06328586488962173	0.7364856600761414
1659	0.046408820897340775	0.06322968751192093	0.7365816831588745
1660	0.04592779651284218	0.06321398168802261	0.7365652918815613
1661	0.045437224209308624	0.06321188807487488	0.7365598678588867
1662	0.04519788175821304	0.06322664022445679	0.7365095615386963
1663	0.0457037091255188	0.06324633210897446	0.7365002036094666
1664	0.0457581952214241	0.06328492611646652	0.7364824414253235
1665	0.045308973640203476	0.06332089006900787	0.7364358305931091
1666	0.04501804709434509	0.06335516273975372	0.7363665103912354
1667	0.045263852924108505	0.06338898092508316	0.7363193035125732
1668	0.04484982788562775	0.06341347843408585	0.7362600564956665
1669	0.045983534306287766	0.06339717656373978	0.7362977266311646
1670	0.0445658303797245	0.06338746845722198	0.736318051815033
1671	0.044520068913698196	0.06337891519069672	0.7363247871398926
1672	0.04595893621444702	0.06334652006626129	0.7364027500152588
1673	0.046221114695072174	0.06332904100418091	0.7364196181297302
1674	0.04614458233118057	0.06330856680870056	0.736463189125061
1675	0.0455508716404438	0.06330312788486481	0.7364770174026489
1676	0.0459391213953495	0.06329353898763657	0.7365100383758545
1677	0.04546668753027916	0.0632704421877861	0.7365970015525818
1678	0.045602768659591675	0.06325363367795944	0.7367278337478638
1679	0.04569535702466965	0.06325768679380417	0.7368047833442688
1680	0.04567262530326843	0.06327956914901733	0.7367912530899048
1681	0.04534180834889412	0.06331111490726471	0.7367434501647949
1682	0.04591231048107147	0.06332232803106308	0.7367372512817383
1683	0.046182114630937576	0.06330558657646179	0.736812949180603
1684	0.04530225321650505	0.0632748156785965	0.7368999123573303
1685	0.04539823904633522	0.06325654685497284	0.7369176149368286
1686	0.045918386429548264	0.06323517858982086	0.7369277477264404
1687	0.04583214968442917	0.06320813298225403	0.7369493246078491
1688	0.04572417959570885	0.06320048868656158	0.7369143962860107
1689	0.04574243724346161	0.06318316608667374	0.7369023561477661
1690	0.04543660581111908	0.0631793662905693	0.7368590831756592
1691	0.04511471092700958	0.0631839707493782	0.7368463277816772
1692	0.04537712782621384	0.06317265331745148	0.7369096279144287
1693	0.0453619621694088	0.0631314069032669	0.7370628714561462
1694	0.04438946396112442	0.0631009042263031	0.7371810674667358
1695	0.04569827392697334	0.06307462602853775	0.7372660636901855
1696	0.04544590413570404	0.0630522295832634	0.7373627424240112
1697	0.04483824968338013	0.06302795559167862	0.7374592423439026
1698	0.04500259459018707	0.06302759051322937	0.7375081181526184
1699	0.04563116654753685	0.06304508447647095	0.7374897599220276
1700	0.045036740601062775	0.06307250261306763	0.737387478351593
1701	0.04588260501623154	0.06311126053333282	0.7372140288352966
1702	0.046108219772577286	0.06315088272094727	0.7370470762252808
1703	0.04603409022092819	0.06317472457885742	0.7369189858436584
1704	0.04509598761796951	0.06319212913513184	0.7368025779724121
1705	0.04586365446448326	0.06317375600337982	0.7368621826171875
1706	0.045752327889204025	0.06315083056688309	0.7369476556777954
1707	0.045823514461517334	0.06312908232212067	0.737056314945221
1708	0.04574761539697647	0.06310305744409561	0.7371797561645508
1709	0.04531961679458618	0.0630795806646347	0.7372750043869019
1710	0.04428325966000557	0.06306520849466324	0.7373304963111877
1711	0.045135121792554855	0.06307170540094376	0.7373591661453247
1712	0.04556434601545334	0.06309551000595093	0.7374005913734436
1713	0.04512988403439522	0.06311754137277603	0.7374586462974548
1714	0.04571938142180443	0.0631316676735878	0.7374841570854187
1715	0.04503839462995529	0.06313729286193848	0.7374705672264099
1716	0.04506969824433327	0.06314153969287872	0.7374233603477478
1717	0.04470667988061905	0.06313587725162506	0.7373835444450378
1718	0.04502537474036217	0.06312508136034012	0.737338662147522
1719	0.045075707137584686	0.06311730295419693	0.7372939586639404
1720	0.046207305043935776	0.06308282166719437	0.7373002171516418
1721	0.04519173502922058	0.06304198503494263	0.7373098731040955
1722	0.0454581119120121	0.06300957500934601	0.7373287081718445
1723	0.04572175070643425	0.06300604343414307	0.7372788190841675
1724	0.04496825858950615	0.06300191581249237	0.7372554540634155
1725	0.04517166316509247	0.06301270425319672	0.7372375130653381
1726	0.045090969651937485	0.06302521377801895	0.7371818423271179
1727	0.04501722753047943	0.06303314864635468	0.7371656894683838
1728	0.04512481391429901	0.06304981559515	0.7371408939361572
1729	0.04571259394288063	0.06307490915060043	0.7371240854263306
1730	0.04520498961210251	0.06307888776063919	0.7371478080749512
1731	0.045191168785095215	0.06307713687419891	0.7371888756752014
1732	0.045370545238256454	0.06306161731481552	0.7372421026229858
1733	0.04459542781114578	0.06306257843971252	0.7371981739997864
1734	0.04547369107604027	0.06303746998310089	0.7372233867645264
1735	0.04511799290776253	0.0629904493689537	0.7373157143592834
1736	0.04522264003753662	0.06293471902608871	0.7374728322029114
1737	0.045052431523799896	0.06288694590330124	0.7376047968864441
1738	0.04553668200969696	0.06286697834730148	0.7376703023910522
1739	0.04502231255173683	0.06285924464464188	0.737735390663147
1740	0.045224759727716446	0.06285445392131805	0.7378221154212952
1741	0.045150816440582275	0.06285713613033295	0.7379085421562195
1742	0.044905614107847214	0.06287405639886856	0.7379552125930786
1743	0.04472315311431885	0.06288541853427887	0.7380407452583313
1744	0.04547905549407005	0.06288864463567734	0.7381578087806702
1745	0.043951742351055145	0.06287122517824173	0.7382634282112122
1746	0.045354604721069336	0.0628466010093689	0.7383522391319275
1747	0.044562917202711105	0.06284338980913162	0.7383350133895874
1748	0.04597281292080879	0.06285927444696426	0.7382426857948303
1749	0.04543380066752434	0.06287895888090134	0.7381682395935059
1750	0.04570061340928078	0.0629066526889801	0.7380182147026062
1751	0.045123398303985596	0.06295131891965866	0.737794041633606
1752	0.044540464878082275	0.06297113001346588	0.737562894821167
1753	0.04442333057522774	0.06297314167022705	0.7373670935630798
1754	0.04405336081981659	0.06295861303806305	0.7372631430625916
1755	0.04555032402276993	0.06292636692523956	0.7373250722885132
1756	0.04500429332256317	0.06288483738899231	0.7374567985534668
1757	0.045076753944158554	0.06286021322011948	0.7376102209091187
1758	0.04534343630075455	0.06284351646900177	0.7377734780311584
1759	0.045079655945301056	0.06285028159618378	0.7378808856010437
1760	0.044415030628442764	0.06283171474933624	0.7380754947662354
1761	0.04573080316185951	0.06282313168048859	0.7382280826568604
1762	0.044229984283447266	0.062810018658638	0.7383720278739929
1763	0.0445101261138916	0.06279876083135605	0.7384593486785889
1764	0.04484768584370613	0.06281065940856934	0.7384503483772278
1765	0.04451141133904457	0.06283210217952728	0.7383647561073303
1766	0.04448840022087097	0.0628650039434433	0.7382419109344482
1767	0.045331332832574844	0.06290268152952194	0.7380999326705933
1768	0.044364117085933685	0.0629073977470398	0.7380254864692688
1769	0.04509180411696434	0.06292427331209183	0.7379156947135925
1770	0.04513603821396828	0.0629463791847229	0.7377811670303345
1771	0.044023413211107254	0.06294567883014679	0.7377192378044128
1772	0.044674355536699295	0.06291192770004272	0.7377490401268005
1773	0.04524938762187958	0.06287386268377304	0.7377972602844238
1774	0.044060107320547104	0.06284993886947632	0.73783940076828
1775	0.04470093548297882	0.06280133873224258	0.737963080406189
1776	0.044900309294462204	0.06275517493486404	0.7381013035774231
1777	0.04491036385297775	0.06273005157709122	0.7382227778434753
1778	0.04420403391122818	0.06270788609981537	0.7383826375007629
1779	0.044830311089754105	0.06269944459199905	0.7385007739067078
1780	0.04469046741724014	0.06272193044424057	0.7385621070861816
1781	0.0448014922440052	0.06274811178445816	0.7386074066162109
1782	0.04472804814577103	0.0627632737159729	0.7386191487312317
1783	0.04505697637796402	0.06274906545877457	0.7386536598205566
1784	0.04442533105611801	0.0627235546708107	0.7386577129364014
1785	0.04467516019940376	0.0627247765660286	0.7385671734809875
1786	0.04445130378007889	0.06273136287927628	0.7384166121482849
1787	0.04484867677092552	0.06271698325872421	0.7383180260658264
1788	0.044798217713832855	0.06271662563085556	0.7381903529167175
1789	0.044342782348394394	0.06273943185806274	0.7380671501159668
1790	0.044813401997089386	0.06278733909130096	0.7378934025764465
1791	0.0448078028857708	0.06284521520137787	0.7377133965492249
1792	0.04508054628968239	0.06287380307912827	0.7376497387886047
1793	0.04505797475576401	0.06287404149770737	0.7377071976661682
1794	0.04481806978583336	0.06284361332654953	0.737839937210083
1795	0.0445844903588295	0.0628201961517334	0.7379397749900818
1796	0.044786520302295685	0.06282627582550049	0.7379258275032043
1797	0.044282011687755585	0.0628095343708992	0.7379773259162903
1798	0.04495478793978691	0.06278246641159058	0.7380474209785461
1799	0.04427158460021019	0.06276404857635498	0.7380722761154175
1800	0.045239225029945374	0.06274620443582535	0.7380756139755249
1801	0.04492710530757904	0.06273296475410461	0.738050103187561
1802	0.044677734375	0.0627286434173584	0.7379949688911438
1803	0.04474489018321037	0.06272679567337036	0.7379292249679565
1804	0.0446457713842392	0.06274667382240295	0.7377952933311462
1805	0.04493293911218643	0.0627809688448906	0.737636148929596
1806	0.04430470988154411	0.06279686838388443	0.7375528812408447
1807	0.04416382685303688	0.06280826777219772	0.7375277876853943
1808	0.044666700065135956	0.06280756741762161	0.7376034259796143
1809	0.04461406543850899	0.06277536600828171	0.7377830743789673
1810	0.04455894976854324	0.06273148208856583	0.7380109429359436
1811	0.044396933168172836	0.06268748641014099	0.7382392287254333
1812	0.044030968099832535	0.06265445798635483	0.7384321093559265
1813	0.04439081624150276	0.0626409649848938	0.7385496497154236
1814	0.04511673375964165	0.06263740360736847	0.7386251091957092
1815	0.044331878423690796	0.06266657263040543	0.7385898232460022
1816	0.04473444074392319	0.06269994378089905	0.7384968400001526
1817	0.044726643711328506	0.06274617463350296	0.7383487224578857
1818	0.04545869305729866	0.06279969960451126	0.7381945252418518
1819	0.04426084831357002	0.06284502148628235	0.738027036190033
1820	0.0438394695520401	0.06284897774457932	0.7379361987113953
1821	0.043951310217380524	0.06282655894756317	0.7379340529441833
1822	0.04419633746147156	0.06279849261045456	0.7379964590072632
1823	0.044812511652708054	0.06276468187570572	0.7380766272544861
1824	0.04423011466860771	0.06272490322589874	0.7381672263145447
1825	0.04505565017461777	0.06269726157188416	0.7382674813270569
1826	0.04418836161494255	0.06266233325004578	0.7383692264556885
1827	0.044537097215652466	0.0626363754272461	0.7384635806083679
1828	0.04456928372383118	0.06262487173080444	0.738551676273346
1829	0.044074710458517075	0.06263710558414459	0.7385728359222412
1830	0.04522475227713585	0.06263710558414459	0.7386243343353271
1831	0.044444747269153595	0.06262793391942978	0.7386436462402344
1832	0.044508907943964005	0.06263052672147751	0.7385960817337036
1833	0.044530726969242096	0.06263260543346405	0.7385663390159607
1834	0.044837456196546555	0.06264800578355789	0.7384688258171082
1835	0.0440099835395813	0.0626707449555397	0.7383373379707336
1836	0.04393533244729042	0.06269926577806473	0.7382233142852783
1837	0.043667376041412354	0.06270939856767654	0.7381724119186401
1838	0.045012764632701874	0.06268445402383804	0.7382306456565857
1839	0.044422928243875504	0.06265486776828766	0.7383090853691101
1840	0.04456573352217674	0.06262820959091187	0.7384089231491089
1841	0.04405560344457626	0.06263170391321182	0.7384560108184814
1842	0.04461515322327614	0.06264303624629974	0.7385073900222778
1843	0.044308993965387344	0.06267684698104858	0.7385141849517822
1844	0.044488273561000824	0.06271672993898392	0.7385355234146118
1845	0.0441526398062706	0.06273841857910156	0.7385868430137634
1846	0.04470917209982872	0.06274886429309845	0.738628089427948
1847	0.044742096215486526	0.06278149783611298	0.7385762929916382
1848	0.04488047957420349	0.06275685131549835	0.7386342883110046
1849	0.04437771067023277	0.06271103024482727	0.7387149930000305
1850	0.04414385184645653	0.06267143785953522	0.7387617230415344
1851	0.044376350939273834	0.0626077875494957	0.7388671040534973
1852	0.04374663904309273	0.06255288422107697	0.7389417290687561
1853	0.04409753903746605	0.06253581494092941	0.7389051914215088
1854	0.04446848854422569	0.0625237300992012	0.738828718662262
1855	0.044186729937791824	0.06253654509782791	0.7387293577194214
1856	0.04436229169368744	0.06256096065044403	0.7386376261711121
1857	0.0444534532725811	0.06260720640420914	0.7384868264198303
1858	0.044539544731378555	0.0626591369509697	0.7383767366409302
1859	0.043797701597213745	0.06268937140703201	0.7383708357810974
1860	0.04425360634922981	0.06270181387662888	0.7384277582168579
1861	0.0437299907207489	0.06271055340766907	0.7384855151176453
1862	0.04422177001833916	0.06270822137594223	0.738519012928009
1863	0.044112712144851685	0.06267764419317245	0.7385693192481995
1864	0.045308519154787064	0.06263738125562668	0.7386446595191956
1865	0.04364863410592079	0.06259805709123611	0.7386943101882935
1866	0.04382466524839401	0.06255679577589035	0.7387725114822388
1867	0.04395504668354988	0.0625484511256218	0.7387819290161133
1868	0.04449814558029175	0.0625472143292427	0.7387810945510864
1869	0.04352950677275658	0.06253950297832489	0.7387831807136536
1870	0.044518765062093735	0.06254636496305466	0.7387784123420715
1871	0.04390343278646469	0.06257635354995728	0.7386536598205566
1872	0.04373280704021454	0.06261996179819107	0.738493800163269
1873	0.04337833821773529	0.06266602128744125	0.7383211255073547
1874	0.04350167512893677	0.06269973516464233	0.7381724715232849
1875	0.04388358071446419	0.06270093470811844	0.738136887550354
1876	0.04430801421403885	0.06267548352479935	0.7381807565689087
1877	0.043870314955711365	0.06263714283704758	0.738310694694519
1878	0.04416555166244507	0.06258323788642883	0.7384980320930481
1879	0.044092386960983276	0.06253130733966827	0.7386549115180969
1880	0.043704804033041	0.06250231713056564	0.7387874126434326
1881	0.044402722269296646	0.06248869001865387	0.7388854026794434
1882	0.04514773562550545	0.06249499320983887	0.7389380931854248
1883	0.04482046514749527	0.06252430379390717	0.7389681935310364
1884	0.0444103442132473	0.06257123500108719	0.7389107942581177
1885	0.04401690140366554	0.0626259297132492	0.73879474401474
1886	0.044041190296411514	0.06268732249736786	0.7386037707328796
1887	0.0435015968978405	0.06273337453603745	0.7384485006332397
1888	0.0441463477909565	0.06271082907915115	0.7384389638900757
1889	0.044601380825042725	0.06264586001634598	0.7385205626487732
1890	0.04370754957199097	0.06256141513586044	0.7386659383773804
1891	0.04418047517538071	0.06249142065644264	0.738768458366394
1892	0.04351438954472542	0.06243962049484253	0.7387731671333313
1893	0.0440727137029171	0.06241528317332268	0.738724946975708
1894	0.043960291892290115	0.06242373585700989	0.7386260628700256
1895	0.04463225603103638	0.0624527782201767	0.7385223507881165
1896	0.04301034286618233	0.06249421834945679	0.7384435534477234
1897	0.04431910812854767	0.06255417317152023	0.7383618950843811
1898	0.043570857495069504	0.06262462586164474	0.738253116607666
1899	0.04373031482100487	0.06269818544387817	0.7381651401519775
1900	0.04372796416282654	0.06273116916418076	0.7381386756896973
1901	0.04361793026328087	0.06271568685770035	0.7382276654243469
1902	0.04391700029373169	0.06266985833644867	0.738375186920166
1903	0.044287167489528656	0.06258951127529144	0.7386305332183838
1904	0.04390077292919159	0.06251401454210281	0.7388542890548706
1905	0.04340190067887306	0.062434569001197815	0.7390576004981995
1906	0.04378143697977066	0.06234978511929512	0.7392783761024475
1907	0.043209999799728394	0.06229506805539131	0.7394307255744934
1908	0.043263111263513565	0.062283456325531006	0.7394692897796631
1909	0.04367726296186447	0.06228988990187645	0.7394734025001526
1910	0.04385644942522049	0.062327295541763306	0.7394014596939087
1911	0.04399534687399864	0.06239381060004234	0.7392556071281433
1912	0.04472603276371956	0.06249373033642769	0.7390396595001221
1913	0.044518161565065384	0.06260103732347488	0.7387988567352295
1914	0.043906163424253464	0.0626613050699234	0.7386760711669922
1915	0.04372038692235947	0.06267166882753372	0.7386695742607117
1916	0.04413962736725807	0.06267029792070389	0.7386651039123535
1917	0.043844807893037796	0.06258095055818558	0.7388553023338318
1918	0.04401780292391777	0.06251433491706848	0.7389280200004578
1919	0.04368119314312935	0.06246282905340195	0.7389770150184631
1920	0.044051963835954666	0.06243164837360382	0.7389764785766602
1921	0.044247910380363464	0.062424708157777786	0.7389224171638489
1922	0.043631795793771744	0.06245177984237671	0.7387948036193848
1923	0.0448305606842041	0.062483444809913635	0.7387040257453918
1924	0.04406971484422684	0.06251762807369232	0.7386053800582886
1925	0.04452354833483696	0.06253880262374878	0.7385921478271484
1926	0.04381967708468437	0.06257131695747375	0.7385633587837219
1927	0.04369053989648819	0.06259080022573471	0.7385534644126892
1928	0.0436985120177269	0.06259097903966904	0.7386161684989929
1929	0.04348134249448776	0.06256942451000214	0.7387240529060364
1930	0.043703120201826096	0.06250566244125366	0.738895833492279
1931	0.0440799742937088	0.06245371699333191	0.7389979362487793
1932	0.04427465796470642	0.06242574006319046	0.7390456199645996
1933	0.04292186722159386	0.0623960942029953	0.739109218120575
1934	0.04319335147738457	0.062361281365156174	0.739240288734436
1935	0.04367102310061455	0.06233777105808258	0.7393478155136108
1936	0.043882131576538086	0.06231723725795746	0.7394762635231018
1937	0.04376284033060074	0.06232006847858429	0.7395034432411194
1938	0.04361947998404503	0.062350716441869736	0.7394446730613708
1939	0.043855030089616776	0.06236729398369789	0.7394247651100159
1940	0.04367312416434288	0.062396757304668427	0.7393510937690735
1941	0.04399928078055382	0.062419187277555466	0.7393248677253723
1942	0.043484583497047424	0.062457434833049774	0.7392305135726929
1943	0.042927250266075134	0.06245799362659454	0.739250123500824
1944	0.04387586563825607	0.06246345490217209	0.739280641078949
1945	0.042905572801828384	0.06246941536664963	0.7392792701721191
1946	0.04388601332902908	0.062476370483636856	0.7392399907112122
1947	0.043620552867650986	0.06249181181192398	0.73919677734375
1948	0.043623585253953934	0.062485821545124054	0.7392104864120483
1949	0.043222494423389435	0.062472131103277206	0.7392126321792603
1950	0.043531350791454315	0.062472864985466	0.7391830086708069
1951	0.043783631175756454	0.06246607378125191	0.7392185926437378
1952	0.0438162237405777	0.06243205443024635	0.7393354773521423
1953	0.043884772807359695	0.062425870448350906	0.7394062876701355
1954	0.04291730746626854	0.06242067366838455	0.739418089389801
1955	0.043403349816799164	0.06238969415426254	0.7394858002662659
1956	0.0430925190448761	0.062341976910829544	0.7395765781402588
1957	0.043715447187423706	0.062295831739902496	0.739666759967804
1958	0.04345703125	0.062235962599515915	0.7397746443748474
1959	0.04372735321521759	0.06219097226858139	0.7398563623428345
1960	0.04340481758117676	0.06215503439307213	0.739905595779419
1961	0.043254971504211426	0.062142182141542435	0.7399150133132935
1962	0.043948616832494736	0.062159691005945206	0.7398879528045654
1963	0.04386155679821968	0.06220892444252968	0.7397955060005188
1964	0.04349955543875694	0.06224832311272621	0.739691972732544
1965	0.04353202134370804	0.062288545072078705	0.7395936250686646
1966	0.0427660197019577	0.062310002744197845	0.7395331859588623
1967	0.0428336039185524	0.062313273549079895	0.7395281791687012
1968	0.04395565018057823	0.06229833886027336	0.7395511269569397
1969	0.04438179358839989	0.062288135290145874	0.7395914793014526
1970	0.04347287118434906	0.06228555366396904	0.7395814061164856
1971	0.0425439290702343	0.06225059553980827	0.7396944165229797
1972	0.0439879447221756	0.06224077567458153	0.7397586107254028
1973	0.04322701692581177	0.062227513641119	0.7398554682731628
1974	0.042656030505895615	0.062231604009866714	0.7398985028266907
1975	0.043995361775159836	0.06227152794599533	0.7398137450218201
1976	0.0434025302529335	0.062333185225725174	0.7396636009216309
1977	0.043483249843120575	0.062377940863370895	0.7395543456077576
1978	0.04357283562421799	0.062404815107584	0.7394765615463257
1979	0.04340862110257149	0.06242856755852699	0.7393951416015625
1980	0.04355689883232117	0.0624098964035511	0.7393708229064941
1981	0.04306943714618683	0.06236859783530235	0.7394073605537415
1982	0.04342326149344444	0.06230579689145088	0.7395137548446655
1983	0.042959488928318024	0.06224962696433067	0.7395954728126526
1984	0.04271360859274864	0.06220792979001999	0.739615797996521
1985	0.04356211796402931	0.06219692528247833	0.7396259903907776
1986	0.04291015490889549	0.06221305951476097	0.7396295070648193
1987	0.04325864464044571	0.06223660334944725	0.7396299242973328
1988	0.04366077855229378	0.062282294034957886	0.7395844459533691
1989	0.04303574189543724	0.06235542520880699	0.7394488453865051
1990	0.04364645481109619	0.06243481487035751	0.7392570376396179
1991	0.04318900778889656	0.06247618794441223	0.7391588687896729
1992	0.043897759169340134	0.06247767060995102	0.7391462326049805
1993	0.042851999402046204	0.062454212456941605	0.7392301559448242
1994	0.04365186765789986	0.06238603964447975	0.7394143342971802
1995	0.043773531913757324	0.06228460371494293	0.7396678328514099
1996	0.04275784268975258	0.06218334287405014	0.7398917078971863
1997	0.0432555228471756	0.06210113316774368	0.7400479912757874
1998	0.04340961202979088	0.062051933258771896	0.7401592135429382
1999	0.04304283484816551	0.062038566917181015	0.740216076374054
2000	0.04253746569156647	0.06204398348927498	0.7402790784835815
2001	0.04324036091566086	0.06207224354147911	0.7402771711349487
2002	0.04342762753367424	0.06213090941309929	0.7402030229568481
2003	0.04276154190301895	0.062214143574237823	0.740013062953949
2004	0.0423944927752018	0.062316104769706726	0.7397430539131165
2005	0.04237930849194527	0.06241627410054207	0.7394455075263977
2006	0.043062470853328705	0.06248585507273674	0.7391964793205261
2007	0.04284866899251938	0.06246507912874222	0.7391852736473083
2008	0.042999640107154846	0.0624023862183094	0.7392999529838562
2009	0.04261999949812889	0.062321845442056656	0.7394677996635437
2010	0.04366268962621689	0.06224093586206436	0.739584743976593
2011	0.04324749857187271	0.062164902687072754	0.7397339344024658
2012	0.0425303690135479	0.06210963428020477	0.7398300766944885
2013	0.0432727076113224	0.06207728013396263	0.739871621131897
2014	0.04328044131398201	0.062071774154901505	0.7398755550384521
2015	0.04314913600683212	0.06211633235216141	0.7397305965423584
2016	0.04312825947999954	0.06216965988278389	0.7395753860473633
2017	0.042446162551641464	0.06221748888492584	0.7394242882728577
2018	0.043314382433891296	0.06228122115135193	0.7392534017562866
2019	0.04224572703242302	0.06233268231153488	0.7391316294670105
2020	0.04304772987961769	0.06233391910791397	0.7391488552093506
2021	0.04279942438006401	0.062348827719688416	0.739098310470581
2022	0.043481044471263885	0.06235170736908913	0.7390868067741394
2023	0.043224532157182693	0.06234509497880936	0.7390949130058289
2024	0.04291047528386116	0.06232867017388344	0.7391641139984131
2025	0.04242958500981331	0.062315311282873154	0.739223062992096
2026	0.043246250599622726	0.06231987476348877	0.7392407059669495
2027	0.0431031808257103	0.06231394410133362	0.7393070459365845
2028	0.04309401661157608	0.06228718161582947	0.7393977046012878
2029	0.04315939545631409	0.06226100027561188	0.7394886612892151
2030	0.04310031980276108	0.06224576383829117	0.7395709156990051
2031	0.04363308474421501	0.062236495316028595	0.7396714687347412
2032	0.04322656989097595	0.062252871692180634	0.739733099937439
2033	0.04260529205203056	0.06225854903459549	0.7397964000701904
2034	0.04243522509932518	0.06227923184633255	0.7397564053535461
2035	0.04316149279475212	0.06229187548160553	0.7397230267524719
2036	0.041694674640893936	0.062295470386743546	0.7397066354751587
2037	0.042939770966768265	0.06228378787636757	0.7397089004516602
2038	0.042325884103775024	0.062261179089546204	0.7397423982620239
2039	0.04276357218623161	0.06223216652870178	0.7397761344909668
2040	0.04215531051158905	0.06220444291830063	0.7398003339767456
2041	0.04292828217148781	0.062188223004341125	0.739781379699707
2042	0.042639221996068954	0.06216650456190109	0.73978590965271
2043	0.04260271415114403	0.06216580420732498	0.7397754192352295
2044	0.04240648075938225	0.06217394396662712	0.7397463321685791
2045	0.042805325239896774	0.06218248978257179	0.7397220730781555
2046	0.04271269962191582	0.06221543624997139	0.7396318912506104
2047	0.04239533469080925	0.062242794781923294	0.7395678162574768
2048	0.0431230328977108	0.06225878372788429	0.7395280599594116
2049	0.04246751219034195	0.06227084621787071	0.7394551038742065
2050	0.043117426335811615	0.062291596084833145	0.7393493056297302
2051	0.04312901571393013	0.062301233410835266	0.7392709255218506
2052	0.04277995973825455	0.06227481737732887	0.7393547892570496
2053	0.04261501878499985	0.06224781274795532	0.7394862771034241
2054	0.04296184331178665	0.062228523194789886	0.739613950252533
2055	0.042875733226537704	0.06221337243914604	0.7397076487541199
2056	0.04312082380056381	0.06218232214450836	0.7398329377174377
2057	0.04225242882966995	0.062159303575754166	0.7399071455001831
2058	0.04323581978678703	0.06215762346982956	0.7399269342422485
2059	0.042306702584028244	0.06213992461562157	0.7399577498435974
2060	0.04301529377698898	0.06215306743979454	0.7399294972419739
2061	0.042718756943941116	0.06216612458229065	0.739916205406189
2062	0.04257342964410782	0.0621776282787323	0.7399190664291382
2063	0.04304186999797821	0.062182553112506866	0.7399082779884338
2064	0.043514106422662735	0.06216386705636978	0.7399280071258545
2065	0.04237699881196022	0.06214885413646698	0.7399064302444458
2066	0.04260801896452904	0.06210712715983391	0.7400053143501282
2067	0.04275143891572952	0.06208130344748497	0.7400844693183899
2068	0.04283764958381653	0.06204909086227417	0.7401818037033081
2069	0.04219900444149971	0.0620250478386879	0.7402511239051819
2070	0.04308316111564636	0.06200961023569107	0.7403062582015991
2071	0.042808786034584045	0.06201920658349991	0.7402904033660889
2072	0.04296857491135597	0.06202661618590355	0.7402511835098267
2073	0.042910609394311905	0.06203841418027878	0.7402104735374451
2074	0.04274400323629379	0.0620664618909359	0.7401179075241089
2075	0.04237115755677223	0.06210305169224739	0.7400354146957397
2076	0.04354974627494812	0.062131091952323914	0.7399802803993225
2077	0.041798561811447144	0.06216225400567055	0.7398990988731384
2078	0.04259108379483223	0.06217869743704796	0.7398143410682678
2079	0.042513541877269745	0.06216742843389511	0.7397900223731995
2080	0.04275558888912201	0.06214788928627968	0.7397701144218445
2081	0.041945867240428925	0.06211940199136734	0.7397537231445312
2082	0.041996199637651443	0.06208711490035057	0.7397404313087463
2083	0.04278115555644035	0.062074463814496994	0.7397575378417969
2084	0.04230441525578499	0.062058545649051666	0.7397987842559814
2085	0.043485742062330246	0.06205157935619354	0.7398487329483032
2086	0.042449936270713806	0.06205255165696144	0.7398848533630371
2087	0.04269950091838837	0.06205844506621361	0.739952027797699
2088	0.04226502776145935	0.062098558992147446	0.7399081587791443
2089	0.04218730702996254	0.06213465705513954	0.7398560643196106
2090	0.043296609073877335	0.062174465507268906	0.739766001701355
2091	0.042662281543016434	0.06221765652298927	0.7396442294120789
2092	0.04248206689953804	0.06223691627383232	0.7395910620689392
2093	0.04303429648280144	0.06221739575266838	0.7395980358123779
2094	0.042644403874874115	0.06217757239937782	0.7396910786628723
2095	0.042288463562726974	0.062143515795469284	0.7397634387016296
2096	0.04201766476035118	0.06210044398903847	0.739838719367981
2097	0.0419967919588089	0.062062811106443405	0.7399049997329712
2098	0.0429808646440506	0.06202838942408562	0.7399812936782837
2099	0.04282919317483902	0.06201924756169319	0.7400369048118591
2100	0.041653409600257874	0.06200765445828438	0.7401137948036194
2101	0.043224893510341644	0.06200127676129341	0.7401797771453857
2102	0.042998187243938446	0.06202229857444763	0.7401649951934814
2103	0.0425545834004879	0.06205049902200699	0.7401496767997742
2104	0.04248080775141716	0.06208082288503647	0.7401217818260193
2105	0.04341708496212959	0.0621151365339756	0.7400832772254944
2106	0.04289489611983299	0.06212371587753296	0.7400923371315002
2107	0.04226066544651985	0.06212880089879036	0.7400878667831421
2108	0.042082272469997406	0.06213071942329407	0.7400832176208496
2109	0.0425884835422039	0.062107887119054794	0.7401496767997742
2110	0.04202192649245262	0.062047846615314484	0.7403010129928589
2111	0.042461998760700226	0.06199371814727783	0.7404260635375977
2112	0.042167779058218	0.0619267039000988	0.7405847311019897
2113	0.04270393028855324	0.06190245598554611	0.7406430840492249
2114	0.042583826929330826	0.06190872564911842	0.7406532764434814
2115	0.04283434525132179	0.06193435564637184	0.7406396865844727
2116	0.04203116148710251	0.061984702944755554	0.7405514717102051
2117	0.04180527105927467	0.0620136596262455	0.7404747009277344
2118	0.042250655591487885	0.06205891817808151	0.7403510212898254
2119	0.04312523454427719	0.06204216927289963	0.7403321266174316
2120	0.04266241937875748	0.06200678274035454	0.7403532862663269
2121	0.04243406280875206	0.061993375420570374	0.7403490543365479
2122	0.04189828038215637	0.061941251158714294	0.7404735684394836
2123	0.043327152729034424	0.06187978759407997	0.7406592965126038
2124	0.0412556417286396	0.061829518526792526	0.7408060431480408
2125	0.04245251789689064	0.06177496537566185	0.7410095930099487
2126	0.04279961436986923	0.061734672635793686	0.7411655783653259
2127	0.04167867824435234	0.061695829033851624	0.7413231134414673
2128	0.041882675141096115	0.06167500466108322	0.7414265275001526
2129	0.04198627918958664	0.06168055534362793	0.7414379119873047
2130	0.041580680757761	0.06171359121799469	0.7413841485977173
2131	0.042095933109521866	0.061774011701345444	0.7412517070770264
2132	0.041204456239938736	0.06180910766124725	0.7411803603172302
2133	0.04161899536848068	0.06183190643787384	0.7411357164382935
2134	0.04194546490907669	0.06187136471271515	0.7410350441932678
2135	0.04140109568834305	0.06190485134720802	0.7409376502037048
2136	0.04228656366467476	0.06192322075366974	0.7408513426780701
2137	0.0430171899497509	0.06193941831588745	0.7407344579696655
2138	0.04339978098869324	0.061922937631607056	0.7406899929046631
2139	0.04198563098907471	0.06191541999578476	0.7406120300292969
2140	0.041300415992736816	0.061905134469270706	0.7405356168746948
2141	0.04218804091215134	0.061905838549137115	0.7404811978340149
2142	0.042294081300497055	0.06189866364002228	0.7405039072036743
2143	0.042789358645677567	0.061906080693006516	0.7405206561088562
2144	0.042071472853422165	0.061923518776893616	0.7405023574829102
2145	0.041702672839164734	0.06195641681551933	0.7404609322547913
2146	0.042168136686086655	0.06199225038290024	0.7403784394264221
2147	0.042063623666763306	0.061974771320819855	0.7404386401176453
2148	0.04159816727042198	0.06196346879005432	0.7404435873031616
2149	0.041535601019859314	0.06190703064203262	0.7404983639717102
2150	0.042127761989831924	0.06187271326780319	0.7404912710189819
2151	0.04222932830452919	0.061861801892519	0.7404412031173706
2152	0.04232422262430191	0.06185567006468773	0.7403649091720581
2153	0.04173029214143753	0.06187824904918671	0.7402138113975525
2154	0.042442064732313156	0.06191398575901985	0.7400552034378052
2155	0.04159441590309143	0.06194164231419563	0.7399265170097351
2156	0.04171321913599968	0.06196397915482521	0.7398887276649475
2157	0.042715854942798615	0.061981040984392166	0.7399184107780457
2158	0.04215563088655472	0.06201833114027977	0.7399831414222717
2159	0.04257999733090401	0.06207718327641487	0.7399780750274658
2160	0.042319659143686295	0.062088578939437866	0.740086019039154
2161	0.04278581589460373	0.06208985298871994	0.7402264475822449
2162	0.042673565447330475	0.06206086650490761	0.7403984069824219
2163	0.04135901480913162	0.06199636682868004	0.7405986189842224
2164	0.0425332747399807	0.06193438917398453	0.7407518029212952
2165	0.041585031896829605	0.06187901273369789	0.7408607006072998
2166	0.042457498610019684	0.0618460439145565	0.7408878207206726
2167	0.04207831993699074	0.061844538897275925	0.7408196330070496
2168	0.0419609472155571	0.06186564266681671	0.7406782507896423
2169	0.04211640730500221	0.06191610172390938	0.7404464483261108
2170	0.04146866500377655	0.06199105829000473	0.7401641011238098
2171	0.0421406589448452	0.062060534954071045	0.7399241924285889
2172	0.041869305074214935	0.06209729239344597	0.7398247718811035
2173	0.041898101568222046	0.0621175654232502	0.73979651927948
2174	0.04217645525932312	0.06206858158111572	0.7399501800537109
2175	0.04143829271197319	0.06200256943702698	0.7401427626609802
2176	0.041732024401426315	0.06190788373351097	0.7404102087020874
2177	0.041722118854522705	0.06182566285133362	0.7406306266784668
2178	0.04226454347372055	0.061745792627334595	0.7408275008201599
2179	0.041910942643880844	0.06169318035244942	0.7410053014755249
2180	0.042238395661115646	0.06166979670524597	0.7410939931869507
2181	0.042321983724832535	0.06167004629969597	0.7411273121833801
2182	0.04164235666394234	0.061688151210546494	0.7411063313484192
2183	0.04140426591038704	0.06174413487315178	0.7409878373146057
2184	0.042118385434150696	0.061781711876392365	0.740856945514679
2185	0.04225825145840645	0.06180625408887863	0.7407150268554688
2186	0.04160546138882637	0.06181785464286804	0.7405884861946106
2187	0.042045388370752335	0.06182964891195297	0.7404776811599731
2188	0.04148299619555473	0.0618133619427681	0.7404520511627197
2189	0.042203910648822784	0.06179342046380043	0.7404717206954956
2190	0.041631150990724564	0.06178151071071625	0.740477442741394
2191	0.04170440137386322	0.0617760494351387	0.7404720187187195
2192	0.04246002435684204	0.061790380626916885	0.7404417991638184
2193	0.042101457715034485	0.061814021319150925	0.7404381036758423
2194	0.04243718087673187	0.061834875494241714	0.7404617071151733
2195	0.04083340987563133	0.061845436692237854	0.740508496761322
2196	0.04166226461529732	0.06184753403067589	0.7405608892440796
2197	0.041539788246154785	0.06183723360300064	0.7406632900238037
2198	0.0413115955889225	0.06181112304329872	0.7407976388931274
2199	0.0411515049636364	0.06178218126296997	0.740932047367096
2200	0.04068756103515625	0.06176259368658066	0.7410377860069275
2201	0.04173088073730469	0.06173980236053467	0.7411578893661499
2202	0.041422225534915924	0.061717160046100616	0.7412742376327515
2203	0.04152493551373482	0.061701931059360504	0.7413411736488342
2204	0.04168488830327988	0.061678506433963776	0.7414454221725464
2205	0.04155318811535835	0.06164850294589996	0.7415372729301453
2206	0.04170506075024605	0.06165848299860954	0.74151611328125
2207	0.04130004718899727	0.06167688965797424	0.7414742708206177
2208	0.04139868542551994	0.06169280782341957	0.7414324283599854
2209	0.04122151434421539	0.06170283257961273	0.7413983345031738
2210	0.04177246615290642	0.061718735843896866	0.7413516044616699
2211	0.04183726757764816	0.06172174587845802	0.7413013577461243
2212	0.04275556653738022	0.061725422739982605	0.7412535548210144
2213	0.042179543524980545	0.0617346316576004	0.7411815524101257
2214	0.04184791445732117	0.0617099292576313	0.7412185072898865
2215	0.041555557399988174	0.06170731037855148	0.7412208318710327
2216	0.04189686477184296	0.061726056039333344	0.7411380410194397
2217	0.040874235332012177	0.061723798513412476	0.7411298155784607
2218	0.04123183339834213	0.061740294098854065	0.7410750389099121
2219	0.04083354026079178	0.0617554672062397	0.7410354018211365
2220	0.040910754352808	0.06174197047948837	0.7411016225814819
2221	0.041638217866420746	0.06174066662788391	0.7411181926727295
2222	0.042098645120859146	0.061743974685668945	0.7411060929298401
2223	0.04203927516937256	0.06174345687031746	0.7410987019538879
2224	0.04131583496928215	0.061730146408081055	0.7411459684371948
2225	0.041842419654130936	0.061710841953754425	0.7412225604057312
2226	0.041499778628349304	0.0616767518222332	0.7413181662559509
2227	0.04155638813972473	0.061665527522563934	0.7413432598114014
2228	0.04173677787184715	0.06165819615125656	0.7413743734359741
2229	0.04097801446914673	0.06164845824241638	0.7413877844810486
2230	0.04152640327811241	0.06165005639195442	0.7413657307624817
2231	0.04167881980538368	0.06168340519070625	0.7412821650505066
2232	0.041255343705415726	0.061691660434007645	0.7412418127059937
2233	0.041959382593631744	0.061705902218818665	0.7412100434303284
2234	0.04150150716304779	0.06170008331537247	0.7412110567092896
2235	0.040598347783088684	0.061695124953985214	0.7412081956863403
2236	0.041568197309970856	0.06167563796043396	0.7412257194519043
2237	0.0418175607919693	0.061663877218961716	0.7412470579147339
2238	0.04162496328353882	0.06165248155593872	0.7412486672401428
2239	0.04179821535944939	0.06165555492043495	0.7412295341491699
2240	0.042062535881996155	0.06168389692902565	0.7411710619926453
2241	0.04117734357714653	0.061738599091768265	0.7410677075386047
2242	0.04185577109456062	0.06179596856236458	0.7409530282020569
2243	0.04205542430281639	0.06185552105307579	0.7408244609832764
2244	0.04215463995933533	0.061886418610811234	0.7407100796699524
2245	0.04175800457596779	0.061887823045253754	0.7406632900238037
2246	0.04129665344953537	0.06185770034790039	0.7407227754592896
2247	0.04160058870911598	0.0618155263364315	0.7408022880554199
2248	0.04171077162027359	0.06179357320070267	0.740809977054596
2249	0.041502922773361206	0.06177598237991333	0.7408351898193359
2250	0.04119063541293144	0.061765801161527634	0.7408484816551208
2251	0.0412682369351387	0.06176808476448059	0.7408456802368164
2252	0.04242343455553055	0.06176987662911415	0.7408642172813416
2253	0.04192827641963959	0.06176222860813141	0.7409214377403259
2254	0.04099859297275543	0.06175301596522331	0.7409889698028564
2255	0.041720740497112274	0.06171372905373573	0.741122841835022
2256	0.04198594391345978	0.06167042627930641	0.741230845451355
2257	0.0413612499833107	0.06164468824863434	0.7413330674171448
2258	0.04165852069854736	0.06162181496620178	0.7414126992225647
2259	0.04146285355091095	0.06161120906472206	0.7414257526397705
2260	0.04122051224112511	0.061610374599695206	0.7413849830627441
2261	0.042005062103271484	0.06162232905626297	0.7412960529327393
2262	0.041337914764881134	0.061657484620809555	0.741169810295105
2263	0.040853846818208694	0.06166846305131912	0.7410984635353088
2264	0.040845759212970734	0.061687227338552475	0.7410394549369812
2265	0.04152115061879158	0.06171266734600067	0.7409694790840149
2266	0.04112722724676132	0.06173649802803993	0.7409163117408752
2267	0.04172163084149361	0.06172938644886017	0.7409626841545105
2268	0.04155836999416351	0.061683330684900284	0.7411382794380188
2269	0.041206225752830505	0.06163365766406059	0.741365909576416
2270	0.041528161615133286	0.061608556658029556	0.7415415644645691
2271	0.041645392775535583	0.06159023195505142	0.7416881918907166
2272	0.04099377617239952	0.06161653622984886	0.7416805028915405
2273	0.041888922452926636	0.06163384020328522	0.7416648864746094
2274	0.041948121041059494	0.06167230382561684	0.7415350079536438
2275	0.04070884361863136	0.061697810888290405	0.7414353489875793
2276	0.0406784750521183	0.06170839071273804	0.7413527965545654
2277	0.04184560850262642	0.06171953305602074	0.7412582039833069
2278	0.0414094515144825	0.061704665422439575	0.7412354946136475
2279	0.04080186411738396	0.061661556363105774	0.7413091063499451
2280	0.04127412661910057	0.061621617525815964	0.741442084312439
2281	0.04088233783841133	0.06157660856842995	0.741594672203064
2282	0.041368406265974045	0.061529699712991714	0.7417797446250916
2283	0.04158619046211243	0.06151026114821434	0.7418700456619263
2284	0.041560012847185135	0.06151672825217247	0.7418792247772217
2285	0.04067257046699524	0.06155207008123398	0.7418066263198853
2286	0.04127124696969986	0.061583150178194046	0.7417250275611877
2287	0.040682852268218994	0.061599355190992355	0.7417001128196716
2288	0.041390858590602875	0.06160654127597809	0.7417091131210327
2289	0.040896859019994736	0.06160253658890724	0.7417179942131042
2290	0.040999945253133774	0.061587363481521606	0.7417608499526978
2291	0.04165671765804291	0.0615963451564312	0.7417505979537964
2292	0.04144694283604622	0.061598554253578186	0.7417292594909668
2293	0.04127019643783569	0.06161471828818321	0.7416778206825256
2294	0.040977105498313904	0.06163034588098526	0.7416108250617981
2295	0.041130270808935165	0.06165502220392227	0.7415421009063721
2296	0.04155484586954117	0.06164174899458885	0.7415324449539185
2297	0.04104184731841087	0.061620522290468216	0.7415412664413452
2298	0.04123030975461006	0.061588697135448456	0.7415709495544434
2299	0.04101607948541641	0.061562519520521164	0.7415990233421326
2300	0.041505638509988785	0.06154593080282211	0.7415971755981445
2301	0.04167313873767853	0.06154247745871544	0.7415963411331177
2302	0.04157570004463196	0.06155441701412201	0.7415674924850464
2303	0.04093420132994652	0.06157565116882324	0.7415039539337158
2304	0.041002508252859116	0.061593666672706604	0.7414346933364868
2305	0.04133223742246628	0.06162950024008751	0.7413314580917358
2306	0.04106558859348297	0.06166406348347664	0.741241991519928
2307	0.04107136279344559	0.061703234910964966	0.7411649823188782
2308	0.04100815951824188	0.061747610569000244	0.7410601377487183
2309	0.04117412492632866	0.06174704059958458	0.7411329746246338
2310	0.04149922728538513	0.06176135689020157	0.7411600947380066
2311	0.04104854166507721	0.06175791844725609	0.7412245273590088
2312	0.04086535423994064	0.061756912618875504	0.7412773966789246
2313	0.041130755096673965	0.061732739210128784	0.7413530945777893
2314	0.04084213078022003	0.061685118824243546	0.7414920330047607
2315	0.042054884135723114	0.06162814795970917	0.7416322231292725
2316	0.04132220521569252	0.06156817451119423	0.7417548298835754
2317	0.041252292692661285	0.06152113154530525	0.7418501377105713
2318	0.041189927607774734	0.06149185821413994	0.7419259548187256
2319	0.04127813130617142	0.061495471745729446	0.7419434785842896
2320	0.04047055169939995	0.06151033192873001	0.7419418096542358
2321	0.04075135290622711	0.061532553285360336	0.7419117093086243
2322	0.040931690484285355	0.061551786959171295	0.7418526411056519
2323	0.04072362929582596	0.06156744435429573	0.7417752742767334
2324	0.040928155183792114	0.06157134845852852	0.7417377233505249
2325	0.04042482376098633	0.06157636642456055	0.7417168617248535
2326	0.04154616594314575	0.06157437711954117	0.741703987121582
2327	0.040641702711582184	0.06155505031347275	0.7417579889297485
2328	0.04103606194257736	0.06154787540435791	0.741773247718811
2329	0.041142385452985764	0.06154129281640053	0.7417783737182617
2330	0.0409279465675354	0.06153593584895134	0.7417352199554443
2331	0.041549939662218094	0.06152939051389694	0.7417207956314087
2332	0.041079938411712646	0.06152908876538277	0.7417205572128296
2333	0.040429189801216125	0.06153270974755287	0.7417364716529846
2334	0.040969111025333405	0.06154707074165344	0.7417552471160889
2335	0.04059381037950516	0.06156359240412712	0.7417600750923157
2336	0.04072790965437889	0.06157825142145157	0.7417263984680176
2337	0.04046190157532692	0.06157633289694786	0.7417131662368774
2338	0.04113560914993286	0.061561912298202515	0.7417064309120178
2339	0.04097003489732742	0.061542052775621414	0.7416845560073853
2340	0.041679996997117996	0.06151832267642021	0.7417088747024536
2341	0.04098868742585182	0.06147836893796921	0.7418190240859985
2342	0.040296703577041626	0.061434876173734665	0.7419485449790955
2343	0.04071246460080147	0.061416611075401306	0.7420400977134705
2344	0.040671586990356445	0.061401691287755966	0.7421776652336121
2345	0.0410512313246727	0.06139085441827774	0.7423130869865417
2346	0.041581522673368454	0.061387769877910614	0.7424331307411194
2347	0.04108601436018944	0.06141022965312004	0.742469072341919
2348	0.039830856025218964	0.061436865478754044	0.7424463629722595
2349	0.04053289443254471	0.06145959347486496	0.74239581823349
2350	0.042075250297784805	0.06145447865128517	0.742370069026947
2351	0.04115327075123787	0.06145218759775162	0.7423335313796997
2352	0.04049331322312355	0.06143995746970177	0.7422972917556763
2353	0.04181896150112152	0.06145118549466133	0.7422226667404175
2354	0.0397951677441597	0.06146082654595375	0.7421185970306396
2355	0.04072101041674614	0.06146800518035889	0.7419992685317993
2356	0.041374221444129944	0.061474014073610306	0.7419030070304871
2357	0.04082275554537773	0.061485406011343	0.7418131232261658
2358	0.04028458520770073	0.06146104633808136	0.7418842911720276
2359	0.04096562787890434	0.061440929770469666	0.7419682145118713
2360	0.04048255831003189	0.061427924782037735	0.7420826554298401
2361	0.040649477392435074	0.06143351271748543	0.7421756386756897
2362	0.04036034271121025	0.06142612546682358	0.7422646284103394
2363	0.04082050174474716	0.061427801847457886	0.7423024773597717
2364	0.04097544029355049	0.06144898757338524	0.7422788739204407
2365	0.040387410670518875	0.061451274901628494	0.7422711849212646
2366	0.04088105261325836	0.061447639018297195	0.7422650456428528
2367	0.040962979197502136	0.06144070625305176	0.7422599792480469
2368	0.0404956080019474	0.06144233047962189	0.7422146797180176
2369	0.04091400280594826	0.061440374702215195	0.7421786785125732
2370	0.040221668779850006	0.061407849192619324	0.7422206997871399
2371	0.040695931762456894	0.06138187274336815	0.7422665953636169
2372	0.03996429219841957	0.06136802211403847	0.7422846555709839
2373	0.04123065993189812	0.06135530397295952	0.7422922849655151
2374	0.04026820510625839	0.06135663390159607	0.7422828078269958
2375	0.04109703004360199	0.061369217932224274	0.7422358989715576
2376	0.04051604121923447	0.06139157712459564	0.7422036528587341
2377	0.040539417415857315	0.06143282726407051	0.7421361207962036
2378	0.039914581924676895	0.06145436316728592	0.7421143651008606
2379	0.040933944284915924	0.06145868077874184	0.7421271800994873
2380	0.04067912697792053	0.061471786350011826	0.7421379089355469
2381	0.04114984720945358	0.0614667609333992	0.7421765923500061
2382	0.04056156799197197	0.06147528812289238	0.7421713471412659
2383	0.04061261937022209	0.061477888375520706	0.7421713471412659
2384	0.04015631228685379	0.06147750839591026	0.7421554327011108
2385	0.04046874865889549	0.06148119270801544	0.7421454787254333
2386	0.04021254926919937	0.06148417294025421	0.7421409487724304
2387	0.04078633338212967	0.06147369369864464	0.7421485185623169
2388	0.03997422754764557	0.06145084649324417	0.7422072887420654
2389	0.04027044400572777	0.06142926961183548	0.7422918677330017
2390	0.04076079651713371	0.061406686902046204	0.7423744201660156
2391	0.04102444648742676	0.061383526772260666	0.7424818873405457
2392	0.04033523052930832	0.061396971344947815	0.7424704432487488
2393	0.03972556069493294	0.06140504032373428	0.7424460053443909
2394	0.040616557002067566	0.061406657099723816	0.7424299716949463
2395	0.04085667431354523	0.06142522022128105	0.7423609495162964
2396	0.04065283015370369	0.061436690390110016	0.74228435754776
2397	0.04090244695544243	0.061455268412828445	0.7421804070472717
2398	0.04039621725678444	0.061486970633268356	0.7420318126678467
2399	0.040803492069244385	0.06151524931192398	0.7418742775917053
2400	0.04087929055094719	0.061527643352746964	0.7417922019958496
2401	0.040574174374341965	0.06151434779167175	0.7417995929718018
2402	0.04052263870835304	0.06150178611278534	0.741802990436554
2403	0.04008816182613373	0.061490923166275024	0.741799533367157
2404	0.040077488869428635	0.06145830079913139	0.7418506145477295
2405	0.04043852537870407	0.06140054762363434	0.7419784665107727
2406	0.04045505449175835	0.06134043633937836	0.7421302199363708
2407	0.040936268866062164	0.06128586083650589	0.7422971725463867
2408	0.040430787950754166	0.06126037985086441	0.7424423694610596
2409	0.03945617750287056	0.06125658005475998	0.7425209283828735
2410	0.04027792811393738	0.06126860901713371	0.7425540089607239
2411	0.04047681763768196	0.06127595528960228	0.7425838112831116
2412	0.04088687524199486	0.06129327043890953	0.7425433993339539
2413	0.03966965153813362	0.06129724159836769	0.7425198554992676
2414	0.03993399068713188	0.06132173538208008	0.7424352765083313
2415	0.040847163647413254	0.06134862080216408	0.7423330545425415
2416	0.03983287140727043	0.06138874590396881	0.7421957850456238
2417	0.04058706387877464	0.061408255249261856	0.7421220541000366
2418	0.04023979604244232	0.06140650436282158	0.7420927882194519
2419	0.04034809023141861	0.0614187978208065	0.7420449256896973
2420	0.040308877825737	0.06142692640423775	0.7420157194137573
2421	0.040349069982767105	0.06140762194991112	0.7420521378517151
2422	0.04101673886179924	0.06139293685555458	0.7420830726623535
2423	0.040395356714725494	0.06134079769253731	0.7421730756759644
2424	0.04038165137171745	0.06132293492555618	0.742202877998352
2425	0.040514085441827774	0.061323657631874084	0.7422236204147339
2426	0.040367357432842255	0.06134431064128876	0.7421788573265076
2427	0.04086614400148392	0.061373092234134674	0.7421268224716187
2428	0.039891261607408524	0.06138144060969353	0.7420762181282043
2429	0.04050244018435478	0.06137405335903168	0.742103636264801
2430	0.040016088634729385	0.06137240678071976	0.7421353459358215
2431	0.04031116142868996	0.06137543544173241	0.7421424388885498
2432	0.03974142670631409	0.061339739710092545	0.7422695159912109
2433	0.04030190035700798	0.06130995973944664	0.7423439025878906
2434	0.04028872773051262	0.06129959225654602	0.7423820495605469
2435	0.03989198058843613	0.061293620616197586	0.7424449324607849
2436	0.04026449844241142	0.061325691640377045	0.7423900365829468
2437	0.040027350187301636	0.061359722167253494	0.7423025369644165
2438	0.040078055113554	0.06139737367630005	0.7421954870223999
2439	0.04019468277692795	0.06145795062184334	0.7420292496681213
2440	0.04035729914903641	0.061468012630939484	0.7419883608818054
2441	0.039801809936761856	0.061456285417079926	0.7420312166213989
2442	0.04039405658841133	0.061442915350198746	0.7421039342880249
2443	0.040132880210876465	0.06143314391374588	0.7421543002128601
2444	0.04055672138929367	0.06143120303750038	0.7421784996986389
2445	0.039891332387924194	0.06144345551729202	0.7421771287918091
2446	0.03997127711772919	0.06144920736551285	0.7422087788581848
2447	0.03983055427670479	0.0614362508058548	0.742240846157074
2448	0.04048464447259903	0.061437223106622696	0.7422457933425903
2449	0.04031364619731903	0.06141705438494682	0.7422917485237122
2450	0.039611123502254486	0.06142190843820572	0.742232084274292
2451	0.04027171805500984	0.061423156410455704	0.7421955466270447
2452	0.04020417109131813	0.061398498713970184	0.7422270774841309
2453	0.040606189519166946	0.061369478702545166	0.7422856688499451
2454	0.04023443162441254	0.06135612726211548	0.7423005104064941
2455	0.04027537629008293	0.06135588139295578	0.7422738075256348
2456	0.04046573117375374	0.06134935840964317	0.7422476410865784
2457	0.04042568802833557	0.06134197860956192	0.7422157526016235
2458	0.04019840061664581	0.061345431953668594	0.7421737909317017
2459	0.03926387056708336	0.061344075947999954	0.742155909538269
2460	0.04054904729127884	0.0613347627222538	0.7421445846557617
2461	0.0400073416531086	0.06132460758090019	0.7421417832374573
2462	0.04049527645111084	0.06134540215134621	0.7420824766159058
2463	0.040228236466646194	0.0613657608628273	0.7420310378074646
2464	0.03928763419389725	0.0613996759057045	0.7419916987419128
2465	0.03988993912935257	0.06139227747917175	0.742060661315918
2466	0.03955180570483208	0.061361558735370636	0.7422017455101013
2467	0.04033758491277695	0.06132813170552254	0.7423867583274841
2468	0.040076956152915955	0.06127840280532837	0.7425665259361267
2469	0.040534280240535736	0.061232805252075195	0.7427029609680176
2470	0.03940014913678169	0.06120717525482178	0.7427958250045776
2471	0.03972886502742767	0.061192966997623444	0.7428682446479797
2472	0.03922252357006073	0.06120038032531738	0.7428721189498901
2473	0.03980262950062752	0.061208199709653854	0.7428615689277649
2474	0.039971936494112015	0.06124785915017128	0.742813229560852
2475	0.040273524820804596	0.06131120026111603	0.7426877021789551
2476	0.040898729115724564	0.0613737516105175	0.7425571084022522
2477	0.03998000919818878	0.06144193932414055	0.742409348487854
2478	0.04022814705967903	0.061471763998270035	0.7423243522644043
2479	0.03952806815505028	0.06148738041520119	0.7422487735748291
2480	0.039874810725450516	0.061467140913009644	0.7422373294830322
2481	0.040078554302453995	0.061420876532793045	0.7423151731491089
2482	0.03978051617741585	0.06135484203696251	0.7424532175064087
2483	0.03896128386259079	0.06129767373204231	0.7425706386566162
2484	0.039749812334775925	0.06124166399240494	0.742710292339325
2485	0.03922804072499275	0.06119230017066002	0.742845892906189
2486	0.039839524775743484	0.06116558983922005	0.742888331413269
2487	0.040300771594047546	0.06113741546869278	0.7429348826408386
2488	0.040030062198638916	0.06113269180059433	0.742932140827179
2489	0.04051682725548744	0.06113797053694725	0.7428897619247437
2490	0.04051846265792847	0.06116669997572899	0.7427982687950134
2491	0.03983655944466591	0.061231743544340134	0.7426305413246155
2492	0.03966300189495087	0.06129419058561325	0.7424737811088562
2493	0.04064991697669029	0.06134190782904625	0.7423402070999146
2494	0.0393623411655426	0.0613778792321682	0.7422455549240112
2495	0.04005664959549904	0.061396460980176926	0.7422036528587341
2496	0.04006139561533928	0.06138007342815399	0.742226779460907
2497	0.03998403251171112	0.06135338917374611	0.7422852516174316
2498	0.040237195789813995	0.06132766604423523	0.7423343062400818
2499	0.039551615715026855	0.061310335993766785	0.7423719763755798
2500	0.03939070925116539	0.06129182130098343	0.7424504160881042
2501	0.03951144963502884	0.061288461089134216	0.7425294518470764
2502	0.039840031415224075	0.061307817697525024	0.7425585389137268
2503	0.04043544456362724	0.061311524361371994	0.742608904838562
2504	0.040193188935518265	0.06131916865706444	0.7426546812057495
2505	0.04024632275104523	0.06132889166474342	0.7426444888114929
2506	0.040590494871139526	0.06131652742624283	0.7426823973655701
2507	0.03980998694896698	0.06130514666438103	0.7427263855934143
2508	0.03977569192647934	0.061315298080444336	0.7427278757095337
2509	0.03961196541786194	0.0613306388258934	0.7427695989608765
2510	0.039456501603126526	0.06133195385336876	0.74282306432724
2511	0.039693012833595276	0.061314038932323456	0.7429105639457703
2512	0.03931399807333946	0.061257775872945786	0.7430442571640015
2513	0.03942874073982239	0.061207618564367294	0.7431480288505554
2514	0.03985663130879402	0.06116901710629463	0.743215024471283
2515	0.04012808948755264	0.06113365665078163	0.7432714700698853
2516	0.03991955518722534	0.06112124025821686	0.7432407736778259
2517	0.040104545652866364	0.061135102063417435	0.7431561946868896
2518	0.039740100502967834	0.06116625294089317	0.7430483102798462
2519	0.03987911716103554	0.061229873448610306	0.742872953414917
2520	0.03940387815237045	0.0612858422100544	0.7427239418029785
2521	0.03913258761167526	0.0613536611199379	0.7425593137741089
2522	0.039275769144296646	0.061384789645671844	0.7424624562263489
2523	0.040031708776950836	0.061405666172504425	0.7423813939094543
2524	0.03935108333826065	0.06142015755176544	0.7423362731933594
2525	0.03985350951552391	0.06137983500957489	0.7424070239067078
2526	0.039471905678510666	0.061307862401008606	0.7425776720046997
2527	0.03939485177397728	0.0612197183072567	0.7427934408187866
2528	0.04000880941748619	0.06115041300654411	0.7429910898208618
2529	0.040293920785188675	0.061129000037908554	0.7430768609046936
2530	0.03983369469642639	0.06111982464790344	0.7431313395500183
2531	0.039877813309431076	0.06113177165389061	0.7431070804595947
2532	0.039340510964393616	0.06118030846118927	0.7429707646369934
2533	0.040410686284303665	0.06122364103794098	0.74283766746521
2534	0.0400155708193779	0.06127031520009041	0.7427024841308594
2535	0.03922351077198982	0.06129908561706543	0.7426130175590515
2536	0.04018128290772438	0.061282768845558167	0.7426489591598511
2537	0.03943062573671341	0.06128866970539093	0.7426236271858215
2538	0.03970828279852867	0.06127083674073219	0.7426608800888062
2539	0.03987002372741699	0.0612499937415123	0.7427116632461548
2540	0.03957450017333031	0.061227865517139435	0.742790162563324
2541	0.03927754983305931	0.06122421473264694	0.7428179383277893
2542	0.039682503789663315	0.0611860416829586	0.7429128885269165
2543	0.04005347564816475	0.06117234379053116	0.7429519891738892
2544	0.03961614891886711	0.06117677688598633	0.7429406046867371
2545	0.04030410945415497	0.06119633838534355	0.7428886890411377
2546	0.03972453996539116	0.061218567192554474	0.7427892088890076
2547	0.039789069443941116	0.061251793056726456	0.7426359057426453
2548	0.039696335792541504	0.06128254905343056	0.7424978613853455
2549	0.039015475660562515	0.061306532472372055	0.7423904538154602
2550	0.03992548584938049	0.06132248044013977	0.7423726320266724
2551	0.04035644233226776	0.06130426377058029	0.7424684762954712
2552	0.03956505283713341	0.061274219304323196	0.7425974607467651
2553	0.03917752578854561	0.061229363083839417	0.7427570223808289
2554	0.039183758199214935	0.06116965413093567	0.7429208159446716
2555	0.03983693569898605	0.06111105531454086	0.7430604100227356
2556	0.040360916405916214	0.06105528771877289	0.7431679964065552
2557	0.03925129771232605	0.06102282181382179	0.7432376146316528
2558	0.040000174194574356	0.061021048575639725	0.7432569861412048
2559	0.03939870372414589	0.06104755029082298	0.7432181239128113
2560	0.039225418120622635	0.06108266860246658	0.7431740164756775
2561	0.038945648819208145	0.0611208975315094	0.7431105971336365
2562	0.03913071006536484	0.06116994097828865	0.7430106401443481
2563	0.04034079238772392	0.06122175604104996	0.7429283857345581
2564	0.03972083330154419	0.061280470341444016	0.7428094744682312
2565	0.03914179280400276	0.061286039650440216	0.7428102493286133
2566	0.03981168568134308	0.061270564794540405	0.7428373694419861
2567	0.03964713215827942	0.06122954562306404	0.7429003715515137
2568	0.039689257740974426	0.061165157705545425	0.7430214285850525
2569	0.03968999907374382	0.061113424599170685	0.7431080937385559
2570	0.038592904806137085	0.061109982430934906	0.7430580854415894
2571	0.03890908136963844	0.061118029057979584	0.7429773807525635
2572	0.03954389691352844	0.06114346906542778	0.7428656816482544
2573	0.03993642330169678	0.061181552708148956	0.7427622079849243
2574	0.03987802565097809	0.0612381249666214	0.742628812789917
2575	0.04012209177017212	0.061319880187511444	0.7424178719520569
2576	0.03916449472308159	0.06139691546559334	0.7422109246253967
2577	0.03917559236288071	0.061450883746147156	0.7420536279678345
2578	0.039132680743932724	0.061425406485795975	0.7421367168426514
2579	0.039041802287101746	0.06136583164334297	0.7423259615898132
2580	0.03912719339132309	0.061314936727285385	0.7425026297569275
2581	0.04003581777215004	0.06125258281826973	0.7426608204841614
2582	0.039074257016181946	0.06120505928993225	0.7427524328231812
2583	0.03957730904221535	0.06117727607488632	0.7428391575813293
2584	0.03941989317536354	0.06114700436592102	0.7429414391517639
2585	0.03906352072954178	0.061136145144701004	0.7430209517478943
2586	0.03936736285686493	0.06114385277032852	0.7430731654167175
2587	0.039542097598314285	0.06115856394171715	0.7430693507194519
2588	0.03948765620589256	0.061176031827926636	0.7430433630943298
2589	0.038888685405254364	0.06114311143755913	0.7430960536003113
2590	0.039399608969688416	0.0611107237637043	0.7431194186210632
2591	0.04000023379921913	0.06109273061156273	0.7431288957595825
2592	0.03962976485490799	0.06108531355857849	0.7430960536003113
2593	0.03931545466184616	0.06110624969005585	0.7429998517036438
2594	0.03940119221806526	0.06110892817378044	0.7429648637771606
2595	0.03948979079723358	0.06111331284046173	0.7429380416870117
2596	0.039580900222063065	0.06111333519220352	0.7429144978523254
2597	0.03861575573682785	0.061114389449357986	0.742880642414093
2598	0.039271030575037	0.061145175248384476	0.7427955865859985
2599	0.039842426776885986	0.06116967275738716	0.7427844405174255
2600	0.04019279032945633	0.061181340366601944	0.7428011894226074
2601	0.03935180604457855	0.0612049475312233	0.742775022983551
2602	0.0393938384950161	0.06119348481297493	0.7428333163261414
2603	0.039625395089387894	0.06117882579565048	0.7428812384605408
2604	0.040290072560310364	0.06114637106657028	0.7429525256156921
2605	0.039449673146009445	0.06111440435051918	0.7430413961410522
2606	0.039000723510980606	0.06109136715531349	0.7431166768074036
2607	0.03990120068192482	0.061083707958459854	0.7431498765945435
2608	0.04010310024023056	0.0610908642411232	0.7431507706642151
2609	0.03882410749793053	0.06109753996133804	0.7431617975234985
2610	0.03949718922376633	0.061105433851480484	0.7431734204292297
2611	0.03904179483652115	0.061095740646123886	0.7431740164756775
2612	0.03848131746053696	0.06108614057302475	0.7431741952896118
2613	0.03933774307370186	0.0610833466053009	0.7431526184082031
2614	0.03849027305841446	0.06106087565422058	0.7431895732879639
2615	0.0389142706990242	0.061027832329273224	0.7432639598846436
2616	0.03916490823030472	0.06098945438861847	0.743369996547699
2617	0.03876538202166557	0.06097998097538948	0.7434176802635193
2618	0.0391903854906559	0.06097516417503357	0.7434755563735962
2619	0.03953176364302635	0.06097270920872688	0.7435592412948608
2620	0.03960529342293739	0.06098035350441933	0.7436168789863586
2621	0.03879443183541298	0.06102130934596062	0.743584394454956
2622	0.03922879695892334	0.06106787547469139	0.7435246706008911
2623	0.03878393396735191	0.061100706458091736	0.74349445104599
2624	0.039510779082775116	0.06111324205994606	0.7435035109519958
2625	0.038585320115089417	0.061112578958272934	0.7435030937194824
2626	0.03983636945486069	0.06110195070505142	0.7434680461883545
2627	0.03972766548395157	0.06108296662569046	0.7434577345848083
2628	0.039446573704481125	0.061070263385772705	0.7434138655662537
2629	0.039140693843364716	0.06107157841324806	0.7433297634124756
2630	0.039033517241477966	0.06107807159423828	0.7432393431663513
2631	0.03950296714901924	0.06109343096613884	0.7431482076644897
2632	0.04003838449716568	0.0611095204949379	0.7430675029754639
2633	0.03864767774939537	0.06111421808600426	0.7430844902992249
2634	0.039414312690496445	0.061119046062231064	0.7431554198265076
2635	0.03939201310276985	0.06110811233520508	0.7432658076286316
2636	0.0382712185382843	0.06108611822128296	0.7433782815933228
2637	0.03872903436422348	0.06105855852365494	0.7435072064399719
2638	0.03872410207986832	0.06103833019733429	0.7435973286628723
2639	0.039120256900787354	0.061023034155368805	0.7436716556549072
2640	0.03881560266017914	0.06100524216890335	0.7437312006950378
2641	0.03957534581422806	0.060964759439229965	0.74381422996521
2642	0.039013300091028214	0.060939788818359375	0.7438737154006958
2643	0.038592565804719925	0.06094292551279068	0.7438307404518127
2644	0.039099350571632385	0.06098274514079094	0.7436948418617249
2645	0.03902650624513626	0.061048123985528946	0.7434873580932617
2646	0.03877153620123863	0.06110579892992973	0.7432565093040466
2647	0.03884824737906456	0.061135221272706985	0.743086576461792
2648	0.03901508077979088	0.06114594638347626	0.7429683804512024
2649	0.03917523846030235	0.0611170195043087	0.7429532408714294
2650	0.03873344510793686	0.06107582896947861	0.7430200576782227
2651	0.03949495777487755	0.06102309376001358	0.74314945936203
2652	0.03845171257853508	0.06100352853536606	0.7431924343109131
2653	0.03855002298951149	0.06100058928132057	0.7432059049606323
2654	0.03876619040966034	0.06102323904633522	0.7431847453117371
2655	0.038656603544950485	0.061048343777656555	0.7431401014328003
2656	0.03815902769565582	0.0610867403447628	0.7430685758590698
2657	0.038644205778837204	0.06112680211663246	0.743010401725769
2658	0.039007991552352905	0.061158813536167145	0.742951512336731
2659	0.03924073278903961	0.061173368245363235	0.7428930997848511
2660	0.03900757059454918	0.06117762252688408	0.7428736090660095
2661	0.03887022286653519	0.06118542701005936	0.7428398132324219
2662	0.03962201997637749	0.06117813289165497	0.7428392171859741
2663	0.03953905776143074	0.06117776036262512	0.7428106069564819
2664	0.038740962743759155	0.06117529422044754	0.7428069114685059
2665	0.03861619159579277	0.061156708747148514	0.7428727746009827
2666	0.038459740579128265	0.06112414970993996	0.7429632544517517
2667	0.038740187883377075	0.06109917536377907	0.7430682182312012
2668	0.03899684548377991	0.06110670790076256	0.7430745959281921
2669	0.038707904517650604	0.06110956892371178	0.7431109547615051
2670	0.039058245718479156	0.06112821400165558	0.7431237101554871
2671	0.0389140248298645	0.06113875284790993	0.7431568503379822
2672	0.038702186197042465	0.06114939972758293	0.7431847453117371
2673	0.039056841284036636	0.06113743782043457	0.7432188391685486
2674	0.039100438356399536	0.06110750511288643	0.7432584762573242
2675	0.0385376401245594	0.061087846755981445	0.7432915568351746
2676	0.03897496312856674	0.061073191463947296	0.7432960867881775
2677	0.03835825249552727	0.06105899438261986	0.7433078289031982
2678	0.038019727915525436	0.061050914227962494	0.7433136701583862
2679	0.038823992013931274	0.06104503571987152	0.7433678507804871
2680	0.03859232738614082	0.06104746088385582	0.743436872959137
2681	0.03884177282452583	0.06106413155794144	0.7434780597686768
2682	0.03928491100668907	0.061088889837265015	0.7434967756271362
2683	0.039388030767440796	0.06111270934343338	0.7434752583503723
2684	0.03916684910655022	0.061141714453697205	0.7434225678443909
2685	0.03868534415960312	0.06115886569023132	0.7434333562850952
2686	0.03808724135160446	0.06114088371396065	0.743522584438324
2687	0.03866218402981758	0.061121340841054916	0.7435639500617981
2688	0.038851652294397354	0.06108025461435318	0.74362713098526
2689	0.039236169308423996	0.06105155870318413	0.7436633110046387
2690	0.038806602358818054	0.06102624535560608	0.7436880469322205
2691	0.038450852036476135	0.061024490743875504	0.7436332106590271
2692	0.03905370458960533	0.06102655082941055	0.7435701489448547
2693	0.0391792468726635	0.06103705242276192	0.7434984445571899
2694	0.03853529691696167	0.06103872135281563	0.7434524297714233
2695	0.03927776217460632	0.06104562431573868	0.7434249520301819
2696	0.038855742663145065	0.0610639713704586	0.743358314037323
2697	0.038771919906139374	0.061094217002391815	0.7432711124420166
2698	0.038487281650304794	0.061114635318517685	0.7431894540786743
2699	0.038957711309194565	0.061114534735679626	0.7431641817092896
2700	0.03884013369679451	0.06111914664506912	0.743119478225708
2701	0.03843925520777702	0.06111340597271919	0.7430943846702576
2702	0.03854488581418991	0.06109524145722389	0.7430764436721802
2703	0.03778298571705818	0.0610826276242733	0.7430666089057922
2704	0.03933972865343094	0.061083387583494186	0.743033230304718
2705	0.039076633751392365	0.06106242164969444	0.7430863976478577
2706	0.03831334039568901	0.061058592051267624	0.7431185841560364
2707	0.03933083266019821	0.061090223491191864	0.7431111931800842
2708	0.0384390726685524	0.06113500893115997	0.7431120872497559
2709	0.03874313086271286	0.06118442118167877	0.743079423904419
2710	0.0381321981549263	0.06125470995903015	0.74295574426651
2711	0.03919246792793274	0.06129271537065506	0.7428786754608154
2712	0.039019156247377396	0.06128840148448944	0.7428514957427979
2713	0.0389607697725296	0.06127519533038139	0.7428050637245178
2714	0.039399608969688416	0.06123398616909981	0.7428065538406372
2715	0.03837447613477707	0.06118118390440941	0.7428606152534485
2716	0.03816566988825798	0.06112615019083023	0.7429422736167908
2717	0.03918583318591118	0.06107252836227417	0.7430222034454346
2718	0.038376834243535995	0.061032917350530624	0.7431051135063171
2719	0.03928210958838463	0.06098245084285736	0.7432294487953186
2720	0.03879355266690254	0.06095179542899132	0.7433562278747559
2721	0.03798401728272438	0.06094277277588844	0.743428111076355
2722	0.0388229563832283	0.06097302958369255	0.7434341907501221
2723	0.038710080087184906	0.06103761866688728	0.7433539628982544
2724	0.03916985169053078	0.06110549718141556	0.7432382106781006
2725	0.03859737887978554	0.061165474355220795	0.7431346774101257
2726	0.038584597408771515	0.061237480491399765	0.7429779171943665
2727	0.03831304609775543	0.061274681240320206	0.7428761124610901
2728	0.0388975664973259	0.0612783282995224	0.7428187727928162
2729	0.03867777809500694	0.06127312779426575	0.7427791357040405
2730	0.03882043436169624	0.061277955770492554	0.7426972389221191
2731	0.037893813103437424	0.061274752020835876	0.7426447868347168
2732	0.03803674131631851	0.06128985434770584	0.7425333261489868
2733	0.03885340318083763	0.06130102276802063	0.7424160838127136
2734	0.039365824311971664	0.061297811567783356	0.7423639297485352
2735	0.038456838577985764	0.06127792224287987	0.7423944473266602
2736	0.038627807050943375	0.06127307936549187	0.7424124479293823
2737	0.038555361330509186	0.06123022735118866	0.7425874471664429
2738	0.03837282210588455	0.061179157346487045	0.7428008317947388
2739	0.03845223784446716	0.061113111674785614	0.7430602312088013
2740	0.03911559656262398	0.06107335537672043	0.7432172894477844
2741	0.03874315693974495	0.06104714050889015	0.743308961391449
2742	0.03803839907050133	0.06103965640068054	0.7433602213859558
2743	0.038953788578510284	0.061021480709314346	0.7434335947036743
2744	0.03885137289762497	0.061011090874671936	0.7434912323951721
2745	0.03903377056121826	0.06101761758327484	0.7435011267662048
2746	0.03842650353908539	0.061041459441185	0.7434690594673157
2747	0.038376014679670334	0.061031293123960495	0.7434579133987427
2748	0.038050442934036255	0.06104830652475357	0.7433828115463257
2749	0.03879256546497345	0.06106867641210556	0.743324875831604
2750	0.039102934300899506	0.061095017939805984	0.7432568669319153
2751	0.03858067840337753	0.06112948805093765	0.7431823015213013
2752	0.03876318410038948	0.06116865575313568	0.7431091070175171
2753	0.03889632225036621	0.06117626652121544	0.7431060075759888
2754	0.03823850303888321	0.06118689104914665	0.7430974245071411
2755	0.038143835961818695	0.06120039150118828	0.7430449724197388
2756	0.0379740372300148	0.06120970472693443	0.742986261844635
2757	0.038603439927101135	0.06119122728705406	0.7429773211479187
2758	0.037908390164375305	0.06116557866334915	0.7429882884025574
2759	0.03841244429349899	0.06113903596997261	0.7430233359336853
2760	0.03963731601834297	0.061123136430978775	0.7430510520935059
2761	0.03732185810804367	0.06112363934516907	0.7430429458618164
2762	0.038327667862176895	0.061131417751312256	0.7430450916290283
2763	0.03865130618214607	0.0611305870115757	0.7430691719055176
2764	0.03844664618372917	0.06113467738032341	0.7430867552757263
2765	0.038380932062864304	0.061141159385442734	0.7430844902992249
2766	0.03785819187760353	0.06112295761704445	0.7431381940841675
2767	0.038178931921720505	0.06110876798629761	0.7431866526603699
2768	0.037934258580207825	0.06107586249709129	0.7432664632797241
2769	0.03932817652821541	0.06104516237974167	0.7433775067329407
2770	0.03818339481949806	0.0610254742205143	0.7434240579605103
2771	0.03812820091843605	0.061016906052827835	0.74343341588974
2772	0.038090214133262634	0.0610433965921402	0.7433438897132874
2773	0.03843715786933899	0.061097078025341034	0.743185818195343
2774	0.038246314972639084	0.06112193316221237	0.7431166768074036
2775	0.03913423791527748	0.061127692461013794	0.7430903911590576
2776	0.03858301416039467	0.061128053814172745	0.7430868744850159
2777	0.03836127743124962	0.06111244857311249	0.7431025505065918
2778	0.03823301941156387	0.06107131764292717	0.7431706190109253
2779	0.03841220214962959	0.061028070747852325	0.7432605624198914
2780	0.03817938640713692	0.06100563704967499	0.7432935833930969
2781	0.038286060094833374	0.061001069843769073	0.7432896494865417
2782	0.03815333545207977	0.06101342290639877	0.743272066116333
2783	0.038226570934057236	0.06104527413845062	0.7432156205177307
2784	0.03918667882680893	0.061075251549482346	0.7432059049606323
2785	0.03858889639377594	0.061087485402822495	0.7432466745376587
2786	0.03781665116548538	0.061090223491191864	0.7433567643165588
2787	0.038085367530584335	0.06107879430055618	0.7434886693954468
2788	0.038239795714616776	0.061017151921987534	0.7437297105789185
2789	0.03843287378549576	0.060958296060562134	0.7439250349998474
2790	0.03840286284685135	0.06091416999697685	0.744064450263977
2791	0.03836550936102867	0.06090715900063515	0.7440730929374695
2792	0.037881117314100266	0.06089584901928902	0.7440768480300903
2793	0.03799085319042206	0.060887373983860016	0.744053065776825
2794	0.03813594952225685	0.06089915707707405	0.7439566254615784
2795	0.037872061133384705	0.06093113124370575	0.743804931640625
2796	0.03754716366529465	0.060981255024671555	0.7436060905456543
2797	0.03827071934938431	0.06103229895234108	0.7434014081954956
2798	0.03815595060586929	0.061064910143613815	0.7432721257209778
2799	0.038757070899009705	0.0610792450606823	0.7432189583778381
2800	0.03832779824733734	0.06107524037361145	0.7432105541229248
2801	0.03779115527868271	0.06106341630220413	0.7432578802108765
2802	0.03739237040281296	0.06104262173175812	0.7433610558509827
2803	0.03836582601070404	0.061006978154182434	0.7435268759727478
2804	0.038983557373285294	0.06097061187028885	0.7436785697937012
2805	0.03804886341094971	0.06095968931913376	0.7437342405319214
2806	0.03799771890044212	0.06092890352010727	0.7438530921936035
2807	0.038310252130031586	0.06089435890316963	0.7439705729484558
2808	0.03828813508152962	0.060862619429826736	0.7440745830535889
2809	0.03796431049704552	0.06085123121738434	0.7440832257270813
2810	0.03822341188788414	0.060841746628284454	0.7440474033355713
2811	0.03819277137517929	0.06082369387149811	0.7440428733825684
2812	0.037853240966796875	0.06082911044359207	0.7439913749694824
2813	0.03791747987270355	0.060860082507133484	0.7438464760780334
2814	0.038301412016153336	0.06089133024215698	0.7437312602996826
2815	0.037908826023340225	0.060924407094717026	0.7436296939849854
2816	0.03835069388151169	0.06094527989625931	0.7435803413391113
2817	0.03822588920593262	0.06095085293054581	0.7435913681983948
2818	0.03817319869995117	0.06093740463256836	0.7436761260032654
2819	0.03828563913702965	0.060926616191864014	0.7437788844108582
2820	0.0381314642727375	0.06092517822980881	0.7438391447067261
2821	0.038326412439346313	0.060919538140296936	0.7438533902168274
2822	0.03819338232278824	0.06091110035777092	0.743888795375824
2823	0.03819066286087036	0.06092788279056549	0.7438840866088867
2824	0.03766542673110962	0.060948483645915985	0.7438597679138184
2825	0.03811829164624214	0.06094453111290932	0.7438629269599915
2826	0.03752050921320915	0.06094926595687866	0.7438321113586426
2827	0.03880765661597252	0.060946717858314514	0.7438135147094727
2828	0.03828231990337372	0.06095154583454132	0.7438050508499146
2829	0.03744117170572281	0.0609448105096817	0.743779718875885
2830	0.03792065754532814	0.060950540006160736	0.7437106370925903
2831	0.037497032433748245	0.06097005680203438	0.7436151504516602
2832	0.03816875070333481	0.06097687408328056	0.7435411214828491
2833	0.03756742551922798	0.06094072759151459	0.7435804009437561
2834	0.038389693945646286	0.060908183455467224	0.743621826171875
2835	0.03783541917800903	0.06086819991469383	0.7437494993209839
2836	0.03820892795920372	0.06084346026182175	0.743846595287323
2837	0.038010723888874054	0.06083151325583458	0.7439464926719666
2838	0.037463605403900146	0.06082829833030701	0.7440482974052429
2839	0.03776799514889717	0.06083182245492935	0.7441294193267822
2840	0.03752835839986801	0.06087828800082207	0.7440754771232605
2841	0.03855603188276291	0.060936760157346725	0.7439844012260437
2842	0.03820338100194931	0.06096336618065834	0.7439568042755127
2843	0.03722057864069939	0.06093418970704079	0.7440363764762878
2844	0.038377925753593445	0.060901038348674774	0.7441052794456482
2845	0.03781555965542793	0.06089109182357788	0.7441126108169556
2846	0.03832829371094704	0.06087948754429817	0.7441268563270569
2847	0.03755970671772957	0.060894183814525604	0.7440511584281921
2848	0.03841741010546684	0.06090422719717026	0.7439733743667603
2849	0.03744474798440933	0.060888659209012985	0.7439520955085754
2850	0.03797043114900589	0.06087459996342659	0.7439244389533997
2851	0.03738849610090256	0.060854051262140274	0.7439404129981995
2852	0.03905198350548744	0.06084103509783745	0.7439463138580322
2853	0.03715286776423454	0.06082601100206375	0.7439332008361816
2854	0.038412317633628845	0.06082877889275551	0.7438742518424988
2855	0.0379306823015213	0.06084069982171059	0.7438546419143677
2856	0.037667784839868546	0.06084530055522919	0.7438861727714539
2857	0.03767247125506401	0.06085485965013504	0.7439022064208984
2858	0.037651754915714264	0.06088099628686905	0.7438991069793701
2859	0.03819815441966057	0.060917243361473083	0.7438379526138306
2860	0.037216510623693466	0.06095261499285698	0.7437698841094971
2861	0.037728846073150635	0.060986924916505814	0.7437092661857605
2862	0.03746706247329712	0.06101055443286896	0.7436691522598267
2863	0.03794116526842117	0.061007559299468994	0.7436715364456177
2864	0.03843658044934273	0.06101606786251068	0.7436172962188721
2865	0.03763946518301964	0.061010852456092834	0.7435795068740845
2866	0.03820013254880905	0.06099982187151909	0.7435781359672546
2867	0.03771316632628441	0.06099191680550575	0.74356609582901
2868	0.03829663246870041	0.06099049746990204	0.7435404062271118
2869	0.03835899010300636	0.06097820773720741	0.7435733675956726
2870	0.03774120658636093	0.060971055179834366	0.743585467338562
2871	0.038177698850631714	0.06096439063549042	0.743593692779541
2872	0.038070034235715866	0.060938749462366104	0.7436636686325073
2873	0.03769053891301155	0.060919612646102905	0.7437396049499512
2874	0.03772469982504845	0.06091271713376045	0.7437644600868225
2875	0.03809075430035591	0.060905732214450836	0.7437862157821655
2876	0.03863382712006569	0.06088845804333687	0.7438303232192993
2877	0.037544600665569305	0.0608961395919323	0.7437906265258789
2878	0.03873498737812042	0.060924164950847626	0.7437136173248291
2879	0.037840552628040314	0.060936570167541504	0.7436821460723877
2880	0.03808000311255455	0.060945942997932434	0.7436292171478271
2881	0.03793812543153763	0.06090093404054642	0.7437057495117188
2882	0.03795689716935158	0.06084587052464485	0.743820309638977
2883	0.03693857789039612	0.06079348921775818	0.7439374327659607
2884	0.037741295993328094	0.06076259911060333	0.7439976930618286
2885	0.03793187066912651	0.06076113134622574	0.7440016865730286
2886	0.037991806864738464	0.060782887041568756	0.7439682483673096
2887	0.03758368641138077	0.060809433460235596	0.7439298629760742
2888	0.037274692207574844	0.060843292623758316	0.7438850402832031
2889	0.03798113390803337	0.060904085636138916	0.7437761425971985
2890	0.03772233426570892	0.06097412109375	0.7436651587486267
2891	0.03743903711438179	0.06103326007723808	0.7435576915740967
2892	0.03802879527211189	0.06105537712574005	0.7435163855552673
2893	0.03802373632788658	0.06105225533246994	0.7435113787651062
2894	0.037445347756147385	0.061016954481601715	0.7435527443885803
2895	0.037404224276542664	0.06097221374511719	0.7436133623123169
2896	0.03731416538357735	0.06089785695075989	0.7436938881874084
2897	0.03809747099876404	0.060857143253088	0.743698239326477
2898	0.037515655159950256	0.06083995848894119	0.7436701655387878
2899	0.036833200603723526	0.06082175299525261	0.7436662316322327
2900	0.03723768889904022	0.060818836092948914	0.7436609268188477
2901	0.03697989135980606	0.0608401782810688	0.7436237931251526
2902	0.03774639591574669	0.06088531017303467	0.7435482144355774
2903	0.03689737245440483	0.06092718616127968	0.7434873580932617
2904	0.03781064227223396	0.06096555292606354	0.7434486150741577
2905	0.03790992498397827	0.06096003204584122	0.7435038089752197
2906	0.03769766539335251	0.06094306334853172	0.7435778975486755
2907	0.03788263723254204	0.06093307584524155	0.7436303496360779
2908	0.03785765543580055	0.060881659388542175	0.7437635064125061
2909	0.037306271493434906	0.06085902452468872	0.7438300251960754
2910	0.037189215421676636	0.060841403901576996	0.743892252445221
2911	0.03709022328257561	0.06084336340427399	0.7438995838165283
2912	0.037380922585725784	0.06084061041474342	0.743935227394104
2913	0.03729808330535889	0.06086936593055725	0.743944525718689
2914	0.03779354318976402	0.06092752143740654	0.743881344795227
2915	0.037806883454322815	0.0609872005879879	0.7437913417816162
2916	0.03782780095934868	0.06101120635867119	0.7437683343887329
2917	0.03746598958969116	0.06099577993154526	0.7438100576400757
2918	0.03756324201822281	0.060948122292757034	0.743944525718689
2919	0.03754162788391113	0.060870859771966934	0.7441130876541138
2920	0.0375649519264698	0.06080249696969986	0.7442573308944702
2921	0.03743860125541687	0.06073988974094391	0.7443960905075073
2922	0.037105023860931396	0.06071365624666214	0.7444472908973694
2923	0.03758205100893974	0.06070632115006447	0.7444557547569275
2924	0.03714294731616974	0.060721952468156815	0.7444028854370117
2925	0.03766552358865738	0.060737792402505875	0.7443327903747559
2926	0.03717871755361557	0.060751378536224365	0.7442635893821716
2927	0.037107132375240326	0.06079690903425217	0.7440982460975647
2928	0.03754318132996559	0.06086380407214165	0.743842363357544
2929	0.03724644333124161	0.060878686606884	0.7437244057655334
2930	0.037605300545692444	0.060888662934303284	0.743622899055481
2931	0.03788531944155693	0.06087859347462654	0.7436257600784302
2932	0.037166181951761246	0.0608525350689888	0.7436995506286621
2933	0.03732573240995407	0.06082438305020332	0.7437848448753357
2934	0.037606168538331985	0.06080986559391022	0.7438507080078125
2935	0.036827243864536285	0.06081900745630264	0.7438984513282776
2936	0.03744759410619736	0.06084123253822327	0.7439303398132324
2937	0.037208303809165955	0.0608697272837162	0.7439222931861877
2938	0.03726302459836006	0.06089473143219948	0.7438987493515015
2939	0.03710982948541641	0.06092211231589317	0.7438451051712036
2940	0.03730827569961548	0.06095234304666519	0.7437746524810791
2941	0.0376209132373333	0.06095283478498459	0.7437922954559326
2942	0.037421803921461105	0.06093711033463478	0.7438246607780457
2943	0.038057293742895126	0.06095157563686371	0.743787407875061
2944	0.03684461489319801	0.06093867868185043	0.7437952756881714
2945	0.03761719539761543	0.06090889498591423	0.7438434362411499
2946	0.03712126240134239	0.06088788062334061	0.7438651323318481
2947	0.03722081705927849	0.06085614860057831	0.7439440488815308
2948	0.03734932094812393	0.06079908460378647	0.7440959215164185
2949	0.03701230138540268	0.060759879648685455	0.744193971157074
2950	0.0373280793428421	0.060762446373701096	0.7442167401313782
2951	0.036930881440639496	0.06077612191438675	0.7442232370376587
2952	0.036853548139333725	0.060790855437517166	0.7442534565925598
2953	0.036816082894802094	0.060820288956165314	0.7442376613616943
2954	0.03726787492632866	0.060842178761959076	0.7442474365234375
2955	0.0372483916580677	0.060850128531455994	0.7442687153816223
2956	0.03674563765525818	0.06086048483848572	0.7442643642425537
2957	0.036319661885499954	0.06090354546904564	0.7441830635070801
2958	0.03708210587501526	0.0609155148267746	0.7441508769989014
2959	0.03719261288642883	0.060883164405822754	0.7442163228988647
2960	0.0379597544670105	0.060834262520074844	0.7443102598190308
2961	0.03767518326640129	0.06077514961361885	0.7444316148757935
2962	0.03724074363708496	0.06071758642792702	0.7445662021636963
2963	0.03740353882312775	0.06069924309849739	0.7446017861366272
2964	0.03762710094451904	0.0606960654258728	0.744576632976532
2965	0.03745204210281372	0.06070190295577049	0.7445425391197205
2966	0.03717530891299248	0.06071757152676582	0.7444919347763062
2967	0.037496764212846756	0.060740817338228226	0.7444227337837219
2968	0.03726637735962868	0.060751285403966904	0.7443847060203552
2969	0.03807446360588074	0.060746729373931885	0.7443800568580627
2970	0.03775404766201973	0.06072970852255821	0.7444067597389221
2971	0.03690298646688461	0.060717467218637466	0.7444083094596863
2972	0.037135474383831024	0.06071852147579193	0.744388997554779
2973	0.03726969659328461	0.06071601063013077	0.7443978786468506
2974	0.037416014820337296	0.06072003021836281	0.7443956136703491
2975	0.037657756358385086	0.060714658349752426	0.7444167137145996
2976	0.03716776520013809	0.06071682646870613	0.7444000840187073
2977	0.03791199252009392	0.06071241945028305	0.7443625926971436
2978	0.03721006587147713	0.06071930751204491	0.7443068027496338
2979	0.036490507423877716	0.06073372811079025	0.7442590594291687
2980	0.03692971169948578	0.06074922904372215	0.7441649436950684
2981	0.037289246916770935	0.06077208369970322	0.7440412044525146
2982	0.03716808557510376	0.060823954641819	0.7438567280769348
2983	0.037461020052433014	0.06085148826241493	0.7437648177146912
2984	0.036974724382162094	0.06088147684931755	0.7436849474906921
2985	0.036542486399412155	0.06090361624956131	0.7436283230781555
2986	0.03688307851552963	0.06090721860527992	0.7436427474021912
2987	0.03706591576337814	0.06091781333088875	0.7436212301254272
2988	0.0368884913623333	0.06091093271970749	0.7436344027519226
2989	0.03711913526058197	0.060885559767484665	0.7436763644218445
2990	0.037423331290483475	0.060858145356178284	0.7437078356742859
2991	0.037545353174209595	0.060803599655628204	0.7437828779220581
2992	0.037426598370075226	0.06077050417661667	0.7438455820083618
2993	0.03696548566222191	0.06074867770075798	0.743928074836731
2994	0.037256501615047455	0.060735370963811874	0.7439959049224854
2995	0.03677234798669815	0.06075160950422287	0.7440370321273804
2996	0.03683052957057953	0.060759980231523514	0.7440951466560364
2997	0.03752459958195686	0.06074313074350357	0.7442367672920227
2998	0.03696489334106445	0.06072075664997101	0.7443673610687256
2999	0.03720526397228241	0.06070398911833763	0.7444864511489868
3000	0.037313394248485565	0.06070706248283386	0.7445169687271118
3001	0.03734215348958969	0.060714948922395706	0.7445279955863953
3002	0.0370340496301651	0.06071658805012703	0.744536280632019
3003	0.03657710924744606	0.06072988361120224	0.7445011734962463
3004	0.03733417019248009	0.06074221804738045	0.7444689869880676
3005	0.036561716347932816	0.06076904758810997	0.7443947792053223
3006	0.0363374724984169	0.060798775404691696	0.7443110942840576
3007	0.03641152009367943	0.060822851955890656	0.7442386746406555
3008	0.0372949056327343	0.060853298753499985	0.7441466450691223
3009	0.0379352904856205	0.060875337570905685	0.744074821472168
3010	0.036721859127283096	0.06088891252875328	0.7440222501754761
3011	0.0369807668030262	0.06088250130414963	0.7440068125724792
3012	0.03736686706542969	0.06086812913417816	0.7440241575241089
3013	0.03627544641494751	0.060847509652376175	0.7440610527992249
3014	0.03664340451359749	0.06083416938781738	0.744083046913147
3015	0.03761110082268715	0.060833245515823364	0.7440825700759888
3016	0.03727605193853378	0.06083599478006363	0.7440766096115112
3017	0.036750756204128265	0.060841917991638184	0.74406498670578
3018	0.037008535116910934	0.06084670126438141	0.7440650463104248
3019	0.037838589400053024	0.06085333973169327	0.7440516352653503
3020	0.03676333650946617	0.06087412312626839	0.7440096139907837
3021	0.03715655207633972	0.06088845804333687	0.7439785003662109
3022	0.036943621933460236	0.06090059503912926	0.7439566254615784
3023	0.037039656192064285	0.060894422233104706	0.7439756393432617
3024	0.03633369132876396	0.06087896600365639	0.7440076470375061
3025	0.037207622081041336	0.06085188314318657	0.7440671324729919
3026	0.037561699748039246	0.06081648916006088	0.7441490888595581
3027	0.036979611963033676	0.06078440696001053	0.7442203760147095
3028	0.03716757521033287	0.06077928468585014	0.7442169189453125
3029	0.03703255578875542	0.060758642852306366	0.744249701499939
3030	0.036722373217344284	0.06074286997318268	0.7442768812179565
3031	0.037051692605018616	0.06074507534503937	0.7442522644996643
3032	0.03709234669804573	0.06074902042746544	0.7442179918289185
3033	0.037113554775714874	0.0607568696141243	0.7441657781600952
3034	0.036428678780794144	0.06076633930206299	0.7440977096557617
3035	0.037073180079460144	0.06078421324491501	0.7440153956413269
3036	0.036764319986104965	0.060794759541749954	0.7439491748809814
3037	0.036794111132621765	0.06081746146082878	0.74387127161026
3038	0.03766518458724022	0.060834720730781555	0.7438206076622009
3039	0.03659934550523758	0.06084636226296425	0.7437984347343445
3040	0.03662502020597458	0.06084146723151207	0.743812084197998
3041	0.037424441426992416	0.0608481764793396	0.7437942028045654
3042	0.0369257815182209	0.06085747480392456	0.7437719106674194
3043	0.03702026978135109	0.06085122004151344	0.7437759041786194
3044	0.0366780050098896	0.06084594875574112	0.7437804341316223
3045	0.03739563375711441	0.06084770709276199	0.7437846660614014
3046	0.037194784730672836	0.060847263783216476	0.7437875270843506
3047	0.037533074617385864	0.060842446982860565	0.743798553943634
3048	0.03710633143782616	0.06084124743938446	0.743812620639801
3049	0.0372142493724823	0.06085137277841568	0.7438008189201355
3050	0.03698587790131569	0.06086111441254616	0.7438018918037415
3051	0.03707453981041908	0.06085935980081558	0.7438363432884216
3052	0.03704669699072838	0.060859017074108124	0.7438642978668213
3053	0.036588557064533234	0.06086063012480736	0.7438800930976868
3054	0.036832328885793686	0.06085411086678505	0.7439173460006714
3055	0.03761238232254982	0.06084287911653519	0.74395751953125
3056	0.03691742569208145	0.06082988157868385	0.7439945340156555
3057	0.0368385910987854	0.0608246847987175	0.7440032958984375
3058	0.037050362676382065	0.0608154721558094	0.7440224885940552
3059	0.037333644926548004	0.06081564724445343	0.744017481803894
3060	0.037320151925086975	0.060821738094091415	0.743995726108551
3061	0.03600950539112091	0.060828376561403275	0.7439665794372559
3062	0.03697206825017929	0.06084283068776131	0.7439181804656982
3063	0.03719208016991615	0.06086020916700363	0.7438613176345825
3064	0.03649504855275154	0.06086425855755806	0.743833601474762
3065	0.036053724586963654	0.06086622178554535	0.7438111305236816
3066	0.035914693027734756	0.06087496504187584	0.7437800168991089
3067	0.03701816871762276	0.060872454196214676	0.7437855005264282
3068	0.036880698055028915	0.06087101995944977	0.7437987923622131
3069	0.0366097129881382	0.060867078602313995	0.7438241839408875
3070	0.03673473745584488	0.06086505949497223	0.7438337206840515
3071	0.03708428516983986	0.06086159497499466	0.7438481450080872
3072	0.03733866289258003	0.060857370495796204	0.743870198726654
3073	0.036269526928663254	0.06084607169032097	0.7439075112342834
3074	0.0365234911441803	0.06084083020687103	0.7439316511154175
3075	0.0372639037668705	0.060826655477285385	0.7439810633659363
3076	0.03700525686144829	0.06080637127161026	0.7440382838249207
3077	0.03619598597288132	0.06079338863492012	0.7440721988677979
3078	0.036531850695610046	0.06076778843998909	0.7441388964653015
3079	0.036871299147605896	0.060738641768693924	0.7442010641098022
3080	0.036226410418748856	0.060730595141649246	0.7442030310630798
3081	0.03647022321820259	0.060732945799827576	0.7441733479499817
3082	0.03651846945285797	0.060751356184482574	0.7441103458404541
3083	0.037582430988550186	0.06077512353658676	0.7440387606620789
3084	0.037631262093782425	0.060804225504398346	0.7439507246017456
3085	0.03702119365334511	0.06083085015416145	0.7438760995864868
3086	0.03695283830165863	0.06085086986422539	0.7438160181045532
3087	0.03649093210697174	0.06086103618144989	0.7438006401062012
3088	0.03692053630948067	0.060865648090839386	0.743799090385437
3089	0.03628719970583916	0.060867927968502045	0.743806004524231
3090	0.037270817905664444	0.06086479872465134	0.7438227534294128
3091	0.03693471848964691	0.060870710760354996	0.7438236474990845
3092	0.03684016317129135	0.0608687587082386	0.7438361048698425
3093	0.037379734218120575	0.060870759189128876	0.743842363357544
3094	0.03696407005190849	0.060873545706272125	0.7438358068466187
3095	0.03661714121699333	0.060872241854667664	0.74383544921875
3096	0.03712596744298935	0.06085822731256485	0.7438615560531616
3097	0.03673325851559639	0.0608353354036808	0.7439049482345581
3098	0.03684428334236145	0.060807693749666214	0.7439653873443604
3099	0.036974214017391205	0.060782745480537415	0.744020402431488
3100	0.03699200227856636	0.060760851949453354	0.7440702319145203
3101	0.03648768737912178	0.06075383350253105	0.7440962195396423
3102	0.03675565868616104	0.0607583150267601	0.7440934777259827
3103	0.03773500397801399	0.060772910714149475	0.7440596222877502
3104	0.03690485656261444	0.06078904867172241	0.74402916431427
3105	0.036138541996479034	0.06080668419599533	0.7440096139907837
3106	0.036710962653160095	0.06083482876420021	0.7439711093902588
3107	0.03682485967874527	0.06086063012480736	0.743927001953125
3108	0.03676074743270874	0.060881685465574265	0.7438867092132568
3109	0.03723948821425438	0.06089562550187111	0.7438597679138184
3110	0.03697209060192108	0.06090228259563446	0.7438502907752991
3111	0.03661996126174927	0.06090567260980606	0.7438254952430725
3112	0.036822207272052765	0.06091258302330971	0.7437891960144043
3113	0.0370040237903595	0.060912713408470154	0.7437472343444824
3114	0.03716344013810158	0.06091252341866493	0.7437174320220947
3115	0.0360061377286911	0.06090622395277023	0.743704617023468
3116	0.036419253796339035	0.06090482696890831	0.7436801195144653
3117	0.03654347360134125	0.060891591012477875	0.7437015771865845
3118	0.03698467090725899	0.060880813747644424	0.7437233328819275
3119	0.036695774644613266	0.06086581200361252	0.7437688112258911
3120	0.036840081214904785	0.060841094702482224	0.7438271045684814
3121	0.03668549284338951	0.06082829087972641	0.7438558340072632
3122	0.036681171506643295	0.06081758812069893	0.7438756823539734
3123	0.037154074758291245	0.06080765649676323	0.7439075112342834
3124	0.03658008202910423	0.060798224061727524	0.7439411878585815
3125	0.036383017897605896	0.060805127024650574	0.7439348697662354
3126	0.0360906608402729	0.060811739414930344	0.7439180612564087
3127	0.036768462508916855	0.06081701070070267	0.7439032793045044
3128	0.03676038980484009	0.06082098186016083	0.7438896894454956
3129	0.036661066114902496	0.06082584708929062	0.743878185749054
3130	0.03758468106389046	0.060818806290626526	0.7439028024673462
3131	0.036746103316545486	0.06082581728696823	0.7438918352127075
3132	0.03686974197626114	0.06083520129323006	0.7438786625862122
3133	0.037390343844890594	0.06083371862769127	0.7438852190971375
3134	0.03644737973809242	0.06082531809806824	0.7439159750938416
3135	0.036482445895671844	0.060820672661066055	0.7439371943473816
3136	0.03691325709223747	0.060801804065704346	0.7439858317375183
3137	0.03662244975566864	0.06078560650348663	0.744026243686676
3138	0.03694341704249382	0.060785043984651566	0.7440298795700073
3139	0.03754356503486633	0.06079275533556938	0.7440091967582703
3140	0.03613341599702835	0.06079273298382759	0.7440059185028076
3141	0.03640846163034439	0.06079418584704399	0.7439975142478943
3142	0.03703131526708603	0.06079297140240669	0.7439903616905212
3143	0.03672671690583229	0.06079307198524475	0.743979275226593
3144	0.036364685744047165	0.0607931949198246	0.7439745664596558
3145	0.03688093274831772	0.06081411987543106	0.7439242601394653
3146	0.03691551461815834	0.060817260295152664	0.7439107298851013
3147	0.03675854206085205	0.06081228330731392	0.7439120411872864
3148	0.03702312335371971	0.060806985944509506	0.7439121007919312
3149	0.03687291219830513	0.06079729646444321	0.7439321279525757
3150	0.03696584701538086	0.06079427897930145	0.7439501285552979
3151	0.036182571202516556	0.06079360842704773	0.7439620494842529
3152	0.036474838852882385	0.0608016736805439	0.7439532279968262
3153	0.036687470972537994	0.06079435721039772	0.7439878582954407
3154	0.03692810609936714	0.0607832670211792	0.7440223097801208
3155	0.03644571825861931	0.06078081205487251	0.7440358400344849
3156	0.036928385496139526	0.06078372895717621	0.7440410256385803
3157	0.035831939429044724	0.060793157666921616	0.7440172433853149
3158	0.036556974053382874	0.06080909073352814	0.7439795732498169
3159	0.03626542165875435	0.060827769339084625	0.743930995464325
3160	0.036663517355918884	0.06083368882536888	0.7439021468162537
3161	0.036431584507226944	0.06082383170723915	0.7439250946044922
3162	0.037302084267139435	0.06080978363752365	0.7439541816711426
3163	0.03608301281929016	0.06078699231147766	0.7440067529678345
3164	0.03688295930624008	0.06075584515929222	0.7440751791000366
3165	0.037450265139341354	0.060732871294021606	0.7441267371177673
3166	0.036938201636075974	0.06071920320391655	0.7441433072090149
3167	0.036521486937999725	0.06070110201835632	0.744172215461731
3168	0.036591414362192154	0.060690123587846756	0.7441731691360474
3169	0.03697390481829643	0.06068664789199829	0.7441629767417908
3170	0.03674982860684395	0.06069837883114815	0.7441363334655762
3171	0.03692793846130371	0.06071033328771591	0.7441240549087524
3172	0.03709481284022331	0.060725606977939606	0.7441027760505676
3173	0.03648477420210838	0.060741983354091644	0.7440676689147949
3174	0.03616273030638695	0.06075837090611458	0.7440189719200134
3175	0.036797553300857544	0.06075887382030487	0.7440194487571716
3176	0.03685031831264496	0.0607607401907444	0.7440168261528015
3177	0.03717467561364174	0.06075028330087662	0.7440449595451355
3178	0.03665146604180336	0.06073842942714691	0.7440819144248962
3179	0.03790934383869171	0.06073666363954544	0.7441033124923706
3180	0.03695325180888176	0.06073807179927826	0.7441263198852539
3181	0.036389678716659546	0.060725294053554535	0.7441844940185547
3182	0.036298688501119614	0.06072627007961273	0.7442153692245483
3183	0.03707634285092354	0.060731448233127594	0.7442458868026733
3184	0.03630642592906952	0.06073736026883125	0.7442604303359985
3185	0.03661668673157692	0.060734979808330536	0.7442858219146729
3186	0.036371052265167236	0.06073085591197014	0.7443181276321411
3187	0.0363626554608345	0.06073034554719925	0.7443575859069824
3188	0.0368589386343956	0.06073066592216492	0.744388997554779
3189	0.03637498989701271	0.060734257102012634	0.744411051273346
3190	0.03650932013988495	0.060733310878276825	0.7444388270378113
3191	0.03706496208906174	0.06073886156082153	0.7444348931312561
3192	0.036294594407081604	0.06073569133877754	0.7444413900375366
3193	0.03702472522854805	0.06073974445462227	0.7444341778755188
3194	0.03679604455828667	0.0607500821352005	0.7443995475769043
3195	0.03631893917918205	0.06074348837137222	0.7444030046463013
3196	0.03671640902757645	0.06074132025241852	0.7444013953208923
3197	0.03660557419061661	0.06074308976531029	0.7443884611129761
3198	0.03653427213430405	0.06074489653110504	0.7443729043006897
3199	0.03622879087924957	0.06073351576924324	0.7443857192993164
3200	0.0362333245575428	0.060731034725904465	0.744362473487854
3201	0.037087373435497284	0.06072603538632393	0.7443270683288574
3202	0.037533827126026154	0.06073650345206261	0.7442461252212524
3203	0.0366995669901371	0.06075146049261093	0.7441517114639282
3204	0.036118410527706146	0.0607655793428421	0.7440679669380188
3205	0.03671160340309143	0.060782384127378464	0.743981659412384
3206	0.03652269020676613	0.060797035694122314	0.7439137101173401
3207	0.03667039796710014	0.06081017479300499	0.7438595294952393
3208	0.03650849312543869	0.06081746146082878	0.7438174486160278
3209	0.036172520369291306	0.060825325548648834	0.7437848448753357
3210	0.0364174023270607	0.06081579253077507	0.7437964081764221
3211	0.03693241998553276	0.060792382806539536	0.7438428401947021
3212	0.03655222803354263	0.06076359376311302	0.7439124584197998
3213	0.03593701124191284	0.060746196657419205	0.7439625859260559
3214	0.036455076187849045	0.060731127858161926	0.7440261244773865
3215	0.036352142691612244	0.06071416661143303	0.7440965175628662
3216	0.036830250173807144	0.06070633605122566	0.7441494464874268
3217	0.036041174083948135	0.0607060082256794	0.7441887259483337
3218	0.03661569207906723	0.06071862950921059	0.7441995143890381
3219	0.03625229746103287	0.0607466995716095	0.7441635727882385
3220	0.036924295127391815	0.060771290212869644	0.7441496849060059
3221	0.0364408977329731	0.06079657003283501	0.7441208362579346
3222	0.03653411939740181	0.06082191318273544	0.7440855503082275
3223	0.03721444308757782	0.06084009259939194	0.7440717816352844
3224	0.03621000051498413	0.0608343631029129	0.7441127300262451
3225	0.0357920303940773	0.060824938118457794	0.7441664934158325
3226	0.03693206608295441	0.06081630662083626	0.7441997528076172
3227	0.036388590931892395	0.06080718711018562	0.7442293763160706
3228	0.036893777549266815	0.06079895421862602	0.7442564368247986
3229	0.0360662043094635	0.060802921652793884	0.7442455887794495
3230	0.03716181218624115	0.06080544739961624	0.7442344427108765
3231	0.036586303263902664	0.060812532901763916	0.744202196598053
3232	0.035841044038534164	0.06081485003232956	0.7441743016242981
3233	0.036781955510377884	0.06081458926200867	0.744157075881958
3234	0.03621412068605423	0.060812901705503464	0.7441385984420776
3235	0.03644890710711479	0.06082681193947792	0.7440812587738037
3236	0.036217451095581055	0.06084208935499191	0.744012176990509
3237	0.03601458668708801	0.06085122004151344	0.743949294090271
3238	0.036076970398426056	0.060869425535202026	0.7438604235649109
3239	0.03705858066678047	0.0608927384018898	0.7437770962715149
3240	0.03636948764324188	0.06090874969959259	0.7437124848365784
3241	0.03689683601260185	0.06092767044901848	0.743647038936615
3242	0.036664869636297226	0.0609482005238533	0.7435866594314575
3243	0.03557054325938225	0.06095978245139122	0.743552029132843
3244	0.03612126410007477	0.060953788459300995	0.7435636520385742
3245	0.03660254925489426	0.060935456305742264	0.7436059713363647
3246	0.03662113845348358	0.06091346591711044	0.7436656951904297
3247	0.035824235528707504	0.0608789287507534	0.743752121925354
3248	0.036432940512895584	0.06084292754530907	0.7438487410545349
3249	0.03632647544145584	0.06081278249621391	0.7439508438110352
3250	0.03696248307824135	0.06077335774898529	0.744073212146759
3251	0.036471862345933914	0.0607316680252552	0.7441918849945068
3252	0.03651990368962288	0.06070692092180252	0.744263768196106
3253	0.03634757176041603	0.06068984791636467	0.7443175911903381
3254	0.0364154614508152	0.060684725642204285	0.7443371415138245
3255	0.03720446676015854	0.060687944293022156	0.7443331480026245
3256	0.03730768710374832	0.06070161983370781	0.7443059086799622
3257	0.036682918667793274	0.06073528900742531	0.7442297339439392
3258	0.03643340244889259	0.06076797842979431	0.7441486120223999
3259	0.03660660237073898	0.060799214988946915	0.7440618872642517
3260	0.03643422573804855	0.060818273574113846	0.7439969182014465
3261	0.03701296076178551	0.060813724994659424	0.7439965605735779
3262	0.03598029911518097	0.06080026179552078	0.7440087795257568
3263	0.03688833490014076	0.06078869849443436	0.7440137267112732
3264	0.037047047168016434	0.060765065252780914	0.7440322637557983
3265	0.0366017110645771	0.06074466183781624	0.7440235018730164
3266	0.036826398223638535	0.0607207715511322	0.7440407276153564
3267	0.036312174052000046	0.060698721557855606	0.744065523147583
3268	0.03667251765727997	0.06068950146436691	0.7440756559371948
3269	0.0363532118499279	0.06068392097949982	0.7440946698188782
3270	0.036198969930410385	0.06069258227944374	0.7440879344940186
3271	0.036561258137226105	0.06072095036506653	0.7440366744995117
3272	0.037290897220373154	0.06076537445187569	0.7439426779747009
3273	0.03633296117186546	0.06081663817167282	0.7438250780105591
3274	0.03637693449854851	0.06084674224257469	0.743768036365509
3275	0.036845214664936066	0.06086987257003784	0.7437247037887573
3276	0.03688976541161537	0.06088288128376007	0.7437065839767456
3277	0.036432210355997086	0.06088139861822128	0.7437209486961365
3278	0.03581208363175392	0.060861553996801376	0.7437880039215088
3279	0.036136627197265625	0.060843612998723984	0.7438428997993469
3280	0.03649042546749115	0.060830116271972656	0.7438879609107971
3281	0.03721233829855919	0.06082437187433243	0.7438955903053284
3282	0.036283280700445175	0.060807663947343826	0.7439407110214233
3283	0.036792729049921036	0.06079579144716263	0.7439611554145813
3284	0.0362355001270771	0.060788486152887344	0.7439688444137573
3285	0.03670519217848778	0.060786522924900055	0.7439799904823303
3286	0.03640793636441231	0.06078618764877319	0.7439877390861511
3287	0.03596421331167221	0.06078880652785301	0.7439783811569214
3288	0.03603588417172432	0.06078848987817764	0.7439688444137573
3289	0.03654364123940468	0.06078922376036644	0.7439523935317993
3290	0.03624841943383217	0.060801323503255844	0.7439011335372925
3291	0.036566127091646194	0.06082701310515404	0.7438162565231323
3292	0.03638981282711029	0.060853470116853714	0.7437348365783691
3293	0.0367218479514122	0.060888972133398056	0.7436307072639465
3294	0.03605172038078308	0.06092226877808571	0.7435473799705505
3295	0.03655369207262993	0.06094767153263092	0.743495523929596
3296	0.03604072704911232	0.06095588579773903	0.7435054183006287
3297	0.03626067563891411	0.06094350293278694	0.7435715198516846
3298	0.03642316162586212	0.06091492250561714	0.7436790466308594
3299	0.03662257269024849	0.06087827309966087	0.7438042163848877
3300	0.036313749849796295	0.06083925440907478	0.743938148021698
3301	0.036440834403038025	0.06080280616879463	0.7440541982650757
3302	0.0362301841378212	0.0607650987803936	0.7441554665565491
3303	0.035960689187049866	0.06073838472366333	0.7442185878753662
3304	0.03586563095450401	0.0607200488448143	0.7442666292190552
3305	0.03712159022688866	0.060711927711963654	0.7442910671234131
3306	0.03686610236763954	0.06069866195321083	0.7443339824676514
3307	0.0363008938729763	0.06069793924689293	0.7443435192108154
3308	0.03650408238172531	0.06069830805063248	0.7443633079528809
3309	0.03650909662246704	0.06069699302315712	0.7443960905075073
3310	0.03629102557897568	0.060703497380018234	0.7444108724594116
3311	0.037232089787721634	0.06073084473609924	0.7443761229515076
3312	0.03640606254339218	0.060777269303798676	0.7442809343338013
3313	0.03660508990287781	0.0607963465154171	0.7442400455474854
3314	0.03640003129839897	0.06080160662531853	0.7442210912704468
3315	0.036533173173666	0.06078783795237541	0.7442395687103271
3316	0.036611199378967285	0.060771942138671875	0.7442709803581238
3317	0.036169618368148804	0.06073707714676857	0.7443522810935974
3318	0.03693857789039612	0.06069960817694664	0.7444388270378113
3319	0.03506540507078171	0.06066564470529556	0.7445076704025269
3320	0.0362224206328392	0.06063743680715561	0.7445562481880188
3321	0.0356188602745533	0.060618311166763306	0.7445834279060364
3322	0.03646164759993553	0.06061185523867607	0.7445784211158752
3323	0.035521723330020905	0.060613904148340225	0.7445560693740845
3324	0.03560725972056389	0.06062677130103111	0.7445193529129028
3325	0.03681708872318268	0.06064029410481453	0.7444904446601868
3326	0.036630455404520035	0.06066102907061577	0.7444455027580261
3327	0.03657566010951996	0.06069673225283623	0.7443681359291077
3328	0.03633677214384079	0.060721881687641144	0.7443081736564636
3329	0.03589737415313721	0.0607343465089798	0.7442823052406311
3330	0.03565290570259094	0.060744695365428925	0.7442629933357239
3331	0.03655575215816498	0.060763269662857056	0.7442225217819214
3332	0.035917364060878754	0.06077756732702255	0.7441861033439636
3333	0.035457003861665726	0.06078395992517471	0.7441650032997131
3334	0.0358312651515007	0.060790907591581345	0.7441279292106628
3335	0.03544763848185539	0.060777697712183	0.7441476583480835
3336	0.03643069788813591	0.060764044523239136	0.744154155254364
3337	0.0364345908164978	0.06075232848525047	0.7441626191139221
3338	0.03630894050002098	0.06073939800262451	0.7441673278808594
3339	0.036075785756111145	0.06072961911559105	0.744163453578949
3340	0.03600316867232323	0.06072802469134331	0.744138777256012
3341	0.03671238198876381	0.06072184070944786	0.7441185712814331
3342	0.035907335579395294	0.060732558369636536	0.7440658807754517
3343	0.035838477313518524	0.06074561923742294	0.7440128922462463
3344	0.03547896817326546	0.06075601652264595	0.7439669966697693
3345	0.03585011512041092	0.06076183170080185	0.7439326047897339
3346	0.03546212613582611	0.06077701970934868	0.7438808083534241
3347	0.037040628492832184	0.060777198523283005	0.7438739538192749
3348	0.03622595965862274	0.0607701912522316	0.7438961863517761
3349	0.0359208770096302	0.06076281517744064	0.7439332604408264
3350	0.03566809743642807	0.06075328588485718	0.7439917922019958
3351	0.03631772845983505	0.06076348200440407	0.7440075874328613
3352	0.036140140146017075	0.060780130326747894	0.7440050840377808
3353	0.036515407264232635	0.0607990026473999	0.7439815998077393
3354	0.03625347092747688	0.06081298366189003	0.7439751625061035
3355	0.036472488194704056	0.06082606315612793	0.7439569234848022
3356	0.03625600412487984	0.06083692982792854	0.7439318299293518
3357	0.03604531288146973	0.06084989756345749	0.743887722492218
3358	0.03610572591423988	0.0608443059027195	0.7438892126083374
3359	0.03618113324046135	0.06082962080836296	0.7439236044883728
3360	0.036625977605581284	0.060819465667009354	0.7439494729042053
3361	0.03657136857509613	0.06080711632966995	0.7439926862716675
3362	0.03656750172376633	0.06078040972352028	0.7440673112869263
3363	0.03663509339094162	0.06076879799365997	0.7441062927246094
3364	0.03638939931988716	0.06074918061494827	0.7441585659980774
3365	0.03629627078771591	0.06073681637644768	0.7441731095314026
3366	0.03650588542222977	0.060729969292879105	0.7441737055778503
3367	0.03659701719880104	0.06071891263127327	0.7441943883895874
3368	0.03621179983019829	0.060718659311532974	0.7441946864128113
3369	0.03664063289761543	0.060729026794433594	0.7441732287406921
3370	0.03601444885134697	0.06074632704257965	0.7441373467445374
3371	0.03615664318203926	0.06076420471072197	0.744102418422699
3372	0.03628921136260033	0.060791611671447754	0.744053065776825
3373	0.03610469773411751	0.06081927567720413	0.7440025806427002
3374	0.03603455051779747	0.06084519997239113	0.7439614534378052
3375	0.03657938167452812	0.06085987761616707	0.743939995765686
3376	0.03640403598546982	0.06086829677224159	0.743926465511322
3377	0.03581516444683075	0.060861896723508835	0.7439457774162292
3378	0.03605715557932854	0.06085418164730072	0.7439842224121094
3379	0.03660661727190018	0.06083742901682854	0.7440548539161682
3380	0.03633486479520798	0.060810234397649765	0.7441558837890625
3381	0.03612837567925453	0.06080395355820656	0.7442014813423157
3382	0.03573787957429886	0.06078692525625229	0.7442760467529297
3383	0.03665422648191452	0.06077754124999046	0.7443322539329529
3384	0.036487024277448654	0.06077820435166359	0.7443539500236511
3385	0.03588796779513359	0.0607776902616024	0.7443559169769287
3386	0.03546715900301933	0.06076187640428543	0.7443745732307434
3387	0.0365973524749279	0.06075018644332886	0.7443836331367493
3388	0.03657302260398865	0.06072743237018585	0.7444260120391846
3389	0.03620675206184387	0.06070062145590782	0.7444791793823242
3390	0.036130763590335846	0.060685839504003525	0.7444964051246643
3391	0.035972725600004196	0.060658782720565796	0.7445382475852966
3392	0.03611506521701813	0.06064677983522415	0.7445348501205444
3393	0.03580911085009575	0.06064929813146591	0.7444961071014404
3394	0.03658516705036163	0.06066032871603966	0.7444525957107544
3395	0.0355878546833992	0.060674358159303665	0.7443981170654297
3396	0.035361867398023605	0.06069053336977959	0.7443450093269348
3397	0.03676024079322815	0.060706522315740585	0.7442923188209534
3398	0.036233220249414444	0.060728225857019424	0.7442363500595093
3399	0.0354950837790966	0.060748688876628876	0.7441926002502441
3400	0.035745441913604736	0.06077148765325546	0.7441428899765015
3401	0.03645668923854828	0.06079307198524475	0.7441102266311646
3402	0.036511052399873734	0.06081598252058029	0.7440692186355591
3403	0.03608090430498123	0.060824133455753326	0.7440688610076904
3404	0.035713329911231995	0.060821086168289185	0.7441011071205139
3405	0.03609593212604523	0.060809168964624405	0.7441561222076416
3406	0.035898540169000626	0.06079569458961487	0.7442229390144348
3407	0.03638046234846115	0.06078174710273743	0.7442991137504578
3408	0.035764750093221664	0.0607789047062397	0.7443317174911499
3409	0.03555908054113388	0.060775451362133026	0.7443532347679138
3410	0.03605661913752556	0.06077892333269119	0.7443581819534302
3411	0.03619978576898575	0.06078433245420456	0.7443476915359497
3412	0.03586212545633316	0.060792189091444016	0.7443210482597351
3413	0.03657989576458931	0.06078753620386124	0.7443110942840576
3414	0.036541130393743515	0.06077999621629715	0.7442957162857056
3415	0.0362754687666893	0.06077088415622711	0.7442873120307922
3416	0.035952188074588776	0.060766953974962234	0.7442626357078552
3417	0.036031682044267654	0.060762498527765274	0.7442513704299927
3418	0.03686106204986572	0.060751739889383316	0.7442525625228882
3419	0.03602449968457222	0.06075224280357361	0.7442378997802734
3420	0.03660375252366066	0.06074857711791992	0.7442383766174316
3421	0.03645412623882294	0.06074531376361847	0.7442218661308289
3422	0.03603067994117737	0.060746241360902786	0.7442039251327515
3423	0.035857778042554855	0.060745228081941605	0.7441861033439636
3424	0.03569338098168373	0.06073411554098129	0.7442003488540649
3425	0.03611801192164421	0.06072687357664108	0.7442147731781006
3426	0.03629525378346443	0.06072539836168289	0.7442190051078796
3427	0.035802241414785385	0.06071440875530243	0.744236171245575
3428	0.03593533858656883	0.06072019040584564	0.7442147731781006
3429	0.03686393052339554	0.060737840831279755	0.7441548109054565
3430	0.03649849817156792	0.06076715141534805	0.7440764307975769
3431	0.03608255460858345	0.060787979513406754	0.7440099120140076
3432	0.03645580634474754	0.06080714240670204	0.7439635992050171
3433	0.035593181848526	0.06082246080040932	0.7439454197883606
3434	0.03599242493510246	0.0608353465795517	0.7439463138580322
3435	0.03634035587310791	0.060837749391794205	0.7439668774604797
3436	0.035613954067230225	0.060825057327747345	0.744021475315094
3437	0.03644547984004021	0.060814570635557175	0.7440754175186157
3438	0.03621707484126091	0.06081783026456833	0.7440972328186035
3439	0.03577430918812752	0.060826465487480164	0.7440959215164185
3440	0.035495053976774216	0.0608280673623085	0.7441078424453735
3441	0.03537504002451897	0.06082640215754509	0.7441182732582092
3442	0.03594380244612694	0.06083240360021591	0.7441129684448242
3443	0.03542928397655487	0.06083257496356964	0.7441092133522034
3444	0.03565157577395439	0.06083660572767258	0.7440895438194275
3445	0.03626330569386482	0.060834240168333054	0.744086503982544
3446	0.035570647567510605	0.06082850694656372	0.7440859079360962
3447	0.03645138442516327	0.06080664321780205	0.7441203594207764
3448	0.036210302263498306	0.06078452244400978	0.7441691160202026
3449	0.03604283183813095	0.06076381355524063	0.7442240715026855
3450	0.03551929071545601	0.06074137985706329	0.7442815899848938
3451	0.03559977188706398	0.06073169782757759	0.7442991733551025
3452	0.03587942197918892	0.06072376295924187	0.7443221807479858
3453	0.03547457233071327	0.06072421371936798	0.7443392872810364
3454	0.0359761081635952	0.06073411554098129	0.7443223595619202
3455	0.036510832607746124	0.060746029019355774	0.744304895401001
3456	0.03541773557662964	0.06075161695480347	0.7443199157714844
3457	0.03651325777173042	0.06075209751725197	0.7443457245826721
3458	0.03667323291301727	0.06076411157846451	0.7443292140960693
3459	0.035834893584251404	0.06077520176768303	0.7443146705627441
3460	0.03594731166958809	0.06078461557626724	0.7442887425422668
3461	0.03566679731011391	0.06077266111969948	0.7443138360977173
3462	0.03622424229979515	0.060778453946113586	0.7442870140075684
3463	0.03653821721673012	0.06075409799814224	0.744340181350708
3464	0.035888560116291046	0.060731835663318634	0.7443763017654419
3465	0.03601093590259552	0.0607064925134182	0.7444227337837219
3466	0.03620443493127823	0.06068022549152374	0.7444830536842346
3467	0.03502378240227699	0.060654204338788986	0.7445455193519592
3468	0.03575345501303673	0.06063639372587204	0.7445833683013916
3469	0.03573397174477577	0.06061980500817299	0.744624674320221
3470	0.03625217452645302	0.060604874044656754	0.744644284248352
3471	0.03628500923514366	0.060586072504520416	0.7446740865707397
3472	0.03640942648053169	0.06057984381914139	0.7446725368499756
3473	0.0362885557115078	0.06059882789850235	0.7446138858795166
3474	0.03560706600546837	0.06062399595975876	0.7445409893989563
3475	0.036229852586984634	0.0606524720788002	0.7444546818733215
3476	0.03565968945622444	0.06069334223866463	0.744334876537323
3477	0.03559960424900055	0.06073207035660744	0.7442376017570496
3478	0.036042701452970505	0.0607696995139122	0.7441273331642151
3479	0.036856263875961304	0.060798149555921555	0.7440375685691833
3480	0.03637288510799408	0.06080570071935654	0.7440129518508911
3481	0.03587901219725609	0.06080726161599159	0.7440046668052673
3482	0.03612934425473213	0.06080874800682068	0.7440161108970642
3483	0.03578150272369385	0.060810625553131104	0.744027316570282
3484	0.035970404744148254	0.060806840658187866	0.7440626621246338
3485	0.03603965416550636	0.06080305948853493	0.7440954446792603
3486	0.03616992011666298	0.06078772619366646	0.7441540360450745
3487	0.03555820509791374	0.060770075768232346	0.7442163228988647
3488	0.036090318113565445	0.0607558935880661	0.7442678809165955
3489	0.035429976880550385	0.06075002998113632	0.7442867755889893
3490	0.03570924326777458	0.06075357273221016	0.7442803382873535
3491	0.03649497404694557	0.06074965000152588	0.7442793846130371
3492	0.035765793174505234	0.060752060264348984	0.7442522644996643
3493	0.03557832911610603	0.060746874660253525	0.7442507743835449
3494	0.035692714154720306	0.06074365973472595	0.7442437410354614
3495	0.036091238260269165	0.06074342876672745	0.74422687292099
3496	0.035523511469364166	0.06074867770075798	0.7441985607147217
3497	0.035889457911252975	0.0607483796775341	0.7441892623901367
3498	0.03621600568294525	0.06074393913149834	0.7441878914833069
3499	0.03601500764489174	0.060741472989320755	0.74418705701828
3500	0.03630521520972252	0.06074488162994385	0.7441688776016235
3501	0.03610622510313988	0.06075873598456383	0.7441330552101135
3502	0.0358460396528244	0.06076394021511078	0.7441157102584839
3503	0.03587605804204941	0.060754600912332535	0.7441331148147583
3504	0.03641851991415024	0.0607508160173893	0.744135856628418
3505	0.03561745584011078	0.060741957277059555	0.7441561222076416
3506	0.03642630577087402	0.06074335798621178	0.7441439628601074
3507	0.03593505173921585	0.060755323618650436	0.7441219687461853
3508	0.03556361794471741	0.06075943633913994	0.7441256642341614
3509	0.03637439012527466	0.06076369062066078	0.7441219091415405
3510	0.03509076312184334	0.06075321510434151	0.7441608309745789
3511	0.035772450268268585	0.06074231490492821	0.7441992163658142
3512	0.035272277891635895	0.06073150038719177	0.7442262768745422
3513	0.035944826900959015	0.06073235347867012	0.7442203760147095
3514	0.035942163318395615	0.060745395720005035	0.744193434715271
3515	0.035780712962150574	0.060750171542167664	0.744192898273468
3516	0.036009930074214935	0.06076585873961449	0.7441667318344116
3517	0.03520834073424339	0.060766540467739105	0.744184136390686
3518	0.036362022161483765	0.060755372047424316	0.7442324161529541
3519	0.03582574799656868	0.06074512377381325	0.7442676424980164
3520	0.03610803186893463	0.060745760798454285	0.7442800402641296
3521	0.03576746582984924	0.06074392423033714	0.7442862391471863
3522	0.03553000092506409	0.06074424088001251	0.7442865371704102
3523	0.03564503788948059	0.060744982212781906	0.7442909479141235
3524	0.03564751148223877	0.06073902174830437	0.7443094253540039
3525	0.03642047569155693	0.060733161866664886	0.7443288564682007
3526	0.035531267523765564	0.06072234734892845	0.7443451881408691
3527	0.03590356186032295	0.06070968136191368	0.7443661689758301
3528	0.03594312071800232	0.060705944895744324	0.7443512678146362
3529	0.03605710715055466	0.06070159003138542	0.7443519830703735
3530	0.035897500813007355	0.06071249768137932	0.7443109750747681
3531	0.03535529226064682	0.060720790177583694	0.7442754507064819
3532	0.03602917864918709	0.060738950967788696	0.744209349155426
3533	0.03603725880384445	0.06074368953704834	0.7441762685775757
3534	0.03533073142170906	0.060745514929294586	0.7441660165786743
3535	0.03515242412686348	0.06074650213122368	0.7441683411598206
3536	0.0361245796084404	0.06074800342321396	0.744185209274292
3537	0.035435453057289124	0.06074713543057442	0.7442053556442261
3538	0.036273423582315445	0.06073133647441864	0.7442667484283447
3539	0.03578915446996689	0.060728106647729874	0.7442965507507324
3540	0.035437993705272675	0.060711268335580826	0.7443467378616333
3541	0.03582153469324112	0.06069288030266762	0.7443991303443909
3542	0.03562724217772484	0.06068316474556923	0.7444207668304443
3543	0.0356203094124794	0.060686931014060974	0.7444050908088684
3544	0.03546673804521561	0.060689933598041534	0.7443768978118896
3545	0.03532858192920685	0.0606970377266407	0.7443388104438782
3546	0.03618151694536209	0.06070241704583168	0.744316041469574
3547	0.035152316093444824	0.060707926750183105	0.7442903518676758
3548	0.035734955221414566	0.060708433389663696	0.7442744970321655
3549	0.0350940003991127	0.06071798875927925	0.7442472577095032
3550	0.035422779619693756	0.06071743741631508	0.7442435622215271
3551	0.03574863821268082	0.060704555362463	0.7442731261253357
3552	0.03574834764003754	0.06069231033325195	0.7443017959594727
3553	0.036063503473997116	0.060678232461214066	0.7443340420722961
3554	0.035681452602148056	0.06068962812423706	0.7443075776100159
3555	0.03586893901228905	0.06070892512798309	0.7442650198936462
3556	0.036613088101148605	0.06072434037923813	0.7442306280136108
3557	0.03552224859595299	0.060724254697561264	0.7442294359207153
3558	0.035163167864084244	0.060721199959516525	0.7442280650138855
3559	0.03662265092134476	0.06071733683347702	0.7442153692245483
3560	0.03588107228279114	0.06070942059159279	0.7442158460617065
3561	0.03579191491007805	0.06071485951542854	0.7441856265068054
3562	0.035783398896455765	0.06070898100733757	0.744186520576477
3563	0.035743348300457	0.06072230637073517	0.7441391944885254
3564	0.03594691678881645	0.06074097380042076	0.7440721988677979
3565	0.035998664796352386	0.06076113134622574	0.7439954876899719
3566	0.03620777279138565	0.060766249895095825	0.7439700961112976
3567	0.03582783788442612	0.06075983867049217	0.7439765334129333
3568	0.035099975764751434	0.06076405197381973	0.7439762353897095
3569	0.035836391150951385	0.06077476963400841	0.7439555525779724
3570	0.03518243134021759	0.06078927218914032	0.7439395785331726
3571	0.03580045327544212	0.06079557165503502	0.7439315319061279
3572	0.03587023541331291	0.06080251932144165	0.7439265847206116
3573	0.03570772334933281	0.060805778950452805	0.7439250946044922
3574	0.03598334267735481	0.06080029159784317	0.7439519166946411
3575	0.03561410680413246	0.060784712433815	0.7440124750137329
3576	0.035585757344961166	0.060762155801057816	0.7440952658653259
3577	0.03502744063735008	0.06073495000600815	0.7441924214363098
3578	0.03587494045495987	0.06072700023651123	0.7442418336868286
3579	0.036319293081760406	0.060722965747117996	0.7442805171012878
3580	0.03580033779144287	0.06070907786488533	0.744337797164917
3581	0.03584374487400055	0.06071437522768974	0.7443450093269348
3582	0.03528277575969696	0.060721784830093384	0.7443351745605469
3583	0.03586346656084061	0.06073637679219246	0.7443008422851562
3584	0.03588885813951492	0.06075301393866539	0.7442535161972046
3585	0.0355384461581707	0.060770634561777115	0.7441927194595337
3586	0.03552030026912689	0.060796014964580536	0.7441102266311646
3587	0.03558851778507233	0.060810867697000504	0.7440496683120728
3588	0.035657014697790146	0.06081245094537735	0.7440434694290161
3589	0.035481683909893036	0.06080205738544464	0.7440663576126099
3590	0.03562835231423378	0.06077611446380615	0.744138777256012
3591	0.034996598958969116	0.060752660036087036	0.7442074418067932
3592	0.03544969856739044	0.06072347238659859	0.7442840337753296
3593	0.03564858064055443	0.060709934681653976	0.7443255186080933
3594	0.03570573031902313	0.06068700924515724	0.7443885803222656
3595	0.036509376019239426	0.06067084148526192	0.7444397211074829
3596	0.03527507185935974	0.060648929327726364	0.7445018291473389
3597	0.03512726351618767	0.06062376871705055	0.7445722222328186
3598	0.03585480526089668	0.06060221046209335	0.7446317672729492
3599	0.035338304936885834	0.060590922832489014	0.7446619272232056
3600	0.03571951389312744	0.06059713661670685	0.7446557283401489
3601	0.035637613385915756	0.06061752513051033	0.7446101903915405
3602	0.0350976437330246	0.06063656508922577	0.7445665597915649
3603	0.03538993373513222	0.060650620609521866	0.7445377707481384
3604	0.03650210425257683	0.06066272407770157	0.7445068359375
3605	0.035982683300971985	0.06068015843629837	0.744447648525238
3606	0.03542407974600792	0.06069522723555565	0.7443808913230896
3607	0.03513557091355324	0.060709018260240555	0.7443211674690247
3608	0.03564494475722313	0.06072848662734032	0.744246244430542
3609	0.03513018786907196	0.06075162813067436	0.7441782355308533
3610	0.03526465967297554	0.060771796852350235	0.7441215515136719
3611	0.03599017858505249	0.06079328432679176	0.7440646290779114
3612	0.03650791943073273	0.06080295145511627	0.7440335154533386
3613	0.03583034500479698	0.060806311666965485	0.7440152168273926
3614	0.03537337854504585	0.06080847978591919	0.7439985871315002
3615	0.03614611178636551	0.060793764889240265	0.7440069317817688
3616	0.03592568263411522	0.060780011117458344	0.7440158128738403
3617	0.03566647693514824	0.060761917382478714	0.7440522313117981
3618	0.03531528636813164	0.06074896082282066	0.7440781593322754
3619	0.03551842272281647	0.06073509901762009	0.7441139221191406
3620	0.0360904224216938	0.06072463467717171	0.7441593408584595
3621	0.03541026636958122	0.06071758642792702	0.7442044615745544
3622	0.035136595368385315	0.06071450561285019	0.744239866733551
3623	0.03549332544207573	0.06071317568421364	0.7442666292190552
3624	0.03603838384151459	0.060706790536642075	0.7442936301231384
3625	0.035585757344961166	0.060710251331329346	0.7442996501922607
3626	0.03522500768303871	0.060707513242959976	0.7443192601203918
3627	0.03540760651230812	0.0607038177549839	0.7443268299102783
3628	0.03593966364860535	0.06071867421269417	0.7442876100540161
3629	0.035622142255306244	0.060730092227458954	0.7442548274993896
3630	0.03516986593604088	0.060732822865247726	0.7442499399185181
3631	0.03569615259766579	0.06073450669646263	0.74423748254776
3632	0.035735122859478	0.060734719038009644	0.7442271113395691
3633	0.035959452390670776	0.06073704734444618	0.7442052960395813
3634	0.03513636812567711	0.06073407456278801	0.7442087531089783
3635	0.03509489446878433	0.060720980167388916	0.7442446351051331
3636	0.03485588729381561	0.06070753186941147	0.7442852854728699
3637	0.035068389028310776	0.060697708278894424	0.7443253993988037
3638	0.035519588738679886	0.060681670904159546	0.7443777918815613
3639	0.03540019690990448	0.060678910464048386	0.7443830966949463
3640	0.0354488305747509	0.06068498641252518	0.7443681359291077
3641	0.03533918783068657	0.06070476025342941	0.7443125247955322
3642	0.03612564504146576	0.06071089208126068	0.7442941665649414
3643	0.03485780954360962	0.06071123480796814	0.7442825436592102
3644	0.0355827696621418	0.06071481108665466	0.744268000125885
3645	0.035472430288791656	0.060722075402736664	0.7442376613616943
3646	0.035266146063804626	0.06072460114955902	0.7442137598991394
3647	0.035780999809503555	0.06072522699832916	0.7442010641098022
3648	0.035300593823194504	0.06071631237864494	0.7442022562026978
3649	0.0353669598698616	0.06070026010274887	0.7442256212234497
3650	0.0353790745139122	0.060696251690387726	0.7442209720611572
3651	0.03518584743142128	0.060691896826028824	0.7442169189453125
3652	0.036048609763383865	0.06067866086959839	0.7442327737808228
3653	0.03517045080661774	0.060666706413030624	0.7442477345466614
3654	0.035911571234464645	0.06066223606467247	0.7442489266395569
3655	0.03544936329126358	0.060654617846012115	0.7442644834518433
3656	0.035004064440727234	0.06065651401877403	0.744263231754303
3657	0.03596716374158859	0.06065405160188675	0.7442818880081177
3658	0.03557610139250755	0.06065627932548523	0.7442787885665894
3659	0.03544408455491066	0.060673974454402924	0.744243860244751
3660	0.035808730870485306	0.06070081889629364	0.7441838383674622
3661	0.03560246527194977	0.06074673309922218	0.7440627217292786
3662	0.035009317100048065	0.06078007072210312	0.7439733147621155
3663	0.03568597137928009	0.06078881770372391	0.7439408898353577
3664	0.03552526235580444	0.0607999712228775	0.7439006567001343
3665	0.035069629549980164	0.060805175453424454	0.7438886761665344
3666	0.03542974218726158	0.06079860404133797	0.7439053654670715
3667	0.0358702689409256	0.060789529234170914	0.7439155578613281
3668	0.035150520503520966	0.06077456846833229	0.7439537048339844
3669	0.03582041338086128	0.06076634302735329	0.7439773082733154
3670	0.03564212843775749	0.060768064111471176	0.743966281414032
3671	0.03506884351372719	0.060778260231018066	0.743931233882904
3672	0.034911833703517914	0.06079333275556564	0.7438816428184509
3673	0.03605278953909874	0.06080903857946396	0.743839681148529
3674	0.035536378622055054	0.060814809054136276	0.743813157081604
3675	0.03596140816807747	0.0608157254755497	0.7438092827796936
3676	0.03523269295692444	0.060813333839178085	0.7438233494758606
3677	0.03549546003341675	0.06081205978989601	0.7438216805458069
3678	0.03606303408741951	0.06081197410821915	0.7438333034515381
3679	0.03590700030326843	0.060809120535850525	0.7438538670539856
3680	0.03522378206253052	0.06080112233757973	0.7438886165618896
3681	0.03502926975488663	0.06078648939728737	0.743943452835083
3682	0.03494147211313248	0.060760580003261566	0.7440277338027954
3683	0.03534594178199768	0.060746099799871445	0.74406898021698
3684	0.03566262125968933	0.060728758573532104	0.744125485420227
3685	0.0351431630551815	0.060719575732946396	0.7441604733467102
3686	0.03515701740980148	0.060709983110427856	0.7441889047622681
3687	0.035368360579013824	0.06069110333919525	0.7442560195922852
3688	0.03479490801692009	0.0606909841299057	0.7442705631256104
3689	0.03533508628606796	0.060695331543684006	0.7442669868469238
3690	0.03569653630256653	0.060709722340106964	0.7442469596862793
3691	0.03540476784110069	0.06072774529457092	0.7442110180854797
3692	0.035359859466552734	0.060748226940631866	0.7441649436950684
3693	0.03518620505928993	0.0607614703476429	0.7441340684890747
3694	0.03543657809495926	0.06076504662632942	0.7441236972808838
3695	0.035340163856744766	0.06075793877243996	0.7441465854644775
3696	0.035171110183000565	0.06075262278318405	0.7441610097885132
3697	0.03545987233519554	0.06074269488453865	0.7441768646240234
3698	0.03594127669930458	0.06073576211929321	0.744175136089325
3699	0.036156509071588516	0.06073399633169174	0.7441694140434265
3700	0.03515708073973656	0.060724977403879166	0.7441868185997009
3701	0.03576503321528435	0.060705769807100296	0.744231104850769
3702	0.035150378942489624	0.06071673333644867	0.7442088723182678
3703	0.03578413650393486	0.06073430925607681	0.7441737055778503
3704	0.0359448604285717	0.0607474222779274	0.7441410422325134
3705	0.03474057465791702	0.06076199561357498	0.744101345539093
3706	0.03558865934610367	0.06078186631202698	0.7440340518951416
3707	0.035748593509197235	0.06079725921154022	0.7439855933189392
3708	0.03554191812872887	0.06081196293234825	0.7439330220222473
3709	0.034539204090833664	0.06082481890916824	0.7438700199127197
3710	0.03535152226686478	0.06082545965909958	0.7438338994979858
3711	0.035325825214385986	0.06081167235970497	0.743847668170929
3712	0.03573324531316757	0.06079725921154022	0.7438748478889465
3713	0.03630886599421501	0.06078323721885681	0.7439191341400146
3714	0.035821352154016495	0.06076643988490105	0.7439767718315125
3715	0.03555338457226753	0.06074772775173187	0.744023859500885
3716	0.035127926617860794	0.060729581862688065	0.7440640926361084
3717	0.0353233776986599	0.060724470764398575	0.7440815567970276
3718	0.035207703709602356	0.060723818838596344	0.7440813779830933
3719	0.03499659523367882	0.06073823943734169	0.7440333366394043
3720	0.035433579236269	0.060740310698747635	0.7440193891525269
3721	0.035273149609565735	0.06074937805533409	0.743990957736969
3722	0.03500870615243912	0.0607510469853878	0.7439841032028198
3723	0.03513544425368309	0.06074408069252968	0.7440156936645508
3724	0.0348651260137558	0.06073811277747154	0.7440377473831177
3725	0.03595604747533798	0.060727667063474655	0.7440658211708069
3726	0.0356743149459362	0.06071147695183754	0.7441045641899109
3727	0.03477698937058449	0.06071076542139053	0.7441102266311646
3728	0.03573780879378319	0.06070974841713905	0.744117796421051
3729	0.03507294878363609	0.060712482780218124	0.7441135048866272
3730	0.0357174351811409	0.06071728840470314	0.744111180305481
3731	0.03596259281039238	0.0607307143509388	0.7440875172615051
3732	0.03490647301077843	0.060753487050533295	0.7440372705459595
3733	0.036478929221630096	0.06077952682971954	0.7439747452735901
3734	0.03530118986964226	0.06080661341547966	0.7439162731170654
3735	0.035775743424892426	0.06081860512495041	0.7438891530036926
3736	0.03576518967747688	0.06081153824925423	0.743908166885376
3737	0.03519696742296219	0.060793910175561905	0.7439569234848022
3738	0.03584049642086029	0.06077638640999794	0.7440019249916077
3739	0.0352904312312603	0.060760241001844406	0.7440473437309265
3740	0.035246457904577255	0.060746051371097565	0.7440842390060425
3741	0.03563899174332619	0.060732681304216385	0.7441253662109375
3742	0.03479020297527313	0.06072264537215233	0.7441530227661133
3743	0.03478863835334778	0.060707855969667435	0.744196355342865
3744	0.0354824960231781	0.06069367378950119	0.7442407011985779
3745	0.035333745181560516	0.06069544330239296	0.7442525625228882
3746	0.03494324907660484	0.060684893280267715	0.7442923188209534
3747	0.03536118566989899	0.060674358159303665	0.7443338632583618
3748	0.034481074661016464	0.06066843494772911	0.7443675398826599
3749	0.03657396882772446	0.06066717207431793	0.7443873286247253
3750	0.03514767810702324	0.06067098304629326	0.7443975806236267
3751	0.03495979681611061	0.06067666411399841	0.7443951964378357
3752	0.035178039222955704	0.060685716569423676	0.7443906664848328
3753	0.03564734384417534	0.06069449707865715	0.7443740367889404
3754	0.034618161618709564	0.06070587784051895	0.7443531155586243
3755	0.035235822200775146	0.060709089040756226	0.7443338632583618
3756	0.03499136120080948	0.0607079416513443	0.7443234324455261
3757	0.035525597631931305	0.060694243758916855	0.7443439364433289
3758	0.03456699475646019	0.060688216239213943	0.7443433403968811
3759	0.03506830707192421	0.06069064140319824	0.744332492351532
3760	0.035171106457710266	0.060706861317157745	0.7442936301231384
3761	0.03543853387236595	0.060720108449459076	0.7442585825920105
3762	0.03514397516846657	0.06073722988367081	0.7442231178283691
3763	0.0348750576376915	0.06074628233909607	0.7442149519920349
3764	0.03545130416750908	0.06074298918247223	0.7442489266395569
3765	0.03494705259799957	0.060745082795619965	0.7442573308944702
3766	0.03451311215758324	0.06072988361120224	0.7443059682846069
3767	0.0359053798019886	0.06068954989314079	0.7444192171096802
3768	0.03577044606208801	0.06065469980239868	0.7445307970046997
3769	0.03570175543427467	0.060626380145549774	0.7446164488792419
3770	0.0357670858502388	0.060603298246860504	0.7446829676628113
3771	0.03469476103782654	0.060580749064683914	0.7447468638420105
3772	0.03560211509466171	0.060577716678380966	0.7447648644447327
3773	0.03493909165263176	0.06058020517230034	0.7447733879089355
3774	0.03430809825658798	0.060588736087083817	0.7447630763053894
3775	0.035767849534749985	0.06059424579143524	0.7447445392608643
3776	0.03553730249404907	0.06060478836297989	0.7446883916854858
3777	0.03503642603754997	0.06062724068760872	0.7445950508117676
3778	0.034816429018974304	0.060651905834674835	0.7444922924041748
3779	0.03585056960582733	0.060673825442790985	0.7443890571594238
3780	0.0355391651391983	0.060701873153448105	0.7442720532417297
3781	0.035295553505420685	0.06073381379246712	0.7441372871398926
3782	0.03570600599050522	0.060772012919187546	0.7439871430397034
3783	0.03482611104846001	0.060790255665779114	0.7438930869102478
3784	0.03486797958612442	0.06079118698835373	0.7438636422157288
3785	0.03542396053671837	0.06077581271529198	0.7438967823982239
3786	0.03527550399303436	0.06076217442750931	0.7439307570457458
3787	0.03542453423142433	0.060745418071746826	0.743975043296814
3788	0.035993944853544235	0.060732271522283554	0.7440126538276672
3789	0.03476572781801224	0.06071975454688072	0.744044840335846
3790	0.03500337153673172	0.06070060655474663	0.7440994381904602
3791	0.03595341742038727	0.0606871023774147	0.744139552116394
3792	0.03495544567704201	0.060692232102155685	0.7441410422325134
3793	0.03489904850721359	0.06070360913872719	0.7441385984420776
3794	0.0349339097738266	0.060714028775691986	0.7441454529762268
3795	0.03553709387779236	0.060730211436748505	0.7441267371177673
3796	0.03512309119105339	0.060729991644620895	0.7441527247428894
3797	0.0356944277882576	0.06073177978396416	0.7441708445549011
3798	0.03497036546468735	0.060740988701581955	0.7441878914833069
3799	0.034591276198625565	0.06074143573641777	0.7442266345024109
3800	0.03511110320687294	0.06074162572622299	0.7442697882652283
3801	0.03465515375137329	0.06074129045009613	0.7443127632141113
3802	0.03546623885631561	0.060737427324056625	0.7443563342094421
3803	0.03517730161547661	0.060727573931217194	0.7443990111351013
3804	0.03563341125845909	0.06071151793003082	0.744453489780426
3805	0.034853141754865646	0.06068627908825874	0.7445302605628967
3806	0.035026609897613525	0.060663048177957535	0.7445887327194214
3807	0.034961260855197906	0.06064597889780998	0.744631290435791
3808	0.035269126296043396	0.06063801795244217	0.7446442246437073
3809	0.03538346663117409	0.06064479425549507	0.744606614112854
3810	0.03494274616241455	0.06066015362739563	0.7445479035377502
3811	0.035620395094156265	0.06066179275512695	0.7445182800292969
3812	0.03504745289683342	0.0606624111533165	0.7445003390312195
3813	0.03566049411892891	0.06066712364554405	0.7444754838943481
3814	0.03528434783220291	0.060681167989969254	0.7444218993186951
3815	0.03482765704393387	0.060708045959472656	0.7443477511405945
3816	0.03614792227745056	0.060730624943971634	0.7442780137062073
3817	0.035357169806957245	0.06076601892709732	0.7441660761833191
3818	0.03526552394032478	0.06079529970884323	0.7440572381019592
3819	0.035191863775253296	0.06082616001367569	0.7439486980438232
3820	0.03535492345690727	0.060846369713544846	0.743877112865448
3821	0.03473321720957756	0.060872144997119904	0.7438008189201355
3822	0.03510993719100952	0.060887087136507034	0.7437539100646973
3823	0.03419273719191551	0.06088751554489136	0.7437441349029541
3824	0.03468797355890274	0.06087929755449295	0.7437650561332703
3825	0.03503803908824921	0.06087328493595123	0.7437860369682312
3826	0.03509810194373131	0.06086600944399834	0.7438123226165771
3827	0.03541317582130432	0.06086036190390587	0.743831217288971
3828	0.03474348038434982	0.060858141630887985	0.7438369989395142
3829	0.03487945348024368	0.06083608418703079	0.7438855171203613
3830	0.03537065535783768	0.06081685051321983	0.7439326047897339
3831	0.03520127013325691	0.06081008166074753	0.7439591884613037
3832	0.034755099564790726	0.060789912939071655	0.744020402431488
3833	0.03482827916741371	0.06077704578638077	0.7440832257270813
3834	0.034806348383426666	0.060768961906433105	0.7441334128379822
3835	0.03518244996666908	0.060756485909223557	0.7441818714141846
3836	0.03523503616452217	0.060748495161533356	0.744209885597229
3837	0.03536752238869667	0.06074601784348488	0.7442190051078796
3838	0.03472020477056503	0.060742564499378204	0.7442305088043213
3839	0.034675512462854385	0.060738712549209595	0.7442427277565002
3840	0.035791635513305664	0.06073959544301033	0.7442377805709839
3841	0.0352088063955307	0.06073871999979019	0.7442508935928345
3842	0.03456362336874008	0.06074361875653267	0.7442523837089539
3843	0.035116810351610184	0.06074133142828941	0.7442653775215149
3844	0.03551006689667702	0.06072194501757622	0.744306206703186
3845	0.03462494909763336	0.06069701537489891	0.7443344593048096
3846	0.03460603952407837	0.06067601963877678	0.7443491816520691
3847	0.03494695946574211	0.060670461505651474	0.7443255186080933
3848	0.0350298136472702	0.06067422777414322	0.7442821860313416
3849	0.034626323729753494	0.060682263225317	0.7442333102226257
3850	0.03522786125540733	0.06069403514266014	0.7441812753677368
3851	0.0354803204536438	0.06071747839450836	0.7441093325614929
3852	0.035607434809207916	0.06074201688170433	0.7440536618232727
3853	0.03498993068933487	0.06074174493551254	0.7440575361251831
3854	0.035173557698726654	0.060739316046237946	0.7440795302391052
3855	0.03511518985033035	0.06074225530028343	0.7440816164016724
3856	0.03540722280740738	0.060748498886823654	0.7440685629844666
3857	0.035071056336164474	0.060756999999284744	0.7440541982650757
3858	0.03505292907357216	0.06076301634311676	0.744044840335846
3859	0.03538570925593376	0.06076934188604355	0.7440341711044312
3860	0.03457149490714073	0.06077786162495613	0.7440071105957031
3861	0.03538355231285095	0.06078196316957474	0.7439916729927063
3862	0.03505665436387062	0.060780126601457596	0.7439943552017212
3863	0.035638824105262756	0.06077484041452408	0.7440093159675598
3864	0.035145919770002365	0.06076788529753685	0.7440242767333984
3865	0.03477209433913231	0.060763247311115265	0.7440354824066162
3866	0.034847892820835114	0.06075190007686615	0.7440589666366577
3867	0.034468334168195724	0.06072193384170532	0.7441245913505554
3868	0.0348823182284832	0.060705769807100296	0.744151771068573
3869	0.034942612051963806	0.06069808825850487	0.7441574335098267
3870	0.03525639325380325	0.060679998248815536	0.7441869974136353
3871	0.03517717868089676	0.060676444321870804	0.7441923022270203
3872	0.03497696295380592	0.060677919536828995	0.7441974878311157
3873	0.035654276609420776	0.06069217994809151	0.744172215461731
3874	0.03429996594786644	0.06071513146162033	0.7441274523735046
3875	0.0354241281747818	0.06072621792554855	0.7441093325614929
3876	0.03476761654019356	0.060735031962394714	0.7441069483757019
3877	0.03455211967229843	0.06073393672704697	0.7441366910934448
3878	0.03515278548002243	0.06072864681482315	0.7441630959510803
3879	0.03473185375332832	0.06071970611810684	0.7441983819007874
3880	0.03460249677300453	0.06070997938513756	0.7442339062690735
3881	0.034966468811035156	0.06069984659552574	0.7442548274993896
3882	0.03476144000887871	0.06069518253207207	0.7442625164985657
3883	0.03487536311149597	0.060683660209178925	0.7442900538444519
3884	0.035359010100364685	0.060658399015665054	0.7443327903747559
3885	0.035025786608457565	0.06063607335090637	0.7443706393241882
3886	0.03432749584317207	0.06062847748398781	0.7443774342536926
3887	0.03504548594355583	0.06063595786690712	0.7443434596061707
3888	0.03518145531415939	0.060661498457193375	0.7442814111709595
3889	0.03488502278923988	0.06067213788628578	0.7442509531974792
3890	0.03450004383921623	0.06068669259548187	0.7442008852958679
3891	0.035360634326934814	0.060706522315740585	0.7441477179527283
3892	0.03490569069981575	0.06072044000029564	0.7441157698631287
3893	0.034998442977666855	0.060736898332834244	0.7440709471702576
3894	0.03466821834445	0.060751911252737045	0.7440419793128967
3895	0.03563300520181656	0.06076154485344887	0.7440275549888611
3896	0.035174936056137085	0.06074976921081543	0.7440419793128967
3897	0.035425473004579544	0.06074172258377075	0.7440471053123474
3898	0.03506694361567497	0.06073136627674103	0.74405437707901
3899	0.034831453114748	0.060729578137397766	0.7440381646156311
3900	0.03528556972742081	0.060733724385499954	0.7440231442451477
3901	0.03512994945049286	0.060745950788259506	0.7439858913421631
3902	0.03429075703024864	0.06074569746851921	0.7439878582954407
3903	0.0354340486228466	0.06074093282222748	0.7439966201782227
3904	0.03446812182664871	0.060731418430805206	0.7440301775932312
3905	0.03475109115242958	0.06072389334440231	0.7440487742424011
3906	0.03495129197835922	0.06072237342596054	0.7440605163574219
3907	0.03473559021949768	0.06072297692298889	0.7440733313560486
3908	0.03457697480916977	0.060722704976797104	0.7440674901008606
3909	0.035001568496227264	0.06072311848402023	0.744065523147583
3910	0.034889817237854004	0.0607251338660717	0.7440537214279175
3911	0.0346999429166317	0.060740288347005844	0.7439984679222107
3912	0.035185206681489944	0.06074830889701843	0.743966281414032
3913	0.03525291383266449	0.06075327470898628	0.7439517378807068
3914	0.03564339503645897	0.06074656918644905	0.7439669966697693
3915	0.03506220504641533	0.06075480207800865	0.7439396977424622
3916	0.034610554575920105	0.0607614740729332	0.743927001953125
3917	0.034690141677856445	0.06075908616185188	0.7439270615577698
3918	0.03526286035776138	0.06075940653681755	0.7439209222793579
3919	0.0343368761241436	0.060757339000701904	0.7439333200454712
3920	0.03445661813020706	0.06074220687150955	0.7439747452735901
3921	0.03468528017401695	0.06073177978396416	0.7440140247344971
3922	0.03469935059547424	0.06072383001446724	0.7440481781959534
3923	0.03384672477841377	0.060717206448316574	0.7440800070762634
3924	0.034824058413505554	0.06071464717388153	0.7440996766090393
3925	0.03468034416437149	0.0607282780110836	0.7440682649612427
3926	0.03466006740927696	0.060747984796762466	0.7440212368965149
3927	0.03504475951194763	0.060763560235500336	0.7439696788787842
3928	0.034549981355667114	0.06077469140291214	0.743929386138916
3929	0.034711334854364395	0.06078607216477394	0.7438803911209106
3930	0.0349595881998539	0.06080237030982971	0.7438282370567322
3931	0.034805137664079666	0.060815732926130295	0.7437775731086731
3932	0.03464067354798317	0.060831230133771896	0.7437145113945007
3933	0.034823205322027206	0.06083844602108002	0.743681788444519
3934	0.0351455919444561	0.06084613874554634	0.7436525821685791
3935	0.034764233976602554	0.060851581394672394	0.7436357140541077
3936	0.03416764736175537	0.060848843306303024	0.7436396479606628
3937	0.034447040408849716	0.060843922197818756	0.7436468005180359
3938	0.03445327654480934	0.06083684787154198	0.7436596751213074
3939	0.03454223647713661	0.06083710119128227	0.7436709403991699
3940	0.03446347266435623	0.06083395704627037	0.7436860203742981
3941	0.035443440079689026	0.06083528324961662	0.7436885833740234
3942	0.034690842032432556	0.06083642691373825	0.7436997890472412
3943	0.034896817058324814	0.06084413453936577	0.7436999678611755
3944	0.034644488245248795	0.06084973365068436	0.743716835975647
3945	0.03495921194553375	0.06085572391748428	0.743736207485199
3946	0.03455139696598053	0.060862161219120026	0.7437623739242554
3947	0.0343068465590477	0.06086673215031624	0.7438027858734131
3948	0.03525405377149582	0.060862988233566284	0.7438496947288513
3949	0.03495696187019348	0.06084239110350609	0.743927001953125
3950	0.034779783338308334	0.06082175672054291	0.7439918518066406
3951	0.035105153918266296	0.06079699844121933	0.7440638542175293
3952	0.035059068351984024	0.06076660379767418	0.7441442608833313
3953	0.035446926951408386	0.06073862314224243	0.7442172169685364
3954	0.034876372665166855	0.06072317808866501	0.7442618012428284
3955	0.03532852977514267	0.06070520356297493	0.7443016767501831
3956	0.03497385233640671	0.06070166081190109	0.7442927956581116
3957	0.03485402464866638	0.060698252171278	0.7442773580551147
3958	0.03498304635286331	0.060699474066495895	0.7442471385002136
3959	0.03551500663161278	0.06069498881697655	0.7442339062690735
3960	0.03483112156391144	0.06069717928767204	0.7442042827606201
3961	0.03468673676252365	0.060713090002536774	0.7441477179527283
3962	0.03429136052727699	0.060733113437891006	0.7440810203552246
3963	0.03502112999558449	0.06074115261435509	0.7440372705459595
3964	0.034940946847200394	0.06073916703462601	0.7440158724784851
3965	0.03481542319059372	0.0607316680252552	0.7440227270126343
3966	0.03420770913362503	0.06073193624615669	0.7440032958984375
3967	0.03471504896879196	0.060744162648916245	0.743952214717865
3968	0.034327227622270584	0.060751449316740036	0.7439244389533997
3969	0.03399200737476349	0.060760609805583954	0.7439010143280029
3970	0.03518238663673401	0.06075425073504448	0.7439203262329102
3971	0.034363895654678345	0.06075352802872658	0.7439231872558594
3972	0.03502175211906433	0.060758475214242935	0.7439016699790955
3973	0.03465381637215614	0.0607573501765728	0.7439001798629761
3974	0.0346115380525589	0.06075029447674751	0.7439166903495789
3975	0.03495510295033455	0.060749270021915436	0.7439171671867371
3976	0.034094322472810745	0.060752008110284805	0.7439138293266296
3977	0.03469293192028999	0.06076634302735329	0.7438823580741882
3978	0.03421076387166977	0.060784343630075455	0.7438409328460693
3979	0.03505571559071541	0.060799650847911835	0.7438157796859741
3980	0.034882236272096634	0.06080915033817291	0.7437987327575684
3981	0.035556674003601074	0.060814738273620605	0.7437964677810669
3982	0.0343659408390522	0.06081203371286392	0.7438027262687683
3983	0.03464379534125328	0.06079620495438576	0.7438428997993469
3984	0.034674715250730515	0.06077229976654053	0.7438910603523254
3985	0.03392524644732475	0.060745928436517715	0.7439310550689697
3986	0.034732818603515625	0.06072031706571579	0.7439762949943542
3987	0.03481832519173622	0.06069831922650337	0.7440159916877747
3988	0.03483981639146805	0.060680605471134186	0.7440484762191772
3989	0.034400977194309235	0.060669999569654465	0.744073212146759
3990	0.03401703014969826	0.060666780918836594	0.7440748810768127
3991	0.0349234901368618	0.060678642243146896	0.7440406084060669
3992	0.034664273262023926	0.060698069632053375	0.7439884543418884
3993	0.03514700010418892	0.060730431228876114	0.7439053654670715
3994	0.034488044679164886	0.06075570359826088	0.7438310384750366
3995	0.035048194229602814	0.06077083572745323	0.7437720894813538
3996	0.03482837975025177	0.06077384576201439	0.7437417507171631
3997	0.03562048077583313	0.060779619961977005	0.7437086701393127
3998	0.03431876748800278	0.060787979513406754	0.7436804175376892
3999	0.03487956151366234	0.060793448239564896	0.7436464428901672
4000	0.034418586641550064	0.06078069284558296	0.7436761856079102
4001	0.034698065370321274	0.06075426936149597	0.743752121925354
4002	0.035005759447813034	0.06072679162025452	0.74383544921875
4003	0.034525927156209946	0.06071039289236069	0.7438821792602539
4004	0.034953951835632324	0.06070214509963989	0.7439066171646118
4005	0.03457937762141228	0.060701992362737656	0.7439108490943909
4006	0.03510287031531334	0.06071325019001961	0.7439005374908447
4007	0.03424092009663582	0.06073626130819321	0.743860125541687
4008	0.033861059695482254	0.06074851006269455	0.7438430786132812
4009	0.03441547602415085	0.0607590526342392	0.7438300251960754
4010	0.034880805760622025	0.06077078729867935	0.743796169757843
4011	0.03450852259993553	0.060772933065891266	0.7437846660614014
4012	0.03487293794751167	0.06077141687273979	0.7437917590141296
4013	0.03502839803695679	0.06077244505286217	0.7437989711761475
4014	0.03397902846336365	0.060771334916353226	0.7438145875930786
4015	0.03503108769655228	0.06077776849269867	0.7438026070594788
4016	0.03412272036075592	0.06079064682126045	0.7437764406204224
4017	0.034719109535217285	0.06079059839248657	0.7437809705734253
4018	0.034649185836315155	0.06078242510557175	0.7438126802444458
4019	0.03484095633029938	0.06077786162495613	0.7438506484031677
4020	0.03471086174249649	0.060764141380786896	0.7439176440238953
4021	0.034925900399684906	0.0607522577047348	0.7439872622489929
4022	0.03502741456031799	0.06074067950248718	0.7440662980079651
4023	0.0345347598195076	0.06072693318128586	0.7441545128822327
4024	0.03486783057451248	0.06071547418832779	0.7442139387130737
4025	0.03408810868859291	0.060711316764354706	0.7442508935928345
4026	0.034041039645671844	0.060710370540618896	0.7442741394042969
4027	0.035314980894327164	0.06071113795042038	0.7442895770072937
4028	0.034897707402706146	0.06070864573121071	0.7443167567253113
4029	0.035456135869026184	0.06070202589035034	0.7443450689315796
4030	0.035394635051488876	0.060700852423906326	0.7443462014198303
4031	0.034731440246105194	0.06070130318403244	0.7443481683731079
4032	0.034514352679252625	0.06069822236895561	0.744363009929657
4033	0.034863125532865524	0.060688234865665436	0.7443853616714478
4034	0.03486260026693344	0.06067460775375366	0.7444090843200684
4035	0.03510725870728493	0.06067408621311188	0.7443901896476746
4036	0.03474448248744011	0.06068413332104683	0.7443361282348633
4037	0.0347152017056942	0.060695260763168335	0.7442796230316162
4038	0.03446924313902855	0.060698483139276505	0.7442481517791748
4039	0.034535977989435196	0.06069938465952873	0.7442342042922974
4040	0.03506147861480713	0.06070975214242935	0.7441842555999756
4041	0.0353802815079689	0.0607147179543972	0.7441573143005371
4042	0.03425674885511398	0.0607234388589859	0.7441179752349854
4043	0.03479201719164848	0.0607273243367672	0.74410080909729
4044	0.03384752199053764	0.0607285276055336	0.744097113609314
4045	0.034911155700683594	0.06072620674967766	0.74410480260849
4046	0.033911872655153275	0.06072085723280907	0.7441197037696838
4047	0.03432147949934006	0.06071341410279274	0.7441426515579224
4048	0.03454144671559334	0.060708366334438324	0.7441615462303162
4049	0.035081442445516586	0.060708556324243546	0.7441808581352234
4050	0.03454147279262543	0.06071630120277405	0.7441677451133728
4051	0.034425243735313416	0.06072923168540001	0.7441455125808716
4052	0.03418409824371338	0.060746513307094574	0.7441123723983765
4053	0.03455796837806702	0.06077313423156738	0.7440493702888489
4054	0.03426749259233475	0.06079331412911415	0.7439929842948914
4055	0.03492426872253418	0.060811690986156464	0.7439485192298889
4056	0.0338105708360672	0.06081562489271164	0.7439354658126831
4057	0.03488745540380478	0.0608176626265049	0.7439286708831787
4058	0.03519471362233162	0.060822196304798126	0.7439248561859131
4059	0.034485410898923874	0.06082785502076149	0.7439173460006714
4060	0.034780051559209824	0.06082753837108612	0.7439214587211609
4061	0.034310489892959595	0.06080694496631622	0.7439814805984497
4062	0.0344487763941288	0.060783449560403824	0.7440550923347473
4063	0.03416285663843155	0.06075134873390198	0.7441565990447998
4064	0.03488660976290703	0.06071433797478676	0.7442656755447388
4065	0.034933995455503464	0.06068551540374756	0.7443457841873169
4066	0.03406733646988869	0.060664620250463486	0.7444068193435669
4067	0.03516540303826332	0.06066291406750679	0.7444161772727966
4068	0.03421913832426071	0.060680195689201355	0.7443739771842957
4069	0.03394016623497009	0.06070561334490776	0.7443224191665649
4070	0.035192374140024185	0.060733333230018616	0.744258463382721
4071	0.03516120836138725	0.060765981674194336	0.7441767454147339
4072	0.03468093276023865	0.06078784540295601	0.744108259677887
4073	0.03450779244303703	0.060807548463344574	0.7440516352653503
4074	0.03514949977397919	0.06083158031105995	0.7439923882484436
4075	0.034289393573999405	0.060841795057058334	0.7439550757408142
4076	0.034685343503952026	0.060827698558568954	0.743977427482605
4077	0.034162841737270355	0.06080136075615883	0.7440324425697327
4078	0.03451557084918022	0.060781002044677734	0.744065523147583
4079	0.034228526055812836	0.06076604872941971	0.7440873384475708
4080	0.034186951816082	0.06075810268521309	0.7440949082374573
4081	0.03496335446834564	0.06075429543852806	0.7440912127494812
4082	0.03475906327366829	0.06074273958802223	0.7441172003746033
4083	0.03420710936188698	0.06073939800262451	0.7441201210021973
4084	0.03451884537935257	0.0607369989156723	0.7441259026527405
4085	0.0344652384519577	0.06073443964123726	0.7441360950469971
4086	0.03465725854039192	0.06072213500738144	0.7441707253456116
4087	0.03420766070485115	0.06070808321237564	0.7442209124565125
4088	0.03458628058433533	0.060709066689014435	0.7442301511764526
4089	0.03397206962108612	0.06071443483233452	0.744235098361969
4090	0.034069161862134933	0.06071454659104347	0.744255781173706
4091	0.03485315665602684	0.06070704013109207	0.7442930340766907
4092	0.03470618650317192	0.06070822477340698	0.7443017363548279
4093	0.034541402012109756	0.06070936843752861	0.744310736656189
4094	0.034007277339696884	0.060715287923812866	0.7443048357963562
4095	0.03396840766072273	0.06072254478931427	0.744282603263855
4096	0.03388841450214386	0.06072904169559479	0.7442647814750671
4097	0.034653399139642715	0.06073274463415146	0.7442681789398193
4098	0.03393365442752838	0.060732152312994	0.7442731857299805
4099	0.03524366766214371	0.060714006423950195	0.7443203926086426
4100	0.034043870866298676	0.06069458648562431	0.7443674802780151
4101	0.034793391823768616	0.06068526580929756	0.7443785071372986
4102	0.03456577658653259	0.060687631368637085	0.7443679571151733
4103	0.03413679078221321	0.060694217681884766	0.7443311214447021
4104	0.034455131739377975	0.06071651354432106	0.7442545294761658
4105	0.03431431204080582	0.06074093282222748	0.7441657781600952
4106	0.034800272434949875	0.0607583113014698	0.7440946698188782
4107	0.0343177430331707	0.06076440215110779	0.7440582513809204
4108	0.034902144223451614	0.060770194977521896	0.7440243363380432
4109	0.03441473841667175	0.06076226755976677	0.7440291047096252
4110	0.034216128289699554	0.06075078621506691	0.7440454363822937
4111	0.03458092734217644	0.060743894428014755	0.7440524697303772
4112	0.0347898043692112	0.060735560953617096	0.7440776228904724
4113	0.033866241574287415	0.060728780925273895	0.7440797090530396
4114	0.03394731134176254	0.06072575971484184	0.7440589070320129
4115	0.03472048044204712	0.06072882562875748	0.7440231442451477
4116	0.03450211510062218	0.06073950603604317	0.7439806461334229
4117	0.034423090517520905	0.06075567007064819	0.7439292073249817
4118	0.03432060778141022	0.060772720724344254	0.7438845634460449
4119	0.03416106104850769	0.060802068561315536	0.7438179850578308
4120	0.034867774695158005	0.06081457808613777	0.7437977194786072
4121	0.03482893109321594	0.06082429736852646	0.7437840700149536
4122	0.034253984689712524	0.06083390861749649	0.7437851428985596
4123	0.03457847982645035	0.06084241718053818	0.7437741160392761
4124	0.034005340188741684	0.060844894498586655	0.7437639832496643
4125	0.034155819565057755	0.06083814054727554	0.7437757849693298
4126	0.034375373274087906	0.06082908436655998	0.7437937259674072
4127	0.03391322121024132	0.060810886323451996	0.7438315153121948
4128	0.034239888191223145	0.06077871471643448	0.7439010739326477
4129	0.033566784113645554	0.060757577419281006	0.7439425587654114
4130	0.03466881439089775	0.06074516847729683	0.7439714074134827
4131	0.034546054899692535	0.060733161866664886	0.7439976930618286
4132	0.03442132845520973	0.06072681024670601	0.7440131306648254
4133	0.034700676798820496	0.06073083356022835	0.7440080642700195
4134	0.034715160727500916	0.060736604034900665	0.7440086007118225
4135	0.034545399248600006	0.060739073902368546	0.7440155148506165
4136	0.034146204590797424	0.060745205730199814	0.7440186738967896
4137	0.034196775406599045	0.060743547976017	0.7440451383590698
4138	0.03459100425243378	0.060740236192941666	0.7440664172172546
4139	0.03396480903029442	0.060743749141693115	0.7440603375434875
4140	0.03447848930954933	0.060746803879737854	0.7440340518951416
4141	0.034287434071302414	0.06075781211256981	0.7439733743667603
4142	0.03425002843141556	0.06076691299676895	0.7439160943031311
4143	0.03453008830547333	0.06076100096106529	0.7439074516296387
4144	0.03417312726378441	0.060773324221372604	0.7438525557518005
4145	0.03372734412550926	0.06079738959670067	0.7437829971313477
4146	0.03495747968554497	0.060821693390607834	0.7437182664871216
4147	0.034461431205272675	0.060837894678115845	0.7436739206314087
4148	0.034508269280195236	0.060848698019981384	0.743634045124054
4149	0.03463238850235939	0.060853324830532074	0.7436063289642334
4150	0.0335485115647316	0.06084130331873894	0.7436276078224182
4151	0.03418867662549019	0.06083352863788605	0.7436441779136658
4152	0.034752242267131805	0.060817670077085495	0.7436743974685669
4153	0.034256838262081146	0.06079625338315964	0.7437189817428589
4154	0.03429867699742317	0.060776855796575546	0.7437618374824524
4155	0.034334976226091385	0.06076447665691376	0.7437965869903564
4156	0.03435710072517395	0.06075877323746681	0.7438105940818787
4157	0.03430744260549545	0.060755643993616104	0.7438262104988098
4158	0.033967047929763794	0.060752127319574356	0.7438546419143677
4159	0.034420568495988846	0.06074554845690727	0.7438849210739136
4160	0.03403414040803909	0.06074660271406174	0.7438923716545105
4161	0.034699346870183945	0.06075470894575119	0.7438854575157166
4162	0.03380460664629936	0.0607549324631691	0.7438985705375671
4163	0.034477341920137405	0.06075375899672508	0.7439075112342834
4164	0.03381974995136261	0.060748275369405746	0.743920624256134
4165	0.03405775874853134	0.060744963586330414	0.7439208030700684
4166	0.034237511456012726	0.06074130907654762	0.7439274191856384
4167	0.03442231938242912	0.06072195619344711	0.7439919710159302
4168	0.034613046795129776	0.06071086227893829	0.7440301179885864
4169	0.03468756005167961	0.06071961298584938	0.7440033555030823
4170	0.03516658395528793	0.060724031180143356	0.7439761757850647
4171	0.033725690096616745	0.060729894787073135	0.7439572215080261
4172	0.03414560854434967	0.060724616050720215	0.7439725399017334
4173	0.033388156443834305	0.06072977930307388	0.7439690828323364
4174	0.03406646475195885	0.06072469428181648	0.7439925670623779
4175	0.03402461111545563	0.06070879474282265	0.7440417408943176
4176	0.03460772708058357	0.06070705130696297	0.7440536022186279
4177	0.03429877758026123	0.060709189623594284	0.7440561652183533
4178	0.034314192831516266	0.06069595366716385	0.7440863251686096
4179	0.034377556294202805	0.06066819280385971	0.7441585063934326
4180	0.034820325672626495	0.06065303087234497	0.7442067861557007
4181	0.03472001105546951	0.06064261496067047	0.7442460060119629
4182	0.033922724425792694	0.060636233538389206	0.7442713975906372
4183	0.034407295286655426	0.06064750254154205	0.7442560195922852
4184	0.033751796931028366	0.0606595054268837	0.7442335486412048
4185	0.03460420295596123	0.060685817152261734	0.7441510558128357
4186	0.03379247337579727	0.06070949137210846	0.7440771460533142
4187	0.033995579928159714	0.06072580814361572	0.7440188527107239
4188	0.03438880667090416	0.060732729732990265	0.7439900040626526
4189	0.03417809307575226	0.0607319101691246	0.7439906001091003
4190	0.0348343662917614	0.060732241719961166	0.7440047860145569
4191	0.033558424562215805	0.06072509288787842	0.7440412640571594
4192	0.03446420654654503	0.06071250140666962	0.7440915703773499
4193	0.034226078540086746	0.06068875640630722	0.7441575527191162
4194	0.034386046230793	0.06066747009754181	0.7442150115966797
4195	0.03398151323199272	0.06065528094768524	0.7442513704299927
4196	0.034139569848775864	0.06064112111926079	0.7442790865898132
4197	0.03423440828919411	0.060631345957517624	0.7443073987960815
4198	0.03392638638615608	0.060626961290836334	0.7443347573280334
4199	0.0346069410443306	0.060623619705438614	0.7443618774414062
4200	0.034102655947208405	0.06064261496067047	0.7443479895591736
4201	0.0341976024210453	0.0606752373278141	0.744294285774231
4202	0.033509574830532074	0.060714829713106155	0.744215726852417
4203	0.03381430357694626	0.0607462003827095	0.7441490888595581
4204	0.03476545959711075	0.060764603316783905	0.744096040725708
4205	0.03465673327445984	0.060780350118875504	0.7440391182899475
4206	0.03438159450888634	0.06077997013926506	0.7440181374549866
4207	0.03377093747258186	0.06076377257704735	0.7440476417541504
4208	0.03420909121632576	0.06075995787978172	0.7440391778945923
4209	0.03424154594540596	0.06075550243258476	0.7440366744995117
4210	0.034605808556079865	0.06074715033173561	0.7440508604049683
4211	0.034818340092897415	0.060734376311302185	0.744083821773529
4212	0.03419170528650284	0.060723308473825455	0.7441256642341614
4213	0.03385847061872482	0.060710202902555466	0.7441601157188416
4214	0.03337516263127327	0.06069610267877579	0.7442054152488708
4215	0.03345248103141785	0.060684774070978165	0.7442489862442017
4216	0.03512541204690933	0.06068574637174606	0.744248628616333
4217	0.034341730177402496	0.06068475544452667	0.7442472577095032
4218	0.033814866095781326	0.060692571103572845	0.7442273497581482
4219	0.03482269123196602	0.06069182977080345	0.7442345023155212
4220	0.03424284607172012	0.060699332505464554	0.7442163228988647
4221	0.03371499106287956	0.06070758402347565	0.7441923022270203
4222	0.034068383276462555	0.06070392206311226	0.7441999912261963
4223	0.033906158059835434	0.06071176752448082	0.7441757321357727
4224	0.03440103307366371	0.06072121858596802	0.744144082069397
4225	0.03384929895401001	0.06072898954153061	0.7441200613975525
4226	0.03438213840126991	0.060737792402505875	0.7440928816795349
4227	0.03411491960287094	0.060729220509529114	0.7441095113754272
4228	0.035001643002033234	0.06070100888609886	0.7441985011100769
4229	0.033595722168684006	0.06066751107573509	0.7442958950996399
4230	0.03375405818223953	0.06064004823565483	0.7443692088127136
4231	0.03385273367166519	0.060622986406087875	0.7444149851799011
4232	0.034872349351644516	0.060612067580223083	0.7444251775741577
4233	0.03342169150710106	0.06059851124882698	0.7444434762001038
4234	0.0334329828619957	0.06058432161808014	0.7444567680358887
4235	0.034595638513565063	0.060584306716918945	0.7444426417350769
4236	0.03422850742936134	0.06060169264674187	0.7444006204605103
4237	0.033737245947122574	0.06061287224292755	0.7443754076957703
4238	0.034171100705862045	0.06063448637723923	0.7443231344223022
4239	0.033547185361385345	0.0606561042368412	0.7442759871482849
4240	0.03403452783823013	0.06068089231848717	0.744221568107605
4241	0.03420150279998779	0.06070214509963989	0.7441712021827698
4242	0.034664884209632874	0.060727622359991074	0.7441104054450989
4243	0.03390746936202049	0.060748711228370667	0.744052529335022
4244	0.034591201692819595	0.06076540797948837	0.7440051436424255
4245	0.033388830721378326	0.06077437847852707	0.7439727783203125
4246	0.03452249616384506	0.060769934207201004	0.7439866662025452
4247	0.03419143334031105	0.06076103448867798	0.7440052628517151
4248	0.03394583240151405	0.060729529708623886	0.7440788149833679
4249	0.03432495892047882	0.06069091707468033	0.7441719770431519
4250	0.03407137468457222	0.06067902222275734	0.7441934943199158
4251	0.03408883512020111	0.06066934019327164	0.7442011833190918
4252	0.03378480672836304	0.06065942347049713	0.7442169189453125
4253	0.03441214933991432	0.0606522373855114	0.7442175149917603
4254	0.03412318602204323	0.06065081059932709	0.744205117225647
4255	0.033270251005887985	0.06063644215464592	0.7442319989204407
4256	0.03384872525930405	0.06063630431890488	0.7442305088043213
4257	0.03418109565973282	0.060637734830379486	0.7442266345024109
4258	0.03413685783743858	0.06063288822770119	0.7442314028739929
4259	0.03343324363231659	0.060622021555900574	0.7442551255226135
4260	0.033780407160520554	0.06061413139104843	0.744263768196106
4261	0.03431123495101929	0.06061585992574692	0.7442523837089539
4262	0.03406411409378052	0.06062816455960274	0.7442141771316528
4263	0.034646905958652496	0.06064530462026596	0.7441610097885132
4264	0.034399405121803284	0.06066133826971054	0.7441157102584839
4265	0.03343965858221054	0.060673344880342484	0.7440717816352844
4266	0.034351054579019547	0.06068657711148262	0.744019627571106
4267	0.03446051478385925	0.06069471687078476	0.7439739108085632
4268	0.03417661413550377	0.060711540281772614	0.7439019083976746
4269	0.03462568297982216	0.06072923168540001	0.7438367009162903
4270	0.03446177765727043	0.06074340268969536	0.7437868118286133
4271	0.034203898161649704	0.06075955554842949	0.743729293346405
4272	0.034562066197395325	0.06074044853448868	0.7437716126441956
4273	0.0338004045188427	0.060722414404153824	0.7438169121742249
4274	0.033289194107055664	0.06069808825850487	0.7438761591911316
4275	0.03441455960273743	0.06066712364554405	0.7439687848091125
4276	0.03396933525800705	0.06064196303486824	0.7440435290336609
4277	0.033881474286317825	0.06062643975019455	0.7440978288650513
4278	0.03408506512641907	0.06061963364481926	0.744133710861206
4279	0.03413129225373268	0.060620345175266266	0.744152307510376
4280	0.03391869738698006	0.060626156628131866	0.7441612482070923
4281	0.03398216888308525	0.06064840778708458	0.7441149353981018
4282	0.03430706635117531	0.060671526938676834	0.7440686821937561
4283	0.034592851996421814	0.060694076120853424	0.7440223097801208
4284	0.034631043672561646	0.06071176752448082	0.7439730763435364
4285	0.0337216854095459	0.06073284521698952	0.7439242601394653
4286	0.03424327075481415	0.06076628714799881	0.7438381314277649
4287	0.03392614424228668	0.06080173701047897	0.7437410354614258
4288	0.03374325484037399	0.06082259863615036	0.7436753511428833
4289	0.034490734338760376	0.06082967296242714	0.743647038936615
4290	0.034232452511787415	0.060824643820524216	0.7436545491218567
4291	0.03395194187760353	0.06082061305642128	0.7436645030975342
4292	0.033981889486312866	0.06081864610314369	0.7436730861663818
4293	0.034399501979351044	0.06083019822835922	0.7436442375183105
4294	0.03427959978580475	0.060835663229227066	0.7436397671699524
4295	0.03356078639626503	0.06083903834223747	0.7436473965644836
4296	0.03422979637980461	0.060835935175418854	0.7436771988868713
4297	0.03420979529619217	0.06084359064698219	0.7436790466308594
4298	0.03366973623633385	0.06085167080163956	0.7436841130256653
4299	0.03444725647568703	0.060842499136924744	0.7437117099761963
4300	0.03401540219783783	0.06082041934132576	0.7437615394592285
4301	0.03387865424156189	0.06079540029168129	0.74382483959198
4302	0.03389803320169449	0.06077197194099426	0.7438881397247314
4303	0.03366720303893089	0.06075027585029602	0.7439411282539368
4304	0.03402334451675415	0.06073189899325371	0.7440001964569092
4305	0.03351100906729698	0.06072118878364563	0.7440271377563477
4306	0.03387198597192764	0.06071334332227707	0.7440459132194519
4307	0.034211888909339905	0.060709964483976364	0.7440546751022339
4308	0.03375539556145668	0.06071074679493904	0.7440544366836548
4309	0.034183431416749954	0.06071379408240318	0.7440410256385803
4310	0.03417500481009483	0.0607263520359993	0.7440019249916077
4311	0.03361652046442032	0.060749899595975876	0.7439343929290771
4312	0.03318927437067032	0.060776107013225555	0.7438521981239319
4313	0.034117329865694046	0.06078514829277992	0.7438188791275024
4314	0.03441091626882553	0.06080397590994835	0.7437713742256165
4315	0.03406704217195511	0.06081336736679077	0.7437413334846497
4316	0.03478704392910004	0.06079285219311714	0.7437989711761475
4317	0.03352808952331543	0.060771308839321136	0.7438509464263916
4318	0.033689115196466446	0.06074725463986397	0.7438957095146179
4319	0.033360570669174194	0.06073959916830063	0.7438898086547852
4320	0.03403307497501373	0.06073291227221489	0.7438905835151672
4321	0.033476024866104126	0.060733094811439514	0.7438763976097107
4322	0.03385665640234947	0.06073008477687836	0.7438753247261047
4323	0.03401315584778786	0.060732170939445496	0.7438645958900452
4324	0.03368339315056801	0.06073760986328125	0.7438475489616394
4325	0.03440423682332039	0.06074562668800354	0.7438029646873474
4326	0.034294288605451584	0.06075397506356239	0.7437552809715271
4327	0.0337984673678875	0.06076300889253616	0.743720293045044
4328	0.034181591123342514	0.06076834723353386	0.743704617023468
4329	0.03363511338829994	0.06078105419874191	0.7436725497245789
4330	0.033311083912849426	0.060799214988946915	0.7436308264732361
4331	0.03348981589078903	0.06080042943358421	0.7436390519142151
4332	0.03410978615283966	0.06080702319741249	0.7436307072639465
4333	0.034825440496206284	0.060809534043073654	0.7436325550079346
4334	0.03454446420073509	0.06081992760300636	0.7436054348945618
4335	0.034085147082805634	0.060825467109680176	0.7435910105705261
4336	0.03451593965291977	0.06081531196832657	0.7436233162879944
4337	0.034055911004543304	0.06080107390880585	0.7436595559120178
4338	0.03354547545313835	0.060786403715610504	0.743708074092865
4339	0.03427765145897865	0.06076096370816231	0.7437838315963745
4340	0.03349984809756279	0.06073443964123726	0.7438607215881348
4341	0.034560367465019226	0.06071159988641739	0.7439316511154175
4342	0.034078363329172134	0.060694675892591476	0.743991494178772
4343	0.033579371869564056	0.06068051978945732	0.744045615196228
4344	0.034105733036994934	0.060678087174892426	0.7440578937530518
4345	0.03400677442550659	0.06069444492459297	0.7440141439437866
4346	0.03425932303071022	0.06072026863694191	0.7439425587654114
4347	0.03439068794250488	0.06074225530028343	0.7438803911209106
4348	0.033702801913022995	0.060768336057662964	0.743803858757019
4349	0.03376562148332596	0.0607774592936039	0.7437623143196106
4350	0.03378767520189285	0.0607740581035614	0.743765652179718
4351	0.03387374058365822	0.060767386108636856	0.7437988519668579
4352	0.03478209674358368	0.06076186150312424	0.7438345551490784
4353	0.033907078206539154	0.06074975058436394	0.7438795566558838
4354	0.033930741250514984	0.060735248029232025	0.7439318299293518
4355	0.03476160019636154	0.06070079654455185	0.7440345287322998
4356	0.033956706523895264	0.06066910922527313	0.7441268563270569
4357	0.0340689979493618	0.06063735485076904	0.7442150712013245
4358	0.03358641266822815	0.06061355024576187	0.7442876100540161
4359	0.03422772139310837	0.0606042817234993	0.744316041469574
4360	0.033379606902599335	0.0605994313955307	0.7443305850028992
4361	0.03369295224547386	0.06059453636407852	0.7443535327911377
4362	0.03443898633122444	0.06059606745839119	0.7443621754646301
4363	0.03428146615624428	0.06060231477022171	0.74436354637146
4364	0.03386012092232704	0.06060769408941269	0.7443596720695496
4365	0.03451167419552803	0.06063777953386307	0.7442907691001892
4366	0.033702824264764786	0.06067594885826111	0.744205892086029
4367	0.03400038927793503	0.060703862458467484	0.7441388964653015
4368	0.033197224140167236	0.06074167415499687	0.744040310382843
4369	0.03373195603489876	0.06077020615339279	0.7439593076705933
4370	0.03387194871902466	0.060789190232753754	0.7439072132110596
4371	0.03439437225461006	0.06077414005994797	0.7439436316490173
4372	0.03328171372413635	0.06075587123632431	0.7439753413200378
4373	0.03357449918985367	0.0607311837375164	0.7440367937088013
4374	0.03383788466453552	0.060699254274368286	0.7441205382347107
4375	0.0331873893737793	0.060656335204839706	0.7442251443862915
4376	0.03421250730752945	0.06061772629618645	0.744310736656189
4377	0.03443092480301857	0.06058191880583763	0.7443802356719971
4378	0.033697694540023804	0.06055273860692978	0.7444427609443665
4379	0.03396286815404892	0.06053999438881874	0.7444599270820618
4380	0.03394835442304611	0.06053872033953667	0.7444514036178589
4381	0.03344910219311714	0.060537416487932205	0.7444435358047485
4382	0.03397846966981888	0.06056880205869675	0.7443704605102539
4383	0.03369421511888504	0.06059778854250908	0.7443110346794128
4384	0.03342059627175331	0.06062743812799454	0.7442531585693359
4385	0.03367951884865761	0.060661621391773224	0.744184136390686
4386	0.0336216576397419	0.060698252171278	0.7440991401672363
4387	0.03469051048159599	0.060728639364242554	0.7440088987350464
4388	0.033505942672491074	0.06074970215559006	0.743935227394104
4389	0.033299196511507034	0.0607643760740757	0.7438787817955017
4390	0.03333309665322304	0.06076671928167343	0.7438529133796692
4391	0.03297179564833641	0.060757871717214584	0.7438696622848511
4392	0.03347330912947655	0.06074233725667	0.7439082860946655
4393	0.033617645502090454	0.0607275515794754	0.743953287601471
4394	0.03399622067809105	0.06071002408862114	0.7440121173858643
4395	0.03366908058524132	0.06069759652018547	0.7440504431724548
4396	0.033384066075086594	0.060695528984069824	0.7440550327301025
4397	0.033305272459983826	0.06069944426417351	0.7440488934516907
4398	0.0342707559466362	0.06069844961166382	0.744051456451416
4399	0.03388771414756775	0.06070353090763092	0.7440330386161804
4400	0.0334889218211174	0.060701820999383926	0.7440304756164551
4401	0.034087613224983215	0.060694869607686996	0.7440423965454102
4402	0.03345735743641853	0.060678862035274506	0.7440686821937561
4403	0.034015484154224396	0.06066201254725456	0.7440986037254333
4404	0.03358294814825058	0.06066100671887398	0.7440842390060425
4405	0.0335628017783165	0.06066957116127014	0.7440515756607056
4406	0.03383304551243782	0.060687534511089325	0.7439993023872375
4407	0.03360705450177193	0.060703542083501816	0.743954062461853
4408	0.03324107453227043	0.060726627707481384	0.743892252445221
4409	0.033319901674985886	0.06073881313204765	0.7438611388206482
4410	0.033596672117710114	0.060753703117370605	0.7438186407089233
4411	0.03411320969462395	0.06074976921081543	0.7438358068466187
4412	0.033613696694374084	0.06072039157152176	0.7439299821853638
4413	0.03352368623018265	0.060686901211738586	0.7440319061279297
4414	0.033117156475782394	0.0606490857899189	0.7441390156745911
4415	0.03374295309185982	0.060620635747909546	0.7442206740379333
4416	0.03372018411755562	0.060601308941841125	0.7442938089370728
4417	0.03415283188223839	0.06059124320745468	0.7443392872810364
4418	0.03352479264140129	0.060601431876420975	0.7443336844444275
4419	0.03367738425731659	0.06062578782439232	0.7442988753318787
4420	0.033778153359889984	0.06065046042203903	0.7442567944526672
4421	0.03386171534657478	0.060673873871564865	0.7442126274108887
4422	0.03325023129582405	0.060701120644807816	0.744161069393158
4423	0.03374802693724632	0.060717515647411346	0.7441315650939941
4424	0.03350427746772766	0.060735441744327545	0.7440886497497559
4425	0.03359534218907356	0.06073399633169174	0.7440973520278931
4426	0.033572323620319366	0.060719989240169525	0.7441301941871643
4427	0.03384565934538841	0.06072098761796951	0.7441098093986511
4428	0.034025274217128754	0.06071143597364426	0.744114339351654
4429	0.033516544848680496	0.06069101393222809	0.7441401481628418
4430	0.03376343473792076	0.06066260486841202	0.7441853284835815
4431	0.03392808884382248	0.06065283715724945	0.7441886067390442
4432	0.03349651023745537	0.060632430016994476	0.7442370057106018
4433	0.03328495845198631	0.06060215085744858	0.7443065047264099
4434	0.033697158098220825	0.060576971620321274	0.7443686127662659
4435	0.03395308181643486	0.06055944040417671	0.7444077134132385
4436	0.03353993967175484	0.060561977326869965	0.7444048523902893
4437	0.03413660451769829	0.060571130365133286	0.7443780303001404
4438	0.03370422497391701	0.060597214847803116	0.744314968585968
4439	0.033154141157865524	0.06063469871878624	0.7442086935043335
4440	0.03407502919435501	0.06066355109214783	0.7441157102584839
4441	0.03365180641412735	0.06069145351648331	0.7440402507781982
4442	0.03330390900373459	0.06071316450834274	0.7439736127853394
4443	0.033671408891677856	0.06073153018951416	0.7439211010932922
4444	0.033929429948329926	0.06074078008532524	0.743911862373352
4445	0.03368541598320007	0.0607454851269722	0.7439128160476685
4446	0.03439386188983917	0.06075572222471237	0.7438914775848389
4447	0.033715859055519104	0.06074686348438263	0.7439191341400146
4448	0.033719852566719055	0.06072165071964264	0.7439895868301392
4449	0.03362775966525078	0.06070762127637863	0.7440253496170044
4450	0.033400099724531174	0.060697123408317566	0.7440524101257324
4451	0.03321286290884018	0.060683686286211014	0.7440805435180664
4452	0.03430189564824104	0.060669317841529846	0.7441126108169556
4453	0.03356264531612396	0.060652460902929306	0.7441524267196655
4454	0.03379237651824951	0.06064687669277191	0.7441705465316772
4455	0.03343573212623596	0.060642682015895844	0.744187593460083
4456	0.034250590950250626	0.06064219027757645	0.7441973686218262
4457	0.03328871726989746	0.06064426153898239	0.7441989183425903
4458	0.033479101955890656	0.06065279245376587	0.7441670298576355
4459	0.03361065685749054	0.06066526472568512	0.7441362142562866
4460	0.0332329198718071	0.060668304562568665	0.7441248893737793
4461	0.034030552953481674	0.06066635996103287	0.7441391944885254
4462	0.03305697441101074	0.060657959431409836	0.7441796064376831
4463	0.03366488218307495	0.06065215542912483	0.7442306280136108
4464	0.03309788554906845	0.06065486744046211	0.7442599534988403
4465	0.03404242917895317	0.060666196048259735	0.7442612648010254
4466	0.03381874039769173	0.060682427138090134	0.7442454695701599
4467	0.03413871303200722	0.06069280952215195	0.744256317615509
4468	0.033770810812711716	0.060695357620716095	0.7442803382873535
4469	0.03383185341954231	0.06069091707468033	0.74431312084198
4470	0.03374585509300232	0.0606909841299057	0.7443178296089172
4471	0.03385021537542343	0.06068016588687897	0.7443407773971558
4472	0.0331110842525959	0.06067001819610596	0.7443655133247375
4473	0.03409392759203911	0.060667600482702255	0.7443707585334778
4474	0.03363913297653198	0.060674626380205154	0.7443382740020752
4475	0.03338020667433739	0.060678593814373016	0.7443211674690247
4476	0.03387625515460968	0.0606759712100029	0.7443176507949829
4477	0.03415234759449959	0.06068447232246399	0.7442670464515686
4478	0.03382941707968712	0.060681458562612534	0.744239866733551
4479	0.03341104835271835	0.060689348727464676	0.7441848516464233
4480	0.03367023915052414	0.06069879233837128	0.7441295981407166
4481	0.03363988921046257	0.06070296838879585	0.7440889477729797
4482	0.03371230140328407	0.060713376849889755	0.7440313696861267
4483	0.033861465752124786	0.06071889027953148	0.7439868450164795
4484	0.033974774181842804	0.06073594093322754	0.7439200282096863
4485	0.03380877152085304	0.06075163930654526	0.7438680529594421
4486	0.033096082508563995	0.060771238058805466	0.7438066005706787
4487	0.03360487520694733	0.06078685075044632	0.7437645792961121
4488	0.033936500549316406	0.06078178435564041	0.7437927722930908
4489	0.03320370987057686	0.06076645851135254	0.7438399791717529
4490	0.03312987834215164	0.06074756383895874	0.7439128160476685
4491	0.03381199389696121	0.060721661895513535	0.7440031170845032
4492	0.033263497054576874	0.06068325787782669	0.7441182732582092
4493	0.03417303413152695	0.06065414473414421	0.7442193031311035
4494	0.032497599720954895	0.06063372269272804	0.7442961931228638
4495	0.034003846347332	0.06061369180679321	0.7443652749061584
4496	0.03430506959557533	0.060592059046030045	0.7444252967834473
4497	0.033503495156764984	0.06056692823767662	0.7445023059844971
4498	0.033954065293073654	0.06055062264204025	0.7445594072341919
4499	0.033413808792829514	0.06054840236902237	0.7445811629295349
4500	0.033816419541835785	0.060549017041921616	0.7445893287658691
4501	0.03295956924557686	0.06055566668510437	0.7445806264877319
4502	0.034307077527046204	0.060564421117305756	0.7445611953735352
4503	0.03394954279065132	0.06057925149798393	0.7445255517959595
4504	0.03351230174303055	0.06059680134057999	0.7444820404052734
4505	0.033763665705919266	0.06061287969350815	0.7444402575492859
4506	0.033377502113580704	0.06063349172472954	0.7443835735321045
4507	0.0338209792971611	0.06065339967608452	0.7443256974220276
4508	0.03409155458211899	0.06067695468664169	0.7442590594291687
4509	0.03333628550171852	0.06070559471845627	0.7441813349723816
4510	0.03320285305380821	0.06073200702667236	0.7441077828407288
4511	0.03343459218740463	0.06075054407119751	0.7440569996833801
4512	0.033506326377391815	0.06076120212674141	0.7440212368965149
4513	0.03386922553181648	0.060764607042074203	0.7440019249916077
4514	0.033216144889593124	0.06076507642865181	0.7439884543418884
4515	0.03366827592253685	0.06076804921030998	0.7439757585525513
4516	0.03435260057449341	0.06076539680361748	0.7439807653427124
4517	0.0340610146522522	0.060763999819755554	0.7439848780632019
4518	0.03368465229868889	0.06076681241393089	0.743975043296814
4519	0.03418772667646408	0.06076614186167717	0.743980348110199
4520	0.034168343991041183	0.06077226996421814	0.7439649105072021
4521	0.03308109939098358	0.06077979505062103	0.7439433336257935
4522	0.0330166295170784	0.06078226864337921	0.7439355850219727
4523	0.03390316665172577	0.060777779668569565	0.7439452409744263
4524	0.03407509997487068	0.060771308839321136	0.743960440158844
4525	0.0334174707531929	0.060759805142879486	0.7439916729927063
4526	0.03379158675670624	0.060745906084775925	0.7440246343612671
4527	0.03252590820193291	0.06073623523116112	0.7440438270568848
4528	0.033196039497852325	0.0607273131608963	0.7440624237060547
4529	0.03369917348027229	0.06072298809885979	0.7440758943557739
4530	0.03362913802266121	0.06071997433900833	0.7440824508666992
4531	0.034173931926488876	0.06071759760379791	0.7440841197967529
4532	0.03393150493502617	0.060715459287166595	0.7440864443778992
4533	0.03394998610019684	0.06072350963950157	0.7440674304962158
4534	0.03386601805686951	0.060733694583177567	0.7440422773361206
4535	0.03367263078689575	0.06073863431811333	0.7440225481987
4536	0.03371001034975052	0.060741692781448364	0.7440106868743896
4537	0.03379508852958679	0.060754235833883286	0.7439756393432617
4538	0.03290379419922829	0.06076103448867798	0.7439463138580322
4539	0.03346603363752365	0.060769230127334595	0.7439129948616028
4540	0.03417731076478958	0.060768235474824905	0.743903398513794
4541	0.03322235494852066	0.0607597641646862	0.7439234256744385
4542	0.03321404755115509	0.060749851167201996	0.7439441084861755
4543	0.034062352031469345	0.06073838099837303	0.7439770698547363
4544	0.03298547863960266	0.06072884052991867	0.74400395154953
4545	0.033589474856853485	0.06071481108665466	0.7440384030342102
4546	0.03297729045152664	0.06070248410105705	0.7440714836120605
4547	0.0334090031683445	0.0606931634247303	0.7440994381904602
4548	0.03377901390194893	0.06068434938788414	0.7441284656524658
4549	0.03369985893368721	0.06067447364330292	0.7441635727882385
4550	0.033644869923591614	0.06066479533910751	0.7441986799240112
4551	0.03378498926758766	0.06065277010202408	0.7442384958267212
4552	0.03414953127503395	0.0606454573571682	0.744265079498291
4553	0.03332699090242386	0.060640376061201096	0.7442830801010132
4554	0.03379691019654274	0.06063085049390793	0.7443163990974426
4555	0.033308643847703934	0.06062527000904083	0.7443296313285828
4556	0.033054519444704056	0.06062385067343712	0.7443308234214783
4557	0.03373316302895546	0.06062587723135948	0.7443192005157471
4558	0.0331050306558609	0.060632649809122086	0.7443011999130249
4559	0.03291060030460358	0.06064235046505928	0.7442793846130371
4560	0.033491700887680054	0.060655850917100906	0.744245171546936
4561	0.03340659663081169	0.06067458540201187	0.7441989183425903
4562	0.03386808559298515	0.06069687753915787	0.7441408634185791
4563	0.03389360383152962	0.06071816757321358	0.7440852522850037
4564	0.033708762377500534	0.06074339151382446	0.7440155148506165
4565	0.03352377191185951	0.06076066941022873	0.7439665794372559
4566	0.032816193997859955	0.06077457219362259	0.7439224720001221
4567	0.03291315212845802	0.06078460440039635	0.7438885569572449
4568	0.033766571432352066	0.06078565865755081	0.7438760995864868
4569	0.03441048413515091	0.06078638136386871	0.7438636422157288
4570	0.03283132240176201	0.06078819930553436	0.7438567280769348
4571	0.03331173211336136	0.06078598275780678	0.7438586354255676
4572	0.03426915779709816	0.060781653970479965	0.7438597083091736
4573	0.03327571600675583	0.0607762448489666	0.743866503238678
4574	0.03299935162067413	0.060771457850933075	0.7438699007034302
4575	0.03340194746851921	0.06076914072036743	0.743867814540863
4576	0.033373743295669556	0.060774095356464386	0.7438524961471558
4577	0.033668920397758484	0.06077652424573898	0.7438405752182007
4578	0.033350620418787	0.060779958963394165	0.743826687335968
4579	0.03323308750987053	0.060778964310884476	0.7438218593597412
4580	0.03388534486293793	0.06077415496110916	0.7438263893127441
4581	0.033363617956638336	0.060771405696868896	0.7438268065452576
4582	0.032878659665584564	0.060768306255340576	0.7438216805458069
4583	0.033529818058013916	0.060770053416490555	0.743804931640625
4584	0.033674731850624084	0.06076817959547043	0.7437990307807922
4585	0.033265531063079834	0.06075943633913994	0.7438160181045532
4586	0.03281084820628166	0.06075296550989151	0.7438216805458069
4587	0.03344530984759331	0.06075216084718704	0.7438167333602905
4588	0.0334199033677578	0.06076280027627945	0.7437842488288879
4589	0.033681731671094894	0.06077885627746582	0.7437452673912048
4590	0.034067582339048386	0.060793425887823105	0.7437130808830261
4591	0.03347230330109596	0.06080859899520874	0.7436798214912415
4592	0.033515989780426025	0.060815926641225815	0.7436686754226685
4593	0.033467553555965424	0.060821086168289185	0.7436591386795044
4594	0.03398795425891876	0.06082097068428993	0.743664562702179
4595	0.03306853398680687	0.06082065403461456	0.7436710596084595
4596	0.033426251262426376	0.06081186980009079	0.7436989545822144
4597	0.033776141703128815	0.06080944091081619	0.743709146976471
4598	0.033058080822229385	0.060803670436143875	0.7437282204627991
4599	0.034227631986141205	0.06079040467739105	0.74376380443573
4600	0.03359436243772507	0.060775693506002426	0.7438053488731384
4601	0.0337115041911602	0.06076277792453766	0.7438400983810425
4602	0.033130839467048645	0.06074957922101021	0.743873119354248
4603	0.033351026475429535	0.06073881313204765	0.7438990473747253
4604	0.033268872648477554	0.06073089316487312	0.7439191341400146
4605	0.03313398361206055	0.06072140112519264	0.7439449429512024
4606	0.033481478691101074	0.06071252375841141	0.7439721822738647
4607	0.033458106219768524	0.060712430626153946	0.7439723014831543
4608	0.033198628574609756	0.06070854514837265	0.7439857721328735
4609	0.033632826060056686	0.06070488318800926	0.7439993619918823
4610	0.033355820924043655	0.06070676073431969	0.7440024018287659
4611	0.03306080028414726	0.060706768184900284	0.7440115213394165
4612	0.03286949172616005	0.06071077287197113	0.7440083622932434
4613	0.03378421813249588	0.06071349233388901	0.7440088987350464
4614	0.03331431373953819	0.06071273982524872	0.7440177798271179
4615	0.03355573117733002	0.06071332469582558	0.7440251708030701
4616	0.03399514779448509	0.06071024015545845	0.7440454363822937
4617	0.03275657817721367	0.06070811301469803	0.7440613508224487
4618	0.03382698446512222	0.06070563942193985	0.7440747618675232
4619	0.03310435265302658	0.060698252171278	0.7440980076789856
4620	0.033035967499017715	0.06068962812423706	0.7441273331642151
4621	0.033823948353528976	0.06068296357989311	0.7441480755805969
4622	0.03388874977827072	0.060681503266096115	0.7441596388816833
4623	0.0332595631480217	0.06068006902933121	0.7441728115081787
4624	0.03371446207165718	0.06067795678973198	0.7441954612731934
4625	0.033220283687114716	0.060681674629449844	0.7442100048065186
4626	0.03339851275086403	0.06068594753742218	0.7442172169685364
4627	0.03349003195762634	0.06069156900048256	0.7442140579223633
4628	0.033550553023815155	0.06070040538907051	0.7441990971565247
4629	0.033607568591833115	0.06070265546441078	0.7442017793655396
4630	0.03372804448008537	0.06070341169834137	0.7442099452018738
4631	0.03336725011467934	0.060703959316015244	0.7442172169685364
4632	0.033115312457084656	0.06070369854569435	0.7442262768745422
4633	0.033194780349731445	0.060703959316015244	0.7442318797111511
4634	0.033182933926582336	0.060696765780448914	0.7442499399185181
4635	0.03344498574733734	0.06068693846464157	0.7442746162414551
4636	0.03273681551218033	0.06067730486392975	0.7443017959594727
4637	0.032707735896110535	0.06067057326436043	0.7443159222602844
4638	0.03408394008874893	0.06066984310746193	0.7443104982376099
4639	0.03449269011616707	0.06066705286502838	0.7443114519119263
4640	0.033257924020290375	0.060669396072626114	0.744300127029419
4641	0.03239847719669342	0.06067553162574768	0.7442843914031982
4642	0.03299657627940178	0.060683056712150574	0.7442575693130493
4643	0.03382766619324684	0.0606919601559639	0.7442263960838318
4644	0.03332464024424553	0.06069763004779816	0.7442067861557007
4645	0.03327009081840515	0.060702282935380936	0.7441898584365845
4646	0.03335730731487274	0.06070823594927788	0.744172990322113
4647	0.03302236273884773	0.06072692945599556	0.7441269159317017
4648	0.034249622374773026	0.060738950967788696	0.7440993189811707
4649	0.033628903329372406	0.06075378507375717	0.7440668940544128
4650	0.0333406999707222	0.06076371297240257	0.7440491318702698
4651	0.033442143350839615	0.060774218291044235	0.7440280318260193
4652	0.03393040597438812	0.06078217551112175	0.7440120577812195
4653	0.03361055627465248	0.060784973204135895	0.7439988255500793
4654	0.0337592251598835	0.060779910534620285	0.7440058588981628
4655	0.033878255635499954	0.060777969658374786	0.7440010905265808
4656	0.03390973061323166	0.06077639386057854	0.7439985871315002
4657	0.03278854861855507	0.060773395001888275	0.7440036535263062
4658	0.03313586860895157	0.06076822429895401	0.7440110445022583
4659	0.033064696937799454	0.060761645436286926	0.7440252900123596
4660	0.0332968533039093	0.060753703117370605	0.7440494894981384
4661	0.03320848196744919	0.060747988522052765	0.744066596031189
4662	0.033462245017290115	0.06073815003037453	0.7440918684005737
4663	0.033206213265657425	0.06072511523962021	0.7441315650939941
4664	0.03352006524801254	0.06071048602461815	0.7441754937171936
4665	0.0336785688996315	0.06070219352841377	0.7442060112953186
4666	0.033595215529203415	0.06068806350231171	0.7442530393600464
4667	0.033780135214328766	0.060678549110889435	0.7442935109138489
4668	0.03385476395487785	0.06066161394119263	0.7443430423736572
4669	0.03381013870239258	0.060647521167993546	0.7443825006484985
4670	0.03326420858502388	0.06063121557235718	0.7444239854812622
4671	0.033668290823698044	0.060613151639699936	0.74447101354599
4672	0.03348628804087639	0.06060164049267769	0.744496762752533
4673	0.03371360898017883	0.060596391558647156	0.7445045113563538
4674	0.03309624642133713	0.06059621274471283	0.744492769241333
4675	0.03341314196586609	0.060599133372306824	0.7444690465927124
4676	0.033287741243839264	0.0606054924428463	0.7444425225257874
4677	0.03326907008886337	0.060617513954639435	0.7444033622741699
4678	0.03369755297899246	0.060626570135354996	0.7443687915802002
4679	0.033032551407814026	0.06063668057322502	0.7443307638168335
4680	0.03413790464401245	0.060644231736660004	0.7443009614944458
4681	0.032786812633275986	0.060646940022706985	0.7442758083343506
4682	0.03381262347102165	0.060649797320365906	0.7442510724067688
4683	0.03345779702067375	0.06065431609749794	0.7442247867584229
4684	0.03366516903042793	0.06065549701452255	0.7442112565040588
4685	0.03279469534754753	0.060657747089862823	0.7441975474357605
4686	0.03324982896447182	0.06065810099244118	0.7441902160644531
4687	0.032957278192043304	0.06065676361322403	0.7441897392272949
4688	0.03376949578523636	0.06065547838807106	0.7441809773445129
4689	0.034139484167099	0.060654014348983765	0.7441726326942444
4690	0.032860804349184036	0.060651425272226334	0.7441734075546265
4691	0.0341775044798851	0.06064953655004501	0.7441785931587219
4692	0.03328756242990494	0.060652248561382294	0.7441778779029846
4693	0.03342296555638313	0.06065768748521805	0.7441783547401428
4694	0.03371753171086311	0.06066465005278587	0.7441765666007996
4695	0.033682484179735184	0.06066776439547539	0.7441839575767517
4696	0.03328010067343712	0.06066644564270973	0.7441973686218262
4697	0.03370720148086548	0.06066356971859932	0.744213342666626
4698	0.03320327401161194	0.0606711246073246	0.7442054152488708
4699	0.03329113498330116	0.06068042665719986	0.7441926002502441
4700	0.033123794943094254	0.060687750577926636	0.7441816926002502
4701	0.03364182263612747	0.06069454923272133	0.7441705465316772
4702	0.0327448844909668	0.060701873153448105	0.7441495060920715
4703	0.03333735466003418	0.0607076920568943	0.7441248893737793
4704	0.03319117799401283	0.060714609920978546	0.7441027164459229
4705	0.03412275388836861	0.06072409078478813	0.7440705299377441
4706	0.033402588218450546	0.06073164939880371	0.7440410256385803
4707	0.03324071317911148	0.06073826178908348	0.7440124750137329
4708	0.03335219621658325	0.06074542552232742	0.7439847588539124
4709	0.032822128385305405	0.06075282394886017	0.7439561486244202
4710	0.033561352640390396	0.06076205521821976	0.7439258694648743
4711	0.033255890011787415	0.06076482683420181	0.7439081072807312
4712	0.034038230776786804	0.06077038496732712	0.7438814640045166
4713	0.03395061939954758	0.06077006086707115	0.7438706159591675
4714	0.033623382449150085	0.06076393276453018	0.7438722848892212
4715	0.03341362625360489	0.06075892597436905	0.7438713908195496
4716	0.03265063092112541	0.06075982749462128	0.7438523769378662
4717	0.03314657881855965	0.060763608664274216	0.7438305020332336
4718	0.03340801224112511	0.060761623084545135	0.7438190579414368
4719	0.0331377312541008	0.06075524911284447	0.7438191771507263
4720	0.032975055277347565	0.06075108423829079	0.7438176870346069
4721	0.033920515328645706	0.06074823439121246	0.7438150644302368
4722	0.03301475569605827	0.060745324939489365	0.743816077709198
4723	0.03349199891090393	0.060741450637578964	0.7438198924064636
4724	0.033725425601005554	0.06073523312807083	0.7438271045684814
4725	0.03349956497550011	0.060728058218955994	0.743839681148529
4726	0.0334775373339653	0.06072455272078514	0.7438515424728394
4727	0.03322971612215042	0.060721371322870255	0.7438680529594421
4728	0.03306640312075615	0.06071888282895088	0.7438910603523254
4729	0.03354545682668686	0.06071138754487038	0.7439290285110474
4730	0.03382124379277229	0.06070511415600777	0.7439748644828796
4731	0.032993853092193604	0.06069761514663696	0.7440282106399536
4732	0.03369671106338501	0.06069043278694153	0.7440840601921082
4733	0.033074747771024704	0.06068325787782669	0.7441366910934448
4734	0.033789053559303284	0.06068466976284981	0.7441669702529907
4735	0.033148180693387985	0.060690995305776596	0.7441825866699219
4736	0.033310163766145706	0.060694217681884766	0.7441986799240112
4737	0.03290122002363205	0.06070222705602646	0.7442060112953186
4738	0.03355363756418228	0.060706160962581635	0.7442166209220886
4739	0.03275589272379875	0.06071033328771591	0.7442195415496826
4740	0.033398449420928955	0.060710154473781586	0.7442318797111511
4741	0.032634321600198746	0.06071103736758232	0.744236409664154
4742	0.0329492948949337	0.0607074499130249	0.7442454695701599
4743	0.034282006323337555	0.06069963797926903	0.7442647814750671
4744	0.03299205005168915	0.06069458648562431	0.7442761063575745
4745	0.03376329690217972	0.060688167810440063	0.744288980960846
4746	0.033361975103616714	0.06068447232246399	0.7442945837974548
4747	0.0338355116546154	0.06068458408117294	0.7442915439605713
4748	0.03338916227221489	0.060693081468343735	0.7442663908004761
4749	0.03341718018054962	0.060701269656419754	0.744239091873169
4750	0.03315490111708641	0.06070984899997711	0.744209349155426
4751	0.033775217831134796	0.06071058288216591	0.7441987991333008
4752	0.03336185961961746	0.06070388853549957	0.7442117929458618
4753	0.0332162007689476	0.0606963150203228	0.7442277073860168
4754	0.033879268914461136	0.06069229915738106	0.7442290186882019
4755	0.0335664264857769	0.060683246701955795	0.7442426085472107
4756	0.03374741971492767	0.060677286237478256	0.744244396686554
4757	0.033329613506793976	0.06067025288939476	0.7442527413368225
4758	0.0330590158700943	0.0606658048927784	0.7442502975463867
4759	0.033126071095466614	0.060661714524030685	0.7442504167556763
4760	0.03343256562948227	0.06065957248210907	0.7442460656166077
4761	0.033030763268470764	0.060656603425741196	0.7442400455474854
4762	0.03292534500360489	0.060651443898677826	0.7442415356636047
4763	0.033543989062309265	0.060647036880254745	0.7442378997802734
4764	0.033379219472408295	0.06064634025096893	0.7442240118980408
4765	0.032376810908317566	0.060650479048490524	0.7441962957382202
4766	0.0337463840842247	0.060650963336229324	0.7441744804382324
4767	0.033173419535160065	0.060649190098047256	0.7441584467887878
4768	0.03379035368561745	0.06065422669053078	0.7441309690475464
4769	0.033612437546253204	0.060655828565359116	0.744111180305481
4770	0.03323252499103546	0.06066589429974556	0.7440789937973022
4771	0.03294918313622475	0.060681771486997604	0.7440366744995117
4772	0.033983632922172546	0.060693033039569855	0.744009792804718
4773	0.032918818295001984	0.060699544847011566	0.7439946532249451
4774	0.03313639387488365	0.060704801231622696	0.7439832091331482
4775	0.033469971269369125	0.06070122867822647	0.7439954280853271
4776	0.03294558450579643	0.06069842353463173	0.7440084218978882
4777	0.032643768936395645	0.06069586053490639	0.7440235018730164
4778	0.03356947377324104	0.06068792566657066	0.7440600395202637
4779	0.03336351737380028	0.06067847087979317	0.7441025376319885
4780	0.03302406519651413	0.060677334666252136	0.7441115975379944
4781	0.03338305652141571	0.06068328022956848	0.7441011071205139
4782	0.033410973846912384	0.06068410351872444	0.7441004514694214
4783	0.032419562339782715	0.06068120896816254	0.7441095113754272
4784	0.03361845016479492	0.06067746505141258	0.7441215515136719
4785	0.03319662809371948	0.06067158654332161	0.744145929813385
4786	0.0330701619386673	0.06067361310124397	0.7441490888595581
4787	0.03340373560786247	0.06067308038473129	0.7441587448120117
4788	0.033460043370723724	0.06067029386758804	0.7441793084144592
4789	0.03331318497657776	0.060671478509902954	0.7441874742507935
4790	0.033162735402584076	0.060672659426927567	0.7441980242729187
4791	0.03307159245014191	0.06066776067018509	0.7442191243171692
4792	0.03344130888581276	0.0606590136885643	0.7442408800125122
4793	0.03252759575843811	0.06065516546368599	0.7442502975463867
4794	0.03326283395290375	0.060658056288957596	0.7442367076873779
4795	0.03329108655452728	0.060664352029561996	0.7442101240158081
4796	0.03362372890114784	0.06067181006073952	0.7441744804382324
4797	0.03313524276018143	0.06068152189254761	0.7441314458847046
4798	0.03313238173723221	0.06068803742527962	0.744104266166687
4799	0.032915644347667694	0.06069663539528847	0.7440711855888367
4800	0.03355091065168381	0.060700468719005585	0.7440593242645264
4801	0.03375290334224701	0.06070563942193985	0.7440402507781982
4802	0.03299083188176155	0.060715530067682266	0.7440147399902344
4803	0.032883960753679276	0.06072409078478813	0.744000256061554
4804	0.033333659172058105	0.060726407915353775	0.7439972162246704
4805	0.03321212902665138	0.0607248954474926	0.7440025210380554
4806	0.03338409587740898	0.06072619929909706	0.7440032958984375
4807	0.033258259296417236	0.060731999576091766	0.7439886331558228
4808	0.03331325948238373	0.06073640286922455	0.7439827919006348
4809	0.033732056617736816	0.060743533074855804	0.7439673542976379
4810	0.03256070986390114	0.06075090914964676	0.7439541220664978
4811	0.03329962119460106	0.0607483796775341	0.7439658045768738
4812	0.03342727944254875	0.06074973940849304	0.7439682483673096
4813	0.032902784645557404	0.06075575202703476	0.7439602017402649
4814	0.03391171246767044	0.06076400354504585	0.7439408898353577
4815	0.03381258249282837	0.06076788529753685	0.743931233882904
4816	0.0328829251229763	0.06076797842979431	0.7439316511154175
4817	0.03333829715847969	0.06076756492257118	0.7439408898353577
4818	0.033494118601083755	0.06077347323298454	0.743930459022522
4819	0.03333931788802147	0.06078028678894043	0.7439179420471191
4820	0.03350904583930969	0.060783062130212784	0.7439152598381042
4821	0.03268887847661972	0.06078138202428818	0.7439236640930176
4822	0.03316487371921539	0.060773998498916626	0.7439447641372681
4823	0.03277690336108208	0.0607692189514637	0.7439563274383545
4824	0.033181339502334595	0.060767605900764465	0.7439600229263306
4825	0.033827148377895355	0.06076647341251373	0.7439606189727783
4826	0.03362206742167473	0.06076784431934357	0.7439512610435486
4827	0.03362393379211426	0.06077241152524948	0.7439361810684204
4828	0.03280648589134216	0.0607774518430233	0.743927538394928
4829	0.0332801453769207	0.060791321098804474	0.7438963055610657
4830	0.03371177241206169	0.060793787240982056	0.7438908815383911
4831	0.033505626022815704	0.06079350411891937	0.7438923716545105
4832	0.03291076794266701	0.06078943982720375	0.7439026832580566
4833	0.033382780849933624	0.060787033289670944	0.7439083456993103
4834	0.032920222729444504	0.06077558174729347	0.7439332604408264
4835	0.03339707478880882	0.0607619471848011	0.7439602017402649
4836	0.033089861273765564	0.06074612960219383	0.7439889311790466
4837	0.032578274607658386	0.06072952225804329	0.7440120577812195
4838	0.033535104244947433	0.06071707606315613	0.7440283894538879
4839	0.033158183097839355	0.060707222670316696	0.7440369725227356
4840	0.03334534913301468	0.06070753559470177	0.7440218925476074
4841	0.03331024944782257	0.06070477515459061	0.7440152764320374
4842	0.03332832083106041	0.06070395186543465	0.7440046668052673
4843	0.03379746526479721	0.06070546805858612	0.743989884853363
4844	0.03329814225435257	0.060714077204465866	0.7439647316932678
4845	0.03319818526506424	0.0607207715511322	0.7439422607421875
4846	0.03303475305438042	0.0607239305973053	0.743928849697113
4847	0.033430617302656174	0.06072712317109108	0.7439129948616028
4848	0.03348745405673981	0.0607253834605217	0.7439051866531372
4849	0.03321167454123497	0.06073414906859398	0.7438711524009705
4850	0.033650677651166916	0.06074449419975281	0.7438321709632874
4851	0.03337175026535988	0.06075509265065193	0.7437999844551086
4852	0.03385528177022934	0.06076505780220032	0.7437689900398254
4853	0.03298298642039299	0.060770124197006226	0.7437539100646973
4854	0.032984472811222076	0.06077377870678902	0.743739664554596
4855	0.033735793083906174	0.060779646039009094	0.7437244653701782
4856	0.03434479981660843	0.060787998139858246	0.7437016367912292
4857	0.032771036028862	0.06079843267798424	0.7436752915382385
4858	0.033701639622449875	0.060805220156908035	0.7436577677726746
4859	0.03266415745019913	0.06081293523311615	0.7436460852622986
4860	0.03338513523340225	0.0608174093067646	0.7436396479606628
4861	0.034201730042696	0.060813505202531815	0.7436608672142029
4862	0.03319397196173668	0.060811497271060944	0.7436761856079102
4863	0.03334321826696396	0.06080445274710655	0.7437084317207336
4864	0.03222189471125603	0.06079808995127678	0.7437383532524109
4865	0.03348498418927193	0.06078842654824257	0.7437746524810791
4866	0.03295515850186348	0.06078134477138519	0.7438023686408997
4867	0.03393763676285744	0.06077730655670166	0.7438201308250427
4868	0.03342109173536301	0.06077444925904274	0.7438306212425232
4869	0.03366290405392647	0.06077027693390846	0.7438422441482544
4870	0.03273843228816986	0.060760609805583954	0.7438665628433228
4871	0.03383227065205574	0.06074770539999008	0.7439029812812805
4872	0.034306850284338	0.06073401868343353	0.7439467906951904
4873	0.03316355496644974	0.060727596282958984	0.7439703345298767
4874	0.03354854881763458	0.060713060200214386	0.7440164089202881
4875	0.03360573947429657	0.06069568172097206	0.7440723180770874
4876	0.03331949934363365	0.0606832280755043	0.7441179752349854
4877	0.03313145041465759	0.0606774166226387	0.744141161441803
4878	0.032772187143564224	0.060675181448459625	0.7441547513008118
4879	0.0333435945212841	0.06067894399166107	0.7441520690917969
4880	0.033807173371315	0.06068356707692146	0.7441417574882507
4881	0.033296506851911545	0.06068981811404228	0.7441304922103882
4882	0.03369251638650894	0.06069769710302353	0.744106650352478
4883	0.032793041318655014	0.060698993504047394	0.7440925240516663
4884	0.03309627249836922	0.06069498136639595	0.744088351726532
4885	0.03290128335356712	0.060698673129081726	0.7440647482872009
4886	0.032491009682416916	0.06069816276431084	0.7440534234046936
4887	0.033129144459962845	0.06069573387503624	0.744051992893219
4888	0.03295528516173363	0.06070121005177498	0.7440358400344849
4889	0.03350992500782013	0.06070606783032417	0.7440176606178284
4890	0.03300129622220993	0.060709159821271896	0.7440072894096375
4891	0.03258928284049034	0.06070784479379654	0.7440095543861389
4892	0.03339037671685219	0.06070106849074364	0.7440203428268433
4893	0.03212795406579971	0.060688212513923645	0.7440511584281921
4894	0.03317539021372795	0.06067335233092308	0.7440921068191528
4895	0.03346564993262291	0.06065661087632179	0.744140088558197
4896	0.032653823494911194	0.060645923018455505	0.7441731095314026
4897	0.03355560079216957	0.060638219118118286	0.7441983819007874
4898	0.03323278948664665	0.060627531260252	0.7442305088043213
4899	0.03243827074766159	0.06062222272157669	0.7442485690116882
4900	0.03312297537922859	0.06062006577849388	0.7442534565925598
4901	0.03315224498510361	0.06062189117074013	0.7442474365234375
4902	0.033959150314331055	0.06062247231602669	0.7442449927330017
4903	0.03292148932814598	0.060632456094026566	0.7442183494567871
4904	0.033254288136959076	0.06064216047525406	0.7441878914833069
4905	0.033264365047216415	0.06064862757921219	0.7441664934158325
4906	0.033700134605169296	0.060661982744932175	0.7441231608390808
4907	0.03257085755467415	0.060681067407131195	0.7440654635429382
4908	0.03284220024943352	0.06069878116250038	0.7440161108970642
4909	0.03294927999377251	0.06071719527244568	0.7439635396003723
4910	0.03314686939120293	0.060733404010534286	0.7439137697219849
4911	0.034002404659986496	0.06075628474354744	0.7438501119613647
4912	0.03344527631998062	0.06077958643436432	0.7437829971313477
4913	0.0327712744474411	0.06080364063382149	0.7437105178833008
4914	0.03342699632048607	0.060822028666734695	0.7436485290527344
4915	0.03341289609670639	0.06083640828728676	0.7436059713363647
4916	0.03300466760993004	0.06084239110350609	0.7435851097106934
4917	0.03288492560386658	0.06084012985229492	0.7435939908027649
4918	0.0332024022936821	0.06083034351468086	0.7436211109161377
4919	0.033117618411779404	0.06081945821642876	0.7436552047729492
4920	0.03333266079425812	0.060812029987573624	0.7436776161193848
4921	0.03287870064377785	0.060800012201070786	0.7437083125114441
4922	0.033208876848220825	0.060786280781030655	0.7437447905540466
4923	0.033380452543497086	0.06076548993587494	0.7438055872917175
4924	0.03318258374929428	0.060744140297174454	0.7438665628433228
4925	0.03297596797347069	0.06072637066245079	0.7439176440238953
4926	0.03306705877184868	0.060710061341524124	0.7439631819725037
4927	0.03284392133355141	0.06069539114832878	0.7440051436424255
4928	0.03326043486595154	0.06068463250994682	0.7440382838249207
4929	0.03351369500160217	0.060673199594020844	0.7440705299377441
4930	0.032774098217487335	0.06066252291202545	0.7440943717956543
4931	0.032985225319862366	0.060654666274785995	0.7441127896308899
4932	0.033121149986982346	0.06064683198928833	0.7441326975822449
4933	0.03261399641633034	0.06064968928694725	0.744124174118042
4934	0.03309893608093262	0.06066511198878288	0.7440794110298157
4935	0.033195335417985916	0.060682784765958786	0.7440305352210999
4936	0.03275550156831741	0.06070290878415108	0.7439714670181274
4937	0.03299860656261444	0.060728464275598526	0.743898868560791
4938	0.03267956152558327	0.06075003370642662	0.7438311576843262
4939	0.03283281624317169	0.0607636421918869	0.7437834739685059
4940	0.03315448388457298	0.060777317732572556	0.7437342405319214
4941	0.033073101192712784	0.060787905007600784	0.7436926960945129
4942	0.033853404223918915	0.06079357489943504	0.7436603307723999
4943	0.032504014670848846	0.06080663204193115	0.7436056733131409
4944	0.03366219997406006	0.06081993877887726	0.7435449957847595
4945	0.033008866012096405	0.06083064526319504	0.7434954643249512
4946	0.032971981912851334	0.06083521246910095	0.7434647083282471
4947	0.03316838666796684	0.060833267867565155	0.7434532046318054
4948	0.03313508257269859	0.06082579120993614	0.7434594035148621
4949	0.03270887956023216	0.06081091985106468	0.7434887886047363
4950	0.032927773892879486	0.06080099195241928	0.743510901927948
4951	0.033261097967624664	0.060790956020355225	0.7435359358787537
4952	0.03378500044345856	0.06077808886766434	0.743568480014801
4953	0.03392670676112175	0.06076895073056221	0.7435964345932007
4954	0.032635901123285294	0.06076190248131752	0.7436164021492004
4955	0.033305637538433075	0.060755111277103424	0.7436366677284241
4956	0.03291267529129982	0.060748085379600525	0.7436637878417969
4957	0.03313261643052101	0.0607449933886528	0.7436818480491638
4958	0.033019863069057465	0.06074022874236107	0.7437030673027039
4959	0.032910291105508804	0.06074021756649017	0.7437071204185486
4960	0.032886553555727005	0.06073372811079025	0.7437272667884827
4961	0.03380521386861801	0.060726337134838104	0.7437582612037659
4962	0.033282022923231125	0.060714900493621826	0.743803858757019
4963	0.033010222017765045	0.06070379167795181	0.7438445687294006
4964	0.03370203822851181	0.060692667961120605	0.7438827157020569
4965	0.03300436958670616	0.06068393215537071	0.7439175248146057
4966	0.0330580398440361	0.060671161860227585	0.7439629435539246
4967	0.03229918330907822	0.060664933174848557	0.7439932227134705
4968	0.03272377699613571	0.060667380690574646	0.7440067529678345
4969	0.03261770308017731	0.060670480132102966	0.7440153956413269
4970	0.03321467712521553	0.060676924884319305	0.7440182566642761
4971	0.03230230137705803	0.06068498641252518	0.7440162897109985
4972	0.03277929872274399	0.060697510838508606	0.7440061569213867
4973	0.03312157094478607	0.06070774421095848	0.7439973950386047
4974	0.03299715742468834	0.060717880725860596	0.7439833283424377
4975	0.03275110572576523	0.060724422335624695	0.7439756393432617
4976	0.03337044641375542	0.06072163209319115	0.7439939379692078
4977	0.033088620752096176	0.06071585416793823	0.7440140247344971
4978	0.03279842808842659	0.0607101209461689	0.7440289855003357
4979	0.03325881063938141	0.06070476397871971	0.7440404295921326
4980	0.03241449594497681	0.06069551780819893	0.7440505623817444
4981	0.0333222970366478	0.06068900600075722	0.7440575361251831
4982	0.03296817094087601	0.060681480914354324	0.7440686821937561
4983	0.03352783992886543	0.060673121362924576	0.7440783977508545
4984	0.03307589143514633	0.060665909200906754	0.7440875768661499
4985	0.033208396285772324	0.06066199019551277	0.7440875172615051
4986	0.03274548798799515	0.06066858768463135	0.744060754776001
4987	0.033231642097234726	0.06067129224538803	0.7440481781959534
4988	0.032721906900405884	0.060671303421258926	0.744043231010437
4989	0.03307022526860237	0.060669295489788055	0.7440504431724548
4990	0.032846152782440186	0.0606670118868351	0.7440550923347473
4991	0.03346351906657219	0.06067105755209923	0.744047999382019
4992	0.033186234533786774	0.06067629158496857	0.7440369129180908
4993	0.033119749277830124	0.06067372113466263	0.744047224521637
4994	0.03283947333693504	0.060674525797367096	0.7440504431724548
4995	0.03284001350402832	0.060672298073768616	0.7440613508224487
4996	0.03311432525515556	0.06067090481519699	0.7440693974494934
4997	0.03270189091563225	0.06067579239606857	0.7440641522407532
4998	0.03381091356277466	0.06067939102649689	0.7440702319145203
4999	0.0328785665333271	0.060686852782964706	0.7440603971481323
