stimulus,Green,Cucumber,Herbal,Mint,Woody,Pine,Floral,Powdery,Fruity,Citrus,Tropical,Berry,Peach,Sweet,Caramellic,Vanilla,BrownSpice,Smoky,Burnt,Roasted,Grainy,Meaty,Nutty,Fatty,Coconut,Waxy,Dairy,Buttery,Cheesy,Sour,Fermented,Sulfurous,Garlic.Onion,Earthy,Mushroom,Musty,Ammonia,Fishy,Fecal,Rotten.Decay,Rubber,Phenolic,Animal,Medicinal,Cooling,Sharp,Chlorine,Alcoholic,Plastic,Ozone,Metallic
AA007,0.653846154,2.807692308,0.076923077,0.038461538,0,0.115384615,0.461538462,0.5,0.192307692,0.038461538,0.038461538,0.115384615,0.269230769,0.384615385,0,0,0,0,0,0,0,0,0,0,0.115384615,0,0,0,0,0.192307692,0,0,0,0,0,0,0,0.153846154,0,0.192307692,0,0.153846154,0.192307692,0.153846154,0.269230769,0,0.346153846,0.076923077,0.269230769,0,0
AA085,0.076923077,0,0.692307692,0.730769231,0,0,0.153846154,0,0.153846154,0.038461538,0.076923077,0,0,0.384615385,0,0,0,0.153846154,0,0.192307692,0,0,0,0.192307692,0,0.153846154,0,0,0,0,0.038461538,0,0,0.115384615,0,0.038461538,0.5,0,0,0.192307692,0.038461538,0.153846154,0,2.346153846,2.346153846,0.923076923,0.076923077,0.692307692,0,0.115384615,0
AA088,0.884615385,0.038461538,0.692307692,0.115384615,0.153846154,0,0.192307692,0.307692308,0.230769231,0,0.076923077,0.153846154,0.153846154,0.384615385,0,0,0,0,0,0,0.153846154,0,0.076923077,0.038461538,0,0,0.115384615,0,0.192307692,0.269230769,0.076923077,0,0,0.384615385,0,0.730769231,0,0,0,0.076923077,0.269230769,0.769230769,0,0.846153846,0.038461538,0.038461538,0.653846154,0.346153846,0.192307692,0.384615385,0.192307692
AA097,0.307692308,2.538461538,0.076923077,0.192307692,0,0,0.038461538,0.192307692,0.346153846,0,0,0,0,0.653846154,0,0,0,0,0,1.653846154,2.115384615,0,0.884615385,0.384615385,0,0,0.076923077,0.153846154,0,0,0,0,0,0,0,0,0,0.115384615,0,0.192307692,0,0,0,0,0.076923077,0,0.384615385,0,0,0,0
AA142,0.076923077,0,0.038461538,0,0.230769231,0,0.807692308,0.230769231,0.192307692,0,0,0,0,0.038461538,0,0,0,0.115384615,0.038461538,0.423076923,0.153846154,0.230769231,0.192307692,0.153846154,0,0.153846154,0,0.269230769,0.884615385,0.346153846,0,0.192307692,3.307692308,0,0.115384615,0,0.153846154,0,0,0.153846154,0,0.269230769,0,0.153846154,0,0.038461538,0.038461538,0,0.115384615,0.038461538,0
AA162,1.230769231,2.538461538,0.538461538,0.076923077,0.076923077,0.423076923,0.846153846,0,0.576923077,1.115384615,0.461538462,0.5,0.384615385,0.346153846,0,0,0.307692308,0,0.038461538,0,0.038461538,0,0,0,0,0.153846154,0,0,0,0.115384615,0,0,0,0,0,0.076923077,0,0,0,0,0,0,0,0,0.384615385,0,0.038461538,0.038461538,0,0,0
AA175,0,0.038461538,0.230769231,0.115384615,0.153846154,0,1.076923077,0.307692308,0.846153846,0,0,0.153846154,0.115384615,0.692307692,0.038461538,0,0,0,0,0,0,0,0,0,0.076923077,0.153846154,0.461538462,0,0,0,0.076923077,0,0.115384615,0,0,0.230769231,0.076923077,0,0,0,0.115384615,0.5,0.115384615,0.384615385,0.538461538,0.230769231,0.269230769,0.538461538,0.423076923,0.153846154,0
AA212,0,0,0,0.153846154,0,0,1.038461538,0.615384615,0.192307692,0.346153846,0.038461538,0.076923077,0,0.769230769,0,0.192307692,0,0.076923077,0.038461538,0,0,0,0,0,0.153846154,0,0.346153846,0.076923077,0,0.269230769,0,0,0,0,0,0.115384615,0,0,0,0,0,0.192307692,0,0.576923077,0.307692308,0.423076923,0.038461538,0.230769231,0.346153846,0.269230769,0.076923077
AA217,0.192307692,0,0.192307692,0,0,0,0.115384615,0.038461538,0.076923077,0,0,0,0.269230769,0.961538462,0.384615385,0,0,0.307692308,0.653846154,0.730769231,0.384615385,0,0.5,0.576923077,0.153846154,1.076923077,0,0.653846154,0.153846154,0.038461538,0,0.384615385,0,0.384615385,0.538461538,0.038461538,0.192307692,0,0,0.192307692,0.192307692,0.115384615,0.538461538,0,0,0,0,0,0,0,0
AA297,0.153846154,0,0.192307692,0.307692308,0.076923077,0,0.307692308,0.692307692,0.269230769,0,0.115384615,0.153846154,0.115384615,1.423076923,0.346153846,0.269230769,0,0.423076923,0,0.115384615,0,0.076923077,0.230769231,0.230769231,0.423076923,1.076923077,0.153846154,1.346153846,0.384615385,0.153846154,0,0.076923077,0.038461538,0.153846154,0.076923077,0.115384615,0,0,0,0,0.115384615,0.115384615,0,0,0.076923077,0,0,0.115384615,0,0,0
AA324,0,0,0.730769231,0.615384615,0.153846154,0.153846154,0,0,0,0,0,0,0,0.230769231,0,0.076923077,0,0.230769231,0,0.115384615,0,0.076923077,0,0,0,0,0,0,0,0.192307692,0.153846154,0,0,0,0.115384615,0.153846154,0.269230769,0.230769231,0.115384615,0.423076923,0,0,0.153846154,2.807692308,2.538461538,0.807692308,0.115384615,0.192307692,0,0.038461538,0
AA332,0.076923077,0.038461538,0,0,0.076923077,0.076923077,0,0,0,0,0,0,0,0,0,0,0,0,0.730769231,0.653846154,0.115384615,0.730769231,0.153846154,0,0,0,0.884615385,0.153846154,0.769230769,0.769230769,0.615384615,0.961538462,0.576923077,0.346153846,0.538461538,0.307692308,0.230769231,0.153846154,0.423076923,1.730769231,0.153846154,0,0.615384615,0,0.038461538,0.384615385,0,0,0,0,0
AA339,0.153846154,0,0,0.038461538,0.038461538,0.076923077,1.576923077,1.230769231,0.346153846,0,0,0,0,0.423076923,0,0.038461538,0,0,0,0,0.038461538,0,0.076923077,0,0,0.192307692,0.346153846,0.076923077,0.153846154,0.038461538,0,0,0.076923077,0.076923077,0.115384615,0.153846154,0,0,0,0,0,0.230769231,0,0,0,0.230769231,0.076923077,0.038461538,0.346153846,0.038461538,0
AA368,0.269230769,0.038461538,0,0,0,0.153846154,0.846153846,1.076923077,0.038461538,0,0.115384615,0.153846154,0.153846154,0.615384615,0,0.038461538,0,0,0.192307692,0,0.153846154,0,0,0.192307692,0.076923077,0.269230769,0.346153846,0.076923077,0.153846154,0.192307692,0,0.115384615,0,0,0.076923077,0.269230769,0.076923077,0,0,0.115384615,0,0.115384615,0.076923077,0.192307692,0,0,0,0.115384615,0.076923077,0.076923077,0
AA385,0.346153846,0,0.346153846,0.269230769,0.269230769,0.230769231,0,0.384615385,0.346153846,0,0,0,0.192307692,0.807692308,0.461538462,0,0.115384615,0.192307692,0.192307692,0.307692308,0.192307692,0.153846154,0.192307692,1.038461538,0.153846154,1.076923077,0.269230769,1.038461538,0,0,0,0,0,0.076923077,0.192307692,0.153846154,0,0,0,0,0.115384615,0,0,0,0.153846154,0,0,0.076923077,0.115384615,0,0
AA474,0.115384615,0,0.115384615,0.038461538,0.346153846,0,0.230769231,0.192307692,0.807692308,0,0,0.192307692,0.307692308,0.769230769,0.115384615,0.038461538,0,0,0.115384615,0.038461538,0.269230769,0,0.076923077,0.846153846,0.576923077,1.192307692,0.423076923,0.269230769,0.230769231,0,0.115384615,0.076923077,0,0,0.153846154,0.115384615,0,0,0,0,0.038461538,0.346153846,0,0.269230769,0,0,0.192307692,0.076923077,0,0,0
AA476,0,0,0.115384615,0,0.192307692,0,0,0.192307692,0.153846154,0,0,0,0.038461538,0.807692308,0.115384615,0.038461538,0,0.269230769,0.153846154,0.5,0.461538462,0.5,0.538461538,0.615384615,0.192307692,0.115384615,0.884615385,0.5,1.230769231,0.230769231,0.115384615,0.192307692,0.615384615,0.307692308,0.153846154,0,0.076923077,0.730769231,0,0.230769231,0,0.038461538,0.192307692,0.076923077,0.076923077,0,0,0,0,0.038461538,0
AA513,0.192307692,0,0.346153846,0,0.615384615,0.115384615,0.192307692,0.230769231,0,0,0.115384615,0,0.153846154,0.346153846,0.076923077,0,0.115384615,0.192307692,0.153846154,0.384615385,0.038461538,0,0.307692308,0.461538462,0.346153846,1.076923077,1.461538462,0.576923077,1.730769231,0.961538462,0.307692308,0.153846154,0.230769231,0,0.038461538,0,0,0,0.307692308,1.192307692,0,0,0.038461538,0,0,0,0,0,0,0,0
AA618,0,0,0.038461538,0.115384615,0,0,0.115384615,0.269230769,0,0,0,0.192307692,0,0.961538462,0.846153846,0.076923077,0.423076923,0.076923077,0.230769231,0.192307692,0,0,0,0,0.538461538,0.153846154,0.076923077,0,0,0.192307692,0.076923077,0.192307692,0,0,0,0.346153846,0.269230769,0,0,0,0.192307692,0.538461538,0,1.038461538,0.269230769,0.346153846,0.346153846,1.5,0.730769231,0.192307692,0.076923077
AA632,0,0,0.038461538,0,0,0,0,0.269230769,0.807692308,0,0.384615385,0.346153846,0.192307692,0.961538462,0.230769231,0.269230769,0,0,0.115384615,0.230769231,0.269230769,0,0.346153846,0.269230769,0.153846154,0.230769231,0.692307692,0.269230769,0.307692308,0.384615385,0,0.192307692,0.038461538,0.076923077,0,0.153846154,0.346153846,0,0,0.5,0,0,0,0.384615385,0,0.153846154,0.192307692,0.076923077,0.153846154,0.115384615,0
AA649,0,0,0,0,0,0.115384615,0.307692308,0.269230769,0.153846154,0,0,0,0,0.576923077,0,0,0.115384615,0.076923077,0.846153846,0.384615385,0.730769231,0.115384615,0.576923077,0.346153846,0,0.192307692,0,0,0.153846154,0,0.192307692,0.653846154,0.384615385,0.461538462,0.192307692,0,0.5,0,0,0,0,0.423076923,0.692307692,0.076923077,0,0.153846154,0,0,0,0,0
AA725,0.269230769,0,0.230769231,0,0.153846154,0.115384615,0.192307692,0.076923077,0.461538462,0,0.384615385,0.115384615,0.192307692,0.153846154,0,0,0,0.269230769,0,0.692307692,0.269230769,0.346153846,0.346153846,0.269230769,0.5,0.807692308,0.115384615,0.807692308,0.461538462,0.230769231,0.230769231,0.076923077,2.115384615,0,0.230769231,0.153846154,0,0,0,0,0,0,0,0,0.038461538,0.153846154,0,0,0,0,0
AA808,0,0,0,0,0.384615385,0,0.115384615,0.307692308,0,0,0,0.038461538,0,0.384615385,0,0,0,0.346153846,0.230769231,1.5,1.346153846,0.346153846,0.653846154,0.846153846,0,0,0.538461538,0.230769231,0.692307692,0.115384615,0,0.346153846,0.346153846,0.076923077,0.038461538,0.038461538,0,0.884615385,0.153846154,0.769230769,0,0,0.269230769,0,0,0,0,0,0,0,0
AA850,0.269230769,0.153846154,0.769230769,0,0,0.5,0.769230769,0.269230769,0.115384615,0.5,0.038461538,0.115384615,0,0,0,0,0.423076923,0.192307692,0.807692308,0.230769231,0,0.346153846,0.153846154,0.153846154,0,0,0,0,0,0.153846154,0,0.192307692,0.153846154,0.346153846,0.230769231,0.115384615,0.192307692,0.346153846,0,0.038461538,0.115384615,0.230769231,0.769230769,0.307692308,0.153846154,0.192307692,0.115384615,0,0.153846154,0.076923077,0
AA875,0,0,0.038461538,3.538461538,0,0,0.115384615,0.076923077,0,0.269230769,0.115384615,0,0,0.692307692,0,0.153846154,0,0,0.076923077,0.153846154,0,0.153846154,0.307692308,0.153846154,0,0,0.692307692,0.538461538,1,0.5,0.192307692,0,0.115384615,0.076923077,0,0,0,0.192307692,0.423076923,1.115384615,0,0,0.115384615,0,0.961538462,0.115384615,0,0.038461538,0,0,0
AA886,0,0,0.153846154,0.230769231,0.423076923,0.038461538,0.115384615,0,0.038461538,0.076923077,0,0.230769231,0,0.269230769,0.269230769,0.076923077,0.576923077,0.076923077,0.076923077,0.153846154,0.038461538,0.076923077,0,0,0,0,0.076923077,0,0,0.153846154,0,0.153846154,0,0,0,0.653846154,0.423076923,0,0,0,0,0.384615385,0.192307692,1.307692308,0.423076923,0.615384615,0.269230769,0.961538462,0.653846154,0.461538462,0.192307692
AA893,0.461538462,0,0.461538462,0.269230769,0,0.307692308,0.653846154,0,0.769230769,0.192307692,0.5,0.692307692,0.269230769,0.5,0,0,0,0.153846154,0,0.038461538,0.192307692,0,0,0,0,0,0,0,0.038461538,0,0.192307692,0.153846154,1.576923077,0,0,0,0.269230769,0.384615385,0.076923077,0.192307692,0.153846154,0.192307692,0.076923077,0.423076923,0.384615385,0.923076923,0,0.192307692,0.115384615,0,0.115384615
AA944,0.076923077,0,0.807692308,0,0.230769231,0.153846154,0.384615385,0.153846154,0,0,0,0,0,1.038461538,0.461538462,0.115384615,0,0,0,0.038461538,0.038461538,0,0.230769231,0.076923077,0,1.115384615,0,0.769230769,0.153846154,0.153846154,0.038461538,0.115384615,0.038461538,0,0,0.384615385,0.038461538,0,0,0,0.461538462,0.153846154,0,0.307692308,0.461538462,0.192307692,0,0.076923077,0.576923077,0.230769231,0.192307692
AA962,0.230769231,0.076923077,0,0,0,0.115384615,1.038461538,0.423076923,0,0,0,0.038461538,0.153846154,0.538461538,0,0,0,0.346153846,0,0.153846154,0,0.192307692,0,0.384615385,0.307692308,0.153846154,0.384615385,0.192307692,0.5,0.153846154,0.269230769,0.192307692,1.038461538,0,0,0,0,0,0,0.076923077,0.115384615,0.153846154,0.153846154,0,0.115384615,0.076923077,0.269230769,0,0.115384615,0.038461538,0.038461538
AA978,0.038461538,0,0.615384615,0.653846154,0.192307692,0,0,0,0,0.153846154,0.038461538,0.192307692,0,0.153846154,0,0,0,0,0.115384615,0,0,0,0,0,0,0,0,0,0.153846154,0,0.153846154,0,0,0.038461538,0,0.846153846,0.384615385,0.269230769,0,0.384615385,0,0,0,3.115384615,2.076923077,1.230769231,0,0.538461538,0.038461538,0,0
AB019,0.222222222,0,0.277777778,0,0.166666667,0,0.277777778,0.111111111,0,0,0,0,0,0.944444444,0.388888889,0.555555556,0.166666667,0.222222222,0.222222222,0,0,0,0.277777778,0.333333333,0.333333333,0.111111111,1.222222222,0.277777778,1.166666667,1.111111111,0.222222222,0.055555556,0.222222222,0.222222222,0,0.5,0,0,0,1.722222222,0,0,0.222222222,0.111111111,0.055555556,0,0,0,0.166666667,0,0
AB144,0,0,0.166666667,0,0.111111111,0.055555556,0,0,0,0,0,0,0,0.777777778,0,0.111111111,0,0,0.111111111,0.666666667,0.277777778,0,0.055555556,0.555555556,0.388888889,0.166666667,1.333333333,0.5,1.111111111,0.333333333,0.166666667,0.277777778,0.333333333,0,0.111111111,0.5,0,0,0.277777778,0.888888889,0,0,0.166666667,0.555555556,0,0,0,0,0,0,0
AB186,0.666666667,0.5,0.944444444,0,0.388888889,0,1.166666667,0.222222222,0.611111111,1,0.555555556,0.388888889,0.5,0.388888889,0,0.111111111,0.611111111,0.555555556,0.111111111,0,0.166666667,0,0,0.055555556,0,0.166666667,0.166666667,0.166666667,0,0.055555556,0,0,0,0,0,0,0,0,0,0,0,0,0,0.277777778,0.111111111,0.333333333,0,0,0,0.444444444,0
AB222,0.055555556,0,0.055555556,0,0,0,0.666666667,0.777777778,0.5,0,0.277777778,0,0.722222222,1.5,0.944444444,0.444444444,0,0,0.055555556,0.055555556,0.5,0,0,0.222222222,0.222222222,1.277777778,0.666666667,0.555555556,0.5,0,0,0,0,0.055555556,0,0,0,0,0,0,0,0.444444444,0,0,0,0,0,0,0,0,0
AB223,0.555555556,0.333333333,0.722222222,0.166666667,0,0.944444444,1.611111111,0.722222222,0.666666667,0.944444444,0.5,0.611111111,0,0.111111111,0,0,0.5,0.5,0.5,0,0,0,0,0,0,0,0.277777778,0,0,0.111111111,0,0,0,0,0,0,0,0,0,0,0,0.111111111,0,0.222222222,0.5,0,0.222222222,0.166666667,0,0,0
AB226,0.166666667,0.166666667,0.388888889,0,0,0.444444444,1.5,0.722222222,1.222222222,0.611111111,0.944444444,0.777777778,0.555555556,1.111111111,0,0.222222222,0,0,0,0,0,0,0,0,0,0,0,0,0,0,0,0,0,0,0,0.222222222,0,0,0,0,0,0.388888889,0.222222222,0,0.166666667,0.222222222,0.055555556,0,0.333333333,0,0.222222222
AB281,0,0,0,2.333333333,0.166666667,0.166666667,0.333333333,0.666666667,0.277777778,0,0,0,0.277777778,2.333333333,0.555555556,0.611111111,0,0.388888889,0,0,0.777777778,0,0.222222222,0.222222222,0.277777778,0.666666667,0.5,0.666666667,0.388888889,0.055555556,0,0,0,0,0,0.111111111,0,0,0,0,0,0,0,0,0.833333333,0.111111111,0,0,0,0.055555556,0
AB287,0.444444444,0,0.666666667,1.888888889,0,0.722222222,0.222222222,0,0.388888889,1.055555556,0,0.111111111,0,0.611111111,0,0,0.444444444,0.5,0.222222222,0,0,0,0,0,0,0,0.055555556,0,0,0,0.222222222,0,0,0,0,0,0,0,0,0,0,0,0,0.166666667,0.777777778,0.277777778,0.388888889,0,0,0,0
AB378,0,0,0.166666667,3.388888889,0.111111111,0,0.055555556,0.666666667,0,0.277777778,0,0,0,1.111111111,0.166666667,0.166666667,0,0.111111111,0,0.833333333,1.222222222,0,0.611111111,0.222222222,0.055555556,0,0,0.722222222,0.222222222,0.277777778,0.166666667,0,0,0,0,0,0,0,0,0,0,0,0,0,1.111111111,0,0,0,0,0.222222222,0
AB398,0,0,0.333333333,0,0.5,0.277777778,0,0,0,0,0,0,0,0.055555556,0,0,0,0.333333333,0,1.111111111,2.055555556,0,1.5,0,0,0.166666667,0,0.388888889,0,0,0,0,0,0.111111111,0.055555556,1.166666667,0,0,0,0,0.722222222,0.944444444,0,0.111111111,0.444444444,0,0.222222222,0,0.388888889,0,0
AB399,0.222222222,0,1.166666667,0.611111111,0.333333333,0.333333333,0.111111111,0.666666667,0,0,0,0,0,0.5,0,0.333333333,0.277777778,0.055555556,0,0.055555556,0,0,0,0,0,0,0,0,0,0,0,0,0,0.277777778,0,0.722222222,0,0,0,0,0.333333333,0.444444444,0,0.444444444,0.388888889,0.388888889,0,0,0.833333333,0.666666667,0.055555556
AB413,0,0.055555556,0.111111111,0.111111111,0.444444444,0.222222222,0.333333333,0.555555556,0.888888889,0,0.666666667,0.611111111,0.166666667,0.444444444,0,0,0,0.277777778,0.166666667,0.5,0.222222222,0.277777778,0.277777778,0,0.055555556,0,0,0,0.055555556,0.055555556,0,0.166666667,0.055555556,0.333333333,0,0,0,0.222222222,0,0,0.166666667,0.055555556,0.055555556,0.222222222,0.444444444,0.555555556,0,0.5,0.388888889,0.555555556,0
AB425,0,0,0,0,0,0,0.055555556,0.055555556,0.111111111,0,0,0,0,0,0,0,0,0.388888889,0.277777778,2.666666667,2.222222222,0.444444444,1.555555556,0.333333333,0,0,0,0.666666667,0.111111111,0,0.444444444,0.166666667,0.222222222,0.222222222,0.166666667,0.277777778,0,0,0.055555556,0,0,0,0.555555556,0,0,0.222222222,0,0.055555556,0,0,0
AB435,0,0,0,0,0,0,0.166666667,0,0,0,0,0,0.111111111,0.388888889,0.888888889,0.166666667,0.722222222,0.666666667,0.888888889,0.944444444,0.888888889,0.444444444,0,0.277777778,0.444444444,0.388888889,0,0,0,0.277777778,0,0.166666667,0.5,0.555555556,0,0.222222222,0.333333333,0,0,0,0.666666667,0,0.444444444,0.222222222,0.055555556,0.166666667,0,0,0,0,0
AB465,0,0,0,0,0,0,0,0,0,0,0,0,0,0,0,0,0,0,0,1.333333333,1.555555556,0.277777778,0.888888889,0.333333333,0,0,0.333333333,0.722222222,0.444444444,0.166666667,0.222222222,0,3.555555556,0,0,0,0,0,0,0,0,0,0,0,0,0.166666667,0,0,0,0,0
AB486,0,0,0.222222222,0,0.166666667,0,0,0.055555556,0.222222222,0,0,0,0,0.166666667,0.5,0,0.111111111,0.222222222,0.833333333,0.222222222,0.666666667,0,0.111111111,0,0.111111111,0.166666667,0,0.111111111,0,0.5,0.388888889,0.5,1.833333333,0.222222222,0,0.5,0.111111111,0,0,0.055555556,0.277777778,0.055555556,0,0,0.5,0,0.277777778,0.277777778,0.277777778,0,0
AB586,0.222222222,3.333333333,0.388888889,0.222222222,0.444444444,0,0.166666667,0.111111111,0.5,0,0.166666667,0,0,0.5,0.722222222,0.166666667,0.111111111,0.166666667,0.444444444,0,0,0,0,0,0.111111111,0.388888889,0,0,0,0,0,0.166666667,0,0,0,0.222222222,0,0,0,0,0,0,0,0,0.388888889,0,0,0,0,0,0.055555556
AB641,0.055555556,0,0.111111111,0,0,0,0.111111111,0,0,0,0.055555556,0.111111111,0.5,0.555555556,0,0,0,0,0.277777778,0.166666667,0.166666667,0,0.222222222,0.833333333,0.111111111,0,1.277777778,0.611111111,1,0.111111111,0.166666667,0.611111111,0.722222222,0.055555556,0.388888889,0,0,0.555555556,0,1.333333333,0,0,0.111111111,0,0,0.166666667,0,0,0,0,0
AB672,0,0,0.277777778,2.222222222,0,0,0,0.222222222,0.166666667,0,0.222222222,0,0.111111111,0.555555556,0,0,0,0,0,0.444444444,0.388888889,0.388888889,0.222222222,0.333333333,0.166666667,0,0.555555556,0.166666667,1.055555556,0,0,0.277777778,0.833333333,0.166666667,0.111111111,0.055555556,0,0.555555556,0,1,0,0,0,0,0.888888889,0.055555556,0,0.388888889,0,0,0
AB764,0.055555556,0,0.222222222,3.944444444,0.777777778,0.777777778,0.444444444,0.555555556,0,0,0.055555556,0.055555556,0,1.388888889,0,0.444444444,0,0,0,0.055555556,0,0.055555556,0,0,0,0,0,0,0,0,0,0,0,0,0,0.666666667,0,0,0,0,0,0.166666667,0,0,1.111111111,0,0,0,0.055555556,0.111111111,0
AB841,0,0,0.222222222,3.277777778,0.555555556,0,0.277777778,0.944444444,0.333333333,0,0,0.166666667,0,1.555555556,0.277777778,0.722222222,0.444444444,0.944444444,0.777777778,0.055555556,0,0.222222222,0,0,0,0,0,0,0,0.166666667,0,0,0,0,0,0.111111111,0,0,0,0,0.222222222,0,0,0,0.666666667,0.222222222,0,0,0,0.166666667,0
AB873,0,0,1.055555556,0.055555556,1.277777778,0.555555556,0,0.444444444,0,0.055555556,0,0,0,0,0,0.222222222,0.166666667,1,0.277777778,0.166666667,0,0,0,0,0,0.111111111,0,0,0,0.111111111,0,0,0,0,0,1.055555556,0.055555556,0,0,0,1,1.055555556,0.222222222,0.166666667,0.611111111,0.222222222,0,0,0.722222222,0,0.111111111
AB935,0,0,0.222222222,0,0.111111111,0.111111111,0,0.166666667,0,0,0,0,0.055555556,0.333333333,0,0.111111111,0.333333333,2.222222222,0,0.944444444,0.388888889,1.777777778,0,0,0,0,0,0,0.111111111,0.166666667,0.166666667,0.388888889,2.722222222,0.111111111,0,0.166666667,0.111111111,0,0,0,0.222222222,0.277777778,0,0,0.111111111,0,0,0,0,0,0.166666667
AB988,0,0.444444444,0,0,0,0,0,0,0,0,0,0,0,0,0,0,0,0.166666667,0,0.722222222,0.166666667,0.444444444,0,0.166666667,0,0,0,0,0.222222222,0.277777778,0.611111111,0.333333333,3.944444444,0,0,0,0,0,0,0,0,0,0,0,0.055555556,0.277777778,0,0,0,0,0.111111111
AB992,0.333333333,3.944444444,0.222222222,0.111111111,0.166666667,0,0,0,0.555555556,0,0.111111111,0,0,0.666666667,0,0,0,0.055555556,0,0,0,0,0,0,0,0.055555556,0,0,0,0,0,0,0.222222222,0,0.111111111,0.222222222,0,0,0,0,0,0,0,0,0.5,0,0,0.111111111,0.055555556,0.055555556,0
AC024,1.666666667,0.407407407,1.407407407,0,0.555555556,0.407407407,0.148148148,0.037037037,0,0.074074074,0,0,0,0.111111111,0,0,0.259259259,0.407407407,0.148148148,0.259259259,0.444444444,0.185185185,0.074074074,0.259259259,0,0.037037037,0,0,0,0.481481481,0.148148148,0.148148148,0,0.222222222,0.037037037,0,0.074074074,0,0,0.148148148,0,0.037037037,0,0,0,0.296296296,0.37037037,0.074074074,0.037037037,0.111111111,0.111111111
AC028,0,0,0.148148148,0.148148148,0.222222222,0,0.148148148,0.444444444,0,0,0,0,0,0.888888889,0.518518519,0.814814815,0.518518519,0.925925926,1,0.407407407,0.111111111,0.296296296,0.074074074,0.518518519,0.037037037,0.074074074,0.074074074,0,0.074074074,0.074074074,0,0.148148148,0,0.185185185,0.703703704,0.222222222,0,0.074074074,0,0.111111111,0.074074074,0.185185185,0.111111111,0.333333333,0.074074074,0.148148148,0,0.111111111,0.296296296,0.444444444,0
AC067,0,0,0.111111111,0.037037037,0,0,0.185185185,0.296296296,0.037037037,0,0,0.074074074,0,1.222222222,0.62962963,1.037037037,0.481481481,1.518518519,1,0.296296296,0,0.148148148,0,0.148148148,0.037037037,0,0,0,0.074074074,0.259259259,0.111111111,0.185185185,0,0,0,0.259259259,0.148148148,0,0.037037037,0,0.222222222,0.703703704,0.074074074,0.259259259,0,0.148148148,0.148148148,0.148148148,0.074074074,0.518518519,0.148148148
AC155,0.214285714,0,0,0,0,0.035714286,0,0,0.035714286,0.142857143,0,0,0,0.178571429,0.321428571,0.25,0,0.214285714,0.142857143,2.464285714,2.5,0.142857143,1.285714286,0.5,0.214285714,0.321428571,0,0.642857143,0.357142857,0,0,0.071428571,0.142857143,0,0,0.071428571,0.142857143,0,0,0,0,0.107142857,0,0.071428571,0,0,0.142857143,0.178571429,0,0,0
AC214,0.148148148,0.148148148,0.185185185,0,0.296296296,0.111111111,0.074074074,0,0.111111111,0.074074074,0.222222222,0.148148148,0.148148148,0.296296296,0.148148148,0.037037037,0,0.148148148,0.111111111,0.37037037,0.407407407,0.296296296,0.259259259,0.185185185,0,0,0.074074074,0.037037037,0.074074074,0.407407407,0.37037037,0.333333333,0.037037037,0.481481481,0.185185185,0.555555556,0.407407407,0,0.333333333,0.111111111,0.185185185,0,0.740740741,0,0,0,0,0,0,0,0
AC329,0.111111111,0,0,0.222222222,0,0.037037037,0.037037037,0.407407407,0,0,0,0,0,2.333333333,1.333333333,1.740740741,0.333333333,0.666666667,0.259259259,0.259259259,0.074074074,0,0.185185185,0.185185185,0.222222222,0.222222222,0.444444444,0.074074074,0,0,0.037037037,0.037037037,0,0,0.037037037,0.037037037,0,0,0,0,0.074074074,0.333333333,0.111111111,0.185185185,0.222222222,0,0,0.148148148,0.074074074,0.296296296,0
AC445,0.285714286,0,0.464285714,0,0.214285714,0,0.178571429,0.071428571,0.178571429,0,0,0,0,0.321428571,0.428571429,0.142857143,0.178571429,0.142857143,0.285714286,1.142857143,1.285714286,0.214285714,0.464285714,0.178571429,0,0.107142857,0.357142857,0.107142857,0.321428571,0.107142857,0.178571429,0.178571429,0.214285714,0.178571429,0.107142857,0.25,0,0,0.035714286,0.178571429,0,0,0.178571429,0.178571429,0,0.035714286,0,0,0.071428571,0.071428571,0
AC459,1.925925926,0.518518519,0.851851852,0,0.111111111,0.333333333,0.111111111,0,0.074074074,0.148148148,0,0,0,0.185185185,0.074074074,0.074074074,0.37037037,0.259259259,0.111111111,0.444444444,0.185185185,0.259259259,0,0.333333333,0,0,0,0,0.111111111,0.259259259,0.814814815,0.37037037,0.074074074,0.222222222,0.222222222,0.148148148,0.111111111,0,0,0.111111111,0,0.037037037,0.259259259,0,0.074074074,0.111111111,0.222222222,0.074074074,0.185185185,0.074074074,0.037037037
AC478,0.321428571,0.035714286,0.071428571,0,0,0,0.035714286,0,0.035714286,0.25,0,0,0,0.107142857,0.357142857,0.357142857,0,0.035714286,0.142857143,2,2.5,0.214285714,1.25,0.321428571,0.071428571,0,0,0.357142857,0.107142857,0,0.357142857,0.142857143,0.142857143,0,0.892857143,0.107142857,0.178571429,0.107142857,0,0.071428571,0,0,0.071428571,0,0.071428571,0.25,0,0.25,0,0,0
AC497,0.392857143,0.035714286,0.857142857,0.5,0.571428571,0.75,0.464285714,0.464285714,0,0,0,0,0.107142857,0.285714286,0,0.035714286,0.071428571,0,0,0.035714286,0,0,0,0,0,0,0,0,0,0.035714286,0,0,0,0.107142857,0,0.464285714,0.107142857,0,0,0,0,0.142857143,0,1.714285714,0.928571429,0.285714286,0.285714286,0,0.107142857,0.214285714,0.178571429
AC557,0.037037037,0,0,0.296296296,0,0,0.111111111,0.148148148,0.666666667,0.185185185,0.185185185,0.222222222,0,0.703703704,0,0,0,0,0.111111111,0.148148148,0.111111111,0.074074074,0.111111111,0.037037037,0.148148148,0.148148148,0,0.074074074,0.333333333,0.518518519,0.333333333,0.148148148,0,0.037037037,0,0.62962963,0.555555556,0.148148148,0.37037037,0.481481481,0.185185185,0.62962963,0.592592593,0.37037037,0.296296296,0.148148148,0,0.777777778,0.148148148,0.074074074,0
AC676,0,0,0.178571429,0.071428571,0.142857143,0,0.071428571,0.214285714,0.107142857,0,0,0,0,1.107142857,0.535714286,0.607142857,0.714285714,1.357142857,1.214285714,0.607142857,0,0.214285714,0.035714286,0.178571429,0.035714286,0,0.035714286,0,0,0,0,0.178571429,0,0.107142857,0,0.428571429,0.285714286,0,0,0.035714286,0.392857143,0.535714286,0.142857143,0.857142857,0.107142857,0.142857143,0.107142857,0.285714286,0.142857143,0.535714286,0
AC712,1.25,0.607142857,1.964285714,0.107142857,0.25,0.214285714,0.214285714,0,0.071428571,0,0,0,0,0.285714286,0,0.035714286,0.25,0.25,0.071428571,0.392857143,0.107142857,0.392857143,0,0,0,0,0.035714286,0,0.035714286,0.107142857,0.571428571,0.464285714,0.214285714,0.428571429,0.178571429,0,0,0,0,0.142857143,0,0,0,0.107142857,0,0.392857143,0.178571429,0,0.142857143,0.107142857,0.035714286
AC761,0,0.148148148,0,0.037037037,0,0,0,0,0,0.074074074,0,0,0,0.037037037,0,0,0,0.37037037,0.703703704,1.222222222,0.777777778,0.592592593,0.185185185,0.185185185,0,0,0,0.148148148,0.222222222,0.333333333,0.666666667,0.407407407,1.222222222,0.555555556,1.074074074,0.296296296,0.074074074,0.185185185,0,0.333333333,0,0,0.185185185,0,0.074074074,0,0,0,0,0,0
AC930,0.185185185,0,0.111111111,0.814814815,0.111111111,0.148148148,0.259259259,0.407407407,0.62962963,0.037037037,0.444444444,0.777777778,0.222222222,0.814814815,0,0.074074074,0,0,0,0,0,0,0,0,0,0,0,0,0,0.222222222,0.592592593,0.444444444,0,0,0,0.259259259,0.259259259,0,0.148148148,0.37037037,0.185185185,0.37037037,0.37037037,0.518518519,0.888888889,0.222222222,0,0.703703704,0.407407407,0.074074074,0.111111111
AC933,0.071428571,0,0.821428571,0.392857143,0.214285714,0.785714286,0.321428571,0.107142857,0.464285714,0.071428571,0,0.321428571,0,0.5,0,0,0,0,0.142857143,0.107142857,0.071428571,0,0,0,0,0.178571429,0,0,0,0.035714286,0.178571429,0,0,0.107142857,0,0.75,0.321428571,0,0,0,0,0.25,0,1.321428571,1.142857143,0.642857143,0.428571429,0.392857143,0.107142857,0.214285714,0.178571429
AD011,0.6,0,0.2,0,0.133333333,0,0,0,0,0,0,0,0,0,0,0,0,0.266666667,0.266666667,0.133333333,0.266666667,0.333333333,0.266666667,0.266666667,0.2,0,0.4,0.266666667,0.6,0.2,0.4,1.066666667,1.133333333,0.733333333,0.4,0.466666667,0,1.133333333,0,0.4,0,0,0,0,0,0,0,0,0,0,0
AD015,0,0,0.214285714,0.142857143,0.214285714,0,0.214285714,0.571428571,0.928571429,0.071428571,0.357142857,0.285714286,0.142857143,1.642857143,0.142857143,0.428571429,0.285714286,0.642857143,0,0,0,0,0,0,0,0,0.071428571,0.142857143,0.142857143,0.142857143,0,0,0,0,0,0.285714286,0.142857143,0,0,0,0,0.285714286,0.214285714,0,0.285714286,0,0,0.285714286,0,0.142857143,0
AD075,0.357142857,3.357142857,0.357142857,0.714285714,0.428571429,0.285714286,0.5,0.857142857,0.214285714,0.428571429,0.142857143,0,0,1.928571429,0.285714286,0.428571429,0,0,0,0,0,0,0,0,0,0.357142857,0,0,0,0.142857143,0,0,0,0,0,0.142857143,0,0,0,0,0,0.142857143,0,0,0.357142857,0,0,0,0,0.357142857,0
AD085,0.333333333,0,0.333333333,0,0.6,0,0,0,0,0,0,0,0,0.866666667,0.4,0.333333333,0.866666667,0.733333333,0.666666667,0,0,0.2,0,0,0,0.4,0,0,0,0,0.066666667,0.2,0,0,0,0.8,0.133333333,0,0,0,1.066666667,0.333333333,0,0.533333333,0.2,0.066666667,0.266666667,0,0.266666667,0.533333333,0.133333333
AD120,0,0,0,0,0.133333333,0,0,0,0,0,0,0,0,0.666666667,0.333333333,0.466666667,0.4,1.866666667,1.333333333,1.466666667,0.666666667,0.333333333,0.666666667,0,0.066666667,0.2,0,0.2,0,0.133333333,0.2,0.066666667,0.466666667,0.4,0.266666667,0.533333333,0.133333333,0.266666667,0,0.133333333,0.2,0.266666667,0.4,0,0,0,0,0,0.066666667,0.333333333,0
AD132,0.666666667,0.466666667,1.133333333,3.533333333,0,0.266666667,0.2,0.133333333,0,0.2,0,0,0.133333333,0.666666667,0.333333333,0.133333333,0,0,0,0,0,0,0.2,0,0,0,0,0,0,0,0.2,0,0,0.133333333,0,0,0,0,0,0,0,0,0,0.333333333,1.266666667,0,0,0,0,0,0
AD222,0.2,0,0.2,0,0.2,0,0,0,0.066666667,0,0,0,0,0,0,0,0,0.2,0.933333333,1.666666667,0.466666667,1.466666667,0.6,0,0,0,0,0.2,0,0.133333333,0.133333333,0.866666667,1.133333333,0.6,0,0.266666667,0,0.333333333,0,0.533333333,0.133333333,0,0.4,0,0,0,0,0,0,0,0
AD234,1.75,0.625,1.5625,0.0625,0.8125,0.5625,0,0,0,0,0,0,0,0,0,0,0,0.6875,0,0.25,0.125,0.25,0.4375,0.125,0,0,0,0,0,0,0.25,0.25,0.125,0.375,0.375,1,0,0,0,0,0.625,0.375,0,0.1875,0.375,0.25,0,0,0.3125,0.375,0.25
AD254,0.666666667,1.866666667,0.266666667,0.066666667,0.8,0.333333333,0.2,0.866666667,0.2,0,0.2,0,0.133333333,1.2,0.2,0.466666667,0.6,0.866666667,0.066666667,0,0.133333333,0,0,0,0,0.066666667,0,0,0,0,0,0,0,0,0,0,0.266666667,0,0,0,0,0.266666667,0,0.266666667,0.333333333,0.133333333,0,0.133333333,0,0.666666667,0
AD329,0.666666667,0.333333333,0.4,4,0.266666667,0,0.133333333,0,0.4,0.333333333,0.2,0.2,0,1.333333333,0,0,0.2,0,0,0,0,0.2,0,0,0,0,0,0,0,0,0.133333333,0,0,0.133333333,0,0,0,0,0,0.133333333,0,0,0,0.266666667,1.2,0,0.133333333,0.066666667,0,0,0.066666667
AD427,1.133333333,0.6,0.666666667,0.466666667,0.666666667,0.866666667,0.266666667,0.333333333,0.066666667,0.133333333,0,0.133333333,0,0.466666667,0,0,0,0,0.133333333,0.066666667,0,0,0,0,0,0.066666667,0,0,0,0,0,0,0,0,0,0.533333333,0,0,0,0,0.133333333,0.2,0,0.2,0,0,0,0,0.666666667,0.133333333,0
AD462,0.066666667,0,0.133333333,0.4,0.6,0,0.066666667,0.933333333,0.533333333,0,0.266666667,0.066666667,0.2,0.8,0,0.133333333,0.666666667,1,0.066666667,0.4,0.6,0.666666667,0,0.2,0.2,0,0.266666667,0,0.133333333,0.133333333,0,0,0.266666667,0,0.133333333,0.066666667,0,0,0,0.133333333,0,0.266666667,0,0.066666667,0,0,0,0,0.066666667,0,0
AD505,0,0.1875,0.5625,0,0.25,0.125,0,0,0,0,0,0,0,0,0,0,0,0.1875,0.0625,0.25,0,0.625,0.3125,0,0,0.125,0.0625,0,0.25,0.375,0,0.5,3,0.1875,0,0.25,0.25,0,0,0.1875,0.25,0,0,0.25,0.1875,0.4375,0,0.5,0.3125,0,0
AD690,0.533333333,0.2,0.466666667,0.133333333,0,0.466666667,0,0,0.133333333,0,0,0,0,0.333333333,0,0,0.066666667,0.4,0,0.733333333,0.4,1,0,0.4,0,0,0,0,0.4,0.666666667,0.866666667,0.666666667,3.733333333,0,0.066666667,0,0.2,0,0,0.2,0,0,0,0.2,0,0.2,0,0,0.133333333,0,0
AD718,0,0.133333333,0.466666667,0.2,0.266666667,0.266666667,0,0.466666667,0.4,0,0,0.4,0,1,0,0.133333333,0,0,0,0.2,0.2,0.266666667,0,0.066666667,0,0,0.133333333,0,0,0,0,0,0.8,0.333333333,0.133333333,0.266666667,0,0.066666667,0,0.133333333,0,0.866666667,0.133333333,0.4,0.133333333,0.533333333,0.4,1.466666667,0.333333333,0.2,0.066666667
AD738,1.058823529,4.117647059,0.647058824,0.294117647,0.294117647,0.117647059,0,0,0.176470588,0.117647059,0.235294118,0,0.058823529,0.470588235,0,0,0,0,0,0,0.058823529,0,0,0,0,0,0,0,0,0.117647059,0,0,0,0,0,0,0,0,0,0,0.117647059,0.235294118,0,0,0.352941176,0,0,0,0,0.529411765,0
AD781,0,0,0.142857143,0,0,0,0.357142857,0.642857143,0.142857143,0,0.214285714,0,0,1.357142857,0.285714286,0,0.142857143,0.428571429,1.428571429,0.714285714,0.5,0.071428571,0.428571429,0,0.142857143,0,0,0,0,0.142857143,0.142857143,0.357142857,0.642857143,0,0,0,0.285714286,0.357142857,0,0.142857143,0.214285714,0.142857143,0.285714286,0,0,0,0.071428571,0,0,0.285714286,0
AD835,0,0,0.142857143,0,0.214285714,0,0,0,0,0,0,0.214285714,0,0.357142857,0,0,0,0.428571429,1.214285714,0.714285714,0.071428571,0.428571429,0,0,0,0.142857143,0,0,0.142857143,0.714285714,0.857142857,0.642857143,1.357142857,0.428571429,0.071428571,0.285714286,0.214285714,0.285714286,0,0.785714286,0.214285714,0.285714286,0.428571429,0.142857143,0.357142857,0,0.071428571,0.357142857,0.214285714,0,0.214285714
AD853,0.384615385,0,0,0,0,0,0,0,0,0,0,0,0,0,0,0,0,0,0.230769231,0.307692308,0.307692308,0.307692308,0,1.230769231,0,0.538461538,0.538461538,0.538461538,1.769230769,0.307692308,0.230769231,0.153846154,0.769230769,0.076923077,0.769230769,0,0,1.076923077,0,1.076923077,0,0,0,0,0,0,0,0.076923077,0,0,0
AD862,0,0,0.142857143,0.071428571,0,0,0,0.214285714,0.214285714,0,0,0,0,0.857142857,0,0.214285714,0.428571429,0.857142857,0.214285714,0.285714286,0.285714286,0.571428571,0,0,0,0,0,0,0.071428571,0.428571429,0.285714286,0,3.357142857,0.142857143,0,0,0,0,0,0.428571429,0.214285714,0,0,0.142857143,0.214285714,0,0,0,0,0,0.142857143
AD866,0.071428571,0,0.428571429,0,0,0,0,0.357142857,0,0,0,0,0,0.357142857,0.285714286,0.214285714,0.285714286,1.5,1.571428571,1.071428571,0,0.714285714,0,0,0.071428571,0,0,0,0.285714286,0.357142857,0.142857143,0.285714286,2.928571429,0.357142857,0.142857143,0.357142857,0,0,0,0,0.428571429,0.071428571,0.214285714,0,0.071428571,0,0,0,0.214285714,0.357142857,0.285714286
AD917,0.5,0.357142857,0.5,4.5,0.214285714,0,0.285714286,0.357142857,0.285714286,0.5,0.071428571,0,0,0.857142857,0,0.142857143,0,0,0,0,0,0,0,0,0,0,0,0,0,0,0,0,0,0,0,0,0,0,0,0,0,0,0,0.071428571,1.5,0,0,0.142857143,0,0,0
AD919,0.666666667,0.4,0.533333333,0.333333333,0.8,0.8,0,0,0.4,0,0.4,0.4,0.2,0.4,0,0,0,0,0,0,0,0,0,0,0,0.066666667,0,0.133333333,0,0.266666667,0.2,0,0,0.2,0,0.333333333,0.266666667,0,0,0.066666667,0,0.733333333,0,0.2,0.133333333,0,0.533333333,0,0.333333333,0.4,0.333333333
AD994,1,0.5625,1.0625,0,0,0.1875,0,0,0,0,0,0,0,0.125,0,0,0,0.6875,0.5,1.375,1,0.875,0.0625,0.25,0,0,0,0,0.0625,0.75,0.8125,0.1875,1.0625,0.875,0.125,0,0.3125,0.0625,0,0.125,0.25,0,0.4375,0,0,0.5625,0,0,0.0625,0,0
AE002,0.259259259,0,0.222222222,0,0.185185185,0,0,0,0.296296296,0,0.148148148,0.111111111,0,0.703703704,0.259259259,0.111111111,0.111111111,0.296296296,0,0.185185185,0.185185185,0.148148148,0.148148148,0.074074074,0.111111111,0,0.296296296,0.148148148,0,0.074074074,0.296296296,0.407407407,0,0.444444444,0.259259259,0.333333333,0.148148148,0,0.222222222,0.148148148,0.111111111,0.185185185,0.37037037,0.518518519,0.703703704,0.555555556,0.555555556,2.777777778,0.222222222,0.296296296,0
AE042,0.357142857,0.107142857,0.25,0,0.25,0.107142857,0,0.357142857,0.107142857,0,0.321428571,0.107142857,0,0.571428571,0,0,0,0.178571429,0.25,0.142857143,0.178571429,0,0.107142857,0.107142857,0,0,0,0,0,0,0.321428571,0.464285714,0.214285714,0.785714286,0.178571429,0.964285714,0.714285714,0.214285714,0.214285714,0.392857143,1.357142857,0.392857143,0.571428571,0.178571429,0.107142857,0.178571429,0.535714286,0.285714286,0.464285714,0.107142857,0.357142857
AE043,0.464285714,0.607142857,0.571428571,0.428571429,0.464285714,0.071428571,0.285714286,0,0.75,0.357142857,0.142857143,0.214285714,0.142857143,0.25,0.178571429,0.178571429,0,0,0,0.892857143,1.25,0,0.964285714,0.25,0.107142857,0.035714286,0.214285714,0.321428571,0.321428571,0,0.607142857,0,0,0.178571429,0,0.25,0.071428571,0,0,0,0.071428571,0.035714286,0,0.178571429,0.25,0.071428571,0.25,0.178571429,0.178571429,0.071428571,0
AE061,0.142857143,0.071428571,0.464285714,0.607142857,0.321428571,0.321428571,0.071428571,0,0,0,0,0,0,0.035714286,0.035714286,0.035714286,0.071428571,0.357142857,0.142857143,0.071428571,0,0,0,0,0,0,0,0,0,0.071428571,0.142857143,0,0,1.321428571,0,0.928571429,0.5,0,0,0.035714286,1.035714286,0.392857143,0.285714286,1.714285714,1.214285714,1.142857143,0.714285714,0.642857143,0.5,0.321428571,0.607142857
AE067,0.857142857,0,0.5,0.107142857,0.392857143,0.25,0.428571429,0.035714286,0.285714286,0,0.178571429,0,0,0.285714286,0,0.107142857,0,0,0.071428571,0,0.25,0,0,0,0,0,0,0,0,0.035714286,0.107142857,0,0,0.678571429,0.428571429,0.464285714,0.821428571,0.571428571,0.285714286,0.392857143,0.25,0.285714286,0.285714286,0.107142857,0.107142857,0.285714286,0,0.107142857,0.142857143,0.035714286,0
AE099,0.074074074,0,0.333333333,1.962962963,0.111111111,0.148148148,0.111111111,0.148148148,0,0.074074074,0,0.148148148,0,0.666666667,0.148148148,0.222222222,0.111111111,0.037037037,0,0,0.111111111,0,0.074074074,0,0.074074074,0.148148148,0.111111111,0.074074074,0,0,0,0,0,0,0,0,0.296296296,0.148148148,0,0,0.185185185,0.37037037,0.074074074,0.518518519,1.666666667,1.777777778,0.444444444,1.703703704,0.592592593,0.111111111,0.111111111
AE140,0.178571429,0.214285714,0.392857143,0.214285714,0.357142857,0.178571429,0.25,0,0.392857143,0.107142857,0.285714286,0.178571429,0.142857143,0.428571429,0,0.107142857,0.071428571,0,0,0.142857143,0.107142857,0,0,0,0,0,0,0.035714286,0.071428571,0.142857143,0.107142857,0.142857143,0,0.785714286,0.107142857,0.678571429,0.214285714,0,0,0.035714286,1.071428571,0.535714286,0,0.321428571,0.178571429,0.464285714,0.75,0.892857143,1.107142857,0.142857143,0.428571429
AE142,0.428571429,0.107142857,0.5,0.607142857,0.035714286,0.821428571,0.357142857,0,0.214285714,0.071428571,0.178571429,0,0.142857143,0.071428571,0,0,0,0,0,0.321428571,0,0,0,0.321428571,0,0.035714286,0,0,0,0.25,0.357142857,0.25,0.607142857,0,0.142857143,0.285714286,0.785714286,0.071428571,0.107142857,0.25,0.25,0.642857143,0.071428571,0.571428571,0.714285714,1.285714286,0.571428571,0.964285714,0.857142857,0,0.392857143
AE148,0.222222222,0.222222222,0.444444444,0.888888889,0.259259259,0.074074074,0.185185185,0,0.481481481,0,0.148148148,0.333333333,0.259259259,0.62962963,0.074074074,0.148148148,0,0,0,0,0.074074074,0,0.074074074,0,0,0,0.111111111,0,0,0.148148148,0.111111111,0.296296296,0,0,0,0.111111111,0.296296296,0,0,0.074074074,0.074074074,0.296296296,0,2.074074074,1.407407407,0.62962963,0.333333333,0.666666667,0.296296296,0.296296296,0.111111111
AE153,0.071428571,0,0.642857143,2.321428571,0.178571429,0.25,0.178571429,0.035714286,0.428571429,0,0.25,0,0,0.928571429,0.142857143,0.428571429,0.178571429,0.25,0.107142857,0,0.071428571,0,0,0,0,0,0.107142857,0,0,0.071428571,0.178571429,0,0,0,0,0.107142857,0.214285714,0,0,0,0.321428571,0.535714286,0,0.964285714,1.214285714,1,0.392857143,1.357142857,0.607142857,0.214285714,0.071428571
AE177,0.37037037,0.074074074,0.407407407,3.518518519,0,0.111111111,0.333333333,0.481481481,0.444444444,0.185185185,0.111111111,0.222222222,0,1.555555556,0,0.407407407,0,0.185185185,0,0,0,0,0,0,0,0,0.111111111,0,0,0.037037037,0.407407407,0,0,0,0,0,0,0,0.148148148,0,0,0,0,0.666666667,1.407407407,0.592592593,0,0.111111111,0.037037037,0,0
AE184,0.111111111,0,0,0.037037037,0,0,0.037037037,0,0,0,0,0,0,0.37037037,0.185185185,0,0,0,0.148148148,0,0,0,0,0,0,0,0,0,0,0.185185185,0.111111111,0,0,0.037037037,0,0,0,0.037037037,0,0,0.148148148,0.074074074,0,0.703703704,0.407407407,1.185185185,0.62962963,4.259259259,0,0.111111111,0
AE240,0.75,0,0.107142857,0,0.214285714,0.071428571,0.142857143,0.107142857,0.178571429,0,0.142857143,0,0,0.142857143,0,0,0,0.071428571,0,1.642857143,1.607142857,0.214285714,1.035714286,0.214285714,0.035714286,0.071428571,0.071428571,0,0.107142857,0.285714286,0.107142857,0.428571429,0.107142857,0.5,0.25,0.464285714,0.535714286,0.142857143,0,0,0,0.107142857,0.178571429,0,0,0,0.25,0,0,0,0
AE297,0.259259259,0,0.259259259,0.111111111,0.407407407,0.148148148,0,0,0,0,0,0,0,0.222222222,0,0,0,0.555555556,0.592592593,0.333333333,0.777777778,0.185185185,0.222222222,0.148148148,0,0,0,0,0,0.444444444,0.296296296,0.518518519,0.259259259,0.407407407,0.222222222,0.666666667,0.444444444,0,0,0.37037037,1.259259259,0.888888889,0.259259259,0,0.148148148,0.518518519,0.481481481,0.518518519,0.333333333,0.222222222,0.222222222
AE448,0.666666667,0.444444444,1,0.37037037,0.518518519,0.111111111,0.62962963,0.074074074,0.259259259,0.074074074,0.407407407,0.259259259,0.074074074,0.37037037,0.148148148,0.222222222,0.074074074,0,0,0,0,0,0.074074074,0,0.111111111,0.037037037,0.148148148,0,0.185185185,0.074074074,0.185185185,0,0,0.111111111,0,0.037037037,0,0.111111111,0,0.148148148,0.111111111,0,0,0.111111111,0.259259259,0,0.592592593,0,0.222222222,0.296296296,0
AE539,0.107142857,0,0.178571429,0.178571429,0.214285714,0,0.428571429,0.25,0.285714286,0,0.357142857,0.107142857,0,0.357142857,0,0.071428571,0,0,0,0.285714286,0.392857143,0.071428571,0.107142857,0,0,0,0,0.071428571,0,0.214285714,0.285714286,0.107142857,0.142857143,0.392857143,0.428571429,0.357142857,0.857142857,0.464285714,0.178571429,0.285714286,0.107142857,0.428571429,0.571428571,0.107142857,0.214285714,0.5,0,0.392857143,0.214285714,0,0.142857143
AE568,0.296296296,0.185185185,0.481481481,0.592592593,0.148148148,0.185185185,0,0.333333333,0.666666667,0,0,0.666666667,0.111111111,1.185185185,0.222222222,0.259259259,0.074074074,0,0.037037037,0,0,0,0.037037037,0,0.185185185,0,0,0,0,0.185185185,0.407407407,0,0,0.185185185,0,0.333333333,0.148148148,0.185185185,0,0,0.111111111,0.222222222,0.074074074,1.222222222,1.222222222,0.666666667,0.62962963,0.62962963,0.592592593,0,0
AE645,0.178571429,0,0.214285714,0,0.178571429,0,0,0,0.107142857,0.071428571,0.035714286,0.035714286,0,0.142857143,0.071428571,0.071428571,0.071428571,0,0,0.071428571,0.071428571,0.071428571,0,0.107142857,0,0,0.214285714,0.25,0.5,0.214285714,0.5,0.142857143,0,0.142857143,0.107142857,0.214285714,0.5,0,0.535714286,0.892857143,0.214285714,0.357142857,0.178571429,0.25,0.25,0.964285714,0.642857143,3.071428571,0.142857143,0.142857143,0.25
AE659,0.074074074,0,0.555555556,2.037037037,0.222222222,0.074074074,0,0.259259259,0.37037037,0.074074074,0,0.148148148,0,1,0,0.148148148,0,0,0,0,0.074074074,0,0,0,0,0,0.407407407,0,0.037037037,0.407407407,0,0.111111111,0.037037037,0.037037037,0,0.074074074,0.37037037,0.111111111,0.148148148,0.703703704,0.111111111,0.296296296,0,0.592592593,1.111111111,0.518518519,0.296296296,0.555555556,0.518518519,0,0
AE666,0.178571429,0,0.642857143,0.107142857,0.5,0.642857143,0.035714286,0.214285714,0,0,0,0,0,0,0,0,0,0.714285714,0.178571429,0.035714286,0,0,0,0,0,0,0,0,0,0.071428571,0.178571429,0.035714286,0,0.285714286,0,0.535714286,0.142857143,0,0,0,1.25,0.642857143,0,0.071428571,0.857142857,0.464285714,0.392857143,1.714285714,0.785714286,0,0.285714286
AE681,0.074074074,0.037037037,0.407407407,3.444444444,0.37037037,0.333333333,0.222222222,0.148148148,0.148148148,0.111111111,0,0.185185185,0,1.185185185,0.074074074,0.37037037,0,0,0,0,0,0,0,0.037037037,0,0,0.185185185,0.185185185,0,0.037037037,0,0,0,0.333333333,0,0.148148148,0.185185185,0,0,0,0,0.037037037,0.037037037,1.074074074,2.037037037,0.296296296,0.37037037,0.555555556,0,0,0.333333333
AE755,0.111111111,0,0.074074074,0,0.185185185,0,0,0,0.074074074,0,0,0,0,0.259259259,0.037037037,0,0,0.074074074,0,1.37037037,2.074074074,0.074074074,0.703703704,0.259259259,0.111111111,0,0.111111111,0.296296296,0.074074074,0.111111111,0.111111111,0,0.037037037,0,0.037037037,0.222222222,0.074074074,0,0,0,0.074074074,0,0.259259259,0.296296296,0.259259259,0.222222222,0.185185185,2.666666667,0.148148148,0,0.037037037
AE761,0.75,0.25,0.428571429,0,0.607142857,0.071428571,0.142857143,0.107142857,0,0,0,0,0,0.035714286,0.178571429,0.035714286,0,0.071428571,0,1.035714286,2.178571429,0.178571429,0.75,0.214285714,0.107142857,0,0.214285714,0.035714286,0,0.142857143,0.142857143,0,0,0.428571429,0.428571429,0.428571429,0,0.035714286,0,0.071428571,0,0.321428571,0.107142857,0,0.035714286,0,0,0,0.107142857,0.071428571,0.142857143
AE767,0,0,0.071428571,1.107142857,0.214285714,0,0,0.071428571,0,0.071428571,0,0.071428571,0,0.714285714,0,0.214285714,0,0.107142857,0.285714286,0,0,0,0,0,0,0,0,0,0,0.107142857,0,0.107142857,0,0.25,0.107142857,0.535714286,0.964285714,0,0.107142857,0.142857143,0.785714286,1.178571429,0.071428571,0.821428571,1.392857143,1.321428571,0.642857143,1.321428571,0.678571429,0.392857143,0.25
AE798,0.148148148,0.185185185,0.37037037,0.222222222,0.37037037,0,1.518518519,0.962962963,0.444444444,0,0.111111111,0.333333333,0,1.037037037,0.111111111,0.296296296,0.111111111,0.037037037,0,0,0,0,0.074074074,0,0.148148148,0.185185185,0,0,0,0.037037037,0.074074074,0,0.074074074,0.037037037,0,0.259259259,0.148148148,0,0.111111111,0.074074074,0,0.296296296,0.740740741,0.925925926,0.777777778,0.259259259,0.333333333,1.444444444,0.074074074,0.074074074,0
AE825,0.107142857,0.035714286,0.285714286,3.214285714,0.178571429,0,0.107142857,0.25,0.142857143,0,0.107142857,0,0,1.178571429,0.428571429,0.464285714,0.25,0.142857143,0,0,0,0,0,0,0.071428571,0,0.071428571,0,0,0,0.107142857,0,0,0,0,0.142857143,0.071428571,0,0,0,0.071428571,0,0,0.321428571,1.142857143,0.428571429,0,1.928571429,0,0,0
AE855,0.642857143,0.178571429,0.321428571,0.5,0.285714286,0.5,0.071428571,0.107142857,0.107142857,0,0,0.035714286,0,0.142857143,0,0,0.035714286,0.071428571,0,0,0.035714286,0.071428571,0,0,0,0,0,0,0,0.25,0.142857143,0,0.071428571,0.821428571,0,0.785714286,0.428571429,0.107142857,0,0.071428571,0.214285714,0.142857143,0.107142857,1.785714286,0.75,1.071428571,0.607142857,1.107142857,0,0.357142857,0.071428571
AE913,0.214285714,0,0.285714286,0.214285714,0.285714286,0.321428571,0.071428571,0.107142857,0,0,0,0,0,0.214285714,0.178571429,0,0,0,0,0.714285714,0.714285714,0,0.5,0.035714286,0.071428571,0,0,0.392857143,0,0.142857143,0,0,0.035714286,0.642857143,0,0.107142857,0.357142857,0.107142857,0,0,0.392857143,0.142857143,0.035714286,1.178571429,1.392857143,0.571428571,0.571428571,0.857142857,0.142857143,0,0.142857143
AE929,0.185185185,0,0.222222222,0.444444444,0.259259259,0.111111111,0,0.111111111,0.518518519,0,0.111111111,0.333333333,0.148148148,0.481481481,0.148148148,0.222222222,0.148148148,0.074074074,0,0,0,0,0.111111111,0,0.074074074,0.111111111,0.222222222,0.222222222,0.407407407,0.148148148,0.37037037,0.148148148,0,0.111111111,0,0.777777778,0.37037037,0,0.592592593,0.444444444,0,0,0.111111111,1.222222222,0.814814815,0.518518519,0.333333333,0.962962963,0.481481481,0.074074074,0.222222222
AE967,0.214285714,0,0.464285714,0,0.25,0.25,0.535714286,0.035714286,0.678571429,0.428571429,0.5,0.107142857,0.178571429,0.071428571,0.071428571,0,0,0,0,0.285714286,0,0,0,0,0,0,0,0.035714286,0.035714286,0.285714286,0.75,0.285714286,1.178571429,0.142857143,0,0.392857143,0.678571429,0.142857143,0,0.321428571,0.357142857,0.25,0,0.142857143,0.321428571,0.535714286,0.25,0.357142857,0.214285714,0.357142857,0.642857143
AG069,0.166666667,0,0.066666667,0.133333333,0,0,0,0,0.066666667,0,0.066666667,0.1,0.1,0.7,0.166666667,0.266666667,0,0.033333333,0,0,0.266666667,0,0.1,0,0,0,0.733333333,1.3,1.5,0.3,0.1,0.233333333,0,0.033333333,0.066666667,0.133333333,0,0,0.166666667,0.033333333,0,0,0,0,0.2,0.033333333,0,0.166666667,0,0,0
AG139,0.733333333,0.066666667,0.4,0.133333333,0.166666667,0.033333333,0,0.066666667,0.133333333,0,0,0,0,0.7,0.3,0.133333333,0.066666667,0.366666667,0.2,0.766666667,0.933333333,0,1.6,0.033333333,0,0.1,0.2,0.133333333,0.033333333,0.166666667,0,0,0,0.633333333,0.133333333,0.666666667,0.433333333,0,0,0.133333333,0.133333333,0.1,0.133333333,0,0.033333333,0.233333333,0,0.2,0.133333333,0.1,0.066666667
AG158,0.266666667,0.066666667,0.3,0.1,0.133333333,0,0.066666667,0.033333333,0.166666667,0,0.033333333,0,0,0.533333333,0.166666667,0.366666667,0,0.2,0,0.133333333,0.533333333,0,0.433333333,0.066666667,0,0,0.2,0.5,0.3,0,0.033333333,0.166666667,0,0.066666667,0,0.2,0,0,0.033333333,0.1,0,0,0,0,0,0,0,0.2,0,0,0
AG169,0.366666667,0,0.333333333,0,0.4,0,0.033333333,0.033333333,0.133333333,0,0.033333333,0,0,0.366666667,0.033333333,0.2,0,0.133333333,0,0.066666667,0.366666667,0.066666667,0.133333333,0,0.033333333,0.133333333,0.4,0.7,0.6,0.233333333,0.066666667,0.266666667,0,0.266666667,0,0.333333333,0.066666667,0,0.066666667,0.033333333,0,0.066666667,0,0,0,0,0,0.033333333,0.033333333,0,0
AG247,0.933333333,0.066666667,0.566666667,0.066666667,0,0.133333333,0.9,0.133333333,0.833333333,0.1,0.433333333,0.133333333,0.366666667,0.6,0.3,0.233333333,0.266666667,0,0,0.3,0,0.1,0,0,0,0,0,0,0,0.166666667,0.333333333,0.3,0.8,0.1,0.233333333,0.566666667,0.666666667,0.133333333,0.1,0.433333333,0.1,0,0,0.066666667,0.133333333,0.6,0.133333333,0.133333333,0.066666667,0,0.2
AG298,0.3,0.066666667,0.166666667,0,0.333333333,0.1,0,0,0.1,0.066666667,0.066666667,0.066666667,0,0.8,0.533333333,0.5,0.166666667,0.266666667,0.233333333,0.7,1.233333333,0.266666667,1.433333333,0.033333333,0.2,0,0.833333333,0.466666667,0.366666667,0.2,0,0.133333333,0,0.166666667,0.033333333,0.266666667,0.233333333,0,0.033333333,0.033333333,0,0.166666667,0.066666667,0,0,0,0,0.2,0,0,0
AG316,0.266666667,0,0.333333333,0.2,0.1,0.133333333,0.266666667,0,0.066666667,0.066666667,0,0,0,0.333333333,0,0.1,0,0,0,0.333333333,0,0.3,0.066666667,0.033333333,0,0,0,0,0.033333333,0.166666667,0.266666667,0.8,2.6,0.033333333,0.233333333,0.633333333,0.166666667,0,0.066666667,0.133333333,0.133333333,0,0.133333333,1.166666667,0.566666667,0.2,0,0.266666667,0,0.066666667,0.066666667
AG333,0.4,0,0.266666667,0.066666667,0.6,0.033333333,0.066666667,0,0.033333333,0.033333333,0,0,0,0.933333333,0.533333333,0.433333333,0,0.366666667,0,0.566666667,0.966666667,0.133333333,0.933333333,0,0.166666667,0,0.333333333,0,0.066666667,0,0.033333333,0.033333333,0,0.066666667,0,0.266666667,0.3,0,0,0.033333333,0,0.133333333,0,0,0.1,0.1,0,0.4,0,0.033333333,0.066666667
AG354,0.2,0,0.233333333,0.133333333,0.266666667,0.033333333,0.466666667,0.333333333,0.766666667,0.066666667,0,0.1,0,0.566666667,0.266666667,0.333333333,0.233333333,0.266666667,0.2,0.166666667,0.1,0.233333333,0.466666667,0.166666667,0,0.2,0,0,0.066666667,0,0.4,0,0.066666667,0.2,0,0.833333333,0,0,0.033333333,0.066666667,0.533333333,0.366666667,0.266666667,0.366666667,0.2,0.133333333,0,0.2,0.5,0.033333333,0.166666667
AG386,0.166666667,0,0.4,0.166666667,0,0.066666667,0.1,0.033333333,0.233333333,0,0,0,0,0.366666667,0.266666667,0.233333333,0.066666667,0.9,0.833333333,1.066666667,0.733333333,0.333333333,0.166666667,0,0,0,0,0,0,0,0.333333333,0.8,1.233333333,0.366666667,0.333333333,0.4,0.366666667,0.3,0.066666667,0.166666667,0.966666667,0,0.466666667,0.866666667,0.433333333,0.266666667,0.1,0.333333333,0.166666667,0,0
AG543,0.5,0.233333333,0.366666667,0.5,0.233333333,0.166666667,0.066666667,0.266666667,0.233333333,0,0,0,0,0.5,0.066666667,0.2,0,0.066666667,0,0.1,0.133333333,0,0.1,0,0,0,0,0,0,0,0.266666667,0.033333333,0.1,0.033333333,0,0.666666667,0,0,0,0,0.1,0.033333333,0,2.7,0.833333333,0.466666667,0,1.1,0.066666667,0.066666667,0.166666667
AG570,0.133333333,0.033333333,0.2,0.033333333,0.1,0,0.266666667,0,0.233333333,0,0,0.2,0.1,0.5,0.1,0.233333333,0.066666667,0.7,0.866666667,1,0.666666667,0.833333333,0.8,0.366666667,0,0,0,0,0,0.5,0.266666667,0.9,0.666666667,0.3,0.166666667,0.033333333,0.333333333,0.033333333,0.1,0.4,0.433333333,0.066666667,0.7,0,0,0.3,0,0,0,0,0
AG699,0.3,0.166666667,0.166666667,0,0.366666667,0.2,0.066666667,0.1,0.1,0,0,0.066666667,0,0.433333333,0.3,0.333333333,0.133333333,0.466666667,0.266666667,0.333333333,0.366666667,0,0.4,0,0.133333333,0.066666667,0,0.1,0.066666667,0.2,0.1,0.433333333,0.133333333,0.4,0.166666667,0.733333333,0.266666667,0.033333333,0,0.466666667,0.566666667,0.233333333,0.333333333,0.233333333,0.1,0.233333333,0,0.266666667,0.8,0.233333333,0.2
AG732,0.233333333,0.033333333,0.166666667,0.033333333,0.3,0,0.033333333,0,0,0,0,0,0,0.266666667,0.5,0.366666667,0.066666667,0.433333333,0.3,0.633333333,0.966666667,0,1.266666667,0.066666667,0,0,0.166666667,0.033333333,0.066666667,0.066666667,0,0.033333333,0,0.466666667,0.3,0.766666667,0.166666667,0.033333333,0,0.066666667,0,0.066666667,0,0.066666667,0,0.066666667,0,0.133333333,0,0,0.066666667
AG810,0.433333333,0.033333333,0.466666667,0.3,0.133333333,0.466666667,0.033333333,0.166666667,0.733333333,0,0.133333333,0.066666667,0,0.4,0.033333333,0.2,0,0,0,0,0,0,0,0,0,0,0,0,0.166666667,0.066666667,0.166666667,0.1,0.033333333,0,0,0.5,0.2,0,0.033333333,0.1,0.133333333,0.1,0,2.766666667,1.066666667,0.266666667,0,0.533333333,0.133333333,0.066666667,0.4
AG869,0.5,0,0.333333333,0.1,0.3,0.1,0.066666667,0.033333333,0.566666667,0,0,0.233333333,0,0.566666667,0.433333333,0.1,0,0.3,0.033333333,0.833333333,1.133333333,0.5,1.166666667,0.1,0,0.2,0,0.2,0,0.033333333,0.3,0.066666667,0.133333333,0.066666667,0,0.666666667,0.3,0,0,0.066666667,0.066666667,0.066666667,0.1,0.066666667,0.3,0.033333333,0,0.233333333,0.166666667,0,0
AG945,0.6,0.266666667,0.366666667,0,0.166666667,0.1,0.766666667,0.133333333,0.6,0,0.466666667,0,0.433333333,0.5,0.1,0,0.066666667,0,0,0.266666667,0,0.066666667,0,0.033333333,0,0,0.1,0,0,0.066666667,0.066666667,0.5,1.233333333,0,0.133333333,0.8,0.9,0.2,0.133333333,0.333333333,0.133333333,0,0.1,0,0.066666667,0.833333333,0,0.266666667,0,0.1,0.3
AH022,0.2,0,0.433333333,0.166666667,0.233333333,0.166666667,0.733333333,0.4,0.9,0,0.1,0.266666667,0.266666667,0.766666667,0.233333333,0.333333333,0.5,0,0,0.166666667,0.033333333,0.066666667,0.3,0,0,0.1,0,0,0.066666667,0.166666667,0.2,0.233333333,0,0.1,0,0.566666667,0.133333333,0,0.033333333,0,0.333333333,0.333333333,0,0.4,0.6,0,0,0.4,0.266666667,0.066666667,0.3
AH189,0.1,0.266666667,0.2,0,0.066666667,0,0.3,0.033333333,1,0,0.766666667,0.2,0.333333333,0.733333333,0,0.433333333,0,0,0,0.133333333,0.066666667,0,0,0,0,0,1.133333333,0.133333333,1,0.766666667,0.666666667,0.5,0.033333333,0.1,0,0.8,0,0.066666667,0.666666667,1.766666667,0,0,0.066666667,0,0.1,0.033333333,0,0,0,0,0
AH199,0.8,2.733333333,0.366666667,0.066666667,0.466666667,0.1,0.266666667,0.3,0.4,0.133333333,0.1,0,0,0.633333333,0,0,0,0,0,0.1,0.366666667,0,0.233333333,0,0,0.4,0.1,0.033333333,0.533333333,0.233333333,0.1,0.066666667,0,0.2,0.133333333,0.566666667,0,0,0,0,0.1,0.166666667,0.066666667,0,0.133333333,0.1,0,0,0.066666667,0.166666667,0.1
AH402,0.433333333,0.066666667,0.333333333,0.433333333,0.333333333,0.3,0.4,0,0.9,0,0.133333333,0.3,0.066666667,0.8,0.4,0.466666667,0.166666667,0.033333333,0,0.033333333,0,0,0.133333333,0,0,0.133333333,0.266666667,0,0.133333333,0.1,0.066666667,0.166666667,0.166666667,0.1,0.066666667,0.066666667,0,0,0.033333333,0.033333333,0.3,0.466666667,0,0.933333333,0.566666667,0,0,0.333333333,0.533333333,0.233333333,0.1
AH445,0.433333333,0.066666667,0.2,0,0.2,0,0.166666667,0,0.266666667,0,0,0,0,0.2,0.066666667,0.066666667,0,0,0,0.133333333,0,0.2,0.066666667,0.066666667,0,0,1.566666667,0.166666667,1.233333333,1.2,0.466666667,0.766666667,0.233333333,0.266666667,0.433333333,0.666666667,0,0.2,0.466666667,2.366666667,0,0,0.066666667,0,0.033333333,0.066666667,0,0,0,0,0
AH541,0.166666667,0.2,0.266666667,0,0,0,0.6,0.166666667,1.7,0.1,1.366666667,1.366666667,0.266666667,1.066666667,0,0.3,0,0,0,0.066666667,0.1,0,0.066666667,0.066666667,0.1,0.1,0.2,0.233333333,0.666666667,0.2,0.566666667,0.033333333,0,0,0.1,0.266666667,0.1,0,0.033333333,0.033333333,0,0,0,0.2,0.033333333,0.133333333,0,0.166666667,0.066666667,0.066666667,0.1
AH588,0.533333333,2.6,0.633333333,0.233333333,0.233333333,0.133333333,0.4,0.3,0.833333333,0.366666667,0.5,0.1,0.133333333,1.033333333,0.133333333,0.266666667,0.1,0.2,0,0,0,0,0,0,0,0,0,0,0.066666667,0,0,0,0,0.166666667,0.133333333,0.3,0,0,0,0,0.166666667,0.033333333,0,0.266666667,0.5,0,0,0,0.233333333,0.4,0.1
AH608,0.5,0.133333333,0.233333333,0.1,0.4,0,0.3,0.166666667,0.066666667,0,0,0,0.033333333,0.833333333,0.7,0.633333333,0.066666667,0.033333333,0.066666667,0.233333333,0.166666667,0,0.533333333,0.033333333,0.133333333,0.4,0.1,0,0.933333333,0.8,0.266666667,0.366666667,0,0.3,0.066666667,0.933333333,0.266666667,0.166666667,0.333333333,0.5,0.266666667,0.066666667,0.1,0.133333333,0.033333333,0.1,0,0,0.233333333,0,0.133333333
AH666,0.166666667,0,0.333333333,0,0.366666667,0.166666667,0.433333333,0.233333333,0.933333333,0.166666667,0.066666667,0.5,0.066666667,1,0.3,0.633333333,0.266666667,0,0,0.066666667,0.233333333,0,0.133333333,0,0,0.166666667,0.166666667,0.066666667,0.366666667,0.066666667,0.3,0.066666667,0.133333333,0,0,0.266666667,0.166666667,0,0.033333333,0.133333333,0.1,0.4,0.1,0.533333333,0.066666667,0,0,0.133333333,0.166666667,0,0
AH674,0.1,0,0.1,0,0.1,0,0.133333333,0,0.166666667,0.1,0.033333333,0.1,0.1,0.5,0,0.233333333,0,0.066666667,0,0,0,0.333333333,0.166666667,0,0.066666667,0,1,0.366666667,1.4,0.8,0.533333333,0.366666667,0.133333333,0.233333333,0.166666667,0.8,0.233333333,0.266666667,0.6,2.433333333,0.166666667,0.066666667,0,0,0,0.266666667,0,0.033333333,0,0,0
AH771,0.133333333,0.166666667,0.4,0.066666667,0.2,0,0.766666667,0.3,1.533333333,0.133333333,1.8,0.6,0.233333333,1,0,0.3,0,0,0,0.033333333,0.1,0,0,0,0,0.133333333,0.066666667,0,0.533333333,0.066666667,0.5,0.066666667,0.033333333,0.1,0,0.166666667,0,0,0,0.066666667,0.066666667,0,0.033333333,0.2,0.033333333,0.133333333,0,0.066666667,0,0.033333333,0
AH817,0.2,0,0.466666667,0.066666667,0.433333333,0.133333333,0.3,0.166666667,0.433333333,0,0.066666667,0.3,0,0.866666667,0.533333333,0.666666667,0.2,0.033333333,0,0,0.266666667,0,0.233333333,0.033333333,0.033333333,0.166666667,0.166666667,0,0,0,0.1,0.166666667,0.2,0.2,0.066666667,0.333333333,0.366666667,0,0,0,0.333333333,0.2,0,1.2,0.3,0.3,0,0.5,0.4,0,0.2
AH866,0.3,0,0.333333333,0.166666667,0.3,0.2,0,0.1,0.333333333,0,0.066666667,0.066666667,0.066666667,0.766666667,0.3,0.466666667,0.133333333,0,0,0.133333333,0.4,0,0.233333333,0,0.233333333,0.1,0.766666667,0.166666667,0.466666667,0.3,0,0.066666667,0,0,0.233333333,0.4,0.233333333,0,0,0,0,0.066666667,0,0,0,0,0,0.1,0.033333333,0,0.066666667
AH997,0.333333333,0.066666667,0.366666667,0,0.4,0,0.066666667,0.033333333,0.133333333,0.033333333,0,0,0,0.166666667,0.066666667,0.166666667,0.066666667,0,0,0.533333333,0.7,0.3,0.566666667,0.766666667,0,0.1,0.3,0.3,1.733333333,0.6,0.333333333,1.066666667,0.6,0.3,0.166666667,0.4,0.1,0.366666667,0.1,1.366666667,0.033333333,0.033333333,0.266666667,0,0,0,0,0,0.1,0,0
AI098,0.206896552,0,0.275862069,0,0.068965517,0.068965517,0.24137931,0.172413793,1.344827586,0.068965517,0.137931034,0.620689655,0.103448276,0.827586207,0.103448276,0.172413793,0.206896552,0.103448276,0.137931034,0,0.24137931,0,0.275862069,0,0.034482759,0,0.344827586,0.275862069,0.827586207,0.344827586,0.206896552,0.068965517,0,0.413793103,0.137931034,0.344827586,0,0,0.068965517,0.068965517,0.172413793,0.068965517,0.206896552,0.103448276,0,0.137931034,0.068965517,0.034482759,0,0.068965517,0.172413793
AI205,0.413793103,0.206896552,0.517241379,0,0.75862069,0.448275862,0.517241379,0.275862069,0.413793103,0.24137931,0.137931034,0,0,0.482758621,0.103448276,0.103448276,0.034482759,0.137931034,0.24137931,0,0.344827586,0,0.034482759,0,0.137931034,0.24137931,0,0,0,0.103448276,0.275862069,0,0,0.413793103,0.344827586,0.689655172,0.275862069,0.103448276,0.103448276,0.310344828,0.448275862,0.137931034,0.103448276,0.137931034,0.24137931,0.103448276,0.068965517,0.103448276,0.379310345,0.517241379,0.103448276
AI342,0.344827586,0,0.413793103,1.689655172,0.448275862,0.24137931,0.24137931,0.344827586,0.586206897,0,0.034482759,0,0,1.24137931,0.482758621,0.551724138,1.068965517,0,0.24137931,0.103448276,0.103448276,0,0.310344828,0,0,0.103448276,0,0,0,0,0.310344828,0,0,0.068965517,0,0.965517241,0,0,0,0,0.310344828,0.24137931,0,0,0.551724138,0.137931034,0,0.24137931,0.586206897,0.172413793,0.24137931
AI505,0.482758621,0,0.517241379,0.137931034,0.206896552,0.310344828,0.103448276,0,0.103448276,0,0,0,0,0.275862069,0,0,0,0,0.137931034,0.068965517,0.034482759,0,0,0,0,0,0,0,0,0.206896552,0.137931034,0,0.103448276,0.103448276,0,0.413793103,0.275862069,0,0,0.034482759,0,0.172413793,0,0.75862069,0.655172414,1.034482759,0.344827586,2.862068966,0.275862069,0.24137931,0.517241379
AI570,0.142857143,0,0.321428571,0,0.642857143,0,0.285714286,0.071428571,0.321428571,0,0.035714286,0,0,0.357142857,0,0,0.107142857,0.214285714,0.107142857,0.428571429,0.714285714,0.392857143,0.607142857,0.357142857,0,0,0.392857143,0.285714286,0.25,0.464285714,0.571428571,0.071428571,0.178571429,0.357142857,0,0.607142857,0.25,0,0.107142857,0.464285714,0.142857143,0.321428571,0.571428571,0.071428571,0.035714286,0.464285714,0.035714286,0.392857143,0.142857143,0,0.178571429
AI797,0.25,0,0.142857143,0.142857143,0.142857143,0.142857143,0.285714286,0,0.178571429,0.142857143,0,0,0,0.142857143,0,0.035714286,0,0.142857143,0,0,0,0,0,0,0,0.107142857,0,0,0,0.107142857,0,0,0,0.035714286,0,0.142857143,0.535714286,0,0,0.035714286,0,0.178571429,0,0.821428571,0.285714286,1.178571429,0.178571429,2.75,0,0.285714286,0.535714286
AI851,0,0,0.24137931,0.206896552,0.103448276,0,0.517241379,0.206896552,2.137931034,0.103448276,0.965517241,0.551724138,0.103448276,1.275862069,0.068965517,0.206896552,0.103448276,0,0,0,0.24137931,0,0,0,0.103448276,0,0,0,0,0.068965517,0.551724138,0.137931034,0,0,0.103448276,0.448275862,0,0,0,0.068965517,0.034482759,0,0.068965517,0.379310345,0.172413793,0.103448276,0,0.137931034,0.137931034,0,0.034482759
AI884,0.321428571,0,0.428571429,0.678571429,0.357142857,0.178571429,1,0.535714286,1.321428571,0.25,0.357142857,0,0,1.071428571,0.071428571,0.142857143,0.142857143,0.107142857,0,0.035714286,0.142857143,0,0.107142857,0,0,0.035714286,0.071428571,0.035714286,0,0.285714286,0.285714286,0,0,0.071428571,0.607142857,0.214285714,0.071428571,0,0,0.142857143,0,0.142857143,0.107142857,0.178571429,0.214285714,0.071428571,0,0.535714286,0.321428571,0,0.035714286
AI897,0.379310345,0.034482759,0.586206897,0.24137931,0.413793103,0.310344828,0.689655172,0.172413793,0.551724138,0.620689655,0.103448276,0.103448276,0,0.551724138,0.655172414,0.275862069,0.103448276,0.068965517,0.068965517,0.551724138,0.379310345,0,0.310344828,0.206896552,0,0.24137931,0.103448276,0,0,0.551724138,0.24137931,0.137931034,0,0.551724138,0.344827586,0.103448276,0.068965517,0,0.068965517,0,0,0.103448276,0.103448276,0.034482759,0.344827586,0.310344828,0.275862069,0.068965517,0,0,0
AI926,0.896551724,0.310344828,1.482758621,0,0.344827586,0.24137931,0.206896552,0.172413793,0.206896552,0.103448276,0,0,0,0.586206897,0.103448276,0.206896552,0.586206897,0.206896552,0,0.75862069,0.75862069,0.344827586,0.24137931,0.379310345,0,0.068965517,0,0,0,0.793103448,0.344827586,0.103448276,0.379310345,0.517241379,0.103448276,0.344827586,0,0,0,0.137931034,0,0,0,0,0.034482759,0.310344828,0,0,0,0.034482759,0.275862069
AI943,0.275862069,0,0.310344828,0.103448276,0.310344828,0,0.275862069,0.344827586,0.827586207,0,0,0.137931034,0,1.413793103,0.586206897,0.724137931,0.103448276,0.034482759,0,0.275862069,0.551724138,0,0.275862069,0,0,0,0.379310345,0.103448276,0,0.137931034,0.275862069,0,0,0.24137931,0.310344828,0.137931034,0.034482759,0,0,0,0.172413793,0.206896552,0,0.482758621,0.206896552,0.206896552,0.275862069,0.689655172,0.24137931,0.068965517,0.206896552
AJ003,0.066666667,0,0.233333333,0,0.2,0,0.2,0.5,1.2,0,0.133333333,0.033333333,0.1,1.933333333,0.266666667,0.8,0.666666667,0.566666667,0.233333333,0.3,0.166666667,0.766666667,0.133333333,0.233333333,0,0.1,0.233333333,0,0.4,0,0.033333333,0,0.1,0,0,0.166666667,0.033333333,0.166666667,0,0.666666667,0.066666667,0.066666667,0,0.666666667,0.066666667,0.233333333,0,0.433333333,0.2,0,0.1
AJ018,0.5,0,0.466666667,0,0.4,0.066666667,0.433333333,0.1,0.1,0,0,0,0,0.5,0.133333333,0.033333333,0.166666667,0.066666667,0.2,0,0,0,0,0.3,0,1.1,0,0.1,0.2,0.433333333,0,0.033333333,0.1,0.4,0.2,1.266666667,0.033333333,0.066666667,0,0.133333333,0.533333333,0.233333333,0,0.1,0.033333333,0.133333333,0,0.033333333,0.333333333,0,0.233333333
AJ058,0.3,0.1,0.266666667,0.1,0.233333333,0,0.533333333,0.166666667,1.033333333,0.133333333,0,0,0,1.833333333,0.4,0.266666667,0.933333333,0.133333333,0.1,0.366666667,0.433333333,0,0.7,0.533333333,0.2,0.4,0,0,0.2,0.266666667,0,0.233333333,0,0.3,0.066666667,0.3,0.233333333,0.1,0,0.2,0.1,0.033333333,0.033333333,0.1,0.166666667,0.5,0.033333333,0.566666667,0,0.266666667,0
AJ062,0.172413793,0,0.517241379,0.172413793,0.24137931,0.137931034,0.206896552,0.310344828,0.689655172,0.103448276,0.068965517,0.103448276,0,1.068965517,0.379310345,0.275862069,0.379310345,0,0.137931034,0.172413793,0.034482759,0,0.275862069,0.034482759,0,0.068965517,0,0,0,0.275862069,0.137931034,0,0.172413793,0.172413793,0,0.793103448,0.172413793,0,0,0.034482759,0.206896552,0.379310345,0,0.517241379,0.206896552,0.655172414,0.172413793,1.24137931,0.344827586,0.206896552,0.344827586
AJ070,0,0,0.233333333,0.3,0.333333333,0.333333333,0.433333333,0,1.066666667,0.066666667,0,0.266666667,0,1.733333333,0.666666667,0.5,2.5,0,0.133333333,0.033333333,0.233333333,0,0,0.066666667,0,0.2,0,0,0,0,0.533333333,0,0,0.166666667,0,0.066666667,0.033333333,0,0,0,0,0.033333333,0.066666667,0.433333333,0.133333333,0.1,0,0,0.066666667,0.033333333,0
AJ108,0.310344828,0,0.344827586,0,0.103448276,0,0.517241379,0.310344828,2.24137931,0.103448276,0.551724138,1.103448276,0.206896552,1.517241379,0.310344828,0.379310345,0.482758621,0,0.103448276,0,0.068965517,0,0.068965517,0,0,0.103448276,0,0,0,0.275862069,0.482758621,0,0,0.068965517,0,0.275862069,0.034482759,0,0,0.068965517,0.172413793,0.103448276,0,0.275862069,0.310344828,0.068965517,0.068965517,0.344827586,0.103448276,0.034482759,0.103448276
AJ119,0.066666667,0,0.366666667,0.166666667,0.6,0.233333333,0.166666667,0.266666667,0.633333333,0.1,0.166666667,0,0,1.4,0.366666667,0.733333333,0.633333333,0.866666667,0.233333333,0.633333333,0.2,1.233333333,0.366666667,0.7,0.166666667,0.3,0.233333333,0.1,0.066666667,0.3,0.233333333,0.066666667,0,0,0,0.2,0,0,0,0.1,0,0.2,0,0.1,0.166666667,0.066666667,0,0.466666667,0.166666667,0.333333333,0.066666667
AJ191,0.24137931,0,0.310344828,0,0,0,0,0,0.172413793,0,0,0,0,0.24137931,0.137931034,0.137931034,0.103448276,0.206896552,0.137931034,0.413793103,0.137931034,0.896551724,0.172413793,0.620689655,0,0,0.448275862,0.275862069,1.896551724,0.275862069,0.310344828,1.068965517,0.965517241,0.137931034,0.379310345,0.172413793,0,0.448275862,0.068965517,1.448275862,0,0.034482759,0.379310345,0,0,0.034482759,0,0,0,0,0.068965517
AJ192,0.133333333,0,0.4,0,0.366666667,0,1,0.433333333,1.1,0,0,0.6,0.1,1.8,0.566666667,0.4,2.3,0.1,0,0.1,0.1,0,0.1,0,0,0.066666667,0,0,0,0.333333333,0.266666667,0,0,0.066666667,0,0.066666667,0.033333333,0.033333333,0,0.133333333,0,0,0.166666667,0.9,0.166666667,0,0,0,0.066666667,0.033333333,0
AJ244,0.172413793,0,0.344827586,0.275862069,0.413793103,0.034482759,0.827586207,0.24137931,1.310344828,0.068965517,0.517241379,0.517241379,0.103448276,1.965517241,0.482758621,0.24137931,1.103448276,0.137931034,0,0.172413793,0.172413793,0,0.310344828,0.137931034,0.137931034,0.172413793,0,0,0,0.172413793,0.24137931,0,0,0.068965517,0,0.517241379,0,0,0,0.137931034,0.310344828,0.137931034,0.034482759,0.551724138,0.103448276,0.034482759,0,0,0.103448276,0.103448276,0
AJ261,0.166666667,0,0.7,0.466666667,0.033333333,0.133333333,0.466666667,0.133333333,1.033333333,0.1,0.233333333,0.366666667,0.1,1.266666667,0.133333333,0.2,0.4,0.066666667,0,0.266666667,0.366666667,0.1,0.5,0.266666667,0.1,0.2,0,0,0.433333333,0.233333333,0.3,0.1,0,0,0,0.566666667,0,0.033333333,0,0,0,0.133333333,0,0.733333333,0.466666667,0.266666667,0,0.233333333,0.466666667,0,0.133333333
AJ334,1.3,0.133333333,0.6,0,0.566666667,0.1,0.333333333,0.033333333,0.4,0,0.2,0.066666667,0.066666667,0.933333333,0.1,0.2,0.066666667,0,0,0,0.033333333,0,0.1,0.266666667,0,1.833333333,0.066666667,0,0.1,0.133333333,0.1,0,0,0.466666667,0,1.033333333,0,0,0,0,0.266666667,0.2,0.166666667,0,0.033333333,0.033333333,0,0,0.1,0.233333333,0.333333333
AJ413,0.24137931,0,0.137931034,0.068965517,0.137931034,0,0.137931034,0.172413793,0.862068966,0.172413793,0.448275862,0.448275862,0.24137931,1.586206897,0.482758621,0.24137931,0.310344828,0.655172414,1.103448276,1.068965517,0.448275862,0.24137931,0.206896552,0.068965517,0.103448276,0,0,0.068965517,0,0.206896552,0.137931034,0.068965517,0.034482759,0,0,0.310344828,0.137931034,0.103448276,0,0.034482759,0.586206897,0.24137931,0.137931034,0.206896552,0.172413793,0.448275862,0,0.103448276,0.068965517,0.068965517,0.068965517
AJ438,0.137931034,0,0.206896552,0.275862069,0.275862069,0,0.034482759,0.24137931,0.689655172,0,0.068965517,0,0,1.137931034,0.931034483,0.448275862,0.793103448,1.034482759,1.137931034,0.620689655,0.482758621,0.275862069,0.310344828,0.103448276,0.068965517,0.137931034,0,0,0,0.206896552,0.103448276,0,0,0,0,0.310344828,0.137931034,0.206896552,0,0.310344828,0,0.172413793,0,0.344827586,0.206896552,0.75862069,0,0.517241379,0.137931034,0.206896552,0.103448276
AJ449,0.366666667,0.133333333,0.066666667,0,0.2,0,0.366666667,0.1,1.5,0.1,0.366666667,0.433333333,0.1,1.533333333,0.266666667,0.266666667,0.033333333,0,0,0.066666667,0,0,0,0.266666667,0,0.333333333,0.333333333,0.166666667,0.1,1.133333333,0.866666667,0,0,0.1,0,0.333333333,0.066666667,0.066666667,0,0,0.2,0.233333333,0.1,0.233333333,0.166666667,0.533333333,0.133333333,0.566666667,0.3,0.066666667,0
AJ544,0.827586207,0.689655172,0.482758621,0,0.172413793,0.103448276,0.344827586,0,0.413793103,0.896551724,0.24137931,0,0,0.965517241,0.310344828,0.206896552,0.103448276,0.068965517,0,0.137931034,0.137931034,0,0.137931034,0.206896552,0,0.275862069,0,0,0,0.413793103,0.034482759,0,0,0.413793103,0,0.689655172,0.034482759,0.137931034,0.103448276,0,0.103448276,0.068965517,0,0.068965517,0.172413793,0.068965517,0.172413793,0.068965517,0.137931034,0.551724138,0.103448276
AJ587,0.6,0.033333333,0.6,0.066666667,0.1,0.033333333,0.566666667,0.033333333,0.8,0.766666667,0.066666667,0.4,0.233333333,0.666666667,0.166666667,0.066666667,0.1,0.166666667,0.233333333,0.266666667,0.066666667,0.533333333,0,0.366666667,0,0.433333333,0,0,0,0.4,0.1,0.066666667,0.333333333,0.066666667,0.033333333,0.5,0.1,0.066666667,0,0.333333333,0.9,0.033333333,0.266666667,0.1,0.166666667,1.166666667,0.166666667,0,0.7,0.533333333,0.3
AJ601,0.620689655,0.172413793,0.482758621,0,0.793103448,0.034482759,0.586206897,0.068965517,0.793103448,0.103448276,0,0.068965517,0,0.896551724,0.448275862,0.310344828,0.206896552,0.068965517,0,0.344827586,0.137931034,0,0.172413793,0,0.137931034,0.103448276,0,0,0,0.275862069,0.068965517,0,0,0.172413793,0.206896552,0.586206897,0,0,0,0,0.275862069,0.068965517,0.068965517,0.275862069,0.310344828,0.620689655,0.172413793,0.586206897,0.310344828,0.482758621,0.448275862
AJ639,0.666666667,0.433333333,0.166666667,0,0,0.033333333,0.9,0.233333333,2.633333333,0.533333333,1.766666667,0.566666667,0.433333333,2,0.133333333,0.233333333,0.1,0.066666667,0,0,0,0,0.1,0,0,0.166666667,0,0,0,0.1,0.066666667,0,0,0,0,0,0,0,0,0,0.066666667,0,0,0,0.133333333,0.2,0.066666667,0,0.1,0.4,0.166666667
AJ647,0.034482759,0,0.034482759,0,0.344827586,0,0,0,0.172413793,0,0,0,0,0.482758621,0.275862069,0.137931034,0.206896552,0.24137931,0,2.172413793,2.517241379,0.103448276,2.275862069,0.275862069,0,0,0.068965517,0.482758621,0.344827586,0,0,0,0.103448276,0.137931034,0.24137931,0.172413793,0,0,0,0,0.103448276,0.068965517,0,0,0,0,0,0,0,0.103448276,0
AJ657,0.862068966,0.413793103,0.413793103,0,0.24137931,0.068965517,0.517241379,0.034482759,1.068965517,0.24137931,0,0.275862069,0.068965517,0.965517241,0.413793103,0.24137931,0.24137931,0,0.103448276,0.068965517,0.24137931,0,0.965517241,0.586206897,0.206896552,0.793103448,0,0,0,0.24137931,0,0,0,0.137931034,0.24137931,0.448275862,0,0,0,0.034482759,0.206896552,0.482758621,0,0.206896552,0.586206897,0.24137931,0,0.172413793,0.413793103,0.068965517,0.310344828
AJ733,0.344827586,0,0.344827586,0.551724138,0.137931034,0.068965517,0.068965517,0.103448276,0.586206897,0,0,0.137931034,0,0.965517241,0.137931034,0.068965517,0.379310345,0.034482759,0.379310345,0.137931034,0.310344828,0.103448276,0,0,0,0.137931034,0,0.068965517,0,0.413793103,0.137931034,0.034482759,0.24137931,0.310344828,0.068965517,1.103448276,0.24137931,0.137931034,0,0.068965517,0.655172414,0.24137931,0.034482759,0.827586207,0.448275862,0.172413793,0.310344828,0.172413793,0.24137931,0.24137931,0.103448276
AJ809,0.133333333,0,0.366666667,0,0.133333333,0,0.066666667,0.066666667,0.2,0,0,0,0,0.7,0.3,0.333333333,0.133333333,0.2,0.066666667,1.7,2.433333333,0.133333333,0.766666667,0.233333333,0.133333333,0,0.166666667,0.2,0,0.333333333,0.2,0.1,0,0.166666667,0.1,0.4,0.133333333,0,0.133333333,0,0.433333333,0.333333333,0,0,0.033333333,0.233333333,0,0.433333333,0.366666667,0.066666667,0
AJ862,0.066666667,0,0.133333333,0.1,0.033333333,0,0.3,0.1,0.5,0.1,0.3,0.066666667,0.1,0.633333333,0.233333333,0.2,0.2,0.033333333,0,0.2,0.066666667,0,0,0.133333333,0.033333333,0,0,0.333333333,0.066666667,0.333333333,0.1,0.033333333,0.1,0.066666667,0.133333333,0.8,0.8,0.733333333,0,0.333333333,0.366666667,0.133333333,0.3,1.3,0.433333333,0.366666667,0.033333333,0,0.666666667,0.1,0.1
AJ915,0.2,0,0.433333333,0.133333333,0.266666667,0,0.233333333,0.033333333,0.2,0,0,0,0,0.266666667,0.3,0.066666667,0.2,0.1,0,0.7,0.666666667,0.533333333,0.1,0.166666667,0,0,0.066666667,0,0.8,0.6,0.833333333,0.6,0.266666667,0.266666667,0.2,1.066666667,0.266666667,0.366666667,0.066666667,1.366666667,0.2,0,0.3,0.033333333,0.166666667,0.4,0,0.133333333,0.233333333,0.066666667,0.1
AJ968,0.3,0.1,0.466666667,0.066666667,0.2,0.066666667,1,0.166666667,1.2,0.5,0.366666667,0.533333333,0.133333333,1.133333333,0.133333333,0.133333333,0,0,0,0,0.066666667,0,0.1,0,0.066666667,0.233333333,0,0,0.133333333,0.3,0.2,0.166666667,0,0.033333333,0,0.3,0.566666667,0.8,0.266666667,0.733333333,0,0.133333333,0,0.366666667,0.233333333,0,0,0,0.133333333,0.4,0.1
AJ977,0.379310345,0,0.448275862,0.068965517,0.689655172,0.172413793,0.517241379,0.413793103,1.068965517,0,0.137931034,0.103448276,0,1.310344828,0.551724138,0.24137931,0.413793103,0.75862069,0.689655172,0.137931034,0.137931034,0.275862069,0.275862069,0.103448276,0,0.206896552,0,0.068965517,0,0.413793103,0.24137931,0,0,0.137931034,0,0.793103448,0.103448276,0,0,0,0.275862069,0.344827586,0.103448276,0.586206897,0.137931034,0.206896552,0.068965517,0.206896552,0.24137931,0.344827586,0
AJ986,0,0,0.620689655,0.137931034,0.068965517,0.034482759,0.068965517,0.310344828,0.275862069,0,0,0.103448276,0,1.24137931,0.551724138,0.448275862,0.931034483,1.275862069,0.103448276,0.793103448,0.172413793,1.862068966,0.310344828,0.655172414,0,0.172413793,0,0,0,0.275862069,0.172413793,0,0.448275862,0,0.24137931,0.275862069,0.137931034,0,0,0,0.068965517,0.206896552,0.24137931,0.413793103,0.137931034,0.275862069,0.137931034,0.137931034,0,0.206896552,0.103448276
AJ990,0.2,0,0.166666667,0,0.433333333,0,0.4,0.166666667,0.933333333,0.1,0.266666667,0.566666667,0.133333333,1.033333333,0.233333333,0.166666667,0.166666667,0.2,0.666666667,0.833333333,0.8,0.366666667,0.666666667,0.166666667,0,0.166666667,0,0.066666667,0.1,0.266666667,0.133333333,0.666666667,0.566666667,0.1,0,0.333333333,0.233333333,0,0,0,0.566666667,0.2,0.166666667,0.466666667,0.133333333,0.166666667,0.133333333,0.3,0,0.1,0.066666667
AJ995,0.333333333,0,0.266666667,0.166666667,0.666666667,0,0.133333333,0,0.366666667,0,0,0,0,0.666666667,1.066666667,0.633333333,0.633333333,1.066666667,1.766666667,0.8,0.733333333,0.133333333,0.433333333,0,0,0.233333333,0.033333333,0.1,0.133333333,0.1,0,0.133333333,0,0.233333333,0,0.5,0,0,0,0,0.433333333,0.133333333,0,0.3,0.166666667,0.2,0,0.366666667,0,0,0
AK010,0.3,0,0.366666667,0,0,0.566666667,0.4,0.4,1.166666667,3.5,0.533333333,0.3,0,2.066666667,0.166666667,0.3,0.133333333,0,0,0,0.2,0,0,0,0,0.066666667,0,0,0,0.7,0.133333333,0,0,0,0,0.166666667,0.233333333,0,0,0,0.066666667,0,0,0.4,0.1,0.4,0,0.1,0,0,0.2
AK113,0.3,0,0.366666667,0.1,0,0.233333333,0.166666667,0.133333333,0.666666667,3.066666667,0.2,0,0,1.833333333,0.766666667,0.666666667,0.133333333,0,0,0.1,0.5,0,0.1,0,0,0.233333333,0,0.366666667,0.333333333,0.2,0.233333333,0,0,0,0,0,0.266666667,0,0,0.066666667,0,0,0,0.466666667,0.1,0.6,0,0.233333333,0,0,0.133333333
AK118,0.366666667,0.033333333,0.266666667,0,0.1,0.033333333,0.366666667,0.333333333,0.6,0.133333333,0,0.1,0.066666667,1.066666667,0.3,0.133333333,0.066666667,0,0,0,0.133333333,0,0.2,0,0,0.433333333,0.233333333,0.1,0.533333333,1.033333333,0.466666667,0,0,0.266666667,0.066666667,1.133333333,0.066666667,0.066666667,0.166666667,0.533333333,0.2,0.266666667,0.566666667,0.066666667,0,0.433333333,0,0.1,0.333333333,0,0.1
AK135,0.433333333,0.1,0.433333333,0,0.166666667,0.5,0.666666667,0.566666667,0.666666667,1.4,0.1,0.066666667,0,1.1,0,0.066666667,0.066666667,0.133333333,0,0.166666667,0.1,0,0,0,0,0.1,0,0,0.066666667,0.233333333,0.166666667,0,0,0.1,0.033333333,0.566666667,0.266666667,0,0,0,0.033333333,0.166666667,0,0.466666667,0,0.466666667,0.833333333,0.433333333,0.3,0.366666667,0.333333333
AK344,0.4,0.133333333,0.366666667,0,0.266666667,0.133333333,0.466666667,0,0.466666667,0.066666667,0,0,0,0.6,0,0.066666667,0,0.166666667,0,0.5,0.033333333,0.333333333,0.466666667,0.066666667,0,0.066666667,0,0,0,1.466666667,0.533333333,0.2,0,0.3,0,0.1,0.233333333,0,0,0,0,0.533333333,0.166666667,0.166666667,0,1.033333333,0.333333333,1.133333333,0.1,0.133333333,0.266666667
AK361,0.366666667,0,0.4,0,0.166666667,0.066666667,0.766666667,0.1,0.7,0.866666667,0.066666667,0.133333333,0.2,1.833333333,0.6,1.333333333,0.266666667,0.166666667,0.366666667,0.3,1,0.133333333,0.433333333,0.1,0,0.3,0.033333333,0.3,0.433333333,0.333333333,0.2,0,0,0.133333333,0,0.7,0.1,0,0,0,0,0,0,0.1,0,0.1,0.133333333,0.166666667,0,0.066666667,0.166666667
AK366,0.566666667,0,0.433333333,0,0.133333333,0.1,0.433333333,0.333333333,1.533333333,0.366666667,0.2,0.4,0,1.733333333,0.333333333,0.3,0.433333333,0.033333333,0.033333333,0.1,0.1,0,0.566666667,0.233333333,0.066666667,0.2,0,0.133333333,0,0.3,0.4,0,0.1,0.166666667,0,0.233333333,0.1,0,0,0,0.1,0.333333333,0.066666667,0.3,0.2,0.8,0.333333333,0.733333333,0.3,0,0.133333333
AK418,0.7,0,0.3,0,0.166666667,0,0.133333333,0,0.333333333,0.166666667,0.133333333,0,0,0.433333333,0.2,0,0.1,0.066666667,0.3,0.233333333,0.066666667,0.6,0,0.133333333,0,0.066666667,0,0,0.1,0.633333333,0.5,0.166666667,0.5,0.1,0.066666667,0.7,0.2,0,0,0,0.833333333,0.066666667,0.066666667,0,0.033333333,1.3,0.333333333,0.1,0.666666667,0.566666667,0.6
AK432,0.566666667,0,0.366666667,0.1,0.1,0.466666667,0.4,0.3,1.1,3.8,0.7,0.1,0,2.566666667,0.133333333,0.266666667,0,0,0,0,0.133333333,0,0,0,0.066666667,0.133333333,0.066666667,0,0,0.5,0.066666667,0,0,0.133333333,0,0,0,0,0,0,0,0,0.033333333,0.133333333,0.1,0.1,0.1,0.1,0.133333333,0.166666667,0.166666667
AK477,0.666666667,0,0.333333333,0,0.066666667,0.033333333,0.166666667,0.066666667,0.433333333,0.3,0.133333333,0,0.2,0.9,0,0.066666667,0.1,0,0.366666667,0.2,0,0.533333333,0.166666667,0.166666667,0,0.3,0,0,0,0.433333333,0.233333333,0,0.333333333,0.1,0,0.633333333,0.033333333,0,0.066666667,0.1,0.733333333,0.166666667,0,0.1,0.233333333,0.833333333,0.366666667,0.166666667,0.7,0.633333333,0.733333333
AK530,0.766666667,0,0.3,0,0.166666667,0.366666667,0.2,0.1,0.066666667,0.433333333,0,0,0,0.466666667,0,0,0,0.1,0.566666667,0.233333333,0,0.533333333,0,0.133333333,0,0.166666667,0,0,0.066666667,0.566666667,0.133333333,0.066666667,0.366666667,0.266666667,0.1,1,0,0.233333333,0,0.466666667,0.9,0.1,0.1,0.266666667,0.066666667,0.433333333,0.233333333,0.1,1.033333333,0.733333333,0.433333333
AK531,0.766666667,0,0.166666667,0,0.066666667,0.2,0.133333333,0,0.366666667,0.433333333,0.2,0,0.1,0.333333333,0,0,0,0.066666667,0.2,0.366666667,0.2,0.866666667,0,0.266666667,0,0.233333333,0,0.066666667,0.3,1,0.6,1,0.366666667,0.5,0.2,0.633333333,0.066666667,0,0,1,0.233333333,0.166666667,0.1,0,0,0.4,0,0,0.566666667,0.266666667,0.5
AK571,1.2,0,0.3,0,0.3,0.066666667,0,0.133333333,0.266666667,0,0,0,0,0.733333333,0.2,0.133333333,0.366666667,0.1,0.133333333,1.1,1.066666667,0.433333333,1,0.4,0,0.466666667,0,0.066666667,0.133333333,0.033333333,0.1,0.7,0.033333333,1.6,0.533333333,1.166666667,0.066666667,0.033333333,0,0.9,0.1,0,0.133333333,0,0,0.233333333,0,0.1,0.1,0.133333333,0
AK574,1.166666667,1.6,0.666666667,0.133333333,0.033333333,0.066666667,0.1,0.1,0.8,0.166666667,0,0,0,1.3,0.2,0.166666667,0.533333333,0.2,0,0.1,0.366666667,0,0.3,0.133333333,0.1,0.133333333,0,0,0.066666667,1.2,0.233333333,0.266666667,0.233333333,0.166666667,0,0.3,0.233333333,0.1,0,0.033333333,0,0,0,0.1,0.5,1.533333333,0.166666667,0.4,0,0.266666667,0.333333333
AK697,0.666666667,0.1,0.433333333,0.266666667,0,0.366666667,0.633333333,0.1,1.066666667,2.7,0.533333333,0.2,0.133333333,1.8,0.1,0.1,0.133333333,0,0,0.1,0,0,0.066666667,0,0,0.066666667,0,0,0,0.966666667,0.366666667,0.1,0.3,0,0,0.033333333,0.266666667,0,0,0,0,0,0,0.2,0.166666667,0.8,0.133333333,1.066666667,0.066666667,0,0.266666667
AK716,1.433333333,0.133333333,1.533333333,0.133333333,0.333333333,0.133333333,0.266666667,0.1,0.466666667,0.233333333,0,0,0,0.566666667,0.166666667,0.066666667,0.333333333,0.266666667,0.233333333,0.133333333,0,0.166666667,0,0.066666667,0,0.066666667,0.033333333,0,0,1.4,0.4,0.166666667,0.233333333,0.133333333,0,0.4,0,0,0,0,0.133333333,0.1,0,0,0.066666667,1.2,0.266666667,0.8,0.233333333,0.3,0.3
AK719,0.333333333,0,0.4,0,0.4,0.066666667,0.366666667,0.066666667,0.366666667,0.066666667,0.066666667,0,0,0.733333333,0.166666667,0.1,0.1,0,0,0,0.066666667,0.1,0,0,0,0.1,0,0,0,1.6,0.533333333,0.266666667,0.4,0.066666667,0,0.433333333,0.366666667,0,0,0,0.166666667,0.066666667,0,0.133333333,0.433333333,1.8,0.133333333,1.533333333,0.1,0.133333333,0.533333333
AK723,0.366666667,0.066666667,0.066666667,0,0.066666667,0,0.166666667,0.166666667,1.233333333,0.2,0.4,0.033333333,0.1,2.5,1.2,1.266666667,1.166666667,0.133333333,0.066666667,0.333333333,0.9,0,0.633333333,0.2,0.1,0.366666667,0.4,0.633333333,0.2,0.466666667,0,0,0,0,0,0,0.066666667,0,0,0,0,0.133333333,0,0,0,0.5,0,0.3,0.166666667,0,0.133333333
AK727,0.4,0,0.266666667,0.233333333,0.566666667,0.133333333,0.533333333,0.266666667,0.8,0,0.1,0.266666667,0,1.433333333,0.166666667,0.6,0.066666667,0.266666667,0.166666667,0.2,0.233333333,0,0.266666667,0,0,0.066666667,0,0,0,0.266666667,0.233333333,0.033333333,0,0.066666667,0,0.466666667,0,0,0,0.1,0.666666667,0.066666667,0,0.533333333,0.5,0.333333333,0.133333333,0.266666667,0.533333333,0.2,0.133333333
AK739,0.3,0.133333333,0.533333333,0.2,0.3,0.233333333,0.3,0,0.633333333,0.3,0.066666667,0.133333333,0,0.633333333,0.066666667,0,0.1,0,0,0,0,0,0,0,0,0,0.066666667,0,0,1.166666667,0.4,0,0.133333333,0.066666667,0,0.4,0.133333333,0.066666667,0,0.066666667,0,0.3,0.033333333,0.133333333,0.4,1.333333333,0.366666667,1.966666667,0.633333333,0.166666667,0.2
AK814,0.4,0,0.6,0,0.266666667,0.233333333,0.933333333,0.366666667,1.8,0.5,0.166666667,0.333333333,0.033333333,1.6,0.133333333,0.166666667,0.066666667,0,0,0,0,0,0.4,0,0,0.433333333,0,0,0,0.133333333,0.233333333,0,0,0.166666667,0,0.733333333,0.1,0,0,0,0.1,0.233333333,0,0.266666667,0,0.4,0.266666667,0.133333333,0.666666667,0.4,0.166666667
AK893,0.666666667,0,0.566666667,0,0.166666667,0.1,0.133333333,0,1.133333333,0.533333333,0.133333333,0.333333333,0,0.8,0.333333333,0.233333333,0.066666667,0,0.2,0.2,0.066666667,0.666666667,0.133333333,0.133333333,0,0.3,0,0,0,0.633333333,0.266666667,0,0.3,0.033333333,0,0.466666667,0.166666667,0,0,0.033333333,0.4,0.433333333,0,0.1,0.233333333,0.433333333,0.5,0,0.666666667,0.766666667,0.266666667
AK971,0.2,0,0.266666667,0.133333333,0.233333333,0.033333333,0.366666667,0.266666667,0.4,0.066666667,0,0,0,0.9,0.2,0.166666667,0.066666667,0,0,0.1,0.133333333,0,0.4,0,0.066666667,0.3,0.233333333,0.066666667,0.8,0.233333333,0.333333333,0,0,0.366666667,0,1.7,0.633333333,0,0.1,0.466666667,0.1,0.3,0.3,0.366666667,0.1,0.466666667,0.433333333,0.4,0.166666667,0.066666667,0.1
AK977,0.066666667,0,0.3,0.333333333,0.366666667,0,0.366666667,0.3,0.533333333,0,0.133333333,0.166666667,0.1,1.033333333,0.733333333,0.366666667,0.366666667,0.033333333,0,0.033333333,0.266666667,0.033333333,0.133333333,0,0.166666667,0.066666667,0.1,0,0,0.2,0.066666667,0,0,0.066666667,0,0.4,0,0,0,0,0.5,0.3,0,1.5,0.6,0.266666667,0.2,0.7,0.833333333,0.233333333,0.133333333
AK983,0.433333333,0.1,0.266666667,0.1,0.1,0,0.1,0.433333333,1.333333333,0,0.5,0.3,0,1.8,0.2,0.433333333,0.033333333,0.033333333,0.033333333,0,0.633333333,0,0.366666667,0.266666667,0.1,0.133333333,0.433333333,0.1,0,0.433333333,0,0,0,0,0.166666667,0.566666667,0,0.733333333,0,0.533333333,0,0,0,0.366666667,0.066666667,0.1,0.166666667,0.133333333,0.033333333,0.1,0.166666667
AL047,0.433333333,0.1,0.933333333,0.1,1.133333333,0.133333333,0.233333333,0.133333333,0.2,0.1,0.066666667,0,0,0.5,0.333333333,0.133333333,0.3,0.133333333,0.066666667,0.766666667,1.5,0,0.8,0.1,0,0.366666667,0.066666667,0.1,0,0.2,0.066666667,0.066666667,0,0.3,0.233333333,1.266666667,0,0,0,0,0.433333333,0,0.033333333,0.1,0.033333333,0.166666667,0,0.033333333,0,0,0.266666667
AL112,1.166666667,0.166666667,0.7,0,0.533333333,0.133333333,0.2,0.266666667,0.733333333,0,0,0.166666667,0,0.666666667,0.133333333,0.233333333,0.1,0,0.066666667,0.466666667,0.566666667,0.433333333,0.533333333,0.5,0,0.166666667,0.1,0,0,0.6,0.066666667,0.3,0.033333333,0.566666667,0.2,0.8,0.2,0,0,0.5,0.266666667,0.3,0.066666667,0,0,0.433333333,0,0.2,0.166666667,0.166666667,0.066666667
AL120,0.633333333,0,0.666666667,2.066666667,0.633333333,0.433333333,0.433333333,0.166666667,0.366666667,0,0,0.133333333,0,1.7,0.233333333,0.733333333,0.533333333,0.133333333,0,0.5,0.966666667,0,0.366666667,0,0,0.066666667,0,0.166666667,0,0.033333333,0.366666667,0,0,0.1,0,0.3,0.133333333,0,0,0,0.1,0,0,0.133333333,0.3,0.2,0,0,0.2,0,0.166666667
AL174,0.933333333,0,1.2,0.1,0.7,0.1,0.033333333,0.1,0.233333333,0,0,0.2,0,0.9,0.366666667,0.733333333,0.466666667,0.2,0.066666667,0.666666667,0.6,0.333333333,0.466666667,0,0,0.233333333,0,0,0,0.366666667,0.1,0.1,0.033333333,0,0,0.6,0,0.1,0.033333333,0,0.233333333,0.066666667,0.033333333,0.133333333,0.033333333,0.433333333,0.266666667,0.566666667,0.166666667,0.533333333,0.1
AL177,0.466666667,0,0.3,0.033333333,0.866666667,0.2,0.066666667,0,0.266666667,0.066666667,0,0,0,0.233333333,0.233333333,0.066666667,0.1,0.133333333,0.166666667,1.2,1.3,0,0.833333333,0,0,0.333333333,0,0.2,0,0.266666667,0,0,0,0.366666667,0.1,1.166666667,0.2,0,0,0,0.8,0.133333333,0,0.2,0.066666667,0.333333333,0,0.233333333,0.266666667,0.466666667,0.3
AL200,0.566666667,0.133333333,0.566666667,0.233333333,0.766666667,0.333333333,0.3,0,0.166666667,0.133333333,0,0,0,0.566666667,0.266666667,0.066666667,0.266666667,0.1,0.166666667,0.066666667,0,0.1,0.2,0.1,0,0.133333333,0,0,0,0.333333333,0.333333333,0.266666667,0.2,0.333333333,0.333333333,1.633333333,0.333333333,0.033333333,0,0.233333333,0.233333333,0.3,0.133333333,0.066666667,0.066666667,0.166666667,0,0,0.433333333,0.2,0.733333333
AL231,0.5,0,0.6,2.233333333,0.466666667,0.033333333,0.3,0.566666667,0.633333333,0.066666667,0,0,0,1.933333333,0.833333333,0.833333333,0.2,0,0,0.066666667,0.166666667,0.066666667,0.233333333,0.133333333,0.233333333,0.1,0.033333333,0.1,0.1,0.033333333,0.133333333,0,0,0.166666667,0,0.433333333,0,0,0.066666667,0.133333333,0,0,0,0,0.533333333,0.1,0,0.133333333,0,0.166666667,0
AL268,0.666666667,0,0.566666667,0,0.666666667,0.233333333,0.266666667,0.233333333,0.233333333,0,0,0.1,0,0.433333333,0.133333333,0.2,0.333333333,0,0.1,1.066666667,2.066666667,0.1,0.933333333,0,0,0.4,0,0,0.033333333,0.2,0.066666667,0,0.133333333,0.333333333,0.166666667,1.166666667,0.066666667,0,0,0.033333333,0.233333333,0.166666667,0.166666667,0,0.066666667,0.333333333,0.166666667,0.2,0.3,0.3,0.133333333
AL310,0.566666667,0,0.766666667,0.133333333,0.9,0.533333333,0.2,0,0.5,0.033333333,0,0,0,0.533333333,0.333333333,0.133333333,0.133333333,0.066666667,0,0.266666667,0.7,0,0.333333333,0.1,0,0,0.066666667,0,0.133333333,0.3,0.2,0,0,0.433333333,0.1,1.433333333,0.2,0.433333333,0,0.2,0.333333333,0.066666667,0,0.066666667,0.033333333,0.1,0.266666667,0.5,0.3,0.633333333,0.3
AL360,1.433333333,0,1.633333333,0.233333333,0.566666667,0.166666667,0.3,0,1.1,0.166666667,0.433333333,0.2,0,0.866666667,0.133333333,0.2,0.066666667,0.166666667,0.066666667,0.066666667,0.3,0.066666667,0,0.033333333,0,0.1,0,0,0.066666667,0.4,0.166666667,0,0.1,0.133333333,0,0.466666667,0,0.233333333,0,0,0.2,0,0,0.066666667,0.2,0.066666667,0.133333333,0.033333333,0.066666667,0.133333333,0.2
AL378,0.4,0,0.766666667,0.8,0.333333333,0,0.4,0.3,1.6,0.266666667,0.9,0.4,0,1.566666667,0.266666667,0.5,0.3,0,0,0.066666667,0.1,0,0.166666667,0.1,0.233333333,0.6,0.233333333,0.333333333,0.4,0.6,0.433333333,0,0,0.133333333,0,0.6,0,0,0,0,0.1,0,0.133333333,0.066666667,0.633333333,0.566666667,0.333333333,0.266666667,0.1,0,0
AL388,0.133333333,0,0.1,0,0.366666667,0.2,0.133333333,0.233333333,0.3,0,0,0,0,0.533333333,0.4,0.266666667,0.3,0.066666667,0.1,0.4,0.733333333,0,0.433333333,0,0,0.066666667,0,0,0,0.1,0.3,0.033333333,0,0.766666667,0.366666667,1.4,1.166666667,0.333333333,0,0.433333333,0.366666667,0.6,0.133333333,0.133333333,0.166666667,0.566666667,0,0.1,0.533333333,0.6,0.1
AL389,0.833333333,0.233333333,0.733333333,0.166666667,0.7,0.166666667,0.3,0.1,0.166666667,0.066666667,0.166666667,0,0,0.566666667,0.166666667,0,0.266666667,0,0.166666667,0.866666667,1.266666667,0.133333333,0.9,0.133333333,0,0.266666667,0.166666667,0,0.2,0.3,0.333333333,0.066666667,0.133333333,0.3,0.066666667,1.2,0,0,0,0,0.366666667,0.2,0.166666667,0,0.1,0,0.166666667,0.033333333,0.466666667,0.333333333,0.2
AL397,0.8,0.133333333,0.9,0,1.1,0.3,0.4,0.4,0.066666667,0.166666667,0,0,0,0.133333333,0.2,0.033333333,0.3,0.233333333,0.166666667,0.566666667,1.366666667,0,0.733333333,0,0,0.2,0,0.1,0.1,0.4,0.3,0.133333333,0.166666667,0.5,0.133333333,1.533333333,0.133333333,0,0,0,0.4,0.033333333,0,0,0,0.1,0.133333333,0.233333333,0.566666667,0.066666667,0.4
AL402,1.066666667,0,0.366666667,0.1,0.666666667,0.333333333,0.633333333,0.2,0.933333333,0.3,0.166666667,0.066666667,0,0.433333333,0.066666667,0.133333333,0.166666667,0.1,0.166666667,0.766666667,0.633333333,0.233333333,0.533333333,0.066666667,0,0.266666667,0,0,0,0.466666667,0.3,0,0.033333333,0.233333333,0.166666667,0.6,0.3,0.233333333,0,0.2,0.3,0.133333333,0,0.1,0.133333333,0.3,0.4,0.2,0.166666667,0.233333333,0.166666667
AL409,0.233333333,0.066666667,0.466666667,0,0.6,0,0.566666667,0.1,0.9,0.3,0.133333333,0.166666667,0,1.266666667,0.3,0.433333333,0.233333333,0,0,0.266666667,0.5,0.066666667,0.266666667,0.3,0,0.233333333,0.266666667,0.5,0.233333333,0.233333333,0.166666667,0.033333333,0,0.133333333,0,0.866666667,0.9,0.566666667,0.166666667,0,0.033333333,0,0.366666667,0.366666667,0.1,0.833333333,0.233333333,0.333333333,0.133333333,0.1,0.133333333
AL417,0.4,0,0.733333333,0.6,0.366666667,0.266666667,0.933333333,0.3,1.666666667,0.833333333,0.8,0.3,0.166666667,2.1,0.433333333,0.566666667,0.166666667,0.066666667,0,0.066666667,0.133333333,0,0.2,0.066666667,0.133333333,0.5,0,0,0.133333333,0.2,0.066666667,0,0,0.233333333,0,0.566666667,0.4,0,0,0,0,0,0,0,0.1,0.2,0.166666667,0.1,0,0.233333333,0
AL454,0.366666667,0,0.533333333,0.133333333,0.533333333,0.2,0.733333333,0.366666667,0.866666667,0.433333333,0,0,0,1.166666667,0.366666667,0.433333333,0.133333333,0,0,0.166666667,0.333333333,0,0.466666667,0.433333333,0.266666667,0.433333333,0,0.133333333,0.233333333,0.433333333,0.233333333,0,0,0.2,0.066666667,0.933333333,0.8,0.5,0.066666667,0.1,0.2,0.266666667,0.033333333,0.1,0.166666667,1,0.266666667,0.333333333,0.033333333,0,0.133333333
AL520,0.2,0,0.5,0,0.3,0.066666667,0.466666667,0,0.633333333,0,0,0,0,0.466666667,0.133333333,0.266666667,0.033333333,0,0.066666667,0.3,0.2,0.366666667,0.1,0.133333333,0,0.133333333,0,0,0.133333333,0.366666667,0.066666667,0.5,0.5,0.366666667,0.1,1.2,0.6,1.433333333,0.433333333,0.9,0.133333333,0,0.166666667,0,0.033333333,0.433333333,0.1,0.033333333,0.066666667,0.466666667,0.433333333
AL538,0.433333333,0,0.3,0.066666667,0.333333333,0,0.8,0.266666667,0.366666667,0.1,0,0.066666667,0,1.066666667,0.333333333,0.233333333,0.233333333,0.1,0.066666667,0.166666667,0.133333333,0.1,0,0,0,0.4,0.3,0.133333333,0.9,1.233333333,0.833333333,0,0.166666667,0.2,0.066666667,1.133333333,0.466666667,0,0.066666667,0.2,0,0,0.533333333,0.1,0,0.733333333,0,0,0,0,0
AL581,1.633333333,0.166666667,0.7,0.233333333,0.8,0.2,0.333333333,0.233333333,0.2,0.1,0.033333333,0,0,0.466666667,0,0.233333333,0.4,0.066666667,0.066666667,0.633333333,2,0,0.933333333,0,0,0.4,0,0.066666667,0.133333333,0.266666667,0.2,0.066666667,0.033333333,0.266666667,0.1,0.7,0.033333333,0,0,0.033333333,0.233333333,0.033333333,0,0.166666667,0,0.2,0,0.133333333,0.233333333,0,0.266666667
AL612,1.5,0,1.066666667,0.233333333,0.733333333,0.133333333,0.4,0.133333333,0.666666667,0.066666667,0,0,0,0.8,0.066666667,0.166666667,0.1,0.1,0.033333333,0.333333333,0.866666667,0,0.133333333,0,0,0.4,0,0,0,0.266666667,0,0,0,0.266666667,0.1,1,0.1,0.366666667,0,0,0.3,0.2,0,0,0.166666667,0.1,0.466666667,0.033333333,0.4,0.1,0.233333333
AL613,0.9,0.166666667,1.1,0.266666667,0.6,0.266666667,0.366666667,0.1,0.133333333,0,0,0,0,0.4,0.166666667,0.033333333,0.266666667,0.033333333,0.133333333,0.2,0.933333333,0,0.666666667,0,0,0.833333333,0.133333333,0,0.6,0.733333333,0.5,0.033333333,0,0.133333333,0.133333333,1.6,0.033333333,0.1,0,0.033333333,0.366666667,0.066666667,0.366666667,0.133333333,0.066666667,0.266666667,0.4,0.166666667,0.1,0,0.266666667
AL679,0.233333333,0.066666667,0.433333333,0.1,0.366666667,0.333333333,0.366666667,0.066666667,0.333333333,0.933333333,0,0.1,0,0.666666667,0,0.2,0.033333333,0,0.133333333,0,0.133333333,0,0.033333333,0,0,0.166666667,0,0,0,0.4,0.133333333,0.1,0.333333333,0.033333333,0.1,0.766666667,1.166666667,1.166666667,0.2,0.6,0.2,0,0.566666667,0.233333333,0.1,0.666666667,0.4,0.133333333,0.1,0.233333333,0.1
AL694,0.266666667,0.133333333,0.533333333,0.266666667,0.3,0.433333333,1.066666667,0.066666667,1.566666667,0.8,0.933333333,0.533333333,0.166666667,1.6,0.133333333,0.5,0.233333333,0.133333333,0,0.033333333,0.033333333,0,0.233333333,0.066666667,0,0.4,0,0,0.233333333,0.1,0.366666667,0,0,0.266666667,0,0.5,0.333333333,0,0,0,0.066666667,0.133333333,0,0,0,0.233333333,0.133333333,0.266666667,0.266666667,0.133333333,0
AL705,0.566666667,0,0.3,0,0.733333333,0.133333333,0.133333333,0.066666667,0.133333333,0,0,0,0,0.333333333,0.166666667,0.1,0.2,0.266666667,0.2,1.066666667,1.633333333,0,1.4,0,0,0.2,0,0,0,0,0,0.033333333,0.033333333,0.633333333,0.066666667,0.966666667,0,0,0,0,0.3,0,0,0.033333333,0.1,0.1,0.366666667,0.066666667,0.366666667,0.4,0.233333333
AL790,0.6,0.1,0.533333333,0,0.5,0.066666667,0.433333333,0.233333333,0.5,0,0.166666667,0.333333333,0,0.6,0.1,0.1,0.2,0.266666667,0.066666667,0.533333333,0.966666667,0.3,0.133333333,0.1,0,0.266666667,0,0,0.266666667,0.2,0.333333333,0.066666667,0.2,0.366666667,0.1,0.8,0,0.1,0,0.466666667,0.266666667,0.333333333,0,0.1,0,0.333333333,0,0.4,0.133333333,0.433333333,0.066666667
AL822,1.566666667,0.033333333,0.8,0,0.433333333,0.433333333,1.133333333,0.166666667,0.633333333,0.933333333,0,0,0,0.866666667,0.066666667,0.2,0,0.033333333,0,0.366666667,0.333333333,0,0.066666667,0,0.066666667,0,0,0,0,0.233333333,0.066666667,0,0.1,0.166666667,0,0.633333333,0.3,0.033333333,0,0,0,0.066666667,0,0.066666667,0.166666667,0.166666667,0.366666667,0,0.1,0.366666667,0.133333333
AL933,0.4,0,0.566666667,0.133333333,0.233333333,0.133333333,0.933333333,0.1,1.1,1.233333333,0.066666667,0.3,0,1,0.266666667,0.233333333,0,0,0,0.066666667,0.166666667,0,0.2,0.133333333,0,0.333333333,0.066666667,0,0.2,0.566666667,0.433333333,0,0,0.333333333,0.166666667,0.733333333,0.533333333,0,0.2,0.133333333,0.066666667,0.2,0.133333333,0.266666667,0.133333333,0.3,0.233333333,0.266666667,0.3,0.266666667,0.066666667
AL944,0.833333333,0.166666667,0.7,0.9,0.466666667,0.5,0.433333333,0.033333333,0.266666667,1.066666667,0.133333333,0,0,0.533333333,0.033333333,0.1,0.2,0,0.033333333,0.133333333,0.233333333,0,0.166666667,0.066666667,0,0.1,0,0,0,0.3,0.266666667,0,0,0.233333333,0.133333333,0.666666667,0.633333333,0.333333333,0.2,0.333333333,0.233333333,0,0.1,0.333333333,0.2,0.133333333,0,0.066666667,0.1,0.066666667,0.133333333
AL973,1.3,0,0.433333333,0.1,0.033333333,0.1,0.4,0.2,0.766666667,0,0.133333333,0,0,0.666666667,0.133333333,0.133333333,0,0,0.066666667,0,0.066666667,0.1,0.5,0,0,0.5,0.133333333,0,0.066666667,0.166666667,0.1,0.166666667,0.033333333,0.433333333,0.1,1.433333333,0.666666667,0.366666667,0.1,0.666666667,0.5,0.366666667,0.533333333,0.166666667,0.066666667,0.333333333,0.133333333,0,0.4,0.233333333,0.433333333
AM064,0.4,0,0.366666667,0.233333333,0.3,0.1,1.133333333,0.4,1.933333333,0.433333333,0.333333333,0.4,0.2,1.666666667,0.266666667,0.433333333,0.066666667,0.233333333,0,0,0.066666667,0.033333333,0.133333333,0,0,0.066666667,0.166666667,0,0.1,0.1,0.033333333,0,0.033333333,0.066666667,0,0.533333333,0.4,0,0,0,0.2,0.133333333,0.133333333,0.033333333,0.133333333,0.166666667,0.066666667,0.733333333,0.7,0.166666667,0
AM104,0.366666667,0.1,0.566666667,1.233333333,0.5,0.233333333,0.166666667,0.4,0.5,0,0.1,0,0,1.566666667,0.433333333,0.2,0.7,0.233333333,0.366666667,0.5,0,0.166666667,0.1,0.1,0,0,0,0.033333333,0,0.333333333,0.3,0.3,0.533333333,0.066666667,0.033333333,0.566666667,0.066666667,0.1,0.1,0.333333333,0.233333333,0.066666667,0.033333333,0.066666667,0.633333333,0.066666667,0.066666667,0,0,0.133333333,0.166666667
AM131,0.166666667,0,0.466666667,0,0.266666667,0.033333333,0.733333333,0.166666667,1.233333333,0.1,0.833333333,0.2,0,1.1,0.2,0.133333333,0.133333333,0.066666667,0.1,0.2,0.566666667,0.066666667,0.5,0,0,0.133333333,0.066666667,0,0.3,0.333333333,0.5,0,0,0,0.2,0.266666667,0.033333333,0,0,0.1,0.266666667,0.233333333,0.1,0.1,0,0,0.133333333,0.4,0.4,0.333333333,0.066666667
AM182,0.1,0,0.166666667,0.1,0.066666667,0,0.7,0.1,1.966666667,0.5,0.766666667,0.966666667,0.066666667,1.633333333,0.233333333,0.233333333,0.1,0.066666667,0,0.066666667,0.033333333,0,0,0,0.233333333,0.233333333,0,0.033333333,0,0.133333333,0.1,0,0,0,0,0.3,0,0,0,0,0,0.066666667,0,0.166666667,0.233333333,0.066666667,0.266666667,0.066666667,0.433333333,0.166666667,0.2
AM206,0.2,0,0.4,1.033333333,0.4,0.066666667,0.233333333,0.333333333,1.066666667,0.166666667,0.233333333,0.7,0,1.6,0.7,0.633333333,0.833333333,0,0,0.133333333,0,0.1,0.1,0,0,0.133333333,0,0,0,0.166666667,0.3,0,0,0.066666667,0,0.633333333,0,0,0,0.033333333,0.6,0,0,0.333333333,0.566666667,0.2,0,0.033333333,0.4,0.133333333,0.233333333
AM212,0.3,0,0.433333333,0,0.366666667,0.033333333,0.166666667,0.366666667,0.6,0.333333333,0.233333333,0.366666667,0,1.233333333,0.666666667,0.566666667,0.066666667,0,0,0.066666667,0,0,0.2,0.1,0,0.3,0.333333333,0.033333333,0.533333333,0.233333333,0.3,0,0,0.133333333,0,0.066666667,0.666666667,0,0,0.166666667,0,0,0.133333333,0.133333333,0.233333333,0.333333333,0,0.833333333,0.2,0.266666667,0.166666667
AM286,0.233333333,0,0.233333333,0,0.366666667,0.066666667,0.266666667,0.1,0.366666667,0,0,0.233333333,0,1.7,1.366666667,1.1,0.5,0.1,0,0.266666667,0.8,0.033333333,0.266666667,0.066666667,0.166666667,0.3,0.466666667,0,0.4,0.033333333,0.2,0,0.033333333,0.333333333,0.1,0.6,0.033333333,0,0,0.033333333,0.066666667,0.166666667,0,0.066666667,0.266666667,0.133333333,0,0.233333333,0.266666667,0.166666667,0.066666667
AM414,0.766666667,0,1.533333333,0.333333333,1.033333333,0.866666667,0.866666667,0.266666667,0.633333333,0.4,0.433333333,0,0.166666667,0.866666667,0.066666667,0.166666667,0.233333333,0,0.033333333,0,0,0,0,0,0,0,0,0,0,0.2,0.433333333,0.066666667,0.333333333,0.4,0.033333333,0.833333333,0.133333333,0,0.1,0.066666667,0.033333333,0.066666667,0.133333333,0.033333333,0.5,0.733333333,0.166666667,0.333333333,0,0.133333333,0.433333333
AM431,0.233333333,0.166666667,0.466666667,0.233333333,0.4,0.066666667,0.2,0,0.933333333,0.3,0.466666667,0.333333333,0,1.2,0,0.233333333,0.1,0.033333333,0,0.4,0.433333333,0.3,0.233333333,0.033333333,0.066666667,0.066666667,0.1,0.1,0.5,0.466666667,0.1,0.233333333,1.533333333,0.266666667,0.066666667,0.566666667,0,0,0,0,0.066666667,0,0,0.133333333,0.166666667,0.2,0,0.066666667,0.1,0,0.3
AM435,0.4,0,1.1,1.433333333,0.833333333,0.433333333,0.2,0.566666667,0.833333333,0.2,0.166666667,0.066666667,0,1.466666667,0.433333333,0.633333333,0.433333333,0.166666667,0.1,0.2,0,0.066666667,0.166666667,0.066666667,0,0,0,0,0,0.3,0.3,0.2,0.166666667,0.233333333,0,0.733333333,0.033333333,0,0,0,0.533333333,0.066666667,0,0.266666667,0.933333333,0.666666667,0.133333333,0.566666667,0.166666667,0.2,0.166666667
AM456,0.433333333,0,0.366666667,0.1,0.6,0,0.266666667,0.5,0.666666667,0,0.133333333,0.133333333,0.333333333,1.733333333,0.7,0.633333333,0.333333333,0,0.133333333,0.4,0.066666667,0.166666667,0.2,0.3,1.3,1.1,0.4,0.6,0,0,0.066666667,0,0,0,0,0.266666667,0.033333333,0,0,0.066666667,0.133333333,0.1,0,0,0.133333333,0,0.133333333,0.1,0.133333333,0.266666667,0
AM516,0.266666667,0.066666667,0.633333333,0.4,1.033333333,0.2,1.033333333,0.166666667,1.433333333,0.033333333,0.966666667,0.666666667,0.366666667,1.5,0.2,0.266666667,0.233333333,0.133333333,0,0,0,0,0.066666667,0.133333333,0.1,0.233333333,0,0,0,0.2,0.133333333,0,0,0.2,0.1,0.566666667,0,0,0,0,0,0,0,0.066666667,0.2,0.166666667,0,0,0.166666667,0.066666667,0.133333333
AM518,0.4,0,0.666666667,1.5,0.633333333,0.433333333,0.333333333,0.4,0.2,0.066666667,0,0,0,1.066666667,0.3,0.566666667,0.1,0.233333333,0.2,0.166666667,0.266666667,0,0.233333333,0,0.1,0.3,0.133333333,0,0,0.133333333,0.2,0,0,0.1,0,0.3,0,0,0,0,0.2,0,0,0.166666667,0.8,0.066666667,0,0.266666667,0.366666667,0.066666667,0.133333333
AM571,0.433333333,0.2,0.7,1.633333333,0.433333333,0.333333333,1.3,0.733333333,0.4,0.1,0,0.066666667,0,0.966666667,0.1,0.233333333,0.2,0,0.033333333,0.166666667,0.166666667,0,0,0,0.033333333,0.066666667,0,0,0,0.066666667,0,0,0,0.133333333,0,0.6,0,0,0,0,0,0,0.133333333,0.7,0.933333333,0.333333333,0.166666667,0.4,0,0.233333333,0.066666667
AM586,0.4,0,0.433333333,0,0.9,0.333333333,0.733333333,0.333333333,0.233333333,0.233333333,0.166666667,0,0,0.933333333,0.3,0.366666667,0.066666667,0,0.1,0.233333333,0.233333333,0.1,0.366666667,0,0.066666667,0.266666667,0.133333333,0,0,0.033333333,0.066666667,0,0,0.266666667,0,0.533333333,0.4,0,0,0,0.166666667,0,0,0.066666667,0.066666667,0.2,0.1,0.633333333,0.266666667,0.066666667,0.166666667
AM654,0.166666667,0.1,0.4,0.7,0.366666667,0.033333333,0,0.133333333,0.366666667,0,0,0,0,0.666666667,0.3,0.3,0.366666667,0,0,0.733333333,1.633333333,0,1.1,0,0.166666667,0.066666667,0,0.266666667,0.033333333,0,0.033333333,0,0,0.366666667,0,0.666666667,0.1,0.2,0,0.033333333,0.233333333,0,0,0.133333333,0.533333333,0,0,0.366666667,0.1,0.2,0.1
AM715,0.4,0.1,1,0.466666667,0.9,0.266666667,1.2,0.6,0.666666667,0.066666667,0.233333333,0.266666667,0,1.433333333,0.2,0.4,0.366666667,0.333333333,0,0.3,0.1,0.066666667,0,0,0,0.066666667,0,0,0,0.3,0.5,0.3,0.466666667,0.166666667,0.133333333,0.933333333,0.033333333,0,0.033333333,0.233333333,0.566666667,0.1,0.066666667,0,0.166666667,0.1,0.066666667,0.1,0.2,0.166666667,0.333333333
AM792,0.033333333,0.1,0.433333333,0,0.7,0.166666667,1.233333333,0.533333333,0.233333333,0.033333333,0.033333333,0.066666667,0.066666667,1.066666667,0.2,0.3,0.933333333,0.3,0.1,0.166666667,0,0,0.1,0.266666667,0.1,0.333333333,0,0,0.066666667,0.133333333,0.033333333,0,0,0.033333333,0.166666667,0.4,0.333333333,0.333333333,0,0,0,0,0,0.366666667,0.133333333,0.4,0.133333333,0.333333333,0.366666667,0.1,0.033333333
AM881,0.4,0,0.366666667,0,0.566666667,0.1,0.6,0.133333333,0.833333333,0.1,0.6,0.233333333,0.366666667,1.966666667,0.333333333,0.866666667,0,0.1,0,0.1,0.333333333,0.133333333,0,0.166666667,1.466666667,0.9,0.133333333,0.166666667,0,0.066666667,0.033333333,0,0,0,0,0.2,0.033333333,0,0,0,0.066666667,0,0,0.166666667,0.166666667,0.066666667,0,0,0,0.166666667,0
AM911,0.666666667,0,0.466666667,0.033333333,0.633333333,0.1,0.433333333,0.266666667,0.2,0.066666667,0,0,0,0.633333333,0.133333333,0.133333333,0,0,0.066666667,1.333333333,1.5,0.533333333,0.6,0.066666667,0,0,0,0.2,0.2,0.366666667,0.133333333,0.266666667,0.433333333,0.733333333,0.1,0.6,0.033333333,0,0.033333333,0,0.066666667,0,0.166666667,0.033333333,0.066666667,0.066666667,0.2,0.066666667,0.066666667,0,0.066666667
AM940,0.4,0.2,0.766666667,0.333333333,0.233333333,0.433333333,0.4,0,0.8,0.133333333,0.633333333,0.333333333,0.133333333,0.9,0.133333333,0.1,0.066666667,0.1,0.2,0.433333333,0,0,0.066666667,0,0,0.1,0.066666667,0,0.133333333,0.533333333,0.166666667,0.166666667,1.1,0.033333333,0,0.566666667,0.066666667,0.033333333,0.066666667,0.266666667,0.3,0,0.066666667,0,0.266666667,0.266666667,0.166666667,0,0,0.166666667,0.2
AM942,0.2,0,0.333333333,0,0.166666667,0.266666667,0.766666667,0.2,0.666666667,0.233333333,0.2,0.333333333,0.566666667,1.133333333,0.133333333,0.433333333,0.2,0,0,0.066666667,0.233333333,0.1,0.533333333,0.2,0.8,0.9,0,0.266666667,0.033333333,0.066666667,0.133333333,0,0,0.133333333,0.1,0.433333333,0.233333333,0.1,0,0,0,0,0,0.166666667,0.033333333,0.066666667,0,0.233333333,0.233333333,0.233333333,0.066666667
AM966,0.633333333,1.3,0.766666667,1.466666667,0.133333333,0,1.1,0.7,1.033333333,0.066666667,0.966666667,0.233333333,0.1,2.1,0.233333333,0.266666667,0.3,0,0,0,0.166666667,0,0,0,0,0,0.1,0.033333333,0,0.266666667,0.233333333,0,0,0,0.033333333,0.066666667,0,0,0,0,0,0,0,0,0.266666667,0.1,0.133333333,0.2,0,0,0.066666667
AM969,0.366666667,0,0.533333333,0.133333333,0.133333333,0.2,0.333333333,0.4,0.3,0.066666667,0,0,0,0.733333333,0.4,0.3,0.5,0.2,0.166666667,0.7,0.233333333,1.066666667,0.166666667,0.366666667,0,0,0.266666667,0.033333333,1.1,0.266666667,0.3,0.233333333,1.566666667,0.2,0.3,0.466666667,0.033333333,0,0.033333333,0.1,0.1,0,0,0,0.3,0.233333333,0.166666667,0.166666667,0,0,0.033333333
AM990,0.2,0,0.3,0,0.133333333,0.033333333,0.4,0.533333333,2.166666667,0.733333333,0.6,0.933333333,0,2.266666667,0.066666667,0.133333333,0,0,0.066666667,0.066666667,0.066666667,0,0.133333333,0,0.066666667,0.166666667,0.1,0,0.433333333,0.6,0.833333333,0,0,0,0.066666667,0.433333333,0,0,0,0.2,0.166666667,0,0.3,0.133333333,0,0,0,0.066666667,0.1,0,0
AN176,0.766666667,0.266666667,0.4,0.266666667,0.9,0.2,0.5,0.5,0.933333333,0.333333333,0.1,0.266666667,0,1.7,0.5,0.5,0.566666667,0.333333333,0.1,0,0,0,0.133333333,0.1,0,0.433333333,0.133333333,0,0,0.133333333,0.1,0,0,0.133333333,0.066666667,0.466666667,0,0,0,0,0.366666667,0.133333333,0,0.1,0.066666667,0.066666667,0,0.533333333,0.366666667,0,0.1
AN301,0.133333333,0.4,0.5,0.2,0.733333333,0.133333333,0.633333333,0.9,0.233333333,0.166666667,0,0.066666667,0.066666667,1.4,0.666666667,0.466666667,0.2,0.266666667,0.066666667,0.3,0.133333333,0.266666667,0.1,0.266666667,0,0.266666667,0.333333333,0,0.1,0.5,0.166666667,0.1,0,0.1,0.1,0.266666667,0,0,0,0,0.466666667,0.266666667,0,0.2,0.133333333,0.133333333,0,0.233333333,0.366666667,0.2,0.066666667
AN303,0.333333333,0,0.9,0.133333333,1.233333333,0.266666667,0.233333333,0.266666667,0.2,0,0,0.133333333,0,0.966666667,0.166666667,0.166666667,0.133333333,0.2,0.1,1.266666667,1.833333333,0.1,1.2,0.066666667,0.066666667,0.2,0.166666667,0.4,0.2,0.033333333,0.066666667,0.1,0.1,0.2,0.033333333,0.266666667,0,0,0,0,0.266666667,0.1,0,0,0,0.133333333,0.166666667,0.233333333,0.433333333,0,0.133333333
AN307,0.3,0,0.5,0.233333333,0.566666667,0,0.333333333,0.366666667,0.733333333,0,0.066666667,0.266666667,0.066666667,1.266666667,0.333333333,0.466666667,0.166666667,0.2,0.1,0.733333333,0.333333333,0.566666667,0.2,0.466666667,0.066666667,0.1,0,0,0.166666667,0.3,0.433333333,0.866666667,0.533333333,0.133333333,0,0.833333333,0,0.233333333,0.066666667,0.8,0,0.166666667,0.233333333,0.233333333,0,0.033333333,0,0,0.033333333,0,0.1
AN368,1.066666667,2.7,0.833333333,0.066666667,0.066666667,0.1,0.166666667,0,0.366666667,0.366666667,0.066666667,0.066666667,0.1,1,0.266666667,0.066666667,0.233333333,0,0,0.1,0.733333333,0.233333333,0.466666667,0.633333333,0,0.6,0,0,0,0.233333333,0.066666667,0.1,0.033333333,0.166666667,0.166666667,0.4,0.066666667,0.066666667,0,0,0,0.3,0,0,0.4,0.133333333,0.266666667,0.033333333,0.3,0.166666667,0.133333333
AN446,0.533333333,0.166666667,0.766666667,0.433333333,0.366666667,0.266666667,0.233333333,0.333333333,0.566666667,0,0.166666667,0.166666667,0,0.433333333,0.2,0,0.1,0.033333333,0.033333333,0.066666667,0.1,0,0.066666667,0.166666667,0,0.733333333,0,0.033333333,0.2,0.566666667,0.7,0.366666667,0.533333333,0.233333333,0.133333333,1.3,0.1,0.133333333,0,0.133333333,0.233333333,0,0.066666667,0.133333333,0.133333333,0.566666667,0.3,0.266666667,0.1,0.3,0.3
AN561,0.5,0,0.766666667,0,0.566666667,0.233333333,0.5,0,0.633333333,0.033333333,0.233333333,0.2,0,1.133333333,0.366666667,0.433333333,0.433333333,0.133333333,0.133333333,0.633333333,1.8,0.133333333,0.933333333,0.066666667,0.233333333,0.133333333,0,0.366666667,0.1,0.433333333,0.366666667,0.4,0.466666667,0.266666667,0.366666667,0.9,0.033333333,0.133333333,0,0.033333333,0.066666667,0,0.1,0,0.066666667,0.3,0,0.1,0.2,0,0.1
AN955,0.366666667,0,0.366666667,0.533333333,0.4,0.2,0.533333333,0.633333333,1.166666667,0.133333333,0.1,0.866666667,0.033333333,2.066666667,0.5,0.333333333,0.366666667,0.166666667,0,0.266666667,0,0.166666667,0.233333333,0,0,0.033333333,0,0,0,0.033333333,0.1,0,0,0,0,0.4,0.2,0,0,0.1,0.033333333,0.166666667,0,0.466666667,0.633333333,0.5,0.1,1.3,0.466666667,0.266666667,0.233333333
AO006,0.466666667,0.066666667,0.433333333,0.1,0.533333333,0.066666667,0.9,0.566666667,1.7,0,0.633333333,0.533333333,0.5,1.966666667,0.666666667,0.3,0.066666667,0.066666667,0,0.266666667,0.333333333,0,0.133333333,0.4,0.033333333,1.866666667,0.166666667,0.566666667,0.066666667,0.266666667,0.166666667,0.066666667,0,0.033333333,0,0.266666667,0.066666667,0,0,0,0.066666667,0.233333333,0,0.266666667,0.4,0,0.133333333,0.033333333,0.366666667,0.2,0.066666667
AO055,0.333333333,0,0.7,0.333333333,0.466666667,0.433333333,0.466666667,0.533333333,0.633333333,0,0.166666667,0.266666667,0,1.233333333,0.266666667,0.4,0.366666667,0,0,0.133333333,0.366666667,0.133333333,0.066666667,0.266666667,0.1,0,0.566666667,0.133333333,0.533333333,0.366666667,0.266666667,0.466666667,0.566666667,0,0.266666667,0.433333333,0.133333333,0.1,0.4,1.266666667,0.233333333,0.133333333,0.066666667,0.233333333,0.233333333,0.366666667,0,0.066666667,0.233333333,0.233333333,0
AO060,0.5,0,0.833333333,0.1,1.166666667,0.433333333,0.2,0.366666667,0.266666667,0.033333333,0,0,0,0.6,0.266666667,0.2,0.4,0.3,0.066666667,0.433333333,0.8,0,0.733333333,0,0,0.066666667,0,0,0,0.266666667,0.133333333,0.066666667,0,0.933333333,0,1.366666667,0.233333333,0,0.033333333,0.366666667,0.333333333,0.266666667,0,0.3,0.2,0.166666667,0.233333333,0.2,0.733333333,0.733333333,0
AO074,0.633333333,0,0.8,0.566666667,0.5,0.233333333,0.433333333,0.566666667,0.533333333,0.066666667,0.1,0.233333333,0,1,0.266666667,0.2,0.133333333,0.033333333,0.066666667,1.2,1.933333333,0.133333333,1.066666667,0,0.066666667,0.066666667,0.133333333,0.066666667,0.166666667,0.2,0,0,0,0.433333333,0,0.966666667,0.166666667,0,0,0.133333333,0.1,0.066666667,0,0.366666667,0.1,0.033333333,0.2,0,0.1,0.166666667,0
AO083,0.4,0,0.6,2.3,0.166666667,0.3,0.333333333,0.1,0.9,0,0.133333333,0.4,0.133333333,1.266666667,0.466666667,0.366666667,0.2,0,0,0.633333333,0.233333333,0.566666667,0,0,0.033333333,0.433333333,0.033333333,0,0,0.2,0.1,0.166666667,1.5,0.066666667,0.1,0.233333333,0.133333333,0,0,0.033333333,0.1,0,0,0.266666667,0.633333333,0.233333333,0.266666667,0,0,0.3,0
AO208,0.333333333,0,0.233333333,0.066666667,0.266666667,0,0.233333333,0.066666667,0.7,0.1,0.1,0.1,0.066666667,0.6,0.433333333,0.266666667,0.1,0.033333333,0,0.766666667,0.333333333,0.633333333,0.233333333,0.133333333,0,0,0.966666667,0.1,0.866666667,1,0.466666667,0.6,1.4,0.5,0.333333333,1.433333333,0.233333333,0.233333333,0.533333333,1.066666667,0.033333333,0.1,0.2,0,0.166666667,0.4,0.133333333,0,0.133333333,0,0
AO276,0.466666667,0,0.233333333,0.066666667,0.133333333,0.066666667,0.366666667,0.1,0.066666667,0,0.1,0,0,1,0.4,0.466666667,0.366666667,0.233333333,0.1,0.966666667,0.433333333,1.3,0.3,1.033333333,0,0.3,0.066666667,0.4,0.6,0.366666667,0.466666667,0.766666667,0.9,0.166666667,0.5,0.233333333,0,0.4,0.133333333,1,0,0.233333333,0.266666667,0.133333333,0.133333333,0.333333333,0,0,0,0.2,0
AO318,0.266666667,0,0.366666667,0.533333333,0,0.066666667,0.133333333,0.2,0.666666667,0.133333333,0.4,0.666666667,0,1.633333333,0.233333333,0.433333333,0.033333333,0.3,0,0.733333333,0.6,0.366666667,0.366666667,0.733333333,0.066666667,0.066666667,0.333333333,0.266666667,0.266666667,0.566666667,0.366666667,0.866666667,0.166666667,0.066666667,0.166666667,0.3,0.1,0.333333333,0.233333333,1,0,0.066666667,0.1,0.133333333,0.3,0.133333333,0,0,0,0.066666667,0
AO338,0.3,0,0.133333333,0.1,0.033333333,0.066666667,0.366666667,0.2,0.733333333,0,0.2,0,0.2,1.466666667,0.566666667,0.666666667,0.2,0,0.133333333,0.266666667,0.166666667,0.266666667,0,0.1,0,0.2,1.566666667,0.066666667,0.333333333,0.833333333,0.6,0.366666667,0.133333333,0.033333333,0.033333333,0.633333333,0.033333333,0.133333333,0.133333333,1.033333333,0.033333333,0.166666667,0,0.033333333,0.033333333,0.033333333,0.1,0,0.133333333,0,0
AO390,0.433333333,0,0.066666667,0.066666667,0.7,0.466666667,0.633333333,0.5,0.3,0.1,0.166666667,0.166666667,0.1,1.133333333,0.4,0.2,0.366666667,0,0,0.166666667,0.2,0,0,0,0.066666667,0.266666667,0.1,0,0,0.166666667,0.033333333,0,0,0.133333333,0,0.866666667,0.666666667,0,0,0.033333333,0.566666667,0.5,0.033333333,0.133333333,0.3,0.4,0.8,0.9,0.8,0.366666667,0.133333333
AO456,0.533333333,0,0.3,0.2,0.166666667,0.4,1.366666667,0.266666667,1.733333333,0.166666667,0.4,0.8,0.166666667,1.233333333,0.266666667,0.3,0,0,0,0,0,0,0.066666667,0.133333333,0,0,0.1,0,0,0.433333333,0.766666667,0.033333333,0,0,0,0.066666667,0.466666667,0,0,0,0.066666667,0.033333333,0,0.366666667,0,0.2,0.666666667,1.266666667,0.3,0.133333333,0
AO482,0.733333333,0,0.666666667,0.233333333,1.3,0.166666667,0.833333333,0.8,0,0,0,0,0,0.8,0.466666667,0.3,0.233333333,0.1,0,0.766666667,0.933333333,0.066666667,1.1,0.066666667,0,0.233333333,0,0,0,0.033333333,0.166666667,0.133333333,0,0.933333333,0,1.4,0.066666667,0,0,0,0.333333333,0.166666667,0,0.1,0.066666667,0,0,0.1,0.166666667,0.2,0.1
AO486,0.666666667,0.2,0.566666667,0.333333333,0.133333333,0.2,0.9,0.533333333,1.733333333,0.133333333,0.966666667,0.633333333,0.766666667,2.3,0.4,0.233333333,0.133333333,0.066666667,0,0.333333333,0.333333333,0,0,0.433333333,0.033333333,1.2,0,0.5,0,0.166666667,0.1,0,0.433333333,0,0,0.366666667,0,0,0,0,0.066666667,0.1,0,0.1,0.133333333,0.166666667,0.066666667,0.1,0.266666667,0.3,0
AO500,0.1,0,0.5,0.3,0.1,0.133333333,0.233333333,0.6,0.1,0,0,0,0,1.366666667,0.6,0.833333333,0.3,0.5,0.9,0.6,0.566666667,0.333333333,0.4,0.233333333,0,0.266666667,0.066666667,0.2,0.2,0.4,0.1,0.433333333,1.833333333,0.233333333,0,0.333333333,0.266666667,0,0.033333333,0.066666667,0.233333333,0,0.066666667,0.166666667,0.166666667,0.2,0.033333333,0.166666667,0.1,0,0
AO549,0.4,0,0.133333333,0.133333333,0.4,0.166666667,0.333333333,0.633333333,1.1,0,0.466666667,0.633333333,0.066666667,1.7,0.833333333,0.4,0.733333333,0.166666667,0.066666667,0.066666667,0.233333333,0,0.1,0.366666667,0.066666667,0.866666667,0.233333333,0.2,0.666666667,0.7,0.7,0,0.133333333,0.066666667,0.033333333,0.866666667,0.166666667,0,0,0,0.066666667,0.166666667,0.066666667,0.066666667,0.066666667,0.266666667,0,0.133333333,0.033333333,0.033333333,0.033333333
AO567,1.233333333,0.2,0.866666667,0.066666667,1.533333333,0.033333333,0.2,0.4,0,0,0,0,0,0.566666667,0.166666667,0,0.166666667,0.4,0.1,0.766666667,1.533333333,0.266666667,0.633333333,0.033333333,0,0.766666667,0,0,0.1,0,0.3,0,0.133333333,0.933333333,0,1.5,0.033333333,0,0,0.066666667,0.333333333,0.066666667,0.066666667,0.066666667,0.066666667,0.133333333,0.166666667,0,0.1,0.233333333,0
AO684,0.3,0.133333333,0.4,0.166666667,0.366666667,0.133333333,0.1,0,0.4,0,0,0.166666667,0.1,0.9,0.3,0.366666667,0.033333333,0,0,0.833333333,0.866666667,0.3,0.133333333,0.666666667,0.066666667,0.4,0.266666667,0.166666667,0.5,0.133333333,0.233333333,0.766666667,0.466666667,0,0.133333333,0.3,0.266666667,0.266666667,0.1,0.8,0,0.033333333,0.233333333,0.266666667,0.333333333,0.166666667,0.533333333,0.066666667,0.266666667,0.3,0
AO742,0.3,0,0.533333333,1.333333333,0.4,0.3,0.133333333,0.3,0.066666667,0.1,0.166666667,0,0,1.866666667,0.8,0.533333333,0.933333333,0.666666667,0.166666667,0.333333333,0.433333333,0.433333333,0.1,0.066666667,0.033333333,0.066666667,0,0.1,0.133333333,0.433333333,0.1,0.3,1.466666667,0.033333333,0,0.133333333,0.333333333,0,0.166666667,0.1,0.166666667,0.133333333,0.266666667,0.333333333,0.5,0.333333333,0.033333333,0.033333333,0.233333333,0.166666667,0.066666667
AO762,0.2,0,0.233333333,0.233333333,0.233333333,0.166666667,0.6,0.566666667,0.433333333,0.2,0.2,0.166666667,0,1.3,0.4,0.566666667,0.733333333,0.1,0.066666667,0.1,0.166666667,0,0.1,0,0,0.166666667,0.1,0,0,0.133333333,0.166666667,0,0,0.133333333,0,0.233333333,0.533333333,0,0,0,0.2,0.233333333,0,0.2,0.166666667,0.566666667,0.333333333,2.1,0.233333333,0.2,0.033333333
AO865,0.8,0,1.066666667,0.5,0.766666667,0.466666667,2,0.633333333,0.6,0.166666667,0.2,0.4,0.166666667,1.5,0.366666667,0.4,0.6,0,0.133333333,0.066666667,0.3,0,0,0.066666667,0,0.066666667,0.066666667,0,0,0.233333333,0.566666667,0,0.066666667,0.533333333,0,0.4,0.033333333,0,0,0.1,0.1,0.466666667,0.033333333,0.433333333,0.2,0.066666667,0.266666667,0.3,0.333333333,0.333333333,0.066666667
AO870,0.4,0,0.466666667,0.366666667,0.066666667,0,0.166666667,0.233333333,0.666666667,0.066666667,0.066666667,0.5,0.1,1.033333333,0.4,0.3,0,0.066666667,0.066666667,0.4,0.233333333,0.366666667,0.1,0.833333333,0.066666667,0.133333333,0.1,0.366666667,0.433333333,0.6,0.666666667,1,1.266666667,0.066666667,0.133333333,0.066666667,0,0.3,0.1,0.733333333,0.2,0.2,0.066666667,0.1,0.333333333,0,0,0,0.066666667,0.033333333,0.033333333
AO984,0.4,0,0.033333333,1.833333333,0.1,0,0.2,0.266666667,0.6,0,0,0.033333333,0.133333333,1.033333333,0.366666667,0.366666667,0.2,0,0,0.066666667,0,0.4,0.066666667,0,0,0,1,0.233333333,0.466666667,0.733333333,0.7,0.866666667,0,0.066666667,0.2,0.5,0.033333333,0.066666667,0.8,2.266666667,0,0,0.066666667,0.166666667,0.733333333,0.166666667,0.133333333,0,0.1,0.133333333,0.066666667
AP029,0.466666667,0,0.533333333,0.333333333,0.366666667,0.1,0.533333333,0.3,1.366666667,0.1,0.133333333,1.033333333,0.133333333,1.2,0.166666667,0.266666667,0.066666667,0.066666667,0,0.066666667,0,0,0,0.066666667,0,0.266666667,0.1,0,0.066666667,0.1,0.3,0,0,0,0,0.366666667,0.233333333,0,0,0,0.133333333,0.166666667,0,0.233333333,0.233333333,0.5,0.333333333,0.866666667,0.333333333,0.266666667,0.033333333
AP067,0.1,0,0.3,0.266666667,0.5,0.066666667,0.533333333,0.166666667,0.533333333,0,0.1,0.333333333,0,1.9,0.6,0.766666667,3.366666667,0.166666667,0.4,0.466666667,0.266666667,0,0.333333333,0.066666667,0.033333333,0.266666667,0,0.066666667,0,0.066666667,0.066666667,0,0.066666667,0,0,0.433333333,0.166666667,0,0,0,0.166666667,0.133333333,0,0.266666667,0.4,0.1,0.133333333,0.5,0.2,0,0
AP145,0.366666667,0,0.4,1.9,0.533333333,0.433333333,0.666666667,0.4,1,0.2,0.066666667,0,0.066666667,1.933333333,0.6,0.566666667,0.5,0.166666667,0,0.033333333,0.133333333,0,0.066666667,0.066666667,0.1,0.466666667,0.133333333,0,0,0.033333333,0.033333333,0.033333333,0.1,0.233333333,0.066666667,0.133333333,0.1,0,0,0.033333333,0.433333333,0.433333333,0.166666667,0.266666667,1.066666667,0.3,0.266666667,0.4,0.433333333,0.2,0.033333333
AP146,0.3,0,0.3,0.3,0.3,0.166666667,0.1,0,0.066666667,0,0.066666667,0,0,0.766666667,0.433333333,0.3,0.133333333,0,0.233333333,0.3,0.266666667,0.366666667,0.3,0.1,0,0,0.166666667,0.233333333,0.6,0.5,0.466666667,1.066666667,0.4,0.2,0.5,1.533333333,0.133333333,0.566666667,0.4,1.8,0.533333333,0.066666667,0.666666667,0.166666667,0.233333333,0.166666667,0,0.066666667,0.2,0.4,0
AP154,0.6,0.133333333,0.566666667,0,0.8,0.266666667,0.733333333,0.8,0.533333333,0.033333333,0.1,0.133333333,0.1,1.133333333,0.4,0.333333333,0.466666667,0.2,0,0.4,0.5,0.066666667,0.166666667,0.3,0.133333333,1.233333333,0.066666667,0,0.066666667,0.3,0.3,0,0,0.533333333,0,1.266666667,0.166666667,0,0.033333333,0.066666667,0.2,0.366666667,0.133333333,0.133333333,0.133333333,0.166666667,0.166666667,0.1,0.5,0.3,0.066666667
AP164,1.066666667,0,1.5,0.066666667,0.366666667,0.033333333,0.2,0.333333333,1.2,0.1,0.366666667,0.733333333,0.1,1.7,0.266666667,0.533333333,0.6,0,0.066666667,0.433333333,0.533333333,0.166666667,0.366666667,0.166666667,0,0.066666667,0.1,0.033333333,0,0.5,0.3,0.133333333,0.566666667,0.5,0.2,0.566666667,0,0,0,0,0.3,0.333333333,0,0.2,0.133333333,0.5,0.266666667,0.4,0.233333333,0.3,0.133333333
AP258,0.133333333,0,0.133333333,0,0.266666667,0.033333333,0.3,0.366666667,0.733333333,0,0.433333333,0.333333333,0.166666667,3.666666667,2.266666667,2.2,1.066666667,0.066666667,0.133333333,0.966666667,0.7,0,0.8,0.066666667,0.9,0.2,0.3,0.333333333,0,0,0.033333333,0,0,0,0.033333333,0.1,0.133333333,0,0,0,0,0,0,0.066666667,0,0,0,0.5,0,0.066666667,0.1
AP275,0.566666667,1.433333333,0.466666667,0.233333333,0.433333333,0.266666667,0.866666667,0.933333333,1.466666667,0.233333333,0.6,0.466666667,0.4,1.866666667,0.366666667,0.6,0.3,0.166666667,0,0.266666667,0.266666667,0,0.433333333,0,0.066666667,0.3,0,0,0,0.133333333,0.1,0,0,0.066666667,0,0.233333333,0.133333333,0,0,0,0.133333333,0.2,0,0.133333333,0.1,0.166666667,0.166666667,0.3,0.6,0.066666667,0.033333333
AP340,0.9,0.766666667,0.533333333,0.133333333,0.533333333,0.1,0.733333333,0.2,2.2,0.233333333,1.5,1.433333333,0.2,2.433333333,0.2,0.366666667,0.166666667,0.1,0,0,0.133333333,0,0,0,0,0.1,0,0,0,0.066666667,0.2,0,0,0,0,0.233333333,0.166666667,0,0.033333333,0.033333333,0.166666667,0.1,0,0.1,0.166666667,0,0.433333333,0.133333333,0.3,0.3,0
AP385,0.433333333,0.033333333,0.066666667,0,0.366666667,0.066666667,0.433333333,0.1,1.633333333,0.033333333,0.233333333,0.3,0.366666667,1.333333333,0.466666667,0.3,0.2,0,0,0.066666667,0,0.1,0,0.1,0.1,0.133333333,0.433333333,0.033333333,0.366666667,0.4,0.866666667,1.133333333,0.3,0,0.3,0.766666667,0.233333333,0.266666667,0.366666667,1.9,0.3,0.2,0.2,0.066666667,0,0.066666667,0.1,0.133333333,0.1,0.133333333,0.066666667
AP397,0.366666667,0.1,0.466666667,0.2,0.4,0.2,0.566666667,0.633333333,2.5,0.266666667,0.666666667,1.6,0.133333333,2.266666667,0.433333333,0.333333333,0.4,0.166666667,0,0.1,0.033333333,0.066666667,0,0,0,0.2,0.033333333,0,0.133333333,0.266666667,0.433333333,0,0,0,0,0.733333333,0.1,0,0,0.033333333,0.133333333,0.066666667,0.266666667,0.166666667,0.266666667,0.466666667,0.066666667,0.4,0,0,0
AP399,1.133333333,0,1.2,0,0.533333333,0.066666667,0.233333333,0.033333333,0.366666667,0.1,0.1,0.066666667,0,0.6,0.266666667,0.266666667,0.4,0.033333333,0.133333333,0.633333333,0.533333333,0.533333333,0.633333333,0.466666667,0,0.4,0,0.1,0.266666667,0.733333333,0.7,0.133333333,0.866666667,0.466666667,0.3,0.766666667,0.2,0,0,0,0.2,0.366666667,0.233333333,0.2,0.133333333,0.6,0.233333333,0.233333333,0.233333333,0.066666667,0.2
AP431,0.133333333,0,0.266666667,0.433333333,0.066666667,0.066666667,0.3,0.233333333,3.166666667,0,0.7,2.366666667,0.233333333,2.566666667,0.566666667,0.266666667,0.1,0,0,0.233333333,0.4,0.266666667,0.2,0.066666667,0,0.033333333,0,0,0,0.333333333,0.266666667,0.233333333,1.033333333,0.066666667,0,0.333333333,0.166666667,0,0.1,0.1,0.233333333,0.266666667,0.066666667,0.133333333,0.3,0.233333333,0.066666667,0.233333333,0.233333333,0,0.166666667
AP432,0.466666667,0,0.966666667,0.133333333,0.7,0.233333333,0,0,0,0,0,0,0,0.333333333,0.2,0,0.2,0.233333333,0.566666667,0.4,0.433333333,0.666666667,0.166666667,0.266666667,0,0.366666667,0.133333333,0,0.1,0.233333333,0.2,0.366666667,1.466666667,0.666666667,0.4,1.033333333,0.2,0,0.066666667,0.166666667,1.6,0.233333333,0.3,0.333333333,0.233333333,0.066666667,0.066666667,0.233333333,0.533333333,0.533333333,0.133333333
AP447,1,0.066666667,1,0.366666667,0.666666667,0.833333333,0.2,0.333333333,0.7,0.333333333,0.266666667,0.266666667,0.1,0.7,0.166666667,0.233333333,0.233333333,0.2,0.133333333,0.466666667,0.9,0,0.133333333,0.466666667,0,0.3,0,0.166666667,0,0.366666667,0.166666667,0.1,0.233333333,0.133333333,0.066666667,1.066666667,0.566666667,0.066666667,0.033333333,0.033333333,0.466666667,0.3,0,0.333333333,0.133333333,0.6,0.3,0.133333333,0.2,0.166666667,0.066666667
AP521,1.4,0.8,0.833333333,0.266666667,0.9,0.3,0.866666667,0.5,1.366666667,0,0.766666667,0.466666667,0.2,1.433333333,0.4,0.4,0.2,0,0,0.066666667,0.2,0,0.266666667,0,0,0.066666667,0.066666667,0,0.1,0.266666667,0,0,0.133333333,0.5,0,0.533333333,0,0,0,0,0.233333333,0.033333333,0.066666667,0,0.233333333,0.066666667,0,0,0.366666667,0.366666667,0
AP524,0.233333333,0.066666667,0.366666667,0.5,0.233333333,0.133333333,0.466666667,0.9,0.4,0,0.066666667,0.133333333,0.1,1.133333333,0.466666667,0.333333333,0.5,0.066666667,0.133333333,0.4,0.366666667,0.5,0.133333333,0.3,0,0.233333333,0.133333333,0.166666667,0,0.4,0.5,0.466666667,1.6,0.166666667,0,0.833333333,0.166666667,0.233333333,0.133333333,0.3,0.733333333,0.1,0.5,0.233333333,0.166666667,0.366666667,0.066666667,0,0.633333333,0,0
AP563,1.333333333,0.9,0.7,0.366666667,0.333333333,0.266666667,0.733333333,0.333333333,1.433333333,0.033333333,0.966666667,0.233333333,0.3,1.9,0.5,0.466666667,0.166666667,0,0,0.166666667,0.466666667,0.066666667,0,0.066666667,0,0.133333333,0.133333333,0,0,0.066666667,0.066666667,0,0,0.066666667,0,0.533333333,0,0,0,0,0.366666667,0.166666667,0.233333333,0.133333333,0.2,0,0.1,0.066666667,0.466666667,0.266666667,0.066666667
AP571,0.733333333,0.7,0.9,0.533333333,0.633333333,0.166666667,0.633333333,1.033333333,0.7,0,0.266666667,0.166666667,0.1,1.133333333,0.3,0.433333333,0.166666667,0,0,0.233333333,0.233333333,0,0,0.266666667,0,0.466666667,0,0.066666667,0,0.133333333,0,0,0,0.6,0,1.033333333,0,0,0,0,0.166666667,0.133333333,0.3,0.633333333,0.8,0.666666667,0.4,0.2,0.233333333,0.7,0.333333333
AP577,0.566666667,0.233333333,1.266666667,0.333333333,1.233333333,0.833333333,0.6,0.766666667,0.833333333,0.3,0.166666667,0.3,0.166666667,1.5,0.566666667,0.5,0.266666667,0.2,0,0.166666667,0.2,0,0,0,0,0.2,0,0,0,0,0.1,0,0,0.066666667,0,0.666666667,0.1,0,0,0,0.5,0.366666667,0.1,0.333333333,0.233333333,0.2,0.333333333,0.366666667,0.5,0.133333333,0.1
AP591,0.8,1.533333333,0.533333333,0.233333333,0.6,0.166666667,0.866666667,0.6,1.833333333,0.066666667,0.266666667,0.766666667,0.3,1.7,0.166666667,0.166666667,0,0,0,0.3,0.366666667,0.166666667,0.1,0.066666667,0.066666667,0.266666667,0.166666667,0.033333333,0,0.266666667,0.1,0,0.166666667,0.1,0.066666667,0.166666667,0,0,0.066666667,0,0.233333333,0.2,0.133333333,0.3,0.1,0.1,0.166666667,0.066666667,0.466666667,0.3,0.066666667
AP627,0.4,0.133333333,0.8,0.733333333,1.1,0.4,0.233333333,0.333333333,0.1,0,0,0,0,0.833333333,0.266666667,0.3,0.166666667,0.166666667,0,0.2,0.2,0,0,0.033333333,0,0.466666667,0.133333333,0.1,0.533333333,0.266666667,0.1,0,0,0.433333333,0,1.5,0.133333333,0,0,0.1,1,0.366666667,0.466666667,0,0.266666667,0.1,0,0.2,0.733333333,0.533333333,0.133333333
AP661,0.433333333,0,0.4,0.266666667,0.266666667,0.066666667,0.266666667,0.1,0.433333333,0,0.066666667,0.033333333,0,1.033333333,0.3,0.2,0.8,0.2,0.233333333,0.633333333,0.533333333,0.1,0.133333333,0.266666667,0,0.366666667,0,0,0.066666667,0.233333333,0.466666667,0.3,1.466666667,0.233333333,0.133333333,1.166666667,0.1,0.066666667,0,0.166666667,0.3,0.233333333,0.2,0.166666667,0.033333333,0.166666667,0.166666667,0.1,0.066666667,0.266666667,0.1
AP691,0.6,0.333333333,0.233333333,0.6,0.433333333,0.166666667,0.466666667,0.4,1.133333333,0.466666667,0.4,0.833333333,0.433333333,2.2,0.866666667,0.3,0.166666667,0.166666667,0.2,0.266666667,0.6,0.233333333,0,0.7,0.3,1.666666667,0.2,0.4,0,0.066666667,0.166666667,0,0,0,0,0.366666667,0.2,0,0,0,0.2,0.266666667,0.1,0.233333333,0.666666667,0.2,0.2,0.133333333,0.233333333,0,0
AP734,0.6,0.033333333,0.833333333,0.266666667,0.7,0.266666667,1.066666667,0.233333333,0.1,0,0,0,0,0.766666667,0.333333333,0.2,0.3,0.266666667,0.066666667,0.533333333,0.566666667,0.066666667,0.266666667,0.066666667,0,0.266666667,0,0.2,0,0.3,0.066666667,0.066666667,0.433333333,0.433333333,0.133333333,1.033333333,0,0,0,0,0.7,0.333333333,0.566666667,0.133333333,0.433333333,0.166666667,0.5,0.4,0.466666667,0.433333333,0
AP774,0.5,0,0.533333333,0.7,0.833333333,0.4,0.5,0.533333333,0.933333333,0.233333333,0.466666667,0.166666667,0.466666667,1.366666667,0.5,0.433333333,0.366666667,0.3,0,0.266666667,0.233333333,0.1,0.1,0.366666667,0.033333333,1.633333333,0.1,0.066666667,0,0,0,0,0.333333333,0.166666667,0.133333333,0.4,0.166666667,0.033333333,0,0,0.266666667,0.366666667,0,0.266666667,0.533333333,0.033333333,0.4,0.133333333,0.5,0.266666667,0.066666667
AP781,0.4,0.1,0.433333333,0,0.233333333,0.066666667,0.066666667,0.166666667,0.2,0.066666667,0,0.266666667,0.133333333,0.566666667,0.066666667,0,0.066666667,0.066666667,0.1,1.566666667,1.666666667,0.466666667,0.366666667,0.466666667,0,0.333333333,0.5,0.533333333,0.866666667,0.566666667,0.233333333,0.3,1.833333333,0.2,0.133333333,0.533333333,0.233333333,0.033333333,0.266666667,0.2,0,0.033333333,0.133333333,0.033333333,0,0.2,0.133333333,0.1,0.066666667,0.1,0
AP841,0.433333333,0,0.333333333,0.166666667,0.5,0.166666667,0.466666667,0.433333333,1.333333333,0,0.4,0.333333333,0,1.433333333,0.7,0.5,0.133333333,0.133333333,0.366666667,0.533333333,0.433333333,0.266666667,0.333333333,0.433333333,0,0.4,0.366666667,0.166666667,0.1,0.2,0.533333333,0.233333333,0.866666667,0.066666667,0.033333333,0.8,0.3,0,0.2,0.233333333,0.233333333,0.1,0.2,0.166666667,0.166666667,0.233333333,0.066666667,0.3,0.1,0.1,0
AP854,0.566666667,0.933333333,0.8,0,0.6,0.333333333,0.233333333,0.1,0.266666667,0,0,0,0.1,0.466666667,0.3,0.133333333,0.166666667,0.166666667,0,1.4,2.433333333,0.266666667,1.366666667,0.566666667,0,0.533333333,0.1,0.133333333,0.1,0.166666667,0.333333333,0,0.033333333,0.333333333,0.133333333,0.7,0,0.066666667,0,0.066666667,0.333333333,0.033333333,0.366666667,0,0.033333333,0,0,0.166666667,0.466666667,0.1,0
AP958,1.1,0,1.6,0.366666667,2.1,0.5,0.333333333,0.466666667,0.233333333,0.1,0,0.2,0.133333333,0.8,0.2,0.233333333,0.1,0.1,0,0.433333333,0.533333333,0,0.266666667,0.133333333,0,0.233333333,0,0,0,0,0,0,0.033333333,0.433333333,0,1.133333333,0.233333333,0,0,0,0.5,0.366666667,0.233333333,0.2,0.3,0.3,0.2,0.366666667,0.6,0.4,0
AP974,0.133333333,0.1,0.233333333,0.433333333,0.466666667,0.333333333,1.133333333,0.933333333,1.633333333,0.033333333,0.3,0.7,0,1.9,0.733333333,0.666666667,0.433333333,0,0,0.1,0.2,0,0.2,0,0,0.333333333,0,0,0,0.066666667,0.333333333,0,0,0.1,0,0.5,0.033333333,0,0,0,0.6,0.133333333,0.1,0.366666667,0.333333333,0,0.166666667,0.3,0.6,0.166666667,0.066666667
AP983,0.466666667,0,1.966666667,0.333333333,1.766666667,1.2,0.966666667,0.666666667,0.6,0.333333333,0.066666667,0.266666667,0.133333333,1.133333333,0.2,0.133333333,0.2,0.066666667,0.066666667,0.266666667,0.1,0,0,0,0,0.066666667,0,0,0,0.233333333,0,0,0,0.5,0.033333333,0.6,0.066666667,0,0,0,0.7,0.133333333,0.133333333,0.4,0.266666667,0.133333333,0.333333333,0.1,0.166666667,0.133333333,0.1
AP990,0.433333333,0.133333333,0.2,0,0,0,0.1,0.166666667,0.8,0,0.333333333,0.266666667,0.066666667,0.733333333,0.433333333,0.266666667,0.166666667,0,0,0.333333333,0.166666667,0.566666667,0.066666667,0.8,0.033333333,0.3,0.4,0.366666667,1.4,0.366666667,0.466666667,1.3,0.466666667,0,0.233333333,0.233333333,0.033333333,0.3,0.233333333,1.633333333,0,0.066666667,0.166666667,0,0,0.1,0,0.066666667,0,0.133333333,0
AQ008,0.566666667,0.233333333,0.333333333,0.166666667,0.266666667,0.1,0.433333333,0.7,0.766666667,0.166666667,0.166666667,0.4,0.1,1.3,0.633333333,0.966666667,0.033333333,0,0.033333333,0,0,0,0.1,0,0.033333333,0.1,0.266666667,0.1,0.133333333,0.166666667,0.266666667,0,0,0,0,0.2,0,0,0,0.066666667,0.066666667,0.166666667,0,0.033333333,0.066666667,0.066666667,0.033333333,0.5,0.2,0,0
AQ140,1.066666667,0,0.633333333,0,0.266666667,0.333333333,0.266666667,0.066666667,0.9,0.133333333,0.3,0.266666667,0,0.6,0.233333333,0,0.2,0,0.466666667,0.633333333,0.433333333,0.7,0,0.433333333,0,0.233333333,0,0,0,0.533333333,0.366666667,0.033333333,0.333333333,0.333333333,0.066666667,0.6,0.233333333,0,0,0.2,1.366666667,0.4,0.2,0.033333333,0.2,0.733333333,0.6,0.266666667,0.966666667,0.9,0.533333333
AQ466,0.966666667,0.033333333,1.2,1.733333333,0.633333333,0.533333333,0.533333333,0.266666667,0.333333333,0,0,0,0,1.133333333,0.266666667,0,0.566666667,0.066666667,0,0.266666667,0.6,0,0,0,0,0.1,0,0,0,0.2,0.166666667,0,0.166666667,0.4,0.133333333,0.833333333,0.733333333,0.166666667,0,0,0.1,0.133333333,0.233333333,0.333333333,0.333333333,0.633333333,0.2,0.433333333,0.466666667,0.133333333,0.066666667
AQ541,0.8,0,0.466666667,0,0.233333333,0.2,0.766666667,0.3,1.266666667,0.133333333,0.5,0.8,0.266666667,1.333333333,0.133333333,0.1,0,0,0.566666667,0.766666667,0.333333333,0.933333333,0,0.566666667,0.1,0.3,0,0.1,0,0.333333333,0.433333333,0,0.333333333,0.2,0.033333333,0.466666667,0.166666667,0,0,0.066666667,0.966666667,0,0.233333333,0.333333333,0.033333333,0.6,0.7,0.066666667,0.9,0.7,0.366666667
AQ563,0.5,0.2,0.2,0,0.166666667,0,0.466666667,0.5,1.7,0.2,0.666666667,0.733333333,0.3,1.9,0.7,0.733333333,0.066666667,0,0,0,0.2,0,0.1,0,0.066666667,0.1,0.066666667,0.166666667,0.033333333,0.333333333,0.333333333,0.066666667,0.1,0.066666667,0,0.3,0.1,0,0,0.233333333,0.2,0,0.1,0.2,0,0.1,0,0.366666667,0.066666667,0,0
AQ778,1.066666667,0.133333333,1.166666667,0.333333333,1.033333333,0.6,0.866666667,0,0.8,0.766666667,0.333333333,0.1,0,0.966666667,0.433333333,0.333333333,0.3,0.066666667,0.233333333,0,0.2,0,0.1,0,0.1,0.1,0,0,0,0.5,0.266666667,0.033333333,0.1,0.566666667,0,0.633333333,0.1,0,0.133333333,0.066666667,0.3,0.333333333,0.066666667,0.166666667,0.233333333,0,0.266666667,0.366666667,0.466666667,0.6,0.233333333
AQ784,1.066666667,0.233333333,0.633333333,0.233333333,0.366666667,0.3,1.1,0.166666667,1.433333333,0,0.9,0.733333333,0.1,1.666666667,0,0.1,0,0,0.066666667,0,0,0,0,0,0,0.233333333,0,0,0,0.2,0.5,0.033333333,0.033333333,0.266666667,0,0.7,0.133333333,0,0,0,0.3,0,0.1,0.233333333,0.133333333,0.233333333,0.4,0.066666667,0.133333333,0.633333333,0
AQ794,0.966666667,0.3,0.366666667,0.1,0.566666667,0.166666667,0.266666667,0.533333333,0.1,0,0,0,0,0.366666667,0.166666667,0.066666667,0.333333333,0.033333333,0.333333333,1.5,2.366666667,0.1,1.6,0.233333333,0.066666667,0.4,0,0.133333333,0,0.1,0.1,0.066666667,0.1,0.4,0.066666667,1.1,0.233333333,0,0,0,0.5,0.5,0.133333333,0.033333333,0,0,0.066666667,0.133333333,0.133333333,0.166666667,0
AQ853,0.9,0.066666667,0.833333333,0,0.333333333,0.166666667,0.433333333,0.7,0.6,0,0.5,0.233333333,0.1,1.233333333,0.366666667,0.333333333,0.5,0.233333333,0.1,0.366666667,0.633333333,0.133333333,0.266666667,0,0.133333333,0.033333333,0.1,0.133333333,0.1,0.6,0.533333333,0,0.633333333,0.2,0.1,0.533333333,0,0,0.033333333,0.3,0,0,0.2,0,0,0.233333333,0.033333333,0.2,0.166666667,0.2,0.2
AF065,0.09375,0,0.1875,0.34375,0.09375,0.25,0.40625,0.03125,1.65625,0.40625,0.8125,0.84375,0.09375,1.1875,0.25,0.25,0.34375,0.21875,0,0.09375,0.78125,0,0.375,0.3125,0.15625,0.40625,0,0,0.15625,0.15625,0.53125,0,0,0.15625,0,0.34375,0.59375,0,0,0.21875,0,0.25,0,0.40625,0.125,0.46875,0.1875,0.625,0.09375,0.1875,0
AF301,0.1875,0.125,0.21875,0.125,0.40625,0.09375,0.34375,0.25,0.40625,0.09375,0.0625,0.125,0,0.59375,0.21875,0.34375,0.0625,0.0625,0.1875,0.75,0.9375,0,0.71875,0.25,0.125,0.3125,0,0,0,0.03125,0.15625,0,0,0.0625,0,0.8125,0.3125,0,0,0.125,0.375,0.71875,0,0.25,0.375,0.65625,0.3125,0.96875,0.34375,0.03125,0.15625
AF337,0.125,0.15625,0.1875,0.15625,0.25,0.03125,0.21875,0.28125,1.09375,0.03125,0.4375,0.84375,0.25,1.15625,0.125,0.1875,0.21875,0,0,0,0.125,0,0,0,0.125,0.03125,0.125,0,0.78125,0.40625,0.6875,0.0625,0,0.1875,0,0.96875,0.375,0,0.1875,0.28125,0,0.3125,0.375,0.25,0.21875,0.5625,0.09375,0.6875,0.1875,0.1875,0.03125
AF442,0.1875,0.15625,0.15625,0,0,0.09375,0.53125,0.125,0.4375,0.09375,0,0.15625,0.0625,0.8125,0.5,0.125,0.0625,0.15625,0.09375,0,0.03125,0,0.34375,0.125,0.09375,0.3125,0.09375,0.0625,0.4375,0.21875,0.65625,0.1875,0,0.4375,0,0.9375,0.4375,0,0.09375,0.53125,0.25,0.59375,0.15625,0.03125,0.28125,1,0.15625,0.65625,0.625,0.21875,0.46875
AF469,0.375,0.78125,0.59375,0.25,0.3125,0.3125,0.5625,0.59375,0.625,0.4375,0.09375,0.375,0,1.03125,0.1875,0.125,0.15625,0.1875,0,0,0,0,0.09375,0,0.09375,0.53125,0,0,0,0.09375,0.09375,0,0,0,0.0625,0.5,0.53125,0,0,0,0.1875,0.5,0,0.5,0.46875,0.1875,0.40625,0.4375,0.65625,0.34375,0.1875
AF502,0.03125,0,0.5,0.5625,0.125,0.375,0.46875,0.375,1.53125,0.0625,0.6875,0.75,0.1875,1.46875,0.15625,0.34375,0.09375,0,0.03125,0,0.25,0,0.15625,0.125,0,0.125,0,0,0.125,0,0.15625,0,0,0,0,0.34375,0.4375,0,0,0,0.0625,0.09375,0,0.53125,0.4375,0.28125,0.25,1.0625,0.53125,0,0
AF737,0.03125,0,0.28125,0.34375,0.09375,0.46875,0.84375,0.3125,1.71875,0,0.46875,0.90625,0.28125,1.65625,0.34375,0.59375,0.15625,0,0,0,0,0,0,0,0,0.09375,0.0625,0,0.15625,0,0.4375,0,0,0,0,0.15625,0.40625,0,0,0,0,0.5625,0,0.46875,0.625,0.4375,0.1875,0.71875,0.40625,0,0.09375
AG086,0.2,0,0.333333333,2.066666667,0.266666667,0.266666667,0.266666667,0.3,1.133333333,0.066666667,0.333333333,0.333333333,0,1.8,0.233333333,0.6,0.166666667,0,0,0,0,0,0,0,0,0,0.066666667,0,0.1,0.1,0.166666667,0.1,0,0,0,0.4,0.066666667,0,0,0,0.1,0.133333333,0,0.3,0.966666667,0.066666667,0,0.033333333,0.1,0,0.166666667
AG258,0.666666667,0.133333333,0.566666667,0.1,0.6,0.433333333,0.133333333,0.1,0.466666667,0.1,0,0.133333333,0.1,0.666666667,0.133333333,0.066666667,0.1,0.066666667,0.3,0.266666667,0.033333333,0.233333333,0.066666667,0.2,0.1,0.066666667,0,0,0,0,0.133333333,0.3,0.933333333,0.333333333,0.666666667,1,0.366666667,0,0.066666667,0.266666667,0,0.2,0.3,0.3,0.6,0.533333333,0,0.533333333,0.533333333,0.066666667,0.233333333
AG346,0.133333333,0.133333333,0.633333333,2.166666667,0.433333333,0.166666667,0.233333333,0.2,1.366666667,0.166666667,0.366666667,0.233333333,0,2.033333333,0.2,0.4,0.433333333,0,0,0,0.1,0,0.133333333,0,0,0.066666667,0,0,0,0.066666667,0.233333333,0,0.133333333,0,0,0.2,0.1,0,0,0,0.1,0,0,0.366666667,0.633333333,0.133333333,0,0.466666667,0.1,0.066666667,0
AG394,0.166666667,0,0.4,0.6,0.066666667,0.133333333,0.4,0.3,1.233333333,0.066666667,0.266666667,0.733333333,0.1,1,0.1,0.266666667,0.1,0,0,0,0.1,0,0.133333333,0,0,0,0.066666667,0.1,0,0.033333333,0.166666667,0,0.166666667,0.066666667,0,0.366666667,0.3,0.1,0,0,0.166666667,0.3,0,1.666666667,0.8,0.266666667,0,0.533333333,0,0.033333333,0
AG422,0.433333333,0,0.966666667,0.1,0.366666667,0.4,1.4,0,1,1.6,0.6,0.4,0.133333333,1.2,0.133333333,0.366666667,0.166666667,0.1,0.066666667,0.066666667,0.1,0,0,0,0,0.033333333,0,0,0,0,0.1,0,0,0,0.1,0.266666667,0.3,0,0,0,0,0.333333333,0,0.466666667,0.366666667,0.066666667,0,0.433333333,0.066666667,0,0
AG454,0.433333333,0.3,0.733333333,0.3,0.6,0.433333333,0.366666667,0.4,0.766666667,0.366666667,0.233333333,0.333333333,0.1,1.1,0.1,0.4,0.133333333,0,0.133333333,0.066666667,0,0,0.166666667,0.133333333,0,0.266666667,0,0.1,0,0.066666667,0.166666667,0,0,0,0.1,0.733333333,0.5,0,0,0,0.066666667,0,0,0.433333333,0.466666667,0.5,0.066666667,1.033333333,0.266666667,0.533333333,0.433333333
AG530,0.333333333,0,1,0.3,0.466666667,0.2,1.333333333,0.066666667,0.9,0.8,0.633333333,0.7,0.133333333,0.933333333,0.366666667,0.266666667,0.366666667,0,0,0,0.133333333,0,0.333333333,0,0,0,0,0,0,0,0.033333333,0.066666667,0,0,0,0.333333333,0.066666667,0,0,0,0.066666667,0.566666667,0.033333333,0.766666667,0.366666667,0.333333333,0.066666667,0.433333333,0.2,0,0
AG619,0.166666667,0,0.533333333,0.766666667,0.5,0.666666667,0.066666667,0.133333333,0.866666667,0.133333333,0.1,0.7,0,1.1,0.133333333,0.366666667,0.433333333,0.033333333,0.1,0.2,0.066666667,0,0.2,0.033333333,0.033333333,0,0,0,0,0,0.066666667,0,0,0,0,0.7,0.166666667,0,0,0,0.5,0.766666667,0,0.533333333,0.933333333,0.3,0.066666667,0.833333333,0.7,0,0.333333333
AG677,0.233333333,0,0.4,0.2,0.366666667,0.1,0.666666667,0.333333333,1.366666667,0.2,0.633333333,1.2,0.2,1.2,0.166666667,0.133333333,0.433333333,0,0,0.2,0,0,0.1,0,0,0,0,0,0,0.066666667,0.166666667,0,0,0,0,0.366666667,0.233333333,0,0,0,0.166666667,0.233333333,0,0.8,0.366666667,0.233333333,0,0.433333333,0.4,0,0.133333333
AG724,0.1,0.1,0.5,1.2,0.133333333,0,0.4,0.233333333,1.166666667,0.166666667,0.633333333,0.666666667,0,1.433333333,0.333333333,0.4,0.233333333,0.066666667,0,0,0,0,0.033333333,0.1,0,0,0,0.033333333,0,0,0.166666667,0,0,0,0,0.166666667,0.3,0,0,0,0,0.333333333,0,0.766666667,0.966666667,0.366666667,0,0.5,0.233333333,0,0.2
AG742,0.166666667,0,0.766666667,0.4,0.3,0.1,1.2,0.3,0.933333333,0.3,0.1,0.833333333,0.166666667,1.466666667,0.1,0.366666667,0.266666667,0,0.033333333,0.066666667,0.066666667,0.066666667,0.066666667,0.066666667,0,0,0,0,0,0.033333333,0.033333333,0,0,0,0.033333333,0.633333333,0.133333333,0,0,0,0.133333333,0.133333333,0,1.1,0.3,0.2,0.033333333,0.466666667,0.566666667,0.166666667,0
AG862,0.433333333,0.2,1,0.266666667,0.3,0.366666667,1.633333333,0.1,0.533333333,1.133333333,0.533333333,0.466666667,0.1,1,0.1,0.233333333,0.233333333,0,0.033333333,0,0,0,0,0,0.066666667,0.2,0,0,0,0.1,0,0,0,0,0.1,0.133333333,0.1,0.033333333,0,0,0,0.133333333,0,0.533333333,0.133333333,0,0,0.366666667,0.066666667,0.066666667,0
AG874,0.2,0,0.4,1.966666667,0.2,0.2,0.6,0.1,0.8,0,0.333333333,0.566666667,0.066666667,1.7,0.2,0.3,0.366666667,0,0,0,0,0,0.2,0,0,0.033333333,0,0.1,0,0.133333333,0.166666667,0,0.033333333,0,0,0.4,0,0,0,0,0,0.133333333,0,0.433333333,0.6,0.166666667,0.066666667,0.166666667,0.333333333,0,0.2
AG875,0.2,0.266666667,0.166666667,0.866666667,0.3,0.266666667,0.333333333,0.733333333,0.566666667,0.1,0,0.2,0.1,1.333333333,0.3,0.566666667,0.6,0.1,0.066666667,0,0.033333333,0.066666667,0.133333333,0,0,0.133333333,0,0,0,0,0,0.033333333,0.066666667,0,0.066666667,0.933333333,0.466666667,0,0,0.1,0.266666667,0.7,0,0.433333333,0.233333333,0.1,0.166666667,0.733333333,0.766666667,0.166666667,0.366666667
AG982,0.433333333,0,0.366666667,2.233333333,0,0.166666667,0.333333333,0.366666667,1.033333333,0.066666667,0,0.566666667,0,1.966666667,0.266666667,0.433333333,0.3,0,0,0,0.1,0,0.066666667,0.033333333,0,0,0,0.066666667,0,0.066666667,0.366666667,0.033333333,0,0.133333333,0,0.366666667,0.1,0,0,0.066666667,0.066666667,0.066666667,0,0.233333333,0.533333333,0.1,0,0.466666667,0.1,0,0.1
AG989,0.233333333,0,0.3,0.233333333,0.133333333,0.2,0.5,0.233333333,1.4,0.066666667,0.3,0.6,0.1,1.066666667,0.066666667,0.166666667,0.3,0.166666667,0.066666667,0.033333333,0,0,0.1,0,0,0,0,0,0,0.2,0.066666667,0.033333333,0,0.066666667,0,0.633333333,0.033333333,0,0,0,0.3,0.4,0.133333333,0.833333333,0.533333333,0.066666667,0,0.633333333,0.5,0.133333333,0
AH007,0.2,0,0.4,0.366666667,0.233333333,0.133333333,0.5,0.366666667,1.366666667,0.1,0.433333333,0.733333333,0.166666667,1.333333333,0.366666667,0.4,0.3,0.1,0,0,0.066666667,0,0.1,0,0,0.3,0.033333333,0,0.3,0.1,0.4,0.133333333,0,0,0,0.633333333,0.233333333,0,0.033333333,0,0.266666667,0.5,0.166666667,0.833333333,0.166666667,0.2,0.166666667,0.933333333,0.2,0.1,0.166666667
AH100,0.166666667,0,0.333333333,0.166666667,0.233333333,0.166666667,0.566666667,0.366666667,0.8,0.066666667,0.533333333,0.466666667,0.133333333,1.1,0.6,0.133333333,0.233333333,0,0.033333333,0.066666667,0.2,0,0.5,0.166666667,0.1,0.6,0.233333333,0.066666667,0.766666667,0.266666667,0.633333333,0.233333333,0,0.1,0,0.766666667,0.166666667,0,0.166666667,0.1,0.2,0.4,0.3,0.366666667,0.4,0.1,0,0.233333333,0.066666667,0.266666667,0.1
AH174,0.366666667,0,0.533333333,0.666666667,0.3,0.2,0.733333333,0.366666667,1.066666667,0,0.633333333,0.6,0,1.466666667,0.4,0.233333333,0.633333333,0.2,0.033333333,0,0,0.1,0,0,0.1,0.2,0,0,0,0.2,0.2,0,0,0,0.066666667,0.3,0.1,0,0,0,0,0.266666667,0,0.566666667,0.966666667,0,0,0.733333333,0.366666667,0.1,0.166666667
AH203,0.233333333,0.066666667,0.333333333,0.533333333,0.466666667,0,0.733333333,0.7,0.8,0.133333333,0.433333333,0.433333333,0,1.1,0.266666667,0.366666667,0.166666667,0,0,0,0,0,0.066666667,0,0.233333333,0.266666667,0.233333333,0.133333333,0.633333333,0.6,0.533333333,0.166666667,0,0.066666667,0,0.666666667,0.766666667,0,0.2,0.233333333,0.066666667,0.2,0,0.5,0,0.133333333,0,0.4,0.166666667,0.1,0.033333333
AH286,0.4,0.066666667,0.233333333,0.166666667,0.266666667,0.2,0.6,0.066666667,0.533333333,0,0,0.133333333,0,0.9,0.466666667,0.266666667,0.533333333,0,0.066666667,0.1,0.3,0.033333333,0.133333333,0,0,0.633333333,0,0,0,0.066666667,0.1,0,0,0.133333333,0.2,1.2,0.266666667,0,0,0.033333333,0.2,0.3,0,0.933333333,0.666666667,0.066666667,0,0.433333333,0.633333333,0.166666667,0.366666667
AH664,0.2,0,0.233333333,0,0.333333333,0.066666667,0.633333333,0.366666667,0.933333333,0.1,0.266666667,0.233333333,0,0.866666667,0.433333333,0.433333333,0.366666667,0,0.033333333,0.033333333,0.066666667,0,0.066666667,0,0.066666667,0.533333333,0.233333333,0.2,1.033333333,0.4,0.7,0.333333333,0,0.3,0,0.833333333,0.333333333,0,0.233333333,0.166666667,0.266666667,0.266666667,0.2,0.4,0.3,0.233333333,0,0,0.2,0,0.1
AH720,0.233333333,0,0.433333333,0.333333333,0.166666667,0,0.866666667,0.4,1.266666667,0.066666667,0.7,0.933333333,0.233333333,1.3,0.233333333,0.266666667,0.133333333,0,0,0,0.1,0,0,0,0,0.066666667,0,0,0.1,0,0.266666667,0,0,0,0,0.5,0.266666667,0,0,0.033333333,0,0.066666667,0,0.633333333,0.6,0.533333333,0.133333333,0.833333333,0.333333333,0.233333333,0.1
AH877,0.2,0,0.3,0,0.333333333,0.2,0.4,0.1,0.733333333,0,0.633333333,0.5,0.133333333,1.1,0.466666667,0.566666667,0.366666667,0.033333333,0.133333333,0.066666667,0,0,0.1,0,0.2,0.666666667,0.3,0,0.966666667,0.6,0.2,0.133333333,0,0.4,0,0.733333333,0.533333333,0.166666667,0.266666667,0.066666667,0.1,0.366666667,0.1,0.3,0,0.566666667,0,0.5,0.2,0.133333333,0.133333333
AH941,0.266666667,0.033333333,0.7,0.333333333,0.566666667,0.433333333,0.233333333,0.166666667,0.3,0,0,0.233333333,0,0.7,0.4,0.366666667,0.333333333,0.333333333,0.033333333,0,0.133333333,0,0,0.166666667,0,0.4,0,0,0,0.266666667,0.233333333,0.3,0.133333333,0.133333333,0,0.633333333,0.266666667,0,0,0,0.433333333,0.333333333,0.033333333,0.9,0.266666667,0.2,0,0.2,0.566666667,0.133333333,0.6
AI142,0.142857143,0,0.857142857,0,0.25,0.357142857,1.464285714,0.178571429,0.535714286,0.25,0,0.214285714,0.178571429,1.178571429,0.214285714,0.107142857,0.214285714,0.107142857,0.178571429,0.678571429,0.821428571,0.035714286,1,0,0.107142857,0.25,0,0.25,0.178571429,0.142857143,0,0,0,0.285714286,0,0.285714286,0.107142857,0,0,0,0.071428571,0.107142857,0.142857143,0.178571429,0,0,0.142857143,0.107142857,0.071428571,0.392857143,0.071428571
AI242,0.285714286,0.035714286,0.5,0.071428571,0.5,0.464285714,0.964285714,0.214285714,0.75,0.178571429,0.142857143,0.285714286,0.071428571,1.071428571,0.178571429,0.071428571,0.535714286,0.178571429,0.142857143,0.285714286,0.035714286,0,0.428571429,0.107142857,0.142857143,0.607142857,0.142857143,0.142857143,0.285714286,0.107142857,0.142857143,0.071428571,0,0,0.107142857,0.178571429,0.035714286,0,0,0,0.071428571,0.428571429,0.035714286,0.25,0,0.071428571,0.321428571,0.142857143,0.214285714,0.178571429,0.035714286
AI273,0.035714286,0.071428571,0.285714286,0.214285714,0.071428571,0,0.642857143,0.285714286,2.178571429,0.25,0.428571429,1.321428571,0.214285714,1.642857143,0.285714286,0.214285714,0.25,0.107142857,0,0.285714286,0.142857143,0.107142857,0.25,0,0,0.285714286,0,0,0.071428571,0.178571429,1.071428571,0,0,0,0,0.107142857,0.071428571,0,0,0.214285714,0,0,0.214285714,0.428571429,0.25,0.178571429,0,0.035714286,0.285714286,0,0.107142857
AI347,0.172413793,0,0.586206897,0.068965517,0.275862069,0.448275862,1.275862069,0.068965517,1.586206897,0.517241379,0.137931034,0.413793103,0.172413793,1.137931034,0.172413793,0.275862069,0.068965517,0,0,0.137931034,0.137931034,0,0.137931034,0.068965517,0.206896552,0.310344828,0,0,0.172413793,0.172413793,0.310344828,0,0,0,0.034482759,0.206896552,0,0,0.034482759,0,0.137931034,0.310344828,0,0.24137931,0.034482759,0.172413793,0.310344828,0.206896552,0.275862069,0.172413793,0
AI376,0.517241379,0.172413793,0.379310345,0,0.310344828,0.310344828,0.310344828,0,0.482758621,0.172413793,0,0.068965517,0.034482759,0.793103448,0.24137931,0.137931034,0.103448276,0.068965517,0,1.482758621,2.586206897,0,1.034482759,0.24137931,0.206896552,0.172413793,0.034482759,0.379310345,0.310344828,0.068965517,0.034482759,0,0,0.172413793,0,0.103448276,0.034482759,0,0,0,0,0.206896552,0,0,0.034482759,0,0.172413793,0.206896552,0.24137931,0.206896552,0
AI453,0,0,0.392857143,0.035714286,0.035714286,0,0.607142857,0,2.285714286,0.178571429,0.571428571,1.428571429,0,1.214285714,0.107142857,0.178571429,0.321428571,0.107142857,0.071428571,0,0.214285714,0,0.107142857,0,0,0,0,0,0.392857143,0.071428571,0.964285714,0,0,0.285714286,0.142857143,0.035714286,0,0,0,0.428571429,0,0,0.178571429,0.5,0.035714286,0.035714286,0,0.357142857,0.035714286,0,0.071428571
AI665,0.25,0.035714286,0.214285714,0.071428571,0.357142857,0,0.642857143,0.178571429,1.178571429,0.107142857,0.178571429,0.642857143,0.25,0.857142857,0.321428571,0.357142857,0.392857143,0.035714286,0,0.392857143,0.25,0.214285714,0,0.178571429,0,0.285714286,0,0.035714286,0.107142857,0,0.821428571,0.035714286,0.071428571,0.071428571,0,0.142857143,0.035714286,0,0,0.392857143,0,0,0.178571429,0.178571429,0,0,0.107142857,0.107142857,0.071428571,0,0
AI681,0,0.071428571,0.107142857,0.107142857,0.142857143,0,0.5,0,2.785714286,0.107142857,0.428571429,0.928571429,0.214285714,1.285714286,0.178571429,0.214285714,0.071428571,0,0,0.071428571,0.071428571,0,0.071428571,0.071428571,0,0.285714286,0.035714286,0,0.25,0.428571429,0.964285714,0,0,0,0,0,0,0,0,0.214285714,0,0.107142857,0.214285714,0.607142857,0,0,0,0.107142857,0,0,0
AI768,0.275862069,0.034482759,0.620689655,0.206896552,0.413793103,0,0.482758621,0.103448276,1.724137931,0.068965517,0.24137931,0.689655172,0,0.827586207,0,0,0.310344828,0.068965517,0,0.310344828,0.103448276,0,0,0.103448276,0,0,0,0,0.275862069,0.24137931,0.793103448,0,0.275862069,0.24137931,0,0.137931034,0,0,0.206896552,0.206896552,0,0.103448276,0.172413793,0.448275862,0.137931034,0,0,0.379310345,0,0.068965517,0.103448276
AI780,0.142857143,0,0.178571429,0,0.321428571,0.178571429,0.464285714,0,0.928571429,0.392857143,0,0.142857143,0,1.357142857,0.321428571,0.25,0.357142857,0.107142857,0,1.285714286,2.285714286,0.071428571,0.535714286,0,0.142857143,0.321428571,0.107142857,0.678571429,0.142857143,0.178571429,0,0,0,0.178571429,0,0.214285714,0.035714286,0,0,0,0.142857143,0,0,0.035714286,0,0,0,0.107142857,0.178571429,0,0
AA034,0.384615385,0.038461538,0.692307692,0,0,0.307692308,0.230769231,0,0.153846154,0.538461538,0.115384615,0.038461538,0,0.307692308,0,0,0.153846154,0.384615385,0.076923077,0.384615385,0,0.230769231,0.423076923,0,0,0,0,0.192307692,0.461538462,0.346153846,0.153846154,0.423076923,2.192307692,0,0,0,0.153846154,0,0,0,0,0,0,0.153846154,0.115384615,0.538461538,0,0.115384615,0,0.153846154,0.192307692
AA160,0,0,0.384615385,0.423076923,0,0,0,0,0,0,0,0,0,0.192307692,0,0,0,0,0,0.153846154,0,0.115384615,0,0,0,0.153846154,0.846153846,0,0.5,0.769230769,0.115384615,0.346153846,0,0.269230769,0,0.384615385,0.038461538,0,0.538461538,1.884615385,0.576923077,0.384615385,0.038461538,0.692307692,0.615384615,0,0.115384615,0.038461538,0.615384615,0.076923077,0.115384615
AA232,0.076923077,0,0.115384615,0,0,0,0.5,0.5,0,0.192307692,0,0,0,0.576923077,0,0,0,0.384615385,0.846153846,0.576923077,0.153846154,0.115384615,0.115384615,0,0,0.076923077,0,0,0.230769231,0.153846154,0.115384615,0.269230769,0.192307692,0.230769231,0.346153846,0,0.346153846,0.153846154,0,0.538461538,0.115384615,0.576923077,0.846153846,0.038461538,0,0.384615385,0.192307692,0,0.5,0.076923077,0
AA379,0,0,0.269230769,0.269230769,0.269230769,0.038461538,0.461538462,0.769230769,0,0,0,0.153846154,0,1.269230769,0,0.153846154,0.076923077,1.730769231,0.115384615,0.192307692,0,0.615384615,0,0,0.115384615,0.115384615,0,0,0.423076923,0,0.192307692,0.153846154,0.230769231,0.153846154,0,0.576923077,0,0,0,0,0.115384615,0.230769231,0.192307692,0.115384615,0.038461538,0.153846154,0,0,0,0.115384615,0
AA387,0.153846154,0,0.269230769,4,0.115384615,0.115384615,0,0.230769231,0.269230769,0,0,0.153846154,0,1.538461538,0,0.192307692,0,0,0.307692308,0,0,0.153846154,0,0,0,0,0,0,0.038461538,0,0.153846154,0,0,0,0,0,0,0,0.038461538,0,0,0,0,0.615384615,1.384615385,0,0,0.038461538,0,0,0
AA420,0.884615385,2.846153846,0,0.230769231,0.153846154,0,0.576923077,0.346153846,0.346153846,0,0.038461538,0,0,0.230769231,0,0,0,0,0,0,0,0,0.230769231,0.115384615,0,0.115384615,0,0,0,0,0,0,0,0,0,0,0,0,0,0,0.038461538,0.115384615,0,0,0.346153846,0,0.346153846,0.153846154,0.5,0,0
AA495,0.076923077,0,0.076923077,0,0.115384615,0.230769231,0,0.5,0,0,0.038461538,0,0.192307692,1,0.153846154,0.115384615,0,0.192307692,0,0.807692308,0.961538462,0,0.807692308,0.692307692,0.730769231,0.653846154,0.346153846,1.692307692,0.576923077,0,0,0,0.153846154,0.346153846,0.230769231,0.076923077,0,0,0,0,0.038461538,0,0,0,0.153846154,0,0,0,0.192307692,0,0
AA592,0.115384615,0,0.192307692,0,0,0,0.5,0.423076923,0.153846154,0,0,0.115384615,0,0.269230769,0,0,0,0,0.153846154,0.192307692,0.076923077,0.153846154,0.269230769,0.461538462,0.230769231,0.115384615,0.346153846,0.153846154,0.269230769,0.576923077,0.076923077,0.115384615,0.192307692,0.230769231,0,0.153846154,0.115384615,0.192307692,0.307692308,0.461538462,0.076923077,0.192307692,0.307692308,0,0.038461538,0,0,0.076923077,0,0.115384615,0
AB036,0.277777778,0,0.222222222,0.777777778,0,0.222222222,0.222222222,0.777777778,0.666666667,0.222222222,0.111111111,0,0.388888889,0.666666667,0.111111111,0.277777778,0,0,0.166666667,0,0,0,0,0,0,0.555555556,0,0.277777778,0,0,0,0,0.166666667,0,0.222222222,0.166666667,0,0,0,0,0,0.166666667,0,2.055555556,1.055555556,0.222222222,0.388888889,0.388888889,0.166666667,0.5,0.222222222
AB193,0,0,0,0,0,0,0.777777778,0.722222222,0,0,0,0,0,0.777777778,0.222222222,0,0,0,0,0,0.166666667,0,0.055555556,0.333333333,0.222222222,0,1.777777778,0.111111111,0.611111111,1.611111111,0.055555556,0,0,0,0.111111111,0.444444444,0,0,0.277777778,1.5,0,0.388888889,0.388888889,0,0,0.166666667,0,0,0.166666667,0,0
AB357,0,0.166666667,0,3.055555556,0.444444444,0.666666667,0.833333333,0.555555556,0.555555556,0,0.222222222,0.833333333,0.111111111,1.111111111,0,0.055555556,0,0,0,0,0,0,0,0,0,0.166666667,0,0,0,0.444444444,0,0,0,0,0,0.444444444,0,0,0,0,0,0.388888889,0,0.388888889,1.055555556,0.222222222,0.333333333,0.111111111,0.222222222,0.611111111,0.5
AB567,0.166666667,0,0.277777778,0,0,0,0.111111111,0,0.055555556,0,0,0,0,0.166666667,0,0,0,0,0,0.666666667,0,0.777777778,0.055555556,0.944444444,0.277777778,0.611111111,0,0,0,0.222222222,0.277777778,0,3.944444444,0.055555556,0.055555556,0,0.111111111,0,0,0,0,0.055555556,0.222222222,0.222222222,0,0.277777778,0,0,0,0,0
AB618,0.555555556,2.388888889,0.444444444,0.611111111,0.333333333,0,0.222222222,0.777777778,0.833333333,0,0,0.222222222,0,1,0,0.055555556,0,0,0,0.166666667,0.166666667,0,0,0.166666667,0,0,0,0,0,0.222222222,0,0,0,0,0,0.222222222,0,0,0,0,0,0.277777778,0,0.111111111,0.277777778,0,0,0,0.277777778,0.055555556,0
AB633,0,0,0,0.666666667,0.222222222,0,0,0,0,0,0,0,0.166666667,0.611111111,0,0,0,0,0,0.222222222,0.444444444,0,0.166666667,0.5,0,0,0.611111111,0.388888889,0.5,0,0.055555556,0.444444444,0.444444444,0.166666667,0.388888889,0.555555556,0,0.555555556,0,1.277777778,0,0.166666667,0,1.611111111,0.777777778,0.333333333,0,0.444444444,0,0.055555556,0
AB707,0,0,0,4.166666667,0,0,0.222222222,0.555555556,0.222222222,0,0,0.166666667,0,1.722222222,0.388888889,0.666666667,0,0,0,0,0.166666667,0,0,0.055555556,0,0,0,0,0,0,0.055555556,0,0,0,0,0,0,0,0,0,0,0,0,0,1.166666667,0,0,0.388888889,0,0.111111111,0
AB731,0.055555556,0,1.055555556,0.277777778,0.833333333,0.388888889,0,0.333333333,0,0,0,0.111111111,0,0.333333333,0,0,0.055555556,0,0,0,0,0,0,0,0,0.222222222,0,0,0,0,0,0,0,0.055555556,0,1.111111111,0,0,0,0,1.166666667,1.444444444,0.277777778,0.222222222,0.444444444,0,0.111111111,0,0.944444444,0.333333333,0
AB744,0.333333333,0.333333333,0.166666667,0,0.166666667,0,1.722222222,0.944444444,0,0,0,0,0,0.722222222,0,0.055555556,0,0,0,0,0,0,0,0,0,0.166666667,0,0,0,0.388888889,0.222222222,0,0,0.111111111,0,0.666666667,0,0,0,0,0,0.777777778,0.166666667,0.111111111,0,0.222222222,0.388888889,0,0.055555556,0.055555556,0
AC220,0,0,0,0,0,0,0.111111111,0,0.074074074,0,0,0,0,0.111111111,0,0,0,0.185185185,0.962962963,1.333333333,0.814814815,0.62962963,0.592592593,0.222222222,0.074074074,0,0.185185185,0.555555556,0.814814815,0.481481481,0.592592593,0.296296296,0.37037037,0.185185185,0.148148148,0.074074074,0.185185185,0,0,0.814814815,0.111111111,0.074074074,0.444444444,0,0,0,0,0.111111111,0,0,0
AC299,0.107142857,0,0.285714286,0.785714286,0,0.142857143,0.178571429,0.25,0.571428571,0.107142857,0.107142857,0.5,0.142857143,0.821428571,0.392857143,0.392857143,0.071428571,0.107142857,0.107142857,0.071428571,0.25,0.071428571,0.178571429,0.107142857,0,0.142857143,0,0.107142857,0,0.107142857,0.464285714,0.214285714,0,0.107142857,0.107142857,0.571428571,0.5,0,0,0,0.142857143,0.321428571,0.035714286,0.357142857,0.678571429,0.892857143,0,0.642857143,0.428571429,0.035714286,0
AC327,0,0,0.037037037,0.111111111,0.111111111,0.037037037,0.185185185,0.740740741,0.111111111,0,0,0,0,2.111111111,1.37037037,1.777777778,0.666666667,1,0.666666667,0,0,0.074074074,0.037037037,0,0.222222222,0.037037037,0.148148148,0.037037037,0.037037037,0,0,0.111111111,0,0,0,0.444444444,0,0,0,0,0,0.259259259,0,0.148148148,0.037037037,0.037037037,0.259259259,0.148148148,0.074074074,0.037037037,0
AC394,1.678571429,1.25,1.321428571,0.071428571,0.25,0.178571429,0.035714286,0,0,0.071428571,0,0,0,0.071428571,0,0,0.107142857,0.285714286,0.178571429,0.214285714,0.392857143,0.285714286,0,0.071428571,0.107142857,0,0.071428571,0,0,0.357142857,0.642857143,0.178571429,0.214285714,0.285714286,0.285714286,0.357142857,0.071428571,0,0.107142857,0.321428571,0,0.107142857,0,0,0,0.142857143,0.214285714,0,0.107142857,0,0.071428571
AC627,0,0,0.259259259,0.148148148,0.074074074,0.037037037,0.111111111,0.37037037,0,0,0,0,0,1.407407407,1.148148148,1.185185185,0.555555556,1.777777778,0.666666667,0.111111111,0,0,0.074074074,0.148148148,0,0.296296296,0.037037037,0,0,0.111111111,0,0,0,0.074074074,0,0.444444444,0.148148148,0,0,0,0,0.777777778,0,0.148148148,0.074074074,0,0.037037037,0.185185185,0.37037037,0.740740741,0.037037037
AC729,0.111111111,0,0.074074074,0.111111111,0,0.074074074,0.222222222,0,0,0,0,0.074074074,0,1.333333333,0.851851852,0.481481481,0.148148148,0.296296296,0.074074074,0.814814815,0.62962963,0.148148148,0.296296296,0.111111111,0.296296296,0.111111111,0.518518519,0,0,0.148148148,0,0,0,0.148148148,0,0.185185185,0.037037037,0,0,0.037037037,0.333333333,0.333333333,0.037037037,0.148148148,0.074074074,0.296296296,0.148148148,0.296296296,0.703703704,0.148148148,0.185185185
AC754,0.148148148,0,0,0,0.111111111,0.111111111,0.148148148,0,0.148148148,0.148148148,0.185185185,0.037037037,0.111111111,0.222222222,0.074074074,0.148148148,0.111111111,0.185185185,0.148148148,0.444444444,0.222222222,0.185185185,0.148148148,0.074074074,0,0,0.111111111,0.037037037,0.074074074,0.333333333,0.592592593,0.185185185,0,0.481481481,0.222222222,0.777777778,0.259259259,0.037037037,0.148148148,0.37037037,0.074074074,0.074074074,0.703703704,0,0,0,0,0,0,0.037037037,0
AC820,2.481481481,1.259259259,1.148148148,0,0.185185185,0.37037037,0.111111111,0.074074074,0.111111111,0.037037037,0,0,0,0.111111111,0,0,0.185185185,0.222222222,0.111111111,0.185185185,0.148148148,0.074074074,0,0.037037037,0,0,0.074074074,0,0,0.037037037,0.444444444,0.37037037,0.111111111,0.518518519,0.111111111,0.407407407,0.111111111,0,0,0,0,0,0.111111111,0,0,0.444444444,0.185185185,0,0,0.037037037,0
AC958,1.37037037,0.481481481,1.777777778,0,0.407407407,0.37037037,0.148148148,0.148148148,0.074074074,0.111111111,0,0,0,0,0,0,0.777777778,0.703703704,0.296296296,0.333333333,0,0.37037037,0,0.037037037,0,0,0,0,0,0.148148148,0.518518519,0.074074074,0.185185185,0.407407407,0.148148148,0.37037037,0.037037037,0,0,0.111111111,0,0,0,0,0,0.481481481,0.185185185,0.037037037,0.148148148,0.074074074,0
AD048,0.2,0.066666667,0.2,0,0,0,0,0,0,0,0,0,0,0.2,0,0,0,0.133333333,0,0.333333333,0.2,0,0.133333333,0.2,0,0.2,0.2,0,0.066666667,0,0,0,2,0,0.133333333,0,0,0.066666667,0.266666667,0.333333333,0,0,0,0,0.066666667,0,0,0,0,0,0
AD074,0.1875,0.5625,0.1875,0,0,0.125,0.0625,0,1.3125,0.125,0.1875,0.4375,0.125,1.5625,0.25,0.375,0,0.3125,0,0,0,0,0,0,0,0,0,0.0625,0,0.0625,0.75,0,0,0,0,0.0625,0.125,0,0,0,0,1.1875,0,0,0.0625,0.1875,0,0.4375,0.1875,0,0
AD230,0.214285714,0,0.857142857,0.785714286,1.285714286,1,0.285714286,0.214285714,0,0,0,0,0,0.428571429,0.642857143,0.357142857,0.142857143,0.357142857,0,0.071428571,0,0,0,0,0,0,0,0,0,0,0,0,0,0.285714286,0,0.714285714,0.071428571,0,0,0,1.071428571,0.214285714,0,0.428571429,0.142857143,0,0,0,0.642857143,0.071428571,0
AD315,1.0625,3.25,0.5625,0.25,0.5625,0.1875,0.125,0,0.3125,0.25,0.125,0.0625,0,0.375,0,0,0,0,0,0.0625,0.1875,0.125,0,0.1875,0,0,0,0,0,0,0,0,0,0.1875,0,0.1875,0,0,0,0,0,0,0,0,0.25,0.1875,0,0,0.125,0.375,0
AD481,0.230769231,0,0.461538462,0.230769231,0.307692308,0,0,0,0,0,0,0,0,0,0,0,0,0,0.076923077,0,0,0.230769231,0.384615385,0.923076923,0,0,0.769230769,0.692307692,1.615384615,0.307692308,0,0.769230769,0.846153846,0,0.461538462,1,0,1.153846154,0,1.153846154,0,0.230769231,0.230769231,0,0,0.153846154,0,0.307692308,0,0.076923077,0
AD649,0.214285714,0,0.071428571,0,0,0,0,0,0,0,0,0,0,0,0,0,0,0.214285714,0,0,0,0.428571429,0.285714286,1.142857143,0,0.071428571,0.571428571,0.428571429,1.5,0.5,1.357142857,0.857142857,1,0.642857143,0.642857143,0.642857143,0,1,0,1.214285714,0,0,0,0,0,0,0,0,0,0,0
AD659,0,0,0.266666667,0.4,0,0.133333333,0.333333333,0.333333333,0.4,0.2,0.8,0.133333333,0,2.533333333,0.266666667,1.666666667,0.4,0.6,0.133333333,0,0,0,0,0,0.2,0,0,0,0,0.2,0.266666667,0,0,0,0,0.6,0.466666667,0.066666667,0,0,0,0.2,0,0,0.133333333,0.133333333,0.2,0.466666667,0,0.066666667,0
AD737,0.230769231,0,0.461538462,0.538461538,0,0.307692308,0,0.307692308,0.769230769,0,0.230769231,0.076923077,0,0.384615385,0,0,0,0,0,0,0,0,0,0,0,0,0,0,0,0,0.384615385,0,0,0.153846154,0,0.538461538,0.153846154,0,0,0.076923077,0.461538462,0.615384615,0.307692308,0.307692308,0.692307692,0.230769231,0,0.538461538,0.230769231,0.153846154,0.230769231
AD808,1.625,3.875,0.6875,0.375,0.3125,0.25,0.4375,0.4375,0.25,0.125,0.0625,0.0625,0,0.25,0,0,0,0,0,0,0,0,0,0,0,0,0,0,0,0,0,0,0,0,0,0.125,0,0,0,0,0,0.25,0,0,0.4375,0.125,0,0,0.125,0.3125,0
AE004,0.642857143,0.607142857,0.892857143,0.357142857,0.214285714,0.142857143,0.535714286,0.142857143,0.642857143,0.178571429,0.75,0.142857143,0.142857143,0.678571429,0,0.107142857,0,0.142857143,0,0.071428571,0.071428571,0,0.25,0,0,0,0.321428571,0,0.214285714,0.321428571,0.25,0,0,0.035714286,0.035714286,0,0.214285714,0,0.035714286,0,0.107142857,0.107142857,0,0.214285714,0.142857143,0.214285714,0.5,0.285714286,0.392857143,0.5,0
AE334,0.111111111,0,1.074074074,0.333333333,0.740740741,0.666666667,0.518518519,0.555555556,0.111111111,0,0,0,0,0.259259259,0.185185185,0.111111111,0,0.222222222,0,0,0,0,0,0,0,0,0,0,0,0,0.185185185,0.074074074,0,0.074074074,0.074074074,0.925925926,0.222222222,0,0,0,1.222222222,0.851851852,0,0.851851852,0.851851852,0.111111111,0.222222222,0.296296296,0.444444444,0.148148148,0.444444444
AE379,1.185185185,0.444444444,0.37037037,0.111111111,0.148148148,0,0.037037037,0.185185185,0,0.037037037,0,0,0,0,0.074074074,0,0,0.185185185,0,1.037037037,1.962962963,0.037037037,1.111111111,0.740740741,0,0,0.074074074,0.111111111,0,0.407407407,0.37037037,0.296296296,0.074074074,0.555555556,0.037037037,0.222222222,0.111111111,0.074074074,0,0,0,0,0.148148148,0,0.037037037,0.074074074,0,0,0,0.037037037,0.111111111
AE421,0.222222222,0,0.222222222,0.074074074,0.222222222,0.333333333,1.037037037,0.259259259,0.148148148,0,0,0.148148148,0,0.592592593,0,0.148148148,0.111111111,0.148148148,0,0,0.037037037,0,0,0,0,0,0.185185185,0,0,0.444444444,0.074074074,0,0,0.111111111,0,0.074074074,0.148148148,0,0,0,0,0.296296296,0.37037037,0.518518519,0.888888889,0.518518519,0.592592593,3.481481481,0,0,0.037037037
AE532,0.111111111,0.148148148,0.481481481,0.37037037,0.296296296,0,0.111111111,0,0.518518519,0,0.111111111,0.259259259,0,0.777777778,0.222222222,0.296296296,0.185185185,0.111111111,0,0.962962963,0.925925926,0,0.814814815,0,0,0.148148148,0,0.148148148,0,0,0.111111111,0.111111111,0,0,0,0.111111111,0.037037037,0,0,0,0,0.481481481,0,1.259259259,1.037037037,0.444444444,0,0.555555556,0.074074074,0,0
AE574,0.37037037,0.481481481,0.296296296,0.111111111,0.333333333,0.074074074,0.296296296,0,0.777777778,0.222222222,0.592592593,0.407407407,0.111111111,0.111111111,0.111111111,0,0.074074074,0,0,0,0.111111111,0,0.148148148,0.111111111,0,0,0.222222222,0.444444444,0.925925926,0.259259259,0.925925926,0.111111111,0,0.148148148,0,0.222222222,0,0,0.888888889,1.037037037,0.185185185,0.148148148,0.296296296,0.185185185,0.222222222,0.407407407,0.222222222,0.333333333,0.185185185,0,0
AE646,0.392857143,0.25,0.285714286,0.107142857,0.428571429,0.321428571,0.785714286,0.142857143,0.464285714,0,0.107142857,0,0,0.178571429,0,0,0,0.107142857,0.107142857,0.357142857,0.25,0,0,0.142857143,0,0,0,0,0,0.107142857,0.357142857,0.178571429,0.071428571,0.714285714,0.321428571,0.857142857,0.214285714,0.428571429,0.285714286,0.25,0,0.071428571,0.285714286,0,0.107142857,0.142857143,0.071428571,0.214285714,0.035714286,0.107142857,0.142857143
AE715,0.642857143,0.071428571,0.535714286,0.607142857,0.25,0.678571429,0.25,0.071428571,0,0.107142857,0,0,0,0.321428571,0,0,0.035714286,0,0,0,0,0,0,0,0,0,0,0,0,0,0,0,0,0.785714286,0,0.428571429,0.535714286,0,0,0.142857143,0.071428571,0.285714286,0.071428571,1.607142857,1.642857143,1.357142857,0.892857143,0.821428571,0,0.178571429,0.464285714
AE809,0.678571429,0.071428571,0.178571429,0,0.178571429,0.071428571,0,0.071428571,0.107142857,0.178571429,0,0.107142857,0,0.428571429,0.142857143,0.142857143,0,0,0.071428571,1.035714286,1.714285714,0.142857143,0.75,0.214285714,0.142857143,0,0.142857143,0.071428571,0,0.142857143,0,0.285714286,0.142857143,0.642857143,0.535714286,0.357142857,0.142857143,0,0,0.107142857,0,0.214285714,0.142857143,0,0,0.107142857,0,0,0.321428571,0.071428571,0.035714286
AE810,0.25,0.25,0.75,0.25,0.892857143,0.535714286,0.178571429,0.321428571,0.642857143,0.035714286,0.285714286,0.142857143,0,0.571428571,0.071428571,0.25,0.071428571,0.25,0,0,0.071428571,0,0,0.142857143,0,0.107142857,0,0,0,0,0.035714286,0,0,0.107142857,0,0.642857143,0.107142857,0,0,0,0.821428571,0.821428571,0,0.107142857,0.428571429,0,0.25,0.25,0.607142857,0.392857143,0.107142857
AE911,0.555555556,0.074074074,0.62962963,0.37037037,0.259259259,0.407407407,0.37037037,0,0,0.111111111,0.148148148,0,0.222222222,0.592592593,0,0,0,0,0,0,0,0,0,0,0,0,0,0,0,0.185185185,0.222222222,0.111111111,0.037037037,0.296296296,0,0.814814815,0.62962963,0,0,0,0.37037037,0.296296296,0,1.666666667,1.481481481,1.37037037,0.777777778,1.222222222,0.333333333,0.148148148,0.37037037
AE942,0.740740741,0.074074074,0.296296296,0.074074074,0.111111111,0.444444444,0.296296296,0.333333333,0,0.148148148,0,0,0,0.259259259,0,0,0,0,0,0,0,0,0,0,0,0,0,0,0,0.111111111,0.148148148,0.074074074,0,0.851851852,0.185185185,0.518518519,1.037037037,0.111111111,0,0.111111111,0.111111111,0.259259259,0.111111111,1.62962963,0.666666667,1.185185185,0.888888889,0.925925926,0.518518519,0.037037037,0.333333333
AE958,0.074074074,0,0.444444444,2.481481481,0,0.333333333,0.111111111,0.074074074,0.259259259,0.148148148,0,0.074074074,0,1.037037037,0.481481481,0.444444444,0.296296296,0.185185185,0,0,0,0,0,0,0.074074074,0,0.222222222,0,0,0.037037037,0,0,0,0,0.037037037,0.111111111,0.740740741,0,0,0,0.296296296,0.592592593,0,0.666666667,1.037037037,1.666666667,0.259259259,1.333333333,0.37037037,0,0
AG056,0.7,0.3,0.5,0.1,0.166666667,0.166666667,0.633333333,0.266666667,0.266666667,0,0.466666667,0.166666667,0.333333333,0.466666667,0,0,0,0,0,0.1,0,0.1,0,0,0,0,0,0,0,0.166666667,0.266666667,0.566666667,0.966666667,0.1,0.133333333,0.833333333,0.733333333,0.2,0.033333333,0.233333333,0.133333333,0.2,0,0.1,0.066666667,0.566666667,0,0.233333333,0.3,0,0.233333333
AG272,0.066666667,0,0.433333333,0.533333333,0.166666667,0.233333333,0.033333333,0.233333333,0.3,0,0,0,0,0.8,0.066666667,0.133333333,0.066666667,0,0,0,0,0,0,0,0,0,0,0,0,0,0.5,0,0.266666667,0,0,0.633333333,0,0,0,0,0.133333333,0,0,2.666666667,1.7,0.366666667,0,0.266666667,0.233333333,0.133333333,0.266666667
AG351,0.133333333,0,0.166666667,0,0.066666667,0,0.2,0,0.5,0,0,0,0,0.366666667,0.1,0.133333333,0.066666667,0.266666667,0.133333333,0.733333333,0.4,0.666666667,0.1,0.066666667,0,0,0,0,0,0.2,0.566666667,0.6,3.7,0.133333333,0.266666667,0.133333333,0,0,0.1,0.1,0.233333333,0.3,0.266666667,0.1,0.033333333,0.066666667,0,0.1,0.266666667,0,0
AG456,0.133333333,0.066666667,0.3,0,0.433333333,0.2,0.466666667,0,0.333333333,0.066666667,0.233333333,0.5,0,1.133333333,0.466666667,0.366666667,0.3,0.066666667,0.066666667,0.9,0.666666667,0,0.8,0.1,0.1,0.066666667,0.233333333,0.133333333,0.133333333,0.033333333,0.233333333,0.066666667,0,0,0,0.533333333,0.166666667,0,0,0,0.133333333,0.366666667,0.133333333,0.3,0.266666667,0,0,0.066666667,0.433333333,0,0.033333333
AG575,0.066666667,0.033333333,0.233333333,0,0,0,0,0,0,0,0,0,0,0.266666667,0,0.066666667,0,0,0.033333333,0.566666667,0.1,0.233333333,0.133333333,0.2,0,0,0.233333333,0.366666667,0.466666667,0.133333333,0.4,0.933333333,3.8,0.133333333,0.433333333,0.533333333,0.1,0,0.066666667,0,0.166666667,0,0,0,0,0,0,0,0.1,0,0.1
AH254,0.133333333,0,0.466666667,0.1,0.566666667,0.066666667,0.2,0.266666667,0.833333333,0.1,0.333333333,0.166666667,0.1,0.7,0.233333333,0.1,0.366666667,0.166666667,0.033333333,0.166666667,0.133333333,0,0.266666667,0,0,0.3,0,0,0.066666667,0.1,0.1,0.233333333,0.066666667,0.166666667,0,0.9,0.3,0,0,0,0.766666667,0.533333333,0,0.633333333,0.933333333,0,0.033333333,0.133333333,0.466666667,0.166666667,0.233333333
AH269,0.133333333,0,0.2,0.033333333,0.133333333,0,0,0,0.133333333,0,0,0,0,0.266666667,0.133333333,0.066666667,0,0.033333333,0.333333333,0.366666667,0.133333333,0.766666667,0.066666667,0.166666667,0,0,0,0.033333333,0.3,0.2,0.6,0.9,4.033333333,0.066666667,0.133333333,0.133333333,0,0,0,0.066666667,0.1,0.033333333,0,0,0,0,0,0.1,0,0,0
AH291,0.2,0,0.1,0,0.266666667,0,0.3,0.066666667,0.6,0,0.133333333,0,0.066666667,0.933333333,0,0.4,0,0,0,0,0,0,0.1,0,0,0,1.366666667,0.233333333,0.866666667,0.366666667,0.366666667,0.666666667,0.133333333,0.4,0.133333333,0.633333333,0.1,0.333333333,1.166666667,2.033333333,0.133333333,0.066666667,0.1,0.233333333,0.066666667,0.366666667,0,0.066666667,0,0,0.1
AH342,0.933333333,3.033333333,0.333333333,0.033333333,0.1,0.066666667,0.633333333,0.1,0.8,0.2,0.333333333,0,0.2,1.1,0.066666667,0.233333333,0,0.166666667,0.133333333,0,0,0,0.066666667,0,0,0,0,0,0,0,0,0,0,0,0,0,0,0,0,0.033333333,0,0,0,0,0.366666667,0,0,0,0.033333333,0.366666667,0.033333333
AH448,0.166666667,0.133333333,0.266666667,0,0.366666667,0.1,0.766666667,0.366666667,1.533333333,0.266666667,0.733333333,1.433333333,0.433333333,1.6,0.7,0.566666667,0.166666667,0,0,0.133333333,0.133333333,0,0.133333333,0,0,0,0,0,0.1,0.166666667,0.333333333,0.066666667,0,0.033333333,0,0.433333333,0.066666667,0,0.033333333,0,0,0.1,0,0.333333333,0.066666667,0,0,0.133333333,0,0.033333333,0
AH489,0.3,0,0.366666667,0.1,0.2,0.2,0.3,0.166666667,0.4,0,0,0.133333333,0.1,0.6,0.133333333,0,0.066666667,0.1,0.066666667,0.166666667,0.1,0,0.266666667,0,0,0.4,0.266666667,0,0.5,0.566666667,0.5,0.366666667,0.4,0.233333333,0,0.866666667,0.1,0,0.133333333,0.366666667,0.766666667,0.133333333,0.1,0.3,0.2,0.133333333,0.133333333,0.133333333,0.433333333,0,0.333333333
AH568,0.1,0.066666667,0.266666667,0,0,0,0.533333333,0.2,1.3,0,0.9,0.266666667,0.066666667,0.866666667,0.133333333,0.3,0,0.1,0.033333333,0,0,0,0.1,0,0.133333333,0,0.066666667,0,0.566666667,0.366666667,0.6,0.566666667,2.633333333,0.133333333,0,0.133333333,0.1,0,0,0.066666667,0,0,0,0.2,0.133333333,0,0,0,0,0,0
AH612,0.1,0,0.366666667,0.166666667,0.433333333,0.2,0.233333333,0.066666667,1.1,0,0.066666667,0.6,0.066666667,1,0.333333333,0.366666667,0.6,0.133333333,0.233333333,0.166666667,0,0.033333333,0.366666667,0,0,0.166666667,0.033333333,0,0,0.033333333,0.166666667,0.133333333,0.166666667,0.066666667,0,0.5,0.133333333,0,0,0,0.333333333,0.233333333,0.133333333,1.133333333,0.6,0.066666667,0.133333333,0.166666667,0.4,0.033333333,0.166666667
AH677,0.433333333,0,0.266666667,0.2,0.233333333,0,0.666666667,0.166666667,0.6,0.066666667,0.466666667,0.233333333,0.4,1.7,0.333333333,0.9,0.3,0,0.1,0.033333333,0,0.1,0.166666667,0.1,1.066666667,1.1,0.533333333,0.466666667,0.8,0.266666667,0,0.233333333,0,0,0.066666667,0.166666667,0,0,0,0.066666667,0.1,0,0,0,0,0,0,0,0,0,0.1
AH733,0.366666667,0,0.3,0.033333333,0.066666667,0.066666667,0.366666667,0.066666667,0.4,0,0.066666667,0,0,0.4,0,0.133333333,0.3,0.2,0,0.366666667,0,0.166666667,0,0,0,0,0,0,0.033333333,0.233333333,0.4,0.566666667,2.966666667,0.366666667,0.033333333,0.333333333,0.133333333,0,0,0.033333333,0.2,0.233333333,0.1,0.3,0.3,0.1,0,0.133333333,0.166666667,0.133333333,0.233333333
AH765,0.1,0.066666667,0.5,0.133333333,0.166666667,0.2,0.666666667,0.5,0.866666667,0.4,0.266666667,0.666666667,0.1,1.2,0.133333333,0.266666667,0.1,0.1,0,0.066666667,0,0.033333333,0.266666667,0,0,0.2,0.166666667,0,0.266666667,0.1,0.166666667,0.266666667,0.066666667,0.066666667,0,0.833333333,0.3,0,0.066666667,0.066666667,0.333333333,0.066666667,0.066666667,0.666666667,0.366666667,0.1,0,0.266666667,0.4,0,0.133333333
AI170,0.142857143,0,0.75,0,0.214285714,0,0,0.5,0.107142857,0,0,0,0,0.892857143,0.285714286,0.464285714,2.107142857,1.357142857,0.821428571,0,0.107142857,0.071428571,0.107142857,0,0,0.071428571,0,0,0,0,0,0.071428571,0,0.107142857,0,0.178571429,0.464285714,0,0,0.035714286,0.285714286,0.392857143,0.071428571,0.785714286,0.071428571,0.5,0.071428571,0.964285714,0.107142857,0.357142857,0.321428571
AI304,0.24137931,0.24137931,0.586206897,0.137931034,0.551724138,0.24137931,0.413793103,0.448275862,0.310344828,0.068965517,0.103448276,0.034482759,0.068965517,1.172413793,0.827586207,0,0.482758621,0.068965517,0,0.068965517,0.172413793,0,0.310344828,0.034482759,0.448275862,0.689655172,0,0,0,0,0,0,0,0.172413793,0.068965517,0.655172414,0.068965517,0,0.034482759,0,0.068965517,0.172413793,0,0.275862069,0.275862069,0.24137931,0.448275862,0.206896552,0.172413793,0.413793103,0.103448276
AI338,0.517241379,0,0.344827586,0,0.24137931,0,0.103448276,0.275862069,0.965517241,0.172413793,0.413793103,0.24137931,0.206896552,1.172413793,0.344827586,0.482758621,0.482758621,0,0,0.275862069,0.413793103,0,0.482758621,0,0,0,0.24137931,0,0.068965517,0.310344828,0.586206897,0,0,0.482758621,0.482758621,0.517241379,0.068965517,0,0,0.344827586,0,0.034482759,0.034482759,0,0,0.137931034,0.068965517,0.103448276,0,0,0.034482759
AI981,0.642857143,0.142857143,0.714285714,0.107142857,0.678571429,0.928571429,0.857142857,0.107142857,0.75,0.535714286,0.392857143,0,0,0.821428571,0.285714286,0.25,0.107142857,0.107142857,0,0,0.285714286,0,0.178571429,0.071428571,0,0.5,0,0,0,0.071428571,0,0,0,0.535714286,0.214285714,0.571428571,0.071428571,0,0,0,0.214285714,0.5,0,0.107142857,0.035714286,0.357142857,0.321428571,0.464285714,0.678571429,0.25,0.142857143
AJ010,0.137931034,0,0.517241379,0,0.103448276,0,0,0.068965517,0.517241379,0,0,0.103448276,0,0.413793103,0.275862069,0.137931034,0.275862069,0.068965517,0.103448276,0.793103448,0.344827586,0.965517241,0.206896552,0.620689655,0,0,0.862068966,0.275862069,1.068965517,0.482758621,0.620689655,0.965517241,0.689655172,0.310344828,0.448275862,0.482758621,0.068965517,0.413793103,0,1.517241379,0,0,0.24137931,0,0.068965517,0.068965517,0,0,0.068965517,0,0
AJ266,0.233333333,0,0.266666667,0.1,0.433333333,0.033333333,0.1,0.366666667,0.266666667,0,0,0,0,1.033333333,0.966666667,0.433333333,0.566666667,1.033333333,1.5,0.8,0.466666667,0.1,0.4,0,0.1,0.133333333,0.133333333,0,0.066666667,0.166666667,0.166666667,0.066666667,0.066666667,0.266666667,0.066666667,0.7,0.166666667,0,0,0.033333333,0.466666667,0,0.066666667,0.133333333,0.266666667,0.333333333,0,0.766666667,0.166666667,0.333333333,0.066666667
AJ283,1.206896552,0.068965517,0.482758621,0,0.931034483,0.103448276,0.275862069,0,0.068965517,0,0,0,0,0.310344828,0.172413793,0.103448276,0.24137931,0.172413793,0.068965517,0.931034483,0.724137931,0.103448276,1.379310345,0.172413793,0,0.103448276,0,0.137931034,0.103448276,0.103448276,0.068965517,0.068965517,0.24137931,0.896551724,0.413793103,1.551724138,0.310344828,0.034482759,0,0,0,0.551724138,0,0,0.24137931,0.344827586,0.172413793,0.137931034,0.137931034,0.310344828,0.137931034
AJ316,0.103448276,0,0.172413793,0,0.24137931,0,0.172413793,0,0.24137931,0,0,0,0,0.413793103,0.172413793,0.206896552,0.344827586,0.379310345,0.206896552,1.586206897,2.137931034,0,1.724137931,0.482758621,0,0,0.103448276,0.379310345,0.620689655,0.103448276,0.034482759,0.034482759,0.068965517,0.24137931,0.137931034,0.655172414,0.068965517,0,0,0.103448276,0,0.24137931,0,0,0.137931034,0.034482759,0.103448276,0,0.448275862,0.24137931,0
AJ481,0.275862069,0.448275862,0.413793103,0,0.379310345,0.172413793,0.24137931,0.275862069,1.413793103,0.310344828,0.75862069,0.620689655,0.275862069,1.586206897,0.24137931,0.310344828,0.275862069,0.034482759,0,0,0.551724138,0,0.793103448,0.275862069,0.275862069,0.482758621,0.034482759,0,0,0.344827586,0.103448276,0,0,0,0,0.413793103,0,0,0,0,0.103448276,0.103448276,0,0.137931034,0.413793103,0.172413793,0,0.034482759,0.344827586,0.310344828,0.275862069
AJ490,0.066666667,0,0.1,0.566666667,0.166666667,0.066666667,0.533333333,0.333333333,1.5,0.2,0.366666667,0.3,0,1.4,0.833333333,0.433333333,0.7,0.2,0,0.1,0.2,0,0.2,0,0,0.1,0,0,0.333333333,0,0,0,0,0.1,0.2,0.6,0.166666667,0,0,0,0.1,0.1,0,0.9,0.6,0.3,0,0.466666667,0,0.233333333,0.1
AJ522,0.172413793,0,0.310344828,0.310344828,0.24137931,0.137931034,0.448275862,0.379310345,2.310344828,0,0,0.827586207,0.103448276,2.517241379,0.620689655,0.310344828,0.896551724,0.103448276,0.068965517,0,0,0,0.172413793,0,0,0.103448276,0,0,0,0.068965517,0.379310345,0,0,0.103448276,0,0.206896552,0,0,0,0.137931034,0.103448276,0,0,0.689655172,0.24137931,0.379310345,0.103448276,0.137931034,0.448275862,0,0
AJ537,0.24137931,0.034482759,0.24137931,0.310344828,0.137931034,0,0.310344828,0.24137931,1.137931034,0,0.724137931,0.75862069,0.24137931,2.068965517,0.965517241,0.344827586,0.482758621,0.724137931,1.413793103,0.137931034,0.310344828,0.24137931,0.068965517,0,0,0.103448276,0,0,0,0,0,0,0,0,0,0.24137931,0,0.103448276,0,0,0.172413793,0.172413793,0.034482759,0.310344828,0.206896552,0.24137931,0,0.689655172,0.172413793,0.103448276,0
AJ661,0.24137931,0.103448276,0.137931034,0.137931034,0.068965517,0.068965517,0.24137931,0.413793103,0.896551724,0.172413793,0.310344828,0,0,0.896551724,0.103448276,0.344827586,0,0.103448276,0,0.862068966,1.068965517,0.689655172,0.793103448,0.379310345,0,0.137931034,0.413793103,0.137931034,0,0.620689655,0.310344828,0.034482759,0.275862069,0.034482759,0,0.24137931,0,0,0,0.413793103,0,0.103448276,0,0.137931034,0.034482759,0.034482759,0,0.068965517,0.172413793,0,0
AK436,0,0.133333333,0.333333333,0.2,0.166666667,0.533333333,0.4,0.333333333,1.033333333,3.433333333,0.466666667,0.433333333,0,1.866666667,0.133333333,0.233333333,0.133333333,0.133333333,0.1,0,0.233333333,0,0,0.1,0,0.2,0.066666667,0,0,0.566666667,0,0,0,0,0,0.066666667,0.1,0,0,0,0,0.066666667,0,0.433333333,0.366666667,0,0.133333333,0.1,0,0,0.266666667
AK494,0.933333333,2.133333333,0.233333333,0,0.066666667,0,0.266666667,0.133333333,0.2,0,0,0,0,0.8,0.1,0.166666667,0,0.033333333,0,0.2,0.1,0,0.166666667,0,0,0.1,0,0,0,0.2,0.233333333,0.1,0,0.333333333,0.133333333,0.833333333,0.066666667,1.3,0,0.2,0,0.166666667,0.1,0.033333333,0.266666667,0.033333333,0.166666667,0.033333333,0.1,0.233333333,0
AK497,0.133333333,0.066666667,0.666666667,0.233333333,0.266666667,0.1,0.533333333,0.166666667,1.5,0.133333333,0.166666667,0.066666667,0.133333333,1.333333333,0.333333333,0.133333333,0.533333333,0,0,0.166666667,0.533333333,0,0.533333333,0.233333333,0,0.133333333,0,0,0,0.266666667,0.433333333,0.033333333,0,0.466666667,0,0.933333333,0.2,0,0,0.033333333,0,0,0.2,0.366666667,0.233333333,0.5,0.333333333,0.2,0.233333333,0.166666667,0.266666667
AK502,0.633333333,0.233333333,0.3,0,0.1,0.3,0.433333333,0.266666667,1.4,2.166666667,0.4,0.3,0,1.9,0.1,0.233333333,0.333333333,0,0,0,0,0,0.1,0,0.033333333,0.166666667,0,0,0,1.1,0.4,0.1,0.3,0,0,0.033333333,0.2,0,0,0,0,0.233333333,0,0.2,0.233333333,0.833333333,0.2,0.066666667,0,0.1,0.3
AK602,0.4,0.033333333,0.5,0.066666667,0.3,0.133333333,0.266666667,0.266666667,1.733333333,0.533333333,0.233333333,0.433333333,0.1,1.933333333,0.5,0.233333333,0.866666667,0.033333333,0.166666667,0.366666667,0.4,0,0.733333333,0.1,0,0.066666667,0,0,0.066666667,0.066666667,0.033333333,0,0,0,0,0.1,0.366666667,0,0,0.1,0.2,0.133333333,0,0.466666667,0.2,0.533333333,0,0.033333333,0.266666667,0.233333333,0
AK717,0.933333333,1.9,0.466666667,0,0.333333333,0,0.3,0.433333333,1.233333333,0,0.366666667,0.3,0,1.633333333,0.166666667,0.633333333,0.133333333,0,0,0.166666667,0.166666667,0,0.1,0,0,0,0.066666667,0,0.266666667,0.266666667,0.1,0.066666667,0,0.233333333,0,0.2,0,0,0,0.066666667,0.066666667,0.1,0,0.233333333,0.066666667,0.1,0,0,0,0.1,0
AK851,0.233333333,0,0.133333333,0.1,0.2,0.433333333,0.4,0.3,0.733333333,3.666666667,0.233333333,0.3,0,1.733333333,0,0.266666667,0.1,0,0,0,0.266666667,0,0,0,0,0.066666667,0,0,0.1,0.466666667,0.066666667,0,0,0.166666667,0,0.6,0.333333333,0,0.133333333,0.066666667,0,0,0.1,0.5,0.266666667,0.7,0.266666667,0,0.133333333,0,0.266666667
AK852,0.3,0,0.433333333,0.233333333,0.333333333,0.533333333,0.533333333,0.333333333,0.966666667,2.833333333,0.466666667,0.566666667,0,1.866666667,0.233333333,0.3,0.2,0,0,0,0,0,0,0.066666667,0.033333333,0.066666667,0,0,0,0.633333333,0.533333333,0.033333333,0,0,0,0.133333333,0,0,0,0,0,0,0,0.233333333,0,0.6,0.1,0.733333333,0,0,0.166666667
AK864,1.833333333,0.033333333,0.366666667,0,0.466666667,0.066666667,0.1,0.066666667,0.166666667,0.1,0.033333333,0,0,0.3,0.333333333,0.166666667,0.1,0.2,0.6,1.1,1.366666667,0.466666667,0.766666667,0,0,0.266666667,0,0.5,0,0.166666667,0.033333333,0.066666667,0,0.7,0.2,1,0,0.066666667,0,0.233333333,0.1,0.066666667,0,0.1,0.033333333,0.533333333,0.1,0.033333333,0.433333333,0.2,0.4
AK895,0.5,0.166666667,0.5,0.1,0.066666667,0.433333333,0.333333333,0.3,0.833333333,2.566666667,0.233333333,0.066666667,0,2.066666667,0.1,0.2,0.366666667,0,0,0,0.166666667,0,0.166666667,0,0,0.133333333,0,0,0.1,0.6,0.266666667,0.133333333,0,0,0,0.166666667,0.266666667,0,0,0,0.1,0,0,0.3,0.1,0.633333333,0.1,0.366666667,0.1,0,0.333333333
AK907,0.433333333,0.233333333,0.266666667,0.033333333,0,0,0.6,0.333333333,1.466666667,0.233333333,0,0.1,0.1,1.433333333,0.066666667,0.133333333,0.566666667,0,0.066666667,0,0.266666667,0.133333333,0.2,0.066666667,0,0.1,0,0,0.066666667,0.9,0.7,0.233333333,0,0.133333333,0,0.5,0.1,0.2,0.033333333,0.5,0,0.066666667,0,0.066666667,0.3,2.233333333,0,0.566666667,0.066666667,0.066666667,0.266666667
AK942,0.166666667,0.2,0.2,0.1,0.166666667,0,0.266666667,0,0.466666667,0.066666667,0,0.166666667,0,0.666666667,0.233333333,0.133333333,0.066666667,0,0.033333333,0.033333333,0,0,0.1,0,0,0.066666667,0.1,0.1,0.366666667,0.933333333,0.333333333,0.066666667,0.066666667,0.166666667,0,0.6,1.5,1.333333333,0.033333333,0.4,0,0.1,0.333333333,0.133333333,0.533333333,2.133333333,0.333333333,0.333333333,0.266666667,0.233333333,0.2
AK975,0.366666667,0,0.2,0,0.033333333,0,0.166666667,0.1,0.666666667,0.166666667,0.1,0,0.133333333,1.2,1.166666667,0.6,0.1,0,0.066666667,0,0.266666667,0.4,0.133333333,0.066666667,0.233333333,0.066666667,0.333333333,0.133333333,0.033333333,0.5,0.2,0.3,0,0.566666667,0.333333333,0.9,0.166666667,0.933333333,0.033333333,0.833333333,0.133333333,0.266666667,0.266666667,0.4,0.133333333,0.4,0.1,0.066666667,0.433333333,0.266666667,0.133333333
AL100,1.233333333,0,0.233333333,0.066666667,0.3,0.2,0.266666667,0.033333333,0.433333333,0.1,0,0,0,0.7,0.366666667,0.333333333,0.3,0.033333333,0.033333333,0.166666667,0,0.066666667,0.266666667,0.266666667,0.1,0.6,0.166666667,0,0.8,0.966666667,0.133333333,0.1,0,0.433333333,0.166666667,1.5,0.2,0.266666667,0.133333333,0.133333333,0.1,0,0.866666667,0.266666667,0.066666667,0.5,0.333333333,0.2,0,0,0.033333333
AL415,0.7,0,0.766666667,0,0.866666667,0.2,0.4,0.3,0.233333333,0.166666667,0.033333333,0,0,0.833333333,0.266666667,0.1,0.233333333,0.166666667,0.033333333,0.966666667,1.566666667,0.266666667,0.533333333,0.166666667,0,0.133333333,0.166666667,0,0.133333333,0.1,0.066666667,0.066666667,0.133333333,0.366666667,0.033333333,0.533333333,0.133333333,0,0,0.266666667,0.2,0.066666667,0.266666667,0.133333333,0.066666667,0.3,0.166666667,0.233333333,0.266666667,0.1,0.166666667
AL426,0.366666667,0,0.233333333,0,0.833333333,0.2,0.233333333,0,0.133333333,0.1,0,0.033333333,0,0.2,0.233333333,0.066666667,0.266666667,0.033333333,0.266666667,0.933333333,1.7,0,0.833333333,0,0,0.366666667,0,0.066666667,0,0,0,0,0.033333333,0.766666667,0.1,0.966666667,0,0,0,0,0.433333333,0.4,0,0,0.133333333,0.233333333,0.533333333,0,0.533333333,0.166666667,0.366666667
AL508,1.2,0.066666667,0.666666667,0.033333333,0.666666667,0.3,0.2,0,0.166666667,0.2,0.4,0.133333333,0,0.633333333,0.1,0.133333333,0.1,0,0.066666667,0.433333333,0.8,0,0.5,0,0,0.066666667,0,0,0.033333333,0.333333333,0.5,0.066666667,0.133333333,0.333333333,0.133333333,1.166666667,0,0.1,0,0.266666667,0.366666667,0.233333333,0.166666667,0,0.233333333,0.066666667,0.133333333,0,0.466666667,0.266666667,0.333333333
AL541,0.6,0,0.733333333,1.466666667,0.633333333,0.1,0.566666667,0,0.533333333,0.066666667,0.066666667,0,0,1.833333333,0.5,0.466666667,0.7,0,0,0.1,0,0,0.066666667,0,0.133333333,0.1,0.066666667,0,0.066666667,0.166666667,0.3,0,0,0.4,0,0.8,0.166666667,0.033333333,0.1,0.133333333,0.1,0.033333333,0.233333333,0.066666667,0.533333333,0,0.2,0.033333333,0.066666667,0.2,0.1
AL657,0.933333333,0.133333333,0.333333333,0.433333333,0.266666667,0.133333333,0.833333333,0.333333333,2,0.266666667,0.9,0.433333333,0.233333333,2.066666667,0.266666667,0.4,0.166666667,0,0,0.066666667,0.066666667,0.166666667,0.233333333,0.066666667,0.033333333,0.266666667,0,0,0.166666667,0.133333333,0.3,0,0.066666667,0.166666667,0,0.133333333,0,0,0,0.1,0,0.233333333,0.066666667,0,0.1,0.366666667,0,0.5,0.2,0,0.066666667
AL728,1,0.366666667,1.066666667,0.166666667,0.9,0.433333333,0.4,0.066666667,0.5,0.033333333,0.033333333,0,0,0.4,0.166666667,0.066666667,0.2,0.1,0.166666667,0.333333333,0.866666667,0,0.433333333,0,0,0.333333333,0,0.1,0.033333333,0.5,0.4,0.066666667,0.033333333,0.566666667,0.233333333,0.933333333,0.166666667,0,0,0,0.366666667,0,0,0,0.166666667,0.333333333,0.2,0,0.5,0.233333333,0.2
AL806,1.266666667,0.066666667,1.166666667,0,0.7,0.266666667,0.366666667,0,0.533333333,0.266666667,0,0,0,0.733333333,0,0.1,0,0.1,0,0,0.166666667,0,0.033333333,0,0,0,0,0,0,0.466666667,0.166666667,0,0,0.5,0.133333333,0.8,0.1,0.366666667,0,0.066666667,0.533333333,0,0,0.033333333,0.133333333,0.033333333,0.2,0,0.6,0.333333333,0.033333333
AL860,1.166666667,0.1,0.833333333,0.233333333,0.6,0.233333333,0.433333333,0,0.5,0.3,0.133333333,0.066666667,0,0.733333333,0.066666667,0.1,0.2,0,0,0,0.166666667,0,0.066666667,0,0,0.1,0,0,0,0.066666667,0.266666667,0,0,0.366666667,0.1,0.8,0.1,0.133333333,0.066666667,0.033333333,0.733333333,0.066666667,0,0.033333333,0.133333333,0.133333333,0.8,0,1.033333333,0.2,0.166666667
AL869,0.5,0,0.433333333,0.4,0.3,0.133333333,0.966666667,0,1.566666667,0.266666667,0.533333333,0.733333333,0.266666667,2.1,0.366666667,0.466666667,0,0,0,0.233333333,0.5,0,0.6,0.233333333,0.033333333,0.533333333,0.133333333,0,0.433333333,0.2,0.033333333,0,0,0.233333333,0,0.333333333,0.333333333,0,0,0,0,0,0.1,0,0.233333333,0.433333333,0,0.4,0,0,0
AM043,0.5,0,0.733333333,0,0.333333333,0.166666667,1.566666667,1.4,0.2,0,0,0.2,0,1.166666667,0.066666667,0.233333333,0.1,0.066666667,0.066666667,0.066666667,0.233333333,0,0.133333333,0,0.033333333,0.366666667,0.1,0,0,0,0.066666667,0.066666667,0,0,0,0.266666667,0.066666667,0,0,0,0,0.2,0.4,0.1,0.033333333,0.1,0,0.1,0,0.5,0.266666667
AM082,0.2,0,0.233333333,0.1,0.666666667,0.1,0.4,0.3,1.566666667,0.266666667,0.233333333,0.666666667,0,1.233333333,0.266666667,0.266666667,0.266666667,0,0.133333333,0.366666667,0.533333333,0,0.333333333,0.066666667,0.133333333,0.066666667,0.066666667,0,0.266666667,0.1,0.6,0,0,0.3,0,0.266666667,0,0,0,0,0.3,0.166666667,0,0.5,0.633333333,0.2,0.233333333,0.4,0,0,0.133333333
AM172,0.266666667,0,0.3,0.366666667,0.266666667,0,0.133333333,0.2,0.166666667,0,0,0,0,0.766666667,0.166666667,0.166666667,0.4,0.166666667,0,0.366666667,0.133333333,0.333333333,0.233333333,0.133333333,0,0.233333333,0.1,0,0.266666667,0.4,0.266666667,0.6,0.366666667,0.266666667,0.3,0.9,0.066666667,0.666666667,0.633333333,2.033333333,0.1,0,0.133333333,0,0.233333333,0.2,0,0,0.3,0.166666667,0
AM349,0.8,1.3,0.833333333,0.133333333,0.333333333,0,0.433333333,0.066666667,1.433333333,0.066666667,0.8,0,0,1.5,0.3,0.3,0.366666667,0,0,0.166666667,0.233333333,0,0.366666667,0.066666667,0,0.1,0,0,0.133333333,0.633333333,0.433333333,0.166666667,0.666666667,0,0.033333333,0.366666667,0,0,0,0,0.1,0,0,0.2,0.2,0.133333333,0.1,0.2,0,0.033333333,0.166666667
AM361,0.533333333,0.1,0.633333333,1,0.833333333,0.1,0.466666667,0.466666667,0.166666667,0,0.1,0,0.133333333,1.3,0.433333333,0.3,0.466666667,0,0.066666667,0.1,0.266666667,0,0.066666667,0,0.066666667,0.4,0,0,0,0.066666667,0.3,0,0,0.1,0,0.9,0.3,0,0,0,0.3,0,0.133333333,0.3,0.1,0.2,0,0.6,0.166666667,0.1,0.033333333
AM430,0.4,0.033333333,0.866666667,0.666666667,0.9,0,0.5,0.2,0.233333333,0,0.2,0,0,1.3,0.5,0.566666667,0.466666667,0,0,0.1,0.133333333,0,0.2,0,0.233333333,0.366666667,0.1,0.033333333,0,0.066666667,0.266666667,0,0,0,0.033333333,0.266666667,0,0,0,0,0.066666667,0.066666667,0,0.3,0.233333333,0.266666667,0.1,0.066666667,0.4,0.2,0.066666667
AM461,0.266666667,0,0.9,0.1,0.666666667,0.266666667,1.7,1.3,0.4,0.2,0.233333333,0.066666667,0.1,0.733333333,0.266666667,0.233333333,0.166666667,0.033333333,0,0.066666667,0.233333333,0.1,0.133333333,0.066666667,0,0.2,0.133333333,0,0,0.2,0.033333333,0,0,0.033333333,0,0.233333333,0,0,0,0,0.033333333,0,0.3,0.1,0,0,0,0.266666667,0,0.2,0.066666667
AM706,0.333333333,0.1,0.3,0.133333333,0.3,0,0.3,0.066666667,0.4,0,0.133333333,0.3,0,0.666666667,0,0.1,0,0,0,0.133333333,0.233333333,0,0.166666667,0.033333333,0,0,0.266666667,0.133333333,0.633333333,0.533333333,0,0.633333333,0.066666667,0.1,0.2,1.066666667,0.233333333,0.266666667,0.466666667,1.533333333,0.2,0.1,0.1,0,0.066666667,0.233333333,0,0.066666667,0.266666667,0.133333333,0.4
AM782,0.933333333,1.866666667,1.2,0,0.866666667,0.1,1,0.1,0.966666667,0,0.566666667,0,0.1,1,0.333333333,0.233333333,0.166666667,0,0,0.4,0.566666667,0,0.033333333,0,0.1,0.033333333,0,0.166666667,0.066666667,0.133333333,0.333333333,0.1,0.166666667,0,0,0.366666667,0,0.066666667,0,0.1,0,0,0,0.066666667,0.133333333,0,0.133333333,0.066666667,0.133333333,0.166666667,0
AM810,0.633333333,0,0.266666667,0.266666667,0.4,0.6,1.233333333,0.7,0.533333333,0.2,0.1,0.066666667,0.1,1.6,0.166666667,0.6,0,0.066666667,0,0,0,0,0,0,0.866666667,1.233333333,0,0,0,0,0,0,0,0.3,0,0.233333333,0,0,0,0,0,0,0.133333333,0.5,0.666666667,0.2,0.2,0.066666667,0,0.2,0.133333333
AM840,0.433333333,0.033333333,0.533333333,1,0.366666667,0,0.9,0.8,0.6,0,0.1,0.333333333,0.066666667,1.533333333,0.2,0.233333333,0.1,0,0,0.2,0.433333333,0,0.233333333,0.033333333,0,0,0.066666667,0.1,0.2,0.4,0.233333333,0,0,0,0,0.466666667,0,0,0,0,0.333333333,0.166666667,0.166666667,0.133333333,0.633333333,0.166666667,0.2,0.133333333,0,0.133333333,0.233333333
AM997,0.5,0,0.4,0.133333333,0.5,0.233333333,0.266666667,0.5,0.233333333,0,0.133333333,0,0.133333333,0.633333333,0.2,0.2,0,0.433333333,0.066666667,0.566666667,0.733333333,0.466666667,0.3,0,0.066666667,0.066666667,0,0,0.233333333,0.4,0.333333333,0.566666667,1.3,0.566666667,0.133333333,1.2,0,0,0,0,0.3,0.066666667,0,0,0.066666667,0,0.033333333,0.166666667,0.066666667,0,0.166666667
AN087,0.8,0,1.5,0.1,1.466666667,0.533333333,0.266666667,0.133333333,0.433333333,0.066666667,0,0.133333333,0,0.466666667,0.1,0.166666667,0.433333333,0.2,0.366666667,0.766666667,1.466666667,0.366666667,0.7,0.166666667,0,0.233333333,0,0.1,0,0.2,0.166666667,0.1,0.333333333,0.1,0.066666667,0.666666667,0,0,0,0,0.366666667,0.166666667,0.033333333,0,0,0,0.2,0,0.333333333,0.133333333,0.266666667
AN268,0.633333333,0.1,0.633333333,0.3,0.333333333,0.166666667,0.033333333,0.4,0.266666667,0,0,0.1,0,1.066666667,0.466666667,0.233333333,0.4,0.3,0.166666667,1.333333333,1.966666667,0.1,1.166666667,0.066666667,0,0.166666667,0.1,0.133333333,0.233333333,0.066666667,0.033333333,0,0,0.533333333,0.1,1.3,0,0,0,0.033333333,0.066666667,0.166666667,0,0.066666667,0.166666667,0.066666667,0,0.166666667,0.2,0.2,0.166666667
AN565,0.733333333,0,1.033333333,0.233333333,1.566666667,0.466666667,0.466666667,0.1,0.3,0.166666667,0.133333333,0,0,0.966666667,0.3,0.266666667,0.1,0.266666667,0.133333333,0,0.333333333,0.133333333,0,0,0,0.466666667,0,0,0.233333333,0.333333333,0.266666667,0,0,0.366666667,0,0.433333333,0,0,0,0,0.633333333,0.166666667,0.1,0.3,0.166666667,0.233333333,0,0.133333333,0.266666667,0.266666667,0.3
AN739,0.733333333,0.133333333,0.933333333,0.1,1.566666667,0.266666667,0.066666667,0.733333333,0.1,0,0,0,0,0.766666667,0.233333333,0.133333333,0.333333333,0.466666667,0.1,0.333333333,0.633333333,0,0.3,0,0,0.3,0,0,0,0,0.033333333,0,0,0.6,0.033333333,1.566666667,0,0,0,0,1.033333333,0.6,0,0.266666667,0.066666667,0.033333333,0.066666667,0.1,0.7,0.466666667,0.033333333
AN885,0.066666667,0,0.666666667,0.066666667,1.1,0.233333333,0.433333333,0.633333333,0.266666667,0,0.133333333,0.033333333,0.2,1.433333333,0.8,0.633333333,3.1,0.466666667,0.4,0.066666667,0,0,0.066666667,0,0,0,0,0,0,0.133333333,0,0.1,0,0.066666667,0,0.3,0,0,0,0,0,0.2,0.066666667,0.533333333,0.033333333,0.166666667,0,0,0.033333333,0.033333333,0.033333333
AO080,0.766666667,0.066666667,1.233333333,0.4,0.533333333,0.5,0.7,0.366666667,1.5,0.333333333,0.6,1.233333333,0.166666667,1.5,0.366666667,0.266666667,0.2,0.066666667,0.066666667,0,0.1,0,0,0.066666667,0,0.433333333,0.033333333,0.033333333,0.033333333,0.2,0.433333333,0.133333333,1,0.1,0.166666667,0.5,0.033333333,0,0,0.2,0.066666667,0.4,0.066666667,0.2,0.266666667,0.566666667,0.166666667,0.066666667,0.066666667,0.2,0
AO091,0.1,0.166666667,0.2,1.3,0.166666667,0.133333333,0.533333333,0.666666667,0.6,0.266666667,0.166666667,0.2,0.333333333,1.533333333,0.766666667,0.733333333,0.333333333,0,0.066666667,0.933333333,1.166666667,0,0.4,0.166666667,0.366666667,0.7,0.133333333,0.1,0.2,0.2,0.066666667,0.066666667,0,0,0,0.4,0.133333333,0,0,0.033333333,0.1,0.133333333,0,0.066666667,0.2,0.033333333,0.433333333,0.466666667,0.133333333,0.166666667,0
AO235,0.333333333,0.133333333,0.233333333,0.533333333,0.6,0.5,0.566666667,0.6,1.5,0,0.3,0.233333333,0.3,1.766666667,0.366666667,0.5,0.366666667,0.133333333,0.033333333,0.066666667,0.166666667,0.166666667,0.066666667,0.033333333,0,0.066666667,0.033333333,0,0,0.133333333,0,0.033333333,0,0.133333333,0.066666667,0.366666667,0.266666667,0,0,0.066666667,0.333333333,0.3,0.033333333,0.133333333,0.1,0,0,0,0.766666667,0.133333333,0
AO309,0.266666667,0.033333333,0.366666667,0.066666667,0.3,0.066666667,0.433333333,0.4,2.8,0.3,0.933333333,1.6,0.2,2.466666667,0.3,0.333333333,0.133333333,0.033333333,0,0.066666667,0,0,0.1,0.166666667,0.3,0.4,0,0,0,0.166666667,0.366666667,0,0,0,0,0.366666667,0,0,0,0,0,0.233333333,0,0.066666667,0.066666667,0.066666667,0,0.133333333,0.166666667,0,0
AO882,0.233333333,0,0.433333333,0.166666667,0.3,0,0.533333333,0.433333333,0.433333333,0,0,0.033333333,0,1.366666667,0.5,0.433333333,0.166666667,0.066666667,0,0.866666667,1.266666667,0.433333333,0.933333333,0.3,0.433333333,0.233333333,0.933333333,0.066666667,0.5,0.266666667,0.366666667,0.133333333,0.133333333,0.1,0.066666667,0.6,0,0.1,0.166666667,1.033333333,0.3,0.2,0,0.133333333,0.233333333,0,0,0.066666667,0.066666667,0.266666667,0.033333333
AP048,0,0,0,0.033333333,0.333333333,0.133333333,0.266666667,0.166666667,0.266666667,0.066666667,0.066666667,0.066666667,0.233333333,1.366666667,1.733333333,0.766666667,0.533333333,0.1,0.6,0.833333333,0.666666667,0,0.6,0,0.033333333,0.066666667,0.866666667,0.433333333,0.166666667,0.166666667,0.266666667,0,0,0.3,0,0.7,0.166666667,0,0,0,0.533333333,0.333333333,0,0,0.1,0.233333333,0,0.666666667,0.4,0,0.066666667
AP182,0.233333333,0,0.5,0.266666667,0.433333333,0.033333333,1.166666667,0.8,1.133333333,0.1,0.133333333,0.433333333,0.1,1.7,0.366666667,0.433333333,0.3,0,0,0.066666667,0,0,0,0.133333333,0.033333333,0.433333333,0.866666667,0.133333333,0.333333333,0.366666667,0.433333333,0.6,0.033333333,0.1,0.1,0.4,0,0,0.3,1.1,0.166666667,0.133333333,0.366666667,0,0.066666667,0,0,0.166666667,0.2,0.166666667,0
AP283,0.133333333,0.1,0.433333333,0.1,1.3,0.7,0.866666667,0.6,0.166666667,0.3,0.066666667,0,0,0.5,0.433333333,0.5,0.266666667,0.333333333,0.266666667,0.133333333,0,0,0,0,0,0.133333333,0,0,0,0.233333333,0.133333333,0.033333333,0,0.366666667,0.066666667,0.8,0.5,0,0,0,0.433333333,0,0,0,0,0.5,0.333333333,0.9,0.133333333,0.166666667,0.2
AP450,0.466666667,0.133333333,0.366666667,0.2,0.333333333,0.233333333,0.233333333,0.533333333,1.266666667,0.166666667,0.733333333,0.633333333,0,2.166666667,0.5,0.4,0.066666667,0.133333333,0.033333333,0.9,1.133333333,0,0.933333333,0.133333333,0.1,0.066666667,0.133333333,0.066666667,0,0.166666667,0.066666667,0,0,0,0,0.566666667,0.2,0,0,0,0.133333333,0.066666667,0.033333333,0.2,0.2,0.166666667,0.133333333,0.5,0.133333333,0.133333333,0.1
AP679,0.1,0,0.233333333,0.3,0.333333333,0.2,0.4,0.133333333,0.933333333,0,0.5,0.333333333,0.1,1.466666667,0.5,0.533333333,0,0.033333333,0,0.166666667,0.166666667,0.066666667,0.4,0,0.266666667,0.1,0.866666667,0.133333333,0.266666667,0.5,0.9,0.366666667,0.033333333,0.166666667,0.166666667,0.8,0.366666667,0.033333333,0.3,1.1,0.266666667,0.3,0.066666667,0.133333333,0.166666667,0.1,0.166666667,0.1,0.4,0.333333333,0
AP810,0.433333333,0.1,0.5,1.8,0.666666667,0.333333333,0.6,0.4,1.033333333,0.066666667,0.566666667,0.466666667,0.533333333,1.7,0.666666667,0.366666667,0.333333333,0,0,0.233333333,0.2,0,0,0,0,0.266666667,0.066666667,0.033333333,0.233333333,0.5,0.5,0,0,0.133333333,0,0.366666667,0.1,0,0,0,0.333333333,0.366666667,0.1,0.233333333,0.6,0.333333333,0.166666667,0.366666667,0.133333333,0.066666667,0.066666667
AP839,0.233333333,0,0.3,0,0,0,0,0.066666667,0.266666667,0,0.066666667,0.1,0,0.4,0.533333333,0.266666667,0.266666667,0,0,0.4,0.133333333,0.433333333,0.133333333,0.133333333,0,0.366666667,0.266666667,0.2,1.966666667,0.966666667,0.8,1.333333333,2.466666667,0.033333333,0.5,0.533333333,0,0.1,0.266666667,0.966666667,0,0,0.1,0,0,0.4,0,0.133333333,0.1,0,0.066666667
AP858,0.333333333,0,0.5,1.466666667,0.233333333,0.033333333,0.3,0,0.333333333,0,0,0.133333333,0,1,0.333333333,0.133333333,0.333333333,0.066666667,0,0.733333333,0.966666667,0.366666667,0.133333333,0.266666667,0,0.2,0.3,0.166666667,0.333333333,0.233333333,0.533333333,1.066666667,0.233333333,0.033333333,0.033333333,0.866666667,0.233333333,0.1,0.1,0.866666667,0.366666667,0.266666667,0.366666667,0.166666667,0.533333333,0.1,0.033333333,0.3,0.1,0.066666667,0
