epoch	train_loss	test_loss	test_metric_sample	test_metric_label
0	0.06359130144119263	0.24294595420360565	0.10761697590351105	0.035312358289957047
1	0.04867827519774437	0.23678964376449585	0.21176043152809143	0.06478355824947357
2	0.043937116861343384	0.2308853268623352	0.2891751825809479	0.08926470577716827
3	0.040674202144145966	0.22123029828071594	0.3474480211734772	0.11074967682361603
4	0.03855752572417259	0.21544191241264343	0.3784710168838501	0.13055801391601562
5	0.03797084838151932	0.21569432318210602	0.3926355838775635	0.15032859146595
6	0.03794677555561066	0.2159147411584854	0.40398576855659485	0.16983185708522797
7	0.037853505462408066	0.2145533561706543	0.4150855839252472	0.18861469626426697
8	0.037415578961372375	0.21191580593585968	0.42314213514328003	0.20620791614055634
9	0.03663283959031105	0.20930823683738708	0.4263272285461426	0.22224284708499908
10	0.03638078644871712	0.20658139884471893	0.4264167547225952	0.23691238462924957
11	0.03614309802651405	0.20376035571098328	0.42632272839546204	0.2505664825439453
12	0.03582099452614784	0.20107010006904602	0.4277499318122864	0.26314011216163635
13	0.03531285747885704	0.1988757699728012	0.4322110712528229	0.27450355887413025
14	0.03516661748290062	0.1974298059940338	0.4387795329093933	0.2848111391067505
15	0.03463537618517876	0.19676339626312256	0.4460798501968384	0.2940487563610077
16	0.03463905677199364	0.19662798941135406	0.45294925570487976	0.3023432493209839
17	0.0343785285949707	0.1964075118303299	0.45903250575065613	0.30983713269233704
18	0.034122806042432785	0.19611044228076935	0.4644510746002197	0.3166847229003906
19	0.03403371199965477	0.1955854594707489	0.4691939651966095	0.3230985999107361
20	0.03378516063094139	0.1950060874223709	0.4735496938228607	0.32909730076789856
21	0.033520426601171494	0.19451622664928436	0.47841450572013855	0.33474475145339966
22	0.033433947712183	0.19414399564266205	0.4844752848148346	0.3399902880191803
23	0.033178139477968216	0.19405300915241241	0.4906514585018158	0.3449278175830841
24	0.03319080173969269	0.1941334307193756	0.4972435235977173	0.3495461940765381
25	0.03282623738050461	0.19405189156532288	0.5039402842521667	0.35397058725357056
26	0.03271646425127983	0.1935899257659912	0.5107455849647522	0.3582560122013092
27	0.0324910469353199	0.1928861439228058	0.5171006321907043	0.3625592887401581
28	0.032473739236593246	0.1918928325176239	0.5223067402839661	0.366841584444046
29	0.03213987499475479	0.19076552987098694	0.5267327427864075	0.3710891604423523
30	0.03224066644906998	0.18973161280155182	0.5303145051002502	0.37533771991729736
31	0.031825724989175797	0.18892595171928406	0.533486008644104	0.3795340657234192
32	0.03185325860977173	0.18830430507659912	0.5364786982536316	0.3836917579174042
33	0.03167005255818367	0.18768325448036194	0.5392135381698608	0.3878874182701111
34	0.03168556094169617	0.18704144656658173	0.5423933863639832	0.3920591175556183
35	0.031424958258867264	0.1864527314901352	0.5461701154708862	0.3961012363433838
36	0.03126021847128868	0.18607470393180847	0.5500109195709229	0.4000726640224457
37	0.03104194439947605	0.1860256940126419	0.5534701943397522	0.4039652347564697
38	0.0308670811355114	0.18608468770980835	0.55665522813797	0.4076390862464905
39	0.030923405662178993	0.18592044711112976	0.5593496561050415	0.41135337948799133
40	0.030832819640636444	0.18549887835979462	0.5622079372406006	0.41499942541122437
41	0.030652102082967758	0.18504449725151062	0.5647657513618469	0.4185335636138916
42	0.03065096214413643	0.18447479605674744	0.5676960945129395	0.42195162177085876
43	0.030630366876721382	0.184035062789917	0.571236789226532	0.4251402020454407
44	0.030347738415002823	0.18370971083641052	0.5748167634010315	0.42823708057403564
45	0.030318014323711395	0.18361952900886536	0.577889084815979	0.43125438690185547
46	0.030132293701171875	0.18352536857128143	0.580991268157959	0.43421050906181335
47	0.029910532757639885	0.18345043063163757	0.5838839411735535	0.4370167553424835
48	0.029778754338622093	0.18312092125415802	0.5872258543968201	0.43976351618766785
49	0.029626362025737762	0.18269838392734528	0.5903891921043396	0.44253548979759216
50	0.029553821310400963	0.18237902224063873	0.5936499238014221	0.4452599287033081
51	0.029580863192677498	0.1821972131729126	0.5962195992469788	0.4476339519023895
52	0.029582999646663666	0.18216094374656677	0.5977495908737183	0.4499625563621521
53	0.02916177548468113	0.18192291259765625	0.5996025800704956	0.4525274634361267
54	0.029266254976391792	0.18125061690807343	0.6025282144546509	0.4554312229156494
55	0.02910361811518669	0.18055976927280426	0.6061685681343079	0.45852524042129517
56	0.029000766575336456	0.1800662726163864	0.6094455122947693	0.4616988003253937
57	0.02887560799717903	0.1799135059118271	0.6121641397476196	0.46480658650398254
58	0.02870490774512291	0.18005234003067017	0.6141337752342224	0.46780702471733093
59	0.02867126651108265	0.18008792400360107	0.6159258484840393	0.4707515835762024
60	0.028563130646944046	0.1799488365650177	0.6174201965332031	0.47369250655174255
61	0.02848215401172638	0.1794160008430481	0.6199166774749756	0.4765729010105133
62	0.028168480843305588	0.17878292500972748	0.6225153803825378	0.4794718623161316
63	0.02825484424829483	0.17823141813278198	0.6251637935638428	0.48242899775505066
64	0.02812783047556877	0.17797744274139404	0.6275589466094971	0.48523586988449097
65	0.027956165373325348	0.17782704532146454	0.629742443561554	0.4879648685455322
66	0.027982939034700394	0.17762091755867004	0.6318646669387817	0.4903939366340637
67	0.027874285355210304	0.17736709117889404	0.6340649127960205	0.49268507957458496
68	0.02779700607061386	0.17704442143440247	0.6364489197731018	0.4950672388076782
69	0.027707889676094055	0.1767253875732422	0.6392266750335693	0.49731433391571045
70	0.027752643451094627	0.1763584315776825	0.6418474912643433	0.4994949698448181
71	0.027617279440164566	0.1758311241865158	0.6449102759361267	0.501807451248169
72	0.027497900649905205	0.1752847135066986	0.6472712159156799	0.5041007399559021
73	0.027365878224372864	0.1748565286397934	0.6488609910011292	0.5064026713371277
74	0.027120554819703102	0.17464374005794525	0.6499410271644592	0.5087039470672607
75	0.02728085219860077	0.17455743253231049	0.6512386798858643	0.5109217762947083
76	0.027087237685918808	0.174270361661911	0.6533191800117493	0.513164222240448
77	0.026953253895044327	0.1741531640291214	0.6548056602478027	0.515254020690918
78	0.02661743015050888	0.1739913672208786	0.6563849449157715	0.5174826383590698
79	0.026791466400027275	0.17372174561023712	0.6579684615135193	0.5198190808296204
80	0.02666805498301983	0.17333640158176422	0.6602679491043091	0.5222650170326233
81	0.026485132053494453	0.17287230491638184	0.6621038317680359	0.5245355367660522
82	0.02648496814072132	0.172517791390419	0.6628572344779968	0.5265215039253235
83	0.02635771781206131	0.17231962084770203	0.6633309721946716	0.5284697413444519
84	0.026183148846030235	0.17207644879817963	0.6646164655685425	0.530651867389679
85	0.026377715170383453	0.17184844613075256	0.6671611666679382	0.5328768491744995
86	0.026075784116983414	0.17146578431129456	0.669950544834137	0.5353396534919739
87	0.02597583644092083	0.17105633020401	0.6717483997344971	0.5377396941184998
88	0.026067789644002914	0.1704978048801422	0.673814058303833	0.5401121377944946
89	0.02573450841009617	0.1703018993139267	0.6746156215667725	0.5420937538146973
90	0.02588183991611004	0.17044733464717865	0.6750907897949219	0.5436113476753235
91	0.025505589321255684	0.17038099467754364	0.676207959651947	0.5453822612762451
92	0.02545754611492157	0.16998760402202606	0.6783014535903931	0.5474411845207214
93	0.02530716173350811	0.16965875029563904	0.679938793182373	0.5492362976074219
94	0.02536025270819664	0.16935467720031738	0.6810368299484253	0.5505117774009705
95	0.025319315493106842	0.1693362593650818	0.6809751987457275	0.5515334606170654
96	0.025089159607887268	0.169231116771698	0.6822379231452942	0.5527886152267456
97	0.024905648082494736	0.16881799697875977	0.6846482157707214	0.5545489192008972
98	0.024825572967529297	0.16847750544548035	0.6864011287689209	0.5563327074050903
99	0.02469378523528576	0.16832216084003448	0.6870872974395752	0.5574421286582947
100	0.02462969906628132	0.1682494729757309	0.6874486804008484	0.5582797527313232
101	0.02473095990717411	0.16834332048892975	0.6874313354492188	0.5589881539344788
102	0.024472657591104507	0.16845069825649261	0.6876800656318665	0.5600563883781433
103	0.024343278259038925	0.16828899085521698	0.6892015337944031	0.5616330504417419
104	0.024410564452409744	0.16804318130016327	0.6911096572875977	0.5631722211837769
105	0.02434634044766426	0.1675720363855362	0.6935380101203918	0.5646448135375977
106	0.024176374077796936	0.1673555225133896	0.6952012181282043	0.5659210085868835
107	0.024293430149555206	0.16725976765155792	0.6957765221595764	0.5671194791793823
108	0.024046335369348526	0.16713696718215942	0.6961442232131958	0.5686022043228149
109	0.023894062265753746	0.16713270545005798	0.6968492865562439	0.5702852010726929
110	0.023921648040413857	0.16679158806800842	0.6988272666931152	0.5724003314971924
111	0.02358854003250599	0.16653092205524445	0.700435996055603	0.5741170644760132
112	0.02384200505912304	0.16610033810138702	0.701395571231842	0.5755073428153992
113	0.02364407666027546	0.1658216416835785	0.7011833786964417	0.5764925479888916
114	0.023640941828489304	0.16577431559562683	0.7009847164154053	0.5777144432067871
115	0.023331981152296066	0.16543202102184296	0.702545702457428	0.5795068144798279
116	0.023539168760180473	0.16524581611156464	0.7041547894477844	0.5812532901763916
117	0.023384399712085724	0.16497650742530823	0.7058967351913452	0.5829272866249084
118	0.023232005536556244	0.16470560431480408	0.7070275545120239	0.5845854878425598
119	0.02323107421398163	0.16447317600250244	0.70767742395401	0.5860000252723694
120	0.022975057363510132	0.1643383502960205	0.7081712484359741	0.5871848464012146
121	0.022898714989423752	0.1643153429031372	0.7086125016212463	0.5881463289260864
122	0.02315504662692547	0.1638690084218979	0.7110800743103027	0.5895112156867981
123	0.02313513495028019	0.16337813436985016	0.7128982543945312	0.5911371111869812
124	0.02258925326168537	0.16347482800483704	0.7127154469490051	0.5924835205078125
125	0.02260986529290676	0.16376635432243347	0.7119329571723938	0.5934496521949768
126	0.022695230320096016	0.16372250020503998	0.712162971496582	0.5944174528121948
127	0.02245481312274933	0.16297973692417145	0.7147700786590576	0.5957515835762024
128	0.022698063403367996	0.1622607707977295	0.7174913883209229	0.5972527265548706
129	0.02225358411669731	0.16206490993499756	0.7185048460960388	0.5987293720245361
130	0.022181740030646324	0.16261383891105652	0.7171810865402222	0.5997648239135742
131	0.022205714136362076	0.16296832263469696	0.7167937159538269	0.6006032824516296
132	0.022252174094319344	0.1620790809392929	0.7201892733573914	0.6019453406333923
133	0.022157099097967148	0.16111017763614655	0.7232973575592041	0.603317379951477
134	0.021991755813360214	0.16087153553962708	0.7240574955940247	0.6043063402175903
135	0.022102000191807747	0.1608733981847763	0.7236843705177307	0.6051766872406006
136	0.02159830369055271	0.1610509604215622	0.7233154773712158	0.6060534119606018
137	0.0217951238155365	0.16164396703243256	0.7223234176635742	0.606397271156311
138	0.0220083799213171	0.16154363751411438	0.7238214612007141	0.6071579456329346
139	0.021586481481790543	0.16110095381736755	0.7257635593414307	0.6080958247184753
140	0.021396994590759277	0.16070954501628876	0.7272998690605164	0.6091251373291016
141	0.021718531847000122	0.16012103855609894	0.7286924123764038	0.6099667549133301
142	0.02159089781343937	0.1598416417837143	0.7290172576904297	0.6107355356216431
143	0.021520966663956642	0.15994200110435486	0.7290679216384888	0.6115442514419556
144	0.02121811918914318	0.16020499169826508	0.7287107706069946	0.6121001243591309
145	0.021254710853099823	0.16022786498069763	0.7289864420890808	0.6129163503646851
146	0.021145256236195564	0.15978993475437164	0.7306931614875793	0.6141039133071899
147	0.02106139436364174	0.15946242213249207	0.7318001389503479	0.6151642203330994
148	0.021131470799446106	0.15920400619506836	0.7323492169380188	0.6161059737205505
149	0.021114960312843323	0.1595059633255005	0.7311491966247559	0.6168507933616638
150	0.02103334665298462	0.15956281125545502	0.7316519618034363	0.6177419424057007
151	0.02083810232579708	0.1590580940246582	0.734005331993103	0.6189633011817932
152	0.021097784861922264	0.15864071249961853	0.7356228232383728	0.6198774576187134
153	0.020794188603758812	0.15864567458629608	0.735637366771698	0.6203447580337524
154	0.020666202530264854	0.1587335616350174	0.7353156805038452	0.6209033727645874
155	0.020747341215610504	0.15853798389434814	0.7361246943473816	0.6216959953308105
156	0.020557288080453873	0.15815012156963348	0.7379996180534363	0.6226427555084229
157	0.02056637965142727	0.15815232694149017	0.7386658191680908	0.6233320832252502
158	0.020457163453102112	0.1579875499010086	0.7393067479133606	0.6242800354957581
159	0.020333820953965187	0.1580570936203003	0.7391077280044556	0.6248544454574585
160	0.020388823002576828	0.15827256441116333	0.7387641668319702	0.6253620982170105
161	0.02008681930601597	0.15806061029434204	0.7400113940238953	0.6260359287261963
162	0.020244546234607697	0.15768758952617645	0.7417543530464172	0.626873254776001
163	0.020212609320878983	0.1576153188943863	0.7426915168762207	0.6278529167175293
164	0.020031506195664406	0.15749770402908325	0.7432206869125366	0.6290304660797119
165	0.020023642107844353	0.15717099606990814	0.7440357804298401	0.630132257938385
166	0.01983829401433468	0.15706424415111542	0.7446876168251038	0.6310802102088928
167	0.019881242886185646	0.15711694955825806	0.7452943921089172	0.6316003203392029
168	0.02004150301218033	0.1567792296409607	0.7471784353256226	0.6323662996292114
169	0.019757134839892387	0.15656179189682007	0.7483483552932739	0.6332939267158508
170	0.019733861088752747	0.15646827220916748	0.7487358450889587	0.634138822555542
171	0.01959558203816414	0.156667098402977	0.7482374906539917	0.6347553133964539
172	0.019634060561656952	0.15706947445869446	0.7473329305648804	0.6348981857299805
173	0.019590601325035095	0.157082661986351	0.7479305267333984	0.6351235508918762
174	0.01939173974096775	0.1562478393316269	0.7503969669342041	0.6358873844146729
175	0.019317850470542908	0.15611986815929413	0.7506095170974731	0.6366837620735168
176	0.01939806155860424	0.1559857279062271	0.7511492371559143	0.6377459764480591
177	0.01918124593794346	0.156721830368042	0.7494598031044006	0.6383140683174133
178	0.019364839419722557	0.15630720555782318	0.7511657476425171	0.6391199827194214
179	0.01908324472606182	0.15583734214305878	0.7529962658882141	0.6396759152412415
180	0.019178912043571472	0.15557901561260223	0.7537614703178406	0.6401463150978088
181	0.01916990429162979	0.15562373399734497	0.7539612650871277	0.6402384042739868
182	0.0189717635512352	0.1558026224374771	0.753770112991333	0.6407598853111267
183	0.01892109028995037	0.15547189116477966	0.7548249959945679	0.6417089104652405
184	0.018864745274186134	0.1555788516998291	0.7549735903739929	0.6428309679031372
185	0.018741246312856674	0.15567076206207275	0.7550891041755676	0.6439163088798523
186	0.018809303641319275	0.15557123720645905	0.7555069923400879	0.64483642578125
187	0.018634185194969177	0.15536335110664368	0.7562859058380127	0.6455472707748413
188	0.018779989331960678	0.15475168824195862	0.7576756477355957	0.6457368731498718
189	0.018500858917832375	0.1543448567390442	0.7584731578826904	0.645867109298706
190	0.018602566793560982	0.15440423786640167	0.7587102651596069	0.6461997628211975
191	0.018734479323029518	0.1547868400812149	0.7583805918693542	0.6468444466590881
192	0.0184789951890707	0.154415100812912	0.7595030665397644	0.6477087736129761
193	0.01839371584355831	0.15390530228614807	0.7610385417938232	0.6486361622810364
194	0.01831890270113945	0.15387733280658722	0.7615916132926941	0.64908766746521
195	0.018297189846634865	0.15402686595916748	0.7613402605056763	0.6493191123008728
196	0.018066711723804474	0.1540936976671219	0.7613136172294617	0.6493899822235107
197	0.018195057287812233	0.1541321873664856	0.7611882090568542	0.6495577096939087
198	0.018312880769371986	0.15399107336997986	0.761626660823822	0.6495710015296936
199	0.017992384731769562	0.15408138930797577	0.7612568140029907	0.6495147347450256
200	0.01805093139410019	0.15427888929843903	0.7606446146965027	0.649705708026886
201	0.018340691924095154	0.1542138159275055	0.7607170939445496	0.6502736806869507
202	0.017860131338238716	0.15407991409301758	0.7612335681915283	0.6507970094680786
203	0.01786923035979271	0.1538313627243042	0.7623037099838257	0.6513638496398926
204	0.017480215057730675	0.15419314801692963	0.7618853449821472	0.6517536044120789
205	0.017811737954616547	0.15397842228412628	0.7622698545455933	0.6522608995437622
206	0.017693106085062027	0.1538519561290741	0.7626640796661377	0.6528815627098083
207	0.018071549013257027	0.15340237319469452	0.7634648084640503	0.6533445715904236
208	0.01748003624379635	0.15350930392742157	0.7631374597549438	0.6534320712089539
209	0.01774812862277031	0.15339034795761108	0.7637420296669006	0.6539652347564697
210	0.017604663968086243	0.1529628187417984	0.7654343843460083	0.6549046039581299
211	0.017547769472002983	0.15282239019870758	0.7661079168319702	0.6553152203559875
212	0.017582984641194344	0.1527034342288971	0.766448438167572	0.6558055281639099
213	0.017517181113362312	0.1529047191143036	0.7658481001853943	0.6565865278244019
214	0.017357444390654564	0.15305116772651672	0.765127956867218	0.6572249531745911
215	0.017436718568205833	0.1528358906507492	0.7654285430908203	0.6576783061027527
216	0.017240511253476143	0.15253721177577972	0.7669099569320679	0.65799880027771
217	0.017192989587783813	0.1526266634464264	0.7673905491828918	0.6581459045410156
218	0.017234738916158676	0.1529422402381897	0.7669076323509216	0.6584029793739319
219	0.017013520002365112	0.15310069918632507	0.7671911716461182	0.658790111541748
220	0.017107434570789337	0.15242691338062286	0.7692642211914062	0.6598108410835266
221	0.017041154205799103	0.15204870700836182	0.7702645659446716	0.6607463359832764
222	0.01696385256946087	0.1520022451877594	0.7707792520523071	0.6614777445793152
223	0.016897056251764297	0.1521277129650116	0.7706321477890015	0.6616034507751465
224	0.017080560326576233	0.15217380225658417	0.7701905965805054	0.6612663269042969
225	0.01663598045706749	0.15212470293045044	0.7695144414901733	0.6609266996383667
226	0.01679101586341858	0.15200717747211456	0.7692723274230957	0.66111159324646
227	0.01678597368299961	0.1518372744321823	0.769898533821106	0.6618266105651855
228	0.016534963622689247	0.15170139074325562	0.77082359790802	0.662479817867279
229	0.016561318188905716	0.1518031507730484	0.7709125876426697	0.6626827120780945
230	0.016680482774972916	0.15180771052837372	0.7704891562461853	0.6625345349311829
231	0.01667000539600849	0.15169565379619598	0.7703419327735901	0.6626570820808411
232	0.016379116103053093	0.1513076275587082	0.7709935903549194	0.6631481647491455
233	0.016577409580349922	0.15113990008831024	0.7712987065315247	0.6637976169586182
234	0.016548043116927147	0.15109692513942719	0.7722959518432617	0.6645854115486145
235	0.016274627298116684	0.15133239328861237	0.7729749083518982	0.6653273105621338
236	0.01629246585071087	0.15189875662326813	0.7725651860237122	0.6656608581542969
237	0.016142571344971657	0.15207193791866302	0.7720246315002441	0.6658142805099487
238	0.016226736828684807	0.15194526314735413	0.7714235186576843	0.6658905744552612
239	0.01599603332579136	0.15133818984031677	0.7725315690040588	0.6663137078285217
240	0.016167953610420227	0.1509266197681427	0.7736032009124756	0.6667594313621521
241	0.016154436394572258	0.1507890671491623	0.7746162414550781	0.6671721935272217
242	0.016038857400417328	0.1509976089000702	0.7750453948974609	0.6678358316421509
243	0.01581178978085518	0.15142031013965607	0.775095522403717	0.6686423420906067
244	0.016222093254327774	0.15127448737621307	0.775741457939148	0.6692324876785278
245	0.01572429947555065	0.15059418976306915	0.7769360542297363	0.669725239276886
246	0.01591382920742035	0.15014997124671936	0.7774567008018494	0.6700572967529297
247	0.015646252781152725	0.15008939802646637	0.777581512928009	0.6707078218460083
248	0.01571861281991005	0.15074805915355682	0.7761505246162415	0.6713406443595886
249	0.01565435901284218	0.15095432102680206	0.7764301300048828	0.6714388132095337
250	0.015659358352422714	0.15099765360355377	0.7766676545143127	0.6709798574447632
251	0.015683164820075035	0.15088233351707458	0.7770034074783325	0.6707704067230225
252	0.015659037977457047	0.15086092054843903	0.7766993045806885	0.6704446077346802
253	0.01551599521189928	0.15132319927215576	0.7752813100814819	0.6698530912399292
254	0.01539826299995184	0.15144440531730652	0.7747575044631958	0.6695576310157776
255	0.015615018084645271	0.1514379233121872	0.7748936414718628	0.6695095896720886
256	0.015451500192284584	0.15128245949745178	0.7755555510520935	0.669866681098938
257	0.01531931385397911	0.15105074644088745	0.7764866948127747	0.6706478595733643
258	0.015530039556324482	0.1510756015777588	0.7758286595344543	0.6711148023605347
259	0.015131274238228798	0.15097679197788239	0.7757357954978943	0.6716795563697815
260	0.01552980113774538	0.1506776064634323	0.7763535380363464	0.6719978451728821
261	0.015207787044346333	0.15077318251132965	0.776377260684967	0.6721709966659546
262	0.015112335793673992	0.15087498724460602	0.7767823934555054	0.6725682616233826
263	0.015252117067575455	0.15082626044750214	0.7773253321647644	0.6731646060943604
264	0.01495102234184742	0.15067650377750397	0.7776617407798767	0.6735566258430481
265	0.015285211615264416	0.15041010081768036	0.7780930399894714	0.6740090250968933
266	0.015296083875000477	0.15043628215789795	0.7775053977966309	0.6741894483566284
267	0.01512925699353218	0.15066169202327728	0.7770645618438721	0.6742286086082458
268	0.01474097091704607	0.15088555216789246	0.7768890857696533	0.6741768717765808
269	0.015062646940350533	0.15077820420265198	0.7778244018554688	0.6744611859321594
270	0.014934800565242767	0.1507551223039627	0.7780713438987732	0.6744685769081116
271	0.01489236019551754	0.15063315629959106	0.7783355116844177	0.6747526526451111
272	0.014864660799503326	0.1506638377904892	0.7778971195220947	0.674908459186554
273	0.015055901370942593	0.1504986584186554	0.7779115438461304	0.6752656698226929
274	0.014795726165175438	0.15028166770935059	0.7785106897354126	0.6756750345230103
275	0.014697722159326077	0.15006333589553833	0.7791233658790588	0.6762430667877197
276	0.014530758373439312	0.14983460307121277	0.7798437476158142	0.6773821711540222
277	0.014621764421463013	0.1494765430688858	0.7806112766265869	0.6784165501594543
278	0.014590918086469173	0.14912012219429016	0.7814911007881165	0.6792775392532349
279	0.014384995214641094	0.14914560317993164	0.781257688999176	0.6796392202377319
280	0.014507344923913479	0.14908663928508759	0.7809237837791443	0.6801109313964844
281	0.014575570821762085	0.14913462102413177	0.7810046076774597	0.6804558634757996
282	0.014462120831012726	0.14902125298976898	0.7818298935890198	0.6807715892791748
283	0.014465831220149994	0.14908437430858612	0.7823523879051208	0.6806591749191284
284	0.014424288645386696	0.14904294908046722	0.7823825478553772	0.6804799437522888
285	0.014237441122531891	0.14910180866718292	0.7816283106803894	0.680060625076294
286	0.01436423510313034	0.14949193596839905	0.7806324362754822	0.6793274283409119
287	0.014206538908183575	0.1499844491481781	0.7800511121749878	0.6788265705108643
288	0.014372434467077255	0.149888813495636	0.7811590433120728	0.6788069009780884
289	0.014118300750851631	0.14974337816238403	0.7816024422645569	0.6787499189376831
290	0.014134868048131466	0.14937585592269897	0.7819984555244446	0.678914487361908
291	0.014145352877676487	0.14894218742847443	0.7823447585105896	0.6793287992477417
292	0.014125937595963478	0.1489613950252533	0.7819752097129822	0.6796948313713074
293	0.014064607210457325	0.149176687002182	0.7815753221511841	0.6801653504371643
294	0.01403590478003025	0.14923329651355743	0.7819873690605164	0.6805394887924194
295	0.014055861160159111	0.14892181754112244	0.7832497954368591	0.6804916262626648
296	0.01403194759041071	0.14908920228481293	0.7830846905708313	0.6800040602684021
297	0.013925320468842983	0.1491263508796692	0.7825428247451782	0.6799599528312683
298	0.013984662480652332	0.1494811773300171	0.7808053493499756	0.6796016097068787
299	0.01401008851826191	0.14985574781894684	0.7801432013511658	0.6790128350257874
300	0.014142638072371483	0.15020211040973663	0.7805871963500977	0.6786947846412659
301	0.013688329607248306	0.15038995444774628	0.7813326716423035	0.6788220405578613
302	0.013770639896392822	0.15030895173549652	0.782107412815094	0.6792144775390625
303	0.013643925078213215	0.14991533756256104	0.7826086282730103	0.6800846457481384
304	0.013856646604835987	0.149526908993721	0.7828602194786072	0.6809087991714478
305	0.013655008748173714	0.14945441484451294	0.7826871275901794	0.6815675497055054
306	0.01359737291932106	0.1492592990398407	0.7829330563545227	0.682354211807251
307	0.013521303422749043	0.14926114678382874	0.7830901145935059	0.6827649474143982
308	0.013630700297653675	0.14938437938690186	0.7828012704849243	0.6827820539474487
309	0.013601620681583881	0.14938269555568695	0.7824785709381104	0.6828311085700989
310	0.013492537662386894	0.1492675542831421	0.782774031162262	0.6828896999359131
311	0.013575436547398567	0.1492900848388672	0.7826390862464905	0.6827120780944824
312	0.01358862966299057	0.14920327067375183	0.7824983596801758	0.6823861002922058
313	0.013690810650587082	0.14897167682647705	0.782744288444519	0.6818168759346008
314	0.013234934769570827	0.14902734756469727	0.7828747034072876	0.6811035871505737
315	0.013299494050443172	0.14900963008403778	0.7831460237503052	0.6809409856796265
316	0.013379535637795925	0.14929082989692688	0.7828225493431091	0.6809803247451782
317	0.013315473683178425	0.14915333688259125	0.7828608751296997	0.6807969808578491
318	0.013147306628525257	0.14907357096672058	0.7820785045623779	0.6807259321212769
319	0.013422620482742786	0.14883637428283691	0.7823166847229004	0.6814500093460083
320	0.013421328738331795	0.14853531122207642	0.7834675908088684	0.6823112964630127
321	0.013242317363619804	0.14865180850028992	0.7840057611465454	0.6826143860816956
322	0.013371650129556656	0.14898942410945892	0.7837615013122559	0.6826167702674866
323	0.01314882468432188	0.14912447333335876	0.7832624912261963	0.6827060580253601
324	0.013214044272899628	0.14895792305469513	0.7830401659011841	0.6828485131263733
325	0.013235673308372498	0.14864236116409302	0.7833553552627563	0.6828736066818237
326	0.01311939861625433	0.14843113720417023	0.7840708494186401	0.6825466156005859
327	0.013125589117407799	0.14848527312278748	0.7842532396316528	0.6820270419120789
328	0.013210338540375233	0.14879187941551208	0.7834417223930359	0.6813506484031677
329	0.012877043336629868	0.14898888766765594	0.7824327945709229	0.6812211871147156
330	0.012924221344292164	0.14921629428863525	0.7813491225242615	0.681455135345459
331	0.013061098754405975	0.1492907702922821	0.7817424535751343	0.6818934082984924
332	0.012836153618991375	0.14943012595176697	0.7824462652206421	0.682492196559906
333	0.012979722581803799	0.14941318333148956	0.7828523516654968	0.6828375458717346
334	0.013102314434945583	0.149162158370018	0.7833147048950195	0.6833171844482422
335	0.012631001882255077	0.14930744469165802	0.7823636531829834	0.6832952499389648
336	0.012843591161072254	0.14909471571445465	0.7822924256324768	0.6829583048820496
337	0.012689957395195961	0.1490854173898697	0.7824156284332275	0.682503879070282
338	0.012982338666915894	0.14921987056732178	0.7822439074516296	0.6822136044502258
339	0.01274730172008276	0.14895175397396088	0.7831382155418396	0.6826447248458862
340	0.01289054099470377	0.14897949993610382	0.7827429175376892	0.6831772327423096
341	0.012815267778933048	0.148866668343544	0.782682478427887	0.6832479238510132
342	0.012664622627198696	0.14875976741313934	0.7830811142921448	0.682712197303772
343	0.012510654516518116	0.1486116647720337	0.7836080193519592	0.6829310059547424
344	0.01267919223755598	0.14858268201351166	0.7830168008804321	0.6835522055625916
345	0.012911052443087101	0.14852891862392426	0.7824652791023254	0.6843769550323486
346	0.012671961449086666	0.14855138957500458	0.7827023863792419	0.6848098635673523
347	0.012584459967911243	0.148513525724411	0.7837008237838745	0.6850906610488892
348	0.012675446458160877	0.148344025015831	0.7843416929244995	0.6854797601699829
349	0.012513669207692146	0.14818763732910156	0.7844364047050476	0.6855728030204773
350	0.012394795194268227	0.1482696831226349	0.7837267518043518	0.6853862404823303
351	0.012647416442632675	0.1484420746564865	0.7831976413726807	0.6846543550491333
352	0.012572894804179668	0.14894899725914001	0.7820186614990234	0.6840330362319946
353	0.01240597851574421	0.14888159930706024	0.7823643088340759	0.6844102740287781
354	0.012315064668655396	0.14870280027389526	0.7831226587295532	0.6847262978553772
355	0.012237771414220333	0.1486470103263855	0.7836787104606628	0.6847604513168335
356	0.012317306362092495	0.14861468970775604	0.7838336825370789	0.6845560669898987
357	0.012284387834370136	0.1488707810640335	0.7830096483230591	0.6842590570449829
358	0.012223776429891586	0.1490204930305481	0.7821060419082642	0.6847023367881775
359	0.012342151254415512	0.14897263050079346	0.7826784253120422	0.6857339143753052
360	0.012213057838380337	0.1489717662334442	0.7836260199546814	0.6862606406211853
361	0.012204422615468502	0.14863580465316772	0.7847620248794556	0.686703622341156
362	0.012292549945414066	0.1483093947172165	0.7850937247276306	0.6866668462753296
363	0.012280651368200779	0.14807334542274475	0.7846184968948364	0.6867314577102661
364	0.012015716172754765	0.1481441855430603	0.7836920619010925	0.6868382096290588
365	0.012031571939587593	0.14818765223026276	0.7837775945663452	0.6870377659797668
366	0.012016037479043007	0.1480621099472046	0.7854974865913391	0.6872319579124451
367	0.01226244866847992	0.14801906049251556	0.7865475416183472	0.6869731545448303
368	0.012092127464711666	0.1480974555015564	0.7864987850189209	0.6865594983100891
369	0.012072568759322166	0.14826717972755432	0.7861287593841553	0.6860501170158386
370	0.011906812898814678	0.14857879281044006	0.7854116559028625	0.6856427788734436
371	0.012125223875045776	0.14911052584648132	0.7842118144035339	0.6851772665977478
372	0.01185888797044754	0.14927461743354797	0.7835335731506348	0.685164749622345
373	0.011804408393800259	0.14922843873500824	0.7836092114448547	0.685678243637085
374	0.011887963861227036	0.14909707009792328	0.7840198874473572	0.6861152052879333
375	0.011833935044705868	0.1491490602493286	0.783946692943573	0.6860353350639343
376	0.01186993159353733	0.14885318279266357	0.7846822142601013	0.6863449811935425
377	0.011822930537164211	0.1486651599407196	0.7849498987197876	0.6866652965545654
378	0.011966210789978504	0.148785799741745	0.7842473387718201	0.6862287521362305
379	0.011879099532961845	0.1488759070634842	0.7839633822441101	0.6858355402946472
380	0.011901173740625381	0.1488424390554428	0.7842922806739807	0.6854849457740784
381	0.011750563979148865	0.148763045668602	0.784578800201416	0.685389518737793
382	0.011791069060564041	0.1485009640455246	0.7845563888549805	0.6856106519699097
383	0.0118589848279953	0.14819876849651337	0.7843390107154846	0.6862655878067017
384	0.011854641139507294	0.14803637564182281	0.7845274806022644	0.6866829991340637
385	0.011499579064548016	0.14810296893119812	0.7848515510559082	0.6873899102210999
386	0.011753512546420097	0.14822804927825928	0.7850983142852783	0.6878628134727478
387	0.011691901832818985	0.1483175903558731	0.7857315540313721	0.6880618929862976
388	0.011688770726323128	0.1483735591173172	0.7852473855018616	0.6879614591598511
389	0.011497420258820057	0.14842134714126587	0.7843620777130127	0.6877475380897522
390	0.01150854304432869	0.14856450259685516	0.7837373614311218	0.687394380569458
391	0.011697539128363132	0.14866365492343903	0.7836716175079346	0.687262773513794
392	0.011511060409247875	0.1485033631324768	0.7842642664909363	0.6876146197319031
393	0.011307586915791035	0.14845095574855804	0.7849951982498169	0.6880092620849609
394	0.011834417469799519	0.1484196037054062	0.7856330275535583	0.6880544424057007
395	0.011325404979288578	0.14858907461166382	0.7855780124664307	0.6880072355270386
396	0.011349665001034737	0.14864307641983032	0.784761905670166	0.6883454918861389
397	0.011607588268816471	0.14860139787197113	0.7846911549568176	0.6886032223701477
398	0.011240607127547264	0.14843203127384186	0.7855446338653564	0.6887017488479614
399	0.011350741609930992	0.14857545495033264	0.7858494520187378	0.6883819103240967
400	0.011449120007455349	0.14872422814369202	0.786083996295929	0.6883434653282166
401	0.011405800469219685	0.1487034410238266	0.7862101793289185	0.6887064576148987
402	0.011240217834711075	0.1487112045288086	0.7857757806777954	0.688767671585083
403	0.01148721482604742	0.14848962426185608	0.786031186580658	0.6889262795448303
404	0.011297667399048805	0.1482534110546112	0.7864553332328796	0.6888526082038879
405	0.011424568481743336	0.14840441942214966	0.7861050963401794	0.6884051561355591
406	0.01116728875786066	0.1485358625650406	0.7856264114379883	0.6883087158203125
407	0.011005103588104248	0.14841800928115845	0.785686731338501	0.6884878277778625
408	0.011018076911568642	0.14837339520454407	0.7855678796768188	0.6885635852813721
409	0.011313037015497684	0.14849403500556946	0.7853575348854065	0.6884490847587585
410	0.010974380187690258	0.14853745698928833	0.7853285670280457	0.6886360049247742
411	0.011048599146306515	0.1482919603586197	0.7858776450157166	0.6890553832054138
412	0.011177850887179375	0.14813439548015594	0.7864093780517578	0.6893386840820312
413	0.010964476503431797	0.14791631698608398	0.7865533828735352	0.6897529363632202
414	0.010966921225190163	0.1479247361421585	0.785991907119751	0.6896541118621826
415	0.011005633510649204	0.1479666531085968	0.7856662273406982	0.6897771954536438
416	0.010975148528814316	0.14828196167945862	0.7849477529525757	0.6895929574966431
417	0.010928759351372719	0.1484302580356598	0.7851573824882507	0.6895126700401306
418	0.01102385576814413	0.14827118813991547	0.7857947945594788	0.6898624300956726
419	0.010963869281113148	0.1479726880788803	0.7865270972251892	0.6906639933586121
420	0.010928172618150711	0.14791885018348694	0.7865818738937378	0.6911323070526123
421	0.010977903380990028	0.14794301986694336	0.7865670919418335	0.6911970376968384
422	0.010841832496225834	0.14820842444896698	0.7856983542442322	0.6904312372207642
423	0.01096264272928238	0.1484324187040329	0.7850709557533264	0.689711332321167
424	0.010959669016301632	0.1484299600124359	0.7851513624191284	0.6892387866973877
425	0.010854354128241539	0.14855645596981049	0.784892201423645	0.6887239217758179
426	0.01081913523375988	0.14863532781600952	0.7851658463478088	0.6882516145706177
427	0.010605988092720509	0.14887318015098572	0.7850041389465332	0.6877548098564148
428	0.011015031486749649	0.14916777610778809	0.7841811180114746	0.6872642636299133
429	0.010769047774374485	0.14924921095371246	0.7836581468582153	0.6869456171989441
430	0.0108568724244833	0.1492028832435608	0.7837464213371277	0.6867526173591614
431	0.010533242486417294	0.1492415964603424	0.7843188643455505	0.6865447163581848
432	0.010690552182495594	0.1491554081439972	0.7848506569862366	0.6866246461868286
433	0.01083372626453638	0.1490306407213211	0.7849758863449097	0.6871089935302734
434	0.010749942623078823	0.14923450350761414	0.7841920852661133	0.6873602867126465
435	0.010735887102782726	0.1492440104484558	0.7844244241714478	0.6876530051231384
436	0.010759004391729832	0.14891977608203888	0.7856095433235168	0.6881127953529358
437	0.010686804540455341	0.14858891069889069	0.7867540717124939	0.6882294416427612
438	0.010620933026075363	0.14839929342269897	0.7871198654174805	0.6882094740867615
439	0.010659133084118366	0.14822125434875488	0.7869807481765747	0.6884346008300781
440	0.010537376627326012	0.14817209541797638	0.7868421673774719	0.688668429851532
441	0.01056327112019062	0.1483123004436493	0.7867433428764343	0.6883870363235474
442	0.01047621201723814	0.14844073355197906	0.7865706086158752	0.6882005929946899
443	0.010706574656069279	0.1487511396408081	0.7860099673271179	0.6880539655685425
444	0.01038164459168911	0.14901858568191528	0.7856054902076721	0.6878279447555542
445	0.010591565631330013	0.14905233681201935	0.7853047847747803	0.6880903840065002
446	0.010338211432099342	0.14890414476394653	0.7845203280448914	0.6888003349304199
447	0.010321714915335178	0.1488117128610611	0.7837600111961365	0.6892191171646118
448	0.010513268411159515	0.1485908329486847	0.7843682765960693	0.689396321773529
449	0.010552354156970978	0.14829514920711517	0.7856311202049255	0.6892279982566833
450	0.01027930248528719	0.14827100932598114	0.786064088344574	0.6888846755027771
451	0.010176260955631733	0.1481238752603531	0.7863918542861938	0.689246416091919
452	0.010387388989329338	0.14811262488365173	0.7864412069320679	0.6893640160560608
453	0.010324696078896523	0.14829787611961365	0.7862415313720703	0.6889394521713257
454	0.010377774946391582	0.14851497113704681	0.78566575050354	0.6884638667106628
455	0.010258681140840054	0.14862112700939178	0.7852795124053955	0.6884825825691223
456	0.01039916556328535	0.1483837366104126	0.7855310440063477	0.6890897750854492
457	0.010237966664135456	0.14827567338943481	0.7854469418525696	0.6894444823265076
458	0.010344915091991425	0.14826512336730957	0.7854323983192444	0.6894317865371704
459	0.010251077823340893	0.14832350611686707	0.785162091255188	0.6892226338386536
460	0.010198498144745827	0.14858321845531464	0.7848250269889832	0.6885674595832825
461	0.010255953297019005	0.14864617586135864	0.7846508026123047	0.6883326768875122
462	0.010220729745924473	0.14852982759475708	0.7845527529716492	0.688446044921875
463	0.010217327624559402	0.14852941036224365	0.784069299697876	0.6883251070976257
464	0.010081542655825615	0.1486387997865677	0.783972978591919	0.6878954172134399
465	0.010275906883180141	0.1487305909395218	0.7841010093688965	0.6875655651092529
466	0.01021945383399725	0.1488608568906784	0.7837970852851868	0.6873967051506042
467	0.01017860509455204	0.14890477061271667	0.7838607430458069	0.6874391436576843
468	0.010036565363407135	0.148860901594162	0.7837520241737366	0.6881193518638611
469	0.010195969603955746	0.14892013370990753	0.7841790914535522	0.6880586743354797
470	0.010045470669865608	0.14907598495483398	0.7849335074424744	0.6877220273017883
471	0.010136706754565239	0.1491415947675705	0.7851596474647522	0.6876471042633057
472	0.010060430504381657	0.14905259013175964	0.7849794030189514	0.6877676248550415
473	0.010083046741783619	0.14899979531764984	0.7847317457199097	0.6877763867378235
474	0.009982844814658165	0.1491227149963379	0.7838537693023682	0.6875606179237366
475	0.010203009471297264	0.1492777019739151	0.7835613489151001	0.6872880458831787
476	0.009951282292604446	0.1495629847049713	0.7834897041320801	0.6869159936904907
477	0.010066022165119648	0.14958375692367554	0.7839932441711426	0.6869341135025024
478	0.009965738281607628	0.1494596302509308	0.7838717699050903	0.6870157718658447
479	0.009940780699253082	0.14953704178333282	0.7832692265510559	0.686964750289917
480	0.009873018600046635	0.14952382445335388	0.7834823131561279	0.6868144869804382
481	0.009868848137557507	0.1496128886938095	0.7834967970848083	0.6866539716720581
482	0.00973251648247242	0.14967897534370422	0.7835105061531067	0.6865718364715576
483	0.009844386950135231	0.1495288610458374	0.7837568521499634	0.6865918040275574
484	0.010004183277487755	0.14925023913383484	0.7843514680862427	0.6867754459381104
485	0.00977207813411951	0.14913752675056458	0.784948468208313	0.6869925856590271
486	0.009596316143870354	0.14929591119289398	0.7850353717803955	0.6868205666542053
487	0.00979576911777258	0.14943520724773407	0.7847906351089478	0.6870156526565552
488	0.009787684306502342	0.1493341326713562	0.7844365835189819	0.6874244809150696
489	0.009837436489760876	0.14930175244808197	0.7841445207595825	0.687546968460083
490	0.009791865013539791	0.14911319315433502	0.7845332026481628	0.6873207092285156
491	0.009791957214474678	0.14901885390281677	0.7855563759803772	0.6867699027061462
492	0.009736048988997936	0.14906668663024902	0.7855283617973328	0.6863055229187012
493	0.00978818628937006	0.14877165853977203	0.7853784561157227	0.6865975260734558
494	0.009779825806617737	0.14869330823421478	0.7845466732978821	0.6870089173316956
495	0.009824090637266636	0.14874419569969177	0.7840775847434998	0.6873318552970886
496	0.009498120285570621	0.14875410497188568	0.7845417261123657	0.6877275705337524
497	0.009623082354664803	0.1490361988544464	0.7846737504005432	0.6876237988471985
498	0.00959447119385004	0.14909961819648743	0.7851728200912476	0.6878183484077454
499	0.009599252603948116	0.1487903743982315	0.7861868143081665	0.6886330842971802
500	0.009573481045663357	0.14890128374099731	0.7854428291320801	0.6888784766197205
501	0.009650705382227898	0.14913488924503326	0.7845811247825623	0.6890830397605896
502	0.00977435614913702	0.1494244635105133	0.7841270565986633	0.688813328742981
503	0.009512302465736866	0.14961954951286316	0.7842061519622803	0.6883251667022705
504	0.009635294787585735	0.14950059354305267	0.7850958704948425	0.6880252361297607
505	0.009554915130138397	0.14928409457206726	0.7856737971305847	0.6883189678192139
506	0.009499366395175457	0.14933863282203674	0.7852099537849426	0.6881489753723145
507	0.009562496095895767	0.14945514500141144	0.7848836779594421	0.68795245885849
508	0.009489408694207668	0.14967016875743866	0.784206748008728	0.6871910095214844
509	0.009462396614253521	0.14970584213733673	0.7837569713592529	0.6868427991867065
510	0.009380094707012177	0.14942097663879395	0.7840447425842285	0.6872334480285645
511	0.009430518373847008	0.14928223192691803	0.7837245464324951	0.6872701644897461
512	0.009435153566300869	0.14927320182323456	0.7840506434440613	0.6872690320014954
513	0.009291989728808403	0.14941594004631042	0.7844786643981934	0.6871803998947144
514	0.009316091425716877	0.1496792733669281	0.7845069766044617	0.6870980858802795
515	0.009470551274716854	0.14958684146404266	0.7843965291976929	0.6872804164886475
516	0.009377813898026943	0.14930441975593567	0.7845742106437683	0.6878994703292847
517	0.00919727236032486	0.14927460253238678	0.7844024896621704	0.6882056593894958
518	0.009398075751960278	0.1494220495223999	0.7844770550727844	0.6881350874900818
519	0.009309466928243637	0.14976494014263153	0.7842087149620056	0.6871883273124695
520	0.009251079522073269	0.15005236864089966	0.783427894115448	0.6861664652824402
521	0.009311114437878132	0.14987704157829285	0.7826612591743469	0.6856852769851685
522	0.00933320913463831	0.14988236129283905	0.7815278172492981	0.68522047996521
523	0.00919811800122261	0.15006136894226074	0.7806790471076965	0.6848768591880798
524	0.0092555470764637	0.15039294958114624	0.7804087400436401	0.6844044327735901
525	0.009286964312195778	0.15063703060150146	0.7804068922996521	0.6840957999229431
526	0.009136554785072803	0.15054857730865479	0.7808716297149658	0.6843873858451843
527	0.009239496663212776	0.1502169519662857	0.7816787362098694	0.6851637959480286
528	0.00926224049180746	0.14989830553531647	0.782207190990448	0.6857233643531799
529	0.009322776459157467	0.1498444676399231	0.7824538946151733	0.6859658360481262
530	0.009103899821639061	0.14993055164813995	0.7825807332992554	0.6861145496368408
531	0.009005564264953136	0.1501326560974121	0.7820923328399658	0.6864849925041199
532	0.009169494733214378	0.1502518206834793	0.7816103100776672	0.6867795586585999
533	0.009137698449194431	0.1500721573829651	0.7816672325134277	0.687183678150177
534	0.009207496419548988	0.1498306840658188	0.7820929884910583	0.6869415640830994
535	0.009193425066769123	0.1497800052165985	0.7826470732688904	0.6864385008811951
536	0.009081522934138775	0.14994581043720245	0.7826271057128906	0.685685396194458
537	0.009192445315420628	0.1500099003314972	0.7824342846870422	0.6853166222572327
538	0.009149599820375443	0.14998814463615417	0.7820563316345215	0.6851761937141418
539	0.009172741323709488	0.15011896193027496	0.7816698551177979	0.685186505317688
540	0.008932257071137428	0.15014837682247162	0.7818974256515503	0.6849135160446167
541	0.009061486460268497	0.15023688971996307	0.7824357151985168	0.6843870878219604
542	0.008975503966212273	0.1505431830883026	0.7821328639984131	0.6838586926460266
543	0.009140376932919025	0.1504293829202652	0.7818947434425354	0.6840294003486633
544	0.009018613956868649	0.150128573179245	0.7819581031799316	0.6847653985023499
545	0.009090275503695011	0.1500549167394638	0.7818880081176758	0.6852430701255798
546	0.00896858423948288	0.1501472443342209	0.7819176316261292	0.685588538646698
547	0.009024792350828648	0.15026196837425232	0.7820404171943665	0.6860089898109436
548	0.008844886906445026	0.1501518189907074	0.7821266055107117	0.6866805553436279
549	0.008946148678660393	0.14999321103096008	0.7826188206672668	0.6871220469474792
550	0.008869701996445656	0.14986829459667206	0.7830507159233093	0.6875673532485962
551	0.009153620339930058	0.15003563463687897	0.7828891277313232	0.6877117156982422
552	0.008981169201433659	0.15013137459754944	0.7825515270233154	0.6877968311309814
553	0.008954063057899475	0.15032796561717987	0.7822073101997375	0.6874895691871643
554	0.008977670222520828	0.15040633082389832	0.7824108004570007	0.6870474815368652
555	0.009024602361023426	0.15029506385326385	0.7829409837722778	0.6869050860404968
556	0.008835102431476116	0.15008589625358582	0.7834753394126892	0.6868884563446045
557	0.00883503444492817	0.150037482380867	0.7832162380218506	0.6867469549179077
558	0.008925397880375385	0.14994049072265625	0.7832229733467102	0.6869564056396484
559	0.00883148331195116	0.1499146670103073	0.7837104797363281	0.6873775124549866
560	0.008814874105155468	0.1499345749616623	0.784117579460144	0.6876564025878906
561	0.008723942562937737	0.14971229434013367	0.7847576141357422	0.6879494786262512
562	0.008657308295369148	0.14941447973251343	0.7849950194358826	0.6881020665168762
563	0.008780911564826965	0.14923135936260223	0.7845852375030518	0.6879468560218811
564	0.008950477465987206	0.14923684298992157	0.7839985489845276	0.6876217126846313
565	0.008801623247563839	0.14969687163829803	0.7829244136810303	0.6868181824684143
566	0.00862323958426714	0.15010783076286316	0.7823057174682617	0.6862292885780334
567	0.008751544170081615	0.15024130046367645	0.7824009656906128	0.6858291625976562
568	0.008709756657481194	0.1502659022808075	0.7829469442367554	0.6858536601066589
569	0.0085574546828866	0.15030454099178314	0.7831565141677856	0.6856900453567505
570	0.008705973625183105	0.1503366380929947	0.7832162380218506	0.6851696372032166
571	0.008677685633301735	0.15038785338401794	0.782752513885498	0.6849344372749329
572	0.008725548163056374	0.1504371017217636	0.7820944786071777	0.6851726174354553
573	0.008536181412637234	0.15049409866333008	0.7819856405258179	0.6855728030204773
574	0.008693690411746502	0.1505902111530304	0.7825142741203308	0.6861494779586792
575	0.0085144666954875	0.15064328908920288	0.7837175726890564	0.6867970824241638
576	0.008695152588188648	0.15038003027439117	0.7844342589378357	0.6874319314956665
577	0.008564533665776253	0.15008856356143951	0.7844681739807129	0.6875742077827454
578	0.008578225038945675	0.14991240203380585	0.7838727831840515	0.6877102255821228
579	0.008754769340157509	0.14989741146564484	0.7832314968109131	0.6876844763755798
580	0.008394196629524231	0.15006501972675323	0.7829617261886597	0.6872029304504395
581	0.00852852500975132	0.150199756026268	0.7830816507339478	0.6868305802345276
582	0.008528554812073708	0.15038704872131348	0.7830781936645508	0.686445951461792
583	0.008551145903766155	0.15037763118743896	0.782524049282074	0.6859912276268005
584	0.008411919698119164	0.15032990276813507	0.7817098498344421	0.6856212615966797
585	0.008545080199837685	0.15031535923480988	0.7816650867462158	0.6855703592300415
586	0.008506923913955688	0.15032337605953217	0.7816562056541443	0.6853865385055542
587	0.008497606962919235	0.15039962530136108	0.781479001045227	0.685153067111969
588	0.008385776542127132	0.15040820837020874	0.7813741564750671	0.6851789951324463
589	0.008396363817155361	0.15042538940906525	0.7813282608985901	0.6854085922241211
590	0.008466809056699276	0.15053623914718628	0.7809808254241943	0.6853923201560974
591	0.008218037895858288	0.1507847011089325	0.780308187007904	0.685198962688446
592	0.008487694896757603	0.15093103051185608	0.7800673842430115	0.6848974823951721
593	0.008488954044878483	0.15066659450531006	0.7808563709259033	0.6849531531333923
594	0.00832119770348072	0.1504388451576233	0.7817156314849854	0.6847259998321533
595	0.008375640958547592	0.1501789540052414	0.7819742560386658	0.6845607757568359
596	0.008662419393658638	0.14996688067913055	0.7822341322898865	0.6843733787536621
597	0.008175237104296684	0.15003414452075958	0.7819305658340454	0.6842912435531616
598	0.008311784826219082	0.15014295279979706	0.7815104722976685	0.6843970417976379
599	0.008318416774272919	0.1500103771686554	0.7817324995994568	0.6846103072166443
600	0.00830013770610094	0.15000787377357483	0.7821152806282043	0.6846469044685364
601	0.008365428075194359	0.15004292130470276	0.7822925448417664	0.6846961379051208
602	0.008247734978795052	0.15013942122459412	0.7818884253501892	0.6848185062408447
603	0.00824393704533577	0.15008465945720673	0.7814677357673645	0.68540358543396
604	0.008143207989633083	0.15005861222743988	0.7808316349983215	0.6859391927719116
605	0.008318735286593437	0.14997319877147675	0.7811010479927063	0.6864868402481079
606	0.008303861133754253	0.14982961118221283	0.7819752097129822	0.6866955161094666
607	0.008441349491477013	0.1500321924686432	0.7824729084968567	0.6867581605911255
608	0.00817531906068325	0.1501987874507904	0.7827077507972717	0.6868253946304321
609	0.00813972670584917	0.1502595692873001	0.7823840975761414	0.6868066191673279
610	0.00835628155618906	0.15023384988307953	0.7818121314048767	0.6866925954818726
611	0.008369495160877705	0.1503060907125473	0.7813404202461243	0.68619704246521
612	0.008160725235939026	0.15019726753234863	0.7814363241195679	0.68599534034729
613	0.008383839391171932	0.15013568103313446	0.7814415693283081	0.6858154535293579
614	0.008066542446613312	0.15007923543453217	0.7817069292068481	0.6860339641571045
615	0.008134182542562485	0.15007182955741882	0.7817431688308716	0.6863749027252197
616	0.008087319321930408	0.15020644664764404	0.7816203832626343	0.6865243315696716
617	0.008039604872465134	0.15034273266792297	0.7810472846031189	0.6863235831260681
618	0.008153343573212624	0.1503859907388687	0.7808441519737244	0.6858389973640442
619	0.007958841510117054	0.15052780508995056	0.7809618711471558	0.6850711107254028
620	0.00814672838896513	0.1505158692598343	0.7808906435966492	0.6843945384025574
621	0.008154980838298798	0.15049099922180176	0.7808365821838379	0.6840713024139404
622	0.007975026965141296	0.15061816573143005	0.7802942395210266	0.6837033033370972
623	0.008154558017849922	0.15074113011360168	0.7797515392303467	0.6832539439201355
624	0.007971430197358131	0.15065686404705048	0.7802639007568359	0.6833488941192627
625	0.008042831905186176	0.15061017870903015	0.7811304330825806	0.6837754845619202
626	0.00801550317555666	0.15049299597740173	0.7818167209625244	0.6843626499176025
627	0.007943009957671165	0.15041473507881165	0.7823724150657654	0.6847192049026489
628	0.008118530735373497	0.15041524171829224	0.7825508117675781	0.6846257448196411
629	0.007963305339217186	0.15039002895355225	0.7824424505233765	0.6845940947532654
630	0.00798021536320448	0.15030640363693237	0.7823623418807983	0.6846767663955688
631	0.008082225918769836	0.15013472735881805	0.7822335958480835	0.6849805116653442
632	0.007883923128247261	0.15001340210437775	0.7821432948112488	0.6855624318122864
633	0.00787276029586792	0.15005600452423096	0.7821431159973145	0.6859320998191833
634	0.008112172596156597	0.1500798761844635	0.7824726104736328	0.686099648475647
635	0.007897245697677135	0.15017130970954895	0.7830909490585327	0.6861785054206848
636	0.007999262772500515	0.1502499282360077	0.7832803130149841	0.6861511468887329
637	0.007812084164470434	0.15039849281311035	0.7829396724700928	0.6860212683677673
638	0.007910207845270634	0.15055686235427856	0.7820263504981995	0.6858078241348267
639	0.007837644778192043	0.15058360993862152	0.7812928557395935	0.6860111951828003
640	0.007942856289446354	0.15061168372631073	0.7811960577964783	0.6863224506378174
641	0.007928624749183655	0.15077582001686096	0.7809470295906067	0.6863044500350952
642	0.007789681199938059	0.15089072287082672	0.7812781929969788	0.6863407492637634
643	0.008027331903576851	0.15087471902370453	0.7813994288444519	0.6863903403282166
644	0.008014083839952946	0.15074734389781952	0.7813612818717957	0.6861021518707275
645	0.007887030020356178	0.15087665617465973	0.7813723683357239	0.6854824423789978
646	0.007884616032242775	0.15087735652923584	0.7816336750984192	0.6853064298629761
647	0.007843192666769028	0.15081650018692017	0.7817276120185852	0.6855789422988892
648	0.007688910234719515	0.1506953239440918	0.7816398739814758	0.685807466506958
649	0.00792939867824316	0.15062215924263	0.7814313173294067	0.6859737038612366
650	0.007953590713441372	0.15059538185596466	0.781535804271698	0.6860215663909912
651	0.007959899492561817	0.15057718753814697	0.7817620635032654	0.6861053705215454
652	0.0078102778643369675	0.1505613774061203	0.7821873426437378	0.6864019632339478
653	0.007813629694283009	0.15059402585029602	0.782340943813324	0.6861874461174011
654	0.008040739223361015	0.15059569478034973	0.7825139164924622	0.6859270930290222
655	0.007720204070210457	0.15067598223686218	0.7823522686958313	0.6851669549942017
656	0.007945182733237743	0.1507411003112793	0.7819080352783203	0.6844009757041931
657	0.00763818109408021	0.15053816139698029	0.7820141315460205	0.684166669845581
658	0.00783440750092268	0.1504814177751541	0.781802773475647	0.6841757297515869
659	0.007823663763701916	0.15055449306964874	0.7812342047691345	0.6843999624252319
660	0.007815818302333355	0.1507510244846344	0.7805064916610718	0.6843199133872986
661	0.007686326280236244	0.1509457230567932	0.7804014682769775	0.6843710541725159
662	0.007634262554347515	0.15107814967632294	0.7806030511856079	0.6847236752510071
663	0.007640555966645479	0.15121175348758698	0.7809157371520996	0.6849901676177979
664	0.007769846357405186	0.15122511982917786	0.7809823751449585	0.6850191354751587
665	0.007792308460921049	0.15121643245220184	0.781028687953949	0.684810221195221
666	0.007502253167331219	0.15102025866508484	0.7809368371963501	0.684624195098877
667	0.007918068207800388	0.15086428821086884	0.7810887098312378	0.6844984292984009
668	0.007689058780670166	0.15080995857715607	0.7811976671218872	0.6843522191047668
669	0.007782714441418648	0.1506638377904892	0.781437873840332	0.6843692064285278
670	0.007540313061326742	0.15044908225536346	0.7815962433815002	0.68438720703125
671	0.007595103234052658	0.15033505856990814	0.7817949652671814	0.684517502784729
672	0.00768974469974637	0.15030616521835327	0.7820701003074646	0.684723436832428
673	0.007604474667459726	0.1502971053123474	0.7819966077804565	0.6848108172416687
674	0.007520904764533043	0.1504061073064804	0.7817912101745605	0.6847254633903503
675	0.0076627591624855995	0.15067824721336365	0.781218945980072	0.6843533515930176
676	0.007521091494709253	0.1506807655096054	0.7810567617416382	0.6841905117034912
677	0.007591003552079201	0.15067017078399658	0.7805480360984802	0.6840353608131409
678	0.007473075296729803	0.15084902942180634	0.7802162170410156	0.6835765838623047
679	0.007572007365524769	0.15103431046009064	0.7803034782409668	0.6830928325653076
680	0.007505892310291529	0.1512964814901352	0.7802335023880005	0.6826552152633667
681	0.007435476407408714	0.15146885812282562	0.7795916199684143	0.6821969747543335
682	0.007497395854443312	0.1513608992099762	0.7793965339660645	0.6820974946022034
683	0.0075436364859342575	0.1511780023574829	0.7792917490005493	0.6822558641433716
684	0.007379285059869289	0.15108032524585724	0.7797837853431702	0.6828404068946838
685	0.007604479324072599	0.15125250816345215	0.7797549366950989	0.6830347180366516
686	0.007496920879930258	0.1513751894235611	0.7796217799186707	0.6834290623664856
687	0.007444622926414013	0.15132001042366028	0.7796739339828491	0.6839714050292969
688	0.007440344896167517	0.15109051764011383	0.7797688245773315	0.6844005584716797
689	0.0074638016521930695	0.15102025866508484	0.7800061702728271	0.6844372749328613
690	0.007397026289254427	0.15094348788261414	0.7803574800491333	0.6841975450515747
691	0.007749320939183235	0.15082989633083344	0.7805621027946472	0.6840507388114929
692	0.007489009760320187	0.15086053311824799	0.7805598974227905	0.6837819814682007
693	0.007424050010740757	0.15094099938869476	0.7802731990814209	0.6835170388221741
694	0.00755506893619895	0.150913804769516	0.780394971370697	0.6837573647499084
695	0.00733589380979538	0.1508033126592636	0.7807732224464417	0.6844548583030701
696	0.007237672805786133	0.15093590319156647	0.7808989882469177	0.6849266290664673
697	0.007471561897546053	0.15116693079471588	0.7810195684432983	0.6849285960197449
698	0.00753753399476409	0.15132328867912292	0.7807794213294983	0.684817910194397
699	0.0075193545781075954	0.15120942890644073	0.7803106904029846	0.6846312284469604
700	0.00738887581974268	0.15079949796199799	0.7805885076522827	0.6850731372833252
701	0.007266175467520952	0.15061414241790771	0.7804552912712097	0.6851308941841125
702	0.007498282473534346	0.15060339868068695	0.7806950211524963	0.6848243474960327
703	0.007410378195345402	0.1507396697998047	0.7811432480812073	0.6846587657928467
704	0.007353819441050291	0.1510336846113205	0.7808787226676941	0.6842896938323975
705	0.007467403542250395	0.15109418332576752	0.7801290154457092	0.68378084897995
706	0.0072423433884978294	0.15098479390144348	0.7793413996696472	0.6835029721260071
707	0.00729559687897563	0.15101739764213562	0.7787443399429321	0.6832579374313354
708	0.007256762124598026	0.1513536274433136	0.7783920764923096	0.6826335191726685
709	0.007340267766267061	0.15164148807525635	0.778637707233429	0.6823390126228333
710	0.007179637905210257	0.15165382623672485	0.7791963219642639	0.6825177073478699
711	0.007250778377056122	0.15145520865917206	0.7795817255973816	0.6828100681304932
712	0.007340571843087673	0.1513533592224121	0.7789700627326965	0.6828803420066833
713	0.00729688536375761	0.15132905542850494	0.7784531712532043	0.6828517913818359
714	0.007371940184384584	0.15143655240535736	0.7781240344047546	0.6826867461204529
715	0.007300360128283501	0.15144678950309753	0.7780708074569702	0.6827977895736694
716	0.007328186649829149	0.1512465626001358	0.7787434458732605	0.6832878589630127
717	0.007313739042729139	0.1510867178440094	0.7793360948562622	0.6837853789329529
718	0.007118143606930971	0.15104758739471436	0.7796580195426941	0.6838434338569641
719	0.007357675116509199	0.15109983086585999	0.7794964909553528	0.6833624243736267
720	0.007204101420938969	0.1512816995382309	0.7789989113807678	0.682765543460846
721	0.007025968283414841	0.15148842334747314	0.7784871459007263	0.6822940707206726
722	0.007145752664655447	0.15139292180538177	0.7784038782119751	0.6824615001678467
723	0.007049783132970333	0.15136103332042694	0.7783079743385315	0.682865560054779
724	0.007140703033655882	0.15141382813453674	0.7782633900642395	0.6830577254295349
725	0.0070212469436228275	0.15156759321689606	0.7780593633651733	0.6830624341964722
726	0.007186747156083584	0.15170088410377502	0.7780306935310364	0.6831283569335938
727	0.007123935967683792	0.15149633586406708	0.7784774303436279	0.6834356784820557
728	0.007124784868210554	0.15125659108161926	0.7790372371673584	0.6834348440170288
729	0.007201452739536762	0.15110623836517334	0.7791800498962402	0.6832589507102966
730	0.007154647260904312	0.15112954378128052	0.7792907953262329	0.6831335425376892
731	0.007119063753634691	0.15107882022857666	0.7796129584312439	0.6833243370056152
732	0.0070405080914497375	0.15119746327400208	0.7792150974273682	0.6833623647689819
733	0.0070298342034220695	0.15141774713993073	0.7781809568405151	0.6830646991729736
734	0.007070163264870644	0.15135051310062408	0.7779335975646973	0.6830824613571167
735	0.007119210436940193	0.15125004947185516	0.778177797794342	0.6827669739723206
736	0.007041047792881727	0.15110550820827484	0.7788969874382019	0.6827520132064819
737	0.007025902159512043	0.15123118460178375	0.7796096205711365	0.6823217868804932
738	0.007151497062295675	0.1514466255903244	0.7798779010772705	0.6817219257354736
739	0.006907021626830101	0.15145209431648254	0.7800745368003845	0.6817619800567627
740	0.006994062103331089	0.15123778581619263	0.7801588177680969	0.6819422245025635
741	0.007111940532922745	0.15111719071865082	0.7794297337532043	0.6819277405738831
742	0.007195086218416691	0.15126857161521912	0.7785833477973938	0.6815763115882874
743	0.006994812749326229	0.15135876834392548	0.778684675693512	0.6815347075462341
744	0.007051574066281319	0.15157920122146606	0.778899610042572	0.6813209652900696
745	0.006941643543541431	0.15164758265018463	0.7789083123207092	0.6811981201171875
746	0.007196133024990559	0.151324063539505	0.7788782119750977	0.6816402077674866
747	0.007017140276730061	0.15115651488304138	0.7785500884056091	0.6821174025535583
748	0.006965408101677895	0.1511402428150177	0.7783423066139221	0.6824214458465576
749	0.007139820605516434	0.151180699467659	0.7786386013031006	0.6825419664382935
750	0.006993301212787628	0.15145207941532135	0.779135525226593	0.6823244690895081
751	0.00696660066023469	0.15145620703697205	0.7796179056167603	0.6821804046630859
752	0.007043195888400078	0.15121693909168243	0.7801171541213989	0.6822172403335571
753	0.0070543247275054455	0.15116283297538757	0.7795538306236267	0.6821519136428833
754	0.006885338108986616	0.15129205584526062	0.7786720395088196	0.6822306513786316
755	0.006981318816542625	0.151589035987854	0.7779025435447693	0.6823230981826782
756	0.006776650436222553	0.15203043818473816	0.7775552272796631	0.6819727420806885
757	0.006874101236462593	0.15222404897212982	0.7778900265693665	0.6817638874053955
758	0.006879093591123819	0.151899516582489	0.7786018252372742	0.6821646690368652
759	0.006867768242955208	0.15150339901447296	0.7786290645599365	0.6825125813484192
760	0.006982462015002966	0.1513107419013977	0.7784591317176819	0.6822555661201477
761	0.006871465593576431	0.15133638679981232	0.778818666934967	0.6815639138221741
762	0.006881645880639553	0.1516897976398468	0.7786548733711243	0.6809061169624329
763	0.007021725177764893	0.1517203450202942	0.7786673903465271	0.6805689930915833
764	0.006819868925958872	0.1515183448791504	0.7792230844497681	0.6808488368988037
765	0.0069777630269527435	0.15155023336410522	0.7791994214057922	0.6808458566665649
766	0.006941037718206644	0.15162770450115204	0.7788443565368652	0.6806424856185913
767	0.006889503914862871	0.15175995230674744	0.7784647941589355	0.6800369620323181
768	0.0069023314863443375	0.1519010365009308	0.7776856422424316	0.6794441342353821
769	0.006904173642396927	0.15194742381572723	0.7770254611968994	0.6790022850036621
770	0.00699396338313818	0.15178927779197693	0.7771839499473572	0.6791369915008545
771	0.006840698886662722	0.151868999004364	0.7772579193115234	0.6792204976081848
772	0.006891844794154167	0.15208490192890167	0.7775332927703857	0.6791494488716125
773	0.006803145632147789	0.15219314396381378	0.7777214646339417	0.6792200207710266
774	0.006795783992856741	0.1524132341146469	0.777189314365387	0.6789271235466003
775	0.006975487805902958	0.15234054625034332	0.7769411206245422	0.6790186762809753
776	0.006785720121115446	0.15196366608142853	0.777021586894989	0.6794125437736511
777	0.006819878704845905	0.1517810821533203	0.7771667242050171	0.6798161268234253
778	0.006869095377624035	0.15177112817764282	0.7775934934616089	0.6802785992622375
779	0.006675499491393566	0.15196625888347626	0.7782983183860779	0.6805447340011597
780	0.006780635099858046	0.1522805243730545	0.778717577457428	0.680720329284668
781	0.006772296503186226	0.15240944921970367	0.7786533236503601	0.6808200478553772
782	0.00680310744792223	0.15206246078014374	0.7784204483032227	0.6811414361000061
783	0.006776376161724329	0.151656836271286	0.778077244758606	0.6814392805099487
784	0.0068616983480751514	0.15156736969947815	0.777843177318573	0.6812099814414978
785	0.006788581144064665	0.15175698697566986	0.7781394124031067	0.6807109117507935
786	0.0066755120642483234	0.152121901512146	0.7782806754112244	0.6802079677581787
787	0.006746657658368349	0.15232475101947784	0.7780982851982117	0.6798372864723206
788	0.0067205484956502914	0.1521865874528885	0.7775528430938721	0.6796097159385681
789	0.006569748744368553	0.15217839181423187	0.7766024470329285	0.6792389154434204
790	0.006657817866653204	0.15222446620464325	0.7761024236679077	0.678682267665863
791	0.006925214547663927	0.1523178070783615	0.7761324048042297	0.6783420443534851
792	0.006632442586123943	0.15238416194915771	0.776642918586731	0.6781962513923645
793	0.0067061916925013065	0.15222619473934174	0.7775851488113403	0.6786523461341858
794	0.0066076177172362804	0.15202826261520386	0.7783728837966919	0.6792571544647217
795	0.006697072181850672	0.1519515961408615	0.7786471843719482	0.6798620820045471
796	0.006652800366282463	0.15188969671726227	0.7784000039100647	0.6803187727928162
797	0.006751097738742828	0.15189629793167114	0.7775862216949463	0.6801355481147766
798	0.006644782610237598	0.15215852856636047	0.7764013409614563	0.6795983910560608
799	0.006749882362782955	0.15213827788829803	0.7761213183403015	0.6792152523994446
800	0.0065692816860973835	0.15188895165920258	0.7768290638923645	0.6793715953826904
801	0.006728911306709051	0.15172095596790314	0.7777583599090576	0.6798589825630188
802	0.0065437438897788525	0.15175344049930573	0.7781742811203003	0.6800441741943359
803	0.006468781735748053	0.1518808901309967	0.7782710790634155	0.6802390813827515
804	0.006719624157994986	0.1520496904850006	0.7776246666908264	0.6803783774375916
805	0.006584126502275467	0.15232594311237335	0.7766512632369995	0.6804367303848267
806	0.006576450541615486	0.1524241715669632	0.7761062383651733	0.6803922653198242
807	0.006619020365178585	0.1523541510105133	0.7761135101318359	0.6802972555160522
808	0.006548143457621336	0.15220624208450317	0.7769210338592529	0.6802584528923035
809	0.006718345917761326	0.1520683914422989	0.7778370976448059	0.6803958415985107
810	0.006509334780275822	0.1520652025938034	0.7783557772636414	0.6804980635643005
811	0.006524426396936178	0.1520361304283142	0.7782900929450989	0.680568516254425
812	0.006591241806745529	0.15207554399967194	0.7780953645706177	0.6804857850074768
813	0.006587853655219078	0.1520511656999588	0.7778500318527222	0.6803362965583801
814	0.0066050817258656025	0.15204393863677979	0.7778016328811646	0.6801620721817017
815	0.0065504745580255985	0.15202906727790833	0.7778300046920776	0.6801104545593262
816	0.006580734625458717	0.15187516808509827	0.7781058549880981	0.6805524826049805
817	0.006588652264326811	0.15185929834842682	0.7781944274902344	0.6808875799179077
818	0.006426807958632708	0.1518031507730484	0.7780504822731018	0.681239664554596
819	0.006461695302277803	0.1519758552312851	0.7774448990821838	0.680983304977417
820	0.006682485807687044	0.15201978385448456	0.7770225405693054	0.6805374026298523
821	0.006611598189920187	0.15189491212368011	0.7773966789245605	0.680232584476471
822	0.006564003881067038	0.15200579166412354	0.7777280211448669	0.6796392202377319
823	0.006555649917572737	0.152213916182518	0.777705192565918	0.6792270541191101
824	0.006625648587942123	0.1522783488035202	0.7776092886924744	0.6792067289352417
825	0.0065429420210421085	0.15222348272800446	0.7773991227149963	0.679473876953125
826	0.006438154261559248	0.15229743719100952	0.7769560813903809	0.6796659827232361
827	0.006570497062057257	0.1520681083202362	0.777548611164093	0.67991042137146
828	0.006491618696600199	0.15173783898353577	0.7782177329063416	0.6803338527679443
829	0.006222045049071312	0.15164360404014587	0.7785081267356873	0.6802040338516235
830	0.006544067058712244	0.1516593098640442	0.7785010933876038	0.680092990398407
831	0.0063735805451869965	0.1517994999885559	0.7785717248916626	0.6801313757896423
832	0.006517515517771244	0.15198425948619843	0.7784461379051208	0.680193305015564
833	0.006435406394302845	0.1520458608865738	0.7784883379936218	0.6803374290466309
834	0.006441562436521053	0.152023047208786	0.7786208391189575	0.6804662346839905
835	0.006437924690544605	0.15185163915157318	0.778759777545929	0.6804876923561096
836	0.006380259059369564	0.15181992948055267	0.7786673903465271	0.6801279187202454
837	0.006296650040894747	0.15189625322818756	0.7784979343414307	0.6797707080841064
838	0.006334676407277584	0.15201134979724884	0.7785292863845825	0.6796716451644897
839	0.006394922733306885	0.15224391222000122	0.7781324982643127	0.6793831586837769
840	0.006369892507791519	0.1524270623922348	0.7776843905448914	0.6792806386947632
841	0.006320863030850887	0.1525483876466751	0.7772667407989502	0.6792508363723755
842	0.006314109545201063	0.15248841047286987	0.777248203754425	0.6791918277740479
843	0.006405343767255545	0.1522579938173294	0.7774519920349121	0.6790200471878052
844	0.006447591353207827	0.15195293724536896	0.7778660655021667	0.6791184544563293
845	0.0062430682592093945	0.15162931382656097	0.7787727117538452	0.6796862483024597
846	0.006448893807828426	0.15136823058128357	0.7793824076652527	0.6804231405258179
847	0.006358032114803791	0.15125863254070282	0.7795859575271606	0.6810760498046875
848	0.006355543155223131	0.15126579999923706	0.7796396613121033	0.6812607049942017
849	0.006308083422482014	0.15136921405792236	0.7793867588043213	0.6812403202056885
850	0.006373368203639984	0.15158900618553162	0.7787208557128906	0.6807637214660645
851	0.0062575084157288074	0.15191638469696045	0.7780840396881104	0.6801272034645081
852	0.006260521709918976	0.1523228883743286	0.7774873375892639	0.6794953942298889
853	0.00632650637999177	0.15245521068572998	0.7771955728530884	0.6792210936546326
854	0.006325011141598225	0.15242576599121094	0.7771055102348328	0.6791856288909912
855	0.006380875129252672	0.15238754451274872	0.7769113183021545	0.6791256666183472
856	0.006384340114891529	0.1524299681186676	0.7768993973731995	0.6790474653244019
857	0.006183249410241842	0.1524038314819336	0.7774266004562378	0.6790536642074585
858	0.00625299196690321	0.1522786021232605	0.7779231667518616	0.6791612505912781
859	0.006143178325146437	0.15217076241970062	0.7781381607055664	0.6790415644645691
860	0.006273643113672733	0.15191450715065002	0.7780813574790955	0.6790147423744202
861	0.006229218095541	0.1518763303756714	0.7775200009346008	0.6788053512573242
862	0.006323978770524263	0.15177589654922485	0.7773471474647522	0.6787817478179932
863	0.006450021639466286	0.15174733102321625	0.7776140570640564	0.6788899302482605
864	0.0063505470752716064	0.15179100632667542	0.7780004143714905	0.6790309548377991
865	0.00622557895258069	0.15206268429756165	0.77813720703125	0.6788957118988037
866	0.006366605870425701	0.15241974592208862	0.7777563333511353	0.6784397959709167
867	0.006149835418909788	0.1525975614786148	0.7773299813270569	0.6781639456748962
868	0.006146582774817944	0.15253178775310516	0.7769428491592407	0.6781749725341797
869	0.006344704423099756	0.15249402821063995	0.7766636610031128	0.6782166361808777
870	0.006172302644699812	0.15251922607421875	0.7767753005027771	0.6783212423324585
871	0.0062300716526806355	0.15257351100444794	0.7769703269004822	0.6785271167755127
872	0.006141941528767347	0.15251263976097107	0.7773353457450867	0.679075300693512
873	0.00622766837477684	0.15256014466285706	0.7773718237876892	0.6793938875198364
874	0.006113069597631693	0.15252240002155304	0.7773770689964294	0.6794680953025818
875	0.006333450321108103	0.15259680151939392	0.776915967464447	0.6793434619903564
876	0.006032309494912624	0.15271392464637756	0.7764368057250977	0.679013729095459
877	0.0061109052039682865	0.15278339385986328	0.7758854031562805	0.6786039471626282
878	0.006232744548469782	0.1529049128293991	0.7753457427024841	0.6782777309417725
879	0.006256310734897852	0.1528819352388382	0.7752856016159058	0.678389310836792
880	0.0062052360735833645	0.1526128649711609	0.7759976387023926	0.6790111064910889
881	0.006100520025938749	0.1523868888616562	0.7769432067871094	0.6793076992034912
882	0.006351918913424015	0.1521444320678711	0.7777628898620605	0.679024338722229
883	0.0061601256020367146	0.1520077884197235	0.7782697677612305	0.6786012053489685
884	0.006144629325717688	0.15195801854133606	0.7784386277198792	0.6781017780303955
885	0.006086692679673433	0.15215404331684113	0.7777174115180969	0.6772838234901428
886	0.006104581989347935	0.15232914686203003	0.7769534587860107	0.6768164038658142
887	0.006154918577522039	0.1524207442998886	0.7764411568641663	0.6771483421325684
888	0.006188178900629282	0.1524112969636917	0.7765825986862183	0.6780019998550415
889	0.005943227559328079	0.15242795646190643	0.7772030830383301	0.6787466406822205
890	0.006031999364495277	0.15246078372001648	0.7779622673988342	0.6789673566818237
891	0.006122088525444269	0.15247346460819244	0.7782708406448364	0.6789616346359253
892	0.006143216975033283	0.15242645144462585	0.7781094312667847	0.678899884223938
893	0.0061477962881326675	0.15228867530822754	0.7781944870948792	0.6790865063667297
894	0.006097913719713688	0.1520986407995224	0.7781724333763123	0.6793715953826904
895	0.006211839150637388	0.15216131508350372	0.7778420448303223	0.6794013381004333
896	0.0060517871752381325	0.1522887498140335	0.7775004506111145	0.6792299747467041
897	0.005946206860244274	0.15237122774124146	0.7775717377662659	0.6791201829910278
898	0.0060170721262693405	0.1523013561964035	0.7778352499008179	0.6792321801185608
899	0.00617236876860261	0.1520826816558838	0.7780601978302002	0.6794480681419373
900	0.006297208368778229	0.1519376039505005	0.777881383895874	0.6793054342269897
901	0.0060201105661690235	0.15191982686519623	0.7774643898010254	0.6788931488990784
902	0.006258660927414894	0.15212275087833405	0.7766052484512329	0.6783238053321838
903	0.006005793809890747	0.1523633599281311	0.7757763862609863	0.6779809594154358
904	0.00598730007186532	0.15237340331077576	0.7758930325508118	0.6780048608779907
905	0.00610840879380703	0.1523975133895874	0.7760416865348816	0.6781718134880066
906	0.005979184061288834	0.1525154709815979	0.7760692834854126	0.6782305240631104
907	0.0061043063178658485	0.15277694165706635	0.77606201171875	0.6777729988098145
908	0.006023089867085218	0.15298202633857727	0.7758516073226929	0.677274227142334
909	0.0060219718143343925	0.1531316190958023	0.7757613658905029	0.6769212484359741
910	0.0060499547980725765	0.15327787399291992	0.7756725549697876	0.6767826676368713
911	0.0058142575435340405	0.15327315032482147	0.7757770419120789	0.6766354441642761
912	0.005914200097322464	0.15326686203479767	0.7758269906044006	0.6764783263206482
913	0.005829024128615856	0.1532992422580719	0.7758581638336182	0.6763024926185608
914	0.005999531596899033	0.15328365564346313	0.775680422782898	0.6763308644294739
915	0.0058549935929477215	0.15321436524391174	0.7754551768302917	0.6762518882751465
916	0.006136667914688587	0.15296633541584015	0.7751097679138184	0.6763371229171753
917	0.006000148598104715	0.1526799201965332	0.7754226922988892	0.6767661571502686
918	0.005973560269922018	0.15254613757133484	0.775844395160675	0.6772016286849976
919	0.0059433989226818085	0.15245750546455383	0.7762280106544495	0.6776853799819946
920	0.005965566728264093	0.1523999720811844	0.7766174674034119	0.6782138347625732
921	0.005765420850366354	0.1524282842874527	0.7769601345062256	0.678595244884491
922	0.005967131350189447	0.15247464179992676	0.7770169973373413	0.6784642934799194
923	0.005955305881798267	0.15250207483768463	0.7766457200050354	0.6780914068222046
924	0.005928365513682365	0.15253384411334991	0.7757331728935242	0.6774949431419373
925	0.006070518400520086	0.15253368020057678	0.7750812768936157	0.6770939230918884
926	0.005847056861966848	0.15258845686912537	0.7750235795974731	0.6766769289970398
927	0.006139268167316914	0.15263043344020844	0.7754822969436646	0.6764175891876221
928	0.005842761602252722	0.15269261598587036	0.7759893536567688	0.6763512492179871
929	0.005971026141196489	0.15271300077438354	0.7764310240745544	0.6763739585876465
930	0.006005171220749617	0.15270788967609406	0.7765036225318909	0.6763561964035034
931	0.005945781245827675	0.15267601609230042	0.7762607932090759	0.6763746738433838
932	0.006005413830280304	0.15265613794326782	0.7757620811462402	0.6763455271720886
933	0.005845099221915007	0.1527061015367508	0.7753005623817444	0.6764100193977356
934	0.005831074435263872	0.15268851816654205	0.7754243016242981	0.6769455671310425
935	0.005925936158746481	0.1524638682603836	0.7759045362472534	0.6775271892547607
936	0.00574434595182538	0.152425616979599	0.776267409324646	0.6781430244445801
937	0.00581419188529253	0.15247613191604614	0.7763302326202393	0.6781297922134399
938	0.005829894449561834	0.15251170098781586	0.7762728929519653	0.6779682040214539
939	0.005853262729942799	0.15253154933452606	0.7762407064437866	0.677686333656311
940	0.005897921975702047	0.15253213047981262	0.7762897610664368	0.6773935556411743
941	0.005764254368841648	0.15238849818706512	0.7764958143234253	0.6774349212646484
942	0.005873664747923613	0.15238381922245026	0.7763352394104004	0.6773163676261902
943	0.005642179865390062	0.15254119038581848	0.7757577896118164	0.6768172979354858
944	0.0058485292829573154	0.15277434885501862	0.7752571702003479	0.6764518618583679
945	0.005785026587545872	0.15301628410816193	0.7748740315437317	0.6760765910148621
946	0.005839864257723093	0.1530108004808426	0.7749297022819519	0.676018476486206
947	0.005864404607564211	0.15276804566383362	0.7752338647842407	0.6762161254882812
948	0.005935541819781065	0.15249556303024292	0.775754988193512	0.6765405535697937
949	0.005923302378505468	0.15225262939929962	0.7763037085533142	0.6771066188812256
950	0.00578406173735857	0.1521494835615158	0.7765525579452515	0.6775023937225342
951	0.0058925882913172245	0.1522539108991623	0.7764618396759033	0.6775386333465576
952	0.00586726376786828	0.15236817300319672	0.7762583494186401	0.6776111125946045
953	0.005831190384924412	0.15242645144462585	0.7760881781578064	0.6773592233657837
954	0.005810077302157879	0.15245644748210907	0.7758489847183228	0.6770173907279968
955	0.005749142728745937	0.15249043703079224	0.7755638957023621	0.6766809225082397
956	0.005732997320592403	0.1525435596704483	0.7751480340957642	0.6763721108436584
957	0.0058671580627560616	0.15263719856739044	0.7751513123512268	0.676328718662262
958	0.005796258337795734	0.15274971723556519	0.7753553986549377	0.6763454079627991
959	0.0056728399358689785	0.1527329534292221	0.7759301662445068	0.6766752600669861
960	0.005742751527577639	0.1525939404964447	0.7767462134361267	0.6771630644798279
961	0.005747239105403423	0.15252533555030823	0.7769250869750977	0.6776465177536011
962	0.0057002645917236805	0.15267135202884674	0.7765700221061707	0.6777206659317017
963	0.005781663116067648	0.15271510183811188	0.7763241529464722	0.6776033639907837
964	0.005892481189221144	0.15272632241249084	0.7762413620948792	0.6774162650108337
965	0.00589568167924881	0.1528284102678299	0.775877058506012	0.6770226359367371
966	0.005641845054924488	0.15281051397323608	0.7756422162055969	0.6769155263900757
967	0.005644765682518482	0.15273210406303406	0.7756957411766052	0.6769827008247375
968	0.005727272015064955	0.1527538150548935	0.7756412029266357	0.6768642067909241
969	0.0057190763764083385	0.15283533930778503	0.7755067944526672	0.6763748526573181
970	0.0057763950899243355	0.15304945409297943	0.7751539349555969	0.6756699085235596
971	0.0057534039951860905	0.15315012633800507	0.7747744917869568	0.675165593624115
972	0.005777674727141857	0.15310709178447723	0.7748347520828247	0.6751940250396729
973	0.005893017165362835	0.1530236005783081	0.7749560475349426	0.675224244594574
974	0.005581920500844717	0.15287084877490997	0.77535080909729	0.6757579445838928
975	0.005849448498338461	0.15270276367664337	0.7756760716438293	0.676436722278595
976	0.005754533689469099	0.15269143879413605	0.7759671211242676	0.6769752502441406
977	0.005657510366290808	0.15274356305599213	0.7760128378868103	0.6773003339767456
978	0.005622028838843107	0.15264759957790375	0.7760665416717529	0.677751898765564
979	0.005687013268470764	0.15242549777030945	0.7759146094322205	0.6782556176185608
980	0.005584752187132835	0.1525142639875412	0.7755343914031982	0.678135097026825
981	0.005850924178957939	0.1526000052690506	0.7754877209663391	0.6778942346572876
982	0.0056766667403280735	0.15268197655677795	0.7756737470626831	0.6773548722267151
983	0.00555846793577075	0.1527843028306961	0.7757089138031006	0.6769708395004272
984	0.005737728904932737	0.1527194231748581	0.7761934399604797	0.6767913699150085
985	0.005683873314410448	0.1525718718767166	0.7762981653213501	0.676369845867157
986	0.005691393278539181	0.15250463783740997	0.7760644555091858	0.6759747266769409
987	0.005615974310785532	0.15258531272411346	0.7754740715026855	0.6754337549209595
988	0.00577722629532218	0.15276986360549927	0.7752963900566101	0.6752274632453918
989	0.005519029218703508	0.15296925604343414	0.7753550410270691	0.6750762462615967
990	0.00557338073849678	0.15318961441516876	0.7749431133270264	0.6747409701347351
991	0.005646620411425829	0.1532576084136963	0.7746375799179077	0.6747013330459595
992	0.005687676835805178	0.15315887331962585	0.7745233774185181	0.6747528910636902
993	0.0055175176821649075	0.1529344916343689	0.774481475353241	0.6752774119377136
994	0.005569512955844402	0.15287569165229797	0.7743260264396667	0.6753911375999451
995	0.005547617096453905	0.15284943580627441	0.7744737267494202	0.6755555272102356
996	0.005612198729068041	0.15285317599773407	0.7747977375984192	0.6757582426071167
997	0.0055505018681287766	0.15281212329864502	0.7752740383148193	0.6759492754936218
998	0.00547241885215044	0.15276625752449036	0.7756218910217285	0.6762665510177612
999	0.005589802283793688	0.1526830941438675	0.7757909297943115	0.6764028668403625
1000	0.0056250011548399925	0.1526717096567154	0.775730550289154	0.676406979560852
1001	0.005563042592257261	0.15268512070178986	0.7753700017929077	0.676125168800354
1002	0.005538380239158869	0.1527208834886551	0.7749691605567932	0.6758211255073547
1003	0.005524745676666498	0.15265001356601715	0.7748504877090454	0.675742506980896
1004	0.005536344833672047	0.1526271104812622	0.7749418020248413	0.6755871176719666
1005	0.005638191942125559	0.15271037817001343	0.7753394842147827	0.6753163933753967
1006	0.005561898462474346	0.15289688110351562	0.7756356000900269	0.6751459240913391
1007	0.0056172884069383144	0.15291349589824677	0.7755832076072693	0.675158679485321
1008	0.005466175731271505	0.15283061563968658	0.7756043672561646	0.6752647161483765
1009	0.005600414704531431	0.1527489721775055	0.7753321528434753	0.6754055619239807
1010	0.005437218118458986	0.1527600884437561	0.7751690149307251	0.6755505800247192
1011	0.005567868705838919	0.15276017785072327	0.7751280665397644	0.6758393049240112
1012	0.0055900318548083305	0.15273241698741913	0.7753613591194153	0.6760702133178711
1013	0.005597135052084923	0.15266373753547668	0.7753511071205139	0.6760827302932739
1014	0.005407171323895454	0.15271808207035065	0.7751197218894958	0.6758869886398315
1015	0.005538019817322493	0.15291361510753632	0.7746450901031494	0.6756603121757507
1016	0.005448962561786175	0.15303348004817963	0.7745665907859802	0.6755678057670593
1017	0.005638108588755131	0.15306971967220306	0.7745203375816345	0.6752769351005554
1018	0.005684358067810535	0.1529865562915802	0.7746268510818481	0.675207257270813
1019	0.005462350323796272	0.15301674604415894	0.7746278643608093	0.6750816106796265
1020	0.00542503222823143	0.15310662984848022	0.774535059928894	0.6748663187026978
1021	0.005472747143357992	0.1531176120042801	0.7745727896690369	0.6748186945915222
1022	0.005498798564076424	0.15306910872459412	0.7745877504348755	0.6747444272041321
1023	0.005506381392478943	0.15297004580497742	0.7747721672058105	0.674812912940979
1024	0.005453477147966623	0.1528770625591278	0.7751453518867493	0.6750561594963074
1025	0.005632998887449503	0.15280874073505402	0.7754126787185669	0.6751731634140015
1026	0.005587111692875624	0.15286359190940857	0.7753329873085022	0.6749223470687866
1027	0.005431155674159527	0.1528988927602768	0.7750386595726013	0.674690842628479
1028	0.005458102095872164	0.1527886986732483	0.7748692631721497	0.6744366884231567
1029	0.005414727609604597	0.15262769162654877	0.7747044563293457	0.6742855906486511
1030	0.00544505100697279	0.15253186225891113	0.7749009132385254	0.6742439270019531
1031	0.0053811329416930676	0.15260794758796692	0.7752133011817932	0.674400806427002
1032	0.005368357989937067	0.15255104005336761	0.7755970358848572	0.6750105619430542
1033	0.005524655804038048	0.15250076353549957	0.7755809426307678	0.6756089329719543
1034	0.005302980542182922	0.15253090858459473	0.7754824757575989	0.6761107444763184
1035	0.005503673572093248	0.1526990383863449	0.7752480506896973	0.6761007905006409
1036	0.005433705169707537	0.15275895595550537	0.7753257155418396	0.6759814620018005
1037	0.005387979093939066	0.15265928208827972	0.7754355669021606	0.6758002042770386
1038	0.005459567066282034	0.1526792347431183	0.7753438353538513	0.6754968762397766
1039	0.005345962941646576	0.15276966989040375	0.7750405073165894	0.6753682494163513
1040	0.005335182882845402	0.1527480036020279	0.7749097943305969	0.6754686832427979
1041	0.005462499801069498	0.15276873111724854	0.7747231721878052	0.6757573485374451
1042	0.0054520308040082455	0.15271037817001343	0.7745335698127747	0.6757335662841797
1043	0.005324177443981171	0.15258952975273132	0.7744396924972534	0.6756019592285156
1044	0.005314167123287916	0.15242141485214233	0.7745221853256226	0.675620973110199
1045	0.005594858434051275	0.15229909121990204	0.77475506067276	0.6758213639259338
1046	0.005427914205938578	0.15230688452720642	0.7749350070953369	0.6758164167404175
1047	0.005422058515250683	0.15249742567539215	0.7750420570373535	0.6756022572517395
1048	0.005298614967614412	0.15271954238414764	0.7751714587211609	0.6752840280532837
1049	0.005465368740260601	0.15281105041503906	0.7751064300537109	0.6749686598777771
1050	0.0053390441462397575	0.15283486247062683	0.7749895453453064	0.6746507883071899
1051	0.005276246462017298	0.15284816920757294	0.774838924407959	0.6744292378425598
1052	0.0053215534426271915	0.15297682583332062	0.774659276008606	0.6741611361503601
1053	0.00535645242780447	0.15305164456367493	0.7747817635536194	0.6742168664932251
1054	0.005331665743142366	0.15320739150047302	0.7750223875045776	0.6744123697280884
1055	0.005259055644273758	0.1533147245645523	0.7751124501228333	0.6746705174446106
1056	0.0053280373103916645	0.15327905118465424	0.7753099799156189	0.675024151802063
1057	0.005422589834779501	0.15299595892429352	0.7755250930786133	0.6754103302955627
1058	0.005311727523803711	0.15279746055603027	0.7755928039550781	0.6755120158195496
1059	0.005351378116756678	0.15268565714359283	0.7754585146903992	0.6754159331321716
1060	0.005235808901488781	0.1526680439710617	0.7755829691886902	0.6754833459854126
1061	0.005268903449177742	0.1528063863515854	0.775603711605072	0.6754735708236694
1062	0.005262820981442928	0.15291965007781982	0.7755250930786133	0.6754000782966614
1063	0.005396915599703789	0.1529558300971985	0.7757725119590759	0.6753767728805542
1064	0.005244127940386534	0.15290604531764984	0.7757570147514343	0.6753518581390381
1065	0.005255618132650852	0.15277549624443054	0.7754024267196655	0.6752902865409851
1066	0.005488774739205837	0.15276628732681274	0.7746687531471252	0.6749275326728821
1067	0.005327793303877115	0.15284959971904755	0.773983359336853	0.6742458343505859
1068	0.005325694102793932	0.15295617282390594	0.7737923860549927	0.6737545728683472
1069	0.00530313840135932	0.1529005616903305	0.7741350531578064	0.67376708984375
1070	0.005229393020272255	0.15283575654029846	0.774416983127594	0.674001157283783
1071	0.005354233086109161	0.15280099213123322	0.774894118309021	0.6745408177375793
1072	0.005273928865790367	0.15275157988071442	0.7754453420639038	0.6751869320869446
1073	0.00532114040106535	0.15285861492156982	0.7755334377288818	0.6754022240638733
1074	0.005294947884976864	0.1528916209936142	0.7755039930343628	0.6755411028862
1075	0.005216958466917276	0.15283039212226868	0.7755374312400818	0.6756244897842407
1076	0.0053966776467859745	0.1528192013502121	0.7752341628074646	0.6755538582801819
1077	0.005323353689163923	0.15280936658382416	0.7750664353370667	0.6754434108734131
1078	0.005347546190023422	0.15279549360275269	0.7753501534461975	0.6752506494522095
1079	0.005256321746855974	0.1527843177318573	0.7757139801979065	0.6752926707267761
1080	0.005293606780469418	0.15282195806503296	0.7760593295097351	0.6756002902984619
1081	0.005410703364759684	0.1527719497680664	0.7762659192085266	0.6761066913604736
1082	0.0052233547903597355	0.15262092649936676	0.7762960195541382	0.6767829656600952
1083	0.005319535732269287	0.15250316262245178	0.7759776711463928	0.6771095395088196
1084	0.005215466488152742	0.1524847447872162	0.7754784822463989	0.6769381761550903
1085	0.0053058951161801815	0.1526104360818863	0.7748523950576782	0.6764122843742371
1086	0.005376914981752634	0.1528564691543579	0.7743713855743408	0.6757482290267944
1087	0.005247560329735279	0.15303020179271698	0.774138867855072	0.6752322316169739
1088	0.005297139286994934	0.1530439257621765	0.7739027738571167	0.6747986674308777
1089	0.005283619277179241	0.1530987024307251	0.7735176682472229	0.6741794943809509
1090	0.00517550203949213	0.15316027402877808	0.7730863690376282	0.673805832862854
1091	0.005231482908129692	0.15327556431293488	0.7727845907211304	0.6734747886657715
1092	0.005251748487353325	0.15333621203899384	0.7731065154075623	0.6732796430587769
1093	0.005261471029371023	0.15324099361896515	0.773749589920044	0.6733871102333069
1094	0.005169274285435677	0.15308959782123566	0.7741567492485046	0.673515260219574
1095	0.005161437205970287	0.1529756486415863	0.7740116119384766	0.6734862923622131
1096	0.005169283598661423	0.15297210216522217	0.773544192314148	0.6733410358428955
1097	0.005283075384795666	0.1529025435447693	0.7733880281448364	0.6734268069267273
1098	0.0052555459551513195	0.15290957689285278	0.7731496691703796	0.6735275387763977
1099	0.005278652999550104	0.15280288457870483	0.7732532024383545	0.6736875772476196
1100	0.005333390552550554	0.15274150669574738	0.7737107872962952	0.6737878918647766
1101	0.005175954662263393	0.15267960727214813	0.7740721702575684	0.6739080548286438
1102	0.0051146866753697395	0.15268732607364655	0.7744478583335876	0.674056887626648
1103	0.005196035839617252	0.15271106362342834	0.7746656537055969	0.6741012334823608
1104	0.0051292432472109795	0.15289179980754852	0.7745447158813477	0.6740850210189819
1105	0.00524667464196682	0.15302665531635284	0.774406909942627	0.6740348935127258
1106	0.005134322680532932	0.1529756784439087	0.7747334837913513	0.674494743347168
1107	0.005067444406449795	0.15292194485664368	0.7751117944717407	0.6748219132423401
1108	0.005260443780571222	0.15285107493400574	0.7752341628074646	0.675078272819519
1109	0.005230898503214121	0.15274830162525177	0.7755109071731567	0.6755077242851257
1110	0.005226145498454571	0.15272125601768494	0.775558352470398	0.6759205460548401
1111	0.005117307882755995	0.15268035233020782	0.7757002711296082	0.676210343837738
1112	0.005181189626455307	0.1526658833026886	0.7755606770515442	0.6763008236885071
1113	0.005190081428736448	0.15259218215942383	0.7757142186164856	0.6766911149024963
1114	0.005124398972839117	0.15248441696166992	0.7758926153182983	0.6767451167106628
1115	0.005103833042085171	0.15239396691322327	0.775892436504364	0.6765121817588806
1116	0.005215863231569529	0.15244212746620178	0.7754925489425659	0.6760759949684143
1117	0.005074578803032637	0.15242187678813934	0.7749688029289246	0.6757215857505798
1118	0.005039416719228029	0.15247157216072083	0.774619460105896	0.6753539443016052
1119	0.005103517323732376	0.1525292843580246	0.7745566368103027	0.675079882144928
1120	0.004999363794922829	0.15261265635490417	0.7748586535453796	0.6749864220619202
1121	0.0050514498725533485	0.15261325240135193	0.7751568555831909	0.6748837232589722
1122	0.005126743111759424	0.15259115397930145	0.7752223610877991	0.6745932698249817
1123	0.004914409946650267	0.15257996320724487	0.7750581502914429	0.6741331815719604
1124	0.00509448628872633	0.15250442922115326	0.7748766541481018	0.6739720106124878
1125	0.005116881337016821	0.15252675116062164	0.7745590209960938	0.6739394664764404
1126	0.0050673941150307655	0.15268468856811523	0.774319589138031	0.6738952398300171
1127	0.005079162772744894	0.1528119444847107	0.774299144744873	0.6742292046546936
1128	0.005107537377625704	0.15291394293308258	0.774358332157135	0.6746384501457214
1129	0.0050652665086090565	0.15284088253974915	0.7746884822845459	0.6750416159629822
1130	0.0051339659839868546	0.1527106761932373	0.7748138904571533	0.675097644329071
1131	0.0049786935560405254	0.15268288552761078	0.7746827006340027	0.674907922744751
1132	0.005171237047761679	0.1527315378189087	0.7743486762046814	0.6745299100875854
1133	0.005005283746868372	0.15271808207035065	0.7742571234703064	0.674462080001831
1134	0.005174102261662483	0.15259325504302979	0.7742561101913452	0.6746796369552612
1135	0.005254663527011871	0.15263891220092773	0.7742375731468201	0.674871563911438
1136	0.005117020104080439	0.1527615338563919	0.7743209600448608	0.6749281287193298
1137	0.0050162672996521	0.15294410288333893	0.7745413780212402	0.6747405529022217
1138	0.0050475867465138435	0.15310126543045044	0.7746983170509338	0.6744348406791687
1139	0.005054002162069082	0.15307289361953735	0.7751423120498657	0.674287736415863
1140	0.005099824164062738	0.15290647745132446	0.7754374742507935	0.6742140054702759
1141	0.0050491150468587875	0.15277481079101562	0.7755337953567505	0.674199640750885
1142	0.005101216956973076	0.15281736850738525	0.7751898169517517	0.6738618016242981
1143	0.005023191217333078	0.1529509425163269	0.7746344208717346	0.6734634041786194
1144	0.005143637768924236	0.15295569598674774	0.7745184302330017	0.6732635498046875
1145	0.005170927383005619	0.1529642939567566	0.7743966579437256	0.6731382012367249
1146	0.005025869235396385	0.1529775708913803	0.7741681933403015	0.6729347109794617
1147	0.005033600144088268	0.1530722975730896	0.7740438580513	0.6728026866912842
1148	0.004949434194713831	0.1531255841255188	0.7741307020187378	0.6731088757514954
1149	0.005042556673288345	0.15320169925689697	0.773952305316925	0.6733773946762085
1150	0.004974992945790291	0.15310271084308624	0.7740225791931152	0.6740316152572632
1151	0.004947554785758257	0.15303462743759155	0.7738794684410095	0.6745245456695557
1152	0.004901450593024492	0.15294216573238373	0.7738878130912781	0.6748392581939697
1153	0.005125880241394043	0.15300315618515015	0.7742089033126831	0.6748437285423279
1154	0.005077248904854059	0.1530192792415619	0.7745916843414307	0.6746018528938293
1155	0.004934336524456739	0.1529524028301239	0.7749455571174622	0.6742953658103943
1156	0.004922411870211363	0.1530599743127823	0.7746694087982178	0.6734388470649719
1157	0.005092476028949022	0.15299919247627258	0.7740887403488159	0.672532320022583
1158	0.004941847175359726	0.15288512408733368	0.7734052538871765	0.6719467043876648
1159	0.00504263723269105	0.1528686136007309	0.7728329300880432	0.6715368628501892
1160	0.004936217796057463	0.15290586650371552	0.7725514769554138	0.6712258458137512
1161	0.0050047654658555984	0.15300562977790833	0.7727265954017639	0.6711650490760803
1162	0.004901341628283262	0.15311451256275177	0.7732294201850891	0.6711137294769287
1163	0.004897372331470251	0.1532142162322998	0.7735739350318909	0.6711149215698242
1164	0.004832307808101177	0.15322726964950562	0.7739439010620117	0.6713258028030396
1165	0.004816663917154074	0.15319231152534485	0.7741585373878479	0.6717077493667603
1166	0.0050606150180101395	0.15316270291805267	0.7740640044212341	0.6721471548080444
1167	0.005019184667617083	0.15314948558807373	0.7739136219024658	0.6724843382835388
1168	0.005021015182137489	0.15316011011600494	0.7737727165222168	0.6727880835533142
1169	0.004981644917279482	0.15315879881381989	0.7737674117088318	0.672922670841217
1170	0.004998086951673031	0.1530553102493286	0.7737923264503479	0.6729580760002136
1171	0.005075054708868265	0.15289908647537231	0.7740406394004822	0.6729922294616699
1172	0.0050350758247077465	0.15273453295230865	0.774140477180481	0.6729567646980286
1173	0.004941517952829599	0.15265479683876038	0.774167537689209	0.6728842258453369
1174	0.005013589281588793	0.1526706963777542	0.7740689516067505	0.6727004647254944
1175	0.0049869464710354805	0.15271998941898346	0.7740881443023682	0.6725877523422241
1176	0.004840755369514227	0.15273329615592957	0.7740596532821655	0.6726332306861877
1177	0.004962889477610588	0.152695432305336	0.774013876914978	0.6727144122123718
1178	0.004997645039111376	0.15264800190925598	0.7740529775619507	0.6729815602302551
1179	0.004917008802294731	0.1526980996131897	0.7739946246147156	0.6732227802276611
1180	0.005018149968236685	0.15272681415081024	0.7740477323532104	0.6734142303466797
1181	0.004944240674376488	0.1526518166065216	0.77458256483078	0.6739460229873657
1182	0.004900272469967604	0.1524423509836197	0.7754088044166565	0.6742730736732483
1183	0.004921508952975273	0.152358740568161	0.7754850387573242	0.6740505695343018
1184	0.004807421937584877	0.15242017805576324	0.7752352952957153	0.6737823486328125
1185	0.0049204532988369465	0.15255190432071686	0.7747692465782166	0.6734039187431335
1186	0.004966212436556816	0.1526222974061966	0.7743645906448364	0.6730378270149231
1187	0.0049469745717942715	0.15268199145793915	0.7741823196411133	0.6726986765861511
1188	0.004912673495709896	0.15250007808208466	0.7743300795555115	0.6728347539901733
1189	0.004892850294709206	0.15226943790912628	0.7747549414634705	0.6732514500617981
1190	0.004898503422737122	0.1521851271390915	0.7753983736038208	0.6735861301422119
1191	0.004937891848385334	0.15233618021011353	0.7758316397666931	0.6736114025115967
1192	0.0049495878629386425	0.15254616737365723	0.775789737701416	0.6734269857406616
1193	0.004910294897854328	0.15272264182567596	0.7753303647041321	0.6733183860778809
1194	0.004871363751590252	0.15276645123958588	0.7746272087097168	0.6731939315795898
1195	0.004921835381537676	0.15264426171779633	0.7740277051925659	0.6732388734817505
1196	0.00498231453821063	0.1525513082742691	0.7737278938293457	0.6734393239021301
1197	0.004936459008604288	0.15255539119243622	0.7736790776252747	0.6738380193710327
1198	0.004817747510969639	0.15263234078884125	0.7736281156539917	0.6738829612731934
1199	0.004773839842528105	0.15268847346305847	0.7739997506141663	0.6737383008003235
1200	0.004781243856996298	0.1526094526052475	0.7745294570922852	0.6737110018730164
1201	0.004840587731450796	0.15251798927783966	0.7746465802192688	0.6735376119613647
1202	0.004899625200778246	0.15242701768875122	0.7746269702911377	0.6735657453536987
1203	0.004964727442711592	0.15234994888305664	0.7746151685714722	0.6736819744110107
1204	0.004872108343988657	0.15236487984657288	0.7742952108383179	0.6737204194068909
1205	0.0048202346079051495	0.15241169929504395	0.7742833495140076	0.6738846302032471
1206	0.004867114592343569	0.1524105668067932	0.7744404077529907	0.6740273833274841
1207	0.004795360378921032	0.15229655802249908	0.7751376628875732	0.6741900444030762
1208	0.004856235347688198	0.15225769579410553	0.7753342986106873	0.674227774143219
1209	0.0048502227291464806	0.15241293609142303	0.7749018669128418	0.6739515662193298
1210	0.004786043893545866	0.15263234078884125	0.774473249912262	0.6736305356025696
1211	0.004852293524891138	0.1528370976448059	0.7741413116455078	0.6734106540679932
1212	0.0048593939282000065	0.15290386974811554	0.7742077112197876	0.6732032895088196
1213	0.004650680348277092	0.15273930132389069	0.7745835185050964	0.673153817653656
1214	0.004923356231302023	0.1525575965642929	0.7752355337142944	0.6732032895088196
1215	0.004776422865688801	0.1524341106414795	0.7756581902503967	0.67339026927948
1216	0.004741039127111435	0.15239551663398743	0.7754249572753906	0.6733970046043396
1217	0.004873247351497412	0.15244461596012115	0.7749366760253906	0.6734156608581543
1218	0.004862516187131405	0.15255755186080933	0.7744420170783997	0.6732930541038513
1219	0.0048054964281618595	0.15258266031742096	0.7743178606033325	0.6733964085578918
1220	0.004836198408156633	0.15270069241523743	0.7742910981178284	0.6734777688980103
1221	0.004757354501634836	0.1527755856513977	0.7745457291603088	0.6738070845603943
1222	0.00485027814283967	0.15274333953857422	0.7749825716018677	0.6743350028991699
1223	0.004840745124965906	0.15272220969200134	0.7750962376594543	0.6745188236236572
1224	0.004877007100731134	0.15274053812026978	0.774659276008606	0.6745315194129944
1225	0.004820553585886955	0.15272462368011475	0.7744145393371582	0.6743786334991455
1226	0.004723704885691404	0.15272733569145203	0.7744919657707214	0.6740577816963196
1227	0.004777097143232822	0.15265659987926483	0.7748166918754578	0.6739885807037354
1228	0.004749090410768986	0.15257056057453156	0.7750431895256042	0.673737108707428
1229	0.004676522687077522	0.15242989361286163	0.7751293778419495	0.6736096143722534
1230	0.004729549400508404	0.15239112079143524	0.7751484513282776	0.6735758781433105
1231	0.0046538254246115685	0.15240219235420227	0.7750216722488403	0.6733864545822144
1232	0.004678347613662481	0.15251770615577698	0.7748290300369263	0.6730601191520691
1233	0.004773290362209082	0.1526867151260376	0.7747662663459778	0.6726009249687195
1234	0.004755423404276371	0.15275192260742188	0.7747320532798767	0.6723291873931885
1235	0.004826382268220186	0.15268732607364655	0.7744351625442505	0.672318696975708
1236	0.004765077959746122	0.1526772677898407	0.7740166187286377	0.6722440719604492
1237	0.004770507104694843	0.1526390016078949	0.7739259600639343	0.6723426580429077
1238	0.0047422051429748535	0.15264473855495453	0.774138867855072	0.6724062561988831
1239	0.004788331687450409	0.15274107456207275	0.7742730379104614	0.6723822951316833
1240	0.004804946482181549	0.15294750034809113	0.7741636037826538	0.6718584299087524
1241	0.00469482084736228	0.15302470326423645	0.7738324999809265	0.671367883682251
1242	0.004821161739528179	0.1529499739408493	0.7735363245010376	0.6712802052497864
1243	0.00468613812699914	0.1527705043554306	0.7733362317085266	0.6715371012687683
1244	0.004701471887528896	0.15275345742702484	0.7730454802513123	0.6718467473983765
1245	0.004680206999182701	0.15283429622650146	0.7729695439338684	0.6720987558364868
1246	0.00463150255382061	0.15286804735660553	0.7730606198310852	0.6721360683441162
1247	0.0047713834792375565	0.15287454426288605	0.7733471393585205	0.6720700860023499
1248	0.004720140248537064	0.15276667475700378	0.7736824750900269	0.6722237467765808
1249	0.004787101410329342	0.15271590650081635	0.7737659811973572	0.6721851825714111
1250	0.0047096433117985725	0.15272562205791473	0.773419201374054	0.6718050241470337
1251	0.00468785222619772	0.15278181433677673	0.7731217741966248	0.6714928150177002
1252	0.004627847112715244	0.15277326107025146	0.7733741402626038	0.671604573726654
1253	0.004797925241291523	0.1526743322610855	0.7740506529808044	0.6718817353248596
1254	0.004749946296215057	0.15248478949069977	0.7747960686683655	0.672441303730011
1255	0.004744526464492083	0.15234994888305664	0.7751736640930176	0.6727752089500427
1256	0.004760547075420618	0.15227848291397095	0.7750208973884583	0.6727481484413147
1257	0.004840875044465065	0.1523696929216385	0.7747399210929871	0.6726498603820801
1258	0.004579767119139433	0.152516707777977	0.7746049761772156	0.6724536418914795
1259	0.00461859256029129	0.15257485210895538	0.7746596932411194	0.6722341179847717
1260	0.00481799803674221	0.15241006016731262	0.7753069400787354	0.6724448204040527
1261	0.004736542701721191	0.15224456787109375	0.7760605812072754	0.6729046106338501
1262	0.004627116024494171	0.15220050513744354	0.7764835953712463	0.6733292937278748
1263	0.004727092105895281	0.15228617191314697	0.7764026522636414	0.6735051870346069
1264	0.00463145924732089	0.15244735777378082	0.7758850455284119	0.6735028624534607
1265	0.004708650056272745	0.15271525084972382	0.7748547196388245	0.673151969909668
1266	0.00472397543489933	0.15273641049861908	0.7742099165916443	0.6730007529258728
1267	0.004832532722502947	0.15278612077236176	0.7735949158668518	0.6725035309791565
1268	0.004718358162790537	0.15274247527122498	0.7733817100524902	0.6720093488693237
1269	0.00459483964368701	0.15275809168815613	0.7734248638153076	0.6714643836021423
1270	0.004656509961932898	0.15278859436511993	0.7736905217170715	0.6709708571434021
1271	0.004661723505705595	0.152608722448349	0.7739080190658569	0.6710163950920105
1272	0.004735064227133989	0.15244059264659882	0.7741215825080872	0.6714534163475037
1273	0.004731289576739073	0.15239378809928894	0.7744255661964417	0.6719185709953308
1274	0.004639567341655493	0.15246757864952087	0.7745727896690369	0.6725765466690063
1275	0.004605589434504509	0.15257595479488373	0.7743889689445496	0.6730331182479858
1276	0.0046330965124070644	0.15258069336414337	0.7742821574211121	0.6733071208000183
1277	0.00461387075483799	0.15253806114196777	0.7740106582641602	0.6733725666999817
1278	0.004643352702260017	0.15256257355213165	0.7737280130386353	0.6729562878608704
1279	0.00467820605263114	0.15252412855625153	0.7736325263977051	0.6725073456764221
1280	0.004688392858952284	0.15244124829769135	0.7736649513244629	0.671964704990387
1281	0.004583168774843216	0.15242338180541992	0.7737209796905518	0.6715890169143677
1282	0.004672216717153788	0.15250922739505768	0.7736545205116272	0.6713671684265137
1283	0.004724449478089809	0.15271297097206116	0.7733747363090515	0.6712976098060608
1284	0.0046694958582520485	0.1528652012348175	0.7732142210006714	0.6714441776275635
1285	0.004603294655680656	0.15286004543304443	0.7732900977134705	0.6714107394218445
1286	0.00468630762770772	0.1527225524187088	0.7734277844429016	0.671487033367157
1287	0.004566397983580828	0.15243779122829437	0.7739667892456055	0.6717420816421509
1288	0.004740255884826183	0.15224546194076538	0.7742571234703064	0.6719740629196167
1289	0.0046346839517354965	0.15211841464042664	0.7745508551597595	0.6722404956817627
1290	0.004696308635175228	0.1521870493888855	0.7743790745735168	0.6723293662071228
1291	0.004700551740825176	0.15239758789539337	0.7738396525382996	0.6721035242080688
1292	0.00464881956577301	0.15276086330413818	0.7732419371604919	0.6715688109397888
1293	0.004589675925672054	0.15298622846603394	0.7729101777076721	0.6710436940193176
1294	0.004708583001047373	0.15293844044208527	0.7730616331100464	0.6707951426506042
1295	0.004594142083078623	0.15287341177463531	0.7733145952224731	0.6706550717353821
1296	0.004563257563859224	0.15278619527816772	0.7732775211334229	0.6704825162887573
1297	0.004586888011544943	0.15279915928840637	0.7731451392173767	0.6702237725257874
1298	0.004519505891948938	0.15281076729297638	0.7727421522140503	0.6699179410934448
1299	0.00457895640283823	0.1529540866613388	0.7724044919013977	0.6697486042976379
1300	0.004567572381347418	0.1531943529844284	0.7719967365264893	0.6696379780769348
1301	0.004602473229169846	0.15333352982997894	0.7718667387962341	0.6695969104766846
1302	0.004666229709982872	0.15341073274612427	0.7722481489181519	0.6697486639022827
1303	0.004490713123232126	0.15331733226776123	0.7725651860237122	0.6698988080024719
1304	0.004761837422847748	0.1532336324453354	0.7725897431373596	0.6700127124786377
1305	0.004571250639855862	0.1531633734703064	0.7724547386169434	0.6702547669410706
1306	0.004655055236071348	0.15312550961971283	0.7718935012817383	0.6703917980194092
1307	0.004647181835025549	0.15319833159446716	0.7713283896446228	0.6701416373252869
1308	0.004696388728916645	0.15326930582523346	0.7711923122406006	0.6701445579528809
1309	0.00453904876485467	0.15319938957691193	0.7715275883674622	0.6704422831535339
1310	0.004553840029984713	0.15309344232082367	0.7721967697143555	0.6709458827972412
1311	0.004637455567717552	0.15315279364585876	0.7725377082824707	0.6710931658744812
1312	0.004651754163205624	0.15326489508152008	0.7723784446716309	0.6711398959159851
1313	0.004552518483251333	0.1532725691795349	0.7719147205352783	0.6711281538009644
1314	0.004664385225623846	0.15321971476078033	0.7716035842895508	0.671149492263794
1315	0.0046100132167339325	0.15300461649894714	0.7717782258987427	0.6713442802429199
1316	0.0044720591977238655	0.1527128517627716	0.7724519371986389	0.6717051863670349
1317	0.004545766394585371	0.15257848799228668	0.7732110619544983	0.6721175312995911
1318	0.004563382361084223	0.1524883508682251	0.7741091847419739	0.6723954677581787
1319	0.004584555048495531	0.1524667739868164	0.7745572328567505	0.672379732131958
1320	0.004540366120636463	0.1523851901292801	0.7745754718780518	0.6721920371055603
1321	0.0045247464440763	0.15235339105129242	0.7741466760635376	0.6718799471855164
1322	0.004596122540533543	0.15243051946163177	0.7735248804092407	0.6714450716972351
1323	0.004538819193840027	0.15245117247104645	0.7733106017112732	0.6711902618408203
1324	0.004455942660570145	0.15248119831085205	0.7734361290931702	0.6713992953300476
1325	0.004528945777565241	0.15267431735992432	0.7737091183662415	0.671841561794281
1326	0.004534470848739147	0.15286023914813995	0.7738783359527588	0.6723170876502991
1327	0.004509483464062214	0.1529952734708786	0.7736527323722839	0.6724961400032043
1328	0.004578367806971073	0.1529897004365921	0.7732555866241455	0.6724599599838257
1329	0.004600171465426683	0.15280789136886597	0.7728758454322815	0.6722583174705505
1330	0.004528888035565615	0.1526881456375122	0.7729034423828125	0.6719353199005127
1331	0.004552891477942467	0.15261875092983246	0.7732772827148438	0.6718654036521912
1332	0.004433685448020697	0.15242896974086761	0.7741627097129822	0.6721437573432922
1333	0.0046296436339616776	0.15236644446849823	0.7746378779411316	0.6721471548080444
1334	0.004547525197267532	0.15237507224082947	0.7745749354362488	0.6719902753829956
1335	0.004502087365835905	0.15242886543273926	0.7740012407302856	0.6718567609786987
1336	0.004487025551497936	0.15252062678337097	0.7732263803482056	0.6716877818107605
1337	0.00447975704446435	0.15260620415210724	0.7728518843650818	0.6718425154685974
1338	0.004455601796507835	0.15255996584892273	0.7732400298118591	0.6722540855407715
1339	0.004440545104444027	0.15248547494411469	0.7739963531494141	0.6726734042167664
1340	0.004524781834334135	0.15251517295837402	0.7744123935699463	0.6729617118835449
1341	0.004358908161520958	0.15252195298671722	0.7743608951568604	0.6728807687759399
1342	0.004555659368634224	0.1525692194700241	0.7740297317504883	0.6725872755050659
1343	0.00442340737208724	0.15251359343528748	0.7735528945922852	0.6724570989608765
1344	0.004476846195757389	0.15237288177013397	0.7733985185623169	0.6723038554191589
1345	0.004477213602513075	0.1523154228925705	0.7731932997703552	0.6720066666603088
1346	0.004556202329695225	0.15235382318496704	0.7731777429580688	0.6715670228004456
1347	0.00451666722074151	0.15252235531806946	0.7733398675918579	0.6711061596870422
1348	0.004470427054911852	0.15269528329372406	0.77350914478302	0.6707733869552612
1349	0.004385114181786776	0.1528840810060501	0.7734561562538147	0.6705718636512756
1350	0.004445013590157032	0.15287978947162628	0.7733477354049683	0.6705160737037659
1351	0.004454982932657003	0.15263263881206512	0.7733567357063293	0.6708203554153442
1352	0.0044702463783323765	0.1523512303829193	0.7733810544013977	0.6712893843650818
1353	0.004564912058413029	0.15220734477043152	0.7735129594802856	0.6717126965522766
1354	0.004511722829192877	0.1523299664258957	0.7738146185874939	0.6716018319129944
1355	0.004481340758502483	0.15263806283473969	0.7740068435668945	0.671262800693512
1356	0.00437115877866745	0.15290315449237823	0.7740311622619629	0.6708552241325378
1357	0.0043737334199249744	0.15293321013450623	0.7738009691238403	0.6703813076019287
1358	0.0044281622394919395	0.15269118547439575	0.7735058069229126	0.6701301336288452
1359	0.004517256747931242	0.15248379111289978	0.7731205821037292	0.6698095798492432
1360	0.0044512622989714146	0.15239788591861725	0.7729496955871582	0.6696929931640625
1361	0.004399626981467009	0.15246891975402832	0.7729107141494751	0.6698232889175415
1362	0.00447266548871994	0.15284350514411926	0.7725496292114258	0.6695675253868103
1363	0.004335192032158375	0.1531990021467209	0.7724583745002747	0.6694869995117188
1364	0.004448345862329006	0.15318681299686432	0.7726141214370728	0.669655978679657
1365	0.004486145451664925	0.15303876996040344	0.7727712392807007	0.6699777841567993
1366	0.004389024805277586	0.15278567373752594	0.7727887630462646	0.67030930519104
1367	0.004421556368470192	0.15266314148902893	0.7728257179260254	0.6704752445220947
1368	0.004487331956624985	0.15272805094718933	0.7728183269500732	0.6705139875411987
1369	0.004426894243806601	0.15286198258399963	0.772713840007782	0.6704752445220947
1370	0.004405527841299772	0.1530337780714035	0.7720561027526855	0.6701820492744446
1371	0.004429802298545837	0.15305091440677643	0.7716865539550781	0.6700599193572998
1372	0.00447874516248703	0.15296924114227295	0.7714110612869263	0.6699931025505066
1373	0.004418297670781612	0.15292781591415405	0.7713005542755127	0.6699226498603821
1374	0.00435278657823801	0.15290944278240204	0.7716342210769653	0.6698843240737915
1375	0.0043276222422719	0.15301679074764252	0.7722522020339966	0.669959306716919
1376	0.004392713308334351	0.15314286947250366	0.7726179957389832	0.6699867248535156
1377	0.0044251494109630585	0.1532265543937683	0.7727207541465759	0.6700881123542786
1378	0.004431797657161951	0.15316583216190338	0.7725393176078796	0.6700339913368225
1379	0.004405430983752012	0.15287823975086212	0.772613525390625	0.6702619194984436
1380	0.004401533864438534	0.1526813507080078	0.772685170173645	0.6703884601593018
1381	0.004330936819314957	0.1527089625597	0.7725849151611328	0.6701207160949707
1382	0.0044912355951964855	0.1528387814760208	0.7725211381912231	0.6698415875434875
1383	0.004396962001919746	0.1529034823179245	0.7725723385810852	0.6697628498077393
1384	0.004451194312423468	0.15283887088298798	0.772754967212677	0.6696680188179016
1385	0.004388697911053896	0.15283924341201782	0.7727562785148621	0.6696679592132568
1386	0.0044530294835567474	0.15291176736354828	0.7727537155151367	0.6698737740516663
1387	0.004412578884512186	0.15291821956634521	0.7725385427474976	0.6701266765594482
1388	0.004361559171229601	0.1527940034866333	0.7726658582687378	0.670625627040863
1389	0.004486211575567722	0.15269500017166138	0.7729003429412842	0.6710497140884399
1390	0.004363833460956812	0.15253858268260956	0.7734025120735168	0.6715539693832397
1391	0.00437976373359561	0.15247535705566406	0.7738345265388489	0.6718367338180542
1392	0.004327143542468548	0.15247802436351776	0.7739006876945496	0.6716516017913818
1393	0.004386482760310173	0.1526232808828354	0.773531973361969	0.6712495684623718
1394	0.004470451269298792	0.15263421833515167	0.7728764414787292	0.6707988977432251
1395	0.004318876191973686	0.152654767036438	0.7719331383705139	0.6701784729957581
1396	0.00437361653894186	0.1527232527732849	0.7712556719779968	0.6696367859840393
1397	0.004332846030592918	0.1527828574180603	0.7713010907173157	0.6695943474769592
1398	0.004448008257895708	0.15289871394634247	0.7717692255973816	0.6696202158927917
1399	0.0043574790470302105	0.1529824435710907	0.7726485729217529	0.6697651147842407
1400	0.004282504320144653	0.152882382273674	0.7733232975006104	0.6698843240737915
1401	0.004356649704277515	0.15252377092838287	0.7738966941833496	0.6699633598327637
1402	0.004391084425151348	0.152323916554451	0.773590624332428	0.6697655916213989
1403	0.004389910493046045	0.152243971824646	0.7730607986450195	0.6699126362800598
1404	0.004382987041026354	0.15233376622200012	0.7726622223854065	0.6701229810714722
1405	0.004278030712157488	0.15244266390800476	0.7725458145141602	0.670341968536377
1406	0.004496720153838396	0.1524638831615448	0.7728489637374878	0.670840859413147
1407	0.004305175039917231	0.1524895578622818	0.7730459570884705	0.6710095405578613
1408	0.004330572206526995	0.15247613191604614	0.7731843590736389	0.6710536479949951
1409	0.004258616361767054	0.15237265825271606	0.7732940912246704	0.6710238456726074
1410	0.00439761858433485	0.15234091877937317	0.7734167575836182	0.6709153056144714
1411	0.004308681003749371	0.15228745341300964	0.7732169032096863	0.6708725690841675
1412	0.0044587599113583565	0.15244273841381073	0.7725566625595093	0.6706768870353699
1413	0.0043021077290177345	0.15270103514194489	0.7718147039413452	0.6702703237533569
1414	0.004413677379488945	0.15299107134342194	0.7713319659233093	0.6698346734046936
1415	0.004325358662754297	0.15310069918632507	0.7714902758598328	0.6694905161857605
1416	0.004246578086167574	0.15309104323387146	0.7717215418815613	0.6692007184028625
1417	0.004466571845114231	0.15314987301826477	0.7717552781105042	0.6690628528594971
1418	0.0042751021683216095	0.15316763520240784	0.7716792821884155	0.6689673066139221
1419	0.00425423588603735	0.15307556092739105	0.771638035774231	0.6692568063735962
1420	0.004380140453577042	0.15302884578704834	0.7715518474578857	0.6695640683174133
1421	0.004343554377555847	0.15275943279266357	0.7717231512069702	0.6700844168663025
