epoch	train_loss	test_loss	test_metric
0	0.15042594075202942	0.1406567543745041	0.31467264890670776
1	0.15019942820072174	0.14188137650489807	0.3035435676574707
2	0.14731088280677795	0.1424075812101364	0.30082905292510986
3	0.1467328518629074	0.14291639626026154	0.29916664958000183
4	0.14662323892116547	0.14380566775798798	0.29548710584640503
5	0.14345045387744904	0.14433149993419647	0.2949019968509674
6	0.14431127905845642	0.1443386673927307	0.30306482315063477
7	0.14377181231975555	0.14439477026462555	0.3068925142288208
8	0.14433135092258453	0.14441174268722534	0.3109124004840851
9	0.14294898509979248	0.14440569281578064	0.3170486092567444
10	0.14332808554172516	0.14442788064479828	0.3219890594482422
11	0.14301590621471405	0.1444101631641388	0.3264504075050354
12	0.14167453348636627	0.14432460069656372	0.33217865228652954
13	0.1410321444272995	0.14446717500686646	0.3358578681945801
14	0.14384593069553375	0.1443503350019455	0.3375091552734375
15	0.14178726077079773	0.1441839039325714	0.3397945761680603
16	0.1412580907344818	0.14408409595489502	0.3376487195491791
17	0.142014279961586	0.14379501342773438	0.33922097086906433
18	0.1412849724292755	0.1434783935546875	0.3404311537742615
19	0.13945141434669495	0.14311037957668304	0.3421975076198578
20	0.13862304389476776	0.14267487823963165	0.34448570013046265
21	0.13979962468147278	0.14219480752944946	0.3472488224506378
22	0.1383626013994217	0.14187660813331604	0.3474787771701813
23	0.13927528262138367	0.1413150578737259	0.3467584550380707
24	0.14054875075817108	0.14058251678943634	0.35242733359336853
25	0.1378462016582489	0.14013859629631042	0.3549838960170746
26	0.13734199106693268	0.13984689116477966	0.3561837077140808
27	0.1376800835132599	0.13933663070201874	0.35860544443130493
28	0.13712960481643677	0.13931916654109955	0.3554760217666626
29	0.13676750659942627	0.13909882307052612	0.3562324047088623
30	0.13693839311599731	0.13877885043621063	0.3575645685195923
31	0.13793052732944489	0.13847018778324127	0.35913994908332825
32	0.13752087950706482	0.1382577121257782	0.3638998866081238
33	0.1361633688211441	0.13815920054912567	0.3664660155773163
34	0.1359759271144867	0.13820448517799377	0.36827680468559265
35	0.136106476187706	0.13831675052642822	0.3705805242061615
36	0.13577352464199066	0.1385316550731659	0.3730819523334503
37	0.13555777072906494	0.1390131264925003	0.3772251009941101
38	0.1369788497686386	0.13947081565856934	0.3802613615989685
39	0.1338471621274948	0.1403810828924179	0.3803843855857849
40	0.13484597206115723	0.14061617851257324	0.38441482186317444
41	0.13605517148971558	0.14119045436382294	0.3846045434474945
42	0.1353357881307602	0.14148202538490295	0.3838726878166199
43	0.13627389073371887	0.141475111246109	0.38558652997016907
44	0.13550600409507751	0.14121723175048828	0.3866099715232849
45	0.13383574783802032	0.14086481928825378	0.389509379863739
46	0.13439753651618958	0.14055222272872925	0.39113694429397583
47	0.13273583352565765	0.14019080996513367	0.3912396728992462
48	0.13327838480472565	0.13944749534130096	0.3942703604698181
49	0.1319286972284317	0.13862919807434082	0.39792314171791077
50	0.13405658304691315	0.13779114186763763	0.3995663821697235
51	0.13371306657791138	0.13686764240264893	0.40157797932624817
52	0.13320709764957428	0.1362975686788559	0.4038849472999573
53	0.1351030021905899	0.13607819378376007	0.40719926357269287
54	0.13283155858516693	0.13586275279521942	0.41124823689460754
55	0.13176806271076202	0.13593794405460358	0.41619688272476196
56	0.13155017793178558	0.13635404407978058	0.4209161400794983
57	0.12799744307994843	0.1366841048002243	0.42200756072998047
58	0.13000887632369995	0.13727711141109467	0.42395907640457153
59	0.13081824779510498	0.13782568275928497	0.4253937602043152
60	0.13076560199260712	0.1385083645582199	0.4263232350349426
61	0.13103584945201874	0.13872721791267395	0.426251620054245
62	0.1296979933977127	0.1386726349592209	0.42697781324386597
63	0.1316033899784088	0.13850030303001404	0.4249359965324402
64	0.1318841427564621	0.13802509009838104	0.4303002953529358
65	0.12855389714241028	0.13716045022010803	0.4324602484703064
66	0.12967582046985626	0.13638247549533844	0.4331476390361786
67	0.13103121519088745	0.1355554163455963	0.4315028488636017
68	0.12795032560825348	0.13450811803340912	0.42697668075561523
69	0.1272011250257492	0.13426856696605682	0.42766085267066956
70	0.1291295439004898	0.1341010183095932	0.4275258183479309
71	0.12688134610652924	0.13443228602409363	0.42302605509757996
72	0.12834058701992035	0.13422274589538574	0.42426857352256775
73	0.1284881830215454	0.1342926323413849	0.4251635670661926
74	0.1284012794494629	0.1348700076341629	0.4266939163208008
75	0.1275009661912918	0.13490180671215057	0.4263177514076233
76	0.1273072212934494	0.13578258454799652	0.42758670449256897
77	0.1275787055492401	0.1367044746875763	0.4247031807899475
78	0.12717273831367493	0.1372063159942627	0.4246123731136322
79	0.12843166291713715	0.1376468986272812	0.42738544940948486
80	0.1276332587003708	0.13800771534442902	0.4257304072380066
81	0.1279151737689972	0.13796640932559967	0.4232408106327057
82	0.12762148678302765	0.13755382597446442	0.4239862263202667
83	0.1264147311449051	0.13713902235031128	0.4231152832508087
84	0.1252673715353012	0.1361865997314453	0.42473989725112915
85	0.12579652667045593	0.13563397526741028	0.4218999147415161
86	0.12724895775318146	0.13546541333198547	0.41752511262893677
87	0.12666696310043335	0.1352808028459549	0.41624340415000916
88	0.1259799599647522	0.13531675934791565	0.413223534822464
89	0.12700267136096954	0.1355113536119461	0.41294071078300476
90	0.12542717158794403	0.13572068512439728	0.4140114486217499
91	0.12365902215242386	0.13607104122638702	0.4170067608356476
92	0.12496907263994217	0.13617461919784546	0.4235258996486664
93	0.12596069276332855	0.13669122755527496	0.42435190081596375
94	0.12437676638364792	0.13719035685062408	0.42896389961242676
95	0.12443803250789642	0.13739624619483948	0.4345141649246216
96	0.12402138113975525	0.13753022253513336	0.43329983949661255
97	0.12493651360273361	0.13726158440113068	0.4329681396484375
98	0.12455515563488007	0.1366095095872879	0.4327838122844696
99	0.12494653463363647	0.1356818825006485	0.43493786454200745
100	0.12534953653812408	0.13445131480693817	0.43891507387161255
101	0.12430723011493683	0.13359452784061432	0.4383283853530884
102	0.12335557490587234	0.13245244324207306	0.4394724667072296
103	0.1250721514225006	0.13209620118141174	0.43838319182395935
104	0.12405163794755936	0.13246384263038635	0.4332016110420227
105	0.12405440956354141	0.1329672634601593	0.4303150475025177
106	0.12308941781520844	0.1333705484867096	0.4262879490852356
107	0.12438169121742249	0.13393503427505493	0.4227655827999115
108	0.12393492460250854	0.13482628762722015	0.4227756857872009
109	0.12352559715509415	0.1357336938381195	0.4214078485965729
110	0.12296907603740692	0.13626104593276978	0.42090699076652527
111	0.12228678166866302	0.13648945093154907	0.42133480310440063
112	0.12179985642433167	0.1367236077785492	0.42138394713401794
113	0.12202589213848114	0.1364847868680954	0.42500802874565125
114	0.12308937311172485	0.1361226737499237	0.427833616733551
115	0.12507258355617523	0.13587121665477753	0.42546799778938293
116	0.12199662625789642	0.13524360954761505	0.42505642771720886
117	0.12187626212835312	0.13450105488300323	0.42522475123405457
118	0.12129315733909607	0.13480035960674286	0.41541558504104614
119	0.12160500138998032	0.13420461118221283	0.4171903729438782
120	0.12145939469337463	0.1334812194108963	0.42003849148750305
121	0.12118534743785858	0.13334232568740845	0.4196305572986603
122	0.12056206911802292	0.13321691751480103	0.41954711079597473
123	0.12170863151550293	0.13309964537620544	0.4220128059387207
124	0.12405670434236526	0.13331344723701477	0.41827765107154846
125	0.12244687974452972	0.13300146162509918	0.425698846578598
126	0.1218724250793457	0.13326849043369293	0.4258301556110382
127	0.12196347862482071	0.13407492637634277	0.42181870341300964
128	0.11952880769968033	0.13466031849384308	0.42927947640419006
129	0.11995496600866318	0.1353776901960373	0.4288684129714966
130	0.12137579917907715	0.1356258988380432	0.429505854845047
131	0.1210087314248085	0.13583159446716309	0.4278824031352997
132	0.11995843052864075	0.13563896715641022	0.4285507798194885
133	0.11842475086450577	0.1350724995136261	0.42921188473701477
134	0.12130066007375717	0.13456256687641144	0.42952296137809753
135	0.12146583944559097	0.13478270173072815	0.42525148391723633
136	0.11911705881357193	0.13447076082229614	0.42370668053627014
137	0.12130378186702728	0.1342046558856964	0.42214202880859375
138	0.12041217088699341	0.13376817107200623	0.42579883337020874
139	0.11766727268695831	0.13350243866443634	0.43069958686828613
140	0.11927786469459534	0.13370230793952942	0.4317791759967804
141	0.12130063772201538	0.13409721851348877	0.4323669970035553
142	0.11968287825584412	0.13446509838104248	0.4306349456310272
143	0.11856911331415176	0.13456577062606812	0.43114134669303894
144	0.11914340406656265	0.1344016045331955	0.43152981996536255
145	0.12043339759111404	0.13412217795848846	0.4312913417816162
146	0.11915002763271332	0.13381099700927734	0.4291132688522339
147	0.11628132313489914	0.13344411551952362	0.42846155166625977
148	0.11990666389465332	0.13320688903331757	0.4312671422958374
149	0.12033352255821228	0.1329881250858307	0.43188199400901794
150	0.11840260028839111	0.13291580975055695	0.4306105077266693
151	0.11701972037553787	0.13228757679462433	0.44116318225860596
152	0.11747070401906967	0.13228470087051392	0.44186773896217346
153	0.11945303529500961	0.13254417479038239	0.4401998221874237
154	0.11821029335260391	0.1330900490283966	0.4354325234889984
155	0.11892011761665344	0.133498415350914	0.43269801139831543
156	0.11795446276664734	0.13334551453590393	0.438976913690567
157	0.11634984612464905	0.1331423968076706	0.4449148178100586
158	0.1163918599486351	0.13289940357208252	0.444526731967926
159	0.11750691384077072	0.13284637033939362	0.44400477409362793
160	0.11701757460832596	0.13259078562259674	0.44449564814567566
161	0.11819922178983688	0.13297846913337708	0.441696435213089
162	0.11738109588623047	0.13282421231269836	0.4434047043323517
163	0.11827658116817474	0.13327081501483917	0.43884560465812683
164	0.11867892742156982	0.1332271546125412	0.43996307253837585
165	0.11725153028964996	0.13342484831809998	0.44215407967567444
166	0.11778281629085541	0.13337291777133942	0.44429370760917664
167	0.11700277775526047	0.13348506391048431	0.44556015729904175
168	0.11726193875074387	0.1337573081254959	0.4487588405609131
169	0.11658604443073273	0.13402505218982697	0.45056360960006714
170	0.1161375343799591	0.13384853303432465	0.4501967132091522
171	0.11486499756574631	0.1332443654537201	0.4538373053073883
172	0.1158222034573555	0.1331932544708252	0.4526462256908417
173	0.11704754829406738	0.1329425424337387	0.45522788166999817
174	0.11660835891962051	0.13265638053417206	0.4558267295360565
175	0.11707915365695953	0.13225816190242767	0.45628058910369873
176	0.11821059882640839	0.13237053155899048	0.4559430480003357
177	0.11571887135505676	0.1324203610420227	0.4560566842556
178	0.11566048860549927	0.13246093690395355	0.45837000012397766
179	0.11536186933517456	0.1326671689748764	0.4578258693218231
180	0.11565479636192322	0.1329384297132492	0.45853930711746216
181	0.11446116864681244	0.13334083557128906	0.458696186542511
182	0.11458338797092438	0.13388098776340485	0.45596596598625183
183	0.11589019745588303	0.13335271179676056	0.45661914348602295
184	0.11498048901557922	0.13291969895362854	0.45758113265037537
185	0.11508259922266006	0.13214218616485596	0.4578523337841034
186	0.11468803137540817	0.13147175312042236	0.45763304829597473
187	0.11585568636655807	0.13098947703838348	0.4569697976112366
188	0.11592943221330643	0.13091495633125305	0.4553529918193817
189	0.11514962464570999	0.13115385174751282	0.45193952322006226
190	0.11502107977867126	0.13119973242282867	0.45137983560562134
191	0.11484570801258087	0.1317642629146576	0.45007622241973877
192	0.113924041390419	0.13185273110866547	0.4481965899467468
193	0.11555804312229156	0.13258247077465057	0.43733781576156616
194	0.11327392607927322	0.13281278312206268	0.4336813688278198
195	0.11388972401618958	0.13332991302013397	0.4294010400772095
196	0.11373130232095718	0.1335671991109848	0.42750778794288635
197	0.11252976953983307	0.13372598588466644	0.4247412383556366
198	0.11373788118362427	0.13372473418712616	0.4252200126647949
199	0.11364339292049408	0.1338629424571991	0.4228309690952301
200	0.11572381108999252	0.13366954028606415	0.42317718267440796
201	0.11373700201511383	0.1338653862476349	0.4202927052974701
202	0.11546628922224045	0.13428907096385956	0.41827988624572754
203	0.11149269342422485	0.1344153881072998	0.4192838668823242
204	0.11197507381439209	0.13483017683029175	0.41910120844841003
205	0.11384788155555725	0.13494624197483063	0.4202863872051239
206	0.11334974318742752	0.1349959820508957	0.41962844133377075
207	0.11251968890428543	0.13537146151065826	0.41397812962532043
208	0.11252342164516449	0.13475018739700317	0.4172973036766052
209	0.11488893628120422	0.13343273103237152	0.4268713593482971
210	0.11281181871891022	0.13311083614826202	0.42656275629997253
211	0.1131383404135704	0.13277921080589294	0.429265558719635
212	0.11225159466266632	0.133310928940773	0.42497605085372925
213	0.11298224329948425	0.13398094475269318	0.41913169622421265
214	0.11464717239141464	0.13420714437961578	0.420306533575058
215	0.1126755103468895	0.13482971489429474	0.41906169056892395
216	0.1109369546175003	0.1353975385427475	0.4177331328392029
217	0.11362700164318085	0.13583140075206757	0.4181898236274719
218	0.11166757345199585	0.13597238063812256	0.4189482033252716
219	0.1110868752002716	0.1358150690793991	0.4213966727256775
220	0.1115868091583252	0.13552355766296387	0.4238832890987396
221	0.11261198669672012	0.1347971260547638	0.4266788065433502
222	0.11277945339679718	0.13380007445812225	0.431816965341568
223	0.11179158836603165	0.13302871584892273	0.4332960844039917
224	0.11075911670923233	0.1324278712272644	0.43165960907936096
225	0.11134941875934601	0.13213492929935455	0.4353676438331604
226	0.11103574186563492	0.13226813077926636	0.43705007433891296
227	0.11139502376317978	0.13266348838806152	0.4388827979564667
228	0.10977382957935333	0.13308872282505035	0.44005900621414185
229	0.11082994192838669	0.1343849003314972	0.4328019618988037
230	0.11183571070432663	0.1351887434720993	0.43051838874816895
231	0.11126315593719482	0.13526956737041473	0.43113312125205994
232	0.11104892194271088	0.13518671691417694	0.4316716492176056
233	0.11037034541368484	0.1346825212240219	0.4335435926914215
234	0.11052699387073517	0.13423369824886322	0.4340190887451172
235	0.11274561285972595	0.1341913640499115	0.4311518371105194
236	0.11177200078964233	0.13355818390846252	0.43030041456222534
237	0.11179212480783463	0.1332368403673172	0.4269808828830719
238	0.10957901179790497	0.13373073935508728	0.42104512453079224
239	0.11054766923189163	0.1335752010345459	0.42286416888237
240	0.11540409922599792	0.13413269817829132	0.42151886224746704
241	0.112021304666996	0.13491667807102203	0.4221695065498352
242	0.11155932396650314	0.13554777204990387	0.42434924840927124
243	0.11175550520420074	0.13606350123882294	0.42337772250175476
244	0.11315668374300003	0.13586361706256866	0.42556032538414
245	0.1115678995847702	0.1355735808610916	0.42689961194992065
246	0.11103436350822449	0.1347609907388687	0.4299528896808624
247	0.11136168241500854	0.13383442163467407	0.4296984076499939
248	0.11270731687545776	0.13288898766040802	0.4321797788143158
249	0.10925301164388657	0.1325979232788086	0.4323200285434723
250	0.113422691822052	0.1324300765991211	0.4333648681640625
251	0.11149571090936661	0.1324940174818039	0.4313858151435852
252	0.11049129068851471	0.13252957165241241	0.430266410112381
253	0.11288143694400787	0.1327073574066162	0.4315585196018219
254	0.10914996266365051	0.13349933922290802	0.4297069311141968
255	0.10956453531980515	0.13404352962970734	0.43128451704978943
256	0.10942527651786804	0.13460513949394226	0.4291921555995941
257	0.10966174304485321	0.13454382121562958	0.4278816282749176
258	0.1112319603562355	0.1339825838804245	0.4296762943267822
259	0.11187497526407242	0.13322441279888153	0.4341079592704773
260	0.1098598912358284	0.13339892029762268	0.43318116664886475
261	0.108550064265728	0.13305839896202087	0.4360310137271881
262	0.10879848897457123	0.13318896293640137	0.4338776469230652
263	0.1083267405629158	0.1331893354654312	0.4336795508861542
264	0.10972201824188232	0.13305452466011047	0.4373108744621277
265	0.11227815598249435	0.13335946202278137	0.4379132390022278
266	0.10946530103683472	0.13352106511592865	0.439303994178772
267	0.10718413442373276	0.13397933542728424	0.4402775764465332
268	0.10983628779649734	0.13418519496917725	0.4408363103866577
269	0.11040744185447693	0.13438986241817474	0.4375177323818207
270	0.10824457556009293	0.13428325951099396	0.4397736191749573
271	0.10862655192613602	0.1339694708585739	0.43924376368522644
272	0.1091078370809555	0.1334673911333084	0.43949833512306213
273	0.10979833453893661	0.13362357020378113	0.4367148280143738
274	0.10768870264291763	0.13400237262248993	0.43497809767723083
275	0.10811544954776764	0.13447518646717072	0.4320344924926758
276	0.10993994027376175	0.13471877574920654	0.43169495463371277
277	0.10756783932447433	0.13483798503875732	0.4309450089931488
278	0.10794524103403091	0.1349039077758789	0.4303080439567566
279	0.10707893967628479	0.13461358845233917	0.4333568513393402
280	0.10845108330249786	0.13473233580589294	0.43171587586402893
281	0.10712448507547379	0.1347537487745285	0.4348967969417572
282	0.10501137375831604	0.1347658932209015	0.43576955795288086
283	0.10739380866289139	0.13472314178943634	0.43568649888038635
284	0.10842357575893402	0.13473646342754364	0.4325466454029083
285	0.10735175013542175	0.13510365784168243	0.4266670048236847
286	0.10854962468147278	0.1350097507238388	0.4249260425567627
287	0.10662681609392166	0.13440848886966705	0.43007078766822815
288	0.10870198905467987	0.13421370089054108	0.43250229954719543
289	0.10731875151395798	0.13413281738758087	0.4354333281517029
290	0.10673695057630539	0.13437363505363464	0.4351772665977478
291	0.10789555311203003	0.1344756782054901	0.4371267259120941
292	0.10823310166597366	0.13415786623954773	0.4392991364002228
293	0.10778643190860748	0.133878692984581	0.43973249197006226
294	0.1097983792424202	0.13362376391887665	0.43888598680496216
295	0.10634549707174301	0.13304534554481506	0.4440794587135315
296	0.10545764863491058	0.1328498274087906	0.4448469281196594
297	0.1068134531378746	0.13344869017601013	0.4418279826641083
298	0.10861411690711975	0.13337735831737518	0.4421042203903198
299	0.10555309057235718	0.1332400143146515	0.44213974475860596
300	0.10733059048652649	0.1334313005208969	0.44127383828163147
301	0.1071467399597168	0.13347099721431732	0.44155827164649963
302	0.1077461987733841	0.1334942877292633	0.44154345989227295
303	0.1080935075879097	0.1335105299949646	0.44091758131980896
304	0.10627014189958572	0.13361500203609467	0.4398050010204315
305	0.10676781833171844	0.13369953632354736	0.4402412176132202
306	0.10619894415140152	0.133649542927742	0.4405483901500702
307	0.10598916560411453	0.1335963010787964	0.44114142656326294
308	0.10465385019779205	0.13292339444160461	0.4456551969051361
309	0.10595870018005371	0.13228006660938263	0.4503970742225647
310	0.1066257581114769	0.13275665044784546	0.4424380362033844
311	0.10568863153457642	0.13255006074905396	0.4439445734024048
312	0.10588261485099792	0.13270136713981628	0.4438175559043884
313	0.10821174085140228	0.13298216462135315	0.4423069655895233
314	0.10624738037586212	0.13343773782253265	0.4408804178237915
315	0.1044943705201149	0.13404278457164764	0.4382421374320984
316	0.10469746589660645	0.134365975856781	0.43762803077697754
317	0.10585881024599075	0.1345861554145813	0.43438902497291565
318	0.10654545575380325	0.13452699780464172	0.4335577189922333
319	0.10482330620288849	0.13475359976291656	0.4301227033138275
320	0.10640991479158401	0.13463464379310608	0.43031367659568787
321	0.10427629202604294	0.13468192517757416	0.43012166023254395
322	0.1061229556798935	0.13476550579071045	0.42948535084724426
323	0.1039334237575531	0.13459140062332153	0.43090152740478516
324	0.10406530648469925	0.13400647044181824	0.43731608986854553
325	0.10567780584096909	0.1338956654071808	0.43902087211608887
326	0.1044587790966034	0.13368482887744904	0.4409833550453186
327	0.10543753951787949	0.1335112750530243	0.4495590925216675
328	0.10459212958812714	0.13331852853298187	0.4542360007762909
329	0.10543101280927658	0.1330917626619339	0.45546194911003113
330	0.10495157539844513	0.1334548145532608	0.4507763683795929
331	0.10567019134759903	0.1321210265159607	0.4636074900627136
332	0.10444360971450806	0.13159462809562683	0.46594953536987305
333	0.10370030999183655	0.13085255026817322	0.46899721026420593
334	0.10539546608924866	0.13083407282829285	0.4720546007156372
335	0.10571039468050003	0.1315586119890213	0.46557196974754333
336	0.10579416900873184	0.1316697895526886	0.46492865681648254
337	0.10484646260738373	0.1319526880979538	0.46406662464141846
338	0.10539846122264862	0.1318558305501938	0.4652695953845978
339	0.10618456453084946	0.1319427490234375	0.46090561151504517
340	0.10685494542121887	0.1313839703798294	0.4623948633670807
341	0.10718997567892075	0.13114018738269806	0.4613035023212433
342	0.1047431230545044	0.1310599148273468	0.4599727988243103
343	0.10560673475265503	0.1314041167497635	0.4556584358215332
344	0.10504116117954254	0.13181929290294647	0.45152631402015686
345	0.1050182655453682	0.1319362223148346	0.4524139165878296
346	0.10396118462085724	0.13221850991249084	0.45018282532691956
347	0.10566619783639908	0.13223618268966675	0.4497753977775574
348	0.10442676395177841	0.13241071999073029	0.4506850242614746
349	0.10497680306434631	0.13250766694545746	0.4525885283946991
350	0.10441069304943085	0.13264216482639313	0.4552958011627197
351	0.10507505387067795	0.13328252732753754	0.45400404930114746
352	0.10112643986940384	0.1334172785282135	0.45752570033073425
353	0.1048702672123909	0.1332024484872818	0.459870308637619
354	0.1042436733841896	0.13275755941867828	0.4601377546787262
355	0.10380702465772629	0.1323392391204834	0.4593068063259125
356	0.10412761569023132	0.13242395222187042	0.45794543623924255
357	0.10480189323425293	0.1325894594192505	0.4567168653011322
358	0.10215494781732559	0.13288532197475433	0.45498621463775635
359	0.10495194047689438	0.13334806263446808	0.45297637581825256
360	0.10260499268770218	0.1337360441684723	0.4496382176876068
361	0.10205795615911484	0.13399675488471985	0.4468994140625
362	0.1026914045214653	0.13388030230998993	0.44598838686943054
363	0.10327797383069992	0.13385286927223206	0.44379690289497375
364	0.10282842814922333	0.13344445824623108	0.4436456859111786
365	0.10196417570114136	0.13310542702674866	0.4434536099433899
366	0.10364595800638199	0.1330738067626953	0.44253212213516235
367	0.10208411514759064	0.1330811232328415	0.44415467977523804
368	0.10425170511007309	0.13374944031238556	0.4428354799747467
369	0.1038680449128151	0.13434816896915436	0.4412137269973755
370	0.10255185514688492	0.13474413752555847	0.44247740507125854
371	0.10337068885564804	0.13496971130371094	0.4438171088695526
372	0.10386501997709274	0.13490866124629974	0.44472551345825195
373	0.10439333319664001	0.13431771099567413	0.4474015235900879
374	0.10436288267374039	0.1335785686969757	0.4502108097076416
375	0.10240459442138672	0.13306091725826263	0.45059439539909363
376	0.10325039178133011	0.1325204074382782	0.4519144594669342
377	0.10201985388994217	0.1326107233762741	0.4505588710308075
378	0.10266581177711487	0.13265953958034515	0.4518885016441345
379	0.10223661363124847	0.13266487419605255	0.4522359371185303
380	0.10152236372232437	0.13261468708515167	0.4546954929828644
381	0.10335296392440796	0.13297484815120697	0.45441943407058716
382	0.10358680784702301	0.1335546225309372	0.4514867067337036
383	0.10448183119297028	0.13365252315998077	0.4514903426170349
384	0.10246032476425171	0.13387815654277802	0.44960907101631165
385	0.10138457268476486	0.13377374410629272	0.44962936639785767
386	0.10245874524116516	0.13375377655029297	0.4497363567352295
387	0.10130369663238525	0.13361844420433044	0.4511025846004486
388	0.10162246972322464	0.13346323370933533	0.4509827494621277
389	0.10238374769687653	0.13297036290168762	0.45424219965934753
390	0.10066259652376175	0.1327848732471466	0.45610636472702026
391	0.10069018602371216	0.13262711465358734	0.4580800533294678
392	0.10165396332740784	0.13290460407733917	0.4578157365322113
393	0.10227900743484497	0.13321271538734436	0.45815637707710266
394	0.10137484967708588	0.13360702991485596	0.4583958089351654
395	0.09995114803314209	0.13370180130004883	0.45934629440307617
396	0.10252760350704193	0.1334981471300125	0.46267953515052795
397	0.10165364295244217	0.13317130506038666	0.46566540002822876
398	0.10128858685493469	0.13313238322734833	0.4637784957885742
399	0.10210069268941879	0.13266105949878693	0.46756356954574585
400	0.10024410486221313	0.13222143054008484	0.47120094299316406
401	0.09942839294672012	0.13199985027313232	0.47293370962142944
402	0.1003696545958519	0.13177938759326935	0.4745493233203888
403	0.09942810237407684	0.13160371780395508	0.4760175347328186
404	0.10048222541809082	0.13171860575675964	0.4778610169887543
405	0.1000080481171608	0.13185977935791016	0.47666165232658386
406	0.09973359107971191	0.13191376626491547	0.4775685667991638
407	0.10136877000331879	0.13205769658088684	0.47371983528137207
408	0.10029635578393936	0.1322442591190338	0.4731474220752716
409	0.10119866579771042	0.13241013884544373	0.4717255234718323
410	0.10112137347459793	0.1323719024658203	0.471300333738327
411	0.10142406076192856	0.13217012584209442	0.4710719883441925
412	0.09989133477210999	0.13211697340011597	0.4694287180900574
413	0.10066588222980499	0.13200849294662476	0.46796056628227234
414	0.09973509609699249	0.13193604350090027	0.46625858545303345
415	0.09958915412425995	0.13210609555244446	0.46441856026649475
416	0.09946885704994202	0.1321401298046112	0.46575549244880676
417	0.09944514185190201	0.1323259323835373	0.4655700922012329
418	0.09895134717226028	0.13236089050769806	0.46891602873802185
419	0.10030723363161087	0.13280558586120605	0.4668062627315521
420	0.09904523938894272	0.13323798775672913	0.4640365540981293
421	0.09858014434576035	0.1328505575656891	0.46429163217544556
422	0.10161339491605759	0.13231635093688965	0.4658084809780121
423	0.10038039833307266	0.13198676705360413	0.4663510322570801
424	0.09867775440216064	0.131790891289711	0.4664473533630371
425	0.09847398847341537	0.1319379061460495	0.4635746479034424
426	0.09970434010028839	0.13166752457618713	0.46610191464424133
427	0.09950398653745651	0.13160525262355804	0.4680159091949463
428	0.10030633211135864	0.13166777789592743	0.4684518873691559
429	0.1014178916811943	0.13220980763435364	0.4652981162071228
430	0.10055511444807053	0.1327172964811325	0.46565255522727966
431	0.09919117391109467	0.13291466236114502	0.4663301110267639
432	0.09872036427259445	0.132493793964386	0.47019174695014954
433	0.09983068704605103	0.13249455392360687	0.4726899564266205
434	0.09817992895841599	0.13240954279899597	0.4731793701648712
435	0.1003762036561966	0.13238602876663208	0.4733153283596039
436	0.09845081716775894	0.13288867473602295	0.4688548445701599
437	0.09922528266906738	0.13352671265602112	0.46296948194503784
438	0.09969978779554367	0.13404525816440582	0.45902687311172485
439	0.09938659518957138	0.1340927630662918	0.4603693187236786
440	0.09826795756816864	0.13406063616275787	0.4605637788772583
441	0.09738266468048096	0.13330109417438507	0.461567759513855
442	0.09894338250160217	0.1330873817205429	0.46267983317375183
443	0.0978415459394455	0.13298876583576202	0.46481484174728394
444	0.10046163201332092	0.13274039328098297	0.466020792722702
445	0.09754198044538498	0.13245637714862823	0.46966907382011414
446	0.09992958605289459	0.13225451111793518	0.47226470708847046
447	0.09892496466636658	0.1322506070137024	0.47446539998054504
448	0.09909824281930923	0.13263259828090668	0.4752606451511383
449	0.09999163448810577	0.13292869925498962	0.4705873727798462
450	0.09798269718885422	0.13316024839878082	0.46681949496269226
451	0.0960814505815506	0.13309088349342346	0.4672505259513855
452	0.09801651537418365	0.13356271386146545	0.4608021378517151
453	0.09749170392751694	0.13348117470741272	0.462021142244339
454	0.09806738793849945	0.13321156799793243	0.4631733298301697
455	0.09851347655057907	0.13314400613307953	0.46138903498649597
456	0.09783563762903214	0.13325408101081848	0.4597112238407135
457	0.09849118441343307	0.13346509635448456	0.45761045813560486
458	0.09822317957878113	0.13433600962162018	0.4524078071117401
459	0.0977664515376091	0.1346796602010727	0.45065954327583313
460	0.09804484993219376	0.1346185803413391	0.45185568928718567
461	0.098518006503582	0.13443195819854736	0.4540233016014099
462	0.09890001267194748	0.13412576913833618	0.4550897479057312
463	0.0956016257405281	0.13445359468460083	0.45261576771736145
464	0.097098208963871	0.13423556089401245	0.45363423228263855
465	0.09917984902858734	0.13395915925502777	0.4559778869152069
466	0.09681393206119537	0.13377204537391663	0.45919615030288696
467	0.09800969064235687	0.133536696434021	0.4641655385494232
468	0.09879644215106964	0.13363860547542572	0.46796083450317383
469	0.09659524261951447	0.1338438242673874	0.47039273381233215
470	0.09661193937063217	0.1341666728258133	0.4701005816459656
471	0.0964551568031311	0.13457627594470978	0.46878528594970703
472	0.09830037504434586	0.1347813457250595	0.4686020314693451
473	0.09758308529853821	0.13472220301628113	0.4678667187690735
474	0.09750886261463165	0.13435514271259308	0.46764662861824036
475	0.09664075821638107	0.13391390442848206	0.4665737748146057
476	0.09657449275255203	0.1336677074432373	0.4651438295841217
477	0.0969308391213417	0.13357456028461456	0.46474379301071167
478	0.09818156063556671	0.13329988718032837	0.4681238532066345
479	0.09612860530614853	0.13358420133590698	0.4666967988014221
480	0.09616772830486298	0.13379372656345367	0.46678200364112854
481	0.09734676778316498	0.13390639424324036	0.4681140184402466
482	0.09654898196458817	0.13376553356647491	0.4690863788127899
483	0.09463756531476974	0.1336899697780609	0.46780526638031006
484	0.09541591256856918	0.13352012634277344	0.46830201148986816
485	0.09666788578033447	0.13276833295822144	0.47334378957748413
486	0.09594759345054626	0.13208571076393127	0.4773585796356201
487	0.09503571689128876	0.13176441192626953	0.4769992530345917
488	0.09544503688812256	0.13121116161346436	0.4832519292831421
489	0.09575359523296356	0.1315329223871231	0.48358410596847534
490	0.09636526554822922	0.13201570510864258	0.4818291664123535
491	0.09634336084127426	0.13215796649456024	0.4824490547180176
492	0.09608953446149826	0.13210894167423248	0.4842725396156311
493	0.09671321511268616	0.13167338073253632	0.48669424653053284
494	0.09611625224351883	0.1313592940568924	0.48767825961112976
495	0.0953335240483284	0.13111189007759094	0.4873526394367218
496	0.0948815792798996	0.13127389550209045	0.48517492413520813
497	0.09670206904411316	0.13117292523384094	0.48444998264312744
498	0.09671787172555923	0.13140493631362915	0.4825296700000763
499	0.0950414389371872	0.13173232972621918	0.48206958174705505
500	0.09499523043632507	0.13209690153598785	0.4818085730075836
501	0.09389188885688782	0.13184243440628052	0.4856228530406952
502	0.09529320895671844	0.13217225670814514	0.4829043447971344
503	0.0947817787528038	0.13204824924468994	0.4836747348308563
504	0.09665806591510773	0.13169635832309723	0.4854573905467987
505	0.09567863494157791	0.13133427500724792	0.4867079257965088
506	0.09677108377218246	0.13092397153377533	0.4883294403553009
507	0.0952061265707016	0.13068409264087677	0.4887005686759949
508	0.0951668992638588	0.13061358034610748	0.4889219105243683
509	0.09547096490859985	0.130613312125206	0.4899527430534363
510	0.09500262141227722	0.1314854919910431	0.4867487847805023
511	0.09481383115053177	0.1322837471961975	0.48385706543922424
512	0.09409257769584656	0.13289974629878998	0.4816667437553406
513	0.0943264290690422	0.13325314223766327	0.4799463152885437
514	0.09488056600093842	0.13321788609027863	0.4789045453071594
515	0.09286857396364212	0.13300727307796478	0.47821706533432007
516	0.09361427277326584	0.13252010941505432	0.47962915897369385
517	0.09436147660017014	0.13241420686244965	0.47760653495788574
518	0.09525371342897415	0.13239823281764984	0.4771365821361542
519	0.09382946789264679	0.13228175044059753	0.478836327791214
520	0.0950925275683403	0.13233540952205658	0.47953924536705017
521	0.09482158720493317	0.1325376033782959	0.47936803102493286
522	0.093808114528656	0.13289697468280792	0.4778065085411072
523	0.09415935724973679	0.13305678963661194	0.4754708409309387
524	0.09452200680971146	0.13382971286773682	0.4716736376285553
525	0.094935841858387	0.1341935098171234	0.47030168771743774
526	0.09306838363409042	0.13405606150627136	0.47110772132873535
527	0.09631214290857315	0.13380500674247742	0.47074130177497864
528	0.09357289969921112	0.1332111358642578	0.47237399220466614
529	0.09581069648265839	0.13284875452518463	0.471397340297699
530	0.09204805642366409	0.13259927928447723	0.47242119908332825
531	0.09526930004358292	0.1324039250612259	0.47409385442733765
532	0.09393268078565598	0.13233819603919983	0.4756610095500946
533	0.09561233967542648	0.13237783312797546	0.47897493839263916
534	0.09403397887945175	0.13282416760921478	0.4799816310405731
535	0.09570594877004623	0.13299480080604553	0.4797041416168213
536	0.09333550930023193	0.13302016258239746	0.4791340231895447
537	0.09351567178964615	0.13282038271427155	0.47812119126319885
538	0.09320095926523209	0.13202619552612305	0.47942522168159485
539	0.09361281245946884	0.1317310333251953	0.4800231456756592
540	0.09267265349626541	0.13154906034469604	0.4814678430557251
541	0.0923338457942009	0.13163788616657257	0.48088350892066956
542	0.09345439821481705	0.13185137510299683	0.48101019859313965
543	0.09353610128164291	0.1318577378988266	0.48447081446647644
544	0.09316549450159073	0.13211624324321747	0.4876618981361389
545	0.09300968050956726	0.1325441151857376	0.48634955286979675
546	0.09307684749364853	0.13269799947738647	0.486519992351532
547	0.09234429150819778	0.13261711597442627	0.4879302680492401
548	0.09224189072847366	0.133066326379776	0.484762579202652
549	0.09306091070175171	0.13322266936302185	0.48363858461380005
550	0.09381711483001709	0.13308291137218475	0.48336440324783325
551	0.09397448599338531	0.13285450637340546	0.4826279580593109
552	0.09171443432569504	0.13265474140644073	0.4822677671909332
553	0.09230916202068329	0.13250236213207245	0.48186036944389343
554	0.09144780784845352	0.1324266791343689	0.4816444218158722
555	0.09332138299942017	0.13250969350337982	0.48090532422065735
556	0.09206999838352203	0.13264694809913635	0.4800923466682434
557	0.09245837479829788	0.13293375074863434	0.4786683917045593
558	0.0927748754620552	0.13344734907150269	0.4753609597682953
559	0.09192954003810883	0.1337861716747284	0.4731924533843994
560	0.09307698905467987	0.13381701707839966	0.47314921021461487
561	0.09157899022102356	0.1335887908935547	0.47414350509643555
562	0.09192702174186707	0.13325048983097076	0.47623929381370544
563	0.09342005103826523	0.133012056350708	0.4786107838153839
564	0.09058942645788193	0.13301213085651398	0.4796082377433777
565	0.09303626418113708	0.13258609175682068	0.48385411500930786
566	0.09209304302930832	0.1326884925365448	0.4841594696044922
567	0.09138155728578568	0.13260109722614288	0.4859050512313843
568	0.09185590595006943	0.13231292366981506	0.4883174002170563
569	0.0917624905705452	0.13217052817344666	0.48862341046333313
570	0.09067476540803909	0.1318637579679489	0.49045488238334656
571	0.09086014330387115	0.13156045973300934	0.4929907023906708
572	0.09176524728536606	0.1310872733592987	0.4966003894805908
573	0.09075603634119034	0.13085567951202393	0.49835658073425293
574	0.09019757807254791	0.1306924819946289	0.4997810423374176
575	0.09050779789686203	0.13073666393756866	0.4996481239795685
576	0.09121040254831314	0.13080257177352905	0.5004807710647583
577	0.09085587412118912	0.1306813508272171	0.5029394030570984
578	0.09372548758983612	0.13084712624549866	0.5036503076553345
579	0.09208565205335617	0.13093160092830658	0.5036941766738892
580	0.09155907481908798	0.13113056123256683	0.501612663269043
581	0.09041545540094376	0.13102403283119202	0.501310408115387
582	0.09088964015245438	0.13086822628974915	0.5012932419776917
583	0.09154719859361649	0.13070715963840485	0.5016704797744751
584	0.09153678268194199	0.13075976073741913	0.49931448698043823
585	0.0902344286441803	0.13092122972011566	0.4977031648159027
586	0.0919407308101654	0.1314215511083603	0.4958052933216095
587	0.09053153544664383	0.13211961090564728	0.4938458800315857
588	0.0896439477801323	0.13285201787948608	0.489980548620224
589	0.0904688909649849	0.13318924605846405	0.4892878830432892
590	0.09001156687736511	0.13286621868610382	0.49163109064102173
591	0.09241823852062225	0.13212381303310394	0.49393290281295776
592	0.09125659614801407	0.13119874894618988	0.4968671500682831
593	0.08958384394645691	0.13082757592201233	0.4982086718082428
594	0.08969540894031525	0.13083910942077637	0.4987434446811676
595	0.09296412020921707	0.13085134327411652	0.49926477670669556
596	0.09213301539421082	0.1306869387626648	0.5009422302246094
597	0.09213051199913025	0.13098545372486115	0.5010969638824463
598	0.08951365947723389	0.13141223788261414	0.501258373260498
599	0.09273892641067505	0.13183799386024475	0.5002322793006897
600	0.09067054092884064	0.13222286105155945	0.4986022412776947
601	0.09221377968788147	0.13196243345737457	0.5006031394004822
602	0.09125601500272751	0.13162581622600555	0.5007120966911316
603	0.09350273758172989	0.13114310801029205	0.49946853518486023
604	0.08994681388139725	0.1307649314403534	0.4981379210948944
605	0.09031246602535248	0.13069860637187958	0.497505247592926
606	0.09248340129852295	0.1308426558971405	0.49622049927711487
607	0.09127991646528244	0.13077431917190552	0.4973730444908142
608	0.08966947346925735	0.13084419071674347	0.49827927350997925
609	0.09246251732110977	0.13107360899448395	0.5002113580703735
610	0.09070480614900589	0.13108748197555542	0.5020319819450378
611	0.0903053805232048	0.13114839792251587	0.5037073493003845
612	0.09005644172430038	0.13120245933532715	0.503063440322876
613	0.09072290360927582	0.1310126781463623	0.5032786130905151
614	0.08908913284540176	0.1306527704000473	0.5042207837104797
615	0.09068455547094345	0.13030114769935608	0.5056474804878235
616	0.08926820755004883	0.12995070219039917	0.5070183277130127
617	0.09021709114313126	0.12970328330993652	0.5082722306251526
618	0.09088795632123947	0.1295854151248932	0.5089461207389832
619	0.09190201014280319	0.12993979454040527	0.5083224773406982
620	0.08930843323469162	0.13051974773406982	0.5075089335441589
621	0.0885331779718399	0.13109929859638214	0.5068374276161194
622	0.0890674740076065	0.13142426311969757	0.506229043006897
623	0.091085284948349	0.13121424615383148	0.5076234936714172
624	0.08907582610845566	0.1308344304561615	0.5089706778526306
625	0.08906807005405426	0.13021090626716614	0.5103163719177246
626	0.08797115832567215	0.12974563241004944	0.5113234519958496
627	0.08779782801866531	0.1294422149658203	0.5124765038490295
628	0.08896395564079285	0.12937244772911072	0.5131534934043884
629	0.09058768302202225	0.12941646575927734	0.5144978165626526
630	0.08977300673723221	0.12913042306900024	0.5195193290710449
631	0.08977193385362625	0.12955312430858612	0.5194778442382812
632	0.08833824843168259	0.13027234375476837	0.5168078541755676
633	0.09012794494628906	0.13034412264823914	0.5159918665885925
634	0.09023188799619675	0.12974010407924652	0.5171448588371277
635	0.0892852246761322	0.1290273368358612	0.516701877117157
636	0.08830758184194565	0.12870493531227112	0.5166747570037842
637	0.08990016579627991	0.12865641713142395	0.516558825969696
638	0.08770985901355743	0.1291126161813736	0.5125043988227844
639	0.08896325528621674	0.1292496919631958	0.5165707468986511
640	0.08712230622768402	0.13068291544914246	0.5120677351951599
641	0.08805745095014572	0.13119110465049744	0.5126110911369324
642	0.08917258679866791	0.13124874234199524	0.5140728950500488
643	0.08925836533308029	0.13087841868400574	0.5146775841712952
644	0.09062887728214264	0.13036923110485077	0.5146011710166931
645	0.08879436552524567	0.12962642312049866	0.514248251914978
646	0.08730200678110123	0.12907904386520386	0.5153321027755737
647	0.0883202999830246	0.12901149690151215	0.5155525803565979
648	0.09174100309610367	0.12905004620552063	0.5167406797409058
649	0.08985424041748047	0.12917743623256683	0.5180803537368774
650	0.08911100029945374	0.12979848682880402	0.5172069668769836
651	0.08948355168104172	0.13049907982349396	0.5155324339866638
652	0.08677938580513	0.13108137249946594	0.5120725631713867
653	0.08717867732048035	0.13115781545639038	0.5116163492202759
654	0.08826223760843277	0.13087891042232513	0.5119270086288452
655	0.0877913385629654	0.1302272379398346	0.5129830241203308
656	0.08816126734018326	0.1289495974779129	0.519461989402771
657	0.08745573461055756	0.12876611948013306	0.519243597984314
658	0.08864209055900574	0.12794429063796997	0.526505172252655
659	0.08793167024850845	0.12815874814987183	0.5247642397880554
660	0.08762802928686142	0.1292114555835724	0.5164764523506165
661	0.08837890625	0.13057343661785126	0.5091004967689514
662	0.08746586740016937	0.13108859956264496	0.5094425678253174
663	0.08725845068693161	0.1312979906797409	0.5101554989814758
664	0.0886475071310997	0.13084249198436737	0.5114824771881104
665	0.08805613219738007	0.13044841587543488	0.5126309394836426
666	0.08785013854503632	0.12927375733852386	0.5195953845977783
667	0.08829209953546524	0.12883131206035614	0.5207669138908386
668	0.0868953987956047	0.12796591222286224	0.5270738005638123
669	0.08912615478038788	0.12771761417388916	0.5292690396308899
670	0.08761785179376602	0.12724344432353973	0.5384735465049744
671	0.08834461122751236	0.12728185951709747	0.5395001769065857
672	0.08735702186822891	0.12766312062740326	0.5390614867210388
673	0.08714322745800018	0.12773966789245605	0.5384164452552795
674	0.08740855753421783	0.12816689908504486	0.5359379053115845
675	0.0880541056394577	0.1279793232679367	0.5352913737297058
676	0.08795762807130814	0.1286233365535736	0.529962956905365
677	0.08751329779624939	0.12898766994476318	0.526763379573822
678	0.08563636243343353	0.1291186511516571	0.5246248245239258
679	0.08835392445325851	0.1291058212518692	0.5230627655982971
680	0.08639562875032425	0.12880146503448486	0.5225227475166321
681	0.08664916455745697	0.12821443378925323	0.5263228416442871
682	0.08686058223247528	0.12845692038536072	0.5220892429351807
683	0.08825542032718658	0.1286594271659851	0.517387330532074
684	0.08698264509439468	0.1283712387084961	0.5191822648048401
685	0.08564510941505432	0.12832964956760406	0.5195538401603699
686	0.08639808744192123	0.12842240929603577	0.5190609097480774
687	0.08757632225751877	0.1283223032951355	0.5192930698394775
688	0.08828301727771759	0.12842696905136108	0.5190560817718506
689	0.08797432482242584	0.12864522635936737	0.5173773169517517
690	0.086770199239254	0.1288428157567978	0.5162612795829773
691	0.08854377269744873	0.12905645370483398	0.5147760510444641
692	0.08576304465532303	0.12883038818836212	0.5163834095001221
693	0.08731546252965927	0.1287345588207245	0.5185859799385071
694	0.08684325218200684	0.12839066982269287	0.5224844217300415
695	0.08642225712537766	0.1283682882785797	0.5222151279449463
696	0.08528555929660797	0.1284371316432953	0.5220769047737122
697	0.08590727299451828	0.12864655256271362	0.521576464176178
698	0.08671370893716812	0.12904149293899536	0.5201735496520996
699	0.08620835840702057	0.1289321333169937	0.5218430757522583
700	0.0865267962217331	0.12895938754081726	0.5228621959686279
701	0.08637526631355286	0.129147469997406	0.5238490104675293
702	0.08519069105386734	0.1293935328722	0.5233549475669861
703	0.08587828278541565	0.1293073445558548	0.5236217975616455
704	0.08700621128082275	0.12896981835365295	0.5240928530693054
705	0.08547389507293701	0.12885142862796783	0.5218347311019897
706	0.08560677617788315	0.12903955578804016	0.5193411707878113
707	0.08546479046344757	0.12917272746562958	0.516247570514679
708	0.08503010123968124	0.12942984700202942	0.513471245765686
709	0.08596334606409073	0.13005973398685455	0.5091075897216797
710	0.08668485283851624	0.1305598020553589	0.5058338046073914
711	0.0844828337430954	0.13092105090618134	0.5041165947914124
712	0.0858088880777359	0.1310867816209793	0.5036717653274536
713	0.08528627455234528	0.13102306425571442	0.5048584938049316
714	0.08691337704658508	0.13082242012023926	0.5074067711830139
715	0.08435451239347458	0.13061581552028656	0.508980393409729
716	0.08497988432645798	0.1301858127117157	0.5115158557891846
717	0.08524398505687714	0.12979252636432648	0.5147046446800232
718	0.08692735433578491	0.1293790340423584	0.5167401432991028
719	0.0853058397769928	0.12883250415325165	0.5196388363838196
720	0.08583362400531769	0.12864583730697632	0.5211508274078369
721	0.08526677638292313	0.12873192131519318	0.5202117562294006
722	0.08410901576280594	0.12920789420604706	0.5181920528411865
723	0.08558576554059982	0.12954255938529968	0.517676055431366
724	0.08412765711545944	0.129897803068161	0.517181932926178
725	0.08405663073062897	0.12982597947120667	0.5188077092170715
726	0.08486379683017731	0.13004343211650848	0.5180051922798157
727	0.08525572717189789	0.13017728924751282	0.5169224143028259
728	0.0858561173081398	0.1299964189529419	0.5170358419418335
729	0.08754424005746841	0.12974072992801666	0.5168981552124023
730	0.0832558125257492	0.12922291457653046	0.5186972618103027
731	0.08442001789808273	0.1284855306148529	0.5223007202148438
732	0.08462633192539215	0.12820185720920563	0.5243901610374451
733	0.0849078968167305	0.12793564796447754	0.527425229549408
734	0.08335820585489273	0.12807638943195343	0.528020441532135
735	0.08338574320077896	0.12882868945598602	0.5256170630455017
736	0.08539526164531708	0.12938588857650757	0.5236890912055969
737	0.083721823990345	0.1296207308769226	0.5232312083244324
738	0.0825798511505127	0.1294676512479782	0.5234902501106262
739	0.08449435979127884	0.129133403301239	0.5240772366523743
740	0.08454639464616776	0.12914642691612244	0.5224989056587219
741	0.0840771272778511	0.12926125526428223	0.5196225047111511
742	0.08339358866214752	0.12945416569709778	0.5168265700340271
743	0.08482560515403748	0.12985947728157043	0.5143042802810669
744	0.0835362896323204	0.13013170659542084	0.5121728181838989
745	0.08436819911003113	0.13079603016376495	0.5084836483001709
746	0.0839846134185791	0.13105447590351105	0.5064825415611267
747	0.08390180766582489	0.13110758364200592	0.5063833594322205
748	0.08357800543308258	0.13060711324214935	0.5088390707969666
749	0.08347195386886597	0.12974530458450317	0.5134037733078003
750	0.0829305350780487	0.1286819577217102	0.5189469456672668
751	0.08511598408222198	0.12799227237701416	0.5230810642242432
752	0.08459164947271347	0.12775921821594238	0.5247995257377625
753	0.08382442593574524	0.1278207153081894	0.5237224698066711
754	0.08372355252504349	0.1281396448612213	0.5214636921882629
755	0.08344937860965729	0.1286689192056656	0.5188645720481873
756	0.08291991055011749	0.12918123602867126	0.5172507762908936
757	0.08380180597305298	0.12966835498809814	0.5156156420707703
758	0.08246872574090958	0.1302194446325302	0.5141867399215698
759	0.08142957091331482	0.13060280680656433	0.5124826431274414
760	0.08419077843427658	0.1302119791507721	0.5132133960723877
761	0.08216031640768051	0.12934568524360657	0.5171347856521606
762	0.08230616897344589	0.1287461370229721	0.5200454592704773
763	0.08128082007169724	0.12849441170692444	0.5205796957015991
764	0.08286705613136292	0.12847238779067993	0.5201342105865479
765	0.08178666234016418	0.1287289708852768	0.5181218981742859
766	0.08362686634063721	0.12884359061717987	0.5175865888595581
767	0.08475010842084885	0.12925858795642853	0.5150838494300842
768	0.0840415358543396	0.1296413093805313	0.5139001607894897
769	0.08337326347827911	0.13023637235164642	0.512897789478302
770	0.08384840935468674	0.130380779504776	0.5133470892906189
771	0.08505440503358841	0.13044188916683197	0.5146532654762268
772	0.08156518638134003	0.130234494805336	0.5169450044631958
773	0.08230560272932053	0.12985080480575562	0.5194548964500427
774	0.08489735424518585	0.1293361485004425	0.5220131278038025
775	0.08343921601772308	0.12880553305149078	0.5235649347305298
776	0.08132130652666092	0.12864254415035248	0.5228230953216553
777	0.08265521377325058	0.12884391844272614	0.5205704569816589
778	0.08333082497119904	0.12939055263996124	0.5163725018501282
779	0.08314190059900284	0.12999698519706726	0.5112230181694031
780	0.08431598544120789	0.13043402135372162	0.5079220533370972
781	0.08208811283111572	0.13075686991214752	0.5064977407455444
782	0.08215049654245377	0.1308412253856659	0.5073383450508118
783	0.08326134830713272	0.13094978034496307	0.5073680877685547
784	0.08186986297369003	0.13021555542945862	0.5154803991317749
785	0.08263449370861053	0.12979194521903992	0.5194952487945557
786	0.08231166005134583	0.12914210557937622	0.5236934423446655
787	0.08233874291181564	0.128664031624794	0.5260996222496033
788	0.08313921093940735	0.12838135659694672	0.5250067114830017
789	0.08223456144332886	0.12844812870025635	0.5227817893028259
790	0.08093973994255066	0.12885242700576782	0.5194671750068665
791	0.08183187991380692	0.12944872677326202	0.5141922831535339
792	0.08225718140602112	0.12984158098697662	0.5120860934257507
793	0.0822613388299942	0.13006605207920074	0.5118457674980164
794	0.08182931691408157	0.13009865581989288	0.5123412609100342
795	0.08108783513307571	0.12970060110092163	0.5159117579460144
796	0.0824919268488884	0.12924979627132416	0.5198687314987183
797	0.08290194720029831	0.1283605992794037	0.5255143642425537
798	0.08123164623975754	0.1275337040424347	0.531247615814209
799	0.08206409215927124	0.12691695988178253	0.5359188318252563
800	0.08206574618816376	0.1267143189907074	0.5380425453186035
801	0.08409222215414047	0.12667934596538544	0.5387250781059265
802	0.08289014548063278	0.12695284187793732	0.5365135669708252
803	0.08233822137117386	0.127472385764122	0.5337144136428833
804	0.0816773995757103	0.1282399296760559	0.5303899049758911
805	0.0814761370420456	0.12882813811302185	0.5275075435638428
806	0.08106540143489838	0.12917573750019073	0.5255367755889893
807	0.08219433575868607	0.12924674153327942	0.5250165462493896
808	0.08246631920337677	0.12884210050106049	0.5267218947410583
809	0.0817127674818039	0.1281854212284088	0.5298006534576416
810	0.07992249727249146	0.12762147188186646	0.532929539680481
811	0.0830584391951561	0.12728174030780792	0.5351216793060303
812	0.08075200021266937	0.127302348613739	0.5351421236991882
813	0.08079567551612854	0.12740519642829895	0.5340879559516907
814	0.08118026703596115	0.12765251100063324	0.5320771932601929
815	0.07976847887039185	0.12793384492397308	0.5306600332260132
816	0.08214615285396576	0.128374844789505	0.5282413363456726
817	0.08138006925582886	0.12874938547611237	0.5256836414337158
818	0.08038705587387085	0.12870262563228607	0.525456428527832
819	0.08084698766469955	0.12857310473918915	0.5257930159568787
820	0.0803152546286583	0.12846146523952484	0.5259851813316345
821	0.0816546082496643	0.1284116506576538	0.5254531502723694
822	0.08056522160768509	0.12843269109725952	0.5254906415939331
823	0.08029179275035858	0.12863348424434662	0.5241255760192871
824	0.08048329502344131	0.12859264016151428	0.5242277383804321
825	0.08091451227664948	0.1286197006702423	0.5241495370864868
826	0.08205073326826096	0.12870855629444122	0.523921012878418
827	0.08198588341474533	0.12885908782482147	0.5240558385848999
828	0.08073236793279648	0.12894122302532196	0.5246624946594238
829	0.08206170797348022	0.12844975292682648	0.5289178490638733
830	0.0807994082570076	0.12783467769622803	0.5337730050086975
831	0.08015956729650497	0.12725993990898132	0.5385593771934509
832	0.07921063154935837	0.12662549316883087	0.5431548357009888
833	0.08170604705810547	0.12620852887630463	0.5460243821144104
834	0.08018994331359863	0.12605328857898712	0.5473514199256897
835	0.08234718441963196	0.12595109641551971	0.5478634834289551
836	0.08030278235673904	0.12612518668174744	0.5463865399360657
837	0.08021815866231918	0.12653428316116333	0.5432077050209045
838	0.07898437976837158	0.12722009420394897	0.5390357375144958
839	0.07915666699409485	0.12804433703422546	0.5345284342765808
840	0.07888836413621902	0.12856833636760712	0.5310121774673462
841	0.07847847044467926	0.1286400854587555	0.5308493375778198
842	0.08051817864179611	0.1282605528831482	0.53281170129776
843	0.07950283586978912	0.12760569155216217	0.5364750027656555
844	0.08187324553728104	0.1268671602010727	0.5410112738609314
845	0.08015530556440353	0.12643538415431976	0.5461494326591492
846	0.0793912261724472	0.12628503143787384	0.5492217540740967
847	0.08016180992126465	0.12649333477020264	0.548163890838623
848	0.08006413280963898	0.12681715190410614	0.5459699630737305
849	0.0805036798119545	0.1277582049369812	0.5371219515800476
850	0.07862304151058197	0.12852615118026733	0.530608057975769
851	0.07809892296791077	0.12952783703804016	0.5236473679542542
852	0.08141393214464188	0.12996727228164673	0.5207891464233398
853	0.08158177882432938	0.12995325028896332	0.5208654999732971
854	0.08032166957855225	0.1296049803495407	0.5230718851089478
855	0.0789291262626648	0.12885554134845734	0.5284053683280945
856	0.08031944185495377	0.12829947471618652	0.5325394868850708
857	0.08089520782232285	0.12787576019763947	0.5363007187843323
858	0.08065576106309891	0.1276683658361435	0.5383184552192688
859	0.07903527468442917	0.12773805856704712	0.5385837554931641
860	0.07944134622812271	0.1278698444366455	0.5390087366104126
861	0.08035466074943542	0.1278182864189148	0.5399647951126099
862	0.0803225114941597	0.12826767563819885	0.5379684567451477
863	0.0800093561410904	0.12831678986549377	0.5365528464317322
864	0.07836610823869705	0.1279734969139099	0.5359796285629272
865	0.08312682062387466	0.12795287370681763	0.5345907807350159
866	0.0779363214969635	0.12809166312217712	0.533313512802124
867	0.0796525627374649	0.12817592918872833	0.5324335694313049
868	0.07877376675605774	0.12820914387702942	0.5318081974983215
869	0.07860298454761505	0.12848784029483795	0.5304708480834961
870	0.07841620594263077	0.12887857854366302	0.5285556316375732
871	0.07836409658193588	0.12899091839790344	0.5281641483306885
872	0.07882086932659149	0.12926696240901947	0.5267236828804016
873	0.07849656045436859	0.12928184866905212	0.5269413590431213
874	0.07842564582824707	0.12896384298801422	0.5286628007888794
875	0.07871159166097641	0.12830626964569092	0.5327262282371521
876	0.07900406420230865	0.1277889907360077	0.5365509390830994
877	0.07850749790668488	0.12752532958984375	0.53899747133255
878	0.07942871004343033	0.12748150527477264	0.5394228100776672
879	0.08101779222488403	0.1274127960205078	0.5401157140731812
880	0.07916463166475296	0.12767454981803894	0.5381498336791992
881	0.07755786925554276	0.12844790518283844	0.5345432162284851
882	0.0792863667011261	0.12948553264141083	0.5309272408485413
883	0.0798722431063652	0.13004058599472046	0.5295132398605347
884	0.0795302465558052	0.13003528118133545	0.5300185680389404
885	0.07906242460012436	0.1295686811208725	0.5322883725166321
886	0.07578959316015244	0.1285891979932785	0.5366364121437073
887	0.07889716327190399	0.12756380438804626	0.5406021475791931
888	0.07785473018884659	0.12712176144123077	0.5434475541114807
889	0.07800929993391037	0.1271764189004898	0.543386697769165
890	0.07863354682922363	0.1273537576198578	0.5420873165130615
891	0.07793043553829193	0.12741504609584808	0.5418041944503784
892	0.07841026782989502	0.1275784969329834	0.5410763025283813
893	0.07675828784704208	0.12802574038505554	0.5389265418052673
894	0.0778246596455574	0.12842881679534912	0.5369411110877991
895	0.07909881323575974	0.12855425477027893	0.5353466868400574
896	0.07890868932008743	0.128580704331398	0.5338849425315857
897	0.07743553072214127	0.12860816717147827	0.5316525101661682
898	0.0767727717757225	0.12875734269618988	0.5295565724372864
899	0.07719824463129044	0.12879179418087006	0.5288806557655334
900	0.07808574289083481	0.12870970368385315	0.5291889905929565
901	0.07895156741142273	0.12867705523967743	0.5294037461280823
902	0.07874757051467896	0.12859545648097992	0.5300426483154297
903	0.07744596153497696	0.12852920591831207	0.5313063263893127
904	0.07830050587654114	0.12880733609199524	0.5310418605804443
905	0.07613065093755722	0.12911713123321533	0.5307019352912903
906	0.07769272476434708	0.12906323373317719	0.5315381288528442
907	0.07769516110420227	0.12880541384220123	0.5329963564872742
908	0.07693541795015335	0.12842236459255219	0.5339109301567078
909	0.0777783915400505	0.12788428366184235	0.5362658500671387
910	0.07752485573291779	0.1271793246269226	0.5399697422981262
911	0.07699600607156754	0.1267760545015335	0.5432544946670532
912	0.07739284634590149	0.12656959891319275	0.5451427698135376
913	0.07762061059474945	0.12675394117832184	0.54457026720047
914	0.07715252041816711	0.12732942402362823	0.5429568290710449
915	0.07618388533592224	0.1273893564939499	0.5444145202636719
916	0.07763367146253586	0.12746624648571014	0.5446774959564209
917	0.07685694843530655	0.1271824836730957	0.5457988977432251
918	0.0770733505487442	0.12665419280529022	0.547202467918396
919	0.077603779733181	0.12650299072265625	0.5464275479316711
920	0.07697292417287827	0.12631240487098694	0.5471531748771667
921	0.07709623873233795	0.1260988414287567	0.5486620664596558
922	0.07795350253582001	0.12621630728244781	0.548156201839447
923	0.07732117176055908	0.12632326781749725	0.5475494861602783
924	0.07669244706630707	0.12663371860980988	0.5464117527008057
925	0.07777872681617737	0.1269858330488205	0.5445214509963989
926	0.07660327106714249	0.12730193138122559	0.5430271029472351
927	0.07481318712234497	0.1278693526983261	0.5407953858375549
928	0.07935596257448196	0.12802942097187042	0.540083646774292
929	0.07683149725198746	0.12783871591091156	0.5404797792434692
930	0.0774887204170227	0.12759767472743988	0.5413917899131775
931	0.07661408931016922	0.127161905169487	0.543648898601532
932	0.07631660252809525	0.1267850399017334	0.5460465550422668
933	0.07752887904644012	0.12652145326137543	0.5478765964508057
934	0.07582558691501617	0.12641118466854095	0.5491941571235657
935	0.07634452730417252	0.12647511065006256	0.5499693155288696
936	0.07544450461864471	0.12690651416778564	0.5492361783981323
937	0.07675139605998993	0.12754489481449127	0.5473141074180603
938	0.07832338660955429	0.12783680856227875	0.5457871556282043
939	0.07782704383134842	0.12763909995555878	0.5458675622940063
940	0.07565877586603165	0.12709419429302216	0.5485122203826904
941	0.0771535262465477	0.12665602564811707	0.5514890551567078
942	0.07824628800153732	0.12646476924419403	0.5525426268577576
943	0.07612791657447815	0.12637022137641907	0.5534059405326843
944	0.07458357512950897	0.12628109753131866	0.5544543266296387
945	0.07779201120138168	0.12643226981163025	0.5531006455421448
946	0.07741566747426987	0.12668141722679138	0.5511226654052734
947	0.07666667550802231	0.12691596150398254	0.5493084192276001
948	0.07328217476606369	0.12724773585796356	0.547613263130188
949	0.07694611698389053	0.12748056650161743	0.5458881855010986
950	0.07446695119142532	0.12756556272506714	0.5447664856910706
951	0.07621162384748459	0.1274809092283249	0.5439983010292053
952	0.07642795145511627	0.12733043730258942	0.544201672077179
953	0.07599212974309921	0.12715093791484833	0.5451650023460388
954	0.07472045719623566	0.1270637959241867	0.5454044938087463
955	0.07615011930465698	0.12672434747219086	0.5473642945289612
956	0.07724923640489578	0.12645210325717926	0.5490889549255371
957	0.07650655508041382	0.12629321217536926	0.5505532026290894
958	0.07511204481124878	0.1262996792793274	0.5514979958534241
959	0.0757497102022171	0.12615655362606049	0.5535652041435242
960	0.07492843270301819	0.12616826593875885	0.5543541312217712
961	0.07548826187849045	0.1263786405324936	0.5533255338668823
962	0.07471460103988647	0.12665481865406036	0.5514167547225952
963	0.07460303604602814	0.1270943284034729	0.5480033755302429
964	0.07472018152475357	0.12775565683841705	0.5430499315261841
965	0.07496999949216843	0.12842470407485962	0.537819504737854
966	0.07551729679107666	0.12897877395153046	0.53363436460495
967	0.0756794810295105	0.12881653010845184	0.5338476300239563
968	0.07508111745119095	0.12870483100414276	0.5345529317855835
969	0.07592369616031647	0.1283426582813263	0.5370432734489441
970	0.07603877037763596	0.1280064433813095	0.5394176244735718
971	0.0751490443944931	0.1278461515903473	0.5413632988929749
972	0.07361973822116852	0.12743836641311646	0.544765830039978
973	0.07405639439821243	0.12716439366340637	0.5472856163978577
974	0.07350980490446091	0.12715370953083038	0.5483646392822266
975	0.07464903593063354	0.12730342149734497	0.5480714440345764
976	0.07552483677864075	0.1274021416902542	0.5474033951759338
977	0.07388295978307724	0.12725737690925598	0.5476903915405273
978	0.07483049482107162	0.12720873951911926	0.5472976565361023
979	0.074712835252285	0.12738025188446045	0.5458372831344604
980	0.0762173980474472	0.12730365991592407	0.5460466742515564
981	0.07392844557762146	0.12727291882038116	0.5461689233779907
982	0.07552652060985565	0.12711681425571442	0.5476006269454956
983	0.07454100996255875	0.12697306275367737	0.5490988492965698
984	0.07518266141414642	0.12665140628814697	0.5510375499725342
985	0.0744849294424057	0.126265287399292	0.5531506538391113
986	0.07450104504823685	0.12648525834083557	0.5516400933265686
987	0.0738123208284378	0.1266271322965622	0.5501611828804016
988	0.0756840780377388	0.1266726851463318	0.5492112040519714
989	0.07534883916378021	0.1266021579504013	0.5492444038391113
990	0.07519039511680603	0.12649378180503845	0.5492184162139893
991	0.07574475556612015	0.12643565237522125	0.5491377711296082
992	0.07456795871257782	0.1263194978237152	0.55060875415802
993	0.07487399876117706	0.1262866109609604	0.55039381980896
994	0.07485848665237427	0.12594090402126312	0.5529145002365112
995	0.07318432629108429	0.12565535306930542	0.5554168820381165
996	0.07479439675807953	0.12559930980205536	0.5558847188949585
997	0.07270098477602005	0.12571033835411072	0.5550404191017151
998	0.07501410692930222	0.12593522667884827	0.5537155270576477
999	0.074571892619133	0.1261129379272461	0.5526896119117737
1000	0.07408934086561203	0.1262258142232895	0.5520066022872925
1001	0.07427617162466049	0.12619730830192566	0.5526454448699951
1002	0.07466498762369156	0.12611624598503113	0.5534514784812927
1003	0.07402996718883514	0.126163050532341	0.5537394881248474
1004	0.07318738847970963	0.1262664794921875	0.5529717803001404
1005	0.07402502745389938	0.126581072807312	0.5510790944099426
1006	0.07596961408853531	0.1269606053829193	0.5483618974685669
1007	0.07493788748979568	0.12757785618305206	0.5446231365203857
1008	0.07515943795442581	0.12802782654762268	0.5416966676712036
1009	0.07416495680809021	0.12799911201000214	0.5416205525398254
1010	0.07514838129281998	0.1283222883939743	0.5393838286399841
1011	0.07369696348905563	0.12854556739330292	0.5378561019897461
1012	0.07294517010450363	0.12860289216041565	0.5375533699989319
1013	0.07436257600784302	0.1287606954574585	0.5364993810653687
1014	0.07427312433719635	0.12879690527915955	0.5365809798240662
1015	0.07405088096857071	0.12893985211849213	0.535929799079895
1016	0.07428771257400513	0.12875202298164368	0.5381698608398438
1017	0.07426458597183228	0.12792758643627167	0.543659508228302
1018	0.07311985641717911	0.12721417844295502	0.5484845042228699
1019	0.07377175986766815	0.1269749402999878	0.550377607345581
1020	0.07410603016614914	0.1269681453704834	0.5518177151679993
1021	0.07395265251398087	0.1271628588438034	0.5520079731941223
1022	0.07297750562429428	0.12744618952274323	0.5503317713737488
1023	0.07443064451217651	0.12685874104499817	0.5521788001060486
1024	0.07359658926725388	0.12621727585792542	0.5550195574760437
1025	0.07313178479671478	0.12555761635303497	0.5601338744163513
1026	0.07284366339445114	0.1250809282064438	0.5649071335792542
1027	0.07317209988832474	0.12478722631931305	0.5674134492874146
1028	0.07453011721372604	0.12497467547655106	0.5650718212127686
1029	0.07385390996932983	0.12521666288375854	0.5624125599861145
1030	0.07333575189113617	0.1259337216615677	0.558921754360199
1031	0.07311829924583435	0.1264602094888687	0.5561667084693909
1032	0.07296859472990036	0.12668508291244507	0.5560958981513977
1033	0.07293340563774109	0.12694060802459717	0.5563209652900696
1034	0.07250432670116425	0.1265118271112442	0.5591278076171875
1035	0.07416597753763199	0.12571017444133759	0.5621827244758606
1036	0.07251003384590149	0.1253216415643692	0.5642577409744263
1037	0.07366565614938736	0.12453445047140121	0.5678049921989441
1038	0.07416660338640213	0.12407507002353668	0.5699607133865356
1039	0.07373528182506561	0.12395992130041122	0.5711860060691833
1040	0.0742182731628418	0.12405279278755188	0.5704801678657532
1041	0.07259847223758698	0.12446316331624985	0.5667115449905396
1042	0.07336258143186569	0.12532900273799896	0.5621640086174011
1043	0.07329744845628738	0.12642675638198853	0.5580215454101562
1044	0.07278347760438919	0.12732860445976257	0.5551751852035522
1045	0.07291006296873093	0.1278919279575348	0.5543980598449707
1046	0.07478515803813934	0.12764772772789001	0.5558603405952454
1047	0.07305588573217392	0.1262323260307312	0.5607090592384338
1048	0.07482708990573883	0.12493623793125153	0.5650306940078735
1049	0.07140617072582245	0.12427394092082977	0.5677900314331055
1050	0.07240818440914154	0.12424270063638687	0.5678285360336304
1051	0.07161760330200195	0.1246405616402626	0.564598023891449
1052	0.07286324352025986	0.1255674660205841	0.5597387552261353
1053	0.07199286669492722	0.12683963775634766	0.5542433261871338
1054	0.07342268526554108	0.1275709867477417	0.5509311556816101
1055	0.07240843772888184	0.12777556478977203	0.5497341752052307
1056	0.07222450524568558	0.12743894755840302	0.5512824058532715
1057	0.07352622598409653	0.12687550485134125	0.5540583729743958
1058	0.07248521596193314	0.12639865279197693	0.555581271648407
1059	0.07252947986125946	0.1256975382566452	0.5596151947975159
1060	0.07246030122041702	0.125414177775383	0.5619798898696899
1061	0.07166855037212372	0.12526357173919678	0.5636144280433655
1062	0.07273819297552109	0.12544655799865723	0.5623083114624023
1063	0.07335466146469116	0.12606076896190643	0.5590736269950867
1064	0.0723191574215889	0.12669475376605988	0.5563414096832275
1065	0.07201045751571655	0.12695379555225372	0.5551572442054749
1066	0.07090037316083908	0.1266966462135315	0.556865394115448
1067	0.07115235179662704	0.12676839530467987	0.5568739175796509
1068	0.07118210196495056	0.1259462535381317	0.5603433847427368
1069	0.0724402517080307	0.12524767220020294	0.5635970830917358
1070	0.07381587475538254	0.12437741458415985	0.5694109201431274
1071	0.07292066514492035	0.1241026371717453	0.5728851556777954
1072	0.07175532728433609	0.12406396865844727	0.5744661092758179
1073	0.07083746790885925	0.12413841485977173	0.5748782753944397
1074	0.07232967019081116	0.12402211874723434	0.5764376521110535
1075	0.07307945936918259	0.12402627617120743	0.576393723487854
1076	0.07047800719738007	0.1241600513458252	0.5754759907722473
1077	0.07222546637058258	0.12452785670757294	0.5723409652709961
1078	0.07088707387447357	0.1247730478644371	0.5694877505302429
1079	0.07272862643003464	0.12495576590299606	0.5673749446868896
1080	0.07219016551971436	0.12492869049310684	0.5678847432136536
1081	0.07170850038528442	0.12498180568218231	0.5681715607643127
1082	0.07033354043960571	0.1250414103269577	0.5684650540351868
1083	0.07210192829370499	0.12496490031480789	0.5695859789848328
1084	0.07240666449069977	0.12507010996341705	0.5690696239471436
1085	0.07246927917003632	0.1252109855413437	0.5659423470497131
1086	0.07138397544622421	0.12552766501903534	0.5621868968009949
1087	0.07033932209014893	0.1259670853614807	0.5592241287231445
1088	0.07209060341119766	0.12572363018989563	0.5610626339912415
1089	0.07171298563480377	0.12532880902290344	0.5642725825309753
1090	0.071062371134758	0.12483387440443039	0.5686923861503601
1091	0.0720617026090622	0.12455856800079346	0.5713446736335754
1092	0.07110486179590225	0.12415534257888794	0.574670135974884
1093	0.07190726697444916	0.12410455197095871	0.5744142532348633
1094	0.07134959101676941	0.12392066419124603	0.5741539597511292
1095	0.07179632037878036	0.12452209740877151	0.5694114565849304
1096	0.0715889111161232	0.12540318071842194	0.5646547675132751
1097	0.07069828361272812	0.12596164643764496	0.5624803304672241
1098	0.07059546560049057	0.12609703838825226	0.5625642538070679
1099	0.0709364041686058	0.12587584555149078	0.5645241141319275
1100	0.07228536903858185	0.12530730664730072	0.5687200427055359
1101	0.07281778752803802	0.12441173940896988	0.5745096802711487
1102	0.0716068223118782	0.12355869263410568	0.5810528993606567
1103	0.07105867564678192	0.12284572422504425	0.5869372487068176
1104	0.07157441228628159	0.12283803522586823	0.5884165167808533
1105	0.07038487493991852	0.12325499206781387	0.5855773091316223
1106	0.07205852121114731	0.12336177378892899	0.5846211314201355
1107	0.07088903337717056	0.12397750467061996	0.5814634561538696
1108	0.07204531878232956	0.12445057183504105	0.5771200060844421
1109	0.07184683531522751	0.12486773729324341	0.5721353888511658
1110	0.06871829926967621	0.1252041608095169	0.5679073929786682
1111	0.0720508024096489	0.1255410760641098	0.5642260313034058
1112	0.07059896737337112	0.12585151195526123	0.5606228709220886
1113	0.07025168836116791	0.12559421360492706	0.5619590282440186
1114	0.06990654021501541	0.12558771669864655	0.5614797472953796
1115	0.0716511458158493	0.12540777027606964	0.5628605484962463
1116	0.07092836499214172	0.12526187300682068	0.5640044212341309
1117	0.06948646903038025	0.12497015297412872	0.5669646263122559
1118	0.070330411195755	0.12468788027763367	0.5698994398117065
1119	0.07097107172012329	0.12477768957614899	0.5693298578262329
1120	0.06932613998651505	0.12471739947795868	0.5697742700576782
1121	0.06987686455249786	0.1248050332069397	0.5695668458938599
1122	0.07142189890146255	0.12491022050380707	0.5682783126831055
1123	0.07059752196073532	0.12548324465751648	0.5652313232421875
1124	0.06981547176837921	0.12572593986988068	0.5643603205680847
1125	0.0700177252292633	0.12559518218040466	0.5642301440238953
1126	0.06959137320518494	0.12545517086982727	0.5651768445968628
1127	0.06982883810997009	0.12561170756816864	0.5644911527633667
1128	0.06964782625436783	0.1257302463054657	0.5631396770477295
1129	0.07033286988735199	0.12566010653972626	0.5634591579437256
1130	0.07109007984399796	0.12568216025829315	0.5628738403320312
1131	0.07044647634029388	0.12569166719913483	0.5626612901687622
1132	0.0693875327706337	0.12592419981956482	0.5610249042510986
1133	0.07148326188325882	0.12617963552474976	0.5598161816596985
1134	0.06929761171340942	0.1264106035232544	0.5589286088943481
1135	0.0710064247250557	0.126542329788208	0.5580127239227295
1136	0.06992623955011368	0.1262483298778534	0.5589697957038879
1137	0.06900139898061752	0.1259317696094513	0.560515820980072
1138	0.06943372637033463	0.12554559111595154	0.5631933808326721
1139	0.06855756044387817	0.12550310790538788	0.5636680722236633
1140	0.06976097822189331	0.12537240982055664	0.565436840057373
1141	0.0710664838552475	0.12511304020881653	0.5675478577613831
1142	0.06976576894521713	0.125098317861557	0.5674595832824707
1143	0.07086776196956635	0.12513698637485504	0.5674251317977905
1144	0.06977968662977219	0.12544463574886322	0.5654385089874268
1145	0.06924173980951309	0.1255921870470047	0.5645903944969177
1146	0.0696079209446907	0.1256418377161026	0.5637940168380737
1147	0.07129447907209396	0.12541858851909637	0.5652353763580322
1148	0.06911448389291763	0.12537135183811188	0.5655314326286316
1149	0.06946244835853577	0.12537196278572083	0.5652244091033936
1150	0.06808891147375107	0.1252310872077942	0.5667269229888916
1151	0.06823400408029556	0.12505178153514862	0.568090558052063
1152	0.06916607916355133	0.12512055039405823	0.5676730275154114
1153	0.06943557411432266	0.12504532933235168	0.5680415630340576
1154	0.07007265090942383	0.1250506192445755	0.568448543548584
1155	0.06867319345474243	0.12491152435541153	0.5701892971992493
1156	0.07054129242897034	0.12467923760414124	0.5712592005729675
1157	0.06919559836387634	0.12437616288661957	0.5731768012046814
1158	0.072370246052742	0.12451857328414917	0.5716280341148376
1159	0.0691460445523262	0.12467573583126068	0.5700203776359558
1160	0.06921295076608658	0.12484916299581528	0.567740797996521
1161	0.06900849938392639	0.12516365945339203	0.5654899477958679
1162	0.06940538436174393	0.12507210671901703	0.5660088658332825
1163	0.06914553046226501	0.12469741702079773	0.5682933330535889
1164	0.06829352676868439	0.12443633377552032	0.5705904364585876
1165	0.06843066960573196	0.12430772930383682	0.5718894004821777
1166	0.06958412379026413	0.12420028448104858	0.5730483531951904
1167	0.06965137273073196	0.12411720305681229	0.5731796622276306
1168	0.06909125298261642	0.1237318366765976	0.5749836564064026
1169	0.06784795224666595	0.12352017313241959	0.5750229358673096
1170	0.06937787681818008	0.1236705407500267	0.5740288496017456
1171	0.06903070211410522	0.12374237924814224	0.5734046697616577
1172	0.06956173479557037	0.12388814985752106	0.5723802447319031
1173	0.06918969005346298	0.12413882464170456	0.5712886452674866
1174	0.0695611760020256	0.12441423535346985	0.5699119567871094
1175	0.07060471177101135	0.12463174015283585	0.5692445635795593
1176	0.06906160712242126	0.12509764730930328	0.5664962530136108
1177	0.06799443811178207	0.1254340410232544	0.5643506050109863
1178	0.06927063316106796	0.12566456198692322	0.5640041828155518
1179	0.06897693872451782	0.1256859004497528	0.5638700723648071
1180	0.06745392084121704	0.1252528876066208	0.5660050511360168
1181	0.06762440502643585	0.1246487945318222	0.5699649453163147
1182	0.0694175660610199	0.12454193830490112	0.5713979005813599
1183	0.06910264492034912	0.12463580071926117	0.5707597732543945
1184	0.06793615221977234	0.1243797019124031	0.5719679594039917
1185	0.06811027228832245	0.1242620125412941	0.5720469951629639
1186	0.06855420023202896	0.12415674328804016	0.571499764919281
1187	0.06921274960041046	0.12430837750434875	0.569250762462616
1188	0.0694785937666893	0.12457434833049774	0.5665186643600464
1189	0.0693545788526535	0.12471812218427658	0.5654204487800598
1190	0.06781686842441559	0.12491313368082047	0.5643535256385803
1191	0.06909358501434326	0.12509727478027344	0.5633575916290283
1192	0.06784211099147797	0.12525834143161774	0.562585711479187
1193	0.06865564733743668	0.12531833350658417	0.5626128911972046
1194	0.06796271353960037	0.12502031028270721	0.5651363730430603
1195	0.06679397076368332	0.12483026832342148	0.5673801302909851
1196	0.06663664430379868	0.12470638751983643	0.5692235231399536
1197	0.0683731883764267	0.12487602978944778	0.5678836703300476
1198	0.067055344581604	0.1257440596818924	0.5634794235229492
1199	0.06720025837421417	0.1262654960155487	0.5607036352157593
1200	0.06826560199260712	0.12628903985023499	0.5606070160865784
1201	0.06862633675336838	0.12617430090904236	0.5607628226280212
1202	0.0682828426361084	0.12600508332252502	0.5612750053405762
1203	0.06839422136545181	0.1255144476890564	0.5645173788070679
1204	0.0678008645772934	0.1254400610923767	0.5661177635192871
1205	0.06778109818696976	0.12530504167079926	0.5675430297851562
1206	0.06671011447906494	0.12525324523448944	0.5667067766189575
1207	0.06868584454059601	0.12528249621391296	0.5653878450393677
1208	0.06964416801929474	0.1254739761352539	0.5628340840339661
1209	0.06786525994539261	0.12575741112232208	0.560689389705658
1210	0.06754956394433975	0.12610989809036255	0.5597964525222778
1211	0.06785713136196136	0.12632127106189728	0.5592892169952393
1212	0.06783930212259293	0.12636268138885498	0.5590060949325562
1213	0.06808824837207794	0.126115083694458	0.5597307682037354
1214	0.0674663558602333	0.12596727907657623	0.5607737302780151
1215	0.06844132393598557	0.1260855346918106	0.560681939125061
1216	0.06859534233808517	0.1262214332818985	0.5596787333488464
1217	0.06785833090543747	0.1264278143644333	0.5576090216636658
1218	0.06854907423257828	0.12674960494041443	0.5559826493263245
1219	0.06849399209022522	0.12648062407970428	0.5581536293029785
1220	0.06659476459026337	0.1260223090648651	0.5614362955093384
1221	0.06636476516723633	0.12584654986858368	0.5633284449577332
1222	0.06710494309663773	0.125797301530838	0.5638094544410706
1223	0.06560719013214111	0.12580722570419312	0.5638790726661682
1224	0.06781777739524841	0.12605680525302887	0.5643051862716675
1225	0.06808900833129883	0.12582643330097198	0.5664422512054443
1226	0.06699763238430023	0.12565569579601288	0.5680747032165527
1227	0.06758929789066315	0.12536907196044922	0.5701556205749512
1228	0.06608802080154419	0.12516646087169647	0.5719387531280518
1229	0.06683860719203949	0.12505145370960236	0.5723938345909119
1230	0.06670583784580231	0.12514713406562805	0.5715991854667664
1231	0.06645768135786057	0.12519733607769012	0.5713927745819092
1232	0.06757858395576477	0.12546616792678833	0.5701839923858643
1233	0.06670984625816345	0.12575171887874603	0.5688384771347046
1234	0.06775816529989243	0.12586894631385803	0.5685496926307678
1235	0.06599869579076767	0.12610450387001038	0.5679159164428711
1236	0.06620296090841293	0.12594760954380035	0.5680910348892212
1237	0.06655441969633102	0.12601716816425323	0.5666028261184692
1238	0.06680387258529663	0.12608660757541656	0.5646172761917114
1239	0.06683354824781418	0.12609301507472992	0.5624264478683472
1240	0.06666326522827148	0.12616541981697083	0.5604903101921082
1241	0.06532511115074158	0.12669910490512848	0.5564468502998352
1242	0.06592893600463867	0.1272459626197815	0.5527138710021973
1243	0.06678185611963272	0.12766718864440918	0.5502642393112183
1244	0.06579539179801941	0.12773750722408295	0.5497444868087769
1245	0.06760673224925995	0.12742532789707184	0.551186203956604
1246	0.06747940182685852	0.12646649777889252	0.556114137172699
1247	0.06581681221723557	0.12593887746334076	0.5602700114250183
1248	0.06565258651971817	0.12546025216579437	0.5650428533554077
1249	0.06704659014940262	0.1251668483018875	0.5689737796783447
1250	0.066456638276577	0.12501448392868042	0.5700286030769348
1251	0.06791997700929642	0.1250973641872406	0.5684376358985901
1252	0.06627283245325089	0.12552033364772797	0.5651702284812927
1253	0.06800921261310577	0.12619099020957947	0.5602436661720276
1254	0.0650470107793808	0.12711937725543976	0.5552042126655579
1255	0.06883980333805084	0.12789586186408997	0.5521538853645325
1256	0.06718461215496063	0.12771207094192505	0.5531798601150513
1257	0.06962548941373825	0.1265082210302353	0.5581515431404114
1258	0.06624644994735718	0.12554116547107697	0.5649462938308716
1259	0.06498447805643082	0.12504948675632477	0.5694419741630554
1260	0.06514409929513931	0.12473400682210922	0.571945071220398
1261	0.0665329322218895	0.12470666319131851	0.5725456476211548
1262	0.06588265299797058	0.12485164403915405	0.5729193091392517
1263	0.06619133055210114	0.1249595507979393	0.5736844539642334
1264	0.06763339787721634	0.12521472573280334	0.5736583471298218
1265	0.06605914980173111	0.12489833682775497	0.574314296245575
1266	0.06539077311754227	0.12441440671682358	0.5766364932060242
1267	0.06634127348661423	0.12410440295934677	0.5783175230026245
1268	0.06657323986291885	0.12421439588069916	0.5776869654655457
1269	0.06551434844732285	0.12422050535678864	0.5770729780197144
1270	0.06567554920911789	0.12402629107236862	0.5781123638153076
1271	0.06626490503549576	0.12404371052980423	0.5779716372489929
1272	0.06682248413562775	0.12415644526481628	0.5771636366844177
1273	0.06750468164682388	0.1241840198636055	0.576918363571167
1274	0.06613139808177948	0.12414051592350006	0.5772790312767029
1275	0.06773769110441208	0.12413598597049713	0.5772063732147217
1276	0.06690552830696106	0.12410050630569458	0.5772364735603333
1277	0.0658050999045372	0.12438607960939407	0.574622631072998
1278	0.06576672196388245	0.12497924268245697	0.5715402364730835
1279	0.06614687293767929	0.12560397386550903	0.5684165358543396
1280	0.06562556326389313	0.12580180168151855	0.567617654800415
1281	0.06587781757116318	0.12594470381736755	0.5664736032485962
1282	0.06624908000230789	0.1262974590063095	0.563875675201416
1283	0.06548098474740982	0.12605439126491547	0.564340353012085
1284	0.06537435948848724	0.12583068013191223	0.565385103225708
1285	0.06576526910066605	0.12590697407722473	0.5648166537284851
1286	0.06521829217672348	0.1256641447544098	0.5659535527229309
1287	0.06552717089653015	0.1254481077194214	0.5670842528343201
1288	0.06622060388326645	0.12533332407474518	0.5690135359764099
1289	0.06634093075990677	0.12520937621593475	0.5692725777626038
1290	0.06547444313764572	0.12495111674070358	0.570793092250824
1291	0.06554173678159714	0.12490098178386688	0.5719045996665955
1292	0.06556662917137146	0.12479772418737411	0.5732583403587341
1293	0.06474098563194275	0.12488984316587448	0.5732715129852295
1294	0.06591217964887619	0.12497483193874359	0.5734772086143494
1295	0.06579273194074631	0.12503451108932495	0.5728333592414856
1296	0.0653320774435997	0.12500199675559998	0.5734038949012756
1297	0.06431823968887329	0.12495267391204834	0.5737568140029907
1298	0.06615699082612991	0.12466580420732498	0.5753902196884155
1299	0.06560628116130829	0.12446005642414093	0.5772600769996643
1300	0.0664055198431015	0.12452340126037598	0.5768967270851135
1301	0.06494265049695969	0.12453287839889526	0.5769474506378174
1302	0.06443727016448975	0.12449124455451965	0.5774959921836853
1303	0.06433364748954773	0.12433561682701111	0.5782968401908875
1304	0.06463923305273056	0.12448832392692566	0.5773717761039734
1305	0.06506632268428802	0.12437374144792557	0.5774907469749451
1306	0.0646878033876419	0.12375207990407944	0.5806134343147278
1307	0.06486200541257858	0.12362562865018845	0.5813307166099548
1308	0.0650722086429596	0.12365125119686127	0.5811859369277954
1309	0.06517334282398224	0.12370656430721283	0.5802884101867676
1310	0.06528922915458679	0.12388142198324203	0.5791437029838562
1311	0.0648864209651947	0.12458375841379166	0.5753384828567505
1312	0.06622762978076935	0.12536360323429108	0.570939302444458
1313	0.06554882228374481	0.12610554695129395	0.5669896602630615
1314	0.06446940451860428	0.1266363561153412	0.564566433429718
1315	0.064845509827137	0.12633627653121948	0.565187394618988
1316	0.06583692878484726	0.12571196258068085	0.5664536952972412
1317	0.06424128264188766	0.12483210116624832	0.569627583026886
1318	0.06488201767206192	0.12448223680257797	0.5724442601203918
1319	0.06397206336259842	0.12415393441915512	0.5747166872024536
1320	0.06584829092025757	0.12414896488189697	0.5748626589775085
1321	0.06510888785123825	0.12424319237470627	0.5745038986206055
1322	0.0660431981086731	0.12508894503116608	0.5704667568206787
1323	0.06345970183610916	0.12598398327827454	0.5676848888397217
1324	0.06454251706600189	0.12570525705814362	0.5687476992607117
1325	0.06540123373270035	0.12507039308547974	0.5709611177444458
1326	0.0644928514957428	0.1247369796037674	0.5729801654815674
1327	0.0661003515124321	0.12458287924528122	0.5751081705093384
1328	0.06524287164211273	0.12475288659334183	0.574509859085083
1329	0.06549441814422607	0.12463408708572388	0.5746216177940369
1330	0.06395433098077774	0.12460128962993622	0.5731593370437622
1331	0.06496724486351013	0.12498247623443604	0.569222092628479
1332	0.06653843820095062	0.12513194978237152	0.5688327550888062
1333	0.06603735685348511	0.12507730722427368	0.569887638092041
1334	0.06286919116973877	0.12472227215766907	0.573214590549469
1335	0.06475332379341125	0.12459506839513779	0.5748661160469055
1336	0.06463547796010971	0.12473562359809875	0.5740770697593689
1337	0.06467778980731964	0.1248750239610672	0.5739890933036804
1338	0.06385291367769241	0.12498932331800461	0.5735285878181458
1339	0.06375095248222351	0.12498924136161804	0.5741608142852783
1340	0.06449596583843231	0.12462146580219269	0.577162504196167
1341	0.06467876583337784	0.12410615384578705	0.580895721912384
1342	0.06365831196308136	0.12397488206624985	0.5817718505859375
1343	0.062404487282037735	0.1240527331829071	0.5806657671928406
1344	0.06436298787593842	0.12436015903949738	0.5785971879959106
1345	0.06463894248008728	0.1249113455414772	0.576124370098114
1346	0.0631389319896698	0.1257411241531372	0.5721396803855896
1347	0.06383655220270157	0.12584489583969116	0.5718867778778076
1348	0.06356142461299896	0.1253407746553421	0.5742439031600952
1349	0.06371673941612244	0.12494947761297226	0.5763757824897766
1350	0.0640977993607521	0.12470601499080658	0.5774267911911011
1351	0.0640840008854866	0.12434177845716476	0.5796337723731995
1352	0.06351855397224426	0.12420011311769485	0.5810173153877258
1353	0.06563397496938705	0.12404157221317291	0.5824683904647827
1354	0.06371062994003296	0.12406621873378754	0.5820730328559875
1355	0.0650349110364914	0.12422624230384827	0.5822620391845703
1356	0.06531237810850143	0.12404002994298935	0.5838462710380554
1357	0.06422397494316101	0.12360627204179764	0.5853627920150757
1358	0.06249277666211128	0.12280537188053131	0.5893922448158264
1359	0.06500202417373657	0.12254469841718674	0.590829074382782
1360	0.06492983549833298	0.12240862846374512	0.5919539928436279
1361	0.06235221400856972	0.12255335599184036	0.5914422869682312
1362	0.06484163552522659	0.12322814017534256	0.5885518789291382
1363	0.06307228654623032	0.12441165745258331	0.5837723612785339
1364	0.06422658264636993	0.12586018443107605	0.5774526596069336
1365	0.06410246342420578	0.12659749388694763	0.5739672183990479
1366	0.0624898262321949	0.12638422846794128	0.573931872844696
1367	0.06361524015665054	0.125620499253273	0.5763283371925354
1368	0.06364282220602036	0.12433715164661407	0.5815560817718506
1369	0.0635637417435646	0.12345590442419052	0.5861162543296814
1370	0.06264343857765198	0.12269128859043121	0.5915923714637756
1371	0.06340228766202927	0.12260207533836365	0.5951677560806274
1372	0.06335851550102234	0.12253588438034058	0.5967109799385071
1373	0.0641244426369667	0.12276887148618698	0.5941447615623474
1374	0.06217576935887337	0.1232633963227272	0.5910005569458008
1375	0.06327079236507416	0.12387173622846603	0.587654709815979
1376	0.06424758583307266	0.12432528287172318	0.5848297476768494
1377	0.06364279240369797	0.12455449253320694	0.5829097032546997
1378	0.06276968121528625	0.1248440220952034	0.58067786693573
1379	0.06343162059783936	0.12508539855480194	0.5788987278938293
1380	0.06314072757959366	0.12495545297861099	0.5789493322372437
1381	0.06376343220472336	0.12457206845283508	0.5801527500152588
1382	0.0647297352552414	0.12468425184488297	0.5791111588478088
1383	0.06352945417165756	0.1248113289475441	0.577542245388031
1384	0.06340274214744568	0.12465530633926392	0.5776811242103577
1385	0.062172818928956985	0.1248215064406395	0.5768073797225952
1386	0.06351963430643082	0.12482132017612457	0.5765866041183472
1387	0.06200693920254707	0.12462467700242996	0.5766578316688538
1388	0.06215368211269379	0.12468408793210983	0.5757436156272888
1389	0.0632341057062149	0.12492435425519943	0.5745600461959839
1390	0.06291837990283966	0.12498314678668976	0.5748390555381775
1391	0.06411588937044144	0.1251625269651413	0.5748948454856873
1392	0.0626038983464241	0.12562987208366394	0.5725832581520081
1393	0.061591774225234985	0.1258813887834549	0.57150799036026
1394	0.06205173209309578	0.12604565918445587	0.5702739357948303
1395	0.062350790947675705	0.12616288661956787	0.5718365907669067
1396	0.06286729872226715	0.1263391375541687	0.5721877813339233
1397	0.06369217485189438	0.1262105107307434	0.5736768841743469
1398	0.06452520191669464	0.12558291852474213	0.5769864320755005
1399	0.06518878042697906	0.12476084381341934	0.581011176109314
1400	0.06230366975069046	0.12422741204500198	0.5840790271759033
1401	0.06351570039987564	0.12394407391548157	0.5855289697647095
1402	0.06319167464971542	0.1240973249077797	0.5840961933135986
1403	0.061679303646087646	0.1242051050066948	0.5833587646484375
1404	0.06131090968847275	0.12436413764953613	0.5827405452728271
1405	0.06193162873387337	0.12472530454397202	0.5812345147132874
1406	0.062185339629650116	0.12477528303861618	0.581207275390625
1407	0.06285884976387024	0.12474755197763443	0.5815849304199219
1408	0.062104232609272	0.12450192868709564	0.5826686024665833
1409	0.06194916367530823	0.12414039671421051	0.5844302177429199
1410	0.06290767341852188	0.12382850050926208	0.5864757299423218
1411	0.060689110308885574	0.12367429584264755	0.5875109434127808
1412	0.06250843405723572	0.12336494773626328	0.5892249941825867
1413	0.06372420489788055	0.12325383722782135	0.5898098349571228
1414	0.06338927149772644	0.1233217790722847	0.5890251398086548
1415	0.06127172335982323	0.1236814558506012	0.586843729019165
1416	0.06234544515609741	0.12423796951770782	0.583406925201416
1417	0.06166261062026024	0.125070258975029	0.5789215564727783
1418	0.06373460590839386	0.12594683468341827	0.5754032731056213
1419	0.06346113979816437	0.12607072293758392	0.5753244161605835
1420	0.06245056167244911	0.12584659457206726	0.5767840147018433
1421	0.061837442219257355	0.1251581609249115	0.5801762938499451
1422	0.06335223466157913	0.12496019154787064	0.5812522768974304
1423	0.06268524378538132	0.1247052401304245	0.5827269554138184
1424	0.0630771741271019	0.12410031259059906	0.5855850577354431
1425	0.060922540724277496	0.1240016371011734	0.5858147740364075
1426	0.06171036884188652	0.1244247704744339	0.5833439826965332
1427	0.06226493418216705	0.12506626546382904	0.5798065662384033
1428	0.06173353269696236	0.12570606172084808	0.5762978792190552
1429	0.06355291604995728	0.1256762593984604	0.5764053463935852
1430	0.060981206595897675	0.12559598684310913	0.5769733786582947
1431	0.06158875674009323	0.12519247829914093	0.5795119404792786
1432	0.060644328594207764	0.12528416514396667	0.579566478729248
1433	0.06126509979367256	0.12530666589736938	0.5798114538192749
1434	0.06173669919371605	0.12530244886875153	0.5806354284286499
1435	0.06061331927776337	0.1253935545682907	0.5810168981552124
1436	0.06233919411897659	0.12535588443279266	0.5817006826400757
1437	0.06219623237848282	0.1252087503671646	0.5823700428009033
1438	0.062406741082668304	0.12516869604587555	0.5813196301460266
1439	0.06087160483002663	0.1254466325044632	0.579429566860199
1440	0.060170356184244156	0.12530028820037842	0.5796187520027161
1441	0.06118612736463547	0.12550757825374603	0.5778285264968872
1442	0.06120656803250313	0.12586672604084015	0.5748296976089478
1443	0.06221773475408554	0.1259678602218628	0.57393479347229
1444	0.06067239120602608	0.12583962082862854	0.5748520493507385
1445	0.06148751080036163	0.12558704614639282	0.5762298107147217
1446	0.061893247067928314	0.12515614926815033	0.5784867405891418
1447	0.06158169358968735	0.12461953610181808	0.5813797116279602
1448	0.06320533901453018	0.12390683591365814	0.5850161910057068
1449	0.06059581786394119	0.12345300614833832	0.5877817869186401
1450	0.06124284490942955	0.12334252148866653	0.5896211862564087
1451	0.06282957643270493	0.12380563467741013	0.58818119764328
1452	0.06323839724063873	0.1242111474275589	0.5867173075675964
1453	0.06249372661113739	0.12474320828914642	0.5842136740684509
1454	0.06083282455801964	0.12549565732479095	0.5806196331977844
1455	0.06212490424513817	0.1261923760175705	0.5773435235023499
1456	0.061523325741291046	0.12614253163337708	0.5765201449394226
1457	0.06162586808204651	0.12582573294639587	0.5773683786392212
1458	0.06069560721516609	0.1250101625919342	0.5804979205131531
1459	0.06304579973220825	0.12480808794498444	0.5812825560569763
1460	0.06041742488741875	0.12454627454280853	0.5824306607246399
1461	0.06145091727375984	0.12455597519874573	0.5821537375450134
1462	0.06238238885998726	0.12461668998003006	0.5822725892066956
1463	0.061384204775094986	0.12517856061458588	0.5800526738166809
1464	0.06244616582989693	0.1257622092962265	0.5776233673095703
1465	0.06320704519748688	0.12560415267944336	0.5783417820930481
1466	0.06205713376402855	0.1252351701259613	0.5812220573425293
1467	0.06174430623650551	0.1250004768371582	0.5825651288032532
1468	0.06152315065264702	0.12476341426372528	0.583497941493988
1469	0.060810014605522156	0.12473641335964203	0.583407998085022
1470	0.061693500727415085	0.12479081749916077	0.582694411277771
1471	0.062316328287124634	0.12570476531982422	0.578300416469574
1472	0.060786906629800797	0.12659521400928497	0.5752784609794617
1473	0.061594363301992416	0.12666572630405426	0.5756281614303589
1474	0.06183239817619324	0.1256476789712906	0.5799914002418518
1475	0.06030211225152016	0.12408468872308731	0.5863046646118164
1476	0.06226971000432968	0.12323924154043198	0.5904091596603394
1477	0.06018466502428055	0.1231146827340126	0.5921674370765686
1478	0.06108089163899422	0.12326467782258987	0.5917447209358215
1479	0.060603294521570206	0.12333261966705322	0.5909043550491333
1480	0.05998247489333153	0.12408740818500519	0.5857725739479065
1481	0.06103933975100517	0.12567003071308136	0.5788660049438477
1482	0.062323618680238724	0.12681496143341064	0.573672354221344
1483	0.06115307658910751	0.12746229767799377	0.5707265138626099
1484	0.06051475927233696	0.12684190273284912	0.5732794404029846
1485	0.062163498252630234	0.12537814676761627	0.5797141790390015
1486	0.06120981276035309	0.1241820752620697	0.5857877731323242
1487	0.06034838780760765	0.12374292314052582	0.5893111228942871
1488	0.06149260327219963	0.1235961839556694	0.5896947383880615
1489	0.06053031608462334	0.12366867810487747	0.588294267654419
1490	0.06207510083913803	0.12435092777013779	0.5848574042320251
1491	0.06037592142820358	0.1254601776599884	0.5804334282875061
1492	0.061516690999269485	0.12590067088603973	0.5789760947227478
1493	0.061613790690898895	0.12607409060001373	0.5780513286590576
1494	0.06158857420086861	0.12536218762397766	0.5808171033859253
1495	0.06050119921565056	0.12467015534639359	0.5840190052986145
1496	0.061021219938993454	0.12403657287359238	0.5870844125747681
1497	0.06018264591693878	0.1238141730427742	0.5899815559387207
1498	0.061167895793914795	0.12407621741294861	0.5897156596183777
1499	0.06143606826663017	0.12442149966955185	0.5863828063011169
1500	0.06226465106010437	0.12539544701576233	0.5789748430252075
1501	0.06159022077918053	0.12669962644577026	0.5709798336029053
1502	0.05996735021471977	0.12752526998519897	0.5660868287086487
1503	0.06134594976902008	0.12802451848983765	0.5637956261634827
1504	0.060516487807035446	0.12797515094280243	0.5642169117927551
1505	0.060941047966480255	0.12741799652576447	0.5669406652450562
1506	0.06092023104429245	0.12693598866462708	0.5700008273124695
1507	0.06006086617708206	0.1263095587491989	0.5738069415092468
1508	0.06064191833138466	0.12570233643054962	0.5781798362731934
1509	0.05844388157129288	0.12542198598384857	0.5806102752685547
1510	0.06061011552810669	0.1249086931347847	0.5837486982345581
1511	0.060625772923231125	0.12472925335168839	0.5858083963394165
1512	0.060025978833436966	0.12475047260522842	0.5864396691322327
1513	0.060790229588747025	0.12480101734399796	0.5860909819602966
1514	0.059855978935956955	0.12494619935750961	0.5848528146743774
1515	0.061255764216184616	0.12524829804897308	0.5826548933982849
1516	0.06038651615381241	0.12526515126228333	0.5828545093536377
1517	0.05968153104186058	0.12515635788440704	0.5840030908584595
1518	0.058728717267513275	0.1249886006116867	0.5854148864746094
1519	0.06079321354627609	0.1248553991317749	0.5866107940673828
1520	0.06054018437862396	0.12527936697006226	0.5848875045776367
1521	0.06043608859181404	0.12577350437641144	0.5831964612007141
1522	0.05889448523521423	0.1263292282819748	0.5804911255836487
1523	0.05991081893444061	0.12610305845737457	0.5812491774559021
1524	0.05891865864396095	0.1260872334241867	0.5810015201568604
1525	0.06130415201187134	0.12592096626758575	0.5813295245170593
1526	0.06002379208803177	0.12533560395240784	0.583642303943634
1527	0.06002616509795189	0.12446392327547073	0.5872936844825745
1528	0.06068022549152374	0.12411142140626907	0.589246392250061
1529	0.06320711970329285	0.12417721748352051	0.5888532996177673
1530	0.05994400009512901	0.12437979876995087	0.5876140594482422
1531	0.060330670326948166	0.1246505007147789	0.5862615704536438
1532	0.06090383976697922	0.12524229288101196	0.5826185941696167
1533	0.059422776103019714	0.12600156664848328	0.578777551651001
1534	0.059951093047857285	0.1260947287082672	0.5781453251838684
1535	0.059910278767347336	0.12593302130699158	0.5789437890052795
1536	0.06063509359955788	0.12614044547080994	0.5773995518684387
1537	0.058932118117809296	0.12611201405525208	0.5776280760765076
1538	0.05900982767343521	0.125534325838089	0.580634355545044
1539	0.061036963015794754	0.12470945715904236	0.5854766368865967
1540	0.060243166983127594	0.12454897910356522	0.5864332914352417
1541	0.06004444137215614	0.12477089464664459	0.5852060914039612
1542	0.059263139963150024	0.12543992698192596	0.5819185376167297
1543	0.05932058393955231	0.12587524950504303	0.5798137784004211
1544	0.05969015508890152	0.12630397081375122	0.5772244930267334
1545	0.060515157878398895	0.12700743973255157	0.5735138654708862
1546	0.05838882923126221	0.12727224826812744	0.5720277428627014
1547	0.06013428419828415	0.1270945966243744	0.5726316571235657
1548	0.06059633567929268	0.12670055031776428	0.5746064186096191
1549	0.05934769660234451	0.12628863751888275	0.5768001079559326
1550	0.058815572410821915	0.12554460763931274	0.580133318901062
1551	0.060060154646635056	0.12515684962272644	0.5821207761764526
1552	0.05975981429219246	0.1250169575214386	0.5825586915016174
1553	0.05996006727218628	0.12506623566150665	0.5818678736686707
1554	0.058806899935007095	0.12524159252643585	0.5805423855781555
1555	0.058631546795368195	0.1254957765340805	0.5793230533599854
1556	0.05868939310312271	0.12582126259803772	0.577979326248169
1557	0.05950494855642319	0.1261419653892517	0.5770693421363831
1558	0.05956308916211128	0.12638117372989655	0.5766984224319458
1559	0.06060788035392761	0.12684795260429382	0.5754755735397339
1560	0.0597541406750679	0.1269371062517166	0.5758717060089111
1561	0.0601581446826458	0.1261456310749054	0.5805728435516357
1562	0.05889706686139107	0.1251813769340515	0.5854584574699402
1563	0.05967716872692108	0.124502994120121	0.589287519454956
1564	0.05933055654168129	0.12416715919971466	0.5928800702095032
1565	0.0601966455578804	0.12407016009092331	0.5945980548858643
1566	0.05831025913357735	0.1241450384259224	0.5937634706497192
1567	0.05838260054588318	0.12440627813339233	0.5917420983314514
1568	0.05951549485325813	0.12563276290893555	0.5876339673995972
1569	0.05910211801528931	0.1265028864145279	0.58326655626297
1570	0.060956984758377075	0.1265086531639099	0.5821917057037354
1571	0.05950043722987175	0.1262015402317047	0.5818884372711182
1572	0.060515645891427994	0.12552642822265625	0.5835058689117432
1573	0.05943509191274643	0.12477794289588928	0.5862197279930115
1574	0.057982031255960464	0.12499585002660751	0.5866937637329102
1575	0.0607825331389904	0.12507013976573944	0.5859119892120361
1576	0.05802076682448387	0.12519270181655884	0.5837487578392029
1577	0.05995570495724678	0.12563250958919525	0.5803009271621704
1578	0.05975048989057541	0.126152902841568	0.5770279169082642
1579	0.05860232934355736	0.12692436575889587	0.5739938020706177
1580	0.05918602645397186	0.12689970433712006	0.5749273300170898
1581	0.06188878417015076	0.12581771612167358	0.5802621841430664
1582	0.05865279585123062	0.12463337928056717	0.5861367583274841
1583	0.06073836609721184	0.12341783195734024	0.5914146900177002
1584	0.058867696672677994	0.12318578362464905	0.5953396558761597
1585	0.05913164094090462	0.12317533791065216	0.5969411730766296
1586	0.05976002290844917	0.12301579862833023	0.5963962078094482
1587	0.05977240577340126	0.12292447686195374	0.5952997207641602
1588	0.05857058987021446	0.12322939187288284	0.593391478061676
1589	0.05854218825697899	0.12406328320503235	0.5897999405860901
1590	0.058837201446294785	0.12527544796466827	0.5839882493019104
1591	0.05707370489835739	0.12668819725513458	0.5783650279045105
1592	0.06006951257586479	0.12714028358459473	0.5767688751220703
1593	0.060244932770729065	0.1264646351337433	0.5796350836753845
1594	0.05949676036834717	0.1251210868358612	0.5853742957115173
1595	0.05792279914021492	0.12436850368976593	0.5894304513931274
1596	0.059443149715662	0.12424881756305695	0.5918402671813965
1597	0.05948108062148094	0.1242908164858818	0.5926011204719543
1598	0.058202024549245834	0.12434402108192444	0.5928828716278076
1599	0.058613624423742294	0.12450805306434631	0.5910112857818604
1600	0.05928045138716698	0.12507133185863495	0.5873985290527344
1601	0.0585431233048439	0.12555758655071259	0.5845000743865967
1602	0.058480095118284225	0.125949889421463	0.5816472768783569
1603	0.058183055371046066	0.12636582553386688	0.5793551206588745
1604	0.06032818928360939	0.12641999125480652	0.5788583159446716
1605	0.05820484831929207	0.1264917254447937	0.5785842537879944
1606	0.06038480997085571	0.12641514837741852	0.5797133445739746
1607	0.05718684569001198	0.12669378519058228	0.5795152187347412
1608	0.058670755475759506	0.1266549676656723	0.5806502103805542
1609	0.058685414493083954	0.12620775401592255	0.5834196209907532
1610	0.05871621519327164	0.12576772272586823	0.5858116745948792
1611	0.05877247452735901	0.12535859644412994	0.5876878499984741
1612	0.05843959003686905	0.12470396608114243	0.5901162028312683
1613	0.058134038001298904	0.12394166737794876	0.593632161617279
1614	0.05875370651483536	0.12369965761899948	0.5951890349388123
1615	0.05995667725801468	0.12379815429449081	0.5945475697517395
1616	0.05928802490234375	0.12370501458644867	0.5932413935661316
1617	0.058478958904743195	0.12406640499830246	0.5902116894721985
1618	0.0582190677523613	0.12488255649805069	0.5857221484184265
1619	0.05749258026480675	0.1257585734128952	0.5817992687225342
1620	0.058618973940610886	0.1268872320652008	0.5773982405662537
1621	0.06055831164121628	0.12653140723705292	0.5794080495834351
1622	0.06002866476774216	0.12607122957706451	0.5807516574859619
1623	0.05911117419600487	0.12484659254550934	0.5856045484542847
1624	0.058058325201272964	0.12390806525945663	0.5899458527565002
1625	0.0574924498796463	0.12340804934501648	0.5918306112289429
1626	0.05900608375668526	0.12331346422433853	0.593445360660553
1627	0.05899852514266968	0.12374585121870041	0.5939632058143616
1628	0.05793720483779907	0.12424114346504211	0.5916422009468079
1629	0.05830353498458862	0.12454114109277725	0.5888864994049072
1630	0.058216508477926254	0.12472275644540787	0.5853381752967834
1631	0.05881885811686516	0.12526163458824158	0.581013560295105
1632	0.056323423981666565	0.12591029703617096	0.577499270439148
1633	0.05670427158474922	0.12680287659168243	0.5744931697845459
1634	0.0577356293797493	0.1271367222070694	0.5742799639701843
1635	0.058070067316293716	0.12704579532146454	0.576008141040802
1636	0.05790089815855026	0.12609244883060455	0.5800249576568604
1637	0.059087734669446945	0.12479428946971893	0.5855104327201843
1638	0.05802689120173454	0.12386029213666916	0.5911409258842468
1639	0.05823967978358269	0.12362080812454224	0.5927895307540894
1640	0.059130292385816574	0.12349274009466171	0.5927289128303528
1641	0.057428158819675446	0.1237194687128067	0.5916715264320374
1642	0.059062860906124115	0.12441933155059814	0.5881381630897522
1643	0.057392362505197525	0.12515032291412354	0.5845230221748352
1644	0.05914381891489029	0.12591701745986938	0.5808877944946289
1645	0.05885542184114456	0.12602758407592773	0.5808711051940918
1646	0.05894356220960617	0.12537406384944916	0.5836074352264404
1647	0.05766928941011429	0.12468501180410385	0.5868331789970398
1648	0.05853667110204697	0.12414627522230148	0.5895178914070129
1649	0.05759813264012337	0.1238693967461586	0.5911353230476379
1650	0.05897480621933937	0.12348245829343796	0.5937435626983643
1651	0.058303698897361755	0.12355086207389832	0.5943928360939026
1652	0.05562159791588783	0.12375008314847946	0.5939123034477234
1653	0.05759875103831291	0.12401638925075531	0.5932580828666687
1654	0.05874874070286751	0.12461412698030472	0.5902660489082336
1655	0.059312254190444946	0.12493007630109787	0.5885812640190125
1656	0.05736736208200455	0.1255311667919159	0.5848289728164673
1657	0.05829066038131714	0.12578840553760529	0.5827710628509521
1658	0.057323578745126724	0.1255711317062378	0.5835979580879211
1659	0.0580730065703392	0.12555676698684692	0.5831893086433411
1660	0.05772527679800987	0.12557001411914825	0.5827261209487915
1661	0.057583726942539215	0.1257810890674591	0.5813812613487244
1662	0.056980352848768234	0.12584522366523743	0.5809581875801086
1663	0.05705520138144493	0.12588578462600708	0.5811048746109009
1664	0.05755079537630081	0.12559200823307037	0.5832760334014893
1665	0.05833259969949722	0.12546497583389282	0.5847212672233582
1666	0.05719325318932533	0.1254531741142273	0.5849689245223999
1667	0.05664513632655144	0.12537172436714172	0.5850419998168945
1668	0.057208072394132614	0.12519632279872894	0.5856407880783081
1669	0.05703633651137352	0.12499308586120605	0.5873873233795166
1670	0.05699726194143295	0.12477941811084747	0.5890389084815979
1671	0.057923804968595505	0.12474231421947479	0.5893474817276001
1672	0.05523819476366043	0.12467990070581436	0.5898025035858154
1673	0.056266285479068756	0.12485890835523605	0.589179515838623
1674	0.056673627346754074	0.124815933406353	0.5894016623497009
1675	0.05667600780725479	0.12452555447816849	0.5902997851371765
1676	0.058401405811309814	0.12397238612174988	0.5930145382881165
1677	0.05685337632894516	0.12383916229009628	0.5936989784240723
1678	0.05670247972011566	0.12390170246362686	0.5929970741271973
1679	0.05755113437771797	0.12409935891628265	0.5914162397384644
1680	0.05745872110128403	0.12478505820035934	0.5877682566642761
1681	0.05776122584939003	0.1251755654811859	0.5860385894775391
1682	0.0568324439227581	0.12525586783885956	0.5856270790100098
1683	0.057226430624723434	0.12543295323848724	0.5846933126449585
1684	0.05761897191405296	0.12566229701042175	0.5835428237915039
1685	0.05693266540765762	0.12551188468933105	0.5841547846794128
1686	0.05625317618250847	0.12544670701026917	0.5846340656280518
1687	0.057486940175294876	0.12499605119228363	0.5871365070343018
1688	0.05684486776590347	0.12419015169143677	0.5906845927238464
1689	0.05660080537199974	0.12378191947937012	0.5926563143730164
1690	0.057902250438928604	0.12334691733121872	0.5949292182922363
1691	0.05716237425804138	0.12336504459381104	0.5952001214027405
1692	0.0556187704205513	0.12377806007862091	0.5936539769172668
1693	0.056448109447956085	0.1245395615696907	0.5899771451950073
1694	0.05801605060696602	0.12507380545139313	0.5874896049499512
1695	0.05593667924404144	0.12524832785129547	0.5864092707633972
1696	0.05647061765193939	0.1253364235162735	0.5852933526039124
1697	0.05858803540468216	0.12554225325584412	0.5836641192436218
1698	0.057611797004938126	0.12558023631572723	0.5828530788421631
1699	0.05794612318277359	0.1253708153963089	0.5831851959228516
1700	0.05627674236893654	0.12579014897346497	0.5803703665733337
1701	0.0568293035030365	0.12664151191711426	0.5759827494621277
1702	0.05765359476208687	0.12676826119422913	0.5746121406555176
1703	0.05625610426068306	0.12614640593528748	0.5767247676849365
1704	0.05569039657711983	0.12576553225517273	0.5782949328422546
1705	0.056421928107738495	0.12552817165851593	0.5797891020774841
1706	0.057233162224292755	0.12549330294132233	0.5802476406097412
1707	0.055846694856882095	0.12563161551952362	0.579993486404419
1708	0.05632774531841278	0.12600865960121155	0.5795193314552307
1709	0.05627090856432915	0.12624359130859375	0.579105794429779
1710	0.05635910481214523	0.12626829743385315	0.579883337020874
1711	0.05724018067121506	0.12608155608177185	0.5811324715614319
1712	0.05674821510910988	0.12553298473358154	0.5833832025527954
1713	0.05767708644270897	0.12484663724899292	0.5866175293922424
1714	0.05621454119682312	0.12450029700994492	0.5887721180915833
1715	0.056512948125600815	0.12433233112096786	0.5903440117835999
1716	0.05678416043519974	0.12424834072589874	0.5907058715820312
1717	0.05644650012254715	0.12406076490879059	0.5919593572616577
1718	0.057461727410554886	0.12390649318695068	0.591733455657959
1719	0.058150939643383026	0.12444142252206802	0.5893351435661316
1720	0.05727163702249527	0.12519006431102753	0.5869463086128235
1721	0.057974640280008316	0.12584030628204346	0.5855358242988586
1722	0.057234376668930054	0.12610428035259247	0.5862802863121033
1723	0.0557120256125927	0.12581492960453033	0.5875203609466553
1724	0.05649184435606003	0.12494740635156631	0.5900663733482361
1725	0.05604766309261322	0.12404116988182068	0.5930206775665283
1726	0.05510507524013519	0.12387818098068237	0.5935214161872864
1727	0.05723783001303673	0.12365733087062836	0.5939862728118896
1728	0.05768017843365669	0.12394005805253983	0.5917649865150452
1729	0.05565298721194267	0.12396656721830368	0.5918023586273193
1730	0.05663849413394928	0.12405475229024887	0.5906655788421631
1731	0.05678756535053253	0.12404720485210419	0.5903099179267883
1732	0.05616868659853935	0.12409575283527374	0.5895854830741882
1733	0.057474952191114426	0.12460599839687347	0.5870237946510315
1734	0.057552777230739594	0.12509891390800476	0.5850563645362854
1735	0.056596048176288605	0.12497967481613159	0.5860851407051086
1736	0.05883512273430824	0.12443205714225769	0.5888971090316772
1737	0.05586467683315277	0.12400712817907333	0.5922684073448181
1738	0.0572301521897316	0.12397401034832001	0.5936606526374817
1739	0.05536412447690964	0.12420536577701569	0.5935695171356201
1740	0.057616665959358215	0.12436510622501373	0.5936119556427002
1741	0.056274570524692535	0.12448110431432724	0.5934802889823914
1742	0.057172682136297226	0.12374884635210037	0.5961640477180481
1743	0.05498958006501198	0.12293059378862381	0.6002515554428101
1744	0.05565951392054558	0.12280083447694778	0.6009382009506226
1745	0.05505828931927681	0.12270002067089081	0.6007901430130005
1746	0.05638210102915764	0.12285711616277695	0.5990070700645447
1747	0.05645076185464859	0.12325084954500198	0.5971003174781799
1748	0.056458380073308945	0.12405595928430557	0.5934605598449707
1749	0.055485330522060394	0.1248316764831543	0.5895145535469055
1750	0.057400479912757874	0.12511791288852692	0.5879074335098267
1751	0.05605011060833931	0.12490072101354599	0.5879589319229126
1752	0.056224070489406586	0.12467796355485916	0.5880919098854065
1753	0.057165056467056274	0.12404558807611465	0.5901504755020142
1754	0.056189559400081635	0.12375327944755554	0.5910370349884033
1755	0.05703187733888626	0.1238447055220604	0.5903684496879578
1756	0.05539333075284958	0.12403371185064316	0.5895297527313232
1757	0.058023273944854736	0.12425975501537323	0.5889798998832703
1758	0.05598760396242142	0.12463998049497604	0.5881725549697876
1759	0.05721810832619667	0.12506258487701416	0.587480902671814
1760	0.05784638598561287	0.12557391822338104	0.5860601663589478
1761	0.055996377021074295	0.12574073672294617	0.5854760408401489
1762	0.05648358538746834	0.12542493641376495	0.5867881178855896
1763	0.056634336709976196	0.12522925436496735	0.5878156423568726
1764	0.05706740915775299	0.1251346617937088	0.5883914828300476
1765	0.054733309894800186	0.12543605268001556	0.586980402469635
1766	0.055441442877054214	0.12552310526371002	0.58672034740448
1767	0.055224813520908356	0.12627016007900238	0.5835629105567932
1768	0.05493165925145149	0.1263965219259262	0.5830679535865784
1769	0.05643029138445854	0.126132071018219	0.5842977166175842
1770	0.05537336692214012	0.12551485002040863	0.5866160988807678
1771	0.056278008967638016	0.12522807717323303	0.5876094698905945
1772	0.05671747773885727	0.1250920295715332	0.5879931449890137
1773	0.05557215213775635	0.12535929679870605	0.5868876576423645
1774	0.055148813873529434	0.12545029819011688	0.5864193439483643
1775	0.05758899077773094	0.12551328539848328	0.5861234664916992
1776	0.05601222440600395	0.12543931603431702	0.5860639214515686
1777	0.05577939748764038	0.1252628117799759	0.5866180062294006
1778	0.05656518042087555	0.12489309161901474	0.5881903767585754
1779	0.05573538318276405	0.12441025674343109	0.591839075088501
1780	0.056086041033267975	0.12415942549705505	0.5935112833976746
1781	0.05694764852523804	0.12385104596614838	0.5960224866867065
1782	0.055558640509843826	0.12376982718706131	0.5966674089431763
1783	0.05540614202618599	0.12386935204267502	0.5962839126586914
1784	0.05776059255003929	0.12390156090259552	0.5959434509277344
1785	0.05473124235868454	0.12382222712039948	0.5961926579475403
1786	0.056141361594200134	0.12370745837688446	0.5978339314460754
1787	0.05493053421378136	0.12381760776042938	0.5973966717720032
1788	0.05664476007223129	0.1236952692270279	0.5989906191825867
1789	0.055424850434064865	0.12369636446237564	0.598707377910614
1790	0.056537091732025146	0.1237855851650238	0.5966646075248718
1791	0.05614549294114113	0.12387429177761078	0.5952228307723999
1792	0.05649164691567421	0.12395305186510086	0.5947171449661255
1793	0.055601947009563446	0.12394068390130997	0.5946362614631653
1794	0.05490846931934357	0.1242309957742691	0.5928968787193298
1795	0.05493984743952751	0.12473541498184204	0.5910566449165344
1796	0.05629828944802284	0.1250571608543396	0.5901827812194824
1797	0.055694643408060074	0.12501055002212524	0.590000331401825
1798	0.05584270507097244	0.1246606782078743	0.5913770794868469
1799	0.05532665178179741	0.12443729490041733	0.5926532745361328
1800	0.05544715002179146	0.1241808757185936	0.5938562154769897
1801	0.05558902397751808	0.12400053441524506	0.594653308391571
1802	0.05494621396064758	0.12384571880102158	0.5948492288589478
1803	0.05457545444369316	0.12369472533464432	0.5944560766220093
1804	0.05681140348315239	0.12367873638868332	0.5935693383216858
1805	0.05533100292086601	0.12407714873552322	0.5912169218063354
1806	0.056116390973329544	0.12477954477071762	0.5885748863220215
1807	0.05526098236441612	0.12526997923851013	0.586661696434021
1808	0.055064354091882706	0.125711128115654	0.585716187953949
1809	0.05498289316892624	0.1253116875886917	0.5855523943901062
1810	0.05498311296105385	0.12445264309644699	0.5889542698860168
1811	0.05413687229156494	0.12351598590612411	0.592838704586029
1812	0.055419888347387314	0.1232408806681633	0.595052182674408
1813	0.056412070989608765	0.12349303811788559	0.5941740274429321
1814	0.05411563441157341	0.12355054169893265	0.5946520566940308
1815	0.05502299964427948	0.12352490425109863	0.5957952737808228
1816	0.05401672422885895	0.12341876327991486	0.5978360772132874
1817	0.05361538380384445	0.12350329756736755	0.5981208086013794
1818	0.055706754326820374	0.12352649122476578	0.5988150238990784
1819	0.05484253913164139	0.12389424443244934	0.5971967577934265
1820	0.05478347837924957	0.12391730397939682	0.597148597240448
1821	0.0537850484251976	0.12425937503576279	0.5959475040435791
1822	0.05466671288013458	0.124603770673275	0.594417154788971
1823	0.05517434701323509	0.12483974546194077	0.5933628678321838
1824	0.055098239332437515	0.12522560358047485	0.592483401298523
1825	0.05727793276309967	0.1254100650548935	0.5927202105522156
1826	0.05428970977663994	0.12485171109437943	0.5948285460472107
1827	0.052944108843803406	0.12433025240898132	0.5979974865913391
1828	0.05557430535554886	0.12407343834638596	0.6002532243728638
1829	0.05496342480182648	0.12402752786874771	0.6015555262565613
1830	0.05475211888551712	0.12403621524572372	0.6017308831214905
1831	0.05597870424389839	0.12423449754714966	0.5991393327713013
1832	0.05405297130346298	0.12452838569879532	0.5951939225196838
1833	0.05620887875556946	0.12561286985874176	0.5883309245109558
1834	0.055907703936100006	0.12774667143821716	0.5788272023200989
1835	0.05528514087200165	0.12908002734184265	0.5728358030319214
1836	0.056255437433719635	0.12926100194454193	0.5712499022483826
1837	0.05600306764245033	0.1280616968870163	0.5755873322486877
1838	0.054801102727651596	0.12610705196857452	0.5838084816932678
1839	0.05533413216471672	0.12463086098432541	0.5924737453460693
1840	0.05461990833282471	0.1238977462053299	0.6000456809997559
1841	0.05488726496696472	0.12373243272304535	0.6047007441520691
1842	0.0565948411822319	0.123264379799366	0.6069768667221069
1843	0.054827023297548294	0.1228867843747139	0.6064512729644775
1844	0.05480579659342766	0.12298669666051865	0.6042385101318359
1845	0.05475872382521629	0.12352944165468216	0.5997307896614075
1846	0.05444779619574547	0.12447869777679443	0.5962299704551697
1847	0.055258166044950485	0.12502631545066833	0.594668447971344
1848	0.05418592691421509	0.1249316856265068	0.594598114490509
1849	0.05465078726410866	0.12466226518154144	0.5951263308525085
1850	0.05606884881854057	0.12440133839845657	0.5955926179885864
1851	0.055025629699230194	0.12387429177761078	0.5969720482826233
1852	0.05397260934114456	0.12358704209327698	0.5968742966651917
1853	0.054974302649497986	0.12346012890338898	0.5972211360931396
1854	0.053259193897247314	0.12346237897872925	0.5968040823936462
1855	0.05425413325428963	0.12345273047685623	0.5963824987411499
1856	0.055698212236166	0.12358435243368149	0.5957491397857666
1857	0.05404267460107803	0.123973548412323	0.5946682691574097
1858	0.05642196163535118	0.12426377087831497	0.5942171812057495
1859	0.05484206601977348	0.12428099662065506	0.5947688221931458
1860	0.05377379059791565	0.12447407841682434	0.5944802165031433
1861	0.05432192236185074	0.12433205544948578	0.595636248588562
1862	0.05422941595315933	0.12446748465299606	0.5950642824172974
1863	0.054838910698890686	0.12483274191617966	0.5940343737602234
1864	0.054362401366233826	0.12499085813760757	0.5930521488189697
1865	0.056130584329366684	0.12523774802684784	0.5909828543663025
1866	0.054774168878793716	0.12576673924922943	0.5880602598190308
1867	0.0528009831905365	0.12587714195251465	0.5867449641227722
1868	0.05296633765101433	0.12540249526500702	0.5883662700653076
1869	0.054282430559396744	0.12477608025074005	0.5911612510681152
1870	0.053948719054460526	0.12436267733573914	0.5938271880149841
1871	0.05445057526230812	0.12422780692577362	0.5953038930892944
1872	0.054843269288539886	0.12436246871948242	0.5953271389007568
1873	0.05426192656159401	0.12443765997886658	0.5955773591995239
1874	0.05430145189166069	0.12445727735757828	0.595639169216156
1875	0.05442457273602486	0.12400815635919571	0.5972566604614258
1876	0.055173471570014954	0.12382888048887253	0.5979915261268616
1877	0.05541609600186348	0.12370780855417252	0.5995677709579468
1878	0.054493509232997894	0.12360715866088867	0.6011490225791931
1879	0.0534554161131382	0.12361031025648117	0.6016372442245483
1880	0.054548267275094986	0.1236734464764595	0.6007733941078186
1881	0.0543997548520565	0.12363547086715698	0.5998913049697876
1882	0.054251279681921005	0.12353698909282684	0.5996076464653015
1883	0.05406513437628746	0.12334299832582474	0.6000218987464905
1884	0.053374771028757095	0.12336492538452148	0.5999956130981445
1885	0.053645096719264984	0.12355401366949081	0.5990850329399109
1886	0.05294384807348251	0.12332269549369812	0.6008520126342773
1887	0.05477137863636017	0.12308613210916519	0.6027944087982178
1888	0.05440143123269081	0.12288503348827362	0.6048926711082458
1889	0.05524422973394394	0.12291872501373291	0.6053762435913086
1890	0.05506666377186775	0.12299507856369019	0.6043605804443359
1891	0.053395386785268784	0.12333180010318756	0.6010788679122925
1892	0.05406302958726883	0.12421656399965286	0.5955493450164795
1893	0.054296739399433136	0.1252353936433792	0.5908975601196289
1894	0.0552077442407608	0.12605999410152435	0.5873841047286987
1895	0.054539140313863754	0.12644904851913452	0.5859420299530029
1896	0.055645886808633804	0.12570787966251373	0.5883777141571045
1897	0.054259151220321655	0.12501703202724457	0.5911107063293457
1898	0.05511093512177467	0.12435182929039001	0.5942273139953613
1899	0.054589323699474335	0.12408094108104706	0.5955510139465332
1900	0.05422336235642433	0.1239929348230362	0.5957548022270203
1901	0.05392703413963318	0.12414781004190445	0.5946654081344604
1902	0.05451933667063713	0.12412427365779877	0.5944154262542725
1903	0.053888458758592606	0.12419714033603668	0.5936248302459717
1904	0.05355781316757202	0.12456093728542328	0.5920063853263855
1905	0.05399303138256073	0.12481838464736938	0.5912229418754578
1906	0.053761739283800125	0.12455432116985321	0.5925053954124451
1907	0.05356334522366524	0.12431610375642776	0.5931505560874939
1908	0.0540747232735157	0.12413503229618073	0.5940919518470764
1909	0.05430039390921593	0.12415684014558792	0.5952337980270386
1910	0.05402946099638939	0.12410849332809448	0.5961096882820129
1911	0.05353246629238129	0.12385320663452148	0.5974212288856506
1912	0.05305158719420433	0.12386801093816757	0.5978235602378845
1913	0.0528983548283577	0.12372110038995743	0.5992907285690308
1914	0.05315433070063591	0.1236245259642601	0.6001840233802795
1915	0.05166631564497948	0.12362169474363327	0.60020911693573
1916	0.05354898050427437	0.12367674708366394	0.5994972586631775
1917	0.05307462438941002	0.12350538372993469	0.5997918844223022
1918	0.05363779515028	0.12293083220720291	0.6021807789802551
1919	0.053537290543317795	0.12263599783182144	0.6034566164016724
1920	0.054161183536052704	0.12266412377357483	0.6035624146461487
1921	0.05351734161376953	0.12264420092105865	0.604485034942627
1922	0.054049912840127945	0.12272494286298752	0.6051250100135803
1923	0.05494001507759094	0.1228964701294899	0.6047465801239014
1924	0.05413196608424187	0.12324512749910355	0.6026627421379089
1925	0.05412758141756058	0.12397511303424835	0.5990484952926636
1926	0.05432926490902901	0.12427061796188354	0.5971503853797913
1927	0.05407049134373665	0.12411618232727051	0.5964614152908325
1928	0.052313219755887985	0.12418673187494278	0.5943892598152161
1929	0.0539802722632885	0.12397774308919907	0.5942476987838745
1930	0.05364063382148743	0.12399507313966751	0.5937732458114624
1931	0.053467702120542526	0.12399588525295258	0.5940813422203064
1932	0.05333026871085167	0.12394389510154724	0.595591127872467
1933	0.05457232892513275	0.123700812458992	0.5973615646362305
1934	0.05303945019841194	0.12396716326475143	0.5961858034133911
1935	0.05446724593639374	0.12484841048717499	0.5941152572631836
1936	0.05373227223753929	0.12554804980754852	0.5920929908752441
1937	0.05412501469254494	0.12528745830059052	0.593054473400116
1938	0.054137710481882095	0.1241515576839447	0.5969632863998413
1939	0.05248161032795906	0.12334412336349487	0.6015504598617554
1940	0.053491223603487015	0.123151995241642	0.6033920645713806
1941	0.05390961840748787	0.12313678860664368	0.6036710143089294
1942	0.05381784588098526	0.12330763787031174	0.6026323437690735
1943	0.05304107815027237	0.1235969215631485	0.60012286901474
1944	0.054463524371385574	0.12390092760324478	0.5978717803955078
1945	0.05426377058029175	0.12374328076839447	0.599297821521759
1946	0.053979866206645966	0.12373099476099014	0.6003127694129944
1947	0.05305609852075577	0.12372726202011108	0.6011438369750977
1948	0.05401741713285446	0.12365516275167465	0.6024186611175537
1949	0.05250272899866104	0.12362423539161682	0.6032555103302002
1950	0.05371876433491707	0.12368913739919662	0.6022789478302002
1951	0.05286850407719612	0.12374763190746307	0.601425051689148
1952	0.05340084433555603	0.12382381409406662	0.6003841757774353
1953	0.052142202854156494	0.12407050281763077	0.5985738039016724
1954	0.05325484648346901	0.12443777918815613	0.5969178080558777
1955	0.05386432632803917	0.12441354244947433	0.596861720085144
1956	0.05260526388883591	0.1240013912320137	0.5999271869659424
1957	0.052991241216659546	0.12379918247461319	0.6025316119194031
1958	0.05421696975827217	0.12370675057172775	0.6038968563079834
1959	0.053740210831165314	0.12370578199625015	0.603965163230896
1960	0.05429800972342491	0.12380214035511017	0.6020199060440063
1961	0.055457983165979385	0.12402461469173431	0.5988037586212158
1962	0.053270816802978516	0.12465377151966095	0.593198299407959
1963	0.053658995777368546	0.12582483887672424	0.5883033275604248
1964	0.05398552864789963	0.1267356276512146	0.585181713104248
1965	0.05373508483171463	0.1263168454170227	0.5863181948661804
1966	0.053344015032052994	0.1253197342157364	0.5898138880729675
1967	0.0523713119328022	0.12453507632017136	0.5932162404060364
1968	0.05342840030789375	0.12417645007371902	0.5957757830619812
1969	0.0534912571310997	0.1240537166595459	0.5972196459770203
1970	0.05324036628007889	0.1239846721291542	0.5972849130630493
1971	0.05259311944246292	0.12413934618234634	0.5959030985832214
1972	0.05312296375632286	0.12414462864398956	0.5961201190948486
1973	0.05350971221923828	0.12414272129535675	0.5960885882377625
1974	0.052749667316675186	0.12410122156143188	0.5960637331008911
1975	0.05342623591423035	0.12403596937656403	0.5959557890892029
1976	0.052520520985126495	0.12409482896327972	0.5954245924949646
1977	0.05303952842950821	0.12389528751373291	0.5966048836708069
1978	0.05313250422477722	0.12383843213319778	0.5983150005340576
1979	0.052077796310186386	0.12381184846162796	0.59981369972229
1980	0.052727267146110535	0.1238102987408638	0.6008702516555786
1981	0.050862640142440796	0.12383011728525162	0.6018425822257996
1982	0.0516701377928257	0.12387482821941376	0.6020470261573792
1983	0.05301253870129585	0.12391525506973267	0.6022639274597168
1984	0.05335767939686775	0.12402714043855667	0.6014643311500549
1985	0.052640534937381744	0.12417346239089966	0.6001428365707397
1986	0.052653633058071136	0.12440842390060425	0.5989373326301575
1987	0.052186302840709686	0.12449881434440613	0.5983731150627136
1988	0.05281206592917442	0.12451884895563126	0.5973100066184998
1989	0.05204007029533386	0.12421922385692596	0.5989425778388977
1990	0.054014887660741806	0.12410697340965271	0.5988084673881531
1991	0.051763035356998444	0.12415245920419693	0.597658097743988
1992	0.05357497185468674	0.12407536059617996	0.5974854230880737
1993	0.05270654708147049	0.12409061193466187	0.5973597168922424
1994	0.05151746794581413	0.12412818521261215	0.5966892838478088
1995	0.052640628069639206	0.12424550950527191	0.5953294634819031
1996	0.052222393453121185	0.12444629520177841	0.5935699939727783
1997	0.05231242999434471	0.12488933652639389	0.5922178626060486
1998	0.053295671939849854	0.1251552402973175	0.592319667339325
1999	0.05285138264298439	0.12485123425722122	0.5944293737411499
2000	0.05342666059732437	0.12413360923528671	0.5979352593421936
2001	0.05300504341721535	0.12347960472106934	0.6020781397819519
2002	0.052458908408880234	0.12325233221054077	0.6045603156089783
2003	0.051468007266521454	0.12329654395580292	0.6051073670387268
2004	0.05213293060660362	0.12335653603076935	0.6046528220176697
2005	0.05259068310260773	0.1234317421913147	0.6032118201255798
2006	0.0525277815759182	0.12350562959909439	0.6021072268486023
2007	0.05413398519158363	0.12360548228025436	0.6012813448905945
2008	0.05327528342604637	0.12359203398227692	0.601457417011261
2009	0.053229283541440964	0.12352840602397919	0.6018344163894653
2010	0.05237855017185211	0.12358877807855606	0.6018297076225281
2011	0.05163043364882469	0.12381825596094131	0.6007181406021118
2012	0.05300773307681084	0.12422913312911987	0.5985211133956909
2013	0.05203751102089882	0.12446404993534088	0.5972217321395874
2014	0.050336144864559174	0.12471943348646164	0.5957794785499573
2015	0.053410328924655914	0.12451077997684479	0.5967599153518677
2016	0.052665676921606064	0.12429265677928925	0.5968611836433411
2017	0.05372510105371475	0.12417855113744736	0.5978745818138123
2018	0.05062348395586014	0.1243714839220047	0.5971506237983704
2019	0.0522381030023098	0.1244981437921524	0.5971347689628601
2020	0.051998987793922424	0.12470326572656631	0.5953648090362549
2021	0.05149797350168228	0.12489351630210876	0.5938256978988647
2022	0.05214254930615425	0.1253008097410202	0.5913265347480774
2023	0.05331020802259445	0.12600930035114288	0.5886984467506409
2024	0.05361160263419151	0.12584027647972107	0.5894562602043152
2025	0.05304410681128502	0.12501783668994904	0.5930362939834595
2026	0.05340590700507164	0.1244511529803276	0.5964223742485046
2027	0.05164902284741402	0.12409154325723648	0.5989891290664673
2028	0.05296285077929497	0.12375590950250626	0.6019238829612732
2029	0.052256736904382706	0.1236187070608139	0.6038981676101685
2030	0.052657242864370346	0.12360738962888718	0.6048814058303833
2031	0.05188066139817238	0.12368553131818771	0.604652464389801
2032	0.05315260589122772	0.12379246950149536	0.604179322719574
2033	0.051709335297346115	0.12411376088857651	0.6029773950576782
2034	0.05193161964416504	0.12421271950006485	0.6024276614189148
2035	0.05220924690365791	0.12388265132904053	0.6034405827522278
2036	0.05260485038161278	0.1231321468949318	0.6066005825996399
2037	0.05129021406173706	0.12267427146434784	0.6094751954078674
2038	0.051285967230796814	0.12256155163049698	0.610465943813324
2039	0.051115214824676514	0.12272879481315613	0.6102820038795471
2040	0.05204728990793228	0.1229354590177536	0.6091403365135193
2041	0.051751673221588135	0.12328501790761948	0.6064067482948303
2042	0.05261658877134323	0.12363437563180923	0.6033785343170166
2043	0.0513877309858799	0.12425611168146133	0.5996737480163574
2044	0.05339229479432106	0.12524716556072235	0.5954500436782837
2045	0.052932169288396835	0.12588295340538025	0.5930665731430054
2046	0.05276544764637947	0.12559890747070312	0.5944875478744507
2047	0.05345524474978447	0.12471232563257217	0.5983572006225586
2048	0.052443649619817734	0.12386968731880188	0.6030067801475525
2049	0.05174039304256439	0.12323532998561859	0.6083715558052063
2050	0.05228988453745842	0.12295173108577728	0.6110039353370667
2051	0.05233554542064667	0.12261614948511124	0.6119725704193115
2052	0.05124015361070633	0.122483029961586	0.612008273601532
2053	0.052297305315732956	0.12258993834257126	0.6116868853569031
2054	0.05252683907747269	0.12284649163484573	0.6106722950935364
2055	0.05388155207037926	0.12280627340078354	0.6106842160224915
2056	0.05093712732195854	0.12253817170858383	0.6108670830726624
2057	0.050904110074043274	0.12227951735258102	0.6116282939910889
2058	0.051894642412662506	0.12214814871549606	0.6117221117019653
2059	0.05308527499437332	0.12216570228338242	0.6109199523925781
2060	0.0523604117333889	0.12228474020957947	0.6101261973381042
2061	0.051795993000268936	0.12255541980266571	0.6079024076461792
2062	0.05028373375535011	0.12279806286096573	0.6061804294586182
2063	0.05177402123808861	0.12298275530338287	0.604871928691864
2064	0.052762169390916824	0.12351373583078384	0.6026757955551147
2065	0.052578847855329514	0.12365750223398209	0.6026456356048584
2066	0.05225120112299919	0.12362753599882126	0.6027143001556396
2067	0.05116385966539383	0.12356013059616089	0.6034168601036072
2068	0.052043989300727844	0.12386773526668549	0.6026409268379211
2069	0.05065121129155159	0.12448932975530624	0.5984828472137451
2070	0.05008530244231224	0.12504594027996063	0.5956859588623047
2071	0.05187432840466499	0.12555883824825287	0.5932376980781555
2072	0.05314522236585617	0.12603017687797546	0.5913748145103455
2073	0.05077555403113365	0.12669095396995544	0.5889540314674377
2074	0.05144331231713295	0.12744267284870148	0.5868321061134338
2075	0.051495201885700226	0.12735849618911743	0.5881975293159485
2076	0.051188208162784576	0.12660686671733856	0.591991126537323
2077	0.052847232669591904	0.12575563788414001	0.5957704782485962
2078	0.05093536898493767	0.12473897635936737	0.6010979413986206
2079	0.05143330991268158	0.12415093183517456	0.6053807735443115
2080	0.05178489536046982	0.12395154684782028	0.6070264577865601
2081	0.05077368766069412	0.12390554696321487	0.6072614192962646
2082	0.05171080306172371	0.1240573525428772	0.60547935962677
2083	0.05213642120361328	0.12416393309831619	0.6038346886634827
2084	0.052213456481695175	0.1243540570139885	0.6023143529891968
2085	0.050494350492954254	0.12460973858833313	0.6007369160652161
2086	0.05314386263489723	0.12482137978076935	0.6003958582878113
2087	0.0528554804623127	0.12504245340824127	0.6004462242126465
2088	0.051261257380247116	0.1250562220811844	0.6015648245811462
2089	0.04995506629347801	0.1247088611125946	0.6034740209579468
2090	0.05129680410027504	0.12424411624670029	0.6064148545265198
2091	0.05157364532351494	0.1238102987408638	0.6088531017303467
2092	0.05089988559484482	0.12363570928573608	0.6096850633621216
2093	0.053249556571245193	0.12350811809301376	0.6093217730522156
2094	0.052441105246543884	0.1235245019197464	0.6070853471755981
2095	0.05101165920495987	0.12378910183906555	0.6040138006210327
2096	0.05107773840427399	0.12415942549705505	0.6014919281005859
2097	0.052883487194776535	0.12409999966621399	0.6017003059387207
2098	0.05074285343289375	0.12410803139209747	0.6018590331077576
2099	0.04953150823712349	0.12383314967155457	0.6030768752098083
2100	0.05204646289348602	0.12344465404748917	0.605591356754303
2101	0.05187609791755676	0.12314528226852417	0.6075385212898254
2102	0.05119413137435913	0.12299423664808273	0.6081365346908569
2103	0.05081738531589508	0.1232873946428299	0.6063353419303894
2104	0.05024242773652077	0.12391658872365952	0.6028249263763428
2105	0.05035673826932907	0.12479477375745773	0.5979955792427063
2106	0.05008314177393913	0.12570279836654663	0.593604564666748
2107	0.05137470364570618	0.12639722228050232	0.5898728966712952
2108	0.05106699466705322	0.12656737864017487	0.5885544419288635
2109	0.0519077442586422	0.1258946657180786	0.5900238156318665
2110	0.05062006041407585	0.1252123862504959	0.5927723050117493
2111	0.0510697215795517	0.12456097453832626	0.5959949493408203
2112	0.050833117216825485	0.12437544018030167	0.5983312726020813
2113	0.050823453813791275	0.12441396713256836	0.5990568995475769
2114	0.05163633078336716	0.12439671903848648	0.6002126932144165
2115	0.05088723450899124	0.12440144270658493	0.6001817584037781
2116	0.05187093839049339	0.12464476376771927	0.5983996391296387
2117	0.05273929238319397	0.12474807351827621	0.5980148911476135
2118	0.05080462247133255	0.12477251142263412	0.5985296368598938
2119	0.05092747509479523	0.12474542111158371	0.5991253852844238
2120	0.051902543753385544	0.12469237297773361	0.5993163585662842
2121	0.05112992972135544	0.12477830797433853	0.5991865396499634
2122	0.05135025084018707	0.12495904415845871	0.5984745025634766
2123	0.05220550671219826	0.12501800060272217	0.5984771847724915
2124	0.0515749566257	0.12457948178052902	0.6006001830101013
2125	0.052147362381219864	0.12416482716798782	0.6027225852012634
2126	0.05119508504867554	0.12384224683046341	0.6042128801345825
2127	0.05096891149878502	0.12368026375770569	0.6051468253135681
2128	0.051209647208452225	0.1234845295548439	0.6064969897270203
2129	0.05129212141036987	0.12316574901342392	0.6092640161514282
2130	0.051627662032842636	0.12312907725572586	0.6103125214576721
2131	0.051774900406599045	0.1231827363371849	0.6108341813087463
2132	0.051150839775800705	0.12315975874662399	0.6115085482597351
2133	0.05174873024225235	0.1230534166097641	0.6123815178871155
2134	0.05221545323729515	0.1231069341301918	0.6119018793106079
2135	0.05141719803214073	0.12317902594804764	0.6107951402664185
2136	0.05091381072998047	0.1232488676905632	0.6101319789886475
2137	0.051232293248176575	0.12337831407785416	0.6095175743103027
2138	0.04887742921710014	0.1234033927321434	0.6098074913024902
2139	0.04979180172085762	0.12349525094032288	0.6098302006721497
2140	0.05150890350341797	0.12345830351114273	0.6106531620025635
2141	0.051864370703697205	0.12363892048597336	0.6096935272216797
2142	0.0502329058945179	0.1238023042678833	0.608829915523529
2143	0.05022197961807251	0.12392375618219376	0.6075978875160217
2144	0.052317775785923004	0.12399021536111832	0.6072520613670349
2145	0.05078837648034096	0.12402027100324631	0.6066138744354248
2146	0.05118301883339882	0.12413661181926727	0.6058290004730225
2147	0.049677807837724686	0.12431691586971283	0.6042580008506775
2148	0.050169043242931366	0.1246093213558197	0.6014483571052551
2149	0.0503590889275074	0.12503379583358765	0.5991472005844116
2150	0.051793478429317474	0.12513336539268494	0.5977775454521179
2151	0.049616653472185135	0.12511321902275085	0.5971575379371643
2152	0.05128094553947449	0.12474758923053741	0.598314106464386
2153	0.0530930794775486	0.12433211505413055	0.6001165509223938
2154	0.05101534351706505	0.12378121167421341	0.6030075550079346
2155	0.05124941095709801	0.12336412072181702	0.605396032333374
2156	0.05037888512015343	0.12308190762996674	0.6071569323539734
2157	0.05141500011086464	0.12298469245433807	0.608250081539154
2158	0.050996217876672745	0.12287705391645432	0.6088966727256775
2159	0.052547190338373184	0.12285840511322021	0.609745442867279
2160	0.05112317204475403	0.12309671193361282	0.6100767850875854
2161	0.052741795778274536	0.12330811470746994	0.6094725728034973
2162	0.05172072723507881	0.12347491085529327	0.6075582504272461
2163	0.0503854937851429	0.12369851768016815	0.6049897074699402
2164	0.05115433409810066	0.12402552366256714	0.6018118858337402
2165	0.05147545784711838	0.12425345927476883	0.6001081466674805
2166	0.05093212053179741	0.12483441084623337	0.5978885889053345
2167	0.050813835114240646	0.12555591762065887	0.5950437188148499
2168	0.049194980412721634	0.12566211819648743	0.5944700837135315
2169	0.05158867686986923	0.12524881958961487	0.5960164666175842
2170	0.050782397389411926	0.12476234138011932	0.5988942980766296
2171	0.05035272613167763	0.1244712695479393	0.6016526222229004
2172	0.050626594573259354	0.1242954283952713	0.6040010452270508
2173	0.050881631672382355	0.12425537407398224	0.6039459705352783
2174	0.050700198858976364	0.12426230311393738	0.602805495262146
2175	0.05092547833919525	0.12428868561983109	0.6010110378265381
2176	0.050647344440221786	0.12437304854393005	0.5985958576202393
2177	0.049002762883901596	0.12465399503707886	0.5959285497665405
2178	0.05123506858944893	0.12509460747241974	0.5951701998710632
2179	0.053211312741041183	0.1250821352005005	0.5964961051940918
2180	0.0523018054664135	0.12479237467050552	0.598965048789978
2181	0.050569694489240646	0.12452268600463867	0.6014247536659241
2182	0.04888886585831642	0.12417109310626984	0.6044599413871765
2183	0.05042620748281479	0.12401475012302399	0.6071852445602417
2184	0.04938827082514763	0.12390659004449844	0.6089502573013306
2185	0.05125494673848152	0.12386153638362885	0.6094483137130737
2186	0.05048803240060806	0.12402287125587463	0.6078589558601379
2187	0.050516076385974884	0.1243811622262001	0.6050082445144653
2188	0.05213269218802452	0.1248612180352211	0.6004301309585571
2189	0.0515468455851078	0.12535302340984344	0.5957432389259338
2190	0.04966764152050018	0.126059889793396	0.5926972031593323
2191	0.05010227486491203	0.12610659003257751	0.5929176211357117
2192	0.051583267748355865	0.12600384652614594	0.5938664078712463
2193	0.051320258527994156	0.1251010149717331	0.5976405143737793
2194	0.0507248193025589	0.12417341768741608	0.6028158664703369
2195	0.05143776163458824	0.12373122572898865	0.6072792410850525
2196	0.05045778676867485	0.12344307452440262	0.611557126045227
2197	0.05233455076813698	0.12317883223295212	0.6138055920600891
2198	0.05107957497239113	0.1229579746723175	0.6142309308052063
2199	0.0524480976164341	0.12292143702507019	0.613578736782074
2200	0.05014512315392494	0.12310479581356049	0.612092912197113
2201	0.04921538755297661	0.12365040928125381	0.6098290681838989
2202	0.051536306738853455	0.12455742061138153	0.607231855392456
2203	0.051288001239299774	0.12472253292798996	0.606329083442688
2204	0.05046733841300011	0.12436958402395248	0.6068913340568542
2205	0.05131591111421585	0.12398611754179001	0.608134925365448
2206	0.05086832493543625	0.12373774498701096	0.6091808676719666
2207	0.050542719662189484	0.12362713366746902	0.6103636622428894
2208	0.05047261714935303	0.12358629703521729	0.6114524602890015
2209	0.05055445805191994	0.1236346885561943	0.6115886569023132
2210	0.051181621849536896	0.12377864122390747	0.6116641163825989
2211	0.050304215401411057	0.1239648386836052	0.6111267805099487
2212	0.05138249695301056	0.12416514754295349	0.6099637746810913
2213	0.051763225346803665	0.124564990401268	0.6074731945991516
2214	0.04914794862270355	0.12490551918745041	0.605392336845398
2215	0.04941988363862038	0.12463092058897018	0.6058729887008667
2216	0.0507064126431942	0.12439712136983871	0.6058427691459656
2217	0.04977891594171524	0.12412802875041962	0.605955958366394
2218	0.05052267387509346	0.12413132190704346	0.6054028868675232
2219	0.05055122822523117	0.12444618344306946	0.6043919920921326
2220	0.0516449436545372	0.1247071698307991	0.6036767363548279
2221	0.050610046833753586	0.12475255131721497	0.6041514277458191
2222	0.049246273934841156	0.12438283115625381	0.6064782738685608
2223	0.05120909586548805	0.12387716770172119	0.609538197517395
2224	0.05109087750315666	0.1236785352230072	0.6111982464790344
2225	0.05043706297874451	0.12347251176834106	0.6121056079864502
2226	0.0497715137898922	0.12340700626373291	0.612684965133667
2227	0.05171220377087593	0.12362740933895111	0.611034095287323
2228	0.05145617946982384	0.12391576915979385	0.6090154051780701
2229	0.04940144717693329	0.12408248335123062	0.6077789664268494
2230	0.049199800938367844	0.12442248314619064	0.6054636240005493
2231	0.05080914497375488	0.12447728961706161	0.6045790910720825
2232	0.05033274367451668	0.12445149570703506	0.6038646697998047
2233	0.05028870329260826	0.12446194887161255	0.6036605834960938
2234	0.05013696849346161	0.12433811277151108	0.6045410633087158
2235	0.0511343851685524	0.12412214279174805	0.6064032316207886
2236	0.0498209185898304	0.12410269677639008	0.6065356731414795
2237	0.0502723790705204	0.12422361224889755	0.6059011816978455
2238	0.05006389319896698	0.12429903447628021	0.6049535274505615
2239	0.04975665733218193	0.1242554783821106	0.6053460836410522
2240	0.049404602497816086	0.12429336458444595	0.6051744222640991
2241	0.05075980722904205	0.12416991591453552	0.6067324280738831
2242	0.048506468534469604	0.12414445728063583	0.6077572107315063
2243	0.05025329440832138	0.12402205914258957	0.608246386051178
2244	0.04857852682471275	0.12401103228330612	0.607195258140564
2245	0.04991717264056206	0.12408524006605148	0.6060665249824524
2246	0.050590209662914276	0.12412138283252716	0.605344295501709
2247	0.04938802123069763	0.12431567907333374	0.6047249436378479
2248	0.05009689927101135	0.12459074705839157	0.6040893197059631
2249	0.050739388912916183	0.12468374520540237	0.6044535636901855
2250	0.04950060322880745	0.12457603961229324	0.6061162948608398
2251	0.04946761950850487	0.12452658265829086	0.6073349118232727
2252	0.04962848126888275	0.12440327554941177	0.6088976263999939
2253	0.04962213709950447	0.1243557557463646	0.6102644801139832
2254	0.05109405517578125	0.12434986978769302	0.6110453009605408
2255	0.049374885857105255	0.12438686937093735	0.6111950278282166
2256	0.05045613646507263	0.12461356818675995	0.6100665926933289
2257	0.04903716966509819	0.12482769042253494	0.6087175607681274
2258	0.048899095505476	0.12493640929460526	0.6075555086135864
2259	0.05008838698267937	0.12486149370670319	0.6069666147232056
2260	0.05077847093343735	0.12481661885976791	0.6064308285713196
2261	0.04872553050518036	0.12477895617485046	0.6069132089614868
2262	0.04915953427553177	0.12459589540958405	0.6078765392303467
2263	0.049260564148426056	0.12459979206323624	0.6084399223327637
2264	0.04834398999810219	0.12470284104347229	0.6081568002700806
2265	0.04842870682477951	0.12476052343845367	0.60848069190979
2266	0.049797363579273224	0.12466117739677429	0.6082080006599426
2267	0.049812719225883484	0.12458480894565582	0.6070857048034668
2268	0.04853447899222374	0.12443231046199799	0.606395423412323
2269	0.049464013427495956	0.12453624606132507	0.6044493317604065
2270	0.04904425889253616	0.1249326840043068	0.6016769409179688
2271	0.048926182091236115	0.12536278367042542	0.5997911095619202
2272	0.050321489572525024	0.12587763369083405	0.5979889035224915
2273	0.04909714311361313	0.1259213536977768	0.5981966853141785
2274	0.05027619004249573	0.1254730522632599	0.6001806855201721
2275	0.04971593618392944	0.12479101866483688	0.6033493280410767
2276	0.04880782961845398	0.12438121438026428	0.6063353419303894
2277	0.05034651979804039	0.12422341108322144	0.6082320809364319
2278	0.04798181727528572	0.12409383058547974	0.6093721985816956
2279	0.048135410994291306	0.12411993741989136	0.6086028814315796
2280	0.051092833280563354	0.12407203018665314	0.6069262027740479
2281	0.0496213324368	0.12424248456954956	0.6047089099884033
2282	0.04949505999684334	0.12476908415555954	0.6024917364120483
2283	0.049356136471033096	0.12522591650485992	0.6016634106636047
2284	0.04896613210439682	0.12537924945354462	0.6023739576339722
2285	0.049297966063022614	0.12515196204185486	0.6044378280639648
2286	0.050561245530843735	0.12475596368312836	0.6065057516098022
2287	0.0496661476790905	0.12415216118097305	0.6099371314048767
2288	0.050272803753614426	0.12405159324407578	0.611626923084259
2289	0.05007101595401764	0.12413284182548523	0.6124075055122375
2290	0.04942212253808975	0.12426983565092087	0.61229008436203
2291	0.04907011613249779	0.12442187964916229	0.6113607883453369
2292	0.04908595234155655	0.12456316500902176	0.6099011898040771
2293	0.04997950792312622	0.12486692517995834	0.6072515845298767
2294	0.049032650887966156	0.1251855045557022	0.6053784489631653
2295	0.048493001610040665	0.1253613382577896	0.6046329736709595
2296	0.05054977908730507	0.12522095441818237	0.605951726436615
2297	0.04933694377541542	0.12499136477708817	0.607403576374054
2298	0.04944315552711487	0.12506155669689178	0.6068088412284851
2299	0.050339557230472565	0.12545308470726013	0.6043806076049805
2300	0.0501592680811882	0.1257564276456833	0.6022499799728394
2301	0.04893626272678375	0.12587325274944305	0.6006304621696472
2302	0.04928690195083618	0.12553605437278748	0.6013641953468323
2303	0.04979389160871506	0.125300332903862	0.6022979617118835
2304	0.048782188445329666	0.1251799315214157	0.602031409740448
2305	0.04994996637105942	0.1252623200416565	0.6015337705612183
2306	0.05020209401845932	0.1253543645143509	0.6008327603340149
2307	0.04822221025824547	0.12534494698047638	0.6010671854019165
2308	0.0496586337685585	0.12537053227424622	0.601679801940918
2309	0.05003350228071213	0.1253853440284729	0.6026539206504822
2310	0.04940248653292656	0.12540672719478607	0.6030958294868469
2311	0.04918738082051277	0.1254533976316452	0.6025420427322388
2312	0.04821986332535744	0.12539751827716827	0.6018021106719971
2313	0.04833763837814331	0.12559983134269714	0.5995009541511536
2314	0.04858537018299103	0.12623365223407745	0.5952663421630859
2315	0.04831715300679207	0.1265435665845871	0.5933507084846497
2316	0.04966864734888077	0.12637963891029358	0.5928928852081299
2317	0.04876711219549179	0.12552917003631592	0.5956568121910095
2318	0.04936851188540459	0.1248423308134079	0.5991377234458923
2319	0.048936937004327774	0.12446058541536331	0.6014292240142822
2320	0.04903676360845566	0.12412694096565247	0.6040850281715393
2321	0.04972216486930847	0.12365952879190445	0.6074851751327515
2322	0.048305585980415344	0.12318165600299835	0.6108978986740112
2323	0.04900071769952774	0.12282540649175644	0.6129347085952759
2324	0.04879245162010193	0.12277069687843323	0.6131191253662109
2325	0.048862989991903305	0.12291988730430603	0.6126651167869568
2326	0.047607291489839554	0.12313427776098251	0.6119783520698547
2327	0.04822784289717674	0.12338598817586899	0.6113681197166443
2328	0.048793017864227295	0.12367544323205948	0.6104968190193176
2329	0.04946659877896309	0.1239616870880127	0.609366774559021
2330	0.049093592911958694	0.12400133907794952	0.608942985534668
2331	0.048741601407527924	0.12378916889429092	0.6092696785926819
2332	0.04844090715050697	0.12370644509792328	0.6093360781669617
2333	0.04929354041814804	0.12376661598682404	0.6092801094055176
2334	0.050188835710287094	0.12384731322526932	0.6086266040802002
2335	0.04925980046391487	0.12411089986562729	0.6074165105819702
2336	0.04911172762513161	0.12437570840120316	0.6066101789474487
2337	0.049329936504364014	0.12457957863807678	0.606855034828186
2338	0.04848070442676544	0.12481188029050827	0.6073923110961914
2339	0.049705229699611664	0.12501725554466248	0.6077536940574646
2340	0.04813419654965401	0.1250114142894745	0.6085309386253357
2341	0.048500288277864456	0.12511859834194183	0.6076256036758423
2342	0.048056427389383316	0.12518996000289917	0.6066416501998901
2343	0.048989083617925644	0.12515702843666077	0.6053186058998108
2344	0.04827482998371124	0.12518954277038574	0.6031692028045654
2345	0.048859626054763794	0.12534286081790924	0.6012299060821533
2346	0.047644879668951035	0.1254158318042755	0.600377082824707
2347	0.04774867370724678	0.12570065259933472	0.5986655950546265
2348	0.048517946153879166	0.12591980397701263	0.5975808501243591
2349	0.04840020462870598	0.12624000012874603	0.5969001650810242
2350	0.05018332973122597	0.12611712515354156	0.5979827046394348
2351	0.04888133704662323	0.12595075368881226	0.6000006198883057
2352	0.049494754523038864	0.12577418982982635	0.601976215839386
2353	0.04892311990261078	0.12544219195842743	0.6049242615699768
2354	0.049724653363227844	0.1253480613231659	0.6069255471229553
2355	0.04848352074623108	0.12501667439937592	0.6087384819984436
2356	0.048894595354795456	0.12491300702095032	0.6098637580871582
2357	0.04930884391069412	0.12470012158155441	0.6103137731552124
2358	0.04856668412685394	0.12455065548419952	0.6101153492927551
2359	0.049188535660505295	0.12462654709815979	0.6089134216308594
2360	0.048398640006780624	0.12472982704639435	0.607361912727356
2361	0.05026540160179138	0.12493012845516205	0.6052277684211731
2362	0.04893392324447632	0.12533831596374512	0.6023088097572327
2363	0.04770532250404358	0.12587477266788483	0.5988509058952332
2364	0.04755992814898491	0.12601925432682037	0.5975117087364197
2365	0.04870903119444847	0.1258658766746521	0.5975221991539001
2366	0.04879303649067879	0.1258724480867386	0.5969637632369995
2367	0.04978052154183388	0.12523432075977325	0.6001002192497253
2368	0.048747699707746506	0.1248553916811943	0.602523922920227
2369	0.04802040755748749	0.12456074357032776	0.6048614978790283
2370	0.04801510274410248	0.12439599633216858	0.606579065322876
2371	0.048186782747507095	0.12429778277873993	0.6082950234413147
2372	0.04831015691161156	0.12434685230255127	0.6091145277023315
2373	0.04797637462615967	0.12450283765792847	0.6087309122085571
2374	0.048957619816064835	0.12500323355197906	0.6068055629730225
2375	0.04873039573431015	0.12543167173862457	0.605900228023529
2376	0.04768817871809006	0.1251629739999771	0.6070711016654968
2377	0.049116313457489014	0.12476622313261032	0.6089411377906799
2378	0.04783550277352333	0.12436319142580032	0.6107339859008789
2379	0.047795359045267105	0.12394070625305176	0.6127249002456665
2380	0.04735872894525528	0.12376417219638824	0.613214373588562
2381	0.05004586651921272	0.1238064095377922	0.6130439639091492
2382	0.04741065204143524	0.12400082498788834	0.6120944619178772
2383	0.048850324004888535	0.12422239035367966	0.6113044619560242
2384	0.04753142595291138	0.12446781247854233	0.6102913618087769
2385	0.047572117298841476	0.1247861385345459	0.6086840629577637
2386	0.04941238462924957	0.12472536414861679	0.6089012026786804
2387	0.04881732538342476	0.12454558163881302	0.6094958782196045
2388	0.04799684137105942	0.12439479678869247	0.6102959513664246
2389	0.048210255801677704	0.12451715767383575	0.6097989082336426
2390	0.048604872077703476	0.12441737204790115	0.6108791828155518
2391	0.04733508080244064	0.12427973002195358	0.6116560101509094
2392	0.047307856380939484	0.12418517470359802	0.6116809248924255
2393	0.04873429983854294	0.12419118732213974	0.6108773946762085
2394	0.04879412055015564	0.12434995919466019	0.6093491911888123
2395	0.04829659312963486	0.12455741316080093	0.6082295775413513
2396	0.04998454824090004	0.12482836097478867	0.6080058813095093
2397	0.04979574680328369	0.12522323429584503	0.6078065037727356
2398	0.04794088751077652	0.12552885711193085	0.6068768501281738
2399	0.0491151362657547	0.12553541362285614	0.6067721843719482
2400	0.04761914163827896	0.12508176267147064	0.6082015037536621
2401	0.04872474819421768	0.12474995851516724	0.6095570921897888
2402	0.04818038269877434	0.12462865561246872	0.6100277304649353
2403	0.04851269721984863	0.12480422854423523	0.6083498597145081
2404	0.04898256063461304	0.12503300607204437	0.6063202619552612
2405	0.048817578703165054	0.12521874904632568	0.6047007441520691
2406	0.04787959158420563	0.12544406950473785	0.6030300855636597
2407	0.04859298840165138	0.12562720477581024	0.601100742816925
2408	0.04914352297782898	0.12592355906963348	0.5991025567054749
2409	0.047315917909145355	0.12642228603363037	0.5960560441017151
2410	0.047442998737096786	0.12679068744182587	0.594741940498352
2411	0.04890505224466324	0.12729133665561676	0.5931589603424072
2412	0.04941551014780998	0.1272856742143631	0.5937662124633789
2413	0.049422815442085266	0.126846045255661	0.5957775115966797
2414	0.049496207386255264	0.1260204166173935	0.5999857783317566
2415	0.04724878817796707	0.1256369948387146	0.6026598811149597
2416	0.04962024837732315	0.12556321918964386	0.6032835245132446
2417	0.048046842217445374	0.12558205425739288	0.6024479866027832
2418	0.04788656905293465	0.1259353756904602	0.5998750925064087
2419	0.04835108295083046	0.1263226717710495	0.597499668598175
2420	0.048565905541181564	0.1262873411178589	0.5969831347465515
2421	0.04745158925652504	0.1262485831975937	0.5970876812934875
2422	0.04772637411952019	0.12610401213169098	0.5972904562950134
2423	0.047798506915569305	0.1261010318994522	0.597350001335144
2424	0.04730207473039627	0.12614011764526367	0.5977879166603088
2425	0.04706675931811333	0.12630364298820496	0.598328709602356
2426	0.0470893532037735	0.12645943462848663	0.5985360741615295
2427	0.04947252199053764	0.12663884460926056	0.5981346368789673
2428	0.04835079610347748	0.12650512158870697	0.5997079610824585
2429	0.04745689034461975	0.1262078732252121	0.6021324992179871
2430	0.04781636595726013	0.12602464854717255	0.6034535765647888
2431	0.04674211144447327	0.12572047114372253	0.605147123336792
2432	0.04761096462607384	0.12530584633350372	0.6076754927635193
2433	0.04852864518761635	0.12493450939655304	0.6097230911254883
2434	0.049044959247112274	0.12495677918195724	0.609830379486084
2435	0.04845261201262474	0.12518742680549622	0.6089385151863098
2436	0.045958224684000015	0.12538428604602814	0.6079960465431213
2437	0.047030940651893616	0.12548816204071045	0.6066296100616455
2438	0.04760236293077469	0.12532038986682892	0.6065385937690735
2439	0.04649832844734192	0.12518736720085144	0.6064896583557129
2440	0.049118563532829285	0.1247868463397026	0.6073148250579834
2441	0.04797545075416565	0.12454981356859207	0.6076903939247131
2442	0.04795146733522415	0.12447554618120193	0.6079350709915161
2443	0.046525876969099045	0.12458614259958267	0.6079505085945129
2444	0.047224096953868866	0.12462472170591354	0.6078013777732849
2445	0.04678475111722946	0.1247820034623146	0.6066609621047974
2446	0.04909176751971245	0.12498372048139572	0.6059348583221436
2447	0.04881340265274048	0.12517061829566956	0.6057420372962952
2448	0.04762241989374161	0.1253291666507721	0.6059955954551697
2449	0.048058006912469864	0.12556977570056915	0.6055846214294434
2450	0.047698974609375	0.1259162425994873	0.6044921875
2451	0.048047084361314774	0.12596765160560608	0.6037861108779907
2452	0.04890142381191254	0.12569476664066315	0.6043634414672852
2453	0.04789901152253151	0.1251351237297058	0.6059722900390625
2454	0.04811955615878105	0.12467299401760101	0.6076124310493469
2455	0.046614084392786026	0.1242385134100914	0.6090506911277771
2456	0.0468221977353096	0.12422756850719452	0.6091426610946655
2457	0.048310842365026474	0.12423242628574371	0.6096537709236145
2458	0.04858987778425217	0.12445098906755447	0.6087985634803772
2459	0.04787744581699371	0.12448494136333466	0.6090491414070129
2460	0.04702205955982208	0.12481997162103653	0.6076961755752563
2461	0.04683946818113327	0.1253390908241272	0.6059787273406982
2462	0.04598946496844292	0.12542887032032013	0.6055799722671509
2463	0.04799046367406845	0.1254037767648697	0.6055901646614075
2464	0.046792708337306976	0.12542515993118286	0.6057264804840088
2465	0.04791341722011566	0.125580295920372	0.6048038005828857
2466	0.0473480299115181	0.12579050660133362	0.6036298274993896
2467	0.04846275597810745	0.1260450780391693	0.6021445989608765
2468	0.04669224098324776	0.12591104209423065	0.602993905544281
2469	0.049100399017333984	0.12577152252197266	0.6038179993629456
2470	0.049019742757081985	0.12596815824508667	0.6035851240158081
2471	0.047973837703466415	0.1259239912033081	0.6038689017295837
2472	0.047157783061265945	0.12595388293266296	0.6040760278701782
2473	0.046384546905756	0.12611210346221924	0.603936493396759
2474	0.0475858598947525	0.12630991637706757	0.6035018563270569
2475	0.047562047839164734	0.1264587640762329	0.6029408574104309
2476	0.04700848460197449	0.12639762461185455	0.6027632355690002
2477	0.04810003191232681	0.12645690143108368	0.6023938059806824
2478	0.0474814735352993	0.12660811841487885	0.6015141606330872
2479	0.04681741073727608	0.12675952911376953	0.6005572080612183
2480	0.04700697585940361	0.12681332230567932	0.6000200510025024
2481	0.04763932526111603	0.12613613903522491	0.6025904417037964
2482	0.04739736020565033	0.12548455595970154	0.6046482920646667
2483	0.046161118894815445	0.1248110681772232	0.6069218516349792
2484	0.04856285825371742	0.12454858422279358	0.6082301735877991
2485	0.048387814313173294	0.12436261028051376	0.6098685264587402
2486	0.04834806174039841	0.12446071952581406	0.6102408766746521
2487	0.04754146933555603	0.12475232034921646	0.6105375289916992
2488	0.04781721159815788	0.12506252527236938	0.6101586222648621
2489	0.04739980772137642	0.12507832050323486	0.6102816462516785
2490	0.04700026288628578	0.12495993822813034	0.6105334758758545
2491	0.04645994305610657	0.12462610751390457	0.6113793253898621
2492	0.04788070172071457	0.1244017705321312	0.6120004653930664
2493	0.047269418835639954	0.12422993034124374	0.6128509044647217
2494	0.047382183372974396	0.1242162361741066	0.6126263737678528
2495	0.047012560069561005	0.12442251294851303	0.6108278036117554
2496	0.04734140262007713	0.12456560879945755	0.6090764999389648
2497	0.04836605489253998	0.12473570555448532	0.6075698137283325
2498	0.04725819081068039	0.12463674694299698	0.6071881651878357
2499	0.046625085175037384	0.12451687455177307	0.6077398061752319
2500	0.04752212390303612	0.12450488656759262	0.6095725893974304
2501	0.047536835074424744	0.12448491901159286	0.6114703416824341
2502	0.04900097846984863	0.12470556795597076	0.6118711829185486
2503	0.04779231175780296	0.12490516155958176	0.6117722392082214
2504	0.04678012430667877	0.12520471215248108	0.6108100414276123
2505	0.048529576510190964	0.1254662722349167	0.6101022362709045
2506	0.04799969866871834	0.12597212195396423	0.6078400611877441
2507	0.048564497381448746	0.1262536346912384	0.6069958209991455
2508	0.04762013629078865	0.12608608603477478	0.6074971556663513
2509	0.04649354889988899	0.12608040869235992	0.6076140999794006
2510	0.04727708548307419	0.12606970965862274	0.6081003546714783
2511	0.0481756292283535	0.12587188184261322	0.608582079410553
2512	0.04656991362571716	0.12569975852966309	0.6086331009864807
2513	0.046989720314741135	0.12556850910186768	0.6081509590148926
2514	0.046527963131666183	0.12523698806762695	0.6076978445053101
2515	0.04716431349515915	0.12502190470695496	0.6074786186218262
2516	0.04596985876560211	0.12509310245513916	0.6069804430007935
2517	0.04608273506164551	0.125357523560524	0.605721116065979
2518	0.04562032222747803	0.12563879787921906	0.6043018102645874
2519	0.046915825456380844	0.12595997750759125	0.6030135750770569
2520	0.04752038046717644	0.12631991505622864	0.6020753979682922
2521	0.04718714952468872	0.12661780416965485	0.6015931963920593
2522	0.04569340869784355	0.12680752575397491	0.6014277935028076
2523	0.04656859114766121	0.12648221850395203	0.6040476560592651
2524	0.04686948284506798	0.1261678785085678	0.6056780219078064
2525	0.04869794100522995	0.12581345438957214	0.6065874695777893
2526	0.046676862984895706	0.12547369301319122	0.6073502898216248
2527	0.048198603093624115	0.12541891634464264	0.6065400242805481
2528	0.04658520594239235	0.12561988830566406	0.605190098285675
2529	0.04712344706058502	0.12580914795398712	0.6047921180725098
2530	0.047449126839637756	0.12565042078495026	0.6057973504066467
2531	0.0469825305044651	0.12565696239471436	0.6064186096191406
2532	0.0475212000310421	0.12569886445999146	0.6071621179580688
2533	0.04495582729578018	0.1260918229818344	0.6061472296714783
2534	0.04765709862112999	0.12632137537002563	0.606404721736908
2535	0.04751841351389885	0.12657196819782257	0.6069839000701904
2536	0.04659403860569	0.12662334740161896	0.6083820462226868
2537	0.04628109559416771	0.1264033317565918	0.6101521849632263
2538	0.04726051911711693	0.1260792464017868	0.611671507358551
2539	0.046963464468717575	0.12611155211925507	0.611555278301239
2540	0.047783710062503815	0.12622874975204468	0.6112611889839172
2541	0.04801692068576813	0.12630316615104675	0.6102649569511414
2542	0.047716934233903885	0.12638291716575623	0.608860194683075
2543	0.04689536243677139	0.12650690972805023	0.6080320477485657
2544	0.046306829899549484	0.12659503519535065	0.6073140501976013
2545	0.045516207814216614	0.12653060257434845	0.607354462146759
2546	0.04507056996226311	0.12650226056575775	0.6071526408195496
2547	0.047082092612981796	0.126226544380188	0.6075448393821716
2548	0.04565175250172615	0.1260623037815094	0.6074323654174805
2549	0.04615064710378647	0.12592940032482147	0.607293426990509
2550	0.04689759388566017	0.12593284249305725	0.6069368720054626
2551	0.04586675018072128	0.12566234171390533	0.6083421111106873
2552	0.045404333621263504	0.12585043907165527	0.6065028309822083
2553	0.04680761694908142	0.12601183354854584	0.6053392291069031
2554	0.04648563638329506	0.1260530650615692	0.6047095060348511
2555	0.04662878066301346	0.12624356150627136	0.6036184430122375
2556	0.046664293855428696	0.12663741409778595	0.6022351980209351
2557	0.046278685331344604	0.12712551653385162	0.5994884371757507
2558	0.048344433307647705	0.12715958058834076	0.5996438264846802
2559	0.0454031303524971	0.12706732749938965	0.6004199385643005
2560	0.046447090804576874	0.12688711285591125	0.6008641719818115
2561	0.04643759876489639	0.12694141268730164	0.5998481512069702
2562	0.046787239611148834	0.126868337392807	0.5993510484695435
2563	0.0462312251329422	0.12679186463356018	0.5986863970756531
2564	0.04598329961299896	0.1265268176794052	0.5998755693435669
2565	0.04621128365397453	0.12656141817569733	0.6006091833114624
2566	0.047433461993932724	0.1264238953590393	0.6021473407745361
2567	0.0459490641951561	0.12636224925518036	0.6036520600318909
2568	0.04697456210851669	0.12650436162948608	0.6043069362640381
2569	0.04556936025619507	0.1264873594045639	0.6053861379623413
2570	0.047640301287174225	0.12659572064876556	0.6061345934867859
2571	0.04575558006763458	0.12679578363895416	0.6056483387947083
2572	0.0461866594851017	0.12676309049129486	0.60570228099823
2573	0.04672737792134285	0.127196803689003	0.6033655405044556
2574	0.046016670763492584	0.12697938084602356	0.6037739515304565
2575	0.04687364771962166	0.12651187181472778	0.6048861145973206
2576	0.04601750522851944	0.1260850727558136	0.6063294410705566
2577	0.04682394489645958	0.12562143802642822	0.6080420613288879
2578	0.04591813683509827	0.1252565085887909	0.6091869473457336
2579	0.04756799340248108	0.12502478063106537	0.6097459197044373
2580	0.046172503381967545	0.12508684396743774	0.6095127463340759
2581	0.04651747643947601	0.12529559433460236	0.6084739565849304
2582	0.046877700835466385	0.12553830444812775	0.6071035265922546
2583	0.04612015560269356	0.1256999373435974	0.6061190962791443
2584	0.04672858864068985	0.12569470703601837	0.606303870677948
2585	0.04609699547290802	0.12552371621131897	0.6075847744941711
2586	0.046263303607702255	0.12511788308620453	0.6097708344459534
2587	0.04627951234579086	0.12462680786848068	0.6122595071792603
2588	0.046864818781614304	0.12420809268951416	0.6144353747367859
2589	0.04569893330335617	0.12380749732255936	0.6164358854293823
2590	0.046228546649217606	0.12350699305534363	0.6181451678276062
2591	0.04664187505841255	0.12360882759094238	0.6184675693511963
2592	0.0470694936811924	0.12400533258914948	0.6171740293502808
2593	0.04697761312127113	0.12457901239395142	0.6154045462608337
2594	0.047001440078020096	0.12479890137910843	0.6150950789451599
2595	0.04792468994855881	0.12514667212963104	0.6141355633735657
2596	0.047131285071372986	0.12524424493312836	0.61393141746521
2597	0.046061307191848755	0.12487584352493286	0.614888072013855
2598	0.046033475548028946	0.12462405860424042	0.6161064505577087
2599	0.04705854505300522	0.12481237947940826	0.6153265237808228
2600	0.04503779858350754	0.12488049268722534	0.6148895025253296
2601	0.04682166874408722	0.12525266408920288	0.613400399684906
2602	0.047461673617362976	0.1255093514919281	0.6123486161231995
2603	0.04614183306694031	0.12595877051353455	0.6102672219276428
2604	0.0459282360970974	0.12653720378875732	0.6074525713920593
2605	0.04592103511095047	0.1269875168800354	0.6050271391868591
2606	0.04622623696923256	0.1273742914199829	0.6034567952156067
2607	0.0476328544318676	0.12697169184684753	0.6044929623603821
2608	0.0458688959479332	0.12604057788848877	0.6076193451881409
2609	0.046389397233724594	0.12519538402557373	0.6111722588539124
2610	0.048385053873062134	0.12494943290948868	0.6130270957946777
2611	0.04572322219610214	0.12498990446329117	0.6135661005973816
2612	0.04680643975734711	0.12527789175510406	0.6125103831291199
2613	0.04668891429901123	0.12551654875278473	0.611194908618927
2614	0.04691587761044502	0.12571312487125397	0.6093987822532654
2615	0.04704396799206734	0.126288041472435	0.6062681674957275
2616	0.04794098064303398	0.12668006122112274	0.6044948101043701
2617	0.045729849487543106	0.12705513834953308	0.6035439372062683
2618	0.046989597380161285	0.12678182125091553	0.6046798825263977
2619	0.04568853974342346	0.12634339928627014	0.6059244871139526
2620	0.04481338709592819	0.12586212158203125	0.6077467203140259
2621	0.04648730903863907	0.12558643519878387	0.6091236472129822
2622	0.045355308800935745	0.12545856833457947	0.6105501651763916
2623	0.04593566432595253	0.12547257542610168	0.611132025718689
2624	0.045967571437358856	0.1255761831998825	0.6102648973464966
2625	0.04656769335269928	0.12574084103107452	0.6090762615203857
2626	0.04621269553899765	0.1259143054485321	0.6079552173614502
2627	0.04718577489256859	0.12601517140865326	0.6075916886329651
2628	0.044704776257276535	0.12609577178955078	0.6080897450447083
2629	0.04625260457396507	0.1259203851222992	0.6100336313247681
2630	0.04578033462166786	0.1255522072315216	0.6127036213874817
2631	0.04760388284921646	0.12511244416236877	0.6153795719146729
2632	0.04632606357336044	0.12492276728153229	0.616339921951294
2633	0.04503009840846062	0.12513796985149384	0.6148437261581421
2634	0.04562141001224518	0.12520422041416168	0.6141502857208252
2635	0.045181963592767715	0.1252484768629074	0.613808274269104
2636	0.045363251119852066	0.12525984644889832	0.613440990447998
2637	0.045238278806209564	0.1253749430179596	0.6125361919403076
2638	0.04531963914632797	0.12550315260887146	0.6122584342956543
2639	0.045497968792915344	0.12579859793186188	0.6115066409111023
2640	0.04571867361664772	0.1261788010597229	0.6110013127326965
2641	0.04560684785246849	0.12662582099437714	0.6102176904678345
2642	0.045705121010541916	0.12666314840316772	0.610927939414978
2643	0.045999471098184586	0.12632237374782562	0.6128617525100708
2644	0.047346197068691254	0.12592674791812897	0.6146695613861084
2645	0.04696345701813698	0.12547172605991364	0.6158750057220459
2646	0.044871553778648376	0.1251055896282196	0.6167555451393127
2647	0.04548520967364311	0.12489403784275055	0.6165307760238647
2648	0.04554033651947975	0.124843068420887	0.6165268421173096
2649	0.0440007820725441	0.12504227459430695	0.6154443025588989
2650	0.0460817851126194	0.12516766786575317	0.6150869131088257
2651	0.04585991054773331	0.1255519986152649	0.6134358048439026
2652	0.045954857021570206	0.1258772760629654	0.6120156049728394
2653	0.04654709994792938	0.12609326839447021	0.6107965707778931
2654	0.0451914519071579	0.1265723556280136	0.6086803674697876
2655	0.045223962515592575	0.127017080783844	0.606680154800415
2656	0.04595038667321205	0.12689679861068726	0.6071609258651733
2657	0.044487934559583664	0.12674792110919952	0.6077021956443787
2658	0.04595175385475159	0.1266545057296753	0.6076126098632812
2659	0.04489321634173393	0.12651470303535461	0.6076913475990295
2660	0.04677662253379822	0.12624789774417877	0.6083899140357971
2661	0.045329101383686066	0.126243457198143	0.6077197194099426
2662	0.043853290379047394	0.12631401419639587	0.6066188216209412
2663	0.04527794197201729	0.12675465643405914	0.6046400666236877
2664	0.0455622598528862	0.12697264552116394	0.6033158898353577
2665	0.04772184044122696	0.1266377866268158	0.6046558618545532
2666	0.04543732851743698	0.12643419206142426	0.6063745021820068
2667	0.046616412699222565	0.12639449536800385	0.6075629591941833
2668	0.04546840488910675	0.1262633204460144	0.6086055040359497
2669	0.04601356387138367	0.12604133784770966	0.6100289225578308
2670	0.04457512125372887	0.1259828507900238	0.610301673412323
2671	0.04489428922533989	0.12591537833213806	0.6105434894561768
2672	0.04575362429022789	0.12627390027046204	0.6094781160354614
2673	0.04719938337802887	0.12650111317634583	0.6091999411582947
2674	0.046180181205272675	0.12625300884246826	0.610139787197113
2675	0.045562200248241425	0.12564553320407867	0.6122297644615173
2676	0.045887477695941925	0.1250058114528656	0.6139922738075256
2677	0.04533382132649422	0.12468523532152176	0.6144819259643555
2678	0.044768791645765305	0.1245415061712265	0.6147130131721497
2679	0.04523321986198425	0.12450811266899109	0.6138110756874084
2680	0.04429076984524727	0.1246788278222084	0.6124942302703857
2681	0.04519117996096611	0.12487328052520752	0.6120507717132568
2682	0.04514404386281967	0.1250780075788498	0.6114729642868042
2683	0.04504745081067085	0.12528885900974274	0.6114369630813599
2684	0.045124851167201996	0.12561197578907013	0.6108997464179993
2685	0.04495534673333168	0.12572890520095825	0.6111583113670349
2686	0.0464685782790184	0.12543301284313202	0.6124314665794373
2687	0.04538694769144058	0.1251540631055832	0.6136813759803772
2688	0.0452602319419384	0.12486009299755096	0.6155298352241516
2689	0.04532055929303169	0.1247568279504776	0.6168665289878845
2690	0.0459652803838253	0.12474873661994934	0.6178596019744873
2691	0.04390329495072365	0.12486254423856735	0.6175628900527954
2692	0.044406287372112274	0.1253078281879425	0.6153779625892639
2693	0.0455658845603466	0.12597022950649261	0.6132993698120117
2694	0.04573437198996544	0.12670505046844482	0.6106061339378357
2695	0.045204613357782364	0.12740978598594666	0.6079686880111694
2696	0.04560699686408043	0.12774412333965302	0.6062493324279785
2697	0.045382071286439896	0.12753982841968536	0.6063238382339478
2698	0.04648768529295921	0.1268141120672226	0.608184278011322
2699	0.04490721598267555	0.12610700726509094	0.6093868017196655
2700	0.04444793239235878	0.12572067975997925	0.6102778315544128
2701	0.04623660072684288	0.12578065693378448	0.6101711392402649
2702	0.04445520415902138	0.126054584980011	0.6094858646392822
2703	0.04524191841483116	0.12635424733161926	0.6085624098777771
2704	0.045562826097011566	0.1263515055179596	0.6085942983627319
2705	0.04475793242454529	0.12643930315971375	0.6078211069107056
2706	0.0453665554523468	0.1265110820531845	0.6067295074462891
2707	0.04499013349413872	0.12643995881080627	0.6067119836807251
2708	0.04733654484152794	0.12618449330329895	0.607818603515625
2709	0.0444827675819397	0.12598849833011627	0.6082670092582703
2710	0.04624015465378761	0.12594738602638245	0.6085308194160461
2711	0.04440784454345703	0.12598805129528046	0.6086961030960083
2712	0.04475680738687515	0.12602008879184723	0.6088249683380127
2713	0.04617676883935928	0.12577740848064423	0.6105093359947205
2714	0.0448615588247776	0.12545084953308105	0.6128543019294739
2715	0.04455124959349632	0.12544554471969604	0.6134017109870911
2716	0.04514623433351517	0.12501811981201172	0.6148757338523865
2717	0.04500770941376686	0.12460646778345108	0.6161949038505554
2718	0.04580821469426155	0.12452130019664764	0.6168389320373535
2719	0.04521191492676735	0.12482424825429916	0.6157410144805908
2720	0.04470629245042801	0.12528905272483826	0.6137183308601379
2721	0.04548478126525879	0.1257322132587433	0.6118173003196716
2722	0.045258935540914536	0.12603747844696045	0.6109721660614014
2723	0.0456717312335968	0.12613828480243683	0.6111096143722534
2724	0.04578978940844536	0.12630772590637207	0.6106234192848206
2725	0.04342399537563324	0.12633274495601654	0.611242949962616
2726	0.046109456568956375	0.12625256180763245	0.6122630834579468
2727	0.04461733624339104	0.12608098983764648	0.6137356162071228
2728	0.04492281749844551	0.12590321898460388	0.6144545078277588
2729	0.044818244874477386	0.12593653798103333	0.6138205528259277
2730	0.04570465162396431	0.12572269141674042	0.6138057708740234
2731	0.046206023544073105	0.12550070881843567	0.613354504108429
2732	0.0452595129609108	0.1253102868795395	0.6128562688827515
2733	0.04600486531853676	0.12533298134803772	0.6117820143699646
2734	0.04622386395931244	0.12542375922203064	0.6109746098518372
2735	0.0456729382276535	0.12545257806777954	0.6108340620994568
2736	0.047009363770484924	0.12547455728054047	0.610808789730072
2737	0.04510103166103363	0.12566085159778595	0.6105164289474487
2738	0.04500056058168411	0.12575210630893707	0.6112257838249207
2739	0.046826787292957306	0.1258658915758133	0.6129088401794434
2740	0.04670579731464386	0.12615135312080383	0.6133888959884644
2741	0.04574042931199074	0.1263735443353653	0.614041805267334
2742	0.045349009335041046	0.12654632329940796	0.6145491600036621
2743	0.04467126354575157	0.12690269947052002	0.6143139600753784
2744	0.04420391097664833	0.12734034657478333	0.6131082773208618
2745	0.04503316804766655	0.1275046020746231	0.6130770444869995
2746	0.04516913369297981	0.12751995027065277	0.6137412190437317
2747	0.043923862278461456	0.1272331327199936	0.6151918172836304
2748	0.044517431408166885	0.12659338116645813	0.6168966889381409
2749	0.044493548572063446	0.1259545087814331	0.6184395551681519
2750	0.04488468915224075	0.12573277950286865	0.6186721324920654
2751	0.04587303102016449	0.12547993659973145	0.6188837289810181
2752	0.0450640432536602	0.12527957558631897	0.6186603307723999
2753	0.045114338397979736	0.12496894598007202	0.6186327934265137
2754	0.044385917484760284	0.1247335821390152	0.6188512444496155
2755	0.04315904527902603	0.12463848292827606	0.619873583316803
2756	0.04417377710342407	0.12446318566799164	0.6205328702926636
2757	0.04384128004312515	0.12441807985305786	0.6206390857696533
2758	0.044339634478092194	0.12455276399850845	0.6197622418403625
2759	0.0448080413043499	0.12480895221233368	0.6192019581794739
2760	0.046734366565942764	0.1253802329301834	0.6177011132240295
2761	0.04296177998185158	0.12610751390457153	0.6155309081077576
2762	0.04345259070396423	0.1267579048871994	0.6135611534118652
2763	0.04649870842695236	0.12696291506290436	0.6126987934112549
2764	0.043472323566675186	0.1269470453262329	0.6121590733528137
2765	0.044288404285907745	0.12716044485569	0.610740065574646
2766	0.04645362123847008	0.1273713856935501	0.6100450754165649
2767	0.0450391061604023	0.12755966186523438	0.6095002889633179
2768	0.044518738985061646	0.12762977182865143	0.6092833876609802
2769	0.0445733517408371	0.12734052538871765	0.6098967790603638
2770	0.044253479689359665	0.12716306746006012	0.6106159687042236
2771	0.04421718046069145	0.12725971639156342	0.6102938055992126
2772	0.044568706303834915	0.12716767191886902	0.6107314825057983
2773	0.04423682391643524	0.12700234353542328	0.6112403869628906
2774	0.04500129818916321	0.1269550770521164	0.6113753318786621
2775	0.04495912045240402	0.12710639834403992	0.6110503077507019
2776	0.04463409632444382	0.12756602466106415	0.6104089617729187
2777	0.046496324241161346	0.12787164747714996	0.609774112701416
2778	0.04584435373544693	0.127557635307312	0.6107630133628845
2779	0.04614447057247162	0.12687551975250244	0.6123759150505066
2780	0.04490319639444351	0.1264623999595642	0.614098072052002
2781	0.04356035962700844	0.12629994750022888	0.6150548458099365
2782	0.04494360834360123	0.1263032704591751	0.6151142120361328
2783	0.04486553743481636	0.12636208534240723	0.6147507429122925
2784	0.04519093409180641	0.12633927166461945	0.6151033639907837
2785	0.046416010707616806	0.1264842301607132	0.6144005656242371
2786	0.04440318048000336	0.12656179070472717	0.6140621900558472
2787	0.044164303690195084	0.1265089362859726	0.6134904026985168
2788	0.04499752074480057	0.12628047168254852	0.6134626865386963
2789	0.04433480277657509	0.12626387178897858	0.6127108335494995
2790	0.045601919293403625	0.1263538897037506	0.6115668416023254
2791	0.04446730762720108	0.1263417750597	0.6110738515853882
2792	0.04444490745663643	0.12651847302913666	0.6101035475730896
2793	0.04534090682864189	0.12640635669231415	0.6104710102081299
2794	0.045793093740940094	0.1261700689792633	0.6116717457771301
2795	0.044014133512973785	0.12605229020118713	0.612461268901825
2796	0.044349875301122665	0.12604744732379913	0.612568736076355
2797	0.04627729952335358	0.12589003145694733	0.6133788824081421
2798	0.04507816582918167	0.12606513500213623	0.6134563684463501
2799	0.04421534016728401	0.1260293573141098	0.6146662831306458
2800	0.04444892704486847	0.12595826387405396	0.6158093214035034
2801	0.04500911384820938	0.1256861835718155	0.61778324842453
2802	0.04472281411290169	0.12541063129901886	0.6190129518508911
2803	0.043977368623018265	0.12532712519168854	0.6196311712265015
2804	0.04442378133535385	0.12520486116409302	0.6200165748596191
2805	0.045039091259241104	0.12507425248622894	0.6202160716056824
2806	0.045301418751478195	0.12506744265556335	0.6201533079147339
2807	0.044647250324487686	0.12526355683803558	0.6193628311157227
2808	0.04515666514635086	0.1256912350654602	0.6170942187309265
2809	0.04438861459493637	0.1260399967432022	0.6158962845802307
2810	0.04414467513561249	0.126265749335289	0.6147781610488892
2811	0.0437396764755249	0.1262747347354889	0.6143209934234619
2812	0.04487163573503494	0.1264704167842865	0.6134051084518433
2813	0.044610876590013504	0.1267472505569458	0.6125022172927856
2814	0.045956242829561234	0.12695303559303284	0.6118823885917664
2815	0.043417323380708694	0.12715956568717957	0.6111972332000732
2816	0.04390108585357666	0.12725776433944702	0.6108421683311462
2817	0.04412400349974632	0.12701429426670074	0.6111025810241699
2818	0.04421195015311241	0.12688803672790527	0.6106106042861938
2819	0.04415912181138992	0.12681348621845245	0.6103842258453369
2820	0.04528952017426491	0.1266287863254547	0.6110133528709412
2821	0.04391124099493027	0.12646357715129852	0.6118804216384888
2822	0.04633588343858719	0.12645021080970764	0.611685574054718
2823	0.04428720101714134	0.12653414905071259	0.6117544770240784
2824	0.04334822669625282	0.1267096996307373	0.6113510727882385
2825	0.04465528577566147	0.1267790049314499	0.6112937331199646
2826	0.04430997371673584	0.12721127271652222	0.61043381690979
2827	0.04459144175052643	0.12760716676712036	0.6099278926849365
2828	0.04394996911287308	0.12774604558944702	0.6105952858924866
2829	0.04434046521782875	0.12724736332893372	0.6131857633590698
2830	0.04552411288022995	0.1269076019525528	0.61501544713974
2831	0.04367363452911377	0.12637768685817719	0.6178286075592041
2832	0.04335269704461098	0.12591387331485748	0.6196128129959106
2833	0.043162282556295395	0.12558767199516296	0.6214005351066589
2834	0.045141760259866714	0.12540429830551147	0.6221243143081665
2835	0.04519997909665108	0.12545399367809296	0.6217897534370422
2836	0.045570436865091324	0.12573210895061493	0.620614767074585
2837	0.043779823929071426	0.12633134424686432	0.6187248826026917
2838	0.044434804469347	0.12670917809009552	0.6172374486923218
2839	0.045017726719379425	0.12706197798252106	0.6159313321113586
2840	0.04495549947023392	0.1266489028930664	0.6164222359657288
2841	0.042702265083789825	0.1260318160057068	0.617767870426178
2842	0.04389800876379013	0.1253431886434555	0.6196050643920898
2843	0.04366792365908623	0.12507851421833038	0.6200062036514282
2844	0.04454541951417923	0.12512686848640442	0.6192826628684998
2845	0.04554162546992302	0.12532496452331543	0.617987334728241
2846	0.043431151658296585	0.12559162080287933	0.616062581539154
2847	0.04530031234025955	0.1258731633424759	0.6139941811561584
2848	0.0459611751139164	0.1261785477399826	0.6121750473976135
2849	0.0441233366727829	0.1266666203737259	0.6101394295692444
2850	0.04312383383512497	0.1272992491722107	0.6082033514976501
2851	0.044387105852365494	0.12751729786396027	0.6083462238311768
2852	0.044857509434223175	0.1272851824760437	0.6097714304924011
2853	0.04385105147957802	0.1267312914133072	0.6121845841407776
2854	0.04417648911476135	0.12646524608135223	0.6138906478881836
2855	0.043088141828775406	0.1260649710893631	0.615290105342865
2856	0.044015806168317795	0.1260233074426651	0.6151939034461975
2857	0.04343388229608536	0.12596337497234344	0.6149135828018188
2858	0.04515013471245766	0.12603649497032166	0.6144987940788269
2859	0.04449690505862236	0.1264147162437439	0.6135855913162231
2860	0.045379143208265305	0.12686221301555634	0.6134516000747681
2861	0.044527191668748856	0.12768056988716125	0.6124691367149353
2862	0.04488919675350189	0.12833386659622192	0.6114323735237122
2863	0.0444001778960228	0.12783625721931458	0.6137281656265259
2864	0.0462423712015152	0.12732984125614166	0.6157814860343933
2865	0.043728072196245193	0.12707769870758057	0.6166784763336182
2866	0.04375484585762024	0.12683729827404022	0.6175580620765686
2867	0.04404560104012489	0.12674196064472198	0.6173186898231506
2868	0.043840181082487106	0.1268872767686844	0.6156883239746094
2869	0.04393079876899719	0.12716010212898254	0.6137147545814514
2870	0.046000272035598755	0.12752178311347961	0.6106738448143005
2871	0.04409528523683548	0.1276758760213852	0.6097027063369751
2872	0.04597628489136696	0.1277441829442978	0.6085309982299805
2873	0.04265012964606285	0.1277143806219101	0.6079266667366028
2874	0.04371218755841255	0.12755213677883148	0.6082126498222351
2875	0.04488193616271019	0.12715443968772888	0.6102712154388428
2876	0.04707714915275574	0.12693068385124207	0.610963761806488
2877	0.04565199837088585	0.12654975056648254	0.6126766204833984
2878	0.04392308369278908	0.12637703120708466	0.6135866641998291
2879	0.04469090327620506	0.12637455761432648	0.6134687662124634
2880	0.04369531199336052	0.12683142721652985	0.6121110916137695
2881	0.043784383684396744	0.127323180437088	0.6105485558509827
2882	0.04466171935200691	0.1277274787425995	0.6090855002403259
2883	0.044651098549366	0.1276390254497528	0.6092734932899475
2884	0.04399919882416725	0.12763993442058563	0.6095962524414062
2885	0.04362759739160538	0.12774571776390076	0.6102375388145447
2886	0.04429091140627861	0.12742795050144196	0.6120832562446594
2887	0.044006407260894775	0.12712275981903076	0.6143320798873901
2888	0.043944261968135834	0.1267952173948288	0.6173509359359741
2889	0.042497921735048294	0.12653246521949768	0.6197158098220825
2890	0.043855879455804825	0.12640511989593506	0.6204657554626465
2891	0.04476490244269371	0.12636196613311768	0.620530366897583
2892	0.04450118914246559	0.12634381651878357	0.6199355721473694
2893	0.044039130210876465	0.1265757828950882	0.6194449663162231
2894	0.043998055160045624	0.12671950459480286	0.6191036105155945
2895	0.04349950700998306	0.12679918110370636	0.6182963848114014
2896	0.0432041697204113	0.12648552656173706	0.6189481019973755
2897	0.043563131242990494	0.12643828988075256	0.6181197166442871
2898	0.04276157543063164	0.12642279267311096	0.6178827881813049
2899	0.043433189392089844	0.12644344568252563	0.6180817484855652
2900	0.04384941980242729	0.1267160177230835	0.6171934008598328
2901	0.043959569185972214	0.126841738820076	0.6170850992202759
2902	0.04314667731523514	0.1267680525779724	0.6174550652503967
2903	0.042565926909446716	0.12682127952575684	0.6173934936523438
2904	0.043028928339481354	0.12684059143066406	0.6176367402076721
2905	0.04386276751756668	0.12697258591651917	0.6173890829086304
2906	0.04270356148481369	0.12699435651302338	0.6173715591430664
2907	0.04343036934733391	0.1271456480026245	0.6163849830627441
2908	0.042891986668109894	0.12713722884655	0.6159259676933289
2909	0.04429081827402115	0.12685497105121613	0.6166141629219055
2910	0.04445512220263481	0.1265898048877716	0.6171728372573853
2911	0.04377077519893646	0.12642624974250793	0.6183967590332031
2912	0.0430852547287941	0.1261812299489975	0.6197545528411865
2913	0.04352613538503647	0.12590090930461884	0.621435284614563
2914	0.04316418617963791	0.12587407231330872	0.6216467618942261
2915	0.043665844947099686	0.12574739754199982	0.6214544177055359
2916	0.0441516637802124	0.12596625089645386	0.6204249858856201
2917	0.04430771991610527	0.12607134878635406	0.6197680830955505
2918	0.04306137189269066	0.1263187825679779	0.619049072265625
2919	0.04362142086029053	0.12679003179073334	0.6172120571136475
2920	0.042987093329429626	0.12696397304534912	0.6172120571136475
2921	0.04294118657708168	0.12722857296466827	0.6169923543930054
2922	0.04388842359185219	0.12734386324882507	0.6170734763145447
2923	0.0455043651163578	0.12737075984477997	0.6168780326843262
2924	0.04361877962946892	0.12720851600170135	0.616367518901825
2925	0.04397547245025635	0.12766629457473755	0.6143705248832703
2926	0.043603383004665375	0.12811781466007233	0.6121107935905457
2927	0.04364671930670738	0.12820567190647125	0.6108008027076721
2928	0.04364190623164177	0.12827618420124054	0.6094018220901489
2929	0.04430445283651352	0.12817713618278503	0.6089831590652466
2930	0.04262988641858101	0.12823492288589478	0.6083086729049683
2931	0.04388006776571274	0.12787804007530212	0.6093202233314514
2932	0.04377342015504837	0.12738129496574402	0.6105832457542419
2933	0.044375497847795486	0.12713706493377686	0.6113470196723938
2934	0.043562259525060654	0.1269657164812088	0.6120206117630005
2935	0.043250106275081635	0.12669901549816132	0.6127921342849731
2936	0.04247858002781868	0.12644542753696442	0.6132558584213257
2937	0.04308244585990906	0.12653395533561707	0.6128092408180237
2938	0.04373692721128464	0.12701135873794556	0.611701250076294
2939	0.04422275349497795	0.12765327095985413	0.6105051040649414
2940	0.044048868119716644	0.12826895713806152	0.6098935008049011
2941	0.043465401977300644	0.12834735214710236	0.6107399463653564
2942	0.043750032782554626	0.12789607048034668	0.6134898066520691
2943	0.04392721503973007	0.1272144466638565	0.616071343421936
2944	0.04420188441872597	0.12688086926937103	0.6168510913848877
2945	0.043042294681072235	0.1266934722661972	0.6172274351119995
2946	0.043521612882614136	0.12659569084644318	0.6173601746559143
2947	0.04380592703819275	0.12667617201805115	0.6173884868621826
2948	0.04394746571779251	0.1270468384027481	0.6165570020675659
2949	0.04482022300362587	0.12748311460018158	0.6161143183708191
2950	0.043663568794727325	0.12835173308849335	0.6145021319389343
2951	0.04458650201559067	0.12881559133529663	0.6136924028396606
2952	0.04370666667819023	0.1289539784193039	0.6130934953689575
2953	0.04382563754916191	0.12859612703323364	0.6140152812004089
2954	0.04483283311128616	0.12821105122566223	0.6145640015602112
2955	0.042835451662540436	0.12765155732631683	0.6149072647094727
2956	0.04292973130941391	0.12721194326877594	0.6157340407371521
2957	0.04357185214757919	0.1269696056842804	0.6153130531311035
2958	0.043966785073280334	0.12677137553691864	0.6148144602775574
2959	0.04271841049194336	0.12662962079048157	0.613978922367096
2960	0.04215943068265915	0.12677602469921112	0.6121095418930054
2961	0.04422350227832794	0.12708906829357147	0.610752284526825
2962	0.04319562017917633	0.12746508419513702	0.6093622446060181
2963	0.04270951449871063	0.12794367969036102	0.6081735491752625
2964	0.045412447303533554	0.12845274806022644	0.6073657274246216
2965	0.04358223080635071	0.1286604106426239	0.6074758768081665
2966	0.04298430681228638	0.12847962975502014	0.6093276739120483
2967	0.04248865321278572	0.12847617268562317	0.6104163527488708
2968	0.0433853417634964	0.12848645448684692	0.6113342642784119
2969	0.04164892062544823	0.12840038537979126	0.6124222278594971
2970	0.04408394172787666	0.1280740201473236	0.6129007339477539
2971	0.044399194419384	0.12772569060325623	0.6133855581283569
2972	0.043803077191114426	0.12737376987934113	0.613867998123169
2973	0.042621806263923645	0.12703944742679596	0.614264965057373
2974	0.04380344972014427	0.12678734958171844	0.6149289608001709
2975	0.04345104098320007	0.12671369314193726	0.6155943870544434
2976	0.043210264295339584	0.1267664134502411	0.6159583926200867
2977	0.043345849961042404	0.12683872878551483	0.615902304649353
2978	0.04474225640296936	0.12742115557193756	0.6134257912635803
2979	0.042712531983852386	0.1276179403066635	0.6135258078575134
2980	0.04334704205393791	0.12819598615169525	0.6104743480682373
2981	0.04294614493846893	0.128655806183815	0.6086687445640564
2982	0.042468227446079254	0.1288944035768509	0.6076100468635559
2983	0.04414679855108261	0.1290861815214157	0.6064201593399048
2984	0.045148398727178574	0.12920893728733063	0.6053682565689087
2985	0.04311301186680794	0.1288851648569107	0.6057740449905396
2986	0.04335498809814453	0.12834645807743073	0.6069439649581909
2987	0.04267486557364464	0.12810134887695312	0.6074374318122864
2988	0.04256701096892357	0.1279822736978531	0.607038140296936
2989	0.044547807425260544	0.12764200568199158	0.6075124740600586
2990	0.043616700917482376	0.12726081907749176	0.6087157130241394
2991	0.04335649684071541	0.12707839906215668	0.6096193194389343
2992	0.0430966280400753	0.12694589793682098	0.6105213165283203
2993	0.044244326651096344	0.12700536847114563	0.6111867427825928
2994	0.042798642069101334	0.12718240916728973	0.6110048890113831
2995	0.04389483481645584	0.1275315135717392	0.6104066967964172
2996	0.04419773817062378	0.12789541482925415	0.6096319556236267
2997	0.043842777609825134	0.12821394205093384	0.6098664999008179
2998	0.044980160892009735	0.12848903238773346	0.6096468567848206
2999	0.04311368986964226	0.128438800573349	0.6106540560722351
3000	0.04363569617271423	0.12810613214969635	0.612009584903717
3001	0.043939247727394104	0.12779377400875092	0.6128028035163879
3002	0.04303835704922676	0.12757384777069092	0.6124430298805237
3003	0.0427330881357193	0.12763004004955292	0.6120903491973877
3004	0.043333254754543304	0.12764790654182434	0.6123443245887756
3005	0.04318786785006523	0.1273317039012909	0.6131218671798706
3006	0.042477283626794815	0.12719479203224182	0.6130310297012329
3007	0.04357524961233139	0.12716737389564514	0.6125611662864685
3008	0.042508166283369064	0.12721922993659973	0.6118960380554199
3009	0.04370294138789177	0.127390056848526	0.6111420392990112
3010	0.04489915072917938	0.1274140626192093	0.6108455061912537
3011	0.043518438935279846	0.12769559025764465	0.6097766757011414
3012	0.04311247169971466	0.12800568342208862	0.6087461709976196
3013	0.04445638507604599	0.12825947999954224	0.6086540818214417
3014	0.04307030141353607	0.1281537562608719	0.6099890470504761
3015	0.04245460778474808	0.1281687468290329	0.6105657815933228
3016	0.04372222349047661	0.12829400599002838	0.6106829047203064
3017	0.042012330144643784	0.12862534821033478	0.609677255153656
3018	0.041982222348451614	0.12886127829551697	0.6088379621505737
3019	0.04192303121089935	0.12900155782699585	0.6075261831283569
3020	0.04157960042357445	0.12912236154079437	0.6062475442886353
3021	0.043277256190776825	0.12926465272903442	0.6053085923194885
3022	0.041138093918561935	0.12925489246845245	0.6051989197731018
3023	0.04260503128170967	0.12900374829769135	0.6069158911705017
3024	0.04239458590745926	0.12884961068630219	0.6077868938446045
3025	0.04230906441807747	0.1285516619682312	0.6085184216499329
3026	0.04294142499566078	0.12840883433818817	0.6088402271270752
3027	0.04352453351020813	0.12786151468753815	0.61109459400177
3028	0.042198482900857925	0.1277466118335724	0.6122754812240601
3029	0.042398493736982346	0.12767595052719116	0.6140172481536865
3030	0.04269440844655037	0.12778502702713013	0.6148691177368164
3031	0.04413280636072159	0.1278211921453476	0.6154013276100159
3032	0.04427105560898781	0.1276349574327469	0.6165287494659424
3033	0.04300650581717491	0.12729297578334808	0.6179942488670349
3034	0.04353393614292145	0.1268039494752884	0.6199328303337097
3035	0.04270785674452782	0.126414954662323	0.6213935613632202
3036	0.04278601333498955	0.126229926943779	0.6214417219161987
3037	0.04476316645741463	0.1260984241962433	0.6214804649353027
3038	0.04277373105287552	0.12618930637836456	0.6206356883049011
3039	0.04359651356935501	0.1264236867427826	0.6192343831062317
3040	0.042246878147125244	0.12674540281295776	0.617370069026947
3041	0.042972542345523834	0.1270701140165329	0.616240918636322
3042	0.042779963463544846	0.12739624083042145	0.6154673099517822
3043	0.04318961873650551	0.12747125327587128	0.6155122518539429
3044	0.044272832572460175	0.12741750478744507	0.6158603429794312
3045	0.04249920696020126	0.12738995254039764	0.6167112588882446
3046	0.04124821349978447	0.12729555368423462	0.6175283193588257
3047	0.042791251093149185	0.1271747499704361	0.6174574494361877
3048	0.04394596815109253	0.1272978037595749	0.6160340309143066
3049	0.042657848447561264	0.1272897571325302	0.614777147769928
3050	0.04167848080396652	0.1271396428346634	0.614277184009552
3051	0.04194702208042145	0.1272009313106537	0.6132689118385315
3052	0.042746249586343765	0.12724246084690094	0.6127678751945496
3053	0.04206622764468193	0.12737074494361877	0.6125195622444153
3054	0.04232832044363022	0.12742933630943298	0.6127320528030396
3055	0.042057473212480545	0.127718985080719	0.6119134426116943
3056	0.04285375401377678	0.12767450511455536	0.6128964424133301
3057	0.042177073657512665	0.12746085226535797	0.6146303415298462
3058	0.0428614467382431	0.12740255892276764	0.6151321530342102
3059	0.04542968049645424	0.12775757908821106	0.6134757995605469
3060	0.04306698963046074	0.12811271846294403	0.6112630367279053
3061	0.04320943355560303	0.12859196960926056	0.6087443232536316
3062	0.04281393066048622	0.12901811301708221	0.606799840927124
3063	0.044223230332136154	0.12903964519500732	0.606073260307312
3064	0.041860293596982956	0.12894505262374878	0.6059444546699524
3065	0.04200522601604462	0.12854397296905518	0.6073662042617798
3066	0.042648084461688995	0.12836138904094696	0.6085529923439026
3067	0.04301229864358902	0.12801718711853027	0.6100133061408997
3068	0.04260135814547539	0.1278502494096756	0.6111559867858887
3069	0.042400062084198	0.12752054631710052	0.6125475764274597
3070	0.04362835735082626	0.12720105051994324	0.6142256855964661
3071	0.042168889194726944	0.12717002630233765	0.6149242520332336
3072	0.04285242781043053	0.1273004710674286	0.6145042777061462
3073	0.04268977791070938	0.12720133364200592	0.6155571341514587
3074	0.04126821458339691	0.12752340734004974	0.6149884462356567
3075	0.04279855266213417	0.1277565211057663	0.6145066618919373
3076	0.04309464618563652	0.12766291201114655	0.6147488355636597
3077	0.04196055978536606	0.12765620648860931	0.6145621538162231
3078	0.042946700006723404	0.12786448001861572	0.6130963563919067
3079	0.04184539616107941	0.1279536783695221	0.6122230291366577
3080	0.04255615174770355	0.12801197171211243	0.6120316982269287
3081	0.042951859533786774	0.12782138586044312	0.612996518611908
3082	0.04271940886974335	0.12747427821159363	0.6146793365478516
3083	0.04366490989923477	0.1272016018629074	0.6159893274307251
3084	0.04445471614599228	0.12698420882225037	0.6171532273292542
3085	0.042019981890916824	0.12662509083747864	0.6186751127243042
3086	0.04188111051917076	0.12641088664531708	0.6198023557662964
3087	0.04219880700111389	0.12651538848876953	0.620583176612854
3088	0.04181024432182312	0.12671290338039398	0.6206801533699036
3089	0.04436982050538063	0.12661026418209076	0.6209436058998108
3090	0.043011374771595	0.1265960931777954	0.6206752061843872
3091	0.04360775649547577	0.12691965699195862	0.6193005442619324
3092	0.04228901490569115	0.12733381986618042	0.6178718209266663
3093	0.041761696338653564	0.1276858001947403	0.6165452599525452
3094	0.042263489216566086	0.1277436465024948	0.615917980670929
3095	0.042591292411088943	0.12770843505859375	0.6157343983650208
3096	0.042059339582920074	0.12743741273880005	0.6161827445030212
3097	0.04010666906833649	0.127386212348938	0.6158445477485657
3098	0.04384780302643776	0.12732422351837158	0.6160866618156433
3099	0.04300737753510475	0.1273425966501236	0.6159913539886475
3100	0.04182068258523941	0.12755613029003143	0.6151483058929443
3101	0.042520202696323395	0.12793006002902985	0.6135550141334534
3102	0.04222682863473892	0.12821924686431885	0.6117822527885437
3103	0.043233323842287064	0.12850312888622284	0.6092484593391418
3104	0.0423552431166172	0.12881676852703094	0.6066670417785645
3105	0.042040783911943436	0.12925060093402863	0.6040189266204834
3106	0.041966162621974945	0.12961655855178833	0.6021009087562561
3107	0.043493837118148804	0.12993234395980835	0.600871205329895
3108	0.04276108741760254	0.1298675686120987	0.601711094379425
3109	0.042250726372003555	0.12978900969028473	0.6025847792625427
3110	0.04135894402861595	0.12990805506706238	0.6025243997573853
3111	0.04310334846377373	0.130037322640419	0.6025781035423279
3112	0.04229092225432396	0.1302105337381363	0.6026621460914612
3113	0.043092675507068634	0.13018891215324402	0.6030255556106567
3114	0.043024081736803055	0.1300489455461502	0.6036394238471985
3115	0.043010372668504715	0.12994834780693054	0.6044592261314392
3116	0.04272526875138283	0.12976151704788208	0.6053104996681213
3117	0.04240437224507332	0.12968288362026215	0.6057279109954834
3118	0.041961878538131714	0.1297696977853775	0.6057748198509216
3119	0.04188118129968643	0.1298750936985016	0.6058657169342041
3120	0.04215265437960625	0.12972265481948853	0.606666088104248
3121	0.042621053755283356	0.12949904799461365	0.6076338291168213
3122	0.041318416595458984	0.12921777367591858	0.6087295413017273
3123	0.04136911779642105	0.12899304926395416	0.6093956232070923
3124	0.04185938090085983	0.12877285480499268	0.6098378896713257
3125	0.041240986436605453	0.1285589337348938	0.6098455190658569
3126	0.04311947152018547	0.12854287028312683	0.6097467541694641
3127	0.04149547964334488	0.12848874926567078	0.6097185015678406
3128	0.04297933354973793	0.12845227122306824	0.6097341179847717
3129	0.04225669056177139	0.12829463183879852	0.6100875735282898
3130	0.042394742369651794	0.12813369929790497	0.6099600791931152
3131	0.0426458902657032	0.12827043235301971	0.6088407039642334
3132	0.042823560535907745	0.12832777202129364	0.6081196665763855
3133	0.041949715465307236	0.12854456901550293	0.6071773767471313
3134	0.043300747871398926	0.12891191244125366	0.6059523224830627
3135	0.04298293963074684	0.12918038666248322	0.6053367853164673
3136	0.044728800654411316	0.1291784644126892	0.6063869595527649
3137	0.04104309529066086	0.12909665703773499	0.6077000498771667
3138	0.04343121871352196	0.1289680153131485	0.6092225909233093
3139	0.04332485795021057	0.12879227101802826	0.6109045743942261
3140	0.04176180064678192	0.12854841351509094	0.6125150918960571
3141	0.04255732148885727	0.1285257637500763	0.6128919720649719
3142	0.042238637804985046	0.12870684266090393	0.6126585006713867
3143	0.042958956211805344	0.12874279916286469	0.6127806305885315
3144	0.04292184114456177	0.12861192226409912	0.6135767698287964
3145	0.04165444150567055	0.12872450053691864	0.6136748790740967
3146	0.04244142770767212	0.1287631094455719	0.614503026008606
3147	0.04322256147861481	0.12863710522651672	0.6154149174690247
3148	0.04224899411201477	0.12828373908996582	0.6168571710586548
3149	0.04103630781173706	0.12810267508029938	0.6172768473625183
3150	0.04178334400057793	0.12798930704593658	0.6180796027183533
3151	0.04129299148917198	0.12787500023841858	0.6183745265007019
3152	0.04229876026511192	0.12780191004276276	0.6188287734985352
3153	0.041636522859334946	0.12796057760715485	0.6182988286018372
3154	0.04364204779267311	0.12817329168319702	0.6173457503318787
3155	0.042965251952409744	0.12857533991336823	0.616317868232727
3156	0.04224897548556328	0.12891122698783875	0.6155936121940613
3157	0.04382670670747757	0.12868474423885345	0.6161733865737915
3158	0.04170480743050575	0.128274604678154	0.6167872548103333
3159	0.04074461758136749	0.1281157284975052	0.616805911064148
3160	0.04256673902273178	0.12783269584178925	0.617689311504364
3161	0.04242437332868576	0.12776724994182587	0.6177535057067871
3162	0.0412590466439724	0.12785249948501587	0.6171446442604065
3163	0.04299899935722351	0.12813255190849304	0.6156463623046875
3164	0.041381023824214935	0.12820231914520264	0.614434003829956
3165	0.04122556746006012	0.1283084899187088	0.6134480237960815
3166	0.04218795523047447	0.12852077186107635	0.6125288605690002
3167	0.04109029471874237	0.12862980365753174	0.6120890974998474
3168	0.042397867888212204	0.1287381500005722	0.6116939187049866
3169	0.04154490306973457	0.12852323055267334	0.6125043034553528
3170	0.04172848165035248	0.12830021977424622	0.6136842966079712
3171	0.04148440435528755	0.12790146470069885	0.615350067615509
3172	0.04122307524085045	0.12763112783432007	0.6164358258247375
3173	0.041565828025341034	0.12754599750041962	0.6171212196350098
3174	0.04343967139720917	0.12760813534259796	0.6173666715621948
3175	0.04260649532079697	0.12792497873306274	0.6172444224357605
3176	0.04115677997469902	0.12831705808639526	0.616814374923706
3177	0.04145791381597519	0.12872204184532166	0.6159346699714661
3178	0.04097570478916168	0.1290263533592224	0.6147393584251404
3179	0.041319333016872406	0.12907738983631134	0.6141994595527649
3180	0.04241443797945976	0.1291235387325287	0.6141114234924316
3181	0.04144243150949478	0.12884169816970825	0.6153393387794495
3182	0.04189883917570114	0.12861987948417664	0.6159167885780334
3183	0.04175763949751854	0.1285843402147293	0.6164447665214539
3184	0.04178507626056671	0.12878923118114471	0.6158211827278137
3185	0.04205404594540596	0.1290215700864792	0.6142883896827698
3186	0.04252650588750839	0.12924468517303467	0.6133205890655518
3187	0.04224605858325958	0.12928491830825806	0.6122768521308899
3188	0.0416797511279583	0.12924838066101074	0.6114181876182556
3189	0.04119027405977249	0.12937459349632263	0.6103188991546631
3190	0.04151951149106026	0.1291915476322174	0.6101453304290771
3191	0.041344594210386276	0.12898896634578705	0.6101363301277161
3192	0.04244318976998329	0.1288542002439499	0.6102367043495178
3193	0.041533876210451126	0.12867183983325958	0.6106119155883789
3194	0.04117811471223831	0.128740593791008	0.6101986169815063
3195	0.0404338575899601	0.12882177531719208	0.609691321849823
3196	0.0422799326479435	0.12863875925540924	0.6095308065414429
3197	0.04213608428835869	0.12831977009773254	0.6093637347221375
3198	0.04253210872411728	0.1281118541955948	0.609466552734375
3199	0.042454883456230164	0.1278953105211258	0.6100320816040039
3200	0.04205697402358055	0.1277269572019577	0.6103180050849915
3201	0.04228074476122856	0.1276923269033432	0.6104432344436646
3202	0.04168098792433739	0.12772005796432495	0.611351728439331
3203	0.04280635714530945	0.12813140451908112	0.6111671328544617
3204	0.041753366589546204	0.12858858704566956	0.6103789210319519
3205	0.04175403341650963	0.12886513769626617	0.6095371246337891
3206	0.040290143340826035	0.129046231508255	0.6090694665908813
3207	0.04065057635307312	0.12922409176826477	0.6085472106933594
3208	0.04215928912162781	0.12930066883563995	0.6076745390892029
3209	0.04149992763996124	0.1292347013950348	0.6070716977119446
3210	0.04367285966873169	0.12941096723079681	0.6057704091072083
3211	0.042630214244127274	0.12962062656879425	0.6050552129745483
3212	0.041732385754585266	0.12955787777900696	0.606193482875824
3213	0.042859479784965515	0.12931609153747559	0.6079643368721008
3214	0.04174671322107315	0.12888269126415253	0.6098606586456299
3215	0.0415622740983963	0.12829381227493286	0.6122063398361206
3216	0.043247878551483154	0.12795639038085938	0.6142634153366089
3217	0.04209849610924721	0.1276635229587555	0.6160838007926941
3218	0.040510743856430054	0.12747186422348022	0.6176362037658691
3219	0.04161936417222023	0.12754112482070923	0.6177754402160645
3220	0.04161401093006134	0.1278427392244339	0.6173236966133118
3221	0.041901037096977234	0.12821608781814575	0.6169689297676086
3222	0.043383631855249405	0.12871520221233368	0.6157867908477783
3223	0.041379619389772415	0.12907449901103973	0.614655613899231
3224	0.042855992913246155	0.12899570167064667	0.6146699786186218
3225	0.0417337492108345	0.12874972820281982	0.615056037902832
3226	0.04112330824136734	0.12837858498096466	0.6157284379005432
3227	0.042146727442741394	0.12842556834220886	0.615206241607666
3228	0.041004616767168045	0.12839849293231964	0.615088939666748
3229	0.042548589408397675	0.12842150032520294	0.6148728132247925
3230	0.041301582008600235	0.1288718581199646	0.6139603853225708
3231	0.043101485818624496	0.12905099987983704	0.6128406524658203
3232	0.04177603870630264	0.12898875772953033	0.6117900013923645
3233	0.042955975979566574	0.12869441509246826	0.6110357046127319
3234	0.04098479822278023	0.12859545648097992	0.6102935671806335
3235	0.04358082637190819	0.12846709787845612	0.610145092010498
3236	0.04162019118666649	0.12842407822608948	0.6096410155296326
3237	0.04193342849612236	0.12856599688529968	0.6086673736572266
3238	0.041818127036094666	0.1291736513376236	0.6064435839653015
3239	0.04241354763507843	0.12963412702083588	0.6052089929580688
3240	0.04210013896226883	0.13011790812015533	0.6037405133247375
3241	0.041286684572696686	0.13032478094100952	0.6033421754837036
3242	0.04050971195101738	0.1302499771118164	0.6037988662719727
3243	0.04082625359296799	0.1301961988210678	0.604589581489563
3244	0.04144544154405594	0.1300489604473114	0.6055989861488342
3245	0.04166560620069504	0.12974172830581665	0.6072465181350708
3246	0.04152306541800499	0.12950997054576874	0.6089282631874084
3247	0.04198841750621796	0.129519984126091	0.6102088689804077
3248	0.04183095693588257	0.12969912588596344	0.6114534139633179
3249	0.04182462766766548	0.12966707348823547	0.6129868030548096
3250	0.042022593319416046	0.1295255571603775	0.6138112545013428
3251	0.040768492966890335	0.1292482167482376	0.6139522790908813
3252	0.04152636229991913	0.1290649175643921	0.6142353415489197
3253	0.04132037237286568	0.12866386771202087	0.6135532259941101
3254	0.042802948504686356	0.1286514848470688	0.612606942653656
3255	0.0411541648209095	0.12869644165039062	0.6123729348182678
3256	0.041010595858097076	0.12853072583675385	0.6130327582359314
3257	0.041969411075115204	0.1284569650888443	0.6145936846733093
3258	0.04074912890791893	0.1283501535654068	0.6156179308891296
3259	0.04143147170543671	0.1281438022851944	0.6166261434555054
3260	0.0411817692220211	0.12791520357131958	0.6181338429450989
3261	0.04089739918708801	0.1278793215751648	0.6193370223045349
3262	0.041089411824941635	0.12799763679504395	0.6196004152297974
3263	0.04097737744450569	0.1281895935535431	0.6192387342453003
3264	0.04379214718937874	0.12822294235229492	0.6188597083091736
3265	0.04055149480700493	0.12821288406848907	0.6186777949333191
3266	0.04197893664240837	0.12832529842853546	0.6180753111839294
3267	0.041608404368162155	0.1282850056886673	0.6178705096244812
3268	0.04060572758316994	0.12812453508377075	0.6178703904151917
3269	0.0409499853849411	0.12797173857688904	0.6178783774375916
3270	0.041830603033304214	0.12779860198497772	0.6188919544219971
3271	0.042300522327423096	0.12786902487277985	0.6196883916854858
3272	0.04153779149055481	0.12781809270381927	0.620634138584137
3273	0.0397065132856369	0.12783440947532654	0.6212412118911743
3274	0.0388759970664978	0.12819057703018188	0.6201966404914856
3275	0.04192497581243515	0.12836037576198578	0.6192790865898132
3276	0.04005710035562515	0.12860606610774994	0.618051290512085
3277	0.040758103132247925	0.12852521240711212	0.6174829602241516
3278	0.042024772614240646	0.1282723844051361	0.617020845413208
3279	0.040319718420505524	0.12808512151241302	0.6164992451667786
3280	0.04200897365808487	0.12793482840061188	0.6166598200798035
3281	0.03983824700117111	0.127986878156662	0.6161127686500549
3282	0.04195742309093475	0.12797220051288605	0.6161013841629028
3283	0.041046787053346634	0.12772426009178162	0.6178635358810425
3284	0.04089358448982239	0.12746429443359375	0.620730459690094
3285	0.04178716987371445	0.1273011565208435	0.6228509545326233
3286	0.040552202612161636	0.12733852863311768	0.6237436532974243
3287	0.040703509002923965	0.12763170897960663	0.62374347448349
3288	0.04196334630250931	0.12787799537181854	0.6229040622711182
3289	0.04130738601088524	0.12818174064159393	0.621654748916626
3290	0.041560832411050797	0.12852920591831207	0.6203024983406067
3291	0.04041734337806702	0.12869654595851898	0.619096577167511
3292	0.041121214628219604	0.12898975610733032	0.6176309585571289
3293	0.04182823374867439	0.12926702201366425	0.6166836619377136
3294	0.04011375829577446	0.12977440655231476	0.6153239607810974
3295	0.04048432782292366	0.13001783192157745	0.6146514415740967
3296	0.03940374776721001	0.13027797639369965	0.6140896677970886
3297	0.04204036667943001	0.1304151564836502	0.613170325756073
3298	0.04149053618311882	0.13019531965255737	0.6129444241523743
3299	0.040408749133348465	0.12973715364933014	0.6136469841003418
3300	0.041427358984947205	0.12905238568782806	0.6148627400398254
3301	0.04049116373062134	0.1284819096326828	0.6159241199493408
3302	0.04137696325778961	0.1280413269996643	0.6169054508209229
3303	0.040874045342206955	0.12776319682598114	0.617728054523468
3304	0.041453875601291656	0.1277657449245453	0.6182495951652527
3305	0.04193980619311333	0.1282663643360138	0.6178107261657715
3306	0.038984060287475586	0.1289365589618683	0.6172117590904236
3307	0.04000314325094223	0.1291937381029129	0.6176614165306091
3308	0.04005661979317665	0.12939444184303284	0.6186971068382263
3309	0.041196804493665695	0.12911298871040344	0.6206853985786438
3310	0.042426519095897675	0.12862740457057953	0.6225482225418091
3311	0.04171360284090042	0.1280669867992401	0.6240555644035339
3312	0.04295693710446358	0.1277519315481186	0.6243625283241272
3313	0.042172953486442566	0.12756319344043732	0.6236357688903809
3314	0.04019032046198845	0.12742672860622406	0.6230757832527161
3315	0.04040973633527756	0.12730737030506134	0.6225839853286743
3316	0.04131602495908737	0.1271723210811615	0.6223889589309692
3317	0.04025324806571007	0.12712512910366058	0.6218482255935669
3318	0.04025896266102791	0.12729504704475403	0.6210796236991882
3319	0.040775563567876816	0.12758873403072357	0.6198782324790955
3320	0.04128304868936539	0.12780164182186127	0.6187962889671326
3321	0.04029375687241554	0.12809641659259796	0.6173977255821228
3322	0.04045258089900017	0.12829497456550598	0.616011381149292
3323	0.03972017765045166	0.12859031558036804	0.6144056916236877
3324	0.041875917464494705	0.1288781613111496	0.6127048134803772
3325	0.04068851098418236	0.12924203276634216	0.6110348105430603
3326	0.040940795093774796	0.1293591856956482	0.6106297969818115
3327	0.04015949368476868	0.12928889691829681	0.6115513443946838
3328	0.042429033666849136	0.12888693809509277	0.6132575869560242
3329	0.04022769629955292	0.1283860057592392	0.6159363985061646
3330	0.04030609130859375	0.12787212431430817	0.6184651851654053
3331	0.04053539037704468	0.12759672105312347	0.6196898221969604
3332	0.03868265077471733	0.12762050330638885	0.6198956370353699
3333	0.04011531174182892	0.12781275808811188	0.6193122267723083
3334	0.04001818224787712	0.12814432382583618	0.6185892224311829
3335	0.04155568405985832	0.12860792875289917	0.6174094080924988
3336	0.041335221379995346	0.12918448448181152	0.6153247952461243
3337	0.041667256504297256	0.1294368952512741	0.6141414642333984
3338	0.04146595671772957	0.12938228249549866	0.6132566332817078
3339	0.04029921814799309	0.12935355305671692	0.6125353574752808
3340	0.04153577238321304	0.12928254902362823	0.6122481822967529
3341	0.04003501683473587	0.12899568676948547	0.612878143787384
3342	0.040026646107435226	0.12879817187786102	0.6131874918937683
3343	0.04053637012839317	0.12870600819587708	0.6138431429862976
3344	0.04031457006931305	0.12856565415859222	0.6144490242004395
3345	0.04035887122154236	0.12833687663078308	0.6154359579086304
3346	0.040214039385318756	0.12827345728874207	0.6165825724601746
3347	0.041204310953617096	0.12834180891513824	0.6173220872879028
3348	0.04033130034804344	0.1284732222557068	0.6174838542938232
3349	0.040403950959444046	0.12858818471431732	0.6175039410591125
3350	0.04015255346894264	0.1286247968673706	0.6177628040313721
3351	0.04034362733364105	0.12873108685016632	0.617935299873352
3352	0.04003460332751274	0.12866345047950745	0.6176132559776306
3353	0.04082091152667999	0.12864777445793152	0.6178231239318848
3354	0.039710965007543564	0.12884365022182465	0.6174501776695251
3355	0.041721947491168976	0.12865786254405975	0.6185822486877441
3356	0.04165268316864967	0.128354012966156	0.6196220517158508
3357	0.041292909532785416	0.12803839147090912	0.6209527850151062
3358	0.039603956043720245	0.1278405338525772	0.6221109628677368
3359	0.039673831313848495	0.12786240875720978	0.6229529976844788
3360	0.03962527960538864	0.12761038541793823	0.6249129772186279
3361	0.04049484059214592	0.12754462659358978	0.6258159279823303
3362	0.04185527563095093	0.12758688628673553	0.6255939602851868
3363	0.041596636176109314	0.1277865469455719	0.6247700452804565
3364	0.04053913429379463	0.12797459959983826	0.6238926649093628
3365	0.04218507558107376	0.12808991968631744	0.6226320266723633
3366	0.04182303696870804	0.1280374675989151	0.6213610172271729
3367	0.04162926971912384	0.12787584960460663	0.6208987832069397
3368	0.04112660884857178	0.1276496797800064	0.6209024786949158
3369	0.04099594056606293	0.1273491531610489	0.6212723851203918
3370	0.042145561426877975	0.12720587849617004	0.6212173104286194
3371	0.04150017350912094	0.12723307311534882	0.6214399337768555
3372	0.04050416871905327	0.12741898000240326	0.621573805809021
3373	0.03992117941379547	0.12765365839004517	0.621101438999176
3374	0.04119563475251198	0.1281719207763672	0.6204217076301575
3375	0.04046638309955597	0.12859170138835907	0.6196205615997314
3376	0.03948561102151871	0.12919260561466217	0.6179634928703308
3377	0.03942457586526871	0.12925639748573303	0.6175458431243896
3378	0.040667641907930374	0.12926442921161652	0.6171717047691345
3379	0.03922417387366295	0.12923088669776917	0.6167745590209961
3380	0.041531749069690704	0.1292443722486496	0.6160603761672974
3381	0.03924006223678589	0.12919314205646515	0.6158332824707031
3382	0.04069424793124199	0.1291043758392334	0.6154200434684753
3383	0.03934669494628906	0.1291797012090683	0.6148532032966614
3384	0.0398247204720974	0.12933193147182465	0.6146557331085205
3385	0.03976120054721832	0.1293749362230301	0.615048885345459
3386	0.03900368511676788	0.12924088537693024	0.6154165267944336
3387	0.04288971424102783	0.1292015165090561	0.616186797618866
3388	0.03871452435851097	0.1290348470211029	0.6167374849319458
3389	0.039642926305532455	0.12900109589099884	0.616618275642395
3390	0.040636125952005386	0.12890495359897614	0.6166242957115173
3391	0.04097650200128555	0.12910236418247223	0.6157285571098328
3392	0.0409756563603878	0.12926031649112701	0.6151390671730042
3393	0.04052944481372833	0.12955717742443085	0.6145114898681641
3394	0.040960051119327545	0.1296263337135315	0.6147478222846985
3395	0.03972138091921806	0.12937025725841522	0.6161573529243469
3396	0.041091058403253555	0.1293041855096817	0.6172927021980286
3397	0.04059313237667084	0.129180446267128	0.6185731887817383
3398	0.03931201621890068	0.12926745414733887	0.6186302900314331
3399	0.039239127188920975	0.12943175435066223	0.6179295182228088
3400	0.03949455916881561	0.12953481078147888	0.6170147657394409
3401	0.03990767151117325	0.1299213021993637	0.6158186197280884
3402	0.04121774435043335	0.13001306354999542	0.6154928207397461
3403	0.04045741632580757	0.12991108000278473	0.6153540015220642
3404	0.040865276008844376	0.12955431640148163	0.6158725023269653
3405	0.03990498185157776	0.12928447127342224	0.616496741771698
3406	0.04030473530292511	0.12917213141918182	0.6165083050727844
3407	0.04137985035777092	0.12916375696659088	0.6158807873725891
3408	0.04097900539636612	0.1293148398399353	0.6151444315910339
3409	0.040785014629364014	0.12943513691425323	0.6145572662353516
3410	0.040858976542949677	0.12972933053970337	0.6140034794807434
3411	0.040648821741342545	0.12992028892040253	0.6139428615570068
3412	0.03918347880244255	0.1301044076681137	0.6141512989997864
3413	0.04039682820439339	0.13012287020683289	0.6145398616790771
3414	0.03990892693400383	0.13009822368621826	0.6146433353424072
3415	0.04063096642494202	0.12983447313308716	0.6149629950523376
3416	0.039826519787311554	0.12955257296562195	0.6154463291168213
3417	0.04120631515979767	0.12932977080345154	0.6154363751411438
3418	0.04002063721418381	0.12911005318164825	0.6157058477401733
3419	0.03843158856034279	0.12891219556331635	0.6161400079727173
3420	0.04068168252706528	0.12862393260002136	0.6172940135002136
3421	0.03999882563948631	0.1283949315547943	0.6178976893424988
3422	0.03912206366658211	0.12818172574043274	0.6191108822822571
3423	0.03899243101477623	0.12813211977481842	0.6202040910720825
3424	0.04056619852781296	0.12833376228809357	0.6202887296676636
3425	0.04006540775299072	0.12849712371826172	0.620067298412323
3426	0.04008248820900917	0.12867745757102966	0.6195710897445679
3427	0.04062816873192787	0.12870492041110992	0.6192167401313782
3428	0.0391513966023922	0.12850727140903473	0.6188377141952515
3429	0.039869844913482666	0.12825137376785278	0.6188288331031799
3430	0.040344420820474625	0.12804380059242249	0.6194616556167603
3431	0.04096902906894684	0.12805768847465515	0.6196417212486267
3432	0.039894409477710724	0.1283864974975586	0.6186301708221436
3433	0.040663257241249084	0.12912587821483612	0.6168355345726013
3434	0.04000289365649223	0.12953424453735352	0.6160484552383423
3435	0.04045833274722099	0.13015227019786835	0.6143354773521423
3436	0.040508534759283066	0.13048453629016876	0.6139276027679443
3437	0.039984334260225296	0.13087496161460876	0.613532543182373
3438	0.03996698558330536	0.13101612031459808	0.6135784983634949
3439	0.04145555570721626	0.13059957325458527	0.6142553687095642
3440	0.04203314706683159	0.13012440502643585	0.6147006154060364
3441	0.03999115154147148	0.12969788908958435	0.6152868866920471
3442	0.04071231931447983	0.12945391237735748	0.6146422028541565
3443	0.04051114246249199	0.12928207218647003	0.6136773824691772
3444	0.04049677401781082	0.129381462931633	0.6124369502067566
3445	0.04053680971264839	0.12974654138088226	0.6106920838356018
3446	0.04073328152298927	0.13012920320034027	0.609644889831543
3447	0.04070710763335228	0.1301482617855072	0.6100404858589172
3448	0.0394732765853405	0.12985767424106598	0.6116770505905151
3449	0.04022197425365448	0.12961575388908386	0.613322377204895
3450	0.03937119245529175	0.12916365265846252	0.6154340505599976
3451	0.04070034250617027	0.1285713016986847	0.6188250184059143
3452	0.03953753039240837	0.1281546950340271	0.6206451654434204
3453	0.04091639816761017	0.12779928743839264	0.6222643256187439
3454	0.03989896923303604	0.12768897414207458	0.6227507591247559
3455	0.04077697917819023	0.12759703397750854	0.6233371496200562
3456	0.0401458740234375	0.12751558423042297	0.6240912079811096
3457	0.03994976356625557	0.12746493518352509	0.6242926120758057
3458	0.04106147587299347	0.1275106817483902	0.624077558517456
3459	0.03968985751271248	0.12764982879161835	0.6230390667915344
3460	0.0402255542576313	0.1279377043247223	0.6214357018470764
3461	0.03893511742353439	0.1282988041639328	0.6197478771209717
3462	0.03947191685438156	0.12870270013809204	0.6187831163406372
3463	0.04032362252473831	0.12942767143249512	0.6185128688812256
3464	0.03908613696694374	0.13009783625602722	0.6175969243049622
3465	0.04071490094065666	0.13070467114448547	0.6161413788795471
3466	0.04020802676677704	0.1309683620929718	0.6155486106872559
3467	0.03896167129278183	0.13113130629062653	0.6148868203163147
3468	0.04024408012628555	0.130819171667099	0.6152790784835815
3469	0.03993648290634155	0.13036534190177917	0.616499125957489
3470	0.0385933555662632	0.12973296642303467	0.6180101633071899
3471	0.04188041016459465	0.12895923852920532	0.6197908520698547
3472	0.0400439016520977	0.12854677438735962	0.6206268668174744
3473	0.039812345057725906	0.12861230969429016	0.6203082799911499
3474	0.040508512407541275	0.12884487211704254	0.6196123361587524
3475	0.040431637316942215	0.12916569411754608	0.6188079118728638
3476	0.04068265110254288	0.12962177395820618	0.6179828643798828
3477	0.04045538604259491	0.12994731962680817	0.6169009208679199
3478	0.03974306583404541	0.13015630841255188	0.6163115501403809
3479	0.04031873494386673	0.13041278719902039	0.6157321929931641
3480	0.0407264344394207	0.1306411772966385	0.6154937744140625
3481	0.040417708456516266	0.13069617748260498	0.6153109669685364
3482	0.03950747847557068	0.1305484175682068	0.6155295372009277
3483	0.039800889790058136	0.13031020760536194	0.6162741780281067
3484	0.039590444415807724	0.1300542801618576	0.616931140422821
3485	0.040494803339242935	0.1299773007631302	0.6172685027122498
3486	0.04009903967380524	0.12994375824928284	0.6169008612632751
3487	0.03891262412071228	0.13014602661132812	0.6158143877983093
3488	0.04036393389105797	0.1301712691783905	0.6147019863128662
3489	0.03958907350897789	0.13028298318386078	0.6132903099060059
3490	0.03999621421098709	0.13040846586227417	0.6119574904441833
3491	0.04001101851463318	0.1302870362997055	0.6119382977485657
3492	0.03956605866551399	0.12997499108314514	0.6128448247909546
3493	0.039461325854063034	0.12953928112983704	0.6142852902412415
3494	0.04030613228678703	0.1293514519929886	0.6157785654067993
3495	0.03928462415933609	0.12959624826908112	0.6160387396812439
3496	0.04000449925661087	0.12968099117279053	0.616522490978241
3497	0.03903254121541977	0.12968935072422028	0.6170976758003235
3498	0.039513587951660156	0.12974438071250916	0.6167333722114563
3499	0.03946978226304054	0.13002893328666687	0.6157277226448059
3500	0.040247734636068344	0.13043251633644104	0.6147634387016296
3501	0.03987690806388855	0.1308111697435379	0.6138592958450317
3502	0.041005849838256836	0.13062813878059387	0.6142122745513916
3503	0.04050673171877861	0.13025175034999847	0.6150281429290771
3504	0.041006118059158325	0.12962530553340912	0.616729736328125
3505	0.039730556309223175	0.12913623452186584	0.618077278137207
3506	0.03911378234624863	0.12876811623573303	0.6188529133796692
3507	0.04034779965877533	0.12843897938728333	0.6196570992469788
3508	0.04061819240450859	0.1282857209444046	0.620111882686615
3509	0.0392911396920681	0.12817053496837616	0.6201586723327637
3510	0.03933138772845268	0.12821847200393677	0.6194332242012024
3511	0.03995190188288689	0.12826895713806152	0.619214653968811
3512	0.04059147462248802	0.12828829884529114	0.619317889213562
3513	0.041302766650915146	0.12846451997756958	0.6188488602638245
3514	0.040170978754758835	0.12905487418174744	0.6182876825332642
3515	0.039481066167354584	0.1298266351222992	0.6176944375038147
3516	0.03867678716778755	0.1307695060968399	0.6168003678321838
3517	0.0402437262237072	0.13166837394237518	0.6158442497253418
3518	0.04011991620063782	0.1323339194059372	0.6149493455886841
3519	0.040334004908800125	0.13206467032432556	0.6155921816825867
3520	0.03910831734538078	0.1312674582004547	0.6176198720932007
3521	0.03955022618174553	0.13038405776023865	0.6196390986442566
3522	0.03966667875647545	0.12975701689720154	0.6204484701156616
3523	0.040042977780103683	0.1292131543159485	0.6204651594161987
3524	0.04022529721260071	0.12893876433372498	0.6199861764907837
3525	0.040151242166757584	0.1287083923816681	0.6195735931396484
3526	0.04068071022629738	0.12870655953884125	0.6192588806152344
3527	0.03963763639330864	0.12872625887393951	0.6192857027053833
3528	0.039698366075754166	0.12878862023353577	0.6197218298912048
3529	0.03874467313289642	0.12900039553642273	0.6201130747795105
3530	0.03932221606373787	0.1291707307100296	0.6205102801322937
3531	0.03887555003166199	0.12937036156654358	0.6205239295959473
3532	0.03953903168439865	0.12939518690109253	0.6210193037986755
3533	0.04099061340093613	0.12917116284370422	0.6218053698539734
3534	0.04064362868666649	0.12905992567539215	0.6221690773963928
3535	0.04041500389575958	0.12911038100719452	0.6215434670448303
3536	0.039019547402858734	0.1290881633758545	0.6208832263946533
3537	0.03994555026292801	0.12924452126026154	0.6194608211517334
3538	0.040089357644319534	0.1293497532606125	0.617915153503418
3539	0.03898414969444275	0.12968386709690094	0.6161690354347229
3540	0.03929905220866203	0.12998618185520172	0.6154168248176575
3541	0.040011558681726456	0.130188450217247	0.6151654720306396
3542	0.039352163672447205	0.13003993034362793	0.6158097982406616
3543	0.038843508809804916	0.12965045869350433	0.6173252463340759
3544	0.038692574948072433	0.12909138202667236	0.6193699836730957
3545	0.039037518203258514	0.12884283065795898	0.6207082271575928
3546	0.03987058252096176	0.12885017693042755	0.6208683252334595
3547	0.039070796221494675	0.12915310263633728	0.619870662689209
3548	0.03964170813560486	0.12949317693710327	0.61832195520401
3549	0.04085756093263626	0.1299421638250351	0.6159480810165405
3550	0.03988085314631462	0.1303997039794922	0.6140398979187012
3551	0.04005581885576248	0.13055914640426636	0.613252580165863
3552	0.039508309215307236	0.13081619143486023	0.6128459572792053
3553	0.038629572838544846	0.13069845736026764	0.6134504079818726
3554	0.03888634964823723	0.13038016855716705	0.6146984696388245
3555	0.03972464054822922	0.1300579309463501	0.6156625151634216
3556	0.03995067626237869	0.12945793569087982	0.6164222955703735
3557	0.03986387327313423	0.12905395030975342	0.6168996095657349
3558	0.039113905280828476	0.12891370058059692	0.6165035367012024
3559	0.03987334668636322	0.12889714539051056	0.6160984635353088
3560	0.039304543286561966	0.1290758103132248	0.6156644821166992
3561	0.03960440307855606	0.12934289872646332	0.6147492527961731
3562	0.03951335325837135	0.12970274686813354	0.6137075424194336
3563	0.03857489302754402	0.12976950407028198	0.6131009459495544
3564	0.04012252762913704	0.12981560826301575	0.612653911113739
3565	0.03879476338624954	0.1298404335975647	0.6128222942352295
3566	0.039048366248607635	0.12972311675548553	0.6142622828483582
3567	0.038827892392873764	0.12965555489063263	0.6160322427749634
3568	0.03905797377228737	0.1297987997531891	0.6168676614761353
3569	0.03980516269803047	0.1296899914741516	0.6178753972053528
3570	0.03824639320373535	0.1296144425868988	0.6186699867248535
3571	0.04048992693424225	0.12968866527080536	0.6187328696250916
3572	0.04024204984307289	0.12974679470062256	0.618488609790802
3573	0.0395977608859539	0.12989367544651031	0.617537796497345
3574	0.038627296686172485	0.12997028231620789	0.6164162158966064
3575	0.039302341639995575	0.12995845079421997	0.6155382990837097
3576	0.04023506119847298	0.130252867937088	0.6143040657043457
3577	0.039829932153224945	0.13062162697315216	0.6132281422615051
3578	0.039399296045303345	0.13062936067581177	0.6130056977272034
3579	0.040540892630815506	0.1303625851869583	0.6137895584106445
3580	0.040058743208646774	0.13016453385353088	0.6144625544548035
3581	0.03925969451665878	0.13008184731006622	0.6153638958930969
3582	0.038835059851408005	0.13010437786579132	0.6159988045692444
3583	0.03872820362448692	0.13002081215381622	0.6171770691871643
3584	0.04083596169948578	0.12994979321956635	0.6177728176116943
3585	0.03967256844043732	0.13003244996070862	0.6177414059638977
3586	0.04031885787844658	0.13033317029476166	0.6170098781585693
3587	0.0396072156727314	0.13034804165363312	0.61664879322052
3588	0.039676181972026825	0.13017058372497559	0.6162639260292053
3589	0.03874333202838898	0.13004320859909058	0.6152156591415405
3590	0.038868922740221024	0.12997587025165558	0.6136902570724487
3591	0.039957813918590546	0.13016512989997864	0.6112963557243347
3592	0.03942123055458069	0.13046181201934814	0.608962893486023
3593	0.03942994028329849	0.13041695952415466	0.6081510186195374
3594	0.03963130712509155	0.13023421168327332	0.6083673238754272
3595	0.03990495577454567	0.13013684749603271	0.6092833876609802
3596	0.038878779858350754	0.13017433881759644	0.6104300618171692
3597	0.04034833982586861	0.13044096529483795	0.6113569736480713
3598	0.03908696398139	0.13051268458366394	0.6129321455955505
3599	0.03970498591661453	0.13013388216495514	0.6150555610656738
3600	0.039084579795598984	0.12963685393333435	0.6169447302818298
3601	0.039872799068689346	0.12923072278499603	0.6186791658401489
3602	0.03829248994588852	0.12903133034706116	0.6190255880355835
3603	0.0388936772942543	0.12881702184677124	0.6189298033714294
3604	0.040331512689590454	0.1289629191160202	0.6178925633430481
3605	0.03973071277141571	0.1290501058101654	0.6174219846725464
3606	0.03924371302127838	0.1291961371898651	0.6166909337043762
3607	0.039462849497795105	0.1293211728334427	0.6161260604858398
3608	0.039861563593149185	0.12950074672698975	0.6155892610549927
3609	0.03958788886666298	0.1296388804912567	0.6156617999076843
3610	0.03981717675924301	0.12976954877376556	0.6157978177070618
3611	0.04006705805659294	0.13000436127185822	0.6151347756385803
3612	0.03835029900074005	0.13018561899662018	0.6145018935203552
3613	0.038370173424482346	0.13049152493476868	0.612903892993927
3614	0.03932524845004082	0.13068199157714844	0.6118330955505371
3615	0.03947482630610466	0.1310073882341385	0.6118234395980835
3616	0.04059351980686188	0.1312805861234665	0.6119712591171265
3617	0.039220407605171204	0.13126905262470245	0.6130452752113342
3618	0.039057355374097824	0.13085269927978516	0.6147475838661194
3619	0.039273981004953384	0.13052967190742493	0.6165209412574768
3620	0.03878098726272583	0.13002704083919525	0.618259072303772
3621	0.03942249342799187	0.12960185110569	0.6193795204162598
3622	0.040993958711624146	0.12937697768211365	0.6199102401733398
3623	0.038635097444057465	0.12939263880252838	0.6197056174278259
3624	0.03973357751965523	0.12947803735733032	0.6195793151855469
3625	0.037473201751708984	0.12960146367549896	0.6192701458930969
3626	0.039134565740823746	0.129839226603508	0.6181111335754395
3627	0.0396905280649662	0.13002698123455048	0.6173281669616699
3628	0.03942549601197243	0.1302281618118286	0.6174485087394714
3629	0.03844292089343071	0.13025204837322235	0.6175857186317444
3630	0.038406845182180405	0.13021133840084076	0.6182500720024109
3631	0.03956909850239754	0.1302950084209442	0.6181402802467346
3632	0.03865925222635269	0.1303590089082718	0.6179794669151306
3633	0.04005739092826843	0.13016842305660248	0.6180950999259949
3634	0.04017083719372749	0.12996341288089752	0.6183945536613464
3635	0.038210541009902954	0.1298576295375824	0.6184397339820862
3636	0.03887031972408295	0.12981273233890533	0.6184644103050232
3637	0.04006241261959076	0.12988732755184174	0.6178807020187378
3638	0.039060238748788834	0.13013111054897308	0.616890549659729
3639	0.03971250355243683	0.13043510913848877	0.6158414483070374
3640	0.03784678876399994	0.13053005933761597	0.615054726600647
3641	0.04003259539604187	0.1305171400308609	0.6149970293045044
3642	0.03924640268087387	0.13030710816383362	0.6157025098800659
3643	0.040001679211854935	0.1299905776977539	0.6159448027610779
3644	0.03905969113111496	0.1296718865633011	0.6164876222610474
3645	0.03847680613398552	0.12933239340782166	0.6168416738510132
3646	0.0384814515709877	0.12913301587104797	0.6175166964530945
3647	0.03911571949720383	0.12910673022270203	0.6174939870834351
3648	0.039074502885341644	0.12926679849624634	0.6174977421760559
3649	0.039436087012290955	0.12945787608623505	0.6177667379379272
3650	0.038709189742803574	0.12961018085479736	0.6180510520935059
3651	0.04059016332030296	0.12981879711151123	0.6182965636253357
3652	0.038900282233953476	0.13008001446723938	0.6182523965835571
3653	0.038723476231098175	0.13024049997329712	0.6182979941368103
3654	0.037854719907045364	0.13031862676143646	0.6182607412338257
3655	0.03854973986744881	0.1302814483642578	0.618195116519928
3656	0.039008088409900665	0.13026168942451477	0.6183264851570129
3657	0.03878623619675636	0.13012348115444183	0.6184395551681519
3658	0.038557812571525574	0.1301463097333908	0.6177536845207214
3659	0.038111742585897446	0.1301572024822235	0.6176434755325317
3660	0.038726307451725006	0.13014455139636993	0.6172202825546265
3661	0.03892870992422104	0.13011902570724487	0.6174356341362
3662	0.04066556692123413	0.13013902306556702	0.6179026961326599
3663	0.03936370834708214	0.13010148704051971	0.6180290579795837
3664	0.0385863222181797	0.1301235407590866	0.618537962436676
3665	0.038433149456977844	0.1301390379667282	0.6192408800125122
3666	0.039330050349235535	0.13016757369041443	0.6202318668365479
3667	0.03795350715517998	0.1300579160451889	0.6211647987365723
3668	0.0394570417702198	0.12997634708881378	0.6223142147064209
3669	0.03898872807621956	0.1299808770418167	0.6226826906204224
3670	0.04068034514784813	0.12993711233139038	0.6231150031089783
3671	0.0384933240711689	0.12990349531173706	0.623317539691925
3672	0.038609929382801056	0.12986432015895844	0.6228901743888855
3673	0.03832145780324936	0.12997691333293915	0.6218330264091492
3674	0.040329378098249435	0.13014541566371918	0.6204220652580261
3675	0.039001114666461945	0.13021254539489746	0.6190156936645508
3676	0.03969891741871834	0.13036128878593445	0.6176777482032776
3677	0.03938494250178337	0.13049226999282837	0.6171997785568237
3678	0.03905308246612549	0.13052234053611755	0.6171646118164062
3679	0.040274906903505325	0.130702406167984	0.6167457103729248
3680	0.03883415088057518	0.13085974752902985	0.6164964437484741
3681	0.03959685564041138	0.13122719526290894	0.6159397959709167
3682	0.038638509809970856	0.1318308264017105	0.6143513321876526
3683	0.0363544225692749	0.13226856291294098	0.6130645275115967
3684	0.038459278643131256	0.1323695182800293	0.6126497387886047
3685	0.039457906037569046	0.13226734101772308	0.6127908825874329
3686	0.03910420089960098	0.13192503154277802	0.6132493615150452
3687	0.03825540095567703	0.1317114681005478	0.6137385964393616
3688	0.03937634825706482	0.13142044842243195	0.6142101287841797
3689	0.03877217695116997	0.13092699646949768	0.6155543923377991
3690	0.03913164883852005	0.13056465983390808	0.6163715720176697
3691	0.03911743313074112	0.13040363788604736	0.6167951226234436
3692	0.04021214321255684	0.1300385743379593	0.6175732016563416
3693	0.039037078619003296	0.13014931976795197	0.6174920201301575
3694	0.04005347192287445	0.1302020102739334	0.6176621317863464
3695	0.03802460804581642	0.13051490485668182	0.6170638203620911
3696	0.03809535130858421	0.1307375133037567	0.6165131330490112
3697	0.038933590054512024	0.13068416714668274	0.6172789335250854
3698	0.03817398101091385	0.1304052472114563	0.6184517741203308
3699	0.03889702260494232	0.13012082874774933	0.6195960640907288
3700	0.03940330818295479	0.12970326840877533	0.6210229396820068
3701	0.03929262235760689	0.12928341329097748	0.6221640110015869
3702	0.038387686014175415	0.12903037667274475	0.6229866743087769
3703	0.0405249185860157	0.12855805456638336	0.6242170929908752
3704	0.03812199831008911	0.1283479928970337	0.6256425976753235
3705	0.03766076639294624	0.12881913781166077	0.6256297826766968
3706	0.039826106280088425	0.1296042650938034	0.6246481537818909
3707	0.03925538808107376	0.13055957853794098	0.623594343662262
3708	0.04015300050377846	0.13134467601776123	0.6226668953895569
3709	0.037831924855709076	0.13181987404823303	0.6223340630531311
3710	0.03944660350680351	0.13169732689857483	0.6224834322929382
3711	0.039224300533533096	0.13137300312519073	0.6227832436561584
3712	0.038746777921915054	0.13077375292778015	0.6236054301261902
3713	0.03931626304984093	0.13034377992153168	0.6239431500434875
3714	0.03897510841488838	0.12969034910202026	0.6241757273674011
3715	0.0383111871778965	0.1292218565940857	0.6239560842514038
3716	0.03838443383574486	0.1289692223072052	0.6232248544692993
3717	0.03877062350511551	0.12882764637470245	0.6224892139434814
3718	0.0386192761361599	0.12893329560756683	0.621104896068573
3719	0.03793203458189964	0.12900258600711823	0.6198259592056274
3720	0.03807149454951286	0.12921996414661407	0.6183945536613464
3721	0.039775922894477844	0.12975944578647614	0.6173248887062073
3722	0.03879130259156227	0.1301650106906891	0.616786539554596
3723	0.03890589624643326	0.13025511801242828	0.6168675422668457
3724	0.03877163678407669	0.1302047222852707	0.6176426410675049
3725	0.03930901363492012	0.1301039308309555	0.6181017756462097
3726	0.03951340913772583	0.13026361167430878	0.6178160905838013
3727	0.03935632109642029	0.13027195632457733	0.6181343197822571
3728	0.039764657616615295	0.12984125316143036	0.6199526190757751
3729	0.03907479718327522	0.1293720006942749	0.6211250424385071
3730	0.039165887981653214	0.12872736155986786	0.6223564743995667
3731	0.0389041006565094	0.1282154619693756	0.6233806610107422
3732	0.03943345695734024	0.12801817059516907	0.6241353154182434
3733	0.03886040672659874	0.128017857670784	0.6245779395103455
3734	0.03975103422999382	0.1283612698316574	0.6247721314430237
3735	0.03842644393444061	0.12905117869377136	0.6239070296287537
3736	0.03974214941263199	0.12977033853530884	0.6229377388954163
3737	0.039418794214725494	0.1303686946630478	0.6216650605201721
3738	0.03890298306941986	0.1306363046169281	0.6200709342956543
3739	0.036933813244104385	0.13066822290420532	0.6192800998687744
3740	0.03698614612221718	0.13065320253372192	0.618630051612854
3741	0.03858908265829086	0.13041582703590393	0.6182496547698975
3742	0.03834639489650726	0.1303127110004425	0.6177447438240051
3743	0.03863340616226196	0.1302519142627716	0.618042528629303
3744	0.038202811032533646	0.12998443841934204	0.618995189666748
3745	0.03868610039353371	0.12988492846488953	0.6199061870574951
3746	0.036528028547763824	0.12977443635463715	0.621046245098114
3747	0.0394553579390049	0.12978649139404297	0.6217125058174133
3748	0.03860408812761307	0.12978538870811462	0.6222220659255981
3749	0.03843848779797554	0.1297025978565216	0.6230807304382324
3750	0.037179626524448395	0.12963587045669556	0.6239174008369446
3751	0.03817538172006607	0.12960734963417053	0.6238649487495422
3752	0.039063792675733566	0.12983942031860352	0.6232467293739319
3753	0.03727349638938904	0.13006210327148438	0.6222761273384094
3754	0.038019053637981415	0.1301935315132141	0.6205954551696777
3755	0.03725958243012428	0.13030627369880676	0.618590772151947
3756	0.037362366914749146	0.13066750764846802	0.6160191893577576
3757	0.038092199712991714	0.1308189481496811	0.6149123907089233
3758	0.03967322036623955	0.13104866445064545	0.6144320368766785
3759	0.038931190967559814	0.13140203058719635	0.6141323447227478
3760	0.03871382027864456	0.13163068890571594	0.6139832139015198
3761	0.03857218846678734	0.13143602013587952	0.6152394413948059
3762	0.03930821269750595	0.131395161151886	0.6162160038948059
3763	0.03865731135010719	0.13122795522212982	0.6175703406333923
3764	0.03831671178340912	0.1311652511358261	0.6183498501777649
3765	0.03838734328746796	0.13085822761058807	0.6192766427993774
3766	0.037950299680233	0.13049057126045227	0.6201533675193787
3767	0.038693588227033615	0.13017137348651886	0.6211444735527039
3768	0.03943013399839401	0.12993261218070984	0.6218365430831909
3769	0.03888977691531181	0.1298132687807083	0.6220481395721436
3770	0.03745964914560318	0.12964418530464172	0.6223593950271606
3771	0.03964025527238846	0.12955090403556824	0.6221625208854675
3772	0.03912463039159775	0.12935949862003326	0.6220372319221497
3773	0.0380522757768631	0.1290540248155594	0.6226812601089478
3774	0.03800050914287567	0.12905481457710266	0.6229895353317261
3775	0.037522539496421814	0.1290392130613327	0.6228111982345581
3776	0.03956307843327522	0.12917307019233704	0.6225230097770691
3777	0.040399469435214996	0.1294306367635727	0.6222185492515564
3778	0.03822691738605499	0.12973548471927643	0.6220083236694336
3779	0.03761492297053337	0.130012646317482	0.6219773888587952
3780	0.03740575164556503	0.13029639422893524	0.6220136880874634
3781	0.03739972785115242	0.1303529292345047	0.622541606426239
3782	0.03848470002412796	0.13051512837409973	0.6224848628044128
3783	0.03738886117935181	0.13062679767608643	0.6228211522102356
3784	0.03711007162928581	0.13085439801216125	0.6222600340843201
3785	0.03819102421402931	0.13098566234111786	0.6211931109428406
3786	0.038857556879520416	0.13120289146900177	0.6200048923492432
3787	0.03869243711233139	0.13105358183383942	0.6201657056808472
3788	0.03908726945519447	0.13071417808532715	0.6204081177711487
3789	0.038861241191625595	0.13042093813419342	0.6207171678543091
3790	0.03786633536219597	0.13029612600803375	0.6206037998199463
3791	0.037761591374874115	0.13001196086406708	0.6215679049491882
3792	0.038474928587675095	0.12968851625919342	0.6228083372116089
3793	0.03893798217177391	0.12958893179893494	0.6231357455253601
3794	0.037434786558151245	0.12946249544620514	0.62324458360672
3795	0.038078807294368744	0.12968508899211884	0.6224417686462402
3796	0.0378304049372673	0.1299896240234375	0.621284544467926
3797	0.0399138368666172	0.13046793639659882	0.620211660861969
3798	0.03896968811750412	0.13088414072990417	0.620122492313385
3799	0.038551196455955505	0.13116620481014252	0.6207752227783203
3800	0.037970226258039474	0.1313229501247406	0.6213350296020508
3801	0.03905028477311134	0.13155722618103027	0.6210116744041443
3802	0.038079023361206055	0.13181261718273163	0.6202693581581116
3803	0.039066143333911896	0.13148178160190582	0.6199187636375427
3804	0.038747161626815796	0.13117997348308563	0.6195606589317322
3805	0.037636648863554	0.13106021285057068	0.6194279789924622
3806	0.03828050196170807	0.13089820742607117	0.618916392326355
3807	0.03930315747857094	0.1309330016374588	0.6180322766304016
3808	0.03864941745996475	0.13109703361988068	0.6169002056121826
3809	0.038123130798339844	0.1314072161912918	0.616183876991272
3810	0.03737032413482666	0.13195078074932098	0.6151866912841797
3811	0.03849071264266968	0.1321556568145752	0.6147661209106445
3812	0.038078054785728455	0.13237859308719635	0.6140983700752258
3813	0.038781482726335526	0.13213182985782623	0.6140264272689819
3814	0.03889315947890282	0.13169696927070618	0.6140819191932678
3815	0.03807009756565094	0.1310836523771286	0.6148925423622131
3816	0.03879417106509209	0.1306072324514389	0.6156975626945496
3817	0.037634458392858505	0.1303527057170868	0.6161481738090515
3818	0.03945518657565117	0.13027384877204895	0.6169313788414001
3819	0.03912597894668579	0.1305772364139557	0.6164331436157227
3820	0.03923368826508522	0.13095185160636902	0.6154525876045227
3821	0.03675181791186333	0.13148675858974457	0.6141958236694336
3822	0.03880270570516586	0.131835475564003	0.613639771938324
3823	0.038870248943567276	0.1320178210735321	0.6128636002540588
3824	0.03758076950907707	0.13203071057796478	0.612277090549469
3825	0.037562884390354156	0.13207514584064484	0.6118195652961731
3826	0.03821325674653053	0.132244274020195	0.6115972995758057
3827	0.03825031593441963	0.13244034349918365	0.6113872528076172
3828	0.037444934248924255	0.13251158595085144	0.6111566424369812
3829	0.03763124346733093	0.13254575431346893	0.6107422709465027
3830	0.037142038345336914	0.13251709938049316	0.6106428503990173
3831	0.038249388337135315	0.13254131376743317	0.6104918122291565
3832	0.039046965539455414	0.1324833333492279	0.6108197569847107
3833	0.037254463881254196	0.13227961957454681	0.6119543313980103
3834	0.03822021931409836	0.13218526542186737	0.6131167411804199
3835	0.0372643917798996	0.13185688853263855	0.6149289608001709
3836	0.038934748619794846	0.13171498477458954	0.6164167523384094
3837	0.03823263198137283	0.13158179819583893	0.6175167560577393
3838	0.03866516426205635	0.13155008852481842	0.61870938539505
3839	0.0384063757956028	0.13181518018245697	0.6188293099403381
3840	0.037729062139987946	0.132246732711792	0.6181257367134094
3841	0.03757723793387413	0.13242411613464355	0.6180673837661743
3842	0.03852822259068489	0.1325264424085617	0.6174092292785645
3843	0.03897496685385704	0.1325191706418991	0.6163679957389832
3844	0.03876045346260071	0.1325196772813797	0.6153873801231384
3845	0.038387153297662735	0.13246692717075348	0.6149708032608032
3846	0.038532912731170654	0.13236460089683533	0.6149701476097107
3847	0.03740459680557251	0.13253255188465118	0.6143202185630798
3848	0.04015187546610832	0.1327284425497055	0.6140685081481934
3849	0.03758407011628151	0.13292419910430908	0.6141841411590576
3850	0.03820932283997536	0.1329783797264099	0.6145974397659302
3851	0.037919897586107254	0.1328428089618683	0.6153286695480347
3852	0.038054052740335464	0.13248595595359802	0.6161924004554749
3853	0.038387481123209	0.13238978385925293	0.6163457632064819
3854	0.038670144975185394	0.13215388357639313	0.6163952946662903
3855	0.038104280829429626	0.13188320398330688	0.6163636445999146
3856	0.037928417325019836	0.13154439628124237	0.6161245107650757
3857	0.03983072191476822	0.13136906921863556	0.6161084175109863
3858	0.03616068512201309	0.1312614530324936	0.6163844466209412
3859	0.0374244786798954	0.13130098581314087	0.6168296933174133
3860	0.03846185654401779	0.13151872158050537	0.6159672737121582
3861	0.037740737199783325	0.13167475163936615	0.6159806251525879
3862	0.039223555475473404	0.13193728029727936	0.6159607172012329
3863	0.03941452130675316	0.13250644505023956	0.6146540641784668
3864	0.03843255341053009	0.13289178907871246	0.613615870475769
3865	0.039215411990880966	0.13314659893512726	0.6123239994049072
3866	0.03733449429273605	0.133165642619133	0.6119535565376282
3867	0.039174020290374756	0.13301913440227509	0.6118157505989075
3868	0.03657396137714386	0.1329164206981659	0.6112273335456848
3869	0.03691887855529785	0.13267052173614502	0.6113670468330383
3870	0.03783660754561424	0.1325228363275528	0.6114858984947205
3871	0.038150254637002945	0.13245238363742828	0.6118729114532471
3872	0.03852428123354912	0.13252007961273193	0.6118059754371643
3873	0.038967326283454895	0.13267289102077484	0.6116285920143127
3874	0.038007952272892	0.13291522860527039	0.6112775206565857
3875	0.03851507604122162	0.1325460523366928	0.6128196716308594
3876	0.03805586323142052	0.13244947791099548	0.6129888296127319
3877	0.03730050101876259	0.13233332335948944	0.6133735775947571
3878	0.037945348769426346	0.13216455280780792	0.6142781376838684
3879	0.038466356694698334	0.13195590674877167	0.6158232092857361
3880	0.039128243923187256	0.13189341127872467	0.617020845413208
3881	0.03766694292426109	0.13159634172916412	0.6185902953147888
3882	0.03903694823384285	0.13147571682929993	0.6192395687103271
3883	0.03783786669373512	0.1312090903520584	0.6195235848426819
3884	0.03880833834409714	0.13109970092773438	0.6194108128547668
3885	0.03872091695666313	0.13097678124904633	0.6193488836288452
3886	0.03712256997823715	0.13107894361019135	0.6184558272361755
3887	0.03808285668492317	0.13129901885986328	0.6178365349769592
3888	0.0371217280626297	0.13148781657218933	0.616449236869812
3889	0.038038261234760284	0.13201725482940674	0.6147911548614502
3890	0.03807666525244713	0.13239838182926178	0.6140583753585815
3891	0.03917188197374344	0.13286399841308594	0.6130909323692322
3892	0.03825052082538605	0.13316167891025543	0.6123584508895874
3893	0.03746030852198601	0.1331164687871933	0.6122925281524658
3894	0.038073305040597916	0.13286054134368896	0.613037109375
3895	0.03893328085541725	0.13270753622055054	0.6129324436187744
3896	0.03955518454313278	0.13251587748527527	0.6135238409042358
3897	0.038037966936826706	0.13244372606277466	0.6137771010398865
3898	0.03793340176343918	0.1322174370288849	0.614884614944458
3899	0.03762679919600487	0.13203555345535278	0.6159416437149048
3900	0.03738286718726158	0.1320994794368744	0.6162435412406921
3901	0.038524989038705826	0.1321861743927002	0.6165245771408081
3902	0.03820592910051346	0.1321488320827484	0.6165551543235779
3903	0.038400959223508835	0.13212178647518158	0.6164611577987671
3904	0.03726319596171379	0.13216926157474518	0.6165034770965576
3905	0.03921021521091461	0.13207580149173737	0.6162145137786865
3906	0.03700408339500427	0.1319390833377838	0.6158156394958496
3907	0.03740304335951805	0.13157451152801514	0.6158290505409241
3908	0.03829845413565636	0.1310635805130005	0.6172831058502197
3909	0.03778060898184776	0.13044293224811554	0.6191396713256836
3910	0.0373760461807251	0.13008615374565125	0.6206943988800049
3911	0.040077950805425644	0.12999391555786133	0.621892511844635
3912	0.037728194147348404	0.1300150603055954	0.6226326823234558
3913	0.03965822979807854	0.130337655544281	0.6222338676452637
3914	0.03806649148464203	0.13078854978084564	0.6215486526489258
3915	0.03838901221752167	0.13135449588298798	0.620003879070282
3916	0.03858063742518425	0.13167120516300201	0.6185709238052368
3917	0.036673661321401596	0.13195542991161346	0.6167998313903809
3918	0.03801954910159111	0.13200125098228455	0.6149828433990479
3919	0.03864080831408501	0.1318308562040329	0.614007294178009
3920	0.03780519217252731	0.13176678121089935	0.6135354042053223
3921	0.038396380841732025	0.13178157806396484	0.6135333776473999
3922	0.03738110139966011	0.13179893791675568	0.6143151521682739
3923	0.037544120103120804	0.1319577991962433	0.614858865737915
3924	0.03823346272110939	0.1322656124830246	0.6146495938301086
3925	0.03760546073317528	0.1323026716709137	0.6151596307754517
3926	0.03840835392475128	0.13224449753761292	0.6164498329162598
3927	0.038434769958257675	0.13253182172775269	0.6165070533752441
3928	0.0376569963991642	0.13280099630355835	0.6165461540222168
3929	0.03745132312178612	0.13299785554409027	0.6159185171127319
3930	0.03846051171422005	0.13320983946323395	0.6147850751876831
3931	0.03819514438509941	0.1332966387271881	0.613728404045105
3932	0.03701001778244972	0.13309073448181152	0.6130723357200623
3933	0.03902799263596535	0.1327357441186905	0.612804114818573
3934	0.038124289363622665	0.13226374983787537	0.6132392287254333
3935	0.03789566084742546	0.1320578008890152	0.6134357452392578
3936	0.03683837130665779	0.13211913406848907	0.6134467124938965
3937	0.038350507616996765	0.13224783539772034	0.6135810017585754
3938	0.038509923964738846	0.13258768618106842	0.6136415600776672
3939	0.037728201597929	0.13303063809871674	0.6136669516563416
3940	0.03822910040616989	0.1331818848848343	0.613832950592041
3941	0.037789978086948395	0.1335153579711914	0.612922728061676
3942	0.038267314434051514	0.1332525610923767	0.6134103536605835
3943	0.03697195649147034	0.1327400505542755	0.6140215396881104
3944	0.03846845403313637	0.132358118891716	0.6138745546340942
3945	0.03745041787624359	0.1319851577281952	0.6138180494308472
3946	0.037156105041503906	0.13167986273765564	0.6134415864944458
3947	0.038182515650987625	0.13143032789230347	0.6132542490959167
3948	0.037931039929389954	0.13130661845207214	0.6135369539260864
3949	0.03832251951098442	0.1314631551504135	0.6134532690048218
3950	0.03858540579676628	0.131651371717453	0.6142396926879883
3951	0.03847155347466469	0.13210059702396393	0.6148434281349182
3952	0.03836892917752266	0.13221009075641632	0.6159965991973877
3953	0.03828951716423035	0.1322973072528839	0.6165509819984436
3954	0.038572631776332855	0.13232797384262085	0.6170493960380554
3955	0.03876451775431633	0.13239100575447083	0.6171929836273193
3956	0.03713373839855194	0.13241900503635406	0.6176086068153381
3957	0.03834611549973488	0.13227593898773193	0.6183807253837585
3958	0.0378999337553978	0.13245244324207306	0.6178687810897827
3959	0.036862798035144806	0.1324678212404251	0.6172852516174316
3960	0.03935197740793228	0.132610023021698	0.6164780259132385
3961	0.03688564896583557	0.13259829580783844	0.6160557270050049
3962	0.03739168122410774	0.13269759714603424	0.6142682433128357
3963	0.03748396039009094	0.13239429891109467	0.6142452359199524
3964	0.038146328181028366	0.13199575245380402	0.6148058176040649
3965	0.037140097469091415	0.13194049894809723	0.6142805814743042
3966	0.03808978572487831	0.1321299970149994	0.6128714680671692
3967	0.037687335163354874	0.13236793875694275	0.6118506193161011
3968	0.03974587842822075	0.13254134356975555	0.610649585723877
3969	0.03785300999879837	0.13254347443580627	0.6101781129837036
3970	0.03848036751151085	0.13244180381298065	0.6096890568733215
3971	0.03877486661076546	0.1323833018541336	0.60887610912323
3972	0.03841574117541313	0.13238728046417236	0.6082198619842529
3973	0.038914475589990616	0.1326119303703308	0.6076892614364624
3974	0.0371454618871212	0.13291962444782257	0.6070459485054016
3975	0.037674084305763245	0.13341452181339264	0.6065375208854675
3976	0.03806478530168533	0.1337965428829193	0.6063331365585327
3977	0.03839956969022751	0.13413704931735992	0.6061601042747498
3978	0.038234248757362366	0.1343795359134674	0.6057509183883667
3979	0.03884094953536987	0.1345699578523636	0.6052015423774719
3980	0.03628062456846237	0.1345624476671219	0.6045718193054199
3981	0.03783358633518219	0.13433103263378143	0.6045714616775513
3982	0.0379803292453289	0.13385917246341705	0.6054555177688599
3983	0.036971475929021835	0.13354326784610748	0.6064144372940063
3984	0.03707445412874222	0.13338768482208252	0.6070669293403625
3985	0.03639567643404007	0.13319191336631775	0.6079808473587036
3986	0.03807973861694336	0.1331229954957962	0.6080108284950256
3987	0.037962108850479126	0.133078932762146	0.6076803207397461
3988	0.03903098404407501	0.13315755128860474	0.6069719791412354
3989	0.03701760619878769	0.13339270651340485	0.6062598824501038
3990	0.03819580748677254	0.1336272805929184	0.6056124567985535
3991	0.03771721571683884	0.13376814126968384	0.6053653955459595
3992	0.03727014735341072	0.1337251216173172	0.605468213558197
3993	0.03822335600852966	0.13324639201164246	0.6063508987426758
3994	0.03691510483622551	0.1327129453420639	0.6082311868667603
3995	0.037850212305784225	0.13235877454280853	0.6099488139152527
3996	0.03785338252782822	0.1321277618408203	0.6115138530731201
3997	0.037494488060474396	0.13218332827091217	0.6122555136680603
3998	0.036774974316358566	0.13243931531906128	0.6124442219734192
3999	0.03757936879992485	0.1326284557580948	0.6123162508010864
4000	0.036218106746673584	0.1328551024198532	0.6116681694984436
4001	0.037468794733285904	0.1331881284713745	0.6115390062332153
4002	0.03759901598095894	0.13333827257156372	0.611494243144989
4003	0.037741705775260925	0.1336737871170044	0.611156165599823
4004	0.03747468814253807	0.13370800018310547	0.6111777424812317
4005	0.03763552010059357	0.13382050395011902	0.6113425493240356
4006	0.03680652752518654	0.13368748128414154	0.6114509701728821
4007	0.03859413415193558	0.13358300924301147	0.6117019653320312
4008	0.036698952317237854	0.13362327218055725	0.6115209460258484
4009	0.03541991487145424	0.1336127519607544	0.6118049621582031
4010	0.03787858784198761	0.13371135294437408	0.6116774082183838
4011	0.038210831582546234	0.13357195258140564	0.6113736629486084
4012	0.03784194961190224	0.1335018277168274	0.6108514666557312
4013	0.03869884833693504	0.13332022726535797	0.6104109883308411
4014	0.03806950896978378	0.13306979835033417	0.6100212335586548
4015	0.03863892704248428	0.13296566903591156	0.6093199253082275
4016	0.03810768574476242	0.13290999829769135	0.6087378263473511
4017	0.03839803487062454	0.13298068940639496	0.6083461046218872
4018	0.03810365870594978	0.13309481739997864	0.6083565950393677
4019	0.038691844791173935	0.13353964686393738	0.6075678467750549
4020	0.03785878047347069	0.13414816558361053	0.6058502197265625
4021	0.037605129182338715	0.13456054031848907	0.6045590043067932
4022	0.03599845990538597	0.13488854467868805	0.603283166885376
4023	0.03779108077287674	0.13497717678546906	0.6023761630058289
4024	0.03808470442891121	0.13513177633285522	0.6010778546333313
4025	0.03778085112571716	0.13501253724098206	0.6014872789382935
4026	0.037908703088760376	0.1347515881061554	0.6028965711593628
4027	0.038633812218904495	0.13426142930984497	0.6054855585098267
4028	0.03662754222750664	0.1336883008480072	0.6085012555122375
4029	0.0382973849773407	0.13308602571487427	0.6112048029899597
4030	0.03840987756848335	0.1326184719800949	0.6135995984077454
4031	0.035919539630413055	0.13233867287635803	0.6157056093215942
4032	0.036391373723745346	0.1323247104883194	0.6165288686752319
4033	0.03693994879722595	0.13247697055339813	0.6165419816970825
4034	0.036823056638240814	0.13275550305843353	0.6161563396453857
4035	0.038868412375450134	0.13296981155872345	0.6163442730903625
4036	0.03664311766624451	0.1331254094839096	0.6165115237236023
4037	0.037989914417266846	0.13282594084739685	0.6177347898483276
4038	0.03610369935631752	0.1326749175786972	0.618454098701477
4039	0.03714822232723236	0.1325402706861496	0.6195319294929504
4040	0.03699837625026703	0.13246145844459534	0.6211280226707458
4041	0.03753656893968582	0.13245946168899536	0.6220107078552246
4042	0.03862335905432701	0.13225795328617096	0.6221616864204407
4043	0.0364159531891346	0.13208642601966858	0.6215446591377258
4044	0.03703347221016884	0.13194496929645538	0.6199167370796204
4045	0.03877677023410797	0.1320336014032364	0.617985725402832
4046	0.037426747381687164	0.1321115791797638	0.6162435412406921
4047	0.03726703301072121	0.13250917196273804	0.614091157913208
4048	0.036541033536195755	0.1328127235174179	0.6120684742927551
4049	0.0383831150829792	0.13305369019508362	0.6103609204292297
4050	0.03718772903084755	0.13330642879009247	0.6094134449958801
4051	0.037496618926525116	0.13348989188671112	0.609574019908905
4052	0.03720961883664131	0.13350437581539154	0.6097256541252136
4053	0.037338413298130035	0.13348379731178284	0.6099904179573059
4054	0.03845393285155296	0.13326749205589294	0.6108461022377014
4055	0.03726492449641228	0.1329765021800995	0.6115384697914124
4056	0.03835836425423622	0.13276685774326324	0.6118540167808533
4057	0.036110490560531616	0.13265188038349152	0.6121601462364197
4058	0.036281686276197433	0.132717102766037	0.6125885248184204
4059	0.037179481238126755	0.13292066752910614	0.6127572059631348
4060	0.0367870070040226	0.13315792381763458	0.6130277514457703
4061	0.037346258759498596	0.1334729641675949	0.6128180027008057
4062	0.037288371473550797	0.13364392518997192	0.6128791570663452
4063	0.03650280460715294	0.1337285339832306	0.613071858882904
4064	0.03703020140528679	0.1333373486995697	0.6142963767051697
4065	0.03744630515575409	0.1330326348543167	0.6149840950965881
4066	0.037239108234643936	0.13289031386375427	0.6157251596450806
4067	0.03739923983812332	0.13281521201133728	0.6159849762916565
4068	0.03728427365422249	0.13292084634304047	0.6166489720344543
4069	0.03628167137503624	0.13296659290790558	0.6177070736885071
4070	0.03813176974654198	0.13286370038986206	0.6187520623207092
4071	0.037287235260009766	0.1326018124818802	0.6193033456802368
4072	0.03682072088122368	0.13233618438243866	0.6198474764823914
4073	0.03778426721692085	0.13216300308704376	0.6197519302368164
4074	0.0369252935051918	0.1322222650051117	0.6185852289199829
4075	0.036423854529857635	0.13226869702339172	0.6173766851425171
4076	0.03854585438966751	0.1323341429233551	0.6166064143180847
4077	0.03539911285042763	0.13260209560394287	0.6159371137619019
4078	0.03805585205554962	0.13315753638744354	0.615205705165863
4079	0.03741363435983658	0.13365429639816284	0.6146124601364136
4080	0.03802618384361267	0.13403505086898804	0.6137540340423584
4081	0.0371834821999073	0.13413704931735992	0.6131106019020081
4082	0.037225037813186646	0.13389892876148224	0.6134400367736816
4083	0.03764299303293228	0.13357529044151306	0.6136900782585144
4084	0.03724672272801399	0.13317595422267914	0.6135221123695374
4085	0.03843512758612633	0.13269774615764618	0.6140213012695312
4086	0.03694327175617218	0.13208259642124176	0.6153348684310913
4087	0.03770889714360237	0.13173961639404297	0.616614818572998
4088	0.03721294924616814	0.13154195249080658	0.6171450614929199
4089	0.03732408955693245	0.13158592581748962	0.6168485283851624
4090	0.037453338503837585	0.13210289180278778	0.6160247921943665
4091	0.03699237480759621	0.13272352516651154	0.6151031851768494
4092	0.037757329642772675	0.13328327238559723	0.6141505241394043
4093	0.03566217049956322	0.1337706744670868	0.6137664914131165
4094	0.03783399984240532	0.13399820029735565	0.6138749718666077
4095	0.03560122847557068	0.13407517969608307	0.614109456539154
4096	0.0376405231654644	0.13386297225952148	0.6146368384361267
4097	0.03648458048701286	0.13345977663993835	0.6150755286216736
4098	0.03616467863321304	0.133109912276268	0.61562579870224
4099	0.03586585447192192	0.1330140382051468	0.6156121492385864
4100	0.03593592718243599	0.13311617076396942	0.6153275966644287
4101	0.036295291036367416	0.13345715403556824	0.6144228577613831
4102	0.03862076252698898	0.133675679564476	0.6136772036552429
4103	0.03633566573262215	0.1335478574037552	0.6139935851097107
4104	0.036735642701387405	0.1336442083120346	0.6138978600502014
4105	0.03733546659350395	0.1337352842092514	0.6135586500167847
4106	0.038189154118299484	0.13338707387447357	0.6141104698181152
4107	0.03640369325876236	0.13311879336833954	0.6142396330833435
4108	0.037082187831401825	0.13288769125938416	0.6143572330474854
4109	0.03614009916782379	0.13268421590328217	0.6145085692405701
4110	0.037192653864622116	0.13237018883228302	0.6154744625091553
4111	0.038108039647340775	0.13209417462348938	0.6166932582855225
4112	0.03719358146190643	0.13190458714962006	0.6181292533874512
4113	0.03801490366458893	0.13181693851947784	0.6197460293769836
4114	0.037400033324956894	0.13184987008571625	0.6213923096656799
4115	0.03635743260383606	0.13199177384376526	0.6222184896469116
4116	0.03658292815089226	0.13236144185066223	0.622327446937561
4117	0.035807784646749496	0.13276949524879456	0.6222114562988281
4118	0.03640119358897209	0.13356083631515503	0.620840847492218
4119	0.036896493285894394	0.13437257707118988	0.6193209290504456
4120	0.03632998466491699	0.13435284793376923	0.618046224117279
4121	0.03805222734808922	0.13410666584968567	0.6173302531242371
4122	0.03769536316394806	0.13390465080738068	0.6161292195320129
4123	0.036585502326488495	0.13373923301696777	0.6145942211151123
4124	0.03690945729613304	0.133457750082016	0.6135154366493225
4125	0.036667320877313614	0.13336999714374542	0.6126810908317566
4126	0.0365913063287735	0.13347434997558594	0.6122552752494812
4127	0.0373007208108902	0.13364678621292114	0.611506462097168
4128	0.03717712312936783	0.13396809995174408	0.6105610132217407
4129	0.03791129216551781	0.13427026569843292	0.6094032526016235
4130	0.03664466366171837	0.13480180501937866	0.608097493648529
4131	0.03825702518224716	0.13511823117733002	0.6075946688652039
4132	0.037139035761356354	0.1356155425310135	0.6074556112289429
4133	0.03746675327420235	0.1354690045118332	0.6085541248321533
4134	0.036448609083890915	0.13486908376216888	0.6104093790054321
4135	0.0370047390460968	0.13410964608192444	0.6123021841049194
4136	0.037433166056871414	0.1335487812757492	0.6139763593673706
4137	0.037738144397735596	0.13318660855293274	0.6150262951850891
4138	0.03687750920653343	0.13288861513137817	0.6159966588020325
4139	0.037673015147447586	0.13281066715717316	0.6156900525093079
4140	0.03673648461699486	0.13286443054676056	0.6149264574050903
4141	0.03768739476799965	0.13309742510318756	0.6142430901527405
4142	0.03695394843816757	0.13359276950359344	0.6139277815818787
4143	0.03571480140089989	0.1343483179807663	0.6132038235664368
4144	0.03512236475944519	0.13509789109230042	0.6124021410942078
4145	0.03631400316953659	0.1354851871728897	0.6116493344306946
4146	0.037513405084609985	0.1355055272579193	0.6115163564682007
4147	0.03579021245241165	0.135412335395813	0.6115204095840454
4148	0.03839163854718208	0.13481785356998444	0.612416684627533
4149	0.03808149695396423	0.13423298299312592	0.6126922369003296
4150	0.03789695352315903	0.13370943069458008	0.6132647395133972
4151	0.03750445321202278	0.13345149159431458	0.6132213473320007
4152	0.036119814962148666	0.13323974609375	0.6133900284767151
4153	0.036980122327804565	0.13325563073158264	0.613090455532074
4154	0.03637024760246277	0.1332872360944748	0.6131909489631653
4155	0.0363619439303875	0.13339754939079285	0.6133139133453369
4156	0.03717539459466934	0.13357475399971008	0.6134326457977295
4157	0.03717804327607155	0.13375447690486908	0.6140326857566833
4158	0.03760628402233124	0.13384173810482025	0.6153051257133484
4159	0.036410506814718246	0.13352321088314056	0.6170201301574707
4160	0.03798552230000496	0.13290473818778992	0.6190955638885498
4161	0.03673410415649414	0.13220788538455963	0.6211380362510681
4162	0.037468407303094864	0.1316928267478943	0.6225451231002808
4163	0.03714616224169731	0.131467804312706	0.6236674785614014
4164	0.036966390907764435	0.1313433200120926	0.6239904165267944
4165	0.03609232231974602	0.13133490085601807	0.6236662864685059
4166	0.0378589853644371	0.13161063194274902	0.6227337718009949
4167	0.036114953458309174	0.13197457790374756	0.6216922402381897
4168	0.037330981343984604	0.13249631226062775	0.6203795075416565
4169	0.03685817867517471	0.1330767720937729	0.6191168427467346
4170	0.03725491091609001	0.13340456783771515	0.6183076500892639
4171	0.03749537840485573	0.1339452862739563	0.6171687841415405
4172	0.036557067185640335	0.13417312502861023	0.6164305210113525
4173	0.03697894513607025	0.1342317759990692	0.6156894564628601
4174	0.03770274296402931	0.13382181525230408	0.6161468625068665
4175	0.03727634623646736	0.1334283947944641	0.6170859932899475
4176	0.03677060082554817	0.1330796778202057	0.6174464821815491
4177	0.03706413507461548	0.1329677253961563	0.6178373098373413
4178	0.03558969125151634	0.1329307109117508	0.6180580854415894
4179	0.03734319657087326	0.1326131969690323	0.6191502213478088
4180	0.03677897900342941	0.13234750926494598	0.6198033094406128
4181	0.0366639718413353	0.13220326602458954	0.6204981803894043
4182	0.03666665032505989	0.13242429494857788	0.6208996176719666
4183	0.03696981444954872	0.13257622718811035	0.6213477253913879
4184	0.03695058450102806	0.13265585899353027	0.6218920946121216
4185	0.03594917058944702	0.13281232118606567	0.621863603591919
4186	0.036118343472480774	0.13297216594219208	0.6214092373847961
4187	0.035049960017204285	0.13295288383960724	0.6215083003044128
4188	0.037433188408613205	0.1329437494277954	0.6215872168540955
4189	0.03536665067076683	0.1329261213541031	0.6211355328559875
4190	0.03645935654640198	0.13304510712623596	0.6207802295684814
4191	0.03728938475251198	0.13319061696529388	0.6194894909858704
4192	0.03636518865823746	0.13336437940597534	0.6184988021850586
4193	0.03672059625387192	0.1333971470594406	0.6177818179130554
4194	0.03629709780216217	0.13341423869132996	0.6173396706581116
4195	0.035741448402404785	0.13352040946483612	0.6167677044868469
4196	0.037447668612003326	0.13364277780056	0.616080641746521
4197	0.036690205335617065	0.13404299318790436	0.6154167056083679
4198	0.03751847520470619	0.13451530039310455	0.6146762371063232
4199	0.03766268119215965	0.13481022417545319	0.6141802668571472
4200	0.03724028915166855	0.13464874029159546	0.6148554682731628
4201	0.036923252046108246	0.13465872406959534	0.6148781776428223
4202	0.03605029359459877	0.1344451755285263	0.6158153414726257
4203	0.036807652562856674	0.13418975472450256	0.616471529006958
4204	0.037538956850767136	0.13379783928394318	0.6168075799942017
4205	0.036469027400016785	0.1334822028875351	0.6170073747634888
4206	0.036697179079055786	0.13346630334854126	0.6165728569030762
4207	0.03641446679830551	0.13341498374938965	0.6164454817771912
4208	0.03650025278329849	0.13334015011787415	0.6165832281112671
4209	0.03809046745300293	0.1332894265651703	0.616563618183136
4210	0.03690629079937935	0.13313345611095428	0.6165415644645691
4211	0.03760449215769768	0.13292157649993896	0.6165732741355896
4212	0.03758188709616661	0.13285592198371887	0.6164523959159851
4213	0.03484702110290527	0.1329146921634674	0.6164819598197937
4214	0.036120690405368805	0.13304293155670166	0.6161474585533142
4215	0.037039242684841156	0.13310232758522034	0.6161512136459351
4216	0.035619236528873444	0.1332317739725113	0.6157556772232056
4217	0.035720307379961014	0.1332775354385376	0.6159453392028809
4218	0.03650533780455589	0.13334240019321442	0.6157959699630737
4219	0.03740737959742546	0.1334647834300995	0.6155955195426941
4220	0.03601457551121712	0.13347427546977997	0.6153132319450378
4221	0.03683668375015259	0.13330323994159698	0.6150939464569092
4222	0.03580339625477791	0.13302519917488098	0.6153044700622559
4223	0.035650528967380524	0.13289736211299896	0.6160227656364441
4224	0.036375414580106735	0.132736936211586	0.6174460053443909
4225	0.03700743243098259	0.13280759751796722	0.6182603240013123
4226	0.03622624650597572	0.13297714293003082	0.6191341876983643
4227	0.038119152188301086	0.13330033421516418	0.6195929050445557
4228	0.0375688411295414	0.1333196461200714	0.6195389628410339
4229	0.03756755217909813	0.1332334727048874	0.6194493174552917
4230	0.03600826859474182	0.13309811055660248	0.6189097762107849
4231	0.03686052933335304	0.13299541175365448	0.6182183623313904
4232	0.034277692437171936	0.13283084332942963	0.6174898147583008
4233	0.037659164518117905	0.1326380968093872	0.6163430213928223
4234	0.035795778036117554	0.13258479535579681	0.6153693199157715
4235	0.03741214796900749	0.13266800343990326	0.6150484085083008
4236	0.036995742470026016	0.1327330768108368	0.6153611540794373
4237	0.037156231701374054	0.13297875225543976	0.6155092716217041
4238	0.03661716729402542	0.1330028921365738	0.6157286167144775
4239	0.03609597682952881	0.13313114643096924	0.615222156047821
4240	0.03659605234861374	0.13328303396701813	0.6147013306617737
4241	0.037014707922935486	0.13352634012699127	0.6135558485984802
4242	0.035945791751146317	0.13380715250968933	0.6122128963470459
4243	0.036568041890859604	0.13402511179447174	0.61119544506073
4244	0.035975728183984756	0.13397499918937683	0.610568642616272
4245	0.03652147948741913	0.13355448842048645	0.6114395260810852
4246	0.03529598191380501	0.1332225203514099	0.612281322479248
4247	0.037000060081481934	0.13289304077625275	0.6131962537765503
4248	0.036962710320949554	0.13277190923690796	0.6132643222808838
4249	0.036922063678503036	0.13284264504909515	0.613431990146637
4250	0.0369010828435421	0.13292701542377472	0.6134384274482727
4251	0.0358237698674202	0.13308082520961761	0.6134142279624939
4252	0.03695667162537575	0.13314129412174225	0.6137137413024902
4253	0.038298022001981735	0.13321498036384583	0.6139518618583679
4254	0.03778563439846039	0.13299284875392914	0.6156359910964966
4255	0.03706387057900429	0.132880300283432	0.6170409917831421
4256	0.03589727729558945	0.1328926980495453	0.6183229684829712
4257	0.03650444373488426	0.13282668590545654	0.6198851466178894
4258	0.03648250550031662	0.13278307020664215	0.6209632754325867
4259	0.037767428904771805	0.13287067413330078	0.6217853426933289
4260	0.03674725815653801	0.1329474002122879	0.6215471029281616
4261	0.03709927573800087	0.1328507363796234	0.6210877895355225
4262	0.035915717482566833	0.13262251019477844	0.620785653591156
4263	0.0361640602350235	0.1326410323381424	0.6205517053604126
4264	0.036685388535261154	0.13247136771678925	0.6204902529716492
4265	0.03837541118264198	0.13227909803390503	0.6210525631904602
4266	0.03600794076919556	0.1321759819984436	0.621856689453125
4267	0.0368732325732708	0.13202370703220367	0.6228554844856262
4268	0.03794795647263527	0.1321350783109665	0.6231226325035095
4269	0.03553640469908714	0.13224773108959198	0.6236572265625
4270	0.036842234432697296	0.13218848407268524	0.6246501803398132
4271	0.036264579743146896	0.1321980357170105	0.6247448325157166
4272	0.03815453499555588	0.13250252604484558	0.6241743564605713
4273	0.037367187440395355	0.13264977931976318	0.6232300996780396
4274	0.03648807108402252	0.13274218142032623	0.6216797828674316
4275	0.036887675523757935	0.13310383260250092	0.6192144155502319
4276	0.03827011212706566	0.1335180103778839	0.6174210906028748
4277	0.03561468794941902	0.13373027741909027	0.6167042255401611
4278	0.036746058613061905	0.13391178846359253	0.6166471242904663
4279	0.03569018840789795	0.13419517874717712	0.616311252117157
4280	0.034455426037311554	0.13452062010765076	0.616088330745697
4281	0.03761071711778641	0.1346013844013214	0.6160252690315247
4282	0.03556513041257858	0.13443531095981598	0.615662157535553
4283	0.03805914893746376	0.13388845324516296	0.6160811185836792
4284	0.03716905787587166	0.13332659006118774	0.617393434047699
4285	0.03593676537275314	0.13277970254421234	0.6191375851631165
4286	0.03567912429571152	0.1325082778930664	0.6205693483352661
4287	0.03592400997877121	0.13248790800571442	0.6209081411361694
4288	0.036844898015260696	0.13263767957687378	0.6205223202705383
4289	0.03719775006175041	0.13294841349124908	0.6201297044754028
4290	0.03756842762231827	0.1334611475467682	0.6190704107284546
4291	0.03613037243485451	0.13399888575077057	0.6182812452316284
4292	0.03591619431972504	0.13448819518089294	0.6165099143981934
4293	0.03665321692824364	0.13491018116474152	0.6144027709960938
4294	0.03682887181639671	0.13523973524570465	0.6128158569335938
4295	0.03643248602747917	0.13515962660312653	0.6116315126419067
4296	0.036369889974594116	0.13471707701683044	0.6117159724235535
4297	0.035676199942827225	0.13411305844783783	0.612317681312561
4298	0.03773586079478264	0.13370345532894135	0.612808108329773
4299	0.03640124946832657	0.13342180848121643	0.6133702397346497
4300	0.03536462411284447	0.13335444033145905	0.6135480403900146
4301	0.03526442497968674	0.133480504155159	0.6132379770278931
4302	0.03650887683033943	0.13387402892112732	0.6126869916915894
4303	0.03600141778588295	0.13418206572532654	0.6129240989685059
4304	0.03567199781537056	0.13487274944782257	0.6127702593803406
4305	0.0373014435172081	0.13567455112934113	0.6113059520721436
4306	0.03726750612258911	0.1360085904598236	0.6105232238769531
4307	0.03745381161570549	0.13599081337451935	0.6109797954559326
4308	0.035760946571826935	0.1354857236146927	0.6124962568283081
4309	0.03726824373006821	0.1345466524362564	0.6141813397407532
4310	0.03702034428715706	0.133749857544899	0.6155543327331543
4311	0.036166563630104065	0.1332482397556305	0.616830587387085
4312	0.03640490025281906	0.13291703164577484	0.6177286505699158
4313	0.03675854578614235	0.13283933699131012	0.6183832287788391
4314	0.0357016995549202	0.13283494114875793	0.6195743083953857
4315	0.037064000964164734	0.13293828070163727	0.6208418011665344
4316	0.03643579035997391	0.13312581181526184	0.6219409704208374
4317	0.03594344109296799	0.13338738679885864	0.6215452551841736
4318	0.03713703900575638	0.13373124599456787	0.6202341914176941
4319	0.035900138318538666	0.13384726643562317	0.6191297173500061
4320	0.035601790994405746	0.1338561624288559	0.6185575723648071
4321	0.034953128546476364	0.13395778834819794	0.618111789226532
4322	0.03550993651151657	0.133998304605484	0.6173529624938965
4323	0.03535086289048195	0.13419893383979797	0.6160562038421631
4324	0.03732121363282204	0.1344301551580429	0.6148165464401245
4325	0.03670332580804825	0.13459059596061707	0.6144675016403198
4326	0.03633761405944824	0.1346067637205124	0.6147711873054504
4327	0.037419237196445465	0.1344967484474182	0.6152245402336121
4328	0.03583475202322006	0.13429825007915497	0.6151530742645264
4329	0.03611199930310249	0.1341800093650818	0.6157273650169373
4330	0.03625861182808876	0.13415215909481049	0.6167173981666565
4331	0.036784928292036057	0.13420677185058594	0.6173926591873169
4332	0.03626956045627594	0.13402089476585388	0.6184452772140503
4333	0.03655075654387474	0.13385942578315735	0.6192991137504578
4334	0.03517453745007515	0.13371975719928741	0.6197558641433716
4335	0.03375912830233574	0.13333086669445038	0.6204431056976318
4336	0.03581972047686577	0.132943794131279	0.6207786798477173
4337	0.03486289829015732	0.13272768259048462	0.6203047633171082
4338	0.034576836973428726	0.13264566659927368	0.6197959184646606
4339	0.03616094961762428	0.13277538120746613	0.6187319755554199
4340	0.03657880425453186	0.13279947638511658	0.6181209683418274
4341	0.03567282110452652	0.1329256147146225	0.6181065440177917
4342	0.03673331066966057	0.13324038684368134	0.6177470088005066
4343	0.03697730600833893	0.13356907665729523	0.6171903610229492
4344	0.03530566021800041	0.13418197631835938	0.6162294149398804
4345	0.037171389907598495	0.13489766418933868	0.6152994632720947
4346	0.03650834411382675	0.13551706075668335	0.6142529249191284
4347	0.03531650826334953	0.13567820191383362	0.6135454773902893
4348	0.03745442256331444	0.1353890299797058	0.6129891872406006
4349	0.03650183230638504	0.1348744034767151	0.6132099032402039
4350	0.036674343049526215	0.13429194688796997	0.6141378879547119
4351	0.03627957031130791	0.13389822840690613	0.6154325604438782
4352	0.035881247371435165	0.13353905081748962	0.6167323589324951
4353	0.035282690078020096	0.1332022249698639	0.6184930801391602
4354	0.03687741979956627	0.13304899632930756	0.6201990246772766
4355	0.036643583327531815	0.13309434056282043	0.6217406988143921
4356	0.03741425648331642	0.13321208953857422	0.6224111318588257
4357	0.037010643631219864	0.1334523856639862	0.6224757432937622
4358	0.03581142798066139	0.1337640881538391	0.6223527789115906
4359	0.037297166883945465	0.13404619693756104	0.6221242547035217
4360	0.0370061919093132	0.13427677750587463	0.6222037076950073
4361	0.03655289113521576	0.13441070914268494	0.6217129826545715
