stimulus,true_Green,true_Cucumber,true_Herbal,true_Mint,true_Woody,true_Pine,true_Floral,true_Powdery,true_Fruity,true_Citrus,true_Tropical,true_Berry,true_Peach,true_Sweet,true_Caramellic,true_Vanilla,true_BrownSpice,true_Smoky,true_Burnt,true_Roasted,true_Grainy,true_Meaty,true_Nutty,true_Fatty,true_Coconut,true_Waxy,true_Dairy,true_Buttery,true_Cheesy,true_Sour,true_Fermented,true_Sulfurous,true_Garlic.Onion,true_Earthy,true_Mushroom,true_Musty,true_Ammonia,true_Fishy,true_Fecal,true_Rotten.Decay,true_Rubber,true_Phenolic,true_Animal,true_Medicinal,true_Cooling,true_Sharp,true_Chlorine,true_Alcoholic,true_Plastic,true_Ozone,true_Metallic,pred_Green,pred_Cucumber,pred_Herbal,pred_Mint,pred_Woody,pred_Pine,pred_Floral,pred_Powdery,pred_Fruity,pred_Citrus,pred_Tropical,pred_Berry,pred_Peach,pred_Sweet,pred_Caramellic,pred_Vanilla,pred_BrownSpice,pred_Smoky,pred_Burnt,pred_Roasted,pred_Grainy,pred_Meaty,pred_Nutty,pred_Fatty,pred_Coconut,pred_Waxy,pred_Dairy,pred_Buttery,pred_Cheesy,pred_Sour,pred_Fermented,pred_Sulfurous,pred_Garlic.Onion,pred_Earthy,pred_Mushroom,pred_Musty,pred_Ammonia,pred_Fishy,pred_Fecal,pred_Rotten.Decay,pred_Rubber,pred_Phenolic,pred_Animal,pred_Medicinal,pred_Cooling,pred_Sharp,pred_Chlorine,pred_Alcoholic,pred_Plastic,pred_Ozone,pred_Metallic
AA085,0.076923077,0.0,0.692307692,0.730769231,0.0,0.0,0.153846154,0.0,0.153846154,0.038461538,0.076923077,0.0,0.0,0.384615385,0.0,0.0,0.0,0.153846154,0.0,0.192307692,0.0,0.0,0.0,0.192307692,0.0,0.153846154,0.0,0.0,0.0,0.0,0.038461538,0.0,0.0,0.115384615,0.0,0.038461538,0.5,0.0,0.0,0.192307692,0.038461538,0.153846154,0.0,2.346153846,2.346153846,0.923076923,0.076923077,0.692307692,0.0,0.115384615,0.0,0.3303998112678528,0.08720707893371582,0.4549294412136078,0.31334131956100464,0.2160438895225525,0.1850460320711136,0.3782675564289093,0.24991004168987274,0.34017279744148254,0.15892861783504486,0.14943984150886536,0.17439138889312744,0.08968283236026764,0.6855422258377075,0.33626699447631836,0.2161313146352768,0.12718258798122406,0.060651589184999466,0.07091175764799118,0.09161562472581863,0.1292707324028015,0.023541543632745743,0.09538266062736511,0.046923939138650894,0.06303754448890686,0.13265547156333923,0.11692061275243759,0.059004850685596466,0.12182370573282242,0.17026257514953613,0.18574555218219757,0.09837611764669418,0.15486493706703186,0.1749497801065445,0.13969922065734863,0.3837956190109253,0.27445852756500244,0.20198051631450653,0.0761507898569107,0.31226441264152527,0.12604114413261414,0.16328348219394684,0.09101691842079163,2.372410535812378,1.6162189245224,0.5236736536026001,0.17710286378860474,0.6150937080383301,0.19013114273548126,0.15143227577209473,0.1294553279876709
AA175,0.0,0.038461538,0.230769231,0.115384615,0.153846154,0.0,1.076923077,0.307692308,0.846153846,0.0,0.0,0.153846154,0.115384615,0.692307692,0.038461538,0.0,0.0,0.0,0.0,0.0,0.0,0.0,0.0,0.0,0.076923077,0.153846154,0.461538462,0.0,0.0,0.0,0.076923077,0.0,0.115384615,0.0,0.0,0.230769231,0.076923077,0.0,0.0,0.0,0.115384615,0.5,0.115384615,0.384615385,0.538461538,0.230769231,0.269230769,0.538461538,0.423076923,0.153846154,0.0,0.24582068622112274,0.08447667211294174,0.2520746886730194,0.16697871685028076,0.10076455026865005,0.16079409420490265,1.0592470169067383,0.6340649724006653,0.2872212529182434,0.12006582319736481,0.12749558687210083,0.12409300357103348,0.08457145094871521,1.0617789030075073,0.09694449603557587,0.132694274187088,0.09067786484956741,0.13598188757896423,0.07183217257261276,0.025089209899306297,0.037311602383852005,-0.00844263844192028,0.06363885849714279,0.05258474126458168,0.0759647786617279,0.1275254637002945,0.16948910057544708,0.08444057404994965,0.09040045738220215,0.2548944354057312,0.10846493393182755,0.04686259478330612,0.018898822367191315,0.0617709681391716,0.052527256309986115,0.17023180425167084,0.11433026194572449,0.03264929726719856,0.011002260260283947,0.0441662073135376,0.08954562991857529,0.2983565926551819,0.2047482132911682,0.15049979090690613,0.1511455476284027,0.2153996080160141,0.20553648471832275,0.17156311869621277,0.18093834817409515,0.08630768209695816,0.0949956402182579
AA212,0.0,0.0,0.0,0.153846154,0.0,0.0,1.038461538,0.615384615,0.192307692,0.346153846,0.038461538,0.076923077,0.0,0.769230769,0.0,0.192307692,0.0,0.076923077,0.038461538,0.0,0.0,0.0,0.0,0.0,0.153846154,0.0,0.346153846,0.076923077,0.0,0.269230769,0.0,0.0,0.0,0.0,0.0,0.115384615,0.0,0.0,0.0,0.0,0.0,0.192307692,0.0,0.576923077,0.307692308,0.423076923,0.038461538,0.230769231,0.346153846,0.269230769,0.076923077,0.24582068622112274,0.08447667211294174,0.2520746886730194,0.16697871685028076,0.10076455026865005,0.16079409420490265,1.0592470169067383,0.6340649724006653,0.2872212529182434,0.12006582319736481,0.12749558687210083,0.12409300357103348,0.08457145094871521,1.0617789030075073,0.09694449603557587,0.132694274187088,0.09067786484956741,0.13598188757896423,0.07183217257261276,0.025089209899306297,0.037311602383852005,-0.00844263844192028,0.06363885849714279,0.05258474126458168,0.0759647786617279,0.1275254637002945,0.16948910057544708,0.08444057404994965,0.09040045738220215,0.2548944354057312,0.10846493393182755,0.04686259478330612,0.018898822367191315,0.0617709681391716,0.052527256309986115,0.17023180425167084,0.11433026194572449,0.03264929726719856,0.011002260260283947,0.0441662073135376,0.08954562991857529,0.2983565926551819,0.2047482132911682,0.15049979090690613,0.1511455476284027,0.2153996080160141,0.20553648471832275,0.17156311869621277,0.18093834817409515,0.08630768209695816,0.0949956402182579
AA385,0.346153846,0.0,0.346153846,0.269230769,0.269230769,0.230769231,0.0,0.384615385,0.346153846,0.0,0.0,0.0,0.192307692,0.807692308,0.461538462,0.0,0.115384615,0.192307692,0.192307692,0.307692308,0.192307692,0.153846154,0.192307692,1.038461538,0.153846154,1.076923077,0.269230769,1.038461538,0.0,0.0,0.0,0.0,0.0,0.076923077,0.192307692,0.153846154,0.0,0.0,0.0,0.0,0.115384615,0.0,0.0,0.0,0.153846154,0.0,0.0,0.076923077,0.115384615,0.0,0.0,0.1554892212152481,0.009647571481764317,0.20413193106651306,0.2739623188972473,0.13178496062755585,0.11066067963838577,0.32724180817604065,0.5536602735519409,0.3410740792751312,0.10732534527778625,0.16032247245311737,0.13992129266262054,0.1058712899684906,1.4258320331573486,0.3389723300933838,0.29805999994277954,0.05274511128664017,0.42929312586784363,0.04588340222835541,0.10578406602144241,0.0727417841553688,0.07156416028738022,0.17636163532733917,0.21691803634166718,0.35902002453804016,0.8134550452232361,0.1499473750591278,1.143900752067566,0.28385987877845764,0.125865176320076,0.01970016397535801,0.05382012575864792,0.04575475677847862,0.12216170132160187,0.056179821491241455,0.1360175460577011,0.046006351709365845,0.000671796384267509,0.007713239174336195,-0.003845441387966275,0.15489201247692108,0.16002283990383148,0.026250770315527916,0.11116072535514832,0.11151450127363205,0.03208431974053383,0.06953233480453491,0.10765310376882553,0.09852893650531769,0.07950498163700104,0.03831686079502106
AA476,0.0,0.0,0.115384615,0.0,0.192307692,0.0,0.0,0.192307692,0.153846154,0.0,0.0,0.0,0.038461538,0.807692308,0.115384615,0.038461538,0.0,0.269230769,0.153846154,0.5,0.461538462,0.5,0.538461538,0.615384615,0.192307692,0.115384615,0.884615385,0.5,1.230769231,0.230769231,0.115384615,0.192307692,0.615384615,0.307692308,0.153846154,0.0,0.076923077,0.730769231,0.0,0.230769231,0.0,0.038461538,0.192307692,0.076923077,0.076923077,0.0,0.0,0.0,0.0,0.038461538,0.0,0.20756563544273376,0.02039981074631214,0.13437728583812714,0.01925412006676197,0.16393516957759857,0.07820390164852142,0.15455740690231323,0.13511432707309723,0.32397475838661194,0.10114184767007828,0.0838359147310257,0.09681375324726105,0.08587365597486496,0.5007755160331726,0.43997514247894287,0.08264701068401337,0.17637918889522552,0.21452347934246063,0.17543761432170868,0.23037168383598328,0.4201967418193817,0.20351549983024597,0.27935710549354553,0.7073646187782288,0.37216997146606445,0.46385377645492554,0.6250353455543518,0.30393314361572266,1.0188674926757812,0.40572088956832886,0.3711755871772766,0.595067024230957,0.6325574517250061,0.3336034417152405,0.3146865665912628,0.443291038274765,0.05457765609025955,0.8098787665367126,0.035686809569597244,1.073386311531067,0.1008094996213913,0.1420629918575287,0.15286970138549805,0.37752917408943176,0.23731066286563873,0.1779695749282837,0.08077989518642426,0.526310920715332,0.15891620516777039,0.038253992795944214,0.038028035312891006
AA649,0.0,0.0,0.0,0.0,0.0,0.115384615,0.307692308,0.269230769,0.153846154,0.0,0.0,0.0,0.0,0.576923077,0.0,0.0,0.115384615,0.076923077,0.846153846,0.384615385,0.730769231,0.115384615,0.576923077,0.346153846,0.0,0.192307692,0.0,0.0,0.153846154,0.0,0.192307692,0.653846154,0.384615385,0.461538462,0.192307692,0.0,0.5,0.0,0.0,0.0,0.0,0.423076923,0.692307692,0.076923077,0.0,0.153846154,0.0,0.0,0.0,0.0,0.0,0.10754343867301941,0.038147617131471634,0.11850060522556305,0.019132591784000397,0.0020369291305541992,0.09791240841150284,0.5055123567581177,0.4462975263595581,0.18268750607967377,0.13825617730617523,0.06474418938159943,0.08100751787424088,0.04059148207306862,0.5365670323371887,0.08069461584091187,0.02256634458899498,0.02829926460981369,0.36544540524482727,0.7113964557647705,0.5959416627883911,0.20153483748435974,0.1216583177447319,0.16230854392051697,0.04623863473534584,0.0261773020029068,0.1173148825764656,0.047238387167453766,0.013607786037027836,0.2250208854675293,0.19021403789520264,0.14090164005756378,0.24579867720603943,0.2245943397283554,0.2382333129644394,0.3295932412147522,0.03264717385172844,0.27506574988365173,0.14224404096603394,0.015045573934912682,0.4810425937175751,0.16024792194366455,0.28903186321258545,0.6363525390625,0.07236195355653763,0.01938047632575035,0.3499080538749695,0.132898211479187,-0.0023209089413285255,0.3454543352127075,0.06908030807971954,0.02246863581240177
AA893,0.461538462,0.0,0.461538462,0.269230769,0.0,0.307692308,0.653846154,0.0,0.769230769,0.192307692,0.5,0.692307692,0.269230769,0.5,0.0,0.0,0.0,0.153846154,0.0,0.038461538,0.192307692,0.0,0.0,0.0,0.0,0.0,0.0,0.0,0.038461538,0.0,0.192307692,0.153846154,1.576923077,0.0,0.0,0.0,0.269230769,0.384615385,0.076923077,0.192307692,0.153846154,0.192307692,0.076923077,0.423076923,0.384615385,0.923076923,0.0,0.192307692,0.115384615,0.0,0.115384615,0.21481318771839142,0.04141082987189293,0.2847290635108948,0.0816831961274147,0.21869970858097076,0.167613685131073,0.29434072971343994,0.15082670748233795,0.714004635810852,0.1161995679140091,0.2666730284690857,0.22828398644924164,0.1282862275838852,0.34797608852386475,0.09817446023225784,0.0403263159096241,0.014273952692747116,0.13433408737182617,0.07219439744949341,0.400991827249527,0.1304672658443451,0.3777465224266052,0.11952154338359833,0.08850729465484619,0.032934363931417465,0.10665269196033478,0.04278796166181564,0.03674793988466263,0.2493496537208557,0.2748262882232666,0.25120633840560913,0.24185408651828766,2.123635768890381,0.06678202748298645,0.09983368963003159,0.23540961742401123,0.0897873118519783,0.01374085620045662,0.01976608857512474,0.09111004322767258,0.10943710058927536,0.11417783051729202,0.05178583413362503,0.3911292254924774,0.29276034235954285,0.24148057401180267,0.05756990239024162,0.28616052865982056,0.1505458652973175,0.063613161444664,0.038880132138729095
AB019,0.222222222,0.0,0.277777778,0.0,0.166666667,0.0,0.277777778,0.111111111,0.0,0.0,0.0,0.0,0.0,0.944444444,0.388888889,0.555555556,0.166666667,0.222222222,0.222222222,0.0,0.0,0.0,0.277777778,0.333333333,0.333333333,0.111111111,1.222222222,0.277777778,1.166666667,1.111111111,0.222222222,0.055555556,0.222222222,0.222222222,0.0,0.5,0.0,0.0,0.0,1.722222222,0.0,0.0,0.222222222,0.111111111,0.055555556,0.0,0.0,0.0,0.166666667,0.0,0.0,0.18474361300468445,0.009978383779525757,0.17828625440597534,0.03806149959564209,0.17949190735816956,0.08251636475324631,0.19171147048473358,0.15065772831439972,0.36547768115997314,0.10784704238176346,0.11082236468791962,0.16291432082653046,0.06813883036375046,0.6577724814414978,0.4409711956977844,0.15298204123973846,0.15380442142486572,0.0916535034775734,0.10146848857402802,0.21789821982383728,0.23744377493858337,0.10184118896722794,0.19067873060703278,0.1839073896408081,0.4034572243690491,0.17363792657852173,1.0037227869033813,0.2956278622150421,1.0649648904800415,0.5841628909111023,0.365948885679245,0.4013790190219879,0.22433727979660034,0.20458272099494934,0.21563757956027985,0.489961713552475,0.0920649915933609,0.1255008429288864,0.41312238574028015,1.8036255836486816,0.09572698175907135,0.13743291795253754,0.09073957055807114,0.4769430160522461,0.19576799869537354,0.22448255121707916,0.08411440253257751,0.5236468315124512,0.13211025297641754,0.033670615404844284,0.05683249235153198
AB586,0.222222222,3.333333333,0.388888889,0.222222222,0.444444444,0.0,0.166666667,0.111111111,0.5,0.0,0.166666667,0.0,0.0,0.5,0.722222222,0.166666667,0.111111111,0.166666667,0.444444444,0.0,0.0,0.0,0.0,0.0,0.111111111,0.388888889,0.0,0.0,0.0,0.0,0.0,0.166666667,0.0,0.0,0.0,0.222222222,0.0,0.0,0.0,0.0,0.0,0.0,0.0,0.0,0.388888889,0.0,0.0,0.0,0.0,0.0,0.055555556,0.6229597926139832,2.2763781547546387,0.3664054572582245,0.19355131685733795,0.2616608142852783,0.12100102752447128,0.2968606650829315,0.23331663012504578,0.7103272080421448,0.15940804779529572,0.21226969361305237,0.1244162768125534,0.07031219452619553,0.9514417052268982,0.3666231036186218,0.12919537723064423,0.13961681723594666,0.07160403579473495,0.11626464873552322,0.055376481264829636,0.2304283082485199,0.012329697608947754,0.11246950924396515,0.15498271584510803,0.4437592327594757,0.2736930251121521,0.11442779749631882,0.07101598381996155,0.03231511265039444,0.18455953896045685,0.09417234361171722,0.06135043874382973,0.035407859832048416,0.0772448480129242,0.03673027828335762,0.1911313384771347,0.07110515981912613,0.0216965414583683,0.014740228652954102,0.04074806347489357,0.08674608170986176,0.15059402585029602,0.017785845324397087,0.3568538427352905,0.3477703928947449,0.3134903013706207,0.14975200593471527,0.30525195598602295,0.16679763793945312,0.19587872922420502,0.07004112750291824
AB841,0.0,0.0,0.222222222,3.277777778,0.555555556,0.0,0.277777778,0.944444444,0.333333333,0.0,0.0,0.166666667,0.0,1.555555556,0.277777778,0.722222222,0.444444444,0.944444444,0.777777778,0.055555556,0.0,0.222222222,0.0,0.0,0.0,0.0,0.0,0.0,0.0,0.166666667,0.0,0.0,0.0,0.0,0.0,0.111111111,0.0,0.0,0.0,0.0,0.222222222,0.0,0.0,0.0,0.666666667,0.222222222,0.0,0.0,0.0,0.166666667,0.0,0.14907138049602509,0.06982935965061188,0.5296348929405212,3.436763286590576,0.6025802493095398,0.24724751710891724,0.2702333331108093,0.3688567280769348,0.2487344741821289,0.14796386659145355,0.1079399585723877,0.09152262657880783,0.08007729798555374,1.3441803455352783,0.2162533402442932,0.6653822064399719,0.18769435584545135,0.30275771021842957,0.04202299192547798,0.06862559914588928,0.0381198450922966,0.07035093009471893,0.11268814653158188,0.0621531642973423,0.01953434944152832,0.10743014514446259,0.06195433437824249,0.2783713936805725,0.09934034943580627,0.07026352733373642,0.11552968621253967,0.04383315518498421,0.03454001620411873,0.10551239550113678,0.02122880145907402,0.34640830755233765,0.08281753212213516,0.011970678344368935,0.012353746220469475,0.017456011846661568,0.2637825608253479,0.23439617455005646,0.060530297458171844,0.4042830765247345,1.0389348268508911,0.07116667926311493,0.0978001207113266,0.06717086583375931,0.16465353965759277,0.11418773233890533,0.05930476635694504
AB873,0.0,0.0,1.055555556,0.055555556,1.277777778,0.555555556,0.0,0.444444444,0.0,0.055555556,0.0,0.0,0.0,0.0,0.0,0.222222222,0.166666667,1.0,0.277777778,0.166666667,0.0,0.0,0.0,0.0,0.0,0.111111111,0.0,0.0,0.0,0.111111111,0.0,0.0,0.0,0.0,0.0,1.055555556,0.055555556,0.0,0.0,0.0,1.0,1.055555556,0.222222222,0.166666667,0.611111111,0.222222222,0.0,0.0,0.722222222,0.0,0.111111111,0.5387313961982727,0.0524727962911129,0.8802856802940369,0.47997134923934937,1.0407264232635498,0.42402711510658264,0.242851123213768,0.24487799406051636,0.16252340376377106,0.11521396040916443,0.07791405916213989,0.06022941321134567,0.05866951495409012,0.6278291940689087,0.2974211573600769,0.2808436155319214,0.34179648756980896,0.3749339282512665,0.12303412705659866,0.11305034905672073,0.028515957295894623,0.18202023208141327,0.08379426598548889,0.03526100516319275,0.01626715436577797,0.1316697746515274,0.02613258548080921,0.007209934759885073,0.028770633041858673,0.056141749024391174,0.08222304284572601,0.09596673399209976,0.09262394160032272,0.2053588628768921,0.03415298834443092,0.6713456511497498,0.07007460296154022,0.016400573775172234,0.0211360901594162,0.018774377182126045,0.656147837638855,0.20980839431285858,0.0643058493733406,0.3399040997028351,0.38477814197540283,0.036339372396469116,0.090334951877594,0.00487859221175313,0.3724217116832733,0.16248519718647003,0.05378707870841026
AB935,0.0,0.0,0.222222222,0.0,0.111111111,0.111111111,0.0,0.166666667,0.0,0.0,0.0,0.0,0.055555556,0.333333333,0.0,0.111111111,0.333333333,2.222222222,0.0,0.944444444,0.388888889,1.777777778,0.0,0.0,0.0,0.0,0.0,0.0,0.111111111,0.166666667,0.166666667,0.388888889,2.722222222,0.111111111,0.0,0.166666667,0.111111111,0.0,0.0,0.0,0.222222222,0.277777778,0.0,0.0,0.111111111,0.0,0.0,0.0,0.0,0.0,0.166666667,0.1310119330883026,0.01612626016139984,0.3192487061023712,0.11639358848333359,0.22132347524166107,0.14527581632137299,0.12668639421463013,0.30560192465782166,0.240904301404953,0.10011124610900879,0.07043484598398209,0.05507748946547508,0.041520774364471436,0.6674590706825256,0.11228456348180771,0.16832976043224335,0.43654367327690125,0.7400976419448853,0.18045540153980255,0.3461323380470276,0.19386190176010132,0.605979859828949,0.14262521266937256,0.05529765039682388,0.030549539253115654,0.10638274997472763,0.02780088782310486,0.09210099279880524,0.12902460992336273,0.29769372940063477,0.19672079384326935,0.2111130654811859,3.171069860458374,0.15929462015628815,0.05725279450416565,0.1565697193145752,0.06523581594228745,0.005973746068775654,0.009004494175314903,0.24461352825164795,0.22093935310840607,0.12495721131563187,0.0652279183268547,0.13544638454914093,0.1545354276895523,0.05382956191897392,0.03954066336154938,0.025229277089238167,0.09870008379220963,0.0729290172457695,0.08005447685718536
AB992,0.333333333,3.944444444,0.222222222,0.111111111,0.166666667,0.0,0.0,0.0,0.555555556,0.0,0.111111111,0.0,0.0,0.666666667,0.0,0.0,0.0,0.055555556,0.0,0.0,0.0,0.0,0.0,0.0,0.0,0.055555556,0.0,0.0,0.0,0.0,0.0,0.0,0.222222222,0.0,0.111111111,0.222222222,0.0,0.0,0.0,0.0,0.0,0.0,0.0,0.0,0.5,0.0,0.0,0.111111111,0.055555556,0.055555556,0.0,0.4314384162425995,2.674391746520996,0.315546452999115,0.1701555699110031,0.07502749562263489,0.13840392231941223,0.29200929403305054,0.21577782928943634,0.5272700190544128,0.1985921859741211,0.2439466118812561,0.19833475351333618,0.09505167603492737,1.0396232604980469,0.10442203283309937,0.12234494835138321,0.026740368455648422,0.052495237439870834,0.08083445578813553,0.2294982224702835,0.15023164451122284,0.06985774636268616,0.14636173844337463,0.1284024566411972,0.026200857013463974,0.15192759037017822,0.26153284311294556,0.05435836687684059,0.21744994819164276,0.3506214916706085,0.15018786489963531,0.12104527652263641,0.7768468856811523,0.03170335665345192,0.05343716964125633,0.11969518661499023,0.11592329293489456,0.03879247605800629,0.06259697675704956,0.34264782071113586,0.10005009174346924,0.11256755888462067,0.023783983662724495,0.137226402759552,0.23708884418010712,0.23789125680923462,0.099918894469738,0.09096552431583405,0.1390150934457779,0.12117556482553482,0.08039452880620956
AC024,1.666666667,0.407407407,1.407407407,0.0,0.555555556,0.407407407,0.148148148,0.037037037,0.0,0.074074074,0.0,0.0,0.0,0.111111111,0.0,0.0,0.259259259,0.407407407,0.148148148,0.259259259,0.444444444,0.185185185,0.074074074,0.259259259,0.0,0.037037037,0.0,0.0,0.0,0.481481481,0.148148148,0.148148148,0.0,0.222222222,0.037037037,0.0,0.074074074,0.0,0.0,0.148148148,0.0,0.037037037,0.0,0.0,0.0,0.296296296,0.37037037,0.074074074,0.037037037,0.111111111,0.111111111,1.3506238460540771,0.3108246624469757,0.9683716297149658,0.07830958068370819,0.2678063213825226,0.26084738969802856,0.32157450914382935,0.241615429520607,0.2216576635837555,0.1303459256887436,0.1345834881067276,0.1079770103096962,0.05346454307436943,0.3601815700531006,0.1288166046142578,0.1047060564160347,0.2979230582714081,0.23925766348838806,0.10867802798748016,0.18632876873016357,0.14967772364616394,0.08740424364805222,0.12785732746124268,0.06680023670196533,0.03378790616989136,0.09122931957244873,0.042903974652290344,0.010864002630114555,0.05875033512711525,0.27470412850379944,0.2993532717227936,0.12111802399158478,0.1419382244348526,0.3071284294128418,0.12084250152111053,0.49512752890586853,0.18803425133228302,0.008461176417768002,0.011107763275504112,0.12812650203704834,0.26769885420799255,0.14170335233211517,0.08755414187908173,0.15153130888938904,0.08870347589254379,0.36435168981552124,0.18234586715698242,0.20874591171741486,0.26308634877204895,0.1564248502254486,0.13838204741477966
AC478,0.321428571,0.035714286,0.071428571,0.0,0.0,0.0,0.035714286,0.0,0.035714286,0.25,0.0,0.0,0.0,0.107142857,0.357142857,0.357142857,0.0,0.035714286,0.142857143,2.0,2.5,0.214285714,1.25,0.321428571,0.071428571,0.0,0.0,0.357142857,0.107142857,0.0,0.357142857,0.142857143,0.142857143,0.0,0.892857143,0.107142857,0.178571429,0.107142857,0.0,0.071428571,0.0,0.0,0.071428571,0.0,0.071428571,0.25,0.0,0.25,0.0,0.0,0.0,0.2695988416671753,0.11763468384742737,0.17033974826335907,0.11293502897024155,0.20866139233112335,0.10502652823925018,0.21321231126785278,0.15195642411708832,0.2501400113105774,0.11512922495603561,0.10021685808897018,0.11998569965362549,0.05135663226246834,0.31488877534866333,0.12209698557853699,0.21596083045005798,0.05616128072142601,0.1377025544643402,0.1737430989742279,0.8566800355911255,1.1596643924713135,0.31104058027267456,0.44826582074165344,0.3030761182308197,0.03578169643878937,0.09209159016609192,0.16180750727653503,0.3671960234642029,0.16694645583629608,0.13347981870174408,0.18599295616149902,0.2453382909297943,0.22046050429344177,0.09703379124403,0.22822162508964539,0.2913382053375244,0.05914105102419853,0.09856957942247391,0.07173886150121689,0.32588309049606323,0.17715051770210266,0.15468189120292664,0.07873982936143875,0.1519393026828766,0.05311334505677223,0.11945496499538422,0.08917833119630814,0.054239023476839066,0.14226262271404266,0.12078631669282913,0.04631568863987923
AC712,1.25,0.607142857,1.964285714,0.107142857,0.25,0.214285714,0.214285714,0.0,0.071428571,0.0,0.0,0.0,0.0,0.285714286,0.0,0.035714286,0.25,0.25,0.071428571,0.392857143,0.107142857,0.392857143,0.0,0.0,0.0,0.0,0.035714286,0.0,0.035714286,0.107142857,0.571428571,0.464285714,0.214285714,0.428571429,0.178571429,0.0,0.0,0.0,0.0,0.142857143,0.0,0.0,0.0,0.107142857,0.0,0.392857143,0.178571429,0.0,0.142857143,0.107142857,0.035714286,1.076458215713501,0.15527436137199402,0.692384660243988,0.06047697365283966,0.25159382820129395,0.17051708698272705,0.32138752937316895,0.1668165624141693,0.7512362003326416,0.12859563529491425,0.26942363381385803,0.3085332214832306,0.06899295002222061,0.7143189311027527,0.13170549273490906,0.12632274627685547,0.35216450691223145,0.12523865699768066,0.04604625701904297,0.19457687437534332,0.150870218873024,0.1915355920791626,0.10034526884555817,0.07923446595668793,0.01547240186482668,0.11339601129293442,0.036945562809705734,0.027707910165190697,0.1308244913816452,0.33353129029273987,0.3631635904312134,0.07895034551620483,0.20676983892917633,0.22400541603565216,0.08290525525808334,0.44363608956336975,0.03938410431146622,0.007159619126468897,0.012550069950520992,0.12263136357069016,0.12490096688270569,0.13204777240753174,0.053985659033060074,0.12721136212348938,0.10740245133638382,0.20164607465267181,0.1007009893655777,0.08725838363170624,0.14330381155014038,0.1381683051586151,0.11392232775688171
AC933,0.071428571,0.0,0.821428571,0.392857143,0.214285714,0.785714286,0.321428571,0.107142857,0.464285714,0.071428571,0.0,0.321428571,0.0,0.5,0.0,0.0,0.0,0.0,0.142857143,0.107142857,0.071428571,0.0,0.0,0.0,0.0,0.178571429,0.0,0.0,0.0,0.035714286,0.178571429,0.0,0.0,0.107142857,0.0,0.75,0.321428571,0.0,0.0,0.0,0.0,0.25,0.0,1.321428571,1.142857143,0.642857143,0.428571429,0.392857143,0.107142857,0.214285714,0.178571429,0.26251542568206787,0.034292954951524734,0.37189406156539917,0.5455193519592285,0.19059695303440094,0.3242788314819336,0.5838242173194885,0.4509429335594177,1.279576063156128,0.17285208404064178,0.3884234130382538,0.6777757406234741,0.1676354706287384,1.107150673866272,0.12813130021095276,0.18910185992717743,0.06833451986312866,0.04821614548563957,0.052160121500492096,0.09165098518133163,0.057269878685474396,0.09045162051916122,0.10040701925754547,0.09217122942209244,0.030286643654108047,0.1219862848520279,0.04951182380318642,0.040405016392469406,0.07495284825563431,0.23970311880111694,0.4002937972545624,0.14306585490703583,0.33855754137039185,0.048274025321006775,0.06601215153932571,0.32486778497695923,0.24215804040431976,0.031771302223205566,0.04541783407330513,0.09851077944040298,0.12436012923717499,0.2349506914615631,0.1649770587682724,0.46143072843551636,0.5177820324897766,0.31430283188819885,0.18726284801959991,0.5948719382286072,0.3255653977394104,0.15132001042366028,0.094288669526577
AD120,0.0,0.0,0.0,0.0,0.133333333,0.0,0.0,0.0,0.0,0.0,0.0,0.0,0.0,0.666666667,0.333333333,0.466666667,0.4,1.866666667,1.333333333,1.466666667,0.666666667,0.333333333,0.666666667,0.0,0.066666667,0.2,0.0,0.2,0.0,0.133333333,0.2,0.066666667,0.466666667,0.4,0.266666667,0.533333333,0.133333333,0.266666667,0.0,0.133333333,0.2,0.266666667,0.4,0.0,0.0,0.0,0.0,0.0,0.066666667,0.333333333,0.0,0.03298193961381912,0.039729420095682144,0.14996913075447083,0.033703919500112534,0.09640099108219147,0.12352089583873749,0.22255422174930573,0.4150131344795227,0.18142881989479065,0.1017032265663147,0.159807026386261,0.06667304784059525,0.043769508600234985,0.9120257496833801,0.31555411219596863,0.2665238380432129,0.38847264647483826,0.54008549451828,0.8240090012550354,1.2945514917373657,0.5615150928497314,0.266104519367218,0.3450016677379608,0.1340988576412201,0.07310126721858978,0.09786610305309296,0.030310247093439102,0.058204229921102524,0.0671461671590805,0.18641994893550873,0.2067093551158905,0.3162529170513153,0.5130874514579773,0.2646733522415161,0.05195005238056183,0.3927924633026123,0.22410006821155548,0.19069428741931915,0.02068210579454899,0.24303513765335083,0.24410496652126312,0.2268471121788025,0.3082277774810791,0.16141539812088013,0.031071964651346207,0.14717251062393188,0.06875310093164444,0.03847340866923332,0.11659619212150574,0.31575584411621094,0.05845201015472412
AD222,0.2,0.0,0.2,0.0,0.2,0.0,0.0,0.0,0.066666667,0.0,0.0,0.0,0.0,0.0,0.0,0.0,0.0,0.2,0.933333333,1.666666667,0.466666667,1.466666667,0.6,0.0,0.0,0.0,0.0,0.2,0.0,0.133333333,0.133333333,0.866666667,1.133333333,0.6,0.0,0.266666667,0.0,0.333333333,0.0,0.533333333,0.133333333,0.0,0.4,0.0,0.0,0.0,0.0,0.0,0.0,0.0,0.0,0.0894467830657959,0.054558977484703064,0.18464337289333344,0.05109534412622452,0.044088155031204224,0.13560453057289124,0.16926319897174835,0.11928568035364151,0.2101232409477234,0.10692095756530762,0.07950105518102646,0.10289157181978226,0.056400272995233536,0.26652082800865173,0.0890113040804863,0.13085874915122986,0.0473783053457737,0.4117448031902313,0.6073991060256958,0.9847208857536316,0.6233797669410706,0.7349458336830139,0.23423904180526733,0.1121513694524765,0.018816513940691948,0.08219961822032928,0.06319353729486465,0.07805665582418442,0.2707805633544922,0.4433199465274811,0.511147677898407,0.4637589156627655,0.693716287612915,0.3997741639614105,0.16676542162895203,0.1645919382572174,0.2614031434059143,0.16406768560409546,0.05335559695959091,0.2321212887763977,0.29071447253227234,0.11820153892040253,0.4851962924003601,0.08627202361822128,0.05222576484084129,0.28905367851257324,0.03822968900203705,0.045216772705316544,0.07254700362682343,0.024731840938329697,0.025099916383624077
AD254,0.666666667,1.866666667,0.266666667,0.066666667,0.8,0.333333333,0.2,0.866666667,0.2,0.0,0.2,0.0,0.133333333,1.2,0.2,0.466666667,0.6,0.866666667,0.066666667,0.0,0.133333333,0.0,0.0,0.0,0.0,0.066666667,0.0,0.0,0.0,0.0,0.0,0.0,0.0,0.0,0.0,0.0,0.266666667,0.0,0.0,0.0,0.0,0.266666667,0.0,0.266666667,0.333333333,0.133333333,0.0,0.133333333,0.0,0.666666667,0.0,0.5678291320800781,2.951404571533203,0.3041972219944,0.41534456610679626,0.2982250452041626,0.1445055902004242,0.29279184341430664,0.40293052792549133,0.4141307771205902,0.18740037083625793,0.1042107492685318,0.1217045709490776,0.046154338866472244,1.2922860383987427,0.35217785835266113,0.46512502431869507,0.23707598447799683,0.694092333316803,0.5714982151985168,0.1529492735862732,0.06494604051113129,0.04023002088069916,0.08153127133846283,0.09484589099884033,0.02399853616952896,0.13749204576015472,0.04059823229908943,5.455531209008768e-05,0.02744591236114502,0.10660625249147415,0.05226025730371475,0.05707786604762077,0.01725524663925171,0.07463949173688889,0.02681875042617321,0.2693201005458832,0.046041883528232574,0.03474227711558342,0.0054926020093262196,0.041292447596788406,0.17972706258296967,0.2679138481616974,0.043489858508110046,0.13786537945270538,0.2239910066127777,0.0540621392428875,0.12015369534492493,0.0475381538271904,0.1406649649143219,0.341697633266449,0.061425961554050446
AD718,0.0,0.133333333,0.466666667,0.2,0.266666667,0.266666667,0.0,0.466666667,0.4,0.0,0.0,0.4,0.0,1.0,0.0,0.133333333,0.0,0.0,0.0,0.2,0.2,0.266666667,0.0,0.066666667,0.0,0.0,0.133333333,0.0,0.0,0.0,0.0,0.0,0.8,0.333333333,0.133333333,0.266666667,0.0,0.066666667,0.0,0.133333333,0.0,0.866666667,0.133333333,0.4,0.133333333,0.533333333,0.4,1.466666667,0.333333333,0.2,0.066666667,0.6031514406204224,0.5070857405662537,0.3694417178630829,0.1043977290391922,0.1865227371454239,0.1302083283662796,0.2572672963142395,0.2030482292175293,0.2784484326839447,0.20324432849884033,0.15710864961147308,0.11843520402908325,0.06564775109291077,0.6194431185722351,0.11362156271934509,0.14495499432086945,0.08464357256889343,0.10229527950286865,0.16287937760353088,0.2038794904947281,0.2547486424446106,0.30356189608573914,0.12514404952526093,0.209165558218956,0.0717751681804657,0.12146630138158798,0.362868070602417,0.3216668665409088,0.3905014395713806,0.3239179849624634,0.34921467304229736,0.2624734342098236,0.31860893964767456,0.2394358515739441,0.2254156619310379,0.3853498697280884,0.15561740100383759,0.22703760862350464,0.15475434064865112,0.5971696972846985,0.15322881937026978,0.15080741047859192,0.10021915286779404,0.12333706766366959,0.07919058203697205,0.22551465034484863,0.08041077107191086,0.08316008001565933,0.23162564635276794,0.1549522578716278,0.1421828716993332
AD738,1.058823529,4.117647059,0.647058824,0.294117647,0.294117647,0.117647059,0.0,0.0,0.176470588,0.117647059,0.235294118,0.0,0.058823529,0.470588235,0.0,0.0,0.0,0.0,0.0,0.0,0.058823529,0.0,0.0,0.0,0.0,0.0,0.0,0.0,0.0,0.117647059,0.0,0.0,0.0,0.0,0.0,0.0,0.0,0.0,0.0,0.0,0.117647059,0.235294118,0.0,0.0,0.352941176,0.0,0.0,0.0,0.0,0.529411765,0.0,0.6759594082832336,2.545866012573242,0.4834354519844055,0.2744532823562622,0.23047393560409546,0.1072775200009346,0.33921515941619873,0.2787429392337799,0.5640439391136169,0.1978747695684433,0.15799067914485931,0.12201206386089325,0.054324716329574585,0.8586307764053345,0.09052802622318268,0.1300080418586731,0.050303567200899124,0.045777399092912674,0.034956950694322586,0.11672408878803253,0.1698019802570343,0.038099031895399094,0.13203918933868408,0.0754883885383606,0.021944310516119003,0.17562416195869446,0.04314902424812317,0.014590071514248848,0.09410122781991959,0.16373959183692932,0.024416523054242134,0.03795856982469559,0.020695198327302933,0.048820361495018005,0.052073050290346146,0.2264183908700943,0.06739459186792374,0.023757006973028183,0.025072021409869194,0.01474443357437849,0.10381115227937698,0.14433756470680237,0.014334841631352901,0.04777558147907257,0.25220903754234314,0.10391633212566376,0.08311165124177933,0.0969855785369873,0.14241336286067963,0.16647103428840637,0.08745379745960236
AD835,0.0,0.0,0.142857143,0.0,0.214285714,0.0,0.0,0.0,0.0,0.0,0.0,0.214285714,0.0,0.357142857,0.0,0.0,0.0,0.428571429,1.214285714,0.714285714,0.071428571,0.428571429,0.0,0.0,0.0,0.142857143,0.0,0.0,0.142857143,0.714285714,0.857142857,0.642857143,1.357142857,0.428571429,0.071428571,0.285714286,0.214285714,0.285714286,0.0,0.785714286,0.214285714,0.285714286,0.428571429,0.142857143,0.357142857,0.0,0.071428571,0.357142857,0.214285714,0.0,0.214285714,0.06274725496768951,0.028112081810832024,0.20190751552581787,0.07309143245220184,0.14199891686439514,0.16551941633224487,0.3105146884918213,0.12339223921298981,0.383074015378952,0.11982530355453491,0.21542906761169434,0.2131861448287964,0.06281352788209915,0.4181516468524933,0.13179585337638855,0.0846661701798439,0.0881446972489357,0.44963109493255615,0.46964195370674133,0.9049063324928284,0.4950363337993622,0.4975912272930145,0.31883424520492554,0.16780206561088562,0.0402456559240818,0.10346502810716629,0.06945126503705978,0.0725996345281601,0.1549690216779709,0.38765668869018555,0.3119233250617981,0.3474491536617279,0.5447156429290771,0.30045437812805176,0.11038868874311447,0.21620327234268188,0.22504761815071106,0.18254472315311432,0.025469882413744926,0.2980368137359619,0.2186538130044937,0.14912496507167816,0.4529801607131958,0.10837337374687195,0.10103476047515869,0.28917914628982544,0.04888845235109329,0.1904304325580597,0.1545865386724472,0.11222253739833832,0.022956442087888718
AD853,0.384615385,0.0,0.0,0.0,0.0,0.0,0.0,0.0,0.0,0.0,0.0,0.0,0.0,0.0,0.0,0.0,0.0,0.0,0.230769231,0.307692308,0.307692308,0.307692308,0.0,1.230769231,0.0,0.538461538,0.538461538,0.538461538,1.769230769,0.307692308,0.230769231,0.153846154,0.769230769,0.076923077,0.769230769,0.0,0.0,1.076923077,0.0,1.076923077,0.0,0.0,0.0,0.0,0.0,0.0,0.0,0.076923077,0.0,0.0,0.0,0.3617393970489502,1.4742374420166016,0.28251197934150696,0.06510721147060394,0.15393994748592377,0.11612674593925476,0.194895938038826,0.10474404692649841,0.2734929323196411,0.12690849602222443,0.11310645937919617,0.09899811446666718,0.057462647557258606,0.3466866910457611,0.08242746442556381,0.04932643473148346,0.048338379710912704,0.09821397811174393,0.16200295090675354,0.28509002923965454,0.2757793068885803,0.3026520311832428,0.18348103761672974,0.3125988841056824,0.06481465697288513,0.1782556176185608,0.39583465456962585,0.31397873163223267,0.29191964864730835,0.29177021980285645,0.2215932160615921,0.455936998128891,0.8463959097862244,0.24407958984375,0.32544171810150146,0.3413814306259155,0.06387072056531906,0.38715824484825134,0.17545773088932037,0.4519749581813812,0.123640276491642,0.12231310456991196,0.12431111186742783,0.1005617305636406,0.030344871804118156,0.22048421204090118,0.03922075033187866,0.0018082150490954518,0.11692235618829727,0.08370538800954819,0.06596944481134415
AD917,0.5,0.357142857,0.5,4.5,0.214285714,0.0,0.285714286,0.357142857,0.285714286,0.5,0.071428571,0.0,0.0,0.857142857,0.0,0.142857143,0.0,0.0,0.0,0.0,0.0,0.0,0.0,0.0,0.0,0.0,0.0,0.0,0.0,0.0,0.0,0.0,0.0,0.0,0.0,0.0,0.0,0.0,0.0,0.0,0.0,0.0,0.0,0.071428571,1.5,0.0,0.0,0.142857143,0.0,0.0,0.0,0.13728810846805573,0.046928808093070984,0.26587650179862976,3.537820339202881,0.14824682474136353,0.23820985853672028,0.1944086104631424,0.2831031382083893,0.3708004951477051,0.1474420428276062,0.12297043949365616,0.1263858675956726,0.07024966925382614,1.1566039323806763,0.13748371601104736,0.23633544147014618,0.07875464856624603,0.05788504704833031,0.04170224815607071,0.0677867904305458,0.05764478072524071,0.0310178454965353,0.09381157159805298,0.040860578417778015,0.01630173623561859,0.08805735409259796,0.13791224360466003,0.05341675505042076,0.06334678828716278,0.10436369478702545,0.23847639560699463,0.035365957766771317,0.04517171159386635,0.06648221611976624,0.026852145791053772,0.19608813524246216,0.08013618737459183,0.022144310176372528,0.06551408767700195,0.03126758337020874,0.10529043525457382,0.16971763968467712,0.05521754175424576,0.20255228877067566,1.0844053030014038,0.1534118801355362,0.09375031292438507,0.15510740876197815,0.1297931969165802,0.07254690676927567,0.10201383382081985
AE043,0.464285714,0.607142857,0.571428571,0.428571429,0.464285714,0.071428571,0.285714286,0.0,0.75,0.357142857,0.142857143,0.214285714,0.142857143,0.25,0.178571429,0.178571429,0.0,0.0,0.0,0.892857143,1.25,0.0,0.964285714,0.25,0.107142857,0.035714286,0.214285714,0.321428571,0.321428571,0.0,0.607142857,0.0,0.0,0.178571429,0.0,0.25,0.071428571,0.0,0.0,0.0,0.071428571,0.035714286,0.0,0.178571429,0.25,0.071428571,0.25,0.178571429,0.178571429,0.071428571,0.0,0.5866920948028564,0.22308996319770813,0.5699865818023682,0.22392486035823822,0.6757241487503052,0.1895253211259842,0.5063051581382751,0.18680143356323242,0.5687445998191833,0.1318036913871765,0.38303065299987793,0.3753107488155365,0.08223351091146469,0.9941248297691345,0.1748490035533905,0.2132154405117035,0.08574745059013367,0.0658748596906662,0.046450644731521606,0.7704671025276184,0.8281770348548889,0.06229839473962784,0.48359620571136475,0.13388417661190033,0.060930926352739334,0.15113456547260284,0.07919491082429886,0.1592642217874527,0.14356902241706848,0.1419261395931244,0.2778771221637726,0.049256857484579086,0.0637267529964447,0.31449615955352783,0.08347012847661972,0.4784640073776245,0.16226282715797424,0.08657451719045639,0.08747267723083496,0.12600500881671906,0.1531185656785965,0.21252566576004028,0.06697499006986618,0.20081892609596252,0.23450152575969696,0.21439491212368011,0.20368483662605286,0.2696731388568878,0.2646992802619934,0.22487245500087738,0.05070779472589493
AE067,0.857142857,0.0,0.5,0.107142857,0.392857143,0.25,0.428571429,0.035714286,0.285714286,0.0,0.178571429,0.0,0.0,0.285714286,0.0,0.107142857,0.0,0.0,0.071428571,0.0,0.25,0.0,0.0,0.0,0.0,0.0,0.0,0.0,0.0,0.035714286,0.107142857,0.0,0.0,0.678571429,0.428571429,0.464285714,0.821428571,0.571428571,0.285714286,0.392857143,0.25,0.285714286,0.285714286,0.107142857,0.107142857,0.285714286,0.0,0.107142857,0.142857143,0.035714286,0.0,0.8114096522331238,0.2044002264738083,0.42152413725852966,0.05988478288054466,0.41174548864364624,0.19520360231399536,0.31425994634628296,0.18238084018230438,0.21372535824775696,0.11792967468500137,0.154603511095047,0.07271775603294373,0.03507440537214279,0.35106727480888367,0.18405529856681824,0.13164426386356354,0.08985476940870285,0.20938822627067566,0.10999850928783417,0.48087576031684875,0.6085361838340759,0.12293975055217743,0.2468184232711792,0.10952726751565933,0.022257409989833832,0.12016164511442184,0.042063936591148376,0.024338459596037865,0.1197480782866478,0.10030995309352875,0.22625702619552612,0.10808078944683075,0.06045616418123245,0.4256281554698944,0.31115278601646423,0.4708850383758545,0.34879937767982483,0.29198890924453735,0.10263307392597198,0.21557052433490753,0.11970409750938416,0.18034087121486664,0.23898783326148987,0.15063658356666565,0.07882200181484222,0.2256733775138855,0.07199746370315552,0.1112358421087265,0.21073338389396667,0.08511864393949509,0.1758463978767395
AE184,0.111111111,0.0,0.0,0.037037037,0.0,0.0,0.037037037,0.0,0.0,0.0,0.0,0.0,0.0,0.37037037,0.185185185,0.0,0.0,0.0,0.148148148,0.0,0.0,0.0,0.0,0.0,0.0,0.0,0.0,0.0,0.0,0.185185185,0.111111111,0.0,0.0,0.037037037,0.0,0.0,0.0,0.037037037,0.0,0.0,0.148148148,0.074074074,0.0,0.703703704,0.407407407,1.185185185,0.62962963,4.259259259,0.0,0.111111111,0.0,0.3665860593318939,0.05994493141770363,0.24101310968399048,0.07301078736782074,0.20480592548847198,0.08698238432407379,0.19010195136070251,0.1593770831823349,0.2591986060142517,0.1625964492559433,0.07737620174884796,0.105145663022995,0.054378289729356766,0.631134569644928,0.27140012383461,0.13578984141349792,0.07781996577978134,0.1909654587507248,0.20299777388572693,0.5993639230728149,0.893056333065033,0.07719314098358154,0.5287529826164246,0.09739744663238525,0.09644030034542084,0.10129747539758682,0.1681530922651291,0.07207347452640533,0.07183391600847244,0.14578597247600555,0.1671287566423416,0.1298709660768509,0.006138327531516552,0.3182666301727295,0.19581039249897003,0.3767133355140686,0.30544009804725647,0.32837408781051636,0.04876768961548805,0.21275456249713898,0.1273452490568161,0.18060098588466644,0.1648799628019333,0.5160759091377258,0.35982152819633484,0.5328728556632996,0.28183862566947937,2.2402055263519287,0.32271692156791687,0.09901577979326248,0.0837918370962143
AE681,0.074074074,0.037037037,0.407407407,3.444444444,0.37037037,0.333333333,0.222222222,0.148148148,0.148148148,0.111111111,0.0,0.185185185,0.0,1.185185185,0.074074074,0.37037037,0.0,0.0,0.0,0.0,0.0,0.0,0.0,0.037037037,0.0,0.0,0.185185185,0.185185185,0.0,0.037037037,0.0,0.0,0.0,0.333333333,0.0,0.148148148,0.185185185,0.0,0.0,0.0,0.0,0.037037037,0.037037037,1.074074074,2.037037037,0.296296296,0.37037037,0.555555556,0.0,0.0,0.333333333,0.26814958453178406,0.08360415697097778,0.557324230670929,3.543184280395508,0.13647280633449554,0.33996444940567017,0.3889197111129761,0.27978694438934326,0.2773583233356476,0.3093145489692688,0.1527777463197708,0.13347387313842773,0.08658281713724136,0.9997836947441101,0.1216447725892067,0.13602375984191895,0.11065053194761276,0.06276451051235199,0.03943527489900589,-0.0010189330205321312,0.017042791470885277,0.0058898646384477615,0.07031462341547012,0.010477567091584206,0.007675482891499996,0.0836787298321724,0.06748998165130615,0.020547421649098396,0.02400999516248703,0.058539003133773804,0.131019726395607,0.0230841264128685,0.013443630188703537,0.1387462317943573,0.0012448583729565144,0.10598111152648926,0.08818420767784119,0.009851005859673023,0.020088568329811096,0.03408751264214516,0.11543191969394684,0.1588076800107956,0.04538559541106224,0.5651500821113586,1.194498062133789,0.24349328875541687,0.20644532144069672,0.251104474067688,0.10404977947473526,0.09281720221042633,0.12979654967784882
AE825,0.107142857,0.035714286,0.285714286,3.214285714,0.178571429,0.0,0.107142857,0.25,0.142857143,0.0,0.107142857,0.0,0.0,1.178571429,0.428571429,0.464285714,0.25,0.142857143,0.0,0.0,0.0,0.0,0.0,0.0,0.071428571,0.0,0.071428571,0.0,0.0,0.0,0.107142857,0.0,0.0,0.0,0.0,0.142857143,0.071428571,0.0,0.0,0.0,0.071428571,0.0,0.0,0.321428571,1.142857143,0.428571429,0.0,1.928571429,0.0,0.0,0.0,0.16056770086288452,0.03130631893873215,0.34061095118522644,2.3132853507995605,0.1905921846628189,0.33410584926605225,0.2401782125234604,0.27888429164886475,0.2749637961387634,0.168259859085083,0.10495694726705551,0.11640959233045578,0.07678472250699997,0.9595945477485657,0.20498092472553253,0.25022459030151367,0.09012772887945175,0.10001952201128006,0.05231909081339836,0.05594430863857269,0.06927458941936493,0.01079980842769146,0.09101884812116623,0.08683373779058456,0.0328180193901062,0.08686130493879318,0.14771948754787445,0.1147242933511734,0.08010794222354889,0.11554116755723953,0.2100585252046585,0.04371153935790062,0.04906037449836731,0.07871071249246597,0.013315493240952492,0.1463773399591446,0.18255430459976196,0.025415044277906418,0.05679875239729881,0.022111469879746437,0.11092326045036316,0.20847269892692566,0.08608441054821014,0.6602913737297058,1.009816288948059,0.5347304940223694,0.3433015048503876,2.4468328952789307,0.21638266742229462,0.10941843688488007,0.14928650856018066
AE855,0.642857143,0.178571429,0.321428571,0.5,0.285714286,0.5,0.071428571,0.107142857,0.107142857,0.0,0.0,0.035714286,0.0,0.142857143,0.0,0.0,0.035714286,0.071428571,0.0,0.0,0.035714286,0.071428571,0.0,0.0,0.0,0.0,0.0,0.0,0.0,0.25,0.142857143,0.0,0.071428571,0.821428571,0.0,0.785714286,0.428571429,0.107142857,0.0,0.071428571,0.214285714,0.142857143,0.107142857,1.785714286,0.75,1.071428571,0.607142857,1.107142857,0.0,0.357142857,0.071428571,0.5806775093078613,0.21894440054893494,0.6290584802627563,0.3262466788291931,0.32507291436195374,0.32672014832496643,0.3006731867790222,0.18735235929489136,0.20599991083145142,0.16864661872386932,0.0901830643415451,0.08568461984395981,0.044376980513334274,0.2914212942123413,0.2623636722564697,0.17505405843257904,0.1418280154466629,0.23948365449905396,0.09332660585641861,0.0780593603849411,0.14604219794273376,0.030139390379190445,0.1533309668302536,0.03138798847794533,0.02452801540493965,0.09805690497159958,0.04509967938065529,0.04095182567834854,0.05522181838750839,0.10707727074623108,0.1680641919374466,0.06239969655871391,0.02488146908581257,0.49973416328430176,0.07411039620637894,0.42197367548942566,0.42030367255210876,0.02478112280368805,0.012562603689730167,0.11880523711442947,0.14322786033153534,0.1868019998073578,0.067668616771698,1.3903223276138306,1.0979276895523071,0.9244247674942017,0.5215404033660889,0.6368475556373596,0.21690841019153595,0.10039893537759781,0.1993114948272705
AG543,0.5,0.233333333,0.366666667,0.5,0.233333333,0.166666667,0.066666667,0.266666667,0.233333333,0.0,0.0,0.0,0.0,0.5,0.066666667,0.2,0.0,0.066666667,0.0,0.1,0.133333333,0.0,0.1,0.0,0.0,0.0,0.0,0.0,0.0,0.0,0.266666667,0.033333333,0.1,0.033333333,0.0,0.666666667,0.0,0.0,0.0,0.0,0.1,0.033333333,0.0,2.7,0.833333333,0.466666667,0.0,1.1,0.066666667,0.066666667,0.166666667,0.2629863917827606,0.07747799903154373,0.6154534816741943,0.38083869218826294,0.2511862516403198,0.2757832407951355,0.2917889654636383,0.18842440843582153,0.32718053460121155,0.1100849136710167,0.09959171712398529,0.16130869090557098,0.0580996498465538,0.7445530891418457,0.22137701511383057,0.30578160285949707,0.15629754960536957,0.09247113019227982,0.0477076880633831,0.1598261147737503,0.25683531165122986,0.03259946405887604,0.1421191543340683,0.028936181217432022,0.036459993571043015,0.1203758716583252,0.058670856058597565,0.04401818662881851,0.03455057367682457,0.0941317230463028,0.244633287191391,0.06319409608840942,0.06103843078017235,0.12348056584596634,0.09074413031339645,0.5287841558456421,0.17125892639160156,0.04015270248055458,0.034830573946237564,0.07797076553106308,0.13984127342700958,0.17716987431049347,0.09865902364253998,1.3556560277938843,1.1539890766143799,0.30658701062202454,0.14697670936584473,0.4198828637599945,0.24591821432113647,0.07318223267793655,0.13165907561779022
AH022,0.2,0.0,0.433333333,0.166666667,0.233333333,0.166666667,0.733333333,0.4,0.9,0.0,0.1,0.266666667,0.266666667,0.766666667,0.233333333,0.333333333,0.5,0.0,0.0,0.166666667,0.033333333,0.066666667,0.3,0.0,0.0,0.1,0.0,0.0,0.066666667,0.166666667,0.2,0.233333333,0.0,0.1,0.0,0.566666667,0.133333333,0.0,0.033333333,0.0,0.333333333,0.333333333,0.0,0.4,0.6,0.0,0.0,0.4,0.266666667,0.066666667,0.3,0.25360164046287537,0.1342948079109192,0.5159000158309937,0.0871681198477745,0.28671807050704956,0.13368351757526398,0.31368547677993774,0.19895429909229279,0.26586830615997314,0.14521953463554382,0.09345026314258575,0.09468884021043777,0.052563659846782684,0.5625835657119751,0.1948872059583664,0.23176978528499603,0.21626898646354675,0.22740261256694794,0.08213651180267334,0.21880722045898438,0.22412779927253723,0.10056354850530624,0.1736040860414505,0.05651641637086868,0.04326431453227997,0.08996185660362244,0.06461901217699051,0.03534268960356712,0.06886941194534302,0.08527366071939468,0.20765992999076843,0.08979661017656326,0.051867060363292694,0.2051769196987152,0.05852842330932617,0.4050072431564331,0.21895475685596466,0.007545072585344315,0.014050952158868313,0.13010963797569275,0.1267680525779724,0.1831466555595398,0.0707690492272377,0.31073394417762756,0.10446889698505402,0.34670719504356384,0.13393893837928772,0.3826066255569458,0.17731691896915436,0.10458441823720932,0.10774464160203934
AH189,0.1,0.266666667,0.2,0.0,0.066666667,0.0,0.3,0.033333333,1.0,0.0,0.766666667,0.2,0.333333333,0.733333333,0.0,0.433333333,0.0,0.0,0.0,0.133333333,0.066666667,0.0,0.0,0.0,0.0,0.0,1.133333333,0.133333333,1.0,0.766666667,0.666666667,0.5,0.033333333,0.1,0.0,0.8,0.0,0.066666667,0.666666667,1.766666667,0.0,0.0,0.066666667,0.0,0.1,0.033333333,0.0,0.0,0.0,0.0,0.0,0.16010789573192596,0.0618303008377552,0.27770939469337463,0.04967605322599411,0.12632960081100464,0.10132376104593277,0.4170054793357849,0.15549840033054352,0.7129620313644409,0.1498197317123413,0.3479824364185333,0.2089688926935196,0.08549399673938751,0.7253549695014954,0.10102003067731857,0.18327166140079498,0.019196948036551476,0.03967178240418434,0.04688480123877525,0.08901724219322205,0.08862701803445816,0.09100508689880371,0.13211138546466827,0.09112414717674255,0.043170057237148285,0.13032901287078857,1.100622534751892,0.31487634778022766,1.1959561109542847,0.5570424795150757,0.306875616312027,0.3389784097671509,0.19345054030418396,0.07641967386007309,0.11633612960577011,0.4347856938838959,0.07013313472270966,0.08482453972101212,0.31895947456359863,1.6750894784927368,0.09836938977241516,0.10036537796258926,0.036260467022657394,0.16480302810668945,0.07147114723920822,0.11034545302391052,0.06453914195299149,0.09747292101383209,0.0781140923500061,0.07151901721954346,0.060969553887844086
AH608,0.5,0.133333333,0.233333333,0.1,0.4,0.0,0.3,0.166666667,0.066666667,0.0,0.0,0.0,0.033333333,0.833333333,0.7,0.633333333,0.066666667,0.033333333,0.066666667,0.233333333,0.166666667,0.0,0.533333333,0.033333333,0.133333333,0.4,0.1,0.0,0.933333333,0.8,0.266666667,0.366666667,0.0,0.3,0.066666667,0.933333333,0.266666667,0.166666667,0.333333333,0.5,0.266666667,0.066666667,0.1,0.133333333,0.033333333,0.1,0.0,0.0,0.233333333,0.0,0.133333333,0.2809036672115326,0.022107133641839027,0.39678624272346497,0.15415719151496887,0.28590530157089233,0.15846437215805054,0.24781709909439087,0.2197990119457245,0.42906078696250916,0.2238183468580246,0.1341012716293335,0.17164087295532227,0.06628825515508652,1.1416593790054321,0.4566285014152527,0.5163609385490417,0.214736208319664,0.20305952429771423,0.07571081072092056,0.17355601489543915,0.30277910828590393,0.12101627886295319,0.25208520889282227,0.15398576855659485,0.07483667135238647,0.29184818267822266,0.29183366894721985,0.08780792355537415,0.39178338646888733,0.21284174919128418,0.2968554198741913,0.08741012215614319,0.2012086808681488,0.20813217759132385,0.04567108675837517,0.52805095911026,0.15674962103366852,0.027022669091820717,0.0824560672044754,0.20342417061328888,0.188085675239563,0.15299569070339203,0.11187661439180374,0.16661392152309418,0.154939666390419,0.34353047609329224,0.07948219031095505,0.33091041445732117,0.31517812609672546,0.1063050702214241,0.10442664474248886
AI342,0.344827586,0.0,0.413793103,1.689655172,0.448275862,0.24137931,0.24137931,0.344827586,0.586206897,0.0,0.034482759,0.0,0.0,1.24137931,0.482758621,0.551724138,1.068965517,0.0,0.24137931,0.103448276,0.103448276,0.0,0.310344828,0.0,0.0,0.103448276,0.0,0.0,0.0,0.0,0.310344828,0.0,0.0,0.068965517,0.0,0.965517241,0.0,0.0,0.0,0.0,0.310344828,0.24137931,0.0,0.0,0.551724138,0.137931034,0.0,0.24137931,0.586206897,0.172413793,0.24137931,0.25813770294189453,0.04747883602976799,0.2787269651889801,0.6107569336891174,0.25704023241996765,0.11281801015138626,0.4304863214492798,0.22179676592350006,0.8048368096351624,0.13594573736190796,0.17569182813167572,0.2948327660560608,0.07148817181587219,0.9827061295509338,0.29570314288139343,0.39812764525413513,0.18513840436935425,0.14165370166301727,0.13759177923202515,0.9646837115287781,0.7108269929885864,0.016017599031329155,0.6828984022140503,0.15257170796394348,0.04194067418575287,0.13556316494941711,0.11373120546340942,0.1616252064704895,0.09216064214706421,0.19421780109405518,0.20396637916564941,0.10540801286697388,0.07285032421350479,0.21862468123435974,0.20187537372112274,0.40113481879234314,0.19361577928066254,0.0321224145591259,0.031678780913352966,0.0738288089632988,0.13545888662338257,0.18454104661941528,0.1329575926065445,0.2410404533147812,0.4606447219848633,0.2023501843214035,0.07853101193904877,0.2988695800304413,0.18143343925476074,0.092499278485775,0.09000187367200851
AI797,0.25,0.0,0.142857143,0.142857143,0.142857143,0.142857143,0.285714286,0.0,0.178571429,0.142857143,0.0,0.0,0.0,0.142857143,0.0,0.035714286,0.0,0.142857143,0.0,0.0,0.0,0.0,0.0,0.0,0.0,0.107142857,0.0,0.0,0.0,0.107142857,0.0,0.0,0.0,0.035714286,0.0,0.142857143,0.535714286,0.0,0.0,0.035714286,0.0,0.178571429,0.0,0.821428571,0.285714286,1.178571429,0.178571429,2.75,0.0,0.285714286,0.535714286,0.30898573994636536,0.1121545359492302,0.4883863627910614,0.12000174820423126,0.24124856293201447,0.33651673793792725,0.5679219961166382,0.23930791020393372,0.5062548518180847,0.3295497000217438,0.26891931891441345,0.1932063102722168,0.11378922313451767,0.6941001415252686,0.21453987061977386,0.25684279203414917,0.5156806707382202,0.2584695816040039,0.22708047926425934,0.08832445740699768,0.0713631734251976,0.07282822579145432,0.18648794293403625,0.08838056772947311,0.055032145231962204,0.11246676743030548,0.22555239498615265,0.14999167621135712,0.15978676080703735,0.14738550782203674,0.20977145433425903,0.11236977577209473,0.16629408299922943,0.20871180295944214,0.1327519714832306,0.347481906414032,0.2495727837085724,0.07488518953323364,0.18182800710201263,0.20801685750484467,0.18204057216644287,0.21150323748588562,0.08478833734989166,0.7395113110542297,0.4405886232852936,0.4948277175426483,0.3541094660758972,1.564136266708374,0.26580536365509033,0.18119165301322937,0.16244058310985565
AI897,0.379310345,0.034482759,0.586206897,0.24137931,0.413793103,0.310344828,0.689655172,0.172413793,0.551724138,0.620689655,0.103448276,0.103448276,0.0,0.551724138,0.655172414,0.275862069,0.103448276,0.068965517,0.068965517,0.551724138,0.379310345,0.0,0.310344828,0.206896552,0.0,0.24137931,0.103448276,0.0,0.0,0.551724138,0.24137931,0.137931034,0.0,0.551724138,0.344827586,0.103448276,0.068965517,0.0,0.068965517,0.0,0.0,0.103448276,0.103448276,0.034482759,0.344827586,0.310344828,0.275862069,0.068965517,0.0,0.0,0.0,0.7662526965141296,0.2817972004413605,0.5910192728042603,0.3769603967666626,0.4585023522377014,0.3545564115047455,0.5580117702484131,0.22468699514865875,0.44432106614112854,0.27068793773651123,0.2052924484014511,0.1301056444644928,0.08251608908176422,0.6592692136764526,0.29277166724205017,0.2488696128129959,0.12868526577949524,0.13747353851795197,0.06569472700357437,0.1939351111650467,0.31448671221733093,0.03958822041749954,0.20554566383361816,0.053118523210287094,0.048059653490781784,0.2202076017856598,0.05255421623587608,0.026598872616887093,0.05960460007190704,0.14890283346176147,0.08762018382549286,0.032411616295576096,0.030848268419504166,0.3537369668483734,0.09878774732351303,0.4832334518432617,0.1922568529844284,0.017994185909628868,0.012177198193967342,0.04911181330680847,0.11391998827457428,0.14853741228580475,0.051253922283649445,0.2969476282596588,0.2244151383638382,0.46366992592811584,0.2667604982852936,0.5029720067977905,0.18959543108940125,0.14632980525493622,0.10869942605495453
AJ070,0.0,0.0,0.233333333,0.3,0.333333333,0.333333333,0.433333333,0.0,1.066666667,0.066666667,0.0,0.266666667,0.0,1.733333333,0.666666667,0.5,2.5,0.0,0.133333333,0.033333333,0.233333333,0.0,0.0,0.066666667,0.0,0.2,0.0,0.0,0.0,0.0,0.533333333,0.0,0.0,0.166666667,0.0,0.066666667,0.033333333,0.0,0.0,0.0,0.0,0.033333333,0.066666667,0.433333333,0.133333333,0.1,0.0,0.0,0.066666667,0.033333333,0.0,0.2567185163497925,0.01173966284841299,0.3663635551929474,0.20445826649665833,0.4219452142715454,0.07906003296375275,0.22492492198944092,0.25930720567703247,0.6573224663734436,0.13854891061782837,0.0924912840127945,0.13626058399677277,0.04908621683716774,1.1416391134262085,0.6776659488677979,0.3565359115600586,0.5508215427398682,0.7285776734352112,0.7998714447021484,0.5134795904159546,0.4174611568450928,0.16358579695224762,0.24041295051574707,0.07879610359668732,0.055737290531396866,0.15984804928302765,0.03452220931649208,0.01734687015414238,0.03901958465576172,0.1705026775598526,0.16456365585327148,0.11454200744628906,0.07752235233783722,0.13681764900684357,0.031777359545230865,0.5143042802810669,0.1756778508424759,0.04503245651721954,0.012099487707018852,0.08489245176315308,0.36106613278388977,0.17078235745429993,0.06171248480677605,0.3366321921348572,0.29675009846687317,0.35836219787597656,0.07057591527700424,0.5242100954055786,0.2189561277627945,0.23229052126407623,0.07654725760221481
AJ192,0.133333333,0.0,0.4,0.0,0.366666667,0.0,1.0,0.433333333,1.1,0.0,0.0,0.6,0.1,1.8,0.566666667,0.4,2.3,0.1,0.0,0.1,0.1,0.0,0.1,0.0,0.0,0.066666667,0.0,0.0,0.0,0.333333333,0.266666667,0.0,0.0,0.066666667,0.0,0.066666667,0.033333333,0.033333333,0.0,0.133333333,0.0,0.0,0.166666667,0.9,0.166666667,0.0,0.0,0.0,0.066666667,0.033333333,0.0,0.3703813850879669,0.20470550656318665,0.39025598764419556,0.2734258770942688,0.28159281611442566,0.11853750795125961,0.3958640694618225,0.2035975456237793,0.9151124358177185,0.16232064366340637,0.2027849555015564,0.34163326025009155,0.06746906042098999,1.0553390979766846,0.22641125321388245,0.1913224458694458,0.3253343999385834,0.1291370838880539,0.04324885085225105,0.20948171615600586,0.4127737581729889,0.069356270134449,0.3257841467857361,0.20516300201416016,0.02629651129245758,0.1180330291390419,0.045808691531419754,0.07799556851387024,0.0985347256064415,0.3956790268421173,0.27710556983947754,0.11968450248241425,0.08793270587921143,0.14210744202136993,0.09672743827104568,0.3784258961677551,0.10237309336662292,0.037973061203956604,0.03198568895459175,0.13251517713069916,0.16191041469573975,0.16580860316753387,0.0824168473482132,0.19322992861270905,0.2220688760280609,0.27216988801956177,0.06887441128492355,0.22914281487464905,0.20343589782714844,0.10126596689224243,0.19167308509349823
AJ449,0.366666667,0.133333333,0.066666667,0.0,0.2,0.0,0.366666667,0.1,1.5,0.1,0.366666667,0.433333333,0.1,1.533333333,0.266666667,0.266666667,0.033333333,0.0,0.0,0.066666667,0.0,0.0,0.0,0.266666667,0.0,0.333333333,0.333333333,0.166666667,0.1,1.133333333,0.866666667,0.0,0.0,0.1,0.0,0.333333333,0.066666667,0.066666667,0.0,0.0,0.2,0.233333333,0.1,0.233333333,0.166666667,0.533333333,0.133333333,0.566666667,0.3,0.066666667,0.0,0.3822733461856842,0.1727292239665985,0.3583613932132721,0.2916221022605896,0.4334058165550232,0.13808074593544006,0.3561355173587799,0.21792387962341309,0.7854942083358765,0.19585508108139038,0.1296137124300003,0.19987893104553223,0.06080042943358421,1.2718168497085571,0.377208411693573,0.34680378437042236,0.41068780422210693,0.2981796860694885,0.10262192785739899,0.28670796751976013,0.27756839990615845,0.10452762991189957,0.3501637279987335,0.16043557226657867,0.026361143216490746,0.26948726177215576,0.1155615746974945,0.12953881919384003,0.31633317470550537,0.5635185241699219,0.2446250468492508,0.1093490794301033,0.07554946094751358,0.1819169521331787,0.04771186783909798,0.6293388605117798,0.1154760867357254,0.07593979686498642,0.031276870518922806,0.15010373294353485,0.19617298245429993,0.17103292047977448,0.07977800816297531,0.2142559140920639,0.16952133178710938,0.32059091329574585,0.07169579714536667,0.2370428740978241,0.22630976140499115,0.14817431569099426,0.09556405246257782
AJ601,0.620689655,0.172413793,0.482758621,0.0,0.793103448,0.034482759,0.586206897,0.068965517,0.793103448,0.103448276,0.0,0.068965517,0.0,0.896551724,0.448275862,0.310344828,0.206896552,0.068965517,0.0,0.344827586,0.137931034,0.0,0.172413793,0.0,0.137931034,0.103448276,0.0,0.0,0.0,0.275862069,0.068965517,0.0,0.0,0.172413793,0.206896552,0.586206897,0.0,0.0,0.0,0.0,0.275862069,0.068965517,0.068965517,0.275862069,0.310344828,0.620689655,0.172413793,0.586206897,0.310344828,0.482758621,0.448275862,0.3512800335884094,0.062305763363838196,0.3754022419452667,0.09969151020050049,0.2720666825771332,0.1017453521490097,0.21923628449440002,0.22478006780147552,0.41498860716819763,0.22082041203975677,0.11525275558233261,0.15926091372966766,0.045741625130176544,0.91596919298172,0.28150492906570435,0.29475271701812744,0.197221577167511,0.0942327231168747,0.08075036108493805,0.2891078293323517,0.23010259866714478,0.1303052306175232,0.2445756494998932,0.10837755352258682,0.021234391257166862,0.1349669098854065,0.46903854608535767,0.31056907773017883,0.37592294812202454,0.36793622374534607,0.27915623784065247,0.10961048305034637,0.242149218916893,0.17317816615104675,0.06643428653478622,0.35379570722579956,0.17373551428318024,0.032117635011672974,0.017292974516749382,0.10164602845907211,0.1347368210554123,0.14297957718372345,0.1764882504940033,0.18091227114200592,0.04774172976613045,0.316087007522583,0.10787718743085861,0.4318843185901642,0.16500647366046906,0.0976095125079155,0.14300188422203064
AJ809,0.133333333,0.0,0.366666667,0.0,0.133333333,0.0,0.066666667,0.066666667,0.2,0.0,0.0,0.0,0.0,0.7,0.3,0.333333333,0.133333333,0.2,0.066666667,1.7,2.433333333,0.133333333,0.766666667,0.233333333,0.133333333,0.0,0.166666667,0.2,0.0,0.333333333,0.2,0.1,0.0,0.166666667,0.1,0.4,0.133333333,0.0,0.133333333,0.0,0.433333333,0.333333333,0.0,0.0,0.033333333,0.233333333,0.0,0.433333333,0.366666667,0.066666667,0.0,0.20838046073913574,0.05327586457133293,0.2837304174900055,0.07760777324438095,0.31139564514160156,0.08297962695360184,0.17371585965156555,0.1903296858072281,0.4024411737918854,0.16955305635929108,0.0745680183172226,0.09758561849594116,0.04364588484168053,1.1190743446350098,0.3582909405231476,0.3999616205692291,0.2698458433151245,0.15773515403270721,0.1853189468383789,0.7366767525672913,1.099475622177124,0.1398230642080307,0.49194276332855225,0.24176496267318726,0.0364505797624588,0.15588264167308807,0.3318243622779846,0.24162746965885162,0.13931456208229065,0.20264188945293427,0.20307187736034393,0.12637992203235626,0.06670193374156952,0.1655537337064743,0.062000252306461334,0.3492518961429596,0.15528604388237,0.00639804033562541,0.01798763871192932,0.039674997329711914,0.16115637123584747,0.16216324269771576,0.10655288398265839,0.19464658200740814,0.15868066251277924,0.27892088890075684,0.1785106509923935,0.8864538669586182,0.18353480100631714,0.08220663666725159,0.07977791130542755
AJ862,0.066666667,0.0,0.133333333,0.1,0.033333333,0.0,0.3,0.1,0.5,0.1,0.3,0.066666667,0.1,0.633333333,0.233333333,0.2,0.2,0.033333333,0.0,0.2,0.066666667,0.0,0.0,0.133333333,0.033333333,0.0,0.0,0.333333333,0.066666667,0.333333333,0.1,0.033333333,0.1,0.066666667,0.133333333,0.8,0.8,0.733333333,0.0,0.333333333,0.366666667,0.133333333,0.3,1.3,0.433333333,0.366666667,0.033333333,0.0,0.666666667,0.1,0.1,0.41200822591781616,0.0731496512889862,0.42978206276893616,0.22825147211551666,0.23677413165569305,0.166457861661911,0.35714173316955566,0.2037496715784073,0.7036126255989075,0.15189173817634583,0.2023777812719345,0.2300119698047638,0.07085750252008438,1.0580655336380005,0.19141486287117004,0.2697157859802246,0.22353847324848175,0.06423775851726532,0.059064120054244995,0.052435074001550674,0.11565050482749939,0.05909951776266098,0.15771813690662384,0.09816303104162216,0.09828698635101318,0.27162647247314453,0.08777803182601929,0.11505761742591858,0.11318037658929825,0.13842463493347168,0.1938781589269638,0.12754134833812714,0.04234255477786064,0.2814989686012268,0.13630171120166779,0.48351621627807617,0.12219370901584625,0.29254665970802307,0.17758341133594513,0.21583200991153717,0.15828144550323486,0.20236073434352875,0.053749457001686096,0.5818808078765869,0.35013410449028015,0.39065051078796387,0.1475033015012741,0.414762943983078,0.251840204000473,0.16780291497707367,0.1327831745147705
AK366,0.566666667,0.0,0.433333333,0.0,0.133333333,0.1,0.433333333,0.333333333,1.533333333,0.366666667,0.2,0.4,0.0,1.733333333,0.333333333,0.3,0.433333333,0.033333333,0.033333333,0.1,0.1,0.0,0.566666667,0.233333333,0.066666667,0.2,0.0,0.133333333,0.0,0.3,0.4,0.0,0.1,0.166666667,0.0,0.233333333,0.1,0.0,0.0,0.0,0.1,0.333333333,0.066666667,0.3,0.2,0.8,0.333333333,0.733333333,0.3,0.0,0.133333333,0.3386480510234833,0.06263367831707001,0.4569704532623291,0.1119641661643982,0.3281724452972412,0.27435502409935,0.34347596764564514,0.2453272044658661,0.7820895910263062,0.7180669903755188,0.20592185854911804,0.19278563559055328,0.04601266607642174,1.5851436853408813,0.23155909776687622,0.2860145568847656,0.233973428606987,0.02525022253394127,0.04240908846259117,0.07442453503608704,0.17200951278209686,0.0138641856610775,0.27850547432899475,0.05148141831159592,0.024897543713450432,0.14883144199848175,0.051905445754528046,0.005061433184891939,0.05294312909245491,0.5014827251434326,0.19156402349472046,0.056453343480825424,0.009349383413791656,0.1317722350358963,0.004934696014970541,0.4110943078994751,0.18878741562366486,0.013861769810318947,0.014824374578893185,0.026316169649362564,0.11985903233289719,0.12598392367362976,0.05318239703774452,0.3454340994358063,0.17512871325016022,0.6273125410079956,0.2162868231534958,0.5750923752784729,0.15731510519981384,0.11271892488002777,0.1693928837776184
AK418,0.7,0.0,0.3,0.0,0.166666667,0.0,0.133333333,0.0,0.333333333,0.166666667,0.133333333,0.0,0.0,0.433333333,0.2,0.0,0.1,0.066666667,0.3,0.233333333,0.066666667,0.6,0.0,0.133333333,0.0,0.066666667,0.0,0.0,0.1,0.633333333,0.5,0.166666667,0.5,0.1,0.066666667,0.7,0.2,0.0,0.0,0.0,0.833333333,0.066666667,0.066666667,0.0,0.033333333,1.3,0.333333333,0.1,0.666666667,0.566666667,0.6,0.5268867015838623,0.020136144012212753,0.3707420825958252,0.07049480080604553,0.16003824770450592,0.14289167523384094,0.3548925518989563,0.16825014352798462,0.7358607649803162,0.28179094195365906,0.22543641924858093,0.23367352783679962,0.08153243362903595,0.7395270466804504,0.16289709508419037,0.10341470688581467,0.081444151699543,0.05262395739555359,0.24295899271965027,0.23045213520526886,0.1977303922176361,0.6311443448066711,0.11332859843969345,0.11703582108020782,0.0378020815551281,0.19401593506336212,0.047414232045412064,0.02923390083014965,0.1759970784187317,0.6680459380149841,0.41824591159820557,0.09151606261730194,0.24949274957180023,0.2106877565383911,0.0451081208884716,0.5391973853111267,0.1952526867389679,0.03359347581863403,0.01761815883219242,0.2159646600484848,0.2563978433609009,0.13081999123096466,0.09159217029809952,0.11710042506456375,0.15334591269493103,0.6371250152587891,0.1468779295682907,0.18906736373901367,0.4488373100757599,0.29669803380966187,0.3547501862049103
AK727,0.4,0.0,0.266666667,0.233333333,0.566666667,0.133333333,0.533333333,0.266666667,0.8,0.0,0.1,0.266666667,0.0,1.433333333,0.166666667,0.6,0.066666667,0.266666667,0.166666667,0.2,0.233333333,0.0,0.266666667,0.0,0.0,0.066666667,0.0,0.0,0.0,0.266666667,0.233333333,0.033333333,0.0,0.066666667,0.0,0.466666667,0.0,0.0,0.0,0.1,0.666666667,0.066666667,0.0,0.533333333,0.5,0.333333333,0.133333333,0.266666667,0.533333333,0.2,0.133333333,0.36222100257873535,0.06699059158563614,0.3992847204208374,0.22759954631328583,0.22177980840206146,0.1450764536857605,0.2835249900817871,0.2226254940032959,0.6603727340698242,0.15749378502368927,0.18645921349525452,0.25467413663864136,0.06086333841085434,1.0679872035980225,0.31029990315437317,0.3227601945400238,0.18291181325912476,0.0677325427532196,0.2741207778453827,0.33204397559165955,0.2701650857925415,0.5204187035560608,0.24017944931983948,0.2973114848136902,0.0659552812576294,0.1252737194299698,0.1758079081773758,0.16536229848861694,0.09249037504196167,0.4640749394893646,0.3280337452888489,0.1791945844888687,0.22563786804676056,0.18621660768985748,0.08768156915903091,0.45358502864837646,0.13094399869441986,0.08450701832771301,0.04817261919379234,0.29678934812545776,0.2028210163116455,0.1676476150751114,0.09773720055818558,0.3650253117084503,0.2496742308139801,0.37695109844207764,0.16619768738746643,0.5038176774978638,0.46200060844421387,0.280265212059021,0.2156047374010086
AL397,0.8,0.133333333,0.9,0.0,1.1,0.3,0.4,0.4,0.066666667,0.166666667,0.0,0.0,0.0,0.133333333,0.2,0.033333333,0.3,0.233333333,0.166666667,0.566666667,1.366666667,0.0,0.733333333,0.0,0.0,0.2,0.0,0.1,0.1,0.4,0.3,0.133333333,0.166666667,0.5,0.133333333,1.533333333,0.133333333,0.0,0.0,0.0,0.4,0.033333333,0.0,0.0,0.0,0.1,0.133333333,0.233333333,0.566666667,0.066666667,0.4,0.5515909790992737,0.10229112207889557,0.41280606389045715,0.26131361722946167,0.5573170781135559,0.1716492772102356,0.29718178510665894,0.17748866975307465,0.24233049154281616,0.2003857046365738,0.08494124561548233,0.06713614612817764,0.03360612317919731,0.6227476596832275,0.25163546204566956,0.2355033904314041,0.25258105993270874,0.11223835498094559,0.1689862161874771,0.6792369484901428,1.2703874111175537,0.23331360518932343,0.5994859337806702,0.1257273405790329,0.03752577304840088,0.1862177550792694,0.14086975157260895,0.15407413244247437,0.20716331899166107,0.19061939418315887,0.19766317307949066,0.3507072627544403,0.2358657419681549,0.3626165986061096,0.28802189230918884,0.8178421258926392,0.140812948346138,0.1112307533621788,0.08977440744638443,0.4651767909526825,0.31928277015686035,0.21270398795604706,0.17324165999889374,0.10821197926998138,0.13089987635612488,0.13537517189979553,0.17213210463523865,0.08181733638048172,0.44224217534065247,0.2203397899866104,0.10479451715946198
AL612,1.5,0.0,1.066666667,0.233333333,0.733333333,0.133333333,0.4,0.133333333,0.666666667,0.066666667,0.0,0.0,0.0,0.8,0.066666667,0.166666667,0.1,0.1,0.033333333,0.333333333,0.866666667,0.0,0.133333333,0.0,0.0,0.4,0.0,0.0,0.0,0.266666667,0.0,0.0,0.0,0.266666667,0.1,1.0,0.1,0.366666667,0.0,0.0,0.3,0.2,0.0,0.0,0.166666667,0.1,0.466666667,0.033333333,0.4,0.1,0.233333333,0.9097445011138916,0.06144147738814354,0.8212298154830933,0.19201871752738953,0.675769567489624,0.207985982298851,0.39734962582588196,0.19456128776073456,0.7180864214897156,0.17273378372192383,0.2562553584575653,0.2511034309864044,0.04997594282031059,0.9306026101112366,0.20793595910072327,0.2172306925058365,0.30979040265083313,0.06524059921503067,0.0510258786380291,0.4371081590652466,0.7389825582504272,0.05842892825603485,0.34207719564437866,0.07400227338075638,0.02781328186392784,0.1913152039051056,0.028103362768888474,0.006706904154270887,0.05130507051944733,0.2563350796699524,0.23217804729938507,0.03838242217898369,0.06997525691986084,0.36900392174720764,0.06351172178983688,0.7643926739692688,0.12249623239040375,0.09956423938274384,0.008991817012429237,0.047463640570640564,0.23098336160182953,0.14795731008052826,0.0592818446457386,0.12624631822109222,0.21005791425704956,0.24528145790100098,0.13585853576660156,0.12375125288963318,0.3244253695011139,0.19649027287960052,0.1895558089017868
AL679,0.233333333,0.066666667,0.433333333,0.1,0.366666667,0.333333333,0.366666667,0.066666667,0.333333333,0.933333333,0.0,0.1,0.0,0.666666667,0.0,0.2,0.033333333,0.0,0.133333333,0.0,0.133333333,0.0,0.033333333,0.0,0.0,0.166666667,0.0,0.0,0.0,0.4,0.133333333,0.1,0.333333333,0.033333333,0.1,0.766666667,1.166666667,1.166666667,0.2,0.6,0.2,0.0,0.566666667,0.233333333,0.1,0.666666667,0.4,0.133333333,0.1,0.233333333,0.1,0.8262702822685242,0.02223667874932289,0.6756079792976379,0.15047819912433624,0.44375312328338623,0.22347944974899292,0.5147416591644287,0.13437514007091522,0.5859943628311157,0.25800979137420654,0.15172749757766724,0.14473433792591095,0.03489872068166733,1.1136119365692139,0.22479651868343353,0.2814984917640686,0.16440394520759583,0.04749523848295212,0.09737072885036469,0.15167294442653656,0.23209251463413239,0.07933831959962845,0.19403867423534393,0.08969692885875702,0.07218524813652039,0.2540569305419922,0.06229981407523155,0.025120887905359268,0.16026237607002258,0.37480562925338745,0.20011954009532928,0.09784877300262451,0.2431827187538147,0.23470918834209442,0.05245356261730194,0.848475456237793,0.46494758129119873,0.21489329636096954,0.07818375527858734,0.1184171736240387,0.173934206366539,0.1414080709218979,0.1712588220834732,0.16379424929618835,0.15385426580905914,0.28331804275512695,0.14992886781692505,0.10358652472496033,0.1748208999633789,0.22224809229373932,0.1338295042514801
AM131,0.166666667,0.0,0.466666667,0.0,0.266666667,0.033333333,0.733333333,0.166666667,1.233333333,0.1,0.833333333,0.2,0.0,1.1,0.2,0.133333333,0.133333333,0.066666667,0.1,0.2,0.566666667,0.066666667,0.5,0.0,0.0,0.133333333,0.066666667,0.0,0.3,0.333333333,0.5,0.0,0.0,0.0,0.2,0.266666667,0.033333333,0.0,0.0,0.1,0.266666667,0.233333333,0.1,0.1,0.0,0.0,0.133333333,0.4,0.4,0.333333333,0.066666667,0.5966377258300781,0.23312169313430786,0.5487140417098999,0.21104827523231506,0.3380748927593231,0.27593904733657837,0.5200368165969849,0.22993171215057373,0.8067605495452881,0.3214157819747925,0.34328290820121765,0.2528744339942932,0.09366008639335632,1.0549821853637695,0.15816359221935272,0.2081228643655777,0.11807643622159958,0.06214265897870064,0.03693896904587746,0.10978395491838455,0.22745047509670258,0.041058264672756195,0.10798823833465576,0.06635791063308716,0.03187667578458786,0.1856006681919098,0.09481264650821686,0.31520840525627136,0.2096911519765854,0.23445579409599304,0.21448035538196564,0.03867891803383827,0.04783977195620537,0.06403576582670212,0.04815700650215149,0.38630297780036926,0.10350340604782104,0.0009611780988052487,0.047151096165180206,0.02076592855155468,0.12209820002317429,0.13966132700443268,0.05629657208919525,0.15719681978225708,0.1375577300786972,0.23032072186470032,0.21391576528549194,0.18893203139305115,0.1910204291343689,0.18706776201725006,0.13606524467468262
AM286,0.233333333,0.0,0.233333333,0.0,0.366666667,0.066666667,0.266666667,0.1,0.366666667,0.0,0.0,0.233333333,0.0,1.7,1.366666667,1.1,0.5,0.1,0.0,0.266666667,0.8,0.033333333,0.266666667,0.066666667,0.166666667,0.3,0.466666667,0.0,0.4,0.033333333,0.2,0.0,0.033333333,0.333333333,0.1,0.6,0.033333333,0.0,0.0,0.033333333,0.066666667,0.166666667,0.0,0.066666667,0.266666667,0.133333333,0.0,0.233333333,0.266666667,0.166666667,0.066666667,0.4173828661441803,0.15575866401195526,0.509264349937439,0.16514787077903748,0.32271409034729004,0.13068324327468872,0.5859222412109375,0.3126121759414673,0.8850611448287964,0.19158834218978882,0.3341081440448761,0.353091299533844,0.09397432953119278,1.2843990325927734,0.32540223002433777,0.3716960549354553,0.13933809101581573,0.047099873423576355,0.04926811531186104,0.20352841913700104,0.20341801643371582,0.050343841314315796,0.23408861458301544,0.06964511424303055,0.049281779676675797,0.22934281826019287,0.17022521793842316,0.04170442372560501,0.27303674817085266,0.3838789463043213,0.2753899395465851,0.0899653285741806,0.1533225178718567,0.17126263678073883,0.01724310964345932,0.3204326629638672,0.1813334822654724,0.02967389114201069,0.0360555537045002,0.13117262721061707,0.11957255750894547,0.13875550031661987,0.07451889663934708,0.20367221534252167,0.14699307084083557,0.32825854420661926,0.14277757704257965,0.4269862473011017,0.18424250185489655,0.19692546129226685,0.14328713715076447
AM518,0.4,0.0,0.666666667,1.5,0.633333333,0.433333333,0.333333333,0.4,0.2,0.066666667,0.0,0.0,0.0,1.066666667,0.3,0.566666667,0.1,0.233333333,0.2,0.166666667,0.266666667,0.0,0.233333333,0.0,0.1,0.3,0.133333333,0.0,0.0,0.133333333,0.2,0.0,0.0,0.1,0.0,0.3,0.0,0.0,0.0,0.0,0.2,0.0,0.0,0.166666667,0.8,0.066666667,0.0,0.266666667,0.366666667,0.066666667,0.133333333,0.2887485921382904,0.047072622925043106,0.47747325897216797,0.654941737651825,0.37107640504837036,0.22387492656707764,0.38141947984695435,0.33416101336479187,0.6552385091781616,0.13627742230892181,0.19813251495361328,0.2614082992076874,0.06862621009349823,1.3123726844787598,0.4413001239299774,0.46142926812171936,0.30891120433807373,0.11425226181745529,0.08340144902467728,0.25924792885780334,0.18504095077514648,0.08076363056898117,0.2457444667816162,0.12067557871341705,0.06877801567316055,0.1680673360824585,0.11972294002771378,0.11123424768447876,0.06261614710092545,0.13446973264217377,0.24501901865005493,0.07103724777698517,0.23340056836605072,0.17809291183948517,0.05834886059165001,0.4622771143913269,0.14924822747707367,0.02869611233472824,0.011291734874248505,0.04535986855626106,0.20626859366893768,0.21271765232086182,0.07788615673780441,0.22019879519939423,0.2738039195537567,0.34500637650489807,0.11990337818861008,0.3431425094604492,0.3176605701446533,0.14228521287441254,0.09924689680337906
AM654,0.166666667,0.1,0.4,0.7,0.366666667,0.033333333,0.0,0.133333333,0.366666667,0.0,0.0,0.0,0.0,0.666666667,0.3,0.3,0.366666667,0.0,0.0,0.733333333,1.633333333,0.0,1.1,0.0,0.166666667,0.066666667,0.0,0.266666667,0.033333333,0.0,0.033333333,0.0,0.0,0.366666667,0.0,0.666666667,0.1,0.2,0.0,0.033333333,0.233333333,0.0,0.0,0.133333333,0.533333333,0.0,0.0,0.366666667,0.1,0.2,0.1,0.5800458788871765,0.05035409331321716,0.6677636504173279,0.5799429416656494,0.5456730127334595,0.2018073946237564,0.2521510720252991,0.2572411298751831,0.3341100513935089,0.13131967186927795,0.11295214295387268,0.132734015583992,0.04744905233383179,1.177724003791809,0.2401534914970398,0.30994686484336853,0.1923694610595703,0.051076531410217285,0.05813143029808998,0.505713701248169,0.803791880607605,0.04078793525695801,0.2986052632331848,0.05006439611315727,0.030946720391511917,0.13623662292957306,0.05429431051015854,0.05270989611744881,0.04410634562373161,0.15228435397148132,0.1446085274219513,0.04060846194624901,0.045274242758750916,0.24999579787254333,0.042505744844675064,0.7115158438682556,0.1858367770910263,0.005910986103117466,0.009532502852380276,0.04257437586784363,0.15296299755573273,0.16295543313026428,0.08071748167276382,0.26481831073760986,0.36457493901252747,0.28927069902420044,0.17307060956954956,0.42073971033096313,0.31489357352256775,0.1545378863811493,0.12499327957630157
AM911,0.666666667,0.0,0.466666667,0.033333333,0.633333333,0.1,0.433333333,0.266666667,0.2,0.066666667,0.0,0.0,0.0,0.633333333,0.133333333,0.133333333,0.0,0.0,0.066666667,1.333333333,1.5,0.533333333,0.6,0.066666667,0.0,0.0,0.0,0.2,0.2,0.366666667,0.133333333,0.266666667,0.433333333,0.733333333,0.1,0.6,0.033333333,0.0,0.033333333,0.0,0.066666667,0.0,0.166666667,0.033333333,0.066666667,0.066666667,0.2,0.066666667,0.066666667,0.0,0.066666667,0.40999922156333923,0.16125957667827606,0.6251941323280334,0.21330626308918,0.4166668653488159,0.1834471970796585,0.5103327035903931,0.31991472840309143,0.7486975193023682,0.12217801809310913,0.2894485294818878,0.3356468975543976,0.0866667777299881,1.037074089050293,0.24906866252422333,0.35099679231643677,0.26882439851760864,0.10521972924470901,0.0727778822183609,0.429499089717865,0.6964823007583618,0.24367348849773407,0.29939761757850647,0.07953072339296341,0.03541255742311478,0.19311310350894928,0.07684233039617538,0.07157176733016968,0.11267957836389542,0.3832712173461914,0.21646733582019806,0.19360148906707764,0.8764501214027405,0.19705086946487427,0.10871779173612595,0.5289986729621887,0.11015986651182175,0.006056496407836676,0.029245857149362564,0.072984978556633,0.1523233950138092,0.15868766605854034,0.11997614055871964,0.2160191535949707,0.311092346906662,0.18350310623645782,0.14359307289123535,0.18167906999588013,0.18618561327457428,0.16911743581295013,0.06323244422674179
AN176,0.766666667,0.266666667,0.4,0.266666667,0.9,0.2,0.5,0.5,0.933333333,0.333333333,0.1,0.266666667,0.0,1.7,0.5,0.5,0.566666667,0.333333333,0.1,0.0,0.0,0.0,0.133333333,0.1,0.0,0.433333333,0.133333333,0.0,0.0,0.133333333,0.1,0.0,0.0,0.133333333,0.066666667,0.466666667,0.0,0.0,0.0,0.0,0.366666667,0.133333333,0.0,0.1,0.066666667,0.066666667,0.0,0.533333333,0.366666667,0.0,0.1,0.2678182125091553,0.06281589716672897,0.2792366147041321,0.537905216217041,0.3014789819717407,0.11371280997991562,0.29848557710647583,0.2457481026649475,0.8625504374504089,0.21083052456378937,0.15030419826507568,0.2221764475107193,0.04874623939394951,1.560150384902954,0.4904274344444275,0.3554915487766266,0.24321486055850983,0.12028131633996964,0.06888188421726227,0.4298519194126129,0.5369274616241455,0.1290779858827591,0.387376606464386,0.13659518957138062,0.17180584371089935,0.180487260222435,0.22827649116516113,0.11066131293773651,0.10250987112522125,0.3346022963523865,0.2667127251625061,0.12131887674331665,0.08711275458335876,0.1866188794374466,0.07432051748037338,0.3785296082496643,0.16578537225723267,0.052689746022224426,0.03324044495820999,0.13478785753250122,0.14775080978870392,0.17379629611968994,0.12989039719104767,0.29448845982551575,0.24549490213394165,0.6336256861686707,0.14935028553009033,0.7203090190887451,0.2680094540119171,0.11850465834140778,0.09355784952640533
AO055,0.333333333,0.0,0.7,0.333333333,0.466666667,0.433333333,0.466666667,0.533333333,0.633333333,0.0,0.166666667,0.266666667,0.0,1.233333333,0.266666667,0.4,0.366666667,0.0,0.0,0.133333333,0.366666667,0.133333333,0.066666667,0.266666667,0.1,0.0,0.566666667,0.133333333,0.533333333,0.366666667,0.266666667,0.466666667,0.566666667,0.0,0.266666667,0.433333333,0.133333333,0.1,0.4,1.266666667,0.233333333,0.133333333,0.066666667,0.233333333,0.233333333,0.366666667,0.0,0.066666667,0.233333333,0.233333333,0.0,0.30809304118156433,0.08987125009298325,0.3692728877067566,0.38134488463401794,0.47017890214920044,0.15160737931728363,0.5040531158447266,0.3330458104610443,0.6666728854179382,0.1522866040468216,0.2784852087497711,0.24349898099899292,0.11168036609888077,1.4196442365646362,0.345753937959671,0.32900071144104004,0.2623249292373657,0.10288446396589279,0.06342925876379013,0.16761504113674164,0.17839770019054413,0.14010941982269287,0.12107811868190765,0.145017609000206,0.021649332717061043,0.18168684840202332,0.11158373951911926,0.1156575009226799,0.14813372492790222,0.42473453283309937,0.4295443892478943,0.34057673811912537,0.22551126778125763,0.05889580398797989,0.05960708111524582,0.5756669044494629,0.06288033723831177,0.07127533853054047,0.06031911075115204,0.2917223274707794,0.16935770213603973,0.1313515454530716,0.07851862907409668,0.2135191112756729,0.189826101064682,0.1782512068748474,0.15622171759605408,0.14375711977481842,0.1307200938463211,0.1081538051366806,0.11202038079500198
AO060,0.5,0.0,0.833333333,0.1,1.166666667,0.433333333,0.2,0.366666667,0.266666667,0.033333333,0.0,0.0,0.0,0.6,0.266666667,0.2,0.4,0.3,0.066666667,0.433333333,0.8,0.0,0.733333333,0.0,0.0,0.066666667,0.0,0.0,0.0,0.266666667,0.133333333,0.066666667,0.0,0.933333333,0.0,1.366666667,0.233333333,0.0,0.033333333,0.366666667,0.333333333,0.266666667,0.0,0.3,0.2,0.166666667,0.233333333,0.2,0.733333333,0.733333333,0.0,0.4633811414241791,0.08034291118383408,0.791502058506012,0.2979978919029236,0.8230578899383545,0.2880167067050934,0.6875848174095154,0.3741638660430908,0.6558965444564819,0.26528677344322205,0.12784343957901,0.11734463274478912,0.07510998845100403,1.1508444547653198,0.31183767318725586,0.31291526556015015,0.36168262362480164,0.18695062398910522,0.06909975409507751,0.2834857702255249,0.4475609064102173,0.12586082518100739,0.1584501415491104,0.047510866075754166,0.026280341669917107,0.19525133073329926,0.04921879991889,0.044437531381845474,0.12665101885795593,0.20071780681610107,0.15814068913459778,0.06094548478722572,0.11813312768936157,0.35720402002334595,0.059986963868141174,0.8061505556106567,0.19847247004508972,0.0037141244392842054,0.017201904207468033,0.08004384487867355,0.24278078973293304,0.17240962386131287,0.1157103106379509,0.23860709369182587,0.2941143810749054,0.30474212765693665,0.14767183363437653,0.3791925609111786,0.2563146650791168,0.19524258375167847,0.15090709924697876
AO074,0.633333333,0.0,0.8,0.566666667,0.5,0.233333333,0.433333333,0.566666667,0.533333333,0.066666667,0.1,0.233333333,0.0,1.0,0.266666667,0.2,0.133333333,0.033333333,0.066666667,1.2,1.933333333,0.133333333,1.066666667,0.0,0.066666667,0.066666667,0.133333333,0.066666667,0.166666667,0.2,0.0,0.0,0.0,0.433333333,0.0,0.966666667,0.166666667,0.0,0.0,0.133333333,0.1,0.066666667,0.0,0.366666667,0.1,0.033333333,0.2,0.0,0.1,0.166666667,0.0,0.3120819330215454,0.035314999520778656,0.597570538520813,0.23694121837615967,0.592034637928009,0.22595417499542236,0.4056389629840851,0.4515822231769562,0.6405612826347351,0.13672928512096405,0.21454086899757385,0.2195408195257187,0.06999743729829788,1.191767930984497,0.3587418496608734,0.3462243378162384,0.3826579451560974,0.10921727865934372,0.0707266703248024,0.4476669430732727,0.43884754180908203,0.06632960587739944,0.3511505722999573,0.12212727218866348,0.04008745029568672,0.14801189303398132,0.06725592166185379,0.06499472260475159,0.11947339028120041,0.1413610726594925,0.22855544090270996,0.04679785296320915,0.053771212697029114,0.31670457124710083,0.0320814773440361,0.6342865228652954,0.1364808976650238,0.005056365393102169,0.00737703125923872,0.012960615567862988,0.22615155577659607,0.16870974004268646,0.09457836300134659,0.225795179605484,0.21178261935710907,0.22515012323856354,0.11315738409757614,0.38781648874282837,0.2294926941394806,0.16970233619213104,0.06975410133600235
AO208,0.333333333,0.0,0.233333333,0.066666667,0.266666667,0.0,0.233333333,0.066666667,0.7,0.1,0.1,0.1,0.066666667,0.6,0.433333333,0.266666667,0.1,0.033333333,0.0,0.766666667,0.333333333,0.633333333,0.233333333,0.133333333,0.0,0.0,0.966666667,0.1,0.866666667,1.0,0.466666667,0.6,1.4,0.5,0.333333333,1.433333333,0.233333333,0.233333333,0.533333333,1.066666667,0.033333333,0.1,0.2,0.0,0.166666667,0.4,0.133333333,0.0,0.133333333,0.0,0.0,0.2978534698486328,0.024288050830364227,0.39617154002189636,0.26241225004196167,0.31616148352622986,0.23165440559387207,0.3652031421661377,0.2074478715658188,0.8098539113998413,0.16604727506637573,0.31224361062049866,0.29199132323265076,0.06802263110876083,1.072989583015442,0.25935208797454834,0.32004648447036743,0.14135701954364777,0.10198703408241272,0.09205210953950882,0.2665870487689972,0.13375334441661835,0.3042399287223816,0.163532093167305,0.09374751150608063,0.0435943603515625,0.2772271931171417,0.20417235791683197,0.07606223970651627,0.7764831185340881,0.5253010392189026,0.30660173296928406,0.35112684965133667,1.0183076858520508,0.11511196941137314,0.15730664134025574,0.5906796455383301,0.12255869805812836,0.06835617125034332,0.25862741470336914,0.803668737411499,0.13807733356952667,0.14381043612957,0.10363662987947464,0.172610342502594,0.20044197142124176,0.2448064088821411,0.07270079106092453,0.14882832765579224,0.1633978635072708,0.09746946394443512,0.06953106075525284
AO500,0.1,0.0,0.5,0.3,0.1,0.133333333,0.233333333,0.6,0.1,0.0,0.0,0.0,0.0,1.366666667,0.6,0.833333333,0.3,0.5,0.9,0.6,0.566666667,0.333333333,0.4,0.233333333,0.0,0.266666667,0.066666667,0.2,0.2,0.4,0.1,0.433333333,1.833333333,0.233333333,0.0,0.333333333,0.266666667,0.0,0.033333333,0.066666667,0.233333333,0.0,0.066666667,0.166666667,0.166666667,0.2,0.033333333,0.166666667,0.1,0.0,0.0,0.21343697607517242,0.03907684609293938,0.2663044333457947,0.433530330657959,0.27536842226982117,0.12976008653640747,0.30865225195884705,0.3308558166027069,0.5956459641456604,0.1794349104166031,0.1236933171749115,0.13005606830120087,0.060569923371076584,1.4320347309112549,0.6048803925514221,0.43753543496131897,0.6119416356086731,0.5352218747138977,0.2445841282606125,0.43937206268310547,0.3930128514766693,0.4639154374599457,0.1627097725868225,0.24052321910858154,0.16055698692798615,0.2743118107318878,0.2470783144235611,0.10028427094221115,0.151447594165802,0.42138004302978516,0.24083192646503448,0.27824917435646057,1.2060214281082153,0.11223746091127396,0.03866669908165932,0.5307543277740479,0.13357605040073395,0.022488387301564217,0.050478000193834305,0.22039403021335602,0.20515044033527374,0.15873804688453674,0.11792135238647461,0.26684820652008057,0.2031770944595337,0.29339027404785156,0.09193328022956848,0.339718759059906,0.24473361670970917,0.17325648665428162,0.07666603475809097
AP164,1.066666667,0.0,1.5,0.066666667,0.366666667,0.033333333,0.2,0.333333333,1.2,0.1,0.366666667,0.733333333,0.1,1.7,0.266666667,0.533333333,0.6,0.0,0.066666667,0.433333333,0.533333333,0.166666667,0.366666667,0.166666667,0.0,0.066666667,0.1,0.033333333,0.0,0.5,0.3,0.133333333,0.566666667,0.5,0.2,0.566666667,0.0,0.0,0.0,0.0,0.3,0.333333333,0.0,0.2,0.133333333,0.5,0.266666667,0.4,0.233333333,0.3,0.133333333,0.6150981187820435,0.05339166522026062,0.7202218174934387,0.19621941447257996,0.39760127663612366,0.1379379779100418,0.3540556728839874,0.19134701788425446,0.6012963056564331,0.14643655717372894,0.1961871236562729,0.2930271029472351,0.0805843397974968,1.0146976709365845,0.21519580483436584,0.23348025977611542,0.28397539258003235,0.06664671003818512,0.04817129671573639,0.3061884343624115,0.28898507356643677,0.087674580514431,0.32223501801490784,0.17906102538108826,0.03267849609255791,0.14621448516845703,0.05803077295422554,0.06182190775871277,0.1355711668729782,0.5902414917945862,0.37645041942596436,0.08043194562196732,0.12874530255794525,0.1567564457654953,0.07455906271934509,0.42040544748306274,0.13660214841365814,0.023784784600138664,0.013571225106716156,0.08285866677761078,0.1570100337266922,0.16113156080245972,0.11770561337471008,0.18585869669914246,0.2162737101316452,0.398150235414505,0.14571607112884521,0.4603765308856964,0.18100309371948242,0.12549366056919098,0.13742461800575256
AP385,0.433333333,0.033333333,0.066666667,0.0,0.366666667,0.066666667,0.433333333,0.1,1.633333333,0.033333333,0.233333333,0.3,0.366666667,1.333333333,0.466666667,0.3,0.2,0.0,0.0,0.066666667,0.0,0.1,0.0,0.1,0.1,0.133333333,0.433333333,0.033333333,0.366666667,0.4,0.866666667,1.133333333,0.3,0.0,0.3,0.766666667,0.233333333,0.266666667,0.366666667,1.9,0.3,0.2,0.2,0.066666667,0.0,0.066666667,0.1,0.133333333,0.1,0.133333333,0.066666667,0.3251830041408539,0.0639800950884819,0.4227445125579834,0.32513362169265747,0.3744785189628601,0.13818369805812836,0.39334699511528015,0.2244809865951538,0.6857325434684753,0.12476223707199097,0.29236045479774475,0.36147820949554443,0.0809941366314888,1.157675862312317,0.28408169746398926,0.3019269108772278,0.1928142011165619,0.05556212365627289,0.055509112775325775,0.30440396070480347,0.3897741138935089,0.30194148421287537,0.1889766901731491,0.22275637090206146,0.05289226397871971,0.17033371329307556,0.1629742980003357,0.16844934225082397,0.6324687600135803,0.42198315262794495,0.34859901666641235,0.5170114040374756,0.4130064845085144,0.12133916467428207,0.1380452662706375,0.6778879165649414,0.09670402109622955,0.12952670454978943,0.24706290662288666,1.2654740810394287,0.14869511127471924,0.1353841871023178,0.1250191330909729,0.2103036493062973,0.2037169486284256,0.14031101763248444,0.07614227384328842,0.14681237936019897,0.1640709489583969,0.11427434533834457,0.052357252687215805
AP431,0.133333333,0.0,0.266666667,0.433333333,0.066666667,0.066666667,0.3,0.233333333,3.166666667,0.0,0.7,2.366666667,0.233333333,2.566666667,0.566666667,0.266666667,0.1,0.0,0.0,0.233333333,0.4,0.266666667,0.2,0.066666667,0.0,0.033333333,0.0,0.0,0.0,0.333333333,0.266666667,0.233333333,1.033333333,0.066666667,0.0,0.333333333,0.166666667,0.0,0.1,0.1,0.233333333,0.266666667,0.066666667,0.133333333,0.3,0.233333333,0.066666667,0.233333333,0.233333333,0.0,0.166666667,0.2366313487291336,0.04807667061686516,0.35127589106559753,0.15785451233386993,0.20829901099205017,0.11996392160654068,0.30830878019332886,0.2079867273569107,1.0594382286071777,0.14301881194114685,0.2047416865825653,0.6637071967124939,0.0691523402929306,1.131621241569519,0.31059780716896057,0.34413108229637146,0.2322850525379181,0.09985463321208954,0.17253777384757996,0.40297237038612366,0.2227649688720703,0.4028857946395874,0.21498645842075348,0.13632117211818695,0.05218461528420448,0.29488322138786316,0.0951087474822998,0.05000855028629303,0.3267819583415985,0.4181959331035614,0.3469010591506958,0.2982332408428192,0.975792646408081,0.09882050007581711,0.03942355513572693,0.5546560883522034,0.15880347788333893,0.01470647007226944,0.036360688507556915,0.18616575002670288,0.21686594188213348,0.14578256011009216,0.0922432467341423,0.23798973858356476,0.17507827281951904,0.17772117257118225,0.05450158566236496,0.34784361720085144,0.20828570425510406,0.10596710443496704,0.07110588997602463
AP524,0.233333333,0.066666667,0.366666667,0.5,0.233333333,0.133333333,0.466666667,0.9,0.4,0.0,0.066666667,0.133333333,0.1,1.133333333,0.466666667,0.333333333,0.5,0.066666667,0.133333333,0.4,0.366666667,0.5,0.133333333,0.3,0.0,0.233333333,0.133333333,0.166666667,0.0,0.4,0.5,0.466666667,1.6,0.166666667,0.0,0.833333333,0.166666667,0.233333333,0.133333333,0.3,0.733333333,0.1,0.5,0.233333333,0.166666667,0.366666667,0.066666667,0.0,0.633333333,0.0,0.0,0.3860894441604614,0.0314909964799881,0.4488547146320343,0.1440117210149765,0.41003280878067017,0.16081422567367554,0.21113964915275574,0.2507350444793701,0.5647825598716736,0.11203734576702118,0.13385188579559326,0.13566836714744568,0.045565515756607056,1.221935749053955,0.32704320549964905,0.365472674369812,0.4201127886772156,0.19496528804302216,0.16431941092014313,0.4032968282699585,0.292515367269516,0.3599049746990204,0.17976096272468567,0.15082359313964844,0.023854240775108337,0.21312645077705383,0.05858564376831055,0.03881218284368515,0.17721718549728394,0.31486833095550537,0.24084793031215668,0.2126435488462448,1.0199607610702515,0.2230338752269745,0.0747360959649086,0.7651429772377014,0.21904167532920837,0.1308639645576477,0.03311527520418167,0.2203609198331833,0.47280776500701904,0.16090933978557587,0.22510983049869537,0.17595800757408142,0.17639298737049103,0.11978781968355179,0.09168094396591187,0.2560344338417053,0.25295597314834595,0.17342840135097504,0.08133099228143692
AP591,0.8,1.533333333,0.533333333,0.233333333,0.6,0.166666667,0.866666667,0.6,1.833333333,0.066666667,0.266666667,0.766666667,0.3,1.7,0.166666667,0.166666667,0.0,0.0,0.0,0.3,0.366666667,0.166666667,0.1,0.066666667,0.066666667,0.266666667,0.166666667,0.033333333,0.0,0.266666667,0.1,0.0,0.166666667,0.1,0.066666667,0.166666667,0.0,0.0,0.066666667,0.0,0.233333333,0.2,0.133333333,0.3,0.1,0.1,0.166666667,0.066666667,0.466666667,0.3,0.066666667,0.6928844451904297,0.11229260265827179,0.7323220372200012,0.3030819594860077,0.5763723850250244,0.23664312064647675,0.6464233994483948,0.31601229310035706,0.7920626997947693,0.12979218363761902,0.35898253321647644,0.25030717253685,0.09617818146944046,1.3244986534118652,0.3186614215373993,0.35908734798431396,0.27733314037323,0.10045500099658966,0.048670776188373566,0.37490689754486084,0.3760334849357605,0.05146895349025726,0.13300560414791107,0.047452412545681,0.04452141001820564,0.1842203140258789,0.051315829157829285,0.063081294298172,0.15646567940711975,0.18880902230739594,0.2493499368429184,0.028290778398513794,0.049239061772823334,0.3750968277454376,0.04995914548635483,0.8850914835929871,0.08670566231012344,0.004622749052941799,0.008061608299612999,0.030004218220710754,0.2378370612859726,0.143129363656044,0.10490033030509949,0.2022421956062317,0.19013524055480957,0.18193498253822327,0.1238119974732399,0.2346530705690384,0.272327721118927,0.21303869783878326,0.06961698830127716
AP781,0.4,0.1,0.433333333,0.0,0.233333333,0.066666667,0.066666667,0.166666667,0.2,0.066666667,0.0,0.266666667,0.133333333,0.566666667,0.066666667,0.0,0.066666667,0.066666667,0.1,1.566666667,1.666666667,0.466666667,0.366666667,0.466666667,0.0,0.333333333,0.5,0.533333333,0.866666667,0.566666667,0.233333333,0.3,1.833333333,0.2,0.133333333,0.533333333,0.233333333,0.033333333,0.266666667,0.2,0.0,0.033333333,0.133333333,0.033333333,0.0,0.2,0.133333333,0.1,0.066666667,0.1,0.0,0.5158594846725464,0.19831669330596924,0.5577468276023865,0.10218778252601624,0.20413322746753693,0.22622445225715637,0.3610597848892212,0.16177265346050262,0.5965130925178528,0.18343476951122284,0.22176557779312134,0.17578911781311035,0.10271336883306503,0.9211390018463135,0.2672664523124695,0.2105019986629486,0.15601958334445953,0.10564523190259933,0.12333991378545761,0.3820745050907135,0.5097180604934692,0.3736043870449066,0.28605377674102783,0.15052959322929382,0.05846119299530983,0.614733099937439,0.06496377289295197,0.08077797293663025,0.2265348881483078,0.3895993232727051,0.22076673805713654,0.1814238429069519,1.0821410417556763,0.2464497685432434,0.05324309691786766,0.686491847038269,0.136043518781662,0.011863095685839653,0.019332587718963623,0.07821541279554367,0.17683188617229462,0.13977250456809998,0.12030523270368576,0.15663444995880127,0.11399653553962708,0.29125916957855225,0.1013140007853508,0.23552940785884857,0.1987963616847992,0.19425497949123383,0.06680779904127121
AP990,0.433333333,0.133333333,0.2,0.0,0.0,0.0,0.1,0.166666667,0.8,0.0,0.333333333,0.266666667,0.066666667,0.733333333,0.433333333,0.266666667,0.166666667,0.0,0.0,0.333333333,0.166666667,0.566666667,0.066666667,0.8,0.033333333,0.3,0.4,0.366666667,1.4,0.366666667,0.466666667,1.3,0.466666667,0.0,0.233333333,0.233333333,0.033333333,0.3,0.233333333,1.633333333,0.0,0.066666667,0.166666667,0.0,0.0,0.1,0.0,0.066666667,0.0,0.133333333,0.0,0.45941823720932007,0.1556590348482132,0.5044575333595276,0.0703015998005867,0.3346214294433594,0.11694588512182236,0.5476940870285034,0.17178009450435638,1.0417213439941406,0.21848416328430176,0.41716262698173523,0.6031540632247925,0.10255798697471619,0.8537076711654663,0.1872999519109726,0.2664187550544739,0.15281902253627777,0.05098779872059822,0.05296624079346657,0.28504887223243713,0.2463119924068451,0.4592916965484619,0.29497331380844116,0.37089383602142334,0.042570002377033234,0.1678989678621292,0.3130611777305603,0.483761727809906,0.815157413482666,0.4326725900173187,0.4355744421482086,0.4369075298309326,0.3127199709415436,0.12773141264915466,0.14879675209522247,0.3982524573802948,0.1716032475233078,0.19312678277492523,0.1347367912530899,0.9627023935317993,0.12305545061826706,0.13203927874565125,0.1302713304758072,0.17944380640983582,0.1335839033126831,0.4221152663230896,0.19921757280826569,0.4456194341182709,0.1810493767261505,0.1554538905620575,0.062394898384809494
AQ008,0.566666667,0.233333333,0.333333333,0.166666667,0.266666667,0.1,0.433333333,0.7,0.766666667,0.166666667,0.166666667,0.4,0.1,1.3,0.633333333,0.966666667,0.033333333,0.0,0.033333333,0.0,0.0,0.0,0.1,0.0,0.033333333,0.1,0.266666667,0.1,0.133333333,0.166666667,0.266666667,0.0,0.0,0.0,0.0,0.2,0.0,0.0,0.0,0.066666667,0.066666667,0.166666667,0.0,0.033333333,0.066666667,0.066666667,0.033333333,0.5,0.2,0.0,0.0,0.30446040630340576,0.045501966029405594,0.41893821954727173,0.10899215936660767,0.28509485721588135,0.10983643680810928,0.20113031566143036,0.12705576419830322,0.28023967146873474,0.12505915760993958,0.10206900537014008,0.10251826047897339,0.046609435230493546,0.5194867253303528,0.1828548014163971,0.23380163311958313,0.09252390265464783,0.11410533636808395,0.05669625848531723,0.16682130098342896,0.2738574743270874,0.09234178811311722,0.15499062836170197,0.05648961290717125,0.11514097452163696,0.10046913474798203,0.3713188171386719,0.3708277642726898,0.36629459261894226,0.258191853761673,0.16400445997714996,0.15358984470367432,0.013999829068779945,0.2546933889389038,0.17093446850776672,0.3870600759983063,0.23353330790996552,0.008105544373393059,0.12365536391735077,0.12928661704063416,0.11375817656517029,0.14808610081672668,0.07194186002016068,0.2455269992351532,0.08342807739973068,0.3248513340950012,0.13165847957134247,0.408841073513031,0.11425964534282684,0.09804034978151321,0.12736499309539795
AQ563,0.5,0.2,0.2,0.0,0.166666667,0.0,0.466666667,0.5,1.7,0.2,0.666666667,0.733333333,0.3,1.9,0.7,0.733333333,0.066666667,0.0,0.0,0.0,0.2,0.0,0.1,0.0,0.066666667,0.1,0.066666667,0.166666667,0.033333333,0.333333333,0.333333333,0.066666667,0.1,0.066666667,0.0,0.3,0.1,0.0,0.0,0.233333333,0.2,0.0,0.1,0.2,0.0,0.1,0.0,0.366666667,0.066666667,0.0,0.0,0.2629673182964325,0.04485643282532692,0.17351412773132324,0.0941937267780304,0.10788913071155548,0.08616148680448532,0.22512103617191315,0.12791499495506287,0.41594070196151733,0.10551058501005173,0.1486649364233017,0.13158926367759705,0.05854061245918274,0.7915782928466797,0.1777804046869278,0.2588813006877899,0.10180632025003433,0.10715191066265106,0.07211003452539444,0.14474625885486603,0.2607226073741913,0.09448971599340439,0.15111227333545685,0.07939595729112625,0.053341686725616455,0.11420650780200958,0.5090864896774292,0.4715839624404907,0.5471073985099792,0.4170176684856415,0.2983566224575043,0.12558317184448242,0.08008114993572235,0.20428809523582458,0.09650728106498718,0.35479646921157837,0.1367965042591095,0.010100061073899269,0.09173252433538437,0.11468655616044998,0.09211662411689758,0.13853886723518372,0.07810473442077637,0.14939235150814056,0.07211118191480637,0.1412477195262909,0.06795105338096619,0.17658959329128265,0.09480023384094238,0.07110326737165451,0.10592970997095108
AF301,0.1875,0.125,0.21875,0.125,0.40625,0.09375,0.34375,0.25,0.40625,0.09375,0.0625,0.125,0.0,0.59375,0.21875,0.34375,0.0625,0.0625,0.1875,0.75,0.9375,0.0,0.71875,0.25,0.125,0.3125,0.0,0.0,0.0,0.03125,0.15625,0.0,0.0,0.0625,0.0,0.8125,0.3125,0.0,0.0,0.125,0.375,0.71875,0.0,0.25,0.375,0.65625,0.3125,0.96875,0.34375,0.03125,0.15625,0.30949634313583374,0.3266943097114563,0.611369252204895,0.3531913161277771,0.3561713397502899,0.28368645906448364,0.4641626179218292,0.3569987416267395,0.888325572013855,0.21020057797431946,0.2927631437778473,0.39914247393608093,0.0739760473370552,1.193655252456665,0.1907111257314682,0.2896779179573059,0.1607401967048645,0.06862632930278778,0.042976122349500656,0.022088896483182907,0.09868564456701279,0.0018847747705876827,0.15770471096038818,0.07563282549381256,0.03159286826848984,0.2595256567001343,0.030744099989533424,0.02425684593617916,0.0386962853372097,0.07496611028909683,0.1468432992696762,0.019938506186008453,-0.0004006183589808643,0.013922915793955326,0.05559764429926872,0.5357437133789062,0.42683982849121094,0.004899255931377411,0.010546392761170864,0.019271912053227425,0.1285082995891571,0.19133040308952332,0.018078390508890152,0.434673935174942,0.4446234703063965,0.33094897866249084,0.17425334453582764,0.852388858795166,0.431278258562088,0.2608000338077545,0.17095424234867096
AF442,0.1875,0.15625,0.15625,0.0,0.0,0.09375,0.53125,0.125,0.4375,0.09375,0.0,0.15625,0.0625,0.8125,0.5,0.125,0.0625,0.15625,0.09375,0.0,0.03125,0.0,0.34375,0.125,0.09375,0.3125,0.09375,0.0625,0.4375,0.21875,0.65625,0.1875,0.0,0.4375,0.0,0.9375,0.4375,0.0,0.09375,0.53125,0.25,0.59375,0.15625,0.03125,0.28125,1.0,0.15625,0.65625,0.625,0.21875,0.46875,0.19498121738433838,0.07159507274627686,0.2383759468793869,0.32797423005104065,0.27270448207855225,0.13692432641983032,0.4529736638069153,0.3200783133506775,1.0025508403778076,0.17921902239322662,0.44819340109825134,0.5655817985534668,0.08124452829360962,1.19829261302948,0.22933904826641083,0.28829291462898254,0.22049595415592194,0.0591781921684742,0.036061301827430725,0.035687562078237534,0.2831166386604309,-0.001299358787946403,0.1470906287431717,0.08275383710861206,0.12346337735652924,0.2171771377325058,0.0916372537612915,0.037053272128105164,0.4462317228317261,0.35525667667388916,0.4780990183353424,0.05628174915909767,0.007792117539793253,0.13333308696746826,0.0038518363144248724,0.6620234251022339,0.4927978813648224,0.0033383953850716352,0.08003143221139908,0.19816802442073822,0.11564405262470245,0.17043045163154602,0.1007695347070694,0.3055025339126587,0.13705530762672424,0.38003554940223694,0.10338421165943146,0.5694100856781006,0.18126806616783142,0.13973507285118103,0.07814177870750427
AG346,0.133333333,0.133333333,0.633333333,2.166666667,0.433333333,0.166666667,0.233333333,0.2,1.366666667,0.166666667,0.366666667,0.233333333,0.0,2.033333333,0.2,0.4,0.433333333,0.0,0.0,0.0,0.1,0.0,0.133333333,0.0,0.0,0.066666667,0.0,0.0,0.0,0.066666667,0.233333333,0.0,0.133333333,0.0,0.0,0.2,0.1,0.0,0.0,0.0,0.1,0.0,0.0,0.366666667,0.633333333,0.133333333,0.0,0.466666667,0.1,0.066666667,0.0,0.2411566972732544,0.00825892947614193,0.43236321210861206,1.2003471851348877,0.1920313537120819,0.24532322585582733,0.3032539486885071,0.25399643182754517,0.9239603281021118,0.13822409510612488,0.14746053516864777,0.5382663607597351,0.05322813615202904,1.3567390441894531,0.17191413044929504,0.33312156796455383,0.2567354738712311,0.022320779040455818,0.03763049840927124,0.04760771617293358,0.06491400301456451,-0.001285242848098278,0.11392200738191605,0.01776270382106304,0.014892728067934513,0.08618896454572678,0.03915112093091011,0.04125504195690155,0.024871395900845528,0.043308526277542114,0.1959449201822281,0.02528398297727108,0.04624871909618378,0.06482985615730286,0.002314769197255373,0.45754924416542053,0.1779489517211914,0.024085668846964836,0.010951725766062737,0.022700848057866096,0.18945471942424774,0.2763594686985016,0.01684630662202835,0.7584533095359802,0.7636528015136719,0.21491065621376038,0.0641753226518631,0.6137601137161255,0.252194344997406,0.03415362536907196,0.12342532724142075
AG742,0.166666667,0.0,0.766666667,0.4,0.3,0.1,1.2,0.3,0.933333333,0.3,0.1,0.833333333,0.166666667,1.466666667,0.1,0.366666667,0.266666667,0.0,0.033333333,0.066666667,0.066666667,0.066666667,0.066666667,0.066666667,0.0,0.0,0.0,0.0,0.0,0.033333333,0.033333333,0.0,0.0,0.0,0.033333333,0.633333333,0.133333333,0.0,0.0,0.0,0.133333333,0.133333333,0.0,1.1,0.3,0.2,0.033333333,0.466666667,0.566666667,0.166666667,0.0,0.44531625509262085,0.028901930898427963,0.9642230272293091,0.2717982530593872,0.36084604263305664,0.28671807050704956,1.0046995878219604,0.1645231992006302,0.9455047249794006,0.6862839460372925,0.4263381063938141,0.40930110216140747,0.09827297925949097,1.1534359455108643,0.14755336940288544,0.30392977595329285,0.22706881165504456,0.07806885242462158,0.04110817238688469,0.03809178248047829,0.04662368446588516,-0.004064186476171017,0.07934185862541199,0.010901996865868568,0.015312770381569862,0.10098978877067566,0.02705393359065056,-0.002546718344092369,0.020392943173646927,0.04535108432173729,0.13310658931732178,0.014100278727710247,0.0010582495015114546,0.01811460219323635,0.0615566186606884,0.30323919653892517,0.2327406108379364,0.00917690061032772,0.01063283160328865,0.014447699300944805,0.12582795321941376,0.22327202558517456,0.015762189403176308,0.47425422072410583,0.3850376307964325,0.09575432538986206,0.09737512469291687,0.4236789047718048,0.1860005408525467,0.06489519029855728,0.06008252128958702
AH286,0.4,0.066666667,0.233333333,0.166666667,0.266666667,0.2,0.6,0.066666667,0.533333333,0.0,0.0,0.133333333,0.0,0.9,0.466666667,0.266666667,0.533333333,0.0,0.066666667,0.1,0.3,0.033333333,0.133333333,0.0,0.0,0.633333333,0.0,0.0,0.0,0.066666667,0.1,0.0,0.0,0.133333333,0.2,1.2,0.266666667,0.0,0.0,0.033333333,0.2,0.3,0.0,0.933333333,0.666666667,0.066666667,0.0,0.433333333,0.633333333,0.166666667,0.366666667,0.37969937920570374,0.144491046667099,0.46598055958747864,0.43915027379989624,0.4856055974960327,0.28215089440345764,0.3027348816394806,0.3203171491622925,0.5468480587005615,0.1319531351327896,0.07246607542037964,0.18970094621181488,0.06549020856618881,0.9275674223899841,0.2779550850391388,0.34112003445625305,0.33609238266944885,0.15662825107574463,0.11440879106521606,0.09157488495111465,0.08001614362001419,0.09381039440631866,0.12450534850358963,0.11262957751750946,0.0313187800347805,0.17959867417812347,0.02425440214574337,0.007293276488780975,0.02561284229159355,0.09614228457212448,0.13116306066513062,0.17864005267620087,0.34897658228874207,0.1552385836839676,0.22751617431640625,0.8536768555641174,0.3418114185333252,0.009332728572189808,0.013165237382054329,0.1170259565114975,0.23789583146572113,0.26882216334342957,0.0854761078953743,0.4986605644226074,0.3626902401447296,0.2658841609954834,0.0771198496222496,0.49174514412879944,0.5465121865272522,0.13184210658073425,0.32855671644210815
AH664,0.2,0.0,0.233333333,0.0,0.333333333,0.066666667,0.633333333,0.366666667,0.933333333,0.1,0.266666667,0.233333333,0.0,0.866666667,0.433333333,0.433333333,0.366666667,0.0,0.033333333,0.033333333,0.066666667,0.0,0.066666667,0.0,0.066666667,0.533333333,0.233333333,0.2,1.033333333,0.4,0.7,0.333333333,0.0,0.3,0.0,0.833333333,0.333333333,0.0,0.233333333,0.166666667,0.266666667,0.266666667,0.2,0.4,0.3,0.233333333,0.0,0.0,0.2,0.0,0.1,0.20626097917556763,0.0074482811614871025,0.3441115915775299,0.15812601149082184,0.26920780539512634,0.16891448199748993,0.45805683732032776,0.25013184547424316,0.8544567227363586,0.1123279556632042,0.42624589800834656,0.47645875811576843,0.09812097996473312,1.1476386785507202,0.3597364127635956,0.33644333481788635,0.27785149216651917,0.04937940090894699,0.05539046227931976,0.04904033988714218,0.09164635092020035,0.0008978969999589026,0.230302631855011,0.059306297451257706,0.08024448156356812,0.4036480784416199,0.16904067993164062,0.019526565447449684,0.6309661269187927,0.3349705934524536,0.3879540264606476,0.15235714614391327,0.008959842845797539,0.1772635132074356,-0.000657055526971817,0.7129603028297424,0.27269819378852844,0.0369582362473011,0.12281997501850128,0.051778409630060196,0.18194203078746796,0.2751809358596802,0.16613125801086426,0.43695399165153503,0.18488280475139618,0.28546205163002014,0.05436563491821289,0.5481324791908264,0.1770225465297699,0.1492353230714798,0.13855913281440735
AI665,0.25,0.035714286,0.214285714,0.071428571,0.357142857,0.0,0.642857143,0.178571429,1.178571429,0.107142857,0.178571429,0.642857143,0.25,0.857142857,0.321428571,0.357142857,0.392857143,0.035714286,0.0,0.392857143,0.25,0.214285714,0.0,0.178571429,0.0,0.285714286,0.0,0.035714286,0.107142857,0.0,0.821428571,0.035714286,0.071428571,0.071428571,0.0,0.142857143,0.035714286,0.0,0.0,0.392857143,0.0,0.0,0.178571429,0.178571429,0.0,0.0,0.107142857,0.107142857,0.071428571,0.0,0.0,0.05930183082818985,0.04266577214002609,0.2673836648464203,0.12365805357694626,0.08926309645175934,0.0984756201505661,0.525867223739624,0.17780965566635132,1.9342981576919556,0.15572667121887207,0.39362138509750366,0.9962530136108398,0.1117076426744461,1.3833110332489014,0.21545542776584625,0.2219812124967575,0.2068968415260315,0.06969985365867615,0.04939725995063782,0.11758801341056824,0.13236790895462036,0.03545817732810974,0.12631137669086456,0.03472941368818283,0.010828191414475441,0.16104081273078918,0.04570138826966286,0.009653143584728241,0.19305101037025452,0.2290319949388504,0.901893138885498,0.021841034293174744,0.008819584734737873,0.09247369319200516,0.047739215195178986,0.07183798402547836,0.04119955375790596,0.00599296297878027,0.012866155244410038,0.2688407897949219,0.08360711485147476,0.1322312355041504,0.15919508039951324,0.3766152262687683,0.09334945678710938,0.07375945150852203,0.0559934601187706,0.16332580149173737,0.14958171546459198,0.0411900095641613,0.07584163546562195
AI768,0.275862069,0.034482759,0.620689655,0.206896552,0.413793103,0.0,0.482758621,0.103448276,1.724137931,0.068965517,0.24137931,0.689655172,0.0,0.827586207,0.0,0.0,0.310344828,0.068965517,0.0,0.310344828,0.103448276,0.0,0.0,0.103448276,0.0,0.0,0.0,0.0,0.275862069,0.24137931,0.793103448,0.0,0.275862069,0.24137931,0.0,0.137931034,0.0,0.0,0.206896552,0.206896552,0.0,0.103448276,0.172413793,0.448275862,0.137931034,0.0,0.0,0.379310345,0.0,0.068965517,0.103448276,0.05930183082818985,0.04266577214002609,0.2673836648464203,0.12365805357694626,0.08926309645175934,0.0984756201505661,0.525867223739624,0.17780965566635132,1.9342981576919556,0.15572667121887207,0.39362138509750366,0.9962530136108398,0.1117076426744461,1.3833110332489014,0.21545542776584625,0.2219812124967575,0.2068968415260315,0.06969985365867615,0.04939725995063782,0.11758801341056824,0.13236790895462036,0.03545817732810974,0.12631137669086456,0.03472941368818283,0.010828191414475441,0.16104081273078918,0.04570138826966286,0.009653143584728241,0.19305101037025452,0.2290319949388504,0.901893138885498,0.021841034293174744,0.008819584734737873,0.09247369319200516,0.047739215195178986,0.07183798402547836,0.04119955375790596,0.00599296297878027,0.012866155244410038,0.2688407897949219,0.08360711485147476,0.1322312355041504,0.15919508039951324,0.3766152262687683,0.09334945678710938,0.07375945150852203,0.0559934601187706,0.16332580149173737,0.14958171546459198,0.0411900095641613,0.07584163546562195
AI780,0.142857143,0.0,0.178571429,0.0,0.321428571,0.178571429,0.464285714,0.0,0.928571429,0.392857143,0.0,0.142857143,0.0,1.357142857,0.321428571,0.25,0.357142857,0.107142857,0.0,1.285714286,2.285714286,0.071428571,0.535714286,0.0,0.142857143,0.321428571,0.107142857,0.678571429,0.142857143,0.178571429,0.0,0.0,0.0,0.178571429,0.0,0.214285714,0.035714286,0.0,0.0,0.0,0.142857143,0.0,0.0,0.035714286,0.0,0.0,0.0,0.107142857,0.178571429,0.0,0.0,0.29175055027008057,0.05442911386489868,0.5855538845062256,0.06609506905078888,0.3362320363521576,0.2954375445842743,0.8676280379295349,0.15811556577682495,0.7938218116760254,0.22952067852020264,0.1299569308757782,0.23437458276748657,0.1049545630812645,1.0571178197860718,0.2262236773967743,0.18548324704170227,0.22320574522018433,0.08812998980283737,0.059650812298059464,0.6700940132141113,0.8844304084777832,0.008381177671253681,0.5848877429962158,0.10171069204807281,0.13815835118293762,0.24984607100486755,0.058039892464876175,0.18191669881343842,0.20151618123054504,0.13003644347190857,0.15276673436164856,0.02718406356871128,0.005662338342517614,0.11629755795001984,0.03301592543721199,0.20738022029399872,0.04915575310587883,0.0014121949207037687,0.009423550218343735,0.0028591156005859375,0.12787584960460663,0.18228600919246674,0.04931307211518288,0.1751696616411209,0.02410370670258999,0.06483148783445358,0.21985727548599243,0.16672807931900024,0.22197453677654266,0.21917244791984558,0.04296659678220749
AA160,0.0,0.0,0.384615385,0.423076923,0.0,0.0,0.0,0.0,0.0,0.0,0.0,0.0,0.0,0.192307692,0.0,0.0,0.0,0.0,0.0,0.153846154,0.0,0.115384615,0.0,0.0,0.0,0.153846154,0.846153846,0.0,0.5,0.769230769,0.115384615,0.346153846,0.0,0.269230769,0.0,0.384615385,0.038461538,0.0,0.538461538,1.884615385,0.576923077,0.384615385,0.038461538,0.692307692,0.615384615,0.0,0.115384615,0.038461538,0.615384615,0.076923077,0.115384615,0.17641271650791168,0.03614150732755661,0.6943381428718567,0.2510269284248352,0.5030376315116882,0.30022019147872925,0.17769183218479156,0.27841851115226746,0.2390574961900711,0.11188177019357681,0.08989092707633972,0.065180703997612,0.050906822085380554,0.6255146265029907,0.1568203568458557,0.1568838655948639,0.12692710757255554,0.22489137947559357,0.052150093019008636,0.10272836685180664,0.06437428295612335,0.08210721611976624,0.10213375836610794,0.1305532604455948,0.04062793403863907,0.12112671136856079,0.6305223703384399,0.04524096101522446,0.33885759115219116,0.3841796815395355,0.1248011440038681,0.24470500648021698,0.12384813278913498,0.16530390083789825,0.08078030496835709,0.7096072435379028,0.07702929526567459,0.05514119192957878,0.3025417625904083,0.8520472645759583,0.6881276965141296,0.4150618016719818,0.11452492326498032,0.20675329864025116,0.228831946849823,0.1124393418431282,0.08775644749403,0.031232791021466255,0.31132230162620544,0.15418009459972382,0.10651236027479172
AA420,0.884615385,2.846153846,0.0,0.230769231,0.153846154,0.0,0.576923077,0.346153846,0.346153846,0.0,0.038461538,0.0,0.0,0.230769231,0.0,0.0,0.0,0.0,0.0,0.0,0.0,0.0,0.230769231,0.115384615,0.0,0.115384615,0.0,0.0,0.0,0.0,0.0,0.0,0.0,0.0,0.0,0.0,0.0,0.0,0.0,0.0,0.038461538,0.115384615,0.0,0.0,0.346153846,0.0,0.346153846,0.153846154,0.5,0.0,0.0,0.6332587003707886,2.7557854652404785,0.09329444915056229,0.06469283252954483,0.02017136663198471,0.11836779117584229,0.4628137946128845,0.4343126118183136,0.318770170211792,0.129388228058815,0.1486441045999527,0.15626060962677002,0.1516774296760559,0.4566492438316345,0.07872893661260605,0.05176037922501564,0.03903720900416374,0.014113370329141617,0.03972715139389038,0.0014453952899202704,0.04054723680019379,0.0005682675982825458,0.060885749757289886,0.011352255009114742,0.09573546051979065,0.10164965689182281,0.05563557147979736,0.005001116078346968,0.03666454926133156,0.16750533878803253,0.027208933606743813,0.014254426583647728,-0.0014152349904179573,0.0034272612538188696,-0.0030855361837893724,0.020180458202958107,0.026247544214129448,0.09716128557920456,0.009723583236336708,0.15045703947544098,0.06324885785579681,0.16044482588768005,0.16027911007404327,0.10508785396814346,0.25743892788887024,0.01466511283069849,0.21167506277561188,0.07794898748397827,0.22321905195713043,0.044831447303295135,0.038572363555431366
AA495,0.076923077,0.0,0.076923077,0.0,0.115384615,0.230769231,0.0,0.5,0.0,0.0,0.038461538,0.0,0.192307692,1.0,0.153846154,0.115384615,0.0,0.192307692,0.0,0.807692308,0.961538462,0.0,0.807692308,0.692307692,0.730769231,0.653846154,0.346153846,1.692307692,0.576923077,0.0,0.0,0.0,0.153846154,0.346153846,0.230769231,0.076923077,0.0,0.0,0.0,0.0,0.038461538,0.0,0.0,0.0,0.153846154,0.0,0.0,0.0,0.192307692,0.0,0.0,0.37417978048324585,0.09257165342569351,0.35602402687072754,0.5013363361358643,0.38814544677734375,0.14925158023834229,0.41846147179603577,0.34824317693710327,0.7405762672424316,0.12805402278900146,0.30706873536109924,0.2623942196369171,0.2075362652540207,1.2473077774047852,0.38834697008132935,0.28935661911964417,0.12250962108373642,0.1401480883359909,0.04815197363495827,0.7577260136604309,1.1972380876541138,0.026853514835238457,0.4790239930152893,0.26911792159080505,0.46742430329322815,0.6033032536506653,0.17583568394184113,0.5308738946914673,0.20469404757022858,0.1576194167137146,0.1690097153186798,0.10028818994760513,0.10005806386470795,0.08398254960775375,0.10511299222707748,0.2422119528055191,0.12754392623901367,0.029008809477090836,0.018708018586039543,0.05831323564052582,0.18356885015964508,0.20595084130764008,0.05126403644680977,0.31774744391441345,0.6110572814941406,0.1658826321363449,0.1398753821849823,0.13074442744255066,0.18607303500175476,0.14962327480316162,0.05282159522175789
AB633,0.0,0.0,0.0,0.666666667,0.222222222,0.0,0.0,0.0,0.0,0.0,0.0,0.0,0.166666667,0.611111111,0.0,0.0,0.0,0.0,0.0,0.222222222,0.444444444,0.0,0.166666667,0.5,0.0,0.0,0.611111111,0.388888889,0.5,0.0,0.055555556,0.444444444,0.444444444,0.166666667,0.388888889,0.555555556,0.0,0.555555556,0.0,1.277777778,0.0,0.166666667,0.0,1.611111111,0.777777778,0.333333333,0.0,0.444444444,0.0,0.055555556,0.0,0.18528273701667786,0.0766330137848854,0.30152928829193115,0.5905530452728271,0.13227450847625732,0.16664497554302216,0.22813144326210022,0.1683758795261383,0.39717212319374084,0.13024796545505524,0.10866069048643112,0.11424228549003601,0.10711714625358582,0.4401406943798065,0.270587682723999,0.09283146262168884,0.06466091424226761,0.055673323571681976,0.11561998724937439,0.3086830675601959,0.19798903167247772,0.2927902340888977,0.16152089834213257,0.25047028064727783,0.09415224194526672,0.19133706390857697,0.7314675450325012,0.18595805764198303,0.4020928740501404,0.25372859835624695,0.1762562096118927,0.3913295269012451,0.45500102639198303,0.2884504497051239,0.17324070632457733,0.4012201726436615,0.12584398686885834,0.41565918922424316,0.16619716584682465,0.751655101776123,0.10179713368415833,0.14580954611301422,0.08514571189880371,2.0797512531280518,1.8050007820129395,0.5238595008850098,0.10698090493679047,0.46512261033058167,0.12716999650001526,0.09798654168844223,0.04810323938727379
AD074,0.1875,0.5625,0.1875,0.0,0.0,0.125,0.0625,0.0,1.3125,0.125,0.1875,0.4375,0.125,1.5625,0.25,0.375,0.0,0.3125,0.0,0.0,0.0,0.0,0.0,0.0,0.0,0.0,0.0,0.0625,0.0,0.0625,0.75,0.0,0.0,0.0,0.0,0.0625,0.125,0.0,0.0,0.0,0.0,1.1875,0.0,0.0,0.0625,0.1875,0.0,0.4375,0.1875,0.0,0.0,0.31436192989349365,0.018290726467967033,0.3611316382884979,0.09349995851516724,0.1666310727596283,0.09785440564155579,0.17597512900829315,0.1437446027994156,0.22122761607170105,0.1085209921002388,0.0640314370393753,0.08782722800970078,0.040284253656864166,0.40790680050849915,0.20882771909236908,0.11648821085691452,0.14190158247947693,0.15054993331432343,0.19608134031295776,0.3319435119628906,0.36572104692459106,0.19631782174110413,0.27999475598335266,0.17932094633579254,0.03922456130385399,0.11348659545183182,0.11313517391681671,0.10055286437273026,0.23297984898090363,0.2016131728887558,0.25605642795562744,0.16941611468791962,0.4058195948600769,0.22689135372638702,0.12394317239522934,0.3777608871459961,0.11594674736261368,0.22455990314483643,0.025540068745613098,0.16473811864852905,0.102249875664711,0.1522727906703949,0.10126287490129471,0.16756224632263184,0.10806670784950256,0.09823034703731537,0.06029187887907028,0.1684214472770691,0.18204833567142487,0.14641420543193817,0.12635798752307892
AD737,0.230769231,0.0,0.461538462,0.538461538,0.0,0.307692308,0.0,0.307692308,0.769230769,0.0,0.230769231,0.076923077,0.0,0.384615385,0.0,0.0,0.0,0.0,0.0,0.0,0.0,0.0,0.0,0.0,0.0,0.0,0.0,0.0,0.0,0.0,0.384615385,0.0,0.0,0.153846154,0.0,0.538461538,0.153846154,0.0,0.0,0.076923077,0.461538462,0.615384615,0.307692308,0.307692308,0.692307692,0.230769231,0.0,0.538461538,0.230769231,0.153846154,0.230769231,0.2226647138595581,0.04760156571865082,0.28261417150497437,0.17528143525123596,0.16106562316417694,0.11092815548181534,0.20981307327747345,0.20658138394355774,0.5229233503341675,0.1294725239276886,0.2376278191804886,0.32438144087791443,0.07081781327724457,0.9908743500709534,0.22966021299362183,0.26463571190834045,0.17397426068782806,0.0745067447423935,0.07981409132480621,0.2509753108024597,0.08881031721830368,0.08732332289218903,0.16798534989356995,0.09259571880102158,0.04975215718150139,0.12973466515541077,0.08567659556865692,0.03598645329475403,0.1878524273633957,0.3747747540473938,0.2722475826740265,0.07488193362951279,0.11370643228292465,0.0635979026556015,0.059216950088739395,0.42876172065734863,0.25274980068206787,0.1961609423160553,0.012473372742533684,0.1300361305475235,0.16028060019016266,0.2757713794708252,0.10517492145299911,0.23069819808006287,0.19077549874782562,0.29574939608573914,0.13261252641677856,0.4952685534954071,0.24785985052585602,0.13704344630241394,0.0671384334564209
AE004,0.642857143,0.607142857,0.892857143,0.357142857,0.214285714,0.142857143,0.535714286,0.142857143,0.642857143,0.178571429,0.75,0.142857143,0.142857143,0.678571429,0.0,0.107142857,0.0,0.142857143,0.0,0.071428571,0.071428571,0.0,0.25,0.0,0.0,0.0,0.321428571,0.0,0.214285714,0.321428571,0.25,0.0,0.0,0.035714286,0.035714286,0.0,0.214285714,0.0,0.035714286,0.0,0.107142857,0.107142857,0.0,0.214285714,0.142857143,0.214285714,0.5,0.285714286,0.392857143,0.5,0.0,0.4561019837856293,0.24909839034080505,0.522756040096283,0.6625141501426697,0.34386497735977173,0.19839006662368774,0.5692365765571594,0.25071847438812256,1.0963715314865112,0.1364210844039917,0.506069540977478,0.31231772899627686,0.10807960480451584,1.122829556465149,0.1646507829427719,0.2174532562494278,0.06945392489433289,0.022927843034267426,0.0403573252260685,0.08186834305524826,0.24299050867557526,0.007267781067639589,0.20721973478794098,0.05467388406395912,0.038094718009233475,0.1279303878545761,0.09869351983070374,0.08369222283363342,0.1706375926733017,0.14856791496276855,0.2986455261707306,0.10876614600419998,0.03601774200797081,0.12713944911956787,0.08005473762750626,0.4320468306541443,0.11348237842321396,0.009546001441776752,0.020923495292663574,0.0848364531993866,0.14576934278011322,0.13353462517261505,0.0358806774020195,0.21680085361003876,0.4433671832084656,0.1280520111322403,0.20787814259529114,0.1662083864212036,0.20228664577007294,0.21107834577560425,0.04644959792494774
AE574,0.37037037,0.481481481,0.296296296,0.111111111,0.333333333,0.074074074,0.296296296,0.0,0.777777778,0.222222222,0.592592593,0.407407407,0.111111111,0.111111111,0.111111111,0.0,0.074074074,0.0,0.0,0.0,0.111111111,0.0,0.148148148,0.111111111,0.0,0.0,0.222222222,0.444444444,0.925925926,0.259259259,0.925925926,0.111111111,0.0,0.148148148,0.0,0.222222222,0.0,0.0,0.888888889,1.037037037,0.185185185,0.148148148,0.296296296,0.185185185,0.222222222,0.407407407,0.222222222,0.333333333,0.185185185,0.0,0.0,0.42564454674720764,0.15550284087657928,0.539583146572113,0.2863955795764923,0.314272940158844,0.21336482465267181,0.5541245937347412,0.21067550778388977,1.1573998928070068,0.27539587020874023,0.6478605270385742,0.6035550236701965,0.11170686036348343,1.1062215566635132,0.1285712867975235,0.33404046297073364,0.17772944271564484,0.1514596939086914,0.05886024981737137,0.11810172349214554,0.14931344985961914,0.14507539570331573,0.13427989184856415,0.09923530369997025,0.06363125890493393,0.23308801651000977,0.11947233229875565,0.17060129344463348,0.3692193627357483,0.23447991907596588,0.47227850556373596,0.1107257530093193,0.26783129572868347,0.16840744018554688,0.09582647681236267,0.44899964332580566,0.2364344298839569,0.02673506736755371,0.21717669069766998,0.36328932642936707,0.10034854710102081,0.12440042197704315,0.07772379368543625,0.6952951550483704,0.35703665018081665,0.4058437943458557,0.3525986075401306,0.2693527340888977,0.23875071108341217,0.19303952157497406,0.16866442561149597
AE958,0.074074074,0.0,0.444444444,2.481481481,0.0,0.333333333,0.111111111,0.074074074,0.259259259,0.148148148,0.0,0.074074074,0.0,1.037037037,0.481481481,0.444444444,0.296296296,0.185185185,0.0,0.0,0.0,0.0,0.0,0.0,0.074074074,0.0,0.222222222,0.0,0.0,0.037037037,0.0,0.0,0.0,0.0,0.037037037,0.111111111,0.740740741,0.0,0.0,0.0,0.296296296,0.592592593,0.0,0.666666667,1.037037037,1.666666667,0.259259259,1.333333333,0.37037037,0.0,0.0,0.26690226793289185,0.06867653131484985,0.48894640803337097,1.0455496311187744,0.26686179637908936,0.21130739152431488,0.30478402972221375,0.20749767124652863,0.36866989731788635,0.1300176978111267,0.12028540670871735,0.1200421154499054,0.04466962814331055,0.8505674600601196,0.18346229195594788,0.2669438421726227,0.1256904900074005,0.08408813923597336,0.06059649959206581,0.12327278405427933,0.2529509961605072,0.031974468380212784,0.1503966599702835,0.030332157388329506,0.022885192185640335,0.12554316222667694,0.046269334852695465,0.045434050261974335,0.035247962921857834,0.08175918459892273,0.14697355031967163,0.050042856484651566,0.060647837817668915,0.09768559038639069,0.059081465005874634,0.4176969826221466,0.270378440618515,0.04244968295097351,0.038053251802921295,0.08102597296237946,0.14568868279457092,0.19037330150604248,0.08699287474155426,0.7550904750823975,1.1331707239151,0.6054590344429016,0.14506478607654572,0.8002458214759827,0.2606278359889984,0.098014697432518,0.09651100635528564
AG456,0.133333333,0.066666667,0.3,0.0,0.433333333,0.2,0.466666667,0.0,0.333333333,0.066666667,0.233333333,0.5,0.0,1.133333333,0.466666667,0.366666667,0.3,0.066666667,0.066666667,0.9,0.666666667,0.0,0.8,0.1,0.1,0.066666667,0.233333333,0.133333333,0.133333333,0.033333333,0.233333333,0.066666667,0.0,0.0,0.0,0.533333333,0.166666667,0.0,0.0,0.0,0.133333333,0.366666667,0.133333333,0.3,0.266666667,0.0,0.0,0.066666667,0.433333333,0.0,0.033333333,0.15711694955825806,0.01574629545211792,0.2835841178894043,0.2639225125312805,0.22374288737773895,0.1766016185283661,0.26895758509635925,0.2411242127418518,0.4713248014450073,0.11086146533489227,0.12472508102655411,0.22198674082756042,0.056086696684360504,1.0529301166534424,0.5533914566040039,0.41420361399650574,0.2778080403804779,0.17159317433834076,0.12320084869861603,0.33710402250289917,0.2303968369960785,0.05939497798681259,0.22619937360286713,0.08047187328338623,0.05232444033026695,0.16437727212905884,0.08052241057157516,0.1796383410692215,0.056647755205631256,0.10147853195667267,0.1637478768825531,0.0688948854804039,0.05229255557060242,0.1553971916437149,0.04414326697587967,0.4699626863002777,0.16401533782482147,0.020170776173472404,0.009351649321615696,0.0627836212515831,0.2754046618938446,0.23229119181632996,0.044999655336141586,0.2663457691669464,0.440604031085968,0.1790897250175476,0.06575516611337662,0.2207607924938202,0.33727967739105225,0.11509346961975098,0.08789489418268204
AH448,0.166666667,0.133333333,0.266666667,0.0,0.366666667,0.1,0.766666667,0.366666667,1.533333333,0.266666667,0.733333333,1.433333333,0.433333333,1.6,0.7,0.566666667,0.166666667,0.0,0.0,0.133333333,0.133333333,0.0,0.133333333,0.0,0.0,0.0,0.0,0.0,0.1,0.166666667,0.333333333,0.066666667,0.0,0.033333333,0.0,0.433333333,0.066666667,0.0,0.033333333,0.0,0.0,0.1,0.0,0.333333333,0.066666667,0.0,0.0,0.133333333,0.0,0.033333333,0.0,0.24455511569976807,0.0831696018576622,0.3657127618789673,0.49527549743652344,0.25940197706222534,0.2715282440185547,0.4853875935077667,0.32200533151626587,0.8081324100494385,0.1687738597393036,0.40970468521118164,0.27724701166152954,0.08952860534191132,1.2254252433776855,0.3023262619972229,0.3667067289352417,0.07836499065160751,0.08313077688217163,0.07386073470115662,0.13200239837169647,0.206803098320961,0.03150302171707153,0.21235348284244537,0.0977071225643158,0.040643926709890366,0.15697741508483887,0.22426161170005798,0.12103180587291718,0.17793934047222137,0.12779083847999573,0.21491079032421112,0.10724066197872162,0.04119209200143814,0.10627944022417068,0.031524479389190674,0.49033960700035095,0.19100652635097504,0.02444763295352459,0.04073740914463997,0.11907395720481873,0.18104343116283417,0.15949688851833344,0.049453478306531906,0.2100917249917984,0.41291317343711853,0.29543688893318176,0.11693938076496124,0.22589828073978424,0.2926611602306366,0.13711422681808472,0.0619763508439064
AH612,0.1,0.0,0.366666667,0.166666667,0.433333333,0.2,0.233333333,0.066666667,1.1,0.0,0.066666667,0.6,0.066666667,1.0,0.333333333,0.366666667,0.6,0.133333333,0.233333333,0.166666667,0.0,0.033333333,0.366666667,0.0,0.0,0.166666667,0.033333333,0.0,0.0,0.033333333,0.166666667,0.133333333,0.166666667,0.066666667,0.0,0.5,0.133333333,0.0,0.0,0.0,0.333333333,0.233333333,0.133333333,1.133333333,0.6,0.066666667,0.133333333,0.166666667,0.4,0.033333333,0.166666667,0.2055491954088211,-5.439593223854899e-06,0.3015640676021576,0.2999439239501953,0.2573961913585663,0.15966744720935822,0.35392606258392334,0.2257678359746933,0.6881318688392639,0.12089662253856659,0.13953423500061035,0.30206137895584106,0.068058542907238,0.7846300005912781,0.22195540368556976,0.30871379375457764,0.13668636977672577,0.15131433308124542,0.19576728343963623,0.11878710240125656,0.0834464281797409,0.09056965261697769,0.2306126356124878,0.06175605207681656,0.025822700932621956,0.15151207149028778,0.05259842798113823,0.03495965152978897,0.05661412701010704,0.11589428782463074,0.23087620735168457,0.24123577773571014,0.24937035143375397,0.17751073837280273,0.037855781614780426,0.5754886865615845,0.2010972946882248,0.04726848751306534,0.034127432852983475,0.08582869172096252,0.3868844211101532,0.24876685440540314,0.07741467654705048,0.8698326349258423,0.5765488147735596,0.4243467152118683,0.049032751470804214,0.45389917492866516,0.3414459824562073,0.08783486485481262,0.19276070594787598
AH677,0.433333333,0.0,0.266666667,0.2,0.233333333,0.0,0.666666667,0.166666667,0.6,0.066666667,0.466666667,0.233333333,0.4,1.7,0.333333333,0.9,0.3,0.0,0.1,0.033333333,0.0,0.1,0.166666667,0.1,1.066666667,1.1,0.533333333,0.466666667,0.8,0.266666667,0.0,0.233333333,0.0,0.0,0.066666667,0.166666667,0.0,0.0,0.0,0.066666667,0.1,0.0,0.0,0.0,0.0,0.0,0.0,0.0,0.0,0.0,0.1,0.35183167457580566,0.07348757982254028,0.27297019958496094,0.13661880791187286,0.38408270478248596,0.1376480609178543,0.43988922238349915,0.24018722772598267,1.2301054000854492,0.14494098722934723,0.3839820325374603,0.44962865114212036,0.16193364560604095,1.2957513332366943,0.28284117579460144,0.3744806945323944,0.11205479502677917,0.13693198561668396,0.05001698434352875,0.13970854878425598,0.16383083164691925,0.06446728110313416,0.1826241910457611,0.2869485914707184,0.6784741282463074,0.6820623278617859,0.23761437833309174,0.48055845499038696,0.3303147852420807,0.28601980209350586,0.4929767847061157,0.07217873632907867,0.1860610544681549,0.03031793236732483,0.09919458627700806,0.17836317420005798,0.07829167693853378,0.0173035915941,0.041795164346694946,0.04589380323886871,0.09503406286239624,0.18050837516784668,0.03857724368572235,0.13069242238998413,0.06441295892000198,0.09177131205797195,0.09546138346195221,0.13035815954208374,0.13310104608535767,0.1370648443698883,0.07184386253356934
AH733,0.366666667,0.0,0.3,0.033333333,0.066666667,0.066666667,0.366666667,0.066666667,0.4,0.0,0.066666667,0.0,0.0,0.4,0.0,0.133333333,0.3,0.2,0.0,0.366666667,0.0,0.166666667,0.0,0.0,0.0,0.0,0.0,0.0,0.033333333,0.233333333,0.4,0.566666667,2.966666667,0.366666667,0.033333333,0.333333333,0.133333333,0.0,0.0,0.033333333,0.2,0.233333333,0.1,0.3,0.3,0.1,0.0,0.133333333,0.166666667,0.133333333,0.233333333,0.26274797320365906,0.04962713643908501,0.2676754593849182,0.09001977741718292,0.10696359723806381,0.20326310396194458,0.2612197697162628,0.11715953797101974,0.24064567685127258,0.11861860752105713,0.062491483986377716,0.06523782014846802,0.04395298287272453,0.3869170546531677,0.11449100077152252,0.12771128118038177,0.04912066459655762,0.08956475555896759,0.04867032542824745,0.3568447232246399,0.11313865333795547,0.28029873967170715,0.13063040375709534,0.1237276941537857,0.029539601877331734,0.09301517903804779,0.07397755235433578,0.06743413954973221,0.1289588063955307,0.21336857974529266,0.37484925985336304,0.6455821394920349,2.6160123348236084,0.19121195375919342,0.2081824392080307,0.4149116277694702,0.16522157192230225,0.03098270669579506,0.09392786026000977,0.10712434351444244,0.12955884635448456,0.12367404252290726,0.07778018712997437,0.5635161995887756,0.38136428594589233,0.2968406081199646,0.057044949382543564,0.23560994863510132,0.24733978509902954,0.06185312196612358,0.05309746414422989
AJ490,0.066666667,0.0,0.1,0.566666667,0.166666667,0.066666667,0.533333333,0.333333333,1.5,0.2,0.366666667,0.3,0.0,1.4,0.833333333,0.433333333,0.7,0.2,0.0,0.1,0.2,0.0,0.2,0.0,0.0,0.1,0.0,0.0,0.333333333,0.0,0.0,0.0,0.0,0.1,0.2,0.6,0.166666667,0.0,0.0,0.0,0.1,0.1,0.0,0.9,0.6,0.3,0.0,0.466666667,0.0,0.233333333,0.1,0.6032596230506897,0.11846066266298294,0.5723138451576233,0.2585811913013458,0.6626206040382385,0.1598864048719406,0.3699100911617279,0.25637009739875793,0.5665928721427917,0.14179834723472595,0.1959983855485916,0.29546934366226196,0.08784957230091095,1.0551835298538208,0.3355533182621002,0.37124645709991455,0.2536514401435852,0.14472196996212006,0.05314893275499344,0.31492534279823303,0.26113006472587585,0.11521443724632263,0.20955824851989746,0.21343779563903809,0.03983201086521149,0.32509392499923706,0.09784840792417526,0.06796140968799591,0.36708521842956543,0.27324557304382324,0.2560872733592987,0.0988038182258606,0.04486287385225296,0.2407318353652954,0.05251874402165413,0.7416011691093445,0.1780417263507843,0.026638813316822052,0.03438861668109894,0.06446340680122375,0.31404924392700195,0.26025769114494324,0.14220206439495087,0.2171858698129654,0.1881655603647232,0.22324225306510925,0.08218535780906677,0.23615489900112152,0.22400151193141937,0.1728675812482834,0.09694612771272659
AJ661,0.24137931,0.103448276,0.137931034,0.137931034,0.068965517,0.068965517,0.24137931,0.413793103,0.896551724,0.172413793,0.310344828,0.0,0.0,0.896551724,0.103448276,0.344827586,0.0,0.103448276,0.0,0.862068966,1.068965517,0.689655172,0.793103448,0.379310345,0.0,0.137931034,0.413793103,0.137931034,0.0,0.620689655,0.310344828,0.034482759,0.275862069,0.034482759,0.0,0.24137931,0.0,0.0,0.0,0.413793103,0.0,0.103448276,0.0,0.137931034,0.034482759,0.034482759,0.0,0.068965517,0.172413793,0.0,0.0,0.4034739136695862,0.13190916180610657,0.3256900906562805,0.1894771307706833,0.3185526728630066,0.09146621823310852,0.2185017466545105,0.174636110663414,0.5327427983283997,0.18549908697605133,0.07196508347988129,0.09170038998126984,0.04317823052406311,1.0772024393081665,0.20601290464401245,0.22165542840957642,0.26709482073783875,0.1072324886918068,0.1567835509777069,0.3852417767047882,0.2542027235031128,0.28900644183158875,0.3104459047317505,0.3326435983181,0.0741075798869133,0.15474486351013184,0.14091552793979645,0.11506231129169464,0.18926450610160828,0.26366764307022095,0.3310777544975281,0.14771388471126556,0.23072949051856995,0.18959233164787292,0.06750506907701492,0.46755701303482056,0.12754014134407043,0.05390527471899986,0.023701556026935577,0.17141132056713104,0.15904609858989716,0.14610174298286438,0.09097294509410858,0.30211344361305237,0.1454995721578598,0.38386332988739014,0.10193116962909698,0.5050581097602844,0.1695805788040161,0.18746188282966614,0.18316766619682312
AK494,0.933333333,2.133333333,0.233333333,0.0,0.066666667,0.0,0.266666667,0.133333333,0.2,0.0,0.0,0.0,0.0,0.8,0.1,0.166666667,0.0,0.033333333,0.0,0.2,0.1,0.0,0.166666667,0.0,0.0,0.1,0.0,0.0,0.0,0.2,0.233333333,0.1,0.0,0.333333333,0.133333333,0.833333333,0.066666667,1.3,0.0,0.2,0.0,0.166666667,0.1,0.033333333,0.266666667,0.033333333,0.166666667,0.033333333,0.1,0.233333333,0.0,0.7015339732170105,0.28881946206092834,0.4675460457801819,0.08769376575946808,0.2100396752357483,0.1741556078195572,0.41195881366729736,0.17009276151657104,0.9098541140556335,0.22504353523254395,0.26762035489082336,0.22631098330020905,0.06416542828083038,1.1715376377105713,0.22641593217849731,0.2047460377216339,0.2564587891101837,0.056107763200998306,0.06175191327929497,0.07831151783466339,0.19767120480537415,0.12479843199253082,0.13262376189231873,0.0583961121737957,0.025265516713261604,0.17505648732185364,0.04835829138755798,0.013200345449149609,0.05871177092194557,0.5138455629348755,0.21635375916957855,0.06073366105556488,0.06195608153939247,0.1281178593635559,0.02698095515370369,0.5156212449073792,0.17118558287620544,0.1343740075826645,0.014317495748400688,0.2381119281053543,0.149545818567276,0.1398605853319168,0.07180485129356384,0.31433534622192383,0.24108557403087616,0.6350356340408325,0.12807783484458923,0.4093554615974426,0.3209224343299866,0.2756693363189697,0.16575953364372253
AK502,0.633333333,0.233333333,0.3,0.0,0.1,0.3,0.433333333,0.266666667,1.4,2.166666667,0.4,0.3,0.0,1.9,0.1,0.233333333,0.333333333,0.0,0.0,0.0,0.0,0.0,0.1,0.0,0.033333333,0.166666667,0.0,0.0,0.0,1.1,0.4,0.1,0.3,0.0,0.0,0.033333333,0.2,0.0,0.0,0.0,0.0,0.233333333,0.0,0.2,0.233333333,0.833333333,0.2,0.066666667,0.0,0.1,0.3,0.4855121970176697,0.09141327440738678,0.3361462354660034,0.09344915300607681,0.13681800663471222,0.15335509181022644,0.5124273896217346,0.25979354977607727,0.9508151412010193,0.2922392189502716,0.36486783623695374,0.2514277994632721,0.08056207001209259,1.8714786767959595,0.206884503364563,0.31155967712402344,0.19771412014961243,0.048168670386075974,0.05171952769160271,0.10707852989435196,0.18359079957008362,0.005559644661843777,0.1133914440870285,0.060656867921352386,0.03670394420623779,0.19599372148513794,0.1010126993060112,0.0411437451839447,0.12189237773418427,0.5112550258636475,0.25809481739997864,0.08885055780410767,0.0921863317489624,0.04786789417266846,0.014849181286990643,0.25884103775024414,0.12832698225975037,0.012400113977491856,0.016794495284557343,0.04700133949518204,0.10238131880760193,0.1280246526002884,0.06651143729686737,0.19421862065792084,0.14625684916973114,0.40100181102752686,0.12332987785339355,0.32535767555236816,0.1786768138408661,0.12686750292778015,0.14957958459854126
AK602,0.4,0.033333333,0.5,0.066666667,0.3,0.133333333,0.266666667,0.266666667,1.733333333,0.533333333,0.233333333,0.433333333,0.1,1.933333333,0.5,0.233333333,0.866666667,0.033333333,0.166666667,0.366666667,0.4,0.0,0.733333333,0.1,0.0,0.066666667,0.0,0.0,0.066666667,0.066666667,0.033333333,0.0,0.0,0.0,0.0,0.1,0.366666667,0.0,0.0,0.1,0.2,0.133333333,0.0,0.466666667,0.2,0.533333333,0.0,0.033333333,0.266666667,0.233333333,0.0,0.35809463262557983,0.05097273364663124,0.46489986777305603,0.4961391091346741,0.310090035200119,0.2915608584880829,0.3901684880256653,0.24547132849693298,0.6014772653579712,0.7002262473106384,0.16144421696662903,0.1090814620256424,0.042037058621644974,1.201207160949707,0.283816397190094,0.34992969036102295,0.27225297689437866,0.06517289578914642,0.075873002409935,0.09761260449886322,0.3071346580982208,0.03110230527818203,0.16407766938209534,0.055279362946748734,0.02417926676571369,0.16564583778381348,0.04724183306097984,0.10204726457595825,0.0732729360461235,0.24455493688583374,0.1904153972864151,0.058429282158613205,0.03877762332558632,0.2507225275039673,0.01605255715548992,0.6011578440666199,0.23013907670974731,0.011141895316541195,0.0350365974009037,0.06508538126945496,0.1245175451040268,0.15750987827777863,0.09094776958227158,0.32682004570961,0.3103811740875244,0.48051193356513977,0.19326941668987274,0.4362485408782959,0.21317638456821442,0.12157025933265686,0.1734209805727005
AL728,1.0,0.366666667,1.066666667,0.166666667,0.9,0.433333333,0.4,0.066666667,0.5,0.033333333,0.033333333,0.0,0.0,0.4,0.166666667,0.066666667,0.2,0.1,0.166666667,0.333333333,0.866666667,0.0,0.433333333,0.0,0.0,0.333333333,0.0,0.1,0.033333333,0.5,0.4,0.066666667,0.033333333,0.566666667,0.233333333,0.933333333,0.166666667,0.0,0.0,0.0,0.366666667,0.0,0.0,0.0,0.166666667,0.333333333,0.2,0.0,0.5,0.233333333,0.2,1.0216714143753052,0.12729214131832123,0.8159487843513489,0.179926335811615,0.6273861527442932,0.24163731932640076,0.39357978105545044,0.13577301800251007,0.4282698631286621,0.20151768624782562,0.11053462326526642,0.08447239547967911,0.03718078136444092,0.5730305314064026,0.1725873351097107,0.12332940101623535,0.1675063669681549,0.038290053606033325,0.07707139849662781,0.4938850402832031,0.9213975667953491,0.11746973544359207,0.5420569181442261,0.05775386095046997,0.023660216480493546,0.18860313296318054,0.031750909984111786,0.014862054958939552,0.09244075417518616,0.3962540328502655,0.25030404329299927,0.05586862191557884,0.08171601593494415,0.2768944203853607,0.09696158021688461,1.038310170173645,0.2551891803741455,0.190572589635849,0.022012241184711456,0.14578209817409515,0.24535392224788666,0.12738960981369019,0.10163386166095734,0.1050739511847496,0.11031141877174377,0.21962019801139832,0.24359945952892303,0.10860803723335266,0.23473182320594788,0.19100192189216614,0.23196816444396973
AM840,0.433333333,0.033333333,0.533333333,1.0,0.366666667,0.0,0.9,0.8,0.6,0.0,0.1,0.333333333,0.066666667,1.533333333,0.2,0.233333333,0.1,0.0,0.0,0.2,0.433333333,0.0,0.233333333,0.033333333,0.0,0.0,0.066666667,0.1,0.2,0.4,0.233333333,0.0,0.0,0.0,0.0,0.466666667,0.0,0.0,0.0,0.0,0.333333333,0.166666667,0.166666667,0.133333333,0.633333333,0.166666667,0.2,0.133333333,0.0,0.133333333,0.233333333,0.37569963932037354,0.07746270298957825,0.699347972869873,0.3922426700592041,0.3930482864379883,0.1856207400560379,0.6441124081611633,0.36101993918418884,0.7446785569190979,0.19050654768943787,0.2545420527458191,0.25007402896881104,0.06109930947422981,1.0276952981948853,0.23908033967018127,0.2866027057170868,0.3004879057407379,0.07852267473936081,0.04929732531309128,0.3132103681564331,0.33590853214263916,0.08322157710790634,0.14988583326339722,0.07276561111211777,0.044883377850055695,0.1725786179304123,0.0875273272395134,0.057895250618457794,0.35763266682624817,0.257062703371048,0.22662068903446198,0.09814845770597458,0.22694279253482819,0.1722230166196823,0.07276716828346252,0.59074866771698,0.12096233665943146,0.004363952204585075,0.04145624116063118,0.1012125015258789,0.1594754159450531,0.1515692174434662,0.1528710275888443,0.29093313217163086,0.4608597457408905,0.3111358880996704,0.13143634796142578,0.24401210248470306,0.1451370269060135,0.15177878737449646,0.14814242720603943
AN268,0.633333333,0.1,0.633333333,0.3,0.333333333,0.166666667,0.033333333,0.4,0.266666667,0.0,0.0,0.1,0.0,1.066666667,0.466666667,0.233333333,0.4,0.3,0.166666667,1.333333333,1.966666667,0.1,1.166666667,0.066666667,0.0,0.166666667,0.1,0.133333333,0.233333333,0.066666667,0.033333333,0.0,0.0,0.533333333,0.1,1.3,0.0,0.0,0.0,0.033333333,0.066666667,0.166666667,0.0,0.066666667,0.166666667,0.066666667,0.0,0.166666667,0.2,0.2,0.166666667,0.2684440016746521,0.02271347865462303,0.431729257106781,0.26069000363349915,0.315197229385376,0.1983984112739563,0.47836875915527344,0.35978788137435913,0.566679060459137,0.12087623029947281,0.1659969836473465,0.18698148429393768,0.06612638384103775,1.4134217500686646,0.4368016719818115,0.4518103301525116,0.34181147813796997,0.11901316791772842,0.07755377143621445,0.5797703266143799,0.7963302135467529,0.22442471981048584,0.3172108829021454,0.16620799899101257,0.06550094485282898,0.18269339203834534,0.2946434020996094,0.125382199883461,0.20892654359340668,0.39565345644950867,0.33076485991477966,0.28968921303749084,0.18358944356441498,0.20437633991241455,0.03925043344497681,0.5042994618415833,0.12308403849601746,0.0826493427157402,0.056973617523908615,0.4397893249988556,0.20709826052188873,0.17507456243038177,0.09169337153434753,0.20323757827281952,0.23630979657173157,0.16994722187519073,0.08113443851470947,0.26045462489128113,0.20657463371753693,0.15414217114448547,0.07082807272672653
AO080,0.766666667,0.066666667,1.233333333,0.4,0.533333333,0.5,0.7,0.366666667,1.5,0.333333333,0.6,1.233333333,0.166666667,1.5,0.366666667,0.266666667,0.2,0.066666667,0.066666667,0.0,0.1,0.0,0.0,0.066666667,0.0,0.433333333,0.033333333,0.033333333,0.033333333,0.2,0.433333333,0.133333333,1.0,0.1,0.166666667,0.5,0.033333333,0.0,0.0,0.2,0.066666667,0.4,0.066666667,0.2,0.266666667,0.566666667,0.166666667,0.066666667,0.066666667,0.2,0.0,0.544768750667572,0.09239254891872406,0.5457544922828674,0.3229258954524994,0.33642715215682983,0.18382751941680908,0.5491650700569153,0.2892003059387207,1.0251063108444214,0.17754562199115753,0.4100073277950287,0.41385671496391296,0.1712992936372757,1.543233036994934,0.18806017935276031,0.2941419184207916,0.13701274991035461,0.060089949518442154,0.04577673226594925,0.09438466280698776,0.11491046845912933,0.015289219096302986,0.10860414057970047,0.11540445685386658,0.04207979515194893,0.2772318422794342,0.1230512335896492,0.19201643764972687,0.254271000623703,0.3432769477367401,0.4277799129486084,0.07567963004112244,0.18318231403827667,0.08014669269323349,0.08390502631664276,0.4976198375225067,0.1610085815191269,0.03903618082404137,0.011177857406437397,0.056254372000694275,0.11345849186182022,0.12222925573587418,0.06284188479185104,0.18037164211273193,0.19355301558971405,0.28731220960617065,0.19174739718437195,0.26556384563446045,0.22498862445354462,0.18376950919628143,0.10645315051078796
AO309,0.266666667,0.033333333,0.366666667,0.066666667,0.3,0.066666667,0.433333333,0.4,2.8,0.3,0.933333333,1.6,0.2,2.466666667,0.3,0.333333333,0.133333333,0.033333333,0.0,0.066666667,0.0,0.0,0.1,0.166666667,0.3,0.4,0.0,0.0,0.0,0.166666667,0.366666667,0.0,0.0,0.0,0.0,0.366666667,0.0,0.0,0.0,0.0,0.0,0.233333333,0.0,0.066666667,0.066666667,0.066666667,0.0,0.133333333,0.166666667,0.0,0.0,0.4541369080543518,0.08771112561225891,0.40727531909942627,0.2335907369852066,0.4227420389652252,0.1338297724723816,0.5366483330726624,0.23785817623138428,1.420209527015686,0.16557583212852478,0.41813424229621887,0.7138162851333618,0.18367767333984375,1.4975788593292236,0.4098774790763855,0.29504871368408203,0.1808919757604599,0.06779176741838455,0.06420737504959106,0.1617186963558197,0.24124185740947723,0.01834939420223236,0.19569045305252075,0.20237717032432556,0.3720609247684479,0.6840039491653442,0.08494196087121964,0.23002995550632477,0.13492059707641602,0.14671143889427185,0.3600413501262665,0.06996941566467285,0.10076267272233963,0.10423634201288223,0.0610671266913414,0.32719144225120544,0.16274067759513855,0.013006458058953285,0.011439276859164238,0.053293220698833466,0.1450309455394745,0.13471560180187225,0.041133761405944824,0.2603739798069,0.20246024429798126,0.13932424783706665,0.16541963815689087,0.1364978551864624,0.2893650531768799,0.15985898673534393,0.09179975092411041
AP283,0.133333333,0.1,0.433333333,0.1,1.3,0.7,0.866666667,0.6,0.166666667,0.3,0.066666667,0.0,0.0,0.5,0.433333333,0.5,0.266666667,0.333333333,0.266666667,0.133333333,0.0,0.0,0.0,0.0,0.0,0.133333333,0.0,0.0,0.0,0.233333333,0.133333333,0.033333333,0.0,0.366666667,0.066666667,0.8,0.5,0.0,0.0,0.0,0.433333333,0.0,0.0,0.0,0.0,0.5,0.333333333,0.9,0.133333333,0.166666667,0.2,0.5205630660057068,0.1555357277393341,0.78228759765625,0.6269203424453735,0.5473261475563049,0.3370547592639923,0.6661229729652405,0.44150128960609436,0.7490445971488953,0.19505609571933746,0.2913653552532196,0.2176191657781601,0.09016358107328415,1.064679503440857,0.21994464099407196,0.23763591051101685,0.24219267070293427,0.056121330708265305,0.05713367462158203,0.3969023823738098,0.4481680691242218,0.06294447928667068,0.1850513368844986,0.09073704481124878,0.009973656386137009,0.16855251789093018,0.041413769125938416,0.07774743437767029,0.0658506527543068,0.2254168838262558,0.17351867258548737,0.03542325273156166,0.15752777457237244,0.2296292781829834,0.0663607269525528,0.6833900809288025,0.13614177703857422,0.007972683757543564,0.01620602235198021,0.046174634248018265,0.16243942081928253,0.17125970125198364,0.22094976902008057,0.26764458417892456,0.24226504564285278,0.2920116186141968,0.20291082561016083,0.2747706472873688,0.23412416875362396,0.2181343138217926,0.09522469341754913
AP679,0.1,0.0,0.233333333,0.3,0.333333333,0.2,0.4,0.133333333,0.933333333,0.0,0.5,0.333333333,0.1,1.466666667,0.5,0.533333333,0.0,0.033333333,0.0,0.166666667,0.166666667,0.066666667,0.4,0.0,0.266666667,0.1,0.866666667,0.133333333,0.266666667,0.5,0.9,0.366666667,0.033333333,0.166666667,0.166666667,0.8,0.366666667,0.033333333,0.3,1.1,0.266666667,0.3,0.066666667,0.133333333,0.166666667,0.1,0.166666667,0.1,0.4,0.333333333,0.0,0.35138291120529175,0.04186088219285011,0.5465899705886841,0.28265735507011414,0.44916972517967224,0.2028777152299881,0.5065873861312866,0.3522142767906189,0.6930021047592163,0.14189256727695465,0.25467878580093384,0.26510855555534363,0.06264881789684296,1.273361086845398,0.3579999804496765,0.3735053837299347,0.3583222031593323,0.10815360397100449,0.0716242715716362,0.2820964753627777,0.33970120549201965,0.11324453353881836,0.16282089054584503,0.09455932676792145,0.04037775844335556,0.18561780452728271,0.09251433610916138,0.08233129978179932,0.14299148321151733,0.32809531688690186,0.35942012071609497,0.28463315963745117,0.17313113808631897,0.18651971220970154,0.06146736815571785,0.6947090029716492,0.11678275465965271,0.06777215749025345,0.07908814400434494,0.29412463307380676,0.2024669200181961,0.17415708303451538,0.15960310399532318,0.18752999603748322,0.18912996351718903,0.1459018886089325,0.081137515604496,0.3046034574508667,0.23019184172153473,0.16519124805927277,0.07108462601900101
