stimulus,true_Green,true_Cucumber,true_Herbal,true_Mint,true_Woody,true_Pine,true_Floral,true_Powdery,true_Fruity,true_Citrus,true_Tropical,true_Berry,true_Peach,true_Sweet,true_Caramellic,true_Vanilla,true_BrownSpice,true_Smoky,true_Burnt,true_Roasted,true_Grainy,true_Meaty,true_Nutty,true_Fatty,true_Coconut,true_Waxy,true_Dairy,true_Buttery,true_Cheesy,true_Sour,true_Fermented,true_Sulfurous,true_Garlic.Onion,true_Earthy,true_Mushroom,true_Musty,true_Ammonia,true_Fishy,true_Fecal,true_Rotten.Decay,true_Rubber,true_Phenolic,true_Animal,true_Medicinal,true_Cooling,true_Sharp,true_Chlorine,true_Alcoholic,true_Plastic,true_Ozone,true_Metallic,pred_Green,pred_Cucumber,pred_Herbal,pred_Mint,pred_Woody,pred_Pine,pred_Floral,pred_Powdery,pred_Fruity,pred_Citrus,pred_Tropical,pred_Berry,pred_Peach,pred_Sweet,pred_Caramellic,pred_Vanilla,pred_BrownSpice,pred_Smoky,pred_Burnt,pred_Roasted,pred_Grainy,pred_Meaty,pred_Nutty,pred_Fatty,pred_Coconut,pred_Waxy,pred_Dairy,pred_Buttery,pred_Cheesy,pred_Sour,pred_Fermented,pred_Sulfurous,pred_Garlic.Onion,pred_Earthy,pred_Mushroom,pred_Musty,pred_Ammonia,pred_Fishy,pred_Fecal,pred_Rotten.Decay,pred_Rubber,pred_Phenolic,pred_Animal,pred_Medicinal,pred_Cooling,pred_Sharp,pred_Chlorine,pred_Alcoholic,pred_Plastic,pred_Ozone,pred_Metallic
AA088,0.884615385,0.038461538,0.692307692,0.115384615,0.153846154,0.0,0.192307692,0.307692308,0.230769231,0.0,0.076923077,0.153846154,0.153846154,0.384615385,0.0,0.0,0.0,0.0,0.0,0.0,0.153846154,0.0,0.076923077,0.038461538,0.0,0.0,0.115384615,0.0,0.192307692,0.269230769,0.076923077,0.0,0.0,0.384615385,0.0,0.730769231,0.0,0.0,0.0,0.076923077,0.269230769,0.769230769,0.0,0.846153846,0.038461538,0.038461538,0.653846154,0.346153846,0.192307692,0.384615385,0.192307692,0.23566769063472748,0.18200504779815674,0.446174681186676,0.3462570607662201,0.4991794228553772,0.22434687614440918,0.2882057726383209,0.2633662819862366,0.373106986284256,0.12582243978977203,0.16653451323509216,0.09704762697219849,0.02376733161509037,0.9021496176719666,0.10585889220237732,0.11814223974943161,0.22567123174667358,0.09532545506954193,0.04640824347734451,0.15887197852134705,0.21128034591674805,0.11030597239732742,0.040041327476501465,0.09600872546434402,0.0469532385468483,0.12497272342443466,0.035885538905858994,0.025269079953432083,0.043495047837495804,0.2610945403575897,0.22764119505882263,0.10482005774974823,0.0916200652718544,0.06984121352434158,0.09470044821500778,0.5036049485206604,0.08450798690319061,0.027991779148578644,0.014584500342607498,0.11516247689723969,0.12225788831710815,0.36196592450141907,0.09132921695709229,0.18167951703071594,0.24008117616176605,0.13597506284713745,0.07396701723337173,0.18421953916549683,0.3462478220462799,0.1490352898836136,0.07069258391857147
AA217,0.192307692,0.0,0.192307692,0.0,0.0,0.0,0.115384615,0.038461538,0.076923077,0.0,0.0,0.0,0.269230769,0.961538462,0.384615385,0.0,0.0,0.307692308,0.653846154,0.730769231,0.384615385,0.0,0.5,0.576923077,0.153846154,1.076923077,0.0,0.653846154,0.153846154,0.038461538,0.0,0.384615385,0.0,0.384615385,0.538461538,0.038461538,0.192307692,0.0,0.0,0.192307692,0.192307692,0.115384615,0.538461538,0.0,0.0,0.0,0.0,0.0,0.0,0.0,0.0,0.09162579476833344,0.20727184414863586,0.22284306585788727,0.13948087394237518,0.2883424758911133,0.1208922490477562,0.3636905252933502,0.4262574315071106,0.4650130271911621,0.13797160983085632,0.29640594124794006,0.15320467948913574,0.1806376427412033,0.5035342574119568,0.427031010389328,0.1286124736070633,0.23259685933589935,0.3823288083076477,0.31689223647117615,0.5437324047088623,0.43284714221954346,0.27075502276420593,0.32181575894355774,0.16307254135608673,0.2044457644224167,0.6354017853736877,0.07799629122018814,0.3869612216949463,0.26328739523887634,0.26307469606399536,0.2374582588672638,0.17649322748184204,0.2991730868816376,0.3268236517906189,0.10100386291742325,0.1499626636505127,0.19405445456504822,0.07688962668180466,0.027016613632440567,0.1822417974472046,0.3024435043334961,0.09295922517776489,0.24934719502925873,0.20826339721679688,0.19477838277816772,0.19394655525684357,0.054504748433828354,0.12130854278802872,0.1999942809343338,0.1970062404870987,0.014807128347456455
AA297,0.153846154,0.0,0.192307692,0.307692308,0.076923077,0.0,0.307692308,0.692307692,0.269230769,0.0,0.115384615,0.153846154,0.115384615,1.423076923,0.346153846,0.269230769,0.0,0.423076923,0.0,0.115384615,0.0,0.076923077,0.230769231,0.230769231,0.423076923,1.076923077,0.153846154,1.346153846,0.384615385,0.153846154,0.0,0.076923077,0.038461538,0.153846154,0.076923077,0.115384615,0.0,0.0,0.0,0.0,0.115384615,0.115384615,0.0,0.0,0.076923077,0.0,0.0,0.115384615,0.0,0.0,0.0,0.2979353666305542,-0.010617055930197239,0.373407781124115,0.24037033319473267,0.28700491786003113,0.211420476436615,0.21234536170959473,0.38787826895713806,0.397665798664093,0.1061587855219841,0.12665092945098877,0.07809511572122574,0.18893545866012573,0.9213229417800903,0.4346317648887634,0.07245487719774246,0.1450413018465042,0.2157038003206253,0.18153712153434753,0.20841734111309052,0.18873997032642365,0.11167573183774948,0.16760893166065216,0.5161883234977722,0.11331532150506973,1.0752644538879395,0.2359718531370163,0.8496575355529785,0.07642868161201477,0.1110823005437851,0.1914690136909485,0.07597057521343231,0.06426285952329636,0.07463616877794266,0.0897180587053299,0.20780350267887115,0.05329836532473564,0.0004526184347923845,0.008460983633995056,0.03673933818936348,0.1327485591173172,0.09842242300510406,0.029202241450548172,0.14849866926670074,0.15747687220573425,0.06048515811562538,0.06226538494229317,0.09160502254962921,0.16506034135818481,0.11474344879388809,0.008521557785570621
AA339,0.153846154,0.0,0.0,0.038461538,0.038461538,0.076923077,1.576923077,1.230769231,0.346153846,0.0,0.0,0.0,0.0,0.423076923,0.0,0.038461538,0.0,0.0,0.0,0.0,0.038461538,0.0,0.076923077,0.0,0.0,0.192307692,0.346153846,0.076923077,0.153846154,0.038461538,0.0,0.0,0.076923077,0.076923077,0.115384615,0.153846154,0.0,0.0,0.0,0.0,0.0,0.230769231,0.0,0.0,0.0,0.230769231,0.076923077,0.038461538,0.346153846,0.038461538,0.0,0.13050076365470886,0.14284613728523254,0.15001842379570007,0.12681853771209717,0.08541247993707657,0.03372467681765556,0.9016779065132141,0.5381998419761658,0.27393144369125366,0.10420198738574982,0.099697045981884,0.07407652586698532,0.04136619344353676,0.4656324088573456,0.05690828338265419,0.008917160332202911,0.017292754724621773,0.05265804007649422,0.11327621340751648,0.29652196168899536,0.1808028221130371,0.22785475850105286,0.09289833903312683,0.2037888467311859,0.07101447135210037,0.07066038995981216,0.7674109935760498,0.151395782828331,0.49282604455947876,0.43959376215934753,0.2050410807132721,0.2796509563922882,0.3548155426979065,0.06406864523887634,0.2169264703989029,0.23233109712600708,0.05332560837268829,0.33742839097976685,0.05456971377134323,0.8498793244361877,0.06620962172746658,0.18664589524269104,0.2725785970687866,0.18268682062625885,0.14379382133483887,0.12603677809238434,0.12859684228897095,0.1268528401851654,0.12785214185714722,0.05927824601531029,0.00372418574988842
AA368,0.269230769,0.038461538,0.0,0.0,0.0,0.153846154,0.846153846,1.076923077,0.038461538,0.0,0.115384615,0.153846154,0.153846154,0.615384615,0.0,0.038461538,0.0,0.0,0.192307692,0.0,0.153846154,0.0,0.0,0.192307692,0.076923077,0.269230769,0.346153846,0.076923077,0.153846154,0.192307692,0.0,0.115384615,0.0,0.0,0.076923077,0.269230769,0.076923077,0.0,0.0,0.115384615,0.0,0.115384615,0.076923077,0.192307692,0.0,0.0,0.0,0.115384615,0.076923077,0.076923077,0.0,0.19943571090698242,0.32876524329185486,0.24017895758152008,0.17541222274303436,0.18754038214683533,0.2724572420120239,1.025514841079712,0.5865824222564697,0.37377825379371643,0.2048909068107605,0.15251538157463074,0.18030017614364624,0.05194666609168053,0.6091620326042175,0.10792272537946701,0.09656902402639389,0.12077616155147552,0.0726819783449173,0.10563139617443085,0.19729460775852203,0.21192319691181183,0.09929472953081131,0.10982358455657959,0.11745095998048782,0.04704096168279648,0.10409656167030334,0.23694390058517456,0.04604920372366905,0.3636571168899536,0.4560246765613556,0.2208646982908249,0.09812875837087631,1.1717339754104614,0.0853205993771553,0.10294842720031738,0.30778422951698303,0.17661623656749725,0.1210855022072792,0.13239999115467072,0.5093129277229309,0.049395762383937836,0.1897183209657669,0.16848841309547424,0.2256954461336136,0.30163705348968506,0.20225003361701965,0.12505441904067993,0.2093590795993805,0.14683285355567932,0.08486659079790115,0.10135021805763245
AA474,0.115384615,0.0,0.115384615,0.038461538,0.346153846,0.0,0.230769231,0.192307692,0.807692308,0.0,0.0,0.192307692,0.307692308,0.769230769,0.115384615,0.038461538,0.0,0.0,0.115384615,0.038461538,0.269230769,0.0,0.076923077,0.846153846,0.576923077,1.192307692,0.423076923,0.269230769,0.230769231,0.0,0.115384615,0.076923077,0.0,0.0,0.153846154,0.115384615,0.0,0.0,0.0,0.0,0.038461538,0.346153846,0.0,0.269230769,0.0,0.0,0.192307692,0.076923077,0.0,0.0,0.0,0.20160868763923645,0.07894695550203323,0.28127479553222656,0.1562270224094391,0.2297399491071701,0.09131734073162079,0.3417181670665741,0.2498108595609665,0.4559449255466461,0.11070431023836136,0.2528235614299774,0.12630407512187958,0.19427645206451416,1.219220519065857,0.3499990999698639,0.3263784646987915,0.05566945672035217,0.11907222121953964,0.030475636944174767,0.1318490356206894,0.25939396023750305,0.06288040429353714,0.18056663870811462,0.16936556994915009,0.18165411055088043,0.798546552658081,0.23925630748271942,0.3665729761123657,0.2993662357330322,0.26654940843582153,0.2346201241016388,0.12211757898330688,0.11332651227712631,0.03466154634952545,0.07039010524749756,0.21891029179096222,0.10729078203439713,0.011366595514118671,0.03219138830900192,0.09996598958969116,0.08990099281072617,0.10236827284097672,0.05701117217540741,0.1619478315114975,0.14616765081882477,0.19916695356369019,0.05101795867085457,0.09645206481218338,0.13501514494419098,0.09344479441642761,0.05085152015089989
AA513,0.192307692,0.0,0.346153846,0.0,0.615384615,0.115384615,0.192307692,0.230769231,0.0,0.0,0.115384615,0.0,0.153846154,0.346153846,0.076923077,0.0,0.115384615,0.192307692,0.153846154,0.384615385,0.038461538,0.0,0.307692308,0.461538462,0.346153846,1.076923077,1.461538462,0.576923077,1.730769231,0.961538462,0.307692308,0.153846154,0.230769231,0.0,0.038461538,0.0,0.0,0.0,0.307692308,1.192307692,0.0,0.0,0.038461538,0.0,0.0,0.0,0.0,0.0,0.0,0.0,0.0,0.20653992891311646,0.022293169051408768,0.24946467578411102,0.19196760654449463,0.23107464611530304,0.08152183145284653,0.3746411204338074,0.11213217675685883,0.4282165765762329,0.1285277158021927,0.27104026079177856,0.14545734226703644,0.2682453393936157,0.834093451499939,0.23141703009605408,0.3791167438030243,0.048043299466371536,0.09528278559446335,0.03220796957612038,0.1443231701850891,0.18301784992218018,0.11362434923648834,0.19470162689685822,0.1848822683095932,0.23798206448554993,0.7571074962615967,0.9430984258651733,0.4647862911224365,0.7744115591049194,0.4201340675354004,0.23919028043746948,0.23851265013217926,0.20782913267612457,0.07142724841833115,0.09714873135089874,0.3327585458755493,0.21587491035461426,0.20036640763282776,0.4059204161167145,1.2186942100524902,0.08501802384853363,0.08815813809633255,0.07134662568569183,0.12751595675945282,0.05937326326966286,0.16714434325695038,0.032635290175676346,0.10114043951034546,0.09325387328863144,0.051288802176713943,0.055646952241659164
AA962,0.230769231,0.076923077,0.0,0.0,0.0,0.115384615,1.038461538,0.423076923,0.0,0.0,0.0,0.038461538,0.153846154,0.538461538,0.0,0.0,0.0,0.346153846,0.0,0.153846154,0.0,0.192307692,0.0,0.384615385,0.307692308,0.153846154,0.384615385,0.192307692,0.5,0.153846154,0.269230769,0.192307692,1.038461538,0.0,0.0,0.0,0.0,0.0,0.0,0.076923077,0.115384615,0.153846154,0.153846154,0.0,0.115384615,0.076923077,0.269230769,0.0,0.115384615,0.038461538,0.038461538,0.1011403426527977,0.014671596698462963,0.11680032312870026,0.11207175999879837,0.202235147356987,0.0315282978117466,0.7089149951934814,0.260181188583374,0.3051147758960724,0.11072591692209244,0.11566878855228424,0.06628549098968506,0.01693560928106308,0.23315492272377014,0.011015147902071476,0.01568049192428589,0.01107774768024683,0.10662641376256943,0.04298877343535423,0.32823503017425537,0.1645638346672058,0.18192236125469208,0.17488530278205872,0.10005329549312592,0.0389116033911705,0.12936094403266907,0.07209069281816483,0.15000829100608826,0.6140876412391663,0.2727978527545929,0.2071131318807602,0.20714029669761658,2.8778162002563477,0.04066130518913269,0.09800288081169128,0.07928986102342606,0.12537139654159546,0.01155808288604021,0.021143890917301178,0.1088363379240036,0.03498684614896774,0.22173859179019928,0.06601329892873764,0.1781420111656189,0.03656153753399849,0.08816599100828171,0.06211203709244728,0.08304830640554428,0.1503620743751526,0.060410428792238235,0.013343269005417824
AB222,0.055555556,0.0,0.055555556,0.0,0.0,0.0,0.666666667,0.777777778,0.5,0.0,0.277777778,0.0,0.722222222,1.5,0.944444444,0.444444444,0.0,0.0,0.055555556,0.055555556,0.5,0.0,0.0,0.222222222,0.222222222,1.277777778,0.666666667,0.555555556,0.5,0.0,0.0,0.0,0.0,0.055555556,0.0,0.0,0.0,0.0,0.0,0.0,0.0,0.444444444,0.0,0.0,0.0,0.0,0.0,0.0,0.0,0.0,0.0,0.19013240933418274,0.08421093970537186,0.3682782053947449,0.15822845697402954,0.25319451093673706,0.11172708123922348,0.6965323090553284,0.5874625444412231,0.4529138505458832,0.15576133131980896,0.18576309084892273,0.17341122031211853,0.19602608680725098,0.9243280291557312,0.38029390573501587,0.21512970328330994,0.15220825374126434,0.08047250658273697,0.08729927986860275,0.12075938284397125,0.1821008324623108,0.07296393066644669,0.11304297298192978,0.1501970887184143,0.2542589604854584,0.5701749920845032,0.17043496668338776,0.27945879101753235,0.11776448786258698,0.19107204675674438,0.21293526887893677,0.08086074888706207,0.17769882082939148,0.07709291577339172,0.04373141750693321,0.24858082830905914,0.17932280898094177,0.06855747103691101,0.026732072234153748,0.09791598469018936,0.0592205747961998,0.1835547238588333,0.24885419011116028,0.31881144642829895,0.3925553262233734,0.24070210754871368,0.21786236763000488,0.7242240309715271,0.17161907255649567,0.11564767360687256,0.0781620666384697
AB226,0.166666667,0.166666667,0.388888889,0.0,0.0,0.444444444,1.5,0.722222222,1.222222222,0.611111111,0.944444444,0.777777778,0.555555556,1.111111111,0.0,0.222222222,0.0,0.0,0.0,0.0,0.0,0.0,0.0,0.0,0.0,0.0,0.0,0.0,0.0,0.0,0.0,0.0,0.0,0.0,0.0,0.222222222,0.0,0.0,0.0,0.0,0.0,0.388888889,0.222222222,0.0,0.166666667,0.222222222,0.055555556,0.0,0.333333333,0.0,0.222222222,0.21273256838321686,0.14968012273311615,0.44245991110801697,0.16819609701633453,0.27986595034599304,0.27189648151397705,0.800491452217102,0.6019177436828613,0.5285825729370117,0.15489763021469116,0.19769638776779175,0.324968159198761,0.1642921268939972,0.806853175163269,0.11101342737674713,0.1431039571762085,0.09299706667661667,0.10407236218452454,0.10396591573953629,0.13970686495304108,0.17720703780651093,0.0910438820719719,0.035804156213998795,0.10532815754413605,0.07947932928800583,0.12452609091997147,0.09294861555099487,0.04640579968690872,0.06865870952606201,0.2551768720149994,0.2172195464372635,0.06790824979543686,0.1737322062253952,0.11100387573242188,0.047628674656152725,0.2997252345085144,0.19570712745189667,0.13014039397239685,0.038901884108781815,0.12046077102422714,0.05269722267985344,0.2013428509235382,0.3288995921611786,0.5898295044898987,0.6137210130691528,0.4140525460243225,0.27188366651535034,1.1777675151824951,0.1771460473537445,0.16310591995716095,0.19067354500293732
AB398,0.0,0.0,0.333333333,0.0,0.5,0.277777778,0.0,0.0,0.0,0.0,0.0,0.0,0.0,0.055555556,0.0,0.0,0.0,0.333333333,0.0,1.111111111,2.055555556,0.0,1.5,0.0,0.0,0.166666667,0.0,0.388888889,0.0,0.0,0.0,0.0,0.0,0.111111111,0.055555556,1.166666667,0.0,0.0,0.0,0.0,0.722222222,0.944444444,0.0,0.111111111,0.444444444,0.0,0.222222222,0.0,0.388888889,0.0,0.0,0.43892666697502136,0.08702115714550018,0.7431456446647644,0.2820887863636017,0.4860769808292389,0.23223528265953064,0.22567498683929443,0.20242615044116974,0.2105671763420105,0.10532606393098831,0.08511825650930405,0.05588657408952713,0.018221640959382057,0.5818256139755249,0.1972385048866272,0.19132177531719208,0.17493212223052979,0.6896150708198547,0.09601165354251862,0.6245909929275513,0.7825909852981567,0.07832873612642288,0.4287712872028351,0.13880281150341034,0.03495060279965401,0.13713043928146362,0.07191329449415207,0.2098061591386795,0.03583738952875137,0.149016335606575,0.2157261222600937,0.08730234950780869,0.04704195261001587,0.22131729125976562,0.06410858780145645,0.687217116355896,0.11500539630651474,0.010395498014986515,0.013290757313370705,0.04140866547822952,0.5026859641075134,0.29467594623565674,0.04513116553425789,0.19570302963256836,0.31083711981773376,0.12881587445735931,0.11438770592212677,0.11447793990373611,0.3686939775943756,0.16376109421253204,0.08280367404222488
AB486,0.0,0.0,0.222222222,0.0,0.166666667,0.0,0.0,0.055555556,0.222222222,0.0,0.0,0.0,0.0,0.166666667,0.5,0.0,0.111111111,0.222222222,0.833333333,0.222222222,0.666666667,0.0,0.111111111,0.0,0.111111111,0.166666667,0.0,0.111111111,0.0,0.5,0.388888889,0.5,1.833333333,0.222222222,0.0,0.5,0.111111111,0.0,0.0,0.055555556,0.277777778,0.055555556,0.0,0.0,0.5,0.0,0.277777778,0.277777778,0.277777778,0.0,0.0,0.1682608276605606,0.018517330288887024,0.2199627310037613,0.0631551742553711,0.05622129142284393,0.029250359162688255,0.17363007366657257,0.08193256705999374,0.34429824352264404,0.10136149823665619,0.12764522433280945,0.06698701530694962,0.05207933858036995,0.5205734372138977,0.3956824541091919,0.13245755434036255,0.13973723351955414,0.13655667006969452,0.2855527698993683,0.41909119486808777,0.27356910705566406,0.29309216141700745,0.19840826094150543,0.17600828409194946,0.23001384735107422,0.3378868103027344,0.06586968153715134,0.12165897339582443,0.2148590236902237,0.2208859622478485,0.23739485442638397,0.367859423160553,1.8790440559387207,0.10783827304840088,0.08389666676521301,0.19746582210063934,0.06718245148658752,0.0020320587791502476,0.02135966718196869,0.12702956795692444,0.0947226881980896,0.09414277225732803,0.05317988619208336,0.3303333520889282,0.15160712599754333,0.10653053969144821,0.029566548764705658,0.09752044081687927,0.0838102251291275,0.03490714728832245,0.04846895858645439
AB672,0.0,0.0,0.277777778,2.222222222,0.0,0.0,0.0,0.222222222,0.166666667,0.0,0.222222222,0.0,0.111111111,0.555555556,0.0,0.0,0.0,0.0,0.0,0.444444444,0.388888889,0.388888889,0.222222222,0.333333333,0.166666667,0.0,0.555555556,0.166666667,1.055555556,0.0,0.0,0.277777778,0.833333333,0.166666667,0.111111111,0.055555556,0.0,0.555555556,0.0,1.0,0.0,0.0,0.0,0.0,0.888888889,0.055555556,0.0,0.388888889,0.0,0.0,0.0,0.07929947227239609,0.1318928450345993,0.23644261062145233,3.041811227798462,0.1414986103773117,0.05264021083712578,0.14347539842128754,0.20482206344604492,0.28230562806129456,0.15439577400684357,0.12172450125217438,0.05459228903055191,0.008857442997395992,0.8905766010284424,0.09366020560264587,0.147409588098526,0.047356050461530685,0.11516109853982925,0.15772037208080292,0.19859685003757477,0.306265264749527,0.16983723640441895,0.15659841895103455,0.4331216812133789,0.03305354341864586,0.03033323399722576,0.7225942611694336,0.4005671441555023,0.8413113951683044,0.2460363209247589,0.21692807972431183,0.3844186067581177,0.3960646092891693,0.0785856768488884,0.17381927371025085,0.08575501292943954,0.04528844729065895,0.5128461718559265,0.055162444710731506,0.853651762008667,0.05134080350399017,0.09886476397514343,0.12305358797311783,0.1994674652814865,0.8932105302810669,0.1551574021577835,0.024330269545316696,0.1942933350801468,0.15910446643829346,0.06654469668865204,0.013147030025720596
AC067,0.0,0.0,0.111111111,0.037037037,0.0,0.0,0.185185185,0.296296296,0.037037037,0.0,0.0,0.074074074,0.0,1.222222222,0.62962963,1.037037037,0.481481481,1.518518519,1.0,0.296296296,0.0,0.148148148,0.0,0.148148148,0.037037037,0.0,0.0,0.0,0.074074074,0.259259259,0.111111111,0.185185185,0.0,0.0,0.0,0.259259259,0.148148148,0.0,0.037037037,0.0,0.222222222,0.703703704,0.074074074,0.259259259,0.0,0.148148148,0.148148148,0.148148148,0.074074074,0.518518519,0.148148148,0.08012092113494873,-0.0005736429593525827,0.2804736793041229,0.15249121189117432,0.17934349179267883,0.0522594153881073,0.23810097575187683,0.3659040331840515,0.5470105409622192,0.1047072485089302,0.1514197438955307,0.15651214122772217,0.06140279024839401,1.2474591732025146,0.5835077166557312,0.5599698424339294,0.49375680088996887,0.9967774152755737,0.5478268265724182,0.4479586184024811,0.26803556084632874,0.1712205559015274,0.23855553567409515,0.13485181331634521,0.040539566427469254,0.07030697166919708,0.16744256019592285,0.11367601156234741,0.1164734959602356,0.14723481237888336,0.2371898591518402,0.12872172892093658,0.07192587107419968,0.1619090735912323,0.07723693549633026,0.4019787907600403,0.12241587787866592,0.06171071156859398,0.012986138463020325,0.08182695508003235,0.1473819464445114,0.30377236008644104,0.12157779932022095,0.2364666759967804,0.15327966213226318,0.12105042487382889,0.06212451308965683,0.25951048731803894,0.13014021515846252,0.3712159991264343,0.08109913766384125
AC761,0.0,0.148148148,0.0,0.037037037,0.0,0.0,0.0,0.0,0.0,0.074074074,0.0,0.0,0.0,0.037037037,0.0,0.0,0.0,0.37037037,0.703703704,1.222222222,0.777777778,0.592592593,0.185185185,0.185185185,0.0,0.0,0.0,0.148148148,0.222222222,0.333333333,0.666666667,0.407407407,1.222222222,0.555555556,1.074074074,0.296296296,0.074074074,0.185185185,0.0,0.333333333,0.0,0.0,0.185185185,0.0,0.074074074,0.0,0.0,0.0,0.0,0.0,0.0,0.40319493412971497,0.4139728844165802,0.4056105613708496,0.12274958193302155,0.22384804487228394,0.28760844469070435,0.3192788064479828,0.1465631127357483,0.3404591381549835,0.1306755244731903,0.14853426814079285,0.13746166229248047,0.032548561692237854,0.2963700592517853,0.03230267018079758,0.016756346449255943,0.15258373320102692,0.3946467339992523,0.5342398285865784,0.5803248286247253,0.4167836606502533,0.20504263043403625,0.29093605279922485,0.19466917216777802,0.034026406705379486,0.13099780678749084,0.1721358746290207,0.11451666802167892,0.33221620321273804,0.31133824586868286,0.23008930683135986,0.2533082067966461,0.6285145282745361,0.45751553773880005,0.19429156184196472,0.24716654419898987,0.2803422510623932,0.312865674495697,0.06302990019321442,0.355861097574234,0.3243046700954437,0.20633387565612793,0.3748876750469208,0.33074522018432617,0.13763834536075592,0.29241684079170227,0.09927798807621002,0.34019607305526733,0.2772398293018341,0.13358505070209503,0.06544337421655655
AC930,0.185185185,0.0,0.111111111,0.814814815,0.111111111,0.148148148,0.259259259,0.407407407,0.62962963,0.037037037,0.444444444,0.777777778,0.222222222,0.814814815,0.0,0.074074074,0.0,0.0,0.0,0.0,0.0,0.0,0.0,0.0,0.0,0.0,0.0,0.0,0.0,0.222222222,0.592592593,0.444444444,0.0,0.0,0.0,0.259259259,0.259259259,0.0,0.148148148,0.37037037,0.185185185,0.37037037,0.37037037,0.518518519,0.888888889,0.222222222,0.0,0.703703704,0.407407407,0.074074074,0.111111111,0.19113516807556152,0.06888821721076965,0.4940517544746399,0.45239338278770447,0.29039886593818665,0.3113584816455841,0.31679755449295044,0.1122114509344101,0.5646919012069702,0.15369834005832672,0.2149154394865036,0.2693157494068146,0.07217393070459366,0.46355265378952026,0.09082688391208649,0.14154429733753204,0.019069109112024307,0.11869519203901291,0.19408701360225677,0.2587635815143585,0.23982906341552734,0.179732084274292,0.14048002660274506,0.15674370527267456,0.038234103471040726,0.07633538544178009,0.05768191069364548,0.11039277166128159,0.13496033847332,0.3423839509487152,0.23848237097263336,0.3391898274421692,0.21413090825080872,0.2083795666694641,0.09318368881940842,0.6239633560180664,0.32663044333457947,0.24916641414165497,0.1833784580230713,0.23922674357891083,0.20819269120693207,0.24155683815479279,0.41406717896461487,0.5140276551246643,0.4235459566116333,0.38322845101356506,0.1193758025765419,0.3804607093334198,0.1589539647102356,0.10783908516168594,0.11998745054006577
AD011,0.6,0.0,0.2,0.0,0.133333333,0.0,0.0,0.0,0.0,0.0,0.0,0.0,0.0,0.0,0.0,0.0,0.0,0.266666667,0.266666667,0.133333333,0.266666667,0.333333333,0.266666667,0.266666667,0.2,0.0,0.4,0.266666667,0.6,0.2,0.4,1.066666667,1.133333333,0.733333333,0.4,0.466666667,0.0,1.133333333,0.0,0.4,0.0,0.0,0.0,0.0,0.0,0.0,0.0,0.0,0.0,0.0,0.0,0.2048725187778473,0.07366114109754562,0.255748987197876,0.07231500744819641,0.10406987369060516,0.04840784892439842,0.13128504157066345,0.06719188392162323,0.39912810921669006,0.117322638630867,0.11375567317008972,0.08227309584617615,0.10599865764379501,0.4176959693431854,0.15732555091381073,0.09669572860002518,0.41658663749694824,0.19300693273544312,0.2794974446296692,0.6425987482070923,0.497451514005661,0.16714923083782196,0.3874274492263794,0.5181841850280762,0.04775970056653023,0.11723832041025162,0.4080973267555237,0.22756575047969818,0.5593264698982239,0.1519940346479416,0.2249687761068344,0.21496464312076569,0.5494127869606018,0.15150843560695648,0.25941985845565796,0.19206391274929047,0.03394563868641853,0.27760612964630127,0.05538106709718704,0.5714331865310669,0.07212235778570175,0.14975009858608246,0.0705733671784401,0.1648998111486435,0.023851532489061356,0.07140546292066574,0.029258884489536285,0.168616384267807,0.107988640666008,0.08153072744607925,0.035108573734760284
AD329,0.666666667,0.333333333,0.4,4.0,0.266666667,0.0,0.133333333,0.0,0.4,0.333333333,0.2,0.2,0.0,1.333333333,0.0,0.0,0.2,0.0,0.0,0.0,0.0,0.2,0.0,0.0,0.0,0.0,0.0,0.0,0.0,0.0,0.133333333,0.0,0.0,0.133333333,0.0,0.0,0.0,0.0,0.0,0.133333333,0.0,0.0,0.0,0.266666667,1.2,0.0,0.133333333,0.066666667,0.0,0.0,0.066666667,0.5601613521575928,0.5039031505584717,0.7461811900138855,2.6746296882629395,0.16408999264240265,0.30763599276542664,0.27185866236686707,0.24666617810726166,0.5127992630004883,0.15852995216846466,0.19624760746955872,0.19200573861598969,0.047979965806007385,0.9177595973014832,0.1033451110124588,0.12959609925746918,0.05607687681913376,0.052729811519384384,0.01874997839331627,0.11726213246583939,0.15083210170269012,0.06353949755430222,0.07643889635801315,0.06007656082510948,0.03107607364654541,0.011657530441880226,0.02899135649204254,0.022903617471456528,0.027521057054400444,0.11146651208400726,0.22279539704322815,0.131184920668602,0.11133871227502823,0.10089322179555893,0.05835627764463425,0.30612266063690186,0.10875393450260162,0.026805663481354713,0.018116788938641548,0.06482958793640137,0.13639724254608154,0.1627877801656723,0.014203920029103756,0.22890350222587585,1.0569473505020142,0.14804193377494812,0.09095155447721481,0.1127968281507492,0.10997210443019867,0.10113053768873215,0.08810001611709595
AD462,0.066666667,0.0,0.133333333,0.4,0.6,0.0,0.066666667,0.933333333,0.533333333,0.0,0.266666667,0.066666667,0.2,0.8,0.0,0.133333333,0.666666667,1.0,0.066666667,0.4,0.6,0.666666667,0.0,0.2,0.2,0.0,0.266666667,0.0,0.133333333,0.133333333,0.0,0.0,0.266666667,0.0,0.133333333,0.066666667,0.0,0.0,0.0,0.133333333,0.0,0.266666667,0.0,0.066666667,0.0,0.0,0.0,0.0,0.066666667,0.0,0.0,0.31289026141166687,0.05126579850912094,0.39462125301361084,0.17311060428619385,0.39651596546173096,0.2955433130264282,0.18237923085689545,0.31470081210136414,0.2243526726961136,0.13620921969413757,0.12406947463750839,0.059031497687101364,0.02825973741710186,0.6338765621185303,0.16362519562244415,0.2612312436103821,0.1956787258386612,0.4612894058227539,0.4791107475757599,0.24285060167312622,0.21683944761753082,0.38021641969680786,0.035969141870737076,0.19162517786026,0.041518401354551315,0.12508195638656616,0.05798321217298508,0.05560477823019028,0.12548497319221497,0.2529510259628296,0.21455127000808716,0.11933848261833191,0.14945338666439056,0.1705484390258789,0.2907741367816925,0.37446191906929016,0.1569005399942398,0.06280894577503204,0.02307608164846897,0.20726019144058228,0.16470080614089966,0.1567409783601761,0.08422090858221054,0.18435506522655487,0.09236109256744385,0.10910709947347641,0.07501860707998276,0.07887935638427734,0.2235756665468216,0.19247712194919586,0.0541069470345974
AD505,0.0,0.1875,0.5625,0.0,0.25,0.125,0.0,0.0,0.0,0.0,0.0,0.0,0.0,0.0,0.0,0.0,0.0,0.1875,0.0625,0.25,0.0,0.625,0.3125,0.0,0.0,0.125,0.0625,0.0,0.25,0.375,0.0,0.5,3.0,0.1875,0.0,0.25,0.25,0.0,0.0,0.1875,0.25,0.0,0.0,0.25,0.1875,0.4375,0.0,0.5,0.3125,0.0,0.0,0.1711941957473755,0.028107449412345886,0.2537197470664978,0.11543206870555878,0.07033839076757431,0.04050903767347336,0.1454557180404663,0.050456199795007706,0.4841471314430237,0.11151439696550369,0.17365242540836334,0.10707153379917145,0.03734457865357399,0.31635361909866333,0.03614507615566254,0.06695956736803055,0.024598680436611176,0.12310086190700531,0.11526217311620712,0.419353187084198,0.2735714912414551,0.2325681746006012,0.11024810373783112,0.07190698385238647,0.03885938227176666,0.024225033819675446,0.036102619022130966,0.08595013618469238,0.1797330528497696,0.2998286783695221,0.27728965878486633,0.3500964343547821,2.5583503246307373,0.1058664321899414,0.13191120326519012,0.3234843313694,0.13696974515914917,0.05277430638670921,0.037518423050642014,0.20339258015155792,0.1513315588235855,0.1994503289461136,0.13088344037532806,0.1758582890033722,0.24492084980010986,0.13222959637641907,0.03987189382314682,0.13776905834674835,0.11200123280286789,0.046080559492111206,0.1135779619216919
AD690,0.533333333,0.2,0.466666667,0.133333333,0.0,0.466666667,0.0,0.0,0.133333333,0.0,0.0,0.0,0.0,0.333333333,0.0,0.0,0.066666667,0.4,0.0,0.733333333,0.4,1.0,0.0,0.4,0.0,0.0,0.0,0.0,0.4,0.666666667,0.866666667,0.666666667,3.733333333,0.0,0.066666667,0.0,0.2,0.0,0.0,0.2,0.0,0.0,0.0,0.2,0.0,0.2,0.0,0.0,0.133333333,0.0,0.0,0.29100921750068665,0.1812353879213333,0.2794342041015625,0.06580349057912827,0.0589497908949852,0.1094900444149971,0.17292428016662598,0.04180299490690231,0.3368266522884369,0.1073114350438118,0.1519017517566681,0.05091424286365509,0.02730901725590229,0.28009656071662903,0.05824577808380127,0.04470134526491165,0.13573162257671356,0.11804002523422241,0.07430541515350342,0.4317941665649414,0.2756253480911255,0.26104775071144104,0.0861966460943222,0.11731484532356262,0.0358179472386837,0.033668626099824905,0.02958294004201889,0.03998144716024399,0.14987397193908691,0.2642529606819153,0.25218474864959717,0.37885725498199463,2.932464122772217,0.20519278943538666,0.12529021501541138,0.22751769423484802,0.10714378952980042,0.03833215683698654,0.02268359437584877,0.1183428093791008,0.11604449152946472,0.13650797307491302,0.09415242820978165,0.11343506723642349,0.09757515788078308,0.1572507917881012,0.03233316168189049,0.06612053513526917,0.1286296546459198,0.05610087513923645,0.08602816611528397
AD866,0.071428571,0.0,0.428571429,0.0,0.0,0.0,0.0,0.357142857,0.0,0.0,0.0,0.0,0.0,0.357142857,0.285714286,0.214285714,0.285714286,1.5,1.571428571,1.071428571,0.0,0.714285714,0.0,0.0,0.071428571,0.0,0.0,0.0,0.285714286,0.357142857,0.142857143,0.285714286,2.928571429,0.357142857,0.142857143,0.357142857,0.0,0.0,0.0,0.0,0.428571429,0.071428571,0.214285714,0.0,0.071428571,0.0,0.0,0.0,0.214285714,0.357142857,0.285714286,0.08299779146909714,0.0045370906591415405,0.17350007593631744,0.09966163337230682,0.14532563090324402,0.030546478927135468,0.08429399877786636,0.17554856836795807,0.2299952208995819,0.10032682865858078,0.09238747507333755,0.021539054811000824,0.012252844870090485,0.8045572638511658,0.28026169538497925,0.41499757766723633,0.4576510488986969,1.2173118591308594,0.5276692509651184,0.5583724975585938,0.31218403577804565,0.39336034655570984,0.11810126900672913,0.10728800296783447,0.035230603069067,0.034993741661310196,0.06037928909063339,0.06694832444190979,0.18699058890342712,0.24744543433189392,0.23810681700706482,0.20559461414813995,3.3341944217681885,0.11318147927522659,0.062262002378702164,0.22944219410419464,0.08217377215623856,0.017404774203896523,0.0224786177277565,0.1959536075592041,0.21278631687164307,0.17340059578418732,0.047953467816114426,0.18953169882297516,0.07329665869474411,0.09829863905906677,0.04980190843343735,0.07890141010284424,0.1162625253200531,0.21595287322998047,0.05814337730407715
AD919,0.666666667,0.4,0.533333333,0.333333333,0.8,0.8,0.0,0.0,0.4,0.0,0.4,0.4,0.2,0.4,0.0,0.0,0.0,0.0,0.0,0.0,0.0,0.0,0.0,0.0,0.0,0.066666667,0.0,0.133333333,0.0,0.266666667,0.2,0.0,0.0,0.2,0.0,0.333333333,0.266666667,0.0,0.0,0.066666667,0.0,0.733333333,0.0,0.2,0.133333333,0.0,0.533333333,0.0,0.333333333,0.4,0.333333333,0.3249330520629883,0.0311314407736063,0.4351019561290741,0.4014081060886383,0.5368764400482178,0.19245129823684692,0.3428376615047455,0.1956598311662674,0.41992783546447754,0.1384841799736023,0.17181101441383362,0.13219590485095978,0.02870016358792782,0.7213396430015564,0.15214812755584717,0.12491648644208908,0.29953664541244507,0.10428960621356964,0.051662687212228775,0.14655420184135437,0.19452917575836182,0.07897081226110458,0.0410519577562809,0.09008392691612244,0.046724118292331696,0.11034442484378815,0.04171345755457878,0.07484988868236542,0.0714060515165329,0.26431962847709656,0.30160239338874817,0.11475466191768646,0.07380001246929169,0.07181396335363388,0.08416526764631271,0.5757006406784058,0.1303817629814148,0.024349963292479515,0.013119821436703205,0.13870203495025635,0.11267349123954773,0.26788878440856934,0.14033493399620056,0.26624932885169983,0.2636328637599945,0.18664872646331787,0.09454447031021118,0.2683206796646118,0.3541356921195984,0.25547993183135986,0.06228526681661606
AE140,0.178571429,0.214285714,0.392857143,0.214285714,0.357142857,0.178571429,0.25,0.0,0.392857143,0.107142857,0.285714286,0.178571429,0.142857143,0.428571429,0.0,0.107142857,0.071428571,0.0,0.0,0.142857143,0.107142857,0.0,0.0,0.0,0.0,0.0,0.0,0.035714286,0.071428571,0.142857143,0.107142857,0.142857143,0.0,0.785714286,0.107142857,0.678571429,0.214285714,0.0,0.0,0.035714286,1.071428571,0.535714286,0.0,0.321428571,0.178571429,0.464285714,0.75,0.892857143,1.107142857,0.142857143,0.428571429,0.3020235002040863,0.5231631994247437,0.39650827646255493,0.22092068195343018,0.22989465296268463,0.1531827449798584,0.41781502962112427,0.12641604244709015,0.52120441198349,0.15599720180034637,0.3241121470928192,0.13277070224285126,0.08938836306333542,0.6537920236587524,0.1162891685962677,0.1487225443124771,0.12146216630935669,0.09948531538248062,0.13586477935314178,0.23400968313217163,0.3496142625808716,0.08922967314720154,0.1622466742992401,0.0791688784956932,0.03864065185189247,0.127501979470253,0.0672648623585701,0.07636737078428268,0.1617458313703537,0.2434564083814621,0.2761816382408142,0.22181692719459534,0.12252072244882584,0.2958466410636902,0.0758131667971611,0.7144569754600525,0.23700597882270813,0.020366063341498375,0.03070138394832611,0.16879673302173615,0.6060962080955505,0.2214384227991104,0.27550649642944336,0.17258815467357635,0.19967657327651978,0.32706668972969055,0.24616825580596924,0.2049090713262558,0.3647538721561432,0.23177827894687653,0.2032613605260849
AE142,0.428571429,0.107142857,0.5,0.607142857,0.035714286,0.821428571,0.357142857,0.0,0.214285714,0.071428571,0.178571429,0.0,0.142857143,0.071428571,0.0,0.0,0.0,0.0,0.0,0.321428571,0.0,0.0,0.0,0.321428571,0.0,0.035714286,0.0,0.0,0.0,0.25,0.357142857,0.25,0.607142857,0.0,0.142857143,0.285714286,0.785714286,0.071428571,0.107142857,0.25,0.25,0.642857143,0.071428571,0.571428571,0.714285714,1.285714286,0.571428571,0.964285714,0.857142857,0.0,0.392857143,0.3586532771587372,0.41478607058525085,0.4530339539051056,1.9503798484802246,0.2956177592277527,0.2944180369377136,0.5609924793243408,0.36245518922805786,0.5348395109176636,0.1566610187292099,0.21969354152679443,0.24564111232757568,0.12864795327186584,1.0160431861877441,0.10530650615692139,0.24166975915431976,0.06442993134260178,0.18272139132022858,0.05889570713043213,0.10914099216461182,0.20194587111473083,0.06164190545678139,0.08182286471128464,0.08953423798084259,0.0365958996117115,0.045852180570364,0.18459530174732208,0.4012962281703949,0.10931280255317688,0.2224154770374298,0.20583416521549225,0.13943801820278168,0.311343789100647,0.03602728620171547,0.045973826199769974,0.3544980585575104,0.2210390418767929,0.03957872465252876,0.029957184568047523,0.09726130962371826,0.09473446011543274,0.13489726185798645,0.01660924404859543,0.4898838698863983,0.7275747656822205,0.47869443893432617,0.14572875201702118,0.41177821159362793,0.14259205758571625,0.17324182391166687,0.27639761567115784
AE448,0.666666667,0.444444444,1.0,0.37037037,0.518518519,0.111111111,0.62962963,0.074074074,0.259259259,0.074074074,0.407407407,0.259259259,0.074074074,0.37037037,0.148148148,0.222222222,0.074074074,0.0,0.0,0.0,0.0,0.0,0.074074074,0.0,0.111111111,0.037037037,0.148148148,0.0,0.185185185,0.074074074,0.185185185,0.0,0.0,0.111111111,0.0,0.037037037,0.0,0.111111111,0.0,0.148148148,0.111111111,0.0,0.0,0.111111111,0.259259259,0.0,0.592592593,0.0,0.222222222,0.296296296,0.0,0.9374405145645142,0.24518099427223206,0.5779646039009094,0.2126360684633255,0.3287739157676697,0.23848195374011993,0.7455571293830872,0.16846129298210144,1.0444101095199585,0.13704444468021393,0.49258697032928467,0.596235990524292,0.10293785482645035,1.4404575824737549,0.041784998029470444,0.11616208404302597,0.028628034517169,0.039147283881902695,0.055920377373695374,0.14830176532268524,0.2432929426431656,0.06503221392631531,0.046379461884498596,0.07530473172664642,0.03652983531355858,0.19471460580825806,0.06671557575464249,0.03142668306827545,0.07188936322927475,0.19274821877479553,0.28903618454933167,0.058103691786527634,0.13408055901527405,0.227913960814476,0.053150858730077744,0.5325838923454285,0.13604630529880524,0.014512061141431332,0.008637692779302597,0.06260880827903748,0.18511870503425598,0.10418322682380676,0.07085047662258148,0.17053432762622833,0.1364871859550476,0.2168818861246109,0.3444218039512634,0.14208856225013733,0.20642708241939545,0.3968616724014282,0.014125986956059933
AE539,0.107142857,0.0,0.178571429,0.178571429,0.214285714,0.0,0.428571429,0.25,0.285714286,0.0,0.357142857,0.107142857,0.0,0.357142857,0.0,0.071428571,0.0,0.0,0.0,0.285714286,0.392857143,0.071428571,0.107142857,0.0,0.0,0.0,0.0,0.071428571,0.0,0.214285714,0.285714286,0.107142857,0.142857143,0.392857143,0.428571429,0.357142857,0.857142857,0.464285714,0.178571429,0.285714286,0.107142857,0.428571429,0.571428571,0.107142857,0.214285714,0.5,0.0,0.392857143,0.214285714,0.0,0.142857143,0.6909074783325195,0.0938153937458992,0.515902042388916,0.14063110947608948,0.2500806748867035,0.19789078831672668,0.2780182659626007,0.12049490213394165,0.3192858397960663,0.12330929934978485,0.13375264406204224,0.08504936099052429,0.04401005059480667,0.48328375816345215,0.141849085688591,0.14562222361564636,0.09816744178533554,0.07955274730920792,0.025072887539863586,0.20229390263557434,0.22101981937885284,0.11951568722724915,0.19480501115322113,0.064447320997715,0.05169477313756943,0.041479531675577164,0.025274913758039474,0.04601362720131874,0.039951130747795105,0.1106908842921257,0.22512824833393097,0.1610143780708313,0.09389129281044006,0.28901827335357666,0.07259734719991684,0.48170164227485657,0.3350386619567871,0.24084292352199554,0.11776391416788101,0.16009394824504852,0.15698730945587158,0.18373380601406097,0.10070759057998657,0.17967365682125092,0.2574501633644104,0.36216357350349426,0.13942192494869232,0.3322528302669525,0.19367817044258118,0.14536438882350922,0.14838841557502747
AE645,0.178571429,0.0,0.214285714,0.0,0.178571429,0.0,0.0,0.0,0.107142857,0.071428571,0.035714286,0.035714286,0.0,0.142857143,0.071428571,0.071428571,0.071428571,0.0,0.0,0.071428571,0.071428571,0.071428571,0.0,0.107142857,0.0,0.0,0.214285714,0.25,0.5,0.214285714,0.5,0.142857143,0.0,0.142857143,0.107142857,0.214285714,0.5,0.0,0.535714286,0.892857143,0.214285714,0.357142857,0.178571429,0.25,0.25,0.964285714,0.642857143,3.071428571,0.142857143,0.142857143,0.25,0.34749481081962585,0.0596357062458992,0.3315969407558441,0.19212333858013153,0.3067561388015747,0.15216748416423798,0.35064414143562317,0.2902745306491852,0.5967152118682861,0.28458157181739807,0.19000102579593658,0.28877002000808716,0.06863173842430115,1.0495696067810059,0.4398523271083832,0.3755201995372772,0.20398713648319244,0.18527741730213165,0.11520632356405258,0.18030282855033875,0.2849118709564209,0.08363998681306839,0.25117358565330505,0.09052479267120361,0.09533059597015381,0.21266010403633118,0.158121719956398,0.11503398418426514,0.21524225175380707,0.3147526979446411,0.22254806756973267,0.10626740753650665,0.08236227184534073,0.2706969082355499,0.06161388382315636,0.482502281665802,0.2534465193748474,0.02842205949127674,0.10631515085697174,0.3205028474330902,0.23642367124557495,0.1692351996898651,0.12680353224277496,0.5589109659194946,0.5597069263458252,0.5359382629394531,0.27960672974586487,1.0425726175308228,0.2824990451335907,0.19532082974910736,0.19929488003253937
AE755,0.111111111,0.0,0.074074074,0.0,0.185185185,0.0,0.0,0.0,0.074074074,0.0,0.0,0.0,0.0,0.259259259,0.037037037,0.0,0.0,0.074074074,0.0,1.37037037,2.074074074,0.074074074,0.703703704,0.259259259,0.111111111,0.0,0.111111111,0.296296296,0.074074074,0.111111111,0.111111111,0.0,0.037037037,0.0,0.037037037,0.222222222,0.074074074,0.0,0.0,0.0,0.074074074,0.0,0.259259259,0.296296296,0.259259259,0.222222222,0.185185185,2.666666667,0.148148148,0.0,0.037037037,0.18968264758586884,0.022636499255895615,0.37295231223106384,0.21680091321468353,0.3295254111289978,0.10862856358289719,0.16203805804252625,0.11508720368146896,0.3343583047389984,0.11188088357448578,0.10818921029567719,0.06703276932239532,0.005674324464052916,0.7571744918823242,0.2397342473268509,0.2408417910337448,0.12942714989185333,0.19379034638404846,0.18644094467163086,0.7460657954216003,0.7200415730476379,0.08070629090070724,0.4913945496082306,0.1049065962433815,0.0480734184384346,0.07923389226198196,0.14113663136959076,0.25197771191596985,0.060235749930143356,0.19023577868938446,0.21530507504940033,0.09898848831653595,0.027219440788030624,0.3258107602596283,0.10144505649805069,0.27034562826156616,0.24078230559825897,0.08207883685827255,0.04512777179479599,0.06048237159848213,0.18494799733161926,0.20476169884204865,0.12044507265090942,0.5944464802742004,0.490906685590744,0.7255280613899231,0.3049588203430176,1.0319371223449707,0.16927361488342285,0.13455204665660858,0.06865210831165314
AE929,0.185185185,0.0,0.222222222,0.444444444,0.259259259,0.111111111,0.0,0.111111111,0.518518519,0.0,0.111111111,0.333333333,0.148148148,0.481481481,0.148148148,0.222222222,0.148148148,0.074074074,0.0,0.0,0.0,0.0,0.111111111,0.0,0.074074074,0.111111111,0.222222222,0.222222222,0.407407407,0.148148148,0.37037037,0.148148148,0.0,0.111111111,0.0,0.777777778,0.37037037,0.0,0.592592593,0.444444444,0.0,0.0,0.111111111,1.222222222,0.814814815,0.518518519,0.333333333,0.962962963,0.481481481,0.074074074,0.222222222,0.3372238278388977,0.06721948832273483,0.5036471486091614,0.3684137165546417,0.2713785767555237,0.23266209661960602,0.3019377589225769,0.23389247059822083,0.6578234434127808,0.35304659605026245,0.1454310268163681,0.19775617122650146,0.05244821310043335,0.8240674138069153,0.16651107370853424,0.22805437445640564,0.1397705227136612,0.10328204929828644,0.03667294606566429,0.12496862560510635,0.17628073692321777,0.06133294850587845,0.07700332999229431,0.04782585799694061,0.046694718301296234,0.15070217847824097,0.10531014949083328,0.047478336840867996,0.43769991397857666,0.364327609539032,0.238583505153656,0.11167094111442566,0.09941218048334122,0.1355445235967636,0.042762815952301025,0.5521888732910156,0.1885036826133728,0.019436778500676155,0.10926887392997742,0.19694067537784576,0.13014046847820282,0.14337772130966187,0.046100541949272156,1.619806170463562,1.1237244606018066,0.3469700813293457,0.0873909592628479,0.45421725511550903,0.221231609582901,0.08571357280015945,0.24055038392543793
AG069,0.166666667,0.0,0.066666667,0.133333333,0.0,0.0,0.0,0.0,0.066666667,0.0,0.066666667,0.1,0.1,0.7,0.166666667,0.266666667,0.0,0.033333333,0.0,0.0,0.266666667,0.0,0.1,0.0,0.0,0.0,0.733333333,1.3,1.5,0.3,0.1,0.233333333,0.0,0.033333333,0.066666667,0.133333333,0.0,0.0,0.166666667,0.033333333,0.0,0.0,0.0,0.0,0.2,0.033333333,0.0,0.166666667,0.0,0.0,0.0,0.2486409693956375,0.1653556227684021,0.30579859018325806,0.11475838720798492,0.2081322818994522,0.08156047016382217,0.3417414724826813,0.1966089904308319,0.8222790956497192,0.1519964337348938,0.26405972242355347,0.23399293422698975,0.07608947157859802,0.9015727639198303,0.1954069584608078,0.3396129608154297,0.06533429026603699,0.036288291215896606,0.007384368684142828,0.11609912663698196,0.21943148970603943,0.06552881002426147,0.11090384423732758,0.05261119082570076,0.044269807636737823,0.06016512215137482,0.14590303599834442,0.10848529636859894,0.32782185077667236,0.37155061960220337,0.2832523584365845,0.11711792647838593,0.048702504485845566,0.09606271982192993,0.06456570327281952,0.43876761198043823,0.09375036507844925,0.012827123515307903,0.040932878851890564,0.11699452996253967,0.08773202449083328,0.1277848482131958,0.038831137120723724,0.1751299947500229,0.09531106799840927,0.13970573246479034,0.05889945477247238,0.28259530663490295,0.10961832851171494,0.08065517246723175,0.09682208299636841
AG247,0.933333333,0.066666667,0.566666667,0.066666667,0.0,0.133333333,0.9,0.133333333,0.833333333,0.1,0.433333333,0.133333333,0.366666667,0.6,0.3,0.233333333,0.266666667,0.0,0.0,0.3,0.0,0.1,0.0,0.0,0.0,0.0,0.0,0.0,0.0,0.166666667,0.333333333,0.3,0.8,0.1,0.233333333,0.566666667,0.666666667,0.133333333,0.1,0.433333333,0.1,0.0,0.0,0.066666667,0.133333333,0.6,0.133333333,0.133333333,0.066666667,0.0,0.2,0.4517187476158142,0.12648752331733704,0.49825289845466614,0.34700626134872437,0.4485621154308319,0.2927243411540985,0.45771467685699463,0.20846416056156158,0.4907604157924652,0.1544821411371231,0.21752995252609253,0.1429508626461029,0.13710030913352966,0.8540881872177124,0.2798093557357788,0.26371535658836365,0.138191819190979,0.07065451145172119,0.028245987370610237,0.2998045086860657,0.3628155291080475,0.06272003054618835,0.23884639143943787,0.06701651215553284,0.04523811489343643,0.0878998190164566,0.050448473542928696,0.03414961323142052,0.02599492110311985,0.18368148803710938,0.24486711621284485,0.07081735879182816,0.37242546677589417,0.23660320043563843,0.09332843869924545,0.4571234881877899,0.16814246773719788,0.019985008984804153,0.010020178742706776,0.08297497779130936,0.1118633970618248,0.11592621356248856,0.017424385994672775,0.18691830337047577,0.6271467804908752,0.3862120807170868,0.16333825886249542,0.23766681551933289,0.15980856120586395,0.11685725301504135,0.09481865167617798
AG298,0.3,0.066666667,0.166666667,0.0,0.333333333,0.1,0.0,0.0,0.1,0.066666667,0.066666667,0.066666667,0.0,0.8,0.533333333,0.5,0.166666667,0.266666667,0.233333333,0.7,1.233333333,0.266666667,1.433333333,0.033333333,0.2,0.0,0.833333333,0.466666667,0.366666667,0.2,0.0,0.133333333,0.0,0.166666667,0.033333333,0.266666667,0.233333333,0.0,0.033333333,0.033333333,0.0,0.166666667,0.066666667,0.0,0.0,0.0,0.0,0.2,0.0,0.0,0.0,0.3286024034023285,0.023227008059620857,0.317036509513855,0.10919280350208282,0.27251341938972473,0.03215266764163971,0.22420378029346466,0.23226146399974823,0.8685774803161621,0.12281807512044907,0.24210003018379211,0.24684922397136688,0.14667640626430511,1.1564924716949463,0.3762013614177704,0.5092672109603882,0.3273518681526184,0.04357830807566643,0.000537324056494981,0.28041672706604004,0.3988839387893677,0.06784390658140182,0.43313705921173096,0.05887831375002861,0.048129498958587646,0.017901474609971046,0.19759663939476013,0.04693209379911423,0.05033986642956734,0.2135619968175888,0.27740874886512756,0.06001492589712143,0.022851858288049698,0.37752407789230347,0.20965570211410522,0.46182575821876526,0.0931270569562912,0.006156858988106251,0.008307739160954952,0.13028667867183685,0.10252772271633148,0.1259910613298416,0.03834648057818413,0.21011346578598022,0.10896628350019455,0.17398138344287872,0.1253458857536316,0.34993764758110046,0.1360687017440796,0.06948414444923401,0.06101550534367561
AG570,0.133333333,0.033333333,0.2,0.033333333,0.1,0.0,0.266666667,0.0,0.233333333,0.0,0.0,0.2,0.1,0.5,0.1,0.233333333,0.066666667,0.7,0.866666667,1.0,0.666666667,0.833333333,0.8,0.366666667,0.0,0.0,0.0,0.0,0.0,0.5,0.266666667,0.9,0.666666667,0.3,0.166666667,0.033333333,0.333333333,0.033333333,0.1,0.4,0.433333333,0.066666667,0.7,0.0,0.0,0.3,0.0,0.0,0.0,0.0,0.0,0.17253810167312622,0.10058694332838058,0.1900484710931778,0.08165416866540909,0.11355582624673843,0.10724573582410812,0.1389179676771164,0.07300496101379395,0.3044416308403015,0.10188782215118408,0.09989973157644272,0.07353981584310532,0.029367713257670403,0.34698203206062317,0.09610863029956818,0.08788590133190155,0.10665711015462875,0.3462451100349426,0.7059096693992615,1.1026183366775513,0.4380852282047272,0.3258647918701172,0.34447386860847473,0.09106552600860596,0.040937986224889755,0.07158210873603821,0.016755271703004837,0.06940747797489166,0.05241846293210983,0.18641303479671478,0.2806253135204315,0.30009791254997253,0.8186830282211304,0.3750016391277313,0.10540619492530823,0.25676748156547546,0.2818911671638489,0.19155682623386383,0.034739259630441666,0.21693222224712372,0.21215319633483887,0.2961137592792511,0.4666494131088257,0.15013712644577026,0.07091241329908371,0.2162364274263382,0.039293497800827026,0.14791429042816162,0.11312945187091827,0.07208551466464996,0.04988307133316994
AH402,0.433333333,0.066666667,0.333333333,0.433333333,0.333333333,0.3,0.4,0.0,0.9,0.0,0.133333333,0.3,0.066666667,0.8,0.4,0.466666667,0.166666667,0.033333333,0.0,0.033333333,0.0,0.0,0.133333333,0.0,0.0,0.133333333,0.266666667,0.0,0.133333333,0.1,0.066666667,0.166666667,0.166666667,0.1,0.066666667,0.066666667,0.0,0.0,0.033333333,0.033333333,0.3,0.466666667,0.0,0.933333333,0.566666667,0.0,0.0,0.333333333,0.533333333,0.233333333,0.1,0.21404463052749634,0.1030844897031784,0.3313458263874054,0.163965106010437,0.24770700931549072,0.08460017293691635,0.35257288813591003,0.20357869565486908,0.7928993701934814,0.11736798286437988,0.18198755383491516,0.23969176411628723,0.05899547040462494,1.0183647871017456,0.15924234688282013,0.28894034028053284,0.0718255415558815,0.04975006729364395,0.025599339976906776,0.0989026129245758,0.17170222103595734,0.06050803139805794,0.06938505917787552,0.04787817224860191,0.04298163950443268,0.04502996802330017,0.13407085835933685,0.0819188803434372,0.09639889746904373,0.17611950635910034,0.2230132520198822,0.07888568937778473,0.03581838682293892,0.1162673607468605,0.04320128634572029,0.46927332878112793,0.16321955621242523,0.03445182368159294,0.034746136516332626,0.17159539461135864,0.11975091695785522,0.14078736305236816,0.04592088609933853,0.6425376534461975,0.4273017942905426,0.30781158804893494,0.07863983511924744,0.3889155685901642,0.2678840458393097,0.09411649405956268,0.14329546689987183
AH666,0.166666667,0.0,0.333333333,0.0,0.366666667,0.166666667,0.433333333,0.233333333,0.933333333,0.166666667,0.066666667,0.5,0.066666667,1.0,0.3,0.633333333,0.266666667,0.0,0.0,0.066666667,0.233333333,0.0,0.133333333,0.0,0.0,0.166666667,0.166666667,0.066666667,0.366666667,0.066666667,0.3,0.066666667,0.133333333,0.0,0.0,0.266666667,0.166666667,0.0,0.033333333,0.133333333,0.1,0.4,0.1,0.533333333,0.066666667,0.0,0.0,0.133333333,0.166666667,0.0,0.0,0.19644251465797424,0.05036747455596924,0.3294470012187958,0.16964519023895264,0.2006492018699646,0.10127052664756775,0.3453691303730011,0.2670099437236786,0.9742651581764221,0.1214117631316185,0.24787604808807373,0.4549586772918701,0.11218269914388657,1.064028263092041,0.22360506653785706,0.2721615731716156,0.22242891788482666,0.04154028370976448,0.009873165749013424,0.2013130486011505,0.21549373865127563,0.06963828951120377,0.18308480083942413,0.05714578181505203,0.04782325401902199,0.04284986853599548,0.0797417089343071,0.06431584060192108,0.06817694753408432,0.19189587235450745,0.2489846795797348,0.112576924264431,0.056557003408670425,0.113917775452137,0.04843542352318764,0.46705499291419983,0.17601704597473145,0.02662162110209465,0.010824457742273808,0.1119225025177002,0.1631193608045578,0.16608935594558716,0.07407613098621368,0.2773316502571106,0.2888615131378174,0.2660161554813385,0.06422489881515503,0.3472135365009308,0.17118792235851288,0.09357063472270966,0.14822019636631012
AJ003,0.066666667,0.0,0.233333333,0.0,0.2,0.0,0.2,0.5,1.2,0.0,0.133333333,0.033333333,0.1,1.933333333,0.266666667,0.8,0.666666667,0.566666667,0.233333333,0.3,0.166666667,0.766666667,0.133333333,0.233333333,0.0,0.1,0.233333333,0.0,0.4,0.0,0.033333333,0.0,0.1,0.0,0.0,0.166666667,0.033333333,0.166666667,0.0,0.666666667,0.066666667,0.066666667,0.0,0.666666667,0.066666667,0.233333333,0.0,0.433333333,0.2,0.0,0.1,0.2557036578655243,0.006853233557194471,0.3187096416950226,0.14289993047714233,0.2936137020587921,0.039131470024585724,0.21383291482925415,0.19288791716098785,0.4514091908931732,0.14071352779865265,0.1345992535352707,0.05994361639022827,0.022718239575624466,0.8363829851150513,0.3835274279117584,0.3772771656513214,0.6159693002700806,0.2930789887905121,0.186056986451149,0.3911026120185852,0.2785543203353882,0.5382143259048462,0.3826304078102112,0.2673955261707306,0.05059069022536278,0.1408415138721466,0.1463937908411026,0.0982065200805664,0.7975046634674072,0.44276708364486694,0.24459730088710785,0.4010908901691437,0.32672417163848877,0.1111832708120346,0.17015725374221802,0.4811263680458069,0.11366012692451477,0.19547002017498016,0.0324137844145298,1.0064783096313477,0.15624086558818817,0.14687174558639526,0.17683827877044678,0.21126535534858704,0.14688542485237122,0.3523804247379303,0.06735336780548096,0.3948229253292084,0.13256192207336426,0.12681275606155396,0.12660536170005798
AJ062,0.172413793,0.0,0.517241379,0.172413793,0.24137931,0.137931034,0.206896552,0.310344828,0.689655172,0.103448276,0.068965517,0.103448276,0.0,1.068965517,0.379310345,0.275862069,0.379310345,0.0,0.137931034,0.172413793,0.034482759,0.0,0.275862069,0.034482759,0.0,0.068965517,0.0,0.0,0.0,0.275862069,0.137931034,0.0,0.172413793,0.172413793,0.0,0.793103448,0.172413793,0.0,0.0,0.034482759,0.206896552,0.379310345,0.0,0.517241379,0.206896552,0.655172414,0.172413793,1.24137931,0.344827586,0.206896552,0.344827586,0.23905016481876373,0.044455237686634064,0.5274166464805603,0.15733559429645538,0.3856661915779114,0.1138533353805542,0.2459527850151062,0.22829318046569824,0.5026521682739258,0.11545062065124512,0.10507479310035706,0.0629497841000557,0.007734375074505806,1.0656909942626953,0.3397583067417145,0.3528806269168854,0.7033622860908508,0.5285841226577759,0.11711911857128143,0.4413812756538391,0.2565695345401764,0.6938009262084961,0.2593400180339813,0.3186880052089691,0.04422396793961525,0.19065675139427185,0.027333134785294533,0.033245887607336044,0.04452676326036453,0.25406867265701294,0.23713338375091553,0.11235153675079346,0.15006184577941895,0.10627802461385727,0.06588974595069885,0.4050554633140564,0.10624253004789352,0.045117445290088654,0.008615137077867985,0.11089343577623367,0.21266505122184753,0.25064289569854736,0.10502205044031143,0.20943783223628998,0.17344032227993011,0.24531826376914978,0.07595186680555344,0.2290494740009308,0.14364014565944672,0.2528797686100006,0.09409723430871964
AJ334,1.3,0.133333333,0.6,0.0,0.566666667,0.1,0.333333333,0.033333333,0.4,0.0,0.2,0.066666667,0.066666667,0.933333333,0.1,0.2,0.066666667,0.0,0.0,0.0,0.033333333,0.0,0.1,0.266666667,0.0,1.833333333,0.066666667,0.0,0.1,0.133333333,0.1,0.0,0.0,0.466666667,0.0,1.033333333,0.0,0.0,0.0,0.0,0.266666667,0.2,0.166666667,0.0,0.033333333,0.033333333,0.0,0.0,0.1,0.233333333,0.333333333,0.2820802628993988,0.094247967004776,0.36751002073287964,0.19954253733158112,0.28572893142700195,0.0909457802772522,0.49729669094085693,0.2227671891450882,0.8148612380027771,0.2074514478445053,0.24350853264331818,0.38483336567878723,0.09785699099302292,1.0900534391403198,0.25366464257240295,0.3062745928764343,0.16176725924015045,0.054304562509059906,0.006108330097049475,0.11137336492538452,0.19409503042697906,0.06098727136850357,0.11047565937042236,0.06256405264139175,0.041762154549360275,0.27867624163627625,0.14494775235652924,0.08340659737586975,0.537284255027771,0.3001309335231781,0.2418939173221588,0.07168956100940704,0.03831178694963455,0.16025391221046448,0.06532560288906097,0.633415937423706,0.20006409287452698,0.049780357629060745,0.09582826495170593,0.1295025646686554,0.17362086474895477,0.16644105315208435,0.08362874388694763,0.5365199446678162,0.26965463161468506,0.4643006920814514,0.08145927637815475,0.2824190855026245,0.28734418749809265,0.1159474104642868,0.1471964567899704
AJ647,0.034482759,0.0,0.034482759,0.0,0.344827586,0.0,0.0,0.0,0.172413793,0.0,0.0,0.0,0.0,0.482758621,0.275862069,0.137931034,0.206896552,0.24137931,0.0,2.172413793,2.517241379,0.103448276,2.275862069,0.275862069,0.0,0.0,0.068965517,0.482758621,0.344827586,0.0,0.0,0.0,0.103448276,0.137931034,0.24137931,0.172413793,0.0,0.0,0.0,0.0,0.103448276,0.068965517,0.0,0.0,0.0,0.0,0.0,0.0,0.0,0.103448276,0.0,0.21628059446811676,0.0721573606133461,0.290025532245636,0.12726300954818726,0.2593647241592407,0.05850235000252724,0.36042022705078125,0.2266722321510315,0.6657484173774719,0.11546328663825989,0.22585244476795197,0.23917749524116516,0.053418442606925964,1.2940444946289062,0.44614899158477783,0.3682279586791992,0.3240574300289154,0.12627756595611572,0.07375124841928482,0.6187641620635986,0.7014907598495483,0.13409802317619324,0.42480722069740295,0.16032400727272034,0.05863223224878311,0.09993080049753189,0.11044080555438995,0.13231821358203888,0.09389649331569672,0.22086413204669952,0.25380611419677734,0.13744091987609863,0.312602698802948,0.10864213109016418,0.06142595782876015,0.33661195635795593,0.09310030937194824,0.030419934540987015,0.04638838395476341,0.08751208335161209,0.15160676836967468,0.13124313950538635,0.10843663662672043,0.21701112389564514,0.09413934499025345,0.15476885437965393,0.058247968554496765,0.2726743519306183,0.15384262800216675,0.09254788607358932,0.07805068790912628
AK135,0.433333333,0.1,0.433333333,0.0,0.166666667,0.5,0.666666667,0.566666667,0.666666667,1.4,0.1,0.066666667,0.0,1.1,0.0,0.066666667,0.066666667,0.133333333,0.0,0.166666667,0.1,0.0,0.0,0.0,0.0,0.1,0.0,0.0,0.066666667,0.233333333,0.166666667,0.0,0.0,0.1,0.033333333,0.566666667,0.266666667,0.0,0.0,0.0,0.033333333,0.166666667,0.0,0.466666667,0.0,0.466666667,0.833333333,0.433333333,0.3,0.366666667,0.333333333,0.3531756103038788,0.18900926411151886,0.3941297233104706,0.19016970694065094,0.370348185300827,0.2355419546365738,0.5957738757133484,0.3287484645843506,1.0160983800888062,0.8442741632461548,0.32502317428588867,0.3568126857280731,0.10951921343803406,1.58010733127594,0.3814416527748108,0.42537927627563477,0.22129376232624054,0.058335110545158386,0.033442046493291855,0.15613695979118347,0.2901560366153717,0.06387247145175934,0.16051539778709412,0.10800737142562866,0.0394987016916275,0.19844919443130493,0.08170322328805923,0.037317562848329544,0.22466742992401123,0.4033951461315155,0.25688648223876953,0.0778786689043045,0.17066743969917297,0.1552833765745163,0.04240967333316803,0.28971484303474426,0.13462738692760468,0.002314311685040593,0.03737388178706169,0.11612293869256973,0.09678351879119873,0.10431085526943207,0.079706110060215,0.22629989683628082,0.22718800604343414,0.21661069989204407,0.12159433215856552,0.27895891666412354,0.19685065746307373,0.12315637618303299,0.12825116515159607
AK723,0.366666667,0.066666667,0.066666667,0.0,0.066666667,0.0,0.166666667,0.166666667,1.233333333,0.2,0.4,0.033333333,0.1,2.5,1.2,1.266666667,1.166666667,0.133333333,0.066666667,0.333333333,0.9,0.0,0.633333333,0.2,0.1,0.366666667,0.4,0.633333333,0.2,0.466666667,0.0,0.0,0.0,0.0,0.0,0.0,0.066666667,0.0,0.0,0.0,0.0,0.133333333,0.0,0.0,0.0,0.5,0.0,0.3,0.166666667,0.0,0.133333333,0.413353830575943,0.07951294630765915,0.36647576093673706,0.12499735504388809,0.16978594660758972,0.21968556940555573,0.5239236354827881,0.27699851989746094,0.9668238162994385,0.9796808958053589,0.2729499042034149,0.2928873598575592,0.07336291670799255,1.5672723054885864,0.23458559811115265,0.2385498583316803,0.14094065129756927,0.047637175768613815,0.009366389364004135,0.1665882170200348,0.20902107656002045,0.06836587935686111,0.10564853996038437,0.07441315799951553,0.05055913329124451,0.12271246314048767,0.12634539604187012,0.05207217484712601,0.14811189472675323,0.6979670524597168,0.28837141394615173,0.07574484497308731,0.15521490573883057,0.11792464554309845,0.051199331879615784,0.380331426858902,0.17970243096351624,0.012657194398343563,0.026696020737290382,0.1321982890367508,0.10122601687908173,0.1325751692056656,0.06408000737428665,0.2193915843963623,0.1494489312171936,0.3945576846599579,0.1331011801958084,0.43651506304740906,0.20199139416217804,0.1122942641377449,0.16929100453853607
AK814,0.4,0.0,0.6,0.0,0.266666667,0.233333333,0.933333333,0.366666667,1.8,0.5,0.166666667,0.333333333,0.033333333,1.6,0.133333333,0.166666667,0.066666667,0.0,0.0,0.0,0.0,0.0,0.4,0.0,0.0,0.433333333,0.0,0.0,0.0,0.133333333,0.233333333,0.0,0.0,0.166666667,0.0,0.733333333,0.1,0.0,0.0,0.0,0.1,0.233333333,0.0,0.266666667,0.0,0.4,0.266666667,0.133333333,0.666666667,0.4,0.166666667,0.39178645610809326,0.15360555052757263,0.4188212752342224,0.1846783310174942,0.37384745478630066,0.22646473348140717,0.6133104562759399,0.28783395886421204,1.035024881362915,0.6786770820617676,0.29891979694366455,0.2874016761779785,0.12771795690059662,1.4806376695632935,0.2772412598133087,0.3389568328857422,0.18430732190608978,0.05632699653506279,0.0360744372010231,0.1397300660610199,0.29819098114967346,0.061793286353349686,0.1963968425989151,0.08673302829265594,0.03797678276896477,0.15097713470458984,0.06669396907091141,0.06903167814016342,0.27225637435913086,0.2980213165283203,0.284393310546875,0.054584041237831116,0.04923843964934349,0.16454455256462097,0.04291361942887306,0.5814087390899658,0.21555176377296448,0.007153585087507963,0.025630008429288864,0.07114140689373016,0.09720911085605621,0.11190962046384811,0.10390050709247589,0.20965296030044556,0.1707201898097992,0.25018632411956787,0.17501889169216156,0.22791098058223724,0.24586573243141174,0.13648812472820282,0.11632626503705978
AK971,0.2,0.0,0.266666667,0.133333333,0.233333333,0.033333333,0.366666667,0.266666667,0.4,0.066666667,0.0,0.0,0.0,0.9,0.2,0.166666667,0.066666667,0.0,0.0,0.1,0.133333333,0.0,0.4,0.0,0.066666667,0.3,0.233333333,0.066666667,0.8,0.233333333,0.333333333,0.0,0.0,0.366666667,0.0,1.7,0.633333333,0.0,0.1,0.466666667,0.1,0.3,0.3,0.366666667,0.1,0.466666667,0.433333333,0.4,0.166666667,0.066666667,0.1,0.4165041446685791,0.1932930052280426,0.42408257722854614,0.20495839416980743,0.34260478615760803,0.3265957832336426,0.5966203808784485,0.2869041860103607,1.0694217681884766,0.6996603608131409,0.2975563108921051,0.25482916831970215,0.11080529540777206,1.530599594116211,0.26653075218200684,0.2989390790462494,0.16629935801029205,0.05855099856853485,0.03380351513624191,0.157841756939888,0.3076922297477722,0.06566892564296722,0.15469302237033844,0.09408728778362274,0.03748234361410141,0.16001491248607635,0.06554173678159714,0.06314308941364288,0.20540064573287964,0.3194582760334015,0.2685511112213135,0.05090745911002159,0.0642826110124588,0.16731300950050354,0.0436488576233387,0.5488309264183044,0.33977872133255005,0.008165022358298302,0.02827075496315956,0.07000385969877243,0.10052061825990677,0.11815513670444489,0.09909463673830032,0.21210236847400665,0.16725116968154907,0.26212966442108154,0.17345361411571503,0.20275606215000153,0.23905706405639648,0.1573047935962677,0.1414877474308014
AK977,0.066666667,0.0,0.3,0.333333333,0.366666667,0.0,0.366666667,0.3,0.533333333,0.0,0.133333333,0.166666667,0.1,1.033333333,0.733333333,0.366666667,0.366666667,0.033333333,0.0,0.033333333,0.266666667,0.033333333,0.133333333,0.0,0.166666667,0.066666667,0.1,0.0,0.0,0.2,0.066666667,0.0,0.0,0.066666667,0.0,0.4,0.0,0.0,0.0,0.0,0.5,0.3,0.0,1.5,0.6,0.266666667,0.2,0.7,0.833333333,0.233333333,0.133333333,0.5567640662193298,0.041850633919239044,0.5520713329315186,0.26427868008613586,0.3606320917606354,0.1554374247789383,0.3461574912071228,0.13311727344989777,0.6282200813293457,0.15687695145606995,0.14412908256053925,0.16951297223567963,0.049995049834251404,1.0929324626922607,0.24454297125339508,0.25991588830947876,0.2112518548965454,0.05581657961010933,0.05435843765735626,0.2174544632434845,0.313991516828537,0.10032513737678528,0.2275208830833435,0.08763249963521957,0.047448720782995224,0.12179189920425415,0.04242253676056862,0.04142037034034729,0.056785229593515396,0.32776808738708496,0.2417430877685547,0.07427357882261276,0.10301604866981506,0.12647688388824463,0.06150829792022705,0.5581657290458679,0.22421026229858398,0.14103929698467255,0.013108049519360065,0.10535302758216858,0.1839553713798523,0.16204500198364258,0.08354457467794418,0.23846615850925446,0.28962817788124084,0.5011364221572876,0.2060023993253708,0.34115901589393616,0.31742995977401733,0.22887280583381653,0.19501806795597076
AK983,0.433333333,0.1,0.266666667,0.1,0.1,0.0,0.1,0.433333333,1.333333333,0.0,0.5,0.3,0.0,1.8,0.2,0.433333333,0.033333333,0.033333333,0.033333333,0.0,0.633333333,0.0,0.366666667,0.266666667,0.1,0.133333333,0.433333333,0.1,0.0,0.433333333,0.0,0.0,0.0,0.0,0.166666667,0.566666667,0.0,0.733333333,0.0,0.533333333,0.0,0.0,0.0,0.366666667,0.066666667,0.1,0.166666667,0.133333333,0.033333333,0.1,0.166666667,0.566599428653717,0.3393746614456177,0.48270148038864136,0.11920472979545593,0.28260862827301025,0.0833536684513092,0.2983922064304352,0.19467151165008545,0.5866827964782715,0.16186583042144775,0.14632010459899902,0.17484205961227417,0.040819257497787476,0.9273673892021179,0.3652305006980896,0.28149476647377014,0.11453282833099365,0.07991274446249008,0.05022038519382477,0.3109375834465027,0.40991324186325073,0.20521031320095062,0.260490745306015,0.1782820075750351,0.05721283704042435,0.1848161518573761,0.08329594135284424,0.07232262194156647,0.1421635001897812,0.4832184612751007,0.26492613554000854,0.11235825717449188,0.13733354210853577,0.20878082513809204,0.06668806821107864,0.3850945234298706,0.1888340711593628,0.08932984620332718,0.022767651826143265,0.12268217653036118,0.22311194241046906,0.15850500762462616,0.12645196914672852,0.18383662402629852,0.1725108027458191,1.0180803537368774,0.2307838797569275,0.6590477824211121,0.17917943000793457,0.16020052134990692,0.1734401285648346
AL402,1.066666667,0.0,0.366666667,0.1,0.666666667,0.333333333,0.633333333,0.2,0.933333333,0.3,0.166666667,0.066666667,0.0,0.433333333,0.066666667,0.133333333,0.166666667,0.1,0.166666667,0.766666667,0.633333333,0.233333333,0.533333333,0.066666667,0.0,0.266666667,0.0,0.0,0.0,0.466666667,0.3,0.0,0.033333333,0.233333333,0.166666667,0.6,0.3,0.233333333,0.0,0.2,0.3,0.133333333,0.0,0.1,0.133333333,0.3,0.4,0.2,0.166666667,0.233333333,0.166666667,0.9219961166381836,0.14697939157485962,0.7382585406303406,0.23292924463748932,0.6838235855102539,0.22867675125598907,0.39283618330955505,0.11739151179790497,0.5894525051116943,0.1352001577615738,0.17898373305797577,0.07608714699745178,0.026803506538271904,0.5490564703941345,0.19088506698608398,0.12814708054065704,0.19678042829036713,0.07925299555063248,0.10490468889474869,0.5204886794090271,0.861772358417511,0.06913384050130844,0.5101056098937988,0.07248744368553162,0.03495737165212631,0.2465893179178238,0.0393020398914814,0.03778257220983505,0.051692359149456024,0.3302483558654785,0.22674345970153809,0.07191380858421326,0.051878802478313446,0.45127055048942566,0.09523971378803253,0.9879113435745239,0.20983178913593292,0.11100950837135315,0.02495463378727436,0.10996800661087036,0.2827301025390625,0.14835171401500702,0.08198487758636475,0.1805955469608307,0.14489364624023438,0.2172173410654068,0.18982574343681335,0.1490701287984848,0.32706406712532043,0.22215819358825684,0.17023031413555145
AL454,0.366666667,0.0,0.533333333,0.133333333,0.533333333,0.2,0.733333333,0.366666667,0.866666667,0.433333333,0.0,0.0,0.0,1.166666667,0.366666667,0.433333333,0.133333333,0.0,0.0,0.166666667,0.333333333,0.0,0.466666667,0.433333333,0.266666667,0.433333333,0.0,0.133333333,0.233333333,0.433333333,0.233333333,0.0,0.0,0.2,0.066666667,0.933333333,0.8,0.5,0.066666667,0.1,0.2,0.266666667,0.033333333,0.1,0.166666667,1.0,0.266666667,0.333333333,0.033333333,0.0,0.133333333,0.6095449924468994,0.08329539746046066,0.5728840231895447,0.23358871042728424,0.5301151275634766,0.28009721636772156,0.49320489168167114,0.15108369290828705,0.5301274061203003,0.3326924443244934,0.13579945266246796,0.08579303324222565,0.04532063379883766,0.9923642873764038,0.23852387070655823,0.25029677152633667,0.1968325674533844,0.07564649730920792,0.03593472018837929,0.25885009765625,0.4736395478248596,0.1055409163236618,0.32345592975616455,0.09621871262788773,0.03993785381317139,0.23197078704833984,0.09482187777757645,0.11735481023788452,0.21165451407432556,0.3573012053966522,0.22976069152355194,0.08050646632909775,0.055089835077524185,0.30873408913612366,0.07223930209875107,0.9105533957481384,0.48070305585861206,0.3474982678890228,0.03769960254430771,0.12210523337125778,0.19133830070495605,0.12202198803424835,0.16908623278141022,0.17414768040180206,0.11107861995697021,0.30094265937805176,0.17461664974689484,0.13617335259914398,0.2393077313899994,0.19747956097126007,0.1712167114019394
AL520,0.2,0.0,0.5,0.0,0.3,0.066666667,0.466666667,0.0,0.633333333,0.0,0.0,0.0,0.0,0.466666667,0.133333333,0.266666667,0.033333333,0.0,0.066666667,0.3,0.2,0.366666667,0.1,0.133333333,0.0,0.133333333,0.0,0.0,0.133333333,0.366666667,0.066666667,0.5,0.5,0.366666667,0.1,1.2,0.6,1.433333333,0.433333333,0.9,0.133333333,0.0,0.166666667,0.0,0.033333333,0.433333333,0.1,0.033333333,0.066666667,0.466666667,0.433333333,0.9835761189460754,0.1331518441438675,0.6756018400192261,0.2037937343120575,0.5270082354545593,0.2581762373447418,0.3259614408016205,0.06790369749069214,0.36585500836372375,0.14209944009780884,0.12197244167327881,0.051240842789411545,0.003834555158391595,0.5735428929328918,0.1853388100862503,0.15546829998493195,0.17156696319580078,0.12793509662151337,0.16014432907104492,0.2264176458120346,0.27993685007095337,0.09906438738107681,0.19650042057037354,0.06686600297689438,0.036903779953718185,0.13250482082366943,0.10265965014696121,0.07801917940378189,0.3938426971435547,0.3771250247955322,0.24411453306674957,0.20656712353229523,0.21909667551517487,0.2886928617954254,0.14714433252811432,0.6803488731384277,0.2929246127605438,0.21739256381988525,0.24254074692726135,0.726078450679779,0.26186403632164,0.29695117473602295,0.09922746568918228,0.16689321398735046,0.14646781980991364,0.22435273230075836,0.148481085896492,0.11845522373914719,0.2684532701969147,0.18766450881958008,0.1573244333267212
AL790,0.6,0.1,0.533333333,0.0,0.5,0.066666667,0.433333333,0.233333333,0.5,0.0,0.166666667,0.333333333,0.0,0.6,0.1,0.1,0.2,0.266666667,0.066666667,0.533333333,0.966666667,0.3,0.133333333,0.1,0.0,0.266666667,0.0,0.0,0.266666667,0.2,0.333333333,0.066666667,0.2,0.366666667,0.1,0.8,0.0,0.1,0.0,0.466666667,0.266666667,0.333333333,0.0,0.1,0.0,0.333333333,0.0,0.4,0.133333333,0.433333333,0.066666667,0.8512547612190247,0.34754857420921326,0.7932324409484863,0.11252078413963318,0.21249166131019592,0.1678251326084137,0.39249908924102783,0.11232955008745193,0.7429283857345581,0.14554528892040253,0.26017799973487854,0.1720709204673767,0.11775165051221848,0.853043258190155,0.19539837539196014,0.17563392221927643,0.18557339906692505,0.054389841854572296,0.03896695002913475,0.2415638118982315,0.2468748539686203,0.1104111522436142,0.18428237736225128,0.09420004487037659,0.03621818125247955,0.1462922990322113,0.057992979884147644,0.049296408891677856,0.10282184183597565,0.3084641695022583,0.2320641279220581,0.21250978112220764,0.09594295918941498,0.1213705986738205,0.07984361797571182,0.4547528326511383,0.13492515683174133,0.24776184558868408,0.042207982391119,0.13057368993759155,0.1412849873304367,0.10894817113876343,0.09663528203964233,0.20073309540748596,0.13898645341396332,0.20258420705795288,0.13432225584983826,0.11317650973796844,0.21445240080356598,0.16560865938663483,0.09136149287223816
AL973,1.3,0.0,0.433333333,0.1,0.033333333,0.1,0.4,0.2,0.766666667,0.0,0.133333333,0.0,0.0,0.666666667,0.133333333,0.133333333,0.0,0.0,0.066666667,0.0,0.066666667,0.1,0.5,0.0,0.0,0.5,0.133333333,0.0,0.066666667,0.166666667,0.1,0.166666667,0.033333333,0.433333333,0.1,1.433333333,0.666666667,0.366666667,0.1,0.666666667,0.5,0.366666667,0.533333333,0.166666667,0.066666667,0.333333333,0.133333333,0.0,0.4,0.233333333,0.433333333,0.5194870829582214,0.24772809445858002,0.595650315284729,0.2772538959980011,0.5078828930854797,0.23670849204063416,0.36344122886657715,0.13801294565200806,0.43420717120170593,0.21488168835639954,0.12596772611141205,0.036390502005815506,0.017823094502091408,0.5947933793067932,0.20733191072940826,0.14882604777812958,0.22897355258464813,0.10020466148853302,0.161790132522583,0.2840156853199005,0.39947760105133057,0.48429980874061584,0.43533676862716675,0.09284178167581558,0.0452432855963707,0.1475841999053955,0.03602955490350723,0.05974912643432617,0.061281561851501465,0.2541058659553528,0.2300977259874344,0.11096832901239395,0.06157602369785309,0.4934752285480499,0.12314055860042572,1.007720708847046,0.5730592608451843,0.39231887459754944,0.05124058946967125,0.19729956984519958,0.3877798318862915,0.1836177557706833,0.10427618771791458,0.17136366665363312,0.15907834470272064,0.304831326007843,0.17256255447864532,0.13126249611377716,0.3502696454524994,0.23964516818523407,0.1652507185935974
AM435,0.4,0.0,1.1,1.433333333,0.833333333,0.433333333,0.2,0.566666667,0.833333333,0.2,0.166666667,0.066666667,0.0,1.466666667,0.433333333,0.633333333,0.433333333,0.166666667,0.1,0.2,0.0,0.066666667,0.166666667,0.066666667,0.0,0.0,0.0,0.0,0.0,0.3,0.3,0.2,0.166666667,0.233333333,0.0,0.733333333,0.033333333,0.0,0.0,0.0,0.533333333,0.066666667,0.0,0.266666667,0.933333333,0.666666667,0.133333333,0.566666667,0.166666667,0.2,0.166666667,0.5239978432655334,0.13533049821853638,0.8493908047676086,0.2762249708175659,0.8053523898124695,0.4994174540042877,0.6479425430297852,0.37510523200035095,0.7880133390426636,0.17024360597133636,0.30279046297073364,0.2849288582801819,0.15173575282096863,1.4330064058303833,0.2626502513885498,0.35576748847961426,0.26373741030693054,0.12153638154268265,0.08399088680744171,0.16857710480690002,0.24203045666217804,0.08706068247556686,0.07355856895446777,0.07681809365749359,0.04052238538861275,0.10421706736087799,0.05303598567843437,0.04113459959626198,0.09150952845811844,0.17145495116710663,0.22271542251110077,0.05611371994018555,0.16071414947509766,0.12290375679731369,0.04872143268585205,0.6170441508293152,0.08722364902496338,0.0017500023823231459,0.026643279939889908,0.06205707788467407,0.1675032526254654,0.1348000019788742,0.03883126750588417,0.21184487640857697,0.3365878462791443,0.21823900938034058,0.11757306009531021,0.17285877466201782,0.18311282992362976,0.19622333347797394,0.07728160172700882
AM940,0.4,0.2,0.766666667,0.333333333,0.233333333,0.433333333,0.4,0.0,0.8,0.133333333,0.633333333,0.333333333,0.133333333,0.9,0.133333333,0.1,0.066666667,0.1,0.2,0.433333333,0.0,0.0,0.066666667,0.0,0.0,0.1,0.066666667,0.0,0.133333333,0.533333333,0.166666667,0.166666667,1.1,0.033333333,0.0,0.566666667,0.066666667,0.033333333,0.066666667,0.266666667,0.3,0.0,0.066666667,0.0,0.266666667,0.266666667,0.166666667,0.0,0.0,0.166666667,0.2,0.46073541045188904,0.45278263092041016,0.4158608317375183,0.21588511765003204,0.24315418303012848,0.14778666198253632,0.6657413244247437,0.20092079043388367,0.9535833597183228,0.1777835190296173,0.3229644298553467,0.30496376752853394,0.12401024997234344,1.3645552396774292,0.2284936159849167,0.2676461637020111,0.15119889378547668,0.037206899374723434,0.0072350939735770226,0.162194162607193,0.2493031919002533,0.09671660512685776,0.08292248100042343,0.06513497978448868,0.04766711965203285,0.1450507789850235,0.11124346405267715,0.044614482671022415,0.2510796785354614,0.43436935544013977,0.2651413679122925,0.22330555319786072,0.2197515219449997,0.10601825267076492,0.06285320222377777,0.39935123920440674,0.0985279530286789,0.037685636430978775,0.04766210913658142,0.14906543493270874,0.059776902198791504,0.10599695891141891,0.08273666352033615,0.21238714456558228,0.2121300846338272,0.23443105816841125,0.11077598482370377,0.13670355081558228,0.15544894337654114,0.10031966865062714,0.10806995630264282
AN301,0.133333333,0.4,0.5,0.2,0.733333333,0.133333333,0.633333333,0.9,0.233333333,0.166666667,0.0,0.066666667,0.066666667,1.4,0.666666667,0.466666667,0.2,0.266666667,0.066666667,0.3,0.133333333,0.266666667,0.1,0.266666667,0.0,0.266666667,0.333333333,0.0,0.1,0.5,0.166666667,0.1,0.0,0.1,0.1,0.266666667,0.0,0.0,0.0,0.0,0.466666667,0.266666667,0.0,0.2,0.133333333,0.133333333,0.0,0.233333333,0.366666667,0.2,0.066666667,0.3484000563621521,0.053885169327259064,0.3668912947177887,0.342660129070282,0.5082579851150513,0.23737816512584686,0.45127734541893005,0.3410993814468384,0.7206650972366333,0.1387573480606079,0.2782087028026581,0.21390369534492493,0.10203791409730911,1.4699792861938477,0.4686039984226227,0.5184131264686584,0.2396317720413208,0.14014339447021484,0.12643758952617645,0.5039721727371216,0.5431458353996277,0.13496814668178558,0.23795786499977112,0.08988817781209946,0.04384467378258705,0.2086755484342575,0.2352885752916336,0.07005102187395096,0.16632185876369476,0.22205965220928192,0.26336216926574707,0.07802868634462357,0.16314572095870972,0.1439298838376999,0.051010068506002426,0.6464161276817322,0.15871024131774902,0.020955221727490425,0.03893275186419487,0.16928188502788544,0.1784585565328598,0.14564001560211182,0.0669127032160759,0.20907777547836304,0.12063547968864441,0.12251110374927521,0.08944100141525269,0.18429143726825714,0.19286073744297028,0.10562111437320709,0.06518519669771194
AO006,0.466666667,0.066666667,0.433333333,0.1,0.533333333,0.066666667,0.9,0.566666667,1.7,0.0,0.633333333,0.533333333,0.5,1.966666667,0.666666667,0.3,0.066666667,0.066666667,0.0,0.266666667,0.333333333,0.0,0.133333333,0.4,0.033333333,1.866666667,0.166666667,0.566666667,0.066666667,0.266666667,0.166666667,0.066666667,0.0,0.033333333,0.0,0.266666667,0.066666667,0.0,0.0,0.0,0.066666667,0.233333333,0.0,0.266666667,0.4,0.0,0.133333333,0.033333333,0.366666667,0.2,0.066666667,0.4292868673801422,0.10533091425895691,0.590867817401886,0.24768005311489105,0.5687221884727478,0.22240152955055237,0.5495381355285645,0.3253452479839325,0.6415979862213135,0.21314604580402374,0.2927939295768738,0.2206963300704956,0.3140585422515869,1.2513624429702759,0.3624444305896759,0.2550022602081299,0.22454117238521576,0.10955212265253067,0.02888624556362629,0.18558861315250397,0.25035321712493896,0.4715462625026703,0.17510703206062317,0.33679676055908203,0.06354203820228577,1.0393797159194946,0.3178365230560303,0.17611180245876312,0.4187573492527008,0.33086270093917847,0.23212817311286926,0.29054561257362366,0.3955390155315399,0.12030257284641266,0.1538861244916916,0.37452778220176697,0.2134401500225067,0.17577461898326874,0.1282701939344406,0.78154057264328,0.1480855792760849,0.13868996500968933,0.10460589081048965,0.20614466071128845,0.15080095827579498,0.16236329078674316,0.11191007494926453,0.20151223242282867,0.21487636864185333,0.168438121676445,0.11482550948858261
AO318,0.266666667,0.0,0.366666667,0.533333333,0.0,0.066666667,0.133333333,0.2,0.666666667,0.133333333,0.4,0.666666667,0.0,1.633333333,0.233333333,0.433333333,0.033333333,0.3,0.0,0.733333333,0.6,0.366666667,0.366666667,0.733333333,0.066666667,0.066666667,0.333333333,0.266666667,0.266666667,0.566666667,0.366666667,0.866666667,0.166666667,0.066666667,0.166666667,0.3,0.1,0.333333333,0.233333333,1.0,0.0,0.066666667,0.1,0.133333333,0.3,0.133333333,0.0,0.0,0.0,0.066666667,0.0,0.29862552881240845,0.05864594131708145,0.3487161695957184,0.22697290778160095,0.3294372260570526,0.11361125856637955,0.31939294934272766,0.3289034962654114,0.6889091730117798,0.13842396438121796,0.17891870439052582,0.20507028698921204,0.083974190056324,1.3127902746200562,0.42754122614860535,0.40771400928497314,0.28412166237831116,0.055311545729637146,0.06815990060567856,0.32616502046585083,0.22708536684513092,0.14838306605815887,0.20272424817085266,0.26719194650650024,0.053346898406744,0.10863693058490753,0.12714999914169312,0.1143605038523674,0.1969819813966751,0.4386802911758423,0.3093646466732025,0.2505725920200348,0.29296359419822693,0.09627792239189148,0.05060165002942085,0.35508981347084045,0.0883973017334938,0.16810154914855957,0.04332519695162773,0.5615327954292297,0.11543619632720947,0.13909368216991425,0.11973121017217636,0.22078119218349457,0.2543374300003052,0.1826634705066681,0.05615111067891121,0.3981330692768097,0.1511128693819046,0.13992512226104736,0.06970416754484177
AO684,0.3,0.133333333,0.4,0.166666667,0.366666667,0.133333333,0.1,0.0,0.4,0.0,0.0,0.166666667,0.1,0.9,0.3,0.366666667,0.033333333,0.0,0.0,0.833333333,0.866666667,0.3,0.133333333,0.666666667,0.066666667,0.4,0.266666667,0.166666667,0.5,0.133333333,0.233333333,0.766666667,0.466666667,0.0,0.133333333,0.3,0.266666667,0.266666667,0.1,0.8,0.0,0.033333333,0.233333333,0.266666667,0.333333333,0.166666667,0.533333333,0.066666667,0.266666667,0.3,0.0,0.4756116271018982,0.23408357799053192,0.5451761484146118,0.389055460691452,0.5101112127304077,0.23605366051197052,0.43536052107810974,0.25359514355659485,0.45638957619667053,0.3485047221183777,0.17086677253246307,0.10715098679065704,0.052946191281080246,1.1891475915908813,0.21912261843681335,0.31804654002189636,0.13517172634601593,0.05585755780339241,0.04297585412859917,0.4018813371658325,0.8615503311157227,0.21876782178878784,0.45662441849708557,0.1490059643983841,0.03829623758792877,0.22646398842334747,0.18585994839668274,0.1438719630241394,0.3113972544670105,0.3140833377838135,0.23009586334228516,0.23331452906131744,0.2768707573413849,0.1755453497171402,0.12120529264211655,0.4921431839466095,0.1709059625864029,0.1680479794740677,0.08702880144119263,0.5549696087837219,0.1516038328409195,0.10684879124164581,0.11225875467061996,0.17055757343769073,0.1851353794336319,0.17790912091732025,0.13836829364299774,0.2177962362766266,0.19595101475715637,0.14808160066604614,0.08455875515937805
AP029,0.466666667,0.0,0.533333333,0.333333333,0.366666667,0.1,0.533333333,0.3,1.366666667,0.1,0.133333333,1.033333333,0.133333333,1.2,0.166666667,0.266666667,0.066666667,0.066666667,0.0,0.066666667,0.0,0.0,0.0,0.066666667,0.0,0.266666667,0.1,0.0,0.066666667,0.1,0.3,0.0,0.0,0.0,0.0,0.366666667,0.233333333,0.0,0.0,0.0,0.133333333,0.166666667,0.0,0.233333333,0.233333333,0.5,0.333333333,0.866666667,0.333333333,0.266666667,0.033333333,0.4593886733055115,0.1323801726102829,0.4830361008644104,0.17821647226810455,0.2186669558286667,0.12002584338188171,0.5124112963676453,0.22727882862091064,1.0416741371154785,0.15919214487075806,0.2975490987300873,0.7016860246658325,0.15160098671913147,1.1583411693572998,0.28368616104125977,0.3394870162010193,0.1828182190656662,0.05543613061308861,0.018933894112706184,0.39502742886543274,0.2604987323284149,0.10271944105625153,0.1614399254322052,0.1236310601234436,0.056660477072000504,0.17298273742198944,0.07515881210565567,0.13187113404273987,0.19008122384548187,0.3059905171394348,0.31172075867652893,0.08423458784818649,0.297146737575531,0.11428460478782654,0.0780334398150444,0.3632940649986267,0.08788729459047318,0.02411726303398609,0.01300393883138895,0.10215562582015991,0.11206360906362534,0.13415898382663727,0.07157368957996368,0.22633543610572815,0.18158182501792908,0.21469880640506744,0.12493631988763809,0.2622499465942383,0.1873384565114975,0.16250045597553253,0.0452248677611351
AP067,0.1,0.0,0.3,0.266666667,0.5,0.066666667,0.533333333,0.166666667,0.533333333,0.0,0.1,0.333333333,0.0,1.9,0.6,0.766666667,3.366666667,0.166666667,0.4,0.466666667,0.266666667,0.0,0.333333333,0.066666667,0.033333333,0.266666667,0.0,0.066666667,0.0,0.066666667,0.066666667,0.0,0.066666667,0.0,0.0,0.433333333,0.166666667,0.0,0.0,0.0,0.166666667,0.133333333,0.0,0.266666667,0.4,0.1,0.133333333,0.5,0.2,0.0,0.0,0.32637983560562134,0.027745645493268967,0.4045601785182953,0.23447300493717194,0.45160752534866333,0.16512128710746765,0.27921438217163086,0.36816123127937317,0.7151048183441162,0.11837931722402573,0.12048885971307755,0.2106318175792694,0.029856080189347267,1.2681227922439575,0.4960547983646393,0.43459680676460266,0.5547783970832825,0.16847558319568634,0.12632915377616882,0.37806302309036255,0.35905468463897705,0.11997665464878082,0.4080790579319,0.06914913654327393,0.047766610980033875,0.15670998394489288,0.07025627046823502,0.04911639913916588,0.042697321623563766,0.2196570634841919,0.23970991373062134,0.14665153622627258,0.08319458365440369,0.23420672118663788,0.048904020339250565,0.6554386019706726,0.1639363318681717,0.008104724809527397,0.029614770784974098,0.11736879497766495,0.2576774060726166,0.17065902054309845,0.10551890730857849,0.2214207947254181,0.29191672801971436,0.1756146103143692,0.07461150735616684,0.25420987606048584,0.25715821981430054,0.14491574466228485,0.11841095238924026
AP571,0.733333333,0.7,0.9,0.533333333,0.633333333,0.166666667,0.633333333,1.033333333,0.7,0.0,0.266666667,0.166666667,0.1,1.133333333,0.3,0.433333333,0.166666667,0.0,0.0,0.233333333,0.233333333,0.0,0.0,0.266666667,0.0,0.466666667,0.0,0.066666667,0.0,0.133333333,0.0,0.0,0.0,0.6,0.0,1.033333333,0.0,0.0,0.0,0.0,0.166666667,0.133333333,0.3,0.633333333,0.8,0.666666667,0.4,0.2,0.233333333,0.7,0.333333333,0.5370984673500061,0.20717549324035645,0.7410666942596436,0.22400705516338348,0.4495917856693268,0.3046005964279175,0.5184599161148071,0.3414432406425476,0.4382757246494293,0.18777309358119965,0.14167551696300507,0.10917237401008606,0.0346345454454422,0.8437845706939697,0.1951155960559845,0.17067284882068634,0.15924590826034546,0.11909426748752594,0.033334244042634964,0.31965819001197815,0.485711008310318,0.06887325644493103,0.2344326227903366,0.08186517655849457,0.043187569826841354,0.10351355373859406,0.048464346677064896,0.07121811807155609,0.05313211679458618,0.18040134012699127,0.20395374298095703,0.05434373766183853,0.09431710839271545,0.2135637253522873,0.05405046045780182,0.5343914031982422,0.10597115010023117,0.0018808332970365882,0.013418516144156456,0.04539947211742401,0.296487420797348,0.1361044943332672,0.20744433999061584,0.19321821630001068,0.23731563985347748,0.2284630984067917,0.1952749490737915,0.18651869893074036,0.15235431492328644,0.17573513090610504,0.06946611404418945
AP577,0.566666667,0.233333333,1.266666667,0.333333333,1.233333333,0.833333333,0.6,0.766666667,0.833333333,0.3,0.166666667,0.3,0.166666667,1.5,0.566666667,0.5,0.266666667,0.2,0.0,0.166666667,0.2,0.0,0.0,0.0,0.0,0.2,0.0,0.0,0.0,0.0,0.1,0.0,0.0,0.066666667,0.0,0.666666667,0.1,0.0,0.0,0.0,0.5,0.366666667,0.1,0.333333333,0.233333333,0.2,0.333333333,0.366666667,0.5,0.133333333,0.1,0.3166294991970062,0.017339268699288368,0.5475722551345825,0.3642195761203766,0.824009895324707,0.24347279965877533,0.5137836337089539,0.5303514003753662,0.43060415983200073,0.15520095825195312,0.15645857155323029,0.13436360657215118,0.05206719785928726,1.21254301071167,0.3124738931655884,0.34449657797813416,0.35109400749206543,0.21550484001636505,0.0833212211728096,0.24545665085315704,0.18973985314369202,0.09578180313110352,0.012798220850527287,0.08904626965522766,0.041120175272226334,0.20383259654045105,0.02903786487877369,0.0424513965845108,0.04828367382287979,0.1271999329328537,0.21126848459243774,0.07473904639482498,0.05919339507818222,0.10856714844703674,0.05524028465151787,0.6901648640632629,0.08198170363903046,0.0169121902436018,0.008128652349114418,0.07962968945503235,0.3190065920352936,0.24045619368553162,0.08778968453407288,0.23359151184558868,0.2586984932422638,0.11777211725711823,0.09262610971927643,0.13639244437217712,0.2981228232383728,0.20663918554782867,0.07569675147533417
AP627,0.4,0.133333333,0.8,0.733333333,1.1,0.4,0.233333333,0.333333333,0.1,0.0,0.0,0.0,0.0,0.833333333,0.266666667,0.3,0.166666667,0.166666667,0.0,0.2,0.2,0.0,0.0,0.033333333,0.0,0.466666667,0.133333333,0.1,0.533333333,0.266666667,0.1,0.0,0.0,0.433333333,0.0,1.5,0.133333333,0.0,0.0,0.1,1.0,0.366666667,0.466666667,0.0,0.266666667,0.1,0.0,0.2,0.733333333,0.533333333,0.133333333,0.3125639855861664,0.06553109735250473,0.551825225353241,0.23246075212955475,0.4077394902706146,0.1622941792011261,0.4111866056919098,0.19023145735263824,0.7795242071151733,0.11630069464445114,0.22088973224163055,0.29486992955207825,0.04913131892681122,1.0071322917938232,0.3094373941421509,0.2893526554107666,0.4654310345649719,0.1121334508061409,0.04310917854309082,0.42894285917282104,0.4445078372955322,0.06960605829954147,0.20289422571659088,0.09920427948236465,0.04814664646983147,0.40308719873428345,0.09700954705476761,0.06518109887838364,0.1680224984884262,0.21248307824134827,0.222761869430542,0.07026073336601257,0.04882016032934189,0.19007980823516846,0.045176226645708084,0.7461457252502441,0.15103758871555328,0.019637413322925568,0.027850331738591194,0.060921672731637955,0.24100711941719055,0.20686492323875427,0.06066245213150978,0.29153740406036377,0.39110124111175537,0.26861572265625,0.10734071582555771,0.3272528052330017,0.24662183225154877,0.14605899155139923,0.12301333993673325
AP854,0.566666667,0.933333333,0.8,0.0,0.6,0.333333333,0.233333333,0.1,0.266666667,0.0,0.0,0.0,0.1,0.466666667,0.3,0.133333333,0.166666667,0.166666667,0.0,1.4,2.433333333,0.266666667,1.366666667,0.566666667,0.0,0.533333333,0.1,0.133333333,0.1,0.166666667,0.333333333,0.0,0.033333333,0.333333333,0.133333333,0.7,0.0,0.066666667,0.0,0.066666667,0.333333333,0.033333333,0.366666667,0.0,0.033333333,0.0,0.0,0.166666667,0.466666667,0.1,0.0,0.2841704487800598,0.39071571826934814,0.32669734954833984,0.24465493857860565,0.35190609097480774,0.12095588445663452,0.28970667719841003,0.3618590533733368,0.5325556993484497,0.1603674441576004,0.18749023973941803,0.18070252239704132,0.039851896464824677,1.3463869094848633,0.4346773624420166,0.35207313299179077,0.1696944385766983,0.11306462436914444,0.08652127534151077,0.8603804111480713,1.0768451690673828,0.08503275364637375,0.3557641804218292,0.12719222903251648,0.05016450211405754,0.15829288959503174,0.08951356261968613,0.06482766568660736,0.054544560611248016,0.17729510366916656,0.2059580236673355,0.0748279020190239,0.04187929257750511,0.11326103657484055,0.04532565549015999,0.4934654235839844,0.12361877411603928,0.0139267323538661,0.009376883506774902,0.04646657407283783,0.20442411303520203,0.15843185782432556,0.058954570442438126,0.20848573744297028,0.23408620059490204,0.1474318504333496,0.08429483324289322,0.1918521672487259,0.2702142596244812,0.18660999834537506,0.05598049983382225
AP983,0.466666667,0.0,1.966666667,0.333333333,1.766666667,1.2,0.966666667,0.666666667,0.6,0.333333333,0.066666667,0.266666667,0.133333333,1.133333333,0.2,0.133333333,0.2,0.066666667,0.066666667,0.266666667,0.1,0.0,0.0,0.0,0.0,0.066666667,0.0,0.0,0.0,0.233333333,0.0,0.0,0.0,0.5,0.033333333,0.6,0.066666667,0.0,0.0,0.0,0.7,0.133333333,0.133333333,0.4,0.266666667,0.133333333,0.333333333,0.1,0.166666667,0.133333333,0.1,0.44164058566093445,0.04260404035449028,0.691519021987915,0.23373450338840485,0.8949670791625977,0.5630736351013184,0.5400487184524536,0.4075247645378113,0.5168894529342651,0.2722983658313751,0.1574891358613968,0.16725097596645355,0.0480501651763916,0.8861699104309082,0.19592337310314178,0.25950881838798523,0.20564429461956024,0.2105305790901184,0.11985202878713608,0.19026704132556915,0.17621690034866333,0.08143836259841919,0.04955532029271126,0.07369540631771088,0.03336606174707413,0.12701307237148285,0.03813264146447182,0.04095976799726486,0.035688016563653946,0.1666242629289627,0.2106396108865738,0.0855933129787445,0.0585751049220562,0.1513717770576477,0.04325297474861145,0.4822479784488678,0.1399649828672409,0.002273291116580367,0.013084754347801208,0.06293690204620361,0.32479730248451233,0.15806201100349426,0.1451175957918167,0.243925079703331,0.24205097556114197,0.24432405829429626,0.15388265252113342,0.27700722217559814,0.19454646110534668,0.18921101093292236,0.12283727526664734
AQ794,0.966666667,0.3,0.366666667,0.1,0.566666667,0.166666667,0.266666667,0.533333333,0.1,0.0,0.0,0.0,0.0,0.366666667,0.166666667,0.066666667,0.333333333,0.033333333,0.333333333,1.5,2.366666667,0.1,1.6,0.233333333,0.066666667,0.4,0.0,0.133333333,0.0,0.1,0.1,0.066666667,0.1,0.4,0.066666667,1.1,0.233333333,0.0,0.0,0.0,0.5,0.5,0.133333333,0.033333333,0.0,0.0,0.066666667,0.133333333,0.133333333,0.166666667,0.0,0.4634981155395508,0.09018959850072861,0.790556788444519,0.1381950080394745,1.091715931892395,0.15470705926418304,0.28217458724975586,0.12129422277212143,0.38028019666671753,0.18209011852741241,0.134695902466774,0.08193832635879517,0.01556791365146637,0.5735605955123901,0.2808031737804413,0.13885368406772614,0.2692616879940033,0.07584887742996216,0.06469421088695526,0.5688989162445068,1.0588815212249756,0.08200987428426743,0.7652948498725891,0.1027037501335144,0.039368581026792526,0.35675621032714844,0.07625895738601685,0.06477656215429306,0.05678587779402733,0.2276853770017624,0.224556103348732,0.09156220406293869,0.06711485236883163,0.2588396370410919,0.1763482242822647,1.0749847888946533,0.07509274035692215,0.011925527825951576,0.0068963500671088696,0.1098298653960228,0.298403263092041,0.12820710241794586,0.04489346966147423,0.13904957473278046,0.028751758858561516,0.20468348264694214,0.08077733218669891,0.14858479797840118,0.1632566899061203,0.0980699360370636,0.25520461797714233
AF065,0.09375,0.0,0.1875,0.34375,0.09375,0.25,0.40625,0.03125,1.65625,0.40625,0.8125,0.84375,0.09375,1.1875,0.25,0.25,0.34375,0.21875,0.0,0.09375,0.78125,0.0,0.375,0.3125,0.15625,0.40625,0.0,0.0,0.15625,0.15625,0.53125,0.0,0.0,0.15625,0.0,0.34375,0.59375,0.0,0.0,0.21875,0.0,0.25,0.0,0.40625,0.125,0.46875,0.1875,0.625,0.09375,0.1875,0.0,0.2170698046684265,0.11738452315330505,0.27866244316101074,0.23977115750312805,0.25089195370674133,0.06502877920866013,0.47711673378944397,0.3657791018486023,0.7714318037033081,0.13038316369056702,0.24766360223293304,0.4532766044139862,0.09707313776016235,1.1528018712997437,0.30333343148231506,0.253531813621521,0.1551935076713562,0.04236237704753876,0.02642817609012127,0.10368180274963379,0.2065471112728119,0.059708062559366226,0.13229204714298248,0.06412997841835022,0.07839027792215347,0.1988491266965866,0.1068747490644455,0.04911256954073906,0.4968746602535248,0.3340606391429901,0.3123002052307129,0.09732449799776077,0.01859864965081215,0.20459851622581482,0.036533474922180176,0.8104588985443115,0.41882967948913574,0.0020012431778013706,0.10949496924877167,0.21486155688762665,0.12931236624717712,0.22026197612285614,0.15007591247558594,0.24239787459373474,0.17981210350990295,0.508208692073822,0.1043592169880867,0.45044776797294617,0.2723565995693207,0.13694564998149872,0.16430632770061493
AF737,0.03125,0.0,0.28125,0.34375,0.09375,0.46875,0.84375,0.3125,1.71875,0.0,0.46875,0.90625,0.28125,1.65625,0.34375,0.59375,0.15625,0.0,0.0,0.0,0.0,0.0,0.0,0.0,0.0,0.09375,0.0625,0.0,0.15625,0.0,0.4375,0.0,0.0,0.0,0.0,0.15625,0.40625,0.0,0.0,0.0,0.0,0.5625,0.0,0.46875,0.625,0.4375,0.1875,0.71875,0.40625,0.0,0.09375,0.21830880641937256,0.01428996305912733,0.3899560570716858,1.7855746746063232,0.242479145526886,0.22091072797775269,0.4185039699077606,0.21179470419883728,0.8039306998252869,0.12062598764896393,0.24995844066143036,0.3922305703163147,0.03726646676659584,1.6247062683105469,0.24053147435188293,0.4299376308917999,0.2847956717014313,0.03828190639615059,0.00497762905433774,0.11898265033960342,0.17802166938781738,0.0765056386590004,0.10183608531951904,0.05175270512700081,0.03750372678041458,0.049992144107818604,0.02699766866862774,0.03711535036563873,0.038664039224386215,0.1448086053133011,0.2237306833267212,0.07750833034515381,0.0409720353782177,0.04657233878970146,0.03742324933409691,0.42047157883644104,0.08289891481399536,0.0038468746934086084,0.009182456880807877,0.0497492253780365,0.14238835871219635,0.17426756024360657,0.023418864235281944,0.3584357798099518,0.7764962911605835,0.12801021337509155,0.05638240650296211,0.16633839905261993,0.2725962698459625,0.06951497495174408,0.1649920493364334
AG454,0.433333333,0.3,0.733333333,0.3,0.6,0.433333333,0.366666667,0.4,0.766666667,0.366666667,0.233333333,0.333333333,0.1,1.1,0.1,0.4,0.133333333,0.0,0.133333333,0.066666667,0.0,0.0,0.166666667,0.133333333,0.0,0.266666667,0.0,0.1,0.0,0.066666667,0.166666667,0.0,0.0,0.0,0.1,0.733333333,0.5,0.0,0.0,0.0,0.066666667,0.0,0.0,0.433333333,0.466666667,0.5,0.066666667,1.033333333,0.266666667,0.533333333,0.433333333,0.22451362013816833,0.30151695013046265,0.44494903087615967,0.24566078186035156,0.2873844504356384,0.24172371625900269,0.44459784030914307,0.38244467973709106,0.796362578868866,0.17290359735488892,0.2432451993227005,0.39175888895988464,0.05919609218835831,1.0406854152679443,0.20164994895458221,0.27498823404312134,0.11165865510702133,0.0722794383764267,0.066990926861763,0.2538568079471588,0.3431536853313446,0.06192435696721077,0.3057928681373596,0.0904533714056015,0.05236605182290077,0.31966084241867065,0.01590915583074093,0.01910790055990219,0.039527349174022675,0.09953474253416061,0.2139616310596466,0.051167845726013184,0.020410502329468727,0.0659322515130043,0.03907939791679382,0.5640134215354919,0.37255409359931946,0.0008566153119318187,0.007595849689096212,0.07178598642349243,0.18906261026859283,0.31392472982406616,0.01768212579190731,0.34118133783340454,0.41843533515930176,0.3739701509475708,0.22734253108501434,0.706503689289093,0.38447925448417664,0.13135169446468353,0.11192561686038971
AG724,0.1,0.1,0.5,1.2,0.133333333,0.0,0.4,0.233333333,1.166666667,0.166666667,0.633333333,0.666666667,0.0,1.433333333,0.333333333,0.4,0.233333333,0.066666667,0.0,0.0,0.0,0.0,0.033333333,0.1,0.0,0.0,0.0,0.033333333,0.0,0.0,0.166666667,0.0,0.0,0.0,0.0,0.166666667,0.3,0.0,0.0,0.0,0.0,0.333333333,0.0,0.766666667,0.966666667,0.366666667,0.0,0.5,0.233333333,0.0,0.2,0.21830880641937256,0.01428996305912733,0.3899560570716858,1.7855746746063232,0.242479145526886,0.22091072797775269,0.4185039699077606,0.21179470419883728,0.8039306998252869,0.12062598764896393,0.24995844066143036,0.3922305703163147,0.03726646676659584,1.6247062683105469,0.24053147435188293,0.4299376308917999,0.2847956717014313,0.03828190639615059,0.00497762905433774,0.11898265033960342,0.17802166938781738,0.0765056386590004,0.10183608531951904,0.05175270512700081,0.03750372678041458,0.049992144107818604,0.02699766866862774,0.03711535036563873,0.038664039224386215,0.1448086053133011,0.2237306833267212,0.07750833034515381,0.0409720353782177,0.04657233878970146,0.03742324933409691,0.42047157883644104,0.08289891481399536,0.0038468746934086084,0.009182456880807877,0.0497492253780365,0.14238835871219635,0.17426756024360657,0.023418864235281944,0.3584357798099518,0.7764962911605835,0.12801021337509155,0.05638240650296211,0.16633839905261993,0.2725962698459625,0.06951497495174408,0.1649920493364334
AG982,0.433333333,0.0,0.366666667,2.233333333,0.0,0.166666667,0.333333333,0.366666667,1.033333333,0.066666667,0.0,0.566666667,0.0,1.966666667,0.266666667,0.433333333,0.3,0.0,0.0,0.0,0.1,0.0,0.066666667,0.033333333,0.0,0.0,0.0,0.066666667,0.0,0.066666667,0.366666667,0.033333333,0.0,0.133333333,0.0,0.366666667,0.1,0.0,0.0,0.066666667,0.066666667,0.066666667,0.0,0.233333333,0.533333333,0.1,0.0,0.466666667,0.1,0.0,0.1,0.15743067860603333,0.04407626762986183,0.5032564401626587,1.0855048894882202,0.3293883502483368,0.3107205331325531,0.26292750239372253,0.20886635780334473,0.9447247385978699,0.15065041184425354,0.21110869944095612,0.5185664892196655,0.039685897529125214,1.36064612865448,0.1444220393896103,0.34682124853134155,0.3164842128753662,0.033849745988845825,0.02987469919025898,0.0935148075222969,0.15066151320934296,0.06005477532744408,0.14286810159683228,0.04357096180319786,0.031948961317539215,0.02080114372074604,0.031208178028464317,0.028175728395581245,0.020752469077706337,0.07558316737413406,0.2176220715045929,0.05057765170931816,0.06396523863077164,0.032535284757614136,0.036481164395809174,0.4089255630970001,0.1718364953994751,0.028554702177643776,0.009886258281767368,0.043868616223335266,0.2223653346300125,0.29084137082099915,0.009888820350170135,0.7120913863182068,0.7997017502784729,0.22462043166160583,0.06033444404602051,0.5219008922576904,0.2633571922779083,0.05873607471585274,0.11136972159147263
AH174,0.366666667,0.0,0.533333333,0.666666667,0.3,0.2,0.733333333,0.366666667,1.066666667,0.0,0.633333333,0.6,0.0,1.466666667,0.4,0.233333333,0.633333333,0.2,0.033333333,0.0,0.0,0.1,0.0,0.0,0.1,0.2,0.0,0.0,0.0,0.2,0.2,0.0,0.0,0.0,0.066666667,0.3,0.1,0.0,0.0,0.0,0.0,0.266666667,0.0,0.566666667,0.966666667,0.0,0.0,0.733333333,0.366666667,0.1,0.166666667,0.2357412874698639,0.00953228585422039,0.3997235596179962,0.17987053096294403,0.19703423976898193,0.05420909821987152,0.533200740814209,0.3150745928287506,0.9070110321044922,0.10429220646619797,0.34385308623313904,0.6724584698677063,0.15608888864517212,1.1082062721252441,0.2527463734149933,0.27412283420562744,0.1468249261379242,0.060114629566669464,0.013408077880740166,0.20661605894565582,0.2917602062225342,0.0676228329539299,0.0662473663687706,0.0678068995475769,0.03573160618543625,0.07008308917284012,0.02223159372806549,0.029539218172430992,0.061533618718385696,0.11117982864379883,0.22672735154628754,0.05850599706172943,0.032046977430582047,0.07727711647748947,0.03915240988135338,0.5282982587814331,0.21622154116630554,0.005256498232483864,0.006085767410695553,0.06548966467380524,0.10661394149065018,0.14899958670139313,0.025182673707604408,0.4281001687049866,0.5373470783233643,0.3920486867427826,0.09616626054048538,0.4910113513469696,0.22002801299095154,0.14746345579624176,0.08325895667076111
AI142,0.142857143,0.0,0.857142857,0.0,0.25,0.357142857,1.464285714,0.178571429,0.535714286,0.25,0.0,0.214285714,0.178571429,1.178571429,0.214285714,0.107142857,0.214285714,0.107142857,0.178571429,0.678571429,0.821428571,0.035714286,1.0,0.0,0.107142857,0.25,0.0,0.25,0.178571429,0.142857143,0.0,0.0,0.0,0.285714286,0.0,0.285714286,0.107142857,0.0,0.0,0.0,0.071428571,0.107142857,0.142857143,0.178571429,0.0,0.0,0.142857143,0.107142857,0.071428571,0.392857143,0.071428571,0.35661691427230835,0.09034986048936844,0.34257012605667114,0.13287422060966492,0.3225824236869812,0.24093878269195557,0.45272502303123474,0.05876058340072632,0.7123704552650452,0.20929905772209167,0.14374326169490814,0.1344068944454193,0.038762450218200684,1.1140344142913818,0.27940061688423157,0.21246576309204102,0.22323305904865265,0.08569406718015671,0.0003638362686615437,1.1134577989578247,1.4937657117843628,0.07964757084846497,0.7721333503723145,0.11214419454336166,0.08757903426885605,0.22600169479846954,0.07233566790819168,0.38435229659080505,0.1789727658033371,0.1638299822807312,0.20671996474266052,0.06033340096473694,0.043244726955890656,0.16074763238430023,0.0548337884247303,0.18564613163471222,0.06114184483885765,-0.0009335281793028116,0.007188829593360424,0.04683281108736992,0.12451067566871643,0.11885111033916473,0.022154435515403748,0.18015220761299133,0.031136156991124153,0.05777154117822647,0.12004602700471878,0.1682637333869934,0.24457597732543945,0.1424051970243454,0.006686175242066383
AI242,0.285714286,0.035714286,0.5,0.071428571,0.5,0.464285714,0.964285714,0.214285714,0.75,0.178571429,0.142857143,0.285714286,0.071428571,1.071428571,0.178571429,0.071428571,0.535714286,0.178571429,0.142857143,0.285714286,0.035714286,0.0,0.428571429,0.107142857,0.142857143,0.607142857,0.142857143,0.142857143,0.285714286,0.107142857,0.142857143,0.071428571,0.0,0.0,0.107142857,0.178571429,0.035714286,0.0,0.0,0.0,0.071428571,0.428571429,0.035714286,0.25,0.0,0.071428571,0.321428571,0.142857143,0.214285714,0.178571429,0.035714286,0.35661691427230835,0.09034986048936844,0.34257012605667114,0.13287422060966492,0.3225824236869812,0.24093878269195557,0.45272502303123474,0.05876058340072632,0.7123704552650452,0.20929905772209167,0.14374326169490814,0.1344068944454193,0.038762450218200684,1.1140344142913818,0.27940061688423157,0.21246576309204102,0.22323305904865265,0.08569406718015671,0.0003638362686615437,1.1134577989578247,1.4937657117843628,0.07964757084846497,0.7721333503723145,0.11214419454336166,0.08757903426885605,0.22600169479846954,0.07233566790819168,0.38435229659080505,0.1789727658033371,0.1638299822807312,0.20671996474266052,0.06033340096473694,0.043244726955890656,0.16074763238430023,0.0548337884247303,0.18564613163471222,0.06114184483885765,-0.0009335281793028116,0.007188829593360424,0.04683281108736992,0.12451067566871643,0.11885111033916473,0.022154435515403748,0.18015220761299133,0.031136156991124153,0.05777154117822647,0.12004602700471878,0.1682637333869934,0.24457597732543945,0.1424051970243454,0.006686175242066383
AI347,0.172413793,0.0,0.586206897,0.068965517,0.275862069,0.448275862,1.275862069,0.068965517,1.586206897,0.517241379,0.137931034,0.413793103,0.172413793,1.137931034,0.172413793,0.275862069,0.068965517,0.0,0.0,0.137931034,0.137931034,0.0,0.137931034,0.068965517,0.206896552,0.310344828,0.0,0.0,0.172413793,0.172413793,0.310344828,0.0,0.0,0.0,0.034482759,0.206896552,0.0,0.0,0.034482759,0.0,0.137931034,0.310344828,0.0,0.24137931,0.034482759,0.172413793,0.310344828,0.206896552,0.275862069,0.172413793,0.0,0.35661691427230835,0.09034986048936844,0.34257012605667114,0.13287422060966492,0.3225824236869812,0.24093878269195557,0.45272502303123474,0.05876058340072632,0.7123704552650452,0.20929905772209167,0.14374326169490814,0.1344068944454193,0.038762450218200684,1.1140344142913818,0.27940061688423157,0.21246576309204102,0.22323305904865265,0.08569406718015671,0.0003638362686615437,1.1134577989578247,1.4937657117843628,0.07964757084846497,0.7721333503723145,0.11214419454336166,0.08757903426885605,0.22600169479846954,0.07233566790819168,0.38435229659080505,0.1789727658033371,0.1638299822807312,0.20671996474266052,0.06033340096473694,0.043244726955890656,0.16074763238430023,0.0548337884247303,0.18564613163471222,0.06114184483885765,-0.0009335281793028116,0.007188829593360424,0.04683281108736992,0.12451067566871643,0.11885111033916473,0.022154435515403748,0.18015220761299133,0.031136156991124153,0.05777154117822647,0.12004602700471878,0.1682637333869934,0.24457597732543945,0.1424051970243454,0.006686175242066383
AA232,0.076923077,0.0,0.115384615,0.0,0.0,0.0,0.5,0.5,0.0,0.192307692,0.0,0.0,0.0,0.576923077,0.0,0.0,0.0,0.384615385,0.846153846,0.576923077,0.153846154,0.115384615,0.115384615,0.0,0.0,0.076923077,0.0,0.0,0.230769231,0.153846154,0.115384615,0.269230769,0.192307692,0.230769231,0.346153846,0.0,0.346153846,0.153846154,0.0,0.538461538,0.115384615,0.576923077,0.846153846,0.038461538,0.0,0.384615385,0.192307692,0.0,0.5,0.076923077,0.0,0.07114865630865097,0.028141550719738007,0.13529227674007416,0.08778540790081024,0.026447489857673645,0.11160366237163544,0.3675399124622345,0.29544907808303833,0.23682917654514313,0.10885907709598541,0.10622648149728775,0.044193755835294724,0.00818784162402153,0.5596944689750671,0.013681326992809772,0.0036955545656383038,0.08895696699619293,0.12244991958141327,0.8363811373710632,0.40685853362083435,0.5862035155296326,0.13907204568386078,0.5291153788566589,0.16865181922912598,0.04371732100844383,0.16165685653686523,0.03797129914164543,0.027588866651058197,0.12833301723003387,0.15869100391864777,0.23160137236118317,0.45815637707710266,0.4083022475242615,0.42757338285446167,0.1430421620607376,0.05291389673948288,0.39070579409599304,0.021885525435209274,0.016730519011616707,0.0969727486371994,0.11892728507518768,0.2709777355194092,0.6170771718025208,0.15215584635734558,0.011665203608572483,0.1519448459148407,0.07331761717796326,0.08946354687213898,0.09825849533081055,0.06068488955497742,0.006222741212695837
AA592,0.115384615,0.0,0.192307692,0.0,0.0,0.0,0.5,0.423076923,0.153846154,0.0,0.0,0.115384615,0.0,0.269230769,0.0,0.0,0.0,0.0,0.153846154,0.192307692,0.076923077,0.153846154,0.269230769,0.461538462,0.230769231,0.115384615,0.346153846,0.153846154,0.269230769,0.576923077,0.076923077,0.115384615,0.192307692,0.230769231,0.0,0.153846154,0.115384615,0.192307692,0.307692308,0.461538462,0.076923077,0.192307692,0.307692308,0.0,0.038461538,0.0,0.0,0.076923077,0.0,0.115384615,0.0,0.13050076365470886,0.14284613728523254,0.15001842379570007,0.12681853771209717,0.08541247993707657,0.03372467681765556,0.9016779065132141,0.5381998419761658,0.27393144369125366,0.10420198738574982,0.099697045981884,0.07407652586698532,0.04136619344353676,0.4656324088573456,0.05690828338265419,0.008917160332202911,0.017292754724621773,0.05265804007649422,0.11327621340751648,0.29652196168899536,0.1808028221130371,0.22785475850105286,0.09289833903312683,0.2037888467311859,0.07101447135210037,0.07066038995981216,0.7674109935760498,0.151395782828331,0.49282604455947876,0.43959376215934753,0.2050410807132721,0.2796509563922882,0.3548155426979065,0.06406864523887634,0.2169264703989029,0.23233109712600708,0.05332560837268829,0.33742839097976685,0.05456971377134323,0.8498793244361877,0.06620962172746658,0.18664589524269104,0.2725785970687866,0.18268682062625885,0.14379382133483887,0.12603677809238434,0.12859684228897095,0.1268528401851654,0.12785214185714722,0.05927824601531029,0.00372418574988842
AB036,0.277777778,0.0,0.222222222,0.777777778,0.0,0.222222222,0.222222222,0.777777778,0.666666667,0.222222222,0.111111111,0.0,0.388888889,0.666666667,0.111111111,0.277777778,0.0,0.0,0.166666667,0.0,0.0,0.0,0.0,0.0,0.0,0.555555556,0.0,0.277777778,0.0,0.0,0.0,0.0,0.166666667,0.0,0.222222222,0.166666667,0.0,0.0,0.0,0.0,0.0,0.166666667,0.0,2.055555556,1.055555556,0.222222222,0.388888889,0.388888889,0.166666667,0.5,0.222222222,0.18733838200569153,0.031206782907247543,0.4133385717868805,0.4474741220474243,0.2610606849193573,0.13456422090530396,0.39501211047172546,0.2610355615615845,0.4088576138019562,0.14195077121257782,0.22126179933547974,0.19808952510356903,0.23938223719596863,0.8550688028335571,0.3241094648838043,0.16178937256336212,0.12395193427801132,0.09601301699876785,0.018321087583899498,0.1706865280866623,0.2830117344856262,0.0616803802549839,0.16858462989330292,0.13652737438678741,0.26684555411338806,0.5522201657295227,0.12012854218482971,0.26820266246795654,0.1434737890958786,0.18903201818466187,0.20788627862930298,0.09090147167444229,0.20100444555282593,0.11043773591518402,0.0677313506603241,0.3106406033039093,0.3181828558444977,0.16747789084911346,0.10996013879776001,0.19957508146762848,0.08804699033498764,0.13553385436534882,0.11755602061748505,1.1728636026382446,1.0732585191726685,0.5965678095817566,0.14957985281944275,0.3721952438354492,0.1803850531578064,0.17211903631687164,0.1627427041530609
AB567,0.166666667,0.0,0.277777778,0.0,0.0,0.0,0.111111111,0.0,0.055555556,0.0,0.0,0.0,0.0,0.166666667,0.0,0.0,0.0,0.0,0.0,0.666666667,0.0,0.777777778,0.055555556,0.944444444,0.277777778,0.611111111,0.0,0.0,0.0,0.222222222,0.277777778,0.0,3.944444444,0.055555556,0.055555556,0.0,0.111111111,0.0,0.0,0.0,0.0,0.055555556,0.222222222,0.222222222,0.0,0.277777778,0.0,0.0,0.0,0.0,0.0,0.19394053518772125,0.0948728546500206,0.2363353669643402,0.06353161484003067,0.056708477437496185,0.02852366492152214,0.12036167830228806,0.05301203206181526,0.3071369230747223,0.10267694294452667,0.10711280256509781,0.06847867369651794,0.15429171919822693,0.32425445318222046,0.04117982089519501,0.05930173397064209,0.06788016110658646,0.1312224566936493,0.1296025663614273,0.5233975052833557,0.3413173258304596,0.30848562717437744,0.12985435128211975,0.22788184881210327,0.08207569271326065,0.04688545688986778,0.1024368479847908,0.18467360734939575,0.26231881976127625,0.27223992347717285,0.25449609756469727,0.5037698745727539,2.279369592666626,0.10938691347837448,0.14290669560432434,0.18361429870128632,0.05927681922912598,0.019256630912423134,0.04495183005928993,0.13999289274215698,0.08510489016771317,0.08687154203653336,0.09468255192041397,0.15448729693889618,0.02071908675134182,0.11844395846128464,0.03029550611972809,0.11722040176391602,0.10506807267665863,0.047487810254096985,0.0700378566980362
AC327,0.0,0.0,0.037037037,0.111111111,0.111111111,0.037037037,0.185185185,0.740740741,0.111111111,0.0,0.0,0.0,0.0,2.111111111,1.37037037,1.777777778,0.666666667,1.0,0.666666667,0.0,0.0,0.074074074,0.037037037,0.0,0.222222222,0.037037037,0.148148148,0.037037037,0.037037037,0.0,0.0,0.111111111,0.0,0.0,0.0,0.444444444,0.0,0.0,0.0,0.0,0.0,0.259259259,0.0,0.148148148,0.037037037,0.037037037,0.259259259,0.148148148,0.074074074,0.037037037,0.0,0.09425874799489975,0.03965089097619057,0.3182657063007355,0.17651428282260895,0.23455239832401276,0.1355980932712555,0.21248795092105865,0.32735365629196167,0.2999511659145355,0.11609092354774475,0.09892458468675613,0.05525704100728035,0.019072189927101135,1.0674132108688354,0.3918777108192444,0.44033074378967285,0.49533969163894653,0.8067291378974915,0.4510872960090637,0.20279772579669952,0.1832762211561203,0.09619303792715073,0.09816324710845947,0.09142764657735825,0.05843239650130272,0.07551607489585876,0.07821770012378693,0.03555569052696228,0.04841265454888344,0.12618035078048706,0.20597392320632935,0.0925525426864624,0.013784311711788177,0.11671601235866547,0.04174578934907913,0.4241981506347656,0.22823701798915863,0.0036521046422421932,0.011681035161018372,0.066179558634758,0.2208603024482727,0.3338818848133087,0.10271383076906204,0.423164039850235,0.18627047538757324,0.27632203698158264,0.09928550571203232,0.42967528104782104,0.16292203962802887,0.2857056260108948,0.09849727153778076
AC394,1.678571429,1.25,1.321428571,0.071428571,0.25,0.178571429,0.035714286,0.0,0.0,0.071428571,0.0,0.0,0.0,0.071428571,0.0,0.0,0.107142857,0.285714286,0.178571429,0.214285714,0.392857143,0.285714286,0.0,0.071428571,0.107142857,0.0,0.071428571,0.0,0.0,0.357142857,0.642857143,0.178571429,0.214285714,0.285714286,0.285714286,0.357142857,0.071428571,0.0,0.107142857,0.321428571,0.0,0.107142857,0.0,0.0,0.0,0.142857143,0.214285714,0.0,0.107142857,0.0,0.071428571,0.6023271083831787,0.16383051872253418,0.6281179785728455,0.22316506505012512,0.18885448575019836,0.2959585189819336,0.2959789037704468,0.07772765308618546,0.3044469952583313,0.14904265105724335,0.16078460216522217,0.08135201036930084,0.06651421636343002,0.4184972047805786,0.09603490680456161,0.059632521122694016,0.09899086505174637,0.0766996443271637,0.14393584430217743,0.30736401677131653,0.2792511284351349,0.2172677218914032,0.12405088543891907,0.13997536897659302,0.035206470638513565,0.12950605154037476,0.09590282291173935,0.06916705518960953,0.1967703402042389,0.19920386373996735,0.23754340410232544,0.14582036435604095,0.247827410697937,0.24893231689929962,0.22533223032951355,0.31370726227760315,0.10879911482334137,0.06799637526273727,0.04716026037931442,0.3249015510082245,0.15837503969669342,0.1601717323064804,0.10502804815769196,0.14533743262290955,0.04858174920082092,0.23597721755504608,0.10755142569541931,0.09499402344226837,0.2209351807832718,0.140303373336792,0.15568143129348755
AC820,2.481481481,1.259259259,1.148148148,0.0,0.185185185,0.37037037,0.111111111,0.074074074,0.111111111,0.037037037,0.0,0.0,0.0,0.111111111,0.0,0.0,0.185185185,0.222222222,0.111111111,0.185185185,0.148148148,0.074074074,0.0,0.037037037,0.0,0.0,0.074074074,0.0,0.0,0.037037037,0.444444444,0.37037037,0.111111111,0.518518519,0.111111111,0.407407407,0.111111111,0.0,0.0,0.0,0.0,0.0,0.111111111,0.0,0.0,0.444444444,0.185185185,0.0,0.0,0.037037037,0.0,0.7412669658660889,0.16803312301635742,0.735158383846283,0.14247477054595947,0.19448938965797424,0.37431594729423523,0.30177193880081177,0.09779618680477142,0.345474511384964,0.2888944447040558,0.14814287424087524,0.10131935775279999,0.03005700558423996,0.40790945291519165,0.07682429999113083,0.05871321260929108,0.06397581845521927,0.1266242414712906,0.20000843703746796,0.22936823964118958,0.2475745528936386,0.17254804074764252,0.12199445068836212,0.1431765854358673,0.03697224333882332,0.11931204050779343,0.10240781307220459,0.06444579362869263,0.24661549925804138,0.21418249607086182,0.250517874956131,0.07880087196826935,0.1886594146490097,0.28254374861717224,0.23287464678287506,0.30300697684288025,0.21496504545211792,0.07359335571527481,0.05038570612668991,0.24023568630218506,0.20144952833652496,0.16503484547138214,0.132485494017601,0.18237899243831635,0.05675668641924858,0.3381401002407074,0.1828535944223404,0.15891848504543304,0.24566732347011566,0.18298552930355072,0.19720950722694397
AC958,1.37037037,0.481481481,1.777777778,0.0,0.407407407,0.37037037,0.148148148,0.148148148,0.074074074,0.111111111,0.0,0.0,0.0,0.0,0.0,0.0,0.777777778,0.703703704,0.296296296,0.333333333,0.0,0.37037037,0.0,0.037037037,0.0,0.0,0.0,0.0,0.0,0.148148148,0.518518519,0.074074074,0.185185185,0.407407407,0.148148148,0.37037037,0.037037037,0.0,0.0,0.111111111,0.0,0.0,0.0,0.0,0.0,0.481481481,0.185185185,0.037037037,0.148148148,0.074074074,0.0,1.2121257781982422,0.22597329318523407,1.2329291105270386,0.12493687868118286,0.3116026222705841,0.31514933705329895,0.30461397767066956,0.12642799317836761,0.46879303455352783,0.14926880598068237,0.14796997606754303,0.06460914015769958,0.0659773051738739,0.5015372633934021,0.11522312462329865,0.08196830004453659,0.2373310923576355,0.09537415206432343,0.030526040121912956,0.2129468470811844,0.20480912923812866,0.08077828586101532,0.10489270836114883,0.08945711702108383,0.03573207929730415,0.0758039653301239,0.022523846477270126,0.019253719598054886,0.03686485067009926,0.2981143593788147,0.21364237368106842,0.11777272075414658,0.06770896911621094,0.22559130191802979,0.06701602041721344,0.27454981207847595,0.12773440778255463,0.006652823183685541,0.007168439216911793,0.10259593278169632,0.1612110733985901,0.12476787716150284,0.04340178519487381,0.17154590785503387,0.17369970679283142,0.27842071652412415,0.13071809709072113,0.11808212846517563,0.2165018618106842,0.1395285427570343,0.15226863324642181
AD315,1.0625,3.25,0.5625,0.25,0.5625,0.1875,0.125,0.0,0.3125,0.25,0.125,0.0625,0.0,0.375,0.0,0.0,0.0,0.0,0.0,0.0625,0.1875,0.125,0.0,0.1875,0.0,0.0,0.0,0.0,0.0,0.0,0.0,0.0,0.0,0.1875,0.0,0.1875,0.0,0.0,0.0,0.0,0.0,0.0,0.0,0.0,0.25,0.1875,0.0,0.0,0.125,0.375,0.0,0.6915155649185181,1.6970362663269043,0.4117772579193115,0.16765668988227844,0.23093843460083008,0.15224672853946686,0.4500833749771118,0.23567292094230652,0.7182996273040771,0.175048366189003,0.23444223403930664,0.17935711145401,0.06892941892147064,0.7251242399215698,0.04466532543301582,0.06560130417346954,0.07863590121269226,0.04015841335058212,0.06171315908432007,0.13519693911075592,0.1824207454919815,0.06199295446276665,0.0549115426838398,0.060652557760477066,0.03994366526603699,0.16077101230621338,0.025213757529854774,0.04498350992798805,0.08492574095726013,0.24038530886173248,0.25327423214912415,0.08689718693494797,0.05140490084886551,0.08873900026082993,0.08318554610013962,0.4634873867034912,0.10444564372301102,0.045173924416303635,0.01583932153880596,0.11158011108636856,0.12335434556007385,0.2135535031557083,0.0878625214099884,0.18351563811302185,0.3252321183681488,0.1204075813293457,0.07485928386449814,0.1617080569267273,0.14729543030261993,0.16619829833507538,0.07214616984128952
AD659,0.0,0.0,0.266666667,0.4,0.0,0.133333333,0.333333333,0.333333333,0.4,0.2,0.8,0.133333333,0.0,2.533333333,0.266666667,1.666666667,0.4,0.6,0.133333333,0.0,0.0,0.0,0.0,0.0,0.2,0.0,0.0,0.0,0.0,0.2,0.266666667,0.0,0.0,0.0,0.0,0.6,0.466666667,0.066666667,0.0,0.0,0.0,0.2,0.0,0.0,0.133333333,0.133333333,0.2,0.466666667,0.0,0.066666667,0.0,0.05280260369181633,0.005290113855153322,0.32622337341308594,0.1936914622783661,0.2964573800563812,0.16067545115947723,0.17126476764678955,0.35710737109184265,0.3634308874607086,0.10292442888021469,0.10371600091457367,0.08803842961788177,0.012598286382853985,1.1676042079925537,0.4197919964790344,0.9504317045211792,0.5625320672988892,0.5710935592651367,0.4246900975704193,0.30616143345832825,0.2145633101463318,0.0937831699848175,0.09948806464672089,0.12949563562870026,0.048712797462940216,0.0935744196176529,0.08415386080741882,0.04691261798143387,0.03929625079035759,0.15655863285064697,0.19846493005752563,0.07118117809295654,0.03509272634983063,0.085561104118824,0.04997603967785835,0.4168147146701813,0.14821016788482666,0.025572100654244423,0.0052537159062922,0.08373357355594635,0.1642538607120514,0.3181806802749634,0.10861678421497345,0.4083254635334015,0.3009468913078308,0.21765340864658356,0.07564753293991089,0.4935767352581024,0.19123098254203796,0.2101050168275833,0.08884280174970627
AE809,0.678571429,0.071428571,0.178571429,0.0,0.178571429,0.071428571,0.0,0.071428571,0.107142857,0.178571429,0.0,0.107142857,0.0,0.428571429,0.142857143,0.142857143,0.0,0.0,0.071428571,1.035714286,1.714285714,0.142857143,0.75,0.214285714,0.142857143,0.0,0.142857143,0.071428571,0.0,0.142857143,0.0,0.285714286,0.142857143,0.642857143,0.535714286,0.357142857,0.142857143,0.0,0.0,0.107142857,0.0,0.214285714,0.142857143,0.0,0.0,0.107142857,0.0,0.0,0.321428571,0.071428571,0.035714286,0.6067954301834106,0.3110223114490509,0.40662890672683716,0.14223435521125793,0.32363516092300415,0.06533478200435638,0.15534113347530365,0.13201196491718292,0.22636428475379944,0.106459841132164,0.11015620082616806,0.1376994401216507,0.01535168569535017,0.41013941168785095,0.19291582703590393,0.11005770415067673,0.5220111012458801,0.17485910654067993,0.17164930701255798,0.7446629405021667,0.7520507574081421,0.14224663376808167,0.7564922571182251,0.17495113611221313,0.04239008203148842,0.06381998211145401,0.14993344247341156,0.0798259750008583,0.05547267198562622,0.2590735852718353,0.2209932655096054,0.11944625526666641,0.5047564506530762,0.455629825592041,0.17701388895511627,0.3844909965991974,0.1586780548095703,0.10315822064876556,0.01742984727025032,0.12982487678527832,0.1258329153060913,0.29645830392837524,0.1252601593732834,0.1727914959192276,0.04774357005953789,0.22835062444210052,0.17460712790489197,0.35878339409828186,0.16397742927074432,0.1011238843202591,0.1041664257645607
AH342,0.933333333,3.033333333,0.333333333,0.033333333,0.1,0.066666667,0.633333333,0.1,0.8,0.2,0.333333333,0.0,0.2,1.1,0.066666667,0.233333333,0.0,0.166666667,0.133333333,0.0,0.0,0.0,0.066666667,0.0,0.0,0.0,0.0,0.0,0.0,0.0,0.0,0.0,0.0,0.0,0.0,0.0,0.0,0.0,0.0,0.033333333,0.0,0.0,0.0,0.0,0.366666667,0.0,0.0,0.0,0.033333333,0.366666667,0.033333333,0.7203412652015686,2.9251291751861572,0.439870148897171,0.16892142593860626,0.2837105393409729,0.06452806293964386,0.32045531272888184,0.2273617386817932,0.6561105251312256,0.15542034804821014,0.26150837540626526,0.06647464632987976,0.04740593209862709,0.8307372331619263,0.08023879677057266,0.10202008485794067,0.08484020829200745,0.03511456772685051,0.031857941299676895,0.12243371456861496,0.21036219596862793,0.0920521467924118,0.0718318447470665,0.06604698300361633,0.03664664924144745,0.16380618512630463,0.03736793249845505,0.03412722423672676,0.19624009728431702,0.26699551939964294,0.29857000708580017,0.09600349515676498,0.07134591788053513,0.09122367948293686,0.07714948803186417,0.31772103905677795,0.048873238265514374,0.02194352075457573,0.01031462661921978,0.07644261419773102,0.06198032200336456,0.12196854501962662,0.020049752667546272,0.12554536759853363,0.2157248705625534,0.09457319229841232,0.10311654210090637,0.10662166774272919,0.0954008623957634,0.14518217742443085,0.06525922566652298
AJ010,0.137931034,0.0,0.517241379,0.0,0.103448276,0.0,0.0,0.068965517,0.517241379,0.0,0.0,0.103448276,0.0,0.413793103,0.275862069,0.137931034,0.275862069,0.068965517,0.103448276,0.793103448,0.344827586,0.965517241,0.206896552,0.620689655,0.0,0.0,0.862068966,0.275862069,1.068965517,0.482758621,0.620689655,0.965517241,0.689655172,0.310344828,0.448275862,0.482758621,0.068965517,0.413793103,0.0,1.517241379,0.0,0.0,0.24137931,0.0,0.068965517,0.068965517,0.0,0.0,0.068965517,0.0,0.0,0.2027815729379654,0.07980227470397949,0.4708729386329651,0.3279554843902588,0.4841313660144806,0.17947207391262054,0.7496678829193115,0.3501052260398865,0.7383435964584351,0.11703529208898544,0.2509709298610687,0.3706847131252289,0.06922729313373566,1.08152174949646,0.3223864734172821,0.2705160081386566,0.3305475413799286,0.19147908687591553,0.1346464306116104,0.34737154841423035,0.2842489778995514,0.4195474088191986,0.24790289998054504,0.3178907036781311,0.04080762341618538,0.16716177761554718,0.20898814499378204,0.08917511254549026,0.6353253126144409,0.3871709704399109,0.25174903869628906,0.495388001203537,0.37633758783340454,0.1329486221075058,0.16617479920387268,0.562338650226593,0.09237566590309143,0.16372328996658325,0.07330124080181122,0.9467584490776062,0.2255428582429886,0.1514461189508438,0.18869298696517944,0.32633742690086365,0.22679142653942108,0.11720025539398193,0.053151220083236694,0.16411373019218445,0.2875003516674042,0.14926253259181976,0.06764096766710281
AJ283,1.206896552,0.068965517,0.482758621,0.0,0.931034483,0.103448276,0.275862069,0.0,0.068965517,0.0,0.0,0.0,0.0,0.310344828,0.172413793,0.103448276,0.24137931,0.172413793,0.068965517,0.931034483,0.724137931,0.103448276,1.379310345,0.172413793,0.0,0.103448276,0.0,0.137931034,0.103448276,0.103448276,0.068965517,0.068965517,0.24137931,0.896551724,0.413793103,1.551724138,0.310344828,0.034482759,0.0,0.0,0.0,0.551724138,0.0,0.0,0.24137931,0.344827586,0.172413793,0.137931034,0.137931034,0.310344828,0.137931034,0.3989351987838745,0.038858070969581604,0.5319843888282776,0.10864216089248657,0.32456523180007935,0.07715737819671631,0.32350441813468933,0.24102656543254852,0.9586275815963745,0.13560424745082855,0.2228071540594101,0.4609076976776123,0.09774041175842285,1.0905864238739014,0.36208733916282654,0.39786604046821594,0.27942678332328796,0.050893258303403854,0.04345728084445,0.274721622467041,0.363332599401474,0.07506444305181503,0.3090702295303345,0.07108131796121597,0.05065091326832771,0.1380421668291092,0.07058966904878616,0.03817426785826683,0.10198543220758438,0.3272480368614197,0.28757333755493164,0.05413800850510597,0.04026966914534569,0.2716558873653412,0.0539335161447525,0.3675096333026886,0.12699101865291595,0.009256022982299328,0.037132345139980316,0.1000591292977333,0.14140917360782623,0.1482727974653244,0.053568970412015915,0.20884884893894196,0.256281316280365,0.4457344710826874,0.14405091106891632,0.41418588161468506,0.1811225414276123,0.12383238226175308,0.1175069585442543
AJ316,0.103448276,0.0,0.172413793,0.0,0.24137931,0.0,0.172413793,0.0,0.24137931,0.0,0.0,0.0,0.0,0.413793103,0.172413793,0.206896552,0.344827586,0.379310345,0.206896552,1.586206897,2.137931034,0.0,1.724137931,0.482758621,0.0,0.0,0.103448276,0.379310345,0.620689655,0.103448276,0.034482759,0.034482759,0.068965517,0.24137931,0.137931034,0.655172414,0.068965517,0.0,0.0,0.103448276,0.0,0.24137931,0.0,0.0,0.137931034,0.034482759,0.103448276,0.0,0.448275862,0.24137931,0.0,0.4713897705078125,0.05093793943524361,0.33023834228515625,0.11583071202039719,0.219317227602005,0.09043018519878387,0.26591619849205017,0.14456607401371002,0.5229860544204712,0.1226305291056633,0.14438262581825256,0.22946617007255554,0.04899830371141434,0.7891879081726074,0.3585951626300812,0.21296612918376923,0.32440024614334106,0.2138769030570984,0.12562377750873566,0.7977563738822937,1.075603723526001,0.1133013591170311,0.7430019378662109,0.18293195962905884,0.04557200148701668,0.1772063672542572,0.06591088324785233,0.11896952986717224,0.0651809573173523,0.18402759730815887,0.2279466837644577,0.08451727032661438,0.05475311726331711,0.1645488739013672,0.06854628771543503,0.6989617347717285,0.17871232330799103,0.02296738512814045,0.03148166462779045,0.07411500811576843,0.239547997713089,0.1431131511926651,0.14098049700260162,0.15754534304141998,0.13334901630878448,0.2775162160396576,0.08714305609464645,0.24040494859218597,0.3107011020183563,0.10881217569112778,0.10068225115537643
AJ537,0.24137931,0.034482759,0.24137931,0.310344828,0.137931034,0.0,0.310344828,0.24137931,1.137931034,0.0,0.724137931,0.75862069,0.24137931,2.068965517,0.965517241,0.344827586,0.482758621,0.724137931,1.413793103,0.137931034,0.310344828,0.24137931,0.068965517,0.0,0.0,0.103448276,0.0,0.0,0.0,0.0,0.0,0.0,0.0,0.0,0.0,0.24137931,0.0,0.103448276,0.0,0.0,0.172413793,0.172413793,0.034482759,0.310344828,0.206896552,0.24137931,0.0,0.689655172,0.172413793,0.103448276,0.0,0.36877480149269104,0.02523149736225605,0.2864471971988678,0.15514039993286133,0.37113484740257263,0.11292189359664917,0.3032717704772949,0.1516013741493225,0.612170934677124,0.34072089195251465,0.16834716498851776,0.21306656301021576,0.04950172081589699,1.2048121690750122,0.413718044757843,0.2738645076751709,0.4319438338279724,0.3686063289642334,0.628429651260376,0.6815053820610046,0.3370670676231384,0.2870447039604187,0.19783657789230347,0.1123143881559372,0.04268376901745796,0.14809077978134155,0.04665682464838028,0.04712267220020294,0.12495965510606766,0.28575843572616577,0.2719343602657318,0.43931275606155396,0.7025248408317566,0.16843609511852264,0.1747720092535019,0.5781152248382568,0.11887342482805252,0.11834651976823807,0.05221248045563698,0.48742231726646423,0.2378547638654709,0.16500331461429596,0.09393201023340225,0.22947806119918823,0.19959455728530884,0.2896781265735626,0.07185948640108109,0.1852618008852005,0.15448683500289917,0.11337731033563614,0.06689269095659256
AK717,0.933333333,1.9,0.466666667,0.0,0.333333333,0.0,0.3,0.433333333,1.233333333,0.0,0.366666667,0.3,0.0,1.633333333,0.166666667,0.633333333,0.133333333,0.0,0.0,0.166666667,0.166666667,0.0,0.1,0.0,0.0,0.0,0.066666667,0.0,0.266666667,0.266666667,0.1,0.066666667,0.0,0.233333333,0.0,0.2,0.0,0.0,0.0,0.066666667,0.066666667,0.1,0.0,0.233333333,0.066666667,0.1,0.0,0.0,0.0,0.1,0.0,0.8136488795280457,0.4412837624549866,0.7723466157913208,0.28236815333366394,0.4757860600948334,0.1322956681251526,0.48071011900901794,0.2903546094894409,0.8520178198814392,0.17697246372699738,0.27455466985702515,0.2673686146736145,0.10245979577302933,0.9810023903846741,0.3101581633090973,0.32210391759872437,0.23855282366275787,0.041610509157180786,0.033420611172914505,0.3318834900856018,0.5773205161094666,0.08080464601516724,0.2669478952884674,0.08503615111112595,0.05706336721777916,0.19277594983577728,0.061981283128261566,0.04817160964012146,0.047766827046871185,0.22020767629146576,0.23937290906906128,0.056716106832027435,0.09125228971242905,0.23089160025119781,0.05137552693486214,0.4909884035587311,0.07462050765752792,0.012422986328601837,0.007478772196918726,0.06237072870135307,0.11875879019498825,0.12590141594409943,0.058775316923856735,0.18785662949085236,0.18669946491718292,0.22134153544902802,0.17926651239395142,0.18514683842658997,0.20948530733585358,0.15085169672966003,0.08220717310905457
AK852,0.3,0.0,0.433333333,0.233333333,0.333333333,0.533333333,0.533333333,0.333333333,0.966666667,2.833333333,0.466666667,0.566666667,0.0,1.866666667,0.233333333,0.3,0.2,0.0,0.0,0.0,0.0,0.0,0.0,0.066666667,0.033333333,0.066666667,0.0,0.0,0.0,0.633333333,0.533333333,0.033333333,0.0,0.0,0.0,0.133333333,0.0,0.0,0.0,0.0,0.0,0.0,0.0,0.233333333,0.0,0.6,0.1,0.733333333,0.0,0.0,0.166666667,0.4764139950275421,0.04032246395945549,0.41567203402519226,0.08798342198133469,0.18662501871585846,0.17844542860984802,0.5536920428276062,0.2026304006576538,0.7567476034164429,0.3436489403247833,0.2336958795785904,0.21950070559978485,0.0805281326174736,1.4066582918167114,0.2441704124212265,0.34832412004470825,0.1328684687614441,0.06017482653260231,0.078104667365551,0.15711915493011475,0.3003344237804413,0.06824256479740143,0.21561187505722046,0.07966043800115585,0.035842638462781906,0.248935729265213,0.053025420755147934,0.045649897307157516,0.17493629455566406,0.362552672624588,0.24425771832466125,0.05340991169214249,0.13129915297031403,0.1634346842765808,0.05700014904141426,0.4615871012210846,0.15147998929023743,0.010780011303722858,0.03292424976825714,0.10914552211761475,0.08745024353265762,0.10258637368679047,0.07599252462387085,0.17983844876289368,0.1006602793931961,0.32139623165130615,0.14672742784023285,0.17237217724323273,0.19467148184776306,0.15728150308132172,0.16761523485183716
AK864,1.833333333,0.033333333,0.366666667,0.0,0.466666667,0.066666667,0.1,0.066666667,0.166666667,0.1,0.033333333,0.0,0.0,0.3,0.333333333,0.166666667,0.1,0.2,0.6,1.1,1.366666667,0.466666667,0.766666667,0.0,0.0,0.266666667,0.0,0.5,0.0,0.166666667,0.033333333,0.066666667,0.0,0.7,0.2,1.0,0.0,0.066666667,0.0,0.233333333,0.1,0.066666667,0.0,0.1,0.033333333,0.533333333,0.1,0.033333333,0.433333333,0.2,0.4,0.6899256706237793,0.16942745447158813,0.6846387982368469,0.1555492877960205,0.40121015906333923,0.20330488681793213,0.3922564685344696,0.19884052872657776,0.572544515132904,0.20215252041816711,0.18664538860321045,0.18298853933811188,0.07961668074131012,0.8949592709541321,0.257184773683548,0.27633270621299744,0.15358957648277283,0.046881433576345444,0.26289185881614685,0.3505396246910095,0.7897376418113708,0.30019837617874146,0.4576987326145172,0.11021824181079865,0.05307302996516228,0.3016201853752136,0.046748511493206024,0.062438610941171646,0.09389438480138779,0.3164083957672119,0.23509246110916138,0.06997501105070114,0.21320948004722595,0.24473227560520172,0.058195266872644424,0.589037299156189,0.17233507335186005,0.06399262696504593,0.0194528978317976,0.07871312648057938,0.4300607740879059,0.12484332919120789,0.06668496131896973,0.1736844778060913,0.12924501299858093,0.452269047498703,0.2367350161075592,0.17988330125808716,0.48795008659362793,0.38140490651130676,0.2545892596244812
AK942,0.166666667,0.2,0.2,0.1,0.166666667,0.0,0.266666667,0.0,0.466666667,0.066666667,0.0,0.166666667,0.0,0.666666667,0.233333333,0.133333333,0.066666667,0.0,0.033333333,0.033333333,0.0,0.0,0.1,0.0,0.0,0.066666667,0.1,0.1,0.366666667,0.933333333,0.333333333,0.066666667,0.066666667,0.166666667,0.0,0.6,1.5,1.333333333,0.033333333,0.4,0.0,0.1,0.333333333,0.133333333,0.533333333,2.133333333,0.333333333,0.333333333,0.266666667,0.233333333,0.2,0.6661662459373474,0.8755982518196106,0.3200559914112091,0.09800985455513,0.16976730525493622,0.06501151621341705,0.31977325677871704,0.12980838119983673,0.727349042892456,0.17979645729064941,0.1659199744462967,0.1857859343290329,0.037337563931941986,0.8069804310798645,0.266205370426178,0.20939140021800995,0.1729506254196167,0.059614453464746475,0.06004580482840538,0.24059973657131195,0.3570672869682312,0.2648545205593109,0.2726576030254364,0.1432514637708664,0.045873116701841354,0.1776713728904724,0.14202606678009033,0.087630994617939,0.22841547429561615,0.5787210464477539,0.30360177159309387,0.10558486729860306,0.12803435325622559,0.23193708062171936,0.09149675071239471,0.46770793199539185,0.2059708535671234,0.6228400468826294,0.011184623464941978,0.1751059740781784,0.10332158207893372,0.13972671329975128,0.07122166454792023,0.14808019995689392,0.23730382323265076,0.5974043607711792,0.15105950832366943,0.547606885433197,0.1727893203496933,0.16520190238952637,0.18728627264499664
AL100,1.233333333,0.0,0.233333333,0.066666667,0.3,0.2,0.266666667,0.033333333,0.433333333,0.1,0.0,0.0,0.0,0.7,0.366666667,0.333333333,0.3,0.033333333,0.033333333,0.166666667,0.0,0.066666667,0.266666667,0.266666667,0.1,0.6,0.166666667,0.0,0.8,0.966666667,0.133333333,0.1,0.0,0.433333333,0.166666667,1.5,0.2,0.266666667,0.133333333,0.133333333,0.1,0.0,0.866666667,0.266666667,0.066666667,0.5,0.333333333,0.2,0.0,0.0,0.033333333,0.5051723122596741,0.12194006145000458,0.5892431139945984,0.17285965383052826,0.41487306356430054,0.2659594416618347,0.47580134868621826,0.10255067050457001,0.7097488641738892,0.319769024848938,0.156713604927063,0.0914255678653717,0.024537455290555954,0.7913496494293213,0.22539520263671875,0.1940634846687317,0.18261918425559998,0.07231152802705765,0.08531813323497772,0.2002047598361969,0.30624067783355713,0.10585043579339981,0.1991649866104126,0.08107743412256241,0.03783746436238289,0.3471062481403351,0.09031839668750763,0.08504612743854523,0.1945171058177948,0.35332155227661133,0.2231595367193222,0.10617023706436157,0.05705749988555908,0.3001370131969452,0.09288200736045837,1.032645583152771,0.4164893329143524,0.4342377185821533,0.050136782228946686,0.12977446615695953,0.27139151096343994,0.1177259087562561,0.23532627522945404,0.18792754411697388,0.16923686861991882,0.28653404116630554,0.16703732311725616,0.12583273649215698,0.26866573095321655,0.22124844789505005,0.21350444853305817
AL415,0.7,0.0,0.766666667,0.0,0.866666667,0.2,0.4,0.3,0.233333333,0.166666667,0.033333333,0.0,0.0,0.833333333,0.266666667,0.1,0.233333333,0.166666667,0.033333333,0.966666667,1.566666667,0.266666667,0.533333333,0.166666667,0.0,0.133333333,0.166666667,0.0,0.133333333,0.1,0.066666667,0.066666667,0.133333333,0.366666667,0.033333333,0.533333333,0.133333333,0.0,0.0,0.266666667,0.2,0.066666667,0.266666667,0.133333333,0.066666667,0.3,0.166666667,0.233333333,0.266666667,0.1,0.166666667,1.0027602910995483,0.3565672039985657,0.7323911786079407,0.3135277330875397,0.5953465700149536,0.2115662544965744,0.4513131380081177,0.14682160317897797,0.6802144646644592,0.1290670484304428,0.2282172441482544,0.19785435497760773,0.09815870970487595,0.7972550988197327,0.23778657615184784,0.15695282816886902,0.1924828141927719,0.07155482470989227,0.05485849827528,0.4980398714542389,0.8118893504142761,0.09908007830381393,0.6022632122039795,0.09698133170604706,0.0414290726184845,0.25011080503463745,0.08617766201496124,0.12173200398683548,0.07408484816551208,0.29542943835258484,0.23109285533428192,0.1425667703151703,0.31901708245277405,0.27837759256362915,0.09456322342157364,0.6772150993347168,0.09215468913316727,0.12713411450386047,0.03284258767962456,0.11713521182537079,0.21718551218509674,0.10781142115592957,0.10556863993406296,0.2114788293838501,0.14180968701839447,0.22894251346588135,0.1548715978860855,0.13845475018024445,0.2821204960346222,0.19112089276313782,0.14288972318172455
AM172,0.266666667,0.0,0.3,0.366666667,0.266666667,0.0,0.133333333,0.2,0.166666667,0.0,0.0,0.0,0.0,0.766666667,0.166666667,0.166666667,0.4,0.166666667,0.0,0.366666667,0.133333333,0.333333333,0.233333333,0.133333333,0.0,0.233333333,0.1,0.0,0.266666667,0.4,0.266666667,0.6,0.366666667,0.266666667,0.3,0.9,0.066666667,0.666666667,0.633333333,2.033333333,0.1,0.0,0.133333333,0.0,0.233333333,0.2,0.0,0.0,0.3,0.166666667,0.0,0.5896061062812805,0.010466289706528187,0.4972827136516571,0.20228703320026398,0.5563600659370422,0.17955684661865234,0.32967478036880493,0.2137994021177292,0.5167230367660522,0.10572981089353561,0.15616977214813232,0.1249816045165062,0.028522921726107597,0.9800800681114197,0.29053011536598206,0.24646702408790588,0.7469038367271423,0.2862553298473358,0.0685209259390831,0.28196069598197937,0.2505033016204834,0.46941569447517395,0.16691818833351135,0.12508298456668854,0.038838353008031845,0.16481398046016693,0.12727151811122894,0.03618701174855232,0.2235412746667862,0.31206539273262024,0.2579009234905243,0.25802814960479736,0.19654223322868347,0.19246703386306763,0.1597396284341812,0.7679502964019775,0.18437889218330383,0.18469898402690887,0.3356029987335205,0.7089949250221252,0.388322651386261,0.20042721927165985,0.13738764822483063,0.30440181493759155,0.2891605794429779,0.14863620698451996,0.09802994877099991,0.14773765206336975,0.3030972480773926,0.16458652913570404,0.16263271868228912
AM349,0.8,1.3,0.833333333,0.133333333,0.333333333,0.0,0.433333333,0.066666667,1.433333333,0.066666667,0.8,0.0,0.0,1.5,0.3,0.3,0.366666667,0.0,0.0,0.166666667,0.233333333,0.0,0.366666667,0.066666667,0.0,0.1,0.0,0.0,0.133333333,0.633333333,0.433333333,0.166666667,0.666666667,0.0,0.033333333,0.366666667,0.0,0.0,0.0,0.0,0.1,0.0,0.0,0.2,0.2,0.133333333,0.1,0.2,0.0,0.033333333,0.166666667,0.5846344828605652,0.9312588572502136,0.5920672416687012,0.26802942156791687,0.5887525081634521,0.25132620334625244,0.7451552748680115,0.3913295865058899,0.5122069120407104,0.13146467506885529,0.23236410319805145,0.1186024472117424,0.059683531522750854,1.0136398077011108,0.2635369896888733,0.24950779974460602,0.2823454439640045,0.15078313648700714,0.08447958528995514,0.17923031747341156,0.18430937826633453,0.16686879098415375,0.03258877247571945,0.14293566346168518,0.044280342757701874,0.10774395614862442,0.032396722584962845,0.0436520017683506,0.0787590965628624,0.24365657567977905,0.27091923356056213,0.0864567756652832,0.7250450253486633,0.08063769340515137,0.06300725042819977,0.3379136621952057,0.053235433995723724,0.013393671251833439,0.00768432067707181,0.1073850616812706,0.1259540468454361,0.1399444043636322,0.10114914178848267,0.18939955532550812,0.22561047971248627,0.11500909179449081,0.15068326890468597,0.10090472549200058,0.14931254088878632,0.15545456111431122,0.08914612233638763
AM706,0.333333333,0.1,0.3,0.133333333,0.3,0.0,0.3,0.066666667,0.4,0.0,0.133333333,0.3,0.0,0.666666667,0.0,0.1,0.0,0.0,0.0,0.133333333,0.233333333,0.0,0.166666667,0.033333333,0.0,0.0,0.266666667,0.133333333,0.633333333,0.533333333,0.0,0.633333333,0.066666667,0.1,0.2,1.066666667,0.233333333,0.266666667,0.466666667,1.533333333,0.2,0.1,0.1,0.0,0.066666667,0.233333333,0.0,0.066666667,0.266666667,0.133333333,0.4,0.7536138296127319,0.07766806334257126,0.5975157022476196,0.11331841349601746,0.29954907298088074,0.3506268560886383,0.5137909650802612,0.14896267652511597,0.46565955877304077,0.21193407475948334,0.21735544502735138,0.14230793714523315,0.11893316358327866,1.018794298171997,0.15803368389606476,0.24782860279083252,0.13280050456523895,0.03298008441925049,0.028001736849546432,0.13551762700080872,0.20228563249111176,0.09783703088760376,0.1371375322341919,0.08682931214570999,0.036372750997543335,0.16933146119117737,0.13472630083560944,0.06474406272172928,0.3545082211494446,0.32305383682250977,0.2176057994365692,0.10131461918354034,0.11868324130773544,0.10494542121887207,0.17179366946220398,0.4015985429286957,0.22628694772720337,0.1354142278432846,0.2656039595603943,0.6117000579833984,0.1346183568239212,0.1165013536810875,0.06539593636989594,0.1540069878101349,0.1483188420534134,0.2587045729160309,0.16035768389701843,0.16555777192115784,0.21527902781963348,0.1632862091064453,0.13360007107257843
AM997,0.5,0.0,0.4,0.133333333,0.5,0.233333333,0.266666667,0.5,0.233333333,0.0,0.133333333,0.0,0.133333333,0.633333333,0.2,0.2,0.0,0.433333333,0.066666667,0.566666667,0.733333333,0.466666667,0.3,0.0,0.066666667,0.066666667,0.0,0.0,0.233333333,0.4,0.333333333,0.566666667,1.3,0.566666667,0.133333333,1.2,0.0,0.0,0.0,0.0,0.3,0.066666667,0.0,0.0,0.066666667,0.0,0.033333333,0.166666667,0.066666667,0.0,0.166666667,0.6474773287773132,0.09949813038110733,0.6254766583442688,0.2735896706581116,0.5186547636985779,0.16519518196582794,0.510534942150116,0.36003679037094116,0.760652482509613,0.1328069567680359,0.1915740966796875,0.20721405744552612,0.09843267500400543,1.2556405067443848,0.3654138147830963,0.33382588624954224,0.29974353313446045,0.09264126420021057,0.10604596138000488,0.7599694132804871,0.8806245923042297,0.16600964963436127,0.43137651681900024,0.10576924681663513,0.03829269856214523,0.18794648349285126,0.1072915643453598,0.10237837582826614,0.27656030654907227,0.25763311982154846,0.24684132635593414,0.12122287601232529,0.4841320514678955,0.33746659755706787,0.0808454155921936,0.8661802411079407,0.16916854679584503,0.0019812993705272675,0.027601787820458412,0.07867840677499771,0.20571888983249664,0.1424282044172287,0.12096257507801056,0.18580125272274017,0.1813652217388153,0.16079255938529968,0.1275741457939148,0.12804019451141357,0.24494698643684387,0.15557809174060822,0.052557509392499924
AN885,0.066666667,0.0,0.666666667,0.066666667,1.1,0.233333333,0.433333333,0.633333333,0.266666667,0.0,0.133333333,0.033333333,0.2,1.433333333,0.8,0.633333333,3.1,0.466666667,0.4,0.066666667,0.0,0.0,0.066666667,0.0,0.0,0.0,0.0,0.0,0.0,0.133333333,0.0,0.1,0.0,0.066666667,0.0,0.3,0.0,0.0,0.0,0.0,0.0,0.2,0.066666667,0.533333333,0.033333333,0.166666667,0.0,0.0,0.033333333,0.033333333,0.033333333,0.4091857671737671,0.07924377918243408,0.5431387424468994,0.6400253176689148,0.7881048321723938,0.2151411920785904,0.5606171488761902,0.46799710392951965,0.5403127670288086,0.19593653082847595,0.17508801817893982,0.250519335269928,0.13335326313972473,1.0740227699279785,0.3526976406574249,0.3991613984107971,0.7922098636627197,0.9146519899368286,0.4680298864841461,0.3722662627696991,0.3111570477485657,0.1181035190820694,0.37790584564208984,0.15970386564731598,0.06864162534475327,0.21690165996551514,0.19667240977287292,0.20281967520713806,0.11520233005285263,0.20387524366378784,0.2346600443124771,0.10781597346067429,0.11558515578508377,0.1734979748725891,0.11508273333311081,0.633376955986023,0.1441957801580429,0.13724569976329803,0.029687892645597458,0.10791131108999252,0.6091314554214478,0.25594818592071533,0.09065375477075577,0.31990838050842285,0.40641462802886963,0.2048041969537735,0.11044672131538391,0.28452005982398987,0.3408433198928833,0.27644819021224976,0.13445837795734406
AO235,0.333333333,0.133333333,0.233333333,0.533333333,0.6,0.5,0.566666667,0.6,1.5,0.0,0.3,0.233333333,0.3,1.766666667,0.366666667,0.5,0.366666667,0.133333333,0.033333333,0.066666667,0.166666667,0.166666667,0.066666667,0.033333333,0.0,0.066666667,0.033333333,0.0,0.0,0.133333333,0.0,0.033333333,0.0,0.133333333,0.066666667,0.366666667,0.266666667,0.0,0.0,0.066666667,0.333333333,0.3,0.033333333,0.133333333,0.1,0.0,0.0,0.0,0.766666667,0.133333333,0.0,0.37391597032546997,0.07853899896144867,0.4877761900424957,0.27817386388778687,0.6247612833976746,0.14239877462387085,0.5055400133132935,0.3225938081741333,0.5624039769172668,0.15617141127586365,0.22730517387390137,0.21084830164909363,0.13556687533855438,1.2646007537841797,0.3173289895057678,0.3498581349849701,0.34543105959892273,0.13691571354866028,0.11123037338256836,0.22966192662715912,0.28479695320129395,0.09847456961870193,0.11805474013090134,0.11371490359306335,0.03996580094099045,0.14552126824855804,0.03606490418314934,0.04582531750202179,0.09220237284898758,0.18333302438259125,0.24273693561553955,0.07948388904333115,0.1165132150053978,0.17698989808559418,0.04927454888820648,0.5825045108795166,0.06995794922113419,0.015226704999804497,0.018931914120912552,0.18369019031524658,0.17950941622257233,0.125712588429451,0.06908167898654938,0.2134009599685669,0.12990617752075195,0.11848971992731094,0.12089544534683228,0.17780178785324097,0.18532177805900574,0.16464261710643768,0.07978883385658264
AO882,0.233333333,0.0,0.433333333,0.166666667,0.3,0.0,0.533333333,0.433333333,0.433333333,0.0,0.0,0.033333333,0.0,1.366666667,0.5,0.433333333,0.166666667,0.066666667,0.0,0.866666667,1.266666667,0.433333333,0.933333333,0.3,0.433333333,0.233333333,0.933333333,0.066666667,0.5,0.266666667,0.366666667,0.133333333,0.133333333,0.1,0.066666667,0.6,0.0,0.1,0.166666667,1.033333333,0.3,0.2,0.0,0.133333333,0.233333333,0.0,0.0,0.066666667,0.066666667,0.266666667,0.033333333,0.5543134212493896,0.051981210708618164,0.5942838191986084,0.2641378939151764,0.5111981630325317,0.15834029018878937,0.3819113075733185,0.2963678240776062,0.6145297288894653,0.11031632870435715,0.14108772575855255,0.13562679290771484,0.05552409961819649,1.107574462890625,0.44711172580718994,0.37228941917419434,0.45166513323783875,0.1827496439218521,0.15005700290203094,0.8200005292892456,0.8903332948684692,0.2541143596172333,0.7355199456214905,0.12848815321922302,0.04543577879667282,0.13225874304771423,0.2026253342628479,0.16812489926815033,0.3454592823982239,0.2752191424369812,0.25609511137008667,0.44713926315307617,0.31858110427856445,0.3421039581298828,0.14766982197761536,0.8165758848190308,0.10666409134864807,0.1467590034008026,0.29570937156677246,0.9647473096847534,0.18053065240383148,0.1552262008190155,0.120775505900383,0.21567219495773315,0.1503921002149582,0.21800026297569275,0.11453500390052795,0.24122951924800873,0.21728035807609558,0.16553378105163574,0.09997280687093735
AP182,0.233333333,0.0,0.5,0.266666667,0.433333333,0.033333333,1.166666667,0.8,1.133333333,0.1,0.133333333,0.433333333,0.1,1.7,0.366666667,0.433333333,0.3,0.0,0.0,0.066666667,0.0,0.0,0.0,0.133333333,0.033333333,0.433333333,0.866666667,0.133333333,0.333333333,0.366666667,0.433333333,0.6,0.033333333,0.1,0.1,0.4,0.0,0.0,0.3,1.1,0.166666667,0.133333333,0.366666667,0.0,0.066666667,0.0,0.0,0.166666667,0.2,0.166666667,0.0,0.29637590050697327,0.10484540462493896,0.4997139573097229,0.2893793284893036,0.4133627116680145,0.1515389382839203,0.5615591406822205,0.29232341051101685,0.7383307814598083,0.11563432216644287,0.25846365094184875,0.2913062572479248,0.07694386690855026,1.0004291534423828,0.2512405216693878,0.2631148397922516,0.2123083770275116,0.10586921870708466,0.03731202334165573,0.27802929282188416,0.22763369977474213,0.22748593986034393,0.11662032455205917,0.21294358372688293,0.04223103076219559,0.1264164298772812,0.1891745924949646,0.07180002331733704,0.5084897875785828,0.39479029178619385,0.28286314010620117,0.44011351466178894,0.40467697381973267,0.13639211654663086,0.17065197229385376,0.4348348379135132,0.05987627059221268,0.12695515155792236,0.2630046308040619,1.096859097480774,0.14495046436786652,0.15487055480480194,0.1528722643852234,0.2300172746181488,0.18756017088890076,0.1170489564538002,0.10129012167453766,0.16439613699913025,0.14715522527694702,0.13324576616287231,0.05984669551253319
AP810,0.433333333,0.1,0.5,1.8,0.666666667,0.333333333,0.6,0.4,1.033333333,0.066666667,0.566666667,0.466666667,0.533333333,1.7,0.666666667,0.366666667,0.333333333,0.0,0.0,0.233333333,0.2,0.0,0.0,0.0,0.0,0.266666667,0.066666667,0.033333333,0.233333333,0.5,0.5,0.0,0.0,0.133333333,0.0,0.366666667,0.1,0.0,0.0,0.0,0.333333333,0.366666667,0.1,0.233333333,0.6,0.333333333,0.166666667,0.366666667,0.133333333,0.066666667,0.066666667,0.23705090582370758,0.07349103689193726,0.34367096424102783,0.9452319741249084,0.25239062309265137,0.11949414759874344,0.38304993510246277,0.3333161771297455,0.6129000186920166,0.1528356522321701,0.18707580864429474,0.2423350214958191,0.10550959408283234,1.3677821159362793,0.29774680733680725,0.38705769181251526,0.18218550086021423,0.10011113435029984,0.029235195368528366,0.4842177629470825,0.6187976598739624,0.06616497784852982,0.16280695796012878,0.10133208334445953,0.03814155235886574,0.12425271421670914,0.10837328433990479,0.08787110447883606,0.06751692295074463,0.20760317146778107,0.2188943773508072,0.08014990389347076,0.07536998391151428,0.08731392025947571,0.048725806176662445,0.22995704412460327,0.14786674082279205,0.006701295729726553,0.036479849368333817,0.09142064303159714,0.12930549681186676,0.1459757685661316,0.05819922685623169,0.22747963666915894,0.47097694873809814,0.18400990962982178,0.08525758981704712,0.2643887996673584,0.2012386918067932,0.1138726994395256,0.04534919932484627
