stimulus,true_Green,true_Cucumber,true_Herbal,true_Mint,true_Woody,true_Pine,true_Floral,true_Powdery,true_Fruity,true_Citrus,true_Tropical,true_Berry,true_Peach,true_Sweet,true_Caramellic,true_Vanilla,true_BrownSpice,true_Smoky,true_Burnt,true_Roasted,true_Grainy,true_Meaty,true_Nutty,true_Fatty,true_Coconut,true_Waxy,true_Dairy,true_Buttery,true_Cheesy,true_Sour,true_Fermented,true_Sulfurous,true_Garlic.Onion,true_Earthy,true_Mushroom,true_Musty,true_Ammonia,true_Fishy,true_Fecal,true_Rotten.Decay,true_Rubber,true_Phenolic,true_Animal,true_Medicinal,true_Cooling,true_Sharp,true_Chlorine,true_Alcoholic,true_Plastic,true_Ozone,true_Metallic,pred_Green,pred_Cucumber,pred_Herbal,pred_Mint,pred_Woody,pred_Pine,pred_Floral,pred_Powdery,pred_Fruity,pred_Citrus,pred_Tropical,pred_Berry,pred_Peach,pred_Sweet,pred_Caramellic,pred_Vanilla,pred_BrownSpice,pred_Smoky,pred_Burnt,pred_Roasted,pred_Grainy,pred_Meaty,pred_Nutty,pred_Fatty,pred_Coconut,pred_Waxy,pred_Dairy,pred_Buttery,pred_Cheesy,pred_Sour,pred_Fermented,pred_Sulfurous,pred_Garlic.Onion,pred_Earthy,pred_Mushroom,pred_Musty,pred_Ammonia,pred_Fishy,pred_Fecal,pred_Rotten.Decay,pred_Rubber,pred_Phenolic,pred_Animal,pred_Medicinal,pred_Cooling,pred_Sharp,pred_Chlorine,pred_Alcoholic,pred_Plastic,pred_Ozone,pred_Metallic
AA332,0.076923077,0.038461538,0.0,0.0,0.076923077,0.076923077,0.0,0.0,0.0,0.0,0.0,0.0,0.0,0.0,0.0,0.0,0.0,0.0,0.730769231,0.653846154,0.115384615,0.730769231,0.153846154,0.0,0.0,0.0,0.884615385,0.153846154,0.769230769,0.769230769,0.615384615,0.961538462,0.576923077,0.346153846,0.538461538,0.307692308,0.230769231,0.153846154,0.423076923,1.730769231,0.153846154,0.0,0.615384615,0.0,0.038461538,0.384615385,0.0,0.0,0.0,0.0,0.0,0.1252339780330658,0.01870439015328884,0.1694912165403366,0.01602311059832573,0.09491120278835297,0.08009998500347137,0.15195629000663757,0.11188957840204239,0.12647885084152222,0.018604734912514687,0.020421737805008888,0.0967392846941948,0.04856156185269356,0.31855764985084534,0.1778443306684494,0.16614246368408203,0.11301685869693756,0.5107168555259705,0.7947472929954529,1.129912257194519,0.5662031173706055,0.45887941122055054,0.3800972104072571,0.1521904617547989,0.006685823667794466,0.08932548016309738,0.36066627502441406,0.1204899400472641,0.12733817100524902,0.22737117111682892,0.2486925572156906,0.5588067173957825,0.7970646619796753,0.4263194501399994,0.0943785086274147,0.240132674574852,0.12681320309638977,0.14699219167232513,0.18218861520290375,0.3846220374107361,0.1672343611717224,0.06300870329141617,0.30430763959884644,0.04629158973693848,0.05420799180865288,0.11724308133125305,0.02397243306040764,0.031077327206730843,0.04638540372252464,0.0035870091523975134,0.020882010459899902
AA618,0.0,0.0,0.038461538,0.115384615,0.0,0.0,0.115384615,0.269230769,0.0,0.0,0.0,0.192307692,0.0,0.961538462,0.846153846,0.076923077,0.423076923,0.076923077,0.230769231,0.192307692,0.0,0.0,0.0,0.0,0.538461538,0.153846154,0.076923077,0.0,0.0,0.192307692,0.076923077,0.192307692,0.0,0.0,0.0,0.346153846,0.269230769,0.0,0.0,0.0,0.192307692,0.538461538,0.0,1.038461538,0.269230769,0.346153846,0.346153846,1.5,0.730769231,0.192307692,0.076923077,0.1668403148651123,0.05615546926856041,0.3087998330593109,0.1811515837907791,0.1324397623538971,0.11505503207445145,0.2232355773448944,0.25479036569595337,0.5812588930130005,0.08441757410764694,0.18648377060890198,0.13183541595935822,0.040954846888780594,0.9523301720619202,0.3189869821071625,0.3910053074359894,0.16776442527770996,0.1210629865527153,0.07554507255554199,0.1598917543888092,0.13285723328590393,0.05807090550661087,0.18257096409797668,0.0982445627450943,0.18275012075901031,0.20217399299144745,0.18315353989601135,0.18294814229011536,0.2865120768547058,0.14894667267799377,0.1983925849199295,0.11242032796144485,0.12838086485862732,0.16058439016342163,0.08407106250524521,0.3908933103084564,0.18174196779727936,0.2029857337474823,0.04541989788413048,0.13848522305488586,0.1709071397781372,0.2755533754825592,0.09770335257053375,0.3736802935600281,0.24861063063144684,0.2928597629070282,0.12935449182987213,0.5024314522743225,0.16074801981449127,0.12814675271511078,0.11313695460557938
AA725,0.269230769,0.0,0.230769231,0.0,0.153846154,0.115384615,0.192307692,0.076923077,0.461538462,0.0,0.384615385,0.115384615,0.192307692,0.153846154,0.0,0.0,0.0,0.269230769,0.0,0.692307692,0.269230769,0.346153846,0.346153846,0.269230769,0.5,0.807692308,0.115384615,0.807692308,0.461538462,0.230769231,0.230769231,0.076923077,2.115384615,0.0,0.230769231,0.153846154,0.0,0.0,0.0,0.0,0.0,0.0,0.0,0.0,0.038461538,0.153846154,0.0,0.0,0.0,0.0,0.0,0.27574241161346436,0.09442569315433502,0.3141193985939026,0.11834847927093506,0.09393338859081268,0.16062210500240326,0.3144678473472595,0.11099496483802795,0.3489657938480377,0.11066081374883652,0.21255925297737122,0.17305293679237366,0.23338031768798828,0.5470244288444519,0.34467971324920654,0.11975394934415817,0.09326447546482086,0.08468572050333023,0.05279998481273651,0.2775452136993408,0.21654731035232544,0.1303737908601761,0.09386670589447021,0.25283360481262207,0.21773789823055267,0.8006923198699951,0.10752025246620178,0.3121960163116455,0.1177981048822403,0.10985417664051056,0.24561108648777008,0.3320610821247101,1.5278078317642212,0.07547803223133087,0.1324026733636856,0.2134423553943634,0.11002027988433838,0.0538548119366169,0.030866438522934914,0.12028857320547104,0.12926818430423737,0.0737123116850853,0.042378224432468414,0.07829970866441727,0.26109790802001953,0.1352466642856598,0.06786151975393295,0.0635978952050209,0.056997306644916534,0.008706090971827507,0.033611927181482315
AA808,0.0,0.0,0.0,0.0,0.384615385,0.0,0.115384615,0.307692308,0.0,0.0,0.0,0.038461538,0.0,0.384615385,0.0,0.0,0.0,0.346153846,0.230769231,1.5,1.346153846,0.346153846,0.653846154,0.846153846,0.0,0.0,0.538461538,0.230769231,0.692307692,0.115384615,0.0,0.346153846,0.346153846,0.076923077,0.038461538,0.038461538,0.0,0.884615385,0.153846154,0.769230769,0.0,0.0,0.269230769,0.0,0.0,0.0,0.0,0.0,0.0,0.0,0.0,0.19759823381900787,0.054365623742341995,0.16346527636051178,0.009471014142036438,0.0999433770775795,0.06024028733372688,0.008511899039149284,0.13887041807174683,0.2144176959991455,0.0258856862783432,0.005717532243579626,0.08489503711462021,0.0569438599050045,0.534229576587677,0.20915371179580688,0.23967427015304565,0.1426071673631668,0.22055262327194214,0.15967389941215515,1.4240549802780151,1.7897205352783203,0.3844848573207855,0.7846385836601257,0.5556230545043945,0.11799459904432297,0.12022437900304794,0.546281099319458,0.2949679493904114,0.7717891931533813,0.15980315208435059,0.2308730185031891,0.4393073618412018,0.6496118903160095,0.22308970987796783,0.1562371402978897,0.3794347941875458,0.11807050555944443,0.3387104868888855,0.03642149642109871,0.7107959389686584,0.11979338526725769,0.08181259036064148,0.09171231836080551,0.08394807577133179,0.049142032861709595,0.13978412747383118,0.05797480791807175,0.17025436460971832,0.1283908188343048,0.019577234983444214,0.033169858157634735
AB378,0.0,0.0,0.166666667,3.388888889,0.111111111,0.0,0.055555556,0.666666667,0.0,0.277777778,0.0,0.0,0.0,1.111111111,0.166666667,0.166666667,0.0,0.111111111,0.0,0.833333333,1.222222222,0.0,0.611111111,0.222222222,0.055555556,0.0,0.0,0.722222222,0.222222222,0.277777778,0.166666667,0.0,0.0,0.0,0.0,0.0,0.0,0.0,0.0,0.0,0.0,0.0,0.0,0.0,1.111111111,0.0,0.0,0.0,0.0,0.222222222,0.0,0.15344908833503723,0.07771743088960648,0.40385404229164124,2.852649450302124,0.18195077776908875,0.15018875896930695,0.2835584878921509,0.21868035197257996,0.38793379068374634,0.09097262471914291,0.1862073540687561,0.18300355970859528,0.04995768889784813,1.180863857269287,0.23591108620166779,0.30652764439582825,0.19049614667892456,0.14252854883670807,0.078761026263237,0.28266993165016174,0.4019462466239929,0.03311726823449135,0.21918874979019165,0.09784778207540512,0.015084084123373032,0.08784184604883194,0.14938531816005707,0.16083979606628418,0.11873002350330353,0.06466999650001526,0.21255691349506378,0.03948657959699631,0.03823642060160637,0.06127920374274254,0.07509163022041321,0.2847168445587158,0.15231545269489288,0.03968795761466026,0.036244943737983704,0.08549107611179352,0.1442847102880478,0.18286018073558807,0.055386900901794434,0.3088824450969696,1.0759508609771729,0.28855249285697937,0.16414448618888855,0.26252982020378113,0.16595779359340668,0.0651879832148552,0.05991925299167633
AB413,0.0,0.055555556,0.111111111,0.111111111,0.444444444,0.222222222,0.333333333,0.555555556,0.888888889,0.0,0.666666667,0.611111111,0.166666667,0.444444444,0.0,0.0,0.0,0.277777778,0.166666667,0.5,0.222222222,0.277777778,0.277777778,0.0,0.055555556,0.0,0.0,0.0,0.055555556,0.055555556,0.0,0.166666667,0.055555556,0.333333333,0.0,0.0,0.0,0.222222222,0.0,0.0,0.166666667,0.055555556,0.055555556,0.222222222,0.444444444,0.555555556,0.0,0.5,0.388888889,0.555555556,0.0,0.21921361982822418,0.03979320451617241,0.20609427988529205,0.09955833107233047,0.05134984478354454,0.15902163088321686,0.3191112279891968,0.12528008222579956,0.3108779191970825,0.035232529044151306,0.14310584962368011,0.19179721176624298,0.1605728566646576,0.6737484335899353,0.23178710043430328,0.13692618906497955,0.1387762874364853,0.33567336201667786,0.8284471035003662,0.7099531292915344,0.43263617157936096,0.14262211322784424,0.27622997760772705,0.15648500621318817,0.022265903651714325,0.10592672228813171,0.0107113653793931,0.09162387996912003,0.08034887909889221,0.190420001745224,0.22598004341125488,0.3932012617588043,0.47302868962287903,0.3552543520927429,0.09933242946863174,0.2690359652042389,0.20525279641151428,0.10849504917860031,0.028305046260356903,0.20470072329044342,0.27764081954956055,0.17841963469982147,0.41819605231285095,0.521694004535675,0.16955573856830597,0.38393208384513855,0.08688382804393768,0.23962414264678955,0.1546803116798401,0.04837421700358391,0.06649564206600189
AB641,0.055555556,0.0,0.111111111,0.0,0.0,0.0,0.111111111,0.0,0.0,0.0,0.055555556,0.111111111,0.5,0.555555556,0.0,0.0,0.0,0.0,0.277777778,0.166666667,0.166666667,0.0,0.222222222,0.833333333,0.111111111,0.0,1.277777778,0.611111111,1.0,0.111111111,0.166666667,0.611111111,0.722222222,0.055555556,0.388888889,0.0,0.0,0.555555556,0.0,1.333333333,0.0,0.0,0.111111111,0.0,0.0,0.166666667,0.0,0.0,0.0,0.0,0.0,0.3298885226249695,0.12171036750078201,0.25152891874313354,0.11801060289144516,0.1494825929403305,0.05826496705412865,0.06044439598917961,0.2122458517551422,0.3981539309024811,0.044185809791088104,0.03725874051451683,0.10834641009569168,0.04808530583977699,0.8137727379798889,0.1826297491788864,0.1297246366739273,0.11570976674556732,0.20937660336494446,0.15584883093833923,0.40154922008514404,0.42578351497650146,0.38039666414260864,0.4331980049610138,0.5509206652641296,0.2726634740829468,0.2365843951702118,0.6792500615119934,0.3135942220687866,0.9338486790657043,0.33070310950279236,0.22237169742584229,0.3820110559463501,0.8238739967346191,0.32303380966186523,0.12043917924165726,0.38121479749679565,0.11329955607652664,0.32402729988098145,0.027967318892478943,0.43337690830230713,0.0202147476375103,0.10098671168088913,0.14965733885765076,0.1865716576576233,0.12979580461978912,0.19600127637386322,0.04324774816632271,0.17961999773979187,0.11826610565185547,0.01967777870595455,0.02811932936310768
AB988,0.0,0.444444444,0.0,0.0,0.0,0.0,0.0,0.0,0.0,0.0,0.0,0.0,0.0,0.0,0.0,0.0,0.0,0.166666667,0.0,0.722222222,0.166666667,0.444444444,0.0,0.166666667,0.0,0.0,0.0,0.0,0.222222222,0.277777778,0.611111111,0.333333333,3.944444444,0.0,0.0,0.0,0.0,0.0,0.0,0.0,0.0,0.0,0.0,0.0,0.055555556,0.277777778,0.0,0.0,0.0,0.0,0.111111111,0.25193044543266296,0.32004112005233765,0.27781015634536743,0.08982698619365692,0.09696725755929947,0.08819236606359482,0.09667529910802841,0.13712777197360992,0.44494959712028503,0.05545347183942795,0.149283304810524,0.19427742063999176,0.09231346100568771,0.632450520992279,0.1511002629995346,0.13590219616889954,0.10524140298366547,0.12176865339279175,0.20595195889472961,0.4985237121582031,0.28494495153427124,0.3599548935890198,0.13541115820407867,0.29917165637016296,0.15183478593826294,0.18484710156917572,0.18794025480747223,0.154564768075943,0.3125219941139221,0.3182159960269928,0.3584387004375458,0.3373570740222931,2.2917935848236084,0.17189131677150726,0.09649766236543655,0.28255149722099304,0.1451042890548706,0.1245988979935646,0.08109980076551437,0.29872506856918335,0.1054728701710701,0.23388917744159698,0.07689372450113297,0.21978546679019928,0.2330625355243683,0.21519312262535095,0.09273979067802429,0.15949004888534546,0.10822608321905136,0.08511918783187866,0.08743792027235031
AC445,0.285714286,0.0,0.464285714,0.0,0.214285714,0.0,0.178571429,0.071428571,0.178571429,0.0,0.0,0.0,0.0,0.321428571,0.428571429,0.142857143,0.178571429,0.142857143,0.285714286,1.142857143,1.285714286,0.214285714,0.464285714,0.178571429,0.0,0.107142857,0.357142857,0.107142857,0.321428571,0.107142857,0.178571429,0.178571429,0.214285714,0.178571429,0.107142857,0.25,0.0,0.0,0.035714286,0.178571429,0.0,0.0,0.178571429,0.178571429,0.0,0.035714286,0.0,0.0,0.071428571,0.071428571,0.0,0.4431752860546112,0.12497293949127197,0.24230973422527313,0.03669867664575577,0.18195638060569763,0.09588772058486938,0.12990498542785645,0.13509899377822876,0.29726091027259827,0.0734051913022995,0.044054772704839706,0.1189979761838913,0.023794114589691162,0.4257211685180664,0.20960266888141632,0.2074972689151764,0.1047322005033493,0.21014921367168427,0.14514543116092682,0.3373536467552185,0.3078249394893646,0.1262083798646927,0.32851266860961914,0.2089592069387436,0.16851313412189484,0.10657777637243271,0.1888817697763443,0.1492735594511032,0.13901133835315704,0.20447713136672974,0.2569573223590851,0.24132734537124634,0.17988340556621552,0.2933186888694763,0.08128737658262253,0.3366563618183136,0.13402554392814636,0.08071348816156387,0.03857892006635666,0.19393254816532135,0.0204623993486166,0.22484304010868073,0.10912515223026276,0.2067239135503769,0.11640604585409164,0.19201701879501343,0.09289715439081192,0.12805505096912384,0.12347853183746338,0.05589761957526207,0.0660034641623497
AC557,0.037037037,0.0,0.0,0.296296296,0.0,0.0,0.111111111,0.148148148,0.666666667,0.185185185,0.185185185,0.222222222,0.0,0.703703704,0.0,0.0,0.0,0.0,0.111111111,0.148148148,0.111111111,0.074074074,0.111111111,0.037037037,0.148148148,0.148148148,0.0,0.074074074,0.333333333,0.518518519,0.333333333,0.148148148,0.0,0.037037037,0.0,0.62962963,0.555555556,0.148148148,0.37037037,0.481481481,0.185185185,0.62962963,0.592592593,0.37037037,0.296296296,0.148148148,0.0,0.777777778,0.148148148,0.074074074,0.0,0.3298304080963135,0.03483494371175766,0.3769527077674866,0.20548368990421295,0.3525952100753784,0.0940016433596611,0.13899292051792145,0.16387858986854553,0.525300145149231,0.042820803821086884,0.0882493108510971,0.30912014842033386,0.03377552330493927,0.6333995461463928,0.14639140665531158,0.16668207943439484,0.17157265543937683,0.09439297765493393,0.04413234069943428,0.1893804371356964,0.22499191761016846,0.10698628425598145,0.23008351027965546,0.16273869574069977,0.009268556721508503,0.08181898295879364,0.16932468116283417,0.0558682344853878,0.10852749645709991,0.32803264260292053,0.26101961731910706,0.07315844297409058,0.08754962682723999,0.16694694757461548,0.07855185121297836,0.5168806910514832,0.1106351763010025,0.040793344378471375,0.031146002933382988,0.16087214648723602,0.08893895894289017,0.21151070296764374,0.11316870898008347,0.28095266222953796,0.17175546288490295,0.20590873062610626,0.05082598701119423,0.29959020018577576,0.1350378394126892,0.07880223542451859,0.06455054134130478
AC676,0.0,0.0,0.178571429,0.071428571,0.142857143,0.0,0.071428571,0.214285714,0.107142857,0.0,0.0,0.0,0.0,1.107142857,0.535714286,0.607142857,0.714285714,1.357142857,1.214285714,0.607142857,0.0,0.214285714,0.035714286,0.178571429,0.035714286,0.0,0.035714286,0.0,0.0,0.0,0.0,0.178571429,0.0,0.107142857,0.0,0.428571429,0.285714286,0.0,0.0,0.035714286,0.392857143,0.535714286,0.142857143,0.857142857,0.107142857,0.142857143,0.107142857,0.285714286,0.142857143,0.535714286,0.0,0.14138054847717285,0.029017126187682152,0.19931204617023468,0.1020897850394249,0.17223288118839264,0.08528264611959457,0.2658363878726959,0.41772377490997314,0.2588801980018616,0.026869047433137894,0.05663527920842171,0.11322584003210068,0.03554976359009743,1.3307785987854004,0.816224992275238,0.8862951993942261,0.4720160961151123,1.0065727233886719,0.8862721920013428,0.26156240701675415,0.14457084238529205,0.0942043885588646,0.24111278355121613,0.07586053013801575,0.0977129265666008,0.08092468976974487,0.10911975800991058,0.07865385711193085,0.06447406858205795,0.12239371985197067,0.16052483022212982,0.10503940284252167,0.01005459576845169,0.11703767627477646,0.0752239003777504,0.3662770390510559,0.13030759990215302,0.04716061055660248,0.028690122067928314,0.08534964174032211,0.1755932718515396,0.32918843626976013,0.06112074479460716,0.21512190997600555,0.11212702095508575,0.22065222263336182,0.1847504824399948,0.4572158455848694,0.16981659829616547,0.2869139611721039,0.07255853712558746
AD015,0.0,0.0,0.214285714,0.142857143,0.214285714,0.0,0.214285714,0.571428571,0.928571429,0.071428571,0.357142857,0.285714286,0.142857143,1.642857143,0.142857143,0.428571429,0.285714286,0.642857143,0.0,0.0,0.0,0.0,0.0,0.0,0.0,0.0,0.071428571,0.142857143,0.142857143,0.142857143,0.0,0.0,0.0,0.0,0.0,0.285714286,0.142857143,0.0,0.0,0.0,0.0,0.285714286,0.214285714,0.0,0.285714286,0.0,0.0,0.285714286,0.0,0.142857143,0.0,0.17377519607543945,0.05722987279295921,0.3959037959575653,0.2179182767868042,0.33888670802116394,0.15331706404685974,0.32838547229766846,0.4073658585548401,0.30595579743385315,0.029689865186810493,0.13220123946666718,0.13974128663539886,0.07648265361785889,1.185335636138916,0.36779677867889404,0.4265132248401642,0.33844321966171265,0.6446452736854553,0.30455148220062256,0.18828730285167694,0.12367445230484009,0.1275930553674698,0.16231945157051086,0.09912534058094025,0.042164236307144165,0.12324439734220505,0.0913337990641594,0.05485161766409874,0.06529184430837631,0.1794222742319107,0.18594375252723694,0.09469372034072876,0.04077531024813652,0.12661989033222198,0.07627826184034348,0.40573427081108093,0.11658946424722672,0.04511136934161186,0.02470838651061058,0.08241698890924454,0.10125812888145447,0.4346148371696472,0.0813956931233406,0.2502940893173218,0.15903349220752716,0.0994868054986,0.07964775711297989,0.13547857105731964,0.14226563274860382,0.18568085134029388,0.05826340988278389
AD085,0.333333333,0.0,0.333333333,0.0,0.6,0.0,0.0,0.0,0.0,0.0,0.0,0.0,0.0,0.866666667,0.4,0.333333333,0.866666667,0.733333333,0.666666667,0.0,0.0,0.2,0.0,0.0,0.0,0.4,0.0,0.0,0.0,0.0,0.066666667,0.2,0.0,0.0,0.0,0.8,0.133333333,0.0,0.0,0.0,1.066666667,0.333333333,0.0,0.533333333,0.2,0.066666667,0.266666667,0.0,0.266666667,0.533333333,0.133333333,0.16311268508434296,0.03400138393044472,0.7493826746940613,0.3778032064437866,0.8016005158424377,0.4403546154499054,0.15692101418972015,0.2930521070957184,0.08592881262302399,0.0048249526880681515,0.0007353696855716407,0.06824120134115219,-0.004320880398154259,0.5602371096611023,0.32798445224761963,0.32356369495391846,0.35924798250198364,0.6945911049842834,0.3627898693084717,0.23993349075317383,0.13842551410198212,0.05183630809187889,0.10503948479890823,0.04789651930332184,0.014532016590237617,0.12680771946907043,0.030937472358345985,0.0777745246887207,0.03519261255860329,0.052681390196084976,0.11142025142908096,0.0470246896147728,0.007614016532897949,0.18802852928638458,0.08047444373369217,0.7618978023529053,0.11634097248315811,0.0427975170314312,0.023940173909068108,0.07038883119821548,0.9000754356384277,0.4971044957637787,0.07659979909658432,0.2834511697292328,0.2549416422843933,0.14303909242153168,0.05259194225072861,0.07906915247440338,0.550236701965332,0.2916030287742615,0.05536533519625664
AD132,0.666666667,0.466666667,1.133333333,3.533333333,0.0,0.266666667,0.2,0.133333333,0.0,0.2,0.0,0.0,0.133333333,0.666666667,0.333333333,0.133333333,0.0,0.0,0.0,0.0,0.0,0.0,0.2,0.0,0.0,0.0,0.0,0.0,0.0,0.0,0.2,0.0,0.0,0.133333333,0.0,0.0,0.0,0.0,0.0,0.0,0.0,0.0,0.0,0.333333333,1.266666667,0.0,0.0,0.0,0.0,0.0,0.0,0.7095962166786194,0.1525605171918869,0.5246758460998535,3.0942001342773438,0.2404106706380844,0.27022990584373474,0.26604515314102173,0.25612252950668335,0.2948514223098755,0.1652698516845703,0.06591159105300903,0.11688848584890366,0.008761097677052021,0.9471532106399536,0.10495790094137192,0.22231003642082214,0.183671236038208,0.19885367155075073,0.06943879276514053,0.12241826951503754,0.08009354025125504,0.07889989763498306,0.11331969499588013,0.041046008467674255,0.009415760636329651,0.043473031371831894,0.025162341073155403,0.03950600326061249,0.026581106707453728,0.06025667116045952,0.14936594665050507,0.06846632063388824,0.05732865631580353,0.10452708601951599,0.07366027683019638,0.2207452803850174,0.10266733169555664,0.038751520216464996,0.024578629061579704,0.08281589299440384,0.12248082458972931,0.10356931388378143,0.0697249099612236,0.21375155448913574,0.9213629961013794,0.23418956995010376,0.1713198721408844,0.38352590799331665,0.07057005912065506,0.10122791677713394,0.18113504350185394
AD427,1.133333333,0.6,0.666666667,0.466666667,0.666666667,0.866666667,0.266666667,0.333333333,0.066666667,0.133333333,0.0,0.133333333,0.0,0.466666667,0.0,0.0,0.0,0.0,0.133333333,0.066666667,0.0,0.0,0.0,0.0,0.0,0.066666667,0.0,0.0,0.0,0.0,0.0,0.0,0.0,0.0,0.0,0.533333333,0.0,0.0,0.0,0.0,0.133333333,0.2,0.0,0.2,0.0,0.0,0.0,0.0,0.666666667,0.133333333,0.0,0.49709030985832214,0.730347216129303,0.5390355587005615,0.23079128563404083,0.43820837140083313,0.21784749627113342,0.18378324806690216,0.23549476265907288,0.2912757694721222,0.276387482881546,0.10677722841501236,0.1577441245317459,0.06930369138717651,0.6336885690689087,0.08304519206285477,0.15881235897541046,0.12800933420658112,0.2929996848106384,0.14528082311153412,0.2590496838092804,0.33473873138427734,0.328882098197937,0.07043033838272095,0.2276327908039093,0.06737355142831802,0.09420134127140045,0.1579461693763733,0.08259014040231705,0.1135815978050232,0.2636050879955292,0.27710801362991333,0.210882306098938,0.7864047288894653,0.18810316920280457,0.14524243772029877,0.5117344260215759,0.11323337256908417,0.0850309282541275,0.0590704083442688,0.218922957777977,0.09257498383522034,0.40544167160987854,0.09024873375892639,0.23508206009864807,0.09903904050588608,0.19339752197265625,0.1721048653125763,0.15802164375782013,0.1892717480659485,0.12338722497224808,0.08789723366498947
AD781,0.0,0.0,0.142857143,0.0,0.0,0.0,0.357142857,0.642857143,0.142857143,0.0,0.214285714,0.0,0.0,1.357142857,0.285714286,0.0,0.142857143,0.428571429,1.428571429,0.714285714,0.5,0.071428571,0.428571429,0.0,0.142857143,0.0,0.0,0.0,0.0,0.142857143,0.142857143,0.357142857,0.642857143,0.0,0.0,0.0,0.285714286,0.357142857,0.0,0.142857143,0.214285714,0.142857143,0.285714286,0.0,0.0,0.0,0.071428571,0.0,0.0,0.285714286,0.0,0.06539741903543472,0.012724368833005428,0.19480323791503906,0.06424742192029953,0.34497523307800293,0.20742174983024597,0.07067638635635376,0.1849060356616974,0.06883540749549866,0.007875612936913967,0.03867725282907486,0.07593972980976105,0.008040346205234528,0.5844830274581909,0.2603512406349182,0.3142831325531006,0.32238855957984924,0.8940038681030273,1.0027629137039185,0.8491490483283997,0.41846224665641785,0.3894389867782593,0.344838410615921,0.07608368247747421,0.04699192941188812,0.1484094113111496,0.014911695383489132,0.07463168352842331,0.05344424396753311,0.17899300158023834,0.17720989882946014,0.27015334367752075,0.5893806219100952,0.3977815508842468,0.10678116232156754,0.3792278468608856,0.1780650019645691,0.1593814343214035,0.027007581666111946,0.2187594324350357,0.24543868005275726,0.33453893661499023,0.419778972864151,0.06086266040802002,0.062795490026474,0.11355697363615036,0.029411153867840767,0.04241129755973816,0.12730538845062256,0.15879756212234497,0.04313039779663086
AD862,0.0,0.0,0.142857143,0.071428571,0.0,0.0,0.0,0.214285714,0.214285714,0.0,0.0,0.0,0.0,0.857142857,0.0,0.214285714,0.428571429,0.857142857,0.214285714,0.285714286,0.285714286,0.571428571,0.0,0.0,0.0,0.0,0.0,0.0,0.071428571,0.428571429,0.285714286,0.0,3.357142857,0.142857143,0.0,0.0,0.0,0.0,0.0,0.428571429,0.214285714,0.0,0.0,0.142857143,0.214285714,0.0,0.0,0.0,0.0,0.0,0.142857143,0.04475942626595497,0.016614070162177086,0.3110125660896301,0.11346274614334106,0.13929250836372375,0.11001452058553696,0.0488266758620739,0.2770591378211975,0.06196872517466545,0.01888318359851837,0.0139915244653821,0.053798794746398926,0.01904139295220375,0.5082124471664429,0.23460105061531067,0.2029811143875122,0.3336230516433716,1.2561074495315552,0.29641830921173096,0.6815087199211121,0.21733786165714264,0.7108573913574219,0.10273879766464233,0.07481308281421661,0.03794380649924278,0.08579273521900177,0.038897912949323654,0.05483296513557434,0.12151353061199188,0.22876496613025665,0.17647162079811096,0.3150952160358429,2.7710022926330566,0.126120924949646,0.07620350271463394,0.3040558397769928,0.12790317833423615,0.0497635118663311,0.028155852109193802,0.09428787231445312,0.319550484418869,0.17186149954795837,0.08318136632442474,0.08708390593528748,0.11538063734769821,0.12139491736888885,0.031202204525470734,0.12633389234542847,0.17454802989959717,0.09079530835151672,0.12555617094039917
AD994,1.0,0.5625,1.0625,0.0,0.0,0.1875,0.0,0.0,0.0,0.0,0.0,0.0,0.0,0.125,0.0,0.0,0.0,0.6875,0.5,1.375,1.0,0.875,0.0625,0.25,0.0,0.0,0.0,0.0,0.0625,0.75,0.8125,0.1875,1.0625,0.875,0.125,0.0,0.3125,0.0625,0.0,0.125,0.25,0.0,0.4375,0.0,0.0,0.5625,0.0,0.0,0.0625,0.0,0.0,0.5048680901527405,0.18995648622512817,0.4529321789741516,0.047912199050188065,0.08846583217382431,0.24601277709007263,0.29137375950813293,0.1307813674211502,0.22734257578849792,0.1551322340965271,-0.009125900454819202,0.07917231321334839,0.016011325642466545,0.37218427658081055,0.10586538165807724,0.08783494681119919,0.2242981642484665,0.3192810118198395,0.8266484141349792,0.671431839466095,0.4140109121799469,0.4093925654888153,0.28976330161094666,0.16723959147930145,0.028788212686777115,0.09171174466609955,0.012065796181559563,0.05269933491945267,0.06521854549646378,0.28404876589775085,0.280047208070755,0.36527949571609497,0.47760823369026184,0.34776419401168823,0.112993024289608,0.20655310153961182,0.18841391801834106,0.1285717636346817,0.02935156226158142,0.3156944811344147,0.198969304561615,0.23907436430454254,0.5584005117416382,0.11393120884895325,0.10361742973327637,0.1998138427734375,0.09816507250070572,0.3396947979927063,0.1283368617296219,0.10757768154144287,0.034144602715969086
AE042,0.357142857,0.107142857,0.25,0.0,0.25,0.107142857,0.0,0.357142857,0.107142857,0.0,0.321428571,0.107142857,0.0,0.571428571,0.0,0.0,0.0,0.178571429,0.25,0.142857143,0.178571429,0.0,0.107142857,0.107142857,0.0,0.0,0.0,0.0,0.0,0.0,0.321428571,0.464285714,0.214285714,0.785714286,0.178571429,0.964285714,0.714285714,0.214285714,0.214285714,0.392857143,1.357142857,0.392857143,0.571428571,0.178571429,0.107142857,0.178571429,0.535714286,0.285714286,0.464285714,0.107142857,0.357142857,0.283647745847702,0.05740727111697197,0.3445116877555847,0.12243425846099854,0.3098165988922119,0.18091444671154022,0.17380347847938538,0.15010447800159454,0.15011073648929596,0.00816565752029419,0.053085848689079285,0.08801881968975067,0.005396844819188118,0.20270302891731262,0.10074766725301743,0.12222006916999817,0.14227084815502167,0.27115336060523987,0.2659822404384613,0.26318708062171936,0.33070358633995056,0.10348255932331085,0.23876993358135223,0.08978080004453659,0.019031871110200882,0.07295885682106018,0.01929483562707901,0.04824699088931084,0.06445925682783127,0.2342844158411026,0.2007424682378769,0.23915892839431763,0.1717691570520401,0.4014146625995636,0.1068662777543068,0.6935714483261108,0.33412376046180725,0.2023625373840332,0.08433017134666443,0.2647663950920105,1.0282385349273682,0.4184090495109558,0.27396413683891296,0.1597648411989212,0.16585496068000793,0.3916891813278198,0.2867985963821411,0.4273258149623871,0.5485822558403015,0.21563315391540527,0.25115033984184265
AE666,0.178571429,0.0,0.642857143,0.107142857,0.5,0.642857143,0.035714286,0.214285714,0.0,0.0,0.0,0.0,0.0,0.0,0.0,0.0,0.0,0.714285714,0.178571429,0.035714286,0.0,0.0,0.0,0.0,0.0,0.0,0.0,0.0,0.0,0.071428571,0.178571429,0.035714286,0.0,0.285714286,0.0,0.535714286,0.142857143,0.0,0.0,0.0,1.25,0.642857143,0.0,0.071428571,0.857142857,0.464285714,0.392857143,1.714285714,0.785714286,0.0,0.285714286,0.243581622838974,0.0329735204577446,0.6305448412895203,0.33737820386886597,0.5619863867759705,0.34567898511886597,0.09183687716722488,0.3205828368663788,0.0825585350394249,0.007819907739758492,0.013685538433492184,0.07287181168794632,-0.004103005398064852,0.32376256585121155,0.27045032382011414,0.17566260695457458,0.22137029469013214,0.29162532091140747,0.060941215604543686,0.14218670129776,0.12726540863513947,0.054971128702163696,0.08450404554605484,0.05857330188155174,0.029445111751556396,0.09287083148956299,0.03713858872652054,0.03803541883826256,0.030532095581293106,0.034432243555784225,0.12036296725273132,0.08166022598743439,-0.008234614506363869,0.18399202823638916,0.08069818466901779,0.5962364077568054,0.22538496553897858,0.038427259773015976,0.03136662021279335,0.09627135843038559,0.4925971031188965,0.40597841143608093,0.07605671137571335,0.5896070003509521,0.49186962842941284,0.49974942207336426,0.1553877741098404,1.764862060546875,0.47034865617752075,0.37830111384391785,0.13161258399486542
AE913,0.214285714,0.0,0.285714286,0.214285714,0.285714286,0.321428571,0.071428571,0.107142857,0.0,0.0,0.0,0.0,0.0,0.214285714,0.178571429,0.0,0.0,0.0,0.0,0.714285714,0.714285714,0.0,0.5,0.035714286,0.071428571,0.0,0.0,0.392857143,0.0,0.142857143,0.0,0.0,0.035714286,0.642857143,0.0,0.107142857,0.357142857,0.107142857,0.0,0.0,0.392857143,0.142857143,0.035714286,1.178571429,1.392857143,0.571428571,0.571428571,0.857142857,0.142857143,0.0,0.142857143,0.36078694462776184,0.07942654192447662,0.5128539204597473,0.3679063022136688,0.34391501545906067,0.2709507346153259,0.13310810923576355,0.15794849395751953,0.1677197813987732,0.09883379936218262,0.03613249957561493,0.10724006593227386,0.008063559420406818,0.43330878019332886,0.16314759850502014,0.1421305537223816,0.1765967607498169,0.16953147947788239,0.04733146354556084,0.897060215473175,1.046812891960144,0.060738153755664825,0.6560233235359192,0.07164255529642105,0.07641007751226425,0.08097530901432037,0.057588350027799606,0.09427490830421448,0.04755103588104248,0.13020215928554535,0.12779562175273895,0.059145670384168625,0.007190091069787741,0.3222542107105255,0.08033553510904312,0.5260576605796814,0.21197329461574554,0.04552784934639931,0.025286449119448662,0.10303159058094025,0.14179740846157074,0.22914060950279236,0.0801822617650032,0.5533472895622253,0.667765200138092,0.29366838932037354,0.2622685134410858,0.735788106918335,0.1520342230796814,0.12952931225299835,0.11090635508298874
AG158,0.266666667,0.066666667,0.3,0.1,0.133333333,0.0,0.066666667,0.033333333,0.166666667,0.0,0.033333333,0.0,0.0,0.533333333,0.166666667,0.366666667,0.0,0.2,0.0,0.133333333,0.533333333,0.0,0.433333333,0.066666667,0.0,0.0,0.2,0.5,0.3,0.0,0.033333333,0.166666667,0.0,0.066666667,0.0,0.2,0.0,0.0,0.033333333,0.1,0.0,0.0,0.0,0.0,0.0,0.0,0.0,0.2,0.0,0.0,0.0,0.5139417052268982,0.10699710994958878,0.33556050062179565,0.13068413734436035,0.25891900062561035,0.08893437683582306,0.29850900173187256,0.18875838816165924,0.3885654807090759,0.02612111158668995,0.05358079820871353,0.10377830266952515,0.024460267275571823,0.5357354283332825,0.13827906548976898,0.17437312006950378,0.16663262248039246,0.098033107817173,0.03866489976644516,0.1562276929616928,0.1919797956943512,0.05263621360063553,0.13155946135520935,0.0723336935043335,0.010516103357076645,0.0892178937792778,0.19105646014213562,0.1990709751844406,0.18891286849975586,0.12365132570266724,0.21770791709423065,0.045934658497571945,0.05384405702352524,0.19479091465473175,0.08083261549472809,0.5025676488876343,0.1334896981716156,0.0628969669342041,0.03555600345134735,0.11252103000879288,0.09502863883972168,0.1660226732492447,0.07875437289476395,0.11207879334688187,0.1743449717760086,0.21216143667697906,0.046878062188625336,0.2115357667207718,0.1144387498497963,0.04950888082385063,0.11291610449552536
AG333,0.4,0.0,0.266666667,0.066666667,0.6,0.033333333,0.066666667,0.0,0.033333333,0.033333333,0.0,0.0,0.0,0.933333333,0.533333333,0.433333333,0.0,0.366666667,0.0,0.566666667,0.966666667,0.133333333,0.933333333,0.0,0.166666667,0.0,0.333333333,0.0,0.066666667,0.0,0.033333333,0.033333333,0.0,0.066666667,0.0,0.266666667,0.3,0.0,0.0,0.033333333,0.0,0.133333333,0.0,0.0,0.1,0.1,0.0,0.4,0.0,0.033333333,0.066666667,0.31972938776016235,0.08996676653623581,0.33583077788352966,0.18555228412151337,0.3109576404094696,0.1098414957523346,0.18534688651561737,0.2140047699213028,0.38599345088005066,0.03385123610496521,0.05729834362864494,0.15729674696922302,0.03323069214820862,0.9810149669647217,0.572553277015686,0.3976457118988037,0.18591058254241943,0.22307278215885162,0.15279440581798553,0.38489019870758057,0.5965505242347717,0.06119590997695923,0.5730115175247192,0.13647428154945374,0.11432410031557083,0.09929581731557846,0.38792669773101807,0.1298116147518158,0.08989641070365906,0.2145894467830658,0.1770237237215042,0.09777014702558517,0.029338588938117027,0.32616275548934937,0.10353359580039978,0.4539743959903717,0.17965279519557953,0.04417699575424194,0.03623552992939949,0.14017565548419952,0.11047642678022385,0.2093474566936493,0.09451749175786972,0.4085697531700134,0.2624422609806061,0.31653738021850586,0.16888490319252014,0.5803752541542053,0.14027991890907288,0.05735134705901146,0.1021861732006073
AG869,0.5,0.0,0.333333333,0.1,0.3,0.1,0.066666667,0.033333333,0.566666667,0.0,0.0,0.233333333,0.0,0.566666667,0.433333333,0.1,0.0,0.3,0.033333333,0.833333333,1.133333333,0.5,1.166666667,0.1,0.0,0.2,0.0,0.2,0.0,0.033333333,0.3,0.066666667,0.133333333,0.066666667,0.0,0.666666667,0.3,0.0,0.0,0.066666667,0.066666667,0.066666667,0.1,0.066666667,0.3,0.033333333,0.0,0.233333333,0.166666667,0.0,0.0,0.19764596223831177,0.03319063410162926,0.23826070129871368,0.14232374727725983,0.24320931732654572,0.1280677765607834,0.18146415054798126,0.1904769092798233,0.25024673342704773,0.015879511833190918,0.02205161564052105,0.13317087292671204,0.026737796142697334,0.6774979829788208,0.34954705834388733,0.2802619934082031,0.227910116314888,0.29030507802963257,0.3413998782634735,0.5049554705619812,0.7002373933792114,0.1329374760389328,0.7270305752754211,0.08618326485157013,0.08833038806915283,0.12684142589569092,0.15324965119361877,0.11659619957208633,0.1336144506931305,0.1233128234744072,0.1851671189069748,0.20803961157798767,0.10008517652750015,0.27987462282180786,0.09126701951026917,0.502600371837616,0.18681304156780243,0.045259445905685425,0.03528999537229538,0.13610206544399261,0.2433984875679016,0.18596526980400085,0.06589262932538986,0.2449006289243698,0.14919428527355194,0.21165139973163605,0.05749282240867615,0.3220434784889221,0.3004664480686188,0.05517110228538513,0.09421669691801071
AG945,0.6,0.266666667,0.366666667,0.0,0.166666667,0.1,0.766666667,0.133333333,0.6,0.0,0.466666667,0.0,0.433333333,0.5,0.1,0.0,0.066666667,0.0,0.0,0.266666667,0.0,0.066666667,0.0,0.033333333,0.0,0.0,0.1,0.0,0.0,0.066666667,0.066666667,0.5,1.233333333,0.0,0.133333333,0.8,0.9,0.2,0.133333333,0.333333333,0.133333333,0.0,0.1,0.0,0.066666667,0.833333333,0.0,0.266666667,0.0,0.1,0.3,0.4567241072654724,0.10896497219800949,0.4552151560783386,0.44943201541900635,0.19587980210781097,0.20890198647975922,0.4731203317642212,0.1990433931350708,0.5686125755310059,0.10092392563819885,0.26358938217163086,0.24989357590675354,0.21439284086227417,0.7309575080871582,0.14371417462825775,0.19260337948799133,0.09085895866155624,0.06627306342124939,0.0317341648042202,0.09199947863817215,0.12338608503341675,0.020714234560728073,0.0974554568529129,0.14610843360424042,0.0027231373824179173,0.10193723440170288,0.08430342376232147,0.05833972617983818,0.17184633016586304,0.19162654876708984,0.2368515282869339,0.07898201048374176,0.4856449067592621,0.054080888628959656,0.08026280999183655,0.18381942808628082,0.09584537893533707,0.04369765520095825,0.02592054381966591,0.10999836772680283,0.09461068361997604,0.123912014067173,0.027393927797675133,0.10509197413921356,0.5631166100502014,0.18735666573047638,0.2083968222141266,0.1478414535522461,0.14518602192401886,0.07332482933998108,0.1405109316110611
AH199,0.8,2.733333333,0.366666667,0.066666667,0.466666667,0.1,0.266666667,0.3,0.4,0.133333333,0.1,0.0,0.0,0.633333333,0.0,0.0,0.0,0.0,0.0,0.1,0.366666667,0.0,0.233333333,0.0,0.0,0.4,0.1,0.033333333,0.533333333,0.233333333,0.1,0.066666667,0.0,0.2,0.133333333,0.566666667,0.0,0.0,0.0,0.0,0.1,0.166666667,0.066666667,0.0,0.133333333,0.1,0.0,0.0,0.066666667,0.166666667,0.1,0.8597514629364014,2.742222547531128,0.5102634429931641,0.17131853103637695,0.22206780314445496,0.10140668600797653,0.39395907521247864,0.18074218928813934,0.6210983395576477,0.4635591208934784,0.27179768681526184,0.18822386860847473,0.11376242339611053,0.7774182558059692,0.13830971717834473,0.15943998098373413,0.17296966910362244,0.07302617281675339,0.025397343561053276,0.07587273418903351,0.09981317818164825,0.023870011791586876,0.09809648990631104,0.07166308909654617,0.011991901323199272,0.473235160112381,0.09006091952323914,0.07179097086191177,0.3022260367870331,0.17459870874881744,0.20701129734516144,0.06545796245336533,0.05415412038564682,0.09878946095705032,0.10215772688388824,0.2843874394893646,0.10430251806974411,0.040678031742572784,0.28287220001220703,0.48553261160850525,0.14714202284812927,0.07559391856193542,0.07851507514715195,0.04496132209897041,0.23167355358600616,0.295787513256073,0.09452235698699951,0.05586967617273331,0.07429768890142441,0.25285249948501587,0.1596132069826126
AH541,0.166666667,0.2,0.266666667,0.0,0.0,0.0,0.6,0.166666667,1.7,0.1,1.366666667,1.366666667,0.266666667,1.066666667,0.0,0.3,0.0,0.0,0.0,0.066666667,0.1,0.0,0.066666667,0.066666667,0.1,0.1,0.2,0.233333333,0.666666667,0.2,0.566666667,0.033333333,0.0,0.0,0.1,0.266666667,0.1,0.0,0.033333333,0.033333333,0.0,0.0,0.0,0.2,0.033333333,0.133333333,0.0,0.166666667,0.066666667,0.066666667,0.1,0.33990994095802307,0.9202598929405212,0.3106750547885895,0.19279997050762177,0.21580147743225098,0.12032991647720337,0.4909170866012573,0.20300139486789703,1.2409353256225586,0.25870755314826965,0.7944128513336182,0.5663532018661499,0.2221851795911789,1.0302951335906982,0.1901591569185257,0.28739216923713684,0.1393376737833023,0.06260810792446136,0.02235904335975647,0.09960375726222992,0.12557682394981384,0.027185088023543358,0.09890174120664597,0.10941498726606369,0.04573725163936615,0.1425282508134842,0.20486445724964142,0.14682389795780182,0.4663681983947754,0.32353001832962036,0.47726255655288696,0.1071472018957138,0.0744464173913002,0.09358502924442291,0.0815959945321083,0.3763267695903778,0.11517240107059479,0.045332007110118866,0.09248723089694977,0.18286995589733124,0.04830140620470047,0.1102539673447609,0.0463004931807518,0.1557721048593521,0.1341829001903534,0.1736558973789215,0.12944896519184113,0.24761837720870972,0.09138267487287521,0.1191253513097763,0.0766422376036644
AH771,0.133333333,0.166666667,0.4,0.066666667,0.2,0.0,0.766666667,0.3,1.533333333,0.133333333,1.8,0.6,0.233333333,1.0,0.0,0.3,0.0,0.0,0.0,0.033333333,0.1,0.0,0.0,0.0,0.0,0.133333333,0.066666667,0.0,0.533333333,0.066666667,0.5,0.066666667,0.033333333,0.1,0.0,0.166666667,0.0,0.0,0.0,0.066666667,0.066666667,0.0,0.033333333,0.2,0.033333333,0.133333333,0.0,0.066666667,0.0,0.033333333,0.0,0.37405580282211304,0.1230243518948555,0.39288094639778137,0.07407733798027039,0.2518503963947296,0.13512271642684937,0.4623486399650574,0.22219012677669525,0.5443833470344543,0.31609877943992615,0.2900659143924713,0.22325490415096283,0.140962615609169,0.826163113117218,0.1834540069103241,0.21629291772842407,0.17443235218524933,0.07972750067710876,0.021996082738041878,0.11263786256313324,0.1492946892976761,0.0392422191798687,0.12375045567750931,0.1133195087313652,0.019933879375457764,0.1034305989742279,0.15626473724842072,0.1728297472000122,0.3524962365627289,0.2687493562698364,0.3201327919960022,0.07255116105079651,0.003841795027256012,0.10608800500631332,0.08043061196804047,0.4274701476097107,0.10411760210990906,0.038416896015405655,0.057125288993120193,0.11820027977228165,0.07596148550510406,0.1150541752576828,0.04957756772637367,0.13521240651607513,0.13539116084575653,0.25122126936912537,0.1772828996181488,0.4361908435821533,0.1270367056131363,0.14855894446372986,0.11167798191308975
AH866,0.3,0.0,0.333333333,0.166666667,0.3,0.2,0.0,0.1,0.333333333,0.0,0.066666667,0.066666667,0.066666667,0.766666667,0.3,0.466666667,0.133333333,0.0,0.0,0.133333333,0.4,0.0,0.233333333,0.0,0.233333333,0.1,0.766666667,0.166666667,0.466666667,0.3,0.0,0.066666667,0.0,0.0,0.233333333,0.4,0.233333333,0.0,0.0,0.0,0.0,0.066666667,0.0,0.0,0.0,0.0,0.0,0.1,0.033333333,0.0,0.066666667,0.4685395061969757,0.09490754455327988,0.47090497612953186,0.1130804494023323,0.260988712310791,0.08453643321990967,0.26696524024009705,0.21585962176322937,0.4910827875137329,0.13122333586215973,0.11653865873813629,0.21663333475589752,0.08526594191789627,0.6761123538017273,0.22749757766723633,0.2636186182498932,0.18903960287570953,0.08545761555433273,0.04163495451211929,0.08851358294487,0.10911943763494492,0.04687255993485451,0.14241331815719604,0.07142595946788788,0.020487826317548752,0.12145793437957764,0.2041856050491333,0.24819466471672058,0.38686686754226685,0.24428023397922516,0.2177574336528778,0.12204570323228836,0.009946695528924465,0.1423453986644745,0.08057111501693726,0.4919212758541107,0.14409193396568298,0.041215598583221436,0.0433204211294651,0.12065604329109192,0.08364399522542953,0.15498800575733185,0.062042806297540665,0.14060474932193756,0.15045447647571564,0.25635868310928345,0.11624976247549057,0.5488253235816956,0.12623651325702667,0.09351997077465057,0.15302003920078278
AH997,0.333333333,0.066666667,0.366666667,0.0,0.4,0.0,0.066666667,0.033333333,0.133333333,0.033333333,0.0,0.0,0.0,0.166666667,0.066666667,0.166666667,0.066666667,0.0,0.0,0.533333333,0.7,0.3,0.566666667,0.766666667,0.0,0.1,0.3,0.3,1.733333333,0.6,0.333333333,1.066666667,0.6,0.3,0.166666667,0.4,0.1,0.366666667,0.1,1.366666667,0.033333333,0.033333333,0.266666667,0.0,0.0,0.0,0.0,0.0,0.1,0.0,0.0,0.28038913011550903,0.07170770317316055,0.20397263765335083,0.02404768578708172,0.06371796876192093,0.05260208621621132,0.10895635187625885,0.14226974546909332,0.22593025863170624,0.23570118844509125,0.057244542986154556,0.1423710286617279,0.06029781699180603,0.34698402881622314,0.12694263458251953,0.14878369867801666,0.11919403821229935,0.14450106024742126,0.18957388401031494,0.23414897918701172,0.14649641513824463,0.3580925166606903,0.26089799404144287,0.7307478785514832,0.08353102207183838,0.30694910883903503,0.6766607165336609,0.2690766453742981,1.2651652097702026,0.5296655893325806,0.39438867568969727,0.5204929113388062,0.7283077239990234,0.29990115761756897,0.16386348009109497,0.5614240765571594,0.11661817133426666,0.4848691523075104,0.17979922890663147,0.8104458451271057,0.14216265082359314,0.10170257091522217,0.1158442273736,0.0633411630988121,0.038096725940704346,0.2033618688583374,0.03581385314464569,0.044999368488788605,0.048417456448078156,0.053070154041051865,0.07652430981397629
AI098,0.206896552,0.0,0.275862069,0.0,0.068965517,0.068965517,0.24137931,0.172413793,1.344827586,0.068965517,0.137931034,0.620689655,0.103448276,0.827586207,0.103448276,0.172413793,0.206896552,0.103448276,0.137931034,0.0,0.24137931,0.0,0.275862069,0.0,0.034482759,0.0,0.344827586,0.275862069,0.827586207,0.344827586,0.206896552,0.068965517,0.0,0.413793103,0.137931034,0.344827586,0.0,0.0,0.068965517,0.068965517,0.172413793,0.068965517,0.206896552,0.103448276,0.0,0.137931034,0.068965517,0.034482759,0.0,0.068965517,0.172413793,0.2531636655330658,0.0428466722369194,0.2424696683883667,0.210733100771904,0.23643364012241364,0.0668724775314331,0.2927502989768982,0.2475898563861847,0.5936950445175171,0.037564717233181,0.15375028550624847,0.14965702593326569,0.050906602293252945,1.1828067302703857,0.3086179494857788,0.35759541392326355,0.24063244462013245,0.12703150510787964,0.16646899282932281,0.29184475541114807,0.6289938688278198,0.08600347489118576,0.5108389258384705,0.10570687055587769,0.04780007153749466,0.08838110417127609,0.23831138014793396,0.334440678358078,0.21688401699066162,0.15988610684871674,0.2862315773963928,0.08720815926790237,0.037514761090278625,0.14219927787780762,0.08700188994407654,0.37910258769989014,0.12536892294883728,0.04197663068771362,0.03929150477051735,0.08658840507268906,0.1788567751646042,0.14949433505535126,0.07460253685712814,0.17894615232944489,0.159014031291008,0.1975676566362381,0.06289711594581604,0.3181646764278412,0.1927536278963089,0.06537433713674545,0.12147895246744156
AI205,0.413793103,0.206896552,0.517241379,0.0,0.75862069,0.448275862,0.517241379,0.275862069,0.413793103,0.24137931,0.137931034,0.0,0.0,0.482758621,0.103448276,0.103448276,0.034482759,0.137931034,0.24137931,0.0,0.344827586,0.0,0.034482759,0.0,0.137931034,0.24137931,0.0,0.0,0.0,0.103448276,0.275862069,0.0,0.0,0.413793103,0.344827586,0.689655172,0.275862069,0.103448276,0.103448276,0.310344828,0.448275862,0.137931034,0.103448276,0.137931034,0.24137931,0.103448276,0.068965517,0.103448276,0.379310345,0.517241379,0.103448276,0.5139821767807007,0.5393443703651428,0.4619775116443634,0.2233111411333084,0.30667844414711,0.1989145129919052,0.4836246371269226,0.2032116949558258,0.539266049861908,0.18979571759700775,0.20985761284828186,0.19736038148403168,0.12879744172096252,0.8309810757637024,0.17143847048282623,0.12103909254074097,0.2017257660627365,0.09231726825237274,0.05557661131024361,0.13749650120735168,0.15509049594402313,0.08603581041097641,0.13660591840744019,0.10894323140382767,0.030277958139777184,0.13467007875442505,0.024003615602850914,0.043247323483228683,0.1079937070608139,0.2244817316532135,0.2510244846343994,0.06379418820142746,0.05423275753855705,0.13719668984413147,0.0810985192656517,0.5570407509803772,0.18131136894226074,0.04106011614203453,0.026517005637288094,0.10779540240764618,0.20931775867938995,0.15537437796592712,0.07862597703933716,0.196396142244339,0.2292151302099228,0.2534753382205963,0.16645187139511108,0.36148110032081604,0.2303576022386551,0.2584352493286133,0.0857444480061531
AJ018,0.5,0.0,0.466666667,0.0,0.4,0.066666667,0.433333333,0.1,0.1,0.0,0.0,0.0,0.0,0.5,0.133333333,0.033333333,0.166666667,0.066666667,0.2,0.0,0.0,0.0,0.0,0.3,0.0,1.1,0.0,0.1,0.2,0.433333333,0.0,0.033333333,0.1,0.4,0.2,1.266666667,0.033333333,0.066666667,0.0,0.133333333,0.533333333,0.233333333,0.0,0.1,0.033333333,0.133333333,0.0,0.033333333,0.333333333,0.0,0.233333333,0.4493211805820465,0.07159784436225891,0.45956194400787354,0.21941247582435608,0.2359904944896698,0.16609548032283783,0.4848824739456177,0.17621149122714996,0.5843642354011536,0.24557919800281525,0.13702189922332764,0.1976892054080963,0.08744695037603378,0.7641339302062988,0.2810855507850647,0.196653351187706,0.24883094429969788,0.08384536951780319,0.0855056643486023,0.47880664467811584,0.3730246424674988,0.06502274423837662,0.30041763186454773,0.1320708841085434,0.04653264582157135,0.34879493713378906,0.0509762279689312,0.11501596868038177,0.26772335171699524,0.27768006920814514,0.19144487380981445,0.07905859500169754,0.06647119671106339,0.23629525303840637,0.08550107479095459,0.7200323939323425,0.19721722602844238,0.27621904015541077,0.057256415486335754,0.2801721394062042,0.20079222321510315,0.1562526524066925,0.17686426639556885,0.24985180795192719,0.229059100151062,0.3554912805557251,0.09663505852222443,0.18337003886699677,0.28607651591300964,0.22655978798866272,0.1852748990058899
AJ108,0.310344828,0.0,0.344827586,0.0,0.103448276,0.0,0.517241379,0.310344828,2.24137931,0.103448276,0.551724138,1.103448276,0.206896552,1.517241379,0.310344828,0.379310345,0.482758621,0.0,0.103448276,0.0,0.068965517,0.0,0.068965517,0.0,0.0,0.103448276,0.0,0.0,0.0,0.275862069,0.482758621,0.0,0.0,0.068965517,0.0,0.275862069,0.034482759,0.0,0.0,0.068965517,0.172413793,0.103448276,0.0,0.275862069,0.310344828,0.068965517,0.068965517,0.344827586,0.103448276,0.034482759,0.103448276,0.8266009092330933,0.15464286506175995,0.5265162587165833,0.27252867817878723,0.44813522696495056,0.13245537877082825,0.3623828887939453,0.1955002397298813,0.7100231051445007,0.07315191626548767,0.15183125436306,0.20927879214286804,0.021235069260001183,1.0340135097503662,0.23049165308475494,0.22911345958709717,0.309814453125,0.0865103080868721,0.06484328955411911,0.4411182999610901,0.4931376874446869,0.07319288700819016,0.39050430059432983,0.09874322265386581,0.017397699877619743,0.1529390662908554,0.040834326297044754,0.0552230142056942,0.07403919100761414,0.23520800471305847,0.22106242179870605,0.06497710943222046,0.16457626223564148,0.2793927788734436,0.09227783977985382,0.54020756483078,0.11796163767576218,0.040956154465675354,0.027749426662921906,0.14212213456630707,0.0831906795501709,0.15261846780776978,0.08683981001377106,0.10359075665473938,0.2086605727672577,0.26657235622406006,0.08925382047891617,0.23905831575393677,0.2196565568447113,0.161001056432724,0.11498578637838364
AJ544,0.827586207,0.689655172,0.482758621,0.0,0.172413793,0.103448276,0.344827586,0.0,0.413793103,0.896551724,0.24137931,0.0,0.0,0.965517241,0.310344828,0.206896552,0.103448276,0.068965517,0.0,0.137931034,0.137931034,0.0,0.137931034,0.206896552,0.0,0.275862069,0.0,0.0,0.0,0.413793103,0.034482759,0.0,0.0,0.413793103,0.0,0.689655172,0.034482759,0.137931034,0.103448276,0.0,0.103448276,0.068965517,0.0,0.068965517,0.172413793,0.068965517,0.172413793,0.068965517,0.137931034,0.551724138,0.103448276,0.4605400860309601,0.06952687352895737,0.3172995448112488,0.11858232319355011,0.44919779896736145,0.08892223238945007,0.38386139273643494,0.28836503624916077,0.829751193523407,0.3644755184650421,0.14769341051578522,0.17677922546863556,0.01223023235797882,1.2159664630889893,0.38632097840309143,0.3482663631439209,0.3539488911628723,0.3588445782661438,0.2407076209783554,0.2440115064382553,0.3680461049079895,0.1579916775226593,0.29343390464782715,0.11226470023393631,0.0448269285261631,0.17987510561943054,0.1894541233778,0.11279807984828949,0.2792738080024719,0.546727180480957,0.3522607982158661,0.13682295382022858,0.3906128704547882,0.18814128637313843,0.07570833712816238,0.6414905786514282,0.1116335541009903,0.05599869042634964,0.045598845928907394,0.18230482935905457,0.20739322900772095,0.12814116477966309,0.09862133115530014,0.1756443977355957,0.11905419826507568,0.37107470631599426,0.08564615994691849,0.21964359283447266,0.12889772653579712,0.1711960881948471,0.1629844605922699
AJ915,0.2,0.0,0.433333333,0.133333333,0.266666667,0.0,0.233333333,0.033333333,0.2,0.0,0.0,0.0,0.0,0.266666667,0.3,0.066666667,0.2,0.1,0.0,0.7,0.666666667,0.533333333,0.1,0.166666667,0.0,0.0,0.066666667,0.0,0.8,0.6,0.833333333,0.6,0.266666667,0.266666667,0.2,1.066666667,0.266666667,0.366666667,0.066666667,1.366666667,0.2,0.0,0.3,0.033333333,0.166666667,0.4,0.0,0.133333333,0.233333333,0.066666667,0.1,0.23170210421085358,0.08401013910770416,0.30965158343315125,0.18945196270942688,0.3134644031524658,0.10577505826950073,0.2179749310016632,0.2880556285381317,0.39805635809898376,0.019110901281237602,0.047485124319791794,0.06737308204174042,0.03470731899142265,1.2562203407287598,0.6556203961372375,0.4808157682418823,0.5165287256240845,0.3275310695171356,0.18718455731868744,0.8315585851669312,1.0856614112854004,0.3603905141353607,0.6047535538673401,0.3664053976535797,0.07400491088628769,0.18554073572158813,0.2999771535396576,0.19650311768054962,0.36946162581443787,0.3023519217967987,0.18679898977279663,0.39949169754981995,0.1971392035484314,0.20053431391716003,0.09535950422286987,0.6065971255302429,0.13268214464187622,0.1419849544763565,0.08709569275379181,0.7628677487373352,0.19934290647506714,0.14087511599063873,0.08015034347772598,0.1451350301504135,0.11992485821247101,0.22048279643058777,0.06924594193696976,0.31433001160621643,0.18018433451652527,0.14193201065063477,0.04915211349725723
AJ986,0.0,0.0,0.620689655,0.137931034,0.068965517,0.034482759,0.068965517,0.310344828,0.275862069,0.0,0.0,0.103448276,0.0,1.24137931,0.551724138,0.448275862,0.931034483,1.275862069,0.103448276,0.793103448,0.172413793,1.862068966,0.310344828,0.655172414,0.0,0.172413793,0.0,0.0,0.0,0.275862069,0.172413793,0.0,0.448275862,0.0,0.24137931,0.275862069,0.137931034,0.0,0.0,0.0,0.068965517,0.206896552,0.24137931,0.413793103,0.137931034,0.275862069,0.137931034,0.137931034,0.0,0.206896552,0.103448276,0.2837139070034027,0.04130890965461731,0.3632625639438629,0.17480620741844177,0.38662058115005493,0.1503060758113861,0.1774439662694931,0.29293423891067505,0.4506402611732483,0.08048085123300552,0.05462586507201195,0.06665387004613876,0.002777361311018467,1.1906182765960693,0.35330235958099365,0.4218093752861023,0.4474819600582123,0.2695371210575104,0.14506950974464417,0.8150589466094971,1.0016504526138306,0.45861485600471497,0.666510820388794,0.23971064388751984,0.11293410509824753,0.16719938814640045,0.09678394347429276,0.13726234436035156,0.06531606614589691,0.2239847481250763,0.15069681406021118,0.12169024348258972,0.09794382750988007,0.2567584216594696,0.07564783096313477,0.7063297629356384,0.1255767047405243,0.04693366587162018,0.028997018933296204,0.1321754902601242,0.1686539649963379,0.2590441107749939,0.07229407876729965,0.15016861259937286,0.11914842575788498,0.2840884029865265,0.09334108978509903,0.5230661630630493,0.219307541847229,0.22563017904758453,0.05919380113482475
AK113,0.3,0.0,0.366666667,0.1,0.0,0.233333333,0.166666667,0.133333333,0.666666667,3.066666667,0.2,0.0,0.0,1.833333333,0.766666667,0.666666667,0.133333333,0.0,0.0,0.1,0.5,0.0,0.1,0.0,0.0,0.233333333,0.0,0.366666667,0.333333333,0.2,0.233333333,0.0,0.0,0.0,0.0,0.0,0.266666667,0.0,0.0,0.066666667,0.0,0.0,0.0,0.466666667,0.1,0.6,0.0,0.233333333,0.0,0.0,0.133333333,0.402535080909729,0.05596330389380455,0.40596702694892883,0.1060270443558693,0.2148125320672989,0.19591392576694489,0.42718377709388733,0.2505759596824646,0.9363823533058167,0.8841084837913513,0.2556110620498657,0.183822363615036,0.041481103748083115,1.6175408363342285,0.2555845379829407,0.29190903902053833,0.24887754023075104,0.07673658430576324,0.049342524260282516,0.18788893520832062,0.21881908178329468,0.044475726783275604,0.25441932678222656,0.07469011098146439,0.03655799850821495,0.17852036654949188,0.08448131382465363,0.057700470089912415,0.23987285792827606,0.5358655452728271,0.2763217091560364,0.09143952280282974,0.0010065844980999827,0.18520794808864594,0.07601162791252136,0.8352916836738586,0.21465982496738434,0.04535429924726486,0.05490889772772789,0.14329425990581512,0.17459489405155182,0.15197138488292694,0.2181871235370636,0.30311983823776245,0.14529192447662354,0.45490992069244385,0.12763820588588715,0.22659792006015778,0.24923823773860931,0.12940537929534912,0.1560368835926056
AK697,0.666666667,0.1,0.433333333,0.266666667,0.0,0.366666667,0.633333333,0.1,1.066666667,2.7,0.533333333,0.2,0.133333333,1.8,0.1,0.1,0.133333333,0.0,0.0,0.1,0.0,0.0,0.066666667,0.0,0.0,0.066666667,0.0,0.0,0.0,0.966666667,0.366666667,0.1,0.3,0.0,0.0,0.033333333,0.266666667,0.0,0.0,0.0,0.0,0.0,0.0,0.2,0.166666667,0.8,0.133333333,1.066666667,0.066666667,0.0,0.266666667,0.41998112201690674,0.05336945503950119,0.3398696184158325,0.046142496168613434,0.13408800959587097,0.1571163833141327,0.32633092999458313,0.25952550768852234,1.0942630767822266,0.7874486446380615,0.4107941687107086,0.2347172647714615,0.012525251135230064,1.7521073818206787,0.26987695693969727,0.4180549681186676,0.2625696063041687,0.06405002623796463,0.04573514312505722,0.16519108414649963,0.24181514978408813,0.03743069991469383,0.19015899300575256,0.05782274156808853,0.052681032568216324,0.1605312079191208,0.14113621413707733,0.10244112461805344,0.2377987951040268,0.5571068525314331,0.3466002643108368,0.04548853635787964,0.06731367111206055,0.11089315265417099,0.07817259430885315,0.2832622528076172,0.12243486195802689,0.044009461998939514,0.030142031610012054,0.09604022651910782,0.06799513101577759,0.1435365229845047,0.08174320310354233,0.20593060553073883,0.09295374900102615,0.4094797968864441,0.12064016610383987,0.27923259139060974,0.14625799655914307,0.09734350442886353,0.15246234834194183
AK719,0.333333333,0.0,0.4,0.0,0.4,0.066666667,0.366666667,0.066666667,0.366666667,0.066666667,0.066666667,0.0,0.0,0.733333333,0.166666667,0.1,0.1,0.0,0.0,0.0,0.066666667,0.1,0.0,0.0,0.0,0.1,0.0,0.0,0.0,1.6,0.533333333,0.266666667,0.4,0.066666667,0.0,0.433333333,0.366666667,0.0,0.0,0.0,0.166666667,0.066666667,0.0,0.133333333,0.433333333,1.8,0.133333333,1.533333333,0.1,0.133333333,0.533333333,0.4691108465194702,0.04152820259332657,0.3311915695667267,0.0468323640525341,0.12955302000045776,0.07863940298557281,0.15841397643089294,0.15713216364383698,0.647590160369873,0.04315149411559105,0.07828038930892944,0.1512250155210495,0.018620196729898453,0.6484169363975525,0.22947317361831665,0.1807517111301422,0.15928488969802856,0.07928917557001114,0.06467064470052719,0.22527752816677094,0.14402520656585693,0.32602789998054504,0.23691391944885254,0.3448205292224884,0.05157403647899628,0.12946036458015442,0.18034569919109344,0.08752856403589249,0.47923487424850464,0.6265261769294739,0.36545810103416443,0.579637885093689,0.35546112060546875,0.13861779868602753,0.11069820076227188,0.4696581959724426,0.1710711121559143,0.19129370152950287,0.03785346820950508,1.0762783288955688,0.10179907083511353,0.09565163403749466,0.07173880934715271,0.13491852581501007,0.12616252899169922,0.6075530052185059,0.13681581616401672,0.2893369495868683,0.10328923165798187,0.10550601780414581,0.16494017839431763
AK893,0.666666667,0.0,0.566666667,0.0,0.166666667,0.1,0.133333333,0.0,1.133333333,0.533333333,0.133333333,0.333333333,0.0,0.8,0.333333333,0.233333333,0.066666667,0.0,0.2,0.2,0.066666667,0.666666667,0.133333333,0.133333333,0.0,0.3,0.0,0.0,0.0,0.633333333,0.266666667,0.0,0.3,0.033333333,0.0,0.466666667,0.166666667,0.0,0.0,0.033333333,0.4,0.433333333,0.0,0.1,0.233333333,0.433333333,0.5,0.0,0.666666667,0.766666667,0.266666667,0.36425256729125977,0.22159290313720703,0.2723504900932312,0.05050712823867798,0.157721608877182,0.083697110414505,0.2210398018360138,0.1928466558456421,0.7067323923110962,0.6911791563034058,0.24139629304409027,0.1549323946237564,0.04108024388551712,1.1310697793960571,0.31676018238067627,0.3138331472873688,0.1754719465970993,0.09052553027868271,0.19149602949619293,0.2666803300380707,0.3107941448688507,0.31239885091781616,0.22975857555866241,0.4020124673843384,0.03279370814561844,0.16436010599136353,0.20610611140727997,0.21178847551345825,0.6598693132400513,0.5021682977676392,0.2615727484226227,0.6159678101539612,0.45805731415748596,0.22500284016132355,0.11922116577625275,0.4686095118522644,0.09877139329910278,0.21223418414592743,0.03449336066842079,0.8632217049598694,0.2161497175693512,0.11000367999076843,0.06986398994922638,0.1612839698791504,0.10315398126840591,0.28522467613220215,0.05966934189200401,0.14945948123931885,0.3077859878540039,0.27735546231269836,0.23327410221099854
AL174,0.933333333,0.0,1.2,0.1,0.7,0.1,0.033333333,0.1,0.233333333,0.0,0.0,0.2,0.0,0.9,0.366666667,0.733333333,0.466666667,0.2,0.066666667,0.666666667,0.6,0.333333333,0.466666667,0.0,0.0,0.233333333,0.0,0.0,0.0,0.366666667,0.1,0.1,0.033333333,0.0,0.0,0.6,0.0,0.1,0.033333333,0.0,0.233333333,0.066666667,0.033333333,0.133333333,0.033333333,0.433333333,0.266666667,0.566666667,0.166666667,0.533333333,0.1,0.7754734754562378,0.17436327040195465,0.5095593333244324,0.0495075061917305,0.45184433460235596,0.11410841345787048,0.3415352702140808,0.21316613256931305,0.5559580326080322,0.07567252218723297,0.10806684195995331,0.17152972519397736,0.006713031325489283,0.9010012149810791,0.2313794195652008,0.22559651732444763,0.2334931194782257,0.08427975326776505,0.06371224671602249,0.3835870325565338,0.5523107647895813,0.05482623353600502,0.4401044547557831,0.0774533599615097,0.03555067256093025,0.16349531710147858,0.04462459683418274,0.052013978362083435,0.07830987125635147,0.4203072488307953,0.22472092509269714,0.045212626457214355,0.04803428053855896,0.2586997151374817,0.08043459802865982,0.6381345391273499,0.2679966986179352,0.11600077897310257,0.02457515150308609,0.11425671726465225,0.1743636280298233,0.16501103341579437,0.07799918204545975,0.10082024335861206,0.12920038402080536,0.37964463233947754,0.1170719638466835,0.1974128782749176,0.14770343899726868,0.12978686392307281,0.16070984303951263
AL409,0.233333333,0.066666667,0.466666667,0.0,0.6,0.0,0.566666667,0.1,0.9,0.3,0.133333333,0.166666667,0.0,1.266666667,0.3,0.433333333,0.233333333,0.0,0.0,0.266666667,0.5,0.066666667,0.266666667,0.3,0.0,0.233333333,0.266666667,0.5,0.233333333,0.233333333,0.166666667,0.033333333,0.0,0.133333333,0.0,0.866666667,0.9,0.566666667,0.166666667,0.0,0.033333333,0.0,0.366666667,0.366666667,0.1,0.833333333,0.233333333,0.333333333,0.133333333,0.1,0.133333333,0.8872713446617126,0.1149129793047905,0.6182824373245239,0.07549630105495453,0.6133897304534912,0.18927142024040222,0.43090352416038513,0.18400995433330536,0.5320374965667725,0.1524742990732193,0.14240522682666779,0.12139163166284561,0.0373743511736393,0.760585367679596,0.26921993494033813,0.23537874221801758,0.20532450079917908,0.08240760862827301,0.06868355721235275,0.5554000735282898,0.7567827105522156,0.11785963177680969,0.4168831706047058,0.11204180121421814,0.042046114802360535,0.2257426232099533,0.050633493810892105,0.06732868403196335,0.13127991557121277,0.4378586411476135,0.21604830026626587,0.11511746793985367,0.0627390667796135,0.36192402243614197,0.08564209192991257,0.9252090454101562,0.39400073885917664,0.1917860358953476,0.0820041373372078,0.2722911834716797,0.15067504346370697,0.09725597500801086,0.14918871223926544,0.07320478558540344,0.10798344761133194,0.2717045545578003,0.1445976346731186,0.09109722077846527,0.10625093430280685,0.17918021976947784,0.11256403475999832
AL581,1.633333333,0.166666667,0.7,0.233333333,0.8,0.2,0.333333333,0.233333333,0.2,0.1,0.033333333,0.0,0.0,0.466666667,0.0,0.233333333,0.4,0.066666667,0.066666667,0.633333333,2.0,0.0,0.933333333,0.0,0.0,0.4,0.0,0.066666667,0.133333333,0.266666667,0.2,0.066666667,0.033333333,0.266666667,0.1,0.7,0.033333333,0.0,0.0,0.033333333,0.233333333,0.033333333,0.0,0.166666667,0.0,0.2,0.0,0.133333333,0.233333333,0.0,0.266666667,0.7365354895591736,0.10864511877298355,0.5761464834213257,0.1098274365067482,0.5997963547706604,0.21822728216648102,0.44322413206100464,0.20288389921188354,0.48576951026916504,0.2405354380607605,0.11143024265766144,0.12580540776252747,0.03012278489768505,0.6694990992546082,0.22776852548122406,0.1993657499551773,0.2002069056034088,0.0868007242679596,0.09771009534597397,0.7226622104644775,1.0686618089675903,0.14945688843727112,0.5567347407341003,0.14507214725017548,0.06647268682718277,0.24291369318962097,0.05456668138504028,0.08828609436750412,0.10600876808166504,0.30993935465812683,0.21556788682937622,0.09083720296621323,0.1440998613834381,0.3977956771850586,0.08916603773832321,0.776888906955719,0.4211046099662781,0.15184776484966278,0.03097418136894703,0.15300783514976501,0.20104120671749115,0.17039766907691956,0.12160224467515945,0.08872479200363159,0.10124166309833527,0.3620133697986603,0.22796913981437683,0.44940704107284546,0.19887898862361908,0.23544670641422272,0.1469355672597885
AL613,0.9,0.166666667,1.1,0.266666667,0.6,0.266666667,0.366666667,0.1,0.133333333,0.0,0.0,0.0,0.0,0.4,0.166666667,0.033333333,0.266666667,0.033333333,0.133333333,0.2,0.933333333,0.0,0.666666667,0.0,0.0,0.833333333,0.133333333,0.0,0.6,0.733333333,0.5,0.033333333,0.0,0.133333333,0.133333333,1.6,0.033333333,0.1,0.0,0.033333333,0.366666667,0.066666667,0.366666667,0.133333333,0.066666667,0.266666667,0.4,0.166666667,0.1,0.0,0.266666667,0.550901472568512,0.18790610134601593,0.8083384037017822,0.1726076900959015,0.6708221435546875,0.24079538881778717,0.3591724932193756,0.13995890319347382,0.43766435980796814,0.25304004549980164,0.13080820441246033,0.1194738894701004,0.01715843938291073,0.550483226776123,0.1683247983455658,0.17270024120807648,0.17274659872055054,0.07992221415042877,0.17616042494773865,0.35049083828926086,0.8269199728965759,0.11100897192955017,0.40307536721229553,0.2426777333021164,0.03911940008401871,0.3627181053161621,0.09709383547306061,0.09263760596513748,0.2035149335861206,0.4277990162372589,0.27312442660331726,0.39363083243370056,0.4186733067035675,0.3879304826259613,0.10313963145017624,0.8532699346542358,0.1582721471786499,0.11259134858846664,0.06871969997882843,0.40985679626464844,0.25563377141952515,0.09805186837911606,0.14707984030246735,0.06315029412508011,0.15876829624176025,0.27217936515808105,0.12810476124286652,0.0833817645907402,0.2509786784648895,0.18511730432510376,0.16086705029010773
AL694,0.266666667,0.133333333,0.533333333,0.266666667,0.3,0.433333333,1.066666667,0.066666667,1.566666667,0.8,0.933333333,0.533333333,0.166666667,1.6,0.133333333,0.5,0.233333333,0.133333333,0.0,0.033333333,0.033333333,0.0,0.233333333,0.066666667,0.0,0.4,0.0,0.0,0.233333333,0.1,0.366666667,0.0,0.0,0.266666667,0.0,0.5,0.333333333,0.0,0.0,0.0,0.066666667,0.133333333,0.0,0.0,0.0,0.233333333,0.133333333,0.266666667,0.266666667,0.133333333,0.0,0.6704666018486023,0.1512809693813324,0.4801784157752991,0.071304090321064,0.49814993143081665,0.17828059196472168,0.4156185984611511,0.21741272509098053,0.7001152634620667,0.15314286947250366,0.18853022158145905,0.15438641607761383,0.0333227775990963,1.0859302282333374,0.30428338050842285,0.24137617647647858,0.1890941858291626,0.07482833415269852,0.0677257776260376,0.25882601737976074,0.32670125365257263,0.0945119634270668,0.24631154537200928,0.09906449913978577,0.032191310077905655,0.22475436329841614,0.04073716700077057,0.06466198712587357,0.11686243116855621,0.44788214564323425,0.2561289072036743,0.027871761471033096,0.10372411459684372,0.2425002157688141,0.0784720629453659,0.786751925945282,0.2695264518260956,0.06853034347295761,0.02786029316484928,0.11775553226470947,0.11810927093029022,0.11500506103038788,0.21381084620952606,0.0968339815735817,0.10796409100294113,0.36271730065345764,0.14497897028923035,0.13239037990570068,0.13826580345630646,0.13821910321712494,0.14654415845870972
AL705,0.566666667,0.0,0.3,0.0,0.733333333,0.133333333,0.133333333,0.066666667,0.133333333,0.0,0.0,0.0,0.0,0.333333333,0.166666667,0.1,0.2,0.266666667,0.2,1.066666667,1.633333333,0.0,1.4,0.0,0.0,0.2,0.0,0.0,0.0,0.0,0.0,0.033333333,0.033333333,0.633333333,0.066666667,0.966666667,0.0,0.0,0.0,0.0,0.3,0.0,0.0,0.033333333,0.1,0.1,0.366666667,0.066666667,0.366666667,0.4,0.233333333,0.778855562210083,0.03423670306801796,0.42539316415786743,0.06252457201480865,0.6899500489234924,0.16889679431915283,0.35091686248779297,0.19638396799564362,0.48759925365448,0.11684693396091461,0.09810550510883331,0.09099915623664856,-0.0006126987864263356,0.6901394724845886,0.2625735402107239,0.21297454833984375,0.1904480755329132,0.09196078777313232,0.09742346405982971,0.8007546067237854,1.0236505270004272,0.08573877066373825,0.5070822238922119,0.12312977015972137,0.021084794774651527,0.2317303568124771,0.04208669438958168,0.06526154279708862,0.09005267918109894,0.31065210700035095,0.2025820016860962,0.05647069215774536,0.038830097764730453,0.37155160307884216,0.09998349100351334,1.1150095462799072,0.38280683755874634,0.1346057504415512,0.04173324257135391,0.199306920170784,0.3926897644996643,0.16147716343402863,0.16746261715888977,0.11511683464050293,0.10712108016014099,0.3776080906391144,0.15343216061592102,0.18208150565624237,0.2909613847732544,0.28602373600006104,0.19501888751983643
AL933,0.4,0.0,0.566666667,0.133333333,0.233333333,0.133333333,0.933333333,0.1,1.1,1.233333333,0.066666667,0.3,0.0,1.0,0.266666667,0.233333333,0.0,0.0,0.0,0.066666667,0.166666667,0.0,0.2,0.133333333,0.0,0.333333333,0.066666667,0.0,0.2,0.566666667,0.433333333,0.0,0.0,0.333333333,0.166666667,0.733333333,0.533333333,0.0,0.2,0.133333333,0.066666667,0.2,0.133333333,0.266666667,0.133333333,0.3,0.233333333,0.266666667,0.3,0.266666667,0.066666667,0.6604763269424438,0.15104202926158905,0.4771398901939392,0.4165225327014923,0.31529757380485535,0.20076879858970642,0.40018022060394287,0.2661088705062866,0.968391478061676,0.31192487478256226,0.3519950807094574,0.2610546946525574,0.028152527287602425,1.4481862783432007,0.2220277488231659,0.27805817127227783,0.21520709991455078,0.07110022008419037,0.03891816362738609,0.18607433140277863,0.21256688237190247,0.03516929969191551,0.16287657618522644,0.0923524722456932,0.061708156019449234,0.23050865530967712,0.055623557418584824,0.056325413286685944,0.23325765132904053,0.5000867247581482,0.26463794708251953,0.033262062817811966,0.07445800304412842,0.15625692903995514,0.07761737704277039,0.6391885876655579,0.14967575669288635,0.038510601967573166,0.037579018622636795,0.12007443606853485,0.15411442518234253,0.12851424515247345,0.17535100877285004,0.14758266508579254,0.20792482793331146,0.4346201419830322,0.1608572006225586,0.16902853548526764,0.16943080723285675,0.1762012541294098,0.14984369277954102
AM064,0.4,0.0,0.366666667,0.233333333,0.3,0.1,1.133333333,0.4,1.933333333,0.433333333,0.333333333,0.4,0.2,1.666666667,0.266666667,0.433333333,0.066666667,0.233333333,0.0,0.0,0.066666667,0.033333333,0.133333333,0.0,0.0,0.066666667,0.166666667,0.0,0.1,0.1,0.033333333,0.0,0.033333333,0.066666667,0.0,0.533333333,0.4,0.0,0.0,0.0,0.2,0.133333333,0.133333333,0.033333333,0.133333333,0.166666667,0.066666667,0.733333333,0.7,0.166666667,0.0,0.5269300937652588,0.04659390076994896,0.4313689172267914,0.15681253373622894,0.3470524251461029,0.23607686161994934,0.48701611161231995,0.19864042103290558,1.2381521463394165,0.21262326836585999,0.3910205364227295,0.7087002992630005,0.15847736597061157,1.1398593187332153,0.23406124114990234,0.2218269556760788,0.1749698668718338,0.062710240483284,0.032417383044958115,0.13940118253231049,0.16420921683311462,0.023850783705711365,0.14509235322475433,0.12067491561174393,0.008875945582985878,0.2651325464248657,0.1692015379667282,0.1351153701543808,0.34130120277404785,0.23810160160064697,0.24894702434539795,0.062120482325553894,0.16631270945072174,0.11713176220655441,0.07950220257043839,0.41124972701072693,0.1756826937198639,0.045383572578430176,0.05856722220778465,0.11012453585863113,0.148589625954628,0.21940851211547852,0.08893104642629623,0.2894575595855713,0.24378396570682526,0.5106814503669739,0.21852341294288635,0.9716424942016602,0.2152279168367386,0.19329987466335297,0.18188391625881195
AM516,0.266666667,0.066666667,0.633333333,0.4,1.033333333,0.2,1.033333333,0.166666667,1.433333333,0.033333333,0.966666667,0.666666667,0.366666667,1.5,0.2,0.266666667,0.233333333,0.133333333,0.0,0.0,0.0,0.0,0.066666667,0.133333333,0.1,0.233333333,0.0,0.0,0.0,0.2,0.133333333,0.0,0.0,0.2,0.1,0.566666667,0.0,0.0,0.0,0.0,0.0,0.0,0.0,0.066666667,0.2,0.166666667,0.0,0.0,0.166666667,0.066666667,0.133333333,0.609947681427002,0.09940886497497559,0.8582331538200378,0.2286737859249115,0.7232174277305603,0.403886616230011,0.47955837845802307,0.3144860863685608,0.9032506942749023,0.25721684098243713,0.28349193930625916,0.23424872756004333,0.10913600772619247,1.3393592834472656,0.19001822173595428,0.24914968013763428,0.23460102081298828,0.07752140611410141,0.08041976392269135,0.1902613788843155,0.17295561730861664,0.12341063469648361,0.09806829690933228,0.118268683552742,0.013931159861385822,0.24842824041843414,0.04946092143654823,0.045723024755716324,0.1388465166091919,0.3293282091617584,0.33425551652908325,0.07482682913541794,0.32701241970062256,0.13157205283641815,0.07956395298242569,0.4936051368713379,0.11180920898914337,0.039457522332668304,0.025948453694581985,0.08644302189350128,0.12461824715137482,0.1523853987455368,0.09169422090053558,0.2019636631011963,0.19020332396030426,0.2560978829860687,0.17639273405075073,0.23483380675315857,0.21616162359714508,0.14532826840877533,0.1007714718580246
AM586,0.4,0.0,0.433333333,0.0,0.9,0.333333333,0.733333333,0.333333333,0.233333333,0.233333333,0.166666667,0.0,0.0,0.933333333,0.3,0.366666667,0.066666667,0.0,0.1,0.233333333,0.233333333,0.1,0.366666667,0.0,0.066666667,0.266666667,0.133333333,0.0,0.0,0.033333333,0.066666667,0.0,0.0,0.266666667,0.0,0.533333333,0.4,0.0,0.0,0.0,0.166666667,0.0,0.0,0.066666667,0.066666667,0.2,0.1,0.633333333,0.266666667,0.066666667,0.166666667,0.5708432793617249,0.12692387402057648,0.461919903755188,0.1123696118593216,0.36859235167503357,0.20115529000759125,0.4239524304866791,0.24719350039958954,0.5286432504653931,0.23224684596061707,0.19823214411735535,0.1576680839061737,0.015127799473702908,1.1275473833084106,0.37272363901138306,0.20562699437141418,0.24032142758369446,0.07783789932727814,0.05101662129163742,0.29565250873565674,0.40310347080230713,0.035213347524404526,0.3310186564922333,0.10053478181362152,0.12254785746335983,0.5816681981086731,0.050646260380744934,0.04682996869087219,0.04431604966521263,0.3264711797237396,0.23403006792068481,0.04805533215403557,0.005687385331839323,0.2598590552806854,0.0749412402510643,0.525499701499939,0.22692713141441345,0.044615183025598526,0.025470919907093048,0.10483337938785553,0.10509739071130753,0.1670701652765274,0.07577619701623917,0.1145501434803009,0.17737741768360138,0.3198498785495758,0.2942844033241272,0.36493098735809326,0.15716639161109924,0.22146835923194885,0.13352364301681519
AM715,0.4,0.1,1.0,0.466666667,0.9,0.266666667,1.2,0.6,0.666666667,0.066666667,0.233333333,0.266666667,0.0,1.433333333,0.2,0.4,0.366666667,0.333333333,0.0,0.3,0.1,0.066666667,0.0,0.0,0.0,0.066666667,0.0,0.0,0.0,0.3,0.5,0.3,0.466666667,0.166666667,0.133333333,0.933333333,0.033333333,0.0,0.033333333,0.233333333,0.566666667,0.1,0.066666667,0.0,0.166666667,0.1,0.066666667,0.1,0.2,0.166666667,0.333333333,0.48374658823013306,0.03515272215008736,0.7175074815750122,0.4723850190639496,0.5055463910102844,0.3306131064891815,0.5484736561775208,0.2917099595069885,0.6955768465995789,0.15413948893547058,0.21611028909683228,0.17297501862049103,0.12796537578105927,1.3585476875305176,0.32777491211891174,0.29698675870895386,0.2765101492404938,0.12023641914129257,0.09464823454618454,0.25989988446235657,0.24762366712093353,0.09233106672763824,0.13894948363304138,0.05928124487400055,0.002257459331303835,0.16415756940841675,0.225871279835701,0.04944569244980812,0.08225899934768677,0.22626817226409912,0.25575247406959534,0.1620226800441742,0.24268199503421783,0.251860648393631,0.07475227862596512,0.7979142665863037,0.11788942664861679,0.056790050119161606,0.08124267309904099,0.20540975034236908,0.1899867057800293,0.1660647690296173,0.061475466936826706,0.16804780066013336,0.2549063265323639,0.18628351390361786,0.09762680530548096,0.17030182480812073,0.1896839588880539,0.16369642317295074,0.08124899119138718
AM881,0.4,0.0,0.366666667,0.0,0.566666667,0.1,0.6,0.133333333,0.833333333,0.1,0.6,0.233333333,0.366666667,1.966666667,0.333333333,0.866666667,0.0,0.1,0.0,0.1,0.333333333,0.133333333,0.0,0.166666667,1.466666667,0.9,0.133333333,0.166666667,0.0,0.066666667,0.033333333,0.0,0.0,0.0,0.0,0.2,0.033333333,0.0,0.0,0.0,0.066666667,0.0,0.0,0.166666667,0.166666667,0.066666667,0.0,0.0,0.0,0.166666667,0.0,0.35970932245254517,0.15896044671535492,0.36189553141593933,0.35045287013053894,0.2752915918827057,0.1680566817522049,0.41717493534088135,0.2525131106376648,1.162129521369934,0.11655028164386749,0.43803998827934265,0.47399863600730896,0.21573522686958313,1.3582897186279297,0.37106195092201233,0.2712656855583191,0.14747554063796997,0.08353403955698013,0.04205620288848877,0.11513521522283554,0.09288672357797623,0.023496635258197784,0.09727107733488083,0.18092812597751617,0.43994900584220886,0.8881421685218811,0.2389453649520874,0.2269926816225052,0.21945731341838837,0.13777069747447968,0.2253141552209854,0.07412070035934448,0.11016485840082169,0.0549701526761055,0.07812747359275818,0.2784029245376587,0.13823957741260529,0.04101896286010742,0.02776884287595749,0.10436578094959259,0.08877082914113998,0.18497507274150848,0.037777770310640335,0.23951669037342072,0.2672678828239441,0.21654535830020905,0.21891820430755615,0.318753719329834,0.19329902529716492,0.09003231674432755,0.10032130777835846
AM942,0.2,0.0,0.333333333,0.0,0.166666667,0.266666667,0.766666667,0.2,0.666666667,0.233333333,0.2,0.333333333,0.566666667,1.133333333,0.133333333,0.433333333,0.2,0.0,0.0,0.066666667,0.233333333,0.1,0.533333333,0.2,0.8,0.9,0.0,0.266666667,0.033333333,0.066666667,0.133333333,0.0,0.0,0.133333333,0.1,0.433333333,0.233333333,0.1,0.0,0.0,0.0,0.0,0.0,0.166666667,0.033333333,0.066666667,0.0,0.233333333,0.233333333,0.233333333,0.066666667,0.631603479385376,0.06389009952545166,0.8145690560340881,0.1270676553249359,0.3074270784854889,0.16116319596767426,0.42800408601760864,0.2079063206911087,0.5168265104293823,0.15225307643413544,0.190331369638443,0.1341066211462021,0.1456955075263977,0.9639101028442383,0.34682518243789673,0.18263207376003265,0.15699951350688934,0.07795032113790512,0.07773861289024353,0.2227937877178192,0.20063364505767822,0.07001651078462601,0.13075143098831177,0.12757547199726105,0.20334723591804504,0.9319315552711487,0.025532161816954613,0.05819383263587952,0.0797833576798439,0.2121855616569519,0.22037339210510254,0.06623711436986923,0.08311009407043457,0.1536290943622589,0.0772920772433281,0.5189867615699768,0.17424651980400085,0.12388394773006439,0.02704143524169922,0.14224296808242798,0.24914565682411194,0.1376008689403534,0.06364976614713669,0.14738471806049347,0.1753859668970108,0.44549012184143066,0.19064894318580627,0.11042174696922302,0.3378969728946686,0.266238272190094,0.29798761010169983
AN303,0.333333333,0.0,0.9,0.133333333,1.233333333,0.266666667,0.233333333,0.266666667,0.2,0.0,0.0,0.133333333,0.0,0.966666667,0.166666667,0.166666667,0.133333333,0.2,0.1,1.266666667,1.833333333,0.1,1.2,0.066666667,0.066666667,0.2,0.166666667,0.4,0.2,0.033333333,0.066666667,0.1,0.1,0.2,0.033333333,0.266666667,0.0,0.0,0.0,0.0,0.266666667,0.1,0.0,0.0,0.0,0.133333333,0.166666667,0.233333333,0.433333333,0.0,0.133333333,0.43610772490501404,0.06302755326032639,0.5431228876113892,0.3679800033569336,0.499957412481308,0.13228780031204224,0.3071828782558441,0.3291921615600586,0.5664804577827454,0.03534838929772377,0.06286848336458206,0.1684950292110443,0.051215920597314835,1.3999006748199463,0.4354693293571472,0.4351365566253662,0.4052843749523163,0.12647095322608948,0.1162119209766388,0.6614698767662048,1.104630470275879,0.11357727646827698,0.5605224967002869,0.16713351011276245,0.06578929722309113,0.19286461174488068,0.06987632811069489,0.12188596278429031,0.06491794437170029,0.14080291986465454,0.17522169649600983,0.05896371603012085,0.008461820892989635,0.16423869132995605,0.07508469372987747,0.6505119800567627,0.10565505176782608,0.04657943919301033,0.02601909451186657,0.07757312059402466,0.16875579953193665,0.14504018425941467,0.068501777946949,0.21378841996192932,0.23195339739322662,0.14599989354610443,0.05743053928017616,0.27274373173713684,0.26394885778427124,0.17291051149368286,0.08415938913822174
AN368,1.066666667,2.7,0.833333333,0.066666667,0.066666667,0.1,0.166666667,0.0,0.366666667,0.366666667,0.066666667,0.066666667,0.1,1.0,0.266666667,0.066666667,0.233333333,0.0,0.0,0.1,0.733333333,0.233333333,0.466666667,0.633333333,0.0,0.6,0.0,0.0,0.0,0.233333333,0.066666667,0.1,0.033333333,0.166666667,0.166666667,0.4,0.066666667,0.066666667,0.0,0.0,0.0,0.3,0.0,0.0,0.4,0.133333333,0.266666667,0.033333333,0.3,0.166666667,0.133333333,0.9177520275115967,2.520111322402954,0.4534726142883301,0.42960625886917114,0.2260057032108307,0.128334179520607,0.2441021054983139,0.33462515473365784,0.8859504461288452,0.21917808055877686,0.17427736520767212,0.1805814951658249,0.06289178878068924,0.9266046285629272,0.11680453270673752,0.16328191757202148,0.22217261791229248,0.09023971110582352,0.3109208643436432,0.1409601867198944,0.24832917749881744,0.0570388101041317,0.1543603390455246,0.17615818977355957,0.012467611581087112,0.09989441931247711,0.2900715470314026,0.35817116498947144,0.28593888878822327,0.24466946721076965,0.1390976458787918,0.07839131355285645,0.04188575595617294,0.08351793140172958,0.10920841246843338,0.25625959038734436,0.1037677526473999,0.04446227103471756,0.02623588964343071,0.1024649366736412,0.052962690591812134,0.0965590551495552,0.02564585767686367,0.033623937517404556,0.4622238576412201,0.32607415318489075,0.11805366724729538,0.02397785522043705,0.11159123480319977,0.2315192073583603,0.09458794444799423
AN561,0.5,0.0,0.766666667,0.0,0.566666667,0.233333333,0.5,0.0,0.633333333,0.033333333,0.233333333,0.2,0.0,1.133333333,0.366666667,0.433333333,0.433333333,0.133333333,0.133333333,0.633333333,1.8,0.133333333,0.933333333,0.066666667,0.233333333,0.133333333,0.0,0.366666667,0.1,0.433333333,0.366666667,0.4,0.466666667,0.266666667,0.366666667,0.9,0.033333333,0.133333333,0.0,0.033333333,0.066666667,0.0,0.1,0.0,0.066666667,0.3,0.0,0.1,0.2,0.0,0.1,0.5552278757095337,0.08354034274816513,0.6669148206710815,0.3046269714832306,0.6076206564903259,0.2753388285636902,0.44563665986061096,0.3387257754802704,0.6306474208831787,0.184872567653656,0.13091938197612762,0.20728899538516998,0.12592047452926636,0.8696218132972717,0.28311315178871155,0.27638351917266846,0.2836328446865082,0.10491151362657547,0.07608428597450256,0.43816643953323364,0.8593955039978027,0.11548562347888947,0.3440881073474884,0.07123523950576782,0.034791383892297745,0.1816963404417038,0.2993735074996948,0.11000950634479523,0.1684565544128418,0.29144087433815,0.3019104599952698,0.3010689914226532,0.36789584159851074,0.11457612365484238,0.07793039828538895,0.4934766888618469,0.10504144430160522,0.06178693100810051,0.12036827206611633,0.5647188425064087,0.1747145652770996,0.14430728554725647,0.08662398904561996,0.17574602365493774,0.1653263121843338,0.26570382714271545,0.13053841888904572,0.19734196364879608,0.15721406042575836,0.1788850873708725,0.07497652620077133
AO486,0.666666667,0.2,0.566666667,0.333333333,0.133333333,0.2,0.9,0.533333333,1.733333333,0.133333333,0.966666667,0.633333333,0.766666667,2.3,0.4,0.233333333,0.133333333,0.066666667,0.0,0.333333333,0.333333333,0.0,0.0,0.433333333,0.033333333,1.2,0.0,0.5,0.0,0.166666667,0.1,0.0,0.433333333,0.0,0.0,0.366666667,0.0,0.0,0.0,0.0,0.066666667,0.1,0.0,0.1,0.133333333,0.166666667,0.066666667,0.1,0.266666667,0.3,0.0,0.49757638573646545,0.1001773551106453,0.586736798286438,0.29007139801979065,0.6816678047180176,0.24264904856681824,0.513276219367981,0.3933029770851135,0.8816718459129333,0.13058392703533173,0.2965576648712158,0.4953736364841461,0.2842799425125122,1.3185163736343384,0.3558886647224426,0.2986679971218109,0.25771626830101013,0.12310461699962616,0.062107838690280914,0.3504237234592438,0.4825926423072815,0.073709636926651,0.30055221915245056,0.27445730566978455,0.23086018860340118,0.9710037112236023,0.1636991649866104,0.09900612384080887,0.0647137388586998,0.1267644762992859,0.15111812949180603,0.03935973718762398,0.22122076153755188,0.24531172215938568,0.07887484133243561,0.4338188171386719,0.129604771733284,0.04422818496823311,0.027554547414183617,0.08193802833557129,0.2681855261325836,0.19569934904575348,0.06068965420126915,0.1679963320493698,0.24774320423603058,0.17767433822155,0.21768923103809357,0.13013871014118195,0.3213748335838318,0.21003930270671844,0.1078876480460167
AO549,0.4,0.0,0.133333333,0.133333333,0.4,0.166666667,0.333333333,0.633333333,1.1,0.0,0.466666667,0.633333333,0.066666667,1.7,0.833333333,0.4,0.733333333,0.166666667,0.066666667,0.066666667,0.233333333,0.0,0.1,0.366666667,0.066666667,0.866666667,0.233333333,0.2,0.666666667,0.7,0.7,0.0,0.133333333,0.066666667,0.033333333,0.866666667,0.166666667,0.0,0.0,0.0,0.066666667,0.166666667,0.066666667,0.066666667,0.066666667,0.266666667,0.0,0.133333333,0.033333333,0.033333333,0.033333333,0.34666505455970764,0.038564518094062805,0.5031324028968811,0.24887032806873322,0.25989699363708496,0.24236556887626648,0.524510383605957,0.36072680354118347,1.1563894748687744,0.3635646402835846,0.30508333444595337,0.5479976534843445,0.11022897064685822,1.0969016551971436,0.2863503396511078,0.21520844101905823,0.1496628224849701,0.06751051545143127,0.03462500870227814,0.08611206710338593,0.10801122337579727,0.036241449415683746,0.10140059888362885,0.11109836399555206,0.18927225470542908,0.7554386854171753,0.1629725694656372,0.06291346997022629,0.2555826008319855,0.36794713139533997,0.2990418076515198,0.0657443106174469,0.2485581338405609,0.08702119439840317,0.07739149034023285,0.3838112950325012,0.12163057178258896,0.03859955817461014,0.02831089496612549,0.13824036717414856,0.10215389728546143,0.16823193430900574,0.09978508204221725,0.17769934237003326,0.24643048644065857,0.3983747959136963,0.12416903674602509,0.1764802783727646,0.17730000615119934,0.16465167701244354,0.19288432598114014
AP146,0.3,0.0,0.3,0.3,0.3,0.166666667,0.1,0.0,0.066666667,0.0,0.066666667,0.0,0.0,0.766666667,0.433333333,0.3,0.133333333,0.0,0.233333333,0.3,0.266666667,0.366666667,0.3,0.1,0.0,0.0,0.166666667,0.233333333,0.6,0.5,0.466666667,1.066666667,0.4,0.2,0.5,1.533333333,0.133333333,0.566666667,0.4,1.8,0.533333333,0.066666667,0.666666667,0.166666667,0.233333333,0.166666667,0.0,0.066666667,0.2,0.4,0.0,0.2521987557411194,0.021446973085403442,0.31460845470428467,0.2984788715839386,0.320625901222229,0.14285843074321747,0.36166009306907654,0.3173179626464844,0.7904626727104187,0.005653029773384333,0.1288393884897232,0.20610028505325317,0.061258263885974884,1.4384909868240356,0.40797123312950134,0.36224010586738586,0.34683725237846375,0.13251692056655884,0.08044387400150299,0.4501670300960541,0.3879893124103546,0.20760281383991241,0.346082478761673,0.2727738618850708,0.0669955164194107,0.16068793833255768,0.3758854568004608,0.12779468297958374,0.3926057517528534,0.3344346284866333,0.26011592149734497,0.4605206549167633,0.20563474297523499,0.13130414485931396,0.10238081961870193,0.6210920214653015,0.1667468547821045,0.15342585742473602,0.15822073817253113,1.194352149963379,0.15982678532600403,0.15559092164039612,0.08445551991462708,0.18403936922550201,0.21708714962005615,0.13973821699619293,0.051520831882953644,0.21374766528606415,0.21367280185222626,0.16510188579559326,0.052258774638175964
AP275,0.566666667,1.433333333,0.466666667,0.233333333,0.433333333,0.266666667,0.866666667,0.933333333,1.466666667,0.233333333,0.6,0.466666667,0.4,1.866666667,0.366666667,0.6,0.3,0.166666667,0.0,0.266666667,0.266666667,0.0,0.433333333,0.0,0.066666667,0.3,0.0,0.0,0.0,0.133333333,0.1,0.0,0.0,0.066666667,0.0,0.233333333,0.133333333,0.0,0.0,0.0,0.133333333,0.2,0.0,0.133333333,0.1,0.166666667,0.166666667,0.3,0.6,0.066666667,0.033333333,0.6269305944442749,0.33108118176460266,0.5014941692352295,0.2682138979434967,0.3239404857158661,0.20576053857803345,0.7206190228462219,0.32916712760925293,0.843949019908905,0.22453391551971436,0.3613901436328888,0.3112117350101471,0.12396831810474396,1.294851303100586,0.2838812470436096,0.2752752900123596,0.22927096486091614,0.07649122923612595,0.05824551731348038,0.387851357460022,0.43573465943336487,0.10483872145414352,0.2332291305065155,0.10546494275331497,0.009938734583556652,0.17979028820991516,0.024743936955928802,0.043271929025650024,0.058673061430454254,0.16896671056747437,0.2335057556629181,0.12948255240917206,0.1726214736700058,0.20935286581516266,0.07471463829278946,0.5430589318275452,0.1399039626121521,0.041229572147130966,0.028488198295235634,0.1105162724852562,0.26216986775398254,0.1527176946401596,0.06807953864336014,0.22655852138996124,0.28982242941856384,0.23832851648330688,0.14546984434127808,0.25388529896736145,0.3735770285129547,0.2238723486661911,0.06907143443822861
AP340,0.9,0.766666667,0.533333333,0.133333333,0.533333333,0.1,0.733333333,0.2,2.2,0.233333333,1.5,1.433333333,0.2,2.433333333,0.2,0.366666667,0.166666667,0.1,0.0,0.0,0.133333333,0.0,0.0,0.0,0.0,0.1,0.0,0.0,0.0,0.066666667,0.2,0.0,0.0,0.0,0.0,0.233333333,0.166666667,0.0,0.033333333,0.033333333,0.166666667,0.1,0.0,0.1,0.166666667,0.0,0.433333333,0.133333333,0.3,0.3,0.0,0.7194955348968506,0.4176572859287262,0.982418954372406,0.32633015513420105,0.35489967465400696,0.2843773066997528,0.6585907340049744,0.23893755674362183,1.0568523406982422,0.3075869381427765,0.4666629433631897,0.26344946026802063,0.15453732013702393,1.276777744293213,0.20147591829299927,0.2571243643760681,0.19740086793899536,0.0660819336771965,0.04873271659016609,0.2591467797756195,0.38315102458000183,0.05116208642721176,0.16911497712135315,0.060228969901800156,0.00018105887284036726,0.15198762714862823,0.07044831663370132,0.06794995069503784,0.12540662288665771,0.24166011810302734,0.3078482449054718,0.041149646043777466,0.24800218641757965,0.14679855108261108,0.07849323004484177,0.5024064779281616,0.11815696954727173,0.03819670528173447,0.025285959243774414,0.10905668884515762,0.12177347391843796,0.15164951980113983,0.08036214113235474,0.17792662978172302,0.23531906306743622,0.3410809636116028,0.21889184415340424,0.21590811014175415,0.2712465822696686,0.26792776584625244,0.17650918662548065
AQ541,0.8,0.0,0.466666667,0.0,0.233333333,0.2,0.766666667,0.3,1.266666667,0.133333333,0.5,0.8,0.266666667,1.333333333,0.133333333,0.1,0.0,0.0,0.566666667,0.766666667,0.333333333,0.933333333,0.0,0.566666667,0.1,0.3,0.0,0.1,0.0,0.333333333,0.433333333,0.0,0.333333333,0.2,0.033333333,0.466666667,0.166666667,0.0,0.0,0.066666667,0.966666667,0.0,0.233333333,0.333333333,0.033333333,0.6,0.7,0.066666667,0.9,0.7,0.366666667,0.36425256729125977,0.22159290313720703,0.2723504900932312,0.05050712823867798,0.157721608877182,0.083697110414505,0.2210398018360138,0.1928466558456421,0.7067323923110962,0.6911791563034058,0.24139629304409027,0.1549323946237564,0.04108024388551712,1.1310697793960571,0.31676018238067627,0.3138331472873688,0.1754719465970993,0.09052553027868271,0.19149602949619293,0.2666803300380707,0.3107941448688507,0.31239885091781616,0.22975857555866241,0.4020124673843384,0.03279370814561844,0.16436010599136353,0.20610611140727997,0.21178847551345825,0.6598693132400513,0.5021682977676392,0.2615727484226227,0.6159678101539612,0.45805731415748596,0.22500284016132355,0.11922116577625275,0.4686095118522644,0.09877139329910278,0.21223418414592743,0.03449336066842079,0.8632217049598694,0.2161497175693512,0.11000367999076843,0.06986398994922638,0.1612839698791504,0.10315398126840591,0.28522467613220215,0.05966934189200401,0.14945948123931885,0.3077859878540039,0.27735546231269836,0.23327410221099854
AQ778,1.066666667,0.133333333,1.166666667,0.333333333,1.033333333,0.6,0.866666667,0.0,0.8,0.766666667,0.333333333,0.1,0.0,0.966666667,0.433333333,0.333333333,0.3,0.066666667,0.233333333,0.0,0.2,0.0,0.1,0.0,0.1,0.1,0.0,0.0,0.0,0.5,0.266666667,0.033333333,0.1,0.566666667,0.0,0.633333333,0.1,0.0,0.133333333,0.066666667,0.3,0.333333333,0.066666667,0.166666667,0.233333333,0.0,0.266666667,0.366666667,0.466666667,0.6,0.233333333,1.1623108386993408,0.07997647672891617,0.9751609563827515,0.05144950747489929,0.6612739562988281,0.2279166281223297,0.3827444911003113,0.12035379558801651,0.5324023365974426,0.2546866536140442,0.04955695569515228,0.09121677279472351,0.00182278489228338,0.6949824094772339,0.09198205173015594,0.1797804832458496,0.13969631493091583,0.07961524277925491,0.042604196816682816,0.16952550411224365,0.28997310996055603,0.059145260602235794,0.1935594379901886,0.05987219884991646,0.0012658898485824466,0.151742085814476,0.022287296131253242,0.04774118959903717,0.05253977328538895,0.44099798798561096,0.19749900698661804,0.038032833486795425,0.006690185517072678,0.41402336955070496,0.09718327969312668,0.7946985363960266,0.15513263642787933,0.19823995232582092,0.029199272394180298,0.1616525948047638,0.5083330273628235,0.10529979318380356,0.08042852580547333,0.04271649569272995,0.13194814324378967,0.16005448997020721,0.18196970224380493,0.04887419566512108,0.49329128861427307,0.32954296469688416,0.08220791816711426
AF469,0.375,0.78125,0.59375,0.25,0.3125,0.3125,0.5625,0.59375,0.625,0.4375,0.09375,0.375,0.0,1.03125,0.1875,0.125,0.15625,0.1875,0.0,0.0,0.0,0.0,0.09375,0.0,0.09375,0.53125,0.0,0.0,0.0,0.09375,0.09375,0.0,0.0,0.0,0.0625,0.5,0.53125,0.0,0.0,0.0,0.1875,0.5,0.0,0.5,0.46875,0.1875,0.40625,0.4375,0.65625,0.34375,0.1875,0.2695482075214386,0.11878445744514465,0.4910773038864136,0.3111467659473419,0.3914032578468323,0.24159809947013855,0.39519140124320984,0.2816956639289856,0.884921133518219,0.17463207244873047,0.3194364905357361,0.35087665915489197,0.09938425570726395,1.0572751760482788,0.19089926779270172,0.2998602092266083,0.16391263902187347,0.06698264181613922,0.07726775109767914,0.2538631558418274,0.3397408425807953,0.022582167759537697,0.27054300904273987,0.12430722266435623,0.03895392641425133,0.2190830558538437,0.013422459363937378,0.042284928262233734,0.04089193791151047,0.04960957169532776,0.17687992751598358,0.015895644202828407,0.0010058588813990355,0.08018767833709717,0.07534563541412354,0.6244480013847351,0.2866569757461548,0.03879198059439659,0.024691633880138397,0.09901788830757141,0.1607428342103958,0.23598220944404602,0.03877253830432892,0.39213913679122925,0.4177885055541992,0.42283567786216736,0.16103722155094147,0.9537525773048401,0.3643278479576111,0.20348523557186127,0.18386666476726532
AG422,0.433333333,0.0,0.966666667,0.1,0.366666667,0.4,1.4,0.0,1.0,1.6,0.6,0.4,0.133333333,1.2,0.133333333,0.366666667,0.166666667,0.1,0.066666667,0.066666667,0.1,0.0,0.0,0.0,0.0,0.033333333,0.0,0.0,0.0,0.0,0.1,0.0,0.0,0.0,0.1,0.266666667,0.3,0.0,0.0,0.0,0.0,0.333333333,0.0,0.466666667,0.366666667,0.066666667,0.0,0.433333333,0.066666667,0.0,0.0,0.28449565172195435,0.04175780713558197,0.6707850694656372,0.49589285254478455,0.28787147998809814,0.1652565598487854,1.1167936325073242,0.25429192185401917,0.9541724324226379,0.2966209948062897,0.14524607360363007,0.5807506442070007,0.16176265478134155,1.3667824268341064,0.11997111886739731,0.27486827969551086,0.2595725655555725,0.062019072473049164,0.024303792044520378,0.06260737031698227,0.054926298558712006,0.03250063955783844,0.07202551513910294,0.038593538105487823,0.0019877406302839518,0.05632378160953522,0.018819989636540413,0.03680998459458351,0.02096150815486908,0.05718386918306351,0.14135165512561798,0.017595287412405014,0.005334934219717979,0.06327890604734421,0.07386480271816254,0.5376119017601013,0.1576625257730484,0.03940295800566673,0.02551986835896969,0.07748769223690033,0.13765332102775574,0.13982729613780975,0.03562329709529877,1.0728657245635986,0.37943729758262634,0.2341165542602539,0.08186216652393341,0.4140715003013611,0.4481968879699707,0.16660070419311523,0.03976030275225639
AG530,0.333333333,0.0,1.0,0.3,0.466666667,0.2,1.333333333,0.066666667,0.9,0.8,0.633333333,0.7,0.133333333,0.933333333,0.366666667,0.266666667,0.366666667,0.0,0.0,0.0,0.133333333,0.0,0.333333333,0.0,0.0,0.0,0.0,0.0,0.0,0.0,0.033333333,0.066666667,0.0,0.0,0.0,0.333333333,0.066666667,0.0,0.0,0.0,0.066666667,0.566666667,0.033333333,0.766666667,0.366666667,0.333333333,0.066666667,0.433333333,0.2,0.0,0.0,0.23225027322769165,0.027004627510905266,0.3759858012199402,0.24226021766662598,0.2653311491012573,0.16417914628982544,0.5689571499824524,0.2675165832042694,1.244189739227295,0.13209529221057892,0.4530201554298401,0.6558845043182373,0.14842715859413147,1.1884145736694336,0.1882249116897583,0.24515603482723236,0.29769349098205566,0.08569774031639099,0.03917788341641426,0.1547999531030655,0.09441126137971878,0.03056187555193901,0.14142844080924988,0.03284914419054985,0.003510147100314498,0.08683445304632187,0.01832648366689682,0.03853151574730873,0.03158261999487877,0.1212889701128006,0.16725383698940277,0.022989902645349503,0.00018969748634845018,0.08727182447910309,0.07294397801160812,0.5116193294525146,0.13909679651260376,0.03908438980579376,0.02994425967335701,0.08206763118505478,0.23844769597053528,0.2819954454898834,0.07763715088367462,0.7883031964302063,0.4489864110946655,0.1793796271085739,0.042574457824230194,0.5350359678268433,0.4241965115070343,0.06989789754152298,0.07922037690877914
AG619,0.166666667,0.0,0.533333333,0.766666667,0.5,0.666666667,0.066666667,0.133333333,0.866666667,0.133333333,0.1,0.7,0.0,1.1,0.133333333,0.366666667,0.433333333,0.033333333,0.1,0.2,0.066666667,0.0,0.2,0.033333333,0.033333333,0.0,0.0,0.0,0.0,0.0,0.066666667,0.0,0.0,0.0,0.0,0.7,0.166666667,0.0,0.0,0.0,0.5,0.766666667,0.0,0.533333333,0.933333333,0.3,0.066666667,0.833333333,0.7,0.0,0.333333333,0.2375962734222412,0.05020448938012123,0.4632144868373871,1.651859164237976,0.17403744161128998,0.15199533104896545,0.32611456513404846,0.2694736123085022,1.1288323402404785,0.10379216820001602,0.2144179791212082,0.4309510886669159,0.03357812017202377,1.6372361183166504,0.18845607340335846,0.3115653395652771,0.23379842936992645,0.054216139018535614,0.009521863423287868,0.042954567819833755,0.07692106068134308,0.019716674461960793,0.09555385261774063,0.02116076461970806,0.0015774894272908568,0.052802763879299164,0.04193645343184471,0.044954221695661545,0.02751881256699562,0.04973999410867691,0.22511841356754303,0.016879357397556305,0.09153690189123154,0.06968997418880463,0.07260237634181976,0.31205427646636963,0.1583164632320404,0.039525311440229416,0.02522391453385353,0.07691634446382523,0.11061687767505646,0.13688740134239197,0.030226990580558777,0.7636477947235107,0.6649311184883118,0.18267656862735748,0.037827398627996445,0.4577482044696808,0.11337899416685104,0.03393694385886192,0.03738093748688698
AG862,0.433333333,0.2,1.0,0.266666667,0.3,0.366666667,1.633333333,0.1,0.533333333,1.133333333,0.533333333,0.466666667,0.1,1.0,0.1,0.233333333,0.233333333,0.0,0.033333333,0.0,0.0,0.0,0.0,0.0,0.066666667,0.2,0.0,0.0,0.0,0.1,0.0,0.0,0.0,0.0,0.1,0.133333333,0.1,0.033333333,0.0,0.0,0.0,0.133333333,0.0,0.533333333,0.133333333,0.0,0.0,0.366666667,0.066666667,0.066666667,0.0,0.23225027322769165,0.027004627510905266,0.3759858012199402,0.24226021766662598,0.2653311491012573,0.16417914628982544,0.5689571499824524,0.2675165832042694,1.244189739227295,0.13209529221057892,0.4530201554298401,0.6558845043182373,0.14842715859413147,1.1884145736694336,0.1882249116897583,0.24515603482723236,0.29769349098205566,0.08569774031639099,0.03917788341641426,0.1547999531030655,0.09441126137971878,0.03056187555193901,0.14142844080924988,0.03284914419054985,0.003510147100314498,0.08683445304632187,0.01832648366689682,0.03853151574730873,0.03158261999487877,0.1212889701128006,0.16725383698940277,0.022989902645349503,0.00018969748634845018,0.08727182447910309,0.07294397801160812,0.5116193294525146,0.13909679651260376,0.03908438980579376,0.02994425967335701,0.08206763118505478,0.23844769597053528,0.2819954454898834,0.07763715088367462,0.7883031964302063,0.4489864110946655,0.1793796271085739,0.042574457824230194,0.5350359678268433,0.4241965115070343,0.06989789754152298,0.07922037690877914
AG874,0.2,0.0,0.4,1.966666667,0.2,0.2,0.6,0.1,0.8,0.0,0.333333333,0.566666667,0.066666667,1.7,0.2,0.3,0.366666667,0.0,0.0,0.0,0.0,0.0,0.2,0.0,0.0,0.033333333,0.0,0.1,0.0,0.133333333,0.166666667,0.0,0.033333333,0.0,0.0,0.4,0.0,0.0,0.0,0.0,0.0,0.133333333,0.0,0.433333333,0.6,0.166666667,0.066666667,0.166666667,0.333333333,0.0,0.2,0.14019513130187988,0.039394624531269073,0.3993089497089386,1.2055572271347046,0.17282220721244812,0.21636170148849487,0.4940338730812073,0.26185595989227295,1.2151448726654053,0.0758279412984848,0.46407294273376465,0.4890233278274536,0.0839347392320633,1.5764482021331787,0.30808934569358826,0.3929274380207062,0.21922795474529266,0.07190366834402084,0.020644403994083405,0.06690514087677002,0.0632491186261177,0.03409074246883392,0.07903352379798889,0.04900122061371803,0.001931629842147231,0.0954071432352066,0.03265228495001793,0.03929614648222923,0.06643353402614594,0.04847489669919014,0.24275048077106476,0.03414441645145416,0.0015223493101075292,0.0656377449631691,0.0728781521320343,0.2849251329898834,0.18228724598884583,0.03963550552725792,0.024014530703425407,0.0767488107085228,0.044405531138181686,0.2904129922389984,0.04736585542559624,0.5113665461540222,0.8348686099052429,0.24866224825382233,0.06464184075593948,0.3911380469799042,0.2755992114543915,0.004734958056360483,0.13484907150268555
AG875,0.2,0.266666667,0.166666667,0.866666667,0.3,0.266666667,0.333333333,0.733333333,0.566666667,0.1,0.0,0.2,0.1,1.333333333,0.3,0.566666667,0.6,0.1,0.066666667,0.0,0.033333333,0.066666667,0.133333333,0.0,0.0,0.133333333,0.0,0.0,0.0,0.0,0.0,0.033333333,0.066666667,0.0,0.066666667,0.933333333,0.466666667,0.0,0.0,0.1,0.266666667,0.7,0.0,0.433333333,0.233333333,0.1,0.166666667,0.733333333,0.766666667,0.166666667,0.366666667,0.4347699284553528,0.06924595683813095,0.4917691648006439,0.21304823458194733,0.4794205129146576,0.2903805077075958,0.33607032895088196,0.1696484535932541,0.48393747210502625,0.031151821836829185,0.010893374681472778,0.18448254466056824,0.034678369760513306,0.8007103800773621,0.3235284090042114,0.28467440605163574,0.2873632311820984,0.1259964406490326,0.12630510330200195,0.1605905145406723,0.1967109739780426,0.08022376149892807,0.1210915818810463,0.10614604502916336,0.029855260625481606,0.29485970735549927,0.007577813230454922,0.04063687101006508,0.03985593467950821,0.11607649177312851,0.17723867297172546,0.16781288385391235,0.3679533898830414,0.19624413549900055,0.12430770695209503,0.9011543989181519,0.22039489448070526,0.041781552135944366,0.02480180189013481,0.11388488858938217,0.22069954872131348,0.25217005610466003,0.08163366466760635,0.7208307981491089,0.49978873133659363,0.2573091685771942,0.030831074342131615,0.3733801543712616,0.5269659161567688,0.12397249788045883,0.35361242294311523
AH007,0.2,0.0,0.4,0.366666667,0.233333333,0.133333333,0.5,0.366666667,1.366666667,0.1,0.433333333,0.733333333,0.166666667,1.333333333,0.366666667,0.4,0.3,0.1,0.0,0.0,0.066666667,0.0,0.1,0.0,0.0,0.3,0.033333333,0.0,0.3,0.1,0.4,0.133333333,0.0,0.0,0.0,0.633333333,0.233333333,0.0,0.033333333,0.0,0.266666667,0.5,0.166666667,0.833333333,0.166666667,0.2,0.166666667,0.933333333,0.2,0.1,0.166666667,0.19821947813034058,0.01692304201424122,0.2880527973175049,0.08938241004943848,0.2851662337779999,0.11862692981958389,0.5695379972457886,0.29141104221343994,0.8231572508811951,0.0812082588672638,0.3751968443393707,0.3134273290634155,0.06441295892000198,0.9676212668418884,0.4080672860145569,0.27240198850631714,0.23192808032035828,0.06458757072687149,0.03956366330385208,0.1141180545091629,0.13378694653511047,0.039503179490566254,0.2695263922214508,0.0810621902346611,0.06808894127607346,0.4666089713573456,0.20005866885185242,0.09686092287302017,0.768877387046814,0.33262988924980164,0.5013652443885803,0.25532591342926025,0.01052478514611721,0.19145996868610382,0.07618602365255356,0.7725867033004761,0.1677567958831787,0.04253077507019043,0.09824120998382568,0.127252995967865,0.24070391058921814,0.2621459662914276,0.1838153749704361,0.37264788150787354,0.31715893745422363,0.17736756801605225,0.03251558169722557,0.13105182349681854,0.1736750602722168,0.12349041551351547,0.11379621177911758
AH877,0.2,0.0,0.3,0.0,0.333333333,0.2,0.4,0.1,0.733333333,0.0,0.633333333,0.5,0.133333333,1.1,0.466666667,0.566666667,0.366666667,0.033333333,0.133333333,0.066666667,0.0,0.0,0.1,0.0,0.2,0.666666667,0.3,0.0,0.966666667,0.6,0.2,0.133333333,0.0,0.4,0.0,0.733333333,0.533333333,0.166666667,0.266666667,0.066666667,0.1,0.366666667,0.1,0.3,0.0,0.566666667,0.0,0.5,0.2,0.133333333,0.133333333,0.19821947813034058,0.01692304201424122,0.2880527973175049,0.08938241004943848,0.2851662337779999,0.11862692981958389,0.5695379972457886,0.29141104221343994,0.8231572508811951,0.0812082588672638,0.3751968443393707,0.3134273290634155,0.06441295892000198,0.9676212668418884,0.4080672860145569,0.27240198850631714,0.23192808032035828,0.06458757072687149,0.03956366330385208,0.1141180545091629,0.13378694653511047,0.039503179490566254,0.2695263922214508,0.0810621902346611,0.06808894127607346,0.4666089713573456,0.20005866885185242,0.09686092287302017,0.768877387046814,0.33262988924980164,0.5013652443885803,0.25532591342926025,0.01052478514611721,0.19145996868610382,0.07618602365255356,0.7725867033004761,0.1677567958831787,0.04253077507019043,0.09824120998382568,0.127252995967865,0.24070391058921814,0.2621459662914276,0.1838153749704361,0.37264788150787354,0.31715893745422363,0.17736756801605225,0.03251558169722557,0.13105182349681854,0.1736750602722168,0.12349041551351547,0.11379621177911758
AI376,0.517241379,0.172413793,0.379310345,0.0,0.310344828,0.310344828,0.310344828,0.0,0.482758621,0.172413793,0.0,0.068965517,0.034482759,0.793103448,0.24137931,0.137931034,0.103448276,0.068965517,0.0,1.482758621,2.586206897,0.0,1.034482759,0.24137931,0.206896552,0.172413793,0.034482759,0.379310345,0.310344828,0.068965517,0.034482759,0.0,0.0,0.172413793,0.0,0.103448276,0.034482759,0.0,0.0,0.0,0.0,0.206896552,0.0,0.0,0.034482759,0.0,0.172413793,0.206896552,0.24137931,0.206896552,0.0,0.2147396206855774,0.03202755004167557,0.5361186265945435,0.06422772258520126,0.3393326997756958,0.30487897992134094,1.0249799489974976,0.18210062384605408,0.9458582401275635,0.3328947126865387,0.07291647791862488,0.25592073798179626,0.10606615990400314,1.19389808177948,0.24576587975025177,0.2314174324274063,0.2646312713623047,0.09251269698143005,0.05440796911716461,0.5658797025680542,0.8212204575538635,0.04020446538925171,0.4481600522994995,0.06330005824565887,0.14406166970729828,0.2992192804813385,0.06224006041884422,0.19762109220027924,0.1613462120294571,0.1532130092382431,0.17822681367397308,0.027019839733839035,0.0007738162530586123,0.12078213691711426,0.07610192894935608,0.25896352529525757,0.10154833644628525,0.03786318749189377,0.024166755378246307,0.07553458958864212,0.10897794365882874,0.17512410879135132,0.06627434492111206,0.17358942329883575,0.03623706474900246,0.10610344260931015,0.1888614147901535,0.15289710462093353,0.20221693813800812,0.1825813204050064,0.03134315833449364
AA034,0.384615385,0.038461538,0.692307692,0.0,0.0,0.307692308,0.230769231,0.0,0.153846154,0.538461538,0.115384615,0.038461538,0.0,0.307692308,0.0,0.0,0.153846154,0.384615385,0.076923077,0.384615385,0.0,0.230769231,0.423076923,0.0,0.0,0.0,0.0,0.192307692,0.461538462,0.346153846,0.153846154,0.423076923,2.192307692,0.0,0.0,0.0,0.153846154,0.0,0.0,0.0,0.0,0.0,0.0,0.153846154,0.115384615,0.538461538,0.0,0.115384615,0.0,0.153846154,0.192307692,0.6152412295341492,0.28995901346206665,0.4725287854671478,0.16733436286449432,0.08263625204563141,0.1780293881893158,0.3726170063018799,0.19191212952136993,0.28268638253211975,0.8379687070846558,0.11278235912322998,0.23358310759067535,0.10140150040388107,0.30948877334594727,0.04958983138203621,0.09026899933815002,0.1927092969417572,0.12465626001358032,0.07262396067380905,0.365330308675766,0.14050455391407013,0.47946372628211975,0.08036720752716064,0.11942653357982635,0.0005652971449308097,0.11370427906513214,0.05982726439833641,0.08573760837316513,0.15685589611530304,0.24928368628025055,0.22180695831775665,0.33597317337989807,2.5562899112701416,0.08406378328800201,0.08229730278253555,0.22685232758522034,0.1250457465648651,0.04988899827003479,0.032917823642492294,0.12568673491477966,0.11872267723083496,0.14595219492912292,0.05244516581296921,0.14859294891357422,0.20918697118759155,0.21866649389266968,0.115042544901371,0.10950145870447159,0.0585055835545063,0.08442038297653198,0.03677327185869217
AB193,0.0,0.0,0.0,0.0,0.0,0.0,0.777777778,0.722222222,0.0,0.0,0.0,0.0,0.0,0.777777778,0.222222222,0.0,0.0,0.0,0.0,0.0,0.166666667,0.0,0.055555556,0.333333333,0.222222222,0.0,1.777777778,0.111111111,0.611111111,1.611111111,0.055555556,0.0,0.0,0.0,0.111111111,0.444444444,0.0,0.0,0.277777778,1.5,0.0,0.388888889,0.388888889,0.0,0.0,0.166666667,0.0,0.0,0.166666667,0.0,0.0,0.17738032341003418,0.061187103390693665,0.17301420867443085,0.04349888861179352,0.10358965396881104,0.07930462062358856,1.245266079902649,0.6873204112052917,0.23008780181407928,-0.006791346240788698,0.04771553725004196,0.10830627381801605,0.023935334756970406,0.613074004650116,0.06595615297555923,0.17162542045116425,0.09305055439472198,0.06843350827693939,0.09712576121091843,0.10978016257286072,0.06607367098331451,0.04613371565937996,0.06875886023044586,0.07328688353300095,0.0892750546336174,0.12008000910282135,0.5067043900489807,0.06441713869571686,0.19331032037734985,0.2739435136318207,0.10961773246526718,0.16436459124088287,0.08164878934621811,0.06363371014595032,0.07930384576320648,0.18297411501407623,0.09902025014162064,0.055533114820718765,0.1748300939798355,0.2885681390762329,0.0036713378503918648,0.15366356074810028,0.13215643167495728,0.15170451998710632,0.15841595828533173,0.13263815641403198,0.08520984649658203,0.1120695024728775,0.12230894714593887,0.04576176777482033,0.030476152896881104
AC220,0.0,0.0,0.0,0.0,0.0,0.0,0.111111111,0.0,0.074074074,0.0,0.0,0.0,0.0,0.111111111,0.0,0.0,0.0,0.185185185,0.962962963,1.333333333,0.814814815,0.62962963,0.592592593,0.222222222,0.074074074,0.0,0.185185185,0.555555556,0.814814815,0.481481481,0.592592593,0.296296296,0.37037037,0.185185185,0.148148148,0.074074074,0.185185185,0.0,0.0,0.814814815,0.111111111,0.074074074,0.444444444,0.0,0.0,0.0,0.0,0.111111111,0.0,0.0,0.0,0.14757096767425537,0.05634446442127228,0.13555659353733063,0.017944853752851486,0.06146508455276489,0.07359065860509872,0.12515616416931152,0.10219167917966843,0.17391526699066162,0.011100576259195805,0.06703409552574158,0.11143207550048828,0.09266488999128342,0.35838884115219116,0.22677567601203918,0.14685897529125214,0.2052464634180069,0.5041413307189941,0.7992909550666809,1.0584224462509155,0.5544210076332092,0.4285961985588074,0.27867966890335083,0.10805900394916534,0.02172408066689968,0.10499663650989532,0.006641324143856764,0.07214179635047913,0.06604055315256119,0.20702236890792847,0.28732219338417053,0.5207279324531555,0.6161970496177673,0.44813287258148193,0.093605175614357,0.22894920408725739,0.13703079521656036,0.10769670456647873,0.028049377724528313,0.16163790225982666,0.21023264527320862,0.07210782170295715,0.40776729583740234,0.06838587671518326,0.09018497914075851,0.12354624271392822,0.04858328774571419,0.027309630066156387,0.04680955410003662,0.0017025049310177565,0.03320030868053436
AC627,0.0,0.0,0.259259259,0.148148148,0.074074074,0.037037037,0.111111111,0.37037037,0.0,0.0,0.0,0.0,0.0,1.407407407,1.148148148,1.185185185,0.555555556,1.777777778,0.666666667,0.111111111,0.0,0.0,0.074074074,0.148148148,0.0,0.296296296,0.037037037,0.0,0.0,0.111111111,0.0,0.0,0.0,0.074074074,0.0,0.444444444,0.148148148,0.0,0.0,0.0,0.0,0.777777778,0.0,0.148148148,0.074074074,0.0,0.037037037,0.185185185,0.37037037,0.740740741,0.037037037,0.20182403922080994,0.026192009449005127,0.19565044343471527,0.1900697499513626,0.10166464000940323,0.11252687126398087,0.1930387318134308,0.3738848567008972,0.14086252450942993,0.017026549205183983,0.026016300544142723,0.07203995436429977,0.011670878157019615,1.9748449325561523,0.9287316799163818,1.0667521953582764,0.6003853678703308,0.6416376829147339,0.4676957428455353,0.5173363089561462,0.25523605942726135,0.06915687024593353,0.3538520038127899,0.12126384675502777,0.1708899885416031,0.15953819453716278,0.17418433725833893,0.08764252066612244,0.04970398172736168,0.04447850584983826,0.12500596046447754,0.09529156237840652,-0.002334785182029009,0.11702531576156616,0.07931282371282578,0.34484362602233887,0.15080495178699493,0.04093823954463005,0.025308363139629364,0.0686054527759552,0.12276207655668259,0.3031392991542816,0.08499275892972946,0.19169321656227112,0.20714734494686127,0.15644176304340363,0.030502794310450554,0.268005907535553,0.224310964345932,0.33504724502563477,0.05634419620037079
AC729,0.111111111,0.0,0.074074074,0.111111111,0.0,0.074074074,0.222222222,0.0,0.0,0.0,0.0,0.074074074,0.0,1.333333333,0.851851852,0.481481481,0.148148148,0.296296296,0.074074074,0.814814815,0.62962963,0.148148148,0.296296296,0.111111111,0.296296296,0.111111111,0.518518519,0.0,0.0,0.148148148,0.0,0.0,0.0,0.148148148,0.0,0.185185185,0.037037037,0.0,0.0,0.037037037,0.333333333,0.333333333,0.037037037,0.148148148,0.074074074,0.296296296,0.148148148,0.296296296,0.703703704,0.148148148,0.185185185,0.23809374868869781,0.064059317111969,0.3420780301094055,0.15331566333770752,0.3604893088340759,0.1168626993894577,0.2600557208061218,0.19748738408088684,0.4270921051502228,0.05443950369954109,0.18830083310604095,0.23780368268489838,0.08038882911205292,0.9750857353210449,0.7518772482872009,0.44109684228897095,0.23284408450126648,0.09488925337791443,0.060199886560440063,0.5227471590042114,0.3729039132595062,0.030021002516150475,0.39094752073287964,0.08490035682916641,0.08010625839233398,0.10522431880235672,0.1697375774383545,0.05624965950846672,0.08487416058778763,0.12413119524717331,0.21707461774349213,0.13271908462047577,0.03295588865876198,0.16269396245479584,0.08583254367113113,0.45966091752052307,0.1658231019973755,0.03819670528173447,0.032369885593652725,0.07800581306219101,0.25237932801246643,0.21613749861717224,0.08520909398794174,0.2617540955543518,0.2084120362997055,0.17127220332622528,0.048419371247291565,0.2902868092060089,0.26507070660591125,0.03468235582113266,0.07642463594675064
AD048,0.2,0.066666667,0.2,0.0,0.0,0.0,0.0,0.0,0.0,0.0,0.0,0.0,0.0,0.2,0.0,0.0,0.0,0.133333333,0.0,0.333333333,0.2,0.0,0.133333333,0.2,0.0,0.2,0.2,0.0,0.066666667,0.0,0.0,0.0,2.0,0.0,0.133333333,0.0,0.0,0.066666667,0.266666667,0.333333333,0.0,0.0,0.0,0.0,0.066666667,0.0,0.0,0.0,0.0,0.0,0.0,0.2773122489452362,0.12772266566753387,0.25240039825439453,0.15101274847984314,0.12767724692821503,0.11083132773637772,0.05878182500600815,0.15312443673610687,0.420760840177536,0.09726600348949432,0.13089485466480255,0.15820132195949554,0.09744265675544739,0.8030520677566528,0.239488884806633,0.1737866848707199,0.17811408638954163,0.17626787722110748,0.259848028421402,0.32016822695732117,0.31422489881515503,0.09921946376562119,0.21532467007637024,0.15358716249465942,0.16658960282802582,0.1339159607887268,0.2858179211616516,0.15063174068927765,0.2641635537147522,0.18681208789348602,0.33709517121315,0.20991095900535583,0.4700763523578644,0.42178213596343994,0.08870645612478256,0.35719045996665955,0.2164667397737503,0.18883678317070007,0.07424339652061462,0.2704014480113983,0.16691479086875916,0.2707269489765167,0.07704512029886246,0.9355050325393677,0.42799344658851624,0.6620433330535889,0.30652254819869995,0.2528054714202881,0.1722738891839981,0.12773656845092773,0.1346595287322998
AE379,1.185185185,0.444444444,0.37037037,0.111111111,0.148148148,0.0,0.037037037,0.185185185,0.0,0.037037037,0.0,0.0,0.0,0.0,0.074074074,0.0,0.0,0.185185185,0.0,1.037037037,1.962962963,0.037037037,1.111111111,0.740740741,0.0,0.0,0.074074074,0.111111111,0.0,0.407407407,0.37037037,0.296296296,0.074074074,0.555555556,0.037037037,0.222222222,0.111111111,0.074074074,0.0,0.0,0.0,0.0,0.148148148,0.0,0.037037037,0.074074074,0.0,0.0,0.0,0.037037037,0.111111111,0.439023494720459,0.05090053752064705,0.2621020972728729,0.08364269137382507,0.23507153987884521,0.12650005519390106,0.12716946005821228,0.20499318838119507,0.2027399092912674,0.040572527796030045,0.05435336381196976,0.06157544627785683,-0.005699059925973415,0.490507036447525,0.18119198083877563,0.2866255044937134,0.14445634186267853,0.1158774271607399,0.05872255191206932,1.235993504524231,1.7419286966323853,0.09362050890922546,0.7630722522735596,0.20545710623264313,0.07714582234621048,0.09117893129587173,0.1034037172794342,0.19191940128803253,0.07828588783740997,0.2401445209980011,0.1499047726392746,0.16256053745746613,0.06705553084611893,0.3968089520931244,0.1313321441411972,0.5882798433303833,0.20366275310516357,0.09692362695932388,0.02810472436249256,0.11206517368555069,0.11198253929615021,0.3004859983921051,0.11741682887077332,0.0857325941324234,0.12886323034763336,0.1714865118265152,0.09660173207521439,0.19418349862098694,0.21916833519935608,0.130235493183136,0.05553444102406502
AE421,0.222222222,0.0,0.222222222,0.074074074,0.222222222,0.333333333,1.037037037,0.259259259,0.148148148,0.0,0.0,0.148148148,0.0,0.592592593,0.0,0.148148148,0.111111111,0.148148148,0.0,0.0,0.037037037,0.0,0.0,0.0,0.0,0.0,0.185185185,0.0,0.0,0.444444444,0.074074074,0.0,0.0,0.111111111,0.0,0.074074074,0.148148148,0.0,0.0,0.0,0.0,0.296296296,0.37037037,0.518518519,0.888888889,0.518518519,0.592592593,3.481481481,0.0,0.0,0.037037037,0.4588356614112854,0.09064922481775284,0.42029842734336853,0.12096776813268661,0.16693902015686035,0.2881064713001251,1.161846399307251,0.5461422801017761,0.34031325578689575,0.1563207358121872,0.10021742433309555,0.13526687026023865,0.016901766881346703,0.45456627011299133,0.0857839584350586,0.12229519337415695,0.1433684378862381,0.18904905021190643,0.0619683600962162,0.11607395112514496,0.09641323238611221,0.037957411259412766,0.09574336558580399,0.05324723571538925,0.06951037794351578,0.1039673388004303,0.19092419743537903,0.04986739903688431,0.04639368876814842,0.08531902730464935,0.11483872681856155,0.039315350353717804,0.02852473221719265,0.08722185343503952,0.07729292660951614,0.29503440856933594,0.16615524888038635,0.05344456806778908,0.029583770781755447,0.10419392585754395,0.014881712384521961,0.22879932820796967,0.17252770066261292,0.45886752009391785,0.40673306584358215,0.41144242882728577,0.18964652717113495,2.03291392326355,0.19741465151309967,0.12201133370399475,0.19339372217655182
AE810,0.25,0.25,0.75,0.25,0.892857143,0.535714286,0.178571429,0.321428571,0.642857143,0.035714286,0.285714286,0.142857143,0.0,0.571428571,0.071428571,0.25,0.071428571,0.25,0.0,0.0,0.071428571,0.0,0.0,0.142857143,0.0,0.107142857,0.0,0.0,0.0,0.0,0.035714286,0.0,0.0,0.107142857,0.0,0.642857143,0.107142857,0.0,0.0,0.0,0.821428571,0.821428571,0.0,0.107142857,0.428571429,0.0,0.25,0.25,0.607142857,0.392857143,0.107142857,0.5722976922988892,1.1420652866363525,1.0144121646881104,0.29395776987075806,0.565267026424408,0.30061429738998413,0.5035742521286011,0.25223493576049805,0.5177609324455261,0.17621482908725739,0.39866533875465393,0.2844513952732086,0.11046643555164337,0.7455459237098694,0.22432968020439148,0.20247134566307068,0.1494191288948059,0.1416621208190918,0.020382342860102654,0.09464814513921738,0.09454599022865295,0.04712469130754471,0.1066519245505333,0.06079721823334694,0.006007411517202854,0.10457788407802582,0.10760591924190521,0.07941040396690369,0.14863991737365723,0.1276613175868988,0.2474788874387741,0.0787491723895073,0.08026976138353348,0.12232081592082977,0.07441604882478714,0.44968611001968384,0.10236157476902008,0.04005469009280205,0.028529588133096695,0.13431504368782043,0.4810115098953247,0.24432332813739777,0.05758240818977356,0.22322973608970642,0.3381636142730713,0.1522316038608551,0.20775417983531952,0.12793806195259094,0.34026846289634705,0.17743098735809326,0.16367612779140472
AE942,0.740740741,0.074074074,0.296296296,0.074074074,0.111111111,0.444444444,0.296296296,0.333333333,0.0,0.148148148,0.0,0.0,0.0,0.259259259,0.0,0.0,0.0,0.0,0.0,0.0,0.0,0.0,0.0,0.0,0.0,0.0,0.0,0.0,0.0,0.111111111,0.148148148,0.074074074,0.0,0.851851852,0.185185185,0.518518519,1.037037037,0.111111111,0.0,0.111111111,0.111111111,0.259259259,0.111111111,1.62962963,0.666666667,1.185185185,0.888888889,0.925925926,0.518518519,0.037037037,0.333333333,0.45645517110824585,0.07694490998983383,0.3971121609210968,0.41631850600242615,0.23956403136253357,0.2697029113769531,0.23166409134864807,0.157838836312294,0.280612051486969,0.04143624007701874,0.045769620686769485,0.14429034292697906,0.043531108647584915,0.5223075747489929,0.2004552036523819,0.17193664610385895,0.17514054477214813,0.08877180516719818,0.05529669672250748,0.2330908626317978,0.23514068126678467,0.04451989009976387,0.22041796147823334,0.04662363976240158,0.03548244759440422,0.07094280421733856,0.04358619451522827,0.04503604769706726,0.03664195537567139,0.2073824256658554,0.1726638823747635,0.04294007271528244,0.011603230610489845,0.513436496257782,0.08053702861070633,0.4980160593986511,0.2786549925804138,0.05115986615419388,0.028611859306693077,0.11636056751012802,0.21848340332508087,0.2038402110338211,0.0595988929271698,1.5503575801849365,0.9163771867752075,0.9647373557090759,0.5894292593002319,0.8786090612411499,0.14272423088550568,0.2225160002708435,0.17805403470993042
AG056,0.7,0.3,0.5,0.1,0.166666667,0.166666667,0.633333333,0.266666667,0.266666667,0.0,0.466666667,0.166666667,0.333333333,0.466666667,0.0,0.0,0.0,0.0,0.0,0.1,0.0,0.1,0.0,0.0,0.0,0.0,0.0,0.0,0.0,0.166666667,0.266666667,0.566666667,0.966666667,0.1,0.133333333,0.833333333,0.733333333,0.2,0.033333333,0.233333333,0.133333333,0.2,0.0,0.1,0.066666667,0.566666667,0.0,0.233333333,0.3,0.0,0.233333333,0.2716773450374603,0.04726927727460861,0.4752046465873718,0.8486382961273193,0.22611449658870697,0.2405739575624466,0.5783184170722961,0.2875795364379883,0.6740273833274841,0.20962627232074738,0.24692387878894806,0.3460337519645691,0.19634635746479034,1.1497491598129272,0.17373935878276825,0.21436549723148346,0.13388140499591827,0.06803371757268906,0.01179981417953968,0.11047039180994034,0.07723239809274673,0.04286392033100128,0.06920354813337326,0.05113859102129936,-0.00855199433863163,0.07646262645721436,0.1333518922328949,0.12089104950428009,0.08664734661579132,0.1581621915102005,0.2640441358089447,0.10731705278158188,0.5873724222183228,0.06228005886077881,0.07578244060277939,0.3185032904148102,0.1389247328042984,0.03928065299987793,0.025031479075551033,0.12437892705202103,0.11306342482566833,0.13038362562656403,0.03137900307774544,0.30835333466529846,0.884854257106781,0.22366906702518463,0.18021880090236664,0.19165174663066864,0.16116222739219666,0.15659159421920776,0.13245397806167603
AG272,0.066666667,0.0,0.433333333,0.533333333,0.166666667,0.233333333,0.033333333,0.233333333,0.3,0.0,0.0,0.0,0.0,0.8,0.066666667,0.133333333,0.066666667,0.0,0.0,0.0,0.0,0.0,0.0,0.0,0.0,0.0,0.0,0.0,0.0,0.0,0.5,0.0,0.266666667,0.0,0.0,0.633333333,0.0,0.0,0.0,0.0,0.133333333,0.0,0.0,2.666666667,1.7,0.366666667,0.0,0.266666667,0.233333333,0.133333333,0.266666667,0.281720370054245,0.0673976019024849,0.41438454389572144,0.34778305888175964,0.29901689291000366,0.1427234560251236,0.1359727531671524,0.1895972639322281,0.4737612307071686,0.018400177359580994,0.12517417967319489,0.19668971002101898,0.08602380007505417,0.6748669743537903,0.16853870451450348,0.24348732829093933,0.16489934921264648,0.07815028727054596,0.017773276194930077,0.12231584638357162,0.21492065489292145,0.02020850218832493,0.18777835369110107,0.03617895767092705,0.022039415314793587,0.06245013326406479,0.1118636354804039,0.11069096624851227,0.12277678400278091,0.10373454540967941,0.23606285452842712,0.11809276044368744,0.027773210778832436,0.15787763893604279,0.07830315083265305,0.42843756079673767,0.15723265707492828,0.03834596276283264,0.09175456315279007,0.12111169844865799,0.11643765866756439,0.15757328271865845,0.1447545439004898,1.2529271841049194,0.7954172492027283,0.3877098262310028,0.1605728566646576,0.40889772772789,0.24904905259609222,0.052956897765398026,0.08752716332674026
AG351,0.133333333,0.0,0.166666667,0.0,0.066666667,0.0,0.2,0.0,0.5,0.0,0.0,0.0,0.0,0.366666667,0.1,0.133333333,0.066666667,0.266666667,0.133333333,0.733333333,0.4,0.666666667,0.1,0.066666667,0.0,0.0,0.0,0.0,0.0,0.2,0.566666667,0.6,3.7,0.133333333,0.266666667,0.133333333,0.0,0.0,0.1,0.1,0.233333333,0.3,0.266666667,0.1,0.033333333,0.066666667,0.0,0.1,0.266666667,0.0,0.0,0.18306629359722137,0.09473611414432526,0.31148362159729004,0.10014566034078598,0.05474448949098587,0.1157219186425209,0.0674428790807724,0.12579475343227386,0.15356069803237915,0.007727442309260368,0.031310074031353,0.1116107776761055,0.012130805291235447,0.33905771374702454,0.13334135711193085,0.18956458568572998,0.11872164905071259,0.18174831569194794,0.08437090367078781,0.6158071756362915,0.23888114094734192,0.6274451017379761,0.1766025871038437,0.15449659526348114,0.0178418830037117,0.06313272565603256,0.06193137913942337,0.16251511871814728,0.18781615793704987,0.28766322135925293,0.30339428782463074,0.40238890051841736,3.7687160968780518,0.14260384440422058,0.08324485272169113,0.2516295313835144,0.131900355219841,0.05178099125623703,0.032064273953437805,0.14998334646224976,0.1296742856502533,0.12478057295084,0.07042068988084793,0.16866734623908997,0.13728490471839905,0.1841057389974594,0.030427822843194008,0.1311221420764923,0.13222041726112366,0.016574403271079063,0.057233620434999466
AH254,0.133333333,0.0,0.466666667,0.1,0.566666667,0.066666667,0.2,0.266666667,0.833333333,0.1,0.333333333,0.166666667,0.1,0.7,0.233333333,0.1,0.366666667,0.166666667,0.033333333,0.166666667,0.133333333,0.0,0.266666667,0.0,0.0,0.3,0.0,0.0,0.066666667,0.1,0.1,0.233333333,0.066666667,0.166666667,0.0,0.9,0.3,0.0,0.0,0.0,0.766666667,0.533333333,0.0,0.633333333,0.933333333,0.0,0.033333333,0.133333333,0.466666667,0.166666667,0.233333333,0.15855105221271515,0.052881721407175064,0.2526777386665344,0.29261577129364014,0.29316139221191406,0.14797495305538177,0.3828224539756775,0.20434622466564178,0.684587299823761,0.04484731703996658,0.22212542593479156,0.37799155712127686,0.052811600267887115,0.8979852199554443,0.3832775950431824,0.38670647144317627,0.3534013032913208,0.22986309230327606,0.20976918935775757,0.4399886131286621,0.2857070565223694,0.1156911551952362,0.3957701027393341,0.08906111121177673,0.042906224727630615,0.13360470533370972,0.0785580426454544,0.17198307812213898,0.10669775307178497,0.21220970153808594,0.2227993607521057,0.12549655139446259,0.13763688504695892,0.15601341426372528,0.08700535446405411,0.5362077355384827,0.15128222107887268,0.047451138496398926,0.04945901408791542,0.16574473679065704,0.3371248245239258,0.2584807872772217,0.10842597484588623,0.3233203589916229,0.33019012212753296,0.14971986413002014,0.042764563113451004,0.2515568435192108,0.33716458082199097,0.05061248689889908,0.10378754138946533
AH568,0.1,0.066666667,0.266666667,0.0,0.0,0.0,0.533333333,0.2,1.3,0.0,0.9,0.266666667,0.066666667,0.866666667,0.133333333,0.3,0.0,0.1,0.033333333,0.0,0.0,0.0,0.1,0.0,0.133333333,0.0,0.066666667,0.0,0.566666667,0.366666667,0.6,0.566666667,2.633333333,0.133333333,0.0,0.133333333,0.1,0.0,0.0,0.066666667,0.0,0.0,0.0,0.2,0.133333333,0.0,0.0,0.0,0.0,0.0,0.0,0.265627920627594,0.21597225964069366,0.39059868454933167,0.09569349884986877,0.14458177983760834,0.11107137054204941,0.24683913588523865,0.09804970771074295,0.40039509534835815,0.14012357592582703,0.24316588044166565,0.21319621801376343,0.09993194043636322,0.3272269666194916,0.09444277733564377,0.12694887816905975,0.10949423164129257,0.09729599207639694,0.04439442232251167,0.33155956864356995,0.17459698021411896,0.3562777042388916,0.09194982051849365,0.10602053254842758,0.01615775376558304,0.09850174933671951,0.05377975478768349,0.07138761132955551,0.17168352007865906,0.24439601600170135,0.3565378785133362,0.48555344343185425,2.690751791000366,0.14114665985107422,0.13379336893558502,0.3146021366119385,0.11031800508499146,0.05127662047743797,0.029937850311398506,0.12039642781019211,0.17430591583251953,0.06974576413631439,0.05395776405930519,0.0864996686577797,0.19400766491889954,0.158712238073349,0.1656777262687683,0.12622638046741486,0.11105731129646301,0.06909903138875961,0.03251279518008232
AI338,0.517241379,0.0,0.344827586,0.0,0.24137931,0.0,0.103448276,0.275862069,0.965517241,0.172413793,0.413793103,0.24137931,0.206896552,1.172413793,0.344827586,0.482758621,0.482758621,0.0,0.0,0.275862069,0.413793103,0.0,0.482758621,0.0,0.0,0.0,0.24137931,0.0,0.068965517,0.310344828,0.586206897,0.0,0.0,0.482758621,0.482758621,0.517241379,0.068965517,0.0,0.0,0.344827586,0.0,0.034482759,0.034482759,0.0,0.0,0.137931034,0.068965517,0.103448276,0.0,0.0,0.034482759,0.45799121260643005,0.05579514801502228,0.299280047416687,0.054267238825559616,0.33380845189094543,0.07791030406951904,0.08116435259580612,0.1635933220386505,0.38844794034957886,0.05119830369949341,0.08663316071033478,0.15500788390636444,-0.00032653039670549333,0.7832240462303162,0.37702691555023193,0.30129674077033997,0.16584716737270355,0.09917109459638596,0.0999746322631836,0.5181335806846619,0.8910985589027405,0.09934517741203308,0.9491192698478699,0.04105714336037636,0.135922372341156,0.07040563970804214,0.5033859610557556,0.29005470871925354,0.21158427000045776,0.17368102073669434,0.147591695189476,0.09332478046417236,0.02688802219927311,0.2265210896730423,0.09090235084295273,0.3411959111690521,0.14057283103466034,0.040495291352272034,0.02676033042371273,0.10369136184453964,0.03620966896414757,0.15895318984985352,0.05541182681918144,0.09142500162124634,0.10171524435281754,0.13656088709831238,0.10205008089542389,0.28780242800712585,0.12690600752830505,0.028013642877340317,0.060340747237205505
AI981,0.642857143,0.142857143,0.714285714,0.107142857,0.678571429,0.928571429,0.857142857,0.107142857,0.75,0.535714286,0.392857143,0.0,0.0,0.821428571,0.285714286,0.25,0.107142857,0.107142857,0.0,0.0,0.285714286,0.0,0.178571429,0.071428571,0.0,0.5,0.0,0.0,0.0,0.071428571,0.0,0.0,0.0,0.535714286,0.214285714,0.571428571,0.071428571,0.0,0.0,0.0,0.214285714,0.5,0.0,0.107142857,0.035714286,0.357142857,0.321428571,0.464285714,0.678571429,0.25,0.142857143,0.5765388011932373,0.08450088649988174,0.5242683291435242,0.05889429524540901,0.39724722504615784,0.21336166560649872,0.3459491431713104,0.19937764108181,0.26936906576156616,0.1444607824087143,0.07914860546588898,0.14725422859191895,0.04140009731054306,0.44967156648635864,0.30497685074806213,0.20980311930179596,0.17440712451934814,0.09303067624568939,0.08426505327224731,0.4050023555755615,0.4126571714878082,0.047239284962415695,0.361203134059906,0.10087358206510544,0.022384976968169212,0.14863592386245728,0.02995532751083374,0.04571988061070442,0.06841371208429337,0.23196005821228027,0.20518912374973297,0.0842830240726471,0.03397925943136215,0.3024829626083374,0.09337761998176575,0.5508199334144592,0.17212527990341187,0.049247488379478455,0.026463864371180534,0.12893681228160858,0.11092855036258698,0.14931626617908478,0.07631031423807144,0.1714242696762085,0.13937164843082428,0.3600621521472931,0.21830807626247406,0.22276802361011505,0.21508152782917023,0.1756422072649002,0.10034454613924026
AJ266,0.233333333,0.0,0.266666667,0.1,0.433333333,0.033333333,0.1,0.366666667,0.266666667,0.0,0.0,0.0,0.0,1.033333333,0.966666667,0.433333333,0.566666667,1.033333333,1.5,0.8,0.466666667,0.1,0.4,0.0,0.1,0.133333333,0.133333333,0.0,0.066666667,0.166666667,0.166666667,0.066666667,0.066666667,0.266666667,0.066666667,0.7,0.166666667,0.0,0.0,0.033333333,0.466666667,0.0,0.066666667,0.133333333,0.266666667,0.333333333,0.0,0.766666667,0.166666667,0.333333333,0.066666667,0.17369838058948517,0.009096634574234486,0.28868669271469116,0.16999025642871857,0.3869188129901886,0.11060085892677307,0.22302472591400146,0.24728211760520935,0.7396859526634216,0.04428088665008545,0.08706401288509369,0.13370177149772644,0.01683284342288971,1.240649700164795,0.5718224048614502,0.37652498483657837,0.7735058665275574,0.4647342562675476,0.8827265501022339,0.48550844192504883,0.38790154457092285,0.2176833599805832,0.3349702060222626,0.10200151801109314,0.050713516771793365,0.15049833059310913,0.0785866379737854,0.07759325206279755,0.07776650786399841,0.20359404385089874,0.2509368062019348,0.18882645666599274,0.0633925050497055,0.17479579150676727,0.0735301747918129,0.40195080637931824,0.1500978320837021,0.06602603197097778,0.027647947892546654,0.12118110060691833,0.2725302278995514,0.1553911566734314,0.07645866274833679,0.33387425541877747,0.15387950837612152,0.3684237003326416,0.0684439018368721,0.2826108932495117,0.11996392905712128,0.12482369691133499,0.08829553425312042
AK436,0.0,0.133333333,0.333333333,0.2,0.166666667,0.533333333,0.4,0.333333333,1.033333333,3.433333333,0.466666667,0.433333333,0.0,1.866666667,0.133333333,0.233333333,0.133333333,0.133333333,0.1,0.0,0.233333333,0.0,0.0,0.1,0.0,0.2,0.066666667,0.0,0.0,0.566666667,0.0,0.0,0.0,0.0,0.0,0.066666667,0.1,0.0,0.0,0.0,0.0,0.066666667,0.0,0.433333333,0.366666667,0.0,0.133333333,0.1,0.0,0.0,0.266666667,0.3950220048427582,0.14435197412967682,0.4677009582519531,0.05388496443629265,0.24949586391448975,0.17033295333385468,0.6469166874885559,0.20448319613933563,0.6467499732971191,0.39877110719680786,0.23455771803855896,0.244289830327034,0.11994662880897522,1.2265499830245972,0.23622378706932068,0.20979072153568268,0.16472136974334717,0.07797473669052124,0.099879689514637,0.1747075617313385,0.2402450442314148,0.08648393303155899,0.2150149941444397,0.06872563809156418,0.002797578228637576,0.21771806478500366,0.10924240201711655,0.08218410611152649,0.27790525555610657,0.2474263459444046,0.24891622364521027,0.05321847274899483,0.1407114863395691,0.15355470776557922,0.07598129659891129,0.45513495802879333,0.11616947501897812,0.0513540580868721,0.039085596799850464,0.12441035360097885,0.15465795993804932,0.15210287272930145,0.08150101453065872,0.2079957127571106,0.1115478053689003,0.3655661940574646,0.20642687380313873,0.2455012947320938,0.21119509637355804,0.1515934020280838,0.1669195592403412
AK851,0.233333333,0.0,0.133333333,0.1,0.2,0.433333333,0.4,0.3,0.733333333,3.666666667,0.233333333,0.3,0.0,1.733333333,0.0,0.266666667,0.1,0.0,0.0,0.0,0.266666667,0.0,0.0,0.0,0.0,0.066666667,0.0,0.0,0.1,0.466666667,0.066666667,0.0,0.0,0.166666667,0.0,0.6,0.333333333,0.0,0.133333333,0.066666667,0.0,0.0,0.1,0.5,0.266666667,0.7,0.266666667,0.0,0.133333333,0.0,0.266666667,0.4523372948169708,0.07734481245279312,0.502167284488678,0.4883607029914856,0.28543731570243835,0.22234995663166046,0.372172474861145,0.2475832849740982,1.0261794328689575,0.4120537340641022,0.23068858683109283,0.19942538440227509,0.03630775958299637,1.5710362195968628,0.3091902732849121,0.311554878950119,0.3294529616832733,0.07831744849681854,0.047829218208789825,0.18945598602294922,0.3366888165473938,0.02951103262603283,0.3238547444343567,0.0854196771979332,0.05489671230316162,0.16147850453853607,0.05231189727783203,0.05517880991101265,0.14432945847511292,0.3689897954463959,0.2659636437892914,0.028154557570815086,0.0417521707713604,0.2263416200876236,0.07598479092121124,0.6849978566169739,0.21746225655078888,0.040355607867240906,0.029691267758607864,0.11740550398826599,0.1290837973356247,0.12941044569015503,0.155356302857399,0.19813548028469086,0.2146848738193512,0.4166790544986725,0.19771727919578552,0.33537232875823975,0.24629171192646027,0.16028419137001038,0.15474556386470795
AK907,0.433333333,0.233333333,0.266666667,0.033333333,0.0,0.0,0.6,0.333333333,1.466666667,0.233333333,0.0,0.1,0.1,1.433333333,0.066666667,0.133333333,0.566666667,0.0,0.066666667,0.0,0.266666667,0.133333333,0.2,0.066666667,0.0,0.1,0.0,0.0,0.066666667,0.9,0.7,0.233333333,0.0,0.133333333,0.0,0.5,0.1,0.2,0.033333333,0.5,0.0,0.066666667,0.0,0.066666667,0.3,2.233333333,0.0,0.566666667,0.066666667,0.066666667,0.266666667,0.7090287208557129,0.0781804546713829,0.2713375687599182,0.08969806879758835,0.2192222625017166,0.1117687076330185,0.2651844322681427,0.1503453254699707,0.5048710703849792,0.0269631277769804,0.01958966813981533,0.12473637610673904,0.012367228046059608,0.8582391738891602,0.2683942914009094,0.2272041290998459,0.18658415973186493,0.1454010158777237,0.15307871997356415,0.4211370348930359,0.3356093764305115,0.1593371480703354,0.4038989245891571,0.11620155721902847,0.04149268940091133,0.16121262311935425,0.11219248175621033,0.138148695230484,0.13027647137641907,0.6819988489151001,0.2982330024242401,0.22216275334358215,0.17657597362995148,0.41520369052886963,0.08983439207077026,0.5724440217018127,0.13273252546787262,0.27436408400535583,0.028179487213492393,0.26916855573654175,0.2247711718082428,0.15889228880405426,0.09946506470441818,0.16109634935855865,0.11119667440652847,0.37365034222602844,0.12580202519893646,0.3950909376144409,0.19687259197235107,0.19598637521266937,0.16483187675476074
AK975,0.366666667,0.0,0.2,0.0,0.033333333,0.0,0.166666667,0.1,0.666666667,0.166666667,0.1,0.0,0.133333333,1.2,1.166666667,0.6,0.1,0.0,0.066666667,0.0,0.266666667,0.4,0.133333333,0.066666667,0.233333333,0.066666667,0.333333333,0.133333333,0.033333333,0.5,0.2,0.3,0.0,0.566666667,0.333333333,0.9,0.166666667,0.933333333,0.033333333,0.833333333,0.133333333,0.266666667,0.266666667,0.4,0.133333333,0.4,0.1,0.066666667,0.433333333,0.266666667,0.133333333,0.5593211650848389,0.025367995724081993,0.3487842082977295,0.1902327984571457,0.28125444054603577,0.11735440045595169,0.2778332531452179,0.2170313149690628,0.5894431471824646,0.06834673136472702,0.10856903344392776,0.19761055707931519,0.029787760227918625,1.1589908599853516,0.3214123547077179,0.3518678843975067,0.19723935425281525,0.10292147845029831,0.11285945773124695,0.3451387584209442,0.8488422632217407,0.17252236604690552,0.5421310663223267,0.14427444338798523,0.06230877712368965,0.14867208898067474,0.1432824283838272,0.09990591555833817,0.21198110282421112,0.4625806212425232,0.18635515868663788,0.21824601292610168,0.271108478307724,0.325756698846817,0.0866820365190506,0.6398223638534546,0.1377323865890503,0.1972806602716446,0.033868275582790375,0.31964707374572754,0.2747606933116913,0.14191646873950958,0.12974080443382263,0.38171422481536865,0.29968005418777466,0.4220069944858551,0.13196982443332672,0.3968891501426697,0.2574561536312103,0.1439693123102188,0.12757596373558044
AL426,0.366666667,0.0,0.233333333,0.0,0.833333333,0.2,0.233333333,0.0,0.133333333,0.1,0.0,0.033333333,0.0,0.2,0.233333333,0.066666667,0.266666667,0.033333333,0.266666667,0.933333333,1.7,0.0,0.833333333,0.0,0.0,0.366666667,0.0,0.066666667,0.0,0.0,0.0,0.0,0.033333333,0.766666667,0.1,0.966666667,0.0,0.0,0.0,0.0,0.433333333,0.4,0.0,0.0,0.133333333,0.233333333,0.533333333,0.0,0.533333333,0.166666667,0.366666667,0.5376954078674316,0.08084986358880997,0.3697943091392517,0.14946340024471283,0.7027726173400879,0.18933582305908203,0.34384825825691223,0.15991473197937012,0.4055705666542053,0.11570174992084503,0.054001741111278534,0.06558588147163391,0.0015477932756766677,0.45211729407310486,0.25794440507888794,0.1825454831123352,0.18777890503406525,0.14371861517429352,0.1513897180557251,0.7244764566421509,0.9084512591362,0.10402970016002655,0.5861326456069946,0.07859257608652115,0.020072128623723984,0.18536832928657532,0.041303180158138275,0.07677442580461502,0.14744974672794342,0.26417624950408936,0.20059342682361603,0.08904373645782471,0.034402552992105484,0.4025384485721588,0.11228752881288528,1.135644555091858,0.39006468653678894,0.15351815521717072,0.040399808436632156,0.20124351978302002,0.435484915971756,0.16740280389785767,0.14898410439491272,0.14300237596035004,0.12247484177350998,0.3471861481666565,0.1937718391418457,0.19745618104934692,0.3733159899711609,0.3021426200866699,0.2681683599948883
AL860,1.166666667,0.1,0.833333333,0.233333333,0.6,0.233333333,0.433333333,0.0,0.5,0.3,0.133333333,0.066666667,0.0,0.733333333,0.066666667,0.1,0.2,0.0,0.0,0.0,0.166666667,0.0,0.066666667,0.0,0.0,0.1,0.0,0.0,0.0,0.066666667,0.266666667,0.0,0.0,0.366666667,0.1,0.8,0.1,0.133333333,0.066666667,0.033333333,0.733333333,0.066666667,0.0,0.033333333,0.133333333,0.133333333,0.8,0.0,1.033333333,0.2,0.166666667,0.880031943321228,0.09716731309890747,0.6766238808631897,0.2539955675601959,0.41409730911254883,0.1984119415283203,0.4095301330089569,0.2161949872970581,0.4278126657009125,0.09735438972711563,0.13752534985542297,0.13094232976436615,0.05758669972419739,0.6012621521949768,0.18019838631153107,0.13861660659313202,0.19189485907554626,0.11601263284683228,0.08447498828172684,0.3025650978088379,0.5342333912849426,0.08135543018579483,0.5699726343154907,0.1257600039243698,0.024205511435866356,0.24380876123905182,0.02956787869334221,0.05264173820614815,0.0730803832411766,0.2885812520980835,0.21060426533222198,0.06518048793077469,0.09549972414970398,0.35102957487106323,0.10579518228769302,0.9800888299942017,0.30354589223861694,0.11606941372156143,0.036576446145772934,0.17495107650756836,0.3553895056247711,0.24103888869285583,0.1525747925043106,0.21230663359165192,0.17174449563026428,0.24501992762088776,0.1337406188249588,0.09489704668521881,0.4108286201953888,0.21149317920207977,0.24407759308815002
AL869,0.5,0.0,0.433333333,0.4,0.3,0.133333333,0.966666667,0.0,1.566666667,0.266666667,0.533333333,0.733333333,0.266666667,2.1,0.366666667,0.466666667,0.0,0.0,0.0,0.233333333,0.5,0.0,0.6,0.233333333,0.033333333,0.533333333,0.133333333,0.0,0.433333333,0.2,0.033333333,0.0,0.0,0.233333333,0.0,0.333333333,0.333333333,0.0,0.0,0.0,0.0,0.0,0.1,0.0,0.233333333,0.433333333,0.0,0.4,0.0,0.0,0.0,0.6576521992683411,0.05577855929732323,0.5117393732070923,0.12831753492355347,0.5749853253364563,0.13589613139629364,0.30791816115379333,0.18876957893371582,0.580258309841156,0.06208958476781845,0.13151764869689941,0.14534729719161987,0.00021148262021597475,0.8768629431724548,0.27643105387687683,0.25088948011398315,0.18469439446926117,0.07596747577190399,0.06828702986240387,0.7095712423324585,0.9984173774719238,0.11178463697433472,0.5976876616477966,0.1258493810892105,0.044880885630846024,0.17372921109199524,0.04874059930443764,0.06354504823684692,0.12318477034568787,0.33195728063583374,0.23349502682685852,0.08669903129339218,0.11997909098863602,0.3812932074069977,0.07943226397037506,0.7756919264793396,0.19515912234783173,0.06587277352809906,0.05065900832414627,0.178008034825325,0.11324096471071243,0.1549077033996582,0.06952139735221863,0.10580503195524216,0.15561507642269135,0.3288952708244324,0.1430085301399231,0.15906450152397156,0.14517496526241302,0.15389929711818695,0.08813614398241043
AM361,0.533333333,0.1,0.633333333,1.0,0.833333333,0.1,0.466666667,0.466666667,0.166666667,0.0,0.1,0.0,0.133333333,1.3,0.433333333,0.3,0.466666667,0.0,0.066666667,0.1,0.266666667,0.0,0.066666667,0.0,0.066666667,0.4,0.0,0.0,0.0,0.066666667,0.3,0.0,0.0,0.1,0.0,0.9,0.3,0.0,0.0,0.0,0.3,0.0,0.133333333,0.3,0.1,0.2,0.0,0.6,0.166666667,0.1,0.033333333,0.3649899959564209,0.07392574846744537,0.4012224078178406,0.6939435601234436,0.5483523011207581,0.17368540167808533,0.39252063632011414,0.43402907252311707,0.7109549641609192,0.056805554777383804,0.2073274850845337,0.1906479001045227,0.08427796512842178,1.4440104961395264,0.3593728840351105,0.3252442181110382,0.21903277933597565,0.16836677491664886,0.040774233639240265,0.16982968151569366,0.15295147895812988,0.10187187045812607,0.14554350078105927,0.13517867028713226,0.0819351077079773,0.6399900317192078,0.1002427190542221,0.05587151274085045,0.0838942751288414,0.1801590472459793,0.16017338633537292,0.03978504240512848,0.034311264753341675,0.11316070705652237,0.07697743922472,0.44409024715423584,0.12768352031707764,0.03888387978076935,0.0250483937561512,0.09186103194952011,0.18914511799812317,0.16423091292381287,0.06528005748987198,0.29770612716674805,0.42161116003990173,0.188486710190773,0.14391325414180756,0.21996691823005676,0.36686864495277405,0.18665063381195068,0.07884663343429565
AM430,0.4,0.033333333,0.866666667,0.666666667,0.9,0.0,0.5,0.2,0.233333333,0.0,0.2,0.0,0.0,1.3,0.5,0.566666667,0.466666667,0.0,0.0,0.1,0.133333333,0.0,0.2,0.0,0.233333333,0.366666667,0.1,0.033333333,0.0,0.066666667,0.266666667,0.0,0.0,0.0,0.033333333,0.266666667,0.0,0.0,0.0,0.0,0.066666667,0.066666667,0.0,0.3,0.233333333,0.266666667,0.1,0.066666667,0.4,0.2,0.066666667,0.3258490264415741,0.07656784355640411,0.48212432861328125,0.19434282183647156,0.2876703441143036,0.16032464802265167,0.6112269759178162,0.25046661496162415,1.3624610900878906,0.24690784513950348,0.4858125150203705,0.5859963893890381,0.16887038946151733,1.390458345413208,0.29118165373802185,0.24220013618469238,0.1516500562429428,0.07000571489334106,0.03243229538202286,0.11296770721673965,0.11972247809171677,0.05928219109773636,0.10898526757955551,0.12712132930755615,0.17135530710220337,0.6929669380187988,0.15815898776054382,0.055042460560798645,0.11668097972869873,0.14480283856391907,0.29475677013397217,0.06120986118912697,0.050910837948322296,0.09422203153371811,0.07771281898021698,0.35930049419403076,0.12890711426734924,0.03922009468078613,0.025057928636670113,0.1177239641547203,0.09613935649394989,0.13167385756969452,0.03857799619436264,0.19523528218269348,0.21675601601600647,0.19819700717926025,0.24588538706302643,0.3049948513507843,0.2797248363494873,0.11803112179040909,0.09705238789319992
AO091,0.1,0.166666667,0.2,1.3,0.166666667,0.133333333,0.533333333,0.666666667,0.6,0.266666667,0.166666667,0.2,0.333333333,1.533333333,0.766666667,0.733333333,0.333333333,0.0,0.066666667,0.933333333,1.166666667,0.0,0.4,0.166666667,0.366666667,0.7,0.133333333,0.1,0.2,0.2,0.066666667,0.066666667,0.0,0.0,0.0,0.4,0.133333333,0.0,0.0,0.033333333,0.1,0.133333333,0.0,0.066666667,0.2,0.033333333,0.433333333,0.466666667,0.133333333,0.166666667,0.0,0.4052330255508423,0.09821458905935287,0.4829205274581909,0.6662097573280334,0.5396308898925781,0.191742941737175,0.32569053769111633,0.27134308218955994,0.6283286213874817,0.09990452229976654,0.14014877378940582,0.2381526380777359,0.03568559139966965,1.1944208145141602,0.34022700786590576,0.3251790404319763,0.23392893373966217,0.07640274614095688,0.03348734229803085,0.35197749733924866,0.7949720621109009,0.059523820877075195,0.38961538672447205,0.11496642231941223,0.026599707081913948,0.25581666827201843,0.09533997625112534,0.09559430181980133,0.10654105991125107,0.21585603058338165,0.20994780957698822,0.05192353576421738,0.04219181835651398,0.19505365192890167,0.07771661877632141,0.4534459710121155,0.11284255236387253,0.1025545597076416,0.027538351714611053,0.11666842550039291,0.14131416380405426,0.15565058588981628,0.08453569561243057,0.3668583035469055,0.4343082010746002,0.23751221597194672,0.23119843006134033,0.762963593006134,0.2919563055038452,0.1680513620376587,0.1122979074716568
AP450,0.466666667,0.133333333,0.366666667,0.2,0.333333333,0.233333333,0.233333333,0.533333333,1.266666667,0.166666667,0.733333333,0.633333333,0.0,2.166666667,0.5,0.4,0.066666667,0.133333333,0.033333333,0.9,1.133333333,0.0,0.933333333,0.133333333,0.1,0.066666667,0.133333333,0.066666667,0.0,0.166666667,0.066666667,0.0,0.0,0.0,0.0,0.566666667,0.2,0.0,0.0,0.0,0.133333333,0.066666667,0.033333333,0.2,0.2,0.166666667,0.133333333,0.5,0.133333333,0.133333333,0.1,0.2561322748661041,0.05938691273331642,0.26209723949432373,0.23130637407302856,0.2610229551792145,0.07290520519018173,0.38770589232444763,0.261342853307724,0.6571824550628662,0.05543550103902817,0.1875932514667511,0.22543123364448547,0.06909468024969101,1.2139267921447754,0.30226632952690125,0.32084545493125916,0.1997392326593399,0.10638628154993057,0.06019377335906029,0.33564460277557373,0.6057983040809631,0.0618010014295578,0.43482592701911926,0.09908438473939896,0.07998586446046829,0.12182673066854477,0.22040799260139465,0.11548801511526108,0.20223426818847656,0.15730270743370056,0.2410667985677719,0.08521212637424469,0.019174760207533836,0.088041752576828,0.08161061257123947,0.37071725726127625,0.12404050678014755,0.039089612662792206,0.029732849448919296,0.08000283688306808,0.2323225736618042,0.17423203587532043,0.05935521051287651,0.28290656208992004,0.2289641797542572,0.2597211003303528,0.10020243376493454,0.4645423889160156,0.22956478595733643,0.05322318151593208,0.08277454972267151
AP839,0.233333333,0.0,0.3,0.0,0.0,0.0,0.0,0.066666667,0.266666667,0.0,0.066666667,0.1,0.0,0.4,0.533333333,0.266666667,0.266666667,0.0,0.0,0.4,0.133333333,0.433333333,0.133333333,0.133333333,0.0,0.366666667,0.266666667,0.2,1.966666667,0.966666667,0.8,1.333333333,2.466666667,0.033333333,0.5,0.533333333,0.0,0.1,0.266666667,0.966666667,0.0,0.0,0.1,0.0,0.0,0.4,0.0,0.133333333,0.1,0.0,0.066666667,0.24443380534648895,0.027996117249131203,0.22477209568023682,0.04882834106683731,0.10315302014350891,0.058614280074834824,0.14148689806461334,0.12260618805885315,0.5459156632423401,0.13170059025287628,0.10769174247980118,0.20204885303974152,0.030709072947502136,0.735945999622345,0.3045712113380432,0.2256104201078415,0.12651291489601135,0.07765153795480728,0.11052810400724411,0.3977208733558655,0.25224241614341736,0.475052148103714,0.2228577435016632,0.47565245628356934,0.05839195102453232,0.19378192722797394,0.23460392653942108,0.11852046847343445,0.6344624757766724,0.6162672638893127,0.4098548889160156,0.5251556634902954,1.2025439739227295,0.16705170273780823,0.10336039960384369,0.5126509070396423,0.11662383377552032,0.14205028116703033,0.041022397577762604,0.7531890273094177,0.12645354866981506,0.10287809371948242,0.13533350825309753,0.12854255735874176,0.069893978536129,0.25730186700820923,0.046282313764095306,0.09883987158536911,0.16049279272556305,0.0257987380027771,0.06686951965093613
