stimulus,true_Green,true_Cucumber,true_Herbal,true_Mint,true_Woody,true_Pine,true_Floral,true_Powdery,true_Fruity,true_Citrus,true_Tropical,true_Berry,true_Peach,true_Sweet,true_Caramellic,true_Vanilla,true_BrownSpice,true_Smoky,true_Burnt,true_Roasted,true_Grainy,true_Meaty,true_Nutty,true_Fatty,true_Coconut,true_Waxy,true_Dairy,true_Buttery,true_Cheesy,true_Sour,true_Fermented,true_Sulfurous,true_Garlic.Onion,true_Earthy,true_Mushroom,true_Musty,true_Ammonia,true_Fishy,true_Fecal,true_Rotten.Decay,true_Rubber,true_Phenolic,true_Animal,true_Medicinal,true_Cooling,true_Sharp,true_Chlorine,true_Alcoholic,true_Plastic,true_Ozone,true_Metallic,pred_Green,pred_Cucumber,pred_Herbal,pred_Mint,pred_Woody,pred_Pine,pred_Floral,pred_Powdery,pred_Fruity,pred_Citrus,pred_Tropical,pred_Berry,pred_Peach,pred_Sweet,pred_Caramellic,pred_Vanilla,pred_BrownSpice,pred_Smoky,pred_Burnt,pred_Roasted,pred_Grainy,pred_Meaty,pred_Nutty,pred_Fatty,pred_Coconut,pred_Waxy,pred_Dairy,pred_Buttery,pred_Cheesy,pred_Sour,pred_Fermented,pred_Sulfurous,pred_Garlic.Onion,pred_Earthy,pred_Mushroom,pred_Musty,pred_Ammonia,pred_Fishy,pred_Fecal,pred_Rotten.Decay,pred_Rubber,pred_Phenolic,pred_Animal,pred_Medicinal,pred_Cooling,pred_Sharp,pred_Chlorine,pred_Alcoholic,pred_Plastic,pred_Ozone,pred_Metallic
AA142,0.076923077,0.0,0.038461538,0.0,0.230769231,0.0,0.807692308,0.230769231,0.192307692,0.0,0.0,0.0,0.0,0.038461538,0.0,0.0,0.0,0.115384615,0.038461538,0.423076923,0.153846154,0.230769231,0.192307692,0.153846154,0.0,0.153846154,0.0,0.269230769,0.884615385,0.346153846,0.0,0.192307692,3.307692308,0.0,0.115384615,0.0,0.153846154,0.0,0.0,0.153846154,0.0,0.269230769,0.0,0.153846154,0.0,0.038461538,0.038461538,0.0,0.115384615,0.038461538,0.0,0.24941301345825195,0.08016417920589447,0.07192980498075485,0.01769544556736946,0.004537112079560757,0.10521110147237778,0.9942649602890015,0.4018065333366394,0.04046616330742836,0.0831553265452385,0.01535035204142332,0.04898388683795929,0.10329381376504898,0.5352672338485718,0.0053490386344492435,0.044169094413518906,0.014253418892621994,0.23397547006607056,0.013160350732505322,0.19247624278068542,0.061601076275110245,0.1891205906867981,0.05626100301742554,0.27103641629219055,0.24993902444839478,0.12055642157793045,0.2922957241535187,0.08270364254713058,0.4155714511871338,0.1868954300880432,0.23234401643276215,0.20221257209777832,1.037831425666809,0.032788898795843124,0.03719890117645264,0.03514527902007103,0.06297645717859268,0.04392024874687195,0.026611478999257088,0.09292049705982208,0.07760562747716904,0.17076745629310608,0.12803709506988525,0.0498337522149086,0.1177007257938385,0.16594907641410828,0.16216525435447693,0.13562534749507904,0.12423563748598099,0.053004465997219086,0.029667295515537262
AA632,0.0,0.0,0.038461538,0.0,0.0,0.0,0.0,0.269230769,0.807692308,0.0,0.384615385,0.346153846,0.192307692,0.961538462,0.230769231,0.269230769,0.0,0.0,0.115384615,0.230769231,0.269230769,0.0,0.346153846,0.269230769,0.153846154,0.230769231,0.692307692,0.269230769,0.307692308,0.384615385,0.0,0.192307692,0.038461538,0.076923077,0.0,0.153846154,0.346153846,0.0,0.0,0.5,0.0,0.0,0.0,0.384615385,0.0,0.153846154,0.192307692,0.076923077,0.153846154,0.115384615,0.0,0.2787175178527832,0.16214078664779663,0.24212300777435303,0.04181322455406189,0.12118474394083023,0.004564959555864334,0.007074730470776558,0.061859458684921265,0.17244665324687958,0.08289848268032074,0.04776360094547272,0.0726441964507103,0.05117318034172058,0.41522806882858276,0.12347755581140518,0.10478053987026215,0.10059524327516556,0.14458692073822021,0.11534624546766281,0.31476709246635437,0.18771879374980927,0.16441214084625244,0.15234914422035217,0.281383752822876,0.05238623172044754,0.12846200168132782,0.30822640657424927,0.09362226724624634,0.5633379817008972,0.21502436697483063,0.19880101084709167,0.2384760081768036,1.0392733812332153,0.07861464470624924,0.1216847151517868,0.1625838577747345,0.062340352684259415,0.15424466133117676,0.07803311198949814,0.5740781426429749,0.02852887101471424,0.08452252298593521,0.1164807453751564,0.13412854075431824,0.12684664130210876,0.27329713106155396,0.05420687794685364,0.19714850187301636,0.0491727739572525,0.041806548833847046,0.042067546397447586
AA875,0.0,0.0,0.038461538,3.538461538,0.0,0.0,0.115384615,0.076923077,0.0,0.269230769,0.115384615,0.0,0.0,0.692307692,0.0,0.153846154,0.0,0.0,0.076923077,0.153846154,0.0,0.153846154,0.307692308,0.153846154,0.0,0.0,0.692307692,0.538461538,1.0,0.5,0.192307692,0.0,0.115384615,0.076923077,0.0,0.0,0.0,0.192307692,0.423076923,1.115384615,0.0,0.0,0.115384615,0.0,0.961538462,0.115384615,0.0,0.038461538,0.0,0.0,0.0,0.22033430635929108,0.05326711758971214,0.30675753951072693,3.9257307052612305,0.17328386008739471,0.02781817317008972,0.14629162847995758,0.2200952023267746,0.34135156869888306,0.13603854179382324,0.11035993695259094,0.14901302754878998,0.041957855224609375,1.086497187614441,0.05624951422214508,0.1997007429599762,0.10812976211309433,0.12559396028518677,0.038865964859724045,0.164338618516922,0.05988594517111778,0.10620059072971344,0.06926292181015015,0.1008690819144249,0.03966917470097542,0.012048675678670406,0.7431512475013733,0.1310756504535675,0.6884715557098389,0.46987736225128174,0.17412088811397552,0.301267147064209,0.19433602690696716,0.09029664099216461,0.05451849102973938,0.10679643601179123,0.07497213035821915,0.08547472953796387,0.33099842071533203,1.2570157051086426,0.048906728625297546,0.10041746497154236,0.06311696022748947,0.2745862305164337,1.1460130214691162,0.1493203341960907,0.07783377170562744,0.20956282317638397,0.041127052158117294,0.02820059098303318,0.040169358253479004
AA886,0.0,0.0,0.153846154,0.230769231,0.423076923,0.038461538,0.115384615,0.0,0.038461538,0.076923077,0.0,0.230769231,0.0,0.269230769,0.269230769,0.076923077,0.576923077,0.076923077,0.076923077,0.153846154,0.038461538,0.076923077,0.0,0.0,0.0,0.0,0.076923077,0.0,0.0,0.153846154,0.0,0.153846154,0.0,0.0,0.0,0.653846154,0.423076923,0.0,0.0,0.0,0.0,0.384615385,0.192307692,1.307692308,0.423076923,0.615384615,0.269230769,0.961538462,0.653846154,0.461538462,0.192307692,0.43604299426078796,0.12330625206232071,0.5577313303947449,0.45876893401145935,0.35644030570983887,0.15683476626873016,0.14543871581554413,0.26181918382644653,0.25927701592445374,0.07491893321275711,0.19370360672473907,0.15163938701152802,0.11611689627170563,0.7837719917297363,0.36976295709609985,0.13481022417545319,0.2672789990901947,0.17826862633228302,0.15242305397987366,0.10586035996675491,0.09550555050373077,0.05472979322075844,0.10540851205587387,0.09825580567121506,0.2048053741455078,0.3169538080692291,0.02548403851687908,0.2860466241836548,0.041523635387420654,0.14183203876018524,0.15030600130558014,0.10079620033502579,0.026404889300465584,0.24408261477947235,0.05023457482457161,0.5236756205558777,0.13756896555423737,0.043972015380859375,0.016355464234948158,0.061889249831438065,0.11827688664197922,0.4588289260864258,0.04987849295139313,0.3289288878440857,0.18389464914798737,0.11902908235788345,0.1802036017179489,0.2076784372329712,0.26071664690971375,0.2629280686378479,0.18064673244953156
AA978,0.038461538,0.0,0.615384615,0.653846154,0.192307692,0.0,0.0,0.0,0.0,0.153846154,0.038461538,0.192307692,0.0,0.153846154,0.0,0.0,0.0,0.0,0.115384615,0.0,0.0,0.0,0.0,0.0,0.0,0.0,0.0,0.0,0.153846154,0.0,0.153846154,0.0,0.0,0.038461538,0.0,0.846153846,0.384615385,0.269230769,0.0,0.384615385,0.0,0.0,0.0,3.115384615,2.076923077,1.230769231,0.0,0.538461538,0.038461538,0.0,0.0,0.47204145789146423,0.15784107148647308,0.655910074710846,0.4313447177410126,0.3509450852870941,0.19992537796497345,0.4906952679157257,0.2762361168861389,0.20266816020011902,0.10826902836561203,0.08933544158935547,0.1318150907754898,0.05824225768446922,0.6841703057289124,0.08671989291906357,0.12371904402971268,0.14506232738494873,0.14621557295322418,0.06220570206642151,0.18722423911094666,0.05480347201228142,0.06545452773571014,0.0332251638174057,0.09264072775840759,0.010733350180089474,0.10940985381603241,0.003277604002505541,0.07998238503932953,0.027413688600063324,0.12214571237564087,0.1206708550453186,0.05152429640293121,0.2009003609418869,0.1744542270898819,0.07647049427032471,0.48946046829223633,0.21953631937503815,0.13948243856430054,0.021347034722566605,0.18446530401706696,0.14076843857765198,0.20385342836380005,0.06361228972673416,2.2964227199554443,1.8908003568649292,0.362704336643219,0.15866635739803314,0.22864985466003418,0.19781646132469177,0.16339179873466492,0.1209549605846405
AB144,0.0,0.0,0.166666667,0.0,0.111111111,0.055555556,0.0,0.0,0.0,0.0,0.0,0.0,0.0,0.777777778,0.0,0.111111111,0.0,0.0,0.111111111,0.666666667,0.277777778,0.0,0.055555556,0.555555556,0.388888889,0.166666667,1.333333333,0.5,1.111111111,0.333333333,0.166666667,0.277777778,0.333333333,0.0,0.111111111,0.5,0.0,0.0,0.277777778,0.888888889,0.0,0.0,0.166666667,0.555555556,0.0,0.0,0.0,0.0,0.0,0.0,0.0,0.28412744402885437,0.0718880370259285,0.2475975900888443,0.00692094536498189,0.12457237392663956,0.002723636571317911,0.14779555797576904,0.10332342982292175,0.2921111285686493,0.07110099494457245,0.09803568571805954,0.09243523329496384,0.06649801880121231,0.6328442096710205,0.07315851747989655,0.1606592983007431,0.09317541867494583,0.1404821276664734,0.04662036523222923,0.2859550416469574,0.2831909954547882,0.1750742346048355,0.2542787194252014,0.274595707654953,0.09108098596334457,0.08168177306652069,1.077981948852539,0.21225909888744354,0.8293066620826721,0.4256416857242584,0.27472496032714844,0.41344547271728516,0.5407480597496033,0.2091883271932602,0.1490182727575302,0.2500247359275818,0.05950119346380234,0.1081702932715416,0.2553101181983948,1.5572495460510254,0.013633069582283497,0.105185866355896,0.12103807926177979,0.1356908082962036,0.053172506392002106,0.17908291518688202,0.0648275837302208,0.23104484379291534,0.07096690684556961,0.03731442987918854,0.01067325659096241
AB223,0.555555556,0.333333333,0.722222222,0.166666667,0.0,0.944444444,1.611111111,0.722222222,0.666666667,0.944444444,0.5,0.611111111,0.0,0.111111111,0.0,0.0,0.5,0.5,0.5,0.0,0.0,0.0,0.0,0.0,0.0,0.0,0.277777778,0.0,0.0,0.111111111,0.0,0.0,0.0,0.0,0.0,0.0,0.0,0.0,0.0,0.0,0.0,0.111111111,0.0,0.222222222,0.5,0.0,0.222222222,0.166666667,0.0,0.0,0.0,0.6062375903129578,0.24224001169204712,0.4322512447834015,0.10657960921525955,0.10884253680706024,0.3181750476360321,0.790861964225769,0.5539969801902771,0.2635159194469452,0.3263929486274719,0.10600925981998444,0.14082728326320648,0.10595975816249847,0.492835134267807,0.03306039422750473,0.08043114840984344,0.17929983139038086,0.13069690763950348,0.061454202979803085,0.13655690848827362,0.04347388073801994,0.054716140031814575,0.04556424915790558,0.06936687231063843,0.09648337215185165,0.12625403702259064,0.12621062994003296,0.05417109280824661,0.14602379500865936,0.23521986603736877,0.08352264761924744,0.04116705060005188,0.05654112622141838,0.10857372730970383,0.03459331765770912,0.1501208394765854,0.13052408397197723,0.04642749950289726,0.05387701094150543,0.06346450001001358,0.05070268735289574,0.19950923323631287,0.1274590790271759,0.27853816747665405,0.301268994808197,0.27955809235572815,0.23459766805171967,0.20940616726875305,0.14118461310863495,0.08247528970241547,0.06178925558924675
AB281,0.0,0.0,0.0,2.333333333,0.166666667,0.166666667,0.333333333,0.666666667,0.277777778,0.0,0.0,0.0,0.277777778,2.333333333,0.555555556,0.611111111,0.0,0.388888889,0.0,0.0,0.777777778,0.0,0.222222222,0.222222222,0.277777778,0.666666667,0.5,0.666666667,0.388888889,0.055555556,0.0,0.0,0.0,0.0,0.0,0.111111111,0.0,0.0,0.0,0.0,0.0,0.0,0.0,0.0,0.833333333,0.111111111,0.0,0.0,0.0,0.055555556,0.0,0.31610313057899475,0.09923455864191055,0.3321802020072937,2.215374708175659,0.14817816019058228,0.1105893924832344,0.3331654369831085,0.26009052991867065,0.32691046595573425,0.11519785970449448,0.201105996966362,0.0999576598405838,0.22471538186073303,0.841976523399353,0.2337508350610733,0.17436857521533966,0.04945038631558418,0.10823564976453781,0.07377009093761444,0.16170449554920197,0.1311342567205429,0.03143269196152687,0.10528787225484848,0.3388291597366333,0.3444288372993469,0.9244732856750488,0.16029009222984314,0.5130437016487122,0.2881680130958557,0.1723203957080841,0.17331764101982117,0.2061096876859665,0.22725453972816467,0.057721398770809174,0.0793277695775032,0.18599259853363037,0.18606562912464142,0.044018734246492386,0.046750422567129135,0.15064698457717896,0.09205926954746246,0.24935948848724365,0.04518497735261917,0.2988986372947693,0.6610351204872131,0.2570517063140869,0.16654090583324432,0.19999095797538757,0.25082701444625854,0.07456434518098831,0.16727375984191895
AB435,0.0,0.0,0.0,0.0,0.0,0.0,0.166666667,0.0,0.0,0.0,0.0,0.0,0.111111111,0.388888889,0.888888889,0.166666667,0.722222222,0.666666667,0.888888889,0.944444444,0.888888889,0.444444444,0.0,0.277777778,0.444444444,0.388888889,0.0,0.0,0.0,0.277777778,0.0,0.166666667,0.5,0.555555556,0.0,0.222222222,0.333333333,0.0,0.0,0.0,0.666666667,0.0,0.444444444,0.222222222,0.055555556,0.166666667,0.0,0.0,0.0,0.0,0.0,0.12962928414344788,0.008993851020932198,0.16395236551761627,0.028720110654830933,0.12222455441951752,0.024379629641771317,0.07626073807477951,0.1236555427312851,0.1441175788640976,0.06395529955625534,0.06964528560638428,0.06846383959054947,0.08428289741277695,0.4503019154071808,0.2615853548049927,0.05386161059141159,0.050800058990716934,0.20089370012283325,0.8144779801368713,1.0468090772628784,0.5322493314743042,0.5671744346618652,0.4734150171279907,0.2714046239852905,0.1916915476322174,0.41304007172584534,0.034370217472314835,0.400599867105484,0.15199561417102814,0.18855546414852142,0.27156078815460205,0.4861328601837158,0.5672718286514282,0.3329726457595825,0.16435426473617554,0.11839863657951355,0.14760878682136536,0.0733814686536789,0.018258830532431602,0.4346682131290436,0.15732157230377197,0.08082287013530731,0.31767144799232483,0.029794134199619293,0.09911232441663742,0.1198093369603157,0.06614932417869568,0.15444675087928772,0.05526962876319885,0.045434676110744476,0.004790508188307285
AB764,0.055555556,0.0,0.222222222,3.944444444,0.777777778,0.777777778,0.444444444,0.555555556,0.0,0.0,0.055555556,0.055555556,0.0,1.388888889,0.0,0.444444444,0.0,0.0,0.0,0.055555556,0.0,0.055555556,0.0,0.0,0.0,0.0,0.0,0.0,0.0,0.0,0.0,0.0,0.0,0.0,0.0,0.666666667,0.0,0.0,0.0,0.0,0.0,0.166666667,0.0,0.0,1.111111111,0.0,0.0,0.0,0.055555556,0.111111111,0.0,0.519855797290802,0.16190063953399658,0.526647686958313,2.0005831718444824,0.42077693343162537,0.28719136118888855,0.2728949785232544,0.28671762347221375,0.22669368982315063,0.09611236304044724,0.08859831094741821,0.12615430355072021,0.07526032626628876,0.894341230392456,0.16199567914009094,0.2258625328540802,0.1725417822599411,0.16186945140361786,0.34539172053337097,0.11578080803155899,0.053007662296295166,0.141691654920578,0.08526960015296936,0.042610641568899155,0.01853751763701439,0.030307989567518234,0.02825380116701126,0.05347772687673569,0.04658941552042961,0.14107607305049896,0.1303526908159256,0.08932817727327347,0.3064820468425751,0.1852494776248932,0.05525123327970505,0.399946928024292,0.14021171629428864,0.04699501022696495,0.017337532714009285,0.07889117300510406,0.19242706894874573,0.23945112526416779,0.05092747136950493,0.2776329219341278,0.6380734443664551,0.2765774726867676,0.1924997717142105,0.1707250028848648,0.22688323259353638,0.15923194587230682,0.12445586174726486
AC214,0.148148148,0.148148148,0.185185185,0.0,0.296296296,0.111111111,0.074074074,0.0,0.111111111,0.074074074,0.222222222,0.148148148,0.148148148,0.296296296,0.148148148,0.037037037,0.0,0.148148148,0.111111111,0.37037037,0.407407407,0.296296296,0.259259259,0.185185185,0.0,0.0,0.074074074,0.037037037,0.074074074,0.407407407,0.37037037,0.333333333,0.037037037,0.481481481,0.185185185,0.555555556,0.407407407,0.0,0.333333333,0.111111111,0.185185185,0.0,0.740740741,0.0,0.0,0.0,0.0,0.0,0.0,0.0,0.0,0.34910914301872253,0.10446196049451828,0.29099225997924805,0.778050422668457,0.16637203097343445,0.21365344524383545,0.257101833820343,0.205439954996109,0.3729504644870758,0.2783372104167938,0.1769038587808609,0.19164617359638214,0.08721670508384705,0.6440455317497253,0.06941686570644379,0.1473265290260315,0.07364460080862045,0.10737591236829758,0.0903303474187851,0.24622482061386108,0.1609223484992981,0.17218950390815735,0.07199382781982422,0.06647291779518127,0.030581429600715637,0.03891677036881447,0.3190600574016571,0.09922603517770767,0.26147258281707764,0.3291446566581726,0.32987797260284424,0.2663784921169281,0.2345115840435028,0.11764010787010193,0.09501524269580841,0.4815082848072052,0.19765006005764008,0.06182532384991646,0.09118238091468811,0.36688774824142456,0.2835524082183838,0.187162846326828,0.1938949078321457,0.7244837284088135,0.9314975738525391,0.36548274755477905,0.1074797511100769,0.5041959285736084,0.19848613440990448,0.18407496809959412,0.13380077481269836
AC329,0.111111111,0.0,0.0,0.222222222,0.0,0.037037037,0.037037037,0.407407407,0.0,0.0,0.0,0.0,0.0,2.333333333,1.333333333,1.740740741,0.333333333,0.666666667,0.259259259,0.259259259,0.074074074,0.0,0.185185185,0.185185185,0.222222222,0.222222222,0.444444444,0.074074074,0.0,0.0,0.037037037,0.037037037,0.0,0.0,0.037037037,0.037037037,0.0,0.0,0.0,0.0,0.074074074,0.333333333,0.111111111,0.185185185,0.222222222,0.0,0.0,0.148148148,0.074074074,0.296296296,0.0,0.15384705364704132,0.02232908457517624,0.4374713599681854,0.20787063241004944,0.30924689769744873,0.2749331295490265,0.16114656627178192,0.3221101760864258,0.02490103431046009,0.07108405232429504,0.02465949021279812,0.037451907992362976,0.015043002553284168,1.2569639682769775,0.6435204744338989,0.46690160036087036,0.5713050961494446,0.6539032459259033,0.40540075302124023,0.3998481333255768,0.17864784598350525,0.05789816007018089,0.28007060289382935,0.06646040081977844,0.09400057047605515,0.1828790009021759,0.07265707105398178,0.061048440635204315,0.03442616015672684,0.09629152715206146,0.06058378517627716,0.06333611160516739,0.005253384355455637,0.11315169930458069,0.02120780386030674,0.5216506123542786,0.13187409937381744,0.0360771119594574,0.01649593561887741,0.025644781067967415,0.2672367990016937,0.44021421670913696,0.06984107941389084,0.2367754578590393,0.12207956612110138,0.11620134860277176,0.08621808141469955,0.265668123960495,0.34694740176200867,0.18810249865055084,0.06910683214664459
AC497,0.392857143,0.035714286,0.857142857,0.5,0.571428571,0.75,0.464285714,0.464285714,0.0,0.0,0.0,0.0,0.107142857,0.285714286,0.0,0.035714286,0.071428571,0.0,0.0,0.035714286,0.0,0.0,0.0,0.0,0.0,0.0,0.0,0.0,0.0,0.035714286,0.0,0.0,0.0,0.107142857,0.0,0.464285714,0.107142857,0.0,0.0,0.0,0.0,0.142857143,0.0,1.714285714,0.928571429,0.285714286,0.285714286,0.0,0.107142857,0.214285714,0.178571429,0.2511124014854431,0.03327147290110588,0.34271788597106934,0.1350633054971695,0.13785576820373535,0.3495243489742279,0.514305055141449,0.5644364953041077,0.6810722947120667,0.10220248997211456,0.37847355008125305,0.37592288851737976,0.19338661432266235,0.5970996022224426,0.08864832669496536,0.12047991156578064,0.09341702610254288,0.1191270500421524,0.07686462998390198,0.14863979816436768,0.11726301163434982,0.04955989867448807,0.12062382698059082,0.026725003495812416,0.041841745376586914,0.08013162761926651,0.020509298890829086,0.05633585900068283,0.037637557834386826,0.18285627663135529,0.1967495083808899,0.11768285930156708,0.10615681111812592,0.1335904747247696,0.05942530184984207,0.36270955204963684,0.23336945474147797,0.05543803423643112,0.04929427057504654,0.1486465036869049,0.11334294080734253,0.2184077948331833,0.21174882352352142,0.391624391078949,0.5145288109779358,0.4625532031059265,0.16771464049816132,0.2562861740589142,0.1760968118906021,0.20481722056865692,0.12810920178890228
AD075,0.357142857,3.357142857,0.357142857,0.714285714,0.428571429,0.285714286,0.5,0.857142857,0.214285714,0.428571429,0.142857143,0.0,0.0,1.928571429,0.285714286,0.428571429,0.0,0.0,0.0,0.0,0.0,0.0,0.0,0.0,0.0,0.357142857,0.0,0.0,0.0,0.142857143,0.0,0.0,0.0,0.0,0.0,0.142857143,0.0,0.0,0.0,0.0,0.0,0.142857143,0.0,0.0,0.357142857,0.0,0.0,0.0,0.0,0.357142857,0.0,0.5922520160675049,2.152618885040283,0.5264778733253479,0.1408226042985916,0.6282263398170471,0.24424271285533905,0.2262338250875473,0.596159815788269,0.3744429051876068,0.09398651123046875,0.1605963110923767,0.041025128215551376,0.07011612504720688,1.0021934509277344,0.23729602992534637,0.28578078746795654,0.32746103405952454,0.532303512096405,0.05576305463910103,0.11181233078241348,0.15935878455638885,0.05572547763586044,0.07653062045574188,0.04419759288430214,0.031120702624320984,0.13367344439029694,0.01783785969018936,0.04993876442313194,0.017532503232359886,0.06272188574075699,0.03493773192167282,0.02643262781202793,-0.0006572962738573551,0.06788333505392075,0.02471446618437767,0.22578875720500946,0.08639299869537354,0.03418738767504692,0.01577547937631607,0.03400794789195061,0.16247420012950897,0.22160740196704865,0.04118267819285393,0.09446300566196442,0.26644301414489746,0.111076220870018,0.09151756018400192,0.1640329509973526,0.14748477935791016,0.23575663566589355,0.030540861189365387
AD234,1.75,0.625,1.5625,0.0625,0.8125,0.5625,0.0,0.0,0.0,0.0,0.0,0.0,0.0,0.0,0.0,0.0,0.0,0.6875,0.0,0.25,0.125,0.25,0.4375,0.125,0.0,0.0,0.0,0.0,0.0,0.0,0.25,0.25,0.125,0.375,0.375,1.0,0.0,0.0,0.0,0.0,0.625,0.375,0.0,0.1875,0.375,0.25,0.0,0.0,0.3125,0.375,0.25,0.3595345914363861,0.1809566766023636,1.0740972757339478,0.18114008009433746,0.972691535949707,0.5121642351150513,0.16993892192840576,0.3180104196071625,0.08907964825630188,0.10651526600122452,0.033723555505275726,0.04860914498567581,0.03052348457276821,0.252733439207077,0.06700896471738815,0.1564844399690628,0.31803271174430847,0.3530007302761078,0.12400541454553604,0.13564495742321014,0.08795846253633499,0.06835248321294785,0.07984200865030289,0.044254742562770844,0.004070088267326355,0.07587917894124985,0.007445684168487787,0.04684535041451454,0.01217052061110735,0.08370634913444519,0.11062581837177277,0.04747706279158592,0.010591293685138226,0.23438434302806854,0.052946802228689194,0.53049635887146,0.0970378965139389,0.1066296398639679,0.01779896393418312,0.05534490570425987,0.7696753144264221,0.38526734709739685,0.09820527583360672,0.24247658252716064,0.49700435996055603,0.2926153242588043,0.1852698177099228,0.1613112837076187,0.34218519926071167,0.12390058487653732,0.17347227036952972
AE061,0.142857143,0.071428571,0.464285714,0.607142857,0.321428571,0.321428571,0.071428571,0.0,0.0,0.0,0.0,0.0,0.0,0.035714286,0.035714286,0.035714286,0.071428571,0.357142857,0.142857143,0.071428571,0.0,0.0,0.0,0.0,0.0,0.0,0.0,0.0,0.0,0.071428571,0.142857143,0.0,0.0,1.321428571,0.0,0.928571429,0.5,0.0,0.0,0.035714286,1.035714286,0.392857143,0.285714286,1.714285714,1.214285714,1.142857143,0.714285714,0.642857143,0.5,0.321428571,0.607142857,0.3333754539489746,0.051308490335941315,0.4258752167224884,0.3715741038322449,0.28109514713287354,0.31582537293434143,0.14708320796489716,0.10872278362512589,0.08006887882947922,0.10516313463449478,0.06810855865478516,0.07278960943222046,0.03172105923295021,0.335405170917511,0.06341439485549927,0.0663997009396553,0.13065706193447113,0.14494383335113525,0.11768562346696854,0.16005948185920715,0.15314030647277832,0.02090061828494072,0.1475146859884262,0.04131056368350983,0.02098914235830307,0.036225199699401855,0.011353087611496449,0.0710412859916687,0.044425565749406815,0.18241040408611298,0.15727846324443817,0.2771642208099365,0.11298869550228119,0.5429267883300781,0.0813421830534935,0.7218350172042847,0.2449273020029068,0.04259810224175453,0.036585889756679535,0.12969955801963806,0.9534888863563538,0.3421498239040375,0.17828813195228577,0.8911653161048889,0.8318119049072266,0.5421364307403564,0.33913061022758484,0.5355017781257629,0.4409167766571045,0.13216033577919006,0.26621145009994507
AE099,0.074074074,0.0,0.333333333,1.962962963,0.111111111,0.148148148,0.111111111,0.148148148,0.0,0.074074074,0.0,0.148148148,0.0,0.666666667,0.148148148,0.222222222,0.111111111,0.037037037,0.0,0.0,0.111111111,0.0,0.074074074,0.0,0.074074074,0.148148148,0.111111111,0.074074074,0.0,0.0,0.0,0.0,0.0,0.0,0.0,0.0,0.296296296,0.148148148,0.0,0.0,0.185185185,0.37037037,0.074074074,0.518518519,1.666666667,1.777777778,0.444444444,1.703703704,0.592592593,0.111111111,0.111111111,0.2895815372467041,0.08927678316831589,0.43461641669273376,1.4803496599197388,0.14190459251403809,0.15267285704612732,0.11627038568258286,0.24062323570251465,0.4639101028442383,0.10167408734560013,0.05110742896795273,0.2684514820575714,0.03142787888646126,1.083230972290039,0.20474150776863098,0.24051958322525024,0.1519833356142044,0.11588365584611893,0.10247257351875305,0.20903900265693665,0.059693530201911926,-0.001092658145353198,0.12054610997438431,0.027851438149809837,0.06788067519664764,0.02597702667117119,0.04505634680390358,0.05930846184492111,-0.003083587158471346,0.15338879823684692,0.22116024792194366,0.028706828132271767,0.06477081030607224,0.15274812281131744,0.059881485998630524,0.28140926361083984,0.3417673408985138,0.0471896268427372,0.01861405558884144,0.061798740178346634,0.18616993725299835,0.1966497302055359,0.04951788857579231,0.7554467916488647,1.1167386770248413,0.7261450290679932,0.22596192359924316,0.5284558534622192,0.3722546100616455,0.0900011956691742,0.038140926510095596
AE148,0.222222222,0.222222222,0.444444444,0.888888889,0.259259259,0.074074074,0.185185185,0.0,0.481481481,0.0,0.148148148,0.333333333,0.259259259,0.62962963,0.074074074,0.148148148,0.0,0.0,0.0,0.0,0.074074074,0.0,0.074074074,0.0,0.0,0.0,0.111111111,0.0,0.0,0.148148148,0.111111111,0.296296296,0.0,0.0,0.0,0.111111111,0.296296296,0.0,0.0,0.074074074,0.074074074,0.296296296,0.0,2.074074074,1.407407407,0.62962963,0.333333333,0.666666667,0.296296296,0.296296296,0.111111111,0.2878625988960266,0.08458060771226883,0.3918156921863556,1.0607011318206787,0.22092655301094055,0.13476258516311646,0.15555690228939056,0.20697258412837982,0.43053579330444336,0.101206935942173,0.09249093383550644,0.21305567026138306,0.04250923544168472,0.7815581560134888,0.2026442438364029,0.23950813710689545,0.19259710609912872,0.12753188610076904,0.011858943849802017,0.7504144906997681,0.9858303070068359,0.000657641445286572,0.5315595269203186,0.16604113578796387,0.027643440291285515,0.05559523403644562,0.10867223888635635,0.12661419808864594,0.12227310240268707,0.14882327616214752,0.18941587209701538,0.041721161454916,0.06319844722747803,0.09068703651428223,0.045091502368450165,0.2867623567581177,0.12624689936637878,0.041097261011600494,0.01955217681825161,0.02466542273759842,0.1547803431749344,0.20384572446346283,0.0548214428126812,1.2529590129852295,1.0884541273117065,0.37159985303878784,0.1335582286119461,0.6185296773910522,0.261273056268692,0.07159940898418427,0.05358635634183884
AE153,0.071428571,0.0,0.642857143,2.321428571,0.178571429,0.25,0.178571429,0.035714286,0.428571429,0.0,0.25,0.0,0.0,0.928571429,0.142857143,0.428571429,0.178571429,0.25,0.107142857,0.0,0.071428571,0.0,0.0,0.0,0.0,0.0,0.107142857,0.0,0.0,0.071428571,0.178571429,0.0,0.0,0.0,0.0,0.107142857,0.214285714,0.0,0.0,0.0,0.321428571,0.535714286,0.0,0.964285714,1.214285714,1.0,0.392857143,1.357142857,0.607142857,0.214285714,0.071428571,0.2806626260280609,0.06790626049041748,0.3441668450832367,1.903175711631775,0.24530449509620667,0.11109966784715652,0.1886524260044098,0.2984057366847992,0.3807552754878998,0.12351781874895096,0.09316980838775635,0.20213881134986877,0.04009106382727623,1.015984296798706,0.2089916318655014,0.2247123122215271,0.1569599062204361,0.1434745192527771,0.031232580542564392,0.7661194205284119,1.0255179405212402,0.010715870186686516,0.49439799785614014,0.2360960841178894,0.06354805827140808,0.05476313456892967,0.11184370517730713,0.2514916658401489,0.2802325189113617,0.19751925766468048,0.14949271082878113,0.030204692855477333,0.07825185358524323,0.08322586864233017,0.0479167141020298,0.20159253478050232,0.2677769660949707,0.04785056412220001,0.030228624120354652,0.10729995369911194,0.1672613024711609,0.26466402411460876,0.05179157853126526,0.700367271900177,1.002541184425354,0.5346037149429321,0.12778571248054504,0.603975772857666,0.24260196089744568,0.09774196147918701,0.036291006952524185
AE177,0.37037037,0.074074074,0.407407407,3.518518519,0.0,0.111111111,0.333333333,0.481481481,0.444444444,0.185185185,0.111111111,0.222222222,0.0,1.555555556,0.0,0.407407407,0.0,0.185185185,0.0,0.0,0.0,0.0,0.0,0.0,0.0,0.0,0.111111111,0.0,0.0,0.037037037,0.407407407,0.0,0.0,0.0,0.0,0.0,0.0,0.0,0.148148148,0.0,0.0,0.0,0.0,0.666666667,1.407407407,0.592592593,0.0,0.111111111,0.037037037,0.0,0.0,0.34530988335609436,0.14113159477710724,0.4348401725292206,3.416435480117798,0.20031151175498962,0.13754846155643463,0.15787671506404877,0.17787964642047882,0.3028421998023987,0.18082988262176514,0.10713783651590347,0.1569782942533493,0.05353499948978424,0.9902881383895874,0.09357642382383347,0.20717483758926392,0.11638835072517395,0.10150039941072464,0.0005146744078956544,0.09458133578300476,0.05290791392326355,0.018486224114894867,0.047490887343883514,0.05145983770489693,0.009876501746475697,0.011376820504665375,0.048952896147966385,0.06449764966964722,0.022122515365481377,0.12671788036823273,0.17624619603157043,0.07484852522611618,0.10498962551355362,0.036461763083934784,0.034088630229234695,0.1705339252948761,0.220905140042305,0.03926664963364601,0.06542033702135086,0.17535249888896942,0.08226940035820007,0.2378092110157013,0.05532116815447807,0.9312072396278381,1.2862001657485962,0.5659760236740112,0.13483497500419617,0.6619689464569092,0.18383316695690155,0.06890987604856491,0.11503025889396667
AE967,0.214285714,0.0,0.464285714,0.0,0.25,0.25,0.535714286,0.035714286,0.678571429,0.428571429,0.5,0.107142857,0.178571429,0.071428571,0.071428571,0.0,0.0,0.0,0.0,0.285714286,0.0,0.0,0.0,0.0,0.0,0.0,0.0,0.035714286,0.035714286,0.285714286,0.75,0.285714286,1.178571429,0.142857143,0.0,0.392857143,0.678571429,0.142857143,0.0,0.321428571,0.357142857,0.25,0.0,0.142857143,0.321428571,0.535714286,0.25,0.357142857,0.214285714,0.357142857,0.642857143,0.5864549875259399,0.18620705604553223,0.8727694749832153,0.20858372747898102,0.1453356146812439,0.24564766883850098,0.5808941721916199,0.2138020545244217,0.3930530846118927,0.11931413412094116,0.2951715588569641,0.08729046583175659,0.21908733248710632,0.5321118831634521,0.12549622356891632,0.1143999844789505,0.07965773344039917,0.12268959730863571,0.021678084507584572,0.11211397498846054,0.05342274159193039,0.048979248851537704,0.06388217210769653,0.09538531303405762,0.011702185496687889,0.03880152478814125,0.017261387780308723,0.0832384005188942,0.002520235488191247,0.1318167895078659,0.16385138034820557,0.16518348455429077,0.5317825675010681,0.18245677649974823,0.12878499925136566,0.4406334459781647,0.41695913672447205,0.16179771721363068,0.027181243523955345,0.13396833837032318,0.10430638492107391,0.17004527151584625,0.14601407945156097,0.10703850537538528,0.21837304532527924,0.4365978240966797,0.19143621623516083,0.31994134187698364,0.20990414917469025,0.15062282979488373,0.19843225181102753
AG139,0.733333333,0.066666667,0.4,0.133333333,0.166666667,0.033333333,0.0,0.066666667,0.133333333,0.0,0.0,0.0,0.0,0.7,0.3,0.133333333,0.066666667,0.366666667,0.2,0.766666667,0.933333333,0.0,1.6,0.033333333,0.0,0.1,0.2,0.133333333,0.033333333,0.166666667,0.0,0.0,0.0,0.633333333,0.133333333,0.666666667,0.433333333,0.0,0.0,0.133333333,0.133333333,0.1,0.133333333,0.0,0.033333333,0.233333333,0.0,0.2,0.133333333,0.1,0.066666667,0.3989723026752472,0.04629978910088539,0.2947266697883606,0.07649631798267365,0.293300986289978,0.06359254568815231,0.1479666829109192,0.17876581847667694,0.3334715962409973,0.09011074155569077,0.049121178686618805,0.09552782028913498,0.030122043564915657,0.719641387462616,0.41067203879356384,0.3083781898021698,0.276762992143631,0.1777554154396057,0.149855837225914,0.7454259991645813,1.010762095451355,0.09672219306230545,0.5937167406082153,0.2720296382904053,0.029420264065265656,0.08618869632482529,0.1226813867688179,0.21445107460021973,0.21641911566257477,0.20734287798404694,0.22570939362049103,0.06221466138958931,0.045747242867946625,0.11401869356632233,0.07429885864257812,0.4267500936985016,0.14647740125656128,0.03775173798203468,0.018329670652747154,0.04265674576163292,0.07716794312000275,0.18661309778690338,0.05224503204226494,0.07353530824184418,0.16899721324443817,0.13269470632076263,0.14438384771347046,0.32417452335357666,0.21052727103233337,0.058002106845378876,0.08713235706090927
AG354,0.2,0.0,0.233333333,0.133333333,0.266666667,0.033333333,0.466666667,0.333333333,0.766666667,0.066666667,0.0,0.1,0.0,0.566666667,0.266666667,0.333333333,0.233333333,0.266666667,0.2,0.166666667,0.1,0.233333333,0.466666667,0.166666667,0.0,0.2,0.0,0.0,0.066666667,0.0,0.4,0.0,0.066666667,0.2,0.0,0.833333333,0.0,0.0,0.033333333,0.066666667,0.533333333,0.366666667,0.266666667,0.366666667,0.2,0.133333333,0.0,0.2,0.5,0.033333333,0.166666667,0.2133743166923523,0.015247841365635395,0.31623658537864685,0.08261251449584961,0.279064416885376,0.11262823641300201,0.23745596408843994,0.17782080173492432,0.6837823987007141,0.10084079951047897,0.18013788759708405,0.2642468214035034,0.06267284601926804,0.773228645324707,0.18663986027240753,0.2581787407398224,0.18330682814121246,0.10949138551950455,0.06861390918493271,0.2542282044887543,0.18532156944274902,0.09774358570575714,0.24974720180034637,0.03837229683995247,0.03799610957503319,0.13195979595184326,0.15794579684734344,0.08626363426446915,0.22500179708003998,0.09458176046609879,0.23404599726200104,0.28687116503715515,0.13743475079536438,0.12640392780303955,0.04977398365736008,0.6060199737548828,0.17833702266216278,0.03858146071434021,0.07027709484100342,0.12483081221580505,0.39146843552589417,0.21058931946754456,0.08067923784255981,0.3673746585845947,0.2449118196964264,0.14614227414131165,0.06914018094539642,0.3002814054489136,0.27676820755004883,0.04311918839812279,0.09591539949178696
AG386,0.166666667,0.0,0.4,0.166666667,0.0,0.066666667,0.1,0.033333333,0.233333333,0.0,0.0,0.0,0.0,0.366666667,0.266666667,0.233333333,0.066666667,0.9,0.833333333,1.066666667,0.733333333,0.333333333,0.166666667,0.0,0.0,0.0,0.0,0.0,0.0,0.0,0.333333333,0.8,1.233333333,0.366666667,0.333333333,0.4,0.366666667,0.3,0.066666667,0.166666667,0.966666667,0.0,0.466666667,0.866666667,0.433333333,0.266666667,0.1,0.333333333,0.166666667,0.0,0.0,0.23250478506088257,0.3900149166584015,0.17152637243270874,0.21585474908351898,0.1018703505396843,0.10311345756053925,0.21658706665039062,0.0723525658249855,0.22750942409038544,0.0742398351430893,0.05368791148066521,0.1255805641412735,0.07227259129285812,0.40665432810783386,0.061192601919174194,0.12462982535362244,0.04639923945069313,0.20132796466350555,0.5193639993667603,0.8557749390602112,0.3542553186416626,0.31494981050491333,0.3150288164615631,0.140957310795784,0.011506639420986176,0.021827345713973045,0.022148629650473595,0.09156182408332825,0.05520780384540558,0.16879120469093323,0.17843928933143616,0.4529930651187897,0.32764145731925964,0.3642832338809967,0.16461212933063507,0.2120072990655899,0.15571360290050507,0.11313070356845856,0.030141958966851234,0.19291092455387115,0.1398448646068573,0.11058882623910904,0.40465790033340454,0.5335056781768799,0.37979573011398315,0.34395474195480347,0.06783601641654968,0.36494147777557373,0.17546691000461578,0.06433530151844025,0.03032691217958927
AG699,0.3,0.166666667,0.166666667,0.0,0.366666667,0.2,0.066666667,0.1,0.1,0.0,0.0,0.066666667,0.0,0.433333333,0.3,0.333333333,0.133333333,0.466666667,0.266666667,0.333333333,0.366666667,0.0,0.4,0.0,0.133333333,0.066666667,0.0,0.1,0.066666667,0.2,0.1,0.433333333,0.133333333,0.4,0.166666667,0.733333333,0.266666667,0.033333333,0.0,0.466666667,0.566666667,0.233333333,0.333333333,0.233333333,0.1,0.233333333,0.0,0.266666667,0.8,0.233333333,0.2,0.46725717186927795,0.15944401919841766,0.30198073387145996,0.13215146958827972,0.3912613093852997,0.1056528389453888,0.07422288507223129,0.23389799892902374,0.20647837221622467,0.07844306528568268,0.07937370985746384,0.12254330515861511,0.011460629291832447,0.5545313358306885,0.30475878715515137,0.17939618229866028,0.15427172183990479,0.20453494787216187,0.30068907141685486,0.5858414769172668,0.6325533390045166,0.3554357886314392,0.46398481726646423,0.15134267508983612,0.03632957860827446,0.1358819156885147,0.045082759112119675,0.09098385274410248,0.1764248013496399,0.18641802668571472,0.18781234323978424,0.30015861988067627,0.2444402426481247,0.41152217984199524,0.11545673757791519,0.6764156222343445,0.19401095807552338,0.056667886674404144,0.07924997806549072,0.15811176598072052,1.0103950500488281,0.3921956717967987,0.18092407286167145,0.30358901619911194,0.31753697991371155,0.4171842336654663,0.26459988951683044,0.5831228494644165,0.39253512024879456,0.11376345157623291,0.17233940958976746
AG732,0.233333333,0.033333333,0.166666667,0.033333333,0.3,0.0,0.033333333,0.0,0.0,0.0,0.0,0.0,0.0,0.266666667,0.5,0.366666667,0.066666667,0.433333333,0.3,0.633333333,0.966666667,0.0,1.266666667,0.066666667,0.0,0.0,0.166666667,0.033333333,0.066666667,0.066666667,0.0,0.033333333,0.0,0.466666667,0.3,0.766666667,0.166666667,0.033333333,0.0,0.066666667,0.0,0.066666667,0.0,0.066666667,0.0,0.066666667,0.0,0.133333333,0.0,0.0,0.066666667,0.5965909957885742,0.23792727291584015,0.39409559965133667,0.18867181241512299,0.36165866255760193,0.15712453424930573,0.1997808963060379,0.2186172604560852,0.32302555441856384,0.10079395771026611,0.10797853022813797,0.17343154549598694,0.0165645033121109,0.6256266832351685,0.35245081782341003,0.2613510191440582,0.194238543510437,0.18751952052116394,0.07592160254716873,0.6175819039344788,1.0117270946502686,0.15974491834640503,0.5741731524467468,0.16832172870635986,0.08528289198875427,0.09668613225221634,0.26086029410362244,0.12256558239459991,0.11791694164276123,0.2343253344297409,0.18092040717601776,0.09149224311113358,0.15572495758533478,0.2423737794160843,0.11281851679086685,0.3607514798641205,0.2314727008342743,0.06989981234073639,0.09218718856573105,0.12235305458307266,0.07597409933805466,0.24769841134548187,0.07804439961910248,0.26200276613235474,0.12188136577606201,0.2456207424402237,0.14258870482444763,0.6585834622383118,0.16446176171302795,0.09133393317461014,0.13617683947086334
AG810,0.433333333,0.033333333,0.466666667,0.3,0.133333333,0.466666667,0.033333333,0.166666667,0.733333333,0.0,0.133333333,0.066666667,0.0,0.4,0.033333333,0.2,0.0,0.0,0.0,0.0,0.0,0.0,0.0,0.0,0.0,0.0,0.0,0.0,0.166666667,0.066666667,0.166666667,0.1,0.033333333,0.0,0.0,0.5,0.2,0.0,0.033333333,0.1,0.133333333,0.1,0.0,2.766666667,1.066666667,0.266666667,0.0,0.533333333,0.133333333,0.066666667,0.4,0.25812244415283203,0.04320548474788666,0.3681687116622925,0.803336501121521,0.26557156443595886,0.09815123677253723,0.18523871898651123,0.12467842549085617,0.44653844833374023,0.09257134050130844,0.21997784078121185,0.21939785778522491,0.10411641746759415,0.8144528865814209,0.15439818799495697,0.25356119871139526,0.12179780751466751,0.0951397567987442,-0.003801343496888876,0.08738992363214493,0.0708608329296112,0.004852862562984228,0.07188310474157333,0.012828227132558823,0.008326990529894829,0.04360102489590645,0.22670480608940125,0.07781404256820679,0.24279528856277466,0.1897665113210678,0.21516171097755432,0.12039779871702194,0.06507549434900284,0.060136567801237106,0.03643238544464111,0.22445742785930634,0.1693965643644333,0.03650869429111481,0.06111465021967888,0.16359905898571014,0.0882270336151123,0.2349926382303238,0.05041029304265976,0.9357466101646423,0.9056050777435303,0.311942994594574,0.10141534358263016,0.468423992395401,0.3212493062019348,0.06795156747102737,0.04097596928477287
AH445,0.433333333,0.066666667,0.2,0.0,0.2,0.0,0.166666667,0.0,0.266666667,0.0,0.0,0.0,0.0,0.2,0.066666667,0.066666667,0.0,0.0,0.0,0.133333333,0.0,0.2,0.066666667,0.066666667,0.0,0.0,1.566666667,0.166666667,1.233333333,1.2,0.466666667,0.766666667,0.233333333,0.266666667,0.433333333,0.666666667,0.0,0.2,0.466666667,2.366666667,0.0,0.0,0.066666667,0.0,0.033333333,0.066666667,0.0,0.0,0.0,0.0,0.0,0.2807490825653076,0.12423260509967804,0.26276257634162903,-0.009360883384943008,0.1733667403459549,0.042564552277326584,0.2878371775150299,0.10443490743637085,0.7063256502151489,0.08849361538887024,0.2549695074558258,0.19519741833209991,0.12548869848251343,0.8529784679412842,0.17661578953266144,0.38889774680137634,0.13687793910503387,0.1254982054233551,0.09028029441833496,0.2246728241443634,0.13805419206619263,0.17181001603603363,0.14584970474243164,0.13921962678432465,0.031159037724137306,0.06873302906751633,1.0652287006378174,0.24883495271205902,1.329710841178894,0.7355802059173584,0.48159608244895935,0.35754719376564026,0.27520883083343506,0.15638691186904907,0.08302322775125504,0.3865334689617157,0.0758284330368042,0.09763605892658234,0.30724838376045227,1.483181118965149,0.04866517335176468,0.08390623331069946,0.10801783204078674,0.13750918209552765,0.02163826860487461,0.19473761320114136,0.06348834931850433,0.2599930763244629,0.07678382098674774,0.03706025704741478,0.038261786103248596
AH588,0.533333333,2.6,0.633333333,0.233333333,0.233333333,0.133333333,0.4,0.3,0.833333333,0.366666667,0.5,0.1,0.133333333,1.033333333,0.133333333,0.266666667,0.1,0.2,0.0,0.0,0.0,0.0,0.0,0.0,0.0,0.0,0.0,0.0,0.066666667,0.0,0.0,0.0,0.0,0.166666667,0.133333333,0.3,0.0,0.0,0.0,0.0,0.166666667,0.033333333,0.0,0.266666667,0.5,0.0,0.0,0.0,0.233333333,0.4,0.1,0.6561853885650635,2.914912462234497,0.40696582198143005,0.3850560784339905,0.3191603124141693,0.16856138408184052,0.32276731729507446,0.18664324283599854,0.503363311290741,0.1166989654302597,0.15870875120162964,0.10570373386144638,0.06213691085577011,0.7146368622779846,0.09379171580076218,0.15462657809257507,0.10799621045589447,0.09845677018165588,0.06925477087497711,0.0863620936870575,0.0864296704530716,0.012570658698678017,0.09830445051193237,0.08642598986625671,0.010367926210165024,0.06320727616548538,0.025016894564032555,0.053346432745456696,0.02825300581753254,0.13038648664951324,0.06673142313957214,0.0342293381690979,0.0353446789085865,0.10437905043363571,0.03927897661924362,0.26384982466697693,0.20421002805233002,0.05286918580532074,0.023185741156339645,0.07191857695579529,0.15925206243991852,0.17199714481830597,0.05164197087287903,0.6258716583251953,0.4494181275367737,0.3724749684333801,0.11277154088020325,0.251816064119339,0.2699410915374756,0.1982482522726059,0.09840554744005203
AH674,0.1,0.0,0.1,0.0,0.1,0.0,0.133333333,0.0,0.166666667,0.1,0.033333333,0.1,0.1,0.5,0.0,0.233333333,0.0,0.066666667,0.0,0.0,0.0,0.333333333,0.166666667,0.0,0.066666667,0.0,1.0,0.366666667,1.4,0.8,0.533333333,0.366666667,0.133333333,0.233333333,0.166666667,0.8,0.233333333,0.266666667,0.6,2.433333333,0.166666667,0.066666667,0.0,0.0,0.0,0.266666667,0.0,0.033333333,0.0,0.0,0.0,0.3352367579936981,0.08893601596355438,0.3504858911037445,0.021769363433122635,0.2690660059452057,0.0503099262714386,0.25907793641090393,0.11660389602184296,0.41320696473121643,0.08105757087469101,0.1260835975408554,0.12163737416267395,0.07365601509809494,0.5823900103569031,0.12009457498788834,0.23887713253498077,0.09921519458293915,0.11627744883298874,0.03141847997903824,0.21597599983215332,0.21719665825366974,0.058249764144420624,0.21779580414295197,0.09408321231603622,0.015770411118865013,0.2702716290950775,1.003664255142212,0.2349107712507248,1.476591944694519,0.7014160752296448,0.43545639514923096,0.471624493598938,0.2441358119249344,0.22541439533233643,0.08742274343967438,0.5364185571670532,0.08026836812496185,0.0934704840183258,0.21898427605628967,1.4979435205459595,0.09565379470586777,0.09425969421863556,0.1419016271829605,0.09499017894268036,0.00959742907434702,0.21094872057437897,0.06802940368652344,0.2146049588918686,0.10470479726791382,0.03782224282622337,0.1300652027130127
AI570,0.142857143,0.0,0.321428571,0.0,0.642857143,0.0,0.285714286,0.071428571,0.321428571,0.0,0.035714286,0.0,0.0,0.357142857,0.0,0.0,0.107142857,0.214285714,0.107142857,0.428571429,0.714285714,0.392857143,0.607142857,0.357142857,0.0,0.0,0.392857143,0.285714286,0.25,0.464285714,0.571428571,0.071428571,0.178571429,0.357142857,0.0,0.607142857,0.25,0.0,0.107142857,0.464285714,0.142857143,0.321428571,0.571428571,0.071428571,0.035714286,0.464285714,0.035714286,0.392857143,0.142857143,0.0,0.178571429,0.4830535054206848,0.12321311980485916,0.34696176648139954,0.08111068606376648,0.23905794322490692,0.02160303294658661,0.2065998762845993,0.17308524250984192,0.7435937523841858,0.32392776012420654,0.16100765764713287,0.2763618230819702,0.1167958453297615,1.017693042755127,0.3384920656681061,0.26846814155578613,0.21067483723163605,0.1393747329711914,0.05078675225377083,0.39882007241249084,0.577652633190155,0.22063465416431427,0.37240076065063477,0.27173659205436707,0.09269699454307556,0.10335826128721237,0.32844191789627075,0.3098817467689514,0.39827075600624084,0.5064254999160767,0.2811562120914459,0.18396297097206116,0.507761538028717,0.19013451039791107,0.1563003957271576,0.39335426688194275,0.24279311299324036,0.12424751371145248,0.21534307301044464,0.5512869358062744,0.13436201214790344,0.18686576187610626,0.1542414277791977,0.332490473985672,0.212103471159935,0.46132323145866394,0.1760350614786148,0.4272730052471161,0.17231783270835876,0.1103450134396553,0.14508530497550964
AI851,0.0,0.0,0.24137931,0.206896552,0.103448276,0.0,0.517241379,0.206896552,2.137931034,0.103448276,0.965517241,0.551724138,0.103448276,1.275862069,0.068965517,0.206896552,0.103448276,0.0,0.0,0.0,0.24137931,0.0,0.0,0.0,0.103448276,0.0,0.0,0.0,0.0,0.068965517,0.551724138,0.137931034,0.0,0.0,0.103448276,0.448275862,0.0,0.0,0.0,0.068965517,0.034482759,0.0,0.068965517,0.379310345,0.172413793,0.103448276,0.0,0.137931034,0.137931034,0.0,0.034482759,0.3218183219432831,0.19836243987083435,0.32471728324890137,0.15310223400592804,0.15593746304512024,0.11793734133243561,0.3026522994041443,0.3157658576965332,0.874092698097229,0.121476911008358,0.4227835536003113,0.2787938416004181,0.07726621627807617,1.0085408687591553,0.22304286062717438,0.2156357765197754,0.05984720215201378,0.11290571838617325,0.0046806721948087215,0.2039109468460083,0.39995989203453064,0.009694430977106094,0.4254652261734009,0.05550173297524452,0.025562351569533348,0.12998171150684357,0.21866586804389954,0.09436941146850586,0.34018459916114807,0.20846787095069885,0.20190885663032532,0.046859852969646454,0.02971331961452961,0.095099076628685,0.05550899729132652,0.2645336091518402,0.10765644162893295,0.032480765134096146,0.027136914432048798,0.04329843819141388,0.09207983314990997,0.10986679792404175,0.0744953379034996,0.14126089215278625,0.12761111557483673,0.1205582320690155,0.09220104664564133,0.24714869260787964,0.12313153594732285,0.12239970266819,0.043397415429353714
AJ119,0.066666667,0.0,0.366666667,0.166666667,0.6,0.233333333,0.166666667,0.266666667,0.633333333,0.1,0.166666667,0.0,0.0,1.4,0.366666667,0.733333333,0.633333333,0.866666667,0.233333333,0.633333333,0.2,1.233333333,0.366666667,0.7,0.166666667,0.3,0.233333333,0.1,0.066666667,0.3,0.233333333,0.066666667,0.0,0.0,0.0,0.2,0.0,0.0,0.0,0.1,0.0,0.2,0.0,0.1,0.166666667,0.066666667,0.0,0.466666667,0.166666667,0.333333333,0.066666667,0.37080419063568115,0.03182730823755264,0.43840041756629944,0.2734675705432892,0.18937142193317413,0.08358476310968399,0.19071824848651886,0.33173367381095886,0.5599645376205444,0.12809030711650848,0.23203927278518677,0.15913444757461548,0.03555968776345253,1.42414128780365,0.42793193459510803,0.406343549489975,0.42587000131607056,0.21175095438957214,0.11380746215581894,0.1999376267194748,0.10044735670089722,0.4678390920162201,0.15543118119239807,0.11742643266916275,0.07277893275022507,0.2700907588005066,0.08664936572313309,0.06829410046339035,0.23098793625831604,0.3887559473514557,0.224339097738266,0.07930895686149597,0.17466360330581665,0.15342135727405548,0.06454388797283173,0.6283397078514099,0.13763713836669922,0.05696552246809006,0.0461970716714859,0.17077572643756866,0.20190198719501495,0.3172053098678589,0.14582177996635437,0.30328086018562317,0.17529405653476715,0.3189486563205719,0.10589169710874557,0.32992851734161377,0.15554244816303253,0.22009307146072388,0.1970895528793335
AJ191,0.24137931,0.0,0.310344828,0.0,0.0,0.0,0.0,0.0,0.172413793,0.0,0.0,0.0,0.0,0.24137931,0.137931034,0.137931034,0.103448276,0.206896552,0.137931034,0.413793103,0.137931034,0.896551724,0.172413793,0.620689655,0.0,0.0,0.448275862,0.275862069,1.896551724,0.275862069,0.310344828,1.068965517,0.965517241,0.137931034,0.379310345,0.172413793,0.0,0.448275862,0.068965517,1.448275862,0.0,0.034482759,0.379310345,0.0,0.0,0.034482759,0.0,0.0,0.0,0.0,0.068965517,0.3893797695636749,0.07123802602291107,0.2909938097000122,0.007944107986986637,0.3565167486667633,0.050785236060619354,0.32863861322402954,0.18843239545822144,0.6856184005737305,0.2518210709095001,0.12062280625104904,0.10351841151714325,0.04343723505735397,1.1070748567581177,0.5064631104469299,0.39461663365364075,0.13824908435344696,0.10703711956739426,0.04783295840024948,0.2621440291404724,0.2836310565471649,0.27818140387535095,0.2917044758796692,0.325176477432251,0.0818021222949028,0.2173466682434082,0.3176838457584381,0.14439718425273895,0.6593413949012756,0.5445167422294617,0.2723359167575836,0.4830161929130554,0.27139079570770264,0.19434969127178192,0.1589355170726776,0.6020349264144897,0.09653596580028534,0.15866488218307495,0.09876414388418198,0.9307293891906738,0.18896223604679108,0.12963637709617615,0.08462478220462799,0.14243429899215698,0.19785678386688232,0.30750566720962524,0.10204894840717316,0.34002143144607544,0.19540780782699585,0.1641397625207901,0.2482575923204422
AJ244,0.172413793,0.0,0.344827586,0.275862069,0.413793103,0.034482759,0.827586207,0.24137931,1.310344828,0.068965517,0.517241379,0.517241379,0.103448276,1.965517241,0.482758621,0.24137931,1.103448276,0.137931034,0.0,0.172413793,0.172413793,0.0,0.310344828,0.137931034,0.137931034,0.172413793,0.0,0.0,0.0,0.172413793,0.24137931,0.0,0.0,0.068965517,0.0,0.517241379,0.0,0.0,0.0,0.137931034,0.310344828,0.137931034,0.034482759,0.551724138,0.103448276,0.034482759,0.0,0.0,0.103448276,0.103448276,0.0,0.4733296036720276,0.5043272972106934,0.4798754155635834,0.17684854567050934,0.402017205953598,0.16408592462539673,0.3722939193248749,0.2780402898788452,1.0876781940460205,0.16201555728912354,0.21412092447280884,0.3690856993198395,0.0978052020072937,1.213391900062561,0.29081884026527405,0.30538418889045715,0.5321111679077148,0.1343824565410614,0.04887273535132408,0.29155591130256653,0.22144950926303864,0.047527726739645004,0.30807802081108093,0.13388770818710327,0.02953430451452732,0.14839597046375275,0.0764922946691513,0.062026143074035645,0.09113135933876038,0.36306631565093994,0.2949492633342743,0.06745313107967377,0.09631823748350143,0.13295871019363403,0.12436474859714508,0.40178734064102173,0.10447052121162415,0.09287577122449875,0.025366144254803658,0.09559544175863266,0.1676744669675827,0.1385692059993744,0.08444014936685562,0.18131743371486664,0.1860726922750473,0.199202761054039,0.07379038631916046,0.20711195468902588,0.23420508205890656,0.15346185863018036,0.053861103951931
AJ261,0.166666667,0.0,0.7,0.466666667,0.033333333,0.133333333,0.466666667,0.133333333,1.033333333,0.1,0.233333333,0.366666667,0.1,1.266666667,0.133333333,0.2,0.4,0.066666667,0.0,0.266666667,0.366666667,0.1,0.5,0.266666667,0.1,0.2,0.0,0.0,0.433333333,0.233333333,0.3,0.1,0.0,0.0,0.0,0.566666667,0.0,0.033333333,0.0,0.0,0.0,0.133333333,0.0,0.733333333,0.466666667,0.266666667,0.0,0.233333333,0.466666667,0.0,0.133333333,0.46069279313087463,0.05610665678977966,0.7041013240814209,0.2035617232322693,0.6080729365348816,0.1775834858417511,0.43854132294654846,0.2623843550682068,1.0155547857284546,0.1318083256483078,0.27563023567199707,0.36243969202041626,0.051115185022354126,1.0516406297683716,0.2940705716609955,0.29375800490379333,0.4735453426837921,0.12110260128974915,0.02804323472082615,0.17831788957118988,0.22983187437057495,0.03344833850860596,0.27195799350738525,0.10042507201433182,0.024774989113211632,0.16284841299057007,0.07283639162778854,0.056135598570108414,0.13154913485050201,0.2788603901863098,0.3147445023059845,0.06689566373825073,0.08423447608947754,0.15041354298591614,0.10461277514696121,0.4883474111557007,0.10393022745847702,0.1117742583155632,0.020807890221476555,0.06373494118452072,0.22146931290626526,0.1477123498916626,0.09390828758478165,0.17059066891670227,0.1634468287229538,0.2138088345527649,0.09740666300058365,0.2116645723581314,0.3177049160003662,0.15987512469291687,0.08337516337633133
AJ413,0.24137931,0.0,0.137931034,0.068965517,0.137931034,0.0,0.137931034,0.172413793,0.862068966,0.172413793,0.448275862,0.448275862,0.24137931,1.586206897,0.482758621,0.24137931,0.310344828,0.655172414,1.103448276,1.068965517,0.448275862,0.24137931,0.206896552,0.068965517,0.103448276,0.0,0.0,0.068965517,0.0,0.206896552,0.137931034,0.068965517,0.034482759,0.0,0.0,0.310344828,0.137931034,0.103448276,0.0,0.034482759,0.586206897,0.24137931,0.137931034,0.206896552,0.172413793,0.448275862,0.0,0.103448276,0.068965517,0.068965517,0.068965517,0.26820042729377747,0.1667925864458084,0.32623371481895447,0.1385309100151062,0.24240781366825104,0.10112645477056503,0.17357222735881805,0.21267515420913696,0.7352995872497559,0.09146097302436829,0.20423898100852966,0.1305418163537979,0.07538150995969772,1.103186845779419,0.368100106716156,0.26587262749671936,0.468536913394928,0.1990782469511032,0.7714464664459229,0.4140859842300415,0.41147688031196594,0.26279324293136597,0.2800675928592682,0.19282661378383636,0.037534959614276886,0.13021118938922882,0.03150700777769089,0.05914679542183876,0.07168437540531158,0.21811418235301971,0.2073202133178711,0.13260924816131592,0.1405264139175415,0.13836663961410522,0.051844798028469086,0.4185258448123932,0.08943366259336472,0.12294988334178925,0.02469579316675663,0.1447908729314804,0.1901206076145172,0.10483893752098083,0.059281595051288605,0.16312113404273987,0.17980463802814484,0.18345840275287628,0.0809657871723175,0.16401326656341553,0.19141609966754913,0.16980545222759247,0.041554372757673264
AJ639,0.666666667,0.433333333,0.166666667,0.0,0.0,0.033333333,0.9,0.233333333,2.633333333,0.533333333,1.766666667,0.566666667,0.433333333,2.0,0.133333333,0.233333333,0.1,0.066666667,0.0,0.0,0.0,0.0,0.1,0.0,0.0,0.166666667,0.0,0.0,0.0,0.1,0.066666667,0.0,0.0,0.0,0.0,0.0,0.0,0.0,0.0,0.0,0.066666667,0.0,0.0,0.0,0.133333333,0.2,0.066666667,0.0,0.1,0.4,0.166666667,0.40285852551460266,0.13853029906749725,0.5441603660583496,0.13546451926231384,0.27732333540916443,0.08054503798484802,0.6232498288154602,0.2008025199174881,1.9118785858154297,0.1758490949869156,0.4041214883327484,0.8837394118309021,0.15150873363018036,1.3235856294631958,0.30315902829170227,0.28291934728622437,0.24452078342437744,0.10842572897672653,0.03886410593986511,0.24445277452468872,0.22520577907562256,0.11948404461145401,0.15090759098529816,0.11713196337223053,0.028165113180875778,0.2092425525188446,0.07167986035346985,0.05308269336819649,0.10487121343612671,0.25960513949394226,0.34449848532676697,0.09297412633895874,0.13742506504058838,0.1305684596300125,0.05054034665226936,0.4054928421974182,0.08918759971857071,0.03344455733895302,0.03672785311937332,0.13269120454788208,0.16315311193466187,0.16947998106479645,0.08395437151193619,0.21903200447559357,0.15487763285636902,0.23380307853221893,0.09914417564868927,0.2271595299243927,0.19305677711963654,0.1592411994934082,0.09407094866037369
AJ657,0.862068966,0.413793103,0.413793103,0.0,0.24137931,0.068965517,0.517241379,0.034482759,1.068965517,0.24137931,0.0,0.275862069,0.068965517,0.965517241,0.413793103,0.24137931,0.24137931,0.0,0.103448276,0.068965517,0.24137931,0.0,0.965517241,0.586206897,0.206896552,0.793103448,0.0,0.0,0.0,0.24137931,0.0,0.0,0.0,0.137931034,0.24137931,0.448275862,0.0,0.0,0.0,0.034482759,0.206896552,0.482758621,0.0,0.206896552,0.586206897,0.24137931,0.0,0.172413793,0.413793103,0.068965517,0.310344828,0.3558705449104309,0.11706516146659851,0.278494656085968,0.016652444377541542,0.20561270415782928,0.02778790518641472,0.26254045963287354,0.20185863971710205,0.6633676290512085,0.151638001203537,0.1623898148536682,0.19219346344470978,0.08984840661287308,1.2263988256454468,0.2567307651042938,0.22075265645980835,0.27539169788360596,0.12536318600177765,0.04497169330716133,0.39476826786994934,0.5725947618484497,0.2124021202325821,0.31876668334007263,0.3938863277435303,0.07007402181625366,0.2706664800643921,0.36527761816978455,0.29304423928260803,1.0037879943847656,0.5057085156440735,0.29057425260543823,0.4270998537540436,0.39117753505706787,0.14696569740772247,0.12755346298217773,0.36704352498054504,0.23519927263259888,0.1587129831314087,0.04882190376520157,1.0317583084106445,0.05004667863249779,0.13012617826461792,0.1044485867023468,0.09980005025863647,0.11626186221837997,0.45384061336517334,0.08488405495882034,0.30146995186805725,0.09184547513723373,0.10629480332136154,0.0945943295955658
AJ733,0.344827586,0.0,0.344827586,0.551724138,0.137931034,0.068965517,0.068965517,0.103448276,0.586206897,0.0,0.0,0.137931034,0.0,0.965517241,0.137931034,0.068965517,0.379310345,0.034482759,0.379310345,0.137931034,0.310344828,0.103448276,0.0,0.0,0.0,0.137931034,0.0,0.068965517,0.0,0.413793103,0.137931034,0.034482759,0.24137931,0.310344828,0.068965517,1.103448276,0.24137931,0.137931034,0.0,0.068965517,0.655172414,0.24137931,0.034482759,0.827586207,0.448275862,0.172413793,0.310344828,0.172413793,0.24137931,0.24137931,0.103448276,0.36079275608062744,0.15260669589042664,0.47907954454421997,0.20581647753715515,0.7297524809837341,0.22177545726299286,0.6051592826843262,0.400406152009964,0.978939414024353,0.1403295248746872,0.26549723744392395,0.5160954594612122,0.12482606619596481,1.2370421886444092,0.4659911096096039,0.3523503839969635,0.40043744444847107,0.1417832374572754,0.0789424479007721,0.4800545275211334,0.48121657967567444,0.06555628776550293,0.37040936946868896,0.13991385698318481,0.018780432641506195,0.23761148750782013,0.045761819928884506,0.10815661400556564,0.07379953563213348,0.1492394059896469,0.13686928153038025,0.041594136506319046,0.023691656067967415,0.13765758275985718,0.13224564492702484,0.6394155025482178,0.12561121582984924,0.05420653149485588,0.019360745325684547,0.0376155748963356,0.22588469088077545,0.18769419193267822,0.06154697388410568,0.14060528576374054,0.19325682520866394,0.16569794714450836,0.1143680065870285,0.2611168920993805,0.3098556101322174,0.20020319521427155,0.10094340890645981
AJ968,0.3,0.1,0.466666667,0.066666667,0.2,0.066666667,1.0,0.166666667,1.2,0.5,0.366666667,0.533333333,0.133333333,1.133333333,0.133333333,0.133333333,0.0,0.0,0.0,0.0,0.066666667,0.0,0.1,0.0,0.066666667,0.233333333,0.0,0.0,0.133333333,0.3,0.2,0.166666667,0.0,0.033333333,0.0,0.3,0.566666667,0.8,0.266666667,0.733333333,0.0,0.133333333,0.0,0.366666667,0.233333333,0.0,0.0,0.0,0.133333333,0.4,0.1,0.23022659122943878,0.061261191964149475,0.41623786091804504,0.20335547626018524,0.15510545670986176,0.10292302072048187,0.3425939381122589,0.1723341941833496,0.5624851584434509,0.1792667806148529,0.19305960834026337,0.2439052015542984,0.09124643355607986,0.8027868866920471,0.3232037127017975,0.20573322474956512,0.20035657286643982,0.11314305663108826,0.12185732275247574,0.15013816952705383,0.17992764711380005,0.045984070748090744,0.1352096050977707,0.08874256908893585,0.03456410393118858,0.26793235540390015,0.023533223196864128,0.08813438564538956,0.008862699382007122,0.1518552601337433,0.07841749489307404,0.047484345734119415,0.027709925547242165,0.1397341787815094,0.10630742460489273,0.5818271636962891,0.17844070494174957,0.3075154423713684,0.015581312589347363,0.10471987724304199,0.20700080692768097,0.24455410242080688,0.0889119878411293,0.6339925527572632,0.34926584362983704,0.4173824191093445,0.13875612616539001,0.4633059799671173,0.3563857078552246,0.13259179890155792,0.1384366899728775
AJ977,0.379310345,0.0,0.448275862,0.068965517,0.689655172,0.172413793,0.517241379,0.413793103,1.068965517,0.0,0.137931034,0.103448276,0.0,1.310344828,0.551724138,0.24137931,0.413793103,0.75862069,0.689655172,0.137931034,0.137931034,0.275862069,0.275862069,0.103448276,0.0,0.206896552,0.0,0.068965517,0.0,0.413793103,0.24137931,0.0,0.0,0.137931034,0.0,0.793103448,0.103448276,0.0,0.0,0.0,0.275862069,0.344827586,0.103448276,0.586206897,0.137931034,0.206896552,0.068965517,0.206896552,0.24137931,0.344827586,0.0,0.32702842354774475,0.07877520471811295,0.3984917998313904,0.23685824871063232,0.28800246119499207,0.1268712282180786,0.2981548607349396,0.2112841159105301,0.7305896282196045,0.1591825634241104,0.08451487123966217,0.13081640005111694,0.02875998616218567,1.3380945920944214,0.40237244963645935,0.3446696400642395,0.3355449140071869,0.1310543417930603,0.10716459155082703,0.18590010702610016,0.19570401310920715,0.03933203965425491,0.18997099995613098,0.0374472476541996,0.019488543272018433,0.11931674182415009,0.051031943410634995,0.06631802022457123,0.08915333449840546,0.29362499713897705,0.21200482547283173,0.07255906611680984,0.10364040732383728,0.12611281871795654,0.03667472302913666,0.49704062938690186,0.13032279908657074,0.18640075623989105,0.03407613933086395,0.1257447600364685,0.17675422132015228,0.1554964929819107,0.08187831193208694,0.27075791358947754,0.32304835319519043,0.32348698377609253,0.0935368686914444,0.3003350496292114,0.2767001688480377,0.15533210337162018,0.1557694524526596
AJ990,0.2,0.0,0.166666667,0.0,0.433333333,0.0,0.4,0.166666667,0.933333333,0.1,0.266666667,0.566666667,0.133333333,1.033333333,0.233333333,0.166666667,0.166666667,0.2,0.666666667,0.833333333,0.8,0.366666667,0.666666667,0.166666667,0.0,0.166666667,0.0,0.066666667,0.1,0.266666667,0.133333333,0.666666667,0.566666667,0.1,0.0,0.333333333,0.233333333,0.0,0.0,0.0,0.566666667,0.2,0.166666667,0.466666667,0.133333333,0.166666667,0.133333333,0.3,0.0,0.1,0.066666667,0.3491772413253784,0.17499537765979767,0.34053799510002136,0.17759674787521362,0.2427985817193985,0.07400394231081009,0.24481745064258575,0.16755461692810059,0.7062490582466125,0.10516811162233353,0.07278873026371002,0.10199014842510223,0.05803802236914635,1.2198957204818726,0.46260762214660645,0.314199835062027,0.49266472458839417,0.2238512635231018,0.8075533509254456,0.38279613852500916,0.4026814103126526,0.24071453511714935,0.20265518128871918,0.1635899692773819,0.010207674466073513,0.19617709517478943,0.022593621164560318,0.0635380893945694,0.07440514117479324,0.17607428133487701,0.17712916433811188,0.09621883928775787,0.12014938145875931,0.11148378998041153,0.05550835654139519,0.31927427649497986,0.08871383219957352,0.08289788663387299,0.02801358699798584,0.14347076416015625,0.13971377909183502,0.09848327934741974,0.05502927675843239,0.09261494874954224,0.14670129120349884,0.18170763552188873,0.0676862820982933,0.16889242827892303,0.1477162092924118,0.13869346678256989,0.022095754742622375
AJ995,0.333333333,0.0,0.266666667,0.166666667,0.666666667,0.0,0.133333333,0.0,0.366666667,0.0,0.0,0.0,0.0,0.666666667,1.066666667,0.633333333,0.633333333,1.066666667,1.766666667,0.8,0.733333333,0.133333333,0.433333333,0.0,0.0,0.233333333,0.033333333,0.1,0.133333333,0.1,0.0,0.133333333,0.0,0.233333333,0.0,0.5,0.0,0.0,0.0,0.0,0.433333333,0.133333333,0.0,0.3,0.166666667,0.2,0.0,0.366666667,0.0,0.0,0.0,0.43334537744522095,0.08895625174045563,0.2826292812824249,0.1540885865688324,0.2712326645851135,0.0576697438955307,0.20576004683971405,0.22696393728256226,0.6182105541229248,0.2585933208465576,0.12823517620563507,0.15094506740570068,0.05410638824105263,1.1585372686386108,0.5189419984817505,0.3443196415901184,0.6304014325141907,0.22479380667209625,0.5464051961898804,0.4064360558986664,0.4554751515388489,0.23044225573539734,0.27753978967666626,0.1718369722366333,0.04154553636908531,0.12447382509708405,0.07446291297674179,0.07093854248523712,0.10336858779191971,0.27401015162467957,0.21330344676971436,0.2547776401042938,0.20681801438331604,0.15419931709766388,0.05611104890704155,0.5067176818847656,0.09157400578260422,0.1015082374215126,0.051690734922885895,0.18463051319122314,0.18515057861804962,0.1045367494225502,0.06807807087898254,0.14599628746509552,0.14615695178508759,0.21320463716983795,0.08774124830961227,0.2857673466205597,0.1587895303964615,0.2207501381635666,0.07701080292463303
AK477,0.666666667,0.0,0.333333333,0.0,0.066666667,0.033333333,0.166666667,0.066666667,0.433333333,0.3,0.133333333,0.0,0.2,0.9,0.0,0.066666667,0.1,0.0,0.366666667,0.2,0.0,0.533333333,0.166666667,0.166666667,0.0,0.3,0.0,0.0,0.0,0.433333333,0.233333333,0.0,0.333333333,0.1,0.0,0.633333333,0.033333333,0.0,0.066666667,0.1,0.733333333,0.166666667,0.0,0.1,0.233333333,0.833333333,0.366666667,0.166666667,0.7,0.633333333,0.733333333,0.5440359115600586,0.08795920759439468,0.3776126801967621,0.09128627181053162,0.2703823447227478,0.16546159982681274,0.3079257607460022,0.10487004369497299,0.6981377005577087,0.4002833366394043,0.23895859718322754,0.19312116503715515,0.04757823795080185,0.7351171970367432,0.18125291168689728,0.24916166067123413,0.12231873720884323,0.09872672706842422,0.25849512219429016,0.2119532823562622,0.19112612307071686,0.28195804357528687,0.14616265892982483,0.0814523994922638,0.0185207761824131,0.13845831155776978,0.05262364447116852,0.061137981712818146,0.06733489036560059,0.35708582401275635,0.19570228457450867,0.06774591654539108,0.13748067617416382,0.11036180704832077,0.05619595944881439,0.5065126419067383,0.1795683652162552,0.0663776844739914,0.021809427067637444,0.09819552302360535,0.4254416525363922,0.14405930042266846,0.07113614678382874,0.2110355943441391,0.13635393977165222,0.3720093071460724,0.1688772588968277,0.30502161383628845,0.434449166059494,0.2590177357196808,0.30184128880500793
AK530,0.766666667,0.0,0.3,0.0,0.166666667,0.366666667,0.2,0.1,0.066666667,0.433333333,0.0,0.0,0.0,0.466666667,0.0,0.0,0.0,0.1,0.566666667,0.233333333,0.0,0.533333333,0.0,0.133333333,0.0,0.166666667,0.0,0.0,0.066666667,0.566666667,0.133333333,0.066666667,0.366666667,0.266666667,0.1,1.0,0.0,0.233333333,0.0,0.466666667,0.9,0.1,0.1,0.266666667,0.066666667,0.433333333,0.233333333,0.1,1.033333333,0.733333333,0.433333333,0.583052396774292,0.3649008572101593,0.31655773520469666,0.07968872040510178,0.1136416345834732,0.09153107553720474,0.3069188892841339,0.14198695123195648,0.5201439261436462,0.1969907134771347,0.12235550582408905,0.08827453851699829,0.03536776825785637,0.7737429141998291,0.14975081384181976,0.18610964715480804,0.10539618134498596,0.09977544099092484,0.268688827753067,0.36405542492866516,0.367771178483963,0.21793116629123688,0.2887634038925171,0.14451006054878235,0.033477868884801865,0.1868162304162979,0.024268390610814095,0.07339032739400864,0.04870908334851265,0.2743890881538391,0.22434407472610474,0.11072242259979248,0.676414966583252,0.17707067728042603,0.08162231743335724,0.5370842814445496,0.13017433881759644,0.36400851607322693,0.027249470353126526,0.2470812201499939,0.36672118306159973,0.16178901493549347,0.07555189728736877,0.1678880900144577,0.25444671511650085,0.621167778968811,0.10429411381483078,0.2476682811975479,0.3195960521697998,0.23083709180355072,0.18551786243915558
AK531,0.766666667,0.0,0.166666667,0.0,0.066666667,0.2,0.133333333,0.0,0.366666667,0.433333333,0.2,0.0,0.1,0.333333333,0.0,0.0,0.0,0.066666667,0.2,0.366666667,0.2,0.866666667,0.0,0.266666667,0.0,0.233333333,0.0,0.066666667,0.3,1.0,0.6,1.0,0.366666667,0.5,0.2,0.633333333,0.066666667,0.0,0.0,1.0,0.233333333,0.166666667,0.1,0.0,0.0,0.4,0.0,0.0,0.566666667,0.266666667,0.5,0.6851946711540222,0.08902690559625626,0.3773012161254883,0.003808808047324419,0.1661502867937088,0.05778413638472557,0.2788621485233307,0.10441245883703232,0.6889168620109558,0.17066986858844757,0.16677090525627136,0.25220292806625366,0.06296610087156296,0.7897605895996094,0.18650074303150177,0.11830338835716248,0.1617916077375412,0.10551945120096207,0.24975711107254028,0.3396153450012207,0.2514556050300598,0.5536694526672363,0.08859855681657791,0.206230029463768,0.012701229192316532,0.15326672792434692,0.11371595412492752,0.06280761957168579,0.15777255594730377,0.5704138278961182,0.42429035902023315,0.2124069184064865,0.40644019842147827,0.15461483597755432,0.07352080196142197,0.45753708481788635,0.09945248067378998,0.048720549792051315,0.03526251018047333,0.17478764057159424,0.6841566562652588,0.11493141949176788,0.09028179198503494,0.06097637861967087,0.11066095530986786,0.4519050121307373,0.15536686778068542,0.18920184671878815,0.5184062719345093,0.48215731978416443,0.3004027307033539
AK571,1.2,0.0,0.3,0.0,0.3,0.066666667,0.0,0.133333333,0.266666667,0.0,0.0,0.0,0.0,0.733333333,0.2,0.133333333,0.366666667,0.1,0.133333333,1.1,1.066666667,0.433333333,1.0,0.4,0.0,0.466666667,0.0,0.066666667,0.133333333,0.033333333,0.1,0.7,0.033333333,1.6,0.533333333,1.166666667,0.066666667,0.033333333,0.0,0.9,0.1,0.0,0.133333333,0.0,0.0,0.233333333,0.0,0.1,0.1,0.133333333,0.0,0.4132812023162842,0.08210203051567078,0.2726224362850189,0.06395202875137329,0.30546966195106506,0.046839140355587006,0.3509467542171478,0.1600068062543869,0.8176324367523193,0.10970807075500488,0.1294265240430832,0.11034075170755386,0.05391130968928337,0.9187232851982117,0.30816325545310974,0.27865830063819885,0.23961393535137177,0.12718939781188965,0.24528838694095612,0.31650063395500183,0.3401927351951599,0.19161583483219147,0.42282435297966003,0.20076945424079895,0.04707872495055199,0.08096916228532791,0.14281095564365387,0.10212276130914688,0.4633122384548187,0.45479413866996765,0.2531978487968445,0.1729249358177185,0.3216089904308319,0.23839427530765533,0.1243697926402092,0.5822924971580505,0.1286228448152542,0.47031426429748535,0.04470909386873245,0.3185715675354004,0.13321223855018616,0.16584257781505585,0.09232831746339798,0.24957017600536346,0.19046099483966827,0.437865287065506,0.11595447361469269,0.2957807779312134,0.23588190972805023,0.12534713745117188,0.1715608835220337
AL120,0.633333333,0.0,0.666666667,2.066666667,0.633333333,0.433333333,0.433333333,0.166666667,0.366666667,0.0,0.0,0.133333333,0.0,1.7,0.233333333,0.733333333,0.533333333,0.133333333,0.0,0.5,0.966666667,0.0,0.366666667,0.0,0.0,0.066666667,0.0,0.166666667,0.0,0.033333333,0.366666667,0.0,0.0,0.1,0.0,0.3,0.133333333,0.0,0.0,0.0,0.1,0.0,0.0,0.133333333,0.3,0.2,0.0,0.0,0.2,0.0,0.166666667,0.5761176347732544,0.15836119651794434,0.6199532151222229,0.936786413192749,0.5675906538963318,0.19579623639583588,0.4123910963535309,0.30628976225852966,0.8270474672317505,0.14212173223495483,0.11720836907625198,0.1158754825592041,0.04933251813054085,1.4217411279678345,0.368778795003891,0.37194934487342834,0.23323464393615723,0.11161155253648758,0.025221850723028183,0.19639703631401062,0.45023953914642334,0.0413653738796711,0.281930148601532,0.05918147414922714,0.07279522716999054,0.1899127960205078,0.019251728430390358,0.08511389046907425,0.0879116952419281,0.19718293845653534,0.15256239473819733,0.04711048677563667,0.02735663391649723,0.20208001136779785,0.04684324190020561,0.686344563961029,0.12304577231407166,0.04630884900689125,0.04272552207112312,0.08531107753515244,0.14682644605636597,0.09953633695840836,0.050287600606679916,0.1326131671667099,0.24009345471858978,0.2148219645023346,0.14743748307228088,0.19780360162258148,0.19757433235645294,0.13959655165672302,0.1189635768532753
AL177,0.466666667,0.0,0.3,0.033333333,0.866666667,0.2,0.066666667,0.0,0.266666667,0.066666667,0.0,0.0,0.0,0.233333333,0.233333333,0.066666667,0.1,0.133333333,0.166666667,1.2,1.3,0.0,0.833333333,0.0,0.0,0.333333333,0.0,0.2,0.0,0.266666667,0.0,0.0,0.0,0.366666667,0.1,1.166666667,0.2,0.0,0.0,0.0,0.8,0.133333333,0.0,0.2,0.066666667,0.333333333,0.0,0.233333333,0.266666667,0.466666667,0.3,0.6442322134971619,0.1485242396593094,0.5617139935493469,0.07592189311981201,0.7445548176765442,0.17935381829738617,0.32578593492507935,0.15165890753269196,0.3848201334476471,0.20010186731815338,0.06252352893352509,0.07466500252485275,0.013183727860450745,0.47934409976005554,0.24623514711856842,0.1876404732465744,0.19517479836940765,0.12050522863864899,0.18317224085330963,0.7738257050514221,1.259874939918518,0.04751860350370407,0.6833837032318115,0.07041522115468979,0.028370335698127747,0.30186933279037476,0.047138847410678864,0.09143021702766418,0.045744795352220535,0.12539070844650269,0.13779295980930328,0.06143302470445633,0.038048505783081055,0.550002932548523,0.09095026552677155,0.9579582810401917,0.13876421749591827,0.07502321153879166,0.02904605120420456,0.11503049731254578,0.30529868602752686,0.11038694530725479,0.09771061688661575,0.09376698732376099,0.12091407179832458,0.2568996250629425,0.24120788276195526,0.18798957765102386,0.34983721375465393,0.1685350090265274,0.2568025588989258
AL268,0.666666667,0.0,0.566666667,0.0,0.666666667,0.233333333,0.266666667,0.233333333,0.233333333,0.0,0.0,0.1,0.0,0.433333333,0.133333333,0.2,0.333333333,0.0,0.1,1.066666667,2.066666667,0.1,0.933333333,0.0,0.0,0.4,0.0,0.0,0.033333333,0.2,0.066666667,0.0,0.133333333,0.333333333,0.166666667,1.166666667,0.066666667,0.0,0.0,0.033333333,0.233333333,0.166666667,0.166666667,0.0,0.066666667,0.333333333,0.166666667,0.2,0.3,0.3,0.133333333,0.6251367330551147,0.20896033942699432,0.862690806388855,0.24072492122650146,0.7576611042022705,0.2326107919216156,0.3347083628177643,0.21378280222415924,0.4569009840488434,0.11037813127040863,0.08570072799921036,0.10393978655338287,0.03743111714720726,0.7787953019142151,0.2520827054977417,0.30667349696159363,0.3072441518306732,0.11556418240070343,0.10861286520957947,0.839587390422821,1.0070111751556396,0.18100087344646454,0.7827085852622986,0.1378982961177826,0.04236578568816185,0.2026318609714508,0.06720735132694244,0.09481129050254822,0.05892550200223923,0.19397315382957458,0.20099206268787384,0.09197869896888733,0.06157262623310089,0.3895706832408905,0.09730947017669678,0.6828295588493347,0.13336095213890076,0.0430038683116436,0.01456756703555584,0.0620223730802536,0.20611193776130676,0.1363692581653595,0.06442011892795563,0.08050835132598877,0.18361569941043854,0.19423063099384308,0.11278677731752396,0.2728581428527832,0.27077487111091614,0.13358813524246216,0.08305872231721878
AL310,0.566666667,0.0,0.766666667,0.133333333,0.9,0.533333333,0.2,0.0,0.5,0.033333333,0.0,0.0,0.0,0.533333333,0.333333333,0.133333333,0.133333333,0.066666667,0.0,0.266666667,0.7,0.0,0.333333333,0.1,0.0,0.0,0.066666667,0.0,0.133333333,0.3,0.2,0.0,0.0,0.433333333,0.1,1.433333333,0.2,0.433333333,0.0,0.2,0.333333333,0.066666667,0.0,0.066666667,0.033333333,0.1,0.266666667,0.5,0.3,0.633333333,0.3,0.4491026699542999,0.05092960596084595,0.39293429255485535,0.25104576349258423,0.4485328793525696,0.10587956756353378,0.3283092975616455,0.21861273050308228,0.8614526391029358,0.15337903797626495,0.10786819458007812,0.12204272300004959,0.03971969708800316,1.3084685802459717,0.34825435280799866,0.34513819217681885,0.336195170879364,0.11839968711137772,0.07797659933567047,0.40688657760620117,0.6522880792617798,0.07551605999469757,0.4283156991004944,0.15466293692588806,0.05142809823155403,0.30134710669517517,0.02332179620862007,0.05844193324446678,0.14539195597171783,0.4020690619945526,0.220949187874794,0.06509270519018173,0.06595899909734726,0.1724705994129181,0.05773499608039856,0.7035105228424072,0.287428617477417,0.09137600660324097,0.02494405023753643,0.0773189589381218,0.18842235207557678,0.1529659628868103,0.1015205830335617,0.1938183456659317,0.18266412615776062,0.47092342376708984,0.12307313084602356,0.42245638370513916,0.19974611699581146,0.161827951669693,0.13413386046886444
AL378,0.4,0.0,0.766666667,0.8,0.333333333,0.0,0.4,0.3,1.6,0.266666667,0.9,0.4,0.0,1.566666667,0.266666667,0.5,0.3,0.0,0.0,0.066666667,0.1,0.0,0.166666667,0.1,0.233333333,0.6,0.233333333,0.333333333,0.4,0.6,0.433333333,0.0,0.0,0.133333333,0.0,0.6,0.0,0.0,0.0,0.0,0.1,0.0,0.133333333,0.066666667,0.633333333,0.566666667,0.333333333,0.266666667,0.1,0.0,0.0,0.620112955570221,0.0753646194934845,0.6190232634544373,0.6973353624343872,0.5732702612876892,0.2306336611509323,0.5820857286453247,0.22705025970935822,1.0302057266235352,0.16016405820846558,0.3076005280017853,0.30786654353141785,0.07589422166347504,1.4795093536376953,0.24544960260391235,0.3665473759174347,0.2077290564775467,0.11164653301239014,0.022611545398831367,0.11302890628576279,0.1892968863248825,0.035751696676015854,0.11280154436826706,0.05680127441883087,0.03391743823885918,0.18032428622245789,0.027701932936906815,0.051301490515470505,0.17907743155956268,0.2676660120487213,0.23379717767238617,0.033564332872629166,0.02034952864050865,0.22463318705558777,0.05106682330369949,0.6117053031921387,0.15225929021835327,0.03300981968641281,0.04945649206638336,0.09635365754365921,0.17376358807086945,0.14585018157958984,0.07632540911436081,0.1630227416753769,0.19158488512039185,0.24920754134655,0.1441790908575058,0.1997152417898178,0.23757188022136688,0.1650264412164688,0.11638598144054413
AL388,0.133333333,0.0,0.1,0.0,0.366666667,0.2,0.133333333,0.233333333,0.3,0.0,0.0,0.0,0.0,0.533333333,0.4,0.266666667,0.3,0.066666667,0.1,0.4,0.733333333,0.0,0.433333333,0.0,0.0,0.066666667,0.0,0.0,0.0,0.1,0.3,0.033333333,0.0,0.766666667,0.366666667,1.4,1.166666667,0.333333333,0.0,0.433333333,0.366666667,0.6,0.133333333,0.133333333,0.166666667,0.566666667,0.0,0.1,0.533333333,0.6,0.1,0.71645587682724,0.05005866289138794,0.5682122707366943,0.11666368693113327,0.5122042298316956,0.14548709988594055,0.37235331535339355,0.1548830270767212,0.5796722173690796,0.13761453330516815,0.15028060972690582,0.12529586255550385,0.015276839025318623,0.7370033264160156,0.24564224481582642,0.23472920060157776,0.15348786115646362,0.14212463796138763,0.108912393450737,0.3358706831932068,0.4252021014690399,0.061015088111162186,0.5032881498336792,0.046515464782714844,0.018905628472566605,0.23654590547084808,0.0343809612095356,0.067794069647789,0.0482797808945179,0.2673194110393524,0.16512075066566467,0.07109325379133224,0.055594511330127716,0.44192323088645935,0.09108219295740128,1.098191738128662,0.33304235339164734,0.2135128378868103,0.03425411880016327,0.22154077887535095,0.3404300808906555,0.13715803623199463,0.1370469033718109,0.059731170535087585,0.08353124558925629,0.22076967358589172,0.20023435354232788,0.1938100904226303,0.34721556305885315,0.19439366459846497,0.29666653275489807
AL389,0.833333333,0.233333333,0.733333333,0.166666667,0.7,0.166666667,0.3,0.1,0.166666667,0.066666667,0.166666667,0.0,0.0,0.566666667,0.166666667,0.0,0.266666667,0.0,0.166666667,0.866666667,1.266666667,0.133333333,0.9,0.133333333,0.0,0.266666667,0.166666667,0.0,0.2,0.3,0.333333333,0.066666667,0.133333333,0.3,0.066666667,1.2,0.0,0.0,0.0,0.0,0.366666667,0.2,0.166666667,0.0,0.1,0.0,0.166666667,0.033333333,0.466666667,0.333333333,0.2,0.8079100847244263,0.10239618271589279,0.8030892610549927,0.056198541074991226,0.7609686255455017,0.19893480837345123,0.35091423988342285,0.11041472107172012,0.5479653477668762,0.195454403758049,0.08309976756572723,0.08609345555305481,0.013601556420326233,0.5458149313926697,0.17257381975650787,0.16781121492385864,0.19309377670288086,0.11177882552146912,0.14114625751972198,0.6323747634887695,0.9937640428543091,0.1411971002817154,0.5748811960220337,0.11738292872905731,0.012798553332686424,0.2107437252998352,0.05007774755358696,0.10476655513048172,0.07140342891216278,0.3576987087726593,0.25082939863204956,0.09829936176538467,0.06247253343462944,0.46586519479751587,0.1073036715388298,1.0325297117233276,0.15154314041137695,0.09104008227586746,0.040342558175325394,0.18405626714229584,0.3628730773925781,0.1608947515487671,0.2530241310596466,0.11158908903598785,0.12175217270851135,0.24844709038734436,0.2576850354671478,0.1778251677751541,0.451148122549057,0.23954175412654877,0.2186174988746643
AL417,0.4,0.0,0.733333333,0.6,0.366666667,0.266666667,0.933333333,0.3,1.666666667,0.833333333,0.8,0.3,0.166666667,2.1,0.433333333,0.566666667,0.166666667,0.066666667,0.0,0.066666667,0.133333333,0.0,0.2,0.066666667,0.133333333,0.5,0.0,0.0,0.133333333,0.2,0.066666667,0.0,0.0,0.233333333,0.0,0.566666667,0.4,0.0,0.0,0.0,0.0,0.0,0.0,0.0,0.1,0.2,0.166666667,0.1,0.0,0.233333333,0.0,0.4429311156272888,0.07879533618688583,0.5334231853485107,0.15512071549892426,0.358262300491333,0.2506954073905945,0.48726770281791687,0.18793705105781555,0.7846879959106445,0.23608630895614624,0.10395663231611252,0.16834159195423126,0.027754301205277443,1.0906754732131958,0.19939500093460083,0.2329416275024414,0.18431295454502106,0.10653845220804214,0.045375239104032516,0.19508638978004456,0.26729732751846313,0.07192055881023407,0.19514687359333038,0.06938076764345169,0.028319040313363075,0.2076704204082489,0.08696646243333817,0.06622664630413055,0.15308523178100586,0.3771916329860687,0.2656230330467224,0.09761341661214828,0.2782759666442871,0.1883947104215622,0.062464796006679535,0.6368094682693481,0.1188320517539978,0.18320870399475098,0.0745677649974823,0.17874707281589508,0.1467105895280838,0.09280446916818619,0.12990997731685638,0.18184404075145721,0.16208985447883606,0.3269166350364685,0.1780993491411209,0.20257963240146637,0.12499727308750153,0.17936217784881592,0.12961842119693756
AL538,0.433333333,0.0,0.3,0.066666667,0.333333333,0.0,0.8,0.266666667,0.366666667,0.1,0.0,0.066666667,0.0,1.066666667,0.333333333,0.233333333,0.233333333,0.1,0.066666667,0.166666667,0.133333333,0.1,0.0,0.0,0.0,0.4,0.3,0.133333333,0.9,1.233333333,0.833333333,0.0,0.166666667,0.2,0.066666667,1.133333333,0.466666667,0.0,0.066666667,0.2,0.0,0.0,0.533333333,0.1,0.0,0.733333333,0.0,0.0,0.0,0.0,0.0,0.5977724194526672,0.22790314257144928,0.5370339751243591,0.08838019520044327,0.28247004747390747,0.1722773313522339,0.36182013154029846,0.1597111076116562,0.7835078239440918,0.3301556706428528,0.31074103713035583,0.19657357037067413,0.06525804102420807,1.0214405059814453,0.2432982176542282,0.2771289348602295,0.18544456362724304,0.11164986342191696,0.05032496526837349,0.20949338376522064,0.23083075881004333,0.08025393635034561,0.21603697538375854,0.12114480137825012,0.026231151074171066,0.700217604637146,0.05067867413163185,0.05732524394989014,0.33938831090927124,0.5711948275566101,0.36030593514442444,0.08868171274662018,0.052363887429237366,0.3129239082336426,0.05906291306018829,0.950464129447937,0.20541295409202576,0.03477470204234123,0.06315437704324722,0.10309786349534988,0.17403139173984528,0.1392534226179123,0.09581974893808365,0.12083563208580017,0.06116615980863571,0.3015042841434479,0.1481557935476303,0.26169753074645996,0.42228490114212036,0.17775298655033112,0.14682407677173615
AL822,1.566666667,0.033333333,0.8,0.0,0.433333333,0.433333333,1.133333333,0.166666667,0.633333333,0.933333333,0.0,0.0,0.0,0.866666667,0.066666667,0.2,0.0,0.033333333,0.0,0.366666667,0.333333333,0.0,0.066666667,0.0,0.066666667,0.0,0.0,0.0,0.0,0.233333333,0.066666667,0.0,0.1,0.166666667,0.0,0.633333333,0.3,0.033333333,0.0,0.0,0.0,0.066666667,0.0,0.066666667,0.166666667,0.166666667,0.366666667,0.0,0.1,0.366666667,0.133333333,0.6725236177444458,0.10738259553909302,0.8824985027313232,0.16424798965454102,0.5613791942596436,0.24464696645736694,0.5001412630081177,0.17023664712905884,0.7476378679275513,0.4506635069847107,0.09801645576953888,0.07623045891523361,0.023239590227603912,0.8912401795387268,0.21958382427692413,0.24095666408538818,0.16433823108673096,0.10847054421901703,0.05910196155309677,0.2569810748100281,0.4120950698852539,0.04872501268982887,0.22834864258766174,0.08086404949426651,0.04242455214262009,0.28785440325737,0.022348441183567047,0.06710207462310791,0.13720165193080902,0.42225417494773865,0.2211807668209076,0.04036317393183708,0.07771431654691696,0.23286846280097961,0.08838583528995514,0.869792640209198,0.12045756727457047,0.23417215049266815,0.045700833201408386,0.13803304731845856,0.19350139796733856,0.10689203441143036,0.07538852840662003,0.12375177443027496,0.11890391260385513,0.3208749294281006,0.17234063148498535,0.21097718179225922,0.2079331874847412,0.18287622928619385,0.15073002874851227
AL944,0.833333333,0.166666667,0.7,0.9,0.466666667,0.5,0.433333333,0.033333333,0.266666667,1.066666667,0.133333333,0.0,0.0,0.533333333,0.033333333,0.1,0.2,0.0,0.033333333,0.133333333,0.233333333,0.0,0.166666667,0.066666667,0.0,0.1,0.0,0.0,0.0,0.3,0.266666667,0.0,0.0,0.233333333,0.133333333,0.666666667,0.633333333,0.333333333,0.2,0.333333333,0.233333333,0.0,0.1,0.333333333,0.2,0.133333333,0.0,0.066666667,0.1,0.066666667,0.133333333,0.6300738453865051,0.1275770217180252,0.7563287019729614,0.32789498567581177,0.6008632183074951,0.27390533685684204,0.4355895519256592,0.16698244214057922,0.43672865629196167,0.16326549649238586,0.07692181318998337,0.06943012028932571,0.03699512034654617,0.7222278118133545,0.22491958737373352,0.1946668177843094,0.11548243463039398,0.10814880579710007,0.04889552667737007,0.18348443508148193,0.397516667842865,0.06304625421762466,0.3045254349708557,0.09931192547082901,0.03811528906226158,0.25962433218955994,0.06407316774129868,0.10383034497499466,0.1421230435371399,0.3666822016239166,0.2454327493906021,0.14308519661426544,0.08684166520833969,0.31028544902801514,0.08638568967580795,0.9655464887619019,0.4483298361301422,0.24834990501403809,0.09705284237861633,0.27393510937690735,0.2202475666999817,0.08950256556272507,0.19753775000572205,0.19085511565208435,0.17166970670223236,0.337784081697464,0.18613776564598083,0.1682252287864685,0.20853129029273987,0.1620248705148697,0.1838780790567398
AM104,0.366666667,0.1,0.566666667,1.233333333,0.5,0.233333333,0.166666667,0.4,0.5,0.0,0.1,0.0,0.0,1.566666667,0.433333333,0.2,0.7,0.233333333,0.366666667,0.5,0.0,0.166666667,0.1,0.1,0.0,0.0,0.0,0.033333333,0.0,0.333333333,0.3,0.3,0.533333333,0.066666667,0.033333333,0.566666667,0.066666667,0.1,0.1,0.333333333,0.233333333,0.066666667,0.033333333,0.066666667,0.633333333,0.066666667,0.066666667,0.0,0.0,0.133333333,0.166666667,0.3564607501029968,0.06216663494706154,0.6663267612457275,1.229048252105713,0.6188074946403503,0.3861757814884186,0.5096964836120605,0.4256889224052429,0.575282871723175,0.09970353543758392,0.08928864449262619,0.12290526926517487,0.04701986908912659,1.4072109460830688,0.3728189766407013,0.3743327856063843,0.33376601338386536,0.1354413628578186,0.03731696307659149,0.1784905642271042,0.2711610496044159,0.07816620171070099,0.19216173887252808,0.030065134167671204,0.017018141224980354,0.16296394169330597,0.10312628000974655,0.06070311367511749,0.06881128251552582,0.24160665273666382,0.28814318776130676,0.14963197708129883,0.1821407526731491,0.19330435991287231,0.0593930184841156,0.7242128252983093,0.1004364937543869,0.05271012708544731,0.07214127480983734,0.17892122268676758,0.36211955547332764,0.11706110835075378,0.06587815284729004,0.1333288699388504,0.32180386781692505,0.1580592840909958,0.09749079495668411,0.18653595447540283,0.2928754389286041,0.1623583883047104,0.10389677435159683
AM182,0.1,0.0,0.166666667,0.1,0.066666667,0.0,0.7,0.1,1.966666667,0.5,0.766666667,0.966666667,0.066666667,1.633333333,0.233333333,0.233333333,0.1,0.066666667,0.0,0.066666667,0.033333333,0.0,0.0,0.0,0.233333333,0.233333333,0.0,0.033333333,0.0,0.133333333,0.1,0.0,0.0,0.0,0.0,0.3,0.0,0.0,0.0,0.0,0.0,0.066666667,0.0,0.166666667,0.233333333,0.066666667,0.266666667,0.066666667,0.433333333,0.166666667,0.2,0.47487276792526245,0.10944566875696182,0.41507017612457275,0.11705685406923294,0.17075291275978088,0.09979932010173798,0.45352858304977417,0.18564997613430023,1.4574146270751953,0.18265752494335175,0.4330449402332306,0.6318645477294922,0.1267971694469452,1.2110812664031982,0.19574545323848724,0.26124995946884155,0.17385698854923248,0.10225025564432144,0.06357971578836441,0.21039125323295593,0.23905256390571594,0.15009886026382446,0.16191555559635162,0.07977400720119476,0.032041165977716446,0.12060803920030594,0.09651821106672287,0.06726555526256561,0.15966098010540009,0.4471385180950165,0.4274798631668091,0.11723123490810394,0.15244565904140472,0.11030016839504242,0.0443970188498497,0.39194369316101074,0.09128688275814056,0.03800506889820099,0.038654476404190063,0.20417439937591553,0.2889678180217743,0.1189517229795456,0.07358955591917038,0.15270428359508514,0.10410978645086288,0.274883896112442,0.09231212735176086,0.22324398159980774,0.18547610938549042,0.2480451464653015,0.10062216222286224
AM212,0.3,0.0,0.433333333,0.0,0.366666667,0.033333333,0.166666667,0.366666667,0.6,0.333333333,0.233333333,0.366666667,0.0,1.233333333,0.666666667,0.566666667,0.066666667,0.0,0.0,0.066666667,0.0,0.0,0.2,0.1,0.0,0.3,0.333333333,0.033333333,0.533333333,0.233333333,0.3,0.0,0.0,0.133333333,0.0,0.066666667,0.666666667,0.0,0.0,0.166666667,0.0,0.0,0.133333333,0.133333333,0.233333333,0.333333333,0.0,0.833333333,0.2,0.266666667,0.166666667,0.35728663206100464,0.060160957276821136,0.3435712456703186,0.06636917591094971,0.35631293058395386,0.1327987164258957,0.35708993673324585,0.2667807638645172,0.822230339050293,0.6065764427185059,0.14010676741600037,0.23649759590625763,0.041636381298303604,1.5107415914535522,0.6067556142807007,0.5607585310935974,0.2581760287284851,0.10959754884243011,0.03823207691311836,0.30178818106651306,0.5905221700668335,0.05692063271999359,0.37498828768730164,0.07899411022663116,0.126433864235878,0.2671549618244171,0.29997360706329346,0.10181061178445816,0.2403261810541153,0.286618709564209,0.2715771496295929,0.08232243359088898,0.06378183513879776,0.260273814201355,0.06603694707155228,0.6344338655471802,0.12442681938409805,0.04461783543229103,0.03716268017888069,0.08921902626752853,0.09152324497699738,0.15298166871070862,0.07811948657035828,0.19280818104743958,0.19158247113227844,0.3187825679779053,0.14501680433750153,0.2965189516544342,0.24983328580856323,0.16646115481853485,0.15800587832927704
AM456,0.433333333,0.0,0.366666667,0.1,0.6,0.0,0.266666667,0.5,0.666666667,0.0,0.133333333,0.133333333,0.333333333,1.733333333,0.7,0.633333333,0.333333333,0.0,0.133333333,0.4,0.066666667,0.166666667,0.2,0.3,1.3,1.1,0.4,0.6,0.0,0.0,0.066666667,0.0,0.0,0.0,0.0,0.266666667,0.033333333,0.0,0.0,0.066666667,0.133333333,0.1,0.0,0.0,0.133333333,0.0,0.133333333,0.1,0.133333333,0.266666667,0.0,0.44075971841812134,0.059683218598365784,0.5563228726387024,0.4730426073074341,0.5266712307929993,0.22593630850315094,0.5094451904296875,0.35137516260147095,0.691201388835907,0.10576947033405304,0.23653721809387207,0.2833513021469116,0.21429163217544556,1.3896675109863281,0.5181681513786316,0.3664625585079193,0.25863999128341675,0.12129891663789749,0.03621545061469078,0.1994801014661789,0.1834433376789093,0.06255738437175751,0.2265644520521164,0.2244585156440735,0.7231511473655701,0.8050185441970825,0.07581321895122528,0.14108741283416748,0.12085849791765213,0.11669411510229111,0.16191627085208893,0.06548543274402618,0.11880806088447571,0.11000252515077591,0.07960302382707596,0.6354925632476807,0.1270015388727188,0.11849112063646317,0.015044706873595715,0.0357200987637043,0.18319900333881378,0.1616673618555069,0.04436878859996796,0.11450468003749847,0.1513323187828064,0.23835983872413635,0.08462207019329071,0.2002033144235611,0.34496694803237915,0.15026088058948517,0.17411580681800842
AM571,0.433333333,0.2,0.7,1.633333333,0.433333333,0.333333333,1.3,0.733333333,0.4,0.1,0.0,0.066666667,0.0,0.966666667,0.1,0.233333333,0.2,0.0,0.033333333,0.166666667,0.166666667,0.0,0.0,0.0,0.033333333,0.066666667,0.0,0.0,0.0,0.066666667,0.0,0.0,0.0,0.133333333,0.0,0.6,0.0,0.0,0.0,0.0,0.0,0.0,0.133333333,0.7,0.933333333,0.333333333,0.166666667,0.4,0.0,0.233333333,0.066666667,0.4816737771034241,0.1605151742696762,0.74277663230896,0.5050500631332397,0.5003315806388855,0.2984679341316223,1.052574872970581,0.7104218006134033,0.2543368935585022,0.13972097635269165,0.04055912792682648,0.10532311350107193,0.037817079573869705,0.875816285610199,0.2427409142255783,0.2939367890357971,0.18386439979076385,0.11145549267530441,0.0705050453543663,0.21412499248981476,0.22572459280490875,0.026295306161046028,0.16597126424312592,0.05113805830478668,0.01933029294013977,0.12602588534355164,0.028312914073467255,0.04871663823723793,0.009132086299359798,0.1248575747013092,0.11056199669837952,0.0277487114071846,0.10807687044143677,0.3360762298107147,0.038114748895168304,0.4880182147026062,0.15985511243343353,0.045107610523700714,0.018036436289548874,0.042276885360479355,0.16720636188983917,0.13567548990249634,0.18814638257026672,0.49773719906806946,0.6119753122329712,0.2738474905490875,0.18739114701747894,0.2082386612892151,0.1591518521308899,0.203529492020607,0.1887955516576767
AM966,0.633333333,1.3,0.766666667,1.466666667,0.133333333,0.0,1.1,0.7,1.033333333,0.066666667,0.966666667,0.233333333,0.1,2.1,0.233333333,0.266666667,0.3,0.0,0.0,0.0,0.166666667,0.0,0.0,0.0,0.0,0.0,0.1,0.033333333,0.0,0.266666667,0.233333333,0.0,0.0,0.0,0.033333333,0.066666667,0.0,0.0,0.0,0.0,0.0,0.0,0.0,0.0,0.266666667,0.1,0.133333333,0.2,0.0,0.0,0.066666667,0.5285831093788147,0.5064620971679688,0.5033451318740845,2.0646109580993652,0.17011478543281555,0.12576065957546234,0.7370259165763855,0.5263885259628296,0.6129725575447083,0.10902159661054611,0.12819212675094604,0.14048148691654205,0.05901694670319557,0.7756429314613342,0.12769152224063873,0.19489844143390656,0.1331617385149002,0.09261871129274368,0.026098808273673058,0.09791187942028046,0.10140275210142136,0.016087329015135765,0.0721924901008606,0.04809213802218437,0.03690256550908089,0.09860159456729889,0.06412594765424728,0.056274689733982086,0.055647581815719604,0.24204641580581665,0.15289120376110077,0.04150120168924332,0.14514191448688507,0.032005034387111664,0.04508884996175766,0.23203253746032715,0.13036629557609558,0.04296411946415901,0.021823082119226456,0.062395501881837845,0.05829482153058052,0.12705405056476593,0.1449914127588272,0.17722338438034058,0.46834322810173035,0.36853864789009094,0.15813219547271729,0.2097521871328354,0.17865918576717377,0.15261082351207733,0.12020736932754517
AO083,0.4,0.0,0.6,2.3,0.166666667,0.3,0.333333333,0.1,0.9,0.0,0.133333333,0.4,0.133333333,1.266666667,0.466666667,0.366666667,0.2,0.0,0.0,0.633333333,0.233333333,0.566666667,0.0,0.0,0.033333333,0.433333333,0.033333333,0.0,0.0,0.2,0.1,0.166666667,1.5,0.066666667,0.1,0.233333333,0.133333333,0.0,0.0,0.033333333,0.1,0.0,0.0,0.266666667,0.633333333,0.233333333,0.266666667,0.0,0.0,0.3,0.0,0.3766418397426605,0.08464989811182022,0.5447971224784851,0.2091173529624939,0.24065202474594116,0.18155087530612946,0.47545164823532104,0.16674283146858215,1.010751724243164,0.15186858177185059,0.5124165415763855,0.43928441405296326,0.12108393758535385,0.9781812429428101,0.14992755651474,0.15334069728851318,0.15251889824867249,0.11024629324674606,0.023090852424502373,0.18758219480514526,0.15845473110675812,0.27732717990875244,0.09968110918998718,0.04656260833144188,0.027267254889011383,0.060907378792762756,0.044334776699543,0.0539575032889843,0.15766163170337677,0.4459872841835022,0.37888655066490173,0.2618182301521301,1.0980720520019531,0.05849570035934448,0.05516259744763374,0.30728331208229065,0.15513309836387634,0.038151852786540985,0.03135744482278824,0.14420004189014435,0.13993965089321136,0.09853672981262207,0.07234874367713928,0.17884129285812378,0.2445092350244522,0.3055361807346344,0.10401873290538788,0.19231238961219788,0.11119934171438217,0.11172708123922348,0.12052066624164581
AO338,0.3,0.0,0.133333333,0.1,0.033333333,0.066666667,0.366666667,0.2,0.733333333,0.0,0.2,0.0,0.2,1.466666667,0.566666667,0.666666667,0.2,0.0,0.133333333,0.266666667,0.166666667,0.266666667,0.0,0.1,0.0,0.2,1.566666667,0.066666667,0.333333333,0.833333333,0.6,0.366666667,0.133333333,0.033333333,0.033333333,0.633333333,0.033333333,0.133333333,0.133333333,1.033333333,0.033333333,0.166666667,0.0,0.033333333,0.033333333,0.033333333,0.1,0.0,0.133333333,0.0,0.0,0.3380493223667145,0.13520367443561554,0.4564096927642822,0.3926215171813965,0.7165056467056274,0.28721264004707336,0.5370071530342102,0.5203584432601929,0.46134182810783386,0.102424755692482,0.1302345097064972,0.1392015814781189,0.061705831438302994,1.4224258661270142,0.46343734860420227,0.39300736784935,0.2839580178260803,0.18204310536384583,0.0643446072936058,0.3669818639755249,0.33510297536849976,0.18845103681087494,0.16080117225646973,0.15690286457538605,0.02207479625940323,0.19114640355110168,0.16353344917297363,0.07146652042865753,0.14196187257766724,0.26030975580215454,0.2564263343811035,0.3111182451248169,0.2517026960849762,0.18641145527362823,0.08867686986923218,0.6593968868255615,0.12511304020881653,0.0574348047375679,0.07745851576328278,0.35226958990097046,0.3772529363632202,0.16414415836334229,0.08284754306077957,0.13986463844776154,0.12365487217903137,0.14983384311199188,0.09190186858177185,0.2124938666820526,0.23807619512081146,0.1779203712940216,0.08191913366317749
AO390,0.433333333,0.0,0.066666667,0.066666667,0.7,0.466666667,0.633333333,0.5,0.3,0.1,0.166666667,0.166666667,0.1,1.133333333,0.4,0.2,0.366666667,0.0,0.0,0.166666667,0.2,0.0,0.0,0.0,0.066666667,0.266666667,0.1,0.0,0.0,0.166666667,0.033333333,0.0,0.0,0.133333333,0.0,0.866666667,0.666666667,0.0,0.0,0.033333333,0.566666667,0.5,0.033333333,0.133333333,0.3,0.4,0.8,0.9,0.8,0.366666667,0.133333333,0.2760235071182251,0.07741072028875351,0.37337708473205566,0.255769282579422,0.4649781584739685,0.18805404007434845,0.47037947177886963,0.5154738426208496,0.6071739792823792,0.12747995555400848,0.2870349884033203,0.18943269550800323,0.0972786471247673,1.6228868961334229,0.58545982837677,0.4594544470310211,0.5546072125434875,0.1458165943622589,0.08940757811069489,0.18684770166873932,0.19030699133872986,0.06986498832702637,0.18376660346984863,0.07671709358692169,0.17084547877311707,0.7525851130485535,0.06777589023113251,0.09194940328598022,0.03389042243361473,0.08150961995124817,0.09175214171409607,0.05268843472003937,0.008952504955232143,0.11638598144054413,0.04383506253361702,0.529931902885437,0.29109621047973633,0.052308034151792526,0.01794716715812683,0.03772546723484993,0.19950728118419647,0.21433717012405396,0.053178414702415466,0.3989154100418091,0.28998541831970215,0.2559340000152588,0.1878780573606491,0.5812407732009888,0.3171972334384918,0.2000216543674469,0.21741996705532074
AO456,0.533333333,0.0,0.3,0.2,0.166666667,0.4,1.366666667,0.266666667,1.733333333,0.166666667,0.4,0.8,0.166666667,1.233333333,0.266666667,0.3,0.0,0.0,0.0,0.0,0.0,0.0,0.066666667,0.133333333,0.0,0.0,0.1,0.0,0.0,0.433333333,0.766666667,0.033333333,0.0,0.0,0.0,0.066666667,0.466666667,0.0,0.0,0.0,0.066666667,0.033333333,0.0,0.366666667,0.0,0.2,0.666666667,1.266666667,0.3,0.133333333,0.0,0.3476155996322632,0.09191954135894775,0.5256138443946838,0.22519823908805847,0.5180811285972595,0.22688543796539307,0.7149088382720947,0.2041146457195282,1.0710951089859009,0.22496235370635986,0.3348168432712555,0.5521758794784546,0.1238841637969017,1.3542263507843018,0.290894478559494,0.3408791720867157,0.1858169138431549,0.10283438861370087,0.0204468946903944,0.14783978462219238,0.19417168200016022,0.014546790160238743,0.09362597018480301,0.1395941525697708,0.06686440855264664,0.19221091270446777,0.055468957871198654,0.06796988099813461,0.1461237221956253,0.18896083533763885,0.4095933735370636,0.02886335365474224,0.0725923702120781,0.07030344009399414,0.04881581291556358,0.3023494780063629,0.08707910776138306,0.032883934676647186,0.018248505890369415,0.07928001135587692,0.07915639132261276,0.12536737322807312,0.05941831320524216,0.22725099325180054,0.18557046353816986,0.2201482057571411,0.13989318907260895,0.2282746285200119,0.21652573347091675,0.17293401062488556,0.05943814292550087
AO567,1.233333333,0.2,0.866666667,0.066666667,1.533333333,0.033333333,0.2,0.4,0.0,0.0,0.0,0.0,0.0,0.566666667,0.166666667,0.0,0.166666667,0.4,0.1,0.766666667,1.533333333,0.266666667,0.633333333,0.033333333,0.0,0.766666667,0.0,0.0,0.1,0.0,0.3,0.0,0.133333333,0.933333333,0.0,1.5,0.033333333,0.0,0.0,0.066666667,0.333333333,0.066666667,0.066666667,0.066666667,0.066666667,0.133333333,0.166666667,0.0,0.1,0.233333333,0.0,0.6189019083976746,0.15160027146339417,0.47450846433639526,0.26528310775756836,0.7596297860145569,0.17370203137397766,0.5457864999771118,0.48083123564720154,0.44376689195632935,0.11181415617465973,0.18076790869235992,0.1734337955713272,0.10009251534938812,1.1210649013519287,0.4157542884349823,0.2584807574748993,0.3342716693878174,0.1238517314195633,0.045391373336315155,0.40410754084587097,0.7815192341804504,0.03138932213187218,0.6116524338722229,0.10066822171211243,0.17611362040042877,0.4052116572856903,0.05424104630947113,0.10777905583381653,0.20252759754657745,0.30732274055480957,0.18491536378860474,0.03952568769454956,0.01464945450425148,0.33110374212265015,0.06528881192207336,0.9930126070976257,0.16323548555374146,0.047129515558481216,0.019429560750722885,0.03719461336731911,0.16669961810112,0.1535125970840454,0.08685945719480515,0.15823818743228912,0.15474814176559448,0.27755868434906006,0.12165311723947525,0.2264149785041809,0.2915695309638977,0.1924799233675003,0.1405262053012848
AO865,0.8,0.0,1.066666667,0.5,0.766666667,0.466666667,2.0,0.633333333,0.6,0.166666667,0.2,0.4,0.166666667,1.5,0.366666667,0.4,0.6,0.0,0.133333333,0.066666667,0.3,0.0,0.0,0.066666667,0.0,0.066666667,0.066666667,0.0,0.0,0.233333333,0.566666667,0.0,0.066666667,0.533333333,0.0,0.4,0.033333333,0.0,0.0,0.1,0.1,0.466666667,0.033333333,0.433333333,0.2,0.066666667,0.266666667,0.3,0.333333333,0.333333333,0.066666667,0.3785051703453064,0.04660787433385849,0.4355590343475342,0.38233330845832825,0.39507028460502625,0.1608525514602661,0.43860432505607605,0.3936707377433777,0.6378943920135498,0.09973692893981934,0.1521705836057663,0.1932784467935562,0.08189046382904053,1.2964998483657837,0.4312608242034912,0.3318440020084381,0.16260023415088654,0.12447293847799301,0.03460178151726723,0.3757697641849518,0.4353199899196625,0.14122061431407928,0.29372674226760864,0.10575453191995621,0.08476196229457855,0.13736015558242798,0.37224796414375305,0.10109719634056091,0.2662980258464813,0.32366812229156494,0.3065578043460846,0.30803269147872925,0.15752165019512177,0.22732914984226227,0.07420438528060913,0.7494361996650696,0.09545236080884933,0.05225915089249611,0.06273073703050613,0.3114258944988251,0.1923900544643402,0.13234592974185944,0.06397629529237747,0.1416236013174057,0.19954565167427063,0.15131860971450806,0.08235323429107666,0.2111077755689621,0.20866826176643372,0.16277460753917694,0.040317971259355545
AP397,0.366666667,0.1,0.466666667,0.2,0.4,0.2,0.566666667,0.633333333,2.5,0.266666667,0.666666667,1.6,0.133333333,2.266666667,0.433333333,0.333333333,0.4,0.166666667,0.0,0.1,0.033333333,0.066666667,0.0,0.0,0.0,0.2,0.033333333,0.0,0.133333333,0.266666667,0.433333333,0.0,0.0,0.0,0.0,0.733333333,0.1,0.0,0.0,0.033333333,0.133333333,0.066666667,0.266666667,0.166666667,0.266666667,0.466666667,0.066666667,0.4,0.0,0.0,0.0,0.30963340401649475,0.08116365224123001,0.4282335937023163,0.29705438017845154,0.4087027609348297,0.12825436890125275,0.4596855342388153,0.5001251101493835,1.1463292837142944,0.1265685111284256,0.21898694336414337,0.47457563877105713,0.0975346565246582,1.5181940793991089,0.41725051403045654,0.3634212017059326,0.27738720178604126,0.12335764616727829,0.028284767642617226,0.22745449841022491,0.20733126997947693,0.10476752370595932,0.13738161325454712,0.14627793431282043,0.07236852496862411,0.20559149980545044,0.10393759608268738,0.07322661578655243,0.337319940328598,0.2116246074438095,0.36372968554496765,0.06501119583845139,0.05827968940138817,0.09515202790498734,0.033518072217702866,0.49962350726127625,0.09967558085918427,0.030689485371112823,0.02089492604136467,0.06719230115413666,0.14091213047504425,0.14462023973464966,0.09025240689516068,0.23909568786621094,0.2204376757144928,0.1657426655292511,0.09954691678285599,0.28761595487594604,0.200785830616951,0.1427784115076065,0.051993295550346375
AP432,0.466666667,0.0,0.966666667,0.133333333,0.7,0.233333333,0.0,0.0,0.0,0.0,0.0,0.0,0.0,0.333333333,0.2,0.0,0.2,0.233333333,0.566666667,0.4,0.433333333,0.666666667,0.166666667,0.266666667,0.0,0.366666667,0.133333333,0.0,0.1,0.233333333,0.2,0.366666667,1.466666667,0.666666667,0.4,1.033333333,0.2,0.0,0.066666667,0.166666667,1.6,0.233333333,0.3,0.333333333,0.233333333,0.066666667,0.066666667,0.233333333,0.533333333,0.533333333,0.133333333,0.37568506598472595,0.08330907672643661,0.6356490254402161,0.36694785952568054,0.4292088747024536,0.2603265345096588,0.24040339887142181,0.30894356966018677,0.35585373640060425,0.08898220956325531,0.02988624759018421,0.06361185759305954,0.02063857577741146,1.028208613395691,0.3422299325466156,0.32822754979133606,0.4877704977989197,0.14094428718090057,0.11848361045122147,0.42134425044059753,0.3560905158519745,0.42563968896865845,0.2697511315345764,0.08101819455623627,0.022704361006617546,0.1543029397726059,0.031110912561416626,0.057948075234889984,0.0697198435664177,0.28174760937690735,0.1778092086315155,0.19396471977233887,0.9666237831115723,0.3672907054424286,0.07116687297821045,0.7350237369537354,0.11817561089992523,0.049668848514556885,0.03360319137573242,0.13841257989406586,0.35094934701919556,0.10798811912536621,0.21298131346702576,0.2511903941631317,0.2070644348859787,0.24254773557186127,0.11350847780704498,0.20607219636440277,0.23330280184745789,0.13616232573986053,0.05363864079117775
AP447,1.0,0.066666667,1.0,0.366666667,0.666666667,0.833333333,0.2,0.333333333,0.7,0.333333333,0.266666667,0.266666667,0.1,0.7,0.166666667,0.233333333,0.233333333,0.2,0.133333333,0.466666667,0.9,0.0,0.133333333,0.466666667,0.0,0.3,0.0,0.166666667,0.0,0.366666667,0.166666667,0.1,0.233333333,0.133333333,0.066666667,1.066666667,0.566666667,0.066666667,0.033333333,0.033333333,0.466666667,0.3,0.0,0.333333333,0.133333333,0.6,0.3,0.133333333,0.2,0.166666667,0.066666667,0.4160841107368469,0.06251834332942963,0.6222293376922607,0.4613124132156372,0.46919751167297363,0.3788107931613922,0.5388222336769104,0.27462977170944214,0.5870076417922974,0.10942346602678299,0.23699022829532623,0.23980312049388885,0.13843749463558197,1.1279687881469727,0.3233198821544647,0.24636885523796082,0.2940596044063568,0.12003037333488464,0.006718572694808245,0.13062822818756104,0.1429566890001297,0.06129521504044533,0.2227039337158203,0.08768881857395172,0.03184255585074425,0.11775524914264679,0.03596589341759682,0.0657544806599617,0.03314266353845596,0.15579839050769806,0.17894607782363892,0.08669748902320862,0.20440174639225006,0.20819947123527527,0.0644189789891243,0.6907816529273987,0.35038161277770996,0.1377289593219757,0.024116968736052513,0.0745386853814125,0.2772861123085022,0.2017672210931778,0.09068477153778076,0.36613938212394714,0.4431955814361572,0.33320194482803345,0.1447841376066208,0.325148344039917,0.35391777753829956,0.16415520012378693,0.2025538831949234
AP661,0.433333333,0.0,0.4,0.266666667,0.266666667,0.066666667,0.266666667,0.1,0.433333333,0.0,0.066666667,0.033333333,0.0,1.033333333,0.3,0.2,0.8,0.2,0.233333333,0.633333333,0.533333333,0.1,0.133333333,0.266666667,0.0,0.366666667,0.0,0.0,0.066666667,0.233333333,0.466666667,0.3,1.466666667,0.233333333,0.133333333,1.166666667,0.1,0.066666667,0.0,0.166666667,0.3,0.233333333,0.2,0.166666667,0.033333333,0.166666667,0.166666667,0.1,0.066666667,0.266666667,0.1,0.4427986145019531,0.21306467056274414,0.6367980241775513,0.24059036374092102,0.57398921251297,0.35894814133644104,0.5364120602607727,0.47879114747047424,0.760696530342102,0.2889866530895233,0.23205691576004028,0.15747812390327454,0.05959967523813248,1.4469833374023438,0.39766988158226013,0.3560448884963989,0.3516707718372345,0.141776904463768,0.05454977601766586,0.27299538254737854,0.21529202163219452,0.36294257640838623,0.14417128264904022,0.1280587762594223,0.026318930089473724,0.199940487742424,0.044676780700683594,0.056939609348773956,0.17808867990970612,0.3373408317565918,0.1685406118631363,0.07441490143537521,0.6580424308776855,0.1490887552499771,0.04640507325530052,0.5881110429763794,0.24970388412475586,0.13954584300518036,0.021973703056573868,0.050472576171159744,0.25826337933540344,0.10544724017381668,0.07413631677627563,0.16786105930805206,0.11855174601078033,0.2546420991420746,0.1269761174917221,0.2003408521413803,0.2584649324417114,0.13518358767032623,0.06981678307056427
AP691,0.6,0.333333333,0.233333333,0.6,0.433333333,0.166666667,0.466666667,0.4,1.133333333,0.466666667,0.4,0.833333333,0.433333333,2.2,0.866666667,0.3,0.166666667,0.166666667,0.2,0.266666667,0.6,0.233333333,0.0,0.7,0.3,1.666666667,0.2,0.4,0.0,0.066666667,0.166666667,0.0,0.0,0.0,0.0,0.366666667,0.2,0.0,0.0,0.0,0.2,0.266666667,0.1,0.233333333,0.666666667,0.2,0.2,0.133333333,0.233333333,0.0,0.0,0.39513731002807617,0.08649399131536484,0.5509651899337769,0.7706170082092285,0.6838675141334534,0.18735989928245544,0.4205724895000458,0.32686224579811096,0.7236542701721191,0.10579559952020645,0.2877303659915924,0.19444237649440765,0.09678827971220016,1.3629279136657715,0.32203209400177,0.3103658854961395,0.2275497019290924,0.11413504183292389,0.021368924528360367,0.24654509127140045,0.23245356976985931,0.05811218172311783,0.15069079399108887,0.07510778307914734,0.06852485239505768,0.4380147457122803,0.036238063126802444,0.06232938915491104,0.019228776916861534,0.1729610115289688,0.184284970164299,0.04160889983177185,0.254342645406723,0.1290532499551773,0.0401638001203537,0.4448072910308838,0.12059055268764496,0.032666899263858795,0.018500452861189842,0.03601257875561714,0.2448285073041916,0.12541140615940094,0.044311512261629105,0.1181224137544632,0.27392441034317017,0.14796830713748932,0.09798559546470642,0.18984469771385193,0.21829362213611603,0.13414494693279266,0.05133771896362305
AP734,0.6,0.033333333,0.833333333,0.266666667,0.7,0.266666667,1.066666667,0.233333333,0.1,0.0,0.0,0.0,0.0,0.766666667,0.333333333,0.2,0.3,0.266666667,0.066666667,0.533333333,0.566666667,0.066666667,0.266666667,0.066666667,0.0,0.266666667,0.0,0.2,0.0,0.3,0.066666667,0.066666667,0.433333333,0.433333333,0.133333333,1.033333333,0.0,0.0,0.0,0.0,0.7,0.333333333,0.566666667,0.133333333,0.433333333,0.166666667,0.5,0.4,0.466666667,0.433333333,0.0,0.4544833302497864,0.14344361424446106,0.748353898525238,0.20679160952568054,0.613571286201477,0.21211585402488708,0.7967148423194885,0.552049994468689,0.6372445225715637,0.12110554426908493,0.05334557965397835,0.14629842340946198,0.04817551374435425,1.2310653924942017,0.3464949429035187,0.3274691700935364,0.3214423954486847,0.12821626663208008,0.07263867557048798,0.36787649989128113,0.42988213896751404,0.10375228524208069,0.1746145635843277,0.0899231806397438,0.0245481226593256,0.16601864993572235,0.04460137337446213,0.08740897476673126,0.07408203929662704,0.19026178121566772,0.15579938888549805,0.05553509667515755,0.33727118372917175,0.2684321701526642,0.04845970496535301,0.8547855019569397,0.14708656072616577,0.05051451176404953,0.02469932660460472,0.07470159232616425,0.357740581035614,0.13959799706935883,0.10405056923627853,0.28116339445114136,0.28799381852149963,0.27133113145828247,0.16505372524261475,0.21000874042510986,0.20889683067798615,0.21973758935928345,0.08838021755218506
AP774,0.5,0.0,0.533333333,0.7,0.833333333,0.4,0.5,0.533333333,0.933333333,0.233333333,0.466666667,0.166666667,0.466666667,1.366666667,0.5,0.433333333,0.366666667,0.3,0.0,0.266666667,0.233333333,0.1,0.1,0.366666667,0.033333333,1.633333333,0.1,0.066666667,0.0,0.0,0.0,0.0,0.333333333,0.166666667,0.133333333,0.4,0.166666667,0.033333333,0.0,0.0,0.266666667,0.366666667,0.0,0.266666667,0.533333333,0.033333333,0.4,0.133333333,0.5,0.266666667,0.066666667,0.44859135150909424,0.10513053834438324,0.6198286414146423,2.3411219120025635,0.40318670868873596,0.2711082100868225,0.5764386057853699,0.5628710389137268,0.6222332119941711,0.09683933854103088,0.2857542634010315,0.14226174354553223,0.1866963654756546,1.1831482648849487,0.41462936997413635,0.282949835062027,0.2165520042181015,0.1424378752708435,0.10801175981760025,0.15823043882846832,0.11922704428434372,0.08206108957529068,0.0765952616930008,0.1964660882949829,0.050206054002046585,0.9261578321456909,0.031356874853372574,0.11259151250123978,0.05343987047672272,0.13738401234149933,0.14976872503757477,0.10418383777141571,0.377780556678772,0.16701143980026245,0.05464350804686546,0.4924473464488983,0.13225069642066956,0.04218316078186035,0.018549097701907158,0.03567695617675781,0.23197565972805023,0.1372317373752594,0.04627370089292526,0.1877615749835968,0.45748576521873474,0.2146649807691574,0.09636950492858887,0.19496729969978333,0.20558103919029236,0.1597558706998825,0.11822284013032913
AP974,0.133333333,0.1,0.233333333,0.433333333,0.466666667,0.333333333,1.133333333,0.933333333,1.633333333,0.033333333,0.3,0.7,0.0,1.9,0.733333333,0.666666667,0.433333333,0.0,0.0,0.1,0.2,0.0,0.2,0.0,0.0,0.333333333,0.0,0.0,0.0,0.066666667,0.333333333,0.0,0.0,0.1,0.0,0.5,0.033333333,0.0,0.0,0.0,0.6,0.133333333,0.1,0.366666667,0.333333333,0.0,0.166666667,0.3,0.6,0.166666667,0.066666667,0.27603912353515625,0.14545154571533203,0.4769245684146881,0.3380742371082306,0.25586965680122375,0.19069428741931915,0.4502373933792114,0.20561544597148895,1.0174528360366821,0.15062731504440308,0.2974569797515869,0.4060479402542114,0.14032912254333496,1.2673779726028442,0.23950009047985077,0.27191272377967834,0.31363028287887573,0.11277200281620026,0.018311960622668266,0.21064691245555878,0.17148180305957794,0.13173595070838928,0.19811534881591797,0.03635337948799133,0.012600544840097427,0.13656002283096313,0.08149433135986328,0.10079117119312286,0.06507498025894165,0.2560073733329773,0.28266406059265137,0.20719078183174133,0.12159470468759537,0.17023678123950958,0.03899477422237396,0.3834419846534729,0.1167721375823021,0.04534876346588135,0.0378798209130764,0.19634142518043518,0.1879270076751709,0.16795998811721802,0.08501267433166504,0.19999800622463226,0.20623555779457092,0.15553106367588043,0.08523786067962646,0.2289929986000061,0.2785942852497101,0.14856496453285217,0.052365005016326904
AQ853,0.9,0.066666667,0.833333333,0.0,0.333333333,0.166666667,0.433333333,0.7,0.6,0.0,0.5,0.233333333,0.1,1.233333333,0.366666667,0.333333333,0.5,0.233333333,0.1,0.366666667,0.633333333,0.133333333,0.266666667,0.0,0.133333333,0.033333333,0.1,0.133333333,0.1,0.6,0.533333333,0.0,0.633333333,0.2,0.1,0.533333333,0.0,0.0,0.033333333,0.3,0.0,0.0,0.2,0.0,0.0,0.233333333,0.033333333,0.2,0.166666667,0.2,0.2,1.371137022972107,0.37520357966423035,0.8208000659942627,0.02621673420071602,0.16379719972610474,0.2969490587711334,0.19020360708236694,0.15449385344982147,0.13212618231773376,0.13578620553016663,0.07646042853593826,0.08440247923135757,0.0332900695502758,0.33706846833229065,0.09775497764348984,0.1431514471769333,0.3063199818134308,0.13480113446712494,0.08876129984855652,0.288085013628006,0.17935322225093842,0.2228989601135254,0.07365056872367859,0.20667926967144012,0.00891239196062088,0.04224696010351181,0.021724088117480278,0.05049872770905495,0.0844164565205574,0.2253895252943039,0.6006246209144592,0.2698083221912384,0.0531495027244091,0.21428771317005157,0.09152781218290329,0.16571815311908722,0.09194052219390869,0.03178608417510986,0.014858543872833252,0.08711409568786621,0.022067764773964882,0.0884525403380394,0.08950139582157135,0.050213128328323364,0.06940174102783203,0.2079446166753769,0.16488699615001678,0.19620563089847565,0.17796197533607483,0.10824353992938995,0.04030834883451462
AF502,0.03125,0.0,0.5,0.5625,0.125,0.375,0.46875,0.375,1.53125,0.0625,0.6875,0.75,0.1875,1.46875,0.15625,0.34375,0.09375,0.0,0.03125,0.0,0.25,0.0,0.15625,0.125,0.0,0.125,0.0,0.0,0.125,0.0,0.15625,0.0,0.0,0.0,0.0,0.34375,0.4375,0.0,0.0,0.0,0.0625,0.09375,0.0,0.53125,0.4375,0.28125,0.25,1.0625,0.53125,0.0,0.0,0.3276353180408478,0.34678664803504944,0.5091164708137512,0.22883744537830353,0.4442127048969269,0.26911845803260803,0.42580097913742065,0.3597785234451294,0.6101153492927551,0.2244495004415512,0.12955310940742493,0.2644213140010834,0.03122301585972309,0.9277766942977905,0.1870412528514862,0.2920399308204651,0.14320841431617737,0.11271414905786514,0.10584918409585953,0.25809431076049805,0.30660706758499146,0.005694510880857706,0.31010106205940247,0.1029708981513977,0.06467165797948837,0.35164880752563477,0.007067852653563023,0.04783938452601433,0.003182860789820552,0.08427952975034714,0.13505816459655762,0.01997523009777069,0.0064092595130205154,0.047837529331445694,0.04804907366633415,0.6809351444244385,0.3869386911392212,0.03127846121788025,0.015935299918055534,0.06235601380467415,0.20545212924480438,0.35020148754119873,0.04178144037723541,0.3806656002998352,0.43287432193756104,0.3872700333595276,0.1695692092180252,0.5850191712379456,0.40946710109710693,0.25886180996894836,0.24681980907917023
AG258,0.666666667,0.133333333,0.566666667,0.1,0.6,0.433333333,0.133333333,0.1,0.466666667,0.1,0.0,0.133333333,0.1,0.666666667,0.133333333,0.066666667,0.1,0.066666667,0.3,0.266666667,0.033333333,0.233333333,0.066666667,0.2,0.1,0.066666667,0.0,0.0,0.0,0.0,0.133333333,0.3,0.933333333,0.333333333,0.666666667,1.0,0.366666667,0.0,0.066666667,0.266666667,0.0,0.2,0.3,0.3,0.6,0.533333333,0.0,0.533333333,0.533333333,0.066666667,0.233333333,0.30128172039985657,0.11414527148008347,0.39050859212875366,0.4517572522163391,0.3864915072917938,0.29131147265434265,0.39736685156822205,0.3135305941104889,0.4740428328514099,0.08240235596895218,0.029097257182002068,0.1779680997133255,0.04026595875620842,0.9836911559104919,0.3785412609577179,0.37555256485939026,0.46247467398643494,0.13486547768115997,0.05118849128484726,0.08422582596540451,0.15941427648067474,0.028510425239801407,0.11231787502765656,0.05500100925564766,0.0046467543579638,0.36916443705558777,0.006372069474309683,0.04995445907115936,0.0069465939886868,0.11250191926956177,0.11505318433046341,0.09714017063379288,0.04644422233104706,0.10002404451370239,0.07042486220598221,0.9109305143356323,0.2778574526309967,0.030899640172719955,0.014889778569340706,0.042235177010297775,0.29541319608688354,0.37103670835494995,0.044230636209249496,0.761848509311676,0.395733505487442,0.17454135417938232,0.0904194712638855,0.37404024600982666,0.6195437908172607,0.15817953646183014,0.4246991276741028
AG677,0.233333333,0.0,0.4,0.2,0.366666667,0.1,0.666666667,0.333333333,1.366666667,0.2,0.633333333,1.2,0.2,1.2,0.166666667,0.133333333,0.433333333,0.0,0.0,0.2,0.0,0.0,0.1,0.0,0.0,0.0,0.0,0.0,0.0,0.066666667,0.166666667,0.0,0.0,0.0,0.0,0.366666667,0.233333333,0.0,0.0,0.0,0.166666667,0.233333333,0.0,0.8,0.366666667,0.233333333,0.0,0.433333333,0.4,0.0,0.133333333,0.3170323669910431,0.059343371540308,0.7354524731636047,0.2670029103755951,0.3057820200920105,0.2509336471557617,1.1279536485671997,0.1749238222837448,0.9694051742553711,0.4969894289970398,0.4647798240184784,0.5425766110420227,0.10324506461620331,1.0273628234863281,0.20175746083259583,0.2552863359451294,0.29999229311943054,0.11049770563840866,0.03132320195436478,0.07499475032091141,0.08036406338214874,0.004424569196999073,0.15487322211265564,0.013395246118307114,0.021092016249895096,0.08192343264818192,0.010600465349853039,0.05318961292505264,0.01048746146261692,0.10577283799648285,0.0592915378510952,0.03710668534040451,0.011207212693989277,0.03961555287241936,0.03137489780783653,0.3737925887107849,0.10510314255952835,0.03220311924815178,0.019863201305270195,0.02317306213080883,0.13182079792022705,0.3298092782497406,0.05623719096183777,0.7155663967132568,0.3602844476699829,0.1624620407819748,0.06995585560798645,0.41511496901512146,0.27610066533088684,0.07697031646966934,0.008114124648272991
AH100,0.166666667,0.0,0.333333333,0.166666667,0.233333333,0.166666667,0.566666667,0.366666667,0.8,0.066666667,0.533333333,0.466666667,0.133333333,1.1,0.6,0.133333333,0.233333333,0.0,0.033333333,0.066666667,0.2,0.0,0.5,0.166666667,0.1,0.6,0.233333333,0.066666667,0.766666667,0.266666667,0.633333333,0.233333333,0.0,0.1,0.0,0.766666667,0.166666667,0.0,0.166666667,0.1,0.2,0.4,0.3,0.366666667,0.4,0.1,0.0,0.233333333,0.066666667,0.266666667,0.1,0.26361456513404846,0.017358271405100822,0.3188436031341553,0.12409763783216476,0.30014336109161377,0.13264162838459015,0.502544105052948,0.23774047195911407,1.0075418949127197,0.08986570686101913,0.4251704812049866,0.4591253101825714,0.09525250643491745,1.0836704969406128,0.39853963255882263,0.39510706067085266,0.3214558959007263,0.10463433712720871,0.05371306836605072,0.09833506494760513,0.08151955902576447,0.0032224541064351797,0.13540706038475037,0.020159732550382614,0.07972396165132523,0.49287402629852295,0.1844005584716797,0.06532542407512665,0.7612002491950989,0.38804104924201965,0.4169555604457855,0.19082839787006378,0.021047012880444527,0.2383173406124115,0.029296884313225746,0.7326027750968933,0.31327617168426514,0.03850717842578888,0.1311321258544922,0.07192114740610123,0.20949234068393707,0.2983536124229431,0.12535269558429718,0.5072744488716125,0.15449677407741547,0.29252997040748596,0.07551681250333786,0.36907196044921875,0.19597792625427246,0.08337768912315369,0.13814286887645721
AB357,0.0,0.166666667,0.0,3.055555556,0.444444444,0.666666667,0.833333333,0.555555556,0.555555556,0.0,0.222222222,0.833333333,0.111111111,1.111111111,0.0,0.055555556,0.0,0.0,0.0,0.0,0.0,0.0,0.0,0.0,0.0,0.166666667,0.0,0.0,0.0,0.444444444,0.0,0.0,0.0,0.0,0.0,0.444444444,0.0,0.0,0.0,0.0,0.0,0.388888889,0.0,0.388888889,1.055555556,0.222222222,0.333333333,0.111111111,0.222222222,0.611111111,0.5,0.3348492383956909,0.10693102329969406,0.5217726230621338,2.515503168106079,0.16010518372058868,0.4163929224014282,0.3979531526565552,0.28360068798065186,0.48842790722846985,0.1445438712835312,0.296581506729126,0.18924164772033691,0.21877121925354004,0.7457451820373535,0.17114011943340302,0.21822568774223328,0.06447286903858185,0.10610239952802658,0.0033685527741909027,0.108054980635643,0.04927758872509003,0.01639082096517086,0.04677029699087143,0.06970185786485672,0.00574050797149539,0.035725295543670654,0.0738907903432846,0.09334846585988998,0.019975416362285614,0.1833585500717163,0.21558010578155518,0.17049436271190643,0.25902870297431946,0.055843282490968704,0.06017247587442398,0.38015216588974,0.23613929748535156,0.07110780477523804,0.053163785487413406,0.17661724984645844,0.10167946666479111,0.273879736661911,0.06779058277606964,0.46846306324005127,0.898452639579773,0.5825560688972473,0.21498045325279236,0.5647046566009521,0.3112083673477173,0.08369501680135727,0.21850137412548065
AB707,0.0,0.0,0.0,4.166666667,0.0,0.0,0.222222222,0.555555556,0.222222222,0.0,0.0,0.166666667,0.0,1.722222222,0.388888889,0.666666667,0.0,0.0,0.0,0.0,0.166666667,0.0,0.0,0.055555556,0.0,0.0,0.0,0.0,0.0,0.0,0.055555556,0.0,0.0,0.0,0.0,0.0,0.0,0.0,0.0,0.0,0.0,0.0,0.0,0.0,1.166666667,0.0,0.0,0.388888889,0.0,0.111111111,0.0,0.24453625082969666,0.11302907764911652,0.49209359288215637,3.0000369548797607,0.12431409955024719,0.13685500621795654,0.19103316962718964,0.26755163073539734,0.3308072090148926,0.11506371945142746,0.07523103058338165,0.09380724281072617,0.04003143310546875,0.9482226967811584,0.11702205240726471,0.23334760963916779,0.054714202880859375,0.11055777966976166,0.016989126801490784,0.1044222041964531,0.04169157147407532,0.02846614085137844,0.04278815537691116,0.051629688590765,0.031236199662089348,0.03337082266807556,0.08802163600921631,0.07612436264753342,0.026205966249108315,0.08442705124616623,0.10852046310901642,0.04325510188937187,0.058496907353401184,0.09419042617082596,0.032930631190538406,0.26454266905784607,0.11483126878738403,0.06057393550872803,0.019216056913137436,0.08318816870450974,0.10886969417333603,0.14224208891391754,0.049195293337106705,0.3628734350204468,1.0837430953979492,0.32531145215034485,0.13591022789478302,0.26913148164749146,0.09897042065858841,0.13615043461322784,0.06596322357654572
AB731,0.055555556,0.0,1.055555556,0.277777778,0.833333333,0.388888889,0.0,0.333333333,0.0,0.0,0.0,0.111111111,0.0,0.333333333,0.0,0.0,0.055555556,0.0,0.0,0.0,0.0,0.0,0.0,0.0,0.0,0.222222222,0.0,0.0,0.0,0.0,0.0,0.0,0.0,0.055555556,0.0,1.111111111,0.0,0.0,0.0,0.0,1.166666667,1.444444444,0.277777778,0.222222222,0.444444444,0.0,0.111111111,0.0,0.944444444,0.333333333,0.0,0.22280138731002808,0.06429490447044373,0.7404327988624573,0.35412195324897766,0.5320726633071899,0.29834625124931335,0.17515414953231812,0.32708582282066345,0.3001543879508972,0.08847503364086151,0.06777394562959671,0.09709811955690384,0.027440259233117104,0.7084804773330688,0.10560162365436554,0.2050521820783615,0.13122330605983734,0.2358427792787552,0.012217575684189796,0.11021271347999573,0.061626482754945755,0.04873313009738922,0.02684772200882435,0.04745269566774368,0.025071021169424057,0.042473211884498596,0.04727669060230255,0.06209825724363327,0.02989456057548523,0.122685007750988,0.1030358076095581,0.029226534068584442,0.02769049070775509,0.21261832118034363,0.04008213058114052,0.5767836570739746,0.10631036013364792,0.04952389374375343,0.016381559893488884,0.051555100828409195,0.38592687249183655,0.4172969162464142,0.0611136332154274,0.36076873540878296,0.2796157896518707,0.2851712107658386,0.1522315889596939,0.19416819512844086,0.36636674404144287,0.15131688117980957,0.12556014955043793
AB744,0.333333333,0.333333333,0.166666667,0.0,0.166666667,0.0,1.722222222,0.944444444,0.0,0.0,0.0,0.0,0.0,0.722222222,0.0,0.055555556,0.0,0.0,0.0,0.0,0.0,0.0,0.0,0.0,0.0,0.166666667,0.0,0.0,0.0,0.388888889,0.222222222,0.0,0.0,0.111111111,0.0,0.666666667,0.0,0.0,0.0,0.0,0.0,0.777777778,0.166666667,0.111111111,0.0,0.222222222,0.388888889,0.0,0.055555556,0.055555556,0.0,0.38346099853515625,0.25004205107688904,0.45784956216812134,0.34358903765678406,0.3845151662826538,0.3558460474014282,0.610804557800293,0.468051016330719,0.2563309669494629,0.15159662067890167,0.06873491406440735,0.13011899590492249,0.09350261092185974,0.9498984217643738,0.09635848551988602,0.1236952692270279,0.14983318746089935,0.3165147304534912,0.15342828631401062,0.20133741199970245,0.09590965509414673,0.32958799600601196,0.10652037709951401,0.054045435041189194,0.07194885611534119,0.10385779291391373,0.048884790390729904,0.050770457834005356,0.23255066573619843,0.1197865903377533,0.13210633397102356,0.09930504858493805,0.24920843541622162,0.14217634499073029,0.08977561444044113,0.34600305557250977,0.19772683084011078,0.08208508044481277,0.016676681116223335,0.0554661750793457,0.1362936943769455,0.3227112889289856,0.14204911887645721,0.33141618967056274,0.16555920243263245,0.20532895624637604,0.179231196641922,0.16819138824939728,0.2528640925884247,0.162162184715271,0.10054273158311844
AC299,0.107142857,0.0,0.285714286,0.785714286,0.0,0.142857143,0.178571429,0.25,0.571428571,0.107142857,0.107142857,0.5,0.142857143,0.821428571,0.392857143,0.392857143,0.071428571,0.107142857,0.107142857,0.071428571,0.25,0.071428571,0.178571429,0.107142857,0.0,0.142857143,0.0,0.107142857,0.0,0.107142857,0.464285714,0.214285714,0.0,0.107142857,0.107142857,0.571428571,0.5,0.0,0.0,0.0,0.142857143,0.321428571,0.035714286,0.357142857,0.678571429,0.892857143,0.0,0.642857143,0.428571429,0.035714286,0.0,0.25709450244903564,0.03316524624824524,0.4498445689678192,0.7766470313072205,0.4965743124485016,0.25605276226997375,0.28263169527053833,0.29748401045799255,0.8250392079353333,0.11536629498004913,0.19618090987205505,0.5928219556808472,0.0772678330540657,1.1749804019927979,0.4439462423324585,0.35362499952316284,0.3343184292316437,0.15816630423069,0.16876105964183807,0.4086032807826996,0.22341109812259674,0.03394291549921036,0.35353216528892517,0.05338771268725395,0.04627353325486183,0.127960667014122,0.0443069227039814,0.08225847035646439,0.08484864979982376,0.16263434290885925,0.23491542041301727,0.06778743118047714,0.012536626309156418,0.16793705523014069,0.0761302188038826,0.5574958920478821,0.15016824007034302,0.0433117039501667,0.041213493794202805,0.14423108100891113,0.216877281665802,0.2893504798412323,0.09941329061985016,0.27616506814956665,0.42831990122795105,0.145765021443367,0.07494043558835983,0.26597291231155396,0.29743364453315735,0.07639405876398087,0.08933064341545105
AD649,0.214285714,0.0,0.071428571,0.0,0.0,0.0,0.0,0.0,0.0,0.0,0.0,0.0,0.0,0.0,0.0,0.0,0.0,0.214285714,0.0,0.0,0.0,0.428571429,0.285714286,1.142857143,0.0,0.071428571,0.571428571,0.428571429,1.5,0.5,1.357142857,0.857142857,1.0,0.642857143,0.642857143,0.642857143,0.0,1.0,0.0,1.214285714,0.0,0.0,0.0,0.0,0.0,0.0,0.0,0.0,0.0,0.0,0.0,0.253670871257782,0.09939079731702805,0.20724646747112274,-0.007765825372189283,0.17556437849998474,0.010838965885341167,0.11723881214857101,0.11677387356758118,0.4732309877872467,0.07786829769611359,0.16226200759410858,0.09980233013629913,0.0914318710565567,0.7864428758621216,0.11877632141113281,0.20081806182861328,0.03540068864822388,0.13747388124465942,0.11199775338172913,0.38482314348220825,0.2989286482334137,0.43665528297424316,0.32661670446395874,0.7391341924667358,0.029335560277104378,0.08799634128808975,0.7698820233345032,0.31196144223213196,1.5332080125808716,0.46791312098503113,0.33975598216056824,0.5602820515632629,0.5917274355888367,0.17966769635677338,0.19950377941131592,0.15924827754497528,0.07532152533531189,0.44618403911590576,0.04531720280647278,1.033808708190918,0.01708729937672615,0.05237015709280968,0.15286999940872192,0.001623729127459228,0.012678781524300575,0.1622399240732193,0.061150792986154556,0.17947225272655487,0.047943562269210815,0.06389721482992172,0.012490836903452873
AE334,0.111111111,0.0,1.074074074,0.333333333,0.740740741,0.666666667,0.518518519,0.555555556,0.111111111,0.0,0.0,0.0,0.0,0.259259259,0.185185185,0.111111111,0.0,0.222222222,0.0,0.0,0.0,0.0,0.0,0.0,0.0,0.0,0.0,0.0,0.0,0.0,0.185185185,0.074074074,0.0,0.074074074,0.074074074,0.925925926,0.222222222,0.0,0.0,0.0,1.222222222,0.851851852,0.0,0.851851852,0.851851852,0.111111111,0.222222222,0.296296296,0.444444444,0.148148148,0.444444444,0.2329181432723999,0.08172349631786346,0.7096745371818542,0.6226270198822021,0.6599075198173523,0.21865800023078918,0.13656775653362274,0.2110975682735443,0.21728317439556122,0.08576454967260361,0.05391838774085045,0.09172084182500839,0.03326147049665451,0.5805589556694031,0.10708817094564438,0.1919161081314087,0.20447881519794464,0.18614213168621063,-0.0034953586291521788,0.09345296770334244,0.09195710718631744,0.018794624134898186,0.10625595599412918,0.048852209001779556,0.005869390908628702,0.06535343825817108,0.01924814283847809,0.05099593102931976,0.004076283425092697,0.07439866662025452,0.0862664133310318,0.038552917540073395,0.03867050260305405,0.148484006524086,0.030875982716679573,0.6067366600036621,0.18203552067279816,0.034024205058813095,0.0309107955545187,0.08230089396238327,0.5671114325523376,0.37202808260917664,0.0645458847284317,1.1691917181015015,1.1432124376296997,0.3268585205078125,0.12235406041145325,0.6578174233436584,0.3205123543739319,0.11543870717287064,0.14368079602718353
AE646,0.392857143,0.25,0.285714286,0.107142857,0.428571429,0.321428571,0.785714286,0.142857143,0.464285714,0.0,0.107142857,0.0,0.0,0.178571429,0.0,0.0,0.0,0.107142857,0.107142857,0.357142857,0.25,0.0,0.0,0.142857143,0.0,0.0,0.0,0.0,0.0,0.107142857,0.357142857,0.178571429,0.071428571,0.714285714,0.321428571,0.857142857,0.214285714,0.428571429,0.285714286,0.25,0.0,0.071428571,0.285714286,0.0,0.107142857,0.142857143,0.071428571,0.214285714,0.035714286,0.107142857,0.142857143,0.5421474575996399,0.06423414498567581,0.34954842925071716,0.13781699538230896,0.2688317596912384,0.12820051610469818,0.3036597967147827,0.24488110840320587,0.1689995974302292,0.08663279563188553,0.11728303879499435,0.06702172011137009,0.015913093462586403,0.4622892141342163,0.13603118062019348,0.16267463564872742,0.08100540190935135,0.13111113011837006,0.03504512831568718,0.5738136768341064,0.8285579085350037,0.03903980925679207,0.6249204277992249,0.13763517141342163,0.014667258597910404,0.06916610151529312,0.064986951649189,0.12755495309829712,0.062093585729599,0.12423156201839447,0.1835033893585205,0.078696109354496,0.030681734904646873,0.43230167031288147,0.21145378053188324,0.5784047842025757,0.40439820289611816,0.21166512370109558,0.021893935278058052,0.03485330566763878,0.17312411963939667,0.2307685762643814,0.1525908261537552,0.056846316903829575,0.22154788672924042,0.15785899758338928,0.10993737727403641,0.2385774403810501,0.2615202069282532,0.08018001168966293,0.04591460898518562
AG575,0.066666667,0.033333333,0.233333333,0.0,0.0,0.0,0.0,0.0,0.0,0.0,0.0,0.0,0.0,0.266666667,0.0,0.066666667,0.0,0.0,0.033333333,0.566666667,0.1,0.233333333,0.133333333,0.2,0.0,0.0,0.233333333,0.366666667,0.466666667,0.133333333,0.4,0.933333333,3.8,0.133333333,0.433333333,0.533333333,0.1,0.0,0.066666667,0.0,0.166666667,0.0,0.0,0.0,0.0,0.0,0.0,0.0,0.1,0.0,0.1,0.27910348773002625,0.051928333938121796,0.2525964379310608,0.036656200885772705,0.03465252369642258,0.04158083349466324,0.14538951218128204,0.05772116780281067,0.16339999437332153,0.0863480269908905,0.04943666234612465,0.048709604889154434,0.02480565570294857,0.2783247232437134,0.04136408492922783,0.1242339089512825,0.040315188467502594,0.14436094462871552,0.009608149528503418,0.3690960109233856,0.19575464725494385,0.35984352231025696,0.13371053338050842,0.10516785830259323,0.037137825042009354,0.08902927488088608,0.0336972251534462,0.09982044249773026,0.3367272913455963,0.29863789677619934,0.31681251525878906,0.3584195673465729,2.822323799133301,0.0979401096701622,0.18099573254585266,0.20526078343391418,0.10531404614448547,0.03530128300189972,0.0296589694917202,0.06842385232448578,0.08500839024782181,0.06449956446886063,0.07420656085014343,0.08914104104042053,0.04645717516541481,0.22280794382095337,0.05301316827535629,0.15204279124736786,0.042248670011758804,0.037592120468616486,0.04890512675046921
AH269,0.133333333,0.0,0.2,0.033333333,0.133333333,0.0,0.0,0.0,0.133333333,0.0,0.0,0.0,0.0,0.266666667,0.133333333,0.066666667,0.0,0.033333333,0.333333333,0.366666667,0.133333333,0.766666667,0.066666667,0.166666667,0.0,0.0,0.0,0.033333333,0.3,0.2,0.6,0.9,4.033333333,0.066666667,0.133333333,0.133333333,0.0,0.0,0.0,0.066666667,0.1,0.033333333,0.0,0.0,0.0,0.0,0.0,0.1,0.0,0.0,0.0,0.2104458063840866,0.09288245439529419,0.2651605010032654,0.014740083366632462,0.007041448261588812,0.01244751363992691,0.1315225064754486,0.06562238931655884,0.6157627105712891,0.07705634832382202,0.30183565616607666,0.13582609593868256,0.05698661133646965,0.4513281583786011,0.10236299782991409,0.1354181170463562,0.050114259123802185,0.1303856521844864,0.15700459480285645,0.3264704644680023,0.17424283921718597,0.2969365417957306,0.08047635853290558,0.07762856036424637,0.04568847268819809,0.10701782256364822,0.060668494552373886,0.07496998459100723,0.3826397657394409,0.4061660170555115,0.4835883677005768,0.23512199521064758,3.1030874252319336,0.127388134598732,0.059567708522081375,0.20417281985282898,0.09712684899568558,0.05446576327085495,0.02519402839243412,0.12597575783729553,0.09906591475009918,0.05617948994040489,0.07397978752851486,0.0835733637213707,0.1252651810646057,0.21573776006698608,0.06495293974876404,0.1839388608932495,0.11289491504430771,0.023344039916992188,0.08255008608102798
AJ522,0.172413793,0.0,0.310344828,0.310344828,0.24137931,0.137931034,0.448275862,0.379310345,2.310344828,0.0,0.0,0.827586207,0.103448276,2.517241379,0.620689655,0.310344828,0.896551724,0.103448276,0.068965517,0.0,0.0,0.0,0.172413793,0.0,0.0,0.103448276,0.0,0.0,0.0,0.068965517,0.379310345,0.0,0.0,0.103448276,0.0,0.206896552,0.0,0.0,0.0,0.137931034,0.103448276,0.0,0.0,0.689655172,0.24137931,0.379310345,0.103448276,0.137931034,0.448275862,0.0,0.0,0.29911676049232483,0.18887601792812347,0.3694227933883667,0.18583540618419647,0.3206462562084198,0.10521073639392853,0.3615509867668152,0.14927862584590912,0.6242401003837585,0.09663074463605881,0.09943116456270218,0.2705135643482208,0.07421679049730301,0.7853042483329773,0.1601591557264328,0.23228810727596283,0.28002065420150757,0.13812392950057983,0.2065109759569168,0.2672845721244812,0.266143798828125,0.19153185188770294,0.2515309751033783,0.24243883788585663,0.022809697315096855,0.08191005140542984,0.043013498187065125,0.07087565213441849,0.062382202595472336,0.2170305848121643,0.16323646903038025,0.13965915143489838,0.260903000831604,0.23072725534439087,0.0716748833656311,0.4233848750591278,0.1844484955072403,0.04786689206957817,0.017783235758543015,0.11639747768640518,0.1735309213399887,0.22329065203666687,0.07227113842964172,0.6792625188827515,0.29774636030197144,0.26393967866897583,0.07600978761911392,0.22458240389823914,0.3441895842552185,0.10006923228502274,0.158737912774086
AK497,0.133333333,0.066666667,0.666666667,0.233333333,0.266666667,0.1,0.533333333,0.166666667,1.5,0.133333333,0.166666667,0.066666667,0.133333333,1.333333333,0.333333333,0.133333333,0.533333333,0.0,0.0,0.166666667,0.533333333,0.0,0.533333333,0.233333333,0.0,0.133333333,0.0,0.0,0.0,0.266666667,0.433333333,0.033333333,0.0,0.466666667,0.0,0.933333333,0.2,0.0,0.0,0.033333333,0.0,0.0,0.2,0.366666667,0.233333333,0.5,0.333333333,0.2,0.233333333,0.166666667,0.266666667,0.4785967469215393,0.08303459733724594,0.34488528966903687,0.04875790700316429,0.3108970820903778,0.102658711373806,0.3559609055519104,0.22445625066757202,0.8919767141342163,0.9431083798408508,0.14791081845760345,0.1932516247034073,0.02336333505809307,1.4020617008209229,0.3053789734840393,0.2799638509750366,0.2927449345588684,0.10767862200737,0.0761433020234108,0.17472299933433533,0.28637760877609253,0.05045747384428978,0.3137297034263611,0.07469834387302399,0.0457402765750885,0.11916859447956085,0.023381704464554787,0.06495276838541031,0.14348909258842468,0.3314407765865326,0.1972333937883377,0.04380986839532852,0.019538337364792824,0.20056626200675964,0.028881611302495003,0.45219165086746216,0.20371650159358978,0.03119998797774315,0.04403242841362953,0.1233329027891159,0.09960943460464478,0.1333373486995697,0.059165436774492264,0.23027999699115753,0.17811401188373566,0.4832928478717804,0.12952284514904022,0.4373737573623657,0.1842278689146042,0.1163708046078682,0.13593789935112
AK895,0.5,0.166666667,0.5,0.1,0.066666667,0.433333333,0.333333333,0.3,0.833333333,2.566666667,0.233333333,0.066666667,0.0,2.066666667,0.1,0.2,0.366666667,0.0,0.0,0.0,0.166666667,0.0,0.166666667,0.0,0.0,0.133333333,0.0,0.0,0.1,0.6,0.266666667,0.133333333,0.0,0.0,0.0,0.166666667,0.266666667,0.0,0.0,0.0,0.1,0.0,0.0,0.3,0.1,0.633333333,0.1,0.366666667,0.1,0.0,0.333333333,0.5317882299423218,0.10174311697483063,0.3993503451347351,0.079506054520607,0.22784100472927094,0.10365265607833862,0.3530852198600769,0.21365763247013092,0.8425820469856262,0.5717134475708008,0.15449650585651398,0.20009395480155945,0.02873222343623638,1.4722464084625244,0.36594969034194946,0.3079862594604492,0.3366818428039551,0.1152915358543396,0.08453923463821411,0.14551053941249847,0.2850329577922821,0.06996390968561172,0.32410919666290283,0.10724003612995148,0.04553563892841339,0.2755873203277588,0.02794915996491909,0.07512582838535309,0.19001318514347076,0.49630308151245117,0.20647704601287842,0.06972489506006241,0.04705904424190521,0.204662024974823,0.03235172852873802,0.4466187059879303,0.19050337374210358,0.03606342151761055,0.05393017455935478,0.1517462432384491,0.13878290355205536,0.12093593925237656,0.0721283107995987,0.2274528592824936,0.14867782592773438,0.47012510895729065,0.10266190022230148,0.3217116892337799,0.19691097736358643,0.14446939527988434,0.17053890228271484
AL508,1.2,0.066666667,0.666666667,0.033333333,0.666666667,0.3,0.2,0.0,0.166666667,0.2,0.4,0.133333333,0.0,0.633333333,0.1,0.133333333,0.1,0.0,0.066666667,0.433333333,0.8,0.0,0.5,0.0,0.0,0.066666667,0.0,0.0,0.033333333,0.333333333,0.5,0.066666667,0.133333333,0.333333333,0.133333333,1.166666667,0.0,0.1,0.0,0.266666667,0.366666667,0.233333333,0.166666667,0.0,0.233333333,0.066666667,0.133333333,0.0,0.466666667,0.266666667,0.333333333,0.8168659210205078,0.21851012110710144,0.6990876197814941,0.17623788118362427,0.7151644229888916,0.16446681320667267,0.33260291814804077,0.16897767782211304,0.8489170670509338,0.1177496388554573,0.34229180216789246,0.2229839414358139,0.08546850085258484,1.0267077684402466,0.14342100918293,0.18602637946605682,0.21429543197155,0.1089128777384758,0.054469458758831024,0.3565813899040222,0.8898821473121643,0.08122913539409637,0.40658190846443176,0.10128790140151978,0.022892039269208908,0.22060297429561615,0.011566618457436562,0.06801662594079971,0.07710307836532593,0.25685885548591614,0.16935354471206665,0.03898285701870918,0.05731421709060669,0.2045503556728363,0.06291943043470383,0.6203300356864929,0.1343558132648468,0.04604848846793175,0.017411675304174423,0.07272487133741379,0.18616096675395966,0.12435045093297958,0.04266681894659996,0.04047619551420212,0.12003793567419052,0.21679918467998505,0.13645853102207184,0.17420558631420135,0.2891790568828583,0.1708763688802719,0.134872704744339
AL541,0.6,0.0,0.733333333,1.466666667,0.633333333,0.1,0.566666667,0.0,0.533333333,0.066666667,0.066666667,0.0,0.0,1.833333333,0.5,0.466666667,0.7,0.0,0.0,0.1,0.0,0.0,0.066666667,0.0,0.133333333,0.1,0.066666667,0.0,0.066666667,0.166666667,0.3,0.0,0.0,0.4,0.0,0.8,0.166666667,0.033333333,0.1,0.133333333,0.1,0.033333333,0.233333333,0.066666667,0.533333333,0.0,0.2,0.033333333,0.066666667,0.2,0.1,0.4644260108470917,0.075619176030159,0.5181692838668823,0.3664644658565521,0.41109251976013184,0.1792251318693161,0.37793463468551636,0.2634199559688568,0.8339499235153198,0.13059818744659424,0.10405834764242172,0.18720722198486328,0.04274236783385277,1.5485594272613525,0.37676170468330383,0.32994481921195984,0.34055328369140625,0.12073016166687012,0.14525830745697021,0.22479726374149323,0.2481764703989029,0.04053565859794617,0.24722163379192352,0.05654105544090271,0.04026544466614723,0.13137315213680267,0.030481431633234024,0.059868358075618744,0.07943538576364517,0.2892392575740814,0.14968639612197876,0.07453484833240509,0.09416143596172333,0.18159182369709015,0.0469604954123497,0.5638037323951721,0.4155805706977844,0.09903991967439651,0.10894016921520233,0.15800413489341736,0.17811518907546997,0.12463173270225525,0.07586062699556351,0.1755618005990982,0.22611695528030396,0.31145554780960083,0.14772166311740875,0.2677631974220276,0.20891991257667542,0.14935287833213806,0.11873353272676468
AL657,0.933333333,0.133333333,0.333333333,0.433333333,0.266666667,0.133333333,0.833333333,0.333333333,2.0,0.266666667,0.9,0.433333333,0.233333333,2.066666667,0.266666667,0.4,0.166666667,0.0,0.0,0.066666667,0.066666667,0.166666667,0.233333333,0.066666667,0.033333333,0.266666667,0.0,0.0,0.166666667,0.133333333,0.3,0.0,0.066666667,0.166666667,0.0,0.133333333,0.0,0.0,0.0,0.1,0.0,0.233333333,0.066666667,0.0,0.1,0.366666667,0.0,0.5,0.2,0.0,0.066666667,0.6473912000656128,0.14409446716308594,0.8795942664146423,0.9069178700447083,0.6478724479675293,0.286119282245636,0.3925459384918213,0.2454390823841095,0.48773857951164246,0.20963811874389648,0.058407433331012726,0.0701012909412384,0.026506731286644936,1.1195805072784424,0.27420520782470703,0.3111436367034912,0.22046516835689545,0.11335434019565582,0.03920463100075722,0.1866990625858307,0.267518550157547,0.03381242975592613,0.23327381908893585,0.0589272677898407,0.01704966463148594,0.1724647581577301,0.008352281525731087,0.05075514316558838,0.01844295673072338,0.16381345689296722,0.1419576108455658,0.02795240469276905,0.012147864326834679,0.3148302435874939,0.05997929349541664,0.8075845837593079,0.23665665090084076,0.11005157232284546,0.026867689564824104,0.06199440732598305,0.2605228126049042,0.1171751469373703,0.050543591380119324,0.1056317612528801,0.23924246430397034,0.3026120960712433,0.18080128729343414,0.16315799951553345,0.3121021091938019,0.17971007525920868,0.12277496606111526
AM461,0.266666667,0.0,0.9,0.1,0.666666667,0.266666667,1.7,1.3,0.4,0.2,0.233333333,0.066666667,0.1,0.733333333,0.266666667,0.233333333,0.166666667,0.033333333,0.0,0.066666667,0.233333333,0.1,0.133333333,0.066666667,0.0,0.2,0.133333333,0.0,0.0,0.2,0.033333333,0.0,0.0,0.033333333,0.0,0.233333333,0.0,0.0,0.0,0.0,0.033333333,0.0,0.3,0.1,0.0,0.0,0.0,0.266666667,0.0,0.2,0.066666667,0.42422059178352356,0.2869485020637512,0.6959494352340698,0.1858399361371994,0.5855230689048767,0.3121143877506256,0.9486592411994934,0.6247863173484802,0.6422067880630493,0.13737039268016815,0.22096015512943268,0.2239847183227539,0.034787867218256,1.0062981843948364,0.2639254629611969,0.3768612742424011,0.1367453634738922,0.11849648505449295,0.05727514624595642,0.3384898602962494,0.36684051156044006,0.03263844549655914,0.2935182750225067,0.10874047130346298,0.02828872576355934,0.17455053329467773,0.05465256795287132,0.0630418136715889,0.05180078744888306,0.1419333517551422,0.12741021811962128,0.04289430007338524,0.1388692557811737,0.3304764926433563,0.05049951374530792,0.5152559876441956,0.10024994611740112,0.03807281330227852,0.017158005386590958,0.04440063610672951,0.09737269580364227,0.12819917500019073,0.11868610978126526,0.1548348218202591,0.2848072946071625,0.23957781493663788,0.1675502061843872,0.22394263744354248,0.19043134152889252,0.167606383562088,0.06158732622861862
AM810,0.633333333,0.0,0.266666667,0.266666667,0.4,0.6,1.233333333,0.7,0.533333333,0.2,0.1,0.066666667,0.1,1.6,0.166666667,0.6,0.0,0.066666667,0.0,0.0,0.0,0.0,0.0,0.0,0.866666667,1.233333333,0.0,0.0,0.0,0.0,0.0,0.0,0.0,0.3,0.0,0.233333333,0.0,0.0,0.0,0.0,0.0,0.0,0.133333333,0.5,0.666666667,0.2,0.2,0.066666667,0.0,0.2,0.133333333,0.24336153268814087,0.10596490651369095,0.5272729992866516,0.14240014553070068,0.5997776389122009,0.16057272255420685,0.9007194638252258,0.5651319622993469,0.4236871004104614,0.1502351313829422,0.1917584240436554,0.11422277987003326,0.08819106966257095,1.2117962837219238,0.2875843346118927,0.26235443353652954,0.290932297706604,0.13284727931022644,0.05217636376619339,0.10786737501621246,0.08057962357997894,0.0892842561006546,0.06734535098075867,0.14753739535808563,0.12580326199531555,0.46187156438827515,0.032488565891981125,0.06375104933977127,0.06635177880525589,0.09494271129369736,0.08719832450151443,0.05374696105718613,0.03508715704083443,0.08111179620027542,0.04335101321339607,0.39473527669906616,0.1569720208644867,0.04000573977828026,0.01514128502458334,0.03182214871048927,0.1336003839969635,0.18502534925937653,0.09175289422273636,0.29011714458465576,0.2954558730125427,0.279058575630188,0.18360115587711334,0.22375088930130005,0.213770791888237,0.11655940860509872,0.10410411655902863
AN087,0.8,0.0,1.5,0.1,1.466666667,0.533333333,0.266666667,0.133333333,0.433333333,0.066666667,0.0,0.133333333,0.0,0.466666667,0.1,0.166666667,0.433333333,0.2,0.366666667,0.766666667,1.466666667,0.366666667,0.7,0.166666667,0.0,0.233333333,0.0,0.1,0.0,0.2,0.166666667,0.1,0.333333333,0.1,0.066666667,0.666666667,0.0,0.0,0.0,0.0,0.366666667,0.166666667,0.033333333,0.0,0.0,0.0,0.2,0.0,0.333333333,0.133333333,0.266666667,0.5585159063339233,0.14454299211502075,0.7743212580680847,0.23490601778030396,0.7935361266136169,0.3202778995037079,0.6015037298202515,0.4660712778568268,0.6920578479766846,0.11556895077228546,0.2908612787723541,0.2224009931087494,0.08827639371156693,1.0077013969421387,0.34180209040641785,0.3078397214412689,0.22989501059055328,0.12623748183250427,0.0685601606965065,0.5171996355056763,0.9844481945037842,0.09968795627355576,0.3160969018936157,0.06901726871728897,0.014789464883506298,0.08647996187210083,0.04877583682537079,0.12440960109233856,0.05594081059098244,0.1581069827079773,0.24171729385852814,0.08002068847417831,0.28911691904067993,0.14679110050201416,0.07009149342775345,0.6950682401657104,0.07139191776514053,0.03942402824759483,0.017123058438301086,0.11648181825876236,0.27415162324905396,0.09828951954841614,0.0728834867477417,0.11895979195833206,0.16493156552314758,0.19978588819503784,0.12354304641485214,0.20174622535705566,0.2522156834602356,0.16047437489032745,0.08912941068410873
AN565,0.733333333,0.0,1.033333333,0.233333333,1.566666667,0.466666667,0.466666667,0.1,0.3,0.166666667,0.133333333,0.0,0.0,0.966666667,0.3,0.266666667,0.1,0.266666667,0.133333333,0.0,0.333333333,0.133333333,0.0,0.0,0.0,0.466666667,0.0,0.0,0.233333333,0.333333333,0.266666667,0.0,0.0,0.366666667,0.0,0.433333333,0.0,0.0,0.0,0.0,0.633333333,0.166666667,0.1,0.3,0.166666667,0.233333333,0.0,0.133333333,0.266666667,0.266666667,0.3,0.40307435393333435,0.2208772450685501,0.7337368726730347,0.421186238527298,1.0446546077728271,0.517591118812561,0.533592164516449,0.457217276096344,0.5787045955657959,0.10648560523986816,0.16637063026428223,0.14316551387310028,0.05650665611028671,1.3117122650146484,0.41722121834754944,0.33744674921035767,0.3342043459415436,0.16755342483520508,0.059936512261629105,0.17287930846214294,0.31003236770629883,0.12722237408161163,0.12506644427776337,0.09542017430067062,0.01483981218189001,0.17725245654582977,0.02556733787059784,0.059985268861055374,0.038484133780002594,0.17558453977108002,0.11688385158777237,0.05999571457505226,0.03589516505599022,0.32924091815948486,0.04622791334986687,0.6690683364868164,0.13011464476585388,0.03205549716949463,0.01936240680515766,0.1078411266207695,0.39836880564689636,0.1692168414592743,0.08299443870782852,0.25303664803504944,0.224717378616333,0.19514594972133636,0.10423962026834488,0.21129529178142548,0.4130789041519165,0.21247532963752747,0.1417398899793625
