epoch	train_loss	test_loss	test_metric
0	0.18982325494289398	0.19949305057525635	-0.043864309787750244
1	0.1884220540523529	0.19769906997680664	-0.0316087044775486
2	0.18706955015659332	0.19597145915031433	-0.01973378285765648
3	0.1858007311820984	0.19430379569530487	-0.00838012807071209
4	0.18441055715084076	0.1926979124546051	0.0024069088976830244
5	0.1830456256866455	0.19115357100963593	0.012670865282416344
6	0.18178698420524597	0.18963004648685455	0.0229636337608099
7	0.18063415586948395	0.18810799717903137	0.03359989449381828
8	0.17941509187221527	0.1865902692079544	0.04411264881491661
9	0.17814506590366364	0.1850687861442566	0.05424939841032028
10	0.1770077347755432	0.1835409253835678	0.0639730915427208
11	0.17589618265628815	0.1820039600133896	0.07318630069494247
12	0.17448283731937408	0.18045085668563843	0.08197946101427078
13	0.17295098304748535	0.17887869477272034	0.09026531130075455
14	0.17182984948158264	0.17729870975017548	0.09781096130609512
15	0.17067371308803558	0.17570433020591736	0.10473283380270004
16	0.16894342005252838	0.17408819496631622	0.1112360805273056
17	0.16791634261608124	0.17244867980480194	0.1174287423491478
18	0.1666479855775833	0.170787513256073	0.1233578771352768
19	0.16509710252285004	0.16910533607006073	0.12903213500976562
20	0.16337227821350098	0.1674022525548935	0.13456803560256958
21	0.1621321588754654	0.16567185521125793	0.1400759518146515
22	0.1608050912618637	0.16392502188682556	0.14550791680812836
23	0.1590808480978012	0.16216740012168884	0.15089799463748932
24	0.15747538208961487	0.16040657460689545	0.15622812509536743
25	0.15635718405246735	0.15865175426006317	0.16148866713047028
26	0.15434417128562927	0.1569078117609024	0.16674479842185974
27	0.15302647650241852	0.15518221259117126	0.1720501035451889
28	0.15144026279449463	0.15348033607006073	0.17748944461345673
29	0.1500227153301239	0.15180958807468414	0.18303920328617096
30	0.148462176322937	0.15018290281295776	0.1886279582977295
31	0.14682945609092712	0.14860795438289642	0.19430598616600037
32	0.14539256691932678	0.14709468185901642	0.20004378259181976
33	0.144431471824646	0.1456480771303177	0.20590390264987946
34	0.1427755504846573	0.1442732810974121	0.21191102266311646
35	0.14142446219921112	0.1429833471775055	0.21791352331638336
36	0.13971807062625885	0.14178553223609924	0.22396127879619598
37	0.138686865568161	0.14068220555782318	0.23010289669036865
38	0.13765965402126312	0.13967368006706238	0.23633381724357605
39	0.13665568828582764	0.1387685239315033	0.24256183207035065
40	0.1349838376045227	0.13796138763427734	0.2488282471895218
41	0.13434115052223206	0.1372532695531845	0.2550705075263977
42	0.13310278952121735	0.13662923872470856	0.2613794207572937
43	0.1319894939661026	0.13609685003757477	0.26758861541748047
44	0.1311236470937729	0.13563619554042816	0.27377834916114807
45	0.1307431310415268	0.13523299992084503	0.27995628118515015
46	0.1294569969177246	0.13487829267978668	0.2860453426837921
47	0.12958528101444244	0.13456785678863525	0.2919800579547882
48	0.12900036573410034	0.13429127633571625	0.29768648743629456
49	0.1284741908311844	0.13404062390327454	0.30312657356262207
50	0.1273951530456543	0.13380655646324158	0.30828967690467834
51	0.1273595094680786	0.13358671963214874	0.31311318278312683
52	0.12647949159145355	0.13337795436382294	0.3176129162311554
53	0.1260964274406433	0.13318109512329102	0.32170370221138
54	0.12594661116600037	0.13298539817333221	0.32542139291763306
55	0.1257825642824173	0.13278846442699432	0.32874757051467896
56	0.12567101418972015	0.1325976848602295	0.33168232440948486
57	0.1253584772348404	0.13241298496723175	0.334249883890152
58	0.12513592839241028	0.13223552703857422	0.33651190996170044
59	0.124616339802742	0.13205645978450775	0.3384995758533478
60	0.1243763342499733	0.13188491761684418	0.340212345123291
61	0.12391229718923569	0.1317133754491806	0.34173378348350525
62	0.12440326064825058	0.1315421313047409	0.3430146872997284
63	0.12448164075613022	0.1313604712486267	0.3441709280014038
64	0.12345891445875168	0.13119125366210938	0.34518715739250183
65	0.12376483529806137	0.13103143870830536	0.3461012840270996
66	0.12335296720266342	0.13088566064834595	0.3468683660030365
67	0.1231570914387703	0.13075342774391174	0.34748750925064087
68	0.12331572920084	0.13063566386699677	0.34797587990760803
69	0.12312167882919312	0.13052958250045776	0.34841009974479675
70	0.12336263060569763	0.130434051156044	0.3487364947795868
71	0.12293241918087006	0.1303422898054123	0.349000483751297
72	0.12288584560155869	0.1302560716867447	0.349251389503479
73	0.1230139434337616	0.13018149137496948	0.34941110014915466
74	0.12251982092857361	0.13011878728866577	0.34952667355537415
75	0.12257912755012512	0.13006900250911713	0.3495995104312897
76	0.12271462380886078	0.1300116330385208	0.3497268855571747
77	0.12267302721738815	0.12994438409805298	0.3498983085155487
78	0.12233800441026688	0.12988483905792236	0.35000908374786377
79	0.12230616807937622	0.12983159720897675	0.3500851094722748
80	0.12210717052221298	0.12977036833763123	0.3501720726490021
81	0.12124799191951752	0.12971419095993042	0.3502470552921295
82	0.12170301377773285	0.12967060506343842	0.3503143787384033
83	0.12164872884750366	0.12962128221988678	0.35038623213768005
84	0.12085428833961487	0.129579558968544	0.35049164295196533
85	0.12086258828639984	0.12954483926296234	0.35059717297554016
86	0.12094379216432571	0.12950840592384338	0.3507121205329895
87	0.12125320732593536	0.12946073710918427	0.3509276211261749
88	0.12090953439474106	0.1294095665216446	0.35117077827453613
89	0.1211986318230629	0.12935423851013184	0.3513801395893097
90	0.12070850282907486	0.12929312884807587	0.35159939527511597
91	0.12019208818674088	0.12924116849899292	0.3518112599849701
92	0.12025418877601624	0.12918972969055176	0.3520522117614746
93	0.12023291736841202	0.1291426569223404	0.3522767722606659
94	0.12033548951148987	0.12908557057380676	0.35256731510162354
95	0.12016262859106064	0.12902739644050598	0.3528968095779419
96	0.11998184025287628	0.1289740353822708	0.35316213965415955
97	0.12013117969036102	0.12892843782901764	0.35333535075187683
98	0.119440957903862	0.1288830041885376	0.3534761369228363
99	0.11992211639881134	0.12884001433849335	0.35361337661743164
100	0.11958985775709152	0.12877753376960754	0.3538553714752197
101	0.11980625241994858	0.1287214457988739	0.3540455996990204
102	0.11978049576282501	0.12865574657917023	0.3542758822441101
103	0.11974231898784637	0.1285872459411621	0.3544752299785614
104	0.11929526925086975	0.12853051722049713	0.35459718108177185
105	0.11914463341236115	0.1284792274236679	0.3546737730503082
106	0.11895521730184555	0.12842366099357605	0.35478559136390686
107	0.1186700388789177	0.12836003303527832	0.3549497723579407
108	0.11890906095504761	0.12831109762191772	0.3549899756908417
109	0.11846649646759033	0.12826846539974213	0.35501185059547424
110	0.1191210076212883	0.1282307505607605	0.3550099730491638
111	0.11816402524709702	0.1281953901052475	0.355065256357193
112	0.1185436025261879	0.1281672716140747	0.35512715578079224
113	0.1181335300207138	0.12813174724578857	0.35520511865615845
114	0.11806197464466095	0.12809321284294128	0.3553040027618408
115	0.1181764155626297	0.12804636359214783	0.3554218113422394
116	0.11793937534093857	0.12800559401512146	0.35557475686073303
117	0.11755245178937912	0.1279711127281189	0.355739027261734
118	0.11762327700853348	0.12793467938899994	0.355948805809021
119	0.11726760864257812	0.1278870701789856	0.35616496205329895
120	0.11737802624702454	0.12783800065517426	0.3564450144767761
121	0.11696209013462067	0.1277949959039688	0.3567366302013397
122	0.11727340519428253	0.12775133550167084	0.3570863902568817
123	0.11678622663021088	0.127719908952713	0.35738715529441833
124	0.11694420129060745	0.12765803933143616	0.3578258752822876
125	0.1166745275259018	0.12760090827941895	0.3582637906074524
126	0.11668769270181656	0.12754099071025848	0.3587281107902527
127	0.11649184674024582	0.12747526168823242	0.35920608043670654
128	0.116383396089077	0.12741129100322723	0.35965877771377563
129	0.11614906787872314	0.12732790410518646	0.36020421981811523
130	0.11611124873161316	0.12723340094089508	0.36073142290115356
131	0.115902379155159	0.12713663280010223	0.3612079620361328
132	0.1157727837562561	0.12704643607139587	0.3616476356983185
133	0.11553442478179932	0.12696439027786255	0.3620281219482422
134	0.1160026416182518	0.12687133252620697	0.36235547065734863
135	0.11571550369262695	0.1267935037612915	0.36258918046951294
136	0.11575638502836227	0.1267341822385788	0.36267250776290894
137	0.11554422229528427	0.12667706608772278	0.36266982555389404
138	0.11502528190612793	0.12663614749908447	0.36262306571006775
139	0.11471494287252426	0.1266079843044281	0.36257830262184143
140	0.11476528644561768	0.12658870220184326	0.3625375032424927
141	0.11451859027147293	0.1265716701745987	0.3625700771808624
142	0.1147596538066864	0.12654587626457214	0.3626995086669922
143	0.11441735923290253	0.12651781737804413	0.3628876507282257
144	0.11376185715198517	0.12650032341480255	0.3631209135055542
145	0.11452791839838028	0.1264367401599884	0.3635615110397339
146	0.11403726041316986	0.1263677179813385	0.3640389144420624
147	0.11402415484189987	0.12630735337734222	0.3644358217716217
148	0.11418616026639938	0.12624435126781464	0.3648238182067871
149	0.11360470950603485	0.12618085741996765	0.3651934862136841
150	0.11395369470119476	0.1261061131954193	0.36547258496284485
151	0.11358757317066193	0.12601985037326813	0.3658307194709778
152	0.11321447789669037	0.1259249895811081	0.3661733865737915
153	0.11369609087705612	0.1258215457201004	0.36648035049438477
154	0.1132616475224495	0.12573499977588654	0.3667544424533844
155	0.11285869032144547	0.12566660344600677	0.36700865626335144
156	0.11321436613798141	0.12560684978961945	0.3672413229942322
157	0.11277364939451218	0.12553559243679047	0.3675439953804016
158	0.11267059296369553	0.12546540796756744	0.3678410053253174
159	0.11329644173383713	0.12536735832691193	0.3681628108024597
160	0.11215045303106308	0.12527316808700562	0.36844149231910706
161	0.11225804686546326	0.12518024444580078	0.36867186427116394
162	0.11171688139438629	0.12509840726852417	0.36893412470817566
163	0.11174657940864563	0.12502916157245636	0.3692179322242737
164	0.11191528290510178	0.12495795637369156	0.3695172071456909
165	0.1117212176322937	0.12488903105258942	0.3698350787162781
166	0.11145756393671036	0.12484937161207199	0.3700985610485077
167	0.11167986690998077	0.12478190660476685	0.3704458475112915
168	0.11112364381551743	0.12469814717769623	0.3707515299320221
169	0.11163969337940216	0.12459338456392288	0.37112027406692505
170	0.11074856668710709	0.1245012953877449	0.37150266766548157
171	0.11078006774187088	0.12440907210111618	0.3718230426311493
172	0.1110709011554718	0.12432815134525299	0.37219753861427307
173	0.11114942282438278	0.12424886971712112	0.37261325120925903
174	0.11119095981121063	0.12417174130678177	0.37293878197669983
175	0.11066624522209167	0.12410840392112732	0.37325403094291687
176	0.11033236235380173	0.12405409663915634	0.37355029582977295
177	0.11032970249652863	0.12397819012403488	0.3738839328289032
178	0.11050540953874588	0.12391793727874756	0.37415722012519836
179	0.11051749438047409	0.12385374307632446	0.37442484498023987
180	0.10992848873138428	0.12376772612333298	0.37472665309906006
181	0.11012044548988342	0.12366338819265366	0.37506532669067383
182	0.10973256826400757	0.12357103824615479	0.3754059374332428
183	0.1095879077911377	0.12347222119569778	0.3757520020008087
184	0.10926787555217743	0.12338707596063614	0.37605318427085876
185	0.10969405621290207	0.12332673370838165	0.37630346417427063
186	0.10928912460803986	0.1232767105102539	0.37662139534950256
187	0.10867026448249817	0.1232537031173706	0.37689563632011414
188	0.10877541452646255	0.12322956323623657	0.37719619274139404
189	0.10819070041179657	0.12319476902484894	0.3776058852672577
190	0.10911757498979568	0.12314090132713318	0.3780035674571991
191	0.10856855660676956	0.12304546684026718	0.37849897146224976
192	0.10849128663539886	0.12291999161243439	0.3790675401687622
193	0.10797056555747986	0.12282340973615646	0.3796081244945526
194	0.10825049877166748	0.12273728102445602	0.38009196519851685
195	0.10784144699573517	0.12264669686555862	0.3806594908237457
196	0.1076396033167839	0.12254997342824936	0.3812426030635834
197	0.10777810961008072	0.12245403975248337	0.3818226754665375
198	0.10766147077083588	0.12236540019512177	0.38229307532310486
199	0.10766991972923279	0.12226173281669617	0.38284045457839966
200	0.10690052062273026	0.12214181572198868	0.38338595628738403
201	0.10721134394407272	0.12199459224939346	0.3839905858039856
202	0.10732872039079666	0.12183546274900436	0.384644091129303
203	0.10654549300670624	0.12171375006437302	0.3851586878299713
204	0.10656887292861938	0.12164758145809174	0.38554075360298157
205	0.10654003918170929	0.12160264700651169	0.3858158588409424
206	0.10660158097743988	0.1215474009513855	0.3861350119113922
207	0.1067485436797142	0.12150409072637558	0.386445015668869
208	0.10642217099666595	0.12141972780227661	0.38687655329704285
209	0.10628540068864822	0.1213088110089302	0.3873361349105835
210	0.10667938739061356	0.12115354835987091	0.38791683316230774
211	0.10615270584821701	0.12102294713258743	0.3883751630783081
212	0.10572085529565811	0.1208997592329979	0.3888517916202545
213	0.1056816354393959	0.12081700563430786	0.389181524515152
214	0.10527775436639786	0.12075479328632355	0.38947638869285583
215	0.10481510311365128	0.12071667611598969	0.3896850049495697
216	0.10510964691638947	0.12068645656108856	0.389873743057251
217	0.10490976274013519	0.12067705392837524	0.38998106122016907
218	0.1048826351761818	0.12062028795480728	0.39029112458229065
219	0.10524963587522507	0.12051459401845932	0.3907530605792999
220	0.10494151711463928	0.12038516253232956	0.3912140727043152
221	0.10488155484199524	0.12025849521160126	0.39172467589378357
222	0.10447505861520767	0.1201830580830574	0.39199990034103394
223	0.10443996638059616	0.12013096362352371	0.3922082483768463
224	0.10440803319215775	0.12008628994226456	0.3924633264541626
225	0.1047496646642685	0.12005700170993805	0.39269599318504333
226	0.10413622856140137	0.12004275619983673	0.3929436504840851
227	0.10436205565929413	0.12001330405473709	0.39323192834854126
228	0.10424789041280746	0.11995407193899155	0.3935287296772003
229	0.10375255346298218	0.11986055225133896	0.3939651548862457
230	0.10369931161403656	0.11970748752355576	0.3945538401603699
231	0.10333092510700226	0.11960949003696442	0.3950333893299103
232	0.10344341397285461	0.11953659355640411	0.39544007182121277
233	0.10335016250610352	0.11950431764125824	0.39574986696243286
234	0.10308752954006195	0.11944282054901123	0.39623263478279114
235	0.10344897955656052	0.11930927634239197	0.39684271812438965
236	0.10308649390935898	0.11916011571884155	0.39743945002555847
237	0.10295919328927994	0.11903337389230728	0.39802834391593933
238	0.10227500647306442	0.11895338445901871	0.39854177832603455
239	0.10286741703748703	0.11888045072555542	0.3990746736526489
240	0.10315550118684769	0.11881493777036667	0.39957281947135925
241	0.10265089571475983	0.1187477633357048	0.4000132977962494
242	0.10239297896623611	0.11868714541196823	0.40036532282829285
243	0.1021723523736	0.11862918734550476	0.4006848633289337
244	0.10227768123149872	0.11854853481054306	0.4009805917739868
245	0.10197128355503082	0.11845044046640396	0.4013085961341858
246	0.10236102342605591	0.11838214099407196	0.40154170989990234
247	0.10182207077741623	0.11831847578287125	0.4016650319099426
248	0.10180160403251648	0.11825104057788849	0.4018256664276123
249	0.10180215537548065	0.11818744987249374	0.4020210802555084
250	0.10148701816797256	0.11815792322158813	0.40211278200149536
251	0.10182575136423111	0.11813037097454071	0.4023020267486572
252	0.10100938379764557	0.11811114847660065	0.402567982673645
253	0.10080202668905258	0.11810561269521713	0.40288808941841125
254	0.10087613016366959	0.11807157844305038	0.4033364951610565
255	0.10071128606796265	0.1179981604218483	0.4038618505001068
256	0.1006360873579979	0.11786802858114243	0.40458381175994873
257	0.10154592245817184	0.11774861812591553	0.40525510907173157
258	0.10081685334444046	0.11760532110929489	0.40601444244384766
259	0.10048254579305649	0.11747930943965912	0.4067539572715759
260	0.10032467544078827	0.11735913157463074	0.4074389636516571
261	0.10053171962499619	0.11729057878255844	0.40791961550712585
262	0.10018260776996613	0.11724357306957245	0.4083027243614197
263	0.10027258843183517	0.11725682765245438	0.4084773659706116
264	0.1004578098654747	0.11724898219108582	0.40864449739456177
265	0.10063888877630234	0.11719497293233871	0.40894615650177
266	0.09971056878566742	0.11707071959972382	0.40941473841667175
267	0.09957969188690186	0.11696596443653107	0.409805566072464
268	0.0992998257279396	0.1168416440486908	0.4103007912635803
269	0.09949493408203125	0.11675290018320084	0.4108324944972992
270	0.09951302409172058	0.11668294668197632	0.4112681746482849
271	0.0995141863822937	0.11664144694805145	0.41165217757225037
272	0.09880988299846649	0.11662150919437408	0.41198283433914185
273	0.09895001351833344	0.11662036925554276	0.4123157858848572
274	0.09903014451265335	0.116636261343956	0.4125508666038513
275	0.0986056998372078	0.11662107706069946	0.41289007663726807
276	0.09891770035028458	0.11656661331653595	0.413341760635376
277	0.09888097643852234	0.1164737194776535	0.4138859212398529
278	0.09840040653944016	0.11636174470186234	0.41438814997673035
279	0.09830973297357559	0.11626769602298737	0.4148350656032562
280	0.09856782108545303	0.1162126362323761	0.4151584804058075
281	0.09833924472332001	0.11616387218236923	0.41544458270072937
282	0.09834141284227371	0.11614323407411575	0.4157397747039795
283	0.09812438488006592	0.1161312460899353	0.41603609919548035
284	0.09749840199947357	0.11612138152122498	0.4164571464061737
285	0.09802477806806564	0.11609157174825668	0.41691726446151733
286	0.09779544174671173	0.11603246629238129	0.4174385666847229
287	0.097355417907238	0.1159549355506897	0.4180718958377838
288	0.09796608239412308	0.11589289456605911	0.418682336807251
289	0.09696923196315765	0.11583787202835083	0.4192829132080078
290	0.096959188580513	0.11579425632953644	0.4197618067264557
291	0.0975785031914711	0.11573456227779388	0.42023468017578125
292	0.09638168662786484	0.11565832793712616	0.420729398727417
293	0.09725776314735413	0.11554306000471115	0.42123106122016907
294	0.09725499153137207	0.11544124037027359	0.42174026370048523
295	0.09663990139961243	0.11535856127738953	0.4222249388694763
296	0.09682242572307587	0.11530326306819916	0.42271748185157776
297	0.09679238498210907	0.11527007073163986	0.4231090247631073
298	0.09686975926160812	0.11526709049940109	0.4235188066959381
299	0.0968022495508194	0.11527150124311447	0.423859566450119
300	0.09625623375177383	0.11526677757501602	0.424187034368515
301	0.09633190929889679	0.1152554526925087	0.4244593381881714
302	0.09596934169530869	0.11522948741912842	0.4247187674045563
303	0.09587401896715164	0.11520107090473175	0.4248965084552765
304	0.09629884362220764	0.11512378603219986	0.42511725425720215
305	0.0954178124666214	0.11507056653499603	0.42529401183128357
306	0.09593194723129272	0.11503152549266815	0.42541712522506714
307	0.09566329419612885	0.11501024663448334	0.42560505867004395
308	0.09595322608947754	0.11499194800853729	0.4258442223072052
309	0.09613822400569916	0.11498866230249405	0.42608481645584106
310	0.0956040769815445	0.1149974912405014	0.42631813883781433
311	0.0955202504992485	0.11497834324836731	0.42663466930389404
312	0.09549912065267563	0.11491136252880096	0.427024245262146
313	0.09512334316968918	0.11483827233314514	0.4273656904697418
314	0.09537414461374283	0.11475681513547897	0.4276784360408783
315	0.09528405219316483	0.11469941586256027	0.4279364049434662
316	0.09521830081939697	0.11466235667467117	0.4281102120876312
317	0.0955703854560852	0.11463803052902222	0.4282659888267517
318	0.09497296065092087	0.11463955789804459	0.4284411072731018
319	0.0950913354754448	0.11465099453926086	0.42854785919189453
320	0.09520859271287918	0.11465197801589966	0.42856112122535706
321	0.09513711929321289	0.1146402359008789	0.4286096692085266
322	0.09458352625370026	0.11461899429559708	0.4286671280860901
323	0.09501142799854279	0.11460907757282257	0.4287278652191162
324	0.09471459686756134	0.11460275948047638	0.42887118458747864
325	0.09465763717889786	0.11458415538072586	0.4290131628513336
326	0.09468293190002441	0.11457110941410065	0.4291272461414337
327	0.09447731077671051	0.11454441398382187	0.4293827414512634
328	0.0945548564195633	0.1145106628537178	0.42972028255462646
329	0.09478655457496643	0.11448436975479126	0.4300222396850586
330	0.09395372867584229	0.11446033418178558	0.43029287457466125
331	0.09398035705089569	0.1144510954618454	0.4306214153766632
332	0.09396243840456009	0.11443281918764114	0.4309758245944977
333	0.09421422332525253	0.11441430449485779	0.43131187558174133
334	0.09387897700071335	0.11440524458885193	0.4317065179347992
335	0.09366284310817719	0.11439182609319687	0.4321848452091217
336	0.09366414695978165	0.11437733471393585	0.4326299726963043
337	0.09349610656499863	0.11435850709676743	0.4329589307308197
338	0.09305605292320251	0.11431072652339935	0.433287113904953
339	0.09404971450567245	0.11425897479057312	0.4335024058818817
340	0.09339062869548798	0.11423363536596298	0.43375587463378906
341	0.09319224953651428	0.11418984830379486	0.43391478061676025
342	0.09348111599683762	0.11414437741041183	0.4340287446975708
343	0.09335241466760635	0.11409381031990051	0.43411487340927124
344	0.09309587627649307	0.11404983699321747	0.43412309885025024
345	0.09332875907421112	0.11403282731771469	0.43400949239730835
346	0.09276647865772247	0.11403429508209229	0.43382617831230164
347	0.0928475558757782	0.11403565108776093	0.43376466631889343
348	0.0930158793926239	0.11406350880861282	0.4336540997028351
349	0.09304606914520264	0.11409892141819	0.43369975686073303
350	0.09191730618476868	0.11412962526082993	0.43386539816856384
351	0.09275835007429123	0.11414644122123718	0.4340741038322449
352	0.09312231093645096	0.11415108293294907	0.4342213571071625
353	0.0920223668217659	0.11411875486373901	0.43452930450439453
354	0.09183407574892044	0.11410105973482132	0.43475112318992615
355	0.09261828660964966	0.114047572016716	0.4350166618824005
356	0.09230047464370728	0.11399751901626587	0.4354846179485321
357	0.09172256290912628	0.11395379900932312	0.43587449193000793
358	0.0922207236289978	0.11390992999076843	0.4362362325191498
359	0.09191914647817612	0.11386766284704208	0.4367244243621826
360	0.09172454476356506	0.11385221779346466	0.4371955394744873
361	0.09209661185741425	0.11382940411567688	0.43765315413475037
362	0.09161627292633057	0.1138104572892189	0.43803080916404724
363	0.09164467453956604	0.11378640681505203	0.43835189938545227
364	0.09162235260009766	0.11375896632671356	0.4385857582092285
365	0.09204256534576416	0.11371906101703644	0.4386727809906006
366	0.09111326187849045	0.11368516832590103	0.4387039840221405
367	0.09090456366539001	0.11367214471101761	0.4386110305786133
368	0.09126391261816025	0.11367606371641159	0.4386128783226013
369	0.09130953252315521	0.11369363963603973	0.4385879337787628
370	0.09115815162658691	0.11371572315692902	0.4386533796787262
371	0.09116044640541077	0.11374979466199875	0.43883880972862244
372	0.09126728773117065	0.11376599222421646	0.4388434886932373
373	0.09121270477771759	0.11375351995229721	0.4389002025127411
374	0.09110602736473083	0.11370973289012909	0.4390318989753723
375	0.0911727175116539	0.11365888267755508	0.439168244600296
376	0.09067603200674057	0.11362341046333313	0.4392263889312744
377	0.09105399996042252	0.11357829719781876	0.4393507242202759
378	0.09138686209917068	0.1135353222489357	0.43960458040237427
379	0.09066491574048996	0.1134854182600975	0.4399847388267517
380	0.09055797755718231	0.11344975978136063	0.4404767155647278
381	0.09062211215496063	0.1134663075208664	0.44095441699028015
382	0.09032008796930313	0.11347349733114243	0.44135475158691406
383	0.09041407704353333	0.11348883807659149	0.4416692852973938
384	0.09049809724092484	0.1134655624628067	0.4418390989303589
385	0.09019456058740616	0.11343052983283997	0.4419621229171753
386	0.09019394963979721	0.11339942365884781	0.44203808903694153
387	0.09041052311658859	0.11335626989603043	0.4421882927417755
388	0.08993827551603317	0.11333814263343811	0.44225043058395386
389	0.09014976024627686	0.11328989267349243	0.44247138500213623
390	0.09014619141817093	0.11323485523462296	0.44293177127838135
391	0.08922228217124939	0.11321283131837845	0.44335272908210754
392	0.0901603028178215	0.11320306360721588	0.4435631334781647
393	0.08951372653245926	0.11318111419677734	0.44384461641311646
394	0.0900360718369484	0.1131550744175911	0.44405218958854675
395	0.08993176370859146	0.1131429672241211	0.44412684440612793
396	0.08939169347286224	0.11314959079027176	0.44402045011520386
397	0.08943326026201248	0.11321030557155609	0.44386371970176697
398	0.08933907002210617	0.11325737088918686	0.44389939308166504
399	0.08955312520265579	0.11326401680707932	0.444210410118103
400	0.08959370851516724	0.1132616251707077	0.4447886645793915
401	0.08942893147468567	0.11327199637889862	0.445357084274292
402	0.08936596661806107	0.11324462294578552	0.44598957896232605
403	0.08931396901607513	0.1131821945309639	0.4464944303035736
404	0.08935269713401794	0.11308050155639648	0.44674310088157654
405	0.08858577907085419	0.11300192028284073	0.44666311144828796
406	0.08884821832180023	0.11299695819616318	0.4465544521808624
407	0.0891343429684639	0.1129799336194992	0.44653162360191345
408	0.08891253918409348	0.1129608154296875	0.446665495634079
409	0.08870882540941238	0.11297294497489929	0.4468090236186981
410	0.08842875063419342	0.11302018165588379	0.44680705666542053
411	0.08834906667470932	0.11307097971439362	0.44671034812927246
412	0.08825165033340454	0.11309906840324402	0.4465734362602234
413	0.0883869007229805	0.11309172213077545	0.44651731848716736
414	0.08856697380542755	0.11304427683353424	0.4465482532978058
415	0.08809905499219894	0.11298818141222	0.44659122824668884
416	0.08818630129098892	0.11297288537025452	0.44656917452812195
417	0.08828332275152206	0.11299924552440643	0.44663727283477783
418	0.0879785344004631	0.11298753321170807	0.44705867767333984
419	0.08821887522935867	0.11299998313188553	0.44764795899391174
420	0.08836568892002106	0.11305482685565948	0.4481165111064911
421	0.08822589367628098	0.11307448148727417	0.44849643111228943
422	0.08829936385154724	0.11305365711450577	0.4486829340457916
423	0.08839214593172073	0.1129913479089737	0.44863682985305786
424	0.08821288496255875	0.11296739429235458	0.4484659731388092
425	0.08728956431150436	0.11295077204704285	0.4484260678291321
426	0.08720605820417404	0.11291821300983429	0.4486660659313202
427	0.08765210211277008	0.11285055428743362	0.44911324977874756
428	0.08738192915916443	0.11278415471315384	0.4496925473213196
429	0.08723489940166473	0.11273838579654694	0.45029836893081665
430	0.08714964985847473	0.11274641007184982	0.45074260234832764
431	0.08707759529352188	0.11278387159109116	0.4509100019931793
432	0.08709241449832916	0.11282424628734589	0.45095890760421753
433	0.08703525364398956	0.11283904314041138	0.4509604573249817
434	0.08725935220718384	0.11283112317323685	0.45083674788475037
435	0.08724653720855713	0.11281893402338028	0.4506082236766815
436	0.08691371232271194	0.11282563954591751	0.45055100321769714
437	0.08649954199790955	0.11281005293130875	0.45083147287368774
438	0.08657769858837128	0.11278031766414642	0.45120787620544434
439	0.08651915192604065	0.1127835139632225	0.45153889060020447
440	0.08653206378221512	0.11279412358999252	0.451763391494751
441	0.08723567426204681	0.11272308975458145	0.45206812024116516
442	0.08692404627799988	0.11264842748641968	0.4523254632949829
443	0.08601585775613785	0.11259190738201141	0.45242780447006226
444	0.08681594580411911	0.11251194030046463	0.4525099992752075
445	0.08617478609085083	0.11246060580015182	0.452669620513916
446	0.08651971817016602	0.11239715665578842	0.45308488607406616
447	0.08649032562971115	0.11234521120786667	0.45386558771133423
448	0.08624350279569626	0.11232572048902512	0.4546104967594147
449	0.08611561357975006	0.11236798018217087	0.45516034960746765
450	0.08633272349834442	0.11240249872207642	0.4553747773170471
451	0.08630111068487167	0.11242301762104034	0.4553486108779907
452	0.08584170043468475	0.11243516206741333	0.45520666241645813
453	0.08590511977672577	0.11241713166236877	0.4547990560531616
454	0.08576039224863052	0.11241452395915985	0.45456671714782715
455	0.0860457792878151	0.1124253198504448	0.45443782210350037
456	0.08601666241884232	0.11241668462753296	0.4543573260307312
457	0.08640359342098236	0.11244097352027893	0.4544292688369751
458	0.08597933501005173	0.11241494864225388	0.45472463965415955
459	0.08559514582157135	0.11240419745445251	0.4550341069698334
460	0.08539149910211563	0.11234838515520096	0.45544981956481934
461	0.0854785218834877	0.11227861791849136	0.4558855891227722
462	0.08584052324295044	0.11223232746124268	0.456310898065567
463	0.0847114846110344	0.11221291869878769	0.4567015469074249
464	0.08547727018594742	0.11222614347934723	0.4571208953857422
465	0.08539604395627975	0.11224593967199326	0.4573737680912018
466	0.08497156202793121	0.11224498599767685	0.4576292335987091
467	0.0850987583398819	0.11220493167638779	0.4576858580112457
468	0.08470273017883301	0.11214117705821991	0.45769402384757996
469	0.08547861129045486	0.1120501384139061	0.4577428698539734
470	0.08509811758995056	0.11198267340660095	0.45795580744743347
471	0.08518364280462265	0.11194923520088196	0.4580812156200409
472	0.08498620986938477	0.11194854974746704	0.45837074518203735
473	0.08479385077953339	0.1119454950094223	0.45886924862861633
474	0.0843053013086319	0.1120159700512886	0.4592888057231903
475	0.08501751720905304	0.11211590468883514	0.4597283601760864
476	0.08499069511890411	0.112216055393219	0.4599446654319763
477	0.08450750261545181	0.11225812882184982	0.4598240852355957
478	0.08430153876543045	0.11225822567939758	0.4595448970794678
479	0.08449757844209671	0.1122356578707695	0.4590951204299927
480	0.08410757035017014	0.11219826340675354	0.45897176861763
481	0.08471738547086716	0.11210473626852036	0.45929014682769775
482	0.08382725715637207	0.11200813949108124	0.45986124873161316
483	0.08429785072803497	0.11196430027484894	0.46040183305740356
484	0.08483772724866867	0.11194754391908646	0.46073630452156067
485	0.08378645032644272	0.11189652979373932	0.46103182435035706
486	0.08359828591346741	0.11185122281312943	0.46122366189956665
487	0.08335243165493011	0.11182327568531036	0.4613030254840851
488	0.08332628011703491	0.11183135956525803	0.4611245393753052
489	0.08368369191884995	0.11188211292028427	0.4609627425670624
490	0.08347520232200623	0.11192388832569122	0.46104317903518677
491	0.08380475640296936	0.11192824691534042	0.4613339602947235
492	0.08393054455518723	0.11187885701656342	0.46178942918777466
493	0.08360070735216141	0.1118459701538086	0.4621674716472626
494	0.0827542319893837	0.11179585009813309	0.46257758140563965
495	0.08386830985546112	0.11176253110170364	0.46274420619010925
496	0.08326561003923416	0.11173783987760544	0.46276572346687317
497	0.08332770317792892	0.11175093054771423	0.4628707766532898
498	0.08302025496959686	0.11176455020904541	0.4628458321094513
499	0.08312457799911499	0.11170952767133713	0.4630125164985657
500	0.08279810100793839	0.11162831634283066	0.4632943570613861
501	0.08314608782529831	0.1115262359380722	0.4637317955493927
502	0.08350395411252975	0.11147742718458176	0.46413174271583557
503	0.08282187581062317	0.111409991979599	0.46456411480903625
504	0.08281555771827698	0.11143442243337631	0.4650987386703491
505	0.08292247354984283	0.11150641739368439	0.4652555286884308
506	0.08327502012252808	0.11156795918941498	0.4651867747306824
507	0.08238343894481659	0.11161363869905472	0.4649263322353363
508	0.08276373893022537	0.11162194609642029	0.46460476517677307
509	0.08235087990760803	0.11155913770198822	0.4643244445323944
510	0.08245967328548431	0.1114875003695488	0.46444711089134216
511	0.0824519544839859	0.11146826297044754	0.46478158235549927
512	0.08248745650053024	0.11146580427885056	0.46531909704208374
513	0.08198272436857224	0.11149512976408005	0.4657623767852783
514	0.08260180801153183	0.11145777255296707	0.4660489857196808
515	0.08208709955215454	0.11141452938318253	0.4662528932094574
516	0.08187053352594376	0.11131932586431503	0.4665689170360565
517	0.08225242793560028	0.11125051230192184	0.4667542576789856
518	0.08161230385303497	0.11126615107059479	0.4669108986854553
519	0.08170057088136673	0.1112692579627037	0.4671356678009033
520	0.08225660771131516	0.11128232628107071	0.4674193561077118
521	0.0812557116150856	0.11131072044372559	0.46764805912971497
522	0.0817897766828537	0.11133948713541031	0.467781662940979
523	0.08143413811922073	0.11136728525161743	0.4676750600337982
524	0.08167300373315811	0.11140064150094986	0.4673808217048645
525	0.08161552250385284	0.11138157546520233	0.4672311842441559
526	0.08204085379838943	0.11133720725774765	0.46721357107162476
527	0.08096374571323395	0.11129599809646606	0.4673500657081604
528	0.08192513883113861	0.11126713454723358	0.46780455112457275
529	0.0809185653924942	0.11118682473897934	0.46846723556518555
530	0.08127201348543167	0.11113231629133224	0.4692102372646332
531	0.08150830119848251	0.11109558492898941	0.46981561183929443
532	0.08128846436738968	0.11107593774795532	0.47026023268699646
533	0.08090388029813766	0.11103402823209763	0.4704168736934662
534	0.08100768178701401	0.11098768562078476	0.47042912244796753
535	0.08122477680444717	0.11094378679990768	0.4704288840293884
536	0.08089005947113037	0.11093524098396301	0.47024083137512207
537	0.08106370270252228	0.11090701818466187	0.47007179260253906
538	0.08101135492324829	0.11090094596147537	0.46987801790237427
539	0.08031772822141647	0.1109040156006813	0.46988987922668457
540	0.08076700568199158	0.11095964163541794	0.4699029326438904
541	0.08085836470127106	0.11096867173910141	0.47012031078338623
542	0.08075632899999619	0.11096098273992538	0.47043323516845703
543	0.08040577173233032	0.11098314821720123	0.47066569328308105
544	0.08056974411010742	0.11104027181863785	0.4708741307258606
545	0.08010949194431305	0.11107746511697769	0.47085675597190857
546	0.08025550842285156	0.11103281378746033	0.47098979353904724
547	0.0798024833202362	0.1109318733215332	0.4712376296520233
548	0.07997392117977142	0.11085112392902374	0.4716664254665375
549	0.08057394623756409	0.11082673817873001	0.4719824492931366
550	0.08078692108392715	0.11078507453203201	0.47208940982818604
551	0.07952232658863068	0.11074298620223999	0.47218626737594604
552	0.07982102781534195	0.11074983328580856	0.47247686982154846
553	0.08012056350708008	0.11073315888643265	0.47285911440849304
554	0.07960192114114761	0.11074245721101761	0.473221093416214
555	0.07993818819522858	0.11065208166837692	0.4735511541366577
556	0.08031255751848221	0.11057596653699875	0.4737962484359741
557	0.08061565458774567	0.11051659286022186	0.4737585484981537
558	0.07995031774044037	0.1104493960738182	0.4735463559627533
559	0.07992386817932129	0.11042322218418121	0.4733685851097107
560	0.07917913794517517	0.11046534031629562	0.4732115566730499
561	0.07945789396762848	0.11052857339382172	0.47317707538604736
562	0.07995329797267914	0.11058397591114044	0.47341394424438477
563	0.079412080347538	0.1105826273560524	0.4739484488964081
564	0.07946250587701797	0.11057905852794647	0.47463086247444153
565	0.07932426780462265	0.11051949113607407	0.4752245545387268
566	0.07885044068098068	0.11047887802124023	0.4757639467716217
567	0.07885782420635223	0.11044969409704208	0.47617292404174805
568	0.07902036607265472	0.11041268706321716	0.4761791527271271
569	0.07929012179374695	0.11034421622753143	0.476077675819397
570	0.07836252450942993	0.1103174239397049	0.47579509019851685
571	0.07867913693189621	0.11029361188411713	0.4756482243537903
572	0.07880952209234238	0.11026876419782639	0.4756366014480591
573	0.07883135974407196	0.1102985367178917	0.475588321685791
574	0.07853289693593979	0.11031302064657211	0.4755312502384186
575	0.07890238612890244	0.11036551743745804	0.4754827916622162
576	0.07870297133922577	0.11043787747621536	0.47543442249298096
577	0.07868634164333344	0.11048109084367752	0.47544485330581665
578	0.07876716554164886	0.11050253361463547	0.475483775138855
579	0.07861991971731186	0.110512875020504	0.47538140416145325
580	0.07844145596027374	0.11052604019641876	0.47522950172424316
581	0.07878541946411133	0.11059921979904175	0.4750983715057373
582	0.07824937254190445	0.11058712005615234	0.475128710269928
583	0.07827133685350418	0.11052359640598297	0.47525539994239807
584	0.07837605476379395	0.11044313758611679	0.47559019923210144
585	0.07776001840829849	0.11045213043689728	0.4761239290237427
586	0.07847496122121811	0.1104993149638176	0.47662782669067383
587	0.07796445488929749	0.11052515357732773	0.47690239548683167
588	0.07821199297904968	0.11056472361087799	0.47681596875190735
589	0.07777495682239532	0.11050757020711899	0.47662463784217834
590	0.07842790335416794	0.11040982604026794	0.4764651358127594
591	0.07845048606395721	0.11025043576955795	0.4767110049724579
592	0.07826128602027893	0.1100766584277153	0.4773297607898712
593	0.07808884233236313	0.10991161316633224	0.47825250029563904
594	0.0782758817076683	0.1098179817199707	0.479088693857193
595	0.07781286537647247	0.109832763671875	0.4794376492500305
596	0.07736986130475998	0.10986573249101639	0.47960010170936584
597	0.07788586616516113	0.10995585471391678	0.47949373722076416
598	0.07757250219583511	0.11006394028663635	0.4793843626976013
599	0.07744120806455612	0.11010528355836868	0.47953447699546814
600	0.07790397852659225	0.11010441929101944	0.4795849919319153
601	0.07760933041572571	0.11011387407779694	0.4794330298900604
602	0.07751889526844025	0.11010444164276123	0.479174941778183
603	0.07655299454927444	0.11009187251329422	0.47907525300979614
604	0.07705604285001755	0.11000678688287735	0.4792143404483795
605	0.07678869366645813	0.10985008627176285	0.4795789420604706
606	0.077296681702137	0.10970741510391235	0.4799937903881073
607	0.07722785323858261	0.10964441299438477	0.48018884658813477
608	0.0773412361741066	0.10963573306798935	0.4802718758583069
609	0.07607080042362213	0.10967151075601578	0.4803006649017334
610	0.07646572589874268	0.10970016568899155	0.48035770654678345
611	0.07650149613618851	0.10975469648838043	0.48040640354156494
612	0.07683542370796204	0.10988318920135498	0.4802093803882599
613	0.07691856473684311	0.11007575690746307	0.4798598289489746
614	0.0769355371594429	0.11017927527427673	0.47953203320503235
615	0.07688497751951218	0.11018071323633194	0.47923409938812256
616	0.0763431116938591	0.1100720465183258	0.4793053865432739
617	0.07667699456214905	0.10995512455701828	0.4797718822956085
618	0.07670743018388748	0.10986312478780746	0.4803704619407654
619	0.07679475098848343	0.10977689921855927	0.48098477721214294
620	0.07592123746871948	0.10964801907539368	0.48150309920310974
621	0.07653779536485672	0.10961396992206573	0.4816741347312927
622	0.07596569508314133	0.10967990010976791	0.4815303385257721
623	0.07622028142213821	0.10973133146762848	0.48151272535324097
624	0.07582740485668182	0.10976375639438629	0.4815754294395447
625	0.07592932879924774	0.10981134325265884	0.48141735792160034
626	0.07567235827445984	0.10980581492185593	0.4811764359474182
627	0.07573021948337555	0.10978002846240997	0.4810422658920288
628	0.07592183351516724	0.10968409478664398	0.4810280203819275
629	0.07578739523887634	0.1095486506819725	0.4809609651565552
630	0.07604353129863739	0.10947310924530029	0.48110464215278625
631	0.07558046281337738	0.10948631912469864	0.4814457893371582
632	0.07559362053871155	0.10962062329053879	0.4818252623081207
633	0.07593309879302979	0.10986623913049698	0.482037216424942
634	0.07572946697473526	0.11009711027145386	0.4822741746902466
635	0.07610157132148743	0.11018070578575134	0.48242413997650146
636	0.07572005689144135	0.11011520028114319	0.48252370953559875
637	0.07571869343519211	0.11002077162265778	0.4825159013271332
638	0.07633581757545471	0.10984189063310623	0.4825068414211273
639	0.07521664351224899	0.10963380336761475	0.4825199246406555
640	0.0752653256058693	0.10945949703454971	0.4826373755931854
641	0.075084388256073	0.10933700948953629	0.4828983247280121
642	0.07449495047330856	0.10928656905889511	0.48322394490242004
643	0.07574084401130676	0.1093166172504425	0.4833375811576843
644	0.07558618485927582	0.10937690734863281	0.48345205187797546
645	0.07509376853704453	0.1094338670372963	0.48347920179367065
646	0.07501475512981415	0.10950199514627457	0.48337674140930176
647	0.07477888464927673	0.10957271605730057	0.4832574129104614
648	0.07490086555480957	0.10965584218502045	0.48313847184181213
649	0.07466541975736618	0.10973372310400009	0.48293566703796387
650	0.0749160572886467	0.10968533903360367	0.48298779129981995
651	0.07414448261260986	0.10955986380577087	0.4831979274749756
652	0.07465433329343796	0.10945329815149307	0.4836750030517578
653	0.07437542080879211	0.10939265787601471	0.48418930172920227
654	0.0748644694685936	0.10939610749483109	0.4846135973930359
655	0.07489120960235596	0.10940568894147873	0.48512014746665955
656	0.07413798570632935	0.10941056907176971	0.4854528307914734
657	0.07504800707101822	0.10942147672176361	0.48554322123527527
658	0.07472027093172073	0.10943969339132309	0.4854535460472107
659	0.07466203719377518	0.10946124792098999	0.4851466119289398
660	0.07389841228723526	0.1094733327627182	0.4848676919937134
661	0.0743357315659523	0.10947957634925842	0.48466768860816956
662	0.07382167875766754	0.10951653867959976	0.48459768295288086
663	0.07425203919410706	0.10950987786054611	0.4847452938556671
664	0.07379016280174255	0.10942728072404861	0.48526960611343384
665	0.07381195574998856	0.10935243964195251	0.48567715287208557
666	0.0735299289226532	0.10933476686477661	0.48587357997894287
667	0.0739506259560585	0.10933683067560196	0.4859040677547455
668	0.07380998879671097	0.10939745604991913	0.48569247126579285
669	0.07376428693532944	0.10945246368646622	0.4854762852191925
670	0.07369979470968246	0.10950073599815369	0.485385000705719
671	0.07371604442596436	0.10950107127428055	0.4854709506034851
672	0.07339239120483398	0.1094861850142479	0.4855683147907257
673	0.0737309679389	0.10943267494440079	0.48579972982406616
674	0.07327564805746078	0.10938845574855804	0.485932320356369
675	0.07375341653823853	0.10929200798273087	0.4860900342464447
676	0.07336080819368362	0.10919992625713348	0.48627957701683044
677	0.0733548030257225	0.10910692811012268	0.4864450991153717
678	0.07326748967170715	0.10901781916618347	0.4864802360534668
679	0.07335436344146729	0.10890383273363113	0.4865448772907257
680	0.07317099720239639	0.10889779776334763	0.48646408319473267
681	0.07318222522735596	0.10898229479789734	0.4864409565925598
682	0.07332296669483185	0.10906971991062164	0.4865749478340149
683	0.07314673066139221	0.10921181738376617	0.486784428358078
684	0.07315254956483841	0.10935301333665848	0.48700767755508423
685	0.07336065173149109	0.10945456475019455	0.48729437589645386
686	0.07339688390493393	0.10945884883403778	0.487504243850708
687	0.07330625504255295	0.1093669906258583	0.487712025642395
688	0.0727243721485138	0.10925061255693436	0.48777469992637634
689	0.07235240936279297	0.10911864787340164	0.4877230226993561
690	0.07237118482589722	0.10898366570472717	0.487632691860199
691	0.07298595458269119	0.1089123785495758	0.48738986253738403
692	0.07212990522384644	0.10892657935619354	0.4871622622013092
693	0.07288739830255508	0.10893768072128296	0.4871167838573456
694	0.07228020578622818	0.10900106281042099	0.4873881936073303
695	0.07227744162082672	0.1091020330786705	0.4877377152442932
696	0.07290073484182358	0.10916461795568466	0.48815974593162537
697	0.07234007865190506	0.10919037461280823	0.48833775520324707
698	0.07151921838521957	0.10917498916387558	0.4884408414363861
699	0.07236220687627792	0.10911817848682404	0.4885331094264984
700	0.0726482942700386	0.10900689661502838	0.488486647605896
701	0.0719994455575943	0.10892708599567413	0.488564133644104
702	0.07207448780536652	0.10889311134815216	0.4887348413467407
703	0.07228720933198929	0.10887757688760757	0.4889832139015198
704	0.07138177007436752	0.10888298600912094	0.4891476631164551
705	0.07189915329217911	0.10880843549966812	0.48945534229278564
706	0.07241075485944748	0.10877353698015213	0.4897445738315582
707	0.07158233970403671	0.10877333581447601	0.4901362955570221
708	0.0722736269235611	0.10883966833353043	0.4904710650444031
709	0.07230284810066223	0.10889194905757904	0.49068543314933777
710	0.07132420688867569	0.10891525447368622	0.4909026026725769
711	0.0715455710887909	0.1088847666978836	0.4909677505493164
712	0.07225023955106735	0.10872319340705872	0.4908619225025177
713	0.07069264352321625	0.10855447500944138	0.490677148103714
714	0.07147032767534256	0.10846026241779327	0.49058765172958374
715	0.07149604707956314	0.10844869911670685	0.4906333386898041
716	0.07139212638139725	0.10848094522953033	0.4908588230609894
717	0.07149284332990646	0.10857582837343216	0.49109047651290894
718	0.0713176429271698	0.10870745033025742	0.4913221299648285
719	0.07135450839996338	0.10887579619884491	0.49146509170532227
720	0.0714816227555275	0.10893166810274124	0.49149689078330994
721	0.07056140154600143	0.10892662405967712	0.49151062965393066
722	0.07139817625284195	0.10884040594100952	0.49158328771591187
723	0.07091298699378967	0.10872869938611984	0.4914948642253876
724	0.0704217180609703	0.10864158719778061	0.49146226048469543
725	0.07055540382862091	0.10855062305927277	0.4916415512561798
726	0.07122895866632462	0.10849345475435257	0.49189287424087524
727	0.06992749869823456	0.10849012434482574	0.49209049344062805
728	0.07055708765983582	0.10847032070159912	0.49231088161468506
729	0.07122869044542313	0.10843518376350403	0.4923349916934967
730	0.0705363005399704	0.10847830027341843	0.4923671782016754
731	0.070834681391716	0.10852021723985672	0.4923303723335266
732	0.06983152031898499	0.10859645158052444	0.49232012033462524
733	0.07002334296703339	0.10864989459514618	0.49249038100242615
734	0.06984910368919373	0.10871121287345886	0.492639422416687
735	0.07051721960306168	0.10878188163042068	0.4927903711795807
736	0.07093594968318939	0.10880716890096664	0.4928371012210846
737	0.07089509814977646	0.1087990403175354	0.493023544549942
738	0.0709146112203598	0.10869833081960678	0.49323171377182007
739	0.07045675069093704	0.10854850709438324	0.49330899119377136
740	0.07022351771593094	0.10842814296483994	0.49340853095054626
741	0.06927978992462158	0.10834993422031403	0.4936727285385132
742	0.06948693841695786	0.1083589643239975	0.49410346150398254
743	0.06987632811069489	0.10832002013921738	0.49454155564308167
744	0.07006841152906418	0.10827378928661346	0.494915634393692
745	0.06980815529823303	0.1082674041390419	0.4951261281967163
746	0.06899047642946243	0.10826858133077621	0.4952588975429535
747	0.0699811577796936	0.10822117328643799	0.4952736794948578
748	0.06964856386184692	0.10822068899869919	0.49514240026474
749	0.0692492127418518	0.1082611009478569	0.494971364736557
750	0.06970953196287155	0.10834052413702011	0.495087206363678
751	0.06925137341022491	0.10839956253767014	0.49519312381744385
752	0.0693477913737297	0.1084425151348114	0.49546903371810913
753	0.06904148310422897	0.10848569124937057	0.49576395750045776
754	0.0697450116276741	0.10845688730478287	0.4960024058818817
755	0.06890551745891571	0.10844708979129791	0.49618327617645264
756	0.06884386390447617	0.10839807987213135	0.49621129035949707
757	0.06926462054252625	0.10836657136678696	0.4960894286632538
758	0.06935456395149231	0.10828736424446106	0.49593958258628845
759	0.06920113414525986	0.1082221195101738	0.49563345313072205
760	0.07008306682109833	0.10816306620836258	0.4954759478569031
761	0.06831420212984085	0.10816629976034164	0.4953937828540802
762	0.06915116310119629	0.10818644613027573	0.4953062832355499
763	0.06888654083013535	0.10822664201259613	0.495503306388855
764	0.06980933994054794	0.10826433449983597	0.49576228857040405
765	0.06932733207941055	0.10829441994428635	0.49609071016311646
766	0.06931903213262558	0.10822735726833344	0.4964561462402344
767	0.06924230605363846	0.10809522122144699	0.49670156836509705
768	0.06891440600156784	0.1080041378736496	0.49690723419189453
769	0.06825442612171173	0.1079600378870964	0.49691614508628845
770	0.06832779943943024	0.10797451436519623	0.49697139859199524
771	0.0688890591263771	0.10800854861736298	0.49696531891822815
772	0.0692221149802208	0.10806101560592651	0.49702224135398865
773	0.0688202828168869	0.10811422765254974	0.4970908463001251
774	0.06928251683712006	0.1081230491399765	0.4971579611301422
775	0.06864657253026962	0.10812266916036606	0.4972632825374603
776	0.06810784339904785	0.10810887813568115	0.4975433349609375
777	0.06850622594356537	0.10809994488954544	0.49777892231941223
778	0.06807314604520798	0.10807743668556213	0.4978901445865631
779	0.06857268512248993	0.10803518444299698	0.49793681502342224
780	0.06817283481359482	0.1080222874879837	0.4979766011238098
781	0.0680040493607521	0.10797691345214844	0.49817949533462524
782	0.06809204816818237	0.10793416947126389	0.4985271692276001
783	0.06859634816646576	0.1078331246972084	0.49893060326576233
784	0.06803508847951889	0.1077643483877182	0.49931666254997253
785	0.06804010272026062	0.10766737908124924	0.499583899974823
786	0.06784935295581818	0.10758443176746368	0.49980106949806213
787	0.06753203272819519	0.10756940394639969	0.4999743103981018
788	0.06771063804626465	0.10757069289684296	0.500153124332428
789	0.06816184520721436	0.1075468584895134	0.5001482367515564
790	0.06764054298400879	0.10755206644535065	0.5001293420791626
791	0.06752458959817886	0.10758566111326218	0.4999622106552124
792	0.06829393655061722	0.10758083313703537	0.49978452920913696
793	0.06742091476917267	0.10766617208719254	0.4995570778846741
794	0.06865358352661133	0.10767775028944016	0.4992665648460388
795	0.06788034737110138	0.10768856108188629	0.4991273581981659
796	0.06790389865636826	0.10768093913793564	0.4992421567440033
797	0.06723276525735855	0.10763966292142868	0.49944013357162476
798	0.06735661625862122	0.10761148482561111	0.4996126592159271
799	0.06688529998064041	0.10765202343463898	0.4998704493045807
800	0.06702785193920135	0.10768119990825653	0.5002562999725342
801	0.06703972071409225	0.10771038383245468	0.5005795955657959
802	0.06717970222234726	0.10771969705820084	0.5008126497268677
803	0.0669255182147026	0.10767600685358047	0.5009363889694214
804	0.06731671839952469	0.10763281583786011	0.5010082721710205
805	0.06752924621105194	0.10756136476993561	0.50107342004776
806	0.06738746911287308	0.10751169919967651	0.5010996460914612
807	0.06689436733722687	0.10752815008163452	0.5011206865310669
808	0.06749261915683746	0.10755349695682526	0.5008900761604309
809	0.06740594655275345	0.10763140022754669	0.500697910785675
810	0.06685729324817657	0.107713982462883	0.5006759166717529
811	0.06753362715244293	0.10774105042219162	0.5007147192955017
812	0.06680888682603836	0.10773962736129761	0.5008894801139832
813	0.06633128225803375	0.10770700126886368	0.5011259913444519
814	0.06614266335964203	0.10762526094913483	0.5013957619667053
815	0.06684835255146027	0.10750424116849899	0.5017049908638
816	0.06622451543807983	0.10747533291578293	0.501905083656311
817	0.0669679269194603	0.10746998339891434	0.5019954442977905
818	0.06663639843463898	0.10745276510715485	0.502046525478363
819	0.06646133214235306	0.107418954372406	0.5020685195922852
820	0.06646555662155151	0.10734566301107407	0.5020654201507568
821	0.06616753339767456	0.10728603601455688	0.5021677613258362
822	0.0663360208272934	0.10733924806118011	0.5022954940795898
823	0.06676873564720154	0.10740253329277039	0.502366840839386
824	0.06576505303382874	0.10746835172176361	0.5024832487106323
825	0.06638582795858383	0.10750234872102737	0.5025977492332458
826	0.06554713100194931	0.10751953721046448	0.5027366876602173
827	0.06630020588636398	0.10754857957363129	0.5029334425926208
828	0.06566795706748962	0.10747817903757095	0.5030457377433777
829	0.06582802534103394	0.10734725743532181	0.5031911730766296
830	0.06650668382644653	0.10717527568340302	0.5032974481582642
831	0.06615463644266129	0.10707492381334305	0.503410816192627
832	0.06610971689224243	0.10703810304403305	0.5036410093307495
833	0.06542957574129105	0.1070738136768341	0.5038581490516663
834	0.06550084054470062	0.10713130235671997	0.5039411783218384
835	0.06621349602937698	0.10720034688711166	0.5040501356124878
836	0.06559447944164276	0.10726821422576904	0.5040040612220764
837	0.06572727859020233	0.10733060538768768	0.5039591193199158
838	0.06451407074928284	0.10734225064516068	0.504004955291748
839	0.0653638020157814	0.10731679946184158	0.5041618347167969
840	0.0657527819275856	0.1072530597448349	0.5043702125549316
841	0.06569761037826538	0.10726261138916016	0.5044784545898438
842	0.0646461769938469	0.10728070139884949	0.5046216249465942
843	0.06498997658491135	0.10729024559259415	0.5049957633018494
844	0.06590315699577332	0.10724229365587234	0.505224883556366
845	0.06555648893117905	0.10718915611505508	0.5054149627685547
846	0.06465358287096024	0.1071443259716034	0.5055109858512878
847	0.0644705519080162	0.10710663348436356	0.5056926608085632
848	0.06523625552654266	0.1070624366402626	0.5058252811431885
849	0.06418267637491226	0.10704313218593597	0.5058220624923706
850	0.06464637070894241	0.10703717917203903	0.5058549642562866
851	0.06525246798992157	0.1070151999592781	0.5058952569961548
852	0.06512581557035446	0.10702740401029587	0.506134569644928
853	0.06480300426483154	0.10705000907182693	0.5063904523849487
854	0.06472285091876984	0.10713887214660645	0.5065591931343079
855	0.0650145560503006	0.10726390033960342	0.5065449476242065
856	0.06448214501142502	0.10737068206071854	0.5066192150115967
857	0.06474233418703079	0.10742121189832687	0.5066053867340088
858	0.06501266360282898	0.1073671206831932	0.5065345168113708
859	0.06452011317014694	0.10727675259113312	0.5064347386360168
860	0.0642177015542984	0.10714122653007507	0.5061939358711243
861	0.06426233053207397	0.10705232620239258	0.5059084296226501
862	0.06417722254991531	0.1070379987359047	0.5057294368743896
863	0.06405701488256454	0.10699260234832764	0.5057896971702576
864	0.06442765146493912	0.10698430985212326	0.5060957074165344
865	0.06496310979127884	0.10696559399366379	0.5066360831260681
866	0.06492413580417633	0.10699428617954254	0.5072147846221924
867	0.06438395380973816	0.10698740929365158	0.5075538158416748
868	0.06436289101839066	0.10698124021291733	0.5077632069587708
869	0.06438742578029633	0.10692339390516281	0.507797122001648
870	0.06383807212114334	0.10684040188789368	0.5077153444290161
871	0.06404441595077515	0.10682651400566101	0.5078189373016357
872	0.0636335089802742	0.10683104395866394	0.5079639554023743
873	0.06454930454492569	0.10682743042707443	0.5081793069839478
874	0.06378696858882904	0.1068531796336174	0.5083011388778687
875	0.06357482075691223	0.10691129416227341	0.5083251595497131
876	0.06342165917158127	0.10692952573299408	0.5083200931549072
877	0.06352007389068604	0.1068798154592514	0.5083678960800171
878	0.06336188316345215	0.10684197396039963	0.5085489153862
879	0.06453287601470947	0.10679476708173752	0.5088826417922974
880	0.06343942135572433	0.10670987516641617	0.509139358997345
881	0.06344127655029297	0.10663920640945435	0.5093552470207214
882	0.06333305686712265	0.10652501881122589	0.5094618797302246
883	0.0633593425154686	0.10647296905517578	0.5094862580299377
884	0.06350740790367126	0.10648520290851593	0.5094005465507507
885	0.06340448558330536	0.10652932524681091	0.5096003413200378
886	0.0637974962592125	0.10653958469629288	0.5100858807563782
887	0.06320854276418686	0.10658974945545197	0.5105377435684204
888	0.06335928291082382	0.10665149241685867	0.5107817649841309
889	0.06337229907512665	0.10668020695447922	0.5110095739364624
890	0.06358655542135239	0.10669717192649841	0.5111295580863953
891	0.06298234313726425	0.10667058080434799	0.5110897421836853
892	0.06275879591703415	0.10658495873212814	0.5109438896179199
893	0.06345847249031067	0.10650840401649475	0.5108165144920349
894	0.06281699985265732	0.10646729171276093	0.5108111500740051
895	0.06342662125825882	0.10642815381288528	0.5107814073562622
896	0.06274699419736862	0.10640585422515869	0.5110487937927246
897	0.06336471438407898	0.1064426526427269	0.5114427804946899
898	0.0632876306772232	0.10646550357341766	0.5118935704231262
899	0.06282060593366623	0.10646922886371613	0.5122314691543579
900	0.06314683705568314	0.1064324751496315	0.5122841596603394
901	0.06222080439329147	0.10639733821153641	0.51205974817276
902	0.06323917955160141	0.10629750788211823	0.511731743812561
903	0.06262611597776413	0.10618725419044495	0.5116575956344604
904	0.06279812753200531	0.10609287768602371	0.5116819143295288
905	0.06296918541193008	0.10605429857969284	0.5119661092758179
906	0.06285125017166138	0.1060049831867218	0.5124558210372925
907	0.06243304908275604	0.10603179037570953	0.5130879282951355
908	0.061883434653282166	0.10612805932760239	0.5136674046516418
909	0.061596523970365524	0.10626531392335892	0.5140161514282227
910	0.06280454993247986	0.10631945729255676	0.5140721797943115
911	0.06281406432390213	0.10633552819490433	0.5137805938720703
912	0.06214481592178345	0.1062486544251442	0.5135092735290527
913	0.06254749000072479	0.10620873421430588	0.5130947828292847
914	0.062462687492370605	0.10618587583303452	0.5126957893371582
915	0.062160518020391464	0.10619553923606873	0.5124616622924805
916	0.061990514397621155	0.1062123104929924	0.5124300718307495
917	0.06216321140527725	0.10632074624300003	0.5125988125801086
918	0.06228748336434364	0.10642387717962265	0.5129358172416687
919	0.061924368143081665	0.1064726859331131	0.5132733583450317
920	0.06218696013092995	0.10646825283765793	0.5136706829071045
921	0.06202826276421547	0.10645641386508942	0.5139103531837463
922	0.061706770211458206	0.10633379966020584	0.514068067073822
923	0.06238853931427002	0.10620392858982086	0.5141968727111816
924	0.0619075670838356	0.106080062687397	0.5141991972923279
925	0.0614641010761261	0.10601773113012314	0.5140745043754578
926	0.0628659725189209	0.1060091033577919	0.5140912532806396
927	0.0615057535469532	0.10600743442773819	0.5142834186553955
928	0.06138975918292999	0.1060548797249794	0.5145072937011719
929	0.061577942222356796	0.10614053905010223	0.5147578120231628
930	0.061370570212602615	0.10625394433736801	0.5150121450424194
931	0.06170687824487686	0.10632336884737015	0.5152247548103333
932	0.06153019890189171	0.10635823756456375	0.515356719493866
933	0.06094493716955185	0.10631836950778961	0.5151615738868713
934	0.06091062352061272	0.1062164157629013	0.5149827003479004
935	0.06125521659851074	0.1060568317770958	0.5147071480751038
936	0.06135229393839836	0.10592512041330338	0.5145012140274048
937	0.06173921003937721	0.10588383674621582	0.5145624279975891
938	0.06155368313193321	0.1059008538722992	0.5147574543952942
939	0.06040370464324951	0.10592556744813919	0.5149564743041992
940	0.06073466315865517	0.10600689798593521	0.5153069496154785
941	0.06221112236380577	0.10605444014072418	0.5155476331710815
942	0.0620993934571743	0.10605259239673615	0.5157713890075684
943	0.06155278906226158	0.10606242716312408	0.5161191821098328
944	0.06140616908669472	0.10606836527585983	0.5163624882698059
945	0.06122263893485069	0.10601238161325455	0.5165308117866516
946	0.06148752570152283	0.10594934225082397	0.5166528224945068
947	0.061385441571474075	0.10589797794818878	0.516699492931366
948	0.06096465513110161	0.10588698089122772	0.5167068243026733
949	0.06035932898521423	0.10590346902608871	0.5165656208992004
950	0.06049281358718872	0.10594835877418518	0.5163289904594421
951	0.06108613684773445	0.10595384240150452	0.5160991549491882
952	0.060757409781217575	0.10595788061618805	0.5160176157951355
953	0.061356909573078156	0.10598103702068329	0.5160126090049744
954	0.06084471195936203	0.10602359473705292	0.5161076784133911
955	0.060784872621297836	0.10605105757713318	0.5163936018943787
956	0.06036568433046341	0.10601630061864853	0.51682448387146
957	0.06030939146876335	0.10596008598804474	0.5171293616294861
958	0.06081543490290642	0.10583658516407013	0.5173167586326599
959	0.06052981689572334	0.10577712953090668	0.517179548740387
960	0.060377296060323715	0.10573091357946396	0.5169877409934998
961	0.06098181754350662	0.10574069619178772	0.516976535320282
962	0.060521215200424194	0.10586366057395935	0.5169810056686401
963	0.059815797954797745	0.10600654780864716	0.5168818235397339
964	0.06050592660903931	0.10609560459852219	0.5168646574020386
965	0.06027618423104286	0.10610391944646835	0.5171079635620117
966	0.060065291821956635	0.10598105192184448	0.5174692869186401
967	0.06040063500404358	0.10581375658512115	0.5179803967475891
968	0.0602915920317173	0.10561351478099823	0.5184268355369568
969	0.05998232588171959	0.10544564574956894	0.5187524557113647
970	0.060235168784856796	0.10538509488105774	0.5189497470855713
971	0.05993424728512764	0.10534022003412247	0.5192158818244934
972	0.06053246557712555	0.10538523644208908	0.5193408131599426
973	0.05991048365831375	0.10542431473731995	0.5193256735801697
974	0.0601358562707901	0.1054823249578476	0.5192662477493286
975	0.060076624155044556	0.10555711388587952	0.5191790461540222
976	0.060140203684568405	0.10556728392839432	0.5192011594772339
977	0.060118287801742554	0.10562296956777573	0.5192223787307739
978	0.059982676059007645	0.10564781725406647	0.5192053318023682
979	0.06069313362240791	0.10560255497694016	0.519438624382019
980	0.05965476110577583	0.10550064593553543	0.5197629928588867
981	0.05955136567354202	0.10541467368602753	0.5200155377388
982	0.059936195611953735	0.10531296581029892	0.5201379656791687
983	0.05926293879747391	0.10526964068412781	0.5205115079879761
984	0.059586916118860245	0.10522263497114182	0.520902156829834
985	0.060132142156362534	0.10525236278772354	0.5212820172309875
986	0.05950794741511345	0.10531485080718994	0.5214904546737671
987	0.059720948338508606	0.10538739711046219	0.5215084552764893
988	0.05989723280072212	0.10539694130420685	0.5216462016105652
989	0.05923387408256531	0.10536753386259079	0.5216982364654541
990	0.05955161526799202	0.1053333431482315	0.5216152667999268
991	0.05943481624126434	0.10532133281230927	0.5213767886161804
992	0.059313561767339706	0.10528816282749176	0.5210154056549072
993	0.0591617152094841	0.10520937293767929	0.5208204388618469
994	0.05917523428797722	0.1051783487200737	0.5208316445350647
995	0.059715062379837036	0.10519133508205414	0.5209591388702393
996	0.05950239300727844	0.10520722717046738	0.521192193031311
997	0.05950393155217171	0.10520948469638824	0.521361231803894
998	0.05904940888285637	0.1052103266119957	0.5215654969215393
999	0.05955551564693451	0.10518068075180054	0.52195805311203
1000	0.05922774225473404	0.10514187812805176	0.5223296880722046
1001	0.05884742736816406	0.10506514459848404	0.5227771401405334
1002	0.05992545560002327	0.10501641035079956	0.5231234431266785
1003	0.05854618176817894	0.10499683767557144	0.5231565237045288
1004	0.058837682008743286	0.1049819365143776	0.5230217576026917
1005	0.05867554247379303	0.10491050779819489	0.5229393839836121
1006	0.05913630127906799	0.10486952215433121	0.5227439403533936
1007	0.05886756256222725	0.1048666462302208	0.5225047469139099
1008	0.059462014585733414	0.10488870739936829	0.5222855806350708
1009	0.058718789368867874	0.10496634989976883	0.5222434401512146
1010	0.05874759331345558	0.10509604960680008	0.5223029851913452
1011	0.05892351642251015	0.10521585494279861	0.5224272012710571
1012	0.05902976170182228	0.10528223216533661	0.5226765871047974
1013	0.05868952348828316	0.10529651492834091	0.5228925347328186
1014	0.05832377076148987	0.10522741079330444	0.5230512619018555
1015	0.058620598167181015	0.10515179485082626	0.52325838804245
1016	0.05830975994467735	0.10509243607521057	0.5233522057533264
1017	0.05832215026021004	0.10499770194292068	0.523369550704956
1018	0.058177657425403595	0.10491614043712616	0.5233126282691956
1019	0.05826861783862114	0.1048184409737587	0.5233858227729797
1020	0.05899100378155708	0.10472942888736725	0.5233947038650513
1021	0.05844830721616745	0.1046982929110527	0.523398220539093
1022	0.05837306007742882	0.10475722700357437	0.5233213305473328
1023	0.05750493332743645	0.10488280653953552	0.5231196284294128
1024	0.05702062323689461	0.10503973811864853	0.5230805277824402
1025	0.058211520314216614	0.10519091784954071	0.5230180025100708
1026	0.0586395338177681	0.10521987825632095	0.5229495167732239
1027	0.05875691398978233	0.10515854507684708	0.5229763388633728
1028	0.058247391134500504	0.10505151748657227	0.5232702493667603
1029	0.058117493987083435	0.10494138300418854	0.5235507488250732
1030	0.05852837488055229	0.10484682768583298	0.5236074924468994
1031	0.05742938444018364	0.1048445776104927	0.5236932039260864
1032	0.05767005681991577	0.10489540547132492	0.5237754583358765
1033	0.05761270597577095	0.10493586212396622	0.5238809585571289
1034	0.058534860610961914	0.10498877614736557	0.5241186618804932
1035	0.057852085679769516	0.10501516610383987	0.5241527557373047
1036	0.05836741253733635	0.10505993664264679	0.5239373445510864
1037	0.05807504430413246	0.10500647127628326	0.5235738754272461
1038	0.05777716636657715	0.10494761914014816	0.5233750343322754
1039	0.05861905589699745	0.10493945330381393	0.5231937766075134
1040	0.05722467973828316	0.10493042320013046	0.5235519409179688
1041	0.05765844136476517	0.10489261150360107	0.5241138935089111
1042	0.05757131800055504	0.1048547551035881	0.5246946811676025
1043	0.05701063945889473	0.1048136055469513	0.525251567363739
1044	0.05752081423997879	0.10482978075742722	0.5257022380828857
1045	0.057767145335674286	0.10488560795783997	0.5259163975715637
1046	0.05749933794140816	0.10485627502202988	0.5259685516357422
1047	0.057394787669181824	0.10477880388498306	0.5257057547569275
1048	0.0574871227145195	0.10470888763666153	0.5251163244247437
1049	0.05739819258451462	0.10471583157777786	0.5245772004127502
1050	0.05792408064007759	0.10473742336034775	0.5244338512420654
1051	0.056246403604745865	0.1047695055603981	0.5247945189476013
1052	0.05709187313914299	0.10479707270860672	0.5256079435348511
1053	0.057470887899398804	0.10478665679693222	0.5265066623687744
1054	0.05677320435643196	0.1047322228550911	0.5272731184959412
1055	0.057853084057569504	0.10462556034326553	0.5278487205505371
1056	0.057412952184677124	0.10453082621097565	0.5279972553253174
1057	0.05713209509849548	0.10446273535490036	0.5277345180511475
1058	0.056912440806627274	0.10443512350320816	0.527318000793457
1059	0.05797916278243065	0.10442232340574265	0.526770830154419
1060	0.05706097185611725	0.10444821417331696	0.5262296795845032
1061	0.057183414697647095	0.10451012849807739	0.525933563709259
1062	0.057725172489881516	0.1045885905623436	0.5256503820419312
1063	0.057007089257240295	0.10467483848333359	0.5258421897888184
1064	0.05650477856397629	0.1047583669424057	0.5263029932975769
1065	0.05658264830708504	0.10481925308704376	0.5267379879951477
1066	0.05704950913786888	0.1048167422413826	0.5274329781532288
1067	0.05756115913391113	0.1047503650188446	0.5279228091239929
1068	0.05703331157565117	0.10461542010307312	0.5281637907028198
1069	0.05737247318029404	0.10447806864976883	0.5283491015434265
1070	0.05710633471608162	0.1043805405497551	0.5283979773521423
1071	0.05660683289170265	0.1043274849653244	0.5281419157981873
1072	0.0567912794649601	0.10434512048959732	0.5278030633926392
1073	0.05670531466603279	0.10436500608921051	0.5274240970611572
1074	0.05632458254694939	0.10446009039878845	0.5270566344261169
1075	0.05635572597384453	0.10459607094526291	0.5267583131790161
1076	0.05755291134119034	0.10470221191644669	0.5267321467399597
1077	0.0559774786233902	0.1047428622841835	0.526913583278656
1078	0.05601612851023674	0.10477791726589203	0.5271514654159546
1079	0.056907061487436295	0.1047622412443161	0.5275364518165588
1080	0.056322187185287476	0.10476361960172653	0.5278826355934143
1081	0.056178200989961624	0.10474070906639099	0.5280717015266418
1082	0.05651238188147545	0.10467629879713058	0.5281394720077515
1083	0.056583844125270844	0.1046067550778389	0.528233528137207
1084	0.05643586069345474	0.10456488281488419	0.5285326242446899
1085	0.05626363307237625	0.10453425347805023	0.5287978649139404
1086	0.0559200756251812	0.10451547801494598	0.5289917588233948
1087	0.05647249519824982	0.10452202707529068	0.5291607975959778
1088	0.05597689375281334	0.10446235537528992	0.5293580293655396
1089	0.056901685893535614	0.10442333668470383	0.5293933749198914
1090	0.05581677332520485	0.10441774129867554	0.5293038487434387
1091	0.05544427037239075	0.10443480312824249	0.529106855392456
1092	0.05585407093167305	0.10442295670509338	0.528948962688446
1093	0.056046634912490845	0.10441305488348007	0.5291077494621277
1094	0.05644885078072548	0.10439403355121613	0.5293017625808716
1095	0.05687520280480385	0.10436820238828659	0.5296009182929993
1096	0.05620663985610008	0.10434310138225555	0.529852569103241
1097	0.056252121925354004	0.10427173972129822	0.5299602746963501
1098	0.055892463773489	0.10424213111400604	0.5298917889595032
1099	0.056395046412944794	0.10424190759658813	0.5296804308891296
1100	0.05544787645339966	0.10424786061048508	0.5293733477592468
1101	0.056189753115177155	0.10428255796432495	0.5292450785636902
1102	0.05613618716597557	0.10432431846857071	0.5293025374412537
1103	0.056423209607601166	0.10429661720991135	0.5296236276626587
1104	0.05509679764509201	0.10428965091705322	0.530213475227356
1105	0.05591841787099838	0.10428132116794586	0.5306347012519836
1106	0.05597608909010887	0.10428809374570847	0.5309649705886841
1107	0.05559135600924492	0.10428494960069656	0.5309273600578308
1108	0.05641985312104225	0.10422644019126892	0.5307544469833374
1109	0.05541599914431572	0.10416889935731888	0.5305167436599731
1110	0.055551402270793915	0.1040874645113945	0.530283510684967
1111	0.05537355691194534	0.10402265191078186	0.5300763845443726
1112	0.055164579302072525	0.10398896038532257	0.5301470160484314
1113	0.056196071207523346	0.10400205105543137	0.5302634835243225
1114	0.05624043196439743	0.1040465384721756	0.5305796265602112
1115	0.05587603896856308	0.10414713621139526	0.5309836864471436
1116	0.05556055158376694	0.10424269735813141	0.5313944220542908
1117	0.056815456598997116	0.1043134555220604	0.5315648317337036
1118	0.05408203601837158	0.10440108925104141	0.5314395427703857
1119	0.05568801984190941	0.1043715626001358	0.5312994122505188
1120	0.05462413653731346	0.10424210876226425	0.5309524536132812
1121	0.05539877712726593	0.10405649989843369	0.5306558609008789
1122	0.05528225749731064	0.10393193364143372	0.530323326587677
1123	0.05526042729616165	0.10384437441825867	0.5303291082382202
1124	0.055236008018255234	0.10380224138498306	0.5307945609092712
1125	0.055217646062374115	0.10385041683912277	0.5314539074897766
1126	0.055382728576660156	0.10394313186407089	0.5323396325111389
1127	0.0549808107316494	0.10402019321918488	0.5330418348312378
1128	0.056399308145046234	0.10408075898885727	0.5335016846656799
1129	0.05576306954026222	0.10413341969251633	0.5337338447570801
1130	0.05472603067755699	0.1040898934006691	0.5336354374885559
1131	0.054558224976062775	0.10403405129909515	0.5333250761032104
1132	0.05507494881749153	0.10394351929426193	0.5330935716629028
1133	0.054963432252407074	0.10385874658823013	0.5329974889755249
1134	0.054949093610048294	0.10373012721538544	0.5330490469932556
1135	0.05546029657125473	0.10363887995481491	0.5333248972892761
1136	0.055552758276462555	0.10361702740192413	0.533595621585846
1137	0.055030789226293564	0.10365895181894302	0.5340535044670105
1138	0.054477568715810776	0.10369351506233215	0.5344016551971436
1139	0.05483665689826012	0.10367627441883087	0.5346589684486389
1140	0.054693177342414856	0.10369689762592316	0.5346639156341553
1141	0.05488036572933197	0.10370440781116486	0.5342336893081665
1142	0.054378047585487366	0.10374536365270615	0.5337105393409729
1143	0.05465773120522499	0.10379800200462341	0.5332126617431641
1144	0.055313967168331146	0.10385145992040634	0.5329071283340454
1145	0.05416274815797806	0.10390432178974152	0.5328649878501892
1146	0.05470442399382591	0.1038944274187088	0.5329786539077759
1147	0.05454105883836746	0.1038135439157486	0.5332331657409668
1148	0.0551656112074852	0.1036955937743187	0.5335591435432434
1149	0.0546056367456913	0.10359328240156174	0.5341097712516785
1150	0.05475557968020439	0.10356485098600388	0.5344544649124146
1151	0.05425640568137169	0.10353989899158478	0.5347713232040405
1152	0.05480566620826721	0.10351807624101639	0.5348004102706909
1153	0.053997304290533066	0.10353267937898636	0.5348150134086609
1154	0.054502904415130615	0.10352587699890137	0.5348464846611023
1155	0.05411664769053459	0.1034984290599823	0.5348992347717285
1156	0.05434342473745346	0.10348442941904068	0.5348629355430603
1157	0.05398334562778473	0.10350365191698074	0.534757137298584
1158	0.0537104532122612	0.10356277227401733	0.5346805453300476
1159	0.0543103888630867	0.10366871953010559	0.5347151756286621
1160	0.053982704877853394	0.10378193110227585	0.5349584221839905
1161	0.054378435015678406	0.10390709340572357	0.5350775718688965
1162	0.054272331297397614	0.10394559055566788	0.5352498292922974
1163	0.05505012348294258	0.10385306179523468	0.5353659391403198
1164	0.05390606448054314	0.10368761420249939	0.535454273223877
1165	0.054454583674669266	0.10355265438556671	0.5352680087089539
1166	0.054223738610744476	0.10344406962394714	0.5351356863975525
1167	0.054315127432346344	0.10336582362651825	0.5349622368812561
1168	0.05398806184530258	0.10331876575946808	0.5351101160049438
1169	0.053831569850444794	0.10330481082201004	0.5355350971221924
1170	0.05373416468501091	0.10332784056663513	0.535758912563324
1171	0.053473714739084244	0.10339502990245819	0.5359313488006592
1172	0.053949277848005295	0.1035195142030716	0.5357654094696045
1173	0.053863897919654846	0.10361900925636292	0.5355806350708008
1174	0.05446150153875351	0.10369136929512024	0.5352301001548767
1175	0.05401714891195297	0.10377752035856247	0.5348038673400879
1176	0.05384500324726105	0.10382299870252609	0.5344086289405823
1177	0.054043903946876526	0.1038767471909523	0.5340905785560608
1178	0.05432542786002159	0.10381778329610825	0.5341320037841797
1179	0.05426422134041786	0.10374453663825989	0.534332811832428
1180	0.05374680459499359	0.10359139740467072	0.5347283482551575
1181	0.05358317121863365	0.10343143343925476	0.5353145003318787
1182	0.05315935239195824	0.10332614183425903	0.5357974171638489
1183	0.053607236593961716	0.10323696583509445	0.5362815856933594
1184	0.053144749253988266	0.10316640883684158	0.5367315411567688
1185	0.05332491546869278	0.10316284745931625	0.5368859767913818
1186	0.05317525193095207	0.10319001227617264	0.5369853973388672
1187	0.05311562865972519	0.10325909405946732	0.5370364785194397
1188	0.054485023021698	0.10333434492349625	0.5368107557296753
1189	0.053511690348386765	0.10340303927659988	0.5365063548088074
1190	0.053765423595905304	0.1034524068236351	0.536000669002533
1191	0.05410441383719444	0.10345005244016647	0.53553307056427
1192	0.05357135459780693	0.10342483222484589	0.5353979468345642
1193	0.05307909473776817	0.10338804125785828	0.5355216264724731
1194	0.053322162479162216	0.10336093604564667	0.5358505249023438
1195	0.0541556216776371	0.10334181040525436	0.5363022685050964
1196	0.05319870263338089	0.10333765298128128	0.536697506904602
1197	0.05338132753968239	0.103288434445858	0.5370669364929199
1198	0.053530797362327576	0.10325869172811508	0.537344217300415
1199	0.053445640951395035	0.10319320112466812	0.5374191403388977
1200	0.053267139941453934	0.10312656313180923	0.5377909541130066
1201	0.05303327366709709	0.10308916866779327	0.5380412936210632
1202	0.05286288261413574	0.10305959731340408	0.5384331941604614
1203	0.052802685648202896	0.10302748531103134	0.5388129949569702
1204	0.05322953686118126	0.10301101207733154	0.5388564467430115
1205	0.053309302777051926	0.10298635065555573	0.5389558672904968
1206	0.053808726370334625	0.10293888300657272	0.5388144254684448
1207	0.05257919803261757	0.1029391959309578	0.5385439395904541
1208	0.05356190726161003	0.10292375832796097	0.5383694171905518
1209	0.0532669872045517	0.10290055721998215	0.5383926630020142
1210	0.0520799458026886	0.10288218408823013	0.538342297077179
1211	0.052949458360672	0.10290715843439102	0.5382723212242126
1212	0.05274820700287819	0.10296295583248138	0.5380594730377197
1213	0.05289508402347565	0.10299673676490784	0.5379619598388672
1214	0.052593979984521866	0.10298600792884827	0.5380722880363464
1215	0.05311787500977516	0.10293731093406677	0.5383058786392212
1216	0.05195065960288048	0.10290146619081497	0.5387970805168152
1217	0.0535619780421257	0.10292388498783112	0.5392792224884033
1218	0.052239593118429184	0.10298120975494385	0.539655327796936
1219	0.05298416689038277	0.10301660746335983	0.5397371053695679
1220	0.05241548642516136	0.10307096689939499	0.5396583080291748
1221	0.05411545932292938	0.10311481356620789	0.5392480492591858
1222	0.053421467542648315	0.10318414866924286	0.5386059284210205
1223	0.052160851657390594	0.10320618003606796	0.5382333397865295
1224	0.05250377580523491	0.10314083099365234	0.5383262634277344
1225	0.052884541451931	0.1030585989356041	0.5385874509811401
1226	0.05305761843919754	0.10301929712295532	0.5388426184654236
1227	0.05240737274289131	0.10301252454519272	0.5391169786453247
1228	0.052471406757831573	0.10307343304157257	0.5392510294914246
1229	0.05214018374681473	0.10308701545000076	0.539360523223877
1230	0.05250925198197365	0.1030871570110321	0.5394869446754456
1231	0.0517113171517849	0.10308633744716644	0.5393908023834229
1232	0.05192311480641365	0.10308048874139786	0.539017379283905
1233	0.05320659279823303	0.10306978225708008	0.5385597944259644
1234	0.05237407237291336	0.10304811596870422	0.5384116768836975
1235	0.0525587722659111	0.10299164056777954	0.538689911365509
1236	0.05274815112352371	0.10292688012123108	0.5394011735916138
1237	0.05213622748851776	0.10289213806390762	0.5401980876922607
1238	0.05292285233736038	0.10286109149456024	0.540913999080658
1239	0.052496764808893204	0.10280091315507889	0.541444718837738
1240	0.051885079592466354	0.10272682458162308	0.5417258143424988
1241	0.05222390219569206	0.10269638895988464	0.5414044260978699
1242	0.05197640135884285	0.10269572585821152	0.5409128069877625
1243	0.052208803594112396	0.10273333638906479	0.540296196937561
1244	0.052108678966760635	0.10276123881340027	0.5397337675094604
1245	0.05174984037876129	0.10277718305587769	0.5397290587425232
1246	0.05200476199388504	0.10279245674610138	0.5399852395057678
1247	0.052720289677381516	0.10284991562366486	0.540155291557312
1248	0.05202401429414749	0.10288432985544205	0.5403020977973938
1249	0.05172949656844139	0.10285921394824982	0.54049152135849
1250	0.051892299205064774	0.10281974077224731	0.5406107306480408
1251	0.051386140286922455	0.10272329300642014	0.5407477617263794
1252	0.05144914612174034	0.10260052978992462	0.5410916209220886
1253	0.05217953771352768	0.10250082612037659	0.5414731502532959
1254	0.05160257965326309	0.10249209403991699	0.5419237613677979
1255	0.05166654661297798	0.10256548970937729	0.542104184627533
1256	0.05266684293746948	0.10263589024543762	0.5420284867286682
1257	0.052133891731500626	0.102653868496418	0.5418442487716675
1258	0.05155268684029579	0.10268900543451309	0.5415259599685669
1259	0.052185118198394775	0.10272505134344101	0.5411132574081421
1260	0.05154196545481682	0.10275432467460632	0.5410412549972534
1261	0.0516231544315815	0.10272720456123352	0.5412465929985046
1262	0.052661336958408356	0.1027129665017128	0.5415481925010681
1263	0.05200989171862602	0.10271109640598297	0.5417463183403015
1264	0.05158966779708862	0.10265487432479858	0.5421597361564636
1265	0.052257198840379715	0.1025676503777504	0.5423567295074463
1266	0.051724646240472794	0.10252031683921814	0.54222571849823
1267	0.052064698189496994	0.10249270498752594	0.5420638918876648
1268	0.05170521140098572	0.10243996232748032	0.5422555804252625
1269	0.05207597464323044	0.10237109661102295	0.5426207780838013
1270	0.05182613804936409	0.1023588627576828	0.5428064465522766
1271	0.051275767385959625	0.10238013416528702	0.5429919362068176
1272	0.051606375724077225	0.10241975635290146	0.5431495308876038
1273	0.0512707456946373	0.10252773761749268	0.5431286692619324
1274	0.05181156098842621	0.10261254757642746	0.5428357720375061
1275	0.05172964558005333	0.1026485413312912	0.5423699617385864
1276	0.05213829502463341	0.10255981981754303	0.5423349738121033
1277	0.051711734384298325	0.10238922387361526	0.5427768230438232
1278	0.051103170961141586	0.10223495960235596	0.5435029864311218
1279	0.05150919035077095	0.10223155468702316	0.543971836566925
1280	0.05206969380378723	0.10229095816612244	0.5441356897354126
1281	0.052148837596178055	0.10235211998224258	0.5442731380462646
1282	0.05086011067032814	0.10246998071670532	0.5444332361221313
1283	0.05079863965511322	0.10264463722705841	0.5441823601722717
1284	0.05167689919471741	0.102739617228508	0.5436673760414124
1285	0.05093104764819145	0.10270895808935165	0.5430310964584351
1286	0.051479507237672806	0.10263440012931824	0.5425397157669067
1287	0.05147670954465866	0.10256939381361008	0.5422514081001282
1288	0.05115586519241333	0.10249090939760208	0.542363166809082
1289	0.050284385681152344	0.10245371609926224	0.5426099896430969
1290	0.05121508985757828	0.10241907089948654	0.5430985689163208
1291	0.050736941397190094	0.10242360085248947	0.5436010360717773
1292	0.05096300318837166	0.10245857387781143	0.5438990592956543
1293	0.05067044496536255	0.10248493403196335	0.5441269278526306
1294	0.05184637010097504	0.10247558355331421	0.5441579222679138
1295	0.05048621818423271	0.10244764387607574	0.5440747737884521
1296	0.05057140067219734	0.10242901742458344	0.543954610824585
1297	0.0517442412674427	0.10238686203956604	0.5436745285987854
1298	0.05121318995952606	0.10234592854976654	0.5436511635780334
1299	0.051072392612695694	0.10228041559457779	0.5436930656433105
1300	0.05090487375855446	0.10218798369169235	0.54390949010849
1301	0.051070306450128555	0.10210491716861725	0.5443914532661438
1302	0.051020897924900055	0.10206510126590729	0.5447893142700195
1303	0.05080064758658409	0.10206297039985657	0.5450958013534546
1304	0.050577305257320404	0.10211556404829025	0.5450612902641296
1305	0.05138333886861801	0.10221956670284271	0.5449079275131226
1306	0.051073964685201645	0.1023097112774849	0.5446738004684448
1307	0.049998436123132706	0.10240741819143295	0.5442133545875549
1308	0.05054537579417229	0.10248129069805145	0.5438084006309509
1309	0.050114989280700684	0.1025608703494072	0.5430778861045837
1310	0.05122056603431702	0.10258025676012039	0.5426281094551086
1311	0.05049370974302292	0.10255388170480728	0.5425547361373901
1312	0.05077604576945305	0.10241970419883728	0.5430785417556763
1313	0.05044672265648842	0.10226906090974808	0.5440797209739685
1314	0.05030888319015503	0.10212550312280655	0.5451125502586365
1315	0.05057096853852272	0.10200531035661697	0.5457701683044434
1316	0.05034380033612251	0.1019468903541565	0.5462667942047119
1317	0.05045086890459061	0.10191597789525986	0.5461681485176086
1318	0.050336264073848724	0.10193748027086258	0.5458699464797974
1319	0.049724362790584564	0.1020364984869957	0.5454370975494385
1320	0.050035510212183	0.10213354974985123	0.5448582172393799
1321	0.0499299094080925	0.10225776582956314	0.5442975759506226
1322	0.049600470811128616	0.10232439637184143	0.5440881848335266
1323	0.04963316768407822	0.10231568664312363	0.5444484949111938
1324	0.05091756582260132	0.10224110633134842	0.5447772741317749
1325	0.0503833144903183	0.10216172784566879	0.5449641346931458
1326	0.0510006807744503	0.10210145264863968	0.5453453063964844
1327	0.050812143832445145	0.10205317288637161	0.5456506609916687
1328	0.0506397970020771	0.10198084264993668	0.5459357500076294
1329	0.050412602722644806	0.10189962387084961	0.5460833311080933
1330	0.05010693147778511	0.1018691286444664	0.5461274981498718
1331	0.05045405402779579	0.10191190987825394	0.545853853225708
1332	0.05001628398895264	0.10203144699335098	0.545092761516571
1333	0.04989513009786606	0.10208278149366379	0.5445310473442078
1334	0.04955406114459038	0.10203173011541367	0.5446340441703796
1335	0.05033496394753456	0.10193588584661484	0.5449844598770142
1336	0.050187110900878906	0.10183741897344589	0.5453870892524719
1337	0.049734048545360565	0.10178980231285095	0.5458553433418274
1338	0.050714824348688126	0.10177920013666153	0.5462406873703003
1339	0.04979462921619415	0.10180561244487762	0.5467821359634399
1340	0.049997903406620026	0.10189234465360641	0.5470048785209656
1341	0.04972269758582115	0.10201016813516617	0.5470541715621948
1342	0.04977894574403763	0.1021476462483406	0.5466646552085876
1343	0.04983773082494736	0.10228307545185089	0.5461621880531311
1344	0.05004939064383507	0.10229796916246414	0.5456852316856384
1345	0.050193604081869125	0.10222972929477692	0.5456455945968628
1346	0.04994005337357521	0.10207626223564148	0.545903742313385
1347	0.04927416518330574	0.10195203125476837	0.5460299253463745
1348	0.04954617843031883	0.10184614360332489	0.546017050743103
1349	0.050112009048461914	0.10178381949663162	0.5459368228912354
1350	0.04913778603076935	0.101760134100914	0.5457322001457214
1351	0.049070362001657486	0.10176064074039459	0.5457735657691956
1352	0.04927605763077736	0.10182031244039536	0.5456089973449707
1353	0.049676474183797836	0.10185911506414413	0.5459039211273193
1354	0.04956769198179245	0.10187400132417679	0.5462374687194824
1355	0.05005483701825142	0.10184545814990997	0.5467952489852905
1356	0.05140383914113045	0.10177882015705109	0.5475407242774963
1357	0.04948989301919937	0.10175401717424393	0.5482346415519714
1358	0.04937915503978729	0.10174701362848282	0.5485616326332092
1359	0.04996470361948013	0.10173539817333221	0.5485755205154419
1360	0.04925433173775673	0.10173738747835159	0.5483784079551697
1361	0.04922576993703842	0.1017417386174202	0.5476928949356079
1362	0.04999373480677605	0.10174889117479324	0.5469620227813721
1363	0.049164220690727234	0.10174897313117981	0.5461769700050354
1364	0.04943106323480606	0.10176433622837067	0.5456629395484924
1365	0.050001360476017	0.10177629441022873	0.5455485582351685
1366	0.049709174782037735	0.10174396634101868	0.5458402633666992
1367	0.049768589437007904	0.10170146077871323	0.5465173721313477
1368	0.049465570598840714	0.10170961171388626	0.547115683555603
1369	0.0494169145822525	0.10177887976169586	0.5477234721183777
1370	0.04964316636323929	0.10185959935188293	0.5482419729232788
1371	0.04991963505744934	0.10194786638021469	0.5483547449111938
1372	0.048865385353565216	0.10198204964399338	0.5480103492736816
1373	0.049345578998327255	0.1019565761089325	0.5473470091819763
1374	0.049943190068006516	0.10195232182741165	0.546403169631958
1375	0.04877132177352905	0.10194622725248337	0.5456571578979492
1376	0.04951617121696472	0.10187321156263351	0.5453223586082458
1377	0.05082959309220314	0.10181207209825516	0.5453741550445557
1378	0.04908175393939018	0.1017536073923111	0.5461166501045227
1379	0.04883131384849548	0.10170494019985199	0.5471633672714233
1380	0.04976678267121315	0.10164358466863632	0.5482208728790283
1381	0.04938787221908569	0.10163205116987228	0.5489906668663025
1382	0.04989384487271309	0.10168693959712982	0.5491775870323181
1383	0.04846994951367378	0.10173066705465317	0.5491099953651428
1384	0.04964975640177727	0.10175900906324387	0.5484609603881836
1385	0.04879409074783325	0.10175821185112	0.5476174354553223
1386	0.04977434128522873	0.10174716264009476	0.5468135476112366
1387	0.04869520664215088	0.10173732787370682	0.5462422370910645
1388	0.048623573035001755	0.10175984352827072	0.5458780527114868
1389	0.04936043173074722	0.10176588594913483	0.545939564704895
1390	0.049669329077005386	0.10174296051263809	0.5460887551307678
1391	0.049159299582242966	0.10171032696962357	0.5464962720870972
1392	0.049094829708337784	0.10175877809524536	0.5469377040863037
1393	0.04954162985086441	0.1018197238445282	0.5475121736526489
1394	0.04898740351200104	0.10190686583518982	0.5479258298873901
1395	0.04912624508142471	0.10197994858026505	0.5481062531471252
1396	0.049289535731077194	0.10199853032827377	0.5479808449745178
1397	0.04977179691195488	0.10201801359653473	0.5475267171859741
1398	0.049336355179548264	0.10205568373203278	0.5470070838928223
1399	0.049034301191568375	0.10202918946743011	0.5467347502708435
1400	0.04826205223798752	0.10199710726737976	0.5466077327728271
1401	0.04816494882106781	0.10188806056976318	0.5466447472572327
1402	0.04826616123318672	0.10181280970573425	0.5467146635055542
1403	0.04889347404241562	0.1017366424202919	0.5468766689300537
1404	0.04873523861169815	0.10171228647232056	0.5469983816146851
1405	0.04892931506037712	0.10170906782150269	0.5475095510482788
1406	0.0490611270070076	0.10172726958990097	0.5481921434402466
1407	0.04864388704299927	0.10179051011800766	0.5485683679580688
1408	0.049254145473241806	0.1018800362944603	0.5484309792518616
1409	0.048542410135269165	0.10193400084972382	0.5479022264480591
1410	0.04796820878982544	0.10203459858894348	0.5471291542053223
1411	0.0497194305062294	0.10207757353782654	0.5463019609451294
1412	0.048669811338186264	0.10211249440908432	0.5455455780029297
1413	0.04812675714492798	0.10212519019842148	0.5452088713645935
1414	0.04911152273416519	0.102157361805439	0.5449900031089783
1415	0.04859325662255287	0.10214553773403168	0.5451788306236267
1416	0.047267984598875046	0.10202646255493164	0.5459837317466736
1417	0.04854683205485344	0.10188540071249008	0.5468683838844299
1418	0.048183996230363846	0.10174408555030823	0.5478278398513794
1419	0.047997377812862396	0.10164979100227356	0.5483225584030151
1420	0.048477888107299805	0.10160356760025024	0.5484836101531982
1421	0.04913453757762909	0.10160430520772934	0.5486457943916321
1422	0.048034295439720154	0.10164450854063034	0.5487962365150452
1423	0.0481928326189518	0.101690873503685	0.5488700866699219
1424	0.04840279743075371	0.10170295089483261	0.5487845540046692
1425	0.04881422221660614	0.10172296315431595	0.5487286448478699
1426	0.04778066277503967	0.10171473026275635	0.5487108826637268
1427	0.0480487085878849	0.10167834907770157	0.5487837791442871
1428	0.048582740128040314	0.10157674551010132	0.5489157438278198
1429	0.04905727505683899	0.10146717727184296	0.5490051507949829
1430	0.048128291964530945	0.10140103101730347	0.5488278865814209
1431	0.047934018075466156	0.10136805474758148	0.5487220883369446
1432	0.04865287244319916	0.10134415328502655	0.548618495464325
1433	0.048675309866666794	0.1013093963265419	0.5487711429595947
1434	0.048551034182310104	0.10132968425750732	0.5489862561225891
1435	0.04801556095480919	0.10135510563850403	0.5491300821304321
1436	0.04844970256090164	0.10140903294086456	0.549504280090332
1437	0.049214452505111694	0.10144340246915817	0.5495495200157166
1438	0.047882962971925735	0.10145579278469086	0.5493727326393127
1439	0.04871319979429245	0.10147944837808609	0.5488248467445374
1440	0.04770538955926895	0.10152003914117813	0.5483887791633606
1441	0.048387639224529266	0.10158703476190567	0.5480877757072449
1442	0.048558853566646576	0.1016353890299797	0.5479567646980286
1443	0.04822779819369316	0.1016068309545517	0.548335611820221
1444	0.048502031713724136	0.10153753310441971	0.5488102436065674
1445	0.04916014149785042	0.10147401690483093	0.5492467880249023
1446	0.04780591279268265	0.10140052437782288	0.5496958494186401
1447	0.047292038798332214	0.1013449877500534	0.5500552654266357
1448	0.047757938504219055	0.10126452893018723	0.5502133965492249
1449	0.04832896590232849	0.10117275267839432	0.550288200378418
1450	0.04782342538237572	0.10116637498140335	0.5502411127090454
1451	0.047947484999895096	0.10119831562042236	0.5502166152000427
1452	0.04787834361195564	0.10124212503433228	0.5502598285675049
1453	0.048979926854372025	0.10128593444824219	0.5505614280700684
1454	0.047369588166475296	0.10131314396858215	0.5508890151977539
1455	0.047449991106987	0.10141060501337051	0.551086962223053
1456	0.047443028539419174	0.10157471895217896	0.5509210824966431
1457	0.04792765900492668	0.10171114653348923	0.5506884455680847
1458	0.048296213150024414	0.10178686678409576	0.5503586530685425
1459	0.04803995415568352	0.1017645075917244	0.5500938892364502
1460	0.04775776341557503	0.101724773645401	0.5497919917106628
1461	0.047713857144117355	0.10165473818778992	0.5494110584259033
1462	0.047775425016880035	0.10152602940797806	0.5491225123405457
1463	0.04801829531788826	0.10133740305900574	0.5494144558906555
1464	0.04783865064382553	0.10119996964931488	0.5496447086334229
1465	0.04736475273966789	0.10111256688833237	0.5500210523605347
1466	0.047275789082050323	0.10109182447195053	0.5504297018051147
1467	0.04838266596198082	0.10110577195882797	0.550731360912323
1468	0.04806961119174957	0.10113979876041412	0.5510777235031128
1469	0.047801319509744644	0.10118802636861801	0.5511266589164734
1470	0.04759267717599869	0.10124477744102478	0.5511255860328674
1471	0.04798047989606857	0.10128549486398697	0.5509330034255981
1472	0.04659314453601837	0.10123613476753235	0.5507829189300537
1473	0.04736495763063431	0.1011592373251915	0.5505711436271667
1474	0.04686814174056053	0.10114939510822296	0.5501951575279236
1475	0.047749996185302734	0.10111406445503235	0.550110399723053
1476	0.04709606617689133	0.10107496380805969	0.5502959489822388
1477	0.04812120646238327	0.10101309418678284	0.5510545969009399
1478	0.04788510128855705	0.10099384188652039	0.5517227053642273
1479	0.048316337168216705	0.10100126266479492	0.5523133277893066
1480	0.04644406586885452	0.10099488496780396	0.5527133345603943
1481	0.047997258603572845	0.10097973048686981	0.5528426170349121
1482	0.04702410101890564	0.10103917866945267	0.5524794459342957
1483	0.04803466796875	0.1010884940624237	0.5521575212478638
1484	0.04690562188625336	0.10109464824199677	0.5519373416900635
1485	0.04777761176228523	0.10105059295892715	0.5519959330558777
1486	0.04720838740468025	0.10099554806947708	0.5521576404571533
1487	0.04751254618167877	0.10094288736581802	0.5525160431861877
1488	0.047177672386169434	0.10090955346822739	0.5526311993598938
1489	0.04659627377986908	0.10089858621358871	0.5526101589202881
1490	0.04665761813521385	0.10096141695976257	0.5523316264152527
1491	0.04694428667426109	0.10103883594274521	0.5519510507583618
1492	0.047752201557159424	0.10113287717103958	0.5513826608657837
1493	0.04697595536708832	0.10121461004018784	0.550754964351654
1494	0.047295305877923965	0.10130611807107925	0.5503166913986206
1495	0.04791606217622757	0.10135585069656372	0.5502426028251648
1496	0.04707162454724312	0.10132688283920288	0.5509250164031982
1497	0.047505393624305725	0.10125397145748138	0.5518224835395813
1498	0.047287046909332275	0.10118232667446136	0.5525419116020203
1499	0.04721600189805031	0.10109914094209671	0.553037166595459
1500	0.04792618006467819	0.10104113072156906	0.5531118512153625
1501	0.04695272073149681	0.10098955035209656	0.5529930591583252
1502	0.04785868898034096	0.10094921290874481	0.5527443289756775
1503	0.04731641709804535	0.1009397953748703	0.5523211359977722
1504	0.047412291169166565	0.10092958062887192	0.5519979000091553
1505	0.04687495157122612	0.10093146562576294	0.551739513874054
1506	0.04620937630534172	0.10093715786933899	0.5516317486763
1507	0.04723479598760605	0.10093263536691666	0.5516500473022461
1508	0.04737807437777519	0.10094110667705536	0.5517537593841553
1509	0.04765240475535393	0.10094433277845383	0.5520068407058716
1510	0.04771962761878967	0.10095199197530746	0.5521418452262878
1511	0.04755397140979767	0.10093985497951508	0.5523086190223694
1512	0.04793635755777359	0.10091593861579895	0.5525374412536621
1513	0.046477627009153366	0.10089778155088425	0.5527138710021973
1514	0.046975743025541306	0.10088653862476349	0.552927553653717
1515	0.0468057356774807	0.10089940577745438	0.5530407428741455
1516	0.047541797161102295	0.10090047121047974	0.5531013011932373
1517	0.047924935817718506	0.10089582949876785	0.5530877709388733
1518	0.04728216677904129	0.10089043527841568	0.5529476404190063
1519	0.046125780791044235	0.10089890658855438	0.5527262091636658
1520	0.0466742068529129	0.10089951008558273	0.5525338649749756
1521	0.04763975739479065	0.10090632736682892	0.5523369908332825
1522	0.04635554924607277	0.10092119127511978	0.5521950125694275
1523	0.04611963406205177	0.1009388342499733	0.5520913004875183
1524	0.04781993851065636	0.1009463518857956	0.5521679520606995
1525	0.04736267402768135	0.10096213966608047	0.5520981550216675
1526	0.04694283381104469	0.100980244576931	0.5521071553230286
1527	0.04625576362013817	0.10098688304424286	0.5521838665008545
1528	0.04664325714111328	0.10102132707834244	0.5521063804626465
1529	0.04753207415342331	0.10103077441453934	0.5521261096000671
1530	0.04680375009775162	0.10104452818632126	0.5521858334541321
1531	0.04692429304122925	0.1010458692908287	0.5522320866584778
1532	0.046875402331352234	0.10103578865528107	0.5522983074188232
1533	0.046774085611104965	0.101026251912117	0.5522502660751343
1534	0.047555167227983475	0.10101601481437683	0.5522316694259644
1535	0.046845629811286926	0.1010095402598381	0.5521451830863953
1536	0.04705442488193512	0.10097907483577728	0.5520437955856323
1537	0.046461500227451324	0.10095707327127457	0.5520097017288208
1538	0.04675915837287903	0.10092484205961227	0.5521214604377747
1539	0.047391243278980255	0.10089818388223648	0.5523141026496887
1540	0.04680854454636574	0.10086501389741898	0.552487313747406
1541	0.04681806266307831	0.1008271798491478	0.5526812076568604
1542	0.04674851521849632	0.10079742223024368	0.5528756976127625
1543	0.04713081941008568	0.10078684985637665	0.553058922290802
1544	0.04735087230801582	0.10079216957092285	0.5531933307647705
1545	0.04709261655807495	0.1008218303322792	0.553168535232544
1546	0.04616856575012207	0.1008591428399086	0.5531192421913147
1547	0.046571820974349976	0.10088295489549637	0.5530481934547424
1548	0.04648229107260704	0.10089842230081558	0.5530280470848083
1549	0.04686400666832924	0.1009201630949974	0.5530689358711243
1550	0.047256264835596085	0.10095925629138947	0.5530022382736206
1551	0.04650742560625076	0.10097901523113251	0.5529439449310303
1552	0.046543389558792114	0.10099074244499207	0.5528044104576111
1553	0.046314090490341187	0.1010032445192337	0.5525608658790588
1554	0.04645869508385658	0.10102112591266632	0.5523608326911926
1555	0.046980466693639755	0.10104206204414368	0.5522185564041138
1556	0.04614033177495003	0.10106513649225235	0.5521320104598999
1557	0.046432532370090485	0.10108572244644165	0.5520161986351013
1558	0.04666951298713684	0.10110010951757431	0.5518774390220642
1559	0.0475982166826725	0.10110887140035629	0.5517457723617554
1560	0.046594612300395966	0.10111673921346664	0.5516488552093506
1561	0.04681048169732094	0.10112196952104568	0.5516601204872131
1562	0.04669317230582237	0.10111309587955475	0.5517568588256836
1563	0.04670722410082817	0.10112381726503372	0.5519657135009766
1564	0.04597802087664604	0.1011495292186737	0.5520737171173096
1565	0.04716600477695465	0.10115917772054672	0.5522465705871582
1566	0.046056024730205536	0.10118120908737183	0.5522978901863098
1567	0.04712945222854614	0.10117478668689728	0.552278459072113
1568	0.04613355174660683	0.1011400818824768	0.5522719025611877
1569	0.046794068068265915	0.10111625492572784	0.552262008190155
1570	0.047456685453653336	0.10107200592756271	0.5522830486297607
1571	0.04656429588794708	0.101009801030159	0.5523475408554077
1572	0.0473317913711071	0.10097544640302658	0.5522634983062744
1573	0.047058962285518646	0.10094434022903442	0.552222490310669
1574	0.046371303498744965	0.10092437267303467	0.5522318482398987
1575	0.047129176557064056	0.10089518129825592	0.5523649454116821
1576	0.045920487493276596	0.10088039934635162	0.5524978637695312
1577	0.04652648791670799	0.1008809506893158	0.552561342716217
1578	0.045893944799900055	0.10090078413486481	0.5525426864624023
1579	0.04672019183635712	0.10092165321111679	0.5525184869766235
1580	0.046365052461624146	0.10095182061195374	0.5525369644165039
1581	0.04557083547115326	0.10098901391029358	0.5526852011680603
1582	0.04680074006319046	0.10102719068527222	0.552734375
1583	0.04601321369409561	0.10105213522911072	0.552869439125061
1584	0.04668887332081795	0.10106626898050308	0.5529611110687256
1585	0.04618304595351219	0.1010805293917656	0.5530428886413574
1586	0.04613528773188591	0.10109665989875793	0.5530444383621216
1587	0.046081800013780594	0.1011027991771698	0.5530502796173096
1588	0.04638519510626793	0.10107284039258957	0.5530595779418945
1589	0.046222615987062454	0.10102836787700653	0.5531357526779175
1590	0.04663572087883949	0.10097319632768631	0.5532222986221313
1591	0.04625801742076874	0.10090334713459015	0.5532971024513245
1592	0.046199556440114975	0.10086056590080261	0.5533860325813293
1593	0.04685671254992485	0.1008421778678894	0.5534399151802063
1594	0.04613986238837242	0.10082370042800903	0.5534287691116333
1595	0.04608559608459473	0.10080523788928986	0.5534200668334961
1596	0.046331100165843964	0.1007901132106781	0.5534071922302246
1597	0.04649744927883148	0.10079581290483475	0.5534420609474182
1598	0.046668484807014465	0.10082902759313583	0.5534697771072388
1599	0.0465281642973423	0.10087864845991135	0.5534378886222839
1600	0.0467982217669487	0.10091350972652435	0.5534590482711792
1601	0.04651527479290962	0.10094282031059265	0.5533924698829651
1602	0.04770614206790924	0.10095071792602539	0.5534568428993225
1603	0.04692776873707771	0.10093118995428085	0.5535081028938293
1604	0.04645712673664093	0.1009146124124527	0.5533475875854492
1605	0.04656944051384926	0.10089560598134995	0.553187906742096
1606	0.046202704310417175	0.10087987780570984	0.5530065894126892
1607	0.04645056277513504	0.1008659154176712	0.5528554320335388
1608	0.04582536220550537	0.10085612535476685	0.5527560710906982
1609	0.0468289852142334	0.1008344441652298	0.5528860688209534
1610	0.046305425465106964	0.1008078083395958	0.5530381798744202
1611	0.04561607539653778	0.10078764706850052	0.55315101146698
1612	0.04557498171925545	0.10076002776622772	0.5533689856529236
1613	0.046481117606163025	0.1007426381111145	0.5534742474555969
1614	0.04602394625544548	0.10074026137590408	0.5535560846328735
1615	0.04608691856265068	0.10074455291032791	0.5535238981246948
1616	0.046613145619630814	0.10075853019952774	0.5535141229629517
1617	0.04630037769675255	0.10077954828739166	0.5533901453018188
1618	0.04597309231758118	0.10081380605697632	0.5532646179199219
1619	0.04535890370607376	0.1008492037653923	0.5532073974609375
1620	0.04597066342830658	0.10089536756277084	0.5531137585639954
1621	0.04639916121959686	0.10092544555664062	0.5530122518539429
1622	0.045905593782663345	0.10095679014921188	0.5529674291610718
1623	0.04657744616270065	0.10097185522317886	0.5531022548675537
1624	0.04617366939783096	0.10097213834524155	0.5533356666564941
1625	0.045946154743433	0.10097368061542511	0.5535255670547485
1626	0.04717326536774635	0.10096476972103119	0.5536379814147949
1627	0.046417828649282455	0.10095134377479553	0.5537174344062805
1628	0.046838853508234024	0.10092446208000183	0.5537343621253967
1629	0.04600238427519798	0.10090552270412445	0.5536870360374451
1630	0.046232614666223526	0.10089675337076187	0.5535489916801453
1631	0.045412756502628326	0.1008891612291336	0.5534557700157166
1632	0.04607444629073143	0.10088755935430527	0.5533677339553833
1633	0.04577704519033432	0.10089949518442154	0.5532853603363037
1634	0.04541674628853798	0.10091342031955719	0.5532822012901306
1635	0.045904740691185	0.10092052817344666	0.553485095500946
1636	0.046105656772851944	0.1009197011590004	0.5537676215171814
1637	0.04581163451075554	0.10089681297540665	0.5541563034057617
1638	0.045903678983449936	0.10083416849374771	0.5544223785400391
1639	0.046270545572042465	0.10076924413442612	0.5546581149101257
1640	0.046229079365730286	0.10071387887001038	0.5547924041748047
1641	0.0463934950530529	0.10067610442638397	0.5548781752586365
1642	0.04635687917470932	0.10066007077693939	0.5547628998756409
1643	0.0464014895260334	0.10065755993127823	0.5545624494552612
1644	0.04546371474862099	0.10066744685173035	0.5542720556259155
1645	0.045946769416332245	0.10068075358867645	0.5539684295654297
1646	0.045573122799396515	0.10070379823446274	0.553681492805481
1647	0.046477749943733215	0.10073871165513992	0.5533414483070374
1648	0.04542490094900131	0.10080364346504211	0.5530271530151367
1649	0.04629488289356232	0.10084307938814163	0.5529026389122009
1650	0.045899417251348495	0.10086245834827423	0.5529164671897888
1651	0.04621078819036484	0.1008758470416069	0.5529856085777283
1652	0.045765433460474014	0.1008475124835968	0.5532221794128418
1653	0.04678134620189667	0.10081794857978821	0.553570032119751
1654	0.045888643711805344	0.1007954478263855	0.5539323091506958
1655	0.04610780254006386	0.10078160464763641	0.5542415380477905
1656	0.04587678238749504	0.10074674338102341	0.5545017719268799
1657	0.04592227563261986	0.10072261095046997	0.5546255707740784
1658	0.04516028240323067	0.10069901496171951	0.554593563079834
1659	0.0459626205265522	0.10069240629673004	0.5544737577438354
1660	0.04632867872714996	0.1006995439529419	0.5542209148406982
1661	0.04613211750984192	0.10070496052503586	0.5539058446884155
1662	0.04619518294930458	0.10070154070854187	0.5536806583404541
1663	0.0459623709321022	0.10070066154003143	0.5535035133361816
1664	0.045816950500011444	0.10068269073963165	0.5535006523132324
1665	0.04447631910443306	0.10066449642181396	0.5535457134246826
1666	0.04544779658317566	0.10067527741193771	0.5536569952964783
1667	0.045055266469717026	0.10068392753601074	0.5537693500518799
1668	0.04560853913426399	0.10068664699792862	0.5540225505828857
1669	0.04594475030899048	0.10071485489606857	0.5542317032814026
1670	0.04598737508058548	0.10071948915719986	0.5545099377632141
1671	0.045214563608169556	0.10071871429681778	0.5548006892204285
1672	0.04554327204823494	0.10069525241851807	0.5550192594528198
1673	0.04610350728034973	0.10065948963165283	0.5551952719688416
1674	0.046436481177806854	0.10064540803432465	0.5553536415100098
1675	0.04600610211491585	0.1006266325712204	0.5553349256515503
1676	0.045238103717565536	0.10059963911771774	0.5553739070892334
1677	0.04628618434071541	0.1005682647228241	0.5552898049354553
1678	0.04544016718864441	0.10054126381874084	0.5553271174430847
1679	0.04566125199198723	0.10050357133150101	0.5554001331329346
1680	0.046048302203416824	0.10046108812093735	0.5555071234703064
1681	0.046259742230176926	0.10042138397693634	0.5555629134178162
1682	0.045876193791627884	0.10041484981775284	0.555524468421936
1683	0.04520665109157562	0.10040855407714844	0.5555453896522522
1684	0.045147739350795746	0.1004096195101738	0.5555118918418884
1685	0.045484162867069244	0.10042598843574524	0.5554845929145813
1686	0.045464083552360535	0.10046416521072388	0.5553770065307617
1687	0.04597027599811554	0.10049768537282944	0.5554452538490295
1688	0.045461785048246384	0.10052163898944855	0.5556631088256836
1689	0.046022940427064896	0.10054480284452438	0.5558295249938965
1690	0.04543164372444153	0.10056205838918686	0.5559892058372498
1691	0.04540834203362465	0.1005730852484703	0.5562168955802917
1692	0.04565312713384628	0.1005418449640274	0.5564771890640259
1693	0.045558493584394455	0.10049360990524292	0.5566561818122864
1694	0.045625824481248856	0.10046100616455078	0.55668705701828
1695	0.04523182287812233	0.10044288635253906	0.5566520690917969
1696	0.04549400508403778	0.10039837658405304	0.556640625
1697	0.04577707126736641	0.10032124072313309	0.5566127896308899
1698	0.04602828994393349	0.10026194155216217	0.5564513802528381
1699	0.04516548663377762	0.10022229701280594	0.5562219619750977
1700	0.0452667698264122	0.1002255454659462	0.5558240413665771
1701	0.04565868899226189	0.10027164965867996	0.5553652048110962
1702	0.04575658589601517	0.1003299281001091	0.5550916790962219
1703	0.04615936800837517	0.1003900095820427	0.5548589825630188
1704	0.046259596943855286	0.10043556243181229	0.5547888278961182
1705	0.045221973210573196	0.10047899186611176	0.554747998714447
1706	0.0453156977891922	0.10050272196531296	0.5549043416976929
1707	0.04545434191823006	0.10051557421684265	0.5552137494087219
1708	0.04480534419417381	0.10050810873508453	0.5555504560470581
1709	0.04545315355062485	0.1004992425441742	0.5558614134788513
1710	0.04544014111161232	0.100495345890522	0.5561417937278748
1711	0.045525114983320236	0.10050759464502335	0.5563225746154785
1712	0.045527976006269455	0.10051190853118896	0.5564714074134827
1713	0.044977035373449326	0.10050775110721588	0.5565181970596313
1714	0.045237183570861816	0.1005072295665741	0.5564205050468445
1715	0.04644022509455681	0.1005013957619667	0.5561472177505493
1716	0.045798663049936295	0.10048811882734299	0.5557525753974915
1717	0.045131947845220566	0.10048890858888626	0.5553250908851624
1718	0.04451975226402283	0.1004963219165802	0.554917573928833
1719	0.04563627019524574	0.10052186995744705	0.5545445680618286
1720	0.04491083696484566	0.10055132210254669	0.5543013215065002
1721	0.04484478756785393	0.10059991478919983	0.5541138052940369
1722	0.04466073587536812	0.10064034163951874	0.5541278719902039
1723	0.04528140276670456	0.10065068304538727	0.5541431903839111
1724	0.04522852599620819	0.10066777467727661	0.5541245937347412
1725	0.04469446837902069	0.10066507011651993	0.5542327761650085
1726	0.04511265456676483	0.10064441710710526	0.5543448328971863
1727	0.04567762464284897	0.10061021149158478	0.5545751452445984
1728	0.04564518481492996	0.100601926445961	0.5548003911972046
1729	0.04521386697888374	0.1005731001496315	0.5551488995552063
1730	0.0457596518099308	0.10055817663669586	0.5554342269897461
1731	0.04474819824099541	0.10054875165224075	0.555817723274231
1732	0.045359037816524506	0.10054945200681686	0.5560986399650574
1733	0.04457070678472519	0.10054261237382889	0.5562890768051147
1734	0.045379530638456345	0.10053779929876328	0.5563455820083618
1735	0.04544598609209061	0.10053014010190964	0.5562424063682556
1736	0.0452779196202755	0.10051075369119644	0.5561731457710266
1737	0.0448932871222496	0.10048981010913849	0.5560258030891418
1738	0.045307110995054245	0.1004650741815567	0.5559413433074951
1739	0.045588888227939606	0.10042271018028259	0.5558433532714844
1740	0.04459339380264282	0.10037676244974136	0.5559300184249878
1741	0.04542946815490723	0.1003129780292511	0.5561723113059998
1742	0.04464384540915489	0.10026621073484421	0.5563310980796814
1743	0.0449577234685421	0.10024311393499374	0.5564582943916321
1744	0.044534798711538315	0.1002194955945015	0.5566233396530151
1745	0.04516341909766197	0.10021509975194931	0.556714653968811
1746	0.044651005417108536	0.10021926462650299	0.5569030046463013
1747	0.04474364593625069	0.10025763511657715	0.5569204688072205
1748	0.04540625214576721	0.10030917078256607	0.5567634701728821
1749	0.04461809620261192	0.10035151243209839	0.5566005110740662
1750	0.04470539093017578	0.1003631129860878	0.5564754009246826
1751	0.04524870216846466	0.10039292275905609	0.5561350584030151
1752	0.04448800906538963	0.10041353106498718	0.5558122992515564
1753	0.04470093175768852	0.10044095665216446	0.5555791854858398
1754	0.045366786420345306	0.10044550150632858	0.5554976463317871
1755	0.045044466853141785	0.10045355558395386	0.5554576516151428
1756	0.0443635918200016	0.10047171264886856	0.5553889274597168
1757	0.0452631376683712	0.10044413059949875	0.5555354952812195
1758	0.04456380382180214	0.1004207506775856	0.5556535720825195
1759	0.04441390186548233	0.10041102766990662	0.5556465983390808
1760	0.04455193132162094	0.10037944465875626	0.5557790994644165
1761	0.04471185430884361	0.10037452727556229	0.5558130741119385
1762	0.04494862258434296	0.10036373883485794	0.5559011101722717
1763	0.045048873871564865	0.10036802291870117	0.5559019446372986
1764	0.045635487884283066	0.10037313401699066	0.555860698223114
1765	0.045145563781261444	0.10040183365345001	0.5557929277420044
1766	0.04464785382151604	0.10042601078748703	0.5558044910430908
1767	0.045105379074811935	0.10046841204166412	0.5558269023895264
1768	0.04538874328136444	0.10052861273288727	0.555722177028656
1769	0.044978685677051544	0.1005847305059433	0.5556271076202393
1770	0.04539976269006729	0.10062813013792038	0.555536150932312
1771	0.04508145526051521	0.1006239801645279	0.5555444955825806
1772	0.04486049711704254	0.10059617459774017	0.5555729269981384
1773	0.045115478336811066	0.10054925829172134	0.5556829571723938
1774	0.044631049036979675	0.10050594061613083	0.5557119250297546
1775	0.04434702545404434	0.10047081112861633	0.5555136203765869
1776	0.04560808464884758	0.10044234246015549	0.5553619861602783
1777	0.044650327414274216	0.1004200205206871	0.5552929639816284
1778	0.04491052404046059	0.10041750222444534	0.555203378200531
1779	0.04473221302032471	0.10043756663799286	0.5551043748855591
1780	0.04547044634819031	0.10047948360443115	0.5550134778022766
1781	0.04439001530408859	0.10052806884050369	0.5549072027206421
1782	0.045422233641147614	0.10056636482477188	0.5549529790878296
1783	0.044488370418548584	0.10058346390724182	0.5551350116729736
1784	0.04528192803263664	0.10058875381946564	0.5554901361465454
1785	0.04403114691376686	0.1005910262465477	0.5557675957679749
1786	0.04468937963247299	0.10057837516069412	0.5560185313224792
1787	0.044746484607458115	0.10057038813829422	0.5560559630393982
1788	0.04449370875954628	0.1005663126707077	0.5560185313224792
1789	0.04489612579345703	0.10054440051317215	0.5558916926383972
1790	0.044309768825769424	0.10049910098314285	0.5558574795722961
1791	0.04501446709036827	0.10045211762189865	0.55576092004776
1792	0.044696737080812454	0.10039662569761276	0.5556216239929199
1793	0.04407152533531189	0.10034153610467911	0.5555925965309143
1794	0.04489503800868988	0.10029464960098267	0.5556795597076416
1795	0.04503796622157097	0.10024164617061615	0.555847704410553
1796	0.04487445950508118	0.10022617876529694	0.555867075920105
1797	0.04466159641742706	0.10021758079528809	0.5559818148612976
1798	0.04468226060271263	0.1002224013209343	0.5560792088508606
1799	0.04495585337281227	0.10024525970220566	0.5561807751655579
1800	0.04417254403233528	0.10026965290307999	0.5563393235206604
1801	0.04529935494065285	0.10026751458644867	0.5565946698188782
1802	0.04409303516149521	0.10025890916585922	0.5567641258239746
1803	0.04571065679192543	0.10026288777589798	0.5568901896476746
1804	0.044182125478982925	0.10027644783258438	0.556907057762146
1805	0.044691476970911026	0.10031494498252869	0.5569296479225159
1806	0.04481390491127968	0.10035744309425354	0.5568820834159851
1807	0.04475114122033119	0.10038377344608307	0.5567532777786255
1808	0.04449606314301491	0.10038118064403534	0.5568069815635681
1809	0.044557102024555206	0.1003793478012085	0.5568193197250366
1810	0.044328197836875916	0.10038340091705322	0.55687415599823
1811	0.04431127384305	0.1004105657339096	0.5568399429321289
1812	0.04402100294828415	0.10045728832483292	0.5566586256027222
1813	0.04481372609734535	0.10049339383840561	0.5564600229263306
1814	0.0449950285255909	0.10050024092197418	0.5562944412231445
1815	0.04555176943540573	0.10047385096549988	0.5559839606285095
1816	0.04466450586915016	0.10046768933534622	0.5557426810264587
1817	0.04454293102025986	0.10042513906955719	0.5557509064674377
1818	0.04435748606920242	0.1003887802362442	0.5559077858924866
1819	0.0446808822453022	0.10036230087280273	0.5561332702636719
1820	0.04489375278353691	0.10035440325737	0.5562703609466553
1821	0.044900890439748764	0.10035043209791183	0.5565159320831299
1822	0.04460667446255684	0.10035480558872223	0.5568432211875916
1823	0.045320190489292145	0.10034248977899551	0.5572124123573303
1824	0.04450593143701553	0.10032345354557037	0.5574222207069397
1825	0.044404536485672	0.10033805668354034	0.5574456453323364
1826	0.04381885007023811	0.10035737603902817	0.5573828220367432
1827	0.04441510885953903	0.10038107633590698	0.5572577714920044
1828	0.04440398886799812	0.10038734972476959	0.5571877956390381
1829	0.04478497430682182	0.10041885077953339	0.5568850636482239
1830	0.044692300260066986	0.10044743120670319	0.5566185712814331
1831	0.045170653611421585	0.10047227144241333	0.5563737750053406
1832	0.04518890008330345	0.10049010068178177	0.5561762452125549
1833	0.04468967765569687	0.10046913474798203	0.5561758279800415
1834	0.04401792958378792	0.10042182356119156	0.5563223958015442
1835	0.045041318982839584	0.10033878684043884	0.5567163228988647
1836	0.04327469319105148	0.10027618706226349	0.5570346713066101
1837	0.043856654316186905	0.10023882240056992	0.5572794675827026
1838	0.044342558830976486	0.1002131998538971	0.5574946403503418
1839	0.04447328299283981	0.10019543021917343	0.5577037930488586
1840	0.04410978779196739	0.10021524131298065	0.5577941536903381
1841	0.04458753392100334	0.10025104880332947	0.5577608942985535
1842	0.04380643740296364	0.10027334839105606	0.5577316284179688
1843	0.044171933084726334	0.10030484199523926	0.5576423406600952
1844	0.04458458721637726	0.10032397508621216	0.5574401617050171
1845	0.04410414397716522	0.10034099221229553	0.5573241114616394
1846	0.04406219720840454	0.10032397508621216	0.5572296977043152
1847	0.044093724340200424	0.10030896961688995	0.5571193695068359
1848	0.04390328377485275	0.10031084716320038	0.5570265054702759
1849	0.04369844123721123	0.10031174123287201	0.5570281147956848
1850	0.04429285228252411	0.1003090888261795	0.5569680333137512
1851	0.04408222436904907	0.10027864575386047	0.5570390224456787
1852	0.04487740620970726	0.10026757419109344	0.5570199489593506
1853	0.043812159448862076	0.10028362274169922	0.556931734085083
1854	0.04429294914007187	0.1003054603934288	0.556874692440033
1855	0.045145343989133835	0.10033532977104187	0.5568320751190186
1856	0.044224001467227936	0.10036103427410126	0.5568242073059082
1857	0.04440222680568695	0.10037918388843536	0.5568357110023499
1858	0.04457267373800278	0.10040533542633057	0.5568222403526306
1859	0.043958548456430435	0.10043153166770935	0.5567930936813354
1860	0.04381011426448822	0.10042871534824371	0.5568592548370361
1861	0.044402867555618286	0.1004275307059288	0.5568404197692871
1862	0.043861184269189835	0.10042094439268112	0.5568080544471741
1863	0.043919410556554794	0.10041111707687378	0.5567424893379211
1864	0.04469451680779457	0.10041218996047974	0.5566903948783875
1865	0.044428467750549316	0.10038623213768005	0.556685209274292
1866	0.04414613917469978	0.10039780288934708	0.5566394925117493
1867	0.043745920062065125	0.10041995346546173	0.5566225647926331
1868	0.04441303759813309	0.10042209178209305	0.5566230416297913
1869	0.04477642849087715	0.10042448341846466	0.5566785931587219
1870	0.04382830113172531	0.10040370374917984	0.5568554401397705
1871	0.044108081609010696	0.10035842657089233	0.5572294592857361
1872	0.044235311448574066	0.10032477974891663	0.5575507879257202
1873	0.04393947497010231	0.10030534863471985	0.5577830076217651
1874	0.04357766732573509	0.10030362755060196	0.5578557252883911
1875	0.04402109235525131	0.10029808431863785	0.5578622817993164
1876	0.044732093811035156	0.10029815137386322	0.5578100681304932
1877	0.043737418949604034	0.10029571503400803	0.5578942894935608
1878	0.044174354523420334	0.1002679094672203	0.5579947233200073
1879	0.044237520545721054	0.10023076832294464	0.5580710768699646
1880	0.043559979647397995	0.1001725047826767	0.5582306981086731
1881	0.04446909949183464	0.1001281663775444	0.5583196878433228
1882	0.044313736259937286	0.10012178122997284	0.5582799315452576
1883	0.04419951140880585	0.10009147226810455	0.5582162737846375
1884	0.043790463358163834	0.10006002336740494	0.5581411719322205
1885	0.04309895634651184	0.10004916042089462	0.5580107569694519
1886	0.043857164680957794	0.10006970912218094	0.5578169822692871
1887	0.04409565031528473	0.10011428594589233	0.557582437992096
1888	0.04469297081232071	0.10016590356826782	0.5574443340301514
1889	0.044068291783332825	0.10021085292100906	0.5573883056640625
1890	0.0451776497066021	0.10023103654384613	0.5575444102287292
1891	0.044185295701026917	0.10024475306272507	0.5577495694160461
1892	0.04429304972290993	0.10025834292173386	0.5580137968063354
1893	0.04364542290568352	0.10025084018707275	0.5581278204917908
1894	0.0440143346786499	0.10020507872104645	0.5583537220954895
1895	0.043500564992427826	0.10013952106237411	0.5586264729499817
1896	0.043963123112916946	0.10005208849906921	0.558914065361023
1897	0.043724752962589264	0.09998013079166412	0.559051513671875
1898	0.04451747238636017	0.09993328154087067	0.5591632723808289
1899	0.043626800179481506	0.09992344677448273	0.5592443943023682
1900	0.0446263886988163	0.09990736097097397	0.5592730045318604
1901	0.04456814005970955	0.09991968423128128	0.5590888261795044
1902	0.04331597313284874	0.09995731711387634	0.5589020252227783
1903	0.04418834671378136	0.09999841451644897	0.5586061477661133
1904	0.04410901665687561	0.10004596412181854	0.5583680868148804
1905	0.04419570416212082	0.10009033232927322	0.5582262873649597
1906	0.043277204036712646	0.10011795908212662	0.5582837462425232
1907	0.043820858001708984	0.10012675821781158	0.5585876107215881
1908	0.043765291571617126	0.1001083254814148	0.5588821768760681
1909	0.04284822195768356	0.10006437450647354	0.5593101978302002
1910	0.04441415145993233	0.10000946372747421	0.5596326589584351
1911	0.043354518711566925	0.09998062998056412	0.5598588585853577
1912	0.04363953694701195	0.09997271001338959	0.5599139928817749
1913	0.044072579592466354	0.09997877478599548	0.5598260760307312
1914	0.04410789906978607	0.09999287873506546	0.5596174001693726
1915	0.04515894502401352	0.09999484568834305	0.5592958927154541
1916	0.04416746273636818	0.10000701993703842	0.558881938457489
1917	0.043486472219228745	0.10002733767032623	0.5585441589355469
1918	0.043765995651483536	0.10004763305187225	0.5583668947219849
1919	0.04444532096385956	0.10007253289222717	0.558361828327179
1920	0.043810032308101654	0.10009844601154327	0.5584818124771118
1921	0.04414283111691475	0.10012175142765045	0.5585249662399292
1922	0.04365866631269455	0.10014058649539948	0.5586087703704834
1923	0.043668508529663086	0.10015144944190979	0.5586254596710205
1924	0.04489067569375038	0.10013165324926376	0.5586718916893005
1925	0.044401366263628006	0.10010462999343872	0.5586326122283936
1926	0.043891582638025284	0.10010907053947449	0.5585857033729553
1927	0.04400387406349182	0.1000998467206955	0.5586283206939697
1928	0.04401761293411255	0.10007460415363312	0.5586999654769897
1929	0.04406488686800003	0.10004855692386627	0.5588296055793762
1930	0.043789979070425034	0.10002651065587997	0.5589204430580139
1931	0.04333554953336716	0.10001251101493835	0.5589313507080078
1932	0.04397131875157356	0.09998389333486557	0.5589953660964966
1933	0.04426569491624832	0.09994971752166748	0.5590819120407104
1934	0.04424712061882019	0.09993896633386612	0.5590523481369019
1935	0.04384667053818703	0.09992437064647675	0.5589839816093445
1936	0.043752092868089676	0.0999126210808754	0.5587945580482483
1937	0.04375311732292175	0.09991546720266342	0.558722972869873
1938	0.0439886637032032	0.09991194307804108	0.5588061809539795
1939	0.04342286288738251	0.0999142974615097	0.5589399933815002
1940	0.04416007921099663	0.09992994368076324	0.5588864088058472
1941	0.04351842403411865	0.0999470129609108	0.558832049369812
1942	0.044644247740507126	0.09997719526290894	0.5586791634559631
1943	0.04367111250758171	0.10002245754003525	0.5584551692008972
1944	0.04298335313796997	0.10004990547895432	0.5584463477134705
1945	0.04410833120346069	0.10006678849458694	0.5584431290626526
1946	0.04351573437452316	0.10010232031345367	0.5583805441856384
1947	0.043730463832616806	0.10011414438486099	0.5582262277603149
1948	0.043221499770879745	0.10009412467479706	0.5581907033920288
1949	0.04304463043808937	0.10007812082767487	0.5582671761512756
1950	0.044109415262937546	0.10005985200405121	0.5583126544952393
1951	0.04353100806474686	0.1000576913356781	0.5582332015037537
1952	0.04386802762746811	0.10004646331071854	0.558174729347229
1953	0.043871112167835236	0.10002227127552032	0.5581650137901306
1954	0.04425692930817604	0.09999893605709076	0.5582497119903564
1955	0.043737657368183136	0.09996848553419113	0.5584070682525635
1956	0.04435468465089798	0.09992904216051102	0.5586363673210144
1957	0.04409997537732124	0.0998973548412323	0.5588895082473755
1958	0.04392292723059654	0.09989271312952042	0.5590212941169739
1959	0.04335356876254082	0.09989570826292038	0.5592249035835266
1960	0.043318506330251694	0.09989325702190399	0.5593333840370178
1961	0.044257305562496185	0.09989667683839798	0.5594779253005981
1962	0.043714217841625214	0.09990628808736801	0.5595309734344482
1963	0.04308883845806122	0.09991349279880524	0.5594521164894104
1964	0.04337063059210777	0.09992554038763046	0.5593731999397278
1965	0.04353604465723038	0.09993945062160492	0.559295117855072
1966	0.043774183839559555	0.09995357692241669	0.5593020915985107
1967	0.043338287621736526	0.0999847948551178	0.5592705011367798
1968	0.04411689564585686	0.10002489387989044	0.5591163039207458
1969	0.042896535247564316	0.10007389634847641	0.5589362382888794
1970	0.043831970542669296	0.10012639313936234	0.5588542222976685
1971	0.04377296566963196	0.10016127675771713	0.5587997436523438
1972	0.04334840551018715	0.10017898678779602	0.5587741732597351
1973	0.0436907634139061	0.10019791126251221	0.5587007403373718
1974	0.04327851161360741	0.10019021481275558	0.5586286783218384
1975	0.0428779311478138	0.10017126798629761	0.5586820244789124
1976	0.04364713653922081	0.10016390681266785	0.5587270259857178
1977	0.043229229748249054	0.10013782232999802	0.558654248714447
1978	0.04367680102586746	0.100105419754982	0.5585737824440002
1979	0.043170444667339325	0.1000889241695404	0.55838543176651
1980	0.04346344992518425	0.10007095336914062	0.5581885576248169
1981	0.04331325739622116	0.10006138682365417	0.5580095052719116
1982	0.04392904043197632	0.10003972798585892	0.5580623149871826
1983	0.04285571351647377	0.10003746300935745	0.5581715106964111
1984	0.042613085359334946	0.10002932697534561	0.5583628416061401
1985	0.04320816323161125	0.10002976655960083	0.5586733818054199
1986	0.04298890754580498	0.10004697740077972	0.5591089725494385
1987	0.04350818321108818	0.10005678236484528	0.5594642758369446
1988	0.04281120374798775	0.10004709661006927	0.5598112940788269
1989	0.043379027396440506	0.10004379600286484	0.5600625872612
1990	0.04370875656604767	0.1000492200255394	0.5601701140403748
1991	0.0420624203979969	0.10004258900880814	0.5600844025611877
1992	0.04379481077194214	0.10001811385154724	0.559874951839447
1993	0.0434044748544693	0.09998642653226852	0.5595459938049316
1994	0.043520234525203705	0.09995418041944504	0.5592266917228699
1995	0.04232531040906906	0.09993255883455276	0.5588699579238892
1996	0.04342284053564072	0.09993094205856323	0.558564305305481
1997	0.04333452135324478	0.0999198853969574	0.5584250092506409
1998	0.043256085366010666	0.09990745782852173	0.5584843754768372
1999	0.043483566492795944	0.09990624338388443	0.5585548877716064
2000	0.043625783175230026	0.09990435838699341	0.5586299300193787
2001	0.04318588227033615	0.09990552067756653	0.5588223934173584
2002	0.04313194751739502	0.09991717338562012	0.5590546727180481
2003	0.04333439841866493	0.09991730749607086	0.5593710541725159
2004	0.0432136207818985	0.09992686659097672	0.5596875548362732
2005	0.043298929929733276	0.09993913769721985	0.5599440932273865
2006	0.04329753294587135	0.09993065893650055	0.5601401925086975
2007	0.04368025064468384	0.09990961104631424	0.5602099299430847
2008	0.04333677515387535	0.09988613426685333	0.560107946395874
2009	0.04298345744609833	0.09988754242658615	0.5599027872085571
2010	0.04372992366552353	0.0998864397406578	0.5596790313720703
2011	0.04385421797633171	0.0998896062374115	0.5594335198402405
2012	0.043595511466264725	0.09988974034786224	0.5592607259750366
2013	0.04345236346125603	0.09986352920532227	0.5591764450073242
2014	0.043491482734680176	0.09982965886592865	0.5591806173324585
2015	0.04393713176250458	0.0998079776763916	0.5592561364173889
2016	0.04317205771803856	0.0997808426618576	0.5594803094863892
2017	0.043717160820961	0.09974954277276993	0.5597184300422668
2018	0.04289858043193817	0.09971488267183304	0.5599052906036377
2019	0.043614573776721954	0.09970298409461975	0.5601418018341064
2020	0.043435238301754	0.09969546645879745	0.5605176687240601
2021	0.04300780966877937	0.09970889240503311	0.5609041452407837
2022	0.04369278624653816	0.09975013136863708	0.5611588954925537
2023	0.042999304831027985	0.09979908913373947	0.5613698363304138
2024	0.04292380437254906	0.09984567761421204	0.5614069700241089
2025	0.04291876032948494	0.09985298663377762	0.5614456534385681
2026	0.04356876760721207	0.09987393021583557	0.5613965392112732
2027	0.043267298489809036	0.09989912062883377	0.5612500905990601
2028	0.042839813977479935	0.0998978242278099	0.5610212087631226
2029	0.04298299551010132	0.09987235814332962	0.5607159733772278
2030	0.04263340309262276	0.09983919560909271	0.5604308247566223
2031	0.04418337345123291	0.09981507807970047	0.5601699948310852
2032	0.04368436336517334	0.09978313744068146	0.5600391030311584
2033	0.04310447350144386	0.09975668787956238	0.5599604249000549
2034	0.042532987892627716	0.0997348353266716	0.5599352121353149
2035	0.043113961815834045	0.0997156873345375	0.5599788427352905
2036	0.04296169430017471	0.09970390051603317	0.5601228475570679
2037	0.042733438313007355	0.09968136250972748	0.5603039264678955
2038	0.042935557663440704	0.0996641144156456	0.560510516166687
2039	0.04400560259819031	0.0996410921216011	0.5606869459152222
2040	0.04231075942516327	0.09961088001728058	0.5609114766120911
2041	0.042947918176651	0.09959454089403152	0.5609909296035767
2042	0.04343528673052788	0.09960483014583588	0.560992419719696
2043	0.04257960617542267	0.09960422664880753	0.5609710812568665
2044	0.042979758232831955	0.09961231052875519	0.5609145164489746
2045	0.04277273267507553	0.09964191913604736	0.5608262419700623
2046	0.0430951826274395	0.09968357533216476	0.5607011318206787
2047	0.04258652403950691	0.09969834238290787	0.5606781244277954
2048	0.04380202293395996	0.09970465302467346	0.560740053653717
2049	0.043570660054683685	0.09969652444124222	0.5607472658157349
2050	0.043312884867191315	0.09968377649784088	0.5608012676239014
2051	0.042640380561351776	0.09970086067914963	0.5608158707618713
2052	0.04216812551021576	0.09971842169761658	0.5607860088348389
2053	0.04369969666004181	0.09973349422216415	0.5606974363327026
2054	0.04277556762099266	0.09973245114088058	0.5606722831726074
2055	0.04332180321216583	0.099727101624012	0.5604958534240723
2056	0.043389394879341125	0.09972342848777771	0.5603137612342834
2057	0.0426056906580925	0.09973741322755814	0.5601367354393005
2058	0.04269725829362869	0.09975443035364151	0.5599161386489868
2059	0.043338414281606674	0.09976598620414734	0.5598207712173462
2060	0.042428527027368546	0.09977630525827408	0.5598373413085938
2061	0.04298797994852066	0.09977170825004578	0.559999406337738
2062	0.04251602664589882	0.09975789487361908	0.5602735877037048
2063	0.0425107441842556	0.09972109645605087	0.560650646686554
2064	0.04303163290023804	0.09968974441289902	0.5609378218650818
2065	0.04285179078578949	0.09966485947370529	0.5611340403556824
2066	0.04336317256093025	0.0996711254119873	0.5612089037895203
2067	0.043013524264097214	0.09969105571508408	0.5610687136650085
2068	0.04301668331027031	0.09970425069332123	0.560974657535553
2069	0.04230295866727829	0.0997115895152092	0.5607396364212036
2070	0.04258183762431145	0.09970402717590332	0.5606136918067932
2071	0.04325714707374573	0.09970621019601822	0.560555100440979
2072	0.043204933404922485	0.09969456493854523	0.5605775117874146
2073	0.04262694716453552	0.09969785064458847	0.5605440735816956
2074	0.04237797111272812	0.09969795495271683	0.5607513785362244
2075	0.04200494661927223	0.09972316771745682	0.5608886480331421
2076	0.04242029786109924	0.09976640343666077	0.5609779953956604
2077	0.04216293618083	0.09981274604797363	0.5610995292663574
2078	0.0437626913189888	0.0998431146144867	0.5611880421638489
2079	0.04255271703004837	0.09986276924610138	0.561089038848877
2080	0.04239780828356743	0.09988738596439362	0.5608221888542175
2081	0.04349515587091446	0.09989768266677856	0.5607671737670898
2082	0.04277243837714195	0.09987963736057281	0.5607054829597473
2083	0.0423729307949543	0.09983865171670914	0.5607948303222656
2084	0.04307294636964798	0.09979743510484695	0.5608739852905273
2085	0.04230614751577377	0.09973941743373871	0.5610495209693909
2086	0.04321993514895439	0.09969447553157806	0.561269223690033
2087	0.043401431292295456	0.09966450184583664	0.5614714026451111
2088	0.043220724910497665	0.09964065253734589	0.5616426467895508
2089	0.0429801382124424	0.09964128583669662	0.561743974685669
2090	0.04281425103545189	0.09964322298765182	0.5619443655014038
2091	0.04312097281217575	0.09966017305850983	0.5621329545974731
2092	0.043445613235235214	0.0996670201420784	0.5622386932373047
2093	0.042313121259212494	0.09968318790197372	0.562262237071991
2094	0.04248303920030594	0.09968726336956024	0.5621241331100464
2095	0.04258326068520546	0.09968918561935425	0.5619126558303833
2096	0.041982147842645645	0.09964491426944733	0.561748743057251
2097	0.04230031743645668	0.09962553530931473	0.5615472793579102
2098	0.042391836643218994	0.09959480166435242	0.561420202255249
2099	0.043259911239147186	0.09956967085599899	0.5614031553268433
2100	0.04227959364652634	0.09954788535833359	0.5613712668418884
2101	0.04273999482393265	0.09952209144830704	0.5615021586418152
2102	0.04209418222308159	0.09951569139957428	0.5616307258605957
2103	0.04345531761646271	0.09953035414218903	0.5617738962173462
2104	0.04269854724407196	0.099546879529953	0.5618279576301575
2105	0.04245711490511894	0.09953917562961578	0.562004804611206
2106	0.04249628633260727	0.09952948242425919	0.5620167851448059
2107	0.042782172560691833	0.09952439367771149	0.561909019947052
2108	0.04217527061700821	0.09954285621643066	0.5617085099220276
2109	0.04226318374276161	0.0995626300573349	0.561447024345398
2110	0.043476998805999756	0.09957887977361679	0.5611470341682434
2111	0.0425838977098465	0.09961085021495819	0.560836672782898
2112	0.04272878170013428	0.09964653104543686	0.5606532096862793
2113	0.042465101927518845	0.09968045353889465	0.5605767369270325
2114	0.04270099475979805	0.0996980369091034	0.5606525540351868
2115	0.042015429586172104	0.09972339868545532	0.5607263445854187
2116	0.04276403412222862	0.09972736984491348	0.5609197020530701
2117	0.042522087693214417	0.09974221140146255	0.5609989762306213
2118	0.04260930418968201	0.09971834719181061	0.5612249374389648
2119	0.04315752908587456	0.09968297183513641	0.5614306330680847
2120	0.042645860463380814	0.09963487833738327	0.561550498008728
2121	0.04188990965485573	0.09959518164396286	0.5615842938423157
2122	0.0423743799328804	0.09957557916641235	0.561704158782959
2123	0.04219943657517433	0.09955711662769318	0.5619351267814636
2124	0.042463865131139755	0.09956524521112442	0.5619602203369141
2125	0.04288438335061073	0.09957174211740494	0.561994194984436
2126	0.04292453080415726	0.09959167242050171	0.5619692802429199
2127	0.04222767800092697	0.09960102289915085	0.561988115310669
2128	0.04245704784989357	0.09961860626935959	0.5619708299636841
2129	0.04263893514871597	0.09960518777370453	0.562004804611206
2130	0.04243287071585655	0.09956763684749603	0.5621767044067383
2131	0.04235997423529625	0.09951630979776382	0.5624952912330627
2132	0.0423458106815815	0.09946568310260773	0.5627251863479614
2133	0.04238029941916466	0.09944585710763931	0.5628092885017395
2134	0.04263029620051384	0.09944292902946472	0.5628548264503479
2135	0.042918287217617035	0.09945839643478394	0.562821090221405
2136	0.04208705574274063	0.09947776794433594	0.5626798272132874
2137	0.0419127531349659	0.09947994351387024	0.56255042552948
2138	0.04184504970908165	0.09949629008769989	0.5622234344482422
2139	0.04241221770644188	0.09948617964982986	0.5619548559188843
2140	0.041920341551303864	0.09947420656681061	0.5618428587913513
2141	0.042918503284454346	0.09947597980499268	0.5618042945861816
2142	0.042650897055864334	0.09950168430805206	0.5617231130599976
2143	0.04235006496310234	0.09953251481056213	0.5616399049758911
2144	0.042485300451517105	0.09956381469964981	0.5616342425346375
2145	0.04273594170808792	0.09960093349218369	0.5616377592086792
2146	0.042614154517650604	0.09964191913604736	0.5616102814674377
2147	0.0417015366256237	0.09966418147087097	0.5616825819015503
2148	0.04176339507102966	0.09966983646154404	0.5617665648460388
2149	0.04234914481639862	0.09965883940458298	0.5617424845695496
2150	0.04188377037644386	0.09965595602989197	0.5617004036903381
2151	0.041808512061834335	0.09967035800218582	0.5615973472595215
2152	0.04217270016670227	0.09967830032110214	0.561519980430603
2153	0.04333033412694931	0.09967067837715149	0.5614776611328125
2154	0.04191529005765915	0.09963412582874298	0.5616694092750549
2155	0.042154815047979355	0.09959633648395538	0.561930239200592
2156	0.04262552410364151	0.09955410659313202	0.5622482299804688
2157	0.042313676327466965	0.09949170798063278	0.5625343918800354
2158	0.04211218282580376	0.09943933039903641	0.5626757740974426
2159	0.04238935559988022	0.09938029944896698	0.5627681612968445
2160	0.042257893830537796	0.09934361279010773	0.5626879930496216
2161	0.04188854992389679	0.09932424873113632	0.562684178352356
2162	0.04194206744432449	0.09933286905288696	0.5626099705696106
2163	0.04185746982693672	0.09935753047466278	0.5625919699668884
2164	0.04252437502145767	0.09939395636320114	0.5625400543212891
2165	0.04192611575126648	0.09944257140159607	0.5625326037406921
2166	0.04213101789355278	0.09949685633182526	0.5625277757644653
2167	0.04234547168016434	0.09954392164945602	0.5624732971191406
2168	0.04258667305111885	0.09958693385124207	0.5624003410339355
2169	0.04255793243646622	0.09961745142936707	0.5623396635055542
2170	0.043007899075746536	0.09964945912361145	0.5622182488441467
2171	0.04220237955451012	0.09962926805019379	0.5623412132263184
2172	0.04211040213704109	0.0996081754565239	0.562542200088501
2173	0.042680103331804276	0.09958008676767349	0.5627078413963318
2174	0.042290035635232925	0.09957322478294373	0.5627589225769043
2175	0.04186169058084488	0.09956947714090347	0.5627830624580383
2176	0.04231715202331543	0.09953675419092178	0.5629733204841614
2177	0.04174930602312088	0.09948182851076126	0.5632467269897461
2178	0.04247073829174042	0.09944121539592743	0.5633297562599182
2179	0.04221167415380478	0.09942875802516937	0.5633347630500793
2180	0.04164723679423332	0.09941139072179794	0.5633224844932556
2181	0.0422833226621151	0.09936642646789551	0.5632821917533875
2182	0.04220288246870041	0.0993489995598793	0.5631022453308105
2183	0.041959114372730255	0.09935850650072098	0.5628912448883057
2184	0.042526863515377045	0.09936796873807907	0.5626915693283081
2185	0.04237672686576843	0.0994078516960144	0.5624854564666748
2186	0.0417754128575325	0.09945643693208694	0.562256932258606
2187	0.04223895072937012	0.0994962826371193	0.5620612502098083
2188	0.04139702767133713	0.09952200204133987	0.5619108080863953
2189	0.041417114436626434	0.09955478459596634	0.5617866516113281
2190	0.0416514053940773	0.09956639260053635	0.5617469549179077
2191	0.04201535880565643	0.09959012269973755	0.5618507862091064
2192	0.04238016903400421	0.09960446506738663	0.5618865489959717
2193	0.04176042228937149	0.09961981326341629	0.5619446635246277
2194	0.04101436957716942	0.09962306916713715	0.5620190501213074
2195	0.04199181869626045	0.09962286800146103	0.5620009303092957
2196	0.0420042909681797	0.09961321204900742	0.5618916749954224
2197	0.041464664041996	0.09962815046310425	0.5616875290870667
2198	0.04165796935558319	0.09962780773639679	0.5615272521972656
2199	0.04141563922166824	0.09962055832147598	0.5615041851997375
2200	0.04130273684859276	0.099594347178936	0.5615587830543518
2201	0.04229555279016495	0.09954673051834106	0.5616828203201294
2202	0.0416649654507637	0.09948426485061646	0.5618281364440918
2203	0.0416506826877594	0.09941880404949188	0.5620146989822388
2204	0.04250578209757805	0.09937938302755356	0.5620930194854736
2205	0.042228154838085175	0.09935761243104935	0.5621557235717773
2206	0.04120110347867012	0.09937440603971481	0.5621281862258911
2207	0.042114101350307465	0.09941656142473221	0.5620779395103455
2208	0.04164740443229675	0.09946218878030777	0.5621216297149658
2209	0.042243197560310364	0.0995132103562355	0.5620980858802795
2210	0.04180454835295677	0.09958690404891968	0.5620448589324951
2211	0.042090024799108505	0.09967745095491409	0.5620092749595642
2212	0.04187988117337227	0.09974217414855957	0.5619335174560547
2213	0.042299143970012665	0.0997796356678009	0.5618384480476379
2214	0.041554152965545654	0.09980998933315277	0.5617784857749939
2215	0.04165522754192352	0.09980205446481705	0.561611533164978
2216	0.04151039198040962	0.09977828711271286	0.5614104866981506
2217	0.041634440422058105	0.09973838180303574	0.5612002015113831
2218	0.0412401407957077	0.09968709200620651	0.5609574913978577
2219	0.04144679754972458	0.09963089227676392	0.5608510375022888
2220	0.0425400473177433	0.09956610947847366	0.5609374642372131
2221	0.042033225297927856	0.09952142834663391	0.5610935688018799
2222	0.04175589606165886	0.09948092699050903	0.5614003539085388
2223	0.040798697620630264	0.09943827241659164	0.5617300271987915
2224	0.041194770485162735	0.09940022230148315	0.5620558857917786
2225	0.04131917655467987	0.09937343746423721	0.5623685121536255
2226	0.04204249009490013	0.09937354177236557	0.5625917315483093
2227	0.04202517122030258	0.09937618672847748	0.5628134608268738
2228	0.041567686945199966	0.09939033538103104	0.562973141670227
2229	0.04173050448298454	0.09939830005168915	0.5630927085876465
2230	0.04198094457387924	0.09941369295120239	0.5631082057952881
2231	0.04167013242840767	0.09943477809429169	0.5630065202713013
2232	0.041511841118335724	0.09943901747465134	0.5628526210784912
2233	0.041544195264577866	0.0994488075375557	0.5626971125602722
2234	0.04163939878344536	0.09941673278808594	0.5627243518829346
2235	0.04161535203456879	0.09939371049404144	0.5627349019050598
2236	0.042333830147981644	0.09939073771238327	0.562717616558075
2237	0.04169667139649391	0.09936734288930893	0.562764585018158
2238	0.04172632098197937	0.09934528172016144	0.562835156917572
2239	0.040881816297769547	0.09933853894472122	0.5628631711006165
2240	0.04163603112101555	0.09933410584926605	0.5629231333732605
2241	0.04179408773779869	0.09932717680931091	0.5629338622093201
2242	0.04229690879583359	0.09933784604072571	0.5628662109375
2243	0.04232915863394737	0.09935272485017776	0.5628342032432556
2244	0.04282192885875702	0.09938662499189377	0.5627815127372742
2245	0.042111143469810486	0.09942396730184555	0.5627859830856323
2246	0.0409909151494503	0.09946247190237045	0.5628423690795898
2247	0.04150061681866646	0.0995013490319252	0.5629421472549438
2248	0.04267527535557747	0.09953298419713974	0.5630902647972107
2249	0.04103068634867668	0.09956619888544083	0.5631245970726013
2250	0.04149727523326874	0.09957791119813919	0.5630369186401367
2251	0.04291621223092079	0.09956071525812149	0.5628877878189087
2252	0.04236670956015587	0.09953342378139496	0.562630832195282
2253	0.042193178087472916	0.09949325770139694	0.5623354911804199
2254	0.04170723631978035	0.09947172552347183	0.5621161460876465
2255	0.04196116700768471	0.09944372624158859	0.5619369745254517
2256	0.04115450382232666	0.09940485656261444	0.561894953250885
2257	0.0411607101559639	0.09937717765569687	0.5619900822639465
2258	0.04190300777554512	0.09935425221920013	0.5622422695159912
2259	0.041934430599212646	0.09933467954397202	0.5625430345535278
2260	0.04169910028576851	0.09933966398239136	0.5627671480178833
2261	0.041472773998975754	0.09938162565231323	0.5627812743186951
2262	0.04172733053565025	0.09942764788866043	0.5628117918968201
2263	0.040624476969242096	0.0994514599442482	0.5628814101219177
2264	0.04149342700839043	0.09946805238723755	0.5628248453140259
2265	0.04196435958147049	0.0994914323091507	0.5626741647720337
2266	0.041423726826906204	0.09950608015060425	0.5624937415122986
2267	0.041547879576683044	0.09953704476356506	0.5622750520706177
2268	0.041924383491277695	0.0995829626917839	0.5619135499000549
2269	0.040770430117845535	0.09962715208530426	0.5616178512573242
2270	0.041541583836078644	0.09963523596525192	0.5613744854927063
2271	0.04132862016558647	0.09962055832147598	0.5612804889678955
2272	0.04214362055063248	0.09960215538740158	0.5613422989845276
2273	0.04094880074262619	0.09957542270421982	0.5615085959434509
2274	0.042257409542798996	0.09956671297550201	0.5616205334663391
2275	0.04097865894436836	0.099554143846035	0.5618345141410828
2276	0.04130835458636284	0.0995248556137085	0.5620784163475037
2277	0.04154635965824127	0.09949076175689697	0.5623170733451843
2278	0.04121768847107887	0.09945327043533325	0.5624666810035706
2279	0.04059489443898201	0.09942388534545898	0.5625432133674622
2280	0.0413099080324173	0.09940149635076523	0.5626803636550903
2281	0.041779328137636185	0.09937289357185364	0.5627664923667908
2282	0.041136279702186584	0.0993572473526001	0.5627585053443909
2283	0.04183384031057358	0.09938162565231323	0.5626116991043091
2284	0.04120829701423645	0.0994277149438858	0.5624434947967529
2285	0.04153004288673401	0.09946224838495255	0.5622909069061279
2286	0.041620854288339615	0.09949666261672974	0.5622437596321106
2287	0.04184253513813019	0.09952233731746674	0.5622082948684692
2288	0.04096933454275131	0.09952332824468613	0.5622434616088867
2289	0.04168718680739403	0.09950663149356842	0.562420666217804
2290	0.041525181382894516	0.09945125877857208	0.5626503229141235
2291	0.04068639501929283	0.09939542412757874	0.5628163814544678
2292	0.04116707295179367	0.09934422373771667	0.5629377961158752
2293	0.041188303381204605	0.09931927919387817	0.5630232095718384
2294	0.04099360108375549	0.09929877519607544	0.5630584359169006
2295	0.041529834270477295	0.09929308295249939	0.5631003975868225
2296	0.041414689272642136	0.09932373464107513	0.5631464123725891
2297	0.04187183082103729	0.09936390817165375	0.5630387663841248
2298	0.04142751544713974	0.09941880404949188	0.5629810094833374
2299	0.04170048236846924	0.09947362542152405	0.5630146861076355
2300	0.04099041596055031	0.09949754178524017	0.5629889965057373
2301	0.04120320454239845	0.09947773814201355	0.5628752112388611
2302	0.041600704193115234	0.09943850338459015	0.5627260804176331
2303	0.04092094302177429	0.09941847622394562	0.5625379681587219
2304	0.0416891984641552	0.09939617663621902	0.5625532269477844
2305	0.04091760888695717	0.09937123954296112	0.562583327293396
2306	0.04089784622192383	0.09934695810079575	0.5626977682113647
2307	0.04162559658288956	0.09933537244796753	0.5627071261405945
2308	0.04210808128118515	0.09932947158813477	0.5627095103263855
2309	0.04139072820544243	0.09932238608598709	0.562832772731781
2310	0.04071265459060669	0.09932328760623932	0.5628604888916016
2311	0.041869692504405975	0.09934055060148239	0.5627738833427429
2312	0.041654445230960846	0.09936270862817764	0.5627316236495972
2313	0.04071907326579094	0.09938979893922806	0.562664806842804
2314	0.041371699422597885	0.09944148361682892	0.5625779628753662
2315	0.04101233184337616	0.09946833550930023	0.5625479817390442
2316	0.04068072885274887	0.09948504716157913	0.5625215172767639
2317	0.04106859117746353	0.0994858369231224	0.5625357031822205
2318	0.041302986443042755	0.09948929399251938	0.5625886917114258
2319	0.042139988392591476	0.09946157038211823	0.5627807378768921
2320	0.04086042568087578	0.09942658245563507	0.5630224347114563
2321	0.04137687757611275	0.09938114136457443	0.5632779598236084
2322	0.04155948385596275	0.09933773428201675	0.563460648059845
2323	0.04101361706852913	0.099290631711483	0.5636422634124756
2324	0.04122773930430412	0.09925725311040878	0.5636752843856812
2325	0.04180002585053444	0.09924938529729843	0.5636296272277832
2326	0.04157060757279396	0.09923931956291199	0.5636366009712219
2327	0.04045657441020012	0.09925472736358643	0.5635923743247986
2328	0.0408896766602993	0.0992574393749237	0.563632071018219
2329	0.04134271293878555	0.09926135092973709	0.563675582408905
2330	0.04050060734152794	0.0993136391043663	0.5636181235313416
2331	0.04125039279460907	0.09936068952083588	0.5634379982948303
2332	0.04162173345685005	0.09938846528530121	0.5631513595581055
2333	0.041127607226371765	0.09937340021133423	0.5630409121513367
2334	0.040452826768159866	0.09935213625431061	0.5629044771194458
2335	0.04114832729101181	0.0993504673242569	0.562804102897644
2336	0.04116510972380638	0.09935910999774933	0.5626880526542664
2337	0.041409753262996674	0.09936688840389252	0.5625618100166321
2338	0.04101405665278435	0.0993647500872612	0.5626590251922607
2339	0.041573893278837204	0.09937162697315216	0.5628282427787781
2340	0.0405447818338871	0.09938088059425354	0.5630449652671814
2341	0.04076608270406723	0.09940244257450104	0.5632627010345459
2342	0.04135577008128166	0.0994209498167038	0.5634140372276306
2343	0.04097415506839752	0.09940742701292038	0.5635577440261841
2344	0.04138443246483803	0.09937683492898941	0.5636847019195557
2345	0.041912950575351715	0.09936331957578659	0.5637912154197693
2346	0.04179641231894493	0.09933379292488098	0.563730001449585
2347	0.041120510548353195	0.09932031482458115	0.5635471343994141
2348	0.04144410043954849	0.09931903332471848	0.5632978081703186
2349	0.04080899432301521	0.09929268062114716	0.5631697773933411
2350	0.041275475174188614	0.09929575771093369	0.5629813075065613
2351	0.041468288749456406	0.09929455071687698	0.5629313588142395
2352	0.040132682770490646	0.09928186237812042	0.5629664063453674
2353	0.040948208421468735	0.0992593765258789	0.5630940794944763
2354	0.040543120354413986	0.09924107044935226	0.5633872151374817
2355	0.04086167737841606	0.09921865165233612	0.5636442303657532
2356	0.040742505341768265	0.09918893873691559	0.5639287233352661
2357	0.04060635715723038	0.09915085881948471	0.564198911190033
2358	0.04069999232888222	0.09911998361349106	0.5645302534103394
2359	0.04092423990368843	0.09912445396184921	0.5647057294845581
2360	0.04096744954586029	0.09913302212953568	0.5647925138473511
2361	0.04097617045044899	0.0991503968834877	0.5648072957992554
2362	0.040489912033081055	0.09920285642147064	0.5646090507507324
2363	0.040102388709783554	0.09924189746379852	0.564380943775177
2364	0.04098765552043915	0.09928785264492035	0.5641328692436218
2365	0.04069781303405762	0.09932740032672882	0.5639000535011292
2366	0.04071677103638649	0.09937892854213715	0.5636380910873413
2367	0.041330400854349136	0.09942641109228134	0.5634791851043701
2368	0.040944091975688934	0.09947112947702408	0.563312828540802
2369	0.04128631576895714	0.09947216510772705	0.5631681084632874
2370	0.040368568152189255	0.09944162517786026	0.5631207227706909
2371	0.04077974706888199	0.09939172118902206	0.5630204677581787
2372	0.04108961671590805	0.09932433068752289	0.5629414319992065
2373	0.04146440327167511	0.09928290545940399	0.5628581643104553
2374	0.040647175163030624	0.09923547506332397	0.5628706216812134
2375	0.04095858708024025	0.099186472594738	0.5630702376365662
2376	0.04033017158508301	0.09915903955698013	0.5632304549217224
2377	0.0410703644156456	0.0991477221250534	0.5633551478385925
2378	0.040558136999607086	0.09914074093103409	0.5635355710983276
2379	0.04094619303941727	0.0991458147764206	0.563774049282074
2380	0.041084740310907364	0.09914636611938477	0.5640804171562195
2381	0.04072222858667374	0.09917458146810532	0.5642517805099487
2382	0.04014604538679123	0.09918559342622757	0.5643799901008606
2383	0.04051735997200012	0.09917255491018295	0.5644842982292175
2384	0.04117856174707413	0.0991855338215828	0.5643772482872009
2385	0.04101705923676491	0.09920176863670349	0.5642386078834534
2386	0.04105145111680031	0.09920427203178406	0.5642138719558716
2387	0.04001327231526375	0.09920866787433624	0.5642364621162415
2388	0.04012659937143326	0.09920424222946167	0.5642781257629395
2389	0.040629979223012924	0.09918630123138428	0.5644972920417786
2390	0.040211260318756104	0.09916124492883682	0.5647578239440918
2391	0.040366996079683304	0.09914715588092804	0.5649745464324951
2392	0.041765619069337845	0.09911584109067917	0.5651231408119202
2393	0.03986416384577751	0.09910493344068527	0.5651724934577942
2394	0.04031359776854515	0.09909671545028687	0.56512850522995
2395	0.04088997840881348	0.09906668215990067	0.5649421811103821
2396	0.040626410394907	0.09907450526952744	0.5646427273750305
2397	0.04100887477397919	0.09909792244434357	0.5642539858818054
2398	0.04106784239411354	0.09914880990982056	0.5638388395309448
2399	0.04059527441859245	0.09919749200344086	0.5634786486625671
2400	0.04045034572482109	0.09922279417514801	0.5633464455604553
2401	0.040589723736047745	0.09923979640007019	0.5634227395057678
2402	0.04009539633989334	0.09925913065671921	0.5636113286018372
2403	0.040642183274030685	0.09925128519535065	0.5637696385383606
2404	0.04047897830605507	0.09924247860908508	0.5638952851295471
2405	0.04082182049751282	0.09921956062316895	0.5639873147010803
2406	0.04009048268198967	0.0991760641336441	0.5640348792076111
2407	0.03992180526256561	0.09911980479955673	0.5641466379165649
2408	0.04045349732041359	0.09907271713018417	0.5642126202583313
2409	0.0408824123442173	0.0990276113152504	0.5642001628875732
2410	0.04054732993245125	0.09900964796543121	0.5640509128570557
2411	0.03999153524637222	0.09901617467403412	0.5639828443527222
2412	0.04071563482284546	0.09902513027191162	0.564000129699707
2413	0.04116181284189224	0.09902895241975784	0.564014732837677
2414	0.04069579392671585	0.09904232621192932	0.5641191005706787
2415	0.0408703051507473	0.0990525409579277	0.5643016695976257
2416	0.04032272845506668	0.09905944019556046	0.5644612312316895
2417	0.040720343589782715	0.0990806594491005	0.5645890831947327
2418	0.041086263954639435	0.09909163415431976	0.5646802186965942
2419	0.040098194032907486	0.0991102084517479	0.5646253824234009
2420	0.040332406759262085	0.0991237685084343	0.564544141292572
2421	0.04083723574876785	0.09910924732685089	0.5645910501480103
2422	0.04116281867027283	0.09908641874790192	0.5647203326225281
2423	0.04069408029317856	0.09906762838363647	0.5647783279418945
2424	0.04027121886610985	0.09905396401882172	0.5647900700569153
2425	0.04039212688803673	0.09903396666049957	0.5648018717765808
2426	0.0410844050347805	0.09902018308639526	0.5646838545799255
2427	0.04063611105084419	0.0990259125828743	0.5645431280136108
2428	0.04023555666208267	0.09901583939790726	0.5644227862358093
2429	0.04096786677837372	0.09902561455965042	0.5642192363739014
2430	0.04082413390278816	0.09904421865940094	0.5639342665672302
2431	0.040657829493284225	0.09908272325992584	0.5636977553367615
2432	0.04108303040266037	0.09913633018732071	0.5634464025497437
2433	0.04040524363517761	0.09919676929712296	0.5633365511894226
2434	0.039682429283857346	0.09924808889627457	0.5632269382476807
2435	0.04062964767217636	0.09930326044559479	0.5632578134536743
2436	0.04086705669760704	0.09933560341596603	0.563406765460968
2437	0.04040345177054405	0.09938351809978485	0.5634210705757141
2438	0.04038245603442192	0.09941216558218002	0.563496470451355
2439	0.04007411375641823	0.09943392127752304	0.5634800791740417
2440	0.04066881537437439	0.0994059219956398	0.5636025071144104
2441	0.04040463641285896	0.0993686243891716	0.563714325428009
2442	0.04079340398311615	0.09932071715593338	0.5637117624282837
2443	0.04001348093152046	0.09928059577941895	0.563645601272583
2444	0.03948585316538811	0.09924834966659546	0.5636863112449646
2445	0.04036334156990051	0.09922637045383453	0.563770055770874
2446	0.040856149047613144	0.09920212626457214	0.5638808608055115
2447	0.040164899080991745	0.09917876124382019	0.5640711188316345
2448	0.04055824875831604	0.09917179495096207	0.5642250180244446
2449	0.04077419638633728	0.09918157011270523	0.5642662048339844
2450	0.040641020983457565	0.09917040914297104	0.5641574859619141
2451	0.0399646982550621	0.09916653484106064	0.5641012787818909
2452	0.040413081645965576	0.09913706034421921	0.5641714334487915
2453	0.03977343067526817	0.09909571707248688	0.5643483996391296
2454	0.03975970670580864	0.09905219823122025	0.5644546747207642
2455	0.040739454329013824	0.09901215881109238	0.56456059217453
2456	0.04072127863764763	0.0989883542060852	0.5646726489067078
2457	0.04015655070543289	0.09899986535310745	0.5648109316825867
2458	0.03985714167356491	0.099028579890728	0.5648469924926758
2459	0.04035170003771782	0.09905676543712616	0.5648657083511353
2460	0.04014153033494949	0.09908666461706161	0.5648225545883179
2461	0.039988309144973755	0.09910677373409271	0.5648001432418823
2462	0.03992588445544243	0.09911680966615677	0.5648300051689148
2463	0.040718983858823776	0.09915220737457275	0.5647983551025391
2464	0.041065871715545654	0.09915470331907272	0.5647779107093811
2465	0.04053419828414917	0.09914896637201309	0.5647571682929993
2466	0.0402827151119709	0.09913832694292068	0.5647489428520203
2467	0.04061930626630783	0.09914786368608475	0.5646868348121643
2468	0.03985101357102394	0.0991366058588028	0.5646141767501831
2469	0.04048894718289375	0.09912995994091034	0.5645350813865662
2470	0.040864262729883194	0.09910928457975388	0.5644977688789368
2471	0.04035133123397827	0.0991053655743599	0.5644596815109253
2472	0.04029499739408493	0.09911713004112244	0.5643954277038574
2473	0.04066351056098938	0.09913863241672516	0.564335823059082
2474	0.040911078453063965	0.09915201365947723	0.5642339587211609
2475	0.04031727835536003	0.0991782620549202	0.564163088798523
2476	0.03989000245928764	0.09923145920038223	0.5641186237335205
2477	0.03968590497970581	0.09927807748317719	0.5639830827713013
2478	0.03951222077012062	0.09932706505060196	0.563774049282074
2479	0.04024619981646538	0.0993681401014328	0.5635767579078674
2480	0.0400124192237854	0.09939024597406387	0.5634574294090271
2481	0.04085594415664673	0.09935560822486877	0.5634213089942932
2482	0.04025576636195183	0.09928686171770096	0.5633792877197266
2483	0.04060939699411392	0.09922971576452255	0.5634062886238098
2484	0.04030921310186386	0.09916330873966217	0.5635666251182556
2485	0.039943844079971313	0.0991375744342804	0.563727617263794
2486	0.03977687656879425	0.0991169884800911	0.563904881477356
2487	0.04018407315015793	0.09910211712121964	0.5640360116958618
2488	0.03983764350414276	0.09909071773290634	0.5643466114997864
2489	0.040276505053043365	0.0990755558013916	0.5646899342536926
2490	0.039850909262895584	0.09907187521457672	0.5649427175521851
2491	0.03976704925298691	0.0990595743060112	0.5651679635047913
2492	0.03984742611646652	0.09904768317937851	0.5652800798416138
2493	0.04016834869980812	0.09903053939342499	0.5653137564659119
2494	0.040155209600925446	0.09903526306152344	0.5651584267616272
2495	0.039118386805057526	0.09902258217334747	0.5650396943092346
2496	0.04006166756153107	0.09902369976043701	0.5649328231811523
2497	0.04062894731760025	0.09901289641857147	0.5649433732032776
2498	0.04056702181696892	0.09899983555078506	0.5649291276931763
2499	0.03941807150840759	0.09900086373090744	0.5648754239082336
2500	0.03983597457408905	0.09901562333106995	0.5649036169052124
2501	0.04024260863661766	0.0990372747182846	0.5649874806404114
2502	0.04022962227463722	0.09906523674726486	0.5649596452713013
2503	0.03988301381468773	0.09912186861038208	0.5648811459541321
2504	0.03961058706045151	0.09919504076242447	0.564831018447876
2505	0.039214082062244415	0.09926577657461166	0.5648520588874817
2506	0.039862219244241714	0.09934776276350021	0.5648556351661682
2507	0.03956986963748932	0.09941456466913223	0.56480473279953
2508	0.040977075695991516	0.0994618758559227	0.5645782947540283
2509	0.04064895212650299	0.09945720434188843	0.5642994046211243
2510	0.040186330676078796	0.09940209239721298	0.5640033483505249
2511	0.04044431820511818	0.09931156784296036	0.5637912750244141
2512	0.039868757128715515	0.0992036759853363	0.5637214779853821
2513	0.039416562765836716	0.0990976020693779	0.5637999773025513
2514	0.04025804251432419	0.09901070594787598	0.5639263987541199
2515	0.04042555019259453	0.09891122579574585	0.5642436146736145
2516	0.03982285410165787	0.09884295612573624	0.5645989179611206
2517	0.04020514711737633	0.09882134944200516	0.5649099349975586
2518	0.04063503444194794	0.09885386377573013	0.5650461912155151
2519	0.04064953327178955	0.09889271855354309	0.5651201605796814
2520	0.03938324376940727	0.09891922026872635	0.5652885437011719
2521	0.04102354496717453	0.09895986318588257	0.5653490424156189
2522	0.03951633349061012	0.09900058060884476	0.5654802918434143
2523	0.03989572823047638	0.09905190020799637	0.5655167698860168
2524	0.040255460888147354	0.09906861186027527	0.5655092000961304
2525	0.03974324092268944	0.0990753099322319	0.5654024481773376
2526	0.03996139392256737	0.09906301647424698	0.5653451085090637
2527	0.039349157363176346	0.09904222190380096	0.5654338598251343
2528	0.039152611047029495	0.09902315586805344	0.56548011302948
2529	0.04000883176922798	0.09900626540184021	0.5656043887138367
2530	0.03924744948744774	0.09898114204406738	0.5656164884567261
2531	0.04016704484820366	0.0989718958735466	0.5655094981193542
2532	0.03925677761435509	0.09896738082170486	0.5654764175415039
2533	0.039854325354099274	0.09898393601179123	0.5653871297836304
2534	0.03976261243224144	0.09899889677762985	0.5652516484260559
2535	0.04031804949045181	0.0990033894777298	0.565229058265686
2536	0.03953040763735771	0.09900971502065659	0.5650932192802429
2537	0.03919234871864319	0.09901158511638641	0.5650038719177246
2538	0.03920445963740349	0.09899330884218216	0.5649662017822266
2539	0.039865683764219284	0.09899087250232697	0.5648635029792786
2540	0.03965422883629799	0.09899359196424484	0.564743161201477
2541	0.03952546790242195	0.09899797290563583	0.5647031664848328
2542	0.03972107917070389	0.09900061041116714	0.5646217465400696
2543	0.03934064880013466	0.09901535511016846	0.5645005702972412
2544	0.039751727133989334	0.09903447329998016	0.5643405914306641
2545	0.04019645228981972	0.09905340522527695	0.5641913414001465
2546	0.0401376374065876	0.09907761216163635	0.5640901327133179
2547	0.04037436470389366	0.09909665584564209	0.5640937685966492
2548	0.03984012454748154	0.09909605979919434	0.5642504096031189
2549	0.040385205298662186	0.09909822046756744	0.564414918422699
2550	0.04011477530002594	0.0990925133228302	0.564666748046875
2551	0.039214640855789185	0.09907231479883194	0.5649351477622986
2552	0.03925060108304024	0.09907495975494385	0.5651531219482422
2553	0.03932461887598038	0.09905767440795898	0.5653433799743652
2554	0.039098966866731644	0.09901392459869385	0.5654362440109253
2555	0.039396341890096664	0.09898675978183746	0.5653866529464722
2556	0.03998801112174988	0.09894352406263351	0.5653603672981262
2557	0.03948192670941353	0.0989016741514206	0.5652191638946533
2558	0.040070511400699615	0.09887624531984329	0.565055787563324
2559	0.039342574775218964	0.09885045886039734	0.5649104118347168
2560	0.039575107395648956	0.09885597229003906	0.56480872631073
2561	0.039465319365262985	0.09884531050920486	0.5649039149284363
2562	0.03963858634233475	0.09883185476064682	0.564980149269104
2563	0.040084533393383026	0.09881548583507538	0.5651322603225708
2564	0.039342377334833145	0.0987887904047966	0.5653820037841797
2565	0.03999662026762962	0.09876224398612976	0.5657176971435547
2566	0.03985711559653282	0.09873436391353607	0.5661595463752747
2567	0.039626121520996094	0.09870595484972	0.5666102766990662
2568	0.0395251102745533	0.09868519008159637	0.5668637752532959
2569	0.0397891104221344	0.09865926206111908	0.5670568943023682
2570	0.03999277204275131	0.09863335639238358	0.5672203302383423
2571	0.03979916125535965	0.09864606708288193	0.5671213865280151
2572	0.03957214206457138	0.09867861866950989	0.5669697523117065
2573	0.04025898873806	0.09871695935726166	0.566709578037262
2574	0.040471725165843964	0.0987517461180687	0.5663864016532898
2575	0.03941718488931656	0.09877455234527588	0.5660743117332458
2576	0.039263252168893814	0.09879441559314728	0.5657796263694763
2577	0.03951079025864601	0.09880388528108597	0.5655315518379211
2578	0.04038112610578537	0.09882225096225739	0.5652377605438232
2579	0.0387750081717968	0.0988481342792511	0.5650862455368042
2580	0.03923102840781212	0.09888948500156403	0.5650332570075989
2581	0.0399295873939991	0.09892851114273071	0.5649796724319458
2582	0.039934076368808746	0.09898100048303604	0.5649311542510986
2583	0.04018961638212204	0.09902850538492203	0.5648608803749084
2584	0.03923557326197624	0.09906482696533203	0.564751386642456
2585	0.03913692757487297	0.09905962646007538	0.5648433566093445
2586	0.03925109654664993	0.09906193614006042	0.5649762749671936
2587	0.03938043490052223	0.09906599670648575	0.5651951432228088
2588	0.039819322526454926	0.09905608743429184	0.5654168128967285
2589	0.04011812433600426	0.09903264790773392	0.5655761361122131
2590	0.03890622407197952	0.09901196509599686	0.565608024597168
2591	0.039295610040426254	0.09897534549236298	0.5655269622802734
2592	0.03921293094754219	0.09895571321249008	0.5654375553131104
2593	0.03920184075832367	0.09894256293773651	0.5653668642044067
2594	0.03931755572557449	0.09892881661653519	0.5652519464492798
2595	0.03968687355518341	0.09893407672643661	0.5652275681495667
2596	0.039518579840660095	0.0989670604467392	0.5651441216468811
2597	0.03964134305715561	0.0990065261721611	0.5650206804275513
2598	0.038921236991882324	0.09902649372816086	0.5650625824928284
2599	0.040419865399599075	0.09905063360929489	0.565091609954834
2600	0.0399884358048439	0.09908553212881088	0.5651034712791443
2601	0.039083387702703476	0.09910262376070023	0.5651676058769226
2602	0.03942248970270157	0.09910525381565094	0.5651416182518005
2603	0.03903324902057648	0.0991068184375763	0.5651072263717651
2604	0.039707060903310776	0.09912658482789993	0.5650515556335449
2605	0.039906542748212814	0.09912209957838058	0.5649956464767456
2606	0.03968816250562668	0.09911029040813446	0.5648819804191589
2607	0.03889257088303566	0.09907757490873337	0.5648744106292725
2608	0.039954956620931625	0.09904229640960693	0.5648676156997681
2609	0.03823108598589897	0.0990244448184967	0.5648674368858337
2610	0.039736974984407425	0.09901972860097885	0.5648342370986938
2611	0.039763566106557846	0.0990397110581398	0.5648441910743713
2612	0.03868405148386955	0.09904326498508453	0.564845085144043
2613	0.039104264229536057	0.09904586523771286	0.5648902654647827
2614	0.0394073911011219	0.09905833005905151	0.5649111866950989
2615	0.039680007845163345	0.0990762710571289	0.5649483799934387
2616	0.03928570821881294	0.09908484667539597	0.5649852156639099
2617	0.039282139390707016	0.0990787148475647	0.5651108026504517
2618	0.0395219586789608	0.09907574206590652	0.5651950240135193
2619	0.04027561843395233	0.09905833005905151	0.5652719736099243
2620	0.039308179169893265	0.0990317240357399	0.5653461217880249
2621	0.03927059471607208	0.09902122616767883	0.5653570890426636
2622	0.03963248431682587	0.09902335703372955	0.5652315020561218
2623	0.038899585604667664	0.09903307259082794	0.5650480389595032
2624	0.03895176574587822	0.09903717786073685	0.5650086402893066
2625	0.03890197351574898	0.09905639290809631	0.5649879574775696
2626	0.03927171975374222	0.0990670844912529	0.5649462938308716
2627	0.038815371692180634	0.09909510612487793	0.5648120045661926
2628	0.0398920513689518	0.09912163764238358	0.5646538138389587
2629	0.03981170058250427	0.09915999323129654	0.5645515322685242
2630	0.03909846767783165	0.09918373823165894	0.5644814968109131
2631	0.03882645070552826	0.09917445480823517	0.5646302103996277
2632	0.03952304273843765	0.09912581741809845	0.5648812055587769
2633	0.0394798181951046	0.09903658181428909	0.5651767253875732
2634	0.03882189095020294	0.09895449131727219	0.5655070543289185
2635	0.040061723440885544	0.09887243807315826	0.5657643675804138
2636	0.03983047977089882	0.09882386773824692	0.5657294392585754
2637	0.03977896273136139	0.09880463033914566	0.565601110458374
2638	0.038821782916784286	0.09879527986049652	0.5655642151832581
2639	0.03860170394182205	0.09880457073450089	0.5655477643013
2640	0.03878094255924225	0.09884466975927353	0.5655074119567871
2641	0.039745185524225235	0.09890905022621155	0.5654637217521667
2642	0.038842640817165375	0.09901239722967148	0.565308153629303
2643	0.03917333856225014	0.09911598265171051	0.5651060938835144
2644	0.03900740295648575	0.099187932908535	0.5648563504219055
2645	0.039069127291440964	0.09923805296421051	0.5646429061889648
2646	0.03855407238006592	0.0992676392197609	0.5644055604934692
2647	0.03899754583835602	0.09927039593458176	0.5642959475517273
2648	0.03970598801970482	0.09922123700380325	0.5643385052680969
2649	0.03914538398385048	0.09916793555021286	0.5642973780632019
2650	0.04000233858823776	0.0990990400314331	0.5644147396087646
2651	0.03986160829663277	0.09902018308639526	0.5645832419395447
2652	0.03987769037485123	0.09894517809152603	0.5648021697998047
2653	0.03941820189356804	0.09887854754924774	0.5651311874389648
2654	0.03874516859650612	0.09884850680828094	0.5654787421226501
2655	0.038505204021930695	0.09882453083992004	0.5658339858055115
2656	0.03971966356039047	0.0988207533955574	0.5661719441413879
2657	0.039448678493499756	0.09881813079118729	0.5665092468261719
2658	0.03923100605607033	0.09882435202598572	0.5667011737823486
2659	0.03948163986206055	0.09885428100824356	0.5667263269424438
2660	0.03895943984389305	0.0988570973277092	0.5667036175727844
2661	0.038475215435028076	0.09887078404426575	0.5664838552474976
2662	0.03937160596251488	0.09887755662202835	0.5662248134613037
2663	0.03881428390741348	0.0988951250910759	0.5658786296844482
2664	0.03871660307049751	0.09892617166042328	0.5655689835548401
2665	0.038613107055425644	0.09895538538694382	0.5653966069221497
2666	0.038675375282764435	0.09897873550653458	0.5652485489845276
2667	0.039082691073417664	0.09900371730327606	0.5652014017105103
2668	0.038719020783901215	0.09903713315725327	0.5651636719703674
2669	0.039386969059705734	0.09906923770904541	0.5652013421058655
2670	0.039477668702602386	0.09909307211637497	0.56516432762146
2671	0.038939375430345535	0.09908878803253174	0.5652153491973877
2672	0.03887312486767769	0.09909328073263168	0.5653063058853149
2673	0.03893771767616272	0.0991126000881195	0.5653159618377686
2674	0.039325177669525146	0.09912420809268951	0.5652860999107361
2675	0.038979366421699524	0.09914200007915497	0.5651592016220093
2676	0.03861253708600998	0.09913880378007889	0.5651156306266785
2677	0.039034582674503326	0.09911580383777618	0.5649954080581665
2678	0.03864603489637375	0.09908406436443329	0.5647976994514465
2679	0.038134340196847916	0.09906347841024399	0.5645268559455872
2680	0.039495937526226044	0.09904514998197556	0.5643042922019958
2681	0.03937995806336403	0.09901388734579086	0.5641934871673584
2682	0.03942668437957764	0.09897974878549576	0.5642527341842651
2683	0.03827614337205887	0.09898670017719269	0.5643593072891235
2684	0.038539525121450424	0.09899983555078506	0.5644972920417786
2685	0.03920629248023033	0.0990266352891922	0.5646870136260986
2686	0.03835190460085869	0.09905124455690384	0.5648704171180725
2687	0.039214953780174255	0.09905091673135757	0.5651879906654358
2688	0.039167314767837524	0.09903416037559509	0.5654720664024353
2689	0.03894611448049545	0.09900491684675217	0.5656446218490601
2690	0.03881378471851349	0.09894561767578125	0.5658477544784546
2691	0.03889387845993042	0.09887699037790298	0.5658780932426453
2692	0.0388031043112278	0.09882419556379318	0.5658544898033142
2693	0.03849497064948082	0.09878305345773697	0.5658299922943115
2694	0.03919925168156624	0.09877819567918777	0.5657926201820374
2695	0.038727663457393646	0.0987861379981041	0.5658106803894043
2696	0.03872709348797798	0.09882348775863647	0.5656911730766296
2697	0.03825584053993225	0.0988791212439537	0.5655761361122131
2698	0.03882525861263275	0.09896301478147507	0.5655149817466736
2699	0.038861192762851715	0.09906189888715744	0.5654402375221252
2700	0.038512952625751495	0.09916801750659943	0.5653070211410522
2701	0.03861122578382492	0.09924682229757309	0.5651882886886597
2702	0.03846849873661995	0.0992891788482666	0.565061628818512
2703	0.03907277435064316	0.09928405284881592	0.5650637149810791
2704	0.0383673757314682	0.09923776984214783	0.5650489330291748
2705	0.03843364492058754	0.09916815906763077	0.5649821758270264
2706	0.038507916033267975	0.09910473972558975	0.5649740695953369
2707	0.03858761861920357	0.09902847558259964	0.5650615692138672
2708	0.03839140012860298	0.09896587580442429	0.5651463866233826
2709	0.03865598514676094	0.09890792518854141	0.5652655959129333
2710	0.039583731442689896	0.09886536747217178	0.5653899312019348
2711	0.03856916353106499	0.09884414821863174	0.5654060244560242
2712	0.038905832916498184	0.09883837401866913	0.5653602480888367
2713	0.03877494856715202	0.09884857386350632	0.5652577877044678
2714	0.03902938589453697	0.0988546758890152	0.565213143825531
2715	0.038849856704473495	0.09886839240789413	0.565251886844635
2716	0.03967486321926117	0.09889639914035797	0.5652346611022949
2717	0.03897415101528168	0.09893494099378586	0.565278947353363
2718	0.03888729214668274	0.09896717220544815	0.5653872489929199
2719	0.03913887217640877	0.09897755086421967	0.5654681324958801
2720	0.039380233734846115	0.09896910190582275	0.5655214190483093
2721	0.03849690034985542	0.09893521666526794	0.5657039880752563
2722	0.038754675537347794	0.09888817369937897	0.5658878684043884
2723	0.03876881301403046	0.09885856509208679	0.5660062432289124
2724	0.03926423192024231	0.09881027042865753	0.5661091804504395
2725	0.038949497044086456	0.0987740308046341	0.5661413669586182
2726	0.038864459842443466	0.09874985367059708	0.5661452412605286
2727	0.03956480324268341	0.09875032305717468	0.5661066174507141
2728	0.03854234889149666	0.09875132143497467	0.5659991502761841
2729	0.03838963434100151	0.09875301271677017	0.5659497380256653
2730	0.038810133934020996	0.09877762943506241	0.5659021139144897
2731	0.03804386779665947	0.09881233423948288	0.5658165812492371
2732	0.038976822048425674	0.09883112460374832	0.5658196210861206
2733	0.03832900896668434	0.09886524826288223	0.5657333731651306
2734	0.03961634263396263	0.09888333827257156	0.5657554268836975
2735	0.03881632536649704	0.0989057645201683	0.5658936500549316
2736	0.0387406125664711	0.09893602132797241	0.5659632682800293
2737	0.0384526401758194	0.09897655248641968	0.5660499334335327
2738	0.038258347660303116	0.099019356071949	0.5661219358444214
2739	0.039017997682094574	0.09905583411455154	0.5661607384681702
2740	0.038332488387823105	0.09908647835254669	0.5661388039588928
2741	0.03839460387825966	0.09910579770803452	0.5661139488220215
2742	0.038732606917619705	0.0990992859005928	0.5660929083824158
2743	0.038489434868097305	0.09905388951301575	0.5661012530326843
2744	0.0391584075987339	0.09900923818349838	0.5660064220428467
2745	0.03852051869034767	0.09897454082965851	0.565935492515564
2746	0.03840162605047226	0.09893915057182312	0.5658602714538574
2747	0.03821210563182831	0.09892836213111877	0.5657368302345276
2748	0.03881300613284111	0.09892924875020981	0.5655955076217651
2749	0.0384192131459713	0.0989375039935112	0.5655133128166199
2750	0.03917434439063072	0.09894265979528427	0.565460741519928
2751	0.03877393901348114	0.09894520789384842	0.565444827079773
2752	0.039072435349226	0.09892727434635162	0.565565288066864
2753	0.039623506367206573	0.09891721606254578	0.565597414970398
2754	0.03874734789133072	0.09890840947628021	0.5657426714897156
2755	0.03771865740418434	0.09888842701911926	0.5659410953521729
2756	0.03880464285612106	0.09885115176439285	0.5661758780479431
2757	0.038427721709012985	0.09880464524030685	0.5664180517196655
2758	0.03939885273575783	0.09873290359973907	0.5667260885238647
2759	0.038211070001125336	0.0986473336815834	0.567200243473053
2760	0.038692545145750046	0.09857558459043503	0.5676847100257874
2761	0.03840422257781029	0.09852087497711182	0.5680328011512756
2762	0.03919970989227295	0.09848024696111679	0.568204402923584
2763	0.038331836462020874	0.09849005937576294	0.5682341456413269
2764	0.039149392396211624	0.09852568805217743	0.5681146383285522
2765	0.03894064947962761	0.09856674820184708	0.5679291486740112
2766	0.03891321271657944	0.09860149025917053	0.5677043199539185
2767	0.03827204555273056	0.09866581857204437	0.5673848390579224
2768	0.03823741152882576	0.09871692955493927	0.5672066807746887
2769	0.039115164428949356	0.09873740375041962	0.5671108961105347
2770	0.03895055502653122	0.0987372174859047	0.5669529438018799
2771	0.038650743663311005	0.09871517866849899	0.5668938755989075
2772	0.037857696413993835	0.09869068115949631	0.5668327212333679
2773	0.03835528343915939	0.09867861121892929	0.566770076751709
2774	0.038545895367860794	0.09868124127388	0.5668056011199951
2775	0.03836188465356827	0.09868746250867844	0.5668545961380005
2776	0.03900878131389618	0.0987103208899498	0.5668541193008423
2777	0.03879107907414436	0.09875626862049103	0.5667416453361511
2778	0.03838052228093147	0.09880769997835159	0.5665357708930969
2779	0.03844859078526497	0.09886220842599869	0.5663163661956787
2780	0.03793264552950859	0.09890719503164291	0.566128671169281
2781	0.03763052076101303	0.09895432740449905	0.5659323334693909
2782	0.03805646672844887	0.09897806495428085	0.5659114718437195
2783	0.038932494819164276	0.09899003058671951	0.5660170912742615
2784	0.038460005074739456	0.09898597002029419	0.5662305355072021
2785	0.03871864825487137	0.09899146109819412	0.5662868022918701
2786	0.03919658437371254	0.09899595379829407	0.5662685632705688
2787	0.038492102175951004	0.09898838400840759	0.5662372708320618
2788	0.03919092193245888	0.0989920049905777	0.5660290122032166
2789	0.03869321569800377	0.09898035228252411	0.5658708214759827
2790	0.03780684620141983	0.09895956516265869	0.5656611919403076
2791	0.03908531740307808	0.0989237055182457	0.5655839443206787
2792	0.03893719241023064	0.0989098846912384	0.5655256509780884
2793	0.03805486857891083	0.09890484809875488	0.5654506087303162
2794	0.03784358501434326	0.09890179336071014	0.5654830932617188
2795	0.03808475658297539	0.09890269488096237	0.5655512809753418
2796	0.03798462077975273	0.09887902438640594	0.5657668709754944
2797	0.03798477351665497	0.09884200245141983	0.565975546836853
2798	0.03876643627882004	0.09883173555135727	0.5661312937736511
2799	0.03808528929948807	0.0988355353474617	0.5663236975669861
2800	0.03841739147901535	0.09884229302406311	0.566509485244751
2801	0.03811901807785034	0.09883809834718704	0.5666942000389099
2802	0.03764362633228302	0.0988190770149231	0.5668399333953857
2803	0.03760812431573868	0.09878519177436829	0.5669394135475159
2804	0.039212603121995926	0.09871921688318253	0.5670809745788574
2805	0.038661714643239975	0.09868283569812775	0.5671215653419495
2806	0.038862694054841995	0.09867770224809647	0.5670267343521118
2807	0.03810679912567139	0.09867813438177109	0.5669357180595398
2808	0.03839937597513199	0.0986882671713829	0.5667598247528076
2809	0.03810219094157219	0.09868842363357544	0.566809356212616
2810	0.03820405155420303	0.09870800375938416	0.5668215751647949
2811	0.0389237217605114	0.09875001013278961	0.5667898058891296
2812	0.0391620472073555	0.09880175441503525	0.5666845440864563
2813	0.03851327300071716	0.0988316535949707	0.5666092038154602
2814	0.03819511830806732	0.09885241091251373	0.5664886236190796
2815	0.037837013602256775	0.09887586534023285	0.5662970542907715
2816	0.039066728204488754	0.09888135641813278	0.5661184191703796
2817	0.03804350644350052	0.09885939210653305	0.5660872459411621
2818	0.03830128163099289	0.09885802119970322	0.5660297274589539
2819	0.038443583995103836	0.09883596748113632	0.5661442875862122
2820	0.03790346905589104	0.09880746155977249	0.5663615465164185
2821	0.038166508078575134	0.09879467636346817	0.5664981007575989
2822	0.037373967468738556	0.09876541793346405	0.5666442513465881
2823	0.0381048358976841	0.09875109791755676	0.5667427182197571
2824	0.03728991746902466	0.09873979538679123	0.5668113231658936
2825	0.038546428084373474	0.09875505417585373	0.5667980313301086
2826	0.03829098492860794	0.09876813739538193	0.5667819380760193
2827	0.037767186760902405	0.09878283739089966	0.566746711730957
2828	0.03955307975411415	0.098824143409729	0.5666759014129639
2829	0.037842534482479095	0.09885106235742569	0.5667216777801514
2830	0.03773978725075722	0.09887701272964478	0.5666849613189697
2831	0.03843469172716141	0.09889949858188629	0.5665830969810486
2832	0.03854213282465935	0.09892632812261581	0.5665295124053955
2833	0.03808743134140968	0.09892340004444122	0.5665942430496216
2834	0.038323186337947845	0.09891919046640396	0.5665243864059448
2835	0.03881268575787544	0.09893083572387695	0.5664721727371216
2836	0.03810407593846321	0.09895740449428558	0.566260576248169
2837	0.03799953684210777	0.09895464777946472	0.5660326480865479
2838	0.03747044876217842	0.0989617109298706	0.5658273696899414
2839	0.038857948035001755	0.09895596653223038	0.5656610131263733
2840	0.038138825446367264	0.0989457294344902	0.5655297040939331
2841	0.03905321657657623	0.09894958883523941	0.565393328666687
2842	0.03734426200389862	0.09893231093883514	0.5653279423713684
2843	0.03737596049904823	0.09890676289796829	0.5652889013290405
2844	0.03782273083925247	0.09890100359916687	0.5653243064880371
2845	0.03772985190153122	0.0988892912864685	0.5654013752937317
2846	0.03778465837240219	0.09888225793838501	0.5654868483543396
2847	0.038063015788793564	0.09888336807489395	0.5655633211135864
2848	0.038033630698919296	0.09891240298748016	0.5655468106269836
2849	0.0384012907743454	0.09894981235265732	0.5655198693275452
2850	0.03831944987177849	0.09898726642131805	0.5654744505882263
2851	0.03765229135751724	0.0990164577960968	0.5654807686805725
2852	0.037746261805295944	0.0990363135933876	0.5655973553657532
2853	0.037673935294151306	0.09902957081794739	0.5656687021255493
2854	0.03835999220609665	0.09900576621294022	0.5657296180725098
2855	0.03852912783622742	0.09894583374261856	0.5658944249153137
2856	0.037890806794166565	0.09885931760072708	0.5662326812744141
2857	0.038912583142519	0.09875506162643433	0.5666260719299316
2858	0.03867523744702339	0.09867724031209946	0.566903293132782
2859	0.037605080753564835	0.09862684458494186	0.5671348571777344
2860	0.038376107811927795	0.09858457744121552	0.5673884749412537
2861	0.03741174191236496	0.09855977445840836	0.567531168460846
2862	0.037143610417842865	0.09853242337703705	0.5676156878471375
2863	0.03853143751621246	0.09851603209972382	0.5676608085632324
2864	0.03843437135219574	0.09851334244012833	0.5677259564399719
2865	0.0383085235953331	0.09854185581207275	0.5676298141479492
2866	0.03862791508436203	0.0986090749502182	0.5675213932991028
2867	0.037688300013542175	0.09866165369749069	0.5675042271614075
2868	0.03792578727006912	0.09871231764554977	0.567440390586853
2869	0.037511929869651794	0.0987728014588356	0.5673441886901855
2870	0.038490813225507736	0.09881244599819183	0.5672016739845276
2871	0.038101956248283386	0.0988258421421051	0.5671512484550476
2872	0.03695144131779671	0.09881594777107239	0.5670236945152283
2873	0.0382903553545475	0.09881667047739029	0.5669411420822144
2874	0.03805490583181381	0.09879585355520248	0.5669567584991455
2875	0.03793932870030403	0.09874023497104645	0.5671422481536865
2876	0.03768615797162056	0.09871111065149307	0.5672389268875122
2877	0.037823911756277084	0.09868427366018295	0.5673809051513672
2878	0.03778931125998497	0.09867599606513977	0.567473828792572
2879	0.03752504289150238	0.0986434817314148	0.5675432682037354
2880	0.038367416709661484	0.09862011671066284	0.5675559639930725
2881	0.03715435042977333	0.09862054139375687	0.5675192475318909
2882	0.038534976541996	0.09862857311964035	0.5673975944519043
2883	0.03772132098674774	0.09864766150712967	0.5673001408576965
2884	0.03835436701774597	0.09867953509092331	0.5670711398124695
2885	0.03772345185279846	0.09873076528310776	0.5669052004814148
2886	0.03841683641076088	0.09877084940671921	0.5668014883995056
2887	0.03715049475431442	0.09878889471292496	0.5668588876724243
2888	0.03737455978989601	0.0988013967871666	0.5668569207191467
2889	0.03816591575741768	0.09880230575799942	0.5668481588363647
2890	0.038457177579402924	0.0988084226846695	0.5668184161186218
2891	0.03813495859503746	0.09881194680929184	0.5668171048164368
2892	0.03758149594068527	0.09880108386278152	0.5667862892150879
2893	0.037438444793224335	0.09879594296216965	0.5667117834091187
2894	0.037688449025154114	0.09880457818508148	0.5666518807411194
2895	0.037568554282188416	0.0987953320145607	0.5667535066604614
2896	0.03792079910635948	0.0987769141793251	0.567062258720398
2897	0.038802143186330795	0.09877153486013412	0.5672858953475952
2898	0.03742662072181702	0.09875364601612091	0.5675042271614075
2899	0.037956856191158295	0.09874691814184189	0.5675414204597473
2900	0.03763969987630844	0.09873620420694351	0.5676031112670898
2901	0.037728410214185715	0.0987115427851677	0.567654550075531
2902	0.03803379088640213	0.09870155900716782	0.5677022337913513
2903	0.03831696882843971	0.09870368242263794	0.5676120519638062
2904	0.038161102682352066	0.09868939220905304	0.567436933517456
2905	0.03856268897652626	0.09865861386060715	0.5672628283500671
2906	0.03774959594011307	0.09862671792507172	0.5671662092208862
2907	0.038251347839832306	0.09862641245126724	0.5670182108879089
2908	0.038000382483005524	0.09864601492881775	0.5669095516204834
2909	0.037402257323265076	0.09867406636476517	0.5667839050292969
2910	0.03791072592139244	0.09869643300771713	0.5668184757232666
2911	0.0386509895324707	0.09871285408735275	0.5669490694999695
2912	0.03768030181527138	0.0987306460738182	0.5671488046646118
2913	0.03764819726347923	0.09874428808689117	0.5674087405204773
2914	0.0371466800570488	0.09875936806201935	0.5675442814826965
2915	0.038184214383363724	0.09874525666236877	0.5677248239517212
2916	0.037769198417663574	0.09875365346670151	0.5679252743721008
2917	0.037842489778995514	0.09872772544622421	0.5681363940238953
2918	0.03778241574764252	0.09871457517147064	0.5682422518730164
2919	0.03808661922812462	0.09868071973323822	0.5682857036590576
2920	0.03811904788017273	0.09863954782485962	0.5682801604270935
2921	0.0382423959672451	0.09860128164291382	0.5682065486907959
2922	0.0375063382089138	0.09859035909175873	0.5681198835372925
2923	0.03762103244662285	0.09857653081417084	0.5680393576622009
2924	0.037447139620780945	0.09858569502830505	0.5679588317871094
2925	0.03745365887880325	0.09860298037528992	0.5678693056106567
2926	0.0376523919403553	0.0986165702342987	0.5678099393844604
2927	0.03754260018467903	0.098625048995018	0.5678249597549438
2928	0.03750275820493698	0.09865391254425049	0.5677978992462158
2929	0.03756380453705788	0.09866935759782791	0.5678080320358276
2930	0.03744948282837868	0.09868419915437698	0.5678612589836121
2931	0.03798823431134224	0.09868655353784561	0.5679183006286621
2932	0.03706420958042145	0.09868606925010681	0.5679934620857239
2933	0.037473633885383606	0.09868671745061874	0.5680387616157532
2934	0.03729986026883125	0.09868068248033524	0.5680433511734009
2935	0.038018837571144104	0.0986344963312149	0.5682084560394287
2936	0.037907201796770096	0.09858740121126175	0.5684004426002502
2937	0.037417251616716385	0.09853573143482208	0.568644642829895
2938	0.037546221166849136	0.09847532212734222	0.5689047574996948
2939	0.03775418922305107	0.09842976927757263	0.5691220164299011
2940	0.037052810192108154	0.09839792549610138	0.5693250894546509
2941	0.037469830363988876	0.09841447323560715	0.5693503022193909
2942	0.03867901489138603	0.09842949360609055	0.5693033337593079
2943	0.03766464442014694	0.09846147894859314	0.5691969990730286
2944	0.037776414304971695	0.0984855592250824	0.5689812898635864
2945	0.037707988172769547	0.09850195050239563	0.568783700466156
2946	0.03699583187699318	0.09850186854600906	0.5686060190200806
2947	0.037262819707393646	0.09852628409862518	0.5683975219726562
2948	0.03797290474176407	0.09853586554527283	0.568233847618103
2949	0.03756837919354439	0.09852106124162674	0.5682016611099243
2950	0.03810880705714226	0.09850884974002838	0.5682838559150696
2951	0.03758068382740021	0.09851100295782089	0.5682511925697327
2952	0.03758010268211365	0.0985189899802208	0.5682328343391418
2953	0.037390969693660736	0.09854044765233994	0.5680521726608276
2954	0.037315692752599716	0.09856449067592621	0.5678312182426453
2955	0.03749227896332741	0.09862188994884491	0.567639172077179
2956	0.0368773378431797	0.09866171330213547	0.5675610899925232
2957	0.0376499742269516	0.09869808703660965	0.5675306916236877
2958	0.03721264749765396	0.09872332215309143	0.5675190091133118
2959	0.0377204604446888	0.09874385595321655	0.5675337910652161
2960	0.037536755204200745	0.09875215590000153	0.5676009654998779
2961	0.0377274826169014	0.0987618938088417	0.5676708817481995
2962	0.03741342946887016	0.09875695407390594	0.5677483677864075
2963	0.037851475179195404	0.09875696897506714	0.5677891969680786
2964	0.0366232767701149	0.09874822944402695	0.5677310824394226
2965	0.03764355182647705	0.09872160106897354	0.5676606893539429
2966	0.03732623532414436	0.0986926481127739	0.5675936341285706
2967	0.0375199131667614	0.09866128861904144	0.5675653219223022
2968	0.036966901272535324	0.09862568974494934	0.5675728917121887
2969	0.037260301411151886	0.09860274195671082	0.5676794052124023
2970	0.03712080046534538	0.09860734641551971	0.5676962733268738
2971	0.03742987662553787	0.09864083677530289	0.5676791071891785
2972	0.037129007279872894	0.09866870194673538	0.567635178565979
2973	0.03738873079419136	0.09870550036430359	0.5675954222679138
2974	0.037027522921562195	0.09873136878013611	0.5675643086433411
2975	0.036459263414144516	0.09876219928264618	0.5675524473190308
2976	0.037485674023628235	0.09878066927194595	0.5676450729370117
2977	0.038024287670850754	0.09877227991819382	0.567818284034729
2978	0.037652529776096344	0.0987449437379837	0.5678561329841614
2979	0.03718822821974754	0.09871926158666611	0.5678567886352539
2980	0.037386465817689896	0.09867870062589645	0.5678353309631348
2981	0.0370812825858593	0.09861724078655243	0.567866325378418
2982	0.03724265098571777	0.09857480227947235	0.5679337978363037
2983	0.03770929574966431	0.09854565560817719	0.5680410265922546
2984	0.0368734672665596	0.09853529930114746	0.5681775212287903
2985	0.03763600438833237	0.0985386073589325	0.5683387517929077
2986	0.037306711077690125	0.09854203462600708	0.5684567093849182
2987	0.036869265139102936	0.0985434278845787	0.5685967206954956
2988	0.03684966266155243	0.09856078028678894	0.5686517357826233
2989	0.037198055535554886	0.09858675301074982	0.5684889554977417
2990	0.03685861825942993	0.09860233962535858	0.5682834982872009
2991	0.03736228123307228	0.09861896187067032	0.5681320428848267
2992	0.03606598079204559	0.09863842278718948	0.5679085850715637
2993	0.03784298151731491	0.09864477068185806	0.5678004622459412
2994	0.03698860853910446	0.09865075349807739	0.5676391124725342
2995	0.03703638166189194	0.09865060448646545	0.5674073100090027
2996	0.03798792511224747	0.09863951057195663	0.5673208832740784
2997	0.0370488278567791	0.0986364334821701	0.5672321915626526
2998	0.03761119395494461	0.09861855208873749	0.5672220587730408
2999	0.03734208270907402	0.09861356019973755	0.5672364234924316
3000	0.03754918649792671	0.09861522912979126	0.567253053188324
3001	0.037507981061935425	0.0986243188381195	0.5672702193260193
3002	0.03738527372479439	0.09862913191318512	0.5673413872718811
3003	0.03607626631855965	0.09864193946123123	0.5673959255218506
3004	0.0377122238278389	0.0986488088965416	0.5674829483032227
3005	0.03702079504728317	0.0986555963754654	0.567601203918457
3006	0.03724430128931999	0.09866546839475632	0.5676738023757935
3007	0.036931317299604416	0.09868069738149643	0.5677595734596252
3008	0.036713484674692154	0.09868595004081726	0.5678529143333435
3009	0.03761212155222893	0.09869065880775452	0.5679216384887695
3010	0.036546897143125534	0.0987050011754036	0.567899227142334
3011	0.03761966899037361	0.09871268272399902	0.5679337382316589
3012	0.03730304166674614	0.09871156513690948	0.5679672956466675
3013	0.0371355377137661	0.0986865907907486	0.5680133700370789
3014	0.037492796778678894	0.09866851568222046	0.5680248141288757
3015	0.03718030825257301	0.09864447265863419	0.5680447816848755
3016	0.03725987672805786	0.09862767904996872	0.5680630803108215
3017	0.03703882545232773	0.09862741827964783	0.5680193305015564
3018	0.037379875779151917	0.09862043708562851	0.567990243434906
3019	0.03663739562034607	0.09860699623823166	0.5679354667663574
3020	0.03649113327264786	0.09859788417816162	0.5679100155830383
3021	0.0370776504278183	0.09859418869018555	0.5678548812866211
3022	0.037551555782556534	0.0985870435833931	0.5678553581237793
3023	0.036620207130908966	0.09858445823192596	0.5678865313529968
3024	0.03797636926174164	0.0985768511891365	0.5679522752761841
3025	0.037124257534742355	0.09857868403196335	0.5680350065231323
3026	0.03730607032775879	0.09858456999063492	0.5680031776428223
3027	0.03715096786618233	0.09858503937721252	0.5679738521575928
3028	0.03718879818916321	0.09856844693422318	0.5679808855056763
3029	0.03668629378080368	0.09855148941278458	0.5679965019226074
3030	0.03668709471821785	0.0985456183552742	0.5679208636283875
3031	0.036830563098192215	0.09853760153055191	0.5678566694259644
3032	0.03719872236251831	0.09853389114141464	0.5678064227104187
3033	0.037915609776973724	0.09852822870016098	0.5677707195281982
3034	0.03669532760977745	0.09852190315723419	0.5678220391273499
3035	0.03655233606696129	0.09852167218923569	0.5679100751876831
3036	0.03731571510434151	0.09850942343473434	0.568061113357544
3037	0.03658570721745491	0.09849409759044647	0.5682206749916077
3038	0.036916252225637436	0.09848597645759583	0.5683876276016235
3039	0.03773542121052742	0.09847572445869446	0.5685409307479858
3040	0.0373016893863678	0.09846659749746323	0.5687049031257629
3041	0.03731786832213402	0.09845966100692749	0.5688348412513733
3042	0.037627872079610825	0.09844859689474106	0.5688912868499756
3043	0.03738315775990486	0.09843947738409042	0.5688830614089966
3044	0.037099260836839676	0.09842802584171295	0.5688353776931763
3045	0.0371774360537529	0.09842681884765625	0.5687992572784424
3046	0.03720790520310402	0.0984356552362442	0.5687879323959351
3047	0.03711125627160072	0.09844211488962173	0.5687636733055115
3048	0.0369839072227478	0.09845252335071564	0.5687539577484131
3049	0.03741114214062691	0.09846839308738708	0.5686721205711365
3050	0.037956953048706055	0.09848493337631226	0.5685694217681885
3051	0.03684723749756813	0.09849481284618378	0.568468451499939
3052	0.03702740743756294	0.09850689768791199	0.568346381187439
3053	0.037113796919584274	0.0985182523727417	0.5682548880577087
3054	0.03733890503644943	0.09852902591228485	0.5681957602500916
3055	0.036859337240457535	0.09854459017515182	0.5682146549224854
3056	0.03678564727306366	0.09855649620294571	0.5682810544967651
3057	0.036952417343854904	0.09856471419334412	0.5682833790779114
3058	0.03674094006419182	0.09856846928596497	0.568311333656311
3059	0.037246640771627426	0.09856916218996048	0.5683668851852417
3060	0.03674982488155365	0.09856601059436798	0.5684232711791992
3061	0.03736544027924538	0.09856796264648438	0.5684843063354492
3062	0.0372341051697731	0.09856586903333664	0.5685113668441772
3063	0.03784363716840744	0.09856098145246506	0.5685065984725952
3064	0.037012357264757156	0.09855737537145615	0.5684982538223267
3065	0.03781605139374733	0.0985473245382309	0.5684663653373718
3066	0.03718569874763489	0.09853654354810715	0.5684406757354736
3067	0.03732040151953697	0.09851652383804321	0.5684385299682617
3068	0.036418795585632324	0.09849947690963745	0.5684917569160461
3069	0.03766820952296257	0.09849116206169128	0.5685005784034729
3070	0.03745097294449806	0.09848010540008545	0.5685032606124878
3071	0.03728889301419258	0.0984690859913826	0.5685163736343384
3072	0.037217848002910614	0.09846751391887665	0.5684738159179688
3073	0.037533652037382126	0.0984591469168663	0.5684912204742432
3074	0.03748169168829918	0.09845341742038727	0.5684540867805481
3075	0.036497026681900024	0.09844790399074554	0.5684501528739929
3076	0.037230923771858215	0.09843728691339493	0.5684324502944946
3077	0.03692811354994774	0.09843964129686356	0.5684253573417664
3078	0.03679750859737396	0.09844211488962173	0.5683956146240234
3079	0.03780806064605713	0.09845312684774399	0.5683422684669495
3080	0.03734920173883438	0.0984828993678093	0.5682235956192017
3081	0.03787112608551979	0.09851522743701935	0.5681188702583313
3082	0.03652702271938324	0.09854555875062943	0.5680810213088989
3083	0.037255749106407166	0.09857578575611115	0.5680192708969116
3084	0.03769451379776001	0.09860231727361679	0.5679615139961243
3085	0.037221796810626984	0.09862566739320755	0.567901611328125
3086	0.03674755617976189	0.0986456423997879	0.567868709564209
3087	0.03718910366296768	0.09866130352020264	0.5678396821022034
3088	0.037491049617528915	0.09866052865982056	0.5678322315216064
3089	0.03642283380031586	0.09865956008434296	0.5678535103797913
3090	0.037397608160972595	0.09864228218793869	0.5678644776344299
3091	0.03698486462235451	0.09863316267728806	0.5678578615188599
3092	0.03722387179732323	0.0986209362745285	0.567891001701355
3093	0.036421678960323334	0.09860972315073013	0.5678980350494385
3094	0.03678923472762108	0.09859225898981094	0.5678899884223938
3095	0.03664607182145119	0.0985717922449112	0.5678861737251282
3096	0.03785606101155281	0.09855002909898758	0.5679620504379272
3097	0.03594628721475601	0.09852596372365952	0.5680519342422485
3098	0.03772546350955963	0.09850412607192993	0.5681430101394653
3099	0.03705531731247902	0.09848533570766449	0.5682615637779236
3100	0.03735068812966347	0.09847655892372131	0.5683978796005249
3101	0.036343034356832504	0.09846759587526321	0.5685601234436035
3102	0.03713319078087807	0.09845512360334396	0.5687026381492615
3103	0.03679843246936798	0.09845003485679626	0.5687845945358276
3104	0.037034373730421066	0.09845416247844696	0.5688414573669434
3105	0.0374259278178215	0.09845834225416183	0.5688627362251282
3106	0.036945320665836334	0.09846195578575134	0.5688120126724243
3107	0.03756108507514	0.09845675528049469	0.568800687789917
3108	0.03715839609503746	0.09845130145549774	0.568794846534729
3109	0.036808453500270844	0.09844554960727692	0.5688002705574036
3110	0.03647652268409729	0.09844265133142471	0.5688056349754333
3111	0.037082720547914505	0.09844198822975159	0.5687803626060486
3112	0.03631603717803955	0.09844588488340378	0.5687297582626343
3113	0.038047343492507935	0.09845069795846939	0.5686565041542053
3114	0.03659007325768471	0.09845323115587234	0.5685646533966064
3115	0.03680206462740898	0.09846280515193939	0.5684686303138733
3116	0.03706326708197594	0.09847091138362885	0.5683990716934204
3117	0.037553735077381134	0.09848690778017044	0.5683258771896362
3118	0.036805544048547745	0.09849847108125687	0.5682428479194641
3119	0.0367414653301239	0.09851077944040298	0.5681648850440979
3120	0.0369657501578331	0.09853106737136841	0.5680970549583435
3121	0.03636579215526581	0.09854240715503693	0.5680655241012573
3122	0.0372004397213459	0.09855581820011139	0.5680564045906067
3123	0.03761406987905502	0.09856782108545303	0.5680651664733887
3124	0.0373021736741066	0.09858373552560806	0.568024754524231
3125	0.03706703335046768	0.09860166162252426	0.5679786205291748
3126	0.03740376606583595	0.0986182689666748	0.567956805229187
3127	0.03697140887379646	0.09862200915813446	0.567986249923706
3128	0.03712144121527672	0.09862736612558365	0.5680392980575562
3129	0.03727567940950394	0.09862448275089264	0.5680666565895081
3130	0.037280526012182236	0.09862474352121353	0.5680620074272156
3131	0.03693748265504837	0.09862641245126724	0.5680999755859375
3132	0.03689734637737274	0.09862270951271057	0.568135142326355
3133	0.03752688691020012	0.09860865026712418	0.5681658387184143
3134	0.03628984093666077	0.0985884964466095	0.568223237991333
3135	0.03696347400546074	0.09856218099594116	0.5683092474937439
3136	0.03782978653907776	0.0985473096370697	0.5683302879333496
3137	0.03728858008980751	0.09853687137365341	0.5683159232139587
3138	0.03673824295401573	0.09853027015924454	0.5682964324951172
3139	0.03746391460299492	0.09852567315101624	0.5682403445243835
3140	0.036688730120658875	0.0985223576426506	0.5681519508361816
3141	0.03689706325531006	0.09852969646453857	0.5681297779083252
3142	0.03646464645862579	0.09853886067867279	0.5680933594703674
3143	0.03715773671865463	0.09855052828788757	0.5680562853813171
3144	0.03733011707663536	0.09855151176452637	0.5680744647979736
3145	0.03686349838972092	0.09854347258806229	0.5680932998657227
3146	0.037118133157491684	0.09853875637054443	0.5681257843971252
3147	0.03629842400550842	0.0985424816608429	0.568160355091095
3148	0.03665788844227791	0.0985453724861145	0.5681678652763367
3149	0.03697824478149414	0.0985482707619667	0.5681448578834534
3150	0.037229131907224655	0.09855607897043228	0.5681289434432983
3151	0.03654221445322037	0.09855777770280838	0.5681142210960388
3152	0.03608760982751846	0.09855849295854568	0.5681370496749878
3153	0.03674047067761421	0.09855955839157104	0.5681557655334473
3154	0.036914944648742676	0.09857521206140518	0.5681475400924683
3155	0.03725304827094078	0.0985875129699707	0.5681301355361938
3156	0.03674088045954704	0.09860006719827652	0.5680920481681824
3157	0.03699575737118721	0.09859869629144669	0.5681020617485046
3158	0.03683155030012131	0.09860758483409882	0.5681204199790955
3159	0.03707444667816162	0.09861746430397034	0.5680903792381287
3160	0.03691665083169937	0.0986236110329628	0.5680497288703918
3161	0.03685636445879936	0.09862411767244339	0.5680398941040039
3162	0.03739016130566597	0.09861745685338974	0.5680647492408752
3163	0.03648228570818901	0.0986051857471466	0.568087100982666
3164	0.03579767048358917	0.09859415143728256	0.5681216716766357
3165	0.037606388330459595	0.09857960790395737	0.5680984854698181
3166	0.03686236962676048	0.09856884926557541	0.5680291652679443
3167	0.03699273243546486	0.09856094419956207	0.5679648518562317
3168	0.03737824410200119	0.09855488687753677	0.5679112672805786
3169	0.03725707158446312	0.09853700548410416	0.5679094791412354
3170	0.03636524826288223	0.09851526468992233	0.5679318904876709
3171	0.03680211678147316	0.09850776940584183	0.5678917765617371
3172	0.0366467610001564	0.09850519150495529	0.5678576231002808
3173	0.03693821653723717	0.09850647300481796	0.5678489208221436
3174	0.036861494183540344	0.09850430488586426	0.567918062210083
3175	0.03706139326095581	0.09850231558084488	0.5680302381515503
3176	0.03669149801135063	0.09850619733333588	0.5681267976760864
3177	0.037439677864313126	0.09850706160068512	0.5682246685028076
3178	0.035624127835035324	0.09850894659757614	0.5683201551437378
3179	0.03620775789022446	0.09851109236478806	0.5684325695037842
3180	0.037346094846725464	0.09851057082414627	0.5685616731643677
3181	0.03645435720682144	0.09850790351629257	0.5687248706817627
3182	0.03630572929978371	0.09850042313337326	0.5688289403915405
3183	0.03676903620362282	0.09849482029676437	0.5688802003860474
3184	0.03730352222919464	0.09848763793706894	0.5688725113868713
3185	0.03676136955618858	0.09847378730773926	0.5688469409942627
3186	0.036702219396829605	0.09846656769514084	0.5688499808311462
3187	0.037432711571455	0.09847699105739594	0.568791389465332
3188	0.0368674136698246	0.09851284325122833	0.5686897039413452
3189	0.03750700503587723	0.09855346381664276	0.5685968995094299
3190	0.036528848111629486	0.09859952330589294	0.568510115146637
3191	0.03685647249221802	0.09864204376935959	0.5684395432472229
3192	0.037172649055719376	0.09868472069501877	0.5683438777923584
3193	0.0363464429974556	0.098728708922863	0.5682439804077148
3194	0.036805540323257446	0.09875991940498352	0.5681403875350952
3195	0.036627963185310364	0.09878659248352051	0.5680687427520752
3196	0.036595381796360016	0.09880982339382172	0.5679638385772705
3197	0.03679155558347702	0.09881141036748886	0.567905604839325
3198	0.036827072501182556	0.09880177676677704	0.567859947681427
3199	0.036474741995334625	0.09876495599746704	0.5679165124893188
3200	0.036922186613082886	0.09872607886791229	0.5680263638496399
3201	0.03664131462574005	0.0986848846077919	0.5681777000427246
3202	0.03663806617259979	0.09865207970142365	0.5683233737945557
3203	0.036655642092227936	0.0986262634396553	0.5684191584587097
3204	0.03696282580494881	0.09860599040985107	0.5684579014778137
3205	0.03679853305220604	0.09858392179012299	0.5684894919395447
3206	0.03636223450303078	0.09857150167226791	0.5685287714004517
3207	0.036441370844841	0.09855275601148605	0.5685775279998779
3208	0.03631021827459335	0.09854006767272949	0.5686195492744446
3209	0.0365108996629715	0.0985247790813446	0.5686631798744202
3210	0.03710555657744408	0.09852392226457596	0.5686966180801392
3211	0.036802150309085846	0.09852354973554611	0.5687426924705505
3212	0.03646229952573776	0.09854179620742798	0.5687234997749329
3213	0.03660521283745766	0.09856442362070084	0.5687263607978821
3214	0.03643960505723953	0.09857842326164246	0.5687234997749329
3215	0.03600110858678818	0.0985867902636528	0.568678617477417
3216	0.03678828477859497	0.09859703481197357	0.5686386227607727
3217	0.036527857184410095	0.09860668331384659	0.568550705909729
3218	0.03687668964266777	0.09861405193805695	0.5684344172477722
3219	0.037429939955472946	0.09863003343343735	0.5683164000511169
3220	0.03664785996079445	0.09864912927150726	0.5682238340377808
3221	0.036812663078308105	0.09865844249725342	0.568139374256134
3222	0.036676663905382156	0.09865667670965195	0.5681111812591553
3223	0.037144165486097336	0.09865075349807739	0.5680612325668335
3224	0.03687040135264397	0.09864439815282822	0.568016767501831
3225	0.03669434040784836	0.09864353388547897	0.5679992437362671
3226	0.03677143529057503	0.09863033890724182	0.5680088400840759
3227	0.03661523759365082	0.09862855821847916	0.5680256485939026
3228	0.03641689941287041	0.09863841533660889	0.5679988265037537
3229	0.035816069692373276	0.09865302592515945	0.5679587125778198
3230	0.036819227039813995	0.0986684039235115	0.5679670572280884
3231	0.036742836236953735	0.09869339317083359	0.5679610371589661
3232	0.036007244139909744	0.09872438758611679	0.5679008960723877
3233	0.0366569347679615	0.09873366355895996	0.5678935647010803
3234	0.036267973482608795	0.09873595088720322	0.5678930282592773
3235	0.03610074520111084	0.09873680770397186	0.5679005980491638
3236	0.036582544445991516	0.09872130304574966	0.5679382085800171
3237	0.03670201078057289	0.09870106726884842	0.5679367780685425
3238	0.03693348914384842	0.09867051243782043	0.5679489374160767
3239	0.0371653251349926	0.09863604605197906	0.5680097341537476
3240	0.03641409054398537	0.09860748052597046	0.5681370496749878
3241	0.03633655980229378	0.09857654571533203	0.5682715773582458
3242	0.036334600299596786	0.09855134785175323	0.5683973431587219
3243	0.0364825576543808	0.09852179139852524	0.5685185790061951
3244	0.036920178681612015	0.09849314391613007	0.5685989260673523
3245	0.03666756674647331	0.09846377372741699	0.5686973929405212
3246	0.03651789575815201	0.09843491017818451	0.5687881708145142
3247	0.036787912249565125	0.09841278940439224	0.5688484311103821
3248	0.036528732627630234	0.09839627891778946	0.5688914060592651
3249	0.03739369288086891	0.09838322550058365	0.5689656734466553
3250	0.03708523511886597	0.09837702661752701	0.5690430402755737
3251	0.03710506483912468	0.09836377203464508	0.5690627098083496
3252	0.0363520123064518	0.09836157411336899	0.5690114498138428
3253	0.03642304614186287	0.09837087243795395	0.5689144730567932
3254	0.03645305335521698	0.09838493168354034	0.568838894367218
3255	0.03643806278705597	0.09840182214975357	0.5688178539276123
3256	0.03685279190540314	0.09842455387115479	0.5687974095344543
3257	0.036322157829999924	0.0984530970454216	0.5688156485557556
3258	0.03721117228269577	0.09847600013017654	0.5688302516937256
3259	0.03651275113224983	0.09849752485752106	0.5688551664352417
3260	0.03635310009121895	0.09851983189582825	0.5688465237617493
3261	0.036960482597351074	0.0985279455780983	0.5688547492027283
3262	0.03729686886072159	0.09854231774806976	0.5688766837120056
3263	0.03688647598028183	0.09855864942073822	0.568875789642334
3264	0.03640751540660858	0.09856238961219788	0.5688725113868713
3265	0.036184102296829224	0.09855307638645172	0.5689018964767456
3266	0.03639453649520874	0.09852888435125351	0.5689613223075867
3267	0.03681530803442001	0.09850655496120453	0.5690039396286011
3268	0.03684418275952339	0.09848183393478394	0.5690452456474304
3269	0.03649232164025307	0.09846441447734833	0.5690882205963135
3270	0.03698054701089859	0.0984438955783844	0.5691012144088745
3271	0.03614950180053711	0.09842757135629654	0.5690964460372925
3272	0.03640293702483177	0.0984186977148056	0.5690560340881348
3273	0.036344513297080994	0.09841745346784592	0.5690310001373291
3274	0.03650917485356331	0.09841971844434738	0.5690404176712036
3275	0.03580699488520622	0.09842853248119354	0.5690076947212219
3276	0.03666000813245773	0.09843744337558746	0.5690054297447205
3277	0.03658748045563698	0.098448246717453	0.5690428614616394
3278	0.03618500754237175	0.09846391528844833	0.5690556764602661
3279	0.03703998774290085	0.09849004447460175	0.5690482258796692
3280	0.03589547798037529	0.09851518273353577	0.5690504312515259
3281	0.03598468005657196	0.09854376316070557	0.5690652132034302
3282	0.03639276698231697	0.09856200963258743	0.5691103339195251
3283	0.036134395748376846	0.09858015179634094	0.5691314339637756
3284	0.03644607961177826	0.09859520941972733	0.5691493153572083
3285	0.036466024816036224	0.09858402609825134	0.5691390037536621
3286	0.03647706285119057	0.09856834262609482	0.5690944194793701
3287	0.03700793907046318	0.09856437146663666	0.5690253973007202
3288	0.03627929091453552	0.09856147319078445	0.5689947605133057
3289	0.03644568845629692	0.09855295717716217	0.569012463092804
3290	0.03697524219751358	0.09854597598314285	0.5690070986747742
3291	0.03680634871125221	0.09854348748922348	0.568988561630249
3292	0.03707598149776459	0.09853576123714447	0.5689859986305237
3293	0.03673165664076805	0.09852190315723419	0.5689864158630371
3294	0.03597276657819748	0.09850552678108215	0.5690022110939026
3295	0.0365481935441494	0.09848794341087341	0.5689768195152283
3296	0.036788612604141235	0.09846653044223785	0.5689949989318848
3297	0.0369475819170475	0.098445825278759	0.5690021514892578
3298	0.03650911897420883	0.09844338893890381	0.5689783096313477
3299	0.03639291226863861	0.09845604747533798	0.5689598321914673
3300	0.03622082993388176	0.09847668558359146	0.568923830986023
3301	0.036803219467401505	0.09849657863378525	0.5688813924789429
3302	0.03605329617857933	0.09852240234613419	0.5688223242759705
3303	0.03631199523806572	0.09856259077787399	0.5687219500541687
3304	0.03620186075568199	0.09861273318529129	0.5686266422271729
3305	0.03684984892606735	0.0986485406756401	0.5685331225395203
3306	0.03642649203538895	0.09867537021636963	0.5684642791748047
3307	0.03599261865019798	0.09869997203350067	0.5683422684669495
3308	0.03724084421992302	0.09873245656490326	0.5682304501533508
3309	0.036406103521585464	0.09874844551086426	0.5681751370429993
3310	0.037044961005449295	0.09875679016113281	0.5681111216545105
3311	0.036550555378198624	0.09874874353408813	0.568143367767334
3312	0.03674446791410446	0.09874871373176575	0.5681373476982117
3313	0.0369090810418129	0.09872496873140335	0.5681942701339722
3314	0.036090102046728134	0.09869879484176636	0.5682509541511536
3315	0.03572365269064903	0.09867601096630096	0.5682998895645142
3316	0.03646053746342659	0.09865377098321915	0.5683296918869019
3317	0.03639846295118332	0.09863606840372086	0.5683903098106384
3318	0.035983338952064514	0.09861436486244202	0.5684803128242493
3319	0.036560192704200745	0.0986022874712944	0.5685487985610962
3320	0.03606397658586502	0.09858939796686172	0.5686328411102295
3321	0.03577759489417076	0.09857743978500366	0.5687152743339539
3322	0.03668726235628128	0.09857198596000671	0.5688148736953735
3323	0.036987487226724625	0.09857886284589767	0.5688343644142151
3324	0.03625887259840965	0.09859000146389008	0.5688464045524597
3325	0.03694858029484749	0.0985977053642273	0.5688523054122925
3326	0.035867106169462204	0.0986030325293541	0.5688462853431702
3327	0.03664367273449898	0.09860441088676453	0.568817138671875
3328	0.03620427846908569	0.0986105352640152	0.5687557458877563
3329	0.03670153021812439	0.09860539436340332	0.568703293800354
3330	0.03656512498855591	0.09857747703790665	0.5686371922492981
3331	0.03630465641617775	0.09854122251272202	0.5685414671897888
3332	0.03699249029159546	0.09850893169641495	0.5684860348701477
3333	0.03692590817809105	0.0984952449798584	0.5684232711791992
3334	0.036178890615701675	0.09847985208034515	0.5684504508972168
3335	0.03624148666858673	0.09848443418741226	0.5684487223625183
3336	0.03560948371887207	0.09848375618457794	0.5684646368026733
3337	0.036324553191661835	0.09850169718265533	0.5684947967529297
3338	0.036615487188100815	0.09852583706378937	0.568570077419281
3339	0.03585725277662277	0.09854728728532791	0.5686831474304199
3340	0.0363919660449028	0.09855420887470245	0.5687970519065857
3341	0.037437889724969864	0.09856478869915009	0.5688480138778687
3342	0.035844601690769196	0.09856891632080078	0.5689201354980469
3343	0.036916155368089676	0.0985817015171051	0.568943202495575
3344	0.0359889380633831	0.09859757125377655	0.5689569711685181
3345	0.036270543932914734	0.09859960526227951	0.5690051317214966
3346	0.0367685966193676	0.09861214458942413	0.5690647959709167
3347	0.036913707852363586	0.09862739592790604	0.569084882736206
3348	0.03666967898607254	0.09864123910665512	0.5690940022468567
3349	0.036487847566604614	0.09865669161081314	0.5690615177154541
3350	0.03712502866983414	0.09866561740636826	0.5689961314201355
3351	0.03620106726884842	0.09868578612804413	0.5688778162002563
3352	0.03622592240571976	0.09869842976331711	0.5687810778617859
3353	0.03666113317012787	0.09870770573616028	0.5686427354812622
3354	0.03662193939089775	0.09869842976331711	0.5685180425643921
3355	0.03658543899655342	0.09868496656417847	0.5683673620223999
3356	0.036509037017822266	0.0986630842089653	0.5682332515716553
3357	0.035792771726846695	0.09864075481891632	0.5681124925613403
3358	0.03622071072459221	0.09863154590129852	0.5679810047149658
3359	0.03667230159044266	0.09862413257360458	0.567910373210907
3360	0.036462657153606415	0.0986185297369957	0.5678806304931641
3361	0.036884911358356476	0.09861809015274048	0.5678493976593018
3362	0.03626840561628342	0.09860370308160782	0.5678709745407104
3363	0.0355067253112793	0.09859137237071991	0.5679148435592651
3364	0.03638574108481407	0.09858524054288864	0.5679712891578674
3365	0.03615212440490723	0.09858033061027527	0.5680755376815796
3366	0.0361599363386631	0.09857471287250519	0.5681728720664978
3367	0.036645762622356415	0.09856532514095306	0.568303644657135
3368	0.035956356674432755	0.09856405109167099	0.5683967471122742
3369	0.0367388054728508	0.09856919944286346	0.568471372127533
3370	0.03632593899965286	0.09857858717441559	0.5686039328575134
3371	0.03578687831759453	0.0985780581831932	0.5687684416770935
3372	0.036319974809885025	0.09856539219617844	0.5689737200737
3373	0.03603081405162811	0.09855197370052338	0.5691391825675964
3374	0.036383360624313354	0.09854165464639664	0.5692650675773621
3375	0.036456216126680374	0.09853296726942062	0.5693626403808594
3376	0.03679528459906578	0.09852049499750137	0.569447934627533
3377	0.035953111946582794	0.09851623326539993	0.5694980621337891
3378	0.03636355325579643	0.09849812835454941	0.5695439577102661
3379	0.03627174347639084	0.09847006946802139	0.5695450901985168
3380	0.03611460328102112	0.09844647347927094	0.5695323944091797
3381	0.0366760715842247	0.09842519462108612	0.5695046186447144
3382	0.03606194257736206	0.0984228253364563	0.5694614052772522
3383	0.03665228188037872	0.09842409193515778	0.5693725943565369
3384	0.0357239693403244	0.09842576086521149	0.5692750811576843
3385	0.03636069595813751	0.09843529015779495	0.5691885352134705
3386	0.03541957214474678	0.09844684600830078	0.5691817402839661
3387	0.03650227561593056	0.09846489876508713	0.5691840052604675
3388	0.0367429181933403	0.09848025441169739	0.5691781044006348
3389	0.03742844983935356	0.09849903732538223	0.5691826939582825
3390	0.03715331852436066	0.0985104963183403	0.5692463517189026
3391	0.035357385873794556	0.09851980209350586	0.5693573951721191
3392	0.03602764010429382	0.09851908683776855	0.5694544315338135
3393	0.03617328032851219	0.09852668642997742	0.5695155262947083
3394	0.036561738699674606	0.09852421283721924	0.5695738792419434
3395	0.037081316113471985	0.09853469580411911	0.5695680379867554
3396	0.036047082394361496	0.09854481369256973	0.5695753693580627
3397	0.03583589941263199	0.09855056554079056	0.5695798993110657
3398	0.03605729341506958	0.09855201095342636	0.5695628523826599
3399	0.03652932494878769	0.09854879230260849	0.5695369243621826
3400	0.03541889041662216	0.09855277836322784	0.5694891214370728
3401	0.036648817360401154	0.09854857623577118	0.5694478154182434
3402	0.036115750670433044	0.09854079782962799	0.5694184303283691
3403	0.03612639009952545	0.09852813929319382	0.5694056153297424
3404	0.03604072704911232	0.09851530939340591	0.5693985223770142
3405	0.03668757900595665	0.09850922971963882	0.5693879723548889
3406	0.03615691140294075	0.0984935611486435	0.5693668127059937
3407	0.036124337464571	0.09848208725452423	0.5692692995071411
3408	0.036712199449539185	0.09847793728113174	0.5692094564437866
3409	0.03539440408349037	0.09847427159547806	0.5692400932312012
3410	0.03576650097966194	0.09847579896450043	0.5692693591117859
3411	0.036186207085847855	0.0984850525856018	0.5693303942680359
3412	0.03646836429834366	0.09850545227527618	0.5693179965019226
3413	0.03640027716755867	0.09850867092609406	0.5693424940109253
3414	0.0364704430103302	0.09851229190826416	0.5693238973617554
3415	0.036409735679626465	0.09850640594959259	0.5693349838256836
3416	0.035970792174339294	0.09849315136671066	0.56937175989151
3417	0.03561655804514885	0.09848006814718246	0.5694239735603333
3418	0.03607623279094696	0.09846886247396469	0.5694535374641418
3419	0.03635268285870552	0.098459392786026	0.5694875121116638
3420	0.03604217991232872	0.0984528511762619	0.5695629119873047
3421	0.035811081528663635	0.09845554083585739	0.5696161389350891
3422	0.03626101091504097	0.09845403581857681	0.569654107093811
3423	0.036358822137117386	0.09844635426998138	0.5696613192558289
3424	0.035764288157224655	0.09843473881483078	0.5697118043899536
3425	0.03626342862844467	0.09842602163553238	0.5697165131568909
3426	0.036990731954574585	0.09842763096094131	0.5697269439697266
3427	0.036225296556949615	0.09843642264604568	0.5696655511856079
3428	0.03612811863422394	0.09844405204057693	0.5696174502372742
3429	0.03616077080368996	0.09844733774662018	0.5695288181304932
3430	0.03658013418316841	0.09845146536827087	0.5694090723991394
3431	0.03625759109854698	0.09845604747533798	0.5692543387413025
3432	0.035980723798274994	0.09846940636634827	0.5690783858299255
3433	0.03620728850364685	0.09848048537969589	0.5689724683761597
3434	0.03603527694940567	0.0984923392534256	0.5688862204551697
3435	0.036120183765888214	0.0985177531838417	0.5687780380249023
3436	0.036255594342947006	0.09854758530855179	0.5686944723129272
3437	0.0356886126101017	0.09857164323329926	0.5686413645744324
3438	0.03596724197268486	0.0985778197646141	0.5686355233192444
3439	0.036456622183322906	0.09858212620019913	0.5686385035514832
3440	0.03653287887573242	0.09858262538909912	0.568690299987793
3441	0.0366087444126606	0.09857317060232162	0.5687996745109558
3442	0.035935044288635254	0.0985618308186531	0.568967342376709
3443	0.03612653166055679	0.09855353832244873	0.5691622495651245
3444	0.03629307076334953	0.09853298217058182	0.5693062543869019
3445	0.03663427010178566	0.09850678592920303	0.5694361329078674
3446	0.03588701784610748	0.09849237650632858	0.5695967078208923
3447	0.03700122609734535	0.09847041964530945	0.5697237253189087
3448	0.036439843475818634	0.098465695977211	0.5697952508926392
3449	0.035815395414829254	0.09845423698425293	0.5698394179344177
3450	0.03582078590989113	0.09845474362373352	0.5697833299636841
3451	0.035389211028814316	0.09844847023487091	0.5697436332702637
3452	0.03583717718720436	0.09843971580266953	0.5696888566017151
3453	0.03609731048345566	0.09842972457408905	0.5696210265159607
3454	0.036089565604925156	0.0984259769320488	0.5695450901985168
3455	0.03640425577759743	0.09842649102210999	0.5695163011550903
3456	0.0362991988658905	0.09843277186155319	0.5694903135299683
3457	0.03630799055099487	0.09844020009040833	0.5694551467895508
3458	0.03601822629570961	0.09845178574323654	0.5694201588630676
3459	0.0362081378698349	0.09845580905675888	0.5694169402122498
3460	0.03689543530344963	0.09846659004688263	0.5693933963775635
3461	0.036378905177116394	0.09847843647003174	0.5693415999412537
3462	0.03595191240310669	0.09849943965673447	0.5692574381828308
3463	0.036467745900154114	0.09852854162454605	0.569173276424408
3464	0.03550652042031288	0.09855366498231888	0.5691015124320984
3465	0.03642578423023224	0.09857034683227539	0.5690457820892334
3466	0.03602680563926697	0.09858889877796173	0.568970263004303
3467	0.03638019040226936	0.09861010313034058	0.568906307220459
3468	0.03547677770256996	0.0986192524433136	0.5688821077346802
3469	0.0359559990465641	0.09861079603433609	0.5688307881355286
3470	0.03621010109782219	0.098605215549469	0.5687475204467773
3471	0.03645302355289459	0.0985930934548378	0.5687599182128906
3472	0.036550477147102356	0.0985812395811081	0.5688204765319824
3473	0.0353022925555706	0.09855016320943832	0.5689501166343689
3474	0.03622852638363838	0.09852934628725052	0.5690750479698181
3475	0.03681611642241478	0.0985134169459343	0.5691739320755005
3476	0.03631817176938057	0.09850059449672699	0.5692812204360962
3477	0.035658031702041626	0.09848674386739731	0.5694131851196289
3478	0.03626053407788277	0.09848030656576157	0.5694958567619324
3479	0.035779502242803574	0.0984896793961525	0.569547176361084
3480	0.03652925789356232	0.09850100427865982	0.5695469379425049
3481	0.035382017493247986	0.09851739555597305	0.569471001625061
3482	0.036094050854444504	0.09852401167154312	0.5694113373756409
3483	0.03557559475302696	0.09852546453475952	0.5693396329879761
3484	0.0360298678278923	0.09852723032236099	0.5692727565765381
3485	0.0361032634973526	0.09853743016719818	0.5691846609115601
3486	0.03685217350721359	0.09853912144899368	0.5690540075302124
3487	0.036370210349559784	0.09852173179388046	0.5689634084701538
3488	0.03592102229595184	0.09851130098104477	0.5688682794570923
3489	0.035223037004470825	0.09849396347999573	0.5688647031784058
3490	0.036564555019140244	0.09847299754619598	0.5688896775245667
3491	0.03595332056283951	0.09845486283302307	0.5689772963523865
3492	0.03557068109512329	0.09843064844608307	0.5691009759902954
3493	0.03626006841659546	0.09841055423021317	0.569294273853302
3494	0.036753781139850616	0.09839729964733124	0.569442868232727
3495	0.036159809678792953	0.09838206321001053	0.5695556402206421
3496	0.03647812083363533	0.09837143123149872	0.5696491003036499
3497	0.03670630231499672	0.09834866970777512	0.5697514414787292
3498	0.03536112606525421	0.0983349084854126	0.5698542594909668
3499	0.03602384403347969	0.09832778573036194	0.5699440240859985
3500	0.03580572456121445	0.0983126163482666	0.5700350403785706
3501	0.0363960936665535	0.09830720722675323	0.5701460838317871
3502	0.036281928420066833	0.09831064939498901	0.5701753497123718
3503	0.036203108727931976	0.0983101949095726	0.5701733231544495
3504	0.03628950193524361	0.0983148142695427	0.5701615810394287
3505	0.03597024455666542	0.09832634776830673	0.5701196789741516
3506	0.0360485315322876	0.0983370766043663	0.5700721740722656
3507	0.03679357469081879	0.09835129976272583	0.5699441432952881
3508	0.03536004200577736	0.09836722910404205	0.5698328614234924
3509	0.03607304394245148	0.09837887436151505	0.5697211623191833
3510	0.03524656593799591	0.09838148951530457	0.5696261525154114
3511	0.03541883826255798	0.09839212894439697	0.5695558786392212
3512	0.03617087006568909	0.0984097272157669	0.5695030689239502
3513	0.0368582084774971	0.09842333197593689	0.5694822072982788
3514	0.03586393594741821	0.09842199832201004	0.5695040822029114
3515	0.03638209402561188	0.09843140095472336	0.5694491863250732
3516	0.03525174781680107	0.09843931347131729	0.5694032907485962
3517	0.03586417809128761	0.09845100343227386	0.5693820118904114
3518	0.03617407754063606	0.0984506607055664	0.5694113373756409
3519	0.035343706607818604	0.09845353662967682	0.5694905519485474
3520	0.03632822632789612	0.09846198558807373	0.5695610046386719
3521	0.03639645501971245	0.09847259521484375	0.569572389125824
3522	0.03603902459144592	0.09848617762327194	0.5695966482162476
3523	0.03617391735315323	0.0984828993678093	0.5696624517440796
3524	0.03644841909408569	0.09847171604633331	0.5697532296180725
3525	0.03561960160732269	0.09845361858606339	0.5698236227035522
3526	0.035694871097803116	0.09844458848237991	0.5699175596237183
3527	0.035948652774095535	0.0984436571598053	0.569966733455658
3528	0.03589823842048645	0.09843012690544128	0.5699806809425354
3529	0.03687160462141037	0.09842338413000107	0.5699639916419983
3530	0.03582465276122093	0.09841065108776093	0.5699588656425476
3531	0.03610696271061897	0.0984104722738266	0.5699196457862854
3532	0.035951580852270126	0.09841634333133698	0.569869875907898
3533	0.036197081208229065	0.09841288626194	0.5698158740997314
3534	0.03519713133573532	0.09841753542423248	0.5696915984153748
3535	0.0356319323182106	0.09842556715011597	0.569575309753418
3536	0.0356796532869339	0.09842956066131592	0.5694825649261475
3537	0.03667040541768074	0.09843816608190536	0.5693905353546143
3538	0.0361069031059742	0.09845256805419922	0.5692773461341858
3539	0.03644310310482979	0.09846452623605728	0.5691785216331482
3540	0.03606214001774788	0.09847612679004669	0.5691307783126831
3541	0.036197684705257416	0.09848958998918533	0.5691009759902954
3542	0.03601628169417381	0.09849508851766586	0.5690887570381165
3543	0.03583274036645889	0.09850183129310608	0.5691022276878357
3544	0.03571053966879845	0.09849847108125687	0.569115400314331
3545	0.03590323403477669	0.09850084036588669	0.5691303014755249
3546	0.03548100218176842	0.09850828349590302	0.5691445469856262
3547	0.035223618149757385	0.09851505607366562	0.5691574811935425
3548	0.035702966153621674	0.09851394593715668	0.5691201686859131
3549	0.036209587007761	0.0985167920589447	0.5690764784812927
3550	0.035156358033418655	0.09851498156785965	0.5690435767173767
3551	0.03627435117959976	0.09850287437438965	0.569054901599884
3552	0.036039628088474274	0.09849283844232559	0.569101870059967
3553	0.03560587018728256	0.0984826609492302	0.5692431926727295
3554	0.035883598029613495	0.09846063703298569	0.5694318413734436
3555	0.03669166937470436	0.09842551499605179	0.5696505308151245
3556	0.03612663969397545	0.09839741885662079	0.5698339939117432
3557	0.035836219787597656	0.09838543832302094	0.5699794888496399
3558	0.03561974689364433	0.09838579595088959	0.5700151920318604
3559	0.03552059829235077	0.09839120507240295	0.5700185894966125
3560	0.03610234335064888	0.0984019860625267	0.5700517296791077
3561	0.03598954528570175	0.09841985255479813	0.570044219493866
3562	0.036777231842279434	0.09842390567064285	0.5700623393058777
3563	0.03555779531598091	0.09841141849756241	0.5700985193252563
3564	0.03604532405734062	0.09839385747909546	0.5701900720596313
3565	0.035687875002622604	0.09836947172880173	0.570286214351654
3566	0.035147275775671005	0.09833750128746033	0.5703625082969666
3567	0.036329515278339386	0.09830696880817413	0.5704230070114136
3568	0.034891724586486816	0.09828777611255646	0.5703873038291931
3569	0.03559975326061249	0.09827695041894913	0.5703383088111877
3570	0.03672003373503685	0.0982784628868103	0.5702285170555115
3571	0.03542822226881981	0.09829931706190109	0.5700823664665222
3572	0.03648852929472923	0.09832562506198883	0.5699356198310852
3573	0.036075882613658905	0.09836269170045853	0.5697826743125916
3574	0.0357242189347744	0.09839494526386261	0.5696487426757812
3575	0.036348212510347366	0.09842657297849655	0.5695427656173706
3576	0.03585255891084671	0.09845756739377975	0.5694781541824341
3577	0.035990096628665924	0.09847988188266754	0.5694792866706848
3578	0.035788729786872864	0.09850643575191498	0.569495677947998
3579	0.03582293912768364	0.09852071851491928	0.5695168972015381
3580	0.0355396531522274	0.09852708131074905	0.5695152878761292
3581	0.03565869480371475	0.09852702915668488	0.5695347189903259
3582	0.03633886203169823	0.09852325171232224	0.5695276856422424
3583	0.03627130389213562	0.09852161258459091	0.569498598575592
3584	0.03577630594372749	0.09851256757974625	0.569434404373169
3585	0.03626800328493118	0.0985114723443985	0.5694186091423035
3586	0.03538913279771805	0.0985114648938179	0.5694200396537781
3587	0.036351803690195084	0.09850355237722397	0.5694112181663513
3588	0.03589204326272011	0.09849609434604645	0.5694296956062317
3589	0.03573422506451607	0.0984918624162674	0.5695086717605591
3590	0.0356745719909668	0.0984877198934555	0.5695846080780029
3591	0.03602995350956917	0.09848392754793167	0.5696226954460144
3592	0.035757340490818024	0.09848777204751968	0.569581151008606
3593	0.035378098487854004	0.09848596155643463	0.5695265531539917
3594	0.03569045662879944	0.0984848141670227	0.5694612264633179
3595	0.035984527319669724	0.09849052876234055	0.5694248676300049
3596	0.03588976711034775	0.0984773188829422	0.5694087743759155
3597	0.035848017781972885	0.09847306460142136	0.5693743228912354
3598	0.03584107756614685	0.09846826642751694	0.5693787932395935
3599	0.03529446944594383	0.09848091006278992	0.5693332552909851
3600	0.035658951848745346	0.0984894409775734	0.5692891478538513
3601	0.035842545330524445	0.09848131239414215	0.5692854523658752
3602	0.035559676587581635	0.09846355020999908	0.5693700909614563
3603	0.03528827428817749	0.098455511033535	0.5694416761398315
3604	0.03596443310379982	0.09844369441270828	0.5695264339447021
3605	0.035507574677467346	0.09843329340219498	0.5696128606796265
3606	0.03605011850595474	0.09841877222061157	0.5697014331817627
3607	0.03587145730853081	0.09840045869350433	0.5697844624519348
3608	0.036115553230047226	0.0983862429857254	0.5698776245117188
3609	0.03617903217673302	0.09837686270475388	0.5699312090873718
3610	0.035803839564323425	0.09837684035301208	0.5700080990791321
3611	0.03561893850564957	0.09837352484464645	0.5700837969779968
3612	0.03587033599615097	0.09836786240339279	0.5701788663864136
3613	0.03536878153681755	0.09836296737194061	0.5702046751976013
3614	0.035489559173583984	0.09836568683385849	0.5702424049377441
3615	0.03571343794465065	0.09837565571069717	0.5702475905418396
3616	0.036007028073072433	0.0983845666050911	0.5702374577522278
3617	0.03617746755480766	0.09839147329330444	0.5702758431434631
3618	0.03539213538169861	0.09839192777872086	0.5703343152999878
3619	0.03623995557427406	0.09839022159576416	0.5703175067901611
3620	0.03590135648846626	0.09838796406984329	0.5702466368675232
3621	0.03574798256158829	0.09839199483394623	0.5701134204864502
3622	0.03561185300350189	0.09839382022619247	0.5699889063835144
3623	0.035293299704790115	0.09839189052581787	0.5699177384376526
3624	0.03582260385155678	0.09838984906673431	0.569826066493988
3625	0.03477143123745918	0.098384328186512	0.5697707533836365
3626	0.035679031163454056	0.0983719676733017	0.569776177406311
3627	0.036527376621961594	0.0983676090836525	0.5697495341300964
3628	0.03592158481478691	0.09835930168628693	0.5697327852249146
3629	0.036043860018253326	0.09834706783294678	0.5697425603866577
3630	0.035033486783504486	0.09833922237157822	0.5697415471076965
3631	0.03582016006112099	0.098345085978508	0.5696895122528076
3632	0.03626256808638573	0.09835696220397949	0.5696550011634827
3633	0.03536168485879898	0.09837036579847336	0.5695938467979431
3634	0.03597790375351906	0.09839227795600891	0.5695385336875916
3635	0.036045193672180176	0.09840552508831024	0.5695478320121765
3636	0.035992786288261414	0.09841431677341461	0.5696288347244263
3637	0.03573388233780861	0.09841839969158173	0.5697104334831238
3638	0.03574070334434509	0.09841473400592804	0.5697612762451172
3639	0.035609032958745956	0.09840333461761475	0.56988525390625
3640	0.036284033209085464	0.09839054197072983	0.5699894428253174
3641	0.03648890554904938	0.09838296473026276	0.5700836181640625
3642	0.03525231406092644	0.09837951511144638	0.5701117515563965
3643	0.03584641218185425	0.09837145358324051	0.5700595378875732
3644	0.03537897393107414	0.09837666153907776	0.5699638724327087
3645	0.03530222922563553	0.0983794555068016	0.5699198842048645
3646	0.03529047220945358	0.09837803244590759	0.5698964595794678
3647	0.03556795045733452	0.09837038815021515	0.5699151754379272
3648	0.03560565784573555	0.09836016595363617	0.5699464678764343
3649	0.03521793708205223	0.09835642576217651	0.569962203502655
3650	0.03542584553360939	0.0983540341258049	0.5699778199195862
3651	0.035144906491041183	0.09835390001535416	0.5699774622917175
3652	0.035161834210157394	0.09835769236087799	0.5699740052223206
3653	0.03563365712761879	0.09836561977863312	0.5699383616447449
3654	0.03589457646012306	0.09836972504854202	0.5699352025985718
3655	0.035746678709983826	0.09838566929101944	0.5699658989906311
3656	0.035931508988142014	0.09840412437915802	0.5699891448020935
3657	0.03432517871260643	0.09841688722372055	0.5700046420097351
3658	0.03499968722462654	0.09843289852142334	0.5700504183769226
3659	0.03584609925746918	0.0984400063753128	0.5701161026954651
3660	0.03626028448343277	0.09844458848237991	0.5701075196266174
3661	0.036070533096790314	0.09846267104148865	0.5700634717941284
3662	0.03553870692849159	0.09849070757627487	0.570012092590332
3663	0.03554660826921463	0.09851551055908203	0.5699204206466675
3664	0.03544376417994499	0.09853433072566986	0.5698254108428955
3665	0.035400256514549255	0.09854625910520554	0.5697557926177979
3666	0.03530307486653328	0.09855096787214279	0.5696730613708496
3667	0.035635821521282196	0.09853781014680862	0.5696616172790527
3668	0.03565630689263344	0.09851155430078506	0.5696280002593994
3669	0.03563794493675232	0.09848256409168243	0.5696280598640442
3670	0.03527430072426796	0.09845396131277084	0.569604754447937
3671	0.035150423645973206	0.09842780977487564	0.5696139335632324
3672	0.036474719643592834	0.09839650243520737	0.5697157979011536
3673	0.03567405045032501	0.09837304055690765	0.5698697566986084
3674	0.0354764461517334	0.0983540415763855	0.5700094103813171
3675	0.03547842428088188	0.09834570437669754	0.5701427459716797
3676	0.03525390103459358	0.0983375608921051	0.5702771544456482
3677	0.03587669879198074	0.09833765774965286	0.5703881978988647
3678	0.03569667413830757	0.09833810478448868	0.5704737305641174
3679	0.03507597744464874	0.09834635257720947	0.5705684423446655
3680	0.03539194539189339	0.09834279119968414	0.5706239938735962
3681	0.03527170792222023	0.09834462404251099	0.570676326751709
3682	0.035630274564027786	0.09835248440504074	0.5706530809402466
3683	0.036268025636672974	0.09835492074489594	0.5705875754356384
3684	0.03531302884221077	0.09836211800575256	0.5704947113990784
3685	0.0352754145860672	0.0983823761343956	0.5703593492507935
3686	0.03574129194021225	0.09839796274900436	0.5702317357063293
3687	0.035600412636995316	0.09842268377542496	0.570073664188385
3688	0.03647608309984207	0.09845098108053207	0.5699591636657715
3689	0.03506654128432274	0.09848181903362274	0.569847583770752
3690	0.03597266972064972	0.098505899310112	0.5697609782218933
3691	0.034943800419569016	0.09850718080997467	0.5697245001792908
3692	0.03549874573945999	0.09851406514644623	0.5696621537208557
3693	0.035387713462114334	0.09850992262363434	0.5695967674255371
3694	0.03561359643936157	0.09850563853979111	0.5695677995681763
3695	0.03532901033759117	0.09850475937128067	0.5695556998252869
3696	0.03575567156076431	0.09849634021520615	0.5695387125015259
3697	0.03611033409833908	0.09848332405090332	0.5695266723632812
3698	0.03615584224462509	0.09847308695316315	0.5694845914840698
3699	0.03595484793186188	0.09845506399869919	0.5694599747657776
3700	0.03582267835736275	0.09844131022691727	0.5694148540496826
3701	0.034955814480781555	0.09843048453330994	0.5693598985671997
3702	0.03546368330717087	0.09843149036169052	0.5693264603614807
3703	0.03559170663356781	0.09843221306800842	0.569378137588501
3704	0.035716135054826736	0.09843020141124725	0.5694594979286194
3705	0.03536875545978546	0.0984354317188263	0.569497287273407
3706	0.035164494067430496	0.09842874854803085	0.5695890784263611
3707	0.03546368330717087	0.09842676669359207	0.5696694850921631
3708	0.03552356734871864	0.09841089695692062	0.5697308778762817
3709	0.035646624863147736	0.09839816391468048	0.5697702765464783
3710	0.03530406206846237	0.09837951511144638	0.5698407888412476
3711	0.035459231585264206	0.09836236387491226	0.5699071884155273
3712	0.03529432415962219	0.09835325181484222	0.5699318051338196
3713	0.03462483733892441	0.09835320711135864	0.5699381828308105
3714	0.035891324281692505	0.09834958612918854	0.5700110197067261
3715	0.03526107594370842	0.09834810346364975	0.5700504183769226
3716	0.03543097898364067	0.09834908694028854	0.5700613260269165
3717	0.03455071523785591	0.0983433723449707	0.5700737237930298
3718	0.03475259616971016	0.09833161532878876	0.5700842142105103
3719	0.03572263941168785	0.09832760691642761	0.5700823664665222
3720	0.035052042454481125	0.09831573069095612	0.5701228976249695
3721	0.03585546463727951	0.09831616282463074	0.5701618790626526
3722	0.03573565557599068	0.09833505004644394	0.570159912109375
3723	0.0358801893889904	0.09836059808731079	0.5701295733451843
3724	0.03560938686132431	0.09837545454502106	0.5701012015342712
3725	0.03495967760682106	0.09838661551475525	0.5700250864028931
3726	0.03496178612112999	0.09840192645788193	0.569947361946106
3727	0.03591865301132202	0.09841432422399521	0.5698935985565186
3728	0.034856658428907394	0.09843453019857407	0.569848358631134
3729	0.03546969220042229	0.09844617545604706	0.5698264241218567
3730	0.035324934870004654	0.09845445305109024	0.569802463054657
3731	0.03483613580465317	0.0984627977013588	0.5698105692863464
3732	0.03579593449831009	0.0984686091542244	0.5697870850563049
3733	0.035905394703149796	0.0984734371304512	0.5697253942489624
3734	0.03518931195139885	0.09846942871809006	0.5696086883544922
3735	0.03532187268137932	0.09847131371498108	0.5695226788520813
3736	0.03502907231450081	0.09847375005483627	0.5694456696510315
3737	0.03586876392364502	0.0984671339392662	0.5694166421890259
3738	0.036015573889017105	0.09845959395170212	0.569431722164154
3739	0.0348665788769722	0.0984674021601677	0.5694382786750793
3740	0.035670049488544464	0.09847838431596756	0.5694200396537781
3741	0.03579384461045265	0.09848985821008682	0.5693347454071045
3742	0.03574525937438011	0.09849441051483154	0.569320559501648
3743	0.035534217953681946	0.0984826534986496	0.5693101286888123
3744	0.03530207276344299	0.09847208112478256	0.5693051218986511
3745	0.03585423529148102	0.09846366196870804	0.5693128705024719
3746	0.03503356873989105	0.09845655411481857	0.5693275332450867
3747	0.035911571234464645	0.09844750910997391	0.5693575143814087
3748	0.03577709570527077	0.09844404458999634	0.5694043040275574
3749	0.03516875207424164	0.09843789041042328	0.5694421529769897
3750	0.03612577170133591	0.09843289852142334	0.5694813132286072
3751	0.034949008375406265	0.0984431803226471	0.5695317387580872
3752	0.03509221225976944	0.09846576303243637	0.5695405006408691
3753	0.035158444195985794	0.09849408268928528	0.569539487361908
3754	0.03651564195752144	0.09851719439029694	0.5695255994796753
3755	0.035590317100286484	0.09852498024702072	0.5694987773895264
3756	0.03498362749814987	0.09852176159620285	0.5695367455482483
3757	0.034966886043548584	0.09851566702127457	0.5696133375167847
3758	0.035653792321681976	0.09851256012916565	0.569677472114563
3759	0.03522852435708046	0.09849465638399124	0.5697413682937622
3760	0.03463610261678696	0.09846754372119904	0.5698325037956238
3761	0.03475567325949669	0.09843473881483078	0.5699269771575928
3762	0.03544100746512413	0.0983986034989357	0.570000946521759
3763	0.03572668880224228	0.09836550056934357	0.570088803768158
3764	0.035379767417907715	0.09834355115890503	0.5701918005943298
3765	0.03556292504072189	0.09832827001810074	0.570286750793457
3766	0.035154394805431366	0.09833627194166183	0.5703288912773132
3767	0.03513665497303009	0.09834723174571991	0.5703955292701721
3768	0.03497998043894768	0.09836002439260483	0.5704430341720581
3769	0.03565342724323273	0.09837203472852707	0.5704762935638428
3770	0.035723671317100525	0.09839102625846863	0.5705611705780029
3771	0.03511565551161766	0.09841302782297134	0.5705648064613342
3772	0.03593527525663376	0.09842803329229355	0.5705475211143494
3773	0.03539648652076721	0.0984465703368187	0.5705034136772156
3774	0.03575843945145607	0.09844985604286194	0.5704509019851685
3775	0.0353490374982357	0.09844744205474854	0.5703648328781128
3776	0.035176027566194534	0.0984397679567337	0.5702969431877136
3777	0.035544320940971375	0.09842251986265182	0.5702812671661377
3778	0.034952763468027115	0.09840554744005203	0.5702972412109375
3779	0.03549849987030029	0.09837961196899414	0.5703276991844177
3780	0.03560295328497887	0.09835492074489594	0.5703819394111633
3781	0.035552915185689926	0.09832707047462463	0.5704365372657776
3782	0.0347401425242424	0.09830901771783829	0.5704995393753052
3783	0.03518045321106911	0.09830182790756226	0.5705106258392334
3784	0.03639717027544975	0.09829352796077728	0.5705590844154358
3785	0.03446218743920326	0.09828753024339676	0.5706052780151367
3786	0.03478063642978668	0.09828577935695648	0.5706425905227661
3787	0.03538746386766434	0.0982917994260788	0.5706958174705505
3788	0.034865278750658035	0.09829092025756836	0.5707383155822754
3789	0.03569044545292854	0.09829206019639969	0.5707256197929382
3790	0.0348530039191246	0.09830073267221451	0.5707000494003296
3791	0.034794457256793976	0.09831566363573074	0.5706406831741333
3792	0.035970237106084824	0.09833474457263947	0.5706000328063965
3793	0.03471249341964722	0.09834771603345871	0.5705797672271729
3794	0.035440586507320404	0.09835831820964813	0.5705093741416931
3795	0.035168372094631195	0.09837306290864944	0.5704472064971924
3796	0.03566263988614082	0.09837798029184341	0.5703706741333008
3797	0.035829294472932816	0.09836851805448532	0.5703374147415161
3798	0.03445576876401901	0.09834840148687363	0.5703042149543762
3799	0.03527229279279709	0.09833858907222748	0.5702013373374939
3800	0.0360008180141449	0.09833099693059921	0.5701106190681458
3801	0.03547772020101547	0.09833873063325882	0.5699987411499023
3802	0.035279348492622375	0.09834794700145721	0.5698965787887573
3803	0.03537914901971817	0.09835973381996155	0.5698792934417725
3804	0.035599786788225174	0.0983714759349823	0.5698935985565186
3805	0.036208637058734894	0.09838847070932388	0.5699447989463806
3806	0.03543027117848396	0.09840862452983856	0.5699706673622131
3807	0.03496091812849045	0.0984177514910698	0.5700206160545349
3808	0.03540956974029541	0.09843479096889496	0.5700923800468445
3809	0.03576967865228653	0.09843778610229492	0.5701953172683716
3810	0.03609766438603401	0.0984363928437233	0.5702693462371826
3811	0.0357675701379776	0.09843301773071289	0.5703000426292419
3812	0.03498983010649681	0.09843181073665619	0.5703059434890747
3813	0.03529549390077591	0.09843412786722183	0.5702917575836182
3814	0.035227205604314804	0.0984378457069397	0.5703604221343994
3815	0.03520236536860466	0.09842343628406525	0.5704384446144104
3816	0.03455893322825432	0.09839943796396255	0.570489227771759
3817	0.03526253625750542	0.09838120639324188	0.5704622864723206
3818	0.03382306918501854	0.09836461395025253	0.5704606175422668
3819	0.035454973578453064	0.09834928810596466	0.5704745054244995
3820	0.034877192229032516	0.09835240244865417	0.5704298615455627
3821	0.03545936569571495	0.09837087243795395	0.5703926682472229
3822	0.03498629108071327	0.09838537126779556	0.5704038143157959
3823	0.035517625510692596	0.09840428829193115	0.5703853964805603
3824	0.03566823527216911	0.09842735528945923	0.5703302025794983
3825	0.03645135834813118	0.09844385087490082	0.5702900886535645
3826	0.03519194573163986	0.09845393896102905	0.5702421069145203
3827	0.035556595772504807	0.09847547858953476	0.5701475143432617
3828	0.03587489202618599	0.09847834706306458	0.5700507760047913
3829	0.03476333990693092	0.09846073389053345	0.5699952840805054
3830	0.035002581775188446	0.09842585772275925	0.5699999332427979
3831	0.034864768385887146	0.09837585687637329	0.5700966119766235
3832	0.0354774110019207	0.09833663702011108	0.5701574683189392
3833	0.03463011234998703	0.0982997864484787	0.5702362060546875
3834	0.03543721139431	0.09826941788196564	0.5702782869338989
3835	0.03533763065934181	0.0982501283288002	0.5702803730964661
3836	0.03549879044294357	0.09824453294277191	0.5702614188194275
3837	0.034773074090480804	0.09824223816394806	0.5702846646308899
3838	0.035441286861896515	0.09824839979410172	0.5703189373016357
3839	0.0351887010037899	0.09826146066188812	0.5703108906745911
3840	0.03484262526035309	0.09827681630849838	0.5703308582305908
3841	0.03478648513555527	0.0982876569032669	0.5703717470169067
3842	0.03548021242022514	0.0983065664768219	0.5704035758972168
3843	0.03530344367027283	0.09833187609910965	0.5704297423362732
3844	0.0350118987262249	0.09835699200630188	0.5704513788223267
3845	0.034417446702718735	0.09835986793041229	0.5704882144927979
3846	0.03430679813027382	0.09834783524274826	0.570574164390564
3847	0.03466654196381569	0.09832128882408142	0.5706654191017151
3848	0.03549567610025406	0.09828595072031021	0.5707791447639465
3849	0.03559718653559685	0.09825552999973297	0.5708343386650085
3850	0.03547801449894905	0.09824646264314651	0.5708196759223938
3851	0.03496832400560379	0.09824208170175552	0.5708312392234802
3852	0.0350886732339859	0.09825067967176437	0.5708231329917908
3853	0.03523577004671097	0.09826027601957321	0.5708079934120178
3854	0.03509284555912018	0.0982692614197731	0.570748507976532
3855	0.03466974198818207	0.09827752411365509	0.5706930160522461
3856	0.03544721007347107	0.0982774943113327	0.5705998539924622
3857	0.03443625569343567	0.09827940911054611	0.5704971551895142
3858	0.035033054649829865	0.09827408194541931	0.5703921318054199
3859	0.03504595160484314	0.09827155619859695	0.5702866315841675
3860	0.03519725427031517	0.09828673303127289	0.5701771974563599
3861	0.03536436706781387	0.09829840809106827	0.5701082944869995
3862	0.03440699353814125	0.09830929338932037	0.5700821280479431
3863	0.03513963520526886	0.09831777215003967	0.5700579881668091
3864	0.03497837111353874	0.09832925349473953	0.5700393915176392
3865	0.034524016082286835	0.09835284948348999	0.570059597492218
3866	0.03522714599967003	0.09836746752262115	0.5700197815895081
3867	0.03512405604124069	0.09839264303445816	0.5699172019958496
3868	0.03518816828727722	0.09841451793909073	0.5698361992835999
3869	0.03549575433135033	0.0984247550368309	0.5697519183158875
3870	0.03553612902760506	0.09843988716602325	0.5696709752082825
3871	0.035040438175201416	0.09845011681318283	0.5695807337760925
3872	0.03567999228835106	0.09846106916666031	0.5694937109947205
3873	0.03539783135056496	0.0984669029712677	0.569446861743927
3874	0.0344107560813427	0.09847656637430191	0.5694486498832703
3875	0.035458631813526154	0.09847612679004669	0.5694729685783386
3876	0.03587021306157112	0.09849005937576294	0.5694708228111267
3877	0.03451208397746086	0.09850076586008072	0.5695019960403442
3878	0.035460714250802994	0.09850327670574188	0.5694742202758789
3879	0.03478345274925232	0.0984877422451973	0.5695429444313049
3880	0.03545486927032471	0.09846015274524689	0.5696207284927368
3881	0.035264384001493454	0.09843157231807709	0.5697048306465149
3882	0.03506077453494072	0.09840957075357437	0.5697205066680908
3883	0.03499806299805641	0.09838990867137909	0.5697239637374878
3884	0.03509139642119408	0.0983811765909195	0.569745659828186
3885	0.03625403717160225	0.09836792945861816	0.5698678493499756
3886	0.03481750935316086	0.09836336970329285	0.5700157880783081
3887	0.03516557812690735	0.09836861491203308	0.5701732635498047
3888	0.03466448560357094	0.09837185591459274	0.5703408122062683
3889	0.03553524240851402	0.09837336093187332	0.5705042481422424
3890	0.034830812364816666	0.09836982935667038	0.5706837177276611
3891	0.03510986268520355	0.09835593402385712	0.5708686709403992
3892	0.035203222185373306	0.09834938496351242	0.5709994435310364
3893	0.03556923195719719	0.09835100919008255	0.5710698366165161
3894	0.035195108503103256	0.09833741933107376	0.5711277723312378
3895	0.03510941192507744	0.09832212328910828	0.5711820125579834
3896	0.03533259406685829	0.09830726683139801	0.571219801902771
3897	0.03471890836954117	0.0983012467622757	0.5712131857872009
3898	0.0353151373565197	0.09830403327941895	0.5711632966995239
3899	0.03470728546380997	0.09832175076007843	0.571103572845459
3900	0.03446600213646889	0.09833847731351852	0.5710408687591553
3901	0.035307612270116806	0.09834324568510056	0.5710041522979736
3902	0.03529082238674164	0.09836594760417938	0.5709033608436584
3903	0.03433943912386894	0.09838055074214935	0.5707505345344543
3904	0.0350920669734478	0.0983787551522255	0.5705843567848206
3905	0.03476959839463234	0.0983729436993599	0.570428729057312
3906	0.03480827808380127	0.0983664020895958	0.570297122001648
3907	0.03445998951792717	0.09835272282361984	0.5701988339424133
3908	0.035420142114162445	0.09834214299917221	0.5701462030410767
3909	0.03600829467177391	0.09832726418972015	0.5701359510421753
3910	0.03482000529766083	0.09831096976995468	0.5701186656951904
3911	0.03553270921111107	0.09830565750598907	0.5701584219932556
3912	0.03567495197057724	0.09829913079738617	0.5702512264251709
3913	0.03543476015329361	0.09830642491579056	0.5703261494636536
3914	0.03527136892080307	0.09832338988780975	0.5704010128974915
3915	0.03402763977646828	0.0983513593673706	0.5704374313354492
3916	0.03482059761881828	0.09838428348302841	0.5704865455627441
3917	0.03553825989365578	0.09841089695692062	0.5705637335777283
3918	0.034880381077528	0.09842220693826675	0.5707152485847473
3919	0.03498445823788643	0.09843774884939194	0.5708054304122925
3920	0.03507751598954201	0.09845319390296936	0.5708608031272888
3921	0.03452474623918533	0.09847389161586761	0.5708850622177124
3922	0.03496668487787247	0.09848722815513611	0.5709033012390137
3923	0.03484445810317993	0.09849255532026291	0.5708796977996826
3924	0.03464949503540993	0.09847425669431686	0.5707769393920898
3925	0.03491561859846115	0.09845135360956192	0.5706202983856201
3926	0.03552459180355072	0.09842953085899353	0.5704414248466492
3927	0.03516463190317154	0.0984150618314743	0.5702682733535767
3928	0.034858338534832	0.09841010719537735	0.5700832605361938
3929	0.03535342589020729	0.0984126552939415	0.5699019432067871
3930	0.03505335748195648	0.09839984029531479	0.5697849988937378
3931	0.03583505004644394	0.09840060025453568	0.5697042346000671
3932	0.034859009087085724	0.09840990602970123	0.5696256160736084
3933	0.035065311938524246	0.0984271690249443	0.5695485472679138
3934	0.03475111350417137	0.09844013303518295	0.5695362687110901
3935	0.03458685427904129	0.09843804687261581	0.5695676207542419
3936	0.034654028713703156	0.09843073785305023	0.5696070194244385
3937	0.03492988646030426	0.09842664748430252	0.569684624671936
3938	0.03513399511575699	0.09842639416456223	0.569755494594574
3939	0.035425156354904175	0.09841855615377426	0.569840669631958
3940	0.034924376755952835	0.09841372072696686	0.5699484944343567
3941	0.03494531661272049	0.09840862452983856	0.5701212286949158
3942	0.03506848216056824	0.09840989112854004	0.5702418684959412
3943	0.03482309728860855	0.09842170774936676	0.5703543424606323
3944	0.03468769043684006	0.09844005852937698	0.5704086422920227
3945	0.035647258162498474	0.09845725446939468	0.570415735244751
3946	0.034621503204107285	0.09848296642303467	0.5703965425491333
3947	0.03528355434536934	0.09851150214672089	0.5703384280204773
3948	0.03496899828314781	0.09854239970445633	0.57024085521698
3949	0.03501610457897186	0.09855516999959946	0.5701586604118347
3950	0.03521937131881714	0.09856395423412323	0.5700770020484924
3951	0.03500092402100563	0.09855999052524567	0.5700585842132568
3952	0.03493998572230339	0.09855378419160843	0.5699978470802307
3953	0.03472719341516495	0.09854801744222641	0.5698919296264648
3954	0.03509937971830368	0.09853909909725189	0.5698280334472656
3955	0.03479793667793274	0.0985255315899849	0.569789469242096
3956	0.03452083840966225	0.09850657731294632	0.5697782635688782
3957	0.03507721424102783	0.09849679470062256	0.5697548985481262
3958	0.03536725416779518	0.09848737716674805	0.5697326064109802
3959	0.034695759415626526	0.09848387539386749	0.5697416067123413
3960	0.035104554146528244	0.09846264123916626	0.569793701171875
3961	0.034995388239622116	0.09844092279672623	0.5698721408843994
3962	0.03540346771478653	0.09842684864997864	0.5700011849403381
3963	0.034996796399354935	0.09840719401836395	0.5701925754547119
3964	0.035069990903139114	0.09840045869350433	0.5703540444374084
3965	0.035885367542505264	0.09839236736297607	0.5705204010009766
3966	0.03444448858499527	0.0983879342675209	0.5706600546836853
3967	0.034752458333969116	0.09838052093982697	0.5707542300224304
3968	0.034684181213378906	0.09837479144334793	0.5708350539207458
3969	0.03425952419638634	0.09836861491203308	0.5709245204925537
3970	0.034431327134370804	0.09837421029806137	0.5709325075149536
3971	0.034366674721241	0.09837555885314941	0.5709770917892456
3972	0.03458603471517563	0.09838192164897919	0.5709773302078247
3973	0.034732066094875336	0.09838296473026276	0.5710151195526123
3974	0.03510339558124542	0.09839057922363281	0.5710422992706299
3975	0.03559786453843117	0.09841196238994598	0.571045994758606
3976	0.03438786044716835	0.09843099117279053	0.5710650086402893
3977	0.0349954217672348	0.09844586998224258	0.5710307359695435
3978	0.03529537096619606	0.09845997393131256	0.5709679126739502
3979	0.034547191113233566	0.09846417605876923	0.5709404349327087
3980	0.03483534976840019	0.09846802055835724	0.570860743522644
3981	0.03428010642528534	0.09847041219472885	0.5708276033401489
3982	0.03495483472943306	0.09846360981464386	0.570786714553833
3983	0.0353919193148613	0.09843886643648148	0.5707765817642212
3984	0.034523721784353256	0.09841207414865494	0.5706950426101685
3985	0.03469406068325043	0.0983986034989357	0.5705870389938354
3986	0.03494584187865257	0.09839696437120438	0.5704571604728699
3987	0.034826893359422684	0.09839446097612381	0.5703310966491699
3988	0.03543277457356453	0.09840187430381775	0.5702117681503296
3989	0.034093067049980164	0.0984116792678833	0.5700910687446594
3990	0.034543558955192566	0.09842558950185776	0.5700162053108215
3991	0.03489504009485245	0.09844812750816345	0.5699521899223328
3992	0.03408500552177429	0.0984911322593689	0.5698991417884827
3993	0.035344257950782776	0.09852628409862518	0.5698897838592529
3994	0.03482286259531975	0.09856482595205307	0.5698551535606384
3995	0.034452833235263824	0.09858934581279755	0.5698699951171875
3996	0.034561410546302795	0.09860743582248688	0.5698762536048889
3997	0.03512952849268913	0.0986185073852539	0.5698544979095459
3998	0.034788165241479874	0.09862969070672989	0.5697806477546692
3999	0.03505832329392433	0.09862548112869263	0.5696899890899658
4000	0.0350295752286911	0.09862107038497925	0.5696138143539429
4001	0.034607332199811935	0.09861553460359573	0.5695967078208923
4002	0.034423477947711945	0.09861095994710922	0.5696390867233276
4003	0.035040851682424545	0.09859754890203476	0.5697361826896667
4004	0.03472287580370903	0.09856713563203812	0.5698820948600769
4005	0.034835830330848694	0.09853781014680862	0.5699945092201233
4006	0.03458797186613083	0.09851929545402527	0.5701025128364563
4007	0.03440938889980316	0.09851134568452835	0.5701878070831299
4008	0.034786123782396317	0.09850368648767471	0.5703008770942688
4009	0.03475380316376686	0.09849581867456436	0.5704225301742554
4010	0.034464046359062195	0.09848518669605255	0.5705858469009399
4011	0.034520916640758514	0.09847450256347656	0.5707144141197205
4012	0.035359110683202744	0.09845839440822601	0.5708605647087097
4013	0.034330349415540695	0.09844629466533661	0.5709637999534607
4014	0.03498011454939842	0.09843827039003372	0.5709786415100098
4015	0.03476781025528908	0.09841078519821167	0.5709747672080994
4016	0.035385943949222565	0.09839281439781189	0.5709224343299866
4017	0.03427579626441002	0.09838680177927017	0.5708639621734619
4018	0.034458864480257034	0.09837985783815384	0.5708281397819519
4019	0.03395445644855499	0.09838597476482391	0.5707802772521973
4020	0.03455563262104988	0.09839166700839996	0.5707535147666931
4021	0.0348346084356308	0.09839443862438202	0.5706947445869446
4022	0.034950897097587585	0.0983995646238327	0.5706154108047485
4023	0.035233452916145325	0.09840261191129684	0.5705161690711975
4024	0.03499017283320427	0.09840886294841766	0.5704452395439148
4025	0.0352322980761528	0.09842140227556229	0.5704418420791626
4026	0.03409290313720703	0.09843863546848297	0.5704322457313538
4027	0.035023268312215805	0.09845472127199173	0.5704243183135986
4028	0.0354255810379982	0.09847427159547806	0.5704403519630432
4029	0.03427760303020477	0.09848520904779434	0.5704689621925354
4030	0.03431086987257004	0.09849796444177628	0.5705322623252869
4031	0.034534335136413574	0.09850987792015076	0.570600152015686
4032	0.03523249551653862	0.09850285202264786	0.570671558380127
4033	0.03541700914502144	0.09847892075777054	0.5707219243049622
4034	0.035314369946718216	0.09845547378063202	0.5708014369010925
4035	0.03474367409944534	0.09842725098133087	0.5708810687065125
4036	0.034833092242479324	0.09840866923332214	0.5709275603294373
4037	0.03486914187669754	0.09838273376226425	0.5709327459335327
4038	0.0349152572453022	0.09836769849061966	0.5709014534950256
4039	0.035523075610399246	0.09835783392190933	0.5708524584770203
4040	0.034559670835733414	0.09835980832576752	0.5707297921180725
4041	0.034380778670310974	0.09837991744279861	0.5705953240394592
4042	0.03450484946370125	0.09841258823871613	0.570428729057312
4043	0.03475634753704071	0.09843964129686356	0.5703064799308777
4044	0.03462609648704529	0.09846347570419312	0.5701640248298645
4045	0.0349053330719471	0.0984869971871376	0.5700241327285767
4046	0.03490986302495003	0.09850365668535233	0.569866418838501
4047	0.03483589366078377	0.09850957244634628	0.5698500275611877
4048	0.03463861718773842	0.09850506484508514	0.5699041485786438
4049	0.03446988761425018	0.09849527478218079	0.5699717998504639
4050	0.03518764674663544	0.0984807088971138	0.5700712203979492
4051	0.034451503306627274	0.0984620675444603	0.5701723694801331
4052	0.03441788628697395	0.0984492152929306	0.5703186988830566
4053	0.03534303233027458	0.09843510389328003	0.570464015007019
4054	0.034713927656412125	0.09841940551996231	0.5706081986427307
4055	0.03482646122574806	0.09840850532054901	0.5707390308380127
4056	0.034868888556957245	0.0984032154083252	0.5708479881286621
4057	0.03509945049881935	0.09840606153011322	0.570935845375061
4058	0.03429552540183067	0.09840501099824905	0.5709592700004578
4059	0.03422866761684418	0.0984092429280281	0.5709292888641357
4060	0.03510162979364395	0.09841646999120712	0.5708665251731873
4061	0.03390514850616455	0.09841439872980118	0.570796549320221
4062	0.034370046108961105	0.09840144217014313	0.570732593536377
4063	0.03439648076891899	0.09839281439781189	0.5706527233123779
4064	0.03481246158480644	0.09838997572660446	0.5705357789993286
4065	0.03435353934764862	0.09840144962072372	0.5703898072242737
4066	0.03442039340734482	0.09841979295015335	0.5702223181724548
4067	0.035060398280620575	0.09843239933252335	0.5700700283050537
4068	0.03443101420998573	0.09843140095472336	0.5699477195739746
4069	0.03487119823694229	0.09841934591531754	0.5698578357696533
4070	0.03477662801742554	0.09840615838766098	0.56982421875
4071	0.035230834037065506	0.09840679168701172	0.5697808265686035
4072	0.034806989133358	0.09839377552270889	0.5698041319847107
4073	0.035231586545705795	0.09837812930345535	0.5698503255844116
4074	0.034347739070653915	0.09837572276592255	0.5698727369308472
4075	0.034939780831336975	0.09837660938501358	0.5699416399002075
4076	0.03473244234919548	0.09839442372322083	0.570021390914917
4077	0.034641094505786896	0.0984228253364563	0.5701094269752502
4078	0.03490307182073593	0.09844628721475601	0.5702110528945923
4079	0.03489019721746445	0.0984661877155304	0.5702798366546631
4080	0.03461838886141777	0.09847304970026016	0.570423424243927
4081	0.03486574441194534	0.09846100956201553	0.5705746412277222
4082	0.03511280566453934	0.09843430668115616	0.5707340240478516
4083	0.03522881492972374	0.09840299934148788	0.5708453059196472
4084	0.03479573875665665	0.09836558252573013	0.5709114670753479
4085	0.03501642122864723	0.09833428263664246	0.5709885954856873
4086	0.03425091505050659	0.09831586480140686	0.5710259675979614
4087	0.034948598593473434	0.09830669313669205	0.5710077881813049
4088	0.03458704426884651	0.0983089804649353	0.5709312558174133
4089	0.03523992747068405	0.0983196496963501	0.5708324909210205
4090	0.03431751951575279	0.0983368530869484	0.5706557631492615
4091	0.03475392237305641	0.09836370497941971	0.5704201459884644
4092	0.03503686189651489	0.09838016331195831	0.5702540874481201
4093	0.0348522812128067	0.09838951379060745	0.5701292157173157
4094	0.034443292766809464	0.0983973816037178	0.5699440836906433
4095	0.03391890227794647	0.09839878976345062	0.5698162913322449
4096	0.03481883928179741	0.098396897315979	0.569692075252533
4097	0.033958595246076584	0.0983925387263298	0.5696256756782532
4098	0.03397393226623535	0.09839281439781189	0.5695865750312805
4099	0.03458595648407936	0.09839459508657455	0.5695458054542542
4100	0.034461647272109985	0.09840045869350433	0.5695430636405945
4101	0.03435441851615906	0.09840376675128937	0.5696447491645813
4102	0.03431635722517967	0.0984085202217102	0.569767415523529
4103	0.035636160522699356	0.09840170294046402	0.5698986649513245
4104	0.03487677499651909	0.09840603917837143	0.5700230002403259
4105	0.034095559269189835	0.09842002391815186	0.5700750350952148
4106	0.034295704215765	0.0984473004937172	0.5701146721839905
4107	0.03473059460520744	0.09846538305282593	0.5701655149459839
4108	0.03440450504422188	0.09847970306873322	0.5702256560325623
4109	0.03486272692680359	0.09848885983228683	0.570247232913971
4110	0.03494942560791969	0.0984974056482315	0.5703179240226746
4111	0.03489524498581886	0.09851204603910446	0.5703527331352234
4112	0.03428218886256218	0.09852051734924316	0.5703720450401306
4113	0.034877657890319824	0.09852877259254456	0.5703897476196289
4114	0.034598253667354584	0.09853431582450867	0.5703737139701843
4115	0.03502178192138672	0.0985373929142952	0.5703505873680115
4116	0.03455088660120964	0.0985468327999115	0.5702857375144958
4117	0.0346708744764328	0.09855318069458008	0.5702617764472961
4118	0.034951962530612946	0.09853825718164444	0.570255696773529
4119	0.0344717912375927	0.09851349890232086	0.5702344179153442
4120	0.035261206328868866	0.09848404675722122	0.5702521204948425
4121	0.03455280140042305	0.09845370054244995	0.5702163577079773
4122	0.03461318463087082	0.0984225943684578	0.5701881647109985
4123	0.0346376933157444	0.09840086847543716	0.5701456069946289
4124	0.03422589972615242	0.09838365763425827	0.5701671242713928
4125	0.03487153723835945	0.09837950766086578	0.5701851844787598
4126	0.03481221944093704	0.09837424010038376	0.5702136754989624
4127	0.03504571318626404	0.0983860120177269	0.570220947265625
4128	0.03502416983246803	0.09841179847717285	0.5701829195022583
4129	0.034464363008737564	0.09844078123569489	0.5701444149017334
4130	0.034116458147764206	0.09846759587526321	0.5701265931129456
4131	0.03408745303750038	0.09848334640264511	0.570152997970581
4132	0.034439731389284134	0.0984993651509285	0.5701485276222229
4133	0.034410104155540466	0.09852413833141327	0.5701286792755127
4134	0.035131555050611496	0.09854458272457123	0.5700620412826538
4135	0.0342741534113884	0.09853889793157578	0.5700494050979614
4136	0.034909799695014954	0.09851699322462082	0.5700803399085999
4137	0.03399041295051575	0.09850166738033295	0.570105791091919
4138	0.0346553660929203	0.09847815334796906	0.5701046586036682
4139	0.034477174282073975	0.09845318645238876	0.5701371431350708
4140	0.03460913524031639	0.09843334555625916	0.5701507329940796
4141	0.03452439233660698	0.09841630607843399	0.5702230930328369
4142	0.03462909534573555	0.09840475767850876	0.5702831745147705
4143	0.0344301238656044	0.09838148951530457	0.5703446865081787
4144	0.03428424894809723	0.09837255626916885	0.5703556537628174
4145	0.03532233461737633	0.09837306290864944	0.5703952312469482
4146	0.03445537015795708	0.09838086366653442	0.5703974366188049
4147	0.033785704523324966	0.098384790122509	0.5704197287559509
4148	0.03456519544124603	0.09839140623807907	0.5703476667404175
4149	0.034165311604738235	0.09840474277734756	0.5702698230743408
4150	0.034505825489759445	0.09842143207788467	0.570164144039154
4151	0.034534819424152374	0.0984419733285904	0.5700629949569702
4152	0.0343267098069191	0.09844919294118881	0.5699838995933533
4153	0.03457528352737427	0.09846250712871552	0.5698479413986206
4154	0.03479289636015892	0.09847035259008408	0.5697362422943115
4155	0.03374174237251282	0.09846946597099304	0.5696567296981812
4156	0.03438430652022362	0.09847694635391235	0.5696001052856445
4157	0.03493154048919678	0.09848107397556305	0.5696015954017639
4158	0.03435702621936798	0.09849794954061508	0.5695661306381226
4159	0.03450264409184456	0.09851931035518646	0.5695008635520935
4160	0.034605853259563446	0.09853813797235489	0.569503664970398
4161	0.03417312353849411	0.09855219721794128	0.5695630311965942
4162	0.03460794687271118	0.0985812395811081	0.569632887840271
4163	0.03488018363714218	0.09860475361347198	0.5696709156036377
4164	0.0342673696577549	0.09860274195671082	0.56975257396698
4165	0.03466583415865898	0.09860390424728394	0.5698009133338928
4166	0.03516365587711334	0.0986090674996376	0.5698338747024536
4167	0.03465331718325615	0.09862246364355087	0.5698659420013428
4168	0.034746889024972916	0.0986214131116867	0.5698928236961365
4169	0.03428606316447258	0.09861812740564346	0.5699078440666199
4170	0.03464584797620773	0.09860111027956009	0.5699645280838013
4171	0.03390501067042351	0.09858950227499008	0.5699561238288879
4172	0.034428395330905914	0.098577581346035	0.5699169039726257
4173	0.034136924892663956	0.0985732153058052	0.569904088973999
4174	0.034258440136909485	0.09856967628002167	0.5698385834693909
4175	0.034006066620349884	0.09856780618429184	0.5697764754295349
4176	0.03435669094324112	0.09857368469238281	0.5697018504142761
4177	0.034748680889606476	0.09858035296201706	0.5695995688438416
4178	0.03423793986439705	0.09859516471624374	0.5694872140884399
4179	0.034750524908304214	0.0986073836684227	0.5693795084953308
4180	0.0342397503554821	0.09860506653785706	0.5692626237869263
4181	0.03407078608870506	0.09859129786491394	0.569220244884491
4182	0.034349214285612106	0.09856408834457397	0.5692763328552246
4183	0.034431010484695435	0.09853023290634155	0.5693219900131226
4184	0.034235380589962006	0.09849994629621506	0.5693901777267456
4185	0.03456084057688713	0.09847112745046616	0.5694466233253479
4186	0.034508585929870605	0.09844951331615448	0.5694997310638428
4187	0.034148067235946655	0.0984443873167038	0.5695629119873047
4188	0.03474703058600426	0.09845168888568878	0.5696772933006287
4189	0.034155115485191345	0.09845642000436783	0.569844126701355
4190	0.03379342332482338	0.09846457839012146	0.5700151920318604
4191	0.03416527807712555	0.09849059581756592	0.5701317191123962
4192	0.034169502556324005	0.09852010011672974	0.57023686170578
4193	0.03448893502354622	0.09854532778263092	0.5703189969062805
4194	0.03367508575320244	0.09857121855020523	0.5703611373901367
4195	0.034207843244075775	0.09857822209596634	0.5704526305198669
4196	0.03436121717095375	0.09857352823019028	0.5704988241195679
4197	0.03396178409457207	0.09855496883392334	0.5705263018608093
4198	0.03429964929819107	0.09853783249855042	0.5705075860023499
4199	0.03397047147154808	0.09851354360580444	0.5704814195632935
4200	0.03335120901465416	0.09848315268754959	0.5704270601272583
4201	0.03435935080051422	0.09845583140850067	0.5703494548797607
4202	0.03447243571281433	0.09843619912862778	0.5702739357948303
4203	0.03422420099377632	0.09842310100793839	0.5701591968536377
4204	0.03469061851501465	0.0984065905213356	0.5700275897979736
4205	0.034588523209095	0.09839779138565063	0.5699262619018555
4206	0.03383873775601387	0.09838639944791794	0.5698473453521729
4207	0.03472987189888954	0.09837795048952103	0.5697730779647827
4208	0.03434618189930916	0.09837482869625092	0.5697943568229675
4209	0.034097883850336075	0.09837218374013901	0.5698355436325073
4210	0.034648533910512924	0.09837748855352402	0.569911539554596
4211	0.03482920303940773	0.0983862578868866	0.5700010061264038
4212	0.03402141109108925	0.09838991612195969	0.5701202750205994
4213	0.0344296470284462	0.0983869731426239	0.5702611207962036
4214	0.03475424274802208	0.09839075058698654	0.5704336762428284
4215	0.03428228572010994	0.09840749949216843	0.5705930590629578
4216	0.03478068858385086	0.09843504428863525	0.5707120895385742
4217	0.03459461033344269	0.09847171604633331	0.5708192586898804
4218	0.03347389027476311	0.09850140661001205	0.5708680152893066
4219	0.034589093178510666	0.09852566570043564	0.5708819627761841
4220	0.03497269004583359	0.09854738414287567	0.5708566904067993
4221	0.03431415930390358	0.09855788946151733	0.570809006690979
4222	0.033485110849142075	0.09855539351701736	0.5707640051841736
4223	0.03462094068527222	0.09855616837739944	0.570675790309906
4224	0.03403106704354286	0.09854473918676376	0.5705568194389343
4225	0.03446206822991371	0.09853993356227875	0.5703875422477722
4226	0.03445524722337723	0.09852274507284164	0.5702154636383057
4227	0.03523600846529007	0.09850907325744629	0.5700175762176514
4228	0.0345759242773056	0.0985005646944046	0.569845974445343
4229	0.033808860927820206	0.09849490225315094	0.5697433352470398
4230	0.03436730429530144	0.0984957367181778	0.5697186589241028
4231	0.03435945138335228	0.09849199652671814	0.5696948170661926
4232	0.03473363071680069	0.09848491102457047	0.5696826577186584
4233	0.0330992229282856	0.09847705811262131	0.5696618556976318
4234	0.0337214358150959	0.0984722226858139	0.5696701407432556
4235	0.033825457096099854	0.09846404939889908	0.5697420835494995
4236	0.03458590433001518	0.09845691919326782	0.5698425769805908
4237	0.034676454961299896	0.09845089912414551	0.5699536800384521
4238	0.03455484285950661	0.098436638712883	0.5700815916061401
4239	0.03475373238325119	0.09842515736818314	0.5701926350593567
4240	0.0343310609459877	0.09841898828744888	0.5702663064002991
4241	0.03411615267395973	0.09843071550130844	0.5703065395355225
4242	0.0345042422413826	0.09844643622636795	0.5703120231628418
4243	0.035026367753744125	0.09846198558807373	0.5703410506248474
4244	0.0337691493332386	0.09847601503133774	0.5703569650650024
4245	0.034374624490737915	0.0984807088971138	0.5703697204589844
4246	0.033914193511009216	0.09847553074359894	0.5704102516174316
4247	0.03464057669043541	0.09845979511737823	0.5704452395439148
4248	0.034055788069963455	0.09842734783887863	0.5705161690711975
4249	0.034273020923137665	0.09839148819446564	0.5705879926681519
4250	0.033934563398361206	0.09834536164999008	0.5706588625907898
4251	0.03495325148105621	0.09831304103136063	0.5707235932350159
4252	0.034638725221157074	0.09828817844390869	0.5707511901855469
4253	0.03376113623380661	0.09826724231243134	0.5707518458366394
4254	0.03439749777317047	0.09825205057859421	0.5707704424858093
4255	0.033651456236839294	0.09825563430786133	0.5707818269729614
4256	0.03474730998277664	0.09825965762138367	0.570819079875946
4257	0.034066300839185715	0.09827715903520584	0.5708264708518982
4258	0.034794408828020096	0.09830442070960999	0.5708081126213074
4259	0.03419368714094162	0.09832789748907089	0.570801317691803
4260	0.0345492884516716	0.09834672510623932	0.5708107948303223
4261	0.034130774438381195	0.0983758196234703	0.5707767605781555
4262	0.03465869277715683	0.09841727465391159	0.5707039833068848
4263	0.0346326008439064	0.09845110028982162	0.5705714225769043
4264	0.034123726189136505	0.09848295152187347	0.570435106754303
4265	0.03389457240700722	0.0985039621591568	0.5703734159469604
4266	0.034097835421562195	0.09852273017168045	0.5703184008598328
4267	0.03395622968673706	0.09852474182844162	0.5702700614929199
4268	0.03425760567188263	0.09850036352872849	0.5702617764472961
4269	0.03413885831832886	0.0984773114323616	0.5702182054519653
4270	0.0341382659971714	0.09844017773866653	0.5701770782470703
4271	0.034119367599487305	0.09840785712003708	0.5702147483825684
4272	0.033913273364305496	0.09838546812534332	0.570270836353302
4273	0.03437049314379692	0.09837255626916885	0.570313572883606
4274	0.03412657603621483	0.09835881739854813	0.5703548192977905
4275	0.03492772951722145	0.09834669530391693	0.5703527331352234
4276	0.03410752862691879	0.09833698719739914	0.5703449845314026
4277	0.033724501729011536	0.09834492951631546	0.5703408718109131
4278	0.03400421142578125	0.09836545586585999	0.5703464150428772
4279	0.034614693373441696	0.09838111698627472	0.5704070925712585
4280	0.03400347754359245	0.098398856818676	0.5704951286315918
4281	0.03492271527647972	0.09840132296085358	0.5705887675285339
4282	0.03445057198405266	0.09838370233774185	0.5707292556762695
4283	0.033997178077697754	0.0983777865767479	0.570850670337677
4284	0.03426748141646385	0.0983668863773346	0.5709547996520996
4285	0.03424704819917679	0.09836513549089432	0.5709794163703918
4286	0.03398120403289795	0.09837479144334793	0.5709809064865112
4287	0.0343775674700737	0.09837755560874939	0.5709767937660217
4288	0.03387768566608429	0.09838413447141647	0.570936381816864
4289	0.03511480987071991	0.0983913466334343	0.5709022879600525
4290	0.03384879231452942	0.09839316457509995	0.5708803534507751
4291	0.033383406698703766	0.09841164201498032	0.5708164572715759
4292	0.03496946766972542	0.09842400997877121	0.5707405805587769
4293	0.03405153006315231	0.0984378457069397	0.5706567764282227
4294	0.033813219517469406	0.09846069663763046	0.5705402493476868
4295	0.0344071239233017	0.09848907589912415	0.5703632831573486
4296	0.03438962250947952	0.09851408004760742	0.5701422691345215
4297	0.03407774120569229	0.09855996072292328	0.5698494911193848
4298	0.0343639999628067	0.0986073836684227	0.5695785880088806
4299	0.034045495092868805	0.09865451604127884	0.569298505783081
4300	0.03369319811463356	0.09869753569364548	0.5690521001815796
4301	0.03453831374645233	0.09872619062662125	0.56887286901474
4302	0.034344274550676346	0.09875335544347763	0.5687310695648193
4303	0.033851880580186844	0.09877938777208328	0.5686153769493103
4304	0.03426048904657364	0.09878949820995331	0.5685715079307556
4305	0.03364495560526848	0.09878436475992203	0.5686097741127014
4306	0.03454042598605156	0.09877429157495499	0.5686693787574768
4307	0.03426390141248703	0.09874039888381958	0.5687583684921265
4308	0.034359823912382126	0.09868910163640976	0.5689020752906799
4309	0.03419278562068939	0.09863454103469849	0.5690391659736633
4310	0.03425775095820427	0.0985918790102005	0.5692259669303894
4311	0.03407058119773865	0.0985557809472084	0.569460391998291
4312	0.033580418676137924	0.0985296443104744	0.5696789026260376
4313	0.0333312526345253	0.09850819408893585	0.5699336528778076
4314	0.034237757325172424	0.09849189221858978	0.570186197757721
4315	0.03360771760344505	0.09848418086767197	0.5704003572463989
4316	0.03482256829738617	0.098468117415905	0.5705671310424805
4317	0.034263964742422104	0.09845615923404694	0.5706696510314941
4318	0.03336925059556961	0.09845265001058578	0.5707744359970093
4319	0.0343017578125	0.09845905005931854	0.5708494186401367
4320	0.03393032029271126	0.09847326576709747	0.5708976984024048
4321	0.03402005881071091	0.09849390387535095	0.5708829760551453
4322	0.03424042835831642	0.09850339591503143	0.5708949565887451
4323	0.03408048674464226	0.09849686175584793	0.5709022879600525
4324	0.03402125835418701	0.0984908863902092	0.5708802342414856
4325	0.03457536920905113	0.09848590195178986	0.5708704590797424
4326	0.03424005210399628	0.09847849607467651	0.5708069801330566
4327	0.03375359624624252	0.09846735745668411	0.5707823038101196
4328	0.03398663550615311	0.09846244752407074	0.5707361102104187
4329	0.03452534228563309	0.09845790266990662	0.5706835985183716
4330	0.0328732468187809	0.09846044331789017	0.5706416964530945
4331	0.03426255285739899	0.09846078604459763	0.5705521702766418
4332	0.034147683531045914	0.09845808893442154	0.5704694986343384
4333	0.03395891562104225	0.09845733642578125	0.5704201459884644
4334	0.03419635444879532	0.09845370799303055	0.5703961253166199
4335	0.03327038511633873	0.09845057874917984	0.5703755021095276
4336	0.0345194973051548	0.09843948483467102	0.5703771710395813
4337	0.034123994410037994	0.09843368083238602	0.5703504085540771
4338	0.034090276807546616	0.09842973947525024	0.5703398585319519
4339	0.034095991402864456	0.09842319786548615	0.5703834891319275
4340	0.034029845148324966	0.09842383116483688	0.5704399943351746
4341	0.03366348519921303	0.0984269231557846	0.570463240146637
4342	0.03370347246527672	0.09842748939990997	0.5704883337020874
4343	0.03472650796175003	0.09842829406261444	0.5705587267875671
4344	0.0331704281270504	0.0984143316745758	0.5706437230110168
4345	0.033578839153051376	0.09840632230043411	0.5707086324691772
4346	0.03401888534426689	0.09840162098407745	0.5707374811172485
4347	0.03352107107639313	0.09839621186256409	0.5707809329032898
4348	0.03349768742918968	0.0983930379152298	0.5708207488059998
4349	0.03408849984407425	0.0983998030424118	0.570800244808197
4350	0.033753205090761185	0.09841785579919815	0.5707472562789917
4351	0.0332968570291996	0.09843571484088898	0.5706887245178223
4352	0.03340478241443634	0.09843716025352478	0.5707146525382996
4353	0.034461863338947296	0.09844619780778885	0.5707293748855591
4354	0.03385016694664955	0.09845653176307678	0.5707015991210938
4355	0.034402910619974136	0.0984586551785469	0.570721447467804
4356	0.034127816557884216	0.09844036400318146	0.5708308815956116
4357	0.0344124361872673	0.09843728691339493	0.5708785057067871
4358	0.03452390804886818	0.09843171387910843	0.5709545612335205
4359	0.03410366177558899	0.09842163324356079	0.5710616111755371
4360	0.0338379442691803	0.09840508550405502	0.5711531639099121
4361	0.03351200371980667	0.09839256852865219	0.5711967945098877
4362	0.03470505401492119	0.09837892651557922	0.5712117552757263
4363	0.03371386602520943	0.09837289899587631	0.571200430393219
4364	0.033926066011190414	0.09837125241756439	0.5711920261383057
4365	0.033416055142879486	0.09836720675230026	0.5712037682533264
4366	0.03446048125624657	0.0983661413192749	0.5712012052536011
4367	0.03439539670944214	0.09836529940366745	0.5711250305175781
4368	0.033735666424036026	0.09837519377470016	0.5710680484771729
4369	0.03421470522880554	0.09837687015533447	0.571003258228302
4370	0.034608032554388046	0.09839155524969101	0.5709447860717773
4371	0.033826831728219986	0.09841958433389664	0.5709148049354553
4372	0.03426395356655121	0.09843841195106506	0.5708763599395752
4373	0.03417993709445	0.09843801707029343	0.570868194103241
4374	0.03403674438595772	0.09843699634075165	0.5708049535751343
4375	0.03437042608857155	0.09842165559530258	0.5708020925521851
4376	0.033959440886974335	0.09839313477277756	0.5707968473434448
4377	0.033460456877946854	0.0983751118183136	0.5708178281784058
4378	0.03394261375069618	0.09836909919977188	0.5707890391349792
4379	0.034239817410707474	0.09835910052061081	0.5707359313964844
4380	0.033660899847745895	0.09835749119520187	0.5706908106803894
4381	0.03357860445976257	0.0983625203371048	0.5706458687782288
4382	0.034195221960544586	0.09836100041866302	0.570632815361023
4383	0.033728718757629395	0.09835866093635559	0.5706340074539185
4384	0.03404737636446953	0.09835764765739441	0.5706758499145508
4385	0.033668383955955505	0.09837187826633453	0.5707019567489624
4386	0.03294211998581886	0.09839072823524475	0.5707495808601379
4387	0.03455604240298271	0.09840831905603409	0.5707662105560303
4388	0.0340404286980629	0.09841875731945038	0.5707662105560303
4389	0.03334799036383629	0.09843634068965912	0.570698082447052
4390	0.03421710431575775	0.09845477342605591	0.5706294178962708
4391	0.033555712550878525	0.09847123920917511	0.5705239772796631
4392	0.03437855467200279	0.09847944229841232	0.5703995823860168
4393	0.03419569879770279	0.0984933003783226	0.570225715637207
4394	0.034210678189992905	0.09849521517753601	0.5700711011886597
4395	0.033620234578847885	0.09850141406059265	0.5699388980865479
4396	0.03347071260213852	0.09850390255451202	0.5698306560516357
4397	0.03407880663871765	0.09851009398698807	0.5698252320289612
4398	0.03383231908082962	0.09851528704166412	0.569901704788208
4399	0.033997517079114914	0.09851313382387161	0.5700709819793701
4400	0.03330539911985397	0.09850884228944778	0.5702018737792969
4401	0.03413143381476402	0.09850582480430603	0.5703911185264587
4402	0.033983394503593445	0.09848953783512115	0.5706221461296082
4403	0.034393101930618286	0.09847487509250641	0.5708546042442322
4404	0.034231457859277725	0.09845445305109024	0.5710740685462952
4405	0.034094903618097305	0.09842482209205627	0.571233332157135
4406	0.033891238272190094	0.09838295727968216	0.5713745951652527
4407	0.03385809808969498	0.09833651781082153	0.5714854001998901
4408	0.034187257289886475	0.09829722344875336	0.5715209245681763
4409	0.03280079737305641	0.09826076775789261	0.5714946985244751
4410	0.03332982584834099	0.0982326939702034	0.5714367032051086
4411	0.03321272134780884	0.09822339564561844	0.5713295936584473
4412	0.033738717436790466	0.09822412580251694	0.5712363719940186
4413	0.033291567116975784	0.09824556112289429	0.571130633354187
4414	0.03370936959981918	0.09826218336820602	0.5710809826850891
4415	0.03431759029626846	0.09828708320856094	0.5710517764091492
4416	0.034032948315143585	0.09830547869205475	0.5710561275482178
4417	0.034636352211236954	0.0983341634273529	0.5710222721099854
4418	0.03277159854769707	0.09836404770612717	0.570970892906189
4419	0.034043099731206894	0.09840058535337448	0.5708997845649719
4420	0.03330915793776512	0.09844973683357239	0.5708256959915161
4421	0.033486220985651016	0.09847886115312576	0.5707549452781677
4422	0.03440370783209801	0.09850107878446579	0.5706959962844849
4423	0.034324921667575836	0.09852779656648636	0.5705933570861816
4424	0.033621158450841904	0.0985480472445488	0.5705111622810364
4425	0.03405723348259926	0.09855731576681137	0.5704085826873779
4426	0.03456313535571098	0.09855406731367111	0.5703352093696594
4427	0.03454168513417244	0.09853095561265945	0.5703093409538269
4428	0.03397123143076897	0.09851040691137314	0.5703241229057312
4429	0.03369078412652016	0.09847654402256012	0.5703739523887634
4430	0.03370406851172447	0.09844036400318146	0.570453941822052
4431	0.033839743584394455	0.0983961746096611	0.5705508589744568
4432	0.034009531140327454	0.09836234897375107	0.5706374645233154
4433	0.03349721431732178	0.09832991659641266	0.5707491636276245
4434	0.03390052914619446	0.09829633682966232	0.5708244442939758
4435	0.03378511592745781	0.09826220571994781	0.5709672570228577
4436	0.03399914503097534	0.09824129939079285	0.5711314678192139
4437	0.03374393284320831	0.09822414070367813	0.571221649646759
4438	0.03384890779852867	0.09821756184101105	0.5712919235229492
4439	0.0334286205470562	0.09821727126836777	0.5713326334953308
4440	0.03411944583058357	0.09821946918964386	0.5714144706726074
4441	0.03323359414935112	0.09822576493024826	0.5714588165283203
4442	0.034101422876119614	0.09822875261306763	0.5715190172195435
4443	0.03383120894432068	0.09823103994131088	0.571615993976593
4444	0.033869922161102295	0.09822160750627518	0.5717361569404602
4445	0.03382795676589012	0.09821374714374542	0.5718207359313965
4446	0.033637113869190216	0.09820103645324707	0.5718716382980347
4447	0.033165473490953445	0.0981912761926651	0.5718761086463928
4448	0.03410772979259491	0.09817805141210556	0.5718793272972107
4449	0.03402429074048996	0.098166823387146	0.5718404650688171
4450	0.033588163554668427	0.09817192703485489	0.5717868804931641
4451	0.03330795839428902	0.09818024933338165	0.5717515349388123
4452	0.033426832407712936	0.09818895161151886	0.571717381477356
4453	0.03384768217802048	0.09820336103439331	0.5716409683227539
4454	0.03350408002734184	0.09821492433547974	0.5715731382369995
4455	0.03318694978952408	0.09822437912225723	0.5715129375457764
4456	0.03372723609209061	0.09823783487081528	0.5714517831802368
4457	0.03355419635772705	0.09824752807617188	0.5713933110237122
4458	0.03390902280807495	0.09825858473777771	0.571370542049408
4459	0.0338599756360054	0.09827771037817001	0.5713506937026978
4460	0.03396790474653244	0.09830452501773834	0.5713140964508057
4461	0.03393930196762085	0.09833098202943802	0.5713037848472595
4462	0.033437564969062805	0.09836534410715103	0.5712401270866394
4463	0.033657506108284	0.09840770065784454	0.5711996555328369
4464	0.03418223559856415	0.09844297915697098	0.5711911916732788
4465	0.034678056836128235	0.09846926480531693	0.5711818337440491
4466	0.03393968194723129	0.09847334772348404	0.5711671710014343
4467	0.03367391601204872	0.09846328943967819	0.5711354613304138
4468	0.034373048692941666	0.0984526202082634	0.5710786581039429
4469	0.03372963145375252	0.09844302386045456	0.571046769618988
4470	0.033519987016916275	0.09842628985643387	0.5710294842720032
4471	0.0332682728767395	0.09841092675924301	0.5709943175315857
4472	0.03373260051012039	0.09841017425060272	0.570931613445282
4473	0.033729661256074905	0.09840220957994461	0.5708724856376648
4474	0.03450325131416321	0.09838268905878067	0.5708705186843872
4475	0.033541347831487656	0.09836986660957336	0.5708645582199097
4476	0.03370758518576622	0.09835674613714218	0.5708812475204468
4477	0.03404473885893822	0.09835030138492584	0.5708972215652466
4478	0.03458253666758537	0.09835092723369598	0.5709182024002075
4479	0.0340801365673542	0.09836389124393463	0.5709171295166016
4480	0.03357093781232834	0.09835797548294067	0.5709255337715149
4481	0.03298122435808182	0.09834233671426773	0.5709596872329712
4482	0.03364996612071991	0.09833184629678726	0.5710188150405884
4483	0.033878788352012634	0.09831231087446213	0.5710489153862
4484	0.033069781959056854	0.0982859656214714	0.571087121963501
4485	0.03366347402334213	0.09826555103063583	0.5711236000061035
4486	0.034384552389383316	0.09825005382299423	0.5711504817008972
4487	0.03351818397641182	0.09823998808860779	0.5711578130722046
4488	0.03335569426417351	0.09823008626699448	0.571148693561554
4489	0.03393983468413353	0.09822636842727661	0.571140468120575
4490	0.03347345069050789	0.09822474420070648	0.571138858795166
4491	0.033319998532533646	0.09822047501802444	0.5711871385574341
4492	0.033589918166399	0.09821828454732895	0.5712267756462097
4493	0.032826803624629974	0.09822198748588562	0.5712553858757019
4494	0.03376181796193123	0.0982266217470169	0.5713009238243103
4495	0.03400754556059837	0.0982436090707779	0.5713481903076172
4496	0.03316414728760719	0.09826229512691498	0.5714148879051208
4497	0.033360324800014496	0.09827331453561783	0.5715345144271851
4498	0.03316785395145416	0.09826542437076569	0.5716239809989929
4499	0.033320069313049316	0.09825858473777771	0.571587860584259
4500	0.03354361280798912	0.09825260937213898	0.5715581178665161
4501	0.03454945608973503	0.09824378043413162	0.5715197920799255
4502	0.033960580825805664	0.098231740295887	0.5714909434318542
4503	0.03405454009771347	0.09823167324066162	0.5714386105537415
4504	0.03373102843761444	0.0982275977730751	0.5713945627212524
4505	0.03329067677259445	0.09823004901409149	0.5713704228401184
4506	0.03319580852985382	0.09823598712682724	0.571341335773468
4507	0.03348419442772865	0.09823127835988998	0.5713508725166321
4508	0.033118024468421936	0.09823265671730042	0.5713456273078918
4509	0.033983949571847916	0.09823397547006607	0.5713474750518799
4510	0.03357551619410515	0.09823472052812576	0.5713661313056946
4511	0.033838119357824326	0.09823234379291534	0.5713748931884766
4512	0.03358989208936691	0.09823098033666611	0.5713778138160706
4513	0.0335845947265625	0.09823192656040192	0.5713708996772766
4514	0.033711642026901245	0.09823650121688843	0.5713775753974915
4515	0.03418600559234619	0.09824474900960922	0.5713622570037842
4516	0.033444229513406754	0.09825261682271957	0.5713597536087036
4517	0.03344056382775307	0.09825938194990158	0.5713558793067932
4518	0.03396693617105484	0.09826959669589996	0.571347713470459
4519	0.03400862216949463	0.09827931970357895	0.5713329315185547
4520	0.033862628042697906	0.09828507155179977	0.571320652961731
4521	0.03373795375227928	0.0982925146818161	0.5712942481040955
4522	0.033931512385606766	0.09829694777727127	0.5712670087814331
4523	0.03367730602622032	0.09830101579427719	0.5712498426437378
4524	0.033704668283462524	0.09830424934625626	0.5712400078773499
4525	0.03323369845747948	0.09831134229898453	0.571247935295105
4526	0.034175410866737366	0.09831824898719788	0.5712519884109497
4527	0.03392041102051735	0.09832856059074402	0.5712682008743286
4528	0.033703263849020004	0.09834396839141846	0.5712607502937317
4529	0.033943865448236465	0.09835761040449142	0.5712247490882874
4530	0.03392055630683899	0.09836547076702118	0.5711999535560608
4531	0.03311901539564133	0.09836935997009277	0.5711751580238342
4532	0.03338576480746269	0.09837009757757187	0.5711718797683716
4533	0.03462038189172745	0.09836725145578384	0.5711538791656494
4534	0.03310588374733925	0.09835682064294815	0.5711362361907959
4535	0.03404700756072998	0.09834803640842438	0.5711240768432617
4536	0.03407654911279678	0.09834609925746918	0.5710902214050293
4537	0.03394348919391632	0.09834200888872147	0.5710791945457458
4538	0.03385404124855995	0.09833364188671112	0.5710580348968506
4539	0.033877745270729065	0.0983201339840889	0.5710396766662598
4540	0.03323947638273239	0.09830360859632492	0.5710397958755493
4541	0.03364609554409981	0.0982869565486908	0.5710528492927551
4542	0.03352735564112663	0.09827106446027756	0.571087121963501
4543	0.03357556462287903	0.09826163947582245	0.571122407913208
4544	0.03409753739833832	0.0982525572180748	0.5711756348609924
4545	0.033784668892621994	0.09825024753808975	0.5712203979492188
4546	0.03334434702992439	0.0982506275177002	0.5712733268737793
4547	0.03349298611283302	0.09825603663921356	0.5713108777999878
4548	0.03377455472946167	0.09826315939426422	0.571337878704071
4549	0.03373710811138153	0.0982699990272522	0.5713762640953064
4550	0.03312932699918747	0.0982789397239685	0.5714001059532166
4551	0.03444135561585426	0.0982871949672699	0.5714103579521179
4552	0.03356609120965004	0.0982951819896698	0.5713908672332764
4553	0.03414655849337578	0.0983002781867981	0.571357250213623
4554	0.033074863255023956	0.09830479323863983	0.5713114142417908
4555	0.03337468206882477	0.09830469638109207	0.5713040828704834
4556	0.033831559121608734	0.09830249100923538	0.5713075399398804
4557	0.0341850146651268	0.0982992947101593	0.5712880492210388
4558	0.03362385928630829	0.09829127043485641	0.5712794065475464
4559	0.034301627427339554	0.09827949106693268	0.5712364912033081
4560	0.033076949417591095	0.0982731357216835	0.5711893439292908
4561	0.03325027599930763	0.0982658863067627	0.5711396932601929
4562	0.033050667494535446	0.09826496988534927	0.5710783004760742
4563	0.03388503938913345	0.09825962036848068	0.571007490158081
4564	0.03299323096871376	0.09825664013624191	0.5709537267684937
4565	0.03357782959938049	0.09825654327869415	0.5709384083747864
4566	0.03373655676841736	0.09825649857521057	0.5709585547447205
4567	0.03331835940480232	0.09825556725263596	0.5709721446037292
4568	0.03470176085829735	0.0982537642121315	0.5710090398788452
4569	0.03275982663035393	0.09825841337442398	0.5710374116897583
4570	0.03349369019269943	0.09826649725437164	0.5710625052452087
4571	0.033457498997449875	0.09827620536088943	0.571098268032074
4572	0.033606186509132385	0.0982837900519371	0.5711531639099121
4573	0.033012352883815765	0.09829270839691162	0.5711830854415894
4574	0.03316285461187363	0.09830036759376526	0.5712129473686218
4575	0.03331046551465988	0.0983114093542099	0.5712315440177917
4576	0.03358941897749901	0.09832783788442612	0.5712506175041199
4577	0.033895865082740784	0.09834590554237366	0.5712488293647766
4578	0.03377494588494301	0.0983622819185257	0.5712743401527405
4579	0.03395087271928787	0.09837163239717484	0.5712683200836182
4580	0.03368454799056053	0.09837303310632706	0.5712714195251465
4581	0.03330418840050697	0.09836644679307938	0.5712857842445374
4582	0.03365637734532356	0.0983610525727272	0.5712631344795227
4583	0.03315068036317825	0.09835989028215408	0.5712234973907471
4584	0.033988043665885925	0.0983584001660347	0.5712056159973145
4585	0.03323063626885414	0.09835580736398697	0.5711796879768372
4586	0.03312355652451515	0.09835618734359741	0.5711451172828674
4587	0.033314771950244904	0.09836103022098541	0.5711248517036438
4588	0.034276194870471954	0.09836872667074203	0.5710785388946533
4589	0.03298344835639	0.0983768105506897	0.5710330605506897
4590	0.03366804122924805	0.09838508814573288	0.5709872245788574
4591	0.03380263224244118	0.09838635474443436	0.5709365010261536
4592	0.03358533978462219	0.098384790122509	0.5708891749382019
4593	0.033741675317287445	0.09837962687015533	0.5708444714546204
4594	0.03377183899283409	0.09837835282087326	0.5707976222038269
4595	0.03345850482583046	0.09837555885314941	0.5707605481147766
4596	0.0338825099170208	0.09837323427200317	0.5707186460494995
4597	0.03320972993969917	0.09837093204259872	0.5706775784492493
4598	0.03360554203391075	0.09837350249290466	0.5706226825714111
4599	0.03306297957897186	0.09838002920150757	0.5705768465995789
4600	0.034087855368852615	0.09838367998600006	0.5705538392066956
4601	0.034132491797208786	0.09839086979627609	0.5704972743988037
4602	0.03362656012177467	0.09839923679828644	0.5704598426818848
4603	0.03327546268701553	0.09840144962072372	0.5704510807991028
4604	0.03376927971839905	0.09840492159128189	0.5704450011253357
4605	0.03443651273846626	0.09840892255306244	0.5704675912857056
4606	0.033641472458839417	0.09841015934944153	0.5705543756484985
4607	0.033759962767362595	0.09840675443410873	0.5706308484077454
4608	0.03391379490494728	0.09839784353971481	0.5707430243492126
4609	0.03414347395300865	0.09839320182800293	0.5708518624305725
4610	0.0329383909702301	0.0983891487121582	0.5709448456764221
4611	0.03330162167549133	0.09838474541902542	0.5710445642471313
4612	0.03371986746788025	0.0983821228146553	0.5711262226104736
4613	0.03336043655872345	0.09837622195482254	0.5712243914604187
4614	0.03350820764899254	0.0983758345246315	0.5712879300117493
4615	0.03401551395654678	0.09837338328361511	0.5713262557983398
4616	0.03351008519530296	0.09837179630994797	0.571365475654602
4617	0.0340251624584198	0.09836558252573013	0.5714147686958313
4618	0.03418426215648651	0.09836242347955704	0.5714251399040222
4619	0.033104509115219116	0.09835483133792877	0.5714488625526428
4620	0.03427289053797722	0.09834855049848557	0.5714548230171204
4621	0.033788811415433884	0.09834963083267212	0.5714598298072815
4622	0.03382812440395355	0.09835349768400192	0.5714333057403564
4623	0.03411799669265747	0.09836019575595856	0.5714095234870911
4624	0.03359111398458481	0.09836176782846451	0.5713979601860046
4625	0.033991020172834396	0.09836602210998535	0.5713855028152466
4626	0.03369317203760147	0.0983637198805809	0.5713911652565002
4627	0.03402705863118172	0.098357193171978	0.5713969469070435
4628	0.03318069502711296	0.09834828227758408	0.571394145488739
4629	0.033532656729221344	0.09833954274654388	0.5713931918144226
4630	0.033663537353277206	0.09832853078842163	0.5713931918144226
4631	0.0326535664498806	0.09831442683935165	0.5713962912559509
4632	0.03318995237350464	0.09830505400896072	0.571376383304596
4633	0.03331504017114639	0.09829492121934891	0.571376383304596
4634	0.033429741859436035	0.09828858077526093	0.571373701095581
4635	0.034078311175107956	0.09827742725610733	0.5713546872138977
4636	0.03387001156806946	0.09826155006885529	0.5713390707969666
4637	0.033071234822273254	0.09825268387794495	0.5713247656822205
4638	0.03337329998612404	0.09824640303850174	0.5712878108024597
4639	0.03314359486103058	0.0982445776462555	0.5712593197822571
4640	0.03418553248047829	0.09824248403310776	0.5712171792984009
4641	0.032914649695158005	0.09824126958847046	0.5711851119995117
4642	0.033351264894008636	0.09823886305093765	0.5711681842803955
4643	0.03314121812582016	0.09823481738567352	0.5711826682090759
4644	0.03339200094342232	0.09823031723499298	0.5712041258811951
4645	0.03316492959856987	0.09822776168584824	0.5712229013442993
4646	0.03318618983030319	0.09823153913021088	0.5712339282035828
4647	0.034003064036369324	0.09823693335056305	0.5712480545043945
4648	0.03334701433777809	0.09824343770742416	0.5712699890136719
4649	0.033981699496507645	0.09825648367404938	0.5712747573852539
4650	0.033302634954452515	0.09826836735010147	0.5712593197822571
4651	0.03330108895897865	0.09828440099954605	0.5712240934371948
4652	0.0340605229139328	0.09830286353826523	0.5711902379989624
4653	0.03296508267521858	0.09831682592630386	0.5711759924888611
4654	0.03440389037132263	0.09832432866096497	0.5711833834648132
4655	0.033750299364328384	0.0983281061053276	0.57121741771698
4656	0.0339677631855011	0.09833521395921707	0.5712361931800842
4657	0.03368797153234482	0.09834226965904236	0.5712689161300659
4658	0.0335073247551918	0.09834557771682739	0.5712919235229492
4659	0.03322553262114525	0.09834776073694229	0.5713179707527161
4660	0.03346533700823784	0.0983511209487915	0.5713217854499817
4661	0.03400181606411934	0.09835467487573624	0.5713107585906982
4662	0.03396175429224968	0.09835733473300934	0.5712539553642273
4663	0.033636778593063354	0.0983605906367302	0.5711878538131714
4664	0.033720169216394424	0.09835530072450638	0.5711377859115601
4665	0.0328533761203289	0.09835046529769897	0.5710760354995728
4666	0.03372102603316307	0.09835049510002136	0.5710423588752747
4667	0.03362395241856575	0.09835987538099289	0.5710058212280273
4668	0.03314312547445297	0.09836415201425552	0.5709956884384155
4669	0.03392109274864197	0.09837372601032257	0.5709535479545593
4670	0.0332946851849556	0.09838376194238663	0.5709255933761597
4671	0.033513154834508896	0.09839463979005814	0.5708845257759094
4672	0.034129511564970016	0.09840727597475052	0.5708354711532593
4673	0.03306083008646965	0.09842097014188766	0.570785641670227
4674	0.03335007652640343	0.09843428432941437	0.5707455277442932
4675	0.034314289689064026	0.098447784781456	0.5707079172134399
4676	0.03400856629014015	0.09845808148384094	0.5706602931022644
4677	0.033655669540166855	0.09846779704093933	0.5705870389938354
4678	0.033958740532398224	0.09847461432218552	0.5705190896987915
4679	0.033505022525787354	0.09846934676170349	0.5704843997955322
4680	0.0337570458650589	0.09846074879169464	0.5704386234283447
4681	0.03321399167180061	0.09845639020204544	0.5703907608985901
4682	0.033778250217437744	0.09845758229494095	0.5703647136688232
4683	0.033891674131155014	0.09845589846372604	0.5703818202018738
4684	0.033495593816041946	0.09844660013914108	0.5704202651977539
4685	0.03355177119374275	0.09843235462903976	0.5704758763313293
4686	0.03341200202703476	0.09842521697282791	0.5705485939979553
4687	0.033709194511175156	0.0984211340546608	0.5705958604812622
4688	0.033415477722883224	0.09841334819793701	0.5706583261489868
4689	0.033379942178726196	0.09841139614582062	0.5707107782363892
4690	0.03292716667056084	0.0984027311205864	0.570763349533081
4691	0.03382701426744461	0.09838977456092834	0.5708273649215698
4692	0.032748445868492126	0.09837701171636581	0.570897102355957
4693	0.033606141805648804	0.09836167842149734	0.570970892906189
4694	0.03334501385688782	0.09834413975477219	0.5710503458976746
4695	0.03307503089308739	0.09833008050918579	0.5711485743522644
4696	0.03355208411812782	0.09832040220499039	0.5712536573410034
4697	0.033544398844242096	0.09830686450004578	0.5713367462158203
4698	0.033216219395399094	0.09830101579427719	0.5713863372802734
4699	0.033699072897434235	0.09829694032669067	0.5714375972747803
4700	0.03401340916752815	0.09829840064048767	0.5714706778526306
4701	0.03278239443898201	0.09829745441675186	0.5714841485023499
4702	0.034001436084508896	0.09829834848642349	0.571496844291687
4703	0.033450376242399216	0.09829609841108322	0.5715445876121521
4704	0.033493027091026306	0.0982963889837265	0.5716045498847961
4705	0.03371567279100418	0.0982963889837265	0.5716562271118164
4706	0.0339246466755867	0.09829653054475784	0.5716893672943115
4707	0.03376011550426483	0.0982891172170639	0.5717237591743469
4708	0.03376953676342964	0.09827741235494614	0.5717538595199585
4709	0.034307584166526794	0.0982683002948761	0.5717535018920898
4710	0.03356020152568817	0.09825962036848068	0.571739912033081
4711	0.03318766504526138	0.09824994206428528	0.5717232823371887
4712	0.03348376601934433	0.09824434667825699	0.5716840624809265
4713	0.03349713236093521	0.0982423648238182	0.5716459155082703
4714	0.03377193957567215	0.09824177622795105	0.5716201663017273
4715	0.032641224563121796	0.09824378788471222	0.5716153383255005
4716	0.03404484689235687	0.09824216365814209	0.5716333985328674
4717	0.0336773544549942	0.09824075549840927	0.5716495513916016
4718	0.033807605504989624	0.09823445975780487	0.5716691017150879
4719	0.032845672219991684	0.09822886437177658	0.571704626083374
4720	0.033434975892305374	0.09823016077280045	0.571739673614502
4721	0.033542923629283905	0.0982334092259407	0.5717552304267883
4722	0.033427413552999496	0.09823651611804962	0.5717563629150391
4723	0.033374395221471786	0.09824424982070923	0.5717461109161377
4724	0.03309562802314758	0.09825551509857178	0.5716958045959473
4725	0.03324314206838608	0.09826841950416565	0.5716859102249146
4726	0.033186111599206924	0.09828057885169983	0.5716904401779175
4727	0.03313279524445534	0.09829789400100708	0.5716779232025146
4728	0.03300250694155693	0.0983106717467308	0.5716726779937744
4729	0.033670779317617416	0.09832511842250824	0.5716603398323059
4730	0.03333842381834984	0.09833793342113495	0.5716409683227539
4731	0.03363750874996185	0.09834423661231995	0.5716030597686768
4732	0.03336672857403755	0.09834495186805725	0.5715504884719849
4733	0.03347408026456833	0.09834093600511551	0.5715422034263611
4734	0.03349095210433006	0.09833022207021713	0.5715397000312805
4735	0.03330004960298538	0.09832379221916199	0.5715452432632446
4736	0.03356349468231201	0.09831613302230835	0.5715388059616089
4737	0.03398522734642029	0.09830170124769211	0.5715468525886536
4738	0.03353813663125038	0.09828675538301468	0.5715503096580505
4739	0.03369571641087532	0.09828175604343414	0.5715764164924622
4740	0.03343620523810387	0.09827931225299835	0.5716014504432678
4741	0.03365446999669075	0.09827293455600739	0.5716438889503479
4742	0.03363557159900665	0.09826959669589996	0.5716896057128906
4743	0.03312643989920616	0.09826543182134628	0.5717377066612244
4744	0.03361786529421806	0.09826666116714478	0.5717825293540955
4745	0.03356405347585678	0.09827218949794769	0.5718194246292114
4746	0.033666010946035385	0.09828023612499237	0.5718449354171753
4747	0.03282274678349495	0.09829144179821014	0.5718539357185364
4748	0.0331561304628849	0.09830056130886078	0.571847140789032
4749	0.033145152032375336	0.09830839931964874	0.5718461871147156
4750	0.03317372873425484	0.09831051528453827	0.571850597858429
4751	0.033692289143800735	0.09831031411886215	0.5718280076980591
4752	0.0329827144742012	0.09830658882856369	0.5718022584915161
4753	0.033622078597545624	0.09830273687839508	0.5717871189117432
4754	0.034282222390174866	0.09830096364021301	0.5717747211456299
4755	0.033900704234838486	0.09830136597156525	0.5717700719833374
4756	0.03385351598262787	0.0983026847243309	0.5717529654502869
4757	0.03333059325814247	0.09830299764871597	0.5717402696609497
4758	0.03335537016391754	0.0983022004365921	0.571689784526825
4759	0.03381777182221413	0.09829976409673691	0.5716395378112793
4760	0.034068718552589417	0.09830475598573685	0.5715728402137756
4761	0.03326711058616638	0.09830121695995331	0.5715071558952332
4762	0.03351501375436783	0.09829668700695038	0.5714432001113892
4763	0.03452209383249283	0.09829562157392502	0.5713940858840942
4764	0.03279425576329231	0.09829159826040268	0.5713790059089661
4765	0.03364557772874832	0.0982888862490654	0.571355938911438
4766	0.0336444191634655	0.0982886254787445	0.5713605284690857
4767	0.0340111143887043	0.09829182177782059	0.5713639855384827
4768	0.032890740782022476	0.09829846024513245	0.5713439583778381
4769	0.033307988196611404	0.09830759465694427	0.5713490843772888
4770	0.03343544900417328	0.09831172227859497	0.5713445544242859
4771	0.032804567366838455	0.09831589460372925	0.5713332295417786
4772	0.03304425999522209	0.09831692278385162	0.5713332295417786
4773	0.03348403424024582	0.09832066297531128	0.5712989568710327
4774	0.034044619649648666	0.09832273423671722	0.571266770362854
4775	0.033658429980278015	0.09832692891359329	0.571216881275177
4776	0.0327317975461483	0.09833062440156937	0.5711931586265564
4777	0.03398675471544266	0.09832919389009476	0.5711856484413147
4778	0.03376135230064392	0.09832754731178284	0.5711939334869385
4779	0.03332400694489479	0.09832407534122467	0.571232795715332
4780	0.033590640872716904	0.09833106398582458	0.571255624294281
4781	0.03370187431573868	0.09833384305238724	0.5712825059890747
4782	0.03314046189188957	0.0983315259218216	0.571308434009552
4783	0.03341624513268471	0.0983315035700798	0.5713306069374084
4784	0.03370290994644165	0.09833136200904846	0.5713607668876648
4785	0.03391995653510094	0.09832631051540375	0.5713865160942078
4786	0.03344337269663811	0.09831863641738892	0.5713862776756287
4787	0.03349985554814339	0.09830600023269653	0.571369469165802
4788	0.03404141217470169	0.09829331934452057	0.5713659524917603
4789	0.03334943205118179	0.09828682243824005	0.5713531970977783
4790	0.033557385206222534	0.09828422218561172	0.5713554620742798
4791	0.03404915705323219	0.09828311949968338	0.5713623762130737
4792	0.03382040560245514	0.09828802198171616	0.5713561177253723
4793	0.03332513943314552	0.09829306602478027	0.5713285207748413
4794	0.03364889696240425	0.09829376637935638	0.5712971687316895
4795	0.03376584127545357	0.09829055517911911	0.5712676644325256
4796	0.032715197652578354	0.09828290343284607	0.5712390542030334
4797	0.03419316187500954	0.0982741042971611	0.5712115168571472
4798	0.033401716500520706	0.0982726514339447	0.5711727738380432
4799	0.032890480011701584	0.0982728824019432	0.5711507201194763
4800	0.03369654342532158	0.09827230870723724	0.5711649656295776
4801	0.033378712832927704	0.09827583283185959	0.5712003707885742
4802	0.03346889093518257	0.09828285127878189	0.5712327361106873
4803	0.033534932881593704	0.09828229993581772	0.5712844729423523
4804	0.03378232568502426	0.09828025847673416	0.5713357925415039
4805	0.0332479290664196	0.09828434139490128	0.5713852643966675
4806	0.03293077275156975	0.09828658401966095	0.5714531540870667
4807	0.03290238603949547	0.09828021377325058	0.5715382695198059
4808	0.033252961933612823	0.09827287495136261	0.5716224908828735
4809	0.033448655158281326	0.09826412796974182	0.5716946721076965
4810	0.03335031121969223	0.0982552021741867	0.5717620849609375
4811	0.0334651879966259	0.0982469767332077	0.5718305706977844
4812	0.03313798829913139	0.09824372082948685	0.5719045996665955
4813	0.03393165394663811	0.0982501283288002	0.5719709396362305
4814	0.0333121158182621	0.09825751930475235	0.5720301270484924
4815	0.033490266650915146	0.09826237708330154	0.5721093416213989
4816	0.0327548123896122	0.09826286137104034	0.57220458984375
4817	0.033309705555438995	0.09826412796974182	0.5722635984420776
4818	0.03300232067704201	0.09826502948999405	0.5723132491111755
4819	0.03311527892947197	0.09826243668794632	0.5723499655723572
4820	0.03403150662779808	0.09825845062732697	0.5723791718482971
4821	0.03263327106833458	0.09825323522090912	0.5723938345909119
4822	0.032783642411231995	0.09824845939874649	0.5723708271980286
4823	0.03381498530507088	0.0982455164194107	0.5723362565040588
4824	0.03383246064186096	0.09824392944574356	0.5722825527191162
4825	0.03345886617898941	0.09824461489915848	0.572220504283905
4826	0.03379122540354729	0.09824932366609573	0.5721556544303894
4827	0.033597711473703384	0.0982564240694046	0.5720670223236084
4828	0.03296329081058502	0.09826663136482239	0.571965217590332
4829	0.03329130634665489	0.0982857495546341	0.5718494057655334
4830	0.033118244260549545	0.0983005091547966	0.5717313289642334
4831	0.03328000381588936	0.09831114858388901	0.5716276168823242
4832	0.033858612179756165	0.0983242467045784	0.5715359449386597
4833	0.03376135230064392	0.09833213686943054	0.5714844465255737
4834	0.032969117164611816	0.09834345430135727	0.571416437625885
4835	0.03256508335471153	0.09834964573383331	0.571363627910614
4836	0.03322441130876541	0.0983547568321228	0.5713370442390442
4837	0.033310722559690475	0.09836377203464508	0.571296215057373
4838	0.03318261355161667	0.0983656570315361	0.5712555050849915
4839	0.03311753273010254	0.09837479144334793	0.571211576461792
4840	0.032891418784856796	0.09838797897100449	0.5711683630943298
4841	0.0334104485809803	0.09839629381895065	0.571162223815918
4842	0.03396506980061531	0.09840106964111328	0.5711615085601807
4843	0.03333575278520584	0.09840353578329086	0.5711776614189148
4844	0.03307481110095978	0.09840317815542221	0.5712200403213501
4845	0.0332598015666008	0.0984029769897461	0.5712546110153198
4846	0.03376598283648491	0.09839759767055511	0.5712791681289673
4847	0.033536482602357864	0.09838661551475525	0.5713068246841431
4848	0.03347383067011833	0.09837444871664047	0.5713330507278442
4849	0.033492036163806915	0.09835729002952576	0.5713726878166199
4850	0.033380839973688126	0.09833788126707077	0.5714064240455627
4851	0.033623259514570236	0.09832106530666351	0.5714343786239624
4852	0.03339025750756264	0.09829998016357422	0.5714814066886902
4853	0.034059081226587296	0.09828466176986694	0.5715063214302063
4854	0.033445876091718674	0.09827263653278351	0.5715309381484985
4855	0.033123407512903214	0.09825616329908371	0.5715792775154114
4856	0.03339836001396179	0.09824320673942566	0.5716131329536438
4857	0.032638732343912125	0.09823684394359589	0.571641206741333
4858	0.032528139650821686	0.09823880344629288	0.5716749429702759
4859	0.033265408128499985	0.09823976457118988	0.5716819167137146
4860	0.03413279354572296	0.09824036061763763	0.5716902017593384
4861	0.03357316181063652	0.0982440710067749	0.5717085003852844
4862	0.033322546631097794	0.09824980795383453	0.5717192888259888
4863	0.03375652804970741	0.09824896603822708	0.5717421174049377
4864	0.03329012170433998	0.09825136512517929	0.5718004703521729
4865	0.03347017243504524	0.09824974089860916	0.5718802213668823
4866	0.03243829682469368	0.09824901074171066	0.5719444155693054
4867	0.033300381153821945	0.09825174510478973	0.5719931125640869
4868	0.033239614218473434	0.09825479239225388	0.572048008441925
4869	0.0332520492374897	0.09826979786157608	0.5720767378807068
4870	0.03279528021812439	0.09829039126634598	0.5720923542976379
4871	0.033187393099069595	0.09830582141876221	0.5720993876457214
4872	0.03349149599671364	0.09831830859184265	0.5721080303192139
4873	0.03260917589068413	0.09832414239645004	0.5721415281295776
4874	0.033439405262470245	0.09832815080881119	0.5721555948257446
4875	0.032993655651807785	0.09833065420389175	0.5721466541290283
4876	0.03283078968524933	0.09834041446447372	0.5721077919006348
4877	0.033641964197158813	0.09834519028663635	0.5720505118370056
4878	0.033418528735637665	0.09834741801023483	0.5719593167304993
4879	0.03325401619076729	0.09834359586238861	0.5718588829040527
4880	0.03342065215110779	0.0983392521739006	0.5717536807060242
4881	0.032911259680986404	0.09832945466041565	0.5716622471809387
4882	0.033430203795433044	0.09832453727722168	0.5715537071228027
4883	0.03308927267789841	0.0983198881149292	0.5714491009712219
4884	0.03372243046760559	0.09831824898719788	0.571372926235199
4885	0.0335962176322937	0.09831861406564713	0.5713121891021729
4886	0.033405181020498276	0.09832382947206497	0.5712396502494812
4887	0.03344663977622986	0.09833186864852905	0.5711690783500671
4888	0.03393486142158508	0.0983368530869484	0.5711020231246948
4889	0.03322825953364372	0.09834397584199905	0.5710684061050415
4890	0.03325054794549942	0.09835270792245865	0.5710541009902954
4891	0.033598046749830246	0.09836738556623459	0.5710334181785583
4892	0.033224061131477356	0.09838251769542694	0.5710164904594421
4893	0.033432137221097946	0.09840264916419983	0.5710315108299255
4894	0.032887160778045654	0.0984218567609787	0.571057915687561
4895	0.033126141875982285	0.09843318164348602	0.5710686445236206
4896	0.033517025411129	0.09844488650560379	0.571076512336731
4897	0.034007761627435684	0.09845702350139618	0.5710811018943787
4898	0.03283340111374855	0.09846184402704239	0.5711069107055664
4899	0.033522166311740875	0.09845985472202301	0.571125328540802
4900	0.03386537730693817	0.0984639972448349	0.5711380243301392
4901	0.03327448293566704	0.09846869111061096	0.5711380243301392
4902	0.03373889625072479	0.09847499430179596	0.5711191892623901
4903	0.03355083987116814	0.09848519414663315	0.5710821151733398
4904	0.033450640738010406	0.0984872505068779	0.5710646510124207
4905	0.03322497010231018	0.09848825633525848	0.5710535645484924
4906	0.03290971741080284	0.09848487377166748	0.5710508227348328
4907	0.03256211429834366	0.09847792237997055	0.5710664391517639
4908	0.03419908508658409	0.09846572577953339	0.5710868239402771
4909	0.0323796272277832	0.09844887256622314	0.5711212158203125
4910	0.03330986946821213	0.09842564165592194	0.5711444616317749
4911	0.03317670524120331	0.09840739518404007	0.5711824893951416
4912	0.03388686850667	0.09839151799678802	0.5711870193481445
4913	0.03349962830543518	0.09837442636489868	0.5712116360664368
4914	0.03323759883642197	0.09835521876811981	0.5712175369262695
4915	0.03292291238903999	0.09834544360637665	0.5712092518806458
4916	0.0337221622467041	0.09834058582782745	0.5712020397186279
4917	0.03357582166790962	0.09833644330501556	0.5711748600006104
4918	0.03310375288128853	0.09833026677370071	0.5711423754692078
4919	0.03224065527319908	0.0983247384428978	0.5711020231246948
4920	0.03379981219768524	0.09831815212965012	0.5710749626159668
4921	0.03294343873858452	0.09831475466489792	0.5710451602935791
4922	0.032493289560079575	0.09831424057483673	0.5710296630859375
4923	0.03327541425824165	0.0983138158917427	0.5710033178329468
4924	0.03323924541473389	0.09831208735704422	0.5710020065307617
4925	0.03398355841636658	0.09831123054027557	0.5709823966026306
4926	0.032899972051382065	0.09831877797842026	0.5709539651870728
4927	0.03373771905899048	0.09832239151000977	0.5709344148635864
4928	0.033119332045316696	0.09832468628883362	0.5709245204925537
4929	0.03304596245288849	0.09832408279180527	0.5709329843521118
4930	0.033711183816194534	0.0983278825879097	0.570944607257843
4931	0.03369056060910225	0.09833166748285294	0.5709729790687561
4932	0.033041950315237045	0.09833672642707825	0.5709851980209351
4933	0.033807944506406784	0.09834860265254974	0.5709937810897827
4934	0.032788924872875214	0.09835639595985413	0.5710371732711792
4935	0.033155571669340134	0.09836073219776154	0.5711043477058411
4936	0.03347397223114967	0.09836377203464508	0.571186900138855
4937	0.03285279497504234	0.09837202727794647	0.5712421536445618
4938	0.03320273384451866	0.09838493168354034	0.5712890625
4939	0.03317303583025932	0.09839264303445816	0.5713174343109131
4940	0.03313013166189194	0.09839657694101334	0.5713497400283813
4941	0.03360587731003761	0.09839218854904175	0.5713909268379211
4942	0.033113349229097366	0.09838108718395233	0.5714253783226013
4943	0.032656893134117126	0.09837324172258377	0.5714397430419922
4944	0.032984133809804916	0.09836439043283463	0.5714439749717712
4945	0.03290165588259697	0.09835447371006012	0.5714455246925354
4946	0.03345012292265892	0.09833986312150955	0.5714682340621948
4947	0.03295078128576279	0.0983283668756485	0.5714765191078186
4948	0.033634431660175323	0.09832369536161423	0.5714656710624695
4949	0.033156897872686386	0.09832092374563217	0.571431577205658
4950	0.03353369981050491	0.09831801056861877	0.5714056491851807
4951	0.03312722593545914	0.09831620007753372	0.5713915228843689
4952	0.033619023859500885	0.09831379354000092	0.5713783502578735
4953	0.032779861241579056	0.09831266105175018	0.571351945400238
4954	0.03325962275266647	0.09830979257822037	0.5713538527488708
4955	0.03301580995321274	0.09830775111913681	0.5713531374931335
4956	0.0329492911696434	0.09831022471189499	0.5713440775871277
4957	0.03291379660367966	0.09831304103136063	0.5713478326797485
4958	0.03365720808506012	0.09831453859806061	0.5713478326797485
4959	0.03388146683573723	0.0983121395111084	0.5713439583778381
4960	0.032924454659223557	0.09831370413303375	0.5713171362876892
4961	0.033637162297964096	0.09832623600959778	0.5712438225746155
4962	0.033453088253736496	0.09833724796772003	0.5711583495140076
4963	0.03305118903517723	0.09835200011730194	0.5710673928260803
4964	0.03333870321512222	0.09836015105247498	0.571007490158081
4965	0.033266451209783554	0.09836568683385849	0.570937991142273
4966	0.033179305493831635	0.09837203472852707	0.5708919167518616
4967	0.03330996632575989	0.0983767956495285	0.5708454847335815
4968	0.03309331834316254	0.0983782708644867	0.5708059668540955
4969	0.03405351936817169	0.0983770415186882	0.5708210468292236
4970	0.033233679831027985	0.0983722060918808	0.5708741545677185
4971	0.034005213528871536	0.0983685627579689	0.5709632635116577
4972	0.03277995064854622	0.09836539626121521	0.5710464715957642
4973	0.03320123255252838	0.09836533665657043	0.571087658405304
4974	0.03321820870041847	0.09837111085653305	0.5711227655410767
4975	0.03340053930878639	0.09837905317544937	0.5711725950241089
4976	0.033076297491788864	0.09839008748531342	0.5712143182754517
4977	0.03239017724990845	0.09840258955955505	0.5712477564811707
4978	0.033339984714984894	0.09841874241828918	0.5712487101554871
4979	0.03391017019748688	0.09842805564403534	0.5712524056434631
4980	0.03310416266322136	0.09843166917562485	0.5712366700172424
4981	0.033255524933338165	0.09842704981565475	0.5712205171585083
4982	0.03261677175760269	0.09842640161514282	0.5712084174156189
4983	0.03389521315693855	0.09842410683631897	0.5711855888366699
4984	0.033134281635284424	0.09842157363891602	0.5712004899978638
4985	0.03302454575896263	0.09841898083686829	0.5712082982063293
4986	0.0330779030919075	0.09841722249984741	0.5712189674377441
4987	0.03283369913697243	0.0984075590968132	0.5712490677833557
4988	0.033182863146066666	0.09840167313814163	0.5712688565254211
4989	0.03340570628643036	0.09840159118175507	0.5712852478027344
4990	0.03327976539731026	0.0984032154083252	0.5712776184082031
4991	0.032538414001464844	0.09840622544288635	0.5712487101554871
4992	0.03329458460211754	0.09840954840183258	0.5712006092071533
4993	0.0324132926762104	0.09841204434633255	0.5711604356765747
4994	0.03250080719590187	0.0984092652797699	0.5711334347724915
4995	0.03389815241098404	0.09840698540210724	0.5710922479629517
4996	0.03364899009466171	0.09840534627437592	0.5710404515266418
4997	0.03373107686638832	0.09839655458927155	0.5710358619689941
4998	0.03271643817424774	0.09838854521512985	0.571057915687561
4999	0.033222027122974396	0.09838296473026276	0.5710628032684326
