epoch	train_loss	test_loss	test_metric
0	1.4228731393814087	1.2648204565048218	0.3639128804206848
1	1.378937005996704	1.2412530183792114	0.3757651448249817
2	1.3346590995788574	1.2176635265350342	0.3876284658908844
3	1.2900984287261963	1.1936402320861816	0.3997099697589874
4	1.2450487613677979	1.1686183214187622	0.41229361295700073
5	1.198948621749878	1.1415866613388062	0.4258880615234375
6	1.150635838508606	1.1111071109771729	0.44121649861335754
7	1.098343014717102	1.075195550918579	0.45927655696868896
8	1.0397082567214966	1.0312460660934448	0.48137912154197693
9	0.972311794757843	0.9766592383384705	0.508831262588501
10	0.8952218294143677	0.9111431837081909	0.5417796969413757
11	0.8123895525932312	0.8411713242530823	0.5769690275192261
12	0.7356221675872803	0.780624270439148	0.6074185967445374
13	0.6791922450065613	0.7414216995239258	0.627133846282959
14	0.6473969221115112	0.7222756743431091	0.6367624998092651
15	0.6303880214691162	0.7125799059867859	0.6416385769844055
16	0.6139124631881714	0.7070896029472351	0.6443997025489807
17	0.593659520149231	0.7061375975608826	0.6448784470558167
18	0.5738255381584167	0.7068110704421997	0.6445397734642029
19	0.5564864277839661	0.7039486169815063	0.6459793448448181
20	0.539341926574707	0.6956836581230164	0.6501358151435852
21	0.5206645131111145	0.6837936043739319	0.6561154127120972
22	0.5011197924613953	0.6720524430274963	0.662020206451416
23	0.4824810028076172	0.6639007925987244	0.6661196351051331
24	0.46580231189727783	0.6605886220932007	0.6677852272987366
25	0.4507486820220947	0.6607308387756348	0.6677137613296509
26	0.43608012795448303	0.6619691848754883	0.6670909523963928
27	0.4210449159145355	0.662926435470581	0.6666097044944763
28	0.4061014652252197	0.6632367968559265	0.66645348072052
29	0.392162024974823	0.6628767848014832	0.6666346192359924
30	0.37943756580352783	0.6618767976760864	0.6671375632286072
31	0.3677864968776703	0.6599516868591309	0.6681056618690491
32	0.3569449484348297	0.6566474437713623	0.6697673201560974
33	0.3461470901966095	0.6524773836135864	0.6718644499778748
34	0.33547940850257874	0.648640513420105	0.6737940907478333
35	0.32574617862701416	0.645455539226532	0.6753958463668823
36	0.31640809774398804	0.6430360674858093	0.6766127347946167
37	0.3068758547306061	0.6418334245681763	0.6772175431251526
38	0.297941118478775	0.6410191655158997	0.6776269674301147
39	0.28971558809280396	0.6388850212097168	0.6787002086639404
40	0.28141406178474426	0.635341465473175	0.6804823875427246
41	0.2733764052391052	0.6315662860870361	0.6823808550834656
42	0.2659378945827484	0.6285860538482666	0.6838796734809875
43	0.2589903771877289	0.6264801621437073	0.6849386692047119
44	0.25248855352401733	0.624873697757721	0.6857465505599976
45	0.24597211182117462	0.6241059303283691	0.6861327886581421
46	0.23976761102676392	0.6242663264274597	0.6860520839691162
47	0.23411817848682404	0.6243993639945984	0.6859851479530334
48	0.22854627668857574	0.6237188577651978	0.6863273978233337
49	0.2231633961200714	0.6223883032798767	0.686996579170227
50	0.2180398404598236	0.6216409206390381	0.6873724460601807
51	0.21318559348583221	0.6224448680877686	0.6869680881500244
52	0.20846526324748993	0.6245485544204712	0.6859101057052612
53	0.20389795303344727	0.6263632774353027	0.68499755859375
54	0.19961820542812347	0.6266750693321228	0.684840738773346
55	0.19538144767284393	0.626296877861023	0.6850308775901794
56	0.19133709371089935	0.626459002494812	0.6849493980407715
57	0.18743863701820374	0.6271522045135498	0.684600830078125
58	0.18368683755397797	0.6275570392608643	0.6843972206115723
59	0.18001733720302582	0.627525269985199	0.6844131350517273
60	0.1764783263206482	0.6276626586914062	0.6843440532684326
61	0.17314277589321136	0.6281876564025879	0.6840800642967224
62	0.16987113654613495	0.6286180019378662	0.683863639831543
63	0.16672369837760925	0.6286951899528503	0.6838247776031494
64	0.16370759904384613	0.6289027333259583	0.6837203502655029
65	0.16080230474472046	0.6296595335006714	0.6833397746086121
66	0.1579730063676834	0.6306458115577698	0.6828439235687256
67	0.1552753746509552	0.6312256455421448	0.6825522184371948
68	0.1526421159505844	0.6315104961395264	0.6824089884757996
69	0.15009832382202148	0.6320337653160095	0.6821458339691162
70	0.14763012528419495	0.6329914927482605	0.6816640496253967
71	0.14525668323040009	0.6340993642807007	0.6811070442199707
72	0.14292789995670319	0.6350938677787781	0.6806068420410156
73	0.14068998396396637	0.6357712149620056	0.6802662014961243
74	0.13850697875022888	0.6361845135688782	0.6800583004951477
75	0.13639329373836517	0.6366838216781616	0.6798072457313538
76	0.13433107733726501	0.637540340423584	0.6793764233589172
77	0.13234615325927734	0.6384907364845276	0.6788983941078186
78	0.13041023910045624	0.6392197012901306	0.67853182554245
79	0.12853504717350006	0.6399036049842834	0.6781879663467407
80	0.12672463059425354	0.6407349109649658	0.6777699589729309
81	0.12496806681156158	0.6415528655052185	0.6773585081100464
82	0.12327167391777039	0.6422316431999207	0.6770172119140625
83	0.12162308394908905	0.6430171132087708	0.676622211933136
84	0.12002786248922348	0.6440092921257019	0.6761232018470764
85	0.11848834156990051	0.6448752284049988	0.6756877303123474
86	0.11700299382209778	0.6455241441726685	0.6753613948822021
87	0.11556906998157501	0.6461827754974365	0.6750301718711853
88	0.11419106274843216	0.646811306476593	0.6747140884399414
89	0.11287027597427368	0.647323489189148	0.6744565367698669
90	0.11159562319517136	0.6478182077407837	0.6742076873779297
91	0.11036895960569382	0.6482860445976257	0.6739723682403564
92	0.10918539017438889	0.6485803723335266	0.6738244295120239
93	0.10803940147161484	0.6488415598869324	0.6736930012702942
94	0.10692950338125229	0.6493198871612549	0.6734523773193359
95	0.10585008561611176	0.6499243974685669	0.673148512840271
96	0.10479934513568878	0.6503291130065918	0.6729448437690735
97	0.10377787798643112	0.65044766664505	0.6728852987289429
98	0.1027824729681015	0.6505895256996155	0.672813892364502
99	0.10181505978107452	0.6509432196617126	0.6726361513137817
100	0.10087321698665619	0.6512934565544128	0.6724599599838257
101	0.09995768219232559	0.6514228582382202	0.6723948121070862
102	0.09906572103500366	0.6514061689376831	0.6724032759666443
103	0.09819696098566055	0.6513595581054688	0.6724266409873962
104	0.09735052287578583	0.6513141989707947	0.67244952917099
105	0.09652333706617355	0.6512762308120728	0.6724686622619629
106	0.09571393579244614	0.6511416435241699	0.672536313533783
107	0.09492042660713196	0.6508752107620239	0.672670304775238
108	0.0941399559378624	0.6505961418151855	0.6728106737136841
109	0.09337110817432404	0.6503546237945557	0.6729320287704468
110	0.09261097013950348	0.6500922441482544	0.6730640530586243
111	0.0918588638305664	0.649837076663971	0.6731923222541809
112	0.09111305326223373	0.6496351361274719	0.6732938289642334
113	0.0903727114200592	0.649437427520752	0.6733932495117188
114	0.08963643014431	0.6492725014686584	0.6734763383865356
115	0.08890315145254135	0.6491467356681824	0.6735395193099976
116	0.08817289024591446	0.6489905714988708	0.6736180186271667
117	0.08744525909423828	0.6487789750099182	0.6737245321273804
118	0.08672039955854416	0.6486506462097168	0.6737890243530273
119	0.08599866181612015	0.6486209630966187	0.6738039255142212
120	0.08528106659650803	0.6485784649848938	0.6738253831863403
121	0.08456872403621674	0.6484578847885132	0.6738859415054321
122	0.08386392146348953	0.6483593583106995	0.6739355325698853
123	0.08316724747419357	0.6482625007629395	0.673984169960022
124	0.08247823268175125	0.6481942534446716	0.6740185618400574
125	0.0817975401878357	0.6479414105415344	0.6741456985473633
126	0.08112724125385284	0.6478353142738342	0.6741989850997925
127	0.08047531545162201	0.6473184823989868	0.674458920955658
128	0.07988593727350235	0.6477084159851074	0.6742629408836365
129	0.07954388111829758	0.6465746164321899	0.6748329997062683
130	0.08002864569425583	0.6497077345848083	0.6732574105262756
131	0.08285930007696152	0.6470135450363159	0.674612283706665
132	0.08373803645372391	0.6505570411682129	0.6728302836418152
133	0.0803615003824234	0.6476361155509949	0.6742991805076599
134	0.0762578547000885	0.6447134613990784	0.6757690906524658
135	0.08017189055681229	0.6477660536766052	0.6742339134216309
136	0.07954759150743484	0.6454687118530273	0.675389289855957
137	0.07471104711294174	0.6444621682167053	0.6758954524993896
138	0.07897576689720154	0.6475256085395813	0.6743547916412354
139	0.07630565017461777	0.6454759836196899	0.6753856539726257
140	0.07420235872268677	0.6423901319503784	0.6769375205039978
141	0.07714735716581345	0.6448826193809509	0.6756839752197266
142	0.0726974681019783	0.6466384530067444	0.6748009920120239
143	0.07424023747444153	0.643353283405304	0.6764530539512634
144	0.07293321937322617	0.6424496173858643	0.6769075989723206
145	0.0714586079120636	0.6442709565162659	0.6759916543960571
146	0.07267405092716217	0.6433565020561218	0.6764515042304993
147	0.07016930729150772	0.6433783769607544	0.676440417766571
148	0.07147879898548126	0.6451751589775085	0.6755368709564209
149	0.07004274427890778	0.6442891955375671	0.6759824752807617
150	0.06940888613462448	0.6424267292022705	0.6769191026687622
151	0.06982120871543884	0.6441961526870728	0.6760292053222656
152	0.06795430183410645	0.645010232925415	0.6756199598312378
153	0.06844974309206009	0.6426800489425659	0.6767916679382324
154	0.06738875061273575	0.6432604193687439	0.6764997839927673
155	0.06679986417293549	0.6453978419303894	0.6754249930381775
156	0.0668262168765068	0.64390629529953	0.6761751174926758
157	0.06558427214622498	0.6426577568054199	0.6768028140068054
158	0.06571903824806213	0.6443100571632385	0.6759719848632812
159	0.06499183923006058	0.643940269947052	0.6761579513549805
160	0.06425769627094269	0.6425822973251343	0.6768409013748169
161	0.0642862468957901	0.6437628269195557	0.6762471199035645
162	0.06333358585834503	0.6436672806739807	0.6762951612472534
163	0.06297843903303146	0.6422412991523743	0.6770123243331909
164	0.06272610276937485	0.6432458162307739	0.6765071749687195
165	0.06189341098070145	0.643400251865387	0.6764295101165771
166	0.06165555492043495	0.6420348286628723	0.6771160364151001
167	0.06128297373652458	0.6431140899658203	0.6765734553337097
168	0.06065412610769272	0.6433486342430115	0.6764554977416992
169	0.06041444092988968	0.6421493887901306	0.6770585775375366
170	0.060051992535591125	0.6437180042266846	0.6762697100639343
171	0.059511154890060425	0.6438400149345398	0.6762083768844604
172	0.05918639525771141	0.6425043940544128	0.6768800020217896
173	0.058825138956308365	0.6439070105552673	0.6761746406555176
174	0.05829249322414398	0.6441008448600769	0.676077127456665
175	0.057854656130075455	0.6431370377540588	0.6765617728233337
176	0.05745489150285721	0.6444717645645142	0.6758905649185181
177	0.05688941106200218	0.6444453001022339	0.6759039759635925
178	0.05628532916307449	0.643922746181488	0.6761667728424072
179	0.05575047805905342	0.6451592445373535	0.6755449771881104
180	0.05510007590055466	0.6447132229804993	0.6757691502571106
181	0.054290518164634705	0.6449270844459534	0.6756616234779358
182	0.05346709489822388	0.6460568904876709	0.675093412399292
183	0.05264626815915108	0.6459569931030273	0.6751435995101929
184	0.05182378739118576	0.6484748721122742	0.673877477645874
185	0.051067523658275604	0.6507412791252136	0.6727376580238342
186	0.050427909940481186	0.650696873664856	0.672760009765625
187	0.049886345863342285	0.6512676477432251	0.6724728941917419
188	0.04936058446764946	0.6515730619430542	0.6723193526268005
189	0.048802345991134644	0.6516003608703613	0.6723056435585022
190	0.04816274717450142	0.6525930166244507	0.6718063354492188
191	0.04749928042292595	0.6534464955329895	0.6713771224021912
192	0.046835578978061676	0.6532270908355713	0.6714875102043152
193	0.04615580663084984	0.6538571119308472	0.6711706519126892
194	0.0454714372754097	0.6548828482627869	0.670654833316803
195	0.044817861169576645	0.6551810503005981	0.6705049276351929
196	0.04418449476361275	0.6570202708244324	0.6695798635482788
197	0.04360179975628853	0.6572520732879639	0.6694633364677429
198	0.04310470074415207	0.6582090258598328	0.6689820289611816
199	0.042676765471696854	0.6574543118476868	0.6693616509437561
200	0.04232914745807648	0.659070611000061	0.6685487627983093
201	0.042094118893146515	0.6586616635322571	0.668754518032074
202	0.041920918971300125	0.6618601679801941	0.6671459078788757
203	0.041855111718177795	0.6601590514183044	0.6680014133453369
204	0.04176102206110954	0.6636457443237305	0.6662479043006897
205	0.041879549622535706	0.6609169840812683	0.6676201820373535
206	0.04166288673877716	0.6651248931884766	0.6655040383338928
207	0.041579585522413254	0.6626366972923279	0.6667552590370178
208	0.04073458909988403	0.665155291557312	0.6654888391494751
209	0.03992162272334099	0.6637328863143921	0.666204035282135
210	0.0391387864947319	0.6636996865272522	0.6662209033966064
211	0.03875783830881119	0.6656931638717651	0.6652182340621948
212	0.038705285638570786	0.6643369793891907	0.6659002900123596
213	0.03875904902815819	0.6677668690681458	0.664175271987915
214	0.038855213671922684	0.6658908724784851	0.6651187539100647
215	0.0384945347905159	0.6685601472854614	0.6637763381004333
216	0.03808116540312767	0.6665592789649963	0.6647827625274658
217	0.03727932646870613	0.6682267785072327	0.6639440655708313
218	0.03662077710032463	0.6678256988525391	0.6641457676887512
219	0.036155689507722855	0.6684406995773315	0.6638364195823669
220	0.03591250628232956	0.6697604656219482	0.663172721862793
221	0.03581434115767479	0.6687690019607544	0.6636713147163391
222	0.035728562623262405	0.6719785928726196	0.6620572805404663
223	0.03570086881518364	0.6686168313026428	0.6637479066848755
224	0.03551502153277397	0.6735357642173767	0.6612741351127625
225	0.03537079319357872	0.6684674024581909	0.6638230085372925
226	0.034940656274557114	0.6743304133415222	0.6608745455741882
227	0.034469734877347946	0.6695624589920044	0.6632723808288574
228	0.033788297325372696	0.6736781001091003	0.6612024903297424
229	0.033304981887340546	0.6712015271186829	0.6624480485916138
230	0.03295324370265007	0.6718849539756775	0.6621043682098389
231	0.032874587923288345	0.6726259589195251	0.6617316603660583
232	0.03293957933783531	0.6702224016189575	0.6629404425621033
233	0.03250653296709061	0.6721796989440918	0.6619561314582825
234	0.03157525882124901	0.6698464751243591	0.6631295084953308
235	0.030866354703903198	0.6705976128578186	0.6627517938613892
236	0.031006762757897377	0.6697573065757751	0.6631742119789124
237	0.03129200637340546	0.6699767708778381	0.6630639433860779
238	0.03064780868589878	0.6727773547172546	0.661655604839325
239	0.029951730743050575	0.6699973344802856	0.6630536913871765
240	0.029962092638015747	0.6726407408714294	0.6617242097854614
241	0.03033415973186493	0.6671077013015747	0.6645068526268005
242	0.02980826422572136	0.6715187430381775	0.6622885465621948
243	0.02908661589026451	0.6711726784706116	0.6624624729156494
244	0.02930891327559948	0.67493736743927	0.6605693101882935
245	0.03008498065173626	0.670107901096344	0.6629980206489563
246	0.02973227947950363	0.6759327054023743	0.6600687503814697
247	0.030993271619081497	0.6650585532188416	0.6655373573303223
248	0.03222324699163437	0.6800405383110046	0.6580028533935547
249	0.03186323866248131	0.6710720062255859	0.6625131368637085
250	0.028726670891046524	0.6776545643806458	0.6592027544975281
251	0.027475599199533463	0.6731299161911011	0.6614782214164734
252	0.027073198929429054	0.6734474897384644	0.6613186001777649
253	0.027249881997704506	0.6754087805747986	0.6603320240974426
254	0.02787633053958416	0.6745856404304504	0.6607462763786316
255	0.02622704580426216	0.6790652275085449	0.6584933996200562
256	0.026582656428217888	0.6711151599884033	0.6624915599822998
257	0.02827954851090908	0.6839660406112671	0.6560287475585938
258	0.027555862441658974	0.6718156933784485	0.6621392369270325
259	0.0265697930008173	0.6697249412536621	0.6631906628608704
260	0.026723220944404602	0.6851726770401001	0.6554219126701355
261	0.027517033740878105	0.6734814643859863	0.6613013744354248
262	0.027121666818857193	0.6728435158729553	0.6616222858428955
263	0.026311319321393967	0.6811904907226562	0.6574245095252991
264	0.027377435937523842	0.6715427041053772	0.6622764468193054
265	0.026354530826210976	0.6684885621070862	0.6638123989105225
266	0.02646676078438759	0.6792977452278137	0.6583763360977173
267	0.025505732744932175	0.6795705556869507	0.6582391858100891
268	0.02662271447479725	0.66959547996521	0.6632557511329651
269	0.02552265301346779	0.6721718907356262	0.6619599461555481
270	0.024740491062402725	0.680360734462738	0.6578418016433716
271	0.02583666332066059	0.6755296587944031	0.6602714657783508
272	0.023938680067658424	0.6680455803871155	0.6640353202819824
273	0.0250944122672081	0.6754006743431091	0.6603362560272217
274	0.02427942305803299	0.682685375213623	0.6566727757453918
275	0.024881511926651	0.6718517541885376	0.662121057510376
276	0.023953381925821304	0.6708509922027588	0.6626243591308594
277	0.024297239258885384	0.6792575120925903	0.6583966016769409
278	0.023855170235037804	0.6803134083747864	0.6578655242919922
279	0.023863734677433968	0.6715253591537476	0.6622851490974426
280	0.023611435666680336	0.6732338666915894	0.6614259481430054
281	0.023873096331954002	0.6764931082725525	0.6597869396209717
282	0.023742172867059708	0.6787211298942566	0.6586663722991943
283	0.02320769615471363	0.6750483512878418	0.6605134606361389
284	0.02347927913069725	0.6744423508644104	0.6608181595802307
285	0.02325945533812046	0.678500771522522	0.6587772369384766
286	0.0232591163367033	0.675654947757721	0.6602083444595337
287	0.02313421480357647	0.6740260124206543	0.6610275506973267
288	0.023062335327267647	0.6764118671417236	0.659827709197998
289	0.022744277492165565	0.6790313124656677	0.6585104465484619
290	0.022979551926255226	0.6760518550872803	0.6600087881088257
291	0.022796399891376495	0.6772766709327698	0.659392774105072
292	0.022721733897924423	0.6760796308517456	0.6599947214126587
293	0.022510429844260216	0.6793463230133057	0.6583518981933594
294	0.022669736295938492	0.6763278841972351	0.6598698496818542
295	0.022619597613811493	0.6797586679458618	0.6581445932388306
296	0.02284727431833744	0.6722103953361511	0.6619405746459961
297	0.022970538586378098	0.6819279789924622	0.6570536494255066
298	0.023136427626013756	0.6758959889411926	0.6600872278213501
299	0.023169169202446938	0.6801162958145142	0.6579646468162537
300	0.023441234603524208	0.6764572858810425	0.6598048806190491
301	0.02313341200351715	0.6795137524604797	0.6582677364349365
302	0.02260640077292919	0.6773096919059753	0.6593762040138245
303	0.021914754062891006	0.6788267493247986	0.6586132645606995
304	0.02211635373532772	0.6754947304725647	0.6602889895439148
305	0.02255711518228054	0.6803460717201233	0.657849133014679
306	0.021786976605653763	0.6789392232894897	0.6585566997528076
307	0.021767660975456238	0.6752996444702148	0.6603870987892151
308	0.022116644307971	0.6804521083831787	0.6577958464622498
309	0.02178714983165264	0.6789169907569885	0.6585677862167358
310	0.021550845354795456	0.677615225315094	0.6592225432395935
311	0.021866530179977417	0.6802272796630859	0.6579090356826782
312	0.021390026435256004	0.6796368956565857	0.6582058072090149
313	0.021413225680589676	0.6773537993431091	0.659354031085968
314	0.02143801748752594	0.6773086190223694	0.6593768000602722
315	0.02126053348183632	0.6797226667404175	0.6581627726554871
316	0.021017208695411682	0.6793366074562073	0.6583568453788757
317	0.02081274800002575	0.6797189712524414	0.6581646203994751
318	0.02070719189941883	0.6775400042533875	0.6592603325843811
319	0.020891889929771423	0.6811174154281616	0.6574611663818359
320	0.020556339994072914	0.6791900396347046	0.6584305167198181
321	0.020161248743534088	0.6790873408317566	0.6584823131561279
322	0.020308788865804672	0.6782314777374268	0.6589125990867615
323	0.020346730947494507	0.6815674304962158	0.6572350263595581
324	0.019968515262007713	0.6796073317527771	0.658220648765564
325	0.019743919372558594	0.6795892715454102	0.6582297086715698
326	0.01977469213306904	0.6790207028388977	0.6585157513618469
327	0.019561950117349625	0.6823022365570068	0.6568654775619507
328	0.01946369744837284	0.67990642786026	0.6580703258514404
329	0.01923399232327938	0.6795064210891724	0.6582714319229126
330	0.019089270383119583	0.6803526282310486	0.6578459143638611
331	0.019018597900867462	0.6814069747924805	0.657315731048584
332	0.019028203561902046	0.6790024638175964	0.6585248708724976
333	0.01876877248287201	0.6834012866020203	0.6563127040863037
334	0.018904518336057663	0.6775000095367432	0.6592804789543152
335	0.019219648092985153	0.685183048248291	0.6554165482521057
336	0.019649473950266838	0.6773470640182495	0.6593573689460754
337	0.0202847458422184	0.6863093972206116	0.6548501253128052
338	0.022099845111370087	0.6796815991401672	0.6581833362579346
339	0.021307967603206635	0.6835227608680725	0.6562516689300537
340	0.019974032416939735	0.6792201995849609	0.6584153175354004
341	0.018113302066922188	0.6799963116645813	0.6580251455307007
342	0.018157027661800385	0.6825964450836182	0.6567174792289734
343	0.019267119467258453	0.678417444229126	0.6588191986083984
344	0.019458245486021042	0.6848987340927124	0.6555595397949219
345	0.01868610456585884	0.6777952909469604	0.6591319441795349
346	0.018557941541075706	0.6833895444869995	0.6563186049461365
347	0.018985113129019737	0.6798012256622314	0.6581231951713562
348	0.01827218569815159	0.6778522729873657	0.6591033339500427
349	0.017914114519953728	0.6868656277656555	0.654570460319519
350	0.018753625452518463	0.6779688596725464	0.6590447425842285
351	0.019076423719525337	0.6821843981742859	0.6569246053695679
352	0.01785597950220108	0.6795569658279419	0.6582460403442383
353	0.0183425135910511	0.6784886717796326	0.6587833762168884
354	0.018202852457761765	0.6835915446281433	0.6562170386314392
355	0.01749366708099842	0.6821757555007935	0.6569290161132812
356	0.017715586349368095	0.6804157495498657	0.6578141450881958
357	0.018298933282494545	0.6852520704269409	0.6553818583488464
358	0.018279118463397026	0.6791549324989319	0.6584482192993164
359	0.017858369275927544	0.6794605255126953	0.6582945585250854
360	0.018273349851369858	0.6848384141921997	0.6555900573730469
361	0.017434166744351387	0.6855317950248718	0.6552412509918213
362	0.017876900732517242	0.6795573830604553	0.6582458019256592
363	0.01805451512336731	0.6841152906417847	0.6559536457061768
364	0.01745791547000408	0.6818406581878662	0.657097578048706
365	0.017705336213111877	0.6811869144439697	0.6574263572692871
366	0.01798154227435589	0.6832143068313599	0.6564067006111145
367	0.017496127635240555	0.688537061214447	0.6537299156188965
368	0.017718076705932617	0.6797228455543518	0.6581626534461975
369	0.01770392619073391	0.681868314743042	0.6570836305618286
370	0.01698356494307518	0.6865089535713196	0.654749870300293
371	0.017854273319244385	0.6820417642593384	0.6569963693618774
372	0.0175153948366642	0.6808383464813232	0.6576016545295715
373	0.017145546153187752	0.6890956163406372	0.6534489393234253
374	0.017688008025288582	0.6816936731338501	0.6571714878082275
375	0.017067614942789078	0.6821889281272888	0.6569223403930664
376	0.017071401700377464	0.6865414977073669	0.654733419418335
377	0.017026394605636597	0.682488203048706	0.6567717790603638
378	0.016951216384768486	0.6831489205360413	0.6564395427703857
379	0.0171638373285532	0.683699369430542	0.6561627388000488
380	0.016984473913908005	0.6870148181915283	0.654495358467102
381	0.016970576718449593	0.6813849806785583	0.6573266983032227
382	0.01683645136654377	0.6846661567687988	0.6556766033172607
383	0.016704455018043518	0.6867928504943848	0.6546070575714111
384	0.01665644347667694	0.6818827390670776	0.6570764183998108
385	0.01667429320514202	0.6846378445625305	0.6556907892227173
386	0.016635753214359283	0.6859762072563171	0.6550177335739136
387	0.016773097217082977	0.6850584745407104	0.6554792523384094
388	0.01662716455757618	0.6831371784210205	0.6564454436302185
389	0.016639787703752518	0.6875531077384949	0.6542246341705322
390	0.01662776619195938	0.684459388256073	0.6557806134223938
391	0.016429133713245392	0.6845378875732422	0.6557410955429077
392	0.016432838514447212	0.6864665746688843	0.654771089553833
393	0.01637447066605091	0.6869209408760071	0.6545426845550537
394	0.016316145658493042	0.6848039627075195	0.6556072235107422
395	0.016285674646496773	0.6861032247543335	0.6549537777900696
396	0.016299115493893623	0.686924934387207	0.6545405983924866
397	0.016251258552074432	0.6851020455360413	0.6554573774337769
398	0.016271792352199554	0.6877720952033997	0.6541146039962769
399	0.016281351447105408	0.6861727237701416	0.6549188494682312
400	0.016284018754959106	0.6874252557754517	0.6542890071868896
401	0.016332177445292473	0.6856878995895386	0.6551628112792969
402	0.016312992200255394	0.6885666251182556	0.6537150740623474
403	0.016385868191719055	0.6854555606842041	0.6552796959877014
404	0.016413023695349693	0.6894774436950684	0.6532570123672485
405	0.016533777117729187	0.6859380602836609	0.6550369262695312
406	0.016546588391065598	0.6889581084251404	0.6535180807113647
407	0.01672212965786457	0.6857560873031616	0.6551284193992615
408	0.01671755686402321	0.6908329129219055	0.6525751948356628
409	0.016844669356942177	0.6852595210075378	0.6553781628608704
410	0.01673855260014534	0.6905521154403687	0.6527164578437805
411	0.016675369814038277	0.6866523027420044	0.6546778082847595
412	0.01639869622886181	0.689021110534668	0.653486430644989
413	0.01615976169705391	0.6871863603591919	0.6544091701507568
414	0.01596187800168991	0.689112663269043	0.6534404158592224
415	0.0158772524446249	0.688655436038971	0.6536703705787659
416	0.015868548303842545	0.6873365640640259	0.6543336510658264
417	0.015934467315673828	0.6905998587608337	0.652692437171936
418	0.016035256907343864	0.6871334910392761	0.6544356942176819
419	0.01609606295824051	0.6904493570327759	0.6527682542800903
420	0.016164198517799377	0.6877870559692383	0.6541070938110352
421	0.01614009216427803	0.6907410025596619	0.6526215672492981
422	0.0161289069801569	0.6876670122146606	0.6541672945022583
423	0.016013028100132942	0.690801203250885	0.6525912284851074
424	0.015933196991682053	0.6885133981704712	0.653741717338562
425	0.015810059383511543	0.6899405121803284	0.6530241370201111
426	0.015724750235676765	0.6894953846931458	0.6532480120658875
427	0.015656473115086555	0.689503014087677	0.6532440781593323
428	0.015611717477440834	0.6900725364685059	0.6529576182365417
429	0.015586753375828266	0.6898483037948608	0.6530705094337463
430	0.015579069964587688	0.6905519366264343	0.6527166366577148
431	0.015577491372823715	0.6895440816879272	0.65322345495224
432	0.015585150569677353	0.6915400624275208	0.6522196531295776
433	0.015612777322530746	0.6892895698547363	0.6533514261245728
434	0.015643145889043808	0.691901683807373	0.6520377397537231
435	0.015726089477539062	0.6897684335708618	0.6531105637550354
436	0.015798257663846016	0.6923253536224365	0.6518247127532959
437	0.01599971391260624	0.6892979741096497	0.6533471941947937
438	0.016125531867146492	0.6937013864517212	0.6511326432228088
439	0.01652832143008709	0.689139723777771	0.6534268260002136
440	0.01655878871679306	0.6941712498664856	0.650896430015564
441	0.016895180568099022	0.6894636154174805	0.6532638669013977
442	0.016472434625029564	0.6934639811515808	0.6512521505355835
443	0.016164764761924744	0.6897746920585632	0.6531074047088623
444	0.015611028298735619	0.6924738883972168	0.6517499685287476
445	0.015342644415795803	0.6910803914070129	0.6524508595466614
446	0.01537025161087513	0.6916290521621704	0.6521748304367065
447	0.015570767223834991	0.6926714777946472	0.651650607585907
448	0.01585196517407894	0.69122314453125	0.652379035949707
449	0.015848470851778984	0.693020224571228	0.6514752507209778
450	0.015765218064188957	0.6914686560630798	0.6522555351257324
451	0.015423729084432125	0.6918982267379761	0.6520395278930664
452	0.015191753394901752	0.6920676231384277	0.6519543528556824
453	0.015122578479349613	0.6916970014572144	0.652140736579895
454	0.01520813349634409	0.6926432251930237	0.6516647934913635
455	0.015360684134066105	0.6919274926185608	0.6520248055458069
456	0.01541031152009964	0.6931880712509155	0.6513909101486206
457	0.015408296138048172	0.6914674639701843	0.652256190776825
458	0.015261009335517883	0.6932502388954163	0.6513595581054688
459	0.015138279646635056	0.6915221214294434	0.6522286534309387
460	0.015055220574140549	0.6927741169929504	0.6515988707542419
461	0.01505094300955534	0.6922038197517395	0.6518858075141907
462	0.015102198347449303	0.6928035020828247	0.651584267616272
463	0.015157895162701607	0.6923843622207642	0.6517950296401978
464	0.015209304168820381	0.6932759284973145	0.6513466835021973
465	0.015194092877209187	0.6919087171554565	0.6520342230796814
466	0.015193930827081203	0.6936023235321045	0.6511824727058411
467	0.0151955746114254	0.6913061141967773	0.6523372530937195
468	0.015292983502149582	0.6945874094963074	0.6506870985031128
469	0.01553052756935358	0.6905680298805237	0.6527084708213806
470	0.01590888388454914	0.6966671943664551	0.6496410965919495
471	0.016626903787255287	0.6893392205238342	0.6533264517784119
472	0.017256347462534904	0.6985519528388977	0.6486932635307312
473	0.018155623227357864	0.6888515949249268	0.6535716652870178
474	0.017823368310928345	0.6967952251434326	0.6495767831802368
475	0.01676015369594097	0.6903542876243591	0.6528159379959106
476	0.01540295034646988	0.6923845410346985	0.651794970035553
477	0.015185532160103321	0.6939680576324463	0.6509986519813538
478	0.016031645238399506	0.6898556351661682	0.6530666947364807
479	0.016811570152640343	0.6967235207557678	0.6496128439903259
480	0.016605177894234657	0.6906129121780396	0.6526858806610107
481	0.015409397892653942	0.6916034817695618	0.6521878242492676
482	0.01494594756513834	0.6942812204360962	0.6508411169052124
483	0.015669681131839752	0.6887884140014648	0.6536034345626831
484	0.016326598823070526	0.6956923007965088	0.6501314043998718
485	0.01601201668381691	0.6920577883720398	0.6519593000411987
486	0.015112851746380329	0.6889650225639343	0.6535146236419678
487	0.015245800837874413	0.6950427889823914	0.6504580974578857
488	0.01584365963935852	0.6892199516296387	0.6533864736557007
489	0.015761082991957664	0.6934092044830322	0.6512795686721802
490	0.015244199894368649	0.6932575106620789	0.6513559818267822
491	0.01508277002722025	0.6893424391746521	0.6533247232437134
492	0.015468711033463478	0.693116307258606	0.6514269709587097
493	0.015506076626479626	0.691036581993103	0.6524729132652283
494	0.015112929977476597	0.6914840936660767	0.6522477865219116
495	0.014936910942196846	0.6936537623405457	0.6511566042900085
496	0.015141160227358341	0.6907069087028503	0.6526387333869934
497	0.015229196287691593	0.6915410757064819	0.6522191762924194
498	0.01502221915870905	0.6922955513000488	0.6518396735191345
499	0.014894821681082249	0.6907835006713867	0.6526000499725342
500	0.015033592469990253	0.6924334168434143	0.6517703533172607
501	0.015097001567482948	0.6917420625686646	0.6521180868148804
502	0.014923484064638615	0.6913791298866272	0.6523005962371826
503	0.01481560617685318	0.6915642619132996	0.6522074937820435
504	0.014907202683389187	0.6922025084495544	0.651886522769928
505	0.014994931407272816	0.6915575861930847	0.6522107720375061
506	0.01493073720484972	0.6927642822265625	0.6516039967536926
507	0.014827791601419449	0.6905756592750549	0.6527045965194702
508	0.0149095319211483	0.6922168731689453	0.6518792510032654
509	0.014963312074542046	0.6920283436775208	0.6519739627838135
510	0.014899667352437973	0.6921548247337341	0.6519104838371277
511	0.014804594218730927	0.6919847726821899	0.6519960761070251
512	0.014829219318926334	0.6925094127655029	0.6517320871353149
513	0.01489488035440445	0.6912139654159546	0.65238356590271
514	0.014883165247738361	0.6931856870651245	0.6513920426368713
515	0.014854582026600838	0.6918821930885315	0.6520475149154663
516	0.014908520504832268	0.6930935382843018	0.6514384150505066
517	0.015040758065879345	0.6913020014762878	0.6523393988609314
518	0.015072341077029705	0.6938139200210571	0.6510761380195618
519	0.015164275653660297	0.6908983588218689	0.6525423526763916
520	0.015216270461678505	0.6941320896148682	0.6509160399436951
521	0.015423974022269249	0.6913214921951294	0.6523295640945435
522	0.015472941100597382	0.6936352252960205	0.6511659026145935
523	0.015592633746564388	0.6914410591125488	0.6522694826126099
524	0.015437018126249313	0.6937844157218933	0.6510909199714661
525	0.015339064411818981	0.6912554502487183	0.6523627638816833
526	0.015039660967886448	0.6934241652488708	0.651272177696228
527	0.014800824224948883	0.6916514039039612	0.6521636247634888
528	0.014679421670734882	0.6921324133872986	0.651921808719635
529	0.014744934625923634	0.6938996911048889	0.6510328650474548
530	0.014928770251572132	0.6913436055183411	0.6523184776306152
531	0.015040688216686249	0.6944016218185425	0.6507806181907654
532	0.015092873014509678	0.6918516755104065	0.6520628929138184
533	0.014981158077716827	0.6927919387817383	0.65159010887146
534	0.014911945909261703	0.6930227875709534	0.6514739990234375
535	0.014838051982223988	0.6921237111091614	0.6519261598587036
536	0.014846463687717915	0.6931946873664856	0.6513875126838684
537	0.014910977333784103	0.6926449537277222	0.6516639590263367
538	0.01493315864354372	0.6925903558731079	0.6516914367675781
539	0.01491462904959917	0.6938602924346924	0.651052713394165
540	0.014817167073488235	0.6922217607498169	0.6518767476081848
541	0.014691436663269997	0.6930845379829407	0.6514428853988647
542	0.01461886242032051	0.6926854252815247	0.6516436338424683
543	0.014628385193645954	0.6926050782203674	0.6516841053962708
544	0.014680929481983185	0.6933588981628418	0.6513049602508545
545	0.014702770859003067	0.6934170722961426	0.651275634765625
546	0.014678861014544964	0.6928043961524963	0.6515837907791138
547	0.01462605781853199	0.6935189962387085	0.6512244343757629
548	0.014584637247025967	0.6930869817733765	0.6514416933059692
549	0.014571253210306168	0.6932471990585327	0.6513611674308777
550	0.014585894532501698	0.6938402056694031	0.6510629057884216
551	0.014607611112296581	0.6929004788398743	0.6515354514122009
552	0.01461674552410841	0.6938815116882324	0.6510422229766846
553	0.014615011401474476	0.6931511163711548	0.6514094471931458
554	0.01460261084139347	0.693894624710083	0.651035487651825
555	0.01460253819823265	0.6935483813285828	0.6512095928192139
556	0.014613020233809948	0.6938217282295227	0.651072084903717
557	0.014660878106951714	0.6933184266090393	0.6513252854347229
558	0.014743330888450146	0.6943119168281555	0.6508256793022156
559	0.014895802363753319	0.6932355165481567	0.6513669490814209
560	0.015067577362060547	0.6951588988304138	0.6503996253013611
561	0.015406184829771519	0.6928278803825378	0.6515719294548035
562	0.015602387487888336	0.6960069537162781	0.6499732136726379
563	0.01617722027003765	0.6921342611312866	0.6519208550453186
564	0.016130374744534492	0.6970788240432739	0.6494342088699341
565	0.016392337158322334	0.6915943026542664	0.6521924138069153
566	0.01570766791701317	0.6960355043411255	0.6499589085578918
567	0.0151199446991086	0.6919665932655334	0.652005136013031
568	0.014694754965603352	0.6937773823738098	0.6510944962501526
569	0.014682454988360405	0.6956437826156616	0.6501558423042297
570	0.014991010539233685	0.6919459104537964	0.6520155668258667
571	0.015254834666848183	0.6971757411956787	0.649385392665863
572	0.015364866703748703	0.6916324496269226	0.6521731615066528
573	0.015041651204228401	0.6949630379676819	0.6504982709884644
574	0.01468841265887022	0.6941874027252197	0.6508882641792297
575	0.014511018060147762	0.6924477815628052	0.6517631411552429
576	0.014629634097218513	0.6960086822509766	0.6499723792076111
577	0.014872848056256771	0.6919066905975342	0.6520352959632874
578	0.014919101260602474	0.6953231692314148	0.6503171920776367
579	0.01478693075478077	0.6937732696533203	0.6510965824127197
580	0.014571073465049267	0.6935439705848694	0.6512118577957153
581	0.0144963962957263	0.6949320435523987	0.6505138278007507
582	0.014564545825123787	0.6926304697990417	0.6516712307929993
583	0.014636747539043427	0.6946480870246887	0.6506567001342773
584	0.01464142557233572	0.6940519213676453	0.6509564518928528
585	0.014570302329957485	0.693982720375061	0.6509911417961121
586	0.014531197026371956	0.6945043802261353	0.6507288217544556
587	0.014527048915624619	0.6934238076210022	0.651272177696228
588	0.014521670527756214	0.6941718459129333	0.6508961319923401
589	0.014504846185445786	0.6941916942596436	0.6508861780166626
590	0.014497417956590652	0.6938511729240417	0.6510573625564575
591	0.014522486366331577	0.694602906703949	0.6506794095039368
592	0.014540724456310272	0.693662166595459	0.6511524319648743
593	0.014536246657371521	0.6946454048156738	0.6506578326225281
594	0.014483529143035412	0.694074273109436	0.6509451270103455
595	0.01445258129388094	0.6943983435630798	0.6507822871208191
596	0.014460783451795578	0.6939393281936646	0.6510129570960999
597	0.014496935531497002	0.694652795791626	0.6506542563438416
598	0.014534425921738148	0.6940375566482544	0.6509636044502258
599	0.014552547596395016	0.6954050660133362	0.6502758860588074
600	0.014590300619602203	0.6935752034187317	0.6511960625648499
601	0.01463540829718113	0.6957342028617859	0.6501104235649109
602	0.014741762541234493	0.6932000517845154	0.6513847708702087
603	0.01486014761030674	0.6964415311813354	0.6497547030448914
604	0.015057357028126717	0.6933049559593201	0.6513320207595825
605	0.015283648855984211	0.6967895030975342	0.6495797038078308
606	0.015580258332192898	0.6933290958404541	0.6513198614120483
607	0.015827249735593796	0.6967574954032898	0.6495957374572754
608	0.01586257293820381	0.693470299243927	0.6512488722801208
609	0.015569307841360569	0.6960067749023438	0.6499732136726379
610	0.014957256615161896	0.6934829950332642	0.6512424945831299
611	0.014496042393147945	0.6946451663970947	0.6506580114364624
612	0.014444828033447266	0.6944962739944458	0.6507329344749451
613	0.014696176163852215	0.6939249634742737	0.6510202288627625
614	0.014987018890678883	0.696374237537384	0.6497884392738342
615	0.01498440932482481	0.6929347515106201	0.6515182852745056
616	0.014809075742959976	0.6963655948638916	0.6497927904129028
617	0.01457679271697998	0.6929090023040771	0.6515311598777771
618	0.014503230340778828	0.6951062083244324	0.6504262089729309
619	0.014582384377717972	0.6948313117027283	0.6505644917488098
620	0.014645560644567013	0.6934220790863037	0.6512731909751892
621	0.014646556228399277	0.6954323649406433	0.650262176990509
622	0.014540167525410652	0.6935464143753052	0.6512106657028198
623	0.014478558674454689	0.6950206160545349	0.6504692435264587
624	0.014461314305663109	0.6950183510780334	0.6504703164100647
625	0.01448015496134758	0.6935355067253113	0.6512162089347839
626	0.014498176984488964	0.6955435872077942	0.6502062082290649
627	0.014500676654279232	0.6932416558265686	0.6513639092445374
628	0.01450261753052473	0.6956539154052734	0.6501507759094238
629	0.014517991803586483	0.6940692663192749	0.6509476900100708
630	0.014537259936332703	0.6950203776359558	0.6504693627357483
631	0.01460565160959959	0.6943456530570984	0.6508086919784546
632	0.014669321477413177	0.69498211145401	0.6504886746406555
633	0.014887514524161816	0.693915069103241	0.6510252952575684
634	0.015057659707963467	0.696438193321228	0.6497563123703003
635	0.015491734258830547	0.692858099937439	0.6515567302703857
636	0.015647169202566147	0.6982527375221252	0.6488438248634338
637	0.016230277717113495	0.6917761564254761	0.6521008610725403
638	0.01616549678146839	0.6985195875167847	0.6487095952033997
639	0.016247941181063652	0.6918411254882812	0.6520683169364929
640	0.015483112074434757	0.6963613629341125	0.6497949361801147
641	0.014775464311242104	0.6938374638557434	0.6510642766952515
642	0.014353819191455841	0.6936637759208679	0.6511516571044922
643	0.01450391300022602	0.6968124508857727	0.6495681405067444
644	0.014986090362071991	0.6923852562904358	0.6517946720123291
645	0.015211537480354309	0.6969801187515259	0.6494837999343872
646	0.015155982226133347	0.6935991048812866	0.65118408203125
647	0.014726363122463226	0.694450318813324	0.6507561206817627
648	0.014450160786509514	0.6953973174095154	0.6502797603607178
649	0.014437349513173103	0.6926047205924988	0.6516842246055603
650	0.014565062709152699	0.6959848403930664	0.6499843001365662
651	0.014693103730678558	0.6936900019645691	0.6511385440826416
652	0.01467434223741293	0.6947261691093445	0.6506173014640808
653	0.014621347188949585	0.6949794292449951	0.6504899263381958
654	0.014478473924100399	0.6931838989257812	0.6513928174972534
655	0.014358929358422756	0.6951163411140442	0.6504210233688354
656	0.01434572134166956	0.694219708442688	0.650871992111206
657	0.014436702243983746	0.6942603588104248	0.6508516669273376
658	0.014529678970575333	0.6949737668037415	0.6504928469657898
659	0.01448772381991148	0.6938737034797668	0.6510460376739502
660	0.014382309280335903	0.6947145462036133	0.650623083114624
661	0.01430609542876482	0.6945785284042358	0.6506916284561157
662	0.01432131975889206	0.6939355731010437	0.6510149240493774
663	0.014367765747010708	0.6946723461151123	0.6506443023681641
664	0.0143770482391119	0.6941576600074768	0.6509032249450684
665	0.014368881471455097	0.6945752501487732	0.6506932377815247
666	0.014346507377922535	0.6949124336242676	0.6505235433578491
667	0.0143271554261446	0.6939826607704163	0.6509913206100464
668	0.014297678135335445	0.6946301460266113	0.6506655812263489
669	0.014280966483056545	0.6942498087882996	0.6508568525314331
670	0.014293481595814228	0.6945849061012268	0.6506882905960083
671	0.014320353977382183	0.6949927806854248	0.6504833102226257
672	0.014332784339785576	0.6942397952079773	0.650861918926239
673	0.014308357611298561	0.6949299573898315	0.6505147814750671
674	0.014281566254794598	0.6942944526672363	0.6508343815803528
675	0.014269254170358181	0.6949895620346069	0.6504848599433899
676	0.014274737797677517	0.6945741772651672	0.6506938338279724
677	0.014284082688391209	0.6948614120483398	0.6505494117736816
678	0.014292226172983646	0.6947166919708252	0.6506221890449524
679	0.014307761564850807	0.6950227618217468	0.6504682898521423
680	0.014332580380141735	0.6948195099830627	0.6505703330039978
681	0.014370286837220192	0.6951068639755249	0.650425910949707
682	0.014411266893148422	0.6946208477020264	0.6506702899932861
683	0.014474366791546345	0.6954181790351868	0.6502694487571716
684	0.014578595757484436	0.6945521831512451	0.6507046818733215
685	0.014732145704329014	0.6959851980209351	0.6499842405319214
686	0.014969490468502045	0.6941969394683838	0.6508834362030029
687	0.015188089571893215	0.6967189311981201	0.6496151685714722
688	0.015442564152181149	0.6939844489097595	0.65099036693573
689	0.015435374341905117	0.69700026512146	0.6494736075401306
690	0.015176397748291492	0.6938034296035767	0.651081383228302
691	0.014694897457957268	0.6959042549133301	0.6500248312950134
692	0.0143305454403162	0.6945217847824097	0.6507201194763184
693	0.014328469522297382	0.6949905753135681	0.6504843831062317
694	0.01457472424954176	0.695919930934906	0.6500170230865479
695	0.014829524792730808	0.6942183971405029	0.6508727669715881
696	0.014831893146038055	0.6961227655410767	0.6499149203300476
697	0.01457656268030405	0.6942530870437622	0.6508552432060242
698	0.014330003410577774	0.6950571537017822	0.6504510045051575
699	0.014296365901827812	0.6959598660469055	0.6499969363212585
700	0.014467383734881878	0.6940402388572693	0.650962233543396
701	0.014589674770832062	0.6969714760780334	0.6494881510734558
702	0.014566305093467236	0.6938233375549316	0.651071310043335
703	0.014412831515073776	0.6965668797492981	0.6496915817260742
704	0.014340498484671116	0.6944354772567749	0.6507635116577148
705	0.014420300722122192	0.6957623362541199	0.6500962376594543
706	0.014561167918145657	0.6949291825294495	0.6505152583122253
707	0.014616861008107662	0.695730984210968	0.6501120328903198
708	0.01460525207221508	0.694524347782135	0.6507186889648438
709	0.01458786241710186	0.6970590353012085	0.6494441032409668
710	0.014703745022416115	0.6936275959014893	0.6511697173118591
711	0.014849218539893627	0.6980728507041931	0.6489342451095581
712	0.015040812082588673	0.6932077407836914	0.6513808965682983
713	0.015037449076771736	0.6977654695510864	0.6490888595581055
714	0.015052230097353458	0.6936572790145874	0.6511548161506653
715	0.014968547970056534	0.6971801519393921	0.6493833065032959
716	0.014895983040332794	0.6941422820091248	0.6509109735488892
717	0.014733200892806053	0.6967280507087708	0.6496106386184692
718	0.014535863883793354	0.6942043304443359	0.6508798003196716
719	0.014376813545823097	0.6963188052177429	0.6498164534568787
720	0.014333931729197502	0.6949339509010315	0.6505128741264343
721	0.014386938884854317	0.6954644322395325	0.6502460837364197
722	0.014506194740533829	0.6961336135864258	0.6499095559120178
723	0.01460046973079443	0.6940852403640747	0.6509397029876709
724	0.014806103892624378	0.6969292759895325	0.6495093107223511
725	0.014884047210216522	0.6936847567558289	0.6511410474777222
726	0.015178902074694633	0.6963018178939819	0.649824857711792
727	0.015079024247825146	0.6952160596847534	0.6503710150718689
728	0.015150737017393112	0.6935163736343384	0.651225745677948
729	0.015015996061265469	0.6979835033416748	0.6489791870117188
730	0.015144811011850834	0.6915064454078674	0.6522364616394043
731	0.015170094557106495	0.6988314390182495	0.6485527753829956
732	0.015227336436510086	0.6926189064979553	0.6516770720481873
733	0.014949238859117031	0.6956509351730347	0.6501522660255432
734	0.014745568856596947	0.6956148147583008	0.6501704454421997
735	0.014562923461198807	0.6930049061775208	0.6514829397201538
736	0.014534776099026203	0.6966670751571655	0.649641215801239
737	0.01442620251327753	0.6933244466781616	0.6513223052024841
738	0.01438700221478939	0.6949666738510132	0.6504963636398315
739	0.014381580986082554	0.6950929760932922	0.6504329442977905
740	0.01443278044462204	0.6938179731369019	0.6510740518569946
741	0.014516949653625488	0.6953228116035461	0.6503172516822815
742	0.01448604092001915	0.6948474049568176	0.6505564451217651
743	0.014461244456470013	0.6933302283287048	0.6513193249702454
744	0.014390305615961552	0.6963438987731934	0.6498037576675415
745	0.014353436417877674	0.6925035715103149	0.6517351865768433
746	0.014290944673120975	0.6960384845733643	0.6499572992324829
747	0.01422190386801958	0.6943861246109009	0.6507883071899414
748	0.014195399358868599	0.6939218044281006	0.6510217785835266
749	0.014228089712560177	0.6961484551429749	0.6499020457267761
750	0.014284093864262104	0.692804753780365	0.6515836715698242
751	0.014297465793788433	0.6960223913192749	0.6499654054641724
752	0.014279710128903389	0.6935375332832336	0.6512150764465332
753	0.014260157011449337	0.6948276162147522	0.6505663394927979
754	0.014259189367294312	0.6945527791976929	0.650704562664032
755	0.014256837777793407	0.694327175617218	0.6508179903030396
756	0.014230628497898579	0.6944831609725952	0.6507394909858704
757	0.014189648441970348	0.6948158144950867	0.6505722403526306
758	0.014163759537041187	0.6940248608589172	0.6509701013565063
759	0.014163518324494362	0.6951074004173279	0.6504256725311279
760	0.014174146577715874	0.6943210363388062	0.6508211493492126
761	0.01417908351868391	0.6944758296012878	0.6507432460784912
762	0.014176660217344761	0.695216178894043	0.6503708958625793
763	0.014173774980008602	0.6937831044197083	0.6510917544364929
764	0.014177264645695686	0.6957725286483765	0.6500911116600037
765	0.014181125909090042	0.6937021017074585	0.6511322855949402
766	0.014181183651089668	0.6953952312469482	0.6502808928489685
767	0.01418359950184822	0.6943032145500183	0.6508300304412842
768	0.014191614463925362	0.6949369311332703	0.6505113840103149
769	0.01421147771179676	0.6947326064109802	0.6506140828132629
770	0.014228967018425465	0.6949154734611511	0.6505221128463745
771	0.014256802387535572	0.6943561434745789	0.6508034467697144
772	0.014279027469456196	0.6955665349960327	0.6501947045326233
773	0.01433186512440443	0.6937054991722107	0.6511306166648865
774	0.014387168921530247	0.6965066194534302	0.6497219204902649
775	0.014501126483082771	0.6931032538414001	0.651433527469635
776	0.014601336792111397	0.6971352696418762	0.649405837059021
777	0.014807308092713356	0.692810595035553	0.6515806317329407
778	0.01494938787072897	0.6973969340324402	0.6492741703987122
779	0.015260416083037853	0.692772626876831	0.651599645614624
780	0.01536700502038002	0.697516918182373	0.6492139101028442
781	0.015617888420820236	0.6927449703216553	0.651613712310791
782	0.015436268411576748	0.6970922946929932	0.6494274139404297
783	0.01523486990481615	0.6927661895751953	0.6516029834747314
784	0.014772012829780579	0.6959048509597778	0.6500245332717896
785	0.014427220448851585	0.69353187084198	0.651218056678772
786	0.014292522333562374	0.6945740580558777	0.6506938934326172
787	0.014374987222254276	0.6949458122253418	0.6505069136619568
788	0.014615260995924473	0.6935325264930725	0.6512176990509033
789	0.014742594212293625	0.6956295967102051	0.6501629948616028
790	0.014849856495857239	0.6931101679801941	0.651430070400238
791	0.014656835235655308	0.695042610168457	0.6504582166671753
792	0.014477758668363094	0.6936768889427185	0.6511451005935669
793	0.014294745400547981	0.6937009692192078	0.6511329412460327
794	0.014248523861169815	0.6949790120124817	0.6504901051521301
795	0.014285667799413204	0.6928098797798157	0.6515809893608093
796	0.014337489381432533	0.6956863403320312	0.6501344442367554
797	0.014356196857988834	0.6927306652069092	0.6516209244728088
798	0.014316272921860218	0.6950492858886719	0.6504548788070679
799	0.014271426945924759	0.6934809684753418	0.6512434482574463
800	0.014242574572563171	0.693793773651123	0.6510862708091736
801	0.014233528636395931	0.694541871547699	0.6507100462913513
802	0.014230074360966682	0.6929411292076111	0.651515007019043
803	0.014214219525456429	0.6949700117111206	0.6504947543144226
804	0.014197059907019138	0.6929097175598145	0.6515308022499084
805	0.014196712523698807	0.6945710182189941	0.6506953239440918
806	0.014221320860087872	0.6933165192604065	0.6513262987136841
807	0.014256664551794529	0.6940380930900574	0.6509633660316467
808	0.01427212730050087	0.69367516040802	0.6511459350585938
809	0.014275433495640755	0.6938372254371643	0.6510643362998962
810	0.014268610626459122	0.6936437487602234	0.6511616706848145
811	0.014292540028691292	0.6941269040107727	0.65091872215271
812	0.01437396090477705	0.6934667825698853	0.6512507796287537
813	0.014490037225186825	0.6946457624435425	0.6506577134132385
814	0.014680463820695877	0.6931949257850647	0.6513873338699341
815	0.014810804277658463	0.6949818730354309	0.6504887342453003
816	0.015004586428403854	0.6927951574325562	0.6515884399414062
817	0.01506084855645895	0.6952328681945801	0.6503623723983765
818	0.01508236862719059	0.6922229528427124	0.6518762707710266
819	0.015001590363681316	0.6954101324081421	0.650273323059082
820	0.014758176170289516	0.6915868520736694	0.6521960496902466
821	0.01456702034920454	0.6952102780342102	0.6503738760948181
822	0.0143834063783288	0.6915711164474487	0.6522040367126465
823	0.014386593364179134	0.6946259140968323	0.6506677269935608
824	0.014427516609430313	0.6926330924034119	0.651669979095459
825	0.014528297819197178	0.6933037638664246	0.651332676410675
826	0.0144617585465312	0.69423508644104	0.6508642435073853
827	0.01441438589245081	0.6917773485183716	0.6521003842353821
828	0.01434003934264183	0.6949459910392761	0.650506854057312
829	0.014376306906342506	0.6916614174842834	0.6521586179733276
830	0.014423416927456856	0.6944896578788757	0.6507362723350525
831	0.014485063962638378	0.6926124095916748	0.6516803503036499
832	0.014405696652829647	0.6930357217788696	0.6514674425125122
833	0.014300304464995861	0.6936376094818115	0.6511647701263428
834	0.01418131310492754	0.6920974850654602	0.6519392728805542
835	0.014144300483167171	0.6940984129905701	0.650933027267456
836	0.01416054181754589	0.6920761466026306	0.6519500613212585
837	0.014189689420163631	0.6934976577758789	0.6512351632118225
838	0.014183216728270054	0.6929270625114441	0.6515220999717712
839	0.014171925373375416	0.6925979256629944	0.6516876220703125
840	0.014177165925502777	0.6934157013893127	0.6512763500213623
841	0.014193836599588394	0.6926468014717102	0.6516630053520203
842	0.01421522255986929	0.692986249923706	0.6514922976493835
843	0.014207535423338413	0.6934837102890015	0.6512421369552612
844	0.014198594726622105	0.6919988393783569	0.6519888639450073
845	0.01418748963624239	0.6943977475166321	0.6507824659347534
846	0.014200001955032349	0.6914552450180054	0.6522621512413025
847	0.014211093075573444	0.694579005241394	0.6506913304328918
848	0.014218173921108246	0.6916891932487488	0.6521446108818054
849	0.0141993947327137	0.693849503993988	0.6510581970214844
850	0.014186419546604156	0.6925786733627319	0.6516973972320557
851	0.014176263473927975	0.692955493927002	0.6515077948570251
852	0.014195884577929974	0.6932446956634521	0.6513623595237732
853	0.014209708198904991	0.6924691200256348	0.6517525315284729
854	0.014234349131584167	0.6932075023651123	0.6513811349868774
855	0.014229143969714642	0.6928563117980957	0.6515577435493469
856	0.014243991114199162	0.692650556564331	0.6516610980033875
857	0.014246541075408459	0.6935807466506958	0.6511933207511902
858	0.014291203580796719	0.6921048164367676	0.6519356966018677
859	0.014318223111331463	0.6939640045166016	0.6510006785392761
860	0.014381730929017067	0.6919276118278503	0.6520248055458069
861	0.014398633502423763	0.6937252879142761	0.651120662689209
862	0.014450712129473686	0.6923094391822815	0.6518327593803406
863	0.014433336444199085	0.693041205406189	0.6514647603034973
864	0.014459555968642235	0.6929498314857483	0.6515105962753296
865	0.014387953095138073	0.6922641396522522	0.65185546875
866	0.014355016872286797	0.6933569312095642	0.6513059139251709
867	0.014256230555474758	0.6917880773544312	0.6520949602127075
868	0.014202685095369816	0.6936391592025757	0.6511639952659607
869	0.014164715074002743	0.6914097666740417	0.652285099029541
870	0.014193866401910782	0.6942039728164673	0.650879979133606
871	0.014295659027993679	0.6907678246498108	0.6526080369949341
872	0.014503981918096542	0.6955246329307556	0.6502158045768738
873	0.014907456003129482	0.6894382834434509	0.6532766222953796
874	0.015523962676525116	0.6979802846908569	0.6489806771278381
875	0.01669169031083584	0.6879575848579407	0.6540213227272034
876	0.017927473410964012	0.7002926468849182	0.647817850112915
877	0.019843092188239098	0.6890641450881958	0.6534647941589355
878	0.01968029886484146	0.695878267288208	0.6500378847122192
879	0.018292440101504326	0.6927037239074707	0.6516343951225281
880	0.014987139962613583	0.6866729855537415	0.654667317867279
881	0.015532074496150017	0.694855272769928	0.6505523920059204
882	0.018543105572462082	0.6918478608131409	0.652064859867096
883	0.018778519704937935	0.6908524036407471	0.6525654196739197
884	0.016476435586810112	0.6936430335044861	0.6511620879173279
885	0.017401956021785736	0.6854544878005981	0.6552801132202148
886	0.020785575732588768	0.6952333450317383	0.6503622531890869
887	0.02003658376634121	0.691560685634613	0.6522092819213867
888	0.017891990020871162	0.6891406774520874	0.6534261703491211
889	0.017218265682458878	0.6951314806938171	0.6504136323928833
890	0.02190803922712803	0.6788955926895142	0.658578634262085
891	0.023169666528701782	0.6986437439918518	0.6486471891403198
892	0.026925386860966682	0.6941460371017456	0.6509090662002563
893	0.02162351831793785	0.6789810657501221	0.6585355997085571
894	0.032149676233530045	0.7011786699295044	0.6473723649978638
895	0.028111061081290245	0.6912466883659363	0.6523671746253967
896	0.028587065637111664	0.6801875233650208	0.6579289436340332
897	0.024282053112983704	0.7001250386238098	0.6479021906852722
898	0.02774462290108204	0.6965155601501465	0.6497174501419067
899	0.019630922004580498	0.6868209838867188	0.6545928716659546
900	0.03476898744702339	0.6948630809783936	0.65054851770401
901	0.02962632104754448	0.703091025352478	0.6464105844497681
902	0.032575272023677826	0.6971423625946045	0.6494022011756897
903	0.025872252881526947	0.6931630969047546	0.6514034271240234
904	0.026621798053383827	0.684581995010376	0.655718982219696
905	0.023890020325779915	0.6889818906784058	0.6535062789916992
906	0.02732381597161293	0.704886794090271	0.6455074548721313
907	0.023034851998090744	0.7290176749229431	0.6333718299865723
908	0.07025571167469025	0.6891905069351196	0.653401255607605
909	0.02757449448108673	0.6660861968994141	0.6650205850601196
910	0.04053587093949318	0.6950531005859375	0.6504529118537903
911	0.02898206189274788	0.716781497001648	0.6395255923271179
912	0.03341762349009514	0.6915793418884277	0.6521998643875122
913	0.024073917418718338	0.6762394905090332	0.6599143743515015
914	0.03325134143233299	0.6987442970275879	0.6485965251922607
915	0.025349607691168785	0.7205711007118225	0.6376197338104248
916	0.04136251285672188	0.7064974308013916	0.6446975469589233
917	0.02313113771378994	0.6813366413116455	0.657351016998291
918	0.027407005429267883	0.6763201355934143	0.6598739624023438
919	0.03491312265396118	0.69278883934021	0.6515916585922241
920	0.02182604745030403	0.7094586491584778	0.6432082653045654
921	0.037539996206760406	0.7039923667907715	0.645957350730896
922	0.021667752414941788	0.6910781264305115	0.6524519324302673
923	0.024310588836669922	0.6830502152442932	0.6564892530441284
924	0.027150224894285202	0.6930997371673584	0.6514352560043335
925	0.019633904099464417	0.7081721425056458	0.6438552737236023
926	0.023150691762566566	0.7060440182685852	0.6449254155158997
927	0.020509662106633186	0.6998167634010315	0.6480571627616882
928	0.02219952642917633	0.6886546015739441	0.6536708474159241
929	0.020383387804031372	0.68624347448349	0.6548833847045898
930	0.025770457461476326	0.6978462934494019	0.6490480899810791
931	0.018539024516940117	0.7070738077163696	0.6444075703620911
932	0.02116570621728897	0.7137419581413269	0.6410542130470276
933	0.027025971561670303	0.6961528658866882	0.6498997807502747
934	0.01950065791606903	0.6844184398651123	0.6558011174201965
935	0.021761178970336914	0.6850921511650085	0.6554622650146484
936	0.02094612829387188	0.6945918798446655	0.6506848335266113
937	0.01757495477795601	0.7009903192520142	0.6474670171737671
938	0.021351177245378494	0.6971461176872253	0.6494003534317017
939	0.01858176663517952	0.6914318799972534	0.6522740125656128
940	0.01725645735859871	0.6913020610809326	0.6523393392562866
941	0.01831713505089283	0.6936777830123901	0.6511445641517639
942	0.01787671446800232	0.6949663758277893	0.6504964232444763
943	0.016945788636803627	0.6953321695327759	0.6503126621246338
944	0.016975577920675278	0.6975583434104919	0.6491929292678833
945	0.01657208427786827	0.7002798914909363	0.6478242874145508
946	0.01610296405851841	0.6971666812896729	0.6493900418281555
947	0.016246700659394264	0.6917978525161743	0.6520900130271912
948	0.016020972281694412	0.6916788220405579	0.6521497368812561
949	0.01566781848669052	0.6934189200401306	0.6512747406959534
950	0.015725532546639442	0.6914802193641663	0.652249813079834
951	0.015381477773189545	0.6900920271873474	0.6529478430747986
952	0.015465892851352692	0.6930228471755981	0.6514739394187927
953	0.015134915709495544	0.6956198811531067	0.6501678824424744
954	0.015415607951581478	0.6939342617988586	0.6510156393051147
955	0.014865778386592865	0.6924728751182556	0.6517505645751953
956	0.015265149995684624	0.6943352818489075	0.65081387758255
957	0.014884415082633495	0.6959510445594788	0.6500013470649719
958	0.014962008222937584	0.6949976682662964	0.6504806876182556
959	0.01476387307047844	0.6935091018676758	0.6512293219566345
960	0.01487707532942295	0.6930866241455078	0.6514418721199036
961	0.01475758757442236	0.6926188468933105	0.6516770720481873
962	0.014640362933278084	0.6922528147697449	0.6518611907958984
963	0.014737383462488651	0.6937783360481262	0.6510939598083496
964	0.014627911150455475	0.6962453126907349	0.6498533487319946
965	0.014608093537390232	0.6962694525718689	0.6498411893844604
966	0.014566668309271336	0.6942781805992126	0.6508426666259766
967	0.014569547027349472	0.6937780976295471	0.6510941386222839
968	0.014466479420661926	0.695157527923584	0.6504004001617432
969	0.014535922557115555	0.6958106160163879	0.6500720381736755
970	0.014487192966043949	0.6951994299888611	0.6503793597221375
971	0.014471848495304585	0.6946986317634583	0.6506311893463135
972	0.014420787803828716	0.6945971846580505	0.6506821513175964
973	0.014426994137465954	0.6948216557502747	0.6505693793296814
974	0.014409643597900867	0.6954051852226257	0.6502758264541626
975	0.014380406588315964	0.6957240700721741	0.6501153707504272
976	0.014404296875	0.695399820804596	0.6502785682678223
977	0.014372492209076881	0.6951735019683838	0.6503922939300537
978	0.014328854158520699	0.6954809427261353	0.6502377390861511
979	0.014364414848387241	0.6958616971969604	0.6500462293624878
980	0.014326742850244045	0.6961215734481812	0.6499156355857849
981	0.01433036383241415	0.6961700916290283	0.6498911380767822
982	0.014320527203381062	0.6958643794059753	0.6500449180603027
983	0.014301769435405731	0.695452094078064	0.6502521634101868
984	0.014299029484391212	0.6954122185707092	0.6502723097801208
985	0.014293995685875416	0.6958862543106079	0.6500338315963745
986	0.014289816841483116	0.6963426470756531	0.649804413318634
987	0.01427967008203268	0.6961666941642761	0.6498928666114807
988	0.014271446503698826	0.6954746246337891	0.6502408981323242
989	0.014266641810536385	0.6953330636024475	0.6503121256828308
990	0.014265069738030434	0.6959721446037292	0.6499907374382019
991	0.014255260117352009	0.6963845491409302	0.6497832536697388
992	0.014251897111535072	0.6961386799812317	0.6499069333076477
993	0.014247084967792034	0.6959773302078247	0.6499881148338318
994	0.014239605516195297	0.6962015628814697	0.6498754024505615
995	0.014241086319088936	0.6963163018226624	0.6498176455497742
996	0.01423300988972187	0.6961799263954163	0.6498863101005554
997	0.01423014048486948	0.6961358189582825	0.6499083638191223
998	0.014224733226001263	0.6962825655937195	0.6498345732688904
999	0.014221812598407269	0.6963486075401306	0.6498014330863953
1000	0.01421922817826271	0.6962456703186035	0.6498531103134155
1001	0.014214840717613697	0.6962275505065918	0.6498622894287109
1002	0.014212336391210556	0.6964271068572998	0.6497619152069092
1003	0.014207943342626095	0.6966079473495483	0.6496708989143372
1004	0.014205911196768284	0.6966176629066467	0.6496661305427551
1005	0.014202041551470757	0.6966383457183838	0.6496557593345642
1006	0.014200984500348568	0.6967061161994934	0.6496215462684631
1007	0.014196350239217281	0.6966536045074463	0.6496480703353882
1008	0.014194083400070667	0.6965382099151611	0.6497060060501099
1009	0.014191736467182636	0.6965553164482117	0.6496974229812622
1010	0.014188792556524277	0.6966938972473145	0.6496278047561646
1011	0.014186406508088112	0.6968137621879578	0.6495674848556519
1012	0.014184819534420967	0.6968122124671936	0.6495683193206787
1013	0.014181065373122692	0.6966999173164368	0.6496247053146362
1014	0.014179614372551441	0.6966660022735596	0.6496418118476868
1015	0.014177227392792702	0.6968117952346802	0.649568498134613
1016	0.014174813404679298	0.6969541311264038	0.6494967937469482
1017	0.014172914437949657	0.6969527006149292	0.6494975686073303
1018	0.014170701615512371	0.6969082951545715	0.6495199203491211
1019	0.014168499037623405	0.696886420249939	0.6495309472084045
1020	0.014166516251862049	0.6968772411346436	0.649535596370697
1021	0.014164789579808712	0.6969319581985474	0.6495081186294556
1022	0.014162508770823479	0.6970288157463074	0.6494593024253845
1023	0.014160780236124992	0.69703608751297	0.649455726146698
1024	0.014158958569169044	0.6969543695449829	0.6494966745376587
1025	0.01415683701634407	0.6969251036643982	0.6495115160942078
1026	0.014155412092804909	0.6969887614250183	0.6494794487953186
1027	0.014153335243463516	0.6970531940460205	0.6494470238685608
1028	0.014151680283248425	0.6970769762992859	0.6494350433349609
1029	0.014149974100291729	0.6970942616462708	0.6494264006614685
1030	0.01414820458739996	0.697099506855011	0.6494237780570984
1031	0.014146612957119942	0.6970788240432739	0.6494342088699341
1032	0.014144938439130783	0.6970903873443604	0.6494283080101013
1033	0.014143263921141624	0.6971475481987	0.6493996381759644
1034	0.014141681604087353	0.6971597075462341	0.6493934988975525
1035	0.014140109531581402	0.6971170902252197	0.6494149565696716
1036	0.014138543978333473	0.6971226334571838	0.6494120955467224
1037	0.014136995188891888	0.6971784830093384	0.649384081363678
1038	0.014135490171611309	0.6971994638442993	0.6493735313415527
1039	0.014133951626718044	0.6971914172172546	0.6493775248527527
1040	0.014132486656308174	0.697202742099762	0.649371862411499
1041	0.014131037518382072	0.6972213387489319	0.6493624448776245
1042	0.014129546470940113	0.6972299814224243	0.6493581533432007
1043	0.014128144830465317	0.6972421407699585	0.6493520736694336
1044	0.014126727357506752	0.6972529888153076	0.6493465304374695
1045	0.014125307090580463	0.6972598433494568	0.6493431925773621
1046	0.014123931527137756	0.6972714066505432	0.6493372321128845
1047	0.014122567139565945	0.69728684425354	0.6493296027183533
1048	0.01412117201834917	0.6972977519035339	0.6493240594863892
1049	0.014119858853518963	0.6973080635070801	0.6493188142776489
1050	0.014118502847850323	0.6973223686218262	0.6493117809295654
1051	0.014117180369794369	0.6973327398300171	0.6493064165115356
1052	0.014115876518189907	0.6973372101783752	0.6493041515350342
1053	0.01411457359790802	0.6973492503166199	0.6492980718612671
1054	0.014113289304077625	0.6973651647567749	0.649290144443512
1055	0.014112008735537529	0.6973627805709839	0.6492913365364075
1056	0.014110752381384373	0.6973553895950317	0.6492950320243835
1057	0.01410950068384409	0.697371780872345	0.6492868065834045
1058	0.01410825364291668	0.6973883509635925	0.649278461933136
1059	0.014107032679021358	0.6973786950111389	0.6492833495140076
1060	0.014105809852480888	0.6973761916160583	0.6492846012115479
1061	0.01410460565239191	0.6974018216133118	0.6492717862129211
1062	0.014103401452302933	0.6974202394485474	0.6492624282836914
1063	0.01410221029073	0.6974149942398071	0.6492651700973511
1064	0.01410102378576994	0.6974127888679504	0.649266242980957
1065	0.014099852181971073	0.6974233388900757	0.6492608189582825
1066	0.014098688028752804	0.6974290609359741	0.649258017539978
1067	0.014097530394792557	0.6974283456802368	0.6492584347724915
1068	0.014096389524638653	0.6974312663078308	0.6492570042610168
1069	0.014095243066549301	0.6974323391914368	0.6492564678192139
1070	0.014094111509621143	0.6974284052848816	0.6492583155632019
1071	0.014092986471951008	0.6974323987960815	0.6492564082145691
1072	0.014091867953538895	0.6974462270736694	0.6492494344711304
1073	0.014090756885707378	0.6974532604217529	0.6492459774017334
1074	0.014089654199779034	0.6974495649337769	0.6492477655410767
1075	0.014088557101786137	0.6974464654922485	0.6492493152618408
1076	0.01408747024834156	0.6974471211433411	0.6492488980293274
1077	0.014086388051509857	0.6974506378173828	0.6492472290992737
1078	0.014085307717323303	0.6974547505378723	0.6492450833320618
1079	0.01408423576503992	0.6974534392356873	0.6492457985877991
1080	0.01408317033201456	0.6974494457244873	0.6492478251457214
1081	0.014082111418247223	0.6974502801895142	0.6492473483085632
1082	0.014081061817705631	0.6974551677703857	0.6492449641227722
1083	0.014080013148486614	0.6974575519561768	0.6492437124252319
1084	0.014078968204557896	0.6974584460258484	0.6492432951927185
1085	0.01407792791724205	0.6974584460258484	0.6492432355880737
1086	0.01407689694315195	0.6974561214447021	0.6492443084716797
1087	0.014075874350965023	0.6974533200263977	0.6492457985877991
1088	0.014074854552745819	0.6974524855613708	0.649246335029602
1089	0.014073837548494339	0.6974526643753052	0.6492461562156677
1090	0.014072829857468605	0.6974512338638306	0.649246871471405
1091	0.014071821235120296	0.69744873046875	0.6492481827735901
1092	0.01407082099467516	0.6974458694458008	0.6492495536804199
1093	0.014069825410842896	0.6974425315856934	0.6492513418197632
1094	0.014068837277591228	0.6974399089813232	0.6492525339126587
1095	0.014067848213016987	0.6974377632141113	0.6492536067962646
1096	0.014066863805055618	0.6974329948425293	0.6492559313774109
1097	0.014065885916352272	0.6974268555641174	0.6492592096328735
1098	0.014064915478229523	0.6974225044250488	0.6492612957954407
1099	0.01406394224613905	0.6974193453788757	0.6492628455162048
1100	0.014062976464629173	0.697416365146637	0.6492644548416138
1101	0.01406201720237732	0.697413444519043	0.6492659449577332
1102	0.014061053283512592	0.6974098682403564	0.6492676138877869
1103	0.014060101471841335	0.6974045038223267	0.6492704153060913
1104	0.01405914593487978	0.6974000334739685	0.6492725610733032
1105	0.014058200642466545	0.6973979473114014	0.649273693561554
1106	0.014057260937988758	0.6973943710327148	0.6492754220962524
1107	0.014056319370865822	0.6973876953125	0.6492788791656494
1108	0.014055385254323483	0.6973797678947449	0.6492828130722046
1109	0.014054451137781143	0.6973746418952942	0.6492854356765747
1110	0.01405352633446455	0.6973715424537659	0.6492868065834045
1111	0.014052590355277061	0.6973681449890137	0.6492886543273926
1112	0.01405167393386364	0.6973631381988525	0.6492912173271179
1113	0.014050749130547047	0.6973575949668884	0.6492939591407776
1114	0.014049832709133625	0.697351336479187	0.6492971777915955
1115	0.014048920944333076	0.6973451972007751	0.6493001580238342
1116	0.014048011973500252	0.6973402500152588	0.6493026614189148
1117	0.014047106727957726	0.697334885597229	0.6493052840232849
1118	0.014046194963157177	0.6973282098770142	0.6493087410926819
1119	0.014045294374227524	0.697320282459259	0.6493127942085266
1120	0.014044398441910744	0.6973134875297546	0.6493162512779236
1121	0.014043500646948814	0.6973066329956055	0.6493195295333862
1122	0.014042602851986885	0.6972976326942444	0.6493241190910339
1123	0.014041715301573277	0.6972891092300415	0.649328351020813
1124	0.014040829613804817	0.6972822546958923	0.6493319869041443
1125	0.01403994020074606	0.6972752809524536	0.6493353843688965
1126	0.014039061032235622	0.6972664594650269	0.6493397355079651
1127	0.014038181863725185	0.6972593665122986	0.6493434309959412
1128	0.014037301763892174	0.6972522735595703	0.6493468880653381
1129	0.014036423526704311	0.6972439289093018	0.6493510603904724
1130	0.01403555553406477	0.6972342729568481	0.6493561267852783
1131	0.014034680090844631	0.6972249150276184	0.6493606567382812
1132	0.01403381023555994	0.6972171068191528	0.6493646502494812
1133	0.014032941311597824	0.697208046913147	0.6493692398071289
1134	0.014032082632184029	0.6971988677978516	0.6493737101554871
1135	0.014031218364834785	0.6971904635429382	0.6493781208992004
1136	0.014030356891453266	0.6971809267997742	0.6493827104568481
1137	0.01402950007468462	0.6971697807312012	0.6493884325027466
1138	0.0140286386013031	0.6971587538719177	0.6493939161300659
1139	0.01402778085321188	0.6971479654312134	0.6493993997573853
1140	0.014026932418346405	0.6971380710601807	0.6494043469429016
1141	0.014026082120835781	0.6971266865730286	0.6494100689888
1142	0.01402522437274456	0.6971157789230347	0.6494156122207642
1143	0.01402437686920166	0.697104811668396	0.6494211554527283
1144	0.014023534953594208	0.6970934271812439	0.6494268774986267
1145	0.014022684656083584	0.6970822215080261	0.6494324803352356
1146	0.014021842740476131	0.6970705986022949	0.6494383215904236
1147	0.014021007344126701	0.6970592737197876	0.649444043636322
1148	0.014020171016454697	0.6970483660697937	0.6494494676589966
1149	0.014019331894814968	0.697037398815155	0.6494550704956055
1150	0.014018493704497814	0.6970245838165283	0.6494615077972412
1151	0.014017653651535511	0.6970106363296509	0.6494683623313904
1152	0.014016823843121529	0.6969989538192749	0.6494742631912231
1153	0.014015991240739822	0.696988046169281	0.6494798064231873
1154	0.014015164226293564	0.6969768404960632	0.6494855284690857
1155	0.014014333486557007	0.6969656944274902	0.6494910717010498
1156	0.014013509266078472	0.6969533562660217	0.6494972705841064
1157	0.014012678526341915	0.6969403028488159	0.649503767490387
1158	0.014011852443218231	0.6969278454780579	0.6495100855827332
1159	0.014011030085384846	0.6969146132469177	0.6495168209075928
1160	0.014010204002261162	0.6969006657600403	0.6495237350463867
1161	0.014009387232363224	0.6968878507614136	0.6495302319526672
1162	0.014008565805852413	0.6968737244606018	0.6495373249053955
1163	0.014007746241986752	0.6968584656715393	0.6495450735092163
1164	0.014006931334733963	0.6968449354171753	0.6495517492294312
1165	0.014006108976900578	0.6968324780464172	0.6495580673217773
1166	0.014005297794938087	0.6968190670013428	0.649564802646637
1167	0.014004484750330448	0.6968050599098206	0.6495718359947205
1168	0.014003677293658257	0.6967905759811401	0.6495791077613831
1169	0.014002860523760319	0.6967746615409851	0.6495871543884277
1170	0.014002058655023575	0.6967604160308838	0.649594247341156
1171	0.01400124654173851	0.6967471241950989	0.6496009230613708
1172	0.014000442810356617	0.6967315673828125	0.6496087908744812
1173	0.01399963442236185	0.6967152953147888	0.6496169567108154
1174	0.013998831622302532	0.696700394153595	0.6496245265007019
1175	0.013998028822243214	0.6966853141784668	0.6496320366859436
1176	0.01399722509086132	0.6966694593429565	0.6496399641036987
1177	0.013996421359479427	0.6966534852981567	0.6496480703353882
1178	0.013995626010000706	0.6966387033462524	0.6496555209159851
1179	0.013994826935231686	0.696622908115387	0.6496634483337402
1180	0.013994025997817516	0.6966051459312439	0.6496723294258118
1181	0.013993238098919392	0.6965883374214172	0.6496808528900146
1182	0.013992439024150372	0.6965723037719727	0.6496888399124146
1183	0.013991644605994225	0.6965543031692505	0.6496979594230652
1184	0.013990852981805801	0.6965373754501343	0.6497064828872681
1185	0.013990060426294804	0.6965199708938599	0.64971524477005
1186	0.013989273458719254	0.6965035200119019	0.6497234106063843
1187	0.013988480903208256	0.6964864134788513	0.6497320532798767
1188	0.013987688347697258	0.6964698433876038	0.64974045753479
1189	0.013986901380121708	0.6964510679244995	0.6497498154640198
1190	0.013986114412546158	0.6964311599731445	0.6497599482536316
1191	0.013985329307615757	0.6964126825332642	0.649769127368927
1192	0.013984542340040207	0.6963958740234375	0.6497775912284851
1193	0.013983753509819508	0.696378767490387	0.649786114692688
1194	0.013982973992824554	0.6963589787483215	0.6497961282730103
1195	0.013982182368636131	0.696338951587677	0.6498062610626221
1196	0.013981400988996029	0.6963222622871399	0.6498147249221802
1197	0.013980618678033352	0.6963043808937073	0.6498236656188965
1198	0.01397983729839325	0.6962826251983643	0.6498345136642456
1199	0.013979055918753147	0.6962615251541138	0.6498451232910156
1200	0.01397827547043562	0.6962420344352722	0.6498549580574036
1201	0.01397749874740839	0.6962220668792725	0.6498650312423706
1202	0.013976712711155415	0.6962012052536011	0.6498755216598511
1203	0.013975934125483036	0.6961803436279297	0.6498859524726868
1204	0.013975158333778381	0.6961603760719299	0.649895966053009
1205	0.013974382542073727	0.6961405277252197	0.6499061584472656
1206	0.013973601162433624	0.6961197853088379	0.6499165296554565
1207	0.013972828164696693	0.6960984468460083	0.6499271988868713
1208	0.01397205051034689	0.6960780024528503	0.6499374508857727
1209	0.013971277512609959	0.6960574388504028	0.6499478816986084
1210	0.013970505446195602	0.6960366368293762	0.6499582529067993
1211	0.013969728723168373	0.696014940738678	0.6499691009521484
1212	0.013968955725431442	0.6959937214851379	0.649979829788208
1213	0.013968183659017086	0.6959729194641113	0.6499903798103333
1214	0.013967417180538177	0.6959527134895325	0.6500004529953003
1215	0.013966642320156097	0.6959306001663208	0.6500115394592285
1216	0.013965869322419167	0.6959087252616882	0.6500226855278015
1217	0.013965101912617683	0.6958863139152527	0.6500338912010193
1218	0.0139643345028162	0.6958659291267395	0.6500440835952759
1219	0.01396356150507927	0.6958432197570801	0.6500555872917175
1220	0.013962797820568085	0.6958199739456177	0.6500672698020935
1221	0.013962025754153728	0.6957972049713135	0.6500786542892456
1222	0.013961254619061947	0.6957748532295227	0.6500899791717529
1223	0.013960479758679867	0.6957523822784424	0.6501012444496155
1224	0.013959717936813831	0.6957303285598755	0.6501123905181885
1225	0.013958954252302647	0.6957069039344788	0.6501241326332092
1226	0.01395818218588829	0.695684015750885	0.6501356959342957
1227	0.013957417570054531	0.6956623196601868	0.650146484375
1228	0.013956648297607899	0.69563889503479	0.6501582860946655
1229	0.01395588368177414	0.6956126689910889	0.6501715183258057
1230	0.01395511720329523	0.6955886483192444	0.6501835584640503
1231	0.013954352587461472	0.6955664753913879	0.6501947641372681
1232	0.013953588902950287	0.6955434679985046	0.6502062678337097
1233	0.013952825218439102	0.6955186128616333	0.6502187848091125
1234	0.013952060602605343	0.6954935193061829	0.6502314209938049
1235	0.013951296918094158	0.6954712867736816	0.6502426862716675
1236	0.01395053043961525	0.6954470872879028	0.6502547860145569
1237	0.01394976768642664	0.695422887802124	0.6502669453620911
1238	0.013949004001915455	0.6953957676887512	0.6502805948257446
1239	0.01394824218004942	0.69536954164505	0.6502937078475952
1240	0.013947476632893085	0.6953475475311279	0.6503048539161682
1241	0.01394671481102705	0.6953243017196655	0.6503165364265442
1242	0.01394595392048359	0.6952973008155823	0.6503300666809082
1243	0.013945197686553001	0.6952715516090393	0.6503430008888245
1244	0.013944432139396667	0.69524747133255	0.6503551006317139
1245	0.013943674974143505	0.6952235102653503	0.6503672003746033
1246	0.013942912220954895	0.6951985359191895	0.6503797769546509
1247	0.013942161574959755	0.6951685547828674	0.6503949761390686
1248	0.013941395096480846	0.6951425671577454	0.6504078507423401
1249	0.013940628618001938	0.6951197385787964	0.6504193544387817
1250	0.013939878903329372	0.6950927972793579	0.6504330039024353
1251	0.01393912360072136	0.695065438747406	0.6504467129707336
1252	0.013938366435468197	0.6950400471687317	0.6504594087600708
1253	0.013937605544924736	0.6950146555900574	0.6504722237586975
1254	0.013936848379671574	0.6949880719184875	0.6504855155944824
1255	0.013936090283095837	0.694962203502655	0.6504985690116882
1256	0.013935336843132973	0.6949347853660583	0.6505123972892761
1257	0.013934578746557236	0.6949061155319214	0.6505268812179565
1258	0.013933825306594372	0.6948774456977844	0.6505411863327026
1259	0.013933067210018635	0.6948511004447937	0.6505544781684875
1260	0.013932307250797749	0.6948243975639343	0.6505679488182068
1261	0.013931553810834885	0.6947944164276123	0.6505829691886902
1262	0.013930795714259148	0.6947671175003052	0.6505967378616333
1263	0.013930048793554306	0.6947416663169861	0.65060955286026
1264	0.013929285109043121	0.6947132349014282	0.6506237983703613
1265	0.013928534463047981	0.6946830749511719	0.6506389379501343
1266	0.013927780091762543	0.6946538686752319	0.650653600692749
1267	0.013927026651799679	0.6946274042129517	0.6506670713424683
1268	0.013926268555223942	0.6946011185646057	0.6506802439689636
1269	0.013925516046583652	0.6945736408233643	0.6506940722465515
1270	0.013924766331911087	0.6945446133613586	0.6507086753845215
1271	0.013924011029303074	0.694516658782959	0.6507226824760437
1272	0.013923258520662785	0.6944887638092041	0.6507367491722107
1273	0.013922500424087048	0.6944614052772522	0.650750458240509
1274	0.01392175629734993	0.6944326162338257	0.6507648229598999
1275	0.013920999132096767	0.6944010853767395	0.6507807970046997
1276	0.013920247554779053	0.6943746209144592	0.6507941484451294
1277	0.013919499702751637	0.6943491697311401	0.6508068442344666
1278	0.013918750919401646	0.6943179965019226	0.650822639465332
1279	0.013917997479438782	0.6942877769470215	0.6508378386497498
1280	0.013917248696088791	0.6942581534385681	0.6508527398109436
1281	0.013916498981416225	0.6942293643951416	0.650867223739624
1282	0.013915746472775936	0.694200873374939	0.6508814692497253
1283	0.013915001414716244	0.6941721439361572	0.6508960127830505
1284	0.013914249837398529	0.6941428780555725	0.6509107947349548
1285	0.01391349732875824	0.6941148638725281	0.6509247422218323
1286	0.01391275878995657	0.6940843462944031	0.6509400606155396
1287	0.013912010006606579	0.6940550208091736	0.6509548425674438
1288	0.013911260291934013	0.69402676820755	0.6509689688682556
1289	0.01391051895916462	0.6939967274665833	0.6509842276573181
1290	0.013909772038459778	0.6939670443534851	0.650999128818512
1291	0.013909021392464638	0.6939378976821899	0.6510138511657715
1292	0.013908269815146923	0.693907618522644	0.6510289311408997
1293	0.013907530345022678	0.6938777565956116	0.6510440111160278
1294	0.013906783424317837	0.6938499212265015	0.6510579586029053
1295	0.013906034640967846	0.693821370601654	0.6510723233222961
1296	0.013905293308198452	0.6937892436981201	0.651088535785675
1297	0.013904545456171036	0.6937598586082458	0.6511033177375793
1298	0.013903798535466194	0.6937286257743835	0.6511189341545105
1299	0.013903060927987099	0.6936980485916138	0.6511344909667969
1300	0.013902314938604832	0.6936687231063843	0.6511491537094116
1301	0.013901570811867714	0.6936379671096802	0.6511645913124084
1302	0.013900826685130596	0.6936067938804626	0.6511802077293396
1303	0.0139000890776515	0.6935757398605347	0.6511958241462708
1304	0.013899347744882107	0.6935456991195679	0.6512110829353333
1305	0.013898603618144989	0.6935157179832458	0.6512260437011719
1306	0.013897869735956192	0.6934844851493835	0.6512417197227478
1307	0.01389712281525135	0.6934521198272705	0.651258111000061
1308	0.013896385207772255	0.6934224963188171	0.6512729525566101
1309	0.013895642012357712	0.6933919191360474	0.6512883901596069
1310	0.013894903473556042	0.6933590769767761	0.6513048410415649
1311	0.013894165866076946	0.6933297514915466	0.651319682598114
1312	0.013893438503146172	0.6932951211929321	0.6513370275497437
1313	0.013892694376409054	0.6932639479637146	0.6513526439666748
1314	0.013891961425542831	0.6932350993156433	0.6513671278953552
1315	0.013891222886741161	0.6932008862495422	0.6513844132423401
1316	0.01389048621058464	0.693168044090271	0.6514009237289429
1317	0.013889750465750694	0.6931362748146057	0.6514167785644531
1318	0.013889017514884472	0.6931078433990479	0.651431143283844
1319	0.0138882827013731	0.6930752396583557	0.6514476537704468
1320	0.013887549750506878	0.6930441856384277	0.6514632105827332
1321	0.01388681959360838	0.6930121779441833	0.6514793038368225
1322	0.013886090368032455	0.6929806470870972	0.6514951586723328
1323	0.013885360211133957	0.6929495930671692	0.6515107750892639
1324	0.013884625397622585	0.692916750907898	0.6515272259712219
1325	0.013883900828659534	0.6928846836090088	0.6515434980392456
1326	0.013883174397051334	0.6928500533103943	0.6515608429908752
1327	0.013882441446185112	0.6928190588951111	0.6515764594078064
1328	0.013881712220609188	0.6927893757820129	0.6515913605690002
1329	0.013880983926355839	0.6927549839019775	0.6516086459159851
1330	0.013880256563425064	0.6927207708358765	0.6516258120536804
1331	0.013879535719752312	0.692685604095459	0.6516435146331787
1332	0.013878805562853813	0.6926530599594116	0.6516599655151367
1333	0.013878085650503635	0.6926195025444031	0.6516767740249634
1334	0.013877354562282562	0.6925855875015259	0.6516938209533691
1335	0.013876636512577534	0.6925521492958069	0.6517106890678406
1336	0.013875911012291908	0.6925204992294312	0.6517266035079956
1337	0.013875189237296581	0.6924866437911987	0.6517435908317566
1338	0.01387446466833353	0.6924507021903992	0.6517617106437683
1339	0.013873743824660778	0.6924166679382324	0.6517788171768188
1340	0.013873028568923473	0.6923847198486328	0.6517948508262634
1341	0.01387231145054102	0.6923514008522034	0.6518115997314453
1342	0.013871581293642521	0.6923143267631531	0.65183025598526
1343	0.013870872557163239	0.6922797560691833	0.6518476009368896
1344	0.013870148919522762	0.6922463774681091	0.6518643498420715
1345	0.01386942993849516	0.6922110915184021	0.6518821120262146
1346	0.013868718408048153	0.6921746730804443	0.6519004702568054
1347	0.013868005946278572	0.6921372413635254	0.6519193649291992
1348	0.013867298141121864	0.6921037435531616	0.6519361138343811
1349	0.01386658102273941	0.6920686960220337	0.6519536972045898
1350	0.01386586856096983	0.6920346021652222	0.6519709229469299
1351	0.01386516448110342	0.6919976472854614	0.6519895195960999
1352	0.013864457607269287	0.6919623613357544	0.6520072817802429
1353	0.013863745145499706	0.6919307708740234	0.6520232558250427
1354	0.013863036409020424	0.6918936967849731	0.6520417928695679
1355	0.013862334191799164	0.6918573379516602	0.6520601511001587
1356	0.013861625455319881	0.6918241381645203	0.652076780796051
1357	0.013860924169421196	0.6917903423309326	0.652093768119812
1358	0.013860220089554787	0.691756010055542	0.6521110534667969
1359	0.013859514147043228	0.6917224526405334	0.6521279811859131
1360	0.013858816586434841	0.6916856169700623	0.6521463990211487
1361	0.013858124613761902	0.6916524767875671	0.6521631479263306
1362	0.013857419602572918	0.6916183233261108	0.6521803140640259
1363	0.013856719247996807	0.6915817260742188	0.6521986722946167
1364	0.013856026344001293	0.6915459036827087	0.6522166728973389
1365	0.013855328783392906	0.6915116906166077	0.6522339582443237
1366	0.013854635879397392	0.6914789080619812	0.6522504091262817
1367	0.013853943906724453	0.6914443373680115	0.6522678732872009
1368	0.013853248208761215	0.6914118528366089	0.6522841453552246
1369	0.013852554373443127	0.6913770437240601	0.6523016095161438
1370	0.01385186705738306	0.6913418769836426	0.6523193717002869
1371	0.013851174153387547	0.69130539894104	0.6523376703262329
1372	0.01385048869997263	0.6912714838981628	0.6523546576499939
1373	0.013849802315235138	0.6912369132041931	0.6523721218109131
1374	0.013849114999175072	0.6912058591842651	0.6523877382278442
1375	0.013848431408405304	0.6911686062812805	0.6524064540863037
1376	0.013847745954990387	0.6911336183547974	0.6524240970611572
1377	0.013847061432898045	0.6910966038703918	0.6524427533149719
1378	0.013846386224031448	0.6910658478736877	0.652458131313324
1379	0.01384570263326168	0.6910301446914673	0.6524761319160461
1380	0.013845027424395084	0.6910014748573303	0.652490496635437
1381	0.013844344764947891	0.6909611225128174	0.6525108218193054
1382	0.013843674212694168	0.6909320950508118	0.6525254845619202
1383	0.013843001797795296	0.6908871531486511	0.6525480151176453
1384	0.01384232472628355	0.6908655762672424	0.6525589823722839
1385	0.013841653242707253	0.6908147931098938	0.6525843739509583
1386	0.013840988278388977	0.6908003687858582	0.6525915861129761
1387	0.01384032517671585	0.6907374262809753	0.6526232361793518
1388	0.013839668594300747	0.6907359957695007	0.6526239514350891
1389	0.013839032500982285	0.6906589269638062	0.6526626944541931
1390	0.013838401064276695	0.690676748752594	0.6526538133621216
1391	0.01383780688047409	0.6905679106712341	0.6527085304260254
1392	0.013837255537509918	0.690626323223114	0.6526792049407959
1393	0.013836794532835484	0.6904734373092651	0.6527560949325562
1394	0.013836453668773174	0.6905956864356995	0.6526947021484375
1395	0.01383634377270937	0.690356969833374	0.6528146862983704
1396	0.0138365738093853	0.6905845999717712	0.6527001857757568
1397	0.013837450183928013	0.6902135014533997	0.6528868079185486
1398	0.013839256018400192	0.6906227469444275	0.6526809334754944
1399	0.013842931017279625	0.6900155544281006	0.6529862880706787
1400	0.0138491066172719	0.6907359957695007	0.6526240110397339
1401	0.01386123988777399	0.6897105574607849	0.6531397104263306
1402	0.013880638405680656	0.6909973621368408	0.6524926424026489
1403	0.013919242657721043	0.6892729997634888	0.6533597707748413
1404	0.013975660316646099	0.6915155053138733	0.6522320508956909
1405	0.01409568078815937	0.6886109709739685	0.6536927223205566
1406	0.01424512267112732	0.6924625039100647	0.6517558097839355
1407	0.01458551362156868	0.6877229809761047	0.6541392803192139
1408	0.014860980212688446	0.6936834454536438	0.6511417627334595
1409	0.015544899739325047	0.6868677735328674	0.6545693278312683
1410	0.01565212570130825	0.6940441727638245	0.6509603261947632
1411	0.016051411628723145	0.686469316482544	0.654769778251648
1412	0.015458319336175919	0.6918343901634216	0.6520716547966003
1413	0.014799241907894611	0.6876324415206909	0.6541847586631775
1414	0.014120851643383503	0.6885105967521667	0.6537431478500366
1415	0.013891929760575294	0.6904471516609192	0.6527692675590515
1416	0.014128449372947216	0.6868987679481506	0.6545538902282715
1417	0.014499356970191002	0.6918474435806274	0.6520649790763855
1418	0.014719538390636444	0.6871452331542969	0.6544298529624939
1419	0.01451076939702034	0.690187931060791	0.6528996229171753
1420	0.014190932735800743	0.6886565089225769	0.6536697745323181
1421	0.013936246745288372	0.6881515383720398	0.6539236903190613
1422	0.013927171006798744	0.6903125643730164	0.6528369784355164
1423	0.01407992746680975	0.6873767375946045	0.6543133854866028
1424	0.014191788621246815	0.6903287768363953	0.6528289318084717
1425	0.014195606112480164	0.6880893707275391	0.6539550423622131
1426	0.014034518040716648	0.6888521909713745	0.6535714268684387
1427	0.013910219073295593	0.6894371509552002	0.6532772779464722
1428	0.013880149461328983	0.6879791617393494	0.6540104746818542
1429	0.01394123025238514	0.6899495124816895	0.6530196070671082
1430	0.014022738672792912	0.6880534291267395	0.6539729833602905
1431	0.014011944644153118	0.6892066597938538	0.6533930897712708
1432	0.013955344446003437	0.6884927153587341	0.6537522077560425
1433	0.013876046054065228	0.6883530616760254	0.6538224220275879
1434	0.013851375319063663	0.6891445517539978	0.6534243822097778
1435	0.013883582316339016	0.6879761219024658	0.6540120244026184
1436	0.013918854296207428	0.6893336772918701	0.6533292531967163
1437	0.013931489549577236	0.6880857348442078	0.6539568901062012
1438	0.013896595686674118	0.6888207793235779	0.6535871624946594
1439	0.01385787408798933	0.6886451840400696	0.6536756157875061
1440	0.013838402926921844	0.6883901953697205	0.6538037657737732
1441	0.013844029046595097	0.6891506910324097	0.6534212827682495
1442	0.013863497413694859	0.6880578398704529	0.6539708971977234
1443	0.013874695636332035	0.6891399621963501	0.6534267067909241
1444	0.013872673735022545	0.6880669593811035	0.6539662480354309
1445	0.01385488361120224	0.6886619329452515	0.6536670327186584
1446	0.013833713717758656	0.6885468363761902	0.6537250280380249
1447	0.013822177425026894	0.6881735920906067	0.6539126634597778
1448	0.013825273141264915	0.688916027545929	0.6535391807556152
1449	0.013837183825671673	0.6879598498344421	0.6540201306343079
1450	0.013846383430063725	0.688842236995697	0.6535764336585999
1451	0.013846016488969326	0.6881029605865479	0.653948187828064
1452	0.013836191035807133	0.6885696649551392	0.6537134051322937
1453	0.013823900371789932	0.6883377432823181	0.6538301706314087
1454	0.01381517294794321	0.6882176399230957	0.6538904905319214
1455	0.013813033699989319	0.688498318195343	0.653749406337738
1456	0.013816333375871181	0.6880279183387756	0.6539860367774963
1457	0.013821731321513653	0.6885392069816589	0.6537287831306458
1458	0.013825790025293827	0.6879903674125671	0.6540047526359558
1459	0.013825632631778717	0.6884831190109253	0.6537569761276245
1460	0.013822185806930065	0.6879555583000183	0.6540222764015198
1461	0.013816156424582005	0.6883265376091003	0.6538357138633728
1462	0.013810781762003899	0.6879832148551941	0.6540083885192871
1463	0.013807461597025394	0.6881162524223328	0.6539415121078491
1464	0.013806608505547047	0.6881059408187866	0.6539466977119446
1465	0.013807415030896664	0.6879145503044128	0.6540428996086121
1466	0.01380864530801773	0.6881544589996338	0.6539223790168762
1467	0.013809500262141228	0.6877310872077942	0.6541351675987244
1468	0.013809540309011936	0.6881293058395386	0.653934895992279
1469	0.01380911935120821	0.6876547932624817	0.6541735529899597
1470	0.01380836684256792	0.6881086826324463	0.6539453268051147
1471	0.013807693496346474	0.6876559257507324	0.6541730761528015
1472	0.01380698662251234	0.6880495548248291	0.6539750099182129
1473	0.013806410133838654	0.6876266598701477	0.6541877388954163
1474	0.013805667869746685	0.6879676580429077	0.6540161967277527
1475	0.013804924674332142	0.687532365322113	0.6542352437973022
1476	0.013803895562887192	0.6878995299339294	0.6540504693984985
1477	0.013802825473248959	0.68747478723526	0.6542641520500183
1478	0.013801627792418003	0.6878260374069214	0.6540874242782593
1479	0.013800648041069508	0.6874268054962158	0.6542881727218628
1480	0.013799931854009628	0.6877583265304565	0.6541213989257812
1481	0.013799648731946945	0.6873577833175659	0.6543229222297668
1482	0.013799711130559444	0.6877296566963196	0.6541358828544617
1483	0.013800276443362236	0.6872463226318359	0.6543790102005005
1484	0.013801280409097672	0.6877464652061462	0.6541273593902588
1485	0.013803275302052498	0.687090277671814	0.6544574499130249
1486	0.013806338422000408	0.6878270506858826	0.6540870070457458
1487	0.013811927288770676	0.6868645548820496	0.6545709371566772
1488	0.013820241205394268	0.6879962682723999	0.6540018320083618
1489	0.013835614547133446	0.6865347623825073	0.6547367572784424
1490	0.013858048245310783	0.6883173584938049	0.6538403630256653
1491	0.013901492580771446	0.6860241889953613	0.6549936532974243
1492	0.013962461613118649	0.6889635324478149	0.6535153985023499
1493	0.014087619259953499	0.685240626335144	0.6553877592086792
1494	0.014243635348975658	0.6901140213012695	0.6529369354248047
1495	0.014584917575120926	0.68416827917099	0.6559269428253174
1496	0.01489117182791233	0.6916648149490356	0.6521568894386292
1497	0.015584937296807766	0.6830970048904419	0.6564657688140869
1498	0.01577899232506752	0.6922276616096497	0.651873767375946
1499	0.016221443191170692	0.6828212738037109	0.6566043496131897
1500	0.015552385710179806	0.6857534050941467	0.6551297903060913
1501	0.013850166462361813	0.6899026036262512	0.6530431509017944
1502	0.015147973783314228	0.6867830157279968	0.6546120047569275
1503	0.013888055458664894	0.6830491423606873	0.6564897298812866
1504	0.01485280878841877	0.6852385997772217	0.6553887128829956
1505	0.013911563903093338	0.68924480676651	0.6533738970756531
1506	0.014573255553841591	0.6875077486038208	0.654247522354126
1507	0.013950181193649769	0.6839066743850708	0.6560585498809814
1508	0.014383153058588505	0.6849551796913147	0.655531108379364
1509	0.01395817007869482	0.688383162021637	0.6538073420524597
1510	0.014208690263330936	0.6877842545509338	0.6541085243225098
1511	0.013982146978378296	0.684691309928894	0.6556639671325684
1512	0.014090427197515965	0.6848726868629456	0.6555726528167725
1513	0.013973882421851158	0.687634289264679	0.6541838645935059
1514	0.013993232510983944	0.6878050565719604	0.6540980935096741
1515	0.013980980962514877	0.6852681040763855	0.6553738117218018
1516	0.01392542663961649	0.6847911477088928	0.6556137800216675
1517	0.013961410149931908	0.6869341135025024	0.6545361280441284
1518	0.013882194645702839	0.6876963376998901	0.6541526913642883
1519	0.013951701112091541	0.6858883500099182	0.6550619602203369
1520	0.013846377842128277	0.6850327253341675	0.6554921269416809
1521	0.013928993605077267	0.6864438056945801	0.6547826528549194
1522	0.013830515556037426	0.6873806715011597	0.6543115377426147
1523	0.013910483568906784	0.6862872242927551	0.6548613905906677
1524	0.013814187608659267	0.6854516863822937	0.6552816033363342
1525	0.013890529051423073	0.686284601688385	0.6548625826835632
1526	0.01380882877856493	0.6870357990264893	0.6544849276542664
1527	0.013872305862605572	0.6863096356391907	0.6548500657081604
1528	0.013801844790577888	0.6856226921081543	0.6551955342292786
1529	0.013856956735253334	0.6861914992332458	0.6549093723297119
1530	0.01379944197833538	0.6868132948875427	0.654596745967865
1531	0.013842534273862839	0.686316967010498	0.6548463702201843
1532	0.01379625778645277	0.6857606768608093	0.65512615442276
1533	0.013831877149641514	0.6861639022827148	0.6549234390258789
1534	0.0137946093454957	0.6866610646247864	0.6546733975410461
1535	0.013821858912706375	0.6862983107566833	0.6548557877540588
1536	0.013792334124445915	0.6858590245246887	0.6550766825675964
1537	0.013814647682011127	0.6861921548843384	0.6549091339111328
1538	0.013790613040328026	0.6866240501403809	0.6546919941902161
1539	0.013808176852762699	0.6863477826118469	0.6548308730125427
1540	0.013788925483822823	0.685967206954956	0.6550223231315613
1541	0.013803387992084026	0.6862149834632874	0.6548978090286255
1542	0.013787397183477879	0.6865651607513428	0.6547215580940247
1543	0.01379887294024229	0.6863256692886353	0.6548420786857605
1544	0.013786141760647297	0.6859648823738098	0.6550233960151672
1545	0.013795381411910057	0.686125636100769	0.654942512512207
1546	0.013785004615783691	0.6864180564880371	0.6547955274581909
1547	0.013792184181511402	0.6862539649009705	0.6548780798912048
1548	0.013784087263047695	0.6859688758850098	0.6550214886665344
1549	0.013789620250463486	0.686086118221283	0.6549624800682068
1550	0.013783148489892483	0.6863223910331726	0.6548436284065247
1551	0.013787333853542805	0.6862145662307739	0.6548978090286255
1552	0.013782300986349583	0.6860110759735107	0.6550002694129944
1553	0.013785469345748425	0.6861020922660828	0.6549543738365173
1554	0.013781433925032616	0.6862599849700928	0.6548750996589661
1555	0.013783825561404228	0.686155378818512	0.6549276113510132
1556	0.013780644163489342	0.6860138177871704	0.6549988389015198
1557	0.01378245372325182	0.6861107349395752	0.6549500226974487
1558	0.013779849745333195	0.686216413974762	0.6548969149589539
1559	0.013781224377453327	0.6860913038253784	0.6549599766731262
1560	0.013779105618596077	0.685975968837738	0.6550179123878479
1561	0.013780144043266773	0.6860831379890442	0.6549639701843262
1562	0.013778368011116982	0.6861670613288879	0.6549217700958252
1563	0.01377916894853115	0.6860348582267761	0.6549882888793945
1564	0.01377766951918602	0.685936450958252	0.6550377607345581
1565	0.013778296299278736	0.6860499382019043	0.6549805998802185
1566	0.013776998035609722	0.6861217617988586	0.6549444794654846
1567	0.013777474872767925	0.6859843730926514	0.6550136804580688
1568	0.013776339590549469	0.685889482498169	0.6550613641738892
1569	0.013776721432805061	0.6860014796257019	0.6550049781799316
1570	0.013775705359876156	0.6860733032226562	0.6549688577651978
1571	0.01377599872648716	0.6859451532363892	0.6550334095954895
1572	0.01377508882433176	0.6858513951301575	0.6550804376602173
1573	0.013775325380265713	0.6859481334686279	0.6550318598747253
1574	0.013774493709206581	0.6860138177871704	0.654998779296875
1575	0.01377466507256031	0.6858994364738464	0.655056357383728
1576	0.013773912563920021	0.6858108639717102	0.6551010012626648
1577	0.013774036429822445	0.6858879923820496	0.6550621390342712
1578	0.013773344457149506	0.6859423518180847	0.6550346612930298
1579	0.01377340778708458	0.6858460307121277	0.655083179473877
1580	0.013772784732282162	0.6857745051383972	0.6551192402839661
1581	0.013772810809314251	0.6858429312705994	0.6550847291946411
1582	0.013772238977253437	0.6858883500099182	0.6550619006156921
1583	0.013772215694189072	0.6858070492744446	0.6551027894020081
1584	0.01377170067280531	0.6857472658157349	0.6551328897476196
1585	0.013771637342870235	0.6857995390892029	0.6551066040992737
1586	0.013771169818937778	0.6858271360397339	0.6550926566123962
1587	0.013771066442131996	0.6857538819313049	0.655129611492157
1588	0.013770638033747673	0.6857048273086548	0.6551542282104492
1589	0.013770505785942078	0.6857456564903259	0.6551337242126465
1590	0.01377011463046074	0.6857603788375854	0.6551262736320496
1591	0.013769949786365032	0.6856961250305176	0.6551586389541626
1592	0.013769594952464104	0.685660183429718	0.6551766395568848
1593	0.013769403100013733	0.6856943964958191	0.6551594734191895
1594	0.013769073411822319	0.6857001781463623	0.6551565527915955
1595	0.013768866658210754	0.6856438517570496	0.6551848649978638
1596	0.013768553733825684	0.6856141686439514	0.6551998853683472
1597	0.013768328353762627	0.6856393218040466	0.6551871299743652
1598	0.013768036849796772	0.6856388449668884	0.6551874279975891
1599	0.013767803087830544	0.6855924129486084	0.6552107334136963
1600	0.013767523691058159	0.6855700612068176	0.6552219986915588
1601	0.013767274096608162	0.6855859160423279	0.6552141308784485
1602	0.013767018914222717	0.6855785250663757	0.6552177667617798
1603	0.013766754418611526	0.685541570186615	0.6552363634109497
1604	0.013766499236226082	0.6855266094207764	0.6552438735961914
1605	0.013766237534582615	0.6855347156524658	0.6552398204803467
1606	0.013765987008810043	0.68552166223526	0.6552463173866272
1607	0.013765723444521427	0.685490608215332	0.6552619338035583
1608	0.013765478506684303	0.6854788661003113	0.6552678942680359
1609	0.013765214942395687	0.6854797601699829	0.6552674770355225
1610	0.01376496721059084	0.6854634284973145	0.6552755236625671
1611	0.013764706440269947	0.685439944267273	0.6552875638008118
1612	0.013764459639787674	0.685432493686676	0.6552911996841431
1613	0.013764201663434505	0.6854283213615417	0.655293345451355
1614	0.013763954862952232	0.6854091286659241	0.6553030014038086
1615	0.013763695023953915	0.6853912472724915	0.6553119421005249
1616	0.013763451017439365	0.6853857636451721	0.6553148031234741
1617	0.013763194903731346	0.6853760480880737	0.6553196310997009
1618	0.013762948103249073	0.685355544090271	0.6553300023078918
1619	0.013762693852186203	0.6853414177894592	0.6553369760513306
1620	0.013762447983026505	0.6853363513946533	0.6553395390510559
1621	0.013762193731963634	0.6853234171867371	0.6553460359573364
1622	0.013761943206191063	0.685303270816803	0.655356228351593
1623	0.013761701993644238	0.6852914690971375	0.6553621292114258
1624	0.013761449605226517	0.6852853298187256	0.6553652286529541
1625	0.013761201873421669	0.6852697134017944	0.6553729772567749
1626	0.013760952278971672	0.6852502226829529	0.6553828716278076
1627	0.013760702684521675	0.6852405071258545	0.655387818813324
1628	0.013760452158749104	0.6852343678474426	0.6553908586502075
1629	0.013760201632976532	0.6852186918258667	0.6553986668586731
1630	0.013759958557784557	0.6852010488510132	0.6554075479507446
1631	0.013759717345237732	0.6851913332939148	0.6554125547409058
1632	0.013759472407400608	0.685181736946106	0.6554173231124878
1633	0.013759225606918335	0.685165286064148	0.6554255485534668
1634	0.013758976012468338	0.6851508617401123	0.6554328799247742
1635	0.013758738525211811	0.6851423978805542	0.6554371118545532
1636	0.013758489862084389	0.6851304769515991	0.6554431319236755
1637	0.013758248649537563	0.6851135492324829	0.6554516553878784
1638	0.013757999055087566	0.6851007342338562	0.6554580330848694
1639	0.013757758773863316	0.6850916743278503	0.6554626226425171
1640	0.013757514767348766	0.6850783228874207	0.6554692983627319
1641	0.013757268898189068	0.6850617527961731	0.6554775834083557
1642	0.013757024891674519	0.6850494146347046	0.6554837822914124
1643	0.013756783679127693	0.6850394606590271	0.6554888486862183
1644	0.013756542466580868	0.6850250363349915	0.6554961204528809
1645	0.01375629659742117	0.6850101351737976	0.6555036306381226
1646	0.013756057247519493	0.6849991083145142	0.6555091142654419
1647	0.013755816034972668	0.6849883794784546	0.6555145978927612
1648	0.013755572028458118	0.6849728226661682	0.655522346496582
1649	0.013755334541201591	0.6849585175514221	0.6555295586585999
1650	0.013755091466009617	0.6849477291107178	0.6555349826812744
1651	0.013754853047430515	0.6849363446235657	0.6555407047271729
1652	0.013754607178270817	0.684921383857727	0.6555482149124146
1653	0.013754371553659439	0.6849075555801392	0.6555551886558533
1654	0.013754129409790039	0.6848968267440796	0.6555606126785278
1655	0.013753894716501236	0.6848844885826111	0.6555667519569397
1656	0.013753650709986687	0.6848707795143127	0.6555736660957336
1657	0.01375341136008501	0.6848587393760681	0.655579686164856
1658	0.01375317107886076	0.6848466992378235	0.6555858254432678
1659	0.013752937316894531	0.6848333477973938	0.6555925011634827
1660	0.01375269703567028	0.6848207712173462	0.6555988192558289
1661	0.01375245489180088	0.6848097443580627	0.655604362487793
1662	0.013752219267189503	0.6847968697547913	0.6556108593940735
1663	0.013751981779932976	0.684782862663269	0.655617892742157
1664	0.013751748017966747	0.6847705245018005	0.6556240320205688
1665	0.01375151053071022	0.6847597360610962	0.6556293964385986
1666	0.013751273974776268	0.6847471594810486	0.6556358337402344
1667	0.013751036487519741	0.6847330927848816	0.6556428670883179
1668	0.013750800862908363	0.6847206950187683	0.6556491255760193
1669	0.013750565238296986	0.6847094893455505	0.655654788017273
1670	0.01375032588839531	0.6846969723701477	0.6556611061096191
1671	0.013750092126429081	0.6846834421157837	0.655667781829834
1672	0.013749855570495129	0.6846715807914734	0.6556739211082458
1673	0.013749618083238602	0.6846606731414795	0.6556792855262756
1674	0.013749385252594948	0.6846476793289185	0.6556857824325562
1675	0.013749146834015846	0.6846336722373962	0.6556929349899292
1676	0.013748913072049618	0.6846214532852173	0.6556990742683411
1677	0.013748680241405964	0.6846103668212891	0.65570467710495
1678	0.01374844554811716	0.6845980286598206	0.6557108163833618
1679	0.013748209923505783	0.6845850944519043	0.6557173132896423
1680	0.013747976161539555	0.6845725774765015	0.6557235717773438
1681	0.013747744262218475	0.68455970287323	0.6557300686836243
1682	0.013747508637607098	0.6845477819442749	0.6557360887527466
1683	0.013747281394898891	0.6845359802246094	0.6557420492172241
1684	0.013747045770287514	0.684523344039917	0.6557483077049255
1685	0.013746810145676136	0.6845104694366455	0.6557548642158508
1686	0.013746584765613079	0.6844986081123352	0.6557608842849731
1687	0.013746346347033978	0.6844863295555115	0.6557669639587402
1688	0.013746109791100025	0.6844738721847534	0.6557731628417969
1689	0.013745883479714394	0.6844618916511536	0.6557793021202087
1690	0.013745653443038464	0.6844504475593567	0.655785083770752
1691	0.01374542061239481	0.6844383478164673	0.655791163444519
1692	0.013745185919106007	0.6844255328178406	0.65579754114151
1693	0.013744957745075226	0.6844136714935303	0.6558036208152771
1694	0.013744725845754147	0.6844026446342468	0.655809223651886
1695	0.013744495809078217	0.6843906044960022	0.6558151245117188
1696	0.01374426856637001	0.684377908706665	0.6558215618133545
1697	0.013744033873081207	0.6843653321266174	0.6558278799057007
1698	0.013743806630373001	0.6843536496162415	0.6558337807655334
1699	0.013743572868406773	0.6843414306640625	0.6558399200439453
1700	0.013743344694375992	0.6843287348747253	0.655846357345581
1701	0.013743114657700062	0.6843169927597046	0.6558522582054138
1702	0.013742886483669281	0.6843056678771973	0.6558579206466675
1703	0.013742654584348202	0.6842928528785706	0.6558642983436584
1704	0.01374243013560772	0.6842800974845886	0.655870795249939
1705	0.01374219823628664	0.6842695474624634	0.6558759808540344
1706	0.013741967268288136	0.6842586994171143	0.6558816432952881
1707	0.013741740956902504	0.6842449903488159	0.6558883190155029
1708	0.013741517439484596	0.684232234954834	0.6558948159217834
1709	0.013741284608840942	0.6842221021652222	0.6558998823165894
1710	0.013741056434810162	0.6842116713523865	0.6559050679206848
1711	0.013740825466811657	0.6841994524002075	0.6559112668037415
1712	0.013740601018071175	0.6841869950294495	0.6559175848960876
1713	0.013740376569330692	0.6841757893562317	0.6559231877326965
1714	0.013740146532654762	0.684164822101593	0.6559287309646606
1715	0.01373992208391428	0.6841528415679932	0.655934751033783
1716	0.013739695772528648	0.6841413974761963	0.6559405326843262
1717	0.013739462941884995	0.6841309666633606	0.6559457778930664
1718	0.013739247806370258	0.6841185092926025	0.6559520959854126
1719	0.013739014975726604	0.6841056942939758	0.6559584140777588
1720	0.013738793320953846	0.6840949058532715	0.6559638977050781
1721	0.013738560490310192	0.6840848326683044	0.6559689044952393
1722	0.013738339766860008	0.6840737462043762	0.6559745073318481
1723	0.013738109730184078	0.6840622425079346	0.6559802889823914
1724	0.013737883418798447	0.6840494871139526	0.6559867262840271
1725	0.013737661764025688	0.6840372085571289	0.6559929251670837
1726	0.013737432658672333	0.6840274333953857	0.6559978127479553
1727	0.01373720820993185	0.6840177774429321	0.6560025811195374
1728	0.013736984692513943	0.6840057373046875	0.656008780002594
1729	0.013736756518483162	0.6839933395385742	0.6560149788856506
1730	0.013736536726355553	0.68398118019104	0.6560211181640625
1731	0.013736305758357048	0.6839699745178223	0.6560267210006714
1732	0.01373608410358429	0.6839599609375	0.6560317277908325
1733	0.013735855929553509	0.683951199054718	0.6560361385345459
1734	0.0137356361374259	0.6839404702186584	0.6560415625572205
1735	0.013735409826040268	0.6839276552200317	0.6560479402542114
1736	0.01373518817126751	0.6839160919189453	0.6560537815093994
1737	0.013734961859881878	0.6839062571525574	0.6560587286949158
1738	0.013734735548496246	0.6838964223861694	0.6560637354850769
1739	0.013734507374465466	0.6838860511779785	0.6560689210891724
1740	0.01373429037630558	0.6838756203651428	0.6560741662979126
1741	0.013734067790210247	0.6838645339012146	0.6560797095298767
1742	0.01373384427279234	0.6838539242744446	0.6560850739479065
1743	0.01373362634330988	0.6838437914848328	0.6560901403427124
1744	0.013733400031924248	0.6838330030441284	0.656095564365387
1745	0.01373317465186119	0.6838223338127136	0.6561010479927063
1746	0.013732950203120708	0.6838119626045227	0.656106173992157
1747	0.0137327304109931	0.683800458908081	0.6561119556427002
1748	0.01373250875622034	0.6837895512580872	0.6561174392700195
1749	0.013732285238802433	0.6837791204452515	0.656122624874115
1750	0.013732066377997398	0.6837695837020874	0.6561275124549866
1751	0.013731839135289192	0.6837593913078308	0.6561325192451477
1752	0.01373162679374218	0.6837472915649414	0.6561386585235596
1753	0.013731400482356548	0.6837365627288818	0.6561440825462341
1754	0.01373117882758379	0.6837281584739685	0.6561482548713684
1755	0.013730957172811031	0.683717668056488	0.6561535000801086
1756	0.013730739243328571	0.6837055087089539	0.6561596989631653
1757	0.013730518519878387	0.6836950778961182	0.6561650633811951
1758	0.013730302453041077	0.6836851835250854	0.6561699509620667
1759	0.013730076141655445	0.6836745142936707	0.6561751961708069
1760	0.013729854486882687	0.6836636662483215	0.6561807990074158
1761	0.013729638420045376	0.6836533546447754	0.6561859250068665
1762	0.013729420490562916	0.6836422085762024	0.6561915278434753
1763	0.013729199767112732	0.6836308836936951	0.6561971306800842
1764	0.013728979043662548	0.6836193799972534	0.656203031539917
1765	0.013728762045502663	0.6836090087890625	0.6562081575393677
1766	0.013728544116020203	0.6835985779762268	0.6562134623527527
1767	0.013728324323892593	0.6835880875587463	0.6562187671661377
1768	0.013728102669119835	0.6835765838623047	0.6562245488166809
1769	0.013727884739637375	0.6835653781890869	0.6562302112579346
1770	0.01372766587883234	0.6835557818412781	0.6562349200248718
1771	0.013727444224059582	0.6835459470748901	0.6562399864196777
1772	0.013727228157222271	0.6835349798202515	0.6562454104423523
1773	0.013727011159062386	0.6835235357284546	0.6562512516975403
1774	0.01372679602354765	0.6835117340087891	0.656257152557373
1775	0.013726579956710339	0.6835013628005981	0.6562622785568237
1776	0.013726363889873028	0.6834920644760132	0.6562671065330505
1777	0.013726149685680866	0.6834824085235596	0.6562718749046326
1778	0.01372592430561781	0.6834712624549866	0.6562774777412415
1779	0.013725710101425648	0.6834607124328613	0.6562828421592712
1780	0.013725493103265762	0.6834489703178406	0.6562886238098145
1781	0.0137252788990736	0.6834384799003601	0.6562939286231995
1782	0.01372506283223629	0.6834291219711304	0.6562986969947815
1783	0.013724843971431255	0.6834194660186768	0.6563035845756531
1784	0.013724629767239094	0.6834076642990112	0.6563095450401306
1785	0.013724414631724358	0.6833953857421875	0.6563155651092529
1786	0.013724195770919323	0.683384358882904	0.6563211679458618
1787	0.013723982498049736	0.6833727955818176	0.6563270688056946
1788	0.013723762705922127	0.6833628416061401	0.6563320159912109
1789	0.013723546639084816	0.683354377746582	0.65633624792099
1790	0.01372333150357008	0.6833450198173523	0.6563409566879272
1791	0.013723119162023067	0.6833327412605286	0.6563472151756287
1792	0.013722909614443779	0.6833208799362183	0.6563531160354614
1793	0.01372268795967102	0.6833109855651855	0.6563580632209778
1794	0.013722474686801434	0.6833003759384155	0.6563634872436523
1795	0.013722265139222145	0.6832900047302246	0.656368613243103
1796	0.01372204627841711	0.6832811236381531	0.6563730835914612
1797	0.013721834868192673	0.6832713484764099	0.6563781499862671
1798	0.01372162252664566	0.6832592487335205	0.6563841104507446
1799	0.013721405528485775	0.6832477450370789	0.6563898324966431
1800	0.013721190392971039	0.6832375526428223	0.6563951373100281
1801	0.013720975257456303	0.6832274198532104	0.6564001441001892
1802	0.013720761984586716	0.6832175850868225	0.6564051508903503
1803	0.013720550574362278	0.6832086443901062	0.6564095616340637
1804	0.013720334507524967	0.6831989288330078	0.6564144492149353
1805	0.013720122165977955	0.6831873655319214	0.6564202904701233
1806	0.013719908893108368	0.6831753849983215	0.6564263701438904
1807	0.01371969934552908	0.6831637024879456	0.6564320921897888
1808	0.013719484210014343	0.6831546425819397	0.6564366817474365
1809	0.013719269074499607	0.6831462383270264	0.6564409732818604
1810	0.013719060458242893	0.6831365823745728	0.6564458012580872
1811	0.013718840666115284	0.683124840259552	0.6564516425132751
1812	0.013718634843826294	0.6831143498420715	0.6564570069313049
1813	0.013718418776988983	0.6831035017967224	0.6564624905586243
1814	0.013718205504119396	0.6830933094024658	0.656467616558075
1815	0.013717998750507832	0.6830831170082092	0.6564726829528809
1816	0.013717783614993095	0.6830732822418213	0.656477689743042
1817	0.013717574067413807	0.6830634474754333	0.6564825177192688
1818	0.01371735893189907	0.6830533146858215	0.6564876437187195
1819	0.013717149384319782	0.6830440163612366	0.6564923524856567
1820	0.01371693890541792	0.6830340623855591	0.6564973592758179
1821	0.01371672935783863	0.6830240488052368	0.656502366065979
1822	0.013716512359678745	0.6830136179924011	0.656507670879364
1823	0.013716302812099457	0.6830044388771057	0.6565122604370117
1824	0.01371610164642334	0.6829957365989685	0.6565166115760803
1825	0.01371588185429573	0.6829860210418701	0.6565215587615967
1826	0.013715673238039017	0.6829739212989807	0.6565276384353638
1827	0.013715468347072601	0.6829633116722107	0.656532883644104
1828	0.013715250417590141	0.6829555630683899	0.656536877155304
1829	0.013715041801333427	0.6829463243484497	0.6565415263175964
1830	0.01371483039110899	0.6829349994659424	0.6565472483634949
1831	0.013714620843529701	0.6829245090484619	0.6565524935722351
1832	0.013714409433305264	0.6829152703285217	0.656557023525238
1833	0.013714202679693699	0.6829051971435547	0.6565621495246887
1834	0.013713984750211239	0.6828956007957458	0.6565669775009155
1835	0.013713780790567398	0.6828854084014893	0.6565721035003662
1836	0.013713564723730087	0.6828749179840088	0.6565774083137512
1837	0.01371336542069912	0.6828654408454895	0.6565821170806885
1838	0.013713151216506958	0.6828566193580627	0.6565865874290466
1839	0.013712944462895393	0.6828474402427673	0.6565912365913391
1840	0.013712732121348381	0.6828372478485107	0.6565963625907898
1841	0.013712527230381966	0.6828263401985168	0.6566017866134644
1842	0.013712314888834953	0.6828165054321289	0.6566066741943359
1843	0.013712108135223389	0.6828076243400574	0.6566112637519836
1844	0.013711901381611824	0.6827986240386963	0.6566157937049866
1845	0.013711690902709961	0.6827875971794128	0.6566213369369507
1846	0.013711479492485523	0.6827762722969055	0.6566270589828491
1847	0.013711272738873959	0.6827675700187683	0.656631350517273
1848	0.013711068779230118	0.6827580332756042	0.6566362380981445
1849	0.01371085550636053	0.6827476024627686	0.65664142370224
1850	0.01371064968407154	0.682738184928894	0.656646192073822
1851	0.013710441067814827	0.6827287673950195	0.656650960445404
1852	0.013710235245525837	0.6827171444892883	0.6566567420959473
1853	0.013710027560591698	0.6827074289321899	0.6566616892814636
1854	0.013709818944334984	0.6826997995376587	0.6566654443740845
1855	0.013709609396755695	0.6826906800270081	0.6566700339317322
1856	0.01370940450578928	0.6826790571212769	0.6566759347915649
1857	0.013709197752177715	0.6826688051223755	0.6566811203956604
1858	0.013708986341953278	0.6826611757278442	0.6566848754882812
1859	0.01370878517627716	0.6826517581939697	0.6566896438598633
1860	0.013708574697375298	0.6826403737068176	0.6566953659057617
1861	0.013708371669054031	0.6826300024986267	0.656700611114502
1862	0.013708164915442467	0.6826213002204895	0.6567049026489258
1863	0.013707958161830902	0.6826124787330627	0.6567093729972839
1864	0.013707749545574188	0.6826023459434509	0.6567145586013794
1865	0.013707545585930347	0.6825926303863525	0.6567193865776062
1866	0.01370733417570591	0.6825841069221497	0.65672367811203
1867	0.013707135803997517	0.6825734972953796	0.6567290425300598
1868	0.013706928119063377	0.6825631260871887	0.6567342877388
1869	0.013706721365451813	0.682555615901947	0.6567380428314209
1870	0.013706515543162823	0.6825472116470337	0.6567422747612
1871	0.013706310652196407	0.6825360059738159	0.6567477583885193
1872	0.013706104829907417	0.6825256943702698	0.6567530035972595
1873	0.013705889694392681	0.68251633644104	0.6567577719688416
1874	0.013705684803426266	0.682507336139679	0.6567623019218445
1875	0.013705486431717873	0.6824988126754761	0.6567665338516235
1876	0.013705283403396606	0.6824896931648254	0.6567711234092712
1877	0.013705075718462467	0.6824787259101868	0.6567767262458801
1878	0.01370487455278635	0.6824689507484436	0.6567816138267517
1879	0.013704667799174786	0.6824593544006348	0.6567864418029785
1880	0.01370446477085352	0.682449221611023	0.6567915081977844
1881	0.013704258017241955	0.6824410557746887	0.6567955613136292
1882	0.01370405126363039	0.6824313998222351	0.6568005084991455
1883	0.013703844510018826	0.6824203729629517	0.6568059325218201
1884	0.013703645206987858	0.6824122071266174	0.6568101644515991
1885	0.013703439384698868	0.6824034452438354	0.656814455986023
1886	0.013703237287700176	0.6823932528495789	0.6568196415901184
1887	0.013703031465411186	0.6823835372924805	0.65682452917099
1888	0.013702827505767345	0.6823727488517761	0.6568300127983093
1889	0.013702623546123505	0.6823632121086121	0.6568347811698914
1890	0.013702419586479664	0.6823559403419495	0.6568383574485779
1891	0.013702218420803547	0.6823469400405884	0.6568429470062256
1892	0.013702010735869408	0.6823357343673706	0.6568485498428345
1893	0.013701810501515865	0.6823261380195618	0.656853437423706
1894	0.013701606541872025	0.6823171973228455	0.6568579077720642
1895	0.013701402582228184	0.6823078393936157	0.6568625569343567
1896	0.013701200485229492	0.682297945022583	0.6568676233291626
1897	0.013700991868972778	0.6822873950004578	0.6568729281425476
1898	0.013700795359909534	0.6822774410247803	0.656877875328064
1899	0.013700592331588268	0.6822691559791565	0.6568819880485535
1900	0.013700393959879875	0.6822589635848999	0.6568871736526489
1901	0.013700190000236034	0.6822494864463806	0.656891942024231
1902	0.013699988834559917	0.6822411417961121	0.65689617395401
1903	0.0136997876688838	0.6822308301925659	0.6569013595581055
1904	0.013699584640562534	0.682220995426178	0.6569063067436218
1905	0.013699379749596119	0.6822125911712646	0.6569105386734009
1906	0.013699175789952278	0.6822019815444946	0.6569158434867859
1907	0.01369897834956646	0.6821914315223694	0.6569211483001709
1908	0.013698773458600044	0.6821830868721008	0.6569253206253052
1909	0.013698567636311054	0.6821746826171875	0.656929612159729
1910	0.013698368333280087	0.6821655035018921	0.6569342613220215
1911	0.01369816530495882	0.6821544170379639	0.656939685344696
1912	0.013697964139282703	0.6821433305740356	0.6569453477859497
1913	0.013697762973606586	0.6821362972259521	0.6569489240646362
1914	0.01369756180793047	0.6821288466453552	0.6569525003433228
1915	0.013697362504899502	0.6821174025535583	0.6569583415985107
1916	0.01369716040790081	0.6821069121360779	0.6569636464118958
1917	0.013696961104869843	0.6820987462997437	0.6569677591323853
1918	0.0136967608705163	0.6820896863937378	0.656972348690033
1919	0.013696551322937012	0.6820812225341797	0.656976580619812
1920	0.013696352951228619	0.6820728182792664	0.6569809317588806
1921	0.013696151785552502	0.6820619702339172	0.6569862365722656
1922	0.01369594968855381	0.6820522546768188	0.656991183757782
1923	0.013695754110813141	0.6820434331893921	0.6569955348968506
1924	0.013695552945137024	0.682034432888031	0.6570000052452087
1925	0.013695343397557735	0.6820259690284729	0.6570044159889221
1926	0.013695147819817066	0.6820158958435059	0.657009482383728
1927	0.013694943860173225	0.6820067167282104	0.6570141315460205
1928	0.013694743625819683	0.6819987297058105	0.6570180654525757
1929	0.013694537803530693	0.6819894313812256	0.6570227742195129
1930	0.013694342225790024	0.681979775428772	0.657027542591095
1931	0.013694138266146183	0.681969940662384	0.6570324897766113
1932	0.013693937100470066	0.6819598078727722	0.657037615776062
1933	0.013693738728761673	0.681951105594635	0.6570420861244202
1934	0.01369354035705328	0.6819424629211426	0.6570462584495544
1935	0.013693343847990036	0.6819332838058472	0.6570509672164917
1936	0.013693143613636494	0.6819226145744324	0.6570563316345215
1937	0.013692942447960377	0.6819130182266235	0.6570612192153931
1938	0.013692744076251984	0.6819050312042236	0.657065212726593
1939	0.013692542910575867	0.6818968057632446	0.6570693254470825
1940	0.013692344538867474	0.6818863749504089	0.6570745706558228
1941	0.013692144304513931	0.6818758249282837	0.6570799350738525
1942	0.01369195245206356	0.681865930557251	0.6570848226547241
1943	0.013691747561097145	0.681857168674469	0.6570892930030823
1944	0.013691550120711327	0.6818492412567139	0.6570931673049927
1945	0.01369134895503521	0.681840717792511	0.6570975184440613
1946	0.01369115523993969	0.6818311214447021	0.6571022868156433
1947	0.013690952211618423	0.6818209886550903	0.6571073532104492
1948	0.013690759427845478	0.6818110346794128	0.6571124792098999
1949	0.013690558262169361	0.6818031072616577	0.6571163535118103
1950	0.013690363615751266	0.6817952990531921	0.6571202874183655
1951	0.013690159656107426	0.6817861795425415	0.6571248769760132
1952	0.013689961284399033	0.6817764639854431	0.6571298241615295
1953	0.013689767569303513	0.6817671060562134	0.6571345329284668
1954	0.013689572922885418	0.6817589998245239	0.6571385264396667
1955	0.013689369894564152	0.6817505955696106	0.6571428179740906
1956	0.01368916779756546	0.681740403175354	0.6571478843688965
1957	0.013688975013792515	0.6817310452461243	0.6571527123451233
1958	0.013688776642084122	0.6817208528518677	0.6571577787399292
1959	0.013688580133020878	0.6817126870155334	0.6571618318557739
1960	0.013688384555280209	0.6817052364349365	0.6571655869483948
1961	0.013688188046216965	0.6816952228546143	0.6571706533432007
1962	0.013687989674508572	0.6816846132278442	0.6571760773658752
1963	0.013687793165445328	0.681675374507904	0.657180666923523
1964	0.013687597587704659	0.6816669702529907	0.6571849584579468
1965	0.013687396422028542	0.681659996509552	0.657188355922699
1966	0.013687202706933022	0.6816506385803223	0.6571931838989258
1967	0.013687008991837502	0.6816399097442627	0.6571985483169556
1968	0.013686809688806534	0.6816321611404419	0.6572023034095764
1969	0.013686612248420715	0.6816236972808838	0.6572067141532898
1970	0.013686425052583218	0.681614875793457	0.6572110652923584
1971	0.0136862238869071	0.6816052794456482	0.65721595287323
1972	0.013686029240489006	0.681596577167511	0.657220184803009
1973	0.01368583831936121	0.6815896034240723	0.6572238206863403
1974	0.013685639947652817	0.6815805435180664	0.6572283506393433
1975	0.013685441575944424	0.6815716028213501	0.6572328209877014
1976	0.013685249723494053	0.6815625429153442	0.6572374105453491
1977	0.013685059733688831	0.6815524697303772	0.657242476940155
1978	0.013684859499335289	0.6815454959869385	0.6572460532188416
1979	0.013684664852917194	0.6815381646156311	0.6572496294975281
1980	0.013684471137821674	0.6815288662910461	0.6572543978691101
1981	0.01368427649140358	0.6815187931060791	0.6572594046592712
1982	0.01368408091366291	0.681509792804718	0.6572639346122742
1983	0.013683888129889965	0.6815028190612793	0.6572673916816711
1984	0.01368369534611702	0.681494951248169	0.6572713851928711
1985	0.013683500699698925	0.681485652923584	0.6572760343551636
1986	0.013683308847248554	0.6814773678779602	0.6572802662849426
1987	0.013683113269507885	0.6814667582511902	0.6572856307029724
1988	0.013682921417057514	0.6814579367637634	0.6572901010513306
1989	0.013682722114026546	0.6814520359039307	0.6572930216789246
1990	0.013682532124221325	0.6814427971839905	0.6572975516319275
1991	0.01368233747780323	0.681431770324707	0.6573030948638916
1992	0.013682144694030285	0.6814233064651489	0.6573074460029602
1993	0.013681949116289616	0.681414008140564	0.6573120951652527
1994	0.013681763783097267	0.6814063191413879	0.6573160290718079
1995	0.01368156261742115	0.6813986301422119	0.6573197841644287
1996	0.013681371696293354	0.681389570236206	0.6573243737220764
1997	0.013681182637810707	0.6813790798187256	0.6573295593261719
1998	0.013680982403457165	0.681367814540863	0.6573354005813599
1999	0.013680794276297092	0.681360125541687	0.6573392152786255
2000	0.013680602423846722	0.6813542246818542	0.6573421955108643
2001	0.013680404983460903	0.6813451647758484	0.6573466658592224
2002	0.013680214062333107	0.6813371777534485	0.6573507785797119
2003	0.013680019415915012	0.681328296661377	0.6573552489280701
2004	0.01367982942610979	0.6813189387321472	0.6573598980903625
2005	0.013679631985723972	0.6813119649887085	0.6573634743690491
2006	0.0136794438585639	0.681304931640625	0.657366931438446
2007	0.013679252937436104	0.6812952160835266	0.6573718190193176
2008	0.013679057359695435	0.6812869310379028	0.6573759317398071
2009	0.013678861781954765	0.6812782287597656	0.6573803424835205
2010	0.013678672723472118	0.6812679767608643	0.6573854684829712
2011	0.013678477145731449	0.6812598705291748	0.6573896408081055
2012	0.013678284361958504	0.6812508702278137	0.6573942303657532
2013	0.013678102754056454	0.6812428832054138	0.6573981046676636
2014	0.01367790438234806	0.6812361478805542	0.6574015617370605
2015	0.01367771066725254	0.6812266707420349	0.6574063301086426
2016	0.013677522540092468	0.6812178492546082	0.657410740852356
2017	0.013677327893674374	0.6812095046043396	0.6574150323867798
2018	0.013677138835191727	0.6812012195587158	0.6574190855026245
2019	0.013676945120096207	0.6811944842338562	0.6574224829673767
2020	0.013676753267645836	0.6811842322349548	0.6574276685714722
2021	0.013676564209163189	0.6811758279800415	0.6574319005012512
2022	0.013676370494067669	0.6811689734458923	0.6574352979660034
2023	0.013676181435585022	0.6811597943305969	0.6574399471282959
2024	0.013675983995199203	0.681153416633606	0.6574432849884033
2025	0.013675795868039131	0.6811440587043762	0.657447874546051
2026	0.013675601221621037	0.6811348795890808	0.6574524641036987
2027	0.013675414025783539	0.6811285018920898	0.6574556827545166
2028	0.013675224035978317	0.6811198592185974	0.6574600338935852
2029	0.013675032183527946	0.6811114549636841	0.6574642658233643
2030	0.0136748431250453	0.6811028718948364	0.6574686169624329
2031	0.01367464754730463	0.6810914874076843	0.6574743390083313
2032	0.01367445569485426	0.6810849905014038	0.6574775576591492
2033	0.013674262911081314	0.6810782551765442	0.6574810147285461
2034	0.013674071058630943	0.6810680627822876	0.657486081123352
2035	0.013673885725438595	0.681058943271637	0.6574907302856445
2036	0.0136736910790205	0.6810481548309326	0.6574960947036743
2037	0.013673504814505577	0.6810410022735596	0.6574996709823608
2038	0.013673308305442333	0.6810349225997925	0.6575026512145996
2039	0.013673119246959686	0.6810253858566284	0.657507598400116
2040	0.013672926463186741	0.6810161471366882	0.6575122475624084
2041	0.013672737404704094	0.6810036897659302	0.6575185060501099
2042	0.013672547414898872	0.6809945106506348	0.6575231552124023
2043	0.013672363013029099	0.6809898614883423	0.6575254201889038
2044	0.013672169297933578	0.6809802055358887	0.6575303673744202
2045	0.013671981170773506	0.6809712648391724	0.6575347185134888
2046	0.013671794906258583	0.680961549282074	0.6575396060943604
2047	0.013671600259840488	0.6809534430503845	0.6575438380241394
2048	0.013671410270035267	0.6809468865394592	0.6575469374656677
2049	0.01367122121155262	0.6809374094009399	0.6575517654418945
2050	0.013671030290424824	0.6809294819831848	0.6575558185577393
