epoch	train_loss	test_loss	test_metric
0	1.3471949100494385	1.5183390378952026	0.23641657829284668
1	1.3045839071273804	1.4902795553207397	0.2505280077457428
2	1.2618523836135864	1.4613415002822876	0.26508110761642456
3	1.218902587890625	1.430891752243042	0.2803945541381836
4	1.1752625703811646	1.3978923559188843	0.2969900667667389
5	1.129960536956787	1.3609976768493652	0.3155447244644165
6	1.0814673900604248	1.3183358907699585	0.33699965476989746
7	1.0275437831878662	1.2679179906845093	0.36235517263412476
8	0.9655293822288513	1.208856463432312	0.3920576274394989
9	0.8938108086585999	1.1438955068588257	0.4247269034385681
10	0.8152730464935303	1.080758810043335	0.4564787745475769
11	0.7403002381324768	1.0271203517913818	0.4834539592266083
12	0.6804654002189636	0.9849053025245667	0.5046841502189636
13	0.6381195783615112	0.9527060389518738	0.5208774209022522
14	0.6082780361175537	0.930478036403656	0.5320559740066528
15	0.5850052237510681	0.9187041521072388	0.5379772782325745
16	0.5650589466094971	0.9144110679626465	0.5401362776756287
17	0.5485062003135681	0.9103797078132629	0.5421635508537292
18	0.5337353348731995	0.9018290638923645	0.5464638471603394
19	0.5176912546157837	0.889019250869751	0.5529059767723083
20	0.5001663565635681	0.8747581243515015	0.5600780844688416
21	0.4830191135406494	0.8614254593849182	0.56678307056427
22	0.46759888529777527	0.8495693802833557	0.5727455615997314
23	0.4538751542568207	0.8379257917404175	0.5786012411117554
24	0.44084519147872925	0.8250964879989624	0.5850532054901123
25	0.42761728167533875	0.8109451532363892	0.592170000076294
26	0.4143798053264618	0.7961282730102539	0.5996214747428894
27	0.4018074870109558	0.7810945510864258	0.6071820855140686
28	0.3899306654930115	0.7660049796104431	0.6147707104682922
29	0.3782725930213928	0.751373827457428	0.6221287846565247
30	0.36678996682167053	0.73786860704422	0.6289206743240356
31	0.35606706142425537	0.725507378578186	0.6351372599601746
32	0.34629079699516296	0.7136647701263428	0.641092836856842
33	0.336911141872406	0.7025970220565796	0.6466590166091919
34	0.32767319679260254	0.693642258644104	0.6511625051498413
35	0.3187863826751709	0.6873121857643127	0.6543458104133606
36	0.3101659119129181	0.6827428340911865	0.656643807888031
37	0.3017168939113617	0.678375780582428	0.658840000629425
38	0.29351070523262024	0.6730363965034485	0.6615252494812012
39	0.28544744849205017	0.6672394871711731	0.6644405722618103
40	0.27760958671569824	0.6625473499298096	0.6668002009391785
41	0.2702426612377167	0.6596252918243408	0.6682698130607605
42	0.26321348547935486	0.6577355265617371	0.6692202091217041
43	0.2564143240451813	0.6555033922195435	0.670342743396759
44	0.25000131130218506	0.6524099111557007	0.6718984246253967
45	0.2439463585615158	0.6496453285217285	0.6732888221740723
46	0.2381349802017212	0.6487415432929993	0.6737432479858398
47	0.23253746330738068	0.6494025588035583	0.6734108328819275
48	0.22725079953670502	0.6493225693702698	0.6734511256217957
49	0.22227944433689117	0.6467800736427307	0.6747297048568726
50	0.21741825342178345	0.6431747674942017	0.6765428781509399
51	0.212734192609787	0.6411903500556946	0.6775408387184143
52	0.20829278230667114	0.6413065195083618	0.6774824261665344
53	0.2040317952632904	0.6415399312973022	0.6773650646209717
54	0.19991417229175568	0.6403277516365051	0.6779747009277344
55	0.19588589668273926	0.6386426687240601	0.6788221001625061
56	0.19204695522785187	0.6382233500480652	0.6790329813957214
57	0.1883331686258316	0.6386945247650146	0.6787960529327393
58	0.18475273251533508	0.63785719871521	0.6792171001434326
59	0.18133504688739777	0.6350736021995544	0.6806169152259827
60	0.17800408601760864	0.6326771974563599	0.6818222403526306
61	0.1748199462890625	0.6326281428337097	0.6818467974662781
62	0.17174191772937775	0.6338379383087158	0.6812384128570557
63	0.16878311336040497	0.6338045001029968	0.6812553405761719
64	0.16592349112033844	0.6322943568229675	0.6820147633552551
65	0.16317220032215118	0.631110668182373	0.682610034942627
66	0.16051584482192993	0.6309375166893005	0.6826971173286438
67	0.15794877707958221	0.6306753754615784	0.6828289031982422
68	0.15548796951770782	0.6300453543663025	0.6831457614898682
69	0.15309298038482666	0.6303614377975464	0.6829867959022522
70	0.15079206228256226	0.631679117679596	0.6823241114616394
71	0.14856775104999542	0.6322102546691895	0.6820570826530457
72	0.1464146375656128	0.6314151883125305	0.6824567914009094
73	0.1443343311548233	0.6311085224151611	0.6826111674308777
74	0.14233441650867462	0.6323707103729248	0.681976318359375
75	0.14038752019405365	0.6338213086128235	0.6812467575073242
76	0.1385074406862259	0.6341525912284851	0.6810802221298218
77	0.13668100535869598	0.6341919302940369	0.6810604333877563
78	0.1349053829908371	0.6347468495368958	0.6807814240455627
79	0.1331838220357895	0.6352335214614868	0.6805365681648254
80	0.13150571286678314	0.6354326009750366	0.6804365515708923
81	0.12987147271633148	0.6360316872596741	0.680135190486908
82	0.12828212976455688	0.6366891860961914	0.6798046231269836
83	0.12673082947731018	0.6365980505943298	0.6798503398895264
84	0.1252138614654541	0.636359691619873	0.6799702048301697
85	0.12372811883687973	0.6369155645370483	0.6796905994415283
86	0.12226298451423645	0.6375824809074402	0.679355263710022
87	0.12082163244485855	0.6375260949134827	0.6793836355209351
88	0.11939017474651337	0.6374099254608154	0.6794420480728149
89	0.11796712875366211	0.6377216577529907	0.6792852282524109
90	0.11654572188854218	0.6378964185714722	0.6791974306106567
91	0.11511993408203125	0.6379815936088562	0.6791545748710632
92	0.11368664354085922	0.6383122801780701	0.6789883375167847
93	0.11223835498094559	0.6384137868881226	0.6789371371269226
94	0.11077383160591125	0.6384111046791077	0.6789385676383972
95	0.10928615927696228	0.6389089822769165	0.678688108921051
96	0.10777769982814789	0.6392895579338074	0.6784968972206116
97	0.10625104606151581	0.6390559077262878	0.6786143183708191
98	0.10471611469984055	0.6389777660369873	0.6786536574363708
99	0.10318762809038162	0.6391246318817139	0.6785796880722046
100	0.10168465971946716	0.6388693451881409	0.6787081360816956
101	0.10022561997175217	0.6385908126831055	0.6788482069969177
102	0.09882527589797974	0.6382079124450684	0.679040789604187
103	0.09748870134353638	0.6374093890190125	0.6794423460960388
104	0.09620391577482224	0.6370410919189453	0.6796274781227112
105	0.09495145082473755	0.63698410987854	0.6796562075614929
106	0.09371563047170639	0.6366707682609558	0.679813802242279
107	0.09248484671115875	0.6366245150566101	0.6798370480537415
108	0.09125562757253647	0.6367452144622803	0.6797764301300049
109	0.09002359211444855	0.6366801261901855	0.6798090934753418
110	0.08878498524427414	0.6369649171829224	0.6796658635139465
111	0.08754877001047134	0.6372760534286499	0.6795094013214111
112	0.08633878082036972	0.637574315071106	0.6793594360351562
113	0.08518051356077194	0.6382701992988586	0.6790093779563904
114	0.0840863585472107	0.6387499570846558	0.6787680983543396
115	0.0830504447221756	0.6392655372619629	0.6785088181495667
116	0.08206256479024887	0.6398743987083435	0.6782026886940002
117	0.0811205729842186	0.640109121799469	0.6780847311019897
118	0.08021800220012665	0.6403092741966248	0.6779839396476746
119	0.07934354245662689	0.6400953531265259	0.6780915260314941
120	0.07847606390714645	0.6399427652359009	0.6781683564186096
121	0.07759573310613632	0.6396535634994507	0.678313672542572
122	0.0766846314072609	0.6393960118293762	0.6784432530403137
123	0.07572876662015915	0.6393516063690186	0.6784655451774597
124	0.07470981031656265	0.639412522315979	0.6784350275993347
125	0.07361914962530136	0.6395419836044312	0.6783698201179504
126	0.0725238025188446	0.6391085386276245	0.6785878539085388
127	0.07158946245908737	0.6389040946960449	0.6786906719207764
128	0.07076200097799301	0.6374829411506653	0.6794053316116333
129	0.0700354054570198	0.6397095918655396	0.6782855987548828
130	0.06931907683610916	0.6369963884353638	0.679650068283081
131	0.06858769059181213	0.6391264200210571	0.6785788536071777
132	0.06803328543901443	0.6334864497184753	0.6814152002334595
133	0.06763849407434464	0.6471845507621765	0.6745263338088989
134	0.0677642896771431	0.624927818775177	0.6857194304466248
135	0.06893198937177658	0.6518763899803162	0.6721667647361755
136	0.06816085427999496	0.6314440369606018	0.682442307472229
137	0.06615372747182846	0.6372467279434204	0.6795241832733154
138	0.06453459709882736	0.6473473906517029	0.6744444966316223
139	0.06561155617237091	0.6288704872131348	0.6837365627288818
140	0.0654926672577858	0.6413957476615906	0.6774376034736633
141	0.06326039880514145	0.6472050547599792	0.6745160222053528
142	0.06420345604419708	0.628409743309021	0.6839683055877686
143	0.06430927664041519	0.6421478390693665	0.6770592927932739
144	0.06207139790058136	0.6518770456314087	0.6721664071083069
145	0.06338310241699219	0.6297627687454224	0.6832877993583679
146	0.06299634277820587	0.6391500234603882	0.6785670518875122
147	0.06102235987782478	0.6538830399513245	0.6711577773094177
148	0.06277783215045929	0.6320520639419556	0.682136595249176
149	0.06153123825788498	0.6359797716140747	0.6801612377166748
150	0.0603625662624836	0.6536495685577393	0.6712750196456909
151	0.06175319850444794	0.636892557144165	0.6797023415565491
152	0.05978301912546158	0.634702742099762	0.6808034181594849
153	0.059840019792318344	0.6504072546958923	0.6729055643081665
154	0.059990886598825455	0.642182469367981	0.6770419478416443
155	0.05850731208920479	0.6345531940460205	0.6808786988258362
156	0.05904320999979973	0.6449559330940247	0.6756471991539001
157	0.058255694806575775	0.6456661224365234	0.6752899885177612
158	0.057812683284282684	0.6361891031265259	0.6800559759140015
159	0.057970453053712845	0.6418641805648804	0.677202045917511
160	0.05707456171512604	0.6475114822387695	0.6743618845939636
161	0.05722353979945183	0.6390580534934998	0.6786131858825684
162	0.056883297860622406	0.6417628526687622	0.6772529482841492
163	0.05622364208102226	0.6475503444671631	0.6743423342704773
164	0.056452974677085876	0.6397207379341125	0.6782799959182739
165	0.05582358315587044	0.6415420770645142	0.677363932132721
166	0.055390145629644394	0.6482225060462952	0.674004316329956
167	0.05547177046537399	0.6403538584709167	0.6779614686965942
168	0.054838553071022034	0.6429470777511597	0.676657497882843
169	0.054505523294210434	0.6492137908935547	0.6735059022903442
170	0.054475776851177216	0.6413654685020447	0.6774527430534363
171	0.05394970625638962	0.6439039707183838	0.6761761903762817
172	0.05365714430809021	0.6496254801750183	0.673298716545105
173	0.05360347405076027	0.6428149938583374	0.6767237782478333
174	0.05321107804775238	0.6453759074211121	0.6754359602928162
175	0.05289030075073242	0.6510767340660095	0.6725690364837646
176	0.052849266678094864	0.6429328322410583	0.6766645908355713
177	0.052556462585926056	0.6477582454681396	0.6742377877235413
178	0.05218129605054855	0.6513620615005493	0.6724254488945007
179	0.052119139581918716	0.644041895866394	0.6761068105697632
180	0.05192475765943527	0.649262547492981	0.6734813451766968
181	0.0515107661485672	0.6521899104118347	0.6720091104507446
182	0.05135488510131836	0.6444571614265442	0.6758979558944702
183	0.051242608577013016	0.6523566246032715	0.6719253063201904
184	0.050868965685367584	0.6507902145385742	0.672713041305542
185	0.05057772621512413	0.6485675573348999	0.6738307476043701
186	0.050457604229450226	0.6530962586402893	0.6715532541275024
187	0.050285227596759796	0.6532555818557739	0.6714731454849243
188	0.05016836151480675	0.6504241824150085	0.6728971004486084
189	0.05017907917499542	0.660704493522644	0.6677271723747253
190	0.0507684163749218	0.650855541229248	0.672680139541626
191	0.05107853189110756	0.6630617380142212	0.6665415167808533
192	0.050829704850912094	0.6571791768074036	0.6694999933242798
193	0.048765309154987335	0.6551902294158936	0.6705002188682556
194	0.04790271818637848	0.6637749075889587	0.6661829948425293
195	0.04848139360547066	0.6572554707527161	0.6694615483283997
196	0.04876670241355896	0.6662129163742065	0.66495680809021
197	0.04803508147597313	0.666443943977356	0.6648406386375427
198	0.04730009660124779	0.6573376655578613	0.6694201827049255
199	0.04759044945240021	0.6713624596595764	0.6623671054840088
200	0.047330453991889954	0.667441189289093	0.6643391251564026
201	0.046719055622816086	0.66179358959198	0.6671793460845947
202	0.04664855822920799	0.6728417873382568	0.6616230607032776
203	0.04654770717024803	0.6638490557670593	0.6661456823348999
204	0.046067558228969574	0.6693437695503235	0.6633822917938232
205	0.04567617550492287	0.6758597493171692	0.6601053476333618
206	0.04572901874780655	0.663783073425293	0.666178822517395
207	0.04575343802571297	0.6744751334190369	0.6608017086982727
208	0.04507288709282875	0.6744938492774963	0.6607922315597534
209	0.04474111273884773	0.6673476099967957	0.6643861532211304
210	0.04486074671149254	0.6770671010017395	0.6594982743263245
211	0.04464225843548775	0.6710659265518188	0.6625162363052368
212	0.04410843923687935	0.6744197607040405	0.6608296632766724
213	0.043728042393922806	0.6786315441131592	0.6587114334106445
214	0.04369776323437691	0.6702094078063965	0.6629469394683838
215	0.04361552372574806	0.6795411109924316	0.6582540273666382
216	0.04314063489437103	0.6778358817100525	0.659111499786377
217	0.04270407557487488	0.675223171710968	0.6604254841804504
218	0.04248906672000885	0.6813085675239563	0.6573651432991028
219	0.04232140630483627	0.6767679452896118	0.6596485376358032
220	0.0420556478202343	0.6819269061088562	0.6570542454719543
221	0.04163084924221039	0.6801266670227051	0.657959520816803
222	0.041289787739515305	0.6800532341003418	0.6579964756965637
223	0.04100619629025459	0.6842770576477051	0.6558723449707031
224	0.04073305428028107	0.6808663010597229	0.6575875878334045
225	0.040368061512708664	0.6856577396392822	0.655177891254425
226	0.04000482335686684	0.6833263039588928	0.6563503742218018
227	0.039690423756837845	0.6861761212348938	0.6549171805381775
228	0.039437148720026016	0.6867762207984924	0.6546154618263245
229	0.03921392932534218	0.6868484020233154	0.6545791029930115
230	0.03896821662783623	0.689561665058136	0.6532145738601685
231	0.03870038688182831	0.6886036992073059	0.6536963582038879
232	0.03838718309998512	0.6908915638923645	0.6525457501411438
233	0.03808511421084404	0.6919242739677429	0.6520264148712158
234	0.03779224306344986	0.6904444098472595	0.6527706980705261
235	0.03754907101392746	0.6961668729782104	0.6498927474021912
236	0.03734762594103813	0.689980149269104	0.6530041098594666
237	0.03726745769381523	0.7006194591522217	0.6476534605026245
238	0.037316884845495224	0.6880140900611877	0.6539928317070007
239	0.037938013672828674	0.7067357301712036	0.64457768201828
240	0.03840401768684387	0.6864256858825684	0.6547916531562805
241	0.04008927568793297	0.7075167894363403	0.6441848278045654
242	0.03825051710009575	0.6942927241325378	0.6508352160453796
243	0.03648003190755844	0.696462869644165	0.6497437953948975
244	0.035476524382829666	0.7049341797828674	0.6454836130142212
245	0.03629305586218834	0.6903321146965027	0.6528271436691284
246	0.03729655221104622	0.7076777815818787	0.6441038250923157
247	0.035816874355077744	0.6990695595741272	0.6484329700469971
248	0.03472175449132919	0.6958233118057251	0.650065541267395
249	0.035205814987421036	0.7102200388908386	0.6428253650665283
250	0.03575120121240616	0.6938193440437317	0.6510733962059021
251	0.03530603647232056	0.702968180179596	0.6464723348617554
252	0.034168969839811325	0.7061275243759155	0.6448835134506226
253	0.034436244517564774	0.6929879188537598	0.6514915227890015
254	0.03513263911008835	0.7076326608657837	0.6441265344619751
255	0.0344146266579628	0.7005361318588257	0.6476954221725464
256	0.03361372649669647	0.6978899836540222	0.6490262150764465
257	0.03385069966316223	0.706851065158844	0.6445196866989136
258	0.03405461832880974	0.6977071166038513	0.649118185043335
259	0.03367428854107857	0.7017849683761597	0.6470673680305481
260	0.033009596168994904	0.7027503848075867	0.6465818881988525
261	0.033178869634866714	0.697817862033844	0.6490625143051147
262	0.033386923372745514	0.7043781280517578	0.6457631587982178
263	0.032943516969680786	0.6985822916030884	0.6486780047416687
264	0.03239141404628754	0.6995083093643188	0.6482123732566833
265	0.032498642802238464	0.7016423940658569	0.6471390724182129
266	0.0325622521340847	0.6985284090042114	0.6487051248550415
267	0.032403841614723206	0.6996631622314453	0.6481344699859619
268	0.03206956014037132	0.7037420272827148	0.6460831761360168
269	0.03259100019931793	0.6942675709724426	0.6508480310440063
270	0.03320175036787987	0.7101453542709351	0.6428629159927368
271	0.034523360431194305	0.697597086429596	0.6491734981536865
272	0.03271322324872017	0.6994830965995789	0.6482250690460205
273	0.03184686228632927	0.70332932472229	0.6462907195091248
274	0.031162971630692482	0.6950517892837524	0.6504536271095276
275	0.031156346201896667	0.7022891640663147	0.6468137502670288
276	0.03109440766274929	0.6952902674674988	0.6503337025642395
277	0.03070402331650257	0.6966407299041748	0.6496545672416687
278	0.030626991763710976	0.7012121677398682	0.6473554372787476
279	0.02997923083603382	0.6908213496208191	0.6525810956954956
280	0.029012974351644516	0.6999333500862122	0.647998571395874
281	0.02929617650806904	0.698615550994873	0.6486612558364868
282	0.0295014176517725	0.6955548524856567	0.6502004861831665
283	0.02942831628024578	0.6997159719467163	0.6481078863143921
284	0.029611874371767044	0.7013731598854065	0.6472744941711426
285	0.030113117769360542	0.686215341091156	0.6548975110054016
286	0.03056478686630726	0.7086479663848877	0.6436160206794739
287	0.028866251930594444	0.6925002336502075	0.6517367959022522
288	0.02884381264448166	0.6943947672843933	0.650783896446228
289	0.0294722318649292	0.7009397149085999	0.647492527961731
290	0.028008969500660896	0.6979475617408752	0.6489973068237305
291	0.027813417837023735	0.6991233229637146	0.6484060287475586
292	0.02861926704645157	0.6953170895576477	0.6503201723098755
293	0.027823546901345253	0.7058733105659485	0.6450114846229553
294	0.02777390368282795	0.6969934105873108	0.6494770646095276
295	0.02822844125330448	0.6994625926017761	0.6482353806495667
296	0.027004804462194443	0.7023126482963562	0.6468021273612976
297	0.027386460453271866	0.6959981918334961	0.6499776244163513
298	0.028287341818213463	0.7029364109039307	0.6464883089065552
299	0.026788948103785515	0.6962395906448364	0.6498563289642334
300	0.027250146493315697	0.7001811861991882	0.6478739976882935
301	0.02740824595093727	0.6998932361602783	0.6480187177658081
302	0.026271598413586617	0.6985596418380737	0.648689329624176
303	0.02700682170689106	0.7000285387039185	0.6479507088661194
304	0.026905817911028862	0.6986026763916016	0.6486678123474121
305	0.026165448129177094	0.7017300128936768	0.6470950841903687
306	0.026687750592827797	0.6975189447402954	0.6492127776145935
307	0.02644716389477253	0.697767436504364	0.6490877866744995
308	0.026048896834254265	0.7024073600769043	0.6467543244361877
309	0.026587286964058876	0.6970661878585815	0.6494405269622803
310	0.02605520933866501	0.6966953873634338	0.6496270895004272
311	0.025937212631106377	0.7022838592529297	0.6468164920806885
312	0.02631535194814205	0.6969117522239685	0.6495181322097778
313	0.025680337101221085	0.6978552937507629	0.6490436792373657
314	0.0257092397660017	0.7013494372367859	0.6472865343093872
315	0.025921575725078583	0.6970430612564087	0.6494521498680115
316	0.025417931377887726	0.6965401768684387	0.6497050523757935
317	0.025481637567281723	0.7016089558601379	0.6471559405326843
318	0.02555723674595356	0.6964455246925354	0.649752676486969
319	0.02518686279654503	0.6969810128211975	0.649483323097229
320	0.025254743173718452	0.7002731561660767	0.6478277444839478
321	0.025188615545630455	0.6950356364250183	0.6504616141319275
322	0.024975886568427086	0.6991738080978394	0.6483805775642395
323	0.025100553408265114	0.6963937282562256	0.6497787833213806
324	0.02508610673248768	0.6996629238128662	0.6481346487998962
325	0.025081396102905273	0.6930591464042664	0.6514557600021362
326	0.025480816140770912	0.701754093170166	0.6470829248428345
327	0.025596821680665016	0.6926451325416565	0.6516639590263367
328	0.025740502402186394	0.7003536820411682	0.6477872133255005
329	0.025444895029067993	0.6915370225906372	0.652221143245697
330	0.024897949770092964	0.6980985403060913	0.6489214301109314
331	0.024398427456617355	0.6930797100067139	0.6514453887939453
332	0.024198688566684723	0.6942250728607178	0.6508694291114807
333	0.0241880901157856	0.6973755955696106	0.649284839630127
334	0.02440541796386242	0.6904919147491455	0.6527467966079712
335	0.024607999250292778	0.6990029215812683	0.6484665274620056
336	0.02456776052713394	0.692584753036499	0.6516942977905273
337	0.02425485849380493	0.6958574056625366	0.6500484347343445
338	0.02391255833208561	0.6933843493461609	0.6512922048568726
339	0.02367999777197838	0.6934524774551392	0.6512578129768372
340	0.023656709119677544	0.6945936679840088	0.6506839990615845
341	0.02379288338124752	0.6926158666610718	0.6516786813735962
342	0.023936690762639046	0.696937620639801	0.6495051383972168
343	0.02404959313571453	0.6937434077262878	0.6511116027832031
344	0.023954087868332863	0.6951578855514526	0.6504002213478088
345	0.02365887351334095	0.6950704455375671	0.6504442095756531
346	0.023377615958452225	0.693353533744812	0.6513076424598694
347	0.02329629473388195	0.6955370903015137	0.6502094864845276
348	0.023378079757094383	0.6929363012313843	0.651517391204834
349	0.023510398343205452	0.6984459161758423	0.6487466096878052
350	0.023568229749798775	0.6909710764884949	0.6525058150291443
351	0.023527055978775024	0.7002632021903992	0.6478327512741089
352	0.023398632183670998	0.6907207369804382	0.6526317000389099
353	0.023364711552858353	0.6997184753417969	0.6481066346168518
354	0.023545293137431145	0.6895922422409058	0.6531991958618164
355	0.0239199697971344	0.7042683959007263	0.6458184719085693
356	0.024454014375805855	0.6874551177024841	0.6542739868164062
357	0.02537231706082821	0.7060267329216003	0.6449341177940369
358	0.025514094159007072	0.6899204254150391	0.6530342102050781
359	0.026207124814391136	0.7007801532745361	0.6475726962089539
360	0.02387954108417034	0.6952514052391052	0.6503533124923706
361	0.022821178659796715	0.6926734447479248	0.6516497135162354
362	0.023425821214914322	0.7020894885063171	0.6469143033027649
363	0.024232473224401474	0.6897042393684387	0.6531429290771484
364	0.024355275556445122	0.701904833316803	0.6470071077346802
365	0.023242034018039703	0.6950098872184753	0.6504746675491333
366	0.023128338158130646	0.6987417340278625	0.6485978364944458
367	0.02393827959895134	0.6958999633789062	0.6500269770622253
368	0.023369507864117622	0.6973492503166199	0.6492981910705566
369	0.02261471375823021	0.6974757313728333	0.6492345929145813
370	0.02263673022389412	0.6977762579917908	0.6490833759307861
371	0.02301880344748497	0.7007261514663696	0.6475998759269714
372	0.02298838272690773	0.6947061419487	0.6506273746490479
373	0.02254432439804077	0.7011294960975647	0.647396981716156
374	0.022650811821222305	0.6952531337738037	0.6503523588180542
375	0.023017317056655884	0.7007378935813904	0.6475940346717834
376	0.022673767060041428	0.6967501640319824	0.6495994329452515
377	0.02233095094561577	0.6994706392288208	0.6482313275337219
378	0.02244339883327484	0.6974489092826843	0.6492480635643005
379	0.022531166672706604	0.6980320811271667	0.6489546895027161
380	0.022352267056703568	0.6984778642654419	0.6487306356430054
381	0.02218686416745186	0.6956015229225159	0.6501771211624146
382	0.022313833236694336	0.7002097964286804	0.6478595733642578
383	0.02244367077946663	0.6954752802848816	0.6502405405044556
384	0.022291487082839012	0.6994860172271729	0.6482236385345459
385	0.02216455712914467	0.6955270767211914	0.6502145528793335
386	0.022242775186896324	0.6994386911392212	0.6482473015785217
387	0.022261638194322586	0.6960477232933044	0.6499526500701904
388	0.022117413580417633	0.697799563407898	0.6490716338157654
389	0.02201215922832489	0.6964166164398193	0.6497671604156494
390	0.02204272709786892	0.6974721550941467	0.6492363810539246
391	0.022080067545175552	0.696799635887146	0.6495746374130249
392	0.021999487653374672	0.6962091326713562	0.6498714685440063
393	0.021918902173638344	0.6982206106185913	0.648859977722168
394	0.02193082869052887	0.6956557035446167	0.6501498222351074
395	0.021967792883515358	0.6980096697807312	0.6489660739898682
396	0.02194601111114025	0.6948554515838623	0.6505523324012756
397	0.02188527211546898	0.6980944275856018	0.648923397064209
398	0.021863117814064026	0.6949777603149414	0.6504908204078674
399	0.021879779174923897	0.6981654763221741	0.6488876938819885
400	0.0218922458589077	0.6942076683044434	0.6508780717849731
401	0.0218829195946455	0.6987011432647705	0.6486182808876038
402	0.021853184327483177	0.693010151386261	0.6514803171157837
403	0.02186773344874382	0.6992436647415161	0.6483454704284668
404	0.021901007741689682	0.6921103596687317	0.6519328355789185
405	0.021940190345048904	0.6999545693397522	0.647987961769104
406	0.02195892482995987	0.6914685368537903	0.6522557139396667
407	0.021976852789521217	0.7002186179161072	0.6478551030158997
408	0.021983932703733444	0.6908875107765198	0.6525478363037109
409	0.022031638771295547	0.6998322606086731	0.6480494141578674
410	0.022010672837495804	0.6907415986061096	0.6526211500167847
411	0.022021640092134476	0.6991285085678101	0.6484033465385437
412	0.021886220201849937	0.691336452960968	0.652321994304657
413	0.021767443045973778	0.6972731351852417	0.6493365168571472
414	0.02162320725619793	0.6928678750991821	0.6515518426895142
415	0.021526670083403587	0.6950415372848511	0.6504587531089783
416	0.021471960470080376	0.6945988535881042	0.6506813168525696
417	0.021456511691212654	0.6931523680686951	0.651408851146698
418	0.021469898521900177	0.696279764175415	0.6498359441757202
419	0.021492527797818184	0.6913728713989258	0.6523036956787109
420	0.021525951102375984	0.6972032785415649	0.6493715643882751
421	0.02154327556490898	0.6905649900436401	0.6527100205421448
422	0.02156892977654934	0.6977935433387756	0.6490747332572937
423	0.02156219631433487	0.6902502775192261	0.6528683304786682
424	0.021563366055488586	0.6975899934768677	0.6491771340370178
425	0.02152479626238346	0.6906227469444275	0.6526809334754944
426	0.021498987451195717	0.6965819597244263	0.6496840715408325
427	0.021446913480758667	0.6912389993667603	0.6523710489273071
428	0.021426726132631302	0.695647120475769	0.650154173374176
429	0.021402671933174133	0.6920740008354187	0.651951253414154
430	0.021427780389785767	0.6947080492973328	0.6506264805793762
431	0.021450484171509743	0.6927756071090698	0.651598334312439
432	0.021555431187152863	0.6941367387771606	0.6509137749671936
433	0.021621383726596832	0.6932517886161804	0.6513587832450867
434	0.0218222513794899	0.6943161487579346	0.6508235931396484
435	0.0218521598726511	0.6930901408195496	0.6514401435852051
436	0.02203492261469364	0.6951672434806824	0.6503955721855164
437	0.02186805009841919	0.6918984055519104	0.6520394682884216
438	0.021794427186250687	0.6962149739265442	0.6498686075210571
439	0.021524444222450256	0.6901847124099731	0.652901291847229
440	0.02136680856347084	0.6973494291305542	0.6492981910705566
441	0.021304119378328323	0.6890502572059631	0.653471827507019
442	0.021389728412032127	0.6984988451004028	0.6487201452255249
443	0.021491417661309242	0.6889766454696655	0.6535089015960693
444	0.021530019119381905	0.6983936429023743	0.6487730145454407
445	0.0214373879134655	0.6901604533195496	0.6529134511947632
446	0.021224847063422203	0.6958223581314087	0.6500661373138428
447	0.02102825418114662	0.6922752857208252	0.6518498063087463
448	0.0209533479064703	0.6936540603637695	0.6511565446853638
449	0.021025292575359344	0.6935595870018005	0.6512039303779602
450	0.02125304751098156	0.6938925981521606	0.6510365605354309
451	0.021437911316752434	0.6927857995033264	0.6515931487083435
452	0.021705055609345436	0.6954967379570007	0.650229811668396
453	0.02162090316414833	0.6890878677368164	0.6534528732299805
454	0.021797997877001762	0.6983059644699097	0.6488170623779297
455	0.02167997881770134	0.6849385499954224	0.6555396914482117
456	0.021994540467858315	0.7007244825363159	0.6476005911827087
457	0.021995924413204193	0.6846249103546143	0.6556972861289978
458	0.02204362116754055	0.6980696320533752	0.6489360332489014
459	0.021651869639754295	0.6892456412315369	0.6533734798431396
460	0.021303381770849228	0.6919090151786804	0.6520340442657471
461	0.021233422681689262	0.6958474516868591	0.6500534415245056
462	0.021554050967097282	0.6882277131080627	0.6538854241371155
463	0.021564248949289322	0.6973891258239746	0.6492781043052673
464	0.021393226459622383	0.6893274784088135	0.6533323526382446
465	0.020862583070993423	0.6927575469017029	0.6516072750091553
466	0.020627858117222786	0.6948761940002441	0.6505418419837952
467	0.02072768658399582	0.6884775161743164	0.6537598371505737
468	0.020892281085252762	0.6968550086021423	0.6495466828346252
469	0.020928634330630302	0.6899234652519226	0.6530325412750244
470	0.02082875370979309	0.6936150789260864	0.6511762142181396
471	0.02073197066783905	0.6941043138504028	0.6509300470352173
472	0.02069363184273243	0.6897697448730469	0.6531100273132324
473	0.020673304796218872	0.6956072449684143	0.6501742005348206
474	0.020641406998038292	0.6896544694900513	0.6531678438186646
475	0.02062920667231083	0.6946077942848206	0.650676965713501
476	0.020622743293642998	0.6912160515785217	0.6523826122283936
477	0.020688284188508987	0.6934018731117249	0.6512832641601562
478	0.020785966888070107	0.6909767985343933	0.6525029540061951
479	0.02110055834054947	0.6945743560791016	0.6506937146186829
480	0.02131287381052971	0.6891321539878845	0.6534306406974792
481	0.02189529314637184	0.6975701451301575	0.6491870880126953
482	0.02196473628282547	0.686477780342102	0.6547654867172241
483	0.022595014423131943	0.6982653141021729	0.6488374471664429
484	0.022203275933861732	0.6883960962295532	0.6538007855415344
485	0.021814920008182526	0.6937958002090454	0.6510851979255676
486	0.020958783105015755	0.6935761570930481	0.6511957049369812
487	0.020525651052594185	0.6877568960189819	0.6541221737861633
488	0.020738782361149788	0.6968120336532593	0.6495682597160339
489	0.021000836044549942	0.6877884268760681	0.6541063785552979
490	0.021128788590431213	0.6943309903144836	0.650816023349762
491	0.020798545330762863	0.6920534372329712	0.6519614458084106
492	0.020508557558059692	0.6889105439186096	0.6535421013832092
493	0.02045801654458046	0.6953409910202026	0.6503081917762756
494	0.02049775794148445	0.6880976557731628	0.6539508700370789
495	0.02061501517891884	0.695522129535675	0.6502170562744141
496	0.020582666620612144	0.6908456087112427	0.6525689363479614
497	0.020442379638552666	0.6912538409233093	0.6523635387420654
498	0.020215345546603203	0.6937512755393982	0.6511076092720032
499	0.020128346979618073	0.6885634064674377	0.6537166833877563
500	0.020215921103954315	0.6949321627616882	0.650513768196106
501	0.020299101248383522	0.6895977258682251	0.6531964540481567
502	0.020217478275299072	0.6926857829093933	0.6516435146331787
503	0.020038891583681107	0.6921524405479431	0.651911735534668
504	0.02000361867249012	0.6899628043174744	0.6530128717422485
505	0.0200791098177433	0.6935191750526428	0.6512243747711182
506	0.02011963725090027	0.6895177364349365	0.6532366275787354
507	0.019991645589470863	0.692669689655304	0.6516515612602234
508	0.019854260608553886	0.6910918951034546	0.6524451375007629
509	0.019817538559436798	0.6910327076911926	0.6524748802185059
510	0.019836189225316048	0.6924670934677124	0.6517533659934998
511	0.01981275901198387	0.6898446083068848	0.6530722975730896
512	0.01975160464644432	0.692598819732666	0.6516872048377991
513	0.01972428523004055	0.6905468702316284	0.6527191400527954
514	0.019737277179956436	0.691865861415863	0.6520557403564453
515	0.019740333780646324	0.6918884515762329	0.652044415473938
516	0.0197141095995903	0.6906238198280334	0.6526803970336914
517	0.019707605242729187	0.6925960779190063	0.6516885757446289
518	0.019746487960219383	0.6902482509613037	0.6528692245483398
519	0.019879940897226334	0.6930329203605652	0.6514688730239868
520	0.019992468878626823	0.6902117133140564	0.652887761592865
521	0.02031923457980156	0.693203866481781	0.6513829827308655
522	0.020503399893641472	0.6905661225318909	0.6527093052864075
523	0.021221742033958435	0.6932669281959534	0.6513512134552002
524	0.021186351776123047	0.690757691860199	0.6526132822036743
525	0.021432721987366676	0.6924752593040466	0.6517492532730103
526	0.020558500662446022	0.6908848881721497	0.652549147605896
527	0.01983603462576866	0.6918622255325317	0.6520577073097229
528	0.019503438845276833	0.6916126012802124	0.6521831154823303
529	0.01974044181406498	0.6912741661071777	0.6523534059524536
530	0.020246455445885658	0.6932334303855896	0.6513680815696716
531	0.020283134654164314	0.6899901032447815	0.652999222278595
532	0.020111745223402977	0.6942983269691467	0.65083247423172
533	0.019711345434188843	0.6893132328987122	0.6533395051956177
534	0.019591499119997025	0.6935450434684753	0.6512113213539124
535	0.019724644720554352	0.6916648149490356	0.6521568298339844
536	0.019805729389190674	0.6914179921150208	0.6522811055183411
537	0.01980382390320301	0.6948391199111938	0.6505604982376099
538	0.019672203809022903	0.6891690492630005	0.6534120440483093
539	0.019619431346654892	0.6951351761817932	0.6504116058349609
540	0.01960248127579689	0.6896705031394958	0.6531599164009094
541	0.01954829692840576	0.6928093433380127	0.6515812873840332
542	0.019468288868665695	0.6924867033958435	0.6517436504364014
543	0.019419629126787186	0.6904659867286682	0.652759850025177
544	0.019475329667329788	0.6944349408149719	0.6507638096809387
545	0.01953674666583538	0.6901687979698181	0.6529092788696289
546	0.019499972462654114	0.6937661170959473	0.6511000990867615
547	0.019376099109649658	0.6917770504951477	0.6521005034446716
548	0.019272712990641594	0.6918632984161377	0.6520571708679199
549	0.019283005967736244	0.6936963200569153	0.651135265827179
550	0.019364673644304276	0.6911794543266296	0.6524010300636292
551	0.01941048726439476	0.6940526962280273	0.6509561538696289
552	0.019374743103981018	0.6922165751457214	0.6518794298171997
553	0.01931065507233143	0.6926352381706238	0.6516688466072083
554	0.019284360110759735	0.693812906742096	0.65107661485672
555	0.019312674179673195	0.6914688348770142	0.6522554159164429
556	0.019358232617378235	0.6949005722999573	0.6505296230316162
557	0.019399262964725494	0.6916475892066956	0.6521656513214111
558	0.019426953047513962	0.6946394443511963	0.6506609320640564
559	0.01949402503669262	0.6924641132354736	0.6517550349235535
560	0.019627060741186142	0.6943807005882263	0.6507911086082458
561	0.01978253945708275	0.6930203437805176	0.6514752507209778
562	0.020020009949803352	0.6950440406799316	0.6504574418067932
563	0.020126963034272194	0.6928706169128418	0.6515505313873291
564	0.020246833562850952	0.6956250071525574	0.6501653790473938
565	0.02006557770073414	0.6928202509880066	0.6515758633613586
566	0.019805030897259712	0.6946332454681396	0.6506640911102295
567	0.01947585679590702	0.6941421627998352	0.6509110331535339
568	0.019287047907710075	0.6928178668022156	0.6515770554542542
569	0.019295072183012962	0.6964812278747559	0.649734616279602
570	0.01943725161254406	0.6915327310562134	0.6522232890129089
571	0.019563905894756317	0.6975870728492737	0.649178683757782
572	0.01954849623143673	0.6914032101631165	0.6522884964942932
573	0.019418464973568916	0.6966720819473267	0.6496387124061584
574	0.019261248409748077	0.6931484937667847	0.6514108180999756
575	0.019207553938031197	0.6953244805335999	0.6503164172172546
576	0.01927429623901844	0.6946591734886169	0.6506509780883789
577	0.019404953345656395	0.6949416995048523	0.6505088806152344
578	0.019475756213068962	0.694277286529541	0.6508430242538452
579	0.019521042704582214	0.6961502432823181	0.6499012112617493
580	0.0194858405739069	0.692080557346344	0.6519478559494019
581	0.019595373421907425	0.6983479261398315	0.6487959027290344
582	0.019700419157743454	0.6901424527168274	0.652922511100769
583	0.02003999426960945	0.6996243596076965	0.648154079914093
584	0.020103638991713524	0.6900163888931274	0.6529859304428101
585	0.020282257348299026	0.6984650492668152	0.6487370133399963
586	0.020017221570014954	0.691956102848053	0.6520103812217712
587	0.01978128030896187	0.6955562829971313	0.6501998901367188
588	0.019427891820669174	0.6946470141410828	0.6506572365760803
589	0.01921646110713482	0.6931214332580566	0.6514244079589844
590	0.019160060212016106	0.6964536309242249	0.649748682975769
591	0.019235484302043915	0.6924431324005127	0.6517655253410339
592	0.019378604367375374	0.6968747973442078	0.6495367288589478
593	0.019481780007481575	0.6930832266807556	0.6514435410499573
594	0.019526835530996323	0.6963075399398804	0.6498220562934875
595	0.01942140981554985	0.6940294504165649	0.6509677171707153
596	0.019273564219474792	0.6956018209457397	0.650177001953125
597	0.01913372240960598	0.6947657465934753	0.6505975127220154
598	0.019092662259936333	0.6953029036521912	0.650327205657959
599	0.01915232464671135	0.6951004266738892	0.6504291892051697
600	0.019256988540291786	0.6953303813934326	0.6503133773803711
601	0.019375193864107132	0.6949592232704163	0.6505001187324524
602	0.01939847320318222	0.6956324577331543	0.6501615643501282
603	0.019429219886660576	0.6945897340774536	0.6506859064102173
604	0.019373809918761253	0.6966755390167236	0.64963698387146
605	0.019401073455810547	0.6938674449920654	0.6510491967201233
606	0.01943591795861721	0.6985925436019897	0.6486729383468628
607	0.019573906436562538	0.6925656795501709	0.6517037749290466
608	0.019709929823875427	0.7003918290138245	0.6477680206298828
609	0.019851671531796455	0.6914018988609314	0.6522892117500305
610	0.01991308107972145	0.7006162405014038	0.6476553082466125
611	0.019772373139858246	0.6918399930000305	0.6520687937736511
612	0.019541718065738678	0.6986175775527954	0.6486603021621704
613	0.019232915714383125	0.6942569613456726	0.6508534550666809
614	0.019043074920773506	0.6956363916397095	0.6501595377922058
615	0.019021151587367058	0.6974770426750183	0.6492339372634888
616	0.019131803885102272	0.6932608485221863	0.6513542532920837
617	0.019279906526207924	0.6996238231658936	0.6481542587280273
618	0.01935577765107155	0.6926083564758301	0.6516824960708618
619	0.0193279217928648	0.6989880204200745	0.6484740376472473
620	0.019194941967725754	0.6942885518074036	0.6508375406265259
621	0.019059615209698677	0.6965210437774658	0.6497147083282471
622	0.018990444019436836	0.6970113515853882	0.649468183517456
623	0.019008463248610497	0.6945175528526306	0.6507222056388855
624	0.019073257222771645	0.6987637877464294	0.6485866904258728
625	0.01912904530763626	0.6940940618515015	0.6509352326393127
626	0.019135842099785805	0.6986568570137024	0.6486405730247498
627	0.019096098840236664	0.6951273679733276	0.6504155993461609
628	0.019032437354326248	0.697361409664154	0.6492920517921448
629	0.0189828984439373	0.696840763092041	0.6495538949966431
630	0.018966589123010635	0.6959764361381531	0.6499885320663452
631	0.018979893997311592	0.6982736587524414	0.6488332748413086
632	0.01900351233780384	0.6952165365219116	0.6503707766532898
633	0.019017497077584267	0.6987389922142029	0.6485992074012756
634	0.019015297293663025	0.695432722568512	0.6502621173858643
635	0.018996121361851692	0.6982052326202393	0.648867666721344
636	0.018971925601363182	0.6964325308799744	0.6497592329978943
637	0.01895349845290184	0.6972220540046692	0.6493622660636902
638	0.0189479012042284	0.6976358890533447	0.6491540670394897
639	0.018956471234560013	0.6966045498847961	0.6496726274490356
640	0.018974872305989265	0.698196291923523	0.6488721370697021
641	0.019009023904800415	0.6967000365257263	0.6496245265007019
642	0.019052669405937195	0.6980762481689453	0.6489325761795044
643	0.01915883459150791	0.6976103186607361	0.6491668820381165
644	0.01931879110634327	0.6974523067474365	0.649246335029602
645	0.019773606210947037	0.699644148349762	0.6481441259384155
646	0.02034412883222103	0.6966075301170349	0.6496713161468506
647	0.022033371031284332	0.7027199268341064	0.6465973258018494
648	0.023045163601636887	0.6961917877197266	0.6498802304267883
649	0.025759359821677208	0.7044457197189331	0.6457293033599854
650	0.023998292163014412	0.6956318020820618	0.650161862373352
651	0.021410703659057617	0.6997963786125183	0.6480674147605896
652	0.019786620512604713	0.7002499103546143	0.6478393077850342
653	0.021463923156261444	0.6940433382987976	0.6509606838226318
654	0.02347494289278984	0.7032638788223267	0.6463236212730408
655	0.021064305678009987	0.6977571845054626	0.649092972278595
656	0.020060449838638306	0.6961527466773987	0.649899959564209
657	0.022142723202705383	0.70121169090271	0.6473557353019714
658	0.0211930088698864	0.6944902539253235	0.6507359147071838
659	0.019881686195731163	0.7029770016670227	0.6464679837226868
660	0.020958369597792625	0.6995620727539062	0.6481853127479553
661	0.020579202100634575	0.6986342668533325	0.6486518979072571
662	0.019439697265625	0.7003518342971802	0.6477882266044617
663	0.020393893122673035	0.6961959004402161	0.6498781442642212
664	0.020105766132473946	0.7030629515647888	0.6464245915412903
665	0.02001255378127098	0.6998093724250793	0.6480609178543091
666	0.019906993955373764	0.6957297921180725	0.6501126289367676
667	0.019847208634018898	0.7009910941123962	0.6474665999412537
668	0.01938190869987011	0.700817883014679	0.6475538015365601
669	0.019406210631132126	0.6955840587615967	0.6501859426498413
670	0.019608836621046066	0.6990834474563599	0.6484261155128479
671	0.019313929602503777	0.7013990879058838	0.6472615003585815
672	0.019368693232536316	0.6987225413322449	0.648607611656189
673	0.019211487844586372	0.6992390155792236	0.6483478546142578
674	0.019160626456141472	0.6982128620147705	0.6488637328147888
675	0.019141018390655518	0.6975877285003662	0.649178147315979
676	0.019242841750383377	0.7002381086349487	0.6478452086448669
677	0.019097544252872467	0.6975902915000916	0.6491768956184387
678	0.01907353289425373	0.7003605961799622	0.6477838158607483
679	0.019083058461546898	0.7004826664924622	0.6477224230766296
680	0.01903282105922699	0.6983798146247864	0.6487800478935242
681	0.019006751477718353	0.6977424025535583	0.6491005420684814
682	0.0190446637570858	0.7007541060447693	0.6475858688354492
683	0.019002391025424004	0.7012061476707458	0.6473584771156311
684	0.018962977454066277	0.6993111968040466	0.6483115553855896
685	0.01898365654051304	0.7000185251235962	0.6479557752609253
686	0.018985744565725327	0.6993938684463501	0.6482699513435364
687	0.018910128623247147	0.7005104422569275	0.6477084159851074
688	0.01893867738544941	0.6997904777526855	0.6480704545974731
689	0.018946573138237	0.6993942260742188	0.6482696533203125
690	0.018910445272922516	0.7003828883171082	0.647772490978241
691	0.01889699511229992	0.6996500492095947	0.6481411457061768
692	0.018925508484244347	0.7000547647476196	0.647937536239624
693	0.018878547474741936	0.6994922161102295	0.648220419883728
694	0.018874799832701683	0.7009717226028442	0.6474764347076416
695	0.018893355503678322	0.7003263235092163	0.6478010416030884
696	0.018878059461712837	0.6997855305671692	0.6480728983879089
697	0.018847882747650146	0.7013553977012634	0.6472834944725037
698	0.018872393295168877	0.6998165845870972	0.6480572819709778
699	0.018859336152672768	0.7006654739379883	0.647630512714386
700	0.018846798688173294	0.7005937099456787	0.6476665139198303
701	0.01885182224214077	0.7011035680770874	0.6474102139472961
702	0.018849488347768784	0.7004785537719727	0.6477243900299072
703	0.01883033476769924	0.7009109854698181	0.6475069522857666
704	0.018828101456165314	0.7005311846733093	0.647697925567627
705	0.018834130838513374	0.7011651992797852	0.6473790407180786
706	0.018822113052010536	0.7014095783233643	0.6472562551498413
707	0.018821198493242264	0.7006903290748596	0.6476178765296936
708	0.01881527714431286	0.7013493180274963	0.6472864151000977
709	0.01881452463567257	0.7008786201477051	0.6475232243537903
710	0.018804915249347687	0.7009100914001465	0.64750736951828
711	0.018806476145982742	0.7016509771347046	0.6471349000930786
712	0.018804848194122314	0.7013465166091919	0.647287905216217
713	0.01880284585058689	0.70090252161026	0.6475111246109009
714	0.018796002492308617	0.7016313672065735	0.6471447348594666
715	0.018796080723404884	0.7007608413696289	0.6475824117660522
716	0.018794234842061996	0.7016847729682922	0.6471177339553833
717	0.018789593130350113	0.7011687755584717	0.6473773121833801
718	0.01878906786441803	0.7017046809196472	0.6471078395843506
719	0.018789246678352356	0.7011257410049438	0.6473989486694336
720	0.01878773421049118	0.7019609808921814	0.6469787955284119
721	0.01878512278199196	0.7006425857543945	0.6476419568061829
722	0.01878722384572029	0.7024875283241272	0.6467140316963196
723	0.018788492307066917	0.7006227374076843	0.6476518511772156
724	0.018793540075421333	0.7026023268699646	0.6466563940048218
725	0.018799783661961555	0.7006723284721375	0.647627055644989
726	0.0188154187053442	0.7028095126152039	0.6465522050857544
727	0.018835918977856636	0.6999195218086243	0.6480055451393127
728	0.018875017762184143	0.7038969993591309	0.6460052132606506
729	0.018926145508885384	0.6989728212356567	0.6484816670417786
730	0.019021930173039436	0.7050413489341736	0.645429790019989
731	0.019123390316963196	0.6977198719978333	0.6491117477416992
732	0.01930348202586174	0.7057276368141174	0.64508455991745
733	0.019424181431531906	0.6970928311347961	0.649427056312561
734	0.019611649215221405	0.7057141065597534	0.6450914144515991
735	0.019551098346710205	0.6975584030151367	0.6491929292678833
736	0.019445616751909256	0.7035577297210693	0.6461758017539978
737	0.019136913120746613	0.6997092366218567	0.6481112837791443
738	0.018874960020184517	0.7002067565917969	0.6478610634803772
739	0.018762703984975815	0.7025578022003174	0.6466787457466125
740	0.018823979422450066	0.698179304599762	0.6488807797431946
741	0.018969673663377762	0.7040976881980896	0.6459043025970459
742	0.019046900793910027	0.6986222863197327	0.6486579775810242
743	0.01901543326675892	0.7026004791259766	0.6466573476791382
744	0.018890712410211563	0.7008249759674072	0.6475502848625183
745	0.01877560093998909	0.699995219707489	0.6479675769805908
746	0.018752772361040115	0.7027767896652222	0.6465685963630676
747	0.01881026290357113	0.6988494992256165	0.648543655872345
748	0.01888246089220047	0.7033440470695496	0.6462832689285278
749	0.018896497786045074	0.6993594765663147	0.6482872366905212
750	0.018844394013285637	0.7020459771156311	0.6469361186027527
751	0.018771745264530182	0.7007290720939636	0.6475984454154968
752	0.01873106136918068	0.7007219195365906	0.6476019620895386
753	0.018742453306913376	0.7018452882766724	0.6470372080802917
754	0.01878092624247074	0.7000327706336975	0.6479485630989075
755	0.018804866820573807	0.7022293210029602	0.6468439102172852
756	0.018794288858771324	0.7003009915351868	0.6478137373924255
757	0.01875685714185238	0.7015907764434814	0.647165060043335
758	0.01872164011001587	0.7011510729789734	0.6473863124847412
759	0.01870805211365223	0.7007429003715515	0.6475914716720581
760	0.018716799095273018	0.7020344734191895	0.6469419002532959
761	0.01873430237174034	0.7001472115516663	0.6478910446166992
762	0.018744628876447678	0.70234614610672	0.6467851400375366
763	0.018740005791187286	0.7003077268600464	0.6478102803230286
764	0.018725808709859848	0.7018282413482666	0.6470456123352051
765	0.01870858110487461	0.7010715007781982	0.6474262475967407
766	0.018696706742048264	0.7010787129402161	0.6474226117134094
767	0.01869375817477703	0.7019374370574951	0.6469906568527222
768	0.018698180094361305	0.7004209756851196	0.6477532982826233
769	0.01870528608560562	0.7023942470550537	0.6467610597610474
770	0.018709762021899223	0.7002773880958557	0.6478255987167358
771	0.0187100600451231	0.7023887634277344	0.646763801574707
772	0.01870417594909668	0.7004956007003784	0.6477159261703491
773	0.018696436658501625	0.7021738886833191	0.6468718647956848
774	0.01868855208158493	0.7008669376373291	0.647529125213623
775	0.01868453063070774	0.7019339799880981	0.6469924449920654
776	0.018685610964894295	0.7011064291000366	0.6474086046218872
777	0.018692638725042343	0.7019392848014832	0.6469898819923401
778	0.018706444650888443	0.7010676860809326	0.6474280953407288
779	0.018731145188212395	0.7023323178291321	0.6467921733856201
780	0.018772820010781288	0.7005395293235779	0.6476936936378479
781	0.01885026879608631	0.7033805251121521	0.6462650299072266
782	0.01898370124399662	0.6992900371551514	0.6483222246170044
783	0.01924232393503189	0.7055243849754333	0.6451867818832397
784	0.019640939310193062	0.6973560452461243	0.6492946743965149
785	0.020378734916448593	0.7086789011955261	0.6436004638671875
786	0.021129148080945015	0.6955415606498718	0.6502073407173157
787	0.022209644317626953	0.7101367115974426	0.6428672075271606
788	0.02190638892352581	0.6965451240539551	0.6497027277946472
789	0.02118660882115364	0.7049198150634766	0.6454908847808838
790	0.019561169669032097	0.7024854421615601	0.6467150449752808
791	0.019623424857854843	0.6974530220031738	0.649246096611023
792	0.020585844293236732	0.7065316438674927	0.6446803212165833
793	0.02089175209403038	0.6995291709899902	0.6482018232345581
794	0.019635319709777832	0.7025472521781921	0.6466840505599976
795	0.01894620805978775	0.7030550241470337	0.6464287638664246
796	0.01992828957736492	0.6999769806861877	0.6479766964912415
797	0.02044699527323246	0.7030417323112488	0.6464353203773499
798	0.019428718835115433	0.7043558955192566	0.6457744836807251
799	0.018879424780607224	0.697937548160553	0.6490022540092468
800	0.01961400918662548	0.7047939300537109	0.6455541849136353
801	0.019731082022190094	0.702860414981842	0.6465265154838562
802	0.018871668726205826	0.6983227729797363	0.6488086581230164
803	0.01903258077800274	0.7057402729988098	0.645078182220459
804	0.019618595018982887	0.6998432874679565	0.6480438709259033
805	0.019275879487395287	0.7015789151191711	0.6471710205078125
806	0.018823863938450813	0.7027291655540466	0.6465925574302673
807	0.019281605258584023	0.7011348009109497	0.6473944187164307
808	0.019277064129710197	0.700714647769928	0.6476057171821594
809	0.018863528966903687	0.7045384049415588	0.645682692527771
810	0.018991544842720032	0.6977177262306213	0.6491128206253052
811	0.019306989386677742	0.7039761543273926	0.6459654569625854
812	0.019008854404091835	0.7014190554618835	0.6472514867782593
813	0.018798913806676865	0.7005873322486877	0.6476696729660034
814	0.01911059208214283	0.7020094990730286	0.6469545364379883
815	0.019025620073080063	0.7030856609344482	0.6464133262634277
816	0.018741438165307045	0.6991487145423889	0.6483932137489319
817	0.01887034997344017	0.7038179636001587	0.6460450291633606
818	0.018942421302199364	0.7012564539909363	0.6473332047462463
819	0.018727261573076248	0.7011009454727173	0.6474114060401917
820	0.018739674240350723	0.7037262320518494	0.6460912227630615
821	0.018901564180850983	0.6998903155326843	0.6480201482772827
822	0.018756812438368797	0.7033900618553162	0.6462602615356445
823	0.01870601251721382	0.7017083168029785	0.6471059322357178
824	0.018808890134096146	0.701263964176178	0.6473293900489807
825	0.018777815625071526	0.7018560171127319	0.6470317244529724
826	0.018687454983592033	0.7045156955718994	0.6456941962242126
827	0.018755044788122177	0.6987888216972351	0.6485742926597595
828	0.018789593130350113	0.7034754753112793	0.6462173461914062
829	0.01870029978454113	0.701551079750061	0.6471849679946899
830	0.018739711493253708	0.7031203508377075	0.6463958024978638
831	0.018766256049275398	0.7000006437301636	0.6479646563529968
832	0.01875760592520237	0.7044665217399597	0.6457187533378601
833	0.018742317333817482	0.6998857259750366	0.6480225324630737
834	0.01882847771048546	0.7044530510902405	0.6457256078720093
835	0.018827665597200394	0.6996399760246277	0.6481460332870483
836	0.018855717033147812	0.7040844559669495	0.6459109783172607
837	0.018907830119132996	0.7004539966583252	0.6477367281913757
838	0.019020134583115578	0.7043672800064087	0.6457686424255371
839	0.019027573987841606	0.6994813680648804	0.6482258439064026
840	0.019157107919454575	0.7044884562492371	0.6457077264785767
841	0.019214121624827385	0.7007236480712891	0.6476010680198669
842	0.0193287655711174	0.7027978897094727	0.6465579271316528
843	0.019331123679876328	0.702974259853363	0.6464692950248718
844	0.01941092684864998	0.7009159922599792	0.6475043892860413
845	0.019386515021324158	0.7043635249137878	0.6457705497741699
846	0.019354773685336113	0.7000851631164551	0.6479222178459167
847	0.01929716020822525	0.7047973871231079	0.645552396774292
848	0.019220875576138496	0.6996933817863464	0.6481192111968994
849	0.019125308841466904	0.7056261897087097	0.6451356410980225
850	0.019004695117473602	0.6984657645225525	0.6487366557121277
851	0.01892956905066967	0.704533576965332	0.6456851363182068
852	0.01884373649954796	0.7003465890884399	0.6477909088134766
853	0.01880866475403309	0.702126681804657	0.6468955278396606
854	0.01880938559770584	0.7022791504859924	0.6468188762664795
855	0.018842194229364395	0.7015042901039124	0.647208571434021
856	0.018847795203328133	0.7031671404838562	0.646372377872467
857	0.018849823623895645	0.7009699940681458	0.647477388381958
858	0.0188024640083313	0.7033267021179199	0.6462920308113098
859	0.018733931705355644	0.7009391188621521	0.6474927067756653
860	0.018664220348000526	0.7030906677246094	0.6464107632637024
861	0.018632346764206886	0.7010849118232727	0.6474194526672363
862	0.0186415147036314	0.7024473547935486	0.6467341780662537
863	0.01867389865219593	0.7021242380142212	0.6468967795372009
864	0.01872105337679386	0.7018625736236572	0.6470284461975098
865	0.018736323341727257	0.7027812004089355	0.6465663313865662
866	0.018732381984591484	0.7021075487136841	0.646905243396759
867	0.018684854730963707	0.702608048915863	0.6466535329818726
868	0.018637800589203835	0.7022346258163452	0.6468412280082703
869	0.018596813082695007	0.702455997467041	0.6467299461364746
870	0.018575351685285568	0.7022063732147217	0.6468552947044373
871	0.018575504422187805	0.7025814056396484	0.6466668248176575
872	0.018589626997709274	0.7023523449897766	0.6467819809913635
873	0.01860586367547512	0.7022740840911865	0.6468214392662048
874	0.018615735694766045	0.7029895186424255	0.6464616656303406
875	0.018623171374201775	0.7020040154457092	0.6469572186470032
876	0.01862422563135624	0.7030006051063538	0.6464560627937317
877	0.018625270575284958	0.7024270296096802	0.646744430065155
878	0.0186250489205122	0.7024757862091064	0.6467199921607971
879	0.018630754202604294	0.7029688358306885	0.6464720964431763
880	0.01863841526210308	0.7018689513206482	0.6470251679420471
881	0.018658140674233437	0.703794002532959	0.6460570693016052
882	0.018684711307287216	0.7010051608085632	0.6474596261978149
883	0.018748167902231216	0.7049167156219482	0.6454926133155823
884	0.018820306286215782	0.6997896432876587	0.6480709314346313
885	0.018987955525517464	0.7063925266265869	0.64475017786026
886	0.01912766881287098	0.6981970071792603	0.6488717794418335
887	0.019478825852274895	0.707578182220459	0.6441539525985718
888	0.019621018320322037	0.6974382400512695	0.6492533683776855
889	0.02005051076412201	0.7068904638290405	0.6444998383522034
890	0.019985856488347054	0.6988617181777954	0.6485375761985779
891	0.020004674792289734	0.703816294670105	0.6460458636283875
892	0.01969931088387966	0.7024648785591125	0.6467254161834717
893	0.0193030908703804	0.6996352672576904	0.6481485962867737
894	0.019057825207710266	0.7054246664047241	0.6452370285987854
895	0.018956104293465614	0.6977764964103699	0.6490833163261414
896	0.01900302991271019	0.7051824927330017	0.6453588604927063
897	0.019089264795184135	0.6998294591903687	0.6480509042739868
898	0.01918269693851471	0.7027807235717773	0.6465665698051453
899	0.01920718513429165	0.7020488381385803	0.6469347476959229
900	0.018863867968320847	0.7016298174858093	0.6471454501152039
901	0.018611470237374306	0.7030229568481445	0.6464447379112244
902	0.01863342709839344	0.7014123797416687	0.6472548246383667
903	0.018854867666959763	0.7043905854225159	0.6457569599151611
904	0.019057735800743103	0.7004798054695129	0.6477237939834595
905	0.01893291063606739	0.7048742175102234	0.6455138921737671
906	0.018746910616755486	0.6998550891876221	0.6480379700660706
907	0.018668290227651596	0.7034810185432434	0.6462144255638123
908	0.018691403791308403	0.7019352316856384	0.6469918489456177
909	0.0187093373388052	0.700459361076355	0.6477340459823608
910	0.018704457208514214	0.7053167819976807	0.645291268825531
911	0.0187245961278677	0.6993165612220764	0.6483086943626404
912	0.018747055903077126	0.7047962546348572	0.6455530524253845
913	0.01865774393081665	0.7014433145523071	0.6472391486167908
914	0.01856234483420849	0.7014867663383484	0.6472173929214478
915	0.01854255050420761	0.7043727040290833	0.6457660794258118
916	0.018603719770908356	0.7000918388366699	0.6479189395904541
917	0.01865743286907673	0.7047041654586792	0.645599365234375
918	0.01863406039774418	0.7015722990036011	0.6471744179725647
919	0.018603984266519547	0.7028322219848633	0.6465408205986023
920	0.018591394647955894	0.7034044861793518	0.6462529897689819
921	0.018585477024316788	0.7016596794128418	0.6471303701400757
922	0.01857345923781395	0.7038075923919678	0.646050214767456
923	0.01857725903391838	0.7020331621170044	0.6469425559043884
924	0.018620086833834648	0.7036243677139282	0.6461423635482788
925	0.018690088763833046	0.7019762396812439	0.6469711065292358
926	0.01874522678554058	0.7039139270782471	0.6459968090057373
927	0.01884167455136776	0.7015579342842102	0.6471816897392273
928	0.01898515596985817	0.7049368023872375	0.6454823613166809
929	0.019282279536128044	0.7017921805381775	0.6470637321472168
930	0.019620351493358612	0.7045624256134033	0.6456707119941711
931	0.020252112299203873	0.7030845284461975	0.6464138031005859
932	0.02053799107670784	0.7040758728981018	0.6459152698516846
933	0.021181663498282433	0.7043381929397583	0.6457834243774414
934	0.020334772765636444	0.7034996747970581	0.6462050676345825
935	0.019462287425994873	0.7031111121177673	0.6464004516601562
936	0.01870068907737732	0.7032496929168701	0.6463308334350586
937	0.01888083480298519	0.7023084163665771	0.6468042135238647
938	0.019589144736528397	0.7037364840507507	0.6460859775543213
939	0.019588667899370193	0.702582597732544	0.6466662883758545
940	0.019193990156054497	0.7027613520622253	0.646576464176178
941	0.01870027370750904	0.7029709815979004	0.6464709639549255
942	0.018724650144577026	0.7027934193611145	0.6465602517127991
943	0.019073596224188805	0.7031460404396057	0.6463828682899475
944	0.019052064046263695	0.7027238607406616	0.646595299243927
945	0.0188541691750288	0.7034108638763428	0.6462497711181641
946	0.01871875487267971	0.7027726173400879	0.6465708017349243
947	0.0187161173671484	0.7042558789253235	0.6458248496055603
948	0.018771816045045853	0.7021164894104004	0.6469006538391113
949	0.01875162683427334	0.7040216326713562	0.6459425687789917
950	0.0187132116407156	0.7025179862976074	0.6466987133026123
951	0.01867704652249813	0.7033798098564148	0.6462653279304504
952	0.01860492117702961	0.7042022347450256	0.645851731300354
953	0.018612883985042572	0.7024731040000916	0.6467213034629822
954	0.018668605014681816	0.7043163776397705	0.6457942724227905
955	0.018650295212864876	0.7029890418052673	0.6464619040489197
956	0.018571827560663223	0.7034662961959839	0.6462218761444092
957	0.01854509487748146	0.7038916945457458	0.6460079550743103
958	0.01860906556248665	0.7033507823944092	0.6462799310684204
959	0.018639041110873222	0.7035366892814636	0.6461864113807678
960	0.018565794453024864	0.7046517133712769	0.6456257104873657
961	0.018516812473535538	0.7025434970855713	0.6466859579086304
962	0.018559768795967102	0.705303430557251	0.6452979445457458
963	0.018590763211250305	0.7029993534088135	0.6464566588401794
964	0.018555911257863045	0.7041705250740051	0.6458677649497986
965	0.018510734662413597	0.7044782042503357	0.6457130908966064
966	0.018528198823332787	0.7037453651428223	0.6460815072059631
967	0.018557457253336906	0.7043378353118896	0.6457836031913757
968	0.018538756296038628	0.7045227289199829	0.6456906199455261
969	0.018512440845370293	0.7031275033950806	0.646392285823822
970	0.018520059064030647	0.705873966217041	0.6450110077857971
971	0.01853403076529503	0.7029219269752502	0.6464956402778625
972	0.018529055640101433	0.7054097056388855	0.6452445387840271
973	0.018518412485718727	0.7035456299781799	0.6461819410324097
974	0.01853235997259617	0.705149233341217	0.6453754901885986
975	0.018554309383034706	0.7038434743881226	0.6460322141647339
976	0.018563000485301018	0.705805778503418	0.6450452208518982
977	0.018571769818663597	0.7027748227119446	0.6465694904327393
978	0.01861397549510002	0.7071675658226013	0.6443604826927185
979	0.018663439899683	0.7017886638641357	0.6470655202865601
980	0.018742527812719345	0.7078406810760498	0.6440219879150391
981	0.018786489963531494	0.7011585235595703	0.6473824977874756
982	0.018898315727710724	0.708146870136261	0.6438679695129395
983	0.01897474378347397	0.7009294033050537	0.6474975943565369
984	0.01909787952899933	0.7083774209022522	0.6437519192695618
985	0.019083019345998764	0.7005073428153992	0.6477100253105164
986	0.019062699750065804	0.7074518799781799	0.6442174911499023
987	0.018878178671002388	0.7015419006347656	0.6471896767616272
988	0.01872004009783268	0.7054000496864319	0.6452493071556091
989	0.01856861636042595	0.7036280632019043	0.646140456199646
990	0.018531600013375282	0.7031941413879395	0.6463586688041687
991	0.018600206822156906	0.7056542038917542	0.6451215147972107
992	0.018729714676737785	0.702742338180542	0.6465858817100525
993	0.018848048523068428	0.7057492733001709	0.6450737714767456
994	0.018933694809675217	0.704063892364502	0.6459213495254517
995	0.018960904330015182	0.7040727734565735	0.6459169387817383
996	0.019033433869481087	0.7060160636901855	0.6449396014213562
997	0.019072435796260834	0.702219545841217	0.6468489170074463
998	0.01923520117998123	0.7071868181228638	0.6443507075309753
999	0.019319521263241768	0.701521635055542	0.6471998691558838
1000	0.019512653350830078	0.7071725130081177	0.6443579196929932
1001	0.0194705817848444	0.7021744251251221	0.6468715667724609
1002	0.019389797002077103	0.7058448195457458	0.6450256705284119
1003	0.019063904881477356	0.7035127878189087	0.6461984515190125
1004	0.01877102069556713	0.7038738131523132	0.6460168957710266
1005	0.01856320910155773	0.704890787601471	0.645505428314209
1006	0.01853501982986927	0.7027420401573181	0.6465860605239868
1007	0.018626512959599495	0.7057508230209351	0.6450729370117188
1008	0.01874716207385063	0.7030049562454224	0.6464539170265198
1009	0.018826568499207497	0.705739438533783	0.6450786590576172
1010	0.018795719370245934	0.7041133046150208	0.6458964943885803
1011	0.01873748004436493	0.7047582268714905	0.6455721855163574
1012	0.01862284354865551	0.7052234411239624	0.645338237285614
1013	0.018547531217336655	0.7036580443382263	0.6461255550384521
1014	0.018511975184082985	0.7058050632476807	0.6450456380844116
1015	0.018523387610912323	0.703256368637085	0.6463274359703064
1016	0.018563589081168175	0.7055103182792664	0.645193874835968
1017	0.018591150641441345	0.7037354707717896	0.6460865139961243
1018	0.018608873710036278	0.7046316266059875	0.6456358432769775
1019	0.0185779370367527	0.7048786282539368	0.6455116271972656
1020	0.01854022778570652	0.703702986240387	0.646102786064148
1021	0.01850164867937565	0.7055984139442444	0.6451497077941895
1022	0.018483741208910942	0.703177273273468	0.6463671922683716
1023	0.018488561734557152	0.7056771516799927	0.6451099514961243
1024	0.01849977672100067	0.7034338712692261	0.6462380886077881
1025	0.018512314185500145	0.7051971554756165	0.6453514099121094
1026	0.018507588654756546	0.7043022513389587	0.6458014249801636
1027	0.01849772222340107	0.7044840455055237	0.6457099914550781
1028	0.018481604754924774	0.7051340341567993	0.6453831195831299
1029	0.018470531329512596	0.7038910984992981	0.6460081934928894
1030	0.018467115238308907	0.7056074142456055	0.6451451182365417
1031	0.01847039721906185	0.7037197947502136	0.6460943222045898
1032	0.01847720332443714	0.7056747674942017	0.6451112627983093
1033	0.018480010330677032	0.7038346529006958	0.6460365653038025
1034	0.018478872254490852	0.7054211497306824	0.6452387571334839
1035	0.018471019342541695	0.7041551470756531	0.6458754539489746
1036	0.018460968509316444	0.7051792144775391	0.6453603506088257
1037	0.01844959706068039	0.70443195104599	0.6457362174987793
1038	0.01844026893377304	0.7049762606620789	0.6454625725746155
1039	0.01843344047665596	0.7045533657073975	0.6456753015518188
1040	0.018429838120937347	0.7049108147621155	0.6454954147338867
1041	0.018428493291139603	0.7047148942947388	0.6455940008163452
1042	0.018429042771458626	0.7049368023872375	0.6454823613166809
1043	0.018431128934025764	0.704993724822998	0.6454538106918335
1044	0.018434805795550346	0.7048637270927429	0.6455190181732178
1045	0.01844015158712864	0.7052525877952576	0.645323634147644
1046	0.018448207527399063	0.704610288143158	0.6456465125083923
1047	0.01846109889447689	0.7055590152740479	0.6451693177223206
1048	0.01848354935646057	0.7043105363845825	0.6457973122596741
1049	0.01852264069020748	0.70595782995224	0.6449688673019409
1050	0.01859767735004425	0.7041760087013245	0.6458649039268494
1051	0.018727503716945648	0.7063880562782288	0.6447525024414062
1052	0.01899629831314087	0.7044776678085327	0.645713210105896
1053	0.01940048113465309	0.706665575504303	0.6446128487586975
1054	0.020294232293963432	0.7059844136238098	0.6449555158615112
1055	0.021059487015008926	0.7059104442596436	0.6449926495552063
1056	0.022803599014878273	0.7085974812507629	0.6436413526535034
1057	0.021887920796871185	0.7022469639778137	0.6468351483345032
1058	0.021031642332673073	0.7086718678474426	0.6436039805412292
1059	0.019105201587080956	0.7004825472831726	0.6477223634719849
1060	0.01947626657783985	0.7075383067131042	0.6441740393638611
1061	0.020778890699148178	0.7019188404083252	0.6470000147819519
1062	0.020281167700886726	0.7050656676292419	0.6454175710678101
1063	0.018960803747177124	0.7035515308380127	0.6461790800094604
1064	0.019009403884410858	0.7023971676826477	0.6467596292495728
1065	0.01974157616496086	0.7056595683097839	0.6451188325881958
1066	0.01961696520447731	0.7035652995109558	0.6461721062660217
1067	0.01855601742863655	0.7026224732398987	0.64664626121521
1068	0.018999243155121803	0.704693615436554	0.6456045508384705
1069	0.019801916554570198	0.7044944167137146	0.6457048058509827
1070	0.018987363204360008	0.7037862539291382	0.6460608839988708
1071	0.01858995296061039	0.7051190137863159	0.6453907489776611
1072	0.019179631024599075	0.7028778791427612	0.6465177536010742
1073	0.01908900775015354	0.704617440700531	0.6456429362297058
1074	0.018557952716946602	0.7042065262794495	0.6458496451377869
1075	0.01873713731765747	0.7024519443511963	0.6467319130897522
1076	0.019019490107893944	0.7046591639518738	0.6456220149993896
1077	0.01869204081594944	0.7038993239402771	0.6460041999816895
1078	0.018522825092077255	0.7025453448295593	0.6466849446296692
1079	0.018813563510775566	0.704369068145752	0.645767867565155
1080	0.018831070512533188	0.7040873169898987	0.6459096074104309
1081	0.018492238596081734	0.7029699683189392	0.6464714407920837
1082	0.01864773780107498	0.704925537109375	0.6454881429672241
1083	0.018769588321447372	0.7041280269622803	0.6458891034126282
1084	0.01854552887380123	0.703559398651123	0.6461750268936157
1085	0.01850513555109501	0.7050979733467102	0.6454012393951416
1086	0.018689962103962898	0.7035995721817017	0.6461547613143921
1087	0.018603814765810966	0.7048338651657104	0.6455341577529907
1088	0.018450113013386726	0.704163670539856	0.6458711624145508
1089	0.018568744882941246	0.7044726014137268	0.6457157135009766
1090	0.01858501508831978	0.7046419978141785	0.6456305384635925
1091	0.018479816615581512	0.7045848965644836	0.6456593871116638
1092	0.018471375107765198	0.7038373947143555	0.6460353136062622
1093	0.01855103299021721	0.7053852081298828	0.6452569365501404
1094	0.018511805683374405	0.7044186592102051	0.6457428932189941
1095	0.01842641271650791	0.7038440108299255	0.6460319757461548
1096	0.018486598506569862	0.7052823305130005	0.6453086137771606
1097	0.018513062968850136	0.7048617601394653	0.6455200910568237
1098	0.018454845994710922	0.7044354677200317	0.6457344889640808
1099	0.018432650715112686	0.7052292227745056	0.6453351974487305
1100	0.018481452018022537	0.7051093578338623	0.6453955173492432
1101	0.018469933420419693	0.7052057981491089	0.6453471779823303
1102	0.01841994933784008	0.7054559588432312	0.6452213525772095
1103	0.018435150384902954	0.7046371698379517	0.6456331610679626
1104	0.018461128696799278	0.706108808517456	0.6448928713798523
1105	0.018443144857883453	0.7047467231750488	0.6455779075622559
1106	0.018415430560708046	0.7055422067642212	0.6451779007911682
1107	0.0184314101934433	0.7053189873695374	0.645290195941925
1108	0.018450049683451653	0.7058874368667603	0.6450042724609375
1109	0.01842792145907879	0.7046682834625244	0.6456173658370972
1110	0.018421605229377747	0.7067683935165405	0.6445611715316772
1111	0.01843804121017456	0.7044215202331543	0.6457414627075195
1112	0.018459230661392212	0.7069304585456848	0.6444796919822693
1113	0.018457891419529915	0.7041447758674622	0.6458806395530701
1114	0.018480027094483376	0.7075923085212708	0.6441469788551331
1115	0.01852700114250183	0.7033835649490356	0.6462634801864624
1116	0.018612580373883247	0.7084380388259888	0.6437215805053711
1117	0.018683437258005142	0.701998233795166	0.6469601988792419
1118	0.018855275586247444	0.7102057337760925	0.6428325772285461
1119	0.0189870223402977	0.7002471685409546	0.6478407979011536
1120	0.01924925483763218	0.7105875611305237	0.6426405906677246
1121	0.01928512379527092	0.7007715702056885	0.6475770473480225
1122	0.019411027431488037	0.7086623311042786	0.6436086893081665
1123	0.019274964928627014	0.7031925320625305	0.6463595628738403
1124	0.019132304936647415	0.7049004435539246	0.6455007195472717
1125	0.019058044999837875	0.7067915797233582	0.644549548625946
1126	0.018881458789110184	0.7020862698554993	0.6469159126281738
1127	0.018819136545062065	0.7080191969871521	0.6439321637153625
1128	0.01861674152314663	0.7031233310699463	0.6463943123817444
1129	0.01849483884871006	0.7062866687774658	0.6448034644126892
1130	0.01849992945790291	0.7054192423820496	0.6452395915985107
1131	0.018632691353559494	0.7047987580299377	0.6455516219139099
1132	0.018768491223454475	0.7060349583625793	0.6449300646781921
1133	0.018655186519026756	0.7058815360069275	0.6450071930885315
1134	0.018513359129428864	0.704413652420044	0.6457453370094299
1135	0.018445098772644997	0.7074980139732361	0.6441943645477295
1136	0.018476577475667	0.7042014002799988	0.6458522081375122
1137	0.018503980711102486	0.7055904865264893	0.6451536417007446
1138	0.0184527188539505	0.7066442966461182	0.6446236968040466
1139	0.018434876576066017	0.7032595872879028	0.6463258266448975
1140	0.018487418070435524	0.7080087065696716	0.6439374685287476
1141	0.018520884215831757	0.7033313512802124	0.6462897658348083
1142	0.018502334132790565	0.7068313956260681	0.6445295810699463
1143	0.018439872190356255	0.7053371071815491	0.6452810764312744
1144	0.01842082291841507	0.7049558758735657	0.6454727053642273
1145	0.018428873270750046	0.7063236236572266	0.6447849869728088
1146	0.01841294765472412	0.7052090167999268	0.6453453898429871
1147	0.01838524080812931	0.7054548859596252	0.6452217102050781
1148	0.018382182344794273	0.7061560750007629	0.6448691487312317
1149	0.018405746668577194	0.7053337097167969	0.6452827453613281
1150	0.018422361463308334	0.7055500149726868	0.6451739072799683
1151	0.01841125078499317	0.7064770460128784	0.6447077989578247
1152	0.018400736153125763	0.7043823599815369	0.6457611918449402
1153	0.018406743183732033	0.7074014544487	0.6442428827285767
1154	0.018412962555885315	0.7040695548057556	0.6459184885025024
1155	0.018408844247460365	0.7068555951118469	0.6445173621177673
1156	0.01839384250342846	0.7052066326141357	0.6453466415405273
1157	0.018390582874417305	0.7059123516082764	0.6449918150901794
1158	0.018399260938167572	0.7057666182518005	0.6450650095939636
1159	0.01840837299823761	0.705868661403656	0.6450137495994568
1160	0.018414540216326714	0.7053534984588623	0.6452728509902954
1161	0.018424218520522118	0.7065884470939636	0.6446517705917358
1162	0.018447034060955048	0.7044869661331177	0.6457085609436035
1163	0.018488716334104538	0.7073476910591125	0.6442698836326599
1164	0.01853736862540245	0.7040659189224243	0.6459203362464905
1165	0.01861494965851307	0.7077318429946899	0.6440767049789429
1166	0.018708650022745132	0.7039651274681091	0.6459710001945496
1167	0.018861889839172363	0.7081888914108276	0.6438469290733337
1168	0.01903553679585457	0.7034960985183716	0.6462068557739258
1169	0.01926228031516075	0.7092075943946838	0.6433344483375549
1170	0.01941647194325924	0.7024669647216797	0.6467244625091553
1171	0.019590534269809723	0.7100521922111511	0.6429097652435303
1172	0.01946861669421196	0.7017427086830139	0.6470886468887329
1173	0.019383741542696953	0.7094796299934387	0.6431977152824402
1174	0.019046280533075333	0.7025071978569031	0.6467041969299316
1175	0.018884748220443726	0.7075844407081604	0.6441507935523987
1176	0.018824491649866104	0.7045159935951233	0.6456939578056335
1177	0.018940290436148643	0.7063724398612976	0.644760251045227
1178	0.019039001315832138	0.7061006426811218	0.6448970437049866
1179	0.019033823162317276	0.706011176109314	0.644942045211792
1180	0.018819548189640045	0.706419050693512	0.6447368860244751
1181	0.01858176290988922	0.7057408690452576	0.6450778841972351
1182	0.01844993233680725	0.7061185240745544	0.6448879837989807
1183	0.018491370603442192	0.7058007121086121	0.6450479030609131
1184	0.018597885966300964	0.7061851620674133	0.6448545455932617
1185	0.018643170595169067	0.7060183882713318	0.6449382901191711
1186	0.018593519926071167	0.7062427401542664	0.6448255181312561
1187	0.018491925671696663	0.7061645984649658	0.6448649168014526
1188	0.018454212695360184	0.706007719039917	0.6449436545372009
1189	0.01848277449607849	0.7061732411384583	0.644860565662384
1190	0.01852498948574066	0.705986499786377	0.6449544429779053
1191	0.018510727211833	0.7060654163360596	0.6449147462844849
1192	0.018443569540977478	0.7062729001045227	0.6448104381561279
1193	0.018388718366622925	0.7057821154594421	0.645057201385498
1194	0.018387146294116974	0.7065702676773071	0.6446608304977417
1195	0.01842270977795124	0.7057990431785583	0.6450487971305847
1196	0.01844215951859951	0.7067379951477051	0.6445764899253845
1197	0.018422806635499	0.706037700176239	0.6449286341667175
1198	0.018384475260972977	0.7063891291618347	0.6447519063949585
1199	0.018364936113357544	0.7064712047576904	0.6447107195854187
1200	0.018381768837571144	0.7059217691421509	0.6449869871139526
1201	0.018408868461847305	0.7069461345672607	0.6444718837738037
1202	0.01841861940920353	0.7057580947875977	0.6450692415237427
1203	0.018401026725769043	0.7072317004203796	0.6443281173706055
1204	0.018375487998127937	0.7056838274002075	0.6451066732406616
1205	0.01836618036031723	0.7070168852806091	0.644436240196228
1206	0.01837604120373726	0.705692708492279	0.6451022624969482
1207	0.01839618757367134	0.7068520188331604	0.6445191502571106
1208	0.018406454473733902	0.7059473991394043	0.6449739933013916
1209	0.018411660566926003	0.7067925930023193	0.6445489525794983
1210	0.018416400998830795	0.7060449719429016	0.644925057888031
1211	0.01844215951859951	0.7068275809288025	0.6445314884185791
1212	0.018494337797164917	0.7060808539390564	0.6449069380760193
1213	0.018583372235298157	0.7071508169174194	0.6443688869476318
1214	0.018709661439061165	0.7059024572372437	0.6449966430664062
1215	0.01891755312681198	0.7077407836914062	0.6440721750259399
1216	0.019176222383975983	0.705435574054718	0.6452314853668213
1217	0.019660796970129013	0.7087084650993347	0.6435854434967041
1218	0.0199880450963974	0.7046568393707275	0.6456230878829956
1219	0.020562196150422096	0.7095523476600647	0.6431611776351929
1220	0.02021321840584278	0.7036982178688049	0.6461052298545837
1221	0.019714076071977615	0.7085581421852112	0.6436611413955688
1222	0.018831318244338036	0.7041605710983276	0.6458727717399597
1223	0.018491508439183235	0.7062840461730957	0.6448047757148743
1224	0.01878312975168228	0.7058668732643127	0.6450146436691284
1225	0.019120795652270317	0.7050933837890625	0.6454036235809326
1226	0.019165674224495888	0.706643283367157	0.6446241736412048
1227	0.01881769485771656	0.7051202654838562	0.6453901529312134
1228	0.018558360636234283	0.7060063481330872	0.644944429397583
1229	0.018654679879546165	0.7063683271408081	0.6447623372077942
1230	0.018724851310253143	0.7045251131057739	0.6456894278526306
1231	0.018691349774599075	0.7070751786231995	0.6444069743156433
1232	0.018530890345573425	0.7041902542114258	0.6458578109741211
1233	0.01851445995271206	0.7069714069366455	0.6444591283798218
1234	0.018633196130394936	0.7053927183151245	0.64525306224823
1235	0.018588172271847725	0.7055504322052002	0.6451737284660339
1236	0.01846189796924591	0.7065450549125671	0.6446735262870789
1237	0.018385576084256172	0.7047256827354431	0.6455885171890259
1238	0.018465153872966766	0.7072116732597351	0.6443383097648621
1239	0.01856810972094536	0.7048755288124084	0.6455131769180298
1240	0.018485482782125473	0.7063019871711731	0.644795835018158
1241	0.018371472135186195	0.7055153846740723	0.6451914310455322
1242	0.018356043845415115	0.7058167457580566	0.6450398564338684
1243	0.0184300746768713	0.7064943909645081	0.6446990370750427
1244	0.018477562814950943	0.705956757068634	0.6449693441390991
1245	0.018406419083476067	0.7061929106712341	0.6448506116867065
1246	0.018344661220908165	0.7063111066818237	0.6447912454605103
1247	0.0183560773730278	0.7059294581413269	0.644983172416687
1248	0.018402179703116417	0.7068613171577454	0.6445145010948181
1249	0.018414031714200974	0.7058238983154297	0.6450361609458923
1250	0.018368763849139214	0.7071152925491333	0.6443867087364197
1251	0.01834024302661419	0.7059147357940674	0.6449904441833496
1252	0.018358422443270683	0.7073502540588379	0.6442685723304749
1253	0.01838606595993042	0.7056514620780945	0.6451230645179749
1254	0.01839260384440422	0.707886278629303	0.6439990997314453
1255	0.018369518220424652	0.7050718665122986	0.645414412021637
1256	0.018367895856499672	0.7085641622543335	0.6436581015586853
1257	0.018396446481347084	0.7043618559837341	0.6457715630531311
1258	0.018441377207636833	0.7093591094017029	0.6432583928108215
1259	0.018476657569408417	0.7038359045982361	0.6460359692573547
1260	0.018522033467888832	0.7102609872817993	0.642804741859436
1261	0.018578287214040756	0.7031757235527039	0.6463679671287537
1262	0.018702562898397446	0.7107918858528137	0.6425378322601318
1263	0.01877552829682827	0.7026107907295227	0.646652102470398
1264	0.018904956057667732	0.7105095982551575	0.6426796913146973
1265	0.018866607919335365	0.7032806873321533	0.6463152170181274
1266	0.018863266333937645	0.7086613774299622	0.6436091661453247
1267	0.018774567171931267	0.7056573033332825	0.6451200246810913
1268	0.01868678629398346	0.7057960033416748	0.6450502872467041
1269	0.018637502565979958	0.7085776925086975	0.6436512470245361
1270	0.018558422103524208	0.7034938335418701	0.6462079882621765
1271	0.01856304705142975	0.7101540565490723	0.6428585052490234
1272	0.01853322610259056	0.7034978270530701	0.6462059617042542
1273	0.01853913627564907	0.7092742919921875	0.6433010101318359
1274	0.018502697348594666	0.7055417895317078	0.6451780200004578
1275	0.018453489989042282	0.7066130042076111	0.6446393132209778
1276	0.01841338351368904	0.7082191109657288	0.6438316702842712
1277	0.018394798040390015	0.7042865753173828	0.6458094120025635
1278	0.018412765115499496	0.7097819447517395	0.6430457234382629
1279	0.01843501813709736	0.703796923160553	0.6460556387901306
1280	0.01844562590122223	0.7095213532447815	0.6431766748428345
1281	0.018430843949317932	0.7048776745796204	0.645512044429779
1282	0.01840038411319256	0.707970380783081	0.64395672082901
1283	0.0183830838650465	0.7064455151557922	0.6447235941886902
1284	0.018395287916064262	0.7066846489906311	0.644603431224823
1285	0.018431629985570908	0.7074092030525208	0.6442390084266663
1286	0.01848652772605419	0.7064236402511597	0.6447345614433289
1287	0.01852264255285263	0.7070627212524414	0.6444132328033447
1288	0.01856841705739498	0.7072805762290955	0.6443037390708923
1289	0.018589060753583908	0.7056980729103088	0.645099401473999
1290	0.018653932958841324	0.7087261080741882	0.6435766220092773
1291	0.0187087245285511	0.7041319012641907	0.6458870768547058
1292	0.018819717690348625	0.7100131511688232	0.6429294347763062
1293	0.018881719559431076	0.7032198309898376	0.646345853805542
1294	0.018959350883960724	0.7102863788604736	0.6427920460700989
1295	0.018916189670562744	0.7034314274787903	0.6462393999099731
1296	0.018858078867197037	0.7091304063796997	0.6433733105659485
1297	0.018686950206756592	0.7047655582427979	0.6455684304237366
1298	0.018540197983384132	0.706974446773529	0.6444575786590576
1299	0.018410328775644302	0.7065566778182983	0.6446677446365356
1300	0.01835525408387184	0.7052614092826843	0.6453191041946411
1301	0.018367338925600052	0.7078003883361816	0.6440421938896179
1302	0.018420249223709106	0.7048001885414124	0.6455510258674622
1303	0.018489200621843338	0.7078011631965637	0.6440419554710388
1304	0.01852058619260788	0.7053799629211426	0.6452593803405762
1305	0.018543120473623276	0.7066757082939148	0.6446077823638916
1306	0.018509982153773308	0.7065061926841736	0.64469313621521
1307	0.018493155017495155	0.7053127288818359	0.6452932953834534
1308	0.01847751997411251	0.7077358365058899	0.6440746784210205
1309	0.018497642129659653	0.7045181393623352	0.6456928253173828
1310	0.01853928342461586	0.7083891034126282	0.6437460780143738
1311	0.01857881061732769	0.7045831680297852	0.6456602215766907
1312	0.0186197217553854	0.7079986929893494	0.6439424753189087
1313	0.018628954887390137	0.7053647637367249	0.6452671885490417
1314	0.01864052005112171	0.7069463133811951	0.6444718241691589
1315	0.018657537177205086	0.7064290642738342	0.6447317600250244
1316	0.018674099817872047	0.7060674428939819	0.6449137330055237
1317	0.0187248382717371	0.7072485685348511	0.6443197131156921
1318	0.018707275390625	0.705978274345398	0.6449585556983948
1319	0.018701951950788498	0.7071349620819092	0.6443769335746765
1320	0.01860177144408226	0.7067867517471313	0.6445519924163818
1321	0.01851087249815464	0.7059602737426758	0.6449676156044006
1322	0.018428968265652657	0.7080121040344238	0.6439357995986938
1323	0.018391849473118782	0.7046149373054504	0.6456442475318909
1324	0.018402954563498497	0.7090279459953308	0.643424928188324
1325	0.01842508837580681	0.70408034324646	0.6459130644798279
1326	0.018456783145666122	0.7091280221939087	0.6433745622634888
1327	0.01843590848147869	0.7047341465950012	0.6455842852592468
1328	0.018416140228509903	0.7080237865447998	0.6439297795295715
1329	0.01837385632097721	0.7061421871185303	0.6448761224746704
1330	0.01835065521299839	0.706516444683075	0.6446878910064697
1331	0.01834256574511528	0.7074669003486633	0.6442099809646606
1332	0.018340351060032845	0.7057889103889465	0.6450538039207458
1333	0.018339555710554123	0.7079029083251953	0.6439907550811768
1334	0.018331533297896385	0.7062897086143494	0.6448019742965698
1335	0.018332747742533684	0.707295298576355	0.6442962288856506
1336	0.018353303894400597	0.707364022731781	0.6442616581916809
1337	0.018397437408566475	0.7061883807182312	0.644852876663208
1338	0.01848737709224224	0.7084175944328308	0.6437318325042725
1339	0.01859411783516407	0.7053250074386597	0.6452871561050415
1340	0.018837546929717064	0.7091764807701111	0.6433501839637756
1341	0.019107988104224205	0.7050776481628418	0.645411491394043
1342	0.019782278686761856	0.7095991373062134	0.643137514591217
1343	0.020371243357658386	0.7052697539329529	0.6453148722648621
1344	0.021515240892767906	0.7093721628189087	0.6432518362998962
1345	0.021563241258263588	0.7051916122436523	0.6453542113304138
1346	0.02100358158349991	0.7076355218887329	0.6441251039505005
1347	0.019421452656388283	0.7061941623687744	0.6448500156402588
1348	0.018605684861540794	0.7051573991775513	0.6453714370727539
1349	0.019272107630968094	0.7066933512687683	0.6445989608764648
1350	0.01995542272925377	0.7059195041656494	0.6449880599975586
1351	0.019636329263448715	0.7052068114280701	0.6453465223312378
1352	0.0188127588480711	0.7073941230773926	0.6442466378211975
1353	0.018658488988876343	0.7041249871253967	0.6458905339241028
1354	0.01926514320075512	0.7083297371864319	0.6437760591506958
1355	0.019082199782133102	0.7036622762680054	0.6461232304573059
1356	0.018652407452464104	0.7067908048629761	0.6445500254631042
1357	0.01863115467131138	0.7054245471954346	0.645237147808075
1358	0.018824534490704536	0.7061895132064819	0.6448522210121155
1359	0.018780529499053955	0.7060310244560242	0.644931972026825
1360	0.01846947707235813	0.7054493427276611	0.6452246308326721
1361	0.018508732318878174	0.7064035534858704	0.6447447538375854
1362	0.018766360357403755	0.7057743668556213	0.6450610756874084
1363	0.018571525812149048	0.7065308690071106	0.6446806788444519
1364	0.018380165100097656	0.7046205401420593	0.6456414461135864
1365	0.018522776663303375	0.7065353393554688	0.6446784734725952
1366	0.01860232464969158	0.7046390175819397	0.6456321477890015
1367	0.018473006784915924	0.7063599824905396	0.644766628742218
1368	0.01833333633840084	0.7056870460510254	0.6451050043106079
1369	0.01844674162566662	0.7063475251197815	0.6447728872299194
1370	0.018550487235188484	0.7058712840080261	0.6450123190879822
1371	0.018394039943814278	0.7063738107681274	0.6447596549987793
1372	0.01832152158021927	0.7056111097335815	0.6451432704925537
1373	0.01841353252530098	0.7064663767814636	0.6447130441665649
1374	0.018430553376674652	0.7062923908233643	0.6448006629943848
1375	0.018348228186368942	0.7059728503227234	0.6449613571166992
1376	0.018309928476810455	0.7065948843955994	0.644648551940918
1377	0.018363619223237038	0.7060458660125732	0.6449245810508728
1378	0.01838929019868374	0.706616997718811	0.6446372866630554
1379	0.01832672208547592	0.7067698836326599	0.6445605158805847
1380	0.018301086500287056	0.7063124775886536	0.644790530204773
1381	0.018337352201342583	0.7068001627922058	0.644545316696167
1382	0.018349656835198402	0.7061764597892761	0.6448589563369751
1383	0.01831549033522606	0.7070111036300659	0.644439160823822
1384	0.018294064328074455	0.7065871953964233	0.6446523666381836
1385	0.01831582374870777	0.7070251703262329	0.6444321274757385
1386	0.01833171769976616	0.7068993449211121	0.6444953083992004
1387	0.018307656049728394	0.7070313096046448	0.6444289684295654
1388	0.018288036808371544	0.7072152495384216	0.6443365812301636
1389	0.018298234790563583	0.7070266604423523	0.6444312930107117
1390	0.01831112429499626	0.7072544097900391	0.6443168520927429
1391	0.01830287091434002	0.7072005867958069	0.6443438529968262
1392	0.0182860866189003	0.7072969675064087	0.644295334815979
1393	0.01828496903181076	0.7072104811668396	0.6443389058113098
1394	0.018295444548130035	0.7074997425079346	0.6441933512687683
1395	0.018297048285603523	0.70741868019104	0.6442342400550842
1396	0.01828751713037491	0.707673192024231	0.6441062688827515
1397	0.018280260264873505	0.7072835564613342	0.6443021893501282
1398	0.018285037949681282	0.7078573107719421	0.6440135836601257
1399	0.01829434372484684	0.7072089314460754	0.6443396806716919
1400	0.01829877495765686	0.708393394947052	0.6437439322471619
1401	0.018303850665688515	0.7066659927368164	0.644612729549408
1402	0.01832409016788006	0.7091766595840454	0.6433501243591309
1403	0.018369676545262337	0.7057454586029053	0.6450756788253784
1404	0.018465541303157806	0.7105965614318848	0.6426360607147217
1405	0.018614493310451508	0.7038114666938782	0.6460482478141785
1406	0.018931018188595772	0.7127370238304138	0.6415596604347229
1407	0.019339922815561295	0.7014472484588623	0.6472373008728027
1408	0.020057091489434242	0.7139707207679749	0.6409391760826111
1409	0.020466024056077003	0.7020578384399414	0.6469302177429199
1410	0.020567405968904495	0.7097324132919312	0.6430704593658447
1411	0.020143527537584305	0.7084908485412598	0.6436949968338013
1412	0.019307786598801613	0.700695812702179	0.6476150751113892
1413	0.019274886697530746	0.7134292125701904	0.6412115097045898
1414	0.019401930272579193	0.6990181803703308	0.6484588980674744
1415	0.019681496545672417	0.7106613516807556	0.6426034569740295
1416	0.019299985840916634	0.7071283459663391	0.6443802118301392
1417	0.018854817375540733	0.7023188471794128	0.6467989087104797
1418	0.018925057724118233	0.7116528749465942	0.6421048045158386
1419	0.018772367388010025	0.7034403681755066	0.6462348699569702
1420	0.018648525699973106	0.7074883580207825	0.6441990733146667
1421	0.018744412809610367	0.7082616686820984	0.6438102722167969
1422	0.018710095435380936	0.7042041420936584	0.6458507776260376
1423	0.01855062134563923	0.7074109315872192	0.6442381143569946
1424	0.018465673550963402	0.707321286201477	0.6442832350730896
1425	0.01865498349070549	0.7047110199928284	0.6455957889556885
1426	0.018707677721977234	0.7071079015731812	0.6443904042243958
1427	0.01839909888803959	0.7076936960220337	0.6440959572792053
1428	0.01836441271007061	0.7055160403251648	0.6451910734176636
1429	0.01856435090303421	0.7078813910484314	0.6440013647079468
1430	0.018467672169208527	0.7077170610427856	0.644084095954895
1431	0.018349144607782364	0.7047020196914673	0.6456003785133362
1432	0.018432995304465294	0.7087477445602417	0.6435657739639282
1433	0.01844159886240959	0.7068725824356079	0.6445087790489197
1434	0.018362604081630707	0.7053995728492737	0.6452494859695435
1435	0.01833484321832657	0.708769679069519	0.6435547471046448
1436	0.018371572718024254	0.7053450345993042	0.6452771425247192
1437	0.018342215567827225	0.7070956826210022	0.6443964838981628
1438	0.01831061765551567	0.7079697847366333	0.6439570784568787
1439	0.01836290955543518	0.705569863319397	0.6451639533042908
1440	0.018373193219304085	0.7072937488555908	0.6442970633506775
1441	0.018304627388715744	0.7085186243057251	0.643680989742279
1442	0.018298225477337837	0.704902172088623	0.6454997658729553
1443	0.018331607803702354	0.7085174918174744	0.6436816453933716
1444	0.018304280936717987	0.7071499228477478	0.64436936378479
1445	0.018282152712345123	0.7063276171684265	0.6447829604148865
1446	0.018301887437701225	0.7083532810211182	0.6437641382217407
1447	0.018303200602531433	0.706272542476654	0.6448104381561279
1448	0.018284330144524574	0.707643449306488	0.6441211700439453
1449	0.018288517370820045	0.7073296308517456	0.6442790627479553
1450	0.018293265253305435	0.7069093585014343	0.6444903612136841
1451	0.01827540062367916	0.707266092300415	0.6443108916282654
1452	0.018262607976794243	0.7076257467269897	0.6441300511360168
1453	0.018274275586009026	0.7071976065635681	0.6443454623222351
1454	0.018279340118169785	0.7070682048797607	0.6444104313850403
1455	0.018267424777150154	0.7081106305122375	0.6438862085342407
1456	0.018267013132572174	0.7064356207847595	0.6447285413742065
1457	0.018273498862981796	0.7080259323120117	0.6439287662506104
1458	0.01826884038746357	0.7074322700500488	0.6442273855209351
1459	0.018264126032590866	0.706932544708252	0.6444786190986633
1460	0.01826939545571804	0.7078672051429749	0.6440085768699646
1461	0.01827112026512623	0.7073323726654053	0.6442775726318359
1462	0.018265798687934875	0.7071457505226135	0.6443714499473572
1463	0.018266282975673676	0.7082605957984924	0.6438106298446655
1464	0.018275266513228416	0.7065925002098083	0.6446496844291687
1465	0.018287109211087227	0.7083989977836609	0.643741250038147
1466	0.018302178010344505	0.7067877054214478	0.6445515155792236
1467	0.01833992637693882	0.7083244919776917	0.6437786817550659
1468	0.01840411126613617	0.7065253257751465	0.6446835398674011
1469	0.01853835955262184	0.7094772458076477	0.6431989073753357
1470	0.018743187189102173	0.7053253054618835	0.6452868580818176
1471	0.019238367676734924	0.7115368247032166	0.642163097858429
1472	0.019751936197280884	0.7038844227790833	0.6460115909576416
1473	0.021073974668979645	0.7138866782188416	0.6409814357757568
1474	0.021300559863448143	0.7024672627449036	0.646724283695221
1475	0.021813809871673584	0.7126632332801819	0.6415967345237732
1476	0.02000976912677288	0.703619658946991	0.6461447477340698
1477	0.018672531470656395	0.7068030834197998	0.6445436477661133
1478	0.01893921196460724	0.707787811756134	0.6440485715866089
1479	0.01976999267935753	0.7035261988639832	0.6461917757987976
1480	0.019879601895809174	0.7096839547157288	0.6430948972702026
1481	0.01888568140566349	0.7052621245384216	0.6453187465667725
1482	0.01864420250058174	0.7057151794433594	0.6450908780097961
1483	0.01923121139407158	0.7089641690254211	0.6434568762779236
1484	0.01907815784215927	0.7036436796188354	0.6461327075958252
1485	0.018606657162308693	0.7081000804901123	0.6438915133476257
1486	0.018661264330148697	0.7056547403335571	0.6451213359832764
1487	0.01887855865061283	0.706693708896637	0.6445987820625305
1488	0.018685251474380493	0.7076017260551453	0.6441421508789062
1489	0.018442189320921898	0.7035601735115051	0.6461747884750366
1490	0.01862735114991665	0.7085866928100586	0.6436467170715332
1491	0.01874156855046749	0.705110490322113	0.6453949809074402
1492	0.018479181453585625	0.7068084478378296	0.6445410251617432
1493	0.018412845209240913	0.7066127061843872	0.6446394920349121
1494	0.018598539754748344	0.7049553990364075	0.645473062992096
1495	0.01853763312101364	0.707801342010498	0.6440417170524597
1496	0.018363455310463905	0.705234944820404	0.6453323364257812
1497	0.018421709537506104	0.7071617841720581	0.644363284111023
1498	0.018457483500242233	0.7077730298042297	0.6440560817718506
1499	0.018384134396910667	0.7049844264984131	0.6454584002494812
1500	0.018347932025790215	0.7061102390289307	0.6448922157287598
1501	0.018296202644705772	0.7077106237411499	0.6440873146057129
1502	0.018334491178393364	0.7071945667266846	0.6443469524383545
1503	0.0182880200445652	0.7058583498001099	0.6450188755989075
1504	0.018321756273508072	0.7060479521751404	0.6449235677719116
1505	0.018286684527993202	0.7073814272880554	0.6442528963088989
1506	0.018305322155356407	0.7074624300003052	0.6442123055458069
1507	0.018287336453795433	0.7062418460845947	0.6448258757591248
1508	0.01829301379621029	0.7059113383293152	0.6449923515319824
1509	0.018287761136889458	0.7070368528366089	0.6444262266159058
1510	0.018280737102031708	0.7076742649078369	0.6441056132316589
1511	0.018286971375346184	0.7067883610725403	0.6445512175559998
1512	0.01827489398419857	0.7060852646827698	0.6449047923088074
1513	0.018283093348145485	0.7068267464637756	0.6445317268371582
1514	0.018270274624228477	0.7077443599700928	0.6440704464912415
1515	0.018279144540429115	0.7072545886039734	0.6443167924880981
1516	0.018268201500177383	0.7063231468200684	0.6447852253913879
1517	0.018273573368787766	0.7066275477409363	0.6446319818496704
1518	0.018267381936311722	0.7076784372329712	0.6441035270690918
1519	0.01826881617307663	0.707731306552887	0.6440768837928772
1520	0.01826660893857479	0.7068661451339722	0.6445120573043823
1521	0.018264368176460266	0.7066987752914429	0.6445962190628052
1522	0.01826571673154831	0.707497239112854	0.6441947221755981
1523	0.018261559307575226	0.707890510559082	0.6439968943595886
1524	0.018263747915625572	0.7073604464530945	0.6442634463310242
1525	0.018259353935718536	0.7070388197898865	0.6444252133369446
1526	0.018261848017573357	0.7075157761573792	0.6441853642463684
1527	0.018257899209856987	0.7078869342803955	0.6439986824989319
1528	0.018259577453136444	0.7074963450431824	0.6441951394081116
1529	0.018256770446896553	0.7071225047111511	0.6443830728530884
1530	0.018257450312376022	0.7074711918830872	0.644207775592804
1531	0.0182558074593544	0.7079442739486694	0.6439698338508606
1532	0.018255440518260002	0.7077797651290894	0.6440525054931641
1533	0.01825483702123165	0.7073934078216553	0.6442469358444214
1534	0.018253907561302185	0.7075321078300476	0.6441770195960999
1535	0.018253587186336517	0.7079530954360962	0.6439654231071472
1536	0.018252570182085037	0.7079641222953796	0.6439598202705383
1537	0.01825244352221489	0.7076590657234192	0.6441133618354797
1538	0.01825137250125408	0.7076464295387268	0.6441196799278259
1539	0.018251223489642143	0.7079349756240845	0.6439745426177979
1540	0.01825036108493805	0.7080178260803223	0.6439328193664551
1541	0.01825002394616604	0.7078182697296143	0.6440330743789673
1542	0.018249396234750748	0.7077498435974121	0.644067645072937
1543	0.018248867243528366	0.7079264521598816	0.6439787745475769
1544	0.01824849098920822	0.7080302238464355	0.6439266204833984
1545	0.01824783906340599	0.7079408764839172	0.6439716219902039
1546	0.018247505649924278	0.7079058885574341	0.6439891457557678
1547	0.018246883526444435	0.7080317735671997	0.6439257860183716
1548	0.01824660785496235	0.7081092000007629	0.6438869833946228
1549	0.01824595220386982	0.7080297470092773	0.6439268589019775
1550	0.018245674669742584	0.7079699039459229	0.6439569592475891
1551	0.01824510097503662	0.7080488801002502	0.6439172029495239
1552	0.018244771286845207	0.7081359624862671	0.6438734531402588
1553	0.018244272097945213	0.7081142663955688	0.6438843011856079
1554	0.018243886530399323	0.70807284116745	0.6439052224159241
1555	0.018243473023176193	0.7081142663955688	0.6438844799995422
1556	0.018243039026856422	0.7081791758537292	0.6438517570495605
1557	0.018242664635181427	0.70818030834198	0.6438511610031128
1558	0.018242228776216507	0.708153486251831	0.6438645720481873
1559	0.018241889774799347	0.7081699967384338	0.643856406211853
1560	0.018241427838802338	0.7082104682922363	0.6438359618186951
1561	0.018241122364997864	0.7082216739654541	0.6438303589820862
1562	0.018240658566355705	0.7082136869430542	0.6438344120979309
1563	0.01824036054313183	0.7082226276397705	0.6438298225402832
1564	0.018239907920360565	0.7082424163818359	0.6438198685646057
1565	0.018239598721265793	0.7082496285438538	0.6438162326812744
1566	0.018239183351397514	0.7082553505897522	0.6438134908676147
1567	0.018238864839076996	0.7082772254943848	0.6438024044036865
1568	0.01823846437036991	0.7083006501197815	0.6437906622886658
1569	0.018238138407468796	0.7083037495613098	0.6437889933586121
1570	0.018237756565213203	0.7082983255386353	0.6437918543815613
1571	0.018237419426441193	0.708307683467865	0.643787145614624
1572	0.01823706366121769	0.7083269953727722	0.6437774300575256
1573	0.01823672279715538	0.7083368897438049	0.643772304058075
1574	0.018236378207802773	0.7083383798599243	0.6437715888023376
1575	0.018236037343740463	0.7083459496498108	0.6437678337097168
1576	0.018235700204968452	0.7083597779273987	0.6437609195709229
1577	0.018235355615615845	0.7083693146705627	0.6437562108039856
1578	0.018235033378005028	0.7083755135536194	0.6437529921531677
1579	0.018234694376587868	0.7083868384361267	0.6437472105026245
1580	0.0182343740016222	0.7084000706672668	0.6437406539916992
1581	0.01823403686285019	0.7084053158760071	0.6437379717826843
1582	0.01823371835052967	0.7084073424339294	0.6437370181083679
1583	0.018233388662338257	0.7084164619445801	0.6437323093414307
1584	0.018233077600598335	0.7084286212921143	0.6437262892723083
1585	0.01823274791240692	0.7084318399429321	0.6437246203422546
1586	0.018232442438602448	0.7084299325942993	0.6437255144119263
1587	0.018232116475701332	0.708437442779541	0.6437218189239502
1588	0.018231816589832306	0.7084521651268005	0.6437144875526428
1589	0.01823149062693119	0.7084594964981079	0.6437107920646667
1590	0.018231187015771866	0.708458423614502	0.643711268901825
1591	0.018230875954031944	0.7084627151489258	0.6437090635299683
1592	0.01823057048022747	0.7084735631942749	0.6437036395072937
1593	0.018230265006422997	0.708479642868042	0.6437005400657654
1594	0.01822996325790882	0.7084803581237793	0.6437001824378967
1595	0.018229663372039795	0.7084870338439941	0.6436969041824341
1596	0.01822935976088047	0.7084983587265015	0.6436911821365356
1597	0.018229061737656593	0.7085021138191223	0.6436893343925476
1598	0.018228765577077866	0.7085000276565552	0.6436904668807983
1599	0.018228473141789436	0.7085046768188477	0.6436880230903625
1600	0.01822817698121071	0.7085166573524475	0.6436820030212402
1601	0.01822788640856743	0.7085223197937012	0.643679141998291
1602	0.018227597698569298	0.7085207104682922	0.6436799168586731
1603	0.01822730153799057	0.7085249423980713	0.6436778903007507
1604	0.018227016553282738	0.7085365653038025	0.643671989440918
1605	0.018226725980639458	0.7085428833961487	0.6436688303947449
1606	0.018226446583867073	0.7085413932800293	0.6436695456504822
1607	0.01822615973651409	0.7085446119308472	0.643667995929718
1608	0.018225882202386856	0.7085549235343933	0.6436628103256226
1609	0.018225591629743576	0.7085617184638977	0.6436592936515808
1610	0.018225308507680893	0.7085617780685425	0.6436593532562256
1611	0.01822502911090851	0.708564817905426	0.6436577439308167
1612	0.01822476089000702	0.7085732817649841	0.6436535716056824
1613	0.018224479630589485	0.7085781693458557	0.643651008605957
1614	0.0182242039591074	0.7085778117179871	0.6436511278152466
1615	0.018223924562335014	0.7085812091827393	0.643649697303772
1616	0.018223652616143227	0.7085893750190735	0.6436454057693481
1617	0.01822337508201599	0.7085937857627869	0.6436431407928467
1618	0.01822310872375965	0.7085926532745361	0.6436437368392944
1619	0.01822284236550331	0.7085946798324585	0.6436427235603333
1620	0.018222572281956673	0.7086015939712524	0.6436392068862915
1621	0.018222302198410034	0.7086056470870972	0.6436371803283691
1622	0.018222032114863396	0.7086047530174255	0.6436377167701721
1623	0.018221765756607056	0.7086061239242554	0.6436370015144348
1624	0.018221501260995865	0.7086115479469299	0.6436342597007751
1625	0.018221236765384674	0.7086149454116821	0.6436325311660767
1626	0.01822098158299923	0.7086142897605896	0.6436328291893005
1627	0.01822071708738804	0.7086153626441956	0.6436324119567871
1628	0.018220456317067146	0.7086197733879089	0.6436301469802856
1629	0.018220195546746254	0.7086229920387268	0.6436285376548767
1630	0.018219932913780212	0.7086237668991089	0.6436281800270081
1631	0.018219679594039917	0.7086259722709656	0.6436269879341125
1632	0.018219420686364174	0.7086307406425476	0.6436245441436768
1633	0.018219156190752983	0.7086337804794312	0.6436231136322021
1634	0.018218908458948135	0.7086341381072998	0.643622875213623
1635	0.018218642100691795	0.708635687828064	0.643622100353241
1636	0.0182183925062418	0.7086395621299744	0.6436201930046082
1637	0.01821814477443695	0.7086422443389893	0.6436188220977783
1638	0.01821788400411606	0.708642303943634	0.6436188220977783
1639	0.01821763999760151	0.7086431980133057	0.6436184048652649
1640	0.018217390403151512	0.7086461782455444	0.6436168551445007
1641	0.018217140808701515	0.7086491584777832	0.6436154246330261
1642	0.01821688562631607	0.7086500525474548	0.6436149477958679
1643	0.018216637894511223	0.7086512446403503	0.6436143517494202
1644	0.018216393887996674	0.7086541652679443	0.6436128616333008
1645	0.018216149881482124	0.7086559534072876	0.6436119079589844
1646	0.01821589656174183	0.7086557149887085	0.6436121463775635
1647	0.01821565441787243	0.7086561918258667	0.6436117887496948
1648	0.01821540854871273	0.7086584568023682	0.6436105966567993
1649	0.018215158954262733	0.7086594104766846	0.6436101198196411
1650	0.01821492612361908	0.7086588144302368	0.6436106562614441
1651	0.01821468211710453	0.7086591124534607	0.6436103582382202
1652	0.018214434385299683	0.7086611986160278	0.6436092257499695
1653	0.01821420155465603	0.7086623311042786	0.6436086893081665
1654	0.01821395568549633	0.7086622714996338	0.6436086893081665
1655	0.01821371540427208	0.7086630463600159	0.6436084508895874
1656	0.018213478848338127	0.7086648344993591	0.6436074376106262
1657	0.018213242292404175	0.7086659073829651	0.6436069011688232
1658	0.018213002011179924	0.7086653113365173	0.6436073184013367
1659	0.01821276545524597	0.7086650729179382	0.6436073184013367
1660	0.018212532624602318	0.7086657881736755	0.6436070203781128
1661	0.018212292343378067	0.7086665630340576	0.6436065435409546
1662	0.018212055787444115	0.7086665630340576	0.6436066031455994
1663	0.01821182481944561	0.7086671590805054	0.6436063647270203
1664	0.018211591988801956	0.7086684107780457	0.6436057686805725
1665	0.01821136102080345	0.708669126033783	0.6436053514480591
1666	0.01821112632751465	0.7086699604988098	0.6436048746109009
1667	0.018210897222161293	0.7086713314056396	0.6436042785644531
1668	0.01821066439151764	0.7086725831031799	0.6436036229133606
1669	0.018210433423519135	0.7086730003356934	0.6436033248901367
1670	0.018210209906101227	0.7086731195449829	0.6436033248901367
1671	0.018209971487522125	0.7086735367774963	0.6436031460762024
1672	0.01820973865687847	0.7086743116378784	0.643602728843689
1673	0.018209513276815414	0.7086747884750366	0.6436024308204651
1674	0.018209289759397507	0.7086753249168396	0.6436022520065308
1675	0.01820906065404415	0.7086763381958008	0.643601655960083
1676	0.018208831548690796	0.7086770534515381	0.6436014175415039
1677	0.018208608031272888	0.7086771726608276	0.6436012983322144
1678	0.01820838265120983	0.708677351474762	0.6436011791229248
1679	0.018208159133791924	0.7086775302886963	0.64360111951828
1680	0.018207918852567673	0.7086781859397888	0.6436007022857666
1681	0.018207702785730362	0.7086794972419739	0.6436001062393188
1682	0.018207471817731857	0.7086799740791321	0.6435999274253845
1683	0.0182072464376688	0.7086799740791321	0.643599808216095
1684	0.01820702664554119	0.7086811065673828	0.643599271774292
1685	0.018206795677542686	0.7086825966835022	0.6435984969139099
1686	0.018206575885415077	0.7086831331253052	0.6435983180999756
1687	0.018206356093287468	0.7086837291717529	0.6435980200767517
1688	0.018206125125288963	0.7086851000785828	0.6435972452163696
1689	0.018205901607871056	0.7086861729621887	0.6435966491699219
1690	0.0182056725025177	0.708686351776123	0.6435966491699219
1691	0.01820545271039009	0.7086867094039917	0.6435966491699219
1692	0.01820523664355278	0.7086873650550842	0.6435960531234741
1693	0.018205011263489723	0.7086876630783081	0.6435959935188293
1694	0.018204791471362114	0.7086880803108215	0.643595814704895
1695	0.018204569816589355	0.7086889147758484	0.6435954570770264
1696	0.018204348161816597	0.7086891531944275	0.6435951590538025
1697	0.018204128369688988	0.7086886763572693	0.6435954570770264
1698	0.018203914165496826	0.7086882591247559	0.6435957551002502
1699	0.01820369064807892	0.7086881399154663	0.643595814704895
1700	0.01820346899330616	0.7086878418922424	0.6435959935188293
1701	0.0182032473385334	0.7086871862411499	0.6435962915420532
1702	0.01820303127169609	0.7086865901947021	0.6435965895652771
1703	0.01820281893014908	0.7086861729621887	0.6435967087745667
1704	0.018202602863311768	0.7086854577064514	0.6435970664024353
1705	0.018202384933829308	0.7086848020553589	0.643597424030304
1706	0.018202168866991997	0.7086844444274902	0.6435975432395935
1707	0.018201954662799835	0.7086841464042664	0.6435977220535278
1708	0.018201740458607674	0.7086838483810425	0.6435980200767517
1709	0.018201522529125214	0.7086829543113708	0.6435983180999756
1710	0.0182013139128685	0.7086824178695679	0.6435986757278442
1711	0.018201086670160294	0.708682119846344	0.6435987949371338
1712	0.018200881779193878	0.7086814045906067	0.6435990929603577
1713	0.018200673162937164	0.7086803317070007	0.643599808216095
1714	0.018200457096099854	0.7086799144744873	0.6435998678207397
1715	0.01820024475455284	0.7086798548698425	0.6435999274253845
1716	0.018200038000941277	0.7086793780326843	0.6436002254486084
1717	0.018199821934103966	0.7086787819862366	0.6436004638671875
1718	0.018199605867266655	0.7086790204048157	0.643600344657898
1719	0.01819939725100994	0.7086791396141052	0.643600344657898
1720	0.018199190497398376	0.7086780667304993	0.6436008810997009
1721	0.018198983743786812	0.7086772918701172	0.6436011791229248
1722	0.0181987676769495	0.7086771726608276	0.6436013579368591
1723	0.018198564648628235	0.7086764574050903	0.643601655960083
1724	0.018198348581790924	0.7086753845214844	0.643602192401886
1725	0.01819814182817936	0.708674967288971	0.6436023712158203
1726	0.018197927623987198	0.7086747884750366	0.6436024904251099
1727	0.01819772459566593	0.7086737751960754	0.6436030268669128
1728	0.018197519704699516	0.7086724638938904	0.6436036825180054
1729	0.0181973148137331	0.7086716890335083	0.643604040145874
1730	0.018197106197476387	0.7086713314056396	0.6436042189598083
1731	0.01819690316915512	0.7086701989173889	0.6436048150062561
1732	0.018196700140833855	0.7086690664291382	0.6436053514480591
1733	0.01819649711251259	0.70866858959198	0.6436055898666382
1734	0.018196284770965576	0.7086678743362427	0.6436059474945068
1735	0.01819608360528946	0.7086663842201233	0.6436066627502441
1736	0.018195873126387596	0.7086653113365173	0.6436072587966919
1737	0.01819567009806633	0.7086644172668457	0.6436076760292053
1738	0.01819547638297081	0.7086634635925293	0.6436081528663635
1739	0.018195264041423798	0.7086625695228577	0.643608570098877
1740	0.01819506473839283	0.7086619138717651	0.643608808517456
1741	0.018194863572716713	0.7086610198020935	0.6436094641685486
1742	0.018194664269685745	0.7086599469184875	0.6436100006103516
1743	0.01819445937871933	0.7086586356163025	0.6436106562614441
1744	0.018194258213043213	0.7086573839187622	0.6436111927032471
1745	0.018194062635302544	0.7086559534072876	0.6436119079589844
1746	0.018193861469626427	0.7086543440818787	0.643612802028656
1747	0.018193652853369713	0.7086525559425354	0.6436136364936829
1748	0.018193457275629044	0.7086507678031921	0.6436145305633545
1749	0.01819325052201748	0.7086488604545593	0.6436154246330261
1750	0.01819305494427681	0.7086466550827026	0.6436165571212769
1751	0.018192853778600693	0.7086446285247803	0.643617570400238
1752	0.018192654475569725	0.7086426019668579	0.6436187028884888
1753	0.018192458897829056	0.7086408138275146	0.6436195969581604
1754	0.018192261457443237	0.7086385488510132	0.6436206698417664
1755	0.01819206215441227	0.7086364030838013	0.6436217427253723
1756	0.01819186471402645	0.708634614944458	0.6436225175857544
1757	0.01819167286157608	0.7086325287818909	0.6436237096786499
1758	0.018191466107964516	0.7086300253868103	0.6436249613761902
1759	0.018191268667578697	0.7086282968521118	0.6436258554458618
1760	0.018191078677773476	0.7086267471313477	0.6436265707015991
1761	0.018190881237387657	0.7086246609687805	0.6436277627944946
1762	0.018190687522292137	0.7086222171783447	0.6436290144920349
1763	0.01819049008190632	0.7086203098297119	0.6436298489570618
1764	0.0181902926415205	0.7086184024810791	0.643630862236023
1765	0.01819009892642498	0.7086154818534851	0.6436323523521423
1766	0.01818990148603916	0.7086126208305359	0.6436337828636169
1767	0.01818970963358879	0.7086102366447449	0.6436349749565125
1768	0.01818951778113842	0.7086078524589539	0.6436362266540527
1769	0.01818932220339775	0.7086048722267151	0.6436377167701721
1770	0.01818912848830223	0.7086024880409241	0.6436388492584229
1771	0.01818893849849701	0.7086005806922913	0.6436398029327393
1772	0.01818874478340149	0.7085983753204346	0.6436408758163452
1773	0.01818855106830597	0.7085955739021301	0.6436424255371094
1774	0.0181883592158556	0.7085933089256287	0.6436433792114258
1775	0.01818816550076008	0.7085910439491272	0.6436446309089661
1776	0.018187973648309708	0.7085880637168884	0.643646240234375
1777	0.018187783658504486	0.7085856795310974	0.6436472535133362
1778	0.018187591806054115	0.7085838317871094	0.6436481475830078
1779	0.01818740740418434	0.7085815668106079	0.6436493992805481
1780	0.01818721368908882	0.7085790038108826	0.6436505913734436
1781	0.01818702183663845	0.7085767984390259	0.6436516642570496
1782	0.018186835572123528	0.7085749506950378	0.643652617931366
1783	0.018186645582318306	0.7085727453231812	0.6436538100242615
1784	0.018186461180448532	0.7085705399513245	0.6436549425125122
1785	0.018186265602707863	0.7085689306259155	0.6436556577682495
1786	0.01818607747554779	0.7085668444633484	0.6436569094657898
1787	0.01818588748574257	0.7085638046264648	0.6436582207679749
1788	0.018185706809163094	0.7085608839988708	0.6436597108840942
1789	0.018185511231422424	0.7085586786270142	0.6436609029769897
1790	0.01818532682955265	0.7085562944412231	0.6436620354652405
1791	0.018185138702392578	0.7085539102554321	0.6436634063720703
1792	0.018184954300522804	0.7085522413253784	0.6436641216278076
1793	0.01818476803600788	0.7085509300231934	0.6436647772789001
1794	0.018184581771492958	0.7085486650466919	0.6436658501625061
1795	0.018184393644332886	0.7085463404655457	0.6436671018600464
1796	0.01818421296775341	0.7085442543029785	0.6436681747436523
1797	0.01818402297794819	0.7085414528846741	0.6436694860458374
1798	0.018183842301368713	0.7085390686988831	0.6436707377433777
1799	0.018183652311563492	0.7085368037223816	0.6436718702316284
1800	0.01818346604704857	0.7085345387458801	0.6436730623245239
1801	0.018183285370469093	0.7085325121879578	0.6436740756034851
1802	0.01818309910595417	0.7085305452346802	0.6436749696731567
1803	0.018182918429374695	0.7085283398628235	0.6436761617660522
1804	0.01818273402750492	0.7085256576538086	0.6436774730682373
1805	0.018182549625635147	0.708522617816925	0.6436789631843567
1806	0.018182367086410522	0.7085204720497131	0.6436800956726074
1807	0.01818218268454075	0.7085182070732117	0.6436811685562134
1808	0.01818200759589672	0.7085152268409729	0.6436826586723328
1809	0.0181818176060915	0.708512008190155	0.643684446811676
1810	0.018181631341576576	0.7085096836090088	0.643685519695282
1811	0.01818145252764225	0.7085071206092834	0.6436867713928223
1812	0.018181271851062775	0.7085044980049133	0.6436880230903625
1813	0.018181094899773598	0.7085015177726746	0.6436895132064819
1814	0.018180912360548973	0.708498477935791	0.6436910629272461
1815	0.01818072982132435	0.7084956765174866	0.6436926126480103
1816	0.018180545419454575	0.7084933519363403	0.6436936855316162
1817	0.01818036660552025	0.7084904909133911	0.6436952352523804
1818	0.01818019151687622	0.7084876894950867	0.6436965465545654
1819	0.018180010840296745	0.7084855437278748	0.6436977982521057
1820	0.01817983016371727	0.7084826231002808	0.643699049949646
1821	0.018179653212428093	0.7084798216819763	0.6437005996704102
1822	0.018179476261138916	0.7084774971008301	0.6437016725540161
1823	0.018179289996623993	0.7084745764732361	0.6437031626701355
1824	0.01817912422120571	0.7084717154502869	0.6437045335769653
1825	0.018178941681981087	0.7084691524505615	0.6437059044837952
1826	0.01817876100540161	0.7084661722183228	0.6437073945999146
1827	0.018178584054112434	0.7084635496139526	0.6437085866928101
1828	0.018178408965468407	0.708461344242096	0.6437098383903503
1829	0.01817823015153408	0.7084584832191467	0.6437112092971802
1830	0.018178049474954605	0.7084554433822632	0.6437128186225891
1831	0.018177876248955727	0.708452582359314	0.6437143087387085
1832	0.018177703022956848	0.7084498405456543	0.6437156796455383
1833	0.018177518621087074	0.7084468603134155	0.6437170505523682
1834	0.018177345395088196	0.7084444761276245	0.6437183022499084
1835	0.018177172169089317	0.7084423899650574	0.6437193155288696
1836	0.01817699708044529	0.7084389925003052	0.6437211632728577
1837	0.018176816403865814	0.7084358334541321	0.643722653388977
1838	0.018176643177866936	0.7084333896636963	0.6437239646911621
1839	0.018176475539803505	0.7084299921989441	0.643725574016571
1840	0.01817629672586918	0.7084271907806396	0.6437269449234009
1841	0.01817612163722515	0.70842444896698	0.6437283754348755
1842	0.018175942823290825	0.7084216475486755	0.6437297463417053
1843	0.018175771459937096	0.7084185481071472	0.6437313556671143
1844	0.018175598233938217	0.7084161043167114	0.6437325477600098
1845	0.01817542314529419	0.7084139585494995	0.6437336802482605
1846	0.018175248056650162	0.7084112167358398	0.6437349915504456
1847	0.01817507855594158	0.7084081172943115	0.6437365412712097
1848	0.018174907192587852	0.7084057331085205	0.64373779296875
1849	0.018174733966588974	0.7084031701087952	0.6437390446662903
1850	0.018174558877944946	0.708400309085846	0.6437405347824097
1851	0.018174394965171814	0.7083981037139893	0.6437416672706604
1852	0.01817421242594719	0.7083954215049744	0.6437430381774902
1853	0.01817404478788376	0.7083926796913147	0.6437442898750305
1854	0.01817387528717518	0.7083901762962341	0.6437457203865051
1855	0.0181737057864666	0.7083877921104431	0.6437467932701111
1856	0.01817352883517742	0.7083852887153625	0.6437481045722961
1857	0.01817336119711399	0.7083813548088074	0.6437501311302185
1858	0.01817318983376026	0.7083784341812134	0.6437515020370483
1859	0.018173018470406532	0.7083753943443298	0.6437529921531677
1860	0.018172848969697952	0.7083718776702881	0.643754780292511
1861	0.018172677606344223	0.7083689570426941	0.6437562704086304
1862	0.018172500655055046	0.708365797996521	0.6437578797340393
1863	0.018172334879636765	0.7083624601364136	0.6437596082687378
1864	0.018172167241573334	0.7083593010902405	0.643761157989502
1865	0.018171999603509903	0.7083552479743958	0.6437631249427795
1866	0.018171824514865875	0.7083518505096436	0.6437649130821228
1867	0.018171656876802444	0.7083490490913391	0.6437662839889526
1868	0.018171491101384163	0.708346426486969	0.6437675952911377
1869	0.018171316012740135	0.7083436846733093	0.6437690258026123
1870	0.018171148374676704	0.7083411812782288	0.6437702178955078
1871	0.018170982599258423	0.7083389163017273	0.6437715291976929
1872	0.01817081868648529	0.7083357572555542	0.6437730193138123
1873	0.01817064918577671	0.7083335518836975	0.643774151802063
1874	0.018170474097132683	0.7083303332328796	0.6437757015228271
1875	0.018170306459069252	0.7083271741867065	0.6437773108482361
1876	0.01817013882100582	0.7083250880241394	0.6437783241271973
1877	0.01816997304558754	0.7083225250244141	0.6437795758247375
1878	0.018169809132814407	0.7083204984664917	0.6437807083129883
1879	0.018169637769460678	0.7083183526992798	0.6437817811965942
1880	0.018169471994042397	0.7083167433738708	0.6437825560569763
1881	0.018169308081269264	0.7083143591880798	0.6437837481498718
1882	0.018169132992625237	0.7083117365837097	0.6437850594520569
1883	0.018168972805142403	0.70830899477005	0.6437863707542419
1884	0.018168799579143524	0.7083063721656799	0.6437877416610718
1885	0.018168633803725243	0.7083036303520203	0.6437891125679016
1886	0.01816846989095211	0.7083002924919128	0.6437908411026001
1887	0.018168294802308083	0.7082977890968323	0.6437920928001404
1888	0.01816813088953495	0.7082948684692383	0.643793523311615
1889	0.018167968839406967	0.7082920670509338	0.6437948942184448
1890	0.018167804926633835	0.7082887887954712	0.6437966227531433
1891	0.018167635425925255	0.7082852125167847	0.6437984108924866
1892	0.01816747337579727	0.7082815170288086	0.6438001990318298
1893	0.01816731132566929	0.7082780599594116	0.6438020467758179
1894	0.01816714182496071	0.708274781703949	0.6438036561012268
1895	0.018166977912187576	0.7082716226577759	0.643805205821991
1896	0.018166813999414444	0.7082692980766296	0.6438064575195312
1897	0.01816665381193161	0.7082655429840088	0.6438082456588745
1898	0.018166489899158478	0.7082623243331909	0.643809974193573
1899	0.018166324123740196	0.7082592248916626	0.6438114047050476
1900	0.018166156485676765	0.7082553505897522	0.64381343126297
1901	0.018165988847613335	0.7082520127296448	0.6438150405883789
1902	0.0181658286601305	0.7082486152648926	0.6438168287277222
1903	0.018165668472647667	0.7082458138465881	0.643818199634552
1904	0.018165500834584236	0.7082420587539673	0.6438201069831848
1905	0.01816534623503685	0.7082393765449524	0.6438214778900146
1906	0.018165182322263718	0.7082365155220032	0.6438229084014893
1907	0.018165012821555138	0.7082330584526062	0.6438246369361877
1908	0.018164852634072304	0.7082296013832092	0.6438262462615967
1909	0.01816469244658947	0.7082266211509705	0.6438277959823608
1910	0.018164530396461487	0.7082239389419556	0.6438292264938354
1911	0.018164370208978653	0.7082201242446899	0.6438310742378235
1912	0.01816420629620552	0.7082170248031616	0.643832802772522
1913	0.018164044246077538	0.708213746547699	0.6438342332839966
1914	0.018163882195949554	0.7082104682922363	0.6438360810279846
1915	0.018163718283176422	0.7082070708274841	0.6438376903533936
1916	0.018163559958338737	0.7082033753395081	0.6438394784927368
1917	0.018163399770855904	0.7082003355026245	0.643841028213501
1918	0.01816323772072792	0.7081966996192932	0.6438429355621338
1919	0.01816307194530964	0.708193838596344	0.6438443660736084
1920	0.018162919208407402	0.7081904411315918	0.6438460946083069
1921	0.018162760883569717	0.7081874012947083	0.6438475847244263
1922	0.018162598833441734	0.7081834673881531	0.6438495516777039
1923	0.0181624386459589	0.708180844783783	0.6438509225845337
1924	0.018162278458476067	0.7081776857376099	0.6438524127006531
1925	0.018162120133638382	0.7081740498542786	0.6438542604446411
1926	0.018161963671445847	0.7081705927848816	0.6438560485839844
1927	0.018161801621317863	0.708167552947998	0.6438575983047485
1928	0.01816164143383503	0.708164393901825	0.6438591480255127
1929	0.018161477521061897	0.7081611752510071	0.6438608169555664
1930	0.01816132478415966	0.7081573605537415	0.643862783908844
1931	0.018161160871386528	0.7081536054611206	0.6438645720481873
1932	0.01816100999712944	0.7081506848335266	0.6438660025596619
1933	0.018160847947001457	0.7081464529037476	0.6438683271408081
1934	0.01816069334745407	0.7081426382064819	0.6438700556755066
1935	0.018160535022616386	0.7081390619277954	0.6438718438148499
1936	0.018160376697778702	0.7081358432769775	0.643873393535614
1937	0.01816021464765072	0.7081320881843567	0.6438754200935364
1938	0.018160058185458183	0.7081294655799866	0.6438766717910767
1939	0.018159901723265648	0.708125114440918	0.6438789367675781
1940	0.018159741535782814	0.7081226110458374	0.6438801884651184
1941	0.01815958507359028	0.7081181406974792	0.6438823938369751
1942	0.018159430474042892	0.7081167101860046	0.643883228302002
1943	0.018159274011850357	0.7081111073493958	0.6438859701156616
1944	0.01815912127494812	0.7081105709075928	0.6438862085342407
1945	0.018158962950110435	0.7081034779548645	0.6438897848129272
1946	0.0181588064879179	0.7081047892570496	0.6438891291618347
1947	0.018158655613660812	0.7080944180488586	0.6438944339752197
1948	0.018158501014113426	0.7080986499786377	0.6438922882080078
1949	0.01815834268927574	0.7080854773521423	0.6438989043235779
1950	0.018158191815018654	0.70809406042099	0.6438944935798645
1951	0.018158040940761566	0.7080758213996887	0.6439037322998047
1952	0.01815789006650448	0.7080913186073303	0.6438958644866943
1953	0.01815774105489254	0.7080653309822083	0.6439088582992554
1954	0.0181575994938612	0.708089292049408	0.6438968777656555
1955	0.018157461658120155	0.708052933216095	0.6439151763916016
1956	0.018157320097088814	0.7080874443054199	0.6438978910446167
1957	0.018157191574573517	0.7080387473106384	0.6439223885536194
1958	0.018157070502638817	0.7080889344215393	0.6438969969749451
1959	0.01815696619451046	0.7080209851264954	0.6439312696456909
1960	0.018156882375478745	0.7080928683280945	0.643895149230957
1961	0.01815682277083397	0.7079997062683105	0.6439418792724609
1962	0.018156804144382477	0.7081016302108765	0.6438907384872437
1963	0.018156852573156357	0.7079709768295288	0.6439564228057861
1964	0.018156979233026505	0.70811927318573	0.6438818573951721
1965	0.01815726049244404	0.7079302072525024	0.6439769268035889
1966	0.018157726153731346	0.7081505060195923	0.6438661813735962
1967	0.018158528953790665	0.7078757882118225	0.6440043449401855
1968	0.0181597787886858	0.7082032561302185	0.6438395977020264
1969	0.01816185563802719	0.7077913284301758	0.6440467238426208
1970	0.01816500350832939	0.7082923054695129	0.6437948346138
1971	0.018170220777392387	0.7076641321182251	0.6441106796264648
1972	0.018177732825279236	0.7084274291992188	0.6437269449234009
1973	0.0181900542229414	0.7074905633926392	0.6441980600357056
1974	0.018205733969807625	0.7086115479469299	0.6436343193054199
1975	0.018230054527521133	0.7072785496711731	0.6443045735359192
1976	0.018253719434142113	0.7087792158126831	0.643549919128418
1977	0.018285464495420456	0.7071274518966675	0.6443806886672974
1978	0.01829523593187332	0.7087331414222717	0.6435731053352356
1979	0.01829542964696884	0.7072033882141113	0.644342303276062
1980	0.018253587186336517	0.7083141803741455	0.6437838077545166
1981	0.018203753978013992	0.707646906375885	0.6441194415092468
1982	0.01816307194530964	0.7077162265777588	0.6440844535827637
1983	0.018157735466957092	0.7081497311592102	0.6438665986061096
1984	0.018180929124355316	0.7073662877082825	0.6442604660987854
1985	0.018201794475317	0.7081876993179321	0.6438474655151367
1986	0.018200619146227837	0.7074242830276489	0.6442314386367798
1987	0.018176252022385597	0.7077524065971375	0.644066333770752
1988	0.018156826496124268	0.7077497243881226	0.6440677046775818
1989	0.018157964572310448	0.7073767781257629	0.6442552804946899
1990	0.018172362819314003	0.7079601287841797	0.6439618468284607
1991	0.018181059509515762	0.7073574662208557	0.6442650556564331
1992	0.018172981217503548	0.7077589631080627	0.6440630555152893
1993	0.018159406259655952	0.7076365351676941	0.6441246867179871
1994	0.018153924494981766	0.7074851989746094	0.6442008018493652
1995	0.018159709870815277	0.7078920602798462	0.6439961791038513
1996	0.01816748082637787	0.7074568271636963	0.6442149877548218
1997	0.018167249858379364	0.7078521847724915	0.6440162658691406
1998	0.018160343170166016	0.7076127529144287	0.6441364884376526
1999	0.01815386302769184	0.707626223564148	0.6441298723220825
2000	0.01815364509820938	0.7078388333320618	0.6440229415893555
2001	0.01815801113843918	0.7075096964836121	0.6441883444786072
2002	0.018161144107580185	0.7078786492347717	0.6440028548240662
2003	0.018160028383135796	0.7075875997543335	0.6441491842269897
2004	0.018155738711357117	0.7077485918998718	0.6440682411193848
2005	0.018152371048927307	0.707758367061615	0.6440633535385132
2006	0.018152128905057907	0.7076331377029419	0.644126296043396
2007	0.018154224380850792	0.707881510257721	0.6440014243125916
2008	0.01815626583993435	0.7076087594032288	0.6441384553909302
2009	0.018156327307224274	0.7078876495361328	0.6439982056617737
2010	0.018154621124267578	0.7076950073242188	0.644095242023468
2011	0.01815231330692768	0.7077997922897339	0.6440424919128418
2012	0.018150854855775833	0.7078166007995605	0.6440341472625732
2013	0.018150750547647476	0.707721471786499	0.6440818905830383
2014	0.01815161295235157	0.7079002857208252	0.643992006778717
2015	0.0181526280939579	0.707695722579956	0.6440950036048889
2016	0.018153075128793716	0.7079296708106995	0.6439772844314575
2017	0.01815280318260193	0.707724392414093	0.6440803408622742
2018	0.01815189979970455	0.7079048156738281	0.6439896821975708
2019	0.018150823190808296	0.7077944278717041	0.6440452337265015
2020	0.018149888142943382	0.7078617811203003	0.644011378288269
2021	0.018149297684431076	0.7078614830970764	0.6440114378929138
2022	0.01814909651875496	0.7078242301940918	0.6440302133560181
2023	0.018149197101593018	0.7079192399978638	0.643982470035553
2024	0.018149448558688164	0.7077957987785339	0.6440445780754089
2025	0.018149754032492638	0.7079525589942932	0.6439657211303711
2026	0.01815004087984562	0.7077729105949402	0.6440559029579163
2027	0.018150262534618378	0.7079726457595825	0.6439555883407593
2028	0.018150469288229942	0.7077664136886597	0.6440593004226685
2029	0.01815064810216427	0.7079980373382568	0.6439428329467773
2030	0.018150903284549713	0.7077538371086121	0.6440655589103699
2031	0.01815122738480568	0.7080207467079163	0.6439313292503357
2032	0.018151801079511642	0.7077251076698303	0.6440801024436951
2033	0.018152648583054543	0.7080585360527039	0.6439123749732971
2034	0.018154123798012733	0.7076753377914429	0.644105076789856
2035	0.018156306818127632	0.7081306576728821	0.6438761353492737
2036	0.018160078674554825	0.7075906991958618	0.6441477537155151
2037	0.018165672197937965	0.708254873752594	0.6438136100769043
2038	0.018175533041357994	0.7074419260025024	0.6442224979400635
2039	0.018189843744039536	0.7084550857543945	0.6437129378318787
2040	0.018215419724583626	0.7072040438652039	0.6443420648574829
2041	0.018248967826366425	0.7087341547012329	0.6435726284980774
2042	0.018306797370314598	0.7069072127342224	0.6444914937019348
2043	0.018359875306487083	0.7089730501174927	0.6434523463249207
2044	0.018432235345244408	0.7067787051200867	0.6445560455322266
2045	0.018422119319438934	0.7086846232414246	0.6435975432395935
2046	0.018374232575297356	0.7071276903152466	0.6443805694580078
2047	0.018244510516524315	0.7078017592430115	0.6440415978431702
2048	0.018158473074436188	0.7078866958618164	0.6439987421035767
2049	0.01816762238740921	0.7071523070335388	0.6443681716918945
2050	0.018230842426419258	0.7082059383392334	0.6438382267951965
2051	0.0182578656822443	0.7071806788444519	0.6443538665771484
2052	0.01820378378033638	0.7075697183609009	0.6441582441329956
2053	0.018153762444853783	0.7076248526573181	0.6441304087638855
2054	0.01816420443356037	0.707031786441803	0.6444287300109863
2055	0.018201984465122223	0.7077799439430237	0.6440524458885193
2056	0.018205350264906883	0.707166314125061	0.6443610787391663
2057	0.01816762425005436	0.7073163986206055	0.6442856192588806
2058	0.018149886280298233	0.707554817199707	0.6441656947135925
2059	0.01816941425204277	0.7070740461349487	0.6444075703620911
2060	0.018185649067163467	0.7076699733734131	0.6441077589988708
2061	0.018173446878790855	0.7073428630828857	0.6442723274230957
2062	0.018151693046092987	0.7073154449462891	0.6442861557006836
2063	0.018152261152863503	0.7076342701911926	0.6441258192062378
2064	0.018167685717344284	0.7071967124938965	0.6443458199501038
2065	0.018170110881328583	0.7076141834259033	0.6441358327865601
2066	0.018157361075282097	0.7074567675590515	0.6442151069641113
2067	0.0181476641446352	0.7073607444763184	0.6442633867263794
2068	0.018152480944991112	0.7076784372329712	0.6441036462783813
2069	0.01816128008067608	0.7073302865028381	0.6442787051200867
2070	0.018159983679652214	0.7076537609100342	0.6441158652305603
2071	0.018151436001062393	0.707520067691803	0.6441832184791565
2072	0.018146298825740814	0.7074363231658936	0.6442252993583679
2073	0.018149359151721	0.7077168822288513	0.6440841555595398
2074	0.018154611811041832	0.707436740398407	0.6442251205444336
2075	0.01815463788807392	0.7077493071556091	0.6440679430961609
2076	0.01814994588494301	0.707591712474823	0.6441472172737122
2077	0.018145615234971046	0.7075803875923157	0.6441528797149658
2078	0.018145540729165077	0.7077550292015076	0.6440650820732117
2079	0.018148435279726982	0.7075358033180237	0.6441751718521118
2080	0.01815045438706875	0.7078067660331726	0.6440390944480896
2081	0.01814962550997734	0.7075935006141663	0.6441462635993958
2082	0.0181466955691576	0.7077368497848511	0.6440741419792175
2083	0.018144259229302406	0.7077416181564331	0.644071638584137
2084	0.018143758177757263	0.7076791524887085	0.6441032290458679
2085	0.01814490370452404	0.707857072353363	0.6440137028694153
2086	0.018146323040127754	0.7076405882835388	0.6441226005554199
2087	0.01814677193760872	0.7078790068626404	0.6440027356147766
2088	0.018146054819226265	0.7077189087867737	0.6440832018852234
2089	0.018144574016332626	0.7078606486320496	0.6440118551254272
2090	0.01814315654337406	0.7077974677085876	0.6440435647964478
2091	0.018142327666282654	0.7077911496162415	0.6440468430519104
2092	0.018142199143767357	0.7078681588172913	0.6440081596374512
2093	0.018142573535442352	0.7077667117118835	0.6440592408180237
2094	0.018143126741051674	0.7079330682754517	0.6439754962921143
2095	0.018143590539693832	0.7077459096908569	0.6440696120262146
2096	0.018143806606531143	0.7079464793205261	0.6439688205718994
2097	0.0181437935680151	0.7077611684799194	0.6440618634223938
2098	0.018143542110919952	0.7079612016677856	0.6439613103866577
2099	0.01814323104918003	0.7077736854553223	0.6440556645393372
2100	0.01814284920692444	0.7079529166221619	0.643965482711792
2101	0.01814253069460392	0.7077842950820923	0.6440503597259521
2102	0.01814224198460579	0.7079728841781616	0.643955409526825
2103	0.01814207248389721	0.7078056931495667	0.644039511680603
2104	0.01814202405512333	0.7079898715019226	0.6439468860626221
2105	0.01814217120409012	0.7077848315238953	0.644050121307373
2106	0.01814255677163601	0.7080208659172058	0.6439313292503357
2107	0.018143408000469208	0.7077491283416748	0.6440680623054504
2108	0.018144920468330383	0.7080869078636169	0.643898069858551
2109	0.01814781315624714	0.7076594829559326	0.6441131234169006
2110	0.01815277338027954	0.7082112431526184	0.6438356637954712
2111	0.018162352964282036	0.7074941992759705	0.6441962718963623
2112	0.01817876286804676	0.7084657549858093	0.6437075734138489
2113	0.01821160688996315	0.7071902751922607	0.6443490386009216
2114	0.018264342099428177	0.7088997960090637	0.643489420413971
2115	0.018369784578680992	0.7067483067512512	0.6445714235305786
2116	0.01849663071334362	0.7094233632087708	0.6432260274887085
2117	0.01870816759765148	0.7064987421035767	0.6446967720985413
2118	0.018731893971562386	0.70902019739151	0.6434287428855896
2119	0.018659070134162903	0.7070498466491699	0.6444197297096252
2120	0.01831754669547081	0.7075116634368896	0.6441873908042908
2121	0.018152305856347084	0.7081385254859924	0.6438721418380737
2122	0.01827472820878029	0.7069725394248962	0.6444584727287292
2123	0.0183884110301733	0.7080432176589966	0.6439200639724731
2124	0.018298961222171783	0.7074974179267883	0.6441946029663086
2125	0.018157532438635826	0.7069879770278931	0.644450843334198
2126	0.018219588324427605	0.7077468633651733	0.6440691351890564
2127	0.01831289567053318	0.7070735096931458	0.6444078683853149
2128	0.01822482980787754	0.7071247696876526	0.6443819403648376
2129	0.018153661862015724	0.7074599862098694	0.6442134380340576
2130	0.018214385956525803	0.7068089842796326	0.6445408463478088
2131	0.01824249140918255	0.707136869430542	0.6443758606910706
2132	0.018180042505264282	0.7073713541030884	0.6442578434944153
2133	0.018156539648771286	0.7070400714874268	0.644424557685852
2134	0.01820354163646698	0.7073721289634705	0.6442576050758362
