stimulus,true_Green,true_Cucumber,true_Herbal,true_Mint,true_Woody,true_Pine,true_Floral,true_Powdery,true_Fruity,true_Citrus,true_Tropical,true_Berry,true_Peach,true_Sweet,true_Caramellic,true_Vanilla,true_BrownSpice,true_Smoky,true_Burnt,true_Roasted,true_Grainy,true_Meaty,true_Nutty,true_Fatty,true_Coconut,true_Waxy,true_Dairy,true_Buttery,true_Cheesy,true_Sour,true_Fermented,true_Sulfurous,true_Garlic.Onion,true_Earthy,true_Mushroom,true_Musty,true_Ammonia,true_Fishy,true_Fecal,true_Rotten.Decay,true_Rubber,true_Phenolic,true_Animal,true_Medicinal,true_Cooling,true_Sharp,true_Chlorine,true_Alcoholic,true_Plastic,true_Ozone,true_Metallic,pred_Green,pred_Cucumber,pred_Herbal,pred_Mint,pred_Woody,pred_Pine,pred_Floral,pred_Powdery,pred_Fruity,pred_Citrus,pred_Tropical,pred_Berry,pred_Peach,pred_Sweet,pred_Caramellic,pred_Vanilla,pred_BrownSpice,pred_Smoky,pred_Burnt,pred_Roasted,pred_Grainy,pred_Meaty,pred_Nutty,pred_Fatty,pred_Coconut,pred_Waxy,pred_Dairy,pred_Buttery,pred_Cheesy,pred_Sour,pred_Fermented,pred_Sulfurous,pred_Garlic.Onion,pred_Earthy,pred_Mushroom,pred_Musty,pred_Ammonia,pred_Fishy,pred_Fecal,pred_Rotten.Decay,pred_Rubber,pred_Phenolic,pred_Animal,pred_Medicinal,pred_Cooling,pred_Sharp,pred_Chlorine,pred_Alcoholic,pred_Plastic,pred_Ozone,pred_Metallic
AA085,0.076923077,0.0,0.692307692,0.730769231,0.0,0.0,0.153846154,0.0,0.153846154,0.038461538,0.076923077,0.0,0.0,0.384615385,0.0,0.0,0.0,0.153846154,0.0,0.192307692,0.0,0.0,0.0,0.192307692,0.0,0.153846154,0.0,0.0,0.0,0.0,0.038461538,0.0,0.0,0.115384615,0.0,0.038461538,0.5,0.0,0.0,0.192307692,0.038461538,0.153846154,0.0,2.346153846,2.346153846,0.923076923,0.076923077,0.692307692,0.0,0.115384615,0.0,0.705916166305542,0.2598058581352234,0.5881717205047607,1.3344862461090088,0.3679647147655487,0.25990423560142517,0.49534159898757935,0.2638727128505707,0.3217602074146271,0.18584588170051575,0.09057267010211945,0.13550569117069244,0.056676726788282394,0.7378560304641724,0.08535823971033096,0.17902261018753052,0.12384568899869919,0.10206841677427292,0.11332883685827255,0.16013279557228088,0.27320295572280884,0.08898153901100159,0.10287477821111679,0.07739561796188354,0.01673896238207817,0.07328526675701141,0.12632586061954498,0.0573231503367424,0.05720178037881851,0.23662297427654266,0.18968193233013153,0.04347505420446396,0.1447923332452774,0.27062156796455383,0.06087106838822365,0.3862876296043396,0.23032128810882568,0.19115321338176727,0.04394075274467468,0.19570212066173553,0.17836830019950867,0.1795051097869873,0.11336162686347961,1.2220696210861206,1.4567159414291382,0.3677327632904053,0.19934126734733582,0.7027638554573059,0.223105326294899,0.15489815175533295,0.1487240046262741
AA175,0.0,0.038461538,0.230769231,0.115384615,0.153846154,0.0,1.076923077,0.307692308,0.846153846,0.0,0.0,0.153846154,0.115384615,0.692307692,0.038461538,0.0,0.0,0.0,0.0,0.0,0.0,0.0,0.0,0.0,0.076923077,0.153846154,0.461538462,0.0,0.0,0.0,0.076923077,0.0,0.115384615,0.0,0.0,0.230769231,0.076923077,0.0,0.0,0.0,0.115384615,0.5,0.115384615,0.384615385,0.538461538,0.230769231,0.269230769,0.538461538,0.423076923,0.153846154,0.0,0.42400795221328735,0.20987358689308167,0.43011361360549927,0.09856383502483368,0.26279953122138977,0.22899365425109863,0.7565990686416626,0.4779103994369507,0.39614012837409973,0.20039024949073792,0.08437648415565491,0.1351294070482254,0.06056223064661026,0.6974656581878662,0.07571152597665787,0.12862372398376465,0.1512228101491928,0.1040092408657074,0.1333509087562561,0.23920674622058868,0.295778751373291,0.12601226568222046,0.14246957004070282,0.10310723632574081,0.033185191452503204,0.14962218701839447,0.12317124009132385,0.06628298759460449,0.09544634073972702,0.3670298755168915,0.20402078330516815,0.17420707643032074,0.354325532913208,0.16629329323768616,0.08487051725387573,0.24687844514846802,0.17098166048526764,0.09090729057788849,0.04055650904774666,0.19602495431900024,0.15435194969177246,0.24742284417152405,0.27457818388938904,0.6179548501968384,0.4306212365627289,0.3190939128398895,0.1816270500421524,0.6220613121986389,0.218501016497612,0.12936528027057648,0.10143469274044037
AA212,0.0,0.0,0.0,0.153846154,0.0,0.0,1.038461538,0.615384615,0.192307692,0.346153846,0.038461538,0.076923077,0.0,0.769230769,0.0,0.192307692,0.0,0.076923077,0.038461538,0.0,0.0,0.0,0.0,0.0,0.153846154,0.0,0.346153846,0.076923077,0.0,0.269230769,0.0,0.0,0.0,0.0,0.0,0.115384615,0.0,0.0,0.0,0.0,0.0,0.192307692,0.0,0.576923077,0.307692308,0.423076923,0.038461538,0.230769231,0.346153846,0.269230769,0.076923077,0.42400795221328735,0.20987358689308167,0.43011361360549927,0.09856383502483368,0.26279953122138977,0.22899365425109863,0.7565990686416626,0.4779103994369507,0.39614012837409973,0.20039024949073792,0.08437648415565491,0.1351294070482254,0.06056223064661026,0.6974656581878662,0.07571152597665787,0.12862372398376465,0.1512228101491928,0.1040092408657074,0.1333509087562561,0.23920674622058868,0.295778751373291,0.12601226568222046,0.14246957004070282,0.10310723632574081,0.033185191452503204,0.14962218701839447,0.12317124009132385,0.06628298759460449,0.09544634073972702,0.3670298755168915,0.20402078330516815,0.17420707643032074,0.354325532913208,0.16629329323768616,0.08487051725387573,0.24687844514846802,0.17098166048526764,0.09090729057788849,0.04055650904774666,0.19602495431900024,0.15435194969177246,0.24742284417152405,0.27457818388938904,0.6179548501968384,0.4306212365627289,0.3190939128398895,0.1816270500421524,0.6220613121986389,0.218501016497612,0.12936528027057648,0.10143469274044037
AA618,0.0,0.0,0.038461538,0.115384615,0.0,0.0,0.115384615,0.269230769,0.0,0.0,0.0,0.192307692,0.0,0.961538462,0.846153846,0.076923077,0.423076923,0.076923077,0.230769231,0.192307692,0.0,0.0,0.0,0.0,0.538461538,0.153846154,0.076923077,0.0,0.0,0.192307692,0.076923077,0.192307692,0.0,0.0,0.0,0.346153846,0.269230769,0.0,0.0,0.0,0.192307692,0.538461538,0.0,1.038461538,0.269230769,0.346153846,0.346153846,1.5,0.730769231,0.192307692,0.076923077,0.34795668721199036,0.1871459186077118,0.41358116269111633,0.4160540997982025,0.3682061731815338,0.192269966006279,0.2518080174922943,0.25747787952423096,0.41402387619018555,0.17746302485466003,0.08420813828706741,0.1592184603214264,0.05963170528411865,0.9415995478630066,0.3944035470485687,0.3320189416408539,0.24992145597934723,0.16020821034908295,0.12772463262081146,0.2463872879743576,0.27662718296051025,0.11463896185159683,0.1453397274017334,0.11071930080652237,0.1006765142083168,0.21651259064674377,0.1285722404718399,0.09406907856464386,0.05647565424442291,0.28795361518859863,0.23576833307743073,0.21542450785636902,0.37574267387390137,0.18497473001480103,0.01610170677304268,0.34634068608283997,0.20890457928180695,0.05466562137007713,0.05163072422146797,0.1922997385263443,0.18623581528663635,0.16768735647201538,0.08670475333929062,0.8168191909790039,0.6388763785362244,0.35780584812164307,0.17402692139148712,0.5941370725631714,0.268890917301178,0.13632036745548248,0.14736728370189667
AD718,0.0,0.133333333,0.466666667,0.2,0.266666667,0.266666667,0.0,0.466666667,0.4,0.0,0.0,0.4,0.0,1.0,0.0,0.133333333,0.0,0.0,0.0,0.2,0.2,0.266666667,0.0,0.066666667,0.0,0.0,0.133333333,0.0,0.0,0.0,0.0,0.0,0.8,0.333333333,0.133333333,0.266666667,0.0,0.066666667,0.0,0.133333333,0.0,0.866666667,0.133333333,0.4,0.133333333,0.533333333,0.4,1.466666667,0.333333333,0.2,0.066666667,0.5006611943244934,0.26543354988098145,0.33995959162712097,0.1427604854106903,0.20572355389595032,0.1750633716583252,0.23545943200588226,0.12183481454849243,0.35668930411338806,0.24257470667362213,0.10991264879703522,0.10050390660762787,0.05818117409944534,0.3953971564769745,0.09245187789201736,0.08743169903755188,0.08089597523212433,0.12813854217529297,0.1375780552625656,0.3690890073776245,0.38812023401260376,0.36565229296684265,0.2571888566017151,0.1341976821422577,0.031082652509212494,0.15675732493400574,0.12727957963943481,0.09598752856254578,0.1153518334031105,0.3158206343650818,0.28130465745925903,0.2372789829969406,0.8559182286262512,0.19886191189289093,0.2696208655834198,0.21848154067993164,0.1333971470594406,0.15828752517700195,0.053759973496198654,0.22549739480018616,0.15569062530994415,0.13518759608268738,0.12458120286464691,0.2574084997177124,0.20660634338855743,0.33586373925209045,0.16347357630729675,0.3525297939777374,0.19522373378276825,0.12692153453826904,0.12313761562108994
AG069,0.166666667,0.0,0.066666667,0.133333333,0.0,0.0,0.0,0.0,0.066666667,0.0,0.066666667,0.1,0.1,0.7,0.166666667,0.266666667,0.0,0.033333333,0.0,0.0,0.266666667,0.0,0.1,0.0,0.0,0.0,0.733333333,1.3,1.5,0.3,0.1,0.233333333,0.0,0.033333333,0.066666667,0.133333333,0.0,0.0,0.166666667,0.033333333,0.0,0.0,0.0,0.0,0.2,0.033333333,0.0,0.166666667,0.0,0.0,0.0,0.3568509519100189,0.19184595346450806,0.3254750669002533,0.16905421018600464,0.25715911388397217,0.08697907626628876,0.4538992941379547,0.2750360667705536,1.0872387886047363,0.19502516090869904,0.4272439777851105,0.6496288776397705,0.17161421477794647,1.281808853149414,0.38043466210365295,0.49739524722099304,0.15226086974143982,0.08706573396921158,0.11092434823513031,0.17056676745414734,0.2724757194519043,0.07828036695718765,0.15469978749752045,0.11272482573986053,0.130947083234787,0.2318863421678543,0.24314497411251068,0.1291464865207672,0.5517652034759521,0.29996174573898315,0.24505819380283356,0.13556388020515442,0.12068653106689453,0.09914714097976685,0.08275879919528961,0.4105992913246155,0.1408998966217041,0.018122084438800812,0.08043629676103592,0.3456346392631531,0.16192346811294556,0.1359667330980301,0.05693385377526283,0.18996718525886536,0.13399145007133484,0.23252497613430023,0.1120791882276535,0.29747501015663147,0.18310920894145966,0.12380451709032059,0.08146698772907257
AG158,0.266666667,0.066666667,0.3,0.1,0.133333333,0.0,0.066666667,0.033333333,0.166666667,0.0,0.033333333,0.0,0.0,0.533333333,0.166666667,0.366666667,0.0,0.2,0.0,0.133333333,0.533333333,0.0,0.433333333,0.066666667,0.0,0.0,0.2,0.5,0.3,0.0,0.033333333,0.166666667,0.0,0.066666667,0.0,0.2,0.0,0.0,0.033333333,0.1,0.0,0.0,0.0,0.0,0.0,0.0,0.0,0.2,0.0,0.0,0.0,0.5277206301689148,0.19936345517635345,0.4418952465057373,0.2716917395591736,0.3624000549316406,0.20708662271499634,0.3256937563419342,0.17771923542022705,0.5288023352622986,0.18022653460502625,0.19086451828479767,0.21211010217666626,0.07617555558681488,0.9139747023582458,0.3107360303401947,0.2902390956878662,0.1668686717748642,0.10712838917970657,0.1127108484506607,0.2524486780166626,0.3976172208786011,0.06801643967628479,0.2260787934064865,0.10949090868234634,0.05364716053009033,0.23977671563625336,0.12482428550720215,0.06234091892838478,0.1310715526342392,0.18127943575382233,0.19007986783981323,0.10628806054592133,0.10090411454439163,0.17573626339435577,0.04097544774413109,0.5340545177459717,0.13730065524578094,0.12067072093486786,0.04526912048459053,0.19212059676647186,0.18824003636837006,0.2283823937177658,0.08819062262773514,0.29356858134269714,0.3317601978778839,0.2372024804353714,0.12530304491519928,0.28249919414520264,0.20381617546081543,0.1640312522649765,0.08945006132125854
AG169,0.366666667,0.0,0.333333333,0.0,0.4,0.0,0.033333333,0.033333333,0.133333333,0.0,0.033333333,0.0,0.0,0.366666667,0.033333333,0.2,0.0,0.133333333,0.0,0.066666667,0.366666667,0.066666667,0.133333333,0.0,0.033333333,0.133333333,0.4,0.7,0.6,0.233333333,0.066666667,0.266666667,0.0,0.266666667,0.0,0.333333333,0.066666667,0.0,0.066666667,0.033333333,0.0,0.066666667,0.0,0.0,0.0,0.0,0.0,0.033333333,0.033333333,0.0,0.0,0.43836379051208496,0.22890883684158325,0.3123626708984375,0.4974261522293091,0.33294007182121277,0.1461782157421112,0.37615975737571716,0.2865580916404724,0.6877690553665161,0.20416823029518127,0.2502654194831848,0.22335247695446014,0.09027432650327682,0.9072902798652649,0.4388873875141144,0.3520492613315582,0.2035944163799286,0.13460849225521088,0.11115910112857819,0.19019852578639984,0.35062387585639954,0.10425246506929398,0.23835167288780212,0.15483620762825012,0.22047540545463562,0.4893219769001007,0.16455742716789246,0.1698732078075409,0.37916815280914307,0.2361501306295395,0.20906339585781097,0.16665710508823395,0.11584702134132385,0.15742160379886627,0.0997510477900505,0.408949077129364,0.13835835456848145,0.07738832384347916,0.06600078195333481,0.2382698804140091,0.1785934418439865,0.23882269859313965,0.10741052776575089,0.22247184813022614,0.3408847749233246,0.2434902787208557,0.11770057678222656,0.31233710050582886,0.24975009262561798,0.1280774474143982,0.10126601159572601
AG354,0.2,0.0,0.233333333,0.133333333,0.266666667,0.033333333,0.466666667,0.333333333,0.766666667,0.066666667,0.0,0.1,0.0,0.566666667,0.266666667,0.333333333,0.233333333,0.266666667,0.2,0.166666667,0.1,0.233333333,0.466666667,0.166666667,0.0,0.2,0.0,0.0,0.066666667,0.0,0.4,0.0,0.066666667,0.2,0.0,0.833333333,0.0,0.0,0.033333333,0.066666667,0.533333333,0.366666667,0.266666667,0.366666667,0.2,0.133333333,0.0,0.2,0.5,0.033333333,0.166666667,0.24276524782180786,0.201524019241333,0.3229062259197235,0.13579332828521729,0.3132750689983368,0.11517757177352905,0.27329379320144653,0.16340965032577515,0.6033531427383423,0.17556625604629517,0.14880229532718658,0.27690041065216064,0.09529878199100494,0.7941064834594727,0.2312011420726776,0.23033465445041656,0.2629731297492981,0.1228373646736145,0.11352074891328812,0.36992672085762024,0.30484944581985474,0.11908485740423203,0.3102623224258423,0.22006455063819885,0.150085911154747,0.2501154839992523,0.26362404227256775,0.2639317512512207,0.5900934934616089,0.3028346598148346,0.21632595360279083,0.28137487173080444,0.24029576778411865,0.1767749786376953,0.08468053489923477,0.5372745990753174,0.15742066502571106,0.14237844944000244,0.07570722699165344,0.3429992198944092,0.21498970687389374,0.23197072744369507,0.1328866183757782,0.340505450963974,0.3814540207386017,0.2380504459142685,0.1113412007689476,0.2509238123893738,0.31227511167526245,0.11585967987775803,0.09632211178541183
AG945,0.6,0.266666667,0.366666667,0.0,0.166666667,0.1,0.766666667,0.133333333,0.6,0.0,0.466666667,0.0,0.433333333,0.5,0.1,0.0,0.066666667,0.0,0.0,0.266666667,0.0,0.066666667,0.0,0.033333333,0.0,0.0,0.1,0.0,0.0,0.066666667,0.066666667,0.5,1.233333333,0.0,0.133333333,0.8,0.9,0.2,0.133333333,0.333333333,0.133333333,0.0,0.1,0.0,0.066666667,0.833333333,0.0,0.266666667,0.0,0.1,0.3,0.5032448172569275,0.20036748051643372,0.45135441422462463,0.851017951965332,0.3564259111881256,0.18735770881175995,0.4516908526420593,0.2597346901893616,0.5810179710388184,0.18432945013046265,0.3488292098045349,0.3580414652824402,0.179981991648674,0.898464560508728,0.25400206446647644,0.2883014380931854,0.22490528225898743,0.12622196972370148,0.1104096993803978,0.18345648050308228,0.28382086753845215,0.07445675134658813,0.14209331572055817,0.13863632082939148,0.08740377426147461,0.3737449049949646,0.19789110124111176,0.13862212002277374,0.3493812382221222,0.2568754255771637,0.2105833739042282,0.1842440515756607,0.23163290321826935,0.12614428997039795,0.09935873001813889,0.43588218092918396,0.15283723175525665,0.06868083029985428,0.08855161815881729,0.24397192895412445,0.15896636247634888,0.1617737114429474,0.04563159495592117,0.146348237991333,0.5541019439697266,0.26159554719924927,0.1319282054901123,0.2591884136199951,0.24158886075019836,0.13755223155021667,0.1013651117682457
AH866,0.3,0.0,0.333333333,0.166666667,0.3,0.2,0.0,0.1,0.333333333,0.0,0.066666667,0.066666667,0.066666667,0.766666667,0.3,0.466666667,0.133333333,0.0,0.0,0.133333333,0.4,0.0,0.233333333,0.0,0.233333333,0.1,0.766666667,0.166666667,0.466666667,0.3,0.0,0.066666667,0.0,0.0,0.233333333,0.4,0.233333333,0.0,0.0,0.0,0.0,0.066666667,0.0,0.0,0.0,0.0,0.0,0.1,0.033333333,0.0,0.066666667,0.43082350492477417,0.23008422553539276,0.40473276376724243,0.13430507481098175,0.37077274918556213,0.18264393508434296,0.4886961281299591,0.32563483715057373,0.8262462615966797,0.1819750964641571,0.35174673795700073,0.36688923835754395,0.1258917599916458,1.0532549619674683,0.34092405438423157,0.44667157530784607,0.2524605691432953,0.16009561717510223,0.11978762596845627,0.24417640268802643,0.2933516800403595,0.07106901705265045,0.2321852743625641,0.17485040426254272,0.15089526772499084,0.354159951210022,0.14138126373291016,0.16783128678798676,0.46036791801452637,0.25758928060531616,0.23226548731327057,0.11271385848522186,0.10714326053857803,0.22034794092178345,0.0692308321595192,0.2833852469921112,0.16252055764198303,0.10049661248922348,0.06117883697152138,0.2053583264350891,0.18523983657360077,0.18289963901042938,0.0775664895772934,0.1949288547039032,0.18010790646076202,0.2377404272556305,0.14436867833137512,0.3082706034183502,0.2043413668870926,0.12714961171150208,0.09896530956029892
AJ062,0.172413793,0.0,0.517241379,0.172413793,0.24137931,0.137931034,0.206896552,0.310344828,0.689655172,0.103448276,0.068965517,0.103448276,0.0,1.068965517,0.379310345,0.275862069,0.379310345,0.0,0.137931034,0.172413793,0.034482759,0.0,0.275862069,0.034482759,0.0,0.068965517,0.0,0.0,0.0,0.275862069,0.137931034,0.0,0.172413793,0.172413793,0.0,0.793103448,0.172413793,0.0,0.0,0.034482759,0.206896552,0.379310345,0.0,0.517241379,0.206896552,0.655172414,0.172413793,1.24137931,0.344827586,0.206896552,0.344827586,0.3583752512931824,0.18718703091144562,0.5150652527809143,0.10204317420721054,0.34928345680236816,0.1058259978890419,0.41590678691864014,0.33515116572380066,0.4346347153186798,0.17217274010181427,0.08386669307947159,0.05717409774661064,0.05720993131399155,1.0834765434265137,0.2946629524230957,0.2707926630973816,0.583608865737915,0.36173000931739807,0.1790214627981186,0.49049806594848633,0.3000045418739319,0.1675393134355545,0.21379882097244263,0.12674367427825928,0.04217683523893356,0.13585111498832703,0.12069439888000488,0.04582906514406204,0.06842824071645737,0.22086401283740997,0.2455468773841858,0.11700423806905746,0.20999759435653687,0.23422451317310333,0.03589272126555443,0.3466501533985138,0.13766562938690186,0.05437691509723663,0.03935845568776131,0.1951843947172165,0.1940488964319229,0.27057480812072754,0.12140563875436783,0.30407047271728516,0.17418566346168518,0.28349754214286804,0.13991276919841766,0.25128310918807983,0.23241586983203888,0.1857513189315796,0.11724434792995453
AJ070,0.0,0.0,0.233333333,0.3,0.333333333,0.333333333,0.433333333,0.0,1.066666667,0.066666667,0.0,0.266666667,0.0,1.733333333,0.666666667,0.5,2.5,0.0,0.133333333,0.033333333,0.233333333,0.0,0.0,0.066666667,0.0,0.2,0.0,0.0,0.0,0.0,0.533333333,0.0,0.0,0.166666667,0.0,0.066666667,0.033333333,0.0,0.0,0.0,0.0,0.033333333,0.066666667,0.433333333,0.133333333,0.1,0.0,0.0,0.066666667,0.033333333,0.0,0.18954552710056305,0.18377426266670227,0.3737764060497284,0.16480860114097595,0.32652992010116577,0.0765424519777298,0.2250903844833374,0.22833795845508575,0.41303911805152893,0.17078104615211487,0.06524521112442017,0.1162249967455864,0.05307259410619736,1.1192784309387207,0.5459538698196411,0.31749051809310913,0.324373722076416,0.2863254249095917,0.15577653050422668,0.5669904947280884,0.2701294720172882,0.14596626162528992,0.28725945949554443,0.09594734758138657,0.07883251458406448,0.12386111170053482,0.12827470898628235,0.04606619477272034,0.10286739468574524,0.22555731236934662,0.19759847223758698,0.11566703766584396,0.13880452513694763,0.18704324960708618,0.0660395473241806,0.5214835405349731,0.14371861517429352,0.020687256008386612,0.042423419654369354,0.18932484090328217,0.26201921701431274,0.1621484011411667,0.08173378556966782,0.22684356570243835,0.2632366716861725,0.25227463245391846,0.11240255832672119,0.28878849744796753,0.3164413571357727,0.1624358594417572,0.09707057476043701
AJ119,0.066666667,0.0,0.366666667,0.166666667,0.6,0.233333333,0.166666667,0.266666667,0.633333333,0.1,0.166666667,0.0,0.0,1.4,0.366666667,0.733333333,0.633333333,0.866666667,0.233333333,0.633333333,0.2,1.233333333,0.366666667,0.7,0.166666667,0.3,0.233333333,0.1,0.066666667,0.3,0.233333333,0.066666667,0.0,0.0,0.0,0.2,0.0,0.0,0.0,0.1,0.0,0.2,0.0,0.1,0.166666667,0.066666667,0.0,0.466666667,0.166666667,0.333333333,0.066666667,0.1649799793958664,0.18450239300727844,0.2951362729072571,0.12784254550933838,0.2946051359176636,0.0791214182972908,0.3019929528236389,0.3532557487487793,0.46652349829673767,0.1711435765028,0.06834179162979126,0.07574130594730377,0.05969653278589249,0.9565787315368652,0.2711253762245178,0.29356512427330017,0.4099384844303131,0.1968146562576294,0.1306406408548355,0.3382086157798767,0.22429072856903076,0.17692594230175018,0.12731818854808807,0.10946961492300034,0.03993217647075653,0.11205949634313583,0.13803423941135406,0.066975899040699,0.1458335816860199,0.3225383758544922,0.23859721422195435,0.15515296161174774,0.2693723440170288,0.1485745757818222,0.04378591105341911,0.4744168817996979,0.13651585578918457,0.051851846277713776,0.05317411944270134,0.24673983454704285,0.17838053405284882,0.26361578702926636,0.19571629166603088,0.2102571427822113,0.1622554361820221,0.25498273968696594,0.1228986531496048,0.33147457242012024,0.1919194608926773,0.14637956023216248,0.08956947177648544
AJ191,0.24137931,0.0,0.310344828,0.0,0.0,0.0,0.0,0.0,0.172413793,0.0,0.0,0.0,0.0,0.24137931,0.137931034,0.137931034,0.103448276,0.206896552,0.137931034,0.413793103,0.137931034,0.896551724,0.172413793,0.620689655,0.0,0.0,0.448275862,0.275862069,1.896551724,0.275862069,0.310344828,1.068965517,0.965517241,0.137931034,0.379310345,0.172413793,0.0,0.448275862,0.068965517,1.448275862,0.0,0.034482759,0.379310345,0.0,0.0,0.034482759,0.0,0.0,0.0,0.0,0.068965517,0.5531820058822632,0.18411271274089813,0.41808372735977173,0.000900070765055716,0.18164049088954926,0.11585212498903275,0.2280454784631729,0.12762299180030823,0.5153529047966003,0.24147428572177887,0.10957089066505432,0.09107465296983719,0.05658150091767311,0.9425440430641174,0.25679540634155273,0.28202202916145325,0.18706563115119934,0.08699062466621399,0.12475816905498505,0.2793664038181305,0.34487536549568176,0.23109230399131775,0.35790330171585083,0.1561794877052307,0.031113794073462486,0.17965002357959747,0.14602191746234894,0.14237606525421143,0.1843266785144806,0.4362157881259918,0.22768589854240417,0.12478456646203995,0.23404560983181,0.1710975617170334,0.10087835043668747,0.4646763205528259,0.13000988960266113,0.033930808305740356,0.04628204554319382,0.2618277072906494,0.16030974686145782,0.1447874754667282,0.07828222215175629,0.14311550557613373,0.12560996413230896,0.2579478621482849,0.14542321860790253,0.2860106825828552,0.2292732149362564,0.11320822685956955,0.13552038371562958
AJ192,0.133333333,0.0,0.4,0.0,0.366666667,0.0,1.0,0.433333333,1.1,0.0,0.0,0.6,0.1,1.8,0.566666667,0.4,2.3,0.1,0.0,0.1,0.1,0.0,0.1,0.0,0.0,0.066666667,0.0,0.0,0.0,0.333333333,0.266666667,0.0,0.0,0.066666667,0.0,0.066666667,0.033333333,0.033333333,0.0,0.133333333,0.0,0.0,0.166666667,0.9,0.166666667,0.0,0.0,0.0,0.066666667,0.033333333,0.0,0.36862510442733765,0.2760692536830902,0.5064283013343811,0.19567184150218964,0.3510192930698395,0.16202256083488464,0.5477315187454224,0.23890680074691772,0.8484110236167908,0.1869688183069229,0.3595057427883148,0.516774594783783,0.10317505896091461,1.2224979400634766,0.28396204113960266,0.2166716605424881,0.4452689290046692,0.1318090856075287,0.11125481128692627,0.19045688211917877,0.30046334862709045,0.08827891945838928,0.21168234944343567,0.14589907228946686,0.06142056733369827,0.21890148520469666,0.1377050280570984,0.052145104855298996,0.1545059233903885,0.22964529693126678,0.26372167468070984,0.12343036383390427,0.1295548528432846,0.14798589050769806,0.11288098245859146,0.42023909091949463,0.1492704302072525,0.061492517590522766,0.05288049578666687,0.18820685148239136,0.18866294622421265,0.20873405039310455,0.06715790182352066,0.3034100830554962,0.26370495557785034,0.23617498576641083,0.11783638596534729,0.28883805871009827,0.2534387409687042,0.15584474802017212,0.09921863675117493
AJ334,1.3,0.133333333,0.6,0.0,0.566666667,0.1,0.333333333,0.033333333,0.4,0.0,0.2,0.066666667,0.066666667,0.933333333,0.1,0.2,0.066666667,0.0,0.0,0.0,0.033333333,0.0,0.1,0.266666667,0.0,1.833333333,0.066666667,0.0,0.1,0.133333333,0.1,0.0,0.0,0.466666667,0.0,1.033333333,0.0,0.0,0.0,0.0,0.266666667,0.2,0.166666667,0.0,0.033333333,0.033333333,0.0,0.0,0.1,0.233333333,0.333333333,0.33551710844039917,0.18702812492847443,0.2787613570690155,0.30115559697151184,0.3008039891719818,0.13930366933345795,0.39194566011428833,0.22283044457435608,0.7262216806411743,0.177720308303833,0.21917304396629333,0.2351999282836914,0.12407843768596649,0.9961078763008118,0.21253037452697754,0.32643815875053406,0.10586027055978775,0.10258648544549942,0.1126353070139885,0.17534080147743225,0.297223299741745,0.04843490198254585,0.18563905358314514,0.14041048288345337,0.3117923438549042,0.44036296010017395,0.15672177076339722,0.1903950721025467,0.5554592609405518,0.26941442489624023,0.22687774896621704,0.10623619705438614,0.09361773729324341,0.16437600553035736,0.08326755464076996,0.5666034817695618,0.14274153113365173,0.05233228579163551,0.09342940151691437,0.22830024361610413,0.16708248853683472,0.17942768335342407,0.11269992589950562,0.3865760564804077,0.29710063338279724,0.260608971118927,0.1638742983341217,0.27668190002441406,0.2950963079929352,0.11877314746379852,0.11123280227184296
AJ413,0.24137931,0.0,0.137931034,0.068965517,0.137931034,0.0,0.137931034,0.172413793,0.862068966,0.172413793,0.448275862,0.448275862,0.24137931,1.586206897,0.482758621,0.24137931,0.310344828,0.655172414,1.103448276,1.068965517,0.448275862,0.24137931,0.206896552,0.068965517,0.103448276,0.0,0.0,0.068965517,0.0,0.206896552,0.137931034,0.068965517,0.034482759,0.0,0.0,0.310344828,0.137931034,0.103448276,0.0,0.034482759,0.586206897,0.24137931,0.137931034,0.206896552,0.172413793,0.448275862,0.0,0.103448276,0.068965517,0.068965517,0.068965517,0.3335999548435211,0.20243404805660248,0.453817218542099,0.1373043954372406,0.22924228012561798,0.09149192273616791,0.3099519908428192,0.1922394186258316,0.673043429851532,0.17510093748569489,0.15578821301460266,0.1330079287290573,0.05142727494239807,1.057763934135437,0.31382182240486145,0.26076871156692505,0.27735599875450134,0.16032351553440094,0.12628968060016632,0.5539055466651917,0.31326133012771606,0.27327609062194824,0.24960118532180786,0.14117766916751862,0.035446926951408386,0.1858883798122406,0.15844525396823883,0.04982089251279831,0.2858128249645233,0.3486379384994507,0.2257872372865677,0.3415651321411133,0.4840187430381775,0.18202897906303406,0.09797445684671402,0.5867539048194885,0.1356838047504425,0.05307075381278992,0.043787434697151184,0.20556798577308655,0.23351836204528809,0.11590924859046936,0.1661594957113266,0.12570975720882416,0.16620543599128723,0.2394222766160965,0.10701309889554977,0.19932149350643158,0.21844886243343353,0.13194365799427032,0.08262427151203156
AJ438,0.137931034,0.0,0.206896552,0.275862069,0.275862069,0.0,0.034482759,0.24137931,0.689655172,0.0,0.068965517,0.0,0.0,1.137931034,0.931034483,0.448275862,0.793103448,1.034482759,1.137931034,0.620689655,0.482758621,0.275862069,0.310344828,0.103448276,0.068965517,0.137931034,0.0,0.0,0.0,0.206896552,0.103448276,0.0,0.0,0.0,0.0,0.310344828,0.137931034,0.206896552,0.0,0.310344828,0.0,0.172413793,0.0,0.344827586,0.206896552,0.75862069,0.0,0.517241379,0.137931034,0.206896552,0.103448276,0.4247298538684845,0.19340313971042633,0.5071660876274109,0.21239013969898224,0.3135249614715576,0.16577336192131042,0.393900066614151,0.2671216130256653,0.6775212287902832,0.1919647753238678,0.10814450681209564,0.14871656894683838,0.053937625139951706,1.1348119974136353,0.38630324602127075,0.23585473001003265,0.4873674213886261,0.16156327724456787,0.11851918697357178,0.39003291726112366,0.2747117877006531,0.1371081918478012,0.27492305636405945,0.10595235973596573,0.019848762080073357,0.1433892399072647,0.12241816520690918,0.05262253060936928,0.12538091838359833,0.2856537699699402,0.2378416359424591,0.058039531111717224,0.0943843424320221,0.1813482791185379,0.08654973655939102,0.49515798687934875,0.16455094516277313,0.01266165915876627,0.040303342044353485,0.18209221959114075,0.19774803519248962,0.18641863763332367,0.11087241023778915,0.28385648131370544,0.2839876413345337,0.28890714049339294,0.15319225192070007,0.29156821966171265,0.2995459735393524,0.15517035126686096,0.12323673814535141
AJ544,0.827586207,0.689655172,0.482758621,0.0,0.172413793,0.103448276,0.344827586,0.0,0.413793103,0.896551724,0.24137931,0.0,0.0,0.965517241,0.310344828,0.206896552,0.103448276,0.068965517,0.0,0.137931034,0.137931034,0.0,0.137931034,0.206896552,0.0,0.275862069,0.0,0.0,0.0,0.413793103,0.034482759,0.0,0.0,0.413793103,0.0,0.689655172,0.034482759,0.137931034,0.103448276,0.0,0.103448276,0.068965517,0.0,0.068965517,0.172413793,0.068965517,0.172413793,0.068965517,0.137931034,0.551724138,0.103448276,0.33384254574775696,0.18754012882709503,0.3308151662349701,0.0735212042927742,0.20506314933300018,0.14032943546772003,0.37675249576568604,0.2342405468225479,0.9243150949478149,0.1944592297077179,0.30205193161964417,0.1478479504585266,0.06891686469316483,1.5231305360794067,0.25926849246025085,0.2915116250514984,0.24179214239120483,0.08263925462961197,0.11367832869291306,0.1485707014799118,0.3113839328289032,0.046582289040088654,0.2822834253311157,0.11728884279727936,0.03337670490145683,0.19150611758232117,0.1304941028356552,0.08917686343193054,0.25081029534339905,0.3606950342655182,0.22109825909137726,0.0500233918428421,0.043838564306497574,0.1640007346868515,0.022421203553676605,0.6092836260795593,0.14294813573360443,0.013449213467538357,0.04648599773645401,0.19607053697109222,0.13847029209136963,0.1215054988861084,0.08069237321615219,0.22128388285636902,0.14354154467582703,0.2671084702014923,0.12892043590545654,0.23314695060253143,0.22372838854789734,0.10794743150472641,0.11752121150493622
AJ601,0.620689655,0.172413793,0.482758621,0.0,0.793103448,0.034482759,0.586206897,0.068965517,0.793103448,0.103448276,0.0,0.068965517,0.0,0.896551724,0.448275862,0.310344828,0.206896552,0.068965517,0.0,0.344827586,0.137931034,0.0,0.172413793,0.0,0.137931034,0.103448276,0.0,0.0,0.0,0.275862069,0.068965517,0.0,0.0,0.172413793,0.206896552,0.586206897,0.0,0.0,0.0,0.0,0.275862069,0.068965517,0.068965517,0.275862069,0.310344828,0.620689655,0.172413793,0.586206897,0.310344828,0.482758621,0.448275862,0.4649777412414551,0.19307167828083038,0.4863458275794983,0.04774405062198639,0.268264502286911,0.15536220371723175,0.2766357958316803,0.1752583086490631,0.67695152759552,0.18171308934688568,0.10412129014730453,0.12044145166873932,0.053209252655506134,1.0265518426895142,0.38665494322776794,0.2836255431175232,0.2975335419178009,0.10102555900812149,0.11246300488710403,0.19963975250720978,0.3460578918457031,0.10107003897428513,0.37565919756889343,0.1334783285856247,0.031471360474824905,0.16386005282402039,0.130918949842453,0.11591332405805588,0.1554766148328781,0.3350312411785126,0.23534423112869263,0.07619763910770416,0.054619770497083664,0.19505581259727478,0.03643622249364853,0.4940436780452728,0.1709151566028595,0.009367981925606728,0.04760986566543579,0.19297266006469727,0.15842784941196442,0.2019881308078766,0.08472827821969986,0.2641664743423462,0.22789348661899567,0.30521976947784424,0.15478076040744781,0.4317845404148102,0.21257086098194122,0.10851403325796127,0.13424527645111084
AJ639,0.666666667,0.433333333,0.166666667,0.0,0.0,0.033333333,0.9,0.233333333,2.633333333,0.533333333,1.766666667,0.566666667,0.433333333,2.0,0.133333333,0.233333333,0.1,0.066666667,0.0,0.0,0.0,0.0,0.1,0.0,0.0,0.166666667,0.0,0.0,0.0,0.1,0.066666667,0.0,0.0,0.0,0.0,0.0,0.0,0.0,0.0,0.0,0.066666667,0.0,0.0,0.0,0.133333333,0.2,0.066666667,0.0,0.1,0.4,0.166666667,0.48099085688591003,0.2856889069080353,0.689341127872467,0.23812057077884674,0.2997403144836426,0.12609119713306427,0.47170963883399963,0.20605473220348358,1.095805048942566,0.18691183626651764,0.2848398983478546,0.7147605419158936,0.08239226043224335,1.231270432472229,0.18252862989902496,0.22667497396469116,0.37193772196769714,0.09244956821203232,0.11311381310224533,0.21879842877388,0.34060534834861755,0.10460443049669266,0.2335006296634674,0.11823791265487671,0.07221733778715134,0.1686006337404251,0.1395740658044815,0.07000298798084259,0.17364253103733063,0.2732439339160919,0.28944432735443115,0.10716330260038376,0.13876788318157196,0.16259494423866272,0.09667989611625671,0.3704071044921875,0.11719284951686859,0.03520241752266884,0.04384531453251839,0.2076859176158905,0.1555093675851822,0.14692164957523346,0.04598122835159302,0.22690750658512115,0.2521091401576996,0.2682141065597534,0.12558257579803467,0.25776076316833496,0.1973295658826828,0.18119515478610992,0.1037033274769783
AJ862,0.066666667,0.0,0.133333333,0.1,0.033333333,0.0,0.3,0.1,0.5,0.1,0.3,0.066666667,0.1,0.633333333,0.233333333,0.2,0.2,0.033333333,0.0,0.2,0.066666667,0.0,0.0,0.133333333,0.033333333,0.0,0.0,0.333333333,0.066666667,0.333333333,0.1,0.033333333,0.1,0.066666667,0.133333333,0.8,0.8,0.733333333,0.0,0.333333333,0.366666667,0.133333333,0.3,1.3,0.433333333,0.366666667,0.033333333,0.0,0.666666667,0.1,0.1,0.3123956322669983,0.21195338666439056,0.35100430250167847,0.4143085479736328,0.30760228633880615,0.1408686637878418,0.3425580561161041,0.17342084646224976,0.6650006771087646,0.17803111672401428,0.19677896797657013,0.2046412229537964,0.10956303775310516,0.8548188209533691,0.2581869661808014,0.3038308918476105,0.19967207312583923,0.09133890271186829,0.11456358432769775,0.21644724905490875,0.2948624789714813,0.06296233087778091,0.21911966800689697,0.12317970395088196,0.08855091035366058,0.2987578809261322,0.13677243888378143,0.14385969936847687,0.14739416539669037,0.1662469506263733,0.20818115770816803,0.07068081945180893,0.10101862996816635,0.1572740375995636,0.09506598114967346,0.4864937961101532,0.1700555384159088,0.17561925947666168,0.05775115638971329,0.19134418666362762,0.1969754993915558,0.21012787520885468,0.12281780689954758,0.6817708611488342,0.5434077978134155,0.2881340980529785,0.1556565761566162,0.3438396453857422,0.29073742032051086,0.17325612902641296,0.1074136421084404
AJ977,0.379310345,0.0,0.448275862,0.068965517,0.689655172,0.172413793,0.517241379,0.413793103,1.068965517,0.0,0.137931034,0.103448276,0.0,1.310344828,0.551724138,0.24137931,0.413793103,0.75862069,0.689655172,0.137931034,0.137931034,0.275862069,0.275862069,0.103448276,0.0,0.206896552,0.0,0.068965517,0.0,0.413793103,0.24137931,0.0,0.0,0.137931034,0.0,0.793103448,0.103448276,0.0,0.0,0.0,0.275862069,0.344827586,0.103448276,0.586206897,0.137931034,0.206896552,0.068965517,0.206896552,0.24137931,0.344827586,0.0,0.3567653000354767,0.18680255115032196,0.5541926026344299,0.28745463490486145,0.2825945317745209,0.22531111538410187,0.3533139228820801,0.24530655145645142,0.5879342555999756,0.17416271567344666,0.10533647984266281,0.14290443062782288,0.05158555135130882,1.2035356760025024,0.35383903980255127,0.28542473912239075,0.2621130645275116,0.11467339098453522,0.11312951892614365,0.22232289612293243,0.2595474421977997,0.05886698141694069,0.12058942764997482,0.08484873920679092,0.023716242983937263,0.13602136075496674,0.12241816520690918,0.041829437017440796,0.05188105255365372,0.26154980063438416,0.2117103934288025,0.037347521632909775,0.0652688667178154,0.1480856090784073,0.02465958707034588,0.46578702330589294,0.1507633775472641,0.015256389044225216,0.040741294622421265,0.1844533383846283,0.15599748492240906,0.12072226405143738,0.053753577172756195,0.30041688680648804,0.2812604010105133,0.2842594385147095,0.14447496831417084,0.3118784725666046,0.2253861278295517,0.14344748854637146,0.1672990769147873
AJ986,0.0,0.0,0.620689655,0.137931034,0.068965517,0.034482759,0.068965517,0.310344828,0.275862069,0.0,0.0,0.103448276,0.0,1.24137931,0.551724138,0.448275862,0.931034483,1.275862069,0.103448276,0.793103448,0.172413793,1.862068966,0.310344828,0.655172414,0.0,0.172413793,0.0,0.0,0.0,0.275862069,0.172413793,0.0,0.448275862,0.0,0.24137931,0.275862069,0.137931034,0.0,0.0,0.0,0.068965517,0.206896552,0.24137931,0.413793103,0.137931034,0.275862069,0.137931034,0.137931034,0.0,0.206896552,0.103448276,0.36166056990623474,0.18377426266670227,0.4330650269985199,0.10371483862400055,0.43481168150901794,0.11362507939338684,0.22326841950416565,0.25003811717033386,0.24505554139614105,0.17078104615211487,0.048585351556539536,0.006772346794605255,0.045301489531993866,0.7387987971305847,0.3378240168094635,0.2601654827594757,0.3196064829826355,0.3045286238193512,0.14917436242103577,0.5678920149803162,0.5328925848007202,0.17876462638378143,0.34267744421958923,0.09528642892837524,0.03230452537536621,0.10997261852025986,0.12227139621973038,0.06285279989242554,0.03773026168346405,0.20489701628684998,0.2034045308828354,0.2386188805103302,0.4028102159500122,0.26803529262542725,0.05621940270066261,0.6885949373245239,0.15709921717643738,0.08927766978740692,0.04205215349793434,0.21072089672088623,0.22687892615795135,0.25357887148857117,0.14416570961475372,0.24374373257160187,0.13430047035217285,0.25515681505203247,0.13622073829174042,0.2383381575345993,0.2314937710762024,0.2043963074684143,0.08346138894557953
AJ990,0.2,0.0,0.166666667,0.0,0.433333333,0.0,0.4,0.166666667,0.933333333,0.1,0.266666667,0.566666667,0.133333333,1.033333333,0.233333333,0.166666667,0.166666667,0.2,0.666666667,0.833333333,0.8,0.366666667,0.666666667,0.166666667,0.0,0.166666667,0.0,0.066666667,0.1,0.266666667,0.133333333,0.666666667,0.566666667,0.1,0.0,0.333333333,0.233333333,0.0,0.0,0.0,0.566666667,0.2,0.166666667,0.466666667,0.133333333,0.166666667,0.133333333,0.3,0.0,0.1,0.066666667,0.45190420746803284,0.1911570280790329,0.43892353773117065,0.08894908428192139,0.23175100982189178,0.09783508628606796,0.27226722240448,0.11668218672275543,0.33921608328819275,0.17527830600738525,0.0974838137626648,0.08678492158651352,0.05152908340096474,0.6434873938560486,0.2117922008037567,0.2181231528520584,0.18354840576648712,0.12623777985572815,0.13456836342811584,0.5330402851104736,0.40968698263168335,0.26879727840423584,0.31280791759490967,0.19603540003299713,0.034694474190473557,0.21229466795921326,0.13885454833507538,0.08155503869056702,0.16109126806259155,0.2863243520259857,0.2101936638355255,0.22631074488162994,0.29646289348602295,0.1844755858182907,0.1694599986076355,0.3704213798046112,0.146955668926239,0.062342721968889236,0.04074373096227646,0.21624664962291718,0.189604252576828,0.09744808077812195,0.12705829739570618,0.10728680342435837,0.1164388433098793,0.2420242577791214,0.10824452340602875,0.2029324620962143,0.15578320622444153,0.12844568490982056,0.07353710383176804
AJ995,0.333333333,0.0,0.266666667,0.166666667,0.666666667,0.0,0.133333333,0.0,0.366666667,0.0,0.0,0.0,0.0,0.666666667,1.066666667,0.633333333,0.633333333,1.066666667,1.766666667,0.8,0.733333333,0.133333333,0.433333333,0.0,0.0,0.233333333,0.033333333,0.1,0.133333333,0.1,0.0,0.133333333,0.0,0.233333333,0.0,0.5,0.0,0.0,0.0,0.0,0.433333333,0.133333333,0.0,0.3,0.166666667,0.2,0.0,0.366666667,0.0,0.0,0.0,0.21561522781848907,0.18501439690589905,0.3184535503387451,0.14555396139621735,0.23392537236213684,0.07640954107046127,0.25694283843040466,0.20140521228313446,0.45071718096733093,0.1731533408164978,0.13326433300971985,0.12315219640731812,0.05421382188796997,0.9878872632980347,0.34929677844047546,0.2254851758480072,0.3140929341316223,0.14603924751281738,0.1237310990691185,0.44941529631614685,0.31529128551483154,0.2884909510612488,0.24016548693180084,0.15018664300441742,0.027785511687397957,0.12838810682296753,0.14346008002758026,0.06268566846847534,0.2306721806526184,0.32158002257347107,0.2765597403049469,0.18196317553520203,0.4550376832485199,0.16823624074459076,0.08592180907726288,0.5582269430160522,0.14520300924777985,0.05027194321155548,0.045427657663822174,0.22964493930339813,0.19576239585876465,0.1108565628528595,0.13924501836299896,0.1665915697813034,0.17095501720905304,0.24440744519233704,0.1057591587305069,0.26195988059043884,0.22038720548152924,0.11949930340051651,0.09451454132795334
AK344,0.4,0.133333333,0.366666667,0.0,0.266666667,0.133333333,0.466666667,0.0,0.466666667,0.066666667,0.0,0.0,0.0,0.6,0.0,0.066666667,0.0,0.166666667,0.0,0.5,0.033333333,0.333333333,0.466666667,0.066666667,0.0,0.066666667,0.0,0.0,0.0,1.466666667,0.533333333,0.2,0.0,0.3,0.0,0.1,0.233333333,0.0,0.0,0.0,0.0,0.533333333,0.166666667,0.166666667,0.0,1.033333333,0.333333333,1.133333333,0.1,0.133333333,0.266666667,0.3590761721134186,0.18688265979290009,0.3517630398273468,0.19681355357170105,0.2059338539838791,0.06699634343385696,0.20725324749946594,0.15508896112442017,0.304463654756546,0.17115776240825653,0.06117139011621475,0.07072626799345016,0.05234150215983391,1.0886789560317993,0.3177534341812134,0.23440785706043243,0.24220046401023865,0.10977864265441895,0.11720510572195053,0.31820574402809143,0.3457120954990387,0.22556257247924805,0.13120312988758087,0.10281220078468323,0.015112465247511864,0.15584050118923187,0.12342450022697449,0.06467306613922119,0.10195237398147583,0.46536457538604736,0.21800366044044495,0.3170238137245178,0.3972852826118469,0.1915072649717331,0.047362443059682846,0.5119050145149231,0.17418429255485535,0.0839277058839798,0.04323529452085495,0.21879509091377258,0.18942716717720032,0.11312509328126907,0.079481340944767,0.24430204927921295,0.2005271315574646,0.3430882692337036,0.13693232834339142,0.284454345703125,0.2705669105052948,0.16710282862186432,0.11408486217260361
AK530,0.766666667,0.0,0.3,0.0,0.166666667,0.366666667,0.2,0.1,0.066666667,0.433333333,0.0,0.0,0.0,0.466666667,0.0,0.0,0.0,0.1,0.566666667,0.233333333,0.0,0.533333333,0.0,0.133333333,0.0,0.166666667,0.0,0.0,0.066666667,0.566666667,0.133333333,0.066666667,0.366666667,0.266666667,0.1,1.0,0.0,0.233333333,0.0,0.466666667,0.9,0.1,0.1,0.266666667,0.066666667,0.433333333,0.233333333,0.1,1.033333333,0.733333333,0.433333333,0.5342119932174683,0.20006798207759857,0.3233340382575989,0.14176492393016815,0.173109233379364,0.09420724958181381,0.2939022183418274,0.07690364867448807,0.43300068378448486,0.17532193660736084,0.09971483051776886,0.1084325760602951,0.061475228518247604,0.5431686043739319,0.09719185531139374,0.07617983222007751,0.09482784569263458,0.09368967264890671,0.13092449307441711,0.46898141503334045,0.4357612133026123,0.23420962691307068,0.1630176454782486,0.1835058629512787,0.01502079889178276,0.19683746993541718,0.12728288769721985,0.11377854645252228,0.08132540434598923,0.21657030284404755,0.16628947854042053,0.18337297439575195,0.3301617503166199,0.18146756291389465,0.10006878525018692,0.4097934663295746,0.14006072282791138,0.12554123997688293,0.04373579099774361,0.2103618085384369,0.17387787997722626,0.11326628923416138,0.07490632683038712,0.09075134247541428,0.1901291459798813,0.24348078668117523,0.11194703727960587,0.19721122086048126,0.22046883404254913,0.1919328272342682,0.08481569588184357
AL047,0.433333333,0.1,0.933333333,0.1,1.133333333,0.133333333,0.233333333,0.133333333,0.2,0.1,0.066666667,0.0,0.0,0.5,0.333333333,0.133333333,0.3,0.133333333,0.066666667,0.766666667,1.5,0.0,0.8,0.1,0.0,0.366666667,0.066666667,0.1,0.0,0.2,0.066666667,0.066666667,0.0,0.3,0.233333333,1.266666667,0.0,0.0,0.0,0.0,0.433333333,0.0,0.033333333,0.1,0.033333333,0.166666667,0.0,0.033333333,0.0,0.0,0.266666667,0.9458490014076233,0.22592487931251526,0.6404126882553101,0.20017966628074646,0.42245835065841675,0.19476190209388733,0.3831503689289093,0.18914999067783356,0.5269317030906677,0.20556725561618805,0.22730836272239685,0.14653348922729492,0.06236109882593155,0.6798644065856934,0.10726446658372879,0.15448562800884247,0.19568824768066406,0.08167750388383865,0.11800140887498856,0.3801465630531311,0.5638619065284729,0.08404994010925293,0.4716610312461853,0.14692875742912292,0.03145178407430649,0.29808181524276733,0.11984371393918991,0.08162365853786469,0.10683229565620422,0.24639616906642914,0.2029939591884613,0.07638951390981674,0.0935630053281784,0.2158598005771637,0.09286493062973022,0.6096713542938232,0.13516849279403687,0.11250421404838562,0.041003163903951645,0.20218536257743835,0.13620992004871368,0.1544041633605957,0.0678044930100441,0.1520494520664215,0.18556566536426544,0.2669459879398346,0.1366252899169922,0.20343726873397827,0.22654566168785095,0.15404319763183594,0.13096198439598083
AL112,1.166666667,0.166666667,0.7,0.0,0.533333333,0.133333333,0.2,0.266666667,0.733333333,0.0,0.0,0.166666667,0.0,0.666666667,0.133333333,0.233333333,0.1,0.0,0.066666667,0.466666667,0.566666667,0.433333333,0.533333333,0.5,0.0,0.166666667,0.1,0.0,0.0,0.6,0.066666667,0.3,0.033333333,0.566666667,0.2,0.8,0.2,0.0,0.0,0.5,0.266666667,0.3,0.066666667,0.0,0.0,0.433333333,0.0,0.2,0.166666667,0.166666667,0.066666667,0.6658275723457336,0.25566908717155457,0.5780082941055298,0.14855749905109406,0.3352488875389099,0.14207464456558228,0.30051809549331665,0.1970837116241455,0.6563686728477478,0.18242299556732178,0.14246150851249695,0.15566718578338623,0.05569243058562279,0.8576207756996155,0.22048097848892212,0.15540827810764313,0.29507333040237427,0.11550694704055786,0.11578883975744247,0.41093623638153076,0.4987783133983612,0.06740497797727585,0.5875414609909058,0.1696278601884842,0.036635491997003555,0.18253937363624573,0.12833335995674133,0.10144088417291641,0.11517404019832611,0.22715488076210022,0.19781798124313354,0.03610847890377045,0.06209244579076767,0.24643033742904663,0.10607533901929855,0.49154114723205566,0.11848651617765427,0.006994043011218309,0.03948213532567024,0.18208454549312592,0.13728071749210358,0.16755853593349457,0.03864765167236328,0.1608986109495163,0.18817293643951416,0.2671201229095459,0.13674864172935486,0.2518409192562103,0.22429785132408142,0.15413005650043488,0.10912667959928513
AL120,0.633333333,0.0,0.666666667,2.066666667,0.633333333,0.433333333,0.433333333,0.166666667,0.366666667,0.0,0.0,0.133333333,0.0,1.7,0.233333333,0.733333333,0.533333333,0.133333333,0.0,0.5,0.966666667,0.0,0.366666667,0.0,0.0,0.066666667,0.0,0.166666667,0.0,0.033333333,0.366666667,0.0,0.0,0.1,0.0,0.3,0.133333333,0.0,0.0,0.0,0.1,0.0,0.0,0.133333333,0.3,0.2,0.0,0.0,0.2,0.0,0.166666667,0.5495959520339966,0.1895896941423416,0.577907383441925,0.28139299154281616,0.4401107728481293,0.2100447714328766,0.4541654884815216,0.2787838876247406,0.6845495104789734,0.20237399637699127,0.2509545385837555,0.07003609091043472,0.06204706430435181,1.201596975326538,0.3009907901287079,0.24631521105766296,0.24578054249286652,0.09805978834629059,0.11642856150865555,0.23820701241493225,0.40724438428878784,0.059188343584537506,0.1872992068529129,0.11491093784570694,0.0332697369158268,0.2602352201938629,0.11934198439121246,0.053878601640462875,0.11401964724063873,0.29574576020240784,0.22505319118499756,0.03691689670085907,0.05760620906949043,0.15718840062618256,0.062340009957551956,0.8555876612663269,0.13814443349838257,0.011663414537906647,0.04125973582267761,0.19431866705417633,0.22130581736564636,0.11434638500213623,0.05478128045797348,0.15642285346984863,0.18613667786121368,0.24189002811908722,0.13774847984313965,0.21800091862678528,0.31351539492607117,0.17181138694286346,0.12145975232124329
AL200,0.566666667,0.133333333,0.566666667,0.233333333,0.766666667,0.333333333,0.3,0.0,0.166666667,0.133333333,0.0,0.0,0.0,0.566666667,0.266666667,0.066666667,0.266666667,0.1,0.166666667,0.066666667,0.0,0.1,0.2,0.1,0.0,0.133333333,0.0,0.0,0.0,0.333333333,0.333333333,0.266666667,0.2,0.333333333,0.333333333,1.633333333,0.333333333,0.033333333,0.0,0.233333333,0.233333333,0.3,0.133333333,0.066666667,0.066666667,0.166666667,0.0,0.0,0.433333333,0.2,0.733333333,0.6057641506195068,0.19139736890792847,0.4993109107017517,0.25338831543922424,0.4357903003692627,0.19102326035499573,0.4272146224975586,0.24556751549243927,0.4733254611492157,0.17809689044952393,0.2624676525592804,0.11770834773778915,0.05474492162466049,0.7985959053039551,0.2487768679857254,0.2306966483592987,0.22714506089687347,0.10668408870697021,0.1213592067360878,0.2654235363006592,0.35869300365448,0.08181115239858627,0.2182207554578781,0.13116279244422913,0.03535239398479462,0.3612687289714813,0.12000348418951035,0.06379826366901398,0.18894527852535248,0.30892395973205566,0.20070946216583252,0.06136670708656311,0.15173757076263428,0.21502700448036194,0.12153235822916031,0.8340373635292053,0.1529492735862732,0.08629468083381653,0.042251527309417725,0.19159959256649017,0.23290671408176422,0.1942083239555359,0.17969252169132233,0.14616452157497406,0.1464858502149582,0.2509990334510803,0.13937249779701233,0.20467419922351837,0.3133993148803711,0.17527607083320618,0.14614799618721008
AL231,0.5,0.0,0.6,2.233333333,0.466666667,0.033333333,0.3,0.566666667,0.633333333,0.066666667,0.0,0.0,0.0,1.933333333,0.833333333,0.833333333,0.2,0.0,0.0,0.066666667,0.166666667,0.066666667,0.233333333,0.133333333,0.233333333,0.1,0.033333333,0.1,0.1,0.033333333,0.133333333,0.0,0.0,0.166666667,0.0,0.433333333,0.0,0.0,0.066666667,0.133333333,0.0,0.0,0.0,0.0,0.533333333,0.1,0.0,0.133333333,0.0,0.166666667,0.0,0.5024507641792297,0.2004411816596985,0.4852311909198761,0.2987843453884125,0.4178048372268677,0.20028214156627655,0.40175649523735046,0.2159261256456375,0.6447799801826477,0.17522326111793518,0.15100587904453278,0.09564429521560669,0.05899892747402191,1.1029622554779053,0.30028632283210754,0.2864178419113159,0.22356608510017395,0.11237435042858124,0.11537233740091324,0.2232583463191986,0.39706364274024963,0.05241597443819046,0.16479499638080597,0.11507824808359146,0.022406887263059616,0.2738921344280243,0.12008721381425858,0.051681000739336014,0.08618588745594025,0.2593989074230194,0.19320669770240784,0.0417109876871109,0.055195607244968414,0.19905942678451538,0.06209351122379303,0.954903781414032,0.13791082799434662,0.009519039653241634,0.039513178169727325,0.17688076198101044,0.23404404520988464,0.13633975386619568,0.04796437919139862,0.1533961296081543,0.28284916281700134,0.24495743215084076,0.13450859487056732,0.2138216644525528,0.33593839406967163,0.1929565817117691,0.11494867503643036
AL310,0.566666667,0.0,0.766666667,0.133333333,0.9,0.533333333,0.2,0.0,0.5,0.033333333,0.0,0.0,0.0,0.533333333,0.333333333,0.133333333,0.133333333,0.066666667,0.0,0.266666667,0.7,0.0,0.333333333,0.1,0.0,0.0,0.066666667,0.0,0.133333333,0.3,0.2,0.0,0.0,0.433333333,0.1,1.433333333,0.2,0.433333333,0.0,0.2,0.333333333,0.066666667,0.0,0.066666667,0.033333333,0.1,0.266666667,0.5,0.3,0.633333333,0.3,0.47697508335113525,0.18377426266670227,0.42668095231056213,0.08169157058000565,0.2577546536922455,0.16800831258296967,0.2596929669380188,0.17207294702529907,0.3935834765434265,0.17397230863571167,0.05624539777636528,0.07024607807397842,0.04986897483468056,0.9491620659828186,0.31282010674476624,0.2677771747112274,0.19149571657180786,0.11238501220941544,0.11835411190986633,0.32379454374313354,0.34899717569351196,0.08666069060564041,0.25974881649017334,0.1052766963839531,0.021001091226935387,0.1978798806667328,0.12475394457578659,0.07220510393381119,0.16383661329746246,0.3444535434246063,0.2085273414850235,0.05685969442129135,0.026619045063853264,0.23466730117797852,0.0416470542550087,0.590618908405304,0.14988017082214355,0.0295065026730299,0.04124414548277855,0.1937597393989563,0.22175233066082,0.1003844365477562,0.11291299760341644,0.23226051032543182,0.12638722360134125,0.2954891622066498,0.14713744819164276,0.22516551613807678,0.23059643805027008,0.16062988340854645,0.13064737617969513
AL388,0.133333333,0.0,0.1,0.0,0.366666667,0.2,0.133333333,0.233333333,0.3,0.0,0.0,0.0,0.0,0.533333333,0.4,0.266666667,0.3,0.066666667,0.1,0.4,0.733333333,0.0,0.433333333,0.0,0.0,0.066666667,0.0,0.0,0.0,0.1,0.3,0.033333333,0.0,0.766666667,0.366666667,1.4,1.166666667,0.333333333,0.0,0.433333333,0.366666667,0.6,0.133333333,0.133333333,0.166666667,0.566666667,0.0,0.1,0.533333333,0.6,0.1,0.47121530771255493,0.18529343605041504,0.3982754945755005,0.12318426370620728,0.5852442979812622,0.13410362601280212,0.43902963399887085,0.23816627264022827,0.5087367296218872,0.17387469112873077,0.1609973907470703,0.06756631284952164,0.05835075303912163,0.562724769115448,0.21959789097309113,0.1648213118314743,0.13763323426246643,0.12458906322717667,0.12021257728338242,0.51579350233078,0.679114580154419,0.08458174020051956,0.5244704484939575,0.09549221396446228,0.021360281854867935,0.1514837145805359,0.12191826105117798,0.053503815084695816,0.06314012408256531,0.25726673007011414,0.2165253758430481,0.07972317188978195,0.10425655543804169,0.317681223154068,0.15749764442443848,0.689495325088501,0.15724453330039978,0.06753572821617126,0.04218374937772751,0.19633372128009796,0.20624208450317383,0.1439334750175476,0.11587284505367279,0.13596297800540924,0.12628509104251862,0.24277612566947937,0.14458763599395752,0.2520127594470978,0.2354094684123993,0.13800446689128876,0.114691823720932
AL409,0.233333333,0.066666667,0.466666667,0.0,0.6,0.0,0.566666667,0.1,0.9,0.3,0.133333333,0.166666667,0.0,1.266666667,0.3,0.433333333,0.233333333,0.0,0.0,0.266666667,0.5,0.066666667,0.266666667,0.3,0.0,0.233333333,0.266666667,0.5,0.233333333,0.233333333,0.166666667,0.033333333,0.0,0.133333333,0.0,0.866666667,0.9,0.566666667,0.166666667,0.0,0.033333333,0.0,0.366666667,0.366666667,0.1,0.833333333,0.233333333,0.333333333,0.133333333,0.1,0.133333333,0.8313074707984924,0.20010121166706085,0.3729434311389923,0.08608083426952362,0.522081196308136,0.12513400614261627,0.33662766218185425,0.1474212259054184,0.6108502745628357,0.1788599193096161,0.18142744898796082,0.08117780834436417,0.06303906440734863,0.6449280977249146,0.1343957483768463,0.15272995829582214,0.1456347554922104,0.09343387931585312,0.11402062326669693,0.45368072390556335,0.7288923859596252,0.07596074044704437,0.49168288707733154,0.1381487250328064,0.021384097635746002,0.2376113384962082,0.12326137721538544,0.12561647593975067,0.2304268479347229,0.2887505888938904,0.21079078316688538,0.0662883073091507,0.07455304265022278,0.21978376805782318,0.16839028894901276,0.9128844738006592,0.13068412244319916,0.09801875799894333,0.051556337624788284,0.20168359577655792,0.17526280879974365,0.11096886545419693,0.12810362875461578,0.09694549441337585,0.06570179760456085,0.25062575936317444,0.15030665695667267,0.21708980202674866,0.21108196675777435,0.17852449417114258,0.095101498067379
AL454,0.366666667,0.0,0.533333333,0.133333333,0.533333333,0.2,0.733333333,0.366666667,0.866666667,0.433333333,0.0,0.0,0.0,1.166666667,0.366666667,0.433333333,0.133333333,0.0,0.0,0.166666667,0.333333333,0.0,0.466666667,0.433333333,0.266666667,0.433333333,0.0,0.133333333,0.233333333,0.433333333,0.233333333,0.0,0.0,0.2,0.066666667,0.933333333,0.8,0.5,0.066666667,0.1,0.2,0.266666667,0.033333333,0.1,0.166666667,1.0,0.266666667,0.333333333,0.033333333,0.0,0.133333333,0.7264435291290283,0.1894018054008484,0.4745676815509796,0.1542397141456604,0.5358551740646362,0.14819245040416718,0.4925724267959595,0.20801270008087158,0.6089584231376648,0.18227003514766693,0.23686105012893677,0.1230880469083786,0.07413239032030106,0.8222020268440247,0.2641642987728119,0.22210688889026642,0.18719680607318878,0.09731270372867584,0.11622189730405807,0.33851441740989685,0.5423014163970947,0.06757625937461853,0.25695961713790894,0.10747525840997696,0.0280623622238636,0.37622591853141785,0.11949866265058517,0.0676615983247757,0.1773044764995575,0.3031540513038635,0.16888710856437683,0.04766722023487091,0.08577674627304077,0.21977142989635468,0.0787796899676323,1.0338079929351807,0.13510029017925262,0.08444217592477798,0.041131895035505295,0.18258647620677948,0.1816730797290802,0.11799170076847076,0.095401331782341,0.1407822072505951,0.11579136550426483,0.2515033483505249,0.16026072204113007,0.21265991032123566,0.25590071082115173,0.18144835531711578,0.13118311762809753
AL520,0.2,0.0,0.5,0.0,0.3,0.066666667,0.466666667,0.0,0.633333333,0.0,0.0,0.0,0.0,0.466666667,0.133333333,0.266666667,0.033333333,0.0,0.066666667,0.3,0.2,0.366666667,0.1,0.133333333,0.0,0.133333333,0.0,0.0,0.133333333,0.366666667,0.066666667,0.5,0.5,0.366666667,0.1,1.2,0.6,1.433333333,0.433333333,0.9,0.133333333,0.0,0.166666667,0.0,0.033333333,0.433333333,0.1,0.033333333,0.066666667,0.466666667,0.433333333,0.5019298195838928,0.1854737550020218,0.36692866683006287,0.09471515566110611,0.3250603973865509,0.13204646110534668,0.37690725922584534,0.16544760763645172,0.49182724952697754,0.17649775743484497,0.21666358411312103,0.12552529573440552,0.0708848387002945,0.5730690956115723,0.13430655002593994,0.14402621984481812,0.1977161318063736,0.09804074466228485,0.14758817851543427,0.49890953302383423,0.4694168269634247,0.11440330743789673,0.29857248067855835,0.18836484849452972,0.02994241937994957,0.2862224280834198,0.12629206478595734,0.05638169124722481,0.2717089354991913,0.29949337244033813,0.21889841556549072,0.2307538390159607,0.20987184345722198,0.23442690074443817,0.22264721989631653,0.5919525027275085,0.14530019462108612,0.21521809697151184,0.05520007386803627,0.2116452306509018,0.20974551141262054,0.1021273285150528,0.12607242166996002,0.11452323943376541,0.13415560126304626,0.23821775615215302,0.133688822388649,0.20448839664459229,0.1620543897151947,0.19140218198299408,0.11478801816701889
AL538,0.433333333,0.0,0.3,0.066666667,0.333333333,0.0,0.8,0.266666667,0.366666667,0.1,0.0,0.066666667,0.0,1.066666667,0.333333333,0.233333333,0.233333333,0.1,0.066666667,0.166666667,0.133333333,0.1,0.0,0.0,0.0,0.4,0.3,0.133333333,0.9,1.233333333,0.833333333,0.0,0.166666667,0.2,0.066666667,1.133333333,0.466666667,0.0,0.066666667,0.2,0.0,0.0,0.533333333,0.1,0.0,0.733333333,0.0,0.0,0.0,0.0,0.0,0.4246338903903961,0.20022711157798767,0.37703388929367065,0.23771554231643677,0.34584322571754456,0.09960789233446121,0.4291504919528961,0.20900870859622955,1.0918954610824585,0.1771986484527588,0.35451051592826843,0.2784164845943451,0.0736880749464035,1.345056414604187,0.25113528966903687,0.27468764781951904,0.14093032479286194,0.08823959529399872,0.11114156246185303,0.15339244902133942,0.2914138734340668,0.058076560497283936,0.16814324259757996,0.10640721768140793,0.04871965944766998,0.3257176876068115,0.12503670156002045,0.07719200849533081,0.25944334268569946,0.33816665410995483,0.22947268187999725,0.036287255585193634,0.03374899923801422,0.1365702599287033,0.05638119578361511,0.6955098509788513,0.13038060069084167,0.023502806201577187,0.04255886748433113,0.1930396854877472,0.16423435509204865,0.12729276716709137,0.1390412598848343,0.15054409205913544,0.14429904520511627,0.24562415480613708,0.11740555614233017,0.27058902382850647,0.20890527963638306,0.15051651000976562,0.10102706402540207
AL679,0.233333333,0.066666667,0.433333333,0.1,0.366666667,0.333333333,0.366666667,0.066666667,0.333333333,0.933333333,0.0,0.1,0.0,0.666666667,0.0,0.2,0.033333333,0.0,0.133333333,0.0,0.133333333,0.0,0.033333333,0.0,0.0,0.166666667,0.0,0.0,0.0,0.4,0.133333333,0.1,0.333333333,0.033333333,0.1,0.766666667,1.166666667,1.166666667,0.2,0.6,0.2,0.0,0.566666667,0.233333333,0.1,0.666666667,0.4,0.133333333,0.1,0.233333333,0.1,0.5702501535415649,0.18767580389976501,0.3843662440776825,0.10479409992694855,0.32739323377609253,0.1449979692697525,0.40887191891670227,0.14575472474098206,0.479053795337677,0.1786922812461853,0.15906600654125214,0.1415644884109497,0.07006596773862839,0.5931825041770935,0.18134383857250214,0.148289754986763,0.14849169552326202,0.09676878154277802,0.11590579152107239,0.2410651445388794,0.24447396397590637,0.07672756910324097,0.17905479669570923,0.11691761016845703,0.021684790030121803,0.2966146767139435,0.12053070962429047,0.04824554920196533,0.285569429397583,0.335184782743454,0.20995162427425385,0.17792938649654388,0.11324199289083481,0.22329038381576538,0.1045965850353241,0.8795936703681946,0.14765718579292297,0.11253244429826736,0.04194227233529091,0.19312946498394012,0.18748854100704193,0.12343753129243851,0.23644958436489105,0.12008488178253174,0.1787198930978775,0.2534946799278259,0.13033567368984222,0.1965387612581253,0.24477913975715637,0.19380907714366913,0.12628234922885895
AL694,0.266666667,0.133333333,0.533333333,0.266666667,0.3,0.433333333,1.066666667,0.066666667,1.566666667,0.8,0.933333333,0.533333333,0.166666667,1.6,0.133333333,0.5,0.233333333,0.133333333,0.0,0.033333333,0.033333333,0.0,0.233333333,0.066666667,0.0,0.4,0.0,0.0,0.233333333,0.1,0.366666667,0.0,0.0,0.266666667,0.0,0.5,0.333333333,0.0,0.0,0.0,0.066666667,0.133333333,0.0,0.0,0.0,0.233333333,0.133333333,0.266666667,0.266666667,0.133333333,0.0,0.49797895550727844,0.19062086939811707,0.5423492193222046,0.12623651325702667,0.3868948817253113,0.17802204191684723,0.48713168501853943,0.2113061100244522,0.8639822006225586,0.21792280673980713,0.3118897080421448,0.20603331923484802,0.06136709451675415,1.0649663209915161,0.25579413771629333,0.2537247836589813,0.18593508005142212,0.09873808920383453,0.11103066056966782,0.22688861191272736,0.46069571375846863,0.06092635169625282,0.286731094121933,0.10797069221735,0.033699940890073776,0.24253761768341064,0.12168256938457489,0.07527157664299011,0.08879990875720978,0.26277223229408264,0.19968992471694946,0.025124531239271164,0.03009633533656597,0.1686735302209854,0.044934507459402084,0.6254562735557556,0.14964279532432556,0.02950754389166832,0.04092784970998764,0.18246029317378998,0.15698882937431335,0.14745362102985382,0.026818078011274338,0.1580086052417755,0.1235542744398117,0.24432606995105743,0.13132672011852264,0.2536943852901459,0.2800498306751251,0.18468958139419556,0.09952433407306671
AL822,1.566666667,0.033333333,0.8,0.0,0.433333333,0.433333333,1.133333333,0.166666667,0.633333333,0.933333333,0.0,0.0,0.0,0.866666667,0.066666667,0.2,0.0,0.033333333,0.0,0.366666667,0.333333333,0.0,0.066666667,0.0,0.066666667,0.0,0.0,0.0,0.0,0.233333333,0.066666667,0.0,0.1,0.166666667,0.0,0.633333333,0.3,0.033333333,0.0,0.0,0.0,0.066666667,0.0,0.066666667,0.166666667,0.166666667,0.366666667,0.0,0.1,0.366666667,0.133333333,0.8156905174255371,0.24824245274066925,0.5575511455535889,0.14327503740787506,0.3758622407913208,0.22498050332069397,0.3968847990036011,0.18195503950119019,0.601475179195404,0.1840849369764328,0.23097817599773407,0.14517776668071747,0.06597448885440826,0.9811808466911316,0.2151724100112915,0.19446472823619843,0.19865049421787262,0.08998391032218933,0.11227905750274658,0.21791911125183105,0.28938743472099304,0.06297226995229721,0.2142411768436432,0.12868911027908325,0.030108638107776642,0.28576940298080444,0.12189267575740814,0.05628764629364014,0.058738503605127335,0.23159034550189972,0.18966281414031982,0.0426180437207222,0.06362191587686539,0.1804015189409256,0.05689934641122818,0.5860641598701477,0.1385979801416397,0.06041884794831276,0.0410330556333065,0.1910775601863861,0.14238883554935455,0.11722764372825623,0.04204881563782692,0.12741364538669586,0.22839145362377167,0.24359190464019775,0.1339273452758789,0.21912792325019836,0.21145924925804138,0.1644664704799652,0.11442157626152039
AL933,0.4,0.0,0.566666667,0.133333333,0.233333333,0.133333333,0.933333333,0.1,1.1,1.233333333,0.066666667,0.3,0.0,1.0,0.266666667,0.233333333,0.0,0.0,0.0,0.066666667,0.166666667,0.0,0.2,0.133333333,0.0,0.333333333,0.066666667,0.0,0.2,0.566666667,0.433333333,0.0,0.0,0.333333333,0.166666667,0.733333333,0.533333333,0.0,0.2,0.133333333,0.066666667,0.2,0.133333333,0.266666667,0.133333333,0.3,0.233333333,0.266666667,0.3,0.266666667,0.066666667,0.6273987889289856,0.21396377682685852,0.646671712398529,0.42965012788772583,0.37177637219429016,0.16001763939857483,0.3725746273994446,0.21185676753520966,0.6820687055587769,0.22016245126724243,0.1606747806072235,0.1873209923505783,0.052016355097293854,1.2201752662658691,0.1749269962310791,0.21778923273086548,0.21857517957687378,0.09732194244861603,0.11017986387014389,0.12056975811719894,0.24909237027168274,0.05450306460261345,0.11706136912107468,0.09123506397008896,0.025063531473279,0.2199493944644928,0.12172289192676544,0.048664093017578125,0.057418711483478546,0.296332448720932,0.23476611077785492,0.019665200263261795,0.05160340294241905,0.1877679079771042,0.024444619193673134,0.5208743214607239,0.12768243253231049,0.006337983068078756,0.03995312750339508,0.17777326703071594,0.15955741703510284,0.14888489246368408,0.07330750674009323,0.21564656496047974,0.27511733770370483,0.27922680974006653,0.14643847942352295,0.30391260981559753,0.2018255740404129,0.19163690507411957,0.09860190004110336
AL944,0.833333333,0.166666667,0.7,0.9,0.466666667,0.5,0.433333333,0.033333333,0.266666667,1.066666667,0.133333333,0.0,0.0,0.533333333,0.033333333,0.1,0.2,0.0,0.033333333,0.133333333,0.233333333,0.0,0.166666667,0.066666667,0.0,0.1,0.0,0.0,0.0,0.3,0.266666667,0.0,0.0,0.233333333,0.133333333,0.666666667,0.633333333,0.333333333,0.2,0.333333333,0.233333333,0.0,0.1,0.333333333,0.2,0.133333333,0.0,0.066666667,0.1,0.066666667,0.133333333,0.9074259996414185,0.22543242573738098,0.7088914513587952,0.23550449311733246,0.48699602484703064,0.19670048356056213,0.39692607522010803,0.1886024922132492,0.4452715814113617,0.1809563934803009,0.19972895085811615,0.035829994827508926,0.05827707797288895,0.6176126599311829,0.14127066731452942,0.179267019033432,0.1767248809337616,0.0993340015411377,0.11753721535205841,0.3379114270210266,0.571552038192749,0.06468424946069717,0.28659525513648987,0.13316044211387634,0.021817917004227638,0.282417893409729,0.11953239887952805,0.05770529806613922,0.16261909902095795,0.23881468176841736,0.22444917261600494,0.05745961144566536,0.0934532880783081,0.18288356065750122,0.11332619190216064,0.7254115343093872,0.13979677855968475,0.07035000622272491,0.04064631834626198,0.19770146906375885,0.17122235894203186,0.10018656402826309,0.09264720976352692,0.10541770607233047,0.15988069772720337,0.24032224714756012,0.1459931582212448,0.21432046592235565,0.21723541617393494,0.17313960194587708,0.12937059998512268
AL973,1.3,0.0,0.433333333,0.1,0.033333333,0.1,0.4,0.2,0.766666667,0.0,0.133333333,0.0,0.0,0.666666667,0.133333333,0.133333333,0.0,0.0,0.066666667,0.0,0.066666667,0.1,0.5,0.0,0.0,0.5,0.133333333,0.0,0.066666667,0.166666667,0.1,0.166666667,0.033333333,0.433333333,0.1,1.433333333,0.666666667,0.366666667,0.1,0.666666667,0.5,0.366666667,0.533333333,0.166666667,0.066666667,0.333333333,0.133333333,0.0,0.4,0.233333333,0.433333333,0.7635714411735535,0.20155711472034454,0.45236408710479736,0.18509012460708618,0.5361433625221252,0.11416127532720566,0.3783588707447052,0.18559257686138153,0.4773481488227844,0.18675044178962708,0.11608990281820297,0.03755757585167885,0.0478573776781559,0.6307966113090515,0.16372813284397125,0.1392804980278015,0.20113617181777954,0.11091523617506027,0.11843488365411758,0.49044883251190186,0.6225722432136536,0.08895109593868256,0.5314174294471741,0.14010563492774963,0.013965040445327759,0.2595936954021454,0.12213923782110214,0.05240161344408989,0.15601389110088348,0.244283989071846,0.20618048310279846,0.03552629426121712,0.09066985547542572,0.2782785892486572,0.14257605373859406,0.8450682163238525,0.1462784856557846,0.05169977992773056,0.04685617983341217,0.1845465749502182,0.17256037890911102,0.13499197363853455,0.12765374779701233,0.12938059866428375,0.11609240621328354,0.2450813502073288,0.13982675969600677,0.23278237879276276,0.21549253165721893,0.17070303857326508,0.12043135613203049
AM104,0.366666667,0.1,0.566666667,1.233333333,0.5,0.233333333,0.166666667,0.4,0.5,0.0,0.1,0.0,0.0,1.566666667,0.433333333,0.2,0.7,0.233333333,0.366666667,0.5,0.0,0.166666667,0.1,0.1,0.0,0.0,0.0,0.033333333,0.0,0.333333333,0.3,0.3,0.533333333,0.066666667,0.033333333,0.566666667,0.066666667,0.1,0.1,0.333333333,0.233333333,0.066666667,0.033333333,0.066666667,0.633333333,0.066666667,0.066666667,0.0,0.0,0.133333333,0.166666667,0.3769600987434387,0.18437403440475464,0.5381760001182556,0.42436036467552185,0.4291771352291107,0.17719966173171997,0.25006797909736633,0.19108566641807556,0.2735058069229126,0.17078104615211487,0.05807887017726898,0.0648956447839737,0.05147387832403183,1.0589711666107178,0.33989217877388,0.31440064311027527,0.21415437757968903,0.1250246912240982,0.11343905329704285,0.5171314477920532,0.5619672536849976,0.07543113827705383,0.34868550300598145,0.10143288224935532,0.07528503239154816,0.12226717174053192,0.12703821063041687,0.0899881049990654,0.06245851889252663,0.18818996846675873,0.20155109465122223,0.05992903560400009,0.07216440141201019,0.18688583374023438,0.03226087614893913,0.6882067918777466,0.1277744024991989,0.02054065465927124,0.0393434539437294,0.18739436566829681,0.20719660818576813,0.12956956028938293,0.06600811332464218,0.1784411370754242,0.20447413623332977,0.24088165163993835,0.12223435938358307,0.2542831301689148,0.17798492312431335,0.11485376209020615,0.08690793812274933
AM286,0.233333333,0.0,0.233333333,0.0,0.366666667,0.066666667,0.266666667,0.1,0.366666667,0.0,0.0,0.233333333,0.0,1.7,1.366666667,1.1,0.5,0.1,0.0,0.266666667,0.8,0.033333333,0.266666667,0.066666667,0.166666667,0.3,0.466666667,0.0,0.4,0.033333333,0.2,0.0,0.033333333,0.333333333,0.1,0.6,0.033333333,0.0,0.0,0.033333333,0.066666667,0.166666667,0.0,0.066666667,0.266666667,0.133333333,0.0,0.233333333,0.266666667,0.166666667,0.066666667,0.42915260791778564,0.18516859412193298,0.38682085275650024,0.009683153592050076,0.34111288189888,0.10241090506315231,0.38728606700897217,0.2684548795223236,1.0002214908599854,0.180649533867836,0.27926114201545715,0.4336393475532532,0.09610820561647415,1.3354401588439941,0.49511611461639404,0.416191965341568,0.14454762637615204,0.08440020680427551,0.1124359667301178,0.3128300607204437,0.3547370433807373,0.0602058507502079,0.22506183385849,0.10739818215370178,0.05362044274806976,0.20194216072559357,0.1633676141500473,0.13186603784561157,0.2073143720626831,0.3180980682373047,0.2549865245819092,0.039633858948946,0.03578232228755951,0.13516303896903992,0.054269567131996155,0.36137670278549194,0.14258018136024475,0.01393994688987732,0.05414824187755585,0.20852743089199066,0.1442933827638626,0.11926211416721344,0.08212432265281677,0.154548779129982,0.12134743481874466,0.24432121217250824,0.12239211797714233,0.2897465229034424,0.15922552347183228,0.13858769834041595,0.08825036883354187
AM414,0.766666667,0.0,1.533333333,0.333333333,1.033333333,0.866666667,0.866666667,0.266666667,0.633333333,0.4,0.433333333,0.0,0.166666667,0.866666667,0.066666667,0.166666667,0.233333333,0.0,0.033333333,0.0,0.0,0.0,0.0,0.0,0.0,0.0,0.0,0.0,0.0,0.2,0.433333333,0.066666667,0.333333333,0.4,0.033333333,0.833333333,0.133333333,0.0,0.1,0.066666667,0.033333333,0.066666667,0.133333333,0.033333333,0.5,0.733333333,0.166666667,0.333333333,0.0,0.133333333,0.433333333,0.48006874322891235,0.18622079491615295,0.6480319499969482,0.5030820965766907,0.37127166986465454,0.2483709454536438,0.4761808216571808,0.2632203996181488,0.552739143371582,0.1844906210899353,0.3118464946746826,0.27102482318878174,0.09403838962316513,1.1603549718856812,0.3050216734409332,0.33866843581199646,0.19657880067825317,0.08907507359981537,0.1117725521326065,0.2310919314622879,0.2776479721069336,0.054778724908828735,0.14180414378643036,0.10417097806930542,0.0705670565366745,0.17052370309829712,0.12542220950126648,0.07134798169136047,0.12723352015018463,0.265825092792511,0.26363223791122437,0.0690978467464447,0.11296455562114716,0.1477482169866562,0.0489501990377903,0.5683959722518921,0.12858359515666962,0.032208554446697235,0.04016471281647682,0.18305714428424835,0.15459942817687988,0.10536826401948929,0.03845778852701187,0.15067042410373688,0.2716284394264221,0.2494712620973587,0.12870807945728302,0.23713365197181702,0.17334413528442383,0.13861514627933502,0.08827251940965652
AM456,0.433333333,0.0,0.366666667,0.1,0.6,0.0,0.266666667,0.5,0.666666667,0.0,0.133333333,0.133333333,0.333333333,1.733333333,0.7,0.633333333,0.333333333,0.0,0.133333333,0.4,0.066666667,0.166666667,0.2,0.3,1.3,1.1,0.4,0.6,0.0,0.0,0.066666667,0.0,0.0,0.0,0.0,0.266666667,0.033333333,0.0,0.0,0.066666667,0.133333333,0.1,0.0,0.0,0.133333333,0.0,0.133333333,0.1,0.133333333,0.266666667,0.0,0.26537075638771057,0.18377426266670227,0.2890869677066803,0.27648425102233887,0.27525758743286133,0.12154840677976608,0.4159663915634155,0.33533889055252075,0.376128613948822,0.17573611438274384,0.15474599599838257,0.17551559209823608,0.12694169580936432,1.1885277032852173,0.4509957730770111,0.3556530177593231,0.19310598075389862,0.10089640319347382,0.11316379904747009,0.2594660222530365,0.40121161937713623,0.05665738508105278,0.2919476628303528,0.1694556474685669,0.30026447772979736,0.5302789807319641,0.13214783370494843,0.1804872751235962,0.19159646332263947,0.20331065356731415,0.16713108122348785,0.05879416689276695,0.05001964792609215,0.14754915237426758,0.06770391762256622,0.4333125650882721,0.1254202425479889,0.02009573020040989,0.04828663542866707,0.20177878439426422,0.17962750792503357,0.14308100938796997,0.06166480854153633,0.17799197137355804,0.15548422932624817,0.2447776198387146,0.1158795952796936,0.21181289851665497,0.2560752034187317,0.12623412907123566,0.0805300697684288
AM518,0.4,0.0,0.666666667,1.5,0.633333333,0.433333333,0.333333333,0.4,0.2,0.066666667,0.0,0.0,0.0,1.066666667,0.3,0.566666667,0.1,0.233333333,0.2,0.166666667,0.266666667,0.0,0.233333333,0.0,0.1,0.3,0.133333333,0.0,0.0,0.133333333,0.2,0.0,0.0,0.1,0.0,0.3,0.0,0.0,0.0,0.0,0.2,0.0,0.0,0.166666667,0.8,0.066666667,0.0,0.266666667,0.366666667,0.066666667,0.133333333,0.3916833698749542,0.18660709261894226,0.526351273059845,0.5405056476593018,0.3725845515727997,0.20916321873664856,0.317661851644516,0.26158568263053894,0.41848376393318176,0.17569129168987274,0.08866088092327118,0.15585774183273315,0.05803351476788521,1.0408350229263306,0.3825267553329468,0.4065699577331543,0.2387322038412094,0.12448269873857498,0.1152879074215889,0.41538092494010925,0.4436245560646057,0.09483160823583603,0.2656318247318268,0.10279682278633118,0.03636835888028145,0.08252879977226257,0.12563273310661316,0.07420633733272552,0.02969762682914734,0.1836804747581482,0.2083575278520584,0.060086511075496674,0.2959267795085907,0.19893787801265717,0.03121674247086048,0.4636511504650116,0.14073455333709717,0.02345442771911621,0.04416802525520325,0.1809731274843216,0.2092476636171341,0.20303432643413544,0.03634774684906006,0.5001025199890137,0.6778528690338135,0.3422413170337677,0.14704103767871857,0.4589906632900238,0.2965324819087982,0.12014755606651306,0.11677855253219604
AM654,0.166666667,0.1,0.4,0.7,0.366666667,0.033333333,0.0,0.133333333,0.366666667,0.0,0.0,0.0,0.0,0.666666667,0.3,0.3,0.366666667,0.0,0.0,0.733333333,1.633333333,0.0,1.1,0.0,0.166666667,0.066666667,0.0,0.266666667,0.033333333,0.0,0.033333333,0.0,0.0,0.366666667,0.0,0.666666667,0.1,0.2,0.0,0.033333333,0.233333333,0.0,0.0,0.133333333,0.533333333,0.0,0.0,0.366666667,0.1,0.2,0.1,0.51215660572052,0.18403366208076477,0.683915376663208,0.27314382791519165,0.4954143464565277,0.23084639012813568,0.22049252688884735,0.1341882050037384,0.2984563112258911,0.17603321373462677,0.06701799482107162,0.0510404035449028,0.04968797415494919,0.7141399383544922,0.15018032491207123,0.21392804384231567,0.11260572820901871,0.1136040985584259,0.1143655776977539,0.4274316430091858,0.40982428193092346,0.07350656390190125,0.15821127593517303,0.08609004318714142,0.0209620650857687,0.06881377846002579,0.12081018090248108,0.07805728912353516,0.037302080541849136,0.205626979470253,0.20560398697853088,0.06530779600143433,0.07494223117828369,0.31620219349861145,0.0482032485306263,0.34502631425857544,0.14892441034317017,0.04075806960463524,0.03979601338505745,0.18534941971302032,0.16440151631832123,0.13519443571567535,0.06651278585195541,0.5386753678321838,0.4683951735496521,0.36383065581321716,0.16771231591701508,0.525161623954773,0.20148779451847076,0.1296439915895462,0.13262827694416046
AM715,0.4,0.1,1.0,0.466666667,0.9,0.266666667,1.2,0.6,0.666666667,0.066666667,0.233333333,0.266666667,0.0,1.433333333,0.2,0.4,0.366666667,0.333333333,0.0,0.3,0.1,0.066666667,0.0,0.0,0.0,0.066666667,0.0,0.0,0.0,0.3,0.5,0.3,0.466666667,0.166666667,0.133333333,0.933333333,0.033333333,0.0,0.033333333,0.233333333,0.566666667,0.1,0.066666667,0.0,0.166666667,0.1,0.066666667,0.1,0.2,0.166666667,0.333333333,0.4637075960636139,0.1844719648361206,0.5765095353126526,0.43581265211105347,0.4767875373363495,0.17763714492321014,0.5166381001472473,0.3015648424625397,0.7229610681533813,0.17511707544326782,0.3040183186531067,0.28186705708503723,0.08861479163169861,1.1095398664474487,0.4151405990123749,0.3292853832244873,0.2315804660320282,0.0984877198934555,0.11193214356899261,0.34409353137016296,0.3607350289821625,0.08097004145383835,0.21999646723270416,0.1241619735956192,0.06009132042527199,0.16726744174957275,0.1409795582294464,0.07881996780633926,0.1122887060046196,0.26765063405036926,0.20093978941440582,0.12896163761615753,0.0953386202454567,0.1532672643661499,0.05423824489116669,0.6716810464859009,0.12877127528190613,0.047860369086265564,0.04111744090914726,0.20115439593791962,0.17505158483982086,0.1345611810684204,0.057005178183317184,0.13490980863571167,0.19728626310825348,0.24576817452907562,0.12609830498695374,0.22405138611793518,0.16810882091522217,0.15480715036392212,0.0841340497136116
AM966,0.633333333,1.3,0.766666667,1.466666667,0.133333333,0.0,1.1,0.7,1.033333333,0.066666667,0.966666667,0.233333333,0.1,2.1,0.233333333,0.266666667,0.3,0.0,0.0,0.0,0.166666667,0.0,0.0,0.0,0.0,0.0,0.1,0.033333333,0.0,0.266666667,0.233333333,0.0,0.0,0.0,0.033333333,0.066666667,0.0,0.0,0.0,0.0,0.0,0.0,0.0,0.0,0.266666667,0.1,0.133333333,0.2,0.0,0.0,0.066666667,0.6924887895584106,0.2800482511520386,0.6718835830688477,0.431016743183136,0.38636520504951477,0.1754077970981598,0.540070652961731,0.3135116994380951,0.6921088099479675,0.18414969742298126,0.20636679232120514,0.14705845713615417,0.07157250493764877,1.0368822813034058,0.16340605914592743,0.17879100143909454,0.1334044188261032,0.08253893256187439,0.11182308942079544,0.22256715595722198,0.22870688140392303,0.0781736820936203,0.09350375086069107,0.10053004324436188,0.012692690826952457,0.13554860651493073,0.12048745900392532,0.05178242549300194,0.05844748392701149,0.25421836972236633,0.17451946437358856,0.09370482712984085,0.2402176856994629,0.12829145789146423,0.023348169401288033,0.31036651134490967,0.11252059787511826,0.03187817335128784,0.039645735174417496,0.17637507617473602,0.1445760875940323,0.11461954563856125,0.03779275715351105,0.19190862774848938,0.33656370639801025,0.2811475992202759,0.15387780964374542,0.342815637588501,0.13323920965194702,0.13261829316616058,0.09723778814077377
AN446,0.533333333,0.166666667,0.766666667,0.433333333,0.366666667,0.266666667,0.233333333,0.333333333,0.566666667,0.0,0.166666667,0.166666667,0.0,0.433333333,0.2,0.0,0.1,0.033333333,0.033333333,0.066666667,0.1,0.0,0.066666667,0.166666667,0.0,0.733333333,0.0,0.033333333,0.2,0.566666667,0.7,0.366666667,0.533333333,0.233333333,0.133333333,1.3,0.1,0.133333333,0.0,0.133333333,0.233333333,0.0,0.066666667,0.133333333,0.133333333,0.566666667,0.3,0.266666667,0.1,0.3,0.3,0.39630165696144104,0.1853911578655243,0.46386289596557617,0.2955861985683441,0.3694394528865814,0.21384425461292267,0.36233794689178467,0.28799670934677124,0.6322637796401978,0.1828676462173462,0.22638674080371857,0.26380425691604614,0.08368033170700073,1.1667237281799316,0.2504316568374634,0.32249003648757935,0.20058946311473846,0.09534623473882675,0.11074268817901611,0.14649558067321777,0.2186983972787857,0.05085958167910576,0.13465425372123718,0.1023135781288147,0.05887429416179657,0.3497660160064697,0.12748368084430695,0.10661715269088745,0.1027631163597107,0.2965506613254547,0.20119984447956085,0.1305067539215088,0.07513771206140518,0.12584522366523743,0.039113301783800125,0.3794052302837372,0.13941042125225067,0.009879667311906815,0.0662262886762619,0.23167090117931366,0.1632087081670761,0.11580882221460342,0.043512336909770966,0.245284765958786,0.28626516461372375,0.293412983417511,0.15109209716320038,0.3953799903392792,0.21993298828601837,0.12402939051389694,0.14167793095111847
AO318,0.266666667,0.0,0.366666667,0.533333333,0.0,0.066666667,0.133333333,0.2,0.666666667,0.133333333,0.4,0.666666667,0.0,1.633333333,0.233333333,0.433333333,0.033333333,0.3,0.0,0.733333333,0.6,0.366666667,0.366666667,0.733333333,0.066666667,0.066666667,0.333333333,0.266666667,0.266666667,0.566666667,0.366666667,0.866666667,0.166666667,0.066666667,0.166666667,0.3,0.1,0.333333333,0.233333333,1.0,0.0,0.066666667,0.1,0.133333333,0.3,0.133333333,0.0,0.0,0.0,0.066666667,0.0,0.4426845610141754,0.18649961054325104,0.4494485855102539,0.22216030955314636,0.33611950278282166,0.11566644161939621,0.5153499841690063,0.31610816717147827,0.9547432661056519,0.17971007525920868,0.29020002484321594,0.43147918581962585,0.08643059432506561,1.3638659715652466,0.40776169300079346,0.36319077014923096,0.2533671259880066,0.09086747467517853,0.11110228300094604,0.2526818513870239,0.2449139654636383,0.16533884406089783,0.1400521695613861,0.14946439862251282,0.04736154526472092,0.1697591245174408,0.13292835652828217,0.0751461312174797,0.18098998069763184,0.33191582560539246,0.2732783854007721,0.22471725940704346,0.47789525985717773,0.11607276648283005,0.03625687211751938,0.33724600076675415,0.12700089812278748,0.06160666421055794,0.04111775383353233,0.20592233538627625,0.1534603089094162,0.14428645372390747,0.07968175411224365,0.21711954474449158,0.14886827766895294,0.2591209411621094,0.1191965788602829,0.32600530982017517,0.16633771359920502,0.1200617104768753,0.07811564207077026
AO549,0.4,0.0,0.133333333,0.133333333,0.4,0.166666667,0.333333333,0.633333333,1.1,0.0,0.466666667,0.633333333,0.066666667,1.7,0.833333333,0.4,0.733333333,0.166666667,0.066666667,0.066666667,0.233333333,0.0,0.1,0.366666667,0.066666667,0.866666667,0.233333333,0.2,0.666666667,0.7,0.7,0.0,0.133333333,0.066666667,0.033333333,0.866666667,0.166666667,0.0,0.0,0.0,0.066666667,0.166666667,0.066666667,0.066666667,0.066666667,0.266666667,0.0,0.133333333,0.033333333,0.033333333,0.033333333,0.3351818025112152,0.18410201370716095,0.37372031807899475,0.230355903506279,0.3587670922279358,0.13563448190689087,0.41977810859680176,0.29352718591690063,0.6998144388198853,0.17803800106048584,0.2795048952102661,0.1905917376279831,0.14629071950912476,1.394425630569458,0.31368371844291687,0.3580551743507385,0.12589645385742188,0.08839953690767288,0.11149212718009949,0.11238733679056168,0.22413042187690735,0.05402708426117897,0.13714179396629333,0.10068294405937195,0.08111343532800674,0.4586857855319977,0.15116941928863525,0.12273324280977249,0.256918340921402,0.23585321009159088,0.19636666774749756,0.07118958234786987,0.07067666947841644,0.12975305318832397,0.03675399348139763,0.47870108485221863,0.12520696222782135,0.029338384047150612,0.08382236957550049,0.23018427193164825,0.14640499651432037,0.10833507031202316,0.06869934499263763,0.1426117867231369,0.13749279081821442,0.2471962571144104,0.12556274235248566,0.22837428748607635,0.17531190812587738,0.14257501065731049,0.08021294325590134
AP146,0.3,0.0,0.3,0.3,0.3,0.166666667,0.1,0.0,0.066666667,0.0,0.066666667,0.0,0.0,0.766666667,0.433333333,0.3,0.133333333,0.0,0.233333333,0.3,0.266666667,0.366666667,0.3,0.1,0.0,0.0,0.166666667,0.233333333,0.6,0.5,0.466666667,1.066666667,0.4,0.2,0.5,1.533333333,0.133333333,0.566666667,0.4,1.8,0.533333333,0.066666667,0.666666667,0.166666667,0.233333333,0.166666667,0.0,0.066666667,0.2,0.4,0.0,0.33202388882637024,0.18377426266670227,0.3435688018798828,0.16853077709674835,0.3491094708442688,0.07389117032289505,0.24458293616771698,0.13922569155693054,0.33747097849845886,0.17118841409683228,0.08056711405515671,0.05289385840296745,0.04864764213562012,0.8112582564353943,0.2822757363319397,0.22102944552898407,0.17187008261680603,0.10304101556539536,0.11731184273958206,0.5035984516143799,0.507123589515686,0.28656214475631714,0.29846900701522827,0.13906671106815338,0.018723974004387856,0.13543076813220978,0.11911732703447342,0.07926637679338455,0.32492566108703613,0.2769668400287628,0.24930067360401154,0.5852746963500977,0.3829329311847687,0.20259997248649597,0.21168926358222961,0.684694230556488,0.15009140968322754,0.1431727111339569,0.04728393629193306,0.2517610192298889,0.2015276998281479,0.11880406737327576,0.1522892862558365,0.10488495975732803,0.11259831488132477,0.24652321636676788,0.11373906582593918,0.21233941614627838,0.17916733026504517,0.11833460628986359,0.0893864557147026
AP563,1.333333333,0.9,0.7,0.366666667,0.333333333,0.266666667,0.733333333,0.333333333,1.433333333,0.033333333,0.966666667,0.233333333,0.3,1.9,0.5,0.466666667,0.166666667,0.0,0.0,0.166666667,0.466666667,0.066666667,0.0,0.066666667,0.0,0.133333333,0.133333333,0.0,0.0,0.066666667,0.066666667,0.0,0.0,0.066666667,0.0,0.533333333,0.0,0.0,0.0,0.0,0.366666667,0.166666667,0.233333333,0.133333333,0.2,0.0,0.1,0.066666667,0.466666667,0.266666667,0.066666667,0.4738343060016632,0.22368551790714264,0.4738144874572754,0.18169987201690674,0.47062718868255615,0.20752038061618805,0.5237923264503479,0.3429681062698364,0.802912175655365,0.1753290593624115,0.3008832037448883,0.2336813509464264,0.12278667092323303,0.9875252842903137,0.2650514245033264,0.2898731231689453,0.15885081887245178,0.1242574080824852,0.1115485206246376,0.24304547905921936,0.4171445369720459,0.04891596734523773,0.23751434683799744,0.1330077052116394,0.033165257424116135,0.2806225121021271,0.1205260306596756,0.07085523009300232,0.1870269775390625,0.16393783688545227,0.1573089212179184,0.03531396761536598,0.06403402984142303,0.19049744307994843,0.06055120751261711,0.6536821722984314,0.11908445507287979,0.011894864030182362,0.03902135044336319,0.17553292214870453,0.1751624494791031,0.1973814070224762,0.08499955385923386,0.18737061321735382,0.2652857005596161,0.24277333915233612,0.13407258689403534,0.21083733439445496,0.30571308732032776,0.17717058956623077,0.10377107560634613
AP577,0.566666667,0.233333333,1.266666667,0.333333333,1.233333333,0.833333333,0.6,0.766666667,0.833333333,0.3,0.166666667,0.3,0.166666667,1.5,0.566666667,0.5,0.266666667,0.2,0.0,0.166666667,0.2,0.0,0.0,0.0,0.0,0.2,0.0,0.0,0.0,0.0,0.1,0.0,0.0,0.066666667,0.0,0.666666667,0.1,0.0,0.0,0.0,0.5,0.366666667,0.1,0.333333333,0.233333333,0.2,0.333333333,0.366666667,0.5,0.133333333,0.1,0.4932626187801361,0.19123657047748566,0.9313917756080627,0.32604825496673584,0.8649159073829651,0.26448920369148254,0.37073808908462524,0.3741413950920105,0.5709073543548584,0.17678594589233398,0.18613646924495697,0.09855032712221146,0.05220799520611763,1.0029963254928589,0.19829408824443817,0.28996095061302185,0.28701725602149963,0.13598114252090454,0.11755404621362686,0.3031945526599884,0.2810848355293274,0.1327541172504425,0.10626090317964554,0.0869656652212143,0.025276752188801765,0.1105293482542038,0.11865704506635666,0.045595284551382065,0.017814364284276962,0.17986176908016205,0.20068860054016113,0.04664357379078865,0.32418638467788696,0.15978479385375977,0.01731245219707489,0.5656719207763672,0.11939888447523117,0.05204366147518158,0.03962403163313866,0.1768409162759781,0.1900216042995453,0.15451540052890778,0.04511111229658127,0.24455201625823975,0.2175489217042923,0.26849836111068726,0.14016391336917877,0.24218715727329254,0.16274462640285492,0.1659170389175415,0.10295483469963074
AP974,0.133333333,0.1,0.233333333,0.433333333,0.466666667,0.333333333,1.133333333,0.933333333,1.633333333,0.033333333,0.3,0.7,0.0,1.9,0.733333333,0.666666667,0.433333333,0.0,0.0,0.1,0.2,0.0,0.2,0.0,0.0,0.333333333,0.0,0.0,0.0,0.066666667,0.333333333,0.0,0.0,0.1,0.0,0.5,0.033333333,0.0,0.0,0.0,0.6,0.133333333,0.1,0.366666667,0.333333333,0.0,0.166666667,0.3,0.6,0.166666667,0.066666667,0.4118685722351074,0.18574188649654388,0.4188985824584961,0.1961645931005478,0.41515862941741943,0.1729748249053955,0.6039394736289978,0.3047672510147095,0.9384356141090393,0.17986831068992615,0.2731436789035797,0.42004168033599854,0.12604516744613647,1.180513858795166,0.2979578673839569,0.2847468852996826,0.2349933683872223,0.10438583046197891,0.11103645712137222,0.18884366750717163,0.23193588852882385,0.08900047093629837,0.19233667850494385,0.11133235692977905,0.028695793822407722,0.13858938217163086,0.12378332763910294,0.045884426683187485,0.1204303428530693,0.19135026633739471,0.18817488849163055,0.10656853020191193,0.06486402451992035,0.12787112593650818,0.09275981783866882,0.41746360063552856,0.1515320986509323,0.07389198988676071,0.05919048190116882,0.180715411901474,0.19003935158252716,0.21283063292503357,0.0782511755824089,0.2843323349952698,0.3285174071788788,0.24968616664409637,0.11651881784200668,0.2967582643032074,0.3268457353115082,0.14114774763584137,0.08138831704854965
AQ466,0.966666667,0.033333333,1.2,1.733333333,0.633333333,0.533333333,0.533333333,0.266666667,0.333333333,0.0,0.0,0.0,0.0,1.133333333,0.266666667,0.0,0.566666667,0.066666667,0.0,0.266666667,0.6,0.0,0.0,0.0,0.0,0.1,0.0,0.0,0.0,0.2,0.166666667,0.0,0.166666667,0.4,0.133333333,0.833333333,0.733333333,0.166666667,0.0,0.0,0.1,0.133333333,0.233333333,0.333333333,0.333333333,0.633333333,0.2,0.433333333,0.466666667,0.133333333,0.066666667,0.6324073672294617,0.18586361408233643,0.5473183989524841,0.5221254825592041,0.4361642003059387,0.18744951486587524,0.3214186131954193,0.16687527298927307,0.42383262515068054,0.1736324578523636,0.15196162462234497,0.04957772418856621,0.0539596788585186,0.7920426726341248,0.20722146332263947,0.19338580965995789,0.19298742711544037,0.09801515936851501,0.11582110822200775,0.4699114263057709,0.6574149131774902,0.06259851902723312,0.28616905212402344,0.11592040210962296,0.01299054641276598,0.2379806488752365,0.11949866265058517,0.06032497435808182,0.1318075954914093,0.27512437105178833,0.20063693821430206,0.05255253612995148,0.1594255268573761,0.24427282810211182,0.06440121680498123,0.9376065731048584,0.1449030488729477,0.0390092134475708,0.04068426787853241,0.18242214620113373,0.2103130966424942,0.13306838274002075,0.08581654727458954,0.16032354533672333,0.23305131494998932,0.2940385043621063,0.1473240852355957,0.21251147985458374,0.3140474259853363,0.18676750361919403,0.13601748645305634
AQ778,1.066666667,0.133333333,1.166666667,0.333333333,1.033333333,0.6,0.866666667,0.0,0.8,0.766666667,0.333333333,0.1,0.0,0.966666667,0.433333333,0.333333333,0.3,0.066666667,0.233333333,0.0,0.2,0.0,0.1,0.0,0.1,0.1,0.0,0.0,0.0,0.5,0.266666667,0.033333333,0.1,0.566666667,0.0,0.633333333,0.1,0.0,0.133333333,0.066666667,0.3,0.333333333,0.066666667,0.166666667,0.233333333,0.0,0.266666667,0.366666667,0.466666667,0.6,0.233333333,0.7773078083992004,0.20629000663757324,0.5549009442329407,0.3452256917953491,0.4947700500488281,0.18067331612110138,0.4132246971130371,0.21306651830673218,0.5662664771080017,0.1814281940460205,0.17819583415985107,0.14627325534820557,0.07240753620862961,0.7504557967185974,0.15942500531673431,0.16711492836475372,0.1390078216791153,0.09821897000074387,0.11485135555267334,0.22306698560714722,0.3508257567882538,0.07488693296909332,0.20244497060775757,0.09810003638267517,0.02922821417450905,0.2628537118434906,0.11924559623003006,0.042401235550642014,0.03341398015618324,0.196986123919487,0.20701436698436737,0.05340263247489929,0.08351823687553406,0.1855536699295044,0.08830837905406952,0.6687889695167542,0.1425335556268692,0.1061754822731018,0.04162899777293205,0.18454678356647491,0.17725227773189545,0.17737115919589996,0.10237999260425568,0.13270029425621033,0.2758083641529083,0.24259188771247864,0.1214650496840477,0.22625118494033813,0.25828129053115845,0.19257795810699463,0.10240153968334198
AQ794,0.966666667,0.3,0.366666667,0.1,0.566666667,0.166666667,0.266666667,0.533333333,0.1,0.0,0.0,0.0,0.0,0.366666667,0.166666667,0.066666667,0.333333333,0.033333333,0.333333333,1.5,2.366666667,0.1,1.6,0.233333333,0.066666667,0.4,0.0,0.133333333,0.0,0.1,0.1,0.066666667,0.1,0.4,0.066666667,1.1,0.233333333,0.0,0.0,0.0,0.5,0.5,0.133333333,0.033333333,0.0,0.0,0.066666667,0.133333333,0.133333333,0.166666667,0.0,0.9458490014076233,0.22592487931251526,0.6404126882553101,0.20017966628074646,0.42245835065841675,0.19476190209388733,0.3831503689289093,0.18914999067783356,0.5269317030906677,0.20556725561618805,0.22730836272239685,0.14653348922729492,0.06236109882593155,0.6798644065856934,0.10726446658372879,0.15448562800884247,0.19568824768066406,0.08167750388383865,0.11800140887498856,0.3801465630531311,0.5638619065284729,0.08404994010925293,0.4716610312461853,0.14692875742912292,0.03145178407430649,0.29808181524276733,0.11984371393918991,0.08162365853786469,0.10683229565620422,0.24639616906642914,0.2029939591884613,0.07638951390981674,0.0935630053281784,0.2158598005771637,0.09286493062973022,0.6096713542938232,0.13516849279403687,0.11250421404838562,0.041003163903951645,0.20218536257743835,0.13620992004871368,0.1544041633605957,0.0678044930100441,0.1520494520664215,0.18556566536426544,0.2669459879398346,0.1366252899169922,0.20343726873397827,0.22654566168785095,0.15404319763183594,0.13096198439598083
AF065,0.09375,0.0,0.1875,0.34375,0.09375,0.25,0.40625,0.03125,1.65625,0.40625,0.8125,0.84375,0.09375,1.1875,0.25,0.25,0.34375,0.21875,0.0,0.09375,0.78125,0.0,0.375,0.3125,0.15625,0.40625,0.0,0.0,0.15625,0.15625,0.53125,0.0,0.0,0.15625,0.0,0.34375,0.59375,0.0,0.0,0.21875,0.0,0.25,0.0,0.40625,0.125,0.46875,0.1875,0.625,0.09375,0.1875,0.0,0.3593160808086395,0.18509146571159363,0.3752787113189697,0.26442140340805054,0.3625478744506836,0.12012141197919846,0.4837832748889923,0.2907613515853882,1.0480295419692993,0.17789429426193237,0.35558411478996277,0.41033124923706055,0.09543298184871674,1.391754388809204,0.30163344740867615,0.33761003613471985,0.15132255852222443,0.08236590772867203,0.1112273782491684,0.14056000113487244,0.23822401463985443,0.05454340577125549,0.21274437010288239,0.08419843018054962,0.05821695551276207,0.2502427399158478,0.14267423748970032,0.07738104462623596,0.3345330059528351,0.2591244578361511,0.22688519954681396,0.038391292095184326,0.055224910378456116,0.12226325273513794,0.056587930768728256,0.6035589575767517,0.13381356000900269,0.016499986872076988,0.05514368787407875,0.18917249143123627,0.17392592132091522,0.17010290920734406,0.08028832823038101,0.15459062159061432,0.20829907059669495,0.24254848062992096,0.11549162119626999,0.2465476244688034,0.23354607820510864,0.13150577247142792,0.08840572834014893
AF301,0.1875,0.125,0.21875,0.125,0.40625,0.09375,0.34375,0.25,0.40625,0.09375,0.0625,0.125,0.0,0.59375,0.21875,0.34375,0.0625,0.0625,0.1875,0.75,0.9375,0.0,0.71875,0.25,0.125,0.3125,0.0,0.0,0.0,0.03125,0.15625,0.0,0.0,0.0625,0.0,0.8125,0.3125,0.0,0.0,0.125,0.375,0.71875,0.0,0.25,0.375,0.65625,0.3125,0.96875,0.34375,0.03125,0.15625,0.370853453874588,0.1872086524963379,0.3703796863555908,0.1460975706577301,0.39100298285484314,0.16398413479328156,0.4816212058067322,0.263168066740036,0.9018980264663696,0.17621086537837982,0.2838442325592041,0.27143388986587524,0.10078234225511551,1.198310136795044,0.3451392352581024,0.3221285045146942,0.22035589814186096,0.09724454581737518,0.1109735295176506,0.12434151023626328,0.3187136948108673,0.048072125762701035,0.22812093794345856,0.11725723743438721,0.04234831780195236,0.2263246476650238,0.15203723311424255,0.10317397117614746,0.1226063221693039,0.1507146954536438,0.19709084928035736,0.05934420973062515,0.06491436064243317,0.13769179582595825,0.05627956613898277,0.6280675530433655,0.16603296995162964,0.020210234448313713,0.04144594818353653,0.18929257988929749,0.1757405400276184,0.24648961424827576,0.03904421627521515,0.43900132179260254,0.3056972324848175,0.24329739809036255,0.13485275208950043,0.27625781297683716,0.341838002204895,0.15863284468650818,0.10109537094831467
AF337,0.125,0.15625,0.1875,0.15625,0.25,0.03125,0.21875,0.28125,1.09375,0.03125,0.4375,0.84375,0.25,1.15625,0.125,0.1875,0.21875,0.0,0.0,0.0,0.125,0.0,0.0,0.0,0.125,0.03125,0.125,0.0,0.78125,0.40625,0.6875,0.0625,0.0,0.1875,0.0,0.96875,0.375,0.0,0.1875,0.28125,0.0,0.3125,0.375,0.25,0.21875,0.5625,0.09375,0.6875,0.1875,0.1875,0.03125,0.3593160808086395,0.18509146571159363,0.3752787113189697,0.26442140340805054,0.3625478744506836,0.12012141197919846,0.4837832748889923,0.2907613515853882,1.0480295419692993,0.17789429426193237,0.35558411478996277,0.41033124923706055,0.09543298184871674,1.391754388809204,0.30163344740867615,0.33761003613471985,0.15132255852222443,0.08236590772867203,0.1112273782491684,0.14056000113487244,0.23822401463985443,0.05454340577125549,0.21274437010288239,0.08419843018054962,0.05821695551276207,0.2502427399158478,0.14267423748970032,0.07738104462623596,0.3345330059528351,0.2591244578361511,0.22688519954681396,0.038391292095184326,0.055224910378456116,0.12226325273513794,0.056587930768728256,0.6035589575767517,0.13381356000900269,0.016499986872076988,0.05514368787407875,0.18917249143123627,0.17392592132091522,0.17010290920734406,0.08028832823038101,0.15459062159061432,0.20829907059669495,0.24254848062992096,0.11549162119626999,0.2465476244688034,0.23354607820510864,0.13150577247142792,0.08840572834014893
AF442,0.1875,0.15625,0.15625,0.0,0.0,0.09375,0.53125,0.125,0.4375,0.09375,0.0,0.15625,0.0625,0.8125,0.5,0.125,0.0625,0.15625,0.09375,0.0,0.03125,0.0,0.34375,0.125,0.09375,0.3125,0.09375,0.0625,0.4375,0.21875,0.65625,0.1875,0.0,0.4375,0.0,0.9375,0.4375,0.0,0.09375,0.53125,0.25,0.59375,0.15625,0.03125,0.28125,1.0,0.15625,0.65625,0.625,0.21875,0.46875,0.3593160808086395,0.18509146571159363,0.3752787113189697,0.26442140340805054,0.3625478744506836,0.12012141197919846,0.4837832748889923,0.2907613515853882,1.0480295419692993,0.17789429426193237,0.35558411478996277,0.41033124923706055,0.09543298184871674,1.391754388809204,0.30163344740867615,0.33761003613471985,0.15132255852222443,0.08236590772867203,0.1112273782491684,0.14056000113487244,0.23822401463985443,0.05454340577125549,0.21274437010288239,0.08419843018054962,0.05821695551276207,0.2502427399158478,0.14267423748970032,0.07738104462623596,0.3345330059528351,0.2591244578361511,0.22688519954681396,0.038391292095184326,0.055224910378456116,0.12226325273513794,0.056587930768728256,0.6035589575767517,0.13381356000900269,0.016499986872076988,0.05514368787407875,0.18917249143123627,0.17392592132091522,0.17010290920734406,0.08028832823038101,0.15459062159061432,0.20829907059669495,0.24254848062992096,0.11549162119626999,0.2465476244688034,0.23354607820510864,0.13150577247142792,0.08840572834014893
AF469,0.375,0.78125,0.59375,0.25,0.3125,0.3125,0.5625,0.59375,0.625,0.4375,0.09375,0.375,0.0,1.03125,0.1875,0.125,0.15625,0.1875,0.0,0.0,0.0,0.0,0.09375,0.0,0.09375,0.53125,0.0,0.0,0.0,0.09375,0.09375,0.0,0.0,0.0,0.0625,0.5,0.53125,0.0,0.0,0.0,0.1875,0.5,0.0,0.5,0.46875,0.1875,0.40625,0.4375,0.65625,0.34375,0.1875,0.370853453874588,0.1872086524963379,0.3703796863555908,0.1460975706577301,0.39100298285484314,0.16398413479328156,0.4816212058067322,0.263168066740036,0.9018980264663696,0.17621086537837982,0.2838442325592041,0.27143388986587524,0.10078234225511551,1.198310136795044,0.3451392352581024,0.3221285045146942,0.22035589814186096,0.09724454581737518,0.1109735295176506,0.12434151023626328,0.3187136948108673,0.048072125762701035,0.22812093794345856,0.11725723743438721,0.04234831780195236,0.2263246476650238,0.15203723311424255,0.10317397117614746,0.1226063221693039,0.1507146954536438,0.19709084928035736,0.05934420973062515,0.06491436064243317,0.13769179582595825,0.05627956613898277,0.6280675530433655,0.16603296995162964,0.020210234448313713,0.04144594818353653,0.18929257988929749,0.1757405400276184,0.24648961424827576,0.03904421627521515,0.43900132179260254,0.3056972324848175,0.24329739809036255,0.13485275208950043,0.27625781297683716,0.341838002204895,0.15863284468650818,0.10109537094831467
AF502,0.03125,0.0,0.5,0.5625,0.125,0.375,0.46875,0.375,1.53125,0.0625,0.6875,0.75,0.1875,1.46875,0.15625,0.34375,0.09375,0.0,0.03125,0.0,0.25,0.0,0.15625,0.125,0.0,0.125,0.0,0.0,0.125,0.0,0.15625,0.0,0.0,0.0,0.0,0.34375,0.4375,0.0,0.0,0.0,0.0625,0.09375,0.0,0.53125,0.4375,0.28125,0.25,1.0625,0.53125,0.0,0.0,0.370853453874588,0.1872086524963379,0.3703796863555908,0.1460975706577301,0.39100298285484314,0.16398413479328156,0.4816212058067322,0.263168066740036,0.9018980264663696,0.17621086537837982,0.2838442325592041,0.27143388986587524,0.10078234225511551,1.198310136795044,0.3451392352581024,0.3221285045146942,0.22035589814186096,0.09724454581737518,0.1109735295176506,0.12434151023626328,0.3187136948108673,0.048072125762701035,0.22812093794345856,0.11725723743438721,0.04234831780195236,0.2263246476650238,0.15203723311424255,0.10317397117614746,0.1226063221693039,0.1507146954536438,0.19709084928035736,0.05934420973062515,0.06491436064243317,0.13769179582595825,0.05627956613898277,0.6280675530433655,0.16603296995162964,0.020210234448313713,0.04144594818353653,0.18929257988929749,0.1757405400276184,0.24648961424827576,0.03904421627521515,0.43900132179260254,0.3056972324848175,0.24329739809036255,0.13485275208950043,0.27625781297683716,0.341838002204895,0.15863284468650818,0.10109537094831467
AF737,0.03125,0.0,0.28125,0.34375,0.09375,0.46875,0.84375,0.3125,1.71875,0.0,0.46875,0.90625,0.28125,1.65625,0.34375,0.59375,0.15625,0.0,0.0,0.0,0.0,0.0,0.0,0.0,0.0,0.09375,0.0625,0.0,0.15625,0.0,0.4375,0.0,0.0,0.0,0.0,0.15625,0.40625,0.0,0.0,0.0,0.0,0.5625,0.0,0.46875,0.625,0.4375,0.1875,0.71875,0.40625,0.0,0.09375,0.34252434968948364,0.20604410767555237,0.5854044556617737,0.764673113822937,0.35596299171447754,0.2112056016921997,0.3530811667442322,0.2625805735588074,0.6974120140075684,0.18034727871418,0.2353522628545761,0.36315831542015076,0.08222045004367828,1.1570786237716675,0.30958181619644165,0.2826095223426819,0.38700881600379944,0.13336938619613647,0.11013753712177277,0.21651719510555267,0.2300061583518982,0.0741339847445488,0.22494444251060486,0.10162144899368286,0.018528776243329048,0.13124777376651764,0.1219797432422638,0.03902655839920044,0.06334109604358673,0.20152439177036285,0.23628906905651093,0.1836761087179184,0.14503614604473114,0.17626602947711945,0.06330722570419312,0.6428675651550293,0.13318105041980743,0.05879366397857666,0.04287479445338249,0.17731274664402008,0.18934719264507294,0.25368887186050415,0.04618566855788231,0.33399301767349243,0.5270103812217712,0.24821223318576813,0.11422096192836761,0.262312650680542,0.3280830681324005,0.13656100630760193,0.12324384599924088
AG086,0.2,0.0,0.333333333,2.066666667,0.266666667,0.266666667,0.266666667,0.3,1.133333333,0.066666667,0.333333333,0.333333333,0.0,1.8,0.233333333,0.6,0.166666667,0.0,0.0,0.0,0.0,0.0,0.0,0.0,0.0,0.0,0.066666667,0.0,0.1,0.1,0.166666667,0.1,0.0,0.0,0.0,0.4,0.066666667,0.0,0.0,0.0,0.1,0.133333333,0.0,0.3,0.966666667,0.066666667,0.0,0.033333333,0.1,0.0,0.166666667,0.34252434968948364,0.20604410767555237,0.5854044556617737,0.764673113822937,0.35596299171447754,0.2112056016921997,0.3530811667442322,0.2625805735588074,0.6974120140075684,0.18034727871418,0.2353522628545761,0.36315831542015076,0.08222045004367828,1.1570786237716675,0.30958181619644165,0.2826095223426819,0.38700881600379944,0.13336938619613647,0.11013753712177277,0.21651719510555267,0.2300061583518982,0.0741339847445488,0.22494444251060486,0.10162144899368286,0.018528776243329048,0.13124777376651764,0.1219797432422638,0.03902655839920044,0.06334109604358673,0.20152439177036285,0.23628906905651093,0.1836761087179184,0.14503614604473114,0.17626602947711945,0.06330722570419312,0.6428675651550293,0.13318105041980743,0.05879366397857666,0.04287479445338249,0.17731274664402008,0.18934719264507294,0.25368887186050415,0.04618566855788231,0.33399301767349243,0.5270103812217712,0.24821223318576813,0.11422096192836761,0.262312650680542,0.3280830681324005,0.13656100630760193,0.12324384599924088
AG454,0.433333333,0.3,0.733333333,0.3,0.6,0.433333333,0.366666667,0.4,0.766666667,0.366666667,0.233333333,0.333333333,0.1,1.1,0.1,0.4,0.133333333,0.0,0.133333333,0.066666667,0.0,0.0,0.166666667,0.133333333,0.0,0.266666667,0.0,0.1,0.0,0.066666667,0.166666667,0.0,0.0,0.0,0.1,0.733333333,0.5,0.0,0.0,0.0,0.066666667,0.0,0.0,0.433333333,0.466666667,0.5,0.066666667,1.033333333,0.266666667,0.533333333,0.433333333,0.370853453874588,0.1872086524963379,0.3703796863555908,0.1460975706577301,0.39100298285484314,0.16398413479328156,0.4816212058067322,0.263168066740036,0.9018980264663696,0.17621086537837982,0.2838442325592041,0.27143388986587524,0.10078234225511551,1.198310136795044,0.3451392352581024,0.3221285045146942,0.22035589814186096,0.09724454581737518,0.1109735295176506,0.12434151023626328,0.3187136948108673,0.048072125762701035,0.22812093794345856,0.11725723743438721,0.04234831780195236,0.2263246476650238,0.15203723311424255,0.10317397117614746,0.1226063221693039,0.1507146954536438,0.19709084928035736,0.05934420973062515,0.06491436064243317,0.13769179582595825,0.05627956613898277,0.6280675530433655,0.16603296995162964,0.020210234448313713,0.04144594818353653,0.18929257988929749,0.1757405400276184,0.24648961424827576,0.03904421627521515,0.43900132179260254,0.3056972324848175,0.24329739809036255,0.13485275208950043,0.27625781297683716,0.341838002204895,0.15863284468650818,0.10109537094831467
AG724,0.1,0.1,0.5,1.2,0.133333333,0.0,0.4,0.233333333,1.166666667,0.166666667,0.633333333,0.666666667,0.0,1.433333333,0.333333333,0.4,0.233333333,0.066666667,0.0,0.0,0.0,0.0,0.033333333,0.1,0.0,0.0,0.0,0.033333333,0.0,0.0,0.166666667,0.0,0.0,0.0,0.0,0.166666667,0.3,0.0,0.0,0.0,0.0,0.333333333,0.0,0.766666667,0.966666667,0.366666667,0.0,0.5,0.233333333,0.0,0.2,0.34252434968948364,0.20604410767555237,0.5854044556617737,0.764673113822937,0.35596299171447754,0.2112056016921997,0.3530811667442322,0.2625805735588074,0.6974120140075684,0.18034727871418,0.2353522628545761,0.36315831542015076,0.08222045004367828,1.1570786237716675,0.30958181619644165,0.2826095223426819,0.38700881600379944,0.13336938619613647,0.11013753712177277,0.21651719510555267,0.2300061583518982,0.0741339847445488,0.22494444251060486,0.10162144899368286,0.018528776243329048,0.13124777376651764,0.1219797432422638,0.03902655839920044,0.06334109604358673,0.20152439177036285,0.23628906905651093,0.1836761087179184,0.14503614604473114,0.17626602947711945,0.06330722570419312,0.6428675651550293,0.13318105041980743,0.05879366397857666,0.04287479445338249,0.17731274664402008,0.18934719264507294,0.25368887186050415,0.04618566855788231,0.33399301767349243,0.5270103812217712,0.24821223318576813,0.11422096192836761,0.262312650680542,0.3280830681324005,0.13656100630760193,0.12324384599924088
AG874,0.2,0.0,0.4,1.966666667,0.2,0.2,0.6,0.1,0.8,0.0,0.333333333,0.566666667,0.066666667,1.7,0.2,0.3,0.366666667,0.0,0.0,0.0,0.0,0.0,0.2,0.0,0.0,0.033333333,0.0,0.1,0.0,0.133333333,0.166666667,0.0,0.033333333,0.0,0.0,0.4,0.0,0.0,0.0,0.0,0.0,0.133333333,0.0,0.433333333,0.6,0.166666667,0.066666667,0.166666667,0.333333333,0.0,0.2,0.34252434968948364,0.20604410767555237,0.5854044556617737,0.764673113822937,0.35596299171447754,0.2112056016921997,0.3530811667442322,0.2625805735588074,0.6974120140075684,0.18034727871418,0.2353522628545761,0.36315831542015076,0.08222045004367828,1.1570786237716675,0.30958181619644165,0.2826095223426819,0.38700881600379944,0.13336938619613647,0.11013753712177277,0.21651719510555267,0.2300061583518982,0.0741339847445488,0.22494444251060486,0.10162144899368286,0.018528776243329048,0.13124777376651764,0.1219797432422638,0.03902655839920044,0.06334109604358673,0.20152439177036285,0.23628906905651093,0.1836761087179184,0.14503614604473114,0.17626602947711945,0.06330722570419312,0.6428675651550293,0.13318105041980743,0.05879366397857666,0.04287479445338249,0.17731274664402008,0.18934719264507294,0.25368887186050415,0.04618566855788231,0.33399301767349243,0.5270103812217712,0.24821223318576813,0.11422096192836761,0.262312650680542,0.3280830681324005,0.13656100630760193,0.12324384599924088
AH007,0.2,0.0,0.4,0.366666667,0.233333333,0.133333333,0.5,0.366666667,1.366666667,0.1,0.433333333,0.733333333,0.166666667,1.333333333,0.366666667,0.4,0.3,0.1,0.0,0.0,0.066666667,0.0,0.1,0.0,0.0,0.3,0.033333333,0.0,0.3,0.1,0.4,0.133333333,0.0,0.0,0.0,0.633333333,0.233333333,0.0,0.033333333,0.0,0.266666667,0.5,0.166666667,0.833333333,0.166666667,0.2,0.166666667,0.933333333,0.2,0.1,0.166666667,0.29427069425582886,0.18586361408233643,0.2926598787307739,0.0966736301779747,0.3164496421813965,0.1137334480881691,0.31246909499168396,0.1852615624666214,0.5283603072166443,0.17650270462036133,0.13901688158512115,0.2474200576543808,0.09158915281295776,0.8023436665534973,0.24311251938343048,0.24470561742782593,0.16405881941318512,0.1215471401810646,0.11824800819158554,0.2452605962753296,0.30213379859924316,0.09970404952764511,0.2533092498779297,0.15889476239681244,0.1282988041639328,0.462673544883728,0.2675897479057312,0.20964954793453217,0.6469361186027527,0.39154618978500366,0.20932278037071228,0.2758532464504242,0.20376284420490265,0.21649070084095,0.07330674678087234,0.6344217658042908,0.13947433233261108,0.0642787516117096,0.07498128712177277,0.3781604766845703,0.31919777393341064,0.1771860420703888,0.11421241611242294,0.192311629652977,0.16025547683238983,0.2350553572177887,0.11429450660943985,0.21109731495380402,0.2919667959213257,0.08876454085111618,0.13124077022075653
AH100,0.166666667,0.0,0.333333333,0.166666667,0.233333333,0.166666667,0.566666667,0.366666667,0.8,0.066666667,0.533333333,0.466666667,0.133333333,1.1,0.6,0.133333333,0.233333333,0.0,0.033333333,0.066666667,0.2,0.0,0.5,0.166666667,0.1,0.6,0.233333333,0.066666667,0.766666667,0.266666667,0.633333333,0.233333333,0.0,0.1,0.0,0.766666667,0.166666667,0.0,0.166666667,0.1,0.2,0.4,0.3,0.366666667,0.4,0.1,0.0,0.233333333,0.066666667,0.266666667,0.1,0.29427069425582886,0.18586361408233643,0.2926598787307739,0.0966736301779747,0.3164496421813965,0.1137334480881691,0.31246909499168396,0.1852615624666214,0.5283603072166443,0.17650270462036133,0.13901688158512115,0.2474200576543808,0.09158915281295776,0.8023436665534973,0.24311251938343048,0.24470561742782593,0.16405881941318512,0.1215471401810646,0.11824800819158554,0.2452605962753296,0.30213379859924316,0.09970404952764511,0.2533092498779297,0.15889476239681244,0.1282988041639328,0.462673544883728,0.2675897479057312,0.20964954793453217,0.6469361186027527,0.39154618978500366,0.20932278037071228,0.2758532464504242,0.20376284420490265,0.21649070084095,0.07330674678087234,0.6344217658042908,0.13947433233261108,0.0642787516117096,0.07498128712177277,0.3781604766845703,0.31919777393341064,0.1771860420703888,0.11421241611242294,0.192311629652977,0.16025547683238983,0.2350553572177887,0.11429450660943985,0.21109731495380402,0.2919667959213257,0.08876454085111618,0.13124077022075653
AH174,0.366666667,0.0,0.533333333,0.666666667,0.3,0.2,0.733333333,0.366666667,1.066666667,0.0,0.633333333,0.6,0.0,1.466666667,0.4,0.233333333,0.633333333,0.2,0.033333333,0.0,0.0,0.1,0.0,0.0,0.1,0.2,0.0,0.0,0.0,0.2,0.2,0.0,0.0,0.0,0.066666667,0.3,0.1,0.0,0.0,0.0,0.0,0.266666667,0.0,0.566666667,0.966666667,0.0,0.0,0.733333333,0.366666667,0.1,0.166666667,0.27487999200820923,0.18403558433055878,0.3071739375591278,0.1404186338186264,0.412013977766037,0.12345078587532043,0.39879536628723145,0.214187890291214,0.669043242931366,0.17588219046592712,0.1677732616662979,0.3237336277961731,0.0795605480670929,1.0508368015289307,0.4316048324108124,0.347092866897583,0.3605019152164459,0.1207817792892456,0.12035224586725235,0.37688136100769043,0.468708336353302,0.0735115185379982,0.4346754848957062,0.12899847328662872,0.08753644675016403,0.25685998797416687,0.17836154997348785,0.10761485993862152,0.16037629544734955,0.18895433843135834,0.19493016600608826,0.09979617595672607,0.05728377774357796,0.16210761666297913,0.050880201160907745,0.5757651925086975,0.15914776921272278,0.022103795781731606,0.04993787035346031,0.1792639195919037,0.20458711683750153,0.24428297579288483,0.06487300246953964,0.41678133606910706,0.22196240723133087,0.24191053211688995,0.12446117401123047,0.27202823758125305,0.29674509167671204,0.119386687874794,0.08693399280309677
AH203,0.233333333,0.066666667,0.333333333,0.533333333,0.466666667,0.0,0.733333333,0.7,0.8,0.133333333,0.433333333,0.433333333,0.0,1.1,0.266666667,0.366666667,0.166666667,0.0,0.0,0.0,0.0,0.0,0.066666667,0.0,0.233333333,0.266666667,0.233333333,0.133333333,0.633333333,0.6,0.533333333,0.166666667,0.0,0.066666667,0.0,0.666666667,0.766666667,0.0,0.2,0.233333333,0.066666667,0.2,0.0,0.5,0.0,0.133333333,0.0,0.4,0.166666667,0.1,0.033333333,0.3593160808086395,0.18509146571159363,0.3752787113189697,0.26442140340805054,0.3625478744506836,0.12012141197919846,0.4837832748889923,0.2907613515853882,1.0480295419692993,0.17789429426193237,0.35558411478996277,0.41033124923706055,0.09543298184871674,1.391754388809204,0.30163344740867615,0.33761003613471985,0.15132255852222443,0.08236590772867203,0.1112273782491684,0.14056000113487244,0.23822401463985443,0.05454340577125549,0.21274437010288239,0.08419843018054962,0.05821695551276207,0.2502427399158478,0.14267423748970032,0.07738104462623596,0.3345330059528351,0.2591244578361511,0.22688519954681396,0.038391292095184326,0.055224910378456116,0.12226325273513794,0.056587930768728256,0.6035589575767517,0.13381356000900269,0.016499986872076988,0.05514368787407875,0.18917249143123627,0.17392592132091522,0.17010290920734406,0.08028832823038101,0.15459062159061432,0.20829907059669495,0.24254848062992096,0.11549162119626999,0.2465476244688034,0.23354607820510864,0.13150577247142792,0.08840572834014893
AH664,0.2,0.0,0.233333333,0.0,0.333333333,0.066666667,0.633333333,0.366666667,0.933333333,0.1,0.266666667,0.233333333,0.0,0.866666667,0.433333333,0.433333333,0.366666667,0.0,0.033333333,0.033333333,0.066666667,0.0,0.066666667,0.0,0.066666667,0.533333333,0.233333333,0.2,1.033333333,0.4,0.7,0.333333333,0.0,0.3,0.0,0.833333333,0.333333333,0.0,0.233333333,0.166666667,0.266666667,0.266666667,0.2,0.4,0.3,0.233333333,0.0,0.0,0.2,0.0,0.1,0.29427069425582886,0.18586361408233643,0.2926598787307739,0.0966736301779747,0.3164496421813965,0.1137334480881691,0.31246909499168396,0.1852615624666214,0.5283603072166443,0.17650270462036133,0.13901688158512115,0.2474200576543808,0.09158915281295776,0.8023436665534973,0.24311251938343048,0.24470561742782593,0.16405881941318512,0.1215471401810646,0.11824800819158554,0.2452605962753296,0.30213379859924316,0.09970404952764511,0.2533092498779297,0.15889476239681244,0.1282988041639328,0.462673544883728,0.2675897479057312,0.20964954793453217,0.6469361186027527,0.39154618978500366,0.20932278037071228,0.2758532464504242,0.20376284420490265,0.21649070084095,0.07330674678087234,0.6344217658042908,0.13947433233261108,0.0642787516117096,0.07498128712177277,0.3781604766845703,0.31919777393341064,0.1771860420703888,0.11421241611242294,0.192311629652977,0.16025547683238983,0.2350553572177887,0.11429450660943985,0.21109731495380402,0.2919667959213257,0.08876454085111618,0.13124077022075653
AH720,0.233333333,0.0,0.433333333,0.333333333,0.166666667,0.0,0.866666667,0.4,1.266666667,0.066666667,0.7,0.933333333,0.233333333,1.3,0.233333333,0.266666667,0.133333333,0.0,0.0,0.0,0.1,0.0,0.0,0.0,0.0,0.066666667,0.0,0.0,0.1,0.0,0.266666667,0.0,0.0,0.0,0.0,0.5,0.266666667,0.0,0.0,0.033333333,0.0,0.066666667,0.0,0.633333333,0.6,0.533333333,0.133333333,0.833333333,0.333333333,0.233333333,0.1,0.27487999200820923,0.18403558433055878,0.3071739375591278,0.1404186338186264,0.412013977766037,0.12345078587532043,0.39879536628723145,0.214187890291214,0.669043242931366,0.17588219046592712,0.1677732616662979,0.3237336277961731,0.0795605480670929,1.0508368015289307,0.4316048324108124,0.347092866897583,0.3605019152164459,0.1207817792892456,0.12035224586725235,0.37688136100769043,0.468708336353302,0.0735115185379982,0.4346754848957062,0.12899847328662872,0.08753644675016403,0.25685998797416687,0.17836154997348785,0.10761485993862152,0.16037629544734955,0.18895433843135834,0.19493016600608826,0.09979617595672607,0.05728377774357796,0.16210761666297913,0.050880201160907745,0.5757651925086975,0.15914776921272278,0.022103795781731606,0.04993787035346031,0.1792639195919037,0.20458711683750153,0.24428297579288483,0.06487300246953964,0.41678133606910706,0.22196240723133087,0.24191053211688995,0.12446117401123047,0.27202823758125305,0.29674509167671204,0.119386687874794,0.08693399280309677
AH877,0.2,0.0,0.3,0.0,0.333333333,0.2,0.4,0.1,0.733333333,0.0,0.633333333,0.5,0.133333333,1.1,0.466666667,0.566666667,0.366666667,0.033333333,0.133333333,0.066666667,0.0,0.0,0.1,0.0,0.2,0.666666667,0.3,0.0,0.966666667,0.6,0.2,0.133333333,0.0,0.4,0.0,0.733333333,0.533333333,0.166666667,0.266666667,0.066666667,0.1,0.366666667,0.1,0.3,0.0,0.566666667,0.0,0.5,0.2,0.133333333,0.133333333,0.29427069425582886,0.18586361408233643,0.2926598787307739,0.0966736301779747,0.3164496421813965,0.1137334480881691,0.31246909499168396,0.1852615624666214,0.5283603072166443,0.17650270462036133,0.13901688158512115,0.2474200576543808,0.09158915281295776,0.8023436665534973,0.24311251938343048,0.24470561742782593,0.16405881941318512,0.1215471401810646,0.11824800819158554,0.2452605962753296,0.30213379859924316,0.09970404952764511,0.2533092498779297,0.15889476239681244,0.1282988041639328,0.462673544883728,0.2675897479057312,0.20964954793453217,0.6469361186027527,0.39154618978500366,0.20932278037071228,0.2758532464504242,0.20376284420490265,0.21649070084095,0.07330674678087234,0.6344217658042908,0.13947433233261108,0.0642787516117096,0.07498128712177277,0.3781604766845703,0.31919777393341064,0.1771860420703888,0.11421241611242294,0.192311629652977,0.16025547683238983,0.2350553572177887,0.11429450660943985,0.21109731495380402,0.2919667959213257,0.08876454085111618,0.13124077022075653
AB707,0.0,0.0,0.0,4.166666667,0.0,0.0,0.222222222,0.555555556,0.222222222,0.0,0.0,0.166666667,0.0,1.722222222,0.388888889,0.666666667,0.0,0.0,0.0,0.0,0.166666667,0.0,0.0,0.055555556,0.0,0.0,0.0,0.0,0.0,0.0,0.055555556,0.0,0.0,0.0,0.0,0.0,0.0,0.0,0.0,0.0,0.0,0.0,0.0,0.0,1.166666667,0.0,0.0,0.388888889,0.0,0.111111111,0.0,0.348924458026886,0.27466002106666565,0.47996214032173157,2.7753899097442627,0.3281530439853668,0.2812296450138092,0.3429040312767029,0.21703478693962097,0.33459335565567017,0.17660443484783173,0.08120762556791306,0.1564858853816986,0.06162470579147339,0.9594242572784424,0.07329809665679932,0.21137197315692902,0.12959137558937073,0.10890360176563263,0.11536845564842224,0.23786784708499908,0.265776664018631,0.214519202709198,0.09442584216594696,0.08284761756658554,0.011334216222167015,0.06958094984292984,0.12463947385549545,0.07125893980264664,0.07295717298984528,0.3456612229347229,0.22533300518989563,0.11501265317201614,0.6690155863761902,0.1764017790555954,0.020630545914173126,0.2792116105556488,0.15846416354179382,0.05391866713762283,0.04936803877353668,0.19598208367824554,0.15206827223300934,0.1041986346244812,0.07018700987100601,0.865680992603302,1.2783020734786987,0.3574598431587219,0.1799696534872055,0.5385077595710754,0.15256431698799133,0.12811122834682465,0.13947294652462006
AB731,0.055555556,0.0,1.055555556,0.277777778,0.833333333,0.388888889,0.0,0.333333333,0.0,0.0,0.0,0.111111111,0.0,0.333333333,0.0,0.0,0.055555556,0.0,0.0,0.0,0.0,0.0,0.0,0.0,0.0,0.222222222,0.0,0.0,0.0,0.0,0.0,0.0,0.0,0.055555556,0.0,1.111111111,0.0,0.0,0.0,0.0,1.166666667,1.444444444,0.277777778,0.222222222,0.444444444,0.0,0.111111111,0.0,0.944444444,0.333333333,0.0,0.5643998384475708,0.19551746547222137,0.6957528591156006,0.34350690245628357,0.5702248811721802,0.45993873476982117,0.2939883768558502,0.254468709230423,0.23838022351264954,0.17646043002605438,0.05771448835730553,0.03567887470126152,0.055268749594688416,0.5617771148681641,0.026218559592962265,0.117329902946949,0.16890849173069,0.1869828999042511,0.13578838109970093,0.27632758021354675,0.2915631830692291,0.08812739700078964,0.10318607836961746,0.08429224044084549,0.013240714557468891,0.081267349421978,0.12206803262233734,0.0466463603079319,0.03224824741482735,0.2119176685810089,0.1881646066904068,0.06435525417327881,0.12232507020235062,0.24154189229011536,0.037801846861839294,0.5622551441192627,0.1878676563501358,0.05660098046064377,0.055943287909030914,0.22648189961910248,0.2587088644504547,0.30281540751457214,0.12814870476722717,0.7187652587890625,0.8288570642471313,0.35972514748573303,0.17413266003131866,0.462084025144577,0.3265593647956848,0.19740191102027893,0.16401399672031403
AD074,0.1875,0.5625,0.1875,0.0,0.0,0.125,0.0625,0.0,1.3125,0.125,0.1875,0.4375,0.125,1.5625,0.25,0.375,0.0,0.3125,0.0,0.0,0.0,0.0,0.0,0.0,0.0,0.0,0.0,0.0625,0.0,0.0625,0.75,0.0,0.0,0.0,0.0,0.0625,0.125,0.0,0.0,0.0,0.0,1.1875,0.0,0.0,0.0625,0.1875,0.0,0.4375,0.1875,0.0,0.0,0.38392195105552673,0.18440362811088562,0.28378432989120483,0.04982544481754303,0.17268182337284088,0.1517140120267868,0.2247438132762909,0.12505857646465302,0.21547497808933258,0.1731000691652298,0.04412008821964264,0.03234690800309181,0.04990899935364723,0.3775688409805298,0.10767708718776703,0.14350463449954987,0.11262725293636322,0.2792569398880005,0.18863168358802795,0.5672130584716797,0.3354627788066864,0.4851280450820923,0.24468034505844116,0.10893160849809647,0.025041701272130013,0.13858041167259216,0.12684179842472076,0.06203433871269226,0.08723370730876923,0.27131187915802,0.2584478557109833,0.2629130482673645,1.013040542602539,0.31481969356536865,0.07070808112621307,0.30692628026008606,0.19061435759067535,0.14840082824230194,0.04663076251745224,0.24871349334716797,0.23404188454151154,0.09389862418174744,0.15654096007347107,0.3752079904079437,0.19355860352516174,0.31376218795776367,0.17583923041820526,0.47958630323410034,0.15578091144561768,0.1501920521259308,0.12306433171033859
AD659,0.0,0.0,0.266666667,0.4,0.0,0.133333333,0.333333333,0.333333333,0.4,0.2,0.8,0.133333333,0.0,2.533333333,0.266666667,1.666666667,0.4,0.6,0.133333333,0.0,0.0,0.0,0.0,0.0,0.2,0.0,0.0,0.0,0.0,0.2,0.266666667,0.0,0.0,0.0,0.0,0.6,0.466666667,0.066666667,0.0,0.0,0.0,0.2,0.0,0.0,0.133333333,0.133333333,0.2,0.466666667,0.0,0.066666667,0.0,0.35603415966033936,0.19516102969646454,0.5231002569198608,0.21677730977535248,0.4527451992034912,0.17778442800045013,0.31017279624938965,0.38392964005470276,0.31710341572761536,0.17078104615211487,0.06458817422389984,0.0461115837097168,0.0499458909034729,1.0513266324996948,0.5352851152420044,0.48927828669548035,0.36807793378829956,0.6629757285118103,0.1568603366613388,0.3414961099624634,0.32861998677253723,0.1673932671546936,0.11488713324069977,0.1036335825920105,0.04970924183726311,0.1442074328660965,0.12209121137857437,0.04825630411505699,0.048357632011175156,0.220356747508049,0.1676224023103714,0.09776127338409424,0.4325445294380188,0.2030554562807083,0.030175624415278435,0.529143750667572,0.20249682664871216,0.07772177457809448,0.04296033829450607,0.19004814326763153,0.22840656340122223,0.32299646735191345,0.1367567479610443,0.4500531256198883,0.21410347521305084,0.3283522129058838,0.1741817444562912,0.5019599199295044,0.22274264693260193,0.20571991801261902,0.1182813048362732
AD737,0.230769231,0.0,0.461538462,0.538461538,0.0,0.307692308,0.0,0.307692308,0.769230769,0.0,0.230769231,0.076923077,0.0,0.384615385,0.0,0.0,0.0,0.0,0.0,0.0,0.0,0.0,0.0,0.0,0.0,0.0,0.0,0.0,0.0,0.0,0.384615385,0.0,0.0,0.153846154,0.0,0.538461538,0.153846154,0.0,0.0,0.076923077,0.461538462,0.615384615,0.307692308,0.307692308,0.692307692,0.230769231,0.0,0.538461538,0.230769231,0.153846154,0.230769231,0.6087303757667542,0.2532674968242645,0.6656938195228577,0.29406118392944336,0.3918744623661041,0.20191185176372528,0.5776174664497375,0.2788759768009186,0.7729880809783936,0.18241728842258453,0.2469368875026703,0.4320339262485504,0.0716877430677414,0.8048036694526672,0.179917573928833,0.23886269330978394,0.21674728393554688,0.12846864759922028,0.11427251994609833,0.2708483636379242,0.3139539361000061,0.13847461342811584,0.28372442722320557,0.10780266672372818,0.032889224588871,0.12142898887395859,0.12637735903263092,0.05591704323887825,0.12241026014089584,0.28981584310531616,0.30088186264038086,0.09711454808712006,0.20125162601470947,0.19425277411937714,0.04644561931490898,0.3719973564147949,0.1444646120071411,0.3623659908771515,0.042774803936481476,0.20484396815299988,0.17368094623088837,0.23792368173599243,0.13564234972000122,0.7315874695777893,0.5368248224258423,0.30607208609580994,0.16938230395317078,0.5469943284988403,0.2705547511577606,0.1432332545518875,0.1436622440814972
AG575,0.066666667,0.033333333,0.233333333,0.0,0.0,0.0,0.0,0.0,0.0,0.0,0.0,0.0,0.0,0.266666667,0.0,0.066666667,0.0,0.0,0.033333333,0.566666667,0.1,0.233333333,0.133333333,0.2,0.0,0.0,0.233333333,0.366666667,0.466666667,0.133333333,0.4,0.933333333,3.8,0.133333333,0.433333333,0.533333333,0.1,0.0,0.066666667,0.0,0.166666667,0.0,0.0,0.0,0.0,0.0,0.0,0.0,0.1,0.0,0.1,0.29121556878089905,0.1862867921590805,0.22189341485500336,0.0502995029091835,0.13815997540950775,0.04968400299549103,0.18795114755630493,0.06724809855222702,0.30575108528137207,0.17075039446353912,0.09321948140859604,0.12378566712141037,0.09544183313846588,0.52290278673172,0.1278105080127716,0.13662618398666382,0.09863787144422531,0.1395111232995987,0.14707960188388824,0.5672349333763123,0.2978680431842804,0.4027024209499359,0.25168007612228394,0.21872271597385406,0.11027858406305313,0.24911774694919586,0.14832466840744019,0.3055438995361328,0.68604576587677,0.2809865176677704,0.26969653367996216,0.5495153665542603,2.183734178543091,0.2510886788368225,0.2293139547109604,0.26006075739860535,0.13336960971355438,0.20507153868675232,0.0586840957403183,0.2702249586582184,0.15033948421478271,0.09926150739192963,0.16714876890182495,0.10046270489692688,0.13225619494915009,0.24293218553066254,0.10391265153884888,0.20157504081726074,0.05613797903060913,0.11689011007547379,0.07109474390745163
AJ490,0.066666667,0.0,0.1,0.566666667,0.166666667,0.066666667,0.533333333,0.333333333,1.5,0.2,0.366666667,0.3,0.0,1.4,0.833333333,0.433333333,0.7,0.2,0.0,0.1,0.2,0.0,0.2,0.0,0.0,0.1,0.0,0.0,0.333333333,0.0,0.0,0.0,0.0,0.1,0.2,0.6,0.166666667,0.0,0.0,0.0,0.1,0.1,0.0,0.9,0.6,0.3,0.0,0.466666667,0.0,0.233333333,0.1,0.32471615076065063,0.18658804893493652,0.3458693325519562,0.24108433723449707,0.31565046310424805,0.14315764605998993,0.38059401512145996,0.2566957175731659,0.7699404954910278,0.17369955778121948,0.23594930768013,0.3058978021144867,0.12865008413791656,1.3487704992294312,0.31938111782073975,0.28284478187561035,0.2452133148908615,0.10287531465291977,0.11323165148496628,0.1848335713148117,0.2754196226596832,0.06700325012207031,0.2754671573638916,0.16202519834041595,0.10249577462673187,0.47107622027397156,0.17845645546913147,0.26005876064300537,0.5453767776489258,0.3044041097164154,0.2526914179325104,0.10820407420396805,0.09871558845043182,0.17405830323696136,0.06872610002756119,0.6665564179420471,0.13687746226787567,0.032811619341373444,0.11369562149047852,0.20993424952030182,0.2426832914352417,0.19396811723709106,0.1165160983800888,0.2648475170135498,0.26559436321258545,0.2591087818145752,0.11445636302232742,0.2620071768760681,0.3287031948566437,0.13784870505332947,0.10576517134904861
AJ522,0.172413793,0.0,0.310344828,0.310344828,0.24137931,0.137931034,0.448275862,0.379310345,2.310344828,0.0,0.0,0.827586207,0.103448276,2.517241379,0.620689655,0.310344828,0.896551724,0.103448276,0.068965517,0.0,0.0,0.0,0.172413793,0.0,0.0,0.103448276,0.0,0.0,0.0,0.068965517,0.379310345,0.0,0.0,0.103448276,0.0,0.206896552,0.0,0.0,0.0,0.137931034,0.103448276,0.0,0.0,0.689655172,0.24137931,0.379310345,0.103448276,0.137931034,0.448275862,0.0,0.0,0.47096869349479675,0.220045804977417,0.514467716217041,0.46774598956108093,0.3503953516483307,0.19085349142551422,0.3304964005947113,0.18477201461791992,0.8667852878570557,0.20294344425201416,0.2326052188873291,0.34852105379104614,0.06033072620630264,1.0738732814788818,0.25613903999328613,0.2698593735694885,0.26138773560523987,0.10514695942401886,0.11357974261045456,0.1285271793603897,0.2612748444080353,0.057454753667116165,0.16978465020656586,0.12391194701194763,0.03248368948698044,0.16373679041862488,0.12829336524009705,0.05387027934193611,0.08735628426074982,0.22094865143299103,0.2090175747871399,0.05587201565504074,0.08610402792692184,0.17188726365566254,0.0500502735376358,0.4922100007534027,0.13565917313098907,0.0147524643689394,0.04945093020796776,0.17728321254253387,0.17664361000061035,0.20654524862766266,0.06282860785722733,0.5457109212875366,0.4564816653728485,0.2850961685180664,0.1392185240983963,0.3336584270000458,0.34238937497138977,0.15613622963428497,0.11114255338907242
AJ537,0.24137931,0.034482759,0.24137931,0.310344828,0.137931034,0.0,0.310344828,0.24137931,1.137931034,0.0,0.724137931,0.75862069,0.24137931,2.068965517,0.965517241,0.344827586,0.482758621,0.724137931,1.413793103,0.137931034,0.310344828,0.24137931,0.068965517,0.0,0.0,0.103448276,0.0,0.0,0.0,0.0,0.0,0.0,0.0,0.0,0.0,0.24137931,0.0,0.103448276,0.0,0.0,0.172413793,0.172413793,0.034482759,0.310344828,0.206896552,0.24137931,0.0,0.689655172,0.172413793,0.103448276,0.0,0.28501445055007935,0.18460425734519958,0.2736000418663025,0.12479560822248459,0.19225457310676575,0.06121201813220978,0.1801527887582779,0.14861001074314117,0.3096340298652649,0.19837336242198944,0.061108000576496124,0.07031863182783127,0.0503632128238678,0.8464516401290894,0.391355037689209,0.28009849786758423,0.2485411912202835,0.12332702428102493,0.12465585023164749,0.5142174363136292,0.3399418592453003,0.2872118651866913,0.28146666288375854,0.13795995712280273,0.027564259245991707,0.16047541797161102,0.12133847177028656,0.06493376940488815,0.26336222887039185,0.4123885929584503,0.2573647201061249,0.30353403091430664,0.4442211985588074,0.19708414375782013,0.12382521480321884,0.41972026228904724,0.14941038191318512,0.07526842504739761,0.04365000128746033,0.205062597990036,0.19465406239032745,0.08538416028022766,0.1149197667837143,0.17216812074184418,0.14781422913074493,0.25128763914108276,0.10767102241516113,0.21391825377941132,0.17198070883750916,0.14074881374835968,0.09473228454589844
AJ661,0.24137931,0.103448276,0.137931034,0.137931034,0.068965517,0.068965517,0.24137931,0.413793103,0.896551724,0.172413793,0.310344828,0.0,0.0,0.896551724,0.103448276,0.344827586,0.0,0.103448276,0.0,0.862068966,1.068965517,0.689655172,0.793103448,0.379310345,0.0,0.137931034,0.413793103,0.137931034,0.0,0.620689655,0.310344828,0.034482759,0.275862069,0.034482759,0.0,0.24137931,0.0,0.0,0.0,0.413793103,0.0,0.103448276,0.0,0.137931034,0.034482759,0.034482759,0.0,0.068965517,0.172413793,0.0,0.0,0.599606990814209,0.1853911578655243,0.513957142829895,0.10304059833288193,0.3000401258468628,0.11118460446596146,0.2821362018585205,0.23987656831741333,0.5702394843101501,0.262711763381958,0.08369198441505432,0.09912730008363724,0.05145956203341484,1.0366833209991455,0.2528562843799591,0.23333784937858582,0.3351520001888275,0.18995608389377594,0.12148712575435638,0.40544775128364563,0.352302223443985,0.2290341705083847,0.3432427644729614,0.14314788579940796,0.04191536083817482,0.1486579179763794,0.13509345054626465,0.062338050454854965,0.15084441006183624,0.3493823707103729,0.22162266075611115,0.09695234149694443,0.26691335439682007,0.2375131994485855,0.0549277700483799,0.2684096395969391,0.17037279903888702,0.07205208390951157,0.04083246737718582,0.23629304766654968,0.17138618230819702,0.15778309106826782,0.10456284880638123,0.3215579688549042,0.16806578636169434,0.2823995053768158,0.13830506801605225,0.443847119808197,0.20566827058792114,0.18005163967609406,0.14215131103992462
AK907,0.433333333,0.233333333,0.266666667,0.033333333,0.0,0.0,0.6,0.333333333,1.466666667,0.233333333,0.0,0.1,0.1,1.433333333,0.066666667,0.133333333,0.566666667,0.0,0.066666667,0.0,0.266666667,0.133333333,0.2,0.066666667,0.0,0.1,0.0,0.0,0.066666667,0.9,0.7,0.233333333,0.0,0.133333333,0.0,0.5,0.1,0.2,0.033333333,0.5,0.0,0.066666667,0.0,0.066666667,0.3,2.233333333,0.0,0.566666667,0.066666667,0.066666667,0.266666667,0.4139329791069031,0.18406517803668976,0.31598424911499023,0.18569044768810272,0.19064408540725708,0.07311021536588669,0.18004801869392395,0.1238330602645874,0.3799690306186676,0.17115776240825653,0.07529789954423904,0.07321027666330338,0.05100072920322418,1.0687748193740845,0.3838697075843811,0.2360198050737381,0.19647876918315887,0.1107712984085083,0.1254497766494751,0.36310726404190063,0.4286835491657257,0.2510146200656891,0.20539937913417816,0.16379189491271973,0.029798293486237526,0.15546175837516785,0.14196598529815674,0.11162775009870529,0.1624557375907898,0.5112054347991943,0.2020527422428131,0.5015392303466797,0.37521639466285706,0.1760125607252121,0.13992753624916077,0.5710445046424866,0.14326441287994385,0.11312854290008545,0.04402017220854759,0.22890986502170563,0.1714477241039276,0.1226128563284874,0.08666208386421204,0.19433535635471344,0.178350031375885,0.24888081848621368,0.11435996741056442,0.2821422517299652,0.2039644420146942,0.1549033373594284,0.12730224430561066
AL508,1.2,0.066666667,0.666666667,0.033333333,0.666666667,0.3,0.2,0.0,0.166666667,0.2,0.4,0.133333333,0.0,0.633333333,0.1,0.133333333,0.1,0.0,0.066666667,0.433333333,0.8,0.0,0.5,0.0,0.0,0.066666667,0.0,0.0,0.033333333,0.333333333,0.5,0.066666667,0.133333333,0.333333333,0.133333333,1.166666667,0.0,0.1,0.0,0.266666667,0.366666667,0.233333333,0.166666667,0.0,0.233333333,0.066666667,0.133333333,0.0,0.466666667,0.266666667,0.333333333,0.7534189820289612,0.31382453441619873,0.6647158265113831,0.17750267684459686,0.4241066873073578,0.18400859832763672,0.4282700717449188,0.19328686594963074,0.6993300914764404,0.18396253883838654,0.3005385100841522,0.2845207750797272,0.06499210000038147,0.7907776832580566,0.18860098719596863,0.17712906002998352,0.1616276353597641,0.09741378575563431,0.11316163837909698,0.2680930197238922,0.4256068766117096,0.08047103881835938,0.35847342014312744,0.10659937560558319,0.03105677291750908,0.1768711358308792,0.12023250758647919,0.06900875270366669,0.08074107021093369,0.2664361298084259,0.2256166785955429,0.053836289793252945,0.05758687108755112,0.16219399869441986,0.049924544990062714,0.4822761118412018,0.1291714608669281,0.01494399830698967,0.04071977362036705,0.18323823809623718,0.15171536803245544,0.13362038135528564,0.08048997074365616,0.17362241446971893,0.1638336479663849,0.2551218569278717,0.1267864853143692,0.23288612067699432,0.19755826890468597,0.18490013480186462,0.11570515483617783
AL541,0.6,0.0,0.733333333,1.466666667,0.633333333,0.1,0.566666667,0.0,0.533333333,0.066666667,0.066666667,0.0,0.0,1.833333333,0.5,0.466666667,0.7,0.0,0.0,0.1,0.0,0.0,0.066666667,0.0,0.133333333,0.1,0.066666667,0.0,0.066666667,0.166666667,0.3,0.0,0.0,0.4,0.0,0.8,0.166666667,0.033333333,0.1,0.133333333,0.1,0.033333333,0.233333333,0.066666667,0.533333333,0.0,0.2,0.033333333,0.066666667,0.2,0.1,0.43287158012390137,0.18377426266670227,0.40067100524902344,0.09072714298963547,0.4329005777835846,0.1090625450015068,0.24297191202640533,0.1037396565079689,0.328297883272171,0.17332980036735535,0.07493837177753448,0.01665617898106575,0.05000529810786247,0.655858039855957,0.23356831073760986,0.18288272619247437,0.21590648591518402,0.11069300770759583,0.11925946921110153,0.3610420227050781,0.4401329755783081,0.1032467931509018,0.2560950815677643,0.09957482665777206,0.015863221138715744,0.1853531450033188,0.12127313017845154,0.07284925132989883,0.18914543092250824,0.3453855514526367,0.20655524730682373,0.08072319626808167,0.06407660990953445,0.224961519241333,0.0867466852068901,0.8601585626602173,0.1420288383960724,0.04103320091962814,0.04273851588368416,0.19610461592674255,0.1849818080663681,0.10867690294981003,0.11124319583177567,0.1705358773469925,0.12032018601894379,0.25957614183425903,0.14255428314208984,0.2206774801015854,0.28189122676849365,0.1712726503610611,0.11414295434951782
AL657,0.933333333,0.133333333,0.333333333,0.433333333,0.266666667,0.133333333,0.833333333,0.333333333,2.0,0.266666667,0.9,0.433333333,0.233333333,2.066666667,0.266666667,0.4,0.166666667,0.0,0.0,0.066666667,0.066666667,0.166666667,0.233333333,0.066666667,0.033333333,0.266666667,0.0,0.0,0.166666667,0.133333333,0.3,0.0,0.066666667,0.166666667,0.0,0.133333333,0.0,0.0,0.0,0.1,0.0,0.233333333,0.066666667,0.0,0.1,0.366666667,0.0,0.5,0.2,0.0,0.066666667,0.6067109704017639,0.19237391650676727,0.7066354155540466,0.3237251341342926,0.5704307556152344,0.22301161289215088,0.4091566503047943,0.2518575191497803,0.5120639204978943,0.17653879523277283,0.16215796768665314,0.0495222806930542,0.05325395241379738,0.9329538941383362,0.2775309681892395,0.2518766522407532,0.24928119778633118,0.11507619917392731,0.11411651223897934,0.3180285692214966,0.6428595185279846,0.07031255215406418,0.45226341485977173,0.11345366388559341,0.026210030540823936,0.271625280380249,0.11949947476387024,0.06606657058000565,0.05350562930107117,0.22524891793727875,0.2168266326189041,0.03026345930993557,0.05604751035571098,0.21444323658943176,0.08336207270622253,0.7364369630813599,0.15247435867786407,0.0245369803160429,0.0394580140709877,0.18031452596187592,0.18267489969730377,0.1458505541086197,0.02092399261891842,0.14410418272018433,0.24781447649002075,0.2419772744178772,0.1474788784980774,0.24851781129837036,0.2801796495914459,0.1946292668581009,0.11717953532934189
AL728,1.0,0.366666667,1.066666667,0.166666667,0.9,0.433333333,0.4,0.066666667,0.5,0.033333333,0.033333333,0.0,0.0,0.4,0.166666667,0.066666667,0.2,0.1,0.166666667,0.333333333,0.866666667,0.0,0.433333333,0.0,0.0,0.333333333,0.0,0.1,0.033333333,0.5,0.4,0.066666667,0.033333333,0.566666667,0.233333333,0.933333333,0.166666667,0.0,0.0,0.0,0.366666667,0.0,0.0,0.0,0.166666667,0.333333333,0.2,0.0,0.5,0.233333333,0.2,1.0232640504837036,0.20284999907016754,0.6875931620597839,0.19369414448738098,0.6338490843772888,0.17421717941761017,0.36708545684814453,0.17179881036281586,0.4281429350376129,0.17989511787891388,0.182381272315979,0.04409249499440193,0.07296382635831833,0.5319266319274902,0.11809274554252625,0.1502046436071396,0.15910956263542175,0.1010076254606247,0.11952170729637146,0.4292272627353668,0.6051692366600037,0.08230336755514145,0.38559332489967346,0.1366659253835678,0.016966326162219048,0.31945985555648804,0.12188620120286942,0.060214750468730927,0.20338484644889832,0.2521558105945587,0.2285911738872528,0.05973166972398758,0.07669474929571152,0.22742390632629395,0.11705901473760605,1.0251268148422241,0.13952121138572693,0.1292596459388733,0.040462590754032135,0.19205854833126068,0.1771681010723114,0.10507016628980637,0.09605894982814789,0.10413412004709244,0.14133433997631073,0.2398180365562439,0.16365884244441986,0.21237240731716156,0.23223507404327393,0.22454477846622467,0.13842342793941498
AL806,1.266666667,0.066666667,1.166666667,0.0,0.7,0.266666667,0.366666667,0.0,0.533333333,0.266666667,0.0,0.0,0.0,0.733333333,0.0,0.1,0.0,0.1,0.0,0.0,0.166666667,0.0,0.033333333,0.0,0.0,0.0,0.0,0.0,0.0,0.466666667,0.166666667,0.0,0.0,0.5,0.133333333,0.8,0.1,0.366666667,0.0,0.066666667,0.533333333,0.0,0.0,0.033333333,0.133333333,0.033333333,0.2,0.0,0.6,0.333333333,0.033333333,0.7773078083992004,0.20629000663757324,0.5549009442329407,0.3452256917953491,0.4947700500488281,0.18067331612110138,0.4132246971130371,0.21306651830673218,0.5662664771080017,0.1814281940460205,0.17819583415985107,0.14627325534820557,0.07240753620862961,0.7504557967185974,0.15942500531673431,0.16711492836475372,0.1390078216791153,0.09821897000074387,0.11485135555267334,0.22306698560714722,0.3508257567882538,0.07488693296909332,0.20244497060775757,0.09810003638267517,0.02922821417450905,0.2628537118434906,0.11924559623003006,0.042401235550642014,0.03341398015618324,0.196986123919487,0.20701436698436737,0.05340263247489929,0.08351823687553406,0.1855536699295044,0.08830837905406952,0.6687889695167542,0.1425335556268692,0.1061754822731018,0.04162899777293205,0.18454678356647491,0.17725227773189545,0.17737115919589996,0.10237999260425568,0.13270029425621033,0.2758083641529083,0.24259188771247864,0.1214650496840477,0.22625118494033813,0.25828129053115845,0.19257795810699463,0.10240153968334198
AL860,1.166666667,0.1,0.833333333,0.233333333,0.6,0.233333333,0.433333333,0.0,0.5,0.3,0.133333333,0.066666667,0.0,0.733333333,0.066666667,0.1,0.2,0.0,0.0,0.0,0.166666667,0.0,0.066666667,0.0,0.0,0.1,0.0,0.0,0.0,0.066666667,0.266666667,0.0,0.0,0.366666667,0.1,0.8,0.1,0.133333333,0.066666667,0.033333333,0.733333333,0.066666667,0.0,0.033333333,0.133333333,0.133333333,0.8,0.0,1.033333333,0.2,0.166666667,0.7409512400627136,0.20264200866222382,0.5072670578956604,0.24757124483585358,0.5004491806030273,0.14594705402851105,0.4071594178676605,0.2832835018634796,0.5288439393043518,0.18296024203300476,0.15090781450271606,0.08722089231014252,0.06470891088247299,0.6676105260848999,0.20568998157978058,0.16296963393688202,0.17106370627880096,0.12436164915561676,0.11792294681072235,0.30931538343429565,0.6478874683380127,0.0830506980419159,0.34428027272224426,0.12386423349380493,0.024332653731107712,0.2606427073478699,0.12188249081373215,0.041425272822380066,0.1426180899143219,0.2387997806072235,0.2034405767917633,0.035410575568675995,0.037413787096738815,0.1685783416032791,0.10567577183246613,0.7344145774841309,0.14360126852989197,0.04930012673139572,0.041248396039009094,0.18015573918819427,0.17050716280937195,0.16448496282100677,0.08787035942077637,0.13631665706634521,0.1816743165254593,0.238681361079216,0.13926005363464355,0.2212524265050888,0.261511892080307,0.19022409617900848,0.1062326654791832
AL869,0.5,0.0,0.433333333,0.4,0.3,0.133333333,0.966666667,0.0,1.566666667,0.266666667,0.533333333,0.733333333,0.266666667,2.1,0.366666667,0.466666667,0.0,0.0,0.0,0.233333333,0.5,0.0,0.6,0.233333333,0.033333333,0.533333333,0.133333333,0.0,0.433333333,0.2,0.033333333,0.0,0.0,0.233333333,0.0,0.333333333,0.333333333,0.0,0.0,0.0,0.0,0.0,0.1,0.0,0.233333333,0.433333333,0.0,0.4,0.0,0.0,0.0,0.6952512264251709,0.18403558433055878,0.393461674451828,0.07091909646987915,0.4264538586139679,0.11167630553245544,0.28950050473213196,0.11300624907016754,0.5493946075439453,0.1765994280576706,0.11560075730085373,0.12922322750091553,0.06178788095712662,0.6897487044334412,0.20461204648017883,0.23006422817707062,0.13717558979988098,0.09056536108255386,0.1156182810664177,0.5093558430671692,0.6481037735939026,0.07436655461788177,0.5439228415489197,0.11983317881822586,0.030109353363513947,0.23355616629123688,0.15073716640472412,0.16600869596004486,0.26981234550476074,0.35687360167503357,0.19287005066871643,0.08351504802703857,0.05703965574502945,0.2057988941669464,0.11120352149009705,0.7783533930778503,0.1374446451663971,0.0884084552526474,0.044174645096063614,0.22027966380119324,0.16055352985858917,0.10919791460037231,0.08913948386907578,0.14368347823619843,0.0898900181055069,0.24510927498340607,0.13428446650505066,0.2295600175857544,0.2459164261817932,0.17052361369132996,0.11272966116666794
AM082,0.2,0.0,0.233333333,0.1,0.666666667,0.1,0.4,0.3,1.566666667,0.266666667,0.233333333,0.666666667,0.0,1.233333333,0.266666667,0.266666667,0.266666667,0.0,0.133333333,0.366666667,0.533333333,0.0,0.333333333,0.066666667,0.133333333,0.066666667,0.066666667,0.0,0.266666667,0.1,0.6,0.0,0.0,0.3,0.0,0.266666667,0.0,0.0,0.0,0.0,0.3,0.166666667,0.0,0.5,0.633333333,0.2,0.233333333,0.4,0.0,0.0,0.133333333,0.3298214375972748,0.18605823814868927,0.3873480260372162,0.09508655220270157,0.30552196502685547,0.10405108332633972,0.4918286204338074,0.23495060205459595,1.0812032222747803,0.17747287452220917,0.33357471227645874,0.44364914298057556,0.07882117480039597,1.4113128185272217,0.2510004937648773,0.2974666655063629,0.1275690793991089,0.08324701339006424,0.1106947809457779,0.15106336772441864,0.23559215664863586,0.06550060957670212,0.15984994173049927,0.08907652646303177,0.03539983928203583,0.16153083741664886,0.13373737037181854,0.0641249269247055,0.17596717178821564,0.24636386334896088,0.25387901067733765,0.027951804921030998,0.020939819514751434,0.11050000786781311,0.02415415830910206,0.37721920013427734,0.14973416924476624,0.01699070632457733,0.04561689868569374,0.18254561722278595,0.14675843715667725,0.12268903851509094,0.09911461174488068,0.22854818403720856,0.13119956851005554,0.268871545791626,0.14186812937259674,0.2967040538787842,0.20386537909507751,0.1493152678012848,0.08419708162546158
AM706,0.333333333,0.1,0.3,0.133333333,0.3,0.0,0.3,0.066666667,0.4,0.0,0.133333333,0.3,0.0,0.666666667,0.0,0.1,0.0,0.0,0.0,0.133333333,0.233333333,0.0,0.166666667,0.033333333,0.0,0.0,0.266666667,0.133333333,0.633333333,0.533333333,0.0,0.633333333,0.066666667,0.1,0.2,1.066666667,0.233333333,0.266666667,0.466666667,1.533333333,0.2,0.1,0.1,0.0,0.066666667,0.233333333,0.0,0.066666667,0.266666667,0.133333333,0.4,0.5748526453971863,0.5334797501564026,0.4464680552482605,0.10321670025587082,0.3404039740562439,0.22707833349704742,0.49207162857055664,0.244044691324234,0.587213933467865,0.1852124035358429,0.28891175985336304,0.27053502202033997,0.13319243490695953,0.8835188150405884,0.18998472392559052,0.24853898584842682,0.10945315659046173,0.0942625179886818,0.1103242039680481,0.17705267667770386,0.30446451902389526,0.06752990186214447,0.24002258479595184,0.16680757701396942,0.12133262306451797,0.30931025743484497,0.23980513215065002,0.16865721344947815,0.40539437532424927,0.23674453794956207,0.1729767769575119,0.0858420580625534,0.05146653205156326,0.14796887338161469,0.07481678575277328,0.3346436023712158,0.13551659882068634,0.056301016360521317,0.05290902778506279,0.30986520648002625,0.1419118344783783,0.11767727136611938,0.06211324408650398,0.11503001302480698,0.26121801137924194,0.23863352835178375,0.1245918720960617,0.2219865620136261,0.16743266582489014,0.2014099508523941,0.09080745279788971
AN565,0.733333333,0.0,1.033333333,0.233333333,1.566666667,0.466666667,0.466666667,0.1,0.3,0.166666667,0.133333333,0.0,0.0,0.966666667,0.3,0.266666667,0.1,0.266666667,0.133333333,0.0,0.333333333,0.133333333,0.0,0.0,0.0,0.466666667,0.0,0.0,0.233333333,0.333333333,0.266666667,0.0,0.0,0.366666667,0.0,0.433333333,0.0,0.0,0.0,0.0,0.633333333,0.166666667,0.1,0.3,0.166666667,0.233333333,0.0,0.133333333,0.266666667,0.266666667,0.3,0.4535222053527832,0.18865075707435608,0.5658406019210815,0.3125569224357605,0.46036645770072937,0.1783861368894577,0.38988298177719116,0.3861674666404724,0.6776298880577087,0.17397403717041016,0.2336127758026123,0.07284688204526901,0.06276793777942657,1.2379670143127441,0.34758415818214417,0.31109797954559326,0.3397198021411896,0.11519316583871841,0.11430808156728745,0.22115695476531982,0.2528410255908966,0.06372058391571045,0.1275193989276886,0.11893067508935928,0.030649978667497635,0.2366655170917511,0.11910054087638855,0.059024691581726074,0.1294817179441452,0.23241935670375824,0.20814603567123413,0.06311310082674026,0.09715469926595688,0.17143893241882324,0.06811446696519852,0.7250019311904907,0.12879858911037445,0.01540269423276186,0.040310680866241455,0.18066410720348358,0.20801560580730438,0.20804040133953094,0.06946324557065964,0.24437738955020905,0.2635761499404907,0.23563021421432495,0.1213294044137001,0.24075137078762054,0.27609315514564514,0.19176842272281647,0.11208158731460571
AO080,0.766666667,0.066666667,1.233333333,0.4,0.533333333,0.5,0.7,0.366666667,1.5,0.333333333,0.6,1.233333333,0.166666667,1.5,0.366666667,0.266666667,0.2,0.066666667,0.066666667,0.0,0.1,0.0,0.0,0.066666667,0.0,0.433333333,0.033333333,0.033333333,0.033333333,0.2,0.433333333,0.133333333,1.0,0.1,0.166666667,0.5,0.033333333,0.0,0.0,0.2,0.066666667,0.4,0.066666667,0.2,0.266666667,0.566666667,0.166666667,0.066666667,0.066666667,0.2,0.0,0.39674973487854004,0.19444634020328522,0.5773727297782898,0.19622601568698883,0.3131069540977478,0.20498330891132355,0.49321964383125305,0.23001311719417572,0.8379234671592712,0.17739947140216827,0.4167434871196747,0.437427282333374,0.13408905267715454,1.1688694953918457,0.22481107711791992,0.2663712501525879,0.18646419048309326,0.08607504516839981,0.1115834042429924,0.18237479031085968,0.2120068520307541,0.06498897820711136,0.11208386719226837,0.10561764240264893,0.029452035203576088,0.15269215404987335,0.12715362012386322,0.07619598507881165,0.16982829570770264,0.3214215636253357,0.2989010810852051,0.14925746619701385,0.16976794600486755,0.13269707560539246,0.05803900957107544,0.4962265193462372,0.1342887133359909,0.019714953377842903,0.05936027690768242,0.2144576758146286,0.14813366532325745,0.1221081092953682,0.11461661010980606,0.1989120990037918,0.24181750416755676,0.29049813747406006,0.14305822551250458,0.2963501513004303,0.22843067348003387,0.15139271318912506,0.1582285761833191
AP679,0.1,0.0,0.233333333,0.3,0.333333333,0.2,0.4,0.133333333,0.933333333,0.0,0.5,0.333333333,0.1,1.466666667,0.5,0.533333333,0.0,0.033333333,0.0,0.166666667,0.166666667,0.066666667,0.4,0.0,0.266666667,0.1,0.866666667,0.133333333,0.266666667,0.5,0.9,0.366666667,0.033333333,0.166666667,0.166666667,0.8,0.366666667,0.033333333,0.3,1.1,0.266666667,0.3,0.066666667,0.133333333,0.166666667,0.1,0.166666667,0.1,0.4,0.333333333,0.0,0.41739365458488464,0.1848655790090561,0.5729624629020691,0.2026272416114807,0.43349719047546387,0.16216138005256653,0.5059893131256104,0.2824002206325531,0.7324436902999878,0.17769737541675568,0.20601233839988708,0.18187591433525085,0.07606600224971771,1.1320440769195557,0.36663734912872314,0.33269333839416504,0.22072018682956696,0.0978841483592987,0.11237622797489166,0.3864915370941162,0.33753490447998047,0.13471941649913788,0.24851860105991364,0.1279175877571106,0.037411969155073166,0.16134537756443024,0.12237213551998138,0.08187078684568405,0.3271696865558624,0.3076826333999634,0.27385592460632324,0.40311330556869507,0.47136175632476807,0.19185803830623627,0.10183227062225342,0.6801185607910156,0.12668581306934357,0.05620265007019043,0.04257674515247345,0.2072455883026123,0.18892866373062134,0.13136382400989532,0.08981939405202866,0.123506560921669,0.16667169332504272,0.24922378361225128,0.12057147175073624,0.22015216946601868,0.17233408987522125,0.12650570273399353,0.08896996080875397
