stimulus,true_Green,true_Cucumber,true_Herbal,true_Mint,true_Woody,true_Pine,true_Floral,true_Powdery,true_Fruity,true_Citrus,true_Tropical,true_Berry,true_Peach,true_Sweet,true_Caramellic,true_Vanilla,true_BrownSpice,true_Smoky,true_Burnt,true_Roasted,true_Grainy,true_Meaty,true_Nutty,true_Fatty,true_Coconut,true_Waxy,true_Dairy,true_Buttery,true_Cheesy,true_Sour,true_Fermented,true_Sulfurous,true_Garlic.Onion,true_Earthy,true_Mushroom,true_Musty,true_Ammonia,true_Fishy,true_Fecal,true_Rotten.Decay,true_Rubber,true_Phenolic,true_Animal,true_Medicinal,true_Cooling,true_Sharp,true_Chlorine,true_Alcoholic,true_Plastic,true_Ozone,true_Metallic,pred_Green,pred_Cucumber,pred_Herbal,pred_Mint,pred_Woody,pred_Pine,pred_Floral,pred_Powdery,pred_Fruity,pred_Citrus,pred_Tropical,pred_Berry,pred_Peach,pred_Sweet,pred_Caramellic,pred_Vanilla,pred_BrownSpice,pred_Smoky,pred_Burnt,pred_Roasted,pred_Grainy,pred_Meaty,pred_Nutty,pred_Fatty,pred_Coconut,pred_Waxy,pred_Dairy,pred_Buttery,pred_Cheesy,pred_Sour,pred_Fermented,pred_Sulfurous,pred_Garlic.Onion,pred_Earthy,pred_Mushroom,pred_Musty,pred_Ammonia,pred_Fishy,pred_Fecal,pred_Rotten.Decay,pred_Rubber,pred_Phenolic,pred_Animal,pred_Medicinal,pred_Cooling,pred_Sharp,pred_Chlorine,pred_Alcoholic,pred_Plastic,pred_Ozone,pred_Metallic
AA142,0.076923077,0.0,0.038461538,0.0,0.230769231,0.0,0.807692308,0.230769231,0.192307692,0.0,0.0,0.0,0.0,0.038461538,0.0,0.0,0.0,0.115384615,0.038461538,0.423076923,0.153846154,0.230769231,0.192307692,0.153846154,0.0,0.153846154,0.0,0.269230769,0.884615385,0.346153846,0.0,0.192307692,3.307692308,0.0,0.115384615,0.0,0.153846154,0.0,0.0,0.153846154,0.0,0.269230769,0.0,0.153846154,0.0,0.038461538,0.038461538,0.0,0.115384615,0.038461538,0.0,0.22606369853019714,0.16354264318943024,0.3770822584629059,0.3032476603984833,0.19826467335224152,0.15205422043800354,0.6430357694625854,0.48479920625686646,0.22729352116584778,0.134189635515213,0.10497408360242844,0.11678636074066162,0.06972429156303406,0.5717081427574158,0.06589796394109726,0.09260458499193192,0.13270875811576843,0.11000294983386993,0.18727873265743256,0.2207283079624176,0.18936872482299805,0.1916828155517578,0.04988710582256317,0.1428712010383606,0.05932579189538956,0.16269582509994507,0.15973708033561707,0.06421318650245667,0.14010342955589294,0.2374313920736313,0.13454702496528625,0.11413878202438354,0.9415904879570007,0.15950828790664673,0.11594785749912262,0.3085034191608429,0.11119423806667328,0.06667550653219223,0.04401670768857002,0.20091091096401215,0.15788112580776215,0.19871042668819427,0.1550951600074768,0.2574978470802307,0.1995808184146881,0.29214707016944885,0.14038297533988953,0.27084070444107056,0.2206939309835434,0.13502661883831024,0.06607171893119812
AA217,0.192307692,0.0,0.192307692,0.0,0.0,0.0,0.115384615,0.038461538,0.076923077,0.0,0.0,0.0,0.269230769,0.961538462,0.384615385,0.0,0.0,0.307692308,0.653846154,0.730769231,0.384615385,0.0,0.5,0.576923077,0.153846154,1.076923077,0.0,0.653846154,0.153846154,0.038461538,0.0,0.384615385,0.0,0.384615385,0.538461538,0.038461538,0.192307692,0.0,0.0,0.192307692,0.192307692,0.115384615,0.538461538,0.0,0.0,0.0,0.0,0.0,0.0,0.0,0.0,0.34932467341423035,0.10301002115011215,0.32554009556770325,0.27384111285209656,0.3251609802246094,0.1174873635172844,0.36237427592277527,0.27248501777648926,0.25781264901161194,0.23312610387802124,0.06776503473520279,0.13010747730731964,0.0957920104265213,0.8741641044616699,0.3614455461502075,0.33155256509780884,0.20695418119430542,0.17891526222229004,0.2044217586517334,0.34871232509613037,0.301962286233902,0.29833900928497314,0.24238033592700958,0.29254332184791565,0.21416257321834564,0.3254050016403198,0.24056613445281982,0.23315322399139404,0.32304543256759644,0.27744394540786743,0.11307265609502792,0.24596251547336578,0.18178018927574158,0.16929775476455688,0.1678878515958786,0.3987961411476135,0.1453947126865387,0.07416500896215439,0.044033754616975784,0.3865434527397156,0.2542583644390106,0.1949220597743988,0.071390300989151,0.2806141674518585,0.2143700122833252,0.2937343716621399,0.13465552031993866,0.37423837184906006,0.253843754529953,0.15089674293994904,0.0949016809463501
AA332,0.076923077,0.038461538,0.0,0.0,0.076923077,0.076923077,0.0,0.0,0.0,0.0,0.0,0.0,0.0,0.0,0.0,0.0,0.0,0.0,0.730769231,0.653846154,0.115384615,0.730769231,0.153846154,0.0,0.0,0.0,0.884615385,0.153846154,0.769230769,0.769230769,0.615384615,0.961538462,0.576923077,0.346153846,0.538461538,0.307692308,0.230769231,0.153846154,0.423076923,1.730769231,0.153846154,0.0,0.615384615,0.0,0.038461538,0.384615385,0.0,0.0,0.0,0.0,0.0,0.31084924936294556,0.139286607503891,0.2508173882961273,0.2777138650417328,0.2112089842557907,0.07737603783607483,0.1886872500181198,0.1439944952726364,0.20383895933628082,0.11996027827262878,0.06690950691699982,0.07711459696292877,0.06027096137404442,0.39084893465042114,0.051459625363349915,0.1155719980597496,0.13371580839157104,0.18006651103496552,0.25302648544311523,0.33844926953315735,0.18853053450584412,0.2542053461074829,0.1841454803943634,0.25888416171073914,0.08309432119131088,0.1481485664844513,0.3585890233516693,0.19727922976016998,0.5358962416648865,0.3350057601928711,0.301288902759552,0.5979437232017517,1.0680443048477173,0.3279040455818176,0.4829639196395874,0.44565173983573914,0.1461498737335205,0.14482341706752777,0.049060624092817307,0.44316738843917847,0.25617533922195435,0.1936156153678894,0.1456383615732193,0.2162657082080841,0.19164474308490753,0.2862622141838074,0.13701823353767395,0.2901447117328644,0.2232571840286255,0.12593090534210205,0.09996843338012695
AA649,0.0,0.0,0.0,0.0,0.0,0.115384615,0.307692308,0.269230769,0.153846154,0.0,0.0,0.0,0.0,0.576923077,0.0,0.0,0.115384615,0.076923077,0.846153846,0.384615385,0.730769231,0.115384615,0.576923077,0.346153846,0.0,0.192307692,0.0,0.0,0.153846154,0.0,0.192307692,0.653846154,0.384615385,0.461538462,0.192307692,0.0,0.5,0.0,0.0,0.0,0.0,0.423076923,0.692307692,0.076923077,0.0,0.153846154,0.0,0.0,0.0,0.0,0.0,0.31251299381256104,0.16630323231220245,0.4184933304786682,0.2885749042034149,0.21553270518779755,0.18866395950317383,0.8057838678359985,0.5172684788703918,0.18799448013305664,0.14117400348186493,0.09308019280433655,0.11920301616191864,0.06696071475744247,0.5578955411911011,0.06941307336091995,0.12230279296636581,0.1519967019557953,0.16343837976455688,0.23603235185146332,0.3001907467842102,0.28560197353363037,0.24073117971420288,0.10044484585523605,0.1532590538263321,0.1134631484746933,0.1787852644920349,0.1701667308807373,0.07579180598258972,0.175027534365654,0.24962736666202545,0.09140808880329132,0.13748086988925934,0.20102456212043762,0.27784624695777893,0.12738355994224548,0.2999263405799866,0.1335289180278778,0.06810677796602249,0.04477570950984955,0.2261888086795807,0.18574877083301544,0.19608880579471588,0.21064645051956177,0.28943556547164917,0.19789116084575653,0.2777634859085083,0.1361847072839737,0.3029889464378357,0.22734200954437256,0.1353730857372284,0.09317875653505325
AA725,0.269230769,0.0,0.230769231,0.0,0.153846154,0.115384615,0.192307692,0.076923077,0.461538462,0.0,0.384615385,0.115384615,0.192307692,0.153846154,0.0,0.0,0.0,0.269230769,0.0,0.692307692,0.269230769,0.346153846,0.346153846,0.269230769,0.5,0.807692308,0.115384615,0.807692308,0.461538462,0.230769231,0.230769231,0.076923077,2.115384615,0.0,0.230769231,0.153846154,0.0,0.0,0.0,0.0,0.0,0.0,0.0,0.0,0.038461538,0.153846154,0.0,0.0,0.0,0.0,0.0,0.34363532066345215,0.1667241007089615,0.32737281918525696,0.2924310564994812,0.26827776432037354,0.11679011583328247,0.3581266701221466,0.2859615385532379,0.3550233244895935,0.1856028437614441,0.0787135437130928,0.1869889348745346,0.09303058683872223,0.9565587043762207,0.34723585844039917,0.3375547528266907,0.19678151607513428,0.1376388818025589,0.18515485525131226,0.29387059807777405,0.29437950253486633,0.42857328057289124,0.25684401392936707,0.35164570808410645,0.2265819013118744,0.39313045144081116,0.21805644035339355,0.28538206219673157,0.5847209692001343,0.386120468378067,0.16670435667037964,0.274059921503067,0.432635635137558,0.14417718350887299,0.13383039832115173,0.3666287660598755,0.1443374752998352,0.08065755665302277,0.048471011221408844,0.33107104897499084,0.21318650245666504,0.19239990413188934,0.09665529429912567,0.30019721388816833,0.2468426674604416,0.3090592324733734,0.13293100893497467,0.4429207742214203,0.2541608214378357,0.16959160566329956,0.06162324547767639
AA850,0.269230769,0.153846154,0.769230769,0.0,0.0,0.5,0.769230769,0.269230769,0.115384615,0.5,0.038461538,0.115384615,0.0,0.0,0.0,0.0,0.423076923,0.192307692,0.807692308,0.230769231,0.0,0.346153846,0.153846154,0.153846154,0.0,0.0,0.0,0.0,0.0,0.153846154,0.0,0.192307692,0.153846154,0.346153846,0.230769231,0.115384615,0.192307692,0.346153846,0.0,0.038461538,0.115384615,0.230769231,0.769230769,0.307692308,0.153846154,0.192307692,0.115384615,0.0,0.153846154,0.076923077,0.0,0.5780476331710815,0.2621270418167114,0.6070743203163147,0.6529529094696045,0.320989191532135,0.3699672222137451,0.5722936987876892,0.3009830713272095,0.36738336086273193,0.4131685495376587,0.21238097548484802,0.13260312378406525,0.08162090927362442,0.4014204442501068,0.052989412099123,0.08114601671695709,0.1415940374135971,0.12376265227794647,0.22884750366210938,0.2502613067626953,0.301624596118927,0.1781373918056488,0.06546398252248764,0.12813539803028107,0.0504896380007267,0.13722017407417297,0.14489616453647614,0.06609684973955154,0.10605837404727936,0.2489400953054428,0.161817267537117,0.25766876339912415,0.20303119719028473,0.2076176404953003,0.23773182928562164,0.29400157928466797,0.15614637732505798,0.10005941987037659,0.048304226249456406,0.24870608747005463,0.16460220515727997,0.1940084844827652,0.10052109509706497,0.23555652797222137,0.3541855812072754,0.30693885684013367,0.14467616379261017,0.4357328414916992,0.20993755757808685,0.1745757758617401,0.10434627532958984
AA893,0.461538462,0.0,0.461538462,0.269230769,0.0,0.307692308,0.653846154,0.0,0.769230769,0.192307692,0.5,0.692307692,0.269230769,0.5,0.0,0.0,0.0,0.153846154,0.0,0.038461538,0.192307692,0.0,0.0,0.0,0.0,0.0,0.0,0.0,0.038461538,0.0,0.192307692,0.153846154,1.576923077,0.0,0.0,0.0,0.269230769,0.384615385,0.076923077,0.192307692,0.153846154,0.192307692,0.076923077,0.423076923,0.384615385,0.923076923,0.0,0.192307692,0.115384615,0.0,0.115384615,0.43661734461784363,0.24463370442390442,0.4048900604248047,0.42970573902130127,0.2075505405664444,0.17962324619293213,0.5016516447067261,0.30049604177474976,0.4696846604347229,0.24004022777080536,0.16983148455619812,0.21867741644382477,0.09955310076475143,0.730663537979126,0.12315035611391068,0.15525464713573456,0.16281194984912872,0.06455054134130478,0.16425801813602448,0.2081812024116516,0.23355276882648468,0.32018572092056274,0.09575917571783066,0.19394540786743164,0.047832801938056946,0.15115469694137573,0.1581072211265564,0.1168227344751358,0.18959090113639832,0.33562159538269043,0.23999035358428955,0.45559367537498474,0.46190589666366577,0.11122067272663116,0.09830701351165771,0.3888348639011383,0.13166926801204681,0.13064146041870117,0.04750772938132286,0.3086530268192291,0.1955954134464264,0.2028016895055771,0.06440107524394989,0.20727260410785675,0.4277536869049072,0.3154446482658386,0.1510799080133438,0.4420183002948761,0.25717565417289734,0.20625752210617065,0.0950489491224289
AA962,0.230769231,0.076923077,0.0,0.0,0.0,0.115384615,1.038461538,0.423076923,0.0,0.0,0.0,0.038461538,0.153846154,0.538461538,0.0,0.0,0.0,0.346153846,0.0,0.153846154,0.0,0.192307692,0.0,0.384615385,0.307692308,0.153846154,0.384615385,0.192307692,0.5,0.153846154,0.269230769,0.192307692,1.038461538,0.0,0.0,0.0,0.0,0.0,0.0,0.076923077,0.115384615,0.153846154,0.153846154,0.0,0.115384615,0.076923077,0.269230769,0.0,0.115384615,0.038461538,0.038461538,0.22606369853019714,0.16354264318943024,0.3770822584629059,0.3032476603984833,0.19826467335224152,0.15205422043800354,0.6430357694625854,0.48479920625686646,0.22729352116584778,0.134189635515213,0.10497408360242844,0.11678636074066162,0.06972429156303406,0.5717081427574158,0.06589796394109726,0.09260458499193192,0.13270875811576843,0.11000294983386993,0.18727873265743256,0.2207283079624176,0.18936872482299805,0.1916828155517578,0.04988710582256317,0.1428712010383606,0.05932579189538956,0.16269582509994507,0.15973708033561707,0.06421318650245667,0.14010342955589294,0.2374313920736313,0.13454702496528625,0.11413878202438354,0.9415904879570007,0.15950828790664673,0.11594785749912262,0.3085034191608429,0.11119423806667328,0.06667550653219223,0.04401670768857002,0.20091091096401215,0.15788112580776215,0.19871042668819427,0.1550951600074768,0.2574978470802307,0.1995808184146881,0.29214707016944885,0.14038297533988953,0.27084070444107056,0.2206939309835434,0.13502661883831024,0.06607171893119812
AB413,0.0,0.055555556,0.111111111,0.111111111,0.444444444,0.222222222,0.333333333,0.555555556,0.888888889,0.0,0.666666667,0.611111111,0.166666667,0.444444444,0.0,0.0,0.0,0.277777778,0.166666667,0.5,0.222222222,0.277777778,0.277777778,0.0,0.055555556,0.0,0.0,0.0,0.055555556,0.055555556,0.0,0.166666667,0.055555556,0.333333333,0.0,0.0,0.0,0.222222222,0.0,0.0,0.166666667,0.055555556,0.055555556,0.222222222,0.444444444,0.555555556,0.0,0.5,0.388888889,0.555555556,0.0,0.5019770264625549,0.1572696417570114,0.45996737480163574,0.37745922803878784,0.24763262271881104,0.26018285751342773,0.5950660705566406,0.3134456276893616,0.452117383480072,0.19362342357635498,0.285746693611145,0.1570415049791336,0.08379217982292175,0.6359418034553528,0.17895203828811646,0.13713538646697998,0.14548777043819427,0.09097130596637726,0.17461855709552765,0.23447641730308533,0.2735027074813843,0.2128538340330124,0.10139956325292587,0.1568365842103958,0.04901168867945671,0.1496412456035614,0.14075736701488495,0.09796184301376343,0.157271146774292,0.30438461899757385,0.16652309894561768,0.42023107409477234,0.3355001211166382,0.11498648673295975,0.16889290511608124,0.40506234765052795,0.12628008425235748,0.10795891284942627,0.04511038586497307,0.28098711371421814,0.23227305710315704,0.19560059905052185,0.08369465172290802,0.20243990421295166,0.2656439542770386,0.29387032985687256,0.1389198899269104,0.3321687579154968,0.24589285254478455,0.2085203230381012,0.13568824529647827
AB425,0.0,0.0,0.0,0.0,0.0,0.0,0.055555556,0.055555556,0.111111111,0.0,0.0,0.0,0.0,0.0,0.0,0.0,0.0,0.388888889,0.277777778,2.666666667,2.222222222,0.444444444,1.555555556,0.333333333,0.0,0.0,0.0,0.666666667,0.111111111,0.0,0.444444444,0.166666667,0.222222222,0.222222222,0.166666667,0.277777778,0.0,0.0,0.055555556,0.0,0.0,0.0,0.555555556,0.0,0.0,0.222222222,0.0,0.055555556,0.0,0.0,0.0,0.30110833048820496,0.13962511718273163,0.30092358589172363,0.3309382200241089,0.2746899724006653,0.1482287496328354,0.10690489411354065,0.1824781894683838,0.107012540102005,0.11743000894784927,0.09664244204759598,0.044806525111198425,0.03044671006500721,0.31393423676490784,0.19245702028274536,0.180903360247612,0.13786204159259796,0.22119386494159698,0.2148805856704712,1.3704737424850464,1.600596308708191,0.28083714842796326,0.6921182870864868,0.22530286014080048,0.07276444137096405,0.1747056245803833,0.1298568993806839,0.27295219898223877,0.14569637179374695,0.16021296381950378,0.14786352217197418,0.17385438084602356,0.7106676697731018,0.26262858510017395,0.2345481812953949,0.39946961402893066,0.2045283168554306,0.09275730699300766,0.045233409851789474,0.1799154430627823,0.19499729573726654,0.19331222772598267,0.11196327209472656,0.4454418420791626,0.4519801735877991,0.28932008147239685,0.137359619140625,0.33746594190597534,0.2151651829481125,0.14203673601150513,0.11777804791927338
AB435,0.0,0.0,0.0,0.0,0.0,0.0,0.166666667,0.0,0.0,0.0,0.0,0.0,0.111111111,0.388888889,0.888888889,0.166666667,0.722222222,0.666666667,0.888888889,0.944444444,0.888888889,0.444444444,0.0,0.277777778,0.444444444,0.388888889,0.0,0.0,0.0,0.277777778,0.0,0.166666667,0.5,0.555555556,0.0,0.222222222,0.333333333,0.0,0.0,0.0,0.666666667,0.0,0.444444444,0.222222222,0.055555556,0.166666667,0.0,0.0,0.0,0.0,0.0,0.20500586926937103,0.11018026620149612,0.3104821741580963,0.3337998688220978,0.2667279839515686,0.12064912915229797,0.15114854276180267,0.25896263122558594,0.22994139790534973,0.12797145545482635,0.06288708001375198,0.11660372465848923,0.04610264673829079,1.0179933309555054,0.32511046528816223,0.3039650022983551,0.22873245179653168,0.3036838173866272,0.3416559398174286,0.3791888654232025,0.2609243094921112,0.3931652903556824,0.2018905133008957,0.23973578214645386,0.0938163697719574,0.16883035004138947,0.17007720470428467,0.11624132096767426,0.18014487624168396,0.33597633242607117,0.12112679332494736,0.2918452322483063,0.5539368391036987,0.16233697533607483,0.14187756180763245,0.35172054171562195,0.14385457336902618,0.06591595709323883,0.04750679060816765,0.2615970969200134,0.22347933053970337,0.20249605178833008,0.08262468874454498,0.37347856163978577,0.31015944480895996,0.31509655714035034,0.1379854679107666,0.4802870750427246,0.24972683191299438,0.15580038726329803,0.08394159376621246
AB465,0.0,0.0,0.0,0.0,0.0,0.0,0.0,0.0,0.0,0.0,0.0,0.0,0.0,0.0,0.0,0.0,0.0,0.0,0.0,1.333333333,1.555555556,0.277777778,0.888888889,0.333333333,0.0,0.0,0.333333333,0.722222222,0.444444444,0.166666667,0.222222222,0.0,3.555555556,0.0,0.0,0.0,0.0,0.0,0.0,0.0,0.0,0.0,0.0,0.0,0.0,0.166666667,0.0,0.0,0.0,0.0,0.0,0.2622816562652588,0.13861794769763947,0.2736376225948334,0.33884555101394653,0.23570458590984344,0.11058051884174347,0.1467532366514206,0.19199319183826447,0.09543780982494354,0.12010356038808823,0.052653681486845016,0.04084715247154236,0.03531873971223831,0.48620620369911194,0.16914038360118866,0.2094406634569168,0.1366950273513794,0.16886910796165466,0.2055143564939499,1.2716883420944214,1.2550464868545532,0.23149925470352173,0.5138813257217407,0.2159147560596466,0.057975295931100845,0.11299758404493332,0.16735775768756866,0.3275201618671417,0.17066024243831635,0.18116788566112518,0.14376626908779144,0.23153568804264069,0.5888795852661133,0.2111598551273346,0.15677472949028015,0.3398003876209259,0.1585521697998047,0.11032795161008835,0.04739774391055107,0.20449113845825195,0.18226654827594757,0.19517768919467926,0.08705732971429825,0.48193058371543884,0.47033536434173584,0.28733518719673157,0.13637976348400116,0.3538717031478882,0.20355945825576782,0.1347830891609192,0.10065556317567825
AB486,0.0,0.0,0.222222222,0.0,0.166666667,0.0,0.0,0.055555556,0.222222222,0.0,0.0,0.0,0.0,0.166666667,0.5,0.0,0.111111111,0.222222222,0.833333333,0.222222222,0.666666667,0.0,0.111111111,0.0,0.111111111,0.166666667,0.0,0.111111111,0.0,0.5,0.388888889,0.5,1.833333333,0.222222222,0.0,0.5,0.111111111,0.0,0.0,0.055555556,0.277777778,0.055555556,0.0,0.0,0.5,0.0,0.277777778,0.277777778,0.277777778,0.0,0.0,0.324645459651947,0.12724199891090393,0.3002760112285614,0.4303291141986847,0.2576861083507538,0.12239936739206314,0.18169330060482025,0.27176573872566223,0.3962624669075012,0.12821601331233978,0.05873231589794159,0.14506113529205322,0.05666987970471382,1.0865510702133179,0.3043918013572693,0.285876989364624,0.21554513275623322,0.1878241002559662,0.28918221592903137,0.3348894715309143,0.28785961866378784,0.42785483598709106,0.2344035804271698,0.2213214635848999,0.10157717019319534,0.18559707701206207,0.15314264595508575,0.16306082904338837,0.18407242000102997,0.38474246859550476,0.20834282040596008,0.2159353643655777,0.489637166261673,0.14976561069488525,0.0873831957578659,0.3658508062362671,0.2335125058889389,0.076240174472332,0.04750679060816765,0.25179770588874817,0.21567687392234802,0.2009917050600052,0.11971759051084518,0.3322950303554535,0.31591662764549255,0.30989986658096313,0.13883380591869354,0.4866039752960205,0.25450241565704346,0.17018938064575195,0.08116359263658524
AB935,0.0,0.0,0.222222222,0.0,0.111111111,0.111111111,0.0,0.166666667,0.0,0.0,0.0,0.0,0.055555556,0.333333333,0.0,0.111111111,0.333333333,2.222222222,0.0,0.944444444,0.388888889,1.777777778,0.0,0.0,0.0,0.0,0.0,0.0,0.111111111,0.166666667,0.166666667,0.388888889,2.722222222,0.111111111,0.0,0.166666667,0.111111111,0.0,0.0,0.0,0.222222222,0.277777778,0.0,0.0,0.111111111,0.0,0.0,0.0,0.0,0.0,0.166666667,0.14720307290554047,0.12309913337230682,0.4060787558555603,0.3380340039730072,0.5851035118103027,0.17120781540870667,0.23462820053100586,0.4397498369216919,0.17105732858181,0.12510965764522552,0.10486113280057907,0.08479034155607224,0.059674397110939026,0.9650222659111023,0.1988377422094345,0.32937633991241455,0.3353363871574402,0.7701946496963501,0.36653828620910645,0.3580434024333954,0.2556793689727783,0.49869173765182495,0.12537157535552979,0.19135324656963348,0.07345953583717346,0.12597741186618805,0.16897185146808624,0.04848991706967354,0.15195588767528534,0.21814721822738647,0.09229917079210281,0.16310326755046844,1.3057891130447388,0.15932928025722504,0.13142669200897217,0.3768030107021332,0.1110919788479805,0.06411810964345932,0.050629425793886185,0.21017411351203918,0.23574496805667877,0.20284269750118256,0.08905819058418274,0.4187341332435608,0.48483937978744507,0.2819569706916809,0.13425453007221222,0.25847333669662476,0.25287869572639465,0.18440157175064087,0.08032381534576416
AB988,0.0,0.444444444,0.0,0.0,0.0,0.0,0.0,0.0,0.0,0.0,0.0,0.0,0.0,0.0,0.0,0.0,0.0,0.166666667,0.0,0.722222222,0.166666667,0.444444444,0.0,0.166666667,0.0,0.0,0.0,0.0,0.222222222,0.277777778,0.611111111,0.333333333,3.944444444,0.0,0.0,0.0,0.0,0.0,0.0,0.0,0.0,0.0,0.0,0.0,0.055555556,0.277777778,0.0,0.0,0.0,0.0,0.111111111,0.3821653723716736,0.18043798208236694,0.28426986932754517,0.4633138179779053,0.19352294504642487,0.12804292142391205,0.11706095188856125,0.173773854970932,0.20111706852912903,0.19848525524139404,0.06963124871253967,0.13247257471084595,0.07141021639108658,0.6888391971588135,0.11262204498052597,0.13263562321662903,0.12191526591777802,0.1515878587961197,0.16686223447322845,0.7142528891563416,0.5775837302207947,0.27021902799606323,0.20453119277954102,0.2297525703907013,0.07385706156492233,0.18097428977489471,0.20280690491199493,0.16697947680950165,0.5570905208587646,0.27850526571273804,0.2278781682252884,0.2609792947769165,1.657028317451477,0.2472502589225769,0.33613452315330505,0.24153441190719604,0.2093953639268875,0.09650881588459015,0.0491359606385231,0.27077704668045044,0.20875310897827148,0.1974901705980301,0.10979646444320679,0.5059763193130493,0.4354417622089386,0.29005008935928345,0.1368686407804489,0.24034996330738068,0.21418340504169464,0.13949766755104065,0.11313517391681671
AC761,0.0,0.148148148,0.0,0.037037037,0.0,0.0,0.0,0.0,0.0,0.074074074,0.0,0.0,0.0,0.037037037,0.0,0.0,0.0,0.37037037,0.703703704,1.222222222,0.777777778,0.592592593,0.185185185,0.185185185,0.0,0.0,0.0,0.148148148,0.222222222,0.333333333,0.666666667,0.407407407,1.222222222,0.555555556,1.074074074,0.296296296,0.074074074,0.185185185,0.0,0.333333333,0.0,0.0,0.185185185,0.0,0.074074074,0.0,0.0,0.0,0.0,0.0,0.0,0.5528787970542908,0.3033563196659088,0.34514689445495605,0.31568214297294617,0.27301114797592163,0.1929936558008194,0.1672324389219284,0.20963965356349945,0.28198254108428955,0.20762936770915985,0.15375101566314697,0.11286506801843643,0.0664152204990387,0.45202913880348206,0.060897260904312134,0.18003450334072113,0.1475708782672882,0.14541001617908478,0.2768481373786926,0.47523462772369385,0.31470370292663574,0.22972366213798523,0.19226959347724915,0.23097878694534302,0.07779518514871597,0.16846798360347748,0.22483280301094055,0.1999022215604782,0.41402557492256165,0.278957724571228,0.2225586473941803,0.30524498224258423,1.5373183488845825,0.2726164758205414,0.5298256874084473,0.28886619210243225,0.16131816804409027,0.10476658493280411,0.04750772938132286,0.2793748080730438,0.12724807858467102,0.20198771357536316,0.10251528769731522,0.280215859413147,0.21702148020267487,0.28029289841651917,0.13706834614276886,0.33035752177238464,0.2292872667312622,0.150709331035614,0.10744386911392212
AD120,0.0,0.0,0.0,0.0,0.133333333,0.0,0.0,0.0,0.0,0.0,0.0,0.0,0.0,0.666666667,0.333333333,0.466666667,0.4,1.866666667,1.333333333,1.466666667,0.666666667,0.333333333,0.666666667,0.0,0.066666667,0.2,0.0,0.2,0.0,0.133333333,0.2,0.066666667,0.466666667,0.4,0.266666667,0.533333333,0.133333333,0.266666667,0.0,0.133333333,0.2,0.266666667,0.4,0.0,0.0,0.0,0.0,0.0,0.066666667,0.333333333,0.0,0.3835225999355316,0.167584627866745,0.3884495496749878,0.31732383370399475,0.35401663184165955,0.14371351897716522,0.14689144492149353,0.33156606554985046,0.14053966104984283,0.1173800453543663,0.09298405796289444,0.06813864409923553,0.05396166816353798,0.7557248473167419,0.34796658158302307,0.3681587874889374,0.46369361877441406,0.962228536605835,0.44622504711151123,0.5569188594818115,0.2836443781852722,0.4042266607284546,0.177800253033638,0.24656981229782104,0.06731238961219788,0.16787709295749664,0.15408870577812195,0.037416357547044754,0.12429695576429367,0.24218663573265076,0.11757081747055054,0.21305005252361298,0.9259108304977417,0.26720547676086426,0.2501656413078308,0.39100730419158936,0.15175817906856537,0.06669020652770996,0.04743117466568947,0.2123565971851349,0.26444578170776367,0.20247091352939606,0.12137079983949661,0.45291152596473694,0.4950219988822937,0.2819980978965759,0.13683545589447021,0.38470035791397095,0.2437152862548828,0.20320694148540497,0.12155961990356445
AD222,0.2,0.0,0.2,0.0,0.2,0.0,0.0,0.0,0.066666667,0.0,0.0,0.0,0.0,0.0,0.0,0.0,0.0,0.2,0.933333333,1.666666667,0.466666667,1.466666667,0.6,0.0,0.0,0.0,0.0,0.2,0.0,0.133333333,0.133333333,0.866666667,1.133333333,0.6,0.0,0.266666667,0.0,0.333333333,0.0,0.533333333,0.133333333,0.0,0.4,0.0,0.0,0.0,0.0,0.0,0.0,0.0,0.0,0.20993587374687195,0.11187758296728134,0.33625665307044983,0.3523801565170288,0.1965871900320053,0.09831926226615906,0.2143878936767578,0.19103023409843445,0.32079750299453735,0.1017410159111023,0.06699518859386444,0.09780997782945633,0.040871717035770416,0.6733049154281616,0.1510549783706665,0.1615365594625473,0.13440097868442535,0.2247198224067688,0.1913767009973526,0.27287209033966064,0.19713865220546722,0.28589537739753723,0.15802401304244995,0.16240286827087402,0.0643918588757515,0.07614153623580933,0.1746772825717926,0.09507643431425095,0.15244725346565247,0.3209938108921051,0.3083634078502655,0.36774492263793945,0.44686049222946167,0.2747257649898529,0.10570167005062103,0.43354204297065735,0.15935657918453217,0.09999477863311768,0.04750772938132286,0.3475516736507416,0.22208090126514435,0.19451726973056793,0.11979219317436218,0.2239764928817749,0.25304946303367615,0.28442633152008057,0.13407984375953674,0.359458863735199,0.2247896045446396,0.13296912610530853,0.11362745612859726
AD505,0.0,0.1875,0.5625,0.0,0.25,0.125,0.0,0.0,0.0,0.0,0.0,0.0,0.0,0.0,0.0,0.0,0.0,0.1875,0.0625,0.25,0.0,0.625,0.3125,0.0,0.0,0.125,0.0625,0.0,0.25,0.375,0.0,0.5,3.0,0.1875,0.0,0.25,0.25,0.0,0.0,0.1875,0.25,0.0,0.0,0.25,0.1875,0.4375,0.0,0.5,0.3125,0.0,0.0,0.44673392176628113,0.1760837435722351,0.3836517930030823,0.39603444933891296,0.3120318651199341,0.18737651407718658,0.3972088694572449,0.3256823420524597,0.5368499159812927,0.15850001573562622,0.13427391648292542,0.16348662972450256,0.07113015651702881,0.8106301426887512,0.17282624542713165,0.25340181589126587,0.35122713446617126,0.2648962438106537,0.3246743679046631,0.3746645748615265,0.3081667125225067,0.2512911856174469,0.21412356197834015,0.22059156000614166,0.05212080106139183,0.10821077227592468,0.1632663458585739,0.10512059181928635,0.1396634578704834,0.25314587354660034,0.25708574056625366,0.34171444177627563,0.4172946810722351,0.14982040226459503,0.19820977747440338,0.4634152352809906,0.16808147728443146,0.10792586207389832,0.048638902604579926,0.2775081396102905,0.20445121824741364,0.19978858530521393,0.1317112296819687,0.34264883399009705,0.3833545744419098,0.2932867705821991,0.14100363850593567,0.3542684018611908,0.2514228820800781,0.13581597805023193,0.09712383896112442
AD690,0.533333333,0.2,0.466666667,0.133333333,0.0,0.466666667,0.0,0.0,0.133333333,0.0,0.0,0.0,0.0,0.333333333,0.0,0.0,0.066666667,0.4,0.0,0.733333333,0.4,1.0,0.0,0.4,0.0,0.0,0.0,0.0,0.4,0.666666667,0.866666667,0.666666667,3.733333333,0.0,0.066666667,0.0,0.2,0.0,0.0,0.2,0.0,0.0,0.0,0.2,0.0,0.2,0.0,0.0,0.133333333,0.0,0.0,0.5427444577217102,0.27588292956352234,0.5797340869903564,0.9419381618499756,0.3523663282394409,0.14854994416236877,0.20516714453697205,0.2761256694793701,0.25449487566947937,0.11421786993741989,0.049895238131284714,0.05379848927259445,0.04289110749959946,0.6422628164291382,0.1677514910697937,0.1980503499507904,0.2314291149377823,0.15840061008930206,0.23403389751911163,0.23689420521259308,0.31392455101013184,0.3398977518081665,0.07418744266033173,0.1266079843044281,0.048941146582365036,0.11769337207078934,0.11945600062608719,0.020747048780322075,0.10829045623540878,0.21550729870796204,0.16604533791542053,0.1672513484954834,0.22322727739810944,0.18849603831768036,0.09041720628738403,0.35394373536109924,0.11279776692390442,0.07081842422485352,0.04750331863760948,0.18797540664672852,0.19584794342517853,0.19460587203502655,0.048481978476047516,0.34447813034057617,0.5001933574676514,0.29811128973960876,0.13665100932121277,0.3027792274951935,0.23706285655498505,0.149600088596344,0.08211803436279297
AD781,0.0,0.0,0.142857143,0.0,0.0,0.0,0.357142857,0.642857143,0.142857143,0.0,0.214285714,0.0,0.0,1.357142857,0.285714286,0.0,0.142857143,0.428571429,1.428571429,0.714285714,0.5,0.071428571,0.428571429,0.0,0.142857143,0.0,0.0,0.0,0.0,0.142857143,0.142857143,0.357142857,0.642857143,0.0,0.0,0.0,0.285714286,0.357142857,0.0,0.142857143,0.214285714,0.142857143,0.285714286,0.0,0.0,0.0,0.071428571,0.0,0.0,0.285714286,0.0,0.36225906014442444,0.20180627703666687,0.4144743084907532,0.3102104365825653,0.42417654395103455,0.15096023678779602,0.257989764213562,0.3980752229690552,0.14498193562030792,0.11431803554296494,0.08625910431146622,0.05468110740184784,0.05041530728340149,0.7378590106964111,0.3082147538661957,0.3513021469116211,0.338956743478775,0.8538995385169983,0.3665602207183838,0.48654037714004517,0.2946651577949524,0.4964047968387604,0.19006405770778656,0.21139995753765106,0.08197270333766937,0.17766986787319183,0.15207523107528687,0.022398877888917923,0.1279859095811844,0.224463552236557,0.07215836644172668,0.1858387291431427,0.8510101437568665,0.22446046769618988,0.2105151265859604,0.41511011123657227,0.13879629969596863,0.0656018853187561,0.04743938520550728,0.20104466378688812,0.254187673330307,0.20247091352939606,0.12395603954792023,0.4023546278476715,0.45108991861343384,0.2844895124435425,0.13533943891525269,0.3638857305049896,0.24399994313716888,0.191842719912529,0.11006420105695724
AD835,0.0,0.0,0.142857143,0.0,0.214285714,0.0,0.0,0.0,0.0,0.0,0.0,0.214285714,0.0,0.357142857,0.0,0.0,0.0,0.428571429,1.214285714,0.714285714,0.071428571,0.428571429,0.0,0.0,0.0,0.142857143,0.0,0.0,0.142857143,0.714285714,0.857142857,0.642857143,1.357142857,0.428571429,0.071428571,0.285714286,0.214285714,0.285714286,0.0,0.785714286,0.214285714,0.285714286,0.428571429,0.142857143,0.357142857,0.0,0.071428571,0.357142857,0.214285714,0.0,0.214285714,0.43865329027175903,0.11681938171386719,0.37857764959335327,0.30638065934181213,0.3074290156364441,0.1658509075641632,0.38560187816619873,0.32632145285606384,0.3965584337711334,0.19559673964977264,0.19506804645061493,0.13543520867824554,0.06090966984629631,0.7999430298805237,0.18262647092342377,0.30652251839637756,0.4080599546432495,0.3464158773422241,0.4717749059200287,0.4236498773097992,0.3745709955692291,0.1830253005027771,0.2653914988040924,0.20064711570739746,0.059124432504177094,0.15057888627052307,0.14513716101646423,0.08764879405498505,0.13608862459659576,0.2377985268831253,0.21222169697284698,0.25322356820106506,0.2009924352169037,0.17643719911575317,0.22944724559783936,0.44063031673431396,0.1612805873155594,0.1061137467622757,0.04477570950984955,0.2463323324918747,0.1880282610654831,0.1966862827539444,0.16907939314842224,0.2366548329591751,0.22745604813098907,0.27992701530456543,0.13575997948646545,0.3182772099971771,0.23159341514110565,0.14045622944831848,0.0937250554561615
AD862,0.0,0.0,0.142857143,0.071428571,0.0,0.0,0.0,0.214285714,0.214285714,0.0,0.0,0.0,0.0,0.857142857,0.0,0.214285714,0.428571429,0.857142857,0.214285714,0.285714286,0.285714286,0.571428571,0.0,0.0,0.0,0.0,0.0,0.0,0.071428571,0.428571429,0.285714286,0.0,3.357142857,0.142857143,0.0,0.0,0.0,0.0,0.0,0.428571429,0.214285714,0.0,0.0,0.142857143,0.214285714,0.0,0.0,0.0,0.0,0.0,0.142857143,0.1561238169670105,0.11486084014177322,0.365274578332901,0.32521292567253113,0.577970027923584,0.12310691177845001,0.2658315598964691,0.4230678379535675,0.16754519939422607,0.09087136387825012,0.09625380486249924,0.05696159973740578,0.05641937255859375,0.9557485580444336,0.24875767529010773,0.342364102602005,0.32961881160736084,0.7214367389678955,0.35830801725387573,0.40801340341567993,0.24629557132720947,0.4490514099597931,0.13232527673244476,0.20646469295024872,0.07193286716938019,0.15769094228744507,0.17370647192001343,0.04332634434103966,0.13548539578914642,0.17870816588401794,0.09594516456127167,0.18557578325271606,1.2143630981445312,0.16264815628528595,0.13340555131435394,0.3467910885810852,0.12623800337314606,0.06446755677461624,0.04784620553255081,0.20881865918636322,0.23662303388118744,0.20284269750118256,0.0858323723077774,0.43425336480140686,0.4924410581588745,0.2819569706916809,0.1360790729522705,0.29257529973983765,0.24015793204307556,0.1864021271467209,0.09185314923524857
AD866,0.071428571,0.0,0.428571429,0.0,0.0,0.0,0.0,0.357142857,0.0,0.0,0.0,0.0,0.0,0.357142857,0.285714286,0.214285714,0.285714286,1.5,1.571428571,1.071428571,0.0,0.714285714,0.0,0.0,0.071428571,0.0,0.0,0.0,0.285714286,0.357142857,0.142857143,0.285714286,2.928571429,0.357142857,0.142857143,0.357142857,0.0,0.0,0.0,0.0,0.428571429,0.071428571,0.214285714,0.0,0.071428571,0.0,0.0,0.0,0.214285714,0.357142857,0.285714286,0.2167494148015976,0.10692265629768372,0.3376871347427368,0.32372769713401794,0.5424039363861084,0.13135232031345367,0.1795002669095993,0.38382816314697266,0.19548353552818298,0.09561984986066818,0.10961751639842987,0.05943261459469795,0.056995902210474014,0.9869614839553833,0.27850502729415894,0.3563358783721924,0.36986517906188965,0.7957847714424133,0.36639896035194397,0.45453935861587524,0.2873690128326416,0.417280375957489,0.18853077292442322,0.25156328082084656,0.07030420005321503,0.1483144760131836,0.16464470326900482,0.07759830355644226,0.18697600066661835,0.21474044024944305,0.11241333931684494,0.23342332243919373,1.601264238357544,0.15706788003444672,0.1621648520231247,0.43021249771118164,0.14693063497543335,0.0675734430551529,0.047837994992733,0.21099767088890076,0.21679456532001495,0.19789433479309082,0.1174357682466507,0.44126084446907043,0.5086665749549866,0.28311169147491455,0.1359766721725464,0.28841686248779297,0.24355266988277435,0.20554548501968384,0.09971588104963303
AD994,1.0,0.5625,1.0625,0.0,0.0,0.1875,0.0,0.0,0.0,0.0,0.0,0.0,0.0,0.125,0.0,0.0,0.0,0.6875,0.5,1.375,1.0,0.875,0.0625,0.25,0.0,0.0,0.0,0.0,0.0625,0.75,0.8125,0.1875,1.0625,0.875,0.125,0.0,0.3125,0.0625,0.0,0.125,0.25,0.0,0.4375,0.0,0.0,0.5625,0.0,0.0,0.0625,0.0,0.0,0.8601987957954407,0.3247610330581665,0.5856638550758362,0.3073294758796692,0.3047129511833191,0.2316540777683258,0.3173431158065796,0.33316683769226074,0.19429977238178253,0.11843254417181015,0.09033723175525665,0.06112058833241463,0.04568134993314743,0.37933534383773804,0.14989908039569855,0.20033295452594757,0.1836143136024475,0.1903216391801834,0.20629684627056122,0.3064318299293518,0.37313541769981384,0.21377864480018616,0.12541036307811737,0.1279224008321762,0.060454051941633224,0.11727862805128098,0.13538439571857452,0.04857093468308449,0.13823477923870087,0.17650973796844482,0.20410774648189545,0.21340686082839966,0.12315146625041962,0.2834374010562897,0.09798406809568405,0.3469159007072449,0.1730082631111145,0.07629983127117157,0.04652813822031021,0.3009280562400818,0.2179110050201416,0.1985798180103302,0.156325101852417,0.26174792647361755,0.4007192552089691,0.29214707016944885,0.13871590793132782,0.3678237199783325,0.2264222949743271,0.15394745767116547,0.18453699350357056
AE645,0.178571429,0.0,0.214285714,0.0,0.178571429,0.0,0.0,0.0,0.107142857,0.071428571,0.035714286,0.035714286,0.0,0.142857143,0.071428571,0.071428571,0.071428571,0.0,0.0,0.071428571,0.071428571,0.071428571,0.0,0.107142857,0.0,0.0,0.214285714,0.25,0.5,0.214285714,0.5,0.142857143,0.0,0.142857143,0.107142857,0.214285714,0.5,0.0,0.535714286,0.892857143,0.214285714,0.357142857,0.178571429,0.25,0.25,0.964285714,0.642857143,3.071428571,0.142857143,0.142857143,0.25,0.3306869864463806,0.11071225255727768,0.4588872194290161,0.3102954030036926,0.3384856581687927,0.2014056295156479,0.37611767649650574,0.2711620032787323,0.46196144819259644,0.3054187595844269,0.137867733836174,0.20381015539169312,0.053399328142404556,0.900547206401825,0.2983282506465912,0.21766120195388794,0.2507912218570709,0.19013957679271698,0.08323771506547928,0.12781471014022827,0.16991005837917328,0.04272551089525223,0.18271444737911224,0.06369056552648544,0.05853763595223427,0.25098296999931335,0.13671045005321503,0.16575884819030762,0.16146712005138397,0.2959178388118744,0.26393112540245056,0.10545998066663742,0.05707195773720741,0.19506898522377014,0.05458298325538635,0.6274224519729614,0.21378299593925476,0.0635753646492958,0.04849968105554581,0.15957827866077423,0.2684065103530884,0.2046469748020172,0.17977075278759003,0.48265591263771057,0.5099329948425293,0.30932649970054626,0.15808863937854767,1.0035767555236816,0.22028489410877228,0.16834332048892975,0.17741383612155914
AE929,0.185185185,0.0,0.222222222,0.444444444,0.259259259,0.111111111,0.0,0.111111111,0.518518519,0.0,0.111111111,0.333333333,0.148148148,0.481481481,0.148148148,0.222222222,0.148148148,0.074074074,0.0,0.0,0.0,0.0,0.111111111,0.0,0.074074074,0.111111111,0.222222222,0.222222222,0.407407407,0.148148148,0.37037037,0.148148148,0.0,0.111111111,0.0,0.777777778,0.37037037,0.0,0.592592593,0.444444444,0.0,0.0,0.111111111,1.222222222,0.814814815,0.518518519,0.333333333,0.962962963,0.481481481,0.074074074,0.222222222,0.36848184466362,0.13208888471126556,0.5564658045768738,0.41845253109931946,0.4044201076030731,0.2528096139431,0.4268398582935333,0.2986481487751007,0.5343679189682007,0.12259072810411453,0.1417049914598465,0.2639714777469635,0.07483435422182083,0.8189093470573425,0.2973543107509613,0.28062713146209717,0.21145318448543549,0.09967624396085739,0.0546405129134655,0.040427982807159424,0.1468844711780548,0.02535982057452202,0.10271625965833664,0.08632442355155945,0.18244409561157227,0.458120197057724,0.11900252103805542,0.08173432946205139,0.14001893997192383,0.22331006824970245,0.34694230556488037,0.08890695869922638,0.15069906413555145,0.1814589947462082,0.07936418801546097,0.7325148582458496,0.14155663549900055,0.06496542692184448,0.04676948860287666,0.13979868590831757,0.3871525526046753,0.1958664208650589,0.13854362070560455,0.8221427798271179,0.7907997965812683,0.2920910716056824,0.14414730668067932,0.32678043842315674,0.24189989268779755,0.1552283763885498,0.2166699916124344
AG316,0.266666667,0.0,0.333333333,0.2,0.1,0.133333333,0.266666667,0.0,0.066666667,0.066666667,0.0,0.0,0.0,0.333333333,0.0,0.1,0.0,0.0,0.0,0.333333333,0.0,0.3,0.066666667,0.033333333,0.0,0.0,0.0,0.0,0.033333333,0.166666667,0.266666667,0.8,2.6,0.033333333,0.233333333,0.633333333,0.166666667,0.0,0.066666667,0.133333333,0.133333333,0.0,0.133333333,1.166666667,0.566666667,0.2,0.0,0.266666667,0.0,0.066666667,0.066666667,0.3188994228839874,0.13158082962036133,0.42906421422958374,0.6086777448654175,0.2668966054916382,0.1445384919643402,0.23884519934654236,0.23468860983848572,0.3087235391139984,0.15815551578998566,0.04847229644656181,0.12237868458032608,0.04901590943336487,0.8897483348846436,0.15236380696296692,0.24675650894641876,0.21364787220954895,0.11169590055942535,0.15485891699790955,0.14886698126792908,0.11708535254001617,0.17322823405265808,0.09450335800647736,0.1010315865278244,0.057770151644945145,0.09209684282541275,0.15911856293678284,0.05341855064034462,0.37845686078071594,0.26467254757881165,0.1336025595664978,0.1979231834411621,0.26018133759498596,0.1030593141913414,0.05343283340334892,0.32636499404907227,0.2129160761833191,0.08835291862487793,0.04752669483423233,0.24637290835380554,0.21013489365577698,0.20222589373588562,0.07401526719331741,0.46016237139701843,0.719812273979187,0.3165771961212158,0.13651759922504425,0.5141698122024536,0.23501159250736237,0.1488879770040512,0.0964103564620018
AG386,0.166666667,0.0,0.4,0.166666667,0.0,0.066666667,0.1,0.033333333,0.233333333,0.0,0.0,0.0,0.0,0.366666667,0.266666667,0.233333333,0.066666667,0.9,0.833333333,1.066666667,0.733333333,0.333333333,0.166666667,0.0,0.0,0.0,0.0,0.0,0.0,0.0,0.333333333,0.8,1.233333333,0.366666667,0.333333333,0.4,0.366666667,0.3,0.066666667,0.166666667,0.966666667,0.0,0.466666667,0.866666667,0.433333333,0.266666667,0.1,0.333333333,0.166666667,0.0,0.0,0.19825507700443268,0.11005616933107376,0.4860742390155792,0.44724416732788086,0.2884383499622345,0.15827175974845886,0.1656493842601776,0.2287171483039856,0.21062467992305756,0.09602106362581253,0.037201181054115295,0.07599670439958572,0.0363381952047348,0.7967591881752014,0.16572627425193787,0.24992623925209045,0.1725943237543106,0.1722254604101181,0.20094045996665955,0.2469249814748764,0.2441311627626419,0.14605921506881714,0.08511649817228317,0.07065966725349426,0.09650562703609467,0.10992487519979477,0.13879750669002533,0.06308045238256454,0.11089552193880081,0.16585268080234528,0.1109219565987587,0.1322949081659317,0.1432921439409256,0.1657535433769226,0.045897796750068665,0.319304496049881,0.14125624299049377,0.06531957536935806,0.04725471884012222,0.20585840940475464,0.2051338106393814,0.19330155849456787,0.08045289665460587,0.48516929149627686,0.6222266554832458,0.3053485155105591,0.13455554842948914,0.42575281858444214,0.22728894650936127,0.17727944254875183,0.08825800567865372
AG570,0.133333333,0.033333333,0.2,0.033333333,0.1,0.0,0.266666667,0.0,0.233333333,0.0,0.0,0.2,0.1,0.5,0.1,0.233333333,0.066666667,0.7,0.866666667,1.0,0.666666667,0.833333333,0.8,0.366666667,0.0,0.0,0.0,0.0,0.0,0.5,0.266666667,0.9,0.666666667,0.3,0.166666667,0.033333333,0.333333333,0.033333333,0.1,0.4,0.433333333,0.066666667,0.7,0.0,0.0,0.3,0.0,0.0,0.0,0.0,0.0,0.22196808457374573,0.14121675491333008,0.3820168972015381,0.34764328598976135,0.3315316140651703,0.13853323459625244,0.4145505428314209,0.35812297463417053,0.21093930304050446,0.305313378572464,0.06562548130750656,0.08022490888834,0.04183564707636833,0.7320170998573303,0.36478784680366516,0.3283637464046478,0.387258917093277,0.2617477476596832,0.3516688048839569,0.4394450783729553,0.31635916233062744,0.16674008965492249,0.2098797708749771,0.18176965415477753,0.05706189572811127,0.15973691642284393,0.13547807931900024,0.07572334259748459,0.1474536657333374,0.21332356333732605,0.16662277281284332,0.38260582089424133,0.5370716452598572,0.1798900067806244,0.21100038290023804,0.5049998164176941,0.14645139873027802,0.10653065145015717,0.04477570950984955,0.4040811061859131,0.22401641309261322,0.2004614770412445,0.12324023246765137,0.40559712052345276,0.3361421823501587,0.27851545810699463,0.13425453007221222,0.3331106901168823,0.2499515563249588,0.14327800273895264,0.10801418125629425
AI884,0.321428571,0.0,0.428571429,0.678571429,0.357142857,0.178571429,1.0,0.535714286,1.321428571,0.25,0.357142857,0.0,0.0,1.071428571,0.071428571,0.142857143,0.142857143,0.107142857,0.0,0.035714286,0.142857143,0.0,0.107142857,0.0,0.0,0.035714286,0.071428571,0.035714286,0.0,0.285714286,0.285714286,0.0,0.0,0.071428571,0.607142857,0.214285714,0.071428571,0.0,0.0,0.142857143,0.0,0.142857143,0.107142857,0.178571429,0.214285714,0.071428571,0.0,0.535714286,0.321428571,0.0,0.035714286,0.4610571563243866,0.20877569913864136,0.43177905678749084,0.3022254705429077,0.4449688792228699,0.23987546563148499,0.37913236021995544,0.3188728988170624,0.4244999289512634,0.22629250586032867,0.12351769953966141,0.13009107112884521,0.03805146738886833,0.8933717012405396,0.3292246460914612,0.28611159324645996,0.2461097240447998,0.17094846069812775,0.16666482388973236,0.9238482713699341,1.5288254022598267,0.04931381717324257,0.7115861177444458,0.08346621692180634,0.036019012331962585,0.11520733684301376,0.11254807561635971,0.044760577380657196,0.07822895050048828,0.17835058271884918,0.2152511328458786,0.048147592693567276,0.025379223749041557,0.1898282766342163,0.12657994031906128,0.6611527800559998,0.21623435616493225,0.06692326813936234,0.04484798386693001,0.16695627570152283,0.19872243702411652,0.19804908335208893,0.0677654817700386,0.17847655713558197,0.3091682493686676,0.27988675236701965,0.13993524014949799,0.3187519311904907,0.235178604722023,0.15390749275684357,0.10989588499069214
AJ018,0.5,0.0,0.466666667,0.0,0.4,0.066666667,0.433333333,0.1,0.1,0.0,0.0,0.0,0.0,0.5,0.133333333,0.033333333,0.166666667,0.066666667,0.2,0.0,0.0,0.0,0.0,0.3,0.0,1.1,0.0,0.1,0.2,0.433333333,0.0,0.033333333,0.1,0.4,0.2,1.266666667,0.033333333,0.066666667,0.0,0.133333333,0.533333333,0.233333333,0.0,0.1,0.033333333,0.133333333,0.0,0.033333333,0.333333333,0.0,0.233333333,0.5983337759971619,0.13785313069820404,0.3769412040710449,0.30877864360809326,0.36489632725715637,0.17002733051776886,0.3516124188899994,0.2548419237136841,0.5502955913543701,0.24313698709011078,0.13150756061077118,0.1633661538362503,0.060275595635175705,0.7614079117774963,0.1826806515455246,0.2275800108909607,0.20730550587177277,0.11111005395650864,0.07885995507240295,0.23509840667247772,0.28485384583473206,0.048924557864665985,0.2787504494190216,0.10307029634714127,0.05930117145180702,0.5216526389122009,0.11514592170715332,0.046273574233055115,0.22227925062179565,0.2693135738372803,0.13670137524604797,0.07915004342794418,0.03048049844801426,0.3698035180568695,0.05901233106851578,1.0696059465408325,0.2163199782371521,0.06836505979299545,0.04404613748192787,0.19070875644683838,0.33303532004356384,0.1970236897468567,0.24372899532318115,0.3213425278663635,0.2723471522331238,0.3013514280319214,0.15314152836799622,0.5782129168510437,0.2720876932144165,0.19943170249462128,0.1583891212940216
AJ108,0.310344828,0.0,0.344827586,0.0,0.103448276,0.0,0.517241379,0.310344828,2.24137931,0.103448276,0.551724138,1.103448276,0.206896552,1.517241379,0.310344828,0.379310345,0.482758621,0.0,0.103448276,0.0,0.068965517,0.0,0.068965517,0.0,0.0,0.103448276,0.0,0.0,0.0,0.275862069,0.482758621,0.0,0.0,0.068965517,0.0,0.275862069,0.034482759,0.0,0.0,0.068965517,0.172413793,0.103448276,0.0,0.275862069,0.310344828,0.068965517,0.068965517,0.344827586,0.103448276,0.034482759,0.103448276,0.6479716300964355,0.24193048477172852,0.49137452244758606,0.2626095414161682,0.34105542302131653,0.11936137080192566,0.25946110486984253,0.21898005902767181,0.8935472369194031,0.1316305696964264,0.2344553917646408,0.22862760722637177,0.06603194773197174,0.9276553392410278,0.14159627258777618,0.19573087990283966,0.23949767649173737,0.17016275227069855,0.21547263860702515,0.4240914285182953,0.495083212852478,0.13362644612789154,0.2730383276939392,0.10418923944234848,0.050692688673734665,0.10590989887714386,0.12015791982412338,0.06042422726750374,0.13005726039409637,0.2696962356567383,0.3179430067539215,0.0580127090215683,0.09045019745826721,0.23120026290416718,0.06062730774283409,0.38149768114089966,0.1144963875412941,0.06108788028359413,0.04404613748192787,0.15327006578445435,0.13764207065105438,0.19490155577659607,0.0351354219019413,0.20373201370239258,0.18275830149650574,0.28849178552627563,0.14172232151031494,0.29744312167167664,0.21314699947834015,0.125982403755188,0.10145457088947296
AJ244,0.172413793,0.0,0.344827586,0.275862069,0.413793103,0.034482759,0.827586207,0.24137931,1.310344828,0.068965517,0.517241379,0.517241379,0.103448276,1.965517241,0.482758621,0.24137931,1.103448276,0.137931034,0.0,0.172413793,0.172413793,0.0,0.310344828,0.137931034,0.137931034,0.172413793,0.0,0.0,0.0,0.172413793,0.24137931,0.0,0.0,0.068965517,0.0,0.517241379,0.0,0.0,0.0,0.137931034,0.310344828,0.137931034,0.034482759,0.551724138,0.103448276,0.034482759,0.0,0.0,0.103448276,0.103448276,0.0,0.6499603390693665,0.3194963037967682,0.6353169679641724,0.40987974405288696,0.3413674831390381,0.20968331396579742,0.4006761908531189,0.262771338224411,0.9970614314079285,0.2191011756658554,0.17092344164848328,0.332173228263855,0.06420231610536575,1.0667084455490112,0.2126513123512268,0.23151211440563202,0.4795732796192169,0.10615777224302292,0.2069549709558487,0.16499286890029907,0.23611555993556976,0.24129393696784973,0.13381022214889526,0.14074206352233887,0.05163000524044037,0.17012707889080048,0.1334473192691803,0.029333872720599174,0.10587006062269211,0.34741178154945374,0.38018345832824707,0.20953921973705292,0.17274121940135956,0.1661425679922104,0.07008640468120575,0.40688356757164,0.13651512563228607,0.0631662979722023,0.04404613748192787,0.19295792281627655,0.22496043145656586,0.19734211266040802,0.04898759722709656,0.4251958429813385,0.32601556181907654,0.2860335409641266,0.13846950232982635,0.31923380494117737,0.24092181026935577,0.16263991594314575,0.107233926653862
AJ261,0.166666667,0.0,0.7,0.466666667,0.033333333,0.133333333,0.466666667,0.133333333,1.033333333,0.1,0.233333333,0.366666667,0.1,1.266666667,0.133333333,0.2,0.4,0.066666667,0.0,0.266666667,0.366666667,0.1,0.5,0.266666667,0.1,0.2,0.0,0.0,0.433333333,0.233333333,0.3,0.1,0.0,0.0,0.0,0.566666667,0.0,0.033333333,0.0,0.0,0.0,0.133333333,0.0,0.733333333,0.466666667,0.266666667,0.0,0.233333333,0.466666667,0.0,0.133333333,0.3084426820278168,0.12193562090396881,0.4794943332672119,0.29081493616104126,0.33477920293807983,0.1460592895746231,0.527858316898346,0.2833556830883026,1.1386637687683105,0.23480039834976196,0.194081649184227,0.4005235731601715,0.07625612616539001,1.3328698873519897,0.34578844904899597,0.2766563296318054,0.30809783935546875,0.08736546337604523,0.054264817386865616,0.11328558623790741,0.17865368723869324,0.07401710003614426,0.20221787691116333,0.033466726541519165,0.04657981917262077,0.1773381531238556,0.11626706272363663,0.024270784109830856,0.11497841775417328,0.263647198677063,0.3692272901535034,0.03862319514155388,0.04058980569243431,0.13636690378189087,0.0467391163110733,0.41704365611076355,0.17407843470573425,0.06296789646148682,0.04463198781013489,0.186410591006279,0.16998893022537231,0.19358797371387482,0.0848391130566597,0.39835941791534424,0.22807851433753967,0.287178635597229,0.1362931728363037,0.3546571433544159,0.21953335404396057,0.1481013000011444,0.11891702562570572
AJ413,0.24137931,0.0,0.137931034,0.068965517,0.137931034,0.0,0.137931034,0.172413793,0.862068966,0.172413793,0.448275862,0.448275862,0.24137931,1.586206897,0.482758621,0.24137931,0.310344828,0.655172414,1.103448276,1.068965517,0.448275862,0.24137931,0.206896552,0.068965517,0.103448276,0.0,0.0,0.068965517,0.0,0.206896552,0.137931034,0.068965517,0.034482759,0.0,0.0,0.310344828,0.137931034,0.103448276,0.0,0.034482759,0.586206897,0.24137931,0.137931034,0.206896552,0.172413793,0.448275862,0.0,0.103448276,0.068965517,0.068965517,0.068965517,0.3904235363006592,0.10671702772378922,0.37458449602127075,0.26187944412231445,0.3055895268917084,0.11897865682840347,0.28905338048934937,0.19053532183170319,0.703879714012146,0.15566585958003998,0.14150699973106384,0.06375396996736526,0.038704026490449905,0.912203311920166,0.31125253438949585,0.3018772304058075,0.24558000266551971,0.22359789907932281,0.3500079810619354,0.3850110173225403,0.35279956459999084,0.2509024739265442,0.17799480259418488,0.08978137373924255,0.03960645943880081,0.16940204799175262,0.12216847389936447,0.03267452493309975,0.13712292909622192,0.2696266770362854,0.26090532541275024,0.34680137038230896,0.1504674255847931,0.15093564987182617,0.10244188457727432,0.5698312520980835,0.12280918657779694,0.07123346626758575,0.043974801898002625,0.21245169639587402,0.2567414939403534,0.19413131475448608,0.11450519412755966,0.20406317710876465,0.2133186310529709,0.283375084400177,0.13451100885868073,0.24750128388404846,0.23195978999137878,0.17563292384147644,0.08620192110538483
AJ544,0.827586207,0.689655172,0.482758621,0.0,0.172413793,0.103448276,0.344827586,0.0,0.413793103,0.896551724,0.24137931,0.0,0.0,0.965517241,0.310344828,0.206896552,0.103448276,0.068965517,0.0,0.137931034,0.137931034,0.0,0.137931034,0.206896552,0.0,0.275862069,0.0,0.0,0.0,0.413793103,0.034482759,0.0,0.0,0.413793103,0.0,0.689655172,0.034482759,0.137931034,0.103448276,0.0,0.103448276,0.068965517,0.0,0.068965517,0.172413793,0.068965517,0.172413793,0.068965517,0.137931034,0.551724138,0.103448276,0.3093246519565582,0.10786507278680801,0.34731781482696533,0.252638578414917,0.2819085717201233,0.12196286767721176,0.3747621476650238,0.24689863622188568,1.0493295192718506,0.26922523975372314,0.26511383056640625,0.15105439722537994,0.07080643624067307,1.4443271160125732,0.3804089426994324,0.2969072759151459,0.231314554810524,0.06217547878623009,0.053850702941417694,0.13453130424022675,0.25968849658966064,0.021151123568415642,0.2203177809715271,0.07417529076337814,0.04931699484586716,0.2036307007074356,0.12756571173667908,0.053107090294361115,0.21373692154884338,0.2981145679950714,0.2230464220046997,0.03050815500319004,0.020071156322956085,0.16058349609375,0.02142791636288166,0.6469647884368896,0.18811066448688507,0.05994974076747894,0.04434214159846306,0.1437447965145111,0.1488993763923645,0.19576053321361542,0.09827984124422073,0.23046261072158813,0.1903149038553238,0.28728973865509033,0.13608098030090332,0.2601254880428314,0.22033658623695374,0.1362207531929016,0.14288148283958435
AJ639,0.666666667,0.433333333,0.166666667,0.0,0.0,0.033333333,0.9,0.233333333,2.633333333,0.533333333,1.766666667,0.566666667,0.433333333,2.0,0.133333333,0.233333333,0.1,0.066666667,0.0,0.0,0.0,0.0,0.1,0.0,0.0,0.166666667,0.0,0.0,0.0,0.1,0.066666667,0.0,0.0,0.0,0.0,0.0,0.0,0.0,0.0,0.0,0.066666667,0.0,0.0,0.0,0.133333333,0.2,0.066666667,0.0,0.1,0.4,0.166666667,0.6179924011230469,0.4660201370716095,0.5679910778999329,0.30894893407821655,0.3403642475605011,0.16200490295886993,0.4025876224040985,0.2554459273815155,1.1156307458877563,0.1875515878200531,0.2245926856994629,0.44400492310523987,0.08949931710958481,1.2611281871795654,0.1270737498998642,0.22715167701244354,0.2814704179763794,0.07792387902736664,0.04626157879829407,0.2035519927740097,0.3117837905883789,0.13380704820156097,0.17795895040035248,0.11667037010192871,0.056023117154836655,0.16390766203403473,0.12668000161647797,0.03697454184293747,0.14334744215011597,0.30449479818344116,0.4226427376270294,0.18407560884952545,0.14960157871246338,0.19782964885234833,0.11080589145421982,0.30654633045196533,0.13509513437747955,0.061645474284887314,0.04404613748192787,0.18167994916439056,0.12867698073387146,0.19530637562274933,0.03945009410381317,0.2088140994310379,0.24222080409526825,0.28626030683517456,0.1406463235616684,0.2966589331626892,0.21720853447914124,0.1616520881652832,0.11917459964752197
AJ862,0.066666667,0.0,0.133333333,0.1,0.033333333,0.0,0.3,0.1,0.5,0.1,0.3,0.066666667,0.1,0.633333333,0.233333333,0.2,0.2,0.033333333,0.0,0.2,0.066666667,0.0,0.0,0.133333333,0.033333333,0.0,0.0,0.333333333,0.066666667,0.333333333,0.1,0.033333333,0.1,0.066666667,0.133333333,0.8,0.8,0.733333333,0.0,0.333333333,0.366666667,0.133333333,0.3,1.3,0.433333333,0.366666667,0.033333333,0.0,0.666666667,0.1,0.1,0.44606393575668335,0.13891521096229553,0.3924824297428131,0.35866138339042664,0.2963753640651703,0.14996583759784698,0.31929105520248413,0.20481595396995544,0.4809039533138275,0.13987812399864197,0.15358991920948029,0.12948991358280182,0.10107782483100891,0.7602684497833252,0.1935470849275589,0.28715360164642334,0.15892097353935242,0.04439545422792435,0.0538172721862793,0.15411663055419922,0.1863957643508911,0.02918589673936367,0.23753899335861206,0.07353450357913971,0.19598643481731415,0.20253805816173553,0.13498753309249878,0.15659590065479279,0.14621779322624207,0.16999323666095734,0.11728110164403915,0.06178954243659973,0.07688218355178833,0.16593505442142487,0.03729420527815819,0.49398791790008545,0.2471931278705597,0.06823721528053284,0.04463198781013489,0.15639911592006683,0.1698191612958908,0.19616466760635376,0.1899685114622116,0.587967574596405,0.364475280046463,0.3337791860103607,0.14975598454475403,0.4810788333415985,0.2468431293964386,0.16896283626556396,0.13582496345043182
AJ968,0.3,0.1,0.466666667,0.066666667,0.2,0.066666667,1.0,0.166666667,1.2,0.5,0.366666667,0.533333333,0.133333333,1.133333333,0.133333333,0.133333333,0.0,0.0,0.0,0.0,0.066666667,0.0,0.1,0.0,0.066666667,0.233333333,0.0,0.0,0.133333333,0.3,0.2,0.166666667,0.0,0.033333333,0.0,0.3,0.566666667,0.8,0.266666667,0.733333333,0.0,0.133333333,0.0,0.366666667,0.233333333,0.0,0.0,0.0,0.133333333,0.4,0.1,0.30013394355773926,0.12398412078619003,0.45347410440444946,0.5243581533432007,0.3001440167427063,0.1771632730960846,0.43053123354911804,0.25539129972457886,0.5930426716804504,0.14194299280643463,0.10827570408582687,0.3251073956489563,0.05475984141230583,0.88747239112854,0.229742631316185,0.2781645357608795,0.3093359172344208,0.09859862923622131,0.05387457460165024,0.12429563701152802,0.07741379737854004,0.09106693416833878,0.12655913829803467,0.048063166439533234,0.03668747842311859,0.11407287418842316,0.11605167388916016,0.007124506402760744,0.07273726165294647,0.16327382624149323,0.16796773672103882,0.04724283143877983,0.030852623283863068,0.13959763944149017,0.04349800944328308,0.45388081669807434,0.2617647647857666,0.08272848278284073,0.04404613748192787,0.1940186768770218,0.18959443271160126,0.20053692162036896,0.08821330219507217,0.7577547430992126,0.5993127226829529,0.30602508783340454,0.15273907780647278,0.816804826259613,0.24939559400081635,0.19259625673294067,0.18318001925945282
AJ977,0.379310345,0.0,0.448275862,0.068965517,0.689655172,0.172413793,0.517241379,0.413793103,1.068965517,0.0,0.137931034,0.103448276,0.0,1.310344828,0.551724138,0.24137931,0.413793103,0.75862069,0.689655172,0.137931034,0.137931034,0.275862069,0.275862069,0.103448276,0.0,0.206896552,0.0,0.068965517,0.0,0.413793103,0.24137931,0.0,0.0,0.137931034,0.0,0.793103448,0.103448276,0.0,0.0,0.0,0.275862069,0.344827586,0.103448276,0.586206897,0.137931034,0.206896552,0.068965517,0.206896552,0.24137931,0.344827586,0.0,0.37446990609169006,0.11350424587726593,0.43704140186309814,0.27362060546875,0.3015461564064026,0.21464458107948303,0.3058899939060211,0.24114441871643066,0.6441159248352051,0.1514558494091034,0.08855627477169037,0.09691135585308075,0.039102114737033844,1.4411816596984863,0.30579593777656555,0.3037329614162445,0.2691843509674072,0.13240264356136322,0.05211003124713898,0.14311018586158752,0.1757778823375702,0.02555299922823906,0.08689427375793457,0.033725298941135406,0.03663547709584236,0.1267348825931549,0.11195053905248642,-0.003848978551104665,0.08456021547317505,0.23772047460079193,0.17659065127372742,0.018709570169448853,0.05254679173231125,0.14825180172920227,0.00889770407229662,0.3245020806789398,0.1520778089761734,0.06091257184743881,0.04434214159846306,0.16480699181556702,0.16938798129558563,0.19390176236629486,0.0379243865609169,0.2622188329696655,0.24434462189674377,0.29081034660339355,0.142496258020401,0.39767611026763916,0.23624204099178314,0.15085369348526,0.18214155733585358
AJ990,0.2,0.0,0.166666667,0.0,0.433333333,0.0,0.4,0.166666667,0.933333333,0.1,0.266666667,0.566666667,0.133333333,1.033333333,0.233333333,0.166666667,0.166666667,0.2,0.666666667,0.833333333,0.8,0.366666667,0.666666667,0.166666667,0.0,0.166666667,0.0,0.066666667,0.1,0.266666667,0.133333333,0.666666667,0.566666667,0.1,0.0,0.333333333,0.233333333,0.0,0.0,0.0,0.566666667,0.2,0.166666667,0.466666667,0.133333333,0.166666667,0.133333333,0.3,0.0,0.1,0.066666667,0.5167650580406189,0.13508857786655426,0.3807517886161804,0.25140097737312317,0.25989753007888794,0.15452702343463898,0.23490063846111298,0.1876700222492218,0.4797641634941101,0.11541412770748138,0.0720662996172905,0.053335532546043396,0.03364882245659828,0.658005952835083,0.28713783621788025,0.2289125621318817,0.19006966054439545,0.15654657781124115,0.31487607955932617,0.3416510224342346,0.35019102692604065,0.20596882700920105,0.31315118074417114,0.1244763508439064,0.04013141617178917,0.18569569289684296,0.13222567737102509,0.05536370724439621,0.12589862942695618,0.24669316411018372,0.17249810695648193,0.17756387591362,0.11988059431314468,0.14694814383983612,0.12414492666721344,0.41890114545822144,0.12177476286888123,0.06455379724502563,0.043974801898002625,0.21138547360897064,0.19391867518424988,0.19413131475448608,0.0861884355545044,0.17699475586414337,0.19737432897090912,0.2812657952308655,0.13451100885868073,0.24936681985855103,0.23033840954303741,0.16764359176158905,0.0714542344212532
AL047,0.433333333,0.1,0.933333333,0.1,1.133333333,0.133333333,0.233333333,0.133333333,0.2,0.1,0.066666667,0.0,0.0,0.5,0.333333333,0.133333333,0.3,0.133333333,0.066666667,0.766666667,1.5,0.0,0.8,0.1,0.0,0.366666667,0.066666667,0.1,0.0,0.2,0.066666667,0.066666667,0.0,0.3,0.233333333,1.266666667,0.0,0.0,0.0,0.0,0.433333333,0.0,0.033333333,0.1,0.033333333,0.166666667,0.0,0.033333333,0.0,0.0,0.266666667,0.5745612978935242,0.4160356819629669,0.47420430183410645,0.2639099955558777,0.2859320640563965,0.15282903611660004,0.3316963315010071,0.1921314299106598,0.5294410586357117,0.3161611258983612,0.11641675978899002,0.15634804964065552,0.08386334031820297,0.5515066981315613,0.10902747511863708,0.1019730344414711,0.13331279158592224,0.035518210381269455,0.11002230644226074,0.28942784667015076,0.3963097929954529,0.14027510583400726,0.46326157450675964,0.15655383467674255,0.04098258167505264,0.21628260612487793,0.11984988301992416,0.06787929683923721,0.15531443059444427,0.25219324231147766,0.1604895144701004,0.14068210124969482,0.1665213406085968,0.19516701996326447,0.11234257370233536,0.5922321677207947,0.23931047320365906,0.0723615363240242,0.051009200513362885,0.26347753405570984,0.13357044756412506,0.19751755893230438,0.11000874638557434,0.15587358176708221,0.22083355486392975,0.27807140350341797,0.1476573348045349,0.22249872982501984,0.2143528014421463,0.18431715667247772,0.1256415843963623
AL112,1.166666667,0.166666667,0.7,0.0,0.533333333,0.133333333,0.2,0.266666667,0.733333333,0.0,0.0,0.166666667,0.0,0.666666667,0.133333333,0.233333333,0.1,0.0,0.066666667,0.466666667,0.566666667,0.433333333,0.533333333,0.5,0.0,0.166666667,0.1,0.0,0.0,0.6,0.066666667,0.3,0.033333333,0.566666667,0.2,0.8,0.2,0.0,0.0,0.5,0.266666667,0.3,0.066666667,0.0,0.0,0.433333333,0.0,0.2,0.166666667,0.166666667,0.066666667,0.7605705857276917,0.38383927941322327,0.45309603214263916,0.26729127764701843,0.3380025029182434,0.14937196671962738,0.31104975938796997,0.22144432365894318,0.7420834302902222,0.33819809556007385,0.11587919294834137,0.11716042459011078,0.043960705399513245,0.9213800430297852,0.20099636912345886,0.14787326753139496,0.26424580812454224,0.20643720030784607,0.21517738699913025,0.5328236222267151,0.6147925853729248,0.07620469480752945,0.775753915309906,0.1933494359254837,0.0428646020591259,0.16833198070526123,0.1153189167380333,0.12379030883312225,0.1248953714966774,0.24162153899669647,0.17884807288646698,0.03718831390142441,0.06486696749925613,0.24330246448516846,0.10160253196954727,0.4072538912296295,0.11224314570426941,0.06002111732959747,0.04434214159846306,0.14849823713302612,0.11351114511489868,0.1986432671546936,0.035587966442108154,0.21712397038936615,0.1973782181739807,0.2860029339790344,0.1378394216299057,0.2924044728279114,0.22464503347873688,0.1433718353509903,0.10145076364278793
AL120,0.633333333,0.0,0.666666667,2.066666667,0.633333333,0.433333333,0.433333333,0.166666667,0.366666667,0.0,0.0,0.133333333,0.0,1.7,0.233333333,0.733333333,0.533333333,0.133333333,0.0,0.5,0.966666667,0.0,0.366666667,0.0,0.0,0.066666667,0.0,0.166666667,0.0,0.033333333,0.366666667,0.0,0.0,0.1,0.0,0.3,0.133333333,0.0,0.0,0.0,0.1,0.0,0.0,0.133333333,0.3,0.2,0.0,0.0,0.2,0.0,0.166666667,0.5007563233375549,0.15491114556789398,0.4848088026046753,0.26428931951522827,0.39361947774887085,0.22764240205287933,0.4496910572052002,0.25563398003578186,0.6572805047035217,0.16290569305419922,0.16968894004821777,0.08816655725240707,0.05231332406401634,1.2396944761276245,0.2693774700164795,0.25255244970321655,0.2112862914800644,0.09215911477804184,0.11814278364181519,0.1913602203130722,0.30471670627593994,0.07281533628702164,0.10625211894512177,0.06665181368589401,0.041055385023355484,0.23865361511707306,0.110738106071949,0.013577312231063843,0.11794014275074005,0.24911054968833923,0.2054794877767563,0.045730505138635635,0.05671162158250809,0.18161937594413757,0.0499630942940712,0.7709830403327942,0.14082622528076172,0.061007481068372726,0.044132083654403687,0.1765952706336975,0.21531642973423004,0.19344237446784973,0.09066904336214066,0.17839619517326355,0.18495239317417145,0.2828967571258545,0.1433338224887848,0.2630886435508728,0.27372825145721436,0.17815731465816498,0.1519526243209839
AL177,0.466666667,0.0,0.3,0.033333333,0.866666667,0.2,0.066666667,0.0,0.266666667,0.066666667,0.0,0.0,0.0,0.233333333,0.233333333,0.066666667,0.1,0.133333333,0.166666667,1.2,1.3,0.0,0.833333333,0.0,0.0,0.333333333,0.0,0.2,0.0,0.266666667,0.0,0.0,0.0,0.366666667,0.1,1.166666667,0.2,0.0,0.0,0.0,0.8,0.133333333,0.0,0.2,0.066666667,0.333333333,0.0,0.233333333,0.266666667,0.466666667,0.3,0.604694664478302,0.13154712319374084,0.4093393087387085,0.3108806610107422,0.3704953193664551,0.17497733235359192,0.3123117685317993,0.19584225118160248,0.3212534189224243,0.14354543387889862,0.0863519012928009,0.06904944032430649,0.02451651729643345,0.5031523108482361,0.17616143822669983,0.15838834643363953,0.16622650623321533,0.11767729371786118,0.14521002769470215,0.9023491144180298,1.4753782749176025,0.03573520481586456,0.7461366653442383,0.06946730613708496,0.03894014284014702,0.14396820962429047,0.11290689557790756,0.062178511172533035,0.07770711183547974,0.18204745650291443,0.09377013891935349,0.023906078189611435,0.02243107184767723,0.48971372842788696,0.11659786850214005,0.7228217124938965,0.21548575162887573,0.06666450947523117,0.04404613748192787,0.1406463235616684,0.19865235686302185,0.19492781162261963,0.0597950778901577,0.17257335782051086,0.196230947971344,0.28569620847702026,0.14618343114852905,0.2956552505493164,0.24158263206481934,0.15419605374336243,0.15236954391002655
AL200,0.566666667,0.133333333,0.566666667,0.233333333,0.766666667,0.333333333,0.3,0.0,0.166666667,0.133333333,0.0,0.0,0.0,0.566666667,0.266666667,0.066666667,0.266666667,0.1,0.166666667,0.066666667,0.0,0.1,0.2,0.1,0.0,0.133333333,0.0,0.0,0.0,0.333333333,0.333333333,0.266666667,0.2,0.333333333,0.333333333,1.633333333,0.333333333,0.033333333,0.0,0.233333333,0.233333333,0.3,0.133333333,0.066666667,0.066666667,0.166666667,0.0,0.0,0.433333333,0.2,0.733333333,0.5167786478996277,0.1112932488322258,0.46080729365348816,0.29910892248153687,0.3159198462963104,0.19089974462985992,0.40190720558166504,0.240141823887825,0.542266309261322,0.30366334319114685,0.18688160181045532,0.10310287773609161,0.05277349054813385,0.7323310375213623,0.1913512796163559,0.2348741888999939,0.17370161414146423,0.06015697494149208,0.1215941533446312,0.16597189009189606,0.14738883078098297,0.11691606044769287,0.1354161649942398,0.12826699018478394,0.043592169880867004,0.2592564523220062,0.11277283728122711,0.022813552990555763,0.12423189729452133,0.3066091239452362,0.14073285460472107,0.10470186918973923,0.09888004511594772,0.3021620213985443,0.10759902745485306,0.9796459078788757,0.24982060492038727,0.07433366775512695,0.04434214159846306,0.2627217769622803,0.26805761456489563,0.19855156540870667,0.21954934298992157,0.17961470782756805,0.1796618103981018,0.27896061539649963,0.14110904932022095,0.25807255506515503,0.257201611995697,0.21828128397464752,0.18633607029914856
AL231,0.5,0.0,0.6,2.233333333,0.466666667,0.033333333,0.3,0.566666667,0.633333333,0.066666667,0.0,0.0,0.0,1.933333333,0.833333333,0.833333333,0.2,0.0,0.0,0.066666667,0.166666667,0.066666667,0.233333333,0.133333333,0.233333333,0.1,0.033333333,0.1,0.1,0.033333333,0.133333333,0.0,0.0,0.166666667,0.0,0.433333333,0.0,0.0,0.066666667,0.133333333,0.0,0.0,0.0,0.0,0.533333333,0.1,0.0,0.133333333,0.0,0.166666667,0.0,0.507059633731842,0.11370126903057098,0.46646109223365784,0.27952322363853455,0.3952641189098358,0.22610536217689514,0.40603530406951904,0.22143322229385376,0.5226947069168091,0.17279422283172607,0.13506662845611572,0.0815029889345169,0.04714589565992355,1.1775420904159546,0.2742742896080017,0.26289960741996765,0.2082066535949707,0.09240228682756424,0.092176154255867,0.18183176219463348,0.22442960739135742,0.0568966381251812,0.12497936189174652,0.07153365761041641,0.03655184432864189,0.2506822347640991,0.11010069400072098,0.010244706645607948,0.12106706202030182,0.18783459067344666,0.14488054811954498,0.041070517152547836,0.04096119850873947,0.18328724801540375,0.03226406127214432,0.7793278694152832,0.17364805936813354,0.05985865741968155,0.044132083654403687,0.13744434714317322,0.20648252964019775,0.19691190123558044,0.050752148032188416,0.18297654390335083,0.21759934723377228,0.2828967571258545,0.14161226153373718,0.2535703182220459,0.26716867089271545,0.17207764089107513,0.14152127504348755
AL268,0.666666667,0.0,0.566666667,0.0,0.666666667,0.233333333,0.266666667,0.233333333,0.233333333,0.0,0.0,0.1,0.0,0.433333333,0.133333333,0.2,0.333333333,0.0,0.1,1.066666667,2.066666667,0.1,0.933333333,0.0,0.0,0.4,0.0,0.0,0.033333333,0.2,0.066666667,0.0,0.133333333,0.333333333,0.166666667,1.166666667,0.066666667,0.0,0.0,0.033333333,0.233333333,0.166666667,0.166666667,0.0,0.066666667,0.333333333,0.166666667,0.2,0.3,0.3,0.133333333,0.4685475826263428,0.18156616389751434,0.4364915192127228,0.25719696283340454,0.364664763212204,0.13686169683933258,0.17056813836097717,0.2049349695444107,0.31090280413627625,0.11583075672388077,0.07397070527076721,0.05580896511673927,0.041617996990680695,0.6285141706466675,0.17251209914684296,0.1462099552154541,0.15893705189228058,0.17884443700313568,0.14317865669727325,1.1454349756240845,1.204120397567749,0.11040304601192474,0.8948583602905273,0.18401895463466644,0.04420491307973862,0.0845501720905304,0.1349988877773285,0.1995515078306198,0.15137934684753418,0.22087277472019196,0.12970146536827087,0.09795698523521423,0.08781163394451141,0.30896496772766113,0.1686887890100479,0.3642846345901489,0.1290467232465744,0.06374438107013702,0.04404613748192787,0.15261565148830414,0.15207208693027496,0.19392549991607666,0.110456183552742,0.20307640731334686,0.2122981697320938,0.282194048166275,0.14112575352191925,0.26849526166915894,0.2129502147436142,0.12842626869678497,0.09962160885334015
AL310,0.566666667,0.0,0.766666667,0.133333333,0.9,0.533333333,0.2,0.0,0.5,0.033333333,0.0,0.0,0.0,0.533333333,0.333333333,0.133333333,0.133333333,0.066666667,0.0,0.266666667,0.7,0.0,0.333333333,0.1,0.0,0.0,0.066666667,0.0,0.133333333,0.3,0.2,0.0,0.0,0.433333333,0.1,1.433333333,0.2,0.433333333,0.0,0.2,0.333333333,0.066666667,0.0,0.066666667,0.033333333,0.1,0.266666667,0.5,0.3,0.633333333,0.3,0.4158044457435608,0.10646926611661911,0.36643335223197937,0.2432335764169693,0.2371005117893219,0.1456429660320282,0.3036820888519287,0.21922588348388672,0.4302542507648468,0.212701216340065,0.05596499517560005,0.07347802817821503,0.02829265221953392,1.0303319692611694,0.3619339168071747,0.27779480814933777,0.20278333127498627,0.10026702284812927,0.09680183976888657,0.25210970640182495,0.2534838914871216,0.051045291125774384,0.21523289382457733,0.07712452113628387,0.042213160544633865,0.17454034090042114,0.11626806110143661,0.033739518374204636,0.12299992889165878,0.31777989864349365,0.23143118619918823,0.04773768410086632,0.04266476631164551,0.1528439074754715,0.031195281073451042,0.6598542332649231,0.14874576032161713,0.06341554969549179,0.04434214159846306,0.14490368962287903,0.1831495612859726,0.19367192685604095,0.1138964593410492,0.225075826048851,0.19434605538845062,0.30777058005332947,0.14202402532100677,0.28373923897743225,0.22905388474464417,0.1526121199131012,0.1691344529390335
AL360,1.433333333,0.0,1.633333333,0.233333333,0.566666667,0.166666667,0.3,0.0,1.1,0.166666667,0.433333333,0.2,0.0,0.866666667,0.133333333,0.2,0.066666667,0.166666667,0.066666667,0.066666667,0.3,0.066666667,0.0,0.033333333,0.0,0.1,0.0,0.0,0.066666667,0.4,0.166666667,0.0,0.1,0.133333333,0.0,0.466666667,0.0,0.233333333,0.0,0.0,0.2,0.0,0.0,0.066666667,0.2,0.066666667,0.133333333,0.033333333,0.066666667,0.133333333,0.2,0.5207051038742065,0.160256490111351,0.4750150144100189,0.2942027449607849,0.3690022826194763,0.20979852974414825,0.3949911296367645,0.24200981855392456,0.6222555041313171,0.18768368661403656,0.13213583827018738,0.1811056137084961,0.06125631555914879,0.7826675772666931,0.1709461361169815,0.22584553062915802,0.18007779121398926,0.08722807466983795,0.060475919395685196,0.20388567447662354,0.3424702286720276,0.15911641716957092,0.13342881202697754,0.0655764788389206,0.03580671548843384,0.23179471492767334,0.1112937405705452,0.01428342703729868,0.08042012155056,0.29200610518455505,0.18837720155715942,0.10221855342388153,0.09542448818683624,0.18899670243263245,0.0602198950946331,0.6829137802124023,0.2585121989250183,0.09568596631288528,0.044778965413570404,0.22812536358833313,0.18294589221477509,0.1971396952867508,0.1011679545044899,0.19484739005565643,0.1954493671655655,0.28180667757987976,0.14402218163013458,0.38754090666770935,0.22610804438591003,0.21083472669124603,0.20644062757492065
AL378,0.4,0.0,0.766666667,0.8,0.333333333,0.0,0.4,0.3,1.6,0.266666667,0.9,0.4,0.0,1.566666667,0.266666667,0.5,0.3,0.0,0.0,0.066666667,0.1,0.0,0.166666667,0.1,0.233333333,0.6,0.233333333,0.333333333,0.4,0.6,0.433333333,0.0,0.0,0.133333333,0.0,0.6,0.0,0.0,0.0,0.0,0.1,0.0,0.133333333,0.066666667,0.633333333,0.566666667,0.333333333,0.266666667,0.1,0.0,0.0,0.5016527771949768,0.12311313301324844,0.5308303236961365,0.33646032214164734,0.39664024114608765,0.24530327320098877,0.4119313955307007,0.29899871349334717,0.9089422821998596,0.15094931423664093,0.30809256434440613,0.22683504223823547,0.06297151744365692,1.46134614944458,0.26410427689552307,0.31811174750328064,0.22679325938224792,0.1118982806801796,0.05469943955540657,0.14390695095062256,0.21089443564414978,0.03524743393063545,0.1688271313905716,0.050648096948862076,0.0401449091732502,0.2363732010126114,0.11154075711965561,0.021796831861138344,0.12190915644168854,0.2618939280509949,0.22613565623760223,0.021477239206433296,0.06326374411582947,0.16807542741298676,0.036073535680770874,0.7365405559539795,0.1782228797674179,0.05970274657011032,0.04404613748192787,0.15015223622322083,0.1653491109609604,0.19593091309070587,0.08366189897060394,0.20823435485363007,0.23206041753292084,0.285902738571167,0.13935376703739166,0.3427419364452362,0.23305131494998932,0.18462985754013062,0.16902460157871246
AL389,0.833333333,0.233333333,0.733333333,0.166666667,0.7,0.166666667,0.3,0.1,0.166666667,0.066666667,0.166666667,0.0,0.0,0.566666667,0.166666667,0.0,0.266666667,0.0,0.166666667,0.866666667,1.266666667,0.133333333,0.9,0.133333333,0.0,0.266666667,0.166666667,0.0,0.2,0.3,0.333333333,0.066666667,0.133333333,0.3,0.066666667,1.2,0.0,0.0,0.0,0.0,0.366666667,0.2,0.166666667,0.0,0.1,0.0,0.166666667,0.033333333,0.466666667,0.333333333,0.2,0.5567594170570374,0.13944989442825317,0.4533059597015381,0.2796199321746826,0.34668654203414917,0.17009657621383667,0.31592074036598206,0.2177494764328003,0.4545881450176239,0.14522159099578857,0.08136578649282455,0.06476683169603348,0.02845781482756138,0.5695382356643677,0.11321930587291718,0.1173618733882904,0.1645624041557312,0.15545891225337982,0.070354163646698,0.6087263822555542,1.0062968730926514,0.08769617229700089,0.5414422750473022,0.10737212747335434,0.034836944192647934,0.08591578900814056,0.1110723614692688,0.05874376371502876,0.08706116676330566,0.20417898893356323,0.14792253077030182,0.031685397028923035,0.03056696243584156,0.27552348375320435,0.14434733986854553,0.7108105421066284,0.17142285406589508,0.07290685176849365,0.04404613748192787,0.15885835886001587,0.19816844165325165,0.19392549991607666,0.17841961979866028,0.19718337059020996,0.19417637586593628,0.2871592342853546,0.1369718611240387,0.26155003905296326,0.2365303486585617,0.1416892409324646,0.12408865243196487
AL397,0.8,0.133333333,0.9,0.0,1.1,0.3,0.4,0.4,0.066666667,0.166666667,0.0,0.0,0.0,0.133333333,0.2,0.033333333,0.3,0.233333333,0.166666667,0.566666667,1.366666667,0.0,0.733333333,0.0,0.0,0.2,0.0,0.1,0.1,0.4,0.3,0.133333333,0.166666667,0.5,0.133333333,1.533333333,0.133333333,0.0,0.0,0.0,0.4,0.033333333,0.0,0.0,0.0,0.1,0.133333333,0.233333333,0.566666667,0.066666667,0.4,0.4768088757991791,0.10859272629022598,0.34667158126831055,0.25999367237091064,0.3521187901496887,0.13517750799655914,0.20731118321418762,0.22139275074005127,0.10612836480140686,0.10094495862722397,0.024057745933532715,0.02999287284910679,0.019598936662077904,0.29733291268348694,0.0840059444308281,0.10331417620182037,0.14839884638786316,0.20206765830516815,0.16770783066749573,0.5157508254051208,1.0177760124206543,0.07505127042531967,0.9667748808860779,0.11285723000764847,0.043992601335048676,0.061509620398283005,0.12441924959421158,0.06788680702447891,0.11041147261857986,0.19414842128753662,0.10863453149795532,0.11150576919317245,0.04771360754966736,0.46717044711112976,0.2351168692111969,0.6579978466033936,0.252834677696228,0.07465552538633347,0.0441330224275589,0.1997186839580536,0.22236262261867523,0.19963891804218292,0.10341347008943558,0.1617807149887085,0.1652860939502716,0.282710462808609,0.1506100445985794,0.24997317790985107,0.22522322833538055,0.15114620327949524,0.10689646005630493
AL409,0.233333333,0.066666667,0.466666667,0.0,0.6,0.0,0.566666667,0.1,0.9,0.3,0.133333333,0.166666667,0.0,1.266666667,0.3,0.433333333,0.233333333,0.0,0.0,0.266666667,0.5,0.066666667,0.266666667,0.3,0.0,0.233333333,0.266666667,0.5,0.233333333,0.233333333,0.166666667,0.033333333,0.0,0.133333333,0.0,0.866666667,0.9,0.566666667,0.166666667,0.0,0.033333333,0.0,0.366666667,0.366666667,0.1,0.833333333,0.233333333,0.333333333,0.133333333,0.1,0.133333333,0.619817316532135,0.11859956383705139,0.36890265345573425,0.2579105794429779,0.3695986568927765,0.11710231006145477,0.36210915446281433,0.16745354235172272,0.4808763265609741,0.16259409487247467,0.1913222372531891,0.07108796387910843,0.04399693012237549,0.588063657283783,0.15432295203208923,0.13591733574867249,0.16160498559474945,0.07522601634263992,0.09262672811746597,0.5138317346572876,0.6745567917823792,0.10780580341815948,0.38288015127182007,0.1077570840716362,0.039730995893478394,0.1774759590625763,0.1288527548313141,0.09058039635419846,0.2000465989112854,0.24859240651130676,0.17530158162117004,0.1968059539794922,0.09131592512130737,0.20784062147140503,0.157268688082695,0.881716787815094,0.19619426131248474,0.08965636044740677,0.044132083654403687,0.32180389761924744,0.16117462515830994,0.19392549991607666,0.19314132630825043,0.1615818440914154,0.17661736905574799,0.2826356291770935,0.1442408710718155,0.22115425765514374,0.22805167734622955,0.17694775760173798,0.09374541789293289
AL454,0.366666667,0.0,0.533333333,0.133333333,0.533333333,0.2,0.733333333,0.366666667,0.866666667,0.433333333,0.0,0.0,0.0,1.166666667,0.366666667,0.433333333,0.133333333,0.0,0.0,0.166666667,0.333333333,0.0,0.466666667,0.433333333,0.266666667,0.433333333,0.0,0.133333333,0.233333333,0.433333333,0.233333333,0.0,0.0,0.2,0.066666667,0.933333333,0.8,0.5,0.066666667,0.1,0.2,0.266666667,0.033333333,0.1,0.166666667,1.0,0.266666667,0.333333333,0.033333333,0.0,0.133333333,0.5330190658569336,0.12329713255167007,0.43526026606559753,0.26762017607688904,0.3496015667915344,0.19561059772968292,0.5695139765739441,0.2089046984910965,0.6912432312965393,0.21805138885974884,0.2070988416671753,0.15066543221473694,0.07093942910432816,0.8100561499595642,0.24802012741565704,0.2457546889781952,0.1906547099351883,0.0738157406449318,0.06297522038221359,0.3038720190525055,0.35970014333724976,0.06229795515537262,0.22946511209011078,0.10020952671766281,0.041634391993284225,0.32490918040275574,0.11294173449277878,0.060380369424819946,0.12552466988563538,0.246224507689476,0.15142007172107697,0.04826884716749191,0.052882079035043716,0.23887762427330017,0.07446090131998062,0.9932320713996887,0.23947319388389587,0.06421182304620743,0.04404613748192787,0.15720511972904205,0.1753646433353424,0.19393616914749146,0.20507708191871643,0.17570215463638306,0.18231557309627533,0.2830595076084137,0.145621195435524,0.2729935646057129,0.24323557317256927,0.19899645447731018,0.1690700203180313
AL538,0.433333333,0.0,0.3,0.066666667,0.333333333,0.0,0.8,0.266666667,0.366666667,0.1,0.0,0.066666667,0.0,1.066666667,0.333333333,0.233333333,0.233333333,0.1,0.066666667,0.166666667,0.133333333,0.1,0.0,0.0,0.0,0.4,0.3,0.133333333,0.9,1.233333333,0.833333333,0.0,0.166666667,0.2,0.066666667,1.133333333,0.466666667,0.0,0.066666667,0.2,0.0,0.0,0.533333333,0.1,0.0,0.733333333,0.0,0.0,0.0,0.0,0.0,0.3855665624141693,0.1308554857969284,0.4171477258205414,0.28010037541389465,0.3557739853858948,0.10709739476442337,0.46501460671424866,0.2382558286190033,1.2505930662155151,0.18508435785770416,0.389980673789978,0.363884299993515,0.0777750015258789,1.2678025960922241,0.25887346267700195,0.2677512466907501,0.19116508960723877,0.0651574656367302,0.03616032749414444,0.09720268845558167,0.16884247958660126,0.02237544022500515,0.18469086289405823,0.057205889374017715,0.0451408289372921,0.3678585886955261,0.12006023526191711,0.03843836113810539,0.2600316107273102,0.3389175236225128,0.33147236704826355,0.03264586254954338,-0.008542843163013458,0.13151207566261292,0.04629339650273323,0.7310340404510498,0.15817004442214966,0.06079292297363281,0.04484204575419426,0.15054838359355927,0.15297500789165497,0.19831201434135437,0.18528009951114655,0.19296708703041077,0.19712060689926147,0.2887457609176636,0.13700968027114868,0.26250606775283813,0.20589415729045868,0.156472310423851,0.1002679318189621
AL581,1.633333333,0.166666667,0.7,0.233333333,0.8,0.2,0.333333333,0.233333333,0.2,0.1,0.033333333,0.0,0.0,0.466666667,0.0,0.233333333,0.4,0.066666667,0.066666667,0.633333333,2.0,0.0,0.933333333,0.0,0.0,0.4,0.0,0.066666667,0.133333333,0.266666667,0.2,0.066666667,0.033333333,0.266666667,0.1,0.7,0.033333333,0.0,0.0,0.033333333,0.233333333,0.033333333,0.0,0.166666667,0.0,0.2,0.0,0.133333333,0.233333333,0.0,0.266666667,0.6534889936447144,0.17407360672950745,0.4899050295352936,0.2711068391799927,0.3391338884830475,0.16890117526054382,0.35622650384902954,0.1957566738128662,0.5254791378974915,0.3578260540962219,0.13117846846580505,0.11152058094739914,0.05215546488761902,0.5524902939796448,0.14658915996551514,0.1371590942144394,0.1564335823059082,0.07190747559070587,0.08922291547060013,0.36178892850875854,0.5488506555557251,0.1346701681613922,0.447683721780777,0.14953939616680145,0.04624219611287117,0.24795076251029968,0.1175597682595253,0.06672171503305435,0.18113818764686584,0.2473890632390976,0.19489482045173645,0.1585063934326172,0.09513919055461884,0.23880667984485626,0.09249180555343628,0.9178727269172668,0.25491616129875183,0.08956770598888397,0.051009200513362885,0.34212031960487366,0.18219934403896332,0.19461823999881744,0.13382354378700256,0.19776861369609833,0.20242273807525635,0.28539296984672546,0.14991849660873413,0.2262386679649353,0.23057618737220764,0.19432750344276428,0.14393818378448486
AL613,0.9,0.166666667,1.1,0.266666667,0.6,0.266666667,0.366666667,0.1,0.133333333,0.0,0.0,0.0,0.0,0.4,0.166666667,0.033333333,0.266666667,0.033333333,0.133333333,0.2,0.933333333,0.0,0.666666667,0.0,0.0,0.833333333,0.133333333,0.0,0.6,0.733333333,0.5,0.033333333,0.0,0.133333333,0.133333333,1.6,0.033333333,0.1,0.0,0.033333333,0.366666667,0.066666667,0.366666667,0.133333333,0.066666667,0.266666667,0.4,0.166666667,0.1,0.0,0.266666667,0.6269660592079163,0.12005466967821121,0.434296578168869,0.3183880150318146,0.30176842212677,0.16993610560894012,0.25563788414001465,0.1629820168018341,0.3367016613483429,0.14198781549930573,0.09204279631376266,0.03932127356529236,0.05467596277594566,0.3189278542995453,0.10278604179620743,0.0926741436123848,0.12911772727966309,0.06747611612081528,0.1368512213230133,0.34170541167259216,0.42428091168403625,0.21959424018859863,0.15107089281082153,0.08280409872531891,0.03642270341515541,0.17526976764202118,0.1311367303133011,0.05903913080692291,0.13109247386455536,0.2286851704120636,0.2708662450313568,0.22158795595169067,0.1917756050825119,0.2546112835407257,0.14400093257427216,0.6267583966255188,0.22756850719451904,0.10079170018434525,0.04702107608318329,0.2525012195110321,0.22506481409072876,0.19378243386745453,0.13738320767879486,0.1565108597278595,0.16744060814380646,0.27590876817703247,0.14025941491127014,0.21367555856704712,0.21919816732406616,0.20017607510089874,0.15480336546897888
AL679,0.233333333,0.066666667,0.433333333,0.1,0.366666667,0.333333333,0.366666667,0.066666667,0.333333333,0.933333333,0.0,0.1,0.0,0.666666667,0.0,0.2,0.033333333,0.0,0.133333333,0.0,0.133333333,0.0,0.033333333,0.0,0.0,0.166666667,0.0,0.0,0.0,0.4,0.133333333,0.1,0.333333333,0.033333333,0.1,0.766666667,1.166666667,1.166666667,0.2,0.6,0.2,0.0,0.566666667,0.233333333,0.1,0.666666667,0.4,0.133333333,0.1,0.233333333,0.1,0.4688839018344879,0.1391599327325821,0.4033661186695099,0.26821574568748474,0.2476087361574173,0.1551661491394043,0.3755332827568054,0.17022360861301422,0.5258508920669556,0.1457839012145996,0.14366364479064941,0.0803312361240387,0.04622102156281471,0.5402055382728577,0.15318487584590912,0.1653725504875183,0.1808139830827713,0.04479426145553589,0.07583997398614883,0.15019449591636658,0.1313764452934265,0.11981315165758133,0.13773946464061737,0.1025511845946312,0.036635540425777435,0.2633681297302246,0.11112230271100998,0.038467295467853546,0.16160163283348083,0.30769219994544983,0.16008950769901276,0.15002691745758057,0.07578276842832565,0.19237062335014343,0.10979574918746948,0.9015724658966064,0.23277948796749115,0.09901132434606552,0.04484204575419426,0.3051304817199707,0.2197360396385193,0.19492781162261963,0.25427231192588806,0.17419984936714172,0.20497718453407288,0.2842480540275574,0.13867878913879395,0.2297966331243515,0.2461170256137848,0.2181435376405716,0.14864328503608704
AL694,0.266666667,0.133333333,0.533333333,0.266666667,0.3,0.433333333,1.066666667,0.066666667,1.566666667,0.8,0.933333333,0.533333333,0.166666667,1.6,0.133333333,0.5,0.233333333,0.133333333,0.0,0.033333333,0.033333333,0.0,0.233333333,0.066666667,0.0,0.4,0.0,0.0,0.233333333,0.1,0.366666667,0.0,0.0,0.266666667,0.0,0.5,0.333333333,0.0,0.0,0.0,0.066666667,0.133333333,0.0,0.0,0.0,0.233333333,0.133333333,0.266666667,0.266666667,0.133333333,0.0,0.43993979692459106,0.13733500242233276,0.49538296461105347,0.2701624035835266,0.34240150451660156,0.21292425692081451,0.563213050365448,0.2404150664806366,0.9363126158714294,0.27332931756973267,0.34356048703193665,0.1833360493183136,0.05466857925057411,1.0444008111953735,0.22668297588825226,0.2108154147863388,0.22084647417068481,0.09092395007610321,0.045065078884363174,0.1907072365283966,0.34151947498321533,0.0481523834168911,0.2926805913448334,0.07583202421665192,0.04267214983701706,0.21688492596149445,0.11320687085390091,0.028238710016012192,0.10946216434240341,0.24286477267742157,0.1920318305492401,0.01574014313519001,-0.0024579912424087524,0.13787326216697693,0.04693618789315224,0.6041057705879211,0.21574153006076813,0.06485358625650406,0.04434214159846306,0.14389324188232422,0.1307910531759262,0.1969950944185257,0.06110440567135811,0.19838230311870575,0.1905144453048706,0.28394243121147156,0.14800071716308594,0.26413124799728394,0.22984524071216583,0.17966102063655853,0.1188909113407135
AL822,1.566666667,0.033333333,0.8,0.0,0.433333333,0.433333333,1.133333333,0.166666667,0.633333333,0.933333333,0.0,0.0,0.0,0.866666667,0.066666667,0.2,0.0,0.033333333,0.0,0.366666667,0.333333333,0.0,0.066666667,0.0,0.066666667,0.0,0.0,0.0,0.0,0.233333333,0.066666667,0.0,0.1,0.166666667,0.0,0.633333333,0.3,0.033333333,0.0,0.0,0.0,0.066666667,0.0,0.066666667,0.166666667,0.166666667,0.366666667,0.0,0.1,0.366666667,0.133333333,0.700678288936615,0.31335651874542236,0.4706268012523651,0.2621200382709503,0.36343914270401,0.2506512403488159,0.47895923256874084,0.21006321907043457,0.6005597710609436,0.35499265789985657,0.141189843416214,0.17117808759212494,0.05694618076086044,0.9389534592628479,0.19656941294670105,0.1966511309146881,0.18874743580818176,0.04389968141913414,0.0937824696302414,0.13879407942295074,0.2269316166639328,0.04947112500667572,0.14862430095672607,0.08265063911676407,0.0399077907204628,0.26531046628952026,0.11281891912221909,0.008478780277073383,0.09953972697257996,0.23184774816036224,0.1850237399339676,0.08604136854410172,0.09319491684436798,0.1724870204925537,0.043640442192554474,0.6772049069404602,0.17477230727672577,0.06651081144809723,0.04463198781013489,0.17379030585289001,0.17268213629722595,0.1963190883398056,0.07673553377389908,0.1675385981798172,0.25227653980255127,0.2779703736305237,0.13633286952972412,0.23059724271297455,0.22024333477020264,0.19340837001800537,0.140689879655838
AL933,0.4,0.0,0.566666667,0.133333333,0.233333333,0.133333333,0.933333333,0.1,1.1,1.233333333,0.066666667,0.3,0.0,1.0,0.266666667,0.233333333,0.0,0.0,0.0,0.066666667,0.166666667,0.0,0.2,0.133333333,0.0,0.333333333,0.066666667,0.0,0.2,0.566666667,0.433333333,0.0,0.0,0.333333333,0.166666667,0.733333333,0.533333333,0.0,0.2,0.133333333,0.066666667,0.2,0.133333333,0.266666667,0.133333333,0.3,0.233333333,0.266666667,0.3,0.266666667,0.066666667,0.5858412384986877,0.25805094838142395,0.5926037430763245,0.2951948046684265,0.3467032015323639,0.18407702445983887,0.4202579855918884,0.25206607580184937,0.9592168927192688,0.2647225856781006,0.21907880902290344,0.14801084995269775,0.043417561799287796,1.3651812076568604,0.1757415384054184,0.21497665345668793,0.1932838261127472,0.06073736771941185,0.022913295775651932,0.08947723358869553,0.23242242634296417,0.012498989701271057,0.13038554787635803,0.040488891303539276,0.03591302037239075,0.24738503992557526,0.11156430095434189,0.010538721457123756,0.104331836104393,0.27556902170181274,0.24467428028583527,0.01601211354136467,0.04371524974703789,0.1882639080286026,0.019971303641796112,0.6391248106956482,0.11580803245306015,0.06039373576641083,0.04404613748192787,0.1368771344423294,0.12815184891223907,0.19336985051631927,0.08442303538322449,0.2001967430114746,0.27952131628990173,0.29835253953933716,0.1381002813577652,0.26187631487846375,0.20803715288639069,0.18982508778572083,0.12320288270711899
AL944,0.833333333,0.166666667,0.7,0.9,0.466666667,0.5,0.433333333,0.033333333,0.266666667,1.066666667,0.133333333,0.0,0.0,0.533333333,0.033333333,0.1,0.2,0.0,0.033333333,0.133333333,0.233333333,0.0,0.166666667,0.066666667,0.0,0.1,0.0,0.0,0.0,0.3,0.266666667,0.0,0.0,0.233333333,0.133333333,0.666666667,0.633333333,0.333333333,0.2,0.333333333,0.233333333,0.0,0.1,0.333333333,0.2,0.133333333,0.0,0.066666667,0.1,0.066666667,0.133333333,0.5675976872444153,0.2904965579509735,0.46971386671066284,0.28997549414634705,0.3530673682689667,0.19365134835243225,0.38542991876602173,0.19152340292930603,0.5003172159194946,0.22473853826522827,0.11727441102266312,0.059017013758420944,0.047134023159742355,0.5484371185302734,0.1812584549188614,0.1532037854194641,0.16795729100704193,0.045371074229478836,0.07510264962911606,0.23923663794994354,0.19288259744644165,0.09745270758867264,0.14784350991249084,0.10735217481851578,0.03476816043257713,0.2602882981300354,0.10992874205112457,0.01604294218122959,0.11227701604366302,0.19822721183300018,0.17242249846458435,0.17107588052749634,0.0864776149392128,0.19562193751335144,0.08044879138469696,0.7571218013763428,0.23717479407787323,0.09023277461528778,0.04404613748192787,0.27544960379600525,0.19710318744182587,0.19393616914749146,0.1035219132900238,0.15842801332473755,0.19839076697826385,0.27871784567832947,0.1457507461309433,0.2345099002122879,0.23108579218387604,0.19387918710708618,0.16536736488342285
AM431,0.233333333,0.166666667,0.466666667,0.233333333,0.4,0.066666667,0.2,0.0,0.933333333,0.3,0.466666667,0.333333333,0.0,1.2,0.0,0.233333333,0.1,0.033333333,0.0,0.4,0.433333333,0.3,0.233333333,0.033333333,0.066666667,0.066666667,0.1,0.1,0.5,0.466666667,0.1,0.233333333,1.533333333,0.266666667,0.066666667,0.566666667,0.0,0.0,0.0,0.0,0.066666667,0.0,0.0,0.133333333,0.166666667,0.2,0.0,0.066666667,0.1,0.0,0.3,0.35620635747909546,0.09964767843484879,0.39548227190971375,0.2656119763851166,0.34373220801353455,0.15622946619987488,0.48497849702835083,0.23266783356666565,0.7445984482765198,0.1424526572227478,0.27663296461105347,0.13414674997329712,0.0704723447561264,1.0917866230010986,0.3626125454902649,0.3363833427429199,0.2077500969171524,0.057271700352430344,0.1436842828989029,0.17912742495536804,0.19374684989452362,0.13885532319545746,0.15862928330898285,0.05110374838113785,0.04999401420354843,0.20304355025291443,0.12972858548164368,0.03197608143091202,0.15200956165790558,0.26770320534706116,0.3608333468437195,0.2789371609687805,0.14014706015586853,0.16244789958000183,0.04342057555913925,0.6971481442451477,0.15234452486038208,0.06230710819363594,0.04484204575419426,0.22332359850406647,0.2430933266878128,0.1943848878145218,0.13973109424114227,0.18001174926757812,0.2015216201543808,0.2812657952308655,0.13563403487205505,0.27021554112434387,0.23734624683856964,0.15568752586841583,0.17064151167869568
AM911,0.666666667,0.0,0.466666667,0.033333333,0.633333333,0.1,0.433333333,0.266666667,0.2,0.066666667,0.0,0.0,0.0,0.633333333,0.133333333,0.133333333,0.0,0.0,0.066666667,1.333333333,1.5,0.533333333,0.6,0.066666667,0.0,0.0,0.0,0.2,0.2,0.366666667,0.133333333,0.266666667,0.433333333,0.733333333,0.1,0.6,0.033333333,0.0,0.033333333,0.0,0.066666667,0.0,0.166666667,0.033333333,0.066666667,0.066666667,0.2,0.066666667,0.066666667,0.0,0.066666667,0.29036596417427063,0.11778455972671509,0.4502321183681488,0.3437366187572479,0.34018832445144653,0.12585407495498657,0.4518197774887085,0.2586621940135956,0.4966486394405365,0.08834294974803925,0.0892530307173729,0.18384794890880585,0.04988573491573334,0.931679904460907,0.3262101113796234,0.29331809282302856,0.20600292086601257,0.0630888044834137,0.13018885254859924,0.34038227796554565,0.46840107440948486,0.11465297639369965,0.283143550157547,0.05083686113357544,0.08249411731958389,0.11445663124322891,0.14943039417266846,0.09881285578012466,0.1286483108997345,0.24109505116939545,0.21596309542655945,0.06329582631587982,0.028383376076817513,0.12019362300634384,0.06448295712471008,0.5864779353141785,0.11775180697441101,0.06987793743610382,0.04411989077925682,0.16666065156459808,0.214456245303154,0.19500988721847534,0.12911847233772278,0.2402956634759903,0.2084599733352661,0.2784566879272461,0.1395650953054428,0.2768043279647827,0.24336715042591095,0.136493980884552,0.0709952637553215
AM969,0.366666667,0.0,0.533333333,0.133333333,0.133333333,0.2,0.333333333,0.4,0.3,0.066666667,0.0,0.0,0.0,0.733333333,0.4,0.3,0.5,0.2,0.166666667,0.7,0.233333333,1.066666667,0.166666667,0.366666667,0.0,0.0,0.266666667,0.033333333,1.1,0.266666667,0.3,0.233333333,1.566666667,0.2,0.3,0.466666667,0.033333333,0.0,0.033333333,0.1,0.1,0.0,0.0,0.0,0.3,0.233333333,0.166666667,0.166666667,0.0,0.0,0.033333333,0.3442094027996063,0.11113031953573227,0.4812239110469818,0.29132869839668274,0.5032912492752075,0.19278357923030853,0.6672012209892273,0.4405708909034729,0.6542268395423889,0.12598489224910736,0.32014143466949463,0.13925084471702576,0.06419245898723602,1.278254747390747,0.421705961227417,0.37599581480026245,0.209169402718544,0.08249831199645996,0.07690685242414474,0.37014082074165344,0.3973986804485321,0.11433523893356323,0.2124847173690796,0.09315884113311768,0.06610166281461716,0.22999247908592224,0.12309756875038147,0.07615014165639877,0.147652268409729,0.2511434257030487,0.18393923342227936,0.028453534469008446,0.054039351642131805,0.15270750224590302,0.036745380610227585,0.6820112466812134,0.10487855970859528,0.05988697707653046,0.04404613748192787,0.12476137280464172,0.1910630315542221,0.1943848878145218,0.1651494950056076,0.1977292150259018,0.19493401050567627,0.27938517928123474,0.13986407220363617,0.25379329919815063,0.23235127329826355,0.15255726873874664,0.08745142817497253
AO060,0.5,0.0,0.833333333,0.1,1.166666667,0.433333333,0.2,0.366666667,0.266666667,0.033333333,0.0,0.0,0.0,0.6,0.266666667,0.2,0.4,0.3,0.066666667,0.433333333,0.8,0.0,0.733333333,0.0,0.0,0.066666667,0.0,0.0,0.0,0.266666667,0.133333333,0.066666667,0.0,0.933333333,0.0,1.366666667,0.233333333,0.0,0.033333333,0.366666667,0.333333333,0.266666667,0.0,0.3,0.2,0.166666667,0.233333333,0.2,0.733333333,0.733333333,0.0,0.4012305736541748,0.11913876980543137,0.432979941368103,0.2594493329524994,0.3785165548324585,0.1596769243478775,0.35168755054473877,0.26789602637290955,0.35793638229370117,0.10349038988351822,0.09714110195636749,0.07258044183254242,0.029818709939718246,1.0168861150741577,0.28896817564964294,0.22712157666683197,0.21357572078704834,0.1490638256072998,0.08304186910390854,0.51362144947052,0.5084379315376282,0.03705133497714996,0.23291677236557007,0.08652674406766891,0.04029323160648346,0.13395093381404877,0.11275023967027664,0.05400771275162697,0.14008085429668427,0.23876294493675232,0.17543205618858337,0.028888875618577003,0.041710030287504196,0.18502023816108704,0.07142747938632965,0.7019437551498413,0.16662484407424927,0.06292583793401718,0.044132083654403687,0.1570773869752884,0.16905251145362854,0.19560059905052185,0.16626125574111938,0.22020509839057922,0.18753819167613983,0.28688475489616394,0.14151304960250854,0.270930677652359,0.21295219659805298,0.1568695604801178,0.10708839446306229
AO074,0.633333333,0.0,0.8,0.566666667,0.5,0.233333333,0.433333333,0.566666667,0.533333333,0.066666667,0.1,0.233333333,0.0,1.0,0.266666667,0.2,0.133333333,0.033333333,0.066666667,1.2,1.933333333,0.133333333,1.066666667,0.0,0.066666667,0.066666667,0.133333333,0.066666667,0.166666667,0.2,0.0,0.0,0.0,0.433333333,0.0,0.966666667,0.166666667,0.0,0.0,0.133333333,0.1,0.066666667,0.0,0.366666667,0.1,0.033333333,0.2,0.0,0.1,0.166666667,0.0,0.3573714792728424,0.11119048297405243,0.5026550889015198,0.3334493041038513,0.5307402610778809,0.19965362548828125,0.36712610721588135,0.32916536927223206,0.37629956007003784,0.10499635338783264,0.09131533652544022,0.1166071742773056,0.032521214336156845,1.332599401473999,0.41517868638038635,0.36156606674194336,0.2936517596244812,0.20117230713367462,0.07946783304214478,0.4772641956806183,0.5138957500457764,0.06811404973268509,0.305664598941803,0.059246137738227844,0.06296350806951523,0.1549740582704544,0.11937360465526581,0.07062417268753052,0.07987125217914581,0.21062374114990234,0.11734243482351303,0.026300637051463127,0.03895530849695206,0.14695221185684204,0.016431786119937897,0.5941813588142395,0.1459255963563919,0.06012104079127312,0.04404613748192787,0.11912207305431366,0.20033130049705505,0.1943848878145218,0.044875044375658035,0.22313544154167175,0.2152630090713501,0.29666557908058167,0.1379542201757431,0.32907652854919434,0.23829957842826843,0.16488945484161377,0.13917306065559387
AO083,0.4,0.0,0.6,2.3,0.166666667,0.3,0.333333333,0.1,0.9,0.0,0.133333333,0.4,0.133333333,1.266666667,0.466666667,0.366666667,0.2,0.0,0.0,0.633333333,0.233333333,0.566666667,0.0,0.0,0.033333333,0.433333333,0.033333333,0.0,0.0,0.2,0.1,0.166666667,1.5,0.066666667,0.1,0.233333333,0.133333333,0.0,0.0,0.033333333,0.1,0.0,0.0,0.266666667,0.633333333,0.233333333,0.266666667,0.0,0.0,0.3,0.0,0.45341888070106506,0.15937748551368713,0.4979812800884247,0.35495081543922424,0.27026796340942383,0.22224636375904083,0.34880080819129944,0.28832951188087463,0.826700747013092,0.16233573853969574,0.2264660745859146,0.24983972311019897,0.07057836651802063,1.298709750175476,0.1916780322790146,0.3085070848464966,0.2072940319776535,0.036479510366916656,0.04826904088258743,0.16337452828884125,0.15632052719593048,0.1715160310268402,0.08061717450618744,0.06889339536428452,0.04501771181821823,0.09552771598100662,0.164486363530159,0.08980394899845123,0.1758209615945816,0.312898188829422,0.3963686525821686,0.3488401770591736,0.3382471799850464,0.0908411517739296,0.09868084639310837,0.5437441468238831,0.11360621452331543,0.0724264532327652,0.04757131636142731,0.23152679204940796,0.1749013215303421,0.19476819038391113,0.08579318225383759,0.1831604540348053,0.3790309727191925,0.28169184923171997,0.14537008106708527,0.28560909628868103,0.19543951749801636,0.16468589007854462,0.09754884243011475
AO208,0.333333333,0.0,0.233333333,0.066666667,0.266666667,0.0,0.233333333,0.066666667,0.7,0.1,0.1,0.1,0.066666667,0.6,0.433333333,0.266666667,0.1,0.033333333,0.0,0.766666667,0.333333333,0.633333333,0.233333333,0.133333333,0.0,0.0,0.966666667,0.1,0.866666667,1.0,0.466666667,0.6,1.4,0.5,0.333333333,1.433333333,0.233333333,0.233333333,0.533333333,1.066666667,0.033333333,0.1,0.2,0.0,0.166666667,0.4,0.133333333,0.0,0.133333333,0.0,0.0,0.32527828216552734,0.09687675535678864,0.3059752285480499,0.2640058398246765,0.2740364968776703,0.10293182730674744,0.3754831850528717,0.20093099772930145,0.6570265889167786,0.11305178701877594,0.24971044063568115,0.11763601750135422,0.08342860639095306,1.001584529876709,0.40610817074775696,0.37336039543151855,0.2099120020866394,0.07148393988609314,0.08115558326244354,0.10491553694009781,0.16291524469852448,0.17316505312919617,0.19747087359428406,0.10922203958034515,0.07106731086969376,0.23511682450771332,0.1815914809703827,0.1404288113117218,0.35062354803085327,0.471549928188324,0.3282160758972168,0.4488663375377655,0.14737306535243988,0.15312708914279938,0.09479852020740509,0.6331952810287476,0.136501282453537,0.06986107677221298,0.050592243671417236,0.636182427406311,0.2103756070137024,0.19348323345184326,0.12128640711307526,0.195367231965065,0.19905389845371246,0.28206121921539307,0.13319197297096252,0.2360581010580063,0.22795166075229645,0.1428251713514328,0.06315100938081741
AO276,0.466666667,0.0,0.233333333,0.066666667,0.133333333,0.066666667,0.366666667,0.1,0.066666667,0.0,0.1,0.0,0.0,1.0,0.4,0.466666667,0.366666667,0.233333333,0.1,0.966666667,0.433333333,1.3,0.3,1.033333333,0.0,0.3,0.066666667,0.4,0.6,0.366666667,0.466666667,0.766666667,0.9,0.166666667,0.5,0.233333333,0.0,0.4,0.133333333,1.0,0.0,0.233333333,0.266666667,0.133333333,0.133333333,0.333333333,0.0,0.0,0.0,0.2,0.0,0.31510108709335327,0.10649988800287247,0.3644261360168457,0.2722399830818176,0.30404558777809143,0.09758218377828598,0.22410449385643005,0.2569163143634796,0.3672356903553009,0.11045647412538528,0.06177705153822899,0.060371655970811844,0.04178282618522644,0.6590681672096252,0.2268315553665161,0.2528095543384552,0.29165396094322205,0.3375411927700043,0.3257434070110321,0.313235878944397,0.3484317660331726,0.18930695950984955,0.3234120011329651,0.18167580664157867,0.04765068367123604,0.1380162388086319,0.136981800198555,0.07576543092727661,0.11797317117452621,0.2398340106010437,0.16264455020427704,0.39248305559158325,0.20123453438282013,0.1772937774658203,0.23220472037792206,0.6202509999275208,0.13716314733028412,0.09578118473291397,0.04598381370306015,0.26562178134918213,0.19053570926189423,0.19511747360229492,0.0937584787607193,0.18434415757656097,0.17851530015468597,0.2892703413963318,0.13425453007221222,0.24969345331192017,0.21436701714992523,0.182764932513237,0.10361212491989136
AO456,0.533333333,0.0,0.3,0.2,0.166666667,0.4,1.366666667,0.266666667,1.733333333,0.166666667,0.4,0.8,0.166666667,1.233333333,0.266666667,0.3,0.0,0.0,0.0,0.0,0.0,0.0,0.066666667,0.133333333,0.0,0.0,0.1,0.0,0.0,0.433333333,0.766666667,0.033333333,0.0,0.0,0.0,0.066666667,0.466666667,0.0,0.0,0.0,0.066666667,0.033333333,0.0,0.366666667,0.0,0.2,0.666666667,1.266666667,0.3,0.133333333,0.0,0.3977978527545929,0.173334002494812,0.5119169354438782,0.2947624623775482,0.3783210515975952,0.24438823759555817,0.6017526388168335,0.3215312063694,1.1978157758712769,0.20261700451374054,0.3584173321723938,0.7320917248725891,0.08378732204437256,1.5676496028900146,0.2799566686153412,0.3873094320297241,0.2527984082698822,0.09385588020086288,0.04892639443278313,0.16887296736240387,0.22046591341495514,0.058081649243831635,0.1298719346523285,0.07093404978513718,0.07087059319019318,0.1615312695503235,0.12091445922851562,0.01932634599506855,0.1336866170167923,0.24992600083351135,0.34311801195144653,0.10860925167798996,0.12076905369758606,0.11287301033735275,0.04923436418175697,0.2857512831687927,0.14411264657974243,0.06069019436836243,0.04484204575419426,0.1974266618490219,0.14541706442832947,0.1954544633626938,0.05712629482150078,0.21973916888237,0.23192524909973145,0.28380152583122253,0.13828231394290924,0.3337865173816681,0.2281622588634491,0.17173215746879578,0.06350713968276978
AO482,0.733333333,0.0,0.666666667,0.233333333,1.3,0.166666667,0.833333333,0.8,0.0,0.0,0.0,0.0,0.0,0.8,0.466666667,0.3,0.233333333,0.1,0.0,0.766666667,0.933333333,0.066666667,1.1,0.066666667,0.0,0.233333333,0.0,0.0,0.0,0.033333333,0.166666667,0.133333333,0.0,0.933333333,0.0,1.4,0.066666667,0.0,0.0,0.0,0.333333333,0.166666667,0.0,0.1,0.066666667,0.0,0.0,0.1,0.166666667,0.2,0.1,0.33150187134742737,0.11694780737161636,0.49904367327690125,0.3194095492362976,0.44095003604888916,0.14187239110469818,0.34709468483924866,0.34926143288612366,0.24720309674739838,0.10797219723463058,0.06388849765062332,0.09552314132452011,0.032320424914360046,1.2790430784225464,0.48570871353149414,0.38135069608688354,0.34223031997680664,0.2832382917404175,0.11950387060642242,0.45487257838249207,0.5999002456665039,0.0321052223443985,0.3241846263408661,0.18962842226028442,0.06047927588224411,0.1643403172492981,0.11571802198886871,0.07301054149866104,0.07343103736639023,0.15950022637844086,0.07333006709814072,0.04365305230021477,0.09292010217905045,0.1449163407087326,0.048884108662605286,0.6042903661727905,0.13742536306381226,0.06087883189320564,0.04404613748192787,0.13580134510993958,0.19165416061878204,0.19575539231300354,0.040440883487463,0.20787572860717773,0.2304154634475708,0.27555203437805176,0.13425453007221222,0.28243008255958557,0.2280968427658081,0.17283277213573456,0.06980742514133453
AO500,0.1,0.0,0.5,0.3,0.1,0.133333333,0.233333333,0.6,0.1,0.0,0.0,0.0,0.0,1.366666667,0.6,0.833333333,0.3,0.5,0.9,0.6,0.566666667,0.333333333,0.4,0.233333333,0.0,0.266666667,0.066666667,0.2,0.2,0.4,0.1,0.433333333,1.833333333,0.233333333,0.0,0.333333333,0.266666667,0.0,0.033333333,0.066666667,0.233333333,0.0,0.066666667,0.166666667,0.166666667,0.2,0.033333333,0.166666667,0.1,0.0,0.0,0.26986753940582275,0.12640677392482758,0.3729947507381439,0.4027004837989807,0.3140563666820526,0.12925779819488525,0.2688976228237152,0.35086551308631897,0.44125211238861084,0.11166270077228546,0.07095881551504135,0.10157207399606705,0.04988374933600426,1.3026036024093628,0.38486066460609436,0.3342035710811615,0.3950168788433075,0.16952182352542877,0.25001850724220276,0.25952252745628357,0.2077573537826538,0.3004550039768219,0.16007570922374725,0.14307551085948944,0.05614890530705452,0.1323935091495514,0.14810800552368164,0.07942751049995422,0.12496846169233322,0.28476202487945557,0.1864640861749649,0.36932411789894104,0.1567135453224182,0.09702309221029282,0.0795164480805397,0.4174005687236786,0.11797812581062317,0.06349768489599228,0.04404613748192787,0.27784082293510437,0.2026638388633728,0.1943848878145218,0.040778469294309616,0.21535255014896393,0.2644883990287781,0.3013978898525238,0.13926979899406433,0.3818734288215637,0.24990631639957428,0.17170129716396332,0.0869411751627922
AO742,0.3,0.0,0.533333333,1.333333333,0.4,0.3,0.133333333,0.3,0.066666667,0.1,0.166666667,0.0,0.0,1.866666667,0.8,0.533333333,0.933333333,0.666666667,0.166666667,0.333333333,0.433333333,0.433333333,0.1,0.066666667,0.033333333,0.066666667,0.0,0.1,0.133333333,0.433333333,0.1,0.3,1.466666667,0.033333333,0.0,0.133333333,0.333333333,0.0,0.166666667,0.1,0.166666667,0.133333333,0.266666667,0.333333333,0.5,0.333333333,0.033333333,0.033333333,0.233333333,0.166666667,0.066666667,0.20187179744243622,0.10119315981864929,0.4818134903907776,0.8115708827972412,0.2925693392753601,0.17214377224445343,0.2745155096054077,0.3069124221801758,0.2707659602165222,0.11702349036931992,0.030579525977373123,0.043591905385255814,0.037251804023981094,1.1093155145645142,0.20222613215446472,0.24069710075855255,0.266486793756485,0.07216911017894745,0.09926678240299225,0.13008633255958557,0.10487363487482071,0.1705935001373291,0.07001525163650513,0.03131377324461937,0.035220179706811905,0.05421797186136246,0.11068464815616608,0.017536960542201996,0.0721602514386177,0.15354400873184204,0.11428654193878174,0.14576198160648346,0.1000356376171112,0.10799763351678848,0.03712719678878784,0.4235236942768097,0.1395646631717682,0.0650356262922287,0.04404613748192787,0.193022221326828,0.18999852240085602,0.19775119423866272,0.015005919151008129,0.4400574862957001,0.5953256487846375,0.309154748916626,0.13975803554058075,0.30491313338279724,0.22136573493480682,0.1897406280040741,0.08235151320695877
AO865,0.8,0.0,1.066666667,0.5,0.766666667,0.466666667,2.0,0.633333333,0.6,0.166666667,0.2,0.4,0.166666667,1.5,0.366666667,0.4,0.6,0.0,0.133333333,0.066666667,0.3,0.0,0.0,0.066666667,0.0,0.066666667,0.066666667,0.0,0.0,0.233333333,0.566666667,0.0,0.066666667,0.533333333,0.0,0.4,0.033333333,0.0,0.0,0.1,0.1,0.466666667,0.033333333,0.433333333,0.2,0.066666667,0.266666667,0.3,0.333333333,0.333333333,0.066666667,0.36169853806495667,0.10619287192821503,0.4558061957359314,0.3107518255710602,0.4457630515098572,0.18668390810489655,0.4196796417236328,0.30955421924591064,0.8989177346229553,0.14399071037769318,0.2954210042953491,0.28435125946998596,0.06166410446166992,1.6332283020019531,0.518342912197113,0.412413090467453,0.30164897441864014,0.1542046219110489,0.0795159861445427,0.40199029445648193,0.34108370542526245,0.11178132146596909,0.24696697294712067,0.06660157442092896,0.05464592203497887,0.14339269697666168,0.12771378457546234,0.06398409605026245,0.11496786773204803,0.24911628663539886,0.18819200992584229,0.062159620225429535,0.10936465114355087,0.12106233835220337,0.04224525764584541,0.43018439412117004,0.13472570478916168,0.060356203466653824,0.04404613748192787,0.1370374709367752,0.18970198929309845,0.19413131475448608,0.0502341166138649,0.2294095754623413,0.21249569952487946,0.29527831077575684,0.14058087766170502,0.4146616756916046,0.23110172152519226,0.15033915638923645,0.13193699717521667
AO870,0.4,0.0,0.466666667,0.366666667,0.066666667,0.0,0.166666667,0.233333333,0.666666667,0.066666667,0.066666667,0.5,0.1,1.033333333,0.4,0.3,0.0,0.066666667,0.066666667,0.4,0.233333333,0.366666667,0.1,0.833333333,0.066666667,0.133333333,0.1,0.366666667,0.433333333,0.6,0.666666667,1.0,1.266666667,0.066666667,0.133333333,0.066666667,0.0,0.3,0.1,0.733333333,0.2,0.2,0.066666667,0.1,0.333333333,0.0,0.0,0.0,0.066666667,0.033333333,0.033333333,0.40428590774536133,0.1391964703798294,0.41148248314857483,0.2985066771507263,0.3351804316043854,0.14002494513988495,0.5851897597312927,0.32309839129447937,1.022016167640686,0.15168309211730957,0.3932797610759735,0.47421687841415405,0.08219201862812042,1.5086674690246582,0.31990331411361694,0.39551788568496704,0.2134665846824646,0.09060215204954147,0.03159121796488762,0.18405380845069885,0.22768634557724,0.10384540259838104,0.16092421114444733,0.20803989470005035,0.06083676591515541,0.1398746222257614,0.16880075633525848,0.10080304741859436,0.15153241157531738,0.40554019808769226,0.38193145394325256,0.5645618438720703,0.26571208238601685,0.10110309720039368,0.08827930688858032,0.4114212989807129,0.11194870620965958,0.06882422417402267,0.046570003032684326,0.2792022228240967,0.1299608051776886,0.19578012824058533,0.09580501168966293,0.17113004624843597,0.2116062492132187,0.2773604094982147,0.13599012792110443,0.2315564602613449,0.22663384675979614,0.13741107285022736,0.06373134255409241
AP340,0.9,0.766666667,0.533333333,0.133333333,0.533333333,0.1,0.733333333,0.2,2.2,0.233333333,1.5,1.433333333,0.2,2.433333333,0.2,0.366666667,0.166666667,0.1,0.0,0.0,0.133333333,0.0,0.0,0.0,0.0,0.1,0.0,0.0,0.0,0.066666667,0.2,0.0,0.0,0.0,0.0,0.233333333,0.166666667,0.0,0.033333333,0.033333333,0.166666667,0.1,0.0,0.1,0.166666667,0.0,0.433333333,0.133333333,0.3,0.3,0.0,0.44478994607925415,0.161358043551445,0.5345694422721863,0.3397868275642395,0.39910635352134705,0.28063157200813293,0.6935392618179321,0.3213646411895752,0.890938937664032,0.20118726789951324,0.2662525773048401,0.2897278070449829,0.1167217418551445,1.1740038394927979,0.22000053524971008,0.2174394130706787,0.17501647770404816,0.09708361327648163,0.05257803574204445,0.062116317451000214,0.20474272966384888,0.00855240784585476,0.15243341028690338,0.0444449745118618,0.037523940205574036,0.2062208205461502,0.11270230263471603,0.005241197533905506,0.06991821527481079,0.185520201921463,0.08962258696556091,0.0023476334754377604,0.012135323137044907,0.15372687578201294,0.049135204404592514,0.33213967084884644,0.1118236780166626,0.05971884727478027,0.04404613748192787,0.13440552353858948,0.145608589053154,0.1958674192428589,0.07810483127832413,0.1825270801782608,0.295320063829422,0.28488919138908386,0.13818521797657013,0.22905731201171875,0.21984043717384338,0.16728802025318146,0.10165675729513168
AP431,0.133333333,0.0,0.266666667,0.433333333,0.066666667,0.066666667,0.3,0.233333333,3.166666667,0.0,0.7,2.366666667,0.233333333,2.566666667,0.566666667,0.266666667,0.1,0.0,0.0,0.233333333,0.4,0.266666667,0.2,0.066666667,0.0,0.033333333,0.0,0.0,0.0,0.333333333,0.266666667,0.233333333,1.033333333,0.066666667,0.0,0.333333333,0.166666667,0.0,0.1,0.1,0.233333333,0.266666667,0.066666667,0.133333333,0.3,0.233333333,0.066666667,0.233333333,0.233333333,0.0,0.166666667,0.28094959259033203,0.09897630661725998,0.3553602993488312,0.28424784541130066,0.30092528462409973,0.10261630266904831,0.4576610028743744,0.2446199655532837,0.8425016403198242,0.11709845811128616,0.23902875185012817,0.2085571140050888,0.06707477569580078,1.2053213119506836,0.4241666793823242,0.3550564646720886,0.2514033615589142,0.04845542460680008,0.1380184292793274,0.20833909511566162,0.14961685240268707,0.24838316440582275,0.22079801559448242,0.10042788833379745,0.04639802873134613,0.184524804353714,0.17752593755722046,0.06788161396980286,0.21311670541763306,0.34432685375213623,0.37230318784713745,0.5386021733283997,0.155112624168396,0.14372266829013824,0.11647563427686691,0.6354837417602539,0.13807521760463715,0.11647447943687439,0.044309478253126144,0.5528780817985535,0.2691900134086609,0.19534702599048615,0.1414210945367813,0.22416454553604126,0.1988159567117691,0.2803580164909363,0.14405745267868042,0.2761548161506653,0.24691423773765564,0.12805494666099548,0.12094038724899292
AP432,0.466666667,0.0,0.966666667,0.133333333,0.7,0.233333333,0.0,0.0,0.0,0.0,0.0,0.0,0.0,0.333333333,0.2,0.0,0.2,0.233333333,0.566666667,0.4,0.433333333,0.666666667,0.166666667,0.266666667,0.0,0.366666667,0.133333333,0.0,0.1,0.233333333,0.2,0.366666667,1.466666667,0.666666667,0.4,1.033333333,0.2,0.0,0.066666667,0.166666667,1.6,0.233333333,0.3,0.333333333,0.233333333,0.066666667,0.066666667,0.233333333,0.533333333,0.533333333,0.133333333,0.2698967754840851,0.1082865372300148,0.4097365736961365,0.28886979818344116,0.36068305373191833,0.14812704920768738,0.13986219465732574,0.1931442767381668,0.10774395614862442,0.08158112317323685,0.010482083074748516,0.02879672311246395,0.019714027643203735,0.7222998738288879,0.32187026739120483,0.22706718742847443,0.22390639781951904,0.2482949197292328,0.18252140283584595,0.6435242295265198,0.7280001640319824,0.12292926013469696,0.375182569026947,0.11690240353345871,0.037669721990823746,0.10200171172618866,0.11346349865198135,0.04245670512318611,0.09205576777458191,0.21568506956100464,0.10188162326812744,0.10967399924993515,0.09009962528944016,0.23033300042152405,0.1039108857512474,0.5280868411064148,0.11158184707164764,0.06519481539726257,0.044132083654403687,0.15269961953163147,0.2355676144361496,0.1986081451177597,0.11845219135284424,0.19316670298576355,0.21011921763420105,0.27661481499671936,0.13425453007221222,0.2452101707458496,0.25289565324783325,0.16914601624011993,0.07870344817638397
AP524,0.233333333,0.066666667,0.366666667,0.5,0.233333333,0.133333333,0.466666667,0.9,0.4,0.0,0.066666667,0.133333333,0.1,1.133333333,0.466666667,0.333333333,0.5,0.066666667,0.133333333,0.4,0.366666667,0.5,0.133333333,0.3,0.0,0.233333333,0.133333333,0.166666667,0.0,0.4,0.5,0.466666667,1.6,0.166666667,0.0,0.833333333,0.166666667,0.233333333,0.133333333,0.3,0.733333333,0.1,0.5,0.233333333,0.166666667,0.366666667,0.066666667,0.0,0.633333333,0.0,0.0,0.3015664517879486,0.09908008575439453,0.40226367115974426,0.2812061309814453,0.3439400792121887,0.12135559320449829,0.30419793725013733,0.3209419250488281,0.5750942230224609,0.11049728840589523,0.13307663798332214,0.056965455412864685,0.03555421903729439,1.2030977010726929,0.38152432441711426,0.34865573048591614,0.23495012521743774,0.31613656878471375,0.19303585588932037,0.397702693939209,0.30277764797210693,0.15569816529750824,0.23319081962108612,0.15447114408016205,0.048760414123535156,0.17750635743141174,0.11958418041467667,0.07470526546239853,0.13222479820251465,0.24937917292118073,0.17251281440258026,0.13582584261894226,0.1858397275209427,0.1523391604423523,0.16759811341762543,0.568376362323761,0.11325332522392273,0.07552488893270493,0.0446329265832901,0.20504407584667206,0.2075667381286621,0.19560059905052185,0.15976832807064056,0.22903023660182953,0.17952960729599,0.2790403962135315,0.13517679274082184,0.23469887673854828,0.2343798130750656,0.17776234447956085,0.07951400429010391
AP563,1.333333333,0.9,0.7,0.366666667,0.333333333,0.266666667,0.733333333,0.333333333,1.433333333,0.033333333,0.966666667,0.233333333,0.3,1.9,0.5,0.466666667,0.166666667,0.0,0.0,0.166666667,0.466666667,0.066666667,0.0,0.066666667,0.0,0.133333333,0.133333333,0.0,0.0,0.066666667,0.066666667,0.0,0.0,0.066666667,0.0,0.533333333,0.0,0.0,0.0,0.0,0.366666667,0.166666667,0.233333333,0.133333333,0.2,0.0,0.1,0.066666667,0.466666667,0.266666667,0.066666667,0.402530699968338,0.17176693677902222,0.47699958086013794,0.3260081112384796,0.380986750125885,0.2502502202987671,0.6597198247909546,0.30075326561927795,0.8140028119087219,0.13061878085136414,0.30304133892059326,0.2082684338092804,0.11287488788366318,1.1385122537612915,0.3298201858997345,0.3281607925891876,0.2067190706729889,0.12981468439102173,0.011981457471847534,0.2577275335788727,0.46643075346946716,0.026994334533810616,0.2802080810070038,0.08772064000368118,0.04300032928586006,0.30612120032310486,0.1113668829202652,0.08613727986812592,0.10497594624757767,0.14845845103263855,0.09682612121105194,0.006302070338279009,0.018985329195857048,0.17081871628761292,0.027880065143108368,0.49045097827911377,0.12050385028123856,0.0594935268163681,0.04404613748192787,0.12435144186019897,0.21904151141643524,0.1973310261964798,0.13690485060214996,0.2627277076244354,0.31451594829559326,0.28685519099235535,0.13723082840442657,0.244680255651474,0.2521543502807617,0.15901455283164978,0.11717098951339722
AP591,0.8,1.533333333,0.533333333,0.233333333,0.6,0.166666667,0.866666667,0.6,1.833333333,0.066666667,0.266666667,0.766666667,0.3,1.7,0.166666667,0.166666667,0.0,0.0,0.0,0.3,0.366666667,0.166666667,0.1,0.066666667,0.066666667,0.266666667,0.166666667,0.033333333,0.0,0.266666667,0.1,0.0,0.166666667,0.1,0.066666667,0.166666667,0.0,0.0,0.066666667,0.0,0.233333333,0.2,0.133333333,0.3,0.1,0.1,0.166666667,0.066666667,0.466666667,0.3,0.066666667,0.3491060137748718,0.11320285499095917,0.47597408294677734,0.34356218576431274,0.444990336894989,0.21367986500263214,0.5025812387466431,0.3652985095977783,0.8633190393447876,0.1228499636054039,0.23967383801937103,0.17910981178283691,0.05041022598743439,1.3331972360610962,0.37136557698249817,0.30452650785446167,0.22999732196331024,0.12288449704647064,0.03728007525205612,0.3382086157798767,0.4501056969165802,0.029642026871442795,0.2031121551990509,0.1001158058643341,0.04227862134575844,0.26989686489105225,0.11110911518335342,0.10073862224817276,0.06674294173717499,0.18846209347248077,0.134821817278862,0.005618885159492493,0.01866585575044155,0.1886456310749054,0.024070100858807564,0.8076995015144348,0.12073812633752823,0.0594935268163681,0.04404613748192787,0.12489937245845795,0.1943812370300293,0.19500988721847534,0.1476156860589981,0.2120976597070694,0.24596422910690308,0.2952975928783417,0.1372259557247162,0.2706274092197418,0.2273339480161667,0.18471674621105194,0.11534740775823593
AP661,0.433333333,0.0,0.4,0.266666667,0.266666667,0.066666667,0.266666667,0.1,0.433333333,0.0,0.066666667,0.033333333,0.0,1.033333333,0.3,0.2,0.8,0.2,0.233333333,0.633333333,0.533333333,0.1,0.133333333,0.266666667,0.0,0.366666667,0.0,0.0,0.066666667,0.233333333,0.466666667,0.3,1.466666667,0.233333333,0.133333333,1.166666667,0.1,0.066666667,0.0,0.166666667,0.3,0.233333333,0.2,0.166666667,0.033333333,0.166666667,0.166666667,0.1,0.066666667,0.266666667,0.1,0.5688056349754333,0.19977842271327972,0.5188465118408203,0.2851203978061676,0.5881357789039612,0.1812543421983719,0.6453414559364319,0.33559131622314453,0.7403162717819214,0.15905414521694183,0.3369491696357727,0.12219364941120148,0.0612950399518013,1.3180460929870605,0.3605729937553406,0.3414361774921417,0.20977428555488586,0.07832930982112885,0.09779185056686401,0.3028741776943207,0.4033774435520172,0.15284408628940582,0.1780589371919632,0.09708638489246368,0.047798555344343185,0.24252425134181976,0.11819440126419067,0.08414487540721893,0.12823495268821716,0.24342913925647736,0.15568672120571136,0.08468439429998398,0.12423620373010635,0.15065070986747742,0.0335671566426754,0.5517885684967041,0.1077442541718483,0.0608578696846962,0.04404613748192787,0.16297681629657745,0.22769390046596527,0.19348323345184326,0.09125261008739471,0.18754436075687408,0.19149459898471832,0.27753692865371704,0.13941192626953125,0.2219768613576889,0.2188190221786499,0.18200989067554474,0.12168415635824203
AP781,0.4,0.1,0.433333333,0.0,0.233333333,0.066666667,0.066666667,0.166666667,0.2,0.066666667,0.0,0.266666667,0.133333333,0.566666667,0.066666667,0.0,0.066666667,0.066666667,0.1,1.566666667,1.666666667,0.466666667,0.366666667,0.466666667,0.0,0.333333333,0.5,0.533333333,0.866666667,0.566666667,0.233333333,0.3,1.833333333,0.2,0.133333333,0.533333333,0.233333333,0.033333333,0.266666667,0.2,0.0,0.033333333,0.133333333,0.033333333,0.0,0.2,0.133333333,0.1,0.066666667,0.1,0.0,0.4896191358566284,0.12035316228866577,0.3707446753978729,0.2854706346988678,0.3341394066810608,0.14578117430210114,0.26855161786079407,0.1960412859916687,0.18937094509601593,0.13364337384700775,0.02285522222518921,0.06369581818580627,0.03247852995991707,0.5448558330535889,0.24673683941364288,0.1614181101322174,0.19794057309627533,0.16536276042461395,0.13433222472667694,0.47536173462867737,0.6130768060684204,0.13523760437965393,0.2900741994380951,0.1911533623933792,0.037537671625614166,0.22306887805461884,0.12185978889465332,0.11273904889822006,0.11534544825553894,0.22927960753440857,0.14470523595809937,0.2041284441947937,0.09547680616378784,0.2312985062599182,0.09210754930973053,0.6614166498184204,0.12988248467445374,0.08890069276094437,0.04404613748192787,0.2009073793888092,0.2050020396709442,0.1943848878145218,0.21594442427158356,0.1942763328552246,0.19433557987213135,0.2950480878353119,0.14324858784675598,0.25272896885871887,0.2536774277687073,0.16085436940193176,0.14004047214984894
AP841,0.433333333,0.0,0.333333333,0.166666667,0.5,0.166666667,0.466666667,0.433333333,1.333333333,0.0,0.4,0.333333333,0.0,1.433333333,0.7,0.5,0.133333333,0.133333333,0.366666667,0.533333333,0.433333333,0.266666667,0.333333333,0.433333333,0.0,0.4,0.366666667,0.166666667,0.1,0.2,0.533333333,0.233333333,0.866666667,0.066666667,0.033333333,0.8,0.3,0.0,0.2,0.233333333,0.233333333,0.1,0.2,0.166666667,0.166666667,0.233333333,0.066666667,0.3,0.1,0.1,0.0,0.321838915348053,0.11373263597488403,0.3862772583961487,0.25717899203300476,0.3416932225227356,0.13720929622650146,0.37137964367866516,0.26695606112480164,1.0699379444122314,0.12948371469974518,0.2594664394855499,0.24784858524799347,0.05994933471083641,1.5956944227218628,0.4634280800819397,0.4091384708881378,0.2907719612121582,0.10675147920846939,0.06413093209266663,0.3620736002922058,0.3081474304199219,0.10697820782661438,0.2292875498533249,0.08538077771663666,0.051470797508955,0.19001954793930054,0.14868348836898804,0.07688907533884048,0.15205329656600952,0.2899463176727295,0.3382711410522461,0.08850988745689392,0.06489052623510361,0.15176235139369965,0.0645114928483963,0.4839428663253784,0.1672377586364746,0.062084075063467026,0.044132083654403687,0.17867182195186615,0.17205899953842163,0.1962255984544754,0.0700332373380661,0.21886178851127625,0.185237854719162,0.2806432247161865,0.13707029819488525,0.36061912775039673,0.21290285885334015,0.14996099472045898,0.14346055686473846
AQ466,0.966666667,0.033333333,1.2,1.733333333,0.633333333,0.533333333,0.533333333,0.266666667,0.333333333,0.0,0.0,0.0,0.0,1.133333333,0.266666667,0.0,0.566666667,0.066666667,0.0,0.266666667,0.6,0.0,0.0,0.0,0.0,0.1,0.0,0.0,0.0,0.2,0.166666667,0.0,0.166666667,0.4,0.133333333,0.833333333,0.733333333,0.166666667,0.0,0.0,0.1,0.133333333,0.233333333,0.333333333,0.333333333,0.633333333,0.2,0.433333333,0.466666667,0.133333333,0.066666667,0.5546522736549377,0.10565054416656494,0.46273893117904663,0.3005913197994232,0.34929218888282776,0.18467353284358978,0.3632565140724182,0.2028903365135193,0.3888065814971924,0.17479513585567474,0.145613893866539,0.03864001855254173,0.0413280613720417,0.723085880279541,0.2284170240163803,0.19885680079460144,0.19127985835075378,0.07493653893470764,0.11038392037153244,0.48525387048721313,0.6190080642700195,0.09719189256429672,0.2101205289363861,0.07133926451206207,0.03518863394856453,0.17545641958713531,0.11194005608558655,0.03183970972895622,0.10110809653997421,0.19574131071567535,0.16896456480026245,0.05763562396168709,0.07991161942481995,0.20112676918506622,0.06273496150970459,0.9223570823669434,0.16659295558929443,0.06539656221866608,0.04404613748192787,0.16959472000598907,0.24693094193935394,0.19439555704593658,0.0968075767159462,0.2010774165391922,0.20173467695713043,0.3084230124950409,0.13865166902542114,0.2409915328025818,0.25396817922592163,0.19176234304904938,0.18124690651893616
AQ778,1.066666667,0.133333333,1.166666667,0.333333333,1.033333333,0.6,0.866666667,0.0,0.8,0.766666667,0.333333333,0.1,0.0,0.966666667,0.433333333,0.333333333,0.3,0.066666667,0.233333333,0.0,0.2,0.0,0.1,0.0,0.1,0.1,0.0,0.0,0.0,0.5,0.266666667,0.033333333,0.1,0.566666667,0.0,0.633333333,0.1,0.0,0.133333333,0.066666667,0.3,0.333333333,0.066666667,0.166666667,0.233333333,0.0,0.266666667,0.366666667,0.466666667,0.6,0.233333333,0.5596122741699219,0.24691812694072723,0.49334466457366943,0.3670961856842041,0.3259267807006836,0.17172662913799286,0.3558553159236908,0.2225223183631897,0.5168772339820862,0.19385327398777008,0.09375899285078049,0.13943755626678467,0.0545046404004097,0.5950139164924622,0.15167638659477234,0.17933806777000427,0.17153307795524597,0.05835447087883949,0.057780805975198746,0.1744520366191864,0.20188720524311066,0.05183488130569458,0.15201666951179504,0.052251312881708145,0.03566950559616089,0.292016863822937,0.1108560860157013,0.049905966967344284,0.07648660242557526,0.1860465258359909,0.19479423761367798,0.06386051326990128,0.04475177079439163,0.22262074053287506,0.07550223171710968,0.7899264693260193,0.2678915858268738,0.0808335393667221,0.04404613748192787,0.1757575124502182,0.20758554339408875,0.19484461843967438,0.14290040731430054,0.1589549481868744,0.24742785096168518,0.28461453318595886,0.13700246810913086,0.2631417214870453,0.22684118151664734,0.2070450335741043,0.11369142681360245
AQ794,0.966666667,0.3,0.366666667,0.1,0.566666667,0.166666667,0.266666667,0.533333333,0.1,0.0,0.0,0.0,0.0,0.366666667,0.166666667,0.066666667,0.333333333,0.033333333,0.333333333,1.5,2.366666667,0.1,1.6,0.233333333,0.066666667,0.4,0.0,0.133333333,0.0,0.1,0.1,0.066666667,0.1,0.4,0.066666667,1.1,0.233333333,0.0,0.0,0.0,0.5,0.5,0.133333333,0.033333333,0.0,0.0,0.066666667,0.133333333,0.133333333,0.166666667,0.0,0.5745612978935242,0.4160356819629669,0.47420430183410645,0.2639099955558777,0.2859320640563965,0.15282903611660004,0.3316963315010071,0.1921314299106598,0.5294410586357117,0.3161611258983612,0.11641675978899002,0.15634804964065552,0.08386334031820297,0.5515066981315613,0.10902747511863708,0.1019730344414711,0.13331279158592224,0.035518210381269455,0.11002230644226074,0.28942784667015076,0.3963097929954529,0.14027510583400726,0.46326157450675964,0.15655383467674255,0.04098258167505264,0.21628260612487793,0.11984988301992416,0.06787929683923721,0.15531443059444427,0.25219324231147766,0.1604895144701004,0.14068210124969482,0.1665213406085968,0.19516701996326447,0.11234257370233536,0.5922321677207947,0.23931047320365906,0.0723615363240242,0.051009200513362885,0.26347753405570984,0.13357044756412506,0.19751755893230438,0.11000874638557434,0.15587358176708221,0.22083355486392975,0.27807140350341797,0.1476573348045349,0.22249872982501984,0.2143528014421463,0.18431715667247772,0.1256415843963623
AI273,0.035714286,0.071428571,0.285714286,0.214285714,0.071428571,0.0,0.642857143,0.285714286,2.178571429,0.25,0.428571429,1.321428571,0.214285714,1.642857143,0.285714286,0.214285714,0.25,0.107142857,0.0,0.285714286,0.142857143,0.107142857,0.25,0.0,0.0,0.285714286,0.0,0.0,0.071428571,0.178571429,1.071428571,0.0,0.0,0.0,0.0,0.107142857,0.071428571,0.0,0.0,0.214285714,0.0,0.0,0.214285714,0.428571429,0.25,0.178571429,0.0,0.035714286,0.285714286,0.0,0.107142857,0.4769904911518097,0.18637029826641083,0.6240836977958679,0.3087259829044342,0.34469252824783325,0.21536284685134888,0.32418832182884216,0.30189570784568787,1.080238938331604,0.16956499218940735,0.26780033111572266,0.6879817843437195,0.07745730876922607,1.237844705581665,0.19784288108348846,0.2597214877605438,0.24517172574996948,0.06379573792219162,0.029525037854909897,0.19430382549762726,0.17144891619682312,0.1417125016450882,0.10295666754245758,0.10146263986825943,0.0519765205681324,0.17779949307441711,0.12229328602552414,0.03570537269115448,0.13569453358650208,0.30130571126937866,0.3095023036003113,0.09928284585475922,0.23401078581809998,0.10904721170663834,0.056433405727148056,0.36534029245376587,0.12012442201375961,0.06305262446403503,0.044132083654403687,0.20602239668369293,0.1588497757911682,0.20175810158252716,0.042634520679712296,0.21616743505001068,0.22986866533756256,0.29851430654525757,0.1381002962589264,0.35277363657951355,0.22044888138771057,0.1594659388065338,0.08245209604501724
AI453,0.0,0.0,0.392857143,0.035714286,0.035714286,0.0,0.607142857,0.0,2.285714286,0.178571429,0.571428571,1.428571429,0.0,1.214285714,0.107142857,0.178571429,0.321428571,0.107142857,0.071428571,0.0,0.214285714,0.0,0.107142857,0.0,0.0,0.0,0.0,0.0,0.392857143,0.071428571,0.964285714,0.0,0.0,0.285714286,0.142857143,0.035714286,0.0,0.0,0.0,0.428571429,0.0,0.0,0.178571429,0.5,0.035714286,0.035714286,0.0,0.357142857,0.035714286,0.0,0.071428571,0.4769904911518097,0.18637029826641083,0.6240836977958679,0.3087259829044342,0.34469252824783325,0.21536284685134888,0.32418832182884216,0.30189570784568787,1.080238938331604,0.16956499218940735,0.26780033111572266,0.6879817843437195,0.07745730876922607,1.237844705581665,0.19784288108348846,0.2597214877605438,0.24517172574996948,0.06379573792219162,0.029525037854909897,0.19430382549762726,0.17144891619682312,0.1417125016450882,0.10295666754245758,0.10146263986825943,0.0519765205681324,0.17779949307441711,0.12229328602552414,0.03570537269115448,0.13569453358650208,0.30130571126937866,0.3095023036003113,0.09928284585475922,0.23401078581809998,0.10904721170663834,0.056433405727148056,0.36534029245376587,0.12012442201375961,0.06305262446403503,0.044132083654403687,0.20602239668369293,0.1588497757911682,0.20175810158252716,0.042634520679712296,0.21616743505001068,0.22986866533756256,0.29851430654525757,0.1381002962589264,0.35277363657951355,0.22044888138771057,0.1594659388065338,0.08245209604501724
AI665,0.25,0.035714286,0.214285714,0.071428571,0.357142857,0.0,0.642857143,0.178571429,1.178571429,0.107142857,0.178571429,0.642857143,0.25,0.857142857,0.321428571,0.357142857,0.392857143,0.035714286,0.0,0.392857143,0.25,0.214285714,0.0,0.178571429,0.0,0.285714286,0.0,0.035714286,0.107142857,0.0,0.821428571,0.035714286,0.071428571,0.071428571,0.0,0.142857143,0.035714286,0.0,0.0,0.392857143,0.0,0.0,0.178571429,0.178571429,0.0,0.0,0.107142857,0.107142857,0.071428571,0.0,0.0,0.4769904911518097,0.18637029826641083,0.6240836977958679,0.3087259829044342,0.34469252824783325,0.21536284685134888,0.32418832182884216,0.30189570784568787,1.080238938331604,0.16956499218940735,0.26780033111572266,0.6879817843437195,0.07745730876922607,1.237844705581665,0.19784288108348846,0.2597214877605438,0.24517172574996948,0.06379573792219162,0.029525037854909897,0.19430382549762726,0.17144891619682312,0.1417125016450882,0.10295666754245758,0.10146263986825943,0.0519765205681324,0.17779949307441711,0.12229328602552414,0.03570537269115448,0.13569453358650208,0.30130571126937866,0.3095023036003113,0.09928284585475922,0.23401078581809998,0.10904721170663834,0.056433405727148056,0.36534029245376587,0.12012442201375961,0.06305262446403503,0.044132083654403687,0.20602239668369293,0.1588497757911682,0.20175810158252716,0.042634520679712296,0.21616743505001068,0.22986866533756256,0.29851430654525757,0.1381002962589264,0.35277363657951355,0.22044888138771057,0.1594659388065338,0.08245209604501724
AI681,0.0,0.071428571,0.107142857,0.107142857,0.142857143,0.0,0.5,0.0,2.785714286,0.107142857,0.428571429,0.928571429,0.214285714,1.285714286,0.178571429,0.214285714,0.071428571,0.0,0.0,0.071428571,0.071428571,0.0,0.071428571,0.071428571,0.0,0.285714286,0.035714286,0.0,0.25,0.428571429,0.964285714,0.0,0.0,0.0,0.0,0.0,0.0,0.0,0.0,0.214285714,0.0,0.107142857,0.214285714,0.607142857,0.0,0.0,0.0,0.107142857,0.0,0.0,0.0,0.4769904911518097,0.18637029826641083,0.6240836977958679,0.3087259829044342,0.34469252824783325,0.21536284685134888,0.32418832182884216,0.30189570784568787,1.080238938331604,0.16956499218940735,0.26780033111572266,0.6879817843437195,0.07745730876922607,1.237844705581665,0.19784288108348846,0.2597214877605438,0.24517172574996948,0.06379573792219162,0.029525037854909897,0.19430382549762726,0.17144891619682312,0.1417125016450882,0.10295666754245758,0.10146263986825943,0.0519765205681324,0.17779949307441711,0.12229328602552414,0.03570537269115448,0.13569453358650208,0.30130571126937866,0.3095023036003113,0.09928284585475922,0.23401078581809998,0.10904721170663834,0.056433405727148056,0.36534029245376587,0.12012442201375961,0.06305262446403503,0.044132083654403687,0.20602239668369293,0.1588497757911682,0.20175810158252716,0.042634520679712296,0.21616743505001068,0.22986866533756256,0.29851430654525757,0.1381002962589264,0.35277363657951355,0.22044888138771057,0.1594659388065338,0.08245209604501724
AI768,0.275862069,0.034482759,0.620689655,0.206896552,0.413793103,0.0,0.482758621,0.103448276,1.724137931,0.068965517,0.24137931,0.689655172,0.0,0.827586207,0.0,0.0,0.310344828,0.068965517,0.0,0.310344828,0.103448276,0.0,0.0,0.103448276,0.0,0.0,0.0,0.0,0.275862069,0.24137931,0.793103448,0.0,0.275862069,0.24137931,0.0,0.137931034,0.0,0.0,0.206896552,0.206896552,0.0,0.103448276,0.172413793,0.448275862,0.137931034,0.0,0.0,0.379310345,0.0,0.068965517,0.103448276,0.4769904911518097,0.18637029826641083,0.6240836977958679,0.3087259829044342,0.34469252824783325,0.21536284685134888,0.32418832182884216,0.30189570784568787,1.080238938331604,0.16956499218940735,0.26780033111572266,0.6879817843437195,0.07745730876922607,1.237844705581665,0.19784288108348846,0.2597214877605438,0.24517172574996948,0.06379573792219162,0.029525037854909897,0.19430382549762726,0.17144891619682312,0.1417125016450882,0.10295666754245758,0.10146263986825943,0.0519765205681324,0.17779949307441711,0.12229328602552414,0.03570537269115448,0.13569453358650208,0.30130571126937866,0.3095023036003113,0.09928284585475922,0.23401078581809998,0.10904721170663834,0.056433405727148056,0.36534029245376587,0.12012442201375961,0.06305262446403503,0.044132083654403687,0.20602239668369293,0.1588497757911682,0.20175810158252716,0.042634520679712296,0.21616743505001068,0.22986866533756256,0.29851430654525757,0.1381002962589264,0.35277363657951355,0.22044888138771057,0.1594659388065338,0.08245209604501724
AA034,0.384615385,0.038461538,0.692307692,0.0,0.0,0.307692308,0.230769231,0.0,0.153846154,0.538461538,0.115384615,0.038461538,0.0,0.307692308,0.0,0.0,0.153846154,0.384615385,0.076923077,0.384615385,0.0,0.230769231,0.423076923,0.0,0.0,0.0,0.0,0.192307692,0.461538462,0.346153846,0.153846154,0.423076923,2.192307692,0.0,0.0,0.0,0.153846154,0.0,0.0,0.0,0.0,0.0,0.0,0.153846154,0.115384615,0.538461538,0.0,0.115384615,0.0,0.153846154,0.192307692,0.659830629825592,0.337870329618454,0.6374208331108093,0.5867181420326233,0.32680609822273254,0.38107237219810486,0.600430428981781,0.2817530930042267,0.38387614488601685,0.4479215443134308,0.16397841274738312,0.16779345273971558,0.1231301873922348,0.48175477981567383,0.05030513554811478,0.09918263554573059,0.15171246230602264,0.05675699934363365,0.2151450365781784,0.24733826518058777,0.33540570735931396,0.2438754290342331,0.08960942178964615,0.15042221546173096,0.05290296673774719,0.14914773404598236,0.1675385981798172,0.09082932025194168,0.11591948568820953,0.25054439902305603,0.20924142003059387,0.32695284485816956,0.41335955262184143,0.21552157402038574,0.13293172419071198,0.3473270535469055,0.1491742879152298,0.11688992381095886,0.048304226249456406,0.25249701738357544,0.19403408467769623,0.19577562808990479,0.0959644764661789,0.24571718275547028,0.41398265957832336,0.3115849792957306,0.14895321428775787,0.37765035033226013,0.2310056835412979,0.18173561990261078,0.10212209075689316
AA232,0.076923077,0.0,0.115384615,0.0,0.0,0.0,0.5,0.5,0.0,0.192307692,0.0,0.0,0.0,0.576923077,0.0,0.0,0.0,0.384615385,0.846153846,0.576923077,0.153846154,0.115384615,0.115384615,0.0,0.0,0.076923077,0.0,0.0,0.230769231,0.153846154,0.115384615,0.269230769,0.192307692,0.230769231,0.346153846,0.0,0.346153846,0.153846154,0.0,0.538461538,0.115384615,0.576923077,0.846153846,0.038461538,0.0,0.384615385,0.192307692,0.0,0.5,0.076923077,0.0,0.31251299381256104,0.16630323231220245,0.4184933304786682,0.2885749042034149,0.21553270518779755,0.18866395950317383,0.8057838678359985,0.5172684788703918,0.18799448013305664,0.14117400348186493,0.09308019280433655,0.11920301616191864,0.06696071475744247,0.5578955411911011,0.06941307336091995,0.12230279296636581,0.1519967019557953,0.16343837976455688,0.23603235185146332,0.3001907467842102,0.28560197353363037,0.24073117971420288,0.10044484585523605,0.1532590538263321,0.1134631484746933,0.1787852644920349,0.1701667308807373,0.07579180598258972,0.175027534365654,0.24962736666202545,0.09140808880329132,0.13748086988925934,0.20102456212043762,0.27784624695777893,0.12738355994224548,0.2999263405799866,0.1335289180278778,0.06810677796602249,0.04477570950984955,0.2261888086795807,0.18574877083301544,0.19608880579471588,0.21064645051956177,0.28943556547164917,0.19789116084575653,0.2777634859085083,0.1361847072839737,0.3029889464378357,0.22734200954437256,0.1353730857372284,0.09317875653505325
AB567,0.166666667,0.0,0.277777778,0.0,0.0,0.0,0.111111111,0.0,0.055555556,0.0,0.0,0.0,0.0,0.166666667,0.0,0.0,0.0,0.0,0.0,0.666666667,0.0,0.777777778,0.055555556,0.944444444,0.277777778,0.611111111,0.0,0.0,0.0,0.222222222,0.277777778,0.0,3.944444444,0.055555556,0.055555556,0.0,0.111111111,0.0,0.0,0.0,0.0,0.055555556,0.222222222,0.222222222,0.0,0.277777778,0.0,0.0,0.0,0.0,0.0,0.2633001506328583,0.10314811021089554,0.2927338778972626,0.25259244441986084,0.17134732007980347,0.10272925347089767,0.16510801017284393,0.16572417318820953,0.4740797281265259,0.14415386319160461,0.11566546559333801,0.1598196029663086,0.07672420889139175,0.7226786613464355,0.11398274451494217,0.1127566248178482,0.12761755287647247,0.08388376235961914,0.2009366899728775,0.37954363226890564,0.33903947472572327,0.21353323757648468,0.16343989968299866,0.5109936594963074,0.06253304332494736,0.1281576305627823,0.21798346936702728,0.12302914261817932,0.4708743095397949,0.3306993842124939,0.2758777439594269,0.2971733510494232,0.6090851426124573,0.18031631410121918,0.19971518218517303,0.30739596486091614,0.1497511863708496,0.16723503172397614,0.043979212641716,0.23716576397418976,0.14511927962303162,0.1936156153678894,0.1108941063284874,0.20873846113681793,0.152777761220932,0.30510374903678894,0.14329051971435547,0.4481777846813202,0.1964743435382843,0.12388342618942261,0.10214889794588089
AC220,0.0,0.0,0.0,0.0,0.0,0.0,0.111111111,0.0,0.074074074,0.0,0.0,0.0,0.0,0.111111111,0.0,0.0,0.0,0.185185185,0.962962963,1.333333333,0.814814815,0.62962963,0.592592593,0.222222222,0.074074074,0.0,0.185185185,0.555555556,0.814814815,0.481481481,0.592592593,0.296296296,0.37037037,0.185185185,0.148148148,0.074074074,0.185185185,0.0,0.0,0.814814815,0.111111111,0.074074074,0.444444444,0.0,0.0,0.0,0.0,0.111111111,0.0,0.0,0.0,0.38936328887939453,0.11285199970006943,0.2926347255706787,0.27801093459129333,0.22820091247558594,0.10828991234302521,0.24178481101989746,0.22299914062023163,0.5942480564117432,0.13382847607135773,0.10435456782579422,0.17702682316303253,0.06008075550198555,0.9581250548362732,0.21486033499240875,0.2863273024559021,0.17931264638900757,0.19575732946395874,0.23661230504512787,0.28868013620376587,0.21593864262104034,0.310174822807312,0.170512393116951,0.20279228687286377,0.06235058605670929,0.1442682296037674,0.21239197254180908,0.10406899452209473,0.3487453758716583,0.4238831698894501,0.40204936265945435,0.4927453100681305,0.5720352530479431,0.23661254346370697,0.2165939062833786,0.42951101064682007,0.12942832708358765,0.08358709514141083,0.04750772938132286,0.3175774812698364,0.23494678735733032,0.19426369667053223,0.09046824276447296,0.18979883193969727,0.17795352637767792,0.28230416774749756,0.13338758051395416,0.24847370386123657,0.22510358691215515,0.1646752804517746,0.08711095154285431
AE574,0.37037037,0.481481481,0.296296296,0.111111111,0.333333333,0.074074074,0.296296296,0.0,0.777777778,0.222222222,0.592592593,0.407407407,0.111111111,0.111111111,0.111111111,0.0,0.074074074,0.0,0.0,0.0,0.111111111,0.0,0.148148148,0.111111111,0.0,0.0,0.222222222,0.444444444,0.925925926,0.259259259,0.925925926,0.111111111,0.0,0.148148148,0.0,0.222222222,0.0,0.0,0.888888889,1.037037037,0.185185185,0.148148148,0.296296296,0.185185185,0.222222222,0.407407407,0.222222222,0.333333333,0.185185185,0.0,0.0,0.4200758635997772,0.13081248104572296,0.49213889241218567,0.27542880177497864,0.3433164358139038,0.12809041142463684,0.507457971572876,0.2700072228908539,1.3915926218032837,0.3726117014884949,0.5492236018180847,0.6011966466903687,0.1349221020936966,1.2484577894210815,0.3162863254547119,0.2772793769836426,0.1777065247297287,0.12234357744455338,0.062334466725587845,0.10057824850082397,0.1918971836566925,0.06810332834720612,0.2351675182580948,0.1388016790151596,0.09261288493871689,0.3320195972919464,0.1748495101928711,0.23027651011943817,0.3140373229980469,0.28335413336753845,0.43087634444236755,0.13244134187698364,0.38687074184417725,0.19538189470767975,0.09012684226036072,0.5265492796897888,0.17133228480815887,0.06668400764465332,0.046636100858449936,0.17345215380191803,0.16829201579093933,0.19917498528957367,0.1029115542769432,0.26123905181884766,0.1982593536376953,0.28771549463272095,0.14363516867160797,0.30917537212371826,0.232245072722435,0.16398754715919495,0.11950089782476425
AG351,0.133333333,0.0,0.166666667,0.0,0.066666667,0.0,0.2,0.0,0.5,0.0,0.0,0.0,0.0,0.366666667,0.1,0.133333333,0.066666667,0.266666667,0.133333333,0.733333333,0.4,0.666666667,0.1,0.066666667,0.0,0.0,0.0,0.0,0.0,0.2,0.566666667,0.6,3.7,0.133333333,0.266666667,0.133333333,0.0,0.0,0.1,0.1,0.233333333,0.3,0.266666667,0.1,0.033333333,0.066666667,0.0,0.1,0.266666667,0.0,0.0,0.30785733461380005,0.14529868960380554,0.35859745740890503,0.5237428545951843,0.28454065322875977,0.13413546979427338,0.46912845969200134,0.3350977301597595,0.3921012878417969,0.23902370035648346,0.10317188501358032,0.14824475347995758,0.06224926933646202,0.911048173904419,0.2989998161792755,0.346569687128067,0.2703622281551361,0.18202725052833557,0.22761762142181396,0.23448890447616577,0.20342528820037842,0.23996686935424805,0.19677025079727173,0.21815122663974762,0.05516666918992996,0.1313210129737854,0.17621783912181854,0.05120997875928879,0.18900860846042633,0.19806192815303802,0.19072280824184418,0.4007651209831238,0.2745848596096039,0.1280054897069931,0.2239946573972702,0.5669701099395752,0.15619678795337677,0.12702274322509766,0.048466600477695465,0.36166220903396606,0.22385844588279724,0.2004614770412445,0.16143670678138733,0.508907675743103,0.40857765078544617,0.2807570993900299,0.13425453007221222,0.338091641664505,0.24436058104038239,0.15612393617630005,0.09476947039365768
AG575,0.066666667,0.033333333,0.233333333,0.0,0.0,0.0,0.0,0.0,0.0,0.0,0.0,0.0,0.0,0.266666667,0.0,0.066666667,0.0,0.0,0.033333333,0.566666667,0.1,0.233333333,0.133333333,0.2,0.0,0.0,0.233333333,0.366666667,0.466666667,0.133333333,0.4,0.933333333,3.8,0.133333333,0.433333333,0.533333333,0.1,0.0,0.066666667,0.0,0.166666667,0.0,0.0,0.0,0.0,0.0,0.0,0.0,0.1,0.0,0.1,0.3524110019207001,0.15299533307552338,0.310894638299942,0.2662947475910187,0.22719991207122803,0.08694936335086823,0.2839837372303009,0.16963651776313782,0.5210342407226562,0.1300055831670761,0.08257455378770828,0.14931358397006989,0.07866402715444565,0.7373117208480835,0.1274421215057373,0.23836961388587952,0.1620342880487442,0.13666625320911407,0.13516676425933838,0.25847119092941284,0.23608140647411346,0.3495861887931824,0.23362289369106293,0.285105437040329,0.09022727608680725,0.21300159394741058,0.23581787943840027,0.25199276208877563,0.6107472777366638,0.34212973713874817,0.3173324763774872,0.3970206379890442,0.4876743257045746,0.21225543320178986,0.1292385309934616,0.4714972674846649,0.15829657018184662,0.09777963906526566,0.048471011221408844,0.45959898829460144,0.21976986527442932,0.1934022158384323,0.10857946425676346,0.23708659410476685,0.20271523296833038,0.2979004383087158,0.1330999881029129,0.35226893424987793,0.22109867632389069,0.1503501981496811,0.11533133685588837
AH269,0.133333333,0.0,0.2,0.033333333,0.133333333,0.0,0.0,0.0,0.133333333,0.0,0.0,0.0,0.0,0.266666667,0.133333333,0.066666667,0.0,0.033333333,0.333333333,0.366666667,0.133333333,0.766666667,0.066666667,0.166666667,0.0,0.0,0.0,0.033333333,0.3,0.2,0.6,0.9,4.033333333,0.066666667,0.133333333,0.133333333,0.0,0.0,0.0,0.066666667,0.1,0.033333333,0.0,0.0,0.0,0.0,0.0,0.1,0.0,0.0,0.0,0.4341074526309967,0.31215739250183105,0.30546218156814575,0.3082755506038666,0.21307533979415894,0.09151003509759903,0.2877954840660095,0.22263850271701813,0.7285408973693848,0.16978023946285248,0.1842694878578186,0.25210848450660706,0.09187271445989609,0.9342676997184753,0.1572885513305664,0.27852216362953186,0.16065259277820587,0.12668868899345398,0.14387917518615723,0.23694086074829102,0.2496769279241562,0.3963632583618164,0.21249523758888245,0.26831409335136414,0.06979630887508392,0.156270369887352,0.19488394260406494,0.17963841557502747,0.7137676477432251,0.48509159684181213,0.3717195987701416,0.4967218041419983,0.6537901163101196,0.1634521484375,0.22065488994121552,0.4158843159675598,0.15627029538154602,0.08664092421531677,0.04750772938132286,0.3361625373363495,0.20167197287082672,0.1956140398979187,0.11796755343675613,0.19081754982471466,0.19904747605323792,0.2995855212211609,0.14468008279800415,0.45677489042282104,0.23000702261924744,0.15560971200466156,0.10086274147033691
AH568,0.1,0.066666667,0.266666667,0.0,0.0,0.0,0.533333333,0.2,1.3,0.0,0.9,0.266666667,0.066666667,0.866666667,0.133333333,0.3,0.0,0.1,0.033333333,0.0,0.0,0.0,0.1,0.0,0.133333333,0.0,0.066666667,0.0,0.566666667,0.366666667,0.6,0.566666667,2.633333333,0.133333333,0.0,0.133333333,0.1,0.0,0.0,0.066666667,0.0,0.0,0.0,0.2,0.133333333,0.0,0.0,0.0,0.0,0.0,0.0,0.42691150307655334,0.3194243907928467,0.3444072902202606,0.2887364625930786,0.25864163041114807,0.1499004065990448,0.2864610552787781,0.2569771111011505,0.9115166664123535,0.22181977331638336,0.7563267946243286,0.2860305905342102,0.11031634360551834,0.890758752822876,0.14153720438480377,0.29225775599479675,0.1647525131702423,0.08538615703582764,0.20909059047698975,0.2377527356147766,0.22025127708911896,0.3596314489841461,0.12301860749721527,0.25204023718833923,0.06728725880384445,0.15525171160697937,0.21535331010818481,0.1412947028875351,0.5199044346809387,0.38255444169044495,0.347939670085907,0.3900912404060364,0.4443763494491577,0.1417807936668396,0.1816135048866272,0.41339460015296936,0.14246733486652374,0.09503765404224396,0.04750772938132286,0.32144036889076233,0.23587855696678162,0.19508224725723267,0.10726228356361389,0.19532187283039093,0.1933666467666626,0.3449774384498596,0.1453692764043808,0.43417203426361084,0.2444182187318802,0.15540829300880432,0.10942154377698898
AH733,0.366666667,0.0,0.3,0.033333333,0.066666667,0.066666667,0.366666667,0.066666667,0.4,0.0,0.066666667,0.0,0.0,0.4,0.0,0.133333333,0.3,0.2,0.0,0.366666667,0.0,0.166666667,0.0,0.0,0.0,0.0,0.0,0.0,0.033333333,0.233333333,0.4,0.566666667,2.966666667,0.366666667,0.033333333,0.333333333,0.133333333,0.0,0.0,0.033333333,0.2,0.233333333,0.1,0.3,0.3,0.1,0.0,0.133333333,0.166666667,0.133333333,0.233333333,0.2779630720615387,0.11372677981853485,0.3208078444004059,0.792292058467865,0.2501795291900635,0.1174733117222786,0.22745496034622192,0.20477664470672607,0.3634105920791626,0.1684950888156891,0.06601075828075409,0.1458042711019516,0.06202377751469612,0.8153284192085266,0.13710922002792358,0.23208601772785187,0.19477173686027527,0.13043968379497528,0.16858410835266113,0.19268713891506195,0.2248629629611969,0.17797984182834625,0.20081883668899536,0.15781477093696594,0.05020240694284439,0.14585526287555695,0.21056224405765533,0.1327509731054306,0.3760042190551758,0.2367696315050125,0.14710424840450287,0.2593993544578552,0.26938894391059875,0.14994096755981445,0.08671067655086517,0.41268908977508545,0.27317389845848083,0.08465985953807831,0.044990453869104385,0.2529316842556,0.21273723244667053,0.20169410109519958,0.08141221851110458,0.5741837620735168,0.659304141998291,0.3215888440608978,0.13866204023361206,0.5720449090003967,0.2323141247034073,0.15403471887111664,0.11813471466302872
AJ010,0.137931034,0.0,0.517241379,0.0,0.103448276,0.0,0.0,0.068965517,0.517241379,0.0,0.0,0.103448276,0.0,0.413793103,0.275862069,0.137931034,0.275862069,0.068965517,0.103448276,0.793103448,0.344827586,0.965517241,0.206896552,0.620689655,0.0,0.0,0.862068966,0.275862069,1.068965517,0.482758621,0.620689655,0.965517241,0.689655172,0.310344828,0.448275862,0.482758621,0.068965517,0.413793103,0.0,1.517241379,0.0,0.0,0.24137931,0.0,0.068965517,0.068965517,0.0,0.0,0.068965517,0.0,0.0,0.269667387008667,0.10154763609170914,0.4361461102962494,0.32565635442733765,0.3988606631755829,0.1139235869050026,0.45313337445259094,0.2794152796268463,0.7050318121910095,0.11604169756174088,0.11437038332223892,0.21604737639427185,0.05444205179810524,1.3732174634933472,0.5255988240242004,0.42611387372016907,0.29793307185173035,0.09158496558666229,0.08681543171405792,0.39150843024253845,0.42285722494125366,0.11273451149463654,0.27688148617744446,0.11516007035970688,0.05694320797920227,0.186871737241745,0.1584194004535675,0.10713373124599457,0.16937774419784546,0.2552487254142761,0.2472841590642929,0.23198603093624115,0.11725664138793945,0.1295570284128189,0.051968764513731,0.5149024724960327,0.13050059974193573,0.061275746673345566,0.04660041257739067,0.1673518270254135,0.19279272854328156,0.19413131475448608,0.07221057265996933,0.20669493079185486,0.21231293678283691,0.2815813720226288,0.13332019746303558,0.2637091875076294,0.2327013611793518,0.13981014490127563,0.08713464438915253
AJ283,1.206896552,0.068965517,0.482758621,0.0,0.931034483,0.103448276,0.275862069,0.0,0.068965517,0.0,0.0,0.0,0.0,0.310344828,0.172413793,0.103448276,0.24137931,0.172413793,0.068965517,0.931034483,0.724137931,0.103448276,1.379310345,0.172413793,0.0,0.103448276,0.0,0.137931034,0.103448276,0.103448276,0.068965517,0.068965517,0.24137931,0.896551724,0.413793103,1.551724138,0.310344828,0.034482759,0.0,0.0,0.0,0.551724138,0.0,0.0,0.24137931,0.344827586,0.172413793,0.137931034,0.137931034,0.310344828,0.137931034,0.48917126655578613,0.12319139391183853,0.38204246759414673,0.24736879765987396,0.3204078674316406,0.07216382771730423,0.1811991184949875,0.19064541161060333,0.5722229480743408,0.1403968185186386,0.15459081530570984,0.15530900657176971,0.05762535333633423,0.7597886919975281,0.15266062319278717,0.21941712498664856,0.1820264309644699,0.12386346608400345,0.1205587089061737,0.6683140993118286,0.7347304821014404,0.13035942614078522,0.6605874300003052,0.11668837070465088,0.05893911048769951,0.07402428984642029,0.16547846794128418,0.2123473733663559,0.28464365005493164,0.24464596807956696,0.21763978898525238,0.16040118038654327,0.1631716936826706,0.23437267541885376,0.20272240042686462,0.39265626668930054,0.14853505790233612,0.06428387016057968,0.04434214159846306,0.18525274097919464,0.14021314680576324,0.19392549991607666,0.15835590660572052,0.25169190764427185,0.16654153168201447,0.28078073263168335,0.14490704238414764,0.30105656385421753,0.21675769984722137,0.136556014418602,0.10214988887310028
AJ481,0.275862069,0.448275862,0.413793103,0.0,0.379310345,0.172413793,0.24137931,0.275862069,1.413793103,0.310344828,0.75862069,0.620689655,0.275862069,1.586206897,0.24137931,0.310344828,0.275862069,0.034482759,0.0,0.0,0.551724138,0.0,0.793103448,0.275862069,0.275862069,0.482758621,0.034482759,0.0,0.0,0.344827586,0.103448276,0.0,0.0,0.0,0.0,0.413793103,0.0,0.0,0.0,0.0,0.103448276,0.103448276,0.0,0.137931034,0.413793103,0.172413793,0.0,0.034482759,0.344827586,0.310344828,0.275862069,0.7293892502784729,0.5206408500671387,0.43983161449432373,0.27123841643333435,0.27833253145217896,0.13820280134677887,0.3113035261631012,0.24480485916137695,0.5883561968803406,0.15702462196350098,0.13737189769744873,0.0982922911643982,0.03828618675470352,0.7161425352096558,0.21754692494869232,0.1811387836933136,0.1987156867980957,0.07528718560934067,0.2079750895500183,0.17836187779903412,0.24146465957164764,0.2491643875837326,0.10685773938894272,0.20968182384967804,0.040290918201208115,0.152924045920372,0.12501467764377594,0.020765194669365883,0.14425286650657654,0.28586694598197937,0.25174856185913086,0.22748443484306335,0.26789432764053345,0.1371496021747589,0.13028672337532043,0.45420122146606445,0.11376920342445374,0.09107047319412231,0.043974801898002625,0.2601727247238159,0.17681299149990082,0.19239990413188934,0.033665940165519714,0.17325636744499207,0.21528512239456177,0.2791777551174164,0.14218690991401672,0.21564267575740814,0.22457145154476166,0.2243797779083252,0.08798372000455856
AJ537,0.24137931,0.034482759,0.24137931,0.310344828,0.137931034,0.0,0.310344828,0.24137931,1.137931034,0.0,0.724137931,0.75862069,0.24137931,2.068965517,0.965517241,0.344827586,0.482758621,0.724137931,1.413793103,0.137931034,0.310344828,0.24137931,0.068965517,0.0,0.0,0.103448276,0.0,0.0,0.0,0.0,0.0,0.0,0.0,0.0,0.0,0.24137931,0.0,0.103448276,0.0,0.0,0.172413793,0.172413793,0.034482759,0.310344828,0.206896552,0.24137931,0.0,0.689655172,0.172413793,0.103448276,0.0,0.36004599928855896,0.10587085783481598,0.3030564486980438,0.24536162614822388,0.29588261246681213,0.12084423750638962,0.2027086615562439,0.21160930395126343,0.44568154215812683,0.12968625128269196,0.03346551954746246,0.04795612767338753,0.039137981832027435,1.033546805381775,0.4336145520210266,0.34648197889328003,0.2345198690891266,0.2304767221212387,0.40739959478378296,0.4330417215824127,0.2985316514968872,0.27678757905960083,0.18555529415607452,0.08494720607995987,0.039281997829675674,0.12799105048179626,0.13024243712425232,0.03752738609910011,0.14839012920856476,0.3326086103916168,0.2800479531288147,0.3090131878852844,0.14489689469337463,0.14999623596668243,0.12317229062318802,0.3825411796569824,0.12337261438369751,0.06395447999238968,0.0441330224275589,0.24901796877384186,0.2453649938106537,0.19390176236629486,0.08836261183023453,0.21079926192760468,0.19508562982082367,0.283035546541214,0.1348850578069687,0.28303655982017517,0.21642424166202545,0.16005484759807587,0.11376290768384933
AL508,1.2,0.066666667,0.666666667,0.033333333,0.666666667,0.3,0.2,0.0,0.166666667,0.2,0.4,0.133333333,0.0,0.633333333,0.1,0.133333333,0.1,0.0,0.066666667,0.433333333,0.8,0.0,0.5,0.0,0.0,0.066666667,0.0,0.0,0.033333333,0.333333333,0.5,0.066666667,0.133333333,0.333333333,0.133333333,1.166666667,0.0,0.1,0.0,0.266666667,0.366666667,0.233333333,0.166666667,0.0,0.233333333,0.066666667,0.133333333,0.0,0.466666667,0.266666667,0.333333333,0.6445031762123108,0.4407638609409332,0.5452375411987305,0.2878538966178894,0.3566571772098541,0.1854604035615921,0.3692425787448883,0.21929575502872467,0.7112628817558289,0.18173615634441376,0.25379952788352966,0.15863913297653198,0.05964008718729019,0.7917267680168152,0.14836928248405457,0.14870862662792206,0.18491484224796295,0.07506034523248672,0.08267591148614883,0.23883633315563202,0.4493370056152344,0.051063597202301025,0.44780364632606506,0.0872451663017273,0.043576430529356,0.16919167339801788,0.12765589356422424,0.04471200704574585,0.11576513946056366,0.22807395458221436,0.24569383263587952,0.06447383016347885,0.08611014485359192,0.17817632853984833,0.05461250990629196,0.39213377237319946,0.12852825224399567,0.06289621442556381,0.04434214159846306,0.1576990932226181,0.1194988489151001,0.1945504993200302,0.06975731998682022,0.19205614924430847,0.20960633456707,0.29620519280433655,0.13804444670677185,0.2811104953289032,0.2236853688955307,0.16701960563659668,0.12438858300447464
AL541,0.6,0.0,0.733333333,1.466666667,0.633333333,0.1,0.566666667,0.0,0.533333333,0.066666667,0.066666667,0.0,0.0,1.833333333,0.5,0.466666667,0.7,0.0,0.0,0.1,0.0,0.0,0.066666667,0.0,0.133333333,0.1,0.066666667,0.0,0.066666667,0.166666667,0.3,0.0,0.0,0.4,0.0,0.8,0.166666667,0.033333333,0.1,0.133333333,0.1,0.033333333,0.233333333,0.066666667,0.533333333,0.0,0.2,0.033333333,0.066666667,0.2,0.1,0.3987622559070587,0.1041918620467186,0.3450928032398224,0.24495148658752441,0.3187178075313568,0.1303168535232544,0.254183292388916,0.176955908536911,0.313510537147522,0.11849361658096313,0.047947075217962265,0.035779573023319244,0.028888501226902008,0.6904618740081787,0.23083898425102234,0.210364431142807,0.18703530728816986,0.11734617501497269,0.14105530083179474,0.3977155387401581,0.32770395278930664,0.0975804328918457,0.27787184715270996,0.06487154960632324,0.04081164300441742,0.1137748435139656,0.11765079200267792,0.026406291872262955,0.13699078559875488,0.28585758805274963,0.2158569097518921,0.10964509099721909,0.06959143280982971,0.18342414498329163,0.08498459309339523,0.7087663412094116,0.1521109789609909,0.0818810760974884,0.04434214159846306,0.21830040216445923,0.1775558888912201,0.19392549991607666,0.11976627260446548,0.19071297347545624,0.18430054187774658,0.2860178053379059,0.14227068424224854,0.26795631647109985,0.23942919075489044,0.14870841801166534,0.15125156939029694
AL657,0.933333333,0.133333333,0.333333333,0.433333333,0.266666667,0.133333333,0.833333333,0.333333333,2.0,0.266666667,0.9,0.433333333,0.233333333,2.066666667,0.266666667,0.4,0.166666667,0.0,0.0,0.066666667,0.066666667,0.166666667,0.233333333,0.066666667,0.033333333,0.266666667,0.0,0.0,0.166666667,0.133333333,0.3,0.0,0.066666667,0.166666667,0.0,0.133333333,0.0,0.0,0.0,0.1,0.0,0.233333333,0.066666667,0.0,0.1,0.366666667,0.0,0.5,0.2,0.0,0.066666667,0.5824602842330933,0.138292595744133,0.5359446406364441,0.32043907046318054,0.47729143500328064,0.256133109331131,0.38953256607055664,0.25088876485824585,0.46707823872566223,0.15804153680801392,0.0921698585152626,0.07550632208585739,0.039098650217056274,0.7944270968437195,0.2631188929080963,0.24707722663879395,0.22515186667442322,0.13769115507602692,0.09760122001171112,0.3172187805175781,0.5311196446418762,0.06843304634094238,0.26389962434768677,0.09056299179792404,0.03820641711354256,0.19907619059085846,0.1098601222038269,0.030714688822627068,0.08730392158031464,0.18344059586524963,0.16320084035396576,0.0442856140434742,0.09848219901323318,0.23660168051719666,0.0657518282532692,0.7603743076324463,0.22159552574157715,0.0615496002137661,0.04404613748192787,0.14580190181732178,0.2282063066959381,0.19439555704593658,0.03257065638899803,0.18368521332740784,0.20619282126426697,0.2807501256465912,0.14754275977611542,0.23829862475395203,0.23744207620620728,0.17894862592220306,0.15023599565029144
AL728,1.0,0.366666667,1.066666667,0.166666667,0.9,0.433333333,0.4,0.066666667,0.5,0.033333333,0.033333333,0.0,0.0,0.4,0.166666667,0.066666667,0.2,0.1,0.166666667,0.333333333,0.866666667,0.0,0.433333333,0.0,0.0,0.333333333,0.0,0.1,0.033333333,0.5,0.4,0.066666667,0.033333333,0.566666667,0.233333333,0.933333333,0.166666667,0.0,0.0,0.0,0.366666667,0.0,0.0,0.0,0.166666667,0.333333333,0.2,0.0,0.5,0.233333333,0.2,0.6671987175941467,0.27602583169937134,0.44214093685150146,0.304513156414032,0.3638019263744354,0.15952979028224945,0.38111379742622375,0.2012685388326645,0.5530064702033997,0.14576344192028046,0.09334685653448105,0.050398074090480804,0.04740259796380997,0.4543655812740326,0.1061473861336708,0.12972207367420197,0.16025188565254211,0.07834888249635696,0.07431405037641525,0.3483264744281769,0.41660258173942566,0.13514111936092377,0.2990664839744568,0.11486165225505829,0.034814611077308655,0.2810142934322357,0.1116972342133522,0.029681960120797157,0.13280725479125977,0.2413436323404312,0.1656298041343689,0.17484956979751587,0.11650543659925461,0.22260929644107819,0.09440053254365921,0.9552907943725586,0.2401151806116104,0.1097404956817627,0.04404613748192787,0.2800234854221344,0.20599013566970825,0.19392549991607666,0.13453255593776703,0.15720346570014954,0.18863247334957123,0.2900228500366211,0.14751066267490387,0.23095625638961792,0.2228497713804245,0.22219902276992798,0.13412725925445557
AL806,1.266666667,0.066666667,1.166666667,0.0,0.7,0.266666667,0.366666667,0.0,0.533333333,0.266666667,0.0,0.0,0.0,0.733333333,0.0,0.1,0.0,0.1,0.0,0.0,0.166666667,0.0,0.033333333,0.0,0.0,0.0,0.0,0.0,0.0,0.466666667,0.166666667,0.0,0.0,0.5,0.133333333,0.8,0.1,0.366666667,0.0,0.066666667,0.533333333,0.0,0.0,0.033333333,0.133333333,0.033333333,0.2,0.0,0.6,0.333333333,0.033333333,0.5596122741699219,0.24691812694072723,0.49334466457366943,0.3670961856842041,0.3259267807006836,0.17172662913799286,0.3558553159236908,0.2225223183631897,0.5168772339820862,0.19385327398777008,0.09375899285078049,0.13943755626678467,0.0545046404004097,0.5950139164924622,0.15167638659477234,0.17933806777000427,0.17153307795524597,0.05835447087883949,0.057780805975198746,0.1744520366191864,0.20188720524311066,0.05183488130569458,0.15201666951179504,0.052251312881708145,0.03566950559616089,0.292016863822937,0.1108560860157013,0.049905966967344284,0.07648660242557526,0.1860465258359909,0.19479423761367798,0.06386051326990128,0.04475177079439163,0.22262074053287506,0.07550223171710968,0.7899264693260193,0.2678915858268738,0.0808335393667221,0.04404613748192787,0.1757575124502182,0.20758554339408875,0.19484461843967438,0.14290040731430054,0.1589549481868744,0.24742785096168518,0.28461453318595886,0.13700246810913086,0.2631417214870453,0.22684118151664734,0.2070450335741043,0.11369142681360245
AL860,1.166666667,0.1,0.833333333,0.233333333,0.6,0.233333333,0.433333333,0.0,0.5,0.3,0.133333333,0.066666667,0.0,0.733333333,0.066666667,0.1,0.2,0.0,0.0,0.0,0.166666667,0.0,0.066666667,0.0,0.0,0.1,0.0,0.0,0.0,0.066666667,0.266666667,0.0,0.0,0.366666667,0.1,0.8,0.1,0.133333333,0.066666667,0.033333333,0.733333333,0.066666667,0.0,0.033333333,0.133333333,0.133333333,0.8,0.0,1.033333333,0.2,0.166666667,0.6438305974006653,0.1914147585630417,0.48312801122665405,0.32084330916404724,0.3631986677646637,0.1807449460029602,0.358260840177536,0.23964567482471466,0.5299816131591797,0.1564607322216034,0.09331563860177994,0.14163802564144135,0.04782138019800186,0.5868440866470337,0.18761511147022247,0.17599211633205414,0.18714655935764313,0.08727868646383286,0.05997251346707344,0.16076989471912384,0.4450799524784088,0.06291229277849197,0.32277125120162964,0.12534551322460175,0.036774374544620514,0.2714826464653015,0.11239403486251831,0.021079234778881073,0.12593066692352295,0.2093144953250885,0.1712544709444046,0.03658130392432213,0.01822850853204727,0.20614159107208252,0.08166623115539551,0.8422282934188843,0.22975854575634003,0.0896231159567833,0.04404613748192787,0.16319260001182556,0.20600110292434692,0.1962447315454483,0.14704963564872742,0.17443281412124634,0.21051229536533356,0.2827347218990326,0.1437959372997284,0.24081283807754517,0.23997926712036133,0.18928413093090057,0.13071313500404358
AL869,0.5,0.0,0.433333333,0.4,0.3,0.133333333,0.966666667,0.0,1.566666667,0.266666667,0.533333333,0.733333333,0.266666667,2.1,0.366666667,0.466666667,0.0,0.0,0.0,0.233333333,0.5,0.0,0.6,0.233333333,0.033333333,0.533333333,0.133333333,0.0,0.433333333,0.2,0.033333333,0.0,0.0,0.233333333,0.0,0.333333333,0.333333333,0.0,0.0,0.0,0.0,0.0,0.1,0.0,0.233333333,0.433333333,0.0,0.4,0.0,0.0,0.0,0.4905928075313568,0.113371342420578,0.3913474678993225,0.2574964463710785,0.32155755162239075,0.10185998678207397,0.43019381165504456,0.1694750338792801,0.4724724590778351,0.13689883053302765,0.23692849278450012,0.15572120249271393,0.05862937495112419,0.7203134298324585,0.1742025762796402,0.18949604034423828,0.16390852630138397,0.06352321803569794,0.07693586498498917,0.4103255867958069,0.5220325589179993,0.0987558588385582,0.40787339210510254,0.1348651945590973,0.05186152458190918,0.12778817117214203,0.1439964920282364,0.08575378358364105,0.17409974336624146,0.25977906584739685,0.19043239951133728,0.16547714173793793,0.09079552441835403,0.19850343465805054,0.1381220668554306,0.6640116572380066,0.19019967317581177,0.07882410287857056,0.0441330224275589,0.16774338483810425,0.14779384434223175,0.19392549991607666,0.08695849776268005,0.18680818378925323,0.16821609437465668,0.2792309522628784,0.14153510332107544,0.28921982645988464,0.23619823157787323,0.16401861608028412,0.14165879786014557
AM997,0.5,0.0,0.4,0.133333333,0.5,0.233333333,0.266666667,0.5,0.233333333,0.0,0.133333333,0.0,0.133333333,0.633333333,0.2,0.2,0.0,0.433333333,0.066666667,0.566666667,0.733333333,0.466666667,0.3,0.0,0.066666667,0.066666667,0.0,0.0,0.233333333,0.4,0.333333333,0.566666667,1.3,0.566666667,0.133333333,1.2,0.0,0.0,0.0,0.0,0.3,0.066666667,0.0,0.0,0.066666667,0.0,0.033333333,0.166666667,0.066666667,0.0,0.166666667,0.3498283326625824,0.11043140292167664,0.4902235269546509,0.31865590810775757,0.4139927625656128,0.18528364598751068,0.5826447606086731,0.3030838966369629,0.3787510395050049,0.10154402256011963,0.07708517462015152,0.12649992108345032,0.04422275722026825,1.226392149925232,0.3767649531364441,0.32186105847358704,0.2058899700641632,0.10491339862346649,0.056179288774728775,0.4995957911014557,0.651913046836853,0.0728270560503006,0.288493275642395,0.0706474706530571,0.10739751905202866,0.18746408820152283,0.132234588265419,0.06657161563634872,0.08975173532962799,0.20297059416770935,0.13513891398906708,0.03483012318611145,0.02305196039378643,0.1896282434463501,0.04124390706419945,0.7875300645828247,0.12991559505462646,0.05987878143787384,0.04404613748192787,0.12422545254230499,0.22026319801807404,0.19500988721847534,0.14291997253894806,0.19574569165706635,0.24816258251667023,0.29327183961868286,0.14267832040786743,0.2539573311805725,0.24397696554660797,0.1631193459033966,0.12869200110435486
AO882,0.233333333,0.0,0.433333333,0.166666667,0.3,0.0,0.533333333,0.433333333,0.433333333,0.0,0.0,0.033333333,0.0,1.366666667,0.5,0.433333333,0.166666667,0.066666667,0.0,0.866666667,1.266666667,0.433333333,0.933333333,0.3,0.433333333,0.233333333,0.933333333,0.066666667,0.5,0.266666667,0.366666667,0.133333333,0.133333333,0.1,0.066666667,0.6,0.0,0.1,0.166666667,1.033333333,0.3,0.2,0.0,0.133333333,0.233333333,0.0,0.0,0.066666667,0.066666667,0.266666667,0.033333333,0.3049858808517456,0.1021195575594902,0.3587031960487366,0.29360634088516235,0.4009397327899933,0.12744618952274323,0.39416536688804626,0.27531006932258606,0.2375485599040985,0.09242210537195206,0.04625093564391136,0.11760452389717102,0.036059413105249405,1.1426206827163696,0.4519154131412506,0.3136480152606964,0.2945844531059265,0.14752207696437836,0.11765561997890472,0.5523032546043396,0.5418803095817566,0.12896040081977844,0.3361268639564514,0.09476970881223679,0.0731842964887619,0.19462503492832184,0.12491700798273087,0.13748665153980255,0.12324430048465729,0.22559867799282074,0.15073642134666443,0.060348108410835266,0.09209876507520676,0.1841868758201599,0.04222068190574646,0.635335385799408,0.13841933012008667,0.06076381728053093,0.04404613748192787,0.15094900131225586,0.19682858884334564,0.19413131475448608,0.07940269261598587,0.23539020121097565,0.22802351415157318,0.27932509779930115,0.1332968771457672,0.2790311276912689,0.23369979858398438,0.1487204134464264,0.1038140133023262
AP839,0.233333333,0.0,0.3,0.0,0.0,0.0,0.0,0.066666667,0.266666667,0.0,0.066666667,0.1,0.0,0.4,0.533333333,0.266666667,0.266666667,0.0,0.0,0.4,0.133333333,0.433333333,0.133333333,0.133333333,0.0,0.366666667,0.266666667,0.2,1.966666667,0.966666667,0.8,1.333333333,2.466666667,0.033333333,0.5,0.533333333,0.0,0.1,0.266666667,0.966666667,0.0,0.0,0.1,0.0,0.0,0.4,0.0,0.133333333,0.1,0.0,0.066666667,0.29215171933174133,0.09747157245874405,0.30070173740386963,0.2596367597579956,0.1830933690071106,0.06198783963918686,0.2586216926574707,0.16323314607143402,0.3670877516269684,0.14641858637332916,0.08447036147117615,0.10770729184150696,0.0470508337020874,0.6315849423408508,0.15479151904582977,0.1706918179988861,0.1483888477087021,0.066268190741539,0.1023542732000351,0.24488912522792816,0.24215729534626007,0.5021575689315796,0.19760580360889435,0.26611363887786865,0.07826779782772064,0.1750790923833847,0.19750647246837616,0.17500397562980652,0.6859610080718994,0.48371586203575134,0.3887835741043091,0.5971035957336426,0.410513311624527,0.1636708378791809,0.12554927170276642,0.47347381711006165,0.12141872197389603,0.08669108897447586,0.04423629119992256,0.5265054702758789,0.12623800337314606,0.1919405162334442,0.1390201598405838,0.1718810498714447,0.17103442549705505,0.2818230390548706,0.13535980880260468,0.24440088868141174,0.22412465512752533,0.13230066001415253,0.1622968316078186
