stimulus,true_Green,true_Cucumber,true_Herbal,true_Mint,true_Woody,true_Pine,true_Floral,true_Powdery,true_Fruity,true_Citrus,true_Tropical,true_Berry,true_Peach,true_Sweet,true_Caramellic,true_Vanilla,true_BrownSpice,true_Smoky,true_Burnt,true_Roasted,true_Grainy,true_Meaty,true_Nutty,true_Fatty,true_Coconut,true_Waxy,true_Dairy,true_Buttery,true_Cheesy,true_Sour,true_Fermented,true_Sulfurous,true_Garlic.Onion,true_Earthy,true_Mushroom,true_Musty,true_Ammonia,true_Fishy,true_Fecal,true_Rotten.Decay,true_Rubber,true_Phenolic,true_Animal,true_Medicinal,true_Cooling,true_Sharp,true_Chlorine,true_Alcoholic,true_Plastic,true_Ozone,true_Metallic,pred_Green,pred_Cucumber,pred_Herbal,pred_Mint,pred_Woody,pred_Pine,pred_Floral,pred_Powdery,pred_Fruity,pred_Citrus,pred_Tropical,pred_Berry,pred_Peach,pred_Sweet,pred_Caramellic,pred_Vanilla,pred_BrownSpice,pred_Smoky,pred_Burnt,pred_Roasted,pred_Grainy,pred_Meaty,pred_Nutty,pred_Fatty,pred_Coconut,pred_Waxy,pred_Dairy,pred_Buttery,pred_Cheesy,pred_Sour,pred_Fermented,pred_Sulfurous,pred_Garlic.Onion,pred_Earthy,pred_Mushroom,pred_Musty,pred_Ammonia,pred_Fishy,pred_Fecal,pred_Rotten.Decay,pred_Rubber,pred_Phenolic,pred_Animal,pred_Medicinal,pred_Cooling,pred_Sharp,pred_Chlorine,pred_Alcoholic,pred_Plastic,pred_Ozone,pred_Metallic
AA217,0.192307692,0.0,0.192307692,0.0,0.0,0.0,0.115384615,0.038461538,0.076923077,0.0,0.0,0.0,0.269230769,0.961538462,0.384615385,0.0,0.0,0.307692308,0.653846154,0.730769231,0.384615385,0.0,0.5,0.576923077,0.153846154,1.076923077,0.0,0.653846154,0.153846154,0.038461538,0.0,0.384615385,0.0,0.384615385,0.538461538,0.038461538,0.192307692,0.0,0.0,0.192307692,0.192307692,0.115384615,0.538461538,0.0,0.0,0.0,0.0,0.0,0.0,0.0,0.0,0.2330169379711151,0.08607596158981323,0.23227715492248535,0.09649934619665146,0.2708670496940613,0.10062482208013535,0.2701096534729004,0.2072116881608963,0.32137537002563477,0.16847123205661774,0.11238837242126465,0.12492958456277847,0.11484570056200027,0.5356831550598145,0.31323477625846863,0.262685626745224,0.17014242708683014,0.20299437642097473,0.1436646580696106,0.45765984058380127,0.3149656653404236,0.20947489142417908,0.23848943412303925,0.12110628932714462,0.14679576456546783,0.29879966378211975,0.3049681484699249,0.19499675929546356,0.3606796860694885,0.3189557194709778,0.1846761405467987,0.2427569180727005,0.5626702308654785,0.16273047029972076,0.2691335678100586,0.3079967200756073,0.15562501549720764,0.042858514934778214,0.057351309806108475,0.3724343180656433,0.1962672472000122,0.11489979177713394,0.04688875377178192,0.1376020610332489,0.13818804919719696,0.18426892161369324,0.04407810792326927,0.18233588337898254,0.266654908657074,0.0935325101017952,0.0974443256855011
AA332,0.076923077,0.038461538,0.0,0.0,0.076923077,0.076923077,0.0,0.0,0.0,0.0,0.0,0.0,0.0,0.0,0.0,0.0,0.0,0.0,0.730769231,0.653846154,0.115384615,0.730769231,0.153846154,0.0,0.0,0.0,0.884615385,0.153846154,0.769230769,0.769230769,0.615384615,0.961538462,0.576923077,0.346153846,0.538461538,0.307692308,0.230769231,0.153846154,0.423076923,1.730769231,0.153846154,0.0,0.615384615,0.0,0.038461538,0.384615385,0.0,0.0,0.0,0.0,0.0,0.22071321308612823,0.13086192309856415,0.13671334087848663,0.047860004007816315,0.1463228017091751,0.026473887264728546,0.13636736571788788,0.07482222467660904,0.20219984650611877,0.16298553347587585,0.061045706272125244,0.08018802851438522,0.03069211170077324,0.3088761568069458,0.06179390102624893,0.07796532660722733,0.15744885802268982,0.14771702885627747,0.24353784322738647,0.3719915747642517,0.17415876686573029,0.22157101333141327,0.20362910628318787,0.13796554505825043,0.05772029235959053,0.12627126276493073,0.551365315914154,0.12903982400894165,0.7365878224372864,0.4182474613189697,0.3193524181842804,0.5508841276168823,0.6240839958190918,0.28525927662849426,0.294124960899353,0.4770049452781677,0.15266649425029755,0.3176083266735077,0.18900899589061737,0.7541979551315308,0.17452087998390198,0.06734274327754974,0.0981762558221817,0.13908357918262482,0.07423844933509827,0.2668288052082062,0.0633564218878746,0.0649285688996315,0.14774785935878754,0.05079725757241249,0.09425659477710724
AA649,0.0,0.0,0.0,0.0,0.0,0.115384615,0.307692308,0.269230769,0.153846154,0.0,0.0,0.0,0.0,0.576923077,0.0,0.0,0.115384615,0.076923077,0.846153846,0.384615385,0.730769231,0.115384615,0.576923077,0.346153846,0.0,0.192307692,0.0,0.0,0.153846154,0.0,0.192307692,0.653846154,0.384615385,0.461538462,0.192307692,0.0,0.5,0.0,0.0,0.0,0.0,0.423076923,0.692307692,0.076923077,0.0,0.153846154,0.0,0.0,0.0,0.0,0.0,0.21496377885341644,0.13118761777877808,0.21938693523406982,0.104047991335392,0.182680144906044,0.1564859002828598,0.7968348264694214,0.5024600625038147,0.16503188014030457,0.16235151886940002,0.06241655349731445,0.09526386111974716,0.04215225204825401,0.39409247040748596,0.04047629237174988,0.04834827780723572,0.15740862488746643,0.27832961082458496,0.16002072393894196,0.3598301410675049,0.2835167646408081,0.14981712400913239,0.13759344816207886,0.12634503841400146,0.09652525186538696,0.1629769206047058,0.1950472742319107,0.11706233024597168,0.260009229183197,0.254774272441864,0.16315890848636627,0.1473870426416397,0.4523102641105652,0.1841670572757721,0.08475792407989502,0.23339487612247467,0.1532086282968521,0.05887553468346596,0.022307882085442543,0.15654127299785614,0.15126682817935944,0.21428509056568146,0.17820069193840027,0.172065868973732,0.11210168153047562,0.24898827075958252,0.12980273365974426,0.15951836109161377,0.19215333461761475,0.07952848821878433,0.09017536789178848
AA850,0.269230769,0.153846154,0.769230769,0.0,0.0,0.5,0.769230769,0.269230769,0.115384615,0.5,0.038461538,0.115384615,0.0,0.0,0.0,0.0,0.423076923,0.192307692,0.807692308,0.230769231,0.0,0.346153846,0.153846154,0.153846154,0.0,0.0,0.0,0.0,0.0,0.153846154,0.0,0.192307692,0.153846154,0.346153846,0.230769231,0.115384615,0.192307692,0.346153846,0.0,0.038461538,0.115384615,0.230769231,0.769230769,0.307692308,0.153846154,0.192307692,0.115384615,0.0,0.153846154,0.076923077,0.0,0.4245864152908325,0.1973571479320526,0.5781906843185425,0.6427206993103027,0.14765845239162445,0.3167235851287842,0.3806357681751251,0.12570813298225403,0.2688586413860321,0.21460403501987457,0.18630053102970123,0.16284887492656708,0.04684634134173393,0.31780722737312317,0.011812007986009121,0.011297865770757198,0.19163517653942108,0.3111942708492279,0.15613164007663727,0.32127007842063904,0.24404685199260712,0.17774546146392822,0.15314681828022003,0.1252007782459259,0.05001933500170708,0.1190381720662117,0.11954791843891144,0.09016311913728714,0.18911044299602509,0.3055889308452606,0.2272692620754242,0.2861006259918213,0.3920491635799408,0.09812475740909576,0.1921088546514511,0.17576956748962402,0.15629634261131287,0.060197681188583374,0.01871257834136486,0.12538254261016846,0.1653207540512085,0.10517749190330505,0.0770823284983635,0.16776129603385925,0.28511855006217957,0.33643895387649536,0.08691008388996124,0.28897130489349365,0.17513521015644073,0.12687698006629944,0.11046509444713593
AB413,0.0,0.055555556,0.111111111,0.111111111,0.444444444,0.222222222,0.333333333,0.555555556,0.888888889,0.0,0.666666667,0.611111111,0.166666667,0.444444444,0.0,0.0,0.0,0.277777778,0.166666667,0.5,0.222222222,0.277777778,0.277777778,0.0,0.055555556,0.0,0.0,0.0,0.055555556,0.055555556,0.0,0.166666667,0.055555556,0.333333333,0.0,0.0,0.0,0.222222222,0.0,0.0,0.166666667,0.055555556,0.055555556,0.222222222,0.444444444,0.555555556,0.0,0.5,0.388888889,0.555555556,0.0,0.4305746257305145,0.10156859457492828,0.4950035810470581,0.3105314373970032,0.1532527655363083,0.25595909357070923,0.5091168284416199,0.15291889011859894,0.42865046858787537,0.1779261976480484,0.21511855721473694,0.19625964760780334,0.09022824466228485,0.3866032063961029,0.13630758225917816,0.03951684385538101,0.17753474414348602,0.15549282729625702,0.11441480368375778,0.28054773807525635,0.2725811004638672,0.17406685650348663,0.12694989144802094,0.12116584181785583,0.048536043614149094,0.12952081859111786,0.12569455802440643,0.09481821209192276,0.09087459743022919,0.3205355703830719,0.21848444640636444,0.3060663938522339,0.41073209047317505,0.11074364185333252,0.23258604109287262,0.22200219333171844,0.15614700317382812,0.1494528204202652,0.03588110953569412,0.26079946756362915,0.19503368437290192,0.14246529340744019,0.08982804417610168,0.1868828982114792,0.26006633043289185,0.3759916126728058,0.10534896701574326,0.18626165390014648,0.22053717076778412,0.11453843116760254,0.10548857599496841
AB425,0.0,0.0,0.0,0.0,0.0,0.0,0.055555556,0.055555556,0.111111111,0.0,0.0,0.0,0.0,0.0,0.0,0.0,0.0,0.388888889,0.277777778,2.666666667,2.222222222,0.444444444,1.555555556,0.333333333,0.0,0.0,0.0,0.666666667,0.111111111,0.0,0.444444444,0.166666667,0.222222222,0.222222222,0.166666667,0.277777778,0.0,0.0,0.055555556,0.0,0.0,0.0,0.555555556,0.0,0.0,0.222222222,0.0,0.055555556,0.0,0.0,0.0,0.23589272797107697,0.14071393013000488,0.12923447787761688,0.18632233142852783,0.226181760430336,0.08141522109508514,0.09173238277435303,0.08762656897306442,0.0884464755654335,0.160787433385849,0.1297047883272171,0.06329237669706345,0.007602352648973465,0.23014900088310242,0.10847171396017075,0.12378814071416855,0.16573280096054077,0.21192704141139984,0.13134722411632538,1.3944799900054932,1.5595264434814453,0.190464049577713,0.5507972836494446,0.1321454495191574,0.057371027767658234,0.16397377848625183,0.1052023395895958,0.22590892016887665,0.15520305931568146,0.16199259459972382,0.1935214102268219,0.18469423055648804,0.3202277421951294,0.13643504679203033,0.13681548833847046,0.34702974557876587,0.1552247256040573,0.06006772071123123,0.020472491160035133,0.10067266970872879,0.17256635427474976,0.12073028087615967,0.12469588220119476,0.21230770647525787,0.18927428126335144,0.1859109252691269,0.17422617971897125,0.2856605648994446,0.20275560021400452,0.08126547187566757,0.09474889189004898
AB435,0.0,0.0,0.0,0.0,0.0,0.0,0.166666667,0.0,0.0,0.0,0.0,0.0,0.111111111,0.388888889,0.888888889,0.166666667,0.722222222,0.666666667,0.888888889,0.944444444,0.888888889,0.444444444,0.0,0.277777778,0.444444444,0.388888889,0.0,0.0,0.0,0.277777778,0.0,0.166666667,0.5,0.555555556,0.0,0.222222222,0.333333333,0.0,0.0,0.0,0.666666667,0.0,0.444444444,0.222222222,0.055555556,0.166666667,0.0,0.0,0.0,0.0,0.0,0.12160058319568634,0.08432518690824509,0.24617266654968262,0.17450320720672607,0.2913828194141388,0.06240968778729439,0.14546741545200348,0.15718044340610504,0.20073121786117554,0.1606745719909668,0.06575801968574524,0.08496949076652527,0.10687148571014404,0.556496262550354,0.444288969039917,0.20040737092494965,0.22347824275493622,0.4945690631866455,0.5104661583900452,0.6671899557113647,0.3094131648540497,0.3719126880168915,0.23047170042991638,0.1161552369594574,0.08011024445295334,0.15058526396751404,0.13296568393707275,0.13222937285900116,0.14405596256256104,0.33844539523124695,0.2057667225599289,0.3913363814353943,0.6216548085212708,0.277909517288208,0.21360328793525696,0.3930458724498749,0.1618945449590683,0.030759014189243317,0.025632990524172783,0.15876607596874237,0.17784719169139862,0.10616426914930344,0.04709968715906143,0.2389644831418991,0.2275964915752411,0.23197948932647705,0.12277277559041977,0.25549444556236267,0.2565845549106598,0.09374494105577469,0.09575607627630234
AC329,0.111111111,0.0,0.0,0.222222222,0.0,0.037037037,0.037037037,0.407407407,0.0,0.0,0.0,0.0,0.0,2.333333333,1.333333333,1.740740741,0.333333333,0.666666667,0.259259259,0.259259259,0.074074074,0.0,0.185185185,0.185185185,0.222222222,0.222222222,0.444444444,0.074074074,0.0,0.0,0.037037037,0.037037037,0.0,0.0,0.037037037,0.037037037,0.0,0.0,0.0,0.0,0.074074074,0.333333333,0.111111111,0.185185185,0.222222222,0.0,0.0,0.148148148,0.074074074,0.296296296,0.0,0.30276864767074585,0.1060611829161644,0.5643073916435242,0.39086201786994934,0.4491347670555115,0.25310301780700684,0.34166693687438965,0.48963239789009094,0.3800511062145233,0.15757966041564941,0.12526364624500275,0.2998623251914978,0.09499085694551468,1.7267409563064575,1.0584864616394043,1.0707850456237793,0.43290966749191284,0.7499358654022217,0.26591041684150696,0.3731229901313782,0.4657546281814575,0.08961306512355804,0.29617568850517273,0.13471145927906036,0.10488177090883255,0.308747261762619,0.09943315386772156,0.23578736186027527,0.07999837398529053,0.09462033212184906,0.1480303555727005,0.08833504468202591,0.25032445788383484,0.2563430070877075,0.03964640572667122,0.6533572673797607,0.15412239730358124,0.02722763828933239,-0.001127767376601696,0.03235342726111412,0.18625450134277344,0.2801913619041443,0.07366839051246643,0.5131314992904663,0.31265440583229065,0.20582681894302368,0.10438036918640137,0.34341129660606384,0.22600066661834717,0.15858586132526398,0.1063799113035202
AC497,0.392857143,0.035714286,0.857142857,0.5,0.571428571,0.75,0.464285714,0.464285714,0.0,0.0,0.0,0.0,0.107142857,0.285714286,0.0,0.035714286,0.071428571,0.0,0.0,0.035714286,0.0,0.0,0.0,0.0,0.0,0.0,0.0,0.0,0.0,0.035714286,0.0,0.0,0.0,0.107142857,0.0,0.464285714,0.107142857,0.0,0.0,0.0,0.0,0.142857143,0.0,1.714285714,0.928571429,0.285714286,0.285714286,0.0,0.107142857,0.214285714,0.178571429,0.48630326986312866,0.11413602530956268,0.6012253761291504,0.3091375529766083,0.3994358479976654,0.40574219822883606,0.43070682883262634,0.2605830132961273,0.22528216242790222,0.16481265425682068,0.05752253159880638,0.11145149171352386,0.025757063180208206,0.4649360477924347,0.05855988711118698,0.08875060081481934,0.2071084976196289,0.35805612802505493,0.27773019671440125,0.2784172296524048,0.2082407921552658,0.18758760392665863,0.12546797096729279,0.11564140766859055,0.046651192009449005,0.12759892642498016,0.0742763951420784,0.06629171967506409,0.07394914329051971,0.2204889953136444,0.187434121966362,0.16442802548408508,0.3231390714645386,0.16776813566684723,0.04445817694067955,0.5750525593757629,0.1551583707332611,0.15272235870361328,0.028430139645934105,0.10736475139856339,0.21319568157196045,0.2470775544643402,0.17768114805221558,0.1759224385023117,0.2626597583293915,0.3395531177520752,0.1344815492630005,0.2389463484287262,0.278712660074234,0.15371231734752655,0.12124082446098328
AC761,0.0,0.148148148,0.0,0.037037037,0.0,0.0,0.0,0.0,0.0,0.074074074,0.0,0.0,0.0,0.037037037,0.0,0.0,0.0,0.37037037,0.703703704,1.222222222,0.777777778,0.592592593,0.185185185,0.185185185,0.0,0.0,0.0,0.148148148,0.222222222,0.333333333,0.666666667,0.407407407,1.222222222,0.555555556,1.074074074,0.296296296,0.074074074,0.185185185,0.0,0.333333333,0.0,0.0,0.185185185,0.0,0.074074074,0.0,0.0,0.0,0.0,0.0,0.0,0.4495493471622467,0.27356627583503723,0.20341278612613678,0.22999708354473114,0.1828014999628067,0.14969758689403534,0.12950219213962555,0.15029098093509674,0.2582658529281616,0.16799531877040863,0.17137786746025085,0.08239202201366425,0.034229982644319534,0.338512122631073,0.06730630248785019,0.08337545394897461,0.1649845987558365,0.20827464759349823,0.2155608832836151,0.6216669678688049,0.5452622175216675,0.2944321930408478,0.19439706206321716,0.12320976704359055,0.06593091785907745,0.1510927379131317,0.3152797818183899,0.11984074115753174,0.4200664162635803,0.2486405372619629,0.28171801567077637,0.3022353947162628,0.7059125900268555,0.2284504473209381,0.5086588263511658,0.22889557480812073,0.1529180407524109,0.2475861757993698,0.03446079045534134,0.3420094847679138,0.17118369042873383,0.1831941157579422,0.07075973600149155,0.1511579006910324,0.13460686802864075,0.23841305077075958,0.08809952437877655,0.24311059713363647,0.17666971683502197,0.07193728536367416,0.09329121559858322
AC933,0.071428571,0.0,0.821428571,0.392857143,0.214285714,0.785714286,0.321428571,0.107142857,0.464285714,0.071428571,0.0,0.321428571,0.0,0.5,0.0,0.0,0.0,0.0,0.142857143,0.107142857,0.071428571,0.0,0.0,0.0,0.0,0.178571429,0.0,0.0,0.0,0.035714286,0.178571429,0.0,0.0,0.107142857,0.0,0.75,0.321428571,0.0,0.0,0.0,0.0,0.25,0.0,1.321428571,1.142857143,0.642857143,0.428571429,0.392857143,0.107142857,0.214285714,0.178571429,0.4712863564491272,0.5881006717681885,0.8030079007148743,0.5988578200340271,0.39640161395072937,0.35969871282577515,0.6338611245155334,0.3402273952960968,0.8128476142883301,0.21380597352981567,0.575377345085144,0.42727646231651306,0.1808185577392578,0.9121396541595459,0.2576877474784851,0.1590965837240219,0.5408812165260315,0.22559945285320282,0.16186921298503876,0.16606643795967102,0.1508917659521103,0.09031082689762115,0.13543060421943665,0.1164863258600235,0.0466623418033123,0.14571334421634674,0.08888411521911621,0.0703592300415039,0.029254429042339325,0.20087943971157074,0.25997957587242126,0.15738241374492645,0.2771490514278412,0.14373989403247833,0.048079051077365875,0.5714849233627319,0.15743054449558258,0.05537496879696846,0.037557125091552734,0.164341002702713,0.19857873022556305,0.3562049865722656,0.18284764885902405,0.4633271396160126,0.5369004607200623,0.29308855533599854,0.18433372676372528,0.4432779550552368,0.2525651156902313,0.15559735894203186,0.13837574422359467
AD120,0.0,0.0,0.0,0.0,0.133333333,0.0,0.0,0.0,0.0,0.0,0.0,0.0,0.0,0.666666667,0.333333333,0.466666667,0.4,1.866666667,1.333333333,1.466666667,0.666666667,0.333333333,0.666666667,0.0,0.066666667,0.2,0.0,0.2,0.0,0.133333333,0.2,0.066666667,0.466666667,0.4,0.266666667,0.533333333,0.133333333,0.266666667,0.0,0.133333333,0.2,0.266666667,0.4,0.0,0.0,0.0,0.0,0.0,0.066666667,0.333333333,0.0,0.3263201415538788,0.14399728178977966,0.32179370522499084,0.14506657421588898,0.32532382011413574,0.07869916409254074,0.1347316950559616,0.3125438392162323,0.11326659470796585,0.1623653620481491,0.06873926520347595,0.07079648226499557,0.018883544951677322,0.6054195165634155,0.2905868887901306,0.30175578594207764,0.26995864510536194,1.179315209388733,1.1458581686019897,0.7501825094223022,0.2720978558063507,0.565582275390625,0.16914604604244232,0.1246156245470047,0.05846726894378662,0.15153768658638,0.10399667918682098,0.08470025658607483,0.12235253304243088,0.26599711179733276,0.18186111748218536,0.21501925587654114,0.6505224704742432,0.2717326283454895,0.25770536065101624,0.4137522876262665,0.15385623276233673,0.05150989443063736,0.03029697947204113,0.1835271418094635,0.19180111587047577,0.2261812537908554,0.1288709044456482,0.2190161645412445,0.20071183145046234,0.16086900234222412,0.08338136225938797,0.3941827118396759,0.27122849225997925,0.24392348527908325,0.10371755808591843
AD222,0.2,0.0,0.2,0.0,0.2,0.0,0.0,0.0,0.066666667,0.0,0.0,0.0,0.0,0.0,0.0,0.0,0.0,0.2,0.933333333,1.666666667,0.466666667,1.466666667,0.6,0.0,0.0,0.0,0.0,0.2,0.0,0.133333333,0.133333333,0.866666667,1.133333333,0.6,0.0,0.266666667,0.0,0.333333333,0.0,0.533333333,0.133333333,0.0,0.4,0.0,0.0,0.0,0.0,0.0,0.0,0.0,0.0,0.14998362958431244,0.09365200251340866,0.24500735104084015,0.792245626449585,0.15066759288311005,0.07202838361263275,0.1599995493888855,0.11659504473209381,0.22343242168426514,0.1622563600540161,0.0541105754673481,0.10230545699596405,0.025041978806257248,0.44871360063552856,0.20329858362674713,0.17908351123332977,0.1740027368068695,0.1700267344713211,0.07848240435123444,0.30419817566871643,0.1328795701265335,0.20333319902420044,0.1452295184135437,0.12276586145162582,0.06338483095169067,0.10497862845659256,0.15915948152542114,0.10094039142131805,0.1736709177494049,0.3063136637210846,0.2871300280094147,0.3913063108921051,0.3804762661457062,0.19543196260929108,0.08806920796632767,0.40985146164894104,0.15702137351036072,0.11449813097715378,0.033407218754291534,0.264141708612442,0.18801802396774292,0.10472950339317322,0.08803095668554306,0.15189284086227417,0.27145788073539734,0.4182077944278717,0.043097227811813354,0.17438271641731262,0.14062587916851044,0.07332143932580948,0.10459169745445251
AD781,0.0,0.0,0.142857143,0.0,0.0,0.0,0.357142857,0.642857143,0.142857143,0.0,0.214285714,0.0,0.0,1.357142857,0.285714286,0.0,0.142857143,0.428571429,1.428571429,0.714285714,0.5,0.071428571,0.428571429,0.0,0.142857143,0.0,0.0,0.0,0.0,0.142857143,0.142857143,0.357142857,0.642857143,0.0,0.0,0.0,0.285714286,0.357142857,0.0,0.142857143,0.214285714,0.142857143,0.285714286,0.0,0.0,0.0,0.071428571,0.0,0.0,0.285714286,0.0,0.31478890776634216,0.17352183163166046,0.3616836965084076,0.14865021407604218,0.324336439371109,0.12764720618724823,0.15762513875961304,0.3435833156108856,0.10226915031671524,0.1623653620481491,0.06373605877161026,0.06489196419715881,0.024951079860329628,0.6499456763267517,0.20527958869934082,0.3165630102157593,0.25892677903175354,1.1451308727264404,0.8541604280471802,0.7729904651641846,0.30518457293510437,0.5449886918067932,0.1320224106311798,0.1246156245470047,0.05661952495574951,0.1601039320230484,0.10319110751152039,0.07998711615800858,0.11127859354019165,0.2512856721878052,0.15490230917930603,0.21423637866973877,0.6201170682907104,0.2127312570810318,0.28379493951797485,0.40986597537994385,0.1541992723941803,0.028042791411280632,0.017089439556002617,0.1616973727941513,0.20259198546409607,0.20675601065158844,0.10401789844036102,0.20579858124256134,0.19805140793323517,0.1523381471633911,0.06013282388448715,0.36666548252105713,0.2823696434497833,0.23446327447891235,0.09916108846664429
AD835,0.0,0.0,0.142857143,0.0,0.214285714,0.0,0.0,0.0,0.0,0.0,0.0,0.214285714,0.0,0.357142857,0.0,0.0,0.0,0.428571429,1.214285714,0.714285714,0.071428571,0.428571429,0.0,0.0,0.0,0.142857143,0.0,0.0,0.142857143,0.714285714,0.857142857,0.642857143,1.357142857,0.428571429,0.071428571,0.285714286,0.214285714,0.285714286,0.0,0.785714286,0.214285714,0.285714286,0.428571429,0.142857143,0.357142857,0.0,0.071428571,0.357142857,0.214285714,0.0,0.214285714,0.2667745351791382,0.11056653410196304,0.3939320743083954,0.1909019649028778,0.2810212969779968,0.15410375595092773,0.26002153754234314,0.18689510226249695,0.3248006999492645,0.18148557841777802,0.19008120894432068,0.1325242519378662,0.036669742316007614,0.3804602026939392,0.1613522469997406,0.2065669149160385,0.2370729297399521,0.4364483058452606,0.19957572221755981,0.4728158116340637,0.32170596718788147,0.2999623417854309,0.20903898775577545,0.12159828096628189,0.04989823326468468,0.14716015756130219,0.12805861234664917,0.08851724863052368,0.22821640968322754,0.3074946999549866,0.2574146091938019,0.31175556778907776,0.437512069940567,0.18005774915218353,0.30263757705688477,0.33088335394859314,0.15588735044002533,0.06586738675832748,0.03997889906167984,0.22262845933437347,0.18716205656528473,0.11676425486803055,0.13197945058345795,0.2262711375951767,0.15331123769283295,0.18514521420001984,0.02923889271914959,0.28511783480644226,0.22647283971309662,0.07482097297906876,0.09970184415578842
AD994,1.0,0.5625,1.0625,0.0,0.0,0.1875,0.0,0.0,0.0,0.0,0.0,0.0,0.0,0.125,0.0,0.0,0.0,0.6875,0.5,1.375,1.0,0.875,0.0625,0.25,0.0,0.0,0.0,0.0,0.0625,0.75,0.8125,0.1875,1.0625,0.875,0.125,0.0,0.3125,0.0625,0.0,0.125,0.25,0.0,0.4375,0.0,0.0,0.5625,0.0,0.0,0.0625,0.0,0.0,0.990106463432312,0.3212341070175171,0.6622008085250854,0.1087379977107048,0.2344677895307541,0.22212772071361542,0.28504928946495056,0.2210686206817627,0.1935998797416687,0.1627533882856369,0.1356477588415146,0.07494258135557175,0.02438102290034294,0.3033873438835144,0.06557338684797287,0.1428965926170349,0.18610146641731262,0.28669098019599915,0.16035588085651398,0.5772926807403564,0.39034390449523926,0.19714196026325226,0.15283332765102386,0.12006358802318573,0.050907790660858154,0.1195380911231041,0.08726884424686432,0.08057081699371338,0.14877381920814514,0.22597593069076538,0.25534266233444214,0.25038647651672363,0.281105637550354,0.2585318982601166,0.08153897523880005,0.31760507822036743,0.1540829986333847,0.07010480016469955,0.04052352532744408,0.17092742025852203,0.1829560250043869,0.13012941181659698,0.1413990557193756,0.25152748823165894,0.5131884217262268,0.30803894996643066,0.11904105544090271,0.2757549285888672,0.17039966583251953,0.14963065087795258,0.1317070722579956
AE099,0.074074074,0.0,0.333333333,1.962962963,0.111111111,0.148148148,0.111111111,0.148148148,0.0,0.074074074,0.0,0.148148148,0.0,0.666666667,0.148148148,0.222222222,0.111111111,0.037037037,0.0,0.0,0.111111111,0.0,0.074074074,0.0,0.074074074,0.148148148,0.111111111,0.074074074,0.0,0.0,0.0,0.0,0.0,0.0,0.0,0.0,0.296296296,0.148148148,0.0,0.0,0.185185185,0.37037037,0.074074074,0.518518519,1.666666667,1.777777778,0.444444444,1.703703704,0.592592593,0.111111111,0.111111111,0.18410460650920868,0.08639033883810043,0.29101118445396423,0.5569881200790405,0.303456574678421,0.14211831986904144,0.18079112470149994,0.11074493825435638,0.38006287813186646,0.1656380295753479,0.07799450308084488,0.09926582872867584,0.03333018720149994,0.7152131795883179,0.2841640114784241,0.2734262943267822,0.2544001638889313,0.165509432554245,0.21805329620838165,0.8535221219062805,0.46483051776885986,0.10478635132312775,0.2926890254020691,0.11804574728012085,0.0525134839117527,0.1188240572810173,0.11945571005344391,0.11575211584568024,0.032970357686281204,0.232100248336792,0.31212547421455383,0.07979017496109009,0.23882171511650085,0.23678946495056152,0.10024649649858475,0.43801257014274597,0.16956856846809387,0.06557916849851608,0.0481327660381794,0.15755370259284973,0.1964695155620575,0.30416786670684814,0.08770173043012619,0.6488141417503357,0.7711987495422363,0.4238039553165436,0.24379611015319824,0.8190364241600037,0.3008941113948822,0.12893716990947723,0.10083376616239548
AE184,0.111111111,0.0,0.0,0.037037037,0.0,0.0,0.037037037,0.0,0.0,0.0,0.0,0.0,0.0,0.37037037,0.185185185,0.0,0.0,0.0,0.148148148,0.0,0.0,0.0,0.0,0.0,0.0,0.0,0.0,0.0,0.0,0.185185185,0.111111111,0.0,0.0,0.037037037,0.0,0.0,0.0,0.037037037,0.0,0.0,0.148148148,0.074074074,0.0,0.703703704,0.407407407,1.185185185,0.62962963,4.259259259,0.0,0.111111111,0.0,0.3090476393699646,0.10063178092241287,0.264133095741272,0.14868047833442688,0.34071987867355347,0.15106895565986633,0.1914660632610321,0.18621420860290527,0.46996262669563293,0.2086542844772339,0.12905454635620117,0.11012382805347443,0.01762438751757145,0.7667936086654663,0.388801634311676,0.28272804617881775,0.33396339416503906,0.3985369801521301,0.4638368785381317,0.7756834030151367,0.9524763226509094,0.0785173550248146,0.5060653686523438,0.12260252982378006,0.06804879009723663,0.14111840724945068,0.09417666494846344,0.11682554334402084,0.10598226636648178,0.18417255580425262,0.1945336014032364,0.08656764030456543,0.24216711521148682,0.49753066897392273,0.13032066822052002,0.4971000552177429,0.158395454287529,0.1542036533355713,0.05953158810734749,0.22109967470169067,0.2114630937576294,0.19518980383872986,0.1669319123029709,0.5302692651748657,0.359626829624176,0.4018155038356781,0.2574441432952881,1.9267727136611938,0.2340279072523117,0.22999213635921478,0.09862994402647018
AE448,0.666666667,0.444444444,1.0,0.37037037,0.518518519,0.111111111,0.62962963,0.074074074,0.259259259,0.074074074,0.407407407,0.259259259,0.074074074,0.37037037,0.148148148,0.222222222,0.074074074,0.0,0.0,0.0,0.0,0.0,0.074074074,0.0,0.111111111,0.037037037,0.148148148,0.0,0.185185185,0.074074074,0.185185185,0.0,0.0,0.111111111,0.0,0.037037037,0.0,0.111111111,0.0,0.148148148,0.111111111,0.0,0.0,0.111111111,0.259259259,0.0,0.592592593,0.0,0.222222222,0.296296296,0.0,0.42423179745674133,0.1514083743095398,0.38234207034111023,0.20728488266468048,0.37521815299987793,0.18409471213817596,0.33803659677505493,0.1401502639055252,1.154809594154358,0.19970358908176422,0.4745413661003113,0.39670494198799133,0.12986652553081512,0.9548317193984985,0.2147444486618042,0.30658668279647827,0.22915925085544586,0.15494585037231445,0.33749693632125854,0.4573749303817749,0.5720446109771729,0.11157111823558807,0.4306360185146332,0.12434271723031998,0.06134753301739693,0.1725597083568573,0.1578577607870102,0.12275008112192154,0.21015989780426025,0.23346157371997833,0.36950039863586426,0.07987712323665619,0.24274933338165283,0.26243215799331665,0.08117219805717468,0.43276166915893555,0.1593455672264099,0.07055208832025528,0.024405311793088913,0.25646206736564636,0.16707481443881989,0.15734747052192688,0.07633674889802933,0.24603934586048126,0.1809169501066208,0.380311518907547,0.26188430190086365,0.4046742916107178,0.23384444415569305,0.14439529180526733,0.11817975342273712
AE568,0.296296296,0.185185185,0.481481481,0.592592593,0.148148148,0.185185185,0.0,0.333333333,0.666666667,0.0,0.0,0.666666667,0.111111111,1.185185185,0.222222222,0.259259259,0.074074074,0.0,0.037037037,0.0,0.0,0.0,0.037037037,0.0,0.185185185,0.0,0.0,0.0,0.0,0.185185185,0.407407407,0.0,0.0,0.185185185,0.0,0.333333333,0.148148148,0.185185185,0.0,0.0,0.111111111,0.222222222,0.074074074,1.222222222,1.222222222,0.666666667,0.62962963,0.62962963,0.592592593,0.0,0.0,0.2532825767993927,0.09156318753957748,0.4453222453594208,0.4159594178199768,0.34516340494155884,0.154489666223526,0.20073680579662323,0.14412866532802582,0.5119986534118652,0.1580476462841034,0.07510349154472351,0.2139158844947815,0.02253643050789833,0.9623687863349915,0.3824147880077362,0.2901270091533661,0.2804713547229767,0.19983868300914764,0.14924870431423187,0.6733591556549072,0.6655032634735107,0.06638351827859879,0.44871023297309875,0.12001807987689972,0.06461264193058014,0.15434306859970093,0.11534911394119263,0.08577945828437805,0.04083254933357239,0.13327540457248688,0.185744047164917,0.08978310972452164,0.24072204530239105,0.28979480266571045,0.07165602594614029,0.4509599804878235,0.16647116839885712,0.03163738548755646,0.019364047795534134,0.13582614064216614,0.19025668501853943,0.22036466002464294,0.05861710384488106,0.7915599346160889,0.4876691997051239,0.35033825039863586,0.13896821439266205,0.9934768676757812,0.278232604265213,0.15280795097351074,0.10652121156454086
AG386,0.166666667,0.0,0.4,0.166666667,0.0,0.066666667,0.1,0.033333333,0.233333333,0.0,0.0,0.0,0.0,0.366666667,0.266666667,0.233333333,0.066666667,0.9,0.833333333,1.066666667,0.733333333,0.333333333,0.166666667,0.0,0.0,0.0,0.0,0.0,0.0,0.0,0.333333333,0.8,1.233333333,0.366666667,0.333333333,0.4,0.366666667,0.3,0.066666667,0.166666667,0.966666667,0.0,0.466666667,0.866666667,0.433333333,0.266666667,0.1,0.333333333,0.166666667,0.0,0.0,0.13866135478019714,0.0979158952832222,0.33509036898612976,0.36937278509140015,0.170690655708313,0.10414651036262512,0.1916293054819107,0.1336398869752884,0.14757493138313293,0.1597478985786438,0.04335484653711319,0.06845051795244217,0.010325386188924313,0.4776677191257477,0.06855502724647522,0.12451644241809845,0.2016027867794037,0.18662935495376587,0.15987305343151093,0.28193172812461853,0.17818373441696167,0.1905607283115387,0.1346142590045929,0.11619269847869873,0.07906504720449448,0.11016610264778137,0.10392497479915619,0.08609277009963989,0.05123015120625496,0.19103951752185822,0.20148175954818726,0.2918873429298401,0.31114280223846436,0.11742501705884933,0.05853141471743584,0.36448410153388977,0.1544259488582611,0.01669813133776188,0.014420454390347004,0.13076764345169067,0.18585120141506195,0.1160304844379425,0.07643569260835648,0.47839462757110596,0.7600529193878174,0.26957812905311584,0.12443368881940842,0.29425811767578125,0.15641984343528748,0.13931699097156525,0.09944545477628708
AG570,0.133333333,0.033333333,0.2,0.033333333,0.1,0.0,0.266666667,0.0,0.233333333,0.0,0.0,0.2,0.1,0.5,0.1,0.233333333,0.066666667,0.7,0.866666667,1.0,0.666666667,0.833333333,0.8,0.366666667,0.0,0.0,0.0,0.0,0.0,0.5,0.266666667,0.9,0.666666667,0.3,0.166666667,0.033333333,0.333333333,0.033333333,0.1,0.4,0.433333333,0.066666667,0.7,0.0,0.0,0.3,0.0,0.0,0.0,0.0,0.0,0.21270325779914856,0.09451675415039062,0.3444320261478424,0.19499894976615906,0.23802907764911652,0.09132800251245499,0.3018512725830078,0.19775903224945068,0.26334574818611145,0.1778358370065689,0.06670760363340378,0.09254945814609528,0.025629403069615364,0.4660673141479492,0.2760094702243805,0.21665748953819275,0.2864869236946106,0.2598739266395569,0.239663764834404,0.6269679665565491,0.3424679934978485,0.30344337224960327,0.1999719738960266,0.12217743694782257,0.05160079151391983,0.1700097620487213,0.142031729221344,0.07204414159059525,0.14448580145835876,0.23067998886108398,0.2340051531791687,0.4043959975242615,0.33211106061935425,0.16719074547290802,0.2148779183626175,0.41580694913864136,0.1537087857723236,0.12918655574321747,0.06600961834192276,0.3137708604335785,0.19270910322666168,0.1942659169435501,0.15170136094093323,0.19125714898109436,0.17522552609443665,0.13631176948547363,0.02920941822230816,0.19460761547088623,0.22826707363128662,0.11165069043636322,0.10841655731201172
AH608,0.5,0.133333333,0.233333333,0.1,0.4,0.0,0.3,0.166666667,0.066666667,0.0,0.0,0.0,0.033333333,0.833333333,0.7,0.633333333,0.066666667,0.033333333,0.066666667,0.233333333,0.166666667,0.0,0.533333333,0.033333333,0.133333333,0.4,0.1,0.0,0.933333333,0.8,0.266666667,0.366666667,0.0,0.3,0.066666667,0.933333333,0.266666667,0.166666667,0.333333333,0.5,0.266666667,0.066666667,0.1,0.133333333,0.033333333,0.1,0.0,0.0,0.233333333,0.0,0.133333333,0.4159616529941559,0.09532927721738815,0.4300463795661926,0.23339252173900604,0.3723921477794647,0.17879453301429749,0.3396688997745514,0.2598940134048462,0.5295256972312927,0.2638910114765167,0.12295038253068924,0.23989439010620117,0.21577273309230804,0.9057446122169495,0.443149596452713,0.23501017689704895,0.37323370575904846,0.14322254061698914,0.0791897252202034,0.2520782947540283,0.7749606966972351,0.09061097353696823,0.36905181407928467,0.1336386650800705,0.12091852724552155,0.5403460264205933,0.19933857023715973,0.156778022646904,0.3254625201225281,0.21612726151943207,0.33240750432014465,0.07839296758174896,0.23773711919784546,0.3140186369419098,0.020707542076706886,0.8121366500854492,0.15753977000713348,0.0061376276426017284,0.10213909298181534,0.11688218265771866,0.2019101083278656,0.20595990121364594,0.11011780053377151,0.31077513098716736,0.20409242808818817,0.28076985478401184,0.13186025619506836,0.3507591485977173,0.21394896507263184,0.1255190223455429,0.125181183218956
AH817,0.2,0.0,0.466666667,0.066666667,0.433333333,0.133333333,0.3,0.166666667,0.433333333,0.0,0.066666667,0.3,0.0,0.866666667,0.533333333,0.666666667,0.2,0.033333333,0.0,0.0,0.266666667,0.0,0.233333333,0.033333333,0.033333333,0.166666667,0.166666667,0.0,0.0,0.0,0.1,0.166666667,0.2,0.2,0.066666667,0.333333333,0.366666667,0.0,0.0,0.0,0.333333333,0.2,0.0,1.2,0.3,0.3,0.0,0.5,0.4,0.0,0.2,0.20701298117637634,0.12167175859212875,0.4346686601638794,0.6186279058456421,0.3183128833770752,0.20729319751262665,0.3267430067062378,0.2719906270503998,0.6857036352157593,0.19020313024520874,0.13351571559906006,0.29366427659988403,0.11076455563306808,0.976743221282959,0.3535135090351105,0.3070071339607239,0.3738725185394287,0.09850112348794937,0.05190994590520859,0.17314207553863525,0.3520185947418213,0.029037050902843475,0.2789663076400757,0.11447714269161224,0.07427656650543213,0.2205941081047058,0.1038636714220047,0.14546065032482147,0.06565805524587631,0.1543494015932083,0.21467465162277222,0.0678691640496254,0.23721762001514435,0.07112287729978561,0.015883630141615868,0.4433117210865021,0.1590346246957779,0.0056071169674396515,0.0051703862845897675,0.04657718166708946,0.17109835147857666,0.21053287386894226,0.07113078981637955,1.185677170753479,0.7627121210098267,0.30337607860565186,0.17602479457855225,0.7809866070747375,0.29130420088768005,0.15254725515842438,0.1279718279838562
AJ058,0.3,0.1,0.266666667,0.1,0.233333333,0.0,0.533333333,0.166666667,1.033333333,0.133333333,0.0,0.0,0.0,1.833333333,0.4,0.266666667,0.933333333,0.133333333,0.1,0.366666667,0.433333333,0.0,0.7,0.533333333,0.2,0.4,0.0,0.0,0.2,0.266666667,0.0,0.233333333,0.0,0.3,0.066666667,0.3,0.233333333,0.1,0.0,0.2,0.1,0.033333333,0.033333333,0.1,0.166666667,0.5,0.033333333,0.566666667,0.0,0.266666667,0.0,0.3850342929363251,0.09646010398864746,0.5267357230186462,0.1889176070690155,0.5814432501792908,0.15247689187526703,0.32145956158638,0.48439550399780273,0.3602656126022339,0.15808197855949402,0.11697608232498169,0.11148416250944138,0.020062606781721115,1.3453515768051147,0.3528565764427185,0.36526361107826233,0.36985909938812256,0.5003455281257629,0.3998018205165863,0.430690735578537,0.47838395833969116,0.17934462428092957,0.24095483124256134,0.1188855990767479,0.045794226229190826,0.17696310579776764,0.0990966409444809,0.06873827427625656,0.060082968324422836,0.11703238636255264,0.14124742150306702,0.06925170123577118,0.24252566695213318,0.18128259479999542,0.015539365820586681,0.571967601776123,0.1555059850215912,0.0160211268812418,-0.00024172909616027027,0.0346236489713192,0.17852099239826202,0.20806919038295746,0.06225522980093956,0.20420271158218384,0.18674629926681519,0.17730705440044403,0.07933653891086578,0.17069301009178162,0.1840241402387619,0.21779289841651917,0.1025245189666748
AJ062,0.172413793,0.0,0.517241379,0.172413793,0.24137931,0.137931034,0.206896552,0.310344828,0.689655172,0.103448276,0.068965517,0.103448276,0.0,1.068965517,0.379310345,0.275862069,0.379310345,0.0,0.137931034,0.172413793,0.034482759,0.0,0.275862069,0.034482759,0.0,0.068965517,0.0,0.0,0.0,0.275862069,0.137931034,0.0,0.172413793,0.172413793,0.0,0.793103448,0.172413793,0.0,0.0,0.034482759,0.206896552,0.379310345,0.0,0.517241379,0.206896552,0.655172414,0.172413793,1.24137931,0.344827586,0.206896552,0.344827586,0.23356503248214722,0.11383344978094101,0.47387459874153137,0.18991544842720032,0.42493876814842224,0.10933282226324081,0.2993440330028534,0.3950674831867218,0.4881643056869507,0.15987488627433777,0.12052400410175323,0.11256472021341324,0.03425538167357445,1.2438130378723145,0.5110602378845215,0.32999569177627563,0.3109586238861084,0.7420414686203003,0.506250262260437,0.3782363831996918,0.2960672080516815,0.21341249346733093,0.1553465723991394,0.1168040856719017,0.04770186170935631,0.14052073657512665,0.07567726820707321,0.0732618123292923,0.015576229430735111,0.19802577793598175,0.2037031203508377,0.06976357847452164,0.24036313593387604,0.11547039449214935,0.0037788073532283306,0.37198710441589355,0.15808549523353577,0.028471549972891808,0.011880042962729931,0.11422347277402878,0.20605121552944183,0.3202260732650757,0.11195191740989685,0.27352043986320496,0.16660527884960175,0.2827654778957367,0.12457269430160522,0.3129248023033142,0.2019580453634262,0.21423517167568207,0.10308116674423218
AJ119,0.066666667,0.0,0.366666667,0.166666667,0.6,0.233333333,0.166666667,0.266666667,0.633333333,0.1,0.166666667,0.0,0.0,1.4,0.366666667,0.733333333,0.633333333,0.866666667,0.233333333,0.633333333,0.2,1.233333333,0.366666667,0.7,0.166666667,0.3,0.233333333,0.1,0.066666667,0.3,0.233333333,0.066666667,0.0,0.0,0.0,0.2,0.0,0.0,0.0,0.1,0.0,0.2,0.0,0.1,0.166666667,0.066666667,0.0,0.466666667,0.166666667,0.333333333,0.066666667,0.13562296330928802,0.08470653742551804,0.3160337507724762,0.20484106242656708,0.3361402451992035,0.07100971788167953,0.2580592632293701,0.33891844749450684,0.3313083052635193,0.15803517401218414,0.09223511815071106,0.12822332978248596,0.03657815605401993,1.1024556159973145,0.3426157832145691,0.29389625787734985,0.369444876909256,0.29575932025909424,0.2999030351638794,0.22452613711357117,0.14792868494987488,0.1426720917224884,0.14198966324329376,0.12129675596952438,0.05111851170659065,0.15548701584339142,0.11636937409639359,0.08081366866827011,0.1238759383559227,0.306133896112442,0.19273968040943146,0.1246725544333458,0.25526025891304016,0.11579111218452454,0.035185616463422775,0.5567284226417542,0.15685991942882538,0.03104405291378498,0.08064857125282288,0.1868932843208313,0.18614841997623444,0.2801932692527771,0.18361273407936096,0.19271109998226166,0.18612141907215118,0.19782721996307373,0.09979095309972763,0.2418328821659088,0.20192253589630127,0.11220042407512665,0.1072225496172905
AJ191,0.24137931,0.0,0.310344828,0.0,0.0,0.0,0.0,0.0,0.172413793,0.0,0.0,0.0,0.0,0.24137931,0.137931034,0.137931034,0.103448276,0.206896552,0.137931034,0.413793103,0.137931034,0.896551724,0.172413793,0.620689655,0.0,0.0,0.448275862,0.275862069,1.896551724,0.275862069,0.310344828,1.068965517,0.965517241,0.137931034,0.379310345,0.172413793,0.0,0.448275862,0.068965517,1.448275862,0.0,0.034482759,0.379310345,0.0,0.0,0.034482759,0.0,0.0,0.0,0.0,0.068965517,0.4915319085121155,0.10632859915494919,0.38239535689353943,0.06465592980384827,0.24813954532146454,0.13841307163238525,0.22065851092338562,0.14547871053218842,0.5582476854324341,0.2559282183647156,0.08648941665887833,0.18631267547607422,0.03390779718756676,1.0558005571365356,0.307595431804657,0.27645954489707947,0.21624960005283356,0.055812690407037735,0.07887621223926544,0.267464280128479,0.413771390914917,0.1992253065109253,0.3533490002155304,0.12205326557159424,0.04878682270646095,0.19934602081775665,0.12997837364673615,0.11149845272302628,0.15138854086399078,0.41596999764442444,0.2222021520137787,0.09602371603250504,0.24484138190746307,0.2620263397693634,0.05063672736287117,0.42764541506767273,0.15401561558246613,0.029758011922240257,0.00750939454883337,0.2603718936443329,0.16667914390563965,0.1346469223499298,0.04673844948410988,0.19175079464912415,0.17857016623020172,0.2276439517736435,0.07964859157800674,0.16003862023353577,0.2085944265127182,0.12509338557720184,0.12622839212417603
AJ244,0.172413793,0.0,0.344827586,0.275862069,0.413793103,0.034482759,0.827586207,0.24137931,1.310344828,0.068965517,0.517241379,0.517241379,0.103448276,1.965517241,0.482758621,0.24137931,1.103448276,0.137931034,0.0,0.172413793,0.172413793,0.0,0.310344828,0.137931034,0.137931034,0.172413793,0.0,0.0,0.0,0.172413793,0.24137931,0.0,0.0,0.068965517,0.0,0.517241379,0.0,0.0,0.0,0.137931034,0.310344828,0.137931034,0.034482759,0.551724138,0.103448276,0.034482759,0.0,0.0,0.103448276,0.103448276,0.0,0.7006573677062988,0.38867178559303284,0.6928237080574036,0.252353310585022,0.35140419006347656,0.182770237326622,0.5104687213897705,0.26152387261390686,1.2093591690063477,0.24602548778057098,0.34152907133102417,0.4616013765335083,0.08977635949850082,1.3237239122390747,0.2771257758140564,0.28295284509658813,0.3722561299800873,0.15129245817661285,0.16539889574050903,0.1961582452058792,0.23938129842281342,0.2242555320262909,0.16946879029273987,0.12799613177776337,0.05325832590460777,0.18913352489471436,0.0816284790635109,0.0659455880522728,0.07342687249183655,0.28046461939811707,0.2710624933242798,0.16675107181072235,0.28341925144195557,0.153330996632576,0.05377605929970741,0.38956454396247864,0.1534193456172943,0.05119643360376358,0.02593045122921467,0.19890502095222473,0.18564702570438385,0.15379184484481812,0.06867644190788269,0.31419551372528076,0.24784693121910095,0.27597126364707947,0.11519569903612137,0.16637589037418365,0.290888249874115,0.21822544932365417,0.11119119822978973
AJ261,0.166666667,0.0,0.7,0.466666667,0.033333333,0.133333333,0.466666667,0.133333333,1.033333333,0.1,0.233333333,0.366666667,0.1,1.266666667,0.133333333,0.2,0.4,0.066666667,0.0,0.266666667,0.366666667,0.1,0.5,0.266666667,0.1,0.2,0.0,0.0,0.433333333,0.233333333,0.3,0.1,0.0,0.0,0.0,0.566666667,0.0,0.033333333,0.0,0.0,0.0,0.133333333,0.0,0.733333333,0.466666667,0.266666667,0.0,0.233333333,0.466666667,0.0,0.133333333,0.34934794902801514,0.12783367931842804,0.4858386814594269,0.2037716507911682,0.2969724237918854,0.13802829384803772,0.5220521688461304,0.277224063873291,1.4282702207565308,0.2469165027141571,0.2994202673435211,0.5882209539413452,0.0881117656826973,1.3675955533981323,0.40432289242744446,0.28377801179885864,0.2774913012981415,0.06447819620370865,0.05275961011648178,0.09739351272583008,0.20067621767520905,0.07417821884155273,0.1904146820306778,0.11789530515670776,0.05218743160367012,0.1851559281349182,0.09076064079999924,0.07637473195791245,0.09296336770057678,0.2664078176021576,0.3099960684776306,0.08521251380443573,0.25307023525238037,0.09529411792755127,0.03666500374674797,0.3777594566345215,0.15593215823173523,0.017129959538578987,0.03537188470363617,0.15050466358661652,0.1668749451637268,0.16868427395820618,0.09272487461566925,0.3154691159725189,0.21583765745162964,0.2936095893383026,0.11703786253929138,0.4024723470211029,0.22234037518501282,0.13170108199119568,0.11646197736263275
AJ413,0.24137931,0.0,0.137931034,0.068965517,0.137931034,0.0,0.137931034,0.172413793,0.862068966,0.172413793,0.448275862,0.448275862,0.24137931,1.586206897,0.482758621,0.24137931,0.310344828,0.655172414,1.103448276,1.068965517,0.448275862,0.24137931,0.206896552,0.068965517,0.103448276,0.0,0.0,0.068965517,0.0,0.206896552,0.137931034,0.068965517,0.034482759,0.0,0.0,0.310344828,0.137931034,0.103448276,0.0,0.034482759,0.586206897,0.24137931,0.137931034,0.206896552,0.172413793,0.448275862,0.0,0.103448276,0.068965517,0.068965517,0.068965517,0.3587612211704254,0.09208470582962036,0.35490864515304565,0.16678395867347717,0.26928263902664185,0.1237148642539978,0.2828381359577179,0.17541846632957458,0.5369616150856018,0.16511857509613037,0.21653297543525696,0.09107669442892075,0.019255608320236206,1.0361061096191406,0.3711254894733429,0.34078916907310486,0.24071566760540009,0.28310373425483704,0.264352411031723,0.39198464155197144,0.33863401412963867,0.2680581212043762,0.1924348622560501,0.12068748474121094,0.04898418113589287,0.17464131116867065,0.09456566721200943,0.07152847945690155,0.13678328692913055,0.3031437397003174,0.2639370560646057,0.25745436549186707,0.2879888117313385,0.16875077784061432,0.10361909121274948,0.5058515667915344,0.15511412918567657,0.05609705671668053,0.08930090069770813,0.2741349935531616,0.18709871172904968,0.14778676629066467,0.14925254881381989,0.163365438580513,0.16139283776283264,0.19310057163238525,0.023148201406002045,0.11775147914886475,0.28148239850997925,0.18822768330574036,0.09718083590269089
AJ449,0.366666667,0.133333333,0.066666667,0.0,0.2,0.0,0.366666667,0.1,1.5,0.1,0.366666667,0.433333333,0.1,1.533333333,0.266666667,0.266666667,0.033333333,0.0,0.0,0.066666667,0.0,0.0,0.0,0.266666667,0.0,0.333333333,0.333333333,0.166666667,0.1,1.133333333,0.866666667,0.0,0.0,0.1,0.0,0.333333333,0.066666667,0.066666667,0.0,0.0,0.2,0.233333333,0.1,0.233333333,0.166666667,0.533333333,0.133333333,0.566666667,0.3,0.066666667,0.0,0.5618121027946472,0.47155600786209106,0.48936259746551514,0.19366233050823212,0.42570510506629944,0.14695976674556732,0.43325090408325195,0.3233952522277832,1.045600414276123,0.22106336057186127,0.26830360293388367,0.2432403266429901,0.09765637665987015,1.1925013065338135,0.4867611825466156,0.27154842019081116,0.32812240719795227,0.350468248128891,0.38313964009284973,0.18717120587825775,0.44825246930122375,0.19265983998775482,0.2519700229167938,0.12719027698040009,0.05008742958307266,0.26522231101989746,0.11548089981079102,0.07210192829370499,0.1874839961528778,0.3131617307662964,0.23606231808662415,0.08331049233675003,0.23910486698150635,0.1883382797241211,0.03185185045003891,0.45788946747779846,0.15693657100200653,0.058048609644174576,0.07871141284704208,0.1438705027103424,0.2159990519285202,0.22813557088375092,0.07747441530227661,0.29432448744773865,0.25853201746940613,0.2715100049972534,0.11366485059261322,0.2578487694263458,0.22115299105644226,0.203462153673172,0.1166188046336174
AJ601,0.620689655,0.172413793,0.482758621,0.0,0.793103448,0.034482759,0.586206897,0.068965517,0.793103448,0.103448276,0.0,0.068965517,0.0,0.896551724,0.448275862,0.310344828,0.206896552,0.068965517,0.0,0.344827586,0.137931034,0.0,0.172413793,0.0,0.137931034,0.103448276,0.0,0.0,0.0,0.275862069,0.068965517,0.0,0.0,0.172413793,0.206896552,0.586206897,0.0,0.0,0.0,0.0,0.275862069,0.068965517,0.068965517,0.275862069,0.310344828,0.620689655,0.172413793,0.586206897,0.310344828,0.482758621,0.448275862,0.4319884777069092,0.104316346347332,0.4837985038757324,0.10595355182886124,0.30421140789985657,0.22228868305683136,0.24004234373569489,0.16893936693668365,0.5689764618873596,0.2847706377506256,0.09759337455034256,0.15194730460643768,0.021930519491434097,0.9580064415931702,0.5252246856689453,0.34137412905693054,0.26625561714172363,0.0794554278254509,0.060499679297208786,0.1770036816596985,0.3904080092906952,0.04694623872637749,0.33922427892684937,0.11728569865226746,0.046855926513671875,0.16183488070964813,0.10556577891111374,0.08815555274486542,0.18280379474163055,0.2823292016983032,0.24068120121955872,0.05806823447346687,0.23717547953128815,0.22372467815876007,0.020819252356886864,0.5347632169723511,0.15676341950893402,0.03666559234261513,0.01347734872251749,0.12629230320453644,0.17749254405498505,0.1560182422399521,0.10328119993209839,0.2812494933605194,0.22059963643550873,0.4449971914291382,0.20591649413108826,0.7186007499694824,0.19648608565330505,0.13649839162826538,0.12288033962249756
AJ733,0.344827586,0.0,0.344827586,0.551724138,0.137931034,0.068965517,0.068965517,0.103448276,0.586206897,0.0,0.0,0.137931034,0.0,0.965517241,0.137931034,0.068965517,0.379310345,0.034482759,0.379310345,0.137931034,0.310344828,0.103448276,0.0,0.0,0.0,0.137931034,0.0,0.068965517,0.0,0.413793103,0.137931034,0.034482759,0.24137931,0.310344828,0.068965517,1.103448276,0.24137931,0.137931034,0.0,0.068965517,0.655172414,0.24137931,0.034482759,0.827586207,0.448275862,0.172413793,0.310344828,0.172413793,0.24137931,0.24137931,0.103448276,0.5067453980445862,0.324116587638855,0.41824546456336975,0.3872995376586914,0.45466694235801697,0.2077503204345703,0.4379131495952606,0.4171246588230133,0.7537019848823547,0.17362768948078156,0.22354444861412048,0.17045475542545319,0.07771290838718414,1.1800153255462646,0.472219854593277,0.37869757413864136,0.3083183169364929,0.28649693727493286,0.21206064522266388,0.20923002064228058,0.27737587690353394,0.1099833995103836,0.21855409443378448,0.12313520163297653,0.04965352267026901,0.23906660079956055,0.07985277473926544,0.06713040173053741,0.09606519341468811,0.22041849792003632,0.20579001307487488,0.09126726537942886,0.2371358722448349,0.19441929459571838,0.08603576570749283,0.5843648910522461,0.15807051956653595,0.03474745526909828,0.035738494247198105,0.11831749975681305,0.22664874792099,0.30615726113319397,0.08411530405282974,0.2533602714538574,0.2508843243122101,0.20593944191932678,0.10993319749832153,0.2407233566045761,0.34000611305236816,0.22657348215579987,0.11297910660505295
AJ809,0.133333333,0.0,0.366666667,0.0,0.133333333,0.0,0.066666667,0.066666667,0.2,0.0,0.0,0.0,0.0,0.7,0.3,0.333333333,0.133333333,0.2,0.066666667,1.7,2.433333333,0.133333333,0.766666667,0.233333333,0.133333333,0.0,0.166666667,0.2,0.0,0.333333333,0.2,0.1,0.0,0.166666667,0.1,0.4,0.133333333,0.0,0.133333333,0.0,0.433333333,0.333333333,0.0,0.0,0.033333333,0.233333333,0.0,0.433333333,0.366666667,0.066666667,0.0,0.40264883637428284,0.1311122626066208,0.4105273485183716,0.21714791655540466,0.31470465660095215,0.1947835087776184,0.23053768277168274,0.20884063839912415,0.6491594314575195,0.2793959379196167,0.08856900036334991,0.17647255957126617,0.025009021162986755,1.096208095550537,0.5112579464912415,0.3477427065372467,0.2816990911960602,0.17949803173542023,0.0843266174197197,0.5276088118553162,0.7980430722236633,0.05064265429973602,0.49610719084739685,0.11746283620595932,0.050172194838523865,0.13869041204452515,0.09659308195114136,0.1012982502579689,0.0882175862789154,0.15980006754398346,0.21788060665130615,0.07526762038469315,0.23991604149341583,0.40232086181640625,0.037196118384599686,0.47751301527023315,0.15631452202796936,0.06258765608072281,0.006102240178734064,0.08165748417377472,0.18153516948223114,0.17325663566589355,0.09385887533426285,0.37341535091400146,0.240552619099617,0.505155086517334,0.2870292365550995,0.7687864303588867,0.2135399430990219,0.18425624072551727,0.11288124322891235
AJ915,0.2,0.0,0.433333333,0.133333333,0.266666667,0.0,0.233333333,0.033333333,0.2,0.0,0.0,0.0,0.0,0.266666667,0.3,0.066666667,0.2,0.1,0.0,0.7,0.666666667,0.533333333,0.1,0.166666667,0.0,0.0,0.066666667,0.0,0.8,0.6,0.833333333,0.6,0.266666667,0.266666667,0.2,1.066666667,0.266666667,0.366666667,0.066666667,1.366666667,0.2,0.0,0.3,0.033333333,0.166666667,0.4,0.0,0.133333333,0.233333333,0.066666667,0.1,0.2177501916885376,0.08913841098546982,0.2934010922908783,0.14699998497962952,0.4231228828430176,0.13134941458702087,0.12267891317605972,0.2641254961490631,0.10082320868968964,0.1798231303691864,0.05194234848022461,0.07124483585357666,0.010907147079706192,0.8915382623672485,0.44419047236442566,0.29537540674209595,0.31672149896621704,0.3805798888206482,0.33471769094467163,0.5942935347557068,0.7871170043945312,0.1339631825685501,0.3845374584197998,0.12110451608896255,0.04677971452474594,0.15692996978759766,0.08549942076206207,0.0943680852651596,0.12252344191074371,0.11107345670461655,0.15982866287231445,0.20752789080142975,0.2403946965932846,0.24780145287513733,0.06812258809804916,0.7360393404960632,0.1528158038854599,0.06090666353702545,0.05368233472108841,0.3294813632965088,0.20890438556671143,0.21571072936058044,0.13818813860416412,0.2355014532804489,0.15410710871219635,0.19216659665107727,0.05380327254533768,0.2296953946352005,0.24244095385074615,0.17791414260864258,0.08897499740123749
AJ986,0.0,0.0,0.620689655,0.137931034,0.068965517,0.034482759,0.068965517,0.310344828,0.275862069,0.0,0.0,0.103448276,0.0,1.24137931,0.551724138,0.448275862,0.931034483,1.275862069,0.103448276,0.793103448,0.172413793,1.862068966,0.310344828,0.655172414,0.0,0.172413793,0.0,0.0,0.0,0.275862069,0.172413793,0.0,0.448275862,0.0,0.24137931,0.275862069,0.137931034,0.0,0.0,0.0,0.068965517,0.206896552,0.24137931,0.413793103,0.137931034,0.275862069,0.137931034,0.137931034,0.0,0.206896552,0.103448276,0.2992951571941376,0.08827541023492813,0.36439409852027893,0.21725893020629883,0.4193156361579895,0.13753508031368256,0.19472360610961914,0.2886955738067627,0.19364888966083527,0.157423734664917,0.07861969619989395,0.07778996229171753,0.010125617496669292,0.9858703017234802,0.4860021471977234,0.2841012477874756,0.2941518723964691,0.484054297208786,0.18485981225967407,0.5053900480270386,0.4660242199897766,0.21216773986816406,0.25924232602119446,0.11626698821783066,0.04944164678454399,0.11548978090286255,0.08224998414516449,0.07457258552312851,0.03678232431411743,0.1543635129928589,0.17315346002578735,0.1425388902425766,0.24015651643276215,0.20848336815834045,0.04975215718150139,0.8137524724006653,0.1563621461391449,0.07147135585546494,0.02642040327191353,0.07355330139398575,0.18131321668624878,0.2739276587963104,0.11548766493797302,0.19648820161819458,0.15778924524784088,0.18547074496746063,0.118440642952919,0.29570430517196655,0.20922021567821503,0.20720906555652618,0.0902843251824379
AJ990,0.2,0.0,0.166666667,0.0,0.433333333,0.0,0.4,0.166666667,0.933333333,0.1,0.266666667,0.566666667,0.133333333,1.033333333,0.233333333,0.166666667,0.166666667,0.2,0.666666667,0.833333333,0.8,0.366666667,0.666666667,0.166666667,0.0,0.166666667,0.0,0.066666667,0.1,0.266666667,0.133333333,0.666666667,0.566666667,0.1,0.0,0.333333333,0.233333333,0.0,0.0,0.0,0.566666667,0.2,0.166666667,0.466666667,0.133333333,0.166666667,0.133333333,0.3,0.0,0.1,0.066666667,0.6626032590866089,0.11289889365434647,0.38660362362861633,0.1222090795636177,0.3124140799045563,0.12927475571632385,0.2674584984779358,0.11707519739866257,0.38180011510849,0.16727617383003235,0.10986918210983276,0.08101997524499893,0.01362850982695818,0.6104961037635803,0.2563669681549072,0.22470782697200775,0.1850186586380005,0.1976592093706131,0.22888979315757751,0.47429215908050537,0.5246798396110535,0.2168138176202774,0.26414334774017334,0.12661553919315338,0.04899841174483299,0.17813919484615326,0.09738432615995407,0.07466411590576172,0.0998973399400711,0.2888992428779602,0.22717911005020142,0.15975834429264069,0.26985588669776917,0.13568852841854095,0.12305016815662384,0.4413253366947174,0.1540829986333847,0.044059861451387405,0.024585077539086342,0.16216959059238434,0.1800072193145752,0.11820802092552185,0.10839973390102386,0.14112427830696106,0.1303713619709015,0.18110133707523346,0.03203578665852547,0.10528713464736938,0.21674737334251404,0.15360672771930695,0.09189271181821823
AK716,1.433333333,0.133333333,1.533333333,0.133333333,0.333333333,0.133333333,0.266666667,0.1,0.466666667,0.233333333,0.0,0.0,0.0,0.566666667,0.166666667,0.066666667,0.333333333,0.266666667,0.233333333,0.133333333,0.0,0.166666667,0.0,0.066666667,0.0,0.066666667,0.033333333,0.0,0.0,1.4,0.4,0.166666667,0.233333333,0.133333333,0.0,0.4,0.0,0.0,0.0,0.0,0.133333333,0.1,0.0,0.0,0.066666667,1.2,0.266666667,0.8,0.233333333,0.3,0.3,0.6963189244270325,0.22293108701705933,0.536798894405365,0.14810113608837128,0.2804116904735565,0.10426045209169388,0.28127992153167725,0.19661349058151245,0.6162034273147583,0.17235329747200012,0.0981559082865715,0.12414633482694626,0.03503628075122833,1.2885973453521729,0.3679239749908447,0.43021178245544434,0.2231856733560562,0.15729808807373047,0.21646282076835632,0.38278865814208984,0.5986796021461487,0.2996000647544861,0.32088562846183777,0.12899114191532135,0.04945923015475273,0.17243094742298126,0.13062818348407745,0.08794918656349182,0.14678169786930084,0.4442695081233978,0.2863370478153229,0.15538741648197174,0.27973419427871704,0.18447482585906982,0.04189368709921837,0.3533274531364441,0.15401561558246613,0.02259412221610546,0.02585037611424923,0.1614837795495987,0.16825397312641144,0.10777004063129425,0.026187192648649216,0.18223439157009125,0.18466734886169434,0.23219305276870728,0.11889141798019409,0.15630804002285004,0.20025978982448578,0.15019571781158447,0.13888533413410187
AK983,0.433333333,0.1,0.266666667,0.1,0.1,0.0,0.1,0.433333333,1.333333333,0.0,0.5,0.3,0.0,1.8,0.2,0.433333333,0.033333333,0.033333333,0.033333333,0.0,0.633333333,0.0,0.366666667,0.266666667,0.1,0.133333333,0.433333333,0.1,0.0,0.433333333,0.0,0.0,0.0,0.0,0.166666667,0.566666667,0.0,0.733333333,0.0,0.533333333,0.0,0.0,0.0,0.366666667,0.066666667,0.1,0.166666667,0.133333333,0.033333333,0.1,0.166666667,0.6131353378295898,0.17083315551280975,0.39086031913757324,0.09308934211730957,0.3041583001613617,0.11695241928100586,0.394204318523407,0.25449785590171814,0.9254536628723145,0.23019449412822723,0.23865067958831787,0.1697680950164795,0.07304378598928452,1.2347289323806763,0.2532595098018646,0.2899068295955658,0.1674593687057495,0.06853265315294266,0.23377138376235962,0.28491729497909546,0.338469922542572,0.20654459297657013,0.21049073338508606,0.12421683967113495,0.050182417035102844,0.2051028162240982,0.15121407806873322,0.12262433022260666,0.19358734786510468,0.35801079869270325,0.2872660160064697,0.19523905217647552,0.2873619496822357,0.13081303238868713,0.08054494112730026,0.35048216581344604,0.1532086282968521,0.07827925682067871,0.010668961331248283,0.24059967696666718,0.1915612518787384,0.11263784021139145,0.036081939935684204,0.1500452309846878,0.14485272765159607,0.2743662893772125,0.19568376243114471,0.1587531417608261,0.20780375599861145,0.24832487106323242,0.13608452677726746
AL177,0.466666667,0.0,0.3,0.033333333,0.866666667,0.2,0.066666667,0.0,0.266666667,0.066666667,0.0,0.0,0.0,0.233333333,0.233333333,0.066666667,0.1,0.133333333,0.166666667,1.2,1.3,0.0,0.833333333,0.0,0.0,0.333333333,0.0,0.2,0.0,0.266666667,0.0,0.0,0.0,0.366666667,0.1,1.166666667,0.2,0.0,0.0,0.0,0.8,0.133333333,0.0,0.2,0.066666667,0.333333333,0.0,0.233333333,0.266666667,0.466666667,0.3,0.6131883859634399,0.12832149863243103,0.4542883038520813,0.3273147940635681,0.34294864535331726,0.2185758799314499,0.3556801676750183,0.23589803278446198,0.3682323396205902,0.16668826341629028,0.0847172960639,0.12761123478412628,0.029701996594667435,0.6696244478225708,0.14721474051475525,0.1531819850206375,0.1861160844564438,0.08693049848079681,0.08326268196105957,0.7144015431404114,1.144708275794983,0.04697762429714203,0.5721567273139954,0.12584054470062256,0.04971946403384209,0.1377982646226883,0.08272238820791245,0.08522015064954758,0.03074309602379799,0.153172105550766,0.14957550168037415,0.04528914391994476,0.23831886053085327,0.4956814646720886,0.1832292228937149,0.7553295493125916,0.15624596178531647,0.11222512274980545,0.011965889483690262,0.05692971125245094,0.17826208472251892,0.13772599399089813,0.08743606507778168,0.11771321296691895,0.15962333977222443,0.24023044109344482,0.216022327542305,0.2890593707561493,0.2458750456571579,0.15313820540905,0.11448171734809875
AL360,1.433333333,0.0,1.633333333,0.233333333,0.566666667,0.166666667,0.3,0.0,1.1,0.166666667,0.433333333,0.2,0.0,0.866666667,0.133333333,0.2,0.066666667,0.166666667,0.066666667,0.066666667,0.3,0.066666667,0.0,0.033333333,0.0,0.1,0.0,0.0,0.066666667,0.4,0.166666667,0.0,0.1,0.133333333,0.0,0.466666667,0.0,0.233333333,0.0,0.0,0.2,0.0,0.0,0.066666667,0.2,0.066666667,0.133333333,0.033333333,0.066666667,0.133333333,0.2,0.6246359944343567,0.15417438745498657,0.6046141386032104,0.23344966769218445,0.3161275386810303,0.22482185065746307,0.4543730616569519,0.16743400692939758,0.7296427488327026,0.18380741775035858,0.20820827782154083,0.24463818967342377,0.09076951444149017,0.7779253125190735,0.1364872306585312,0.2239730954170227,0.1922350823879242,0.05803193524479866,0.04733012989163399,0.19411563873291016,0.23439225554466248,0.0908704623579979,0.16762509942054749,0.11865647882223129,0.04976321756839752,0.18136291205883026,0.08329012989997864,0.07796043902635574,0.06470858305692673,0.24874097108840942,0.2768973708152771,0.067166268825531,0.25398120284080505,0.16597837209701538,0.07888951152563095,0.6735675930976868,0.16163288056850433,0.1679157316684723,0.041781313717365265,0.22366073727607727,0.17719824612140656,0.17750461399555206,0.0859423503279686,0.13291990756988525,0.175109401345253,0.37951719760894775,0.18836449086666107,0.19423265755176544,0.3087019622325897,0.2168969064950943,0.14957548677921295
AL388,0.133333333,0.0,0.1,0.0,0.366666667,0.2,0.133333333,0.233333333,0.3,0.0,0.0,0.0,0.0,0.533333333,0.4,0.266666667,0.3,0.066666667,0.1,0.4,0.733333333,0.0,0.433333333,0.0,0.0,0.066666667,0.0,0.0,0.0,0.1,0.3,0.033333333,0.0,0.766666667,0.366666667,1.4,1.166666667,0.333333333,0.0,0.433333333,0.366666667,0.6,0.133333333,0.133333333,0.166666667,0.566666667,0.0,0.1,0.533333333,0.6,0.1,0.4394214153289795,0.11860819905996323,0.39413392543792725,0.22942176461219788,0.44919291138648987,0.11572245508432388,0.4235144853591919,0.27106955647468567,0.4279787838459015,0.16729062795639038,0.17765095829963684,0.12140157073736191,0.04305783659219742,0.7263250946998596,0.23353423178195953,0.20970089733600616,0.18516352772712708,0.09516273438930511,0.1080460175871849,0.25015920400619507,0.35920217633247375,0.06891681253910065,0.21771758794784546,0.12035004049539566,0.04883784428238869,0.11845564842224121,0.07988511770963669,0.08124341815710068,0.047300148755311966,0.2573164701461792,0.2647739052772522,0.07626942545175552,0.24011366069316864,0.3177115023136139,0.12292065471410751,0.7389322519302368,0.15532968938350677,0.1735963672399521,0.06330065429210663,0.2149297595024109,0.17566996812820435,0.18560107052326202,0.1570807695388794,0.1258358657360077,0.16330739855766296,0.17431578040122986,0.07812203466892242,0.21875573694705963,0.22654679417610168,0.133012056350708,0.10410982370376587
AL389,0.833333333,0.233333333,0.733333333,0.166666667,0.7,0.166666667,0.3,0.1,0.166666667,0.066666667,0.166666667,0.0,0.0,0.566666667,0.166666667,0.0,0.266666667,0.0,0.166666667,0.866666667,1.266666667,0.133333333,0.9,0.133333333,0.0,0.266666667,0.166666667,0.0,0.2,0.3,0.333333333,0.066666667,0.133333333,0.3,0.066666667,1.2,0.0,0.0,0.0,0.0,0.366666667,0.2,0.166666667,0.0,0.1,0.0,0.166666667,0.033333333,0.466666667,0.333333333,0.2,0.5187299847602844,0.14031778275966644,0.5417147278785706,0.3932357132434845,0.38585570454597473,0.15490277111530304,0.2728501856327057,0.21758875250816345,0.45663344860076904,0.1748311072587967,0.09454957395792007,0.10423640161752701,0.009142075665295124,0.675115168094635,0.1052057221531868,0.10974295437335968,0.1953238546848297,0.07495618611574173,0.060631342232227325,0.30357322096824646,0.5211631655693054,0.05841583013534546,0.3959203064441681,0.11728986352682114,0.04637990891933441,0.12028910219669342,0.07652196288108826,0.07424837350845337,0.06926795840263367,0.2087814211845398,0.20338110625743866,0.04174444451928139,0.23975834250450134,0.41367247700691223,0.19264279305934906,0.7152096033096313,0.15861253440380096,0.09798619151115417,0.05772804096341133,0.10586245357990265,0.16388089954853058,0.1620277464389801,0.12423726171255112,0.18022114038467407,0.14193446934223175,0.23363211750984192,0.12673141062259674,0.09749919921159744,0.3025639057159424,0.17083153128623962,0.10491356998682022
AL402,1.066666667,0.0,0.366666667,0.1,0.666666667,0.333333333,0.633333333,0.2,0.933333333,0.3,0.166666667,0.066666667,0.0,0.433333333,0.066666667,0.133333333,0.166666667,0.1,0.166666667,0.766666667,0.633333333,0.233333333,0.533333333,0.066666667,0.0,0.266666667,0.0,0.0,0.0,0.466666667,0.3,0.0,0.033333333,0.233333333,0.166666667,0.6,0.3,0.233333333,0.0,0.2,0.3,0.133333333,0.0,0.1,0.133333333,0.3,0.4,0.2,0.166666667,0.233333333,0.166666667,0.7422120571136475,0.14926376938819885,0.4622429609298706,0.44034066796302795,0.34114784002304077,0.1020679622888565,0.29473382234573364,0.17750108242034912,0.4154694676399231,0.16942407190799713,0.07306874543428421,0.10048773884773254,0.04336285591125488,0.5658023357391357,0.11581272631883621,0.11684929579496384,0.17521539330482483,0.042602866888046265,0.0359191969037056,0.26416727900505066,0.4822748005390167,0.07411402463912964,0.21588188409805298,0.12025072425603867,0.047647856175899506,0.14123091101646423,0.0828477293252945,0.09579070657491684,0.04276575148105621,0.17580795288085938,0.21776758134365082,0.18584537506103516,0.24555230140686035,0.3718859553337097,0.2601615786552429,0.5946877002716064,0.15715588629245758,0.24255700409412384,0.06876426935195923,0.3450542688369751,0.17570210993289948,0.13391287624835968,0.0976487547159195,0.11753193289041519,0.18829013407230377,0.22531796991825104,0.11151579767465591,0.20770812034606934,0.21102820336818695,0.15812338888645172,0.1004604771733284
AL409,0.233333333,0.066666667,0.466666667,0.0,0.6,0.0,0.566666667,0.1,0.9,0.3,0.133333333,0.166666667,0.0,1.266666667,0.3,0.433333333,0.233333333,0.0,0.0,0.266666667,0.5,0.066666667,0.266666667,0.3,0.0,0.233333333,0.266666667,0.5,0.233333333,0.233333333,0.166666667,0.033333333,0.0,0.133333333,0.0,0.866666667,0.9,0.566666667,0.166666667,0.0,0.033333333,0.0,0.366666667,0.366666667,0.1,0.833333333,0.233333333,0.333333333,0.133333333,0.1,0.133333333,0.7433761954307556,0.12177170068025589,0.44310635328292847,0.3164440095424652,0.3820001780986786,0.10976473242044449,0.3796495795249939,0.13396456837654114,0.5320867896080017,0.17078889906406403,0.17906412482261658,0.13029327988624573,0.06311587244272232,0.8436911106109619,0.19013705849647522,0.14992234110832214,0.17822334170341492,0.04400823637843132,0.02382652461528778,0.31027621030807495,0.4514932632446289,0.04866500571370125,0.2030390352010727,0.13472262024879456,0.04987818002700806,0.1868046075105667,0.0894119143486023,0.08989733457565308,0.1654055118560791,0.2611123025417328,0.254688024520874,0.09710842370986938,0.24123771488666534,0.2519418001174927,0.14987896382808685,0.8546375036239624,0.15596714615821838,0.11699974536895752,0.04920448735356331,0.3122529089450836,0.1726030558347702,0.1378917247056961,0.2051074206829071,0.10636532306671143,0.12931551039218903,0.22507381439208984,0.09863229840993881,0.1287044733762741,0.25677838921546936,0.17678597569465637,0.10323341190814972
AL417,0.4,0.0,0.733333333,0.6,0.366666667,0.266666667,0.933333333,0.3,1.666666667,0.833333333,0.8,0.3,0.166666667,2.1,0.433333333,0.566666667,0.166666667,0.066666667,0.0,0.066666667,0.133333333,0.0,0.2,0.066666667,0.133333333,0.5,0.0,0.0,0.133333333,0.2,0.066666667,0.0,0.0,0.233333333,0.0,0.566666667,0.4,0.0,0.0,0.0,0.0,0.0,0.0,0.0,0.1,0.2,0.166666667,0.1,0.0,0.233333333,0.0,0.6444414854049683,0.10464391857385635,0.47063204646110535,0.3286561667919159,0.29901111125946045,0.16171646118164062,0.38664448261260986,0.1951444298028946,0.5893236398696899,0.16828781366348267,0.22209486365318298,0.13292168080806732,0.028493693098425865,1.263802409172058,0.2682057023048401,0.33113154768943787,0.19207914173603058,0.042321596294641495,0.0637839064002037,0.1943245381116867,0.221454456448555,0.06907220184803009,0.16158077120780945,0.11907920986413956,0.05177716538310051,0.1838245838880539,0.09493278712034225,0.07830531895160675,0.13737747073173523,0.36472707986831665,0.29117292165756226,0.12847375869750977,0.24155427515506744,0.15796050429344177,0.09097985923290253,0.6150176525115967,0.1542709767818451,0.030268549919128418,0.03717693313956261,0.1566207855939865,0.18225444853305817,0.12115957587957382,0.07630874961614609,0.11449966579675674,0.1719353199005127,0.223859965801239,0.07866156846284866,0.08540858328342438,0.16302111744880676,0.17363379895687103,0.13666294515132904
AL454,0.366666667,0.0,0.533333333,0.133333333,0.533333333,0.2,0.733333333,0.366666667,0.866666667,0.433333333,0.0,0.0,0.0,1.166666667,0.366666667,0.433333333,0.133333333,0.0,0.0,0.166666667,0.333333333,0.0,0.466666667,0.433333333,0.266666667,0.433333333,0.0,0.133333333,0.233333333,0.433333333,0.233333333,0.0,0.0,0.2,0.066666667,0.933333333,0.8,0.5,0.066666667,0.1,0.2,0.266666667,0.033333333,0.1,0.166666667,1.0,0.266666667,0.333333333,0.033333333,0.0,0.133333333,0.5863227844238281,0.11345764994621277,0.5241109132766724,0.2891433835029602,0.421457976102829,0.2245556265115738,0.5294094681739807,0.2104150950908661,0.7195142507553101,0.24218130111694336,0.25269660353660583,0.17549102008342743,0.090204156935215,0.951357364654541,0.22538334131240845,0.2389366328716278,0.2074093520641327,0.05885499715805054,0.025852235034108162,0.12562482059001923,0.24382203817367554,0.04380316287279129,0.19973035156726837,0.11823011189699173,0.046729668974876404,0.2377389818429947,0.08919604122638702,0.08855457603931427,0.07057959586381912,0.19679194688796997,0.2052009552717209,0.039877671748399734,0.23750172555446625,0.29276686906814575,0.08515984565019608,1.0524150133132935,0.1644478440284729,0.12002500146627426,0.03635421395301819,0.10748117417097092,0.16754251718521118,0.1600891798734665,0.13974007964134216,0.11992062628269196,0.16375437378883362,0.2505837082862854,0.18390332162380219,0.17373254895210266,0.2780162990093231,0.17678260803222656,0.13041691482067108
AL520,0.2,0.0,0.5,0.0,0.3,0.066666667,0.466666667,0.0,0.633333333,0.0,0.0,0.0,0.0,0.466666667,0.133333333,0.266666667,0.033333333,0.0,0.066666667,0.3,0.2,0.366666667,0.1,0.133333333,0.0,0.133333333,0.0,0.0,0.133333333,0.366666667,0.066666667,0.5,0.5,0.366666667,0.1,1.2,0.6,1.433333333,0.433333333,0.9,0.133333333,0.0,0.166666667,0.0,0.033333333,0.433333333,0.1,0.033333333,0.066666667,0.466666667,0.433333333,0.47898074984550476,0.13742245733737946,0.30589982867240906,0.41696783900260925,0.2767396569252014,0.13211697340011597,0.39484265446662903,0.14813880622386932,0.4297040104866028,0.1814211755990982,0.22077207267284393,0.1258353441953659,0.1020069271326065,0.5175021886825562,0.11037852615118027,0.07484464347362518,0.1740691363811493,0.044750574976205826,0.07859009504318237,0.2636662423610687,0.25758329033851624,0.11383838206529617,0.16007429361343384,0.12592867016792297,0.04575411230325699,0.1509825438261032,0.10822422057390213,0.08482986688613892,0.1706503927707672,0.2675241231918335,0.24358244240283966,0.33752909302711487,0.26056888699531555,0.21577128767967224,0.2665247917175293,0.5001158714294434,0.15821409225463867,0.30449020862579346,0.07920300960540771,0.4940684139728546,0.18794743716716766,0.13836103677749634,0.12234732508659363,0.09539739042520523,0.18644313514232635,0.21292616426944733,0.048466406762599945,0.07182692736387253,0.2153349071741104,0.15356017649173737,0.10088633745908737
AL581,1.633333333,0.166666667,0.7,0.233333333,0.8,0.2,0.333333333,0.233333333,0.2,0.1,0.033333333,0.0,0.0,0.466666667,0.0,0.233333333,0.4,0.066666667,0.066666667,0.633333333,2.0,0.0,0.933333333,0.0,0.0,0.4,0.0,0.066666667,0.133333333,0.266666667,0.2,0.066666667,0.033333333,0.266666667,0.1,0.7,0.033333333,0.0,0.0,0.033333333,0.233333333,0.033333333,0.0,0.166666667,0.0,0.2,0.0,0.133333333,0.233333333,0.0,0.266666667,0.7882311940193176,0.1766427457332611,0.6402305364608765,0.30124780535697937,0.47274428606033325,0.22559763491153717,0.34134581685066223,0.16054974496364594,0.49529770016670227,0.23982897400856018,0.21690504252910614,0.1500798612833023,0.06690948456525803,0.5947131514549255,0.15249596536159515,0.11438704282045364,0.2132813185453415,0.058277662843465805,0.10831627249717712,0.34775620698928833,0.6981122493743896,0.0776878148317337,0.5065975189208984,0.1183081716299057,0.046853478997945786,0.18325446546077728,0.0819447934627533,0.08869516849517822,0.12619048357009888,0.2161257266998291,0.205308198928833,0.12477228045463562,0.24311697483062744,0.36863672733306885,0.1427897959947586,0.9674394726753235,0.15933503210544586,0.11414878815412521,0.050726305693387985,0.18022708594799042,0.17268803715705872,0.19237934052944183,0.10799704492092133,0.12641596794128418,0.12554354965686798,0.25758668780326843,0.2338256984949112,0.1384742707014084,0.2269989550113678,0.1677711009979248,0.12077698111534119
AL613,0.9,0.166666667,1.1,0.266666667,0.6,0.266666667,0.366666667,0.1,0.133333333,0.0,0.0,0.0,0.0,0.4,0.166666667,0.033333333,0.266666667,0.033333333,0.133333333,0.2,0.933333333,0.0,0.666666667,0.0,0.0,0.833333333,0.133333333,0.0,0.6,0.733333333,0.5,0.033333333,0.0,0.133333333,0.133333333,1.6,0.033333333,0.1,0.0,0.033333333,0.366666667,0.066666667,0.366666667,0.133333333,0.066666667,0.266666667,0.4,0.166666667,0.1,0.0,0.266666667,0.784060001373291,0.15830408036708832,0.5328859686851501,0.23747757077217102,0.3660929203033447,0.234206885099411,0.34619441628456116,0.07160238921642303,0.19845269620418549,0.1759530007839203,0.08286963403224945,0.08437556773424149,0.059044692665338516,0.2855352759361267,0.06763476133346558,0.03780997171998024,0.1630794256925583,0.06235106289386749,0.09004347026348114,0.30188804864883423,0.406798392534256,0.11746752262115479,0.16461271047592163,0.11882384121417999,0.049395740032196045,0.15359745919704437,0.11068989336490631,0.09253519773483276,0.20979243516921997,0.2977224588394165,0.2815743684768677,0.19706600904464722,0.27047544717788696,0.2679409086704254,0.1623491793870926,0.7018585205078125,0.15596714615821838,0.10026837140321732,0.0555315762758255,0.3497290015220642,0.20882558822631836,0.12368029356002808,0.16719551384449005,0.09565381705760956,0.12714625895023346,0.17423228919506073,0.11766848713159561,0.05104450881481171,0.20909945666790009,0.20478183031082153,0.10126432031393051
AL679,0.233333333,0.066666667,0.433333333,0.1,0.366666667,0.333333333,0.366666667,0.066666667,0.333333333,0.933333333,0.0,0.1,0.0,0.666666667,0.0,0.2,0.033333333,0.0,0.133333333,0.0,0.133333333,0.0,0.033333333,0.0,0.0,0.166666667,0.0,0.0,0.0,0.4,0.133333333,0.1,0.333333333,0.033333333,0.1,0.766666667,1.166666667,1.166666667,0.2,0.6,0.2,0.0,0.566666667,0.233333333,0.1,0.666666667,0.4,0.133333333,0.1,0.233333333,0.1,0.5699748396873474,0.11952332407236099,0.42981603741645813,0.2982155680656433,0.27065202593803406,0.15885841846466064,0.36409103870391846,0.14694435894489288,0.42816489934921265,0.18174748122692108,0.1421544849872589,0.11051928251981735,0.042219050228595734,0.595920741558075,0.16579090058803558,0.14339163899421692,0.18063028156757355,0.043134644627571106,0.07408193498849869,0.156657412648201,0.1704932451248169,0.06667827069759369,0.15620216727256775,0.11760453134775162,0.04547739773988724,0.2080899477005005,0.07825352996587753,0.06834597140550613,0.12394171208143234,0.35451540350914,0.24764475226402283,0.20137321949005127,0.2540402114391327,0.23231416940689087,0.12388194352388382,0.9265442490577698,0.15974316000938416,0.18655690550804138,0.07415948063135147,0.26848462224006653,0.18903948366641998,0.14493630826473236,0.20192387700080872,0.11304962635040283,0.20474441349506378,0.22589677572250366,0.08576688170433044,0.06732407212257385,0.33068886399269104,0.2576150596141815,0.14353007078170776
AL705,0.566666667,0.0,0.3,0.0,0.733333333,0.133333333,0.133333333,0.066666667,0.133333333,0.0,0.0,0.0,0.0,0.333333333,0.166666667,0.1,0.2,0.266666667,0.2,1.066666667,1.633333333,0.0,1.4,0.0,0.0,0.2,0.0,0.0,0.0,0.0,0.0,0.033333333,0.033333333,0.633333333,0.066666667,0.966666667,0.0,0.0,0.0,0.0,0.3,0.0,0.0,0.033333333,0.1,0.1,0.366666667,0.066666667,0.366666667,0.4,0.233333333,0.5834276080131531,0.10558158904314041,0.5366296172142029,0.34147220849990845,0.33813396096229553,0.10951398313045502,0.40021586418151855,0.13887657225131989,0.495990127325058,0.17023441195487976,0.17364133894443512,0.14349786937236786,0.04206220433115959,0.6374883055686951,0.1138121485710144,0.11452098935842514,0.18551842868328094,0.058090705424547195,0.06489215791225433,0.2802112102508545,0.44953015446662903,0.07413634657859802,0.2059081494808197,0.12078753858804703,0.04721669852733612,0.14384566247463226,0.0832122191786766,0.10632393509149551,0.1399761587381363,0.28289249539375305,0.24988500773906708,0.31079310178756714,0.24048282206058502,0.3712122142314911,0.23780427873134613,0.7493954300880432,0.17738959193229675,0.31345248222351074,0.08635281771421432,0.38864919543266296,0.17686499655246735,0.15810059010982513,0.24895863234996796,0.14565925300121307,0.17519699037075043,0.2478872388601303,0.13031519949436188,0.24185140430927277,0.22869133949279785,0.1717241108417511,0.12153733521699905
AL790,0.6,0.1,0.533333333,0.0,0.5,0.066666667,0.433333333,0.233333333,0.5,0.0,0.166666667,0.333333333,0.0,0.6,0.1,0.1,0.2,0.266666667,0.066666667,0.533333333,0.966666667,0.3,0.133333333,0.1,0.0,0.266666667,0.0,0.0,0.266666667,0.2,0.333333333,0.066666667,0.2,0.366666667,0.1,0.8,0.0,0.1,0.0,0.466666667,0.266666667,0.333333333,0.0,0.1,0.0,0.333333333,0.0,0.4,0.133333333,0.433333333,0.066666667,0.5817062854766846,0.11904581636190414,0.4898940622806549,0.5735613703727722,0.32291582226753235,0.07618526369333267,0.33533063530921936,0.16858774423599243,0.7039132118225098,0.172697976231575,0.20611640810966492,0.1896677315235138,0.04979848116636276,1.1514276266098022,0.23474806547164917,0.2239510715007782,0.21573390066623688,0.03376700356602669,0.048613663762807846,0.20064614713191986,0.34951838850975037,0.07689294964075089,0.1433439999818802,0.11728986352682114,0.047111231833696365,0.12658654153347015,0.07488317787647247,0.0790361538529396,0.1672099083662033,0.3759172260761261,0.3131781220436096,0.057540517300367355,0.23801474273204803,0.16125240921974182,0.05673607066273689,0.41469526290893555,0.1541157364845276,0.06768076121807098,0.028766224160790443,0.15517650544643402,0.16030392050743103,0.13961492478847504,0.08319488167762756,0.15720060467720032,0.28954243659973145,0.23729893565177917,0.11744407564401627,0.16190676391124725,0.16159571707248688,0.14253012835979462,0.09978745132684708
AL822,1.566666667,0.033333333,0.8,0.0,0.433333333,0.433333333,1.133333333,0.166666667,0.633333333,0.933333333,0.0,0.0,0.0,0.866666667,0.066666667,0.2,0.0,0.033333333,0.0,0.366666667,0.333333333,0.0,0.066666667,0.0,0.066666667,0.0,0.0,0.0,0.0,0.233333333,0.066666667,0.0,0.1,0.166666667,0.0,0.633333333,0.3,0.033333333,0.0,0.0,0.0,0.066666667,0.0,0.066666667,0.166666667,0.166666667,0.366666667,0.0,0.1,0.366666667,0.133333333,0.7208045125007629,0.21104677021503448,0.5862534046173096,0.20457614958286285,0.3997224271297455,0.2879922688007355,0.4143044948577881,0.1336071789264679,0.6966256499290466,0.21988485753536224,0.14751148223876953,0.14795663952827454,0.04835975542664528,1.0023307800292969,0.19132278859615326,0.1927158683538437,0.19903843104839325,0.04573296383023262,0.06315028667449951,0.11557018011808395,0.23864488303661346,0.049081627279520035,0.18237651884555817,0.11830455809831619,0.04633195698261261,0.1960734724998474,0.07579103112220764,0.06844238936901093,0.0599757581949234,0.17053410410881042,0.2377159297466278,0.07367447018623352,0.2422032505273819,0.1577218770980835,0.07534583657979965,0.7044587135314941,0.15593957901000977,0.054674144834280014,0.019624272361397743,0.13819271326065063,0.17109863460063934,0.12831111252307892,0.047538161277770996,0.12348320335149765,0.2008405476808548,0.21716205775737762,0.0997014194726944,0.10111469775438309,0.25821375846862793,0.19201743602752686,0.11796476691961288
AL944,0.833333333,0.166666667,0.7,0.9,0.466666667,0.5,0.433333333,0.033333333,0.266666667,1.066666667,0.133333333,0.0,0.0,0.533333333,0.033333333,0.1,0.2,0.0,0.033333333,0.133333333,0.233333333,0.0,0.166666667,0.066666667,0.0,0.1,0.0,0.0,0.0,0.3,0.266666667,0.0,0.0,0.233333333,0.133333333,0.666666667,0.633333333,0.333333333,0.2,0.333333333,0.233333333,0.0,0.1,0.333333333,0.2,0.133333333,0.0,0.066666667,0.1,0.066666667,0.133333333,0.8257540464401245,0.21593964099884033,0.5644291043281555,0.3607672154903412,0.4423370957374573,0.19397954642772675,0.42055216431617737,0.15229283273220062,0.393003910779953,0.1869712918996811,0.17616242170333862,0.10306361317634583,0.05722357705235481,0.6288451552391052,0.11336660385131836,0.11836346238851547,0.18749922513961792,0.04953433945775032,0.061433207243680954,0.13566581904888153,0.24612276256084442,0.06300784647464752,0.13917240500450134,0.11882384121417999,0.04644177854061127,0.175718754529953,0.09065405279397964,0.07584987580776215,0.09553167223930359,0.16135118901729584,0.25249651074409485,0.12823958694934845,0.24015270173549652,0.21419018507003784,0.1526482105255127,0.6404990553855896,0.15702535212039948,0.10879103094339371,0.03372472897171974,0.33479055762290955,0.16710048913955688,0.12979111075401306,0.0739913210272789,0.09699369221925735,0.18505485355854034,0.18397971987724304,0.17650777101516724,0.07381342351436615,0.25486716628074646,0.18227340281009674,0.13994693756103516
AL973,1.3,0.0,0.433333333,0.1,0.033333333,0.1,0.4,0.2,0.766666667,0.0,0.133333333,0.0,0.0,0.666666667,0.133333333,0.133333333,0.0,0.0,0.066666667,0.0,0.066666667,0.1,0.5,0.0,0.0,0.5,0.133333333,0.0,0.066666667,0.166666667,0.1,0.166666667,0.033333333,0.433333333,0.1,1.433333333,0.666666667,0.366666667,0.1,0.666666667,0.5,0.366666667,0.533333333,0.166666667,0.066666667,0.333333333,0.133333333,0.0,0.4,0.233333333,0.433333333,0.7735881209373474,0.17196378111839294,0.4718354642391205,0.2555557191371918,0.4216022193431854,0.13048897683620453,0.3790072798728943,0.15872526168823242,0.49181222915649414,0.18858781456947327,0.13798415660858154,0.16014109551906586,0.0372745618224144,0.6070391535758972,0.11397223174571991,0.09242656081914902,0.2005213052034378,0.07219133526086807,0.05509685352444649,0.2651042342185974,0.46559789776802063,0.06807869672775269,0.44594231247901917,0.12145926058292389,0.04570562765002251,0.16553035378456116,0.08353310078382492,0.0798514112830162,0.18547587096691132,0.2092055380344391,0.23671603202819824,0.11551743745803833,0.2450229525566101,0.3478100597858429,0.22622622549533844,0.6838318705558777,0.15821409225463867,0.14024533331394196,0.05861923098564148,0.35932812094688416,0.18297889828681946,0.15745671093463898,0.12785767018795013,0.11597699671983719,0.135705828666687,0.24927978217601776,0.23473483324050903,0.05117414519190788,0.2919408977031708,0.16230031847953796,0.1118772029876709
AM104,0.366666667,0.1,0.566666667,1.233333333,0.5,0.233333333,0.166666667,0.4,0.5,0.0,0.1,0.0,0.0,1.566666667,0.433333333,0.2,0.7,0.233333333,0.366666667,0.5,0.0,0.166666667,0.1,0.1,0.0,0.0,0.0,0.033333333,0.0,0.333333333,0.3,0.3,0.533333333,0.066666667,0.033333333,0.566666667,0.066666667,0.1,0.1,0.333333333,0.233333333,0.066666667,0.033333333,0.066666667,0.633333333,0.066666667,0.066666667,0.0,0.0,0.133333333,0.166666667,0.3301120102405548,0.10540630668401718,0.6049127578735352,0.474760502576828,0.3869546949863434,0.17568626999855042,0.23839157819747925,0.14901377260684967,0.2479143589735031,0.16101522743701935,0.06544727087020874,0.12706439197063446,0.018871350213885307,1.2007514238357544,0.3610343635082245,0.432687908411026,0.22555209696292877,0.09823191910982132,0.021922271698713303,0.4934246242046356,0.6174816489219666,0.05945705622434616,0.2633706033229828,0.11874902248382568,0.05273008719086647,0.1351519525051117,0.08955413103103638,0.08525514602661133,0.12322399020195007,0.14874233305454254,0.21528244018554688,0.08176201581954956,0.23760010302066803,0.18925204873085022,0.045469705015420914,0.7403703331947327,0.1563171148300171,0.026975374668836594,0.0189384575933218,0.08953094482421875,0.17093801498413086,0.12582026422023773,0.04222917929291725,0.14937445521354675,0.20595525205135345,0.1497100293636322,0.05402502045035362,0.1820250004529953,0.17378409206867218,0.13852329552173615,0.10653823614120483
AM414,0.766666667,0.0,1.533333333,0.333333333,1.033333333,0.866666667,0.866666667,0.266666667,0.633333333,0.4,0.433333333,0.0,0.166666667,0.866666667,0.066666667,0.166666667,0.233333333,0.0,0.033333333,0.0,0.0,0.0,0.0,0.0,0.0,0.0,0.0,0.0,0.0,0.2,0.433333333,0.066666667,0.333333333,0.4,0.033333333,0.833333333,0.133333333,0.0,0.1,0.066666667,0.033333333,0.066666667,0.133333333,0.033333333,0.5,0.733333333,0.166666667,0.333333333,0.0,0.133333333,0.433333333,0.5220590233802795,0.11019865423440933,0.8090802431106567,0.4489937126636505,0.2931174039840698,0.29325538873672485,0.4884136915206909,0.20711155235767365,0.3948054611682892,0.17624418437480927,0.2541391849517822,0.19799521565437317,0.11710816621780396,1.2305444478988647,0.23823781311511993,0.35253599286079407,0.18968674540519714,0.053955405950546265,0.016632860526442528,0.21799756586551666,0.3088819086551666,0.047308504581451416,0.14518606662750244,0.11887314915657043,0.056464068591594696,0.15500859916210175,0.13114018738269806,0.08140787482261658,0.14424361288547516,0.2517373859882355,0.2921494245529175,0.14866101741790771,0.258232980966568,0.1469951719045639,0.07304796576499939,0.6222320199012756,0.15511412918567657,0.05596980080008507,0.03219055011868477,0.10927338153123856,0.1662808507680893,0.11681628972291946,0.052358027547597885,0.13691966235637665,0.21655751764774323,0.22706708312034607,0.08871137350797653,0.13284975290298462,0.15874062478542328,0.13384300470352173,0.10136231034994125
AM435,0.4,0.0,1.1,1.433333333,0.833333333,0.433333333,0.2,0.566666667,0.833333333,0.2,0.166666667,0.066666667,0.0,1.466666667,0.433333333,0.633333333,0.433333333,0.166666667,0.1,0.2,0.0,0.066666667,0.166666667,0.066666667,0.0,0.0,0.0,0.0,0.0,0.3,0.3,0.2,0.166666667,0.233333333,0.0,0.733333333,0.033333333,0.0,0.0,0.0,0.533333333,0.066666667,0.0,0.266666667,0.933333333,0.666666667,0.133333333,0.566666667,0.166666667,0.2,0.166666667,0.534761369228363,0.13495789468288422,0.9266871213912964,0.4802151620388031,0.5126612186431885,0.4327487647533417,0.621876060962677,0.30851054191589355,0.9050243496894836,0.18554842472076416,0.28507286310195923,0.26785680651664734,0.11714696139097214,1.3327574729919434,0.24616046249866486,0.3164549767971039,0.22288532555103302,0.09770035743713379,0.035250209271907806,0.16961820423603058,0.15074384212493896,0.05166575685143471,0.10970573872327805,0.11877401173114777,0.047011155635118484,0.14333948493003845,0.07332873344421387,0.07368453592061996,0.030640948563814163,0.18516671657562256,0.2544473111629486,0.06697986274957657,0.26576828956604004,0.08523783087730408,0.046484287828207016,0.48215731978416443,0.1546466052532196,0.025707963854074478,0.008082437328994274,0.058474380522966385,0.16928590834140778,0.12899507582187653,0.050396133214235306,0.2378349006175995,0.3621339797973633,0.22499880194664001,0.1900721937417984,0.15263031423091888,0.20567874610424042,0.11672811955213547,0.10026896744966507
AM518,0.4,0.0,0.666666667,1.5,0.633333333,0.433333333,0.333333333,0.4,0.2,0.066666667,0.0,0.0,0.0,1.066666667,0.3,0.566666667,0.1,0.233333333,0.2,0.166666667,0.266666667,0.0,0.233333333,0.0,0.1,0.3,0.133333333,0.0,0.0,0.133333333,0.2,0.0,0.0,0.1,0.0,0.3,0.0,0.0,0.0,0.0,0.2,0.0,0.0,0.166666667,0.8,0.066666667,0.0,0.266666667,0.366666667,0.066666667,0.133333333,0.3067586123943329,0.09537031501531601,0.5147610902786255,0.6488573551177979,0.3243931531906128,0.1885567605495453,0.2333729863166809,0.24317416548728943,0.4906657040119171,0.1622065156698227,0.10198186337947845,0.18938416242599487,0.024757813662290573,1.2194472551345825,0.4236963093280792,0.357153058052063,0.2246246188879013,0.04513230547308922,0.027903757989406586,0.34542253613471985,0.6163877248764038,0.045704662799835205,0.3419564366340637,0.11626282334327698,0.05060945823788643,0.14978477358818054,0.08720898628234863,0.08802508562803268,0.04281672090291977,0.1801460236310959,0.21649686992168427,0.04697602987289429,0.2379695028066635,0.1657085418701172,0.019385596737265587,0.5954992771148682,0.15504132211208344,0.03849281370639801,0.007548948284238577,0.026244213804602623,0.17462515830993652,0.15741664171218872,0.029165733605623245,0.3492536246776581,0.4905761480331421,0.29458868503570557,0.2168879359960556,0.6173844933509827,0.22854268550872803,0.12753967940807343,0.10665865242481232
AM911,0.666666667,0.0,0.466666667,0.033333333,0.633333333,0.1,0.433333333,0.266666667,0.2,0.066666667,0.0,0.0,0.0,0.633333333,0.133333333,0.133333333,0.0,0.0,0.066666667,1.333333333,1.5,0.533333333,0.6,0.066666667,0.0,0.0,0.0,0.2,0.2,0.366666667,0.133333333,0.266666667,0.433333333,0.733333333,0.1,0.6,0.033333333,0.0,0.033333333,0.0,0.066666667,0.0,0.166666667,0.033333333,0.066666667,0.066666667,0.2,0.066666667,0.066666667,0.0,0.066666667,0.21749339997768402,0.12357529252767563,0.4115704894065857,0.22605927288532257,0.30697086453437805,0.0869702622294426,0.3540242612361908,0.21202008426189423,0.4973945617675781,0.15880432724952698,0.09395541995763779,0.14138135313987732,0.043067120015621185,0.9462716579437256,0.2944425344467163,0.3001421093940735,0.20750018954277039,0.06334497779607773,0.07156755030155182,0.3943556547164917,0.48771750926971436,0.12530115246772766,0.22736376523971558,0.1174578070640564,0.062344349920749664,0.13641536235809326,0.15505744516849518,0.09895828366279602,0.15729276835918427,0.2711283564567566,0.21736173331737518,0.07246522605419159,0.2547197639942169,0.12176816165447235,0.05093678459525108,0.6410216093063354,0.1545831561088562,0.02967303805053234,0.020025810226798058,0.10621366649866104,0.17996762692928314,0.15400590002536774,0.0949992761015892,0.21426449716091156,0.22356687486171722,0.17773374915122986,0.14380955696105957,0.27407070994377136,0.23990580439567566,0.10656874626874924,0.09006315469741821
AM969,0.366666667,0.0,0.533333333,0.133333333,0.133333333,0.2,0.333333333,0.4,0.3,0.066666667,0.0,0.0,0.0,0.733333333,0.4,0.3,0.5,0.2,0.166666667,0.7,0.233333333,1.066666667,0.166666667,0.366666667,0.0,0.0,0.266666667,0.033333333,1.1,0.266666667,0.3,0.233333333,1.566666667,0.2,0.3,0.466666667,0.033333333,0.0,0.033333333,0.1,0.1,0.0,0.0,0.0,0.3,0.233333333,0.166666667,0.166666667,0.0,0.0,0.033333333,0.4079556465148926,0.09608631581068039,0.5520097017288208,0.18373697996139526,0.4661189317703247,0.1794792264699936,0.5450010895729065,0.4203450381755829,0.6687271595001221,0.16810710728168488,0.3371466398239136,0.1351260393857956,0.044966522604227066,1.3258633613586426,0.3650473356246948,0.34765735268592834,0.22638221085071564,0.07890411466360092,0.09805946797132492,0.3227275311946869,0.3868640959262848,0.11230827867984772,0.19680523872375488,0.11938361823558807,0.06357505172491074,0.19717209041118622,0.09217363595962524,0.07863761484622955,0.1052793562412262,0.254510760307312,0.16499464213848114,0.05953621491789818,0.23935344815254211,0.19942106306552887,0.04034184664487839,0.7647987604141235,0.1534193456172943,0.015373790636658669,0.006883717607706785,0.04840364679694176,0.1767747849225998,0.12874631583690643,0.08568038791418076,0.17516390979290009,0.134196475148201,0.1948411911725998,0.11681501567363739,0.14004196226596832,0.20109300315380096,0.15531370043754578,0.10984443873167038
AN176,0.766666667,0.266666667,0.4,0.266666667,0.9,0.2,0.5,0.5,0.933333333,0.333333333,0.1,0.266666667,0.0,1.7,0.5,0.5,0.566666667,0.333333333,0.1,0.0,0.0,0.0,0.133333333,0.1,0.0,0.433333333,0.133333333,0.0,0.0,0.133333333,0.1,0.0,0.0,0.133333333,0.066666667,0.466666667,0.0,0.0,0.0,0.0,0.366666667,0.133333333,0.0,0.1,0.066666667,0.066666667,0.0,0.533333333,0.366666667,0.0,0.1,0.2910429537296295,0.08849955350160599,0.479184091091156,0.45242056250572205,0.30077800154685974,0.11427020281553268,0.2591466009616852,0.3016958236694336,0.6464299559593201,0.17351092398166656,0.08738317340612411,0.24026590585708618,0.029007434844970703,1.3216718435287476,0.5527921319007874,0.4081858694553375,0.25318869948387146,0.15857578814029694,0.11176576465368271,0.3346823751926422,0.5647956132888794,0.05333053320646286,0.3194274604320526,0.11730992794036865,0.06655915826559067,0.1758788824081421,0.12225081771612167,0.08554168790578842,0.11952506750822067,0.2539704442024231,0.20254698395729065,0.08218995481729507,0.2721533179283142,0.1307976245880127,0.02287808246910572,0.2970922291278839,0.15574969351291656,0.019574759528040886,0.0028330860659480095,0.09419573843479156,0.16039395332336426,0.12844517827033997,0.02603904716670513,0.30949294567108154,0.2775598466396332,0.30222344398498535,0.11975584924221039,0.7450599670410156,0.20168058574199677,0.1362447440624237,0.10255010426044464
AO074,0.633333333,0.0,0.8,0.566666667,0.5,0.233333333,0.433333333,0.566666667,0.533333333,0.066666667,0.1,0.233333333,0.0,1.0,0.266666667,0.2,0.133333333,0.033333333,0.066666667,1.2,1.933333333,0.133333333,1.066666667,0.0,0.066666667,0.066666667,0.133333333,0.066666667,0.166666667,0.2,0.0,0.0,0.0,0.433333333,0.0,0.966666667,0.166666667,0.0,0.0,0.133333333,0.1,0.066666667,0.0,0.366666667,0.1,0.033333333,0.2,0.0,0.1,0.166666667,0.0,0.41272151470184326,0.09107520431280136,0.6765527725219727,0.248307004570961,0.554113507270813,0.19921500980854034,0.302493691444397,0.30262988805770874,0.40228134393692017,0.1623644232749939,0.09646342694759369,0.11257220059633255,0.023579895496368408,1.2983577251434326,0.4817824363708496,0.3311040997505188,0.2631778120994568,0.23001006245613098,0.10230117291212082,0.5689603090286255,0.9184278845787048,0.07793749123811722,0.3988493084907532,0.11685236543416977,0.04817977175116539,0.16956870257854462,0.09693150967359543,0.08613767474889755,0.06388849765062332,0.18184514343738556,0.15683813393115997,0.05326491594314575,0.23698921501636505,0.21465377509593964,0.01891375705599785,0.7404791712760925,0.15796299278736115,0.017704574391245842,0.007225512992590666,0.041846659034490585,0.1732761412858963,0.1482456475496292,0.051609478890895844,0.2232959270477295,0.20081248879432678,0.3048058748245239,0.16298148036003113,0.4490692913532257,0.22044089436531067,0.1837175339460373,0.11572298407554626
AO486,0.666666667,0.2,0.566666667,0.333333333,0.133333333,0.2,0.9,0.533333333,1.733333333,0.133333333,0.966666667,0.633333333,0.766666667,2.3,0.4,0.233333333,0.133333333,0.066666667,0.0,0.333333333,0.333333333,0.0,0.0,0.433333333,0.033333333,1.2,0.0,0.5,0.0,0.166666667,0.1,0.0,0.433333333,0.0,0.0,0.366666667,0.0,0.0,0.0,0.0,0.066666667,0.1,0.0,0.1,0.133333333,0.166666667,0.066666667,0.1,0.266666667,0.3,0.0,0.4688626229763031,0.0887165442109108,0.5240730047225952,0.3098728358745575,0.47943487763404846,0.3205116093158722,0.46467065811157227,0.4221181571483612,0.8607131242752075,0.17583119869232178,0.32713258266448975,0.18997563421726227,0.2582259178161621,1.2460658550262451,0.4457527697086334,0.3057246208190918,0.22846433520317078,0.12407052516937256,0.08168688416481018,0.3032289743423462,0.48595985770225525,0.06699851155281067,0.2891365885734558,0.12213291972875595,0.05271808058023453,0.45757439732551575,0.10536009818315506,0.08631619811058044,0.062320880591869354,0.17872822284698486,0.17402710020542145,0.08384957164525986,0.23687465488910675,0.08700177818536758,0.06937478482723236,0.41758978366851807,0.15948458015918732,0.008397048339247704,0.015536467544734478,0.11917498707771301,0.17725886404514313,0.20222090184688568,0.057240091264247894,0.18477743864059448,0.21782755851745605,0.24150170385837555,0.17623233795166016,0.1986200362443924,0.22230634093284607,0.15265418589115143,0.09863158315420151
AO762,0.2,0.0,0.233333333,0.233333333,0.233333333,0.166666667,0.6,0.566666667,0.433333333,0.2,0.2,0.166666667,0.0,1.3,0.4,0.566666667,0.733333333,0.1,0.066666667,0.1,0.166666667,0.0,0.1,0.0,0.0,0.166666667,0.1,0.0,0.0,0.133333333,0.166666667,0.0,0.0,0.133333333,0.0,0.233333333,0.533333333,0.0,0.0,0.0,0.2,0.233333333,0.0,0.2,0.166666667,0.566666667,0.333333333,2.1,0.233333333,0.2,0.033333333,0.4203313887119293,0.08871876448392868,0.4431847333908081,0.28719693422317505,0.3951827883720398,0.20885781943798065,0.36793026328086853,0.39614319801330566,0.36141762137413025,0.1582885980606079,0.07404274493455887,0.11921803653240204,0.02586093358695507,1.145978569984436,0.4999021887779236,0.3353373110294342,0.288485050201416,0.32202669978141785,0.20181003212928772,0.31826266646385193,0.639173150062561,0.05952605977654457,0.3201385736465454,0.1174137219786644,0.08445094525814056,0.2402757704257965,0.08744301646947861,0.08442836254835129,0.03315578028559685,0.13233335316181183,0.12835435569286346,0.05730883777141571,0.23837614059448242,0.18559111654758453,0.04536071792244911,0.41010457277297974,0.15538418292999268,0.001989316428080201,0.0035397345200181007,0.05109312757849693,0.17533858120441437,0.17149372398853302,0.049190159887075424,0.2990585267543793,0.23090088367462158,0.3130289912223816,0.13979876041412354,0.9570568799972534,0.2075708508491516,0.22153978049755096,0.10719164460897446
AO865,0.8,0.0,1.066666667,0.5,0.766666667,0.466666667,2.0,0.633333333,0.6,0.166666667,0.2,0.4,0.166666667,1.5,0.366666667,0.4,0.6,0.0,0.133333333,0.066666667,0.3,0.0,0.0,0.066666667,0.0,0.066666667,0.066666667,0.0,0.0,0.233333333,0.566666667,0.0,0.066666667,0.533333333,0.0,0.4,0.033333333,0.0,0.0,0.1,0.1,0.466666667,0.033333333,0.433333333,0.2,0.066666667,0.266666667,0.3,0.333333333,0.333333333,0.066666667,0.32759222388267517,0.08849123865365982,0.544295072555542,0.2538410425186157,0.3712446093559265,0.19744540750980377,0.4037030339241028,0.3438953161239624,0.8080626130104065,0.17571498453617096,0.25470104813575745,0.21217948198318481,0.04593987390398979,1.3732422590255737,0.6215540766716003,0.4739985167980194,0.2582513391971588,0.18367859721183777,0.1073741540312767,0.543160080909729,0.5286722183227539,0.11062564700841904,0.2751022279262543,0.11789530515670776,0.04952392727136612,0.18052679300308228,0.09893875569105148,0.0872921347618103,0.13419094681739807,0.30683961510658264,0.21973012387752533,0.08803631365299225,0.24090497195720673,0.12963353097438812,0.043045513331890106,0.41703909635543823,0.15318939089775085,0.021034957841038704,0.006053077522665262,0.07373204827308655,0.17538054287433624,0.12266945838928223,0.040567394345998764,0.24517540633678436,0.2065051794052124,0.2441069334745407,0.13961128890514374,0.46195948123931885,0.18122902512550354,0.14151343703269958,0.11028134822845459
AP145,0.366666667,0.0,0.4,1.9,0.533333333,0.433333333,0.666666667,0.4,1.0,0.2,0.066666667,0.0,0.066666667,1.933333333,0.6,0.566666667,0.5,0.166666667,0.0,0.033333333,0.133333333,0.0,0.066666667,0.066666667,0.1,0.466666667,0.133333333,0.0,0.0,0.033333333,0.033333333,0.033333333,0.1,0.233333333,0.066666667,0.133333333,0.1,0.0,0.0,0.033333333,0.433333333,0.433333333,0.166666667,0.266666667,1.066666667,0.3,0.266666667,0.4,0.433333333,0.2,0.033333333,0.3735765814781189,0.0928703024983406,0.5458230376243591,1.007954478263855,0.3472016751766205,0.17977958917617798,0.3314593434333801,0.3640069365501404,0.835519552230835,0.18025527894496918,0.3012793958187103,0.29155397415161133,0.07149140536785126,1.2823179960250854,0.4833255112171173,0.37571555376052856,0.22104141116142273,0.08236907422542572,0.02504889853298664,0.25690779089927673,0.5001160502433777,0.03854704648256302,0.23948337137699127,0.1181802824139595,0.046924617141485214,0.19183622300624847,0.09405577927827835,0.08575250208377838,0.1128927618265152,0.16137149930000305,0.17913265526294708,0.0551627054810524,0.23721762001514435,0.0890759602189064,0.029582735151052475,0.39478760957717896,0.15319883823394775,0.02256842888891697,0.018452947959303856,0.05890873447060585,0.16942748427391052,0.16955550014972687,0.02790733054280281,0.4643033742904663,0.6329905986785889,0.29946476221084595,0.1574922502040863,0.41031840443611145,0.21073514223098755,0.14157386124134064,0.09697185456752777
AP432,0.466666667,0.0,0.966666667,0.133333333,0.7,0.233333333,0.0,0.0,0.0,0.0,0.0,0.0,0.0,0.333333333,0.2,0.0,0.2,0.233333333,0.566666667,0.4,0.433333333,0.666666667,0.166666667,0.266666667,0.0,0.366666667,0.133333333,0.0,0.1,0.233333333,0.2,0.366666667,1.466666667,0.666666667,0.4,1.033333333,0.2,0.0,0.066666667,0.166666667,1.6,0.233333333,0.3,0.333333333,0.233333333,0.066666667,0.066666667,0.233333333,0.533333333,0.533333333,0.133333333,0.27781200408935547,0.09161225706338882,0.565820574760437,0.16584087908267975,0.4834569990634918,0.18730999529361725,0.191354438662529,0.14667369425296783,0.06743557006120682,0.157423734664917,0.03367855027318001,0.06212699040770531,0.0012021531583741307,0.4830564558506012,0.28579646348953247,0.2785932719707489,0.24590344727039337,0.2749115824699402,0.18343974649906158,0.7972608804702759,0.7948130369186401,0.10043498128652573,0.4352412819862366,0.11644768714904785,0.04599747434258461,0.1385919600725174,0.07996449619531631,0.078109510242939,0.042133085429668427,0.16358260810375214,0.1528005450963974,0.09251724183559418,0.24049244821071625,0.2913663983345032,0.048977505415678024,0.8585063815116882,0.15552233159542084,0.020649202167987823,0.010188770480453968,0.11659242957830429,0.1760370135307312,0.12450598180294037,0.05932789295911789,0.12409678846597672,0.15238681435585022,0.1479300856590271,0.08237738162279129,0.13300281763076782,0.273525208234787,0.21267642080783844,0.10003295540809631
AP521,1.4,0.8,0.833333333,0.266666667,0.9,0.3,0.866666667,0.5,1.366666667,0.0,0.766666667,0.466666667,0.2,1.433333333,0.4,0.4,0.2,0.0,0.0,0.066666667,0.2,0.0,0.266666667,0.0,0.0,0.066666667,0.066666667,0.0,0.1,0.266666667,0.0,0.0,0.133333333,0.5,0.0,0.533333333,0.0,0.0,0.0,0.0,0.233333333,0.033333333,0.066666667,0.0,0.233333333,0.066666667,0.0,0.0,0.366666667,0.366666667,0.0,0.3908368945121765,0.23264442384243011,0.6388500332832336,0.38363638520240784,0.3723270297050476,0.33173438906669617,0.6749796867370605,0.2997097074985504,0.9432833194732666,0.18359412252902985,0.35412296652793884,0.3520492613315582,0.12745879590511322,1.3592838048934937,0.37375393509864807,0.34963130950927734,0.22416572272777557,0.07170306146144867,0.045599911361932755,0.3231187164783478,0.4257708787918091,0.04308975487947464,0.2015649527311325,0.11885958909988403,0.051927078515291214,0.17969989776611328,0.08738655596971512,0.09040851145982742,0.1515030860900879,0.2549005448818207,0.20913662016391754,0.054568029940128326,0.2377549558877945,0.07728346437215805,0.04711402580142021,0.3113476634025574,0.15668794512748718,0.03535876423120499,0.008910051546990871,0.09047485142946243,0.17247509956359863,0.1733691543340683,0.03835611417889595,0.23960371315479279,0.23281343281269073,0.1744169145822525,0.1789403110742569,0.23266807198524475,0.19779634475708008,0.131123349070549,0.08615703135728836
AP563,1.333333333,0.9,0.7,0.366666667,0.333333333,0.266666667,0.733333333,0.333333333,1.433333333,0.033333333,0.966666667,0.233333333,0.3,1.9,0.5,0.466666667,0.166666667,0.0,0.0,0.166666667,0.466666667,0.066666667,0.0,0.066666667,0.0,0.133333333,0.133333333,0.0,0.0,0.066666667,0.066666667,0.0,0.0,0.066666667,0.0,0.533333333,0.0,0.0,0.0,0.0,0.366666667,0.166666667,0.233333333,0.133333333,0.2,0.0,0.1,0.066666667,0.466666667,0.266666667,0.066666667,0.3879503011703491,0.11897967755794525,0.48021653294563293,0.1985374540090561,0.43656864762306213,0.20702499151229858,0.5804932117462158,0.3967520594596863,0.9192147254943848,0.19074790179729462,0.33238324522972107,0.1573503464460373,0.1112331748008728,1.1689765453338623,0.26719918847084045,0.3117049038410187,0.20782414078712463,0.0870378166437149,0.026711350306868553,0.13986961543560028,0.3247430920600891,0.0330483503639698,0.22539454698562622,0.11875803768634796,0.049696918576955795,0.23143270611763,0.07817211002111435,0.07133178412914276,0.051124077290296555,0.08502764999866486,0.11937601119279861,0.03703826665878296,0.2397538423538208,0.1269935816526413,0.025247763842344284,0.5532263517379761,0.15656642615795135,0.0022628570441156626,0.003927505109459162,0.0408075787127018,0.16871963441371918,0.18550977110862732,0.04594812169671059,0.19713610410690308,0.27859604358673096,0.190694659948349,0.15917211771011353,0.13079914450645447,0.27995729446411133,0.1618526130914688,0.12805905938148499
AP571,0.733333333,0.7,0.9,0.533333333,0.633333333,0.166666667,0.633333333,1.033333333,0.7,0.0,0.266666667,0.166666667,0.1,1.133333333,0.3,0.433333333,0.166666667,0.0,0.0,0.233333333,0.233333333,0.0,0.0,0.266666667,0.0,0.466666667,0.0,0.066666667,0.0,0.133333333,0.0,0.0,0.0,0.6,0.0,1.033333333,0.0,0.0,0.0,0.0,0.166666667,0.133333333,0.3,0.633333333,0.8,0.666666667,0.4,0.2,0.233333333,0.7,0.333333333,0.43391963839530945,0.1411152184009552,0.580279529094696,0.21595491468906403,0.39856794476509094,0.28029319643974304,0.549246072769165,0.393870085477829,0.48503851890563965,0.16934551298618317,0.10756377875804901,0.12031795084476471,0.01764884777367115,1.0560956001281738,0.14149397611618042,0.21818166971206665,0.2029823213815689,0.10276830941438675,0.056892260909080505,0.0711686909198761,0.22752885520458221,0.03682743385434151,0.16536280512809753,0.11548765748739243,0.045732807368040085,0.1865728199481964,0.07300391793251038,0.065584696829319,0.00882654171437025,0.13462384045124054,0.13067686557769775,0.029769597575068474,0.23721762001514435,0.15549041330814362,0.01015385240316391,0.7596217393875122,0.1534193456172943,-0.0053849294781684875,0.004653635900467634,0.04208708554506302,0.16563154757022858,0.15844127535820007,0.05622993782162666,0.21780513226985931,0.2949935495853424,0.2479190230369568,0.1931195855140686,0.2025359719991684,0.25628402829170227,0.21755263209342957,0.11142800003290176
AP591,0.8,1.533333333,0.533333333,0.233333333,0.6,0.166666667,0.866666667,0.6,1.833333333,0.066666667,0.266666667,0.766666667,0.3,1.7,0.166666667,0.166666667,0.0,0.0,0.0,0.3,0.366666667,0.166666667,0.1,0.066666667,0.066666667,0.266666667,0.166666667,0.033333333,0.0,0.266666667,0.1,0.0,0.166666667,0.1,0.066666667,0.166666667,0.0,0.0,0.066666667,0.0,0.233333333,0.2,0.133333333,0.3,0.1,0.1,0.166666667,0.066666667,0.466666667,0.3,0.066666667,0.42609667778015137,0.09741371870040894,0.5386747717857361,0.25510430335998535,0.43369778990745544,0.2321520745754242,0.5164687037467957,0.3975202441215515,0.8860979676246643,0.16882959008216858,0.3149396777153015,0.13840052485466003,0.03806529566645622,1.3969361782073975,0.3520626127719879,0.3451789915561676,0.225263774394989,0.10393283516168594,0.04022276774048805,0.15378338098526,0.46059533953666687,0.03697362542152405,0.20637737214565277,0.11938361823558807,0.0454954095184803,0.21848247945308685,0.07785671949386597,0.08581088483333588,0.01880357787013054,0.14125120639801025,0.15911036729812622,0.039133746176958084,0.23687465488910675,0.1716197282075882,0.028727825731039047,0.7733780741691589,0.15319883823394775,-0.0053034014999866486,0.007389622274786234,0.047082554548978806,0.17402757704257965,0.17390163242816925,0.08235686272382736,0.21877126395702362,0.19914402067661285,0.2384973168373108,0.1523977816104889,0.20043843984603882,0.24598921835422516,0.19974321126937866,0.10815128684043884
AP691,0.6,0.333333333,0.233333333,0.6,0.433333333,0.166666667,0.466666667,0.4,1.133333333,0.466666667,0.4,0.833333333,0.433333333,2.2,0.866666667,0.3,0.166666667,0.166666667,0.2,0.266666667,0.6,0.233333333,0.0,0.7,0.3,1.666666667,0.2,0.4,0.0,0.066666667,0.166666667,0.0,0.0,0.0,0.0,0.366666667,0.2,0.0,0.0,0.0,0.2,0.266666667,0.1,0.233333333,0.666666667,0.2,0.2,0.133333333,0.233333333,0.0,0.0,0.3995712697505951,0.09351900219917297,0.5038091540336609,0.7308395504951477,0.485750675201416,0.15783017873764038,0.3419187664985657,0.34830960631370544,0.7083023190498352,0.16791489720344543,0.2615169286727905,0.16036362946033478,0.07456501573324203,1.2984130382537842,0.3972974121570587,0.3655604422092438,0.21779987215995789,0.09356293827295303,0.02269529178738594,0.40514472126960754,0.7755339741706848,0.05539735406637192,0.35807710886001587,0.12057124823331833,0.05111454427242279,0.20750492811203003,0.09402669966220856,0.08775261044502258,0.13506431877613068,0.1359643191099167,0.18857404589653015,0.07649168372154236,0.23762653768062592,0.12214285135269165,0.0417683906853199,0.5253342986106873,0.1546466052532196,0.022051621228456497,0.01186489500105381,0.09822051227092743,0.16253282129764557,0.14645840227603912,0.03873264044523239,0.15898995101451874,0.2561721205711365,0.18728132545948029,0.09021241962909698,0.2597733736038208,0.19664986431598663,0.14501191675662994,0.0990096852183342
AP734,0.6,0.033333333,0.833333333,0.266666667,0.7,0.266666667,1.066666667,0.233333333,0.1,0.0,0.0,0.0,0.0,0.766666667,0.333333333,0.2,0.3,0.266666667,0.066666667,0.533333333,0.566666667,0.066666667,0.266666667,0.066666667,0.0,0.266666667,0.0,0.2,0.0,0.3,0.066666667,0.066666667,0.433333333,0.433333333,0.133333333,1.033333333,0.0,0.0,0.0,0.0,0.7,0.333333333,0.566666667,0.133333333,0.433333333,0.166666667,0.5,0.4,0.466666667,0.433333333,0.0,0.4699764847755432,0.09048043936491013,0.6136853694915771,0.25578826665878296,0.5850983262062073,0.28352677822113037,0.4747975766658783,0.4997931718826294,0.25640401244163513,0.16877487301826477,0.10500755906105042,0.06721792370080948,0.017066311091184616,0.7382767796516418,0.17359378933906555,0.23488441109657288,0.24092257022857666,0.14553534984588623,0.08935470134019852,0.22199419140815735,0.37200430035591125,0.040263306349515915,0.15558986365795135,0.11626698821783066,0.04506292566657066,0.17950592935085297,0.07553422451019287,0.06883736699819565,0.014942300505936146,0.1746491640806198,0.12612159550189972,0.04395139962434769,0.23750172555446625,0.22700920701026917,0.020241325721144676,0.9136402010917664,0.1565152257680893,0.006704195402562618,0.004307118710130453,0.03542685881257057,0.1622687131166458,0.17776373028755188,0.05435663461685181,0.19429846107959747,0.17937439680099487,0.23152679204940796,0.14479777216911316,0.09995536506175995,0.26109579205513,0.2368292659521103,0.11602063477039337
AP781,0.4,0.1,0.433333333,0.0,0.233333333,0.066666667,0.066666667,0.166666667,0.2,0.066666667,0.0,0.266666667,0.133333333,0.566666667,0.066666667,0.0,0.066666667,0.066666667,0.1,1.566666667,1.666666667,0.466666667,0.366666667,0.466666667,0.0,0.333333333,0.5,0.533333333,0.866666667,0.566666667,0.233333333,0.3,1.833333333,0.2,0.133333333,0.533333333,0.233333333,0.033333333,0.266666667,0.2,0.0,0.033333333,0.133333333,0.033333333,0.0,0.2,0.133333333,0.1,0.066666667,0.1,0.0,0.5880686044692993,0.09872313588857651,0.44221070408821106,0.18686701357364655,0.4148828685283661,0.17843689024448395,0.3034694194793701,0.20049196481704712,0.22110886871814728,0.1583005040884018,0.04723748192191124,0.08202649652957916,0.02437332645058632,0.5858005285263062,0.21972961723804474,0.12260868400335312,0.21574009954929352,0.15911166369915009,0.10167825222015381,0.7152448296546936,0.6610732078552246,0.13312886655330658,0.2980590760707855,0.12603837251663208,0.0463273711502552,0.18890051543712616,0.08372470736503601,0.08846637606620789,0.13653434813022614,0.21018005907535553,0.1606730967760086,0.13888289034366608,0.2391127496957779,0.3547408878803253,0.06102675572037697,0.8109756112098694,0.15393874049186707,0.0838131308555603,0.013745835050940514,0.16885696351528168,0.17101959884166718,0.1438237875699997,0.12669385969638824,0.14257031679153442,0.17326714098453522,0.2828218340873718,0.12449813634157181,0.17969539761543274,0.2566549777984619,0.17526467144489288,0.121096670627594
AP854,0.566666667,0.933333333,0.8,0.0,0.6,0.333333333,0.233333333,0.1,0.266666667,0.0,0.0,0.0,0.1,0.466666667,0.3,0.133333333,0.166666667,0.166666667,0.0,1.4,2.433333333,0.266666667,1.366666667,0.566666667,0.0,0.533333333,0.1,0.133333333,0.1,0.166666667,0.333333333,0.0,0.033333333,0.333333333,0.133333333,0.7,0.0,0.066666667,0.0,0.066666667,0.333333333,0.033333333,0.366666667,0.0,0.033333333,0.0,0.0,0.166666667,0.466666667,0.1,0.0,0.5282554626464844,0.16957923769950867,0.45868420600891113,0.25723278522491455,0.45015546679496765,0.16911639273166656,0.34205612540245056,0.44333577156066895,0.46761542558670044,0.1711278259754181,0.10302744805812836,0.09959035366773605,0.01871156506240368,1.124821424484253,0.22204910218715668,0.21942166984081268,0.22570139169692993,0.15489445626735687,0.021670261397957802,0.408488929271698,0.9537818431854248,0.04317553713917732,0.41693055629730225,0.11985310167074203,0.04819096252322197,0.19455525279045105,0.07897869497537613,0.07768360525369644,0.07668940722942352,0.1501261591911316,0.1417476236820221,0.04050416871905327,0.23736031353473663,0.29345065355300903,0.0347575880587101,0.4465443789958954,0.1543523520231247,0.0011593091767281294,0.005706178955733776,0.04272620379924774,0.1740638017654419,0.17933347821235657,0.04489975422620773,0.1276302933692932,0.2076949179172516,0.16124163568019867,0.11262831091880798,0.15571223199367523,0.2113405019044876,0.15519878268241882,0.0938280001282692
AQ778,1.066666667,0.133333333,1.166666667,0.333333333,1.033333333,0.6,0.866666667,0.0,0.8,0.766666667,0.333333333,0.1,0.0,0.966666667,0.433333333,0.333333333,0.3,0.066666667,0.233333333,0.0,0.2,0.0,0.1,0.0,0.1,0.1,0.0,0.0,0.0,0.5,0.266666667,0.033333333,0.1,0.566666667,0.0,0.633333333,0.1,0.0,0.133333333,0.066666667,0.3,0.333333333,0.066666667,0.166666667,0.233333333,0.0,0.266666667,0.366666667,0.466666667,0.6,0.233333333,0.7713186740875244,0.1880010962486267,0.5275735855102539,0.47200578451156616,0.2998293340206146,0.15232791006565094,0.4268852770328522,0.15797863900661469,0.46095287799835205,0.18231238424777985,0.1517351120710373,0.1492854803800583,0.0731523334980011,0.7189033031463623,0.14608578383922577,0.15300114452838898,0.1852327436208725,0.046283748000860214,0.03245033696293831,0.06915915757417679,0.19930653274059296,0.04619397595524788,0.1394759565591812,0.11727391928434372,0.046250347048044205,0.17429454624652863,0.07456294447183609,0.06815829873085022,0.024403641000390053,0.13489313423633575,0.23066473007202148,0.045518819242715836,0.24299560487270355,0.1665826141834259,0.13007497787475586,0.6660258173942566,0.15860392153263092,0.1686604917049408,0.04998123273253441,0.16013877093791962,0.18663717806339264,0.17998604476451874,0.11059992015361786,0.10836855322122574,0.22266176342964172,0.19116218388080597,0.07527061551809311,0.07287488132715225,0.258358895778656,0.1829463690519333,0.09580227732658386
AQ784,1.066666667,0.233333333,0.633333333,0.233333333,0.366666667,0.3,1.1,0.166666667,1.433333333,0.0,0.9,0.733333333,0.1,1.666666667,0.0,0.1,0.0,0.0,0.066666667,0.0,0.0,0.0,0.0,0.0,0.0,0.233333333,0.0,0.0,0.0,0.2,0.5,0.033333333,0.033333333,0.266666667,0.0,0.7,0.133333333,0.0,0.0,0.0,0.3,0.0,0.1,0.233333333,0.133333333,0.233333333,0.4,0.066666667,0.133333333,0.633333333,0.0,0.42423179745674133,0.1514083743095398,0.38234207034111023,0.20728488266468048,0.37521815299987793,0.18409471213817596,0.33803659677505493,0.1401502639055252,1.154809594154358,0.19970358908176422,0.4745413661003113,0.39670494198799133,0.12986652553081512,0.9548317193984985,0.2147444486618042,0.30658668279647827,0.22915925085544586,0.15494585037231445,0.33749693632125854,0.4573749303817749,0.5720446109771729,0.11157111823558807,0.4306360185146332,0.12434271723031998,0.06134753301739693,0.1725597083568573,0.1578577607870102,0.12275008112192154,0.21015989780426025,0.23346157371997833,0.36950039863586426,0.07987712323665619,0.24274933338165283,0.26243215799331665,0.08117219805717468,0.43276166915893555,0.1593455672264099,0.07055208832025528,0.024405311793088913,0.25646206736564636,0.16707481443881989,0.15734747052192688,0.07633674889802933,0.24603934586048126,0.1809169501066208,0.380311518907547,0.26188430190086365,0.4046742916107178,0.23384444415569305,0.14439529180526733,0.11817975342273712
AA232,0.076923077,0.0,0.115384615,0.0,0.0,0.0,0.5,0.5,0.0,0.192307692,0.0,0.0,0.0,0.576923077,0.0,0.0,0.0,0.384615385,0.846153846,0.576923077,0.153846154,0.115384615,0.115384615,0.0,0.0,0.076923077,0.0,0.0,0.230769231,0.153846154,0.115384615,0.269230769,0.192307692,0.230769231,0.346153846,0.0,0.346153846,0.153846154,0.0,0.538461538,0.115384615,0.576923077,0.846153846,0.038461538,0.0,0.384615385,0.192307692,0.0,0.5,0.076923077,0.0,0.21496377885341644,0.13118761777877808,0.21938693523406982,0.104047991335392,0.182680144906044,0.1564859002828598,0.7968348264694214,0.5024600625038147,0.16503188014030457,0.16235151886940002,0.06241655349731445,0.09526386111974716,0.04215225204825401,0.39409247040748596,0.04047629237174988,0.04834827780723572,0.15740862488746643,0.27832961082458496,0.16002072393894196,0.3598301410675049,0.2835167646408081,0.14981712400913239,0.13759344816207886,0.12634503841400146,0.09652525186538696,0.1629769206047058,0.1950472742319107,0.11706233024597168,0.260009229183197,0.254774272441864,0.16315890848636627,0.1473870426416397,0.4523102641105652,0.1841670572757721,0.08475792407989502,0.23339487612247467,0.1532086282968521,0.05887553468346596,0.022307882085442543,0.15654127299785614,0.15126682817935944,0.21428509056568146,0.17820069193840027,0.172065868973732,0.11210168153047562,0.24898827075958252,0.12980273365974426,0.15951836109161377,0.19215333461761475,0.07952848821878433,0.09017536789178848
AC220,0.0,0.0,0.0,0.0,0.0,0.0,0.111111111,0.0,0.074074074,0.0,0.0,0.0,0.0,0.111111111,0.0,0.0,0.0,0.185185185,0.962962963,1.333333333,0.814814815,0.62962963,0.592592593,0.222222222,0.074074074,0.0,0.185185185,0.555555556,0.814814815,0.481481481,0.592592593,0.296296296,0.37037037,0.185185185,0.148148148,0.074074074,0.185185185,0.0,0.0,0.814814815,0.111111111,0.074074074,0.444444444,0.0,0.0,0.0,0.0,0.111111111,0.0,0.0,0.0,0.24857690930366516,0.11241504549980164,0.24928990006446838,0.06908906251192093,0.16402751207351685,0.04847899079322815,0.1851443648338318,0.10356646031141281,0.4705095589160919,0.15995055437088013,0.06880556046962738,0.11890792101621628,0.04538959264755249,0.5620676875114441,0.1666177213191986,0.19938836991786957,0.17391763627529144,0.10543155670166016,0.20547868311405182,0.26965421438217163,0.12290685623884201,0.24377480149269104,0.16046860814094543,0.12155761569738388,0.053280770778656006,0.14459626376628876,0.29857492446899414,0.09197308123111725,0.3139166235923767,0.38506919145584106,0.37049752473831177,0.6039576530456543,0.7852015495300293,0.19352176785469055,0.12433408945798874,0.3367893397808075,0.1540829986333847,0.030613087117671967,0.07598026096820831,0.17659085988998413,0.17342190444469452,0.08959997445344925,0.08708899468183517,0.16449137032032013,0.11103146523237228,0.27565810084342957,0.06337336450815201,0.15706399083137512,0.15469421446323395,0.04925178363919258,0.0851915180683136
AC299,0.107142857,0.0,0.285714286,0.785714286,0.0,0.142857143,0.178571429,0.25,0.571428571,0.107142857,0.107142857,0.5,0.142857143,0.821428571,0.392857143,0.392857143,0.071428571,0.107142857,0.107142857,0.071428571,0.25,0.071428571,0.178571429,0.107142857,0.0,0.142857143,0.0,0.107142857,0.0,0.107142857,0.464285714,0.214285714,0.0,0.107142857,0.107142857,0.571428571,0.5,0.0,0.0,0.0,0.142857143,0.321428571,0.035714286,0.357142857,0.678571429,0.892857143,0.0,0.642857143,0.428571429,0.035714286,0.0,0.3801611363887787,0.14785072207450867,0.637302041053772,0.43690529465675354,0.4191475808620453,0.25650161504745483,0.4685900807380676,0.4038558900356293,0.9680971503257751,0.1825062781572342,0.3797280788421631,0.4017910659313202,0.18267953395843506,1.3705567121505737,0.612180769443512,0.4538985788822174,0.5156639218330383,0.15710322558879852,0.1631747931241989,0.4075428545475006,0.3972577750682831,0.0859837532043457,0.2677074670791626,0.12334301322698593,0.08837330341339111,0.14933577179908752,0.10594242066144943,0.10942395776510239,0.10002865642309189,0.21589557826519012,0.24295105040073395,0.09528405219316483,0.2482476383447647,0.09207963943481445,0.050321903079748154,0.41717302799224854,0.1585693061351776,0.014513486996293068,0.0066717262379825115,0.06263968348503113,0.18124578893184662,0.14018875360488892,0.11157181859016418,0.6133314371109009,0.452645480632782,0.21049408614635468,0.12628711760044098,0.5750480890274048,0.2453000843524933,0.10510095208883286,0.12128324806690216
AC627,0.0,0.0,0.259259259,0.148148148,0.074074074,0.037037037,0.111111111,0.37037037,0.0,0.0,0.0,0.0,0.0,1.407407407,1.148148148,1.185185185,0.555555556,1.777777778,0.666666667,0.111111111,0.0,0.0,0.074074074,0.148148148,0.0,0.296296296,0.037037037,0.0,0.0,0.111111111,0.0,0.0,0.0,0.074074074,0.0,0.444444444,0.148148148,0.0,0.0,0.0,0.0,0.777777778,0.0,0.148148148,0.074074074,0.0,0.037037037,0.185185185,0.37037037,0.740740741,0.037037037,0.27503976225852966,0.09671314805746078,0.5283868908882141,0.27795320749282837,0.4275788962841034,0.2323538213968277,0.29707595705986023,0.445136159658432,0.3689303994178772,0.15757966041564941,0.09210867434740067,0.24227215349674225,0.047824740409851074,1.6156466007232666,0.8725027441978455,1.0149379968643188,0.44277122616767883,0.8558659553527832,0.35331758856773376,0.4833639860153198,0.6565914750099182,0.11036460846662521,0.377395898103714,0.13560448586940765,0.11393817514181137,0.2960779368877411,0.0968875139951706,0.18034106492996216,0.057981204241514206,0.1435215026140213,0.15382660925388336,0.08730301260948181,0.2493569701910019,0.24216213822364807,0.030981114134192467,0.6590462923049927,0.15412239730358124,0.02851487323641777,-0.004639067221432924,0.027823949232697487,0.18894587457180023,0.2611982226371765,0.05496029928326607,0.6010798811912537,0.3508804142475128,0.1980549842119217,0.10116098076105118,0.38839447498321533,0.2292255461215973,0.17350812256336212,0.10767139494419098
AC729,0.111111111,0.0,0.074074074,0.111111111,0.0,0.074074074,0.222222222,0.0,0.0,0.0,0.0,0.074074074,0.0,1.333333333,0.851851852,0.481481481,0.148148148,0.296296296,0.074074074,0.814814815,0.62962963,0.148148148,0.296296296,0.111111111,0.296296296,0.111111111,0.518518519,0.0,0.0,0.148148148,0.0,0.0,0.0,0.148148148,0.0,0.185185185,0.037037037,0.0,0.0,0.037037037,0.333333333,0.333333333,0.037037037,0.148148148,0.074074074,0.296296296,0.148148148,0.296296296,0.703703704,0.148148148,0.185185185,0.2545869052410126,0.14179068803787231,0.4418582618236542,0.5797938704490662,0.3266514837741852,0.1809101700782776,0.22117793560028076,0.24521534144878387,0.457649827003479,0.1641029566526413,0.08697640150785446,0.22241312265396118,0.08870679140090942,1.0032614469528198,0.4441682696342468,0.3570847809314728,0.23785321414470673,0.07320275902748108,0.019601842388510704,0.2944255471229553,0.4523204565048218,0.04713694378733635,0.2588427662849426,0.12176572531461716,0.05444708466529846,0.2341357320547104,0.16847088932991028,0.12632322311401367,0.18569917976856232,0.16076326370239258,0.21774524450302124,0.09259352087974548,0.2453320324420929,0.10597492009401321,0.027587678283452988,0.5151315927505493,0.15934154391288757,0.02277025394141674,0.003943523392081261,0.0747077539563179,0.1676553189754486,0.16333945095539093,0.08162979781627655,0.7139445543289185,0.9089792370796204,0.35426637530326843,0.1571473926305771,0.44260653853416443,0.27231383323669434,0.12371054291725159,0.1253134310245514
AE809,0.678571429,0.071428571,0.178571429,0.0,0.178571429,0.071428571,0.0,0.071428571,0.107142857,0.178571429,0.0,0.107142857,0.0,0.428571429,0.142857143,0.142857143,0.0,0.0,0.071428571,1.035714286,1.714285714,0.142857143,0.75,0.214285714,0.142857143,0.0,0.142857143,0.071428571,0.0,0.142857143,0.0,0.285714286,0.142857143,0.642857143,0.535714286,0.357142857,0.142857143,0.0,0.0,0.107142857,0.0,0.214285714,0.142857143,0.0,0.0,0.107142857,0.0,0.0,0.321428571,0.071428571,0.035714286,0.3480849862098694,0.1484464854001999,0.3453136086463928,0.12370758503675461,0.3803217113018036,0.12421558797359467,0.21986401081085205,0.139522984623909,0.1994149088859558,0.16276933252811432,0.14487117528915405,0.17467641830444336,0.03570832312107086,0.542304515838623,0.14443325996398926,0.19472341239452362,0.1997358649969101,0.28247231245040894,0.4622991383075714,0.6704760193824768,0.9916643500328064,0.133235365152359,0.5157414674758911,0.12630072236061096,0.052999697625637054,0.14435966312885284,0.10506703704595566,0.10211673378944397,0.08486760407686234,0.2774181365966797,0.22122099995613098,0.30839601159095764,0.2514617443084717,0.4825015962123871,0.18816503882408142,0.7100247144699097,0.16647116839885712,0.1976250261068344,0.05342109128832817,0.24249513447284698,0.23202307522296906,0.3046969771385193,0.1784316450357437,0.21724838018417358,0.18680132925510406,0.29386642575263977,0.16745446622371674,0.4541025757789612,0.25520190596580505,0.17584224045276642,0.12116365879774094
AE942,0.740740741,0.074074074,0.296296296,0.074074074,0.111111111,0.444444444,0.296296296,0.333333333,0.0,0.148148148,0.0,0.0,0.0,0.259259259,0.0,0.0,0.0,0.0,0.0,0.0,0.0,0.0,0.0,0.0,0.0,0.0,0.0,0.0,0.0,0.111111111,0.148148148,0.074074074,0.0,0.851851852,0.185185185,0.518518519,1.037037037,0.111111111,0.0,0.111111111,0.111111111,0.259259259,0.111111111,1.62962963,0.666666667,1.185185185,0.888888889,0.925925926,0.518518519,0.037037037,0.333333333,0.3223266899585724,0.10550976544618607,0.4095415472984314,0.2966226041316986,0.36546218395233154,0.2369302362203598,0.1751530021429062,0.1276794821023941,0.33948081731796265,0.19680063426494598,0.14009146392345428,0.09020328521728516,0.01877640374004841,0.6364911198616028,0.21412073075771332,0.16614580154418945,0.2731997072696686,0.33759382367134094,0.24467404186725616,0.7773035168647766,0.4937790334224701,0.07589608430862427,0.3546827435493469,0.11784135550260544,0.0690179392695427,0.13048921525478363,0.10875650495290756,0.10903892666101456,0.06832949817180634,0.1324693113565445,0.18539470434188843,0.06573951989412308,0.2427942156791687,0.6921219825744629,0.04172510653734207,0.4413752555847168,0.16005125641822815,0.11744706332683563,0.031144127249717712,0.1896928995847702,0.20910075306892395,0.2527421712875366,0.1123131811618805,0.8061360716819763,0.4488132894039154,0.4064924418926239,0.3921620547771454,1.1247304677963257,0.2064509093761444,0.20156878232955933,0.10940828919410706
AG456,0.133333333,0.066666667,0.3,0.0,0.433333333,0.2,0.466666667,0.0,0.333333333,0.066666667,0.233333333,0.5,0.0,1.133333333,0.466666667,0.366666667,0.3,0.066666667,0.066666667,0.9,0.666666667,0.0,0.8,0.1,0.1,0.066666667,0.233333333,0.133333333,0.133333333,0.033333333,0.233333333,0.066666667,0.0,0.0,0.0,0.533333333,0.166666667,0.0,0.0,0.0,0.133333333,0.366666667,0.133333333,0.3,0.266666667,0.0,0.0,0.066666667,0.433333333,0.0,0.033333333,0.3448833227157593,0.19481366872787476,0.5885623693466187,0.6189349889755249,0.3699394464492798,0.23462316393852234,0.5119729042053223,0.3445045053958893,0.8827010989189148,0.22944773733615875,0.2542780041694641,0.4327937066555023,0.10765691101551056,1.2532665729522705,0.5028692483901978,0.3886576294898987,0.4247807562351227,0.09123190492391586,0.07860387116670609,0.14195741713047028,0.2345135658979416,0.054392557591199875,0.3241924047470093,0.1145632416009903,0.08932465314865112,0.19388245046138763,0.09350765496492386,0.1589345633983612,0.08444637805223465,0.16173171997070312,0.19201071560382843,0.1085604801774025,0.23721762001514435,0.10186221450567245,0.03213344141840935,0.4562895596027374,0.15518486499786377,0.004759908653795719,-0.0013189857127144933,0.036251045763492584,0.18581095337867737,0.19109205901622772,0.05713461712002754,0.7146777510643005,0.5589067935943604,0.20648857951164246,0.06453358381986618,0.498247891664505,0.26633691787719727,0.11104132235050201,0.12393060326576233
AH448,0.166666667,0.133333333,0.266666667,0.0,0.366666667,0.1,0.766666667,0.366666667,1.533333333,0.266666667,0.733333333,1.433333333,0.433333333,1.6,0.7,0.566666667,0.166666667,0.0,0.0,0.133333333,0.133333333,0.0,0.133333333,0.0,0.0,0.0,0.0,0.0,0.1,0.166666667,0.333333333,0.066666667,0.0,0.033333333,0.0,0.433333333,0.066666667,0.0,0.033333333,0.0,0.0,0.1,0.0,0.333333333,0.066666667,0.0,0.0,0.133333333,0.0,0.033333333,0.0,0.348842978477478,0.14452683925628662,0.5501995086669922,0.29376882314682007,0.34308290481567383,0.15815284848213196,0.44807833433151245,0.2995017468929291,0.9189094305038452,0.17584578692913055,0.28505846858024597,0.35883429646492004,0.15854305028915405,1.2618741989135742,0.5056188106536865,0.4676094353199005,0.37479865550994873,0.06804530322551727,0.03918428719043732,0.2090650349855423,0.3314817547798157,0.058396708220243454,0.23847290873527527,0.11857691407203674,0.08988653868436813,0.17293797433376312,0.1713121384382248,0.1536376178264618,0.16655249893665314,0.24681080877780914,0.2769659459590912,0.06744766235351562,0.23986096680164337,0.12017672508955002,0.04849139228463173,0.3953915536403656,0.15484519302845,0.0008466467843391001,0.018675530329346657,0.07593031227588654,0.17706722021102905,0.15348337590694427,0.03757251426577568,0.3375442326068878,0.21966589987277985,0.2123877853155136,0.14040949940681458,0.501924991607666,0.20959021151065826,0.1236143633723259,0.11379548907279968
AJ010,0.137931034,0.0,0.517241379,0.0,0.103448276,0.0,0.0,0.068965517,0.517241379,0.0,0.0,0.103448276,0.0,0.413793103,0.275862069,0.137931034,0.275862069,0.068965517,0.103448276,0.793103448,0.344827586,0.965517241,0.206896552,0.620689655,0.0,0.0,0.862068966,0.275862069,1.068965517,0.482758621,0.620689655,0.965517241,0.689655172,0.310344828,0.448275862,0.482758621,0.068965517,0.413793103,0.0,1.517241379,0.0,0.0,0.24137931,0.0,0.068965517,0.068965517,0.0,0.0,0.068965517,0.0,0.0,0.23115353286266327,0.08558405190706253,0.4097732901573181,0.22147707641124725,0.3760019540786743,0.11177593469619751,0.3632039427757263,0.34724798798561096,0.6944264769554138,0.16268278658390045,0.12515680491924286,0.14040212333202362,0.062481556087732315,1.4543678760528564,0.5365153551101685,0.46028590202331543,0.269359290599823,0.13043531775474548,0.11165615916252136,0.4856984615325928,0.5166194438934326,0.1214728057384491,0.2379595786333084,0.12007641792297363,0.05891595408320427,0.18891598284244537,0.1362583488225937,0.09137771278619766,0.20052114129066467,0.2699947953224182,0.23782594501972198,0.17388516664505005,0.24064506590366364,0.15523096919059753,0.062298599630594254,0.5558144450187683,0.15318939089775085,0.024369919672608376,0.03881851211190224,0.1442146599292755,0.17760823667049408,0.12325739860534668,0.05504845082759857,0.21966925263404846,0.1890057921409607,0.18166868388652802,0.04751470685005188,0.21283970773220062,0.18926848471164703,0.12252871692180634,0.10723026096820831
AJ481,0.275862069,0.448275862,0.413793103,0.0,0.379310345,0.172413793,0.24137931,0.275862069,1.413793103,0.310344828,0.75862069,0.620689655,0.275862069,1.586206897,0.24137931,0.310344828,0.275862069,0.034482759,0.0,0.0,0.551724138,0.0,0.793103448,0.275862069,0.275862069,0.482758621,0.034482759,0.0,0.0,0.344827586,0.103448276,0.0,0.0,0.0,0.0,0.413793103,0.0,0.0,0.0,0.0,0.103448276,0.103448276,0.0,0.137931034,0.413793103,0.172413793,0.0,0.034482759,0.344827586,0.310344828,0.275862069,0.8755207657814026,0.32462796568870544,0.4540237784385681,0.17088863253593445,0.2827049195766449,0.1250336617231369,0.3350149095058441,0.2006932497024536,0.45971301198005676,0.20804277062416077,0.13139759004116058,0.09798984229564667,0.020978620275855064,0.786088228225708,0.18089742958545685,0.149187371134758,0.21999353170394897,0.12159300595521927,0.22661101818084717,0.2915499806404114,0.22182844579219818,0.22851642966270447,0.16094624996185303,0.12576676905155182,0.04863344132900238,0.1650397777557373,0.08447377383708954,0.06837958097457886,0.11644509434700012,0.3143068850040436,0.2401016801595688,0.26188138127326965,0.2960805296897888,0.10955177992582321,0.13789963722229004,0.40345510840415955,0.15266649425029755,0.05672623962163925,0.037237055599689484,0.2185349315404892,0.1809522956609726,0.1286202222108841,0.07568289339542389,0.1298893541097641,0.15968209505081177,0.190079927444458,0.05527376011013985,0.07069703936576843,0.22036679089069366,0.23446448147296906,0.09459447860717773
AJ490,0.066666667,0.0,0.1,0.566666667,0.166666667,0.066666667,0.533333333,0.333333333,1.5,0.2,0.366666667,0.3,0.0,1.4,0.833333333,0.433333333,0.7,0.2,0.0,0.1,0.2,0.0,0.2,0.0,0.0,0.1,0.0,0.0,0.333333333,0.0,0.0,0.0,0.0,0.1,0.2,0.6,0.166666667,0.0,0.0,0.0,0.1,0.1,0.0,0.9,0.6,0.3,0.0,0.466666667,0.0,0.233333333,0.1,0.33336520195007324,0.208121657371521,0.3839847445487976,0.20098114013671875,0.3470270335674286,0.12871544063091278,0.41665008664131165,0.28246331214904785,0.8780893087387085,0.1819440871477127,0.2612334191799164,0.36076149344444275,0.13912218809127808,1.235723853111267,0.4067266285419464,0.2928398549556732,0.2618609666824341,0.06629610806703568,0.07195129990577698,0.10856735706329346,0.21343711018562317,0.06283317506313324,0.2511783540248871,0.120790034532547,0.07599734514951706,0.48795515298843384,0.19202488660812378,0.15346375107765198,0.3569013774394989,0.2554436922073364,0.2740468978881836,0.11736863106489182,0.23687465488910675,0.2212478667497635,0.051720935851335526,0.7325150370597839,0.1573944091796875,0.02019745483994484,0.17836250364780426,0.12683477997779846,0.18318697810173035,0.2500329315662384,0.15662871301174164,0.3101511001586914,0.22186775505542755,0.2406284213066101,0.06537166982889175,0.2767690420150757,0.23740141093730927,0.13700011372566223,0.11257829517126083
AJ537,0.24137931,0.034482759,0.24137931,0.310344828,0.137931034,0.0,0.310344828,0.24137931,1.137931034,0.0,0.724137931,0.75862069,0.24137931,2.068965517,0.965517241,0.344827586,0.482758621,0.724137931,1.413793103,0.137931034,0.310344828,0.24137931,0.068965517,0.0,0.0,0.103448276,0.0,0.0,0.0,0.0,0.0,0.0,0.0,0.0,0.0,0.24137931,0.0,0.103448276,0.0,0.0,0.172413793,0.172413793,0.034482759,0.310344828,0.206896552,0.24137931,0.0,0.689655172,0.172413793,0.103448276,0.0,0.32091864943504333,0.08862543106079102,0.2417706400156021,0.10856013000011444,0.32064110040664673,0.11767372488975525,0.19911207258701324,0.14044983685016632,0.49278128147125244,0.20090515911579132,0.0703614130616188,0.0755799189209938,0.02078375592827797,0.7425495982170105,0.3862241506576538,0.3662519156932831,0.22648611664772034,0.3341132402420044,0.38879531621932983,0.4043191075325012,0.2966863811016083,0.2563105523586273,0.2074023336172104,0.12471011281013489,0.04798560589551926,0.1599530577659607,0.12067700177431107,0.07859116792678833,0.15661369264125824,0.3394796848297119,0.2826511561870575,0.23996120691299438,0.2888120114803314,0.15973535180091858,0.057306304574012756,0.40713512897491455,0.1532086282968521,0.048235200345516205,0.04620722308754921,0.20525474846363068,0.19050829112529755,0.115667425096035,0.11891667544841766,0.20952221751213074,0.14445842802524567,0.2291778028011322,0.029119305312633514,0.19957251846790314,0.18878085911273956,0.17118796706199646,0.10306151956319809
AJ661,0.24137931,0.103448276,0.137931034,0.137931034,0.068965517,0.068965517,0.24137931,0.413793103,0.896551724,0.172413793,0.310344828,0.0,0.0,0.896551724,0.103448276,0.344827586,0.0,0.103448276,0.0,0.862068966,1.068965517,0.689655172,0.793103448,0.379310345,0.0,0.137931034,0.413793103,0.137931034,0.0,0.620689655,0.310344828,0.034482759,0.275862069,0.034482759,0.0,0.24137931,0.0,0.0,0.0,0.413793103,0.0,0.103448276,0.0,0.137931034,0.034482759,0.034482759,0.0,0.068965517,0.172413793,0.0,0.0,0.4778159558773041,0.15350264310836792,0.4358695447444916,0.1219608411192894,0.2650662958621979,0.10692879557609558,0.2449021190404892,0.2790759205818176,0.8157492280006409,0.334944486618042,0.11945216357707977,0.17265333235263824,0.04314088076353073,1.1133946180343628,0.32475918531417847,0.31486350297927856,0.24547064304351807,0.37732645869255066,0.16220621764659882,0.23721356689929962,0.27459388971328735,0.30888810753822327,0.2489859014749527,0.12178125977516174,0.050546795129776,0.15040776133537292,0.0988396480679512,0.08036729693412781,0.13534687459468842,0.2879798412322998,0.24011000990867615,0.0723043754696846,0.2526542842388153,0.1701623797416687,0.017249971628189087,0.22501011192798615,0.15627053380012512,0.0521605983376503,0.009216655977070332,0.23136378824710846,0.17658960819244385,0.21756353974342346,0.08293590694665909,0.28622978925704956,0.17280051112174988,0.5258532762527466,0.1443089097738266,0.4738503396511078,0.17873820662498474,0.13321073353290558,0.11133599281311035
AK975,0.366666667,0.0,0.2,0.0,0.033333333,0.0,0.166666667,0.1,0.666666667,0.166666667,0.1,0.0,0.133333333,1.2,1.166666667,0.6,0.1,0.0,0.066666667,0.0,0.266666667,0.4,0.133333333,0.066666667,0.233333333,0.066666667,0.333333333,0.133333333,0.033333333,0.5,0.2,0.3,0.0,0.566666667,0.333333333,0.9,0.166666667,0.933333333,0.033333333,0.833333333,0.133333333,0.266666667,0.266666667,0.4,0.133333333,0.4,0.1,0.066666667,0.433333333,0.266666667,0.133333333,0.3003677725791931,0.08980970829725266,0.25358328223228455,0.22489748895168304,0.3209313154220581,0.09376410394906998,0.3010269105434418,0.1412144899368286,0.7768340110778809,0.1734320968389511,0.19597190618515015,0.19608107209205627,0.058138202875852585,0.9238808751106262,0.46780017018318176,0.38264280557632446,0.19452430307865143,0.09615565836429596,0.13344122469425201,0.3743201792240143,0.500270426273346,0.21278263628482819,0.21260498464107513,0.11837838590145111,0.05403611809015274,0.17681677639484406,0.17094600200653076,0.11245962232351303,0.2191530019044876,0.33752092719078064,0.3201793134212494,0.2838640809059143,0.2782329320907593,0.16547876596450806,0.09200101345777512,0.4040570855140686,0.15711776912212372,0.09374755620956421,0.06346389651298523,0.28150221705436707,0.18130554258823395,0.1454155445098877,0.12696079909801483,0.2340189516544342,0.2904723584651947,0.2843775153160095,0.12725132703781128,0.44451621174812317,0.22246140241622925,0.08810915797948837,0.09349873661994934
AL100,1.233333333,0.0,0.233333333,0.066666667,0.3,0.2,0.266666667,0.033333333,0.433333333,0.1,0.0,0.0,0.0,0.7,0.366666667,0.333333333,0.3,0.033333333,0.033333333,0.166666667,0.0,0.066666667,0.266666667,0.266666667,0.1,0.6,0.166666667,0.0,0.8,0.966666667,0.133333333,0.1,0.0,0.433333333,0.166666667,1.5,0.2,0.266666667,0.133333333,0.133333333,0.1,0.0,0.866666667,0.266666667,0.066666667,0.5,0.333333333,0.2,0.0,0.0,0.033333333,0.561529815196991,0.11520964652299881,0.42066386342048645,0.34629562497138977,0.391149640083313,0.07582622766494751,0.3827122747898102,0.18174155056476593,0.40691882371902466,0.1738901436328888,0.1662065088748932,0.13439707458019257,0.04720881208777428,0.7949953079223633,0.20990313589572906,0.17974957823753357,0.20387373864650726,0.048441410064697266,0.04475771263241768,0.1443750560283661,0.16914576292037964,0.04070721194148064,0.1598508656024933,0.11922738701105118,0.045304711908102036,0.2692756950855255,0.09149038791656494,0.08655309677124023,0.2428743988275528,0.36723414063453674,0.24732981622219086,0.059643637388944626,0.23870885372161865,0.2968371510505676,0.1211325079202652,0.9642477035522461,0.16173003613948822,0.11052273213863373,0.07440989464521408,0.13953189551830292,0.16657599806785583,0.16910287737846375,0.2908286452293396,0.11232354491949081,0.19358664751052856,0.2480178326368332,0.08358367532491684,0.06999241560697556,0.26778003573417664,0.18569165468215942,0.12572312355041504
AL415,0.7,0.0,0.766666667,0.0,0.866666667,0.2,0.4,0.3,0.233333333,0.166666667,0.033333333,0.0,0.0,0.833333333,0.266666667,0.1,0.233333333,0.166666667,0.033333333,0.966666667,1.566666667,0.266666667,0.533333333,0.166666667,0.0,0.133333333,0.166666667,0.0,0.133333333,0.1,0.066666667,0.066666667,0.133333333,0.366666667,0.033333333,0.533333333,0.133333333,0.0,0.0,0.266666667,0.2,0.066666667,0.266666667,0.133333333,0.066666667,0.3,0.166666667,0.233333333,0.266666667,0.1,0.166666667,0.6270921230316162,0.2034386396408081,0.43535250425338745,0.2719191312789917,0.331424742937088,0.11546269059181213,0.24022653698921204,0.148564875125885,0.7199684977531433,0.17247168719768524,0.16760072112083435,0.15469656884670258,0.0263657383620739,0.7423914670944214,0.14074593782424927,0.15909835696220398,0.18224938213825226,0.039405666291713715,0.056442730128765106,0.3108973503112793,0.5100001096725464,0.07706253230571747,0.2787349820137024,0.12282989919185638,0.047067441046237946,0.12127546966075897,0.07732728123664856,0.09391112625598907,0.08652302622795105,0.2412869781255722,0.22578614950180054,0.0657416358590126,0.24282091856002808,0.3329746425151825,0.21175870299339294,0.36731669306755066,0.15481311082839966,0.1159038245677948,0.03491766378283501,0.1131933182477951,0.16966210305690765,0.11263691633939743,0.09418471902608871,0.18124043941497803,0.1949530392885208,0.26749926805496216,0.12783712148666382,0.19960211217403412,0.18921928107738495,0.15151037275791168,0.09274723380804062
AL426,0.366666667,0.0,0.233333333,0.0,0.833333333,0.2,0.233333333,0.0,0.133333333,0.1,0.0,0.033333333,0.0,0.2,0.233333333,0.066666667,0.266666667,0.033333333,0.266666667,0.933333333,1.7,0.0,0.833333333,0.0,0.0,0.366666667,0.0,0.066666667,0.0,0.0,0.0,0.0,0.033333333,0.766666667,0.1,0.966666667,0.0,0.0,0.0,0.0,0.433333333,0.4,0.0,0.0,0.133333333,0.233333333,0.533333333,0.0,0.533333333,0.166666667,0.366666667,0.7310356497764587,0.1498236358165741,0.4461081922054291,0.27743569016456604,0.33604565262794495,0.12425187975168228,0.40170708298683167,0.1480867564678192,0.44548138976097107,0.16827179491519928,0.11736701428890228,0.12916558980941772,0.04415873810648918,0.34836071729660034,0.10380980372428894,0.09064017236232758,0.19104288518428802,0.10283800959587097,0.08255919069051743,0.281113862991333,0.4524627923965454,0.06780755519866943,0.1971386969089508,0.12682263553142548,0.0470355823636055,0.12198010832071304,0.09268888831138611,0.08419260382652283,0.17828476428985596,0.2365437000989914,0.21738526225090027,0.20844827592372894,0.24808987975120544,0.5656371712684631,0.24270007014274597,0.7001151442527771,0.1800689995288849,0.3205028176307678,0.10849830508232117,0.3213411569595337,0.2124277502298355,0.19665026664733887,0.3150291442871094,0.1943494975566864,0.1681014597415924,0.17301620543003082,0.13840512931346893,0.15215396881103516,0.2677755653858185,0.130103200674057,0.11177396774291992
AL728,1.0,0.366666667,1.066666667,0.166666667,0.9,0.433333333,0.4,0.066666667,0.5,0.033333333,0.033333333,0.0,0.0,0.4,0.166666667,0.066666667,0.2,0.1,0.166666667,0.333333333,0.866666667,0.0,0.433333333,0.0,0.0,0.333333333,0.0,0.1,0.033333333,0.5,0.4,0.066666667,0.033333333,0.566666667,0.233333333,0.933333333,0.166666667,0.0,0.0,0.0,0.366666667,0.0,0.0,0.0,0.166666667,0.333333333,0.2,0.0,0.5,0.233333333,0.2,0.8888832926750183,0.20190957188606262,0.600645124912262,0.3616633117198944,0.41692084074020386,0.16596496105194092,0.381222665309906,0.1470753401517868,0.3701469898223877,0.185701385140419,0.14637309312820435,0.09161584824323654,0.057902734726667404,0.5503878593444824,0.06535996496677399,0.08027946203947067,0.18523819744586945,0.05163642019033432,0.04960392788052559,0.19349604845046997,0.30022868514060974,0.06152702122926712,0.17898672819137573,0.11882384121417999,0.04606302082538605,0.19604340195655823,0.09433506429195404,0.08999160677194595,0.11816482245922089,0.18063604831695557,0.2444986253976822,0.18907082080841064,0.24701932072639465,0.2781030535697937,0.20661479234695435,0.8993950486183167,0.15707485377788544,0.2131086140871048,0.04245584458112717,0.4343041181564331,0.20364202558994293,0.1462571769952774,0.098797507584095,0.09276361018419266,0.15600888431072235,0.1796051412820816,0.18300460278987885,0.06438611447811127,0.32828429341316223,0.1747518926858902,0.11541623622179031
AL806,1.266666667,0.066666667,1.166666667,0.0,0.7,0.266666667,0.366666667,0.0,0.533333333,0.266666667,0.0,0.0,0.0,0.733333333,0.0,0.1,0.0,0.1,0.0,0.0,0.166666667,0.0,0.033333333,0.0,0.0,0.0,0.0,0.0,0.0,0.466666667,0.166666667,0.0,0.0,0.5,0.133333333,0.8,0.1,0.366666667,0.0,0.066666667,0.533333333,0.0,0.0,0.033333333,0.133333333,0.033333333,0.2,0.0,0.6,0.333333333,0.033333333,0.7713186740875244,0.1880010962486267,0.5275735855102539,0.47200578451156616,0.2998293340206146,0.15232791006565094,0.4268852770328522,0.15797863900661469,0.46095287799835205,0.18231238424777985,0.1517351120710373,0.1492854803800583,0.0731523334980011,0.7189033031463623,0.14608578383922577,0.15300114452838898,0.1852327436208725,0.046283748000860214,0.03245033696293831,0.06915915757417679,0.19930653274059296,0.04619397595524788,0.1394759565591812,0.11727391928434372,0.046250347048044205,0.17429454624652863,0.07456294447183609,0.06815829873085022,0.024403641000390053,0.13489313423633575,0.23066473007202148,0.045518819242715836,0.24299560487270355,0.1665826141834259,0.13007497787475586,0.6660258173942566,0.15860392153263092,0.1686604917049408,0.04998123273253441,0.16013877093791962,0.18663717806339264,0.17998604476451874,0.11059992015361786,0.10836855322122574,0.22266176342964172,0.19116218388080597,0.07527061551809311,0.07287488132715225,0.258358895778656,0.1829463690519333,0.09580227732658386
AM461,0.266666667,0.0,0.9,0.1,0.666666667,0.266666667,1.7,1.3,0.4,0.2,0.233333333,0.066666667,0.1,0.733333333,0.266666667,0.233333333,0.166666667,0.033333333,0.0,0.066666667,0.233333333,0.1,0.133333333,0.066666667,0.0,0.2,0.133333333,0.0,0.0,0.2,0.033333333,0.0,0.0,0.033333333,0.0,0.233333333,0.0,0.0,0.0,0.0,0.033333333,0.0,0.3,0.1,0.0,0.0,0.0,0.266666667,0.0,0.2,0.066666667,0.4200292229652405,0.12100160866975784,0.4957408308982849,0.23212875425815582,0.3900449573993683,0.24322637915611267,0.8216748833656311,0.46574193239212036,0.6649200916290283,0.18608158826828003,0.34002485871315,0.1702849417924881,0.05870795622467995,1.131350040435791,0.4240991771221161,0.3855147063732147,0.25417986512184143,0.08803516626358032,0.046699050813913345,0.10597706586122513,0.3427504897117615,0.04336182773113251,0.23763307929039001,0.11938361823558807,0.07179926335811615,0.16034917533397675,0.11028541624546051,0.07788833230733871,0.044971439987421036,0.18774005770683289,0.1578899621963501,0.051889706403017044,0.24006102979183197,0.18904553353786469,0.026137256994843483,0.4543774425983429,0.15353651344776154,-0.0048100147396326065,-0.001102884067222476,0.041636865586042404,0.16262246668338776,0.1336953490972519,0.05111609771847725,0.2709183096885681,0.18193665146827698,0.24887938797473907,0.1733429729938507,0.3207422196865082,0.2041376233100891,0.12155234813690186,0.10687948763370514
AM840,0.433333333,0.033333333,0.533333333,1.0,0.366666667,0.0,0.9,0.8,0.6,0.0,0.1,0.333333333,0.066666667,1.533333333,0.2,0.233333333,0.1,0.0,0.0,0.2,0.433333333,0.0,0.233333333,0.033333333,0.0,0.0,0.066666667,0.1,0.2,0.4,0.233333333,0.0,0.0,0.0,0.0,0.466666667,0.0,0.0,0.0,0.0,0.333333333,0.166666667,0.166666667,0.133333333,0.633333333,0.166666667,0.2,0.133333333,0.0,0.133333333,0.233333333,0.21441616117954254,0.0877637043595314,0.49107709527015686,0.2546190321445465,0.3209954500198364,0.1299905627965927,0.41507282853126526,0.21502870321273804,0.45342931151390076,0.16032537817955017,0.10472646355628967,0.1404343992471695,0.03803795576095581,1.1141074895858765,0.32282501459121704,0.27251508831977844,0.21067018806934357,0.07443882524967194,0.037164174020290375,0.13293248414993286,0.1617400348186493,0.04555124416947365,0.17819857597351074,0.1181643083691597,0.055576667189598083,0.1592177450656891,0.08541304618120193,0.07005245238542557,0.039856359362602234,0.1412419080734253,0.18454177677631378,0.04633534327149391,0.2380678951740265,0.1676992028951645,0.018629249185323715,0.7575002908706665,0.1543523520231247,0.00035789760295301676,0.00875462219119072,0.04526260867714882,0.17987847328186035,0.18007081747055054,0.06379527598619461,0.21499218046665192,0.27563372254371643,0.18124163150787354,0.0836140513420105,0.16169771552085876,0.27579036355018616,0.14955712854862213,0.1182345300912857
AM997,0.5,0.0,0.4,0.133333333,0.5,0.233333333,0.266666667,0.5,0.233333333,0.0,0.133333333,0.0,0.133333333,0.633333333,0.2,0.2,0.0,0.433333333,0.066666667,0.566666667,0.733333333,0.466666667,0.3,0.0,0.066666667,0.066666667,0.0,0.0,0.233333333,0.4,0.333333333,0.566666667,1.3,0.566666667,0.133333333,1.2,0.0,0.0,0.0,0.0,0.3,0.066666667,0.0,0.0,0.066666667,0.0,0.033333333,0.166666667,0.066666667,0.0,0.166666667,0.43564194440841675,0.090875543653965,0.49218428134918213,0.282683402299881,0.35566723346710205,0.19933834671974182,0.42687565088272095,0.22394728660583496,0.38255608081817627,0.16340585052967072,0.08354465663433075,0.11729387938976288,0.04293085262179375,1.2000524997711182,0.31340351700782776,0.2943185269832611,0.21486155688762665,0.09127479046583176,0.04430878907442093,0.43867385387420654,0.5846331715583801,0.06972481310367584,0.27159735560417175,0.1174578070640564,0.08268941938877106,0.18680395185947418,0.0872262716293335,0.08960571885108948,0.048920098692178726,0.1919938027858734,0.15285959839820862,0.05694635212421417,0.2382916510105133,0.22634319961071014,0.033487752079963684,0.8476722240447998,0.15439647436141968,0.023307999595999718,0.004953962750732899,0.03501095995306969,0.17303450405597687,0.13662056624889374,0.07273072004318237,0.17693977057933807,0.21492469310760498,0.24666935205459595,0.15849058330059052,0.198698490858078,0.2507692575454712,0.16525226831436157,0.10416949540376663
AO235,0.333333333,0.133333333,0.233333333,0.533333333,0.6,0.5,0.566666667,0.6,1.5,0.0,0.3,0.233333333,0.3,1.766666667,0.366666667,0.5,0.366666667,0.133333333,0.033333333,0.066666667,0.166666667,0.166666667,0.066666667,0.033333333,0.0,0.066666667,0.033333333,0.0,0.0,0.133333333,0.0,0.033333333,0.0,0.133333333,0.066666667,0.366666667,0.266666667,0.0,0.0,0.066666667,0.333333333,0.3,0.033333333,0.133333333,0.1,0.0,0.0,0.0,0.766666667,0.133333333,0.0,0.4248647391796112,0.09380782395601273,0.4070744812488556,0.22499656677246094,0.4348110556602478,0.10863570868968964,0.42991000413894653,0.321121484041214,1.093814730644226,0.17053867876529694,0.24777403473854065,0.29017171263694763,0.07396991550922394,1.4672142267227173,0.4836963713169098,0.44074487686157227,0.23350472748279572,0.1433367282152176,0.1537729650735855,0.356703519821167,0.478532999753952,0.08703666925430298,0.2835179567337036,0.11918652057647705,0.05048677697777748,0.20190481841564178,0.15203464031219482,0.0871109738945961,0.1350809633731842,0.26046332716941833,0.27762630581855774,0.07841098308563232,0.23698921501636505,0.11729401350021362,0.018484514206647873,0.594401478767395,0.1534193456172943,0.02930569089949131,0.028580402955412865,0.15138353407382965,0.174984872341156,0.15019549429416656,0.10837463289499283,0.19727268815040588,0.17297832667827606,0.19418656826019287,0.08498398214578629,0.2095293551683426,0.1706341952085495,0.1296568214893341,0.09669056534767151
AO882,0.233333333,0.0,0.433333333,0.166666667,0.3,0.0,0.533333333,0.433333333,0.433333333,0.0,0.0,0.033333333,0.0,1.366666667,0.5,0.433333333,0.166666667,0.066666667,0.0,0.866666667,1.266666667,0.433333333,0.933333333,0.3,0.433333333,0.233333333,0.933333333,0.066666667,0.5,0.266666667,0.366666667,0.133333333,0.133333333,0.1,0.066666667,0.6,0.0,0.1,0.166666667,1.033333333,0.3,0.2,0.0,0.133333333,0.233333333,0.0,0.0,0.066666667,0.066666667,0.266666667,0.033333333,0.3947182893753052,0.08714232593774796,0.5034392476081848,0.17135201394557953,0.39322057366371155,0.12550437450408936,0.30040815472602844,0.2554357349872589,0.30027246475219727,0.16051556169986725,0.050322338938713074,0.10117756575345993,0.023861534893512726,1.2048934698104858,0.5028910040855408,0.3430776298046112,0.25599944591522217,0.1577858328819275,0.10526593029499054,0.6664926409721375,0.7732768058776855,0.11416260898113251,0.3287590742111206,0.11929404735565186,0.06790564954280853,0.1867627501487732,0.11679165065288544,0.08872556686401367,0.12209004163742065,0.2440325766801834,0.15163777768611908,0.08513950556516647,0.23842746019363403,0.22554194927215576,0.03806837648153305,0.7649915218353271,0.15338551998138428,0.019636595621705055,0.0076846107840538025,0.10197137296199799,0.1768302470445633,0.13131484389305115,0.05660942569375038,0.2044300138950348,0.19481272995471954,0.19411183893680573,0.04920988157391548,0.1979794055223465,0.20281288027763367,0.12322082370519638,0.11012626439332962
AP048,0.0,0.0,0.0,0.033333333,0.333333333,0.133333333,0.266666667,0.166666667,0.266666667,0.066666667,0.066666667,0.066666667,0.233333333,1.366666667,1.733333333,0.766666667,0.533333333,0.1,0.6,0.833333333,0.666666667,0.0,0.6,0.0,0.033333333,0.066666667,0.866666667,0.433333333,0.166666667,0.166666667,0.266666667,0.0,0.0,0.3,0.0,0.7,0.166666667,0.0,0.0,0.0,0.533333333,0.333333333,0.0,0.0,0.1,0.233333333,0.0,0.666666667,0.4,0.0,0.066666667,0.34870705008506775,0.13013005256652832,0.43491441011428833,0.6338083744049072,0.3834150731563568,0.17741796374320984,0.2244943082332611,0.2671346366405487,0.5376754999160767,0.16012540459632874,0.07547784596681595,0.2202194631099701,0.04656288027763367,1.1743379831314087,0.5339809060096741,0.4313237965106964,0.41256171464920044,0.18254268169403076,0.09990622103214264,0.5041265487670898,0.7129207849502563,0.046662844717502594,0.5469016432762146,0.11599233746528625,0.06546624004840851,0.20209266245365143,0.1400594711303711,0.0959036648273468,0.14034658670425415,0.16918796300888062,0.22185206413269043,0.07310929149389267,0.23951852321624756,0.19072458148002625,0.029644988477230072,0.4868174195289612,0.15462468564510345,0.00787641853094101,-0.0005178860737942159,0.04367520287632942,0.1793023943901062,0.17841234803199768,0.05348750948905945,0.5659992694854736,0.3831322193145752,0.21725523471832275,0.12563027441501617,0.5700231194496155,0.2353227436542511,0.0981023907661438,0.11402490735054016
