stimulus,true_Green,true_Cucumber,true_Herbal,true_Mint,true_Woody,true_Pine,true_Floral,true_Powdery,true_Fruity,true_Citrus,true_Tropical,true_Berry,true_Peach,true_Sweet,true_Caramellic,true_Vanilla,true_BrownSpice,true_Smoky,true_Burnt,true_Roasted,true_Grainy,true_Meaty,true_Nutty,true_Fatty,true_Coconut,true_Waxy,true_Dairy,true_Buttery,true_Cheesy,true_Sour,true_Fermented,true_Sulfurous,true_Garlic.Onion,true_Earthy,true_Mushroom,true_Musty,true_Ammonia,true_Fishy,true_Fecal,true_Rotten.Decay,true_Rubber,true_Phenolic,true_Animal,true_Medicinal,true_Cooling,true_Sharp,true_Chlorine,true_Alcoholic,true_Plastic,true_Ozone,true_Metallic,pred_Green,pred_Cucumber,pred_Herbal,pred_Mint,pred_Woody,pred_Pine,pred_Floral,pred_Powdery,pred_Fruity,pred_Citrus,pred_Tropical,pred_Berry,pred_Peach,pred_Sweet,pred_Caramellic,pred_Vanilla,pred_BrownSpice,pred_Smoky,pred_Burnt,pred_Roasted,pred_Grainy,pred_Meaty,pred_Nutty,pred_Fatty,pred_Coconut,pred_Waxy,pred_Dairy,pred_Buttery,pred_Cheesy,pred_Sour,pred_Fermented,pred_Sulfurous,pred_Garlic.Onion,pred_Earthy,pred_Mushroom,pred_Musty,pred_Ammonia,pred_Fishy,pred_Fecal,pred_Rotten.Decay,pred_Rubber,pred_Phenolic,pred_Animal,pred_Medicinal,pred_Cooling,pred_Sharp,pred_Chlorine,pred_Alcoholic,pred_Plastic,pred_Ozone,pred_Metallic
AC557,0.037037037,0.0,0.0,0.296296296,0.0,0.0,0.111111111,0.148148148,0.666666667,0.185185185,0.185185185,0.222222222,0.0,0.703703704,0.0,0.0,0.0,0.0,0.111111111,0.148148148,0.111111111,0.074074074,0.111111111,0.037037037,0.148148148,0.148148148,0.0,0.074074074,0.333333333,0.518518519,0.333333333,0.148148148,0.0,0.037037037,0.0,0.62962963,0.555555556,0.148148148,0.37037037,0.481481481,0.185185185,0.62962963,0.592592593,0.37037037,0.296296296,0.148148148,0.0,0.777777778,0.148148148,0.074074074,0.0,0.5384588837623596,0.1464773714542389,0.5177633762359619,0.09122036397457123,0.3525286018848419,0.13149207830429077,0.38534027338027954,0.23432256281375885,1.111418604850769,0.1483784317970276,0.30556538701057434,0.44100114703178406,0.12301169335842133,0.829168975353241,0.23053328692913055,0.2473951280117035,0.2722022533416748,0.14348658919334412,0.12103980034589767,0.3749904930591583,0.4449838697910309,0.16757014393806458,0.26019200682640076,0.19158636033535004,0.05928479880094528,0.09395995736122131,0.11548208445310593,0.08534803986549377,0.1980113983154297,0.262888103723526,0.29420650005340576,0.16107749938964844,0.20376378297805786,0.3128001391887665,0.13230866193771362,0.47773846983909607,0.146950826048851,0.13369573652744293,0.033942949026823044,0.21379797160625458,0.19361650943756104,0.17871513962745667,0.09148086607456207,0.26126429438591003,0.1253577321767807,0.46317580342292786,0.130640909075737,0.2635655999183655,0.22242505848407745,0.15063689649105072,0.12394042313098907
AC930,0.185185185,0.0,0.111111111,0.814814815,0.111111111,0.148148148,0.259259259,0.407407407,0.62962963,0.037037037,0.444444444,0.777777778,0.222222222,0.814814815,0.0,0.074074074,0.0,0.0,0.0,0.0,0.0,0.0,0.0,0.0,0.0,0.0,0.0,0.0,0.0,0.222222222,0.592592593,0.444444444,0.0,0.0,0.0,0.259259259,0.259259259,0.0,0.148148148,0.37037037,0.185185185,0.37037037,0.37037037,0.518518519,0.888888889,0.222222222,0.0,0.703703704,0.407407407,0.074074074,0.111111111,0.4898088574409485,0.26582542061805725,0.6545501351356506,0.44404125213623047,0.38397493958473206,0.3170369267463684,0.6243152022361755,0.32990026473999023,0.8665215969085693,0.35235127806663513,0.40078204870224,0.3944801092147827,0.16571708023548126,0.720694363117218,0.1722003072500229,0.2168528288602829,0.17586292326450348,0.15361490845680237,0.13727934658527374,0.28227803111076355,0.3188256323337555,0.13630937039852142,0.23731979727745056,0.1381978690624237,0.06146397069096565,0.09880327433347702,0.16902343928813934,0.12504789233207703,0.20015780627727509,0.3109811842441559,0.32027310132980347,0.28691962361335754,0.2815404534339905,0.19369176030158997,0.1355161964893341,0.46074366569519043,0.16385087370872498,0.12363414466381073,0.06725337356328964,0.3815585672855377,0.18387764692306519,0.17231914401054382,0.11411749571561813,0.26403340697288513,0.296321302652359,0.2615504562854767,0.10479103028774261,0.19698694348335266,0.21862518787384033,0.13151216506958008,0.11418469250202179
AC933,0.071428571,0.0,0.821428571,0.392857143,0.214285714,0.785714286,0.321428571,0.107142857,0.464285714,0.071428571,0.0,0.321428571,0.0,0.5,0.0,0.0,0.0,0.0,0.142857143,0.107142857,0.071428571,0.0,0.0,0.0,0.0,0.178571429,0.0,0.0,0.0,0.035714286,0.178571429,0.0,0.0,0.107142857,0.0,0.75,0.321428571,0.0,0.0,0.0,0.0,0.25,0.0,1.321428571,1.142857143,0.642857143,0.428571429,0.392857143,0.107142857,0.214285714,0.178571429,0.5445103645324707,0.35748404264450073,0.7470725774765015,0.6031472086906433,0.49940118193626404,0.35016635060310364,0.9226240515708923,0.39095619320869446,0.8640328049659729,0.396377831697464,0.3773622214794159,0.5898597836494446,0.1528022289276123,1.151057481765747,0.2547900080680847,0.25666654109954834,0.40813180804252625,0.17522211372852325,0.14733092486858368,0.2642604410648346,0.2663928270339966,0.10436981171369553,0.21390338242053986,0.05323787406086922,0.06031987816095352,0.11198095232248306,0.09067362546920776,0.07213236391544342,0.04440758749842644,0.16212163865566254,0.16769523918628693,0.14572668075561523,0.19710686802864075,0.1675560027360916,0.06681369245052338,0.4614657163619995,0.1499069184064865,0.05580667406320572,0.028310855850577354,0.166434183716774,0.18537069857120514,0.25336888432502747,0.08629582077264786,0.6544028520584106,0.43157321214675903,0.3048579692840576,0.18054258823394775,0.4084933400154114,0.22281202673912048,0.1488039642572403,0.13637252151966095
AD505,0.0,0.1875,0.5625,0.0,0.25,0.125,0.0,0.0,0.0,0.0,0.0,0.0,0.0,0.0,0.0,0.0,0.0,0.1875,0.0625,0.25,0.0,0.625,0.3125,0.0,0.0,0.125,0.0625,0.0,0.25,0.375,0.0,0.5,3.0,0.1875,0.0,0.25,0.25,0.0,0.0,0.1875,0.25,0.0,0.0,0.25,0.1875,0.4375,0.0,0.5,0.3125,0.0,0.0,0.3280101716518402,0.1387568563222885,0.3470335006713867,0.10734114050865173,0.19672217965126038,0.10232830792665482,0.3822563886642456,0.21992528438568115,0.7387436032295227,0.11582436412572861,0.3148800730705261,0.1627015769481659,0.07236409932374954,0.6516881585121155,0.21891041100025177,0.27651679515838623,0.2111242115497589,0.254408597946167,0.38399335741996765,0.5290089845657349,0.40221256017684937,0.48579898476600647,0.2567967474460602,0.13374212384223938,0.05946965515613556,0.1083884984254837,0.10191486030817032,0.09174153953790665,0.20545871555805206,0.3354770541191101,0.4691423177719116,0.3914855420589447,2.9992051124572754,0.14870883524417877,0.11205952614545822,0.23215670883655548,0.14418469369411469,0.1291271299123764,0.05118848755955696,0.2115209400653839,0.18209591507911682,0.11399122327566147,0.10267806798219681,0.20654673874378204,0.10977722704410553,0.25043484568595886,0.061616405844688416,0.19258008897304535,0.20606942474842072,0.11540193855762482,0.07658109068870544
AD835,0.0,0.0,0.142857143,0.0,0.214285714,0.0,0.0,0.0,0.0,0.0,0.0,0.214285714,0.0,0.357142857,0.0,0.0,0.0,0.428571429,1.214285714,0.714285714,0.071428571,0.428571429,0.0,0.0,0.0,0.142857143,0.0,0.0,0.142857143,0.714285714,0.857142857,0.642857143,1.357142857,0.428571429,0.071428571,0.285714286,0.214285714,0.285714286,0.0,0.785714286,0.214285714,0.285714286,0.428571429,0.142857143,0.357142857,0.0,0.071428571,0.357142857,0.214285714,0.0,0.214285714,0.2966151237487793,0.08772855997085571,0.33667662739753723,0.12771086394786835,0.2426399439573288,0.12581250071525574,0.30807235836982727,0.23197071254253387,0.6153864860534668,0.11809581518173218,0.2573848366737366,0.17481137812137604,0.06984765082597733,0.6650152802467346,0.24807006120681763,0.29275980591773987,0.27213427424430847,0.37288805842399597,0.6809672713279724,0.565578281879425,0.4812220633029938,0.334670752286911,0.30654969811439514,0.21688775718212128,0.05980324372649193,0.13324935734272003,0.0856422558426857,0.08450811356306076,0.18406499922275543,0.34832870960235596,0.42891281843185425,0.3658703565597534,0.6476197242736816,0.3022104501724243,0.1991187483072281,0.2450968474149704,0.14674319326877594,0.0921950563788414,0.03498931601643562,0.2717704176902771,0.1845470517873764,0.1366846114397049,0.1562831997871399,0.14067278802394867,0.10401789098978043,0.14412285387516022,0.05419716611504555,0.06337179243564606,0.1991015076637268,0.116100013256073,0.06786078959703445
AE061,0.142857143,0.071428571,0.464285714,0.607142857,0.321428571,0.321428571,0.071428571,0.0,0.0,0.0,0.0,0.0,0.0,0.035714286,0.035714286,0.035714286,0.071428571,0.357142857,0.142857143,0.071428571,0.0,0.0,0.0,0.0,0.0,0.0,0.0,0.0,0.0,0.071428571,0.142857143,0.0,0.0,1.321428571,0.0,0.928571429,0.5,0.0,0.0,0.035714286,1.035714286,0.392857143,0.285714286,1.714285714,1.214285714,1.142857143,0.714285714,0.642857143,0.5,0.321428571,0.607142857,0.2421981692314148,0.05567533150315285,0.34557637572288513,0.12851236760616302,0.2971336841583252,0.1196339875459671,0.08860859274864197,0.17463625967502594,0.170822873711586,0.17491838335990906,0.06335251778364182,0.05661499872803688,0.029790597036480904,0.6510680913925171,0.3697870969772339,0.24501124024391174,0.23147502541542053,0.29397687315940857,0.19181320071220398,0.5054747462272644,0.6389668583869934,0.3178476095199585,0.35034024715423584,0.12530417740345,0.059383705258369446,0.07984369248151779,0.09432704001665115,0.10204710066318512,0.08175075799226761,0.17810030281543732,0.1779695451259613,0.16572409868240356,0.1035597175359726,0.28813520073890686,0.08712080866098404,0.5725516080856323,0.14173749089241028,0.1149430200457573,0.02695595659315586,0.24923016130924225,0.19720594584941864,0.22082944214344025,0.10716499388217926,0.2212219387292862,0.11242586374282837,0.3140498697757721,0.16380305588245392,0.6219771504402161,0.22685401141643524,0.13756075501441956,0.11342617869377136
AE099,0.074074074,0.0,0.333333333,1.962962963,0.111111111,0.148148148,0.111111111,0.148148148,0.0,0.074074074,0.0,0.148148148,0.0,0.666666667,0.148148148,0.222222222,0.111111111,0.037037037,0.0,0.0,0.111111111,0.0,0.074074074,0.0,0.074074074,0.148148148,0.111111111,0.074074074,0.0,0.0,0.0,0.0,0.0,0.0,0.0,0.0,0.296296296,0.148148148,0.0,0.0,0.185185185,0.37037037,0.074074074,0.518518519,1.666666667,1.777777778,0.444444444,1.703703704,0.592592593,0.111111111,0.111111111,0.25923195481300354,0.03844195604324341,0.31954288482666016,0.746793806552887,0.3191116154193878,0.0986756756901741,0.12703192234039307,0.1261923462152481,0.36382970213890076,0.044324323534965515,0.08618536591529846,0.085208959877491,0.038072824478149414,0.7890217304229736,0.24614261090755463,0.2564782202243805,0.228386789560318,0.15419316291809082,0.16445648670196533,0.6437467336654663,0.41328081488609314,0.13646098971366882,0.2978830635547638,0.06710361689329147,0.05930913984775543,0.11738588660955429,0.10520599782466888,0.09585484117269516,0.030746666714549065,0.19712039828300476,0.23051626980304718,0.09768083691596985,0.20675085484981537,0.2449081391096115,0.0948304533958435,0.5185657143592834,0.1545572429895401,0.09675762802362442,0.027749381959438324,0.14755818247795105,0.19762420654296875,0.2681315839290619,0.10410929471254349,0.7671142816543579,0.7511147260665894,0.6400038599967957,0.18999291956424713,0.981695294380188,0.23650242388248444,0.1299506425857544,0.09622271358966827
AE184,0.111111111,0.0,0.0,0.037037037,0.0,0.0,0.037037037,0.0,0.0,0.0,0.0,0.0,0.0,0.37037037,0.185185185,0.0,0.0,0.0,0.148148148,0.0,0.0,0.0,0.0,0.0,0.0,0.0,0.0,0.0,0.0,0.185185185,0.111111111,0.0,0.0,0.037037037,0.0,0.0,0.0,0.037037037,0.0,0.0,0.148148148,0.074074074,0.0,0.703703704,0.407407407,1.185185185,0.62962963,4.259259259,0.0,0.111111111,0.0,0.3281974792480469,0.0375913642346859,0.3067959249019623,0.0927584171295166,0.32235389947891235,0.11840113252401352,0.18160411715507507,0.1955900341272354,0.3299939036369324,0.043888211250305176,0.13568416237831116,0.1196802631020546,0.04242411628365517,0.8460076451301575,0.3504706025123596,0.2754761576652527,0.37711212038993835,0.24784497916698456,0.33425748348236084,0.5549145936965942,0.6342446804046631,0.08769886195659637,0.3900728225708008,0.1558474898338318,0.05956092104315758,0.13094556331634521,0.0965181291103363,0.11814936250448227,0.0534023717045784,0.19310083985328674,0.1512385904788971,0.12146621197462082,0.043213602155447006,0.30594152212142944,0.12666036188602448,0.4928264915943146,0.1476704627275467,0.17419779300689697,0.06681367754936218,0.1622079610824585,0.20019784569740295,0.21415171027183533,0.10992825776338577,0.35373175144195557,0.3685934245586395,0.4065234661102295,0.17022718489170074,1.6681995391845703,0.23648515343666077,0.15879246592521667,0.12132594734430313
AE448,0.666666667,0.444444444,1.0,0.37037037,0.518518519,0.111111111,0.62962963,0.074074074,0.259259259,0.074074074,0.407407407,0.259259259,0.074074074,0.37037037,0.148148148,0.222222222,0.074074074,0.0,0.0,0.0,0.0,0.0,0.074074074,0.0,0.111111111,0.037037037,0.148148148,0.0,0.185185185,0.074074074,0.185185185,0.0,0.0,0.111111111,0.0,0.037037037,0.0,0.111111111,0.0,0.148148148,0.111111111,0.0,0.0,0.111111111,0.259259259,0.0,0.592592593,0.0,0.222222222,0.296296296,0.0,0.4943886399269104,0.16368241608142853,0.41314074397087097,0.1735161989927292,0.37197795510292053,0.1061381995677948,0.3709279000759125,0.15389537811279297,1.0087337493896484,0.17107120156288147,0.40652579069137573,0.29166409373283386,0.11330342292785645,0.9993245005607605,0.27556049823760986,0.2677549123764038,0.3374207317829132,0.14557558298110962,0.23056840896606445,0.45911669731140137,0.4987114667892456,0.14222070574760437,0.3466520309448242,0.14948338270187378,0.06001853197813034,0.13181988894939423,0.2149883210659027,0.09283313155174255,0.2109246402978897,0.182590052485466,0.29786476492881775,0.05729540437459946,0.04719769209623337,0.26274821162223816,0.08687116950750351,0.4391217827796936,0.14284639060497284,0.05998433008790016,0.02937396802008152,0.18645969033241272,0.19208313524723053,0.1591346263885498,0.08655912429094315,0.2512357532978058,0.1677154302597046,0.39625945687294006,0.1965882033109665,0.393471360206604,0.21744069457054138,0.14961229264736176,0.1202404648065567
AE568,0.296296296,0.185185185,0.481481481,0.592592593,0.148148148,0.185185185,0.0,0.333333333,0.666666667,0.0,0.0,0.666666667,0.111111111,1.185185185,0.222222222,0.259259259,0.074074074,0.0,0.037037037,0.0,0.0,0.0,0.037037037,0.0,0.185185185,0.0,0.0,0.0,0.0,0.185185185,0.407407407,0.0,0.0,0.185185185,0.0,0.333333333,0.148148148,0.185185185,0.0,0.0,0.111111111,0.222222222,0.074074074,1.222222222,1.222222222,0.666666667,0.62962963,0.62962963,0.592592593,0.0,0.0,0.2596420645713806,0.0503217950463295,0.36694663763046265,0.21327698230743408,0.3548656105995178,0.10296893119812012,0.16601011157035828,0.15966244041919708,0.3634876012802124,0.03752230480313301,0.08210427314043045,0.1463891863822937,0.03374071046710014,0.9498392343521118,0.42191246151924133,0.27500107884407043,0.27797895669937134,0.17632856965065002,0.1233113557100296,0.5274497866630554,0.5144937038421631,0.09419538825750351,0.38675475120544434,0.040812794119119644,0.059488605707883835,0.1284848153591156,0.10928016901016235,0.08648639172315598,0.04955028370022774,0.14393118023872375,0.15049080550670624,0.13759756088256836,0.06859695911407471,0.22180607914924622,0.07238950580358505,0.4518192708492279,0.14625099301338196,0.06514094769954681,0.026349617168307304,0.06284686923027039,0.20001067221164703,0.2131981998682022,0.09295571595430374,0.9660064578056335,0.5723581910133362,0.40283069014549255,0.10018680989742279,0.8737749457359314,0.24243198335170746,0.1475059688091278,0.09832917153835297
AE645,0.178571429,0.0,0.214285714,0.0,0.178571429,0.0,0.0,0.0,0.107142857,0.071428571,0.035714286,0.035714286,0.0,0.142857143,0.071428571,0.071428571,0.071428571,0.0,0.0,0.071428571,0.071428571,0.071428571,0.0,0.107142857,0.0,0.0,0.214285714,0.25,0.5,0.214285714,0.5,0.142857143,0.0,0.142857143,0.107142857,0.214285714,0.5,0.0,0.535714286,0.892857143,0.214285714,0.357142857,0.178571429,0.25,0.25,0.964285714,0.642857143,3.071428571,0.142857143,0.142857143,0.25,0.3631746172904968,0.06170646846294403,0.46888256072998047,0.1641264259815216,0.35868698358535767,0.18406938016414642,0.44709858298301697,0.22928984463214874,0.502356231212616,0.43340596556663513,0.13858351111412048,0.13482263684272766,0.040828637778759,0.8050736784934998,0.3124712407588959,0.22981683909893036,0.24222004413604736,0.2590450942516327,0.07890240848064423,0.2102246880531311,0.22954310476779938,0.06440306454896927,0.21214711666107178,0.08667050302028656,0.06182350963354111,0.283356636762619,0.1295967549085617,0.12664395570755005,0.09855327010154724,0.3423229455947876,0.21070235967636108,0.12271439284086227,0.08901013433933258,0.20162278413772583,0.07532409578561783,0.5842333436012268,0.15446381270885468,0.07042714953422546,0.08262646943330765,0.1528557538986206,0.20868712663650513,0.21401537954807281,0.09704918414354324,0.5494894981384277,0.43197306990623474,0.45026761293411255,0.24124810099601746,2.1366262435913086,0.21507786214351654,0.16853494942188263,0.13234367966651917
AE681,0.074074074,0.037037037,0.407407407,3.444444444,0.37037037,0.333333333,0.222222222,0.148148148,0.148148148,0.111111111,0.0,0.185185185,0.0,1.185185185,0.074074074,0.37037037,0.0,0.0,0.0,0.0,0.0,0.0,0.0,0.037037037,0.0,0.0,0.185185185,0.185185185,0.0,0.037037037,0.0,0.0,0.0,0.333333333,0.0,0.148148148,0.185185185,0.0,0.0,0.0,0.0,0.037037037,0.037037037,1.074074074,2.037037037,0.296296296,0.37037037,0.555555556,0.0,0.0,0.333333333,0.30300426483154297,0.1754848062992096,0.5512369871139526,3.042440414428711,0.28227412700653076,0.22010460495948792,0.21581514179706573,0.2540784478187561,0.2813769578933716,0.07577066123485565,0.1166747659444809,0.09849467873573303,0.030182436108589172,1.0264159440994263,0.19580954313278198,0.2932679355144501,0.1826290339231491,0.1983233094215393,0.05538063496351242,0.19159801304340363,0.16420845687389374,0.05568833649158478,0.18172231316566467,0.03420545160770416,0.06023208424448967,0.038319848477840424,0.07577499747276306,0.06673075258731842,0.06443820148706436,0.044555045664310455,0.1540672481060028,0.02743084542453289,0.14118166267871857,0.06257497519254684,0.02395244874060154,0.390817791223526,0.14126171171665192,0.02980341948568821,0.03007039614021778,0.03923196718096733,0.17894504964351654,0.14336293935775757,0.06830155849456787,0.4594293236732483,1.2521858215332031,0.23435799777507782,0.12566979229450226,0.5260673761367798,0.17637091875076294,0.13283777236938477,0.11525286734104156
AE855,0.642857143,0.178571429,0.321428571,0.5,0.285714286,0.5,0.071428571,0.107142857,0.107142857,0.0,0.0,0.035714286,0.0,0.142857143,0.0,0.0,0.035714286,0.071428571,0.0,0.0,0.035714286,0.071428571,0.0,0.0,0.0,0.0,0.0,0.0,0.0,0.25,0.142857143,0.0,0.071428571,0.821428571,0.0,0.785714286,0.428571429,0.107142857,0.0,0.071428571,0.214285714,0.142857143,0.107142857,1.785714286,0.75,1.071428571,0.607142857,1.107142857,0.0,0.357142857,0.071428571,0.3444046080112457,0.1280325949192047,0.710757851600647,0.5427957773208618,0.3745785653591156,0.25251734256744385,0.15139447152614594,0.20247645676136017,0.3309271037578583,0.08393280953168869,0.08601826429367065,0.0763019397854805,0.02121523767709732,0.6855710744857788,0.21458472311496735,0.25116074085235596,0.19800901412963867,0.2063903659582138,0.08844992518424988,0.2360660433769226,0.24567298591136932,0.08146843314170837,0.20010168850421906,0.05237063765525818,0.05952279642224312,0.05989295616745949,0.09064473956823349,0.06325577944517136,0.034390222281217575,0.0894666388630867,0.13165965676307678,0.04278061166405678,0.0996028333902359,0.13306045532226562,0.03184899315237999,0.3761255443096161,0.1514407843351364,0.06068543717265129,0.02632361277937889,0.0322737880051136,0.18296752870082855,0.29687783122062683,0.0866018682718277,0.8737195134162903,0.5047370195388794,0.31547150015830994,0.17605099081993103,0.9373083114624023,0.21586056053638458,0.16032226383686066,0.11961986124515533
AE913,0.214285714,0.0,0.285714286,0.214285714,0.285714286,0.321428571,0.071428571,0.107142857,0.0,0.0,0.0,0.0,0.0,0.214285714,0.178571429,0.0,0.0,0.0,0.0,0.714285714,0.714285714,0.0,0.5,0.035714286,0.071428571,0.0,0.0,0.392857143,0.0,0.142857143,0.0,0.0,0.035714286,0.642857143,0.0,0.107142857,0.357142857,0.107142857,0.0,0.0,0.392857143,0.142857143,0.035714286,1.178571429,1.392857143,0.571428571,0.571428571,0.857142857,0.142857143,0.0,0.142857143,0.40069442987442017,0.11062098294496536,0.5006357431411743,0.24089878797531128,0.34774237871170044,0.11003802716732025,0.13222983479499817,0.1736443191766739,0.3470945656299591,0.06915970146656036,0.09989451617002487,0.13421531021595,0.03550342842936516,0.5770556330680847,0.21731209754943848,0.2469274401664734,0.2122122049331665,0.15437209606170654,0.13017281889915466,0.8466328382492065,0.8056820034980774,0.28345125913619995,0.40752172470092773,0.13745106756687164,0.06059473007917404,0.1037648543715477,0.14254924654960632,0.11977293342351913,0.15852521359920502,0.20725826919078827,0.15993334352970123,0.12197655439376831,0.18183933198451996,0.18384233117103577,0.07093364745378494,0.45406559109687805,0.1442495733499527,0.04486190900206566,0.019295386970043182,0.09469440579414368,0.18764355778694153,0.20199984312057495,0.10802306234836578,0.19581253826618195,0.25228023529052734,0.284768670797348,0.20709873735904694,0.6908167600631714,0.20381282269954681,0.12768635153770447,0.08794638514518738
AE929,0.185185185,0.0,0.222222222,0.444444444,0.259259259,0.111111111,0.0,0.111111111,0.518518519,0.0,0.111111111,0.333333333,0.148148148,0.481481481,0.148148148,0.222222222,0.148148148,0.074074074,0.0,0.0,0.0,0.0,0.111111111,0.0,0.074074074,0.111111111,0.222222222,0.222222222,0.407407407,0.148148148,0.37037037,0.148148148,0.0,0.111111111,0.0,0.777777778,0.37037037,0.0,0.592592593,0.444444444,0.0,0.0,0.111111111,1.222222222,0.814814815,0.518518519,0.333333333,0.962962963,0.481481481,0.074074074,0.222222222,0.35026538372039795,0.0627485066652298,0.5202187895774841,0.4210472106933594,0.3479844927787781,0.20505253970623016,0.370312362909317,0.3106915056705475,0.4511689245700836,0.09950967133045197,0.12625950574874878,0.4070472717285156,0.06023490056395531,0.9075058102607727,0.30899667739868164,0.27222907543182373,0.22969840466976166,0.12299815565347672,0.06900414824485779,0.17958246171474457,0.19891475141048431,0.03927769884467125,0.1921577751636505,0.08364052325487137,0.06943448632955551,0.5284872651100159,0.13087424635887146,0.08945333957672119,0.17516206204891205,0.22405651211738586,0.30745798349380493,0.08936173468828201,0.1396147608757019,0.16284123063087463,0.05584941431879997,0.7400771975517273,0.14497298002243042,0.019850021228194237,0.12103576958179474,0.16232116520404816,0.21442551910877228,0.2605341970920563,0.09539642930030823,1.2344928979873657,0.8894357085227966,0.40817639231681824,0.12051354348659515,0.4063912630081177,0.22174112498760223,0.1595986932516098,0.14841604232788086
AI205,0.413793103,0.206896552,0.517241379,0.0,0.75862069,0.448275862,0.517241379,0.275862069,0.413793103,0.24137931,0.137931034,0.0,0.0,0.482758621,0.103448276,0.103448276,0.034482759,0.137931034,0.24137931,0.0,0.344827586,0.0,0.034482759,0.0,0.137931034,0.24137931,0.0,0.0,0.0,0.103448276,0.275862069,0.0,0.0,0.413793103,0.344827586,0.689655172,0.275862069,0.103448276,0.103448276,0.310344828,0.448275862,0.137931034,0.103448276,0.137931034,0.24137931,0.103448276,0.068965517,0.103448276,0.379310345,0.517241379,0.103448276,0.7106555700302124,0.9599876999855042,0.6182969212532043,0.33315667510032654,0.36202096939086914,0.2526595890522003,0.7974891066551208,0.30000755190849304,1.3091869354248047,0.3910268545150757,0.4480799436569214,0.44491931796073914,0.17178435623645782,1.3774975538253784,0.23214611411094666,0.26485705375671387,0.28707045316696167,0.13756437599658966,0.05630332604050636,0.2061741054058075,0.2687721252441406,0.09101752936840057,0.22144944965839386,0.04569985717535019,0.05915975943207741,0.17657996714115143,0.08398198336362839,0.06623027473688126,0.10617884993553162,0.2317247986793518,0.21466046571731567,0.15679876506328583,0.08849618583917618,0.10758768767118454,0.07307387888431549,0.46956193447113037,0.15095272660255432,0.05865549296140671,0.028198374435305595,0.17838533222675323,0.18704740703105927,0.17671141028404236,0.08241565525531769,0.2717297673225403,0.255500853061676,0.14800536632537842,0.1252610832452774,0.26906996965408325,0.22713397443294525,0.1661807894706726,0.12963667511940002
AJ058,0.3,0.1,0.266666667,0.1,0.233333333,0.0,0.533333333,0.166666667,1.033333333,0.133333333,0.0,0.0,0.0,1.833333333,0.4,0.266666667,0.933333333,0.133333333,0.1,0.366666667,0.433333333,0.0,0.7,0.533333333,0.2,0.4,0.0,0.0,0.2,0.266666667,0.0,0.233333333,0.0,0.3,0.066666667,0.3,0.233333333,0.1,0.0,0.2,0.1,0.033333333,0.033333333,0.1,0.166666667,0.5,0.033333333,0.566666667,0.0,0.266666667,0.0,0.34261563420295715,0.06094810739159584,0.47655797004699707,0.13395559787750244,0.34301918745040894,0.11091551184654236,0.21488037705421448,0.37985759973526,0.38034722208976746,0.03946583718061447,0.08728478848934174,0.0770188421010971,0.029311420395970345,1.236085057258606,0.376510888338089,0.26452764868736267,0.2884063124656677,0.34218719601631165,0.21418769657611847,0.3898957371711731,0.3827912509441376,0.314740926027298,0.24712435901165009,0.17437945306301117,0.058805178850889206,0.16672424972057343,0.0780206024646759,0.07452012598514557,0.0647144541144371,0.27799591422080994,0.12390744686126709,0.059960395097732544,0.1580084264278412,0.1467818021774292,0.034833937883377075,0.39280539751052856,0.14304529130458832,0.0133927371352911,0.01599750854074955,0.01980476826429367,0.18547090888023376,0.22120438516139984,0.08502289652824402,0.21021486818790436,0.12259675562381744,0.17055396735668182,0.04993372783064842,0.19901402294635773,0.2052275836467743,0.15778449177742004,0.0958440899848938
AJ244,0.172413793,0.0,0.344827586,0.275862069,0.413793103,0.034482759,0.827586207,0.24137931,1.310344828,0.068965517,0.517241379,0.517241379,0.103448276,1.965517241,0.482758621,0.24137931,1.103448276,0.137931034,0.0,0.172413793,0.172413793,0.0,0.310344828,0.137931034,0.137931034,0.172413793,0.0,0.0,0.0,0.172413793,0.24137931,0.0,0.0,0.068965517,0.0,0.517241379,0.0,0.0,0.0,0.137931034,0.310344828,0.137931034,0.034482759,0.551724138,0.103448276,0.034482759,0.0,0.0,0.103448276,0.103448276,0.0,0.589539110660553,0.4358019232749939,0.6271741986274719,0.3296390473842621,0.28111711144447327,0.14050650596618652,0.5328273177146912,0.24688555300235748,1.269208550453186,0.1372607946395874,0.2917111814022064,0.464138925075531,0.1151435449719429,1.417230248451233,0.2707645297050476,0.27472978830337524,0.2724895477294922,0.12833212316036224,0.13995261490345,0.25408175587654114,0.2917836904525757,0.27057409286499023,0.2325638234615326,0.06569600105285645,0.058805178850889206,0.1944090574979782,0.08083347976207733,0.06742238253355026,0.11410842090845108,0.35481417179107666,0.3043147325515747,0.1387554407119751,0.19302977621555328,0.13178642094135284,0.05852361395955086,0.39941513538360596,0.14307767152786255,0.057421546429395676,0.025103038176894188,0.16939279437065125,0.20673713088035583,0.15678325295448303,0.08266343921422958,0.5257618427276611,0.42292168736457825,0.31807708740234375,0.08158423006534576,0.1929551064968109,0.22153790295124054,0.16376885771751404,0.15924881398677826
AJ449,0.366666667,0.133333333,0.066666667,0.0,0.2,0.0,0.366666667,0.1,1.5,0.1,0.366666667,0.433333333,0.1,1.533333333,0.266666667,0.266666667,0.033333333,0.0,0.0,0.066666667,0.0,0.0,0.0,0.266666667,0.0,0.333333333,0.333333333,0.166666667,0.1,1.133333333,0.866666667,0.0,0.0,0.1,0.0,0.333333333,0.066666667,0.066666667,0.0,0.0,0.2,0.233333333,0.1,0.233333333,0.166666667,0.533333333,0.133333333,0.566666667,0.3,0.066666667,0.0,0.45631173253059387,0.4080997109413147,0.5074452757835388,0.23540468513965607,0.39496541023254395,0.16202625632286072,0.4079590141773224,0.3083580434322357,1.1632788181304932,0.24111372232437134,0.23383639752864838,0.32070109248161316,0.09922278672456741,1.2734837532043457,0.3510082960128784,0.2545923590660095,0.35459086298942566,0.19050589203834534,0.1750544160604477,0.22341011464595795,0.2891199290752411,0.21592403948307037,0.2563123404979706,0.11482767015695572,0.058805178850889206,0.3689020574092865,0.12844671308994293,0.06840025633573532,0.2918050289154053,0.3692062497138977,0.1805942952632904,0.10230455547571182,0.11858249455690384,0.18257148563861847,0.0686921551823616,0.5023550391197205,0.14162695407867432,0.059803497046232224,0.05272641032934189,0.12481261044740677,0.1879267394542694,0.1783306896686554,0.08255361020565033,0.5361084938049316,0.3599870204925537,0.32324957847595215,0.11405599117279053,0.2648311257362366,0.22407573461532593,0.1811940222978592,0.1303255558013916
AK010,0.3,0.0,0.366666667,0.0,0.0,0.566666667,0.4,0.4,1.166666667,3.5,0.533333333,0.3,0.0,2.066666667,0.166666667,0.3,0.133333333,0.0,0.0,0.0,0.2,0.0,0.0,0.0,0.0,0.066666667,0.0,0.0,0.0,0.7,0.133333333,0.0,0.0,0.0,0.0,0.166666667,0.233333333,0.0,0.0,0.0,0.066666667,0.0,0.0,0.4,0.1,0.4,0.0,0.1,0.0,0.0,0.2,0.41618871688842773,0.06116065755486488,0.4567757844924927,0.04009770229458809,0.34736722707748413,0.13297462463378906,0.3530617952346802,0.2395179271697998,0.570435643196106,0.10188301652669907,0.11558596789836884,0.09914293885231018,0.04598476365208626,0.79527747631073,0.34506216645240784,0.21603763103485107,0.18986830115318298,0.25579389929771423,0.12367141246795654,0.2503806948661804,0.24706123769283295,0.09557737410068512,0.21722285449504852,0.07794436067342758,0.05911507457494736,0.23699238896369934,0.09429585188627243,0.07331505417823792,0.1279144138097763,0.4048992097377777,0.20902983844280243,0.04903697595000267,0.1518043577671051,0.22577738761901855,0.04988960176706314,0.5551959872245789,0.1452742964029312,0.08666171133518219,0.022839035838842392,0.1715526282787323,0.1972392350435257,0.1427307277917862,0.09645989537239075,0.16040979325771332,0.14656198024749756,0.3231503665447235,0.13503654301166534,0.28355836868286133,0.22519730031490326,0.15450328588485718,0.11276514828205109
AK113,0.3,0.0,0.366666667,0.1,0.0,0.233333333,0.166666667,0.133333333,0.666666667,3.066666667,0.2,0.0,0.0,1.833333333,0.766666667,0.666666667,0.133333333,0.0,0.0,0.1,0.5,0.0,0.1,0.0,0.0,0.233333333,0.0,0.366666667,0.333333333,0.2,0.233333333,0.0,0.0,0.0,0.0,0.0,0.266666667,0.0,0.0,0.066666667,0.0,0.0,0.0,0.466666667,0.1,0.6,0.0,0.233333333,0.0,0.0,0.133333333,0.4600531756877899,0.07390515506267548,0.4641786217689514,0.022751042619347572,0.3208545446395874,0.14104004204273224,0.3016623556613922,0.23364223539829254,0.5382577180862427,0.18996503949165344,0.11914397776126862,0.08029884099960327,0.036954931914806366,1.0516382455825806,0.3251338005065918,0.24543625116348267,0.21192634105682373,0.18280823528766632,0.12152289599180222,0.2385677993297577,0.2757662236690521,0.05965803563594818,0.23121985793113708,0.07202199101448059,0.059047408401966095,0.22802889347076416,0.08843555301427841,0.07181850075721741,0.06461217999458313,0.41808006167411804,0.22848045825958252,0.03419390693306923,0.06724526733160019,0.1739320009946823,0.046502117067575455,0.5398288369178772,0.14689025282859802,0.09825500845909119,0.02127675712108612,0.12603922188282013,0.19128617644309998,0.14876292645931244,0.08947030454874039,0.16458061337471008,0.12153766304254532,0.4750443994998932,0.10443843901157379,0.3285866975784302,0.2176927924156189,0.16048173606395721,0.12969191372394562
AK135,0.433333333,0.1,0.433333333,0.0,0.166666667,0.5,0.666666667,0.566666667,0.666666667,1.4,0.1,0.066666667,0.0,1.1,0.0,0.066666667,0.066666667,0.133333333,0.0,0.166666667,0.1,0.0,0.0,0.0,0.0,0.1,0.0,0.0,0.066666667,0.233333333,0.166666667,0.0,0.0,0.1,0.033333333,0.566666667,0.266666667,0.0,0.0,0.0,0.033333333,0.166666667,0.0,0.466666667,0.0,0.466666667,0.833333333,0.433333333,0.3,0.366666667,0.333333333,0.3861977756023407,0.09890560805797577,0.3562200665473938,0.038982316851615906,0.33852532505989075,0.08281473070383072,0.34891802072525024,0.25294560194015503,0.8900072574615479,0.1737372726202011,0.25198060274124146,0.19665220379829407,0.04664589837193489,1.4094700813293457,0.38306480646133423,0.2692151963710785,0.1962665170431137,0.126637265086174,0.0889575183391571,0.249128058552742,0.30570483207702637,0.06520231068134308,0.23125211894512177,0.15094949305057526,0.06108790263533592,0.17979294061660767,0.13575561344623566,0.07786349952220917,0.22180406749248505,0.33061811327934265,0.31552356481552124,0.005202032625675201,0.04502631723880768,0.17297464609146118,0.05166174843907356,0.45521804690361023,0.14356906712055206,0.0787607878446579,0.03078405372798443,0.1089361160993576,0.18540814518928528,0.13674363493919373,0.09368125349283218,0.18719570338726044,0.17230892181396484,0.30084097385406494,0.10387500375509262,0.42771241068840027,0.2072610706090927,0.15226507186889648,0.1008283719420433
AK361,0.366666667,0.0,0.4,0.0,0.166666667,0.066666667,0.766666667,0.1,0.7,0.866666667,0.066666667,0.133333333,0.2,1.833333333,0.6,1.333333333,0.266666667,0.166666667,0.366666667,0.3,1.0,0.133333333,0.433333333,0.1,0.0,0.3,0.033333333,0.3,0.433333333,0.333333333,0.2,0.0,0.0,0.133333333,0.0,0.7,0.1,0.0,0.0,0.0,0.0,0.0,0.0,0.1,0.0,0.1,0.133333333,0.166666667,0.0,0.066666667,0.166666667,0.4855269491672516,0.11301202327013016,0.5395270586013794,0.09999632835388184,0.4045070707798004,0.16323807835578918,0.5308186411857605,0.23180361092090607,0.728638768196106,0.11998844146728516,0.23100288212299347,0.15249203145503998,0.05263063311576843,1.0862033367156982,0.28685376048088074,0.2619541883468628,0.1990109086036682,0.16625966131687164,0.08320967853069305,0.3052588701248169,0.33327415585517883,0.10453947633504868,0.23288007080554962,0.09241767227649689,0.06031987816095352,0.212819442152977,0.09330198168754578,0.07247047126293182,0.06845184415578842,0.2713608741760254,0.23293770849704742,0.03412250801920891,0.07912169396877289,0.23195822536945343,0.04846065118908882,0.6195395588874817,0.14335320889949799,0.056913234293460846,0.021107980981469154,0.0918971449136734,0.1851189136505127,0.14753812551498413,0.09273234754800797,0.1320810765028,0.14946267008781433,0.2881242632865906,0.13244964182376862,0.40942028164863586,0.2217983901500702,0.1552238166332245,0.0953805223107338
AK366,0.566666667,0.0,0.433333333,0.0,0.133333333,0.1,0.433333333,0.333333333,1.533333333,0.366666667,0.2,0.4,0.0,1.733333333,0.333333333,0.3,0.433333333,0.033333333,0.033333333,0.1,0.1,0.0,0.566666667,0.233333333,0.066666667,0.2,0.0,0.133333333,0.0,0.3,0.4,0.0,0.1,0.166666667,0.0,0.233333333,0.1,0.0,0.0,0.0,0.1,0.333333333,0.066666667,0.3,0.2,0.8,0.333333333,0.733333333,0.3,0.0,0.133333333,0.43317580223083496,0.11511377990245819,0.5192255973815918,0.04305223003029823,0.38639065623283386,0.1248898059129715,0.33500543236732483,0.2394087314605713,0.6815475225448608,0.0813445895910263,0.12188878655433655,0.07975234091281891,0.036677341908216476,1.1699855327606201,0.38220128417015076,0.24903087317943573,0.22676730155944824,0.13905812799930573,0.09692014008760452,0.27145832777023315,0.2998673915863037,0.07382997125387192,0.23630653321743011,0.1343258023262024,0.06023208424448967,0.19265428185462952,0.11329632252454758,0.07685968279838562,0.11562451720237732,0.3223573863506317,0.1719261258840561,0.04930944740772247,0.04354854300618172,0.1631588637828827,0.0744660496711731,0.45557305216789246,0.14528484642505646,0.06547827273607254,0.021566670387983322,0.17332682013511658,0.17799676954746246,0.15016813576221466,0.08601982146501541,0.19023625552654266,0.1515098214149475,0.35114994645118713,0.11900047957897186,0.4438648521900177,0.22308389842510223,0.15621088445186615,0.10862655937671661
AK432,0.566666667,0.0,0.366666667,0.1,0.1,0.466666667,0.4,0.3,1.1,3.8,0.7,0.1,0.0,2.566666667,0.133333333,0.266666667,0.0,0.0,0.0,0.0,0.133333333,0.0,0.0,0.0,0.066666667,0.133333333,0.066666667,0.0,0.0,0.5,0.066666667,0.0,0.0,0.133333333,0.0,0.0,0.0,0.0,0.0,0.0,0.0,0.0,0.033333333,0.133333333,0.1,0.1,0.1,0.1,0.133333333,0.166666667,0.166666667,0.5667988061904907,0.12859228253364563,0.5189453363418579,0.03091290593147278,0.30312398076057434,0.1148425042629242,0.3772573173046112,0.19862894713878632,0.8380794525146484,0.13354036211967468,0.19780904054641724,0.15314339101314545,0.04662249982357025,1.155749797821045,0.29362112283706665,0.22284254431724548,0.20750494301319122,0.11422714591026306,0.07089690864086151,0.2438049614429474,0.2394568920135498,0.07337680459022522,0.215855672955513,0.15710432827472687,0.05944652482867241,0.20058269798755646,0.08288214355707169,0.07764598727226257,0.12655003368854523,0.3297332525253296,0.2894638478755951,0.10730335861444473,0.16133613884449005,0.16363848745822906,0.07453504949808121,0.4689713418483734,0.1385115385055542,0.02240503765642643,0.027671707794070244,0.16643795371055603,0.18063165247440338,0.14491549134254456,0.08683666586875916,0.1427665650844574,0.23806560039520264,0.3094218969345093,0.08116244524717331,0.16942498087882996,0.20154976844787598,0.17664557695388794,0.13235174119472504
AK697,0.666666667,0.1,0.433333333,0.266666667,0.0,0.366666667,0.633333333,0.1,1.066666667,2.7,0.533333333,0.2,0.133333333,1.8,0.1,0.1,0.133333333,0.0,0.0,0.1,0.0,0.0,0.066666667,0.0,0.0,0.066666667,0.0,0.0,0.0,0.966666667,0.366666667,0.1,0.3,0.0,0.0,0.033333333,0.266666667,0.0,0.0,0.0,0.0,0.0,0.0,0.2,0.166666667,0.8,0.133333333,1.066666667,0.066666667,0.0,0.266666667,0.4039350152015686,0.04965261369943619,0.4134795665740967,0.10228037089109421,0.3151836395263672,0.09933316707611084,0.33531278371810913,0.24673642218112946,0.6035683751106262,0.1148255467414856,0.12738727033138275,0.13184459507465363,0.050042614340782166,1.1837897300720215,0.36101269721984863,0.25381219387054443,0.1956302523612976,0.12420263886451721,0.09830090403556824,0.2556142807006836,0.20590752363204956,0.07456884533166885,0.21768943965435028,0.0910748690366745,0.06108790263533592,0.2101222425699234,0.10918443650007248,0.0761360451579094,0.1381559669971466,0.43934166431427,0.32983630895614624,0.06416831910610199,0.07428879290819168,0.12750503420829773,0.06717181205749512,0.4438380300998688,0.14662311971187592,0.09937924146652222,0.03197266533970833,0.18941378593444824,0.18499639630317688,0.1345924437046051,0.09070485085248947,0.18123850226402283,0.1960383504629135,0.5855432152748108,0.11675848066806793,0.6334261894226074,0.21790246665477753,0.15982800722122192,0.12533532083034515
AK723,0.366666667,0.066666667,0.066666667,0.0,0.066666667,0.0,0.166666667,0.166666667,1.233333333,0.2,0.4,0.033333333,0.1,2.5,1.2,1.266666667,1.166666667,0.133333333,0.066666667,0.333333333,0.9,0.0,0.633333333,0.2,0.1,0.366666667,0.4,0.633333333,0.2,0.466666667,0.0,0.0,0.0,0.0,0.0,0.0,0.066666667,0.0,0.0,0.0,0.0,0.133333333,0.0,0.0,0.0,0.5,0.0,0.3,0.166666667,0.0,0.133333333,0.388695627450943,0.10345418751239777,0.4270053207874298,0.10003089904785156,0.3008202612400055,0.08537931740283966,0.3714433014392853,0.22894901037216187,0.6814603805541992,0.22360903024673462,0.15571840107440948,0.169302299618721,0.0773603618144989,1.0964843034744263,0.35719412565231323,0.2595416307449341,0.21922515332698822,0.12978504598140717,0.09429854899644852,0.2414868324995041,0.27112963795661926,0.09265870600938797,0.23015856742858887,0.1378178596496582,0.06026661768555641,0.22162774205207825,0.12088286131620407,0.0794890969991684,0.24949264526367188,0.3864208161830902,0.22902649641036987,0.05764355883002281,0.12051235884428024,0.14615854620933533,0.06987934559583664,0.5218421816825867,0.14523102343082428,0.10568560659885406,0.04038262367248535,0.24872228503227234,0.18120905756950378,0.1442202627658844,0.0920228511095047,0.20199279487133026,0.19540910422801971,0.43293365836143494,0.09224541485309601,0.5086967945098877,0.2232780009508133,0.1522621512413025,0.12180455029010773
AK814,0.4,0.0,0.6,0.0,0.266666667,0.233333333,0.933333333,0.366666667,1.8,0.5,0.166666667,0.333333333,0.033333333,1.6,0.133333333,0.166666667,0.066666667,0.0,0.0,0.0,0.0,0.0,0.4,0.0,0.0,0.433333333,0.0,0.0,0.0,0.133333333,0.233333333,0.0,0.0,0.166666667,0.0,0.733333333,0.1,0.0,0.0,0.0,0.1,0.233333333,0.0,0.266666667,0.0,0.4,0.266666667,0.133333333,0.666666667,0.4,0.166666667,0.3597756028175354,0.15092246234416962,0.46039479970932007,0.13643091917037964,0.36549022793769836,0.1289360225200653,0.5226854681968689,0.26242271065711975,1.0610216856002808,0.15059655904769897,0.29383671283721924,0.3615369498729706,0.074752576649189,1.235883116722107,0.295908123254776,0.2683933675289154,0.20597712695598602,0.12940707802772522,0.06364874541759491,0.19325393438339233,0.22594407200813293,0.04560457915067673,0.21318480372428894,0.09348979592323303,0.059383705258369446,0.24535782635211945,0.09240652620792389,0.07119788974523544,0.10230433940887451,0.2960544526576996,0.27107417583465576,0.012701023370027542,0.03316030651330948,0.1191982701420784,0.026484914124011993,0.4565771222114563,0.14531908929347992,0.038042254745960236,0.034244876354932785,0.06947939842939377,0.18014203011989594,0.18697959184646606,0.0860222652554512,0.21453149616718292,0.19753549993038177,0.35699662566185,0.16530819237232208,0.5676023960113525,0.23886676132678986,0.16564086079597473,0.10688276588916779
AK971,0.2,0.0,0.266666667,0.133333333,0.233333333,0.033333333,0.366666667,0.266666667,0.4,0.066666667,0.0,0.0,0.0,0.9,0.2,0.166666667,0.066666667,0.0,0.0,0.1,0.133333333,0.0,0.4,0.0,0.066666667,0.3,0.233333333,0.066666667,0.8,0.233333333,0.333333333,0.0,0.0,0.366666667,0.0,1.7,0.633333333,0.0,0.1,0.466666667,0.1,0.3,0.3,0.366666667,0.1,0.466666667,0.433333333,0.4,0.166666667,0.066666667,0.1,0.41530153155326843,0.12337177991867065,0.4797258675098419,0.08789655566215515,0.40443459153175354,0.13412848114967346,0.43349185585975647,0.25235167145729065,0.8103920221328735,0.1786082535982132,0.18978850543498993,0.14542734622955322,0.05270714312791824,1.0772302150726318,0.2705164849758148,0.24159233272075653,0.22224503755569458,0.1397036463022232,0.0824178084731102,0.18863709270954132,0.2567134201526642,0.04873080179095268,0.22267888486385345,0.09645265340805054,0.059047408401966095,0.22094324231147766,0.09285689145326614,0.07024726271629333,0.11420337855815887,0.3228866457939148,0.16694055497646332,0.025415387004613876,0.0389002300798893,0.17043861746788025,0.053749699145555496,0.5247233510017395,0.14623290300369263,0.030952949076890945,0.025962602347135544,0.09681664407253265,0.1824362426996231,0.1897609531879425,0.08636566996574402,0.17641222476959229,0.17463350296020508,0.409455269575119,0.1137753501534462,0.4684751033782959,0.24060332775115967,0.1822747439146042,0.12274500727653503
AL120,0.633333333,0.0,0.666666667,2.066666667,0.633333333,0.433333333,0.433333333,0.166666667,0.366666667,0.0,0.0,0.133333333,0.0,1.7,0.233333333,0.733333333,0.533333333,0.133333333,0.0,0.5,0.966666667,0.0,0.366666667,0.0,0.0,0.066666667,0.0,0.166666667,0.0,0.033333333,0.366666667,0.0,0.0,0.1,0.0,0.3,0.133333333,0.0,0.0,0.0,0.1,0.0,0.0,0.133333333,0.3,0.2,0.0,0.0,0.2,0.0,0.166666667,0.5657731890678406,0.1066269800066948,0.570868968963623,0.24796225130558014,0.4835062623023987,0.20189765095710754,0.3563370108604431,0.23715317249298096,0.49000388383865356,0.10364529490470886,0.17537608742713928,0.08879493176937103,0.043445587158203125,1.1730749607086182,0.2763798236846924,0.2617167830467224,0.2246321588754654,0.13096369802951813,0.10354755818843842,0.31521397829055786,0.3426571488380432,0.07350648194551468,0.21895703673362732,0.06231338158249855,0.0594019889831543,0.2775546610355377,0.09991998970508575,0.0713856965303421,0.10262492299079895,0.3716181218624115,0.22589561343193054,0.03710139915347099,0.10590368509292603,0.244658425450325,0.0684480369091034,0.8503640294075012,0.14316123723983765,0.06091556325554848,0.018236083909869194,0.12075912952423096,0.1884918063879013,0.15282651782035828,0.08841464668512344,0.12235462665557861,0.1477222740650177,0.21048209071159363,0.13009220361709595,0.11685410141944885,0.23056399822235107,0.16586565971374512,0.14568668603897095
AL200,0.566666667,0.133333333,0.566666667,0.233333333,0.766666667,0.333333333,0.3,0.0,0.166666667,0.133333333,0.0,0.0,0.0,0.566666667,0.266666667,0.066666667,0.266666667,0.1,0.166666667,0.066666667,0.0,0.1,0.2,0.1,0.0,0.133333333,0.0,0.0,0.0,0.333333333,0.333333333,0.266666667,0.2,0.333333333,0.333333333,1.633333333,0.333333333,0.033333333,0.0,0.233333333,0.233333333,0.3,0.133333333,0.066666667,0.066666667,0.166666667,0.0,0.0,0.433333333,0.2,0.733333333,0.49798280000686646,0.1392812281847,0.5475345253944397,0.17660164833068848,0.4341595768928528,0.22355060279369354,0.3985447883605957,0.22470217943191528,0.47584962844848633,0.12666592001914978,0.13322743773460388,0.0797765702009201,0.03522375226020813,0.8003689050674438,0.18851938843727112,0.24036476016044617,0.18034665286540985,0.12794087827205658,0.11533097177743912,0.35573282837867737,0.34336763620376587,0.06040945649147034,0.21998123824596405,0.13589754700660706,0.059047408401966095,0.3320264220237732,0.06832371652126312,0.06978384405374527,0.09742777049541473,0.3190782368183136,0.1436120867729187,0.05197407677769661,0.11745774000883102,0.3243899345397949,0.11656670272350311,0.9143673181533813,0.15131190419197083,0.1030300185084343,0.029623664915561676,0.13664758205413818,0.20707683265209198,0.1757945865392685,0.09302133321762085,0.12459003925323486,0.10223397612571716,0.30881455540657043,0.1383449286222458,0.09450021386146545,0.24170339107513428,0.16872690618038177,0.14553271234035492
AL231,0.5,0.0,0.6,2.233333333,0.466666667,0.033333333,0.3,0.566666667,0.633333333,0.066666667,0.0,0.0,0.0,1.933333333,0.833333333,0.833333333,0.2,0.0,0.0,0.066666667,0.166666667,0.066666667,0.233333333,0.133333333,0.233333333,0.1,0.033333333,0.1,0.1,0.033333333,0.133333333,0.0,0.0,0.166666667,0.0,0.433333333,0.0,0.0,0.066666667,0.133333333,0.0,0.0,0.0,0.0,0.533333333,0.1,0.0,0.133333333,0.0,0.166666667,0.0,0.5229196548461914,0.07655926048755646,0.6502395868301392,0.2727823853492737,0.44860783219337463,0.21203505992889404,0.3397175967693329,0.18647140264511108,0.37609919905662537,0.11234632134437561,0.10526300966739655,0.05160987004637718,0.03172615170478821,0.9962955713272095,0.2575239837169647,0.25712090730667114,0.22224824130535126,0.13198083639144897,0.0860697403550148,0.2458084672689438,0.3366096019744873,0.06064986810088158,0.2024654597043991,0.04903872683644295,0.058805178850889206,0.28395649790763855,0.06842895597219467,0.06750302016735077,0.058464568108320236,0.2822604477405548,0.19824053347110748,0.05141378939151764,0.0647449791431427,0.2389637976884842,0.05988399311900139,0.909875214099884,0.14567919075489044,0.04621841758489609,0.01711578108370304,0.0823204293847084,0.1948244571685791,0.16444836556911469,0.08449149876832962,0.1134202629327774,0.1684565544128418,0.28417232632637024,0.11093108355998993,0.1966949701309204,0.2375946044921875,0.1598956435918808,0.13335929811000824
AL378,0.4,0.0,0.766666667,0.8,0.333333333,0.0,0.4,0.3,1.6,0.266666667,0.9,0.4,0.0,1.566666667,0.266666667,0.5,0.3,0.0,0.0,0.066666667,0.1,0.0,0.166666667,0.1,0.233333333,0.6,0.233333333,0.333333333,0.4,0.6,0.433333333,0.0,0.0,0.133333333,0.0,0.6,0.0,0.0,0.0,0.0,0.1,0.0,0.133333333,0.066666667,0.633333333,0.566666667,0.333333333,0.266666667,0.1,0.0,0.0,0.43139976263046265,0.07884865999221802,0.7253679633140564,0.354389488697052,0.44759225845336914,0.2641202211380005,0.39441347122192383,0.2853287160396576,0.7859993577003479,0.09656497091054916,0.204445019364357,0.1850607693195343,0.04580796882510185,1.2647100687026978,0.27908003330230713,0.27345219254493713,0.21382752060890198,0.12454354017972946,0.04830096289515495,0.23440766334533691,0.3101175129413605,0.059489309787750244,0.20947156846523285,0.04226372018456459,0.059047408401966095,0.2727605402469635,0.0694553479552269,0.06706927716732025,0.13049277663230896,0.2977026402950287,0.232916921377182,0.03193392977118492,0.06456229835748672,0.11948098987340927,0.051960885524749756,0.7143093347549438,0.14272423088550568,0.03069973550736904,0.02227284386754036,0.07388225197792053,0.18671180307865143,0.1539083868265152,0.08112484216690063,0.13117726147174835,0.16530254483222961,0.19916851818561554,0.1094968244433403,0.2801910638809204,0.2153652310371399,0.16539612412452698,0.12966153025627136
AL397,0.8,0.133333333,0.9,0.0,1.1,0.3,0.4,0.4,0.066666667,0.166666667,0.0,0.0,0.0,0.133333333,0.2,0.033333333,0.3,0.233333333,0.166666667,0.566666667,1.366666667,0.0,0.733333333,0.0,0.0,0.2,0.0,0.1,0.1,0.4,0.3,0.133333333,0.166666667,0.5,0.133333333,1.533333333,0.133333333,0.0,0.0,0.0,0.4,0.033333333,0.0,0.0,0.0,0.1,0.133333333,0.233333333,0.566666667,0.066666667,0.4,0.5289889574050903,0.05644151195883751,0.321517676115036,0.06335600465536118,0.39530569314956665,0.10680701583623886,0.15281392633914948,0.13302193582057953,0.12916871905326843,0.045344654470682144,0.06557556986808777,0.04916560277342796,0.02614353597164154,0.3634728789329529,0.12835928797721863,0.17023876309394836,0.19710668921470642,0.1580517590045929,0.1317097544670105,0.4988957941532135,0.8111734986305237,0.0774676725268364,0.5240017771720886,0.14239348471164703,0.059047408401966095,0.099453404545784,0.10965298116207123,0.11855312436819077,0.08126824349164963,0.22257846593856812,0.134698286652565,0.10252594202756882,0.10718416422605515,0.5069048404693604,0.18453246355056763,0.7828105688095093,0.16033710539340973,0.09398701041936874,0.02431042678654194,0.1535283327102661,0.19363418221473694,0.19120566546916962,0.1297479122877121,0.07258712500333786,0.06214255094528198,0.2649013102054596,0.11777704209089279,0.11111441254615784,0.21934810280799866,0.1449400782585144,0.11740520596504211
AL409,0.233333333,0.066666667,0.466666667,0.0,0.6,0.0,0.566666667,0.1,0.9,0.3,0.133333333,0.166666667,0.0,1.266666667,0.3,0.433333333,0.233333333,0.0,0.0,0.266666667,0.5,0.066666667,0.266666667,0.3,0.0,0.233333333,0.266666667,0.5,0.233333333,0.233333333,0.166666667,0.033333333,0.0,0.133333333,0.0,0.866666667,0.9,0.566666667,0.166666667,0.0,0.033333333,0.0,0.366666667,0.366666667,0.1,0.833333333,0.233333333,0.333333333,0.133333333,0.1,0.133333333,0.6678295135498047,0.07041317969560623,0.438117116689682,0.17711447179317474,0.44828855991363525,0.1516093611717224,0.36772966384887695,0.15016554296016693,0.4927869141101837,0.09448429942131042,0.10932701826095581,0.10738519579172134,0.05356897413730621,0.7044611573219299,0.19807425141334534,0.18792103230953217,0.1784285604953766,0.12823554873466492,0.07869668304920197,0.37308430671691895,0.6132240295410156,0.06934796273708344,0.31008630990982056,0.09822629392147064,0.059047408401966095,0.2997041642665863,0.09554939717054367,0.08020111918449402,0.14083880186080933,0.304098516702652,0.2101065069437027,0.08948006480932236,0.1041967049241066,0.3651716113090515,0.13188569247722626,0.9559451937675476,0.14543935656547546,0.11022330075502396,0.024280210956931114,0.31765300035476685,0.1851319521665573,0.1441144347190857,0.09524690359830856,0.08749918639659882,0.08255324512720108,0.23556941747665405,0.15541037917137146,0.10584242641925812,0.22863654792308807,0.17604483664035797,0.14042718708515167
AL417,0.4,0.0,0.733333333,0.6,0.366666667,0.266666667,0.933333333,0.3,1.666666667,0.833333333,0.8,0.3,0.166666667,2.1,0.433333333,0.566666667,0.166666667,0.066666667,0.0,0.066666667,0.133333333,0.0,0.2,0.066666667,0.133333333,0.5,0.0,0.0,0.133333333,0.2,0.066666667,0.0,0.0,0.233333333,0.0,0.566666667,0.4,0.0,0.0,0.0,0.0,0.0,0.0,0.0,0.1,0.2,0.166666667,0.1,0.0,0.233333333,0.0,0.6037160754203796,0.053113896399736404,0.5864670276641846,0.26822131872177124,0.3787778615951538,0.14413446187973022,0.3670017123222351,0.16690577566623688,0.6175422072410583,0.10579037666320801,0.1621256172657013,0.11677100509405136,0.049047842621803284,1.2593837976455688,0.23092958331108093,0.2666119933128357,0.18159566819667816,0.11345125734806061,0.09419324994087219,0.2652726173400879,0.29980239272117615,0.11592661589384079,0.23191353678703308,0.06570737063884735,0.059047408401966095,0.21253271400928497,0.08069036900997162,0.06736179441213608,0.12324129790067673,0.33691534399986267,0.3023096024990082,0.15568523108959198,0.1897916942834854,0.1966288983821869,0.07209103554487228,0.6140044927597046,0.14259931445121765,0.05923242121934891,0.028928255662322044,0.22290688753128052,0.1894654482603073,0.1386004537343979,0.08622357994318008,0.10398303717374802,0.14485043287277222,0.21231505274772644,0.10100598633289337,0.11880938708782196,0.21942327916622162,0.14998136460781097,0.1337766796350479
AL454,0.366666667,0.0,0.533333333,0.133333333,0.533333333,0.2,0.733333333,0.366666667,0.866666667,0.433333333,0.0,0.0,0.0,1.166666667,0.366666667,0.433333333,0.133333333,0.0,0.0,0.166666667,0.333333333,0.0,0.466666667,0.433333333,0.266666667,0.433333333,0.0,0.133333333,0.233333333,0.433333333,0.233333333,0.0,0.0,0.2,0.066666667,0.933333333,0.8,0.5,0.066666667,0.1,0.2,0.266666667,0.033333333,0.1,0.166666667,1.0,0.266666667,0.333333333,0.033333333,0.0,0.133333333,0.5821099877357483,0.08544706553220749,0.5716133713722229,0.1845169961452484,0.5162744522094727,0.23468823730945587,0.5961005687713623,0.24454167485237122,0.7228657007217407,0.11232030391693115,0.1562904715538025,0.12172302603721619,0.060671523213386536,0.7899576425552368,0.20797967910766602,0.215762659907341,0.18869948387145996,0.12336000055074692,0.05252582207322121,0.3155525028705597,0.4285590946674347,0.06281598657369614,0.22907309234142303,0.09485345333814621,0.059047408401966095,0.3119758367538452,0.07171887159347534,0.07249428331851959,0.048340145498514175,0.33099812269210815,0.1999656707048416,0.043791819363832474,0.14891116321086884,0.3337227404117584,0.09301109611988068,0.930596113204956,0.15053142607212067,0.13916227221488953,0.02769114449620247,0.10135284811258316,0.1940402388572693,0.155867800116539,0.08919128030538559,0.10527653992176056,0.1403607577085495,0.33707788586616516,0.14761272072792053,0.2290417104959488,0.23969121277332306,0.17095911502838135,0.143571674823761
AL538,0.433333333,0.0,0.3,0.066666667,0.333333333,0.0,0.8,0.266666667,0.366666667,0.1,0.0,0.066666667,0.0,1.066666667,0.333333333,0.233333333,0.233333333,0.1,0.066666667,0.166666667,0.133333333,0.1,0.0,0.0,0.0,0.4,0.3,0.133333333,0.9,1.233333333,0.833333333,0.0,0.166666667,0.2,0.066666667,1.133333333,0.466666667,0.0,0.066666667,0.2,0.0,0.0,0.533333333,0.1,0.0,0.733333333,0.0,0.0,0.0,0.0,0.0,0.41128915548324585,0.10952182859182358,0.4345879852771759,0.19775725901126862,0.3760639429092407,0.10122358798980713,0.37412193417549133,0.2308797389268875,0.9174501299858093,0.15782278776168823,0.27526476979255676,0.3058272898197174,0.058359988033771515,1.190932035446167,0.24571849405765533,0.2712818682193756,0.19142258167266846,0.1147204339504242,0.05052100121974945,0.19656889140605927,0.24784784018993378,0.041822344064712524,0.20670810341835022,0.07301994413137436,0.059047408401966095,0.31683963537216187,0.10191395878791809,0.07376519590616226,0.15897886455059052,0.3293132483959198,0.24208223819732666,0.02538898028433323,0.05211932212114334,0.12791186571121216,0.05231551080942154,0.6907038688659668,0.14901848137378693,0.03775232285261154,0.029734112322330475,0.045453403145074844,0.18330766260623932,0.16824661195278168,0.08881569653749466,0.10253220796585083,0.10893972963094711,0.15155889093875885,0.07653964310884476,0.1761762797832489,0.22485411167144775,0.17406073212623596,0.12827804684638977
AL679,0.233333333,0.066666667,0.433333333,0.1,0.366666667,0.333333333,0.366666667,0.066666667,0.333333333,0.933333333,0.0,0.1,0.0,0.666666667,0.0,0.2,0.033333333,0.0,0.133333333,0.0,0.133333333,0.0,0.033333333,0.0,0.0,0.166666667,0.0,0.0,0.0,0.4,0.133333333,0.1,0.333333333,0.033333333,0.1,0.766666667,1.166666667,1.166666667,0.2,0.6,0.2,0.0,0.566666667,0.233333333,0.1,0.666666667,0.4,0.133333333,0.1,0.233333333,0.1,0.5229084491729736,0.06853806227445602,0.49160099029541016,0.13289311528205872,0.3428194224834442,0.16265657544136047,0.42079824209213257,0.1428832858800888,0.539511501789093,0.1345081925392151,0.119533970952034,0.09850655496120453,0.042456336319446564,0.5437384843826294,0.16357293725013733,0.18084478378295898,0.1801215410232544,0.12039446085691452,0.11428014189004898,0.27783703804016113,0.268058717250824,0.07100930064916611,0.20156967639923096,0.07525612413883209,0.058805178850889206,0.22752240300178528,0.06615813076496124,0.06568732112646103,0.11012710630893707,0.37245312333106995,0.19398866593837738,0.11716243624687195,0.12973295152187347,0.3343016803264618,0.11608025431632996,0.9065930247306824,0.15317784249782562,0.21394607424736023,0.030738646164536476,0.24490100145339966,0.19063299894332886,0.163153737783432,0.09622244536876678,0.10386232286691666,0.12228906154632568,0.28502848744392395,0.13747838139533997,0.08154705166816711,0.24404999613761902,0.18011048436164856,0.18144328892230988
AL694,0.266666667,0.133333333,0.533333333,0.266666667,0.3,0.433333333,1.066666667,0.066666667,1.566666667,0.8,0.933333333,0.533333333,0.166666667,1.6,0.133333333,0.5,0.233333333,0.133333333,0.0,0.033333333,0.033333333,0.0,0.233333333,0.066666667,0.0,0.4,0.0,0.0,0.233333333,0.1,0.366666667,0.0,0.0,0.266666667,0.0,0.5,0.333333333,0.0,0.0,0.0,0.066666667,0.133333333,0.0,0.0,0.0,0.233333333,0.133333333,0.266666667,0.266666667,0.133333333,0.0,0.5331081748008728,0.1128055527806282,0.5298166275024414,0.16019581258296967,0.4380238950252533,0.22005417943000793,0.4140748381614685,0.25223684310913086,0.8793607950210571,0.13232487440109253,0.22466012835502625,0.16616913676261902,0.04246504604816437,1.117884874343872,0.20862102508544922,0.26590996980667114,0.19860661029815674,0.127349853515625,0.04941670224070549,0.2980319559574127,0.42882582545280457,0.056393127888441086,0.27416372299194336,0.11035338044166565,0.059047408401966095,0.20573504269123077,0.07494410127401352,0.07313017547130585,0.06251518428325653,0.31337010860443115,0.18689197301864624,0.023247340694069862,0.05020011588931084,0.1653004288673401,0.06784448772668839,0.6369591951370239,0.14801685512065887,0.0296520683914423,0.022907361388206482,0.0705525279045105,0.18299216032028198,0.16072317957878113,0.07886165380477905,0.09820985049009323,0.14654478430747986,0.16448095440864563,0.09546487033367157,0.28177934885025024,0.24035699665546417,0.16251249611377716,0.10772938281297684
AL822,1.566666667,0.033333333,0.8,0.0,0.433333333,0.433333333,1.133333333,0.166666667,0.633333333,0.933333333,0.0,0.0,0.0,0.866666667,0.066666667,0.2,0.0,0.033333333,0.0,0.366666667,0.333333333,0.0,0.066666667,0.0,0.066666667,0.0,0.0,0.0,0.0,0.233333333,0.066666667,0.0,0.1,0.166666667,0.0,0.633333333,0.3,0.033333333,0.0,0.0,0.0,0.066666667,0.0,0.066666667,0.166666667,0.166666667,0.366666667,0.0,0.1,0.366666667,0.133333333,0.8399212956428528,0.27117079496383667,0.5200966596603394,0.11650457978248596,0.4429022967815399,0.24564918875694275,0.328330397605896,0.2027728259563446,0.5455434918403625,0.1173245757818222,0.17339929938316345,0.1264156997203827,0.04269155487418175,0.9986029863357544,0.21298518776893616,0.25779861211776733,0.193320170044899,0.11914777010679245,0.06861859560012817,0.23244628310203552,0.2791158854961395,0.09606374800205231,0.2228958159685135,0.0693153664469719,0.059047408401966095,0.22994698584079742,0.07211905717849731,0.06630168110132217,0.07042981684207916,0.32501041889190674,0.18415400385856628,0.10961803048849106,0.11415994167327881,0.22589397430419922,0.06490276753902435,0.7363536953926086,0.1483636200428009,0.07621683925390244,0.01954967901110649,0.10142982751131058,0.18791325390338898,0.1553955376148224,0.08709430694580078,0.11837556958198547,0.1793794333934784,0.17497986555099487,0.12918592989444733,0.1037907749414444,0.23824524879455566,0.16895486414432526,0.148284450173378
AL933,0.4,0.0,0.566666667,0.133333333,0.233333333,0.133333333,0.933333333,0.1,1.1,1.233333333,0.066666667,0.3,0.0,1.0,0.266666667,0.233333333,0.0,0.0,0.0,0.066666667,0.166666667,0.0,0.2,0.133333333,0.0,0.333333333,0.066666667,0.0,0.2,0.566666667,0.433333333,0.0,0.0,0.333333333,0.166666667,0.733333333,0.533333333,0.0,0.2,0.133333333,0.066666667,0.2,0.133333333,0.266666667,0.133333333,0.3,0.233333333,0.266666667,0.3,0.266666667,0.066666667,0.4774051904678345,0.29096677899360657,0.6279156804084778,0.30604276061058044,0.4491337239742279,0.1521928757429123,0.4600752890110016,0.2453182339668274,0.7499979734420776,0.1099446713924408,0.1578810065984726,0.13843275606632233,0.03577619791030884,1.2899857759475708,0.23847265541553497,0.2587335407733917,0.19578903913497925,0.12494813650846481,0.04466431215405464,0.19414304196834564,0.2506445646286011,0.05341793969273567,0.1897622048854828,0.027809886261820793,0.058805178850889206,0.20946455001831055,0.07355756312608719,0.06619394570589066,0.04090183600783348,0.33273231983184814,0.23268797993659973,0.004669794347137213,0.04552313685417175,0.1567326784133911,0.043516796082258224,0.5478077530860901,0.13935412466526031,0.010743110440671444,0.018385309725999832,0.0728687047958374,0.17839691042900085,0.18553945422172546,0.0763603150844574,0.09321430325508118,0.2382194697856903,0.2661901116371155,0.09982950240373611,0.18630582094192505,0.23053382337093353,0.17358383536338806,0.14539839327335358
AL944,0.833333333,0.166666667,0.7,0.9,0.466666667,0.5,0.433333333,0.033333333,0.266666667,1.066666667,0.133333333,0.0,0.0,0.533333333,0.033333333,0.1,0.2,0.0,0.033333333,0.133333333,0.233333333,0.0,0.166666667,0.066666667,0.0,0.1,0.0,0.0,0.0,0.3,0.266666667,0.0,0.0,0.233333333,0.133333333,0.666666667,0.633333333,0.333333333,0.2,0.333333333,0.233333333,0.0,0.1,0.333333333,0.2,0.133333333,0.0,0.066666667,0.1,0.066666667,0.133333333,0.7272791862487793,0.21287038922309875,0.797488272190094,0.21278060972690582,0.4932546317577362,0.24688415229320526,0.3500203490257263,0.1954890489578247,0.3855521082878113,0.10406440496444702,0.11498969793319702,0.0817614495754242,0.02932143583893776,0.5128543376922607,0.15881526470184326,0.19083668291568756,0.18537557125091553,0.12738953530788422,0.10920772701501846,0.24095261096954346,0.36218228936195374,0.07300212979316711,0.2446208894252777,0.06174328178167343,0.0594019889831543,0.21862688660621643,0.06688254326581955,0.06721629202365875,0.09980446845293045,0.3636139929294586,0.24632294476032257,0.12411023676395416,0.10850200802087784,0.24572288990020752,0.12301041185855865,0.8346617221832275,0.14397205412387848,0.08144118636846542,0.021967660635709763,0.10375789552927017,0.18971794843673706,0.14455892145633698,0.08689530193805695,0.08061987906694412,0.17034472525119781,0.19309403002262115,0.14310747385025024,0.05089480057358742,0.2259376496076584,0.16276150941848755,0.18296295404434204
AL973,1.3,0.0,0.433333333,0.1,0.033333333,0.1,0.4,0.2,0.766666667,0.0,0.133333333,0.0,0.0,0.666666667,0.133333333,0.133333333,0.0,0.0,0.066666667,0.0,0.066666667,0.1,0.5,0.0,0.0,0.5,0.133333333,0.0,0.066666667,0.166666667,0.1,0.166666667,0.033333333,0.433333333,0.1,1.433333333,0.666666667,0.366666667,0.1,0.666666667,0.5,0.366666667,0.533333333,0.166666667,0.066666667,0.333333333,0.133333333,0.0,0.4,0.233333333,0.433333333,0.723954439163208,0.1815677136182785,0.5651753544807434,0.14181877672672272,0.4332091510295868,0.15099985897541046,0.3357062041759491,0.2241535782814026,0.4379592537879944,0.11449077725410461,0.11416500806808472,0.09681431949138641,0.027270440012216568,0.5099672079086304,0.1607641577720642,0.18479345738887787,0.20605924725532532,0.12773869931697845,0.09190838783979416,0.388192355632782,0.5410575866699219,0.09148203581571579,0.36705926060676575,0.10243198275566101,0.059047408401966095,0.1997961550951004,0.07209214568138123,0.07464317977428436,0.1291133165359497,0.2910195589065552,0.19281545281410217,0.03730989247560501,0.080887071788311,0.3694166839122772,0.17398081719875336,0.7071667313575745,0.15774765610694885,0.10268932580947876,0.03139415755867958,0.20528915524482727,0.18504159152507782,0.17134533822536469,0.08492729067802429,0.08800437301397324,0.11461757868528366,0.23309534788131714,0.0969080999493599,0.04717626795172691,0.24158835411071777,0.1799243837594986,0.1430649757385254
AM414,0.766666667,0.0,1.533333333,0.333333333,1.033333333,0.866666667,0.866666667,0.266666667,0.633333333,0.4,0.433333333,0.0,0.166666667,0.866666667,0.066666667,0.166666667,0.233333333,0.0,0.033333333,0.0,0.0,0.0,0.0,0.0,0.0,0.0,0.0,0.0,0.0,0.2,0.433333333,0.066666667,0.333333333,0.4,0.033333333,0.833333333,0.133333333,0.0,0.1,0.066666667,0.033333333,0.066666667,0.133333333,0.033333333,0.5,0.733333333,0.166666667,0.333333333,0.0,0.133333333,0.433333333,0.4625611901283264,0.0988667756319046,0.6729811429977417,0.2867056727409363,0.36576196551322937,0.23884928226470947,0.47676435112953186,0.23866109549999237,0.3918548822402954,0.11462240666151047,0.20902690291404724,0.16996470093727112,0.0799551010131836,1.098899483680725,0.24528834223747253,0.29044854640960693,0.1989244818687439,0.11197420954704285,0.03891235962510109,0.2600022852420807,0.2685941755771637,0.060188304632902145,0.21432192623615265,0.04877840355038643,0.06031987816095352,0.0985368937253952,0.08847392350435257,0.06992895901203156,0.09384839981794357,0.2399832159280777,0.27010849118232727,0.16519980132579803,0.20435687899589539,0.13962773978710175,0.07461116462945938,0.6618503332138062,0.14320498704910278,0.05655790865421295,0.02576308511197567,0.10417934507131577,0.1820489466190338,0.12907250225543976,0.08062954992055893,0.09392377734184265,0.22207430005073547,0.21823252737522125,0.08447465300559998,0.13448446989059448,0.20411071181297302,0.14597590267658234,0.11947264522314072
AM435,0.4,0.0,1.1,1.433333333,0.833333333,0.433333333,0.2,0.566666667,0.833333333,0.2,0.166666667,0.066666667,0.0,1.466666667,0.433333333,0.633333333,0.433333333,0.166666667,0.1,0.2,0.0,0.066666667,0.166666667,0.066666667,0.0,0.0,0.0,0.0,0.0,0.3,0.3,0.2,0.166666667,0.233333333,0.0,0.733333333,0.033333333,0.0,0.0,0.0,0.533333333,0.066666667,0.0,0.266666667,0.933333333,0.666666667,0.133333333,0.566666667,0.166666667,0.2,0.166666667,0.45372775197029114,0.11080443859100342,0.7809973955154419,0.5929086804389954,0.5026847720146179,0.34946560859680176,0.5973615050315857,0.3503190577030182,0.7474841475486755,0.10976853221654892,0.26040634512901306,0.25031158328056335,0.08980478346347809,1.3456388711929321,0.27204665541648865,0.2890719771385193,0.2107071429491043,0.16158339381217957,0.048260241746902466,0.2384013831615448,0.2661897838115692,0.044495172798633575,0.18181340396404266,0.048298273235559464,0.06031987816095352,0.13327889144420624,0.0693705752491951,0.06746430695056915,0.024228377267718315,0.1836339682340622,0.213932067155838,0.04839605838060379,0.27221426367759705,0.08243566006422043,0.051706090569496155,0.5703105926513672,0.1388349086046219,0.016590217128396034,0.01868082396686077,0.02277590148150921,0.18265408277511597,0.1507677286863327,0.07481253147125244,0.15334613621234894,0.31631597876548767,0.2045678198337555,0.15785802900791168,0.1388130933046341,0.20598344504833221,0.14688588678836823,0.09530249983072281
AM571,0.433333333,0.2,0.7,1.633333333,0.433333333,0.333333333,1.3,0.733333333,0.4,0.1,0.0,0.066666667,0.0,0.966666667,0.1,0.233333333,0.2,0.0,0.033333333,0.166666667,0.166666667,0.0,0.0,0.0,0.033333333,0.066666667,0.0,0.0,0.0,0.066666667,0.0,0.0,0.0,0.133333333,0.0,0.6,0.0,0.0,0.0,0.0,0.0,0.0,0.133333333,0.7,0.933333333,0.333333333,0.166666667,0.4,0.0,0.233333333,0.066666667,0.431583970785141,0.060443215072155,0.6496660709381104,0.2803536057472229,0.39919018745422363,0.18509021401405334,0.22933794558048248,0.2653167247772217,0.2256801426410675,0.04640521481633186,0.07349351793527603,0.06539560854434967,0.02120358496904373,0.6024575233459473,0.15591353178024292,0.19635958969593048,0.20057013630867004,0.13106976449489594,0.06063554808497429,0.2955225110054016,0.295534610748291,0.0579829178750515,0.18225838243961334,0.021178530529141426,0.058805178850889206,0.08523659408092499,0.06766889244318008,0.064994215965271,0.015359663404524326,0.0917351096868515,0.09258758276700974,0.01470580231398344,0.05288836732506752,0.1403409093618393,0.04175357520580292,0.612680971622467,0.14922501146793365,0.016278281807899475,0.01699608564376831,0.03366519883275032,0.19266082346439362,0.138038769364357,0.07858820259571075,0.382860004901886,0.3799218535423279,0.2516847848892212,0.12706157565116882,0.3562285900115967,0.2006491720676422,0.1450505256652832,0.0962914451956749
AN176,0.766666667,0.266666667,0.4,0.266666667,0.9,0.2,0.5,0.5,0.933333333,0.333333333,0.1,0.266666667,0.0,1.7,0.5,0.5,0.566666667,0.333333333,0.1,0.0,0.0,0.0,0.133333333,0.1,0.0,0.433333333,0.133333333,0.0,0.0,0.133333333,0.1,0.0,0.0,0.133333333,0.066666667,0.466666667,0.0,0.0,0.0,0.0,0.366666667,0.133333333,0.0,0.1,0.066666667,0.066666667,0.0,0.533333333,0.366666667,0.0,0.1,0.34941545128822327,0.04190961644053459,0.4904521107673645,0.2795279026031494,0.31530219316482544,0.11265545338392258,0.21069949865341187,0.2867791950702667,0.6510449647903442,0.11159893125295639,0.10533393919467926,0.2118767350912094,0.04154989495873451,1.3547582626342773,0.5045765042304993,0.38005897402763367,0.25874021649360657,0.1620488166809082,0.060482949018478394,0.269437700510025,0.28463780879974365,0.07291408628225327,0.23459413647651672,0.07071643322706223,0.05973639711737633,0.15867048501968384,0.10449196398258209,0.08488386124372482,0.05340198799967766,0.30248352885246277,0.28987202048301697,0.07847458124160767,0.14776913821697235,0.14809973537921906,0.020875662565231323,0.36406201124191284,0.14386440813541412,0.03376953303813934,0.025739291682839394,0.09034230560064316,0.17916187644004822,0.12972676753997803,0.07287263870239258,0.3418303430080414,0.3272097110748291,0.4613002836704254,0.08210444450378418,0.6254355907440186,0.22062097489833832,0.13253024220466614,0.08376806229352951
AO060,0.5,0.0,0.833333333,0.1,1.166666667,0.433333333,0.2,0.366666667,0.266666667,0.033333333,0.0,0.0,0.0,0.6,0.266666667,0.2,0.4,0.3,0.066666667,0.433333333,0.8,0.0,0.733333333,0.0,0.0,0.066666667,0.0,0.0,0.0,0.266666667,0.133333333,0.066666667,0.0,0.933333333,0.0,1.366666667,0.233333333,0.0,0.033333333,0.366666667,0.333333333,0.266666667,0.0,0.3,0.2,0.166666667,0.233333333,0.2,0.733333333,0.733333333,0.0,0.45878738164901733,0.05987374484539032,0.4674127399921417,0.04949357360601425,0.3803876042366028,0.13712364435195923,0.3207702040672302,0.21928007900714874,0.38673165440559387,0.061342451721429825,0.08913174271583557,0.07215256243944168,0.026476962491869926,0.9489009976387024,0.3512830138206482,0.24657359719276428,0.22110921144485474,0.14243578910827637,0.07264545559883118,0.4241865575313568,0.43960168957710266,0.08043438196182251,0.24591055512428284,0.147196963429451,0.059322260320186615,0.2115241438150406,0.08571580052375793,0.0720331147313118,0.12944290041923523,0.29836660623550415,0.1760084182024002,0.0373365692794323,0.07421548664569855,0.3020787835121155,0.08166263997554779,0.7235668897628784,0.14087636768817902,0.055657967925071716,0.01792413927614689,0.09827535599470139,0.18302811682224274,0.14968381822109222,0.08816993236541748,0.1268533617258072,0.1338026374578476,0.28739169239997864,0.11277027428150177,0.27763453125953674,0.196966752409935,0.1453947126865387,0.10691949725151062
AO074,0.633333333,0.0,0.8,0.566666667,0.5,0.233333333,0.433333333,0.566666667,0.533333333,0.066666667,0.1,0.233333333,0.0,1.0,0.266666667,0.2,0.133333333,0.033333333,0.066666667,1.2,1.933333333,0.133333333,1.066666667,0.0,0.066666667,0.066666667,0.133333333,0.066666667,0.166666667,0.2,0.0,0.0,0.0,0.433333333,0.0,0.966666667,0.166666667,0.0,0.0,0.133333333,0.1,0.066666667,0.0,0.366666667,0.1,0.033333333,0.2,0.0,0.1,0.166666667,0.0,0.40273359417915344,0.04095609858632088,0.5861231684684753,0.25506091117858887,0.5288730263710022,0.1389787495136261,0.2542282044887543,0.3484830856323242,0.4042302370071411,0.043581005185842514,0.08894484490156174,0.1045246347784996,0.03209993243217468,1.2696956396102905,0.3969997465610504,0.2891773581504822,0.24516864120960236,0.25184911489486694,0.09104326367378235,0.4122079312801361,0.4763560891151428,0.13273994624614716,0.2306608408689499,0.10786228626966476,0.059047408401966095,0.16047242283821106,0.09766296297311783,0.08504492044448853,0.09216596186161041,0.181879460811615,0.15937525033950806,0.06891630589962006,0.11328771710395813,0.11973839998245239,0.02648339420557022,0.6065699458122253,0.1405213177204132,0.03214719891548157,0.018253035843372345,0.02341090887784958,0.18811804056167603,0.15074315667152405,0.08018380403518677,0.14896100759506226,0.15684102475643158,0.25114694237709045,0.12484220415353775,0.5375681519508362,0.20243103802204132,0.1526411473751068,0.10319080948829651
AO456,0.533333333,0.0,0.3,0.2,0.166666667,0.4,1.366666667,0.266666667,1.733333333,0.166666667,0.4,0.8,0.166666667,1.233333333,0.266666667,0.3,0.0,0.0,0.0,0.0,0.0,0.0,0.066666667,0.133333333,0.0,0.0,0.1,0.0,0.0,0.433333333,0.766666667,0.033333333,0.0,0.0,0.0,0.066666667,0.466666667,0.0,0.0,0.0,0.066666667,0.033333333,0.0,0.366666667,0.0,0.2,0.666666667,1.266666667,0.3,0.133333333,0.0,0.4217914938926697,0.13700594007968903,0.5426859259605408,0.19331508874893188,0.34687432646751404,0.16161225736141205,0.600642204284668,0.31161364912986755,1.2464845180511475,0.14648360013961792,0.34254735708236694,0.5336475968360901,0.11799971014261246,1.5174561738967896,0.36313173174858093,0.3014358580112457,0.23464339971542358,0.1228645071387291,0.04088164120912552,0.21193617582321167,0.26031494140625,0.10308627784252167,0.2059149444103241,0.12240567803382874,0.0602346770465374,0.13783738017082214,0.10162927955389023,0.07832740992307663,0.213646799325943,0.2742217183113098,0.3490957021713257,0.09886031597852707,0.09484180063009262,0.08592267334461212,0.06315978616476059,0.3004944324493408,0.1442105919122696,0.03634440153837204,0.025100069120526314,0.21392381191253662,0.176813542842865,0.1358383744955063,0.08198284357786179,0.23957231640815735,0.22662657499313354,0.1540815532207489,0.058601971715688705,0.41392782330513,0.20593103766441345,0.13670679926872253,0.07135608047246933
AO486,0.666666667,0.2,0.566666667,0.333333333,0.133333333,0.2,0.9,0.533333333,1.733333333,0.133333333,0.966666667,0.633333333,0.766666667,2.3,0.4,0.233333333,0.133333333,0.066666667,0.0,0.333333333,0.333333333,0.0,0.0,0.433333333,0.033333333,1.2,0.0,0.5,0.0,0.166666667,0.1,0.0,0.433333333,0.0,0.0,0.366666667,0.0,0.0,0.0,0.0,0.066666667,0.1,0.0,0.1,0.133333333,0.166666667,0.066666667,0.1,0.266666667,0.3,0.0,0.45380792021751404,0.059409357607364655,0.5177878141403198,0.3168882131576538,0.4697708189487457,0.23474517464637756,0.6093050837516785,0.4485347270965576,0.8253462910652161,0.09062494337558746,0.31403303146362305,0.23243241012096405,0.2648814916610718,1.4017449617385864,0.3941566050052643,0.29636508226394653,0.24925395846366882,0.1281754970550537,0.09392416477203369,0.2792000472545624,0.2918982207775116,0.07166281342506409,0.2088799774646759,0.22230888903141022,0.0594019889831543,0.725899338722229,0.07707259804010391,0.07881445437669754,0.06094438582658768,0.13011503219604492,0.09673700481653214,0.08829417824745178,0.10919776558876038,0.07325277477502823,0.05782746151089668,0.4622909426689148,0.14126670360565186,0.02020123042166233,0.020554887130856514,0.06564692407846451,0.18945404887199402,0.1918473243713379,0.07602178305387497,0.2119961529970169,0.21725328266620636,0.3236739933490753,0.15859071910381317,0.20386196672916412,0.2147732526063919,0.16363556683063507,0.08514930307865143
AO762,0.2,0.0,0.233333333,0.233333333,0.233333333,0.166666667,0.6,0.566666667,0.433333333,0.2,0.2,0.166666667,0.0,1.3,0.4,0.566666667,0.733333333,0.1,0.066666667,0.1,0.166666667,0.0,0.1,0.0,0.0,0.166666667,0.1,0.0,0.0,0.133333333,0.166666667,0.0,0.0,0.133333333,0.0,0.233333333,0.533333333,0.0,0.0,0.0,0.2,0.233333333,0.0,0.2,0.166666667,0.566666667,0.333333333,2.1,0.233333333,0.2,0.033333333,0.4017202854156494,0.04288046807050705,0.5220764875411987,0.13487017154693604,0.4370683431625366,0.19755226373672485,0.3852570652961731,0.35330894589424133,0.2532508969306946,0.04698989540338516,0.08773324638605118,0.07881190627813339,0.038853537291288376,1.0252987146377563,0.40395990014076233,0.2770456075668335,0.2714379131793976,0.2231784164905548,0.21911226212978363,0.3574383556842804,0.37852242588996887,0.06630707532167435,0.21584434807300568,0.08582768589258194,0.06653435528278351,0.3179822266101837,0.07699553668498993,0.07745961099863052,0.0321950800716877,0.1284397542476654,0.09880885481834412,0.057850658893585205,0.0844365656375885,0.1609124094247818,0.03920925036072731,0.44205015897750854,0.14572235941886902,0.004771535750478506,0.017641959711909294,0.049718018621206284,0.18654140830039978,0.17273090779781342,0.07645794749259949,0.29107895493507385,0.18472155928611755,0.2988259792327881,0.14252853393554688,0.6968920230865479,0.2125043123960495,0.1706882268190384,0.11134045571088791
AO865,0.8,0.0,1.066666667,0.5,0.766666667,0.466666667,2.0,0.633333333,0.6,0.166666667,0.2,0.4,0.166666667,1.5,0.366666667,0.4,0.6,0.0,0.133333333,0.066666667,0.3,0.0,0.0,0.066666667,0.0,0.066666667,0.066666667,0.0,0.0,0.233333333,0.566666667,0.0,0.066666667,0.533333333,0.0,0.4,0.033333333,0.0,0.0,0.1,0.1,0.466666667,0.033333333,0.433333333,0.2,0.066666667,0.266666667,0.3,0.333333333,0.333333333,0.066666667,0.36109012365341187,0.03804602846503258,0.5109255909919739,0.17670370638370514,0.3676229417324066,0.11413665860891342,0.3838472366333008,0.2909493148326874,0.8489765524864197,0.1021428182721138,0.21210967004299164,0.2859974801540375,0.06282700598239899,1.2469477653503418,0.4756496548652649,0.29337814450263977,0.2489277720451355,0.15572194755077362,0.11456283926963806,0.42578935623168945,0.38921698927879333,0.1812533438205719,0.22701023519039154,0.1608669012784958,0.05911507457494736,0.11761525273323059,0.10424569249153137,0.08442973345518112,0.16292579472064972,0.2941805124282837,0.30870306491851807,0.10565942525863647,0.2621973752975464,0.11355113983154297,0.04479208216071129,0.42228633165359497,0.14146380126476288,0.06430411338806152,0.02229302003979683,0.1443326771259308,0.18465951085090637,0.12248708307743073,0.08648139238357544,0.2088954746723175,0.14928103983402252,0.21103279292583466,0.07205227762460709,0.4062668979167938,0.2085314840078354,0.13396909832954407,0.10917946696281433
AP029,0.466666667,0.0,0.533333333,0.333333333,0.366666667,0.1,0.533333333,0.3,1.366666667,0.1,0.133333333,1.033333333,0.133333333,1.2,0.166666667,0.266666667,0.066666667,0.066666667,0.0,0.066666667,0.0,0.0,0.0,0.066666667,0.0,0.266666667,0.1,0.0,0.066666667,0.1,0.3,0.0,0.0,0.0,0.0,0.366666667,0.233333333,0.0,0.0,0.0,0.133333333,0.166666667,0.0,0.233333333,0.233333333,0.5,0.333333333,0.866666667,0.333333333,0.266666667,0.033333333,0.4441053867340088,0.17147985100746155,0.4043026268482208,0.11867967247962952,0.33614498376846313,0.07275185734033585,0.44429537653923035,0.23139284551143646,1.2957781553268433,0.1374373584985733,0.3493896424770355,0.6726084351539612,0.11592331528663635,1.2837802171707153,0.2569059729576111,0.30470791459083557,0.23149247467517853,0.10913454741239548,0.03638295456767082,0.2781005799770355,0.2892557680606842,0.1334971934556961,0.22668080031871796,0.11620858311653137,0.060119982808828354,0.10714580863714218,0.1790776401758194,0.10355499386787415,0.28760719299316406,0.2658159136772156,0.43386054039001465,0.18286669254302979,0.21588164567947388,0.130735844373703,0.0893162190914154,0.36211922764778137,0.14102785289287567,0.03323113173246384,0.05209652706980705,0.24462789297103882,0.1755223125219345,0.14420370757579803,0.08481138199567795,0.21837998926639557,0.12282678484916687,0.18660320341587067,0.06776469200849533,0.20809203386306763,0.20174908638000488,0.13496267795562744,0.0836707204580307
AP067,0.1,0.0,0.3,0.266666667,0.5,0.066666667,0.533333333,0.166666667,0.533333333,0.0,0.1,0.333333333,0.0,1.9,0.6,0.766666667,3.366666667,0.166666667,0.4,0.466666667,0.266666667,0.0,0.333333333,0.066666667,0.033333333,0.266666667,0.0,0.066666667,0.0,0.066666667,0.066666667,0.0,0.066666667,0.0,0.0,0.433333333,0.166666667,0.0,0.0,0.0,0.166666667,0.133333333,0.0,0.266666667,0.4,0.1,0.133333333,0.5,0.2,0.0,0.0,0.3102158010005951,0.024234240874648094,0.4075552821159363,0.14483700692653656,0.3238487243652344,0.10696020722389221,0.3060082793235779,0.2870975136756897,0.5122746825218201,0.05484897270798683,0.09866292029619217,0.1210203468799591,0.03530343994498253,1.1024985313415527,0.44646283984184265,0.28491082787513733,0.25576844811439514,0.19566738605499268,0.11718633025884628,0.4465218186378479,0.4379836320877075,0.17000329494476318,0.24377582967281342,0.16067950427532196,0.06064939498901367,0.15618689358234406,0.11774348467588425,0.081418476998806,0.08414367586374283,0.20069172978401184,0.2138868123292923,0.1318199634552002,0.1923104077577591,0.1467471569776535,0.08667097240686417,0.47469770908355713,0.14298269152641296,0.07671710848808289,0.02062513306736946,0.15677858889102936,0.1849421113729477,0.1578577309846878,0.0954500138759613,0.14321434497833252,0.16653135418891907,0.11803247779607773,0.051196902990341187,0.1827411949634552,0.19819915294647217,0.14465893805027008,0.0983952209353447
AP145,0.366666667,0.0,0.4,1.9,0.533333333,0.433333333,0.666666667,0.4,1.0,0.2,0.066666667,0.0,0.066666667,1.933333333,0.6,0.566666667,0.5,0.166666667,0.0,0.033333333,0.133333333,0.0,0.066666667,0.066666667,0.1,0.466666667,0.133333333,0.0,0.0,0.033333333,0.033333333,0.033333333,0.1,0.233333333,0.066666667,0.133333333,0.1,0.0,0.0,0.033333333,0.433333333,0.433333333,0.166666667,0.266666667,1.066666667,0.3,0.266666667,0.4,0.433333333,0.2,0.033333333,0.40598300099372864,0.04503106698393822,0.43828582763671875,0.9666945338249207,0.3339124619960785,0.15758834779262543,0.319189190864563,0.3372403681278229,0.796351969242096,0.08817259222269058,0.2648620903491974,0.20711404085159302,0.06445641815662384,1.2692099809646606,0.4400235414505005,0.3130560517311096,0.22012557089328766,0.1392524540424347,0.048362236469984055,0.30121445655822754,0.3039827346801758,0.04252192750573158,0.22307510673999786,0.09269524365663528,0.058805178850889206,0.1950753927230835,0.08661771565675735,0.07697293907403946,0.09389916807413101,0.1322392225265503,0.17996305227279663,0.08256397396326065,0.11717385798692703,0.10526682436466217,0.02480081468820572,0.4734068214893341,0.1424996554851532,0.04214181378483772,0.025808081030845642,0.04785710945725441,0.1860123574733734,0.18563364446163177,0.07154875248670578,0.3708638846874237,0.4771212041378021,0.23731264472007751,0.08031798154115677,0.3480060398578644,0.21173840761184692,0.1383998543024063,0.0902891755104065
AP146,0.3,0.0,0.3,0.3,0.3,0.166666667,0.1,0.0,0.066666667,0.0,0.066666667,0.0,0.0,0.766666667,0.433333333,0.3,0.133333333,0.0,0.233333333,0.3,0.266666667,0.366666667,0.3,0.1,0.0,0.0,0.166666667,0.233333333,0.6,0.5,0.466666667,1.066666667,0.4,0.2,0.5,1.533333333,0.133333333,0.566666667,0.4,1.8,0.533333333,0.066666667,0.666666667,0.166666667,0.233333333,0.166666667,0.0,0.066666667,0.2,0.4,0.0,0.3162694275379181,0.026887856423854828,0.32171866297721863,0.1345216929912567,0.3407231271266937,0.07793767005205154,0.24155330657958984,0.1552993804216385,0.5152738094329834,0.04101012274622917,0.09452075511217117,0.06353908032178879,0.028133662417531013,0.9529719948768616,0.24372531473636627,0.27530112862586975,0.22859376668930054,0.13084447383880615,0.09963684529066086,0.4395788013935089,0.4452507495880127,0.28287750482559204,0.2610645592212677,0.098057322204113,0.05911507457494736,0.0901215523481369,0.07357271760702133,0.07463355362415314,0.1727703958749771,0.3096218407154083,0.27445346117019653,0.40426328778266907,0.24927487969398499,0.23887167870998383,0.1934361308813095,0.6128242015838623,0.14368043839931488,0.17916643619537354,0.04941180720925331,0.729369580745697,0.18436728417873383,0.144691601395607,0.09679296612739563,0.10570325702428818,0.17386361956596375,0.1595459133386612,0.06398723274469376,0.12806889414787292,0.21188408136367798,0.13488245010375977,0.09532278031110764
AP340,0.9,0.766666667,0.533333333,0.133333333,0.533333333,0.1,0.733333333,0.2,2.2,0.233333333,1.5,1.433333333,0.2,2.433333333,0.2,0.366666667,0.166666667,0.1,0.0,0.0,0.133333333,0.0,0.0,0.0,0.0,0.1,0.0,0.0,0.0,0.066666667,0.2,0.0,0.0,0.0,0.0,0.233333333,0.166666667,0.0,0.033333333,0.033333333,0.166666667,0.1,0.0,0.1,0.166666667,0.0,0.433333333,0.133333333,0.3,0.3,0.0,0.47393208742141724,0.1517288088798523,0.5831016898155212,0.24467138946056366,0.37142497301101685,0.23660443723201752,0.6635602712631226,0.39659401774406433,0.9766497015953064,0.15432903170585632,0.27573463320732117,0.29673686623573303,0.12329648435115814,1.3388054370880127,0.2578124403953552,0.27012234926223755,0.19178105890750885,0.12041077762842178,0.045698728412389755,0.1941923350095749,0.21183955669403076,0.03468945249915123,0.19834016263484955,0.03122119978070259,0.058805178850889206,0.1467016190290451,0.06663056463003159,0.06301283091306686,0.022167610004544258,0.21763260662555695,0.138716921210289,0.022273587062954903,0.09291502088308334,0.16702906787395477,0.060094643384218216,0.5888774394989014,0.1428602784872055,-0.0024103072937577963,0.01715272292494774,0.0041272747330367565,0.18628108501434326,0.16031813621520996,0.07561510056257248,0.18478262424468994,0.3024199604988098,0.16342014074325562,0.09582957625389099,0.14592047035694122,0.22988858819007874,0.16180914640426636,0.10307001322507858
AP397,0.366666667,0.1,0.466666667,0.2,0.4,0.2,0.566666667,0.633333333,2.5,0.266666667,0.666666667,1.6,0.133333333,2.266666667,0.433333333,0.333333333,0.4,0.166666667,0.0,0.1,0.033333333,0.066666667,0.0,0.0,0.0,0.2,0.033333333,0.0,0.133333333,0.266666667,0.433333333,0.0,0.0,0.0,0.0,0.733333333,0.1,0.0,0.0,0.033333333,0.133333333,0.066666667,0.266666667,0.166666667,0.266666667,0.466666667,0.066666667,0.4,0.0,0.0,0.0,0.32782870531082153,0.06393711268901825,0.4226391315460205,0.15624095499515533,0.3549387454986572,0.10052722692489624,0.43041542172431946,0.2717670500278473,1.0870023965835571,0.11834318190813065,0.2853950560092926,0.507519006729126,0.10237517952919006,1.4047021865844727,0.32801106572151184,0.2827012538909912,0.2391938865184784,0.13405218720436096,0.06194788217544556,0.22864678502082825,0.25460556149482727,0.09246300160884857,0.21017241477966309,0.18314653635025024,0.06063883379101753,0.12711668014526367,0.10247207432985306,0.07696031033992767,0.25177693367004395,0.2549968659877777,0.3443225622177124,0.10184403508901596,0.06948036700487137,0.034809987992048264,0.033620670437812805,0.36937451362609863,0.14201720058918,0.029996233060956,0.04362918436527252,0.10127431899309158,0.18366163969039917,0.16197322309017181,0.09763126075267792,0.21511968970298767,0.2063523381948471,0.14908649027347565,0.06505854427814484,0.242712140083313,0.20121851563453674,0.1489928513765335,0.09851960092782974
AP399,1.133333333,0.0,1.2,0.0,0.533333333,0.066666667,0.233333333,0.033333333,0.366666667,0.1,0.1,0.066666667,0.0,0.6,0.266666667,0.266666667,0.4,0.033333333,0.133333333,0.633333333,0.533333333,0.533333333,0.633333333,0.466666667,0.0,0.4,0.0,0.1,0.266666667,0.733333333,0.7,0.133333333,0.866666667,0.466666667,0.3,0.766666667,0.2,0.0,0.0,0.0,0.2,0.366666667,0.233333333,0.2,0.133333333,0.6,0.233333333,0.233333333,0.233333333,0.066666667,0.2,0.4214189350605011,0.0887032076716423,0.5470491051673889,0.17436881363391876,0.3026077151298523,0.09627793729305267,0.3864331841468811,0.22281916439533234,1.194535493850708,0.11954856663942337,0.3192303478717804,0.4202301502227783,0.09994307160377502,1.1557427644729614,0.22817546129226685,0.27474772930145264,0.2325650453567505,0.11903497576713562,0.06402955204248428,0.3050444424152374,0.2873392701148987,0.1350032389163971,0.23722930252552032,0.12342151999473572,0.059281498193740845,0.12030681222677231,0.11491794884204865,0.0792158916592598,0.2923140823841095,0.3496430516242981,0.4359906315803528,0.08530814200639725,0.1619243621826172,0.19654831290245056,0.08560997992753983,0.47860002517700195,0.13924278318881989,0.01649913750588894,0.049838706851005554,0.19527174532413483,0.18805387616157532,0.1439376175403595,0.09626123309135437,0.2228325456380844,0.18148823082447052,0.3388915956020355,0.08389610052108765,0.24798676371574402,0.1995236575603485,0.14521758258342743,0.11234313249588013
AP431,0.133333333,0.0,0.266666667,0.433333333,0.066666667,0.066666667,0.3,0.233333333,3.166666667,0.0,0.7,2.366666667,0.233333333,2.566666667,0.566666667,0.266666667,0.1,0.0,0.0,0.233333333,0.4,0.266666667,0.2,0.066666667,0.0,0.033333333,0.0,0.0,0.0,0.333333333,0.266666667,0.233333333,1.033333333,0.066666667,0.0,0.333333333,0.166666667,0.0,0.1,0.1,0.233333333,0.266666667,0.066666667,0.133333333,0.3,0.233333333,0.066666667,0.233333333,0.233333333,0.0,0.166666667,0.28589072823524475,0.04117746651172638,0.33071935176849365,0.2020847350358963,0.25050628185272217,0.10163898766040802,0.36238011717796326,0.17772305011749268,0.7999787926673889,0.11874093860387802,0.25136470794677734,0.3286984860897064,0.09346529841423035,1.0230090618133545,0.2843318581581116,0.2861161530017853,0.2366143763065338,0.13060273230075836,0.15224455296993256,0.34619224071502686,0.2869924306869507,0.40549400448799133,0.23699600994586945,0.14745348691940308,0.05922742560505867,0.10912494361400604,0.1316096931695938,0.08158429712057114,0.3129372298717499,0.3999228775501251,0.3924333155155182,0.40156009793281555,0.3747577369213104,0.14080847799777985,0.10912545025348663,0.4627712666988373,0.14259427785873413,0.09544331580400467,0.055070001631975174,0.7623791098594666,0.19993989169597626,0.1302623450756073,0.10077108442783356,0.19383984804153442,0.20278561115264893,0.18315941095352173,0.04314588010311127,0.13029448688030243,0.2004626989364624,0.1358267068862915,0.1056293174624443
AP432,0.466666667,0.0,0.966666667,0.133333333,0.7,0.233333333,0.0,0.0,0.0,0.0,0.0,0.0,0.0,0.333333333,0.2,0.0,0.2,0.233333333,0.566666667,0.4,0.433333333,0.666666667,0.166666667,0.266666667,0.0,0.366666667,0.133333333,0.0,0.1,0.233333333,0.2,0.366666667,1.466666667,0.666666667,0.4,1.033333333,0.2,0.0,0.066666667,0.166666667,1.6,0.233333333,0.3,0.333333333,0.233333333,0.066666667,0.066666667,0.233333333,0.533333333,0.533333333,0.133333333,0.19907231628894806,0.027744749560952187,0.4596248269081116,0.06598924845457077,0.34564557671546936,0.10846930742263794,0.1176510825753212,0.13833576440811157,0.09708236157894135,0.036241963505744934,0.06311829388141632,0.045736514031887054,0.022821322083473206,0.5873926281929016,0.2896641492843628,0.2323429137468338,0.22343853116035461,0.2642987072467804,0.17399686574935913,0.5398718118667603,0.6154165267944336,0.17615652084350586,0.42819711565971375,0.11518033593893051,0.058805178850889206,0.11623871326446533,0.06921441107988358,0.07479386031627655,0.09183481335639954,0.2234380543231964,0.1411275714635849,0.122469462454319,0.12824158370494843,0.2849363684654236,0.10134906321763992,0.612342119216919,0.1424650102853775,0.0373692661523819,0.01704629883170128,0.13041934370994568,0.1892719715833664,0.16933980584144592,0.10493692010641098,0.13110874593257904,0.09486035257577896,0.16892501711845398,0.057305991649627686,0.14952455461025238,0.19679667055606842,0.15874432027339935,0.08668987452983856
AP524,0.233333333,0.066666667,0.366666667,0.5,0.233333333,0.133333333,0.466666667,0.9,0.4,0.0,0.066666667,0.133333333,0.1,1.133333333,0.466666667,0.333333333,0.5,0.066666667,0.133333333,0.4,0.366666667,0.5,0.133333333,0.3,0.0,0.233333333,0.133333333,0.166666667,0.0,0.4,0.5,0.466666667,1.6,0.166666667,0.0,0.833333333,0.166666667,0.233333333,0.133333333,0.3,0.733333333,0.1,0.5,0.233333333,0.166666667,0.366666667,0.066666667,0.0,0.633333333,0.0,0.0,0.37632879614830017,0.033597223460674286,0.3883481025695801,0.07138413190841675,0.359989196062088,0.0864788144826889,0.2732716500759125,0.24795983731746674,0.7117265462875366,0.07888952642679214,0.19759663939476013,0.14665694534778595,0.05037657544016838,1.130690097808838,0.36068469285964966,0.27207309007644653,0.25998952984809875,0.23979902267456055,0.24925243854522705,0.36928316950798035,0.3610277473926544,0.20568236708641052,0.2471364587545395,0.19972200691699982,0.05911507457494736,0.17299716174602509,0.07575910538434982,0.08184853941202164,0.1261862963438034,0.27271583676338196,0.28531864285469055,0.15420018136501312,0.2846928834915161,0.1596716195344925,0.10833965986967087,0.48437944054603577,0.14104053378105164,0.08460570126771927,0.03343309462070465,0.18642956018447876,0.1821797639131546,0.14661133289337158,0.09070524573326111,0.15531198680400848,0.13412567973136902,0.17472277581691742,0.07026432454586029,0.1132514700293541,0.20781821012496948,0.15164068341255188,0.09297992289066315
AP563,1.333333333,0.9,0.7,0.366666667,0.333333333,0.266666667,0.733333333,0.333333333,1.433333333,0.033333333,0.966666667,0.233333333,0.3,1.9,0.5,0.466666667,0.166666667,0.0,0.0,0.166666667,0.466666667,0.066666667,0.0,0.066666667,0.0,0.133333333,0.133333333,0.0,0.0,0.066666667,0.066666667,0.0,0.0,0.066666667,0.0,0.533333333,0.0,0.0,0.0,0.0,0.366666667,0.166666667,0.233333333,0.133333333,0.2,0.0,0.1,0.066666667,0.466666667,0.266666667,0.066666667,0.40477341413497925,0.1444970965385437,0.4298659861087799,0.19154351949691772,0.3665820360183716,0.24229975044727325,0.6127119064331055,0.3645990788936615,0.7928632497787476,0.08567403256893158,0.26098203659057617,0.16704505681991577,0.0992102101445198,1.0422271490097046,0.28778138756752014,0.2553182542324066,0.20888389647006989,0.16009238362312317,0.04013136774301529,0.2552580237388611,0.2902187705039978,0.04949190840125084,0.208222433924675,0.11155273020267487,0.058805178850889206,0.2799517810344696,0.07790274918079376,0.0644063651561737,0.10974333435297012,0.11910839378833771,0.10817266255617142,0.03203636407852173,0.0637778490781784,0.21635408699512482,0.05272887647151947,0.5171642899513245,0.1426897644996643,0.03053555265069008,0.015365485101938248,0.00038363487692549825,0.19330818951129913,0.18048083782196045,0.082148976624012,0.15584702789783478,0.301505982875824,0.15554556250572205,0.11190187186002731,0.14945535361766815,0.23952482640743256,0.14089004695415497,0.10666690766811371
AP571,0.733333333,0.7,0.9,0.533333333,0.633333333,0.166666667,0.633333333,1.033333333,0.7,0.0,0.266666667,0.166666667,0.1,1.133333333,0.3,0.433333333,0.166666667,0.0,0.0,0.233333333,0.233333333,0.0,0.0,0.266666667,0.0,0.466666667,0.0,0.066666667,0.0,0.133333333,0.0,0.0,0.0,0.6,0.0,1.033333333,0.0,0.0,0.0,0.0,0.166666667,0.133333333,0.3,0.633333333,0.8,0.666666667,0.4,0.2,0.233333333,0.7,0.333333333,0.4441273808479309,0.10931532829999924,0.5616877675056458,0.12772174179553986,0.4144522547721863,0.21610070765018463,0.3894626796245575,0.35787296295166016,0.2360108643770218,0.1184520274400711,0.07914263755083084,0.06518786400556564,0.039344582706689835,0.6318548917770386,0.16774508357048035,0.21607749164104462,0.19150403141975403,0.14356330037117004,0.0632355585694313,0.266466349363327,0.31996122002601624,0.0649607703089714,0.20460312068462372,0.049035560339689255,0.058805178850889206,0.2045375406742096,0.06889668107032776,0.06271255016326904,0.018654005602002144,0.17733171582221985,0.11693615466356277,0.006698549725115299,0.042981650680303574,0.24708110094070435,0.04984460398554802,0.6208774447441101,0.14277306199073792,-0.00042384862899780273,0.015815814957022667,0.023928945884108543,0.19496022164821625,0.15423676371574402,0.08654659986495972,0.1501394808292389,0.24366429448127747,0.1866772323846817,0.14000844955444336,0.2162778228521347,0.2261287271976471,0.15872636437416077,0.11276691406965256
AP591,0.8,1.533333333,0.533333333,0.233333333,0.6,0.166666667,0.866666667,0.6,1.833333333,0.066666667,0.266666667,0.766666667,0.3,1.7,0.166666667,0.166666667,0.0,0.0,0.0,0.3,0.366666667,0.166666667,0.1,0.066666667,0.066666667,0.266666667,0.166666667,0.033333333,0.0,0.266666667,0.1,0.0,0.166666667,0.1,0.066666667,0.166666667,0.0,0.0,0.066666667,0.0,0.233333333,0.2,0.133333333,0.3,0.1,0.1,0.166666667,0.066666667,0.466666667,0.3,0.066666667,0.4345431625843048,0.061592791229486465,0.5274783968925476,0.25678929686546326,0.4170965552330017,0.24378527700901031,0.4948986768722534,0.37675750255584717,0.8450310230255127,0.08283944427967072,0.21267428994178772,0.15103597939014435,0.048091061413288116,1.2634167671203613,0.33525753021240234,0.27094799280166626,0.24111557006835938,0.12732668220996857,0.04850863292813301,0.26978081464767456,0.30307990312576294,0.04601301625370979,0.2139453887939453,0.11745360493659973,0.058805178850889206,0.22401952743530273,0.08055691421031952,0.06767347455024719,0.06167319789528847,0.21988828480243683,0.17203395068645477,0.02951258234679699,0.07472333312034607,0.1820010244846344,0.0547269843518734,0.7050032019615173,0.14058545231819153,0.0011938790557906032,0.01584065891802311,0.03634358197450638,0.1829855591058731,0.15864436328411102,0.08419282734394073,0.14084148406982422,0.2002858817577362,0.21874774992465973,0.09420464187860489,0.20146696269512177,0.21778886020183563,0.15092861652374268,0.11235543340444565
AP691,0.6,0.333333333,0.233333333,0.6,0.433333333,0.166666667,0.466666667,0.4,1.133333333,0.466666667,0.4,0.833333333,0.433333333,2.2,0.866666667,0.3,0.166666667,0.166666667,0.2,0.266666667,0.6,0.233333333,0.0,0.7,0.3,1.666666667,0.2,0.4,0.0,0.066666667,0.166666667,0.0,0.0,0.0,0.0,0.366666667,0.2,0.0,0.0,0.0,0.2,0.266666667,0.1,0.233333333,0.666666667,0.2,0.2,0.133333333,0.233333333,0.0,0.0,0.4559464156627655,0.05205832049250603,0.4768795669078827,0.7512896656990051,0.4151490330696106,0.13516925275325775,0.35807347297668457,0.3493959307670593,0.5879635214805603,0.07402227818965912,0.20299088954925537,0.13101764023303986,0.06116953492164612,1.2193264961242676,0.3611252009868622,0.3015786111354828,0.21738269925117493,0.13840478658676147,0.05446232855319977,0.3963173031806946,0.37955883145332336,0.05794070288538933,0.2427312284708023,0.07747996598482132,0.059047408401966095,0.24512270092964172,0.079688660800457,0.07759862393140793,0.15429233014583588,0.12239688634872437,0.2301299273967743,0.1319088637828827,0.12689712643623352,0.10141197592020035,0.04296358674764633,0.47728267312049866,0.14247475564479828,0.025624705478549004,0.019256042316555977,0.09390854090452194,0.18286201357841492,0.14893008768558502,0.06826426088809967,0.12309548258781433,0.3736681342124939,0.18160893023014069,0.09142804145812988,0.26275020837783813,0.20814816653728485,0.13765166699886322,0.08636541664600372
AP734,0.6,0.033333333,0.833333333,0.266666667,0.7,0.266666667,1.066666667,0.233333333,0.1,0.0,0.0,0.0,0.0,0.766666667,0.333333333,0.2,0.3,0.266666667,0.066666667,0.533333333,0.566666667,0.066666667,0.266666667,0.066666667,0.0,0.266666667,0.0,0.2,0.0,0.3,0.066666667,0.066666667,0.433333333,0.433333333,0.133333333,1.033333333,0.0,0.0,0.0,0.0,0.7,0.333333333,0.566666667,0.133333333,0.433333333,0.166666667,0.5,0.4,0.466666667,0.433333333,0.0,0.440678209066391,0.04801134765148163,0.5381577610969543,0.10805667191743851,0.4327462613582611,0.1742164045572281,0.39953306317329407,0.35639363527297974,0.1268596351146698,0.08769438415765762,0.08107316493988037,0.04991653189063072,0.03446847200393677,0.8056971430778503,0.2249077409505844,0.24142341315746307,0.22692042589187622,0.15358197689056396,0.07628191262483597,0.3074474632740021,0.3754723370075226,0.07096616178750992,0.20138095319271088,0.07420614361763,0.058805178850889206,0.18338795006275177,0.06909571588039398,0.06677074730396271,0.023213639855384827,0.22783681750297546,0.10539820045232773,0.023247549310326576,0.07892641425132751,0.24046704173088074,0.05003484711050987,0.674691915512085,0.1422538459300995,0.015627823770046234,0.015293464064598083,0.027746468782424927,0.19046875834465027,0.17788009345531464,0.09170255810022354,0.12429039180278778,0.13081708550453186,0.23247715830802917,0.11421088874340057,0.1638939380645752,0.21269093453884125,0.15925462543964386,0.10180062800645828
AP781,0.4,0.1,0.433333333,0.0,0.233333333,0.066666667,0.066666667,0.166666667,0.2,0.066666667,0.0,0.266666667,0.133333333,0.566666667,0.066666667,0.0,0.066666667,0.066666667,0.1,1.566666667,1.666666667,0.466666667,0.366666667,0.466666667,0.0,0.333333333,0.5,0.533333333,0.866666667,0.566666667,0.233333333,0.3,1.833333333,0.2,0.133333333,0.533333333,0.233333333,0.033333333,0.266666667,0.2,0.0,0.033333333,0.133333333,0.033333333,0.0,0.2,0.133333333,0.1,0.066666667,0.1,0.0,0.4916175305843353,0.06727279722690582,0.37583857774734497,0.10233667492866516,0.38743001222610474,0.12039874494075775,0.23366785049438477,0.20446263253688812,0.19006003439426422,0.04343680292367935,0.07145603746175766,0.058335088193416595,0.03201236203312874,0.4345085322856903,0.2204129695892334,0.173362135887146,0.18759232759475708,0.15630178153514862,0.11781924217939377,0.5338261723518372,0.5442092418670654,0.2215336412191391,0.2605297863483429,0.19261661171913147,0.058805178850889206,0.19742752611637115,0.0804343968629837,0.07882519066333771,0.16253723204135895,0.2733515799045563,0.1604025512933731,0.28916147351264954,0.14509013295173645,0.33714523911476135,0.09759882837533951,0.6500290632247925,0.14309772849082947,0.11092129349708557,0.017435740679502487,0.13131146132946014,0.1875881552696228,0.15931309759616852,0.11847438663244247,0.13480757176876068,0.09405644983053207,0.2516590356826782,0.11439531296491623,0.2052011936903,0.20590727031230927,0.15717332065105438,0.11460298299789429
AQ784,1.066666667,0.233333333,0.633333333,0.233333333,0.366666667,0.3,1.1,0.166666667,1.433333333,0.0,0.9,0.733333333,0.1,1.666666667,0.0,0.1,0.0,0.0,0.066666667,0.0,0.0,0.0,0.0,0.0,0.0,0.233333333,0.0,0.0,0.0,0.2,0.5,0.033333333,0.033333333,0.266666667,0.0,0.7,0.133333333,0.0,0.0,0.0,0.3,0.0,0.1,0.233333333,0.133333333,0.233333333,0.4,0.066666667,0.133333333,0.633333333,0.0,0.4943886399269104,0.16368241608142853,0.41314074397087097,0.1735161989927292,0.37197795510292053,0.1061381995677948,0.3709279000759125,0.15389537811279297,1.0087337493896484,0.17107120156288147,0.40652579069137573,0.29166409373283386,0.11330342292785645,0.9993245005607605,0.27556049823760986,0.2677549123764038,0.3374207317829132,0.14557558298110962,0.23056840896606445,0.45911669731140137,0.4987114667892456,0.14222070574760437,0.3466520309448242,0.14948338270187378,0.06001853197813034,0.13181988894939423,0.2149883210659027,0.09283313155174255,0.2109246402978897,0.182590052485466,0.29786476492881775,0.05729540437459946,0.04719769209623337,0.26274821162223816,0.08687116950750351,0.4391217827796936,0.14284639060497284,0.05998433008790016,0.02937396802008152,0.18645969033241272,0.19208313524723053,0.1591346263885498,0.08655912429094315,0.2512357532978058,0.1677154302597046,0.39625945687294006,0.1965882033109665,0.393471360206604,0.21744069457054138,0.14961229264736176,0.1202404648065567
AI142,0.142857143,0.0,0.857142857,0.0,0.25,0.357142857,1.464285714,0.178571429,0.535714286,0.25,0.0,0.214285714,0.178571429,1.178571429,0.214285714,0.107142857,0.214285714,0.107142857,0.178571429,0.678571429,0.821428571,0.035714286,1.0,0.0,0.107142857,0.25,0.0,0.25,0.178571429,0.142857143,0.0,0.0,0.0,0.285714286,0.0,0.285714286,0.107142857,0.0,0.0,0.0,0.071428571,0.107142857,0.142857143,0.178571429,0.0,0.0,0.142857143,0.107142857,0.071428571,0.392857143,0.071428571,0.49871450662612915,0.25209590792655945,0.5195573568344116,0.1677553951740265,0.40091371536254883,0.2121703326702118,0.6562212109565735,0.3830762803554535,1.2086445093154907,0.15741033852100372,0.346944659948349,0.32856741547584534,0.13685645163059235,1.5368492603302002,0.40671080350875854,0.2900056540966034,0.20809118449687958,0.12306974083185196,0.04380136728286743,0.2672531306743622,0.26317501068115234,0.05689600482583046,0.2239380031824112,0.12167365849018097,0.06023208424448967,0.21398383378982544,0.11320379376411438,0.07801294326782227,0.20916105806827545,0.2493220865726471,0.30987799167633057,0.053387582302093506,0.09944087266921997,0.12269453704357147,0.05602099746465683,0.46722713112831116,0.14267034828662872,0.013685427606105804,0.02066640928387642,0.12681815028190613,0.1794596016407013,0.14377258718013763,0.08232251554727554,0.13100220263004303,0.2033485323190689,0.14165472984313965,0.08987129479646683,0.19409382343292236,0.22136136889457703,0.1548224240541458,0.07348603010177612
AI242,0.285714286,0.035714286,0.5,0.071428571,0.5,0.464285714,0.964285714,0.214285714,0.75,0.178571429,0.142857143,0.285714286,0.071428571,1.071428571,0.178571429,0.071428571,0.535714286,0.178571429,0.142857143,0.285714286,0.035714286,0.0,0.428571429,0.107142857,0.142857143,0.607142857,0.142857143,0.142857143,0.285714286,0.107142857,0.142857143,0.071428571,0.0,0.0,0.107142857,0.178571429,0.035714286,0.0,0.0,0.0,0.071428571,0.428571429,0.035714286,0.25,0.0,0.071428571,0.321428571,0.142857143,0.214285714,0.178571429,0.035714286,0.49871450662612915,0.25209590792655945,0.5195573568344116,0.1677553951740265,0.40091371536254883,0.2121703326702118,0.6562212109565735,0.3830762803554535,1.2086445093154907,0.15741033852100372,0.346944659948349,0.32856741547584534,0.13685645163059235,1.5368492603302002,0.40671080350875854,0.2900056540966034,0.20809118449687958,0.12306974083185196,0.04380136728286743,0.2672531306743622,0.26317501068115234,0.05689600482583046,0.2239380031824112,0.12167365849018097,0.06023208424448967,0.21398383378982544,0.11320379376411438,0.07801294326782227,0.20916105806827545,0.2493220865726471,0.30987799167633057,0.053387582302093506,0.09944087266921997,0.12269453704357147,0.05602099746465683,0.46722713112831116,0.14267034828662872,0.013685427606105804,0.02066640928387642,0.12681815028190613,0.1794596016407013,0.14377258718013763,0.08232251554727554,0.13100220263004303,0.2033485323190689,0.14165472984313965,0.08987129479646683,0.19409382343292236,0.22136136889457703,0.1548224240541458,0.07348603010177612
AI347,0.172413793,0.0,0.586206897,0.068965517,0.275862069,0.448275862,1.275862069,0.068965517,1.586206897,0.517241379,0.137931034,0.413793103,0.172413793,1.137931034,0.172413793,0.275862069,0.068965517,0.0,0.0,0.137931034,0.137931034,0.0,0.137931034,0.068965517,0.206896552,0.310344828,0.0,0.0,0.172413793,0.172413793,0.310344828,0.0,0.0,0.0,0.034482759,0.206896552,0.0,0.0,0.034482759,0.0,0.137931034,0.310344828,0.0,0.24137931,0.034482759,0.172413793,0.310344828,0.206896552,0.275862069,0.172413793,0.0,0.49871450662612915,0.25209590792655945,0.5195573568344116,0.1677553951740265,0.40091371536254883,0.2121703326702118,0.6562212109565735,0.3830762803554535,1.2086445093154907,0.15741033852100372,0.346944659948349,0.32856741547584534,0.13685645163059235,1.5368492603302002,0.40671080350875854,0.2900056540966034,0.20809118449687958,0.12306974083185196,0.04380136728286743,0.2672531306743622,0.26317501068115234,0.05689600482583046,0.2239380031824112,0.12167365849018097,0.06023208424448967,0.21398383378982544,0.11320379376411438,0.07801294326782227,0.20916105806827545,0.2493220865726471,0.30987799167633057,0.053387582302093506,0.09944087266921997,0.12269453704357147,0.05602099746465683,0.46722713112831116,0.14267034828662872,0.013685427606105804,0.02066640928387642,0.12681815028190613,0.1794596016407013,0.14377258718013763,0.08232251554727554,0.13100220263004303,0.2033485323190689,0.14165472984313965,0.08987129479646683,0.19409382343292236,0.22136136889457703,0.1548224240541458,0.07348603010177612
AI376,0.517241379,0.172413793,0.379310345,0.0,0.310344828,0.310344828,0.310344828,0.0,0.482758621,0.172413793,0.0,0.068965517,0.034482759,0.793103448,0.24137931,0.137931034,0.103448276,0.068965517,0.0,1.482758621,2.586206897,0.0,1.034482759,0.24137931,0.206896552,0.172413793,0.034482759,0.379310345,0.310344828,0.068965517,0.034482759,0.0,0.0,0.172413793,0.0,0.103448276,0.034482759,0.0,0.0,0.0,0.0,0.206896552,0.0,0.0,0.034482759,0.0,0.172413793,0.206896552,0.24137931,0.206896552,0.0,0.49871450662612915,0.25209590792655945,0.5195573568344116,0.1677553951740265,0.40091371536254883,0.2121703326702118,0.6562212109565735,0.3830762803554535,1.2086445093154907,0.15741033852100372,0.346944659948349,0.32856741547584534,0.13685645163059235,1.5368492603302002,0.40671080350875854,0.2900056540966034,0.20809118449687958,0.12306974083185196,0.04380136728286743,0.2672531306743622,0.26317501068115234,0.05689600482583046,0.2239380031824112,0.12167365849018097,0.06023208424448967,0.21398383378982544,0.11320379376411438,0.07801294326782227,0.20916105806827545,0.2493220865726471,0.30987799167633057,0.053387582302093506,0.09944087266921997,0.12269453704357147,0.05602099746465683,0.46722713112831116,0.14267034828662872,0.013685427606105804,0.02066640928387642,0.12681815028190613,0.1794596016407013,0.14377258718013763,0.08232251554727554,0.13100220263004303,0.2033485323190689,0.14165472984313965,0.08987129479646683,0.19409382343292236,0.22136136889457703,0.1548224240541458,0.07348603010177612
AI780,0.142857143,0.0,0.178571429,0.0,0.321428571,0.178571429,0.464285714,0.0,0.928571429,0.392857143,0.0,0.142857143,0.0,1.357142857,0.321428571,0.25,0.357142857,0.107142857,0.0,1.285714286,2.285714286,0.071428571,0.535714286,0.0,0.142857143,0.321428571,0.107142857,0.678571429,0.142857143,0.178571429,0.0,0.0,0.0,0.178571429,0.0,0.214285714,0.035714286,0.0,0.0,0.0,0.142857143,0.0,0.0,0.035714286,0.0,0.0,0.0,0.107142857,0.178571429,0.0,0.0,0.49871450662612915,0.25209590792655945,0.5195573568344116,0.1677553951740265,0.40091371536254883,0.2121703326702118,0.6562212109565735,0.3830762803554535,1.2086445093154907,0.15741033852100372,0.346944659948349,0.32856741547584534,0.13685645163059235,1.5368492603302002,0.40671080350875854,0.2900056540966034,0.20809118449687958,0.12306974083185196,0.04380136728286743,0.2672531306743622,0.26317501068115234,0.05689600482583046,0.2239380031824112,0.12167365849018097,0.06023208424448967,0.21398383378982544,0.11320379376411438,0.07801294326782227,0.20916105806827545,0.2493220865726471,0.30987799167633057,0.053387582302093506,0.09944087266921997,0.12269453704357147,0.05602099746465683,0.46722713112831116,0.14267034828662872,0.013685427606105804,0.02066640928387642,0.12681815028190613,0.1794596016407013,0.14377258718013763,0.08232251554727554,0.13100220263004303,0.2033485323190689,0.14165472984313965,0.08987129479646683,0.19409382343292236,0.22136136889457703,0.1548224240541458,0.07348603010177612
AC299,0.107142857,0.0,0.285714286,0.785714286,0.0,0.142857143,0.178571429,0.25,0.571428571,0.107142857,0.107142857,0.5,0.142857143,0.821428571,0.392857143,0.392857143,0.071428571,0.107142857,0.107142857,0.071428571,0.25,0.071428571,0.178571429,0.107142857,0.0,0.142857143,0.0,0.107142857,0.0,0.107142857,0.464285714,0.214285714,0.0,0.107142857,0.107142857,0.571428571,0.5,0.0,0.0,0.0,0.142857143,0.321428571,0.035714286,0.357142857,0.678571429,0.892857143,0.0,0.642857143,0.428571429,0.035714286,0.0,0.3220163583755493,0.2195924073457718,0.5397451519966125,0.2055477350950241,0.3549622893333435,0.18869642913341522,0.6008560657501221,0.3099951446056366,0.9490202069282532,0.16018615663051605,0.41123220324516296,0.5189629197120667,0.11415711790323257,1.3192071914672852,0.49110978841781616,0.35448163747787476,0.2707939147949219,0.18133729696273804,0.13691741228103638,0.36683300137519836,0.38344573974609375,0.12094917893409729,0.2855863571166992,0.10323932021856308,0.06114443019032478,0.147501140832901,0.1583343744277954,0.07462815195322037,0.14332827925682068,0.17250370979309082,0.2474493831396103,0.18557526171207428,0.15438634157180786,0.0925908237695694,0.046224188059568405,0.4320032596588135,0.1450791358947754,0.015179090201854706,0.024608882144093513,0.07145458459854126,0.1886581927537918,0.19217826426029205,0.08833955228328705,0.5027774572372437,0.20087146759033203,0.10730814933776855,0.08462414890527725,0.25353193283081055,0.22986866533756256,0.1217326745390892,0.09438592940568924
AD315,1.0625,3.25,0.5625,0.25,0.5625,0.1875,0.125,0.0,0.3125,0.25,0.125,0.0625,0.0,0.375,0.0,0.0,0.0,0.0,0.0,0.0625,0.1875,0.125,0.0,0.1875,0.0,0.0,0.0,0.0,0.0,0.0,0.0,0.0,0.0,0.1875,0.0,0.1875,0.0,0.0,0.0,0.0,0.0,0.0,0.0,0.0,0.25,0.1875,0.0,0.0,0.125,0.375,0.0,0.6773025989532471,1.1957215070724487,0.5505275130271912,0.23779766261577606,0.2830098569393158,0.18585659563541412,0.7178865671157837,0.3186001181602478,1.175784707069397,0.24041777849197388,0.33467045426368713,0.33438029885292053,0.1664111614227295,1.3954212665557861,0.29932594299316406,0.2785164415836334,0.23468390107154846,0.11897773295640945,0.07116497308015823,0.2349204272031784,0.29509180784225464,0.09150835871696472,0.22761565446853638,0.07280022650957108,0.05915975943207741,0.14570453763008118,0.072279192507267,0.06685066223144531,0.06524062901735306,0.23464401066303253,0.20389826595783234,0.08188402652740479,0.09350761026144028,0.06730442494153976,0.06235431134700775,0.2034044861793518,0.15258674323558807,0.03282453119754791,0.022237146273255348,0.10129690170288086,0.19223123788833618,0.15531542897224426,0.08222752809524536,0.2002161741256714,0.2680322825908661,0.06967633217573166,0.12880559265613556,0.19618815183639526,0.23192498087882996,0.14770962297916412,0.09957106411457062
AD481,0.230769231,0.0,0.461538462,0.230769231,0.307692308,0.0,0.0,0.0,0.0,0.0,0.0,0.0,0.0,0.0,0.0,0.0,0.0,0.0,0.076923077,0.0,0.0,0.230769231,0.384615385,0.923076923,0.0,0.0,0.769230769,0.692307692,1.615384615,0.307692308,0.0,0.769230769,0.846153846,0.0,0.461538462,1.0,0.0,1.153846154,0.0,1.153846154,0.0,0.230769231,0.230769231,0.0,0.0,0.153846154,0.0,0.307692308,0.0,0.076923077,0.0,0.32932254672050476,0.05046439543366432,0.28762197494506836,0.0380261056125164,0.2828320860862732,0.08213234692811966,0.25933197140693665,0.1696641743183136,0.9798225164413452,0.11172354966402054,0.257610946893692,0.26353150606155396,0.11107710748910904,0.8895977139472961,0.23996299505233765,0.2839096486568451,0.20829465985298157,0.11615817993879318,0.16616258025169373,0.3663330078125,0.4488705098628998,0.3520911931991577,0.2922450006008148,0.28998687863349915,0.060122765600681305,0.158327117562294,0.12641233205795288,0.09303537756204605,0.25611335039138794,0.3359941840171814,0.40045949816703796,0.5657961368560791,0.3716064393520355,0.14700430631637573,0.1864011287689209,0.3932097554206848,0.14269639551639557,0.2067130208015442,0.058956339955329895,0.7370696663856506,0.17775703966617584,0.11755529046058655,0.10097313672304153,0.11876409500837326,0.1538199782371521,0.17466627061367035,0.0411471426486969,0.11748518794775009,0.1979028433561325,0.14901630580425262,0.0841858983039856
AD737,0.230769231,0.0,0.461538462,0.538461538,0.0,0.307692308,0.0,0.307692308,0.769230769,0.0,0.230769231,0.076923077,0.0,0.384615385,0.0,0.0,0.0,0.0,0.0,0.0,0.0,0.0,0.0,0.0,0.0,0.0,0.0,0.0,0.0,0.0,0.384615385,0.0,0.0,0.153846154,0.0,0.538461538,0.153846154,0.0,0.0,0.076923077,0.461538462,0.615384615,0.307692308,0.307692308,0.692307692,0.230769231,0.0,0.538461538,0.230769231,0.153846154,0.230769231,0.49219101667404175,0.3044497072696686,0.6204937696456909,0.2598998546600342,0.3889226019382477,0.15159209072589874,0.48204371333122253,0.30124780535697937,1.09712815284729,0.15789465606212616,0.32279059290885925,0.355023056268692,0.07550427317619324,1.0184625387191772,0.27242881059646606,0.27818796038627625,0.2585892379283905,0.16730469465255737,0.09639614820480347,0.3492797017097473,0.5519867539405823,0.15170685946941376,0.34030836820602417,0.12956839799880981,0.06049582362174988,0.10441873967647552,0.12599584460258484,0.08122257143259048,0.06306089460849762,0.27022233605384827,0.3899746537208557,0.09808952361345291,0.1417887657880783,0.15863558650016785,0.0821477472782135,0.3936448395252228,0.1417088508605957,0.12360979616641998,0.02871117740869522,0.20684273540973663,0.1847066879272461,0.29621943831443787,0.09120766818523407,0.4675629734992981,0.31531259417533875,0.4891784191131592,0.14761747419834137,0.7541491389274597,0.21851292252540588,0.1499178409576416,0.11562275886535645
AE574,0.37037037,0.481481481,0.296296296,0.111111111,0.333333333,0.074074074,0.296296296,0.0,0.777777778,0.222222222,0.592592593,0.407407407,0.111111111,0.111111111,0.111111111,0.0,0.074074074,0.0,0.0,0.0,0.111111111,0.0,0.148148148,0.111111111,0.0,0.0,0.222222222,0.444444444,0.925925926,0.259259259,0.925925926,0.111111111,0.0,0.148148148,0.0,0.222222222,0.0,0.0,0.888888889,1.037037037,0.185185185,0.148148148,0.296296296,0.185185185,0.222222222,0.407407407,0.222222222,0.333333333,0.185185185,0.0,0.0,0.49658623337745667,0.1444791853427887,0.45130762457847595,0.11815346777439117,0.4087143838405609,0.11676813662052155,0.5259618163108826,0.27250561118125916,1.3234434127807617,0.3133819103240967,0.451842337846756,0.7043094038963318,0.14779570698738098,1.180458903312683,0.2954186797142029,0.27819210290908813,0.20910559594631195,0.12290528416633606,0.06450914591550827,0.19699445366859436,0.2440434843301773,0.07460978627204895,0.219583198428154,0.14606045186519623,0.06246053799986839,0.37089985609054565,0.2606363296508789,0.15769031643867493,0.491300106048584,0.336810827255249,0.2960970997810364,0.09146320819854736,0.2972634732723236,0.17791974544525146,0.08847840130329132,0.5239931344985962,0.151284858584404,0.06557072699069977,0.07291096448898315,0.16568872332572937,0.2064068466424942,0.3033192753791809,0.084047332406044,0.23181384801864624,0.15032172203063965,0.3019084930419922,0.1307617872953415,0.370603084564209,0.22752344608306885,0.1546214371919632,0.1152464970946312
AE715,0.642857143,0.071428571,0.535714286,0.607142857,0.25,0.678571429,0.25,0.071428571,0.0,0.107142857,0.0,0.0,0.0,0.321428571,0.0,0.0,0.035714286,0.0,0.0,0.0,0.0,0.0,0.0,0.0,0.0,0.0,0.0,0.0,0.0,0.0,0.0,0.0,0.0,0.785714286,0.0,0.428571429,0.535714286,0.0,0.0,0.142857143,0.071428571,0.285714286,0.071428571,1.607142857,1.642857143,1.357142857,0.892857143,0.821428571,0.0,0.178571429,0.464285714,0.33368051052093506,0.14314240217208862,0.47662168741226196,1.06875741481781,0.32572731375694275,0.12772341072559357,0.2235725075006485,0.29849177598953247,0.33496126532554626,0.07827989757061005,0.10155761986970901,0.12983708083629608,0.03928696736693382,0.84574955701828,0.30585652589797974,0.28324371576309204,0.19287368655204773,0.2182764708995819,0.05419854074716568,0.23750589787960052,0.2992324233055115,0.0634344071149826,0.22200219333171844,0.0986514538526535,0.06047074496746063,0.1334238350391388,0.16867519915103912,0.09805884212255478,0.16956941783428192,0.23793001472949982,0.18355639278888702,0.07138818502426147,0.14469780027866364,0.18565842509269714,0.05254531651735306,0.46951836347579956,0.14017094671726227,0.08458545804023743,0.05615704506635666,0.10194169729948044,0.18963733315467834,0.2026439607143402,0.1017795279622078,0.6328160166740417,0.6946200728416443,0.2775818407535553,0.10775309801101685,0.7154383063316345,0.2421439290046692,0.13653817772865295,0.0918668881058693
AE809,0.678571429,0.071428571,0.178571429,0.0,0.178571429,0.071428571,0.0,0.071428571,0.107142857,0.178571429,0.0,0.107142857,0.0,0.428571429,0.142857143,0.142857143,0.0,0.0,0.071428571,1.035714286,1.714285714,0.142857143,0.75,0.214285714,0.142857143,0.0,0.142857143,0.071428571,0.0,0.142857143,0.0,0.285714286,0.142857143,0.642857143,0.535714286,0.357142857,0.142857143,0.0,0.0,0.107142857,0.0,0.214285714,0.142857143,0.0,0.0,0.107142857,0.0,0.0,0.321428571,0.071428571,0.035714286,0.36131277680397034,0.11849962919950485,0.32249101996421814,0.10270337760448456,0.3404959738254547,0.12190327048301697,0.16707414388656616,0.1566203236579895,0.30270808935165405,0.0714683011174202,0.15578719973564148,0.09890932589769363,0.04831515625119209,0.6316349506378174,0.2410367727279663,0.2622869610786438,0.2678448557853699,0.24651609361171722,0.31471043825149536,0.5701209902763367,0.7682576775550842,0.14587977528572083,0.4170008599758148,0.25933894515037537,0.06090475618839264,0.08636491000652313,0.10085581243038177,0.10333052277565002,0.06517544388771057,0.28780388832092285,0.2057592272758484,0.3089875876903534,0.1276775300502777,0.4135963022708893,0.20105230808258057,0.6794129014015198,0.17101861536502838,0.14305149018764496,0.06793203204870224,0.22316937148571014,0.19445689022541046,0.30345720052719116,0.1126340851187706,0.24295596778392792,0.2279549390077591,0.3876420259475708,0.18355180323123932,0.4205774962902069,0.22369134426116943,0.16822457313537598,0.12620291113853455
AE911,0.555555556,0.074074074,0.62962963,0.37037037,0.259259259,0.407407407,0.37037037,0.0,0.0,0.111111111,0.148148148,0.0,0.222222222,0.592592593,0.0,0.0,0.0,0.0,0.0,0.0,0.0,0.0,0.0,0.0,0.0,0.0,0.0,0.0,0.0,0.185185185,0.222222222,0.111111111,0.037037037,0.296296296,0.0,0.814814815,0.62962963,0.0,0.0,0.0,0.37037037,0.296296296,0.0,1.666666667,1.481481481,1.37037037,0.777777778,1.222222222,0.333333333,0.148148148,0.37037037,0.3137796223163605,0.11486057192087173,0.46108847856521606,0.7528566122055054,0.3471791446208954,0.17841869592666626,0.20512883365154266,0.2210061103105545,0.29200848937034607,0.04826698079705238,0.08975691348314285,0.053752027451992035,0.024287188425660133,0.7452257871627808,0.2622082233428955,0.2315693348646164,0.20499756932258606,0.1802370548248291,0.08256138861179352,0.3946446180343628,0.6111509799957275,0.08311205357313156,0.26637962460517883,0.11939462274312973,0.058805178850889206,0.14420020580291748,0.0908789187669754,0.09193732589483261,0.10533279180526733,0.12402582168579102,0.11428340524435043,0.05582989379763603,0.09561347216367722,0.24166864156723022,0.05819287523627281,0.5639916062355042,0.147047758102417,0.0989501029253006,0.04330436885356903,0.05381407588720322,0.1917385309934616,0.16618765890598297,0.10263878852128983,0.41623103618621826,0.5016587376594543,0.2906956374645233,0.12288296967744827,0.4813080430030823,0.2338535338640213,0.14565971493721008,0.12535634636878967
AE942,0.740740741,0.074074074,0.296296296,0.074074074,0.111111111,0.444444444,0.296296296,0.333333333,0.0,0.148148148,0.0,0.0,0.0,0.259259259,0.0,0.0,0.0,0.0,0.0,0.0,0.0,0.0,0.0,0.0,0.0,0.0,0.0,0.0,0.0,0.111111111,0.148148148,0.074074074,0.0,0.851851852,0.185185185,0.518518519,1.037037037,0.111111111,0.0,0.111111111,0.111111111,0.259259259,0.111111111,1.62962963,0.666666667,1.185185185,0.888888889,0.925925926,0.518518519,0.037037037,0.333333333,0.34789782762527466,0.06744351983070374,0.4124910235404968,0.09155946969985962,0.3247394561767578,0.10531888902187347,0.14098875224590302,0.1742011308670044,0.4205351769924164,0.06445538997650146,0.10737606137990952,0.08259334415197372,0.03383823484182358,0.7081149816513062,0.2934820055961609,0.2535189986228943,0.31499984860420227,0.27999991178512573,0.2082776427268982,0.6678158640861511,0.542831540107727,0.2619534134864807,0.34787604212760925,0.14579132199287415,0.06049709394574165,0.1346215456724167,0.14677666127681732,0.09677711874246597,0.06836836040019989,0.23457156121730804,0.15678995847702026,0.1334003210067749,0.13443823158740997,0.2571025490760803,0.06501882523298264,0.45178794860839844,0.14670273661613464,0.1393473595380783,0.05981958657503128,0.16366985440254211,0.19150549173355103,0.23704089224338531,0.10395554453134537,0.32140547037124634,0.3655838370323181,0.37734222412109375,0.17457804083824158,1.2468029260635376,0.21927770972251892,0.13977590203285217,0.11773194372653961
AK436,0.0,0.133333333,0.333333333,0.2,0.166666667,0.533333333,0.4,0.333333333,1.033333333,3.433333333,0.466666667,0.433333333,0.0,1.866666667,0.133333333,0.233333333,0.133333333,0.133333333,0.1,0.0,0.233333333,0.0,0.0,0.1,0.0,0.2,0.066666667,0.0,0.0,0.566666667,0.0,0.0,0.0,0.0,0.0,0.066666667,0.1,0.0,0.0,0.0,0.0,0.066666667,0.0,0.433333333,0.366666667,0.0,0.133333333,0.1,0.0,0.0,0.266666667,0.6055546998977661,0.07092372328042984,0.5975446701049805,0.07812688499689102,0.38724544644355774,0.15776769816875458,0.4165880084037781,0.25289711356163025,0.7794333100318909,0.13523927330970764,0.20141951739788055,0.17026251554489136,0.05725238099694252,1.060060977935791,0.2776288688182831,0.23126955330371857,0.1893085092306137,0.16723774373531342,0.15337391197681427,0.2657991945743561,0.274906724691391,0.07902682572603226,0.2246944010257721,0.07597000896930695,0.06031987816095352,0.18212176859378815,0.07569459825754166,0.07095938175916672,0.03956230357289314,0.2614245116710663,0.1863221824169159,0.015267501585185528,0.06148875504732132,0.2485169917345047,0.039997704327106476,0.4598575234413147,0.143941268324852,0.02320999465882778,0.018576605245471,0.12811478972434998,0.20087531208992004,0.1317005455493927,0.08716139942407608,0.17682883143424988,0.14634303748607635,0.34324851632118225,0.14776872098445892,0.3446381390094757,0.22641636431217194,0.14957468211650848,0.0965418741106987
AK497,0.133333333,0.066666667,0.666666667,0.233333333,0.266666667,0.1,0.533333333,0.166666667,1.5,0.133333333,0.166666667,0.066666667,0.133333333,1.333333333,0.333333333,0.133333333,0.533333333,0.0,0.0,0.166666667,0.533333333,0.0,0.533333333,0.233333333,0.0,0.133333333,0.0,0.0,0.0,0.266666667,0.433333333,0.033333333,0.0,0.466666667,0.0,0.933333333,0.2,0.0,0.0,0.033333333,0.0,0.0,0.2,0.366666667,0.233333333,0.5,0.333333333,0.2,0.233333333,0.166666667,0.266666667,0.48561012744903564,0.15726739168167114,0.5462470054626465,0.05092095211148262,0.3872344493865967,0.14120171964168549,0.37313520908355713,0.21382765471935272,0.7835329174995422,0.19878892600536346,0.1706741899251938,0.1166268140077591,0.03439992293715477,1.0254656076431274,0.2262822985649109,0.25414860248565674,0.21745198965072632,0.1315135508775711,0.09342982620000839,0.27044472098350525,0.3386610746383667,0.04871444031596184,0.27602630853652954,0.10381998121738434,0.06023208424448967,0.20988790690898895,0.0725117027759552,0.07367268204689026,0.07978278398513794,0.3618026375770569,0.1523013710975647,0.03941589966416359,0.03238523378968239,0.21106764674186707,0.0628172978758812,0.5693896412849426,0.14405129849910736,0.027285313233733177,0.023167258128523827,0.12343345582485199,0.18126656115055084,0.1718565970659256,0.08118116855621338,0.16631828248500824,0.15856458246707916,0.37189561128616333,0.0958593413233757,0.39303073287010193,0.2267453670501709,0.1657189279794693,0.14923875033855438
AK502,0.633333333,0.233333333,0.3,0.0,0.1,0.3,0.433333333,0.266666667,1.4,2.166666667,0.4,0.3,0.0,1.9,0.1,0.233333333,0.333333333,0.0,0.0,0.0,0.0,0.0,0.1,0.0,0.033333333,0.166666667,0.0,0.0,0.0,1.1,0.4,0.1,0.3,0.0,0.0,0.033333333,0.2,0.0,0.0,0.0,0.0,0.233333333,0.0,0.2,0.233333333,0.833333333,0.2,0.066666667,0.0,0.1,0.3,0.579085111618042,0.2743578851222992,0.4214305281639099,0.04785175248980522,0.3017398715019226,0.08349981158971786,0.3378428518772125,0.2151375412940979,0.7894235849380493,0.11701425164937973,0.24806305766105652,0.2344660460948944,0.04617351293563843,1.060192346572876,0.24431449174880981,0.26601728796958923,0.2051873356103897,0.13169942796230316,0.08191677182912827,0.30475184321403503,0.2932598888874054,0.17296315729618073,0.22958332300186157,0.18642286956310272,0.059804320335388184,0.18427057564258575,0.14861144125461578,0.08024987578392029,0.14890697598457336,0.5678040385246277,0.28531524538993835,0.08644294738769531,0.2206442803144455,0.1246352419257164,0.05971658229827881,0.4357788562774658,0.14145837724208832,0.14042308926582336,0.035775601863861084,0.25526461005210876,0.18382494151592255,0.12757755815982819,0.08906149864196777,0.16213466227054596,0.23454223573207855,0.3840663731098175,0.0892428457736969,0.29521411657333374,0.22335562109947205,0.15707772970199585,0.1229061409831047
AK602,0.4,0.033333333,0.5,0.066666667,0.3,0.133333333,0.266666667,0.266666667,1.733333333,0.533333333,0.233333333,0.433333333,0.1,1.933333333,0.5,0.233333333,0.866666667,0.033333333,0.166666667,0.366666667,0.4,0.0,0.733333333,0.1,0.0,0.066666667,0.0,0.0,0.066666667,0.066666667,0.033333333,0.0,0.0,0.0,0.0,0.1,0.366666667,0.0,0.0,0.1,0.2,0.133333333,0.0,0.466666667,0.2,0.533333333,0.0,0.033333333,0.266666667,0.233333333,0.0,0.45102882385253906,0.12380746752023697,0.4716614782810211,0.057101279497146606,0.3847652077674866,0.1443765014410019,0.3081539273262024,0.24351847171783447,0.5213858485221863,0.05373891070485115,0.11290941387414932,0.06658745557069778,0.030961181968450546,0.8270617127418518,0.4174119532108307,0.25146228075027466,0.23150868713855743,0.25634801387786865,0.09143567085266113,0.42677411437034607,0.5048571825027466,0.1035587340593338,0.3539469242095947,0.08488436043262482,0.059047408401966095,0.17713111639022827,0.08935872465372086,0.07142835855484009,0.026902226731181145,0.30301231145858765,0.17924149334430695,0.03838730230927467,0.057479508221149445,0.27717486023902893,0.05213684216141701,0.6400259137153625,0.14430280029773712,0.06626571714878082,0.01885482482612133,0.12853257358074188,0.18879291415214539,0.16672082245349884,0.0943354144692421,0.16916024684906006,0.07647774368524551,0.3332362174987793,0.10204561799764633,0.4076290428638458,0.2259232997894287,0.15708771347999573,0.10931955277919769
AK851,0.233333333,0.0,0.133333333,0.1,0.2,0.433333333,0.4,0.3,0.733333333,3.666666667,0.233333333,0.3,0.0,1.733333333,0.0,0.266666667,0.1,0.0,0.0,0.0,0.266666667,0.0,0.0,0.0,0.0,0.066666667,0.0,0.0,0.1,0.466666667,0.066666667,0.0,0.0,0.166666667,0.0,0.6,0.333333333,0.0,0.133333333,0.066666667,0.0,0.0,0.1,0.5,0.266666667,0.7,0.266666667,0.0,0.133333333,0.0,0.266666667,0.4736599028110504,0.1609472632408142,0.4721258282661438,0.05966627225279808,0.37805506587028503,0.12633423507213593,0.3603878617286682,0.24532100558280945,0.7956370115280151,0.11936502158641815,0.19086290895938873,0.10875901579856873,0.034712426364421844,1.2977142333984375,0.37682056427001953,0.28104519844055176,0.21285465359687805,0.12115682661533356,0.06958041340112686,0.2730156183242798,0.27140435576438904,0.057245492935180664,0.23010389506816864,0.10840436816215515,0.06023208424448967,0.2228298932313919,0.10213715583086014,0.07195988297462463,0.14438501000404358,0.35682040452957153,0.24498596787452698,0.034190524369478226,0.04317299276590347,0.20854692161083221,0.04236535727977753,0.5996864438056946,0.14102281630039215,0.017678778618574142,0.02076893486082554,0.14161770045757294,0.18069401383399963,0.15447311103343964,0.0875253975391388,0.1465955227613449,0.15793083608150482,0.2610771656036377,0.11433854699134827,0.35375967621803284,0.21481943130493164,0.16608618199825287,0.11173858493566513
AK852,0.3,0.0,0.433333333,0.233333333,0.333333333,0.533333333,0.533333333,0.333333333,0.966666667,2.833333333,0.466666667,0.566666667,0.0,1.866666667,0.233333333,0.3,0.2,0.0,0.0,0.0,0.0,0.0,0.0,0.066666667,0.033333333,0.066666667,0.0,0.0,0.0,0.633333333,0.533333333,0.033333333,0.0,0.0,0.0,0.133333333,0.0,0.0,0.0,0.0,0.0,0.0,0.0,0.233333333,0.0,0.6,0.1,0.733333333,0.0,0.0,0.166666667,0.6025769114494324,0.1990458220243454,0.4769643247127533,0.08778159320354462,0.3778435289859772,0.11483105272054672,0.40483683347702026,0.25083017349243164,0.9185723662376404,0.13009676337242126,0.2656644284725189,0.2516976594924927,0.05419813469052315,1.1584235429763794,0.2619812786579132,0.24220459163188934,0.21125702559947968,0.13302162289619446,0.12831491231918335,0.3062179982662201,0.3148176372051239,0.09517467021942139,0.23939542472362518,0.12358160316944122,0.06056838110089302,0.22773054242134094,0.12109808623790741,0.07844139635562897,0.10227260738611221,0.3682881295681,0.2616989314556122,0.075439453125,0.08189380913972855,0.16573487222194672,0.06374575197696686,0.507093071937561,0.14598393440246582,0.12229472398757935,0.02878717891871929,0.21071910858154297,0.18400868773460388,0.12373175472021103,0.08808470517396927,0.12290292233228683,0.12921008467674255,0.3317389190196991,0.11181218922138214,0.4981580078601837,0.21970315277576447,0.1493641585111618,0.11116115003824234
AL100,1.233333333,0.0,0.233333333,0.066666667,0.3,0.2,0.266666667,0.033333333,0.433333333,0.1,0.0,0.0,0.0,0.7,0.366666667,0.333333333,0.3,0.033333333,0.033333333,0.166666667,0.0,0.066666667,0.266666667,0.266666667,0.1,0.6,0.166666667,0.0,0.8,0.966666667,0.133333333,0.1,0.0,0.433333333,0.166666667,1.5,0.2,0.266666667,0.133333333,0.133333333,0.1,0.0,0.866666667,0.266666667,0.066666667,0.5,0.333333333,0.2,0.0,0.0,0.033333333,0.4769802987575531,0.12694618105888367,0.4457269310951233,0.21007104218006134,0.4293098747730255,0.1367407739162445,0.3889434337615967,0.18745876848697662,0.4309307634830475,0.1270732432603836,0.15187104046344757,0.11699356138706207,0.04886016249656677,0.6295915246009827,0.16684076189994812,0.19722400605678558,0.18253588676452637,0.11977170407772064,0.057622380554676056,0.2648945748806,0.2878875732421875,0.055726878345012665,0.2033083736896515,0.09197860956192017,0.058805178850889206,0.3424951732158661,0.07920413464307785,0.06767765432596207,0.15961988270282745,0.3900204002857208,0.20792582631111145,0.04279933497309685,0.11872827261686325,0.35322776436805725,0.09884300082921982,0.9501685500144958,0.15976539254188538,0.14521247148513794,0.03031463921070099,0.1964893341064453,0.186517134308815,0.16730648279190063,0.09155261516571045,0.08293529599905014,0.12259199470281601,0.21670202910900116,0.10226530581712723,0.09424382448196411,0.23849667608737946,0.17203862965106964,0.15579724311828613
AL426,0.366666667,0.0,0.233333333,0.0,0.833333333,0.2,0.233333333,0.0,0.133333333,0.1,0.0,0.033333333,0.0,0.2,0.233333333,0.066666667,0.266666667,0.033333333,0.266666667,0.933333333,1.7,0.0,0.833333333,0.0,0.0,0.366666667,0.0,0.066666667,0.0,0.0,0.0,0.0,0.033333333,0.766666667,0.1,0.966666667,0.0,0.0,0.0,0.0,0.433333333,0.4,0.0,0.0,0.133333333,0.233333333,0.533333333,0.0,0.533333333,0.166666667,0.366666667,0.6239407062530518,0.1300964057445526,0.40237709879875183,0.08944791555404663,0.4353792369365692,0.16463394463062286,0.30036383867263794,0.16384640336036682,0.36966225504875183,0.11251016706228256,0.1011112630367279,0.04820617660880089,0.026634493842720985,0.3455318212509155,0.13416330516338348,0.16839081048965454,0.18320414423942566,0.14477331936359406,0.1293841451406479,0.5421984791755676,0.6555843949317932,0.0846228301525116,0.2952550947666168,0.1058497279882431,0.058805178850889206,0.19566704332828522,0.0785486176609993,0.08006300777196884,0.09416631609201431,0.27086398005485535,0.24382677674293518,0.11911051720380783,0.09773624688386917,0.5227970480918884,0.20621494948863983,0.80963134765625,0.15818341076374054,0.22593332827091217,0.051817312836647034,0.20891830325126648,0.20668502151966095,0.2048833668231964,0.1250993311405182,0.15809398889541626,0.14660680294036865,0.21853727102279663,0.14140044152736664,0.08369380235671997,0.2389599233865738,0.15595845878124237,0.14509108662605286
AL541,0.6,0.0,0.733333333,1.466666667,0.633333333,0.1,0.566666667,0.0,0.533333333,0.066666667,0.066666667,0.0,0.0,1.833333333,0.5,0.466666667,0.7,0.0,0.0,0.1,0.0,0.0,0.066666667,0.0,0.133333333,0.1,0.066666667,0.0,0.066666667,0.166666667,0.3,0.0,0.0,0.4,0.0,0.8,0.166666667,0.033333333,0.1,0.133333333,0.1,0.033333333,0.233333333,0.066666667,0.533333333,0.0,0.2,0.033333333,0.066666667,0.2,0.1,0.3894822895526886,0.04314691945910454,0.3655644655227661,0.09304811805486679,0.39854422211647034,0.12453826516866684,0.28001725673675537,0.12060722708702087,0.3941625952720642,0.0779467448592186,0.09693638235330582,0.062193453311920166,0.032673876732587814,0.686640739440918,0.2480253428220749,0.2104875147342682,0.20580293238162994,0.1286962926387787,0.1048644632101059,0.37667733430862427,0.4388118386268616,0.0740128830075264,0.25693294405937195,0.06253871321678162,0.059047408401966095,0.1767853945493698,0.07274746149778366,0.07530822604894638,0.1278793215751648,0.42143169045448303,0.22520431876182556,0.07572615891695023,0.07970334589481354,0.30867910385131836,0.09520706534385681,0.8589759469032288,0.14371545612812042,0.15842784941196442,0.020719679072499275,0.1349295675754547,0.18946868181228638,0.1442268192768097,0.09297551959753036,0.1249614804983139,0.14166755974292755,0.30698099732398987,0.11444592475891113,0.31383582949638367,0.2048456370830536,0.16233548521995544,0.14842236042022705
AL657,0.933333333,0.133333333,0.333333333,0.433333333,0.266666667,0.133333333,0.833333333,0.333333333,2.0,0.266666667,0.9,0.433333333,0.233333333,2.066666667,0.266666667,0.4,0.166666667,0.0,0.0,0.066666667,0.066666667,0.166666667,0.233333333,0.066666667,0.033333333,0.266666667,0.0,0.0,0.166666667,0.133333333,0.3,0.0,0.066666667,0.166666667,0.0,0.133333333,0.0,0.0,0.0,0.1,0.0,0.233333333,0.066666667,0.0,0.1,0.366666667,0.0,0.5,0.2,0.0,0.066666667,0.5193071961402893,0.08698529005050659,0.6907731890678406,0.2891593277454376,0.48915886878967285,0.27347296476364136,0.32444489002227783,0.25011053681373596,0.3520651161670685,0.08646491914987564,0.10168580710887909,0.050422780215740204,0.022308286279439926,0.8713670969009399,0.26456689834594727,0.2640174925327301,0.21044127643108368,0.13507245481014252,0.08902150392532349,0.2784605026245117,0.5440665483474731,0.0665607750415802,0.2684149146080017,0.053872399032115936,0.059047408401966095,0.24117107689380646,0.06717429310083389,0.06705072522163391,0.05296977609395981,0.21570846438407898,0.2211558222770691,0.03962511569261551,0.07032236456871033,0.2391422986984253,0.0797201544046402,0.7798519134521484,0.1431327909231186,0.04514420032501221,0.01731117069721222,0.04763701930642128,0.1920759677886963,0.15795964002609253,0.07730244100093842,0.09796429425477982,0.17117668688297272,0.1424447000026703,0.12601666152477264,0.14645785093307495,0.23577070236206055,0.15849028527736664,0.15040822327136993
AL860,1.166666667,0.1,0.833333333,0.233333333,0.6,0.233333333,0.433333333,0.0,0.5,0.3,0.133333333,0.066666667,0.0,0.733333333,0.066666667,0.1,0.2,0.0,0.0,0.0,0.166666667,0.0,0.066666667,0.0,0.0,0.1,0.0,0.0,0.0,0.066666667,0.266666667,0.0,0.0,0.366666667,0.1,0.8,0.1,0.133333333,0.066666667,0.033333333,0.733333333,0.066666667,0.0,0.033333333,0.133333333,0.133333333,0.8,0.0,1.033333333,0.2,0.166666667,0.6500731110572815,0.16122537851333618,0.5651342868804932,0.22047902643680573,0.4742153584957123,0.19859245419502258,0.369257390499115,0.26018059253692627,0.524762749671936,0.2154163122177124,0.1433202028274536,0.20002275705337524,0.03850854933261871,0.7106941938400269,0.1966647058725357,0.20807528495788574,0.2134244590997696,0.13205817341804504,0.11261650174856186,0.27131348848342896,0.4209405183792114,0.05796877294778824,0.27290311455726624,0.06586578488349915,0.059047408401966095,0.17044158279895782,0.0692533627152443,0.06526742875576019,0.08287212252616882,0.31534671783447266,0.20230141282081604,0.012714177370071411,0.058121465146541595,0.21182487905025482,0.10294587165117264,0.7370137572288513,0.14749865233898163,0.08101087063550949,0.022641748189926147,0.07101979851722717,0.18855027854442596,0.1925007402896881,0.08747191727161407,0.09257712215185165,0.16863316297531128,0.18149253726005554,0.09863387793302536,0.07306919246912003,0.24383893609046936,0.16983532905578613,0.12787269055843353
AM082,0.2,0.0,0.233333333,0.1,0.666666667,0.1,0.4,0.3,1.566666667,0.266666667,0.233333333,0.666666667,0.0,1.233333333,0.266666667,0.266666667,0.266666667,0.0,0.133333333,0.366666667,0.533333333,0.0,0.333333333,0.066666667,0.133333333,0.066666667,0.066666667,0.0,0.266666667,0.1,0.6,0.0,0.0,0.3,0.0,0.266666667,0.0,0.0,0.0,0.0,0.3,0.166666667,0.0,0.5,0.633333333,0.2,0.233333333,0.4,0.0,0.0,0.133333333,0.34757372736930847,0.07029953598976135,0.392709881067276,0.07149329781532288,0.3619382679462433,0.10231804847717285,0.44550463557243347,0.2528284192085266,0.9539204239845276,0.1382671594619751,0.2863359749317169,0.4332255423069,0.09433963149785995,1.3618862628936768,0.32325872778892517,0.28439825773239136,0.20282480120658875,0.12039321660995483,0.04426782950758934,0.2187943160533905,0.23520663380622864,0.052307892590761185,0.22019900381565094,0.09044390916824341,0.06057460233569145,0.20220939815044403,0.1118655800819397,0.07430702447891235,0.16776511073112488,0.24700824916362762,0.2535209357738495,0.015458465553820133,0.03202812746167183,0.09074004739522934,0.05515647679567337,0.434744268655777,0.1460314244031906,0.030905403196811676,0.0361022874712944,0.07345155626535416,0.1809203177690506,0.1545344591140747,0.08568579703569412,0.1862793117761612,0.15927661955356598,0.22145675122737885,0.07029322534799576,0.38210126757621765,0.2044433206319809,0.14722725749015808,0.08355662971735
AM810,0.633333333,0.0,0.266666667,0.266666667,0.4,0.6,1.233333333,0.7,0.533333333,0.2,0.1,0.066666667,0.1,1.6,0.166666667,0.6,0.0,0.066666667,0.0,0.0,0.0,0.0,0.0,0.0,0.866666667,1.233333333,0.0,0.0,0.0,0.0,0.0,0.0,0.0,0.3,0.0,0.233333333,0.0,0.0,0.0,0.0,0.0,0.0,0.133333333,0.5,0.666666667,0.2,0.2,0.066666667,0.0,0.2,0.133333333,0.2893233299255371,0.07869001477956772,0.6507768630981445,0.2323586791753769,0.40975359082221985,0.2579413950443268,0.6692293882369995,0.4607256352901459,0.22012338042259216,0.052490558475255966,0.09482572227716446,0.09127197414636612,0.07479831576347351,1.0919878482818604,0.2645505666732788,0.22934624552726746,0.2209269255399704,0.19852842390537262,0.06906697154045105,0.1852758675813675,0.18680469691753387,0.07615634053945541,0.19594019651412964,0.07135707139968872,0.059873003512620926,0.22472693026065826,0.0803893432021141,0.06740281730890274,0.024916639551520348,0.05419934168457985,0.11576810479164124,0.023947035893797874,0.04074432700872421,0.11706238985061646,0.035925738513469696,0.5058852434158325,0.13959656655788422,0.007114919368177652,0.016062162816524506,0.006315764505416155,0.20426742732524872,0.1783018410205841,0.07823300361633301,0.32730305194854736,0.2959255576133728,0.1911284625530243,0.1388634890317917,0.13668179512023926,0.2228855937719345,0.14367075264453888,0.10011079162359238
AN268,0.633333333,0.1,0.633333333,0.3,0.333333333,0.166666667,0.033333333,0.4,0.266666667,0.0,0.0,0.1,0.0,1.066666667,0.466666667,0.233333333,0.4,0.3,0.166666667,1.333333333,1.966666667,0.1,1.166666667,0.066666667,0.0,0.166666667,0.1,0.133333333,0.233333333,0.066666667,0.033333333,0.0,0.0,0.533333333,0.1,1.3,0.0,0.0,0.0,0.033333333,0.066666667,0.166666667,0.0,0.066666667,0.166666667,0.066666667,0.0,0.166666667,0.2,0.2,0.166666667,0.27664244174957275,0.03694108501076698,0.463455468416214,0.38222721219062805,0.4035301208496094,0.1237766370177269,0.2226865291595459,0.3201768100261688,0.32867857813835144,0.03599373251199722,0.07624359428882599,0.05557190254330635,0.036683227866888046,1.1314727067947388,0.4292885661125183,0.29427585005760193,0.257619172334671,0.18728391826152802,0.0911613330245018,0.4183652698993683,0.43114030361175537,0.18346185982227325,0.2574355900287628,0.0691940039396286,0.06468666344881058,0.17795155942440033,0.09689615666866302,0.06920226663351059,0.10917029529809952,0.18965578079223633,0.19451436400413513,0.11245302855968475,0.11804439127445221,0.13591206073760986,0.025078952312469482,0.51382976770401,0.14155717194080353,0.04099201783537865,0.01756497472524643,0.04462193325161934,0.18316394090652466,0.1528763324022293,0.08100030571222305,0.16082169115543365,0.18250098824501038,0.14354348182678223,0.05486219748854637,0.31743261218070984,0.2319529503583908,0.14625029265880585,0.10305987298488617
AO235,0.333333333,0.133333333,0.233333333,0.533333333,0.6,0.5,0.566666667,0.6,1.5,0.0,0.3,0.233333333,0.3,1.766666667,0.366666667,0.5,0.366666667,0.133333333,0.033333333,0.066666667,0.166666667,0.166666667,0.066666667,0.033333333,0.0,0.066666667,0.033333333,0.0,0.0,0.133333333,0.0,0.033333333,0.0,0.133333333,0.066666667,0.366666667,0.266666667,0.0,0.0,0.066666667,0.333333333,0.3,0.033333333,0.133333333,0.1,0.0,0.0,0.0,0.766666667,0.133333333,0.0,0.4210720658302307,0.07192394137382507,0.4088476002216339,0.11783263832330704,0.3476656675338745,0.10819735378026962,0.37353500723838806,0.2355393022298813,0.7610647082328796,0.08624913543462753,0.24846412241458893,0.2792574465274811,0.07515833526849747,1.1810691356658936,0.3715187609195709,0.29554837942123413,0.24605152010917664,0.13619986176490784,0.11964473128318787,0.30413469672203064,0.33397388458251953,0.10103315114974976,0.22247524559497833,0.2152179628610611,0.05946965515613556,0.2799205482006073,0.11626629531383514,0.08287547528743744,0.14965952932834625,0.24809147417545319,0.28838634490966797,0.06658779084682465,0.11382550746202469,0.08970804512500763,0.03724198043346405,0.4325864315032959,0.14264202117919922,0.028710894286632538,0.031462736427783966,0.19736839830875397,0.1802707463502884,0.151794895529747,0.0838545635342598,0.17025843262672424,0.1461547315120697,0.1517208218574524,0.08842481672763824,0.2109692245721817,0.19627799093723297,0.14755210280418396,0.09240587800741196
AO882,0.233333333,0.0,0.433333333,0.166666667,0.3,0.0,0.533333333,0.433333333,0.433333333,0.0,0.0,0.033333333,0.0,1.366666667,0.5,0.433333333,0.166666667,0.066666667,0.0,0.866666667,1.266666667,0.433333333,0.933333333,0.3,0.433333333,0.233333333,0.933333333,0.066666667,0.5,0.266666667,0.366666667,0.133333333,0.133333333,0.1,0.066666667,0.6,0.0,0.1,0.166666667,1.033333333,0.3,0.2,0.0,0.133333333,0.233333333,0.0,0.0,0.066666667,0.066666667,0.266666667,0.033333333,0.3324652314186096,0.023824241012334824,0.4415777623653412,0.12513147294521332,0.3546239733695984,0.1045728325843811,0.2980769872665405,0.2509826421737671,0.3001898229122162,0.05480198189616203,0.07568469643592834,0.08249248564243317,0.041648898273706436,1.096091389656067,0.4674881398677826,0.27254539728164673,0.24551860988140106,0.17587871849536896,0.10324614495038986,0.4536879360675812,0.4364674389362335,0.25106731057167053,0.2521321773529053,0.19012512266635895,0.058980412781238556,0.1779477447271347,0.0957171693444252,0.08061879873275757,0.2544277608394623,0.3221086859703064,0.22442908585071564,0.21766135096549988,0.25161632895469666,0.20919744670391083,0.06937932223081589,0.623457670211792,0.14048372209072113,0.057771410793066025,0.02106553502380848,0.1934547871351242,0.1893952488899231,0.13374243676662445,0.09502527117729187,0.15478505194187164,0.16132071614265442,0.1903069168329239,0.04122791439294815,0.2027900069952011,0.19753390550613403,0.1454736888408661,0.09889886528253555
AP048,0.0,0.0,0.0,0.033333333,0.333333333,0.133333333,0.266666667,0.166666667,0.266666667,0.066666667,0.066666667,0.066666667,0.233333333,1.366666667,1.733333333,0.766666667,0.533333333,0.1,0.6,0.833333333,0.666666667,0.0,0.6,0.0,0.033333333,0.066666667,0.866666667,0.433333333,0.166666667,0.166666667,0.266666667,0.0,0.0,0.3,0.0,0.7,0.166666667,0.0,0.0,0.0,0.533333333,0.333333333,0.0,0.0,0.1,0.233333333,0.0,0.666666667,0.4,0.0,0.066666667,0.27253973484039307,0.06106230616569519,0.3543297052383423,0.4360352158546448,0.3496640920639038,0.09572646766901016,0.19539275765419006,0.19703924655914307,0.26890385150909424,0.056214865297079086,0.07488038390874863,0.13140319287776947,0.033708758652210236,1.2035006284713745,0.5556644797325134,0.37271738052368164,0.2549503743648529,0.1928442269563675,0.07866156846284866,0.46647971868515015,0.5735942721366882,0.07365874946117401,0.4049002230167389,0.09390748292207718,0.061802785843610764,0.15117309987545013,0.22944071888923645,0.08906033635139465,0.10102855414152145,0.1847437620162964,0.17165343463420868,0.13515639305114746,0.08741042762994766,0.16973534226417542,0.027363484725356102,0.3547416925430298,0.14598561823368073,0.026035157963633537,0.02815134823322296,0.05798085033893585,0.1873442381620407,0.19891755282878876,0.08864996582269669,0.31175312399864197,0.20017096400260925,0.1730160117149353,0.06699179112911224,0.39720386266708374,0.23165202140808105,0.12840433418750763,0.10389525443315506
AP182,0.233333333,0.0,0.5,0.266666667,0.433333333,0.033333333,1.166666667,0.8,1.133333333,0.1,0.133333333,0.433333333,0.1,1.7,0.366666667,0.433333333,0.3,0.0,0.0,0.066666667,0.0,0.0,0.0,0.133333333,0.033333333,0.433333333,0.866666667,0.133333333,0.333333333,0.366666667,0.433333333,0.6,0.033333333,0.1,0.1,0.4,0.0,0.0,0.3,1.1,0.166666667,0.133333333,0.366666667,0.0,0.066666667,0.0,0.0,0.166666667,0.2,0.166666667,0.0,0.31802400946617126,0.04941779747605324,0.3899925947189331,0.1944369077682495,0.2980656325817108,0.09821654856204987,0.6381992697715759,0.28812164068222046,0.8362652659416199,0.09620559215545654,0.24516741931438446,0.36263397336006165,0.10183316469192505,1.1415940523147583,0.32146570086479187,0.29401466250419617,0.24353113770484924,0.11547192931175232,0.043532323092222214,0.29419776797294617,0.24445147812366486,0.25696367025375366,0.21825771033763885,0.23818138241767883,0.060233891010284424,0.11920829117298126,0.11302013695240021,0.08512501418590546,0.27498990297317505,0.28585588932037354,0.41064733266830444,0.4261847138404846,0.3038421869277954,0.09789568930864334,0.10567483305931091,0.3562867045402527,0.14282482862472534,0.13083545863628387,0.04849844053387642,0.5899994969367981,0.18999157845973969,0.15184462070465088,0.10027524083852768,0.13459914922714233,0.18930618464946747,0.0783906802535057,0.040016960352659225,0.06270276755094528,0.20267687737941742,0.13085240125656128,0.07121385633945465
AP283,0.133333333,0.1,0.433333333,0.1,1.3,0.7,0.866666667,0.6,0.166666667,0.3,0.066666667,0.0,0.0,0.5,0.433333333,0.5,0.266666667,0.333333333,0.266666667,0.133333333,0.0,0.0,0.0,0.0,0.0,0.133333333,0.0,0.0,0.0,0.233333333,0.133333333,0.033333333,0.0,0.366666667,0.066666667,0.8,0.5,0.0,0.0,0.0,0.433333333,0.0,0.0,0.0,0.0,0.5,0.333333333,0.9,0.133333333,0.166666667,0.2,0.4270223379135132,0.12735287845134735,0.5460023283958435,0.21064186096191406,0.3944423496723175,0.19346609711647034,0.7649637460708618,0.4705795347690582,0.5865294933319092,0.09854897856712341,0.1424475908279419,0.10197361558675766,0.07143308967351913,0.6789944171905518,0.22754080593585968,0.21643802523612976,0.1898820549249649,0.13058315217494965,0.06732015311717987,0.4355151951313019,0.5803147554397583,0.04611682519316673,0.2723862826824188,0.10296040773391724,0.058805178850889206,0.1833769977092743,0.07777299731969833,0.0745510533452034,0.04199128970503807,0.22333310544490814,0.16238266229629517,0.03770958632230759,0.0780041366815567,0.25991910696029663,0.09723539650440216,0.6184192299842834,0.1398155391216278,0.03830506652593613,0.01646660827100277,0.06627654284238815,0.17888370156288147,0.14430323243141174,0.0876067653298378,0.09768775850534439,0.1496749371290207,0.16194981336593628,0.13937243819236755,0.15187087655067444,0.20717459917068481,0.14083318412303925,0.08532922714948654
AP679,0.1,0.0,0.233333333,0.3,0.333333333,0.2,0.4,0.133333333,0.933333333,0.0,0.5,0.333333333,0.1,1.466666667,0.5,0.533333333,0.0,0.033333333,0.0,0.166666667,0.166666667,0.066666667,0.4,0.0,0.266666667,0.1,0.866666667,0.133333333,0.266666667,0.5,0.9,0.366666667,0.033333333,0.166666667,0.166666667,0.8,0.366666667,0.033333333,0.3,1.1,0.266666667,0.3,0.066666667,0.133333333,0.166666667,0.1,0.166666667,0.1,0.4,0.333333333,0.0,0.39131590723991394,0.041354116052389145,0.49981826543807983,0.303362637758255,0.34627097845077515,0.1531275510787964,0.5057569742202759,0.2564423382282257,0.8067992329597473,0.09091205894947052,0.2204035073518753,0.22758175432682037,0.0957716554403305,1.170143961906433,0.2653227746486664,0.29096564650535583,0.21982695162296295,0.12056417763233185,0.06583549827337265,0.36332225799560547,0.2932887077331543,0.1413564831018448,0.22015607357025146,0.07539410144090652,0.059047408401966095,0.1289522647857666,0.09447862952947617,0.07524532079696655,0.2372937649488449,0.31783339381217957,0.3272407650947571,0.3984094560146332,0.42161911725997925,0.18756167590618134,0.09933788329362869,0.7370550632476807,0.14282482862472534,0.07947712391614914,0.023890534415841103,0.28720271587371826,0.18969714641571045,0.13848383724689484,0.0932605192065239,0.11618447303771973,0.17552532255649567,0.1568029522895813,0.09544572234153748,0.1634121686220169,0.21728231012821198,0.13381727039813995,0.08735917508602142
