epoch	train_loss	test_loss	test_metric
0	0.21902556717395782	0.19279032945632935	0.03142871335148811
1	0.2092551738023758	0.18460574746131897	0.043982043862342834
2	0.2031058967113495	0.17760522663593292	0.058586232364177704
3	0.19687822461128235	0.17221730947494507	0.07472547143697739
4	0.19193920493125916	0.16834889352321625	0.08732200413942337
5	0.18857316672801971	0.16534419357776642	0.10015834122896194
6	0.18562191724777222	0.16303732991218567	0.11125799268484116
7	0.1839914619922638	0.16084639728069305	0.12264926731586456
8	0.18139448761940002	0.15897195041179657	0.1303209811449051
9	0.18034590780735016	0.15717080235481262	0.1379813253879547
10	0.1784147024154663	0.15538384020328522	0.1448485255241394
11	0.17645153403282166	0.15367019176483154	0.15147677063941956
12	0.1752091646194458	0.15198178589344025	0.15752503275871277
13	0.17421066761016846	0.1503133624792099	0.16329392790794373
14	0.17288605868816376	0.1486462950706482	0.16900305449962616
15	0.17141497135162354	0.146999791264534	0.1744128316640854
16	0.17001450061798096	0.14534085988998413	0.18014021217823029
17	0.1689259558916092	0.14375299215316772	0.18637217581272125
18	0.16777019202709198	0.1421510875225067	0.1925034075975418
19	0.1663016974925995	0.1405704766511917	0.19910895824432373
20	0.16543009877204895	0.13903595507144928	0.2058272808790207
21	0.16380105912685394	0.13745766878128052	0.21309010684490204
22	0.1630154401063919	0.13589206337928772	0.22087153792381287
23	0.1618591547012329	0.13434311747550964	0.2288292795419693
24	0.1603555828332901	0.13282270729541779	0.23679228127002716
25	0.15904632210731506	0.1313110738992691	0.24510368704795837
26	0.1582997590303421	0.12980860471725464	0.25378939509391785
27	0.1572345346212387	0.1283281296491623	0.2625575363636017
28	0.15592670440673828	0.1268937587738037	0.2711338400840759
29	0.15483497083187103	0.12547576427459717	0.27956050634384155
30	0.15355637669563293	0.12409209460020065	0.28761571645736694
31	0.15259431302547455	0.12271955609321594	0.2959141135215759
32	0.15108035504817963	0.12134317308664322	0.3044908940792084
33	0.15014134347438812	0.11997289210557938	0.31294766068458557
34	0.14996831119060516	0.11859899014234543	0.3214366137981415
35	0.14795061945915222	0.11720678210258484	0.3299163281917572
36	0.14629174768924713	0.11583829671144485	0.33786797523498535
37	0.1453605443239212	0.11449965089559555	0.34594103693962097
38	0.14482811093330383	0.11316169798374176	0.35414591431617737
39	0.14225897192955017	0.11184423416852951	0.3622313439846039
40	0.1426672339439392	0.11055192351341248	0.3703102469444275
41	0.1410735845565796	0.10929921269416809	0.3781110644340515
42	0.14178867638111115	0.10809308290481567	0.38578668236732483
43	0.139353945851326	0.10691436380147934	0.3935694396495819
44	0.13857272267341614	0.10575301945209503	0.40118157863616943
45	0.13920117914676666	0.10464468598365784	0.4088083505630493
46	0.13774892687797546	0.10357768088579178	0.41616326570510864
47	0.13600477576255798	0.10257033258676529	0.423234760761261
48	0.13429710268974304	0.10158247500658035	0.4300975203514099
49	0.1351339966058731	0.1006820797920227	0.43633392453193665
50	0.1339651495218277	0.09983373433351517	0.44239920377731323
51	0.1329473853111267	0.09902967512607574	0.44832462072372437
52	0.1332472860813141	0.0982733741402626	0.4537383019924164
53	0.13204187154769897	0.0975584015250206	0.4587171971797943
54	0.13084837794303894	0.09687916934490204	0.4634743332862854
55	0.13021688163280487	0.09618717432022095	0.46807682514190674
56	0.1289396584033966	0.09553022682666779	0.4723598062992096
57	0.12846054136753082	0.09487870335578918	0.4765133261680603
58	0.12883161008358002	0.0942750871181488	0.4804884195327759
59	0.12779483199119568	0.09369441121816635	0.48442086577415466
60	0.128202423453331	0.09316593408584595	0.4878389537334442
61	0.12668189406394958	0.09266464412212372	0.4910358488559723
62	0.12686705589294434	0.09220468997955322	0.49405574798583984
63	0.12665483355522156	0.09174523502588272	0.4974118173122406
64	0.12595081329345703	0.09134447574615479	0.5001326203346252
65	0.12477688491344452	0.09090616554021835	0.5035467147827148
66	0.1242646723985672	0.09052858501672745	0.5061197280883789
67	0.12381580471992493	0.09015845507383347	0.5085209012031555
68	0.12296037375926971	0.08983700722455978	0.5111212730407715
69	0.12270822376012802	0.08948712795972824	0.5133531093597412
70	0.12249662727117538	0.08917999267578125	0.5153033137321472
71	0.12189187109470367	0.08883083611726761	0.5175341367721558
72	0.12064511328935623	0.08852329850196838	0.5195960402488708
73	0.12187488377094269	0.08825051784515381	0.521302342414856
74	0.1201908215880394	0.08803188055753708	0.5224599242210388
75	0.12073712795972824	0.08781614154577255	0.5236818194389343
76	0.11983467638492584	0.0876975953578949	0.5237070918083191
77	0.11972483992576599	0.08745534718036652	0.5257271528244019
78	0.11976876854896545	0.08724691718816757	0.5274333357810974
79	0.11887075006961823	0.0870613157749176	0.5286974310874939
80	0.11881623417139053	0.08687622845172882	0.5296407341957092
81	0.11804784834384918	0.08674506098031998	0.5305222868919373
82	0.11708547919988632	0.08656762540340424	0.5317100882530212
83	0.11748430132865906	0.0863986611366272	0.5325837135314941
84	0.11753704398870468	0.08623616397380829	0.5335246324539185
85	0.11680934578180313	0.08614973723888397	0.5341363549232483
86	0.11667142063379288	0.08593018352985382	0.535631000995636
87	0.1169099509716034	0.08566472679376602	0.5376312136650085
88	0.1166708841919899	0.08552173525094986	0.5384824275970459
89	0.11522254347801208	0.08541283756494522	0.5391756892204285
90	0.11482823640108109	0.08538408577442169	0.5386003255844116
91	0.11558752506971359	0.08546961843967438	0.5387817025184631
92	0.11481660604476929	0.08499173820018768	0.5432928800582886
93	0.11455868929624557	0.08475726842880249	0.5450031757354736
94	0.11488953977823257	0.08455996960401535	0.5469953417778015
95	0.11364587396383286	0.08458545058965683	0.5475072264671326
96	0.11335647106170654	0.08446995913982391	0.5478343963623047
97	0.1128510907292366	0.08437539637088776	0.5481996536254883
98	0.1128084659576416	0.08423345535993576	0.5491082668304443
99	0.11274703592061996	0.08407225459814072	0.549572765827179
100	0.11304748058319092	0.08399149775505066	0.5499255061149597
101	0.11261305958032608	0.08385100215673447	0.5504080653190613
102	0.1114477589726448	0.08369672298431396	0.5493226647377014
103	0.1105731874704361	0.08357208222150803	0.5503287315368652
104	0.11175181716680527	0.0834265649318695	0.5513222813606262
105	0.11077961325645447	0.08329584449529648	0.5523568987846375
106	0.11141567677259445	0.08323990553617477	0.5527423620223999
107	0.11123005300760269	0.08312215656042099	0.5537759065628052
108	0.11097417026758194	0.08309559524059296	0.5536261200904846
109	0.11010489612817764	0.08295486122369766	0.5546185374259949
110	0.10936971008777618	0.0829196646809578	0.5552104711532593
111	0.10905091464519501	0.08262619376182556	0.5564181208610535
112	0.10944885015487671	0.08242616057395935	0.558038055896759
113	0.10817800462245941	0.08231016248464584	0.5585846304893494
114	0.10858564078807831	0.08221740275621414	0.5590298175811768
115	0.10794741660356522	0.08209805190563202	0.5596702098846436
116	0.10737662762403488	0.08205883204936981	0.5599938631057739
117	0.10831522941589355	0.08203481137752533	0.5600118041038513
118	0.10666222125291824	0.08200119435787201	0.5600929260253906
119	0.10639466345310211	0.08195359259843826	0.5602803826332092
120	0.10731646418571472	0.08187054842710495	0.5608687400817871
121	0.10674764215946198	0.08158790320158005	0.5631635785102844
122	0.105059914290905	0.08141862601041794	0.5657925605773926
123	0.10587073117494583	0.08131789416074753	0.5667542219161987
124	0.10573908686637878	0.08119107782840729	0.5677141547203064
125	0.10500667989253998	0.08111272752285004	0.5680780410766602
126	0.10433244705200195	0.08100985735654831	0.5691144466400146
127	0.10470356792211533	0.08126775920391083	0.5667250752449036
128	0.10436733067035675	0.08128327876329422	0.5652415156364441
129	0.10448592156171799	0.08113641291856766	0.5658332705497742
130	0.10376408696174622	0.08106924593448639	0.5656020641326904
131	0.10470061004161835	0.08124539256095886	0.5634419918060303
132	0.10309429466724396	0.08141887187957764	0.5620700120925903
133	0.10408563911914825	0.08091562986373901	0.5668861269950867
134	0.10351526737213135	0.08095739781856537	0.5670090317726135
135	0.10334847867488861	0.08048234134912491	0.570353627204895
136	0.10269799828529358	0.08037848770618439	0.5707886815071106
137	0.1033792570233345	0.08035682141780853	0.5703710317611694
138	0.10171487182378769	0.08065664768218994	0.5673421621322632
139	0.10294603556394577	0.08057287335395813	0.5677646398544312
140	0.10210587084293365	0.08045312017202377	0.568539023399353
141	0.10184600949287415	0.08034905046224594	0.5692485570907593
142	0.10249225050210953	0.08025998622179031	0.5697904825210571
143	0.10119233280420303	0.08013208955526352	0.5708658695220947
144	0.10030484944581985	0.08009658753871918	0.570996105670929
145	0.10078839957714081	0.08030124008655548	0.5697197914123535
146	0.10007434338331223	0.08033681660890579	0.5694020986557007
147	0.10005311667919159	0.08035355806350708	0.5685896873474121
148	0.09997648000717163	0.08024191111326218	0.5693289041519165
149	0.09995357692241669	0.08010783046483994	0.5703192949295044
150	0.0998338833451271	0.07984133809804916	0.5727219581604004
151	0.0982474535703659	0.0796823650598526	0.5739100575447083
152	0.09880362451076508	0.07856295257806778	0.5820829272270203
153	0.09926706552505493	0.07847930490970612	0.5823558568954468
154	0.098457932472229	0.07844483107328415	0.5823893547058105
155	0.0983966588973999	0.07827410846948624	0.582329511642456
156	0.0973750501871109	0.07872015982866287	0.5787836909294128
157	0.09716559946537018	0.0786576122045517	0.5786576271057129
158	0.09737943857908249	0.07877402752637863	0.5773969888687134
159	0.09675120562314987	0.07926112413406372	0.574846625328064
160	0.09652270376682281	0.07884007692337036	0.5781058669090271
161	0.09789872914552689	0.07858608663082123	0.5804297924041748
162	0.09656090289354324	0.07839031517505646	0.5817415714263916
163	0.09728420525789261	0.07857371866703033	0.5807996392250061
164	0.09686506539583206	0.07831200212240219	0.5825110673904419
165	0.09735848009586334	0.07816150039434433	0.5833877921104431
166	0.09622257202863693	0.07811524718999863	0.5833466053009033
167	0.09672485291957855	0.07846545428037643	0.5804006457328796
168	0.09611356258392334	0.07815516740083694	0.5824179649353027
169	0.0956716239452362	0.07802620530128479	0.5834794044494629
170	0.09529248625040054	0.0776890367269516	0.5852673053741455
171	0.09508764743804932	0.0777374729514122	0.5857810378074646
172	0.09618085622787476	0.0777946338057518	0.586868405342102
173	0.09531328082084656	0.07752210646867752	0.5877290368080139
174	0.09499762207269669	0.07739730179309845	0.5882130265235901
175	0.09510385245084763	0.07724069803953171	0.589044988155365
176	0.09496118128299713	0.07725971192121506	0.5891322493553162
177	0.09290725737810135	0.07699871063232422	0.5906661748886108
178	0.0940166488289833	0.07688072323799133	0.5918424129486084
179	0.09361471980810165	0.07689707726240158	0.5918738842010498
180	0.0923500582575798	0.07688179612159729	0.5922070145606995
181	0.09285672008991241	0.07736589759588242	0.5897825956344604
182	0.09358393400907516	0.0774296447634697	0.5889711380004883
183	0.09414621442556381	0.07736364752054214	0.5888415575027466
184	0.09436134994029999	0.07736490666866302	0.5882406830787659
185	0.09306611865758896	0.07734934985637665	0.58758544921875
186	0.0923340767621994	0.07740321010351181	0.586458146572113
187	0.0929453894495964	0.07728135585784912	0.5875357985496521
188	0.09264300018548965	0.07697931677103043	0.5899685621261597
189	0.09296718239784241	0.07652308791875839	0.5931144952774048
190	0.0921541228890419	0.07641703635454178	0.5950213670730591
191	0.09179937839508057	0.0761609748005867	0.598264217376709
192	0.09058458358049393	0.0761641338467598	0.5981237292289734
193	0.09250268340110779	0.07607406377792358	0.5980997085571289
194	0.09156601130962372	0.07608631998300552	0.5975518822669983
195	0.09019728749990463	0.0761413425207138	0.5965344905853271
196	0.09097523242235184	0.07610713690519333	0.596685528755188
197	0.09020081162452698	0.0759521946310997	0.5977252721786499
198	0.09057803452014923	0.07577114552259445	0.5987824201583862
199	0.09045394510030746	0.07562243938446045	0.5997342467308044
200	0.08937690407037735	0.07543976604938507	0.6005975008010864
201	0.08924444764852524	0.07559166103601456	0.5996927618980408
202	0.08873706310987473	0.07554718852043152	0.6001863479614258
203	0.08839461952447891	0.07545721530914307	0.6009437441825867
204	0.08831684291362762	0.07536108791828156	0.6013350486755371
205	0.08834613114595413	0.07528477907180786	0.6015868186950684
206	0.08793485164642334	0.07515791058540344	0.6022734045982361
207	0.08832113444805145	0.07504628598690033	0.6029388308525085
208	0.08872313052415848	0.07491234689950943	0.6037449240684509
209	0.08801848441362381	0.07477979362010956	0.6045467257499695
210	0.08785886317491531	0.07462899386882782	0.605434775352478
211	0.08785893023014069	0.07451435923576355	0.6062621474266052
212	0.08744428306818008	0.074462890625	0.6067933440208435
213	0.0861096903681755	0.07450274378061295	0.6072008013725281
214	0.08719313144683838	0.0744255855679512	0.6075651049613953
215	0.08702592551708221	0.0743376836180687	0.6082572937011719
216	0.08657635003328323	0.07455859333276749	0.606119692325592
217	0.08706945925951004	0.07456468045711517	0.6057339310646057
218	0.08713182806968689	0.0747290626168251	0.60528564453125
219	0.08675306290388107	0.07365797460079193	0.6095182299613953
220	0.08537813276052475	0.07365275919437408	0.6074110269546509
221	0.08570027351379395	0.07379528135061264	0.6062042117118835
222	0.08618119359016418	0.07408487051725388	0.6025647521018982
223	0.08606976270675659	0.07405655831098557	0.6026653051376343
224	0.08650343120098114	0.07408282905817032	0.6024163961410522
225	0.08642765879631042	0.07566462457180023	0.591450572013855
226	0.08705440163612366	0.07595615833997726	0.588826596736908
227	0.08634331077337265	0.07622578740119934	0.5847469568252563
228	0.08672675490379333	0.07633848488330841	0.584538459777832
229	0.08667156845331192	0.07644060254096985	0.5830095410346985
230	0.08703293651342392	0.07625947892665863	0.5842146277427673
231	0.08720172941684723	0.07592899352312088	0.5871716737747192
232	0.08774282783269882	0.07544577121734619	0.5910585522651672
233	0.08652757853269577	0.07551673799753189	0.5928736925125122
234	0.08651161938905716	0.07541963458061218	0.5941389799118042
235	0.08608096837997437	0.07558976113796234	0.5935773849487305
236	0.08472146838903427	0.07730989158153534	0.5855718851089478
237	0.08824432641267776	0.07699426263570786	0.5884506106376648
238	0.08921874314546585	0.07642580568790436	0.5930734276771545
239	0.08660230040550232	0.07614890486001968	0.5945292115211487
240	0.08716369420289993	0.07611074298620224	0.5943988561630249
241	0.08638329803943634	0.07625213265419006	0.5931977033615112
242	0.08644081652164459	0.07613854110240936	0.5935916304588318
243	0.08642765879631042	0.07604902237653732	0.5942386388778687
244	0.08536560088396072	0.07573918998241425	0.5961704254150391
245	0.08596114814281464	0.07542683929204941	0.5981841087341309
246	0.0855962336063385	0.07543384283781052	0.5986136794090271
247	0.08597013354301453	0.07521531730890274	0.5995848774909973
248	0.08472581952810287	0.07521499693393707	0.5995641946792603
249	0.08483031392097473	0.07515779882669449	0.5999214053153992
250	0.08477315306663513	0.0750839039683342	0.6005858182907104
251	0.08399313688278198	0.07534538209438324	0.5987868309020996
252	0.08387693762779236	0.0754534900188446	0.599102258682251
253	0.08436710387468338	0.07540883123874664	0.5986587405204773
254	0.0837300568819046	0.07527033239603043	0.6001471281051636
255	0.08360063284635544	0.07518316805362701	0.6012035608291626
256	0.08377595990896225	0.0750625878572464	0.6023856401443481
257	0.08265982568264008	0.07503273338079453	0.6028435826301575
258	0.08383612334728241	0.07498495280742645	0.6031652092933655
259	0.08267165720462799	0.07503044605255127	0.6030071377754211
260	0.0828862264752388	0.07481984049081802	0.6038990616798401
261	0.08260641247034073	0.07486090064048767	0.6034024953842163
262	0.08186472952365875	0.07485118508338928	0.6034364700317383
263	0.08058302849531174	0.07478334754705429	0.6038404703140259
264	0.08178878575563431	0.07449139654636383	0.6059679388999939
265	0.0806417390704155	0.07451072335243225	0.6060941219329834
266	0.08107501268386841	0.07448644936084747	0.6064454317092896
267	0.08103399723768234	0.07432901114225388	0.6074954271316528
268	0.08183322846889496	0.07419396936893463	0.6084548830986023
269	0.08073895424604416	0.07419496774673462	0.6093198657035828
270	0.08106336742639542	0.0743003711104393	0.6077063679695129
271	0.07972321659326553	0.07431135326623917	0.6076234579086304
272	0.08109983056783676	0.07427692413330078	0.6088570356369019
273	0.08070016652345657	0.07495782524347305	0.6056579947471619
274	0.08164776861667633	0.07508750259876251	0.6039378046989441
275	0.08132828027009964	0.07488744705915451	0.604804515838623
276	0.08154521882534027	0.07472095638513565	0.6059084534645081
277	0.08060149103403091	0.07441727072000504	0.6076357364654541
278	0.0813342034816742	0.07428983598947525	0.6083376407623291
279	0.08090045303106308	0.07403016090393066	0.6098882555961609
280	0.08007286489009857	0.07392130047082901	0.6105691194534302
281	0.07978502660989761	0.07374752312898636	0.6117057800292969
282	0.0805363655090332	0.07355733960866928	0.6129594445228577
283	0.07966385781764984	0.07357785850763321	0.6137872934341431
284	0.07933002710342407	0.0735730454325676	0.6142580509185791
285	0.07995650172233582	0.07349277287721634	0.6145808100700378
286	0.07921349257230759	0.07350047677755356	0.6146073937416077
287	0.07929252833127975	0.07382148504257202	0.6120687127113342
288	0.07834267616271973	0.07375811040401459	0.6125274896621704
289	0.07977794855833054	0.07365604490041733	0.6130338311195374
290	0.07873864471912384	0.07351119816303253	0.6137121319770813
291	0.07882310450077057	0.07334532588720322	0.6150244474411011
292	0.07897530496120453	0.07322073727846146	0.6157626509666443
293	0.076578788459301	0.07308705896139145	0.6164377331733704
294	0.07814396917819977	0.07304432988166809	0.6160989999771118
295	0.07778115570545197	0.0730261355638504	0.6164917349815369
296	0.0781756266951561	0.07301665842533112	0.6164752244949341
297	0.07790062576532364	0.07320427894592285	0.6157054901123047
298	0.07724235206842422	0.07316582649946213	0.6156381368637085
299	0.0767325907945633	0.07314258813858032	0.6157717108726501
300	0.0771782249212265	0.07254350185394287	0.6197037100791931
301	0.07726157456636429	0.07259216904640198	0.6195120215415955
302	0.07684153318405151	0.07265428453683853	0.619163990020752
303	0.07753173261880875	0.07261095941066742	0.6194885969161987
304	0.07779441773891449	0.07257577031850815	0.6192793250083923
305	0.07620502263307571	0.07256787270307541	0.6195898652076721
306	0.07585392147302628	0.07254904508590698	0.6196408271789551
307	0.07652545720338821	0.07250172644853592	0.6197876930236816
308	0.0771782174706459	0.07252401858568192	0.6195183992385864
309	0.07603416591882706	0.07255198806524277	0.6192911267280579
310	0.07546331733465195	0.07262445986270905	0.6188382506370544
311	0.07593188434839249	0.07260137796401978	0.6188850402832031
312	0.07550819218158722	0.0725722461938858	0.6190505027770996
313	0.07546929270029068	0.07250413298606873	0.6195031404495239
314	0.07609134912490845	0.0724077895283699	0.6200135350227356
315	0.0746476873755455	0.07233069837093353	0.6204089522361755
316	0.07483765482902527	0.07229746133089066	0.6206473112106323
317	0.07530476897954941	0.072246253490448	0.6209635138511658
318	0.07440630346536636	0.07223736494779587	0.6210888624191284
319	0.07548490911722183	0.07228855043649673	0.6208931803703308
320	0.07497779279947281	0.0723055750131607	0.620798647403717
321	0.07484377175569534	0.0723695307970047	0.6204702258110046
322	0.07428847998380661	0.07243505865335464	0.6201227903366089
323	0.07448840141296387	0.07247605919837952	0.6198557019233704
324	0.07465412467718124	0.07241714745759964	0.6201906800270081
325	0.07380206882953644	0.07237248122692108	0.6203091144561768
326	0.07376666367053986	0.07231107354164124	0.6206051707267761
327	0.07380711287260056	0.07219485938549042	0.6211017370223999
328	0.07426431030035019	0.07213123887777328	0.6213411092758179
329	0.07321158796548843	0.07211849093437195	0.6213265061378479
330	0.07289713621139526	0.07194056361913681	0.6223230361938477
331	0.07314944267272949	0.07189249247312546	0.6226180195808411
332	0.07277046889066696	0.07188238948583603	0.6227071285247803
333	0.07252837717533112	0.07186350971460342	0.6229262351989746
334	0.07132426649332047	0.07185718417167664	0.6230422258377075
335	0.07204863429069519	0.0718366950750351	0.6232048869132996
336	0.07198821753263474	0.07179584354162216	0.6234572529792786
337	0.07216908037662506	0.07174012809991837	0.6237363815307617
338	0.07215145230293274	0.07164865732192993	0.6242099404335022
339	0.0712834894657135	0.07151759415864944	0.624889075756073
340	0.07216591387987137	0.07138796895742416	0.6255821585655212
341	0.0730382576584816	0.07128262519836426	0.6262019872665405
342	0.07186447083950043	0.07121104001998901	0.6266505718231201
343	0.07188437879085541	0.07115224003791809	0.6270008683204651
344	0.0718134269118309	0.07114828377962112	0.6271353960037231
345	0.07039601355791092	0.07114367187023163	0.6272627115249634
346	0.07125137001276016	0.07112100720405579	0.6274577975273132
347	0.07116037607192993	0.07116959244012833	0.6271945238113403
348	0.07161151617765427	0.07123369723558426	0.6268312931060791
349	0.07024026662111282	0.07127232849597931	0.6266098022460938
350	0.07107988744974136	0.07127637416124344	0.6265847086906433
351	0.07130871713161469	0.07122509926557541	0.6268690824508667
352	0.0710485503077507	0.07111965864896774	0.6274165511131287
353	0.07023166120052338	0.07101506739854813	0.6279016137123108
354	0.0710165873169899	0.07091311365365982	0.6284018754959106
355	0.07132208347320557	0.07084660977125168	0.6287525296211243
356	0.07050945609807968	0.07083853334188461	0.6288182735443115
357	0.07013361901044846	0.0708296149969101	0.6289328336715698
358	0.0703166052699089	0.07084707170724869	0.628929615020752
359	0.06948443502187729	0.07087162137031555	0.6289258003234863
360	0.06959066540002823	0.0709218829870224	0.6287478804588318
361	0.07066429406404495	0.07093918323516846	0.6286514401435852
362	0.06971704959869385	0.07095129042863846	0.6285501718521118
363	0.07008200138807297	0.07094987481832504	0.6284295320510864
364	0.06986379623413086	0.07091241329908371	0.6284778714179993
365	0.0700361579656601	0.07082071900367737	0.6289383769035339
366	0.06863066554069519	0.07065697014331818	0.6298991441726685
367	0.06899856775999069	0.07049250602722168	0.6309482455253601
368	0.06896661221981049	0.07041262835264206	0.631522536277771
369	0.06944946944713593	0.07036558538675308	0.6319760680198669
370	0.06950023025274277	0.07036230713129044	0.6321552395820618
371	0.06871091574430466	0.07037793099880219	0.632181704044342
372	0.06918787956237793	0.07037673145532608	0.6322700381278992
373	0.06917330622673035	0.07036978751420975	0.63233482837677
374	0.06744011491537094	0.07031513005495071	0.6326605081558228
375	0.06855779141187668	0.07026136666536331	0.6329413652420044
376	0.06806807219982147	0.07023484259843826	0.6331261992454529
377	0.06787796318531036	0.07019883394241333	0.6333972215652466
378	0.06863047182559967	0.07013911753892899	0.6337850689888
379	0.06831289827823639	0.07004942744970322	0.6343383193016052
380	0.06708019226789474	0.07000229507684708	0.6343234181404114
381	0.06793205440044403	0.0698460265994072	0.6354742050170898
382	0.06885354965925217	0.06974010169506073	0.6360423564910889
383	0.06682899594306946	0.06968964636325836	0.6362589001655579
384	0.06840963661670685	0.06968192756175995	0.6361940503120422
385	0.06697472184896469	0.0696810707449913	0.6360724568367004
386	0.06705576181411743	0.06969332695007324	0.6359738707542419
387	0.067642442882061	0.06969772279262543	0.6360520124435425
388	0.06701625138521194	0.06963333487510681	0.6366555094718933
389	0.06717772781848907	0.06954286247491837	0.637164294719696
390	0.06742752343416214	0.06966390460729599	0.6365306973457336
391	0.06662581861019135	0.06967096775770187	0.6365898847579956
392	0.06751465797424316	0.06976604461669922	0.635742723941803
393	0.06786404550075531	0.06975115835666656	0.6363508701324463
394	0.06709889322519302	0.06966373324394226	0.6369372606277466
395	0.06718061119318008	0.06967943906784058	0.6368621587753296
396	0.06655563414096832	0.07006058096885681	0.6342723965644836
397	0.0674653872847557	0.07004585862159729	0.6341406106948853
398	0.06711672246456146	0.07006417959928513	0.6343607306480408
399	0.06661004573106766	0.07011132687330246	0.634009599685669
400	0.06652405112981796	0.07012572884559631	0.633960485458374
401	0.06786449253559113	0.0702376738190651	0.6329252123832703
402	0.06711161881685257	0.07001585513353348	0.6347780823707581
403	0.0666281133890152	0.06993038952350616	0.635343074798584
404	0.06608128547668457	0.06988033652305603	0.6356700658798218
405	0.0664619654417038	0.06975697726011276	0.6364012956619263
406	0.06582573801279068	0.06954245269298553	0.6380177140235901
407	0.06570666283369064	0.06925389915704727	0.6402572989463806
408	0.06543494015932083	0.06928183883428574	0.6401829123497009
409	0.06546537578105927	0.06933654099702835	0.6399093270301819
410	0.06542007625102997	0.0694245770573616	0.6392275094985962
411	0.06555289775133133	0.06949011236429214	0.638785719871521
412	0.06569009274244308	0.06952941417694092	0.6385272741317749
413	0.06672804802656174	0.06953506916761398	0.6380825638771057
414	0.06637034565210342	0.06958246231079102	0.6379226446151733
415	0.0652029886841774	0.06953412294387817	0.6383254528045654
416	0.06417565047740936	0.06921370327472687	0.6405296325683594
417	0.06516420096158981	0.06904769688844681	0.6416626572608948
418	0.06634771078824997	0.06898844987154007	0.6420660614967346
419	0.06579231470823288	0.06896407157182693	0.6423873901367188
420	0.06522071361541748	0.06885091215372086	0.6427944898605347
421	0.06462620943784714	0.06920712441205978	0.6410283446311951
422	0.06570164859294891	0.06951583921909332	0.6393709182739258
423	0.06347975134849548	0.06948686391115189	0.6394506692886353
424	0.06403453648090363	0.06934362649917603	0.6401709914207458
425	0.0646291971206665	0.06916048377752304	0.6411247849464417
426	0.06411152333021164	0.06901568174362183	0.6418922543525696
427	0.06347201764583588	0.06892508268356323	0.642414927482605
428	0.06424350291490555	0.06879233568906784	0.6434420347213745
429	0.0631999671459198	0.06874357163906097	0.6438684463500977
430	0.06331359595060349	0.06869896501302719	0.6444368362426758
431	0.06353280693292618	0.06880874186754227	0.6439340114593506
432	0.06373466551303864	0.06875339150428772	0.6441978812217712
433	0.06523183733224869	0.06868227571249008	0.644546627998352
434	0.06365137547254562	0.06851974874734879	0.6452841758728027
435	0.06396636366844177	0.06847766041755676	0.6455247402191162
436	0.06272221356630325	0.06845695525407791	0.645622730255127
437	0.0629192441701889	0.06838946789503098	0.6459395885467529
438	0.06388655304908752	0.0683773010969162	0.6460778117179871
439	0.06413056701421738	0.068422831594944	0.6460257172584534
440	0.06295480579137802	0.06846638023853302	0.646094024181366
441	0.062161803245544434	0.06850966066122055	0.6459775567054749
442	0.06285548210144043	0.06848441809415817	0.646012008190155
443	0.06197519227862358	0.0684027448296547	0.6462597846984863
444	0.06308414041996002	0.06836064904928207	0.6462581753730774
445	0.06236657500267029	0.06834950298070908	0.6462789177894592
446	0.06354688107967377	0.06826195865869522	0.6470207571983337
447	0.06253257393836975	0.06833086907863617	0.6468161940574646
448	0.0626164972782135	0.06860552728176117	0.6454307436943054
449	0.0628599002957344	0.06883963197469711	0.6438015103340149
450	0.0630749836564064	0.06884176284074783	0.6436581611633301
451	0.06271728128194809	0.06869971007108688	0.6441928148269653
452	0.06200988590717316	0.06864886730909348	0.6441690921783447
453	0.06264980882406235	0.06755509227514267	0.6508723497390747
454	0.062299035489559174	0.06749341636896133	0.6511668562889099
455	0.06197819858789444	0.06749288737773895	0.6512417197227478
456	0.06330934166908264	0.06751775741577148	0.6513586640357971
457	0.06303665041923523	0.06757909059524536	0.6513057351112366
458	0.06172243878245354	0.0676548033952713	0.6510702967643738
459	0.061844341456890106	0.0676555261015892	0.6511105895042419
460	0.062084097415208817	0.06757750362157822	0.6514365673065186
461	0.06153934448957443	0.06747841835021973	0.6518914103507996
462	0.06121428683400154	0.06740645319223404	0.6520928740501404
463	0.06181362271308899	0.06738262623548508	0.6522355675697327
464	0.06142353639006615	0.06735877692699432	0.6524692177772522
465	0.061731819063425064	0.0673537328839302	0.6526591181755066
466	0.061036430299282074	0.06740831583738327	0.6525008678436279
467	0.06150133162736893	0.06747715175151825	0.6522334814071655
468	0.06087788566946983	0.06747934967279434	0.652219831943512
469	0.06103961169719696	0.06741422414779663	0.6525453925132751
470	0.060903433710336685	0.06733388453722	0.653019905090332
471	0.06091862544417381	0.06725772470235825	0.6535000205039978
472	0.061372898519039154	0.06718357652425766	0.6540457010269165
473	0.06110662594437599	0.0671711340546608	0.6543169021606445
474	0.06070940941572189	0.06716340780258179	0.6545453071594238
475	0.06092625856399536	0.06716512888669968	0.654628574848175
476	0.06099022179841995	0.0671800822019577	0.6546472311019897
477	0.05938459187746048	0.06721751391887665	0.6545183658599854
478	0.05974374711513519	0.06727138161659241	0.6544188261032104
479	0.06083085387945175	0.06724902987480164	0.6545862555503845
480	0.060524072498083115	0.067195363342762	0.6548740863800049
481	0.06099320948123932	0.06713643670082092	0.6551327705383301
482	0.05982744321227074	0.06710260361433029	0.6552762985229492
483	0.059486955404281616	0.06705986708402634	0.6554341316223145
484	0.06056033447384834	0.06704575568437576	0.6554973125457764
485	0.059435997158288956	0.067026287317276	0.6555535197257996
486	0.0608103945851326	0.067019522190094	0.6555391550064087
487	0.06105703487992287	0.06702745705842972	0.6553999185562134
488	0.059420790523290634	0.06704184412956238	0.655311644077301
489	0.05943364277482033	0.06709255278110504	0.655026912689209
490	0.060743868350982666	0.06706834584474564	0.6551947593688965
491	0.05972902476787567	0.06704632192850113	0.6553562879562378
492	0.05848023295402527	0.06702474504709244	0.6555447578430176
493	0.058622654527425766	0.06697868555784225	0.6556187272071838
494	0.058553483337163925	0.06695767492055893	0.6554586291313171
495	0.05950966849923134	0.06694579869508743	0.6553318500518799
496	0.05903167650103569	0.06693559139966965	0.6554653644561768
497	0.059837739914655685	0.06694767624139786	0.6556342244148254
498	0.05845183506608009	0.06697984039783478	0.6556427478790283
499	0.059386394917964935	0.06696813553571701	0.6557645201683044
500	0.05961337313055992	0.06686914712190628	0.6562374234199524
501	0.05834946408867836	0.06676724553108215	0.656829297542572
502	0.05823460593819618	0.06665728241205215	0.6574504375457764
503	0.05840591341257095	0.0665837824344635	0.6578652262687683
504	0.05866365507245064	0.06655213981866837	0.6582669615745544
505	0.05858389288187027	0.06657560914754868	0.6583876609802246
506	0.05922293663024902	0.06660816073417664	0.6583542823791504
507	0.05853678658604622	0.06664079427719116	0.6582912802696228
508	0.0578235499560833	0.06663108617067337	0.6583933234214783
509	0.05812680721282959	0.066579669713974	0.658501386642456
510	0.0580282025039196	0.06652370095252991	0.6586320996284485
511	0.05823848396539688	0.0664898008108139	0.6587395071983337
512	0.058084167540073395	0.06650382280349731	0.6586637496948242
513	0.05819830670952797	0.06651414930820465	0.6586191654205322
514	0.058114826679229736	0.06650504469871521	0.658791184425354
515	0.057118970900774	0.06649743765592575	0.6590073704719543
516	0.05899081379175186	0.06646136939525604	0.6593594551086426
517	0.05783330276608467	0.0664336085319519	0.6595991849899292
518	0.05795973911881447	0.06643204391002655	0.6596813797950745
519	0.0573064386844635	0.06642650812864304	0.6597355008125305
520	0.0574001707136631	0.06638552248477936	0.6597604155540466
521	0.057327307760715485	0.06638465076684952	0.659517765045166
522	0.057763807475566864	0.0664050504565239	0.6592685580253601
523	0.057760242372751236	0.06645382195711136	0.6590554118156433
524	0.05687160789966583	0.06649377197027206	0.6588835716247559
525	0.05798134207725525	0.06651116907596588	0.6588598489761353
526	0.05693056061863899	0.0664900690317154	0.658950686454773
527	0.05801877751946449	0.06645557284355164	0.6591175198554993
528	0.05720370262861252	0.06640464812517166	0.6594176292419434
529	0.05769949406385422	0.06630071252584457	0.6598130464553833
530	0.056414514780044556	0.06625889986753464	0.6599889397621155
531	0.05750061944127083	0.0662575364112854	0.6601145267486572
532	0.05612396448850632	0.06626942753791809	0.6602479815483093
533	0.05831720307469368	0.06625497341156006	0.6604015231132507
534	0.057287782430648804	0.06629104167222977	0.6602457165718079
535	0.05669982731342316	0.06631401926279068	0.6601248383522034
536	0.05716415494680405	0.0663038119673729	0.6602086424827576
537	0.056380465626716614	0.06626882404088974	0.6605402827262878
538	0.05507804825901985	0.06622160971164703	0.660889744758606
539	0.05623644217848778	0.0661517009139061	0.6612119078636169
540	0.05641055852174759	0.06611425429582596	0.6612761616706848
541	0.05479078367352486	0.06611304730176926	0.6613750457763672
542	0.056644000113010406	0.066103994846344	0.6615098118782043
543	0.05637020617723465	0.06612114608287811	0.6616353392601013
544	0.05564328655600548	0.06616155803203583	0.6616055965423584
545	0.05597715824842453	0.06619498133659363	0.6615231037139893
546	0.05593068525195122	0.06618580222129822	0.6615902781486511
547	0.05572995916008949	0.06611868739128113	0.6616830229759216
548	0.05565069988369942	0.06607604026794434	0.6616721153259277
549	0.05673661828041077	0.0660523921251297	0.661806046962738
550	0.05604955554008484	0.06607137620449066	0.6620531678199768
551	0.05535010248422623	0.06613023579120636	0.6622086763381958
552	0.05578365549445152	0.06617028266191483	0.6622233986854553
553	0.05588410049676895	0.06609494239091873	0.6623610854148865
554	0.05516812577843666	0.06605882942676544	0.6621835827827454
555	0.055851180106401443	0.06603871285915375	0.6620776057243347
556	0.055373020470142365	0.06606020033359528	0.661709189414978
557	0.05548590049147606	0.06610537320375443	0.661273181438446
558	0.05499371886253357	0.06614601612091064	0.6610247492790222
559	0.05663059651851654	0.06619799882173538	0.6608989238739014
560	0.05526922643184662	0.06619352847337723	0.6608307957649231
561	0.05627689138054848	0.06615157425403595	0.6611174941062927
562	0.054946139454841614	0.06610164046287537	0.661630392074585
563	0.05546342208981514	0.06606514751911163	0.6621029376983643
564	0.05610376596450806	0.06602193415164948	0.6627315282821655
565	0.05419958010315895	0.06599582731723785	0.663107693195343
566	0.05577334389090538	0.06593801081180573	0.663337230682373
567	0.05527788773179054	0.0658888965845108	0.6634396910667419
568	0.05450534448027611	0.06583639234304428	0.6635953783988953
569	0.055943287909030914	0.06579821556806564	0.6637678742408752
570	0.05429767444729805	0.06574685871601105	0.6638928651809692
571	0.054789599031209946	0.06569025665521622	0.6640399098396301
572	0.05443228408694267	0.06566134840250015	0.6640847325325012
573	0.05448637902736664	0.06566955149173737	0.6640218496322632
574	0.0554979033768177	0.06570428609848022	0.6640457510948181
575	0.054455555975437164	0.06570089608430862	0.6641269326210022
576	0.055425141006708145	0.06570681184530258	0.6640766263008118
577	0.05474839732050896	0.06573271751403809	0.6636970043182373
578	0.05409836769104004	0.0657905861735344	0.663245439529419
579	0.05515678972005844	0.06582546979188919	0.6631264090538025
580	0.05449133366346359	0.0658687949180603	0.6630600690841675
581	0.05384654179215431	0.0659361481666565	0.6631069183349609
582	0.05478988215327263	0.06594575941562653	0.6632453799247742
583	0.05303077772259712	0.06589370965957642	0.663341760635376
584	0.05404959246516228	0.06586219370365143	0.6633493900299072
585	0.05497865751385689	0.06581530719995499	0.663367509841919
586	0.05396135896444321	0.06579049676656723	0.6633923053741455
587	0.05375979468226433	0.06577567756175995	0.6638351082801819
588	0.054344113916158676	0.06580005586147308	0.6640231013298035
589	0.054532427340745926	0.06581562757492065	0.6639283895492554
590	0.053059812635183334	0.06583783775568008	0.6637802124023438
591	0.05361024662852287	0.0658637061715126	0.663537323474884
592	0.05397874861955643	0.06588121503591537	0.6633147597312927
593	0.05434752255678177	0.06592895090579987	0.6630306243896484
594	0.05278374254703522	0.06592670828104019	0.6630920767784119
595	0.053548239171504974	0.06593072414398193	0.6631821393966675
596	0.05254898592829704	0.06589559465646744	0.6633365154266357
597	0.051947757601737976	0.06589406728744507	0.6635942459106445
598	0.05368424206972122	0.06590218842029572	0.663657009601593
599	0.05303448066115379	0.06587318331003189	0.6638429760932922
600	0.052290987223386765	0.06584278494119644	0.6639429926872253
601	0.053180452436208725	0.0658281221985817	0.6640878915786743
602	0.052660975605249405	0.06585386395454407	0.6641451716423035
603	0.05240754410624504	0.06584304571151733	0.6640717387199402
604	0.052050523459911346	0.06578777730464935	0.6639435887336731
605	0.05316384136676788	0.06575587391853333	0.6638410091400146
606	0.05266503617167473	0.06576482206583023	0.6640649437904358
607	0.05186362937092781	0.06579169631004333	0.6643370389938354
608	0.05218949168920517	0.06576448678970337	0.6646782755851746
609	0.05180853605270386	0.0657234936952591	0.6649767756462097
610	0.052358228713274	0.06570640951395035	0.6651976704597473
611	0.0525796003639698	0.06570961326360703	0.6653527021408081
612	0.05231981724500656	0.06574127823114395	0.6654201149940491
613	0.05334721878170967	0.06577963382005692	0.6653085350990295
614	0.052734892815351486	0.06581207364797592	0.6651315689086914
615	0.05238013714551926	0.06585981696844101	0.6650023460388184
616	0.05258183926343918	0.06588687002658844	0.664976179599762
617	0.05250648036599159	0.06587193161249161	0.6653023362159729
618	0.0528460294008255	0.06581918150186539	0.6657283306121826
619	0.05246923491358757	0.06574971973896027	0.6662424206733704
620	0.05250946804881096	0.0656590685248375	0.6664556264877319
621	0.05135923624038696	0.06555117666721344	0.6663928627967834
622	0.05217549577355385	0.06552114337682724	0.6659259796142578
623	0.052950773388147354	0.06555904448032379	0.665343165397644
624	0.05250924453139305	0.06564502418041229	0.6651600003242493
625	0.05293925106525421	0.06578084081411362	0.6649364233016968
626	0.05251969024538994	0.06586234271526337	0.6647651791572571
627	0.052294567227363586	0.06581993401050568	0.6648558378219604
628	0.05122048780322075	0.06572641432285309	0.6651285290718079
629	0.052058521658182144	0.06565110385417938	0.6654759049415588
630	0.05267311632633209	0.06560241430997849	0.6657009720802307
631	0.051439911127090454	0.06560397148132324	0.6658956408500671
632	0.05159168690443039	0.06561700999736786	0.6660116314888
633	0.05159992352128029	0.06562243402004242	0.6661965250968933
634	0.05055272951722145	0.06561185419559479	0.6661485433578491
635	0.05239292234182358	0.06558646261692047	0.6659391522407532
636	0.051046017557382584	0.06561227142810822	0.6656171083450317
637	0.05115892365574837	0.06565466523170471	0.6651811599731445
638	0.051018089056015015	0.06565914303064346	0.6652657985687256
639	0.052236057817935944	0.06566964834928513	0.665553629398346
640	0.05126798525452614	0.06570237129926682	0.6660646796226501
641	0.0507645457983017	0.0656546875834465	0.6666093468666077
642	0.05249883979558945	0.06560138612985611	0.6670591831207275
643	0.050981756299734116	0.06553409993648529	0.6674015522003174
644	0.0511997826397419	0.0654606893658638	0.6674420833587646
645	0.0507228747010231	0.06544191390275955	0.6674105525016785
646	0.05064751207828522	0.06544586271047592	0.667293906211853
647	0.05095354840159416	0.06549087166786194	0.6671993732452393
648	0.05038563162088394	0.06551746279001236	0.6673029065132141
649	0.05003967136144638	0.06555052846670151	0.6673166751861572
650	0.05085085704922676	0.06554078310728073	0.6673622727394104
651	0.05094274878501892	0.06551286578178406	0.6672838926315308
652	0.05100976303219795	0.06545216590166092	0.6677442789077759
653	0.04974846914410591	0.06543823331594467	0.6674126386642456
654	0.050860386341810226	0.06540277600288391	0.667730987071991
655	0.051165204495191574	0.06540164351463318	0.6681456565856934
656	0.05064673349261284	0.06545819342136383	0.6681990027427673
657	0.05096869170665741	0.06554673612117767	0.6680158376693726
658	0.05142083019018173	0.06549368053674698	0.6678451895713806
659	0.04945479333400726	0.06543385237455368	0.6677823662757874
660	0.05058174580335617	0.06541892141103745	0.6677087545394897
661	0.05051193758845329	0.06543438881635666	0.667486846446991
662	0.05049325153231621	0.0654556155204773	0.6675786375999451
663	0.05028226971626282	0.06551545858383179	0.6675175428390503
664	0.04977848008275032	0.06561103463172913	0.667119026184082
665	0.049582455307245255	0.06558696180582047	0.667015790939331
666	0.04984159395098686	0.06557144224643707	0.6669172048568726
667	0.04997586831450462	0.06554833799600601	0.6668947339057922
668	0.04975032061338425	0.06556276977062225	0.6670556664466858
669	0.049850281327962875	0.06555835902690887	0.667173445224762
670	0.049005504697561264	0.06558256596326828	0.6673824787139893
671	0.04881758242845535	0.06557931751012802	0.6674094200134277
672	0.049999166280031204	0.06552209705114365	0.6671327352523804
673	0.05004037171602249	0.06552860140800476	0.6666914820671082
674	0.05007784441113472	0.06557261198759079	0.6664490103721619
675	0.04925847426056862	0.06563700735569	0.6664851903915405
676	0.05032012611627579	0.06570013612508774	0.6665197610855103
677	0.0495259091258049	0.06572757661342621	0.666634738445282
678	0.0495479479432106	0.06573448330163956	0.6666754484176636
679	0.05099527910351753	0.06568624079227448	0.6667812466621399
680	0.04941961541771889	0.0656554102897644	0.6667880415916443
681	0.04907596856355667	0.0655703917145729	0.6669865250587463
682	0.04956001415848732	0.06554530560970306	0.6671386361122131
683	0.04984761029481888	0.06553465127944946	0.6672888994216919
684	0.04938412457704544	0.06552884727716446	0.6674239635467529
685	0.05122986435890198	0.0655335932970047	0.6675155758857727
686	0.04942967742681503	0.06553886830806732	0.6674959063529968
687	0.04916006326675415	0.06552395969629288	0.6677484512329102
688	0.04946788027882576	0.06550318747758865	0.66798996925354
689	0.04980115592479706	0.06542576849460602	0.6680935025215149
690	0.048747219145298004	0.06535723060369492	0.6678419709205627
691	0.04840434715151787	0.06535504758358002	0.6673858761787415
692	0.04910965636372566	0.06536432355642319	0.6673403382301331
693	0.049604035913944244	0.06540656089782715	0.6678642630577087
694	0.048465099185705185	0.0654926523566246	0.6682358980178833
695	0.048553284257650375	0.06554978340864182	0.6680764555931091
696	0.047962021082639694	0.06547276675701141	0.667837917804718
697	0.04870874807238579	0.06541205942630768	0.667353093624115
698	0.049155961722135544	0.06541717052459717	0.6668846607208252
699	0.04850899055600166	0.06549259275197983	0.6665313243865967
700	0.04974658042192459	0.0655539333820343	0.6663000583648682
701	0.047872256487607956	0.0656098797917366	0.6662071347236633
702	0.04935167729854584	0.0655902847647667	0.6662102937698364
703	0.04974212124943733	0.06560631841421127	0.6664865016937256
704	0.04899178072810173	0.0655970573425293	0.6666125655174255
705	0.04780842736363411	0.06552670896053314	0.6666926741600037
706	0.048834964632987976	0.06545498967170715	0.6671221256256104
707	0.04840962216258049	0.06541454046964645	0.667644739151001
708	0.04837968945503235	0.06535261869430542	0.6678122282028198
709	0.04858929663896561	0.06534112244844437	0.667702853679657
710	0.04891379922628403	0.06535593420267105	0.6678268313407898
711	0.0472504198551178	0.06539595127105713	0.6679202914237976
712	0.04890524223446846	0.0654485896229744	0.6680494546890259
713	0.04766209051012993	0.06547749787569046	0.667966365814209
714	0.04906158521771431	0.06553646922111511	0.6679229140281677
715	0.047770142555236816	0.06558746844530106	0.6675132513046265
716	0.04767685383558273	0.06562313437461853	0.6671867370605469
717	0.04848714917898178	0.06557873636484146	0.6668438911437988
718	0.04780736565589905	0.06553537398576736	0.6669158935546875
719	0.04745211452245712	0.06552282720804214	0.6674046516418457
720	0.04724552482366562	0.06553598493337631	0.6678627729415894
721	0.04777679964900017	0.06554072350263596	0.668146014213562
722	0.04824477806687355	0.06546428054571152	0.6681935787200928
723	0.04771808907389641	0.06544383615255356	0.6678380966186523
724	0.04852622374892235	0.06543316692113876	0.6673508882522583
725	0.048314228653907776	0.06545068323612213	0.6676400303840637
726	0.047491539269685745	0.06548365205526352	0.668053150177002
727	0.047269001603126526	0.06555056571960449	0.6681020259857178
728	0.04872522130608559	0.06559394299983978	0.6679149270057678
729	0.048127252608537674	0.06561757624149323	0.6677185893058777
730	0.04803910851478577	0.06559402495622635	0.6678943634033203
731	0.047983020544052124	0.06552394479513168	0.6682767271995544
732	0.04778842255473137	0.06542722135782242	0.6684794425964355
733	0.04784389212727547	0.0653705820441246	0.6686165928840637
734	0.04782102629542351	0.06539846211671829	0.6687270402908325
735	0.04805300012230873	0.0654732957482338	0.6688843965530396
736	0.046894341707229614	0.0655052661895752	0.6690333485603333
737	0.04685603454709053	0.06547544151544571	0.6691508889198303
738	0.04711231589317322	0.06542729586362839	0.6691479086875916
739	0.04633679986000061	0.06535109132528305	0.6689581871032715
740	0.048444367945194244	0.06537815928459167	0.6686916351318359
741	0.047329798340797424	0.06541433185338974	0.6685448884963989
742	0.046155642718076706	0.06548642367124557	0.6683679223060608
743	0.04663548618555069	0.06555592268705368	0.6683241128921509
744	0.04590393975377083	0.06558124721050262	0.668236494064331
745	0.04638294875621796	0.0656048059463501	0.6681851744651794
746	0.047049734741449356	0.0655876100063324	0.6681666970252991
747	0.04684929549694061	0.06555671244859695	0.6680189371109009
748	0.04665261134505272	0.06551600992679596	0.6677617430686951
749	0.04629039019346237	0.06549673527479172	0.6674027442932129
750	0.046798475086688995	0.06550493836402893	0.6671384572982788
751	0.046822529286146164	0.06556886434555054	0.666946291923523
752	0.04716698080301285	0.06566567718982697	0.666840672492981
753	0.0469609834253788	0.06572657078504562	0.666940450668335
754	0.0465809628367424	0.065728560090065	0.6670791506767273
755	0.04683364927768707	0.06569378823041916	0.667236328125
756	0.046809375286102295	0.06567727029323578	0.6669942736625671
757	0.04690120741724968	0.06564726680517197	0.6668079495429993
758	0.04646322876214981	0.06561261415481567	0.6669319272041321
759	0.04636722058057785	0.06557542085647583	0.6673235297203064
760	0.046609796583652496	0.06557413935661316	0.667659342288971
761	0.04551555588841438	0.0656047910451889	0.6679375767707825
762	0.04671436920762062	0.0655960664153099	0.667911946773529
763	0.04706382378935814	0.06547857820987701	0.6679286956787109
764	0.04549180716276169	0.06542008370161057	0.6678643226623535
765	0.04587563872337341	0.06542732566595078	0.6677423119544983
766	0.046372491866350174	0.065485380589962	0.6678339242935181
767	0.04563695564866066	0.0655646026134491	0.6679803133010864
768	0.04605672508478165	0.0656268298625946	0.6680212616920471
769	0.046647727489471436	0.0656556636095047	0.6681358814239502
770	0.044880419969558716	0.06560077518224716	0.6682800650596619
771	0.04600843787193298	0.06549840420484543	0.6682255268096924
772	0.04585026577115059	0.06537165492773056	0.6679250597953796
773	0.045578643679618835	0.06528815627098083	0.6681311130523682
774	0.045539095997810364	0.06527866423130035	0.6683948040008545
775	0.04516123980283737	0.06529051065444946	0.6685695052146912
776	0.045626699924468994	0.06528984755277634	0.6685525178909302
777	0.04560777544975281	0.06528764963150024	0.6685802936553955
778	0.04471099376678467	0.06535236537456512	0.6686823964118958
779	0.04643777012825012	0.06545189023017883	0.668864905834198
780	0.04593966156244278	0.06548658758401871	0.6688516736030579
781	0.04653259366750717	0.06548980623483658	0.6688337922096252
782	0.04539591819047928	0.06544891744852066	0.668872058391571
783	0.04537706449627876	0.06542365998029709	0.6690351366996765
784	0.046213772147893906	0.06537669897079468	0.669195294380188
785	0.04545339569449425	0.06530051678419113	0.6692693829536438
786	0.0459878034889698	0.06523298472166061	0.6696458458900452
787	0.04634508490562439	0.06521613895893097	0.6702512502670288
788	0.046006541699171066	0.06523369252681732	0.6707362532615662
789	0.045916203409433365	0.06523627042770386	0.6709792017936707
790	0.04705191031098366	0.06521102786064148	0.6707530617713928
791	0.04547196626663208	0.06522814184427261	0.6703649163246155
792	0.04514528810977936	0.06533347815275192	0.6703311204910278
793	0.04596905782818794	0.06541493535041809	0.6700562238693237
794	0.04554114118218422	0.06545113027095795	0.6694876551628113
795	0.045150067657232285	0.06541752070188522	0.6688567996025085
796	0.045642439275979996	0.06541107594966888	0.668304443359375
797	0.04461992159485817	0.06547915935516357	0.6673953533172607
798	0.04469025135040283	0.06541509181261063	0.6679787039756775
799	0.045030079782009125	0.06543635576963425	0.6680271029472351
800	0.045340266078710556	0.06550376117229462	0.6682260632514954
801	0.04506966471672058	0.0655570924282074	0.668278694152832
802	0.043985914438962936	0.06553233414888382	0.668332576751709
803	0.044694479554891586	0.06547445803880692	0.6683381199836731
804	0.04495862498879433	0.06537708640098572	0.6682353019714355
805	0.04581863433122635	0.06534241884946823	0.6679387092590332
806	0.04441504925489426	0.06536640971899033	0.6678656339645386
807	0.04533619433641434	0.06539253890514374	0.6677582263946533
808	0.04455981031060219	0.06547517329454422	0.6682084798812866
809	0.04455237835645676	0.06548792123794556	0.6695226430892944
810	0.045157305896282196	0.06550658494234085	0.6702135801315308
811	0.044910117983818054	0.06540320813655853	0.6705697774887085
812	0.044114064425230026	0.06518644839525223	0.670733630657196
813	0.04532456025481224	0.06501664221286774	0.6704075336456299
814	0.044049881398677826	0.06493975222110748	0.6701004505157471
815	0.044130753725767136	0.06494216620922089	0.6700643301010132
816	0.04480284824967384	0.06500230729579926	0.6702792048454285
817	0.04504220932722092	0.06520325690507889	0.6706132292747498
818	0.044735707342624664	0.06537552177906036	0.6704277992248535
819	0.044099126011133194	0.0653424933552742	0.6705052852630615
820	0.04532945156097412	0.06515131890773773	0.6703519225120544
821	0.044307682663202286	0.0650782659649849	0.6699432730674744
822	0.044157061725854874	0.06510850042104721	0.6699022650718689
823	0.0441390760242939	0.06523006409406662	0.670400857925415
824	0.04347407445311546	0.06541816890239716	0.670723557472229
825	0.0442114993929863	0.06557424366474152	0.6707213521003723
826	0.044573795050382614	0.06537318229675293	0.6705930233001709
827	0.04420864209532738	0.06515944004058838	0.670071005821228
828	0.04432322457432747	0.0650518536567688	0.6690711975097656
829	0.044640976935625076	0.06507717072963715	0.6691192984580994
830	0.04456006735563278	0.06517498195171356	0.6698048114776611
831	0.043987855315208435	0.065347820520401	0.6703488826751709
832	0.04324454814195633	0.06547355651855469	0.67052161693573
833	0.04430113360285759	0.06547782570123672	0.6705117225646973
834	0.043781913816928864	0.0653747022151947	0.6702666878700256
835	0.04418984055519104	0.06534434109926224	0.6697723865509033
836	0.044165078550577164	0.06533500552177429	0.6694594025611877
837	0.04397887736558914	0.0653727799654007	0.6694057583808899
838	0.04460559040307999	0.06545180827379227	0.6697109341621399
839	0.04388308897614479	0.06555532664060593	0.6698389649391174
840	0.04316876083612442	0.06555035710334778	0.6697525382041931
841	0.044067949056625366	0.06546099483966827	0.6695811748504639
842	0.043911028653383255	0.06535119563341141	0.6693350076675415
843	0.043860070407390594	0.06531897187232971	0.6692622303962708
844	0.04402300715446472	0.06533140689134598	0.6697110533714294
845	0.043759237974882126	0.06538764387369156	0.6702625751495361
846	0.043466247618198395	0.06548827886581421	0.6705816984176636
847	0.044110916554927826	0.06560913473367691	0.6705949902534485
848	0.044181760400533676	0.0656636506319046	0.6704682111740112
849	0.044996634125709534	0.06562772393226624	0.6704593300819397
850	0.043901924043893814	0.06548512727022171	0.67013019323349
851	0.043531592935323715	0.06542380899190903	0.6698831915855408
852	0.0435018427670002	0.06540632992982864	0.6699501872062683
853	0.04386157914996147	0.06535625457763672	0.6700528860092163
854	0.04445342719554901	0.06539889425039291	0.6702576875686646
855	0.04430200532078743	0.06554073095321655	0.6706236600875854
856	0.04311790689826012	0.06569612771272659	0.6708362698554993
857	0.043933749198913574	0.06578953564167023	0.6708118915557861
858	0.04467421770095825	0.06579137593507767	0.6705877184867859
859	0.042543698102235794	0.06570737063884735	0.6703875064849854
860	0.043325211852788925	0.065596804022789	0.6700905561447144
861	0.04385236278176308	0.06554202735424042	0.6699458360671997
862	0.043221935629844666	0.06547220051288605	0.6697643995285034
863	0.04344792664051056	0.065481036901474	0.6696578860282898
864	0.043291542679071426	0.06544171273708344	0.6695401668548584
865	0.04418710991740227	0.0654437318444252	0.6694943904876709
866	0.044193606823682785	0.06546323746442795	0.6697738170623779
867	0.04237658530473709	0.06547975540161133	0.6700079441070557
868	0.04342925176024437	0.06554044038057327	0.6702173352241516
869	0.04341734200716019	0.06559582054615021	0.6705455183982849
870	0.04389587417244911	0.06558353453874588	0.6705690622329712
871	0.04228249192237854	0.0656309649348259	0.6705768704414368
872	0.04306812584400177	0.06558407843112946	0.6705455183982849
873	0.042590510100126266	0.0655025988817215	0.6703409552574158
874	0.04283282905817032	0.06541260331869125	0.6700546145439148
875	0.0429568774998188	0.06536270678043365	0.6697933673858643
876	0.043281082063913345	0.06538241356611252	0.6697739362716675
877	0.0416097454726696	0.06550595909357071	0.6699687242507935
878	0.04226876050233841	0.06562736630439758	0.67009037733078
879	0.04272846132516861	0.06564080715179443	0.6700559854507446
880	0.042608264833688736	0.06551668047904968	0.6698678731918335
881	0.043081071227788925	0.06546932458877563	0.6695084571838379
882	0.0431748665869236	0.06543456017971039	0.6689690351486206
883	0.04385519027709961	0.06546015292406082	0.6689761877059937
884	0.0426148995757103	0.06558219343423843	0.6695466041564941
885	0.04218696057796478	0.06575639545917511	0.6699389815330505
886	0.04285341128706932	0.06592733412981033	0.6701269745826721
887	0.043214600533246994	0.06575231999158859	0.6702255010604858
888	0.043239135295152664	0.06551932543516159	0.6702865362167358
889	0.04269403964281082	0.06531891971826553	0.6698978543281555
890	0.042070139199495316	0.06525009125471115	0.6698983311653137
891	0.04244224354624748	0.06527325510978699	0.6703433394432068
892	0.04168974980711937	0.06544820219278336	0.6709256172180176
893	0.042034659534692764	0.06561574339866638	0.6712448000907898
894	0.042121920734643936	0.06562060862779617	0.6712884902954102
895	0.041859015822410583	0.06554064899682999	0.6709991097450256
896	0.042061153799295425	0.06548869609832764	0.67051100730896
897	0.042792171239852905	0.06548257917165756	0.6699898838996887
898	0.04221740737557411	0.06556753814220428	0.6699580550193787
899	0.04215600714087486	0.06567776948213577	0.6699970960617065
900	0.04251370206475258	0.06572375446557999	0.6697874069213867
901	0.04203496873378754	0.06573698669672012	0.6694875955581665
902	0.04239938408136368	0.06576047837734222	0.6693364381790161
903	0.04297945275902748	0.06577400863170624	0.669208288192749
904	0.04248544201254845	0.0658000186085701	0.6691581010818481
905	0.04185054078698158	0.06583618372678757	0.6689229011535645
906	0.04145025461912155	0.06588385999202728	0.6688767671585083
907	0.042991556227207184	0.065973661839962	0.6690548658370972
908	0.04276486858725548	0.06609591841697693	0.6691379547119141
909	0.04180720075964928	0.06615826487541199	0.6691810488700867
910	0.04153912141919136	0.06603975594043732	0.6689913272857666
911	0.04133317247033119	0.06583806872367859	0.6684045791625977
912	0.04312652349472046	0.0657324567437172	0.6678912043571472
913	0.04121671989560127	0.0657660961151123	0.6677797436714172
914	0.04212034121155739	0.06591174006462097	0.6679408550262451
915	0.04301239922642708	0.06598525494337082	0.6679312586784363
916	0.04168306291103363	0.06600416451692581	0.6681683659553528
917	0.04128865897655487	0.06609682738780975	0.6685647964477539
918	0.04109998419880867	0.06617274880409241	0.6687479019165039
919	0.04124024510383606	0.06608627736568451	0.6685018539428711
920	0.04220608249306679	0.06602519005537033	0.6681290864944458
921	0.04180464521050453	0.0659736916422844	0.6679986715316772
922	0.04267778620123863	0.0659722089767456	0.6679506301879883
923	0.04184592142701149	0.06610222160816193	0.668034553527832
924	0.04200856387615204	0.06625286489725113	0.6682944297790527
925	0.0417141355574131	0.0662626251578331	0.6683815121650696
926	0.04093395918607712	0.06615334749221802	0.6682885885238647
927	0.041091881692409515	0.06602578610181808	0.668053925037384
928	0.04101898521184921	0.06597230583429337	0.6679046154022217
929	0.0418381504714489	0.06599783897399902	0.6678736209869385
930	0.04176636412739754	0.06604528427124023	0.6680518984794617
931	0.04198341816663742	0.0661148652434349	0.6683185696601868
932	0.04171491414308548	0.06617039442062378	0.6685752868652344
933	0.040884774178266525	0.06621930748224258	0.6687170267105103
934	0.041191354393959045	0.06625116616487503	0.6688011884689331
935	0.04193224757909775	0.06616159528493881	0.6685713529586792
936	0.041498471051454544	0.06593569368124008	0.6678318977355957
937	0.04182219132781029	0.06583063304424286	0.6671541333198547
938	0.04152749106287956	0.0657646656036377	0.6672067642211914
939	0.04152093082666397	0.0657452642917633	0.6679616570472717
940	0.04069049656391144	0.06576652824878693	0.6686798930168152
941	0.04178754240274429	0.06588611006736755	0.6692322492599487
942	0.040654852986335754	0.06604199856519699	0.6695531010627747
943	0.04114716500043869	0.06616268306970596	0.6695988774299622
944	0.041316818445920944	0.06603533029556274	0.6691867709159851
945	0.04172331094741821	0.06589702516794205	0.6685865521430969
946	0.04118688404560089	0.06580277532339096	0.6680379509925842
947	0.04077497124671936	0.06572883576154709	0.6672316193580627
948	0.042059388011693954	0.06573806703090668	0.6668989062309265
949	0.04130910336971283	0.06578411161899567	0.6671881079673767
950	0.04089782387018204	0.06588179618120193	0.6678722500801086
951	0.041335366666316986	0.06601210683584213	0.6684257388114929
952	0.04117453098297119	0.06606519967317581	0.6687551736831665
953	0.04062278941273689	0.06599272042512894	0.6688414812088013
954	0.04037339612841606	0.06584060937166214	0.6684738993644714
955	0.04128703847527504	0.06573373079299927	0.6677340865135193
956	0.04078245908021927	0.06570500135421753	0.6672018766403198
957	0.04041774570941925	0.06576083600521088	0.6677818298339844
958	0.04122171550989151	0.06596014648675919	0.6687934398651123
959	0.040960296988487244	0.06618890166282654	0.6690175533294678
960	0.040581077337265015	0.06631762534379959	0.6690471768379211
961	0.04094722867012024	0.06621187180280685	0.6688975095748901
962	0.040539685636758804	0.06591597944498062	0.6680896282196045
963	0.041071392595767975	0.06573185324668884	0.6670823097229004
964	0.04113275185227394	0.06567270308732986	0.6672913432121277
965	0.041202057152986526	0.0657082349061966	0.668559730052948
966	0.040362399071455	0.06587488949298859	0.6693527102470398
967	0.04133930802345276	0.06608843058347702	0.669590950012207
968	0.040234629064798355	0.06614185124635696	0.6693398356437683
969	0.040624234825372696	0.06597933918237686	0.6686870455741882
970	0.040316395461559296	0.06584832072257996	0.6677013039588928
971	0.04084842652082443	0.06584005057811737	0.6670219302177429
972	0.04108438640832901	0.06590389460325241	0.6671025156974792
973	0.040280312299728394	0.0660082995891571	0.667296826839447
974	0.04007896035909653	0.06617947667837143	0.6678297519683838
975	0.04133011773228645	0.06640244275331497	0.6682834029197693
976	0.041371654719114304	0.06647447496652603	0.6684983968734741
977	0.04106822982430458	0.06637278199195862	0.6684510111808777
978	0.04091494530439377	0.06620680540800095	0.667985200881958
979	0.04030052199959755	0.06615442782640457	0.6675176024436951
980	0.03996473178267479	0.06616603583097458	0.6677960753440857
981	0.04057920724153519	0.06618671119213104	0.6681082844734192
982	0.04075726866722107	0.0663437694311142	0.6685640215873718
983	0.04113508015871048	0.06649669259786606	0.6687588691711426
984	0.04021656513214111	0.06657655537128448	0.6688219308853149
985	0.03988239914178848	0.06637246906757355	0.668759822845459
986	0.040331535041332245	0.06617264449596405	0.6683773994445801
987	0.040106236934661865	0.06606321781873703	0.6678942441940308
988	0.040258683264255524	0.06608226150274277	0.6673243045806885
989	0.04068645462393761	0.06618808209896088	0.6675323843955994
990	0.040751270949840546	0.06638598442077637	0.6678794622421265
991	0.03970018029212952	0.06662250310182571	0.6681174039840698
992	0.03990192338824272	0.06668862700462341	0.6678356528282166
993	0.03971272334456444	0.06664343923330307	0.6673726439476013
994	0.039613980799913406	0.0665704682469368	0.6665788292884827
995	0.040024492889642715	0.06645698100328445	0.6657304763793945
996	0.03992907702922821	0.06647121161222458	0.6654177904129028
997	0.03992173820734024	0.06651251763105392	0.665725827217102
998	0.04029587656259537	0.06662490963935852	0.6661534309387207
999	0.03924143686890602	0.0667562186717987	0.6662454009056091
1000	0.03982481732964516	0.06689376384019852	0.6663093566894531
1001	0.04024774581193924	0.06689845025539398	0.6660255193710327
1002	0.040972549468278885	0.06694567203521729	0.6655315160751343
1003	0.040654588490724564	0.06695530563592911	0.6649816036224365
1004	0.03916195407509804	0.06696256250143051	0.6648274660110474
1005	0.03967929631471634	0.0669688954949379	0.6650484800338745
1006	0.040092479437589645	0.06686440855264664	0.6652156710624695
1007	0.03850578889250755	0.06679289788007736	0.6654466986656189
1008	0.040074292570352554	0.0667218491435051	0.6657888293266296
1009	0.03982429578900337	0.06656286865472794	0.666181743144989
1010	0.03980366513133049	0.06649693101644516	0.6664357781410217
1011	0.04019768536090851	0.06639908254146576	0.6666215658187866
1012	0.03996865078806877	0.06638237833976746	0.666891872882843
1013	0.03961700201034546	0.06644227355718613	0.6672117114067078
1014	0.0398053340613842	0.06651809811592102	0.6675819158554077
1015	0.04013789817690849	0.06656985729932785	0.6675962209701538
1016	0.03981476649641991	0.06651263684034348	0.6673518419265747
1017	0.03912903368473053	0.06640059500932693	0.6669515371322632
1018	0.03983140364289284	0.06634698063135147	0.6672267913818359
1019	0.039561979472637177	0.06635552644729614	0.6680469512939453
1020	0.04055846109986305	0.06645236909389496	0.6687867045402527
1021	0.039558425545692444	0.06646636873483658	0.6689509749412537
1022	0.039710406213998795	0.06645120680332184	0.6689667701721191
1023	0.03913251683115959	0.06644740700721741	0.6686968207359314
1024	0.03848320618271828	0.06651829183101654	0.6682534217834473
1025	0.0386248342692852	0.06665094941854477	0.6678726077079773
1026	0.0389607734978199	0.06689409166574478	0.6674124002456665
1027	0.03958653286099434	0.06708671897649765	0.6667938828468323
1028	0.039164889603853226	0.06721442937850952	0.6662158370018005
1029	0.039766158908605576	0.06734959781169891	0.6655368208885193
1030	0.039099570363759995	0.06740830838680267	0.6652283072471619
1031	0.03973989933729172	0.06738124787807465	0.6650339961051941
1032	0.03941895067691803	0.06729712337255478	0.6653781533241272
1033	0.04001389443874359	0.06712646782398224	0.6656294465065002
1034	0.03896908089518547	0.06698969006538391	0.6659430265426636
1035	0.03885967656970024	0.0670185461640358	0.6665118932723999
1036	0.03959929570555687	0.06718232482671738	0.6667749881744385
1037	0.039528265595436096	0.06745904684066772	0.6668616533279419
1038	0.03940436989068985	0.06757834553718567	0.6665703654289246
1039	0.03967480733990669	0.0673784464597702	0.6659178137779236
1040	0.03950957953929901	0.06731197983026505	0.6651548147201538
1041	0.03955121338367462	0.06730695813894272	0.6644403338432312
1042	0.039414312690496445	0.06739483773708344	0.6644018888473511
1043	0.03837110474705696	0.06751744449138641	0.6648648977279663
1044	0.03949315845966339	0.0677063912153244	0.6653527021408081
1045	0.039436131715774536	0.06796783953905106	0.6657981872558594
1046	0.038396257907152176	0.0680362656712532	0.6660482883453369
1047	0.03955366089940071	0.06792739033699036	0.666102409362793
1048	0.039030205458402634	0.06769287586212158	0.6656467914581299
1049	0.039524953812360764	0.06748021394014359	0.6649819612503052
1050	0.038797374814748764	0.06748392432928085	0.6641049385070801
1051	0.03928263485431671	0.06753464043140411	0.6638728380203247
1052	0.0389016754925251	0.06763629615306854	0.6639906764030457
1053	0.03869423270225525	0.06787677854299545	0.6642596125602722
1054	0.038906462490558624	0.06798066943883896	0.6642035245895386
1055	0.039149221032857895	0.06784874200820923	0.6641486287117004
1056	0.03895806148648262	0.06779594719409943	0.6641507148742676
1057	0.038286760449409485	0.06765934079885483	0.663985550403595
1058	0.03867686912417412	0.06753464788198471	0.6634830236434937
1059	0.038823291659355164	0.06749580055475235	0.6632253527641296
1060	0.03925613313913345	0.06753083318471909	0.663932204246521
1061	0.0392892062664032	0.06771779805421829	0.6649168729782104
1062	0.03930915519595146	0.06794175505638123	0.6654720902442932
1063	0.039003804326057434	0.06798616051673889	0.6655750870704651
1064	0.0386083610355854	0.06791958212852478	0.6654688119888306
1065	0.0383780412375927	0.06762310117483139	0.6649202108383179
1066	0.03951980546116829	0.06745558977127075	0.6643093228340149
1067	0.039301272481679916	0.06745582073926926	0.6640448570251465
1068	0.03892715647816658	0.06761068850755692	0.6644314527511597
1069	0.038559865206480026	0.06790028512477875	0.665019690990448
1070	0.03839331492781639	0.06805948913097382	0.6652482151985168
1071	0.03813301399350166	0.06801527738571167	0.6650124788284302
1072	0.0385286808013916	0.0678781196475029	0.6646530628204346
1073	0.038166552782058716	0.06774360686540604	0.6641477346420288
1074	0.03959188237786293	0.06768478453159332	0.6637848019599915
1075	0.03810333088040352	0.06774858385324478	0.6640490889549255
1076	0.03850249573588371	0.067573182284832	0.6648324131965637
1077	0.03830930218100548	0.06686487048864365	0.6672850847244263
1078	0.03820931538939476	0.06615359336137772	0.6697567105293274
1079	0.037737298756837845	0.06590117514133453	0.6698077917098999
1080	0.03826785832643509	0.06573596596717834	0.6690546274185181
1081	0.03767586871981621	0.06570851057767868	0.6685349345207214
1082	0.037968963384628296	0.0657578706741333	0.6685288548469543
1083	0.038785554468631744	0.06587614864110947	0.6691628098487854
1084	0.03834953531622887	0.0660640224814415	0.6697447896003723
1085	0.038777243345975876	0.06612057983875275	0.6699327826499939
1086	0.0386776439845562	0.06612620502710342	0.6699265241622925
1087	0.03791660815477371	0.06603968888521194	0.66975998878479
1088	0.03845272585749626	0.06593495607376099	0.6692184805870056
1089	0.03836433216929436	0.06588099151849747	0.6687417030334473
1090	0.03856157884001732	0.06591114401817322	0.6685932874679565
1091	0.03754396364092827	0.06599858403205872	0.6686380505561829
1092	0.03802435100078583	0.06605101376771927	0.6686674356460571
1093	0.03800952434539795	0.06606672704219818	0.6688548922538757
1094	0.038356538861989975	0.06598108261823654	0.668673574924469
1095	0.03828371688723564	0.065907783806324	0.6683023571968079
1096	0.03782671317458153	0.06590801477432251	0.6678956151008606
1097	0.03807830810546875	0.06593059003353119	0.6678768992424011
1098	0.03849891573190689	0.06598521769046783	0.6679888963699341
1099	0.03799726814031601	0.06610320508480072	0.6685450077056885
1100	0.03885839506983757	0.06621760129928589	0.6688832640647888
1101	0.038442838937044144	0.06623410433530807	0.6691048741340637
1102	0.03738156333565712	0.06618397682905197	0.6692216992378235
1103	0.03794439509510994	0.06608559936285019	0.668687641620636
1104	0.0375191830098629	0.06603538244962692	0.6678423881530762
1105	0.038706813007593155	0.06613945960998535	0.6674405932426453
1106	0.03800969198346138	0.06629772484302521	0.6674255728721619
1107	0.03748812526464462	0.0664110854268074	0.6676647663116455
1108	0.037467002868652344	0.06652223318815231	0.667930006980896
1109	0.037858955562114716	0.0665494054555893	0.6679765582084656
1110	0.03877781704068184	0.06665661931037903	0.6681418418884277
1111	0.03894753381609917	0.06675086170434952	0.6684644222259521
1112	0.037921242415905	0.06685659289360046	0.6686400175094604
1113	0.03792280703783035	0.0669543594121933	0.6684771776199341
1114	0.03778471425175667	0.06696251779794693	0.6681949496269226
1115	0.038360919803380966	0.0669986680150032	0.6680607795715332
1116	0.0372946597635746	0.06703522801399231	0.6679527163505554
1117	0.03863227739930153	0.06700340658426285	0.6677210330963135
1118	0.038179147988557816	0.06692762672901154	0.6674320697784424
1119	0.037043314427137375	0.06685295701026917	0.6672439575195312
1120	0.038524329662323	0.06686795502901077	0.666991114616394
1121	0.03749775514006615	0.06696219742298126	0.6669769883155823
1122	0.03720061853528023	0.0671159029006958	0.6674184799194336
1123	0.038279104977846146	0.06740397214889526	0.6682228446006775
1124	0.03776608407497406	0.06760556250810623	0.6686850190162659
1125	0.036961350589990616	0.06758739054203033	0.6686882376670837
1126	0.03739221766591072	0.06739193201065063	0.6685981750488281
1127	0.03755941614508629	0.0671059861779213	0.6680946350097656
1128	0.03671548143029213	0.06693731993436813	0.6673662662506104
1129	0.03760254755616188	0.0669768825173378	0.6670054793357849
1130	0.037299878895282745	0.0671515166759491	0.6669188141822815
1131	0.03666796162724495	0.06731924414634705	0.6665993928909302
1132	0.03825603052973747	0.06751404702663422	0.6663323044776917
1133	0.03721696510910988	0.06762268394231796	0.6658231616020203
1134	0.03756728768348694	0.06760207563638687	0.6662496328353882
1135	0.03702590987086296	0.06749828904867172	0.666128396987915
1136	0.03811395540833473	0.06742076575756073	0.665996789932251
1137	0.03700366988778114	0.0674433708190918	0.6660414934158325
1138	0.03741763159632683	0.0673985481262207	0.6658537983894348
1139	0.03689730912446976	0.06744058430194855	0.6658696532249451
1140	0.037176378071308136	0.06747467815876007	0.665757417678833
1141	0.03725524619221687	0.06734286993741989	0.6652480959892273
1142	0.03714178130030632	0.0673237070441246	0.6649197936058044
1143	0.03745817765593529	0.06732384860515594	0.6647377610206604
1144	0.037505295127630234	0.06737519055604935	0.6648616194725037
1145	0.03684232756495476	0.06737078726291656	0.6650735139846802
1146	0.03723517432808876	0.06732171028852463	0.6653463244438171
1147	0.036797042936086655	0.06728664040565491	0.6657747626304626
1148	0.03720681369304657	0.06714999675750732	0.6660967469215393
1149	0.037105727940797806	0.06706622987985611	0.6663382649421692
1150	0.036498259752988815	0.06696797162294388	0.6665133237838745
1151	0.03713294491171837	0.0669732615351677	0.6669037342071533
1152	0.03747464716434479	0.06699716299772263	0.6673155426979065
1153	0.03751172870397568	0.0669727623462677	0.6672654151916504
1154	0.03665165603160858	0.06684889644384384	0.6667523384094238
1155	0.037455201148986816	0.06678760051727295	0.6660411953926086
1156	0.03753327950835228	0.06691542267799377	0.6657585501670837
1157	0.03721589967608452	0.06699763238430023	0.6656021475791931
1158	0.037565089762210846	0.06710585206747055	0.6658768653869629
1159	0.036267757415771484	0.06727607548236847	0.6660338044166565
1160	0.03713589534163475	0.06731805205345154	0.6660957336425781
1161	0.036376215517520905	0.06725878268480301	0.6660603880882263
1162	0.03637866675853729	0.06719496101140976	0.6659164428710938
1163	0.036571845412254333	0.06717395782470703	0.6657774448394775
1164	0.03607143461704254	0.06718888878822327	0.6655033230781555
1165	0.03670645132660866	0.06737589836120605	0.6655489802360535
1166	0.03682073950767517	0.06764572858810425	0.6657094359397888
1167	0.0368538573384285	0.06774626672267914	0.6655367612838745
1168	0.03661644086241722	0.06782503426074982	0.6655942797660828
1169	0.03592070937156677	0.06771580129861832	0.6653027534484863
1170	0.03685002401471138	0.06763772666454315	0.6650551557540894
1171	0.036914024502038956	0.06762330234050751	0.6647804975509644
1172	0.036962948739528656	0.06781033426523209	0.6651185154914856
1173	0.0358675941824913	0.0679844319820404	0.6653856635093689
1174	0.03723502159118652	0.06799007952213287	0.665255606174469
1175	0.03711463883519173	0.06794842332601547	0.6651686429977417
1176	0.03692156448960304	0.06787150353193283	0.6653183698654175
1177	0.03708156570792198	0.06770149618387222	0.6655181646347046
1178	0.03676717355847359	0.06768564879894257	0.6659761667251587
1179	0.03577064350247383	0.06766927242279053	0.666096031665802
1180	0.036677997559309006	0.06761231273412704	0.6658764481544495
1181	0.03610995411872864	0.06755489856004715	0.6657410860061646
1182	0.037082377821207047	0.06753464788198471	0.6653921008110046
1183	0.03623777627944946	0.06765010207891464	0.6653441190719604
1184	0.03624199703335762	0.0676855742931366	0.6650083065032959
1185	0.03588040918111801	0.06776492297649384	0.6650566458702087
1186	0.03608342260122299	0.06772572547197342	0.665081262588501
1187	0.03630722686648369	0.06771129369735718	0.6653090119361877
1188	0.036797069013118744	0.06773458421230316	0.6655941605567932
1189	0.03567931801080704	0.06778296083211899	0.665580153465271
1190	0.036430250853300095	0.06781772524118423	0.6654715538024902
1191	0.036218415945768356	0.06764527410268784	0.6652007102966309
1192	0.0363590307533741	0.06758719682693481	0.6651572585105896
1193	0.03589458391070366	0.06753505766391754	0.6648349761962891
1194	0.03678538650274277	0.06769008934497833	0.6650390028953552
1195	0.03656448796391487	0.06789517402648926	0.6652239561080933
1196	0.036509301513433456	0.06782391667366028	0.6652346849441528
1197	0.03649619221687317	0.0676608756184578	0.665489912033081
1198	0.035645756870508194	0.06739696115255356	0.6657130122184753
1199	0.0367463082075119	0.06721493601799011	0.6659015417098999
1200	0.03535142168402672	0.06710699945688248	0.6658484935760498
1201	0.03623898699879646	0.06710586696863174	0.665952205657959
1202	0.036899738013744354	0.067292720079422	0.6664393544197083
1203	0.036922648549079895	0.06771023571491241	0.6670320630073547
1204	0.03636908903717995	0.06816893070936203	0.6670875549316406
1205	0.035540662705898285	0.06833747029304504	0.6667481660842896
1206	0.03638803958892822	0.06822338700294495	0.6664076447486877
1207	0.036631353199481964	0.06791798025369644	0.6658622622489929
1208	0.036364827305078506	0.06773453205823898	0.665347158908844
1209	0.03649270161986351	0.06760948896408081	0.664952278137207
1210	0.03592657297849655	0.0676395446062088	0.6650067567825317
1211	0.03600981831550598	0.06766080856323242	0.6652429699897766
1212	0.03650348633527756	0.06767390668392181	0.6656271815299988
1213	0.036371052265167236	0.0676666870713234	0.6658468246459961
1214	0.0360756441950798	0.06770674139261246	0.6661168932914734
1215	0.03650093078613281	0.06782904267311096	0.6665894985198975
1216	0.0358821339905262	0.06787668168544769	0.6669464111328125
1217	0.035888563841581345	0.06783417612314224	0.6674045920372009
1218	0.03572583943605423	0.06779547035694122	0.6678135395050049
1219	0.035937048494815826	0.06764496117830276	0.6677297949790955
1220	0.03548186644911766	0.06752365827560425	0.6674590110778809
1221	0.03656186908483505	0.06752847135066986	0.6671975255012512
1222	0.036145515739917755	0.06764405965805054	0.6671102046966553
1223	0.03551871329545975	0.06755374372005463	0.6667161583900452
1224	0.0369361974298954	0.06748480349779129	0.66649329662323
1225	0.03545351326465607	0.06746721267700195	0.6663784980773926
1226	0.03641405701637268	0.06743454933166504	0.6662194132804871
1227	0.03712591528892517	0.06748668104410172	0.6661113500595093
1228	0.03541797026991844	0.06760210543870926	0.6662522554397583
1229	0.0360134020447731	0.06770727038383484	0.666536271572113
1230	0.03604387491941452	0.06780213117599487	0.6668822765350342
1231	0.036332324147224426	0.06796605885028839	0.6670615673065186
1232	0.036048904061317444	0.06788093596696854	0.6668188571929932
1233	0.03579234331846237	0.06762257218360901	0.6663651466369629
1234	0.03581411764025688	0.06735345721244812	0.665791392326355
1235	0.03602328151464462	0.067147396504879	0.6650809049606323
1236	0.03575984761118889	0.0672113373875618	0.6649612784385681
1237	0.0358663834631443	0.06743009388446808	0.6654906272888184
1238	0.03546453267335892	0.06768076866865158	0.6659494042396545
1239	0.035406626760959625	0.06800654530525208	0.666421115398407
1240	0.03557257354259491	0.06820427626371384	0.6667066216468811
1241	0.036097683012485504	0.06831710785627365	0.6667699217796326
1242	0.03567313402891159	0.06779953837394714	0.6662567257881165
1243	0.035423897206783295	0.067531056702137	0.6655200719833374
1244	0.035523511469364166	0.06757232546806335	0.6634505391120911
1245	0.03572290390729904	0.0678291767835617	0.6611550450325012
1246	0.03598906844854355	0.06847569346427917	0.6605063080787659
1247	0.035681385546922684	0.06889818608760834	0.6620528697967529
1248	0.03540552034974098	0.06914287060499191	0.6635178327560425
1249	0.03719409927725792	0.06889069080352783	0.6646198034286499
1250	0.036415982991456985	0.06852021813392639	0.6650660037994385
1251	0.036099016666412354	0.06812724471092224	0.6647322773933411
1252	0.03678321838378906	0.06788952648639679	0.6638922095298767
1253	0.035424862056970596	0.06788776069879532	0.6641017198562622
1254	0.03598446398973465	0.0680617243051529	0.6651925444602966
1255	0.03526415303349495	0.06823771446943283	0.6664694547653198
1256	0.03511955961585045	0.06834078580141068	0.666898250579834
1257	0.036253754049539566	0.06825985759496689	0.6668463349342346
1258	0.0366874523460865	0.06806370615959167	0.6665295958518982
1259	0.03658721223473549	0.06800398230552673	0.6663638353347778
1260	0.03562762960791588	0.06785332411527634	0.6661167144775391
1261	0.03638463839888573	0.06797108799219131	0.6661011576652527
1262	0.03613099828362465	0.06813168525695801	0.6661776900291443
1263	0.03617541119456291	0.06825350970029831	0.6661792397499084
1264	0.03608911484479904	0.06832506507635117	0.665996789932251
1265	0.03534648194909096	0.06876886636018753	0.6646073460578918
1266	0.035885389894247055	0.06863986700773239	0.663592517375946
1267	0.03466911241412163	0.06851709634065628	0.6624172329902649
1268	0.03626332804560661	0.0683215856552124	0.6621591448783875
1269	0.035278674215078354	0.06833599507808685	0.6616351008415222
1270	0.03546912595629692	0.06830210983753204	0.6617666482925415
1271	0.035733114928007126	0.06815994530916214	0.6629964709281921
1272	0.03575596958398819	0.06790714710950851	0.6642504930496216
1273	0.03630351647734642	0.06808377057313919	0.6640380024909973
1274	0.03655939921736717	0.06815990060567856	0.6639240384101868
1275	0.03705894201993942	0.06827017664909363	0.663833737373352
1276	0.03646072372794151	0.06818637251853943	0.6642335057258606
1277	0.035932742059230804	0.06814997643232346	0.6640512943267822
1278	0.03646084666252136	0.068377785384655	0.6643972992897034
1279	0.03567958250641823	0.06847073137760162	0.6646311283111572
1280	0.03623926639556885	0.06850001960992813	0.6651796698570251
1281	0.03656240925192833	0.06848429143428802	0.6652259230613708
1282	0.03549189493060112	0.06821933388710022	0.6651445031166077
1283	0.03519998490810394	0.06775312125682831	0.6648216247558594
1284	0.036124177277088165	0.0674755647778511	0.6646187901496887
1285	0.03524552285671234	0.0674416795372963	0.6644819974899292
1286	0.03523019328713417	0.06754651665687561	0.664718508720398
1287	0.03567241132259369	0.06802165508270264	0.6645568013191223
1288	0.0352826863527298	0.068438820540905	0.664799690246582
1289	0.03550659865140915	0.06875445693731308	0.6650277972221375
1290	0.03561185300350189	0.06872434914112091	0.6645357012748718
1291	0.03570540249347687	0.06855960935354233	0.664276123046875
1292	0.0354912243783474	0.06831274181604385	0.6635832786560059
1293	0.036114320158958435	0.06820499897003174	0.6632660031318665
1294	0.034749019891023636	0.0681024044752121	0.6633396744728088
1295	0.03497949242591858	0.06812561303377151	0.6638071537017822
1296	0.03547397628426552	0.06812096387147903	0.6642972826957703
1297	0.034950222820043564	0.06812547147274017	0.6646855473518372
1298	0.03566810488700867	0.06813197582960129	0.6649186015129089
1299	0.035061854869127274	0.0681198239326477	0.6651269793510437
1300	0.03504050523042679	0.06804660707712173	0.6650730967521667
1301	0.035747211426496506	0.06807468831539154	0.6650456786155701
1302	0.035255346447229385	0.06815199553966522	0.6649523973464966
1303	0.03542252257466316	0.06831801682710648	0.6648281216621399
1304	0.03540097922086716	0.06845458596944809	0.6644963026046753
1305	0.035599078983068466	0.068475142121315	0.6638154983520508
1306	0.0358719639480114	0.06849057972431183	0.6631887555122375
1307	0.03561500087380409	0.06846185773611069	0.6626091003417969
1308	0.03554300591349602	0.06839732080698013	0.6621248722076416
1309	0.03506188094615936	0.0684371069073677	0.6622624397277832
1310	0.03502138331532478	0.06857419013977051	0.6627048254013062
1311	0.034901052713394165	0.06856060028076172	0.6631751656532288
1312	0.035453155636787415	0.06840632855892181	0.6633627414703369
1313	0.03551994636654854	0.06824087351560593	0.6633131504058838
1314	0.0346001498401165	0.06813603639602661	0.663467288017273
1315	0.034965358674526215	0.0681319385766983	0.6639810800552368
1316	0.03445219621062279	0.06811168044805527	0.6645535826683044
1317	0.03513353317975998	0.06825952231884003	0.6647387742996216
1318	0.035208702087402344	0.06835101544857025	0.6644462943077087
1319	0.035567257553339005	0.06833381205797195	0.6640291213989258
1320	0.03538366034626961	0.06821148097515106	0.6634913682937622
1321	0.03458012267947197	0.0680844634771347	0.66295325756073
1322	0.03480100259184837	0.06796454638242722	0.6624773144721985
1323	0.03520428389310837	0.06792985647916794	0.6624589562416077
1324	0.03499504178762436	0.06818408519029617	0.662738025188446
1325	0.03527695685625076	0.06828491389751434	0.6623105406761169
1326	0.03393606096506119	0.06859266757965088	0.6619200706481934
1327	0.03384862095117569	0.06858894973993301	0.6614663004875183
1328	0.03493416681885719	0.06846947222948074	0.6615394353866577
1329	0.03434797748923302	0.06829278916120529	0.6614528298377991
1330	0.03552478179335594	0.0683429092168808	0.6621367335319519
1331	0.0348871611058712	0.06850031763315201	0.6620833873748779
1332	0.03517082706093788	0.06851641088724136	0.6617034077644348
1333	0.03508951514959335	0.06853656470775604	0.6613320112228394
1334	0.03499855473637581	0.06867057085037231	0.6610420942306519
1335	0.03569400683045387	0.06883554905653	0.6609252095222473
1336	0.034762393683195114	0.06893808394670486	0.6609205007553101
1337	0.034899741411209106	0.06881368160247803	0.6604321599006653
1338	0.03672844171524048	0.06873352825641632	0.6601144075393677
1339	0.035911329090595245	0.06852495670318604	0.6601017117500305
1340	0.03557479381561279	0.06854335963726044	0.6601812243461609
1341	0.035807352513074875	0.06902126967906952	0.6587400436401367
1342	0.036255598068237305	0.06918882578611374	0.6592462062835693
1343	0.03566186502575874	0.06949261575937271	0.6595202088356018
1344	0.03468288481235504	0.06951098889112473	0.6597720384597778
1345	0.034710414707660675	0.06926816701889038	0.6597293615341187
1346	0.03477991372346878	0.06912001222372055	0.6597508192062378
1347	0.03555033728480339	0.0690823346376419	0.6597720980644226
1348	0.03506363555788994	0.06931277364492416	0.6602266430854797
1349	0.03441259264945984	0.06948712468147278	0.6602913737297058
1350	0.034804411232471466	0.06944867223501205	0.6606532335281372
1351	0.03453625366091728	0.06908505409955978	0.6612557172775269
1352	0.034189507365226746	0.06863007694482803	0.6618103384971619
1353	0.035781558603048325	0.06834100931882858	0.6620714664459229
1354	0.035161156207323074	0.06834203004837036	0.6626485586166382
1355	0.03453820198774338	0.06826234608888626	0.664546549320221
1356	0.03589620068669319	0.06872592866420746	0.6644097566604614
1357	0.03541193902492523	0.06900980323553085	0.6651865839958191
1358	0.03518318012356758	0.06897597014904022	0.665386438369751
1359	0.034269850701093674	0.06869816035032272	0.6652131676673889
1360	0.03454019874334335	0.06844959408044815	0.6647151708602905
1361	0.03416651114821434	0.0683436393737793	0.6644795536994934
1362	0.03461107611656189	0.06850068271160126	0.6641964316368103
1363	0.033996280282735825	0.06870923191308975	0.6641152501106262
1364	0.034011360257864	0.0689481645822525	0.6641775369644165
1365	0.03477178141474724	0.06909571588039398	0.664074182510376
1366	0.03366103395819664	0.06902793049812317	0.6638266444206238
1367	0.03488225117325783	0.0688166618347168	0.6632484197616577
1368	0.034381452947854996	0.06866740435361862	0.6626366972923279
1369	0.03465773165225983	0.06861645728349686	0.662544310092926
1370	0.03499961644411087	0.06883054226636887	0.6628336310386658
1371	0.03528406843543053	0.06908997148275375	0.6630405783653259
1372	0.034566640853881836	0.06928975135087967	0.6630508899688721
1373	0.034734003245830536	0.06929212063550949	0.6628968119621277
1374	0.034899529069662094	0.06913547962903976	0.6623514294624329
1375	0.03503239154815674	0.06881795823574066	0.6613630056381226
1376	0.03380965813994408	0.0687556266784668	0.6610955595970154
1377	0.03427552059292793	0.06890890002250671	0.661375105381012
1378	0.03427227959036827	0.06910768151283264	0.6617980003356934
1379	0.0343017503619194	0.06934396177530289	0.6622262597084045
1380	0.033788904547691345	0.06943545490503311	0.6624642610549927
1381	0.03446487337350845	0.06952174007892609	0.6626377701759338
1382	0.034961849451065063	0.06944103538990021	0.6627383828163147
1383	0.034698884934186935	0.06919620931148529	0.6626051068305969
1384	0.03379957750439644	0.06894095987081528	0.6624997854232788
1385	0.03476770222187042	0.06883537024259567	0.6626337170600891
1386	0.033641040325164795	0.06886201351881027	0.6629606485366821
1387	0.03394382819533348	0.06888263672590256	0.663009524345398
1388	0.034695692360401154	0.06905662268400192	0.6631486415863037
1389	0.0348665677011013	0.06912940740585327	0.6630477905273438
1390	0.034030549228191376	0.06934662163257599	0.6630589962005615
1391	0.034974005073308945	0.0693192258477211	0.6630282998085022
1392	0.03396286442875862	0.06915778666734695	0.6628692150115967
1393	0.034220632165670395	0.06903428584337234	0.662486732006073
1394	0.034484948962926865	0.06895724684000015	0.6622053384780884
1395	0.033809058368206024	0.06895248591899872	0.6620804667472839
1396	0.03305942192673683	0.06902480870485306	0.6621124148368835
1397	0.03343742713332176	0.06908700615167618	0.6624029874801636
1398	0.03304862976074219	0.06911297142505646	0.6625099778175354
1399	0.0349833220243454	0.06908911466598511	0.6624622941017151
1400	0.03429973125457764	0.06900253146886826	0.662361741065979
1401	0.03342561423778534	0.06891686469316483	0.6621728539466858
1402	0.033755384385585785	0.06892990320920944	0.6621505618095398
1403	0.03441939502954483	0.06897929310798645	0.6621416211128235
1404	0.03344908729195595	0.06915732473134995	0.6622412204742432
1405	0.03342324495315552	0.06923394650220871	0.6621847748756409
1406	0.03398839756846428	0.06916473060846329	0.6620580554008484
1407	0.03435761481523514	0.06911049038171768	0.6618781685829163
1408	0.03422081097960472	0.06897224485874176	0.661586582660675
1409	0.03411686792969704	0.06889510899782181	0.6615651845932007
1410	0.03376428782939911	0.0688830241560936	0.661768913269043
1411	0.03379622846841812	0.06888158619403839	0.6620305776596069
1412	0.033723630011081696	0.06870050728321075	0.6621513366699219
1413	0.03374553471803665	0.0685831606388092	0.6624760627746582
1414	0.033231765031814575	0.06840964406728745	0.6627525091171265
1415	0.03359837457537651	0.06835880130529404	0.6633262038230896
1416	0.03387891873717308	0.0684332400560379	0.663867175579071
1417	0.03329496458172798	0.06853437423706055	0.6641983985900879
1418	0.03393976762890816	0.0686836987733841	0.6643957495689392
1419	0.03411412984132767	0.06888998299837112	0.6642801761627197
1420	0.03356695547699928	0.06906206160783768	0.6640218496322632
1421	0.033199142664670944	0.06908345222473145	0.6635989546775818
1422	0.033381033688783646	0.06900671124458313	0.6632189750671387
1423	0.033535417169332504	0.0687878280878067	0.662710964679718
1424	0.03333699330687523	0.06871829181909561	0.6623767614364624
1425	0.03339279070496559	0.06872037798166275	0.6622060537338257
1426	0.034271713346242905	0.06878505647182465	0.6622398495674133
1427	0.0326642207801342	0.06879287958145142	0.6623410582542419
1428	0.033171650022268295	0.0689348578453064	0.6624144315719604
1429	0.03414538875222206	0.06888851523399353	0.6622412204742432
1430	0.03364790230989456	0.06884582340717316	0.6620005965232849
1431	0.033582866191864014	0.06892918050289154	0.6619438529014587
1432	0.033825602382421494	0.06920896470546722	0.6620985269546509
1433	0.033148422837257385	0.06935414671897888	0.6621488332748413
1434	0.03402545675635338	0.06936802715063095	0.6622412204742432
1435	0.03357512876391411	0.0693977102637291	0.662214994430542
1436	0.03415536880493164	0.06938698887825012	0.6621653437614441
1437	0.03392329066991806	0.06926046311855316	0.6618795990943909
1438	0.033201608806848526	0.06906373053789139	0.6615859866142273
1439	0.033805329352617264	0.06886695325374603	0.6612113118171692
1440	0.03317875787615776	0.06880291551351547	0.6612516641616821
1441	0.03316536918282509	0.06894339621067047	0.6617067456245422
1442	0.03339717164635658	0.06909845024347305	0.6619202494621277
1443	0.03385317698121071	0.06920234113931656	0.6619877219200134
1444	0.03393256664276123	0.06925404071807861	0.6619638800621033
1445	0.03353003412485123	0.06933559477329254	0.6619365811347961
1446	0.03337981551885605	0.06944436579942703	0.6617352962493896
1447	0.033668968826532364	0.06958775222301483	0.6616061925888062
1448	0.033117491751909256	0.06976747512817383	0.6616224050521851
1449	0.03373023122549057	0.06983065605163574	0.6616597175598145
1450	0.033091653138399124	0.0694669708609581	0.6613808870315552
1451	0.032989513128995895	0.06919989734888077	0.6612223982810974
1452	0.03308825567364693	0.0689845159649849	0.6611707806587219
1453	0.03352859988808632	0.0689813643693924	0.6615151762962341
1454	0.03324475884437561	0.06912475824356079	0.6619738936424255
1455	0.033067815005779266	0.06919863075017929	0.66213059425354
1456	0.03352131322026253	0.0691877081990242	0.6621599793434143
1457	0.03230128064751625	0.06911040097475052	0.6621050238609314
1458	0.033541399985551834	0.06905625015497208	0.6619270443916321
1459	0.03366652876138687	0.06907107681035995	0.6617418527603149
1460	0.03346336632966995	0.06924977898597717	0.661803662776947
1461	0.03350730240345001	0.06937430053949356	0.6617470979690552
1462	0.03335065767168999	0.06946337968111038	0.661483645439148
1463	0.03273914009332657	0.0694243311882019	0.6612876653671265
1464	0.033314600586891174	0.069431371986866	0.661263108253479
1465	0.033269066363573074	0.06924822181463242	0.6611868143081665
1466	0.033029839396476746	0.06919852644205093	0.6612906455993652
1467	0.03293520584702492	0.06918910890817642	0.6613860130310059
1468	0.03217259794473648	0.06929579377174377	0.6616721153259277
1469	0.03365851193666458	0.06925405561923981	0.6617431640625
1470	0.03358885273337364	0.06924586743116379	0.661594808101654
1471	0.03418786823749542	0.06937339901924133	0.6614694595336914
1472	0.03288949280977249	0.0695546567440033	0.661284863948822
1473	0.03215966001152992	0.06971798092126846	0.6611192226409912
1474	0.033098332583904266	0.06971254199743271	0.6609707474708557
1475	0.03311818838119507	0.06963372230529785	0.6608227491378784
1476	0.03284178674221039	0.06949590891599655	0.6607005596160889
1477	0.033359114080667496	0.06942175328731537	0.6607024669647217
1478	0.03306024149060249	0.06946730613708496	0.6608756184577942
1479	0.033007316291332245	0.06943681091070175	0.6609051823616028
1480	0.032613907009363174	0.06930602341890335	0.6608662605285645
1481	0.03319745883345604	0.06924300640821457	0.6610895395278931
1482	0.03350406140089035	0.06946117430925369	0.66156005859375
1483	0.03204701840877533	0.06946782767772675	0.6619634032249451
1484	0.03269938752055168	0.06958907842636108	0.6621266007423401
1485	0.0329008586704731	0.0696505531668663	0.6620487570762634
1486	0.03299039229750633	0.06946848332881927	0.6617617607116699
1487	0.032828882336616516	0.06926174461841583	0.6612957715988159
1488	0.03294416889548302	0.0692247673869133	0.6611337661743164
1489	0.03332143276929855	0.06925137341022491	0.6611421704292297
1490	0.03257044404745102	0.06944114714860916	0.6614236235618591
1491	0.03266669064760208	0.06948529928922653	0.6615347862243652
1492	0.032916657626628876	0.06939316540956497	0.6616438627243042
1493	0.03266945108771324	0.0692366287112236	0.6619088053703308
1494	0.033534977585077286	0.06905201077461243	0.6619824767112732
1495	0.032594796270132065	0.06906674057245255	0.6621942520141602
1496	0.03283781185746193	0.06923824548721313	0.6626102328300476
1497	0.03171040862798691	0.06949189305305481	0.6627445816993713
1498	0.0330546498298645	0.06964769959449768	0.6626830697059631
1499	0.033445607870817184	0.06966405361890793	0.6623499393463135
1500	0.03268319368362427	0.06934836506843567	0.6617060899734497
1501	0.03225218132138252	0.06916770339012146	0.6609805822372437
1502	0.032866548746824265	0.06916390359401703	0.6603341698646545
1503	0.032437585294246674	0.06920827925205231	0.6599159836769104
1504	0.03186677768826485	0.06922487914562225	0.6596089601516724
1505	0.03241386637091637	0.0695432648062706	0.6600586771965027
1506	0.03249497339129448	0.06984905153512955	0.6606676578521729
1507	0.032439589500427246	0.06986284255981445	0.6611528396606445
1508	0.03287748992443085	0.06969872117042542	0.6615511775016785
1509	0.03247673064470291	0.06944236904382706	0.6618793606758118
1510	0.03305323049426079	0.06909441202878952	0.6617910265922546
1511	0.033109068870544434	0.06903443485498428	0.6620412468910217
1512	0.032109856605529785	0.06913449615240097	0.662682294845581
1513	0.03309594839811325	0.06935136020183563	0.6633562445640564
1514	0.032287076115608215	0.06955332309007645	0.6638315320014954
1515	0.033103588968515396	0.06961240619421005	0.6640552282333374
1516	0.032673437148332596	0.06934195756912231	0.663884699344635
1517	0.03313335031270981	0.06901898235082626	0.6635311245918274
1518	0.032875243574380875	0.06880976259708405	0.6632331013679504
1519	0.03289202228188515	0.06882018595933914	0.6632502675056458
1520	0.033232707530260086	0.06887689977884293	0.6633803844451904
1521	0.0320202000439167	0.06902783364057541	0.663446843624115
1522	0.031662847846746445	0.06923256069421768	0.6633475422859192
1523	0.03232809528708458	0.06939270347356796	0.6631626486778259
1524	0.03263593465089798	0.0695808008313179	0.6627627015113831
1525	0.032505035400390625	0.06967664510011673	0.6622359156608582
1526	0.03265504166483879	0.0696815773844719	0.6615708470344543
1527	0.03159279376268387	0.06950782984495163	0.6607750654220581
1528	0.03251740708947182	0.06937967240810394	0.660157322883606
1529	0.032831575721502304	0.06940870732069016	0.6600703001022339
1530	0.03258860483765602	0.06950695067644119	0.6602148413658142
1531	0.03144564479589462	0.06960999965667725	0.6607800126075745
1532	0.03314756602048874	0.06972739100456238	0.6613966226577759
1533	0.03222231566905975	0.0696999728679657	0.661925733089447
1534	0.03219769150018692	0.06952923536300659	0.6622776389122009
1535	0.03170718997716904	0.06931803375482559	0.6622195839881897
1536	0.03253794461488724	0.06916232407093048	0.662018358707428
1537	0.03208572044968605	0.06914129853248596	0.6617788672447205
1538	0.032134294509887695	0.06931167840957642	0.6617926359176636
1539	0.032673925161361694	0.06967988610267639	0.6618676781654358
1540	0.032685719430446625	0.06990309804677963	0.6616923213005066
1541	0.0316888764500618	0.06988397240638733	0.6614722013473511
1542	0.03195152431726456	0.06966444104909897	0.6613333821296692
1543	0.031865444034338	0.06937605887651443	0.6612731218338013
1544	0.03174429014325142	0.06924379616975784	0.661234974861145
1545	0.03231801465153694	0.06932133436203003	0.6616228818893433
1546	0.03265484422445297	0.06940707564353943	0.6620180606842041
1547	0.032312557101249695	0.0695703774690628	0.6623789072036743
1548	0.03229347988963127	0.06965678930282593	0.6623505353927612
1549	0.0314917266368866	0.06971690058708191	0.6622136235237122
1550	0.03218607231974602	0.06967197358608246	0.6621406078338623
1551	0.031760405749082565	0.06946726143360138	0.6617336869239807
1552	0.03207680583000183	0.06944237649440765	0.6611988544464111
1553	0.032056018710136414	0.0694047138094902	0.6603484153747559
1554	0.031705401837825775	0.06958792358636856	0.6599637269973755
1555	0.03175285831093788	0.06983031332492828	0.6596912145614624
1556	0.03245335817337036	0.07014957070350647	0.6597110033035278
1557	0.03211158141493797	0.07028036564588547	0.6596736311912537
1558	0.03271595016121864	0.07018518447875977	0.6598750352859497
1559	0.03197578340768814	0.06984534114599228	0.6598953604698181
1560	0.031243914738297462	0.06951799988746643	0.6600556969642639
1561	0.032179348170757294	0.06933734565973282	0.6603415012359619
1562	0.03265611082315445	0.06961141526699066	0.6611506342887878
1563	0.032425880432128906	0.07005346566438675	0.6615274548530579
1564	0.0326283760368824	0.07044843584299088	0.6615822315216064
1565	0.03215762972831726	0.07040780782699585	0.6614978909492493
1566	0.03233709931373596	0.0700552687048912	0.6611475348472595
1567	0.03277268633246422	0.06980515271425247	0.6605656147003174
1568	0.03144345432519913	0.0696490928530693	0.6601070165634155
1569	0.03215239197015762	0.06972052901983261	0.6602844595909119
1570	0.03191867098212242	0.07011944055557251	0.66090327501297
1571	0.03163344785571098	0.0705740675330162	0.6611804962158203
1572	0.03230947628617287	0.07105804234743118	0.6612542271614075
1573	0.03232784569263458	0.07108224928379059	0.661102294921875
1574	0.031543612480163574	0.070500448346138	0.6608871817588806
1575	0.03211711347103119	0.0699440985918045	0.6604474782943726
1576	0.03219744190573692	0.06954694539308548	0.660018265247345
1577	0.03096667304635048	0.0694684311747551	0.660142719745636
1578	0.03173093497753143	0.06955570727586746	0.660612165927887
1579	0.032041680067777634	0.0700080469250679	0.6615105867385864
1580	0.03156416490674019	0.0704328641295433	0.6619458794593811
1581	0.03168153017759323	0.07052861154079437	0.6622788906097412
1582	0.032336264848709106	0.07016671448945999	0.6623647212982178
1583	0.03214210271835327	0.06962920725345612	0.661979615688324
1584	0.03217766806483269	0.06939440965652466	0.6615250706672668
1585	0.03253985941410065	0.06942423433065414	0.661385178565979
1586	0.0313340425491333	0.0695568174123764	0.6614466905593872
1587	0.03204384818673134	0.06988634169101715	0.6615970134735107
1588	0.03188317269086838	0.07011379301548004	0.6616934537887573
1589	0.03133774176239967	0.07009457051753998	0.661763608455658
1590	0.03214862197637558	0.06986364722251892	0.661650538444519
1591	0.032049376517534256	0.06966094672679901	0.6614717841148376
1592	0.031984083354473114	0.06942944973707199	0.6612847447395325
1593	0.03236529976129532	0.06945972144603729	0.6613865494728088
1594	0.03184650093317032	0.06965998560190201	0.6619375944137573
1595	0.03148508444428444	0.06993012875318527	0.6623618602752686
1596	0.03157109022140503	0.07012276351451874	0.6625437140464783
1597	0.031440772116184235	0.0701083317399025	0.6626735329627991
1598	0.03126991167664528	0.06992101669311523	0.6625582575798035
1599	0.03189952298998833	0.06959392130374908	0.6621927618980408
1600	0.0320856086909771	0.06949745118618011	0.6618317365646362
1601	0.031730927526950836	0.06949685513973236	0.6616514921188354
1602	0.03193710371851921	0.06963979452848434	0.661668062210083
1603	0.03164159879088402	0.06986681371927261	0.6615759134292603
1604	0.03131784871220589	0.07011580467224121	0.6613188982009888
1605	0.03118041902780533	0.07022194564342499	0.6611901521682739
1606	0.031729910522699356	0.07021272927522659	0.6610584855079651
1607	0.032172996550798416	0.07025392353534698	0.6611415147781372
1608	0.0316770114004612	0.07005498558282852	0.6611266732215881
1609	0.031346168369054794	0.069786936044693	0.6611704230308533
1610	0.0314241424202919	0.06976623833179474	0.6616746187210083
1611	0.03142855688929558	0.06998687237501144	0.6623287796974182
1612	0.03172655031085014	0.07032445818185806	0.6625558137893677
1613	0.03196730464696884	0.07047926634550095	0.6625087857246399
1614	0.031956616789102554	0.07028630375862122	0.6623209714889526
1615	0.031557731330394745	0.0698065310716629	0.6618348360061646
1616	0.03163669630885124	0.06943616271018982	0.6610969305038452
1617	0.03223665803670883	0.06939522922039032	0.6607595086097717
1618	0.031141407787799835	0.06959348917007446	0.6609755158424377
1619	0.031029662117362022	0.07006435841321945	0.661435067653656
1620	0.03092813678085804	0.07056218385696411	0.6616039872169495
1621	0.031574755907058716	0.07072483003139496	0.6615842580795288
1622	0.031036200001835823	0.0702720656991005	0.6615820527076721
1623	0.031119070947170258	0.06965707242488861	0.6613160371780396
1624	0.03142126277089119	0.06934265047311783	0.6607562899589539
1625	0.030544765293598175	0.06921125203371048	0.6606963276863098
1626	0.030811328440904617	0.06931564956903458	0.6609891653060913
1627	0.031394921243190765	0.06966552883386612	0.6615414619445801
1628	0.030825063586235046	0.07023420929908752	0.6617262959480286
1629	0.031898241490125656	0.07057031989097595	0.6615628600120544
1630	0.03183002024888992	0.07065694779157639	0.6611313223838806
1631	0.0320802703499794	0.07057184725999832	0.6605983376502991
1632	0.03088398277759552	0.07040585577487946	0.659861147403717
1633	0.03155510500073433	0.07033111155033112	0.659410834312439
1634	0.03147677332162857	0.0702727660536766	0.6592519879341125
1635	0.03098403848707676	0.07041671872138977	0.6594316959381104
1636	0.03134985640645027	0.07043705880641937	0.6598009467124939
1637	0.03146561235189438	0.07058610022068024	0.6600655317306519
1638	0.03208445385098457	0.07045719027519226	0.6602399945259094
1639	0.030691852793097496	0.0703623816370964	0.6603505611419678
1640	0.030953453853726387	0.0702165886759758	0.660498321056366
1641	0.03203307464718819	0.07008688896894455	0.6606018543243408
1642	0.030545568093657494	0.07008565217256546	0.6607787609100342
1643	0.03198465332388878	0.07024065405130386	0.6610537171363831
1644	0.030798597261309624	0.07032574713230133	0.6613110899925232
1645	0.031105877831578255	0.07044188678264618	0.6615812182426453
1646	0.03110344707965851	0.07036729156970978	0.6617016792297363
1647	0.03138986602425575	0.07031259685754776	0.6618087291717529
1648	0.0318872444331646	0.07032769173383713	0.6619187593460083
1649	0.031376950442790985	0.0703924298286438	0.6618289351463318
1650	0.03160106763243675	0.07022501528263092	0.6616227626800537
1651	0.03140506148338318	0.0700594112277031	0.6612539291381836
1652	0.031741440296173096	0.07002240419387817	0.6608666181564331
1653	0.03085906058549881	0.07003840804100037	0.6606228351593018
1654	0.030009517446160316	0.07018108665943146	0.6605775356292725
1655	0.03066578507423401	0.07044762372970581	0.6606405377388
1656	0.031006773933768272	0.0705682635307312	0.6606042385101318
1657	0.030815111473202705	0.07034889608621597	0.6603756546974182
1658	0.03161194920539856	0.0702567920088768	0.6602147817611694
1659	0.031384117901325226	0.07023447751998901	0.6601102352142334
1660	0.030804039910435677	0.07027319073677063	0.6600852608680725
1661	0.03076840750873089	0.0702359601855278	0.6601649522781372
1662	0.03060423955321312	0.07020892202854156	0.6603614687919617
1663	0.030823344364762306	0.07008898258209229	0.6607243418693542
1664	0.0309635978192091	0.07000719755887985	0.6610850095748901
1665	0.03103339485824108	0.0699920803308487	0.661430835723877
1666	0.03183668851852417	0.070063017308712	0.6617533564567566
1667	0.030576400458812714	0.07007797062397003	0.6619256734848022
1668	0.030778883025050163	0.070002980530262	0.6616880297660828
1669	0.030581504106521606	0.0698954164981842	0.661273181438446
1670	0.031109526753425598	0.06998362392187119	0.661185622215271
1671	0.030941182747483253	0.07011052966117859	0.6608887910842896
1672	0.03106825426220894	0.07018895447254181	0.6606787443161011
1673	0.03152424842119217	0.07027077674865723	0.6606613993644714
1674	0.03197888657450676	0.07037583738565445	0.6609324216842651
1675	0.0307545755058527	0.07024990022182465	0.6610788702964783
1676	0.030711611732840538	0.07006775587797165	0.6609700918197632
1677	0.030547384172677994	0.07004294544458389	0.6608824729919434
1678	0.03124319203197956	0.07009509205818176	0.6608929634094238
1679	0.031438134610652924	0.0702916756272316	0.6610260009765625
1680	0.03057815693318844	0.0704651027917862	0.6610119938850403
1681	0.030396295711398125	0.07045353949069977	0.6608318090438843
1682	0.030334196984767914	0.07026279717683792	0.6605438590049744
1683	0.03036717139184475	0.07018271833658218	0.6603584289550781
1684	0.030848078429698944	0.07018586993217468	0.6602641344070435
1685	0.030627494677901268	0.07006332278251648	0.6603721380233765
1686	0.031079242005944252	0.07019961625337601	0.6605719327926636
1687	0.031251538544893265	0.07022169232368469	0.660690188407898
1688	0.03033064864575863	0.07033225893974304	0.6606475114822388
1689	0.030201328918337822	0.07030875980854034	0.6604304313659668
1690	0.030939066782593727	0.07025939971208572	0.660111129283905
1691	0.030628075823187828	0.07021147012710571	0.6597551703453064
1692	0.03130656108260155	0.07034426927566528	0.6596306562423706
1693	0.030407341197133064	0.0704820528626442	0.659623920917511
1694	0.030610710382461548	0.07051588594913483	0.6596531271934509
1695	0.031144848093390465	0.0704360082745552	0.659624457359314
1696	0.03068370930850506	0.07035264372825623	0.6597234010696411
1697	0.030935093760490417	0.07032518088817596	0.6596850156784058
1698	0.030731596052646637	0.07026703655719757	0.6597034931182861
1699	0.030955497175455093	0.07028564810752869	0.659808874130249
1700	0.03033151663839817	0.07024725526571274	0.6599291563034058
1701	0.030665535479784012	0.07038867473602295	0.6600931286811829
1702	0.030796321108937263	0.07063676416873932	0.6602940559387207
1703	0.030765732750296593	0.07075610011816025	0.6602069139480591
1704	0.030732154846191406	0.07056240737438202	0.659846305847168
1705	0.030254006385803223	0.0705176442861557	0.659378707408905
1706	0.030575690791010857	0.07067736983299255	0.6591522097587585
1707	0.03113170713186264	0.07094470411539078	0.6590953469276428
1708	0.03047756291925907	0.07103192806243896	0.6588095426559448
1709	0.03052922710776329	0.07083708047866821	0.6583499312400818
1710	0.030047837644815445	0.0705181360244751	0.6578510999679565
1711	0.03098888322710991	0.0702425092458725	0.6578031182289124
1712	0.03085634857416153	0.07013406604528427	0.658165454864502
1713	0.03089236468076706	0.07024499028921127	0.6588214039802551
1714	0.030515003949403763	0.0706120952963829	0.6595320701599121
1715	0.031440362334251404	0.07102411240339279	0.6598886847496033
1716	0.03013223223388195	0.07122799754142761	0.6599843502044678
1717	0.030729586258530617	0.0708811804652214	0.6601666212081909
1718	0.029931357130408287	0.0702887549996376	0.6600991487503052
1719	0.030932992696762085	0.07018179446458817	0.6600279808044434
1720	0.029943784698843956	0.07027775049209595	0.659975528717041
1721	0.0306233037263155	0.07035211473703384	0.6597106456756592
1722	0.03016294352710247	0.0704033151268959	0.6594077944755554
1723	0.030338104814291	0.07064282149076462	0.6593174338340759
1724	0.030409861356019974	0.07078610360622406	0.6593546271324158
1725	0.030397186055779457	0.0707990825176239	0.6592563390731812
1726	0.030975904315710068	0.07057658582925797	0.6589483022689819
1727	0.02976861782371998	0.07040723413228989	0.658686101436615
1728	0.02954898774623871	0.0703856572508812	0.658599317073822
1729	0.03075285814702511	0.0704735517501831	0.6585462093353271
1730	0.030918778851628304	0.07065773755311966	0.6586711406707764
1731	0.030874798074364662	0.07078167051076889	0.6589808464050293
1732	0.030115704983472824	0.07080307602882385	0.6592453718185425
1733	0.030332954600453377	0.07090191543102264	0.6595548391342163
1734	0.03113364987075329	0.07095550000667572	0.659839928150177
1735	0.03131233900785446	0.07078205794095993	0.6600066423416138
1736	0.030526911839842796	0.07063981145620346	0.6600978374481201
1737	0.030099816620349884	0.07038813829421997	0.6599761843681335
1738	0.0300527885556221	0.07022286206483841	0.6599695682525635
1739	0.03101944550871849	0.0702640637755394	0.6601718664169312
1740	0.030233414843678474	0.07039625197649002	0.6601863503456116
1741	0.030421623960137367	0.07068179547786713	0.6600567698478699
1742	0.030355406925082207	0.07064849138259888	0.6598837971687317
1743	0.03019297868013382	0.07051008939743042	0.6598255634307861
1744	0.03131384029984474	0.07031916826963425	0.6598811745643616
1745	0.030878130346536636	0.07023166865110397	0.659825325012207
1746	0.03129994869232178	0.0702221542596817	0.6596702337265015
1747	0.030497107654809952	0.07025721669197083	0.6595118641853333
1748	0.030574506148695946	0.07052947580814362	0.6598776578903198
1749	0.03032340109348297	0.07080285996198654	0.6601303815841675
1750	0.030368255451321602	0.07095698267221451	0.660252571105957
1751	0.031061403453350067	0.07073002308607101	0.6603536009788513
1752	0.031142430379986763	0.07028778642416	0.6601561307907104
1753	0.03063248097896576	0.07017210125923157	0.6601141691207886
1754	0.030255967751145363	0.07027469575405121	0.6603780388832092
1755	0.029486458748579025	0.0704200267791748	0.6606666445732117
1756	0.03041204623878002	0.07076270133256912	0.660971999168396
1757	0.030069053173065186	0.07104247063398361	0.6609121561050415
1758	0.030018435791134834	0.07119350880384445	0.6607004404067993
1759	0.030707431957125664	0.07085631042718887	0.6604816913604736
1760	0.03079391084611416	0.0705762580037117	0.6603038311004639
1761	0.029753709211945534	0.07037900388240814	0.6600945591926575
1762	0.030134914442896843	0.07039373368024826	0.6599050760269165
1763	0.03064177744090557	0.07057178765535355	0.6599242687225342
1764	0.030230076983571053	0.07092797011137009	0.660045862197876
1765	0.02994859591126442	0.07124100625514984	0.6600901484489441
1766	0.030220743268728256	0.0711241364479065	0.6601776480674744
1767	0.03025076538324356	0.070942223072052	0.6606046557426453
1768	0.030267231166362762	0.07064206898212433	0.6608675718307495
1769	0.030499765649437904	0.07039722800254822	0.6612039804458618
1770	0.029795542359352112	0.07000168412923813	0.6611793637275696
1771	0.030055241659283638	0.0698051005601883	0.6612305045127869
1772	0.029909860342741013	0.0700455904006958	0.6617231965065002
1773	0.030101504176855087	0.0704532265663147	0.661886990070343
1774	0.030800987035036087	0.070731520652771	0.6617565751075745
1775	0.029792897403240204	0.07078050822019577	0.6615594625473022
1776	0.0305058304220438	0.07046673446893692	0.6614667177200317
1777	0.030577277764678	0.07012365013360977	0.6611620783805847
1778	0.02970917336642742	0.06997206807136536	0.6607233881950378
1779	0.029721355065703392	0.0701848492026329	0.660506546497345
1780	0.029685258865356445	0.07036420702934265	0.660320520401001
1781	0.03020685724914074	0.07068737596273422	0.6602310538291931
1782	0.02970140613615513	0.0707845464348793	0.6599814891815186
1783	0.030026957392692566	0.07063788175582886	0.6596534252166748
1784	0.029820699244737625	0.0703674927353859	0.6594859957695007
1785	0.030991174280643463	0.07040276378393173	0.6595518589019775
1786	0.029726635664701462	0.07055214792490005	0.6596521735191345
1787	0.030248964205384254	0.07070796191692352	0.6597607135772705
1788	0.02997950278222561	0.0707656741142273	0.659813642501831
1789	0.03042534366250038	0.07082737982273102	0.6599018573760986
1790	0.03036169521510601	0.07088617980480194	0.6598670482635498
1791	0.02992025390267372	0.07116398215293884	0.6597694754600525
1792	0.02954460121691227	0.07111912965774536	0.6596577167510986
1793	0.030459675937891006	0.07103245705366135	0.6594197750091553
1794	0.029856715351343155	0.0707363709807396	0.6594523191452026
1795	0.030815141275525093	0.07051185518503189	0.6596426963806152
1796	0.029916301369667053	0.07047196477651596	0.6600800156593323
1797	0.029735391959547997	0.0704755187034607	0.660438597202301
1798	0.03014974482357502	0.0704902708530426	0.6605192422866821
1799	0.029907455667853355	0.07062947005033493	0.6604629158973694
1800	0.029872551560401917	0.07070881873369217	0.6604028344154358
1801	0.03008338063955307	0.07053975015878677	0.6603281497955322
1802	0.029736414551734924	0.0703459307551384	0.6599555611610413
1803	0.030521178618073463	0.07040540128946304	0.6597661972045898
1804	0.02966979518532753	0.0706215351819992	0.6598073840141296
1805	0.030043093487620354	0.07098017632961273	0.6599315404891968
1806	0.0302620567381382	0.07109401375055313	0.660033106803894
1807	0.03017491288483143	0.07107492536306381	0.6601887345314026
1808	0.030306655913591385	0.0709778442978859	0.660160481929779
1809	0.02983231097459793	0.07059217244386673	0.6600098013877869
1810	0.029387962073087692	0.07033371925354004	0.6599671244621277
1811	0.030125370249152184	0.07042188942432404	0.660057544708252
1812	0.02964998595416546	0.07059592008590698	0.6600649952888489
1813	0.029760196805000305	0.07067558169364929	0.6600431203842163
1814	0.03034457005560398	0.07078379392623901	0.6601016521453857
1815	0.029904978349804878	0.070879727602005	0.6602619290351868
1816	0.02936985343694687	0.07099808007478714	0.6602609753608704
1817	0.029720095917582512	0.07103664427995682	0.6601757407188416
1818	0.03012574277818203	0.07091320306062698	0.6599738597869873
1819	0.029739294201135635	0.07084781676530838	0.659809947013855
1820	0.02982538938522339	0.07067647576332092	0.6596631407737732
1821	0.030428873375058174	0.07058903574943542	0.6595670580863953
1822	0.029896756634116173	0.07081438601016998	0.6599040627479553
1823	0.029852308332920074	0.07100222259759903	0.6604325175285339
1824	0.02916266955435276	0.07086244970560074	0.661038875579834
1825	0.029839040711522102	0.07075987756252289	0.6613597273826599
1826	0.029542434960603714	0.07072848081588745	0.6615895628929138
1827	0.029787587001919746	0.0706498920917511	0.6616175174713135
1828	0.02978467009961605	0.07050352543592453	0.6615079641342163
1829	0.03006730228662491	0.07020225375890732	0.6611766219139099
1830	0.029369400814175606	0.07016638666391373	0.6608508825302124
1831	0.029171118512749672	0.07036755979061127	0.6606959700584412
1832	0.029466070234775543	0.07051105052232742	0.6601676940917969
1833	0.029066434130072594	0.07049980759620667	0.6595988869667053
1834	0.029604462906718254	0.07070842385292053	0.6591536998748779
1835	0.02992868423461914	0.07102710008621216	0.6590258479118347
1836	0.02976798079907894	0.07109618932008743	0.6590906977653503
1837	0.030149320140480995	0.07126735150814056	0.6593408584594727
1838	0.029452864080667496	0.07102182507514954	0.6594056487083435
1839	0.02931598201394081	0.0706958919763565	0.6593096852302551
1840	0.0293264240026474	0.07049596309661865	0.6590522527694702
1841	0.029947996139526367	0.0704568400979042	0.6590540409088135
1842	0.029973722994327545	0.07068395614624023	0.6592751741409302
1843	0.029361125081777573	0.07096266001462936	0.659403383731842
1844	0.029806876555085182	0.07115986943244934	0.6594257354736328
1845	0.0294449832290411	0.07104472815990448	0.659317135810852
1846	0.029346436262130737	0.07084603607654572	0.6592224836349487
1847	0.030223185196518898	0.07064218074083328	0.6594032645225525
1848	0.029814140871167183	0.07050930708646774	0.659684956073761
1849	0.030113888904452324	0.0704827681183815	0.6599838137626648
1850	0.02943704091012478	0.07058434933423996	0.6602728962898254
1851	0.030251558870077133	0.07081791758537292	0.6601595878601074
1852	0.030116895213723183	0.07110094279050827	0.6599297523498535
1853	0.029376715421676636	0.07122469693422318	0.6596980690956116
1854	0.02925191819667816	0.0711563378572464	0.6594173908233643
1855	0.029874324798583984	0.070826955139637	0.6594626903533936
1856	0.030428843572735786	0.07060905545949936	0.6595395803451538
1857	0.029926862567663193	0.07058814913034439	0.6598592400550842
1858	0.02960021048784256	0.0708051323890686	0.6603502631187439
1859	0.02884758822619915	0.07103843241930008	0.6607005000114441
1860	0.028965914621949196	0.07115943729877472	0.6608245968818665
1861	0.029239658266305923	0.07090678066015244	0.6610279083251953
1862	0.029170306399464607	0.07050561159849167	0.660996675491333
1863	0.028712311759591103	0.07018740475177765	0.6609381437301636
1864	0.028913645073771477	0.07003550976514816	0.6608824729919434
1865	0.02928638644516468	0.07015392184257507	0.6611093282699585
1866	0.0299590602517128	0.07046814262866974	0.6613539457321167
1867	0.02921275980770588	0.07087749987840652	0.6615098118782043
1868	0.030050190165638924	0.07113460451364517	0.661288321018219
1869	0.029970234259963036	0.07107621431350708	0.6609386205673218
1870	0.03005751222372055	0.07089158892631531	0.6605914831161499
1871	0.029578404501080513	0.07074031978845596	0.6602412462234497
1872	0.029773104935884476	0.07069054991006851	0.6599404215812683
1873	0.029392534866929054	0.07066450268030167	0.6598333716392517
1874	0.029208512976765633	0.07052572816610336	0.6598254442214966
1875	0.02924741432070732	0.07052303105592728	0.6599276065826416
1876	0.02959720976650715	0.07074471563100815	0.6601384282112122
1877	0.02956489659845829	0.07077459245920181	0.6602522134780884
1878	0.02969364821910858	0.07072996348142624	0.6603966355323792
1879	0.029002223163843155	0.07082909345626831	0.6604313850402832
1880	0.028546970337629318	0.07086525857448578	0.6605880260467529
1881	0.029151663184165955	0.07095706462860107	0.6606791615486145
1882	0.029162561520934105	0.07066858559846878	0.6603966951370239
1883	0.0289187952876091	0.07045231759548187	0.6599845290184021
1884	0.029691865667700768	0.07058974355459213	0.6596910953521729
1885	0.028577864170074463	0.07084180414676666	0.6595008969306946
1886	0.030037669464945793	0.07110314071178436	0.6592574119567871
1887	0.029269777238368988	0.07111825048923492	0.6589104533195496
1888	0.029811443760991096	0.0710580125451088	0.6585648655891418
1889	0.029180238023400307	0.07089950889348984	0.6583245396614075
1890	0.029661372303962708	0.07074864953756332	0.6580588817596436
1891	0.02965918928384781	0.07084695249795914	0.6579826474189758
1892	0.02960851602256298	0.07105793058872223	0.6579384207725525
1893	0.029041549190878868	0.07145655155181885	0.6580505967140198
1894	0.02871541678905487	0.07181581854820251	0.6579830050468445
