stimulus,true_Green,true_Cucumber,true_Herbal,true_Mint,true_Woody,true_Pine,true_Floral,true_Powdery,true_Fruity,true_Citrus,true_Tropical,true_Berry,true_Peach,true_Sweet,true_Caramellic,true_Vanilla,true_BrownSpice,true_Smoky,true_Burnt,true_Roasted,true_Grainy,true_Meaty,true_Nutty,true_Fatty,true_Coconut,true_Waxy,true_Dairy,true_Buttery,true_Cheesy,true_Sour,true_Fermented,true_Sulfurous,true_Garlic.Onion,true_Earthy,true_Mushroom,true_Musty,true_Ammonia,true_Fishy,true_Fecal,true_Rotten.Decay,true_Rubber,true_Phenolic,true_Animal,true_Medicinal,true_Cooling,true_Sharp,true_Chlorine,true_Alcoholic,true_Plastic,true_Ozone,true_Metallic,pred_Green,pred_Cucumber,pred_Herbal,pred_Mint,pred_Woody,pred_Pine,pred_Floral,pred_Powdery,pred_Fruity,pred_Citrus,pred_Tropical,pred_Berry,pred_Peach,pred_Sweet,pred_Caramellic,pred_Vanilla,pred_BrownSpice,pred_Smoky,pred_Burnt,pred_Roasted,pred_Grainy,pred_Meaty,pred_Nutty,pred_Fatty,pred_Coconut,pred_Waxy,pred_Dairy,pred_Buttery,pred_Cheesy,pred_Sour,pred_Fermented,pred_Sulfurous,pred_Garlic.Onion,pred_Earthy,pred_Mushroom,pred_Musty,pred_Ammonia,pred_Fishy,pred_Fecal,pred_Rotten.Decay,pred_Rubber,pred_Phenolic,pred_Animal,pred_Medicinal,pred_Cooling,pred_Sharp,pred_Chlorine,pred_Alcoholic,pred_Plastic,pred_Ozone,pred_Metallic
AA142,0.076923077,0.0,0.038461538,0.0,0.230769231,0.0,0.807692308,0.230769231,0.192307692,0.0,0.0,0.0,0.0,0.038461538,0.0,0.0,0.0,0.115384615,0.038461538,0.423076923,0.153846154,0.230769231,0.192307692,0.153846154,0.0,0.153846154,0.0,0.269230769,0.884615385,0.346153846,0.0,0.192307692,3.307692308,0.0,0.115384615,0.0,0.153846154,0.0,0.0,0.153846154,0.0,0.269230769,0.0,0.153846154,0.0,0.038461538,0.038461538,0.0,0.115384615,0.038461538,0.0,0.4623757004737854,0.25006863474845886,0.3678852915763855,0.14625024795532227,0.16690504550933838,0.1438593864440918,0.6557902693748474,0.4704534709453583,0.33918121457099915,0.17230692505836487,0.16582171618938446,0.14668776094913483,0.0699240192770958,0.49525970220565796,0.2002619355916977,0.11233920603990555,0.1738859862089157,0.05010317638516426,0.06652726233005524,0.032579440623521805,0.06324002891778946,0.08414490520954132,0.07243049144744873,0.07838477939367294,0.04926256090402603,0.11461246758699417,0.21189777553081512,0.033257368952035904,0.08913136273622513,0.21516424417495728,0.09027767181396484,0.11381856352090836,0.07412530481815338,0.1955261379480362,0.056083034723997116,0.5285962224006653,0.11367319524288177,0.05660991743206978,0.04988887161016464,0.19599297642707825,0.05982625484466553,0.2026675045490265,0.19918334484100342,0.19160790741443634,0.26150813698768616,0.2225053757429123,0.14079555869102478,0.16005705296993256,0.2158745676279068,0.14389705657958984,0.06588653475046158
AA217,0.192307692,0.0,0.192307692,0.0,0.0,0.0,0.115384615,0.038461538,0.076923077,0.0,0.0,0.0,0.269230769,0.961538462,0.384615385,0.0,0.0,0.307692308,0.653846154,0.730769231,0.384615385,0.0,0.5,0.576923077,0.153846154,1.076923077,0.0,0.653846154,0.153846154,0.038461538,0.0,0.384615385,0.0,0.384615385,0.538461538,0.038461538,0.192307692,0.0,0.0,0.192307692,0.192307692,0.115384615,0.538461538,0.0,0.0,0.0,0.0,0.0,0.0,0.0,0.0,0.4830577075481415,0.36353832483291626,0.4340861141681671,0.1647936850786209,0.32536718249320984,0.16270311176776886,0.4717992842197418,0.3334188759326935,0.6733369827270508,0.17813456058502197,0.36104533076286316,0.20378875732421875,0.19451938569545746,0.886155366897583,0.3596704304218292,0.2345525473356247,0.20335672795772552,0.04285505414009094,0.13421790301799774,0.20402684807777405,0.42765679955482483,0.08696193248033524,0.22741851210594177,0.2941545248031616,0.18406955897808075,0.6323654055595398,0.22930748760700226,0.39405372738838196,0.19476273655891418,0.22007964551448822,0.17142914235591888,0.17880940437316895,0.22437141835689545,0.258300244808197,0.1316682994365692,0.5635111331939697,0.1589633822441101,0.17115098237991333,0.06902290135622025,0.2620449364185333,0.1680307537317276,0.18610338866710663,0.11291331797838211,0.303072452545166,0.19657230377197266,0.2376461625099182,0.1392805427312851,0.28418201208114624,0.24095673859119415,0.16742075979709625,0.08484088629484177
AA332,0.076923077,0.038461538,0.0,0.0,0.076923077,0.076923077,0.0,0.0,0.0,0.0,0.0,0.0,0.0,0.0,0.0,0.0,0.0,0.0,0.730769231,0.653846154,0.115384615,0.730769231,0.153846154,0.0,0.0,0.0,0.884615385,0.153846154,0.769230769,0.769230769,0.615384615,0.961538462,0.576923077,0.346153846,0.538461538,0.307692308,0.230769231,0.153846154,0.423076923,1.730769231,0.153846154,0.0,0.615384615,0.0,0.038461538,0.384615385,0.0,0.0,0.0,0.0,0.0,0.485303670167923,0.22815808653831482,0.46701905131340027,0.14708486199378967,0.3523654043674469,0.16810426115989685,0.4515962302684784,0.28330183029174805,0.421167254447937,0.16853882372379303,0.15924404561519623,0.1411878615617752,0.0735536515712738,0.7320791482925415,0.3377639651298523,0.16756607592105865,0.1800074726343155,0.06861019134521484,0.15249307453632355,0.20659497380256653,0.16127437353134155,0.1150725707411766,0.19261257350444794,0.12515631318092346,0.03380292281508446,0.18189089000225067,0.40289145708084106,0.06079190969467163,0.27020448446273804,0.2814924716949463,0.1800924688577652,0.23752017319202423,0.19440460205078125,0.3114927411079407,0.15288282930850983,0.6025389432907104,0.14482039213180542,0.1882656067609787,0.28644752502441406,0.46783313155174255,0.13937196135520935,0.17250041663646698,0.11006786674261093,0.25490227341651917,0.16425183415412903,0.22821450233459473,0.13707299530506134,0.16728420555591583,0.23280638456344604,0.16350719332695007,0.08997488021850586
AA649,0.0,0.0,0.0,0.0,0.0,0.115384615,0.307692308,0.269230769,0.153846154,0.0,0.0,0.0,0.0,0.576923077,0.0,0.0,0.115384615,0.076923077,0.846153846,0.384615385,0.730769231,0.115384615,0.576923077,0.346153846,0.0,0.192307692,0.0,0.0,0.153846154,0.0,0.192307692,0.653846154,0.384615385,0.461538462,0.192307692,0.0,0.5,0.0,0.0,0.0,0.0,0.423076923,0.692307692,0.076923077,0.0,0.153846154,0.0,0.0,0.0,0.0,0.0,0.4778464436531067,0.23185625672340393,0.4138026535511017,0.10050582140684128,0.23417487740516663,0.17817576229572296,0.5121666789054871,0.4217016398906708,0.36725738644599915,0.1775018870830536,0.15103352069854736,0.12798747420310974,0.06577847898006439,0.6591678857803345,0.3404894471168518,0.17437636852264404,0.18307346105575562,0.10127141326665878,0.07560359686613083,0.16597285866737366,0.2173464596271515,0.09741908311843872,0.19497153162956238,0.10055328160524368,0.04175570234656334,0.16778981685638428,0.1983557641506195,0.05258847773075104,0.14608916640281677,0.23288847506046295,0.1143566146492958,0.21536566317081451,0.10662645846605301,0.3008403480052948,0.11857008188962936,0.5641207098960876,0.13066580891609192,0.18348926305770874,0.07379419356584549,0.22736550867557526,0.1679103672504425,0.20595331490039825,0.19923414289951324,0.22213976085186005,0.21884869039058685,0.23442469537258148,0.13901285827159882,0.17283785343170166,0.2291802316904068,0.14413398504257202,0.08181392401456833
AA725,0.269230769,0.0,0.230769231,0.0,0.153846154,0.115384615,0.192307692,0.076923077,0.461538462,0.0,0.384615385,0.115384615,0.192307692,0.153846154,0.0,0.0,0.0,0.269230769,0.0,0.692307692,0.269230769,0.346153846,0.346153846,0.269230769,0.5,0.807692308,0.115384615,0.807692308,0.461538462,0.230769231,0.230769231,0.076923077,2.115384615,0.0,0.230769231,0.153846154,0.0,0.0,0.0,0.0,0.0,0.0,0.0,0.0,0.038461538,0.153846154,0.0,0.0,0.0,0.0,0.0,0.49212175607681274,0.2529185712337494,0.43596503138542175,0.1277686357498169,0.301160603761673,0.15798074007034302,0.35940954089164734,0.31774458289146423,0.6447570323944092,0.17752648890018463,0.2581545114517212,0.1829911172389984,0.19440345466136932,0.7722282409667969,0.24114513397216797,0.14635251462459564,0.1720600724220276,0.05121222510933876,0.08079279214143753,0.13211756944656372,0.24367040395736694,0.07790334522724152,0.10887683182954788,0.2121472954750061,0.32821545004844666,0.5393775105476379,0.2189314067363739,0.333626389503479,0.11976663768291473,0.2667703330516815,0.22815461456775665,0.14143478870391846,0.09483461827039719,0.09229709208011627,0.09898567944765091,0.5402876734733582,0.12392668426036835,0.05405298247933388,0.05670084431767464,0.19367653131484985,0.10846953839063644,0.1498432606458664,0.057807885110378265,0.21478398144245148,0.20163826644420624,0.2321719527244568,0.13828514516353607,0.13744279742240906,0.21612121164798737,0.1520950198173523,0.06447472423315048
AA850,0.269230769,0.153846154,0.769230769,0.0,0.0,0.5,0.769230769,0.269230769,0.115384615,0.5,0.038461538,0.115384615,0.0,0.0,0.0,0.0,0.423076923,0.192307692,0.807692308,0.230769231,0.0,0.346153846,0.153846154,0.153846154,0.0,0.0,0.0,0.0,0.0,0.153846154,0.0,0.192307692,0.153846154,0.346153846,0.230769231,0.115384615,0.192307692,0.346153846,0.0,0.038461538,0.115384615,0.230769231,0.769230769,0.307692308,0.153846154,0.192307692,0.115384615,0.0,0.153846154,0.076923077,0.0,0.6563641428947449,0.26693060994148254,0.512656569480896,0.26090767979621887,0.353323370218277,0.3191540539264679,0.5100691318511963,0.27222397923469543,0.46292778849601746,0.23733296990394592,0.2385077327489853,0.2431419938802719,0.09434203803539276,0.5463685989379883,0.3242734372615814,0.17184123396873474,0.2105700522661209,0.19505362212657928,0.14065124094486237,0.16247348487377167,0.219009667634964,0.08676633983850479,0.18996049463748932,0.08914247900247574,0.031554047018289566,0.18797066807746887,0.16048875451087952,0.04234204813838005,0.074310302734375,0.20419472455978394,0.09883773326873779,0.16642694175243378,0.2196182757616043,0.3143104910850525,0.11899790167808533,0.5004757642745972,0.13846975564956665,0.1909404695034027,0.09416527301073074,0.20635658502578735,0.17624999582767487,0.1733103096485138,0.12781699001789093,0.23477043211460114,0.2811039984226227,0.25364261865615845,0.13692718744277954,0.1908797174692154,0.23167672753334045,0.1615327000617981,0.11088529229164124
AA893,0.461538462,0.0,0.461538462,0.269230769,0.0,0.307692308,0.653846154,0.0,0.769230769,0.192307692,0.5,0.692307692,0.269230769,0.5,0.0,0.0,0.0,0.153846154,0.0,0.038461538,0.192307692,0.0,0.0,0.0,0.0,0.0,0.0,0.0,0.038461538,0.0,0.192307692,0.153846154,1.576923077,0.0,0.0,0.0,0.269230769,0.384615385,0.076923077,0.192307692,0.153846154,0.192307692,0.076923077,0.423076923,0.384615385,0.923076923,0.0,0.192307692,0.115384615,0.0,0.115384615,0.4188673496246338,0.22073636949062347,0.4407268166542053,0.0962665006518364,0.2652391791343689,0.18597228825092316,0.37652289867401123,0.30252519249916077,0.8255527019500732,0.17303985357284546,0.2838769853115082,0.22612206637859344,0.17477242648601532,0.9460069537162781,0.2070821225643158,0.11302108317613602,0.16109628975391388,0.06593184918165207,0.0474805012345314,0.2191070169210434,0.20816749334335327,0.08004843443632126,0.07998038828372955,0.06861808151006699,0.048564113676548004,0.11951429396867752,0.18133893609046936,0.027323950082063675,0.09336204826831818,0.2525542080402374,0.23300239443778992,0.13097409904003143,0.1043771430850029,0.12010522931814194,0.0776086300611496,0.5606581568717957,0.131780207157135,0.05296944081783295,0.06144889071583748,0.20079515874385834,0.11653977632522583,0.17097876965999603,0.08065005391836166,0.3614463806152344,0.2647339701652527,0.2758908271789551,0.13828514516353607,0.10603692382574081,0.22047321498394012,0.13506518304347992,0.08185353130102158
AA962,0.230769231,0.076923077,0.0,0.0,0.0,0.115384615,1.038461538,0.423076923,0.0,0.0,0.0,0.038461538,0.153846154,0.538461538,0.0,0.0,0.0,0.346153846,0.0,0.153846154,0.0,0.192307692,0.0,0.384615385,0.307692308,0.153846154,0.384615385,0.192307692,0.5,0.153846154,0.269230769,0.192307692,1.038461538,0.0,0.0,0.0,0.0,0.0,0.0,0.076923077,0.115384615,0.153846154,0.153846154,0.0,0.115384615,0.076923077,0.269230769,0.0,0.115384615,0.038461538,0.038461538,0.4623757004737854,0.25006863474845886,0.3678852915763855,0.14625024795532227,0.16690504550933838,0.1438593864440918,0.6557902693748474,0.4704534709453583,0.33918121457099915,0.17230692505836487,0.16582171618938446,0.14668776094913483,0.0699240192770958,0.49525970220565796,0.2002619355916977,0.11233920603990555,0.1738859862089157,0.05010317638516426,0.06652726233005524,0.032579440623521805,0.06324002891778946,0.08414490520954132,0.07243049144744873,0.07838477939367294,0.04926256090402603,0.11461246758699417,0.21189777553081512,0.033257368952035904,0.08913136273622513,0.21516424417495728,0.09027767181396484,0.11381856352090836,0.07412530481815338,0.1955261379480362,0.056083034723997116,0.5285962224006653,0.11367319524288177,0.05660991743206978,0.04988887161016464,0.19599297642707825,0.05982625484466553,0.2026675045490265,0.19918334484100342,0.19160790741443634,0.26150813698768616,0.2225053757429123,0.14079555869102478,0.16005705296993256,0.2158745676279068,0.14389705657958984,0.06588653475046158
AB413,0.0,0.055555556,0.111111111,0.111111111,0.444444444,0.222222222,0.333333333,0.555555556,0.888888889,0.0,0.666666667,0.611111111,0.166666667,0.444444444,0.0,0.0,0.0,0.277777778,0.166666667,0.5,0.222222222,0.277777778,0.277777778,0.0,0.055555556,0.0,0.0,0.0,0.055555556,0.055555556,0.0,0.166666667,0.055555556,0.333333333,0.0,0.0,0.0,0.222222222,0.0,0.0,0.166666667,0.055555556,0.055555556,0.222222222,0.444444444,0.555555556,0.0,0.5,0.388888889,0.555555556,0.0,0.43633365631103516,0.22041769325733185,0.44128909707069397,0.1969606876373291,0.2771851718425751,0.20458984375,0.5065326690673828,0.3342757225036621,0.7777331471443176,0.17411433160305023,0.43346384167671204,0.2543356716632843,0.1363239884376526,0.9164125323295593,0.3418881297111511,0.20632782578468323,0.20080500841140747,0.05369529128074646,0.1192893534898758,0.19805152714252472,0.3549414575099945,0.09156573563814163,0.19048559665679932,0.18360131978988647,0.04096773639321327,0.16056883335113525,0.16535980999469757,0.049485888332128525,0.1469058394432068,0.2328025996685028,0.17434364557266235,0.18343043327331543,0.23587335646152496,0.2294221818447113,0.11903844773769379,0.5916503667831421,0.17327243089675903,0.1942715346813202,0.06394941359758377,0.24577149748802185,0.18834339082241058,0.20389273762702942,0.12224582582712173,0.495789110660553,0.2570323944091797,0.3100907504558563,0.1392805427312851,0.3306835889816284,0.23471295833587646,0.1865033060312271,0.10736197978258133
AB425,0.0,0.0,0.0,0.0,0.0,0.0,0.055555556,0.055555556,0.111111111,0.0,0.0,0.0,0.0,0.0,0.0,0.0,0.0,0.388888889,0.277777778,2.666666667,2.222222222,0.444444444,1.555555556,0.333333333,0.0,0.0,0.0,0.666666667,0.111111111,0.0,0.444444444,0.166666667,0.222222222,0.222222222,0.166666667,0.277777778,0.0,0.0,0.055555556,0.0,0.0,0.0,0.555555556,0.0,0.0,0.222222222,0.0,0.055555556,0.0,0.0,0.0,0.4241762161254883,0.21576833724975586,0.45859721302986145,0.34483885765075684,0.35533350706100464,0.1705590933561325,0.4995390474796295,0.3913083076477051,0.42340147495269775,0.1702638864517212,0.13536104559898376,0.18066680431365967,0.0635920912027359,0.6798051595687866,0.35061386227607727,0.2722000181674957,0.21024464070796967,0.16335366666316986,0.18992581963539124,0.9909798502922058,1.5293875932693481,0.08310627937316895,0.7668909430503845,0.23513706028461456,0.038294270634651184,0.15928144752979279,0.1847749799489975,0.14614881575107574,0.1287945955991745,0.1842680275440216,0.17543244361877441,0.25347426533699036,0.21816858649253845,0.3748512864112854,0.1399843990802765,0.6026255488395691,0.14274665713310242,0.14073340594768524,0.0648932084441185,0.23679843544960022,0.2636929154396057,0.19847184419631958,0.16548685729503632,0.26826372742652893,0.2423996776342392,0.22911696135997772,0.14458458125591278,0.27007418870925903,0.23793195188045502,0.16860683262348175,0.09520162642002106
AB435,0.0,0.0,0.0,0.0,0.0,0.0,0.166666667,0.0,0.0,0.0,0.0,0.0,0.111111111,0.388888889,0.888888889,0.166666667,0.722222222,0.666666667,0.888888889,0.944444444,0.888888889,0.444444444,0.0,0.277777778,0.444444444,0.388888889,0.0,0.0,0.0,0.277777778,0.0,0.166666667,0.5,0.555555556,0.0,0.222222222,0.333333333,0.0,0.0,0.0,0.666666667,0.0,0.444444444,0.222222222,0.055555556,0.166666667,0.0,0.0,0.0,0.0,0.0,0.3632926642894745,0.20719289779663086,0.44988977909088135,0.1556248664855957,0.34346887469291687,0.15653946995735168,0.45719653367996216,0.32756832242012024,0.5360848307609558,0.17097947001457214,0.18757963180541992,0.17224198579788208,0.1483982354402542,0.7472454905509949,0.3624231815338135,0.2598123550415039,0.18530653417110443,0.07835565507411957,0.20102903246879578,0.2064514011144638,0.1894894540309906,0.09075457602739334,0.19207213819026947,0.17735634744167328,0.19550423324108124,0.3732651472091675,0.18541063368320465,0.31419017910957336,0.15423955023288727,0.18214678764343262,0.13131047785282135,0.19407780468463898,0.20076726377010345,0.3018459379673004,0.14050263166427612,0.5824272036552429,0.17076300084590912,0.1685514748096466,0.04767747223377228,0.2518419623374939,0.15290610492229462,0.1934524029493332,0.1328376978635788,0.4007098078727722,0.3117855489253998,0.24521417915821075,0.13901285827159882,0.36680376529693604,0.24885745346546173,0.17739374935626984,0.09259878844022751
AB465,0.0,0.0,0.0,0.0,0.0,0.0,0.0,0.0,0.0,0.0,0.0,0.0,0.0,0.0,0.0,0.0,0.0,0.0,0.0,1.333333333,1.555555556,0.277777778,0.888888889,0.333333333,0.0,0.0,0.333333333,0.722222222,0.444444444,0.166666667,0.222222222,0.0,3.555555556,0.0,0.0,0.0,0.0,0.0,0.0,0.0,0.0,0.0,0.0,0.0,0.0,0.166666667,0.0,0.0,0.0,0.0,0.0,0.3869898021221161,0.2863115966320038,0.33798491954803467,0.10558613389730453,0.17035721242427826,0.11313685029745102,0.21941795945167542,0.20168381929397583,0.34312960505485535,0.1779833883047104,0.06186244636774063,0.08792290091514587,0.03953186422586441,0.4081059992313385,0.23525884747505188,0.21184153854846954,0.16671046614646912,0.21618616580963135,0.13878464698791504,1.6130558252334595,1.8616175651550293,0.12698592245578766,0.9108462333679199,0.2365497648715973,0.04865533486008644,0.19922521710395813,0.18957068026065826,0.3263480067253113,0.23179829120635986,0.15043269097805023,0.20710763335227966,0.1699245423078537,0.11436153948307037,0.15435045957565308,0.11546347290277481,0.5217879414558411,0.14521609246730804,0.05599536746740341,0.04899997264146805,0.19330337643623352,0.12463127076625824,0.1702354997396469,0.1151331439614296,0.1629568338394165,0.14565731585025787,0.2095457911491394,0.13769879937171936,0.20175297558307648,0.2361258566379547,0.14659805595874786,0.07356464862823486
AB486,0.0,0.0,0.222222222,0.0,0.166666667,0.0,0.0,0.055555556,0.222222222,0.0,0.0,0.0,0.0,0.166666667,0.5,0.0,0.111111111,0.222222222,0.833333333,0.222222222,0.666666667,0.0,0.111111111,0.0,0.111111111,0.166666667,0.0,0.111111111,0.0,0.5,0.388888889,0.5,1.833333333,0.222222222,0.0,0.5,0.111111111,0.0,0.0,0.055555556,0.277777778,0.055555556,0.0,0.0,0.5,0.0,0.277777778,0.277777778,0.277777778,0.0,0.0,0.3251202702522278,0.21495221555233002,0.35239550471305847,0.0851387158036232,0.1861162781715393,0.12030638754367828,0.25957587361335754,0.2448817640542984,0.6431668996810913,0.17645828425884247,0.12031974643468857,0.1990542858839035,0.060103919357061386,0.7898276448249817,0.2527037560939789,0.17912186682224274,0.18029311299324036,0.13689309358596802,0.2526475489139557,0.20229606330394745,0.2098231166601181,0.12271936237812042,0.1854698807001114,0.1379338651895523,0.26901018619537354,0.3031678795814514,0.19516950845718384,0.17970490455627441,0.2564759850502014,0.15653038024902344,0.2028319388628006,0.18980972468852997,0.10574761778116226,0.15335556864738464,0.06916812062263489,0.5349443554878235,0.13910779356956482,0.062202028930187225,0.05134006217122078,0.21332527697086334,0.12276472896337509,0.15429569780826569,0.10490652918815613,0.29597893357276917,0.2153499871492386,0.2588651776313782,0.13877421617507935,0.29596957564353943,0.24436752498149872,0.13269931077957153,0.06527215242385864
AB935,0.0,0.0,0.222222222,0.0,0.111111111,0.111111111,0.0,0.166666667,0.0,0.0,0.0,0.0,0.055555556,0.333333333,0.0,0.111111111,0.333333333,2.222222222,0.0,0.944444444,0.388888889,1.777777778,0.0,0.0,0.0,0.0,0.0,0.0,0.111111111,0.166666667,0.166666667,0.388888889,2.722222222,0.111111111,0.0,0.166666667,0.111111111,0.0,0.0,0.0,0.222222222,0.277777778,0.0,0.0,0.111111111,0.0,0.0,0.0,0.0,0.0,0.166666667,0.4120287299156189,0.21278564631938934,0.4042282998561859,0.23860721290111542,0.4490315616130829,0.1591733694076538,0.231760635972023,0.3703719675540924,0.37323763966560364,0.1722065657377243,0.13250407576560974,0.06742186844348907,0.05259738489985466,0.7447260618209839,0.2559899091720581,0.26657283306121826,0.4183686077594757,0.6613601446151733,0.14666441082954407,0.13125953078269958,0.12049175798892975,0.08410847932100296,0.1050122007727623,0.05153052136301994,0.032764732837677,0.1742699146270752,0.15406207740306854,0.04817968234419823,0.051170650869607925,0.1705687940120697,0.13559359312057495,0.17480000853538513,0.10272912681102753,0.1200421154499054,0.0535607673227787,0.569921612739563,0.1425270140171051,0.05824503302574158,0.05192345753312111,0.19727903604507446,0.2513027787208557,0.20241998136043549,0.09959594160318375,0.20464271306991577,0.15052692592144012,0.20182566344738007,0.13977088034152985,0.10639576613903046,0.2435840219259262,0.17191626131534576,0.07516266405582428
AB988,0.0,0.444444444,0.0,0.0,0.0,0.0,0.0,0.0,0.0,0.0,0.0,0.0,0.0,0.0,0.0,0.0,0.0,0.166666667,0.0,0.722222222,0.166666667,0.444444444,0.0,0.166666667,0.0,0.0,0.0,0.0,0.222222222,0.277777778,0.611111111,0.333333333,3.944444444,0.0,0.0,0.0,0.0,0.0,0.0,0.0,0.0,0.0,0.0,0.0,0.055555556,0.277777778,0.0,0.0,0.0,0.0,0.111111111,0.42730414867401123,0.3100430965423584,0.3545600473880768,0.10618524253368378,0.15124695003032684,0.12226232886314392,0.2749694883823395,0.26033109426498413,0.611195981502533,0.1867799162864685,0.16046707332134247,0.1883494108915329,0.13260464370250702,0.7116190791130066,0.2249619960784912,0.12446426600217819,0.16893050074577332,0.12073752284049988,0.13795708119869232,0.2512304186820984,0.25587743520736694,0.118475541472435,0.18019568920135498,0.2806294858455658,0.10467664152383804,0.20077501237392426,0.15498222410678864,0.16908763349056244,0.2332872599363327,0.30748921632766724,0.3573674261569977,0.11433108896017075,0.34580132365226746,0.2127663493156433,0.20047490298748016,0.5010336637496948,0.13526274263858795,0.08008450269699097,0.13131266832351685,0.2697136402130127,0.11076129227876663,0.15420642495155334,0.06055812910199165,0.2209402173757553,0.27167758345603943,0.26370298862457275,0.13693514466285706,0.14004214107990265,0.21413840353488922,0.1302410364151001,0.08943092823028564
AC761,0.0,0.148148148,0.0,0.037037037,0.0,0.0,0.0,0.0,0.0,0.074074074,0.0,0.0,0.0,0.037037037,0.0,0.0,0.0,0.37037037,0.703703704,1.222222222,0.777777778,0.592592593,0.185185185,0.185185185,0.0,0.0,0.0,0.148148148,0.222222222,0.333333333,0.666666667,0.407407407,1.222222222,0.555555556,1.074074074,0.296296296,0.074074074,0.185185185,0.0,0.333333333,0.0,0.0,0.185185185,0.0,0.074074074,0.0,0.0,0.0,0.0,0.0,0.0,0.6935033202171326,0.3405410945415497,0.5240732431411743,0.18844148516654968,0.3591471016407013,0.29514452815055847,0.4711071252822876,0.3021128475666046,0.39387425780296326,0.17076697945594788,0.1667923629283905,0.1352648288011551,0.0606505461037159,0.522922158241272,0.32507941126823425,0.15245001018047333,0.16443543136119843,0.12746211886405945,0.30075469613075256,0.26506730914115906,0.2826248109340668,0.08202450722455978,0.22078828513622284,0.12637731432914734,0.03823338449001312,0.20507773756980896,0.14305420219898224,0.059667542576789856,0.20600302517414093,0.2342587560415268,0.12870848178863525,0.19885563850402832,0.16974730789661407,0.3338834345340729,0.11380266398191452,0.5909728407859802,0.17057494819164276,0.1508757770061493,0.060181356966495514,0.19082438945770264,0.1513195037841797,0.2554886043071747,0.1337101012468338,0.28461533784866333,0.17957919836044312,0.2950398623943329,0.13949616253376007,0.400455117225647,0.2311611771583557,0.16841651499271393,0.09761936217546463
AD120,0.0,0.0,0.0,0.0,0.133333333,0.0,0.0,0.0,0.0,0.0,0.0,0.0,0.0,0.666666667,0.333333333,0.466666667,0.4,1.866666667,1.333333333,1.466666667,0.666666667,0.333333333,0.666666667,0.0,0.066666667,0.2,0.0,0.2,0.0,0.133333333,0.2,0.066666667,0.466666667,0.4,0.266666667,0.533333333,0.133333333,0.266666667,0.0,0.133333333,0.2,0.266666667,0.4,0.0,0.0,0.0,0.0,0.0,0.066666667,0.333333333,0.0,0.3690168559551239,0.21783970296382904,0.48434048891067505,0.3450973927974701,0.5385299921035767,0.19368712604045868,0.4603995978832245,0.39928680658340454,0.30355510115623474,0.17066428065299988,0.1249675378203392,0.14217577874660492,0.0538162887096405,0.8468807935714722,0.3679656982421875,0.4621303081512451,0.5133706331253052,0.9430639743804932,0.33152908086776733,0.22638852894306183,0.24573709070682526,0.0880960077047348,0.23514388501644135,0.07586637884378433,0.036268748342990875,0.1780603975057602,0.1623109132051468,0.049365200102329254,0.06390422582626343,0.21132853627204895,0.15169884264469147,0.258893221616745,0.2279311716556549,0.31530946493148804,0.12149254977703094,0.6337174773216248,0.15632519125938416,0.18807844817638397,0.06644107401371002,0.2543794810771942,0.4703671932220459,0.29187536239624023,0.1465684175491333,0.4172488749027252,0.2569650113582611,0.23392373323440552,0.1377134621143341,0.25873759388923645,0.24186159670352936,0.2413809448480606,0.0994303897023201
AD222,0.2,0.0,0.2,0.0,0.2,0.0,0.0,0.0,0.066666667,0.0,0.0,0.0,0.0,0.0,0.0,0.0,0.0,0.2,0.933333333,1.666666667,0.466666667,1.466666667,0.6,0.0,0.0,0.0,0.0,0.2,0.0,0.133333333,0.133333333,0.866666667,1.133333333,0.6,0.0,0.266666667,0.0,0.333333333,0.0,0.533333333,0.133333333,0.0,0.4,0.0,0.0,0.0,0.0,0.0,0.0,0.0,0.0,0.49867650866508484,0.22925838828086853,0.4587100148200989,0.1477314829826355,0.33013617992401123,0.18587875366210938,0.4756353199481964,0.33618783950805664,0.44890668988227844,0.16853882372379303,0.17421476542949677,0.1932845562696457,0.07236552238464355,0.7551153302192688,0.3411156237125397,0.27318698167800903,0.19812417030334473,0.039555881172418594,0.06824295967817307,0.22572843730449677,0.38993993401527405,0.09110759943723679,0.2272377759218216,0.15709859132766724,0.038120072335004807,0.17017045617103577,0.15748417377471924,0.05515928938984871,0.12276315689086914,0.2244786024093628,0.16878744959831238,0.16913242638111115,0.21800076961517334,0.3255141079425812,0.12233324348926544,0.5967353582382202,0.16698147356510162,0.19456395506858826,0.06964357197284698,0.2504628598690033,0.17143099009990692,0.17806781828403473,0.15837028622627258,0.2577737271785736,0.16876384615898132,0.2483743280172348,0.1377134621143341,0.26552942395210266,0.2299405336380005,0.18127572536468506,0.10003067553043365
AD505,0.0,0.1875,0.5625,0.0,0.25,0.125,0.0,0.0,0.0,0.0,0.0,0.0,0.0,0.0,0.0,0.0,0.0,0.1875,0.0625,0.25,0.0,0.625,0.3125,0.0,0.0,0.125,0.0625,0.0,0.25,0.375,0.0,0.5,3.0,0.1875,0.0,0.25,0.25,0.0,0.0,0.1875,0.25,0.0,0.0,0.25,0.1875,0.4375,0.0,0.5,0.3125,0.0,0.0,0.3729340434074402,0.22886860370635986,0.3963854908943176,0.1651821881532669,0.2519875764846802,0.13158850371837616,0.24510477483272552,0.19298037886619568,0.5023065805435181,0.17499905824661255,0.14883878827095032,0.14191623032093048,0.05235527083277702,0.4776594936847687,0.20856966078281403,0.1278364062309265,0.17622096836566925,0.07354441285133362,0.133435919880867,0.19970595836639404,0.2614510953426361,0.1113986074924469,0.13418294489383698,0.10296674072742462,0.03473922982811928,0.16712217032909393,0.16848953068256378,0.05858808755874634,0.0972352921962738,0.28070247173309326,0.3489951491355896,0.19142071902751923,0.1376364678144455,0.16831408441066742,0.11972388625144958,0.5732361674308777,0.18186025321483612,0.054069578647613525,0.052010130137205124,0.1949966847896576,0.1684660166501999,0.1937498152256012,0.13314920663833618,0.20914094150066376,0.18826119601726532,0.2190866321325302,0.13617359101772308,0.21222388744354248,0.23903371393680573,0.16525936126708984,0.08781575411558151
AD690,0.533333333,0.2,0.466666667,0.133333333,0.0,0.466666667,0.0,0.0,0.133333333,0.0,0.0,0.0,0.0,0.333333333,0.0,0.0,0.066666667,0.4,0.0,0.733333333,0.4,1.0,0.0,0.4,0.0,0.0,0.0,0.0,0.4,0.666666667,0.866666667,0.666666667,3.733333333,0.0,0.066666667,0.0,0.2,0.0,0.0,0.2,0.0,0.0,0.0,0.2,0.0,0.2,0.0,0.0,0.133333333,0.0,0.0,0.790579617023468,0.2650463581085205,0.5173274278640747,0.08416636288166046,0.22197940945625305,0.17411573231220245,0.25339192152023315,0.190114825963974,0.3684862554073334,0.17272880673408508,0.07665982097387314,0.12897442281246185,0.04084351286292076,0.46087709069252014,0.21100901067256927,0.0982191190123558,0.18016627430915833,0.13828866183757782,0.10306807607412338,0.2897750437259674,0.2654556334018707,0.12988270819187164,0.2007991075515747,0.13901014626026154,0.040687549859285355,0.13586874306201935,0.1392384171485901,0.029377859085798264,0.06902782618999481,0.2663165330886841,0.3401744067668915,0.11971786618232727,0.13033194839954376,0.2582884430885315,0.12262143939733505,0.5441595911979675,0.15759024024009705,0.05694279074668884,0.051551222801208496,0.21040785312652588,0.10536294430494308,0.15806348621845245,0.06790024042129517,0.1593346893787384,0.11949816346168518,0.23467124998569489,0.1390255242586136,0.06086112558841705,0.22136303782463074,0.13225731253623962,0.08701929450035095
AD781,0.0,0.0,0.142857143,0.0,0.0,0.0,0.357142857,0.642857143,0.142857143,0.0,0.214285714,0.0,0.0,1.357142857,0.285714286,0.0,0.142857143,0.428571429,1.428571429,0.714285714,0.5,0.071428571,0.428571429,0.0,0.142857143,0.0,0.0,0.0,0.0,0.142857143,0.142857143,0.357142857,0.642857143,0.0,0.0,0.0,0.285714286,0.357142857,0.0,0.142857143,0.214285714,0.142857143,0.285714286,0.0,0.0,0.0,0.071428571,0.0,0.0,0.285714286,0.0,0.3618369698524475,0.21976491808891296,0.5133312940597534,0.26067039370536804,0.6159197092056274,0.27242839336395264,0.4912884831428528,0.39825963973999023,0.3017669916152954,0.17066428065299988,0.14450719952583313,0.12831051647663116,0.052367549389600754,0.8540335297584534,0.3724741041660309,0.4376993179321289,0.5129949450492859,0.7939440011978149,0.30610617995262146,0.20171000063419342,0.24178630113601685,0.0846472680568695,0.23889820277690887,0.06780391186475754,0.03527246043086052,0.1913844794034958,0.14527195692062378,0.04942676052451134,0.06289970874786377,0.21220557391643524,0.10398349910974503,0.25631850957870483,0.22331634163856506,0.3341343402862549,0.12031730264425278,0.6089693307876587,0.1552145630121231,0.1686427891254425,0.06696361303329468,0.26157146692276,0.5078797340393066,0.3143351972103119,0.13194407522678375,0.35407137870788574,0.27869829535484314,0.23399601876735687,0.1377134621143341,0.25104624032974243,0.24285084009170532,0.19401313364505768,0.09903545677661896
AD835,0.0,0.0,0.142857143,0.0,0.214285714,0.0,0.0,0.0,0.0,0.0,0.0,0.214285714,0.0,0.357142857,0.0,0.0,0.0,0.428571429,1.214285714,0.714285714,0.071428571,0.428571429,0.0,0.0,0.0,0.142857143,0.0,0.0,0.142857143,0.714285714,0.857142857,0.642857143,1.357142857,0.428571429,0.071428571,0.285714286,0.214285714,0.285714286,0.0,0.785714286,0.214285714,0.285714286,0.428571429,0.142857143,0.357142857,0.0,0.071428571,0.357142857,0.214285714,0.0,0.214285714,0.43709415197372437,0.23622576892375946,0.48267799615859985,0.3586582541465759,0.38238266110420227,0.2533182203769684,0.5231829881668091,0.37172752618789673,0.6403471827507019,0.1718757301568985,0.2859588861465454,0.2727803587913513,0.09884686768054962,0.7117470502853394,0.3316161334514618,0.21413838863372803,0.1834103763103485,0.17228829860687256,0.22372567653656006,0.19894205033779144,0.2360290288925171,0.09991058707237244,0.1962292492389679,0.09057190269231796,0.035552769899368286,0.16834500432014465,0.1515195369720459,0.05784415081143379,0.15345902740955353,0.2138061225414276,0.1845920979976654,0.2591395080089569,0.2002275437116623,0.29055604338645935,0.11768535524606705,0.5998377799987793,0.15610289573669434,0.15179061889648438,0.06655419617891312,0.2617851793766022,0.2956788241863251,0.22037343680858612,0.16655637323856354,0.27617186307907104,0.2501071095466614,0.2277287244796753,0.1377134621143341,0.23720169067382812,0.2439829558134079,0.18569456040859222,0.09129707515239716
AD862,0.0,0.0,0.142857143,0.071428571,0.0,0.0,0.0,0.214285714,0.214285714,0.0,0.0,0.0,0.0,0.857142857,0.0,0.214285714,0.428571429,0.857142857,0.214285714,0.285714286,0.285714286,0.571428571,0.0,0.0,0.0,0.0,0.0,0.0,0.071428571,0.428571429,0.285714286,0.0,3.357142857,0.142857143,0.0,0.0,0.0,0.0,0.0,0.428571429,0.214285714,0.0,0.0,0.142857143,0.214285714,0.0,0.0,0.0,0.0,0.0,0.142857143,0.2944287657737732,0.21278564631938934,0.37939590215682983,0.21763566136360168,0.3280711770057678,0.1248805820941925,0.2185518592596054,0.30832961201667786,0.31404057145118713,0.1722065657377243,0.13060365617275238,0.0590495839715004,0.044357385486364365,0.9517971277236938,0.3108532428741455,0.3680102825164795,0.40517109632492065,0.6458070874214172,0.15050028264522552,0.15253371000289917,0.1778426170349121,0.09138508886098862,0.15846793353557587,0.14986656606197357,0.038256462663412094,0.18723927438259125,0.1632150411605835,0.03846167400479317,0.05874389037489891,0.15473054349422455,0.12617848813533783,0.16395623981952667,0.10647918283939362,0.09086861461400986,0.05776534229516983,0.5685486197471619,0.1378936469554901,0.057537540793418884,0.049326878041028976,0.20983506739139557,0.32198816537857056,0.2235184907913208,0.08651279658079147,0.2336052507162094,0.15964820981025696,0.2179388403892517,0.13817110657691956,0.20714347064495087,0.24722488224506378,0.1802637130022049,0.07643353939056396
AD866,0.071428571,0.0,0.428571429,0.0,0.0,0.0,0.0,0.357142857,0.0,0.0,0.0,0.0,0.0,0.357142857,0.285714286,0.214285714,0.285714286,1.5,1.571428571,1.071428571,0.0,0.714285714,0.0,0.0,0.071428571,0.0,0.0,0.0,0.285714286,0.357142857,0.142857143,0.285714286,2.928571429,0.357142857,0.142857143,0.357142857,0.0,0.0,0.0,0.0,0.428571429,0.071428571,0.214285714,0.0,0.071428571,0.0,0.0,0.0,0.214285714,0.357142857,0.285714286,0.2975166141986847,0.21427038311958313,0.34954825043678284,0.16222432255744934,0.2771795392036438,0.1223483458161354,0.21983329951763153,0.2973129451274872,0.3871532380580902,0.17123956978321075,0.08120285719633102,0.09737293422222137,0.04707378149032593,0.8910273313522339,0.27462247014045715,0.42764291167259216,0.41722381114959717,0.8888792991638184,0.6364255547523499,0.46288782358169556,0.328515887260437,0.12077710032463074,0.298708975315094,0.16542133688926697,0.034856557846069336,0.1840088963508606,0.1729939728975296,0.12378206104040146,0.18857701122760773,0.16204126179218292,0.14795678853988647,0.19806303083896637,0.11515592038631439,0.14686712622642517,0.09581496566534042,0.5504336953163147,0.15058277547359467,0.060317426919937134,0.043969374150037766,0.23109696805477142,0.2742917239665985,0.23019984364509583,0.08283482491970062,0.25628861784935,0.09670833498239517,0.21150349080562592,0.13817110657691956,0.20965267717838287,0.2498668134212494,0.29276061058044434,0.0787758007645607
AD994,1.0,0.5625,1.0625,0.0,0.0,0.1875,0.0,0.0,0.0,0.0,0.0,0.0,0.0,0.125,0.0,0.0,0.0,0.6875,0.5,1.375,1.0,0.875,0.0625,0.25,0.0,0.0,0.0,0.0,0.0625,0.75,0.8125,0.1875,1.0625,0.875,0.125,0.0,0.3125,0.0625,0.0,0.125,0.25,0.0,0.4375,0.0,0.0,0.5625,0.0,0.0,0.0625,0.0,0.0,0.7517216801643372,0.26220831274986267,0.5187236070632935,0.1554556041955948,0.4099615216255188,0.26312369108200073,0.5218163728713989,0.35945332050323486,0.4214193820953369,0.17277157306671143,0.18432047963142395,0.10948499292135239,0.07340407371520996,0.6156789660453796,0.34158244729042053,0.17753638327121735,0.1921864151954651,0.20111408829689026,0.1547195464372635,0.19057722389698029,0.2598021924495697,0.09679844975471497,0.2107163816690445,0.09415365010499954,0.04409456253051758,0.17153547704219818,0.14292950928211212,0.03643214702606201,0.07632844150066376,0.22727102041244507,0.220706507563591,0.22702039778232574,0.1958625614643097,0.3422356843948364,0.13683068752288818,0.6031705141067505,0.16632622480392456,0.18744219839572906,0.08073797821998596,0.23489528894424438,0.22607974708080292,0.19189539551734924,0.1781027764081955,0.2385295331478119,0.20417210459709167,0.26181042194366455,0.13849426805973053,0.4112422466278076,0.22652138769626617,0.1826477348804474,0.10435328632593155
AE645,0.178571429,0.0,0.214285714,0.0,0.178571429,0.0,0.0,0.0,0.107142857,0.071428571,0.035714286,0.035714286,0.0,0.142857143,0.071428571,0.071428571,0.071428571,0.0,0.0,0.071428571,0.071428571,0.071428571,0.0,0.107142857,0.0,0.0,0.214285714,0.25,0.5,0.214285714,0.5,0.142857143,0.0,0.142857143,0.107142857,0.214285714,0.5,0.0,0.535714286,0.892857143,0.214285714,0.357142857,0.178571429,0.25,0.25,0.964285714,0.642857143,3.071428571,0.142857143,0.142857143,0.25,0.3803110718727112,0.19709309935569763,0.42864760756492615,0.11445262283086777,0.3158603012561798,0.1419001817703247,0.4017668664455414,0.2904035449028015,0.5354608297348022,0.20111426711082458,0.29163116216659546,0.20092017948627472,0.06725151836872101,1.2138828039169312,0.3189249038696289,0.3362462520599365,0.2288169115781784,0.17452064156532288,0.17854399979114532,0.2413649559020996,0.3097931146621704,0.12654957175254822,0.28324010968208313,0.09172417968511581,0.0828394740819931,0.23492316901683807,0.1532755196094513,0.12244336307048798,0.15049301087856293,0.3222180902957916,0.1752472221851349,0.10726968199014664,0.14059150218963623,0.25394031405448914,0.06704851239919662,0.46363967657089233,0.2164691984653473,0.05639307200908661,0.07353765517473221,0.1779158115386963,0.2650059163570404,0.18740883469581604,0.1265133172273636,0.6274136304855347,0.4549662172794342,0.40919652581214905,0.14247040450572968,1.3958731889724731,0.2204267382621765,0.12811698019504547,0.12945984303951263
AE929,0.185185185,0.0,0.222222222,0.444444444,0.259259259,0.111111111,0.0,0.111111111,0.518518519,0.0,0.111111111,0.333333333,0.148148148,0.481481481,0.148148148,0.222222222,0.148148148,0.074074074,0.0,0.0,0.0,0.0,0.111111111,0.0,0.074074074,0.111111111,0.222222222,0.222222222,0.407407407,0.148148148,0.37037037,0.148148148,0.0,0.111111111,0.0,0.777777778,0.37037037,0.0,0.592592593,0.444444444,0.0,0.0,0.111111111,1.222222222,0.814814815,0.518518519,0.333333333,0.962962963,0.481481481,0.074074074,0.222222222,0.3342181146144867,0.19598081707954407,0.45040059089660645,0.4207479655742645,0.27270570397377014,0.232775017619133,0.35769882798194885,0.23140323162078857,0.5297672152519226,0.18812310695648193,0.1561029851436615,0.1452420949935913,0.06631628423929214,0.8526751399040222,0.27526167035102844,0.3139653503894806,0.22212326526641846,0.10209602862596512,0.056668948382139206,0.06039605662226677,0.06965478509664536,0.046282075345516205,0.126456156373024,-0.012781431898474693,0.03590249642729759,0.3074325919151306,0.12576532363891602,0.023856332525610924,0.2986505627632141,0.3233785927295685,0.3330102264881134,0.14140263199806213,0.10940191149711609,0.19329287111759186,0.03537280112504959,0.5128483176231384,0.15156809985637665,0.05535891652107239,0.09072733670473099,0.16691331565380096,0.18168364465236664,0.17249028384685516,0.05371018126606941,1.3973515033721924,1.1141620874404907,0.3478756844997406,0.13748010993003845,0.5533789992332458,0.24102649092674255,0.12761791050434113,0.1696814000606537
AG316,0.266666667,0.0,0.333333333,0.2,0.1,0.133333333,0.266666667,0.0,0.066666667,0.066666667,0.0,0.0,0.0,0.333333333,0.0,0.1,0.0,0.0,0.0,0.333333333,0.0,0.3,0.066666667,0.033333333,0.0,0.0,0.0,0.0,0.033333333,0.166666667,0.266666667,0.8,2.6,0.033333333,0.233333333,0.633333333,0.166666667,0.0,0.066666667,0.133333333,0.133333333,0.0,0.133333333,1.166666667,0.566666667,0.2,0.0,0.266666667,0.0,0.066666667,0.066666667,0.3904765248298645,0.2515978515148163,0.39061886072158813,0.4758698344230652,0.17211224138736725,0.1596333235502243,0.23498083651065826,0.2101801186800003,0.45451486110687256,0.17653171718120575,0.12459211051464081,0.18722553551197052,0.0669596791267395,0.6174338459968567,0.21186813712120056,0.22530734539031982,0.1645541787147522,0.06958666443824768,0.04196818545460701,0.16369396448135376,0.1605764478445053,0.09992025047540665,0.08156666904687881,0.09407774358987808,0.04912516847252846,0.13644441962242126,0.17648500204086304,0.02801150269806385,0.09273741394281387,0.1655913144350052,0.2337428778409958,0.12006331235170364,0.08785638958215714,0.1766624003648758,0.06527162343263626,0.5479467511177063,0.14237286150455475,0.05424588546156883,0.07917904108762741,0.19920969009399414,0.10695520043373108,0.17002324759960175,0.1247696653008461,0.4330042898654938,0.6949421763420105,0.4503095746040344,0.14040125906467438,0.6198574304580688,0.22590294480323792,0.1485370695590973,0.06902570277452469
AG386,0.166666667,0.0,0.4,0.166666667,0.0,0.066666667,0.1,0.033333333,0.233333333,0.0,0.0,0.0,0.0,0.366666667,0.266666667,0.233333333,0.066666667,0.9,0.833333333,1.066666667,0.733333333,0.333333333,0.166666667,0.0,0.0,0.0,0.0,0.0,0.0,0.0,0.333333333,0.8,1.233333333,0.366666667,0.333333333,0.4,0.366666667,0.3,0.066666667,0.166666667,0.966666667,0.0,0.466666667,0.866666667,0.433333333,0.266666667,0.1,0.333333333,0.166666667,0.0,0.0,0.45048266649246216,0.3906618356704712,0.43295788764953613,0.32093238830566406,0.3122873902320862,0.2109469175338745,0.46000245213508606,0.32509520649909973,0.44140708446502686,0.16811536252498627,0.18839041888713837,0.16509826481342316,0.10076220333576202,0.8505337834358215,0.3441336750984192,0.2785570025444031,0.1956128180027008,0.03084268607199192,0.04129098355770111,0.18017135560512543,0.35140320658683777,0.07629392296075821,0.19259318709373474,0.1308315545320511,0.03546493127942085,0.16251076757907867,0.17412732541561127,0.03760465979576111,0.10399975627660751,0.19025610387325287,0.1175205260515213,0.16111378371715546,0.1931610256433487,0.2987724542617798,0.12364950776100159,0.608158528804779,0.1599392294883728,0.15794916450977325,0.06403668224811554,0.2293461561203003,0.1729627251625061,0.1891237050294876,0.15103216469287872,0.5622121095657349,0.47944071888923645,0.2993699014186859,0.13970088958740234,0.33609285950660706,0.2339155673980713,0.13882048428058624,0.10034704208374023
AG570,0.133333333,0.033333333,0.2,0.033333333,0.1,0.0,0.266666667,0.0,0.233333333,0.0,0.0,0.2,0.1,0.5,0.1,0.233333333,0.066666667,0.7,0.866666667,1.0,0.666666667,0.833333333,0.8,0.366666667,0.0,0.0,0.0,0.0,0.0,0.5,0.266666667,0.9,0.666666667,0.3,0.166666667,0.033333333,0.333333333,0.033333333,0.1,0.4,0.433333333,0.066666667,0.7,0.0,0.0,0.3,0.0,0.0,0.0,0.0,0.0,0.4182664155960083,0.2337617576122284,0.4694276750087738,0.17767351865768433,0.36231017112731934,0.21478603780269623,0.4959389865398407,0.40407928824424744,0.4359768033027649,0.16944032907485962,0.16465063393115997,0.17495976388454437,0.061828456819057465,0.8023083209991455,0.34604111313819885,0.29084479808807373,0.19324158132076263,0.14745275676250458,0.1520446389913559,0.21579308807849884,0.2517150044441223,0.10600386559963226,0.19316305220127106,0.07741273194551468,0.035532329231500626,0.17245171964168549,0.13724596798419952,0.054481733590364456,0.12609262764453888,0.17146047949790955,0.19353459775447845,0.24862171709537506,0.2126750648021698,0.32909339666366577,0.1151949092745781,0.595876157283783,0.22348715364933014,0.18925082683563232,0.1044192910194397,0.24610035121440887,0.2741057872772217,0.22015564143657684,0.16522090137004852,0.33566048741340637,0.32794004678726196,0.25215691328048706,0.14929887652397156,0.2682550251483917,0.23534755408763885,0.16418786346912384,0.10477735102176666
AI884,0.321428571,0.0,0.428571429,0.678571429,0.357142857,0.178571429,1.0,0.535714286,1.321428571,0.25,0.357142857,0.0,0.0,1.071428571,0.071428571,0.142857143,0.142857143,0.107142857,0.0,0.035714286,0.142857143,0.0,0.107142857,0.0,0.0,0.035714286,0.071428571,0.035714286,0.0,0.285714286,0.285714286,0.0,0.0,0.071428571,0.607142857,0.214285714,0.071428571,0.0,0.0,0.142857143,0.0,0.142857143,0.107142857,0.178571429,0.214285714,0.071428571,0.0,0.535714286,0.321428571,0.0,0.035714286,0.34718823432922363,0.1972419172525406,0.42156246304512024,0.198635533452034,0.43279212713241577,0.16775630414485931,0.32563257217407227,0.25281476974487305,0.5171876549720764,0.16662171483039856,0.12010224908590317,0.21546140313148499,0.0948978140950203,0.9301685094833374,0.2718662917613983,0.2602122724056244,0.38001134991645813,0.14464135468006134,0.14693759381771088,0.2786422073841095,0.4217519462108612,0.0731174424290657,0.4315626919269562,0.06842760741710663,0.030902843922376633,0.14178483188152313,0.10701027512550354,0.06576156616210938,0.08999662846326828,0.2079165130853653,0.13358399271965027,0.12272242456674576,0.09615690261125565,0.29730841517448425,0.11651927977800369,0.531325101852417,0.12885254621505737,0.05670929327607155,0.035775717347860336,0.12281125783920288,0.18228699266910553,0.2018611878156662,0.09155967831611633,0.27451103925704956,0.24095281958580017,0.20895494520664215,0.14830492436885834,0.16206060349941254,0.24784182012081146,0.13246381282806396,0.11978224664926529
AJ018,0.5,0.0,0.466666667,0.0,0.4,0.066666667,0.433333333,0.1,0.1,0.0,0.0,0.0,0.0,0.5,0.133333333,0.033333333,0.166666667,0.066666667,0.2,0.0,0.0,0.0,0.0,0.3,0.0,1.1,0.0,0.1,0.2,0.433333333,0.0,0.033333333,0.1,0.4,0.2,1.266666667,0.033333333,0.066666667,0.0,0.133333333,0.533333333,0.233333333,0.0,0.1,0.033333333,0.133333333,0.0,0.033333333,0.333333333,0.0,0.233333333,0.43840017914772034,0.2025621384382248,0.40528544783592224,0.20769067108631134,0.2772518992424011,0.1828438639640808,0.301920086145401,0.19619877636432648,0.5855549573898315,0.17694172263145447,0.07566692680120468,0.14759360253810883,0.06754321604967117,0.8694581389427185,0.258068323135376,0.1830001026391983,0.20460857450962067,0.07060585916042328,0.11071275919675827,0.3035733103752136,0.3108009696006775,0.08839548379182816,0.29689085483551025,0.12940387427806854,0.05487874150276184,0.42775726318359375,0.07411612570285797,0.11678729206323624,0.1877158284187317,0.3054046034812927,0.14516925811767578,0.06352518498897552,0.08310534060001373,0.2652164399623871,0.1112297922372818,0.4796668291091919,0.19259129464626312,0.08726214617490768,0.022660257294774055,0.11918557435274124,0.2287670224905014,0.1834835410118103,0.1478462964296341,0.24159450829029083,0.2360885590314865,0.3397371768951416,0.14437280595302582,0.277938574552536,0.2501314878463745,0.16960781812667847,0.13033470511436462
AJ108,0.310344828,0.0,0.344827586,0.0,0.103448276,0.0,0.517241379,0.310344828,2.24137931,0.103448276,0.551724138,1.103448276,0.206896552,1.517241379,0.310344828,0.379310345,0.482758621,0.0,0.103448276,0.0,0.068965517,0.0,0.068965517,0.0,0.0,0.103448276,0.0,0.0,0.0,0.275862069,0.482758621,0.0,0.0,0.068965517,0.0,0.275862069,0.034482759,0.0,0.0,0.068965517,0.172413793,0.103448276,0.0,0.275862069,0.310344828,0.068965517,0.068965517,0.344827586,0.103448276,0.034482759,0.103448276,0.6753364205360413,0.20053914189338684,0.4704766273498535,0.09223487973213196,0.3404591381549835,0.16296857595443726,0.32182398438453674,0.22087475657463074,0.7482022047042847,0.17034697532653809,0.13882754743099213,0.25173771381378174,0.04529073089361191,0.9953456521034241,0.2770139276981354,0.30709367990493774,0.23619845509529114,0.1177014634013176,0.070899598300457,0.4394712448120117,0.46259400248527527,0.08968335390090942,0.4675107002258301,0.15869279205799103,0.02699325419962406,0.132564514875412,0.07213309407234192,0.035636939108371735,0.09904652833938599,0.20208632946014404,0.24656563997268677,0.038856543600559235,0.09730832278728485,0.24576693773269653,0.07736894488334656,0.4888777434825897,0.1273227334022522,0.05446750298142433,0.006063527427613735,0.1292458027601242,0.11803719401359558,0.16611716151237488,0.05339093133807182,0.23618310689926147,0.13855959475040436,0.22531360387802124,0.14192302525043488,0.25520822405815125,0.23383957147598267,0.1460002064704895,0.11373862624168396
AJ244,0.172413793,0.0,0.344827586,0.275862069,0.413793103,0.034482759,0.827586207,0.24137931,1.310344828,0.068965517,0.517241379,0.517241379,0.103448276,1.965517241,0.482758621,0.24137931,1.103448276,0.137931034,0.0,0.172413793,0.172413793,0.0,0.310344828,0.137931034,0.137931034,0.172413793,0.0,0.0,0.0,0.172413793,0.24137931,0.0,0.0,0.068965517,0.0,0.517241379,0.0,0.0,0.0,0.137931034,0.310344828,0.137931034,0.034482759,0.551724138,0.103448276,0.034482759,0.0,0.0,0.103448276,0.103448276,0.0,0.4699086546897888,0.22307088971138,0.47095420956611633,0.18497098982334137,0.5188540816307068,0.18988361954689026,0.4084256589412689,0.35484254360198975,0.9449884295463562,0.17041456699371338,0.22307534515857697,0.3472151756286621,0.10579518973827362,1.1295607089996338,0.28183192014694214,0.26892364025115967,0.2744769752025604,0.0775054395198822,0.10002943873405457,0.14060328900814056,0.16327285766601562,0.08892147988080978,0.13039307296276093,0.12281838804483414,0.022375619038939476,0.18863613903522491,0.07826999574899673,0.02450723573565483,0.09514731168746948,0.35554835200309753,0.18772099912166595,0.08626040816307068,0.11413288116455078,0.1551479697227478,0.09668591618537903,0.4494580030441284,0.132259339094162,0.053485479205846786,0.02369225025177002,0.10801789909601212,0.25063464045524597,0.18686534464359283,0.08075273036956787,0.2999354898929596,0.21010681986808777,0.24285593628883362,0.1407785266637802,0.17969267070293427,0.23946726322174072,0.13677799701690674,0.09052146971225739
AJ261,0.166666667,0.0,0.7,0.466666667,0.033333333,0.133333333,0.466666667,0.133333333,1.033333333,0.1,0.233333333,0.366666667,0.1,1.266666667,0.133333333,0.2,0.4,0.066666667,0.0,0.266666667,0.366666667,0.1,0.5,0.266666667,0.1,0.2,0.0,0.0,0.433333333,0.233333333,0.3,0.1,0.0,0.0,0.0,0.566666667,0.0,0.033333333,0.0,0.0,0.0,0.133333333,0.0,0.733333333,0.466666667,0.266666667,0.0,0.233333333,0.466666667,0.0,0.133333333,0.4399571120738983,0.1964409351348877,0.5130460262298584,0.16330070793628693,0.5796300768852234,0.19234822690486908,0.39990150928497314,0.327175110578537,1.0662264823913574,0.16595673561096191,0.2154214233160019,0.3403184115886688,0.07994865626096725,1.0799832344055176,0.2816794216632843,0.30190542340278625,0.2590484619140625,0.11870896816253662,0.034149862825870514,0.1654772013425827,0.24541154503822327,0.06362388283014297,0.14714351296424866,0.10473868995904922,0.030594009906053543,0.14639760553836823,0.08801070600748062,0.01913687214255333,0.08237183094024658,0.30920299887657166,0.22650621831417084,0.07446765899658203,0.08954569697380066,0.19684194028377533,0.10866504162549973,0.520141065120697,0.12140515446662903,0.052816011011600494,0.009188245981931686,0.10621203482151031,0.28354349732398987,0.18373225629329681,0.08888564258813858,0.27866601943969727,0.1762961447238922,0.25229188799858093,0.14249473810195923,0.20525899529457092,0.2551614046096802,0.18011438846588135,0.09930258244276047
AJ413,0.24137931,0.0,0.137931034,0.068965517,0.137931034,0.0,0.137931034,0.172413793,0.862068966,0.172413793,0.448275862,0.448275862,0.24137931,1.586206897,0.482758621,0.24137931,0.310344828,0.655172414,1.103448276,1.068965517,0.448275862,0.24137931,0.206896552,0.068965517,0.103448276,0.0,0.0,0.068965517,0.0,0.206896552,0.137931034,0.068965517,0.034482759,0.0,0.0,0.310344828,0.137931034,0.103448276,0.0,0.034482759,0.586206897,0.24137931,0.137931034,0.206896552,0.172413793,0.448275862,0.0,0.103448276,0.068965517,0.068965517,0.068965517,0.46741530299186707,0.1974860429763794,0.43515002727508545,0.14030000567436218,0.3802095949649811,0.14869838953018188,0.30045679211616516,0.22081443667411804,0.6901313066482544,0.17518377304077148,0.13593848049640656,0.18344339728355408,0.05260084569454193,0.8452137112617493,0.2719128131866455,0.2738972008228302,0.30837076902389526,0.1345362812280655,0.4083292782306671,0.2495361864566803,0.28058770298957825,0.082124724984169,0.13945405185222626,0.1368214637041092,0.028174228966236115,0.21831095218658447,0.06493037194013596,0.03616396337747574,0.047220103442668915,0.15673160552978516,0.1907540112733841,0.1550886034965515,0.11003006994724274,0.1462148278951645,0.03457031771540642,0.526582658290863,0.10458163917064667,0.055532459169626236,0.019205883145332336,0.143284872174263,0.2796321213245392,0.18260306119918823,0.09383754432201385,0.1965349167585373,0.16445903480052948,0.18886639177799225,0.1388014853000641,0.11046157777309418,0.23541004955768585,0.1565910130739212,0.10118008404970169
AJ544,0.827586207,0.689655172,0.482758621,0.0,0.172413793,0.103448276,0.344827586,0.0,0.413793103,0.896551724,0.24137931,0.0,0.0,0.965517241,0.310344828,0.206896552,0.103448276,0.068965517,0.0,0.137931034,0.137931034,0.0,0.137931034,0.206896552,0.0,0.275862069,0.0,0.0,0.0,0.413793103,0.034482759,0.0,0.0,0.413793103,0.0,0.689655172,0.034482759,0.137931034,0.103448276,0.0,0.103448276,0.068965517,0.0,0.068965517,0.172413793,0.068965517,0.172413793,0.068965517,0.137931034,0.551724138,0.103448276,0.41655075550079346,0.19709886610507965,0.3816705048084259,0.09084104001522064,0.396503746509552,0.1165052205324173,0.35208189487457275,0.2436141073703766,0.930164098739624,0.1716504544019699,0.19220176339149475,0.1508074700832367,0.04268234223127365,1.2815895080566406,0.304972767829895,0.3746582865715027,0.27416616678237915,0.309420645236969,0.21111373603343964,0.2877638041973114,0.4450605809688568,0.08645574748516083,0.3122561573982239,0.12434384226799011,0.04768859222531319,0.22549118101596832,0.19103053212165833,0.16116411983966827,0.39320456981658936,0.37921205163002014,0.3213801085948944,0.11942101269960403,0.10163001716136932,0.14900022745132446,0.028670208528637886,0.4521748423576355,0.12095034867525101,0.056443553417921066,0.019525520503520966,0.16935211420059204,0.17069534957408905,0.15592233836650848,0.09171293675899506,0.2048412412405014,0.14271995425224304,0.29436662793159485,0.13958095014095306,0.27119603753089905,0.21153219044208527,0.12153647840023041,0.14776389300823212
AJ639,0.666666667,0.433333333,0.166666667,0.0,0.0,0.033333333,0.9,0.233333333,2.633333333,0.533333333,1.766666667,0.566666667,0.433333333,2.0,0.133333333,0.233333333,0.1,0.066666667,0.0,0.0,0.0,0.0,0.1,0.0,0.0,0.166666667,0.0,0.0,0.0,0.1,0.066666667,0.0,0.0,0.0,0.0,0.0,0.0,0.0,0.0,0.0,0.066666667,0.0,0.0,0.0,0.133333333,0.2,0.066666667,0.0,0.1,0.4,0.166666667,0.41093313694000244,0.21050386130809784,0.45823878049850464,0.14581705629825592,0.30951371788978577,0.1258988082408905,0.4827212393283844,0.21711380779743195,1.3679341077804565,0.18422044813632965,0.44225817918777466,0.708947479724884,0.13856451213359833,1.3801491260528564,0.2642701268196106,0.29435592889785767,0.224038228392601,0.05657085031270981,0.03429766371846199,0.27889010310173035,0.2926710247993469,0.0970752015709877,0.1089819073677063,0.10939044505357742,0.05003531649708748,0.14988797903060913,0.08043603599071503,0.04205004498362541,0.11711980402469635,0.28138014674186707,0.3489988148212433,0.10141408443450928,0.08647830039262772,0.12471974641084671,0.048221517354249954,0.46048811078071594,0.12095122039318085,0.05255596339702606,0.011715186759829521,0.12944062054157257,0.13452886044979095,0.1660735011100769,0.0663377195596695,0.21204444766044617,0.15207891166210175,0.23201331496238708,0.13701100647449493,0.16221846640110016,0.21786366403102875,0.18377113342285156,0.112578846514225
AJ862,0.066666667,0.0,0.133333333,0.1,0.033333333,0.0,0.3,0.1,0.5,0.1,0.3,0.066666667,0.1,0.633333333,0.233333333,0.2,0.2,0.033333333,0.0,0.2,0.066666667,0.0,0.0,0.133333333,0.033333333,0.0,0.0,0.333333333,0.066666667,0.333333333,0.1,0.033333333,0.1,0.066666667,0.133333333,0.8,0.8,0.733333333,0.0,0.333333333,0.366666667,0.133333333,0.3,1.3,0.433333333,0.366666667,0.033333333,0.0,0.666666667,0.1,0.1,0.32458826899528503,0.19615864753723145,0.4078424572944641,0.2662244439125061,0.22326360642910004,0.16646744310855865,0.33432507514953613,0.22169344127178192,0.8508174419403076,0.16805361211299896,0.14745663106441498,0.19580332934856415,0.07255721092224121,0.8749768733978271,0.24781544506549835,0.24451124668121338,0.2078578919172287,0.038620252162218094,0.03741462528705597,0.09326674044132233,0.14331994950771332,0.09679530560970306,0.19415897130966187,0.09009356051683426,0.08686265349388123,0.1401297152042389,0.11116602271795273,0.14492084085941315,0.06262077391147614,0.12835542857646942,0.17557485401630402,0.04253358766436577,0.07521358132362366,0.17564155161380768,0.10948846489191055,0.4157349467277527,0.1792178899049759,0.0628330260515213,0.01464757975190878,0.1047026589512825,0.1327611207962036,0.18408679962158203,0.03487951681017876,0.41578859090805054,0.3158840835094452,0.31937721371650696,0.1425378918647766,0.5373444557189941,0.2469058334827423,0.15811942517757416,0.10985878854990005
AJ968,0.3,0.1,0.466666667,0.066666667,0.2,0.066666667,1.0,0.166666667,1.2,0.5,0.366666667,0.533333333,0.133333333,1.133333333,0.133333333,0.133333333,0.0,0.0,0.0,0.0,0.066666667,0.0,0.1,0.0,0.066666667,0.233333333,0.0,0.0,0.133333333,0.3,0.2,0.166666667,0.0,0.033333333,0.0,0.3,0.566666667,0.8,0.266666667,0.733333333,0.0,0.133333333,0.0,0.366666667,0.233333333,0.0,0.0,0.0,0.133333333,0.4,0.1,0.2635352313518524,0.19709309935569763,0.4295891225337982,0.1765178143978119,0.23472821712493896,0.18728107213974,0.29478704929351807,0.2192303091287613,0.5143584609031677,0.17411114275455475,0.08846285194158554,0.18313045799732208,0.05465255677700043,0.9018635749816895,0.2661752998828888,0.1987873911857605,0.2094869166612625,0.07239939272403717,0.07645905762910843,0.1900329291820526,0.12502813339233398,0.09713153541088104,0.17314313352108002,0.05192025005817413,0.08015860617160797,0.1635989099740982,0.07901304960250854,0.050687506794929504,0.0019911404233425856,0.1316841095685959,0.1026049330830574,0.040854353457689285,0.07807576656341553,0.13934050500392914,0.08462413400411606,0.45757558941841125,0.14537636935710907,0.07548011094331741,0.0089644193649292,0.11317743360996246,0.15236416459083557,0.18339328467845917,0.08073047548532486,0.4886045455932617,0.3550512194633484,0.3734866678714752,0.1411212533712387,0.6423287391662598,0.25102898478507996,0.15942023694515228,0.15137527883052826
AJ977,0.379310345,0.0,0.448275862,0.068965517,0.689655172,0.172413793,0.517241379,0.413793103,1.068965517,0.0,0.137931034,0.103448276,0.0,1.310344828,0.551724138,0.24137931,0.413793103,0.75862069,0.689655172,0.137931034,0.137931034,0.275862069,0.275862069,0.103448276,0.0,0.206896552,0.0,0.068965517,0.0,0.413793103,0.24137931,0.0,0.0,0.137931034,0.0,0.793103448,0.103448276,0.0,0.0,0.0,0.275862069,0.344827586,0.103448276,0.586206897,0.137931034,0.206896552,0.068965517,0.206896552,0.24137931,0.344827586,0.0,0.40593865513801575,0.19598081707954407,0.45414596796035767,0.2229541838169098,0.33134326338768005,0.1888148933649063,0.3095637559890747,0.2431744635105133,0.8118244409561157,0.17428575456142426,0.10185626149177551,0.1333862990140915,0.051174573600292206,1.1967593431472778,0.27991271018981934,0.28138646483421326,0.2440946102142334,0.077206090092659,0.287853479385376,0.19824087619781494,0.18186526000499725,0.12106354534626007,0.2155400663614273,0.061109598726034164,0.03748202696442604,0.16134172677993774,0.08295480161905289,0.02802686020731926,0.0648263469338417,0.2545646131038666,0.2274344116449356,0.06759440153837204,0.10994385182857513,0.10337235778570175,0.023684334009885788,0.46830621361732483,0.14193853735923767,0.056743014603853226,0.03923361375927925,0.1176527738571167,0.2160569578409195,0.15777495503425598,0.060873452574014664,0.22525916993618011,0.3484945595264435,0.3180769681930542,0.13980633020401,0.466528981924057,0.24497637152671814,0.1427101194858551,0.17295649647712708
AJ990,0.2,0.0,0.166666667,0.0,0.433333333,0.0,0.4,0.166666667,0.933333333,0.1,0.266666667,0.566666667,0.133333333,1.033333333,0.233333333,0.166666667,0.166666667,0.2,0.666666667,0.833333333,0.8,0.366666667,0.666666667,0.166666667,0.0,0.166666667,0.0,0.066666667,0.1,0.266666667,0.133333333,0.666666667,0.566666667,0.1,0.0,0.333333333,0.233333333,0.0,0.0,0.0,0.566666667,0.2,0.166666667,0.466666667,0.133333333,0.166666667,0.133333333,0.3,0.0,0.1,0.066666667,0.5520713329315186,0.1974860429763794,0.40262141823768616,0.1633146107196808,0.37467899918556213,0.1416090726852417,0.2939951419830322,0.2075619101524353,0.5485978722572327,0.17495757341384888,0.11795514076948166,0.08683915436267853,0.04468107596039772,0.8347738981246948,0.27215152978897095,0.31432831287384033,0.3002653121948242,0.2331751137971878,0.5742762088775635,0.32768091559410095,0.41347432136535645,0.1456591784954071,0.1727609485387802,0.12032074481248856,0.027299173176288605,0.2347622811794281,0.07690415531396866,0.022855451330542564,0.05627979710698128,0.19465620815753937,0.18065443634986877,0.1022639274597168,0.1076614037156105,0.1662275642156601,0.046012409031391144,0.49689364433288574,0.11254485696554184,0.06095932051539421,0.03434157744050026,0.1388295441865921,0.20477256178855896,0.17182698845863342,0.07901482284069061,0.19399239122867584,0.17855405807495117,0.20940274000167847,0.1354890614748001,0.10352171957492828,0.22353020310401917,0.1441607028245926,0.08833833783864975
AL047,0.433333333,0.1,0.933333333,0.1,1.133333333,0.133333333,0.233333333,0.133333333,0.2,0.1,0.066666667,0.0,0.0,0.5,0.333333333,0.133333333,0.3,0.133333333,0.066666667,0.766666667,1.5,0.0,0.8,0.1,0.0,0.366666667,0.066666667,0.1,0.0,0.2,0.066666667,0.066666667,0.0,0.3,0.233333333,1.266666667,0.0,0.0,0.0,0.0,0.433333333,0.0,0.033333333,0.1,0.033333333,0.166666667,0.0,0.033333333,0.0,0.0,0.266666667,0.6308175921440125,0.22869515419006348,0.42620328068733215,0.07867319881916046,0.3158125877380371,0.13493654131889343,0.26540449261665344,0.20424078404903412,0.4881829619407654,0.20583269000053406,0.11371897906064987,0.1187383383512497,0.048093896359205246,0.7739464640617371,0.23257488012313843,0.2234182506799698,0.18182474374771118,0.0354962982237339,0.06110941618680954,0.6784497499465942,0.863754153251648,0.24092121422290802,0.36534956097602844,0.23568205535411835,0.044391702860593796,0.20988918840885162,0.14928938448429108,0.12869323790073395,0.4850148856639862,0.30306515097618103,0.1388416439294815,0.4081302881240845,0.14647355675697327,0.2851278781890869,0.2538284659385681,0.42379164695739746,0.1465362161397934,0.07977822422981262,0.04652668535709381,0.4985068142414093,0.12682518362998962,0.1676952987909317,0.0682404488325119,0.18278414011001587,0.08885486423969269,0.44690844416618347,0.1419743299484253,0.32383662462234497,0.23334714770317078,0.18945249915122986,0.17176155745983124
AL112,1.166666667,0.166666667,0.7,0.0,0.533333333,0.133333333,0.2,0.266666667,0.733333333,0.0,0.0,0.166666667,0.0,0.666666667,0.133333333,0.233333333,0.1,0.0,0.066666667,0.466666667,0.566666667,0.433333333,0.533333333,0.5,0.0,0.166666667,0.1,0.0,0.0,0.6,0.066666667,0.3,0.033333333,0.566666667,0.2,0.8,0.2,0.0,0.0,0.5,0.266666667,0.3,0.066666667,0.0,0.0,0.433333333,0.0,0.2,0.166666667,0.166666667,0.066666667,0.6025996208190918,0.20772743225097656,0.5330702066421509,0.1300792545080185,0.3114358186721802,0.13607661426067352,0.3319563865661621,0.22470299899578094,0.7463330030441284,0.18212305009365082,0.13793455064296722,0.1455295979976654,0.042602259665727615,0.866729199886322,0.24729351699352264,0.18764768540859222,0.2550436556339264,0.09363504499197006,0.029984597116708755,0.43898260593414307,0.5468663573265076,0.0575563907623291,0.33754485845565796,0.1612008959054947,0.05470399931073189,0.23234601318836212,0.06609278917312622,0.015710758045315742,0.037949103862047195,0.26038551330566406,0.18515703082084656,0.029865965247154236,0.08660740405321121,0.1158796101808548,0.05629632622003555,0.4848201870918274,0.1571003794670105,0.052643533796072006,0.008572022430598736,0.1182902380824089,0.08429332822561264,0.19013693928718567,0.030811481177806854,0.18147127330303192,0.20233729481697083,0.44355103373527527,0.1425229161977768,0.5074845552444458,0.21824541687965393,0.15700727701187134,0.14305712282657623
AL120,0.633333333,0.0,0.666666667,2.066666667,0.633333333,0.433333333,0.433333333,0.166666667,0.366666667,0.0,0.0,0.133333333,0.0,1.7,0.233333333,0.733333333,0.533333333,0.133333333,0.0,0.5,0.966666667,0.0,0.366666667,0.0,0.0,0.066666667,0.0,0.166666667,0.0,0.033333333,0.366666667,0.0,0.0,0.1,0.0,0.3,0.133333333,0.0,0.0,0.0,0.1,0.0,0.0,0.133333333,0.3,0.2,0.0,0.0,0.2,0.0,0.166666667,0.5392805933952332,0.21142946183681488,0.46100321412086487,0.13530734181404114,0.4365793466567993,0.18311233818531036,0.3480704426765442,0.2172384113073349,0.6771401762962341,0.2705095708370209,0.11712679266929626,0.10107391327619553,0.03646459802985191,1.010520577430725,0.25127774477005005,0.2850140631198883,0.22265800833702087,0.09064047783613205,0.10029303282499313,0.5189124345779419,0.7042255997657776,0.09498661011457443,0.219059020280838,0.0922936499118805,0.030129563063383102,0.23300659656524658,0.0649695098400116,0.07274822890758514,0.1223454475402832,0.21426524221897125,0.18200558423995972,0.07016747444868088,0.09393274039030075,0.2508929371833801,0.06815135478973389,0.5666409730911255,0.1544501930475235,0.061856307089328766,0.019542159512639046,0.15253645181655884,0.1764771193265915,0.16467967629432678,0.13313357532024384,0.24555690586566925,0.1544674187898636,0.28452566266059875,0.14858300983905792,0.11241811513900757,0.22598618268966675,0.15315130352973938,0.16456091403961182
AL177,0.466666667,0.0,0.3,0.033333333,0.866666667,0.2,0.066666667,0.0,0.266666667,0.066666667,0.0,0.0,0.0,0.233333333,0.233333333,0.066666667,0.1,0.133333333,0.166666667,1.2,1.3,0.0,0.833333333,0.0,0.0,0.333333333,0.0,0.2,0.0,0.266666667,0.0,0.0,0.0,0.366666667,0.1,1.166666667,0.2,0.0,0.0,0.0,0.8,0.133333333,0.0,0.2,0.066666667,0.333333333,0.0,0.233333333,0.266666667,0.466666667,0.3,0.4292002022266388,0.20665273070335388,0.4098168611526489,0.09328281134366989,0.6648454666137695,0.19561082124710083,0.35020241141319275,0.21068546175956726,0.38489264249801636,0.16923744976520538,0.07531501352787018,0.06694108247756958,0.03182124346494675,0.5930880308151245,0.26056116819381714,0.20106558501720428,0.21418318152427673,0.12103218585252762,0.19215993583202362,0.7168603539466858,1.147706389427185,0.09270033240318298,0.5636885762214661,0.0899171382188797,0.034449778497219086,0.25964540243148804,0.07344122231006622,0.04770797863602638,0.04567081853747368,0.16264128684997559,0.13628356158733368,0.05343097820878029,0.08693616092205048,0.631168007850647,0.1370796114206314,0.6720168590545654,0.2372758984565735,0.09333811700344086,0.02032860927283764,0.20604121685028076,0.3527056872844696,0.1991843283176422,0.1380491405725479,0.21851268410682678,0.1960049420595169,0.2927323579788208,0.14665919542312622,0.1562337726354599,0.2612190544605255,0.21945320069789886,0.17965638637542725
AL200,0.566666667,0.133333333,0.566666667,0.233333333,0.766666667,0.333333333,0.3,0.0,0.166666667,0.133333333,0.0,0.0,0.0,0.566666667,0.266666667,0.066666667,0.266666667,0.1,0.166666667,0.066666667,0.0,0.1,0.2,0.1,0.0,0.133333333,0.0,0.0,0.0,0.333333333,0.333333333,0.266666667,0.2,0.333333333,0.333333333,1.633333333,0.333333333,0.033333333,0.0,0.233333333,0.233333333,0.3,0.133333333,0.066666667,0.066666667,0.166666667,0.0,0.0,0.433333333,0.2,0.733333333,0.6522094011306763,0.2017149180173874,0.4300882816314697,0.07013937830924988,0.32911014556884766,0.15650814771652222,0.3193027973175049,0.20870071649551392,0.5620729327201843,0.23914282023906708,0.05949437990784645,0.08568663895130157,0.044729724526405334,0.8155639171600342,0.25183433294296265,0.21494533121585846,0.17798709869384766,0.09575625509023666,0.08969258517026901,0.2699258327484131,0.22311846911907196,0.21123501658439636,0.2549167573451996,0.17321813106536865,0.047372326254844666,0.30147626996040344,0.13713569939136505,0.054823391139507294,0.2267996370792389,0.36101070046424866,0.16780515015125275,0.2640927731990814,0.1469237208366394,0.3360140025615692,0.19670557975769043,0.5842482447624207,0.2739101052284241,0.07965558767318726,0.07465892285108566,0.6022636890411377,0.2717357575893402,0.16173851490020752,0.3023914694786072,0.2160152941942215,0.1131596788764,0.39915525913238525,0.13721224665641785,0.22374795377254486,0.23331712186336517,0.17993314564228058,0.1857912540435791
AL231,0.5,0.0,0.6,2.233333333,0.466666667,0.033333333,0.3,0.566666667,0.633333333,0.066666667,0.0,0.0,0.0,1.933333333,0.833333333,0.833333333,0.2,0.0,0.0,0.066666667,0.166666667,0.066666667,0.233333333,0.133333333,0.233333333,0.1,0.033333333,0.1,0.1,0.033333333,0.133333333,0.0,0.0,0.166666667,0.0,0.433333333,0.0,0.0,0.066666667,0.133333333,0.0,0.0,0.0,0.0,0.533333333,0.1,0.0,0.133333333,0.0,0.166666667,0.0,0.5171563029289246,0.20752426981925964,0.48231324553489685,0.24492841958999634,0.4222792088985443,0.18555790185928345,0.41009601950645447,0.22253672778606415,0.6735683083534241,0.2523828148841858,0.13422103226184845,0.11882279813289642,0.042556557804346085,1.0635310411453247,0.25008606910705566,0.2810257077217102,0.22751310467720032,0.08636769652366638,0.09889771789312363,0.3411771357059479,0.3294885456562042,0.07605065405368805,0.21128368377685547,0.07618404924869537,0.023434113711118698,0.16222092509269714,0.05941856652498245,0.02736811153590679,0.11527825146913528,0.20667211711406708,0.16642093658447266,0.04475516825914383,0.0891648605465889,0.23885604739189148,0.054064344614744186,0.5435343384742737,0.1591629534959793,0.05318204313516617,0.02194938063621521,0.16820396482944489,0.19031575322151184,0.1697160303592682,0.16554506123065948,0.23566202819347382,0.2785375714302063,0.30031076073646545,0.1458403617143631,0.21243607997894287,0.23626571893692017,0.1724029928445816,0.15745031833648682
AL268,0.666666667,0.0,0.566666667,0.0,0.666666667,0.233333333,0.266666667,0.233333333,0.233333333,0.0,0.0,0.1,0.0,0.433333333,0.133333333,0.2,0.333333333,0.0,0.1,1.066666667,2.066666667,0.1,0.933333333,0.0,0.0,0.4,0.0,0.0,0.033333333,0.2,0.066666667,0.0,0.133333333,0.333333333,0.166666667,1.166666667,0.066666667,0.0,0.0,0.033333333,0.233333333,0.166666667,0.166666667,0.0,0.066666667,0.333333333,0.166666667,0.2,0.3,0.3,0.133333333,0.5244712829589844,0.2427188754081726,0.6103115677833557,0.19107197225093842,0.5734114050865173,0.19383633136749268,0.27734291553497314,0.24376986920833588,0.44840776920318604,0.1659706085920334,0.08296019583940506,0.12516608834266663,0.052548281848430634,0.9681709408760071,0.2651977241039276,0.2563900947570801,0.23976606130599976,0.160017728805542,0.11397255212068558,0.7857559323310852,1.030794620513916,0.11850770562887192,0.764500617980957,0.19131028652191162,0.048913173377513885,0.15865232050418854,0.07564103603363037,0.09180561453104019,0.059287700802087784,0.2077111303806305,0.17110121250152588,0.04392782598733902,0.08947189897298813,0.3774297833442688,0.12737509608268738,0.5401856303215027,0.1397719383239746,0.060486216098070145,0.006041211076080799,0.11284666508436203,0.2366747111082077,0.16904227435588837,0.06278641521930695,0.19905796647071838,0.20390070974826813,0.22148799896240234,0.14118033647537231,0.16461195051670074,0.23666900396347046,0.15368318557739258,0.09527888149023056
AL310,0.566666667,0.0,0.766666667,0.133333333,0.9,0.533333333,0.2,0.0,0.5,0.033333333,0.0,0.0,0.0,0.533333333,0.333333333,0.133333333,0.133333333,0.066666667,0.0,0.266666667,0.7,0.0,0.333333333,0.1,0.0,0.0,0.066666667,0.0,0.133333333,0.3,0.2,0.0,0.0,0.433333333,0.1,1.433333333,0.2,0.433333333,0.0,0.2,0.333333333,0.066666667,0.0,0.066666667,0.033333333,0.1,0.266666667,0.5,0.3,0.633333333,0.3,0.43327459692955017,0.1964409351348877,0.40517154335975647,0.07663154602050781,0.4173416793346405,0.1211104467511177,0.3303903341293335,0.2235032021999359,0.8499155044555664,0.18344047665596008,0.1470704972743988,0.12848180532455444,0.031065169721841812,1.1711524724960327,0.28371912240982056,0.311713308095932,0.23041076958179474,0.24442143738269806,0.12076105922460556,0.5552694797515869,0.7465525269508362,0.10565958172082901,0.3608231842517853,0.16693656146526337,0.05380682647228241,0.3997223675251007,0.06820181757211685,0.03635017201304436,0.05978180095553398,0.4680465757846832,0.27817466855049133,0.051462285220623016,0.09664427489042282,0.21318979561328888,0.04967496916651726,0.5135600566864014,0.15983279049396515,0.07358728349208832,0.008151700720191002,0.18200518190860748,0.16800904273986816,0.17328700423240662,0.15115003287792206,0.22926372289657593,0.12160662561655045,0.36804208159446716,0.14224545657634735,0.5382141470909119,0.22141912579536438,0.15879583358764648,0.15940241515636444
AL360,1.433333333,0.0,1.633333333,0.233333333,0.566666667,0.166666667,0.3,0.0,1.1,0.166666667,0.433333333,0.2,0.0,0.866666667,0.133333333,0.2,0.066666667,0.166666667,0.066666667,0.066666667,0.3,0.066666667,0.0,0.033333333,0.0,0.1,0.0,0.0,0.066666667,0.4,0.166666667,0.0,0.1,0.133333333,0.0,0.466666667,0.0,0.233333333,0.0,0.0,0.2,0.0,0.0,0.066666667,0.2,0.066666667,0.133333333,0.033333333,0.066666667,0.133333333,0.2,0.5109628438949585,0.21138258278369904,0.4695022702217102,0.05752354487776756,0.4220080077648163,0.17693884670734406,0.46646609902381897,0.22407977283000946,0.5735665559768677,0.18534769117832184,0.09171566367149353,0.13926956057548523,0.051105797290802,0.6292452216148376,0.24259288609027863,0.2138654887676239,0.18098008632659912,0.06466876715421677,0.08955895900726318,0.26817408204078674,0.2321481853723526,0.11875598877668381,0.1760702133178711,0.0802159458398819,0.034778982400894165,0.21733488142490387,0.06790736317634583,0.013550138100981712,0.04664411023259163,0.3243466913700104,0.19840401411056519,0.059975508600473404,0.10407096147537231,0.31147846579551697,0.149016335606575,0.6500306129455566,0.27114224433898926,0.2243594527244568,0.039013564586639404,0.27389100193977356,0.2693050503730774,0.1743844896554947,0.10493577271699905,0.2329646348953247,0.09853275120258331,0.3173525035381317,0.14784657955169678,0.18520255386829376,0.23542778193950653,0.23448839783668518,0.167159765958786
AL378,0.4,0.0,0.766666667,0.8,0.333333333,0.0,0.4,0.3,1.6,0.266666667,0.9,0.4,0.0,1.566666667,0.266666667,0.5,0.3,0.0,0.0,0.066666667,0.1,0.0,0.166666667,0.1,0.233333333,0.6,0.233333333,0.333333333,0.4,0.6,0.433333333,0.0,0.0,0.133333333,0.0,0.6,0.0,0.0,0.0,0.0,0.1,0.0,0.133333333,0.066666667,0.633333333,0.566666667,0.333333333,0.266666667,0.1,0.0,0.0,0.6906887888908386,0.19682811200618744,0.5034555792808533,0.23049654066562653,0.453599750995636,0.17890985310077667,0.3876805603504181,0.22632011771202087,0.8676515817642212,0.2325313240289688,0.2310265749692917,0.20644983649253845,0.05625606328248978,1.1360448598861694,0.2465181201696396,0.29058751463890076,0.22030900418758392,0.07717659324407578,0.06130412966012955,0.18142293393611908,0.25586533546447754,0.07448985427618027,0.1612262725830078,0.06764619052410126,0.02366545796394348,0.16207024455070496,0.07418093830347061,0.032437246292829514,0.19852297008037567,0.2868809401988983,0.2313017100095749,0.049510493874549866,0.0773218423128128,0.21919363737106323,0.027155309915542603,0.547126054763794,0.14637674391269684,0.05266550928354263,0.027457572519779205,0.1243499293923378,0.22190938889980316,0.16700676083564758,0.14298047125339508,0.2249125838279724,0.15912804007530212,0.2753239572048187,0.14745426177978516,0.12813568115234375,0.22448785603046417,0.15109051764011383,0.15185624361038208
AL389,0.833333333,0.233333333,0.733333333,0.166666667,0.7,0.166666667,0.3,0.1,0.166666667,0.066666667,0.166666667,0.0,0.0,0.566666667,0.166666667,0.0,0.266666667,0.0,0.166666667,0.866666667,1.266666667,0.133333333,0.9,0.133333333,0.0,0.266666667,0.166666667,0.0,0.2,0.3,0.333333333,0.066666667,0.133333333,0.3,0.066666667,1.2,0.0,0.0,0.0,0.0,0.366666667,0.2,0.166666667,0.0,0.1,0.0,0.166666667,0.033333333,0.466666667,0.333333333,0.2,0.47795620560646057,0.25319918990135193,0.49813368916511536,0.17422987520694733,0.48500391840934753,0.17134200036525726,0.3900376260280609,0.2266865223646164,0.6542367935180664,0.18067151308059692,0.11956559866666794,0.11058063060045242,0.03062302991747856,0.6342664957046509,0.24380825459957123,0.1826314479112625,0.21580864489078522,0.09789706021547318,0.10123726725578308,0.7466438412666321,0.9801890850067139,0.14043384790420532,0.5215181112289429,0.1617525964975357,0.03455524891614914,0.18843770027160645,0.07133503258228302,0.09301665425300598,0.096185103058815,0.2808070778846741,0.20022869110107422,0.06430184841156006,0.11748994886875153,0.4854797422885895,0.14937959611415863,0.6641245484352112,0.18718962371349335,0.10495731979608536,0.03815973922610283,0.2861415445804596,0.2909838557243347,0.22250646352767944,0.33018890023231506,0.17359007894992828,0.11553185433149338,0.2851881682872772,0.1477028876543045,0.09526275843381882,0.24406646192073822,0.2210056036710739,0.1735469102859497
AL397,0.8,0.133333333,0.9,0.0,1.1,0.3,0.4,0.4,0.066666667,0.166666667,0.0,0.0,0.0,0.133333333,0.2,0.033333333,0.3,0.233333333,0.166666667,0.566666667,1.366666667,0.0,0.733333333,0.0,0.0,0.2,0.0,0.1,0.1,0.4,0.3,0.133333333,0.166666667,0.5,0.133333333,1.533333333,0.133333333,0.0,0.0,0.0,0.4,0.033333333,0.0,0.0,0.0,0.1,0.133333333,0.233333333,0.566666667,0.066666667,0.4,0.48469996452331543,0.2221241295337677,0.40552619099617004,0.16546769440174103,0.3861718475818634,0.19060318171977997,0.30410003662109375,0.2737944424152374,0.3711225688457489,0.18071837723255157,0.05493422597646713,0.06545975804328918,0.028666282072663307,0.6276581287384033,0.2488446682691574,0.23268328607082367,0.2107541561126709,0.1346329301595688,0.20481885969638824,0.5955079793930054,0.8424142003059387,0.1751420497894287,0.46390673518180847,0.1746104508638382,0.03349633887410164,0.1660834401845932,0.12088844180107117,0.1377745270729065,0.267296701669693,0.2827112674713135,0.18176878988742828,0.5069175362586975,0.14987687766551971,0.39512524008750916,0.2545378804206848,0.5443233251571655,0.1776217818260193,0.0918503925204277,0.08072709292173386,0.676332414150238,0.29436787962913513,0.24552083015441895,0.1947040855884552,0.21227619051933289,0.21762791275978088,0.23156395554542542,0.14576119184494019,0.1070290133357048,0.24699892103672028,0.16656942665576935,0.09904886782169342
AL409,0.233333333,0.066666667,0.466666667,0.0,0.6,0.0,0.566666667,0.1,0.9,0.3,0.133333333,0.166666667,0.0,1.266666667,0.3,0.433333333,0.233333333,0.0,0.0,0.266666667,0.5,0.066666667,0.266666667,0.3,0.0,0.233333333,0.266666667,0.5,0.233333333,0.233333333,0.166666667,0.033333333,0.0,0.133333333,0.0,0.866666667,0.9,0.566666667,0.166666667,0.0,0.033333333,0.0,0.366666667,0.366666667,0.1,0.833333333,0.233333333,0.333333333,0.133333333,0.1,0.133333333,0.739695131778717,0.2507942020893097,0.48688486218452454,0.047885261476039886,0.5024803876876831,0.17363113164901733,0.41195785999298096,0.19612516462802887,0.77348792552948,0.16525058448314667,0.14954501390457153,0.13228361308574677,0.04798702150583267,0.8666871190071106,0.2662601172924042,0.3040841221809387,0.22187407314777374,0.09058178961277008,0.07701770961284637,0.6746425628662109,0.8304819464683533,0.12768268585205078,0.4105618894100189,0.1172163188457489,0.0459030382335186,0.2001703530550003,0.07844442129135132,0.06614183634519577,0.1250283271074295,0.3265036642551422,0.13758732378482819,0.16373836994171143,0.15622159838676453,0.3283189535140991,0.08905043452978134,0.5923011898994446,0.1271534413099289,0.08855929970741272,0.04779904708266258,0.20087094604969025,0.13349264860153198,0.1562688648700714,0.12869451940059662,0.19558067619800568,0.10297958552837372,0.26955750584602356,0.1455266922712326,0.09447459131479263,0.21781939268112183,0.19805647432804108,0.1580456644296646
AL454,0.366666667,0.0,0.533333333,0.133333333,0.533333333,0.2,0.733333333,0.366666667,0.866666667,0.433333333,0.0,0.0,0.0,1.166666667,0.366666667,0.433333333,0.133333333,0.0,0.0,0.166666667,0.333333333,0.0,0.466666667,0.433333333,0.266666667,0.433333333,0.0,0.133333333,0.233333333,0.433333333,0.233333333,0.0,0.0,0.2,0.066666667,0.933333333,0.8,0.5,0.066666667,0.1,0.2,0.266666667,0.033333333,0.1,0.166666667,1.0,0.266666667,0.333333333,0.033333333,0.0,0.133333333,0.6407106518745422,0.20196542143821716,0.441758930683136,0.10348226875066757,0.4561612606048584,0.1991296410560608,0.4534030258655548,0.23762719333171844,0.7049944400787354,0.2563692033290863,0.09711996465921402,0.11598507314920425,0.07646320760250092,1.0300383567810059,0.2753928601741791,0.2821202874183655,0.20192718505859375,0.10326969623565674,0.10592137277126312,0.3355981409549713,0.49262696504592896,0.07847295701503754,0.38961827754974365,0.09751033037900925,0.056141145527362823,0.26055318117141724,0.08349154889583588,0.03460110351443291,0.3556784391403198,0.3827301859855652,0.1373346596956253,0.04336170107126236,0.0817820206284523,0.35419952869415283,0.08727605640888214,0.6750889420509338,0.1604517102241516,0.0853830948472023,0.033874623477458954,0.18879471719264984,0.1836581826210022,0.1728128343820572,0.18932458758354187,0.2221917361021042,0.12002068012952805,0.3356901705265045,0.14785857498645782,0.14681054651737213,0.23315075039863586,0.18254300951957703,0.16003717482089996
AL538,0.433333333,0.0,0.3,0.066666667,0.333333333,0.0,0.8,0.266666667,0.366666667,0.1,0.0,0.066666667,0.0,1.066666667,0.333333333,0.233333333,0.233333333,0.1,0.066666667,0.166666667,0.133333333,0.1,0.0,0.0,0.0,0.4,0.3,0.133333333,0.9,1.233333333,0.833333333,0.0,0.166666667,0.2,0.066666667,1.133333333,0.466666667,0.0,0.066666667,0.2,0.0,0.0,0.533333333,0.1,0.0,0.733333333,0.0,0.0,0.0,0.0,0.0,0.6401172876358032,0.23468467593193054,0.47845759987831116,0.06932970136404037,0.24316176772117615,0.17126353085041046,0.3384910523891449,0.21829763054847717,0.8590511679649353,0.2571128308773041,0.22498607635498047,0.1307862401008606,0.057085346430540085,1.2471842765808105,0.2497614622116089,0.2776443660259247,0.19582036137580872,0.06689593940973282,0.05314959958195686,0.17000864446163177,0.2403797060251236,0.07589657604694366,0.20885393023490906,0.11678540706634521,0.03835142403841019,0.5163931250572205,0.08333397656679153,0.036627545952796936,0.4180845320224762,0.3844088912010193,0.335511177778244,0.08420313894748688,0.07802217453718185,0.2963036000728607,0.03985310345888138,0.5463582873344421,0.13222438097000122,0.05253658816218376,0.04723261296749115,0.14893019199371338,0.1851157546043396,0.1593298465013504,0.20826709270477295,0.20502497255802155,0.1262647807598114,0.35164138674736023,0.1432475447654724,0.2651028633117676,0.22833755612373352,0.15917518734931946,0.13677193224430084
AL581,1.633333333,0.166666667,0.7,0.233333333,0.8,0.2,0.333333333,0.233333333,0.2,0.1,0.033333333,0.0,0.0,0.466666667,0.0,0.233333333,0.4,0.066666667,0.066666667,0.633333333,2.0,0.0,0.933333333,0.0,0.0,0.4,0.0,0.066666667,0.133333333,0.266666667,0.2,0.066666667,0.033333333,0.266666667,0.1,0.7,0.033333333,0.0,0.0,0.033333333,0.233333333,0.033333333,0.0,0.166666667,0.0,0.2,0.0,0.133333333,0.233333333,0.0,0.266666667,0.5551255941390991,0.20586688816547394,0.46368858218193054,0.0559089258313179,0.4189252555370331,0.18333978950977325,0.4131006896495819,0.24186256527900696,0.5021755695343018,0.18164809048175812,0.1299751102924347,0.18874168395996094,0.061540279537439346,0.7764453291893005,0.2570720613002777,0.21797315776348114,0.21203428506851196,0.10192163288593292,0.08903077989816666,0.7494762539863586,1.0405138731002808,0.11175757646560669,0.5578315258026123,0.15697859227657318,0.05960237234830856,0.26158687472343445,0.08287913352251053,0.08300851285457611,0.12465880066156387,0.34591272473335266,0.1743500530719757,0.049202632158994675,0.09495434165000916,0.4373987913131714,0.1347510665655136,0.6765217781066895,0.2565905451774597,0.16429536044597626,0.024114130064845085,0.2559313178062439,0.17536012828350067,0.17050997912883759,0.1343877911567688,0.19935689866542816,0.1022619754076004,0.36411726474761963,0.14785857498645782,0.36665067076683044,0.2346585988998413,0.2348679006099701,0.1406501829624176
AL613,0.9,0.166666667,1.1,0.266666667,0.6,0.266666667,0.366666667,0.1,0.133333333,0.0,0.0,0.0,0.0,0.4,0.166666667,0.033333333,0.266666667,0.033333333,0.133333333,0.2,0.933333333,0.0,0.666666667,0.0,0.0,0.833333333,0.133333333,0.0,0.6,0.733333333,0.5,0.033333333,0.0,0.133333333,0.133333333,1.6,0.033333333,0.1,0.0,0.033333333,0.366666667,0.066666667,0.366666667,0.133333333,0.066666667,0.266666667,0.4,0.166666667,0.1,0.0,0.266666667,0.6307825446128845,0.22797970473766327,0.4908312261104584,0.15621128678321838,0.5042737722396851,0.20668642222881317,0.411660760641098,0.215983048081398,0.6727543473243713,0.21084187924861908,0.18626289069652557,0.19859199225902557,0.06423730403184891,0.7004328966140747,0.24253852665424347,0.22335466742515564,0.20137538015842438,0.05145801603794098,0.10606011748313904,0.6328539252281189,0.7018910050392151,0.14767417311668396,0.3530571162700653,0.28231295943260193,0.03840829059481621,0.37179645895957947,0.09849827736616135,0.10643158853054047,0.2297443002462387,0.3503173291683197,0.23825612664222717,0.4423387050628662,0.2169889658689499,0.3544757664203644,0.1351773738861084,0.6616157293319702,0.1900557428598404,0.1606084406375885,0.11031079292297363,0.4468396306037903,0.19584234058856964,0.17041321098804474,0.1797257959842682,0.2071084976196289,0.13958576321601868,0.31383123993873596,0.15009033679962158,0.09674133360385895,0.23153188824653625,0.20898331701755524,0.18467199802398682
AL679,0.233333333,0.066666667,0.433333333,0.1,0.366666667,0.333333333,0.366666667,0.066666667,0.333333333,0.933333333,0.0,0.1,0.0,0.666666667,0.0,0.2,0.033333333,0.0,0.133333333,0.0,0.133333333,0.0,0.033333333,0.0,0.0,0.166666667,0.0,0.0,0.0,0.4,0.133333333,0.1,0.333333333,0.033333333,0.1,0.766666667,1.166666667,1.166666667,0.2,0.6,0.2,0.0,0.566666667,0.233333333,0.1,0.666666667,0.4,0.133333333,0.1,0.233333333,0.1,0.6814831495285034,0.1974860429763794,0.4337819814682007,0.09127587825059891,0.43162304162979126,0.18088772892951965,0.48229289054870605,0.19704221189022064,0.7040389180183411,0.25638309121131897,0.11882732808589935,0.09873830527067184,0.03295794501900673,0.9119099974632263,0.22897662222385406,0.25959038734436035,0.2061588615179062,0.08442731946706772,0.13608048856258392,0.26610666513442993,0.2441624104976654,0.11752522736787796,0.23492281138896942,0.103692926466465,0.034783173352479935,0.2773630917072296,0.0867794007062912,0.04265934228897095,0.2531249225139618,0.3681330978870392,0.20124365389347076,0.1350506693124771,0.1411375105381012,0.30480000376701355,0.07658741623163223,0.6438570618629456,0.19354347884655,0.08745050430297852,0.09161865711212158,0.25818464159965515,0.248979851603508,0.15338177978992462,0.2603001296520233,0.23575520515441895,0.11337428539991379,0.35470208525657654,0.1399974524974823,0.11569955945014954,0.21910949051380157,0.19563448429107666,0.1800115406513214
AL694,0.266666667,0.133333333,0.533333333,0.266666667,0.3,0.433333333,1.066666667,0.066666667,1.566666667,0.8,0.933333333,0.533333333,0.166666667,1.6,0.133333333,0.5,0.233333333,0.133333333,0.0,0.033333333,0.033333333,0.0,0.233333333,0.066666667,0.0,0.4,0.0,0.0,0.233333333,0.1,0.366666667,0.0,0.0,0.266666667,0.0,0.5,0.333333333,0.0,0.0,0.0,0.066666667,0.133333333,0.0,0.0,0.0,0.233333333,0.133333333,0.266666667,0.266666667,0.133333333,0.0,0.6227085590362549,0.21756568551063538,0.446093887090683,0.0747448205947876,0.4574846923351288,0.186102956533432,0.3085094392299652,0.20891885459423065,0.7656047344207764,0.17129579186439514,0.16785934567451477,0.16292355954647064,0.04838956147432327,1.1007827520370483,0.2640725374221802,0.31245893239974976,0.20036208629608154,0.050913430750370026,0.07030589133501053,0.2696393132209778,0.33867114782333374,0.08415144681930542,0.2574528455734253,0.0835319235920906,0.03822709247469902,0.2113310694694519,0.0731678381562233,0.03472542390227318,0.12532851099967957,0.3660520911216736,0.1608687937259674,0.029266217723488808,0.08603864908218384,0.2238970696926117,0.06405233591794968,0.548231840133667,0.13594184815883636,0.09993186593055725,0.030373943969607353,0.13194771111011505,0.10677158087491989,0.1532602161169052,0.1328592449426651,0.2263309508562088,0.11322832852602005,0.3660466969013214,0.1416274756193161,0.26305270195007324,0.22533461451530457,0.16618412733078003,0.1678052693605423
AL822,1.566666667,0.033333333,0.8,0.0,0.433333333,0.433333333,1.133333333,0.166666667,0.633333333,0.933333333,0.0,0.0,0.0,0.866666667,0.066666667,0.2,0.0,0.033333333,0.0,0.366666667,0.333333333,0.0,0.066666667,0.0,0.066666667,0.0,0.0,0.0,0.0,0.233333333,0.066666667,0.0,0.1,0.166666667,0.0,0.633333333,0.3,0.033333333,0.0,0.0,0.0,0.066666667,0.0,0.066666667,0.166666667,0.166666667,0.366666667,0.0,0.1,0.366666667,0.133333333,0.6952551007270813,0.20534059405326843,0.491327166557312,0.09693892300128937,0.50602126121521,0.18756087124347687,0.5305514335632324,0.22941306233406067,0.8521901369094849,0.23817962408065796,0.18232698738574982,0.15469621121883392,0.09346354007720947,1.0421950817108154,0.2509555220603943,0.2656358480453491,0.21235539019107819,0.06313487142324448,0.06746426969766617,0.3247664272785187,0.3600527346134186,0.0913492813706398,0.22760038077831268,0.09043873101472855,0.03643658012151718,0.2647724151611328,0.06817758828401566,0.020156346261501312,0.1742873191833496,0.34497952461242676,0.1923864632844925,0.06011577323079109,0.10165345668792725,0.2994002401828766,0.10852760076522827,0.6405017971992493,0.17745164036750793,0.05580977350473404,0.03375601768493652,0.22099682688713074,0.20889826118946075,0.17203167080879211,0.1343546062707901,0.22078998386859894,0.10367651283740997,0.2912146747112274,0.14785857498645782,0.1507927030324936,0.23542778193950653,0.2306087464094162,0.1539599895477295
AL933,0.4,0.0,0.566666667,0.133333333,0.233333333,0.133333333,0.933333333,0.1,1.1,1.233333333,0.066666667,0.3,0.0,1.0,0.266666667,0.233333333,0.0,0.0,0.0,0.066666667,0.166666667,0.0,0.2,0.133333333,0.0,0.333333333,0.066666667,0.0,0.2,0.566666667,0.433333333,0.0,0.0,0.333333333,0.166666667,0.733333333,0.533333333,0.0,0.2,0.133333333,0.066666667,0.2,0.133333333,0.266666667,0.133333333,0.3,0.233333333,0.266666667,0.3,0.266666667,0.066666667,0.539477527141571,0.2004798799753189,0.5250306725502014,0.3026202917098999,0.32257720828056335,0.19078662991523743,0.4254748523235321,0.23804296553134918,0.9816698431968689,0.3058910369873047,0.2661495506763458,0.2193170189857483,0.054541852325201035,1.2325128316879272,0.25449007749557495,0.2700643241405487,0.22551962733268738,0.045893460512161255,0.043551553040742874,0.14627116918563843,0.2381993979215622,0.05846681818366051,0.19357363879680634,0.09169384837150574,0.036787256598472595,0.2383376508951187,0.07251826673746109,0.04258104786276817,0.34064918756484985,0.3208683431148529,0.2541491985321045,0.03721398115158081,0.08803191035985947,0.22375409305095673,0.04051075503230095,0.5710794925689697,0.1530640572309494,0.05237584561109543,0.03652393817901611,0.12906768918037415,0.16483648121356964,0.16338583827018738,0.19586247205734253,0.23188334703445435,0.1654970794916153,0.3839970529079437,0.14214588701725006,0.22354131937026978,0.23020991683006287,0.15411360561847687,0.1478259563446045
AL944,0.833333333,0.166666667,0.7,0.9,0.466666667,0.5,0.433333333,0.033333333,0.266666667,1.066666667,0.133333333,0.0,0.0,0.533333333,0.033333333,0.1,0.2,0.0,0.033333333,0.133333333,0.233333333,0.0,0.166666667,0.066666667,0.0,0.1,0.0,0.0,0.0,0.3,0.266666667,0.0,0.0,0.233333333,0.133333333,0.666666667,0.633333333,0.333333333,0.2,0.333333333,0.233333333,0.0,0.1,0.333333333,0.2,0.133333333,0.0,0.066666667,0.1,0.066666667,0.133333333,0.5762868523597717,0.2099926769733429,0.4762299060821533,0.2107766568660736,0.4947197437286377,0.1657082736492157,0.3767682611942291,0.23451408743858337,0.5366573333740234,0.20482200384140015,0.1418055146932602,0.09452694654464722,0.04024118930101395,0.8701967597007751,0.25580403208732605,0.21581138670444489,0.1743423044681549,0.06534704566001892,0.09217876940965652,0.3377484381198883,0.4419023096561432,0.11408062279224396,0.2756245732307434,0.10826777666807175,0.038081344217061996,0.27946171164512634,0.08573347330093384,0.0704021006822586,0.1724442094564438,0.27898672223091125,0.16774094104766846,0.18854302167892456,0.17116382718086243,0.2869649827480316,0.09237953275442123,0.63620924949646,0.21873991191387177,0.10204187035560608,0.06628642976284027,0.24365010857582092,0.1692637801170349,0.1694468855857849,0.19593267142772675,0.21993739902973175,0.18428650498390198,0.307597815990448,0.14072883129119873,0.1170770525932312,0.22841940820217133,0.20700931549072266,0.2028033435344696
AM431,0.233333333,0.166666667,0.466666667,0.233333333,0.4,0.066666667,0.2,0.0,0.933333333,0.3,0.466666667,0.333333333,0.0,1.2,0.0,0.233333333,0.1,0.033333333,0.0,0.4,0.433333333,0.3,0.233333333,0.033333333,0.066666667,0.066666667,0.1,0.1,0.5,0.466666667,0.1,0.233333333,1.533333333,0.266666667,0.066666667,0.566666667,0.0,0.0,0.0,0.0,0.066666667,0.0,0.0,0.133333333,0.166666667,0.2,0.0,0.066666667,0.1,0.0,0.3,0.49725833535194397,0.20037396252155304,0.404645174741745,0.12930184602737427,0.23678594827651978,0.15572400391101837,0.37908342480659485,0.25057563185691833,1.1503515243530273,0.20496419072151184,0.3261585831642151,0.3693827986717224,0.08105117082595825,1.4075394868850708,0.2561541497707367,0.30190950632095337,0.22032925486564636,0.04196175932884216,0.04949717968702316,0.15547767281532288,0.13788257539272308,0.06730726361274719,0.12418823689222336,0.06463687866926193,0.050802331417798996,0.2236572653055191,0.09023356437683105,0.06000237911939621,0.31121066212654114,0.27225261926651,0.3884403109550476,0.057349611073732376,0.08188579976558685,0.09139824658632278,0.04877643287181854,0.5376507639884949,0.17067860066890717,0.053317923098802567,0.03295945003628731,0.14712421596050262,0.1893249750137329,0.1623917669057846,0.1360338181257248,0.22465433180332184,0.163229301571846,0.32470107078552246,0.1419370174407959,0.26532071828842163,0.23770999908447266,0.13663846254348755,0.14991992712020874
AM911,0.666666667,0.0,0.466666667,0.033333333,0.633333333,0.1,0.433333333,0.266666667,0.2,0.066666667,0.0,0.0,0.0,0.633333333,0.133333333,0.133333333,0.0,0.0,0.066666667,1.333333333,1.5,0.533333333,0.6,0.066666667,0.0,0.0,0.0,0.2,0.2,0.366666667,0.133333333,0.266666667,0.433333333,0.733333333,0.1,0.6,0.033333333,0.0,0.033333333,0.0,0.066666667,0.0,0.166666667,0.033333333,0.066666667,0.066666667,0.2,0.066666667,0.066666667,0.0,0.066666667,0.47264930605888367,0.21200548112392426,0.5670305490493774,0.4169282019138336,0.5338630676269531,0.17847460508346558,0.6472267508506775,0.4304893910884857,0.744454562664032,0.1684110313653946,0.21284393966197968,0.24532416462898254,0.10394314676523209,1.3007088899612427,0.26387280225753784,0.34267091751098633,0.22081510722637177,0.07812130451202393,0.04582029953598976,0.38441234827041626,0.9002609848976135,0.07442343980073929,0.32290467619895935,0.07019567489624023,0.04705860838294029,0.17150428891181946,0.10750933736562729,0.07287941873073578,0.10482286661863327,0.3168359696865082,0.2265280783176422,0.07393637299537659,0.12872092425823212,0.14042255282402039,0.04014679044485092,0.5380614399909973,0.11675984412431717,0.054202601313591,0.026521233841776848,0.15490733087062836,0.24563126266002655,0.17629149556159973,0.15842211246490479,0.22045008838176727,0.3295004069805145,0.21048235893249512,0.1418788582086563,0.19858530163764954,0.2141251266002655,0.17382456362247467,0.08965868502855301
AM969,0.366666667,0.0,0.533333333,0.133333333,0.133333333,0.2,0.333333333,0.4,0.3,0.066666667,0.0,0.0,0.0,0.733333333,0.4,0.3,0.5,0.2,0.166666667,0.7,0.233333333,1.066666667,0.166666667,0.366666667,0.0,0.0,0.266666667,0.033333333,1.1,0.266666667,0.3,0.233333333,1.566666667,0.2,0.3,0.466666667,0.033333333,0.0,0.033333333,0.1,0.1,0.0,0.0,0.0,0.3,0.233333333,0.166666667,0.166666667,0.0,0.0,0.033333333,0.4418284595012665,0.23629207909107208,0.5654263496398926,0.30137157440185547,0.5502282977104187,0.2011370062828064,0.6480448246002197,0.4027320146560669,0.8679238557815552,0.21163806319236755,0.33291539549827576,0.21936476230621338,0.07428143173456192,1.3315762281417847,0.2642784118652344,0.34160104393959045,0.24384307861328125,0.12902982532978058,0.03592652082443237,0.36268454790115356,0.35972824692726135,0.07192292809486389,0.21969455480575562,0.1145118921995163,0.054508209228515625,0.19207729399204254,0.09264177083969116,0.05303044989705086,0.13152503967285156,0.2496798038482666,0.32639989256858826,0.06414724886417389,0.12121187895536423,0.16758406162261963,0.044223688542842865,0.5550501942634583,0.11135474592447281,0.05453455075621605,0.01402909867465496,0.1875661015510559,0.20738624036312103,0.1484256088733673,0.15350013971328735,0.22565989196300507,0.1403360366821289,0.24159830808639526,0.14295141398906708,0.1748557686805725,0.2240021973848343,0.16541987657546997,0.07480267435312271
AO060,0.5,0.0,0.833333333,0.1,1.166666667,0.433333333,0.2,0.366666667,0.266666667,0.033333333,0.0,0.0,0.0,0.6,0.266666667,0.2,0.4,0.3,0.066666667,0.433333333,0.8,0.0,0.733333333,0.0,0.0,0.066666667,0.0,0.0,0.0,0.266666667,0.133333333,0.066666667,0.0,0.933333333,0.0,1.366666667,0.233333333,0.0,0.033333333,0.366666667,0.333333333,0.266666667,0.0,0.3,0.2,0.166666667,0.233333333,0.2,0.733333333,0.733333333,0.0,0.4208371043205261,0.19755376875400543,0.519686758518219,0.3035159111022949,0.8402158617973328,0.30159392952919006,0.5634876489639282,0.32653161883354187,0.5398542284965515,0.1935422420501709,0.08205546438694,0.09481872618198395,0.0633324459195137,1.1342703104019165,0.2907969653606415,0.349800705909729,0.26760992407798767,0.2137986570596695,0.10119591653347015,0.4077991545200348,0.5829429030418396,0.08538530766963959,0.22563867270946503,0.06684014946222305,0.046559661626815796,0.15584348142147064,0.11645926535129547,0.0216983612626791,0.08669625222682953,0.22722144424915314,0.11955771595239639,0.04375713691115379,0.08712786436080933,0.3374825119972229,0.08205445110797882,0.6295623183250427,0.15779341757297516,0.05408472195267677,0.012619946151971817,0.10697096586227417,0.3208281397819519,0.1746271699666977,0.09327661246061325,0.22546632587909698,0.35261431336402893,0.2809939682483673,0.14245042204856873,0.2953909635543823,0.2361653447151184,0.15903593599796295,0.16518118977546692
AO074,0.633333333,0.0,0.8,0.566666667,0.5,0.233333333,0.433333333,0.566666667,0.533333333,0.066666667,0.1,0.233333333,0.0,1.0,0.266666667,0.2,0.133333333,0.033333333,0.066666667,1.2,1.933333333,0.133333333,1.066666667,0.0,0.066666667,0.066666667,0.133333333,0.066666667,0.166666667,0.2,0.0,0.0,0.0,0.433333333,0.0,0.966666667,0.166666667,0.0,0.0,0.133333333,0.1,0.066666667,0.0,0.366666667,0.1,0.033333333,0.2,0.0,0.1,0.166666667,0.0,0.38419291377067566,0.19755321741104126,0.47579288482666016,0.2528333365917206,0.6214709281921387,0.17286694049835205,0.3383431136608124,0.32432791590690613,0.6039109826087952,0.17341408133506775,0.17549079656600952,0.2324938029050827,0.056617651134729385,1.1999201774597168,0.28815343976020813,0.33070024847984314,0.25221240520477295,0.16688945889472961,0.0803636759519577,0.5710521936416626,0.48858922719955444,0.06771878898143768,0.3908332288265228,0.0775601789355278,0.0625227838754654,0.1363937258720398,0.09385418891906738,0.08291778713464737,0.10433527827262878,0.185028538107872,0.24267616868019104,0.04158519208431244,0.07327452301979065,0.2622888386249542,0.031103646382689476,0.5354472994804382,0.1280606985092163,0.053686659783124924,0.0070754108019173145,0.10052923858165741,0.23966048657894135,0.1604301482439041,0.10091579705476761,0.21223920583724976,0.24438470602035522,0.2666352093219757,0.1398405134677887,0.517121434211731,0.21776776015758514,0.16572807729244232,0.09299658983945847
AO083,0.4,0.0,0.6,2.3,0.166666667,0.3,0.333333333,0.1,0.9,0.0,0.133333333,0.4,0.133333333,1.266666667,0.466666667,0.366666667,0.2,0.0,0.0,0.633333333,0.233333333,0.566666667,0.0,0.0,0.033333333,0.433333333,0.033333333,0.0,0.0,0.2,0.1,0.166666667,1.5,0.066666667,0.1,0.233333333,0.133333333,0.0,0.0,0.033333333,0.1,0.0,0.0,0.266666667,0.633333333,0.233333333,0.266666667,0.0,0.0,0.3,0.0,0.4122844338417053,0.2284424901008606,0.5030151605606079,0.40838685631752014,0.3099542558193207,0.17897191643714905,0.4895983338356018,0.2668292820453644,1.1554677486419678,0.1787477433681488,0.5310395359992981,0.34342479705810547,0.12624911963939667,1.3374955654144287,0.2298358529806137,0.21424058079719543,0.207431823015213,0.05159478634595871,0.02478695474565029,0.06937862932682037,0.1418491005897522,0.07225996255874634,0.08627459406852722,0.04324416443705559,0.0347416028380394,0.12010771036148071,0.08257215470075607,0.019089020788669586,0.09215225279331207,0.3344039022922516,0.34985020756721497,0.055578671395778656,0.09273514896631241,0.11356160789728165,0.03649256005883217,0.44929060339927673,0.11839430034160614,0.05351082608103752,0.043772075325250626,0.1762210726737976,0.13148140907287598,0.15776655077934265,0.06766796112060547,0.24014879763126373,0.24459117650985718,0.2585311233997345,0.13670064508914948,0.19383135437965393,0.22406978905200958,0.14078155159950256,0.11491278558969498
AO208,0.333333333,0.0,0.233333333,0.066666667,0.266666667,0.0,0.233333333,0.066666667,0.7,0.1,0.1,0.1,0.066666667,0.6,0.433333333,0.266666667,0.1,0.033333333,0.0,0.766666667,0.333333333,0.633333333,0.233333333,0.133333333,0.0,0.0,0.966666667,0.1,0.866666667,1.0,0.466666667,0.6,1.4,0.5,0.333333333,1.433333333,0.233333333,0.233333333,0.533333333,1.066666667,0.033333333,0.1,0.2,0.0,0.166666667,0.4,0.133333333,0.0,0.133333333,0.0,0.0,0.376309871673584,0.1974860429763794,0.45409029722213745,0.3001471757888794,0.37111976742744446,0.2205050140619278,0.4047715961933136,0.25381776690483093,1.11636483669281,0.1882413923740387,0.35356706380844116,0.3167571723461151,0.08012403547763824,1.2455061674118042,0.27752938866615295,0.32556724548339844,0.2228371798992157,0.08602964133024216,0.04051593691110611,0.16173480451107025,0.1364232748746872,0.09505090117454529,0.15096406638622284,0.14462114870548248,0.05013049766421318,0.2675990164279938,0.21239912509918213,0.05792006850242615,0.6018294095993042,0.40878477692604065,0.4187062680721283,0.2642956078052521,0.17841051518917084,0.14471904933452606,0.16245968639850616,0.5404040813446045,0.13665148615837097,0.07887256145477295,0.30535197257995605,0.6850271821022034,0.15958255529403687,0.16032171249389648,0.1114908903837204,0.21683931350708008,0.3638911843299866,0.2820037603378296,0.13797108829021454,0.2250664383172989,0.2159295380115509,0.1373276710510254,0.08074603974819183
AO276,0.466666667,0.0,0.233333333,0.066666667,0.133333333,0.066666667,0.366666667,0.1,0.066666667,0.0,0.1,0.0,0.0,1.0,0.4,0.466666667,0.366666667,0.233333333,0.1,0.966666667,0.433333333,1.3,0.3,1.033333333,0.0,0.3,0.066666667,0.4,0.6,0.366666667,0.466666667,0.766666667,0.9,0.166666667,0.5,0.233333333,0.0,0.4,0.133333333,1.0,0.0,0.233333333,0.266666667,0.133333333,0.133333333,0.333333333,0.0,0.0,0.0,0.2,0.0,0.32143688201904297,0.1964409351348877,0.3736765682697296,0.18188807368278503,0.2922065854072571,0.15416382253170013,0.2729026973247528,0.30475643277168274,0.6847906708717346,0.1651456505060196,0.15712560713291168,0.16104641556739807,0.04700686037540436,0.9041604995727539,0.2828703224658966,0.41612541675567627,0.4535074532032013,0.1277504861354828,0.2369045466184616,0.299161434173584,0.3019336462020874,0.2593274712562561,0.2880720794200897,0.2621355950832367,0.032326024025678635,0.15586836636066437,0.2640823423862457,0.08354505896568298,0.4158006012439728,0.3389486074447632,0.2472412884235382,0.5666009187698364,0.1815313696861267,0.2250485122203827,0.19841375946998596,0.505155086517334,0.12966583669185638,0.12273165583610535,0.11073531210422516,0.6035680770874023,0.1811773180961609,0.22931236028671265,0.1311217099428177,0.27552834153175354,0.16346748173236847,0.19710250198841095,0.13777996599674225,0.292280375957489,0.2439979463815689,0.16686251759529114,0.09242310374975204
AO456,0.533333333,0.0,0.3,0.2,0.166666667,0.4,1.366666667,0.266666667,1.733333333,0.166666667,0.4,0.8,0.166666667,1.233333333,0.266666667,0.3,0.0,0.0,0.0,0.0,0.0,0.0,0.066666667,0.133333333,0.0,0.0,0.1,0.0,0.0,0.433333333,0.766666667,0.033333333,0.0,0.0,0.0,0.066666667,0.466666667,0.0,0.0,0.0,0.066666667,0.033333333,0.0,0.366666667,0.0,0.2,0.666666667,1.266666667,0.3,0.133333333,0.0,0.3662858307361603,0.19946648180484772,0.5047580003738403,0.1564551442861557,0.46716445684432983,0.1976657658815384,0.5572510361671448,0.272481769323349,1.3214406967163086,0.20919834077358246,0.4390625059604645,0.5672965049743652,0.10654556751251221,1.4210766553878784,0.28988850116729736,0.33787819743156433,0.22743205726146698,0.05877051129937172,0.017960594967007637,0.11730172485113144,0.20340384542942047,0.04839804023504257,0.0772261992096901,0.11876324564218521,0.06581619381904602,0.18157771229743958,0.10232499986886978,0.05664065480232239,0.09981821477413177,0.23838891088962555,0.319305956363678,0.049331191927194595,0.10207027196884155,0.0534348264336586,0.05429670587182045,0.442486047744751,0.12195976078510284,0.05274956300854683,0.011201433837413788,0.10143456608057022,0.08671069145202637,0.16109417378902435,0.04407864809036255,0.21966016292572021,0.1943511962890625,0.26728808879852295,0.13959048688411713,0.2303916960954666,0.23235616087913513,0.16628523170948029,0.10414066165685654
AO482,0.733333333,0.0,0.666666667,0.233333333,1.3,0.166666667,0.833333333,0.8,0.0,0.0,0.0,0.0,0.0,0.8,0.466666667,0.3,0.233333333,0.1,0.0,0.766666667,0.933333333,0.066666667,1.1,0.066666667,0.0,0.233333333,0.0,0.0,0.0,0.033333333,0.166666667,0.133333333,0.0,0.933333333,0.0,1.4,0.066666667,0.0,0.0,0.0,0.333333333,0.166666667,0.0,0.1,0.066666667,0.0,0.0,0.1,0.166666667,0.2,0.1,0.363260954618454,0.19755321741104126,0.4536132514476776,0.23076564073562622,0.7449564337730408,0.17895790934562683,0.32101118564605713,0.3113865256309509,0.4406971037387848,0.16700656712055206,0.08392606675624847,0.19863943755626678,0.10413775593042374,0.8282433152198792,0.32175159454345703,0.33904340863227844,0.42659997940063477,0.27060484886169434,0.1549757421016693,0.4838773012161255,0.9397389888763428,0.10757411271333694,0.4694002866744995,0.11248574405908585,0.09625863283872604,0.26749616861343384,0.08920224756002426,0.09330026805400848,0.022045299410820007,0.14185789227485657,0.09737446159124374,0.06030353158712387,0.08941533416509628,0.28630176186561584,0.04901671037077904,0.6106618642807007,0.14216770231723785,0.0552721805870533,0.006857484113425016,0.10296814143657684,0.22608721256256104,0.26009947061538696,0.059717655181884766,0.2716263234615326,0.19311630725860596,0.18166901171207428,0.1463743895292282,0.2949119508266449,0.24981951713562012,0.1799582988023758,0.12075310200452805
AO500,0.1,0.0,0.5,0.3,0.1,0.133333333,0.233333333,0.6,0.1,0.0,0.0,0.0,0.0,1.366666667,0.6,0.833333333,0.3,0.5,0.9,0.6,0.566666667,0.333333333,0.4,0.233333333,0.0,0.266666667,0.066666667,0.2,0.2,0.4,0.1,0.433333333,1.833333333,0.233333333,0.0,0.333333333,0.266666667,0.0,0.033333333,0.066666667,0.233333333,0.0,0.066666667,0.166666667,0.166666667,0.2,0.033333333,0.166666667,0.1,0.0,0.0,0.34463968873023987,0.19773119688034058,0.376957505941391,0.18627779185771942,0.3495508134365082,0.15889272093772888,0.3506452143192291,0.3216670751571655,0.7406946420669556,0.18193677067756653,0.12950849533081055,0.1787574291229248,0.046371303498744965,1.5033354759216309,0.3292666971683502,0.4124096632003784,0.37787488102912903,0.3691547214984894,0.18741674721240997,0.3688156306743622,0.25858667492866516,0.15194803476333618,0.16994260251522064,0.17724893987178802,0.08081214874982834,0.35423338413238525,0.16225965321063995,0.07635655254125595,0.12784631550312042,0.17742052674293518,0.17099718749523163,0.12418488413095474,0.08675049990415573,0.14323808252811432,0.03109820745885372,0.5547400712966919,0.12633365392684937,0.054896291345357895,0.03753409907221794,0.25579333305358887,0.26407590508461,0.17675171792507172,0.0851617231965065,0.2523624897003174,0.14102321863174438,0.2785748541355133,0.13907276093959808,0.44754207134246826,0.24674972891807556,0.15401698648929596,0.08581258356571198
AO742,0.3,0.0,0.533333333,1.333333333,0.4,0.3,0.133333333,0.3,0.066666667,0.1,0.166666667,0.0,0.0,1.866666667,0.8,0.533333333,0.933333333,0.666666667,0.166666667,0.333333333,0.433333333,0.433333333,0.1,0.066666667,0.033333333,0.066666667,0.0,0.1,0.133333333,0.433333333,0.1,0.3,1.466666667,0.033333333,0.0,0.133333333,0.333333333,0.0,0.166666667,0.1,0.166666667,0.133333333,0.266666667,0.333333333,0.5,0.333333333,0.033333333,0.033333333,0.233333333,0.166666667,0.066666667,0.3279886245727539,0.20048318803310394,0.4296543598175049,0.9910547137260437,0.3557327687740326,0.2089865356683731,0.339140921831131,0.3056003451347351,0.47094836831092834,0.1975466012954712,0.13755857944488525,0.10384286195039749,0.044664036482572556,1.1578677892684937,0.284983366727829,0.3715345561504364,0.5065401196479797,0.29108306765556335,0.16506998240947723,0.24051408469676971,0.17886358499526978,0.09926727414131165,0.11869785934686661,0.17322441935539246,0.04753505066037178,0.12871365249156952,0.16957932710647583,0.039649587124586105,0.1177164614200592,0.16032810509204865,0.1354137510061264,0.07459539920091629,0.07752685248851776,0.09581325948238373,0.024038473144173622,0.4765283465385437,0.16426993906497955,0.060449033975601196,0.03563624247908592,0.2101612389087677,0.2756923735141754,0.1926875114440918,0.08550936728715897,0.34376972913742065,0.6170288324356079,0.40866363048553467,0.14127668738365173,0.5827741026878357,0.2430373877286911,0.16442787647247314,0.09106282144784927
AO865,0.8,0.0,1.066666667,0.5,0.766666667,0.466666667,2.0,0.633333333,0.6,0.166666667,0.2,0.4,0.166666667,1.5,0.366666667,0.4,0.6,0.0,0.133333333,0.066666667,0.3,0.0,0.0,0.066666667,0.0,0.066666667,0.066666667,0.0,0.0,0.233333333,0.566666667,0.0,0.066666667,0.533333333,0.0,0.4,0.033333333,0.0,0.0,0.1,0.1,0.466666667,0.033333333,0.433333333,0.2,0.066666667,0.266666667,0.3,0.333333333,0.333333333,0.066666667,0.3621811270713806,0.1964409351348877,0.45677879452705383,0.2963736057281494,0.467747300863266,0.1618904173374176,0.4419722557067871,0.3024340867996216,0.7436303496360779,0.16858278214931488,0.19016166031360626,0.2674817442893982,0.08695340901613235,1.2802608013153076,0.33699506521224976,0.39355599880218506,0.24871736764907837,0.1195283830165863,0.04821157455444336,0.2866354286670685,0.4031289517879486,0.0787137895822525,0.23121020197868347,0.09283167868852615,0.056588951498270035,0.16546238958835602,0.31110700964927673,0.11377737671136856,0.3292752206325531,0.29291385412216187,0.28386005759239197,0.20695313811302185,0.13715189695358276,0.2035089135169983,0.06504572927951813,0.5314552783966064,0.13258987665176392,0.05802978575229645,0.07662052661180496,0.2459838092327118,0.21962249279022217,0.16012850403785706,0.06297282874584198,0.21374672651290894,0.2694847881793976,0.21906138956546783,0.13959048688411713,0.26593631505966187,0.24075458943843842,0.1594293862581253,0.0786658525466919
AO870,0.4,0.0,0.466666667,0.366666667,0.066666667,0.0,0.166666667,0.233333333,0.666666667,0.066666667,0.066666667,0.5,0.1,1.033333333,0.4,0.3,0.0,0.066666667,0.066666667,0.4,0.233333333,0.366666667,0.1,0.833333333,0.066666667,0.133333333,0.1,0.366666667,0.433333333,0.6,0.666666667,1.0,1.266666667,0.066666667,0.133333333,0.066666667,0.0,0.3,0.1,0.733333333,0.2,0.2,0.066666667,0.1,0.333333333,0.0,0.0,0.0,0.066666667,0.033333333,0.033333333,0.387746661901474,0.19709886610507965,0.46351388096809387,0.33291250467300415,0.25624123215675354,0.1877746731042862,0.3573428988456726,0.25284793972969055,1.4051461219787598,0.17455413937568665,0.3953785002231598,0.6221945285797119,0.08442158252000809,1.5300347805023193,0.31618231534957886,0.3982349634170532,0.23214124143123627,0.05793040245771408,0.022353151813149452,0.20848454535007477,0.27881374955177307,0.17272207140922546,0.12356267124414444,0.3108333945274353,0.06050024554133415,0.15002039074897766,0.15466375648975372,0.1498325914144516,0.19934427738189697,0.3830087184906006,0.3772997558116913,0.5203982591629028,0.1523977667093277,0.09014570713043213,0.10972762107849121,0.4494357109069824,0.11048904061317444,0.05846418812870979,0.06791231036186218,0.2762541174888611,0.1065116822719574,0.1558552086353302,0.13109734654426575,0.18921004235744476,0.17356079816818237,0.23087063431739807,0.1367846578359604,0.13411438465118408,0.22679086029529572,0.1449785828590393,0.0692831426858902
AP340,0.9,0.766666667,0.533333333,0.133333333,0.533333333,0.1,0.733333333,0.2,2.2,0.233333333,1.5,1.433333333,0.2,2.433333333,0.2,0.366666667,0.166666667,0.1,0.0,0.0,0.133333333,0.0,0.0,0.0,0.0,0.1,0.0,0.0,0.0,0.066666667,0.2,0.0,0.0,0.0,0.0,0.233333333,0.166666667,0.0,0.033333333,0.033333333,0.166666667,0.1,0.0,0.1,0.166666667,0.0,0.433333333,0.133333333,0.3,0.3,0.0,0.5760570168495178,0.21675197780132294,0.7108051180839539,0.24054524302482605,0.4084928333759308,0.24811124801635742,0.5778190493583679,0.23186852037906647,1.0086880922317505,0.28788790106773376,0.456606388092041,0.2816255986690521,0.11596611142158508,1.1654636859893799,0.25540217757225037,0.30130434036254883,0.23858438432216644,0.08504907041788101,0.046932999044656754,0.3317606449127197,0.4978010058403015,0.05633961781859398,0.21369686722755432,0.0352495014667511,0.03523905575275421,0.20958422124385834,0.07635333389043808,0.08301296830177307,0.1096092239022255,0.23369310796260834,0.28362181782722473,0.04577605798840523,0.09023083001375198,0.22887004911899567,0.047975245863199234,0.5094621777534485,0.11521997302770615,0.052151743322610855,0.013263917528092861,0.1016402468085289,0.16441744565963745,0.16142511367797852,0.0629119798541069,0.20430928468704224,0.2050432711839676,0.31086158752441406,0.1407041847705841,0.17652486264705658,0.22858531773090363,0.18313264846801758,0.143198162317276
AP431,0.133333333,0.0,0.266666667,0.433333333,0.066666667,0.066666667,0.3,0.233333333,3.166666667,0.0,0.7,2.366666667,0.233333333,2.566666667,0.566666667,0.266666667,0.1,0.0,0.0,0.233333333,0.4,0.266666667,0.2,0.066666667,0.0,0.033333333,0.0,0.0,0.0,0.333333333,0.266666667,0.233333333,1.033333333,0.066666667,0.0,0.333333333,0.166666667,0.0,0.1,0.1,0.233333333,0.266666667,0.066666667,0.133333333,0.3,0.233333333,0.066666667,0.233333333,0.233333333,0.0,0.166666667,0.3719441592693329,0.21222008764743805,0.451852023601532,0.20783141255378723,0.23563478887081146,0.14122100174427032,0.35649171471595764,0.26656222343444824,1.3707771301269531,0.18450084328651428,0.31950876116752625,0.7056575417518616,0.0666930228471756,1.08707594871521,0.2793629467487335,0.37811288237571716,0.23090936243534088,0.06417287886142731,0.23177644610404968,0.2725590467453003,0.26373836398124695,0.14682121574878693,0.18643975257873535,0.1395227164030075,0.0538024976849556,0.29582053422927856,0.09605027735233307,0.12440883368253708,0.3241874873638153,0.3936673700809479,0.44333964586257935,0.20582683384418488,0.08853963762521744,0.16187220811843872,0.054118890315294266,0.5310596823692322,0.17769236862659454,0.05544041842222214,0.04855577275156975,0.17842844128608704,0.29376220703125,0.17103375494480133,0.11948466300964355,0.25028926134109497,0.15388792753219604,0.2600961923599243,0.1362120658159256,0.3396277129650116,0.23497357964515686,0.1355324536561966,0.08620782941579819
AP432,0.466666667,0.0,0.966666667,0.133333333,0.7,0.233333333,0.0,0.0,0.0,0.0,0.0,0.0,0.0,0.333333333,0.2,0.0,0.2,0.233333333,0.566666667,0.4,0.433333333,0.666666667,0.166666667,0.266666667,0.0,0.366666667,0.133333333,0.0,0.1,0.233333333,0.2,0.366666667,1.466666667,0.666666667,0.4,1.033333333,0.2,0.0,0.066666667,0.166666667,1.6,0.233333333,0.3,0.333333333,0.233333333,0.066666667,0.066666667,0.233333333,0.533333333,0.533333333,0.133333333,0.41287901997566223,0.20304274559020996,0.5383736491203308,0.2965773642063141,0.3977120518684387,0.21532230079174042,0.256499707698822,0.2494712769985199,0.5808167457580566,0.1738283336162567,0.06946567445993423,0.07837077230215073,0.027503596618771553,0.9913734197616577,0.27317604422569275,0.3157846927642822,0.4902583956718445,0.1487610936164856,0.12544399499893188,0.3560388684272766,0.362246572971344,0.07706678658723831,0.224283829331398,0.08492130041122437,0.02459179237484932,0.1624920666217804,0.07011052221059799,0.03861922770738602,0.06652984768152237,0.23749639093875885,0.10462012887001038,0.06098232418298721,0.08557277917861938,0.22215008735656738,0.05474123731255531,0.6029040217399597,0.1714141070842743,0.05765831470489502,0.014345863834023476,0.179733008146286,0.39118239283561707,0.164054736495018,0.18959592282772064,0.24331752955913544,0.2758868634700775,0.23803314566612244,0.14137063920497894,0.24590598046779633,0.24951064586639404,0.17671693861484528,0.09075499325990677
AP524,0.233333333,0.066666667,0.366666667,0.5,0.233333333,0.133333333,0.466666667,0.9,0.4,0.0,0.066666667,0.133333333,0.1,1.133333333,0.466666667,0.333333333,0.5,0.066666667,0.133333333,0.4,0.366666667,0.5,0.133333333,0.3,0.0,0.233333333,0.133333333,0.166666667,0.0,0.4,0.5,0.466666667,1.6,0.166666667,0.0,0.833333333,0.166666667,0.233333333,0.133333333,0.3,0.733333333,0.1,0.5,0.233333333,0.166666667,0.366666667,0.066666667,0.0,0.633333333,0.0,0.0,0.5047410130500793,0.1974860429763794,0.4185202717781067,0.18873237073421478,0.41231533885002136,0.14578308165073395,0.2845526933670044,0.31190624833106995,0.8158898949623108,0.17132414877414703,0.16325625777244568,0.11468870937824249,0.03380202129483223,1.3669321537017822,0.28254228830337524,0.3716985881328583,0.27831169962882996,0.12657345831394196,0.061465196311473846,0.20932072401046753,0.2645636796951294,0.09681234508752823,0.18742667138576508,0.10207927972078323,0.03171044960618019,0.23295173048973083,0.07594455033540726,0.04536505416035652,0.17902784049510956,0.28714683651924133,0.2563846707344055,0.149368017911911,0.08598227798938751,0.1649622768163681,0.054843802005052567,0.534317672252655,0.16799016296863556,0.11292871087789536,0.0351661778986454,0.20746123790740967,0.32855531573295593,0.1926894336938858,0.21365438401699066,0.22011332213878632,0.16141566634178162,0.20828461647033691,0.1379711627960205,0.2827187776565552,0.24892738461494446,0.16726510226726532,0.08753109723329544
AP563,1.333333333,0.9,0.7,0.366666667,0.333333333,0.266666667,0.733333333,0.333333333,1.433333333,0.033333333,0.966666667,0.233333333,0.3,1.9,0.5,0.466666667,0.166666667,0.0,0.0,0.166666667,0.466666667,0.066666667,0.0,0.066666667,0.0,0.133333333,0.133333333,0.0,0.0,0.066666667,0.066666667,0.0,0.0,0.066666667,0.0,0.533333333,0.0,0.0,0.0,0.0,0.366666667,0.166666667,0.233333333,0.133333333,0.2,0.0,0.1,0.066666667,0.466666667,0.266666667,0.066666667,0.5166476368904114,0.19847585260868073,0.5189394950866699,0.20536436140537262,0.6010051965713501,0.22436372935771942,0.6226134300231934,0.2603222131729126,0.9089730978012085,0.39420709013938904,0.26297610998153687,0.2353629767894745,0.08370916545391083,1.232978105545044,0.27072444558143616,0.3248167932033539,0.2798193097114563,0.16741473972797394,0.035088106989860535,0.4387778341770172,0.8159388303756714,0.07760357111692429,0.269876629114151,0.06282272189855576,0.05930531024932861,0.24510201811790466,0.0911531075835228,0.08314724266529083,0.2436816245317459,0.27401065826416016,0.1883310079574585,0.11359052360057831,0.07373252511024475,0.205932155251503,0.05277775973081589,0.5253050327301025,0.1483898013830185,0.05244140699505806,0.0550064817070961,0.25400322675704956,0.24402466416358948,0.16354194283485413,0.11405939608812332,0.20959524810314178,0.14350907504558563,0.20981596410274506,0.13976973295211792,0.15764440596103668,0.23170432448387146,0.1572411209344864,0.07646945863962173
AP591,0.8,1.533333333,0.533333333,0.233333333,0.6,0.166666667,0.866666667,0.6,1.833333333,0.066666667,0.266666667,0.766666667,0.3,1.7,0.166666667,0.166666667,0.0,0.0,0.0,0.3,0.366666667,0.166666667,0.1,0.066666667,0.066666667,0.266666667,0.166666667,0.033333333,0.0,0.266666667,0.1,0.0,0.166666667,0.1,0.066666667,0.166666667,0.0,0.0,0.066666667,0.0,0.233333333,0.2,0.133333333,0.3,0.1,0.1,0.166666667,0.066666667,0.466666667,0.3,0.066666667,0.5430828928947449,0.19674138724803925,0.5369603037834167,0.23263733088970184,0.6159466505050659,0.24708044528961182,0.5823057293891907,0.2948957681655884,0.8884721994400024,0.17500519752502441,0.26035502552986145,0.22063548862934113,0.07198238372802734,1.3750970363616943,0.2863903343677521,0.33292368054389954,0.24052736163139343,0.07960402220487595,0.027908187359571457,0.3655135929584503,0.27566051483154297,0.06731884181499481,0.18412674963474274,0.05426846444606781,0.04281068220734596,0.17397132515907288,0.07220395654439926,0.05755670741200447,0.1350514441728592,0.22956116497516632,0.2605055570602417,0.029478048905730247,0.07079924643039703,0.29236558079719543,0.04902535304427147,0.6226164102554321,0.12630575895309448,0.052634309977293015,0.006622246466577053,0.09926888346672058,0.3228839635848999,0.15624980628490448,0.09439535439014435,0.21768149733543396,0.15528930723667145,0.2587161660194397,0.14183293282985687,0.22314418852329254,0.2500123083591461,0.1713573932647705,0.08412574976682663
AP661,0.433333333,0.0,0.4,0.266666667,0.266666667,0.066666667,0.266666667,0.1,0.433333333,0.0,0.066666667,0.033333333,0.0,1.033333333,0.3,0.2,0.8,0.2,0.233333333,0.633333333,0.533333333,0.1,0.133333333,0.266666667,0.0,0.366666667,0.0,0.0,0.066666667,0.233333333,0.466666667,0.3,1.466666667,0.233333333,0.133333333,1.166666667,0.1,0.066666667,0.0,0.166666667,0.3,0.233333333,0.2,0.166666667,0.033333333,0.166666667,0.166666667,0.1,0.066666667,0.266666667,0.1,0.5190792083740234,0.23991283774375916,0.5504502058029175,0.17081297934055328,0.6670286655426025,0.23828093707561493,0.5063432455062866,0.2904616594314575,0.8490200042724609,0.2882809042930603,0.21418413519859314,0.24630272388458252,0.08246229588985443,1.421776294708252,0.26836609840393066,0.3619958162307739,0.28368568420410156,0.13050316274166107,0.035670943558216095,0.16187575459480286,0.1494731307029724,0.07906065136194229,0.15641632676124573,0.07682216167449951,0.035642147064208984,0.2167150378227234,0.07637011259794235,0.018567919731140137,0.16152288019657135,0.34555044770240784,0.1710062026977539,0.04315928369760513,0.07784782350063324,0.12604157626628876,0.0534866526722908,0.5165840983390808,0.1710127741098404,0.11064333468675613,0.016914943233132362,0.1667425036430359,0.21056000888347626,0.14767315983772278,0.08709774911403656,0.22227983176708221,0.13517284393310547,0.262592613697052,0.14416509866714478,0.1317124217748642,0.22683994472026825,0.16928231716156006,0.0819459930062294
AP781,0.4,0.1,0.433333333,0.0,0.233333333,0.066666667,0.066666667,0.166666667,0.2,0.066666667,0.0,0.266666667,0.133333333,0.566666667,0.066666667,0.0,0.066666667,0.066666667,0.1,1.566666667,1.666666667,0.466666667,0.366666667,0.466666667,0.0,0.333333333,0.5,0.533333333,0.866666667,0.566666667,0.233333333,0.3,1.833333333,0.2,0.133333333,0.533333333,0.233333333,0.033333333,0.266666667,0.2,0.0,0.033333333,0.133333333,0.033333333,0.0,0.2,0.133333333,0.1,0.066666667,0.1,0.0,0.5226175785064697,0.19709886610507965,0.5231763124465942,0.11829143017530441,0.2048538476228714,0.18057981133460999,0.5005927085876465,0.24066199362277985,0.9918891191482544,0.1891942322254181,0.28128165006637573,0.2382742017507553,0.08179794251918793,1.1530836820602417,0.2676522433757782,0.29162704944610596,0.2308093011379242,0.07033762335777283,0.15802808105945587,0.33123278617858887,0.33201467990875244,0.08951696008443832,0.2713761627674103,0.10522928088903427,0.04249192401766777,0.6249366402626038,0.08761011064052582,0.09072326868772507,0.12095649540424347,0.3323827385902405,0.21253952383995056,0.05327923223376274,0.08206058293581009,0.24046139419078827,0.06977993994951248,0.5288191437721252,0.15495522320270538,0.05477936193346977,0.013358308002352715,0.16728931665420532,0.20951992273330688,0.1562112718820572,0.2046804577112198,0.2155454456806183,0.10075469315052032,0.31525230407714844,0.1444505751132965,0.33071500062942505,0.2361738234758377,0.15847736597061157,0.08428945392370224
AP841,0.433333333,0.0,0.333333333,0.166666667,0.5,0.166666667,0.466666667,0.433333333,1.333333333,0.0,0.4,0.333333333,0.0,1.433333333,0.7,0.5,0.133333333,0.133333333,0.366666667,0.533333333,0.433333333,0.266666667,0.333333333,0.433333333,0.0,0.4,0.366666667,0.166666667,0.1,0.2,0.533333333,0.233333333,0.866666667,0.066666667,0.033333333,0.8,0.3,0.0,0.2,0.233333333,0.233333333,0.1,0.2,0.166666667,0.166666667,0.233333333,0.066666667,0.3,0.1,0.1,0.0,0.29261863231658936,0.19933520257472992,0.37128525972366333,0.18833453953266144,0.3057321012020111,0.13237187266349792,0.3337865173816681,0.3099566698074341,1.2206224203109741,0.17768999934196472,0.2069583535194397,0.2590407133102417,0.06471012532711029,1.400256872177124,0.3218264579772949,0.3601188659667969,0.26142454147338867,0.2476632446050644,0.024283457547426224,0.5611783862113953,0.43448901176452637,0.07072238624095917,0.29821136593818665,0.18030841648578644,0.06764961779117584,0.22050407528877258,0.10583410412073135,0.06237737461924553,0.14520946145057678,0.29192915558815,0.348998486995697,0.07986647635698318,0.08148036897182465,0.12588422000408173,0.05206307768821716,0.5583054423332214,0.1808803826570511,0.05318204313516617,0.03472474589943886,0.288183331489563,0.22775539755821228,0.16145263612270355,0.08700405806303024,0.22436699271202087,0.17151108384132385,0.27446117997169495,0.13959048688411713,0.41752734780311584,0.24634380638599396,0.1852520853281021,0.07674776762723923
AQ466,0.966666667,0.033333333,1.2,1.733333333,0.633333333,0.533333333,0.533333333,0.266666667,0.333333333,0.0,0.0,0.0,0.0,1.133333333,0.266666667,0.0,0.566666667,0.066666667,0.0,0.266666667,0.6,0.0,0.0,0.0,0.0,0.1,0.0,0.0,0.0,0.2,0.166666667,0.0,0.166666667,0.4,0.133333333,0.833333333,0.733333333,0.166666667,0.0,0.0,0.1,0.133333333,0.233333333,0.333333333,0.333333333,0.633333333,0.2,0.433333333,0.466666667,0.133333333,0.066666667,0.5993847846984863,0.1964409351348877,0.4621139466762543,0.16577890515327454,0.43196243047714233,0.1855802834033966,0.3255465030670166,0.23257599771022797,0.5355929136276245,0.17081418633460999,0.10777673125267029,0.10096334666013718,0.036102864891290665,1.0089095830917358,0.2651364803314209,0.26987749338150024,0.22454112768173218,0.09851178526878357,0.08775270730257034,0.4800649583339691,0.7686944007873535,0.10109496116638184,0.32549726963043213,0.06687669456005096,0.031191419810056686,0.17489352822303772,0.06992985308170319,0.018984125927090645,0.16760173439979553,0.24549683928489685,0.13098835945129395,0.045070815831422806,0.09018412232398987,0.36862713098526,0.05370518937706947,0.6606181263923645,0.2159430980682373,0.06641007214784622,0.011017256416380405,0.16102856397628784,0.25117063522338867,0.17205379903316498,0.0958690419793129,0.2662632167339325,0.17348943650722504,0.30597519874572754,0.14096888899803162,0.18904952704906464,0.24246332049369812,0.1702178418636322,0.18480448424816132
AQ778,1.066666667,0.133333333,1.166666667,0.333333333,1.033333333,0.6,0.866666667,0.0,0.8,0.766666667,0.333333333,0.1,0.0,0.966666667,0.433333333,0.333333333,0.3,0.066666667,0.233333333,0.0,0.2,0.0,0.1,0.0,0.1,0.1,0.0,0.0,0.0,0.5,0.266666667,0.033333333,0.1,0.566666667,0.0,0.633333333,0.1,0.0,0.133333333,0.066666667,0.3,0.333333333,0.066666667,0.166666667,0.233333333,0.0,0.266666667,0.366666667,0.466666667,0.6,0.233333333,0.7214197516441345,0.20421037077903748,0.48663774132728577,0.16365809738636017,0.45648303627967834,0.1955573409795761,0.43776339292526245,0.21307407319545746,0.6815769672393799,0.17988979816436768,0.13411371409893036,0.1089528501033783,0.03215206041932106,0.5808216333389282,0.22900737822055817,0.18546834588050842,0.20506036281585693,0.05578324943780899,0.12529879808425903,0.3009341061115265,0.4603174924850464,0.09510666877031326,0.2846294343471527,0.086359903216362,0.02649705670773983,0.2443506121635437,0.07078341394662857,0.023651331663131714,0.11860784143209457,0.2724049687385559,0.18873165547847748,0.05239973962306976,0.09933619201183319,0.4658701717853546,0.1284276694059372,0.644625186920166,0.2045132964849472,0.16526494920253754,0.06532202661037445,0.2655576467514038,0.29582539200782776,0.22326254844665527,0.2796329855918884,0.21595031023025513,0.1325046718120575,0.28477421402931213,0.1477028876543045,0.11247429996728897,0.2365751564502716,0.24287453293800354,0.18156194686889648
AQ794,0.966666667,0.3,0.366666667,0.1,0.566666667,0.166666667,0.266666667,0.533333333,0.1,0.0,0.0,0.0,0.0,0.366666667,0.166666667,0.066666667,0.333333333,0.033333333,0.333333333,1.5,2.366666667,0.1,1.6,0.233333333,0.066666667,0.4,0.0,0.133333333,0.0,0.1,0.1,0.066666667,0.1,0.4,0.066666667,1.1,0.233333333,0.0,0.0,0.0,0.5,0.5,0.133333333,0.033333333,0.0,0.0,0.066666667,0.133333333,0.133333333,0.166666667,0.0,0.6308175921440125,0.22869515419006348,0.42620328068733215,0.07867319881916046,0.3158125877380371,0.13493654131889343,0.26540449261665344,0.20424078404903412,0.4881829619407654,0.20583269000053406,0.11371897906064987,0.1187383383512497,0.048093896359205246,0.7739464640617371,0.23257488012313843,0.2234182506799698,0.18182474374771118,0.0354962982237339,0.06110941618680954,0.6784497499465942,0.863754153251648,0.24092121422290802,0.36534956097602844,0.23568205535411835,0.044391702860593796,0.20988918840885162,0.14928938448429108,0.12869323790073395,0.4850148856639862,0.30306515097618103,0.1388416439294815,0.4081302881240845,0.14647355675697327,0.2851278781890869,0.2538284659385681,0.42379164695739746,0.1465362161397934,0.07977822422981262,0.04652668535709381,0.4985068142414093,0.12682518362998962,0.1676952987909317,0.0682404488325119,0.18278414011001587,0.08885486423969269,0.44690844416618347,0.1419743299484253,0.32383662462234497,0.23334714770317078,0.18945249915122986,0.17176155745983124
AI273,0.035714286,0.071428571,0.285714286,0.214285714,0.071428571,0.0,0.642857143,0.285714286,2.178571429,0.25,0.428571429,1.321428571,0.214285714,1.642857143,0.285714286,0.214285714,0.25,0.107142857,0.0,0.285714286,0.142857143,0.107142857,0.25,0.0,0.0,0.285714286,0.0,0.0,0.071428571,0.178571429,1.071428571,0.0,0.0,0.0,0.0,0.107142857,0.071428571,0.0,0.0,0.214285714,0.0,0.0,0.214285714,0.428571429,0.25,0.178571429,0.0,0.035714286,0.285714286,0.0,0.107142857,0.380702406167984,0.20660516619682312,0.4384479224681854,0.25161680579185486,0.45198309421539307,0.1860482394695282,0.3854459822177887,0.28096169233322144,1.1315224170684814,0.1760479062795639,0.36165234446525574,0.6003702878952026,0.11232086271047592,1.5711123943328857,0.2770037055015564,0.3502861261367798,0.23146770894527435,0.0657215341925621,0.04079992696642876,0.13541901111602783,0.16831646859645844,0.08940576761960983,0.11083728075027466,0.17973554134368896,0.0550692044198513,0.1220284104347229,0.09420260787010193,0.0933648943901062,0.0696072056889534,0.289468377828598,0.3053103983402252,0.0923541933298111,0.14942292869091034,0.06397882103919983,0.052028439939022064,0.4620969891548157,0.12677934765815735,0.054199278354644775,0.015612645074725151,0.12353542447090149,0.07208630442619324,0.16648349165916443,0.08125900477170944,0.19932284951210022,0.13016095757484436,0.20805464684963226,0.13748010993003845,0.10946109890937805,0.21874937415122986,0.13713432848453522,0.11153524369001389
AI453,0.0,0.0,0.392857143,0.035714286,0.035714286,0.0,0.607142857,0.0,2.285714286,0.178571429,0.571428571,1.428571429,0.0,1.214285714,0.107142857,0.178571429,0.321428571,0.107142857,0.071428571,0.0,0.214285714,0.0,0.107142857,0.0,0.0,0.0,0.0,0.0,0.392857143,0.071428571,0.964285714,0.0,0.0,0.285714286,0.142857143,0.035714286,0.0,0.0,0.0,0.428571429,0.0,0.0,0.178571429,0.5,0.035714286,0.035714286,0.0,0.357142857,0.035714286,0.0,0.071428571,0.380702406167984,0.20660516619682312,0.4384479224681854,0.25161680579185486,0.45198309421539307,0.1860482394695282,0.3854459822177887,0.28096169233322144,1.1315224170684814,0.1760479062795639,0.36165234446525574,0.6003702878952026,0.11232086271047592,1.5711123943328857,0.2770037055015564,0.3502861261367798,0.23146770894527435,0.0657215341925621,0.04079992696642876,0.13541901111602783,0.16831646859645844,0.08940576761960983,0.11083728075027466,0.17973554134368896,0.0550692044198513,0.1220284104347229,0.09420260787010193,0.0933648943901062,0.0696072056889534,0.289468377828598,0.3053103983402252,0.0923541933298111,0.14942292869091034,0.06397882103919983,0.052028439939022064,0.4620969891548157,0.12677934765815735,0.054199278354644775,0.015612645074725151,0.12353542447090149,0.07208630442619324,0.16648349165916443,0.08125900477170944,0.19932284951210022,0.13016095757484436,0.20805464684963226,0.13748010993003845,0.10946109890937805,0.21874937415122986,0.13713432848453522,0.11153524369001389
AI665,0.25,0.035714286,0.214285714,0.071428571,0.357142857,0.0,0.642857143,0.178571429,1.178571429,0.107142857,0.178571429,0.642857143,0.25,0.857142857,0.321428571,0.357142857,0.392857143,0.035714286,0.0,0.392857143,0.25,0.214285714,0.0,0.178571429,0.0,0.285714286,0.0,0.035714286,0.107142857,0.0,0.821428571,0.035714286,0.071428571,0.071428571,0.0,0.142857143,0.035714286,0.0,0.0,0.392857143,0.0,0.0,0.178571429,0.178571429,0.0,0.0,0.107142857,0.107142857,0.071428571,0.0,0.0,0.380702406167984,0.20660516619682312,0.4384479224681854,0.25161680579185486,0.45198309421539307,0.1860482394695282,0.3854459822177887,0.28096169233322144,1.1315224170684814,0.1760479062795639,0.36165234446525574,0.6003702878952026,0.11232086271047592,1.5711123943328857,0.2770037055015564,0.3502861261367798,0.23146770894527435,0.0657215341925621,0.04079992696642876,0.13541901111602783,0.16831646859645844,0.08940576761960983,0.11083728075027466,0.17973554134368896,0.0550692044198513,0.1220284104347229,0.09420260787010193,0.0933648943901062,0.0696072056889534,0.289468377828598,0.3053103983402252,0.0923541933298111,0.14942292869091034,0.06397882103919983,0.052028439939022064,0.4620969891548157,0.12677934765815735,0.054199278354644775,0.015612645074725151,0.12353542447090149,0.07208630442619324,0.16648349165916443,0.08125900477170944,0.19932284951210022,0.13016095757484436,0.20805464684963226,0.13748010993003845,0.10946109890937805,0.21874937415122986,0.13713432848453522,0.11153524369001389
AI681,0.0,0.071428571,0.107142857,0.107142857,0.142857143,0.0,0.5,0.0,2.785714286,0.107142857,0.428571429,0.928571429,0.214285714,1.285714286,0.178571429,0.214285714,0.071428571,0.0,0.0,0.071428571,0.071428571,0.0,0.071428571,0.071428571,0.0,0.285714286,0.035714286,0.0,0.25,0.428571429,0.964285714,0.0,0.0,0.0,0.0,0.0,0.0,0.0,0.0,0.214285714,0.0,0.107142857,0.214285714,0.607142857,0.0,0.0,0.0,0.107142857,0.0,0.0,0.0,0.380702406167984,0.20660516619682312,0.4384479224681854,0.25161680579185486,0.45198309421539307,0.1860482394695282,0.3854459822177887,0.28096169233322144,1.1315224170684814,0.1760479062795639,0.36165234446525574,0.6003702878952026,0.11232086271047592,1.5711123943328857,0.2770037055015564,0.3502861261367798,0.23146770894527435,0.0657215341925621,0.04079992696642876,0.13541901111602783,0.16831646859645844,0.08940576761960983,0.11083728075027466,0.17973554134368896,0.0550692044198513,0.1220284104347229,0.09420260787010193,0.0933648943901062,0.0696072056889534,0.289468377828598,0.3053103983402252,0.0923541933298111,0.14942292869091034,0.06397882103919983,0.052028439939022064,0.4620969891548157,0.12677934765815735,0.054199278354644775,0.015612645074725151,0.12353542447090149,0.07208630442619324,0.16648349165916443,0.08125900477170944,0.19932284951210022,0.13016095757484436,0.20805464684963226,0.13748010993003845,0.10946109890937805,0.21874937415122986,0.13713432848453522,0.11153524369001389
AI768,0.275862069,0.034482759,0.620689655,0.206896552,0.413793103,0.0,0.482758621,0.103448276,1.724137931,0.068965517,0.24137931,0.689655172,0.0,0.827586207,0.0,0.0,0.310344828,0.068965517,0.0,0.310344828,0.103448276,0.0,0.0,0.103448276,0.0,0.0,0.0,0.0,0.275862069,0.24137931,0.793103448,0.0,0.275862069,0.24137931,0.0,0.137931034,0.0,0.0,0.206896552,0.206896552,0.0,0.103448276,0.172413793,0.448275862,0.137931034,0.0,0.0,0.379310345,0.0,0.068965517,0.103448276,0.380702406167984,0.20660516619682312,0.4384479224681854,0.25161680579185486,0.45198309421539307,0.1860482394695282,0.3854459822177887,0.28096169233322144,1.1315224170684814,0.1760479062795639,0.36165234446525574,0.6003702878952026,0.11232086271047592,1.5711123943328857,0.2770037055015564,0.3502861261367798,0.23146770894527435,0.0657215341925621,0.04079992696642876,0.13541901111602783,0.16831646859645844,0.08940576761960983,0.11083728075027466,0.17973554134368896,0.0550692044198513,0.1220284104347229,0.09420260787010193,0.0933648943901062,0.0696072056889534,0.289468377828598,0.3053103983402252,0.0923541933298111,0.14942292869091034,0.06397882103919983,0.052028439939022064,0.4620969891548157,0.12677934765815735,0.054199278354644775,0.015612645074725151,0.12353542447090149,0.07208630442619324,0.16648349165916443,0.08125900477170944,0.19932284951210022,0.13016095757484436,0.20805464684963226,0.13748010993003845,0.10946109890937805,0.21874937415122986,0.13713432848453522,0.11153524369001389
AA034,0.384615385,0.038461538,0.692307692,0.0,0.0,0.307692308,0.230769231,0.0,0.153846154,0.538461538,0.115384615,0.038461538,0.0,0.307692308,0.0,0.0,0.153846154,0.384615385,0.076923077,0.384615385,0.0,0.230769231,0.423076923,0.0,0.0,0.0,0.0,0.192307692,0.461538462,0.346153846,0.153846154,0.423076923,2.192307692,0.0,0.0,0.0,0.153846154,0.0,0.0,0.0,0.0,0.0,0.0,0.153846154,0.115384615,0.538461538,0.0,0.115384615,0.0,0.153846154,0.192307692,0.8117986917495728,0.290142297744751,0.5319217443466187,0.18727456033229828,0.21361775696277618,0.21111741662025452,0.4782908260822296,0.19084659218788147,0.5393785238265991,0.29896387457847595,0.2881314754486084,0.3340943455696106,0.12479665875434875,0.4497498869895935,0.1955888718366623,0.1014222502708435,0.2038314789533615,0.0805337131023407,0.08286692202091217,0.06351182609796524,0.07648177444934845,0.08625362813472748,0.052809372544288635,0.05631644278764725,0.026699615642428398,0.1468808352947235,0.15937325358390808,0.04601910710334778,0.0629778504371643,0.30290454626083374,0.15101942420005798,0.09585964679718018,0.11377821117639542,0.3340040147304535,0.09689327329397202,0.4028775095939636,0.15775272250175476,0.058558978140354156,0.052576694637537,0.1722640097141266,0.07234968990087509,0.16712822020053864,0.0741509199142456,0.1917402297258377,0.23365293443202972,0.25529786944389343,0.14537593722343445,0.1444527953863144,0.22071950137615204,0.13961078226566315,0.07248236984014511
AA232,0.076923077,0.0,0.115384615,0.0,0.0,0.0,0.5,0.5,0.0,0.192307692,0.0,0.0,0.0,0.576923077,0.0,0.0,0.0,0.384615385,0.846153846,0.576923077,0.153846154,0.115384615,0.115384615,0.0,0.0,0.076923077,0.0,0.0,0.230769231,0.153846154,0.115384615,0.269230769,0.192307692,0.230769231,0.346153846,0.0,0.346153846,0.153846154,0.0,0.538461538,0.115384615,0.576923077,0.846153846,0.038461538,0.0,0.384615385,0.192307692,0.0,0.5,0.076923077,0.0,0.4778464436531067,0.23185625672340393,0.4138026535511017,0.10050582140684128,0.23417487740516663,0.17817576229572296,0.5121666789054871,0.4217016398906708,0.36725738644599915,0.1775018870830536,0.15103352069854736,0.12798747420310974,0.06577847898006439,0.6591678857803345,0.3404894471168518,0.17437636852264404,0.18307346105575562,0.10127141326665878,0.07560359686613083,0.16597285866737366,0.2173464596271515,0.09741908311843872,0.19497153162956238,0.10055328160524368,0.04175570234656334,0.16778981685638428,0.1983557641506195,0.05258847773075104,0.14608916640281677,0.23288847506046295,0.1143566146492958,0.21536566317081451,0.10662645846605301,0.3008403480052948,0.11857008188962936,0.5641207098960876,0.13066580891609192,0.18348926305770874,0.07379419356584549,0.22736550867557526,0.1679103672504425,0.20595331490039825,0.19923414289951324,0.22213976085186005,0.21884869039058685,0.23442469537258148,0.13901285827159882,0.17283785343170166,0.2291802316904068,0.14413398504257202,0.08181392401456833
AB567,0.166666667,0.0,0.277777778,0.0,0.0,0.0,0.111111111,0.0,0.055555556,0.0,0.0,0.0,0.0,0.166666667,0.0,0.0,0.0,0.0,0.0,0.666666667,0.0,0.777777778,0.055555556,0.944444444,0.277777778,0.611111111,0.0,0.0,0.0,0.222222222,0.277777778,0.0,3.944444444,0.055555556,0.055555556,0.0,0.111111111,0.0,0.0,0.0,0.0,0.055555556,0.222222222,0.222222222,0.0,0.277777778,0.0,0.0,0.0,0.0,0.0,0.44884395599365234,0.25001251697540283,0.3641411066055298,0.10545919090509415,0.17782269418239594,0.11371757835149765,0.21610577404499054,0.20373523235321045,0.5801023244857788,0.1774987131357193,0.1189960315823555,0.23357193171977997,0.14938275516033173,0.5344628691673279,0.20913220942020416,0.12209267169237137,0.16880452632904053,0.12014196813106537,0.11221878975629807,0.3669041097164154,0.3863222002983093,0.13707198202610016,0.314971387386322,0.23943199217319489,0.1245751827955246,0.1812172383069992,0.204190194606781,0.23721271753311157,0.29241061210632324,0.3074418306350708,0.2776187062263489,0.15362872183322906,0.11321491003036499,0.24469353258609772,0.11500836163759232,0.5134841799736023,0.10279660671949387,0.07291850447654724,0.06704571098089218,0.23109561204910278,0.09601684659719467,0.16290922462940216,0.11582028865814209,0.18476970493793488,0.18290266394615173,0.22906027734279633,0.1374257504940033,0.15497636795043945,0.23392240703105927,0.12344077229499817,0.06790657341480255
AC220,0.0,0.0,0.0,0.0,0.0,0.0,0.111111111,0.0,0.074074074,0.0,0.0,0.0,0.0,0.111111111,0.0,0.0,0.0,0.185185185,0.962962963,1.333333333,0.814814815,0.62962963,0.592592593,0.222222222,0.074074074,0.0,0.185185185,0.555555556,0.814814815,0.481481481,0.592592593,0.296296296,0.37037037,0.185185185,0.148148148,0.074074074,0.185185185,0.0,0.0,0.814814815,0.111111111,0.074074074,0.444444444,0.0,0.0,0.0,0.0,0.111111111,0.0,0.0,0.0,0.47244352102279663,0.22881601750850677,0.45904019474983215,0.16314305365085602,0.3611277937889099,0.18746399879455566,0.48100361227989197,0.2878204584121704,0.6689077615737915,0.16925884783267975,0.2989841103553772,0.22292250394821167,0.11136574298143387,0.7632365822792053,0.34200188517570496,0.24681274592876434,0.18138249218463898,0.03659575805068016,0.12373537570238113,0.21148604154586792,0.17576147615909576,0.08392622321844101,0.182676300406456,0.06851691752672195,0.03862636163830757,0.14650924503803253,0.1478116810321808,0.04836331680417061,0.1796034723520279,0.2322857677936554,0.20304422080516815,0.2098115235567093,0.22589850425720215,0.31127336621284485,0.15019313991069794,0.6119594573974609,0.15233591198921204,0.18074795603752136,0.058340370655059814,0.249339759349823,0.1694638580083847,0.17681768536567688,0.11678856611251831,0.2330857217311859,0.16465365886688232,0.22983230650424957,0.14993934333324432,0.21790599822998047,0.23079517483711243,0.18441955745220184,0.10003414005041122
AE574,0.37037037,0.481481481,0.296296296,0.111111111,0.333333333,0.074074074,0.296296296,0.0,0.777777778,0.222222222,0.592592593,0.407407407,0.111111111,0.111111111,0.111111111,0.0,0.074074074,0.0,0.0,0.0,0.111111111,0.0,0.148148148,0.111111111,0.0,0.0,0.222222222,0.444444444,0.925925926,0.259259259,0.925925926,0.111111111,0.0,0.148148148,0.0,0.222222222,0.0,0.0,0.888888889,1.037037037,0.185185185,0.148148148,0.296296296,0.185185185,0.222222222,0.407407407,0.222222222,0.333333333,0.185185185,0.0,0.0,0.4086497724056244,0.24475809931755066,0.5003848671913147,0.28380855917930603,0.3152864873409271,0.23653723299503326,0.48919662833213806,0.24644246697425842,1.4789543151855469,0.23902855813503265,0.7548216581344604,1.0547258853912354,0.14395444095134735,1.0797604322433472,0.2243359237909317,0.30984610319137573,0.198322594165802,0.17278699576854706,0.06535869836807251,0.12879174947738647,0.20948511362075806,0.11609625816345215,0.13592804968357086,0.11074654757976532,0.04905145242810249,0.2580954432487488,0.15837952494621277,0.09727796167135239,0.39542582631111145,0.26046669483184814,0.40814635157585144,0.09068779647350311,0.1692284494638443,0.2510470151901245,0.09731126576662064,0.4570748507976532,0.16660699248313904,0.06255856901407242,0.07815690338611603,0.19556471705436707,0.12082574516534805,0.16487239301204681,0.08567139506340027,0.6911712288856506,0.36720678210258484,0.41809484362602234,0.15074758231639862,0.2208210527896881,0.23287147283554077,0.1923992931842804,0.1242598444223404
AG351,0.133333333,0.0,0.166666667,0.0,0.066666667,0.0,0.2,0.0,0.5,0.0,0.0,0.0,0.0,0.366666667,0.1,0.133333333,0.066666667,0.266666667,0.133333333,0.733333333,0.4,0.666666667,0.1,0.066666667,0.0,0.0,0.0,0.0,0.0,0.2,0.566666667,0.6,3.7,0.133333333,0.266666667,0.133333333,0.0,0.0,0.1,0.1,0.233333333,0.3,0.266666667,0.1,0.033333333,0.066666667,0.0,0.1,0.266666667,0.0,0.0,0.38611680269241333,0.2882145941257477,0.3750913143157959,0.11836575716733932,0.2093954235315323,0.13454145193099976,0.2642935812473297,0.22680149972438812,0.4536857604980469,0.17934006452560425,0.09272384643554688,0.15307821333408356,0.04359442740678787,0.6131466031074524,0.2381124347448349,0.2062329202890396,0.17369255423545837,0.20728948712348938,0.1151617094874382,0.30654680728912354,0.2867513597011566,0.1258900761604309,0.3004797101020813,0.10069651156663895,0.04995613917708397,0.17382937669754028,0.15427769720554352,0.15027447044849396,0.19203414022922516,0.14981704950332642,0.2477690428495407,0.1367150843143463,0.11804096400737762,0.1777607798576355,0.13086222112178802,0.5540655255317688,0.16170981526374817,0.057325344532728195,0.05801764875650406,0.21693530678749084,0.15823736786842346,0.2245456874370575,0.10043241083621979,0.22011220455169678,0.2250719964504242,0.22279632091522217,0.13690733909606934,0.24746689200401306,0.2401229590177536,0.14051750302314758,0.09052812308073044
AG575,0.066666667,0.033333333,0.233333333,0.0,0.0,0.0,0.0,0.0,0.0,0.0,0.0,0.0,0.0,0.266666667,0.0,0.066666667,0.0,0.0,0.033333333,0.566666667,0.1,0.233333333,0.133333333,0.2,0.0,0.0,0.233333333,0.366666667,0.466666667,0.133333333,0.4,0.933333333,3.8,0.133333333,0.433333333,0.533333333,0.1,0.0,0.066666667,0.0,0.166666667,0.0,0.0,0.0,0.0,0.0,0.0,0.0,0.1,0.0,0.1,0.48301956057548523,0.24839863181114197,0.364772230386734,0.11717329174280167,0.18977868556976318,0.13014455139636993,0.22714607417583466,0.18170250952243805,0.4237368404865265,0.17653171718120575,0.08679001033306122,0.22811883687973022,0.055487364530563354,0.5249679684638977,0.21480688452720642,0.212012380361557,0.16421079635620117,0.0694117322564125,0.05909624695777893,0.20314547419548035,0.32386478781700134,0.12507325410842896,0.1517670750617981,0.14995267987251282,0.04562966153025627,0.2527289092540741,0.1998784989118576,0.27378034591674805,0.3017200231552124,0.296843945980072,0.2738310396671295,0.13229870796203613,0.12509801983833313,0.15218380093574524,0.11593186110258102,0.5313157439231873,0.13064274191856384,0.05571206286549568,0.06816942244768143,0.20514599978923798,0.11389415711164474,0.1550266444683075,0.0799780860543251,0.15949992835521698,0.15750561654567719,0.2439441978931427,0.1374257504940033,0.13763615489006042,0.21966563165187836,0.12862129509449005,0.06326507776975632
AH269,0.133333333,0.0,0.2,0.033333333,0.133333333,0.0,0.0,0.0,0.133333333,0.0,0.0,0.0,0.0,0.266666667,0.133333333,0.066666667,0.0,0.033333333,0.333333333,0.366666667,0.133333333,0.766666667,0.066666667,0.166666667,0.0,0.0,0.0,0.033333333,0.3,0.2,0.6,0.9,4.033333333,0.066666667,0.133333333,0.133333333,0.0,0.0,0.0,0.066666667,0.1,0.033333333,0.0,0.0,0.0,0.0,0.0,0.1,0.0,0.0,0.0,0.43532896041870117,0.2471366673707962,0.36943453550338745,0.09916838258504868,0.15937423706054688,0.11457912623882294,0.228411465883255,0.1864563673734665,0.783203661441803,0.18386299908161163,0.1822545826435089,0.25294390320777893,0.07121545076370239,0.7230278253555298,0.21986134350299835,0.19681495428085327,0.16555674374103546,0.09775767475366592,0.10307690501213074,0.177789106965065,0.11130204796791077,0.12875646352767944,0.23956570029258728,0.06377152353525162,0.04402122646570206,0.17646484076976776,0.18735118210315704,0.17487037181854248,0.2951182425022125,0.3764747381210327,0.4767696261405945,0.1671377271413803,0.10956653207540512,0.18553397059440613,0.11881007254123688,0.5455306768417358,0.1303604543209076,0.06373417377471924,0.06873776763677597,0.22522035241127014,0.1166236475110054,0.1448199450969696,0.07971122115850449,0.16715995967388153,0.16281569004058838,0.2561262547969818,0.13690733909606934,0.16089090704917908,0.22964245080947876,0.1336563527584076,0.07713133841753006
AH568,0.1,0.066666667,0.266666667,0.0,0.0,0.0,0.533333333,0.2,1.3,0.0,0.9,0.266666667,0.066666667,0.866666667,0.133333333,0.3,0.0,0.1,0.033333333,0.0,0.0,0.0,0.1,0.0,0.133333333,0.0,0.066666667,0.0,0.566666667,0.366666667,0.6,0.566666667,2.633333333,0.133333333,0.0,0.133333333,0.1,0.0,0.0,0.066666667,0.0,0.0,0.0,0.2,0.133333333,0.0,0.0,0.0,0.0,0.0,0.0,0.4986805319786072,0.30844250321388245,0.44078975915908813,0.1682317554950714,0.2137448936700821,0.13780687749385834,0.4077616035938263,0.19267995655536652,0.8771130442619324,0.17207182943820953,0.4992717206478119,0.38155171275138855,0.11091297119855881,0.7373561263084412,0.21708235144615173,0.15397916734218597,0.16935832798480988,0.06989031285047531,0.041083645075559616,0.15462462604045868,0.22977161407470703,0.09490492939949036,0.088407002389431,0.09330584853887558,0.04728441685438156,0.20500627160072327,0.19126208126544952,0.028457175940275192,0.15960730612277985,0.3847557306289673,0.4150204360485077,0.14413493871688843,0.11560267210006714,0.19557078182697296,0.09468761086463928,0.5537125468254089,0.1299971044063568,0.05663861334323883,0.0685870423913002,0.1945914775133133,0.1587611734867096,0.14257243275642395,0.09436111897230148,0.17464493215084076,0.2299218475818634,0.24360620975494385,0.13762420415878296,0.18390701711177826,0.22932520508766174,0.17993704974651337,0.06724587082862854
AH733,0.366666667,0.0,0.3,0.033333333,0.066666667,0.066666667,0.366666667,0.066666667,0.4,0.0,0.066666667,0.0,0.0,0.4,0.0,0.133333333,0.3,0.2,0.0,0.366666667,0.0,0.166666667,0.0,0.0,0.0,0.0,0.0,0.0,0.033333333,0.233333333,0.4,0.566666667,2.966666667,0.366666667,0.033333333,0.333333333,0.133333333,0.0,0.0,0.033333333,0.2,0.233333333,0.1,0.3,0.3,0.1,0.0,0.133333333,0.166666667,0.133333333,0.233333333,0.42142346501350403,0.21465237438678741,0.39010733366012573,0.17704956233501434,0.2100060135126114,0.1860324740409851,0.2788892984390259,0.22892092168331146,0.6129745841026306,0.17653171718120575,0.13549242913722992,0.22886307537555695,0.05429433658719063,0.7265334725379944,0.21914835274219513,0.24169015884399414,0.1681128740310669,0.09574870020151138,0.06013847887516022,0.15065300464630127,0.12209217995405197,0.10571563988924026,0.1297704577445984,0.10818338394165039,0.04572867229580879,0.15279190242290497,0.18000197410583496,0.09201007336378098,0.12841005623340607,0.1514357626438141,0.23339436948299408,0.11773568391799927,0.09954152256250381,0.24907229840755463,0.07432933896780014,0.5236846208572388,0.19504927098751068,0.058295607566833496,0.11848586052656174,0.20544178783893585,0.1306249052286148,0.19048599898815155,0.09235922247171402,0.4245615005493164,0.3676198422908783,0.5011771321296692,0.14040125906467438,0.6015897393226624,0.23050984740257263,0.16660335659980774,0.0804605782032013
AJ010,0.137931034,0.0,0.517241379,0.0,0.103448276,0.0,0.0,0.068965517,0.517241379,0.0,0.0,0.103448276,0.0,0.413793103,0.275862069,0.137931034,0.275862069,0.068965517,0.103448276,0.793103448,0.344827586,0.965517241,0.206896552,0.620689655,0.0,0.0,0.862068966,0.275862069,1.068965517,0.482758621,0.620689655,0.965517241,0.689655172,0.310344828,0.448275862,0.482758621,0.068965517,0.413793103,0.0,1.517241379,0.0,0.0,0.24137931,0.0,0.068965517,0.068965517,0.0,0.0,0.068965517,0.0,0.0,0.41194236278533936,0.1967533528804779,0.5033215284347534,0.29300329089164734,0.673363447189331,0.26077696681022644,0.4386942982673645,0.3534322679042816,0.8687124848365784,0.16815058887004852,0.2552397847175598,0.3467170298099518,0.09046269208192825,1.0378518104553223,0.27515649795532227,0.3196362853050232,0.2532816231250763,0.16651517152786255,0.10069359093904495,0.21478784084320068,0.21001560986042023,0.19524994492530823,0.22397275269031525,0.25471973419189453,0.026730598881840706,0.1861265003681183,0.29720455408096313,0.0957278162240982,0.4520716071128845,0.35566970705986023,0.2040432095527649,0.5849326848983765,0.1984180212020874,0.12249603867530823,0.11975108832120895,0.49096551537513733,0.12615476548671722,0.0998348593711853,0.09231600910425186,0.46041083335876465,0.28297853469848633,0.17894946038722992,0.15255306661128998,0.2559049427509308,0.1923770159482956,0.17983992397785187,0.13869327306747437,0.13636435568332672,0.25056636333465576,0.17211468517780304,0.07983455061912537
AJ283,1.206896552,0.068965517,0.482758621,0.0,0.931034483,0.103448276,0.275862069,0.0,0.068965517,0.0,0.0,0.0,0.0,0.310344828,0.172413793,0.103448276,0.24137931,0.172413793,0.068965517,0.931034483,0.724137931,0.103448276,1.379310345,0.172413793,0.0,0.103448276,0.0,0.137931034,0.103448276,0.103448276,0.068965517,0.068965517,0.24137931,0.896551724,0.413793103,1.551724138,0.310344828,0.034482759,0.0,0.0,0.0,0.551724138,0.0,0.0,0.24137931,0.344827586,0.172413793,0.137931034,0.137931034,0.310344828,0.137931034,0.45677682757377625,0.1964409351348877,0.4828367829322815,0.08434386551380157,0.37081027030944824,0.11760474741458893,0.28758302330970764,0.22246533632278442,0.6927322745323181,0.16711990535259247,0.19668622314929962,0.201986625790596,0.04545098915696144,1.070958137512207,0.28135204315185547,0.3663427531719208,0.1813095360994339,0.09794995188713074,0.03761253505945206,0.4817560315132141,0.5030710101127625,0.06676489114761353,0.48178666830062866,0.12210401147603989,0.0518961139023304,0.1304481327533722,0.09915220737457275,0.0347454808652401,0.10623957216739655,0.3527289927005768,0.30050238966941833,0.03778986260294914,0.09599697589874268,0.23954397439956665,0.07839614897966385,0.44677385687828064,0.1142013892531395,0.05250538885593414,0.038529329001903534,0.12734642624855042,0.09148586541414261,0.18717741966247559,0.07572774589061737,0.21896466612815857,0.14496442675590515,0.24553363025188446,0.14192302525043488,0.38915666937828064,0.21429172158241272,0.14575375616550446,0.1155666708946228
AJ481,0.275862069,0.448275862,0.413793103,0.0,0.379310345,0.172413793,0.24137931,0.275862069,1.413793103,0.310344828,0.75862069,0.620689655,0.275862069,1.586206897,0.24137931,0.310344828,0.275862069,0.034482759,0.0,0.0,0.551724138,0.0,0.793103448,0.275862069,0.275862069,0.482758621,0.034482759,0.0,0.0,0.344827586,0.103448276,0.0,0.0,0.0,0.0,0.413793103,0.0,0.0,0.0,0.0,0.103448276,0.103448276,0.0,0.137931034,0.413793103,0.172413793,0.0,0.034482759,0.344827586,0.310344828,0.275862069,0.7173378467559814,0.20671601593494415,0.48390236496925354,0.13793346285820007,0.504179060459137,0.1800692230463028,0.37593650817871094,0.30238935351371765,0.7145934700965881,0.17788881063461304,0.19072361290454865,0.1528507024049759,0.0805244967341423,0.7237619757652283,0.2090386152267456,0.14565888047218323,0.19785811007022858,0.12108899652957916,0.13854962587356567,0.2126031517982483,0.23381978273391724,0.16193930804729462,0.08912661671638489,0.20001579821109772,0.023903338238596916,0.18372157216072083,0.09325432032346725,0.029375942423939705,0.07656466215848923,0.3608425259590149,0.20107659697532654,0.38037925958633423,0.17571605741977692,0.16176436841487885,0.0931643396615982,0.4980207085609436,0.11040196567773819,0.07011628895998001,0.034279730170965195,0.2965899407863617,0.285498708486557,0.16937151551246643,0.08986574411392212,0.19383910298347473,0.1586286872625351,0.2384445071220398,0.14154088497161865,0.05730018392205238,0.23724773526191711,0.21463370323181152,0.18097279965877533
AJ537,0.24137931,0.034482759,0.24137931,0.310344828,0.137931034,0.0,0.310344828,0.24137931,1.137931034,0.0,0.724137931,0.75862069,0.24137931,2.068965517,0.965517241,0.344827586,0.482758621,0.724137931,1.413793103,0.137931034,0.310344828,0.24137931,0.068965517,0.0,0.0,0.103448276,0.0,0.0,0.0,0.0,0.0,0.0,0.0,0.0,0.0,0.24137931,0.0,0.103448276,0.0,0.0,0.172413793,0.172413793,0.034482759,0.310344828,0.206896552,0.24137931,0.0,0.689655172,0.172413793,0.103448276,0.0,0.5599143505096436,0.19827814400196075,0.37895774841308594,0.16416649520397186,0.416744589805603,0.13646185398101807,0.32605114579200745,0.24178940057754517,0.8317867517471313,0.1773166060447693,0.14588043093681335,0.18021145462989807,0.04502798244357109,1.0930712223052979,0.30746474862098694,0.37234318256378174,0.32576224207878113,0.14499738812446594,0.3458726406097412,0.2540017068386078,0.18890398740768433,0.16900795698165894,0.13858163356781006,0.11209016293287277,0.029929593205451965,0.1767139434814453,0.10772321373224258,0.023043913766741753,0.15029080212116241,0.2534036934375763,0.24462074041366577,0.4513550102710724,0.12329883128404617,0.13897398114204407,0.1448260098695755,0.48812028765678406,0.12535738945007324,0.07913900911808014,0.07070594280958176,0.5624925494194031,0.2022840529680252,0.1739887297153473,0.07299763709306717,0.27301958203315735,0.1886725276708603,0.2783595621585846,0.1354890614748001,0.19514788687229156,0.2203749716281891,0.13880902528762817,0.08300534635782242
AL508,1.2,0.066666667,0.666666667,0.033333333,0.666666667,0.3,0.2,0.0,0.166666667,0.2,0.4,0.133333333,0.0,0.633333333,0.1,0.133333333,0.1,0.0,0.066666667,0.433333333,0.8,0.0,0.5,0.0,0.0,0.066666667,0.0,0.0,0.033333333,0.333333333,0.5,0.066666667,0.133333333,0.333333333,0.133333333,1.166666667,0.0,0.1,0.0,0.266666667,0.366666667,0.233333333,0.166666667,0.0,0.233333333,0.066666667,0.133333333,0.0,0.466666667,0.266666667,0.333333333,0.6593719720840454,0.2114681750535965,0.5121444463729858,0.14381375908851624,0.5254587531089783,0.16941088438034058,0.29312774538993835,0.21843896806240082,0.781170666217804,0.1732732355594635,0.1458950936794281,0.1255735158920288,0.06904606521129608,0.8278518915176392,0.2248259335756302,0.19760683178901672,0.20495831966400146,0.0812770202755928,0.06324855983257294,0.5539440512657166,0.8482688069343567,0.10845818370580673,0.3252706229686737,0.1547158658504486,0.03082817979156971,0.17031291127204895,0.06758168339729309,0.054581571370363235,0.03595059737563133,0.29239505529403687,0.20328307151794434,0.06253953278064728,0.09259781241416931,0.16932371258735657,0.08111845701932907,0.4954199194908142,0.12001067399978638,0.05790359526872635,0.008127177134156227,0.12577076256275177,0.14102622866630554,0.17845068871974945,0.03468705713748932,0.16896097362041473,0.11346109211444855,0.25064724683761597,0.14619174599647522,0.06052042543888092,0.23438061773777008,0.1707746535539627,0.13995087146759033
AL541,0.6,0.0,0.733333333,1.466666667,0.633333333,0.1,0.566666667,0.0,0.533333333,0.066666667,0.066666667,0.0,0.0,1.833333333,0.5,0.466666667,0.7,0.0,0.0,0.1,0.0,0.0,0.066666667,0.0,0.133333333,0.1,0.066666667,0.0,0.066666667,0.166666667,0.3,0.0,0.0,0.4,0.0,0.8,0.166666667,0.033333333,0.1,0.133333333,0.1,0.033333333,0.233333333,0.066666667,0.533333333,0.0,0.2,0.033333333,0.066666667,0.2,0.1,0.4282127916812897,0.1969706267118454,0.43582481145858765,0.15524153411388397,0.3899066746234894,0.18423756957054138,0.3316185176372528,0.2135574370622635,0.6424001455307007,0.4002463221549988,0.10112237185239792,0.13138355314731598,0.027570556849241257,1.0413581132888794,0.2651572525501251,0.301116406917572,0.2325374037027359,0.2346065193414688,0.20075596868991852,0.3527057468891144,0.3831811845302582,0.12096453458070755,0.21171799302101135,0.06455014646053314,0.030041905120015144,0.14033553004264832,0.0841485857963562,0.03439011424779892,0.07595478743314743,0.2620597183704376,0.16392366588115692,0.1303962767124176,0.1357235461473465,0.23698623478412628,0.07410111278295517,0.5730100274085999,0.17408864200115204,0.07743001729249954,0.056412823498249054,0.2101663500070572,0.2131376564502716,0.1687869131565094,0.08365602046251297,0.25523442029953003,0.1782754808664322,0.3671257197856903,0.14381246268749237,0.2515352964401245,0.24306946992874146,0.15513744950294495,0.15374018251895905
AL657,0.933333333,0.133333333,0.333333333,0.433333333,0.266666667,0.133333333,0.833333333,0.333333333,2.0,0.266666667,0.9,0.433333333,0.233333333,2.066666667,0.266666667,0.4,0.166666667,0.0,0.0,0.066666667,0.066666667,0.166666667,0.233333333,0.066666667,0.033333333,0.266666667,0.0,0.0,0.166666667,0.133333333,0.3,0.0,0.066666667,0.166666667,0.0,0.133333333,0.0,0.0,0.0,0.1,0.0,0.233333333,0.066666667,0.0,0.1,0.366666667,0.0,0.5,0.2,0.0,0.066666667,0.6126990914344788,0.1994602084159851,0.6154322028160095,0.40167680382728577,0.522634744644165,0.2165101319551468,0.31123852729797363,0.22009417414665222,0.5200852751731873,0.1783418357372284,0.10589291155338287,0.08770903944969177,0.03673070669174194,0.7894974946975708,0.2547803819179535,0.24490821361541748,0.21389548480510712,0.08500827103853226,0.089408740401268,0.32643237709999084,0.40113988518714905,0.08281572163105011,0.2317420095205307,0.06691720336675644,0.027212003245949745,0.16822518408298492,0.06302563846111298,0.02223646640777588,0.027063611894845963,0.20543090999126434,0.1217590942978859,0.03666619583964348,0.07732123136520386,0.3132460117340088,0.08783221244812012,0.6670145988464355,0.1717730164527893,0.08130740374326706,0.015527456998825073,0.1197836846113205,0.21437084674835205,0.16466191411018372,0.10156377404928207,0.24414657056331635,0.20277641713619232,0.30046507716178894,0.14096888899803162,0.09834229946136475,0.24401889741420746,0.18208487331867218,0.19499064981937408
AL728,1.0,0.366666667,1.066666667,0.166666667,0.9,0.433333333,0.4,0.066666667,0.5,0.033333333,0.033333333,0.0,0.0,0.4,0.166666667,0.066666667,0.2,0.1,0.166666667,0.333333333,0.866666667,0.0,0.433333333,0.0,0.0,0.333333333,0.0,0.1,0.033333333,0.5,0.4,0.066666667,0.033333333,0.566666667,0.233333333,0.933333333,0.166666667,0.0,0.0,0.0,0.366666667,0.0,0.0,0.0,0.166666667,0.333333333,0.2,0.0,0.5,0.233333333,0.2,0.6859099864959717,0.21687205135822296,0.47747546434402466,0.17024266719818115,0.4318077266216278,0.17886319756507874,0.4193301498889923,0.22024883329868317,0.5873324275016785,0.18395262956619263,0.07990312576293945,0.08510597795248032,0.046847715973854065,0.6849287748336792,0.2354341447353363,0.20280712842941284,0.19295193254947662,0.05080602318048477,0.06844537705183029,0.6673962473869324,0.7445550560951233,0.12147606164216995,0.4023585319519043,0.10304693132638931,0.037705909460783005,0.2343621402978897,0.06658091396093369,0.08172620832920074,0.04992605000734329,0.2632121741771698,0.1913975477218628,0.07542179524898529,0.12333066761493683,0.38307279348373413,0.1441064327955246,0.6976233720779419,0.2260025441646576,0.16370975971221924,0.03876971825957298,0.2847738564014435,0.19782745838165283,0.174707293510437,0.11218889057636261,0.22145698964595795,0.12243152409791946,0.3096146881580353,0.15009033679962158,0.08629390597343445,0.24464929103851318,0.2361706644296646,0.24050314724445343
AL806,1.266666667,0.066666667,1.166666667,0.0,0.7,0.266666667,0.366666667,0.0,0.533333333,0.266666667,0.0,0.0,0.0,0.733333333,0.0,0.1,0.0,0.1,0.0,0.0,0.166666667,0.0,0.033333333,0.0,0.0,0.0,0.0,0.0,0.0,0.466666667,0.166666667,0.0,0.0,0.5,0.133333333,0.8,0.1,0.366666667,0.0,0.066666667,0.533333333,0.0,0.0,0.033333333,0.133333333,0.033333333,0.2,0.0,0.6,0.333333333,0.033333333,0.7214197516441345,0.20421037077903748,0.48663774132728577,0.16365809738636017,0.45648303627967834,0.1955573409795761,0.43776339292526245,0.21307407319545746,0.6815769672393799,0.17988979816436768,0.13411371409893036,0.1089528501033783,0.03215206041932106,0.5808216333389282,0.22900737822055817,0.18546834588050842,0.20506036281585693,0.05578324943780899,0.12529879808425903,0.3009341061115265,0.4603174924850464,0.09510666877031326,0.2846294343471527,0.086359903216362,0.02649705670773983,0.2443506121635437,0.07078341394662857,0.023651331663131714,0.11860784143209457,0.2724049687385559,0.18873165547847748,0.05239973962306976,0.09933619201183319,0.4658701717853546,0.1284276694059372,0.644625186920166,0.2045132964849472,0.16526494920253754,0.06532202661037445,0.2655576467514038,0.29582539200782776,0.22326254844665527,0.2796329855918884,0.21595031023025513,0.1325046718120575,0.28477421402931213,0.1477028876543045,0.11247429996728897,0.2365751564502716,0.24287453293800354,0.18156194686889648
AL860,1.166666667,0.1,0.833333333,0.233333333,0.6,0.233333333,0.433333333,0.0,0.5,0.3,0.133333333,0.066666667,0.0,0.733333333,0.066666667,0.1,0.2,0.0,0.0,0.0,0.166666667,0.0,0.066666667,0.0,0.0,0.1,0.0,0.0,0.0,0.066666667,0.266666667,0.0,0.0,0.366666667,0.1,0.8,0.1,0.133333333,0.066666667,0.033333333,0.733333333,0.066666667,0.0,0.033333333,0.133333333,0.133333333,0.8,0.0,1.033333333,0.2,0.166666667,0.7533387541770935,0.20317016541957855,0.5207686424255371,0.2050180584192276,0.4422510862350464,0.19324597716331482,0.3062291741371155,0.23832722008228302,0.45825427770614624,0.16920697689056396,0.07291613519191742,0.06858982145786285,0.03382831811904907,0.5915276408195496,0.23744390904903412,0.16253969073295593,0.19334425032138824,0.10298212617635727,0.09592714160680771,0.27991271018981934,0.48429834842681885,0.09749364852905273,0.324609637260437,0.12211316078901291,0.024900110438466072,0.19636228680610657,0.06908026337623596,0.02608313411474228,0.05632614344358444,0.2511361837387085,0.1517471969127655,0.05369730293750763,0.08756236732006073,0.3641274571418762,0.10783734917640686,0.6295044422149658,0.29151907563209534,0.10151403397321701,0.06432121992111206,0.1366940587759018,0.34635475277900696,0.2513655424118042,0.21763035655021667,0.25439125299453735,0.1664319485425949,0.26025646924972534,0.1439407914876938,0.1440148800611496,0.2326124608516693,0.19992505013942719,0.2051364630460739
AL869,0.5,0.0,0.433333333,0.4,0.3,0.133333333,0.966666667,0.0,1.566666667,0.266666667,0.533333333,0.733333333,0.266666667,2.1,0.366666667,0.466666667,0.0,0.0,0.0,0.233333333,0.5,0.0,0.6,0.233333333,0.033333333,0.533333333,0.133333333,0.0,0.433333333,0.2,0.033333333,0.0,0.0,0.233333333,0.0,0.333333333,0.333333333,0.0,0.0,0.0,0.0,0.0,0.1,0.0,0.233333333,0.433333333,0.0,0.4,0.0,0.0,0.0,0.6153794527053833,0.1964409351348877,0.4515392482280731,0.10745199024677277,0.3676309287548065,0.11824721097946167,0.2620760202407837,0.22501960396766663,0.6379114389419556,0.16988973319530487,0.13486337661743164,0.11538153886795044,0.04530083015561104,0.9994605779647827,0.27789172530174255,0.3183594346046448,0.2103014588356018,0.07152629643678665,0.05203660950064659,0.8366810083389282,1.0781301259994507,0.1131521537899971,0.576212465763092,0.06798247992992401,0.051015350967645645,0.14880824089050293,0.11463551968336105,0.046693526208400726,0.09988273680210114,0.3315390944480896,0.18340598046779633,0.13883920013904572,0.1409500688314438,0.31466805934906006,0.11625970155000687,0.5189238786697388,0.11492584645748138,0.06081008538603783,0.028697798028588295,0.2064051330089569,0.10235721617937088,0.15873783826828003,0.05405692011117935,0.1967753916978836,0.12950365245342255,0.4056796133518219,0.1415940523147583,0.3563699424266815,0.21688885986804962,0.15376941859722137,0.07781389355659485
AM997,0.5,0.0,0.4,0.133333333,0.5,0.233333333,0.266666667,0.5,0.233333333,0.0,0.133333333,0.0,0.133333333,0.633333333,0.2,0.2,0.0,0.433333333,0.066666667,0.566666667,0.733333333,0.466666667,0.3,0.0,0.066666667,0.066666667,0.0,0.0,0.233333333,0.4,0.333333333,0.566666667,1.3,0.566666667,0.133333333,1.2,0.0,0.0,0.0,0.0,0.3,0.066666667,0.0,0.0,0.066666667,0.0,0.033333333,0.166666667,0.066666667,0.0,0.166666667,0.4978233575820923,0.2023525983095169,0.48033612966537476,0.19009684026241302,0.5490729212760925,0.17583046853542328,0.5606309175491333,0.29300227761268616,0.9298126697540283,0.2230168879032135,0.2445867359638214,0.21437795460224152,0.08735992014408112,1.298283576965332,0.27623066306114197,0.34444716572761536,0.24653230607509613,0.10202276706695557,0.04779628664255142,0.4383639991283417,0.8173335790634155,0.06667567789554596,0.31599342823028564,0.08055099099874496,0.04708690196275711,0.24423615634441376,0.07929270714521408,0.05458790436387062,0.2780857980251312,0.23998470604419708,0.21250328421592712,0.047800805419683456,0.07488236576318741,0.3055702745914459,0.05655907467007637,0.619957685470581,0.16560110449790955,0.05360369384288788,0.02208310179412365,0.2212228775024414,0.28976696729660034,0.16794022917747498,0.10314963757991791,0.22031499445438385,0.1545993536710739,0.24453137814998627,0.1431761533021927,0.18462342023849487,0.2528071105480194,0.16250382363796234,0.07176141440868378
AO882,0.233333333,0.0,0.433333333,0.166666667,0.3,0.0,0.533333333,0.433333333,0.433333333,0.0,0.0,0.033333333,0.0,1.366666667,0.5,0.433333333,0.166666667,0.066666667,0.0,0.866666667,1.266666667,0.433333333,0.933333333,0.3,0.433333333,0.233333333,0.933333333,0.066666667,0.5,0.266666667,0.366666667,0.133333333,0.133333333,0.1,0.066666667,0.6,0.0,0.1,0.166666667,1.033333333,0.3,0.2,0.0,0.133333333,0.233333333,0.0,0.0,0.066666667,0.066666667,0.266666667,0.033333333,0.3506604731082916,0.19678179919719696,0.4361167848110199,0.2272883802652359,0.45825305581092834,0.13585500419139862,0.30394724011421204,0.2679474949836731,0.47897717356681824,0.170052170753479,0.13095687329769135,0.12331391870975494,0.05111415311694145,1.0859239101409912,0.3413836658000946,0.38112321496009827,0.4425072968006134,0.3453384041786194,0.2715795934200287,0.6468054056167603,1.0063531398773193,0.13983513414859772,0.4835391938686371,0.17272762954235077,0.04693150147795677,0.18118971586227417,0.2155579775571823,0.1428191214799881,0.2825232446193695,0.28095123171806335,0.3245285451412201,0.5429067015647888,0.1590711921453476,0.2733636796474457,0.20143504440784454,0.5701839327812195,0.1315743327140808,0.09145611524581909,0.36887988448143005,0.8872467875480652,0.29611897468566895,0.16362766921520233,0.10622508823871613,0.20328357815742493,0.19912037253379822,0.25455766916275024,0.1375761181116104,0.2546488642692566,0.2366698831319809,0.15790238976478577,0.10532225668430328
AP839,0.233333333,0.0,0.3,0.0,0.0,0.0,0.0,0.066666667,0.266666667,0.0,0.066666667,0.1,0.0,0.4,0.533333333,0.266666667,0.266666667,0.0,0.0,0.4,0.133333333,0.433333333,0.133333333,0.133333333,0.0,0.366666667,0.266666667,0.2,1.966666667,0.966666667,0.8,1.333333333,2.466666667,0.033333333,0.5,0.533333333,0.0,0.1,0.266666667,0.966666667,0.0,0.0,0.1,0.0,0.0,0.4,0.0,0.133333333,0.1,0.0,0.066666667,0.3984805643558502,0.20517897605895996,0.3517550826072693,0.06903098523616791,0.1706131249666214,0.11984937638044357,0.2764081656932831,0.1831202507019043,0.8158431649208069,0.1823929250240326,0.2012026458978653,0.21789567172527313,0.05554978549480438,0.9904870986938477,0.2430870532989502,0.25110703706741333,0.17457427084445953,0.02391798421740532,0.04952891543507576,0.26737844944000244,0.2477658987045288,0.25135570764541626,0.210088312625885,0.33036351203918457,0.06580352038145065,0.27131810784339905,0.1773613691329956,0.16205690801143646,0.5721331834793091,0.5292766094207764,0.47662147879600525,0.529136061668396,0.19241288304328918,0.18783734738826752,0.21769115328788757,0.4710457921028137,0.11806057393550873,0.11433400213718414,0.05920945852994919,0.5024497509002686,0.12687519192695618,0.13913388550281525,0.16145744919776917,0.19911055266857147,0.1044008880853653,0.26878589391708374,0.14069832861423492,0.2171483039855957,0.22101131081581116,0.1274770200252533,0.08070001751184464
