stimulus,true_Green,true_Cucumber,true_Herbal,true_Mint,true_Woody,true_Pine,true_Floral,true_Powdery,true_Fruity,true_Citrus,true_Tropical,true_Berry,true_Peach,true_Sweet,true_Caramellic,true_Vanilla,true_BrownSpice,true_Smoky,true_Burnt,true_Roasted,true_Grainy,true_Meaty,true_Nutty,true_Fatty,true_Coconut,true_Waxy,true_Dairy,true_Buttery,true_Cheesy,true_Sour,true_Fermented,true_Sulfurous,true_Garlic.Onion,true_Earthy,true_Mushroom,true_Musty,true_Ammonia,true_Fishy,true_Fecal,true_Rotten.Decay,true_Rubber,true_Phenolic,true_Animal,true_Medicinal,true_Cooling,true_Sharp,true_Chlorine,true_Alcoholic,true_Plastic,true_Ozone,true_Metallic,pred_Green,pred_Cucumber,pred_Herbal,pred_Mint,pred_Woody,pred_Pine,pred_Floral,pred_Powdery,pred_Fruity,pred_Citrus,pred_Tropical,pred_Berry,pred_Peach,pred_Sweet,pred_Caramellic,pred_Vanilla,pred_BrownSpice,pred_Smoky,pred_Burnt,pred_Roasted,pred_Grainy,pred_Meaty,pred_Nutty,pred_Fatty,pred_Coconut,pred_Waxy,pred_Dairy,pred_Buttery,pred_Cheesy,pred_Sour,pred_Fermented,pred_Sulfurous,pred_Garlic.Onion,pred_Earthy,pred_Mushroom,pred_Musty,pred_Ammonia,pred_Fishy,pred_Fecal,pred_Rotten.Decay,pred_Rubber,pred_Phenolic,pred_Animal,pred_Medicinal,pred_Cooling,pred_Sharp,pred_Chlorine,pred_Alcoholic,pred_Plastic,pred_Ozone,pred_Metallic
AA097,0.307692308,2.538461538,0.076923077,0.192307692,0.0,0.0,0.038461538,0.192307692,0.346153846,0.0,0.0,0.0,0.0,0.653846154,0.0,0.0,0.0,0.0,0.0,1.653846154,2.115384615,0.0,0.884615385,0.384615385,0.0,0.0,0.076923077,0.153846154,0.0,0.0,0.0,0.0,0.0,0.0,0.0,0.0,0.0,0.115384615,0.0,0.192307692,0.0,0.0,0.0,0.0,0.076923077,0.0,0.384615385,0.0,0.0,0.0,0.0,0.5535423159599304,1.9847527742385864,0.5042797923088074,0.22007901966571808,0.2908689081668854,0.20106692612171173,0.3459126949310303,0.2240881323814392,0.5997450947761536,0.16273058950901031,0.17264719307422638,0.21268604695796967,0.08010084182024002,1.109779953956604,0.12084173411130905,0.22244098782539368,0.1421698033809662,0.07344233989715576,0.04831851273775101,0.12306704372167587,0.36489564180374146,0.0648031160235405,0.14248916506767273,0.08561134338378906,0.003207320347428322,0.12394414842128754,0.07242181897163391,0.014417421072721481,0.11871020495891571,0.17457590997219086,0.1662466675043106,0.133314847946167,0.0415627546608448,0.19729284942150116,0.059014320373535156,0.4344192445278168,0.13218063116073608,0.017174705862998962,0.028874367475509644,0.10423994809389114,0.16076938807964325,0.1570892184972763,0.047871604561805725,0.12887197732925415,0.28519517183303833,0.19629913568496704,0.07226089388132095,0.25012439489364624,0.14841827750205994,0.2050076425075531,0.07593841850757599
AA808,0.0,0.0,0.0,0.0,0.384615385,0.0,0.115384615,0.307692308,0.0,0.0,0.0,0.038461538,0.0,0.384615385,0.0,0.0,0.0,0.346153846,0.230769231,1.5,1.346153846,0.346153846,0.653846154,0.846153846,0.0,0.0,0.538461538,0.230769231,0.692307692,0.115384615,0.0,0.346153846,0.346153846,0.076923077,0.038461538,0.038461538,0.0,0.884615385,0.153846154,0.769230769,0.0,0.0,0.269230769,0.0,0.0,0.0,0.0,0.0,0.0,0.0,0.0,0.407553106546402,0.09193596243858337,0.3323901891708374,0.05326820909976959,0.23731335997581482,0.07664506137371063,0.11952454596757889,0.18223607540130615,0.28515952825546265,0.027926461771130562,0.11200156807899475,0.199663445353508,0.06924673169851303,0.6696687936782837,0.13729546964168549,0.21091456711292267,0.15989148616790771,0.13967548310756683,0.1666579693555832,0.4324992597103119,0.5067301988601685,0.27894601225852966,0.49417972564697266,0.49685177206993103,0.038220956921577454,0.08345987647771835,0.4168853461742401,0.35537225008010864,0.5445549488067627,0.2147977352142334,0.2442302256822586,0.2791265547275543,0.6303815841674805,0.2174244225025177,0.2671217918395996,0.5200814008712769,0.1332390457391739,0.5319405794143677,0.03256234526634216,0.7410150766372681,0.15797245502471924,0.13518348336219788,0.12635719776153564,0.16243594884872437,0.06822317093610764,0.14676079154014587,0.06637704372406006,0.23624257743358612,0.17349855601787567,0.09988956898450851,0.07535864412784576
AB378,0.0,0.0,0.166666667,3.388888889,0.111111111,0.0,0.055555556,0.666666667,0.0,0.277777778,0.0,0.0,0.0,1.111111111,0.166666667,0.166666667,0.0,0.111111111,0.0,0.833333333,1.222222222,0.0,0.611111111,0.222222222,0.055555556,0.0,0.0,0.722222222,0.222222222,0.277777778,0.166666667,0.0,0.0,0.0,0.0,0.0,0.0,0.0,0.0,0.0,0.0,0.0,0.0,0.0,1.111111111,0.0,0.0,0.0,0.0,0.222222222,0.0,0.41170117259025574,0.12499740719795227,0.4901711046695709,2.8695273399353027,0.32251012325286865,0.18277350068092346,0.3004545271396637,0.2374846488237381,0.3784194588661194,0.12210682779550552,0.17214548587799072,0.1882840245962143,0.06417645514011383,1.1732256412506104,0.20633713901042938,0.35220766067504883,0.1894475817680359,0.12883107364177704,0.08519945293664932,0.12559707462787628,0.19648800790309906,0.0695502758026123,0.09592388570308685,0.07147974520921707,0.014370853081345558,0.07371294498443604,0.11650882661342621,0.0846804603934288,0.18818798661231995,0.13709034025669098,0.22862236201763153,0.1336534321308136,0.044447485357522964,0.17074082791805267,0.05405960604548454,0.3492646813392639,0.17851035296916962,0.014468526467680931,0.03580702841281891,0.09789575636386871,0.17248527705669403,0.21623864769935608,0.0648312196135521,0.3623405694961548,0.9949126243591309,0.2873184382915497,0.1606437861919403,0.2877071797847748,0.24262554943561554,0.14310714602470398,0.08572793006896973
AB398,0.0,0.0,0.333333333,0.0,0.5,0.277777778,0.0,0.0,0.0,0.0,0.0,0.0,0.0,0.055555556,0.0,0.0,0.0,0.333333333,0.0,1.111111111,2.055555556,0.0,1.5,0.0,0.0,0.166666667,0.0,0.388888889,0.0,0.0,0.0,0.0,0.0,0.111111111,0.055555556,1.166666667,0.0,0.0,0.0,0.0,0.722222222,0.944444444,0.0,0.111111111,0.444444444,0.0,0.222222222,0.0,0.388888889,0.0,0.0,0.49117985367774963,0.13356705009937286,0.6931273937225342,0.318551629781723,0.5521002411842346,0.2723079025745392,0.22306793928146362,0.2510121762752533,0.1139773428440094,0.023244304582476616,0.09852228313684464,0.05608176067471504,0.05892442539334297,0.5980427861213684,0.22772473096847534,0.24167196452617645,0.23909685015678406,0.6579487919807434,0.10148017853498459,0.24733740091323853,0.28575029969215393,0.07796899974346161,0.1495646983385086,0.07871636748313904,0.0025002211332321167,0.1420649290084839,0.08964503556489944,0.037417951971292496,0.10522693395614624,0.14372913539409637,0.1916084587574005,0.1354925036430359,0.03782854229211807,0.22184813022613525,0.08160446584224701,0.7610799670219421,0.13993403315544128,0.010751310735940933,0.028705034404993057,0.09530459344387054,0.49621278047561646,0.27054956555366516,0.09289008378982544,0.30549776554107666,0.37648653984069824,0.15941064059734344,0.13126440346240997,0.25150907039642334,0.3935812711715698,0.18363571166992188,0.1226721853017807
AB425,0.0,0.0,0.0,0.0,0.0,0.0,0.055555556,0.055555556,0.111111111,0.0,0.0,0.0,0.0,0.0,0.0,0.0,0.0,0.388888889,0.277777778,2.666666667,2.222222222,0.444444444,1.555555556,0.333333333,0.0,0.0,0.0,0.666666667,0.111111111,0.0,0.444444444,0.166666667,0.222222222,0.222222222,0.166666667,0.277777778,0.0,0.0,0.055555556,0.0,0.0,0.0,0.555555556,0.0,0.0,0.222222222,0.0,0.055555556,0.0,0.0,0.0,0.41370081901550293,0.09436974674463272,0.23318549990653992,0.05935957282781601,0.2683469355106354,0.11965162307024002,0.18406103551387787,0.1697571575641632,0.22096353769302368,0.0506606251001358,0.09862913936376572,0.09688764065504074,0.058297671377658844,0.4990444779396057,0.3208228051662445,0.20577426254749298,0.0803845152258873,0.4880351722240448,0.9418373107910156,1.1625216007232666,0.7005029916763306,0.3963164687156677,0.5124238133430481,0.14886383712291718,0.02443470060825348,0.09857606142759323,0.05025854706764221,0.11092063039541245,0.12476954609155655,0.299597829580307,0.26104870438575745,0.2562783658504486,0.7390139698982239,0.2491656094789505,0.14743782579898834,0.5429630279541016,0.22427326440811157,0.1432546228170395,0.033198803663253784,0.23388631641864777,0.27905961871147156,0.1505427062511444,0.3333030343055725,0.117104172706604,0.039025288075208664,0.19136294722557068,0.08066827803850174,0.25580665469169617,0.15003974735736847,0.12546779215335846,0.07224666327238083
AB465,0.0,0.0,0.0,0.0,0.0,0.0,0.0,0.0,0.0,0.0,0.0,0.0,0.0,0.0,0.0,0.0,0.0,0.0,0.0,1.333333333,1.555555556,0.277777778,0.888888889,0.333333333,0.0,0.0,0.333333333,0.722222222,0.444444444,0.166666667,0.222222222,0.0,3.555555556,0.0,0.0,0.0,0.0,0.0,0.0,0.0,0.0,0.0,0.0,0.0,0.0,0.166666667,0.0,0.0,0.0,0.0,0.0,0.3988993167877197,0.0786948874592781,0.3691225051879883,0.04639001190662384,0.23988808691501617,0.08187142014503479,0.16143293678760529,0.17210939526557922,0.25573134422302246,0.019166456535458565,0.09534861892461777,0.043156448751688004,0.055324312299489975,0.42651432752609253,0.13814793527126312,0.16009336709976196,0.07153348624706268,0.200774148106575,0.2849946618080139,0.7540658712387085,0.4567790925502777,0.3606179356575012,0.2842552661895752,0.09283588826656342,0.013573063537478447,0.11099965870380402,0.0863787904381752,0.08362774550914764,0.16821400821208954,0.258857399225235,0.33006590604782104,0.2387325018644333,3.325883388519287,0.22365105152130127,0.11685075610876083,0.574823796749115,0.11757759749889374,0.017489466816186905,0.03678714856505394,0.12827233970165253,0.17232419550418854,0.12867574393749237,0.1278342604637146,0.13866427540779114,0.06507965177297592,0.15629680454730988,0.07832125574350357,0.2434709370136261,0.18294991552829742,0.11791028827428818,0.14246772229671478
AC155,0.214285714,0.0,0.0,0.0,0.0,0.035714286,0.0,0.0,0.035714286,0.142857143,0.0,0.0,0.0,0.178571429,0.321428571,0.25,0.0,0.214285714,0.142857143,2.464285714,2.5,0.142857143,1.285714286,0.5,0.214285714,0.321428571,0.0,0.642857143,0.357142857,0.0,0.0,0.071428571,0.142857143,0.0,0.0,0.071428571,0.142857143,0.0,0.0,0.0,0.0,0.107142857,0.0,0.071428571,0.0,0.0,0.142857143,0.178571429,0.0,0.0,0.0,0.4359337091445923,0.10184407979249954,0.37915241718292236,0.3545326292514801,0.2704567015171051,0.10363134741783142,0.1517532467842102,0.18020395934581757,0.26931849122047424,0.07478222995996475,0.10011754184961319,0.06259427219629288,0.05754059925675392,0.6799393892288208,0.23728211224079132,0.2160891890525818,0.26102644205093384,0.22423748672008514,0.1574258804321289,0.643568217754364,0.7422981858253479,0.26924940943717957,0.5398384928703308,0.08842584490776062,0.02243930473923683,0.058630503714084625,0.12254440039396286,0.07761017233133316,0.1314876824617386,0.179257333278656,0.2618068754673004,0.25576168298721313,0.4106487035751343,0.24329553544521332,0.18859252333641052,0.573020339012146,0.18464751541614532,0.03286963328719139,0.061614710837602615,0.20608870685100555,0.18139243125915527,0.19613860547542572,0.15233972668647766,0.16905634105205536,0.0854434221982956,0.14575961232185364,0.04634442925453186,0.3008198142051697,0.22147244215011597,0.13266827166080475,0.10893874615430832
AC478,0.321428571,0.035714286,0.071428571,0.0,0.0,0.0,0.035714286,0.0,0.035714286,0.25,0.0,0.0,0.0,0.107142857,0.357142857,0.357142857,0.0,0.035714286,0.142857143,2.0,2.5,0.214285714,1.25,0.321428571,0.071428571,0.0,0.0,0.357142857,0.107142857,0.0,0.357142857,0.142857143,0.142857143,0.0,0.892857143,0.107142857,0.178571429,0.107142857,0.0,0.071428571,0.0,0.0,0.071428571,0.0,0.071428571,0.25,0.0,0.25,0.0,0.0,0.0,0.5068152546882629,0.12290976196527481,0.4699298143386841,0.11965367943048477,0.2709495723247528,0.13045400381088257,0.1895952671766281,0.18690656125545502,0.29831966757774353,0.07066336274147034,0.10875584185123444,0.13165004551410675,0.06218615919351578,0.5629981756210327,0.1491566002368927,0.19717523455619812,0.09428112208843231,0.16753019392490387,0.14534883201122284,0.4575127959251404,0.36095675826072693,0.28086864948272705,0.1874234825372696,0.2272690385580063,0.04672190174460411,0.09993063658475876,0.13403360545635223,0.07564724236726761,0.1616087257862091,0.18619652092456818,0.23388080298900604,0.20398704707622528,0.3902956545352936,0.2115064263343811,0.2456059455871582,0.5852851867675781,0.11167062819004059,0.13073967397212982,0.04721373692154884,0.37224361300468445,0.18022388219833374,0.15208128094673157,0.10845106840133667,0.14355701208114624,0.10333329439163208,0.20153433084487915,0.10848186910152435,0.27818527817726135,0.2602674663066864,0.1520310342311859,0.08334255963563919
AE659,0.074074074,0.0,0.555555556,2.037037037,0.222222222,0.074074074,0.0,0.259259259,0.37037037,0.074074074,0.0,0.148148148,0.0,1.0,0.0,0.148148148,0.0,0.0,0.0,0.0,0.074074074,0.0,0.0,0.0,0.0,0.0,0.407407407,0.0,0.037037037,0.407407407,0.0,0.111111111,0.037037037,0.037037037,0.0,0.074074074,0.37037037,0.111111111,0.148148148,0.703703704,0.111111111,0.296296296,0.0,0.592592593,1.111111111,0.518518519,0.296296296,0.555555556,0.518518519,0.0,0.0,0.34809958934783936,0.11163078248500824,0.3625834286212921,0.875442624092102,0.3025681674480438,0.13681010901927948,0.3337652087211609,0.24747343361377716,0.5918170809745789,0.07343443483114243,0.2385483831167221,0.2531853914260864,0.10330070555210114,1.1244866847991943,0.26060375571250916,0.30103185772895813,0.10001353919506073,0.07116231322288513,0.052639517933130264,0.04252680763602257,0.059319209307432175,0.04993096739053726,0.09098608046770096,0.06476637721061707,0.02688981592655182,0.07826583832502365,0.10561159998178482,0.0413786917924881,0.11286190152168274,0.1275278925895691,0.29166778922080994,0.1342773139476776,0.04544594883918762,0.18360677361488342,0.05181115120649338,0.3969095051288605,0.15540309250354767,0.010531903244554996,0.03451014682650566,0.10172079503536224,0.11548898369073868,0.2041914165019989,0.05657327547669411,0.4352322518825531,0.8635761737823486,0.5256998538970947,0.12730343639850616,0.37339314818382263,0.18910737335681915,0.12100981175899506,0.06259379535913467
AG069,0.166666667,0.0,0.066666667,0.133333333,0.0,0.0,0.0,0.0,0.066666667,0.0,0.066666667,0.1,0.1,0.7,0.166666667,0.266666667,0.0,0.033333333,0.0,0.0,0.266666667,0.0,0.1,0.0,0.0,0.0,0.733333333,1.3,1.5,0.3,0.1,0.233333333,0.0,0.033333333,0.066666667,0.133333333,0.0,0.0,0.166666667,0.033333333,0.0,0.0,0.0,0.0,0.2,0.033333333,0.0,0.166666667,0.0,0.0,0.0,0.3914424777030945,0.1063753217458725,0.3371945023536682,0.1001565232872963,0.2872975170612335,0.10908573865890503,0.3389507830142975,0.22328244149684906,0.8919076919555664,0.059470608830451965,0.3471212089061737,0.23115846514701843,0.08864161372184753,0.9180389046669006,0.229714497923851,0.2885563373565674,0.04996179789304733,0.042362332344055176,0.04703812673687935,0.06728257983922958,0.1647738814353943,0.061588555574417114,0.1452242136001587,0.07393687963485718,0.039841704070568085,0.10439588129520416,0.18708686530590057,0.16601566970348358,0.21223106980323792,0.2785390317440033,0.3875413239002228,0.14034485816955566,0.06895779073238373,0.1869303584098816,0.06970582902431488,0.5000110268592834,0.10934443026781082,0.01654452458024025,0.039355430752038956,0.11844456940889359,0.11063972115516663,0.126460000872612,0.06124802306294441,0.1315726488828659,0.026691090315580368,0.11546124517917633,0.05404967442154884,0.2889699339866638,0.09464631974697113,0.1304352879524231,0.06507398188114166
AG298,0.3,0.066666667,0.166666667,0.0,0.333333333,0.1,0.0,0.0,0.1,0.066666667,0.066666667,0.066666667,0.0,0.8,0.533333333,0.5,0.166666667,0.266666667,0.233333333,0.7,1.233333333,0.266666667,1.433333333,0.033333333,0.2,0.0,0.833333333,0.466666667,0.366666667,0.2,0.0,0.133333333,0.0,0.166666667,0.033333333,0.266666667,0.233333333,0.0,0.033333333,0.033333333,0.0,0.166666667,0.066666667,0.0,0.0,0.0,0.0,0.2,0.0,0.0,0.0,0.3876658082008362,0.07944725453853607,0.36851778626441956,0.11633754521608353,0.39121922850608826,0.08828961104154587,0.24714337289333344,0.21046027541160583,0.8138347864151001,0.05816192179918289,0.18502052128314972,0.21247462928295135,0.07016237825155258,0.9056004285812378,0.3887465298175812,0.3713240623474121,0.07848804444074631,0.07093393057584763,0.052097588777542114,0.29398733377456665,0.5039563775062561,0.06441602855920792,0.5363909602165222,0.07272948324680328,0.07271970063447952,0.09760945290327072,0.13975782692432404,0.0806301012635231,0.11328165978193283,0.16562603414058685,0.21795961260795593,0.1322198063135147,0.03616577014327049,0.21025076508522034,0.15581899881362915,0.38288891315460205,0.11834816634654999,0.025233406573534012,0.02604546584188938,0.09938286989927292,0.14563095569610596,0.15667366981506348,0.0666738972067833,0.1821291744709015,0.2050517499446869,0.2213018387556076,0.14555169641971588,0.3792424201965332,0.16943277418613434,0.1488521695137024,0.08712232112884521
AG354,0.2,0.0,0.233333333,0.133333333,0.266666667,0.033333333,0.466666667,0.333333333,0.766666667,0.066666667,0.0,0.1,0.0,0.566666667,0.266666667,0.333333333,0.233333333,0.266666667,0.2,0.166666667,0.1,0.233333333,0.466666667,0.166666667,0.0,0.2,0.0,0.0,0.066666667,0.0,0.4,0.0,0.066666667,0.2,0.0,0.833333333,0.0,0.0,0.033333333,0.066666667,0.533333333,0.366666667,0.266666667,0.366666667,0.2,0.133333333,0.0,0.2,0.5,0.033333333,0.166666667,0.35568565130233765,0.037703584879636765,0.2449800968170166,0.11539202928543091,0.2654379904270172,0.0722067579627037,0.1196938082575798,0.1758263111114502,0.19375653564929962,0.01780168153345585,0.12847667932510376,0.09449809789657593,0.07064389437437057,0.6999406218528748,0.11889534443616867,0.26634958386421204,0.07093261927366257,0.08528262376785278,0.11233005672693253,0.30312421917915344,0.30841439962387085,0.22280147671699524,0.18178698420524597,0.07811939716339111,0.04003089293837547,0.07206356525421143,0.19083617627620697,0.19055810570716858,0.233559250831604,0.28567057847976685,0.14990830421447754,0.2455000877380371,0.41663798689842224,0.2143372893333435,0.0648532286286354,0.4642503261566162,0.09940286725759506,0.031679797917604446,0.06505726277828217,0.3408010005950928,0.16052305698394775,0.13182085752487183,0.09044360369443893,0.15551318228244781,0.10413657128810883,0.14855316281318665,0.034047987312078476,0.23744116723537445,0.1563878208398819,0.10748252272605896,0.07686134427785873
AG810,0.433333333,0.033333333,0.466666667,0.3,0.133333333,0.466666667,0.033333333,0.166666667,0.733333333,0.0,0.133333333,0.066666667,0.0,0.4,0.033333333,0.2,0.0,0.0,0.0,0.0,0.0,0.0,0.0,0.0,0.0,0.0,0.0,0.0,0.166666667,0.066666667,0.166666667,0.1,0.033333333,0.0,0.0,0.5,0.2,0.0,0.033333333,0.1,0.133333333,0.1,0.0,2.766666667,1.066666667,0.266666667,0.0,0.533333333,0.133333333,0.066666667,0.4,0.34529978036880493,0.0754326730966568,0.38918283581733704,0.5117006897926331,0.28754401206970215,0.13019424676895142,0.32071664929389954,0.22330708801746368,0.6772727966308594,0.030476894229650497,0.2514730393886566,0.23333027958869934,0.1102856770157814,0.7977912425994873,0.221473827958107,0.2295132577419281,0.11618635803461075,0.05615140497684479,0.04349970072507858,0.035933274775743484,0.05497629940509796,0.04794624447822571,0.11211168020963669,0.06110505387187004,0.025732073932886124,0.08685098588466644,0.1264653354883194,0.08115459978580475,0.11595462262630463,0.12795022130012512,0.29196444153785706,0.13917970657348633,0.06089304760098457,0.18973767757415771,0.05369172245264053,0.5021032094955444,0.1452445089817047,0.010280019603669643,0.03741390258073807,0.10216379165649414,0.11327362805604935,0.22204816341400146,0.05808752402663231,0.5789300799369812,0.828650951385498,0.3732812702655792,0.12242531776428223,0.39190271496772766,0.21490584313869476,0.11549220234155655,0.06674950569868088
AG869,0.5,0.0,0.333333333,0.1,0.3,0.1,0.066666667,0.033333333,0.566666667,0.0,0.0,0.233333333,0.0,0.566666667,0.433333333,0.1,0.0,0.3,0.033333333,0.833333333,1.133333333,0.5,1.166666667,0.1,0.0,0.2,0.0,0.2,0.0,0.033333333,0.3,0.066666667,0.133333333,0.066666667,0.0,0.666666667,0.3,0.0,0.0,0.066666667,0.066666667,0.066666667,0.1,0.066666667,0.3,0.033333333,0.0,0.233333333,0.166666667,0.0,0.0,0.3684380352497101,0.04659830406308174,0.2978782057762146,0.10682311654090881,0.3288818299770355,0.08929522335529327,0.10139884799718857,0.18259385228157043,0.17990538477897644,0.019793037325143814,0.10018372535705566,0.06504494696855545,0.059252217411994934,0.8302886486053467,0.32714587450027466,0.2615419626235962,0.13674719631671906,0.24470210075378418,0.19839946925640106,0.5206842422485352,0.5651308298110962,0.22593094408512115,0.7894895672798157,0.07782543450593948,0.05692947283387184,0.07784418761730194,0.09957657009363174,0.07060397416353226,0.12741532921791077,0.31850874423980713,0.17430885136127472,0.2610315680503845,0.31463029980659485,0.2518060803413391,0.11405491083860397,0.5357436537742615,0.2123621702194214,0.02816319279372692,0.03395400568842888,0.22514668107032776,0.17410467565059662,0.17317532002925873,0.10288190096616745,0.16591015458106995,0.11615235358476639,0.18751631677150726,0.05657944455742836,0.30852407217025757,0.22966644167900085,0.13398799300193787,0.12468114495277405
AH402,0.433333333,0.066666667,0.333333333,0.433333333,0.333333333,0.3,0.4,0.0,0.9,0.0,0.133333333,0.3,0.066666667,0.8,0.4,0.466666667,0.166666667,0.033333333,0.0,0.033333333,0.0,0.0,0.133333333,0.0,0.0,0.133333333,0.266666667,0.0,0.133333333,0.1,0.066666667,0.166666667,0.166666667,0.1,0.066666667,0.066666667,0.0,0.0,0.033333333,0.033333333,0.3,0.466666667,0.0,0.933333333,0.566666667,0.0,0.0,0.333333333,0.533333333,0.233333333,0.1,0.3446282744407654,0.09145809710025787,0.3347354531288147,0.15138961374759674,0.28610652685165405,0.10140500217676163,0.4100112318992615,0.22674234211444855,0.7318256497383118,0.037293486297130585,0.18219546973705292,0.17455728352069855,0.08696725219488144,1.0483741760253906,0.248803973197937,0.3037276566028595,0.10392289608716965,0.05832390487194061,0.04478636384010315,0.0038357966113835573,0.029494650661945343,0.04893992468714714,0.11274639517068863,0.06744538992643356,0.016014548018574715,0.10492099076509476,0.11916054040193558,0.13445629179477692,0.11743344366550446,0.13553845882415771,0.23260319232940674,0.13595150411128998,0.046083737164735794,0.1986640989780426,0.05373398959636688,0.4758134186267853,0.12899033725261688,0.03783510625362396,0.0662674531340599,0.10204513370990753,0.12435182929039001,0.17132534086704254,0.061386242508888245,0.33897149562835693,0.2261190116405487,0.3635159134864807,0.0969722643494606,0.37604865431785583,0.24237260222434998,0.13231873512268066,0.08725609630346298
AH541,0.166666667,0.2,0.266666667,0.0,0.0,0.0,0.6,0.166666667,1.7,0.1,1.366666667,1.366666667,0.266666667,1.066666667,0.0,0.3,0.0,0.0,0.0,0.066666667,0.1,0.0,0.066666667,0.066666667,0.1,0.1,0.2,0.233333333,0.666666667,0.2,0.566666667,0.033333333,0.0,0.0,0.1,0.266666667,0.1,0.0,0.033333333,0.033333333,0.0,0.0,0.0,0.2,0.033333333,0.133333333,0.0,0.166666667,0.066666667,0.066666667,0.1,0.42279237508773804,0.39676326513290405,0.40006279945373535,0.21502172946929932,0.3026103675365448,0.09078817069530487,0.517322838306427,0.24251624941825867,1.4768604040145874,0.18561965227127075,0.5702767968177795,0.6035307049751282,0.10867343097925186,1.0876754522323608,0.14491543173789978,0.30644428730010986,0.08872602134943008,0.04344423860311508,0.04563123360276222,0.06947324424982071,0.08757535368204117,0.06356264650821686,0.10993000119924545,0.0833762139081955,0.03307490423321724,0.1249450147151947,0.1319066733121872,0.1443810909986496,0.24538712203502655,0.2485475242137909,0.43546074628829956,0.13512256741523743,0.13788467645645142,0.18102751672267914,0.07200625538825989,0.3879019618034363,0.11492975801229477,0.0412229523062706,0.074986033141613,0.14910736680030823,0.11267830431461334,0.14394669234752655,0.07467503100633621,0.14750845730304718,0.12930601835250854,0.20916718244552612,0.09547046571969986,0.25276002287864685,0.11305997520685196,0.15685056149959564,0.05319254845380783
AH666,0.166666667,0.0,0.333333333,0.0,0.366666667,0.166666667,0.433333333,0.233333333,0.933333333,0.166666667,0.066666667,0.5,0.066666667,1.0,0.3,0.633333333,0.266666667,0.0,0.0,0.066666667,0.233333333,0.0,0.133333333,0.0,0.0,0.166666667,0.166666667,0.066666667,0.366666667,0.066666667,0.3,0.066666667,0.133333333,0.0,0.0,0.266666667,0.166666667,0.0,0.033333333,0.133333333,0.1,0.4,0.1,0.533333333,0.066666667,0.0,0.0,0.133333333,0.166666667,0.0,0.0,0.3437129259109497,0.08094284683465958,0.38935598731040955,0.20161043107509613,0.2816321551799774,0.12590157985687256,0.302164226770401,0.24432505667209625,0.9872422814369202,0.04387378692626953,0.21898959577083588,0.35676637291908264,0.07840608060359955,0.9038140177726746,0.1945802867412567,0.28011786937713623,0.17499634623527527,0.06307580322027206,0.04579026997089386,0.17138396203517914,0.18118228018283844,0.08420609682798386,0.17051962018013,0.0705728530883789,0.0527915433049202,0.08185335993766785,0.11737921833992004,0.04986967146396637,0.10819111764431,0.18663200736045837,0.2814587652683258,0.14405246078968048,0.06245443969964981,0.19032889604568481,0.055621709674596786,0.4636172950267792,0.1408279836177826,0.032431937754154205,0.02785719372332096,0.12358885258436203,0.1523200273513794,0.15365418791770935,0.09768299013376236,0.18206284940242767,0.2356700450181961,0.1924007087945938,0.06416746228933334,0.339158833026886,0.18879199028015137,0.1341104507446289,0.10281204432249069
AJ018,0.5,0.0,0.466666667,0.0,0.4,0.066666667,0.433333333,0.1,0.1,0.0,0.0,0.0,0.0,0.5,0.133333333,0.033333333,0.166666667,0.066666667,0.2,0.0,0.0,0.0,0.0,0.3,0.0,1.1,0.0,0.1,0.2,0.433333333,0.0,0.033333333,0.1,0.4,0.2,1.266666667,0.033333333,0.066666667,0.0,0.133333333,0.533333333,0.233333333,0.0,0.1,0.033333333,0.133333333,0.0,0.033333333,0.333333333,0.0,0.233333333,0.4244771897792816,0.05215201899409294,0.4956572651863098,0.14497871696949005,0.2784101068973541,0.19264152646064758,0.44970381259918213,0.2071077823638916,0.5228305459022522,0.16570304334163666,0.11640897393226624,0.18108263611793518,0.07218882441520691,0.7775333523750305,0.22954076528549194,0.13966430723667145,0.17409345507621765,0.07638553529977798,0.06915362924337387,0.13660423457622528,0.28023427724838257,0.06890099495649338,0.45010972023010254,0.08260112255811691,0.05243171006441116,0.3571135699748993,0.050468701869249344,0.08551749587059021,0.19565214216709137,0.26286208629608154,0.1906517744064331,0.13485246896743774,0.05605499818921089,0.20068223774433136,0.07173928618431091,0.8322911262512207,0.27738863229751587,0.28182876110076904,0.050151895731687546,0.23639310896396637,0.20971454679965973,0.16167187690734863,0.12098921835422516,0.18624944984912872,0.2073112577199936,0.428171843290329,0.11519940197467804,0.291923463344574,0.34410932660102844,0.14512844383716583,0.161778062582016
AJ058,0.3,0.1,0.266666667,0.1,0.233333333,0.0,0.533333333,0.166666667,1.033333333,0.133333333,0.0,0.0,0.0,1.833333333,0.4,0.266666667,0.933333333,0.133333333,0.1,0.366666667,0.433333333,0.0,0.7,0.533333333,0.2,0.4,0.0,0.0,0.2,0.266666667,0.0,0.233333333,0.0,0.3,0.066666667,0.3,0.233333333,0.1,0.0,0.2,0.1,0.033333333,0.033333333,0.1,0.166666667,0.5,0.033333333,0.566666667,0.0,0.266666667,0.0,0.3904983401298523,0.04798242077231407,0.41921958327293396,0.43188923597335815,0.33120596408843994,0.16878294944763184,0.2342592030763626,0.28447872400283813,0.16376745700836182,0.27846550941467285,0.10636889934539795,0.04510074853897095,0.05795109644532204,1.275018572807312,0.4038889408111572,0.37758684158325195,0.5800255537033081,0.24981102347373962,0.19446857273578644,0.4545336961746216,0.34177446365356445,0.2494238317012787,0.3010479807853699,0.0932355672121048,0.049030154943466187,0.11865650117397308,0.06802593171596527,0.030144164338707924,0.11572707444429398,0.1928698569536209,0.19628389179706573,0.161213219165802,0.4682820439338684,0.19853858649730682,0.06639805436134338,0.4822070300579071,0.138493612408638,0.04571593925356865,0.043233729898929596,0.1806500107049942,0.22904954850673676,0.20981404185295105,0.09877602010965347,0.26222920417785645,0.20264832675457,0.17676329612731934,0.08113949000835419,0.27124035358428955,0.3349348306655884,0.22064322233200073,0.11166474223136902
AJ062,0.172413793,0.0,0.517241379,0.172413793,0.24137931,0.137931034,0.206896552,0.310344828,0.689655172,0.103448276,0.068965517,0.103448276,0.0,1.068965517,0.379310345,0.275862069,0.379310345,0.0,0.137931034,0.172413793,0.034482759,0.0,0.275862069,0.034482759,0.0,0.068965517,0.0,0.0,0.0,0.275862069,0.137931034,0.0,0.172413793,0.172413793,0.0,0.793103448,0.172413793,0.0,0.0,0.034482759,0.206896552,0.379310345,0.0,0.517241379,0.206896552,0.655172414,0.172413793,1.24137931,0.344827586,0.206896552,0.344827586,0.40303781628608704,0.04849971830844879,0.4676178991794586,0.18710006773471832,0.3133998513221741,0.1415514200925827,0.2050817310810089,0.2727070450782776,0.2602929472923279,0.09559867531061172,0.10796760022640228,0.08956080675125122,0.056151051074266434,0.9963253736495972,0.28570839762687683,0.2737361788749695,0.42289790511131287,0.20009365677833557,0.1354082077741623,0.32324936985969543,0.1645708829164505,0.31983181834220886,0.1726483851671219,0.09530892968177795,0.021893726661801338,0.11554884910583496,0.05107077956199646,0.014418237842619419,0.11441671848297119,0.2739907503128052,0.22486905753612518,0.16478289663791656,0.10401256382465363,0.18572963774204254,0.061487723141908646,0.5487819910049438,0.13299794495105743,0.04129088670015335,0.04787905514240265,0.18630583584308624,0.2399033010005951,0.269156277179718,0.1202484592795372,0.22983631491661072,0.16364045441150665,0.2144951969385147,0.096368707716465,0.2528882622718811,0.25051772594451904,0.21481376886367798,0.13275472819805145
AJ070,0.0,0.0,0.233333333,0.3,0.333333333,0.333333333,0.433333333,0.0,1.066666667,0.066666667,0.0,0.266666667,0.0,1.733333333,0.666666667,0.5,2.5,0.0,0.133333333,0.033333333,0.233333333,0.0,0.0,0.066666667,0.0,0.2,0.0,0.0,0.0,0.0,0.533333333,0.0,0.0,0.166666667,0.0,0.066666667,0.033333333,0.0,0.0,0.0,0.0,0.033333333,0.066666667,0.433333333,0.133333333,0.1,0.0,0.0,0.066666667,0.033333333,0.0,0.40803787112236023,0.05492160841822624,0.476512610912323,0.1328779011964798,0.36718299984931946,0.09942314773797989,0.28579992055892944,0.2482292801141739,0.6834119558334351,0.17719276249408722,0.11647845059633255,0.12311789393424988,0.06716455519199371,1.0942866802215576,0.38150933384895325,0.2657146751880646,0.4196990132331848,0.32260602712631226,0.28510957956314087,0.4350588023662567,0.36463624238967896,0.24613693356513977,0.250388503074646,0.11195041984319687,0.03363126143813133,0.11405061185359955,0.04314292594790459,0.04562583565711975,0.11393305659294128,0.26551514863967896,0.18934966623783112,0.2655591368675232,0.5442065000534058,0.2062380462884903,0.08610474318265915,0.5641231536865234,0.1886371225118637,0.031504303216934204,0.03180943429470062,0.16200268268585205,0.3513105511665344,0.17801110446453094,0.09979569166898727,0.4132747948169708,0.32644978165626526,0.27585458755493164,0.0893992930650711,0.3026583790779114,0.3069286346435547,0.18149368464946747,0.09285224229097366
AJ108,0.310344828,0.0,0.344827586,0.0,0.103448276,0.0,0.517241379,0.310344828,2.24137931,0.103448276,0.551724138,1.103448276,0.206896552,1.517241379,0.310344828,0.379310345,0.482758621,0.0,0.103448276,0.0,0.068965517,0.0,0.068965517,0.0,0.0,0.103448276,0.0,0.0,0.0,0.275862069,0.482758621,0.0,0.0,0.068965517,0.0,0.275862069,0.034482759,0.0,0.0,0.068965517,0.172413793,0.103448276,0.0,0.275862069,0.310344828,0.068965517,0.068965517,0.344827586,0.103448276,0.034482759,0.103448276,0.5793913006782532,0.15797555446624756,0.5466158390045166,0.2514413297176361,0.39766091108322144,0.14114397764205933,0.28798750042915344,0.2149672508239746,0.7000077366828918,0.1526385396718979,0.18347254395484924,0.25267279148101807,0.06210651993751526,1.0365148782730103,0.18582980334758759,0.181656152009964,0.389638751745224,0.06680349260568619,0.05638742074370384,0.4357895255088806,0.49749717116355896,0.15753334760665894,0.6650828123092651,0.08764893561601639,0.012620107270777225,0.15855780243873596,0.061129167675971985,0.033107221126556396,0.12867842614650726,0.3054414689540863,0.24207153916358948,0.13600146770477295,0.135536327958107,0.2025204598903656,0.11458806693553925,0.6218474507331848,0.11575678735971451,0.02683047205209732,0.02865201234817505,0.15130464732646942,0.14948466420173645,0.1646910309791565,0.13840298354625702,0.1877470761537552,0.22334124147891998,0.2937721908092499,0.09514641016721725,0.29420197010040283,0.21218755841255188,0.16978350281715393,0.12015592306852341
AJ119,0.066666667,0.0,0.366666667,0.166666667,0.6,0.233333333,0.166666667,0.266666667,0.633333333,0.1,0.166666667,0.0,0.0,1.4,0.366666667,0.733333333,0.633333333,0.866666667,0.233333333,0.633333333,0.2,1.233333333,0.366666667,0.7,0.166666667,0.3,0.233333333,0.1,0.066666667,0.3,0.233333333,0.066666667,0.0,0.0,0.0,0.2,0.0,0.0,0.0,0.1,0.0,0.2,0.0,0.1,0.166666667,0.066666667,0.0,0.466666667,0.166666667,0.333333333,0.066666667,0.4324400722980499,0.05074967443943024,0.4412481486797333,0.23371459543704987,0.4205831289291382,0.12188003212213516,0.16308185458183289,0.27276501059532166,0.4812028706073761,0.1953107714653015,0.15090686082839966,0.15411923825740814,0.05906278267502785,1.1352427005767822,0.29781484603881836,0.35147979855537415,0.3195606470108032,0.1740463525056839,0.11736346781253815,0.29235705733299255,0.17551545798778534,0.17078335583209991,0.1712043285369873,0.09630054980516434,0.035484131425619125,0.1816169172525406,0.08504826575517654,0.045967280864715576,0.16974776983261108,0.34159958362579346,0.31440454721450806,0.15617981553077698,0.14556953310966492,0.1874397099018097,0.06936372816562653,0.6747077703475952,0.13580472767353058,0.0958101898431778,0.05067117512226105,0.2461514174938202,0.23040777444839478,0.37839430570602417,0.14000222086906433,0.208184614777565,0.18351222574710846,0.2953472137451172,0.11620929092168808,0.2780381739139557,0.24337871372699738,0.2501949667930603,0.1449836939573288
AJ192,0.133333333,0.0,0.4,0.0,0.366666667,0.0,1.0,0.433333333,1.1,0.0,0.0,0.6,0.1,1.8,0.566666667,0.4,2.3,0.1,0.0,0.1,0.1,0.0,0.1,0.0,0.0,0.066666667,0.0,0.0,0.0,0.333333333,0.266666667,0.0,0.0,0.066666667,0.0,0.066666667,0.033333333,0.033333333,0.0,0.133333333,0.0,0.0,0.166666667,0.9,0.166666667,0.0,0.0,0.0,0.066666667,0.033333333,0.0,0.49273985624313354,0.20135456323623657,0.5209135413169861,0.46325498819351196,0.29573002457618713,0.15976794064044952,0.4135027825832367,0.22189190983772278,0.8272960782051086,0.14880172908306122,0.19054673612117767,0.2555601894855499,0.061233457177877426,0.9562807679176331,0.1796092689037323,0.18496167659759521,0.3923150897026062,0.10667306929826736,0.058911941945552826,0.2525111436843872,0.31579744815826416,0.11857177317142487,0.23669157922267914,0.10162785649299622,0.027626430615782738,0.09368725121021271,0.05042017623782158,0.06560398638248444,0.15674272179603577,0.40161266922950745,0.3526761531829834,0.14917899668216705,0.18974712491035461,0.1947537362575531,0.17152522504329681,0.460448294878006,0.13117675483226776,0.060882266610860825,0.03491940349340439,0.17428778111934662,0.18605367839336395,0.186025470495224,0.10596270859241486,0.1067563146352768,0.21514292061328888,0.30931177735328674,0.08599632978439331,0.2969498038291931,0.22841084003448486,0.13423244655132294,0.16858071088790894
AJ244,0.172413793,0.0,0.344827586,0.275862069,0.413793103,0.034482759,0.827586207,0.24137931,1.310344828,0.068965517,0.517241379,0.517241379,0.103448276,1.965517241,0.482758621,0.24137931,1.103448276,0.137931034,0.0,0.172413793,0.172413793,0.0,0.310344828,0.137931034,0.137931034,0.172413793,0.0,0.0,0.0,0.172413793,0.24137931,0.0,0.0,0.068965517,0.0,0.517241379,0.0,0.0,0.0,0.137931034,0.310344828,0.137931034,0.034482759,0.551724138,0.103448276,0.034482759,0.0,0.0,0.103448276,0.103448276,0.0,0.5147590041160583,0.5204362869262695,0.507091224193573,0.3652114272117615,0.338222473859787,0.1826554536819458,0.4352322816848755,0.26458287239074707,0.8622041940689087,0.18042533099651337,0.16056334972381592,0.2362300455570221,0.06534276157617569,1.165516972541809,0.28037017583847046,0.23394516110420227,0.5369558930397034,0.07028204202651978,0.0919918492436409,0.23080290853977203,0.2808666229248047,0.08072548359632492,0.2337501049041748,0.08436650782823563,0.01393166184425354,0.13768747448921204,0.06361120939254761,0.04518398270010948,0.1242777556180954,0.30029910802841187,0.28213298320770264,0.14871372282505035,0.10800560563802719,0.1989753544330597,0.12160570174455643,0.4661617577075958,0.12718898057937622,0.09912280738353729,0.029038015753030777,0.13447019457817078,0.26960545778274536,0.1603970229625702,0.08833353221416473,0.1494627296924591,0.2129218578338623,0.2840636968612671,0.09560536593198776,0.29609739780426025,0.2533399760723114,0.1673509031534195,0.06979590654373169
AJ261,0.166666667,0.0,0.7,0.466666667,0.033333333,0.133333333,0.466666667,0.133333333,1.033333333,0.1,0.233333333,0.366666667,0.1,1.266666667,0.133333333,0.2,0.4,0.066666667,0.0,0.266666667,0.366666667,0.1,0.5,0.266666667,0.1,0.2,0.0,0.0,0.433333333,0.233333333,0.3,0.1,0.0,0.0,0.0,0.566666667,0.0,0.033333333,0.0,0.0,0.0,0.133333333,0.0,0.733333333,0.466666667,0.266666667,0.0,0.233333333,0.466666667,0.0,0.133333333,0.5084642767906189,0.05769769474864006,0.6113250255584717,0.16430585086345673,0.5009937882423401,0.186501145362854,0.4447520971298218,0.27817070484161377,0.7548259496688843,0.10865719616413116,0.20112338662147522,0.2884490191936493,0.0724743977189064,1.0345640182495117,0.334621787071228,0.3191482722759247,0.47931984066963196,0.08444810658693314,0.05335167050361633,0.2430090457201004,0.254648894071579,0.07584097981452942,0.21978074312210083,0.09150677919387817,0.019327227026224136,0.15789295732975006,0.06709545850753784,0.024707339704036713,0.12718281149864197,0.2841082811355591,0.31546756625175476,0.1359696090221405,0.07541919499635696,0.20932962000370026,0.096573106944561,0.5074944496154785,0.11336077004671097,0.08652845770120621,0.027975236997008324,0.1165914461016655,0.26367494463920593,0.15613172948360443,0.10452497005462646,0.16967259347438812,0.13964545726776123,0.26344242691993713,0.12115146219730377,0.28285378217697144,0.2831462025642395,0.17702332139015198,0.07832970470190048
AJ438,0.137931034,0.0,0.206896552,0.275862069,0.275862069,0.0,0.034482759,0.24137931,0.689655172,0.0,0.068965517,0.0,0.0,1.137931034,0.931034483,0.448275862,0.793103448,1.034482759,1.137931034,0.620689655,0.482758621,0.275862069,0.310344828,0.103448276,0.068965517,0.137931034,0.0,0.0,0.0,0.206896552,0.103448276,0.0,0.0,0.0,0.0,0.310344828,0.137931034,0.206896552,0.0,0.310344828,0.0,0.172413793,0.0,0.344827586,0.206896552,0.75862069,0.0,0.517241379,0.137931034,0.206896552,0.103448276,0.4016949534416199,0.09929041564464569,0.47152623534202576,0.09288845956325531,0.3641740083694458,0.1568220853805542,0.3385785222053528,0.24032698571681976,0.7645009756088257,0.2290555238723755,0.12036404758691788,0.1465919464826584,0.06633666902780533,1.0976321697235107,0.2848379611968994,0.23663902282714844,0.35593122243881226,0.22199924290180206,0.19419807195663452,0.31360891461372375,0.22579720616340637,0.2729361951351166,0.303027868270874,0.08434846252202988,0.030695952475070953,0.10647252947092056,0.04164528474211693,0.011282455176115036,0.12274991720914841,0.2780548334121704,0.2144298553466797,0.25662457942962646,0.5515191555023193,0.2061222642660141,0.07260244339704514,0.6285082697868347,0.19490669667720795,0.03958607465028763,0.03264753893017769,0.1795213669538498,0.31177467107772827,0.1889674812555313,0.11946548521518707,0.3014726936817169,0.2656054198741913,0.27481338381767273,0.09489548206329346,0.278620183467865,0.2207459807395935,0.16696520149707794,0.1134631559252739
AJ449,0.366666667,0.133333333,0.066666667,0.0,0.2,0.0,0.366666667,0.1,1.5,0.1,0.366666667,0.433333333,0.1,1.533333333,0.266666667,0.266666667,0.033333333,0.0,0.0,0.066666667,0.0,0.0,0.0,0.266666667,0.0,0.333333333,0.333333333,0.166666667,0.1,1.133333333,0.866666667,0.0,0.0,0.1,0.0,0.333333333,0.066666667,0.066666667,0.0,0.0,0.2,0.233333333,0.1,0.233333333,0.166666667,0.533333333,0.133333333,0.566666667,0.3,0.066666667,0.0,0.4587855637073517,0.31679391860961914,0.520597517490387,0.281228244304657,0.33820483088493347,0.11412086337804794,0.36550039052963257,0.26482951641082764,0.6257684230804443,0.19582614302635193,0.10517929494380951,0.2045796811580658,0.07505776733160019,1.2668765783309937,0.2841838300228119,0.3967618942260742,0.3505077064037323,0.10995984077453613,0.10616180300712585,0.24327772855758667,0.23568765819072723,0.17307046055793762,0.2987998127937317,0.10824349522590637,0.01745188608765602,0.2499028593301773,0.084138885140419,0.06820791214704514,0.20902520418167114,0.5852982401847839,0.2685530483722687,0.16609829664230347,0.08920537680387497,0.19479140639305115,0.08763662725687027,0.5559577345848083,0.16675451397895813,0.12141739577054977,0.03761361911892891,0.21181899309158325,0.33324918150901794,0.16296051442623138,0.1363842934370041,0.16183625161647797,0.17674359679222107,0.4384145736694336,0.07014326006174088,0.2952057123184204,0.2393314093351364,0.1377609372138977,0.12164713442325592
AJ647,0.034482759,0.0,0.034482759,0.0,0.344827586,0.0,0.0,0.0,0.172413793,0.0,0.0,0.0,0.0,0.482758621,0.275862069,0.137931034,0.206896552,0.24137931,0.0,2.172413793,2.517241379,0.103448276,2.275862069,0.275862069,0.0,0.0,0.068965517,0.482758621,0.344827586,0.0,0.0,0.0,0.103448276,0.137931034,0.24137931,0.172413793,0.0,0.0,0.0,0.0,0.103448276,0.068965517,0.0,0.0,0.0,0.0,0.0,0.0,0.0,0.103448276,0.0,0.44702956080436707,0.14192914962768555,0.3973257839679718,0.18359579145908356,0.31233543157577515,0.09658355265855789,0.34663882851600647,0.22617687284946442,0.6273548603057861,0.07954910397529602,0.16842415928840637,0.13616590201854706,0.05980914831161499,1.0712207555770874,0.26115545630455017,0.2690085470676422,0.2637263238430023,0.07295221835374832,0.07127784192562103,0.36938396096229553,0.3529995083808899,0.14001011848449707,0.3428001403808594,0.11862842738628387,0.05270764231681824,0.10714750736951828,0.18125741183757782,0.1446022242307663,0.12455996125936508,0.2814507484436035,0.30325791239738464,0.15673676133155823,0.1700175255537033,0.19093644618988037,0.08803386986255646,0.5883448719978333,0.12239637225866318,0.021747877821326256,0.03566531836986542,0.11600296199321747,0.17327654361724854,0.18780824542045593,0.11398094147443771,0.1848359853029251,0.14916758239269257,0.2656230926513672,0.06162981316447258,0.3063710927963257,0.20707391202449799,0.1404673457145691,0.10194998979568481
AJ733,0.344827586,0.0,0.344827586,0.551724138,0.137931034,0.068965517,0.068965517,0.103448276,0.586206897,0.0,0.0,0.137931034,0.0,0.965517241,0.137931034,0.068965517,0.379310345,0.034482759,0.379310345,0.137931034,0.310344828,0.103448276,0.0,0.0,0.0,0.137931034,0.0,0.068965517,0.0,0.413793103,0.137931034,0.034482759,0.24137931,0.310344828,0.068965517,1.103448276,0.24137931,0.137931034,0.0,0.068965517,0.655172414,0.24137931,0.034482759,0.827586207,0.448275862,0.172413793,0.310344828,0.172413793,0.24137931,0.24137931,0.103448276,0.4744890034198761,0.1324525773525238,0.46353527903556824,0.4793696105480194,0.5232911109924316,0.2320687621831894,0.5971192717552185,0.3277638256549835,1.0439127683639526,0.23045992851257324,0.2696286737918854,0.4008084833621979,0.07032883912324905,1.3070557117462158,0.4979862868785858,0.38490378856658936,0.44981077313423157,0.13591814041137695,0.0941152572631836,0.1609446257352829,0.26614299416542053,0.07787167280912399,0.1334601640701294,0.08165457844734192,0.01973019354045391,0.1939958930015564,0.046952638775110245,0.03788236528635025,0.11690002679824829,0.19386513531208038,0.14108867943286896,0.1296720802783966,0.031284768134355545,0.19231748580932617,0.09466614574193954,0.6451576948165894,0.19439198076725006,0.04943530261516571,0.033415306359529495,0.12046322971582413,0.22957411408424377,0.18092787265777588,0.08665736764669418,0.16504181921482086,0.21239440143108368,0.18489356338977814,0.09036140143871307,0.2955840528011322,0.319452702999115,0.1965956836938858,0.12014888226985931
AJ809,0.133333333,0.0,0.366666667,0.0,0.133333333,0.0,0.066666667,0.066666667,0.2,0.0,0.0,0.0,0.0,0.7,0.3,0.333333333,0.133333333,0.2,0.066666667,1.7,2.433333333,0.133333333,0.766666667,0.233333333,0.133333333,0.0,0.166666667,0.2,0.0,0.333333333,0.2,0.1,0.0,0.166666667,0.1,0.4,0.133333333,0.0,0.133333333,0.0,0.433333333,0.333333333,0.0,0.0,0.033333333,0.233333333,0.0,0.433333333,0.366666667,0.066666667,0.0,0.3899669349193573,0.09630899131298065,0.32504895329475403,0.09550453722476959,0.3589079678058624,0.08302437514066696,0.17517447471618652,0.2114591896533966,0.46039217710494995,0.10081379860639572,0.11894833296537399,0.09592103213071823,0.059000030159950256,1.1244481801986694,0.46273115277290344,0.4302375912666321,0.2838135063648224,0.16675254702568054,0.19596223533153534,0.4200087785720825,0.36049050092697144,0.06996536999940872,0.4638199806213379,0.08441176265478134,0.06192651018500328,0.1224459633231163,0.2876928746700287,0.11976101249456406,0.11474476754665375,0.22463899850845337,0.14830328524112701,0.14231133460998535,0.057284604758024216,0.20507243275642395,0.06261525303125381,0.40295055508613586,0.14155738055706024,0.011785963550209999,0.03421583026647568,0.098839670419693,0.1994706094264984,0.18192410469055176,0.1058238297700882,0.2849048376083374,0.18134841322898865,0.33904600143432617,0.23701730370521545,0.4477400481700897,0.22531458735466003,0.11876213550567627,0.08740180730819702
AJ915,0.2,0.0,0.433333333,0.133333333,0.266666667,0.0,0.233333333,0.033333333,0.2,0.0,0.0,0.0,0.0,0.266666667,0.3,0.066666667,0.2,0.1,0.0,0.7,0.666666667,0.533333333,0.1,0.166666667,0.0,0.0,0.066666667,0.0,0.8,0.6,0.833333333,0.6,0.266666667,0.266666667,0.2,1.066666667,0.266666667,0.366666667,0.066666667,1.366666667,0.2,0.0,0.3,0.033333333,0.166666667,0.4,0.0,0.133333333,0.233333333,0.066666667,0.1,0.4294564723968506,0.24871782958507538,0.3439905345439911,0.20034895837306976,0.30532360076904297,0.1295049786567688,0.22000572085380554,0.28639113903045654,0.3227632939815521,0.011641315184533596,0.1046883836388588,0.035154350101947784,0.057467103004455566,1.1247562170028687,0.42353007197380066,0.43344828486442566,0.40069448947906494,0.3124113976955414,0.19527338445186615,0.4989510476589203,0.2852790653705597,0.3357742130756378,0.270597904920578,0.2629571557044983,0.03856724128127098,0.13187268376350403,0.18281525373458862,0.15828154981136322,0.24882738292217255,0.3629535734653473,0.20117995142936707,0.23488304018974304,0.2885587513446808,0.20485259592533112,0.19943833351135254,0.5663454532623291,0.1468551903963089,0.25294843316078186,0.11151581257581711,0.7103797793388367,0.17845670878887177,0.1998898833990097,0.16164948046207428,0.25465911626815796,0.11424071341753006,0.2005421221256256,0.06011607125401497,0.28815093636512756,0.2346784621477127,0.17441429197788239,0.08170555531978607
AJ986,0.0,0.0,0.620689655,0.137931034,0.068965517,0.034482759,0.068965517,0.310344828,0.275862069,0.0,0.0,0.103448276,0.0,1.24137931,0.551724138,0.448275862,0.931034483,1.275862069,0.103448276,0.793103448,0.172413793,1.862068966,0.310344828,0.655172414,0.0,0.172413793,0.0,0.0,0.0,0.275862069,0.172413793,0.0,0.448275862,0.0,0.24137931,0.275862069,0.137931034,0.0,0.0,0.0,0.068965517,0.206896552,0.24137931,0.413793103,0.137931034,0.275862069,0.137931034,0.137931034,0.0,0.206896552,0.103448276,0.37633636593818665,0.2599439322948456,0.37781959772109985,0.2167748659849167,0.3018912971019745,0.1370469331741333,0.14555437862873077,0.28267863392829895,0.18718235194683075,0.1430552750825882,0.10443411022424698,0.07909508049488068,0.05163555592298508,1.0291621685028076,0.36874517798423767,0.3676132559776306,0.495650053024292,0.19556619226932526,0.1338290274143219,0.5015342235565186,0.2681732475757599,0.2950934171676636,0.38551065325737,0.0975232943892479,0.05451677367091179,0.11712730675935745,0.0696261078119278,0.03428514674305916,0.10872674733400345,0.21187421679496765,0.19786201417446136,0.1730649769306183,0.24954038858413696,0.24380555748939514,0.0634622722864151,0.6813113689422607,0.142997607588768,0.07246232777833939,0.045272499322891235,0.19060680270195007,0.2370830625295639,0.2609809637069702,0.12506979703903198,0.23785634338855743,0.13645817339420319,0.22522449493408203,0.08765958249568939,0.2950136363506317,0.2532612681388855,0.19321765005588531,0.09875230491161346
AJ995,0.333333333,0.0,0.266666667,0.166666667,0.666666667,0.0,0.133333333,0.0,0.366666667,0.0,0.0,0.0,0.0,0.666666667,1.066666667,0.633333333,0.633333333,1.066666667,1.766666667,0.8,0.733333333,0.133333333,0.433333333,0.0,0.0,0.233333333,0.033333333,0.1,0.133333333,0.1,0.0,0.133333333,0.0,0.233333333,0.0,0.5,0.0,0.0,0.0,0.0,0.433333333,0.133333333,0.0,0.3,0.166666667,0.2,0.0,0.366666667,0.0,0.0,0.0,0.44058141112327576,0.1709567755460739,0.3134797513484955,0.05444924533367157,0.3095639646053314,0.09037245810031891,0.14959992468357086,0.23594509065151215,0.5041703581809998,0.45488038659095764,0.14136207103729248,0.10398026555776596,0.06384958326816559,1.030365228652954,0.3401424288749695,0.2615719735622406,0.4049171805381775,0.18639303743839264,0.2522484064102173,0.44253575801849365,0.3177190124988556,0.31055888533592224,0.26382744312286377,0.22226031124591827,0.03428797423839569,0.14819495379924774,0.06412456184625626,0.10932345688343048,0.14395789802074432,0.3222675323486328,0.23162388801574707,0.26504766941070557,0.639436662197113,0.20806990563869476,0.09186869114637375,0.6461365818977356,0.11130689084529877,0.08566323667764664,0.04895368590950966,0.19382746517658234,0.27313539385795593,0.16130119562149048,0.1400408297777176,0.1554894894361496,0.15112906694412231,0.2479863315820694,0.12461987137794495,0.23623275756835938,0.19270120561122894,0.18493758141994476,0.09535593539476395
AK010,0.3,0.0,0.366666667,0.0,0.0,0.566666667,0.4,0.4,1.166666667,3.5,0.533333333,0.3,0.0,2.066666667,0.166666667,0.3,0.133333333,0.0,0.0,0.0,0.2,0.0,0.0,0.0,0.0,0.066666667,0.0,0.0,0.0,0.7,0.133333333,0.0,0.0,0.0,0.0,0.166666667,0.233333333,0.0,0.0,0.0,0.066666667,0.0,0.0,0.4,0.1,0.4,0.0,0.1,0.0,0.0,0.2,0.4327056407928467,0.06051338091492653,0.41845041513442993,0.286301851272583,0.23192259669303894,0.1896999329328537,0.450217604637146,0.23156432807445526,0.5993093848228455,1.9122084379196167,0.14883670210838318,0.0916370153427124,0.06041480600833893,1.3571505546569824,0.28160080313682556,0.3185930550098419,0.14555513858795166,0.06904830038547516,0.19377504289150238,0.12151775509119034,0.0943617969751358,0.1303291618824005,0.15502722561359406,0.1286306083202362,0.010290754958987236,0.22842846810817719,0.08175217360258102,0.04400155693292618,0.17315176129341125,0.5157332420349121,0.2557515501976013,0.14284655451774597,0.1863992065191269,0.17432913184165955,0.06572678685188293,0.4518067240715027,0.1906249076128006,0.034993723034858704,0.041394513100385666,0.20015160739421844,0.11868885904550552,0.1251341998577118,0.13789889216423035,0.2056286782026291,0.16158999502658844,0.3688298165798187,0.1622670441865921,0.275566965341568,0.16413255035877228,0.12926124036312103,0.1354525089263916
AK135,0.433333333,0.1,0.433333333,0.0,0.166666667,0.5,0.666666667,0.566666667,0.666666667,1.4,0.1,0.066666667,0.0,1.1,0.0,0.066666667,0.066666667,0.133333333,0.0,0.166666667,0.1,0.0,0.0,0.0,0.0,0.1,0.0,0.0,0.066666667,0.233333333,0.166666667,0.0,0.0,0.1,0.033333333,0.566666667,0.266666667,0.0,0.0,0.0,0.033333333,0.166666667,0.0,0.466666667,0.0,0.466666667,0.833333333,0.433333333,0.3,0.366666667,0.333333333,0.4328001141548157,0.18279507756233215,0.44303813576698303,0.21157656610012054,0.3229491412639618,0.27879419922828674,0.5606780052185059,0.24867932498455048,0.9770200252532959,1.318253755569458,0.30509161949157715,0.30605530738830566,0.08070293068885803,1.5341198444366455,0.2879210114479065,0.3425849378108978,0.2295287847518921,0.0838029757142067,0.04422342777252197,0.15287581086158752,0.21205006539821625,0.046553101390600204,0.14837388694286346,0.1023692786693573,0.043922703713178635,0.20837925374507904,0.12115925550460815,0.05131756141781807,0.14365535974502563,0.45480895042419434,0.28889384865760803,0.13820016384124756,0.12584826350212097,0.19474656879901886,0.056448664516210556,0.4631097614765167,0.19548934698104858,0.007518448866903782,0.04664921388030052,0.16839781403541565,0.1285669207572937,0.13221979141235352,0.07920942455530167,0.18218114972114563,0.26467153429985046,0.26403889060020447,0.16639858484268188,0.3331410884857178,0.17703969776630402,0.14757832884788513,0.12387368828058243
AK361,0.366666667,0.0,0.4,0.0,0.166666667,0.066666667,0.766666667,0.1,0.7,0.866666667,0.066666667,0.133333333,0.2,1.833333333,0.6,1.333333333,0.266666667,0.166666667,0.366666667,0.3,1.0,0.133333333,0.433333333,0.1,0.0,0.3,0.033333333,0.3,0.433333333,0.333333333,0.2,0.0,0.0,0.133333333,0.0,0.7,0.1,0.0,0.0,0.0,0.0,0.0,0.0,0.1,0.0,0.1,0.133333333,0.166666667,0.0,0.066666667,0.166666667,0.44273778796195984,0.09848363697528839,0.5464504361152649,0.2116004079580307,0.48131975531578064,0.4058299958705902,0.5781979560852051,0.2483036071062088,0.8226882219314575,1.1467543840408325,0.2845286428928375,0.21789270639419556,0.06262096762657166,1.24809730052948,0.2386055439710617,0.2679886817932129,0.14870934188365936,0.06771650165319443,0.04783202335238457,0.14324159920215607,0.17537306249141693,0.052058249711990356,0.11688946187496185,0.0732346773147583,0.013553819619119167,0.20551134645938873,0.07352615147829056,0.03262040391564369,0.14100447297096252,0.366278737783432,0.27205052971839905,0.12689758837223053,0.1218012347817421,0.19868409633636475,0.057542841881513596,0.6498149633407593,0.23379145562648773,0.012944959104061127,0.05883050337433815,0.142129585146904,0.13136538863182068,0.13969258964061737,0.11723760515451431,0.17752328515052795,0.2656213045120239,0.29775428771972656,0.1845414638519287,0.25895434617996216,0.16215050220489502,0.13154400885105133,0.13915149867534637
AK366,0.566666667,0.0,0.433333333,0.0,0.133333333,0.1,0.433333333,0.333333333,1.533333333,0.366666667,0.2,0.4,0.0,1.733333333,0.333333333,0.3,0.433333333,0.033333333,0.033333333,0.1,0.1,0.0,0.566666667,0.233333333,0.066666667,0.2,0.0,0.133333333,0.0,0.3,0.4,0.0,0.1,0.166666667,0.0,0.233333333,0.1,0.0,0.0,0.0,0.1,0.333333333,0.066666667,0.3,0.2,0.8,0.333333333,0.733333333,0.3,0.0,0.133333333,0.4192584156990051,0.09986212849617004,0.45715418457984924,0.13562074303627014,0.29090023040771484,0.21632151305675507,0.3524320721626282,0.23593424260616302,0.6573164463043213,0.4325155019760132,0.14073674380779266,0.15826815366744995,0.060150157660245895,1.5467379093170166,0.2750677168369293,0.3407761752605438,0.31931570172309875,0.05677340552210808,0.04401293396949768,0.07136918604373932,0.1324310153722763,0.05109941214323044,0.13816438615322113,0.07107118517160416,0.018185604363679886,0.16584689915180206,0.056682925671339035,0.007287918124347925,0.12696486711502075,0.35273730754852295,0.19400125741958618,0.12925297021865845,0.03489675745368004,0.17046914994716644,0.0636267140507698,0.5814360976219177,0.16057662665843964,0.01499403826892376,0.025402681902050972,0.11573027819395065,0.11732741445302963,0.1431838572025299,0.07740477472543716,0.20928062498569489,0.1631440967321396,0.46289685368537903,0.23052941262722015,0.425459086894989,0.18364794552326202,0.15532004833221436,0.178853839635849
AK418,0.7,0.0,0.3,0.0,0.166666667,0.0,0.133333333,0.0,0.333333333,0.166666667,0.133333333,0.0,0.0,0.433333333,0.2,0.0,0.1,0.066666667,0.3,0.233333333,0.066666667,0.6,0.0,0.133333333,0.0,0.066666667,0.0,0.0,0.1,0.633333333,0.5,0.166666667,0.5,0.1,0.066666667,0.7,0.2,0.0,0.0,0.0,0.833333333,0.066666667,0.066666667,0.0,0.033333333,1.3,0.333333333,0.1,0.666666667,0.566666667,0.6,0.4565700888633728,0.07899890840053558,0.4705275893211365,0.0762772187590599,0.2362530380487442,0.12987057864665985,0.34492921829223633,0.20514824986457825,0.8045299053192139,0.19956310093402863,0.20984645187854767,0.2260126918554306,0.08252457529306412,0.8573257923126221,0.18285249173641205,0.14233170449733734,0.09141800552606583,0.057337116450071335,0.29378846287727356,0.2526586353778839,0.22379758954048157,0.33872637152671814,0.14871157705783844,0.155135840177536,0.025319894775748253,0.19665373861789703,0.06940137594938278,0.05961655080318451,0.15633541345596313,0.4707746207714081,0.3694763779640198,0.13296478986740112,0.21369485557079315,0.19006012380123138,0.06547053158283234,0.4362087547779083,0.19711382687091827,0.13503123819828033,0.027969324961304665,0.18234385550022125,0.3405624032020569,0.12408170849084854,0.11410409957170486,0.14482013881206512,0.14237503707408905,0.4230923652648926,0.17522728443145752,0.24148523807525635,0.42770498991012573,0.36408841609954834,0.2647209167480469
AK432,0.566666667,0.0,0.366666667,0.1,0.1,0.466666667,0.4,0.3,1.1,3.8,0.7,0.1,0.0,2.566666667,0.133333333,0.266666667,0.0,0.0,0.0,0.0,0.133333333,0.0,0.0,0.0,0.066666667,0.133333333,0.066666667,0.0,0.0,0.5,0.066666667,0.0,0.0,0.133333333,0.0,0.0,0.0,0.0,0.0,0.0,0.0,0.0,0.033333333,0.133333333,0.1,0.1,0.1,0.1,0.133333333,0.166666667,0.166666667,0.47382116317749023,0.13439849019050598,0.4346597492694855,0.2588227391242981,0.25385332107543945,0.17894990742206573,0.3316294252872467,0.22626625001430511,0.8805311322212219,1.3698351383209229,0.2576465308666229,0.20202086865901947,0.06943096965551376,1.1785755157470703,0.23544414341449738,0.15016688406467438,0.27899298071861267,0.07250650227069855,0.09903305023908615,0.10331396013498306,0.06786791235208511,0.053287994116544724,0.0956847295165062,0.10466723889112473,0.021521206945180893,0.2259477823972702,0.08131253719329834,0.04531712830066681,0.16014252603054047,0.4714384078979492,0.359706312417984,0.1392011046409607,0.2097281962633133,0.1840120255947113,0.06343100965023041,0.3304879665374756,0.13372109830379486,0.04434198886156082,0.03956950083374977,0.1338728815317154,0.12919101119041443,0.1239846721291542,0.08430217206478119,0.16994111239910126,0.17000429332256317,0.4413973391056061,0.1745295226573944,0.3338050842285156,0.1349286437034607,0.1506839394569397,0.1585109382867813
AK531,0.766666667,0.0,0.166666667,0.0,0.066666667,0.2,0.133333333,0.0,0.366666667,0.433333333,0.2,0.0,0.1,0.333333333,0.0,0.0,0.0,0.066666667,0.2,0.366666667,0.2,0.866666667,0.0,0.266666667,0.0,0.233333333,0.0,0.066666667,0.3,1.0,0.6,1.0,0.366666667,0.5,0.2,0.633333333,0.066666667,0.0,0.0,1.0,0.233333333,0.166666667,0.1,0.0,0.0,0.4,0.0,0.0,0.566666667,0.266666667,0.5,0.5117983222007751,0.08692052960395813,0.44250985980033875,0.028075722977519035,0.2304799109697342,0.12553882598876953,0.33144938945770264,0.19371342658996582,0.7868231534957886,0.16242802143096924,0.20092681050300598,0.2361140102148056,0.08185679465532303,0.7718806862831116,0.19350285828113556,0.11012004315853119,0.11526867747306824,0.07453174144029617,0.27581164240837097,0.39824554324150085,0.2698628902435303,0.3517009913921356,0.08434444665908813,0.2200811207294464,0.020073166117072105,0.20219217240810394,0.1513860821723938,0.06172185391187668,0.3438202440738678,0.5154532194137573,0.3801316022872925,0.15560494363307953,0.2446727454662323,0.19448120892047882,0.08863063156604767,0.4281547963619232,0.09438106417655945,0.027556516230106354,0.043320875614881516,0.37045538425445557,0.355521559715271,0.13185356557369232,0.08835837990045547,0.1295354813337326,0.10862552374601364,0.36027464270591736,0.22904638946056366,0.22237040102481842,0.41454753279685974,0.37984028458595276,0.23839308321475983
AK719,0.333333333,0.0,0.4,0.0,0.4,0.066666667,0.366666667,0.066666667,0.366666667,0.066666667,0.066666667,0.0,0.0,0.733333333,0.166666667,0.1,0.1,0.0,0.0,0.0,0.066666667,0.1,0.0,0.0,0.0,0.1,0.0,0.0,0.0,1.6,0.533333333,0.266666667,0.4,0.066666667,0.0,0.433333333,0.366666667,0.0,0.0,0.0,0.166666667,0.066666667,0.0,0.133333333,0.433333333,1.8,0.133333333,1.533333333,0.1,0.133333333,0.533333333,0.4165113568305969,0.06775568425655365,0.44610902667045593,0.08413198590278625,0.24749977886676788,0.08658477663993835,0.20155629515647888,0.20291347801685333,0.6627118587493896,0.022303683683276176,0.14072127640247345,0.15468592941761017,0.05994454771280289,0.7566566467285156,0.18909293413162231,0.14934417605400085,0.09955887496471405,0.058852992951869965,0.0814545527100563,0.28503167629241943,0.2248860001564026,0.17617852985858917,0.2968917787075043,0.26451942324638367,0.028632091358304024,0.16808652877807617,0.21849949657917023,0.0955365002155304,0.43313151597976685,0.5836738348007202,0.3352808356285095,0.1549607515335083,0.2151123732328415,0.18657812476158142,0.16474385559558868,0.4199378192424774,0.16881024837493896,0.37323638796806335,0.057545121759176254,0.6360941529273987,0.12934409081935883,0.11886744946241379,0.11130806058645248,0.15664134919643402,0.1254602074623108,0.3849344551563263,0.10078863799571991,0.25020307302474976,0.1142851859331131,0.1516471803188324,0.13051247596740723
AK727,0.4,0.0,0.266666667,0.233333333,0.566666667,0.133333333,0.533333333,0.266666667,0.8,0.0,0.1,0.266666667,0.0,1.433333333,0.166666667,0.6,0.066666667,0.266666667,0.166666667,0.2,0.233333333,0.0,0.266666667,0.0,0.0,0.066666667,0.0,0.0,0.0,0.266666667,0.233333333,0.033333333,0.0,0.066666667,0.0,0.466666667,0.0,0.0,0.0,0.1,0.666666667,0.066666667,0.0,0.533333333,0.5,0.333333333,0.133333333,0.266666667,0.533333333,0.2,0.133333333,0.3984754681587219,0.09162154048681259,0.3579035997390747,0.19868731498718262,0.2759231626987457,0.12779712677001953,0.30815717577934265,0.2334139049053192,0.69066321849823,0.15564295649528503,0.16680112481117249,0.2610577940940857,0.07138442993164062,1.1045236587524414,0.4158841669559479,0.41380825638771057,0.2772238850593567,0.09584470838308334,0.22574758529663086,0.36307045817375183,0.3565026521682739,0.3241730332374573,0.29496878385543823,0.30937427282333374,0.04445911571383476,0.11873932182788849,0.1262475699186325,0.20014020800590515,0.12614332139492035,0.43437063694000244,0.29436224699020386,0.15442781150341034,0.22704359889030457,0.18716977536678314,0.07523564249277115,0.4962376356124878,0.16269642114639282,0.08725760877132416,0.043118011206388474,0.3784767985343933,0.28132665157318115,0.1866944581270218,0.11019957810640335,0.37075182795524597,0.22569608688354492,0.3678659498691559,0.16593481600284576,0.2965516448020935,0.473615825176239,0.2795412540435791,0.14847345650196075
AM182,0.1,0.0,0.166666667,0.1,0.066666667,0.0,0.7,0.1,1.966666667,0.5,0.766666667,0.966666667,0.066666667,1.633333333,0.233333333,0.233333333,0.1,0.066666667,0.0,0.066666667,0.033333333,0.0,0.0,0.0,0.233333333,0.233333333,0.0,0.033333333,0.0,0.133333333,0.1,0.0,0.0,0.0,0.0,0.3,0.0,0.0,0.0,0.0,0.0,0.066666667,0.0,0.166666667,0.233333333,0.066666667,0.266666667,0.066666667,0.433333333,0.166666667,0.2,0.4894540011882782,0.10076581686735153,0.4242747724056244,0.1377643346786499,0.2646774351596832,0.12383845448493958,0.4208592474460602,0.22278530895709991,1.2297698259353638,0.24972522258758545,0.32575663924217224,0.38428783416748047,0.09772484749555588,1.1042779684066772,0.23610587418079376,0.29552000761032104,0.13657811284065247,0.055424027144908905,0.08290092647075653,0.2227616161108017,0.20102189481258392,0.10676665604114532,0.12314067035913467,0.07851558923721313,0.03185155615210533,0.1510966569185257,0.08441735804080963,0.0316290445625782,0.15923388302326202,0.472512811422348,0.3970537483692169,0.1504756063222885,0.18991979956626892,0.17901600897312164,0.06457550823688507,0.3862896263599396,0.08956688642501831,0.02473609708249569,0.03129541128873825,0.3072778582572937,0.25750043988227844,0.11957991123199463,0.09806361794471741,0.14254207909107208,0.11385677009820938,0.23288102447986603,0.08725232630968094,0.22790347039699554,0.23056277632713318,0.2666415870189667,0.11085794866085052
AM212,0.3,0.0,0.433333333,0.0,0.366666667,0.033333333,0.166666667,0.366666667,0.6,0.333333333,0.233333333,0.366666667,0.0,1.233333333,0.666666667,0.566666667,0.066666667,0.0,0.0,0.066666667,0.0,0.0,0.2,0.1,0.0,0.3,0.333333333,0.033333333,0.533333333,0.233333333,0.3,0.0,0.0,0.133333333,0.0,0.066666667,0.666666667,0.0,0.0,0.166666667,0.0,0.0,0.133333333,0.133333333,0.233333333,0.333333333,0.0,0.833333333,0.2,0.266666667,0.166666667,0.4054339528083801,0.10738197714090347,0.35590803623199463,0.10842904448509216,0.4083888828754425,0.16913190484046936,0.38481244444847107,0.2441919893026352,0.8158707618713379,0.3272767961025238,0.22724923491477966,0.26436537504196167,0.06894586980342865,1.4294676780700684,0.6613419651985168,0.5197687149047852,0.25605830550193787,0.08568613231182098,0.05816790461540222,0.2408336102962494,0.6066896319389343,0.11663056910037994,0.22416377067565918,0.09400776773691177,0.07444410771131516,0.2630559504032135,0.2194550633430481,0.027804303914308548,0.1719287931919098,0.3256619870662689,0.2945431172847748,0.15722593665122986,0.16803810000419617,0.20971061289310455,0.06337381899356842,0.5905589461326599,0.13454341888427734,0.05920026823878288,0.041471246629953384,0.18686161935329437,0.13369636237621307,0.13974221050739288,0.0947890505194664,0.18422630429267883,0.1826953887939453,0.2898731827735901,0.1589808166027069,0.3766861855983734,0.21253402531147003,0.16458965837955475,0.14860133826732635
AM431,0.233333333,0.166666667,0.466666667,0.233333333,0.4,0.066666667,0.2,0.0,0.933333333,0.3,0.466666667,0.333333333,0.0,1.2,0.0,0.233333333,0.1,0.033333333,0.0,0.4,0.433333333,0.3,0.233333333,0.033333333,0.066666667,0.066666667,0.1,0.1,0.5,0.466666667,0.1,0.233333333,1.533333333,0.266666667,0.066666667,0.566666667,0.0,0.0,0.0,0.0,0.066666667,0.0,0.0,0.133333333,0.166666667,0.2,0.0,0.066666667,0.1,0.0,0.3,0.4248637855052948,0.10004960000514984,0.45792901515960693,0.1500181406736374,0.27681195735931396,0.15270870923995972,0.33893924951553345,0.2169479876756668,0.9644783735275269,0.26716840267181396,0.27956295013427734,0.28353381156921387,0.06718148291110992,1.1469287872314453,0.2686346471309662,0.24894005060195923,0.18873728811740875,0.06976009905338287,0.10449112206697464,0.36231160163879395,0.27203574776649475,0.28583088517189026,0.14114797115325928,0.088319793343544,0.054913006722927094,0.1788976788520813,0.07082442939281464,0.06199187785387039,0.1570470780134201,0.35890039801597595,0.2768574059009552,0.1942565143108368,0.5921857953071594,0.2074781358242035,0.06293971091508865,0.6272648572921753,0.11065558344125748,0.01974557153880596,0.03133757784962654,0.1432218700647354,0.15278565883636475,0.11682204157114029,0.12363491952419281,0.18197813630104065,0.15895824134349823,0.23266977071762085,0.11002616584300995,0.24094685912132263,0.1290675401687622,0.13537630438804626,0.10548019409179688
AM435,0.4,0.0,1.1,1.433333333,0.833333333,0.433333333,0.2,0.566666667,0.833333333,0.2,0.166666667,0.066666667,0.0,1.466666667,0.433333333,0.633333333,0.433333333,0.166666667,0.1,0.2,0.0,0.066666667,0.166666667,0.066666667,0.0,0.0,0.0,0.0,0.0,0.3,0.3,0.2,0.166666667,0.233333333,0.0,0.733333333,0.033333333,0.0,0.0,0.0,0.533333333,0.066666667,0.0,0.266666667,0.933333333,0.666666667,0.133333333,0.566666667,0.166666667,0.2,0.166666667,0.4116987884044647,0.16195562481880188,0.7946029901504517,0.39713388681411743,0.6135163903236389,0.46623358130455017,0.7025697827339172,0.3300933241844177,0.9234339594841003,0.27764493227005005,0.3106796145439148,0.336701899766922,0.12654706835746765,1.4610120058059692,0.27390679717063904,0.3031976819038391,0.20575395226478577,0.11411315947771072,0.07170095294713974,0.10534396022558212,0.18126539885997772,0.06055060401558876,0.04806371033191681,0.0749322772026062,0.008694962598383427,0.125955268740654,0.05842139571905136,0.014814363792538643,0.1074189692735672,0.15573257207870483,0.18517252802848816,0.13153085112571716,0.15434065461158752,0.1748238056898117,0.05165066197514534,0.5717681050300598,0.11323710530996323,0.005995243322104216,0.027396749705076218,0.10304949432611465,0.20798590779304504,0.14215652644634247,0.06751810759305954,0.1882876753807068,0.35538387298583984,0.25789588689804077,0.14141859114170074,0.2505265772342682,0.17524354159832,0.16987846791744232,0.10332710295915604
AM881,0.4,0.0,0.366666667,0.0,0.566666667,0.1,0.6,0.133333333,0.833333333,0.1,0.6,0.233333333,0.366666667,1.966666667,0.333333333,0.866666667,0.0,0.1,0.0,0.1,0.333333333,0.133333333,0.0,0.166666667,1.466666667,0.9,0.133333333,0.166666667,0.0,0.066666667,0.033333333,0.0,0.0,0.0,0.0,0.2,0.033333333,0.0,0.0,0.0,0.066666667,0.0,0.0,0.166666667,0.166666667,0.066666667,0.0,0.0,0.0,0.166666667,0.0,0.39916157722473145,0.11910359561443329,0.4348509907722473,0.4739663600921631,0.3713025748729706,0.11206788569688797,0.5474364757537842,0.2616526484489441,0.8115047812461853,0.11006343364715576,0.3052106201648712,0.3661825954914093,0.12130752205848694,1.4080439805984497,0.4339981973171234,0.3780794143676758,0.14851072430610657,0.08170813322067261,0.0698854997754097,0.053188782185316086,0.11780718713998795,0.048237767070531845,0.10383502393960953,0.16690053045749664,0.5486825108528137,0.877661943435669,0.22517786920070648,0.40895211696624756,0.11494777351617813,0.1042870506644249,0.1959882378578186,0.13464058935642242,0.06531869620084763,0.16817130148410797,0.05670167878270149,0.2914749085903168,0.1469244807958603,0.010507103987038136,0.025300398468971252,0.09807021170854568,0.10575909912586212,0.14614003896713257,0.05360373854637146,0.2588290572166443,0.22117780148983002,0.18553511798381805,0.13631148636341095,0.2865496873855591,0.21114929020404816,0.14215674996376038,0.07035578787326813
AM911,0.666666667,0.0,0.466666667,0.033333333,0.633333333,0.1,0.433333333,0.266666667,0.2,0.066666667,0.0,0.0,0.0,0.633333333,0.133333333,0.133333333,0.0,0.0,0.066666667,1.333333333,1.5,0.533333333,0.6,0.066666667,0.0,0.0,0.0,0.2,0.2,0.366666667,0.133333333,0.266666667,0.433333333,0.733333333,0.1,0.6,0.033333333,0.0,0.033333333,0.0,0.066666667,0.0,0.166666667,0.033333333,0.066666667,0.066666667,0.2,0.066666667,0.066666667,0.0,0.066666667,0.43590617179870605,0.11179998517036438,0.6005343198776245,0.2282278686761856,0.464397132396698,0.14465394616127014,0.5996877551078796,0.26354241371154785,0.7395958304405212,0.11800644546747208,0.2514091432094574,0.2194882333278656,0.07680867612361908,0.90809166431427,0.30003786087036133,0.28795522451400757,0.1786646842956543,0.11214709281921387,0.08626622706651688,0.4556137025356293,0.48200753331184387,0.2346067577600479,0.2021304965019226,0.09549117088317871,0.03109443373978138,0.17361335456371307,0.09745167195796967,0.056971870362758636,0.13074462115764618,0.41596606373786926,0.24256521463394165,0.21555781364440918,1.0736074447631836,0.21123917400836945,0.061759836971759796,0.586372971534729,0.1473805159330368,0.022141141816973686,0.03460575267672539,0.12994056940078735,0.15957488119602203,0.1698724329471588,0.12385886162519455,0.20056644082069397,0.24156038463115692,0.21211440861225128,0.12830497324466705,0.23582549393177032,0.1549646258354187,0.15713223814964294,0.08138834685087204
AN301,0.133333333,0.4,0.5,0.2,0.733333333,0.133333333,0.633333333,0.9,0.233333333,0.166666667,0.0,0.066666667,0.066666667,1.4,0.666666667,0.466666667,0.2,0.266666667,0.066666667,0.3,0.133333333,0.266666667,0.1,0.266666667,0.0,0.266666667,0.333333333,0.0,0.1,0.5,0.166666667,0.1,0.0,0.1,0.1,0.266666667,0.0,0.0,0.0,0.0,0.466666667,0.266666667,0.0,0.2,0.133333333,0.133333333,0.0,0.233333333,0.366666667,0.2,0.066666667,0.4301116168498993,0.11642471700906754,0.5184293985366821,0.5627454519271851,0.4320829212665558,0.2937244474887848,0.5195638537406921,0.3180829882621765,0.7852105498313904,0.24814283847808838,0.24307890236377716,0.2478133887052536,0.07930238544940948,1.5600508451461792,0.43604910373687744,0.3514474928379059,0.42092978954315186,0.2013556957244873,0.08908642828464508,0.21487414836883545,0.3273003399372101,0.07147912681102753,0.105370432138443,0.09709655493497849,0.018149318173527718,0.24425378441810608,0.08731677383184433,0.035596173256635666,0.11995790898799896,0.23595522344112396,0.20698954164981842,0.1329767256975174,0.14078737795352936,0.18188799917697906,0.05085660144686699,0.5791873931884766,0.12356268614530563,0.011955901980400085,0.031939614564180374,0.10127686709165573,0.19370797276496887,0.15339568257331848,0.08561572432518005,0.20221202075481415,0.23821479082107544,0.19519957900047302,0.1177218109369278,0.24919910728931427,0.2267145812511444,0.13393893837928772,0.13227756321430206
AN303,0.333333333,0.0,0.9,0.133333333,1.233333333,0.266666667,0.233333333,0.266666667,0.2,0.0,0.0,0.133333333,0.0,0.966666667,0.166666667,0.166666667,0.133333333,0.2,0.1,1.266666667,1.833333333,0.1,1.2,0.066666667,0.066666667,0.2,0.166666667,0.4,0.2,0.033333333,0.066666667,0.1,0.1,0.2,0.033333333,0.266666667,0.0,0.0,0.0,0.0,0.266666667,0.1,0.0,0.0,0.0,0.133333333,0.166666667,0.233333333,0.433333333,0.0,0.133333333,0.4768352210521698,0.2607554495334625,0.40743157267570496,0.3155285120010376,0.3549099862575531,0.16345535218715668,0.27820757031440735,0.34848713874816895,0.46853309869766235,0.10200285911560059,0.1354999989271164,0.1730136126279831,0.07119843363761902,1.324514389038086,0.3937039375305176,0.3754769563674927,0.42553356289863586,0.14608362317085266,0.12749463319778442,0.26354295015335083,0.22887681424617767,0.09158296883106232,0.19643574953079224,0.2103860080242157,0.03334115073084831,0.14187189936637878,0.10184550285339355,0.06641077995300293,0.107540063560009,0.17944878339767456,0.21083909273147583,0.13242757320404053,0.03797941654920578,0.17274576425552368,0.05512866750359535,0.6643196940422058,0.114695243537426,0.013237985782325268,0.027967266738414764,0.10380080342292786,0.17278391122817993,0.1876809298992157,0.09707651287317276,0.2151722013950348,0.24007132649421692,0.19551295042037964,0.07073905318975449,0.2813681662082672,0.3053566813468933,0.184677854180336,0.11228659749031067
AN307,0.3,0.0,0.5,0.233333333,0.566666667,0.0,0.333333333,0.366666667,0.733333333,0.0,0.066666667,0.266666667,0.066666667,1.266666667,0.333333333,0.466666667,0.166666667,0.2,0.1,0.733333333,0.333333333,0.566666667,0.2,0.466666667,0.066666667,0.1,0.0,0.0,0.166666667,0.3,0.433333333,0.866666667,0.533333333,0.133333333,0.0,0.833333333,0.0,0.233333333,0.066666667,0.8,0.0,0.166666667,0.233333333,0.233333333,0.0,0.033333333,0.0,0.0,0.033333333,0.0,0.1,0.4667808413505554,0.12201269716024399,0.6070690751075745,0.3571375012397766,0.4795612692832947,0.2000710368156433,0.5500491261482239,0.3386152982711792,0.7638227939605713,0.27327287197113037,0.21684814989566803,0.2683151960372925,0.08493658900260925,1.2813013792037964,0.3358100950717926,0.30615735054016113,0.43950822949409485,0.11483291536569595,0.06322582811117172,0.39704960584640503,0.3866027593612671,0.08588043600320816,0.11707170307636261,0.15935717523097992,0.015852373093366623,0.1299584060907364,0.08001997321844101,0.10658752918243408,0.12624549865722656,0.2534255385398865,0.27073779702186584,0.14648990333080292,0.17537595331668854,0.1693732738494873,0.056550558656454086,0.5508998036384583,0.0982213169336319,0.04167238250374794,0.07098861783742905,0.16486738622188568,0.2099299281835556,0.1384202241897583,0.09541673958301544,0.17983898520469666,0.2162484973669052,0.1726321130990982,0.12305247783660889,0.23824110627174377,0.22092027962207794,0.16472193598747253,0.061216484755277634
AN561,0.5,0.0,0.766666667,0.0,0.566666667,0.233333333,0.5,0.0,0.633333333,0.033333333,0.233333333,0.2,0.0,1.133333333,0.366666667,0.433333333,0.433333333,0.133333333,0.133333333,0.633333333,1.8,0.133333333,0.933333333,0.066666667,0.233333333,0.133333333,0.0,0.366666667,0.1,0.433333333,0.366666667,0.4,0.466666667,0.266666667,0.366666667,0.9,0.033333333,0.133333333,0.0,0.033333333,0.066666667,0.0,0.1,0.0,0.066666667,0.3,0.0,0.1,0.2,0.0,0.1,0.47679635882377625,0.1595863252878189,0.6459658145904541,0.2858964204788208,0.4404386579990387,0.2444956749677658,0.6127737760543823,0.3264465928077698,0.7400449514389038,0.18180428445339203,0.28399425745010376,0.35862594842910767,0.11248110979795456,1.0486551523208618,0.2633870840072632,0.27194324135780334,0.19557955861091614,0.10684219747781754,0.04936697334051132,0.24019800126552582,0.17275723814964294,0.07382465153932571,0.08852169662714005,0.09593668580055237,0.004767477046698332,0.14367222785949707,0.10561223328113556,0.04322241246700287,0.13584116101264954,0.31992894411087036,0.23571345210075378,0.16332778334617615,0.24306297302246094,0.1696157157421112,0.060707639902830124,0.6407862901687622,0.12142232060432434,0.05681666359305382,0.07459794729948044,0.23505553603172302,0.19315263628959656,0.15494519472122192,0.09641653299331665,0.1986117660999298,0.18634331226348877,0.3103888928890228,0.1459893435239792,0.2595863938331604,0.19591403007507324,0.1754300445318222,0.08326200395822525
AO055,0.333333333,0.0,0.7,0.333333333,0.466666667,0.433333333,0.466666667,0.533333333,0.633333333,0.0,0.166666667,0.266666667,0.0,1.233333333,0.266666667,0.4,0.366666667,0.0,0.0,0.133333333,0.366666667,0.133333333,0.066666667,0.266666667,0.1,0.0,0.566666667,0.133333333,0.533333333,0.366666667,0.266666667,0.466666667,0.566666667,0.0,0.266666667,0.433333333,0.133333333,0.1,0.4,1.266666667,0.233333333,0.133333333,0.066666667,0.233333333,0.233333333,0.366666667,0.0,0.066666667,0.233333333,0.233333333,0.0,0.4299904406070709,0.15081466734409332,0.5191749930381775,0.3938848674297333,0.4284812808036804,0.1376817226409912,0.5629078149795532,0.3152167797088623,0.8525862693786621,0.17831440269947052,0.33543887734413147,0.34472936391830444,0.11993516981601715,1.4114969968795776,0.36531245708465576,0.3147474527359009,0.17836125195026398,0.08110780268907547,0.06021745875477791,0.18509681522846222,0.1912328451871872,0.06897542625665665,0.07586453855037689,0.1346886307001114,0.006409620866179466,0.15310990810394287,0.13639992475509644,0.10502602159976959,0.12867102026939392,0.39883100986480713,0.3105836510658264,0.16997739672660828,0.2981692850589752,0.1651107221841812,0.059156954288482666,0.5046516060829163,0.10235635936260223,0.04480903968214989,0.08160191029310226,0.23251040279865265,0.18428003787994385,0.1356915682554245,0.09183268994092941,0.1750447154045105,0.20041905343532562,0.19635285437107086,0.1464410275220871,0.2348862588405609,0.13417720794677734,0.13874538242816925,0.09724582731723785
AO074,0.633333333,0.0,0.8,0.566666667,0.5,0.233333333,0.433333333,0.566666667,0.533333333,0.066666667,0.1,0.233333333,0.0,1.0,0.266666667,0.2,0.133333333,0.033333333,0.066666667,1.2,1.933333333,0.133333333,1.066666667,0.0,0.066666667,0.066666667,0.133333333,0.066666667,0.166666667,0.2,0.0,0.0,0.0,0.433333333,0.0,0.966666667,0.166666667,0.0,0.0,0.133333333,0.1,0.066666667,0.0,0.366666667,0.1,0.033333333,0.2,0.0,0.1,0.166666667,0.0,0.4051668047904968,0.3158784508705139,0.43983200192451477,0.20986789464950562,0.38132864236831665,0.17298467457294464,0.3529612720012665,0.36598846316337585,0.7083259224891663,0.06284704059362411,0.1958533376455307,0.31149765849113464,0.08385732024908066,1.2337521314620972,0.3437993824481964,0.3564627468585968,0.39221054315567017,0.12934543192386627,0.0560854896903038,0.34111544489860535,0.33323654532432556,0.07458163797855377,0.16574443876743317,0.10644879937171936,0.02207977883517742,0.13973368704319,0.07637852430343628,0.04296409711241722,0.12709622085094452,0.1942417174577713,0.20506326854228973,0.13233371078968048,0.04485283046960831,0.21737512946128845,0.051528509706258774,0.6651901006698608,0.13137145340442657,0.010563401505351067,0.027854911983013153,0.10666240006685257,0.1877894103527069,0.15618422627449036,0.13230153918266296,0.1866898387670517,0.22317253053188324,0.2219574898481369,0.1081821545958519,0.36302757263183594,0.2522923946380615,0.17905846238136292,0.09130331128835678
AO338,0.3,0.0,0.133333333,0.1,0.033333333,0.066666667,0.366666667,0.2,0.733333333,0.0,0.2,0.0,0.2,1.466666667,0.566666667,0.666666667,0.2,0.0,0.133333333,0.266666667,0.166666667,0.266666667,0.0,0.1,0.0,0.2,1.566666667,0.066666667,0.333333333,0.833333333,0.6,0.366666667,0.133333333,0.033333333,0.033333333,0.633333333,0.033333333,0.133333333,0.133333333,1.033333333,0.033333333,0.166666667,0.0,0.033333333,0.033333333,0.033333333,0.1,0.0,0.133333333,0.0,0.0,0.4268765151500702,0.09711622446775436,0.6175654530525208,0.47707894444465637,0.5407572984695435,0.3338315784931183,0.48291921615600586,0.3075040578842163,0.43184104561805725,0.1750912368297577,0.18178260326385498,0.09435633569955826,0.06384056061506271,1.339357852935791,0.39384448528289795,0.33121606707572937,0.3940739631652832,0.24282436072826385,0.10580776631832123,0.2912221848964691,0.305790513753891,0.08200808614492416,0.09477881342172623,0.10213950276374817,0.010279147885739803,0.27367880940437317,0.08547725528478622,0.04822257533669472,0.11592350900173187,0.26100853085517883,0.21660736203193665,0.15396209061145782,0.32328861951828003,0.18769069015979767,0.05147189274430275,0.6466047763824463,0.13513584434986115,0.029120219871401787,0.0610416904091835,0.14132066071033478,0.2950272560119629,0.17321084439754486,0.10120382905006409,0.2089652717113495,0.20826667547225952,0.1835024207830429,0.1103702187538147,0.24320964515209198,0.2269280105829239,0.16091136634349823,0.16747865080833435
AO549,0.4,0.0,0.133333333,0.133333333,0.4,0.166666667,0.333333333,0.633333333,1.1,0.0,0.466666667,0.633333333,0.066666667,1.7,0.833333333,0.4,0.733333333,0.166666667,0.066666667,0.066666667,0.233333333,0.0,0.1,0.366666667,0.066666667,0.866666667,0.233333333,0.2,0.666666667,0.7,0.7,0.0,0.133333333,0.066666667,0.033333333,0.866666667,0.166666667,0.0,0.0,0.0,0.066666667,0.166666667,0.066666667,0.066666667,0.066666667,0.266666667,0.0,0.133333333,0.033333333,0.033333333,0.033333333,0.41430649161338806,0.05933556705713272,0.4850972592830658,0.2682035565376282,0.2813151776790619,0.21258799731731415,0.6052549481391907,0.30431511998176575,0.837766706943512,0.32787322998046875,0.26266151666641235,0.25426703691482544,0.09637618809938431,1.0948868989944458,0.3050457239151001,0.22069479525089264,0.11809077113866806,0.05820940434932709,0.055656611919403076,0.05737955868244171,0.06852744519710541,0.04935741052031517,0.06673264503479004,0.11188581585884094,0.1819075345993042,0.7357949018478394,0.21171997487545013,0.13048872351646423,0.21167397499084473,0.3078208267688751,0.24397072196006775,0.13646280765533447,0.1717304140329361,0.17076514661312103,0.0695188045501709,0.5390926599502563,0.11691891402006149,0.019018661230802536,0.025049123913049698,0.11743810772895813,0.11832630634307861,0.1576286107301712,0.09984159469604492,0.18521778285503387,0.15823966264724731,0.3183545768260956,0.16335630416870117,0.2597067654132843,0.15646058320999146,0.15943187475204468,0.1596081554889679
AO865,0.8,0.0,1.066666667,0.5,0.766666667,0.466666667,2.0,0.633333333,0.6,0.166666667,0.2,0.4,0.166666667,1.5,0.366666667,0.4,0.6,0.0,0.133333333,0.066666667,0.3,0.0,0.0,0.066666667,0.0,0.066666667,0.066666667,0.0,0.0,0.233333333,0.566666667,0.0,0.066666667,0.533333333,0.0,0.4,0.033333333,0.0,0.0,0.1,0.1,0.466666667,0.033333333,0.433333333,0.2,0.066666667,0.266666667,0.3,0.333333333,0.333333333,0.066666667,0.41868510842323303,0.11070435494184494,0.4461958706378937,0.21335609257221222,0.40738362073898315,0.14535018801689148,0.40169113874435425,0.3387012779712677,0.7032099962234497,0.04683126509189606,0.21570710837841034,0.2466411143541336,0.07838868349790573,1.3219711780548096,0.4188397526741028,0.3639794588088989,0.29212868213653564,0.13805098831653595,0.08030811697244644,0.4443424940109253,0.5532094240188599,0.2729443311691284,0.18695446848869324,0.12570808827877045,0.0388777032494545,0.16451771557331085,0.2777588665485382,0.15684546530246735,0.16416461765766144,0.38993722200393677,0.2607504427433014,0.20825077593326569,0.39327123761177063,0.19600339233875275,0.06729557365179062,0.756110429763794,0.11547517031431198,0.07553820312023163,0.08592851459980011,0.25614872574806213,0.22817350924015045,0.13140623271465302,0.11475059390068054,0.1556575894355774,0.2352599799633026,0.18163613975048065,0.08981938660144806,0.2769377827644348,0.17565958201885223,0.1633612960577011,0.06767028570175171
AP067,0.1,0.0,0.3,0.266666667,0.5,0.066666667,0.533333333,0.166666667,0.533333333,0.0,0.1,0.333333333,0.0,1.9,0.6,0.766666667,3.366666667,0.166666667,0.4,0.466666667,0.266666667,0.0,0.333333333,0.066666667,0.033333333,0.266666667,0.0,0.066666667,0.0,0.066666667,0.066666667,0.0,0.066666667,0.0,0.0,0.433333333,0.166666667,0.0,0.0,0.0,0.166666667,0.133333333,0.0,0.266666667,0.4,0.1,0.133333333,0.5,0.2,0.0,0.0,0.42820900678634644,0.05479239299893379,0.3784569799900055,0.2457519769668579,0.37508389353752136,0.17284302413463593,0.24314802885055542,0.2602827847003937,0.4059000611305237,0.02436637692153454,0.1367780566215515,0.06276407837867737,0.06229865178465843,1.0533589124679565,0.35257402062416077,0.3398083448410034,0.4678215980529785,0.1711886078119278,0.15746134519577026,0.2910167872905731,0.3495994806289673,0.29364222288131714,0.24433478713035583,0.06769099831581116,0.02122301235795021,0.13173574209213257,0.05973523482680321,0.052347730845212936,0.11634185910224915,0.3173079788684845,0.2283586859703064,0.19351300597190857,0.30315011739730835,0.2453264445066452,0.07505118101835251,0.7173194289207458,0.16345784068107605,0.035835471004247665,0.05213490128517151,0.2550031244754791,0.20845544338226318,0.16847370564937592,0.12833522260189056,0.16458022594451904,0.25660163164138794,0.1892174482345581,0.0658905878663063,0.31294873356819153,0.26296454668045044,0.17281706631183624,0.11760752648115158
AP258,0.133333333,0.0,0.133333333,0.0,0.266666667,0.033333333,0.3,0.366666667,0.733333333,0.0,0.433333333,0.333333333,0.166666667,3.666666667,2.266666667,2.2,1.066666667,0.066666667,0.133333333,0.966666667,0.7,0.0,0.8,0.066666667,0.9,0.2,0.3,0.333333333,0.0,0.0,0.033333333,0.0,0.0,0.0,0.033333333,0.1,0.133333333,0.0,0.0,0.0,0.0,0.0,0.0,0.066666667,0.0,0.0,0.0,0.5,0.0,0.066666667,0.1,0.4254491329193115,0.2665107846260071,0.3212145268917084,0.3752492666244507,0.271713525056839,0.14614664018154144,0.2607294023036957,0.29490768909454346,0.8524978160858154,0.08434636890888214,0.16241097450256348,0.5172001719474792,0.062434546649456024,1.3029690980911255,0.3809325397014618,0.4323412775993347,0.4048297107219696,0.15745198726654053,0.12835490703582764,0.3355162739753723,0.28121963143348694,0.08528111129999161,0.2974965274333954,0.22905333340168,0.41030192375183105,0.20098963379859924,0.17205673456192017,0.10375956445932388,0.1061445102095604,0.21886345744132996,0.27296948432922363,0.1381787806749344,0.12937872111797333,0.1931339055299759,0.06753421574831009,0.6410133242607117,0.12268087267875671,0.018115723505616188,0.03517340123653412,0.10719671845436096,0.20190776884555817,0.1896355003118515,0.10600903630256653,0.23950721323490143,0.2606576979160309,0.22410637140274048,0.0785234197974205,0.32637637853622437,0.1938565969467163,0.16564008593559265,0.09823929518461227
AP275,0.566666667,1.433333333,0.466666667,0.233333333,0.433333333,0.266666667,0.866666667,0.933333333,1.466666667,0.233333333,0.6,0.466666667,0.4,1.866666667,0.366666667,0.6,0.3,0.166666667,0.0,0.266666667,0.266666667,0.0,0.433333333,0.0,0.066666667,0.3,0.0,0.0,0.0,0.133333333,0.1,0.0,0.0,0.066666667,0.0,0.233333333,0.133333333,0.0,0.0,0.0,0.133333333,0.2,0.0,0.133333333,0.1,0.166666667,0.166666667,0.3,0.6,0.066666667,0.033333333,0.47467997670173645,0.13046249747276306,0.5879262089729309,0.1778007298707962,0.3924095928668976,0.21434320509433746,0.6132118105888367,0.2244073748588562,0.7325528860092163,0.18302665650844574,0.20171239972114563,0.2192779779434204,0.07135555893182755,1.1922918558120728,0.23868800699710846,0.3083076775074005,0.21426908671855927,0.08619105070829391,0.07112177461385727,0.2894158959388733,0.31952181458473206,0.2400396764278412,0.1304427832365036,0.0780128762125969,0.01747351512312889,0.17582225799560547,0.05694406107068062,0.0263687651604414,0.1306559294462204,0.2624056935310364,0.18282745778560638,0.22962644696235657,0.27481192350387573,0.19606338441371918,0.05823097378015518,0.5679952502250671,0.18313999474048615,0.02522469498217106,0.03033597767353058,0.1360766440629959,0.1689547300338745,0.1527443528175354,0.09148729592561722,0.17585617303848267,0.23093926906585693,0.23236404359340668,0.11115741729736328,0.27025508880615234,0.24234430491924286,0.20244669914245605,0.1036689281463623
AP385,0.433333333,0.033333333,0.066666667,0.0,0.366666667,0.066666667,0.433333333,0.1,1.633333333,0.033333333,0.233333333,0.3,0.366666667,1.333333333,0.466666667,0.3,0.2,0.0,0.0,0.066666667,0.0,0.1,0.0,0.1,0.1,0.133333333,0.433333333,0.033333333,0.366666667,0.4,0.866666667,1.133333333,0.3,0.0,0.3,0.766666667,0.233333333,0.266666667,0.366666667,1.9,0.3,0.2,0.2,0.066666667,0.0,0.066666667,0.1,0.133333333,0.1,0.133333333,0.066666667,0.428265780210495,0.11378655582666397,0.4708210527896881,0.29159095883369446,0.34949809312820435,0.134048193693161,0.36368024349212646,0.19914619624614716,0.690055251121521,0.058822616934776306,0.235394686460495,0.23196257650852203,0.07761341333389282,1.1206302642822266,0.3207319974899292,0.3029615879058838,0.19250665605068207,0.07119838893413544,0.08284361660480499,0.42967531085014343,0.28690850734710693,0.3735285699367523,0.1748092770576477,0.15208479762077332,0.05874665454030037,0.19266049563884735,0.2826063930988312,0.21880878508090973,0.41622722148895264,0.40308213233947754,0.31888338923454285,0.2805936336517334,0.7747930288314819,0.1880526840686798,0.17070594429969788,0.6507163047790527,0.10353927314281464,0.1468542367219925,0.24916069209575653,1.1140692234039307,0.14580413699150085,0.11792699247598648,0.11384469270706177,0.16749297082424164,0.22389352321624756,0.17960600554943085,0.06306376308202744,0.22352951765060425,0.13100884854793549,0.15240074694156647,0.060255054384469986
AP431,0.133333333,0.0,0.266666667,0.433333333,0.066666667,0.066666667,0.3,0.233333333,3.166666667,0.0,0.7,2.366666667,0.233333333,2.566666667,0.566666667,0.266666667,0.1,0.0,0.0,0.233333333,0.4,0.266666667,0.2,0.066666667,0.0,0.033333333,0.0,0.0,0.0,0.333333333,0.266666667,0.233333333,1.033333333,0.066666667,0.0,0.333333333,0.166666667,0.0,0.1,0.1,0.233333333,0.266666667,0.066666667,0.133333333,0.3,0.233333333,0.066666667,0.233333333,0.233333333,0.0,0.166666667,0.41154515743255615,0.036037903279066086,0.37644875049591064,0.16661089658737183,0.24880559742450714,0.09088761359453201,0.21132008731365204,0.19045881927013397,0.9733502268791199,0.0671926960349083,0.19037464261054993,0.4291178286075592,0.05837072432041168,0.7539908289909363,0.33052149415016174,0.29294678568840027,0.2806524634361267,0.0854145959019661,0.18985654413700104,0.37971171736717224,0.27875104546546936,0.3393094539642334,0.15635022521018982,0.09349404275417328,0.030057361349463463,0.28940021991729736,0.09731075167655945,0.10372773557901382,0.19566939771175385,0.501265287399292,0.40246322751045227,0.26374709606170654,1.1779866218566895,0.20782354474067688,0.0701245665550232,0.5622662901878357,0.12551875412464142,0.04878983646631241,0.053939465433359146,0.4063193202018738,0.18214261531829834,0.13647732138633728,0.15035183727741241,0.1362818330526352,0.1292431503534317,0.24808336794376373,0.07592283934354782,0.22738385200500488,0.17830154299736023,0.11537322402000427,0.08112907409667969
AP563,1.333333333,0.9,0.7,0.366666667,0.333333333,0.266666667,0.733333333,0.333333333,1.433333333,0.033333333,0.966666667,0.233333333,0.3,1.9,0.5,0.466666667,0.166666667,0.0,0.0,0.166666667,0.466666667,0.066666667,0.0,0.066666667,0.0,0.133333333,0.133333333,0.0,0.0,0.066666667,0.066666667,0.0,0.0,0.066666667,0.0,0.533333333,0.0,0.0,0.0,0.0,0.366666667,0.166666667,0.233333333,0.133333333,0.2,0.0,0.1,0.066666667,0.466666667,0.266666667,0.066666667,0.51441890001297,0.43821635842323303,0.6263183951377869,0.27634960412979126,0.5257176756858826,0.21493837237358093,0.6915369629859924,0.3146655559539795,0.54486083984375,0.21727806329727173,0.15937559306621552,0.13296781480312347,0.08015511184930801,1.1823984384536743,0.30583930015563965,0.3012113571166992,0.2580642104148865,0.18122626841068268,0.09149576723575592,0.30118849873542786,0.37160006165504456,0.07164300978183746,0.1126595139503479,0.09320880472660065,0.028273070231080055,0.20408399403095245,0.07368763536214828,0.015830952674150467,0.14635254442691803,0.2517468333244324,0.23487979173660278,0.15255728363990784,0.1606057733297348,0.22075752913951874,0.05762205272912979,0.7389944195747375,0.13456836342811584,0.009821310639381409,0.058899130672216415,0.12574703991413116,0.2484750896692276,0.1359463483095169,0.10044946521520615,0.1664094477891922,0.16594959795475006,0.20164404809474945,0.1433962881565094,0.23582082986831665,0.23886260390281677,0.18437255918979645,0.0712113007903099
AP571,0.733333333,0.7,0.9,0.533333333,0.633333333,0.166666667,0.633333333,1.033333333,0.7,0.0,0.266666667,0.166666667,0.1,1.133333333,0.3,0.433333333,0.166666667,0.0,0.0,0.233333333,0.233333333,0.0,0.0,0.266666667,0.0,0.466666667,0.0,0.066666667,0.0,0.133333333,0.0,0.0,0.0,0.6,0.0,1.033333333,0.0,0.0,0.0,0.0,0.166666667,0.133333333,0.3,0.633333333,0.8,0.666666667,0.4,0.2,0.233333333,0.7,0.333333333,0.4492965638637543,0.31052035093307495,0.7710021734237671,0.3206985592842102,0.40068110823631287,0.24169178307056427,0.561812698841095,0.30773308873176575,0.4742905795574188,0.291768878698349,0.12161792069673538,0.11341866850852966,0.061184223741292953,1.0681531429290771,0.19702905416488647,0.20851492881774902,0.14640343189239502,0.11498291045427322,0.04853547364473343,0.14051157236099243,0.18111823499202728,0.06197885796427727,0.11321618407964706,0.06937514245510101,0.023011833429336548,0.1461561769247055,0.0594002828001976,0.01095847599208355,0.11217761039733887,0.18599188327789307,0.15184657275676727,0.12592115998268127,0.16582947969436646,0.20211100578308105,0.05691777542233467,0.49037688970565796,0.13299325108528137,0.009384093806147575,0.02670336328446865,0.09871593862771988,0.36026430130004883,0.16647808253765106,0.0759287104010582,0.21995270252227783,0.23715195059776306,0.23635707795619965,0.2013460397720337,0.24047543108463287,0.14445562660694122,0.16694676876068115,0.06342805922031403
AP734,0.6,0.033333333,0.833333333,0.266666667,0.7,0.266666667,1.066666667,0.233333333,0.1,0.0,0.0,0.0,0.0,0.766666667,0.333333333,0.2,0.3,0.266666667,0.066666667,0.533333333,0.566666667,0.066666667,0.266666667,0.066666667,0.0,0.266666667,0.0,0.2,0.0,0.3,0.066666667,0.066666667,0.433333333,0.433333333,0.133333333,1.033333333,0.0,0.0,0.0,0.0,0.7,0.333333333,0.566666667,0.133333333,0.433333333,0.166666667,0.5,0.4,0.466666667,0.433333333,0.0,0.45694902539253235,0.19415351748466492,0.7048915028572083,0.28471845388412476,0.42514002323150635,0.21978089213371277,0.7008342146873474,0.35628026723861694,0.6389999389648438,0.17098070681095123,0.11371193826198578,0.09100037813186646,0.062129903584718704,1.1373693943023682,0.27407363057136536,0.28479355573654175,0.2593006193637848,0.1343969702720642,0.06135014444589615,0.23591254651546478,0.19274744391441345,0.06821691989898682,0.09251372516155243,0.07110070437192917,0.01817958988249302,0.17301882803440094,0.06494247913360596,0.03302278742194176,0.11246540397405624,0.21482160687446594,0.15344993770122528,0.1333686113357544,0.33377358317375183,0.2133653163909912,0.0519457571208477,0.709666907787323,0.13207928836345673,0.012272491119801998,0.045938510447740555,0.11322607100009918,0.5521236062049866,0.1680120825767517,0.08980429917573929,0.2761644423007965,0.24746933579444885,0.21372096240520477,0.1245812326669693,0.24621382355690002,0.33181503415107727,0.2043335884809494,0.08762021362781525
AP781,0.4,0.1,0.433333333,0.0,0.233333333,0.066666667,0.066666667,0.166666667,0.2,0.066666667,0.0,0.266666667,0.133333333,0.566666667,0.066666667,0.0,0.066666667,0.066666667,0.1,1.566666667,1.666666667,0.466666667,0.366666667,0.466666667,0.0,0.333333333,0.5,0.533333333,0.866666667,0.566666667,0.233333333,0.3,1.833333333,0.2,0.133333333,0.533333333,0.233333333,0.033333333,0.266666667,0.2,0.0,0.033333333,0.133333333,0.033333333,0.0,0.2,0.133333333,0.1,0.066666667,0.1,0.0,0.47858166694641113,0.1994931846857071,0.5234115123748779,0.10059063136577606,0.2489548921585083,0.18839113414287567,0.3481563925743103,0.1913730353116989,0.5583457946777344,0.12087864428758621,0.14872238039970398,0.18235766887664795,0.08179810643196106,0.7376886606216431,0.279231995344162,0.28469815850257874,0.1734066605567932,0.09238261729478836,0.1378651261329651,0.3936818540096283,0.4450647532939911,0.29043900966644287,0.3183729648590088,0.10203177481889725,0.020274044945836067,0.7552028894424438,0.06396639347076416,0.07476554065942764,0.21753275394439697,0.41126590967178345,0.23292088508605957,0.23608756065368652,1.2885624170303345,0.22035300731658936,0.08176037669181824,0.6652600765228271,0.1557167023420334,0.041373997926712036,0.030542338266968727,0.14990781247615814,0.1873423308134079,0.14309518039226532,0.16987094283103943,0.16242389380931854,0.11015278100967407,0.2927708029747009,0.1221076026558876,0.267142653465271,0.22154264152050018,0.18054130673408508,0.0901046022772789
AP854,0.566666667,0.933333333,0.8,0.0,0.6,0.333333333,0.233333333,0.1,0.266666667,0.0,0.0,0.0,0.1,0.466666667,0.3,0.133333333,0.166666667,0.166666667,0.0,1.4,2.433333333,0.266666667,1.366666667,0.566666667,0.0,0.533333333,0.1,0.133333333,0.1,0.166666667,0.333333333,0.0,0.033333333,0.333333333,0.133333333,0.7,0.0,0.066666667,0.0,0.066666667,0.333333333,0.033333333,0.366666667,0.0,0.033333333,0.0,0.0,0.166666667,0.466666667,0.1,0.0,0.4314604103565216,0.3486969769001007,0.46631333231925964,0.5024154782295227,0.37238645553588867,0.18244795501232147,0.27257540822029114,0.3161989450454712,0.3895660638809204,0.07616609334945679,0.1233408972620964,0.1352456659078598,0.0584598146378994,1.2996913194656372,0.35740503668785095,0.3287658095359802,0.23543545603752136,0.22711621224880219,0.0989253968000412,0.38925209641456604,0.440108984708786,0.07415710389614105,0.19445554912090302,0.09273529052734375,0.02404693514108658,0.20527195930480957,0.09146540611982346,0.02519288845360279,0.11998048424720764,0.1821867972612381,0.15161681175231934,0.13597607612609863,0.05370280519127846,0.1836397349834442,0.05126664787530899,0.5565927028656006,0.14535567164421082,0.011926320381462574,0.02670336328446865,0.096278116106987,0.2501182556152344,0.1786908656358719,0.08135019987821579,0.19590146839618683,0.24212655425071716,0.16499054431915283,0.05256062000989914,0.2948860824108124,0.2918693423271179,0.18846383690834045,0.07319033145904541
AP974,0.133333333,0.1,0.233333333,0.433333333,0.466666667,0.333333333,1.133333333,0.933333333,1.633333333,0.033333333,0.3,0.7,0.0,1.9,0.733333333,0.666666667,0.433333333,0.0,0.0,0.1,0.2,0.0,0.2,0.0,0.0,0.333333333,0.0,0.0,0.0,0.066666667,0.333333333,0.0,0.0,0.1,0.0,0.5,0.033333333,0.0,0.0,0.0,0.6,0.133333333,0.1,0.366666667,0.333333333,0.0,0.166666667,0.3,0.6,0.166666667,0.066666667,0.35092893242836,0.0430033840239048,0.44667744636535645,0.22401970624923706,0.290778785943985,0.17391586303710938,0.4976835250854492,0.20987778902053833,0.707603931427002,0.01818958856165409,0.21215695142745972,0.2725364863872528,0.09110186994075775,0.9944330453872681,0.2542065680027008,0.2591951787471771,0.27728942036628723,0.0758354514837265,0.08024360239505768,0.32447054982185364,0.24844546616077423,0.3186592757701874,0.13208863139152527,0.08044002950191498,0.021793240681290627,0.08983500301837921,0.09832799434661865,0.0912003144621849,0.14999718964099884,0.2844829261302948,0.25289472937583923,0.274569571018219,0.3422186076641083,0.21325577795505524,0.06750748306512833,0.43389689922332764,0.15602469444274902,0.11271896958351135,0.05860519781708717,0.37544000148773193,0.1750659942626953,0.15064749121665955,0.1444750726222992,0.19993601739406586,0.2215385138988495,0.20724953711032867,0.07248782366514206,0.28940603137016296,0.20794394612312317,0.17465367913246155,0.0871940329670906
AF065,0.09375,0.0,0.1875,0.34375,0.09375,0.25,0.40625,0.03125,1.65625,0.40625,0.8125,0.84375,0.09375,1.1875,0.25,0.25,0.34375,0.21875,0.0,0.09375,0.78125,0.0,0.375,0.3125,0.15625,0.40625,0.0,0.0,0.15625,0.15625,0.53125,0.0,0.0,0.15625,0.0,0.34375,0.59375,0.0,0.0,0.21875,0.0,0.25,0.0,0.40625,0.125,0.46875,0.1875,0.625,0.09375,0.1875,0.0,0.38981926441192627,0.11279110610485077,0.4762248694896698,0.3518698215484619,0.28374364972114563,0.14415986835956573,0.4496641159057617,0.24749656021595,0.8959800004959106,0.2300713211297989,0.2509356737136841,0.22944210469722748,0.07304324209690094,1.5966637134552002,0.3706042468547821,0.408067911863327,0.1909954994916916,0.06619958579540253,0.05280352011322975,0.1508963406085968,0.2668917775154114,0.05666114762425423,0.16062602400779724,0.07491517812013626,0.05531654879450798,0.23646360635757446,0.07819244265556335,0.052340876311063766,0.13082964718341827,0.38459861278533936,0.23295971751213074,0.12863436341285706,0.04962891712784767,0.18537315726280212,0.04963807016611099,0.5817527770996094,0.1142362430691719,0.013494731858372688,0.05338320508599281,0.13463322818279266,0.13890865445137024,0.12660937011241913,0.06721177697181702,0.1636166274547577,0.2762921452522278,0.24667371809482574,0.1120285838842392,0.2767912745475769,0.18866387009620667,0.1554177701473236,0.10521286725997925
AF337,0.125,0.15625,0.1875,0.15625,0.25,0.03125,0.21875,0.28125,1.09375,0.03125,0.4375,0.84375,0.25,1.15625,0.125,0.1875,0.21875,0.0,0.0,0.0,0.125,0.0,0.0,0.0,0.125,0.03125,0.125,0.0,0.78125,0.40625,0.6875,0.0625,0.0,0.1875,0.0,0.96875,0.375,0.0,0.1875,0.28125,0.0,0.3125,0.375,0.25,0.21875,0.5625,0.09375,0.6875,0.1875,0.1875,0.03125,0.38981926441192627,0.11279110610485077,0.4762248694896698,0.3518698215484619,0.28374364972114563,0.14415986835956573,0.4496641159057617,0.24749656021595,0.8959800004959106,0.2300713211297989,0.2509356737136841,0.22944210469722748,0.07304324209690094,1.5966637134552002,0.3706042468547821,0.408067911863327,0.1909954994916916,0.06619958579540253,0.05280352011322975,0.1508963406085968,0.2668917775154114,0.05666114762425423,0.16062602400779724,0.07491517812013626,0.05531654879450798,0.23646360635757446,0.07819244265556335,0.052340876311063766,0.13082964718341827,0.38459861278533936,0.23295971751213074,0.12863436341285706,0.04962891712784767,0.18537315726280212,0.04963807016611099,0.5817527770996094,0.1142362430691719,0.013494731858372688,0.05338320508599281,0.13463322818279266,0.13890865445137024,0.12660937011241913,0.06721177697181702,0.1636166274547577,0.2762921452522278,0.24667371809482574,0.1120285838842392,0.2767912745475769,0.18866387009620667,0.1554177701473236,0.10521286725997925
AF442,0.1875,0.15625,0.15625,0.0,0.0,0.09375,0.53125,0.125,0.4375,0.09375,0.0,0.15625,0.0625,0.8125,0.5,0.125,0.0625,0.15625,0.09375,0.0,0.03125,0.0,0.34375,0.125,0.09375,0.3125,0.09375,0.0625,0.4375,0.21875,0.65625,0.1875,0.0,0.4375,0.0,0.9375,0.4375,0.0,0.09375,0.53125,0.25,0.59375,0.15625,0.03125,0.28125,1.0,0.15625,0.65625,0.625,0.21875,0.46875,0.38981926441192627,0.11279110610485077,0.4762248694896698,0.3518698215484619,0.28374364972114563,0.14415986835956573,0.4496641159057617,0.24749656021595,0.8959800004959106,0.2300713211297989,0.2509356737136841,0.22944210469722748,0.07304324209690094,1.5966637134552002,0.3706042468547821,0.408067911863327,0.1909954994916916,0.06619958579540253,0.05280352011322975,0.1508963406085968,0.2668917775154114,0.05666114762425423,0.16062602400779724,0.07491517812013626,0.05531654879450798,0.23646360635757446,0.07819244265556335,0.052340876311063766,0.13082964718341827,0.38459861278533936,0.23295971751213074,0.12863436341285706,0.04962891712784767,0.18537315726280212,0.04963807016611099,0.5817527770996094,0.1142362430691719,0.013494731858372688,0.05338320508599281,0.13463322818279266,0.13890865445137024,0.12660937011241913,0.06721177697181702,0.1636166274547577,0.2762921452522278,0.24667371809482574,0.1120285838842392,0.2767912745475769,0.18866387009620667,0.1554177701473236,0.10521286725997925
AG530,0.333333333,0.0,1.0,0.3,0.466666667,0.2,1.333333333,0.066666667,0.9,0.8,0.633333333,0.7,0.133333333,0.933333333,0.366666667,0.266666667,0.366666667,0.0,0.0,0.0,0.133333333,0.0,0.333333333,0.0,0.0,0.0,0.0,0.0,0.0,0.0,0.033333333,0.066666667,0.0,0.0,0.0,0.333333333,0.066666667,0.0,0.0,0.0,0.066666667,0.566666667,0.033333333,0.766666667,0.366666667,0.333333333,0.066666667,0.433333333,0.2,0.0,0.0,0.37168335914611816,0.06274286657571793,0.5705894827842712,0.6941994428634644,0.36119750142097473,0.2002144157886505,0.43148186802864075,0.2235168218612671,0.4544338285923004,0.13003750145435333,0.16446028649806976,0.28843095898628235,0.07318650186061859,1.2252651453018188,0.3190850019454956,0.34712737798690796,0.35910913348197937,0.12916536629199982,0.10070686042308807,0.32971087098121643,0.24546928703784943,0.2614545524120331,0.1323567032814026,0.06839417666196823,0.022827133536338806,0.14439396560192108,0.08172496408224106,0.04820064455270767,0.1435648500919342,0.26516470313072205,0.19081765413284302,0.2349841445684433,0.34235113859176636,0.20265193283557892,0.05952819809317589,0.5309342741966248,0.19902345538139343,0.02721935324370861,0.07184994965791702,0.23549816012382507,0.18482358753681183,0.21421241760253906,0.08945491164922714,0.4918728470802307,0.49456173181533813,0.25427210330963135,0.06052210181951523,0.3295748829841614,0.29337480664253235,0.1370464414358139,0.12385404109954834
AG677,0.233333333,0.0,0.4,0.2,0.366666667,0.1,0.666666667,0.333333333,1.366666667,0.2,0.633333333,1.2,0.2,1.2,0.166666667,0.133333333,0.433333333,0.0,0.0,0.2,0.0,0.0,0.1,0.0,0.0,0.0,0.0,0.0,0.0,0.066666667,0.166666667,0.0,0.0,0.0,0.0,0.366666667,0.233333333,0.0,0.0,0.0,0.166666667,0.233333333,0.0,0.8,0.366666667,0.233333333,0.0,0.433333333,0.4,0.0,0.133333333,0.37168335914611816,0.06274286657571793,0.5705894827842712,0.6941994428634644,0.36119750142097473,0.2002144157886505,0.43148186802864075,0.2235168218612671,0.4544338285923004,0.13003750145435333,0.16446028649806976,0.28843095898628235,0.07318650186061859,1.2252651453018188,0.3190850019454956,0.34712737798690796,0.35910913348197937,0.12916536629199982,0.10070686042308807,0.32971087098121643,0.24546928703784943,0.2614545524120331,0.1323567032814026,0.06839417666196823,0.022827133536338806,0.14439396560192108,0.08172496408224106,0.04820064455270767,0.1435648500919342,0.26516470313072205,0.19081765413284302,0.2349841445684433,0.34235113859176636,0.20265193283557892,0.05952819809317589,0.5309342741966248,0.19902345538139343,0.02721935324370861,0.07184994965791702,0.23549816012382507,0.18482358753681183,0.21421241760253906,0.08945491164922714,0.4918728470802307,0.49456173181533813,0.25427210330963135,0.06052210181951523,0.3295748829841614,0.29337480664253235,0.1370464414358139,0.12385404109954834
AG862,0.433333333,0.2,1.0,0.266666667,0.3,0.366666667,1.633333333,0.1,0.533333333,1.133333333,0.533333333,0.466666667,0.1,1.0,0.1,0.233333333,0.233333333,0.0,0.033333333,0.0,0.0,0.0,0.0,0.0,0.066666667,0.2,0.0,0.0,0.0,0.1,0.0,0.0,0.0,0.0,0.1,0.133333333,0.1,0.033333333,0.0,0.0,0.0,0.133333333,0.0,0.533333333,0.133333333,0.0,0.0,0.366666667,0.066666667,0.066666667,0.0,0.37168335914611816,0.06274286657571793,0.5705894827842712,0.6941994428634644,0.36119750142097473,0.2002144157886505,0.43148186802864075,0.2235168218612671,0.4544338285923004,0.13003750145435333,0.16446028649806976,0.28843095898628235,0.07318650186061859,1.2252651453018188,0.3190850019454956,0.34712737798690796,0.35910913348197937,0.12916536629199982,0.10070686042308807,0.32971087098121643,0.24546928703784943,0.2614545524120331,0.1323567032814026,0.06839417666196823,0.022827133536338806,0.14439396560192108,0.08172496408224106,0.04820064455270767,0.1435648500919342,0.26516470313072205,0.19081765413284302,0.2349841445684433,0.34235113859176636,0.20265193283557892,0.05952819809317589,0.5309342741966248,0.19902345538139343,0.02721935324370861,0.07184994965791702,0.23549816012382507,0.18482358753681183,0.21421241760253906,0.08945491164922714,0.4918728470802307,0.49456173181533813,0.25427210330963135,0.06052210181951523,0.3295748829841614,0.29337480664253235,0.1370464414358139,0.12385404109954834
AG989,0.233333333,0.0,0.3,0.233333333,0.133333333,0.2,0.5,0.233333333,1.4,0.066666667,0.3,0.6,0.1,1.066666667,0.066666667,0.166666667,0.3,0.166666667,0.066666667,0.033333333,0.0,0.0,0.1,0.0,0.0,0.0,0.0,0.0,0.0,0.2,0.066666667,0.033333333,0.0,0.066666667,0.0,0.633333333,0.033333333,0.0,0.0,0.0,0.3,0.4,0.133333333,0.833333333,0.533333333,0.066666667,0.0,0.633333333,0.5,0.133333333,0.0,0.37168335914611816,0.06274286657571793,0.5705894827842712,0.6941994428634644,0.36119750142097473,0.2002144157886505,0.43148186802864075,0.2235168218612671,0.4544338285923004,0.13003750145435333,0.16446028649806976,0.28843095898628235,0.07318650186061859,1.2252651453018188,0.3190850019454956,0.34712737798690796,0.35910913348197937,0.12916536629199982,0.10070686042308807,0.32971087098121643,0.24546928703784943,0.2614545524120331,0.1323567032814026,0.06839417666196823,0.022827133536338806,0.14439396560192108,0.08172496408224106,0.04820064455270767,0.1435648500919342,0.26516470313072205,0.19081765413284302,0.2349841445684433,0.34235113859176636,0.20265193283557892,0.05952819809317589,0.5309342741966248,0.19902345538139343,0.02721935324370861,0.07184994965791702,0.23549816012382507,0.18482358753681183,0.21421241760253906,0.08945491164922714,0.4918728470802307,0.49456173181533813,0.25427210330963135,0.06052210181951523,0.3295748829841614,0.29337480664253235,0.1370464414358139,0.12385404109954834
AH007,0.2,0.0,0.4,0.366666667,0.233333333,0.133333333,0.5,0.366666667,1.366666667,0.1,0.433333333,0.733333333,0.166666667,1.333333333,0.366666667,0.4,0.3,0.1,0.0,0.0,0.066666667,0.0,0.1,0.0,0.0,0.3,0.033333333,0.0,0.3,0.1,0.4,0.133333333,0.0,0.0,0.0,0.633333333,0.233333333,0.0,0.033333333,0.0,0.266666667,0.5,0.166666667,0.833333333,0.166666667,0.2,0.166666667,0.933333333,0.2,0.1,0.166666667,0.47798749804496765,0.06317228078842163,0.4199126660823822,0.15979672968387604,0.2961553633213043,0.06674674153327942,0.24429303407669067,0.18001630902290344,0.29987767338752747,0.06353025883436203,0.18779297173023224,0.12973996996879578,0.07792048901319504,0.7572632431983948,0.22348155081272125,0.28024643659591675,0.11082188040018082,0.07538406550884247,0.09787687659263611,0.20276163518428802,0.2022753804922104,0.15283457934856415,0.18380199372768402,0.09988266229629517,0.03590884804725647,0.39306479692459106,0.17531396448612213,0.12110183387994766,0.2667578160762787,0.5876798033714294,0.25071287155151367,0.2060883492231369,0.2662900686264038,0.21655762195587158,0.07042931020259857,0.6657050251960754,0.1394905298948288,0.02839047834277153,0.07055509835481644,0.3275247812271118,0.1575096994638443,0.13605903089046478,0.11461891978979111,0.15588267147541046,0.0867742970585823,0.2573402523994446,0.07420678436756134,0.24536284804344177,0.16078685224056244,0.1428994983434677,0.1545274704694748
AH100,0.166666667,0.0,0.333333333,0.166666667,0.233333333,0.166666667,0.566666667,0.366666667,0.8,0.066666667,0.533333333,0.466666667,0.133333333,1.1,0.6,0.133333333,0.233333333,0.0,0.033333333,0.066666667,0.2,0.0,0.5,0.166666667,0.1,0.6,0.233333333,0.066666667,0.766666667,0.266666667,0.633333333,0.233333333,0.0,0.1,0.0,0.766666667,0.166666667,0.0,0.166666667,0.1,0.2,0.4,0.3,0.366666667,0.4,0.1,0.0,0.233333333,0.066666667,0.266666667,0.1,0.47798749804496765,0.06317228078842163,0.4199126660823822,0.15979672968387604,0.2961553633213043,0.06674674153327942,0.24429303407669067,0.18001630902290344,0.29987767338752747,0.06353025883436203,0.18779297173023224,0.12973996996879578,0.07792048901319504,0.7572632431983948,0.22348155081272125,0.28024643659591675,0.11082188040018082,0.07538406550884247,0.09787687659263611,0.20276163518428802,0.2022753804922104,0.15283457934856415,0.18380199372768402,0.09988266229629517,0.03590884804725647,0.39306479692459106,0.17531396448612213,0.12110183387994766,0.2667578160762787,0.5876798033714294,0.25071287155151367,0.2060883492231369,0.2662900686264038,0.21655762195587158,0.07042931020259857,0.6657050251960754,0.1394905298948288,0.02839047834277153,0.07055509835481644,0.3275247812271118,0.1575096994638443,0.13605903089046478,0.11461891978979111,0.15588267147541046,0.0867742970585823,0.2573402523994446,0.07420678436756134,0.24536284804344177,0.16078685224056244,0.1428994983434677,0.1545274704694748
AH203,0.233333333,0.066666667,0.333333333,0.533333333,0.466666667,0.0,0.733333333,0.7,0.8,0.133333333,0.433333333,0.433333333,0.0,1.1,0.266666667,0.366666667,0.166666667,0.0,0.0,0.0,0.0,0.0,0.066666667,0.0,0.233333333,0.266666667,0.233333333,0.133333333,0.633333333,0.6,0.533333333,0.166666667,0.0,0.066666667,0.0,0.666666667,0.766666667,0.0,0.2,0.233333333,0.066666667,0.2,0.0,0.5,0.0,0.133333333,0.0,0.4,0.166666667,0.1,0.033333333,0.38981926441192627,0.11279110610485077,0.4762248694896698,0.3518698215484619,0.28374364972114563,0.14415986835956573,0.4496641159057617,0.24749656021595,0.8959800004959106,0.2300713211297989,0.2509356737136841,0.22944210469722748,0.07304324209690094,1.5966637134552002,0.3706042468547821,0.408067911863327,0.1909954994916916,0.06619958579540253,0.05280352011322975,0.1508963406085968,0.2668917775154114,0.05666114762425423,0.16062602400779724,0.07491517812013626,0.05531654879450798,0.23646360635757446,0.07819244265556335,0.052340876311063766,0.13082964718341827,0.38459861278533936,0.23295971751213074,0.12863436341285706,0.04962891712784767,0.18537315726280212,0.04963807016611099,0.5817527770996094,0.1142362430691719,0.013494731858372688,0.05338320508599281,0.13463322818279266,0.13890865445137024,0.12660937011241913,0.06721177697181702,0.1636166274547577,0.2762921452522278,0.24667371809482574,0.1120285838842392,0.2767912745475769,0.18866387009620667,0.1554177701473236,0.10521286725997925
AH664,0.2,0.0,0.233333333,0.0,0.333333333,0.066666667,0.633333333,0.366666667,0.933333333,0.1,0.266666667,0.233333333,0.0,0.866666667,0.433333333,0.433333333,0.366666667,0.0,0.033333333,0.033333333,0.066666667,0.0,0.066666667,0.0,0.066666667,0.533333333,0.233333333,0.2,1.033333333,0.4,0.7,0.333333333,0.0,0.3,0.0,0.833333333,0.333333333,0.0,0.233333333,0.166666667,0.266666667,0.266666667,0.2,0.4,0.3,0.233333333,0.0,0.0,0.2,0.0,0.1,0.47798749804496765,0.06317228078842163,0.4199126660823822,0.15979672968387604,0.2961553633213043,0.06674674153327942,0.24429303407669067,0.18001630902290344,0.29987767338752747,0.06353025883436203,0.18779297173023224,0.12973996996879578,0.07792048901319504,0.7572632431983948,0.22348155081272125,0.28024643659591675,0.11082188040018082,0.07538406550884247,0.09787687659263611,0.20276163518428802,0.2022753804922104,0.15283457934856415,0.18380199372768402,0.09988266229629517,0.03590884804725647,0.39306479692459106,0.17531396448612213,0.12110183387994766,0.2667578160762787,0.5876798033714294,0.25071287155151367,0.2060883492231369,0.2662900686264038,0.21655762195587158,0.07042931020259857,0.6657050251960754,0.1394905298948288,0.02839047834277153,0.07055509835481644,0.3275247812271118,0.1575096994638443,0.13605903089046478,0.11461891978979111,0.15588267147541046,0.0867742970585823,0.2573402523994446,0.07420678436756134,0.24536284804344177,0.16078685224056244,0.1428994983434677,0.1545274704694748
AH877,0.2,0.0,0.3,0.0,0.333333333,0.2,0.4,0.1,0.733333333,0.0,0.633333333,0.5,0.133333333,1.1,0.466666667,0.566666667,0.366666667,0.033333333,0.133333333,0.066666667,0.0,0.0,0.1,0.0,0.2,0.666666667,0.3,0.0,0.966666667,0.6,0.2,0.133333333,0.0,0.4,0.0,0.733333333,0.533333333,0.166666667,0.266666667,0.066666667,0.1,0.366666667,0.1,0.3,0.0,0.566666667,0.0,0.5,0.2,0.133333333,0.133333333,0.47798749804496765,0.06317228078842163,0.4199126660823822,0.15979672968387604,0.2961553633213043,0.06674674153327942,0.24429303407669067,0.18001630902290344,0.29987767338752747,0.06353025883436203,0.18779297173023224,0.12973996996879578,0.07792048901319504,0.7572632431983948,0.22348155081272125,0.28024643659591675,0.11082188040018082,0.07538406550884247,0.09787687659263611,0.20276163518428802,0.2022753804922104,0.15283457934856415,0.18380199372768402,0.09988266229629517,0.03590884804725647,0.39306479692459106,0.17531396448612213,0.12110183387994766,0.2667578160762787,0.5876798033714294,0.25071287155151367,0.2060883492231369,0.2662900686264038,0.21655762195587158,0.07042931020259857,0.6657050251960754,0.1394905298948288,0.02839047834277153,0.07055509835481644,0.3275247812271118,0.1575096994638443,0.13605903089046478,0.11461891978979111,0.15588267147541046,0.0867742970585823,0.2573402523994446,0.07420678436756134,0.24536284804344177,0.16078685224056244,0.1428994983434677,0.1545274704694748
AI142,0.142857143,0.0,0.857142857,0.0,0.25,0.357142857,1.464285714,0.178571429,0.535714286,0.25,0.0,0.214285714,0.178571429,1.178571429,0.214285714,0.107142857,0.214285714,0.107142857,0.178571429,0.678571429,0.821428571,0.035714286,1.0,0.0,0.107142857,0.25,0.0,0.25,0.178571429,0.142857143,0.0,0.0,0.0,0.285714286,0.0,0.285714286,0.107142857,0.0,0.0,0.0,0.071428571,0.107142857,0.142857143,0.178571429,0.0,0.0,0.142857143,0.107142857,0.071428571,0.392857143,0.071428571,0.43273085355758667,0.3532494604587555,0.6293771266937256,0.2488429844379425,0.5362064838409424,0.23061534762382507,0.7411554455757141,0.31459012627601624,1.2896482944488525,0.2068234384059906,0.34619030356407166,0.35429492592811584,0.1087423786520958,1.266931414604187,0.29455795884132385,0.3242429196834564,0.14451906085014343,0.11203635483980179,0.048619579523801804,0.2076079547405243,0.2610820531845093,0.0769302248954773,0.11646582931280136,0.1084338054060936,0.02209286019206047,0.1779855340719223,0.09609859436750412,0.017277440056204796,0.1377573311328888,0.21998141705989838,0.33109426498413086,0.13394078612327576,0.07502247393131256,0.1788923293352127,0.0781370997428894,0.45181718468666077,0.12138135731220245,0.06618053466081619,0.026872633025050163,0.11208322644233704,0.22977963089942932,0.13788089156150818,0.07749476283788681,0.1799413412809372,0.13441462814807892,0.2353396713733673,0.2087847739458084,0.2710283100605011,0.2551270127296448,0.1964258849620819,0.040968917310237885
AI242,0.285714286,0.035714286,0.5,0.071428571,0.5,0.464285714,0.964285714,0.214285714,0.75,0.178571429,0.142857143,0.285714286,0.071428571,1.071428571,0.178571429,0.071428571,0.535714286,0.178571429,0.142857143,0.285714286,0.035714286,0.0,0.428571429,0.107142857,0.142857143,0.607142857,0.142857143,0.142857143,0.285714286,0.107142857,0.142857143,0.071428571,0.0,0.0,0.107142857,0.178571429,0.035714286,0.0,0.0,0.0,0.071428571,0.428571429,0.035714286,0.25,0.0,0.071428571,0.321428571,0.142857143,0.214285714,0.178571429,0.035714286,0.43273085355758667,0.3532494604587555,0.6293771266937256,0.2488429844379425,0.5362064838409424,0.23061534762382507,0.7411554455757141,0.31459012627601624,1.2896482944488525,0.2068234384059906,0.34619030356407166,0.35429492592811584,0.1087423786520958,1.266931414604187,0.29455795884132385,0.3242429196834564,0.14451906085014343,0.11203635483980179,0.048619579523801804,0.2076079547405243,0.2610820531845093,0.0769302248954773,0.11646582931280136,0.1084338054060936,0.02209286019206047,0.1779855340719223,0.09609859436750412,0.017277440056204796,0.1377573311328888,0.21998141705989838,0.33109426498413086,0.13394078612327576,0.07502247393131256,0.1788923293352127,0.0781370997428894,0.45181718468666077,0.12138135731220245,0.06618053466081619,0.026872633025050163,0.11208322644233704,0.22977963089942932,0.13788089156150818,0.07749476283788681,0.1799413412809372,0.13441462814807892,0.2353396713733673,0.2087847739458084,0.2710283100605011,0.2551270127296448,0.1964258849620819,0.040968917310237885
AI273,0.035714286,0.071428571,0.285714286,0.214285714,0.071428571,0.0,0.642857143,0.285714286,2.178571429,0.25,0.428571429,1.321428571,0.214285714,1.642857143,0.285714286,0.214285714,0.25,0.107142857,0.0,0.285714286,0.142857143,0.107142857,0.25,0.0,0.0,0.285714286,0.0,0.0,0.071428571,0.178571429,1.071428571,0.0,0.0,0.0,0.0,0.107142857,0.071428571,0.0,0.0,0.214285714,0.0,0.0,0.214285714,0.428571429,0.25,0.178571429,0.0,0.035714286,0.285714286,0.0,0.107142857,0.4308539628982544,0.420945405960083,0.5460745096206665,0.2226153016090393,0.28964871168136597,0.1593896448612213,0.48905476927757263,0.24924620985984802,1.2809158563613892,0.11159398406744003,0.2391391098499298,0.6533324718475342,0.09519989043474197,1.3976867198944092,0.29956483840942383,0.3030627965927124,0.20754867792129517,0.07197405397891998,0.06527378410100937,0.092318594455719,0.10625791549682617,0.06469563394784927,0.07503268122673035,0.12237431854009628,0.0316677950322628,0.1127137765288353,0.07146026194095612,0.07012470066547394,0.13073138892650604,0.2760256230831146,0.3493451178073883,0.13499151170253754,0.29567769169807434,0.16609343886375427,0.05648738518357277,0.33567413687705994,0.14366494119167328,0.02323414571583271,0.02571750618517399,0.11677319556474686,0.13937518000602722,0.1524266004562378,0.08292318880558014,0.16151918470859528,0.18018734455108643,0.21543405950069427,0.13590450584888458,0.24861687421798706,0.2124963253736496,0.145028218626976,0.09118562191724777
AI347,0.172413793,0.0,0.586206897,0.068965517,0.275862069,0.448275862,1.275862069,0.068965517,1.586206897,0.517241379,0.137931034,0.413793103,0.172413793,1.137931034,0.172413793,0.275862069,0.068965517,0.0,0.0,0.137931034,0.137931034,0.0,0.137931034,0.068965517,0.206896552,0.310344828,0.0,0.0,0.172413793,0.172413793,0.310344828,0.0,0.0,0.0,0.034482759,0.206896552,0.0,0.0,0.034482759,0.0,0.137931034,0.310344828,0.0,0.24137931,0.034482759,0.172413793,0.310344828,0.206896552,0.275862069,0.172413793,0.0,0.43273085355758667,0.3532494604587555,0.6293771266937256,0.2488429844379425,0.5362064838409424,0.23061534762382507,0.7411554455757141,0.31459012627601624,1.2896482944488525,0.2068234384059906,0.34619030356407166,0.35429492592811584,0.1087423786520958,1.266931414604187,0.29455795884132385,0.3242429196834564,0.14451906085014343,0.11203635483980179,0.048619579523801804,0.2076079547405243,0.2610820531845093,0.0769302248954773,0.11646582931280136,0.1084338054060936,0.02209286019206047,0.1779855340719223,0.09609859436750412,0.017277440056204796,0.1377573311328888,0.21998141705989838,0.33109426498413086,0.13394078612327576,0.07502247393131256,0.1788923293352127,0.0781370997428894,0.45181718468666077,0.12138135731220245,0.06618053466081619,0.026872633025050163,0.11208322644233704,0.22977963089942932,0.13788089156150818,0.07749476283788681,0.1799413412809372,0.13441462814807892,0.2353396713733673,0.2087847739458084,0.2710283100605011,0.2551270127296448,0.1964258849620819,0.040968917310237885
AI376,0.517241379,0.172413793,0.379310345,0.0,0.310344828,0.310344828,0.310344828,0.0,0.482758621,0.172413793,0.0,0.068965517,0.034482759,0.793103448,0.24137931,0.137931034,0.103448276,0.068965517,0.0,1.482758621,2.586206897,0.0,1.034482759,0.24137931,0.206896552,0.172413793,0.034482759,0.379310345,0.310344828,0.068965517,0.034482759,0.0,0.0,0.172413793,0.0,0.103448276,0.034482759,0.0,0.0,0.0,0.0,0.206896552,0.0,0.0,0.034482759,0.0,0.172413793,0.206896552,0.24137931,0.206896552,0.0,0.43273085355758667,0.3532494604587555,0.6293771266937256,0.2488429844379425,0.5362064838409424,0.23061534762382507,0.7411554455757141,0.31459012627601624,1.2896482944488525,0.2068234384059906,0.34619030356407166,0.35429492592811584,0.1087423786520958,1.266931414604187,0.29455795884132385,0.3242429196834564,0.14451906085014343,0.11203635483980179,0.048619579523801804,0.2076079547405243,0.2610820531845093,0.0769302248954773,0.11646582931280136,0.1084338054060936,0.02209286019206047,0.1779855340719223,0.09609859436750412,0.017277440056204796,0.1377573311328888,0.21998141705989838,0.33109426498413086,0.13394078612327576,0.07502247393131256,0.1788923293352127,0.0781370997428894,0.45181718468666077,0.12138135731220245,0.06618053466081619,0.026872633025050163,0.11208322644233704,0.22977963089942932,0.13788089156150818,0.07749476283788681,0.1799413412809372,0.13441462814807892,0.2353396713733673,0.2087847739458084,0.2710283100605011,0.2551270127296448,0.1964258849620819,0.040968917310237885
AI453,0.0,0.0,0.392857143,0.035714286,0.035714286,0.0,0.607142857,0.0,2.285714286,0.178571429,0.571428571,1.428571429,0.0,1.214285714,0.107142857,0.178571429,0.321428571,0.107142857,0.071428571,0.0,0.214285714,0.0,0.107142857,0.0,0.0,0.0,0.0,0.0,0.392857143,0.071428571,0.964285714,0.0,0.0,0.285714286,0.142857143,0.035714286,0.0,0.0,0.0,0.428571429,0.0,0.0,0.178571429,0.5,0.035714286,0.035714286,0.0,0.357142857,0.035714286,0.0,0.071428571,0.4308539628982544,0.420945405960083,0.5460745096206665,0.2226153016090393,0.28964871168136597,0.1593896448612213,0.48905476927757263,0.24924620985984802,1.2809158563613892,0.11159398406744003,0.2391391098499298,0.6533324718475342,0.09519989043474197,1.3976867198944092,0.29956483840942383,0.3030627965927124,0.20754867792129517,0.07197405397891998,0.06527378410100937,0.092318594455719,0.10625791549682617,0.06469563394784927,0.07503268122673035,0.12237431854009628,0.0316677950322628,0.1127137765288353,0.07146026194095612,0.07012470066547394,0.13073138892650604,0.2760256230831146,0.3493451178073883,0.13499151170253754,0.29567769169807434,0.16609343886375427,0.05648738518357277,0.33567413687705994,0.14366494119167328,0.02323414571583271,0.02571750618517399,0.11677319556474686,0.13937518000602722,0.1524266004562378,0.08292318880558014,0.16151918470859528,0.18018734455108643,0.21543405950069427,0.13590450584888458,0.24861687421798706,0.2124963253736496,0.145028218626976,0.09118562191724777
AI665,0.25,0.035714286,0.214285714,0.071428571,0.357142857,0.0,0.642857143,0.178571429,1.178571429,0.107142857,0.178571429,0.642857143,0.25,0.857142857,0.321428571,0.357142857,0.392857143,0.035714286,0.0,0.392857143,0.25,0.214285714,0.0,0.178571429,0.0,0.285714286,0.0,0.035714286,0.107142857,0.0,0.821428571,0.035714286,0.071428571,0.071428571,0.0,0.142857143,0.035714286,0.0,0.0,0.392857143,0.0,0.0,0.178571429,0.178571429,0.0,0.0,0.107142857,0.107142857,0.071428571,0.0,0.0,0.4308539628982544,0.420945405960083,0.5460745096206665,0.2226153016090393,0.28964871168136597,0.1593896448612213,0.48905476927757263,0.24924620985984802,1.2809158563613892,0.11159398406744003,0.2391391098499298,0.6533324718475342,0.09519989043474197,1.3976867198944092,0.29956483840942383,0.3030627965927124,0.20754867792129517,0.07197405397891998,0.06527378410100937,0.092318594455719,0.10625791549682617,0.06469563394784927,0.07503268122673035,0.12237431854009628,0.0316677950322628,0.1127137765288353,0.07146026194095612,0.07012470066547394,0.13073138892650604,0.2760256230831146,0.3493451178073883,0.13499151170253754,0.29567769169807434,0.16609343886375427,0.05648738518357277,0.33567413687705994,0.14366494119167328,0.02323414571583271,0.02571750618517399,0.11677319556474686,0.13937518000602722,0.1524266004562378,0.08292318880558014,0.16151918470859528,0.18018734455108643,0.21543405950069427,0.13590450584888458,0.24861687421798706,0.2124963253736496,0.145028218626976,0.09118562191724777
AI681,0.0,0.071428571,0.107142857,0.107142857,0.142857143,0.0,0.5,0.0,2.785714286,0.107142857,0.428571429,0.928571429,0.214285714,1.285714286,0.178571429,0.214285714,0.071428571,0.0,0.0,0.071428571,0.071428571,0.0,0.071428571,0.071428571,0.0,0.285714286,0.035714286,0.0,0.25,0.428571429,0.964285714,0.0,0.0,0.0,0.0,0.0,0.0,0.0,0.0,0.214285714,0.0,0.107142857,0.214285714,0.607142857,0.0,0.0,0.0,0.107142857,0.0,0.0,0.0,0.4308539628982544,0.420945405960083,0.5460745096206665,0.2226153016090393,0.28964871168136597,0.1593896448612213,0.48905476927757263,0.24924620985984802,1.2809158563613892,0.11159398406744003,0.2391391098499298,0.6533324718475342,0.09519989043474197,1.3976867198944092,0.29956483840942383,0.3030627965927124,0.20754867792129517,0.07197405397891998,0.06527378410100937,0.092318594455719,0.10625791549682617,0.06469563394784927,0.07503268122673035,0.12237431854009628,0.0316677950322628,0.1127137765288353,0.07146026194095612,0.07012470066547394,0.13073138892650604,0.2760256230831146,0.3493451178073883,0.13499151170253754,0.29567769169807434,0.16609343886375427,0.05648738518357277,0.33567413687705994,0.14366494119167328,0.02323414571583271,0.02571750618517399,0.11677319556474686,0.13937518000602722,0.1524266004562378,0.08292318880558014,0.16151918470859528,0.18018734455108643,0.21543405950069427,0.13590450584888458,0.24861687421798706,0.2124963253736496,0.145028218626976,0.09118562191724777
AI768,0.275862069,0.034482759,0.620689655,0.206896552,0.413793103,0.0,0.482758621,0.103448276,1.724137931,0.068965517,0.24137931,0.689655172,0.0,0.827586207,0.0,0.0,0.310344828,0.068965517,0.0,0.310344828,0.103448276,0.0,0.0,0.103448276,0.0,0.0,0.0,0.0,0.275862069,0.24137931,0.793103448,0.0,0.275862069,0.24137931,0.0,0.137931034,0.0,0.0,0.206896552,0.206896552,0.0,0.103448276,0.172413793,0.448275862,0.137931034,0.0,0.0,0.379310345,0.0,0.068965517,0.103448276,0.4308539628982544,0.420945405960083,0.5460745096206665,0.2226153016090393,0.28964871168136597,0.1593896448612213,0.48905476927757263,0.24924620985984802,1.2809158563613892,0.11159398406744003,0.2391391098499298,0.6533324718475342,0.09519989043474197,1.3976867198944092,0.29956483840942383,0.3030627965927124,0.20754867792129517,0.07197405397891998,0.06527378410100937,0.092318594455719,0.10625791549682617,0.06469563394784927,0.07503268122673035,0.12237431854009628,0.0316677950322628,0.1127137765288353,0.07146026194095612,0.07012470066547394,0.13073138892650604,0.2760256230831146,0.3493451178073883,0.13499151170253754,0.29567769169807434,0.16609343886375427,0.05648738518357277,0.33567413687705994,0.14366494119167328,0.02323414571583271,0.02571750618517399,0.11677319556474686,0.13937518000602722,0.1524266004562378,0.08292318880558014,0.16151918470859528,0.18018734455108643,0.21543405950069427,0.13590450584888458,0.24861687421798706,0.2124963253736496,0.145028218626976,0.09118562191724777
AI780,0.142857143,0.0,0.178571429,0.0,0.321428571,0.178571429,0.464285714,0.0,0.928571429,0.392857143,0.0,0.142857143,0.0,1.357142857,0.321428571,0.25,0.357142857,0.107142857,0.0,1.285714286,2.285714286,0.071428571,0.535714286,0.0,0.142857143,0.321428571,0.107142857,0.678571429,0.142857143,0.178571429,0.0,0.0,0.0,0.178571429,0.0,0.214285714,0.035714286,0.0,0.0,0.0,0.142857143,0.0,0.0,0.035714286,0.0,0.0,0.0,0.107142857,0.178571429,0.0,0.0,0.43273085355758667,0.3532494604587555,0.6293771266937256,0.2488429844379425,0.5362064838409424,0.23061534762382507,0.7411554455757141,0.31459012627601624,1.2896482944488525,0.2068234384059906,0.34619030356407166,0.35429492592811584,0.1087423786520958,1.266931414604187,0.29455795884132385,0.3242429196834564,0.14451906085014343,0.11203635483980179,0.048619579523801804,0.2076079547405243,0.2610820531845093,0.0769302248954773,0.11646582931280136,0.1084338054060936,0.02209286019206047,0.1779855340719223,0.09609859436750412,0.017277440056204796,0.1377573311328888,0.21998141705989838,0.33109426498413086,0.13394078612327576,0.07502247393131256,0.1788923293352127,0.0781370997428894,0.45181718468666077,0.12138135731220245,0.06618053466081619,0.026872633025050163,0.11208322644233704,0.22977963089942932,0.13788089156150818,0.07749476283788681,0.1799413412809372,0.13441462814807892,0.2353396713733673,0.2087847739458084,0.2710283100605011,0.2551270127296448,0.1964258849620819,0.040968917310237885
AA495,0.076923077,0.0,0.076923077,0.0,0.115384615,0.230769231,0.0,0.5,0.0,0.0,0.038461538,0.0,0.192307692,1.0,0.153846154,0.115384615,0.0,0.192307692,0.0,0.807692308,0.961538462,0.0,0.807692308,0.692307692,0.730769231,0.653846154,0.346153846,1.692307692,0.576923077,0.0,0.0,0.0,0.153846154,0.346153846,0.230769231,0.076923077,0.0,0.0,0.0,0.0,0.038461538,0.0,0.0,0.0,0.153846154,0.0,0.0,0.0,0.192307692,0.0,0.0,0.39811843633651733,0.09875177592039108,0.5453043580055237,0.49066588282585144,0.30786240100860596,0.15738001465797424,0.4977470636367798,0.2646847367286682,0.7735854983329773,0.11731912940740585,0.24814355373382568,0.3022112548351288,0.15075626969337463,1.076845645904541,0.3367792069911957,0.28415948152542114,0.09834399074316025,0.13808809220790863,0.07480479031801224,0.15304650366306305,0.2918367385864258,0.06727486848831177,0.1185230240225792,0.357544481754303,0.3809357285499573,0.7778744697570801,0.27076807618141174,0.6152259111404419,0.20453661680221558,0.2012634575366974,0.18738938868045807,0.14844229817390442,0.07313992828130722,0.17362336814403534,0.06853070110082626,0.2729240953922272,0.17801102995872498,0.024608850479125977,0.03129454702138901,0.10835007578134537,0.20866462588310242,0.18727213144302368,0.06188589707016945,0.22583086788654327,0.35214027762413025,0.185708150267601,0.1941729038953781,0.2778470814228058,0.22587503492832184,0.16511431336402893,0.06910926848649979
AH254,0.133333333,0.0,0.466666667,0.1,0.566666667,0.066666667,0.2,0.266666667,0.833333333,0.1,0.333333333,0.166666667,0.1,0.7,0.233333333,0.1,0.366666667,0.166666667,0.033333333,0.166666667,0.133333333,0.0,0.266666667,0.0,0.0,0.3,0.0,0.0,0.066666667,0.1,0.1,0.233333333,0.066666667,0.166666667,0.0,0.9,0.3,0.0,0.0,0.0,0.766666667,0.533333333,0.0,0.633333333,0.933333333,0.0,0.033333333,0.133333333,0.466666667,0.166666667,0.233333333,0.35165348649024963,0.05899358168244362,0.30761146545410156,0.5373471975326538,0.2841101288795471,0.08912824839353561,0.23276829719543457,0.18197087943553925,0.44128385186195374,0.016724353656172752,0.21169541776180267,0.24478332698345184,0.0662977397441864,0.8152675032615662,0.2522886097431183,0.3491363227367401,0.2865377962589264,0.16494281589984894,0.1780046820640564,0.44520431756973267,0.39861634373664856,0.27463701367378235,0.3245406746864319,0.08214113116264343,0.04455055296421051,0.060700684785842896,0.14108076691627502,0.1335623860359192,0.203160360455513,0.28085577487945557,0.22496558725833893,0.2503255605697632,0.3409669101238251,0.21707193553447723,0.13601869344711304,0.4881976544857025,0.20103874802589417,0.030682390555739403,0.11183106899261475,0.36400356888771057,0.22475863993167877,0.19631773233413696,0.1390325129032135,0.1916169673204422,0.27750685811042786,0.15687379240989685,0.03625328838825226,0.2907438278198242,0.25711140036582947,0.11506833136081696,0.11319810152053833
AH489,0.3,0.0,0.366666667,0.1,0.2,0.2,0.3,0.166666667,0.4,0.0,0.0,0.133333333,0.1,0.6,0.133333333,0.0,0.066666667,0.1,0.066666667,0.166666667,0.1,0.0,0.266666667,0.0,0.0,0.4,0.266666667,0.0,0.5,0.566666667,0.5,0.366666667,0.4,0.233333333,0.0,0.866666667,0.1,0.0,0.133333333,0.366666667,0.766666667,0.133333333,0.1,0.3,0.2,0.133333333,0.133333333,0.133333333,0.433333333,0.0,0.333333333,0.37176719307899475,0.05732840672135353,0.29001691937446594,0.07694157212972641,0.28840216994285583,0.06196782365441322,0.14042051136493683,0.18215300142765045,0.2753323018550873,0.03713954985141754,0.11728450655937195,0.09580126404762268,0.06992249935865402,0.7096874713897705,0.188095360994339,0.270054429769516,0.09328923374414444,0.11226978152990341,0.09912150353193283,0.1637764424085617,0.19268536567687988,0.16660846769809723,0.1840873658657074,0.07679977267980576,0.0457567423582077,0.20406301319599152,0.1684631109237671,0.16236168146133423,0.36889398097991943,0.5195101499557495,0.25741055607795715,0.1768312305212021,0.1809891015291214,0.2245587408542633,0.06647976487874985,0.6745632886886597,0.14894355833530426,0.06532734632492065,0.18635977804660797,0.5089139342308044,0.16445136070251465,0.12131834030151367,0.11500430107116699,0.16447339951992035,0.07539081573486328,0.21870288252830505,0.05986260622739792,0.24532392621040344,0.1424805223941803,0.10108770430088043,0.13931813836097717
AH612,0.1,0.0,0.366666667,0.166666667,0.433333333,0.2,0.233333333,0.066666667,1.1,0.0,0.066666667,0.6,0.066666667,1.0,0.333333333,0.366666667,0.6,0.133333333,0.233333333,0.166666667,0.0,0.033333333,0.366666667,0.0,0.0,0.166666667,0.033333333,0.0,0.0,0.033333333,0.166666667,0.133333333,0.166666667,0.066666667,0.0,0.5,0.133333333,0.0,0.0,0.0,0.333333333,0.233333333,0.133333333,1.133333333,0.6,0.066666667,0.133333333,0.166666667,0.4,0.033333333,0.166666667,0.3453484773635864,0.025594595819711685,0.2678716778755188,0.3225364089012146,0.27735236287117004,0.12414702773094177,0.18194814026355743,0.17784938216209412,0.5271208882331848,0.00494643347337842,0.14640606939792633,0.1768331378698349,0.07084715366363525,0.8145508170127869,0.1546366661787033,0.33857783675193787,0.22543497383594513,0.14230743050575256,0.09760189056396484,0.11215227842330933,0.1470424234867096,0.09425417333841324,0.18638546764850616,0.06282424181699753,0.03279680013656616,0.06348269432783127,0.10661408305168152,0.10012999176979065,0.1868015080690384,0.28839194774627686,0.24884071946144104,0.16005712747573853,0.1348470002412796,0.21906264126300812,0.07438141852617264,0.47020992636680603,0.19215109944343567,0.05875172093510628,0.047571320086717606,0.32828375697135925,0.18983392417430878,0.16346430778503418,0.08103702962398529,0.9046158790588379,0.4626420736312866,0.45238029956817627,0.03599594533443451,0.3952927887439728,0.20994412899017334,0.10520336776971817,0.12224684655666351
AH765,0.1,0.066666667,0.5,0.133333333,0.166666667,0.2,0.666666667,0.5,0.866666667,0.4,0.266666667,0.666666667,0.1,1.2,0.133333333,0.266666667,0.1,0.1,0.0,0.066666667,0.0,0.033333333,0.266666667,0.0,0.0,0.2,0.166666667,0.0,0.266666667,0.1,0.166666667,0.266666667,0.066666667,0.066666667,0.0,0.833333333,0.3,0.0,0.066666667,0.066666667,0.333333333,0.066666667,0.066666667,0.666666667,0.366666667,0.1,0.0,0.266666667,0.4,0.0,0.133333333,0.34949859976768494,0.09540648758411407,0.2776544690132141,0.13930505514144897,0.24760442972183228,0.0767812579870224,0.32190290093421936,0.19926193356513977,0.9471631646156311,0.05312184989452362,0.3970790207386017,0.3042779564857483,0.10581500828266144,0.7760547399520874,0.15072831511497498,0.2784916162490845,0.07729213684797287,0.06562735885381699,0.07601972669363022,0.18874654173851013,0.21060848236083984,0.09628842771053314,0.13745763897895813,0.07541119307279587,0.02876761555671692,0.08304829895496368,0.14165106415748596,0.07660477608442307,0.21838229894638062,0.5163778066635132,0.24168188869953156,0.17213591933250427,0.161399245262146,0.20866206288337708,0.05827600508928299,0.42859676480293274,0.08824840933084488,0.031145129352808,0.06163276731967926,0.45383644104003906,0.14515270292758942,0.1164984181523323,0.08497422188520432,0.16477744281291962,0.14700761437416077,0.14767788350582123,0.057662226259708405,0.22627544403076172,0.1501481533050537,0.11881442368030548,0.10906319320201874
AI338,0.517241379,0.0,0.344827586,0.0,0.24137931,0.0,0.103448276,0.275862069,0.965517241,0.172413793,0.413793103,0.24137931,0.206896552,1.172413793,0.344827586,0.482758621,0.482758621,0.0,0.0,0.275862069,0.413793103,0.0,0.482758621,0.0,0.0,0.0,0.24137931,0.0,0.068965517,0.310344828,0.586206897,0.0,0.0,0.482758621,0.482758621,0.517241379,0.068965517,0.0,0.0,0.344827586,0.0,0.034482759,0.034482759,0.0,0.0,0.137931034,0.068965517,0.103448276,0.0,0.0,0.034482759,0.4270479381084442,0.08201700448989868,0.40605366230010986,0.1120636984705925,0.3894059360027313,0.08649148792028427,0.23641036450862885,0.20574940741062164,0.7978204488754272,0.0532456636428833,0.18406571447849274,0.21243345737457275,0.07016237825155258,0.9197821617126465,0.3904606103897095,0.2957330048084259,0.08259132504463196,0.07149029523134232,0.052097588777542114,0.30780619382858276,0.5221298933029175,0.06441602855920792,0.5783193111419678,0.07157448679208755,0.06956054270267487,0.1009044349193573,0.14160798490047455,0.06307526677846909,0.10816828161478043,0.1672152578830719,0.2090974897146225,0.1322198063135147,0.03470635414123535,0.2114887237548828,0.1586313545703888,0.3876638412475586,0.11505202949047089,0.022963326424360275,0.02604546584188938,0.09941574186086655,0.14527209103107452,0.15770450234413147,0.06685273349285126,0.1776052564382553,0.20137645304203033,0.2265806794166565,0.15478363633155823,0.37347620725631714,0.16619230806827545,0.1475585699081421,0.08699750900268555
AJ266,0.233333333,0.0,0.266666667,0.1,0.433333333,0.033333333,0.1,0.366666667,0.266666667,0.0,0.0,0.0,0.0,1.033333333,0.966666667,0.433333333,0.566666667,1.033333333,1.5,0.8,0.466666667,0.1,0.4,0.0,0.1,0.133333333,0.133333333,0.0,0.066666667,0.166666667,0.166666667,0.066666667,0.066666667,0.266666667,0.066666667,0.7,0.166666667,0.0,0.0,0.033333333,0.466666667,0.0,0.066666667,0.133333333,0.266666667,0.333333333,0.0,0.766666667,0.166666667,0.333333333,0.066666667,0.41869738698005676,0.04322969913482666,0.48745298385620117,0.05231091007590294,0.3396447002887726,0.08850133419036865,0.21919094026088715,0.25616052746772766,0.6253060102462769,0.21753659844398499,0.15167036652565002,0.09874953329563141,0.06711633503437042,1.1423730850219727,0.3516444265842438,0.23952244222164154,0.4369387626647949,0.31631535291671753,0.3538411259651184,0.464102178812027,0.38195574283599854,0.28284305334091187,0.33899322152137756,0.21519005298614502,0.027701595798134804,0.11170303821563721,0.0701851025223732,0.07872070372104645,0.13208821415901184,0.3211631774902344,0.20493727922439575,0.25646254420280457,0.6193444132804871,0.21351124346256256,0.10659778118133545,0.6219149827957153,0.17573046684265137,0.08742071688175201,0.04747094213962555,0.20443537831306458,0.2796873450279236,0.17502950131893158,0.1096639335155487,0.3336511254310608,0.2336544692516327,0.29228541254997253,0.10500761866569519,0.2708435356616974,0.2810596227645874,0.16938109695911407,0.093866728246212
AJ316,0.103448276,0.0,0.172413793,0.0,0.24137931,0.0,0.172413793,0.0,0.24137931,0.0,0.0,0.0,0.0,0.413793103,0.172413793,0.206896552,0.344827586,0.379310345,0.206896552,1.586206897,2.137931034,0.0,1.724137931,0.482758621,0.0,0.0,0.103448276,0.379310345,0.620689655,0.103448276,0.034482759,0.034482759,0.068965517,0.24137931,0.137931034,0.655172414,0.068965517,0.0,0.0,0.103448276,0.0,0.24137931,0.0,0.0,0.137931034,0.034482759,0.103448276,0.0,0.448275862,0.24137931,0.0,0.47352153062820435,0.10739988088607788,0.44690966606140137,0.1476411074399948,0.27924758195877075,0.177817702293396,0.297069787979126,0.21281607449054718,0.489650160074234,0.07033897936344147,0.13610363006591797,0.13821393251419067,0.061124805361032486,0.9054955840110779,0.2511419951915741,0.2458992898464203,0.34667521715164185,0.15642693638801575,0.13192301988601685,0.48114287853240967,0.598345935344696,0.15136772394180298,0.7721154093742371,0.072699174284935,0.029449861496686935,0.09211941063404083,0.09502792358398438,0.07776366174221039,0.1276676058769226,0.24322959780693054,0.24697797000408173,0.16359354555606842,0.0788440853357315,0.2166144996881485,0.1490280032157898,0.6514992713928223,0.18321794271469116,0.022853801026940346,0.034383732825517654,0.14929133653640747,0.25544047355651855,0.18854930996894836,0.1588839292526245,0.19394320249557495,0.12204214185476303,0.271668940782547,0.07155340909957886,0.2883104681968689,0.39552992582321167,0.12984482944011688,0.11515549570322037
AJ481,0.275862069,0.448275862,0.413793103,0.0,0.379310345,0.172413793,0.24137931,0.275862069,1.413793103,0.310344828,0.75862069,0.620689655,0.275862069,1.586206897,0.24137931,0.310344828,0.275862069,0.034482759,0.0,0.0,0.551724138,0.0,0.793103448,0.275862069,0.275862069,0.482758621,0.034482759,0.0,0.0,0.344827586,0.103448276,0.0,0.0,0.0,0.0,0.413793103,0.0,0.0,0.0,0.0,0.103448276,0.103448276,0.0,0.137931034,0.413793103,0.172413793,0.0,0.034482759,0.344827586,0.310344828,0.275862069,0.5658997893333435,0.06192973256111145,0.6239399313926697,0.24923467636108398,0.5111774802207947,0.1888227015733719,0.33864161372184753,0.2016899436712265,0.7044568061828613,0.15068484842777252,0.20014981925487518,0.18574854731559753,0.06469420343637466,0.7067534327507019,0.12926717102527618,0.1060803160071373,0.17265817523002625,0.09412097185850143,0.17993943393230438,0.3650696873664856,0.3112757205963135,0.10602268576622009,0.1851239949464798,0.18266212940216064,0.01970125176012516,0.163164421916008,0.0758545771241188,0.045381657779216766,0.17369550466537476,0.35723206400871277,0.2919173240661621,0.142135351896286,0.24834132194519043,0.19849519431591034,0.16459044814109802,0.5029449462890625,0.10910056531429291,0.0953858345746994,0.032384879887104034,0.35630542039871216,0.2956223785877228,0.13143323361873627,0.09954384714365005,0.10047401487827301,0.16675840318202972,0.293138325214386,0.24171434342861176,0.20748819410800934,0.28753072023391724,0.24235492944717407,0.1995997279882431
AJ490,0.066666667,0.0,0.1,0.566666667,0.166666667,0.066666667,0.533333333,0.333333333,1.5,0.2,0.366666667,0.3,0.0,1.4,0.833333333,0.433333333,0.7,0.2,0.0,0.1,0.2,0.0,0.2,0.0,0.0,0.1,0.0,0.0,0.333333333,0.0,0.0,0.0,0.0,0.1,0.2,0.6,0.166666667,0.0,0.0,0.0,0.1,0.1,0.0,0.9,0.6,0.3,0.0,0.466666667,0.0,0.233333333,0.1,0.46725744009017944,0.1147022694349289,0.559670627117157,0.26642072200775146,0.525619626045227,0.10927559435367584,0.32125580310821533,0.2909427285194397,0.430277556180954,0.10114667564630508,0.1347222477197647,0.2907196879386902,0.07733049988746643,1.0009102821350098,0.3021872341632843,0.36972931027412415,0.17998597025871277,0.11842072010040283,0.060117319226264954,0.2800830006599426,0.2716861069202423,0.08991527557373047,0.2585064768791199,0.14045001566410065,0.036783572286367416,0.45036882162094116,0.09056811779737473,0.04523104429244995,0.21793602406978607,0.3070739507675171,0.23779256641864777,0.1359615921974182,0.07359549403190613,0.20630887150764465,0.06699874252080917,0.6908512115478516,0.15642116963863373,0.0649934783577919,0.029209518805146217,0.1279963105916977,0.30838313698768616,0.17922142148017883,0.11063077300786972,0.1739678978919983,0.1933465451002121,0.25835707783699036,0.06965584307909012,0.24212263524532318,0.25962960720062256,0.15776005387306213,0.11964151263237
AJ537,0.24137931,0.034482759,0.24137931,0.310344828,0.137931034,0.0,0.310344828,0.24137931,1.137931034,0.0,0.724137931,0.75862069,0.24137931,2.068965517,0.965517241,0.344827586,0.482758621,0.724137931,1.413793103,0.137931034,0.310344828,0.24137931,0.068965517,0.0,0.0,0.103448276,0.0,0.0,0.0,0.0,0.0,0.0,0.0,0.0,0.0,0.24137931,0.0,0.103448276,0.0,0.0,0.172413793,0.172413793,0.034482759,0.310344828,0.206896552,0.24137931,0.0,0.689655172,0.172413793,0.103448276,0.0,0.4609676003456116,0.08353482186794281,0.5036693811416626,0.17966710031032562,0.31270328164100647,0.1235605925321579,0.3427357077598572,0.2660803496837616,0.7188524603843689,0.4859689772129059,0.16927693784236908,0.2648089826107025,0.06909807026386261,1.1183385848999023,0.33295679092407227,0.20145994424819946,0.3593812584877014,0.2384495735168457,0.4563412070274353,0.5240861177444458,0.2698794901371002,0.33384057879447937,0.1970682293176651,0.16934363543987274,0.013419320806860924,0.17610715329647064,0.12248042225837708,0.04170408472418785,0.2285747081041336,0.3214031755924225,0.21717360615730286,0.2186880111694336,0.6894226670265198,0.18652977049350739,0.2162386029958725,0.5809330940246582,0.13155120611190796,0.08890587836503983,0.045840878039598465,0.5222592949867249,0.23500309884548187,0.1569281816482544,0.12405873090028763,0.2176394760608673,0.24400383234024048,0.2685079872608185,0.11589163541793823,0.2415454089641571,0.2075382024049759,0.1590862274169922,0.07347366213798523
AJ661,0.24137931,0.103448276,0.137931034,0.137931034,0.068965517,0.068965517,0.24137931,0.413793103,0.896551724,0.172413793,0.310344828,0.0,0.0,0.896551724,0.103448276,0.344827586,0.0,0.103448276,0.0,0.862068966,1.068965517,0.689655172,0.793103448,0.379310345,0.0,0.137931034,0.413793103,0.137931034,0.0,0.620689655,0.310344828,0.034482759,0.275862069,0.034482759,0.0,0.24137931,0.0,0.0,0.0,0.413793103,0.0,0.103448276,0.0,0.137931034,0.034482759,0.034482759,0.0,0.068965517,0.172413793,0.0,0.0,0.4379684031009674,0.0968274474143982,0.36678531765937805,0.22560955584049225,0.352427214384079,0.0834026113152504,0.24831081926822662,0.2155778855085373,0.5817939043045044,0.11465025693178177,0.1228933334350586,0.10561953485012054,0.05895565450191498,1.0236531496047974,0.2943401634693146,0.2836630642414093,0.2887548804283142,0.1066470742225647,0.14858703315258026,0.297677606344223,0.22513969242572784,0.12979567050933838,0.34034618735313416,0.09919632971286774,0.03556707501411438,0.08930514007806778,0.15047462284564972,0.06947773694992065,0.13320200145244598,0.2903960645198822,0.3559124767780304,0.15043815970420837,0.09855884313583374,0.1878913938999176,0.0781821608543396,0.42228561639785767,0.10616322606801987,0.027127627283334732,0.033143267035484314,0.21667101979255676,0.250640332698822,0.16006487607955933,0.08546030521392822,0.2265726625919342,0.12243078649044037,0.30225998163223267,0.10027711093425751,0.3400876522064209,0.21753202378749847,0.20284417271614075,0.12856149673461914
AK602,0.4,0.033333333,0.5,0.066666667,0.3,0.133333333,0.266666667,0.266666667,1.733333333,0.533333333,0.233333333,0.433333333,0.1,1.933333333,0.5,0.233333333,0.866666667,0.033333333,0.166666667,0.366666667,0.4,0.0,0.733333333,0.1,0.0,0.066666667,0.0,0.0,0.066666667,0.066666667,0.033333333,0.0,0.0,0.0,0.0,0.1,0.366666667,0.0,0.0,0.1,0.2,0.133333333,0.0,0.466666667,0.2,0.533333333,0.0,0.033333333,0.266666667,0.233333333,0.0,0.42673295736312866,0.05955475941300392,0.4815288186073303,0.7532320022583008,0.3673302233219147,0.27602237462997437,0.33626317977905273,0.24115554988384247,0.45639678835868835,1.4851151704788208,0.11494683474302292,0.0575224868953228,0.06031077355146408,1.3680517673492432,0.3788573145866394,0.35179999470710754,0.27444398403167725,0.08952783048152924,0.06831791251897812,0.08792146295309067,0.27118173241615295,0.04987050220370293,0.17675945162773132,0.06992820650339127,0.031008025631308556,0.1636640727519989,0.07503990083932877,0.08629627525806427,0.11484409868717194,0.1999773383140564,0.18712179362773895,0.12986591458320618,0.08467292040586472,0.19532574713230133,0.04978473484516144,0.5214202404022217,0.23205052316188812,0.014003371819853783,0.04112402722239494,0.12346894294023514,0.13880285620689392,0.15057684481143951,0.08583784103393555,0.23862510919570923,0.3760683238506317,0.40794700384140015,0.20389805734157562,0.36119380593299866,0.19947008788585663,0.14485789835453033,0.15907931327819824
AK851,0.233333333,0.0,0.133333333,0.1,0.2,0.433333333,0.4,0.3,0.733333333,3.666666667,0.233333333,0.3,0.0,1.733333333,0.0,0.266666667,0.1,0.0,0.0,0.0,0.266666667,0.0,0.0,0.0,0.0,0.066666667,0.0,0.0,0.1,0.466666667,0.066666667,0.0,0.0,0.166666667,0.0,0.6,0.333333333,0.0,0.133333333,0.066666667,0.0,0.0,0.1,0.5,0.266666667,0.7,0.266666667,0.0,0.133333333,0.0,0.266666667,0.4762223958969116,0.08524669706821442,0.5105394124984741,0.6182405352592468,0.3724002242088318,0.2326425164937973,0.4098081886768341,0.23622405529022217,0.8023229837417603,0.5574244260787964,0.14049746096134186,0.16012941300868988,0.06038933992385864,1.455312728881836,0.33480241894721985,0.3733046352863312,0.34707677364349365,0.06646560877561569,0.046462006866931915,0.11547107249498367,0.1734890639781952,0.05024293437600136,0.1599673628807068,0.07700547575950623,0.019309399649500847,0.1724863499403,0.06204218044877052,0.02915428951382637,0.13598421216011047,0.3569062650203705,0.26700279116630554,0.13385745882987976,0.03129437938332558,0.19189298152923584,0.05734453350305557,0.7275559306144714,0.20952178537845612,0.01148039847612381,0.03875569999217987,0.12141621857881546,0.13422396779060364,0.14025986194610596,0.11879071593284607,0.17392225563526154,0.21182729303836823,0.5346100926399231,0.22928304970264435,0.35230329632759094,0.21962988376617432,0.16242124140262604,0.16843625903129578
AK975,0.366666667,0.0,0.2,0.0,0.033333333,0.0,0.166666667,0.1,0.666666667,0.166666667,0.1,0.0,0.133333333,1.2,1.166666667,0.6,0.1,0.0,0.066666667,0.0,0.266666667,0.4,0.133333333,0.066666667,0.233333333,0.066666667,0.333333333,0.133333333,0.033333333,0.5,0.2,0.3,0.0,0.566666667,0.333333333,0.9,0.166666667,0.933333333,0.033333333,0.833333333,0.133333333,0.266666667,0.266666667,0.4,0.133333333,0.4,0.1,0.066666667,0.433333333,0.266666667,0.133333333,0.3947194218635559,0.05739656463265419,0.2924383878707886,0.17456087470054626,0.280017614364624,0.14499203860759735,0.3008623421192169,0.22759105265140533,0.7329379320144653,0.08021891117095947,0.15501835942268372,0.19117766618728638,0.06579206883907318,1.1031379699707031,0.36072295904159546,0.3317430317401886,0.2865259349346161,0.08713845908641815,0.10742978751659393,0.1984463483095169,0.5824135541915894,0.11241694539785385,0.3832903504371643,0.08935923129320145,0.04878997057676315,0.1562974750995636,0.11423887312412262,0.11830343306064606,0.12476363033056259,0.4628404676914215,0.19849854707717896,0.1906743049621582,0.24279767274856567,0.20126482844352722,0.07125204056501389,0.6372577548027039,0.17684337496757507,0.18520137667655945,0.040353015065193176,0.3856201767921448,0.13231384754180908,0.16599805653095245,0.10236063599586487,0.36035698652267456,0.29325276613235474,0.8877893686294556,0.1739729940891266,0.3375641107559204,0.23653122782707214,0.16821110248565674,0.15652553737163544
AM082,0.2,0.0,0.233333333,0.1,0.666666667,0.1,0.4,0.3,1.566666667,0.266666667,0.233333333,0.666666667,0.0,1.233333333,0.266666667,0.266666667,0.266666667,0.0,0.133333333,0.366666667,0.533333333,0.0,0.333333333,0.066666667,0.133333333,0.066666667,0.066666667,0.0,0.266666667,0.1,0.6,0.0,0.0,0.3,0.0,0.266666667,0.0,0.0,0.0,0.0,0.3,0.166666667,0.0,0.5,0.633333333,0.2,0.233333333,0.4,0.0,0.0,0.133333333,0.40484917163848877,0.0920499935746193,0.4394923150539398,0.12813720107078552,0.32902026176452637,0.1546240895986557,0.41018834710121155,0.23694659769535065,0.9274835586547852,0.18894676864147186,0.2102924883365631,0.24003282189369202,0.06542026996612549,1.2219523191452026,0.2479933500289917,0.3023158609867096,0.20740099251270294,0.06643260270357132,0.046294745057821274,0.09372655302286148,0.1905176043510437,0.06299269944429398,0.10627876967191696,0.08518465608358383,0.022291401401162148,0.19526167213916779,0.07208095490932465,0.01865272782742977,0.1380072981119156,0.36375418305397034,0.29493144154548645,0.12925297021865845,0.035606008023023605,0.17133718729019165,0.05666525661945343,0.6739736795425415,0.146316796541214,0.012564546428620815,0.025402681902050972,0.10793706774711609,0.11588878929615021,0.13613151013851166,0.08686734735965729,0.18881390988826752,0.1794544756412506,0.36757832765579224,0.19848854839801788,0.4096403419971466,0.18725761771202087,0.17868980765342712,0.13445720076560974
AM840,0.433333333,0.033333333,0.533333333,1.0,0.366666667,0.0,0.9,0.8,0.6,0.0,0.1,0.333333333,0.066666667,1.533333333,0.2,0.233333333,0.1,0.0,0.0,0.2,0.433333333,0.0,0.233333333,0.033333333,0.0,0.0,0.066666667,0.1,0.2,0.4,0.233333333,0.0,0.0,0.0,0.0,0.466666667,0.0,0.0,0.0,0.0,0.333333333,0.166666667,0.166666667,0.133333333,0.633333333,0.166666667,0.2,0.133333333,0.0,0.133333333,0.233333333,0.4035237431526184,0.11041262745857239,0.6505944132804871,0.2673775553703308,0.3462184965610504,0.16497424244880676,0.6843474507331848,0.2663589119911194,0.6839310526847839,0.27046528458595276,0.2292725145816803,0.16328594088554382,0.06903959810733795,1.0833065509796143,0.28231075406074524,0.28732961416244507,0.18433895707130432,0.09072147309780121,0.07255728542804718,0.2590712308883667,0.23403917253017426,0.19132882356643677,0.1092638373374939,0.0935291200876236,0.03366117924451828,0.17609351873397827,0.10203835368156433,0.02648450806736946,0.1712426394224167,0.3654465079307556,0.22088144719600677,0.14575767517089844,0.2359442263841629,0.20234771072864532,0.06518040597438812,0.4921831786632538,0.13960978388786316,0.01391087006777525,0.043655090034008026,0.17786601185798645,0.16044995188713074,0.14664384722709656,0.14869365096092224,0.26467517018318176,0.35121968388557434,0.23422755300998688,0.14377637207508087,0.2600693702697754,0.1336265504360199,0.15197373926639557,0.10747022926807404
AN087,0.8,0.0,1.5,0.1,1.466666667,0.533333333,0.266666667,0.133333333,0.433333333,0.066666667,0.0,0.133333333,0.0,0.466666667,0.1,0.166666667,0.433333333,0.2,0.366666667,0.766666667,1.466666667,0.366666667,0.7,0.166666667,0.0,0.233333333,0.0,0.1,0.0,0.2,0.166666667,0.1,0.333333333,0.1,0.066666667,0.666666667,0.0,0.0,0.0,0.0,0.366666667,0.166666667,0.033333333,0.0,0.0,0.0,0.2,0.0,0.333333333,0.133333333,0.266666667,0.5088643431663513,0.20107154548168182,0.7056538462638855,0.2947012484073639,0.5645933151245117,0.27596330642700195,0.6734522581100464,0.3259940445423126,0.7154723405838013,0.1522383987903595,0.26543933153152466,0.19730554521083832,0.09852372854948044,0.9750737547874451,0.2731493413448334,0.26668646931648254,0.25960662961006165,0.10967691987752914,0.05470280349254608,0.24141383171081543,0.13645941019058228,0.08996182680130005,0.06047876179218292,0.07659820467233658,-0.0005389464204199612,0.1343458741903305,0.05609860643744469,0.018474875018000603,0.10682136565446854,0.206418976187706,0.19359014928340912,0.13409672677516937,0.11879413574934006,0.1725383847951889,0.057704031467437744,0.6676668524742126,0.11662136018276215,0.015825629234313965,0.027377059683203697,0.10229961574077606,0.18650466203689575,0.1510893851518631,0.06360981613397598,0.18436439335346222,0.19688592851161957,0.23118430376052856,0.1481374204158783,0.2480083703994751,0.2536121606826782,0.16474278271198273,0.08716270327568054
AN268,0.633333333,0.1,0.633333333,0.3,0.333333333,0.166666667,0.033333333,0.4,0.266666667,0.0,0.0,0.1,0.0,1.066666667,0.466666667,0.233333333,0.4,0.3,0.166666667,1.333333333,1.966666667,0.1,1.166666667,0.066666667,0.0,0.166666667,0.1,0.133333333,0.233333333,0.066666667,0.033333333,0.0,0.0,0.533333333,0.1,1.3,0.0,0.0,0.0,0.033333333,0.066666667,0.166666667,0.0,0.066666667,0.166666667,0.066666667,0.0,0.166666667,0.2,0.2,0.166666667,0.40970152616500854,0.13497313857078552,0.38151586055755615,0.3023529052734375,0.3197878301143646,0.1977023035287857,0.34553512930870056,0.32178378105163574,0.45003989338874817,0.03173086419701576,0.1653803586959839,0.1333516240119934,0.07035466283559799,1.286841869354248,0.4761393368244171,0.4438087046146393,0.32013699412345886,0.20928442478179932,0.10640539973974228,0.4565744400024414,0.4846377670764923,0.2560918629169464,0.27316048741340637,0.24652744829654694,0.03573647513985634,0.18724310398101807,0.1781967729330063,0.14675559103488922,0.16259324550628662,0.40626809000968933,0.23476821184158325,0.2052530199289322,0.3671931326389313,0.19497603178024292,0.06535931676626205,0.6440199613571167,0.16956518590450287,0.05823708698153496,0.09956616163253784,0.28881075978279114,0.20513097941875458,0.1420876532793045,0.14147214591503143,0.24122044444084167,0.2974754273891449,0.19906151294708252,0.06571203470230103,0.27462342381477356,0.21289992332458496,0.14823739230632782,0.10482098907232285
AO235,0.333333333,0.133333333,0.233333333,0.533333333,0.6,0.5,0.566666667,0.6,1.5,0.0,0.3,0.233333333,0.3,1.766666667,0.366666667,0.5,0.366666667,0.133333333,0.033333333,0.066666667,0.166666667,0.166666667,0.066666667,0.033333333,0.0,0.066666667,0.033333333,0.0,0.0,0.133333333,0.0,0.033333333,0.0,0.133333333,0.066666667,0.366666667,0.266666667,0.0,0.0,0.066666667,0.333333333,0.3,0.033333333,0.133333333,0.1,0.0,0.0,0.0,0.766666667,0.133333333,0.0,0.4426289200782776,0.12314919382333755,0.6006083488464355,0.3347347676753998,0.47165289521217346,0.16642622649669647,0.5973524451255798,0.30354881286621094,0.6184540390968323,0.21373365819454193,0.23410561680793762,0.22820980846881866,0.11439541727304459,1.482304334640503,0.35984766483306885,0.3075220584869385,0.3345482647418976,0.14654259383678436,0.09260451793670654,0.2122078388929367,0.27471405267715454,0.07620220631361008,0.10494238138198853,0.13935038447380066,0.021614519879221916,0.16105546057224274,0.05119209364056587,0.07415899634361267,0.1073453277349472,0.20045773684978485,0.20241372287273407,0.1332184076309204,0.14948149025440216,0.1894659698009491,0.052555348724126816,0.5434892773628235,0.10795200616121292,0.015942206606268883,0.02695917710661888,0.10537727177143097,0.19571375846862793,0.15626616775989532,0.07857020944356918,0.171624556183815,0.1853753626346588,0.14622539281845093,0.12533129751682281,0.24467724561691284,0.22465446591377258,0.16862811148166656,0.10648193955421448
AO882,0.233333333,0.0,0.433333333,0.166666667,0.3,0.0,0.533333333,0.433333333,0.433333333,0.0,0.0,0.033333333,0.0,1.366666667,0.5,0.433333333,0.166666667,0.066666667,0.0,0.866666667,1.266666667,0.433333333,0.933333333,0.3,0.433333333,0.233333333,0.933333333,0.066666667,0.5,0.266666667,0.366666667,0.133333333,0.133333333,0.1,0.066666667,0.6,0.0,0.1,0.166666667,1.033333333,0.3,0.2,0.0,0.133333333,0.233333333,0.0,0.0,0.066666667,0.066666667,0.266666667,0.033333333,0.405118465423584,0.10497111827135086,0.4292537271976471,0.18573921918869019,0.37687912583351135,0.11867605894804001,0.36338600516319275,0.28241288661956787,0.5158896446228027,0.01484921295195818,0.14417389035224915,0.09607186913490295,0.07843032479286194,1.0376107692718506,0.41607049107551575,0.3733034133911133,0.33875739574432373,0.1622047871351242,0.1846340000629425,0.494483083486557,0.5250450372695923,0.2985250949859619,0.2736310660839081,0.12109033018350601,0.031445205211639404,0.15893582999706268,0.1574239432811737,0.1376822590827942,0.2934167683124542,0.4329696297645569,0.3136509358882904,0.2797897458076477,0.8486965894699097,0.22408993542194366,0.20485594868659973,0.7599090337753296,0.11770819872617722,0.17385008931159973,0.26291215419769287,0.880729079246521,0.2374887317419052,0.1453845202922821,0.13716760277748108,0.15923789143562317,0.19861778616905212,0.1678341180086136,0.07975491881370544,0.22978799045085907,0.21999767422676086,0.16684632003307343,0.11318067461252213
AP450,0.466666667,0.133333333,0.366666667,0.2,0.333333333,0.233333333,0.233333333,0.533333333,1.266666667,0.166666667,0.733333333,0.633333333,0.0,2.166666667,0.5,0.4,0.066666667,0.133333333,0.033333333,0.9,1.133333333,0.0,0.933333333,0.133333333,0.1,0.066666667,0.133333333,0.066666667,0.0,0.166666667,0.066666667,0.0,0.0,0.0,0.0,0.566666667,0.2,0.0,0.0,0.0,0.133333333,0.066666667,0.033333333,0.2,0.2,0.166666667,0.133333333,0.5,0.133333333,0.133333333,0.1,0.374101847410202,0.0662165954709053,0.3649281859397888,0.2421778291463852,0.2790125012397766,0.11955033242702484,0.36409029364585876,0.2424229085445404,0.8948168754577637,0.10709428042173386,0.20553049445152283,0.36510220170021057,0.06819763034582138,1.307394027709961,0.3462890088558197,0.3387123644351959,0.23937298357486725,0.08222846686840057,0.058193907141685486,0.14951489865779877,0.2789832651615143,0.06646708399057388,0.22841870784759521,0.08361862599849701,0.05930374562740326,0.0898919329047203,0.15617479383945465,0.06112510338425636,0.14081130921840668,0.21267665922641754,0.24946999549865723,0.13997142016887665,0.025170400738716125,0.1804652214050293,0.06839747726917267,0.3902049958705902,0.1641240417957306,0.011610887013375759,0.03247824311256409,0.10918206721544266,0.17638950049877167,0.16633272171020508,0.09073634445667267,0.2997433841228485,0.24580013751983643,0.3331981599330902,0.09188330173492432,0.38985246419906616,0.2354411482810974,0.14947658777236938,0.09055381268262863
AP679,0.1,0.0,0.233333333,0.3,0.333333333,0.2,0.4,0.133333333,0.933333333,0.0,0.5,0.333333333,0.1,1.466666667,0.5,0.533333333,0.0,0.033333333,0.0,0.166666667,0.166666667,0.066666667,0.4,0.0,0.266666667,0.1,0.866666667,0.133333333,0.266666667,0.5,0.9,0.366666667,0.033333333,0.166666667,0.166666667,0.8,0.366666667,0.033333333,0.3,1.1,0.266666667,0.3,0.066666667,0.133333333,0.166666667,0.1,0.166666667,0.1,0.4,0.333333333,0.0,0.43531885743141174,0.07121558487415314,0.47540098428726196,0.31654709577560425,0.398252934217453,0.17609500885009766,0.4072084426879883,0.3511751890182495,0.6302115321159363,0.11389321833848953,0.200154110789299,0.21862360835075378,0.06731247901916504,1.258107304573059,0.36914366483688354,0.36265063285827637,0.25616204738616943,0.1246243417263031,0.0935320034623146,0.35188984870910645,0.22990266978740692,0.2774007320404053,0.12002840638160706,0.08074261993169785,0.04041626304388046,0.19793763756752014,0.08855084329843521,0.08200645446777344,0.1321069747209549,0.4262475073337555,0.2637288570404053,0.20598313212394714,0.28937655687332153,0.2121104747056961,0.0645778551697731,0.7438883781433105,0.1296529322862625,0.06650146096944809,0.09622438997030258,0.3160233795642853,0.23202763497829437,0.141879603266716,0.1487235277891159,0.18122297525405884,0.2400914430618286,0.2017459273338318,0.07896926999092102,0.2863980233669281,0.21208232641220093,0.16361311078071594,0.09518758207559586
AP858,0.333333333,0.0,0.5,1.466666667,0.233333333,0.033333333,0.3,0.0,0.333333333,0.0,0.0,0.133333333,0.0,1.0,0.333333333,0.133333333,0.333333333,0.066666667,0.0,0.733333333,0.966666667,0.366666667,0.133333333,0.266666667,0.0,0.2,0.3,0.166666667,0.333333333,0.233333333,0.533333333,1.066666667,0.233333333,0.033333333,0.033333333,0.866666667,0.233333333,0.1,0.1,0.866666667,0.366666667,0.266666667,0.366666667,0.166666667,0.533333333,0.1,0.033333333,0.3,0.1,0.066666667,0.0,0.40595752000808716,0.08175772428512573,0.3546654284000397,1.2000901699066162,0.29667776823043823,0.17248119413852692,0.4017642140388489,0.20392665266990662,0.49469661712646484,0.096430204808712,0.17744958400726318,0.2155989706516266,0.07279449701309204,1.09843909740448,0.30159124732017517,0.2911713719367981,0.266755074262619,0.10743125528097153,0.1368585228919983,0.3269377648830414,0.24031737446784973,0.2530137896537781,0.09324828535318375,0.1983090192079544,0.024136314168572426,0.1232939213514328,0.24562585353851318,0.15385179221630096,0.29523971676826477,0.29318860173225403,0.1978607326745987,0.21006086468696594,0.5590364336967468,0.18779899179935455,0.18252399563789368,0.5755952596664429,0.17080183327198029,0.1258217841386795,0.08093633502721786,0.5893434286117554,0.4639793634414673,0.2060978263616562,0.11979562789201736,0.29862239956855774,0.4655897319316864,0.43983906507492065,0.1614910215139389,0.2860359847545624,0.3684714138507843,0.17363512516021729,0.11499733477830887
