stimulus,true_Green,true_Cucumber,true_Herbal,true_Mint,true_Woody,true_Pine,true_Floral,true_Powdery,true_Fruity,true_Citrus,true_Tropical,true_Berry,true_Peach,true_Sweet,true_Caramellic,true_Vanilla,true_BrownSpice,true_Smoky,true_Burnt,true_Roasted,true_Grainy,true_Meaty,true_Nutty,true_Fatty,true_Coconut,true_Waxy,true_Dairy,true_Buttery,true_Cheesy,true_Sour,true_Fermented,true_Sulfurous,true_Garlic.Onion,true_Earthy,true_Mushroom,true_Musty,true_Ammonia,true_Fishy,true_Fecal,true_Rotten.Decay,true_Rubber,true_Phenolic,true_Animal,true_Medicinal,true_Cooling,true_Sharp,true_Chlorine,true_Alcoholic,true_Plastic,true_Ozone,true_Metallic,pred_Green,pred_Cucumber,pred_Herbal,pred_Mint,pred_Woody,pred_Pine,pred_Floral,pred_Powdery,pred_Fruity,pred_Citrus,pred_Tropical,pred_Berry,pred_Peach,pred_Sweet,pred_Caramellic,pred_Vanilla,pred_BrownSpice,pred_Smoky,pred_Burnt,pred_Roasted,pred_Grainy,pred_Meaty,pred_Nutty,pred_Fatty,pred_Coconut,pred_Waxy,pred_Dairy,pred_Buttery,pred_Cheesy,pred_Sour,pred_Fermented,pred_Sulfurous,pred_Garlic.Onion,pred_Earthy,pred_Mushroom,pred_Musty,pred_Ammonia,pred_Fishy,pred_Fecal,pred_Rotten.Decay,pred_Rubber,pred_Phenolic,pred_Animal,pred_Medicinal,pred_Cooling,pred_Sharp,pred_Chlorine,pred_Alcoholic,pred_Plastic,pred_Ozone,pred_Metallic
AC557,0.037037037,0.0,0.0,0.296296296,0.0,0.0,0.111111111,0.148148148,0.666666667,0.185185185,0.185185185,0.222222222,0.0,0.703703704,0.0,0.0,0.0,0.0,0.111111111,0.148148148,0.111111111,0.074074074,0.111111111,0.037037037,0.148148148,0.148148148,0.0,0.074074074,0.333333333,0.518518519,0.333333333,0.148148148,0.0,0.037037037,0.0,0.62962963,0.555555556,0.148148148,0.37037037,0.481481481,0.185185185,0.62962963,0.592592593,0.37037037,0.296296296,0.148148148,0.0,0.777777778,0.148148148,0.074074074,0.0,0.3637987971305847,0.06579958647489548,0.37495529651641846,0.08753547817468643,0.3451988101005554,0.07065156102180481,0.23886701464653015,0.17187899351119995,0.6645008325576782,0.07777290791273117,0.1656789481639862,0.343395859003067,0.06367868930101395,1.0747199058532715,0.29457780718803406,0.2649826109409332,0.2143746316432953,0.12174927443265915,0.050132010132074356,0.4128727614879608,0.25285202264785767,0.12659642100334167,0.22707639634609222,0.06917472928762436,0.05172673240303993,0.08690812438726425,0.1521492302417755,0.07589458674192429,0.12986667454242706,0.33504241704940796,0.2984902560710907,0.10382965952157974,0.19911853969097137,0.18046638369560242,0.08946572244167328,0.377723753452301,0.1264602243900299,0.02195836417376995,0.02564050815999508,0.16048242151737213,0.08723857998847961,0.17449834942817688,0.08007130771875381,0.25456878542900085,0.08089512586593628,0.12618736922740936,0.07514504343271255,0.18955157697200775,0.16501814126968384,0.14296074211597443,0.10570833086967468
AC930,0.185185185,0.0,0.111111111,0.814814815,0.111111111,0.148148148,0.259259259,0.407407407,0.62962963,0.037037037,0.444444444,0.777777778,0.222222222,0.814814815,0.0,0.074074074,0.0,0.0,0.0,0.0,0.0,0.0,0.0,0.0,0.0,0.0,0.0,0.0,0.0,0.222222222,0.592592593,0.444444444,0.0,0.0,0.0,0.259259259,0.259259259,0.0,0.148148148,0.37037037,0.185185185,0.37037037,0.37037037,0.518518519,0.888888889,0.222222222,0.0,0.703703704,0.407407407,0.074074074,0.111111111,0.43405336141586304,0.08348812907934189,0.32763463258743286,0.37743139266967773,0.3322816789150238,0.3455048203468323,0.35591694712638855,0.18688245117664337,0.505045473575592,0.16937097907066345,0.21987596154212952,0.2879948616027832,0.08458653837442398,0.5072930455207825,0.13926750421524048,0.22385214269161224,0.13796329498291016,0.1318008452653885,0.13739435374736786,0.3904353082180023,0.2580690383911133,0.26995015144348145,0.1997709423303604,0.26250171661376953,0.04471445456147194,0.09066498279571533,0.09404108673334122,0.06288167089223862,0.11177536845207214,0.386551171541214,0.2954462170600891,0.2752063572406769,0.28914567828178406,0.2430669516324997,0.11354482918977737,0.48993441462516785,0.15510281920433044,0.062200386077165604,0.15332448482513428,0.24015137553215027,0.15983720123767853,0.15243224799633026,0.31372514367103577,0.3428819477558136,0.3538629114627838,0.3949275612831116,0.11891402304172516,0.43190255761146545,0.2238461971282959,0.14683112502098083,0.11771900206804276
AC933,0.071428571,0.0,0.821428571,0.392857143,0.214285714,0.785714286,0.321428571,0.107142857,0.464285714,0.071428571,0.0,0.321428571,0.0,0.5,0.0,0.0,0.0,0.0,0.142857143,0.107142857,0.071428571,0.0,0.0,0.0,0.0,0.178571429,0.0,0.0,0.0,0.035714286,0.178571429,0.0,0.0,0.107142857,0.0,0.75,0.321428571,0.0,0.0,0.0,0.0,0.25,0.0,1.321428571,1.142857143,0.642857143,0.428571429,0.392857143,0.107142857,0.214285714,0.178571429,0.32944467663764954,0.0971633568406105,0.4920978248119354,0.37990233302116394,0.32622960209846497,0.5204602479934692,0.6030396223068237,0.4112023115158081,1.4864364862442017,0.16332341730594635,0.33705928921699524,0.7341113686561584,0.15109875798225403,1.3337293863296509,0.1803918331861496,0.2237284779548645,0.16672106087207794,0.08979342132806778,0.03861347585916519,0.27483418583869934,0.17275036871433258,0.06308609247207642,0.18370068073272705,0.07214508950710297,0.04345269128680229,0.10358503460884094,0.04827810451388359,0.06556800752878189,0.11268119513988495,0.23173493146896362,0.2379864603281021,0.13593289256095886,0.3017229437828064,0.09731628745794296,0.058434415608644485,0.3721942901611328,0.15973816812038422,0.028842370957136154,0.041843630373477936,0.12515930831432343,0.0782167986035347,0.23357510566711426,0.14390723407268524,0.335326611995697,0.36867982149124146,0.4031575620174408,0.2395114302635193,0.4208330810070038,0.2293013632297516,0.14371724426746368,0.10654318332672119
AD505,0.0,0.1875,0.5625,0.0,0.25,0.125,0.0,0.0,0.0,0.0,0.0,0.0,0.0,0.0,0.0,0.0,0.0,0.1875,0.0625,0.25,0.0,0.625,0.3125,0.0,0.0,0.125,0.0625,0.0,0.25,0.375,0.0,0.5,3.0,0.1875,0.0,0.25,0.25,0.0,0.0,0.1875,0.25,0.0,0.0,0.25,0.1875,0.4375,0.0,0.5,0.3125,0.0,0.0,0.30690374970436096,0.04145966097712517,0.3120674192905426,0.07683712989091873,0.23675012588500977,0.04656699672341347,0.18444477021694183,0.09487182646989822,0.6831708550453186,0.04519357532262802,0.22693200409412384,0.23027846217155457,0.06417004764080048,0.4023202061653137,0.09993954002857208,0.1960259974002838,0.0983477532863617,0.14800962805747986,0.14001421630382538,0.5502405166625977,0.2707756459712982,0.4108906090259552,0.19984161853790283,0.09660156816244125,0.04565995931625366,0.06106618046760559,0.04942101612687111,0.06214376166462898,0.18392769992351532,0.40170741081237793,0.45469990372657776,0.37306565046310425,1.5802589654922485,0.13634097576141357,0.1189371645450592,0.2828696370124817,0.12465513497591019,0.01523547526448965,0.015387732535600662,0.09346315264701843,0.11398649960756302,0.1575370877981186,0.10500365495681763,0.20994634926319122,0.0875876322388649,0.14211060106754303,0.022110367193818092,0.07492484897375107,0.19337990880012512,0.14683112502098083,0.09811264276504517
AD835,0.0,0.0,0.142857143,0.0,0.214285714,0.0,0.0,0.0,0.0,0.0,0.0,0.214285714,0.0,0.357142857,0.0,0.0,0.0,0.428571429,1.214285714,0.714285714,0.071428571,0.428571429,0.0,0.0,0.0,0.142857143,0.0,0.0,0.142857143,0.714285714,0.857142857,0.642857143,1.357142857,0.428571429,0.071428571,0.285714286,0.214285714,0.285714286,0.0,0.785714286,0.214285714,0.285714286,0.428571429,0.142857143,0.357142857,0.0,0.071428571,0.357142857,0.214285714,0.0,0.214285714,0.29925352334976196,0.03664302080869675,0.2599143981933594,0.04253197833895683,0.25182807445526123,0.10742219537496567,0.3793759047985077,0.20582477748394012,0.6075906157493591,0.04659758135676384,0.2546193599700928,0.30238622426986694,0.06775927543640137,0.6285555362701416,0.14593346416950226,0.2042555809020996,0.12655699253082275,0.3837554156780243,0.5474432110786438,0.6526038646697998,0.5252260565757751,0.5001605153083801,0.28548476099967957,0.1502496302127838,0.05604373291134834,0.08171644061803818,0.04378613084554672,0.09958669543266296,0.18676699697971344,0.42910096049308777,0.36738520860671997,0.3188038766384125,0.4846142828464508,0.2439659833908081,0.13006457686424255,0.3386717140674591,0.1562921404838562,0.1498400866985321,0.016476117074489594,0.2093082070350647,0.2135915756225586,0.15348893404006958,0.3725811541080475,0.21069537103176117,0.08456891030073166,0.1424356997013092,0.038572363555431366,0.058277424424886703,0.21262311935424805,0.14683112502098083,0.05961134284734726
AE061,0.142857143,0.071428571,0.464285714,0.607142857,0.321428571,0.321428571,0.071428571,0.0,0.0,0.0,0.0,0.0,0.0,0.035714286,0.035714286,0.035714286,0.071428571,0.357142857,0.142857143,0.071428571,0.0,0.0,0.0,0.0,0.0,0.0,0.0,0.0,0.0,0.071428571,0.142857143,0.0,0.0,1.321428571,0.0,0.928571429,0.5,0.0,0.0,0.035714286,1.035714286,0.392857143,0.285714286,1.714285714,1.214285714,1.142857143,0.714285714,0.642857143,0.5,0.321428571,0.607142857,0.27990418672561646,0.05952022969722748,0.49261245131492615,0.20932021737098694,0.31322264671325684,0.22382719814777374,0.3564909100532532,0.1350373923778534,0.2968478202819824,0.4838067293167114,0.11309151351451874,0.18422740697860718,0.06453852355480194,0.4168155789375305,0.13732583820819855,0.21587249636650085,0.2128775417804718,0.182033509016037,0.20307695865631104,0.25596529245376587,0.34590277075767517,0.03576480224728584,0.23375068604946136,0.05119883269071579,0.05046960711479187,0.09354011714458466,0.04189949482679367,0.06009933724999428,0.05405963212251663,0.1438906043767929,0.18297432363033295,0.2654736042022705,0.09481248259544373,0.4145228862762451,0.08423309028148651,0.6464266180992126,0.17770196497440338,0.011625912971794605,0.028992338106036186,0.2082611322402954,0.7577137351036072,0.28329601883888245,0.07151114195585251,0.23540537059307098,0.22296155989170074,0.3178074061870575,0.36523017287254333,0.4389605224132538,0.36106956005096436,0.1445489078760147,0.19126839935779572
AE099,0.074074074,0.0,0.333333333,1.962962963,0.111111111,0.148148148,0.111111111,0.148148148,0.0,0.074074074,0.0,0.148148148,0.0,0.666666667,0.148148148,0.222222222,0.111111111,0.037037037,0.0,0.0,0.111111111,0.0,0.074074074,0.0,0.074074074,0.148148148,0.111111111,0.074074074,0.0,0.0,0.0,0.0,0.0,0.0,0.0,0.0,0.296296296,0.148148148,0.0,0.0,0.185185185,0.37037037,0.074074074,0.518518519,1.666666667,1.777777778,0.444444444,1.703703704,0.592592593,0.111111111,0.111111111,0.28876861929893494,0.09270203113555908,0.46397241950035095,1.599267840385437,0.2840947210788727,0.1480015367269516,0.16283491253852844,0.16202105581760406,0.28889498114585876,0.05159546062350273,0.08350822329521179,0.09544287621974945,0.057960670441389084,0.8902929425239563,0.2109910249710083,0.2498299926519394,0.13445332646369934,0.15603645145893097,0.139576718211174,0.45546460151672363,0.4182489514350891,0.03826458007097244,0.3914070725440979,0.042889244854450226,0.046179503202438354,0.06114622950553894,0.059084922075271606,0.05664275214076042,0.032792314887046814,0.14825764298439026,0.15886542201042175,0.10197513550519943,0.07079215347766876,0.18146714568138123,0.14490310847759247,0.37201330065727234,0.2311755269765854,0.020475128665566444,0.013600919395685196,0.0643472895026207,0.17068298161029816,0.1980305016040802,0.05103231221437454,0.6338006854057312,0.88021320104599,0.94580078125,0.1665213406085968,0.733096718788147,0.25912779569625854,0.1445918083190918,0.08528519421815872
AE184,0.111111111,0.0,0.0,0.037037037,0.0,0.0,0.037037037,0.0,0.0,0.0,0.0,0.0,0.0,0.37037037,0.185185185,0.0,0.0,0.0,0.148148148,0.0,0.0,0.0,0.0,0.0,0.0,0.0,0.0,0.0,0.0,0.185185185,0.111111111,0.0,0.0,0.037037037,0.0,0.0,0.0,0.037037037,0.0,0.0,0.148148148,0.074074074,0.0,0.703703704,0.407407407,1.185185185,0.62962963,4.259259259,0.0,0.111111111,0.0,0.3284139335155487,0.13310810923576355,0.35686948895454407,0.0896850973367691,0.2964262068271637,0.09733974188566208,0.12723904848098755,0.14847858250141144,0.31694507598876953,0.07946068048477173,0.08543302118778229,0.09311757236719131,0.06410280615091324,0.7143049836158752,0.29601913690567017,0.2513786256313324,0.16144368052482605,0.2385326474905014,0.3104096055030823,0.574188232421875,0.8331619501113892,0.11627534031867981,0.42254218459129333,0.10774786025285721,0.07355254143476486,0.10788816958665848,0.1902543157339096,0.1034080982208252,0.10551174730062485,0.15043993294239044,0.1721256524324417,0.16667692363262177,0.02375918999314308,0.24364221096038818,0.12886956334114075,0.3938252925872803,0.1677119880914688,0.24942879378795624,0.06724760681390762,0.11490899324417114,0.12449794262647629,0.17574375867843628,0.17337830364704132,0.6557039618492126,0.45678848028182983,0.4101979434490204,0.21695655584335327,1.6821116209030151,0.21656332910060883,0.14464594423770905,0.09808821231126785
AE448,0.666666667,0.444444444,1.0,0.37037037,0.518518519,0.111111111,0.62962963,0.074074074,0.259259259,0.074074074,0.407407407,0.259259259,0.074074074,0.37037037,0.148148148,0.222222222,0.074074074,0.0,0.0,0.0,0.0,0.0,0.074074074,0.0,0.111111111,0.037037037,0.148148148,0.0,0.185185185,0.074074074,0.185185185,0.0,0.0,0.111111111,0.0,0.037037037,0.0,0.111111111,0.0,0.148148148,0.111111111,0.0,0.0,0.111111111,0.259259259,0.0,0.592592593,0.0,0.222222222,0.296296296,0.0,0.47437208890914917,0.43190914392471313,0.5238393545150757,0.21341949701309204,0.28082525730133057,0.1917957216501236,0.3517170250415802,0.14159098267555237,0.7250227332115173,0.2054719626903534,0.3370726704597473,0.19965307414531708,0.1003931537270546,0.6456710696220398,0.13020426034927368,0.23481138050556183,0.13502860069274902,0.13516531884670258,0.05366640165448189,0.41025814414024353,0.4184655547142029,0.10212142020463943,0.32968464493751526,0.10438819974660873,0.04613233730196953,0.08591059595346451,0.07575197517871857,0.057958174496889114,0.1543688029050827,0.18258044123649597,0.2936244308948517,0.08288411051034927,0.5593921542167664,0.2180631309747696,0.20014791190624237,0.37571659684181213,0.13881483674049377,0.01770530454814434,0.011998016387224197,0.06387313455343246,0.13018441200256348,0.14953824877738953,0.05033419281244278,0.22205351293087006,0.1327746957540512,0.21429574489593506,0.2924621105194092,0.2475271373987198,0.2510254383087158,0.14371724426746368,0.07226530462503433
AE568,0.296296296,0.185185185,0.481481481,0.592592593,0.148148148,0.185185185,0.0,0.333333333,0.666666667,0.0,0.0,0.666666667,0.111111111,1.185185185,0.222222222,0.259259259,0.074074074,0.0,0.037037037,0.0,0.0,0.0,0.037037037,0.0,0.185185185,0.0,0.0,0.0,0.0,0.185185185,0.407407407,0.0,0.0,0.185185185,0.0,0.333333333,0.148148148,0.185185185,0.0,0.0,0.111111111,0.222222222,0.074074074,1.222222222,1.222222222,0.666666667,0.62962963,0.62962963,0.592592593,0.0,0.0,0.31769126653671265,0.1473381668329239,0.4449630081653595,0.46868300437927246,0.2887941300868988,0.14191816747188568,0.16067150235176086,0.1557857096195221,0.30728965997695923,0.019832322373986244,0.07938115298748016,0.09862592816352844,0.0630897730588913,0.6992679834365845,0.20605619251728058,0.24684861302375793,0.16400666534900665,0.15311549603939056,0.06735968589782715,0.48275434970855713,0.5388337969779968,0.048546917736530304,0.4540468156337738,0.04715645685791969,0.045483238995075226,0.06975366920232773,0.0588141605257988,0.06557340919971466,0.03713999688625336,0.12486687302589417,0.18545880913734436,0.10564064234495163,0.0854523703455925,0.20667025446891785,0.14363908767700195,0.43514758348464966,0.15451829135417938,0.04288334771990776,0.018718259409070015,0.07158287614583969,0.1422816514968872,0.15524104237556458,0.06448166072368622,1.0707931518554688,0.8682718276977539,0.3412555754184723,0.05767976865172386,0.5201685428619385,0.2312198281288147,0.1445918083190918,0.08982046693563461
AE645,0.178571429,0.0,0.214285714,0.0,0.178571429,0.0,0.0,0.0,0.107142857,0.071428571,0.035714286,0.035714286,0.0,0.142857143,0.071428571,0.071428571,0.071428571,0.0,0.0,0.071428571,0.071428571,0.071428571,0.0,0.107142857,0.0,0.0,0.214285714,0.25,0.5,0.214285714,0.5,0.142857143,0.0,0.142857143,0.107142857,0.214285714,0.5,0.0,0.535714286,0.892857143,0.214285714,0.357142857,0.178571429,0.25,0.25,0.964285714,0.642857143,3.071428571,0.142857143,0.142857143,0.25,0.32102206349372864,0.06519447267055511,0.40594565868377686,0.1342993974685669,0.32260751724243164,0.14477357268333435,0.4076623320579529,0.32987192273139954,0.5413569211959839,0.14362280070781708,0.22732815146446228,0.2077842354774475,0.07272341102361679,1.2094402313232422,0.5127999186515808,0.34072163701057434,0.22509035468101501,0.15787607431411743,0.1735023856163025,0.23983940482139587,0.307342529296875,0.0867530107498169,0.24075715243816376,0.10259626060724258,0.06092454865574837,0.38708940148353577,0.19112713634967804,0.12468951940536499,0.15484404563903809,0.31075966358184814,0.21221302449703217,0.17012125253677368,0.10341842472553253,0.24728403985500336,0.07750652730464935,0.5321585536003113,0.1906331330537796,0.038341231644153595,0.15544115006923676,0.28372517228126526,0.2374979704618454,0.18849153816699982,0.10165567696094513,0.6787752509117126,0.6132580637931824,0.5432801246643066,0.36161309480667114,1.5869495868682861,0.23742090165615082,0.14296074211597443,0.12461201846599579
AE681,0.074074074,0.037037037,0.407407407,3.444444444,0.37037037,0.333333333,0.222222222,0.148148148,0.148148148,0.111111111,0.0,0.185185185,0.0,1.185185185,0.074074074,0.37037037,0.0,0.0,0.0,0.0,0.0,0.0,0.0,0.037037037,0.0,0.0,0.185185185,0.185185185,0.0,0.037037037,0.0,0.0,0.0,0.333333333,0.0,0.148148148,0.185185185,0.0,0.0,0.0,0.0,0.037037037,0.037037037,1.074074074,2.037037037,0.296296296,0.37037037,0.555555556,0.0,0.0,0.333333333,0.25648438930511475,0.1426345258951187,0.507440447807312,3.78389835357666,0.2664707899093628,0.19005149602890015,0.48468631505966187,0.28828108310699463,0.3402063548564911,0.5476665496826172,0.13714012503623962,0.17774376273155212,0.06498891860246658,1.0673677921295166,0.1190912276506424,0.25505995750427246,0.16082915663719177,0.09868794679641724,0.032345470041036606,0.14790105819702148,0.15241749584674835,0.023750916123390198,0.1817222535610199,0.030078032985329628,0.04303247481584549,0.053345344960689545,0.05216966196894646,0.05281815677881241,0.03436105698347092,0.05749325081706047,0.13011279702186584,0.018718158826231956,0.0046801189891994,0.0833892822265625,0.025981036946177483,0.21272650361061096,0.11833849549293518,0.010991917923092842,0.01797492615878582,0.06733708083629608,0.09267508238554001,0.11788368225097656,0.04249013960361481,0.25251007080078125,1.1229299306869507,0.12283320724964142,0.04273625835776329,0.12971271574497223,0.15634788572788239,0.14371724426746368,0.08003014326095581
AE855,0.642857143,0.178571429,0.321428571,0.5,0.285714286,0.5,0.071428571,0.107142857,0.107142857,0.0,0.0,0.035714286,0.0,0.142857143,0.0,0.0,0.035714286,0.071428571,0.0,0.0,0.035714286,0.071428571,0.0,0.0,0.0,0.0,0.0,0.0,0.0,0.25,0.142857143,0.0,0.071428571,0.821428571,0.0,0.785714286,0.428571429,0.107142857,0.0,0.071428571,0.214285714,0.142857143,0.107142857,1.785714286,0.75,1.071428571,0.607142857,1.107142857,0.0,0.357142857,0.071428571,0.45292872190475464,0.20926916599273682,0.5135838985443115,0.20907995104789734,0.3303348422050476,0.26232391595840454,0.5162062644958496,0.1675659567117691,0.4083559811115265,0.41147834062576294,0.14111952483654022,0.19158115983009338,0.07974521070718765,0.5323140025138855,0.2425316721200943,0.23596563935279846,0.21892918646335602,0.2202947586774826,0.11400037258863449,0.2044212371110916,0.2266281545162201,0.07251907140016556,0.2139252871274948,0.08050607144832611,0.05253756418824196,0.09982942789793015,0.0769486054778099,0.06811720877885818,0.06101986765861511,0.08716513216495514,0.18028710782527924,0.07656852900981903,0.03563280776143074,0.1669653058052063,0.06132790073752403,0.40457049012184143,0.13739976286888123,0.016560420393943787,0.02540961094200611,0.10762897878885269,0.14745193719863892,0.21155211329460144,0.05922611430287361,0.21113033592700958,0.1881641447544098,0.34058165550231934,0.06802571564912796,0.32103437185287476,0.19614285230636597,0.1445918083190918,0.1032925620675087
AE913,0.214285714,0.0,0.285714286,0.214285714,0.285714286,0.321428571,0.071428571,0.107142857,0.0,0.0,0.0,0.0,0.0,0.214285714,0.178571429,0.0,0.0,0.0,0.0,0.714285714,0.714285714,0.0,0.5,0.035714286,0.071428571,0.0,0.0,0.392857143,0.0,0.142857143,0.0,0.0,0.035714286,0.642857143,0.0,0.107142857,0.357142857,0.107142857,0.0,0.0,0.392857143,0.142857143,0.035714286,1.178571429,1.392857143,0.571428571,0.571428571,0.857142857,0.142857143,0.0,0.142857143,0.2692912220954895,0.06510152667760849,0.4574447274208069,0.29150745272636414,0.3976905941963196,0.17752046883106232,0.2492181360721588,0.15442484617233276,0.28237980604171753,0.22648034989833832,0.10681275278329849,0.12079454958438873,0.05919836461544037,0.5966404676437378,0.18832038342952728,0.2364257425069809,0.21365924179553986,0.1295776218175888,0.03982167690992355,0.6780529618263245,0.7915399074554443,0.07149166613817215,0.40008893609046936,0.07668795436620712,0.0576084665954113,0.09977515041828156,0.08610256016254425,0.07903691381216049,0.048591550439596176,0.15111923217773438,0.15400488674640656,0.0647597685456276,0.029934639111161232,0.20728768408298492,0.08796767890453339,0.41275283694267273,0.13822907209396362,0.02968580089509487,0.010363680310547352,0.05996326357126236,0.1172298938035965,0.19084104895591736,0.08706357330083847,0.24075135588645935,0.21633180975914001,0.20313660800457,0.1440833956003189,0.33446142077445984,0.16930556297302246,0.1445918083190918,0.06288167089223862
AE929,0.185185185,0.0,0.222222222,0.444444444,0.259259259,0.111111111,0.0,0.111111111,0.518518519,0.0,0.111111111,0.333333333,0.148148148,0.481481481,0.148148148,0.222222222,0.148148148,0.074074074,0.0,0.0,0.0,0.0,0.111111111,0.0,0.074074074,0.111111111,0.222222222,0.222222222,0.407407407,0.148148148,0.37037037,0.148148148,0.0,0.111111111,0.0,0.777777778,0.37037037,0.0,0.592592593,0.444444444,0.0,0.0,0.111111111,1.222222222,0.814814815,0.518518519,0.333333333,0.962962963,0.481481481,0.074074074,0.222222222,0.3419916331768036,0.058923687785863876,0.4928039312362671,0.44600433111190796,0.31824469566345215,0.26334723830223083,0.32392218708992004,0.21204423904418945,0.48078593611717224,0.06953676789999008,0.12772955000400543,0.15237084031105042,0.06322558224201202,0.740840494632721,0.3010474741458893,0.2649182975292206,0.20691220462322235,0.1392451971769333,0.0514548122882843,0.17871025204658508,0.1837984025478363,0.03029092401266098,0.19679582118988037,0.037436943501234055,0.050123605877161026,0.3960924744606018,0.09494901448488235,0.05941746011376381,0.2687060832977295,0.3439001441001892,0.26363855600357056,0.1262783408164978,0.12969432771205902,0.16952620446681976,0.039956141263246536,0.7059381008148193,0.14684490859508514,0.017914066091179848,0.04407093673944473,0.16606317460536957,0.19962264597415924,0.15667791664600372,0.08632024377584457,0.8949893116950989,0.9036210179328918,0.32440024614334106,0.06398917734622955,0.5032476186752319,0.2281757891178131,0.1445918083190918,0.16051071882247925
AI205,0.413793103,0.206896552,0.517241379,0.0,0.75862069,0.448275862,0.517241379,0.275862069,0.413793103,0.24137931,0.137931034,0.0,0.0,0.482758621,0.103448276,0.103448276,0.034482759,0.137931034,0.24137931,0.0,0.344827586,0.0,0.034482759,0.0,0.137931034,0.24137931,0.0,0.0,0.0,0.103448276,0.275862069,0.0,0.0,0.413793103,0.344827586,0.689655172,0.275862069,0.103448276,0.103448276,0.310344828,0.448275862,0.137931034,0.103448276,0.137931034,0.24137931,0.103448276,0.068965517,0.103448276,0.379310345,0.517241379,0.103448276,0.457345575094223,0.40688851475715637,0.47181466221809387,0.17955563962459564,0.3282684087753296,0.16464146971702576,0.5435271859169006,0.23213645815849304,0.6962209939956665,0.26392295956611633,0.3172842264175415,0.22835715115070343,0.12917113304138184,0.945977509021759,0.16640785336494446,0.22456759214401245,0.18749748170375824,0.13639968633651733,0.14048296213150024,0.3033866584300995,0.23847392201423645,0.07950141280889511,0.19494551420211792,0.0833505317568779,0.046305421739816666,0.12809234857559204,0.04137226939201355,0.06624439358711243,0.12940119206905365,0.1778569370508194,0.24173852801322937,0.08690836280584335,0.16879817843437195,0.13667048513889313,0.07506113499403,0.4513126313686371,0.13006509840488434,0.015329238027334213,0.0060495054349303246,0.07064146548509598,0.14589448273181915,0.16282424330711365,0.08114393055438995,0.2367798238992691,0.1580684930086136,0.26860472559928894,0.15104840695858002,0.11055592447519302,0.24094656109809875,0.14371724426746368,0.08919957280158997
AJ058,0.3,0.1,0.266666667,0.1,0.233333333,0.0,0.533333333,0.166666667,1.033333333,0.133333333,0.0,0.0,0.0,1.833333333,0.4,0.266666667,0.933333333,0.133333333,0.1,0.366666667,0.433333333,0.0,0.7,0.533333333,0.2,0.4,0.0,0.0,0.2,0.266666667,0.0,0.233333333,0.0,0.3,0.066666667,0.3,0.233333333,0.1,0.0,0.2,0.1,0.033333333,0.033333333,0.1,0.166666667,0.5,0.033333333,0.566666667,0.0,0.266666667,0.0,0.2812444865703583,0.06992063671350479,0.44438302516937256,0.36517128348350525,0.28965240716934204,0.1407240480184555,0.20484070479869843,0.2699066698551178,0.2798616886138916,0.04827091842889786,0.07379258424043655,0.08483025431632996,0.043418001383543015,1.226491093635559,0.6253988146781921,0.3056914806365967,0.4723491668701172,0.3122063875198364,0.1972595900297165,0.49161598086357117,0.32010719180107117,0.45665693283081055,0.28213173151016235,0.1314520686864853,0.057499438524246216,0.137642502784729,0.07919914275407791,0.056861940771341324,0.05115242302417755,0.29363125562667847,0.2209928035736084,0.12213321775197983,0.3820963203907013,0.13007280230522156,0.030936894938349724,0.5361793637275696,0.1295432448387146,0.01667514629662037,0.018464375287294388,0.183588445186615,0.21341665089130402,0.1544022560119629,0.08536823838949203,0.2673422694206238,0.2086326777935028,0.3284769654273987,0.13901358842849731,0.37546658515930176,0.29602402448654175,0.14371724426746368,0.09440121799707413
AJ244,0.172413793,0.0,0.344827586,0.275862069,0.413793103,0.034482759,0.827586207,0.24137931,1.310344828,0.068965517,0.517241379,0.517241379,0.103448276,1.965517241,0.482758621,0.24137931,1.103448276,0.137931034,0.0,0.172413793,0.172413793,0.0,0.310344828,0.137931034,0.137931034,0.172413793,0.0,0.0,0.0,0.172413793,0.24137931,0.0,0.0,0.068965517,0.0,0.517241379,0.0,0.0,0.0,0.137931034,0.310344828,0.137931034,0.034482759,0.551724138,0.103448276,0.034482759,0.0,0.0,0.103448276,0.103448276,0.0,0.38536396622657776,0.42078787088394165,0.41269591450691223,0.2701141834259033,0.31086301803588867,0.13513518869876862,0.4521632194519043,0.28975293040275574,0.8811156749725342,0.0978536307811737,0.1888502687215805,0.32614463567733765,0.08829458057880402,1.2773246765136719,0.2668857276439667,0.2614879608154297,0.47359299659729004,0.0991806760430336,0.07032451778650284,0.4084848463535309,0.31527596712112427,0.08796162158250809,0.27898043394088745,0.10505072772502899,0.053981564939022064,0.1614191085100174,0.0737333595752716,0.06640402227640152,0.13935361802577972,0.37622976303100586,0.29083001613616943,0.09254582971334457,0.10893972963094711,0.15668214857578278,0.12745782732963562,0.41715696454048157,0.12268857657909393,0.05467581748962402,0.010519303381443024,0.09722639620304108,0.19463716447353363,0.14722631871700287,0.08587366342544556,0.2906787097454071,0.3133322298526764,0.2548231780529022,0.07648125290870667,0.15696395933628082,0.24164403975009918,0.14371724426746368,0.09752970933914185
AJ449,0.366666667,0.133333333,0.066666667,0.0,0.2,0.0,0.366666667,0.1,1.5,0.1,0.366666667,0.433333333,0.1,1.533333333,0.266666667,0.266666667,0.033333333,0.0,0.0,0.066666667,0.0,0.0,0.0,0.266666667,0.0,0.333333333,0.333333333,0.166666667,0.1,1.133333333,0.866666667,0.0,0.0,0.1,0.0,0.333333333,0.066666667,0.066666667,0.0,0.0,0.2,0.233333333,0.1,0.233333333,0.166666667,0.533333333,0.133333333,0.566666667,0.3,0.066666667,0.0,0.4113137125968933,0.2125651240348816,0.4151562750339508,0.27653375267982483,0.37984713912010193,0.10092150419950485,0.3218323290348053,0.23393142223358154,0.7916923761367798,0.1880989670753479,0.11021065711975098,0.19196219742298126,0.05095340311527252,1.1989136934280396,0.4171935021877289,0.31738734245300293,0.5696544051170349,0.2309599220752716,0.18307584524154663,0.29965710639953613,0.24979999661445618,0.0986742302775383,0.24125416576862335,0.1303083598613739,0.047921374440193176,0.16070184111595154,0.06685768067836761,0.06959827989339828,0.2665998339653015,0.4904286563396454,0.2479754388332367,0.11853352934122086,0.1576022058725357,0.17106787860393524,0.05879092961549759,0.5113445520401001,0.1341482549905777,0.044026929885149,0.0648561641573906,0.12711866199970245,0.18940982222557068,0.15231600403785706,0.09464973211288452,0.2564909756183624,0.22734111547470093,0.4339759349822998,0.07606194168329239,0.26332587003707886,0.17956580221652985,0.14296074211597443,0.10710214078426361
AK010,0.3,0.0,0.366666667,0.0,0.0,0.566666667,0.4,0.4,1.166666667,3.5,0.533333333,0.3,0.0,2.066666667,0.166666667,0.3,0.133333333,0.0,0.0,0.0,0.2,0.0,0.0,0.0,0.0,0.066666667,0.0,0.0,0.0,0.7,0.133333333,0.0,0.0,0.0,0.0,0.166666667,0.233333333,0.0,0.0,0.0,0.066666667,0.0,0.0,0.4,0.1,0.4,0.0,0.1,0.0,0.0,0.2,0.473160058259964,0.15563635528087616,0.4826705753803253,0.3956587016582489,0.30421778559684753,0.1746090203523636,0.49585452675819397,0.25589126348495483,0.509093165397644,0.28842443227767944,0.13904866576194763,0.18506628274917603,0.07275819778442383,1.1717021465301514,0.26001572608947754,0.23685391247272491,0.17002306878566742,0.07127442955970764,0.1473143845796585,0.24476735293865204,0.22417499125003815,0.1429976224899292,0.22287850081920624,0.11617681384086609,0.045989345759153366,0.21144728362560272,0.14348632097244263,0.06601157784461975,0.36713624000549316,0.6045527458190918,0.25249701738357544,0.13813719153404236,0.189107283949852,0.1491173654794693,0.06013983115553856,0.6693892478942871,0.13578082621097565,0.05439944565296173,0.07667405158281326,0.27885711193084717,0.23048663139343262,0.14744962751865387,0.1220649927854538,0.21672487258911133,0.16632072627544403,0.40087127685546875,0.07767308503389359,0.292379766702652,0.2042817920446396,0.1445918083190918,0.14698222279548645
AK113,0.3,0.0,0.366666667,0.1,0.0,0.233333333,0.166666667,0.133333333,0.666666667,3.066666667,0.2,0.0,0.0,1.833333333,0.766666667,0.666666667,0.133333333,0.0,0.0,0.1,0.5,0.0,0.1,0.0,0.0,0.233333333,0.0,0.366666667,0.333333333,0.2,0.233333333,0.0,0.0,0.0,0.0,0.0,0.266666667,0.0,0.0,0.066666667,0.0,0.0,0.0,0.466666667,0.1,0.6,0.0,0.233333333,0.0,0.0,0.133333333,0.5737488269805908,0.14093579351902008,0.4440730810165405,0.14689606428146362,0.3054758608341217,0.19423623383045197,0.3683130443096161,0.23814000189304352,0.4722200930118561,1.6092023849487305,0.129450261592865,0.14076560735702515,0.0556551031768322,1.2222545146942139,0.28811177611351013,0.2484683245420456,0.1969163417816162,0.07563667744398117,0.048301275819540024,0.2280130833387375,0.27724581956863403,0.11812561005353928,0.23034434020519257,0.09315519779920578,0.04770331829786301,0.25004062056541443,0.10335105657577515,0.055277179926633835,0.20537583529949188,0.563984751701355,0.2604981064796448,0.0984918475151062,0.03352572023868561,0.21920731663703918,0.06109457463026047,0.7087082266807556,0.15330293774604797,0.044257376343011856,0.039296478033065796,0.19943340122699738,0.2631840407848358,0.17603081464767456,0.1510756015777588,0.22423240542411804,0.14361470937728882,0.4623434543609619,0.08383557945489883,0.37083107233047485,0.22927755117416382,0.1445918083190918,0.15215334296226501
AK135,0.433333333,0.1,0.433333333,0.0,0.166666667,0.5,0.666666667,0.566666667,0.666666667,1.4,0.1,0.066666667,0.0,1.1,0.0,0.066666667,0.066666667,0.133333333,0.0,0.166666667,0.1,0.0,0.0,0.0,0.0,0.1,0.0,0.0,0.066666667,0.233333333,0.166666667,0.0,0.0,0.1,0.033333333,0.566666667,0.266666667,0.0,0.0,0.0,0.033333333,0.166666667,0.0,0.466666667,0.0,0.466666667,0.833333333,0.433333333,0.3,0.366666667,0.333333333,0.3596913814544678,0.17359626293182373,0.486483097076416,0.2736997604370117,0.3516794443130493,0.18651828169822693,0.5925741791725159,0.2859504520893097,0.7648676633834839,0.18353284895420074,0.2900911569595337,0.2401861548423767,0.10432116687297821,1.1285886764526367,0.34096184372901917,0.28560999035835266,0.17921017110347748,0.06979247182607651,0.035251185297966,0.2692844867706299,0.2880883514881134,0.14019839465618134,0.22157427668571472,0.13200615346431732,0.05225648730993271,0.1961369514465332,0.1225755363702774,0.05620655044913292,0.3193643093109131,0.3847202658653259,0.28477662801742554,0.09123252332210541,0.37903857231140137,0.1705722212791443,0.05859473720192909,0.5443962812423706,0.13139165937900543,0.02619374357163906,0.03230312094092369,0.1734296977519989,0.14465901255607605,0.13255159556865692,0.09565701335668564,0.21987628936767578,0.18915419280529022,0.23354248702526093,0.08700114488601685,0.2172245979309082,0.2128661870956421,0.14371724426746368,0.13113127648830414
AK361,0.366666667,0.0,0.4,0.0,0.166666667,0.066666667,0.766666667,0.1,0.7,0.866666667,0.066666667,0.133333333,0.2,1.833333333,0.6,1.333333333,0.266666667,0.166666667,0.366666667,0.3,1.0,0.133333333,0.433333333,0.1,0.0,0.3,0.033333333,0.3,0.433333333,0.333333333,0.2,0.0,0.0,0.133333333,0.0,0.7,0.1,0.0,0.0,0.0,0.0,0.0,0.0,0.1,0.0,0.1,0.133333333,0.166666667,0.0,0.066666667,0.166666667,0.45545509457588196,0.0799647644162178,0.5729018449783325,0.1852191537618637,0.39523664116859436,0.2801171541213989,0.4850161075592041,0.22015778720378876,0.6015993356704712,0.6967869400978088,0.19324861466884613,0.18854457139968872,0.07312914729118347,0.9353193044662476,0.22787795960903168,0.23800380527973175,0.16746005415916443,0.07395617663860321,0.06298206746578217,0.28753623366355896,0.29813939332962036,0.1878361850976944,0.23224559426307678,0.12877200543880463,0.05136581510305405,0.2206782102584839,0.22285239398479462,0.06154618412256241,0.19032731652259827,0.4184225797653198,0.24776096642017365,0.16946083307266235,0.339934378862381,0.2774084806442261,0.08543971925973892,0.5956807136535645,0.134602889418602,0.069375179708004,0.09697834402322769,0.40490490198135376,0.20910689234733582,0.13756924867630005,0.12153156846761703,0.2029712200164795,0.1392897665500641,0.284149706363678,0.12922503054141998,0.18859262764453888,0.2077673375606537,0.14371724426746368,0.1519971787929535
AK366,0.566666667,0.0,0.433333333,0.0,0.133333333,0.1,0.433333333,0.333333333,1.533333333,0.366666667,0.2,0.4,0.0,1.733333333,0.333333333,0.3,0.433333333,0.033333333,0.033333333,0.1,0.1,0.0,0.566666667,0.233333333,0.066666667,0.2,0.0,0.133333333,0.0,0.3,0.4,0.0,0.1,0.166666667,0.0,0.233333333,0.1,0.0,0.0,0.0,0.1,0.333333333,0.066666667,0.3,0.2,0.8,0.333333333,0.733333333,0.3,0.0,0.133333333,0.447672963142395,0.16425220668315887,0.4983861446380615,0.10303289443254471,0.30028417706489563,0.21209898591041565,0.43537965416908264,0.25540417432785034,0.5256105065345764,0.3195047378540039,0.1267106831073761,0.16542546451091766,0.056330204010009766,1.2099393606185913,0.2882096469402313,0.2727951407432556,0.19596606492996216,0.06215071305632591,0.046094492077827454,0.22402474284172058,0.3155563175678253,0.049014732241630554,0.25478285551071167,0.05627931281924248,0.04870646074414253,0.17009501159191132,0.07094099372625351,0.05254962295293808,0.19331695139408112,0.4210380017757416,0.1920464038848877,0.09001605957746506,0.01393899880349636,0.14153404533863068,0.04663532227277756,0.6115983724594116,0.1425439715385437,0.02261434495449066,0.012816525995731354,0.07099130004644394,0.1438916027545929,0.1529010385274887,0.08258120715618134,0.2368154078722,0.15179795026779175,0.5479785799980164,0.14490525424480438,0.5635660886764526,0.21473892033100128,0.1445918083190918,0.14479026198387146
AK432,0.566666667,0.0,0.366666667,0.1,0.1,0.466666667,0.4,0.3,1.1,3.8,0.7,0.1,0.0,2.566666667,0.133333333,0.266666667,0.0,0.0,0.0,0.0,0.133333333,0.0,0.0,0.0,0.066666667,0.133333333,0.066666667,0.0,0.0,0.5,0.066666667,0.0,0.0,0.133333333,0.0,0.0,0.0,0.0,0.0,0.0,0.0,0.0,0.033333333,0.133333333,0.1,0.1,0.1,0.1,0.133333333,0.166666667,0.166666667,0.5099722146987915,0.2951878309249878,0.4814102351665497,0.11930996179580688,0.30423009395599365,0.1887243688106537,0.33963820338249207,0.1975143551826477,0.7641757130622864,0.23633910715579987,0.27723148465156555,0.22298523783683777,0.06892713159322739,1.185357689857483,0.25699567794799805,0.24357089400291443,0.16757898032665253,0.06391219794750214,0.10397232323884964,0.21908457577228546,0.22048401832580566,0.11903462558984756,0.205729678273201,0.1861320286989212,0.04924974963068962,0.24334974586963654,0.12004145234823227,0.06458982825279236,0.2571236193180084,0.5322620868682861,0.35294273495674133,0.3263603746891022,0.21950176358222961,0.12037064880132675,0.0707840695977211,0.6052317023277283,0.1320781707763672,0.08653281629085541,0.13561034202575684,0.39953696727752686,0.16042284667491913,0.13106216490268707,0.08486795425415039,0.21373586356639862,0.17218278348445892,0.37789836525917053,0.1646522432565689,0.3510352671146393,0.19992125034332275,0.1445918083190918,0.149653360247612
AK697,0.666666667,0.1,0.433333333,0.266666667,0.0,0.366666667,0.633333333,0.1,1.066666667,2.7,0.533333333,0.2,0.133333333,1.8,0.1,0.1,0.133333333,0.0,0.0,0.1,0.0,0.0,0.066666667,0.0,0.0,0.066666667,0.0,0.0,0.0,0.966666667,0.366666667,0.1,0.3,0.0,0.0,0.033333333,0.266666667,0.0,0.0,0.0,0.0,0.0,0.0,0.2,0.166666667,0.8,0.133333333,1.066666667,0.066666667,0.0,0.266666667,0.49491164088249207,0.15419694781303406,0.4393060505390167,0.06960467249155045,0.3007265627384186,0.12436029314994812,0.37148863077163696,0.25432562828063965,0.7482995986938477,0.170303612947464,0.2380540817975998,0.23476846516132355,0.06828796863555908,0.999064028263092,0.2959052622318268,0.2677164077758789,0.1659073829650879,0.08298583328723907,0.04279179871082306,0.24374473094940186,0.23910871148109436,0.17023366689682007,0.21496687829494476,0.12987616658210754,0.04844745248556137,0.16729936003684998,0.16682423651218414,0.06655728816986084,0.4119023084640503,0.6098997592926025,0.35450994968414307,0.17042450606822968,0.18693678081035614,0.13859166204929352,0.08085303008556366,0.6147602200508118,0.1466096043586731,0.07777122408151627,0.15012653172016144,0.308150976896286,0.1369241625070572,0.14206324517726898,0.10182052105665207,0.21617768704891205,0.09975571185350418,0.4665648341178894,0.08555218577384949,0.349235862493515,0.21817642450332642,0.1445918083190918,0.1408451497554779
AK723,0.366666667,0.066666667,0.066666667,0.0,0.066666667,0.0,0.166666667,0.166666667,1.233333333,0.2,0.4,0.033333333,0.1,2.5,1.2,1.266666667,1.166666667,0.133333333,0.066666667,0.333333333,0.9,0.0,0.633333333,0.2,0.1,0.366666667,0.4,0.633333333,0.2,0.466666667,0.0,0.0,0.0,0.0,0.0,0.0,0.066666667,0.0,0.0,0.0,0.0,0.133333333,0.0,0.0,0.0,0.5,0.0,0.3,0.166666667,0.0,0.133333333,0.38231605291366577,0.07031221687793732,0.42299288511276245,0.07529867440462112,0.3030293583869934,0.11421792209148407,0.5136010050773621,0.2897912263870239,0.9022731184959412,0.14943142235279083,0.2534690499305725,0.2887863516807556,0.07804467529058456,1.0683166980743408,0.3387046456336975,0.2800278961658478,0.15930059552192688,0.06820181757211685,0.03646891191601753,0.26835229992866516,0.23747588694095612,0.14606931805610657,0.20166051387786865,0.14882244169712067,0.054199494421482086,0.17745502293109894,0.2146698385477066,0.07271803915500641,0.2960239052772522,0.5038501620292664,0.3351507782936096,0.17424918711185455,0.12953035533428192,0.17172838747501373,0.0679716244339943,0.6399916410446167,0.1536097675561905,0.07773488014936447,0.12363559007644653,0.36182573437690735,0.14353197813034058,0.1509067863225937,0.10298192501068115,0.2311078906059265,0.14767223596572876,0.2923804819583893,0.1025485023856163,0.40032753348350525,0.23088787496089935,0.14371724426746368,0.14996586740016937
AK814,0.4,0.0,0.6,0.0,0.266666667,0.233333333,0.933333333,0.366666667,1.8,0.5,0.166666667,0.333333333,0.033333333,1.6,0.133333333,0.166666667,0.066666667,0.0,0.0,0.0,0.0,0.0,0.4,0.0,0.0,0.433333333,0.0,0.0,0.0,0.133333333,0.233333333,0.0,0.0,0.166666667,0.0,0.733333333,0.1,0.0,0.0,0.0,0.1,0.233333333,0.0,0.266666667,0.0,0.4,0.266666667,0.133333333,0.666666667,0.4,0.166666667,0.3919394910335541,0.13775719702243805,0.487231969833374,0.19025811553001404,0.34516391158103943,0.1887080818414688,0.5611869096755981,0.22206488251686096,0.7743289470672607,1.352980375289917,0.2843616008758545,0.22818516194820404,0.11614049971103668,1.0785205364227295,0.27609366178512573,0.24874885380268097,0.18803690373897552,0.07647363096475601,0.04879065975546837,0.22294777631759644,0.2618158757686615,0.04957463964819908,0.23038756847381592,0.07536957412958145,0.04995996877551079,0.1884143352508545,0.0947132259607315,0.052843838930130005,0.24690037965774536,0.2623930275440216,0.25550514459609985,0.044308435171842575,0.0990835428237915,0.20584961771965027,0.06026279181241989,0.651764988899231,0.1544027328491211,0.009870011359453201,0.021360911428928375,0.07849627733230591,0.15697333216667175,0.15257112681865692,0.1017162948846817,0.21706116199493408,0.15157057344913483,0.2896118760108948,0.10332151502370834,0.2536967694759369,0.25088587403297424,0.14371724426746368,0.1476891040802002
AK971,0.2,0.0,0.266666667,0.133333333,0.233333333,0.033333333,0.366666667,0.266666667,0.4,0.066666667,0.0,0.0,0.0,0.9,0.2,0.166666667,0.066666667,0.0,0.0,0.1,0.133333333,0.0,0.4,0.0,0.066666667,0.3,0.233333333,0.066666667,0.8,0.233333333,0.333333333,0.0,0.0,0.366666667,0.0,1.7,0.633333333,0.0,0.1,0.466666667,0.1,0.3,0.3,0.366666667,0.1,0.466666667,0.433333333,0.4,0.166666667,0.066666667,0.1,0.4034348428249359,0.2207498550415039,0.5129817128181458,0.23516225814819336,0.34290558099746704,0.19669298827648163,0.5710923671722412,0.23471958935260773,0.7590329051017761,1.3897749185562134,0.28088903427124023,0.21829892694950104,0.1067170649766922,1.1186550855636597,0.2785424590110779,0.24041196703910828,0.1899070143699646,0.08250953257083893,0.049446385353803635,0.2426188737154007,0.26539966464042664,0.05623672157526016,0.23045338690280914,0.08202509582042694,0.04832242429256439,0.1982090175151825,0.07733480632305145,0.05258055403828621,0.1995331346988678,0.26456451416015625,0.27641403675079346,0.05841828137636185,0.07272530347108841,0.2055625021457672,0.056584104895591736,0.6483150124549866,0.1584739089012146,0.0113338278606534,0.01995757408440113,0.0766192227602005,0.15458393096923828,0.1640043556690216,0.09750386327505112,0.21875442564487457,0.14333578944206238,0.31321612000465393,0.1334647387266159,0.2749654948711395,0.25414666533470154,0.14371724426746368,0.17345573008060455
AL120,0.633333333,0.0,0.666666667,2.066666667,0.633333333,0.433333333,0.433333333,0.166666667,0.366666667,0.0,0.0,0.133333333,0.0,1.7,0.233333333,0.733333333,0.533333333,0.133333333,0.0,0.5,0.966666667,0.0,0.366666667,0.0,0.0,0.066666667,0.0,0.166666667,0.0,0.033333333,0.366666667,0.0,0.0,0.1,0.0,0.3,0.133333333,0.0,0.0,0.0,0.1,0.0,0.0,0.133333333,0.3,0.2,0.0,0.0,0.2,0.0,0.166666667,0.6565890312194824,0.1763022094964981,0.5247449278831482,0.5197158455848694,0.41292765736579895,0.26162025332450867,0.3831366300582886,0.1813420057296753,0.6212079524993896,0.09481937438249588,0.1375746726989746,0.12884198129177094,0.06503041088581085,0.9532603621482849,0.2055017501115799,0.2352721244096756,0.19661512970924377,0.08505281805992126,0.073366180062294,0.3462820053100586,0.5452228784561157,0.07494259625673294,0.24346323311328888,0.05682147666811943,0.04498458281159401,0.19920024275779724,0.023340702056884766,0.05919509753584862,0.10534955561161041,0.2654023766517639,0.19638299942016602,0.05958801880478859,0.08213628828525543,0.2972847819328308,0.06755974888801575,0.8550456762313843,0.13268190622329712,0.04512542113661766,0.00945261400192976,0.08153243362903595,0.23411530256271362,0.15627168118953705,0.09750225394964218,0.2096543312072754,0.1727573424577713,0.2617919147014618,0.1376877725124359,0.15913069248199463,0.24862317740917206,0.14371724426746368,0.204915851354599
AL200,0.566666667,0.133333333,0.566666667,0.233333333,0.766666667,0.333333333,0.3,0.0,0.166666667,0.133333333,0.0,0.0,0.0,0.566666667,0.266666667,0.066666667,0.266666667,0.1,0.166666667,0.066666667,0.0,0.1,0.2,0.1,0.0,0.133333333,0.0,0.0,0.0,0.333333333,0.333333333,0.266666667,0.2,0.333333333,0.333333333,1.633333333,0.333333333,0.033333333,0.0,0.233333333,0.233333333,0.3,0.133333333,0.066666667,0.066666667,0.166666667,0.0,0.0,0.433333333,0.2,0.733333333,0.5639069080352783,0.06480319052934647,0.5059840083122253,0.1485876888036728,0.3239082098007202,0.1747969537973404,0.3518368899822235,0.17914099991321564,0.3534630835056305,0.09142289310693741,0.0845116451382637,0.10437575727701187,0.0482332818210125,0.7906243205070496,0.20658281445503235,0.22521983087062836,0.20084364712238312,0.0906999334692955,0.1179451271891594,0.29399630427360535,0.3312841057777405,0.31596869230270386,0.29284778237342834,0.1697869449853897,0.046573489904403687,0.29910990595817566,0.15005575120449066,0.06231117248535156,0.2223820686340332,0.36700403690338135,0.1852276772260666,0.12694069743156433,0.3495088517665863,0.33510756492614746,0.15763737261295319,0.9019375443458557,0.22134940326213837,0.07393411546945572,0.04556955397129059,0.3495398759841919,0.4245283007621765,0.16461500525474548,0.1718023717403412,0.20071525871753693,0.11124200373888016,0.35808423161506653,0.09103844314813614,0.24352556467056274,0.2795099914073944,0.14625799655914307,0.1916542947292328
AL231,0.5,0.0,0.6,2.233333333,0.466666667,0.033333333,0.3,0.566666667,0.633333333,0.066666667,0.0,0.0,0.0,1.933333333,0.833333333,0.833333333,0.2,0.0,0.0,0.066666667,0.166666667,0.066666667,0.233333333,0.133333333,0.233333333,0.1,0.033333333,0.1,0.1,0.033333333,0.133333333,0.0,0.0,0.166666667,0.0,0.433333333,0.0,0.0,0.066666667,0.133333333,0.0,0.0,0.0,0.0,0.533333333,0.1,0.0,0.133333333,0.0,0.166666667,0.0,0.6078031659126282,0.12463404983282089,0.5932638049125671,0.6015893816947937,0.4005337655544281,0.2708047032356262,0.3848797082901001,0.18291737139225006,0.42318031191825867,0.0741991475224495,0.10149654746055603,0.10618574172258377,0.04311346635222435,0.9823362827301025,0.19873161613941193,0.23183347284793854,0.21168607473373413,0.08396917581558228,0.07806239277124405,0.34155917167663574,0.3884297013282776,0.07093998044729233,0.24018114805221558,0.05338507145643234,0.045461494475603104,0.1799256056547165,0.022831512615084648,0.05070566013455391,0.12723372876644135,0.20420622825622559,0.1884487271308899,0.03768523037433624,0.10056578367948532,0.31865131855010986,0.07013381272554398,0.7651927471160889,0.12737540900707245,0.03128812834620476,0.010260232724249363,0.07829029113054276,0.2200244516134262,0.1684560924768448,0.09660215675830841,0.20742057263851166,0.19160400331020355,0.24355438351631165,0.10897866636514664,0.25397801399230957,0.25917109847068787,0.14371724426746368,0.1903209686279297
AL378,0.4,0.0,0.766666667,0.8,0.333333333,0.0,0.4,0.3,1.6,0.266666667,0.9,0.4,0.0,1.566666667,0.266666667,0.5,0.3,0.0,0.0,0.066666667,0.1,0.0,0.166666667,0.1,0.233333333,0.6,0.233333333,0.333333333,0.4,0.6,0.433333333,0.0,0.0,0.133333333,0.0,0.6,0.0,0.0,0.0,0.0,0.1,0.0,0.133333333,0.066666667,0.633333333,0.566666667,0.333333333,0.266666667,0.1,0.0,0.0,0.807861328125,0.17970356345176697,0.5911088585853577,0.3664582073688507,0.4217016398906708,0.2587890625,0.4707958996295929,0.19126850366592407,0.6721433997154236,0.11639679968357086,0.26365795731544495,0.21493737399578094,0.07939358800649643,1.1616759300231934,0.19060911238193512,0.2386864274740219,0.20898759365081787,0.08097247779369354,0.05986711010336876,0.23813678324222565,0.28572213649749756,0.07287736982107162,0.2275434136390686,0.05940624326467514,0.0431232750415802,0.19137310981750488,0.03025277890264988,0.05086107552051544,0.2250281572341919,0.29569730162620544,0.24196802079677582,0.06286684423685074,0.11180432885885239,0.240087628364563,0.06390002369880676,0.821652352809906,0.12577304244041443,0.012066646479070187,0.009782525710761547,0.08560828864574432,0.224254310131073,0.16749829053878784,0.09993521869182587,0.20084795355796814,0.17566120624542236,0.28722670674324036,0.14515961706638336,0.15698476135730743,0.2528581917285919,0.14371724426746368,0.17523632943630219
AL397,0.8,0.133333333,0.9,0.0,1.1,0.3,0.4,0.4,0.066666667,0.166666667,0.0,0.0,0.0,0.133333333,0.2,0.033333333,0.3,0.233333333,0.166666667,0.566666667,1.366666667,0.0,0.733333333,0.0,0.0,0.2,0.0,0.1,0.1,0.4,0.3,0.133333333,0.166666667,0.5,0.133333333,1.533333333,0.133333333,0.0,0.0,0.0,0.4,0.033333333,0.0,0.0,0.0,0.1,0.133333333,0.233333333,0.566666667,0.066666667,0.4,0.44328826665878296,0.15381646156311035,0.4756367802619934,0.16762328147888184,0.34045514464378357,0.19085155427455902,0.2009582668542862,0.1776624321937561,0.21801909804344177,0.7441500425338745,0.0795605406165123,0.07439924776554108,0.04211188480257988,0.6472334861755371,0.2196865975856781,0.2329954355955124,0.20536284148693085,0.1547834575176239,0.1554151475429535,0.5205706357955933,0.894455075263977,0.2048606425523758,0.29066717624664307,0.15904518961906433,0.0520775280892849,0.19819344580173492,0.17850174009799957,0.11809250712394714,0.23952922224998474,0.31069254875183105,0.2078888863325119,0.23348866403102875,0.34926339983940125,0.40523260831832886,0.20562660694122314,0.7293190360069275,0.14962729811668396,0.140824556350708,0.0695166140794754,0.5704882144927979,0.39923638105392456,0.2511062026023865,0.10968445241451263,0.20757956802845,0.13280579447746277,0.16478511691093445,0.0740414708852768,0.12393168359994888,0.2681165933609009,0.1468765139579773,0.11812905222177505
AL409,0.233333333,0.066666667,0.466666667,0.0,0.6,0.0,0.566666667,0.1,0.9,0.3,0.133333333,0.166666667,0.0,1.266666667,0.3,0.433333333,0.233333333,0.0,0.0,0.266666667,0.5,0.066666667,0.266666667,0.3,0.0,0.233333333,0.266666667,0.5,0.233333333,0.233333333,0.166666667,0.033333333,0.0,0.133333333,0.0,0.866666667,0.9,0.566666667,0.166666667,0.0,0.033333333,0.0,0.366666667,0.366666667,0.1,0.833333333,0.233333333,0.333333333,0.133333333,0.1,0.133333333,0.8049951195716858,0.17393292486667633,0.5640130043029785,0.030942991375923157,0.4110848307609558,0.16941075026988983,0.2883509397506714,0.16411158442497253,0.4870157241821289,0.06355384737253189,0.11879628151655197,0.11187197268009186,0.049059245735406876,0.6705827713012695,0.21404577791690826,0.2273738533258438,0.1911933422088623,0.10239826887845993,0.09497155994176865,0.4646688401699066,0.6815277934074402,0.1663077175617218,0.3521060645580292,0.09288273006677628,0.04627053439617157,0.1690863072872162,0.05757812783122063,0.06406371295452118,0.15555702149868011,0.37258824706077576,0.2215782254934311,0.22145910561084747,0.08385714888572693,0.38462477922439575,0.0969751626253128,0.7551071047782898,0.13558045029640198,0.10166923701763153,0.08007317781448364,0.21831808984279633,0.2229313850402832,0.13295960426330566,0.070511594414711,0.1952354609966278,0.08868557959794998,0.20203198492527008,0.18915973603725433,0.13582192361354828,0.241044819355011,0.14371724426746368,0.16094981133937836
AL417,0.4,0.0,0.733333333,0.6,0.366666667,0.266666667,0.933333333,0.3,1.666666667,0.833333333,0.8,0.3,0.166666667,2.1,0.433333333,0.566666667,0.166666667,0.066666667,0.0,0.066666667,0.133333333,0.0,0.2,0.066666667,0.133333333,0.5,0.0,0.0,0.133333333,0.2,0.066666667,0.0,0.0,0.233333333,0.0,0.566666667,0.4,0.0,0.0,0.0,0.0,0.0,0.0,0.0,0.1,0.2,0.166666667,0.1,0.0,0.233333333,0.0,0.6861979365348816,0.10913048684597015,0.5778275728225708,0.3754013776779175,0.3474738895893097,0.20228685438632965,0.36600929498672485,0.1806529313325882,0.6773198843002319,0.13550421595573425,0.14903059601783752,0.15100976824760437,0.0420215018093586,1.0347892045974731,0.18838639557361603,0.22874125838279724,0.18173657357692719,0.09046129882335663,0.0872671827673912,0.26379358768463135,0.3581829071044922,0.10368907451629639,0.2238451987504959,0.06713944673538208,0.04432235658168793,0.17261561751365662,0.19492849707603455,0.05943611264228821,0.18321694433689117,0.4044218361377716,0.23184961080551147,0.22425636649131775,0.20711351931095123,0.2507849931716919,0.07974912971258163,0.599819540977478,0.1271972358226776,0.0706271156668663,0.06322549283504486,0.25708189606666565,0.1896064281463623,0.12718649208545685,0.0688784122467041,0.20236660540103912,0.17997704446315765,0.2643864154815674,0.1449134647846222,0.12433695048093796,0.22091616690158844,0.14371724426746368,0.1428634077310562
AL454,0.366666667,0.0,0.533333333,0.133333333,0.533333333,0.2,0.733333333,0.366666667,0.866666667,0.433333333,0.0,0.0,0.0,1.166666667,0.366666667,0.433333333,0.133333333,0.0,0.0,0.166666667,0.333333333,0.0,0.466666667,0.433333333,0.266666667,0.433333333,0.0,0.133333333,0.233333333,0.433333333,0.233333333,0.0,0.0,0.2,0.066666667,0.933333333,0.8,0.5,0.066666667,0.1,0.2,0.266666667,0.033333333,0.1,0.166666667,1.0,0.266666667,0.333333333,0.033333333,0.0,0.133333333,0.7130808234214783,0.06926005333662033,0.6000223159790039,0.34857529401779175,0.41489630937576294,0.2540815770626068,0.4463321566581726,0.23562347888946533,0.4902554154396057,0.1323389858007431,0.11533328145742416,0.13177327811717987,0.057367175817489624,0.8998587727546692,0.23026862740516663,0.23286311328411102,0.1888553947210312,0.10392195731401443,0.08182883262634277,0.3281652629375458,0.6242604851722717,0.1408057063817978,0.31706976890563965,0.0767664909362793,0.04513831064105034,0.2733108401298523,0.04482778161764145,0.05410994961857796,0.22590698301792145,0.3626944124698639,0.20520702004432678,0.08128176629543304,0.12919306755065918,0.3745366930961609,0.08110160380601883,0.7960503697395325,0.1368880420923233,0.11742127686738968,0.009875779040157795,0.14927849173545837,0.24585743248462677,0.14158882200717926,0.10324431955814362,0.19843584299087524,0.17841190099716187,0.20664258301258087,0.2033970206975937,0.18979574739933014,0.2562808394432068,0.14371724426746368,0.18534345924854279
AL538,0.433333333,0.0,0.3,0.066666667,0.333333333,0.0,0.8,0.266666667,0.366666667,0.1,0.0,0.066666667,0.0,1.066666667,0.333333333,0.233333333,0.233333333,0.1,0.066666667,0.166666667,0.133333333,0.1,0.0,0.0,0.0,0.4,0.3,0.133333333,0.9,1.233333333,0.833333333,0.0,0.166666667,0.2,0.066666667,1.133333333,0.466666667,0.0,0.066666667,0.2,0.0,0.0,0.533333333,0.1,0.0,0.733333333,0.0,0.0,0.0,0.0,0.0,0.7071207165718079,0.45365333557128906,0.4586753249168396,0.08279337733983994,0.3021140694618225,0.17758984863758087,0.36668720841407776,0.18438197672367096,0.5829336643218994,0.3538913428783417,0.22332842648029327,0.20820137858390808,0.07272756844758987,0.976426899433136,0.2652537226676941,0.2407599836587906,0.18568745255470276,0.07785812765359879,0.06300271302461624,0.25178778171539307,0.3117852509021759,0.10344135761260986,0.24427343904972076,0.07744745165109634,0.04690812900662422,0.6090112924575806,0.04343877360224724,0.05445478856563568,0.32939812541007996,0.5435298681259155,0.3002529442310333,0.11782459169626236,0.1566932648420334,0.28241854906082153,0.06721751391887665,0.7408541440963745,0.12873868644237518,0.016838636249303818,0.02797539159655571,0.10408078879117966,0.2926155626773834,0.18259257078170776,0.09841231256723404,0.19233649969100952,0.06889140605926514,0.3707691431045532,0.1541798859834671,0.2022291123867035,0.29998016357421875,0.14625799655914307,0.1611967235803604
AL679,0.233333333,0.066666667,0.433333333,0.1,0.366666667,0.333333333,0.366666667,0.066666667,0.333333333,0.933333333,0.0,0.1,0.0,0.666666667,0.0,0.2,0.033333333,0.0,0.133333333,0.0,0.133333333,0.0,0.033333333,0.0,0.0,0.166666667,0.0,0.0,0.0,0.4,0.133333333,0.1,0.333333333,0.033333333,0.1,0.766666667,1.166666667,1.166666667,0.2,0.6,0.2,0.0,0.566666667,0.233333333,0.1,0.666666667,0.4,0.133333333,0.1,0.233333333,0.1,0.7532022595405579,0.048180896788835526,0.710179328918457,0.20671211183071136,0.3965064287185669,0.24159803986549377,0.3836911618709564,0.14312437176704407,0.490341454744339,0.09034432470798492,0.10792248696088791,0.12047531455755234,0.04166250675916672,0.8840099573135376,0.19668333232402802,0.22115932404994965,0.17476774752140045,0.09565522521734238,0.17035001516342163,0.3048033118247986,0.3496273458003998,0.11210741847753525,0.21909037232398987,0.07394064217805862,0.045118432492017746,0.21099235117435455,0.059342607855796814,0.060643356293439865,0.25079378485679626,0.4352705180644989,0.2395865023136139,0.17349368333816528,0.33155807852745056,0.2630113661289215,0.080348439514637,0.7846567034721375,0.13219773769378662,0.13160020112991333,0.07349525392055511,0.22249163687229156,0.22674334049224854,0.1345076709985733,0.14080555737018585,0.20010915398597717,0.17393946647644043,0.2739715278148651,0.18569107353687286,0.11919214576482773,0.2419746220111847,0.14371724426746368,0.1905980110168457
AL694,0.266666667,0.133333333,0.533333333,0.266666667,0.3,0.433333333,1.066666667,0.066666667,1.566666667,0.8,0.933333333,0.533333333,0.166666667,1.6,0.133333333,0.5,0.233333333,0.133333333,0.0,0.033333333,0.033333333,0.0,0.233333333,0.066666667,0.0,0.4,0.0,0.0,0.233333333,0.1,0.366666667,0.0,0.0,0.266666667,0.0,0.5,0.333333333,0.0,0.0,0.0,0.066666667,0.133333333,0.0,0.0,0.0,0.233333333,0.133333333,0.266666667,0.266666667,0.133333333,0.0,0.7256603240966797,0.1947948932647705,0.5173404216766357,0.14645467698574066,0.4184665381908417,0.21888257563114166,0.39134958386421204,0.1758463978767395,0.771502673625946,0.10650534927845001,0.17562852799892426,0.19219942390918732,0.06067116558551788,1.1337261199951172,0.25322309136390686,0.2354959398508072,0.18043749034404755,0.07052557170391083,0.07293247431516647,0.30541279911994934,0.3290869891643524,0.10181598365306854,0.24846044182777405,0.06827753037214279,0.048222292214632034,0.28439390659332275,0.035421133041381836,0.05287080630660057,0.08955465257167816,0.3129368722438812,0.1712624579668045,0.05099732428789139,0.10147418081760406,0.26164305210113525,0.06777261197566986,0.6942809224128723,0.13243873417377472,0.10188670456409454,0.01692589372396469,0.07571151852607727,0.20010943710803986,0.15425843000411987,0.08947571367025375,0.1939753293991089,0.09154889732599258,0.2860797941684723,0.15809345245361328,0.31921201944351196,0.2205890268087387,0.1445918083190918,0.1422903835773468
AL822,1.566666667,0.033333333,0.8,0.0,0.433333333,0.433333333,1.133333333,0.166666667,0.633333333,0.933333333,0.0,0.0,0.0,0.866666667,0.066666667,0.2,0.0,0.033333333,0.0,0.366666667,0.333333333,0.0,0.066666667,0.0,0.066666667,0.0,0.0,0.0,0.0,0.233333333,0.066666667,0.0,0.1,0.166666667,0.0,0.633333333,0.3,0.033333333,0.0,0.0,0.0,0.066666667,0.0,0.066666667,0.166666667,0.166666667,0.366666667,0.0,0.1,0.366666667,0.133333333,0.8137915730476379,0.15000523626804352,0.8352183103561401,0.18993902206420898,0.43931445479393005,0.2639140784740448,0.4974799156188965,0.18909485638141632,0.643481969833374,0.14728018641471863,0.11910932511091232,0.13286131620407104,0.05805196985602379,0.8755263090133667,0.20218916237354279,0.22462712228298187,0.16297921538352966,0.10041475296020508,0.06918878853321075,0.29118460416793823,0.5287584066390991,0.0813107118010521,0.24634480476379395,0.06998880952596664,0.04416986182332039,0.2652524709701538,0.024459434673190117,0.05632958188652992,0.19037018716335297,0.3951759338378906,0.2280365526676178,0.05621786043047905,0.1188012883067131,0.30445554852485657,0.0796467661857605,0.8213146924972534,0.13201254606246948,0.07387981563806534,0.013304242864251137,0.1154511347413063,0.21999673545360565,0.12781628966331482,0.10444653034210205,0.20202812552452087,0.14807575941085815,0.26752886176109314,0.21103785932064056,0.11560209840536118,0.24013492465019226,0.14371724426746368,0.18028928339481354
AL933,0.4,0.0,0.566666667,0.133333333,0.233333333,0.133333333,0.933333333,0.1,1.1,1.233333333,0.066666667,0.3,0.0,1.0,0.266666667,0.233333333,0.0,0.0,0.0,0.066666667,0.166666667,0.0,0.2,0.133333333,0.0,0.333333333,0.066666667,0.0,0.2,0.566666667,0.433333333,0.0,0.0,0.333333333,0.166666667,0.733333333,0.533333333,0.0,0.2,0.133333333,0.066666667,0.2,0.133333333,0.266666667,0.133333333,0.3,0.233333333,0.266666667,0.3,0.266666667,0.066666667,0.7590696811676025,0.5684564113616943,0.543533444404602,0.22119319438934326,0.3221108317375183,0.2215082198381424,0.5252546668052673,0.2073325663805008,0.7243267893791199,0.14938877522945404,0.1531461477279663,0.22158189117908478,0.0697343647480011,1.2487775087356567,0.18094153702259064,0.2374078780412674,0.1675911843776703,0.07501748204231262,0.05879107117652893,0.25151705741882324,0.2832161784172058,0.06764798611402512,0.22810617089271545,0.061409853398799896,0.043244101107120514,0.22588315606117249,0.03796669840812683,0.05173041671514511,0.27062052488327026,0.33656981587409973,0.2293258160352707,0.057752083986997604,0.10768813639879227,0.18135784566402435,0.05997886136174202,0.6736173629760742,0.12971365451812744,0.019553545862436295,0.017012588679790497,0.07277341932058334,0.18328380584716797,0.17248988151550293,0.11678256094455719,0.20095324516296387,0.13734224438667297,0.40461888909339905,0.15306705236434937,0.2866114675998688,0.2291724532842636,0.14371724426746368,0.16957436501979828
AL944,0.833333333,0.166666667,0.7,0.9,0.466666667,0.5,0.433333333,0.033333333,0.266666667,1.066666667,0.133333333,0.0,0.0,0.533333333,0.033333333,0.1,0.2,0.0,0.033333333,0.133333333,0.233333333,0.0,0.166666667,0.066666667,0.0,0.1,0.0,0.0,0.0,0.3,0.266666667,0.0,0.0,0.233333333,0.133333333,0.666666667,0.633333333,0.333333333,0.2,0.333333333,0.233333333,0.0,0.1,0.333333333,0.2,0.133333333,0.0,0.066666667,0.1,0.066666667,0.133333333,0.6430792212486267,0.1863597333431244,0.7554548978805542,0.31271424889564514,0.45669102668762207,0.27056390047073364,0.27482903003692627,0.1512083113193512,0.3269018232822418,0.0792536661028862,0.10482180118560791,0.08301368355751038,0.04056144878268242,0.6855530738830566,0.1893068253993988,0.21524566411972046,0.13833996653556824,0.08660346269607544,0.09894303232431412,0.2945796847343445,0.5940377712249756,0.11484835296869278,0.28831759095191956,0.0720832496881485,0.04448696970939636,0.19400756061077118,0.0547175332903862,0.06478217244148254,0.17524637281894684,0.4021540880203247,0.2536280155181885,0.232743501663208,0.18232926726341248,0.2973572909832001,0.09588999301195145,0.8381938934326172,0.1373097002506256,0.12393229454755783,0.062931589782238,0.29357409477233887,0.23862041532993317,0.13583800196647644,0.06841834634542465,0.1995728611946106,0.2026037871837616,0.200834721326828,0.1683342456817627,0.10659018158912659,0.24153737723827362,0.14371724426746368,0.1981498897075653
AL973,1.3,0.0,0.433333333,0.1,0.033333333,0.1,0.4,0.2,0.766666667,0.0,0.133333333,0.0,0.0,0.666666667,0.133333333,0.133333333,0.0,0.0,0.066666667,0.0,0.066666667,0.1,0.5,0.0,0.0,0.5,0.133333333,0.0,0.066666667,0.166666667,0.1,0.166666667,0.033333333,0.433333333,0.1,1.433333333,0.666666667,0.366666667,0.1,0.666666667,0.5,0.366666667,0.533333333,0.166666667,0.066666667,0.333333333,0.133333333,0.0,0.4,0.233333333,0.433333333,0.7427103519439697,0.10987215489149094,0.5010927319526672,0.15138041973114014,0.41922929883003235,0.2268354594707489,0.24531175196170807,0.15096570551395416,0.344612717628479,0.05655808374285698,0.10332272946834564,0.09136884659528732,0.040539659559726715,0.5074526071548462,0.19203589856624603,0.2299296110868454,0.17607733607292175,0.17656561732292175,0.18759608268737793,0.35466644167900085,0.48655200004577637,0.49267578125,0.2860983908176422,0.0709773600101471,0.04489149898290634,0.1686849147081375,0.027334775775671005,0.055271074175834656,0.05594437196850777,0.31083792448043823,0.23249638080596924,0.08616907894611359,0.11924191564321518,0.4927128255367279,0.1434774100780487,0.9222297072410583,0.30364108085632324,0.4360976219177246,0.012353113852441311,0.2096545547246933,0.393727570772171,0.20746861398220062,0.0786999985575676,0.2110995203256607,0.1886235624551773,0.3753795325756073,0.13917939364910126,0.2014838606119156,0.29884642362594604,0.14625799655914307,0.17363202571868896
AM414,0.766666667,0.0,1.533333333,0.333333333,1.033333333,0.866666667,0.866666667,0.266666667,0.633333333,0.4,0.433333333,0.0,0.166666667,0.866666667,0.066666667,0.166666667,0.233333333,0.0,0.033333333,0.0,0.0,0.0,0.0,0.0,0.0,0.0,0.0,0.0,0.0,0.2,0.433333333,0.066666667,0.333333333,0.4,0.033333333,0.833333333,0.133333333,0.0,0.1,0.066666667,0.033333333,0.066666667,0.133333333,0.033333333,0.5,0.733333333,0.166666667,0.333333333,0.0,0.133333333,0.433333333,0.42990171909332275,0.08597702533006668,0.710206151008606,0.2140115350484848,0.3780405819416046,0.2772948443889618,0.7216182351112366,0.2266004979610443,0.7673304080963135,0.17106860876083374,0.3016636073589325,0.2606028914451599,0.09691260010004044,1.2659149169921875,0.22324088215827942,0.24390900135040283,0.19158928096294403,0.08115003257989883,0.042953766882419586,0.22886577248573303,0.3502024710178375,0.050856661051511765,0.25278401374816895,0.06590142101049423,0.044005926698446274,0.14919036626815796,0.12097185105085373,0.057771939784288406,0.1567021757364273,0.4207538664340973,0.2514902651309967,0.25746360421180725,0.2974779009819031,0.2041981965303421,0.06421036273241043,0.4282931089401245,0.12867654860019684,0.04458664357662201,0.08072708547115326,0.3053990304470062,0.187728613615036,0.15955288708209991,0.07704377174377441,0.21692997217178345,0.1937781721353531,0.1914197951555252,0.05294368043541908,0.08989264816045761,0.1823170930147171,0.14371724426746368,0.15490473806858063
AM435,0.4,0.0,1.1,1.433333333,0.833333333,0.433333333,0.2,0.566666667,0.833333333,0.2,0.166666667,0.066666667,0.0,1.466666667,0.433333333,0.633333333,0.433333333,0.166666667,0.1,0.2,0.0,0.066666667,0.166666667,0.066666667,0.0,0.0,0.0,0.0,0.0,0.3,0.3,0.2,0.166666667,0.233333333,0.0,0.733333333,0.033333333,0.0,0.0,0.0,0.533333333,0.066666667,0.0,0.266666667,0.933333333,0.666666667,0.133333333,0.566666667,0.166666667,0.2,0.166666667,0.4484500288963318,0.07757536321878433,0.685799777507782,0.44843795895576477,0.5114162564277649,0.3291364908218384,0.6947844624519348,0.3975016474723816,0.8111402988433838,0.16422626376152039,0.26775839924812317,0.24228528141975403,0.1218472346663475,1.2633544206619263,0.2781080901622772,0.2626098096370697,0.21323734521865845,0.15016107261180878,0.07848711311817169,0.223454087972641,0.26048195362091064,0.08102642744779587,0.2124246209859848,0.06519337743520737,0.045668430626392365,0.12863689661026,0.03657105192542076,0.05295892059803009,0.09305631369352341,0.19146795570850372,0.17678064107894897,0.06131453067064285,0.12785272300243378,0.13145239651203156,0.04898499697446823,0.4455260634422302,0.12111282348632812,0.013715296052396297,0.02303892932832241,0.032435011118650436,0.23501503467559814,0.15080498158931732,0.07459396123886108,0.22574752569198608,0.27458906173706055,0.17428898811340332,0.04623613506555557,0.12007004767656326,0.1865271031856537,0.14371724426746368,0.08937989175319672
AM571,0.433333333,0.2,0.7,1.633333333,0.433333333,0.333333333,1.3,0.733333333,0.4,0.1,0.0,0.066666667,0.0,0.966666667,0.1,0.233333333,0.2,0.0,0.033333333,0.166666667,0.166666667,0.0,0.0,0.0,0.033333333,0.066666667,0.0,0.0,0.0,0.066666667,0.0,0.0,0.0,0.133333333,0.0,0.6,0.0,0.0,0.0,0.0,0.0,0.0,0.133333333,0.7,0.933333333,0.333333333,0.166666667,0.4,0.0,0.233333333,0.066666667,0.40072962641716003,0.07445374131202698,0.6424404382705688,0.40646710991859436,0.33690041303634644,0.28480276465415955,1.3790795803070068,0.7184492349624634,0.2263004630804062,0.09807928651571274,0.09656623005867004,0.12116999924182892,0.04821614921092987,0.8179097175598145,0.15345922112464905,0.23258733749389648,0.2058241218328476,0.07812561839818954,0.039870768785476685,0.253799706697464,0.31911787390708923,0.04468918591737747,0.2584923207759857,0.04883590713143349,0.04823259636759758,0.1288059651851654,0.03937137499451637,0.05263163894414902,0.041058674454689026,0.13781121373176575,0.12528400123119354,0.028790276497602463,0.046836789697408676,0.2095508575439453,0.05850975215435028,0.44010794162750244,0.1682211011648178,0.015346269123256207,0.009181594476103783,0.048160649836063385,0.17306029796600342,0.15069514513015747,0.1487787365913391,0.21486563980579376,0.23340068757534027,0.17684628069400787,0.11986972391605377,0.16838517785072327,0.16419950127601624,0.14371724426746368,0.1456637978553772
AN176,0.766666667,0.266666667,0.4,0.266666667,0.9,0.2,0.5,0.5,0.933333333,0.333333333,0.1,0.266666667,0.0,1.7,0.5,0.5,0.566666667,0.333333333,0.1,0.0,0.0,0.0,0.133333333,0.1,0.0,0.433333333,0.133333333,0.0,0.0,0.133333333,0.1,0.0,0.0,0.133333333,0.066666667,0.466666667,0.0,0.0,0.0,0.0,0.366666667,0.133333333,0.0,0.1,0.066666667,0.066666667,0.0,0.533333333,0.366666667,0.0,0.1,0.29636842012405396,0.14861223101615906,0.3717973530292511,0.3702234923839569,0.31955963373184204,0.1151989996433258,0.2514282166957855,0.2317713350057602,0.7489338517189026,0.08180803060531616,0.1338914930820465,0.16390392184257507,0.06217431649565697,1.3839502334594727,0.502997875213623,0.28065598011016846,0.22042962908744812,0.14219440519809723,0.20326875150203705,0.463612824678421,0.5728437900543213,0.15527847409248352,0.32626932859420776,0.19289594888687134,0.08649897575378418,0.17987456917762756,0.14204981923103333,0.11489040404558182,0.09749867022037506,0.3677884042263031,0.2295123189687729,0.15896481275558472,0.3491111397743225,0.1437843292951584,0.07626017928123474,0.4450593888759613,0.14921361207962036,0.053216397762298584,0.044881511479616165,0.061628829687833786,0.16024208068847656,0.1611616313457489,0.10307975113391876,0.24967491626739502,0.2520437240600586,0.5788203477859497,0.13797058165073395,0.4974745213985443,0.22330650687217712,0.1445918083190918,0.0997525155544281
AO060,0.5,0.0,0.833333333,0.1,1.166666667,0.433333333,0.2,0.366666667,0.266666667,0.033333333,0.0,0.0,0.0,0.6,0.266666667,0.2,0.4,0.3,0.066666667,0.433333333,0.8,0.0,0.733333333,0.0,0.0,0.066666667,0.0,0.0,0.0,0.266666667,0.133333333,0.066666667,0.0,0.933333333,0.0,1.366666667,0.233333333,0.0,0.033333333,0.366666667,0.333333333,0.266666667,0.0,0.3,0.2,0.166666667,0.233333333,0.2,0.733333333,0.733333333,0.0,0.4220578968524933,0.07171803712844849,0.655983567237854,0.24703633785247803,0.48893070220947266,0.3534446656703949,0.5046421885490417,0.3400728702545166,0.5362573862075806,0.06312897801399231,0.09494760632514954,0.13471542298793793,0.0610056109726429,1.0758483409881592,0.33668166399002075,0.27751851081848145,0.3526698052883148,0.1954755187034607,0.0867341011762619,0.3436477482318878,0.49853062629699707,0.09736042469739914,0.24396640062332153,0.059109799563884735,0.04608573392033577,0.17703144252300262,0.08832522481679916,0.052469391375780106,0.09626151621341705,0.22226767241954803,0.18989098072052002,0.050227291882038116,0.12311048060655594,0.29811570048332214,0.06445959210395813,0.6778896450996399,0.13516861200332642,0.012869326397776604,0.010016148909926414,0.07107912003993988,0.2798585295677185,0.17177920043468475,0.08796423673629761,0.2354154884815216,0.25816693902015686,0.2242363691329956,0.14062334597110748,0.2583787441253662,0.18251937627792358,0.14371724426746368,0.1627100557088852
AO074,0.633333333,0.0,0.8,0.566666667,0.5,0.233333333,0.433333333,0.566666667,0.533333333,0.066666667,0.1,0.233333333,0.0,1.0,0.266666667,0.2,0.133333333,0.033333333,0.066666667,1.2,1.933333333,0.133333333,1.066666667,0.0,0.066666667,0.066666667,0.133333333,0.066666667,0.166666667,0.2,0.0,0.0,0.0,0.433333333,0.0,0.966666667,0.166666667,0.0,0.0,0.133333333,0.1,0.066666667,0.0,0.366666667,0.1,0.033333333,0.2,0.0,0.1,0.166666667,0.0,0.2875269651412964,0.04607713595032692,0.49125346541404724,0.19266772270202637,0.44236356019973755,0.14456066489219666,0.3920666575431824,0.3939511775970459,0.42089617252349854,0.07441528886556625,0.154310941696167,0.1599346548318863,0.05624232441186905,1.2154574394226074,0.39646852016448975,0.30061376094818115,0.28846612572669983,0.21628861129283905,0.07335340976715088,0.44701850414276123,0.42454445362091064,0.07446882128715515,0.28694045543670654,0.13385656476020813,0.05172039940953255,0.15671533346176147,0.06563244014978409,0.08853518962860107,0.1334470510482788,0.14293281733989716,0.18824829161167145,0.06266424804925919,0.061440013349056244,0.27734455466270447,0.05993330106139183,0.656258225440979,0.13503679633140564,0.009758010506629944,0.010707350447773933,0.0478874035179615,0.2529178857803345,0.15074630081653595,0.0919470265507698,0.22991232573986053,0.23605725169181824,0.19739201664924622,0.07473164796829224,0.35879695415496826,0.1682336926460266,0.14371724426746368,0.09309113025665283
AO456,0.533333333,0.0,0.3,0.2,0.166666667,0.4,1.366666667,0.266666667,1.733333333,0.166666667,0.4,0.8,0.166666667,1.233333333,0.266666667,0.3,0.0,0.0,0.0,0.0,0.0,0.0,0.066666667,0.133333333,0.0,0.0,0.1,0.0,0.0,0.433333333,0.766666667,0.033333333,0.0,0.0,0.0,0.066666667,0.466666667,0.0,0.0,0.0,0.066666667,0.033333333,0.0,0.366666667,0.0,0.2,0.666666667,1.266666667,0.3,0.133333333,0.0,0.3591444492340088,0.16223202645778656,0.5419012308120728,0.20811861753463745,0.3646553158760071,0.1301213502883911,0.6649819016456604,0.2257174849510193,0.9862136840820312,0.12225668132305145,0.326395183801651,0.38400083780288696,0.1037246361374855,1.425034761428833,0.30583932995796204,0.2696785032749176,0.19746561348438263,0.06648463755846024,0.023071343079209328,0.20713287591934204,0.2311391681432724,0.03352896124124527,0.18781156837940216,0.10142023116350174,0.052449584007263184,0.1699201464653015,0.06499572843313217,0.06282069534063339,0.12785552442073822,0.2603117823600769,0.370991051197052,0.05628548562526703,0.05814748629927635,0.07578163594007492,0.05165892466902733,0.36659517884254456,0.12332816421985626,0.011338303796947002,0.011682536453008652,0.09792900085449219,0.07038561254739761,0.12139784544706345,0.08111241459846497,0.24117028713226318,0.22942589223384857,0.19347864389419556,0.057569827884435654,0.2166602611541748,0.23306941986083984,0.14371724426746368,0.07752940058708191
AO486,0.666666667,0.2,0.566666667,0.333333333,0.133333333,0.2,0.9,0.533333333,1.733333333,0.133333333,0.966666667,0.633333333,0.766666667,2.3,0.4,0.233333333,0.133333333,0.066666667,0.0,0.333333333,0.333333333,0.0,0.0,0.433333333,0.033333333,1.2,0.0,0.5,0.0,0.166666667,0.1,0.0,0.433333333,0.0,0.0,0.366666667,0.0,0.0,0.0,0.0,0.066666667,0.1,0.0,0.1,0.133333333,0.166666667,0.066666667,0.1,0.266666667,0.3,0.0,0.4982720911502838,0.03983824700117111,0.5221613049507141,0.17577819526195526,0.4141606092453003,0.21193353831768036,0.5687610507011414,0.37998467683792114,0.751021683216095,0.07041476666927338,0.31545060873031616,0.24030855298042297,0.1568102240562439,1.417231798171997,0.4303536117076874,0.2621253728866577,0.2571163773536682,0.1731940358877182,0.06067318469285965,0.3513769507408142,0.5194398760795593,0.07072640210390091,0.32610082626342773,0.21235015988349915,0.08115331828594208,0.8613159656524658,0.10526386648416519,0.1310901641845703,0.06244298815727234,0.15582992136478424,0.16540557146072388,0.06274252384901047,0.33385801315307617,0.20808260142803192,0.06773223727941513,0.5280033349990845,0.14570745825767517,0.0360591784119606,0.016732430085539818,0.057087067514657974,0.2670494019985199,0.16118985414505005,0.07065242528915405,0.24269209802150726,0.22312158346176147,0.15324653685092926,0.1697700321674347,0.10301705449819565,0.22938306629657745,0.14371724426746368,0.0880500003695488
AO762,0.2,0.0,0.233333333,0.233333333,0.233333333,0.166666667,0.6,0.566666667,0.433333333,0.2,0.2,0.166666667,0.0,1.3,0.4,0.566666667,0.733333333,0.1,0.066666667,0.1,0.166666667,0.0,0.1,0.0,0.0,0.166666667,0.1,0.0,0.0,0.133333333,0.166666667,0.0,0.0,0.133333333,0.0,0.233333333,0.533333333,0.0,0.0,0.0,0.2,0.233333333,0.0,0.2,0.166666667,0.566666667,0.333333333,2.1,0.233333333,0.2,0.033333333,0.42962321639060974,0.025167085230350494,0.42778560519218445,0.2929650843143463,0.3322395980358124,0.17959842085838318,0.32599011063575745,0.3629511296749115,0.4088515639305115,0.07070844620466232,0.11263486742973328,0.13422410190105438,0.0519128181040287,1.311077356338501,0.46033623814582825,0.29571714997291565,0.4335249662399292,0.22538532316684723,0.10459765046834946,0.452975332736969,0.46377599239349365,0.09937095642089844,0.32209840416908264,0.10053079575300217,0.054917171597480774,0.17028595507144928,0.05922883749008179,0.07381032407283783,0.040349263697862625,0.12899339199066162,0.14905811846256256,0.04616335406899452,0.022926809266209602,0.18153199553489685,0.04701885208487511,0.4938299059867859,0.16089113056659698,0.034645140171051025,0.0061228228732943535,0.039296481758356094,0.26283663511276245,0.18278853595256805,0.07864594459533691,0.26957282423973083,0.3364291787147522,0.40293145179748535,0.1600150465965271,0.8045873045921326,0.20001406967639923,0.1444977968931198,0.10087891668081284
AO865,0.8,0.0,1.066666667,0.5,0.766666667,0.466666667,2.0,0.633333333,0.6,0.166666667,0.2,0.4,0.166666667,1.5,0.366666667,0.4,0.6,0.0,0.133333333,0.066666667,0.3,0.0,0.0,0.066666667,0.0,0.066666667,0.066666667,0.0,0.0,0.233333333,0.566666667,0.0,0.066666667,0.533333333,0.0,0.4,0.033333333,0.0,0.0,0.1,0.1,0.466666667,0.033333333,0.433333333,0.2,0.066666667,0.266666667,0.3,0.333333333,0.333333333,0.066666667,0.2998645007610321,0.025334211066365242,0.4386131167411804,0.2410794347524643,0.4606155455112457,0.10265856981277466,0.4278772175312042,0.3726339638233185,0.48935389518737793,0.08736611902713776,0.17446662485599518,0.16612447798252106,0.06702688336372375,1.334270715713501,0.4332903027534485,0.2878198027610779,0.31030914187431335,0.15569444000720978,0.07145344465970993,0.31609398126602173,0.48903772234916687,0.1143627017736435,0.2231822907924652,0.1375751793384552,0.05263395980000496,0.16387635469436646,0.233011856675148,0.11928368359804153,0.36369389295578003,0.37444934248924255,0.27647942304611206,0.39703941345214844,0.27811768651008606,0.16673976182937622,0.08587584644556046,0.6148226261138916,0.1283322423696518,0.1224246397614479,0.08706517517566681,0.3745191693305969,0.18063758313655853,0.12131005525588989,0.0929778665304184,0.21894028782844543,0.24857990443706512,0.14148665964603424,0.07245591282844543,0.19050714373588562,0.2022119015455246,0.14371724426746368,0.08193740248680115
AP029,0.466666667,0.0,0.533333333,0.333333333,0.366666667,0.1,0.533333333,0.3,1.366666667,0.1,0.133333333,1.033333333,0.133333333,1.2,0.166666667,0.266666667,0.066666667,0.066666667,0.0,0.066666667,0.0,0.0,0.0,0.066666667,0.0,0.266666667,0.1,0.0,0.066666667,0.1,0.3,0.0,0.0,0.0,0.0,0.366666667,0.233333333,0.0,0.0,0.0,0.133333333,0.166666667,0.0,0.233333333,0.233333333,0.5,0.333333333,0.866666667,0.333333333,0.266666667,0.033333333,0.42159971594810486,0.14950025081634521,0.47192826867103577,0.2124173790216446,0.2754911482334137,0.10999026894569397,0.5290001630783081,0.2647838592529297,1.5747010707855225,0.14310866594314575,0.5793877840042114,0.594427227973938,0.13081632554531097,1.292101502418518,0.32879969477653503,0.2846081256866455,0.19936610758304596,0.0697382315993309,0.06809258460998535,0.2757340371608734,0.23326897621154785,0.06504126638174057,0.20670229196548462,0.08013346791267395,0.055224377661943436,0.16992515325546265,0.06945601850748062,0.09874589741230011,0.17688533663749695,0.32078903913497925,0.40856796503067017,0.09101935476064682,0.17644819617271423,0.09435053914785385,0.0586884468793869,0.40057501196861267,0.12417273223400116,0.03775215521454811,0.02050126902759075,0.12941420078277588,0.11048811674118042,0.11748799681663513,0.08772844821214676,0.2417360097169876,0.17201730608940125,0.2193799465894699,0.1661079376935959,0.21888405084609985,0.19471333920955658,0.14371724426746368,0.05668320506811142
AP067,0.1,0.0,0.3,0.266666667,0.5,0.066666667,0.533333333,0.166666667,0.533333333,0.0,0.1,0.333333333,0.0,1.9,0.6,0.766666667,3.366666667,0.166666667,0.4,0.466666667,0.266666667,0.0,0.333333333,0.066666667,0.033333333,0.266666667,0.0,0.066666667,0.0,0.066666667,0.066666667,0.0,0.066666667,0.0,0.0,0.433333333,0.166666667,0.0,0.0,0.0,0.166666667,0.133333333,0.0,0.266666667,0.4,0.1,0.133333333,0.5,0.2,0.0,0.0,0.3274253010749817,0.0436490960419178,0.45386120676994324,0.3764917850494385,0.31551212072372437,0.15639515221118927,0.3488037884235382,0.26398637890815735,0.6223009824752808,0.029797453433275223,0.13416312634944916,0.12855815887451172,0.047936443239450455,1.181355595588684,0.533219039440155,0.292269766330719,0.46307456493377686,0.19441190361976624,0.11607661843299866,0.38767334818840027,0.40767669677734375,0.1659238487482071,0.2875315546989441,0.05547218769788742,0.04688795655965805,0.15366524457931519,0.03737574815750122,0.055795859545469284,0.054189592599868774,0.22554060816764832,0.24247805774211884,0.08595747500658035,0.10894198715686798,0.22499720752239227,0.04681412875652313,0.5922353267669678,0.1379004269838333,0.019868573173880577,0.019662216305732727,0.060443174093961716,0.2548799216747284,0.15576498210430145,0.07381296157836914,0.2536066472530365,0.2456570863723755,0.17779426276683807,0.060683444142341614,0.2390763759613037,0.25460290908813477,0.14371724426746368,0.1306527853012085
AP145,0.366666667,0.0,0.4,1.9,0.533333333,0.433333333,0.666666667,0.4,1.0,0.2,0.066666667,0.0,0.066666667,1.933333333,0.6,0.566666667,0.5,0.166666667,0.0,0.033333333,0.133333333,0.0,0.066666667,0.066666667,0.1,0.466666667,0.133333333,0.0,0.0,0.033333333,0.033333333,0.033333333,0.1,0.233333333,0.066666667,0.133333333,0.1,0.0,0.0,0.033333333,0.433333333,0.433333333,0.166666667,0.266666667,1.066666667,0.3,0.266666667,0.4,0.433333333,0.2,0.033333333,0.34764400124549866,0.0764978751540184,0.4801940321922302,1.4076117277145386,0.3292551338672638,0.22667554020881653,0.359333872795105,0.28367945551872253,0.7523699402809143,0.07572156935930252,0.18858245015144348,0.3002682626247406,0.09241420775651932,1.166705846786499,0.40173768997192383,0.2635064423084259,0.15639875829219818,0.0962933599948883,0.027031823992729187,0.38783878087997437,0.45823076367378235,0.0316569060087204,0.21870660781860352,0.048248641192913055,0.044807951897382736,0.12101179361343384,0.0699344053864479,0.05385256186127663,0.0627361610531807,0.1952071189880371,0.2259177565574646,0.05357305333018303,0.09010607749223709,0.11003102362155914,0.03905821591615677,0.37402498722076416,0.13908886909484863,0.017338404431939125,0.015737634152173996,0.04923757165670395,0.21923048794269562,0.22312338650226593,0.07546890527009964,0.31480303406715393,0.5972455143928528,0.2578863799571991,0.08346737176179886,0.28284111618995667,0.19105000793933868,0.14371724426746368,0.08909747749567032
AP146,0.3,0.0,0.3,0.3,0.3,0.166666667,0.1,0.0,0.066666667,0.0,0.066666667,0.0,0.0,0.766666667,0.433333333,0.3,0.133333333,0.0,0.233333333,0.3,0.266666667,0.366666667,0.3,0.1,0.0,0.0,0.166666667,0.233333333,0.6,0.5,0.466666667,1.066666667,0.4,0.2,0.5,1.533333333,0.133333333,0.566666667,0.4,1.8,0.533333333,0.066666667,0.666666667,0.166666667,0.233333333,0.166666667,0.0,0.066666667,0.2,0.4,0.0,0.3086640238761902,0.006416849326342344,0.3811962306499481,0.2763475179672241,0.3043602406978607,0.1048661470413208,0.26545044779777527,0.2604984939098358,0.6983854174613953,0.011616943404078484,0.1293853521347046,0.19360725581645966,0.05760251358151436,1.198531150817871,0.3763463497161865,0.29589003324508667,0.3039415180683136,0.1994377225637436,0.06426133215427399,0.4846228361129761,0.3285185992717743,0.3231505751609802,0.2299831062555313,0.19404320418834686,0.04872780293226242,0.13413231074810028,0.2491803914308548,0.08350720256567001,0.4092860221862793,0.4703231155872345,0.31184250116348267,0.6122461557388306,0.2646527886390686,0.1620127558708191,0.15468640625476837,0.5439289212226868,0.13911671936511993,0.20185039937496185,0.22975656390190125,1.4649065732955933,0.1647769808769226,0.13436897099018097,0.10463247448205948,0.22559717297554016,0.1631074845790863,0.13493609428405762,0.08185232430696487,0.2049235701560974,0.21316339075565338,0.1445918083190918,0.09556281566619873
AP340,0.9,0.766666667,0.533333333,0.133333333,0.533333333,0.1,0.733333333,0.2,2.2,0.233333333,1.5,1.433333333,0.2,2.433333333,0.2,0.366666667,0.166666667,0.1,0.0,0.0,0.133333333,0.0,0.0,0.0,0.0,0.1,0.0,0.0,0.0,0.066666667,0.2,0.0,0.0,0.0,0.0,0.233333333,0.166666667,0.0,0.033333333,0.033333333,0.166666667,0.1,0.0,0.1,0.166666667,0.0,0.433333333,0.133333333,0.3,0.3,0.0,0.5481484532356262,0.4271341860294342,0.7801934480667114,0.22723035514354706,0.345895916223526,0.2650993764400482,0.747840166091919,0.21697011590003967,0.8260593414306641,0.15385141968727112,0.3563513159751892,0.29378440976142883,0.11459366232156754,1.172237515449524,0.23203052580356598,0.25926464796066284,0.22224481403827667,0.08536083996295929,0.04608868807554245,0.24756667017936707,0.40778201818466187,0.053359780460596085,0.2144017517566681,0.08798298239707947,0.04495028406381607,0.14664730429649353,0.062095388770103455,0.0799679085612297,0.18256105482578278,0.2487887740135193,0.2885766327381134,0.05949021875858307,0.2214425504207611,0.17511127889156342,0.08614316582679749,0.6847821474075317,0.12829121947288513,0.011075370945036411,0.013494383543729782,0.08301988244056702,0.14468012750148773,0.1439342200756073,0.08729171752929688,0.21339130401611328,0.19245904684066772,0.2581983804702759,0.12823975086212158,0.10373920202255249,0.21570098400115967,0.14371724426746368,0.11341613531112671
AP397,0.366666667,0.1,0.466666667,0.2,0.4,0.2,0.566666667,0.633333333,2.5,0.266666667,0.666666667,1.6,0.133333333,2.266666667,0.433333333,0.333333333,0.4,0.166666667,0.0,0.1,0.033333333,0.066666667,0.0,0.0,0.0,0.2,0.033333333,0.0,0.133333333,0.266666667,0.433333333,0.0,0.0,0.0,0.0,0.733333333,0.1,0.0,0.0,0.033333333,0.133333333,0.066666667,0.266666667,0.166666667,0.266666667,0.466666667,0.066666667,0.4,0.0,0.0,0.0,0.3010781407356262,0.06474853307008743,0.42351311445236206,0.2581833600997925,0.4861801862716675,0.10709436982870102,0.4455207288265228,0.41258105635643005,0.9321125745773315,0.16383351385593414,0.2393161654472351,0.25428181886672974,0.0694405809044838,1.5472930669784546,0.42004862427711487,0.29120147228240967,0.23773404955863953,0.1853853315114975,0.039298854768276215,0.22950688004493713,0.23817865550518036,0.08527059853076935,0.1991734355688095,0.12172631174325943,0.05921393260359764,0.17562882602214813,0.08382172882556915,0.06271712481975555,0.2777104675769806,0.17319004237651825,0.3156079351902008,0.07328219711780548,0.029598068445920944,0.12110372632741928,0.057537999004125595,0.5669211149215698,0.13147272169589996,0.009678739123046398,0.019800731912255287,0.06361346691846848,0.14556583762168884,0.1313924938440323,0.09160149842500687,0.2560689151287079,0.18193097412586212,0.1554139256477356,0.050074223428964615,0.29471662640571594,0.17413610219955444,0.14371724426746368,0.07263792306184769
AP399,1.133333333,0.0,1.2,0.0,0.533333333,0.066666667,0.233333333,0.033333333,0.366666667,0.1,0.1,0.066666667,0.0,0.6,0.266666667,0.266666667,0.4,0.033333333,0.133333333,0.633333333,0.533333333,0.533333333,0.633333333,0.466666667,0.0,0.4,0.0,0.1,0.266666667,0.733333333,0.7,0.133333333,0.866666667,0.466666667,0.3,0.766666667,0.2,0.0,0.0,0.0,0.2,0.366666667,0.233333333,0.2,0.133333333,0.6,0.233333333,0.233333333,0.233333333,0.066666667,0.2,0.4087924659252167,0.09346769750118256,0.5949553847312927,0.21011923253536224,0.325581431388855,0.0802866742014885,0.2740020751953125,0.19359463453292847,1.4012006521224976,0.10189872980117798,0.3707241117954254,0.5801454782485962,0.06655821204185486,1.5254780054092407,0.27948275208473206,0.2849791347980499,0.3273886442184448,0.17236819863319397,0.054484352469444275,0.30411750078201294,0.24544589221477509,0.11476319283246994,0.2102753221988678,0.09474033117294312,0.0514056496322155,0.21168503165245056,0.07455907016992569,0.09064897149801254,0.23761343955993652,0.5564987063407898,0.39655542373657227,0.12467597424983978,0.22121727466583252,0.19635359942913055,0.07438963651657104,0.5222494006156921,0.12962868809700012,0.04394345358014107,0.11320976912975311,0.28123876452445984,0.11311500519514084,0.12390051037073135,0.08559110015630722,0.24901871383190155,0.16982673108577728,0.36660847067832947,0.10920777171850204,0.3749644160270691,0.17918701469898224,0.14371724426746368,0.1245281919836998
AP431,0.133333333,0.0,0.266666667,0.433333333,0.066666667,0.066666667,0.3,0.233333333,3.166666667,0.0,0.7,2.366666667,0.233333333,2.566666667,0.566666667,0.266666667,0.1,0.0,0.0,0.233333333,0.4,0.266666667,0.2,0.066666667,0.0,0.033333333,0.0,0.0,0.0,0.333333333,0.266666667,0.233333333,1.033333333,0.066666667,0.0,0.333333333,0.166666667,0.0,0.1,0.1,0.233333333,0.266666667,0.066666667,0.133333333,0.3,0.233333333,0.066666667,0.233333333,0.233333333,0.0,0.166666667,0.2553977966308594,0.03950221836566925,0.3742836117744446,0.1753029227256775,0.2775889039039612,0.09432952851057053,0.36050519347190857,0.23657581210136414,1.128065824508667,0.10426247864961624,0.22596436738967896,0.28080758452415466,0.0533440001308918,1.1176899671554565,0.34381526708602905,0.2704433500766754,0.2313612550497055,0.10474211722612381,0.1353723555803299,0.3983002007007599,0.2665306329727173,0.3799872100353241,0.2331283688545227,0.10284837335348129,0.05219045281410217,0.20342102646827698,0.07328207045793533,0.07225450128316879,0.3248227834701538,0.45703017711639404,0.45327943563461304,0.4273677170276642,1.24386727809906,0.16739040613174438,0.061922915279865265,0.5044397115707397,0.1333860456943512,0.01624010130763054,0.028306150808930397,0.17190605401992798,0.1909443587064743,0.12925568222999573,0.08960551768541336,0.24749299883842468,0.18331141769886017,0.19047994911670685,0.07028589397668839,0.2018364518880844,0.20108862221240997,0.14371724426746368,0.08158670365810394
AP432,0.466666667,0.0,0.966666667,0.133333333,0.7,0.233333333,0.0,0.0,0.0,0.0,0.0,0.0,0.0,0.333333333,0.2,0.0,0.2,0.233333333,0.566666667,0.4,0.433333333,0.666666667,0.166666667,0.266666667,0.0,0.366666667,0.133333333,0.0,0.1,0.233333333,0.2,0.366666667,1.466666667,0.666666667,0.4,1.033333333,0.2,0.0,0.066666667,0.166666667,1.6,0.233333333,0.3,0.333333333,0.233333333,0.066666667,0.066666667,0.233333333,0.533333333,0.533333333,0.133333333,0.40484118461608887,0.09230225533246994,0.6259292364120483,0.33708199858665466,0.34319016337394714,0.21630823612213135,0.1281183511018753,0.20895306766033173,0.26128509640693665,0.019376719370484352,0.07873248308897018,0.08950953930616379,0.0433124415576458,0.8419371247291565,0.24043789505958557,0.2591743469238281,0.5151232481002808,0.20914727449417114,0.13469742238521576,0.4789801836013794,0.4090542495250702,0.36542952060699463,0.31393909454345703,0.06196017935872078,0.043784912675619125,0.15830913186073303,0.03042067214846611,0.054625801742076874,0.08757808804512024,0.2665765881538391,0.20160497725009918,0.13566051423549652,0.6663908958435059,0.34344011545181274,0.09408995509147644,0.6248036026954651,0.14500001072883606,0.014450092799961567,0.021695313975214958,0.07919567078351974,0.2999308705329895,0.14261355996131897,0.1022937074303627,0.2178918719291687,0.1778372824192047,0.1529955267906189,0.08789531141519547,0.18736979365348816,0.23422189056873322,0.14371724426746368,0.11029879003763199
AP524,0.233333333,0.066666667,0.366666667,0.5,0.233333333,0.133333333,0.466666667,0.9,0.4,0.0,0.066666667,0.133333333,0.1,1.133333333,0.466666667,0.333333333,0.5,0.066666667,0.133333333,0.4,0.366666667,0.5,0.133333333,0.3,0.0,0.233333333,0.133333333,0.166666667,0.0,0.4,0.5,0.466666667,1.6,0.166666667,0.0,0.833333333,0.166666667,0.233333333,0.133333333,0.3,0.733333333,0.1,0.5,0.233333333,0.166666667,0.366666667,0.066666667,0.0,0.633333333,0.0,0.0,0.4589788615703583,0.10790014266967773,0.41282710433006287,0.15569397807121277,0.31720879673957825,0.1246696412563324,0.1711491495370865,0.27074480056762695,0.6328256130218506,0.030978156253695488,0.16019456088542938,0.11076274514198303,0.05254671350121498,1.200995683670044,0.3310701847076416,0.26555413007736206,0.34008845686912537,0.2220616489648819,0.1336321234703064,0.41713300347328186,0.3405793011188507,0.3979794383049011,0.2187461256980896,0.1156826987862587,0.04605226591229439,0.14384616911411285,0.05119423568248749,0.05536086857318878,0.1574743241071701,0.32941630482673645,0.2947006821632385,0.2125249207019806,0.8930490612983704,0.18693652749061584,0.044574882835149765,0.5863580107688904,0.12109522521495819,0.10699589550495148,0.035563692450523376,0.1441110372543335,0.19754068553447723,0.18568620085716248,0.11195120960474014,0.22946301102638245,0.15771979093551636,0.13285228610038757,0.09939546883106232,0.19233199954032898,0.2154308706521988,0.14371724426746368,0.09427109360694885
AP563,1.333333333,0.9,0.7,0.366666667,0.333333333,0.266666667,0.733333333,0.333333333,1.433333333,0.033333333,0.966666667,0.233333333,0.3,1.9,0.5,0.466666667,0.166666667,0.0,0.0,0.166666667,0.466666667,0.066666667,0.0,0.066666667,0.0,0.133333333,0.133333333,0.0,0.0,0.066666667,0.066666667,0.0,0.0,0.066666667,0.0,0.533333333,0.0,0.0,0.0,0.0,0.366666667,0.166666667,0.233333333,0.133333333,0.2,0.0,0.1,0.066666667,0.466666667,0.266666667,0.066666667,0.5756564140319824,0.27361661195755005,0.5261245965957642,0.2949381172657013,0.46361368894577026,0.21480265259742737,0.5978164672851562,0.36148759722709656,0.7285550236701965,0.09390506893396378,0.16744579374790192,0.15891516208648682,0.07824242860078812,1.2020995616912842,0.3005874752998352,0.26585066318511963,0.27400147914886475,0.18521304428577423,0.07898519933223724,0.36238977313041687,0.4456930458545685,0.13514187932014465,0.22013291716575623,0.09917841106653214,0.048417218029499054,0.19185610115528107,0.08256113529205322,0.07134994119405746,0.2867203950881958,0.30563056468963623,0.28091689944267273,0.12961836159229279,0.056846801191568375,0.20513637363910675,0.07230611890554428,0.6884265542030334,0.12933632731437683,0.011684460565447807,0.041432321071624756,0.1781875044107437,0.2730797827243805,0.14467398822307587,0.10791213810443878,0.21919949352741241,0.17393796145915985,0.15014536678791046,0.08553759008646011,0.15489675104618073,0.23474064469337463,0.14371724426746368,0.0628899335861206
AP571,0.733333333,0.7,0.9,0.533333333,0.633333333,0.166666667,0.633333333,1.033333333,0.7,0.0,0.266666667,0.166666667,0.1,1.133333333,0.3,0.433333333,0.166666667,0.0,0.0,0.233333333,0.233333333,0.0,0.0,0.266666667,0.0,0.466666667,0.0,0.066666667,0.0,0.133333333,0.0,0.0,0.0,0.6,0.0,1.033333333,0.0,0.0,0.0,0.0,0.166666667,0.133333333,0.3,0.633333333,0.8,0.666666667,0.4,0.2,0.233333333,0.7,0.333333333,0.4651711881160736,0.28403058648109436,0.7196246981620789,0.17346258461475372,0.435425728559494,0.27887845039367676,0.40964534878730774,0.3083387315273285,0.2750762104988098,0.07481644302606583,0.10233508795499802,0.11376354098320007,0.04647887870669365,0.7030647993087769,0.1809166520833969,0.23757927119731903,0.38976386189460754,0.1546797901391983,0.046134449541568756,0.30943623185157776,0.45852386951446533,0.08253400772809982,0.257001668214798,0.1299165040254593,0.04460597410798073,0.11531975120306015,0.04775460809469223,0.09349048137664795,0.08227554708719254,0.18260182440280914,0.1616402566432953,0.03717817738652229,0.17060139775276184,0.26368004083633423,0.07095768302679062,0.5179300904273987,0.14469125866889954,0.014193406328558922,0.009355565533041954,0.03700212016701698,0.2737075090408325,0.14767827093601227,0.05671721324324608,0.2124064713716507,0.2182343304157257,0.2097804993391037,0.17122115194797516,0.13823765516281128,0.1651683896780014,0.14371724426746368,0.0793955996632576
AP591,0.8,1.533333333,0.533333333,0.233333333,0.6,0.166666667,0.866666667,0.6,1.833333333,0.066666667,0.266666667,0.766666667,0.3,1.7,0.166666667,0.166666667,0.0,0.0,0.0,0.3,0.366666667,0.166666667,0.1,0.066666667,0.066666667,0.266666667,0.166666667,0.033333333,0.0,0.266666667,0.1,0.0,0.166666667,0.1,0.066666667,0.166666667,0.0,0.0,0.066666667,0.0,0.233333333,0.2,0.133333333,0.3,0.1,0.1,0.166666667,0.066666667,0.466666667,0.3,0.066666667,0.5854820013046265,0.23394988477230072,0.627761721611023,0.2713720500469208,0.48517316579818726,0.23445072770118713,0.4860125184059143,0.36307695508003235,0.7931061387062073,0.08301626890897751,0.264438271522522,0.19765795767307281,0.07783193141222,1.1759341955184937,0.33372387290000916,0.2808767855167389,0.25775110721588135,0.19009925425052643,0.04842149466276169,0.36971938610076904,0.3601040542125702,0.08537907898426056,0.23998010158538818,0.09300351142883301,0.04755844548344612,0.1880488097667694,0.05259223282337189,0.07053986936807632,0.18736892938613892,0.20493392646312714,0.21345016360282898,0.05304853990674019,0.07968208193778992,0.34656524658203125,0.06316711753606796,0.7980971336364746,0.12659287452697754,0.009063571691513062,0.006532180123031139,0.05950681492686272,0.2579749524593353,0.14004670083522797,0.09289047867059708,0.2157154381275177,0.13211272656917572,0.17571547627449036,0.10412515699863434,0.16091704368591309,0.2419230341911316,0.14371724426746368,0.08526419848203659
AP691,0.6,0.333333333,0.233333333,0.6,0.433333333,0.166666667,0.466666667,0.4,1.133333333,0.466666667,0.4,0.833333333,0.433333333,2.2,0.866666667,0.3,0.166666667,0.166666667,0.2,0.266666667,0.6,0.233333333,0.0,0.7,0.3,1.666666667,0.2,0.4,0.0,0.066666667,0.166666667,0.0,0.0,0.0,0.0,0.366666667,0.2,0.0,0.0,0.0,0.2,0.266666667,0.1,0.233333333,0.666666667,0.2,0.2,0.133333333,0.233333333,0.0,0.0,0.3595322072505951,0.03960152715444565,0.45759981870651245,0.7655890583992004,0.43758484721183777,0.13427354395389557,0.3294737935066223,0.2668610215187073,0.6513890624046326,0.050307102501392365,0.17560051381587982,0.16274891793727875,0.07541403919458389,1.258515477180481,0.3153393268585205,0.26006627082824707,0.23397068679332733,0.09505783766508102,0.04624652862548828,0.4049129784107208,0.3824296295642853,0.06080061197280884,0.25490453839302063,0.08413635939359665,0.05709146708250046,0.44721734523773193,0.03182898089289665,0.06563445180654526,0.045555006712675095,0.1954004466533661,0.18117697536945343,0.05453372746706009,0.16973836719989777,0.14179855585098267,0.04678323492407799,0.5182835459709167,0.13063941895961761,0.015042264945805073,0.008099328726530075,0.029642201960086823,0.16828851401805878,0.13225328922271729,0.058195553719997406,0.22832952439785004,0.3296864330768585,0.09718352556228638,0.08605874329805374,0.10445564240217209,0.19644282758235931,0.14371724426746368,0.10402558743953705
AP734,0.6,0.033333333,0.833333333,0.266666667,0.7,0.266666667,1.066666667,0.233333333,0.1,0.0,0.0,0.0,0.0,0.766666667,0.333333333,0.2,0.3,0.266666667,0.066666667,0.533333333,0.566666667,0.066666667,0.266666667,0.066666667,0.0,0.266666667,0.0,0.2,0.0,0.3,0.066666667,0.066666667,0.433333333,0.433333333,0.133333333,1.033333333,0.0,0.0,0.0,0.0,0.7,0.333333333,0.566666667,0.133333333,0.433333333,0.166666667,0.5,0.4,0.466666667,0.433333333,0.0,0.4472196698188782,0.15273045003414154,0.6951906085014343,0.24690662324428558,0.43508708477020264,0.21892142295837402,0.6166620850563049,0.51638263463974,0.5390568375587463,0.03788963332772255,0.10426678508520126,0.11597730964422226,0.04638335108757019,0.9936163425445557,0.2356744408607483,0.2470788210630417,0.34279578924179077,0.1844969391822815,0.07954438030719757,0.38044777512550354,0.3581048846244812,0.179620623588562,0.22549305856227875,0.11253068596124649,0.04974743723869324,0.16061905026435852,0.047522589564323425,0.07923728227615356,0.08910325169563293,0.23631182312965393,0.19338226318359375,0.07886482775211334,0.3188370168209076,0.19516246020793915,0.07013098895549774,0.6108794212341309,0.13145270943641663,0.022914983332157135,0.021323923021554947,0.1067817211151123,0.32471367716789246,0.15859222412109375,0.08425547927618027,0.21577012538909912,0.22702357172966003,0.15555426478385925,0.15598107874393463,0.18647290766239166,0.1676243245601654,0.14371724426746368,0.09194905310869217
AP781,0.4,0.1,0.433333333,0.0,0.233333333,0.066666667,0.066666667,0.166666667,0.2,0.066666667,0.0,0.266666667,0.133333333,0.566666667,0.066666667,0.0,0.066666667,0.066666667,0.1,1.566666667,1.666666667,0.466666667,0.366666667,0.466666667,0.0,0.333333333,0.5,0.533333333,0.866666667,0.566666667,0.233333333,0.3,1.833333333,0.2,0.133333333,0.533333333,0.233333333,0.033333333,0.266666667,0.2,0.0,0.033333333,0.133333333,0.033333333,0.0,0.2,0.133333333,0.1,0.066666667,0.1,0.0,0.47919702529907227,0.09714823961257935,0.4490809142589569,0.06365469843149185,0.27907076478004456,0.15285877883434296,0.32862406969070435,0.15828855335712433,0.5454009771347046,0.10717938840389252,0.11359419673681259,0.12376364320516586,0.08246594667434692,0.7554921507835388,0.31206169724464417,0.2413250356912613,0.22217793762683868,0.12794288992881775,0.07895413786172867,0.45000144839286804,0.48120835423469543,0.32822921872138977,0.3091924786567688,0.12724648416042328,0.04273701459169388,0.7631657719612122,0.07926812022924423,0.0965699627995491,0.16504760086536407,0.3169378340244293,0.28707531094551086,0.19210979342460632,1.2035269737243652,0.22565068304538727,0.1210201308131218,0.5929341316223145,0.1304648220539093,0.021107468754053116,0.009259694255888462,0.09874086081981659,0.18606878817081451,0.13412782549858093,0.11087750643491745,0.19997403025627136,0.11004471778869629,0.2654620409011841,0.09997258335351944,0.15565340220928192,0.18378698825836182,0.14371724426746368,0.08821383118629456
AQ784,1.066666667,0.233333333,0.633333333,0.233333333,0.366666667,0.3,1.1,0.166666667,1.433333333,0.0,0.9,0.733333333,0.1,1.666666667,0.0,0.1,0.0,0.0,0.066666667,0.0,0.0,0.0,0.0,0.0,0.0,0.233333333,0.0,0.0,0.0,0.2,0.5,0.033333333,0.033333333,0.266666667,0.0,0.7,0.133333333,0.0,0.0,0.0,0.3,0.0,0.1,0.233333333,0.133333333,0.233333333,0.4,0.066666667,0.133333333,0.633333333,0.0,0.47437208890914917,0.43190914392471313,0.5238393545150757,0.21341949701309204,0.28082525730133057,0.1917957216501236,0.3517170250415802,0.14159098267555237,0.7250227332115173,0.2054719626903534,0.3370726704597473,0.19965307414531708,0.1003931537270546,0.6456710696220398,0.13020426034927368,0.23481138050556183,0.13502860069274902,0.13516531884670258,0.05366640165448189,0.41025814414024353,0.4184655547142029,0.10212142020463943,0.32968464493751526,0.10438819974660873,0.04613233730196953,0.08591059595346451,0.07575197517871857,0.057958174496889114,0.1543688029050827,0.18258044123649597,0.2936244308948517,0.08288411051034927,0.5593921542167664,0.2180631309747696,0.20014791190624237,0.37571659684181213,0.13881483674049377,0.01770530454814434,0.011998016387224197,0.06387313455343246,0.13018441200256348,0.14953824877738953,0.05033419281244278,0.22205351293087006,0.1327746957540512,0.21429574489593506,0.2924621105194092,0.2475271373987198,0.2510254383087158,0.14371724426746368,0.07226530462503433
AI142,0.142857143,0.0,0.857142857,0.0,0.25,0.357142857,1.464285714,0.178571429,0.535714286,0.25,0.0,0.214285714,0.178571429,1.178571429,0.214285714,0.107142857,0.214285714,0.107142857,0.178571429,0.678571429,0.821428571,0.035714286,1.0,0.0,0.107142857,0.25,0.0,0.25,0.178571429,0.142857143,0.0,0.0,0.0,0.285714286,0.0,0.285714286,0.107142857,0.0,0.0,0.0,0.071428571,0.107142857,0.142857143,0.178571429,0.0,0.0,0.142857143,0.107142857,0.071428571,0.392857143,0.071428571,0.4054510295391083,0.31064051389694214,0.6298030614852905,0.24558758735656738,0.5364670157432556,0.20885179936885834,0.6341903805732727,0.36210352182388306,1.0104296207427979,0.16682398319244385,0.2923952639102936,0.25293830037117004,0.11017774790525436,1.249274730682373,0.35619378089904785,0.28577256202697754,0.24454130232334137,0.139967679977417,0.041533131152391434,0.31771552562713623,0.6127163767814636,0.07541847974061966,0.24350883066654205,0.11380486935377121,0.0559128113090992,0.18081548810005188,0.08218666911125183,0.08836279064416885,0.16842402517795563,0.2080177217721939,0.2767464220523834,0.05268338695168495,0.07088767737150192,0.15036596357822418,0.0815834179520607,0.5457504987716675,0.12257858365774155,0.03870203718543053,0.01647331565618515,0.05673553794622421,0.18913394212722778,0.13117362558841705,0.08679012209177017,0.23414640128612518,0.18056009709835052,0.17500223219394684,0.10899557918310165,0.1716003268957138,0.22949784994125366,0.14371724426746368,0.06450625509023666
AI242,0.285714286,0.035714286,0.5,0.071428571,0.5,0.464285714,0.964285714,0.214285714,0.75,0.178571429,0.142857143,0.285714286,0.071428571,1.071428571,0.178571429,0.071428571,0.535714286,0.178571429,0.142857143,0.285714286,0.035714286,0.0,0.428571429,0.107142857,0.142857143,0.607142857,0.142857143,0.142857143,0.285714286,0.107142857,0.142857143,0.071428571,0.0,0.0,0.107142857,0.178571429,0.035714286,0.0,0.0,0.0,0.071428571,0.428571429,0.035714286,0.25,0.0,0.071428571,0.321428571,0.142857143,0.214285714,0.178571429,0.035714286,0.4054510295391083,0.31064051389694214,0.6298030614852905,0.24558758735656738,0.5364670157432556,0.20885179936885834,0.6341903805732727,0.36210352182388306,1.0104296207427979,0.16682398319244385,0.2923952639102936,0.25293830037117004,0.11017774790525436,1.249274730682373,0.35619378089904785,0.28577256202697754,0.24454130232334137,0.139967679977417,0.041533131152391434,0.31771552562713623,0.6127163767814636,0.07541847974061966,0.24350883066654205,0.11380486935377121,0.0559128113090992,0.18081548810005188,0.08218666911125183,0.08836279064416885,0.16842402517795563,0.2080177217721939,0.2767464220523834,0.05268338695168495,0.07088767737150192,0.15036596357822418,0.0815834179520607,0.5457504987716675,0.12257858365774155,0.03870203718543053,0.01647331565618515,0.05673553794622421,0.18913394212722778,0.13117362558841705,0.08679012209177017,0.23414640128612518,0.18056009709835052,0.17500223219394684,0.10899557918310165,0.1716003268957138,0.22949784994125366,0.14371724426746368,0.06450625509023666
AI347,0.172413793,0.0,0.586206897,0.068965517,0.275862069,0.448275862,1.275862069,0.068965517,1.586206897,0.517241379,0.137931034,0.413793103,0.172413793,1.137931034,0.172413793,0.275862069,0.068965517,0.0,0.0,0.137931034,0.137931034,0.0,0.137931034,0.068965517,0.206896552,0.310344828,0.0,0.0,0.172413793,0.172413793,0.310344828,0.0,0.0,0.0,0.034482759,0.206896552,0.0,0.0,0.034482759,0.0,0.137931034,0.310344828,0.0,0.24137931,0.034482759,0.172413793,0.310344828,0.206896552,0.275862069,0.172413793,0.0,0.4054510295391083,0.31064051389694214,0.6298030614852905,0.24558758735656738,0.5364670157432556,0.20885179936885834,0.6341903805732727,0.36210352182388306,1.0104296207427979,0.16682398319244385,0.2923952639102936,0.25293830037117004,0.11017774790525436,1.249274730682373,0.35619378089904785,0.28577256202697754,0.24454130232334137,0.139967679977417,0.041533131152391434,0.31771552562713623,0.6127163767814636,0.07541847974061966,0.24350883066654205,0.11380486935377121,0.0559128113090992,0.18081548810005188,0.08218666911125183,0.08836279064416885,0.16842402517795563,0.2080177217721939,0.2767464220523834,0.05268338695168495,0.07088767737150192,0.15036596357822418,0.0815834179520607,0.5457504987716675,0.12257858365774155,0.03870203718543053,0.01647331565618515,0.05673553794622421,0.18913394212722778,0.13117362558841705,0.08679012209177017,0.23414640128612518,0.18056009709835052,0.17500223219394684,0.10899557918310165,0.1716003268957138,0.22949784994125366,0.14371724426746368,0.06450625509023666
AI376,0.517241379,0.172413793,0.379310345,0.0,0.310344828,0.310344828,0.310344828,0.0,0.482758621,0.172413793,0.0,0.068965517,0.034482759,0.793103448,0.24137931,0.137931034,0.103448276,0.068965517,0.0,1.482758621,2.586206897,0.0,1.034482759,0.24137931,0.206896552,0.172413793,0.034482759,0.379310345,0.310344828,0.068965517,0.034482759,0.0,0.0,0.172413793,0.0,0.103448276,0.034482759,0.0,0.0,0.0,0.0,0.206896552,0.0,0.0,0.034482759,0.0,0.172413793,0.206896552,0.24137931,0.206896552,0.0,0.4054510295391083,0.31064051389694214,0.6298030614852905,0.24558758735656738,0.5364670157432556,0.20885179936885834,0.6341903805732727,0.36210352182388306,1.0104296207427979,0.16682398319244385,0.2923952639102936,0.25293830037117004,0.11017774790525436,1.249274730682373,0.35619378089904785,0.28577256202697754,0.24454130232334137,0.139967679977417,0.041533131152391434,0.31771552562713623,0.6127163767814636,0.07541847974061966,0.24350883066654205,0.11380486935377121,0.0559128113090992,0.18081548810005188,0.08218666911125183,0.08836279064416885,0.16842402517795563,0.2080177217721939,0.2767464220523834,0.05268338695168495,0.07088767737150192,0.15036596357822418,0.0815834179520607,0.5457504987716675,0.12257858365774155,0.03870203718543053,0.01647331565618515,0.05673553794622421,0.18913394212722778,0.13117362558841705,0.08679012209177017,0.23414640128612518,0.18056009709835052,0.17500223219394684,0.10899557918310165,0.1716003268957138,0.22949784994125366,0.14371724426746368,0.06450625509023666
AI780,0.142857143,0.0,0.178571429,0.0,0.321428571,0.178571429,0.464285714,0.0,0.928571429,0.392857143,0.0,0.142857143,0.0,1.357142857,0.321428571,0.25,0.357142857,0.107142857,0.0,1.285714286,2.285714286,0.071428571,0.535714286,0.0,0.142857143,0.321428571,0.107142857,0.678571429,0.142857143,0.178571429,0.0,0.0,0.0,0.178571429,0.0,0.214285714,0.035714286,0.0,0.0,0.0,0.142857143,0.0,0.0,0.035714286,0.0,0.0,0.0,0.107142857,0.178571429,0.0,0.0,0.4054510295391083,0.31064051389694214,0.6298030614852905,0.24558758735656738,0.5364670157432556,0.20885179936885834,0.6341903805732727,0.36210352182388306,1.0104296207427979,0.16682398319244385,0.2923952639102936,0.25293830037117004,0.11017774790525436,1.249274730682373,0.35619378089904785,0.28577256202697754,0.24454130232334137,0.139967679977417,0.041533131152391434,0.31771552562713623,0.6127163767814636,0.07541847974061966,0.24350883066654205,0.11380486935377121,0.0559128113090992,0.18081548810005188,0.08218666911125183,0.08836279064416885,0.16842402517795563,0.2080177217721939,0.2767464220523834,0.05268338695168495,0.07088767737150192,0.15036596357822418,0.0815834179520607,0.5457504987716675,0.12257858365774155,0.03870203718543053,0.01647331565618515,0.05673553794622421,0.18913394212722778,0.13117362558841705,0.08679012209177017,0.23414640128612518,0.18056009709835052,0.17500223219394684,0.10899557918310165,0.1716003268957138,0.22949784994125366,0.14371724426746368,0.06450625509023666
AC299,0.107142857,0.0,0.285714286,0.785714286,0.0,0.142857143,0.178571429,0.25,0.571428571,0.107142857,0.107142857,0.5,0.142857143,0.821428571,0.392857143,0.392857143,0.071428571,0.107142857,0.107142857,0.071428571,0.25,0.071428571,0.178571429,0.107142857,0.0,0.142857143,0.0,0.107142857,0.0,0.107142857,0.464285714,0.214285714,0.0,0.107142857,0.107142857,0.571428571,0.5,0.0,0.0,0.0,0.142857143,0.321428571,0.035714286,0.357142857,0.678571429,0.892857143,0.0,0.642857143,0.428571429,0.035714286,0.0,0.2736879289150238,0.05128547549247742,0.3995857834815979,0.6903074383735657,0.34248703718185425,0.11845878511667252,0.3575040400028229,0.2903905510902405,0.6210302710533142,0.07540705800056458,0.1804366111755371,0.389259397983551,0.06405112892389297,1.3444271087646484,0.486525297164917,0.2932908236980438,0.35306546092033386,0.1309594213962555,0.13713231682777405,0.4772633910179138,0.2886103093624115,0.05342826619744301,0.2613374590873718,0.09184988588094711,0.05097236484289169,0.13950541615486145,0.11707260459661484,0.07413659989833832,0.0834818184375763,0.17645303905010223,0.22251564264297485,0.09042871743440628,0.04249837249517441,0.12518256902694702,0.06265643239021301,0.43181005120277405,0.1267310380935669,0.021275870501995087,0.026630418375134468,0.07604268938302994,0.1778828650712967,0.21111974120140076,0.07615242898464203,0.2897714674472809,0.2962857782840729,0.08112645149230957,0.029273703694343567,0.1450028121471405,0.2577728033065796,0.14371724426746368,0.0977882668375969
AD315,1.0625,3.25,0.5625,0.25,0.5625,0.1875,0.125,0.0,0.3125,0.25,0.125,0.0625,0.0,0.375,0.0,0.0,0.0,0.0,0.0,0.0625,0.1875,0.125,0.0,0.1875,0.0,0.0,0.0,0.0,0.0,0.0,0.0,0.0,0.0,0.1875,0.0,0.1875,0.0,0.0,0.0,0.0,0.0,0.0,0.0,0.0,0.25,0.1875,0.0,0.0,0.125,0.375,0.0,0.691791296005249,2.2443418502807617,0.44347724318504333,0.19090011715888977,0.29672205448150635,0.10571181029081345,0.4414198398590088,0.17704711854457855,0.9434452652931213,0.17169491946697235,0.33128640055656433,0.3230946958065033,0.11501727253198624,1.168224573135376,0.11712563782930374,0.21494482457637787,0.14774131774902344,0.09376125037670135,0.025550497695803642,0.31115224957466125,0.19780556857585907,0.060957856476306915,0.1887274980545044,0.046885691583156586,0.045954324305057526,0.10168249160051346,0.034307464957237244,0.05750957503914833,0.12075759470462799,0.19552963972091675,0.24513386189937592,0.0962541401386261,0.11860182881355286,0.07167848944664001,0.05026165395975113,0.2604275643825531,0.12076462805271149,0.016614209860563278,0.00951846782118082,0.07576461881399155,0.07749444991350174,0.1606646627187729,0.044979747384786606,0.20092985033988953,0.2580834627151489,0.12872768938541412,0.08125250041484833,0.05044073984026909,0.16732856631278992,0.14371724426746368,0.07325005531311035
AD481,0.230769231,0.0,0.461538462,0.230769231,0.307692308,0.0,0.0,0.0,0.0,0.0,0.0,0.0,0.0,0.0,0.0,0.0,0.0,0.0,0.076923077,0.0,0.0,0.230769231,0.384615385,0.923076923,0.0,0.0,0.769230769,0.692307692,1.615384615,0.307692308,0.0,0.769230769,0.846153846,0.0,0.461538462,1.0,0.0,1.153846154,0.0,1.153846154,0.0,0.230769231,0.230769231,0.0,0.0,0.153846154,0.0,0.307692308,0.0,0.076923077,0.0,0.2956666946411133,0.04397385194897652,0.275108277797699,0.051999736577272415,0.29077738523483276,0.034897804260253906,0.13290007412433624,0.16069607436656952,0.5375063419342041,0.04630180075764656,0.15268555283546448,0.20837068557739258,0.05825316905975342,0.6318457722663879,0.21277424693107605,0.21500054001808167,0.14327329397201538,0.1915651559829712,0.140120729804039,0.4756462275981903,0.29105743765830994,0.3377591073513031,0.24298110604286194,0.6059524416923523,0.05277501046657562,0.10401902347803116,0.5825610756874084,0.1515980362892151,0.7147873640060425,0.4147937297821045,0.4196303188800812,0.6101970076560974,0.6309899687767029,0.1957264542579651,0.2918197810649872,0.33798491954803467,0.12650933861732483,0.6040285229682922,0.06761717051267624,0.898109495639801,0.08969467878341675,0.1281207799911499,0.10774695128202438,0.2302003800868988,0.08448249101638794,0.1259622722864151,0.02191196382045746,0.16200660169124603,0.19657789170742035,0.14683112502098083,0.09196268767118454
AD737,0.230769231,0.0,0.461538462,0.538461538,0.0,0.307692308,0.0,0.307692308,0.769230769,0.0,0.230769231,0.076923077,0.0,0.384615385,0.0,0.0,0.0,0.0,0.0,0.0,0.0,0.0,0.0,0.0,0.0,0.0,0.0,0.0,0.0,0.0,0.384615385,0.0,0.0,0.153846154,0.0,0.538461538,0.153846154,0.0,0.0,0.076923077,0.461538462,0.615384615,0.307692308,0.307692308,0.692307692,0.230769231,0.0,0.538461538,0.230769231,0.153846154,0.230769231,0.330603688955307,0.0448850616812706,0.4045109152793884,0.23137395083904266,0.2902390658855438,0.11527425050735474,0.23699088394641876,0.21920078992843628,0.7717782855033875,0.15845608711242676,0.20257987082004547,0.28290534019470215,0.05516386032104492,1.2073917388916016,0.3521111011505127,0.2545774579048157,0.23015820980072021,0.1125485971570015,0.04854793846607208,0.40218329429626465,0.22357092797756195,0.07889802008867264,0.20148983597755432,0.10681489109992981,0.05339723080396652,0.10143356025218964,0.09010690450668335,0.08971820771694183,0.10812167078256607,0.3209763765335083,0.3177996277809143,0.07827392965555191,0.22766973078250885,0.1045600026845932,0.056427232921123505,0.38080888986587524,0.1336880326271057,0.06685633957386017,0.005542587488889694,0.09888795018196106,0.09442441165447235,0.3446196913719177,0.08271849900484085,0.28494518995285034,0.15853548049926758,0.16330263018608093,0.18444669246673584,0.44926148653030396,0.19518999755382538,0.14371724426746368,0.0847877562046051
AE574,0.37037037,0.481481481,0.296296296,0.111111111,0.333333333,0.074074074,0.296296296,0.0,0.777777778,0.222222222,0.592592593,0.407407407,0.111111111,0.111111111,0.111111111,0.0,0.074074074,0.0,0.0,0.0,0.111111111,0.0,0.148148148,0.111111111,0.0,0.0,0.222222222,0.444444444,0.925925926,0.259259259,0.925925926,0.111111111,0.0,0.148148148,0.0,0.222222222,0.0,0.0,0.888888889,1.037037037,0.185185185,0.148148148,0.296296296,0.185185185,0.222222222,0.407407407,0.222222222,0.333333333,0.185185185,0.0,0.0,0.35584506392478943,0.24704119563102722,0.5432608127593994,0.27293577790260315,0.316952645778656,0.2903415262699127,0.5768498778343201,0.21702827513217926,1.4007573127746582,0.3051470220088959,0.673454225063324,0.7090935111045837,0.12232521921396255,1.0696171522140503,0.199476420879364,0.2665148675441742,0.1679186224937439,0.16336707770824432,0.045329492539167404,0.22497041523456573,0.21528702974319458,0.16602587699890137,0.19843709468841553,0.09681874513626099,0.05378571152687073,0.27511152625083923,0.1619584560394287,0.0904170498251915,0.3954610228538513,0.22217963635921478,0.4016265273094177,0.1423899382352829,0.24834825098514557,0.15268981456756592,0.08962207287549973,0.534784197807312,0.1356770396232605,0.0630846619606018,0.08933976292610168,0.26919499039649963,0.11972646415233612,0.13469868898391724,0.09092468023300171,0.2476438283920288,0.10799689590930939,0.2555190622806549,0.24820904433727264,0.20053574442863464,0.22899439930915833,0.14371724426746368,0.11097364127635956
AE715,0.642857143,0.071428571,0.535714286,0.607142857,0.25,0.678571429,0.25,0.071428571,0.0,0.107142857,0.0,0.0,0.0,0.321428571,0.0,0.0,0.035714286,0.0,0.0,0.0,0.0,0.0,0.0,0.0,0.0,0.0,0.0,0.0,0.0,0.0,0.0,0.0,0.0,0.785714286,0.0,0.428571429,0.535714286,0.0,0.0,0.142857143,0.071428571,0.285714286,0.071428571,1.607142857,1.642857143,1.357142857,0.892857143,0.821428571,0.0,0.178571429,0.464285714,0.3054097890853882,0.07893912494182587,0.44896987080574036,0.33261483907699585,0.3155338764190674,0.15473870933055878,0.49540817737579346,0.2817952334880829,0.49702125787734985,0.4213896691799164,0.174065962433815,0.23120343685150146,0.08167262375354767,0.9437203407287598,0.3522568345069885,0.3002041280269623,0.17131862044334412,0.1313857138156891,0.07799957692623138,0.17813396453857422,0.21234337985515594,0.06131783872842789,0.2107173502445221,0.1518128514289856,0.06491150707006454,0.13013100624084473,0.17000532150268555,0.14786165952682495,0.16995418071746826,0.11771794408559799,0.1792980134487152,0.11963443458080292,0.14952577650547028,0.13475339114665985,0.06962118297815323,0.3953797519207001,0.14512096345424652,0.021418869495391846,0.027910562232136726,0.10009390115737915,0.13087552785873413,0.20096497237682343,0.06889866292476654,0.24676263332366943,0.3574911653995514,0.3016967475414276,0.11782901734113693,0.4756551682949066,0.19515866041183472,0.14296074211597443,0.09007410705089569
AE809,0.678571429,0.071428571,0.178571429,0.0,0.178571429,0.071428571,0.0,0.071428571,0.107142857,0.178571429,0.0,0.107142857,0.0,0.428571429,0.142857143,0.142857143,0.0,0.0,0.071428571,1.035714286,1.714285714,0.142857143,0.75,0.214285714,0.142857143,0.0,0.142857143,0.071428571,0.0,0.142857143,0.0,0.285714286,0.142857143,0.642857143,0.535714286,0.357142857,0.142857143,0.0,0.0,0.107142857,0.0,0.214285714,0.142857143,0.0,0.0,0.107142857,0.0,0.0,0.321428571,0.071428571,0.035714286,0.5792645215988159,0.3138403594493866,0.39849409461021423,0.10634440183639526,0.3264319598674774,0.05350635573267937,0.13348767161369324,0.15526503324508667,0.3073539137840271,0.04385954514145851,0.08594611287117004,0.09142941236495972,0.04886018857359886,0.30170637369155884,0.20013639330863953,0.24059467017650604,0.18116463720798492,0.1987277716398239,0.21076449751853943,0.8546560406684875,1.1047340631484985,0.15794816613197327,0.4957437217235565,0.21120837330818176,0.05124595761299133,0.09208504110574722,0.13817967474460602,0.16023099422454834,0.11623527109622955,0.26016145944595337,0.20934581756591797,0.14492516219615936,0.255240797996521,0.4017420709133148,0.17464347183704376,0.4054184854030609,0.1555153876543045,0.09512841701507568,0.017734935507178307,0.11308016628026962,0.10140577703714371,0.28371256589889526,0.1622805893421173,0.22023558616638184,0.05205202102661133,0.2514125108718872,0.0605735220015049,0.16723331809043884,0.1724987030029297,0.1445748656988144,0.1027657762169838
AE911,0.555555556,0.074074074,0.62962963,0.37037037,0.259259259,0.407407407,0.37037037,0.0,0.0,0.111111111,0.148148148,0.0,0.222222222,0.592592593,0.0,0.0,0.0,0.0,0.0,0.0,0.0,0.0,0.0,0.0,0.0,0.0,0.0,0.0,0.0,0.185185185,0.222222222,0.111111111,0.037037037,0.296296296,0.0,0.814814815,0.62962963,0.0,0.0,0.0,0.37037037,0.296296296,0.0,1.666666667,1.481481481,1.37037037,0.777777778,1.222222222,0.333333333,0.148148148,0.37037037,0.2730763256549835,0.07567120343446732,0.48751556873321533,0.3766935467720032,0.3186866343021393,0.17850153148174286,0.46283817291259766,0.24008037149906158,0.46503642201423645,0.2086104452610016,0.14315873384475708,0.1260959655046463,0.08489374816417694,0.8047087788581848,0.2813842296600342,0.26695898175239563,0.2662423253059387,0.15124274790287018,0.04245173558592796,0.4169672131538391,0.6540880799293518,0.039772920310497284,0.35642534494400024,0.0797697901725769,0.0540822297334671,0.10108666121959686,0.09063778072595596,0.07767841964960098,0.0493982695043087,0.12251036614179611,0.16088180243968964,0.060551054775714874,0.024102039635181427,0.21440601348876953,0.048373859375715256,0.49788278341293335,0.1486467719078064,0.012866968289017677,0.014326938427984715,0.05945611745119095,0.10776412487030029,0.15204690396785736,0.06474440544843674,0.2188863456249237,0.252511203289032,0.19252349436283112,0.11222085356712341,0.31949514150619507,0.17252951860427856,0.1445918083190918,0.07876113057136536
AE942,0.740740741,0.074074074,0.296296296,0.074074074,0.111111111,0.444444444,0.296296296,0.333333333,0.0,0.148148148,0.0,0.0,0.0,0.259259259,0.0,0.0,0.0,0.0,0.0,0.0,0.0,0.0,0.0,0.0,0.0,0.0,0.0,0.0,0.0,0.111111111,0.148148148,0.074074074,0.0,0.851851852,0.185185185,0.518518519,1.037037037,0.111111111,0.0,0.111111111,0.111111111,0.259259259,0.111111111,1.62962963,0.666666667,1.185185185,0.888888889,0.925925926,0.518518519,0.037037037,0.333333333,0.3177345395088196,0.12261928617954254,0.4554106593132019,0.22019590437412262,0.30807024240493774,0.1965080052614212,0.4110661447048187,0.15206047892570496,0.4542939066886902,0.2613332271575928,0.1276353895664215,0.1559489667415619,0.07519903779029846,0.771911084651947,0.27779287099838257,0.2608931362628937,0.21796786785125732,0.21492210030555725,0.06842305511236191,0.40377873182296753,0.5044768452644348,0.06848163902759552,0.38201239705085754,0.09224295616149902,0.05775301903486252,0.10977134853601456,0.10827500373125076,0.08207953721284866,0.07702291011810303,0.17496852576732635,0.16953425109386444,0.09126108139753342,0.03208534047007561,0.23144330084323883,0.15214188396930695,0.442249059677124,0.1508929580450058,0.01813862845301628,0.02016124501824379,0.10766933858394623,0.10505414009094238,0.17954771220684052,0.05735676735639572,0.225555419921875,0.16796232759952545,0.3496990501880646,0.10451702028512955,0.39551466703414917,0.19373054802417755,0.14296074211597443,0.10610806941986084
AK436,0.0,0.133333333,0.333333333,0.2,0.166666667,0.533333333,0.4,0.333333333,1.033333333,3.433333333,0.466666667,0.433333333,0.0,1.866666667,0.133333333,0.233333333,0.133333333,0.133333333,0.1,0.0,0.233333333,0.0,0.0,0.1,0.0,0.2,0.066666667,0.0,0.0,0.566666667,0.0,0.0,0.0,0.0,0.0,0.066666667,0.1,0.0,0.0,0.0,0.0,0.066666667,0.0,0.433333333,0.366666667,0.0,0.133333333,0.1,0.0,0.0,0.266666667,0.40234512090682983,0.3940148949623108,0.5033422708511353,0.13416887819766998,0.3250722289085388,0.1890258640050888,0.5227136611938477,0.1901036500930786,0.7225034236907959,0.1451922059059143,0.2757055163383484,0.2661624252796173,0.0926935225725174,0.9876875281333923,0.21934132277965546,0.23864996433258057,0.14527660608291626,0.07916552573442459,0.17348073422908783,0.2564391791820526,0.2703726291656494,0.1039651483297348,0.22394077479839325,0.09417399764060974,0.05062606558203697,0.2274041771888733,0.24393481016159058,0.06313122808933258,0.1910391002893448,0.35732319951057434,0.20220570266246796,0.09732648730278015,0.22026687860488892,0.19348526000976562,0.05294380336999893,0.5713444352149963,0.1464456170797348,0.039231687784194946,0.049690913408994675,0.2782803773880005,0.22603535652160645,0.1472673863172531,0.12477762252092361,0.2218354493379593,0.181680366396904,0.276179701089859,0.10047845542430878,0.17976218461990356,0.23029376566410065,0.14371724426746368,0.14986108243465424
AK497,0.133333333,0.066666667,0.666666667,0.233333333,0.266666667,0.1,0.533333333,0.166666667,1.5,0.133333333,0.166666667,0.066666667,0.133333333,1.333333333,0.333333333,0.133333333,0.533333333,0.0,0.0,0.166666667,0.533333333,0.0,0.533333333,0.233333333,0.0,0.133333333,0.0,0.0,0.0,0.266666667,0.433333333,0.033333333,0.0,0.466666667,0.0,0.933333333,0.2,0.0,0.0,0.033333333,0.0,0.0,0.2,0.366666667,0.233333333,0.5,0.333333333,0.2,0.233333333,0.166666667,0.266666667,0.5821383595466614,0.2267387956380844,0.4473893940448761,0.06351864337921143,0.304529070854187,0.17589634656906128,0.32229819893836975,0.20414645969867706,0.5307541489601135,1.174640417098999,0.10334913432598114,0.12063572555780411,0.04586076736450195,1.3790613412857056,0.27047115564346313,0.2526540756225586,0.22388210892677307,0.07443276792764664,0.058963924646377563,0.26825711131095886,0.2948930263519287,0.05837508663535118,0.2618067264556885,0.06053292378783226,0.05848383530974388,0.17780199646949768,0.05732495337724686,0.05298474431037903,0.10385871678590775,0.3691380023956299,0.1931219846010208,0.08570178598165512,0.005315642338246107,0.19598540663719177,0.052048586308956146,0.5817071199417114,0.15944106876850128,0.013162548653781414,0.01598813757300377,0.10234566777944565,0.14091944694519043,0.16248120367527008,0.06629226356744766,0.2137000411748886,0.11019579321146011,0.5513794422149658,0.07394184917211533,0.5397092700004578,0.18574993312358856,0.1445918083190918,0.1538504958152771
AK502,0.633333333,0.233333333,0.3,0.0,0.1,0.3,0.433333333,0.266666667,1.4,2.166666667,0.4,0.3,0.0,1.9,0.1,0.233333333,0.333333333,0.0,0.0,0.0,0.0,0.0,0.1,0.0,0.033333333,0.166666667,0.0,0.0,0.0,1.1,0.4,0.1,0.3,0.0,0.0,0.033333333,0.2,0.0,0.0,0.0,0.0,0.233333333,0.0,0.2,0.233333333,0.833333333,0.2,0.066666667,0.0,0.1,0.3,0.4868895709514618,0.29917481541633606,0.39799052476882935,0.035271238535642624,0.295722633600235,0.11075511574745178,0.5343734622001648,0.2616235315799713,0.9021832346916199,0.1155506819486618,0.28875237703323364,0.3020840883255005,0.12092525511980057,1.1333928108215332,0.2913045585155487,0.24391977488994598,0.1575118899345398,0.06272989511489868,0.038120437413454056,0.24457275867462158,0.23583896458148956,0.14715610444545746,0.19516418874263763,0.16381986439228058,0.053793154656887054,0.18533985316753387,0.16922998428344727,0.06297735124826431,0.37716376781463623,0.5371541380882263,0.3120366036891937,0.21668939292430878,0.21095150709152222,0.10161066800355911,0.07586920261383057,0.587070107460022,0.1355171948671341,0.06175648421049118,0.12354538589715958,0.2706318497657776,0.1135600134730339,0.12311888486146927,0.10472026467323303,0.20962485671043396,0.1327686309814453,0.3085889220237732,0.12935280799865723,0.15750770270824432,0.2122860550880432,0.14371724426746368,0.1431877464056015
AK602,0.4,0.033333333,0.5,0.066666667,0.3,0.133333333,0.266666667,0.266666667,1.733333333,0.533333333,0.233333333,0.433333333,0.1,1.933333333,0.5,0.233333333,0.866666667,0.033333333,0.166666667,0.366666667,0.4,0.0,0.733333333,0.1,0.0,0.066666667,0.0,0.0,0.066666667,0.066666667,0.033333333,0.0,0.0,0.0,0.0,0.1,0.366666667,0.0,0.0,0.1,0.2,0.133333333,0.0,0.466666667,0.2,0.533333333,0.0,0.033333333,0.266666667,0.233333333,0.0,0.42936092615127563,0.1170034185051918,0.5066907405853271,0.4673216640949249,0.3296952247619629,0.248228520154953,0.3338848650455475,0.23491992056369781,0.3501668870449066,1.1551990509033203,0.10139358788728714,0.09873657673597336,0.04283178597688675,0.9478227496147156,0.26718395948410034,0.26025789976119995,0.25740715861320496,0.07945514470338821,0.05526497960090637,0.2702504098415375,0.29704713821411133,0.10759827494621277,0.2598535716533661,0.07928767800331116,0.0492984838783741,0.18101802468299866,0.05757817625999451,0.05565241724252701,0.05945515260100365,0.3272794187068939,0.2237587869167328,0.09946440905332565,0.058897580951452255,0.27286913990974426,0.05006483942270279,0.587575376033783,0.14847120642662048,0.028863288462162018,0.02579733543097973,0.10757993906736374,0.18552273511886597,0.17667114734649658,0.10688570886850357,0.2157537192106247,0.18953366577625275,0.37402307987213135,0.113657146692276,0.48376744985580444,0.22994787991046906,0.1445918083190918,0.15873809158802032
AK851,0.233333333,0.0,0.133333333,0.1,0.2,0.433333333,0.4,0.3,0.733333333,3.666666667,0.233333333,0.3,0.0,1.733333333,0.0,0.266666667,0.1,0.0,0.0,0.0,0.266666667,0.0,0.0,0.0,0.0,0.066666667,0.0,0.0,0.1,0.466666667,0.066666667,0.0,0.0,0.166666667,0.0,0.6,0.333333333,0.0,0.133333333,0.066666667,0.0,0.0,0.1,0.5,0.266666667,0.7,0.266666667,0.0,0.133333333,0.0,0.266666667,0.6239327192306519,0.16689954698085785,0.5018466114997864,0.2254566252231598,0.3089801073074341,0.23380166292190552,0.380614310503006,0.23932351171970367,0.5445425510406494,1.5630489587783813,0.12951789796352386,0.14633439481258392,0.052132245153188705,1.3223737478256226,0.272976815700531,0.26202523708343506,0.2227075845003128,0.06480881571769714,0.06902289390563965,0.2621997892856598,0.32065626978874207,0.0554669052362442,0.24168892204761505,0.059929199516773224,0.04855009913444519,0.1779240369796753,0.06020732969045639,0.052764784544706345,0.1988714039325714,0.38598665595054626,0.23026353120803833,0.0631144717335701,0.04511900246143341,0.20003847777843475,0.06408053636550903,0.7216516733169556,0.14995428919792175,0.016939979046583176,0.016036098822951317,0.10571824014186859,0.16597884893417358,0.1632033735513687,0.1075873076915741,0.20570561289787292,0.1708924025297165,0.37209582328796387,0.13902319967746735,0.4872792065143585,0.23062512278556824,0.1445918083190918,0.15619812905788422
AK852,0.3,0.0,0.433333333,0.233333333,0.333333333,0.533333333,0.533333333,0.333333333,0.966666667,2.833333333,0.466666667,0.566666667,0.0,1.866666667,0.233333333,0.3,0.2,0.0,0.0,0.0,0.0,0.0,0.0,0.066666667,0.033333333,0.066666667,0.0,0.0,0.0,0.633333333,0.533333333,0.033333333,0.0,0.0,0.0,0.133333333,0.0,0.0,0.0,0.0,0.0,0.0,0.0,0.233333333,0.0,0.6,0.1,0.733333333,0.0,0.0,0.166666667,0.49651139974594116,0.3542519211769104,0.4606536626815796,0.0056985775008797646,0.2765863835811615,0.1185520812869072,0.3998379409313202,0.2319890409708023,0.575142502784729,0.19344446063041687,0.24539031088352203,0.1647072434425354,0.06758221983909607,0.9476900100708008,0.2072300761938095,0.2425975650548935,0.14709198474884033,0.07485441863536835,0.04428474232554436,0.25800690054893494,0.2938007116317749,0.11340834945440292,0.22197754681110382,0.14562398195266724,0.049561724066734314,0.2524838149547577,0.1948661357164383,0.062488947063684464,0.27180761098861694,0.45825454592704773,0.24099434912204742,0.13518133759498596,0.1649588644504547,0.19687815010547638,0.08271835744380951,0.5732746124267578,0.1509103924036026,0.07894209772348404,0.0868694931268692,0.3289320468902588,0.14388687908649445,0.12750309705734253,0.09563475102186203,0.2031758427619934,0.06491915881633759,0.31676334142684937,0.12427087873220444,0.17498604953289032,0.22476214170455933,0.14371724426746368,0.1441117227077484
AL100,1.233333333,0.0,0.233333333,0.066666667,0.3,0.2,0.266666667,0.033333333,0.433333333,0.1,0.0,0.0,0.0,0.7,0.366666667,0.333333333,0.3,0.033333333,0.033333333,0.166666667,0.0,0.066666667,0.266666667,0.266666667,0.1,0.6,0.166666667,0.0,0.8,0.966666667,0.133333333,0.1,0.0,0.433333333,0.166666667,1.5,0.2,0.266666667,0.133333333,0.133333333,0.1,0.0,0.866666667,0.266666667,0.066666667,0.5,0.333333333,0.2,0.0,0.0,0.033333333,0.6981925368309021,0.1328744888305664,0.6387621760368347,0.21428309381008148,0.39265647530555725,0.22243574261665344,0.42969581484794617,0.17727982997894287,0.4694328308105469,0.2785777151584625,0.10383733361959457,0.11963684111833572,0.048186302185058594,0.8283716440200806,0.20737087726593018,0.2266920506954193,0.20471276342868805,0.11244865506887436,0.09307274222373962,0.3056848645210266,0.4649216830730438,0.14316315948963165,0.29048752784729004,0.07238072901964188,0.04539257287979126,0.66681307554245,0.04258277267217636,0.05663064867258072,0.23599368333816528,0.35828179121017456,0.238583505153656,0.09904690086841583,0.11516829580068588,0.395616739988327,0.09758353233337402,0.8506959676742554,0.13415734469890594,0.17562349140644073,0.017267251387238503,0.17055587470531464,0.3359309434890747,0.14472270011901855,0.13336586952209473,0.21102704107761383,0.19023950397968292,0.27452415227890015,0.14859478175640106,0.22669729590415955,0.2813465893268585,0.14625799655914307,0.17437812685966492
AL426,0.366666667,0.0,0.233333333,0.0,0.833333333,0.2,0.233333333,0.0,0.133333333,0.1,0.0,0.033333333,0.0,0.2,0.233333333,0.066666667,0.266666667,0.033333333,0.266666667,0.933333333,1.7,0.0,0.833333333,0.0,0.0,0.366666667,0.0,0.066666667,0.0,0.0,0.0,0.0,0.033333333,0.766666667,0.1,0.966666667,0.0,0.0,0.0,0.0,0.433333333,0.4,0.0,0.0,0.133333333,0.233333333,0.533333333,0.0,0.533333333,0.166666667,0.366666667,0.44037938117980957,0.07596664875745773,0.4223348796367645,0.19986788928508759,0.43327391147613525,0.19835948944091797,0.25811365246772766,0.20363327860832214,0.30197542905807495,0.0664767399430275,0.0824209600687027,0.07407396286725998,0.0379021093249321,0.42509913444519043,0.21079397201538086,0.21574756503105164,0.16728220880031586,0.13113537430763245,0.19783571362495422,0.6740320324897766,0.7588256597518921,0.07335402071475983,0.37943828105926514,0.07020702958106995,0.05083385109901428,0.21468545496463776,0.03832016512751579,0.07707595080137253,0.1549476832151413,0.2011367827653885,0.19455017149448395,0.07987425476312637,0.06028490886092186,0.4577047526836395,0.16369153559207916,0.8860498070716858,0.2265274077653885,0.1491096466779709,0.026867708191275597,0.1013985276222229,0.4461967945098877,0.17724424600601196,0.07614724338054657,0.20604397356510162,0.08337517827749252,0.2099001407623291,0.1700541377067566,0.17847029864788055,0.27676501870155334,0.1445748656988144,0.1953510344028473
AL541,0.6,0.0,0.733333333,1.466666667,0.633333333,0.1,0.566666667,0.0,0.533333333,0.066666667,0.066666667,0.0,0.0,1.833333333,0.5,0.466666667,0.7,0.0,0.0,0.1,0.0,0.0,0.066666667,0.0,0.133333333,0.1,0.066666667,0.0,0.066666667,0.166666667,0.3,0.0,0.0,0.4,0.0,0.8,0.166666667,0.033333333,0.1,0.133333333,0.1,0.033333333,0.233333333,0.066666667,0.533333333,0.0,0.2,0.033333333,0.066666667,0.2,0.1,0.5032906532287598,0.11911538243293762,0.5135430097579956,0.27206864953041077,0.32740354537963867,0.21793141961097717,0.2929094731807709,0.18540038168430328,0.6795343160629272,0.07969142496585846,0.11396043002605438,0.18858814239501953,0.051592160016298294,1.05032217502594,0.2855457663536072,0.2414242923259735,0.2667124569416046,0.15019577741622925,0.15278859436511993,0.3651178777217865,0.3867257833480835,0.08345594257116318,0.27652761340141296,0.06256985664367676,0.045961540192365646,0.14315298199653625,0.07952585816383362,0.05697016417980194,0.11153499782085419,0.3529827296733856,0.22590559720993042,0.14730946719646454,0.12351157516241074,0.24069438874721527,0.06888613104820251,0.8359203338623047,0.14144131541252136,0.2100297510623932,0.12072533369064331,0.22734297811985016,0.2300664633512497,0.16498997807502747,0.08584942668676376,0.21079133450984955,0.17681580781936646,0.3538779318332672,0.16032855212688446,0.3432914614677429,0.2452387511730194,0.14371724426746368,0.1676843762397766
AL657,0.933333333,0.133333333,0.333333333,0.433333333,0.266666667,0.133333333,0.833333333,0.333333333,2.0,0.266666667,0.9,0.433333333,0.233333333,2.066666667,0.266666667,0.4,0.166666667,0.0,0.0,0.066666667,0.066666667,0.166666667,0.233333333,0.066666667,0.033333333,0.266666667,0.0,0.0,0.166666667,0.133333333,0.3,0.0,0.066666667,0.166666667,0.0,0.133333333,0.0,0.0,0.0,0.1,0.0,0.233333333,0.066666667,0.0,0.1,0.366666667,0.0,0.5,0.2,0.0,0.066666667,0.5753139853477478,0.11878060549497604,0.799701452255249,0.5143439173698425,0.43507087230682373,0.30988338589668274,0.26619136333465576,0.18147441744804382,0.2841322124004364,0.07692531496286392,0.09206898510456085,0.08819949626922607,0.0429527722299099,0.6503210663795471,0.18219317495822906,0.2274678349494934,0.17901404201984406,0.08961346745491028,0.08935436606407166,0.30762043595314026,0.38724860548973083,0.06488653272390366,0.25312256813049316,0.05862541124224663,0.04334050044417381,0.17930664122104645,0.019643833860754967,0.05123630538582802,0.040974996984004974,0.2827415466308594,0.1698497086763382,0.0520816408097744,0.08939893543720245,0.3605976104736328,0.10904944688081741,0.7611921429634094,0.1366279423236847,0.12194473296403885,0.009289869107306004,0.06184511259198189,0.2433495670557022,0.16065441071987152,0.05582564324140549,0.2062191367149353,0.18222936987876892,0.1919417530298233,0.15745611488819122,0.16740332543849945,0.26707109808921814,0.14371724426746368,0.19952499866485596
AL860,1.166666667,0.1,0.833333333,0.233333333,0.6,0.233333333,0.433333333,0.0,0.5,0.3,0.133333333,0.066666667,0.0,0.733333333,0.066666667,0.1,0.2,0.0,0.0,0.0,0.166666667,0.0,0.066666667,0.0,0.0,0.1,0.0,0.0,0.0,0.066666667,0.266666667,0.0,0.0,0.366666667,0.1,0.8,0.1,0.133333333,0.066666667,0.033333333,0.733333333,0.066666667,0.0,0.033333333,0.133333333,0.133333333,0.8,0.0,1.033333333,0.2,0.166666667,0.7463001608848572,0.10617873817682266,0.5920769572257996,0.20452880859375,0.4170510470867157,0.22192950546741486,0.3299267888069153,0.17208164930343628,0.34213459491729736,0.03800201416015625,0.10531289875507355,0.1331637054681778,0.041523467749357224,0.566802978515625,0.15364499390125275,0.22376900911331177,0.2065374106168747,0.15240202844142914,0.16206452250480652,0.3214189410209656,0.6505827307701111,0.10267689824104309,0.34773239493370056,0.08829186856746674,0.0453854575753212,0.16195230185985565,0.019963743165135384,0.05070566013455391,0.05518883839249611,0.30915501713752747,0.23043592274188995,0.05542156845331192,0.14881069958209991,0.4107997715473175,0.17649438977241516,0.8311707973480225,0.2084694355726242,0.25173261761665344,0.019552942365407944,0.15433481335639954,0.39768126606941223,0.2277359664440155,0.09031369537115097,0.2100871205329895,0.16018423438072205,0.2761785686016083,0.14529000222682953,0.1369066685438156,0.2933560013771057,0.1468765139579773,0.17217491567134857
AM082,0.2,0.0,0.233333333,0.1,0.666666667,0.1,0.4,0.3,1.566666667,0.266666667,0.233333333,0.666666667,0.0,1.233333333,0.266666667,0.266666667,0.266666667,0.0,0.133333333,0.366666667,0.533333333,0.0,0.333333333,0.066666667,0.133333333,0.066666667,0.066666667,0.0,0.266666667,0.1,0.6,0.0,0.0,0.3,0.0,0.266666667,0.0,0.0,0.0,0.0,0.3,0.166666667,0.0,0.5,0.633333333,0.2,0.233333333,0.4,0.0,0.0,0.133333333,0.32861968874931335,0.08506441861391068,0.43040382862091064,0.09559860825538635,0.32626795768737793,0.10748095065355301,0.36871975660324097,0.21288612484931946,0.7990178465843201,0.14122015237808228,0.22780394554138184,0.2729392349720001,0.05075851455330849,1.3349859714508057,0.36781856417655945,0.3163094222545624,0.1885107457637787,0.06687700003385544,0.04681842774152756,0.23262172937393188,0.292582631111145,0.050506312400102615,0.23470592498779297,0.07353348284959793,0.05311470851302147,0.18904979526996613,0.09769069403409958,0.052764784544706345,0.21167458593845367,0.2955276370048523,0.27568480372428894,0.059895798563957214,0.014694434590637684,0.15862448513507843,0.04048458859324455,0.5686967372894287,0.16183803975582123,0.02087065950036049,0.016264626756310463,0.09923241287469864,0.13602709770202637,0.15311299264431,0.09664524346590042,0.2442403882741928,0.19004082679748535,0.28725022077560425,0.09344664961099625,0.44507575035095215,0.18171724677085876,0.1445918083190918,0.12978507578372955
AM810,0.633333333,0.0,0.266666667,0.266666667,0.4,0.6,1.233333333,0.7,0.533333333,0.2,0.1,0.066666667,0.1,1.6,0.166666667,0.6,0.0,0.066666667,0.0,0.0,0.0,0.0,0.0,0.0,0.866666667,1.233333333,0.0,0.0,0.0,0.0,0.0,0.0,0.0,0.3,0.0,0.233333333,0.0,0.0,0.0,0.0,0.0,0.0,0.133333333,0.5,0.666666667,0.2,0.2,0.066666667,0.0,0.2,0.133333333,0.30032309889793396,0.13803108036518097,0.5056740641593933,0.1288882941007614,0.40532514452934265,0.21509787440299988,1.3391305208206177,0.6510586142539978,0.41345274448394775,0.16177256405353546,0.20868408679962158,0.1709403097629547,0.10483679920434952,1.138176679611206,0.3225844204425812,0.2575063705444336,0.23280873894691467,0.1547664850950241,0.0980190634727478,0.18293581902980804,0.18508322536945343,0.09740767627954483,0.18937164545059204,0.13972607254981995,0.07416906952857971,0.5511108636856079,0.06413961946964264,0.05873551219701767,0.054806970059871674,0.13077792525291443,0.08707141876220703,0.05063128098845482,0.022348085418343544,0.07460328191518784,0.043702349066734314,0.3967929184436798,0.1350751519203186,0.013567793183028698,0.00616547092795372,0.028761476278305054,0.2106865793466568,0.18510234355926514,0.11678962409496307,0.2515830993652344,0.18373483419418335,0.1940266340970993,0.18969076871871948,0.24223162233829498,0.2058914452791214,0.14371724426746368,0.133899986743927
AN268,0.633333333,0.1,0.633333333,0.3,0.333333333,0.166666667,0.033333333,0.4,0.266666667,0.0,0.0,0.1,0.0,1.066666667,0.466666667,0.233333333,0.4,0.3,0.166666667,1.333333333,1.966666667,0.1,1.166666667,0.066666667,0.0,0.166666667,0.1,0.133333333,0.233333333,0.066666667,0.033333333,0.0,0.0,0.533333333,0.1,1.3,0.0,0.0,0.0,0.033333333,0.066666667,0.166666667,0.0,0.066666667,0.166666667,0.066666667,0.0,0.166666667,0.2,0.2,0.166666667,0.2967953085899353,0.016352515667676926,0.3859093487262726,0.22681322693824768,0.31813549995422363,0.1804264634847641,0.3300924301147461,0.3537716567516327,0.46048927307128906,0.06125737354159355,0.15506570041179657,0.15715864300727844,0.06489300727844238,1.3900271654129028,0.4951019883155823,0.3072590231895447,0.30720457434654236,0.15211142599582672,0.08243033289909363,0.44943732023239136,0.5760389566421509,0.22683387994766235,0.25436529517173767,0.17068953812122345,0.05361165106296539,0.19094941020011902,0.38249120116233826,0.10649890452623367,0.30422666668891907,0.4300748407840729,0.25557583570480347,0.42166659235954285,0.22832204401493073,0.1418313831090927,0.06451095640659332,0.4963098466396332,0.15491127967834473,0.10401652753353119,0.11874263733625412,0.4764494001865387,0.1872456818819046,0.1327485740184784,0.0935375764966011,0.2539312541484833,0.19766275584697723,0.1594925969839096,0.044131677597761154,0.3011854588985443,0.21937379240989685,0.14371724426746368,0.08712968975305557
AO235,0.333333333,0.133333333,0.233333333,0.533333333,0.6,0.5,0.566666667,0.6,1.5,0.0,0.3,0.233333333,0.3,1.766666667,0.366666667,0.5,0.366666667,0.133333333,0.033333333,0.066666667,0.166666667,0.166666667,0.066666667,0.033333333,0.0,0.066666667,0.033333333,0.0,0.0,0.133333333,0.0,0.033333333,0.0,0.133333333,0.066666667,0.366666667,0.266666667,0.0,0.0,0.066666667,0.333333333,0.3,0.033333333,0.133333333,0.1,0.0,0.0,0.0,0.766666667,0.133333333,0.0,0.36283478140830994,0.09789124876260757,0.5325396060943604,0.16377831995487213,0.4236330986022949,0.12226426601409912,0.5294143557548523,0.35463032126426697,0.47882434725761414,0.06684412807226181,0.18652990460395813,0.19195333123207092,0.08806753158569336,1.2954703569412231,0.32077473402023315,0.27974289655685425,0.30791956186294556,0.14019203186035156,0.09264902770519257,0.2574830949306488,0.2561015486717224,0.09127821028232574,0.22723376750946045,0.09218372404575348,0.04365551099181175,0.13679641485214233,0.04475158080458641,0.05822570249438286,0.10569778829813004,0.21622811257839203,0.22016207873821259,0.050776563584804535,0.10565061867237091,0.15992072224617004,0.050663866102695465,0.5619878768920898,0.12344654649496078,0.011435085907578468,0.014398734085261822,0.0815374031662941,0.22206789255142212,0.1358700692653656,0.08770632743835449,0.2324385792016983,0.12179554998874664,0.0965869203209877,0.07365389913320541,0.11902283877134323,0.17061513662338257,0.14371724426746368,0.09920918941497803
AO882,0.233333333,0.0,0.433333333,0.166666667,0.3,0.0,0.533333333,0.433333333,0.433333333,0.0,0.0,0.033333333,0.0,1.366666667,0.5,0.433333333,0.166666667,0.066666667,0.0,0.866666667,1.266666667,0.433333333,0.933333333,0.3,0.433333333,0.233333333,0.933333333,0.066666667,0.5,0.266666667,0.366666667,0.133333333,0.133333333,0.1,0.066666667,0.6,0.0,0.1,0.166666667,1.033333333,0.3,0.2,0.0,0.133333333,0.233333333,0.0,0.0,0.066666667,0.066666667,0.266666667,0.033333333,0.3259423077106476,0.027730155736207962,0.46658939123153687,0.17459380626678467,0.4279315173625946,0.11375429481267929,0.29176706075668335,0.24190247058868408,0.44782769680023193,0.03362520784139633,0.12292149662971497,0.13402318954467773,0.05678772181272507,1.0643011331558228,0.4604543447494507,0.28684407472610474,0.46211978793144226,0.34680673480033875,0.12937398254871368,0.4728626012802124,0.5508140325546265,0.28055500984191895,0.2817681133747101,0.12884461879730225,0.049172770231962204,0.18797387182712555,0.20359182357788086,0.10960948467254639,0.3304165005683899,0.3801737129688263,0.287166565656662,0.45434829592704773,0.4021841883659363,0.281358927488327,0.1320103257894516,0.6813264489173889,0.13385698199272156,0.1716434508562088,0.3702746331691742,1.265910029411316,0.22162915766239166,0.13699355721473694,0.07866884022951126,0.21819929778575897,0.16042260825634003,0.1778295636177063,0.06925937533378601,0.24983443319797516,0.20405025780200958,0.14371724426746368,0.10790088027715683
AP048,0.0,0.0,0.0,0.033333333,0.333333333,0.133333333,0.266666667,0.166666667,0.266666667,0.066666667,0.066666667,0.066666667,0.233333333,1.366666667,1.733333333,0.766666667,0.533333333,0.1,0.6,0.833333333,0.666666667,0.0,0.6,0.0,0.033333333,0.066666667,0.866666667,0.433333333,0.166666667,0.166666667,0.266666667,0.0,0.0,0.3,0.0,0.7,0.166666667,0.0,0.0,0.0,0.533333333,0.333333333,0.0,0.0,0.1,0.233333333,0.0,0.666666667,0.4,0.0,0.066666667,0.2936915457248688,0.06952393054962158,0.4089207351207733,0.23833803832530975,0.3032379746437073,0.07624378055334091,0.24372999370098114,0.19509023427963257,0.5388137698173523,0.0625109151005745,0.1537885069847107,0.34353315830230713,0.05285680294036865,0.9601660370826721,0.4409058690071106,0.28056225180625916,0.20403404533863068,0.16595149040222168,0.05694134533405304,0.5931079983711243,0.9911127090454102,0.0717279240489006,0.3884197473526001,0.0920235887169838,0.06056026369333267,0.11447354406118393,0.1581127941608429,0.100173220038414,0.0708749070763588,0.15708519518375397,0.16879001259803772,0.0670587494969368,0.03954420983791351,0.1496150940656662,0.07983774691820145,0.390398770570755,0.13997720181941986,0.013191263191401958,0.021378304809331894,0.03652079775929451,0.1732109636068344,0.18577593564987183,0.07175895571708679,0.2883637547492981,0.4817175269126892,0.24804896116256714,0.11552751064300537,0.3368755877017975,0.20169991254806519,0.1445918083190918,0.09289117157459259
AP182,0.233333333,0.0,0.5,0.266666667,0.433333333,0.033333333,1.166666667,0.8,1.133333333,0.1,0.133333333,0.433333333,0.1,1.7,0.366666667,0.433333333,0.3,0.0,0.0,0.066666667,0.0,0.0,0.0,0.133333333,0.033333333,0.433333333,0.866666667,0.133333333,0.333333333,0.366666667,0.433333333,0.6,0.033333333,0.1,0.1,0.4,0.0,0.0,0.3,1.1,0.166666667,0.133333333,0.366666667,0.0,0.066666667,0.0,0.0,0.166666667,0.2,0.166666667,0.0,0.3473575711250305,0.12296050041913986,0.572780430316925,0.20123592019081116,0.4076020121574402,0.10028382390737534,0.5692205429077148,0.2956424951553345,0.7746542096138,0.057850517332553864,0.2521703243255615,0.3161449730396271,0.07019495964050293,1.1315295696258545,0.25494101643562317,0.2617729604244232,0.24066007137298584,0.13524849712848663,0.04021687060594559,0.29035279154777527,0.2739996910095215,0.2982040345668793,0.20398499071598053,0.3411315381526947,0.050890546292066574,0.126161590218544,0.2789117395877838,0.11096737533807755,0.4997991919517517,0.4493619501590729,0.3925771117210388,0.49122366309165955,0.4115341305732727,0.11755454540252686,0.12239839881658554,0.37203478813171387,0.11855053901672363,0.12878583371639252,0.1986808478832245,1.0080163478851318,0.10746945440769196,0.11748525500297546,0.10246207565069199,0.23821595311164856,0.19784259796142578,0.09063640236854553,0.07869845628738403,0.07350978255271912,0.16996414959430695,0.14371724426746368,0.05943082645535469
AP283,0.133333333,0.1,0.433333333,0.1,1.3,0.7,0.866666667,0.6,0.166666667,0.3,0.066666667,0.0,0.0,0.5,0.433333333,0.5,0.266666667,0.333333333,0.266666667,0.133333333,0.0,0.0,0.0,0.0,0.0,0.133333333,0.0,0.0,0.0,0.233333333,0.133333333,0.033333333,0.0,0.366666667,0.066666667,0.8,0.5,0.0,0.0,0.0,0.433333333,0.0,0.0,0.0,0.0,0.5,0.333333333,0.9,0.133333333,0.166666667,0.2,0.5065650343894958,0.11334104090929031,0.6731547713279724,0.28990286588668823,0.3438659608364105,0.43169716000556946,0.6265166401863098,0.4601878225803375,0.660828173160553,0.1304587721824646,0.2201380580663681,0.18996259570121765,0.09350232779979706,0.9478713274002075,0.20766477286815643,0.2368970513343811,0.2191833257675171,0.10531168431043625,0.04386170208454132,0.4128681421279907,0.4606683552265167,0.0682913288474083,0.24989581108093262,0.1272169053554535,0.04231595620512962,0.14874254167079926,0.056435272097587585,0.07310349494218826,0.10621094703674316,0.2378857582807541,0.19556456804275513,0.04123365506529808,0.16244249045848846,0.27007752656936646,0.08744871616363525,0.533154308795929,0.12933595478534698,0.01490881759673357,0.01148251723498106,0.059560321271419525,0.17614080011844635,0.1708226054906845,0.08663464337587357,0.23333138227462769,0.14616301655769348,0.20864887535572052,0.24296753108501434,0.17353172600269318,0.17268961668014526,0.14371724426746368,0.1101638525724411
AP679,0.1,0.0,0.233333333,0.3,0.333333333,0.2,0.4,0.133333333,0.933333333,0.0,0.5,0.333333333,0.1,1.466666667,0.5,0.533333333,0.0,0.033333333,0.0,0.166666667,0.166666667,0.066666667,0.4,0.0,0.266666667,0.1,0.866666667,0.133333333,0.266666667,0.5,0.9,0.366666667,0.033333333,0.166666667,0.166666667,0.8,0.366666667,0.033333333,0.3,1.1,0.266666667,0.3,0.066666667,0.133333333,0.166666667,0.1,0.166666667,0.1,0.4,0.333333333,0.0,0.3155817985534668,0.057509101927280426,0.4420832097530365,0.2946111261844635,0.39542779326438904,0.1601167917251587,0.423224538564682,0.35856348276138306,0.7847346663475037,0.10987093299627304,0.1884964555501938,0.1916285753250122,0.059523697942495346,1.3484965562820435,0.378884494304657,0.28759050369262695,0.29733049869537354,0.16154171526432037,0.05037485808134079,0.3097502291202545,0.2986409664154053,0.12779390811920166,0.21059590578079224,0.09172168374061584,0.05058800056576729,0.17970207333564758,0.21959568560123444,0.07182900607585907,0.17890875041484833,0.41753828525543213,0.30979013442993164,0.4558511972427368,0.178439199924469,0.1785711795091629,0.06769808381795883,0.5779303312301636,0.1432589441537857,0.1319790631532669,0.11104279011487961,0.5917751789093018,0.18624131381511688,0.13691076636314392,0.09623124450445175,0.22953549027442932,0.16851988434791565,0.13802820444107056,0.07797372341156006,0.3401453495025635,0.21240031719207764,0.14371724426746368,0.0688529834151268
