epoch	train_loss	test_loss	test_metric
0	0.14862915873527527	0.135745108127594	0.2673141360282898
1	0.1460212767124176	0.1360272318124771	0.2661900520324707
2	0.1451347917318344	0.13573889434337616	0.27920472621917725
3	0.14436520636081696	0.13665038347244263	0.2710844576358795
4	0.1439123898744583	0.13727861642837524	0.26526427268981934
5	0.14515678584575653	0.13736720383167267	0.26522597670555115
6	0.14288151264190674	0.13739722967147827	0.26796039938926697
7	0.1442992240190506	0.137278214097023	0.27028346061706543
8	0.14412780106067657	0.13701598346233368	0.27837440371513367
9	0.1444171816110611	0.13690514862537384	0.2812992036342621
10	0.14193005859851837	0.13664205372333527	0.28488314151763916
11	0.14209267497062683	0.1362714320421219	0.29122084379196167
12	0.14183726906776428	0.13577282428741455	0.2983095347881317
13	0.14139944314956665	0.13535082340240479	0.30099183320999146
14	0.14159893989562988	0.13475796580314636	0.3063792288303375
15	0.1427290439605713	0.13423500955104828	0.3114512860774994
16	0.14211693406105042	0.13360008597373962	0.3173464834690094
17	0.1402042806148529	0.13313724100589752	0.3211572468280792
18	0.1410433053970337	0.13249140977859497	0.3270973861217499
19	0.1410234272480011	0.13221485912799835	0.3296087682247162
20	0.13916701078414917	0.13194245100021362	0.333739310503006
21	0.14067108929157257	0.13264186680316925	0.31871485710144043
22	0.14023642241954803	0.13253383338451385	0.3208799660205841
23	0.13830900192260742	0.13235726952552795	0.3242092728614807
24	0.1391655057668686	0.13245165348052979	0.3240371346473694
25	0.13848385214805603	0.13248765468597412	0.3253546357154846
26	0.13924889266490936	0.13270698487758636	0.3236817717552185
27	0.13824473321437836	0.13269652426242828	0.32728317379951477
28	0.13763327896595	0.13201281428337097	0.3460439443588257
29	0.13695655763149261	0.13217690587043762	0.34761548042297363
30	0.1358812004327774	0.13232935965061188	0.34895139932632446
31	0.13618721067905426	0.13244010508060455	0.35014060139656067
32	0.13707323372364044	0.13237297534942627	0.3532832860946655
33	0.13726173341274261	0.1320957988500595	0.35758450627326965
34	0.13664989173412323	0.13179777562618256	0.36295825242996216
35	0.1368076503276825	0.13126081228256226	0.366783082485199
36	0.13604618608951569	0.13073386251926422	0.3724343180656433
37	0.1345692276954651	0.13034392893314362	0.3752695918083191
38	0.1363823562860489	0.1298476606607437	0.37916988134384155
39	0.13514378666877747	0.12937939167022705	0.3824390769004822
40	0.13368168473243713	0.12899428606033325	0.38671180605888367
41	0.13467878103256226	0.1286996752023697	0.39210209250450134
42	0.1371539831161499	0.1284332275390625	0.38982611894607544
43	0.13666826486587524	0.12767565250396729	0.3965725004673004
44	0.13454212248325348	0.12771491706371307	0.40167638659477234
45	0.1338154822587967	0.12764649093151093	0.4080412685871124
46	0.132262721657753	0.12931770086288452	0.38974303007125854
47	0.13393481075763702	0.12811143696308136	0.41412782669067383
48	0.1330031305551529	0.12822841107845306	0.4149576425552368
49	0.13320794701576233	0.12796559929847717	0.41861492395401
50	0.13138973712921143	0.12801054120063782	0.4183633029460907
51	0.1338832676410675	0.12788449227809906	0.4193003177642822
52	0.13261044025421143	0.1276257336139679	0.4173945486545563
53	0.1311061680316925	0.1271599531173706	0.4188612997531891
54	0.13312900066375732	0.12720151245594025	0.4144286513328552
55	0.1313152313232422	0.1268116533756256	0.41599905490875244
56	0.1302763670682907	0.12718497216701508	0.4097980260848999
57	0.13127873837947845	0.12743166089057922	0.4104931354522705
58	0.13274142146110535	0.12756329774856567	0.40930497646331787
59	0.12991002202033997	0.12744465470314026	0.41013383865356445
60	0.13178716599941254	0.12693016231060028	0.4156833589076996
61	0.13113096356391907	0.12660852074623108	0.42040595412254333
62	0.13078010082244873	0.12612123787403107	0.42658090591430664
63	0.1311355084180832	0.1258499175310135	0.4305858016014099
64	0.12971912324428558	0.12589465081691742	0.4337766170501709
65	0.13186430931091309	0.1259288787841797	0.4355030655860901
66	0.12992167472839355	0.12593527138233185	0.44120168685913086
67	0.12986202538013458	0.12593914568424225	0.44349950551986694
68	0.12885606288909912	0.12593892216682434	0.44608062505722046
69	0.12991978228092194	0.1255674660205841	0.44978097081184387
70	0.13015484809875488	0.12517301738262177	0.45305752754211426
71	0.12716297805309296	0.12457328289747238	0.4566193222999573
72	0.12918001413345337	0.12456964701414108	0.4540776014328003
73	0.1299135535955429	0.12415283173322678	0.4560275077819824
74	0.1314404457807541	0.12400984019041061	0.45587989687919617
75	0.1280171275138855	0.12406841665506363	0.4554358124732971
76	0.12796615064144135	0.12436394393444061	0.4556465148925781
77	0.12787722051143646	0.12510618567466736	0.4543450176715851
78	0.12727239727973938	0.12560124695301056	0.45180362462997437
79	0.12750236690044403	0.12570688128471375	0.4499559700489044
80	0.1288100779056549	0.12545907497406006	0.44977474212646484
81	0.1272677630186081	0.12468183040618896	0.4539083242416382
82	0.12792085111141205	0.12401429563760757	0.4552547335624695
83	0.1271822154521942	0.1235145553946495	0.4560410678386688
84	0.1261036992073059	0.12327682971954346	0.4516574740409851
85	0.12580379843711853	0.12333742529153824	0.45316898822784424
86	0.12674014270305634	0.12315451353788376	0.45886772871017456
87	0.12658971548080444	0.12310925871133804	0.46314018964767456
88	0.12662488222122192	0.12294257432222366	0.47024083137512207
89	0.1257980763912201	0.12260852009057999	0.4747854769229889
90	0.12581557035446167	0.12224012613296509	0.4795498251914978
91	0.12416096776723862	0.1216144785284996	0.48312321305274963
92	0.12618620693683624	0.12130537629127502	0.49660199880599976
93	0.12610876560211182	0.12119317799806595	0.4863552749156952
94	0.12445208430290222	0.12109480053186417	0.48969873785972595
95	0.124627485871315	0.12115931510925293	0.48910555243492126
96	0.12358956038951874	0.1210644543170929	0.49247637391090393
97	0.1258760392665863	0.12128498405218124	0.49134930968284607
98	0.12420466542243958	0.12161584198474884	0.4852444529533386
99	0.12454438954591751	0.1203417107462883	0.4889627993106842
100	0.12618304789066315	0.12218652665615082	0.4836471676826477
101	0.12449051439762115	0.12239299714565277	0.4803587794303894
102	0.12413326650857925	0.12215536087751389	0.4820077121257782
103	0.12494002282619476	0.12149787694215775	0.4832667410373688
104	0.12517255544662476	0.12102705240249634	0.4829449951648712
105	0.12372341752052307	0.12068182229995728	0.4851892292499542
106	0.12403183430433273	0.12085745483636856	0.48172345757484436
107	0.12306935340166092	0.12160564213991165	0.4745769202709198
108	0.12242167443037033	0.1221645250916481	0.4736703634262085
109	0.12174452841281891	0.12269666790962219	0.4732721149921417
110	0.12356259673833847	0.12290990352630615	0.4744219183921814
111	0.1219920739531517	0.12249457836151123	0.4784177839756012
112	0.12250246852636337	0.12184872478246689	0.4814392030239105
113	0.12368367612361908	0.12086953967809677	0.4892691671848297
114	0.12318108230829239	0.12001890689134598	0.49486401677131653
115	0.12210779637098312	0.11967616528272629	0.4988677203655243
116	0.12326166778802872	0.11947024613618851	0.5014908313751221
117	0.12289749085903168	0.11931761354207993	0.5071694254875183
118	0.12285231798887253	0.11977887898683548	0.5066619515419006
119	0.12080350518226624	0.11992473900318146	0.5064661502838135
120	0.12106890976428986	0.12005598098039627	0.5069307684898376
121	0.12134195864200592	0.11975470185279846	0.5082881450653076
122	0.12385257333517075	0.11994572728872299	0.508098840713501
123	0.12167990207672119	0.11972789466381073	0.5092399716377258
124	0.12149772047996521	0.11955074965953827	0.5093534588813782
125	0.12097982317209244	0.11939387768507004	0.510482668876648
126	0.1219843178987503	0.11893933266401291	0.5133352875709534
127	0.11997974663972855	0.11899813264608383	0.5136565566062927
128	0.12028618156909943	0.11910809576511383	0.5144654512405396
129	0.12052716314792633	0.11953796446323395	0.5132642388343811
130	0.12019830197095871	0.12037115544080734	0.5114182233810425
131	0.12064364552497864	0.12008900940418243	0.515062153339386
132	0.12070991843938828	0.11998315155506134	0.5145390033721924
133	0.1188257485628128	0.11975709348917007	0.5119346976280212
134	0.11934496462345123	0.11924616247415543	0.5141556262969971
135	0.11925265192985535	0.11890626698732376	0.5140871405601501
136	0.12046244740486145	0.11867403984069824	0.5161795020103455
137	0.12041119486093521	0.1186613067984581	0.515329122543335
138	0.11833945661783218	0.11871063709259033	0.5151639580726624
139	0.12088827043771744	0.11951220780611038	0.5100365877151489
140	0.11952701956033707	0.12031226605176926	0.5094186067581177
141	0.11832980066537857	0.12076535075902939	0.5062340497970581
142	0.12111491709947586	0.12056668847799301	0.5068140029907227
143	0.11986328661441803	0.11959269642829895	0.5143822431564331
144	0.12097049504518509	0.11895503848791122	0.5188454985618591
145	0.11907713860273361	0.11854858696460724	0.522621214389801
146	0.11870843172073364	0.11832980066537857	0.5236077904701233
147	0.11873427778482437	0.11875995248556137	0.5194067358970642
148	0.11915712803602219	0.11852621287107468	0.5240225791931152
149	0.11843212693929672	0.1188342347741127	0.5251955986022949
150	0.11753065884113312	0.11966615915298462	0.5218175649642944
151	0.11920749396085739	0.12009589374065399	0.5170721411705017
152	0.11786932498216629	0.11967100203037262	0.518151044845581
153	0.1185690388083458	0.11928167939186096	0.5194330215454102
154	0.11723969876766205	0.11894232779741287	0.5202822089195251
155	0.11919666826725006	0.11870945990085602	0.5169016122817993
156	0.11814164370298386	0.11920028179883957	0.5174129605293274
157	0.11844494938850403	0.1188076063990593	0.5233182311058044
158	0.11817442625761032	0.1188640147447586	0.5207631587982178
159	0.1176586002111435	0.1188417375087738	0.5224791169166565
160	0.11630701273679733	0.11869582533836365	0.5258699655532837
161	0.11747898161411285	0.11851642280817032	0.5289901494979858
162	0.11719372868537903	0.11828552186489105	0.5302190780639648
163	0.11725344508886337	0.12000799924135208	0.5235421061515808
164	0.11744318902492523	0.11887499690055847	0.5260054469108582
165	0.11866088211536407	0.11761194467544556	0.5310989022254944
166	0.11838428676128387	0.11653679609298706	0.5373098850250244
167	0.11749453842639923	0.11600354313850403	0.5403085947036743
168	0.11837678402662277	0.1152777224779129	0.5446951389312744
169	0.11848793178796768	0.11649967730045319	0.5405493378639221
170	0.11546359956264496	0.11791028827428818	0.5355713367462158
171	0.11479770392179489	0.11889243870973587	0.5314799547195435
172	0.11699894070625305	0.11921819299459457	0.5297764539718628
173	0.11702694743871689	0.1186433881521225	0.5315043330192566
174	0.11674413830041885	0.11772605031728745	0.533698320388794
175	0.11610323190689087	0.11683931201696396	0.5368363857269287
176	0.1158924400806427	0.11617967486381531	0.540733814239502
177	0.11592689156532288	0.11571640521287918	0.5444039702415466
178	0.11744154244661331	0.11575818806886673	0.5462887287139893
179	0.11612316966056824	0.11620301008224487	0.5481917858123779
180	0.11597766727209091	0.11667685955762863	0.5499282479286194
181	0.11600247770547867	0.11707715690135956	0.5502083897590637
182	0.11529044061899185	0.11743725091218948	0.5473039746284485
183	0.11620385944843292	0.11764233559370041	0.5468040108680725
184	0.11512476950883865	0.11694991588592529	0.5528878569602966
185	0.11536404490470886	0.11588443070650101	0.5568297505378723
186	0.11502788215875626	0.11502167582511902	0.559426486492157
187	0.11480887979269028	0.11440044641494751	0.5610326528549194
188	0.115144744515419	0.11525971442461014	0.5563433766365051
189	0.11595408618450165	0.11644434928894043	0.5518538355827332
190	0.11617977917194366	0.11681511253118515	0.5528503656387329
191	0.11603319644927979	0.11678086221218109	0.5495638251304626
192	0.11530105024576187	0.1164514422416687	0.5518467426300049
193	0.1139228567481041	0.11503658443689346	0.5620092153549194
194	0.1146823987364769	0.11454866826534271	0.565592348575592
195	0.11462226510047913	0.11412904411554337	0.5696709156036377
196	0.11557359248399734	0.11475694179534912	0.5648318529129028
197	0.11426974087953568	0.11371047049760818	0.5721457004547119
198	0.11448786407709122	0.11376430094242096	0.572730541229248
199	0.1141386330127716	0.11349900811910629	0.5738239288330078
200	0.1140298992395401	0.11474461108446121	0.5666078925132751
201	0.1139557734131813	0.11548297107219696	0.5627849102020264
202	0.11378532648086548	0.11574460566043854	0.5602867007255554
203	0.11367584764957428	0.1155129000544548	0.5603624582290649
204	0.11255669593811035	0.11540284007787704	0.5577702522277832
205	0.1135706976056099	0.11493945121765137	0.5633073449134827
206	0.1128348708152771	0.114930160343647	0.5630609393119812
207	0.11388139426708221	0.11540757119655609	0.5617993474006653
208	0.1135881170630455	0.11567192524671555	0.560607373714447
209	0.11392690241336823	0.11578644067049026	0.5616602897644043
210	0.11387767642736435	0.11528434604406357	0.5697785019874573
211	0.11256711930036545	0.11423938721418381	0.5735554099082947
212	0.11235380917787552	0.11418567597866058	0.5716474056243896
213	0.11228626221418381	0.11411108076572418	0.5727708339691162
214	0.11381195485591888	0.11472389847040176	0.5735324621200562
215	0.11170946061611176	0.11544941365718842	0.5695396661758423
216	0.11174430698156357	0.11547467112541199	0.5712940096855164
217	0.1119655966758728	0.11540393531322479	0.5753211379051208
218	0.1132197231054306	0.11529704183340073	0.5766863822937012
219	0.11140017956495285	0.11496325582265854	0.580119788646698
220	0.11225353181362152	0.1147342249751091	0.5791366696357727
221	0.11203327775001526	0.11454272270202637	0.5769961476325989
222	0.11251074820756912	0.11411900818347931	0.5825791954994202
223	0.11313043534755707	0.11406798660755157	0.5817685127258301
224	0.11163846403360367	0.11550749093294144	0.5731237530708313
225	0.11469805985689163	0.11490324884653091	0.5709128975868225
226	0.11500676721334457	0.11551816016435623	0.5649420619010925
227	0.11577075719833374	0.11494052410125732	0.5608027577400208
228	0.11543434113264084	0.11601833999156952	0.5491527318954468
229	0.11683709919452667	0.1161591038107872	0.5424360036849976
230	0.11581367254257202	0.11638660728931427	0.5346776843070984
231	0.11318361014127731	0.11706694215536118	0.537816047668457
232	0.11428266763687134	0.11772667616605759	0.5322315692901611
233	0.11330322176218033	0.11754768341779709	0.5387758612632751
234	0.11328224092721939	0.11738429963588715	0.5447354912757874
235	0.1123722493648529	0.11746781319379807	0.5497620105743408
236	0.11283458769321442	0.11736482381820679	0.5555166006088257
237	0.1119818165898323	0.11692217737436295	0.5614626407623291
238	0.11323060095310211	0.1163172498345375	0.5677453279495239
239	0.11065667867660522	0.11633221805095673	0.5694794654846191
240	0.11266062408685684	0.11658097803592682	0.5712806582450867
241	0.11221284419298172	0.11727305501699448	0.5702648162841797
242	0.11180684715509415	0.11713899672031403	0.5715463161468506
243	0.11120336502790451	0.11619899421930313	0.5759894847869873
244	0.11140377074480057	0.11518784612417221	0.5789594054222107
245	0.11178658902645111	0.11495505273342133	0.575614333152771
246	0.11134274303913116	0.11521175503730774	0.5762322545051575
247	0.1106465756893158	0.11604108661413193	0.5730061531066895
248	0.11153057962656021	0.11716557294130325	0.5692644715309143
249	0.11182116717100143	0.11785799264907837	0.5658890604972839
250	0.11049812287092209	0.11780697852373123	0.5647480487823486
251	0.11039400845766068	0.11717711389064789	0.5655127167701721
252	0.10918841511011124	0.116217240691185	0.5663802027702332
253	0.1101771891117096	0.11553314328193665	0.5664137005805969
254	0.1087852492928505	0.11519009619951248	0.5681173801422119
255	0.11067628860473633	0.11526069045066833	0.5672222971916199
256	0.11064116656780243	0.11552513390779495	0.5664148926734924
257	0.1112985759973526	0.1157442107796669	0.5670254230499268
258	0.1098528578877449	0.11581778526306152	0.5671929121017456
259	0.10893043875694275	0.11548168957233429	0.5688303112983704
260	0.1094249039888382	0.1150362566113472	0.5709803104400635
261	0.10836468636989594	0.1145726814866066	0.5722975134849548
262	0.10816910117864609	0.11417856812477112	0.573981761932373
263	0.10724861919879913	0.11381471902132034	0.5732167363166809
264	0.10880148410797119	0.11399230360984802	0.573754072189331
265	0.10733062028884888	0.11481647938489914	0.5721744894981384
266	0.11034788936376572	0.11528494209051132	0.5730988383293152
267	0.10834044218063354	0.11547244340181351	0.5753853917121887
268	0.10805293172597885	0.11509691178798676	0.5789257884025574
269	0.10793937742710114	0.11464091390371323	0.5820425748825073
270	0.10721033811569214	0.11414918303489685	0.5853336453437805
271	0.1084035336971283	0.11390461027622223	0.5891806483268738
272	0.10665959864854813	0.11355189234018326	0.5903563499450684
273	0.1071096658706665	0.11349449306726456	0.590480625629425
274	0.10939087718725204	0.11347557604312897	0.5896230340003967
275	0.1075277104973793	0.11380179226398468	0.5882824659347534
276	0.10738804936408997	0.11431226879358292	0.5868135094642639
277	0.10709188878536224	0.11434225738048553	0.5865924954414368
278	0.10676413029432297	0.11415603756904602	0.5867555737495422
279	0.10845405608415604	0.11434222757816315	0.5857805013656616
280	0.10751933604478836	0.11443319916725159	0.585873007774353
281	0.10650814324617386	0.11456403881311417	0.5852412581443787
282	0.10685188323259354	0.11453686654567719	0.5872817039489746
283	0.1059693992137909	0.11419979482889175	0.585867702960968
284	0.1065666601061821	0.11360017210245132	0.5870172381401062
285	0.10673092305660248	0.11352204531431198	0.5879397988319397
286	0.10610949993133545	0.11367851495742798	0.588158905506134
287	0.10683742165565491	0.1141510084271431	0.5898433923721313
288	0.10681422054767609	0.11416242271661758	0.5923744440078735
289	0.10642844438552856	0.11356362700462341	0.5959959030151367
290	0.10658970475196838	0.11280322074890137	0.6001226305961609
291	0.10676991194486618	0.11190276592969894	0.6037942171096802
292	0.10520125925540924	0.11151073127985	0.6054122447967529
293	0.10669691860675812	0.11181005835533142	0.6042396426200867
294	0.10529465228319168	0.11287356913089752	0.6017723679542542
295	0.10603117197751999	0.11365502327680588	0.5994476675987244
296	0.10660485923290253	0.11420313268899918	0.596476137638092
297	0.10595037043094635	0.11366195976734161	0.5968393683433533
298	0.10689131915569305	0.11319273710250854	0.5947625041007996
299	0.10673315823078156	0.11279097199440002	0.5933959484100342
300	0.10609312355518341	0.11250098049640656	0.5939897894859314
301	0.10655239969491959	0.11258325725793839	0.5941200256347656
302	0.10649172961711884	0.11257896572351456	0.5937275290489197
303	0.10796122997999191	0.11259802430868149	0.5943329930305481
304	0.1045103371143341	0.11240070313215256	0.5954065918922424
305	0.10498791188001633	0.11280381679534912	0.5931645035743713
306	0.10566047579050064	0.11299526691436768	0.5919029116630554
307	0.10490002483129501	0.11329325288534164	0.5916945338249207
308	0.10449227690696716	0.11338139325380325	0.5907062888145447
309	0.1057857871055603	0.11283222585916519	0.5911664366722107
310	0.10483595728874207	0.11267327517271042	0.5894874334335327
311	0.10324393957853317	0.11287835240364075	0.5856356024742126
312	0.1036176085472107	0.1132703498005867	0.5847025513648987
313	0.1041988730430603	0.1137467622756958	0.5827736258506775
314	0.10340318828821182	0.11359775066375732	0.5828986763954163
315	0.10417769104242325	0.11337520182132721	0.5837070941925049
316	0.10444604605436325	0.11302819103002548	0.5847653150558472
317	0.10378199070692062	0.11299047619104385	0.584881067276001
318	0.10491601377725601	0.11292918771505356	0.5871496796607971
319	0.10464730858802795	0.11272186040878296	0.5897650122642517
320	0.10345236957073212	0.1127241849899292	0.5944761037826538
321	0.10391780734062195	0.1123664379119873	0.5974876284599304
322	0.10303360968828201	0.11182005703449249	0.6017676591873169
323	0.10407359153032303	0.11086586117744446	0.6066969037055969
324	0.1045791283249855	0.11055910587310791	0.608827531337738
325	0.10332705825567245	0.1101474016904831	0.6123719215393066
326	0.10357093065977097	0.11086166650056839	0.6109294295310974
327	0.10332182794809341	0.11160460114479065	0.6085899472236633
328	0.10205530375242233	0.11237123608589172	0.6037678718566895
329	0.10364915430545807	0.11322043091058731	0.6004984974861145
330	0.10420601814985275	0.11305386573076248	0.6001755595207214
331	0.10548008233308792	0.11158159375190735	0.6062289476394653
332	0.10396280884742737	0.11124216020107269	0.6073280572891235
333	0.10372760891914368	0.11118310689926147	0.6087011098861694
334	0.10422652959823608	0.11159533262252808	0.6125271916389465
335	0.10382980853319168	0.11244886368513107	0.6126418113708496
336	0.10184802860021591	0.11309219151735306	0.6104698181152344
337	0.10280191898345947	0.11270130425691605	0.6125215291976929
338	0.10212934762239456	0.11161787807941437	0.6154500246047974
339	0.10293089598417282	0.11102264374494553	0.6157616972923279
340	0.10317688435316086	0.111503005027771	0.6124211549758911
341	0.10151898115873337	0.11235009133815765	0.6088421940803528
342	0.1022939383983612	0.11311948299407959	0.6031757593154907
343	0.1023438572883606	0.11316493153572083	0.6031845211982727
344	0.10214992612600327	0.1122758761048317	0.6085283160209656
345	0.10182676464319229	0.11118141561746597	0.6114501357078552
346	0.10305117815732956	0.11259686946868896	0.6083548069000244
347	0.10280067473649979	0.1133495569229126	0.5982977747917175
348	0.10568370670080185	0.11284555494785309	0.5983047485351562
349	0.10500122606754303	0.1123715415596962	0.5985604524612427
350	0.10510174930095673	0.11186660081148148	0.6006876826286316
351	0.10387425869703293	0.11169209331274033	0.5994623899459839
352	0.10488992929458618	0.11307187378406525	0.5982463955879211
353	0.10352017730474472	0.11242706328630447	0.6014118194580078
354	0.10507301241159439	0.11198712140321732	0.60411536693573
355	0.10365547984838486	0.11022895574569702	0.6093012094497681
356	0.10326113551855087	0.11060023307800293	0.6075388193130493
357	0.10312434285879135	0.11163065582513809	0.6052641272544861
358	0.10086562484502792	0.11236950755119324	0.6044331789016724
359	0.10250464081764221	0.11221373826265335	0.606627345085144
360	0.10300756990909576	0.11172721534967422	0.6115314960479736
361	0.10170181095600128	0.11063782870769501	0.6145033836364746
362	0.10194357484579086	0.1098790392279625	0.616499662399292
363	0.10142839699983597	0.10989752411842346	0.6154623627662659
364	0.10133969783782959	0.10985874384641647	0.6162904500961304
365	0.1005566418170929	0.11042758077383041	0.6159998774528503
366	0.10083437711000443	0.11097737401723862	0.6183128952980042
367	0.10145843029022217	0.11068914830684662	0.6213639974594116
368	0.1016039103269577	0.11012041568756104	0.6240520477294922
369	0.09994944930076599	0.10945291817188263	0.6259010434150696
370	0.10158687084913254	0.1092226654291153	0.6261557340621948
371	0.10141473263502121	0.10950219631195068	0.6228370070457458
372	0.10136023163795471	0.11024549603462219	0.6208140850067139
373	0.10091006010770798	0.11141758412122726	0.6153032779693604
374	0.10179569572210312	0.11232221126556396	0.612859308719635
375	0.09989801794290543	0.11229173094034195	0.6118492484092712
376	0.10219316184520721	0.11151771992444992	0.6130192875862122
377	0.10023221373558044	0.11098141968250275	0.6133756041526794
378	0.10123708844184875	0.11079588532447815	0.6117505431175232
379	0.10263972729444504	0.1113799661397934	0.609166145324707
380	0.10067257285118103	0.11210858076810837	0.6071122884750366
381	0.09948791563510895	0.11294778436422348	0.6046700477600098
382	0.100603848695755	0.11335266381502151	0.6050684452056885
383	0.10122958570718765	0.11312294751405716	0.607661247253418
384	0.10004492849111557	0.11256397515535355	0.6108164191246033
385	0.09972117096185684	0.11155805736780167	0.614170253276825
386	0.10047508031129837	0.11025631427764893	0.6180058717727661
387	0.09997574239969254	0.109613798558712	0.6194897890090942
388	0.1000463142991066	0.10963822156190872	0.6198604106903076
389	0.09934768825769424	0.11024987697601318	0.6194870471954346
390	0.09757960587739944	0.11079853028059006	0.6195063591003418
391	0.09972278773784637	0.11079250276088715	0.6205534934997559
392	0.09849797189235687	0.110019251704216	0.6236647963523865
393	0.0978139266371727	0.10895991325378418	0.6274354457855225
394	0.09922713041305542	0.10844817012548447	0.6296099424362183
395	0.100041963160038	0.10849577188491821	0.630939781665802
396	0.09778916835784912	0.10874930024147034	0.6321014761924744
397	0.09845566004514694	0.10921186953783035	0.6321603655815125
398	0.09792759269475937	0.1095210388302803	0.6319472193717957
399	0.09812711179256439	0.10944744944572449	0.6318918466567993
400	0.09903694689273834	0.10901705920696259	0.6321442723274231
401	0.09910296648740768	0.10907000303268433	0.631521999835968
402	0.0971258357167244	0.10931946337223053	0.6293817162513733
403	0.09790071845054626	0.10989780724048615	0.6276033520698547
404	0.09792628884315491	0.11004012823104858	0.626952052116394
405	0.0980418249964714	0.10998108983039856	0.627101719379425
406	0.09836209565401077	0.10969607532024384	0.6275178790092468
407	0.09716463834047318	0.10923713445663452	0.6282308101654053
408	0.09808634221553802	0.10902918130159378	0.6276276111602783
409	0.09747155010700226	0.1088678389787674	0.6280449032783508
410	0.09779021888971329	0.10922584682703018	0.6281102895736694
411	0.09741558134555817	0.10999640077352524	0.6282837390899658
412	0.09751365333795547	0.11028255522251129	0.6287343502044678
413	0.09747476875782013	0.11008717119693756	0.6297875642776489
414	0.0964183360338211	0.1097211241722107	0.630864679813385
415	0.09649909287691116	0.10908307880163193	0.6318255662918091
416	0.0973944440484047	0.10866373032331467	0.6313830018043518
417	0.0959712415933609	0.10872267931699753	0.6296399235725403
418	0.09684886038303375	0.10903798043727875	0.6277859807014465
419	0.09633874893188477	0.10952529311180115	0.6257924437522888
420	0.09769216924905777	0.10963782668113708	0.6255224943161011
421	0.09600316733121872	0.10957613587379456	0.6270939111709595
422	0.09571647644042969	0.10887911170721054	0.6305386424064636
423	0.09701517224311829	0.10839001089334488	0.6326371431350708
424	0.09724439680576324	0.10813623666763306	0.6343010067939758
425	0.09756394475698471	0.10837370157241821	0.6335620284080505
426	0.09699026495218277	0.10899658501148224	0.6314114928245544
427	0.09619032591581345	0.10932391881942749	0.6302682757377625
428	0.09522511065006256	0.1096125915646553	0.6284200549125671
429	0.09601446241140366	0.10944948345422745	0.6274493932723999
430	0.09482075273990631	0.1086762398481369	0.6277275085449219
431	0.09517920762300491	0.1085563376545906	0.6262324452400208
432	0.0963318943977356	0.10907908529043198	0.6237552762031555
433	0.09485740214586258	0.10974854230880737	0.6219345331192017
434	0.09564834088087082	0.11029104888439178	0.6207364201545715
435	0.09531968086957932	0.11029341071844101	0.6214077472686768
436	0.09543745219707489	0.10965563356876373	0.6235657334327698
437	0.09552627801895142	0.10911568999290466	0.6256640553474426
438	0.09611906111240387	0.10842172801494598	0.628944993019104
439	0.094666488468647	0.10833881050348282	0.630328357219696
440	0.09610362350940704	0.1085929423570633	0.6312490701675415
441	0.0950385332107544	0.10910309106111526	0.6310797929763794
442	0.09432204067707062	0.10954049229621887	0.6303812861442566
443	0.09567642211914062	0.10951434075832367	0.6310529112815857
444	0.09609002619981766	0.10866984724998474	0.6337911486625671
445	0.0952802523970604	0.10750255733728409	0.6375926733016968
446	0.09321487694978714	0.10709196329116821	0.6395918726921082
447	0.09413790702819824	0.10728228837251663	0.6397203803062439
448	0.0938163474202156	0.10772715508937836	0.6387304067611694
449	0.095566026866436	0.10841404646635056	0.6363179683685303
450	0.09486089646816254	0.10889418423175812	0.6335352659225464
451	0.09337413311004639	0.10916444659233093	0.6323614120483398
452	0.0945589691400528	0.10901455581188202	0.63370680809021
453	0.09390918910503387	0.10820820182561874	0.6375526785850525
454	0.09313841164112091	0.10782746970653534	0.6397143006324768
455	0.09373896569013596	0.10744358599185944	0.6418104767799377
456	0.09442983567714691	0.10734795033931732	0.6425601840019226
457	0.09455318003892899	0.10735227912664413	0.6423119902610779
458	0.09342822432518005	0.10776975750923157	0.6404703259468079
459	0.09395715594291687	0.10873451083898544	0.6368268132209778
460	0.0937500074505806	0.10930884629487991	0.6341469287872314
461	0.09330984950065613	0.109085813164711	0.634005606174469
462	0.09331165999174118	0.10858029127120972	0.6349741220474243
463	0.0934993252158165	0.1075739711523056	0.6379596590995789
464	0.09397680312395096	0.10705484449863434	0.6402367353439331
465	0.09257760643959045	0.1071702241897583	0.6408012509346008
466	0.09418181329965591	0.10785824805498123	0.639997661113739
467	0.09395483881235123	0.10838385671377182	0.6392927169799805
468	0.09303212910890579	0.10848759859800339	0.6389779448509216
469	0.09252353012561798	0.10865200310945511	0.637789785861969
470	0.09314819425344467	0.1082710400223732	0.6381865739822388
471	0.09269130229949951	0.10784431546926498	0.6386880278587341
472	0.09289486706256866	0.10774266719818115	0.6383076906204224
473	0.0922221839427948	0.10748396068811417	0.6380382776260376
474	0.09314229339361191	0.10757236927747726	0.6374515891075134
475	0.09259027987718582	0.10777192562818527	0.6367814540863037
476	0.09230882674455643	0.10790187865495682	0.6369212865829468
477	0.09246034175157547	0.10805584490299225	0.6371543407440186
478	0.09272614866495132	0.1080227717757225	0.6381301283836365
479	0.09232355654239655	0.10777966678142548	0.6389689445495605
480	0.09333422780036926	0.10750967264175415	0.6394380927085876
481	0.09353423118591309	0.10742358863353729	0.638927698135376
482	0.09203338623046875	0.10737407952547073	0.6381813287734985
483	0.0926898717880249	0.107575424015522	0.6378856897354126
484	0.0919203907251358	0.10774265974760056	0.6376422047615051
485	0.09112675487995148	0.10772471874952316	0.6389462947845459
486	0.0921793058514595	0.10778608918190002	0.6406717300415039
487	0.09124181419610977	0.10705862939357758	0.6440050005912781
488	0.09194930642843246	0.10616858303546906	0.6468158960342407
489	0.09307888150215149	0.10573854297399521	0.647960901260376
490	0.09113506227731705	0.10578347742557526	0.6479150056838989
491	0.09160162508487701	0.10624558478593826	0.6475297212600708
492	0.0924849584698677	0.10651607811450958	0.6479188799858093
493	0.09077887237071991	0.10663557797670364	0.6479517221450806
494	0.09371733665466309	0.10674039274454117	0.6473738551139832
495	0.091461181640625	0.10655616968870163	0.6467167139053345
496	0.0917314663529396	0.10621161013841629	0.6465347409248352
497	0.09265448153018951	0.10617895424365997	0.6463605761528015
498	0.09164271503686905	0.1067192330956459	0.6455894112586975
499	0.09132830798625946	0.10747908055782318	0.6445475220680237
500	0.0914262905716896	0.10810763388872147	0.6440685987472534
501	0.09176571667194366	0.10797648131847382	0.6451072692871094
502	0.09029925614595413	0.10735362768173218	0.6463721990585327
503	0.09133122116327286	0.10650964826345444	0.6484838724136353
504	0.09139805287122726	0.10636313259601593	0.6481492519378662
505	0.0918131023645401	0.10657663643360138	0.6469839811325073
506	0.09024731814861298	0.10708220303058624	0.6456519365310669
507	0.09148123860359192	0.10741037130355835	0.6450543403625488
508	0.09046623110771179	0.10713265091180801	0.6464938521385193
509	0.09107543528079987	0.10675278306007385	0.6476406455039978
510	0.09008044004440308	0.1065123900771141	0.6483297348022461
511	0.09018448740243912	0.10662410408258438	0.6481056213378906
512	0.09017287194728851	0.10654737800359726	0.6485897898674011
513	0.09069108217954636	0.1065516397356987	0.6487327218055725
514	0.09118440747261047	0.10633130371570587	0.648255467414856
515	0.09080016613006592	0.10618119686841965	0.6470900177955627
516	0.08923951536417007	0.10599245876073837	0.6465166807174683
517	0.08938958495855331	0.10601868480443954	0.6449533104896545
518	0.09068285673856735	0.10672198235988617	0.6422097682952881
519	0.08917905390262604	0.10748773068189621	0.6407692432403564
520	0.08968152105808258	0.10775039345026016	0.6405459642410278
521	0.08897776901721954	0.10714392364025116	0.6420750021934509
522	0.09006889909505844	0.10623749345541	0.6445735692977905
523	0.08905592560768127	0.10531556606292725	0.6476758718490601
524	0.08851433545351028	0.10567831993103027	0.648445725440979
525	0.08954781293869019	0.10614288598299026	0.6484376192092896
526	0.08923344314098358	0.10659025609493256	0.6478466391563416
527	0.08873848617076874	0.10673905164003372	0.6473874449729919
528	0.08886361122131348	0.10673773288726807	0.6478639841079712
529	0.0889512300491333	0.10638416558504105	0.6483752727508545
530	0.0897311419248581	0.10608866065740585	0.6492840647697449
531	0.08854524791240692	0.10557971894741058	0.6509591937065125
532	0.08919309824705124	0.10519713163375854	0.6521673202514648
533	0.08833243697881699	0.10518942773342133	0.6526197195053101
534	0.08974858373403549	0.10543292760848999	0.6527635455131531
535	0.0884089469909668	0.10571249574422836	0.6530436873435974
536	0.08839530497789383	0.10629744082689285	0.6525929570198059
537	0.0885956883430481	0.1064971536397934	0.6520289182662964
538	0.08820980042219162	0.10614306479692459	0.652089536190033
539	0.08942443877458572	0.10567713528871536	0.6518388390541077
540	0.08775149285793304	0.1052471250295639	0.6504111886024475
541	0.08886011689901352	0.10548838973045349	0.6472856402397156
542	0.09004747122526169	0.10573292523622513	0.6452057361602783
543	0.08729849755764008	0.10627388209104538	0.6424804925918579
544	0.0886307805776596	0.10676467418670654	0.6403343677520752
545	0.08885359019041061	0.10705661028623581	0.6392082571983337
546	0.08871408551931381	0.10689441859722137	0.6397193074226379
547	0.08849076181650162	0.10625878721475601	0.6413009762763977
548	0.08804114162921906	0.10555057972669601	0.6431960463523865
549	0.08864706009626389	0.10525612533092499	0.6446611285209656
550	0.08883228152990341	0.10574627667665482	0.6453542709350586
551	0.08882367610931396	0.10685072094202042	0.6444084048271179
552	0.08752968907356262	0.1074371188879013	0.6436272263526917
553	0.08802065998315811	0.10752701014280319	0.6427751183509827
554	0.08922986686229706	0.10699599981307983	0.642951488494873
555	0.08925355225801468	0.10602237284183502	0.6442013382911682
556	0.08655238151550293	0.10547331720590591	0.6445216536521912
557	0.0881681740283966	0.1053037941455841	0.6449623107910156
558	0.08689584583044052	0.10556018352508545	0.6449078321456909
559	0.08700639754533768	0.10594862699508667	0.644917368888855
560	0.08795682340860367	0.1063370332121849	0.6458472609519958
561	0.08727376163005829	0.10635173320770264	0.6482256650924683
562	0.08704224973917007	0.10625701397657394	0.6504610776901245
563	0.08697688579559326	0.10571596771478653	0.6526878476142883
564	0.08715686202049255	0.10510383546352386	0.6552976369857788
565	0.08580271154642105	0.10466500371694565	0.657437801361084
566	0.08673524856567383	0.10433567315340042	0.6579414010047913
567	0.08825858682394028	0.10426002740859985	0.6573026180267334
568	0.0868188813328743	0.1053234189748764	0.6528887152671814
569	0.08642105013132095	0.10610534995794296	0.6486924290657043
570	0.08668922632932663	0.10644825547933578	0.6463856101036072
571	0.08872537314891815	0.10652746260166168	0.644810676574707
572	0.08656442165374756	0.10592874139547348	0.6453865170478821
573	0.0860106498003006	0.10534688085317612	0.646976888179779
574	0.08637578040361404	0.10482051968574524	0.649624228477478
575	0.08706136792898178	0.10507215559482574	0.6512083411216736
576	0.08671997487545013	0.10513695329427719	0.6531767249107361
577	0.0868435800075531	0.10523645579814911	0.6549441814422607
578	0.08805350214242935	0.10508520901203156	0.6562155485153198
579	0.08474411070346832	0.10433966666460037	0.6585031151771545
580	0.0873643308877945	0.1040155217051506	0.6595061421394348
581	0.08418020606040955	0.10407942533493042	0.6589411497116089
582	0.08536666631698608	0.10441312193870544	0.6578644514083862
583	0.08475076407194138	0.10488209128379822	0.6564725637435913
584	0.0857999175786972	0.10464251041412354	0.6566941738128662
585	0.08599065989255905	0.10448849201202393	0.6563702821731567
586	0.0855661928653717	0.10492822527885437	0.6542805433273315
587	0.08739494532346725	0.1053292527794838	0.6525405049324036
588	0.0872974619269371	0.10613076388835907	0.6508780717849731
589	0.08506173640489578	0.10634884238243103	0.6502476930618286
590	0.08459464460611343	0.10582882165908813	0.6507294178009033
591	0.08610314875841141	0.10524255782365799	0.6516040563583374
592	0.08445141464471817	0.10511673241853714	0.6520295739173889
593	0.08597168326377869	0.10494931042194366	0.652396559715271
594	0.08430703729391098	0.10513576865196228	0.6515272259712219
595	0.08549271523952484	0.10557011514902115	0.6507562398910522
596	0.08631595969200134	0.10552995651960373	0.6511550545692444
597	0.08402731269598007	0.10539738833904266	0.6522331237792969
598	0.0843876525759697	0.10498213768005371	0.6530019640922546
599	0.0862104669213295	0.10507546365261078	0.6518109440803528
600	0.08409940451383591	0.10519802570343018	0.6504645943641663
601	0.08457536995410919	0.10513752698898315	0.6498691439628601
602	0.08477716892957687	0.10538603365421295	0.6494731307029724
603	0.08407878130674362	0.10544655472040176	0.6495301127433777
604	0.08532091975212097	0.10530546307563782	0.6502233743667603
605	0.08536762744188309	0.10494634509086609	0.6515804529190063
606	0.08343716710805893	0.10447246581315994	0.6531282067298889
607	0.08534051477909088	0.10420485585927963	0.6544725894927979
608	0.08497728407382965	0.10434944182634354	0.6548343896865845
609	0.08628888428211212	0.10485012084245682	0.6543057560920715
610	0.08616647124290466	0.10564523190259933	0.6527134776115417
611	0.08369813859462738	0.1056748703122139	0.6520524621009827
612	0.08384858071804047	0.10514549911022186	0.6520399451255798
613	0.08335526287555695	0.10490255802869797	0.6517467498779297
614	0.08432821184396744	0.10477545112371445	0.6515472531318665
615	0.0842694491147995	0.10479261726140976	0.6523817181587219
616	0.08322086930274963	0.10472670942544937	0.6532126069068909
617	0.08362609148025513	0.10501663386821747	0.6534746885299683
618	0.08369333297014236	0.1056046336889267	0.6528220176696777
619	0.08404364436864853	0.10570835322141647	0.6532711982727051
620	0.0859014242887497	0.1052110344171524	0.6543121933937073
621	0.08344138413667679	0.1046726256608963	0.6558839082717896
622	0.08285223692655563	0.10474342852830887	0.6549451351165771
623	0.08268006145954132	0.10513336211442947	0.6536836624145508
624	0.08392353355884552	0.10544200986623764	0.6522212028503418
625	0.0846376046538353	0.10535182803869247	0.6524069309234619
626	0.08268057554960251	0.10540300607681274	0.6517692804336548
627	0.08361341804265976	0.10527440905570984	0.651989758014679
628	0.08320639282464981	0.10518927127122879	0.6528849005699158
629	0.08335559070110321	0.10495629161596298	0.654902458190918
630	0.08372941613197327	0.10509375482797623	0.6552209258079529
631	0.08387155830860138	0.10500216484069824	0.6552549004554749
632	0.0828365609049797	0.10506420582532883	0.6551284790039062
633	0.08343306183815002	0.10494264215230942	0.6555257439613342
634	0.08279457688331604	0.10487842559814453	0.656032383441925
635	0.0828309953212738	0.10469049215316772	0.6560553908348083
636	0.08316413313150406	0.10440453141927719	0.6545383930206299
637	0.08312628418207169	0.10460398346185684	0.6523529291152954
638	0.08396865427494049	0.10463123768568039	0.65301913022995
639	0.08344962447881699	0.10461921989917755	0.654670774936676
640	0.0838109701871872	0.10479903221130371	0.6556292772293091
641	0.08331024646759033	0.10496559739112854	0.6551823616027832
642	0.08450574427843094	0.10490855574607849	0.6535720825195312
643	0.08373905718326569	0.10473979264497757	0.653075635433197
644	0.08346784114837646	0.10404162853956223	0.6545670628547668
645	0.08368492126464844	0.10400822758674622	0.6532371044158936
646	0.08296523243188858	0.10453545302152634	0.6518880724906921
647	0.08384077250957489	0.1051483079791069	0.6497951745986938
648	0.08315251022577286	0.10610220581293106	0.6511200666427612
649	0.0821765884757042	0.1065104752779007	0.6522138714790344
650	0.08438979089260101	0.10526298731565475	0.6562799215316772
651	0.08480965346097946	0.10421975702047348	0.6601241827011108
652	0.08553618937730789	0.10359083861112595	0.6628831028938293
653	0.08458323031663895	0.10435282438993454	0.6600608825683594
654	0.08636808395385742	0.1051311045885086	0.6572518348693848
655	0.0840996578335762	0.1061210110783577	0.6543542146682739
656	0.08456097543239594	0.10671362280845642	0.6518288254737854
657	0.08538505434989929	0.10659890621900558	0.6493876576423645
658	0.08471255749464035	0.1058511808514595	0.6476290822029114
659	0.08370374888181686	0.10459079593420029	0.6523825526237488
660	0.0846703052520752	0.10438055545091629	0.6539977192878723
661	0.08483090251684189	0.10519977658987045	0.651409387588501
662	0.08431997150182724	0.10642531514167786	0.647922933101654
663	0.08376358449459076	0.10719618201255798	0.6495869755744934
664	0.08323218673467636	0.10691813379526138	0.6515260338783264
665	0.08256459981203079	0.10616043210029602	0.6538572311401367
666	0.08294390887022018	0.10518212616443634	0.6560940146446228
667	0.0836590975522995	0.10380869358778	0.6584241986274719
668	0.0815213993191719	0.1032431572675705	0.6609647870063782
669	0.08316855877637863	0.10333053767681122	0.6613239049911499
670	0.08333279192447662	0.10500391572713852	0.6537507176399231
671	0.08080606907606125	0.1058933287858963	0.6516806483268738
672	0.08227070420980453	0.10680335760116577	0.6453477144241333
673	0.08272775262594223	0.10626190900802612	0.6476465463638306
674	0.08364805579185486	0.10581829398870468	0.6486859321594238
675	0.08162179589271545	0.10518354177474976	0.6503281593322754
676	0.08237375319004059	0.10437251627445221	0.6550740599632263
677	0.081232950091362	0.10466823726892471	0.6559918522834778
678	0.08139797300100327	0.10478008538484573	0.6586011052131653
679	0.08156690001487732	0.10470183193683624	0.6600353717803955
680	0.08127637207508087	0.10450727492570877	0.6600157022476196
681	0.08118294924497604	0.1041446179151535	0.659671425819397
682	0.08162373304367065	0.10443609952926636	0.656502366065979
683	0.0817384272813797	0.10495994240045547	0.6527987718582153
684	0.0809628888964653	0.10549533367156982	0.6494472622871399
685	0.0803249254822731	0.10530990362167358	0.6520092487335205
686	0.0822882428765297	0.1051892414689064	0.652799129486084
687	0.08047936111688614	0.10516800731420517	0.6539143919944763
688	0.08069157600402832	0.10466991364955902	0.6577791571617126
689	0.08101761341094971	0.1044849082827568	0.6596401333808899
690	0.08017408102750778	0.10439955443143845	0.661252498626709
691	0.08086409419775009	0.10438594222068787	0.6619669795036316
692	0.08167022466659546	0.10416939109563828	0.6622189879417419
693	0.08002817630767822	0.10418263077735901	0.6600764989852905
694	0.07910262048244476	0.10400329530239105	0.6597153544425964
695	0.08117645978927612	0.10395192354917526	0.6595468521118164
696	0.0808349996805191	0.10436951369047165	0.6584458947181702
697	0.08003602176904678	0.10471650958061218	0.6569340825080872
698	0.08112331479787827	0.1044815257191658	0.658536970615387
699	0.07942511141300201	0.10399159789085388	0.6618338823318481
700	0.08193258196115494	0.10405376553535461	0.6635188460350037
701	0.08017441630363464	0.10393619537353516	0.6650223731994629
702	0.07964764535427094	0.10375118255615234	0.6662647128105164
703	0.07934217154979706	0.10362109541893005	0.6658849716186523
704	0.07926888763904572	0.10371173918247223	0.6641252040863037
705	0.08237678557634354	0.10344875603914261	0.6646183133125305
706	0.0804707407951355	0.10368864238262177	0.663672924041748
707	0.07933872193098068	0.1039622575044632	0.661817729473114
708	0.0793473944067955	0.10391887277364731	0.6620683670043945
709	0.07968750596046448	0.10375511646270752	0.6623051166534424
710	0.07933907210826874	0.10362610220909119	0.6627229452133179
711	0.07937010377645493	0.10369673371315002	0.6625081300735474
712	0.07929064333438873	0.10372757911682129	0.6623857617378235
713	0.07942687720060349	0.10343977063894272	0.6642289757728577
714	0.07903434336185455	0.10313645005226135	0.666160523891449
715	0.07838534563779831	0.10310399532318115	0.6666870713233948
716	0.07981030642986298	0.10335880517959595	0.6658927202224731
717	0.08041704446077347	0.10346613079309464	0.6650850772857666
718	0.07996752113103867	0.10327421873807907	0.6649647355079651
719	0.07892444729804993	0.10301094502210617	0.6652519106864929
720	0.07937797158956528	0.10315714031457901	0.6634496450424194
721	0.08045146614313126	0.10393606871366501	0.6594141125679016
722	0.07998564839363098	0.10484866052865982	0.6555303931236267
723	0.07923784852027893	0.10515476763248444	0.6551856398582458
724	0.07944150269031525	0.10448252409696579	0.6585327982902527
725	0.07901453226804733	0.1032814159989357	0.6634136438369751
726	0.07867071032524109	0.10242383927106857	0.667565107345581
727	0.07859460264444351	0.10227052122354507	0.6694051623344421
728	0.0784706249833107	0.10309051722288132	0.6649697422981262
729	0.07846327871084213	0.10416589677333832	0.6611175537109375
730	0.07824031263589859	0.10506738722324371	0.6579176187515259
731	0.07814560830593109	0.10483332723379135	0.6587758660316467
732	0.07759629189968109	0.10391871631145477	0.6627148985862732
733	0.07732148468494415	0.10300073772668839	0.6673262119293213
734	0.07805880159139633	0.10221564024686813	0.671484112739563
735	0.07881201058626175	0.10196178406476974	0.6732416152954102
736	0.07802018523216248	0.10211685299873352	0.6730300784111023
737	0.07810383290052414	0.10257942974567413	0.6716256141662598
738	0.07872743904590607	0.10337962955236435	0.6693400740623474
739	0.07847686111927032	0.10390948504209518	0.6668253540992737
740	0.07942312210798264	0.10319864749908447	0.6674603223800659
741	0.07717332243919373	0.10277338325977325	0.6674782633781433
742	0.07694555073976517	0.1025896742939949	0.6674403548240662
743	0.07753878831863403	0.10282205790281296	0.6656423211097717
744	0.07782291620969772	0.10339756309986115	0.662732720375061
745	0.07752765715122223	0.10387306660413742	0.6604726314544678
746	0.07845471799373627	0.10367593169212341	0.6614940762519836
747	0.07798531651496887	0.10358696430921555	0.6617460250854492
748	0.07790480554103851	0.10330196470022202	0.6629655957221985
749	0.07777965068817139	0.10288000106811523	0.6646577715873718
750	0.07761629670858383	0.10274361819028854	0.6655685305595398
751	0.0788087546825409	0.10286098718643188	0.6650524735450745
752	0.07707551121711731	0.10319747775793076	0.663196861743927
753	0.07723283022642136	0.1039697453379631	0.6589794158935547
754	0.0760897770524025	0.10497565567493439	0.6547924280166626
755	0.07654586434364319	0.10536698997020721	0.6537050604820251
756	0.07783140987157822	0.10468849539756775	0.6575027108192444
757	0.07731948792934418	0.10346902906894684	0.6636844277381897
758	0.07678499817848206	0.10263192653656006	0.6686162352561951
759	0.07714089751243591	0.10243451595306396	0.6697840094566345
760	0.07730735838413239	0.1027195081114769	0.6687712073326111
761	0.07607690989971161	0.10348708182573318	0.6658081412315369
762	0.07738960534334183	0.10448183864355087	0.6620315313339233
763	0.07717084139585495	0.10441887378692627	0.6614457368850708
764	0.07639015465974808	0.1036403700709343	0.6630200743675232
765	0.07687798142433167	0.10308928042650223	0.6647395491600037
766	0.07597586512565613	0.10292837023735046	0.6653727293014526
767	0.07863936573266983	0.10311011224985123	0.6648750901222229
768	0.07696911692619324	0.10344946384429932	0.6641594767570496
769	0.07527241110801697	0.10409507155418396	0.662714421749115
770	0.07641040533781052	0.10441583395004272	0.6620610952377319
771	0.07608280330896378	0.10418223589658737	0.6623262763023376
772	0.07619356364011765	0.10377231985330582	0.6626318693161011
773	0.07565310597419739	0.10329792648553848	0.6641727089881897
774	0.07676483690738678	0.10302363336086273	0.6654388904571533
775	0.07649073749780655	0.10299230366945267	0.6659852266311646
776	0.07675118744373322	0.1031622439622879	0.6657503843307495
777	0.0757824257016182	0.10347035527229309	0.6648463606834412
778	0.07595059275627136	0.10379359871149063	0.6634265780448914
779	0.07531631737947464	0.10370110720396042	0.6635218262672424
780	0.07697270065546036	0.10359205305576324	0.6636616587638855
781	0.07484293729066849	0.10345486551523209	0.66361004114151
782	0.0744611993432045	0.10332506150007248	0.6639187932014465
783	0.07524316012859344	0.10346740484237671	0.6632702350616455
784	0.07571867108345032	0.10349679738283157	0.6638463139533997
785	0.07516540586948395	0.10350547730922699	0.6646707653999329
786	0.07532127946615219	0.1033981591463089	0.6655247211456299
787	0.07506366074085236	0.10319784283638	0.6663747429847717
788	0.07576694339513779	0.10313770174980164	0.6665474772453308
789	0.07560814917087555	0.10326632857322693	0.6657727360725403
790	0.07569767534732819	0.10343411564826965	0.664766252040863
791	0.07479997724294662	0.10396615415811539	0.6622328758239746
792	0.07555262744426727	0.104432612657547	0.6603013873100281
793	0.07564065605401993	0.10392476618289948	0.6631017923355103
794	0.07459515333175659	0.10288478434085846	0.6683530807495117
795	0.07524588704109192	0.10188089311122894	0.6736700534820557
796	0.07632952928543091	0.10158373415470123	0.6756299734115601
797	0.07587965577840805	0.10182175040245056	0.6753410696983337
798	0.07512509822845459	0.10234008729457855	0.6731320023536682
799	0.07531469315290451	0.1029714047908783	0.6696334481239319
800	0.0755871906876564	0.10331518203020096	0.666747510433197
801	0.07477451115846634	0.10331933945417404	0.6653838753700256
802	0.07523251324892044	0.10308682918548584	0.6648778915405273
803	0.07561127841472626	0.10302729904651642	0.6647075414657593
804	0.07443716377019882	0.10320322215557098	0.664431095123291
805	0.07386525720357895	0.10327345132827759	0.6651386618614197
806	0.07410313934087753	0.10305416584014893	0.6677848100662231
807	0.0756380707025528	0.1026047021150589	0.6707463264465332
808	0.07423947751522064	0.10248369723558426	0.6717250943183899
809	0.07493110001087189	0.10251215845346451	0.6714133024215698
810	0.07523295283317566	0.10277540236711502	0.6698288917541504
811	0.07303747534751892	0.10307416319847107	0.6676138043403625
812	0.07394932955503464	0.10334773361682892	0.6653084754943848
813	0.07371049374341965	0.10358134657144547	0.6633559465408325
814	0.0744071826338768	0.10354648530483246	0.663368821144104
815	0.07440144568681717	0.10332270711660385	0.6649627089500427
816	0.07397231459617615	0.1029302254319191	0.6677741408348083
817	0.07496325671672821	0.10268650203943253	0.669894278049469
818	0.07317977398633957	0.10276467353105545	0.6701600551605225
819	0.07397723942995071	0.10287882387638092	0.6700083613395691
820	0.07286137342453003	0.10276157408952713	0.6709839105606079
821	0.0736953541636467	0.10264839231967926	0.6716826558113098
822	0.07355031371116638	0.10242777317762375	0.6720611453056335
823	0.07440681755542755	0.10235004872083664	0.6720341444015503
824	0.07390502840280533	0.10254120081663132	0.6704071164131165
825	0.07537258416414261	0.10293009877204895	0.6682106256484985
826	0.07289424538612366	0.10329689085483551	0.6660283207893372
827	0.07272280007600784	0.1035919040441513	0.6642643213272095
828	0.07237052172422409	0.10325045138597488	0.6677589416503906
829	0.07279666513204575	0.10305468738079071	0.666825532913208
830	0.07350349426269531	0.1024017259478569	0.6702101826667786
831	0.07292664051055908	0.10210005193948746	0.6720065474510193
832	0.07474669814109802	0.10261930525302887	0.6704047918319702
833	0.07144507765769958	0.10326502472162247	0.6679481863975525
834	0.07372427731752396	0.10371031612157822	0.6660366058349609
835	0.07437775284051895	0.10409533232450485	0.6640163064002991
836	0.07414796948432922	0.104011669754982	0.6638467907905579
837	0.07316210865974426	0.1034822091460228	0.6663148403167725
838	0.0727216899394989	0.10306893289089203	0.668758749961853
839	0.07352279871702194	0.10264532268047333	0.6710968613624573
840	0.0731431394815445	0.10262014716863632	0.6713470816612244
841	0.07416120916604996	0.10279108583927155	0.6706672310829163
842	0.07271010428667068	0.10315518081188202	0.6690047979354858
843	0.07266593724489212	0.10346238315105438	0.6671499609947205
844	0.0732998475432396	0.10342086106538773	0.6663334369659424
845	0.07326434552669525	0.10282745212316513	0.668323278427124
846	0.0722249373793602	0.10239998251199722	0.6701421737670898
847	0.0736553743481636	0.10222069174051285	0.6716667413711548
848	0.07219183444976807	0.1023254245519638	0.6725093722343445
849	0.07175593078136444	0.10288725793361664	0.6714176535606384
850	0.07210264354944229	0.10303503274917603	0.6722337603569031
851	0.07205376774072647	0.10311577469110489	0.6727297306060791
852	0.07305742055177689	0.1029282659292221	0.6731134057044983
853	0.07236433029174805	0.10299226641654968	0.6721294522285461
854	0.07236840575933456	0.10319782793521881	0.6702036261558533
855	0.07243760675191879	0.10328178852796555	0.6688626408576965
856	0.07389653474092484	0.10339075326919556	0.6678744554519653
857	0.073262520134449	0.10349729657173157	0.6672776341438293
858	0.07344299554824829	0.10352297127246857	0.6672858595848083
859	0.0726136565208435	0.10337138921022415	0.6687220931053162
860	0.07082919031381607	0.10299348831176758	0.6703205704689026
861	0.07216769456863403	0.10282301157712936	0.6702528595924377
862	0.07181242108345032	0.10282042622566223	0.6696966886520386
863	0.07310308516025543	0.10304852575063705	0.6678562760353088
864	0.07140664756298065	0.10315289348363876	0.6666954755783081
865	0.07197161018848419	0.10326170921325684	0.6652947664260864
866	0.0731225237250328	0.1034666895866394	0.663356602191925
867	0.07235163450241089	0.10330294817686081	0.6639430522918701
868	0.0711553543806076	0.10282590985298157	0.6664506793022156
869	0.07153253257274628	0.1024087592959404	0.6686512231826782
870	0.07162501662969589	0.10215107351541519	0.6703901290893555
871	0.07013966143131256	0.10200472921133041	0.6716125011444092
872	0.07264712452888489	0.10204937309026718	0.6723960041999817
873	0.07152727991342545	0.10219643265008926	0.672661304473877
874	0.07066791504621506	0.10238606482744217	0.6725411415100098
875	0.07198618352413177	0.1025799810886383	0.6717091798782349
876	0.07260102778673172	0.10259190201759338	0.6712228655815125
877	0.07269678264856339	0.10262593626976013	0.6701982021331787
878	0.07248316705226898	0.10266119986772537	0.6691378951072693
879	0.07091379910707474	0.10290587693452835	0.6677420139312744
880	0.07080240547657013	0.10302212089300156	0.667280912399292
881	0.07145683467388153	0.10265941917896271	0.6698814034461975
882	0.07117333263158798	0.10236132889986038	0.6715245842933655
883	0.07142231613397598	0.10257256031036377	0.6702162027359009
884	0.07097043842077255	0.10294601321220398	0.668510377407074
885	0.07130498439073563	0.10295449197292328	0.6681329011917114
886	0.07129168510437012	0.10270719230175018	0.6686485409736633
887	0.07045260071754456	0.10247976332902908	0.6690922379493713
888	0.07033782452344894	0.10251175612211227	0.6685778498649597
889	0.0706738755106926	0.10283743590116501	0.6670294404029846
890	0.07153570652008057	0.10326219350099564	0.6652052998542786
891	0.07112576067447662	0.10367681086063385	0.6632144451141357
892	0.07141119986772537	0.10368160903453827	0.6635140180587769
893	0.07153668999671936	0.10321871936321259	0.666280210018158
894	0.06963426619768143	0.10256899148225784	0.6700941324234009
895	0.0709778293967247	0.10227237641811371	0.6721044182777405
896	0.06914585828781128	0.10232317447662354	0.6720057725906372
897	0.06978540122509003	0.10240615159273148	0.672124981880188
898	0.07098767906427383	0.10259798169136047	0.6719492673873901
899	0.06884834915399551	0.10285178571939468	0.6710852980613708
900	0.07040410488843918	0.1029563844203949	0.6704609394073486
901	0.07015008479356766	0.10268609970808029	0.6714624762535095
902	0.07098069787025452	0.10220077633857727	0.6732901334762573
903	0.07004410773515701	0.10189659148454666	0.6743855476379395
904	0.07100050896406174	0.10186143964529037	0.6742255687713623
905	0.07003504782915115	0.10209648311138153	0.67303866147995
906	0.07033167779445648	0.10237883031368256	0.6716169714927673
907	0.07016298174858093	0.10261403024196625	0.6703798770904541
908	0.06986960768699646	0.10262341797351837	0.6702701449394226
909	0.0692632794380188	0.10247927159070969	0.6708477735519409
910	0.06898851692676544	0.1022651270031929	0.6722068190574646
911	0.07006293535232544	0.10211419314146042	0.6728144288063049
912	0.0704268142580986	0.10216717422008514	0.6724309325218201
913	0.07004507631063461	0.10229344666004181	0.6714857816696167
914	0.06941743940114975	0.10220464318990707	0.6717608571052551
915	0.06963642686605453	0.10222011059522629	0.6716107726097107
916	0.06915618479251862	0.10213400423526764	0.6720432639122009
917	0.07044217735528946	0.10215405374765396	0.6723338961601257
918	0.07024545967578888	0.10241337865591049	0.6719270944595337
919	0.06908713281154633	0.10263054072856903	0.67177414894104
920	0.06990722566843033	0.10256752371788025	0.6724863648414612
921	0.06966856122016907	0.10256199538707733	0.6723628044128418
922	0.07032633572816849	0.10244430601596832	0.6725724935531616
923	0.07017240673303604	0.10233907401561737	0.6725066304206848
924	0.07056715339422226	0.10215155780315399	0.6728816628456116
925	0.06959360092878342	0.10178083181381226	0.6747819781303406
926	0.07050640881061554	0.10170158743858337	0.674826979637146
927	0.06797859817743301	0.10177977383136749	0.6739100813865662
928	0.0704343318939209	0.10207773000001907	0.6718677878379822
929	0.06815791130065918	0.10235895216464996	0.6697659492492676
930	0.06932467222213745	0.10248512029647827	0.6687430739402771
931	0.06942182779312134	0.10249746590852737	0.6684654355049133
932	0.06856949627399445	0.10228001326322556	0.6690483689308167
933	0.06821580231189728	0.10217390954494476	0.669905424118042
934	0.06871918588876724	0.10244464874267578	0.669720470905304
935	0.0692407637834549	0.1026814877986908	0.6694756746292114
936	0.06909558176994324	0.10266464203596115	0.6702374815940857
937	0.06870858371257782	0.10233414173126221	0.6723732352256775
938	0.06876476109027863	0.1019313707947731	0.6745709776878357
939	0.06919074058532715	0.10164632648229599	0.6755063533782959
940	0.06920769065618515	0.10160225629806519	0.6753920912742615
941	0.06777626276016235	0.10188913345336914	0.6739386916160583
942	0.06868399679660797	0.10226031392812729	0.6721428036689758
943	0.06881964951753616	0.10267387330532074	0.6710624694824219
944	0.07004500925540924	0.10282954573631287	0.6708807945251465
945	0.06930731981992722	0.10244195908308029	0.6722626090049744
946	0.06856795400381088	0.10192399471998215	0.6739182472229004
947	0.0690033808350563	0.10157819092273712	0.6756112575531006
948	0.0682174414396286	0.10142753273248672	0.6765737533569336
949	0.06922364979982376	0.10166490077972412	0.6754129528999329
950	0.06887289881706238	0.10214296728372574	0.6729061007499695
951	0.06686767935752869	0.10268779844045639	0.6705127954483032
952	0.06889019906520844	0.10273826867341995	0.6697965860366821
953	0.06940135359764099	0.1025872752070427	0.6702352166175842
954	0.06835686415433884	0.10248918831348419	0.6709001660346985
955	0.06820681691169739	0.10230455547571182	0.6721585392951965
956	0.0680578425526619	0.1020897701382637	0.6741053462028503
957	0.06894305348396301	0.10252297669649124	0.6731541156768799
958	0.06839432567358017	0.10308592021465302	0.6717116236686707
959	0.06840824335813522	0.10306709259748459	0.6716898679733276
960	0.06718672811985016	0.10240117460489273	0.6745554208755493
961	0.06797565519809723	0.1014721542596817	0.6781829595565796
962	0.06824495643377304	0.10076303780078888	0.6813318133354187
963	0.06768585741519928	0.10039287060499191	0.6832687854766846
964	0.06826367974281311	0.10043811798095703	0.6828588247299194
965	0.06840004771947861	0.10091718286275864	0.6803281307220459
966	0.06823764741420746	0.10172636806964874	0.6759178638458252
967	0.06711985915899277	0.10230264812707901	0.6735736131668091
968	0.06629385054111481	0.1023055836558342	0.6735236048698425
969	0.06859611719846725	0.1018381118774414	0.6750776171684265
970	0.06761462241411209	0.10113637149333954	0.6779030561447144
971	0.06910628080368042	0.10065654665231705	0.6800846457481384
972	0.067999929189682	0.10058999061584473	0.6801501512527466
973	0.06764039397239685	0.10091544687747955	0.678867518901825
974	0.06791671365499496	0.1018204316496849	0.6755176186561584
975	0.06667739897966385	0.10253084450960159	0.6726803779602051
976	0.06839995831251144	0.10219515115022659	0.6733749508857727
977	0.06715505570173264	0.10155291110277176	0.6747676134109497
978	0.0670778900384903	0.10109329223632812	0.6758487820625305
979	0.06643958389759064	0.10101699829101562	0.6759108901023865
980	0.06667247414588928	0.10114752501249313	0.6745983958244324
981	0.06834106147289276	0.10135837644338608	0.6739730834960938
982	0.06751351803541183	0.1017935574054718	0.6729087233543396
983	0.0674986019730568	0.10208538174629211	0.6730260252952576
984	0.06815517693758011	0.10188731551170349	0.6734700798988342
985	0.06689245253801346	0.10155616700649261	0.6743722558021545
986	0.06664363294839859	0.10149505734443665	0.6742129921913147
987	0.06709606945514679	0.10151409357786179	0.674300491809845
988	0.0676269456744194	0.10164806246757507	0.6738219261169434
989	0.06681706756353378	0.10178054124116898	0.6737214922904968
990	0.06759750843048096	0.10191861540079117	0.6732882857322693
991	0.06721141189336777	0.10212504118680954	0.6721892356872559
992	0.06648486107587814	0.1019122377038002	0.672585666179657
993	0.06650295108556747	0.1016080379486084	0.673994779586792
994	0.0667543113231659	0.10130179673433304	0.6755979061126709
995	0.06789471954107285	0.10115192085504532	0.6768524050712585
996	0.06694825738668442	0.10124457627534866	0.6763090491294861
997	0.06746526062488556	0.10146947205066681	0.6759625673294067
998	0.06565310806035995	0.10197971016168594	0.6746355295181274
999	0.0669010654091835	0.1022072285413742	0.6743314266204834
1000	0.06695865839719772	0.10221380740404129	0.6749507188796997
1001	0.06659621745347977	0.1018880158662796	0.6766483783721924
1002	0.0662417933344841	0.10144388675689697	0.6796658635139465
1003	0.06740747392177582	0.10117290169000626	0.6817558407783508
1004	0.06740785390138626	0.10118307918310165	0.6818050742149353
1005	0.06544534862041473	0.10144301503896713	0.6808066368103027
1006	0.06633666157722473	0.10171760618686676	0.6793237328529358
1007	0.06776317209005356	0.10195641964673996	0.6783878207206726
1008	0.06727388501167297	0.10180823504924774	0.6779817342758179
1009	0.0666973665356636	0.10146259516477585	0.6783769130706787
1010	0.06583806127309799	0.10163374990224838	0.6766006946563721
1011	0.06678777933120728	0.10178543627262115	0.675636351108551
1012	0.06640617549419403	0.1019848957657814	0.6743376851081848
1013	0.06642038375139236	0.10223331302404404	0.6732352375984192
1014	0.06613283604383469	0.10206785798072815	0.6749771237373352
1015	0.06725746393203735	0.10186813771724701	0.676576554775238
1016	0.06613610684871674	0.10157810151576996	0.6782450079917908
1017	0.06538565456867218	0.10131072252988815	0.6793376803398132
1018	0.06526990234851837	0.10140655189752579	0.6785968542098999
1019	0.06594406068325043	0.10161057859659195	0.6774206757545471
1020	0.06513859331607819	0.10195052623748779	0.6753703355789185
1021	0.0673273578286171	0.10221542418003082	0.673721432685852
1022	0.06524062901735306	0.1023428738117218	0.6728358268737793
1023	0.06697850674390793	0.10227072238922119	0.6728004813194275
1024	0.06710971891880035	0.1019795686006546	0.6740790009498596
1025	0.06675942987203598	0.10166022926568985	0.675352931022644
1026	0.0665622279047966	0.10132069885730743	0.6769178509712219
1027	0.06588151305913925	0.10109791159629822	0.6782491207122803
1028	0.06562097370624542	0.10124471783638	0.6774656176567078
1029	0.06565845012664795	0.1014050543308258	0.6766433715820312
1030	0.06618896871805191	0.10160762816667557	0.6755939722061157
1031	0.06625397503376007	0.10192488133907318	0.6739830374717712
1032	0.06556560844182968	0.10204173624515533	0.6735790371894836
1033	0.064848393201828	0.10219208896160126	0.6729119420051575
1034	0.06626252830028534	0.10232564806938171	0.672497034072876
1035	0.06508065015077591	0.10248001664876938	0.6721950769424438
1036	0.06535342335700989	0.10202682018280029	0.6753543019294739
1037	0.06548142433166504	0.10162656754255295	0.6780813932418823
1038	0.06545162945985794	0.1013919860124588	0.6800860166549683
1039	0.06536734849214554	0.10113075375556946	0.6819941401481628
1040	0.06476221233606339	0.10134816914796829	0.6809161901473999
1041	0.06498831510543823	0.10157345980405807	0.6795592308044434
1042	0.06513432413339615	0.10171764343976974	0.6786698698997498
1043	0.06490498036146164	0.10191930830478668	0.6773253083229065
1044	0.06513401120901108	0.10197503119707108	0.6766696572303772
1045	0.06453114002943039	0.10208730399608612	0.6750599145889282
1046	0.06592903286218643	0.10217174887657166	0.6736574769020081
1047	0.06622333079576492	0.10205378383398056	0.6737740635871887
1048	0.06388463079929352	0.10185253620147705	0.6752743124961853
1049	0.06464466452598572	0.10163813084363937	0.6765005588531494
1050	0.06370464712381363	0.10145183652639389	0.6776431202888489
1051	0.06398816406726837	0.10149378329515457	0.6776187419891357
1052	0.06526187062263489	0.10160139948129654	0.6771455407142639
1053	0.064993716776371	0.10167225450277328	0.6770544648170471
1054	0.06367336213588715	0.10146859288215637	0.678048849105835
1055	0.06348050385713577	0.10115309804677963	0.6800605654716492
1056	0.0646514743566513	0.10103540867567062	0.6808037757873535
1057	0.06404728442430496	0.1010044515132904	0.6813523769378662
1058	0.06432723253965378	0.10116289556026459	0.6807852983474731
1059	0.06448173522949219	0.10136772692203522	0.6797919273376465
1060	0.06401529163122177	0.10141894966363907	0.6795318126678467
1061	0.0636516660451889	0.10144206136465073	0.6788574457168579
1062	0.06462053954601288	0.10130360722541809	0.679191529750824
1063	0.06385503709316254	0.10125185549259186	0.6792560815811157
1064	0.06375759840011597	0.10155530273914337	0.6776466369628906
1065	0.06529683619737625	0.10199034959077835	0.6754363179206848
1066	0.06606873124837875	0.1021857038140297	0.6741942167282104
1067	0.0639767125248909	0.10240782052278519	0.672588586807251
1068	0.06404121220111847	0.1025344505906105	0.6711826920509338
1069	0.06466628611087799	0.10221970081329346	0.6729046702384949
1070	0.06502602994441986	0.10170235484838486	0.6765930652618408
1071	0.06353095918893814	0.10123264789581299	0.6798508763313293
1072	0.06379364430904388	0.10098613053560257	0.6818078756332397
1073	0.06360567361116409	0.10084253549575806	0.6828095316886902
1074	0.06399600207805634	0.10087718814611435	0.6830928921699524
1075	0.0631900280714035	0.10099668800830841	0.6826730370521545
1076	0.06360071152448654	0.10106711834669113	0.6825021505355835
1077	0.06414507329463959	0.10124769061803818	0.6816579103469849
1078	0.06423703581094742	0.10125847905874252	0.6811791658401489
1079	0.06326188892126083	0.10151601582765579	0.6791688799858093
1080	0.06452620029449463	0.10193116217851639	0.6766466498374939
1081	0.06331837177276611	0.10236085206270218	0.6739494800567627
1082	0.06314852088689804	0.10270591825246811	0.6716455817222595
1083	0.0625346451997757	0.10254848748445511	0.6721534132957458
1084	0.0635794997215271	0.10251449793577194	0.671811044216156
1085	0.06396113336086273	0.10270979255437851	0.6704661250114441
1086	0.06449496001005173	0.10297134518623352	0.668969988822937
1087	0.06308747082948685	0.10294598340988159	0.6696404218673706
1088	0.06313126534223557	0.10284022986888885	0.670783281326294
1089	0.06260712444782257	0.10250571370124817	0.6732692718505859
1090	0.06401548534631729	0.10200898349285126	0.6767815351486206
1091	0.0637483075261116	0.10163765400648117	0.6792044043540955
1092	0.06427914649248123	0.10142076015472412	0.6803008317947388
1093	0.06266890466213226	0.10124456882476807	0.6805925965309143
1094	0.06388216465711594	0.1012180969119072	0.6804503202438354
1095	0.06351698189973831	0.10102260112762451	0.6810908913612366
1096	0.062276240438222885	0.1006920263171196	0.6826369762420654
1097	0.06309971213340759	0.10065292567014694	0.6830241084098816
1098	0.06298711150884628	0.10084730386734009	0.6825007796287537
1099	0.06352721899747849	0.10067570209503174	0.6833574175834656
1100	0.06361541897058487	0.10051143914461136	0.6841314435005188
1101	0.06279530376195908	0.1004505529999733	0.6842193603515625
1102	0.06481409072875977	0.10084181278944016	0.682097315788269
1103	0.06279654055833817	0.10134920477867126	0.6794255375862122
1104	0.06380966305732727	0.10172130167484283	0.6776610016822815
1105	0.06345365196466446	0.10206080973148346	0.6763239502906799
1106	0.06395260244607925	0.10204339772462845	0.6771645545959473
1107	0.06313631683588028	0.10179503262042999	0.6795769929885864
1108	0.06269288063049316	0.10165517032146454	0.6807960867881775
1109	0.06289108842611313	0.10164075344800949	0.6807034611701965
1110	0.0630052462220192	0.10178763419389725	0.6794131398200989
1111	0.0626550242304802	0.1018744483590126	0.6785645484924316
1112	0.06296859681606293	0.10167469084262848	0.679107129573822
1113	0.06307295709848404	0.10126049071550369	0.6811002492904663
1114	0.06253425776958466	0.10100659728050232	0.6820460557937622
1115	0.06313679367303848	0.10088435560464859	0.682370126247406
1116	0.06266504526138306	0.1009903997182846	0.6813894510269165
1117	0.06256698071956635	0.10130714625120163	0.6797035932540894
1118	0.061528537422418594	0.10156383365392685	0.6783454418182373
1119	0.06298580765724182	0.10175924003124237	0.6771150827407837
1120	0.06222357228398323	0.10162976384162903	0.6775182485580444
1121	0.06245536357164383	0.10149410367012024	0.6779395341873169
1122	0.06295579671859741	0.10148105025291443	0.6778765916824341
1123	0.06171314790844917	0.10136657953262329	0.6784853339195251
1124	0.06317561119794846	0.10146308690309525	0.6781476140022278
1125	0.06212709844112396	0.10151579976081848	0.6778498888015747
1126	0.0623541958630085	0.1017279177904129	0.6765822768211365
1127	0.0620652437210083	0.10205820202827454	0.6746304035186768
1128	0.061917584389448166	0.101919025182724	0.6745921969413757
1129	0.06086263805627823	0.10159865766763687	0.675180971622467
1130	0.0628570094704628	0.10123243927955627	0.6783722639083862
1131	0.06358736753463745	0.10112783312797546	0.6796854138374329
1132	0.06240994483232498	0.10112117975950241	0.6797536611557007
1133	0.06273701786994934	0.10147478431463242	0.6786351799964905
1134	0.06121659278869629	0.10199854522943497	0.6759327054023743
1135	0.06243327260017395	0.10230782628059387	0.6743699908256531
1136	0.062204089015722275	0.10216987878084183	0.6750035285949707
1137	0.060993269085884094	0.10205905139446259	0.6756479144096375
1138	0.06258313357830048	0.10206043720245361	0.675685465335846
1139	0.062046561390161514	0.1020447164773941	0.6758356690406799
1140	0.06266352534294128	0.10191641002893448	0.6764163970947266
1141	0.06324770301580429	0.10199825465679169	0.6757462024688721
1142	0.06288804113864899	0.10177005082368851	0.6766794919967651
1143	0.06084860861301422	0.10167823731899261	0.6767143607139587
1144	0.062358710914850235	0.10145298391580582	0.6778026819229126
1145	0.061001602560281754	0.10102429240942001	0.6799564957618713
1146	0.0618065670132637	0.10085144639015198	0.6806842684745789
1147	0.061649151146411896	0.10084785521030426	0.6806074976921082
1148	0.06188925355672836	0.10102003067731857	0.6797284483909607
1149	0.06069071218371391	0.1012272834777832	0.678726077079773
1150	0.061599284410476685	0.10130307823419571	0.6782760620117188
1151	0.060504548251628876	0.10155324637889862	0.6770683526992798
1152	0.06049169972538948	0.10141154378652573	0.6779236197471619
1153	0.061420973390340805	0.1010059118270874	0.6800198554992676
1154	0.061736803501844406	0.10048440843820572	0.6828606724739075
1155	0.061548441648483276	0.10022325813770294	0.6837811470031738
1156	0.06132346764206886	0.10025234520435333	0.6837397813796997
1157	0.06117622181773186	0.10035143792629242	0.6832101941108704
1158	0.06126664578914642	0.10067754983901978	0.6817089319229126
1159	0.06151708588004112	0.10100921988487244	0.6802368760108948
1160	0.06176279857754707	0.1012367382645607	0.6796025037765503
1161	0.06222670152783394	0.10127051919698715	0.6796298027038574
1162	0.06126995012164116	0.10116871446371078	0.680493950843811
1163	0.061356015503406525	0.10106584429740906	0.6809691190719604
1164	0.06176194176077843	0.10109739005565643	0.6804944276809692
1165	0.06014159321784973	0.1006997674703598	0.6824178695678711
1166	0.060460928827524185	0.10027860850095749	0.684283435344696
1167	0.060337334871292114	0.10019435733556747	0.6842294335365295
1168	0.061529528349637985	0.1004745364189148	0.6823257803916931
1169	0.061419375240802765	0.10094882547855377	0.679002046585083
1170	0.06087500602006912	0.10155680030584335	0.6751512885093689
1171	0.060722846537828445	0.10171084105968475	0.6737130284309387
1172	0.0616530179977417	0.10135943442583084	0.6755977272987366
1173	0.06180821731686592	0.10083381831645966	0.6795957684516907
1174	0.060513272881507874	0.10043009370565414	0.6826481223106384
1175	0.0623805895447731	0.10033009201288223	0.6838123798370361
1176	0.06159088760614395	0.10036125034093857	0.6830758452415466
1177	0.06120423600077629	0.10074646770954132	0.6810159683227539
1178	0.06096920743584633	0.10122121870517731	0.6787105798721313
1179	0.06167474016547203	0.10142171382904053	0.6778530478477478
1180	0.06078651174902916	0.10129676759243011	0.6789593696594238
1181	0.05986347049474716	0.10070598125457764	0.6826037168502808
1182	0.06030021607875824	0.10043340176343918	0.6843273043632507
1183	0.060872580856084824	0.10035187751054764	0.6847813129425049
1184	0.06057031452655792	0.10049232840538025	0.6841423511505127
1185	0.06027855724096298	0.10059675574302673	0.6835138201713562
1186	0.059549909085035324	0.10072783380746841	0.6828004121780396
1187	0.05922633409500122	0.10060146450996399	0.6835440993309021
1188	0.0610969215631485	0.10028759390115738	0.6854479908943176
1189	0.05992992967367172	0.10025209933519363	0.6857920289039612
1190	0.06111152470111847	0.10036786645650864	0.6856034994125366
1191	0.06012611463665962	0.1005430519580841	0.6849128603935242
1192	0.06138082593679428	0.10065067559480667	0.6844016909599304
1193	0.059910181909799576	0.10111378878355026	0.6837893128395081
1194	0.06103562191128731	0.10114612430334091	0.6829570531845093
1195	0.060285042971372604	0.10115368664264679	0.6824721097946167
1196	0.060677420347929	0.10107836127281189	0.6824138760566711
1197	0.060116708278656006	0.1010793074965477	0.6818270087242126
1198	0.05987030267715454	0.10093327611684799	0.6820907592773438
1199	0.06063097342848778	0.10087510943412781	0.681669294834137
1200	0.059585995972156525	0.10074925422668457	0.6819071173667908
1201	0.060051482170820236	0.10071442276239395	0.6822042465209961
1202	0.06096117943525314	0.10085899382829666	0.6814901232719421
1203	0.059870395809412	0.10108762979507446	0.6805711388587952
1204	0.06016238033771515	0.10103704035282135	0.681378960609436
1205	0.06038109213113785	0.10083350539207458	0.6827902793884277
1206	0.0597892701625824	0.10074673593044281	0.68393874168396
1207	0.06019441410899162	0.10085046291351318	0.6838777661323547
1208	0.059420615434646606	0.10119739919900894	0.6820077896118164
1209	0.05965718999505043	0.10152498632669449	0.6800345182418823
1210	0.06069842353463173	0.10164113342761993	0.6791070103645325
1211	0.0601133368909359	0.1015188992023468	0.6798393130302429
1212	0.0592123344540596	0.10121813416481018	0.6810999512672424
1213	0.058924488723278046	0.10073418915271759	0.6828452944755554
1214	0.05996708571910858	0.1003970354795456	0.6834398508071899
1215	0.059846390038728714	0.10025032609701157	0.6836843490600586
1216	0.05956572666764259	0.10012739896774292	0.6843246817588806
1217	0.05905052646994591	0.100339874625206	0.6839799284934998
1218	0.05967899039387703	0.10072916001081467	0.6827766299247742
1219	0.059584878385066986	0.1008879765868187	0.6824741959571838
1220	0.05941367521882057	0.10078578442335129	0.6831220984458923
1221	0.05860336124897003	0.10070621967315674	0.6837552785873413
1222	0.05953685939311981	0.10099723935127258	0.6828427910804749
1223	0.06081095710396767	0.10138650238513947	0.6809842586517334
1224	0.05907135084271431	0.10169188678264618	0.6795305013656616
1225	0.05986471846699715	0.10189352929592133	0.6782424449920654
1226	0.05920290946960449	0.10162968933582306	0.6791161298751831
1227	0.05971187725663185	0.1011425331234932	0.6803892850875854
1228	0.06049884110689163	0.10067042708396912	0.6816678047180176
1229	0.058800507336854935	0.1004473865032196	0.681506872177124
1230	0.06020089611411095	0.1003822311758995	0.6810392141342163
1231	0.05890091881155968	0.1005643904209137	0.6797793507575989
1232	0.060479190200567245	0.1005341187119484	0.6799750924110413
1233	0.06082739308476448	0.10035692900419235	0.6816699504852295
1234	0.05898517742753029	0.10014162212610245	0.6838995218276978
1235	0.05982610955834389	0.10000532865524292	0.6858288645744324
1236	0.05920843780040741	0.10000491887331009	0.6870334148406982
1237	0.06029871106147766	0.0997716635465622	0.6887388229370117
1238	0.060223061591386795	0.09977391362190247	0.6892387270927429
1239	0.05888460949063301	0.09996049851179123	0.6883044838905334
1240	0.058054402470588684	0.10020888596773148	0.6865899562835693
1241	0.05939016491174698	0.10010399669408798	0.6865898370742798
1242	0.05937161669135094	0.10004732012748718	0.6865115761756897
1243	0.059761010110378265	0.09989175945520401	0.6865387558937073
1244	0.05832744762301445	0.099938303232193	0.685951292514801
1245	0.05856378376483917	0.10023940354585648	0.68387371301651
1246	0.05916253477334976	0.10068962723016739	0.6811246275901794
1247	0.05938825383782387	0.10109981894493103	0.678918719291687
1248	0.05924234539270401	0.10126914829015732	0.6779334545135498
1249	0.05910086631774902	0.10131411254405975	0.6780168414115906
1250	0.05840281769633293	0.10114305466413498	0.6792446970939636
1251	0.058345548808574677	0.10102192312479019	0.6803135871887207
1252	0.0585273802280426	0.10089932382106781	0.6812471151351929
1253	0.058676376938819885	0.10096162557601929	0.6810498833656311
1254	0.05849830433726311	0.10120602697134018	0.6792815327644348
1255	0.05794237554073334	0.10152702033519745	0.6769860982894897
1256	0.05784305930137634	0.10168624669313431	0.676007866859436
1257	0.05842921882867813	0.1016516238451004	0.6763707399368286
1258	0.05869109556078911	0.10123232752084732	0.6790081858634949
1259	0.058787934482097626	0.10069947689771652	0.6823160648345947
1260	0.05889139696955681	0.10004522651433945	0.6860501766204834
1261	0.05930926650762558	0.09954161196947098	0.6887083053588867
1262	0.05877375975251198	0.09948215633630753	0.6895983815193176
1263	0.0572093203663826	0.09968169033527374	0.6889457106590271
1264	0.058910638093948364	0.10023465007543564	0.6864572167396545
1265	0.05721127986907959	0.10077424347400665	0.6835983395576477
1266	0.058673031628131866	0.10122811794281006	0.6808721423149109
1267	0.057709913700819016	0.10138817131519318	0.6802812814712524
1268	0.058238934725522995	0.1010599359869957	0.6825577616691589
1269	0.05849258601665497	0.10072717815637589	0.6846520900726318
1270	0.05885140597820282	0.10039393603801727	0.6864985227584839
1271	0.05756820738315582	0.10027523338794708	0.6870914697647095
1272	0.05882159247994423	0.10027723759412766	0.6870373487472534
1273	0.05792037770152092	0.10025332123041153	0.6868887543678284
1274	0.057875487953424454	0.10031856596469879	0.6864942908287048
1275	0.05839921534061432	0.10044321417808533	0.6859632134437561
1276	0.05781240016222	0.10044502466917038	0.6856098175048828
1277	0.058731548488140106	0.10047977417707443	0.6852067112922668
1278	0.05793291702866554	0.10043537616729736	0.685799241065979
1279	0.057108551263809204	0.10040218383073807	0.686779260635376
1280	0.05869581550359726	0.10037039965391159	0.6870887279510498
1281	0.05742673948407173	0.10028354078531265	0.6879165768623352
1282	0.05947917327284813	0.10026273131370544	0.688260018825531
1283	0.05687488242983818	0.10036338865756989	0.6880389451980591
1284	0.05768028646707535	0.10038051754236221	0.6877728700637817
1285	0.05740314722061157	0.10024818778038025	0.688082218170166
1286	0.05761867016553879	0.10008127242326736	0.6884700059890747
1287	0.057523369789123535	0.09991244226694107	0.688623309135437
1288	0.057740889489650726	0.09983135759830475	0.6884142160415649
1289	0.05815858393907547	0.10009006410837173	0.6867683529853821
1290	0.057701703161001205	0.10035908222198486	0.6848582625389099
1291	0.0576431080698967	0.10066742449998856	0.682900071144104
1292	0.05724326893687248	0.10085521638393402	0.6815492510795593
1293	0.057994477450847626	0.10076559334993362	0.6812679171562195
1294	0.05833909288048744	0.10079271346330643	0.6809806227684021
1295	0.057783450931310654	0.10095091909170151	0.680762529373169
1296	0.05852823331952095	0.10109017044305801	0.6809872984886169
1297	0.05807175859808922	0.10127905756235123	0.6796984076499939
1298	0.05588610842823982	0.10146569460630417	0.6784237027168274
1299	0.05728569254279137	0.10148195922374725	0.6783855557441711
1300	0.057279910892248154	0.10131961852312088	0.6796525120735168
1301	0.05828648433089256	0.10116910189390182	0.6804537177085876
1302	0.05722000077366829	0.10098100453615189	0.6814904808998108
1303	0.057653773576021194	0.10083111375570297	0.6824295520782471
1304	0.057504381984472275	0.1006912961602211	0.6831929087638855
1305	0.056837163865566254	0.10069228708744049	0.6829425692558289
1306	0.056617721915245056	0.10088012367486954	0.6817730665206909
1307	0.056116387248039246	0.10107063502073288	0.6808363795280457
1308	0.05750209838151932	0.1011333093047142	0.6807305812835693
1309	0.0568649098277092	0.10091002285480499	0.6822707056999207
1310	0.05679922550916672	0.10061457008123398	0.6839894652366638
1311	0.057936325669288635	0.10040509700775146	0.6852609515190125
1312	0.056987062096595764	0.1002972275018692	0.6860278248786926
1313	0.05764452740550041	0.10032310336828232	0.6862841844558716
1314	0.0578639917075634	0.10072678327560425	0.6845996975898743
1315	0.05747579410672188	0.10117889195680618	0.6827433705329895
1316	0.057503633201122284	0.10139955580234528	0.6815077662467957
1317	0.05733317881822586	0.1013011559844017	0.6818835139274597
1318	0.05730503797531128	0.10127212852239609	0.6820204854011536
1319	0.05684930086135864	0.1009359359741211	0.6845517158508301
1320	0.057230543345212936	0.10069963335990906	0.6855033040046692
1321	0.05724174156785011	0.10053375363349915	0.6863951086997986
1322	0.05708848312497139	0.10055386275053024	0.6861396431922913
1323	0.05735168606042862	0.10061927139759064	0.6857417225837708
1324	0.057453908026218414	0.10077331215143204	0.6847176551818848
1325	0.05714644864201546	0.10104593634605408	0.6825035810470581
1326	0.05672682076692581	0.10130828619003296	0.6803901791572571
1327	0.05735623836517334	0.10124638676643372	0.6804038286209106
1328	0.05760511755943298	0.10104435682296753	0.6813486814498901
1329	0.05711006000638008	0.10099545121192932	0.6827393174171448
1330	0.05769111216068268	0.10092251002788544	0.6842336654663086
1331	0.056742459535598755	0.10080236196517944	0.6849190592765808
1332	0.05548294633626938	0.10041507333517075	0.6862913370132446
1333	0.05682886019349098	0.10021225363016129	0.6872420907020569
1334	0.05710500106215477	0.10010611265897751	0.6873219609260559
1335	0.05713466554880142	0.10002516955137253	0.6866589188575745
1336	0.0566490963101387	0.10031316429376602	0.6846943497657776
1337	0.05651092156767845	0.10045953094959259	0.6831607818603516
1338	0.056760914623737335	0.10020194947719574	0.6842095851898193
1339	0.055679548531770706	0.09968967735767365	0.6868875622749329
1340	0.05621657520532608	0.09954214096069336	0.6876102685928345
1341	0.05610212683677673	0.09973333030939102	0.6866617798805237
1342	0.055229056626558304	0.10003503412008286	0.6848708391189575
1343	0.05740237981081009	0.1003870889544487	0.6829362511634827
1344	0.05637509375810623	0.10086029022932053	0.6807562708854675
1345	0.05492350086569786	0.10127253830432892	0.679064154624939
1346	0.056003425270318985	0.10108940303325653	0.6805439591407776
1347	0.05487849935889244	0.10080178827047348	0.6826975345611572
1348	0.0560721829533577	0.10049322992563248	0.6849509477615356
1349	0.055720143020153046	0.10051664710044861	0.6853689551353455
1350	0.05634164437651634	0.10054600983858109	0.6842854619026184
1351	0.05652298033237457	0.1009426936507225	0.6813334822654724
1352	0.0560830757021904	0.1014174297451973	0.6787636280059814
1353	0.05699380114674568	0.10167183727025986	0.6776972413063049
1354	0.05537790805101395	0.10121553391218185	0.6803472638130188
1355	0.0572507418692112	0.1005309447646141	0.6837626099586487
1356	0.056938134133815765	0.09984434396028519	0.6871752738952637
1357	0.05619377642869949	0.09955029934644699	0.6890245676040649
1358	0.056304339319467545	0.09946242719888687	0.6902569532394409
1359	0.05647672340273857	0.09983108192682266	0.6889951825141907
1360	0.056481726467609406	0.10057704895734787	0.6859470009803772
1361	0.05583392083644867	0.10111065208911896	0.6831220984458923
1362	0.05553566664457321	0.10099229961633682	0.6829723119735718
1363	0.05600897595286369	0.10082244127988815	0.6835019588470459
1364	0.05642811954021454	0.10047062486410141	0.6852893829345703
1365	0.05536190792918205	0.10037553310394287	0.685265302658081
1366	0.05518403276801109	0.10072101652622223	0.6834906935691833
1367	0.05577298253774643	0.10016334801912308	0.685822069644928
1368	0.05583615601062775	0.10026264190673828	0.6851148009300232
1369	0.05572601780295372	0.10026126354932785	0.6849519610404968
1370	0.05469895899295807	0.10041407495737076	0.6839756965637207
1371	0.055105648934841156	0.10052698105573654	0.6837271451950073
1372	0.05617133900523186	0.10047867894172668	0.6841907501220703
1373	0.0558963343501091	0.10051506012678146	0.684308648109436
1374	0.0547894611954689	0.1001901775598526	0.6874473690986633
1375	0.05577212944626808	0.09981430321931839	0.6899741888046265
1376	0.05583517253398895	0.09974320977926254	0.6908780932426453
1377	0.05556749179959297	0.09956150501966476	0.6912638545036316
1378	0.05596310645341873	0.09974049776792526	0.6896010041236877
1379	0.05657762661576271	0.09994148463010788	0.687494158744812
1380	0.05611750856041908	0.09985826909542084	0.6874531507492065
1381	0.05610337853431702	0.09956444054841995	0.6889459490776062
1382	0.05553232878446579	0.09948430955410004	0.689752995967865
1383	0.056933194398880005	0.09936145693063736	0.690108060836792
1384	0.05615469068288803	0.09955088049173355	0.6885071396827698
1385	0.054774705320596695	0.09973590821027756	0.687421977519989
1386	0.05548924207687378	0.09989641606807709	0.6866377592086792
1387	0.055637165904045105	0.09977240115404129	0.685914158821106
1388	0.05486363172531128	0.0998431071639061	0.6850854754447937
1389	0.05501685291528702	0.09976594895124435	0.6861332058906555
1390	0.05482792481780052	0.09964977949857712	0.68760085105896
1391	0.05479764565825462	0.09947540611028671	0.6893050074577332
1392	0.05603829398751259	0.09949588775634766	0.689216673374176
1393	0.05456668138504028	0.09952616691589355	0.6894440650939941
1394	0.055252719670534134	0.0996519923210144	0.6890183687210083
1395	0.0563223697245121	0.1000107079744339	0.6875896453857422
1396	0.05480939522385597	0.10006237030029297	0.6867008209228516
1397	0.05526995286345482	0.10022243857383728	0.6851524114608765
1398	0.05540618300437927	0.10014832019805908	0.6833304166793823
1399	0.056147608906030655	0.0999395102262497	0.6831626296043396
1400	0.05545768141746521	0.0995531901717186	0.6841521859169006
1401	0.054956384003162384	0.0993456095457077	0.6847253441810608
1402	0.055912356823682785	0.0990258976817131	0.6863951086997986
1403	0.05578049644827843	0.0989035815000534	0.687505304813385
1404	0.05616667866706848	0.09902167320251465	0.6872730255126953
1405	0.055690571665763855	0.09940695762634277	0.6860318183898926
1406	0.05530274286866188	0.09992560744285583	0.6844245791435242
1407	0.05409765616059303	0.10047037899494171	0.6820485591888428
1408	0.05553388595581055	0.10054580122232437	0.6821746826171875
1409	0.05560998618602753	0.10029637813568115	0.6845452785491943
1410	0.055347740650177	0.09980321675539017	0.6875649690628052
1411	0.05585348978638649	0.09922005236148834	0.6897862553596497
1412	0.05559848994016647	0.09909109026193619	0.6901435256004333
1413	0.05553402751684189	0.09932570904493332	0.6888049840927124
1414	0.05549343675374985	0.09949268400669098	0.6875174045562744
1415	0.05532205477356911	0.09985940903425217	0.6851691603660583
1416	0.055615007877349854	0.10013071447610855	0.684001624584198
1417	0.056056808680295944	0.10055561363697052	0.6819145679473877
1418	0.0553448386490345	0.10062987357378006	0.6819333434104919
1419	0.05548679456114769	0.10097131133079529	0.6808537840843201
1420	0.05470142886042595	0.10115024447441101	0.6809563040733337
1421	0.05586982145905495	0.10150797665119171	0.6799213290214539
1422	0.0562649704515934	0.10144202411174774	0.679978609085083
1423	0.054465606808662415	0.1012619286775589	0.680459201335907
1424	0.0559421107172966	0.10116161406040192	0.6817843914031982
1425	0.053820401430130005	0.10130114108324051	0.6797067523002625
1426	0.054389674216508865	0.10130074620246887	0.6789952516555786
1427	0.054737892001867294	0.10134997218847275	0.6783508658409119
1428	0.055437833070755005	0.10160317271947861	0.6765216588973999
1429	0.053916651755571365	0.1019236296415329	0.6746169924736023
1430	0.05521821975708008	0.1017584577202797	0.6755043864250183
1431	0.05373239144682884	0.10154253244400024	0.6775456666946411
1432	0.0555146224796772	0.10151700675487518	0.6783572435379028
1433	0.054158881306648254	0.10144756734371185	0.679095447063446
1434	0.05543733015656471	0.10154300928115845	0.6790974140167236
1435	0.05538082495331764	0.10145973414182663	0.6793050765991211
1436	0.05572072044014931	0.10151588916778564	0.6784526109695435
1437	0.05470774322748184	0.10156171023845673	0.6778303384780884
1438	0.054566893726587296	0.10114481300115585	0.6796374917030334
1439	0.0540425144135952	0.10068713128566742	0.6816461086273193
1440	0.0549781434237957	0.1004808321595192	0.6830533742904663
1441	0.05425705015659332	0.10045517235994339	0.6834107041358948
1442	0.05398862808942795	0.1004638671875	0.6836985945701599
1443	0.05507809668779373	0.10061752796173096	0.6832873821258545
1444	0.0545663982629776	0.10112970322370529	0.6814842820167542
1445	0.056003373116254807	0.10160741209983826	0.6790826916694641
1446	0.054603151977062225	0.1017063558101654	0.6782343983650208
1447	0.05500806123018265	0.10147875547409058	0.6785719394683838
1448	0.055211495608091354	0.10129648447036743	0.6792521476745605
1449	0.05310416221618652	0.10106682032346725	0.6799557209014893
1450	0.05472896993160248	0.10091964155435562	0.6799643635749817
1451	0.05344052612781525	0.10091347992420197	0.6790555119514465
1452	0.05531388148665428	0.1013495922088623	0.6765061020851135
1453	0.05477817356586456	0.10176700353622437	0.6746633052825928
1454	0.054905980825424194	0.10198937356472015	0.6733046174049377
1455	0.05477888882160187	0.10203045606613159	0.6728546619415283
1456	0.053532592952251434	0.1017552986741066	0.6744745969772339
1457	0.054705098271369934	0.10117878764867783	0.6786973476409912
1458	0.05456150323152542	0.10071364045143127	0.6824634671211243
1459	0.05414484068751335	0.10032196342945099	0.685065507888794
1460	0.054571378976106644	0.10034453123807907	0.6852223873138428
1461	0.05380965769290924	0.10045240819454193	0.6846498847007751
1462	0.05431431159377098	0.10068536549806595	0.6836538910865784
1463	0.05416091904044151	0.10134941339492798	0.6785396933555603
1464	0.05359429121017456	0.101610466837883	0.6782991290092468
1465	0.053672049194574356	0.10149914771318436	0.6785998940467834
1466	0.05500372499227524	0.10171638429164886	0.6788288354873657
1467	0.054278019815683365	0.1020350232720375	0.6776306629180908
1468	0.05499861761927605	0.10177008807659149	0.6788830757141113
1469	0.05463692545890808	0.1027582585811615	0.6753199100494385
1470	0.05468500405550003	0.10337939113378525	0.6719928979873657
1471	0.05529024451971054	0.10357430577278137	0.6706908345222473
1472	0.05499785766005516	0.10373931378126144	0.6685963869094849
1473	0.054790377616882324	0.10363580286502838	0.6684315204620361
1474	0.054053667932748795	0.10331423580646515	0.6695493459701538
1475	0.054614897817373276	0.10271254926919937	0.6723430752754211
1476	0.05479012057185173	0.10212214291095734	0.6751384735107422
1477	0.05599799379706383	0.1013539731502533	0.679198682308197
1478	0.05473383888602257	0.10085567831993103	0.681744396686554
1479	0.05463378131389618	0.10058427602052689	0.682551383972168
1480	0.052873965352773666	0.10052535682916641	0.6822740435600281
1481	0.054959289729595184	0.10047312080860138	0.6820104122161865
1482	0.05577419698238373	0.10050293058156967	0.6815427541732788
1483	0.05536771938204765	0.10075546056032181	0.6804405450820923
1484	0.05455611273646355	0.1008327528834343	0.6810104846954346
1485	0.054671142250299454	0.10086043179035187	0.682240903377533
1486	0.05369280278682709	0.10088922828435898	0.6831457018852234
1487	0.05455134063959122	0.10098215192556381	0.6826028823852539
1488	0.05319364741444588	0.10123688727617264	0.6809903383255005
1489	0.052570149302482605	0.10153336077928543	0.6792935132980347
1490	0.05410820245742798	0.10189363360404968	0.677080512046814
1491	0.053712423890829086	0.10209383070468903	0.6756346821784973
1492	0.05373740941286087	0.10221176594495773	0.6748930215835571
1493	0.05418381839990616	0.10205451399087906	0.6759795546531677
1494	0.05388081446290016	0.10191511362791061	0.677040159702301
1495	0.05433270335197449	0.10160589218139648	0.6790371537208557
1496	0.05312085896730423	0.10118138790130615	0.6810021996498108
1497	0.054442115128040314	0.10101240128278732	0.6810410618782043
1498	0.05349579453468323	0.10104156285524368	0.6802775263786316
1499	0.05246773734688759	0.10086355358362198	0.68113774061203
1500	0.05327216908335686	0.10049000382423401	0.6829565167427063
1501	0.05261700227856636	0.1001618355512619	0.6847968101501465
1502	0.053835637867450714	0.10010124742984772	0.6846381425857544
1503	0.052674971520900726	0.10018672794103622	0.6838465929031372
1504	0.0531255379319191	0.10031890124082565	0.6823731660842896
1505	0.05282185226678848	0.10052748769521713	0.6806933283805847
1506	0.05371120572090149	0.10061924159526825	0.6800472140312195
1507	0.05182792991399765	0.10066765546798706	0.6801967620849609
1508	0.05325230583548546	0.10068065673112869	0.6809045672416687
1509	0.05313858017325401	0.10067591071128845	0.6816545724868774
1510	0.053273461759090424	0.10072725266218185	0.6827481985092163
1511	0.052420567721128464	0.1006229966878891	0.6850448250770569
1512	0.0535205602645874	0.10057439655065536	0.6859980225563049
1513	0.05277923122048378	0.1005597934126854	0.686448872089386
1514	0.05348717421293259	0.1007613018155098	0.6854159235954285
1515	0.05276843532919884	0.10089197754859924	0.6842604875564575
1516	0.054247867316007614	0.10088133811950684	0.6841614246368408
1517	0.05261624604463577	0.10085275769233704	0.6834084987640381
1518	0.05362449586391449	0.10113006830215454	0.6806608438491821
1519	0.05376497656106949	0.10143613070249557	0.6778610944747925
1520	0.053032271564006805	0.10170890390872955	0.676328718662262
1521	0.05338705703616142	0.10168085247278214	0.6771277785301208
1522	0.052945803850889206	0.10160825401544571	0.6783046126365662
1523	0.0533582866191864	0.1015319749712944	0.6797639727592468
1524	0.05184544622898102	0.1015605702996254	0.6796252131462097
1525	0.052292000502347946	0.101486437022686	0.6796587705612183
1526	0.052588947117328644	0.10170406103134155	0.6783127784729004
1527	0.05314547196030617	0.10180310904979706	0.6775507926940918
1528	0.05255887284874916	0.10189656913280487	0.6765857934951782
1529	0.05373218655586243	0.10160668939352036	0.6779245138168335
1530	0.05284371227025986	0.10116273909807205	0.6806133389472961
1531	0.052727777510881424	0.10058138519525528	0.6838688850402832
1532	0.05339616909623146	0.10013670474290848	0.6862369775772095
1533	0.051309581845998764	0.09996984153985977	0.6866750717163086
1534	0.052249785512685776	0.10028529912233353	0.6849403977394104
1535	0.05320347845554352	0.10052943974733353	0.683604896068573
1536	0.0539105124771595	0.10075122863054276	0.6821557283401489
1537	0.052276019006967545	0.1009092852473259	0.6808217763900757
1538	0.0518987812101841	0.10086148977279663	0.680439293384552
1539	0.052754200994968414	0.1006891131401062	0.681100606918335
1540	0.052606068551540375	0.10037309676408768	0.6820310950279236
1541	0.053902894258499146	0.09982258826494217	0.6849452257156372
1542	0.05199749767780304	0.0998271182179451	0.6860100626945496
1543	0.05172756314277649	0.10025729984045029	0.6855145692825317
1544	0.05291855335235596	0.10058116167783737	0.6842880249023438
1545	0.05300995334982872	0.10063190758228302	0.6834167838096619
1546	0.05249911546707153	0.10052400082349777	0.6832600235939026
1547	0.05183364450931549	0.1006171703338623	0.6833553314208984
1548	0.053175803273916245	0.10080358386039734	0.6836180090904236
1549	0.05281788483262062	0.10093715786933899	0.6832355856895447
1550	0.054069437086582184	0.10092786699533463	0.6834768056869507
1551	0.05293012410402298	0.10107377916574478	0.6831722259521484
1552	0.052350450307130814	0.10143402218818665	0.6803959608078003
1553	0.05181185156106949	0.10199027508497238	0.6764701008796692
1554	0.051895301789045334	0.10248466581106186	0.6724799275398254
1555	0.051815759390592575	0.10271213203668594	0.6705090999603271
1556	0.05261481925845146	0.102701835334301	0.6705572605133057
1557	0.05264115333557129	0.10243673622608185	0.6720075607299805
1558	0.05284664407372475	0.10179585218429565	0.6764116883277893
1559	0.05200715735554695	0.10146059095859528	0.6791949272155762
1560	0.05198313668370247	0.10140306502580643	0.6799513697624207
1561	0.05324425548315048	0.10147654265165329	0.6799070239067078
1562	0.051189254969358444	0.10131168365478516	0.6804949045181274
1563	0.05204477161169052	0.1012486144900322	0.6801672577857971
1564	0.05267208069562912	0.10110785067081451	0.680700957775116
1565	0.05067886784672737	0.10074671357870102	0.6823118925094604
1566	0.052295953035354614	0.10050339996814728	0.6832559108734131
1567	0.05107588693499565	0.10029928386211395	0.6841922998428345
1568	0.05202065408229828	0.10025224834680557	0.6847014427185059
1569	0.052650321274995804	0.10030043870210648	0.6851100921630859
1570	0.053291745483875275	0.10058405250310898	0.6839902400970459
1571	0.05193502828478813	0.10071829706430435	0.6838371753692627
1572	0.05039967596530914	0.10049083828926086	0.6851457357406616
1573	0.05135439336299896	0.10026916861534119	0.6858693361282349
1574	0.051731523126363754	0.10000648349523544	0.686347246170044
1575	0.050736382603645325	0.10014964640140533	0.6845901012420654
1576	0.05230994150042534	0.10033951699733734	0.6828717589378357
1577	0.05186878889799118	0.10076771676540375	0.6798557639122009
1578	0.05216941609978676	0.10091192275285721	0.6798120737075806
1579	0.051664214581251144	0.1009589210152626	0.6811096668243408
1580	0.051822811365127563	0.10059128701686859	0.6848433017730713
1581	0.051619045436382294	0.10057146847248077	0.6863648891448975
1582	0.050739385187625885	0.10053925961256027	0.687434732913971
1583	0.05297427624464035	0.10055187344551086	0.6871919631958008
1584	0.05150793492794037	0.1006476953625679	0.6860507130622864
1585	0.051255956292152405	0.10078328847885132	0.6839812994003296
1586	0.051870957016944885	0.10082828998565674	0.6819982528686523
1587	0.05046742781996727	0.1008242666721344	0.6806450486183167
1588	0.0515175499022007	0.1006779596209526	0.6804295778274536
1589	0.051081009209156036	0.10019777715206146	0.6835009455680847
1590	0.05135878548026085	0.09990273416042328	0.685853898525238
1591	0.050838347524404526	0.09986752271652222	0.686699390411377
1592	0.05088673159480095	0.10005687922239304	0.6850301027297974
1593	0.052310749888420105	0.10047698020935059	0.6828363537788391
1594	0.05171351134777069	0.1009780541062355	0.6803317070007324
1595	0.05161553993821144	0.1008157953619957	0.6813062429428101
1596	0.051053550094366074	0.10071250051259995	0.6818395853042603
1597	0.05185918137431145	0.10060855001211166	0.6830085515975952
1598	0.0506618432700634	0.10036222636699677	0.6842608451843262
1599	0.05069737508893013	0.10040382295846939	0.6838822364807129
1600	0.050813622772693634	0.10063662379980087	0.6823669672012329
1601	0.05274015665054321	0.10106030851602554	0.6796594858169556
1602	0.05147889256477356	0.10124105215072632	0.6787659525871277
1603	0.051032863557338715	0.10103331506252289	0.6804559826850891
1604	0.051097285002470016	0.10068561136722565	0.6836486458778381
1605	0.05069584771990776	0.10040348768234253	0.6862034797668457
1606	0.05078257620334625	0.10006572306156158	0.6882352828979492
1607	0.05050273612141609	0.09979706257581711	0.6894027590751648
1608	0.05069119483232498	0.09964559972286224	0.6892213225364685
1609	0.050850316882133484	0.09964247047901154	0.688190221786499
1610	0.051422376185655594	0.0998513400554657	0.6861356496810913
1611	0.05119097977876663	0.09992818534374237	0.6849061846733093
1612	0.0511455312371254	0.09993081539869308	0.6845456957817078
1613	0.05104885995388031	0.099997878074646	0.683900773525238
1614	0.05157912150025368	0.10008008033037186	0.6836909055709839
1615	0.05103358253836632	0.10004768520593643	0.6841984391212463
1616	0.050648581236600876	0.10032141208648682	0.6832593083381653
1617	0.05102352052927017	0.10059656202793121	0.682009756565094
1618	0.05143539234995842	0.10087933391332626	0.6798693537712097
1619	0.051626816391944885	0.10104072839021683	0.6792115569114685
1620	0.0509067177772522	0.10125391185283661	0.6789077520370483
1621	0.04992510378360748	0.10156930983066559	0.6775408983230591
1622	0.05049546808004379	0.10170876979827881	0.6769238114356995
1623	0.05128359794616699	0.10145335644483566	0.6781402230262756
1624	0.050941817462444305	0.1011442244052887	0.6797912120819092
1625	0.050556834787130356	0.10080894082784653	0.6817725300788879
1626	0.0509517677128315	0.10048035532236099	0.6836037039756775
1627	0.05114801228046417	0.1003296747803688	0.6843676567077637
1628	0.051092009991407394	0.10014919191598892	0.685127317905426
1629	0.05005612224340439	0.10020368546247482	0.6843829154968262
1630	0.05041830241680145	0.10049764066934586	0.6823742985725403
1631	0.050087977200746536	0.10055089741945267	0.6816763281822205
1632	0.0499107763171196	0.10067112743854523	0.6807959675788879
1633	0.04922197014093399	0.10077223181724548	0.681111752986908
1634	0.05008595809340477	0.10036005079746246	0.6838324666023254
1635	0.050779737532138824	0.09985523670911789	0.6874898076057434
1636	0.05108058452606201	0.0996703952550888	0.6902631521224976
1637	0.05031316727399826	0.09955555945634842	0.6921973824501038
1638	0.05015227943658829	0.09959406405687332	0.6915803551673889
1639	0.05113702639937401	0.09996577352285385	0.6875678300857544
1640	0.05115650221705437	0.10080816596746445	0.6828938126564026
1641	0.05001259967684746	0.10157554596662521	0.6792665123939514
1642	0.05023277550935745	0.10182354599237442	0.6783571243286133
1643	0.05040378496050835	0.10133115947246552	0.6813424825668335
1644	0.05047758296132088	0.10061652213335037	0.6854236721992493
1645	0.04962088167667389	0.10031837970018387	0.6878096461296082
1646	0.05034429579973221	0.10019882768392563	0.6878104209899902
1647	0.05044393986463547	0.10035920888185501	0.6856529116630554
1648	0.05069146305322647	0.10054109990596771	0.6832459568977356
1649	0.04888099804520607	0.10087456554174423	0.6804298758506775
1650	0.05039963498711586	0.10104746371507645	0.6795688271522522
1651	0.050496555864810944	0.1007872223854065	0.6815036535263062
1652	0.04995734244585037	0.10029592365026474	0.6848111152648926
1653	0.04994991421699524	0.10000471025705338	0.6873959302902222
1654	0.05060429871082306	0.09971565753221512	0.6896759271621704
1655	0.049166489392519	0.09968969970941544	0.6893482208251953
1656	0.050919871777296066	0.0997910350561142	0.6880349516868591
1657	0.050309691578149796	0.10016825050115585	0.6859480738639832
1658	0.05114608630537987	0.10039795190095901	0.6850019693374634
1659	0.05082705244421959	0.10023411363363266	0.6849295496940613
1660	0.05053289607167244	0.09976549446582794	0.687041163444519
1661	0.04960981383919716	0.09937948733568192	0.6902097463607788
1662	0.04941359534859657	0.0994766503572464	0.69035804271698
1663	0.05123019218444824	0.10007252544164658	0.6877111196517944
1664	0.05070459470152855	0.10078795254230499	0.6841973066329956
1665	0.050126828253269196	0.10111019760370255	0.6823834776878357
1666	0.04887975752353668	0.1011861190199852	0.681331992149353
1667	0.04963718354701996	0.10116706788539886	0.6800928115844727
1668	0.04981180652976036	0.10117822885513306	0.6792792081832886
1669	0.05106247216463089	0.10136111080646515	0.6780761480331421
1670	0.04855993390083313	0.10141371935606003	0.6781872510910034
1671	0.05020565167069435	0.10145290940999985	0.6788034439086914
1672	0.05033151060342789	0.10135786235332489	0.6798163652420044
1673	0.04999548941850662	0.10105950385332108	0.6817807555198669
1674	0.050141070038080215	0.10086639970541	0.6833215355873108
1675	0.04960569739341736	0.10069482028484344	0.6845299601554871
1676	0.05020398274064064	0.10078170895576477	0.6842591762542725
1677	0.050003159791231155	0.10097414255142212	0.6831170320510864
1678	0.050098445266485214	0.10104946047067642	0.6828622817993164
1679	0.0498385950922966	0.10088131576776505	0.6836016178131104
1680	0.05015236511826515	0.1006515845656395	0.6844698786735535
1681	0.04988773912191391	0.10028816014528275	0.6859220862388611
1682	0.049820151180028915	0.09984498471021652	0.687856137752533
1683	0.05028962716460228	0.09933889657258987	0.690015971660614
1684	0.05124800279736519	0.09914128482341766	0.6907894611358643
1685	0.05116938799619675	0.09936228394508362	0.6898908019065857
1686	0.04942281171679497	0.09981700778007507	0.6878897547721863
1687	0.04991276189684868	0.10031741857528687	0.685673177242279
1688	0.04988519847393036	0.10080718994140625	0.6832641363143921
1689	0.04918728023767471	0.10111133009195328	0.6810459494590759
1690	0.04910733550786972	0.10102423280477524	0.6805902123451233
1691	0.05039869248867035	0.10071096569299698	0.6819072961807251
1692	0.04963487759232521	0.10057231038808823	0.6828999519348145
1693	0.05017196014523506	0.10069048404693604	0.6828080415725708
1694	0.0487944670021534	0.10073370486497879	0.6839504241943359
1695	0.05031045153737068	0.10082156211137772	0.6850154399871826
1696	0.048948757350444794	0.10106071084737778	0.6843006610870361
1697	0.04950250685214996	0.10132503509521484	0.6831492781639099
1698	0.04921550303697586	0.10134071111679077	0.6825708150863647
1699	0.04956314340233803	0.10117977857589722	0.6822978258132935
1700	0.050079599022865295	0.10075663030147552	0.6832799911499023
1701	0.0498744361102581	0.10054340958595276	0.6836081743240356
1702	0.04939108341932297	0.10033245384693146	0.6833815574645996
1703	0.049105942249298096	0.10034049302339554	0.6812075972557068
1704	0.04990260303020477	0.10066913813352585	0.6788232922554016
1705	0.049334850162267685	0.10099384188652039	0.6773094534873962
1706	0.04940874129533768	0.10104316473007202	0.6780984401702881
1707	0.048817459493875504	0.1007922887802124	0.68068528175354
1708	0.04959220066666603	0.10066299885511398	0.6829206347465515
1709	0.04947224259376526	0.10070420801639557	0.6822049021720886
1710	0.0487075075507164	0.10084275901317596	0.6808569431304932
1711	0.049434129148721695	0.10103341937065125	0.6786022186279297
1712	0.049450092017650604	0.101197749376297	0.6768695116043091
1713	0.04940948635339737	0.10114290565252304	0.6776484847068787
1714	0.04927781969308853	0.10108743607997894	0.6787395477294922
1715	0.04882963001728058	0.10114234685897827	0.6798204779624939
1716	0.0495847724378109	0.10110912472009659	0.6819978356361389
1717	0.04935557767748833	0.10109062492847443	0.684103786945343
1718	0.050212517380714417	0.1013379618525505	0.6840362548828125
1719	0.04996417462825775	0.1013960987329483	0.6837702393531799
1720	0.04911996051669121	0.10137674957513809	0.6831586360931396
1721	0.05089280381798744	0.10132969170808792	0.6815783977508545
1722	0.04962955415248871	0.101180799305439	0.6801691055297852
1723	0.04969879239797592	0.10095395892858505	0.6801190376281738
1724	0.04821603000164032	0.10073953866958618	0.6813757419586182
1725	0.048852164298295975	0.10058692842721939	0.682104229927063
1726	0.049877338111400604	0.10043937712907791	0.6832979321479797
1727	0.049181096255779266	0.10032343119382858	0.6843403577804565
1728	0.049846187233924866	0.10032546520233154	0.6847439408302307
1729	0.04905425384640694	0.10038246214389801	0.6846141219139099
1730	0.048234209418296814	0.10051070153713226	0.6840807795524597
1731	0.04915943741798401	0.10090474039316177	0.6817396879196167
1732	0.049481481313705444	0.10119330883026123	0.679577648639679
1733	0.04898535832762718	0.10132879763841629	0.6780522465705872
1734	0.04929153248667717	0.10129654407501221	0.6781337261199951
1735	0.04842391982674599	0.1011963039636612	0.6794663071632385
1736	0.04896901175379753	0.10082804411649704	0.6832230687141418
1737	0.048036154359579086	0.1005667895078659	0.686029314994812
1738	0.050073519349098206	0.10049005597829819	0.6863783597946167
1739	0.04830233007669449	0.10063882917165756	0.6847840547561646
1740	0.04887310788035393	0.10092436522245407	0.6816619038581848
1741	0.049559932202100754	0.10097994655370712	0.6805204749107361
1742	0.04892124608159065	0.10067040473222733	0.6820430159568787
1743	0.049016907811164856	0.10035036504268646	0.683660089969635
1744	0.04843012988567352	0.10008367896080017	0.6847555041313171
1745	0.04912516102194786	0.1002950593829155	0.6835297346115112
1746	0.04851531982421875	0.1003643348813057	0.6830112338066101
1747	0.04802284389734268	0.10032917559146881	0.6829590797424316
1748	0.04982798919081688	0.10062700510025024	0.6819216012954712
1749	0.04790645092725754	0.10110832750797272	0.680863618850708
1750	0.0486130565404892	0.10129867494106293	0.6816611289978027
1751	0.048823945224285126	0.10130194574594498	0.6826833486557007
1752	0.04874759912490845	0.10139001905918121	0.6826575398445129
1753	0.04903382807970047	0.10132157057523727	0.6830707788467407
1754	0.047864191234111786	0.10096538811922073	0.6844580769538879
1755	0.04762353003025055	0.100184865295887	0.6877720952033997
1756	0.048060204833745956	0.09946621209383011	0.690809965133667
1757	0.04902925714850426	0.09921606630086899	0.6910306811332703
1758	0.048142094165086746	0.09933681786060333	0.6890162229537964
1759	0.048637617379426956	0.09983742982149124	0.6844261288642883
1760	0.048716627061367035	0.10049903392791748	0.6797645688056946
1761	0.04850718006491661	0.10118567198514938	0.6764493584632874
1762	0.048609621822834015	0.10146792232990265	0.6760892271995544
1763	0.047431908547878265	0.10153897851705551	0.6772114038467407
1764	0.04895970597863197	0.10129614919424057	0.6796190142631531
1765	0.04895269125699997	0.1008799821138382	0.6822996735572815
1766	0.047373317182064056	0.10042263567447662	0.6842900514602661
1767	0.04794571176171303	0.10009801387786865	0.6849777102470398
1768	0.048536382615566254	0.09987016022205353	0.6851243376731873
1769	0.047514721751213074	0.09989207983016968	0.684343695640564
1770	0.04848834499716759	0.09979702532291412	0.6837360262870789
1771	0.04802904650568962	0.09970366209745407	0.6842156052589417
1772	0.047576867043972015	0.09981513023376465	0.6839377880096436
1773	0.04894436523318291	0.09993753582239151	0.684033215045929
1774	0.04782383516430855	0.10019256174564362	0.6831963658332825
1775	0.04745595529675484	0.10054633766412735	0.682104766368866
1776	0.04838312789797783	0.10072655975818634	0.681973934173584
1777	0.048307131975889206	0.10073927789926529	0.6824788451194763
1778	0.04828052222728729	0.1007467582821846	0.6828050017356873
1779	0.04709068313241005	0.10056127607822418	0.6836942434310913
1780	0.048885755240917206	0.10047703236341476	0.683923602104187
1781	0.04748144373297691	0.10073936730623245	0.6820431351661682
1782	0.04847800359129906	0.10076473653316498	0.6815526485443115
1783	0.04798495024442673	0.10086224228143692	0.6813268661499023
1784	0.04729529470205307	0.10109613835811615	0.6803040504455566
1785	0.04697367548942566	0.10122308880090714	0.6797460913658142
1786	0.04825219139456749	0.10134129226207733	0.6791443228721619
1787	0.04743952304124832	0.10131862759590149	0.6796385049819946
1788	0.04891357570886612	0.10129273682832718	0.6797803044319153
1789	0.048419706523418427	0.10123909264802933	0.679653525352478
1790	0.048180390149354935	0.10105442255735397	0.6804171204566956
1791	0.04881450906395912	0.10070501267910004	0.681908130645752
1792	0.04902543127536774	0.10053066164255142	0.6829264163970947
1793	0.04809659719467163	0.10036326944828033	0.6839901804924011
1794	0.048715103417634964	0.1000981479883194	0.6855247020721436
1795	0.046786557883024216	0.09978939592838287	0.6878085136413574
1796	0.047505319118499756	0.09955665469169617	0.6899403929710388
1797	0.048336852341890335	0.09935291856527328	0.6913211941719055
1798	0.04796990379691124	0.0993635356426239	0.6911951899528503
1799	0.04932012781500816	0.09976183623075485	0.6883208751678467
1800	0.047918546944856644	0.10007155686616898	0.6860750317573547
1801	0.04818146675825119	0.10034428536891937	0.6840814352035522
1802	0.0481104739010334	0.10043840855360031	0.683744490146637
1803	0.04869864135980606	0.10042538493871689	0.6844661831855774
1804	0.04811343178153038	0.10059946030378342	0.6840934157371521
1805	0.04826974496245384	0.10073880851268768	0.6834409832954407
1806	0.04824744164943695	0.10090804100036621	0.6823334097862244
1807	0.04812929034233093	0.1009475514292717	0.681564211845398
1808	0.04874052479863167	0.10089147090911865	0.6813625693321228
1809	0.048461347818374634	0.10099548101425171	0.6804639101028442
1810	0.04832504317164421	0.10098353028297424	0.6806947588920593
1811	0.047309353947639465	0.10089767724275589	0.6810275912284851
1812	0.04769283905625343	0.10070332139730453	0.681251585483551
1813	0.04700295627117157	0.10065779089927673	0.6810736060142517
1814	0.04723614454269409	0.10071566700935364	0.6812413334846497
1815	0.04854738339781761	0.10056381672620773	0.6834927797317505
1816	0.048954498022794724	0.10046395659446716	0.6849254369735718
1817	0.046703219413757324	0.10093511641025543	0.683408796787262
1818	0.048172127455472946	0.10137574374675751	0.6814208626747131
1819	0.04694564640522003	0.10164090245962143	0.6800293922424316
1820	0.04824467748403549	0.10167799144983292	0.6794663071632385
1821	0.04749399423599243	0.10120628029108047	0.6814146637916565
1822	0.04742983356118202	0.10053293406963348	0.6840214133262634
1823	0.047168947756290436	0.1000472903251648	0.6860459446907043
1824	0.04830072075128555	0.09967032819986343	0.6880548596382141
1825	0.048712268471717834	0.09952345490455627	0.6894679665565491
1826	0.0479549914598465	0.09932931512594223	0.6903976202011108
1827	0.04761097952723503	0.09930506348609924	0.6907134652137756
1828	0.047378506511449814	0.09957041591405869	0.6901494860649109
1829	0.047856274992227554	0.10016355663537979	0.6877397298812866
1830	0.04672928526997566	0.10033964365720749	0.6864558458328247
1831	0.047292400151491165	0.10027071088552475	0.6866950392723083
1832	0.048111800104379654	0.10008450597524643	0.687431812286377
1833	0.04832107946276665	0.10001379251480103	0.6881217956542969
1834	0.0479789562523365	0.10000232607126236	0.6882900595664978
1835	0.047688864171504974	0.09985669702291489	0.689605712890625
1836	0.04688669741153717	0.0996653363108635	0.6912400722503662
1837	0.0471646822988987	0.0997377336025238	0.6908953785896301
1838	0.0478847399353981	0.10004834830760956	0.6898987293243408
1839	0.04817039519548416	0.10009743273258209	0.6903005838394165
1840	0.04736701399087906	0.1002701073884964	0.6895741820335388
1841	0.04726901650428772	0.10017046332359314	0.68951815366745
1842	0.04767313227057457	0.10001158714294434	0.6901020407676697
1843	0.04771232604980469	0.0997590571641922	0.6905558109283447
1844	0.04774021357297897	0.09968584775924683	0.6898227334022522
1845	0.04658512771129608	0.09978913515806198	0.6883071064949036
1846	0.04813972860574722	0.09991886466741562	0.6875016689300537
1847	0.04755990952253342	0.09999954700469971	0.686803936958313
1848	0.047732848674058914	0.10016807913780212	0.6862131357192993
1849	0.04703344404697418	0.1003565639257431	0.6858325600624084
1850	0.04739230126142502	0.10073073208332062	0.6848691701889038
1851	0.04829329624772072	0.1007557064294815	0.6844266653060913
1852	0.047618892043828964	0.10066080093383789	0.6845591068267822
1853	0.04780277609825134	0.10058178752660751	0.6852584481239319
1854	0.04758453741669655	0.10043799132108688	0.6859211921691895
1855	0.04645078256726265	0.10015637427568436	0.6870830655097961
1856	0.04734592139720917	0.0999266505241394	0.6887173056602478
1857	0.048232417553663254	0.1000010222196579	0.6896806359291077
1858	0.046389706432819366	0.10033407807350159	0.6889790892601013
1859	0.04697282612323761	0.10069050639867783	0.6872658729553223
1860	0.0462840273976326	0.101099394261837	0.6843678951263428
1861	0.04694085195660591	0.10149338841438293	0.6824026703834534
1862	0.04803616181015968	0.10144748538732529	0.6819307804107666
1863	0.04868866503238678	0.10088028758764267	0.6833797097206116
1864	0.04728088155388832	0.1002831757068634	0.6852232813835144
1865	0.04737117514014244	0.0999329462647438	0.6867035627365112
1866	0.0460345484316349	0.09984985738992691	0.6865655183792114
1867	0.04764295369386673	0.10013683885335922	0.6848737001419067
1868	0.047012437134981155	0.10049057006835938	0.6832380294799805
1869	0.04833400249481201	0.10085085779428482	0.6824337840080261
1870	0.04670656472444534	0.10077611356973648	0.6836780905723572
1871	0.04817768186330795	0.10074419528245926	0.6850059032440186
1872	0.047212619334459305	0.10082554817199707	0.6860029697418213
1873	0.04719611257314682	0.10097876191139221	0.6849961280822754
1874	0.04698513075709343	0.10099628567695618	0.6838311553001404
1875	0.04641328752040863	0.10111618041992188	0.6816662549972534
1876	0.04688181355595589	0.10073059797286987	0.6825708746910095
1877	0.04737820476293564	0.1003488227725029	0.6838970184326172
1878	0.046442948281764984	0.10014044493436813	0.6850481033325195
1879	0.04780329018831253	0.09993350505828857	0.6869461536407471
1880	0.047159187495708466	0.10013411194086075	0.6865162253379822
1881	0.04754388704895973	0.100409135222435	0.6841595768928528
1882	0.047984715551137924	0.10069786757230759	0.6823282837867737
1883	0.047143448144197464	0.1011442318558693	0.6802957057952881
1884	0.046564310789108276	0.10179051756858826	0.6780561208724976
1885	0.047328658401966095	0.10193035751581192	0.6778496503829956
1886	0.047292474657297134	0.10185376554727554	0.6782680153846741
1887	0.04684295505285263	0.1013525053858757	0.6808694005012512
1888	0.04651113227009773	0.10075438022613525	0.6835747957229614
1889	0.04650308936834335	0.10036315768957138	0.6853536367416382
1890	0.04570360854268074	0.1002798080444336	0.685357928276062
1891	0.04672161862254143	0.10059559345245361	0.6827971935272217
1892	0.04552730917930603	0.10083124041557312	0.6807050108909607
1893	0.04746111109852791	0.10102500766515732	0.6794561147689819
1894	0.047927916049957275	0.10125789046287537	0.6786571145057678
1895	0.04630090296268463	0.1012512594461441	0.6790255308151245
1896	0.04588611051440239	0.10131390392780304	0.6793071627616882
1897	0.04643397033214569	0.10136305540800095	0.6797429919242859
1898	0.04571431875228882	0.10128665715456009	0.6814172267913818
1899	0.045545853674411774	0.10097098350524902	0.6846696734428406
1900	0.04725842550396919	0.10069219022989273	0.6871542930603027
1901	0.046481791883707047	0.10057694464921951	0.6883026361465454
1902	0.04705853387713432	0.10070256888866425	0.6888807415962219
1903	0.0472586415708065	0.10083985328674316	0.6889839172363281
1904	0.04770350456237793	0.10084226727485657	0.6890190243721008
1905	0.0464993417263031	0.10094490647315979	0.6880849599838257
1906	0.04660245403647423	0.10080709308385849	0.6880776286125183
1907	0.04622383415699005	0.1007961630821228	0.6870452165603638
1908	0.04674501717090607	0.10050562769174576	0.686915934085846
1909	0.04615611210465431	0.10047488659620285	0.6861883401870728
1910	0.04601879045367241	0.10035309195518494	0.6862789392471313
1911	0.04622022807598114	0.10031235218048096	0.6863914728164673
1912	0.04695122689008713	0.10037370771169662	0.6856793761253357
1913	0.04681366682052612	0.10017090290784836	0.6864088177680969
1914	0.04647507146000862	0.09980574995279312	0.6883444786071777
1915	0.04692501574754715	0.09951399266719818	0.6896876692771912
1916	0.04596135765314102	0.09949591010808945	0.6902576088905334
1917	0.046075575053691864	0.09964510053396225	0.6898127198219299
1918	0.046982698142528534	0.10014979541301727	0.6878638863563538
1919	0.04572039097547531	0.10072112828493118	0.6849707365036011
1920	0.04735777899622917	0.10102257132530212	0.6841062903404236
1921	0.04697813466191292	0.10089801996946335	0.685458779335022
1922	0.04711632430553436	0.10051342099905014	0.6882286071777344
1923	0.04677894711494446	0.10021819919347763	0.6894614696502686
1924	0.04691649228334427	0.09985747188329697	0.690356969833374
1925	0.04689923673868179	0.0996723398566246	0.6898113489151001
1926	0.046545449644327164	0.0998457744717598	0.6875425577163696
1927	0.04558365046977997	0.10019036382436752	0.6848337650299072
1928	0.046185292303562164	0.1002318263053894	0.6841696500778198
1929	0.04625694081187248	0.10017942637205124	0.6841930747032166
1930	0.0462251640856266	0.10006706416606903	0.6862605214118958
1931	0.04715564101934433	0.09995335340499878	0.6887675523757935
1932	0.04628593474626541	0.1000204086303711	0.6898846626281738
1933	0.045752305537462234	0.10013322532176971	0.6899930238723755
1934	0.04671755060553551	0.10027872771024704	0.6892881989479065
1935	0.045734863728284836	0.10034298151731491	0.688117265701294
1936	0.04606189951300621	0.10038231313228607	0.6872227787971497
1937	0.04609429091215134	0.10038300603628159	0.686542272567749
1938	0.045991845428943634	0.10011892020702362	0.688023030757904
1939	0.04582701250910759	0.09962967038154602	0.6909427642822266
1940	0.04629721865057945	0.0994473472237587	0.6920684576034546
1941	0.04594254866242409	0.09960384666919708	0.6904901266098022
1942	0.046936605125665665	0.0998065248131752	0.6883329749107361
1943	0.04626459628343582	0.10001200437545776	0.6867062449455261
1944	0.044957295060157776	0.10033022612333298	0.6855164170265198
1945	0.04622119665145874	0.10077580064535141	0.6838207840919495
1946	0.04667647182941437	0.10075905919075012	0.6847701072692871
1947	0.04682891443371773	0.10053582489490509	0.6869731545448303
1948	0.045233845710754395	0.10020725429058075	0.6892390251159668
1949	0.046371836215257645	0.10016022622585297	0.689849317073822
1950	0.046352483332157135	0.10026516765356064	0.6892892718315125
1951	0.04594377428293228	0.10051015019416809	0.6876717209815979
1952	0.04594753310084343	0.1008358895778656	0.6853285431861877
1953	0.046760618686676025	0.10104779154062271	0.6832731366157532
1954	0.04467285796999931	0.10114815086126328	0.6824069619178772
1955	0.04379042610526085	0.10109367966651917	0.6826940774917603
1956	0.047182727605104446	0.10064198076725006	0.685520589351654
1957	0.046023014932870865	0.10023272782564163	0.6887909770011902
1958	0.04595286399126053	0.1002332866191864	0.689144492149353
1959	0.04559643566608429	0.10048336535692215	0.6874223947525024
1960	0.047046955674886703	0.10075432062149048	0.6857408285140991
1961	0.04593072459101677	0.10078608244657516	0.6854151487350464
1962	0.045804183930158615	0.10056537389755249	0.6865509748458862
1963	0.04758726805448532	0.10036519169807434	0.687218427658081
1964	0.04549068212509155	0.10046620666980743	0.6858723759651184
1965	0.04498188942670822	0.10070066899061203	0.6844354271888733
1966	0.04589216038584709	0.10085996240377426	0.6831235885620117
1967	0.04677726328372955	0.1008135974407196	0.6833342909812927
1968	0.04614398628473282	0.1007513552904129	0.6844295263290405
1969	0.04565675929188728	0.10087888687849045	0.6842155456542969
1970	0.046778932213783264	0.10084646195173264	0.6848154067993164
1971	0.04689191281795502	0.10065704584121704	0.6854172945022583
1972	0.04622581973671913	0.10053848475217819	0.6854985356330872
1973	0.04604046419262886	0.1006275936961174	0.684970498085022
1974	0.045466192066669464	0.1004767194390297	0.6854415535926819
1975	0.04691791906952858	0.10015895962715149	0.6861981153488159
1976	0.04554107040166855	0.09994646161794662	0.6866282820701599
1977	0.0454547293484211	0.09985801577568054	0.6870805025100708
1978	0.04657287150621414	0.09978552907705307	0.6878975033760071
1979	0.0460834763944149	0.09984927624464035	0.688145637512207
1980	0.046724338084459305	0.10030504316091537	0.6866723895072937
1981	0.04630550742149353	0.10097866505384445	0.6848799586296082
1982	0.04550465568900108	0.10137782990932465	0.6841251254081726
1983	0.04681304097175598	0.10139842331409454	0.6837921142578125
1984	0.04557061567902565	0.10102227330207825	0.6852692365646362
1985	0.045971356332302094	0.10073718428611755	0.6859406232833862
1986	0.046337734907865524	0.10038512945175171	0.6873224377632141
1987	0.04554777964949608	0.1001211553812027	0.688621461391449
1988	0.04736723378300667	0.09981533139944077	0.6883999705314636
1989	0.04582942649722099	0.09998985379934311	0.6857914328575134
1990	0.045485809445381165	0.10025227814912796	0.6839076280593872
1991	0.046316079795360565	0.10036826133728027	0.6828959584236145
1992	0.04619530215859413	0.10037299990653992	0.683210551738739
1993	0.04516550526022911	0.10026945173740387	0.6837619543075562
1994	0.04524938762187958	0.10005909204483032	0.6851288080215454
1995	0.04608072340488434	0.0999775156378746	0.6857491135597229
1996	0.04530853405594826	0.10007134824991226	0.6854438185691833
1997	0.04479522258043289	0.10004471987485886	0.6863826513290405
1998	0.0450323224067688	0.10011623799800873	0.6867285370826721
1999	0.045889705419540405	0.10007215291261673	0.6876891255378723
2000	0.04579227417707443	0.10017360746860504	0.6877484321594238
2001	0.04580983519554138	0.10053680092096329	0.6862984299659729
2002	0.04492126777768135	0.10087858140468597	0.6844480037689209
2003	0.04579344391822815	0.101262666285038	0.681591272354126
2004	0.04639372229576111	0.10135499387979507	0.6808316111564636
2005	0.04489869996905327	0.10098791122436523	0.6836115717887878
2006	0.04591689631342888	0.10073480755090714	0.6859061121940613
2007	0.045717593282461166	0.10055851191282272	0.6871553063392639
2008	0.0452069491147995	0.10061582922935486	0.6861512660980225
2009	0.044882290065288544	0.10075456649065018	0.6840540766716003
2010	0.045379411429166794	0.1009666696190834	0.6815851926803589
2011	0.04631147161126137	0.10114011913537979	0.6803005337715149
2012	0.04609476402401924	0.1010647639632225	0.6809952259063721
2013	0.04467553272843361	0.1007707417011261	0.6837382912635803
2014	0.04580381140112877	0.10055121779441833	0.6855231523513794
2015	0.04510249197483063	0.10066921263933182	0.6850435733795166
2016	0.04494040831923485	0.10090900957584381	0.6837088465690613
2017	0.04541759565472603	0.1012391671538353	0.6818708777427673
2018	0.04440680146217346	0.10120078921318054	0.6820554733276367
2019	0.04559788107872009	0.10109187662601471	0.6825018525123596
2020	0.04444499313831329	0.10088499635457993	0.682603120803833
2021	0.04509663209319115	0.10065344721078873	0.6830829381942749
2022	0.04453721642494202	0.10041309893131256	0.6840007901191711
2023	0.04583963006734848	0.10013717412948608	0.6856049299240112
2024	0.045039691030979156	0.10008233785629272	0.6853315830230713
2025	0.04501207172870636	0.10013597458600998	0.6843875646591187
2026	0.04544443264603615	0.1001008003950119	0.6844531893730164
2027	0.045872610062360764	0.099795401096344	0.6862382888793945
2028	0.04457896575331688	0.0995146855711937	0.6886418461799622
2029	0.04525529220700264	0.09955842047929764	0.6878965497016907
2030	0.04500088468194008	0.09980114549398422	0.6868197917938232
2031	0.044931989163160324	0.10013028979301453	0.6859129071235657
2032	0.04585103690624237	0.10019773989915848	0.686583936214447
2033	0.045456595718860626	0.09991050511598587	0.6891700625419617
2034	0.045824214816093445	0.09966093301773071	0.6916268467903137
2035	0.044308602809906006	0.10001615434885025	0.6911392211914062
2036	0.04457959532737732	0.10040868073701859	0.6902880668640137
2037	0.0446009561419487	0.10087927430868149	0.6881450414657593
2038	0.04450301453471184	0.10130923986434937	0.6856167316436768
2039	0.04459453746676445	0.10173539817333221	0.682384192943573
2040	0.044346075505018234	0.10186828672885895	0.6797548532485962
2041	0.045980438590049744	0.10170143097639084	0.6790464520454407
2042	0.04559583589434624	0.10154026746749878	0.6791536211967468
2043	0.045300617814064026	0.10145201534032822	0.6799066066741943
2044	0.044619712978601456	0.10111284255981445	0.6822410225868225
2045	0.04601730778813362	0.10075954347848892	0.6852206587791443
2046	0.0464043952524662	0.10058292001485825	0.6875833868980408
2047	0.04399784654378891	0.10064380615949631	0.6884601712226868
2048	0.04478995501995087	0.1007809191942215	0.6879162788391113
2049	0.04568299278616905	0.10103122889995575	0.6854960322380066
2050	0.0460469052195549	0.1011967584490776	0.6831791996955872
2051	0.043637193739414215	0.10166948288679123	0.6799482703208923
2052	0.04379807785153389	0.10137633979320526	0.6813900470733643
2053	0.04611241817474365	0.10072299093008041	0.6851215362548828
2054	0.044808316975831985	0.10000259429216385	0.6898014545440674
2055	0.04512903466820717	0.09968031197786331	0.6914244890213013
2056	0.044846661388874054	0.09931869804859161	0.6930464506149292
2057	0.04542466625571251	0.09932073205709457	0.6929524540901184
2058	0.045210860669612885	0.09951930493116379	0.6910951137542725
2059	0.046285104006528854	0.10030445456504822	0.687364399433136
2060	0.04510806128382683	0.10127418488264084	0.6835173964500427
2061	0.04495936259627342	0.10164306312799454	0.6833484768867493
2062	0.0451526902616024	0.10124807059764862	0.6869348883628845
2063	0.04487110674381256	0.1006220132112503	0.6913753151893616
2064	0.04512769356369972	0.0999467521905899	0.6953567862510681
2065	0.045236121863126755	0.09956539422273636	0.6967082023620605
2066	0.04512397572398186	0.09948243945837021	0.6957355737686157
2067	0.04514408856630325	0.09970065206289291	0.6917942762374878
2068	0.04424198344349861	0.10004141181707382	0.6881685853004456
2069	0.044639404863119125	0.10026630759239197	0.6856940984725952
2070	0.04517650604248047	0.10019910335540771	0.6849824786186218
2071	0.044926583766937256	0.09996717423200607	0.685667872428894
2072	0.04511936008930206	0.09970663487911224	0.6873787045478821
2073	0.044475775212049484	0.09943994134664536	0.6903596520423889
2074	0.04455013945698738	0.09946316480636597	0.6914966106414795
2075	0.04493369162082672	0.0997493639588356	0.6906591057777405
2076	0.04532642289996147	0.10012263059616089	0.6882216930389404
2077	0.04558999463915825	0.10037830471992493	0.686255693435669
2078	0.045057378709316254	0.10025906562805176	0.6862589120864868
2079	0.04447820037603378	0.1003182977437973	0.6858643889427185
2080	0.04543893411755562	0.10040371119976044	0.6850486993789673
2081	0.04450570046901703	0.10052059590816498	0.6838788986206055
2082	0.04516083747148514	0.10076641291379929	0.6829847693443298
2083	0.04414300620555878	0.1011539027094841	0.6823832392692566
2084	0.04490737244486809	0.10108204185962677	0.6836780905723572
2085	0.044277437031269073	0.10105780512094498	0.6836484670639038
2086	0.0441887192428112	0.10109539330005646	0.6839699745178223
2087	0.044551197439432144	0.1011463850736618	0.6847667098045349
2088	0.04413704574108124	0.1013370081782341	0.6847448348999023
2089	0.04545169323682785	0.1015131026506424	0.6841204762458801
2090	0.04519969969987869	0.10172897577285767	0.6833593249320984
2091	0.04391314834356308	0.10187976062297821	0.6829572319984436
2092	0.044832684099674225	0.10193389654159546	0.6828844547271729
2093	0.04514443874359131	0.10176941007375717	0.6838788390159607
2094	0.044650111347436905	0.10163656622171402	0.684398353099823
2095	0.0444636233150959	0.10146087408065796	0.6847401261329651
2096	0.04414738714694977	0.10130157321691513	0.684933066368103
2097	0.04432056099176407	0.10144748538732529	0.6831985712051392
2098	0.044015031307935715	0.10184717178344727	0.6802311539649963
2099	0.044556938111782074	0.10214865207672119	0.677690327167511
2100	0.04512115940451622	0.10199689120054245	0.6781750321388245
2101	0.04462583735585213	0.1015872061252594	0.6807335019111633
2102	0.044788163155317307	0.1011587455868721	0.6833881139755249
2103	0.044871579855680466	0.10071132332086563	0.6858348250389099
2104	0.0440133661031723	0.10043952614068985	0.6869690418243408
2105	0.044678330421447754	0.10062038898468018	0.6858944296836853
2106	0.0438535213470459	0.10111255943775177	0.6833057403564453
2107	0.04438059777021408	0.10125574469566345	0.6825727224349976
2108	0.04320317134261131	0.10116998851299286	0.6833064556121826
2109	0.04540355131030083	0.10108379274606705	0.6846193075180054
2110	0.043557338416576385	0.10089317709207535	0.6863781809806824
2111	0.0441136509180069	0.10083416849374771	0.6860360503196716
2112	0.04403603821992874	0.10097427666187286	0.6842153072357178
2113	0.044378217309713364	0.10123619437217712	0.6819908618927002
2114	0.043899815529584885	0.10111109912395477	0.6820529699325562
2115	0.043848808854818344	0.10085549205541611	0.682755708694458
2116	0.04370003193616867	0.10044771432876587	0.6847125887870789
2117	0.045489635318517685	0.1001710295677185	0.6866182088851929
2118	0.044747523963451385	0.09991221874952316	0.6884548664093018
2119	0.044612593948841095	0.10001827031373978	0.6884857416152954
2120	0.04438016191124916	0.10052411258220673	0.6863654255867004
2121	0.04362914711236954	0.10089536011219025	0.6854982376098633
2122	0.04337628558278084	0.10122187435626984	0.6843969821929932
2123	0.04438680782914162	0.10122185200452805	0.6850939393043518
2124	0.045027848333120346	0.10091779381036758	0.6872830390930176
2125	0.04473891481757164	0.10050030052661896	0.6896082758903503
2126	0.043770503252744675	0.10026288777589798	0.6905466318130493
2127	0.04428807273507118	0.10022735595703125	0.6897606253623962
2128	0.04531681537628174	0.10063125938177109	0.6867051124572754
2129	0.04409290477633476	0.10110504180192947	0.6837248206138611
2130	0.043941155076026917	0.1013282909989357	0.6828803420066833
2131	0.044285938143730164	0.10129959136247635	0.6837157607078552
2132	0.04451002553105354	0.10106950998306274	0.68617182970047
2133	0.04494239389896393	0.10079558193683624	0.688538134098053
2134	0.04442353919148445	0.10064621269702911	0.6893219351768494
2135	0.04428168386220932	0.10031790286302567	0.6906903982162476
2136	0.04360859468579292	0.10006652772426605	0.6914117932319641
2137	0.044125016778707504	0.10028854757547379	0.6888924837112427
2138	0.044433414936065674	0.10044016689062119	0.6865264773368835
2139	0.043691616505384445	0.10056871175765991	0.6853224635124207
2140	0.04384933039546013	0.10061027109622955	0.6851465702056885
2141	0.04463493824005127	0.10048842430114746	0.6861048340797424
2142	0.04367789626121521	0.10034606605768204	0.6873422861099243
2143	0.043313443660736084	0.1003187969326973	0.688621461391449
2144	0.043502289801836014	0.10069001466035843	0.6872287392616272
2145	0.04408595338463783	0.10095144808292389	0.6859493851661682
2146	0.0438259094953537	0.10074194520711899	0.6864082217216492
2147	0.04483149200677872	0.10056079179048538	0.6866343021392822
2148	0.0446530357003212	0.10026659071445465	0.6869751811027527
2149	0.044788435101509094	0.10000690817832947	0.6885233521461487
2150	0.043300602585077286	0.09985796362161636	0.6903480887413025
2151	0.043482184410095215	0.09990052878856659	0.6906694173812866
2152	0.043042607605457306	0.09997086971998215	0.6905627846717834
2153	0.04473719373345375	0.10032014548778534	0.6885943412780762
2154	0.043989147990942	0.100584015250206	0.6871241331100464
2155	0.04346131905913353	0.10083626955747604	0.6861958503723145
2156	0.04474383220076561	0.10065887123346329	0.6876373291015625
2157	0.04496278986334801	0.10030727833509445	0.6897209882736206
2158	0.04376893863081932	0.10004089772701263	0.6910881400108337
2159	0.04302019998431206	0.09989811480045319	0.6918022036552429
2160	0.04541072994470596	0.09973256289958954	0.6927391886711121
2161	0.04402827098965645	0.09988123178482056	0.6921780705451965
2162	0.043935470283031464	0.10012911260128021	0.6906176805496216
2163	0.04411952197551727	0.10032347589731216	0.6891339421272278
2164	0.04457910358905792	0.10043025761842728	0.6876954436302185
2165	0.04473044350743294	0.10046171396970749	0.6864712238311768
2166	0.04397965595126152	0.10030285269021988	0.6861028671264648
2167	0.04420919343829155	0.10017991811037064	0.6853580474853516
2168	0.043488044291734695	0.10018980503082275	0.6846992373466492
2169	0.04415830969810486	0.10025942325592041	0.6848058700561523
2170	0.04443905130028725	0.10035993903875351	0.6855884194374084
2171	0.043516356498003006	0.10073375701904297	0.6847447752952576
2172	0.04254564642906189	0.10095532983541489	0.6841840744018555
2173	0.04323659464716911	0.10111932456493378	0.6838909983634949
2174	0.04301537200808525	0.10118890553712845	0.6838996410369873
2175	0.04263889417052269	0.10106687247753143	0.6846441030502319
2176	0.04330329969525337	0.10082390904426575	0.6859757900238037
2177	0.0436597615480423	0.1004747524857521	0.6878938674926758
2178	0.043654076755046844	0.10020800679922104	0.6895056962966919
2179	0.04343881085515022	0.10013431310653687	0.6894912123680115
2180	0.04341072961688042	0.10029780119657516	0.6878190040588379
2181	0.04286816716194153	0.10048824548721313	0.6858311295509338
2182	0.043070774525403976	0.10051266103982925	0.6852913498878479
2183	0.044016774743795395	0.10025621950626373	0.6865651607513428
2184	0.043169792741537094	0.10020801424980164	0.6868890523910522
2185	0.044101107865571976	0.1004922017455101	0.685209333896637
2186	0.044316910207271576	0.10083583742380142	0.6836961507797241
2187	0.04274355247616768	0.10126255452632904	0.6822767853736877
2188	0.04414456710219383	0.10123378783464432	0.6837303638458252
2189	0.04311325028538704	0.10085077583789825	0.6872437000274658
2190	0.04282188415527344	0.10030779242515564	0.6907074451446533
2191	0.043408509343862534	0.09993815422058105	0.6923900842666626
2192	0.04410311207175255	0.09971000254154205	0.6924000978469849
2193	0.04336551949381828	0.09928186982870102	0.6934491395950317
2194	0.04381068795919418	0.09938879311084747	0.6912163496017456
2195	0.04407063499093056	0.09957463294267654	0.688733696937561
2196	0.044315192848443985	0.09965618699789047	0.6880988478660583
2197	0.043940845876932144	0.09947653859853745	0.6899911165237427
2198	0.04329876974225044	0.09920389950275421	0.692282497882843
2199	0.043259844183921814	0.09918628633022308	0.6926748156547546
2200	0.043636731803417206	0.09929872304201126	0.692050039768219
2201	0.04207286611199379	0.09974217414855957	0.6896823048591614
2202	0.042883340269327164	0.10020332783460617	0.6869336366653442
2203	0.04361121356487274	0.10058694332838058	0.6843245029449463
2204	0.043500740081071854	0.1007140576839447	0.6831603050231934
2205	0.043794289231300354	0.10069339722394943	0.6834223866462708
2206	0.04411032795906067	0.10069350153207779	0.6842637658119202
2207	0.04314384609460831	0.10055314004421234	0.68589186668396
2208	0.04427049681544304	0.1004907488822937	0.6871757507324219
2209	0.0427468903362751	0.10048928111791611	0.6885800361633301
2210	0.04353751987218857	0.10031098127365112	0.6893501281738281
2211	0.04351658746600151	0.10040104389190674	0.68891441822052
2212	0.0433022603392601	0.10075460374355316	0.6867344379425049
2213	0.04312694072723389	0.1010604202747345	0.6850136518478394
2214	0.043256018310785294	0.10098931938409805	0.685273289680481
2215	0.04322640970349312	0.10032974928617477	0.6871182322502136
2216	0.04397766664624214	0.0996672660112381	0.6887373924255371
2217	0.043934714049100876	0.09935014694929123	0.6891512274742126
2218	0.04375892132520676	0.09941181540489197	0.6872568726539612
2219	0.043627526611089706	0.09970872849225998	0.6843100786209106
2220	0.04190818592905998	0.10010592639446259	0.6814152002334595
2221	0.043171439319849014	0.10020174831151962	0.6818371415138245
2222	0.04326242953538895	0.10001388937234879	0.6839113235473633
2223	0.04388976842164993	0.09977135062217712	0.6868972182273865
2224	0.04384203627705574	0.09970014542341232	0.6893377900123596
2225	0.043219245970249176	0.0998905748128891	0.6897890567779541
2226	0.043593425303697586	0.10035154968500137	0.6883410215377808
2227	0.04348103702068329	0.10103714466094971	0.6850493550300598
2228	0.04352632910013199	0.10139884799718857	0.6829239726066589
2229	0.04317653179168701	0.10126566886901855	0.6826044321060181
2230	0.04318786412477493	0.10093364119529724	0.6831858158111572
2231	0.04354918375611305	0.10064925998449326	0.6831084489822388
2232	0.0429801344871521	0.10024205595254898	0.6843842267990112
2233	0.043399352580308914	0.09989754110574722	0.6865055561065674
2234	0.043235428631305695	0.09958828240633011	0.6886515021324158
2235	0.042101915925741196	0.09932627528905869	0.690865159034729
2236	0.043795395642519	0.09963341057300568	0.6903350949287415
2237	0.042994774878025055	0.1001238226890564	0.6894382238388062
2238	0.04283507540822029	0.10047838091850281	0.6895496249198914
2239	0.0429227314889431	0.10055393725633621	0.6902306079864502
2240	0.04316458851099014	0.10037799179553986	0.6910524964332581
2241	0.04293671250343323	0.09989994019269943	0.6924663186073303
2242	0.04353918880224228	0.09950241446495056	0.6926872134208679
2243	0.04312979057431221	0.09928929060697556	0.6917605400085449
2244	0.04285178706049919	0.09929172694683075	0.6900566220283508
2245	0.042502984404563904	0.09939749538898468	0.6889796257019043
2246	0.042557619512081146	0.0996071919798851	0.6883966326713562
2247	0.043265871703624725	0.09979038685560226	0.6880800724029541
2248	0.04264935478568077	0.09998404234647751	0.6876361966133118
2249	0.042436350136995316	0.10018447786569595	0.6870226263999939
2250	0.042616087943315506	0.10012169182300568	0.6879127025604248
2251	0.04384743049740791	0.09992963820695877	0.688643753528595
2252	0.04330625757575035	0.09968400001525879	0.6896740794181824
2253	0.04224834218621254	0.09952917695045471	0.6901763677597046
2254	0.043444033712148666	0.09944873303174973	0.690204381942749
2255	0.04286165535449982	0.09963352233171463	0.6888442635536194
2256	0.042759425938129425	0.09973740577697754	0.6884565353393555
2257	0.0429665669798851	0.09980160742998123	0.6877750754356384
2258	0.04390616714954376	0.09980177134275436	0.6873437166213989
2259	0.042817212641239166	0.09966991096735	0.6883392930030823
2260	0.04332207888364792	0.0997496247291565	0.6883990168571472
2261	0.04318881779909134	0.09968030452728271	0.6888997554779053
2262	0.041880760341882706	0.09982913732528687	0.6885335445404053
2263	0.043531373143196106	0.10002677142620087	0.6874080300331116
2264	0.04261309653520584	0.10042889416217804	0.6852450370788574
2265	0.04178140312433243	0.10073938220739365	0.684352457523346
2266	0.0428612045943737	0.10095158964395523	0.6845147609710693
2267	0.0429198332130909	0.10101024061441422	0.6846145391464233
2268	0.04408330097794533	0.10065051913261414	0.686971127986908
2269	0.041972577571868896	0.10018623620271683	0.6891730427742004
2270	0.04351083189249039	0.09980868548154831	0.6905178427696228
2271	0.04244763031601906	0.09949434548616409	0.691923975944519
2272	0.04259981960058212	0.09953188896179199	0.6915594339370728
2273	0.04214833304286003	0.09982868283987045	0.6898365020751953
2274	0.04170151427388191	0.10021845996379852	0.6871066689491272
2275	0.04180194437503815	0.10042757540941238	0.6864808201789856
2276	0.04274461790919304	0.10065469890832901	0.685747504234314
2277	0.043475884944200516	0.10057104378938675	0.686488926410675
2278	0.04336458072066307	0.10028304904699326	0.6882740259170532
2279	0.0424637645483017	0.09980414062738419	0.6908448934555054
2280	0.04340536892414093	0.09939789772033691	0.6924260258674622
2281	0.04339199140667915	0.09932060539722443	0.6918826103210449
2282	0.043292079120874405	0.09950566291809082	0.6899832487106323
2283	0.041374411433935165	0.09967417269945145	0.689069390296936
2284	0.04364154860377312	0.0996592715382576	0.6897737979888916
2285	0.04254728928208351	0.09969241172075272	0.6905994415283203
2286	0.04263853654265404	0.09970615804195404	0.691031277179718
2287	0.04227304458618164	0.09967785328626633	0.6913915872573853
2288	0.04355041682720184	0.09979736804962158	0.6903356313705444
2289	0.041992902755737305	0.0998055562376976	0.6897514462471008
2290	0.04248519614338875	0.09957101941108704	0.6902576684951782
2291	0.04301024228334427	0.09933768212795258	0.6906809210777283
2292	0.04384036362171173	0.09906668961048126	0.6915476322174072
2293	0.04282693937420845	0.09924761205911636	0.6906325817108154
2294	0.04195462912321091	0.0996774286031723	0.6885637640953064
2295	0.041716981679201126	0.0997929573059082	0.6880799531936646
2296	0.042167194187641144	0.09977848082780838	0.689018964767456
2297	0.04295949637889862	0.09960228949785233	0.6909094452857971
2298	0.04300753027200699	0.09949003159999847	0.6921662092208862
2299	0.04340079426765442	0.09920908510684967	0.6940051913261414
2300	0.04184776917099953	0.09924093633890152	0.693552553653717
2301	0.04204634204506874	0.09913794696331024	0.6934522986412048
2302	0.042540017515420914	0.09917300939559937	0.6926945447921753
2303	0.04218555986881256	0.09910626709461212	0.6925616264343262
2304	0.0430777370929718	0.09914156049489975	0.6920620799064636
2305	0.04199664294719696	0.0993252620100975	0.6910479068756104
2306	0.04226003214716911	0.09942339360713959	0.6907336115837097
2307	0.043151356279850006	0.09925802797079086	0.6919280886650085
2308	0.0428391769528389	0.0992826446890831	0.6915120482444763
2309	0.04206252098083496	0.09926321357488632	0.6908426880836487
2310	0.04219847545027733	0.09962693601846695	0.6883535385131836
2311	0.042176589369773865	0.10012758523225784	0.6855633854866028
2312	0.042409077286720276	0.10009897500276566	0.68695068359375
2313	0.04237465560436249	0.09998972713947296	0.6886873245239258
2314	0.04221021384000778	0.099735789000988	0.6908011436462402
2315	0.04253295809030533	0.09963760524988174	0.6913097500801086
2316	0.04164394736289978	0.09966160356998444	0.6907106637954712
2317	0.04185085743665695	0.09965620934963226	0.6902053356170654
2318	0.042374301701784134	0.09959676861763	0.689953088760376
2319	0.04214657470583916	0.09940321743488312	0.6905277967453003
2320	0.04245594143867493	0.09920330345630646	0.6922003626823425
2321	0.042369671165943146	0.09891566634178162	0.6948001384735107
2322	0.04329276084899902	0.09895958006381989	0.6956886649131775
2323	0.04251907020807266	0.0993148609995842	0.6939539313316345
2324	0.042608339339494705	0.09972724318504333	0.6908515691757202
2325	0.0420483835041523	0.09992214292287827	0.6890953779220581
2326	0.04158499464392662	0.09990948438644409	0.6879494786262512
2327	0.04208989813923836	0.0997125655412674	0.6880708932876587
2328	0.041989706456661224	0.09955453127622604	0.6886866092681885
2329	0.0423390194773674	0.09919144213199615	0.6905606389045715
2330	0.04276210442185402	0.09911087900400162	0.6909111738204956
2331	0.04182048887014389	0.09927719831466675	0.6901072263717651
2332	0.041966620832681656	0.09978204220533371	0.6875022649765015
2333	0.0414779931306839	0.10048174113035202	0.6842229962348938
2334	0.04167896509170532	0.10106827318668365	0.6821483969688416
2335	0.04253661260008812	0.10140016674995422	0.6815741658210754
2336	0.04260560870170593	0.10109768807888031	0.6843880414962769
2337	0.0432882122695446	0.10038402676582336	0.6880210041999817
2338	0.04159647226333618	0.09971277415752411	0.6911851167678833
2339	0.04148810729384422	0.0993892028927803	0.6925060749053955
2340	0.04180755093693733	0.09945838898420334	0.6921532154083252
2341	0.04158509150147438	0.099760040640831	0.6907448172569275
2342	0.041999612003564835	0.09986376762390137	0.6903964281082153
2343	0.04107885807752609	0.09988851845264435	0.6905805468559265
2344	0.04172414913773537	0.09993688762187958	0.6909043788909912
2345	0.04231042042374611	0.09981545805931091	0.6919674873352051
2346	0.042184606194496155	0.0998777523636818	0.6918626427650452
2347	0.04167206212878227	0.10005684942007065	0.6912168264389038
2348	0.042454786598682404	0.10007160902023315	0.6910632252693176
2349	0.04176540672779083	0.1001008003950119	0.690308153629303
2350	0.041284117847681046	0.10003136098384857	0.6896830797195435
2351	0.04240456968545914	0.10002937912940979	0.6885449290275574
2352	0.04231894388794899	0.09976215660572052	0.6888357400894165
2353	0.041657235473394394	0.0996478721499443	0.6885811686515808
2354	0.04238255321979523	0.09967090934515	0.6876381635665894
2355	0.04123088717460632	0.09957390278577805	0.6879096627235413
2356	0.04222753643989563	0.09924537688493729	0.6894827485084534
2357	0.04199972748756409	0.09893105179071426	0.6917886137962341
2358	0.042321134358644485	0.09842421114444733	0.6950353980064392
2359	0.041825342923402786	0.09809676557779312	0.697848379611969
2360	0.04170026630163193	0.0979899987578392	0.6993120908737183
2361	0.04161115363240242	0.09842456132173538	0.6978223323822021
2362	0.042305756360292435	0.09903895109891891	0.6944019794464111
2363	0.04235488921403885	0.09957586973905563	0.6909583210945129
2364	0.04135344550013542	0.09988941997289658	0.6883296966552734
2365	0.041410915553569794	0.0997593104839325	0.688575029373169
2366	0.042545922100543976	0.09907083958387375	0.6925313472747803
2367	0.04179903864860535	0.09854008257389069	0.6957024931907654
2368	0.04125721752643585	0.09860961884260178	0.6960829496383667
2369	0.042250391095876694	0.09890150278806686	0.693942129611969
2370	0.04180147498846054	0.09924107044935226	0.6903074979782104
2371	0.04191414266824722	0.09961534291505814	0.6882811188697815
2372	0.042146969586610794	0.09985074400901794	0.6873735785484314
2373	0.04183800145983696	0.0996648445725441	0.6898595094680786
2374	0.04337465390563011	0.09929729998111725	0.6933735609054565
2375	0.04056771844625473	0.09908648580312729	0.6949490308761597
2376	0.04156874120235443	0.09908051788806915	0.6956680417060852
2377	0.0419900007545948	0.09907978028059006	0.6959009170532227
2378	0.041363682597875595	0.09926071017980576	0.6952669024467468
2379	0.041031189262866974	0.09966709464788437	0.6933987736701965
2380	0.0412038117647171	0.10011915117502213	0.6907647848129272
2381	0.04259571433067322	0.10011791437864304	0.690220296382904
2382	0.0421333834528923	0.10000371187925339	0.6905282139778137
2383	0.041396722197532654	0.09975512325763702	0.6915766596794128
2384	0.04091685265302658	0.09946168959140778	0.6936457753181458
2385	0.04083683714270592	0.09944561123847961	0.6936182975769043
2386	0.04187013581395149	0.09958068281412125	0.6917511820793152
2387	0.041424304246902466	0.09987430274486542	0.690064549446106
2388	0.041546594351530075	0.10000281780958176	0.689700186252594
2389	0.04130692407488823	0.10005173087120056	0.6897196173667908
2390	0.04113074019551277	0.0999600812792778	0.6904132962226868
2391	0.041682738810777664	0.09999065846204758	0.6897843480110168
2392	0.04105833172798157	0.10013855248689651	0.6883606910705566
2393	0.04137122258543968	0.10007670521736145	0.6878194212913513
2394	0.04230581223964691	0.09984744340181351	0.6888387799263
2395	0.041464172303676605	0.09958008676767349	0.6908991932868958
2396	0.04189607873558998	0.09950844198465347	0.6924068331718445
2397	0.04124433174729347	0.09943553060293198	0.6943331360816956
2398	0.04223580285906792	0.09963445365428925	0.6946083307266235
2399	0.04140012711286545	0.09984319657087326	0.6937952637672424
2400	0.04162262752652168	0.09986793994903564	0.6923214793205261
2401	0.04184376448392868	0.09978042542934418	0.6919429898262024
2402	0.04019588604569435	0.09970512241125107	0.6909646391868591
2403	0.0416322723031044	0.0997643992304802	0.689139723777771
2404	0.042331427335739136	0.10010526329278946	0.6869567632675171
2405	0.041509028524160385	0.10034661740064621	0.6863530278205872
2406	0.04097925126552582	0.10039237886667252	0.6872928142547607
2407	0.04181700199842453	0.10043855756521225	0.6885272264480591
2408	0.04168560728430748	0.10049182921648026	0.6894807815551758
2409	0.04193185642361641	0.1006547212600708	0.6885747909545898
2410	0.04168003425002098	0.1008169949054718	0.6873670816421509
2411	0.040903396904468536	0.10067825764417648	0.6875939965248108
2412	0.04165475443005562	0.10057929158210754	0.6874616742134094
2413	0.04147849604487419	0.10034999996423721	0.6884133219718933
2414	0.040958162397146225	0.10022205859422684	0.688358724117279
2415	0.042353998869657516	0.10032089799642563	0.6866681575775146
2416	0.041655343025922775	0.10038507729768753	0.6848325133323669
2417	0.041984736919403076	0.10018715262413025	0.6846811175346375
2418	0.0408606193959713	0.10021000355482101	0.6837946176528931
2419	0.04131723567843437	0.10009361803531647	0.6848149299621582
2420	0.04174930229783058	0.10014404356479645	0.6864035129547119
2421	0.039887357503175735	0.10032050311565399	0.6871324181556702
2422	0.04084416478872299	0.10031386464834213	0.6882442831993103
2423	0.041566476225852966	0.10004051774740219	0.6906973123550415
2424	0.03977369889616966	0.09973693639039993	0.6924845576286316
2425	0.04071103781461716	0.09942522644996643	0.6943104267120361
2426	0.042023371905088425	0.09960109740495682	0.6940895915031433
2427	0.04090829938650131	0.09975899010896683	0.6935089230537415
2428	0.041864048689603806	0.10013248771429062	0.6912891268730164
2429	0.04082992672920227	0.10048860311508179	0.688488245010376
2430	0.041708528995513916	0.10064724087715149	0.6872230768203735
2431	0.042063936591148376	0.10066250711679459	0.6868235468864441
2432	0.041186247020959854	0.10026197880506516	0.6887086629867554
2433	0.042253702878952026	0.09978961199522018	0.6913127899169922
2434	0.04067602381110191	0.09947824478149414	0.6933732032775879
2435	0.04189395159482956	0.09941430389881134	0.6941276788711548
2436	0.04131614789366722	0.09946426749229431	0.6928174495697021
2437	0.04070701822638512	0.09950616955757141	0.6917912364006042
2438	0.04190390557050705	0.0997779443860054	0.6901306509971619
2439	0.04083695635199547	0.10007189959287643	0.6881598830223083
2440	0.04107843339443207	0.10000789910554886	0.6884900331497192
2441	0.04048333317041397	0.09977713227272034	0.6900773048400879
2442	0.04090234264731407	0.09959114342927933	0.6905623078346252
2443	0.04128021001815796	0.09923111647367477	0.6925933361053467
2444	0.041159432381391525	0.09906819462776184	0.6942373514175415
2445	0.04158267378807068	0.09913072735071182	0.6950124502182007
2446	0.04199318215250969	0.09940680116415024	0.6959356665611267
2447	0.04170116409659386	0.09963374584913254	0.6967947483062744
2448	0.04059285297989845	0.09967329353094101	0.6975671648979187
2449	0.04037756100296974	0.09931135177612305	0.6980618834495544
2450	0.0412173829972744	0.09933549910783768	0.6963046193122864
2451	0.040225982666015625	0.09973065555095673	0.692229688167572
2452	0.040648236870765686	0.10018671303987503	0.6881082057952881
2453	0.04085971787571907	0.10038718581199646	0.6858338713645935
2454	0.04064931347966194	0.10024571418762207	0.6853293776512146
2455	0.041409075260162354	0.0999850481748581	0.6870247721672058
2456	0.04065919667482376	0.10004347562789917	0.688764750957489
2457	0.041449420154094696	0.10045236349105835	0.688557505607605
2458	0.04096894711256027	0.10098235309123993	0.6865574717521667
2459	0.04057209566235542	0.10122901946306229	0.6855751276016235
2460	0.03989451751112938	0.10098089277744293	0.6866260766983032
2461	0.04025416076183319	0.1004435271024704	0.6892735362052917
2462	0.04087449237704277	0.09984583407640457	0.6918790936470032
2463	0.0413656048476696	0.09955716133117676	0.6926879286766052
2464	0.04193539172410965	0.09959924221038818	0.6918486952781677
2465	0.04068511724472046	0.0996444970369339	0.6919023394584656
2466	0.041653819382190704	0.09946303814649582	0.6933050751686096
2467	0.04142836108803749	0.09926259517669678	0.6955793499946594
2468	0.041086193174123764	0.09914394468069077	0.6974809169769287
2469	0.0411355085670948	0.09918645769357681	0.6973893642425537
2470	0.04080810025334358	0.0994546040892601	0.6945879459381104
2471	0.03991726040840149	0.09967613220214844	0.6928629875183105
2472	0.04104691371321678	0.09986039996147156	0.6914790868759155
2473	0.042215097695589066	0.09989318251609802	0.6909975409507751
2474	0.041010573506355286	0.10016421228647232	0.6896522045135498
2475	0.040815409272909164	0.09999468177556992	0.6902685165405273
2476	0.040631525218486786	0.09984462708234787	0.6913836598396301
2477	0.04215873032808304	0.09957826137542725	0.6933156847953796
2478	0.04148585721850395	0.09955735504627228	0.6931626200675964
2479	0.04081796854734421	0.09963314235210419	0.6924880146980286
2480	0.040527913719415665	0.09987247735261917	0.6906614303588867
2481	0.040689095854759216	0.10005542635917664	0.6897081136703491
2482	0.04136575013399124	0.10003861039876938	0.6905582547187805
2483	0.04216831550002098	0.09996754676103592	0.6923630237579346
2484	0.040479160845279694	0.09980987757444382	0.6940904855728149
2485	0.04070460423827171	0.09969647973775864	0.6958564519882202
2486	0.040280841290950775	0.099593885242939	0.6961625814437866
2487	0.04026862233877182	0.09961053729057312	0.6953725218772888
2488	0.040559906512498856	0.09977897256612778	0.6935141682624817
2489	0.04042414203286171	0.09990988671779633	0.6918944716453552
2490	0.040160857141017914	0.10002480447292328	0.6902636885643005
2491	0.040827084332704544	0.09990452975034714	0.6902773976325989
2492	0.04042386636137962	0.09986509382724762	0.6898348927497864
2493	0.04091125726699829	0.09985166043043137	0.6894506812095642
2494	0.040276315063238144	0.09992484003305435	0.689142107963562
2495	0.04243671894073486	0.09976654499769211	0.6902490258216858
2496	0.04146885499358177	0.0997333824634552	0.6911520957946777
2497	0.04234091192483902	0.09972801059484482	0.6926261186599731
2498	0.040702201426029205	0.09972080588340759	0.693652331829071
2499	0.04067835584282875	0.09965343773365021	0.693890392780304
2500	0.04000461846590042	0.0995485857129097	0.693645179271698
2501	0.041393231600522995	0.09963496029376984	0.6919751763343811
2502	0.040149588137865067	0.09997007250785828	0.6899174451828003
2503	0.04076274111866951	0.100069060921669	0.6893272399902344
2504	0.04010096192359924	0.10007988661527634	0.6896204352378845
2505	0.041672613471746445	0.09993889927864075	0.6907394528388977
2506	0.04028638079762459	0.09957317262887955	0.6929136514663696
2507	0.04025395214557648	0.09915443509817123	0.6946859955787659
2508	0.039696529507637024	0.09894849359989166	0.6952601075172424
2509	0.040985722094774246	0.09885640442371368	0.6953346729278564
2510	0.04095099866390228	0.09896322339773178	0.6947780251502991
2511	0.04036608710885048	0.09923326969146729	0.6938771605491638
2512	0.04105941578745842	0.09937950223684311	0.6935553550720215
2513	0.041049350053071976	0.09955544769763947	0.6922817826271057
2514	0.04156007990241051	0.09974031895399094	0.6902869939804077
2515	0.04108958691358566	0.09964904934167862	0.690166711807251
2516	0.04001178592443466	0.09930264204740524	0.6918439865112305
2517	0.04024600610136986	0.09881111234426498	0.694810152053833
2518	0.03941485658288002	0.09860187023878098	0.6961283683776855
2519	0.04044239595532417	0.09846901148557663	0.6976515650749207
2520	0.03979459032416344	0.09866037964820862	0.6973335146903992
2521	0.04064518213272095	0.09904500097036362	0.6958888173103333
2522	0.04028800502419472	0.09907365590333939	0.6961873769760132
2523	0.040669310837984085	0.09881865978240967	0.6970593929290771
2524	0.04034726694226265	0.09882877767086029	0.6954318284988403
2525	0.04003618285059929	0.09883987903594971	0.6939759254455566
2526	0.04051657021045685	0.09883057326078415	0.6933010816574097
2527	0.0398489385843277	0.09901297092437744	0.6926748752593994
2528	0.03946528211236	0.09903216361999512	0.6944920420646667
2529	0.04041650891304016	0.09934534877538681	0.6953245997428894
2530	0.04072512313723564	0.09941411763429642	0.696674108505249
2531	0.04107524827122688	0.09947925060987473	0.6965990662574768
2532	0.03926697373390198	0.09952086210250854	0.6955888271331787
2533	0.04183855280280113	0.09939266741275787	0.6948831081390381
2534	0.04121793434023857	0.09905292093753815	0.6958894729614258
2535	0.040397029370069504	0.09860917925834656	0.6986284852027893
2536	0.040123868733644485	0.09825320541858673	0.7009377479553223
2537	0.040731534361839294	0.09822151064872742	0.7015553116798401
2538	0.0404876209795475	0.09827572852373123	0.6999618411064148
2539	0.03967626392841339	0.09860620647668839	0.6968862414360046
2540	0.040528930723667145	0.09913001954555511	0.6929348111152649
2541	0.04084594547748566	0.09936501085758209	0.6920610666275024
2542	0.03992997854948044	0.09956686198711395	0.6924111843109131
2543	0.04054205119609833	0.09972478449344635	0.6926085352897644
2544	0.04110676422715187	0.09947385638952255	0.6945860385894775
2545	0.03957366570830345	0.09923170506954193	0.6955684423446655
2546	0.04038463532924652	0.0990946963429451	0.6957175731658936
2547	0.03931441530585289	0.09901078790426254	0.6956300139427185
2548	0.03978937864303589	0.0990147739648819	0.6954929828643799
2549	0.04042934253811836	0.09908090531826019	0.6952841877937317
2550	0.04104045778512955	0.09918856620788574	0.6951624751091003
2551	0.04003860056400299	0.09930155426263809	0.6951151490211487
2552	0.0393630675971508	0.09953170269727707	0.6933029890060425
2553	0.039821773767471313	0.09975176304578781	0.6912989020347595
2554	0.03985099494457245	0.09987272322177887	0.6904523372650146
2555	0.0397932231426239	0.0999799445271492	0.6892267465591431
2556	0.039411596953868866	0.10003606230020523	0.6892645955085754
2557	0.03983776643872261	0.10021619498729706	0.6889157891273499
2558	0.039873022586107254	0.10033992677927017	0.6880473494529724
2559	0.040528323501348495	0.1003124788403511	0.6876979470252991
2560	0.039619363844394684	0.1001819595694542	0.6892289519309998
2561	0.04047706350684166	0.09971058368682861	0.6929166316986084
2562	0.0400511808693409	0.09941839426755905	0.6952528357505798
2563	0.03952730447053909	0.09918075054883957	0.6963106989860535
2564	0.04075590521097183	0.09909194707870483	0.6960729956626892
2565	0.03975129500031471	0.09913843125104904	0.6953948140144348
2566	0.0397663339972496	0.09935586899518967	0.6933969855308533
2567	0.04014866426587105	0.09937442094087601	0.693062961101532
2568	0.0408007986843586	0.09942769259214401	0.6937139630317688
2569	0.039636317640542984	0.09936662763357162	0.6955086588859558
2570	0.03953433036804199	0.09916931390762329	0.6961565017700195
2571	0.03914086893200874	0.09909085929393768	0.6953974366188049
2572	0.040341734886169434	0.09902685135602951	0.6949617266654968
2573	0.03920040652155876	0.09871000796556473	0.6960946917533875
2574	0.04037642106413841	0.09833786636590958	0.6983674168586731
2575	0.04024529829621315	0.09815839678049088	0.7004183530807495
2576	0.040598105639219284	0.09824956953525543	0.7018646001815796
2577	0.03935643285512924	0.09860598295927048	0.7000779509544373
2578	0.04006590694189072	0.09888599067926407	0.6983252763748169
2579	0.040700219571590424	0.09922058135271072	0.6965065598487854
2580	0.03919581323862076	0.09932473301887512	0.6955344080924988
2581	0.03859518840909004	0.09935398399829865	0.6945115327835083
2582	0.04022355005145073	0.09923241287469864	0.69501131772995
2583	0.039958979934453964	0.09912500530481339	0.6943004131317139
2584	0.040107421576976776	0.09912999719381332	0.6932695508003235
2585	0.04005332291126251	0.09941589832305908	0.6909643411636353
2586	0.040364913642406464	0.09963306039571762	0.6900944113731384
2587	0.039048075675964355	0.09983634948730469	0.6905127763748169
2588	0.03984295204281807	0.09982676059007645	0.6926485300064087
2589	0.04003821685910225	0.0997869148850441	0.6946887969970703
2590	0.039751335978507996	0.09972584992647171	0.6966750025749207
2591	0.03953377157449722	0.09965197741985321	0.6979460716247559
2592	0.03969527781009674	0.09963349997997284	0.6986007690429688
2593	0.039612777531147	0.09988747537136078	0.6961351633071899
2594	0.04033515974879265	0.100078284740448	0.6922836303710938
2595	0.03981218487024307	0.1003827452659607	0.6882768869400024
2596	0.03952695429325104	0.10064119845628738	0.6855215430259705
2597	0.04002305865287781	0.10057701915502548	0.6860907673835754
2598	0.040393099188804626	0.10043378919363022	0.6880490183830261
2599	0.039829086512327194	0.10037555545568466	0.6902714371681213
2600	0.03940820321440697	0.10034771263599396	0.691459596157074
2601	0.04044168069958687	0.10018453747034073	0.6927167773246765
2602	0.03932002931833267	0.10023085027933121	0.6921762824058533
2603	0.040157582610845566	0.10036339610815048	0.6917073130607605
2604	0.04045400023460388	0.10049549490213394	0.6915507316589355
2605	0.040560051798820496	0.10062453895807266	0.6908590197563171
2606	0.03950633481144905	0.10073013603687286	0.6901485323905945
2607	0.040709324181079865	0.10051918029785156	0.6906429529190063
2608	0.03916525840759277	0.09996347874403	0.6934086680412292
2609	0.039518553763628006	0.09968018531799316	0.694862425327301
2610	0.0403832383453846	0.09978044033050537	0.693585991859436
2611	0.040115829557180405	0.09999465942382812	0.6909817457199097
2612	0.03958267346024513	0.09992574900388718	0.6897264122962952
2613	0.03965693712234497	0.09969252347946167	0.6905311346054077
2614	0.039220090955495834	0.09929946064949036	0.692679762840271
2615	0.039430566132068634	0.09908092021942139	0.6946826577186584
2616	0.03883438929915428	0.098908931016922	0.6967463493347168
2617	0.03987439349293709	0.09889347106218338	0.6980100870132446
2618	0.03962333872914314	0.09908242523670197	0.6976585388183594
2619	0.040147364139556885	0.09946490824222565	0.6964084506034851
2620	0.039694249629974365	0.09967145323753357	0.6956683993339539
2621	0.0394321084022522	0.0999516174197197	0.6940152645111084
2622	0.03993971645832062	0.09993097931146622	0.6934892535209656
2623	0.04001166671514511	0.09985494613647461	0.6932051777839661
2624	0.03982529416680336	0.09989751130342484	0.6928209066390991
2625	0.03969511389732361	0.09974710643291473	0.6935334205627441
2626	0.039320144802331924	0.0996050238609314	0.6942148804664612
2627	0.03968827798962593	0.09950032085180283	0.6934796571731567
2628	0.03927638381719589	0.09938766062259674	0.6917727589607239
2629	0.039843667298555374	0.09936527162790298	0.6903286576271057
2630	0.039752304553985596	0.09940839558839798	0.6891986727714539
2631	0.03944890573620796	0.09950786083936691	0.688703179359436
2632	0.03893131762742996	0.09960496425628662	0.6900750994682312
2633	0.03980521485209465	0.09928745031356812	0.6931925415992737
2634	0.038959842175245285	0.09885851293802261	0.6966754198074341
2635	0.04027567058801651	0.09880280494689941	0.6976968050003052
2636	0.03983762487769127	0.09876716136932373	0.698173999786377
2637	0.03946547210216522	0.0989844799041748	0.6970939040184021
2638	0.040015093982219696	0.09943132847547531	0.6945599317550659
2639	0.039182692766189575	0.099625363945961	0.6934557557106018
2640	0.03991232439875603	0.09941032528877258	0.6944424510002136
2641	0.04077066481113434	0.09932950884103775	0.6943976879119873
2642	0.03946799784898758	0.09922851622104645	0.694811224937439
2643	0.039529621601104736	0.0990966409444809	0.6964046955108643
2644	0.038887932896614075	0.09920024126768112	0.6966648101806641
2645	0.039710309356451035	0.09942162036895752	0.6954351663589478
2646	0.03850482776761055	0.09967949986457825	0.6931676864624023
2647	0.03898963704705238	0.09999941289424896	0.691663384437561
2648	0.039150334894657135	0.10018005222082138	0.6919448971748352
2649	0.03889615088701248	0.09999199211597443	0.6939932107925415
2650	0.038227200508117676	0.0998525470495224	0.6962445378303528
2651	0.03924688696861267	0.09980673342943192	0.6972602009773254
2652	0.03847072273492813	0.0997278019785881	0.6975039839744568
2653	0.04044129699468613	0.09980091452598572	0.6963746547698975
2654	0.03989962488412857	0.09962882846593857	0.6964784264564514
2655	0.0387706458568573	0.09932373464107513	0.6976705193519592
2656	0.03972218930721283	0.09908102452754974	0.6987445950508118
2657	0.03908457234501839	0.0989624485373497	0.6992709040641785
2658	0.03923855721950531	0.0991169735789299	0.6975419521331787
2659	0.03987354785203934	0.09926743805408478	0.6962575316429138
2660	0.03905605152249336	0.09938939660787582	0.6951537728309631
2661	0.03858024999499321	0.09934075176715851	0.6949127316474915
2662	0.03999398276209831	0.09902408719062805	0.6964220404624939
2663	0.03846517950296402	0.0989990383386612	0.6963887214660645
2664	0.03848549351096153	0.099042147397995	0.6955677270889282
2665	0.039126887917518616	0.09903547167778015	0.6953621506690979
2666	0.03907449170947075	0.09923867881298065	0.6939601898193359
2667	0.03893222287297249	0.09922046959400177	0.6940521597862244
2668	0.039089541882276535	0.0992017462849617	0.6949360370635986
2669	0.03911479189991951	0.09923314303159714	0.6953353881835938
2670	0.03892727941274643	0.09932553768157959	0.6950397491455078
2671	0.03856411948800087	0.09930893033742905	0.6943755149841309
2672	0.03933221101760864	0.09931572526693344	0.6940101981163025
2673	0.03855954110622406	0.09941209107637405	0.6939850449562073
2674	0.03866884112358093	0.09938295930624008	0.6957942247390747
2675	0.03927421197295189	0.09922351688146591	0.6981375217437744
2676	0.039520714432001114	0.09917799383401871	0.6979348659515381
2677	0.03957867622375488	0.09926825016736984	0.6978848576545715
2678	0.03974001854658127	0.09927745163440704	0.6964101195335388
2679	0.03860236331820488	0.09915509074926376	0.6953898668289185
2680	0.03840281069278717	0.09925749152898788	0.6943755149841309
2681	0.03941386193037033	0.09924563765525818	0.6953378319740295
2682	0.040799036622047424	0.09937262535095215	0.6953415870666504
2683	0.03963081166148186	0.09938465058803558	0.6955142617225647
2684	0.03861809894442558	0.09944964945316315	0.6950137615203857
2685	0.03877845034003258	0.09960825741291046	0.6935712695121765
2686	0.03977550193667412	0.09964946657419205	0.69383305311203
2687	0.03950963914394379	0.09946201741695404	0.6949029564857483
2688	0.04028172045946121	0.0992889255285263	0.6974111199378967
2689	0.03861643746495247	0.09909873455762863	0.699716329574585
2690	0.038649097084999084	0.09911913424730301	0.6997109651565552
2691	0.037904057651758194	0.09936639666557312	0.6975672245025635
2692	0.039596136659383774	0.09952686727046967	0.6961162686347961
2693	0.03934771195054054	0.0996662974357605	0.6949836015701294
2694	0.03950951620936394	0.0995391234755516	0.6959254741668701
2695	0.03912409394979477	0.09928242117166519	0.6974633932113647
2696	0.039138324558734894	0.09920928627252579	0.6972193717956543
2697	0.03964947164058685	0.09923488646745682	0.6953529715538025
2698	0.03933040052652359	0.09926452487707138	0.6934993267059326
2699	0.038535814732313156	0.09938367456197739	0.6932836174964905
2700	0.03964737057685852	0.09920389950275421	0.6971368789672852
2701	0.03837961703538895	0.09889505058526993	0.7027645111083984
2702	0.040036506950855255	0.0986420065164566	0.7061493992805481
2703	0.03975553810596466	0.09859956800937653	0.7070954442024231
2704	0.04086543992161751	0.09883046895265579	0.703528642654419
2705	0.038484472781419754	0.09937095642089844	0.6975663304328918
2706	0.04026447609066963	0.09956025332212448	0.6942328810691833
2707	0.04023110494017601	0.09932073205709457	0.6947556734085083
2708	0.03977666795253754	0.09899502247571945	0.6956303715705872
2709	0.03887486830353737	0.09906797856092453	0.6955345869064331
2710	0.03901355341076851	0.0991537868976593	0.6949372887611389
2711	0.03907216712832451	0.09892021864652634	0.6956980228424072
2712	0.040386930108070374	0.09885743260383606	0.6956666707992554
2713	0.03923419862985611	0.09909272193908691	0.6940160989761353
2714	0.03883014991879463	0.09926754981279373	0.6937640905380249
2715	0.03994450345635414	0.09940264374017715	0.6945974230766296
2716	0.039501212537288666	0.09937667846679688	0.6965059638023376
2717	0.039374031126499176	0.09922175854444504	0.698465883731842
2718	0.039111994206905365	0.09934549033641815	0.6982421278953552
2719	0.038790032267570496	0.09960055351257324	0.6963117122650146
2720	0.038816899061203	0.09979601949453354	0.6939303278923035
2721	0.03924522176384926	0.09982137382030487	0.6923794746398926
2722	0.039638567715883255	0.09990011900663376	0.6920186877250671
2723	0.039007846266031265	0.1000436469912529	0.6923373341560364
2724	0.039083629846572876	0.09998804330825806	0.6949495077133179
2725	0.03947228938341141	0.09993673115968704	0.6968399286270142
2726	0.039462748914957047	0.09988702088594437	0.6976668238639832
2727	0.039237093180418015	0.09966298937797546	0.6984980702400208
2728	0.03913404047489166	0.09946084767580032	0.6988361477851868
2729	0.03884071484208107	0.0992530807852745	0.699377179145813
2730	0.03915530815720558	0.09895173460245132	0.7008055448532104
2731	0.039599958807229996	0.09884396195411682	0.7010647058486938
2732	0.03988012298941612	0.09890159964561462	0.6995405554771423
2733	0.03883788734674454	0.09910798072814941	0.6971756815910339
2734	0.03817661479115486	0.09950978308916092	0.6931475400924683
2735	0.038332823663949966	0.09982498735189438	0.6893470287322998
2736	0.03913883864879608	0.10010603070259094	0.6874152421951294
2737	0.03873515501618385	0.10026852041482925	0.6881937980651855
2738	0.03937157988548279	0.09997031837701797	0.6923220753669739
2739	0.03914156183600426	0.09973206371068954	0.695909857749939
2740	0.037577252835035324	0.099117711186409	0.6990899443626404
2741	0.03851556405425072	0.09885025024414062	0.6989700794219971
2742	0.038363806903362274	0.09908831864595413	0.6971186995506287
2743	0.038982093334198	0.0992782860994339	0.695399820804596
2744	0.03906884789466858	0.09982847422361374	0.693128764629364
2745	0.037515342235565186	0.10033364593982697	0.6919589042663574
2746	0.03969760984182358	0.10059762746095657	0.6918557286262512
2747	0.037436649203300476	0.10061943531036377	0.6915081739425659
2748	0.038266777992248535	0.10050125420093536	0.691830575466156
2749	0.0379071980714798	0.1004122942686081	0.6917346119880676
2750	0.03748828172683716	0.10060543566942215	0.6898788809776306
2751	0.0385475680232048	0.10081927478313446	0.6888604760169983
2752	0.038612451404333115	0.10110238939523697	0.6875936985015869
2753	0.03893256187438965	0.10091277211904526	0.6894763112068176
2754	0.03845690190792084	0.1004776880145073	0.6930227279663086
2755	0.038973432034254074	0.09997701644897461	0.696577250957489
2756	0.03763895109295845	0.09960862994194031	0.6984896659851074
2757	0.03825974091887474	0.09948423504829407	0.6995906233787537
2758	0.038064341992139816	0.09957128763198853	0.6999337077140808
2759	0.038396451622247696	0.09967207908630371	0.6989892721176147
2760	0.039813295006752014	0.0997912809252739	0.6970670819282532
2761	0.038013115525245667	0.09968440234661102	0.6954549551010132
2762	0.03874841332435608	0.0996866449713707	0.6941938400268555
2763	0.038894589990377426	0.09947676211595535	0.6952999830245972
2764	0.03844304755330086	0.09946957975625992	0.6964537501335144
2765	0.03748595342040062	0.09939371794462204	0.6984059810638428
2766	0.038862813264131546	0.0993296429514885	0.6991186738014221
2767	0.03893948718905449	0.09939373284578323	0.6987931132316589
2768	0.038537535816431046	0.09952165186405182	0.6983072757720947
2769	0.03754711523652077	0.0994497686624527	0.6983060836791992
2770	0.03957219421863556	0.09947455674409866	0.6983970999717712
2771	0.038910213857889175	0.09933000802993774	0.6994571089744568
2772	0.03837796673178673	0.09946677833795547	0.6979426741600037
2773	0.03925605118274689	0.0995672196149826	0.6963149905204773
2774	0.038758378475904465	0.09956423938274384	0.6960012316703796
2775	0.03868051618337631	0.0994550809264183	0.697303056716919
2776	0.037724949419498444	0.09973055124282837	0.6970103979110718
2777	0.03791516646742821	0.1001090481877327	0.6964141130447388
2778	0.03841949254274368	0.10072511434555054	0.6930980682373047
2779	0.03794897720217705	0.1009742021560669	0.691156804561615
2780	0.03835494443774223	0.10074851661920547	0.6914905905723572
2781	0.038485292345285416	0.10059895366430283	0.6929718852043152
2782	0.038886263966560364	0.10029621422290802	0.6941598057746887
2783	0.04030599445104599	0.09995879977941513	0.6948908567428589
2784	0.03822299465537071	0.09982229769229889	0.6947215795516968
2785	0.038784757256507874	0.0998706966638565	0.6945104002952576
2786	0.03854885324835777	0.09992705285549164	0.6951362490653992
2787	0.03985308110713959	0.09978101402521133	0.6967734098434448
2788	0.03877720981836319	0.09951799362897873	0.6986709237098694
2789	0.038123857229948044	0.09944617748260498	0.6988913416862488
2790	0.038745082914829254	0.09932322055101395	0.6975918412208557
2791	0.03818785026669502	0.09939809143543243	0.6952130794525146
2792	0.03807758539915085	0.0993802472949028	0.6939091086387634
2793	0.04029376432299614	0.09927397221326828	0.694622278213501
2794	0.03848204016685486	0.09927920252084732	0.6958590745925903
2795	0.038833945989608765	0.09943068772554398	0.697036862373352
2796	0.038764867931604385	0.09972494840621948	0.6967424154281616
2797	0.03769168257713318	0.10024813562631607	0.6941178441047668
2798	0.038653574883937836	0.10051308572292328	0.6923512816429138
2799	0.038874510675668716	0.10102967172861099	0.6890966296195984
2800	0.0379519909620285	0.10098255425691605	0.689262866973877
2801	0.03788022696971893	0.10072139650583267	0.690614640712738
2802	0.03782377392053604	0.10075829178094864	0.690629243850708
2803	0.03743651509284973	0.10051387548446655	0.6918156147003174
2804	0.037107404321432114	0.10030844807624817	0.6923984885215759
2805	0.03792690485715866	0.10014542937278748	0.693579375743866
2806	0.03842291608452797	0.09996576607227325	0.6938819289207458
2807	0.037898529320955276	0.09994398802518845	0.6931597590446472
2808	0.03871309384703636	0.100026935338974	0.6926324367523193
2809	0.038415998220443726	0.10011833161115646	0.6926939487457275
2810	0.038116008043289185	0.10027477145195007	0.6925866007804871
2811	0.038831811398267746	0.10040509700775146	0.6934292912483215
2812	0.03715261071920395	0.10023892670869827	0.6948693990707397
2813	0.03743542358279228	0.10000041872262955	0.6958382725715637
2814	0.037879087030887604	0.0996934249997139	0.6975740194320679
2815	0.03720933571457863	0.09940589964389801	0.699587345123291
2816	0.037960804998874664	0.09918376803398132	0.7004007697105408
2817	0.038552217185497284	0.09915696084499359	0.6993864178657532
2818	0.03890644758939743	0.09939658641815186	0.6969151496887207
2819	0.03760251775383949	0.09962408244609833	0.6952025294303894
2820	0.03867531567811966	0.09966728836297989	0.6938409209251404
2821	0.03841528668999672	0.09941302239894867	0.6948750019073486
2822	0.0373886339366436	0.09926041960716248	0.6962623596191406
2823	0.03790946304798126	0.09916666895151138	0.6971988081932068
2824	0.03843751922249794	0.09900157153606415	0.6981825232505798
2825	0.03795613721013069	0.09910038113594055	0.697321355342865
2826	0.03779256343841553	0.09919366985559464	0.6968697309494019
2827	0.03914486989378929	0.09925004839897156	0.6978996992111206
2828	0.03882812708616257	0.09925888478755951	0.6985706686973572
2829	0.03871968016028404	0.09918570518493652	0.7010010480880737
2830	0.03807423263788223	0.09917473047971725	0.7029304504394531
2831	0.03834480047225952	0.0992259606719017	0.7037493586540222
2832	0.03847093880176544	0.09929122775793076	0.702599287033081
2833	0.03730662539601326	0.09953313320875168	0.6988570094108582
2834	0.03742751106619835	0.09958548843860626	0.696436882019043
2835	0.0378834530711174	0.09963478893041611	0.6944208145141602
2836	0.03850720450282097	0.09960678219795227	0.6941297650337219
2837	0.03768565505743027	0.09972357749938965	0.6938437223434448
2838	0.03862879052758217	0.09975781291723251	0.694407045841217
2839	0.036903686821460724	0.0995422825217247	0.6956703066825867
2840	0.03641938790678978	0.0992361530661583	0.6972435712814331
2841	0.037943851202726364	0.0991487056016922	0.698032021522522
2842	0.03700709715485573	0.09933498501777649	0.6977816820144653
2843	0.03848515450954437	0.09968254715204239	0.6962404847145081
2844	0.03794895485043526	0.09986337274312973	0.6949695944786072
2845	0.03831735625863075	0.09983199834823608	0.6951138377189636
2846	0.0377495214343071	0.09969581663608551	0.6960108876228333
2847	0.0377391017973423	0.09937694668769836	0.6979962587356567
2848	0.038167309015989304	0.09903257340192795	0.6984122395515442
2849	0.03795341029763222	0.09889131784439087	0.6973872184753418
2850	0.03839276731014252	0.09876666963100433	0.6973263621330261
2851	0.037612780928611755	0.09875302761793137	0.6983371376991272
2852	0.03749316930770874	0.09898356348276138	0.6973403692245483
2853	0.038677431643009186	0.09936206042766571	0.6960482001304626
2854	0.03823824226856232	0.0991671159863472	0.6976843476295471
2855	0.03874015808105469	0.09886118024587631	0.699394941329956
2856	0.03713839873671532	0.09868026524782181	0.7011753916740417
2857	0.03689950332045555	0.09869738668203354	0.701575756072998
2858	0.03763569891452789	0.09888647496700287	0.7003657221794128
2859	0.037710342556238174	0.09897415339946747	0.6987019181251526
2860	0.03738773241639137	0.09907986223697662	0.6965949535369873
2861	0.03682582825422287	0.09931732714176178	0.694458544254303
2862	0.03831112012267113	0.099355548620224	0.6947654485702515
2863	0.037562716752290726	0.09917403757572174	0.6969501972198486
2864	0.0378023125231266	0.09900438785552979	0.6986461877822876
2865	0.03792776167392731	0.09885889291763306	0.7001452445983887
2866	0.038313642144203186	0.0987849235534668	0.6995970010757446
2867	0.037094224244356155	0.09893196821212769	0.6968497037887573
2868	0.03821824863553047	0.09906639903783798	0.6938059329986572
2869	0.03910795599222183	0.09921401739120483	0.6923215985298157
2870	0.03744744881987572	0.0991772785782814	0.6941108107566833
2871	0.03683009371161461	0.0990617424249649	0.6967743039131165
2872	0.037838585674762726	0.09925256669521332	0.6971988081932068
2873	0.03841757774353027	0.09940671175718307	0.6959618330001831
2874	0.03798651695251465	0.09958306699991226	0.6936761140823364
2875	0.037815555930137634	0.09984799474477768	0.6916689872741699
2876	0.03637212887406349	0.10012344270944595	0.6893752813339233
2877	0.03758063539862633	0.10016854852437973	0.6884068250656128
2878	0.037191443145275116	0.1003289744257927	0.6881223917007446
2879	0.037333324551582336	0.10010596364736557	0.6906788945198059
2880	0.03776085749268532	0.09985112398862839	0.6936463117599487
2881	0.037583205848932266	0.09951739758253098	0.6968514919281006
2882	0.037176862359046936	0.09928866475820541	0.6972723007202148
2883	0.03871000558137894	0.09935562312602997	0.6962201595306396
2884	0.0370810441672802	0.09943409264087677	0.6955429315567017
2885	0.037600528448820114	0.09936653822660446	0.6956925392150879
2886	0.03728662431240082	0.0992920845746994	0.6956832408905029
2887	0.03729022666811943	0.09924047440290451	0.6964498162269592
2888	0.037386976182460785	0.09938696026802063	0.6971026062965393
2889	0.0376390777528286	0.0993419736623764	0.6978421807289124
2890	0.037493761628866196	0.09917166829109192	0.698552131652832
2891	0.038093820214271545	0.09921503067016602	0.6973227858543396
2892	0.0381394624710083	0.09929769486188889	0.695222020149231
2893	0.03750874474644661	0.09935859590768814	0.6942159533500671
2894	0.0368339903652668	0.09946358948945999	0.6939853429794312
2895	0.03753606602549553	0.099464550614357	0.6952211260795593
2896	0.03724389523267746	0.09944627434015274	0.69661945104599
2897	0.03752831742167473	0.09933434426784515	0.6977540850639343
2898	0.036218512803316116	0.09919516742229462	0.6982827186584473
2899	0.03702876344323158	0.09904436022043228	0.6993188261985779
2900	0.03745023161172867	0.09883777052164078	0.7006184458732605
2901	0.037356648594141006	0.09882224351167679	0.7009966373443604
2902	0.037990015000104904	0.09894706308841705	0.7005438208580017
2903	0.03754172846674919	0.09906741976737976	0.6993144750595093
2904	0.03780720382928848	0.09923433512449265	0.6980815529823303
2905	0.03770405799150467	0.0989084467291832	0.6992395520210266
2906	0.03879549726843834	0.09872952848672867	0.7002156972885132
2907	0.037680018693208694	0.0988047644495964	0.7001090049743652
2908	0.036848798394203186	0.09908542037010193	0.698628842830658
2909	0.03769446164369583	0.09930136054754257	0.6974967122077942
2910	0.03716540336608887	0.0994863510131836	0.6959669589996338
2911	0.03822712227702141	0.09934670478105545	0.6968613266944885
2912	0.03683072701096535	0.09890830516815186	0.6997948288917542
2913	0.037964027374982834	0.09856611490249634	0.7022631168365479
2914	0.03822082653641701	0.09817434102296829	0.7035261392593384
2915	0.037522561848163605	0.09803932905197144	0.7034545540809631
2916	0.037097565829753876	0.09806645661592484	0.7022103667259216
2917	0.0377395898103714	0.09817599505186081	0.7003981471061707
2918	0.037541359663009644	0.09833988547325134	0.6991488933563232
2919	0.03786952421069145	0.09880384057760239	0.6972108483314514
2920	0.0369657427072525	0.0991320013999939	0.695051372051239
2921	0.03678040951490402	0.09922970086336136	0.6954633593559265
2922	0.03723154962062836	0.0993870198726654	0.6956830024719238
2923	0.03751133009791374	0.09957613050937653	0.6959946751594543
2924	0.037795424461364746	0.09975757449865341	0.6946817636489868
2925	0.037656866014003754	0.0996551513671875	0.6949478387832642
2926	0.03739592432975769	0.09960098564624786	0.6952307820320129
2927	0.03627070039510727	0.09957744181156158	0.6959474086761475
2928	0.03793446347117424	0.09934727847576141	0.6974504590034485
2929	0.03809918835759163	0.0989985242486	0.6998738646507263
2930	0.03690067306160927	0.09889888763427734	0.6996350288391113
2931	0.03743671625852585	0.09923013299703598	0.6963397860527039
2932	0.03630666062235832	0.09987159818410873	0.6922685503959656
2933	0.038323819637298584	0.10031794011592865	0.689435601234436
2934	0.03675122931599617	0.10058704763650894	0.6883655190467834
2935	0.03759782016277313	0.10080746561288834	0.6886734366416931
2936	0.03720397502183914	0.10055452585220337	0.6909711956977844
2937	0.03740012273192406	0.09988175332546234	0.6951882839202881
2938	0.038012050092220306	0.09946205466985703	0.697297990322113
2939	0.03738236799836159	0.09945493191480637	0.6968470215797424
2940	0.03645239770412445	0.0993412584066391	0.6981170177459717
2941	0.03822484239935875	0.0990121141076088	0.7004870176315308
2942	0.038610272109508514	0.09886147081851959	0.7021511197090149
2943	0.03785876929759979	0.09899256378412247	0.7017742991447449
2944	0.037561025470495224	0.09935177117586136	0.698734700679779
2945	0.038395509123802185	0.09972819685935974	0.6954073905944824
2946	0.03852003067731857	0.09985435754060745	0.6939789652824402
2947	0.037785470485687256	0.10001925379037857	0.6932851076126099
2948	0.037970755249261856	0.09988641738891602	0.6950281858444214
2949	0.03698752820491791	0.09951435029506683	0.6975774765014648
2950	0.036157332360744476	0.09911215305328369	0.6999087929725647
2951	0.037784140557050705	0.09887772053480148	0.7007138729095459
2952	0.037308309227228165	0.09870769083499908	0.70099937915802
2953	0.03703368455171585	0.09904749691486359	0.6984714865684509
2954	0.03763008117675781	0.0993967056274414	0.6968576312065125
2955	0.037429824471473694	0.09968572854995728	0.6967098116874695
2956	0.03698890283703804	0.09955320507287979	0.7000156044960022
2957	0.036365263164043427	0.0991647019982338	0.7041161060333252
2958	0.03808354213833809	0.09873326122760773	0.706981897354126
2959	0.03781472146511078	0.0985945463180542	0.7061481475830078
2960	0.03671079874038696	0.09868862479925156	0.7042263150215149
2961	0.037097759544849396	0.09904947131872177	0.7007074356079102
2962	0.037490006536245346	0.09908147156238556	0.6993626952171326
2963	0.036487773060798645	0.09934543818235397	0.6972127556800842
2964	0.037428099662065506	0.09953610599040985	0.6959257125854492
2965	0.03705437108874321	0.09974023699760437	0.6956982016563416
2966	0.03765660896897316	0.1000865176320076	0.6943840384483337
2967	0.03585495054721832	0.10041166841983795	0.6934337615966797
2968	0.03703375905752182	0.10056106746196747	0.6928911209106445
2969	0.03744181618094444	0.10031478106975555	0.6943801045417786
2970	0.036010321229696274	0.09961633384227753	0.6985428929328918
2971	0.03622257336974144	0.09904888272285461	0.7011709213256836
2972	0.037240758538246155	0.09879173338413239	0.7018784880638123
2973	0.03680483251810074	0.09858246147632599	0.7019888162612915
2974	0.036899518221616745	0.09849704056978226	0.7007180452346802
2975	0.03696945309638977	0.09869695454835892	0.698931097984314
2976	0.036931511014699936	0.0990084707736969	0.6972224116325378
2977	0.03696312755346298	0.09908138960599899	0.698293924331665
2978	0.03732041269540787	0.09914746135473251	0.6993291974067688
2979	0.0368632934987545	0.0994408130645752	0.69874107837677
2980	0.03644643351435661	0.09984322637319565	0.697769284248352
2981	0.03673239052295685	0.09994935244321823	0.6971670985221863
2982	0.037238724529743195	0.10012640804052353	0.6944113373756409
2983	0.03764963522553444	0.10003136098384857	0.6932160258293152
2984	0.036389123648405075	0.09979891031980515	0.693729817867279
2985	0.03659407049417496	0.09958679229021072	0.6955494284629822
2986	0.035875484347343445	0.0993642657995224	0.6982381939888
2987	0.03696997091174126	0.09932071715593338	0.6998189091682434
2988	0.03754572197794914	0.09943298250436783	0.6995328664779663
2989	0.03791633993387222	0.09969932585954666	0.697390079498291
2990	0.03745846450328827	0.10017799586057663	0.6940973401069641
2991	0.03657746687531471	0.10037069022655487	0.6933538913726807
2992	0.0357866995036602	0.10068397969007492	0.6928978562355042
2993	0.037709128111600876	0.10081613063812256	0.6938449144363403
2994	0.03643026947975159	0.10075369477272034	0.6959221959114075
2995	0.03727687522768974	0.10054036974906921	0.6971069574356079
2996	0.03769906982779503	0.10012320429086685	0.6972635388374329
2997	0.037106290459632874	0.0998392105102539	0.6971445083618164
2998	0.03633825480937958	0.09968067705631256	0.6974620819091797
2999	0.03652140870690346	0.09959747642278671	0.6975527405738831
3000	0.036877576261758804	0.09930343925952911	0.6980448961257935
3001	0.037509720772504807	0.09940740466117859	0.6971584558486938
3002	0.035884324461221695	0.09958644211292267	0.6961722373962402
3003	0.03758125379681587	0.09985176473855972	0.6944676637649536
3004	0.03635750338435173	0.09997224807739258	0.694164514541626
3005	0.03648526966571808	0.10008173435926437	0.6932950019836426
3006	0.036428697407245636	0.10002178698778152	0.6951004266738892
3007	0.03657538443803787	0.10000769793987274	0.6958531737327576
3008	0.037220075726509094	0.09993510693311691	0.6963441967964172
3009	0.03717514127492905	0.09999211877584457	0.6960073113441467
3010	0.03626004606485367	0.0998857319355011	0.6974577903747559
3011	0.03682412952184677	0.09978541731834412	0.6982066631317139
3012	0.036872122436761856	0.09977647662162781	0.6982923150062561
3013	0.03519805148243904	0.09984246641397476	0.698409914970398
3014	0.036104716360569	0.09980854392051697	0.699256181716919
3015	0.03647690266370773	0.09982679039239883	0.7004028558731079
3016	0.03623851388692856	0.09993160516023636	0.7011693120002747
3017	0.036079663783311844	0.10015837103128433	0.7007938623428345
3018	0.03618280589580536	0.10026416182518005	0.6997171640396118
3019	0.03737260028719902	0.10034316778182983	0.6988075375556946
3020	0.03591609001159668	0.10030562430620193	0.6981775760650635
3021	0.03574995696544647	0.10039741545915604	0.6972436308860779
3022	0.03592555224895477	0.10064585506916046	0.6953273415565491
3023	0.037232331931591034	0.10080298781394958	0.6944878697395325
3024	0.03649234399199486	0.10091321170330048	0.693524181842804
3025	0.03627799451351166	0.10108254104852676	0.6926658153533936
3026	0.03611386567354202	0.10113334655761719	0.6923471689224243
3027	0.0358823761343956	0.10078586637973785	0.6943783760070801
3028	0.03613191097974777	0.10005716234445572	0.698688268661499
3029	0.03665368631482124	0.09936895221471786	0.7015579342842102
3030	0.03684956580400467	0.0991770550608635	0.7004276514053345
3031	0.03786306083202362	0.09926333278417587	0.6973742246627808
3032	0.03652814403176308	0.0994345173239708	0.695569634437561
3033	0.03726609796285629	0.09960661828517914	0.6957835555076599
3034	0.03716280311346054	0.09966424107551575	0.6979854106903076
3035	0.03667883947491646	0.09963789582252502	0.699065089225769
3036	0.03721953183412552	0.10000860691070557	0.6963940858840942
3037	0.035635851323604584	0.1003158837556839	0.6938686966896057
3038	0.03665323927998543	0.10055387765169144	0.6913412809371948
3039	0.03706707805395126	0.10050933063030243	0.6902417540550232
3040	0.03718973696231842	0.10013069957494736	0.6925098299980164
3041	0.03715610131621361	0.09955441206693649	0.6964103579521179
3042	0.03626531735062599	0.09881062805652618	0.7017398476600647
3043	0.036040082573890686	0.09867553412914276	0.7037545442581177
3044	0.037237104028463364	0.09896163642406464	0.7023564577102661
3045	0.03619159013032913	0.09937560558319092	0.7006883025169373
3046	0.03670934960246086	0.0997447818517685	0.6994408965110779
3047	0.03719246760010719	0.10000600665807724	0.6984125375747681
3048	0.035758838057518005	0.10007178783416748	0.6977527141571045
3049	0.03606020659208298	0.10004068911075592	0.697314977645874
3050	0.03648650646209717	0.09991971403360367	0.6975752115249634
3051	0.036404307931661606	0.09998799860477448	0.6967988014221191
3052	0.035775575786828995	0.10007921606302261	0.696394681930542
3053	0.037182390689849854	0.10028613358736038	0.6957784295082092
3054	0.03591855242848396	0.10064445436000824	0.6950228810310364
3055	0.036028724163770676	0.10063125938177109	0.6962281465530396
3056	0.03657735884189606	0.10039782524108887	0.697420597076416
3057	0.03577524051070213	0.09971588850021362	0.7002208232879639
3058	0.03640928119421005	0.09893818944692612	0.7015952467918396
3059	0.03510308638215065	0.09882800281047821	0.7003191709518433
3060	0.035749755799770355	0.09918119013309479	0.6970847249031067
3061	0.03626321628689766	0.09958512336015701	0.6937270164489746
3062	0.03701697289943695	0.10000927746295929	0.6912616491317749
3063	0.03739204257726669	0.10028302669525146	0.6912860870361328
3064	0.03657150641083717	0.10032180696725845	0.6929290890693665
3065	0.03559792414307594	0.10010205209255219	0.6963713765144348
3066	0.035835523158311844	0.09971727430820465	0.7004176378250122
3067	0.0355629026889801	0.09942445158958435	0.702860414981842
3068	0.036458443850278854	0.09931334853172302	0.7032560706138611
3069	0.036881640553474426	0.09934339672327042	0.7025923132896423
3070	0.035552017390728	0.09954806417226791	0.7007762789726257
3071	0.036521852016448975	0.09981182217597961	0.6989580988883972
3072	0.03535959869623184	0.10022518783807755	0.6953123807907104
3073	0.036476172506809235	0.10043321549892426	0.6939049363136292
3074	0.0354519858956337	0.10060083866119385	0.6940062046051025
3075	0.03564140573143959	0.10075194388628006	0.6942102313041687
3076	0.036550238728523254	0.10075190663337708	0.6939375400543213
3077	0.03618278354406357	0.10053833574056625	0.6932576894760132
3078	0.03652404993772507	0.1003577709197998	0.6922304034233093
3079	0.03551545366644859	0.1000548005104065	0.6928341388702393
3080	0.035549212247133255	0.09960725903511047	0.6945568919181824
3081	0.035998813807964325	0.09922538697719574	0.6963816285133362
3082	0.0379844568669796	0.09894773364067078	0.6982696056365967
3083	0.035401757806539536	0.09903008490800858	0.6975863575935364
3084	0.03630640357732773	0.09916891157627106	0.6969993710517883
3085	0.036545541137456894	0.09952762722969055	0.6951805353164673
3086	0.03576284274458885	0.10001981258392334	0.6937205791473389
3087	0.0372057780623436	0.10025916993618011	0.693289577960968
3088	0.036345817148685455	0.10041965544223785	0.6929884552955627
3089	0.036158107221126556	0.10028543323278427	0.6937416195869446
3090	0.03541669622063637	0.10019093006849289	0.6943880915641785
3091	0.036063678562641144	0.10008800774812698	0.6951220035552979
3092	0.03653556481003761	0.10011091828346252	0.6958156824111938
3093	0.03498700633645058	0.10004925727844238	0.6959825754165649
3094	0.03569228574633598	0.09981945157051086	0.6967872381210327
3095	0.03574824333190918	0.099578857421875	0.6977291107177734
3096	0.03578446805477142	0.0995735377073288	0.6990115642547607
3097	0.036642152816057205	0.09983094036579132	0.6973642706871033
3098	0.035755641758441925	0.10021410137414932	0.6942318081855774
3099	0.036476507782936096	0.10071833431720734	0.690511167049408
3100	0.035239070653915405	0.10119355469942093	0.6874833703041077
3101	0.035714223980903625	0.1012888178229332	0.686910092830658
3102	0.03701971843838692	0.10063594579696655	0.6908472776412964
3103	0.03560424596071243	0.09991414099931717	0.6961548924446106
3104	0.036012500524520874	0.09960082918405533	0.6991665363311768
3105	0.036511633545160294	0.09970911592245102	0.6994724273681641
3106	0.037894781678915024	0.10012426227331161	0.695533812046051
3107	0.037010855972766876	0.10072480142116547	0.6905026435852051
3108	0.037164587527513504	0.10100606083869934	0.688316822052002
3109	0.03527485206723213	0.10099046677350998	0.6896517872810364
3110	0.03490022197365761	0.10086740553379059	0.6921008825302124
3111	0.035762425512075424	0.10054595023393631	0.694938063621521
3112	0.03668677806854248	0.10032370686531067	0.6958578824996948
3113	0.0368526466190815	0.10018504410982132	0.6951607465744019
3114	0.036556437611579895	0.10028530657291412	0.6922954320907593
3115	0.035964902490377426	0.10039283335208893	0.6903622150421143
3116	0.035494375973939896	0.10042357444763184	0.6905879974365234
3117	0.03686996176838875	0.10018128156661987	0.6938866972923279
3118	0.03542951121926308	0.1000450849533081	0.6966643929481506
3119	0.03602592647075653	0.09990621358156204	0.6995186805725098
3120	0.035480622202157974	0.09982776641845703	0.7009167671203613
3121	0.035410284996032715	0.09972856938838959	0.7008017301559448
3122	0.03571478649973869	0.09955060482025146	0.7001009583473206
3123	0.036039382219314575	0.09947391599416733	0.6987972259521484
3124	0.035792604088783264	0.09908854216337204	0.7004119753837585
3125	0.03559529781341553	0.098692886531353	0.7032996416091919
3126	0.03683368116617203	0.09840929508209229	0.7057309150695801
3127	0.035612110048532486	0.09842944890260696	0.7053682208061218
3128	0.037337735295295715	0.09857542812824249	0.7029321193695068
3129	0.03685402870178223	0.09894302487373352	0.6995219588279724
3130	0.03538776934146881	0.09917407482862473	0.6978632807731628
3131	0.0352608747780323	0.09930242598056793	0.6973605155944824
3132	0.036013249307870865	0.09902956336736679	0.6996545195579529
3133	0.035427276045084	0.09878271073102951	0.7008079886436462
3134	0.03561883792281151	0.09870140254497528	0.7007113099098206
3135	0.03543891757726669	0.09873627871274948	0.7006404399871826
3136	0.036399148404598236	0.09890102595090866	0.7002073526382446
3137	0.03691300004720688	0.09891059994697571	0.7016324996948242
3138	0.03578481450676918	0.09873087704181671	0.7037009000778198
3139	0.036107905209064484	0.09872905910015106	0.7054964900016785
3140	0.03563442453742027	0.09883671253919601	0.7056159377098083
3141	0.03528739511966705	0.09917187690734863	0.7030202746391296
3142	0.03570627421140671	0.09944994747638702	0.7001621127128601
3143	0.03570466488599777	0.09959423542022705	0.6983383893966675
3144	0.035603154450654984	0.09934651106595993	0.6990576982498169
3145	0.03613877296447754	0.09907915443181992	0.6998854279518127
3146	0.03623921796679497	0.09892529249191284	0.7008315920829773
3147	0.03615279495716095	0.09903057664632797	0.7011394500732422
3148	0.035580459982156754	0.09914883226156235	0.6998374462127686
3149	0.03652694821357727	0.099216990172863	0.697929322719574
3150	0.03476705029606819	0.09946800023317337	0.6944182515144348
3151	0.035719309002161026	0.0994218960404396	0.6943743228912354
3152	0.0348767526447773	0.0991535559296608	0.6974347829818726
3153	0.035268254578113556	0.09874044358730316	0.7017772793769836
3154	0.03708094730973244	0.09855686873197556	0.7037012577056885
3155	0.03575693443417549	0.0988582968711853	0.701618492603302
3156	0.035671133548021317	0.09937307238578796	0.6972373723983765
3157	0.03523127734661102	0.0997336208820343	0.6936925649642944
3158	0.03499334678053856	0.09971430897712708	0.6934442520141602
3159	0.03552861884236336	0.09950148314237595	0.6961662769317627
3160	0.03597182035446167	0.09922951459884644	0.6993851661682129
3161	0.035893116146326065	0.09904494136571884	0.7022024393081665
3162	0.0349123515188694	0.09911990165710449	0.7017396688461304
3163	0.03591041639447212	0.09947866946458817	0.6995459198951721
3164	0.034829847514629364	0.09982913732528687	0.6970658898353577
3165	0.0356069840490818	0.10017089545726776	0.694999635219574
3166	0.03595304861664772	0.10006996244192123	0.6948221921920776
3167	0.03593046963214874	0.09993400424718857	0.6953222751617432
3168	0.034887731075286865	0.09985892474651337	0.6959927082061768
3169	0.03493701294064522	0.0999741181731224	0.6953332424163818
3170	0.03577597811818123	0.09988544881343842	0.6951553225517273
3171	0.034766100347042084	0.09975816309452057	0.6951392292976379
3172	0.03584406152367592	0.09952190518379211	0.6959711313247681
3173	0.03497948497533798	0.09936187416315079	0.6964648365974426
3174	0.036190930753946304	0.09940161556005478	0.6958509087562561
3175	0.034693360328674316	0.099622443318367	0.6948155164718628
3176	0.03575984388589859	0.0996183380484581	0.6962254047393799
3177	0.035153601318597794	0.09939903020858765	0.6986847519874573
3178	0.03559039905667305	0.0991404801607132	0.7017902731895447
3179	0.03587009757757187	0.09898757934570312	0.7035996913909912
3180	0.03484686464071274	0.09911521524190903	0.7028478980064392
3181	0.03473171591758728	0.099378302693367	0.7009859681129456
3182	0.03572521731257439	0.09972056746482849	0.6979609131813049
3183	0.03497963026165962	0.09976227581501007	0.6980933547019958
3184	0.035354405641555786	0.09959913790225983	0.7002894282341003
3185	0.035551268607378006	0.09917053580284119	0.704390823841095
3186	0.03628339245915413	0.0988023653626442	0.7066595554351807
3187	0.037361133843660355	0.0986628532409668	0.7067499160766602
3188	0.0366179496049881	0.09884754568338394	0.7035455703735352
3189	0.03497582674026489	0.0991363450884819	0.6998662948608398
3190	0.03555242717266083	0.09931549429893494	0.6988128423690796
3191	0.034512389451265335	0.09948641061782837	0.6988306641578674
3192	0.03634852170944214	0.0994521751999855	0.69975745677948
3193	0.03527320176362991	0.09923303127288818	0.7008212208747864
3194	0.03553151711821556	0.09930296242237091	0.7001299858093262
3195	0.03608657792210579	0.09953184425830841	0.6983090043067932
3196	0.03533650189638138	0.09983141720294952	0.6954618692398071
3197	0.0355096310377121	0.10007703304290771	0.6931966543197632
3198	0.034575507044792175	0.09982632845640182	0.6937326788902283
3199	0.035219457000494	0.09932303428649902	0.6973305940628052
3200	0.03521469235420227	0.0988539382815361	0.7009521126747131
3201	0.03423049673438072	0.09851562976837158	0.7037531733512878
3202	0.03554113581776619	0.09841462969779968	0.7043609023094177
3203	0.0353882759809494	0.09864551573991776	0.7024357914924622
3204	0.035214900970458984	0.09893354028463364	0.7001718878746033
3205	0.03496117517352104	0.09897518157958984	0.6998521089553833
3206	0.035062260925769806	0.09899788349866867	0.7000062465667725
3207	0.03565362095832825	0.09914940595626831	0.6997889876365662
3208	0.0344429649412632	0.09921940416097641	0.7001534104347229
3209	0.035680387169122696	0.09941443800926208	0.6988053917884827
3210	0.03595739230513573	0.09966056793928146	0.6957274675369263
3211	0.035657450556755066	0.0997423529624939	0.6934610605239868
3212	0.03523436188697815	0.09952668100595474	0.6937229633331299
3213	0.03683172166347504	0.09911172091960907	0.6973550915718079
3214	0.035765618085861206	0.09859760850667953	0.7023313641548157
3215	0.033997632563114166	0.09841896593570709	0.7047651410102844
3216	0.03531976044178009	0.09868258237838745	0.7036846280097961
3217	0.03616059198975563	0.09909418970346451	0.702036440372467
3218	0.03497179597616196	0.09970743209123611	0.6988494396209717
3219	0.03504631668329239	0.10019157081842422	0.6964500546455383
3220	0.03524165228009224	0.10043472051620483	0.695736289024353
3221	0.03685041889548302	0.10025355964899063	0.6973857879638672
3222	0.03788968548178673	0.09990596771240234	0.7004202604293823
3223	0.03694548457860947	0.09939327836036682	0.7032509446144104
3224	0.035287510603666306	0.09911785274744034	0.704520583152771
3225	0.03534749150276184	0.09904424101114273	0.7029228806495667
3226	0.034954965114593506	0.09886112809181213	0.7017775177955627
3227	0.03543183580040932	0.09879925847053528	0.7001687288284302
3228	0.034829478710889816	0.09865213185548782	0.7001693844795227
3229	0.03421377018094063	0.09858294576406479	0.7005243897438049
3230	0.034572213888168335	0.09836447983980179	0.7022983431816101
3231	0.03478369489312172	0.09820077568292618	0.7031568288803101
3232	0.0351865291595459	0.09814226627349854	0.7035185694694519
3233	0.035551462322473526	0.09836287051439285	0.7031930088996887
3234	0.03454716131091118	0.09883566945791245	0.7008069157600403
3235	0.035680584609508514	0.09934987872838974	0.6978834271430969
3236	0.035138122737407684	0.09974094480276108	0.6952701210975647
3237	0.034602366387844086	0.09984561800956726	0.6952065229415894
3238	0.03431522846221924	0.09989297389984131	0.6965054273605347
3239	0.034479327499866486	0.09976113587617874	0.6994938850402832
3240	0.035339586436748505	0.09977775067090988	0.7008858919143677
3241	0.03448867052793503	0.09974690526723862	0.7014463543891907
3242	0.035468690097332	0.09975501149892807	0.700099527835846
3243	0.03607366234064102	0.10002963989973068	0.697100818157196
3244	0.03474146127700806	0.10028538107872009	0.694122850894928
3245	0.035560451447963715	0.1000298485159874	0.6949427723884583
3246	0.03386129438877106	0.09978418052196503	0.6965456604957581
3247	0.03513913229107857	0.09955552220344543	0.6980698704719543
3248	0.035310760140419006	0.09947796165943146	0.6981369256973267
3249	0.03507005050778389	0.09951291978359222	0.6964722275733948
3250	0.035713136196136475	0.09955818206071854	0.6956325769424438
3251	0.0340680256485939	0.0999896228313446	0.6934947967529297
3252	0.03551201894879341	0.10021794587373734	0.6922404170036316
3253	0.0348624587059021	0.09991930425167084	0.6945098042488098
3254	0.0354175828397274	0.09952877461910248	0.697790265083313
3255	0.034622423350811005	0.09933752566576004	0.6988365054130554
3256	0.034426528960466385	0.09932476282119751	0.6990472674369812
3257	0.03507725149393082	0.09957826882600784	0.6990377306938171
3258	0.03546145185828209	0.09957396239042282	0.7003332376480103
3259	0.03474542126059532	0.09950512647628784	0.7028306722640991
3260	0.03481960669159889	0.09954459220170975	0.7043311595916748
3261	0.035856008529663086	0.0994478240609169	0.7049665451049805
3262	0.03458969667553902	0.09917668998241425	0.704915463924408
3263	0.03432224318385124	0.0994190201163292	0.7029794454574585
3264	0.03436778485774994	0.0997692123055458	0.7003970742225647
3265	0.035261109471321106	0.10005077719688416	0.6980194449424744
3266	0.03531847894191742	0.10015454143285751	0.6967328190803528
3267	0.03490171581506729	0.10032875090837479	0.6951543688774109
3268	0.03367050737142563	0.1005609780550003	0.6936702728271484
3269	0.035626061260700226	0.10047944635152817	0.6933130025863647
3270	0.036064133048057556	0.10016269981861115	0.6945744752883911
3271	0.034795794636011124	0.10007504373788834	0.6960537433624268
3272	0.03495709225535393	0.09995749592781067	0.6978490948677063
3273	0.035657815635204315	0.09985452145338058	0.7006244659423828
3274	0.035207513719797134	0.09956967830657959	0.7028297781944275
3275	0.03500467538833618	0.09973769634962082	0.703510582447052
3276	0.034707311540842056	0.10031113028526306	0.7006253600120544
3277	0.035203464329242706	0.10068126767873764	0.6971001625061035
3278	0.03619474172592163	0.10066024214029312	0.6957927942276001
3279	0.035644978284835815	0.10046492516994476	0.6968089938163757
3280	0.034256406128406525	0.10040956735610962	0.6971513032913208
3281	0.03480244427919388	0.10060344636440277	0.6966013312339783
3282	0.0351548045873642	0.10064995288848877	0.6949770450592041
3283	0.03517676517367363	0.10060155391693115	0.6931901574134827
3284	0.034898627549409866	0.10046026110649109	0.693109929561615
3285	0.03519944101572037	0.09996171295642853	0.6956593990325928
3286	0.0360950268805027	0.09952381253242493	0.697822093963623
3287	0.034540824592113495	0.09939618408679962	0.6992312669754028
3288	0.03484285995364189	0.09944517910480499	0.6985031962394714
3289	0.03508293256163597	0.09967134892940521	0.6971360445022583
3290	0.03406001627445221	0.09998935461044312	0.6959937214851379
3291	0.036143820732831955	0.10013134777545929	0.6962224245071411
3292	0.03423023968935013	0.09999802708625793	0.6982591152191162
3293	0.03571445494890213	0.09962116926908493	0.7013763785362244
3294	0.034836363047361374	0.09926864504814148	0.7036595344543457
3295	0.03491532430052757	0.09901499003171921	0.7059527039527893
3296	0.03456135094165802	0.09880296140909195	0.7078466415405273
3297	0.03435445949435234	0.09877721220254898	0.7074719667434692
3298	0.0343158133327961	0.09893032163381577	0.7040581703186035
3299	0.03553004935383797	0.09944495558738708	0.699012041091919
3300	0.03353268653154373	0.10010883957147598	0.6941696405410767
3301	0.03481835871934891	0.10063353925943375	0.6920028924942017
3302	0.035437554121017456	0.10095680505037308	0.6922048926353455
3303	0.035025704652071	0.1009780541062355	0.6947080492973328
3304	0.03539420664310455	0.10107182711362839	0.6959970593452454
3305	0.0338914580643177	0.10111874341964722	0.6957208514213562
3306	0.03493882715702057	0.10087720304727554	0.6960740089416504
3307	0.03344729542732239	0.10046753287315369	0.6969376802444458
3308	0.0339902862906456	0.09998613595962524	0.6986246109008789
3309	0.03509595990180969	0.0995124951004982	0.7000205516815186
3310	0.03448828309774399	0.09924852848052979	0.7009223103523254
3311	0.035333093255758286	0.09899530559778214	0.7020184397697449
3312	0.034943144768476486	0.09883434325456619	0.7042135000228882
3313	0.03458567336201668	0.09888710826635361	0.7045053243637085
3314	0.03413767367601395	0.0991060808300972	0.7026594877243042
3315	0.03591470047831535	0.09950056672096252	0.6994107961654663
3316	0.03500421345233917	0.09959189593791962	0.6979251503944397
3317	0.0348319411277771	0.09963206201791763	0.6971856951713562
3318	0.034933462738990784	0.09989164024591446	0.6970115303993225
3319	0.03478652238845825	0.10033856332302094	0.6961986422538757
3320	0.03598186373710632	0.10031597316265106	0.6971599459648132
3321	0.03443697467446327	0.10018284618854523	0.697738766670227
3322	0.03528807312250137	0.10027443617582321	0.6975641250610352
3323	0.03480321168899536	0.10007826238870621	0.6998611688613892
3324	0.03594577684998512	0.0997987613081932	0.7021322846412659
3325	0.035073600709438324	0.09936875104904175	0.7039284706115723
3326	0.035176072269678116	0.09901934117078781	0.7046065330505371
3327	0.03440413624048233	0.0990898609161377	0.703632652759552
3328	0.03527894988656044	0.09940024465322495	0.699357807636261
3329	0.03474336490035057	0.09950634092092514	0.6974568367004395
3330	0.03545708581805229	0.09949135780334473	0.6982083916664124
3331	0.03529684990644455	0.09956516325473785	0.7004064321517944
3332	0.03505450859665871	0.09967654943466187	0.7021183967590332
3333	0.034652743488550186	0.09975023567676544	0.7033702731132507
3334	0.03423893079161644	0.09992046654224396	0.7019511461257935
3335	0.03499641641974449	0.10020444542169571	0.6978144645690918
3336	0.03487982600927353	0.10061021149158478	0.6933842897415161
3337	0.03594788908958435	0.10042327642440796	0.6934730410575867
3338	0.03439838066697121	0.10001394897699356	0.6966108083724976
3339	0.03518015518784523	0.09965122491121292	0.7000008821487427
3340	0.03491905704140663	0.09961474686861038	0.7006638646125793
3341	0.03394871577620506	0.09990864247083664	0.6993633508682251
3342	0.035114679485559464	0.10031852126121521	0.697067379951477
3343	0.03631550446152687	0.10065899044275284	0.6949985027313232
3344	0.03416050225496292	0.10064331442117691	0.6957563161849976
3345	0.03411075472831726	0.1003565564751625	0.698440670967102
3346	0.03385927900671959	0.10006830096244812	0.7001001238822937
3347	0.03481995686888695	0.09969696402549744	0.7013049721717834
3348	0.0343359000980854	0.09958422929048538	0.7005788087844849
3349	0.034776393324136734	0.09955184161663055	0.7002885341644287
3350	0.034914083778858185	0.09972662478685379	0.6986113786697388
3351	0.0346645750105381	0.0998777523636818	0.697844386100769
3352	0.0339287705719471	0.10002781450748444	0.6979900598526001
3353	0.03506575897336006	0.10024277865886688	0.697812557220459
3354	0.03505261242389679	0.10017917305231094	0.6986969709396362
3355	0.03396875411272049	0.09968139231204987	0.7024556994438171
3356	0.033837080001831055	0.09958794713020325	0.7046147584915161
3357	0.03400365263223648	0.09957874566316605	0.7040467262268066
3358	0.03532420098781586	0.09966930747032166	0.7018083333969116
3359	0.03390286862850189	0.09997290372848511	0.6981415748596191
3360	0.03385987505316734	0.10045063495635986	0.6938012838363647
3361	0.03437359631061554	0.10059080272912979	0.6933026909828186
3362	0.03364631533622742	0.10065986961126328	0.6952773332595825
3363	0.03402319923043251	0.10024172067642212	0.6988540887832642
3364	0.03445722162723541	0.09988134354352951	0.7013301849365234
3365	0.03441033139824867	0.09964614361524582	0.7021796107292175
3366	0.03466549888253212	0.09960994124412537	0.701479971408844
3367	0.03478992357850075	0.09978622943162918	0.7006018161773682
3368	0.03434917703270912	0.10020200163125992	0.6987398266792297
3369	0.035414911806583405	0.10050953179597855	0.6975380778312683
3370	0.034905388951301575	0.10055452585220337	0.6985538601875305
3371	0.03509088605642319	0.10028248280286789	0.699571967124939
3372	0.03446360304951668	0.10008882731199265	0.699851930141449
3373	0.034703172743320465	0.10002247989177704	0.6982779502868652
3374	0.03460240736603737	0.09998900443315506	0.6965307593345642
3375	0.03482401371002197	0.09999053180217743	0.6960740685462952
3376	0.035106901079416275	0.10023747384548187	0.695996105670929
3377	0.03472655266523361	0.10033009201288223	0.6975332498550415
3378	0.034404780715703964	0.10026801377534866	0.6985726952552795
3379	0.03513316810131073	0.09967020899057388	0.7005521655082703
3380	0.033688995987176895	0.09939362108707428	0.7011185884475708
3381	0.0350099615752697	0.09937207400798798	0.7009554505348206
3382	0.03504188731312752	0.0994139239192009	0.7005819082260132
3383	0.03376010060310364	0.09945141524076462	0.7000956535339355
3384	0.035080041736364365	0.09936167299747467	0.7001991271972656
3385	0.03472379595041275	0.09929801523685455	0.7005341649055481
3386	0.034695398062467575	0.09946437925100327	0.6994669437408447
3387	0.03503173589706421	0.09947367757558823	0.7003837823867798
3388	0.03534634783864021	0.09930364042520523	0.7014909982681274
3389	0.03488904610276222	0.09890612959861755	0.7027609944343567
3390	0.03381362929940224	0.09859317541122437	0.7048864960670471
3391	0.03419103845953941	0.09848158061504364	0.7058846354484558
3392	0.03345748409628868	0.09874743223190308	0.7041977643966675
3393	0.03383808210492134	0.09925276786088943	0.7014375925064087
3394	0.034339264035224915	0.09995906800031662	0.6985371112823486
3395	0.03429810702800751	0.10009682923555374	0.6980594396591187
3396	0.03368333727121353	0.09984660148620605	0.6997750997543335
3397	0.033218514174222946	0.09963353723287582	0.7000482678413391
3398	0.03488294035196304	0.09933260828256607	0.7005809545516968
3399	0.033918797969818115	0.09920667856931686	0.7011623978614807
3400	0.03548084571957588	0.09924179315567017	0.7012359499931335
3401	0.03393702208995819	0.09929939359426498	0.7023306488990784
3402	0.034523095935583115	0.09938453882932663	0.7024649381637573
3403	0.034163374453783035	0.0992351844906807	0.7037336826324463
3404	0.03373139724135399	0.09920801222324371	0.7039849758148193
3405	0.03414401039481163	0.09917474538087845	0.7043487429618835
3406	0.03411188721656799	0.09916218370199203	0.7035287022590637
3407	0.03418721631169319	0.09916409105062485	0.7025770545005798
3408	0.03354648873209953	0.09908822923898697	0.7027096748352051
3409	0.034543197602033615	0.09891441464424133	0.7032310366630554
3410	0.035412151366472244	0.09861604124307632	0.7040855884552002
3411	0.03312982991337776	0.0986623540520668	0.7030437588691711
3412	0.03365866094827652	0.09877000749111176	0.7018276453018188
3413	0.03427313268184662	0.09887122362852097	0.7007366418838501
3414	0.03258849307894707	0.09897156059741974	0.69942307472229
3415	0.03489033505320549	0.09904181212186813	0.6989219784736633
3416	0.03348978981375694	0.09935840964317322	0.6985687017440796
3417	0.03313285484910011	0.09928743541240692	0.6990112066268921
3418	0.03412506356835365	0.09910879284143448	0.6995949149131775
3419	0.03370828554034233	0.0987711176276207	0.7013645768165588
3420	0.03376932814717293	0.09873359650373459	0.7025187015533447
3421	0.03369057551026344	0.09888787567615509	0.7027153968811035
3422	0.03536251187324524	0.09907424449920654	0.701859712600708
3423	0.03434285148978233	0.0992509126663208	0.7013489603996277
3424	0.03385087102651596	0.09964320808649063	0.6993082761764526
3425	0.03422059863805771	0.10003489255905151	0.6976205706596375
3426	0.033109523355960846	0.10043048858642578	0.6971442103385925
3427	0.034563034772872925	0.10077518969774246	0.6967634558677673
3428	0.034625567495822906	0.10068415850400925	0.697693407535553
3429	0.03404757007956505	0.10018900036811829	0.6994375586509705
3430	0.03275354206562042	0.09972313046455383	0.7011454105377197
3431	0.0339394249022007	0.09933964163064957	0.7027511596679688
3432	0.0343342088162899	0.09918849170207977	0.7028626799583435
3433	0.034786805510520935	0.09912952780723572	0.7025707364082336
3434	0.034804608672857285	0.09922386705875397	0.7011229991912842
3435	0.03362111747264862	0.09930679947137833	0.7001802325248718
3436	0.03356179594993591	0.09943165630102158	0.700363039970398
3437	0.033694926649332047	0.09969291090965271	0.6986207365989685
3438	0.032522059977054596	0.09958074986934662	0.6994134187698364
3439	0.034886449575424194	0.09934736043214798	0.7010183334350586
3440	0.034990161657333374	0.09913333505392075	0.702677309513092
3441	0.03302515670657158	0.09913777559995651	0.7025853395462036
3442	0.03503948077559471	0.0992998480796814	0.7015844583511353
3443	0.03486902266740799	0.09926601499319077	0.700903594493866
3444	0.035421222448349	0.09902685135602951	0.700626015663147
3445	0.03427721932530403	0.09905776381492615	0.6999368667602539
3446	0.033789653331041336	0.09956710785627365	0.6983165144920349
3447	0.03364000841975212	0.09979908168315887	0.6981596946716309
3448	0.03395473212003708	0.0999370589852333	0.6976751685142517
3449	0.034437574446201324	0.09994227439165115	0.6977173089981079
3450	0.03383143991231918	0.10002239793539047	0.6974249482154846
3451	0.034089453518390656	0.09988538920879364	0.6978433728218079
3452	0.033664677292108536	0.09964276850223541	0.6989212036132812
3453	0.0339273177087307	0.0993865579366684	0.7002906799316406
3454	0.03360147029161453	0.09923989325761795	0.7017384767532349
3455	0.03383683040738106	0.09933353960514069	0.701924741268158
3456	0.03328907862305641	0.09962481260299683	0.7000380158424377
3457	0.03391057252883911	0.09993742406368256	0.6978011131286621
3458	0.03410515561699867	0.10007329285144806	0.6976594924926758
3459	0.03450522571802139	0.0999886617064476	0.69913250207901
3460	0.034215670078992844	0.09966141730546951	0.7022172808647156
3461	0.034363456070423126	0.09941890835762024	0.704078733921051
3462	0.0335535891354084	0.09942261129617691	0.7031216621398926
3463	0.03325050324201584	0.09962285310029984	0.7013909220695496
3464	0.033830445259809494	0.10001962631940842	0.6993149518966675
3465	0.03344397991895676	0.09978752583265305	0.7007893323898315
3466	0.0348241925239563	0.09953539073467255	0.7024853229522705
3467	0.032916415482759476	0.09932652860879898	0.7042888402938843
3468	0.034034084528684616	0.09924935549497604	0.7047020792961121
3469	0.03409947082400322	0.09920255094766617	0.703792154788971
3470	0.0341847687959671	0.0993301197886467	0.7026353478431702
3471	0.03550839051604271	0.09932652860879898	0.7019840478897095
3472	0.03410760685801506	0.09906691312789917	0.703148603439331
3473	0.03394761309027672	0.0987871065735817	0.7055991888046265
3474	0.03351914510130882	0.09869035333395004	0.7070515155792236
3475	0.034234996885061264	0.09880375862121582	0.7063853144645691
3476	0.0332433357834816	0.09908025711774826	0.7050660252571106
3477	0.0333126075565815	0.09937208145856857	0.7011899352073669
3478	0.03295007348060608	0.09981894493103027	0.6967301368713379
3479	0.033523086458444595	0.10026177018880844	0.6950787901878357
3480	0.033458929508924484	0.1003146842122078	0.695875883102417
3481	0.033403437584638596	0.10032044351100922	0.6983872056007385
3482	0.03233413025736809	0.10017392784357071	0.7004075646400452
3483	0.034385863691568375	0.09992145746946335	0.7014976739883423
3484	0.0338573083281517	0.0997190847992897	0.7015742063522339
3485	0.033199988305568695	0.09973147511482239	0.7004677653312683
3486	0.033716510981321335	0.09946481883525848	0.7011331915855408
3487	0.032440636307001114	0.09926536679267883	0.7019765973091125
3488	0.03375941514968872	0.09924477338790894	0.7016420364379883
3489	0.03329921141266823	0.09934405982494354	0.7017424702644348
3490	0.03397953882813454	0.09961982816457748	0.7003606557846069
3491	0.03491208329796791	0.09985464811325073	0.6995634436607361
3492	0.03358270972967148	0.10022035986185074	0.6982951760292053
3493	0.03306948393583298	0.10040735453367233	0.6978854537010193
3494	0.03451988846063614	0.10030346363782883	0.6988943219184875
3495	0.034332942217588425	0.10006778687238693	0.6997997760772705
3496	0.03320972993969917	0.10001249611377716	0.6983781456947327
3497	0.03268206864595413	0.10025987774133682	0.695950984954834
3498	0.03289797902107239	0.10041667520999908	0.6935975551605225
3499	0.03371958062052727	0.10024846345186234	0.6948237419128418
3500	0.03440585732460022	0.1000136062502861	0.6977427005767822
3501	0.033877141773700714	0.09970921277999878	0.7016487121582031
3502	0.03314528614282608	0.0995543897151947	0.7032851576805115
3503	0.032989900559186935	0.09947554767131805	0.7031220197677612
3504	0.033950913697481155	0.09967838227748871	0.6997755765914917
3505	0.03333032876253128	0.09970854222774506	0.6973676085472107
3506	0.03370935842394829	0.09946829080581665	0.6983001232147217
3507	0.03406943008303642	0.09923607110977173	0.700234055519104
3508	0.034403592348098755	0.09899723529815674	0.7025951743125916
3509	0.03346846625208855	0.09879263490438461	0.7049365639686584
3510	0.03377818316221237	0.0987158864736557	0.706023097038269
3511	0.034449126571416855	0.0987129807472229	0.7066240310668945
3512	0.03293052688241005	0.0987769216299057	0.7058616876602173
3513	0.034703001379966736	0.09910919517278671	0.702128529548645
3514	0.0346054844558239	0.09929035604000092	0.7005785703659058
3515	0.03318343311548233	0.09954649209976196	0.699543833732605
3516	0.034315988421440125	0.09977629035711288	0.6989082098007202
3517	0.03229857236146927	0.10014022886753082	0.6962434649467468
3518	0.03250189870595932	0.10038111358880997	0.6941900849342346
3519	0.034867167472839355	0.10051526874303818	0.6925488710403442
3520	0.03282102569937706	0.10037792474031448	0.6929022073745728
3521	0.03310032933950424	0.1001686230301857	0.6939325928688049
3522	0.03262880817055702	0.09998489916324615	0.6947875022888184
3523	0.033480893820524216	0.1000034362077713	0.6968163251876831
3524	0.03394101932644844	0.10000575333833694	0.6985466480255127
3525	0.033743616193532944	0.0999392718076706	0.6999076008796692
3526	0.033603474497795105	0.09953968226909637	0.7020879983901978
3527	0.03331302851438522	0.09930041432380676	0.7024279832839966
3528	0.03303148224949837	0.09932440519332886	0.7013369798660278
3529	0.03271053358912468	0.09951813519001007	0.6993775367736816
3530	0.033421020954847336	0.09968265891075134	0.6993117332458496
3531	0.03397548571228981	0.09971301257610321	0.6997181177139282
3532	0.0329582653939724	0.09983054548501968	0.7002662420272827
3533	0.03330960124731064	0.100087970495224	0.700033962726593
3534	0.034430693835020065	0.10036403685808182	0.6978723406791687
3535	0.03296586871147156	0.1004529520869255	0.6949822902679443
3536	0.03538762778043747	0.10037717968225479	0.6938356161117554
3537	0.03387228399515152	0.10051500797271729	0.6939444541931152
3538	0.033931080251932144	0.10062923282384872	0.6948591470718384
3539	0.03351986035704613	0.10057719051837921	0.696175754070282
3540	0.03407132253050804	0.10046292841434479	0.69703608751297
3541	0.03410722687840462	0.10034245252609253	0.6965414881706238
3542	0.033392202109098434	0.10030721873044968	0.6957777738571167
3543	0.03347715735435486	0.10036994516849518	0.6951923370361328
3544	0.03262244164943695	0.10033529251813889	0.6952522397041321
3545	0.03506878390908241	0.10014627128839493	0.6970482468605042
3546	0.03315255790948868	0.09988930821418762	0.7001473903656006
3547	0.033198632299900055	0.09981619566679001	0.7034280896186829
3548	0.03283829614520073	0.09970351308584213	0.7053106427192688
3549	0.034072648733854294	0.09939801692962646	0.7051599621772766
3550	0.03255121409893036	0.09937853366136551	0.7027828097343445
3551	0.03262428939342499	0.09956568479537964	0.699112057685852
3552	0.032999951392412186	0.09949678182601929	0.6988720893859863
3553	0.034008368849754333	0.09927839785814285	0.7011265158653259
3554	0.03438868001103401	0.099110908806324	0.7045464515686035
3555	0.03366455063223839	0.09921105206012726	0.7065318822860718
3556	0.03348906338214874	0.09927531331777573	0.7069337964057922
3557	0.0339411199092865	0.09945173561573029	0.7041889429092407
3558	0.034107424318790436	0.09952283650636673	0.7003294229507446
3559	0.0323171392083168	0.09952034056186676	0.6978452205657959
3560	0.03416869416832924	0.09927202016115189	0.6987258195877075
3561	0.03306884318590164	0.09886065870523453	0.7014172077178955
3562	0.03337382897734642	0.09841426461935043	0.7053335905075073
3563	0.032509639859199524	0.09835207462310791	0.7073288559913635
3564	0.032742224633693695	0.09857609122991562	0.7069472670555115
3565	0.033668238669633865	0.09904647618532181	0.7043138146400452
3566	0.033053915947675705	0.0996377244591713	0.7008926868438721
3567	0.032857440412044525	0.10012229532003403	0.698859453201294
3568	0.033474069088697433	0.10069581866264343	0.6966298222541809
3569	0.033291108906269073	0.1006568893790245	0.6984883546829224
3570	0.03333326056599617	0.10044533759355545	0.6999645233154297
3571	0.033557355403900146	0.10025909543037415	0.7007889151573181
3572	0.032981354743242264	0.10006188601255417	0.7006490230560303
3573	0.03269806131720543	0.09979569911956787	0.6995549201965332
3574	0.03314077854156494	0.09974148124456406	0.697433590888977
3575	0.03372936695814133	0.09986698627471924	0.6959381103515625
3576	0.03397709131240845	0.09991545230150223	0.6977691650390625
3577	0.0339454784989357	0.10005366057157516	0.7003644108772278
3578	0.03323390707373619	0.10021230578422546	0.7019604444503784
3579	0.03386726975440979	0.10062318295240402	0.6999531388282776
3580	0.033853232860565186	0.10084331035614014	0.6963244676589966
3581	0.03271525353193283	0.10106778889894485	0.6928713917732239
3582	0.03406510129570961	0.10111048072576523	0.6906402111053467
3583	0.033602286130189896	0.10077527165412903	0.6917849183082581
3584	0.032376978546381	0.10047594457864761	0.6936478018760681
3585	0.03268373757600784	0.10013601183891296	0.696378767490387
3586	0.03277586027979851	0.09995885193347931	0.6966817378997803
3587	0.03407277539372444	0.09986971318721771	0.697012186050415
3588	0.03231516107916832	0.09976724535226822	0.6978830099105835
3589	0.03273994103074074	0.09960637986660004	0.6993785500526428
3590	0.032048922032117844	0.09959819912910461	0.6989064812660217
3591	0.033871132880449295	0.09977423399686813	0.6980136036872864
3592	0.034183748066425323	0.09995653480291367	0.6972063183784485
3593	0.03248698264360428	0.09990603476762772	0.6984193325042725
3594	0.03352253511548042	0.10005849599838257	0.6988627910614014
3595	0.03224775940179825	0.10016598552465439	0.6998254060745239
3596	0.03413786739110947	0.10045981407165527	0.6994953751564026
3597	0.032683130353689194	0.10068162530660629	0.6987916231155396
3598	0.033127207309007645	0.10077518969774246	0.6971296668052673
3599	0.03327101469039917	0.1008729562163353	0.6951071619987488
3600	0.03316357731819153	0.10086143016815186	0.6947301030158997
3601	0.03398612514138222	0.10064978897571564	0.6966621279716492
3602	0.03291739523410797	0.10047686845064163	0.6979199647903442
3603	0.03345145285129547	0.10047321766614914	0.6989128589630127
3604	0.03512195497751236	0.10070085525512695	0.6987418532371521
3605	0.031696856021881104	0.10100492835044861	0.6970379948616028
3606	0.033041078597307205	0.10113503038883209	0.6943697929382324
3607	0.03319763019680977	0.10105618089437485	0.6937100291252136
3608	0.0341326929628849	0.10081308335065842	0.695777416229248
3609	0.03306020796298981	0.10044095665216446	0.6982767581939697
3610	0.033265940845012665	0.10026585310697556	0.6990668773651123
3611	0.03231236711144447	0.10030002892017365	0.6987085342407227
3612	0.03319598361849785	0.10040973871946335	0.6968149542808533
3613	0.033321645110845566	0.10058265924453735	0.6942412257194519
3614	0.033850278705358505	0.10067185014486313	0.6937783360481262
3615	0.03338475152850151	0.10018564015626907	0.6960764527320862
3616	0.03314945101737976	0.09938789904117584	0.6997448801994324
3617	0.03284705430269241	0.09905645996332169	0.7018980979919434
3618	0.03277028724551201	0.09937029331922531	0.6999922394752502
3619	0.032175272703170776	0.09989623725414276	0.6978573799133301
3620	0.03228353336453438	0.1004795953631401	0.6940951347351074
3621	0.03316626697778702	0.10083406418561935	0.6915807723999023
3622	0.0328202098608017	0.10085970163345337	0.6925197839736938
3623	0.03245719149708748	0.10072843730449677	0.6955181360244751
3624	0.03312914818525314	0.10069182515144348	0.6977421045303345
3625	0.032672218978405	0.10067495703697205	0.6981274485588074
3626	0.033703893423080444	0.10069411993026733	0.6982575058937073
3627	0.03278670832514763	0.10061901062726974	0.6977445483207703
3628	0.032222528010606766	0.10057210177183151	0.6961637139320374
3629	0.0336126983165741	0.10068456828594208	0.6949419975280762
3630	0.032564155757427216	0.10069803148508072	0.6954238414764404
3631	0.03251893073320389	0.10048477351665497	0.6973109841346741
3632	0.03276500105857849	0.10014137625694275	0.6987712383270264
3633	0.031603291630744934	0.10000384598970413	0.6982983946800232
3634	0.03287079930305481	0.09991363435983658	0.6982959508895874
3635	0.032308951020240784	0.09984306246042252	0.6980224251747131
3636	0.03303319588303566	0.09962822496891022	0.6992610096931458
3637	0.032333455979824066	0.09953481703996658	0.7015259861946106
3638	0.03291536495089531	0.09950760751962662	0.701896071434021
3639	0.03250304237008095	0.09960529953241348	0.6997352838516235
3640	0.03291815146803856	0.09992007911205292	0.6959433555603027
3641	0.033269744366407394	0.10017174482345581	0.6933069825172424
3642	0.032912518829107285	0.10041775554418564	0.6930820345878601
3643	0.031622808426618576	0.10072750598192215	0.6925371289253235
3644	0.031846266239881516	0.10089626163244247	0.6928569674491882
3645	0.03303268179297447	0.100993812084198	0.693801760673523
3646	0.03217502683401108	0.10107801854610443	0.6948597431182861
3647	0.03291412070393562	0.10119421780109406	0.6948444843292236
3648	0.033274125307798386	0.10106290876865387	0.6955706477165222
3649	0.033444978296756744	0.1006912961602211	0.6959990859031677
3650	0.03250196948647499	0.10025445371866226	0.6980410814285278
3651	0.032524097710847855	0.10011789947748184	0.6989455223083496
3652	0.03241454437375069	0.100169338285923	0.698850154876709
3653	0.03355204686522484	0.10037004947662354	0.6979091763496399
3654	0.03312192112207413	0.100604347884655	0.6968029141426086
3655	0.033107656985521317	0.10061062127351761	0.696368932723999
3656	0.03391057252883911	0.10052531957626343	0.6963435411453247
3657	0.033358391374349594	0.10046879947185516	0.6964247822761536
3658	0.03351429104804993	0.10029882192611694	0.6977239847183228
3659	0.03218413144350052	0.1002083420753479	0.6988646388053894
3660	0.033362943679094315	0.10004520416259766	0.7000837326049805
3661	0.03187011927366257	0.10013483464717865	0.699656069278717
3662	0.03324119746685028	0.10040658712387085	0.6986100077629089
3663	0.033682022243738174	0.1005914956331253	0.6976398825645447
3664	0.033396437764167786	0.10058250278234482	0.6969233155250549
3665	0.032770004123449326	0.10037001222372055	0.6978200674057007
3666	0.03312559053301811	0.10012732446193695	0.6980392336845398
3667	0.03267882391810417	0.09980709850788116	0.6994394063949585
3668	0.03255625069141388	0.0996403694152832	0.7012671828269958
3669	0.03436428681015968	0.09945911169052124	0.7029072642326355
3670	0.033323340117931366	0.0993330180644989	0.7041594982147217
3671	0.032934367656707764	0.09920642524957657	0.7045551538467407
3672	0.03330647945404053	0.0993027314543724	0.7032956480979919
3673	0.034175265580415726	0.09960916638374329	0.70131915807724
3674	0.032224442809820175	0.10009755939245224	0.6986657381057739
3675	0.031902797520160675	0.1005578264594078	0.6957076787948608
3676	0.03190363571047783	0.10089053958654404	0.6932528614997864
3677	0.032808247953653336	0.10100657492876053	0.693075954914093
3678	0.033116016536951065	0.1010047197341919	0.6931207776069641
3679	0.0334661491215229	0.10129448026418686	0.6917518973350525
3680	0.033288415521383286	0.10131849348545074	0.6910208463668823
3681	0.031935323029756546	0.10117615014314651	0.6914489269256592
3682	0.0327598974108696	0.10084407031536102	0.6935930848121643
3683	0.03226335346698761	0.10035896301269531	0.6972699761390686
3684	0.03261511027812958	0.09970562160015106	0.7013676166534424
3685	0.03281752020120621	0.09923763573169708	0.7053608894348145
3686	0.03340638801455498	0.09915586560964584	0.7066636085510254
3687	0.03264088183641434	0.09944164752960205	0.7042121887207031
3688	0.03373643383383751	0.09996674209833145	0.7007811069488525
3689	0.032614536583423615	0.10029508918523788	0.6975472569465637
3690	0.03271117061376572	0.10055338591337204	0.6955971717834473
3691	0.032024696469306946	0.10064913332462311	0.6956706643104553
3692	0.03295166790485382	0.10087878257036209	0.6958961486816406
3693	0.03229346126317978	0.10081371665000916	0.6972035765647888
3694	0.03346583619713783	0.10055463016033173	0.697556734085083
3695	0.03193699195981026	0.10043369233608246	0.697536826133728
3696	0.03255589306354523	0.10037241876125336	0.6977348923683167
3697	0.03275453671813011	0.10032472014427185	0.6993978023529053
3698	0.03260186314582825	0.10039769113063812	0.7007452249526978
3699	0.0319930799305439	0.10055136680603027	0.7006669640541077
3700	0.03308378905057907	0.10084410011768341	0.6999670267105103
3701	0.032331693917512894	0.10112103819847107	0.698573887348175
3702	0.032524868845939636	0.10134042054414749	0.6970118284225464
3703	0.032889146357774734	0.10157143324613571	0.6942170262336731
3704	0.032152753323316574	0.1015874519944191	0.6934318542480469
3705	0.03329278901219368	0.10108374804258347	0.6959259510040283
3706	0.03262960910797119	0.1004401445388794	0.69814133644104
3707	0.031171206384897232	0.10001152753829956	0.6990126967430115
3708	0.03240377455949783	0.09958852082490921	0.7006334066390991
3709	0.03377022221684456	0.09927595406770706	0.702555239200592
3710	0.03274471312761307	0.09913527220487595	0.7045690417289734
3711	0.03272460028529167	0.09925838559865952	0.7055574655532837
3712	0.0332229807972908	0.09942413866519928	0.7059227228164673
3713	0.03253008797764778	0.09972723573446274	0.7045498490333557
3714	0.03263489156961441	0.1001957356929779	0.7007898688316345
3715	0.033150628209114075	0.1004411056637764	0.6974515318870544
3716	0.03129968419671059	0.10066977143287659	0.6944040656089783
3717	0.031907930970191956	0.10072073340415955	0.6931554079055786
3718	0.031591761857271194	0.10039333254098892	0.696319580078125
3719	0.03290189430117607	0.10026468336582184	0.6983259916305542
3720	0.033580947667360306	0.10049333423376083	0.6976525187492371
3721	0.03269394487142563	0.10062282532453537	0.6972677111625671
3722	0.03195011988282204	0.10074231773614883	0.6970212459564209
3723	0.03223966807126999	0.10082521289587021	0.6959486603736877
3724	0.03172571212053299	0.10077890008687973	0.6956881880760193
3725	0.03157611936330795	0.1003589853644371	0.6970951557159424
3726	0.0320102795958519	0.10001074522733688	0.6984342932701111
3727	0.032311826944351196	0.09990844130516052	0.6987675428390503
3728	0.03289373964071274	0.0996023491024971	0.7018259167671204
3729	0.03121047280728817	0.09953637421131134	0.7033997774124146
3730	0.03293775022029877	0.09973499923944473	0.7012144923210144
3731	0.033132150769233704	0.10005274415016174	0.698314368724823
3732	0.03260855749249458	0.10030189901590347	0.6954106092453003
3733	0.03234308212995529	0.10027781128883362	0.6945015788078308
3734	0.03330482915043831	0.09994688630104065	0.6959119439125061
3735	0.03231995925307274	0.09954656660556793	0.6985511183738708
3736	0.03258400410413742	0.09946153312921524	0.7006292343139648
3737	0.032635487616062164	0.09967823326587677	0.7006611824035645
3738	0.03250959515571594	0.09990503638982773	0.6998117566108704
3739	0.0327647365629673	0.09998258203268051	0.699537456035614
3740	0.03292132914066315	0.10026468336582184	0.698244035243988
3741	0.03288337588310242	0.10048555582761765	0.6974565982818604
3742	0.03176325187087059	0.10066622495651245	0.6979543566703796
3743	0.03206820413470268	0.10060340911149979	0.699488639831543
3744	0.03179030865430832	0.1005001962184906	0.7004508972167969
3745	0.03170125186443329	0.10024726390838623	0.70205157995224
3746	0.03279818594455719	0.10015746206045151	0.7026112675666809
3747	0.03180502727627754	0.10027206689119339	0.7013698220252991
3748	0.03199945390224457	0.10063490271568298	0.6968568563461304
3749	0.032205596566200256	0.10086534172296524	0.6941480040550232
3750	0.03266894072294235	0.10073503106832504	0.6945143342018127
3751	0.03257240355014801	0.1003577709197998	0.6971659660339355
3752	0.03163348510861397	0.100192129611969	0.6996622085571289
3753	0.03329848498106003	0.10006792843341827	0.7005248069763184
3754	0.03194892778992653	0.09993860125541687	0.699596107006073
3755	0.03197330981492996	0.09998400509357452	0.697634756565094
3756	0.032359667122364044	0.10024352371692657	0.6960738897323608
3757	0.032166287302970886	0.1005881279706955	0.6956894397735596
3758	0.03342350572347641	0.10058701038360596	0.6970933675765991
3759	0.03284775838255882	0.10030217468738556	0.6996287703514099
3760	0.03257928416132927	0.10022524744272232	0.6992813944816589
3761	0.03186514228582382	0.10040046274662018	0.6962550282478333
3762	0.03287653625011444	0.1005476638674736	0.6948190927505493
3763	0.0324537418782711	0.10059864819049835	0.6956593990325928
3764	0.03309151530265808	0.10070522874593735	0.6978555917739868
3765	0.030705207958817482	0.10046510398387909	0.7013756036758423
3766	0.032337311655282974	0.10032009333372116	0.7033417820930481
3767	0.03243585675954819	0.10041451454162598	0.7019221186637878
3768	0.03178618848323822	0.10068430006504059	0.6988227367401123
3769	0.032715484499931335	0.10100015252828598	0.6957958340644836
3770	0.03166251257061958	0.10064443200826645	0.6955355405807495
3771	0.031691621989011765	0.09970244020223618	0.7008287906646729
3772	0.03267686069011688	0.09911913424730301	0.7070153951644897
3773	0.03229479119181633	0.09919683635234833	0.7096641659736633
3774	0.03189560025930405	0.09953481703996658	0.7070872783660889
3775	0.03237106278538704	0.10013135522603989	0.7015714645385742
3776	0.033268753439188004	0.10086417198181152	0.6961178183555603
3777	0.031964387744665146	0.1010555773973465	0.6948823928833008
3778	0.033383093774318695	0.10087738931179047	0.6957381963729858
3779	0.03388718143105507	0.10045211017131805	0.6991683840751648
3780	0.03284578025341034	0.09996640682220459	0.7030494809150696
3781	0.03202572092413902	0.09987396001815796	0.703510582447052
3782	0.031987953931093216	0.09986568242311478	0.7019190192222595
3783	0.03202967718243599	0.1000249907374382	0.6999175548553467
3784	0.032379765063524246	0.10029076039791107	0.6982505917549133
3785	0.03269966319203377	0.10058631747961044	0.6976404786109924
3786	0.031497906893491745	0.10075334459543228	0.6982824802398682
3787	0.03270580992102623	0.10083320736885071	0.699892520904541
3788	0.03215650096535683	0.10068126022815704	0.7009496092796326
3789	0.03216901794075966	0.10065841674804688	0.6991763114929199
3790	0.031990308314561844	0.10080122202634811	0.696050226688385
3791	0.03192645683884621	0.10056522488594055	0.6955088973045349
3792	0.032837528735399246	0.1001901850104332	0.6965150237083435
3793	0.032815154641866684	0.09989406168460846	0.6976898908615112
3794	0.03261632099747658	0.09982990473508835	0.6976841688156128
3795	0.03343924134969711	0.10013105720281601	0.6960058212280273
3796	0.032203350216150284	0.10039028525352478	0.6964944005012512
3797	0.032259587198495865	0.10045391321182251	0.6988033652305603
3798	0.033287957310676575	0.1002902016043663	0.7006266713142395
3799	0.03290316089987755	0.10032060742378235	0.6999512314796448
3800	0.03229973837733269	0.10046147555112839	0.6979643106460571
3801	0.03249774128198624	0.10037244856357574	0.6976592540740967
3802	0.031476154923439026	0.10014258325099945	0.6985721588134766
3803	0.0326264463365078	0.09976843744516373	0.7011281251907349
3804	0.032012708485126495	0.09958156943321228	0.7030208110809326
3805	0.032618679106235504	0.09984597563743591	0.7031508684158325
3806	0.03166734054684639	0.10010085999965668	0.7017920017242432
3807	0.032054658979177475	0.10025469958782196	0.699458122253418
3808	0.03166348487138748	0.10068566352128983	0.6958634257316589
3809	0.032013822346925735	0.10107883810997009	0.6933910250663757
3810	0.032900720834732056	0.10098537802696228	0.6942376494407654
3811	0.0325569286942482	0.10096307098865509	0.6959436535835266
3812	0.031923968344926834	0.10092054307460785	0.6983146667480469
3813	0.03212031349539757	0.10092388093471527	0.7004549503326416
3814	0.03194781020283699	0.10116986185312271	0.701557993888855
3815	0.03204881027340889	0.10133165866136551	0.702043890953064
3816	0.03260859102010727	0.1010250598192215	0.6991134881973267
3817	0.03280239179730415	0.10076833516359329	0.6956928372383118
3818	0.03212388604879379	0.10083571821451187	0.6934191584587097
3819	0.032570935785770416	0.10046029090881348	0.695570170879364
3820	0.0323309600353241	0.09989765286445618	0.7005677819252014
3821	0.03263447433710098	0.09960660338401794	0.7027334570884705
3822	0.030956760048866272	0.09933635592460632	0.7045658230781555
3823	0.03209439665079117	0.09934914112091064	0.704517126083374
3824	0.033454809337854385	0.09950725734233856	0.7028542160987854
3825	0.031186848878860474	0.10000341385602951	0.6997221112251282
3826	0.03185329586267471	0.1004892960190773	0.6971700191497803
3827	0.032140862196683884	0.10037656128406525	0.6965975761413574
3828	0.03412685543298721	0.09986912459135056	0.6994220018386841
3829	0.032593198120594025	0.09926056116819382	0.7036557793617249
3830	0.031227996572852135	0.09873763471841812	0.7078754305839539
3831	0.03332759067416191	0.09873729199171066	0.7090981602668762
3832	0.032505571842193604	0.09932450205087662	0.7064840197563171
3833	0.03244529291987419	0.10016589611768723	0.7022643685340881
3834	0.03180635720491409	0.10050272196531296	0.7008605599403381
3835	0.032487090677022934	0.10026610642671585	0.7026892304420471
3836	0.03313644975423813	0.0998925045132637	0.7047926783561707
3837	0.03341623395681381	0.09944422543048859	0.70588219165802
3838	0.03252037987112999	0.09921490401029587	0.7063128352165222
3839	0.031230170279741287	0.09915018081665039	0.7058758735656738
3840	0.03233983367681503	0.0993475466966629	0.70414137840271
3841	0.03127840906381607	0.09989845752716064	0.7017961740493774
3842	0.0314098484814167	0.10012952983379364	0.7010039687156677
3843	0.032195329666137695	0.09964801371097565	0.7023475766181946
3844	0.03194403275847435	0.09928792715072632	0.7035732269287109
3845	0.03181765228509903	0.09955316036939621	0.7028682231903076
3846	0.0318792499601841	0.099803127348423	0.702426016330719
3847	0.03293149918317795	0.10016327351331711	0.7010922431945801
3848	0.03282260149717331	0.10062750428915024	0.6985499262809753
3849	0.03227408975362778	0.10056743025779724	0.6985304355621338
3850	0.03248581290245056	0.10014624148607254	0.6998116374015808
3851	0.031616419553756714	0.09977531433105469	0.7016779184341431
3852	0.03251070901751518	0.09954765439033508	0.7030940651893616
3853	0.032416462898254395	0.09954710304737091	0.7041504979133606
3854	0.03193948417901993	0.09947187453508377	0.7041908502578735
3855	0.03261120989918709	0.09924310445785522	0.7033002376556396
3856	0.0323626734316349	0.09937688708305359	0.7011287808418274
3857	0.031937334686517715	0.09935176372528076	0.7025208473205566
3858	0.030962321907281876	0.09960201382637024	0.703392744064331
3859	0.031784091144800186	0.09963677078485489	0.7048686742782593
3860	0.03221110627055168	0.09977206587791443	0.7048633694648743
3861	0.03221980109810829	0.09995285421609879	0.7026510834693909
3862	0.0323827788233757	0.10002461820840836	0.6999539732933044
3863	0.032664474099874496	0.10004647076129913	0.6984707713127136
3864	0.03151892498135567	0.09990306943655014	0.6995670199394226
3865	0.03177560865879059	0.09978283196687698	0.7022209763526917
3866	0.03217095509171486	0.09980909526348114	0.7031124830245972
3867	0.03240970894694328	0.09961578994989395	0.703691840171814
3868	0.032072581350803375	0.09948677569627762	0.7038359642028809
3869	0.0321066714823246	0.09973754733800888	0.7016693949699402
3870	0.031040670350193977	0.10010216385126114	0.6998938322067261
3871	0.03195026144385338	0.10027801990509033	0.6999257206916809
3872	0.0321282222867012	0.10009371489286423	0.7021474838256836
3873	0.03187667205929756	0.09996297955513	0.7047230005264282
3874	0.032187074422836304	0.09971317648887634	0.7056233882904053
3875	0.032513514161109924	0.09946822375059128	0.7061347961425781
3876	0.03311900049448013	0.09928572177886963	0.7052192687988281
3877	0.03180520236492157	0.09909053891897202	0.704086184501648
3878	0.031130539253354073	0.09891282021999359	0.7038046717643738
3879	0.03176339715719223	0.09925954043865204	0.7021651268005371
3880	0.032252855598926544	0.09970249980688095	0.7009774446487427
3881	0.032637353986501694	0.1002795472741127	0.698826014995575
3882	0.033024080097675323	0.10076121240854263	0.6966070532798767
3883	0.03136712312698364	0.10080524533987045	0.6949034333229065
3884	0.03201521560549736	0.10038495063781738	0.6953124403953552
3885	0.03136543184518814	0.10000511258840561	0.6955419182777405
3886	0.03277252987027168	0.09988250583410263	0.696050763130188
3887	0.03257453069090843	0.09986794739961624	0.6975609660148621
3888	0.031540751457214355	0.09977354854345322	0.7001512050628662
3889	0.03175980597734451	0.09989600628614426	0.7011962532997131
3890	0.030990073457360268	0.10004919022321701	0.7008762359619141
3891	0.03253853693604469	0.10009990632534027	0.7006654143333435
3892	0.032489702105522156	0.10025649517774582	0.700578510761261
3893	0.03096613846719265	0.10034625232219696	0.7011168599128723
3894	0.03253141790628433	0.10027752816677094	0.7022424340248108
3895	0.031703006476163864	0.1001911535859108	0.7033714652061462
3896	0.031864095479249954	0.099942147731781	0.7043969035148621
3897	0.03114069439470768	0.0997459813952446	0.7051469087600708
3898	0.03176895156502724	0.09989325702190399	0.7050085663795471
3899	0.03256863355636597	0.10010414570569992	0.7047755122184753
3900	0.031601060181856155	0.10005204379558563	0.7052969336509705
3901	0.03133072704076767	0.09971964359283447	0.7060661315917969
3902	0.031246155500411987	0.09938092529773712	0.7066023349761963
3903	0.030758598819375038	0.09922502934932709	0.7063301801681519
3904	0.031054260209202766	0.09914612025022507	0.7057740688323975
3905	0.0314868800342083	0.0993901863694191	0.7041336297988892
3906	0.0322500616312027	0.0995846763253212	0.7027388215065002
3907	0.03131495416164398	0.09998071938753128	0.7003551721572876
3908	0.03128654137253761	0.10034060478210449	0.6984453201293945
3909	0.0316426120698452	0.10030724108219147	0.699242353439331
3910	0.031698569655418396	0.10028046369552612	0.6998074650764465
3911	0.030931266024708748	0.1002059280872345	0.7002963423728943
3912	0.03169417008757591	0.10027094930410385	0.7001368999481201
3913	0.03160408139228821	0.10027717798948288	0.700539767742157
3914	0.03170539811253548	0.1000790148973465	0.7025526762008667
3915	0.031783074140548706	0.10000389814376831	0.7037765979766846
3916	0.03117973543703556	0.10018975287675858	0.7029094099998474
3917	0.03136168792843819	0.1003577709197998	0.7012959718704224
3918	0.031364645808935165	0.10048869997262955	0.7013816833496094
3919	0.03140166774392128	0.10052606463432312	0.7020618915557861
3920	0.03099052980542183	0.10057283192873001	0.7029964923858643
3921	0.030704248696565628	0.1003832295536995	0.7050907015800476
3922	0.03168559446930885	0.10015670210123062	0.705725371837616
3923	0.03136894851922989	0.09997253119945526	0.7045368552207947
3924	0.03115524910390377	0.09985318034887314	0.7023081183433533
3925	0.032851576805114746	0.09980566799640656	0.7004467248916626
3926	0.031432751566171646	0.09954921156167984	0.7006245255470276
3927	0.03260228410363197	0.0993734747171402	0.7021211385726929
3928	0.030547644942998886	0.09955574572086334	0.7013021111488342
3929	0.030763573944568634	0.09984366595745087	0.6994356513023376
3930	0.03089289739727974	0.1000947505235672	0.6978090405464172
3931	0.03199577331542969	0.10032027959823608	0.6978420615196228
3932	0.03189312294125557	0.10045085847377777	0.6988084316253662
3933	0.030962834134697914	0.100637286901474	0.6997352242469788
3934	0.031032618135213852	0.10087955743074417	0.7001567482948303
3935	0.03215458616614342	0.10113475471735	0.6992648839950562
3936	0.031048748642206192	0.10118056833744049	0.6983076333999634
3937	0.030844425782561302	0.10074739903211594	0.6982532143592834
3938	0.030850645154714584	0.10033237934112549	0.6991502642631531
3939	0.030514102429151535	0.10017559677362442	0.6998277902603149
3940	0.03083515726029873	0.10006614774465561	0.7002394199371338
3941	0.031174957752227783	0.10006973892450333	0.7002304792404175
3942	0.03112909384071827	0.10022758692502975	0.6991860866546631
3943	0.03164691850543022	0.1004469096660614	0.6976661086082458
3944	0.031584639102220535	0.10083792358636856	0.6962429881095886
3945	0.03052743710577488	0.10133793205022812	0.6957417130470276
3946	0.03198054060339928	0.10148366540670395	0.6956760883331299
3947	0.03221297636628151	0.10129830986261368	0.696039617061615
3948	0.03143599256873131	0.10084264725446701	0.6968749165534973
3949	0.03163546696305275	0.10040711611509323	0.6969757080078125
3950	0.03182143345475197	0.10020439326763153	0.6976344585418701
3951	0.03187854588031769	0.10019607841968536	0.6987109184265137
3952	0.03145879507064819	0.10023035854101181	0.7003983855247498
3953	0.03278839960694313	0.10017185658216476	0.7025880813598633
3954	0.03171522915363312	0.10004019737243652	0.703737735748291
3955	0.03187781572341919	0.09996412694454193	0.7025916576385498
3956	0.03126980736851692	0.10022085160017014	0.699984610080719
3957	0.03180007264018059	0.10043303668498993	0.6969358921051025
3958	0.030850956216454506	0.1005740761756897	0.6949949860572815
3959	0.03163496032357216	0.10061626881361008	0.6949315071105957
3960	0.031949445605278015	0.10068027675151825	0.6961425542831421
3961	0.03130633756518364	0.10093769431114197	0.697719931602478
3962	0.03175102174282074	0.10086409002542496	0.7003716826438904
3963	0.03248845413327217	0.10066965222358704	0.7015203237533569
3964	0.03160443529486656	0.10057125985622406	0.7000686526298523
3965	0.031197885051369667	0.10068701952695847	0.6979910135269165
3966	0.03220103308558464	0.10070347785949707	0.6981786489486694
3967	0.030793609097599983	0.10079363733530045	0.698518693447113
3968	0.03264636918902397	0.10056779533624649	0.7001206874847412
3969	0.032229602336883545	0.10029515624046326	0.7016591429710388
3970	0.031721584498882294	0.1002480611205101	0.701951801776886
3971	0.03132547438144684	0.10002915561199188	0.7043917775154114
3972	0.030940324068069458	0.10012694448232651	0.7043330669403076
3973	0.03151853010058403	0.10037033259868622	0.702953040599823
3974	0.03245752304792404	0.10062558203935623	0.7014098763465881
3975	0.031185608357191086	0.10066673159599304	0.701603353023529
3976	0.03049502894282341	0.10067171603441238	0.7030414938926697
3977	0.03207112103700638	0.10086516290903091	0.7036217451095581
3978	0.03142501413822174	0.10087408870458603	0.7044462561607361
3979	0.030509434640407562	0.10084737092256546	0.7043500542640686
3980	0.030731750652194023	0.10063895583152771	0.703796923160553
3981	0.03276181221008301	0.10059482604265213	0.702488899230957
3982	0.031534936279058456	0.10057567805051804	0.7017525434494019
3983	0.0314081609249115	0.10032778233289719	0.7027483582496643
3984	0.03089837357401848	0.10015944391489029	0.7033951878547668
3985	0.03092501126229763	0.1002032533288002	0.7027099132537842
3986	0.03230806440114975	0.10048200935125351	0.7000213861465454
3987	0.03140975534915924	0.10086853057146072	0.6970938444137573
3988	0.03089803457260132	0.1009669229388237	0.69549560546875
3989	0.03139917925000191	0.1008005142211914	0.697004497051239
3990	0.03126290440559387	0.10074402391910553	0.6985225081443787
3991	0.030263476073741913	0.10061679780483246	0.6995072364807129
3992	0.031952787190675735	0.10051613301038742	0.6995583176612854
3993	0.03151344880461693	0.10044407844543457	0.7001857161521912
3994	0.03121919184923172	0.10042504966259003	0.7004419565200806
3995	0.03199427202343941	0.10048479586839676	0.6997636556625366
3996	0.030849888920783997	0.10055315494537354	0.7006300091743469
3997	0.03141343221068382	0.10069745779037476	0.7005972862243652
3998	0.03123903088271618	0.10075142234563828	0.7008759379386902
3999	0.030853373929858208	0.10073342174291611	0.7008131742477417
4000	0.031051116064190865	0.10091841965913773	0.6993446350097656
4001	0.031259115785360336	0.1009809672832489	0.6991990208625793
4002	0.031340572983026505	0.10068722069263458	0.7000396847724915
4003	0.03127558156847954	0.10070868581533432	0.7007771730422974
4004	0.031101854518055916	0.10071718692779541	0.701219379901886
4005	0.03143409267067909	0.10051088035106659	0.7017235159873962
4006	0.03062061406672001	0.10023754835128784	0.7007836699485779
4007	0.030636519193649292	0.10018262267112732	0.6999951601028442
4008	0.030360188335180283	0.10031001269817352	0.7001791000366211
4009	0.031064752489328384	0.10074404627084732	0.700136661529541
4010	0.030511993914842606	0.1010296493768692	0.6990134716033936
4011	0.031007636338472366	0.10093921422958374	0.6998693943023682
4012	0.030659686774015427	0.1007855013012886	0.7014420032501221
4013	0.03188382834196091	0.10060129314661026	0.7030189037322998
4014	0.03063732385635376	0.10048035532236099	0.7032030820846558
4015	0.029537208378314972	0.10038307309150696	0.7036250233650208
4016	0.03086276911199093	0.10043112933635712	0.7035218477249146
4017	0.029714060947299004	0.10041624307632446	0.7035804986953735
4018	0.031794626265764236	0.1003500372171402	0.7039499282836914
4019	0.03076184168457985	0.10053421556949615	0.7032087445259094
4020	0.03250673785805702	0.10085652023553848	0.7004489302635193
4021	0.03054622747004032	0.10101049393415451	0.6970142722129822
4022	0.031532712280750275	0.10108193010091782	0.6955593824386597
4023	0.03196455165743828	0.1008499413728714	0.6975577473640442
4024	0.030466686934232712	0.10075279325246811	0.7006312608718872
4025	0.031176798045635223	0.10088276118040085	0.7029962539672852
4026	0.031033910810947418	0.10089725255966187	0.7040432691574097
4027	0.030308721587061882	0.10088663548231125	0.7026397585868835
4028	0.03189294785261154	0.10097488015890121	0.7012577056884766
4029	0.03108939155936241	0.10090988874435425	0.6999385952949524
4030	0.03126963973045349	0.10088956356048584	0.7007015943527222
4031	0.0320347398519516	0.10063556581735611	0.7028729915618896
4032	0.031989578157663345	0.1002483144402504	0.7044017314910889
4033	0.030207717791199684	0.10006634145975113	0.7039596438407898
4034	0.0313425213098526	0.10003349930047989	0.7023522257804871
4035	0.03140179067850113	0.10018789768218994	0.7001705169677734
4036	0.030236883088946342	0.10021515190601349	0.6991919279098511
4037	0.030588898807764053	0.10015327483415604	0.6990609169006348
4038	0.03200379014015198	0.10027416795492172	0.6996968388557434
4039	0.030401185154914856	0.10051055997610092	0.6998679041862488
4040	0.03179353475570679	0.10103771835565567	0.6988340616226196
4041	0.03087524138391018	0.10142160207033157	0.6966233849525452
4042	0.03104136697947979	0.10131397843360901	0.6971336603164673
4043	0.031138449907302856	0.10100217163562775	0.6990412473678589
4044	0.031662531197071075	0.10097786039113998	0.699885904788971
4045	0.03126252815127373	0.10114482045173645	0.6998515725135803
4046	0.030911345034837723	0.10119786113500595	0.699881911277771
4047	0.031532276421785355	0.10108941793441772	0.7004057168960571
4048	0.03159989416599274	0.10093478113412857	0.7014791965484619
4049	0.030729899182915688	0.10090628266334534	0.7007958889007568
4050	0.030891353264451027	0.10072094947099686	0.7005277276039124
4051	0.031078441068530083	0.10051702708005905	0.7011060118675232
4052	0.031248295679688454	0.10031631588935852	0.7021682858467102
4053	0.03086225874722004	0.10043660551309586	0.7031878232955933
4054	0.031486671417951584	0.10075464844703674	0.7036254405975342
4055	0.030083566904067993	0.101049043238163	0.7019523978233337
4056	0.030727310106158257	0.10090389847755432	0.7014422416687012
4057	0.031239766627550125	0.1005949154496193	0.7023133039474487
4058	0.030944794416427612	0.1003517135977745	0.7041594386100769
4059	0.031188175082206726	0.1003228947520256	0.7041441798210144
4060	0.03275054320693016	0.10031044483184814	0.7044898271560669
4061	0.03144901990890503	0.10047090798616409	0.7038039565086365
4062	0.030064361169934273	0.10083930194377899	0.7019919157028198
4063	0.030698509886860847	0.10141023248434067	0.6986469626426697
4064	0.030711445957422256	0.1020030602812767	0.6958171725273132
4065	0.02996743842959404	0.10235253721475601	0.6950947046279907
4066	0.031338803470134735	0.10190558433532715	0.6973785161972046
4067	0.03060314431786537	0.10115014016628265	0.7009881734848022
4068	0.030950365588068962	0.10080940276384354	0.7020601034164429
4069	0.03118991106748581	0.10060501098632812	0.7037056088447571
4070	0.031629133969545364	0.10046807676553726	0.7048417329788208
4071	0.031095605343580246	0.10050693899393082	0.7060334086418152
4072	0.031673409044742584	0.10078810155391693	0.7042142152786255
4073	0.03082876093685627	0.10105692595243454	0.7006580233573914
4074	0.031028879806399345	0.10084162652492523	0.6991764307022095
4075	0.0313958078622818	0.10066500306129456	0.6983833312988281
4076	0.030618207529187202	0.10071584582328796	0.6980904340744019
4077	0.03131209686398506	0.10073342174291611	0.6980108618736267
4078	0.03083697333931923	0.10042174905538559	0.7005409598350525
4079	0.031057145446538925	0.10035265237092972	0.7011523246765137
4080	0.03173093497753143	0.10038243234157562	0.700550377368927
4081	0.030716480687260628	0.1002100259065628	0.701702356338501
4082	0.031423501670360565	0.10003744065761566	0.7022959589958191
4083	0.029881030321121216	0.10013344883918762	0.7014638185501099
4084	0.029387956485152245	0.10035087913274765	0.7008167505264282
4085	0.03177095204591751	0.10072223842144012	0.7003121972084045
4086	0.030387207865715027	0.10104604065418243	0.7018238306045532
4087	0.03032033145427704	0.10123519599437714	0.7029433250427246
4088	0.03066464699804783	0.1012108102440834	0.7034531235694885
4089	0.029900649562478065	0.10093875229358673	0.7034072875976562
4090	0.02974894642829895	0.10069786012172699	0.7030450105667114
4091	0.030610069632530212	0.10064315050840378	0.7017906904220581
4092	0.03067716583609581	0.10086854547262192	0.7007399797439575
4093	0.03091023676097393	0.10115431249141693	0.6989368796348572
4094	0.031173288822174072	0.10161112993955612	0.6967609524726868
4095	0.030744386836886406	0.10213934630155563	0.694214403629303
4096	0.030240511521697044	0.10218252241611481	0.6931434869766235
4097	0.031093178316950798	0.10169611126184464	0.6956361532211304
4098	0.030292123556137085	0.10105549544095993	0.6998352408409119
4099	0.030627639964222908	0.10067376494407654	0.7015178203582764
4100	0.031175309792160988	0.10060080885887146	0.701261579990387
4101	0.029968032613396645	0.10100039839744568	0.6983984708786011
4102	0.03159162029623985	0.10126601159572601	0.6979373097419739
4103	0.03079158253967762	0.10149720311164856	0.6977885365486145
4104	0.03157789632678032	0.10138760507106781	0.6996456980705261
4105	0.03183738887310028	0.10102745145559311	0.7019522786140442
4106	0.03140942007303238	0.1003950759768486	0.7055789828300476
4107	0.030435534194111824	0.09985627979040146	0.7071316242218018
4108	0.030273890122771263	0.09954694658517838	0.7067748308181763
4109	0.030487284064292908	0.09934938699007034	0.705620527267456
4110	0.030879518017172813	0.09969530254602432	0.7043247222900391
4111	0.03120449371635914	0.10026181489229202	0.7029069066047668
4112	0.031080475077033043	0.10063203424215317	0.7019978165626526
4113	0.031119897961616516	0.10061340779066086	0.7011757493019104
4114	0.03167932480573654	0.10044672340154648	0.7006723284721375
4115	0.03033946081995964	0.10050224512815475	0.7007277607917786
4116	0.031101545318961143	0.1006086990237236	0.7000182867050171
4117	0.031171506270766258	0.10061398893594742	0.6996666193008423
4118	0.031065257266163826	0.10059817135334015	0.6993128657341003
4119	0.031617671251297	0.1005217432975769	0.7004678249359131
4120	0.03083365224301815	0.1003442108631134	0.7028295397758484
4121	0.030146770179271698	0.10026466846466064	0.7052893042564392
4122	0.03062904067337513	0.10012807697057724	0.7074572443962097
4123	0.031286828219890594	0.09990227967500687	0.7095014452934265
4124	0.031084125861525536	0.09978711605072021	0.7101151943206787
4125	0.02987622655928135	0.0998188853263855	0.7096149325370789
4126	0.03182427957653999	0.0999068096280098	0.7073684930801392
4127	0.030544977635145187	0.10011239349842072	0.7050546407699585
4128	0.030866390094161034	0.10051994025707245	0.7018119096755981
4129	0.030525540933012962	0.10098707675933838	0.6984714269638062
4130	0.030548281967639923	0.1013578549027443	0.6969974637031555
4131	0.02994469366967678	0.10125036537647247	0.6978607177734375
4132	0.03063971735537052	0.10096723586320877	0.6990020275115967
4133	0.030554354190826416	0.10069749504327774	0.6992053985595703
4134	0.03030802309513092	0.10024715214967728	0.6994069814682007
4135	0.03155956417322159	0.09997018426656723	0.7002416849136353
4136	0.03095669113099575	0.09961375594139099	0.7018343210220337
4137	0.031199360266327858	0.09934936463832855	0.7033001184463501
4138	0.0313006266951561	0.09939663112163544	0.7038379907608032
4139	0.03092457540333271	0.09974969923496246	0.7033277153968811
4140	0.0296144001185894	0.10008127987384796	0.7028096914291382
4141	0.030764201655983925	0.10021039098501205	0.7031139731407166
4142	0.030944347381591797	0.1000867560505867	0.7028042674064636
4143	0.030642319470643997	0.09996543824672699	0.7024959921836853
4144	0.030306873843073845	0.09996075928211212	0.7017233967781067
4145	0.03104509599506855	0.10014044493436813	0.7008410096168518
4146	0.030572429299354553	0.10033717006444931	0.7000492215156555
4147	0.030220385640859604	0.10041043907403946	0.7005957961082458
4148	0.030911091715097427	0.10074961185455322	0.701083242893219
4149	0.03161783888936043	0.1013883650302887	0.6997052431106567
4150	0.030222592875361443	0.10186627507209778	0.6979182362556458
4151	0.030729688704013824	0.1021965742111206	0.6967753767967224
4152	0.02999269776046276	0.10201086848974228	0.6964719295501709
4153	0.03170736879110336	0.10150416940450668	0.696427047252655
4154	0.031746089458465576	0.10086476057767868	0.6983546018600464
4155	0.03022010251879692	0.10020299255847931	0.7019549608230591
4156	0.030833499506115913	0.09972749650478363	0.7044278979301453
4157	0.031000837683677673	0.09962671995162964	0.7050753235816956
4158	0.029933549463748932	0.0996188372373581	0.7058416604995728
4159	0.031117234379053116	0.09954634308815002	0.7080433368682861
4160	0.03126776963472366	0.09966297447681427	0.7078626751899719
4161	0.03099651262164116	0.09989718347787857	0.7072957158088684
4162	0.030955875292420387	0.10020622611045837	0.7040970921516418
4163	0.02969430387020111	0.10051216930150986	0.6996836066246033
4164	0.030126677826046944	0.10075286775827408	0.6970753073692322
4165	0.030374182388186455	0.10076241940259933	0.6980464458465576
4166	0.028964579105377197	0.10061842203140259	0.7010197639465332
4167	0.03000311180949211	0.10062187910079956	0.7032256126403809
4168	0.03141394630074501	0.10066668689250946	0.7047693133354187
4169	0.03127641603350639	0.10068966448307037	0.7038190960884094
4170	0.030828947201371193	0.10084965825080872	0.7026276588439941
4171	0.031539276242256165	0.10093382745981216	0.7016659379005432
4172	0.0304105281829834	0.10084301233291626	0.7022817134857178
4173	0.031297750771045685	0.10081936419010162	0.701785683631897
4174	0.030863216146826744	0.10084471106529236	0.7026385068893433
4175	0.03102918528020382	0.1007341593503952	0.7031108736991882
4176	0.029751451686024666	0.10078750550746918	0.7022793292999268
4177	0.03129386529326439	0.10080403089523315	0.7012612223625183
4178	0.02983911521732807	0.1007031500339508	0.7010671496391296
4179	0.02977539598941803	0.10067706555128098	0.6998618841171265
4180	0.030076928436756134	0.10055422782897949	0.7005926966667175
4181	0.030793383717536926	0.1006707027554512	0.6998105645179749
4182	0.030848156660795212	0.10087417811155319	0.6988481879234314
4183	0.029974397271871567	0.10102854669094086	0.6987538933753967
4184	0.031607139855623245	0.10115397721529007	0.6987466216087341
4185	0.030014803633093834	0.10127312690019608	0.6983720064163208
4186	0.030130013823509216	0.10108402371406555	0.699255108833313
4187	0.029628707095980644	0.1007627621293068	0.7020970582962036
4188	0.030158597975969315	0.10062205046415329	0.7029325366020203
4189	0.03023572452366352	0.10079693049192429	0.7020663619041443
4190	0.03174463286995888	0.10095047205686569	0.7007015347480774
4191	0.030942806974053383	0.10113438218832016	0.6986755132675171
4192	0.029837891459465027	0.1014714390039444	0.6980770826339722
4193	0.030766766518354416	0.10164292901754379	0.699300229549408
4194	0.03032796084880829	0.10122612863779068	0.7012690901756287
4195	0.030378730967640877	0.10061571002006531	0.7031168937683105
4196	0.030075877904891968	0.10017558187246323	0.703325092792511
4197	0.02945137210190296	0.10006938874721527	0.7027937173843384
4198	0.030871685594320297	0.10025785863399506	0.7007529735565186
4199	0.030551182106137276	0.10030485689640045	0.7010549902915955
4200	0.03130171820521355	0.10059294104576111	0.7028049826622009
4201	0.03161952644586563	0.10121086984872818	0.702910304069519
4202	0.0313788503408432	0.10122434794902802	0.7030807137489319
4203	0.031199004501104355	0.10077482461929321	0.7039492726325989
4204	0.030252106487751007	0.10037901252508163	0.7041151523590088
4205	0.030828166753053665	0.10027206689119339	0.7029125094413757
4206	0.030105024576187134	0.09999930113554001	0.7038838267326355
4207	0.03038087487220764	0.09977325797080994	0.7057137489318848
4208	0.0300508514046669	0.09979730099439621	0.7065149545669556
4209	0.03159002587199211	0.10000471025705338	0.706074595451355
4210	0.0314750075340271	0.10035733133554459	0.7030156254768372
4211	0.030358903110027313	0.10054785013198853	0.6994009017944336
4212	0.03112209402024746	0.10069499909877777	0.6977891325950623
4213	0.03009352833032608	0.10078788548707962	0.6976673603057861
4214	0.0298873670399189	0.10068473219871521	0.6996419429779053
4215	0.030615994706749916	0.10063356161117554	0.7023409605026245
4216	0.02948892116546631	0.1005849614739418	0.7032310962677002
4217	0.0306796096265316	0.10049166530370712	0.7018467783927917
4218	0.029478086158633232	0.10073022544384003	0.6993195414543152
4219	0.030225129798054695	0.10090034455060959	0.6967021226882935
4220	0.030954986810684204	0.10058615356683731	0.6961084008216858
4221	0.029496029019355774	0.10053355246782303	0.6972819566726685
4222	0.030241960659623146	0.10057320445775986	0.7004435658454895
4223	0.030636323615908623	0.10086220502853394	0.7005167603492737
4224	0.03066045418381691	0.10104885697364807	0.698215663433075
4225	0.02975453995168209	0.10125482082366943	0.6949670314788818
4226	0.02973352186381817	0.10132332891225815	0.6948142647743225
4227	0.029785146936774254	0.10119786113500595	0.6967219114303589
4228	0.02970174327492714	0.1010216549038887	0.6998788118362427
4229	0.029447926208376884	0.10075762122869492	0.7026457190513611
4230	0.029937442392110825	0.1004779115319252	0.7041099667549133
4231	0.02989412285387516	0.10043901205062866	0.7027557492256165
4232	0.03029332309961319	0.10044393688440323	0.7015274167060852
4233	0.029589416459202766	0.10051356256008148	0.6999063491821289
4234	0.031793270260095596	0.10055486112833023	0.7006632089614868
4235	0.02997014857828617	0.1004972979426384	0.7032241821289062
4236	0.030709443613886833	0.10031827539205551	0.7049989104270935
4237	0.02943817898631096	0.10018050670623779	0.7054828405380249
4238	0.029474306851625443	0.10007551312446594	0.7053093314170837
4239	0.03066379390656948	0.10024707764387131	0.7042355537414551
4240	0.03033897839486599	0.10037205368280411	0.7030937671661377
4241	0.03064769133925438	0.10073509067296982	0.7008066177368164
4242	0.03052912838757038	0.10120563954114914	0.6980346441268921
4243	0.029676329344511032	0.10155786573886871	0.6980208158493042
4244	0.030077721923589706	0.10179580748081207	0.6986883878707886
4245	0.029829178005456924	0.10185571014881134	0.6990956664085388
4246	0.030406685546040535	0.1014917641878128	0.7011022567749023
4247	0.029657313600182533	0.10106375068426132	0.7029496431350708
4248	0.03123432770371437	0.1008801981806755	0.7040600776672363
4249	0.03025226853787899	0.10070022940635681	0.7054914832115173
4250	0.029773514717817307	0.1006183996796608	0.7049453854560852
4251	0.029150648042559624	0.10072940587997437	0.7013148069381714
4252	0.030174678191542625	0.10072233527898788	0.6994686126708984
4253	0.029379164800047874	0.10085330903530121	0.6984299421310425
4254	0.029728436842560768	0.10111979395151138	0.6996511220932007
4255	0.030023323372006416	0.10121218860149384	0.7010853290557861
4256	0.030772723257541656	0.1010831817984581	0.7031594514846802
4257	0.03032040223479271	0.10106485337018967	0.7027772068977356
4258	0.030879344791173935	0.10114091634750366	0.7016827464103699
4259	0.029473241418600082	0.10109744966030121	0.6997276544570923
4260	0.030382342636585236	0.1009863093495369	0.7003077268600464
4261	0.03025151789188385	0.10089605301618576	0.7015942931175232
4262	0.03013036586344242	0.10101090371608734	0.7031871676445007
4263	0.030179090797901154	0.101036936044693	0.7040554881095886
4264	0.03151068836450577	0.10048256814479828	0.7044550776481628
4265	0.030024731531739235	0.09999269247055054	0.703855037689209
4266	0.02977081388235092	0.09985290467739105	0.7015348672866821
4267	0.02910546585917473	0.1000300720334053	0.7002160549163818
4268	0.02989182248711586	0.10015925019979477	0.6998009085655212
4269	0.03042163886129856	0.10005714744329453	0.7011774778366089
4270	0.029466820880770683	0.10030682384967804	0.7028453946113586
4271	0.030886590480804443	0.10066133737564087	0.7034178376197815
4272	0.030419226735830307	0.1009012907743454	0.7012115716934204
4273	0.02983158454298973	0.10102351009845734	0.6971967220306396
4274	0.03004084900021553	0.10093420743942261	0.6958103179931641
4275	0.031075648963451385	0.10045427829027176	0.6986896991729736
4276	0.03039386123418808	0.10000821948051453	0.704403281211853
4277	0.02934754453599453	0.10002825409173965	0.7081045508384705
4278	0.03089653141796589	0.10023204982280731	0.7089614868164062
4279	0.029965054243803024	0.10039323568344116	0.7057896256446838
4280	0.029405586421489716	0.10069577395915985	0.7004356980323792
4281	0.03039112128317356	0.10116226226091385	0.6954203248023987
4282	0.03069210611283779	0.101263128221035	0.6942976117134094
4283	0.030197283253073692	0.10093947499990463	0.6985379457473755
4284	0.030094001442193985	0.10089416801929474	0.7027473449707031
4285	0.03049897588789463	0.10096382349729538	0.705092191696167
4286	0.02918778359889984	0.10105980187654495	0.7045037150382996
4287	0.03046775422990322	0.10108740627765656	0.7025319337844849
4288	0.030654482543468475	0.10101751238107681	0.6994386911392212
4289	0.03101637028157711	0.10085659474134445	0.6987305879592896
4290	0.030784329399466515	0.1009688600897789	0.6985353827476501
4291	0.030711067840456963	0.10102255642414093	0.6999451518058777
4292	0.029940951615571976	0.10108671337366104	0.7007792592048645
4293	0.03012535534799099	0.10134672373533249	0.7006716728210449
4294	0.02983815036714077	0.1016087457537651	0.6983686089515686
4295	0.030653543770313263	0.1019260585308075	0.6950265169143677
4296	0.03119717538356781	0.1022791713476181	0.6913902759552002
4297	0.031422462314367294	0.10249720513820648	0.6901863217353821
4298	0.030580591410398483	0.10181153565645218	0.6943291425704956
4299	0.03024808131158352	0.10122858732938766	0.6985622048377991
4300	0.031736452132463455	0.10078835487365723	0.7009297013282776
4301	0.030814889818429947	0.10059516131877899	0.7014883160591125
4302	0.03027692809700966	0.10042750090360641	0.7036831378936768
4303	0.029951266944408417	0.10059026628732681	0.7051882147789001
4304	0.030302340164780617	0.10074075311422348	0.704433023929596
4305	0.02975316345691681	0.10101266950368881	0.70246422290802
4306	0.03009049780666828	0.10117951780557632	0.7007734775543213
4307	0.0298647191375494	0.10125594586133957	0.7011138200759888
4308	0.03060348518192768	0.10104351490736008	0.7024803757667542
4309	0.029342327266931534	0.10100647062063217	0.7025650143623352
4310	0.030698882415890694	0.10115855932235718	0.7009527087211609
4311	0.02994794398546219	0.10128284245729446	0.6988404989242554
4312	0.029930459335446358	0.10124464333057404	0.6986576914787292
4313	0.0303297508507967	0.10125719755887985	0.6982912421226501
4314	0.029170198366045952	0.10107380896806717	0.6987217664718628
4315	0.03034644015133381	0.10083281993865967	0.7002795934677124
4316	0.02934182807803154	0.10077738761901855	0.7022023797035217
4317	0.029690708965063095	0.10073354840278625	0.7040530443191528
4318	0.030289070680737495	0.10053255409002304	0.7062604427337646
4319	0.029514219611883163	0.10051176697015762	0.7056745290756226
4320	0.02923976257443428	0.10090944916009903	0.7018135190010071
4321	0.028908461332321167	0.10141632705926895	0.6979308128356934
4322	0.03148099407553673	0.10200081765651703	0.6944592595100403
4323	0.029663115739822388	0.10222924500703812	0.6948980689048767
4324	0.028722522780299187	0.10217888653278351	0.6964321136474609
4325	0.029901007190346718	0.10224521905183792	0.6966606974601746
4326	0.03011937625706196	0.10228323936462402	0.6968306303024292
4327	0.030042817816138268	0.1023617833852768	0.6970113515853882
4328	0.03045828267931938	0.10223615914583206	0.6981860995292664
4329	0.030356338247656822	0.10186471790075302	0.6996631622314453
4330	0.030356917530298233	0.10162056237459183	0.6992930769920349
4331	0.029401157051324844	0.10129380226135254	0.7009655237197876
4332	0.03013441152870655	0.10102798789739609	0.7015979886054993
4333	0.03073726035654545	0.10059916228055954	0.7021071314811707
4334	0.030575193464756012	0.1003614142537117	0.703718900680542
4335	0.02911444380879402	0.10040943324565887	0.7038313150405884
4336	0.029204808175563812	0.10045305639505386	0.7044798731803894
4337	0.029284488409757614	0.10053542256355286	0.7044773101806641
4338	0.029667748138308525	0.10067711025476456	0.7032821178436279
4339	0.029794596135616302	0.10056716948747635	0.7022354006767273
4340	0.02934296242892742	0.1005115658044815	0.7007973790168762
4341	0.029034607112407684	0.10065039247274399	0.6989440321922302
4342	0.03015640377998352	0.10068228840827942	0.699144721031189
4343	0.029551632702350616	0.10065986216068268	0.7016617059707642
4344	0.029533645138144493	0.10102395713329315	0.7022626996040344
4345	0.029998553916811943	0.10139209777116776	0.7007485032081604
4346	0.029782211408019066	0.10153274983167648	0.6979672908782959
4347	0.02951239049434662	0.10166555643081665	0.6954655647277832
4348	0.030677419155836105	0.10161912441253662	0.6958648562431335
4349	0.02889755368232727	0.1015760600566864	0.6978651881217957
4350	0.029459495097398758	0.10184382647275925	0.6996380090713501
4351	0.02935866266489029	0.10199052840471268	0.7000489234924316
4352	0.029486602172255516	0.10220233350992203	0.6982707977294922
4353	0.029675839468836784	0.10214295238256454	0.695281445980072
4354	0.03034248761832714	0.10196510702371597	0.6924253106117249
4355	0.02943747490644455	0.1016465499997139	0.6923841834068298
4356	0.03040664829313755	0.10122301429510117	0.6956334114074707
4357	0.029948154464364052	0.10103048384189606	0.6989582180976868
4358	0.02999773994088173	0.10129227489233017	0.7010912895202637
4359	0.028748169541358948	0.1016751229763031	0.7010138630867004
4360	0.030188387259840965	0.10185457766056061	0.6999406814575195
4361	0.03091493248939514	0.1017623096704483	0.6987780332565308
4362	0.029642727226018906	0.10146740078926086	0.6983230113983154
4363	0.0293895173817873	0.10093247145414352	0.7005539536476135
4364	0.028778230771422386	0.10035932064056396	0.7031735181808472
4365	0.02965082973241806	0.10035032033920288	0.7032257914543152
4366	0.030898423865437508	0.1006249263882637	0.7028775215148926
4367	0.02971540205180645	0.10114873945713043	0.7025566101074219
4368	0.029446816071867943	0.10178147256374359	0.7009913921356201
4369	0.031176604330539703	0.10209228098392487	0.7003332376480103
4370	0.028997737914323807	0.10187269002199173	0.7003368139266968
4371	0.03024911694228649	0.101779043674469	0.6987974047660828
4372	0.029196398332715034	0.10177566111087799	0.6972722411155701
4373	0.03031291626393795	0.10154557228088379	0.6976603865623474
4374	0.030162712559103966	0.10163437575101852	0.6985589861869812
4375	0.02976042591035366	0.10213681310415268	0.6959406137466431
4376	0.029753126204013824	0.10263607650995255	0.6935676336288452
4377	0.028801921755075455	0.10277454555034637	0.6936267614364624
4378	0.02964048460125923	0.10256535559892654	0.6962023377418518
4379	0.02964436262845993	0.1019381582736969	0.6997833847999573
4380	0.029537122696638107	0.10141237825155258	0.7019324898719788
4381	0.029755976051092148	0.10126471519470215	0.7019543647766113
4382	0.02990308217704296	0.10127422958612442	0.7012994289398193
4383	0.029488664120435715	0.10144136846065521	0.6998554468154907
4384	0.030475802719593048	0.10161729156970978	0.7000476121902466
4385	0.029589857906103134	0.10162418335676193	0.7007731199264526
4386	0.03010200895369053	0.10156220197677612	0.7018674612045288
4387	0.029240382835268974	0.1015535369515419	0.7014948129653931
4388	0.029695449396967888	0.10152195394039154	0.7005499005317688
4389	0.02928784303367138	0.10147401690483093	0.6999551057815552
4390	0.029263343662023544	0.1014290377497673	0.7012882232666016
4391	0.02984154410660267	0.10160774737596512	0.7013214230537415
4392	0.029080890119075775	0.10165685415267944	0.7012860774993896
4393	0.02934366837143898	0.1017289087176323	0.7012151479721069
4394	0.030105940997600555	0.10182290524244308	0.7027350664138794
4395	0.029448123648762703	0.10168763995170593	0.7048771381378174
4396	0.029192622750997543	0.10164648294448853	0.7060899138450623
4397	0.029955074191093445	0.10166299343109131	0.7059786319732666
4398	0.029176173731684685	0.10165153443813324	0.7038195729255676
4399	0.02923569828271866	0.101530060172081	0.7007281184196472
4400	0.028740663081407547	0.10139323770999908	0.6981087923049927
4401	0.03008686751127243	0.10119550675153732	0.6989410519599915
4402	0.02995111420750618	0.10107734799385071	0.7005752921104431
4403	0.030856410041451454	0.1010776162147522	0.7020572423934937
4404	0.02939131297171116	0.10131020843982697	0.7032326459884644
4405	0.03133188560605049	0.1015985757112503	0.7023776769638062
4406	0.029559971764683723	0.10154282301664352	0.7015886902809143
4407	0.030578620731830597	0.10145167261362076	0.7004592418670654
4408	0.03083975799381733	0.10137024521827698	0.701093316078186
4409	0.029143759980797768	0.10112233459949493	0.7025935053825378
4410	0.029370253905653954	0.10112880915403366	0.7026233673095703
4411	0.02989835850894451	0.10111343860626221	0.7023559212684631
4412	0.03013070859014988	0.10117804259061813	0.701524555683136
4413	0.030225323513150215	0.10116635262966156	0.7014893889427185
4414	0.02969358302652836	0.10119395703077316	0.7024068832397461
4415	0.029756737872958183	0.10150983929634094	0.7025534510612488
4416	0.030295057222247124	0.10174477845430374	0.7016153931617737
4417	0.031133584678173065	0.1013144701719284	0.7027129530906677
4418	0.029462043195962906	0.10091916471719742	0.703764796257019
4419	0.030205611139535904	0.10099609941244125	0.7029227614402771
4420	0.03069649264216423	0.10130001604557037	0.7005643844604492
4421	0.02951963245868683	0.10181989520788193	0.6976659893989563
4422	0.02877572551369667	0.10230676084756851	0.6970756649971008
4423	0.02880261465907097	0.10254213958978653	0.6967648863792419
4424	0.03157661482691765	0.10232087969779968	0.6969633102416992
4425	0.030863981693983078	0.10184219479560852	0.6976650357246399
4426	0.030091719701886177	0.10139976441860199	0.6982429027557373
4427	0.02949705347418785	0.10098932683467865	0.6999266147613525
4428	0.030408252030611038	0.10075996071100235	0.7017390727996826
4429	0.02978861704468727	0.10045608878135681	0.7051929831504822
4430	0.029390856623649597	0.100794218480587	0.7073572874069214
4431	0.029237790033221245	0.1012115329504013	0.7059531807899475
4432	0.029266951605677605	0.10168543457984924	0.7015235424041748
4433	0.03054896369576454	0.10197479277849197	0.6961095333099365
4434	0.028334693983197212	0.10218916833400726	0.6927632093429565
4435	0.02915504015982151	0.10210172832012177	0.694267988204956
4436	0.028956826776266098	0.10204517841339111	0.6976861357688904
4437	0.030058929696679115	0.1022636890411377	0.7010893821716309
4438	0.030720043927431107	0.10245326161384583	0.7014035582542419
4439	0.029283400624990463	0.10250596702098846	0.6993829607963562
4440	0.02946397103369236	0.10247290879487991	0.6969055533409119
4441	0.029779689386487007	0.10275071859359741	0.693399965763092
4442	0.029924042522907257	0.10254576802253723	0.6937139630317688
4443	0.030126942321658134	0.10220349580049515	0.6960261464118958
4444	0.029041938483715057	0.10154706984758377	0.6997120976448059
4445	0.029717329889535904	0.10132656991481781	0.7001658082008362
4446	0.029941974207758904	0.10139009356498718	0.6988316774368286
4447	0.029588300734758377	0.10172728449106216	0.6972814202308655
4448	0.02963423728942871	0.10182610899209976	0.6968375444412231
4449	0.029549870640039444	0.10210593044757843	0.6967942714691162
4450	0.02884167619049549	0.10224667936563492	0.6980476975440979
4451	0.030241843312978745	0.1020418107509613	0.7020174264907837
4452	0.02895696461200714	0.10157550871372223	0.7058467864990234
4453	0.03007655218243599	0.10109910368919373	0.7065240144729614
4454	0.02907305397093296	0.10075993835926056	0.7050856947898865
4455	0.029178716242313385	0.10074099153280258	0.7023406624794006
4456	0.030640674754977226	0.10096576809883118	0.7004544734954834
4457	0.02999768778681755	0.10120218247175217	0.699853777885437
4458	0.03058551996946335	0.10145215690135956	0.7002149224281311
4459	0.029606971889734268	0.10167393088340759	0.7010148167610168
4460	0.030138781294226646	0.1017366424202919	0.7011991739273071
4461	0.029145540669560432	0.10163301974534988	0.7018000483512878
4462	0.03006095625460148	0.10160186886787415	0.7010306715965271
4463	0.02916671894490719	0.10178463160991669	0.7017029523849487
4464	0.03017127700150013	0.10146895796060562	0.7050272822380066
4465	0.02955075539648533	0.1012343019247055	0.7075170278549194
4466	0.030100231990218163	0.10098639875650406	0.7079357504844666
4467	0.029063235968351364	0.1010480746626854	0.7057385444641113
4468	0.030423514544963837	0.10131341964006424	0.7015580534934998
4469	0.030502989888191223	0.10183651000261307	0.6979098916053772
4470	0.02934454381465912	0.10257366299629211	0.6958125233650208
4471	0.029262781143188477	0.10300824791193008	0.696923017501831
4472	0.0302853025496006	0.10316261649131775	0.6989637613296509
4473	0.02905697003006935	0.10310259461402893	0.6994292140007019
4474	0.02943902276456356	0.10286486148834229	0.6984385848045349
4475	0.02972649224102497	0.10237593203783035	0.6976417303085327
4476	0.028949415311217308	0.10208183526992798	0.6961071491241455
4477	0.028676722198724747	0.10181767493486404	0.6976278424263
4478	0.030132269486784935	0.10160112380981445	0.7002733945846558
4479	0.028838161379098892	0.10161519795656204	0.7026239037513733
4480	0.02969382144510746	0.10157161951065063	0.703996479511261
4481	0.029089350253343582	0.10167432576417923	0.7032081484794617
4482	0.02936982549726963	0.10170869529247284	0.6999515891075134
4483	0.028874864801764488	0.10219155251979828	0.6957045197486877
4484	0.02969885617494583	0.10256167501211166	0.6931660771369934
4485	0.028755873441696167	0.10263298451900482	0.6933900117874146
4486	0.030365224927663803	0.10251694172620773	0.6958205699920654
4487	0.02999407984316349	0.1020832285284996	0.6987366676330566
4488	0.02934742346405983	0.10162803530693054	0.7001179456710815
4489	0.029520835727453232	0.10131283849477768	0.7010337114334106
4490	0.029740342870354652	0.10126578062772751	0.7005118131637573
4491	0.029285496100783348	0.10134684294462204	0.6988983750343323
4492	0.029058406129479408	0.10146668553352356	0.6969847083091736
4493	0.029437974095344543	0.10136088728904724	0.6977187991142273
4494	0.030365942046046257	0.10111433267593384	0.7011246085166931
4495	0.02930774912238121	0.1011921614408493	0.7026769518852234
4496	0.028754137456417084	0.10150345414876938	0.7010412216186523
4497	0.028459055349230766	0.10197969526052475	0.6966025829315186
4498	0.029624585062265396	0.1027357280254364	0.692110002040863
4499	0.03066503442823887	0.10317735373973846	0.6921927332878113
4500	0.029999563470482826	0.10268968343734741	0.6957507729530334
4501	0.02992183528840542	0.10214437544345856	0.6994187831878662
4502	0.02832595258951187	0.10160910338163376	0.7029700875282288
4503	0.029037199914455414	0.10125070810317993	0.7052865624427795
4504	0.029828334227204323	0.1011432483792305	0.7047142386436462
4505	0.029310595244169235	0.10132043063640594	0.702200710773468
4506	0.030972938984632492	0.10166513919830322	0.6981725692749023
4507	0.02960062399506569	0.10183224081993103	0.6974050402641296
4508	0.0300629623234272	0.10190829634666443	0.6979222893714905
4509	0.02935377135872841	0.10216575115919113	0.6993319988250732
4510	0.0293499156832695	0.10250857472419739	0.7003791332244873
4511	0.029527954757213593	0.10273642092943192	0.7000397443771362
4512	0.028298331424593925	0.1026637852191925	0.6995630264282227
4513	0.02912157028913498	0.10228331387042999	0.6992825865745544
4514	0.029370086267590523	0.10165786743164062	0.6991929411888123
4515	0.029127823188900948	0.10146110504865646	0.6981257796287537
4516	0.030051030218601227	0.10151638835668564	0.6973843574523926
4517	0.030506113544106483	0.10165785253047943	0.6993081569671631
4518	0.029101550579071045	0.10169560462236404	0.7020542621612549
4519	0.029211293905973434	0.1018342599272728	0.7032679319381714
4520	0.028985751792788506	0.10211524367332458	0.7022613286972046
4521	0.029740888625383377	0.10201331228017807	0.7007432579994202
4522	0.02953154966235161	0.10160968452692032	0.6997777223587036
4523	0.029249712824821472	0.10144201666116714	0.6990354061126709
4524	0.02947927452623844	0.10126476734876633	0.7000907063484192
4525	0.02961404249072075	0.10123618692159653	0.7015189528465271
4526	0.03018254227936268	0.1013667955994606	0.7030144929885864
4527	0.03054148145020008	0.101380854845047	0.7016515731811523
4528	0.029892191290855408	0.10147504508495331	0.6995100378990173
4529	0.028973698616027832	0.10157568752765656	0.6979010105133057
4530	0.02906973287463188	0.1015644520521164	0.6996529698371887
4531	0.028477394953370094	0.101148821413517	0.7027872204780579
4532	0.02900066040456295	0.100987009704113	0.7031423449516296
4533	0.028073027729988098	0.10099911689758301	0.7024551630020142
4534	0.02811668999493122	0.10107441246509552	0.7007974982261658
4535	0.028469033539295197	0.10135888308286667	0.6997750997543335
4536	0.02880287356674671	0.10181945562362671	0.6993712186813354
4537	0.02863231487572193	0.10207640379667282	0.7004548907279968
4538	0.0290546715259552	0.10211963951587677	0.7022705078125
4539	0.02967675030231476	0.10183659195899963	0.7042269110679626
4540	0.030731571838259697	0.10125915706157684	0.7062128186225891
4541	0.029527585953474045	0.10104357451200485	0.7061710953712463
4542	0.028914151713252068	0.10126839578151703	0.7029885649681091
4543	0.029191909357905388	0.10157891362905502	0.6998748183250427
4544	0.029471153393387794	0.1014525294303894	0.7006791234016418
4545	0.03005630522966385	0.10126075148582458	0.7040138840675354
4546	0.028848275542259216	0.10125409066677094	0.7060874104499817
4547	0.029000727459788322	0.10122823715209961	0.7090299725532532
4548	0.029309507459402084	0.10119070112705231	0.708307147026062
4549	0.028489353135228157	0.10111133009195328	0.7060526013374329
4550	0.029438605532050133	0.10115429013967514	0.7021430134773254
4551	0.029462747275829315	0.10173977166414261	0.6975485682487488
4552	0.03024277463555336	0.10235971212387085	0.6940131783485413
4553	0.028836790472269058	0.10267624258995056	0.6944482922554016
4554	0.030141681432724	0.10290125757455826	0.6963111162185669
4555	0.02851368859410286	0.10288442671298981	0.6990818381309509
4556	0.029382390901446342	0.10295888781547546	0.7010151743888855
4557	0.029840759932994843	0.10286406427621841	0.701521635055542
4558	0.02981509640812874	0.10238883644342422	0.7025824785232544
4559	0.029620543122291565	0.10183744132518768	0.7019315958023071
4560	0.029737835749983788	0.10166198760271072	0.7007256150245667
4561	0.028926027938723564	0.1017351821064949	0.7005432844161987
4562	0.02924720197916031	0.10179512202739716	0.7018665075302124
4563	0.029276346787810326	0.10198402404785156	0.7033398747444153
4564	0.030197056010365486	0.10240156948566437	0.7031688690185547
4565	0.0295585785061121	0.10292483866214752	0.7003986239433289
4566	0.031050335615873337	0.10317404568195343	0.694455087184906
4567	0.02907133847475052	0.10306444764137268	0.6893576383590698
4568	0.03078514337539673	0.10264934599399567	0.6889199018478394
4569	0.030131766572594643	0.10187345743179321	0.694058358669281
4570	0.030314456671476364	0.10152572393417358	0.6994462013244629
4571	0.02856489084661007	0.10156039148569107	0.703132152557373
4572	0.02999839186668396	0.10172863304615021	0.7037231922149658
4573	0.02974226512014866	0.10161519795656204	0.7027666568756104
4574	0.029895033687353134	0.1013837680220604	0.7017863988876343
4575	0.028500162065029144	0.10151748359203339	0.6991022825241089
4576	0.029421448707580566	0.10167884826660156	0.6978685259819031
4577	0.029706809669733047	0.10172458738088608	0.698554515838623
4578	0.02880382351577282	0.10203149914741516	0.7008060812950134
4579	0.03054874762892723	0.10233335196971893	0.7019330263137817
4580	0.029506931081414223	0.10235583037137985	0.7018316388130188
4581	0.030080167576670647	0.10208593308925629	0.7008873224258423
4582	0.029488075524568558	0.10179278999567032	0.6999810934066772
4583	0.029474863782525063	0.10177074372768402	0.6984035968780518
4584	0.029948996379971504	0.1019163429737091	0.6981320381164551
4585	0.029267899692058563	0.10201077163219452	0.6997938752174377
4586	0.02853754721581936	0.10236514359712601	0.7013681530952454
4587	0.028644070029258728	0.10265906155109406	0.7009150385856628
4588	0.02865174598991871	0.10265617817640305	0.6989803910255432
4589	0.029170451685786247	0.10247952491044998	0.6970089673995972
4590	0.028991296887397766	0.10233058780431747	0.6959258317947388
4591	0.02923337183892727	0.10226699709892273	0.6958982348442078
4592	0.029730213806033134	0.1024329736828804	0.6967059373855591
4593	0.0300171859562397	0.10268422216176987	0.6972073316574097
4594	0.029945723712444305	0.10292010754346848	0.6951769590377808
4595	0.028876882046461105	0.10266519337892532	0.6939625144004822
4596	0.02986505627632141	0.10233306884765625	0.6938971281051636
4597	0.02800552174448967	0.10205007344484329	0.6965858340263367
4598	0.029823455959558487	0.10223518311977386	0.7001169323921204
4599	0.028906285762786865	0.10236672312021255	0.7020599246025085
4600	0.03018508106470108	0.10226772725582123	0.7040061354637146
4601	0.02922092378139496	0.10213983058929443	0.7035677433013916
4602	0.029039673507213593	0.10244801640510559	0.7004193067550659
4603	0.02948823757469654	0.10293407738208771	0.6976079940795898
4604	0.03008163347840309	0.10323695093393326	0.6973310708999634
4605	0.029749244451522827	0.10291758179664612	0.6990976929664612
4606	0.02970927022397518	0.10241524130105972	0.7004543542861938
4607	0.029416825622320175	0.1020691841840744	0.7011329531669617
4608	0.029896214604377747	0.10197552293539047	0.701187789440155
4609	0.029074443504214287	0.10192716121673584	0.7015445828437805
4610	0.029420845210552216	0.10188024491071701	0.7023647427558899
4611	0.02868330292403698	0.10176803916692734	0.7031436562538147
4612	0.029670171439647675	0.10176753252744675	0.7028973698616028
4613	0.028594467788934708	0.10191098600625992	0.7013487219810486
4614	0.02756635844707489	0.10210089385509491	0.6995558142662048
4615	0.02880357764661312	0.10192452371120453	0.6998398303985596
4616	0.0287967249751091	0.10168783366680145	0.7014864683151245
4617	0.029418591409921646	0.10136137902736664	0.7030535936355591
4618	0.029253659769892693	0.10117579996585846	0.7049381732940674
4619	0.02920869179069996	0.10099709033966064	0.7067556381225586
4620	0.02983526885509491	0.10086096078157425	0.7058576941490173
4621	0.029336867853999138	0.10069534182548523	0.7053341269493103
4622	0.028316905722022057	0.10067746788263321	0.7048413753509521
4623	0.02936909906566143	0.10073292255401611	0.7049378156661987
4624	0.02839098498225212	0.10086007416248322	0.7060166597366333
4625	0.029310176149010658	0.10124624520540237	0.7060567736625671
4626	0.029145341366529465	0.1017267256975174	0.7042229175567627
4627	0.03033534251153469	0.10224895924329758	0.7008664608001709
4628	0.02895207889378071	0.10244093835353851	0.699637234210968
4629	0.02939281240105629	0.1022288128733635	0.7006477117538452
4630	0.0281362421810627	0.1017676293849945	0.7010766267776489
4631	0.028893660753965378	0.10158060491085052	0.7015998959541321
4632	0.028756441548466682	0.1015874594449997	0.7015845775604248
4633	0.028702467679977417	0.10169216245412827	0.7012795805931091
4634	0.02858620323240757	0.10216431319713593	0.7011116147041321
4635	0.02900724485516548	0.10260862857103348	0.7003885507583618
4636	0.03010513447225094	0.10286690294742584	0.7007022500038147
4637	0.029507247731089592	0.10290712863206863	0.7009149193763733
4638	0.028160158544778824	0.10315904021263123	0.6986886858940125
4639	0.02792871929705143	0.1035584881901741	0.6963456273078918
4640	0.02893773280084133	0.10395000129938126	0.6924725770950317
4641	0.02847946435213089	0.10436973720788956	0.6901149749755859
4642	0.028968406841158867	0.1043354868888855	0.6914721727371216
4643	0.030300810933113098	0.10378313064575195	0.6946088075637817
4644	0.029249509796500206	0.10298465937376022	0.6979063749313354
4645	0.02942933887243271	0.1022525355219841	0.7007389664649963
4646	0.030018562451004982	0.10177729278802872	0.7030062079429626
4647	0.02840804122388363	0.10154623538255692	0.7043213844299316
4648	0.029818125069141388	0.10140488296747208	0.7057483792304993
4649	0.029244037345051765	0.10122540593147278	0.7060100436210632
4650	0.029248211532831192	0.10117077827453613	0.7046570777893066
4651	0.028793467208743095	0.10104818642139435	0.7034919261932373
4652	0.028257330879569054	0.10113348066806793	0.7010459303855896
4653	0.029113823547959328	0.10129143297672272	0.6996409893035889
4654	0.02867048792541027	0.10134325176477432	0.699690580368042
4655	0.029363146051764488	0.10127836465835571	0.7010116577148438
4656	0.029260199517011642	0.1012350469827652	0.7013681530952454
4657	0.028328459709882736	0.10135865211486816	0.701044499874115
4658	0.029620878398418427	0.10142085701227188	0.7016659379005432
4659	0.029795309528708458	0.10129904747009277	0.7017861008644104
4660	0.028519373387098312	0.10125404596328735	0.7019556164741516
4661	0.027930600568652153	0.10139577090740204	0.702063798904419
4662	0.028208570554852486	0.10163755714893341	0.7019373774528503
4663	0.02879757061600685	0.10204096883535385	0.7012986540794373
4664	0.027919502928853035	0.10206310451030731	0.7021072506904602
4665	0.027835160493850708	0.10211105644702911	0.7017455697059631
4666	0.028043702244758606	0.10207246989011765	0.702002227306366
4667	0.02988104149699211	0.10226505994796753	0.6994724869728088
4668	0.02902592159807682	0.10249210894107819	0.6968644261360168
4669	0.02936323545873165	0.1026405319571495	0.6946575045585632
4670	0.0293162502348423	0.10259322077035904	0.6947119235992432
4671	0.028639856725931168	0.1023448258638382	0.6961923241615295
4672	0.02906065620481968	0.10223819315433502	0.697003185749054
4673	0.029313107952475548	0.10227938741445541	0.6968332529067993
4674	0.029259949922561646	0.10238081961870193	0.6957575082778931
4675	0.02899867482483387	0.10224057734012604	0.6965162754058838
4676	0.03003549762070179	0.10198317468166351	0.6992533802986145
4677	0.02935357205569744	0.1017400398850441	0.7017140984535217
4678	0.029126981273293495	0.1014324277639389	0.7033060193061829
4679	0.028071606531739235	0.10136400908231735	0.7040838599205017
4680	0.029438767582178116	0.10173347592353821	0.7036384344100952
4681	0.028763480484485626	0.10231437534093857	0.7015893459320068
4682	0.02874874323606491	0.1028389185667038	0.6998354196548462
4683	0.028759654611349106	0.10324931144714355	0.6987194418907166
4684	0.02836250327527523	0.10336612910032272	0.6981823444366455
4685	0.029280195012688637	0.10324810445308685	0.6983599662780762
4686	0.02938990667462349	0.10287325084209442	0.6989688873291016
4687	0.02911468967795372	0.10242581367492676	0.7000458836555481
4688	0.027817366644740105	0.10217715799808502	0.6999634504318237
4689	0.028194233775138855	0.1020386591553688	0.6991479992866516
4690	0.027981773018836975	0.10196039080619812	0.6990320086479187
4691	0.028190528973937035	0.10191231220960617	0.6981021761894226
4692	0.027309589087963104	0.10188986361026764	0.6981528401374817
4693	0.028496693819761276	0.101899653673172	0.6981003284454346
4694	0.028724756091833115	0.1017686203122139	0.699036717414856
4695	0.028200319036841393	0.10176751762628555	0.7001677751541138
4696	0.027472669258713722	0.10179376602172852	0.7014804482460022
4697	0.028134625405073166	0.10181404650211334	0.7010921239852905
4698	0.028149856254458427	0.10170795768499374	0.7008929252624512
4699	0.028282972052693367	0.10149473696947098	0.701330840587616
4700	0.02857276052236557	0.10118219256401062	0.7026658654212952
4701	0.02891889587044716	0.10111648589372635	0.7029014825820923
4702	0.02891821414232254	0.1011224314570427	0.7025132775306702
4703	0.029501037672162056	0.10120707005262375	0.7026083469390869
4704	0.028187977150082588	0.10151960700750351	0.7015252113342285
4705	0.0288799200206995	0.10169775784015656	0.7010440230369568
4706	0.02936377190053463	0.10182661563158035	0.7006637454032898
4707	0.028473494574427605	0.10182850062847137	0.7015918493270874
4708	0.028311165049672127	0.10180409252643585	0.7017562985420227
4709	0.02872253954410553	0.10177797824144363	0.7018109560012817
4710	0.02838599495589733	0.10177536308765411	0.7015230655670166
4711	0.027563627809286118	0.10185588151216507	0.7001339197158813
4712	0.029580337926745415	0.10178261250257492	0.7001030445098877
4713	0.028308166190981865	0.1017153188586235	0.7011775970458984
4714	0.028888463973999023	0.10179437696933746	0.7025954127311707
4715	0.0288681797683239	0.10203197598457336	0.7024675607681274
4716	0.028224501758813858	0.10211911052465439	0.7013269066810608
4717	0.028545880690217018	0.1021171510219574	0.7003384828567505
4718	0.028213147073984146	0.10189733654260635	0.6988670229911804
4719	0.028568284586071968	0.10196327418088913	0.6977555155754089
4720	0.02885650470852852	0.10188278555870056	0.6983832120895386
4721	0.029648805037140846	0.10178482532501221	0.7000408172607422
4722	0.02797529846429825	0.10170219093561172	0.701374351978302
4723	0.029489150270819664	0.10189490765333176	0.701366662979126
4724	0.027884602546691895	0.10227542370557785	0.7007949352264404
4725	0.02826113998889923	0.10251661390066147	0.6995490789413452
4726	0.028813466429710388	0.10254274308681488	0.6978696584701538
4727	0.02928660623729229	0.10239803791046143	0.6973907351493835
4728	0.028417330235242844	0.10239577293395996	0.6965913772583008
4729	0.027554567903280258	0.10237967222929001	0.6981163024902344
4730	0.02738935872912407	0.10225078463554382	0.6995369791984558
4731	0.02853984944522381	0.10220834612846375	0.7009344696998596
4732	0.02969679981470108	0.10230159014463425	0.7000510692596436
4733	0.02804664522409439	0.10234332829713821	0.69910728931427
4734	0.02831166982650757	0.10229817777872086	0.6989307999610901
4735	0.028993630781769753	0.10214972496032715	0.7004774808883667
4736	0.029533173888921738	0.10208304226398468	0.7021945714950562
4737	0.029121916741132736	0.10238378494977951	0.700326144695282
4738	0.02800191380083561	0.10288119316101074	0.6962338089942932
4739	0.029214996844530106	0.10327935963869095	0.6927754282951355
4740	0.028841078281402588	0.10350115597248077	0.6922436952590942
4741	0.029522322118282318	0.10355379432439804	0.6936562061309814
4742	0.02919902466237545	0.10315626114606857	0.6962180137634277
4743	0.028947575017809868	0.10273187607526779	0.6999098062515259
4744	0.028795428574085236	0.10246074944734573	0.7011415958404541
4745	0.02929379791021347	0.10232347995042801	0.6996623873710632
4746	0.028208136558532715	0.10234098136425018	0.6985380053520203
4747	0.02796085551381111	0.10227447748184204	0.6983997225761414
4748	0.02923746593296528	0.1021772101521492	0.7012395858764648
4749	0.028812315315008163	0.10224377363920212	0.7043729424476624
4750	0.029042810201644897	0.10237964987754822	0.7052165269851685
4751	0.02875414863228798	0.10238073766231537	0.7038562297821045
4752	0.028722532093524933	0.10247533768415451	0.7007386684417725
4753	0.028523722663521767	0.10260815173387527	0.6979621648788452
4754	0.028171872720122337	0.1028205156326294	0.6956233978271484
4755	0.029033878818154335	0.1028861477971077	0.6955560445785522
4756	0.028994878754019737	0.10277970135211945	0.6967876553535461
4757	0.029061533510684967	0.10256524384021759	0.6997735500335693
4758	0.02840065024793148	0.1024499237537384	0.7021142840385437
4759	0.02820030227303505	0.10233002156019211	0.7042805552482605
4760	0.02790924720466137	0.10246554017066956	0.703594446182251
4761	0.029265334829688072	0.1025463193655014	0.7015009522438049
4762	0.028226282447576523	0.10252587497234344	0.6994956731796265
4763	0.02822096459567547	0.102709099650383	0.697772741317749
4764	0.027394142001867294	0.1029326468706131	0.6976448893547058
4765	0.02848295494914055	0.1031126156449318	0.6977495551109314
4766	0.028186943382024765	0.10333847254514694	0.69882732629776
4767	0.028178483247756958	0.1034756675362587	0.7004712820053101
4768	0.028707973659038544	0.10348964482545853	0.6994372606277466
4769	0.02840385027229786	0.10322944819927216	0.6968235969543457
4770	0.02901254966855049	0.10296349972486496	0.6952776908874512
4771	0.02964128367602825	0.10274022817611694	0.695955753326416
4772	0.0290172528475523	0.10248607397079468	0.6981093287467957
4773	0.027875591069459915	0.1022234633564949	0.7005606889724731
4774	0.02767147868871689	0.1022939458489418	0.7017354369163513
4775	0.028415603563189507	0.10246364772319794	0.7012675404548645
4776	0.028527233749628067	0.10281491279602051	0.6992852091789246
4777	0.026771994307637215	0.10318324714899063	0.6963750123977661
4778	0.027661411091685295	0.10332927852869034	0.6954813003540039
4779	0.029453974217176437	0.10322750359773636	0.6965615749359131
4780	0.02839921973645687	0.10280952602624893	0.700278103351593
4781	0.02810971811413765	0.10247574001550674	0.7036678194999695
4782	0.02901129052042961	0.10208244621753693	0.7052818536758423
4783	0.02749549224972725	0.10183098167181015	0.7043461799621582
4784	0.02861541323363781	0.10166992992162704	0.7021797299385071
4785	0.027972405776381493	0.10162430256605148	0.7012206315994263
4786	0.0293317548930645	0.10161155462265015	0.7019581198692322
4787	0.027922578155994415	0.10172080248594284	0.7032576203346252
4788	0.0286696907132864	0.10185237973928452	0.704278826713562
4789	0.029629463329911232	0.10187122970819473	0.7040981650352478
4790	0.028672732412815094	0.10178947448730469	0.7020341753959656
4791	0.02910545840859413	0.10209130495786667	0.6984450221061707
4792	0.02874399721622467	0.10246102511882782	0.6950994729995728
4793	0.028605176135897636	0.10284554213285446	0.6934307813644409
4794	0.02869229018688202	0.10281459242105484	0.6955991387367249
4795	0.02909710444509983	0.10269176959991455	0.6995391249656677
4796	0.02878390997648239	0.1023947224020958	0.7024601697921753
4797	0.028928983956575394	0.10219168663024902	0.7016528844833374
4798	0.02825281023979187	0.10220952332019806	0.6990187764167786
4799	0.028635578230023384	0.10227391868829727	0.6977407932281494
4800	0.028046445921063423	0.10206432640552521	0.69964200258255
4801	0.02873518504202366	0.10172846913337708	0.7034815549850464
4802	0.028523707762360573	0.10161183029413223	0.7064781188964844
4803	0.029360655695199966	0.10177463293075562	0.7071503400802612
4804	0.028824107721447945	0.10196889191865921	0.7066586017608643
4805	0.02825603261590004	0.10209723562002182	0.7049673199653625
4806	0.028831934556365013	0.10210802406072617	0.7026322484016418
4807	0.02763444557785988	0.10236238688230515	0.6995093822479248
4808	0.028407815843820572	0.10254359990358353	0.6980858445167542
4809	0.027951249852776527	0.10244728624820709	0.6989907026290894
4810	0.02841532602906227	0.10235562175512314	0.6998274326324463
4811	0.029239825904369354	0.10234725475311279	0.7002802491188049
4812	0.029235128313302994	0.10242263227701187	0.6994393467903137
4813	0.028308456763625145	0.10250897705554962	0.6975796222686768
4814	0.02904486656188965	0.10275104641914368	0.6945468783378601
4815	0.029080353677272797	0.10297439247369766	0.6937315464019775
4816	0.029547853395342827	0.10305480659008026	0.694595992565155
4817	0.02814151719212532	0.10271678864955902	0.6972982883453369
4818	0.028209127485752106	0.10236658155918121	0.7009547352790833
4819	0.028760476037859917	0.10213882476091385	0.7026509642601013
4820	0.028246307745575905	0.10200568288564682	0.7018629908561707
4821	0.02746548131108284	0.10192843526601791	0.7001863121986389
4822	0.028530223295092583	0.10200176388025284	0.6990571022033691
4823	0.02767319604754448	0.10207133740186691	0.7006630301475525
4824	0.028662271797657013	0.10209789872169495	0.7030182480812073
4825	0.028078138828277588	0.10185444355010986	0.7043227553367615
4826	0.027838554233312607	0.1014743447303772	0.7039489150047302
4827	0.027945537120103836	0.10122022032737732	0.7030473351478577
4828	0.02870344929397106	0.1013948991894722	0.7011672854423523
4829	0.028599679470062256	0.10162001103162766	0.7026017904281616
4830	0.028189286589622498	0.10194046050310135	0.7028292417526245
4831	0.029714377596974373	0.10219615697860718	0.7026317715644836
4832	0.028965365141630173	0.102469801902771	0.7016759514808655
4833	0.029659153893589973	0.10263030230998993	0.6996250748634338
4834	0.028777703642845154	0.10297327488660812	0.6975016593933105
4835	0.030735652893781662	0.10310376435518265	0.6957440376281738
4836	0.02901359461247921	0.10296086966991425	0.6959605813026428
4837	0.02880713902413845	0.1027703806757927	0.6965192556381226
4838	0.029038606211543083	0.10246221721172333	0.6996837258338928
4839	0.02777167595922947	0.10238440334796906	0.7028872966766357
4840	0.028657089918851852	0.10244651883840561	0.7042258381843567
4841	0.029015209525823593	0.10247012227773666	0.7032634019851685
4842	0.029027698561549187	0.1022447720170021	0.7015957236289978
4843	0.028704334050416946	0.10220563411712646	0.6999399662017822
4844	0.028307750821113586	0.10214563459157944	0.6992756724357605
4845	0.029274851083755493	0.10199037939310074	0.7015001177787781
4846	0.02742389589548111	0.10186748206615448	0.7040004134178162
4847	0.028916632756590843	0.10205734521150589	0.7043858170509338
4848	0.02823311649262905	0.10234855860471725	0.7028870582580566
4849	0.027781600132584572	0.10235538333654404	0.7010236978530884
4850	0.02866632305085659	0.10204453766345978	0.6993731260299683
4851	0.028430983424186707	0.10189652442932129	0.698978066444397
4852	0.02826683595776558	0.10187169164419174	0.6992830038070679
4853	0.029200205579400063	0.10186655819416046	0.6999103426933289
4854	0.02821180410683155	0.10209743678569794	0.6998397707939148
4855	0.028505148366093636	0.10260502249002457	0.6995292901992798
4856	0.028824884444475174	0.10297161340713501	0.6991503834724426
4857	0.028269866481423378	0.10322818160057068	0.6988178491592407
4858	0.028284741565585136	0.10339999198913574	0.6984925866127014
4859	0.028538377955555916	0.10351046174764633	0.6989879012107849
4860	0.028582394123077393	0.10358112305402756	0.7000420689582825
4861	0.027352940291166306	0.10356418788433075	0.6998509764671326
4862	0.02830289676785469	0.10344342887401581	0.6995540857315063
4863	0.027829641476273537	0.10341185331344604	0.6990807056427002
4864	0.029862772673368454	0.10351292043924332	0.6983464956283569
4865	0.028894400224089622	0.10345952957868576	0.6994596719741821
4866	0.02830146811902523	0.10351526737213135	0.6996626257896423
4867	0.027836883440613747	0.10362131148576736	0.698357880115509
4868	0.028442494571208954	0.10361313819885254	0.6962152123451233
4869	0.027885690331459045	0.10332270711660385	0.6939905285835266
4870	0.029603201895952225	0.10317295789718628	0.692363977432251
4871	0.02804407849907875	0.10297047346830368	0.6950492858886719
4872	0.02872740477323532	0.10292315483093262	0.6979851722717285
4873	0.02746223285794258	0.10289881378412247	0.7003523111343384
4874	0.027390170842409134	0.10283789038658142	0.6995723247528076
4875	0.028222447261214256	0.10302053391933441	0.6961915493011475
4876	0.02836371213197708	0.10350771248340607	0.6925848722457886
4877	0.028769049793481827	0.10371290892362595	0.6926522850990295
4878	0.028607981279492378	0.10355862230062485	0.6954519748687744
4879	0.027453454211354256	0.10339535027742386	0.6986386775970459
4880	0.028064057230949402	0.10320155322551727	0.7010021805763245
4881	0.027662672102451324	0.10284291207790375	0.7026551961898804
4882	0.028560303151607513	0.10262205451726913	0.702136218547821
4883	0.02862962894141674	0.10249895602464676	0.7013685703277588
4884	0.028378991410136223	0.10252397507429123	0.6990495920181274
4885	0.028267251327633858	0.10228976607322693	0.7002707123756409
4886	0.028938626870512962	0.10210942476987839	0.7020890712738037
4887	0.027346746996045113	0.10229191184043884	0.7026562094688416
4888	0.02881103754043579	0.10272065550088882	0.7015002369880676
4889	0.028575435280799866	0.10318111628293991	0.699756920337677
4890	0.028004003688693047	0.10345647484064102	0.698868989944458
4891	0.02751467190682888	0.10352257639169693	0.6983722448348999
4892	0.029528316110372543	0.10359770804643631	0.6973830461502075
4893	0.02812431938946247	0.10351325571537018	0.6968117952346802
4894	0.02867008000612259	0.10331165790557861	0.6974684596061707
4895	0.028307342901825905	0.10297169536352158	0.6975916028022766
4896	0.028311287984251976	0.102823905646801	0.6989319920539856
4897	0.028629571199417114	0.10260509699583054	0.6997122764587402
4898	0.028422124683856964	0.1024387925863266	0.6985423564910889
4899	0.028669023886322975	0.10236827284097672	0.6995887160301208
4900	0.027780093252658844	0.1022796556353569	0.7013213634490967
4901	0.027321506291627884	0.10227954387664795	0.7030895948410034
4902	0.02886926382780075	0.1024058386683464	0.7045460939407349
4903	0.02825210615992546	0.10274292528629303	0.7032023668289185
4904	0.02743000164628029	0.10306938737630844	0.7011001110076904
4905	0.028505126014351845	0.103500597178936	0.6982484459877014
4906	0.028701337054371834	0.10342104732990265	0.6980122923851013
4907	0.028300845995545387	0.10308464616537094	0.6992664933204651
4908	0.028275908902287483	0.10276400297880173	0.7015303373336792
4909	0.026867777109146118	0.10262488573789597	0.7038484215736389
4910	0.028236249461770058	0.10282989591360092	0.7026622891426086
4911	0.02746179699897766	0.10311292856931686	0.6993557810783386
4912	0.028186257928609848	0.10334380716085434	0.6958200335502625
4913	0.0282998476177454	0.10357048362493515	0.6934484839439392
4914	0.02806689590215683	0.10386242717504501	0.6928530335426331
4915	0.0286212507635355	0.10357252508401871	0.6956136226654053
4916	0.028172345831990242	0.10280691832304001	0.6996389031410217
4917	0.027583185583353043	0.10233528167009354	0.7024050951004028
4918	0.027446968480944633	0.10214079171419144	0.7029982209205627
4919	0.028539832681417465	0.10207142680883408	0.7024802565574646
4920	0.029250936582684517	0.1021023765206337	0.7012770175933838
4921	0.03021819517016411	0.10217200219631195	0.7012054324150085
4922	0.027692213654518127	0.1023646742105484	0.7020654082298279
4923	0.02938348986208439	0.10221988707780838	0.7040494680404663
4924	0.02821761555969715	0.10208897292613983	0.7061034440994263
4925	0.028977373614907265	0.10196883231401443	0.7071163654327393
4926	0.027896447107195854	0.10200883448123932	0.7064406871795654
4927	0.02768070064485073	0.10229825228452682	0.7031827569007874
4928	0.027865730226039886	0.10254866629838943	0.7000796794891357
4929	0.02880629524588585	0.10270582139492035	0.6991470456123352
4930	0.027814846485853195	0.1027839332818985	0.6989554762840271
4931	0.028946291655302048	0.10272028297185898	0.7003974914550781
4932	0.02878044918179512	0.10269159078598022	0.7010525465011597
4933	0.02808673493564129	0.1027643233537674	0.6999019384384155
4934	0.02811238169670105	0.10282977670431137	0.698153018951416
4935	0.028912391513586044	0.10287819802761078	0.6970316767692566
4936	0.029329149052500725	0.10283394157886505	0.6987147331237793
4937	0.027977868914604187	0.10291365534067154	0.7012891173362732
4938	0.027148939669132233	0.10282398760318756	0.7040151357650757
4939	0.027612987905740738	0.10244745016098022	0.7072399854660034
4940	0.027731232345104218	0.10179680585861206	0.7087236642837524
4941	0.027682961896061897	0.10158593207597733	0.7079808115959167
4942	0.02766375057399273	0.1016184613108635	0.7065821290016174
4943	0.028535475954413414	0.10188125818967819	0.7051488161087036
4944	0.028529955074191093	0.10245022177696228	0.7032809257507324
4945	0.02863389067351818	0.10281675308942795	0.7030190229415894
4946	0.027929145842790604	0.10292907804250717	0.7031902074813843
4947	0.027828942984342575	0.10277260094881058	0.7026751637458801
4948	0.027128595858812332	0.10238571465015411	0.7032330632209778
4949	0.02740761823952198	0.10194896906614304	0.7041581869125366
4950	0.027621621266007423	0.10170694440603256	0.7048863172531128
4951	0.027539504691958427	0.10174624621868134	0.7054958343505859
4952	0.02841523103415966	0.10200344026088715	0.7049006223678589
4953	0.028446637094020844	0.1024911180138588	0.7031782269477844
4954	0.027751483023166656	0.10291758179664612	0.7024192810058594
4955	0.029373805969953537	0.103034108877182	0.7016372084617615
4956	0.02795882150530815	0.10331842303276062	0.7005205750465393
4957	0.028614072129130363	0.1035144254565239	0.7005079388618469
4958	0.027772847563028336	0.10354164242744446	0.7008484601974487
4959	0.028271442279219627	0.1035810187458992	0.7015294432640076
4960	0.028279099613428116	0.10366028547286987	0.7013623118400574
4961	0.027951570227742195	0.10355101525783539	0.7011000514030457
4962	0.029563164338469505	0.1033095121383667	0.7011226415634155
4963	0.028090449050068855	0.10320057719945908	0.6998565196990967
4964	0.028264164924621582	0.10320299863815308	0.6992747187614441
4965	0.027744615450501442	0.10307575762271881	0.6996987462043762
4966	0.028494467958807945	0.10302433371543884	0.6999394297599792
4967	0.027525465935468674	0.10326050221920013	0.6984444260597229
4968	0.028524091467261314	0.1034555435180664	0.6973890066146851
4969	0.02919270470738411	0.1035459041595459	0.6970801949501038
4970	0.028551818802952766	0.10348999500274658	0.6967400312423706
4971	0.028350310400128365	0.10347627848386765	0.6963772773742676
4972	0.027583837509155273	0.10343598574399948	0.695801854133606
4973	0.028567101806402206	0.1035996749997139	0.6946878433227539
4974	0.027926122769713402	0.10352849960327148	0.6958580613136292
4975	0.02842993661761284	0.10335811227560043	0.6978350281715393
4976	0.028533421456813812	0.10312017053365707	0.6991087198257446
4977	0.026973538100719452	0.10268028825521469	0.7011849880218506
4978	0.026897007599473	0.10267024487257004	0.7013967037200928
4979	0.027394263073801994	0.10284719616174698	0.7002192735671997
4980	0.028941728174686432	0.10286054015159607	0.7003025412559509
4981	0.027673007920384407	0.1030532717704773	0.6989324688911438
4982	0.027084268629550934	0.10331493616104126	0.6984280347824097
4983	0.02810555137693882	0.10343705117702484	0.6994839906692505
4984	0.027393033728003502	0.10356121510267258	0.6996992826461792
4985	0.02911289967596531	0.10377805680036545	0.6992587447166443
4986	0.028255458921194077	0.1038903295993805	0.6995242238044739
4987	0.02776513248682022	0.10342393815517426	0.7007494568824768
4988	0.026951078325510025	0.10323286056518555	0.7012061476707458
4989	0.02809898369014263	0.10315665602684021	0.700234055519104
4990	0.02887161821126938	0.10320799052715302	0.6997224688529968
4991	0.028124578297138214	0.10345343500375748	0.69935542345047
4992	0.02836798131465912	0.10356660187244415	0.7004787921905518
4993	0.02698172815144062	0.10366035252809525	0.7026512622833252
4994	0.02859342284500599	0.10379298776388168	0.703268826007843
4995	0.029170414432883263	0.1038447692990303	0.7021224498748779
4996	0.027587546035647392	0.10383018851280212	0.7002871632575989
4997	0.029689237475395203	0.10393834859132767	0.6976981163024902
4998	0.027853960171341896	0.10381469130516052	0.6954405307769775
4999	0.027882296591997147	0.10362493991851807	0.6948623061180115
