epoch	train_loss	test_loss	test_metric
0	0.1528996229171753	0.13080516457557678	0.33805060386657715
1	0.15424327552318573	0.13271699845790863	0.33332833647727966
2	0.1490941047668457	0.13445717096328735	0.33936959505081177
3	0.14729738235473633	0.13609600067138672	0.33569926023483276
4	0.14716403186321259	0.1371377855539322	0.3365965485572815
5	0.1462467759847641	0.13797084987163544	0.332497775554657
6	0.14760977029800415	0.13816970586776733	0.3433009386062622
7	0.1463421881198883	0.13843470811843872	0.34435251355171204
8	0.144486203789711	0.13870225846767426	0.3402004539966583
9	0.14502374827861786	0.13874809443950653	0.34205812215805054
10	0.14614032208919525	0.1387684941291809	0.34113451838493347
11	0.14338812232017517	0.13871000707149506	0.3406965434551239
12	0.14401867985725403	0.1381240040063858	0.340192049741745
13	0.14414525032043457	0.13777965307235718	0.3430236279964447
14	0.1452549546957016	0.13755938410758972	0.34214019775390625
15	0.14432890713214874	0.13722403347492218	0.34177589416503906
16	0.1446438878774643	0.13692492246627808	0.3424336314201355
17	0.1436578333377838	0.13659866154193878	0.3415529131889343
18	0.1435128003358841	0.1361882984638214	0.3424108624458313
19	0.14250510931015015	0.1352500468492508	0.3455992341041565
20	0.14134997129440308	0.13490307331085205	0.3448867201805115
21	0.14356720447540283	0.1342928558588028	0.3478410243988037
22	0.1433069258928299	0.13385707139968872	0.3485919237136841
23	0.14343425631523132	0.13324303925037384	0.3504367470741272
24	0.14213304221630096	0.13281553983688354	0.3512878119945526
25	0.13943763077259064	0.13218273222446442	0.35962891578674316
26	0.1414193958044052	0.1319468766450882	0.35999593138694763
27	0.1403326690196991	0.13164660334587097	0.36250898241996765
28	0.13992586731910706	0.13142383098602295	0.36449480056762695
29	0.14208638668060303	0.1312146633863449	0.36681997776031494
30	0.13893800973892212	0.1306939572095871	0.371625155210495
31	0.14012649655342102	0.1303323656320572	0.3732365667819977
32	0.13977327942848206	0.1299455612897873	0.37691816687583923
33	0.13917630910873413	0.1301889270544052	0.37840718030929565
34	0.13841935992240906	0.12988944351673126	0.3817230761051178
35	0.13948358595371246	0.12950560450553894	0.38455700874328613
36	0.13739481568336487	0.12869049608707428	0.39073172211647034
37	0.13813750445842743	0.12843067944049835	0.39169448614120483
38	0.136860191822052	0.12823157012462616	0.39274272322654724
39	0.13858602941036224	0.12854772806167603	0.3914702236652374
40	0.1372932642698288	0.12884023785591125	0.3839186429977417
41	0.13745196163654327	0.1287892758846283	0.3838751018047333
42	0.13612398505210876	0.12934811413288116	0.3922468423843384
43	0.13614004850387573	0.1289357841014862	0.3967907130718231
44	0.135623499751091	0.12893205881118774	0.3956257700920105
45	0.1358642578125	0.1289776712656021	0.39517396688461304
46	0.13521161675453186	0.12897871434688568	0.39603203535079956
47	0.13438749313354492	0.12885110080242157	0.4003716707229614
48	0.13558131456375122	0.12860719859600067	0.40136706829071045
49	0.13480257987976074	0.12832683324813843	0.4000917375087738
50	0.13399626314640045	0.1278742104768753	0.3995181918144226
51	0.13444383442401886	0.1276581585407257	0.3974737226963043
52	0.1350722759962082	0.1273794323205948	0.39660754799842834
53	0.13505274057388306	0.12703217566013336	0.39518070220947266
54	0.13483457267284393	0.12656225264072418	0.39403656125068665
55	0.133247971534729	0.12618599832057953	0.3909623622894287
56	0.13460363447666168	0.12620460987091064	0.38759803771972656
57	0.13447099924087524	0.1259317398071289	0.38674113154411316
58	0.13217449188232422	0.12583638727664948	0.38616040349006653
59	0.13546805083751678	0.1260766088962555	0.3872930407524109
60	0.1339794099330902	0.12630409002304077	0.3836689889431
61	0.13389071822166443	0.12638932466506958	0.3854738771915436
62	0.13316138088703156	0.12646430730819702	0.38558804988861084
63	0.13223548233509064	0.12671811878681183	0.3841662108898163
64	0.13340535759925842	0.12701097130775452	0.383419394493103
65	0.13090264797210693	0.12703560292720795	0.38566291332244873
66	0.1307295858860016	0.12692570686340332	0.3853824734687805
67	0.13342933356761932	0.12676800787448883	0.38465192914009094
68	0.1314919888973236	0.1262037456035614	0.3865853548049927
69	0.1319071501493454	0.1253107637166977	0.39199960231781006
70	0.13201522827148438	0.12509381771087646	0.3927679657936096
71	0.13117943704128265	0.12491147220134735	0.39826270937919617
72	0.1306280940771103	0.12501974403858185	0.3931819498538971
73	0.12903985381126404	0.12489895522594452	0.39263442158699036
74	0.13074184954166412	0.12443046271800995	0.3953137993812561
75	0.1325935274362564	0.12445986270904541	0.3952958583831787
76	0.13038510084152222	0.124058797955513	0.4013691842556
77	0.13059748709201813	0.12429014593362808	0.4011572599411011
78	0.13082469999790192	0.12449878454208374	0.40258681774139404
79	0.12958824634552002	0.12466125935316086	0.3995850086212158
80	0.12874433398246765	0.12493529170751572	0.3994394540786743
81	0.1286579668521881	0.12520739436149597	0.3977205157279968
82	0.12870389223098755	0.12499309331178665	0.3985505998134613
83	0.13076680898666382	0.12498877942562103	0.39759641885757446
84	0.13108354806900024	0.12463429570198059	0.3961896598339081
85	0.1319037228822708	0.12433719635009766	0.3963190019130707
86	0.13107484579086304	0.12496355921030045	0.4006228744983673
87	0.13027071952819824	0.12476607412099838	0.40298372507095337
88	0.12973371148109436	0.1252213418483734	0.4016450345516205
89	0.12722688913345337	0.12479445338249207	0.40297991037368774
90	0.1300053745508194	0.1244593933224678	0.4024044871330261
91	0.12781164050102234	0.12433876097202301	0.4024280607700348
92	0.12885333597660065	0.12378139048814774	0.4056422710418701
93	0.12714684009552002	0.12394852936267853	0.4052453637123108
94	0.12933535873889923	0.1255253404378891	0.4211329221725464
95	0.12842588126659393	0.1261511743068695	0.4171110987663269
96	0.12896141409873962	0.12624591588974	0.413189172744751
97	0.1281922161579132	0.12545588612556458	0.3903352916240692
98	0.12835125625133514	0.12461451441049576	0.3929004669189453
99	0.1281280666589737	0.12534211575984955	0.37541481852531433
100	0.12536780536174774	0.12519283592700958	0.39831283688545227
101	0.12893179059028625	0.12527787685394287	0.401490718126297
102	0.12901315093040466	0.12534315884113312	0.40285566449165344
103	0.127602681517601	0.125457763671875	0.4020034372806549
104	0.12692634761333466	0.1251136064529419	0.4058256447315216
105	0.12781020998954773	0.1251126378774643	0.4055499732494354
106	0.125838041305542	0.12480083853006363	0.408170223236084
107	0.12686999142169952	0.12466346472501755	0.40536385774612427
108	0.12516583502292633	0.12429828941822052	0.4062940776348114
109	0.1253580003976822	0.12385070323944092	0.4074392020702362
110	0.12577524781227112	0.12380729615688324	0.40657520294189453
111	0.12621307373046875	0.1238676905632019	0.39707714319229126
112	0.12526892125606537	0.12474946677684784	0.38006889820098877
113	0.12594608962535858	0.12462961673736572	0.38031503558158875
114	0.12675078213214874	0.12467796355485916	0.38423821330070496
115	0.1256585270166397	0.12508298456668854	0.3807492256164551
116	0.12760896980762482	0.12484957277774811	0.3839645981788635
117	0.12532925605773926	0.12381800264120102	0.4079186022281647
118	0.12367364764213562	0.1238773986697197	0.4066644012928009
119	0.12465140223503113	0.12366724759340286	0.40849047899246216
120	0.12293058633804321	0.12334799021482468	0.4089037775993347
121	0.12568102777004242	0.1238291785120964	0.40417876839637756
122	0.12354914844036102	0.12544819712638855	0.37738871574401855
123	0.12319766730070114	0.12559011578559875	0.3772047758102417
124	0.12373372912406921	0.12561266124248505	0.37850087881088257
125	0.12210742384195328	0.12684670090675354	0.36937421560287476
126	0.12265356630086899	0.12702792882919312	0.36742645502090454
127	0.12349706888198853	0.1272449791431427	0.36579492688179016
128	0.12383575737476349	0.12820997834205627	0.3626769483089447
129	0.12352769821882248	0.12793493270874023	0.3660469949245453
130	0.12521442770957947	0.1277250051498413	0.3665563762187958
131	0.12334880232810974	0.12768356502056122	0.3658699095249176
132	0.1240965947508812	0.1273960918188095	0.368377685546875
133	0.1233973577618599	0.12656815350055695	0.373852014541626
134	0.1240619495511055	0.12469036877155304	0.40276363492012024
135	0.12341175228357315	0.12475629150867462	0.40816429257392883
136	0.1256779581308365	0.12420696020126343	0.4089384078979492
137	0.12377484887838364	0.12451402842998505	0.4043315052986145
138	0.12438785284757614	0.12489025294780731	0.39796510338783264
139	0.12336266785860062	0.12495005875825882	0.3961038291454315
140	0.12256525456905365	0.12650014460086823	0.37041592597961426
141	0.12310080975294113	0.12706492841243744	0.3689976632595062
142	0.12309706211090088	0.12645764648914337	0.3745277225971222
143	0.12251579016447067	0.1263648122549057	0.37490302324295044
144	0.12247305363416672	0.1263686716556549	0.37368643283843994
145	0.1215384230017662	0.12619972229003906	0.3739798665046692
146	0.12131274491548538	0.12622642517089844	0.3728390634059906
147	0.12161314487457275	0.1263124644756317	0.3700978755950928
148	0.123070128262043	0.12587673962116241	0.3721262514591217
149	0.1215413510799408	0.12514017522335052	0.37786003947257996
150	0.12331759184598923	0.12642571330070496	0.373069703578949
151	0.12072867900133133	0.12529011070728302	0.38233697414398193
152	0.11989162117242813	0.12471552938222885	0.38220077753067017
153	0.12037743628025055	0.12338725477457047	0.39204031229019165
154	0.12048830837011337	0.12313289195299149	0.39572083950042725
155	0.12090717256069183	0.12316440790891647	0.39549800753593445
156	0.12172894924879074	0.12373410165309906	0.3929797410964966
157	0.12018662691116333	0.12379840761423111	0.39369121193885803
158	0.12094222009181976	0.12328863888978958	0.4030054807662964
159	0.1211450845003128	0.1223418191075325	0.41364288330078125
160	0.1200091540813446	0.12256143242120743	0.4139268398284912
161	0.11840479075908661	0.1224505603313446	0.4173314571380615
162	0.11937983334064484	0.12265489995479584	0.4180286228656769
163	0.11964575201272964	0.12267659604549408	0.4179786443710327
164	0.11865418404340744	0.12311788648366928	0.4150450527667999
165	0.11836337298154831	0.12308334559202194	0.4154740869998932
166	0.1181642934679985	0.12312213331460953	0.415127694606781
167	0.1188633143901825	0.12414386123418808	0.40352103114128113
168	0.11821207404136658	0.12401404231786728	0.4046529531478882
169	0.11920935660600662	0.12452301383018494	0.39888232946395874
170	0.11839020252227783	0.12465707212686539	0.39616307616233826
171	0.118050716817379	0.12483326345682144	0.394609272480011
172	0.11800658702850342	0.1248992308974266	0.39415213465690613
173	0.1168305054306984	0.12485185265541077	0.3964356482028961
174	0.11885011196136475	0.12472561001777649	0.3971138894557953
175	0.118606798350811	0.12470505386590958	0.3981398046016693
176	0.1177699863910675	0.12408894300460815	0.4010912775993347
177	0.11717373877763748	0.1238030195236206	0.4025115668773651
178	0.1164553165435791	0.12360793352127075	0.4016660749912262
179	0.11661653965711594	0.12296627461910248	0.409977525472641
180	0.11732027679681778	0.12274614721536636	0.4097598195075989
181	0.11648586392402649	0.12306053191423416	0.4121631681919098
182	0.11795661598443985	0.12306566536426544	0.41265740990638733
183	0.11660183221101761	0.12218278646469116	0.4163745641708374
184	0.11785729974508286	0.12202562391757965	0.420050710439682
185	0.11734997481107712	0.12088679522275925	0.43476104736328125
186	0.11630765348672867	0.12103252112865448	0.4346666634082794
187	0.11820260435342789	0.12166305631399155	0.43252357840538025
188	0.11702511459589005	0.12162040174007416	0.43167373538017273
189	0.11698557436466217	0.12171224504709244	0.4288693070411682
190	0.11726333200931549	0.12179198861122131	0.4282056391239166
191	0.11768227070569992	0.12184000015258789	0.4275241494178772
192	0.11708631366491318	0.12187965214252472	0.4251624345779419
193	0.11727026849985123	0.1219935491681099	0.42313429713249207
194	0.11588981002569199	0.12205140292644501	0.42084401845932007
195	0.11503449827432632	0.1219303160905838	0.41987475752830505
196	0.1151026040315628	0.12204872071743011	0.41821324825286865
197	0.1171516552567482	0.12234790623188019	0.4172363877296448
198	0.11487702280282974	0.1228036880493164	0.41378486156463623
199	0.11503849923610687	0.12323703616857529	0.41237232089042664
200	0.11616034060716629	0.1235511377453804	0.4109848439693451
201	0.11535303294658661	0.12346798926591873	0.41117849946022034
202	0.11511488258838654	0.1244632750749588	0.3993892967700958
203	0.11489022523164749	0.1243935376405716	0.40058350563049316
204	0.1119004413485527	0.12468806654214859	0.39978837966918945
205	0.11489259451627731	0.12485673278570175	0.3999188244342804
206	0.11435265094041824	0.12531135976314545	0.39729470014572144
207	0.11521612107753754	0.1255078911781311	0.39781370759010315
208	0.11476323008537292	0.1251804381608963	0.3944447338581085
209	0.11524252593517303	0.12434244900941849	0.40069204568862915
210	0.11572583764791489	0.12396541982889175	0.40498873591423035
211	0.11514908820390701	0.12340430915355682	0.4070069193840027
212	0.11473150551319122	0.1236400231719017	0.4034332036972046
213	0.1136467382311821	0.12282141298055649	0.4106733798980713
214	0.11545063555240631	0.12211523205041885	0.4100814163684845
215	0.11774018406867981	0.12201356887817383	0.41263166069984436
216	0.11470569670200348	0.12286356836557388	0.4069039821624756
217	0.1163044273853302	0.12205508351325989	0.4173162877559662
218	0.11497524380683899	0.12150255590677261	0.42761608958244324
219	0.1136363297700882	0.1208869144320488	0.4288800358772278
220	0.11371311545372009	0.12125425040721893	0.4293806552886963
221	0.11261250078678131	0.12187488377094269	0.42499375343322754
222	0.1130276471376419	0.12189329415559769	0.4249982237815857
223	0.11363135278224945	0.12190212309360504	0.42253366112709045
224	0.11301402747631073	0.12147717922925949	0.42396265268325806
225	0.11384380608797073	0.12143474817276001	0.4228183329105377
226	0.11230409145355225	0.12155663967132568	0.41969454288482666
227	0.11151552945375443	0.12163731455802917	0.41905033588409424
228	0.11239874362945557	0.12175633758306503	0.4189990758895874
229	0.1139335036277771	0.12184463441371918	0.41930755972862244
230	0.11215924471616745	0.12201055884361267	0.4225003123283386
231	0.11196929216384888	0.12186350673437119	0.42859166860580444
232	0.11288793385028839	0.12204520404338837	0.42816513776779175
233	0.11282316595315933	0.12218377739191055	0.4286009967327118
234	0.11173710227012634	0.12235387414693832	0.4263542890548706
235	0.11211947351694107	0.12253520637750626	0.42371752858161926
236	0.11176681518554688	0.12257806956768036	0.4221259355545044
237	0.11153601109981537	0.12251792848110199	0.42213889956474304
238	0.11021775752305984	0.12248293310403824	0.4214819371700287
239	0.11059928685426712	0.1222374364733696	0.4237165153026581
240	0.11154931038618088	0.12214470654726028	0.4247282147407532
241	0.11025281995534897	0.12205294519662857	0.4271182119846344
242	0.11071145534515381	0.12215644866228104	0.429554283618927
243	0.10980450361967087	0.12213335931301117	0.4319882094860077
244	0.11082163453102112	0.12183714658021927	0.43397581577301025
245	0.11142043769359589	0.12207334488630295	0.4309394657611847
246	0.11029626429080963	0.12189745903015137	0.43045932054519653
247	0.11027586460113525	0.12148681282997131	0.4315856993198395
248	0.10985729098320007	0.12144763022661209	0.4322095215320587
249	0.11004487425088882	0.1216156929731369	0.43011772632598877
250	0.10933879762887955	0.12168047577142715	0.42897623777389526
251	0.11047393083572388	0.12168212980031967	0.42784085869789124
252	0.10782650858163834	0.12140890210866928	0.4299474060535431
253	0.10973821580410004	0.12146367877721786	0.4295666217803955
254	0.11006533354520798	0.1213766485452652	0.4297115206718445
255	0.10848461836576462	0.12155893445014954	0.42857521772384644
256	0.10787899047136307	0.12144646793603897	0.42974674701690674
257	0.11065855622291565	0.1213437169790268	0.43132466077804565
258	0.10833955556154251	0.12124992161989212	0.432895690202713
259	0.10954266041517258	0.12121114879846573	0.43432122468948364
260	0.10750680416822433	0.12120888382196426	0.43546363711357117
261	0.10759484022855759	0.1211586743593216	0.4364589750766754
262	0.10882201790809631	0.12110509723424911	0.4381365180015564
263	0.10793987661600113	0.12097889930009842	0.4393256902694702
264	0.10864078253507614	0.12083493173122406	0.4406076669692993
265	0.10913102328777313	0.12075094878673553	0.44173479080200195
266	0.10620376467704773	0.12073833495378494	0.44195422530174255
267	0.10828052461147308	0.12058325856924057	0.44415345788002014
268	0.10786359757184982	0.12070247530937195	0.44477492570877075
269	0.10679297149181366	0.119588702917099	0.4563940167427063
270	0.1094135269522667	0.12077473849058151	0.4478730857372284
271	0.10619059205055237	0.1208280548453331	0.4486849308013916
272	0.10849568247795105	0.12081363052129745	0.4487174153327942
273	0.10817836225032806	0.12074841558933258	0.44822385907173157
274	0.10672430694103241	0.12062346935272217	0.4477921724319458
275	0.1048683300614357	0.12060508877038956	0.4465762972831726
276	0.1076015904545784	0.12064596265554428	0.4453214406967163
277	0.10474204272031784	0.12076298147439957	0.4438718855381012
278	0.10480090975761414	0.12093457579612732	0.44270527362823486
279	0.10547114908695221	0.12105287611484528	0.4416475296020508
280	0.10697773098945618	0.12119118124246597	0.4406856298446655
281	0.10579538345336914	0.12123847007751465	0.43890708684921265
282	0.10553969442844391	0.1212909072637558	0.43797165155410767
283	0.10616704821586609	0.12127179652452469	0.43833547830581665
284	0.10446721315383911	0.12121248245239258	0.43938106298446655
285	0.1045670285820961	0.1210763081908226	0.44209977984428406
286	0.10717947781085968	0.1209285780787468	0.44538500905036926
287	0.10614907741546631	0.12081111967563629	0.44808751344680786
288	0.10571573674678802	0.12076539546251297	0.44953855872154236
289	0.10710768401622772	0.12079783529043198	0.44966503977775574
290	0.1056806817650795	0.12087997794151306	0.4488416314125061
291	0.10460647940635681	0.12091853469610214	0.4484492838382721
292	0.10561762750148773	0.1208900436758995	0.4486219882965088
293	0.10448604822158813	0.12084701657295227	0.4488047659397125
294	0.1037645936012268	0.12091401219367981	0.44717633724212646
295	0.10580499470233917	0.12095237523317337	0.44595104455947876
296	0.10399296134710312	0.12109754234552383	0.44378262758255005
297	0.10620290040969849	0.12010791152715683	0.4515725076198578
298	0.10428694635629654	0.12024317681789398	0.45022860169410706
299	0.1048307865858078	0.12023244053125381	0.45001456141471863
300	0.1047828271985054	0.12034257501363754	0.4492643475532532
301	0.10333165526390076	0.12036503851413727	0.4495321810245514
302	0.10555791854858398	0.12066460400819778	0.4489104747772217
303	0.10291734337806702	0.12006893754005432	0.4531146287918091
304	0.10260447859764099	0.11987216770648956	0.45602986216545105
305	0.10330164432525635	0.11963286995887756	0.4588513672351837
306	0.10287833958864212	0.1195177510380745	0.46024826169013977
307	0.10387271642684937	0.1194276437163353	0.4613531231880188
308	0.1033329889178276	0.1196054145693779	0.45985591411590576
309	0.10424328595399857	0.12043580412864685	0.4519054591655731
310	0.10412096232175827	0.12049862742424011	0.45044949650764465
311	0.10363619774580002	0.12054064869880676	0.44974368810653687
312	0.10390537232160568	0.12060270458459854	0.4490910470485687
313	0.10368256270885468	0.12065248936414719	0.4481665790081024
314	0.10180866718292236	0.12069711089134216	0.4473923444747925
315	0.10274794697761536	0.12083511799573898	0.44687896966934204
316	0.10294952988624573	0.12065432220697403	0.4473510682582855
317	0.10323995351791382	0.11956499516963959	0.45639997720718384
318	0.10161333531141281	0.11954618990421295	0.45735955238342285
319	0.10284066200256348	0.11994494497776031	0.45736241340637207
320	0.10341330617666245	0.11978118866682053	0.45896536111831665
321	0.1028958335518837	0.11977005004882812	0.4589991867542267
322	0.10155338048934937	0.11996420472860336	0.4570033848285675
323	0.1032453253865242	0.12009654939174652	0.45564478635787964
324	0.10300694406032562	0.11971398442983627	0.4586654007434845
325	0.10335435718297958	0.11967051029205322	0.4592890441417694
326	0.10277801752090454	0.11963235586881638	0.45964905619621277
327	0.10198874026536942	0.11957963556051254	0.46006619930267334
328	0.10244329273700714	0.11953336745500565	0.460419237613678
329	0.10168454796075821	0.11950007826089859	0.4606097638607025
330	0.10214122384786606	0.11950206011533737	0.4602276682853699
331	0.10091061145067215	0.11957303434610367	0.459479421377182
332	0.10226396471261978	0.11953123658895493	0.4600687026977539
333	0.10076354444026947	0.11946959048509598	0.4609088599681854
334	0.10145250707864761	0.119523786008358	0.4612305760383606
335	0.10208292305469513	0.11957743763923645	0.4607122540473938
336	0.10188406705856323	0.11966120451688766	0.46111196279525757
337	0.09969361126422882	0.11966957151889801	0.46157798171043396
338	0.10174627602100372	0.11967628449201584	0.4613702893257141
339	0.10213150084018707	0.11962132900953293	0.4611368179321289
340	0.10107040405273438	0.1195821687579155	0.46065330505371094
341	0.10013868659734726	0.11952286213636398	0.46080493927001953
342	0.1001623347401619	0.11953871697187424	0.4609503149986267
343	0.10184012353420258	0.11961648613214493	0.4612315595149994
344	0.10033418983221054	0.1197935938835144	0.4593795835971832
345	0.0999588742852211	0.11995434761047363	0.4566488564014435
346	0.10017231106758118	0.1200258657336235	0.45449307560920715
347	0.10027886927127838	0.12003401666879654	0.4526829719543457
348	0.10039842873811722	0.12002331763505936	0.45188871026039124
349	0.09930950403213501	0.11999264359474182	0.452701598405838
350	0.10033324360847473	0.1200207844376564	0.4539663791656494
351	0.09959407150745392	0.12001974135637283	0.45488354563713074
352	0.10121829807758331	0.12000983953475952	0.4564838111400604
353	0.10015580803155899	0.1198308989405632	0.4580143988132477
354	0.10034967958927155	0.11957038938999176	0.4597347378730774
355	0.09913266450166702	0.11933039128780365	0.46081042289733887
356	0.09965462237596512	0.11918742954730988	0.46165797114372253
357	0.0996660515666008	0.1191592887043953	0.46242979168891907
358	0.09819970279932022	0.11915898323059082	0.4638124704360962
359	0.09939301013946533	0.11921744048595428	0.4637281894683838
360	0.0984431728720665	0.11931070685386658	0.46259811520576477
361	0.0987832322716713	0.11933189630508423	0.46147698163986206
362	0.09918063133955002	0.11928993463516235	0.46142640709877014
363	0.09910966455936432	0.11921454966068268	0.46146172285079956
364	0.09857786446809769	0.11913452297449112	0.4614761471748352
365	0.10000180453062057	0.11916529387235641	0.46149012446403503
366	0.09973642230033875	0.11926702409982681	0.46116673946380615
367	0.09798359870910645	0.11930809170007706	0.46054807305336
368	0.09886593371629715	0.11936789005994797	0.4594692587852478
369	0.09853072464466095	0.11931250989437103	0.4588402211666107
370	0.09934686124324799	0.11936233937740326	0.45760825276374817
371	0.09762826561927795	0.11950371414422989	0.4575642943382263
372	0.09860093146562576	0.119600810110569	0.4589732885360718
373	0.09762530773878098	0.11966262757778168	0.46029946208000183
374	0.09817738831043243	0.11960731446743011	0.46131324768066406
375	0.09773619472980499	0.11959131807088852	0.46216848492622375
376	0.09800475835800171	0.1193302646279335	0.46410083770751953
377	0.09786026179790497	0.11910165101289749	0.4661262035369873
378	0.09842744469642639	0.11896324902772903	0.4673928916454315
379	0.0980386957526207	0.11895481497049332	0.4682473838329315
380	0.09720875322818756	0.11873603612184525	0.47024232149124146
381	0.09734920412302017	0.11846474558115005	0.4728463888168335
382	0.09683160483837128	0.11823602020740509	0.4752829074859619
383	0.09684325754642487	0.11811718344688416	0.4766233563423157
384	0.0954749658703804	0.11810649186372757	0.4780496656894684
385	0.09774786978960037	0.11813611537218094	0.4794158637523651
386	0.09736406058073044	0.11834603548049927	0.479628324508667
387	0.09858217090368271	0.118360735476017	0.48043709993362427
388	0.09794443845748901	0.1180744469165802	0.48062366247177124
389	0.09700431674718857	0.1179504245519638	0.4785304367542267
390	0.09845390170812607	0.11802641302347183	0.47621259093284607
391	0.09823112934827805	0.11817807704210281	0.47417694330215454
392	0.09625642001628876	0.11836445331573486	0.4729861617088318
393	0.09732525795698166	0.11865571141242981	0.4718938171863556
394	0.0972726047039032	0.11878316849470139	0.4714764356613159
395	0.09508610516786575	0.11875911802053452	0.4709812104701996
396	0.09623432159423828	0.11875008046627045	0.47114133834838867
397	0.09644113481044769	0.11872520297765732	0.4714239537715912
398	0.09610243886709213	0.11873534321784973	0.47072455286979675
399	0.09755649417638779	0.11881259828805923	0.4698750972747803
400	0.09615663439035416	0.11898654699325562	0.46937862038612366
401	0.0973462238907814	0.11915688961744308	0.4690771996974945
402	0.09495865553617477	0.11918926239013672	0.46877923607826233
403	0.09561193734407425	0.11914043873548508	0.4686118960380554
404	0.09574949741363525	0.11909575760364532	0.4681952893733978
405	0.09575576335191727	0.11913468688726425	0.4684714078903198
406	0.09506411105394363	0.11912743002176285	0.4686660170555115
407	0.09522233158349991	0.11910608410835266	0.46898019313812256
408	0.09572800993919373	0.11926572024822235	0.46841585636138916
409	0.09460609406232834	0.11927338689565659	0.46789610385894775
410	0.09558144956827164	0.11917322874069214	0.46719858050346375
411	0.09495622664690018	0.11908011138439178	0.4668724834918976
412	0.09510107338428497	0.11898929625749588	0.46739986538887024
413	0.09435882419347763	0.11892291158437729	0.4678002893924713
414	0.09556252509355545	0.11883559077978134	0.4690316915512085
415	0.09433270245790482	0.11865753680467606	0.4710308909416199
416	0.09369940310716629	0.11853682994842529	0.4727267026901245
417	0.09497015923261642	0.11848994344472885	0.4738011658191681
418	0.0951133593916893	0.11835923790931702	0.47623059153556824
419	0.09393735975027084	0.1182570531964302	0.4786302447319031
420	0.09581398963928223	0.11806534230709076	0.48100191354751587
421	0.0957927480340004	0.11777931451797485	0.4825364351272583
422	0.09469817578792572	0.11753972619771957	0.48390600085258484
423	0.09477585554122925	0.11747313290834427	0.48472145199775696
424	0.09376336634159088	0.11741466820240021	0.4859951436519623
425	0.09422662854194641	0.11754394322633743	0.4863029718399048
426	0.09517037123441696	0.11773386597633362	0.4851337671279907
427	0.09476408362388611	0.11780714988708496	0.48385530710220337
428	0.09319349378347397	0.1176719143986702	0.4830154478549957
429	0.09400399029254913	0.11746320873498917	0.48378682136535645
430	0.09446193277835846	0.11723889410495758	0.4856376051902771
431	0.09469454735517502	0.11715205013751984	0.4861752390861511
432	0.09338890761137009	0.11722372472286224	0.4851306080818176
433	0.09380442649126053	0.11753284931182861	0.4830144941806793
434	0.09272996336221695	0.11784447729587555	0.47982585430145264
435	0.09281513094902039	0.11814510822296143	0.4772885739803314
436	0.09351564198732376	0.11829815804958344	0.4757043719291687
437	0.0950443223118782	0.11838144063949585	0.47488757967948914
438	0.09304019063711166	0.11838135868310928	0.4753389358520508
439	0.09444178640842438	0.11836353689432144	0.47585874795913696
440	0.09287478774785995	0.11826567351818085	0.47715556621551514
441	0.09323841333389282	0.11817634850740433	0.47796371579170227
442	0.09241870790719986	0.11808169633150101	0.47769561409950256
443	0.09368671476840973	0.11811713874340057	0.4764252305030823
444	0.09292177110910416	0.11831442266702652	0.47392359375953674
445	0.09285702556371689	0.11847380548715591	0.47079381346702576
446	0.09351510554552078	0.11876042932271957	0.46700796484947205
447	0.09260866045951843	0.1190250888466835	0.4636470675468445
448	0.09292406588792801	0.11915992200374603	0.46253082156181335
449	0.09218967705965042	0.11916684359312057	0.46314287185668945
450	0.09222212433815002	0.11907479912042618	0.46544602513313293
451	0.0930861309170723	0.11884211748838425	0.4686654210090637
452	0.09284128248691559	0.11835648864507675	0.47408655285835266
453	0.09307488799095154	0.11781612783670425	0.4796481728553772
454	0.0918457880616188	0.11759497225284576	0.483548641204834
455	0.09154874831438065	0.11750560253858566	0.48600608110427856
456	0.09320688247680664	0.11767271906137466	0.48700594902038574
457	0.09060356765985489	0.11773969233036041	0.4876914918422699
458	0.09228493273258209	0.11786554008722305	0.4871065318584442
459	0.09345700591802597	0.1177922859787941	0.48650676012039185
460	0.09122835099697113	0.11775577813386917	0.48518022894859314
461	0.09213832765817642	0.1178089901804924	0.4836950898170471
462	0.09118056297302246	0.11804027110338211	0.48185300827026367
463	0.09212882816791534	0.11823881417512894	0.48060810565948486
464	0.09334764629602432	0.11828234791755676	0.4797157645225525
465	0.09193214029073715	0.11825856566429138	0.47908732295036316
466	0.09132318198680878	0.11819946020841599	0.4795149266719818
467	0.09175889194011688	0.11806149780750275	0.47999462485313416
468	0.0903632640838623	0.11800945550203323	0.4802911877632141
469	0.0910412073135376	0.11806126683950424	0.4797840118408203
470	0.09149182587862015	0.11811619997024536	0.4797431230545044
471	0.09058988839387894	0.11815789341926575	0.47936180233955383
472	0.09161459654569626	0.11827398091554642	0.4791427552700043
473	0.09158613532781601	0.11841054260730743	0.47983890771865845
474	0.09108662605285645	0.1184876337647438	0.48140329122543335
475	0.09143586456775665	0.11844006925821304	0.4826321005821228
476	0.09098619967699051	0.11821703612804413	0.48474323749542236
477	0.08865142613649368	0.1179717555642128	0.4859991669654846
478	0.09141331166028976	0.11770422011613846	0.4884021282196045
479	0.09022336453199387	0.11745254695415497	0.4899790585041046
480	0.09081970155239105	0.11729183793067932	0.4918655753135681
481	0.08873719722032547	0.11731225252151489	0.4926300644874573
482	0.09169957041740417	0.11760683357715607	0.4917663037776947
483	0.08888889104127884	0.11782252043485641	0.491193562746048
484	0.09018337726593018	0.11758187413215637	0.4917941689491272
485	0.09048832952976227	0.1170969232916832	0.4930145740509033
486	0.08858279138803482	0.11701652407646179	0.49294278025627136
487	0.09113297611474991	0.11702750623226166	0.49293023347854614
488	0.08805343508720398	0.11714961379766464	0.4935431480407715
489	0.09081584215164185	0.11758719384670258	0.49280139803886414
490	0.08975183963775635	0.11792931705713272	0.491105854511261
491	0.09048143029212952	0.1181580200791359	0.4893380105495453
492	0.08884909003973007	0.11821721494197845	0.4870069622993469
493	0.08968694508075714	0.11803873628377914	0.48485440015792847
494	0.08991751819849014	0.11797128617763519	0.4831892251968384
495	0.08881425112485886	0.11791802197694778	0.4829939901828766
496	0.08982965350151062	0.11785531789064407	0.48348507285118103
497	0.0894145667552948	0.11782746762037277	0.48393741250038147
498	0.08934538811445236	0.11790607124567032	0.48356756567955017
499	0.08860963582992554	0.1180998757481575	0.4825465679168701
500	0.0898313820362091	0.11826753616333008	0.4822160601615906
501	0.08987707644701004	0.11846671998500824	0.48192521929740906
502	0.08916966617107391	0.11878596991300583	0.4802089333534241
503	0.08924879878759384	0.11899613589048386	0.4785899817943573
504	0.08805175125598907	0.11907358467578888	0.4773394465446472
505	0.08857642114162445	0.11903032660484314	0.4769825339317322
506	0.08835042268037796	0.11895699054002762	0.4774515926837921
507	0.08914119750261307	0.11887802183628082	0.47817620635032654
508	0.08832577615976334	0.11877772957086563	0.48016998171806335
509	0.08975988626480103	0.11872538179159164	0.482460618019104
510	0.08730171620845795	0.11857683956623077	0.4843097925186157
511	0.08839953690767288	0.11846153438091278	0.48512890934944153
512	0.08775082230567932	0.11838424950838089	0.48599281907081604
513	0.08784133195877075	0.11826246231794357	0.4858502149581909
514	0.08917578309774399	0.11835156381130219	0.4836800992488861
515	0.0889056921005249	0.11853442341089249	0.48146510124206543
516	0.08858036249876022	0.11861295253038406	0.4807151257991791
517	0.0879218801856041	0.1187630146741867	0.4797399342060089
518	0.08874106407165527	0.11888542026281357	0.47805312275886536
519	0.08824894577264786	0.11966133862733841	0.4702523946762085
520	0.08793019503355026	0.1197509914636612	0.4713088274002075
521	0.08942463248968124	0.11959580332040787	0.4739362597465515
522	0.08907689154148102	0.11895381659269333	0.4784984290599823
523	0.0879426971077919	0.11809882521629333	0.48796629905700684
524	0.08956114947795868	0.11758270114660263	0.49334999918937683
525	0.08826632797718048	0.11718891561031342	0.49877169728279114
526	0.08812414854764938	0.11704134941101074	0.5020856261253357
527	0.08926179260015488	0.11708703637123108	0.5037062168121338
528	0.08775854855775833	0.11655957996845245	0.5063112378120422
529	0.08859989047050476	0.11667352169752121	0.5043252110481262
530	0.08854293823242188	0.1166086196899414	0.5031343698501587
531	0.0886564776301384	0.11673183739185333	0.5012568831443787
532	0.08900729566812515	0.11693589389324188	0.49968013167381287
533	0.08700068295001984	0.11721064895391464	0.49724775552749634
534	0.0873936340212822	0.11767173558473587	0.4935019612312317
535	0.0888848751783371	0.11795822530984879	0.49175605177879333
536	0.08911507576704025	0.11797429621219635	0.4906378388404846
537	0.08870169520378113	0.11791855096817017	0.4904082715511322
538	0.08671131730079651	0.11799974739551544	0.4892689883708954
539	0.08677389472723007	0.1180247887969017	0.4881117343902588
540	0.08770939707756042	0.11803920567035675	0.4880478084087372
541	0.08741870522499084	0.11811365932226181	0.4878677427768707
542	0.08757597208023071	0.11804351955652237	0.4890035390853882
543	0.08571639657020569	0.1180630549788475	0.48994895815849304
544	0.08765578269958496	0.1181599423289299	0.4898562729358673
545	0.08815827965736389	0.11821208894252777	0.48865702748298645
546	0.08670250326395035	0.11821787804365158	0.48768875002861023
547	0.08607936650514603	0.11841953545808792	0.48592549562454224
548	0.08775172382593155	0.11862360686063766	0.48461902141571045
549	0.08706697076559067	0.11874387413263321	0.48381051421165466
550	0.08691655099391937	0.11867912113666534	0.48346835374832153
551	0.08626621961593628	0.11878170073032379	0.48267340660095215
552	0.08704952150583267	0.1188637763261795	0.48223239183425903
553	0.08586335927248001	0.11894072592258453	0.4827492833137512
554	0.08721069246530533	0.11867343634366989	0.4855666756629944
555	0.08715996891260147	0.11816198378801346	0.4895773231983185
556	0.08538059890270233	0.11762098968029022	0.4929828643798828
557	0.08836788684129715	0.11741138249635696	0.4939422011375427
558	0.0869031548500061	0.11745277792215347	0.4946824014186859
559	0.08608198910951614	0.11738085746765137	0.49565544724464417
560	0.0871145948767662	0.11735240370035172	0.49660438299179077
561	0.0854811742901802	0.11737655848264694	0.49749699234962463
562	0.08599244803190231	0.11737946420907974	0.49700745940208435
563	0.08562490344047546	0.11754263192415237	0.49570000171661377
564	0.0863204300403595	0.11783305555582047	0.49331337213516235
565	0.0873706266283989	0.11821579188108444	0.4902307689189911
566	0.08548580855131149	0.11835839599370956	0.4889942705631256
567	0.08702810853719711	0.11838565021753311	0.48876744508743286
568	0.08575509488582611	0.11835519969463348	0.4890505075454712
569	0.08508435636758804	0.11818112432956696	0.4906724989414215
570	0.08427987992763519	0.11791783571243286	0.4927765130996704
571	0.08535390347242355	0.11763748526573181	0.49515238404273987
572	0.08573881536722183	0.11763720214366913	0.4953343868255615
573	0.0867689922451973	0.11774564534425735	0.4945949912071228
574	0.08500856161117554	0.11788145452737808	0.4938208758831024
575	0.08558943122625351	0.11788207292556763	0.49357110261917114
576	0.08506804704666138	0.11783396452665329	0.4944576621055603
577	0.08530935645103455	0.11775583028793335	0.49565690755844116
578	0.08383362740278244	0.11758317053318024	0.49690186977386475
579	0.08338233083486557	0.11757754534482956	0.4969981014728546
580	0.08392117917537689	0.11748823523521423	0.4982111155986786
581	0.08427153527736664	0.11735914647579193	0.4999140799045563
582	0.08575808256864548	0.11729945987462997	0.50048828125
583	0.08464518189430237	0.11755383014678955	0.4985657334327698
584	0.0845550000667572	0.11810854077339172	0.4950070083141327
585	0.08469419926404953	0.1183367520570755	0.4932163655757904
586	0.08399919420480728	0.11830411106348038	0.49315696954727173
587	0.08416720479726791	0.11800739169120789	0.49462124705314636
588	0.08412452042102814	0.11782573908567429	0.4951545298099518
589	0.08513932675123215	0.11794570833444595	0.49386635422706604
590	0.08477713912725449	0.11814999580383301	0.49194225668907166
591	0.08464694768190384	0.11826944351196289	0.4914126992225647
592	0.08485795557498932	0.11815130710601807	0.49279695749282837
593	0.08557198196649551	0.11825138330459595	0.49433401226997375
594	0.0839262530207634	0.1183144748210907	0.4953601658344269
595	0.08468126505613327	0.11809863150119781	0.49661439657211304
596	0.08370403945446014	0.11784683912992477	0.4971204698085785
597	0.08359912782907486	0.11783013492822647	0.49727553129196167
598	0.08549851179122925	0.1172809898853302	0.5008833408355713
599	0.0833599716424942	0.11738629639148712	0.49970197677612305
600	0.08433829993009567	0.11757747083902359	0.4985537827014923
601	0.08311207592487335	0.11761771142482758	0.49837633967399597
602	0.08427279442548752	0.1176023781299591	0.4983464777469635
603	0.08535727858543396	0.11807581782341003	0.4946492314338684
604	0.08363532274961472	0.11816234886646271	0.49259206652641296
605	0.08365736156702042	0.11798154562711716	0.4954550862312317
606	0.08393126726150513	0.11771686375141144	0.4972894787788391
607	0.08357449620962143	0.1177671030163765	0.4981333911418915
608	0.08407898992300034	0.11829284578561783	0.4940088093280792
609	0.08227501809597015	0.11868790537118912	0.4907872974872589
610	0.08368625491857529	0.11909841746091843	0.48754677176475525
611	0.08376549184322357	0.11933407187461853	0.4856490194797516
612	0.08398914337158203	0.11944256722927094	0.4841249883174896
613	0.08328046649694443	0.11948482692241669	0.4826318323612213
614	0.08298394829034805	0.11947304755449295	0.4825912117958069
615	0.08386099338531494	0.11957237869501114	0.481980562210083
616	0.08367779105901718	0.11925673484802246	0.48531344532966614
617	0.08239507675170898	0.11923636496067047	0.4865259826183319
618	0.08326614648103714	0.1192394569516182	0.4878801703453064
619	0.08330092579126358	0.11890942603349686	0.49165984988212585
620	0.08260911703109741	0.11866078525781631	0.49440857768058777
621	0.08383648842573166	0.11861945688724518	0.4954394996166229
622	0.08307262510061264	0.11879342794418335	0.49378079175949097
623	0.08323164284229279	0.11920583248138428	0.4913833737373352
624	0.08378057926893234	0.11914364993572235	0.4920094907283783
625	0.08251580595970154	0.11969863623380661	0.4863094687461853
626	0.08426380902528763	0.11940007656812668	0.48906660079956055
627	0.08473142236471176	0.11878716945648193	0.49480220675468445
628	0.08385978639125824	0.12004436552524567	0.48640570044517517
629	0.08556844294071198	0.12024223059415817	0.4853276014328003
630	0.08596174418926239	0.12031824886798859	0.48847508430480957
631	0.08597075194120407	0.11926864087581635	0.49260035157203674
632	0.08545157313346863	0.1182335615158081	0.4945649206638336
633	0.08397389948368073	0.11823590844869614	0.4955524802207947
634	0.08378833532333374	0.11810833215713501	0.4983450770378113
635	0.08472509682178497	0.11831673979759216	0.4957108795642853
636	0.08467334508895874	0.11866692453622818	0.4907776713371277
637	0.08544313907623291	0.11917594820261002	0.4847227931022644
638	0.0841362476348877	0.11911763995885849	0.4807254374027252
639	0.08407314866781235	0.11974756419658661	0.4771616756916046
640	0.0849757269024849	0.1197323426604271	0.47720852494239807
641	0.08451127260923386	0.11942150443792343	0.4826679527759552
642	0.08329109102487564	0.11904177814722061	0.48822781443595886
643	0.08347965031862259	0.1183583214879036	0.49413180351257324
644	0.08349691331386566	0.11771926283836365	0.49736037850379944
645	0.08356641232967377	0.11731541156768799	0.5004510283470154
646	0.08435571938753128	0.11720830947160721	0.5010063052177429
647	0.08364932984113693	0.1168670654296875	0.5021591782569885
648	0.08340531587600708	0.11734183132648468	0.49907419085502625
649	0.08289437741041183	0.1177876740694046	0.4949442446231842
650	0.08345416933298111	0.11825790256261826	0.49134543538093567
651	0.08208425343036652	0.1184753030538559	0.48980873823165894
652	0.08419867604970932	0.11842846870422363	0.4905230402946472
653	0.08327174931764603	0.11808589100837708	0.4933328628540039
654	0.08277662843465805	0.11829723417758942	0.49250078201293945
655	0.08231273293495178	0.1181688979268074	0.49405431747436523
656	0.08148865401744843	0.11861077696084976	0.4887426793575287
657	0.08182740956544876	0.11879903078079224	0.48666664958000183
658	0.08174257725477219	0.11936687678098679	0.4810519218444824
659	0.08251886069774628	0.11955985426902771	0.4791570007801056
660	0.0833815410733223	0.11973972618579865	0.47807538509368896
661	0.0821956992149353	0.11993485689163208	0.4764941930770874
662	0.08216451108455658	0.1200493648648262	0.4758338928222656
663	0.08221549540758133	0.12058371305465698	0.47071367502212524
664	0.08191361278295517	0.12095066905021667	0.46677008271217346
665	0.08284210413694382	0.12113362550735474	0.46541985869407654
666	0.08194500207901001	0.12134064733982086	0.4648001790046692
667	0.08336037397384644	0.12095440179109573	0.4686955213546753
668	0.08180689811706543	0.12051627039909363	0.47303783893585205
669	0.0819435715675354	0.12007034569978714	0.47748470306396484
670	0.08087728917598724	0.11955270171165466	0.4831524193286896
671	0.08236835896968842	0.1194373071193695	0.48566731810569763
672	0.08228710293769836	0.11956830322742462	0.4849374294281006
673	0.08208350092172623	0.11989792436361313	0.4822655916213989
674	0.08176478743553162	0.1203356385231018	0.47841590642929077
675	0.08024951815605164	0.12049590051174164	0.47656935453414917
676	0.08176524937152863	0.1206788495182991	0.4761885106563568
677	0.08156001567840576	0.12001333385705948	0.4835549294948578
678	0.08125724643468857	0.1193612664937973	0.4890991449356079
679	0.07977137714624405	0.11847958713769913	0.49710342288017273
680	0.08075620979070663	0.11802919209003448	0.5025475025177002
681	0.08167240768671036	0.11816218495368958	0.501456081867218
682	0.08101209998130798	0.11834706366062164	0.49961715936660767
683	0.0814637839794159	0.11875339597463608	0.4953906238079071
684	0.08033950626850128	0.11942676454782486	0.4889902174472809
685	0.08081427961587906	0.12002304196357727	0.4838891625404358
686	0.08050762116909027	0.12052127718925476	0.47969886660575867
687	0.08025896549224854	0.12088435888290405	0.4765468239784241
688	0.08111543208360672	0.12104866653680801	0.47531363368034363
689	0.07954946160316467	0.1209036335349083	0.47695595026016235
690	0.08063177019357681	0.12078405916690826	0.4783148765563965
691	0.08030340820550919	0.1204470545053482	0.48148298263549805
692	0.08110743761062622	0.12002938985824585	0.48620179295539856
693	0.08015310764312744	0.11970800906419754	0.4898512661457062
694	0.08117534965276718	0.1194787472486496	0.49224182963371277
695	0.07934879511594772	0.11939142644405365	0.49326878786087036
696	0.07994836568832397	0.11946982145309448	0.4928394854068756
697	0.08034498244524002	0.11989240348339081	0.48846518993377686
698	0.07857339829206467	0.12058727443218231	0.482859343290329
699	0.08006204664707184	0.12095344066619873	0.47927743196487427
700	0.08045633882284164	0.12142055481672287	0.47493115067481995
701	0.0788971483707428	0.12137097120285034	0.47549837827682495
702	0.08041156828403473	0.12106209993362427	0.47854551672935486
703	0.07904240489006042	0.12056537717580795	0.4832199811935425
704	0.07944092899560928	0.12024102360010147	0.4853344261646271
705	0.07897671312093735	0.12025908380746841	0.48406025767326355
706	0.07913941890001297	0.12020201236009598	0.48401540517807007
707	0.0796094685792923	0.12038609385490417	0.4818556308746338
708	0.07904376834630966	0.12040287256240845	0.4815872013568878
709	0.07839986681938171	0.1203993707895279	0.4812137186527252
710	0.07918090373277664	0.12024296075105667	0.4825240671634674
711	0.0797174945473671	0.12004414945840836	0.4843888282775879
712	0.0808241069316864	0.11994815617799759	0.4856334924697876
713	0.07950972020626068	0.11999371647834778	0.48591721057891846
714	0.07806768268346786	0.12003961205482483	0.4866039752960205
715	0.07864037156105042	0.12025186419487	0.4862903356552124
716	0.07894715666770935	0.12041732668876648	0.4861569404602051
717	0.07831086218357086	0.1206965520977974	0.4844570755958557
718	0.07869315892457962	0.12084972113370895	0.48352715373039246
719	0.07748711854219437	0.12079886347055435	0.48447346687316895
720	0.07800622284412384	0.12076413631439209	0.4849088788032532
721	0.0780419185757637	0.12101326137781143	0.48282766342163086
722	0.07748144119977951	0.12098418176174164	0.4840894639492035
723	0.07704830914735794	0.12079377472400665	0.4857115149497986
724	0.07833504676818848	0.12042690813541412	0.4890417158603668
725	0.07670261710882187	0.12016204744577408	0.4913143515586853
726	0.07833308726549149	0.12011105567216873	0.4913695156574249
727	0.07705032825469971	0.12000534683465958	0.49176931381225586
728	0.07875610888004303	0.11998923122882843	0.4921921491622925
729	0.07827787846326828	0.11990581452846527	0.49329471588134766
730	0.07938029617071152	0.11974623799324036	0.49517911672592163
731	0.07822666317224503	0.11985942721366882	0.49466803669929504
732	0.0776943787932396	0.11973351985216141	0.4955124855041504
733	0.07611958682537079	0.11974163353443146	0.4951092600822449
734	0.07864769548177719	0.11989690363407135	0.4939347207546234
735	0.07815931737422943	0.12015443295240402	0.4916120171546936
736	0.07754631340503693	0.12017253041267395	0.48927122354507446
737	0.07724333554506302	0.11996658146381378	0.49009090662002563
738	0.07728641480207443	0.12013091892004013	0.48731839656829834
739	0.07824533432722092	0.11924146860837936	0.4965268075466156
740	0.07862990349531174	0.12000557035207748	0.49293482303619385
741	0.07791226357221603	0.11790291219949722	0.5094298124313354
742	0.0774976834654808	0.11803054809570312	0.50826096534729
743	0.07831498235464096	0.11856846511363983	0.5036229491233826
744	0.0785229429602623	0.11878377944231033	0.5016297698020935
745	0.07756008952856064	0.11952702701091766	0.49945560097694397
746	0.07790502160787582	0.11913111805915833	0.5010085105895996
747	0.07703880220651627	0.11935693025588989	0.5004417300224304
748	0.07775630056858063	0.11945012211799622	0.49592164158821106
749	0.07714064419269562	0.11950091272592545	0.4949403405189514
750	0.07723570615053177	0.11964429169893265	0.4934898912906647
751	0.07743562012910843	0.11981935054063797	0.49360910058021545
752	0.07746326178312302	0.11942175775766373	0.49549970030784607
753	0.07711033523082733	0.11935435235500336	0.49588245153427124
754	0.07899946719408035	0.1191258430480957	0.49792563915252686
755	0.07768508791923523	0.11900383234024048	0.49915093183517456
756	0.0773034542798996	0.11892665922641754	0.5000141859054565
757	0.0763939917087555	0.11875790357589722	0.5018156170845032
758	0.07629356533288956	0.11880191415548325	0.5018894076347351
759	0.07683653384447098	0.11913210898637772	0.49967437982559204
760	0.07670698314905167	0.11972778290510178	0.49492624402046204
761	0.07686672359704971	0.12006084620952606	0.4910697340965271
762	0.07565710693597794	0.12055844813585281	0.4887396991252899
763	0.07717014849185944	0.12069421261548996	0.48782026767730713
764	0.07668442279100418	0.12061389535665512	0.48898670077323914
765	0.07543338090181351	0.12049712985754013	0.49023351073265076
766	0.07565705478191376	0.12039171904325485	0.4912342131137848
767	0.07557602226734161	0.12055112421512604	0.4914371371269226
768	0.07623840868473053	0.12048141658306122	0.4922800064086914
769	0.0769481360912323	0.12025050073862076	0.4944094121456146
770	0.07680410146713257	0.11997368931770325	0.49701088666915894
771	0.07646821439266205	0.11979895085096359	0.49877026677131653
772	0.07581491023302078	0.11978129297494888	0.49851182103157043
773	0.075997494161129	0.11962061375379562	0.49962759017944336
774	0.07575409859418869	0.11974238604307175	0.49969398975372314
775	0.07646147906780243	0.12007077038288116	0.4973083436489105
776	0.07752951979637146	0.12040048837661743	0.4945235848426819
777	0.0759734958410263	0.12094366550445557	0.4901161789894104
778	0.07598591595888138	0.12135649472475052	0.4869060218334198
779	0.07572183012962341	0.12142084538936615	0.48642587661743164
780	0.07632088661193848	0.12113964557647705	0.4891078472137451
781	0.07700788974761963	0.12067022174596786	0.49322688579559326
782	0.07571049779653549	0.12032446265220642	0.49653422832489014
783	0.07603760808706284	0.11994734406471252	0.4999956488609314
784	0.07607770711183548	0.11994325369596481	0.5003725290298462
785	0.07659197598695755	0.12013627588748932	0.4992656409740448
786	0.07500501722097397	0.12037330865859985	0.49682801961898804
787	0.07600840926170349	0.1204749271273613	0.4948687255382538
788	0.07635623961687088	0.12012048065662384	0.495626300573349
789	0.07538463175296783	0.11986610293388367	0.49717235565185547
790	0.07494603097438812	0.11962471157312393	0.4999014735221863
791	0.07628543674945831	0.11931891739368439	0.5036828517913818
792	0.07539238780736923	0.11886198073625565	0.5078694224357605
793	0.07637514919042587	0.11829963326454163	0.509860098361969
794	0.07628290355205536	0.11822614073753357	0.51051926612854
795	0.07611163705587387	0.1184435784816742	0.508518636226654
796	0.07535445690155029	0.1190335601568222	0.5029775500297546
797	0.07631588727235794	0.11968279629945755	0.4961708188056946
798	0.07513172179460526	0.12014827877283096	0.49095046520233154
799	0.074501633644104	0.12025408446788788	0.48946449160575867
800	0.07581154257059097	0.12006515264511108	0.49166759848594666
801	0.07497754693031311	0.1196257472038269	0.49861034750938416
802	0.07394245266914368	0.11901215463876724	0.5021831393241882
803	0.07411102950572968	0.11858491599559784	0.5074355602264404
804	0.07536257058382034	0.11850219964981079	0.5095266699790955
805	0.07534520328044891	0.11872770637273788	0.5082085728645325
806	0.07452897727489471	0.11951526999473572	0.5027574300765991
807	0.07381504029035568	0.12036723643541336	0.4958254396915436
808	0.07505806535482407	0.12142534554004669	0.48527124524116516
809	0.07366421073675156	0.12217321991920471	0.4794591963291168
810	0.07502440363168716	0.12246838957071304	0.47740063071250916
811	0.07469689846038818	0.12229333817958832	0.47971588373184204
812	0.07500415295362473	0.1221204474568367	0.4814284145832062
813	0.07422317564487457	0.12141355127096176	0.4872843623161316
814	0.07488874346017838	0.12052395194768906	0.49355220794677734
815	0.07538572698831558	0.11981866508722305	0.499777227640152
816	0.07475663721561432	0.1197085902094841	0.500417172908783
817	0.074820376932621	0.11980684101581573	0.4996211528778076
818	0.07491771876811981	0.1199452131986618	0.498418390750885
819	0.07471230626106262	0.11995437741279602	0.49808230996131897
820	0.0745336264371872	0.12014809995889664	0.49617472290992737
821	0.07399534434080124	0.12038084864616394	0.49388301372528076
822	0.076239213347435	0.12003777921199799	0.49753156304359436
823	0.07334672659635544	0.11968937516212463	0.5006374716758728
824	0.07334259897470474	0.11928518861532211	0.5045295357704163
825	0.07413855195045471	0.11899995058774948	0.5072135925292969
826	0.07343477755784988	0.11869969964027405	0.5100892186164856
827	0.07359518855810165	0.11815353482961655	0.5152207016944885
828	0.07462894916534424	0.11796130239963531	0.5164778232574463
829	0.07387649267911911	0.11809990555047989	0.5163218975067139
830	0.07321657985448837	0.11857892572879791	0.5125210881233215
831	0.07340852171182632	0.11901533603668213	0.5091558694839478
832	0.07396125793457031	0.11978098750114441	0.503410279750824
833	0.07450251281261444	0.12038804590702057	0.4989733397960663
834	0.07355675846338272	0.12044566124677658	0.49856632947921753
835	0.07405953854322433	0.12021317332983017	0.5011105537414551
836	0.07496818900108337	0.11989837884902954	0.5040901899337769
837	0.07401291280984879	0.11950843036174774	0.5068977475166321
838	0.0740247443318367	0.11915761232376099	0.5090283751487732
839	0.07412543147802353	0.11913983523845673	0.5085923075675964
840	0.07514123618602753	0.11953014135360718	0.5053943395614624
841	0.07330463826656342	0.11953724175691605	0.5045225620269775
842	0.07251635938882828	0.12000641226768494	0.5019870400428772
843	0.07364773005247116	0.11990951001644135	0.5030984878540039
844	0.07432816922664642	0.12010607123374939	0.501725971698761
845	0.07403875887393951	0.12026980519294739	0.5007035136222839
846	0.07268400490283966	0.12048722803592682	0.49923017621040344
847	0.07204733043909073	0.12078963965177536	0.49699094891548157
848	0.07345279306173325	0.12120240926742554	0.4933474659919739
849	0.07354427129030228	0.12144415825605392	0.4912090003490448
850	0.0736331045627594	0.12160009145736694	0.4896472692489624
851	0.07201385498046875	0.12141048163175583	0.4912872910499573
852	0.07348024100065231	0.12141438573598862	0.49207961559295654
853	0.07273641973733902	0.12085667252540588	0.49644437432289124
854	0.07290346920490265	0.12034310400485992	0.5001366138458252
855	0.07322119176387787	0.1200997531414032	0.5018905997276306
856	0.071726955473423	0.12002488225698471	0.5023314356803894
857	0.07271420210599899	0.12039192020893097	0.49909326434135437
858	0.07346351444721222	0.12063371390104294	0.4967086911201477
859	0.07394518703222275	0.12072534114122391	0.4961799383163452
860	0.07242592424154282	0.12056446075439453	0.49760565161705017
861	0.07206567376852036	0.12027233839035034	0.5002743601799011
862	0.07156907021999359	0.12008699774742126	0.5021268129348755
863	0.07214340567588806	0.11986438184976578	0.5042189359664917
864	0.0710502490401268	0.11988060176372528	0.5043455958366394
865	0.07109532505273819	0.12010777741670609	0.5025320053100586
866	0.07229068130254745	0.12010452896356583	0.5024431943893433
867	0.07285935431718826	0.1202036514878273	0.5018054842948914
868	0.07155600935220718	0.12038447707891464	0.5005239248275757
869	0.07221970707178116	0.12071473151445389	0.497958779335022
870	0.07224893569946289	0.12117724865674973	0.4943220615386963
871	0.07097695022821426	0.12182305753231049	0.4890179932117462
872	0.07169061154127121	0.12218973785638809	0.4856942594051361
873	0.07308293133974075	0.12228836864233017	0.4843047261238098
874	0.07285746186971664	0.1220850870013237	0.48541679978370667
875	0.07196514308452606	0.12155324965715408	0.48939311504364014
876	0.07138174772262573	0.12085151672363281	0.49459415674209595
877	0.07228220999240875	0.12027963995933533	0.49888885021209717
878	0.07240884751081467	0.11982890218496323	0.5023166537284851
879	0.0731959417462349	0.11953476071357727	0.504940390586853
880	0.07123984396457672	0.11973436176776886	0.5037693977355957
881	0.07235699146986008	0.12056154012680054	0.49793991446495056
882	0.0707956850528717	0.1213468536734581	0.49235793948173523
883	0.07266232371330261	0.12179666757583618	0.4894811511039734
884	0.07185820490121841	0.12191729247570038	0.48937445878982544
885	0.07099159061908722	0.12156649678945541	0.4927683174610138
886	0.07226262986660004	0.12135498225688934	0.4941127896308899
887	0.0712832659482956	0.12060960382223129	0.500754714012146
888	0.07090175896883011	0.12037569284439087	0.5018356442451477
889	0.07065974175930023	0.12035899609327316	0.5024526119232178
890	0.07125464081764221	0.12062782794237137	0.5004182457923889
891	0.0705292820930481	0.12097823619842529	0.4972248077392578
892	0.07040528208017349	0.12125948816537857	0.4951741397380829
893	0.07183915376663208	0.12094416469335556	0.49772167205810547
894	0.07113727927207947	0.12104173004627228	0.4979817569255829
895	0.07183081656694412	0.12104139477014542	0.49802619218826294
896	0.07090827077627182	0.12069591134786606	0.5011382102966309
897	0.07110555469989777	0.12059619277715683	0.5021256804466248
898	0.07083172351121902	0.12076620757579803	0.5014769434928894
899	0.07092053443193436	0.12102657556533813	0.4998280704021454
900	0.06991960108280182	0.12155025452375412	0.4955688714981079
901	0.07041199505329132	0.1221647784113884	0.4901632070541382
902	0.07113740593194962	0.12224522233009338	0.48913538455963135
903	0.07102950662374496	0.12205856293439865	0.49035313725471497
904	0.07192470878362656	0.12157715111970901	0.4939189851284027
905	0.07126003503799438	0.12104574590921402	0.49751099944114685
906	0.06922118365764618	0.1207016259431839	0.499002605676651
907	0.07089201360940933	0.12027298659086227	0.5012222528457642
908	0.07184813171625137	0.1200433149933815	0.5019471049308777
909	0.07082416117191315	0.12000013142824173	0.5017239451408386
910	0.07068615406751633	0.12014392763376236	0.5002588629722595
911	0.07116660475730896	0.12027060985565186	0.49986717104911804
912	0.07135403901338577	0.12049179524183273	0.49903714656829834
913	0.07069209218025208	0.12074347585439682	0.4980517625808716
914	0.06958968192338943	0.12093298882246017	0.4969843924045563
915	0.07131084054708481	0.12112464010715485	0.49536433815956116
916	0.0703808069229126	0.12137079983949661	0.493155300617218
917	0.06960906833410263	0.12155929207801819	0.4914349913597107
918	0.07084640860557556	0.1217370256781578	0.48994144797325134
919	0.06997539848089218	0.12159518152475357	0.4915864169597626
920	0.06974882632493973	0.12124262750148773	0.49504712224006653
921	0.07011209428310394	0.12080924957990646	0.49915194511413574
922	0.07049041986465454	0.12033755332231522	0.5031130909919739
923	0.06911143660545349	0.11987697333097458	0.5066073536872864
924	0.0698256567120552	0.11993230134248734	0.506264328956604
925	0.07054080814123154	0.1202530786395073	0.5037374496459961
926	0.07034237682819366	0.12053138762712479	0.5016869306564331
927	0.07025010883808136	0.12087851017713547	0.49927404522895813
928	0.06862854957580566	0.12118905037641525	0.49745285511016846
929	0.07004393637180328	0.12140239775180817	0.49665573239326477
930	0.06961696594953537	0.12114892154932022	0.49965566396713257
931	0.07090305536985397	0.12093593925237656	0.5018013715744019
932	0.06998791545629501	0.12076878547668457	0.5032472610473633
933	0.06918296217918396	0.12115906924009323	0.5003002285957336
934	0.06952261924743652	0.12153089791536331	0.4970368444919586
935	0.06976627558469772	0.12157420068979263	0.49610480666160583
936	0.06978074461221695	0.1212688758969307	0.49800291657447815
937	0.06912561506032944	0.12087145447731018	0.5008359551429749
938	0.06807379424571991	0.12040841579437256	0.504999041557312
939	0.06899727880954742	0.12027640640735626	0.5060944557189941
940	0.06979386508464813	0.12035996466875076	0.5054289698600769
941	0.06988442689180374	0.12085730582475662	0.5020545721054077
942	0.06817572563886642	0.12150875478982925	0.4972921907901764
943	0.06896481662988663	0.12208658456802368	0.49288082122802734
944	0.06906363368034363	0.12213660776615143	0.49270281195640564
945	0.06971389055252075	0.12177299708127975	0.49580734968185425
946	0.06988180428743362	0.12139339745044708	0.4986022114753723
947	0.07045501470565796	0.12095319479703903	0.501751184463501
948	0.06944488734006882	0.12068508565425873	0.5034027695655823
949	0.07035897672176361	0.12072772532701492	0.5026150345802307
950	0.06850270926952362	0.12130002677440643	0.4976453185081482
951	0.06933560222387314	0.12171627581119537	0.4938420355319977
952	0.06963948160409927	0.12172016501426697	0.49409517645835876
953	0.0688105896115303	0.12133657187223434	0.49713361263275146
954	0.06908509135246277	0.12083353847265244	0.5011524558067322
955	0.06889210641384125	0.12055394798517227	0.5038215517997742
956	0.06766171008348465	0.12048600614070892	0.5047585964202881
957	0.0686488226056099	0.12048974633216858	0.505142331123352
958	0.06869944930076599	0.12043698132038116	0.505870521068573
959	0.06879822909832001	0.12044674903154373	0.5058622360229492
960	0.06977027654647827	0.12040228396654129	0.5063989758491516
961	0.0682494267821312	0.12034683674573898	0.5071414709091187
962	0.0679689422249794	0.12001366913318634	0.5099918842315674
963	0.06907879561185837	0.11984896659851074	0.5113837122917175
964	0.06837937235832214	0.11975638568401337	0.5122790932655334
965	0.06904688477516174	0.1196884959936142	0.5127583742141724
966	0.068209208548069	0.11981324106454849	0.511418342590332
967	0.06920512020587921	0.1199236810207367	0.5100799202919006
968	0.06823932379484177	0.12008225172758102	0.508287787437439
969	0.06899072229862213	0.12044298648834229	0.5044896602630615
970	0.06819736957550049	0.12042248994112015	0.5040494799613953
971	0.0698748454451561	0.12023568898439407	0.5054933428764343
972	0.06852300465106964	0.11988601833581924	0.5082616806030273
973	0.06850993633270264	0.11972972005605698	0.5098917484283447
974	0.06768204271793365	0.11955221742391586	0.5113758444786072
975	0.06788823008537292	0.11957865208387375	0.5111356377601624
976	0.0678497925400734	0.1196230947971344	0.5108247399330139
977	0.0674915760755539	0.11990194022655487	0.5085981488227844
978	0.06765841692686081	0.12018870562314987	0.5059196352958679
979	0.06792036443948746	0.12057340145111084	0.5024347305297852
980	0.06733603030443192	0.12084642797708511	0.5000076293945312
981	0.06765953451395035	0.12087836116552353	0.49959030747413635
982	0.06885262578725815	0.12095408141613007	0.49902528524398804
983	0.06799625605344772	0.12102308869361877	0.49866369366645813
984	0.06780849397182465	0.1210765540599823	0.4983220398426056
985	0.06708602607250214	0.12083253264427185	0.5001718997955322
986	0.06828813254833221	0.12041473388671875	0.5032622814178467
987	0.06645897030830383	0.11996996402740479	0.506718099117279
988	0.06688843667507172	0.11985523998737335	0.5079256296157837
989	0.06845635920763016	0.119967982172966	0.5073566436767578
990	0.06758641451597214	0.12042833864688873	0.5039071440696716
991	0.06740167737007141	0.12101796269416809	0.49883726239204407
992	0.06685138493776321	0.1214434802532196	0.4957011044025421
993	0.06614524871110916	0.1212538331747055	0.4973202645778656
994	0.0669497698545456	0.12062603235244751	0.5020834803581238
995	0.06670187413692474	0.11978983879089355	0.5081174969673157
996	0.06624580174684525	0.11937843263149261	0.510759711265564
997	0.06730051338672638	0.1192803680896759	0.5115680694580078
998	0.06760793924331665	0.11963198333978653	0.508979320526123
999	0.06768535077571869	0.11974948644638062	0.5082983374595642
1000	0.06708477437496185	0.11969238519668579	0.5091586709022522
1001	0.06662367284297943	0.11951825767755508	0.5112511515617371
1002	0.0660766139626503	0.11945019662380219	0.5128651261329651
1003	0.0678294450044632	0.11932148039340973	0.5145946145057678
1004	0.06680133193731308	0.1195579543709755	0.5137262344360352
1005	0.06801103055477142	0.11976795643568039	0.5128433704376221
1006	0.067426398396492	0.11997147649526596	0.5113801956176758
1007	0.06677163392305374	0.12017439305782318	0.510039746761322
1008	0.06730557233095169	0.12037284672260284	0.5091214179992676
1009	0.0674339234828949	0.12069367617368698	0.5070540904998779
1010	0.06729136407375336	0.12087415903806686	0.5057215690612793
1011	0.06601729989051819	0.12093442678451538	0.5053297877311707
1012	0.06711489707231522	0.1208677887916565	0.5059368014335632
1013	0.06589929014444351	0.12049144506454468	0.5090985894203186
1014	0.06715084612369537	0.11993274837732315	0.5133638978004456
1015	0.0672600045800209	0.11929991841316223	0.5177639126777649
1016	0.06647279113531113	0.11919350922107697	0.5185368061065674
1017	0.06724479049444199	0.11940751224756241	0.5167000889778137
1018	0.06692764163017273	0.1201145201921463	0.511622428894043
1019	0.0664270669221878	0.12089461088180542	0.5057839155197144
1020	0.0666688084602356	0.12119708210229874	0.5030198097229004
1021	0.06626643985509872	0.12111928313970566	0.5031354427337646
1022	0.06540719419717789	0.12070976197719574	0.5059043169021606
1023	0.06714737415313721	0.1204150915145874	0.5077202916145325
1024	0.06628479063510895	0.12040401250123978	0.5071660280227661
1025	0.06596016883850098	0.12049852311611176	0.5057779550552368
1026	0.06656293570995331	0.12061237543821335	0.5048770308494568
1027	0.0662466287612915	0.12063638120889664	0.5052557587623596
1028	0.06688687950372696	0.12026999890804291	0.5078477263450623
1029	0.06619225442409515	0.12031622976064682	0.5077306628227234
1030	0.06605400890111923	0.12028294056653976	0.5082345008850098
1031	0.06634155660867691	0.12024954706430435	0.5086347460746765
1032	0.06664663553237915	0.12013163417577744	0.5097925662994385
1033	0.06617116928100586	0.1202012225985527	0.5088626742362976
1034	0.06637241691350937	0.11999470740556717	0.5079712271690369
1035	0.06532265990972519	0.11975182592868805	0.509408175945282
1036	0.06618449836969376	0.11940402537584305	0.5117271542549133
1037	0.0668039545416832	0.1191883236169815	0.513167142868042
1038	0.06593407690525055	0.11922548711299896	0.5129019021987915
1039	0.0663834884762764	0.1190541461110115	0.5141972899436951
1040	0.06673053652048111	0.11898527294397354	0.5150375962257385
1041	0.06612830609083176	0.11897048354148865	0.5163820385932922
1042	0.06545990705490112	0.11888422816991806	0.5162293314933777
1043	0.06610722839832306	0.11902987211942673	0.5142614245414734
1044	0.0659731924533844	0.11924673616886139	0.511882483959198
1045	0.06769092381000519	0.11934179812669754	0.5105348825454712
1046	0.06678828597068787	0.11961236596107483	0.5081993937492371
1047	0.06618821620941162	0.11965669691562653	0.5081933736801147
1048	0.06582757085561752	0.11947131156921387	0.5100054740905762
1049	0.06630298495292664	0.11904276907444	0.5126513242721558
1050	0.06562484800815582	0.11871442943811417	0.5148310661315918
1051	0.06517478078603745	0.11907214671373367	0.5122055411338806
1052	0.06520415842533112	0.11960480362176895	0.5082962512969971
1053	0.06598739326000214	0.12021990865468979	0.5038180947303772
1054	0.0653781145811081	0.1208309680223465	0.4991585314273834
1055	0.06608331203460693	0.12123043090105057	0.4972531795501709
1056	0.06629364937543869	0.12109869718551636	0.4995213449001312
1057	0.06596642732620239	0.12076526880264282	0.502157986164093
1058	0.06630127131938934	0.1203949972987175	0.505752682685852
1059	0.06570277363061905	0.12020882219076157	0.5079300999641418
1060	0.06652973592281342	0.1203729510307312	0.5071954131126404
1061	0.06561588495969772	0.12062317132949829	0.5053185224533081
1062	0.06631852686405182	0.12058761715888977	0.505340576171875
1063	0.0651107132434845	0.12033531069755554	0.5065622329711914
1064	0.06468529999256134	0.11980032175779343	0.5096769332885742
1065	0.06560586392879486	0.11958194524049759	0.511282205581665
1066	0.06541698426008224	0.11931966245174408	0.513666033744812
1067	0.06474611908197403	0.11893622577190399	0.5167903304100037
1068	0.06601949781179428	0.11894258111715317	0.517995297908783
1069	0.06521009653806686	0.11880860477685928	0.520388662815094
1070	0.0646451935172081	0.11888641864061356	0.519743800163269
1071	0.06555911898612976	0.1192995235323906	0.5170190930366516
1072	0.0648915022611618	0.11922711133956909	0.5174804329872131
1073	0.06601167470216751	0.11973454058170319	0.5138606429100037
1074	0.06494948267936707	0.12004248797893524	0.5122600197792053
1075	0.06562026590108871	0.12048234045505524	0.5090399384498596
1076	0.06485215574502945	0.12068939208984375	0.5079824328422546
1077	0.06580675393342972	0.1206565573811531	0.5089045763015747
1078	0.06472506374120712	0.12050473690032959	0.5095574259757996
1079	0.06421011686325073	0.11998951435089111	0.5131063461303711
1080	0.06357650458812714	0.11936461925506592	0.5168365240097046
1081	0.06455255299806595	0.11925540119409561	0.5174495577812195
1082	0.06459424644708633	0.11949221044778824	0.5150941610336304
1083	0.06416882574558258	0.1199013888835907	0.5115238428115845
1084	0.0648116022348404	0.12031295895576477	0.5081552863121033
1085	0.06467591971158981	0.12051623314619064	0.5067504644393921
1086	0.0639270767569542	0.12013445794582367	0.5095652937889099
1087	0.0652134045958519	0.11927741020917892	0.515640914440155
1088	0.06494991481304169	0.11835292726755142	0.5220707058906555
1089	0.06565787643194199	0.11787254363298416	0.5260002613067627
1090	0.06449247896671295	0.11772134900093079	0.5266088247299194
1091	0.06396713852882385	0.11787043511867523	0.5245609879493713
1092	0.06251049041748047	0.11810808628797531	0.5218949317932129
1093	0.0653153508901596	0.11847427487373352	0.5185413360595703
1094	0.06335224956274033	0.11869007349014282	0.5165464282035828
1095	0.06453416496515274	0.11854389309883118	0.5181187391281128
1096	0.06524485349655151	0.11817343533039093	0.5215992331504822
1097	0.06485358625650406	0.11806543171405792	0.5228902697563171
1098	0.06442325562238693	0.11825025826692581	0.5219587683677673
1099	0.06423182785511017	0.11832139641046524	0.5217711329460144
1100	0.0633804127573967	0.11850418895483017	0.5207555294036865
1101	0.06336098164319992	0.11882949620485306	0.518789529800415
1102	0.0633276030421257	0.11905664950609207	0.5175371170043945
1103	0.06461719423532486	0.11901053041219711	0.5181509256362915
1104	0.06392572820186615	0.11882984638214111	0.5199396014213562
1105	0.06485205143690109	0.11866281181573868	0.5213914513587952
1106	0.06384376436471939	0.11807141453027725	0.5257474184036255
1107	0.06413453817367554	0.11760805547237396	0.5291193723678589
1108	0.06409572064876556	0.11758183687925339	0.5289830565452576
1109	0.06339091062545776	0.11788216978311539	0.5266532301902771
1110	0.06408914178609848	0.11854036897420883	0.5218042731285095
1111	0.06261692941188812	0.11918464303016663	0.5169632434844971
1112	0.06340587139129639	0.11981075257062912	0.5123703479766846
1113	0.06359114497900009	0.12034766376018524	0.5091628432273865
1114	0.06322861462831497	0.12029820680618286	0.5103925466537476
1115	0.06247495114803314	0.12005770951509476	0.5123305320739746
1116	0.06345611810684204	0.11972146481275558	0.5151531100273132
1117	0.06417860835790634	0.11943969875574112	0.5173731446266174
1118	0.06488101929426193	0.11920058727264404	0.519085168838501
1119	0.06185966730117798	0.11911264061927795	0.5193589329719543
1120	0.06344779580831528	0.11927694827318192	0.5179489850997925
1121	0.0637730211019516	0.11940471827983856	0.5167572498321533
1122	0.06338267773389816	0.1189999133348465	0.5195044875144958
1123	0.06278730928897858	0.1184706836938858	0.5230358242988586
1124	0.0639517679810524	0.11833082884550095	0.5239019989967346
1125	0.06399526447057724	0.11853953450918198	0.5223042964935303
1126	0.06350161135196686	0.11882862448692322	0.5203785300254822
1127	0.06374801695346832	0.11944976449012756	0.5162383913993835
1128	0.06305360049009323	0.1196887269616127	0.5146448612213135
1129	0.0629856064915657	0.11968981474637985	0.5144728422164917
1130	0.06418339163064957	0.1193019226193428	0.5168993473052979
1131	0.06345880031585693	0.11880359798669815	0.5202803611755371
1132	0.06256620585918427	0.11852668225765228	0.5220253467559814
1133	0.0618336945772171	0.11813106387853622	0.5249752998352051
1134	0.06271025538444519	0.11818438023328781	0.5248193740844727
1135	0.06414854526519775	0.11831540614366531	0.5240272879600525
1136	0.06255840510129929	0.11843762546777725	0.5231459140777588
1137	0.06317134946584702	0.11879989504814148	0.5205873847007751
1138	0.06253541260957718	0.11889787018299103	0.519185483455658
1139	0.06250444054603577	0.11889983713626862	0.5187539458274841
1140	0.06251011788845062	0.11900115758180618	0.5177878141403198
1141	0.06257683783769608	0.1190197765827179	0.5178821682929993
1142	0.06365528702735901	0.11890191584825516	0.5188131928443909
1143	0.0627783015370369	0.11887197196483612	0.5192738771438599
1144	0.06237617880105972	0.1187339723110199	0.5203979015350342
1145	0.06314358115196228	0.11892323195934296	0.5187774896621704
1146	0.06247033551335335	0.11891091614961624	0.5185894966125488
1147	0.06158720329403877	0.11896541714668274	0.5178136825561523
1148	0.06308971345424652	0.11885189265012741	0.5187627673149109
1149	0.06242143735289574	0.11870522052049637	0.5201496481895447
1150	0.0637073665857315	0.11835037916898727	0.5228077173233032
1151	0.06187504529953003	0.11798831075429916	0.5255323052406311
1152	0.06216835230588913	0.11777116358280182	0.5274673104286194
1153	0.06315545737743378	0.11771196126937866	0.5281676650047302
1154	0.06297188997268677	0.1177409291267395	0.5279660224914551
1155	0.062087394297122955	0.11773213744163513	0.5277559161186218
1156	0.061243657022714615	0.11768258363008499	0.5278869867324829
1157	0.06230443716049194	0.11766578257083893	0.5283569097518921
1158	0.06230448931455612	0.11762940138578415	0.5290880799293518
1159	0.06115473806858063	0.11769028753042221	0.529293417930603
1160	0.062011074274778366	0.11790552735328674	0.5287327170372009
1161	0.06222618371248245	0.11836301535367966	0.5265473127365112
1162	0.062164295464754105	0.11890313774347305	0.5241062045097351
1163	0.06299357116222382	0.11901787668466568	0.5233919620513916
1164	0.06333250552415848	0.11893913149833679	0.5235965847969055
1165	0.06157728284597397	0.1190027967095375	0.5227288603782654
1166	0.06276856362819672	0.11914055049419403	0.5213513374328613
1167	0.06182968616485596	0.11924264580011368	0.5205383896827698
1168	0.06254962086677551	0.11960211396217346	0.51784747838974
1169	0.0624556764960289	0.11989682912826538	0.5155528783798218
1170	0.06191118806600571	0.11996415257453918	0.5150319337844849
1171	0.0611007884144783	0.11969301849603653	0.5170490145683289
1172	0.062321215867996216	0.11949650198221207	0.5183421969413757
1173	0.06145644560456276	0.1188122108578682	0.5232344269752502
1174	0.061988022178411484	0.11781664937734604	0.5301401615142822
1175	0.06147557497024536	0.11721101403236389	0.5343104600906372
1176	0.06145121157169342	0.11708346754312515	0.5353441834449768
1177	0.06258154660463333	0.11727811396121979	0.5338367223739624
1178	0.06118679419159889	0.11769092828035355	0.5305588245391846
1179	0.06105824187397957	0.11801238358020782	0.5279721021652222
1180	0.06197117641568184	0.11829262226819992	0.526028037071228
1181	0.060708124190568924	0.11834162473678589	0.525764524936676
1182	0.06121727079153061	0.11864612251520157	0.5235263109207153
1183	0.06163476034998894	0.11916830390691757	0.5193929076194763
1184	0.06069224700331688	0.11937972158193588	0.5173327922821045
1185	0.06092945113778114	0.11907892674207687	0.518795371055603
1186	0.06125463545322418	0.11885242909193039	0.5198583602905273
1187	0.06209246814250946	0.11842020601034164	0.5226783752441406
1188	0.06128440052270889	0.11797437816858292	0.5259636044502258
1189	0.06117786839604378	0.11778032034635544	0.5277172327041626
1190	0.06093708053231239	0.117482028901577	0.530272364616394
1191	0.06213018298149109	0.11735592782497406	0.5318306088447571
1192	0.06160643696784973	0.1174878478050232	0.5315712094306946
1193	0.06187807768583298	0.11776911467313766	0.529982328414917
1194	0.06062060967087746	0.11798442155122757	0.528723418712616
1195	0.06062278896570206	0.11811886727809906	0.5279524326324463
1196	0.05967526137828827	0.11814425140619278	0.5278958082199097
1197	0.06129508465528488	0.11809385567903519	0.5288927555084229
1198	0.06045225262641907	0.11800321936607361	0.528980016708374
1199	0.06163996830582619	0.11801431328058243	0.5291013717651367
1200	0.062163129448890686	0.11795515567064285	0.5297095775604248
1201	0.06077015399932861	0.1177976056933403	0.5310063362121582
1202	0.06058063730597496	0.117729552090168	0.5319650769233704
1203	0.06178660690784454	0.1175917312502861	0.5333381295204163
1204	0.061688005924224854	0.11747630685567856	0.5342227816581726
1205	0.0620233453810215	0.11759639531373978	0.5336795449256897
1206	0.06238190457224846	0.11772318929433823	0.5329654216766357
1207	0.06061219051480293	0.11839209496974945	0.5280504822731018
1208	0.060783546417951584	0.11883553862571716	0.5245786905288696
1209	0.06069888174533844	0.11915501952171326	0.5216721296310425
1210	0.0613381527364254	0.11934031546115875	0.519576907157898
1211	0.06044020876288414	0.11929242312908173	0.5192942023277283
1212	0.0610099621117115	0.11902627348899841	0.5205700397491455
1213	0.06156457960605621	0.1188235878944397	0.5213514566421509
1214	0.05984552204608917	0.11830709129571915	0.5246674418449402
1215	0.06108011305332184	0.11796806752681732	0.5266702175140381
1216	0.06057889014482498	0.11756240576505661	0.5298936367034912
1217	0.060330912470817566	0.1176052987575531	0.5305215716362
1218	0.060153719037771225	0.11793648451566696	0.5293328166007996
1219	0.061498694121837616	0.11865773797035217	0.5248898863792419
1220	0.060935456305742264	0.11917798221111298	0.5218037962913513
1221	0.060178451240062714	0.11934027075767517	0.5210056900978088
1222	0.06221335753798485	0.11916680634021759	0.5222893357276917
1223	0.060701530426740646	0.11880174279212952	0.5248715281486511
1224	0.0611349493265152	0.11828794330358505	0.5280582308769226
1225	0.06061971187591553	0.1177649050951004	0.5315640568733215
1226	0.06006027013063431	0.1175401508808136	0.5331836342811584
1227	0.0599018856883049	0.11728067696094513	0.5348103046417236
1228	0.06080884486436844	0.1171247810125351	0.5353235006332397
1229	0.06058214604854584	0.11693223565816879	0.5359075665473938
1230	0.05913644656538963	0.11674100160598755	0.5370298027992249
1231	0.05918620526790619	0.11700861901044846	0.5353391766548157
1232	0.06015358120203018	0.11757483333349228	0.5312634706497192
1233	0.06091559678316116	0.11830588430166245	0.5263034701347351
1234	0.062033090740442276	0.11888846009969711	0.5227132439613342
1235	0.06066758558154106	0.11911369115114212	0.521669328212738
1236	0.06174474582076073	0.1191846951842308	0.5214784741401672
1237	0.058649830520153046	0.11906656622886658	0.5227048993110657
1238	0.06010996550321579	0.11869107186794281	0.5252851843833923
1239	0.060424961149692535	0.11831281334161758	0.5277692079544067
1240	0.060288432985544205	0.11785967648029327	0.5306690335273743
1241	0.060168858617544174	0.11770203709602356	0.5318862199783325
1242	0.06091821566224098	0.11796538531780243	0.5302136540412903
1243	0.06108815222978592	0.11845343559980392	0.5264662504196167
1244	0.05978929623961449	0.11882238835096359	0.523658037185669
1245	0.059159666299819946	0.1188327968120575	0.5239049196243286
1246	0.06045439839363098	0.11843639612197876	0.527606725692749
1247	0.05978308990597725	0.1178656667470932	0.5321550965309143
1248	0.05972127988934517	0.11764461547136307	0.5339311957359314
1249	0.059702761471271515	0.11781369894742966	0.5327141880989075
1250	0.06070362776517868	0.11811632663011551	0.5304566621780396
1251	0.059684354811906815	0.11829417198896408	0.5285223722457886
1252	0.0601850301027298	0.11809306591749191	0.5290486216545105
1253	0.05990201234817505	0.11776968091726303	0.5309241414070129
1254	0.05955149233341217	0.11762864887714386	0.5316540598869324
1255	0.06005557253956795	0.11725199222564697	0.5343447327613831
1256	0.05949757993221283	0.11690826714038849	0.5368548631668091
1257	0.0587598979473114	0.11675876379013062	0.5379258990287781
1258	0.059546466916799545	0.1171959787607193	0.5347759127616882
1259	0.05797037482261658	0.11789755523204803	0.5296503901481628
1260	0.05998445302248001	0.1185012012720108	0.5254001021385193
1261	0.05910804122686386	0.11894863098859787	0.5222718715667725
1262	0.06013261899352074	0.11899365484714508	0.5219020247459412
1263	0.05961834639310837	0.11886771023273468	0.5225857496261597
1264	0.059505220502614975	0.11853539943695068	0.5253050327301025
1265	0.05877958610653877	0.11807668209075928	0.5285496711730957
1266	0.059577666223049164	0.1176767498254776	0.5319734811782837
1267	0.06042119860649109	0.11720336973667145	0.5366316437721252
1268	0.05934424325823784	0.11709235608577728	0.5399973392486572
1269	0.05986180901527405	0.11710840463638306	0.5408391356468201
1270	0.058396827429533005	0.11694416403770447	0.5422433614730835
1271	0.058744437992572784	0.1169392392039299	0.5418896675109863
1272	0.05826441943645477	0.11702664196491241	0.5408093333244324
1273	0.05928172543644905	0.11756721884012222	0.5369341373443604
1274	0.0596921406686306	0.11833708733320236	0.5307807922363281
1275	0.05978317931294441	0.11893805116415024	0.5248842239379883
1276	0.05921657755970955	0.11950638890266418	0.5202929973602295
1277	0.05887230485677719	0.11957148462533951	0.5199857354164124
1278	0.05764305964112282	0.11932048946619034	0.5218259692192078
1279	0.05865933746099472	0.1186174675822258	0.5260839462280273
1280	0.058989908546209335	0.11775834113359451	0.5313930511474609
1281	0.05929958447813988	0.11764927953481674	0.5317291617393494
1282	0.05888081341981888	0.11800303310155869	0.5293062329292297
1283	0.058226536959409714	0.11820636689662933	0.5275668501853943
1284	0.058225229382514954	0.11799388378858566	0.5295436382293701
1285	0.05870571359992027	0.11762360483407974	0.5333579778671265
1286	0.05849412828683853	0.11747464537620544	0.535371720790863
1287	0.05949826538562775	0.11732473969459534	0.536989688873291
1288	0.05740584805607796	0.11714962124824524	0.5382347106933594
1289	0.05849970877170563	0.11712239682674408	0.5382559895515442
1290	0.05865289643406868	0.11741509288549423	0.5360980033874512
1291	0.06004517152905464	0.11785133928060532	0.5329776406288147
1292	0.059017494320869446	0.1184353157877922	0.5287941098213196
1293	0.05855982005596161	0.1188293993473053	0.5260179042816162
1294	0.058238521218299866	0.11906833201646805	0.5242405533790588
1295	0.058763954788446426	0.11916682124137878	0.5237805843353271
1296	0.0588846355676651	0.11907627433538437	0.5244454145431519
1297	0.05848772078752518	0.1187806949019432	0.5265282392501831
1298	0.05768505856394768	0.11828460544347763	0.5298175811767578
1299	0.058121535927057266	0.11776081472635269	0.5336935520172119
1300	0.0579298734664917	0.11743669211864471	0.5361746549606323
1301	0.05944490432739258	0.11724469810724258	0.537537693977356
1302	0.057350803166627884	0.11737765371799469	0.5369679927825928
1303	0.05828581005334854	0.11730355769395828	0.5373382568359375
1304	0.059750474989414215	0.11731669306755066	0.5369001626968384
1305	0.058236394077539444	0.11682628840208054	0.5393787026405334
1306	0.05768075957894325	0.11673949658870697	0.5393671989440918
1307	0.05751689150929451	0.11668572574853897	0.5395005941390991
1308	0.058290425688028336	0.116892509162426	0.5378130078315735
1309	0.05862877890467644	0.11709520220756531	0.5360584259033203
1310	0.05829080566763878	0.11720061302185059	0.5355755686759949
1311	0.05774027854204178	0.11697536706924438	0.5374525189399719
1312	0.057518523186445236	0.11653148382902145	0.5404821038246155
1313	0.05729527771472931	0.11657172441482544	0.5398973822593689
1314	0.05736493319272995	0.11679720878601074	0.5377992987632751
1315	0.05909997969865799	0.11724193394184113	0.5339828729629517
1316	0.05760611966252327	0.11741852015256882	0.531676173210144
1317	0.05786515027284622	0.11745846271514893	0.5311808586120605
1318	0.05922938510775566	0.11723390966653824	0.5338016748428345
1319	0.05761364847421646	0.117063507437706	0.5365095138549805
1320	0.05734977126121521	0.11682548373937607	0.5389451384544373
1321	0.05696072429418564	0.11715030670166016	0.5372276902198792
1322	0.05694839358329773	0.11768124997615814	0.5350561141967773
1323	0.057474181056022644	0.11793843656778336	0.5339829325675964
1324	0.05844806134700775	0.11770075559616089	0.5357236862182617
1325	0.05687863379716873	0.11742765456438065	0.5376871824264526
1326	0.05861863121390343	0.11720488220453262	0.5393685102462769
1327	0.05782155692577362	0.11739298701286316	0.5384566783905029
1328	0.05745771899819374	0.1176106408238411	0.536453902721405
1329	0.057845890522003174	0.11773333698511124	0.534700334072113
1330	0.05814415588974953	0.11793141812086105	0.533021867275238
1331	0.05718853697180748	0.11802825331687927	0.5319626331329346
1332	0.05806702375411987	0.11811994016170502	0.5312805771827698
1333	0.057223860174417496	0.11797481030225754	0.5322111248970032
1334	0.05773916468024254	0.11757015436887741	0.5345125198364258
1335	0.056229494512081146	0.11740812659263611	0.5353441834449768
1336	0.05896772816777229	0.1173563227057457	0.5356727242469788
1337	0.05724504217505455	0.11774662137031555	0.5331141948699951
1338	0.058430518954992294	0.11781036108732224	0.5328857898712158
1339	0.05846606567502022	0.11752434819936752	0.5350841283798218
1340	0.058008454740047455	0.11696267873048782	0.539015531539917
1341	0.05675893649458885	0.11630267649888992	0.543661892414093
1342	0.05726456269621849	0.11597543209791183	0.5460506081581116
1343	0.05725846067070961	0.1160995289683342	0.5450941920280457
1344	0.058112602680921555	0.11596757173538208	0.5478666424751282
1345	0.05869782343506813	0.11648514121770859	0.5443748235702515
1346	0.057020153850317	0.11713209748268127	0.5400837063789368
1347	0.057016994804143906	0.11726745963096619	0.5394806265830994
1348	0.05830127000808716	0.11685232818126678	0.5422343611717224
1349	0.05617795139551163	0.11619962006807327	0.5462141633033752
1350	0.05682816728949547	0.11571318656206131	0.549015998840332
1351	0.05754048004746437	0.11595241725444794	0.5478622913360596
1352	0.05686991661787033	0.11612612009048462	0.5466203093528748
1353	0.05759330838918686	0.11646135151386261	0.5437121987342834
1354	0.05783355236053467	0.11675113439559937	0.5402121543884277
1355	0.057631827890872955	0.11678154021501541	0.5405722260475159
1356	0.05694466084241867	0.11628665030002594	0.5431815981864929
1357	0.057750530540943146	0.11582471430301666	0.5453176498413086
1358	0.057209912687540054	0.11570136249065399	0.5454767346382141
1359	0.05669502913951874	0.11600976437330246	0.5437654256820679
1360	0.056705497205257416	0.116543248295784	0.5409490466117859
1361	0.0574946328997612	0.11721508204936981	0.5370402932167053
1362	0.05586014315485954	0.11728248000144958	0.53633052110672
1363	0.05762588977813721	0.11697761714458466	0.5381922125816345
1364	0.05669725686311722	0.1166016161441803	0.5402894020080566
1365	0.05642130970954895	0.11663823574781418	0.5399928689002991
1366	0.055864494293928146	0.11690137535333633	0.5384389162063599
1367	0.05684039369225502	0.1171950176358223	0.5368454456329346
1368	0.057945769280195236	0.11736344546079636	0.5366507172584534
1369	0.05751264467835426	0.11735408753156662	0.5376185774803162
1370	0.05651944875717163	0.11714242398738861	0.5394592881202698
1371	0.056698109954595566	0.11694300174713135	0.5407455563545227
1372	0.057036496698856354	0.11695333570241928	0.5415624976158142
1373	0.057023804634809494	0.11668400466442108	0.5436191558837891
1374	0.05621112510561943	0.1167883425951004	0.5429485440254211
1375	0.057168148458004	0.11707715690135956	0.5410156846046448
1376	0.056370656937360764	0.1170327216386795	0.5414670705795288
1377	0.05703163892030716	0.11676789075136185	0.5434315204620361
1378	0.05563380941748619	0.11642604321241379	0.546442985534668
1379	0.05716845765709877	0.11626049876213074	0.5476883053779602
1380	0.05663172900676727	0.11574645340442657	0.5510275959968567
1381	0.057119738310575485	0.11544940620660782	0.5527402758598328
1382	0.05593758076429367	0.11558885872364044	0.5510218143463135
1383	0.05610806122422218	0.11610454320907593	0.5466529726982117
1384	0.05751156806945801	0.11702078580856323	0.5394781231880188
1385	0.056756824254989624	0.11756207048892975	0.5355364084243774
1386	0.05653709918260574	0.11802875995635986	0.5324618816375732
1387	0.056940872222185135	0.11800801753997803	0.5328640341758728
1388	0.05710749328136444	0.11742021143436432	0.5370383858680725
1389	0.05520491674542427	0.11678246408700943	0.5414672493934631
1390	0.05662474408745766	0.1163700744509697	0.5446544289588928
1391	0.0562637522816658	0.11620701104402542	0.5463996529579163
1392	0.05596763640642166	0.11626406013965607	0.5461015701293945
1393	0.05574812367558479	0.11653453856706619	0.5442721843719482
1394	0.05605393275618553	0.1168220043182373	0.5427975058555603
1395	0.05654698610305786	0.1166495531797409	0.5441042184829712
1396	0.05654530227184296	0.11679138988256454	0.5435523986816406
1397	0.056326974183321	0.11669846624135971	0.5439121723175049
1398	0.055845070630311966	0.11653628200292587	0.5445020794868469
1399	0.05615638941526413	0.11670634150505066	0.5436367392539978
1400	0.05509481951594353	0.11725793778896332	0.5395204424858093
1401	0.05626419186592102	0.11762936413288116	0.536682665348053
1402	0.05583588406443596	0.11761066317558289	0.536286473274231
1403	0.055085744708776474	0.11703240871429443	0.5397931337356567
1404	0.05545914173126221	0.11643416434526443	0.5442774295806885
1405	0.05630622059106827	0.11615461111068726	0.5467420220375061
1406	0.055693771690130234	0.11599431186914444	0.5482572317123413
1407	0.055978670716285706	0.11624518036842346	0.5465439558029175
1408	0.0565858818590641	0.11639519035816193	0.5461369752883911
1409	0.05458417907357216	0.11664845049381256	0.5448634028434753
1410	0.055890921503305435	0.11669596284627914	0.5442417860031128
1411	0.0561918281018734	0.11673057079315186	0.5434750914573669
1412	0.05596698075532913	0.11650344729423523	0.5446739792823792
1413	0.05580231174826622	0.1165267825126648	0.5448282957077026
1414	0.055310215801000595	0.11629316955804825	0.5466634631156921
1415	0.05564052239060402	0.11637073755264282	0.5458621382713318
1416	0.05535486340522766	0.11643148958683014	0.5451494455337524
1417	0.055479347705841064	0.11656312644481659	0.5447961091995239
1418	0.055229902267456055	0.11639449000358582	0.5464891195297241
1419	0.05548904091119766	0.11586734652519226	0.5498326420783997
1420	0.05429314449429512	0.11528868228197098	0.5535741448402405
1421	0.055864546447992325	0.11496441066265106	0.5557727813720703
1422	0.0548398457467556	0.11512714624404907	0.5549113750457764
1423	0.056650422513484955	0.11545591801404953	0.5527316331863403
1424	0.05533840134739876	0.11587167531251907	0.5498626232147217
1425	0.05669483169913292	0.11599390208721161	0.5488855838775635
1426	0.054683294147253036	0.11614372581243515	0.5483814477920532
1427	0.05467503145337105	0.11573796719312668	0.5508163571357727
1428	0.05417133867740631	0.11524560302495956	0.5530040860176086
1429	0.05535608530044556	0.1149238869547844	0.5543326139450073
1430	0.05609891563653946	0.11502154171466827	0.5537019371986389
1431	0.054722078144550323	0.11515574157238007	0.5532211065292358
1432	0.055399488657712936	0.1154891699552536	0.551433265209198
1433	0.05493471771478653	0.11580848693847656	0.5498247146606445
1434	0.05499856546521187	0.11599073559045792	0.5491735339164734
1435	0.054953377693891525	0.1160379946231842	0.5494629740715027
1436	0.054471928626298904	0.1158185675740242	0.5516348481178284
1437	0.05544127896428108	0.11530143022537231	0.5551493763923645
1438	0.05500829219818115	0.11494721472263336	0.557100236415863
1439	0.05331041291356087	0.11532803624868393	0.5540969371795654
1440	0.05586078017950058	0.11612511426210403	0.5483623743057251
1441	0.05523497238755226	0.11647690832614899	0.5457503199577332
1442	0.05517276003956795	0.11681938916444778	0.5425230264663696
1443	0.05552418529987335	0.11681468039751053	0.542327344417572
1444	0.05534718185663223	0.11672787368297577	0.5428026914596558
1445	0.05411466211080551	0.11648613214492798	0.5442692637443542
1446	0.05430017039179802	0.11629858613014221	0.544922411441803
1447	0.05603610351681709	0.11614919453859329	0.5453815460205078
1448	0.05542563274502754	0.11593607068061829	0.5463582277297974
1449	0.05646025016903877	0.11613380163908005	0.5445757508277893
1450	0.05517958477139473	0.11600785702466965	0.5458804965019226
1451	0.0546426922082901	0.11615506559610367	0.5459075570106506
1452	0.055058155208826065	0.11616811156272888	0.5470302700996399
1453	0.05507853627204895	0.11576717346906662	0.5512000918388367
1454	0.05498478561639786	0.11579540371894836	0.552090585231781
1455	0.05453503876924515	0.11577367037534714	0.5533047318458557
1456	0.0552087128162384	0.11576636135578156	0.5543090105056763
1457	0.05476604029536247	0.11594734340906143	0.5533006191253662
1458	0.054369520395994186	0.11620867252349854	0.5515512228012085
1459	0.05652129650115967	0.11673308163881302	0.5474439859390259
1460	0.05442536249756813	0.11741859465837479	0.5425539612770081
1461	0.05472075566649437	0.11772149056196213	0.5406439900398254
1462	0.055060867220163345	0.11777913570404053	0.5405223369598389
1463	0.05513247102499008	0.11762406677007675	0.5419043302536011
1464	0.053474586457014084	0.11738832294940948	0.5439924597740173
1465	0.05449217930436134	0.11724000424146652	0.5454903244972229
1466	0.055320605635643005	0.11720452457666397	0.5460411906242371
1467	0.05459598824381828	0.11708831787109375	0.5469497442245483
1468	0.055783532559871674	0.11735034734010696	0.5457135438919067
1469	0.05391094833612442	0.11765702813863754	0.5438955426216125
1470	0.05553613603115082	0.11782059818506241	0.542830228805542
1471	0.05440555885434151	0.11768799275159836	0.5434544086456299
1472	0.053838204592466354	0.11743243783712387	0.5442097783088684
1473	0.053791679441928864	0.11739601194858551	0.5436436533927917
1474	0.0539085827767849	0.11702033132314682	0.5455131530761719
1475	0.05441191419959068	0.11685222387313843	0.5457803010940552
1476	0.05404789373278618	0.1169099286198616	0.5448855757713318
1477	0.05398524925112724	0.11698658019304276	0.5439606308937073
1478	0.05308762192726135	0.11711008846759796	0.5429254174232483
1479	0.05399944260716438	0.1171686127781868	0.5425752401351929
1480	0.053704164922237396	0.11707450449466705	0.5424150228500366
1481	0.05408286303281784	0.11700785160064697	0.5425052046775818
1482	0.053261153399944305	0.1170605793595314	0.5421981811523438
1483	0.05348634347319603	0.11705515533685684	0.5428540706634521
1484	0.053435806185007095	0.11692728102207184	0.5443456172943115
1485	0.05306437611579895	0.11674758046865463	0.5461797714233398
1486	0.05378049984574318	0.11658114194869995	0.547471821308136
1487	0.05403372272849083	0.1163431704044342	0.5494319200515747
1488	0.05274920165538788	0.11644148081541061	0.5490113496780396
1489	0.05412589758634567	0.11651596426963806	0.5488453507423401
1490	0.05353955179452896	0.1165284737944603	0.5495454668998718
1491	0.053710244596004486	0.11632318049669266	0.5516558885574341
1492	0.053827568888664246	0.11624021083116531	0.5527284145355225
1493	0.05460406094789505	0.11640419811010361	0.5522278547286987
1494	0.053540222346782684	0.11692067235708237	0.5490900278091431
1495	0.053988758474588394	0.11747369170188904	0.545265257358551
1496	0.05494370684027672	0.11790045350790024	0.5415480136871338
1497	0.05317523330450058	0.11809856444597244	0.5392851829528809
1498	0.05459919571876526	0.11745600402355194	0.5433505773544312
1499	0.05513334646821022	0.11667993664741516	0.5483722686767578
1500	0.053478311747312546	0.11595550924539566	0.5528984069824219
1501	0.05320372059941292	0.11581301689147949	0.5533890724182129
1502	0.05327920988202095	0.1162606030702591	0.5501976609230042
1503	0.05328729376196861	0.11688029021024704	0.5463531613349915
1504	0.05413277447223663	0.11752310395240784	0.5422927737236023
1505	0.05512429401278496	0.11774185299873352	0.5413419008255005
1506	0.05466353893280029	0.11786164343357086	0.5410734415054321
1507	0.05335791036486626	0.1173156127333641	0.5459628105163574
1508	0.05367717146873474	0.11669349670410156	0.5510268807411194
1509	0.05425092577934265	0.11624196171760559	0.5541507601737976
1510	0.05300099030137062	0.11619745939970016	0.554169237613678
1511	0.05310852825641632	0.11619304865598679	0.5542689561843872
1512	0.05261998996138573	0.11623208224773407	0.554084062576294
1513	0.052891988307237625	0.1162455603480339	0.5539039969444275
1514	0.05399521812796593	0.11598498374223709	0.5554282665252686
1515	0.052726779133081436	0.11551450192928314	0.558862566947937
1516	0.05303824320435524	0.11534418165683746	0.5603393316268921
1517	0.054156601428985596	0.1155046746134758	0.558862566947937
1518	0.05364937335252762	0.1159508228302002	0.5550880432128906
1519	0.05313398316502571	0.11654844880104065	0.5494345426559448
1520	0.05283190310001373	0.11736060678958893	0.5422283411026001
1521	0.053574368357658386	0.11804509907960892	0.5378117561340332
1522	0.05297299474477768	0.11821188777685165	0.5375643968582153
1523	0.054064005613327026	0.11761654913425446	0.5422483086585999
1524	0.05290285125374794	0.11694728583097458	0.5472477078437805
1525	0.05299019441008568	0.11631455272436142	0.5518403649330139
1526	0.05262647569179535	0.1157524511218071	0.5555592179298401
1527	0.0535847544670105	0.11559441685676575	0.5560523271560669
1528	0.05312489718198776	0.11593209952116013	0.5535313487052917
1529	0.05385099723935127	0.11587081104516983	0.5535760521888733
1530	0.05272907763719559	0.11570754647254944	0.5542405843734741
1531	0.05201369524002075	0.11547133326530457	0.5556997656822205
1532	0.05297797545790672	0.11564222723245621	0.5551040172576904
1533	0.052996449172496796	0.11564071476459503	0.5554007887840271
1534	0.05266181379556656	0.1159430518746376	0.5533421635627747
1535	0.05307602509856224	0.11631513386964798	0.5502235889434814
1536	0.05258743464946747	0.11651438474655151	0.5488275289535522
1537	0.05310032144188881	0.11632784456014633	0.550260603427887
1538	0.0523601770401001	0.11574704945087433	0.5544055700302124
1539	0.05431809648871422	0.11520373076200485	0.5589039325714111
1540	0.05288592725992203	0.11459695547819138	0.5638706684112549
1541	0.052511170506477356	0.11461005359888077	0.564918577671051
1542	0.05373498797416687	0.11523168534040451	0.5608966946601868
1543	0.05286174640059471	0.11590029299259186	0.5556943416595459
1544	0.05366230383515358	0.116375632584095	0.5524011850357056
1545	0.05392765998840332	0.11649448424577713	0.5515157580375671
1546	0.05261584371328354	0.11649434268474579	0.5511929392814636
1547	0.052656035870313644	0.11622761934995651	0.552402913570404
1548	0.05269736796617508	0.11599084734916687	0.5537466406822205
1549	0.05279488116502762	0.11575084924697876	0.5551745295524597
1550	0.052521027624607086	0.11587906628847122	0.5542290806770325
1551	0.05238128453493118	0.115860216319561	0.5547327995300293
1552	0.052520498633384705	0.1159072071313858	0.5549860000610352
1553	0.053142040967941284	0.11614826321601868	0.5542205572128296
1554	0.053217608481645584	0.11618007719516754	0.5545398592948914
1555	0.05298677459359169	0.11628852784633636	0.5539627075195312
1556	0.05301978066563606	0.11675940454006195	0.5510526895523071
1557	0.05340716615319252	0.11733683198690414	0.5470984578132629
1558	0.05351477488875389	0.11778759211301804	0.5440613031387329
1559	0.05206479877233505	0.1177215576171875	0.5442097783088684
1560	0.0521678626537323	0.1174061968922615	0.5461380481719971
1561	0.0526171550154686	0.11688428372144699	0.5493753552436829
1562	0.051826637238264084	0.11619489639997482	0.5533584952354431
1563	0.05140338093042374	0.11567138880491257	0.556272566318512
1564	0.05206578969955444	0.11553394794464111	0.5569021105766296
1565	0.05287034809589386	0.11559637635946274	0.5566287040710449
1566	0.0529007650911808	0.11541823297739029	0.5578460693359375
1567	0.05188917741179466	0.11525306105613708	0.5594618320465088
1568	0.05276990681886673	0.1151520162820816	0.5609639883041382
1569	0.05194030702114105	0.1151723638176918	0.5608773827552795
1570	0.05188212916254997	0.11534281820058823	0.559678316116333
1571	0.05226032808423042	0.11564568430185318	0.5576866865158081
1572	0.0518624447286129	0.11616261303424835	0.5538927316665649
1573	0.05182400345802307	0.11657080054283142	0.5512662529945374
1574	0.05217696353793144	0.11664485931396484	0.5511128306388855
1575	0.052575498819351196	0.11632762849330902	0.5530611872673035
1576	0.05179818347096443	0.1157577782869339	0.5566105246543884
1577	0.053004320710897446	0.11535508930683136	0.55942302942276
1578	0.052009664475917816	0.11492352187633514	0.5626523494720459
1579	0.052610691636800766	0.11491469293832779	0.5630632042884827
1580	0.05196767672896385	0.11521336436271667	0.5612884163856506
1581	0.05184357985854149	0.11565836519002914	0.5587272644042969
1582	0.051964838057756424	0.11609291285276413	0.5564637780189514
1583	0.052107878029346466	0.11648467928171158	0.5546863675117493
1584	0.05047346279025078	0.1166238784790039	0.5539102554321289
1585	0.052566420286893845	0.11657106876373291	0.5538972020149231
1586	0.05161061882972717	0.11623290181159973	0.5557850003242493
1587	0.051905374974012375	0.11577574163675308	0.5584487318992615
1588	0.05140233039855957	0.11544812470674515	0.5600619912147522
1589	0.05096976086497307	0.115129254758358	0.5614631175994873
1590	0.052526284009218216	0.11477997153997421	0.5630777478218079
1591	0.051861293613910675	0.11453370004892349	0.5643285512924194
1592	0.0523904412984848	0.11447171866893768	0.5647569298744202
1593	0.051784440875053406	0.11432762444019318	0.5659112334251404
1594	0.052130915224552155	0.1140807569026947	0.5674232244491577
1595	0.05181179568171501	0.11397694796323776	0.5678611993789673
1596	0.05377635359764099	0.1145051047205925	0.5638152360916138
1597	0.05213275924324989	0.11513884365558624	0.5593862533569336
1598	0.05165296420454979	0.1158544197678566	0.5544973611831665
1599	0.0523141548037529	0.11628645658493042	0.5513724684715271
1600	0.05308004841208458	0.11638609319925308	0.5511883497238159
1601	0.05310970917344093	0.11612939834594727	0.5537996292114258
1602	0.0517355240881443	0.11528497189283371	0.5597726702690125
1603	0.051838185638189316	0.1146015077829361	0.5645914673805237
1604	0.050134871155023575	0.11438020318746567	0.566116213798523
1605	0.0521664097905159	0.11443758755922318	0.5649425387382507
1606	0.05111004412174225	0.11501710116863251	0.5599973797798157
1607	0.050924502313137054	0.11551663279533386	0.5563513040542603
1608	0.051329344511032104	0.11563025414943695	0.5552156567573547
1609	0.05185580253601074	0.11545893549919128	0.5552946329116821
1610	0.05131392925977707	0.11532510071992874	0.5557577013969421
1611	0.051118429750204086	0.11486539244651794	0.5585002303123474
1612	0.05268470197916031	0.1148056611418724	0.5594599843025208
1613	0.05212156102061272	0.11505729705095291	0.5586651563644409
1614	0.05193740129470825	0.1155032217502594	0.5560709834098816
1615	0.05114155262708664	0.11578463017940521	0.5542088150978088
1616	0.052497271448373795	0.11551326513290405	0.5564410090446472
1617	0.05200611427426338	0.1148092970252037	0.5620238184928894
1618	0.05023457109928131	0.1140669658780098	0.5678891539573669
1619	0.0523621141910553	0.11369426548480988	0.571187436580658
1620	0.050533950328826904	0.11370086669921875	0.5717769861221313
1621	0.05041518434882164	0.11404938995838165	0.5698360800743103
1622	0.050875723361968994	0.1145089790225029	0.5661835074424744
1623	0.052094973623752594	0.11481405049562454	0.5644099116325378
1624	0.05215302109718323	0.1148519292473793	0.5637929439544678
1625	0.05122918263077736	0.11494644731283188	0.5626145005226135
1626	0.05126480758190155	0.11448875069618225	0.5650438666343689
1627	0.04994857311248779	0.11425034701824188	0.5664560794830322
1628	0.05106685683131218	0.11421718448400497	0.5666325688362122
1629	0.05097926780581474	0.11455143243074417	0.5645783543586731
1630	0.051212381571531296	0.11507371068000793	0.5611074566841125
1631	0.051011789590120316	0.11551833152770996	0.5585083961486816
1632	0.05096781253814697	0.11554321646690369	0.5586764216423035
1633	0.04969749599695206	0.11520656198263168	0.5614458918571472
1634	0.05183786526322365	0.114676333963871	0.5657248497009277
1635	0.05109655484557152	0.11400221288204193	0.570957362651825
1636	0.04961685836315155	0.11343003064393997	0.5748315453529358
1637	0.051733098924160004	0.1135067269206047	0.5743222236633301
1638	0.05206149071455002	0.11399435251951218	0.571229100227356
1639	0.04974693804979324	0.11478618532419205	0.5661725997924805
1640	0.05077430233359337	0.1152079701423645	0.5636870265007019
1641	0.05058823153376579	0.11518446356058121	0.5639710426330566
1642	0.051554124802351	0.11497927457094193	0.5653537511825562
1643	0.050706349313259125	0.11462060362100601	0.5672686696052551
1644	0.05079154297709465	0.11458375304937363	0.5680656433105469
1645	0.05054423213005066	0.11473677307367325	0.5670251250267029
1646	0.05064498260617256	0.11518688499927521	0.5632829070091248
1647	0.0503423698246479	0.11546727269887924	0.5604318976402283
1648	0.05111587047576904	0.11589491367340088	0.5569505095481873
1649	0.05036918818950653	0.11621346324682236	0.5549410581588745
1650	0.05018288269639015	0.11629512161016464	0.5553088784217834
1651	0.05052224174141884	0.1160941869020462	0.5578070878982544
1652	0.05135136842727661	0.11573285609483719	0.56088787317276
1653	0.05158506706357002	0.11540411412715912	0.563292920589447
1654	0.049773745238780975	0.1153467670083046	0.5635018944740295
1655	0.050654005259275436	0.11555113643407822	0.5620628595352173
1656	0.050604939460754395	0.11578989028930664	0.5603646039962769
1657	0.05036427080631256	0.11574127525091171	0.5605363249778748
1658	0.05060751363635063	0.11577258259057999	0.5604218244552612
1659	0.05019092932343483	0.11557409912347794	0.5615339875221252
1660	0.04979319870471954	0.11526485532522202	0.5632985234260559
1661	0.049584511667490005	0.11497686803340912	0.5648625493049622
1662	0.050763893872499466	0.11486517637968063	0.5652243494987488
1663	0.05050375685095787	0.11501661688089371	0.563952624797821
1664	0.05083245411515236	0.11522563546895981	0.5627835392951965
1665	0.05009951442480087	0.11554120481014252	0.5610467791557312
1666	0.05045684054493904	0.11554163694381714	0.5615739226341248
1667	0.04971795901656151	0.11514009535312653	0.564911961555481
1668	0.0504705086350441	0.11468571424484253	0.56822669506073
1669	0.04968259483575821	0.11444233357906342	0.569991409778595
1670	0.04933105409145355	0.11447256803512573	0.5693641901016235
1671	0.05039414390921593	0.11446420848369598	0.5693746209144592
1672	0.0506005696952343	0.11471857130527496	0.5679176449775696
1673	0.05052649974822998	0.11479653418064117	0.5676043629646301
1674	0.04967157542705536	0.1149686723947525	0.566545844078064
1675	0.050901442766189575	0.11512047052383423	0.5654029846191406
1676	0.0494331419467926	0.11479073017835617	0.5675816535949707
1677	0.04988810420036316	0.1143435537815094	0.5701402425765991
1678	0.05027952417731285	0.1138162612915039	0.5731379985809326
1679	0.050545889884233475	0.11365038901567459	0.5739330649375916
1680	0.049784984439611435	0.11368066072463989	0.5730652213096619
1681	0.04974081739783287	0.11413957178592682	0.569088339805603
1682	0.05038129538297653	0.1147172823548317	0.5645989179611206
1683	0.04949166253209114	0.11508122086524963	0.5622174739837646
1684	0.04920521378517151	0.11516904085874557	0.5621756315231323
1685	0.050742894411087036	0.11533194035291672	0.5620339512825012
1686	0.05072683095932007	0.1151423528790474	0.5642274618148804
1687	0.049926064908504486	0.11492684483528137	0.5659512281417847
1688	0.05082355812191963	0.1149107813835144	0.5660755634307861
1689	0.04992460086941719	0.11493733525276184	0.5662053823471069
1690	0.049007680267095566	0.1151733547449112	0.5647006034851074
1691	0.049264900386333466	0.1155901700258255	0.561569094657898
1692	0.04969298467040062	0.11567328125238419	0.5605875849723816
1693	0.050606630742549896	0.11508379876613617	0.5646221041679382
1694	0.049614835530519485	0.11442260444164276	0.5691297054290771
1695	0.04906422272324562	0.11368735134601593	0.5740459561347961
1696	0.050569597631692886	0.11342880129814148	0.5758659243583679
1697	0.04906528815627098	0.11362682282924652	0.5748892426490784
1698	0.04927956685423851	0.11413004994392395	0.5716801881790161
1699	0.050391294062137604	0.11462222784757614	0.5687345266342163
1700	0.04936445876955986	0.11493688076734543	0.5668236613273621
1701	0.05010212957859039	0.11494949460029602	0.5663721561431885
1702	0.04948590695858002	0.11460905522108078	0.567988395690918
1703	0.04957282543182373	0.11442091315984726	0.5686156749725342
1704	0.049494244158267975	0.11450591683387756	0.5673540830612183
1705	0.05000961571931839	0.11478035151958466	0.5650293231010437
1706	0.050775084644556046	0.11532565206289291	0.5618093013763428
1707	0.04974660277366638	0.11551836878061295	0.5610181093215942
1708	0.05080672726035118	0.11523763090372086	0.5629686713218689
1709	0.04985868185758591	0.11484546214342117	0.565729558467865
1710	0.050143055617809296	0.11447367072105408	0.5678029656410217
1711	0.04944860562682152	0.1144624724984169	0.56746906042099
1712	0.049484264105558395	0.11469805240631104	0.5652949213981628
1713	0.04968492314219475	0.11524542421102524	0.5611140727996826
1714	0.0496174693107605	0.11580603569746017	0.557159423828125
1715	0.048572685569524765	0.11581815034151077	0.5571290850639343
1716	0.049495916813611984	0.11543144285678864	0.5599021315574646
1717	0.04813825711607933	0.11489112675189972	0.5639464259147644
1718	0.04954804852604866	0.11474274098873138	0.5657688975334167
1719	0.04930219054222107	0.11503797024488449	0.5647038221359253
1720	0.047942470759153366	0.11516648530960083	0.5644891262054443
1721	0.04996122792363167	0.11539290845394135	0.5637847781181335
1722	0.04928652197122574	0.11542122066020966	0.5639457702636719
1723	0.048658572137355804	0.11530645936727524	0.564928412437439
1724	0.04912008345127106	0.11490604281425476	0.5672860741615295
1725	0.048494916409254074	0.11430417746305466	0.5705189108848572
1726	0.04902466759085655	0.11413100361824036	0.5714789032936096
1727	0.04930311068892479	0.11433712393045425	0.5702378153800964
1728	0.0494304858148098	0.11419301480054855	0.5708380341529846
1729	0.048879340291023254	0.11400777101516724	0.5713955760002136
1730	0.049646470695734024	0.11407339572906494	0.5703562498092651
1731	0.04923909902572632	0.11390065401792526	0.5710107684135437
1732	0.049260031431913376	0.11340267956256866	0.5736436247825623
1733	0.048869434744119644	0.1132558062672615	0.5742470026016235
1734	0.04875684529542923	0.1133633702993393	0.5735445022583008
1735	0.04922918602824211	0.11380396783351898	0.5709664821624756
1736	0.04957345873117447	0.11417872458696365	0.5698205232620239
1737	0.04948015511035919	0.11453856527805328	0.5686942934989929
1738	0.04976114630699158	0.11488260328769684	0.5671224594116211
1739	0.048756636679172516	0.11486587673425674	0.5673304200172424
1740	0.04961514100432396	0.11494842171669006	0.5666599273681641
1741	0.048743393272161484	0.11509110778570175	0.5653412938117981
1742	0.04950617998838425	0.11513661593198776	0.5644032955169678
1743	0.04904869198799133	0.11513887345790863	0.5637653470039368
1744	0.04873126000165939	0.1149817407131195	0.5649348497390747
1745	0.04854686185717583	0.11461146920919418	0.5667529702186584
1746	0.04901459068059921	0.11436139047145844	0.5684817433357239
1747	0.04896776005625725	0.11400748789310455	0.5704684853553772
1748	0.05036832392215729	0.11424067616462708	0.5686121582984924
1749	0.04850233718752861	0.11435645073652267	0.5682398080825806
1750	0.04890035465359688	0.1142926961183548	0.5687699913978577
1751	0.049116745591163635	0.11434261500835419	0.5690852403640747
1752	0.04883594438433647	0.11423240602016449	0.5703771710395813
1753	0.0484759695827961	0.11399916559457779	0.5719640254974365
1754	0.04870497062802315	0.11370716243982315	0.5731425285339355
1755	0.049133047461509705	0.11374827474355698	0.5720757246017456
1756	0.049120012670755386	0.11398617923259735	0.5695781111717224
1757	0.048639263957738876	0.11449082940816879	0.5660741329193115
1758	0.04872437193989754	0.11503364145755768	0.5618338584899902
1759	0.048534542322158813	0.11515019834041595	0.5606546401977539
1760	0.04865042492747307	0.1148938238620758	0.5623800754547119
1761	0.049275465309619904	0.11422576755285263	0.5674165487289429
1762	0.048843786120414734	0.1136091873049736	0.5728076696395874
1763	0.048388782888650894	0.11318103969097137	0.5764479637145996
1764	0.048778314143419266	0.11286889761686325	0.579016387462616
1765	0.0483517199754715	0.11308130621910095	0.577752411365509
1766	0.04834546893835068	0.11316781491041183	0.576725423336029
1767	0.04983314871788025	0.11348186433315277	0.5740415453910828
1768	0.048773422837257385	0.11383870244026184	0.5711270570755005
1769	0.04860560968518257	0.1139824390411377	0.5699402093887329
1770	0.049331940710544586	0.11398471146821976	0.5696320533752441
1771	0.04845952242612839	0.11389002203941345	0.569991409778595
1772	0.04791383817791939	0.11381509900093079	0.570121705532074
1773	0.049552444368600845	0.1137208417057991	0.5711259841918945
1774	0.04802726209163666	0.11366591602563858	0.5718593597412109
1775	0.04882095009088516	0.11363556236028671	0.5724576711654663
1776	0.047509465366601944	0.11358698457479477	0.5728330016136169
1777	0.04845733195543289	0.11374350637197495	0.5715377926826477
1778	0.04886602982878685	0.11396743357181549	0.5692853331565857
1779	0.0483161136507988	0.11440339684486389	0.5655599236488342
1780	0.047694843262434006	0.11470717191696167	0.5639640092849731
1781	0.04891865327954292	0.11468736827373505	0.5638659596443176
1782	0.048032425343990326	0.11466638743877411	0.5636501908302307
1783	0.04845907911658287	0.11449886858463287	0.5648952126502991
1784	0.047286257147789	0.11435490846633911	0.5670382976531982
1785	0.04825519025325775	0.11421093344688416	0.5690504908561707
1786	0.048840317875146866	0.11408683657646179	0.5706519484519958
1787	0.04779304191470146	0.1141706183552742	0.571349561214447
1788	0.047843270003795624	0.11454486846923828	0.570142924785614
1789	0.04865406081080437	0.1147054061293602	0.569340705871582
1790	0.047846097499132156	0.11444998532533646	0.570588231086731
1791	0.04925311729311943	0.1138143315911293	0.5742136836051941
1792	0.04848487675189972	0.11353782564401627	0.5757259130477905
1793	0.047873273491859436	0.11343208700418472	0.5758712291717529
1794	0.04847332835197449	0.11347834020853043	0.57472163438797
1795	0.04713069647550583	0.11347783356904984	0.5739601254463196
1796	0.04865977168083191	0.11354521661996841	0.5727934837341309
1797	0.047892410308122635	0.11327329277992249	0.5741554498672485
1798	0.04807284474372864	0.11297471821308136	0.575840413570404
1799	0.04917241632938385	0.11266477406024933	0.5781986713409424
1800	0.047357868403196335	0.11262981593608856	0.5790761709213257
1801	0.04853092506527901	0.11295772343873978	0.5775056481361389
1802	0.047760963439941406	0.1133430153131485	0.5750828385353088
1803	0.04859960079193115	0.11358078569173813	0.5732421278953552
1804	0.04768969491124153	0.11383689939975739	0.5711866021156311
1805	0.0483933761715889	0.11415985971689224	0.568800687789917
1806	0.049890339374542236	0.1141955703496933	0.5683951377868652
1807	0.048747602850198746	0.11390163749456406	0.5706613063812256
1808	0.04893079400062561	0.11346078664064407	0.5739620923995972
1809	0.04812277853488922	0.11322411149740219	0.5760884881019592
1810	0.04910453408956528	0.11312023550271988	0.5775972604751587
1811	0.04841148108243942	0.11328695714473724	0.5770770907402039
1812	0.04818510636687279	0.11341807246208191	0.5771968960762024
1813	0.047776877880096436	0.11339229345321655	0.5777700543403625
1814	0.04741290211677551	0.11370274424552917	0.5757436752319336
1815	0.04749631509184837	0.11402761191129684	0.573815643787384
1816	0.047455836087465286	0.114215187728405	0.5721789598464966
1817	0.04697190225124359	0.11448219418525696	0.5702617764472961
1818	0.048225171864032745	0.11456428468227386	0.5694329142570496
1819	0.048413313925266266	0.11441534012556076	0.5701656937599182
1820	0.04766663536429405	0.11411409825086594	0.5723705291748047
1821	0.04865068942308426	0.11371007561683655	0.5749528408050537
1822	0.048128582537174225	0.11356613039970398	0.5764194130897522
1823	0.047301456332206726	0.11375299841165543	0.5758429765701294
1824	0.04695377126336098	0.11411258578300476	0.5738049149513245
1825	0.04803861305117607	0.11433625966310501	0.572330892086029
1826	0.04782428219914436	0.11423507332801819	0.5721909403800964
1827	0.04830979183316231	0.11393116414546967	0.5735194087028503
1828	0.04773416370153427	0.11380185931921005	0.574194610118866
1829	0.046682391315698624	0.11368773132562637	0.5748408436775208
1830	0.047099024057388306	0.11389216035604477	0.5735822319984436
1831	0.046997178345918655	0.11430253088474274	0.5711991786956787
1832	0.047260917723178864	0.11471664160490036	0.5686275362968445
1833	0.04819739609956741	0.11452370882034302	0.5699191093444824
1834	0.04804108664393425	0.11389855295419693	0.5742236375808716
1835	0.047884874045848846	0.11307817697525024	0.5792791843414307
1836	0.047766029834747314	0.11232388764619827	0.5835584402084351
1837	0.04695284366607666	0.11202510446310043	0.5850342512130737
1838	0.04758148640394211	0.112423375248909	0.5823014974594116
1839	0.04791450500488281	0.11284840852022171	0.5795974135398865
1840	0.04793708771467209	0.11305323243141174	0.5782485604286194
1841	0.04811442643404007	0.11281545460224152	0.5796091556549072
1842	0.04679153859615326	0.11300138384103775	0.5788297653198242
1843	0.047326330095529556	0.1132040023803711	0.5779377818107605
1844	0.047960374504327774	0.11352729797363281	0.5761736035346985
1845	0.047736357897520065	0.1141371950507164	0.5727430582046509
1846	0.04848899319767952	0.11470506340265274	0.5691012144088745
1847	0.04856368899345398	0.11479374766349792	0.568474292755127
1848	0.04750708118081093	0.11461175233125687	0.569588303565979
1849	0.047657549381256104	0.11427117139101028	0.5721741318702698
1850	0.04820378124713898	0.11369152367115021	0.5759100914001465
1851	0.047359712421894073	0.11306091398000717	0.5796322822570801
1852	0.04736156761646271	0.11271211504936218	0.5816088914871216
1853	0.047066234052181244	0.11266709864139557	0.5816676616668701
1854	0.04703068733215332	0.11270532011985779	0.5811139345169067
1855	0.04728475585579872	0.11273588985204697	0.58062344789505
1856	0.04702840745449066	0.11289273202419281	0.5795544981956482
1857	0.04791267216205597	0.11295966058969498	0.5791465044021606
1858	0.046545252203941345	0.11307106167078018	0.5785037279129028
1859	0.0481429398059845	0.11320844292640686	0.5777631998062134
1860	0.04710211232304573	0.11378379166126251	0.5745788216590881
1861	0.047893427312374115	0.11428660154342651	0.5709872245788574
1862	0.047940533608198166	0.11477747559547424	0.5683438181877136
1863	0.04685252532362938	0.11439071595668793	0.5713362693786621
1864	0.0483197458088398	0.11397445946931839	0.5742998123168945
1865	0.047520071268081665	0.113328717648983	0.5786482691764832
1866	0.04712054505944252	0.11254242062568665	0.5834938883781433
1867	0.047148000448942184	0.11172385513782501	0.5883949995040894
1868	0.04638461396098137	0.11095413565635681	0.592336893081665
1869	0.047680966556072235	0.11084000021219254	0.5929555296897888
1870	0.04643914848566055	0.1113944873213768	0.5891056656837463
1871	0.047387994825839996	0.11199798434972763	0.584865152835846
1872	0.04776756465435028	0.11252512037754059	0.5810431241989136
1873	0.048131294548511505	0.11284490674734116	0.5781770348548889
1874	0.04750363156199455	0.11282610893249512	0.5777105093002319
1875	0.0473821759223938	0.1129128560423851	0.5770353674888611
1876	0.04804468899965286	0.11303293704986572	0.576252281665802
1877	0.04685572162270546	0.1134265884757042	0.5738971829414368
1878	0.046493880450725555	0.11378087848424911	0.5721328258514404
1879	0.0476701483130455	0.11408643424510956	0.5711954236030579
1880	0.04729141294956207	0.11459548026323318	0.5690087676048279
1881	0.0470428541302681	0.11482735723257065	0.5680390000343323
1882	0.04761415719985962	0.11446952819824219	0.5703960061073303
1883	0.046258728951215744	0.1136932522058487	0.5747868418693542
1884	0.04645708203315735	0.11309444159269333	0.5782783627510071
1885	0.04771886020898819	0.11281374096870422	0.5801505446434021
1886	0.048605646938085556	0.11282547563314438	0.5798231959342957
1887	0.047531820833683014	0.11288397759199142	0.579587459564209
1888	0.04745417460799217	0.11295589059591293	0.579440176486969
1889	0.04625318571925163	0.11284738034009933	0.5799967050552368
1890	0.046163395047187805	0.11287253350019455	0.5800138115882874
1891	0.046910930424928665	0.11316084861755371	0.5784298181533813
1892	0.047424666583538055	0.11376054584980011	0.574753999710083
1893	0.046626657247543335	0.11454173177480698	0.5695078372955322
1894	0.047127507627010345	0.11486806720495224	0.5673730373382568
1895	0.047435324639081955	0.11487922817468643	0.5678718090057373
1896	0.045167721807956696	0.11476099491119385	0.5689873099327087
1897	0.04814568907022476	0.11408015340566635	0.5731350779533386
1898	0.046528324484825134	0.11360915005207062	0.5758792757987976
1899	0.04657287895679474	0.11354381591081619	0.5765730738639832
1900	0.04640604555606842	0.11367442458868027	0.5757034420967102
1901	0.047381263226270676	0.11361457407474518	0.5757834911346436
1902	0.0475485660135746	0.11369471997022629	0.5753619074821472
1903	0.04695292189717293	0.11351470649242401	0.5767266750335693
1904	0.04647665098309517	0.11330641806125641	0.5775576233863831
1905	0.046473488211631775	0.11323922872543335	0.5770164728164673
1906	0.04707330837845802	0.11342743784189224	0.5753855109214783
1907	0.04681623354554176	0.11340519040822983	0.575139582157135
1908	0.04663350060582161	0.1136791855096817	0.5735860466957092
1909	0.04598416015505791	0.11386781930923462	0.5730561017990112
1910	0.047349750995635986	0.11376044154167175	0.5745871663093567
1911	0.047492578625679016	0.11314201354980469	0.579160213470459
1912	0.04665469378232956	0.1124785840511322	0.5846666693687439
1913	0.046368323266506195	0.1120256707072258	0.5880449414253235
1914	0.047829028218984604	0.112322136759758	0.5867753028869629
1915	0.047121256589889526	0.11301076412200928	0.5830983519554138
1916	0.04702959209680557	0.11352162808179855	0.5796359181404114
1917	0.04613034054636955	0.11339829862117767	0.5787985324859619
1918	0.045948099344968796	0.11368730664253235	0.5760646462440491
1919	0.04605057090520859	0.11445443332195282	0.5723612308502197
1920	0.0472123809158802	0.11489387601613998	0.570551872253418
1921	0.046431273221969604	0.11464417725801468	0.5713933706283569
1922	0.04697420448064804	0.11397372931241989	0.5745635032653809
1923	0.04577012360095978	0.11363652348518372	0.5773882269859314
1924	0.04599791765213013	0.11333610862493515	0.5799010992050171
1925	0.04640362411737442	0.11310531944036484	0.5820371508598328
1926	0.046308811753988266	0.11296171694993973	0.5828573703765869
1927	0.04654631391167641	0.11270219087600708	0.5842116475105286
1928	0.04678846523165703	0.11282573640346527	0.5833743810653687
1929	0.04675664007663727	0.11302874237298965	0.5818060636520386
1930	0.04632076993584633	0.11332675814628601	0.5795696377754211
1931	0.04653645306825638	0.11353961378335953	0.5785998106002808
1932	0.04670591279864311	0.1138448640704155	0.5767139792442322
1933	0.045909084379673004	0.11372049897909164	0.5772184133529663
1934	0.04532492905855179	0.11354895681142807	0.5783413648605347
1935	0.04502209275960922	0.1132391020655632	0.5802803635597229
1936	0.04781541973352432	0.11265749484300613	0.5841386318206787
1937	0.04589395597577095	0.11223959177732468	0.5864983797073364
1938	0.04601564258337021	0.11240532994270325	0.5856066346168518
1939	0.04565097391605377	0.11272934824228287	0.5836467742919922
1940	0.04678760841488838	0.11315491050481796	0.5809590220451355
1941	0.046314094215631485	0.11358710378408432	0.5779159665107727
1942	0.046967219561338425	0.11388293653726578	0.5760300159454346
1943	0.04712219163775444	0.1140587106347084	0.574803352355957
1944	0.04701298102736473	0.11404742300510406	0.5747725367546082
1945	0.04559702426195145	0.11364526301622391	0.5770279765129089
1946	0.0471222847700119	0.11297441273927689	0.5810372233390808
1947	0.04593469575047493	0.11269659548997879	0.5829543471336365
1948	0.04730496183037758	0.11262740194797516	0.5834881067276001
1949	0.044989872723817825	0.11298302561044693	0.5812240839004517
1950	0.04562251269817352	0.11362802237272263	0.5776730179786682
1951	0.04702991247177124	0.11388362944126129	0.575747013092041
1952	0.046854205429553986	0.11373323947191238	0.5768343210220337
1953	0.04620007053017616	0.11348451673984528	0.5794718861579895
1954	0.04585108160972595	0.11327183246612549	0.5811928510665894
1955	0.04685103893280029	0.11319198459386826	0.5799475908279419
1956	0.04579285904765129	0.11359229683876038	0.5778164267539978
1957	0.046185944229364395	0.11442725360393524	0.5741637945175171
1958	0.04581805318593979	0.1149318590760231	0.571769118309021
1959	0.04636891558766365	0.1147991418838501	0.5719913840293884
1960	0.0463268980383873	0.1140819564461708	0.5753255486488342
1961	0.044944878667593	0.11342887580394745	0.5795094966888428
1962	0.04667167365550995	0.11308369785547256	0.5816442370414734
1963	0.046037863940000534	0.11296258121728897	0.581586480140686
1964	0.04552550986409187	0.11309699714183807	0.5804768204689026
1965	0.046610280871391296	0.11337175965309143	0.5789387226104736
1966	0.045405078679323196	0.11331764608621597	0.5796456933021545
1967	0.04689062014222145	0.11282618343830109	0.5824550986289978
1968	0.04566922411322594	0.11221947520971298	0.585717499256134
1969	0.045993443578481674	0.11175696551799774	0.5887235999107361
1970	0.044977668672800064	0.11163822561502457	0.5900769829750061
1971	0.04565424099564552	0.11215628683567047	0.5876662731170654
1972	0.04644511267542839	0.113059863448143	0.5826923251152039
1973	0.046166133135557175	0.1140519380569458	0.5762348175048828
1974	0.04517161101102829	0.11442559212446213	0.5734829306602478
1975	0.04534120485186577	0.11438076198101044	0.5735788941383362
1976	0.045951277017593384	0.1141887679696083	0.5744433999061584
1977	0.04629327729344368	0.11367035657167435	0.5770995020866394
1978	0.045589592307806015	0.11332304030656815	0.5790247321128845
1979	0.04654654860496521	0.1130368784070015	0.5810418725013733
1980	0.04502562806010246	0.11333632469177246	0.5794980525970459
1981	0.04628812149167061	0.11346397548913956	0.5792190432548523
1982	0.04666976258158684	0.11319927126169205	0.5816628932952881
1983	0.0457887202501297	0.1126275286078453	0.5853322148323059
1984	0.04499344155192375	0.11209343373775482	0.5886385440826416
1985	0.04602117836475372	0.11190839856863022	0.5896354913711548
1986	0.04622602090239525	0.1120874360203743	0.5886405110359192
1987	0.045725174248218536	0.11275412142276764	0.5844504237174988
1988	0.04670087248086929	0.11351218819618225	0.5792324542999268
1989	0.046079035848379135	0.11383990198373795	0.576242208480835
1990	0.04644795134663582	0.11394364386796951	0.5757368803024292
1991	0.04505931958556175	0.11367765069007874	0.5774988532066345
1992	0.046496421098709106	0.113063745200634	0.5809962153434753
1993	0.046093862503767014	0.1122332215309143	0.5860035419464111
1994	0.04520004615187645	0.11159893125295639	0.5898216366767883
1995	0.04660528153181076	0.11128585785627365	0.5917795300483704
1996	0.04451777786016464	0.11160603165626526	0.5900391936302185
1997	0.046056345105171204	0.11201003938913345	0.5877512693405151
1998	0.04563186317682266	0.11241032928228378	0.5852370858192444
1999	0.04517795518040657	0.1124090924859047	0.5848732590675354
2000	0.045524533838033676	0.11259287595748901	0.5829271078109741
2001	0.045805640518665314	0.11256647109985352	0.5824852585792542
2002	0.045447938144207	0.11261961609125137	0.581838846206665
2003	0.04557058960199356	0.112726591527462	0.5812779664993286
2004	0.04602299630641937	0.11227686703205109	0.5842292308807373
2005	0.045817308127880096	0.11159095913171768	0.5886526703834534
2006	0.046422891318798065	0.11109103262424469	0.5926229357719421
2007	0.04555489867925644	0.11085334420204163	0.5948246717453003
2008	0.04560887813568115	0.11115912348031998	0.5945040583610535
2009	0.04593632370233536	0.11173371225595474	0.591641902923584
2010	0.04435232654213905	0.11239175498485565	0.5877165198326111
2011	0.045994341373443604	0.11272411793470383	0.5854755640029907
2012	0.04503413662314415	0.11254605650901794	0.5867314338684082
2013	0.047040726989507675	0.11259539425373077	0.5864580869674683
2014	0.04569932818412781	0.11313538998365402	0.583126962184906
2015	0.04472144693136215	0.1134050264954567	0.5816283226013184
2016	0.04501951113343239	0.11362107843160629	0.5805144906044006
2017	0.04467013478279114	0.11368262022733688	0.580185055732727
2018	0.04468695819377899	0.11335212737321854	0.5817510485649109
2019	0.045775093138217926	0.11282958090305328	0.5845569968223572
2020	0.04469333216547966	0.11212681978940964	0.5885862112045288
2021	0.045976076275110245	0.11165639013051987	0.5914425849914551
2022	0.04399246722459793	0.11169730126857758	0.5914997458457947
2023	0.04555224999785423	0.11221565306186676	0.5894572734832764
2024	0.04587138444185257	0.11287465691566467	0.5859270691871643
2025	0.04511016607284546	0.11283838748931885	0.5855104923248291
2026	0.0456123910844326	0.11250367015600204	0.5866113901138306
2027	0.04562428221106529	0.11193021386861801	0.589404284954071
2028	0.043917980045080185	0.11160031706094742	0.5911696553230286
2029	0.04590766876935959	0.11153188347816467	0.5911887288093567
2030	0.044526465237140656	0.11150595545768738	0.5912218689918518
2031	0.04510173574090004	0.11160800606012344	0.5911712050437927
2032	0.04502364620566368	0.11168136447668076	0.5908359289169312
2033	0.044545482844114304	0.11154434829950333	0.5910859704017639
2034	0.04474804922938347	0.11125499755144119	0.5923678278923035
2035	0.04554006829857826	0.11122055351734161	0.5922707319259644
2036	0.045023396611213684	0.1113608330488205	0.5913956165313721
2037	0.04472804442048073	0.1116037368774414	0.5900780558586121
2038	0.044642746448516846	0.11177519708871841	0.5890464782714844
2039	0.04428697004914284	0.11180151998996735	0.5889390707015991
2040	0.04551290348172188	0.11170021444559097	0.5898525714874268
2041	0.04429960623383522	0.11169418692588806	0.5905827283859253
2042	0.04565267637372017	0.11172240972518921	0.5912327766418457
2043	0.04434771090745926	0.11147312074899673	0.5930253267288208
2044	0.04645165055990219	0.11137127131223679	0.5934084057807922
2045	0.04542427510023117	0.11144168674945831	0.5926655530929565
2046	0.044725336134433746	0.11172906309366226	0.5904749035835266
2047	0.04511410370469093	0.11203790456056595	0.588101327419281
2048	0.04440877214074135	0.11221988499164581	0.5864824056625366
2049	0.04445229098200798	0.11228884756565094	0.5855779647827148
2050	0.044291310012340546	0.1121704950928688	0.5858786106109619
2051	0.04501111060380936	0.11194241046905518	0.5869191288948059
2052	0.045820869505405426	0.11185398697853088	0.5869327783584595
2053	0.0451408326625824	0.11199551075696945	0.5863204598426819
2054	0.04411422833800316	0.11219701915979385	0.5859197378158569
2055	0.04436873272061348	0.11240644007921219	0.5855298638343811
2056	0.04502582922577858	0.11276566237211227	0.5838484764099121
2057	0.04502871260046959	0.11288316547870636	0.5829487442970276
2058	0.04564938321709633	0.11266309767961502	0.5837558507919312
2059	0.04461795836687088	0.11232321709394455	0.5849893689155579
2060	0.0454317107796669	0.11234337091445923	0.5849021673202515
2061	0.04509880766272545	0.1127992793917656	0.5822134613990784
2062	0.044565171003341675	0.11327681690454483	0.579588770866394
2063	0.043792907148599625	0.11343389004468918	0.5789393186569214
2064	0.044312093406915665	0.11332756280899048	0.5801662802696228
2065	0.04449385777115822	0.11288303136825562	0.5835606455802917
2066	0.04351068660616875	0.11240845173597336	0.5870888233184814
2067	0.04462749883532524	0.11204247921705246	0.5895077586174011
2068	0.044702280312776566	0.11168080568313599	0.5919052362442017
2069	0.04525076225399971	0.11181633919477463	0.5916566848754883
2070	0.04516904056072235	0.11226266622543335	0.5897905230522156
2071	0.04405560344457626	0.11218723654747009	0.5895205140113831
2072	0.04532836005091667	0.112028107047081	0.5895505547523499
2073	0.04349370300769806	0.11175437271595001	0.5897458791732788
2074	0.04468598589301109	0.11175200343132019	0.5887598991394043
2075	0.04510600119829178	0.11204259842634201	0.5864643454551697
2076	0.045463986694812775	0.11223598569631577	0.5853713750839233
2077	0.04499714449048042	0.11223268508911133	0.5857896208763123
2078	0.04378596320748329	0.11250807344913483	0.5850414037704468
2079	0.0445304773747921	0.112265445291996	0.5874160528182983
2080	0.04501854628324509	0.11186373978853226	0.5904502272605896
2081	0.04465043917298317	0.11122684925794601	0.5943372845649719
2082	0.04441404342651367	0.11086445301771164	0.5964745283126831
2083	0.0453103631734848	0.11122676730155945	0.594554603099823
2084	0.04437924921512604	0.11147243529558182	0.5929381847381592
2085	0.04496993124485016	0.1116407960653305	0.5915996432304382
2086	0.04453781247138977	0.11175142228603363	0.5902223587036133
2087	0.044711705297231674	0.11188814043998718	0.5891174077987671
2088	0.044392433017492294	0.11224627494812012	0.5868673324584961
2089	0.04335296154022217	0.11259206384420395	0.5847077369689941
2090	0.04492742568254471	0.11306216567754745	0.582153856754303
2091	0.04419547691941261	0.11273183673620224	0.5840241312980652
2092	0.045465078204870224	0.11176333576440811	0.5893843770027161
2093	0.04362228140234947	0.11084585636854172	0.5939639210700989
2094	0.04441976919770241	0.1102798730134964	0.5966550707817078
2095	0.04456416517496109	0.11014146357774734	0.596886932849884
2096	0.04455021396279335	0.11072875559329987	0.5937517285346985
2097	0.044378362596035004	0.11154142767190933	0.5893992185592651
2098	0.04511791840195656	0.11227567493915558	0.5857698917388916
2099	0.0443115271627903	0.11245515197515488	0.5850015878677368
2100	0.04478839039802551	0.11185342073440552	0.5880615711212158
2101	0.04437582939863205	0.111079640686512	0.5920449495315552
2102	0.045706283301115036	0.11077061295509338	0.5938432216644287
2103	0.04468913376331329	0.11103076487779617	0.5927757024765015
2104	0.04468146711587906	0.11190254241228104	0.5892589688301086
2105	0.04381006211042404	0.11286935210227966	0.5849840044975281
2106	0.045308131724596024	0.11331943422555923	0.5832288861274719
2107	0.0446789525449276	0.11306559294462204	0.5846541523933411
2108	0.045283298939466476	0.11224471032619476	0.5889111161231995
2109	0.0443805493414402	0.11168772727251053	0.5914866328239441
2110	0.044525422155857086	0.11172659695148468	0.5909890532493591
2111	0.04367094114422798	0.11186131834983826	0.5904099941253662
2112	0.04458252713084221	0.11209917813539505	0.5895845293998718
2113	0.044356778264045715	0.11233939230442047	0.588663637638092
2114	0.043490875512361526	0.11241953819990158	0.5885051488876343
2115	0.04340127855539322	0.1121201366186142	0.590296745300293
2116	0.043984778225421906	0.1117951050400734	0.5920599699020386
2117	0.04376136139035225	0.11171688139438629	0.5927433967590332
2118	0.04500294849276543	0.11167044192552567	0.5929571390151978
2119	0.044300805777311325	0.11210549622774124	0.5912235975265503
2120	0.04506796970963478	0.11243143677711487	0.5899415612220764
2121	0.04387577623128891	0.112860769033432	0.5867401957511902
2122	0.044857628643512726	0.11288521438837051	0.5855395197868347
2123	0.04379032924771309	0.11242859810590744	0.586897611618042
2124	0.044465322047472	0.1117560863494873	0.5898320078849792
2125	0.04514460265636444	0.11135279387235641	0.5914052724838257
2126	0.04408402368426323	0.11132808774709702	0.5911287665367126
2127	0.044396549463272095	0.11183468997478485	0.5890951156616211
2128	0.04476546496152878	0.11215832084417343	0.5880570411682129
2129	0.043682750314474106	0.11210290342569351	0.5885593295097351
2130	0.04488898068666458	0.11168373376131058	0.5910398960113525
2131	0.0439000129699707	0.11121149361133575	0.5934471487998962
2132	0.0447227917611599	0.11064771562814713	0.5967697501182556
2133	0.045495036989450455	0.11048766225576401	0.5978526473045349
2134	0.04397723078727722	0.11059089750051498	0.596979022026062
2135	0.0438101552426815	0.11059462279081345	0.5966811776161194
2136	0.04429452493786812	0.11073855310678482	0.5957580804824829
2137	0.04364525154232979	0.11091171950101852	0.5946655869483948
2138	0.04337235912680626	0.11084405332803726	0.594912588596344
2139	0.04386614263057709	0.11025170236825943	0.5980727076530457
2140	0.04353814199566841	0.1097927838563919	0.6007484793663025
2141	0.0433584526181221	0.10969720780849457	0.6017115712165833
2142	0.04298428073525429	0.11008130013942719	0.6005778312683105
2143	0.04392203316092491	0.1107800081372261	0.5973317623138428
2144	0.04382370412349701	0.11170336604118347	0.59238201379776
2145	0.04371589422225952	0.11241495609283447	0.5880634188652039
2146	0.04496365785598755	0.11269756406545639	0.586708128452301
2147	0.04435645416378975	0.11265327036380768	0.587257444858551
2148	0.0438135489821434	0.11215084046125412	0.5903546810150146
2149	0.04435742273926735	0.11171064525842667	0.5931634902954102
2150	0.04390397295355797	0.11164859682321548	0.5943279266357422
2151	0.044833388179540634	0.11177204549312592	0.5947108268737793
2152	0.04336698725819588	0.11149942129850388	0.5961296558380127
2153	0.04385092854499817	0.1110958606004715	0.5979835391044617
2154	0.04245525971055031	0.11107009649276733	0.5976043343544006
2155	0.04407937824726105	0.11107417941093445	0.5970759391784668
2156	0.042948972433805466	0.1111765131354332	0.5958005785942078
2157	0.043502047657966614	0.1114417314529419	0.5943822860717773
2158	0.043560631573200226	0.1117396205663681	0.5921162366867065
2159	0.044083885848522186	0.11201703548431396	0.5899596214294434
2160	0.04343923181295395	0.11193840950727463	0.5900787711143494
2161	0.04374455660581589	0.11154135316610336	0.5923430323600769
2162	0.04417175054550171	0.11100392043590546	0.5960797667503357
2163	0.04329295828938484	0.11046832799911499	0.600087583065033
2164	0.04382862150669098	0.11003459990024567	0.6035506725311279
2165	0.04369039088487625	0.10988893359899521	0.6053375005722046
2166	0.0432174950838089	0.11022482812404633	0.6039448976516724
2167	0.043166786432266235	0.11055520176887512	0.6020124554634094
2168	0.043826211243867874	0.11063559353351593	0.6014609336853027
2169	0.043828316032886505	0.11040031909942627	0.6021275520324707
2170	0.043806273490190506	0.11019748449325562	0.6021326780319214
2171	0.043812770396471024	0.11016979813575745	0.6016661524772644
2172	0.04345644265413284	0.11052656918764114	0.5994116067886353
2173	0.043356407433748245	0.1112242341041565	0.5960053205490112
2174	0.042781345546245575	0.11181759834289551	0.5932657122612
2175	0.04372290521860123	0.11238144338130951	0.590772807598114
2176	0.043360721319913864	0.1123717799782753	0.5911341309547424
2177	0.043189309537410736	0.11235333979129791	0.5911543965339661
2178	0.04337926581501961	0.11216751486063004	0.591437041759491
2179	0.04441550374031067	0.1122339740395546	0.5910574197769165
2180	0.04336141049861908	0.11308158934116364	0.5877523422241211
2181	0.04401960223913193	0.11377760767936707	0.5845447182655334
2182	0.0444711409509182	0.11358824372291565	0.5851159691810608
2183	0.04362763091921806	0.11290302872657776	0.5880739688873291
2184	0.04266126826405525	0.11205917596817017	0.5927203297615051
2185	0.04249001294374466	0.11112523823976517	0.5981629490852356
2186	0.04395447298884392	0.11027880758047104	0.6027116775512695
2187	0.04360072314739227	0.10998779535293579	0.6046141386032104
2188	0.04243626073002815	0.1101553738117218	0.6035476922988892
2189	0.04296885430812836	0.11068392544984818	0.6001969575881958
2190	0.04318328574299812	0.11115046590566635	0.5975935459136963
2191	0.04310760647058487	0.11135587841272354	0.5964902639389038
2192	0.04352325201034546	0.11126454174518585	0.5967692136764526
2193	0.04254720360040665	0.11108601838350296	0.5976346731185913
2194	0.04339553415775299	0.11076604574918747	0.5995752811431885
2195	0.04421931877732277	0.11039681732654572	0.6016868948936462
2196	0.04253024980425835	0.11038237810134888	0.6018332242965698
2197	0.04262767359614372	0.11048105359077454	0.601247251033783
2198	0.04341516271233559	0.11061947047710419	0.6004519462585449
2199	0.0425209105014801	0.11033450812101364	0.6019285917282104
2200	0.04236423969268799	0.11014876514673233	0.6029357314109802
2201	0.04306846112012863	0.11052095890045166	0.6008137464523315
2202	0.041863106191158295	0.11092165857553482	0.598737359046936
2203	0.04426345229148865	0.11105064302682877	0.5977241396903992
2204	0.042948558926582336	0.11105404049158096	0.5969796180725098
2205	0.042816050350666046	0.11078047007322311	0.5978697538375854
2206	0.04358402267098427	0.11082510650157928	0.598361611366272
2207	0.04273832216858864	0.11127207428216934	0.5973197817802429
2208	0.042636118829250336	0.11122468113899231	0.5986666083335876
2209	0.043321628123521805	0.11071561276912689	0.6004408597946167
2210	0.04295950010418892	0.11078130453824997	0.5991185307502747
2211	0.04312247410416603	0.11148762702941895	0.5960481762886047
2212	0.04376354441046715	0.1123477965593338	0.5922723412513733
2213	0.04404326155781746	0.11293505877256393	0.5897228121757507
2214	0.04351911321282387	0.11306541413068771	0.5888029336929321
2215	0.04411809891462326	0.11258281767368317	0.5910539627075195
2216	0.041668809950351715	0.11175809055566788	0.5948165059089661
2217	0.0421038419008255	0.11126785725355148	0.5981322526931763
2218	0.043065570294857025	0.11129909008741379	0.5985408425331116
2219	0.04409480467438698	0.11134185642004013	0.5980374217033386
2220	0.041597865521907806	0.11142077296972275	0.5965520739555359
2221	0.042829398065805435	0.11127495020627975	0.5960551500320435
2222	0.043072719126939774	0.11132661998271942	0.5948736667633057
2223	0.04310627281665802	0.11164327710866928	0.5931212902069092
2224	0.04271112382411957	0.11206221580505371	0.591052234172821
2225	0.04240434989333153	0.11260934174060822	0.5885331034660339
2226	0.044397469609975815	0.11249370127916336	0.5895866751670837
2227	0.042840439826250076	0.11192761361598969	0.5927101969718933
2228	0.04381563887000084	0.11148858815431595	0.5953686237335205
2229	0.044117581099271774	0.11125773936510086	0.5972650647163391
2230	0.04294605925679207	0.11099662631750107	0.598887026309967
2231	0.042363427579402924	0.11120029538869858	0.5978763103485107
2232	0.04149845987558365	0.11162717640399933	0.5949217677116394
2233	0.04263947159051895	0.11186812072992325	0.5936205387115479
2234	0.042502932250499725	0.11203989386558533	0.5925710201263428
2235	0.042246218770742416	0.11200376600027084	0.5924647450447083
2236	0.042843762785196304	0.11174774914979935	0.5931739807128906
2237	0.043307628482580185	0.11126028746366501	0.5952939391136169
2238	0.04227171093225479	0.11110489815473557	0.5968161821365356
2239	0.041316207498311996	0.1111798956990242	0.5973387360572815
2240	0.04318947345018387	0.11147808283567429	0.5963371396064758
2241	0.04340026155114174	0.11143112927675247	0.5966280102729797
2242	0.043174151331186295	0.11105900257825851	0.5983708500862122
2243	0.041723620146512985	0.11094055324792862	0.598611056804657
2244	0.0422973595559597	0.11094856262207031	0.5978384613990784
2245	0.04286562651395798	0.11094748228788376	0.5974236726760864
2246	0.0424722321331501	0.11094733327627182	0.5973045229911804
2247	0.042415015399456024	0.11136581748723984	0.5957375764846802
2248	0.04238865152001381	0.11148586124181747	0.5955010056495667
2249	0.0422125980257988	0.11134510487318039	0.5959790945053101
2250	0.042362622916698456	0.11127916723489761	0.5960181355476379
2251	0.04193590208888054	0.11140378564596176	0.5955135822296143
2252	0.04194656014442444	0.11136137694120407	0.5963174104690552
2253	0.0429617241024971	0.1112234890460968	0.5972585678100586
2254	0.0419904999434948	0.111142098903656	0.597963809967041
2255	0.04115699976682663	0.11101734638214111	0.5991790890693665
2256	0.04121488705277443	0.111189104616642	0.5991018414497375
2257	0.04234151169657707	0.11150382459163666	0.598031759262085
2258	0.04290330410003662	0.11165601015090942	0.5976407527923584
2259	0.04321218654513359	0.11157645285129547	0.5980482697486877
2260	0.04279434680938721	0.1112939789891243	0.5991079211235046
2261	0.04246703162789345	0.11122247576713562	0.5988333225250244
2262	0.042458806186914444	0.11158796399831772	0.5966973304748535
2263	0.043021026998758316	0.11210215836763382	0.5938789248466492
2264	0.04236200079321861	0.11247672885656357	0.5919957160949707
2265	0.042179591953754425	0.11227092891931534	0.5926408171653748
2266	0.04262774810194969	0.11140450835227966	0.5966345071792603
2267	0.042233534157276154	0.11023334413766861	0.6021696329116821
2268	0.04259982332587242	0.10965151339769363	0.6058513522148132
2269	0.04198126122355461	0.10957395285367966	0.6069158911705017
2270	0.04305751249194145	0.10979484021663666	0.6061735153198242
2271	0.0420633926987648	0.10990198701620102	0.6055655479431152
2272	0.04285408556461334	0.11006007343530655	0.6041219234466553
2273	0.04168147221207619	0.11015234142541885	0.6029192209243774
2274	0.04263072460889816	0.11042898148298264	0.6016773581504822
2275	0.041688259690999985	0.11093277484178543	0.5995188355445862
2276	0.04264635592699051	0.11176774650812149	0.5957380533218384
2277	0.04136921837925911	0.11244428902864456	0.5926001667976379
2278	0.04188447445631027	0.1128082424402237	0.590590238571167
2279	0.0423535481095314	0.11283072829246521	0.5905168056488037
2280	0.0420127809047699	0.11222270876169205	0.5936905741691589
2281	0.042254213243722916	0.11159677058458328	0.5964092016220093
2282	0.04197103530168533	0.11155334115028381	0.5962721109390259
2283	0.04308111593127251	0.11190100759267807	0.5952290296554565
2284	0.042694784700870514	0.11219111829996109	0.5939987301826477
2285	0.04381319135427475	0.11223466694355011	0.5936814546585083
2286	0.04205065965652466	0.11159216612577438	0.5971456170082092
2287	0.04174930229783058	0.11081749200820923	0.6012966632843018
2288	0.041120827198028564	0.11037600040435791	0.6038192510604858
2289	0.04225200042128563	0.11010412871837616	0.6050271987915039
2290	0.0435386598110199	0.11017514765262604	0.6041125655174255
2291	0.04192417860031128	0.11043491959571838	0.6026222109794617
2292	0.0423288531601429	0.11075958609580994	0.6011657118797302
2293	0.0419306606054306	0.11120229214429855	0.599443256855011
2294	0.04177303984761238	0.11186967045068741	0.596486508846283
2295	0.042316798120737076	0.11210767179727554	0.5949086546897888
2296	0.04179063066840172	0.11165037751197815	0.5960546135902405
2297	0.042663685977458954	0.11071581393480301	0.599850058555603
2298	0.043456465005874634	0.11010627448558807	0.6027480363845825
2299	0.04256884753704071	0.1100132092833519	0.6033782362937927
2300	0.04349992796778679	0.11038172990083694	0.6017941236495972
2301	0.04274033010005951	0.11065387725830078	0.6010162234306335
2302	0.04234190657734871	0.111174076795578	0.5989189147949219
2303	0.041458047926425934	0.11166081577539444	0.5975104570388794
2304	0.041548315435647964	0.11209006607532501	0.5961732268333435
2305	0.042789433151483536	0.11206109076738358	0.5967366099357605
2306	0.042907264083623886	0.11200563609600067	0.5968706607818604
2307	0.04270980507135391	0.11196739226579666	0.5970497131347656
2308	0.04224729537963867	0.11173850297927856	0.5985473394393921
2309	0.04206794127821922	0.11182288080453873	0.5980967283248901
2310	0.041783407330513	0.11213984340429306	0.5966930389404297
2311	0.04158973693847656	0.11209215223789215	0.5968881845474243
2312	0.04147622734308243	0.11207275837659836	0.596760630607605
2313	0.04172573983669281	0.1119707003235817	0.5970752835273743
2314	0.043052755296230316	0.11149337887763977	0.5994094014167786
2315	0.04178295284509659	0.11095178127288818	0.6018633246421814
2316	0.04281620681285858	0.11081594228744507	0.6028646230697632
2317	0.04177147522568703	0.11099786311388016	0.6015952825546265
2318	0.04272334650158882	0.11158943921327591	0.5989416241645813
2319	0.042717624455690384	0.11196524649858475	0.5969352722167969
2320	0.04229973629117012	0.11172246187925339	0.5975821614265442
2321	0.04219247028231621	0.1114763617515564	0.5981804132461548
2322	0.04099242389202118	0.11094627529382706	0.6005113124847412
2323	0.042963605374097824	0.1105884462594986	0.6029955148696899
2324	0.04144660383462906	0.11063793301582336	0.6034501194953918
2325	0.04190417379140854	0.11068432033061981	0.6031384468078613
2326	0.04287414252758026	0.11062531918287277	0.6027295589447021
2327	0.04174027219414711	0.11061201244592667	0.6030188798904419
2328	0.04163316637277603	0.11051369458436966	0.6035095453262329
2329	0.042025428265333176	0.11019666492938995	0.6045794486999512
2330	0.04206712916493416	0.1100996658205986	0.6047441363334656
2331	0.04159979894757271	0.10991779714822769	0.605860710144043
2332	0.042163752019405365	0.11006632447242737	0.6056367754936218
2333	0.04246197268366814	0.11051984876394272	0.6035871505737305
2334	0.041943568736314774	0.11073553562164307	0.6023650765419006
2335	0.04088025167584419	0.11079195886850357	0.6018399000167847
2336	0.04137367755174637	0.11083649843931198	0.6011812686920166
2337	0.04174996167421341	0.11079110950231552	0.6010790467262268
2338	0.04201493039727211	0.11096300184726715	0.6002358198165894
2339	0.041634347289800644	0.11167645454406738	0.597049355506897
2340	0.04199928045272827	0.11203331500291824	0.5958354473114014
2341	0.04209800064563751	0.11233071982860565	0.594833493232727
2342	0.041195448487997055	0.11228324472904205	0.59553462266922
2343	0.043218836188316345	0.111742302775383	0.5984250903129578
2344	0.041745781898498535	0.11134183406829834	0.6001533269882202
2345	0.04110081493854523	0.11105269193649292	0.6003923416137695
2346	0.04154590144753456	0.11080984771251678	0.6004509329795837
2347	0.04172590747475624	0.11090235412120819	0.5999454855918884
2348	0.04184158891439438	0.11085857450962067	0.6004732251167297
2349	0.04122944921255112	0.11070287972688675	0.6015854477882385
2350	0.0419175885617733	0.1106310486793518	0.6021914482116699
2351	0.04182715341448784	0.1106094941496849	0.6027446985244751
2352	0.04046177119016647	0.11032363772392273	0.6039392948150635
2353	0.041274432092905045	0.11020970344543457	0.604343831539154
2354	0.04276030510663986	0.11047391593456268	0.6029682755470276
2355	0.04182569310069084	0.11121264845132828	0.5996667742729187
2356	0.041947104036808014	0.11131872981786728	0.5995697379112244
2357	0.04224848002195358	0.11111374199390411	0.6008656620979309
2358	0.04186488315463066	0.11070375889539719	0.6029710173606873
2359	0.041350916028022766	0.11050409823656082	0.6039263606071472
2360	0.041918784379959106	0.11048449575901031	0.6049556732177734
2361	0.041437678039073944	0.11075734347105026	0.6035715341567993
2362	0.04136855900287628	0.11072283238172531	0.6029844284057617
2363	0.04165928438305855	0.11083493381738663	0.6016245484352112
2364	0.041695207357406616	0.11109615862369537	0.6007190346717834
2365	0.04172814264893532	0.11086706817150116	0.6026226878166199
2366	0.040777537971735	0.11074009537696838	0.6037357449531555
2367	0.042077068239450455	0.11065660417079926	0.6046047806739807
2368	0.041108399629592896	0.11051706969738007	0.6050688624382019
2369	0.04234465956687927	0.11077012866735458	0.60382080078125
2370	0.04218325763940811	0.11090071499347687	0.603154182434082
2371	0.0419769287109375	0.11075759679079056	0.6037082076072693
2372	0.04091225191950798	0.11066252738237381	0.6041149497032166
2373	0.04157285764813423	0.11047019064426422	0.6047866940498352
2374	0.04034421965479851	0.11020759493112564	0.6059606075286865
2375	0.04089844599366188	0.10980992019176483	0.6072815656661987
2376	0.042094722390174866	0.10974059253931046	0.6064417362213135
2377	0.04185514524579048	0.10984116047620773	0.6052132248878479
2378	0.04118688777089119	0.11022938042879105	0.6032031774520874
2379	0.04110223799943924	0.11085763573646545	0.6005764603614807
2380	0.04107217118144035	0.11117774248123169	0.5994468927383423
2381	0.040841665118932724	0.11130957305431366	0.5995322465896606
2382	0.04172242805361748	0.11090581864118576	0.6021171808242798
2383	0.04062673822045326	0.11028111726045609	0.605353057384491
2384	0.04152403026819229	0.109574094414711	0.6079921722412109
2385	0.04163924232125282	0.10943841189146042	0.6083651781082153
2386	0.041043996810913086	0.10998007655143738	0.6053590178489685
2387	0.041835155338048935	0.11068160086870193	0.6019442677497864
2388	0.041866958141326904	0.11120873689651489	0.5996403098106384
2389	0.04152383655309677	0.11129070818424225	0.599291980266571
2390	0.04139043390750885	0.11066900938749313	0.6021604537963867
2391	0.042441774159669876	0.11018029600381851	0.6045978665351868
2392	0.04100047051906586	0.10993662476539612	0.6058641672134399
2393	0.041619494557380676	0.11037150025367737	0.6038811802864075
2394	0.04103146493434906	0.11077643930912018	0.6023524403572083
2395	0.04226837679743767	0.11092758178710938	0.6019065380096436
2396	0.04071519896388054	0.1113976463675499	0.5996218323707581
2397	0.04080863296985626	0.11147918552160263	0.5988792181015015
2398	0.04132905229926109	0.11114150285720825	0.6002192497253418
2399	0.04113800823688507	0.11069236695766449	0.6021208167076111
2400	0.04215991497039795	0.11047039926052094	0.603984534740448
2401	0.041884273290634155	0.11043189465999603	0.6044509410858154
2402	0.04127562791109085	0.11056836694478989	0.6034179925918579
2403	0.040965735912323	0.11076920479536057	0.6014789342880249
2404	0.040799155831336975	0.11105222254991531	0.5987051129341125
2405	0.040687836706638336	0.11137132346630096	0.5957638621330261
2406	0.04075895622372627	0.11156381666660309	0.5946491360664368
2407	0.04210292175412178	0.11184066534042358	0.59442138671875
2408	0.041649896651506424	0.11191772669553757	0.5944511294364929
2409	0.042466577142477036	0.11177346855401993	0.595770537853241
2410	0.04107880964875221	0.1113874763250351	0.5987820625305176
2411	0.040455952286720276	0.11093171685934067	0.602677047252655
2412	0.04070476070046425	0.11028829216957092	0.607074499130249
2413	0.04083820804953575	0.10947459191083908	0.6113680005073547
2414	0.04072875529527664	0.10897531360387802	0.6137382984161377
2415	0.041170623153448105	0.1089969202876091	0.6135663390159607
2416	0.04125908762216568	0.10906115919351578	0.6128107905387878
2417	0.04095901548862457	0.10958163440227509	0.6097159385681152
2418	0.042174313217401505	0.10983139276504517	0.6076792478561401
2419	0.04032742604613304	0.11004005372524261	0.6059215068817139
2420	0.04111548885703087	0.11048410832881927	0.6030829548835754
2421	0.04010516405105591	0.11120966076850891	0.5992338061332703
2422	0.04089553281664848	0.11140551418066025	0.5982893705368042
2423	0.040861424058675766	0.11145292967557907	0.5983592867851257
2424	0.041804105043411255	0.1112963855266571	0.5994705557823181
2425	0.041217148303985596	0.1107264906167984	0.6029804348945618
2426	0.04213977977633476	0.11040147393941879	0.6053388118743896
2427	0.04072631150484085	0.11002835631370544	0.6079114675521851
2428	0.0421229749917984	0.10955645889043808	0.6106315851211548
2429	0.03974409028887749	0.10895658284425735	0.6136708855628967
2430	0.04034426435828209	0.10858029127120972	0.6157428026199341
2431	0.041263025254011154	0.10843878239393234	0.6159237623214722
2432	0.040957316756248474	0.10868588089942932	0.6152289509773254
2433	0.039851121604442596	0.1089097186923027	0.6141085028648376
2434	0.04220091924071312	0.10942729562520981	0.611544132232666
2435	0.04073387011885643	0.1094915047287941	0.6109679937362671
2436	0.04107510298490524	0.10921231657266617	0.6110994219779968
2437	0.04059191048145294	0.10929723083972931	0.6100313067436218
2438	0.04096890240907669	0.10964866727590561	0.608502209186554
2439	0.041495658457279205	0.1101187989115715	0.6065681576728821
2440	0.04107292741537094	0.11058133840560913	0.6047313809394836
2441	0.04150151088833809	0.11075111478567123	0.603783130645752
2442	0.041165344417095184	0.11026353389024734	0.605765163898468
2443	0.041565701365470886	0.11030010133981705	0.6055296659469604
2444	0.0409056656062603	0.11021517217159271	0.6059882640838623
2445	0.04051680862903595	0.11017268151044846	0.6057400107383728
2446	0.04079767316579819	0.1102757677435875	0.604922890663147
2447	0.040784675627946854	0.11045946925878525	0.6042272448539734
2448	0.03970836475491524	0.11054617911577225	0.6038195490837097
2449	0.040888991206884384	0.11057376861572266	0.6036625504493713
2450	0.04137629643082619	0.1103363037109375	0.6051557064056396
2451	0.040826715528964996	0.11029374599456787	0.6058415770530701
2452	0.040793031454086304	0.10993573069572449	0.6076303124427795
2453	0.04048030078411102	0.10955915600061417	0.6094799637794495
2454	0.04131726175546646	0.10938622802495956	0.6107161641120911
2455	0.041623447090387344	0.10944535583257675	0.6108646392822266
2456	0.040189456194639206	0.10962256044149399	0.6107658743858337
2457	0.040209706872701645	0.10972246527671814	0.6103168725967407
2458	0.04132538288831711	0.109669528901577	0.6099608540534973
2459	0.04141354560852051	0.10986831784248352	0.6086242198944092
2460	0.040454842150211334	0.11008648574352264	0.6068320274353027
2461	0.041795097291469574	0.11019282042980194	0.6057928800582886
2462	0.041416339576244354	0.11042863130569458	0.6046260595321655
2463	0.040220458060503006	0.1103036031126976	0.605587899684906
2464	0.040016740560531616	0.10990171134471893	0.60848468542099
2465	0.041038502007722855	0.10936259478330612	0.6120225191116333
2466	0.03994705528020859	0.10901228338479996	0.614585280418396
2467	0.04195135459303856	0.10900198668241501	0.6144834160804749
2468	0.04000749811530113	0.10926534980535507	0.6131194829940796
2469	0.04159250110387802	0.10959846526384354	0.6116293668746948
2470	0.040756598114967346	0.1099298745393753	0.609725832939148
2471	0.04054611921310425	0.1095811054110527	0.6102002263069153
2472	0.04102537781000137	0.10922577232122421	0.611275851726532
2473	0.0410604253411293	0.10926332324743271	0.6107755303382874
2474	0.03977123275399208	0.10961548984050751	0.609000027179718
2475	0.039185911417007446	0.10973197221755981	0.6082825064659119
2476	0.04082784801721573	0.10939502716064453	0.6102460622787476
2477	0.04024971276521683	0.10922708362340927	0.6115451455116272
2478	0.04080754891037941	0.10938317328691483	0.6115314364433289
2479	0.04093647375702858	0.10967427492141724	0.6101234555244446
2480	0.03947670757770538	0.10992708802223206	0.6085953712463379
2481	0.040702786296606064	0.11028766632080078	0.6067082285881042
2482	0.04157409816980362	0.11043541133403778	0.6060541272163391
2483	0.039996638894081116	0.11031181365251541	0.6063109040260315
2484	0.041106317192316055	0.11008015275001526	0.6071392893791199
2485	0.039930351078510284	0.1097237691283226	0.6087890863418579
2486	0.040384501218795776	0.10960831493139267	0.6094362139701843
2487	0.040632862597703934	0.10953216999769211	0.6096321940422058
2488	0.041191015392541885	0.10972514003515244	0.6086652874946594
2489	0.04075261205434799	0.10937587916851044	0.610110342502594
2490	0.04094551131129265	0.10929816216230392	0.6108247637748718
2491	0.04098355025053024	0.10937630385160446	0.6107631921768188
2492	0.039702028036117554	0.10960353165864944	0.610369086265564
2493	0.040260281413793564	0.10995477437973022	0.6089107990264893
2494	0.04020515829324722	0.11013437062501907	0.6078251004219055
2495	0.039167169481515884	0.1101495698094368	0.6066694855690002
2496	0.04076102748513222	0.11071088165044785	0.6037285327911377
2497	0.04026588052511215	0.11167824268341064	0.5992977023124695
2498	0.04012727364897728	0.11186739802360535	0.5982634425163269
2499	0.04141552373766899	0.11112036556005478	0.6019467115402222
2500	0.04054296016693115	0.11019192636013031	0.6060795783996582
2501	0.040702540427446365	0.10968485474586487	0.6084659695625305
2502	0.04195809364318848	0.10945527255535126	0.6094965934753418
2503	0.04001133516430855	0.10954786092042923	0.609613299369812
2504	0.040294233709573746	0.1096176728606224	0.6098525524139404
2505	0.03999431058764458	0.10965536534786224	0.6096464991569519
2506	0.040974147617816925	0.10971642285585403	0.6087136268615723
2507	0.04001830890774727	0.10976866632699966	0.6082652807235718
2508	0.03961984068155289	0.1099933385848999	0.6073946952819824
2509	0.040375057607889175	0.11056070774793625	0.6049807667732239
2510	0.04001058638095856	0.1111796498298645	0.6022287607192993
2511	0.04018495976924896	0.11144499480724335	0.6007184386253357
2512	0.040864091366529465	0.11091654002666473	0.6032953858375549
2513	0.040314704179763794	0.11035137623548508	0.6057412624359131
2514	0.03968902677297592	0.10984116047620773	0.6079369187355042
2515	0.040644869208335876	0.10947738587856293	0.6089855432510376
2516	0.040378108620643616	0.10923200100660324	0.6092941164970398
2517	0.040298838168382645	0.10916740447282791	0.6086717844009399
2518	0.03968019783496857	0.1090129017829895	0.6090711951255798
2519	0.04032351076602936	0.10874927788972855	0.6108067631721497
2520	0.041203491389751434	0.10879261046648026	0.6112267971038818
2521	0.04039260745048523	0.10909124463796616	0.6107760667800903
2522	0.04043080657720566	0.10957948863506317	0.6089223027229309
2523	0.0421304889023304	0.10985945165157318	0.6084190011024475
2524	0.040170248597860336	0.10994917899370193	0.6086647510528564
2525	0.04066048189997673	0.10978522151708603	0.6095962524414062
2526	0.03992907702922821	0.10986513644456863	0.6097107529640198
2527	0.039129823446273804	0.11007550358772278	0.6090024709701538
2528	0.03968718647956848	0.11054974794387817	0.6070145964622498
2529	0.03947627544403076	0.1107514277100563	0.6065549254417419
2530	0.040505293756723404	0.11048588156700134	0.6082990765571594
2531	0.039821866899728775	0.11013288050889969	0.6097133755683899
2532	0.03969784826040268	0.1100756973028183	0.6099912524223328
2533	0.039753906428813934	0.10998453944921494	0.6106263399124146
2534	0.03936052322387695	0.11019737273454666	0.6097887754440308
2535	0.04057837650179863	0.11025338619947433	0.6094590425491333
2536	0.039362888783216476	0.11040554195642471	0.6080889701843262
2537	0.03989528864622116	0.11058434844017029	0.606543242931366
2538	0.041239164769649506	0.1105082556605339	0.6066448092460632
2539	0.03964126110076904	0.1105256900191307	0.6067376136779785
2540	0.041497450321912766	0.11030647158622742	0.6085363030433655
2541	0.04037587717175484	0.10979779064655304	0.6116836071014404
2542	0.040192101150751114	0.10936956852674484	0.6140393614768982
2543	0.03971058875322342	0.10910915583372116	0.6149873733520508
2544	0.0402430035173893	0.10922631621360779	0.6140022873878479
2545	0.039673175662755966	0.10960344970226288	0.611385703086853
2546	0.039902765303850174	0.10999026149511337	0.6085258722305298
2547	0.039364054799079895	0.11015886813402176	0.6073031425476074
2548	0.04034614562988281	0.11020725220441818	0.60782790184021
2549	0.03921942785382271	0.11016350984573364	0.6089543104171753
2550	0.040145110338926315	0.1100395992398262	0.6107609868049622
2551	0.040563054382801056	0.10991710424423218	0.612689197063446
2552	0.04029075801372528	0.10946215689182281	0.6154017448425293
2553	0.0396694540977478	0.10897472500801086	0.6177582740783691
2554	0.040086209774017334	0.10884975641965866	0.6183276772499084
2555	0.04052957519888878	0.10895974934101105	0.6178159713745117
2556	0.040186427533626556	0.10940812528133392	0.6153251528739929
2557	0.04006152227520943	0.10993325710296631	0.6119800806045532
2558	0.04016772657632828	0.11044780910015106	0.6085270643234253
2559	0.0395977720618248	0.11044043302536011	0.607645571231842
2560	0.04071855545043945	0.11031457781791687	0.60707026720047
2561	0.040292683988809586	0.11045917868614197	0.6062713265419006
2562	0.03985561802983284	0.11078978329896927	0.6059255003929138
2563	0.04012789577245712	0.11102300137281418	0.6066716313362122
2564	0.04062262549996376	0.11093094944953918	0.6083185076713562
2565	0.0402977429330349	0.11061760038137436	0.6104127764701843
2566	0.039195623248815536	0.11000530421733856	0.6131307482719421
2567	0.039740197360515594	0.1095355898141861	0.6147121787071228
2568	0.03988421708345413	0.10942178964614868	0.6144447326660156
2569	0.039617907255887985	0.10948087275028229	0.6130858659744263
2570	0.039180658757686615	0.1098141223192215	0.6106823086738586
2571	0.03949492424726486	0.1104188933968544	0.607771098613739
2572	0.04022093117237091	0.1104704961180687	0.6072247624397278
2573	0.03969532251358032	0.10968675464391708	0.6111984848976135
2574	0.03938940912485123	0.10886001586914062	0.6154563426971436
2575	0.03912347927689552	0.10841216892004013	0.6179579496383667
2576	0.040426820516586304	0.10868536680936813	0.6180728077888489
2577	0.04004713520407677	0.10921620577573776	0.61659836769104
2578	0.03980700299143791	0.11001306772232056	0.6127147674560547
2579	0.039656467735767365	0.11037798225879669	0.6100644469261169
2580	0.03866228088736534	0.11029859632253647	0.609598696231842
2581	0.040343426167964935	0.10971223562955856	0.6117820739746094
2582	0.041266366839408875	0.10945039987564087	0.6127054691314697
2583	0.03986261039972305	0.10945770889520645	0.6121886372566223
2584	0.03999090567231178	0.10952877253293991	0.6114915013313293
2585	0.039316680282354355	0.1095692440867424	0.6115502715110779
2586	0.03807457908987999	0.10931114107370377	0.6133754253387451
2587	0.039036933332681656	0.1089126467704773	0.6154555082321167
2588	0.04054202511906624	0.10834673047065735	0.6178455948829651
2589	0.039804842323064804	0.10843710601329803	0.6172071099281311
2590	0.039286598563194275	0.1090196967124939	0.6140415668487549
2591	0.03933340683579445	0.10965918004512787	0.6109867691993713
2592	0.04015188291668892	0.1101975068449974	0.609032392501831
2593	0.03960508853197098	0.11051461845636368	0.6080563068389893
2594	0.0396256223320961	0.11026625335216522	0.6087837219238281
2595	0.039610303938388824	0.11010991781949997	0.6087998747825623
2596	0.03949522599577904	0.11011768132448196	0.6093012690544128
2597	0.039082687348127365	0.11056743562221527	0.6080213785171509
2598	0.04005050286650658	0.11087699234485626	0.6069925427436829
2599	0.03955245390534401	0.11081437766551971	0.6071130037307739
2600	0.03953130915760994	0.11017324775457382	0.609809398651123
2601	0.039553165435791016	0.10935471206903458	0.6130104064941406
2602	0.03963223099708557	0.10871803760528564	0.6156784296035767
2603	0.040034472942352295	0.10838306695222855	0.6173938512802124
2604	0.03870154172182083	0.1082596704363823	0.6184296011924744
2605	0.03872509300708771	0.10878819972276688	0.6162869334220886
2606	0.038797684013843536	0.10923416167497635	0.6143161654472351
2607	0.038977086544036865	0.10935723036527634	0.6135184168815613
2608	0.040423959493637085	0.10953240841627121	0.6123892068862915
2609	0.03900643065571785	0.10987934470176697	0.6111932992935181
2610	0.03974048048257828	0.11022719740867615	0.6103641986846924
2611	0.039684269577264786	0.110636405646801	0.6090641021728516
2612	0.039372604340314865	0.1107676699757576	0.6091002821922302
2613	0.03891865909099579	0.11073535680770874	0.6098287105560303
2614	0.03879382088780403	0.11019357293844223	0.6127150058746338
2615	0.03862903639674187	0.10978434234857559	0.6150440573692322
2616	0.03877965360879898	0.10982175171375275	0.6152896881103516
2617	0.039506204426288605	0.11002543568611145	0.6150656938552856
2618	0.03953832387924194	0.11003673821687698	0.6151989698410034
2619	0.03923803195357323	0.10982945561408997	0.6154094934463501
2620	0.03971724584698677	0.10984191298484802	0.6145147681236267
2621	0.03877023234963417	0.10996006429195404	0.6132409572601318
2622	0.03851158544421196	0.11025618016719818	0.611423909664154
2623	0.03854163736104965	0.11014915257692337	0.6114256978034973
2624	0.039091162383556366	0.10995368659496307	0.6123380064964294
2625	0.039443664252758026	0.10975915193557739	0.6129399538040161
2626	0.03913315013051033	0.10953184962272644	0.6137043833732605
2627	0.03938457369804382	0.10959352552890778	0.6131773591041565
2628	0.039764415472745895	0.10949323326349258	0.6136431097984314
2629	0.03892213851213455	0.10931764543056488	0.6142193675041199
2630	0.038814544677734375	0.10884027928113937	0.6157946586608887
2631	0.03828525170683861	0.10857897251844406	0.6168144941329956
2632	0.03943789005279541	0.10849474370479584	0.6171733736991882
2633	0.03885633870959282	0.10878510773181915	0.6162794232368469
2634	0.03888392448425293	0.10917062312364578	0.6147379875183105
2635	0.03797711431980133	0.10973966866731644	0.6119763255119324
2636	0.03895175829529762	0.10993872582912445	0.6110864281654358
2637	0.03921584039926529	0.11011002957820892	0.6110302209854126
2638	0.03832719475030899	0.11011546850204468	0.6114310622215271
2639	0.03948694095015526	0.10969547182321548	0.6130731701850891
2640	0.03881366178393364	0.10968136042356491	0.6125110387802124
2641	0.03869740292429924	0.10969792306423187	0.6124897003173828
2642	0.03815382346510887	0.11006191372871399	0.6111574769020081
2643	0.03919604420661926	0.1104380190372467	0.6100417375564575
2644	0.03971404582262039	0.11058156192302704	0.6103118658065796
2645	0.039305172860622406	0.11051338165998459	0.6112245917320251
2646	0.04031733423471451	0.1100149154663086	0.6134666204452515
2647	0.03910714015364647	0.10971853882074356	0.6151741147041321
2648	0.038881585001945496	0.10976318269968033	0.6157306432723999
2649	0.03770746290683746	0.11047831922769547	0.6134502291679382
2650	0.039359200745821	0.11113624274730682	0.6109324097633362
2651	0.0391557440161705	0.1111723780632019	0.6110721230506897
2652	0.03937435522675514	0.11081257462501526	0.6122639775276184
2653	0.03962346911430359	0.11022934317588806	0.6133826971054077
2654	0.03890687972307205	0.10986547917127609	0.6131693124771118
2655	0.038959402590990067	0.10980985313653946	0.6120917797088623
2656	0.038136959075927734	0.11002005636692047	0.6105233430862427
2657	0.03861154615879059	0.11042626947164536	0.608914852142334
2658	0.038869909942150116	0.11065375059843063	0.6083506941795349
2659	0.03968457132577896	0.11048777401447296	0.6092123985290527
2660	0.03849909454584122	0.11010041832923889	0.6109706163406372
2661	0.0393604151904583	0.10989950597286224	0.612309992313385
2662	0.03975197672843933	0.10997313261032104	0.6123848557472229
2663	0.03944525867700577	0.1103358194231987	0.6109147071838379
2664	0.03887571766972542	0.11093159019947052	0.608737587928772
2665	0.03822629898786545	0.11139581352472305	0.6062456369400024
2666	0.03932959586381912	0.11129098385572433	0.6064009666442871
2667	0.039033833891153336	0.11060422658920288	0.6092822551727295
2668	0.03923346474766731	0.11002533882856369	0.6111649870872498
2669	0.038971371948719025	0.1096571534872055	0.6127108931541443
2670	0.03773757815361023	0.10976623743772507	0.6127700805664062
2671	0.03869086503982544	0.10983327031135559	0.6132054924964905
2672	0.03846025466918945	0.10957837104797363	0.6156613826751709
2673	0.037992481142282486	0.10973276942968369	0.6161174774169922
2674	0.038992322981357574	0.11005372554063797	0.6155015230178833
2675	0.03881662338972092	0.11001008003950119	0.6162805557250977
2676	0.03888010233640671	0.10945569723844528	0.6186063885688782
2677	0.03902837261557579	0.10917872190475464	0.6189061403274536
2678	0.03972174599766731	0.10916981101036072	0.61819988489151
2679	0.038797441869974136	0.10966689884662628	0.6154990196228027
2680	0.03782515600323677	0.11051689088344574	0.6113891005516052
2681	0.03829334303736687	0.11093592643737793	0.6085630655288696
2682	0.03917458653450012	0.11096538603305817	0.6072984933853149
2683	0.04020069167017937	0.11041455715894699	0.6086797714233398
2684	0.03880403935909271	0.10961008816957474	0.6115613579750061
2685	0.03982236981391907	0.10893911868333817	0.6148408055305481
2686	0.03944189101457596	0.1087360829114914	0.6168379187583923
2687	0.03828100115060806	0.10854373127222061	0.6186434626579285
2688	0.03775903582572937	0.10837951302528381	0.6204724907875061
2689	0.03945768624544144	0.10871843993663788	0.6193464398384094
2690	0.03859534487128258	0.10946439206600189	0.6166256666183472
2691	0.038068026304244995	0.11001139134168625	0.6136056184768677
2692	0.03907172009348869	0.11034860461950302	0.6109413504600525
2693	0.03897896781563759	0.11031918227672577	0.6099820137023926
2694	0.037808362394571304	0.11044474691152573	0.6091086864471436
2695	0.03784584626555443	0.11039634793996811	0.6094530820846558
2696	0.038614001125097275	0.11014971882104874	0.6107659935951233
2697	0.03865913674235344	0.1098199263215065	0.6132513284683228
2698	0.03915417939424515	0.11007179319858551	0.6132739186286926
2699	0.03880234435200691	0.11019963771104813	0.6133435964584351
2700	0.03877435252070427	0.11044175922870636	0.6123945116996765
2701	0.03886236622929573	0.11004403233528137	0.6131346225738525
2702	0.03842857852578163	0.1094445213675499	0.6143981218338013
2703	0.03787992149591446	0.109206922352314	0.6142927408218384
2704	0.03974078968167305	0.10921161621809006	0.6140528321266174
2705	0.03776024281978607	0.10964611172676086	0.6127036809921265
2706	0.038426950573921204	0.10981590300798416	0.6124078631401062
2707	0.03863953426480293	0.10945149511098862	0.6146413683891296
2708	0.0381704680621624	0.10904281586408615	0.617293655872345
2709	0.03728563338518143	0.108844093978405	0.6188806295394897
2710	0.03887999430298805	0.10849140584468842	0.6207992434501648
2711	0.037451110780239105	0.10867719352245331	0.619861900806427
2712	0.03890811279416084	0.1091882586479187	0.6174255013465881
2713	0.03847484290599823	0.10996207594871521	0.613733172416687
2714	0.03761175274848938	0.1109626442193985	0.6092008948326111
2715	0.03761863708496094	0.11162020266056061	0.6059789657592773
2716	0.0388716459274292	0.11162322759628296	0.6058862209320068
2717	0.03944021835923195	0.1107029840350151	0.6099485754966736
2718	0.039299800992012024	0.10901998728513718	0.6169912815093994
2719	0.03884318470954895	0.10790026932954788	0.6214166879653931
2720	0.0390704981982708	0.10754355043172836	0.6228286623954773
2721	0.037463828921318054	0.10802266001701355	0.6210756897926331
2722	0.03857976198196411	0.10899745672941208	0.6178525686264038
2723	0.03856923058629036	0.10967279225587845	0.615355908870697
2724	0.04032646492123604	0.10931693017482758	0.6161146759986877
2725	0.038073647767305374	0.10854848474264145	0.6190176606178284
2726	0.03848174214363098	0.10816550999879837	0.620356559753418
2727	0.03811803087592125	0.10830515623092651	0.6198652982711792
2728	0.03919823467731476	0.10882868617773056	0.6176782250404358
2729	0.03833242505788803	0.10955983400344849	0.6149482727050781
2730	0.03735703229904175	0.11047317832708359	0.6121008992195129
2731	0.03847372904419899	0.11081027239561081	0.611486554145813
2732	0.03905220329761505	0.11036854237318039	0.6137688755989075
2733	0.03887191042304039	0.11002041399478912	0.615344226360321
2734	0.038229212164878845	0.10972139984369278	0.6164059042930603
2735	0.038903623819351196	0.10954537987709045	0.6173499226570129
2736	0.0380668044090271	0.10975737869739532	0.6169442534446716
2737	0.038678623735904694	0.11049603670835495	0.6143893599510193
2738	0.037957072257995605	0.11109595000743866	0.6119564771652222
2739	0.03855321928858757	0.11086193472146988	0.6123147010803223
2740	0.03840005397796631	0.11027085781097412	0.6136057376861572
2741	0.038339223712682724	0.10974941402673721	0.6147928237915039
2742	0.03721105307340622	0.10943755507469177	0.6155036091804504
2743	0.037477459758520126	0.10931670665740967	0.6157301664352417
2744	0.0384591743350029	0.10924285650253296	0.6168794631958008
2745	0.03827542066574097	0.10927711427211761	0.6186251044273376
2746	0.03845508024096489	0.10912787169218063	0.6201746463775635
2747	0.03882210701704025	0.10873394459486008	0.6221413016319275
2748	0.03794590383768082	0.10850841552019119	0.6226615309715271
2749	0.03757588565349579	0.10911146551370621	0.6199405789375305
2750	0.03772791102528572	0.10986293107271194	0.6164571642875671
2751	0.03833919018507004	0.11021939665079117	0.6148151159286499
2752	0.03803204745054245	0.11049279570579529	0.6134877800941467
2753	0.0387885682284832	0.11006542295217514	0.6152306199073792
2754	0.03881445899605751	0.10950784385204315	0.6173883080482483
2755	0.038127534091472626	0.10901831090450287	0.6189396977424622
2756	0.037371356040239334	0.10891246795654297	0.6193397045135498
2757	0.038946740329265594	0.10885627567768097	0.6194027066230774
2758	0.03969290852546692	0.1090322732925415	0.6186850070953369
2759	0.0389486625790596	0.10921057313680649	0.6178985834121704
2760	0.03804905712604523	0.10960227251052856	0.6163660883903503
2761	0.036993466317653656	0.10968763381242752	0.6153347492218018
2762	0.03854290768504143	0.11010149866342545	0.6125542521476746
2763	0.03875194862484932	0.11057848483324051	0.6101750135421753
2764	0.038241609930992126	0.1112310066819191	0.6078857183456421
2765	0.037763822823762894	0.11192048341035843	0.6059466004371643
2766	0.038432881236076355	0.11165515333414078	0.6078062057495117
2767	0.03747667744755745	0.11145574599504471	0.6090731620788574
2768	0.03807533532381058	0.11116795241832733	0.610739529132843
2769	0.03752841055393219	0.11105267703533173	0.6116709113121033
2770	0.03763965889811516	0.11112462729215622	0.6113916635513306
2771	0.03818114474415779	0.11133910715579987	0.6104817390441895
2772	0.03803429380059242	0.11144382506608963	0.6101868152618408
2773	0.038662053644657135	0.11093354970216751	0.6128947734832764
2774	0.03915522247552872	0.10996762663125992	0.6171293258666992
2775	0.0365961529314518	0.10907450318336487	0.6208435893058777
2776	0.039143890142440796	0.10900512337684631	0.6213477253913879
2777	0.03971855342388153	0.10930755734443665	0.6207116842269897
2778	0.038451023399829865	0.1099671721458435	0.6179991960525513
2779	0.03884243592619896	0.11023634672164917	0.6162072420120239
2780	0.03849858418107033	0.11009174585342407	0.6158172488212585
2781	0.03777659311890602	0.10954400151968002	0.6168942451477051
2782	0.03771292790770531	0.109438456594944	0.6171283721923828
2783	0.03957641124725342	0.109591044485569	0.6170132160186768
2784	0.03786975145339966	0.11006468534469604	0.6164209842681885
2785	0.037954527884721756	0.11057107150554657	0.6156601905822754
2786	0.037948742508888245	0.11081436276435852	0.6153949499130249
2787	0.03811325505375862	0.1104213148355484	0.6173510551452637
2788	0.0377940908074379	0.1090880036354065	0.6219115853309631
2789	0.03848765045404434	0.10831015557050705	0.6244165897369385
2790	0.037942636758089066	0.10827656090259552	0.6244780421257019
2791	0.03897666186094284	0.10920017212629318	0.6207057237625122
2792	0.03799518197774887	0.11031115800142288	0.6170053482055664
2793	0.038569118827581406	0.11115981638431549	0.6146685481071472
2794	0.03855716809630394	0.1114017516374588	0.6144904494285583
2795	0.038404084742069244	0.11086470633745193	0.6168921589851379
2796	0.03796178847551346	0.10986944288015366	0.6209291815757751
2797	0.037646275013685226	0.10919366031885147	0.6234827637672424
2798	0.036834780126810074	0.10880905389785767	0.6244145631790161
2799	0.03814581036567688	0.10877297073602676	0.6238688826560974
2800	0.03828856721520424	0.10920967906713486	0.6215313076972961
2801	0.03766326606273651	0.11010821163654327	0.6171543002128601
2802	0.037797875702381134	0.11097470670938492	0.6133502125740051
2803	0.03910142555832863	0.11155860126018524	0.610883355140686
2804	0.03798942640423775	0.1113508865237236	0.6109649538993835
2805	0.03737099841237068	0.11102394014596939	0.6116717457771301
2806	0.03883793577551842	0.1103227436542511	0.6143133044242859
2807	0.037850845605134964	0.10972800850868225	0.6177027225494385
2808	0.03867842257022858	0.1096593588590622	0.6187770962715149
2809	0.0386832132935524	0.1095559224486351	0.6198134422302246
2810	0.038130536675453186	0.10912752896547318	0.6216831803321838
2811	0.03785194084048271	0.10887809097766876	0.6225369572639465
2812	0.038309548050165176	0.10894845426082611	0.6222658157348633
2813	0.037035517394542694	0.10924950987100601	0.6207702159881592
2814	0.037366364151239395	0.10932553559541702	0.6196027398109436
2815	0.03845943883061409	0.10935626178979874	0.6191223859786987
2816	0.03716530650854111	0.10932833701372147	0.6192205548286438
2817	0.03872954845428467	0.10979150235652924	0.617540180683136
2818	0.036997634917497635	0.11026480048894882	0.6162219047546387
2819	0.037446193397045135	0.11005967110395432	0.6177376508712769
2820	0.037194397300481796	0.10958307981491089	0.6198345422744751
2821	0.03739623725414276	0.10924394428730011	0.6209914684295654
2822	0.037978727370500565	0.10900228470563889	0.6209871768951416
2823	0.03801340237259865	0.10936222225427628	0.6193192601203918
2824	0.03752284497022629	0.11000490188598633	0.6160500645637512
2825	0.03766385838389397	0.1103266254067421	0.6142837405204773
2826	0.03846384957432747	0.11066732555627823	0.6125026345252991
2827	0.03690434992313385	0.1109045073390007	0.6109182834625244
2828	0.03816017508506775	0.1104704737663269	0.6126472353935242
2829	0.038372039794921875	0.1099420040845871	0.6150349378585815
2830	0.03688704967498779	0.10955466330051422	0.6165390610694885
2831	0.03777459263801575	0.10948117077350616	0.6169246435165405
2832	0.03867589682340622	0.10956256091594696	0.6170117855072021
2833	0.03873596340417862	0.10971271991729736	0.6167669892311096
2834	0.03820690140128136	0.10962308198213577	0.6176229119300842
2835	0.03798738121986389	0.10939990729093552	0.6191415786743164
2836	0.03721431642770767	0.10910136252641678	0.62091463804245
2837	0.0370987243950367	0.10895530879497528	0.6218766570091248
2838	0.03713436797261238	0.10926704108715057	0.6204440593719482
2839	0.037583574652671814	0.10954919457435608	0.6190357804298401
2840	0.03756880387663841	0.11012457311153412	0.616585373878479
2841	0.03657045587897301	0.11045219749212265	0.6155061721801758
2842	0.03629088029265404	0.11043350398540497	0.6162871718406677
2843	0.03744557499885559	0.10991749167442322	0.6184979677200317
2844	0.036830395460128784	0.10954812169075012	0.6201375722885132
2845	0.03672738000750542	0.10905099660158157	0.6215918660163879
2846	0.03836777061223984	0.1089588850736618	0.6221570372581482
2847	0.037415992468595505	0.10962732136249542	0.6203797459602356
2848	0.03755892068147659	0.110262431204319	0.6180893182754517
2849	0.037790119647979736	0.11011391878128052	0.6185998320579529
2850	0.03700049966573715	0.10929954797029495	0.6217651963233948
2851	0.037249475717544556	0.10834357142448425	0.6251255869865417
2852	0.03761439025402069	0.10791907459497452	0.6265320181846619
2853	0.03852074220776558	0.10781703889369965	0.6262558102607727
2854	0.038390208035707474	0.10850147157907486	0.6240209341049194
2855	0.037293676286935806	0.10976298898458481	0.6196722388267517
2856	0.037230540066957474	0.11045875400304794	0.6178706288337708
2857	0.038665831089019775	0.10990186035633087	0.6199334859848022
2858	0.03780084475874901	0.10907865315675735	0.6225196719169617
2859	0.037707194685935974	0.10827767848968506	0.6241182684898376
2860	0.03790219873189926	0.10808801651000977	0.6242856979370117
2861	0.03811057657003403	0.1085258349776268	0.6222289800643921
2862	0.037347350269556046	0.10934416204690933	0.6194813251495361
2863	0.03727914020419121	0.11006220430135727	0.6172072887420654
2864	0.03803716599941254	0.11053813248872757	0.6161873936653137
2865	0.03706333413720131	0.11086306720972061	0.6160275936126709
2866	0.03805505484342575	0.11079218983650208	0.6166447997093201
2867	0.036774564534425735	0.11067361384630203	0.6171070337295532
2868	0.03873937204480171	0.11023467779159546	0.6183080077171326
2869	0.036128245294094086	0.11004523932933807	0.61890709400177
2870	0.036822959780693054	0.1101987436413765	0.6184412240982056
2871	0.038146939128637314	0.11032561212778091	0.6184189319610596
2872	0.038507334887981415	0.11038047075271606	0.6185845732688904
2873	0.038472648710012436	0.11003458499908447	0.6200981736183167
2874	0.03617551922798157	0.10961925983428955	0.6214600205421448
2875	0.03681265935301781	0.10945826023817062	0.6216219663619995
2876	0.03736153617501259	0.10949090123176575	0.6207650303840637
2877	0.03569112718105316	0.10977242141962051	0.6191931366920471
2878	0.03690289333462715	0.1100984737277031	0.6175354719161987
2879	0.03790424391627312	0.11022154986858368	0.6170054078102112
2880	0.03831992298364639	0.11019527167081833	0.6173528432846069
2881	0.038134243339300156	0.10993372648954391	0.618474006652832
2882	0.0371294841170311	0.10945829004049301	0.6204057335853577
2883	0.03764942288398743	0.10920960456132889	0.6214656233787537
2884	0.0364149771630764	0.10923075675964355	0.6217178106307983
2885	0.03733472898602486	0.10948430001735687	0.6213464140892029
2886	0.03802217170596123	0.109825998544693	0.6210374236106873
2887	0.035613637417554855	0.10981408506631851	0.6220909953117371
2888	0.037179239094257355	0.10962092131376266	0.6230274438858032
2889	0.037049949169158936	0.10945320129394531	0.6226798892021179
2890	0.03694963455200195	0.10951096564531326	0.6217530965805054
2891	0.036689311265945435	0.10983139276504517	0.6195169687271118
2892	0.036910608410835266	0.11037508398294449	0.6162279844284058
2893	0.03811996057629585	0.11077989637851715	0.613834798336029
2894	0.038118939846754074	0.11080490797758102	0.6131055951118469
2895	0.037394389510154724	0.11068158596754074	0.6137436628341675
2896	0.03705453500151634	0.11086378246545792	0.6132541298866272
2897	0.0369705930352211	0.11108323186635971	0.6130229830741882
2898	0.03798520937561989	0.11099623143672943	0.6136287450790405
2899	0.03846357762813568	0.11079803854227066	0.6150999069213867
2900	0.03641853854060173	0.1103222668170929	0.6176279783248901
2901	0.03740184009075165	0.10993728041648865	0.6198896169662476
2902	0.03739076480269432	0.10958657413721085	0.621982991695404
2903	0.037287820130586624	0.1094411090016365	0.6238190531730652
2904	0.03747665882110596	0.10976339876651764	0.6241084933280945
2905	0.038167793303728104	0.11004507541656494	0.6240915656089783
2906	0.03754262626171112	0.1102311909198761	0.6230143904685974
2907	0.03724043071269989	0.11015154421329498	0.62220299243927
2908	0.036925092339515686	0.1101829931139946	0.6205936074256897
2909	0.035992152988910675	0.11041290313005447	0.6180757880210876
2910	0.03751068562269211	0.1106276735663414	0.6166388988494873
2911	0.0388825461268425	0.11110155284404755	0.6153323650360107
2912	0.03693139925599098	0.11123790591955185	0.6152132749557495
2913	0.03698046877980232	0.1111404299736023	0.6158961653709412
2914	0.03753868490457535	0.11083286255598068	0.6176389455795288
2915	0.03684208169579506	0.11015582084655762	0.6206603646278381
2916	0.03752679377794266	0.10966542363166809	0.6232982873916626
2917	0.035320479422807693	0.10949099808931351	0.6240888237953186
2918	0.03712356835603714	0.10939732193946838	0.6242141127586365
2919	0.03678572177886963	0.10988928377628326	0.6221656203269958
2920	0.0374903678894043	0.11040230095386505	0.6193661689758301
2921	0.03765489161014557	0.11035456508398056	0.6179019808769226
2922	0.03644813969731331	0.11040253937244415	0.6172783374786377
2923	0.0367128923535347	0.11055897921323776	0.6164511442184448
2924	0.036409296095371246	0.11129070818424225	0.6133971810340881
2925	0.037280283868312836	0.1114102229475975	0.6134119033813477
2926	0.03733952343463898	0.11067276448011398	0.6172695755958557
2927	0.03699055314064026	0.11020149290561676	0.6195939779281616
2928	0.03688397631049156	0.11001534014940262	0.6208257079124451
2929	0.037344545125961304	0.11006859689950943	0.6205903887748718
2930	0.03657161071896553	0.10983369499444962	0.6215287446975708
2931	0.037712667137384415	0.11043901741504669	0.618834376335144
2932	0.037151217460632324	0.11123719066381454	0.615140438079834
2933	0.03662821650505066	0.11179789155721664	0.6128158569335938
2934	0.037144389003515244	0.11134777218103409	0.6150289177894592
2935	0.037160471081733704	0.11043916642665863	0.6188064217567444
2936	0.03674257546663284	0.10974865406751633	0.6214070320129395
2937	0.03693113476037979	0.10962621122598648	0.6214543581008911
2938	0.03701988607645035	0.10981665551662445	0.620610773563385
2939	0.036302510648965836	0.10998773574829102	0.6199766397476196
2940	0.03620387241244316	0.11006688326597214	0.6199665665626526
2941	0.03672236576676369	0.10971159487962723	0.6216344237327576
2942	0.036162134259939194	0.10928913950920105	0.6236768960952759
2943	0.03656114637851715	0.10942833870649338	0.6234173774719238
2944	0.03668362274765968	0.10964111238718033	0.6225128769874573
2945	0.03716009855270386	0.10993010550737381	0.6207709908485413
2946	0.03719267621636391	0.11045478284358978	0.6187841892242432
2947	0.036741673946380615	0.1108710914850235	0.6169162392616272
2948	0.03661477938294411	0.11108936369419098	0.6154846549034119
2949	0.038219328969717026	0.11088700592517853	0.615692675113678
2950	0.037788983434438705	0.1107722595334053	0.6162435412406921
2951	0.0364602655172348	0.11060205847024918	0.6170429587364197
2952	0.036768969148397446	0.11057353764772415	0.6181538105010986
2953	0.03618621453642845	0.11047720909118652	0.6199778914451599
2954	0.036109816282987595	0.1099809929728508	0.6231231093406677
2955	0.036312658339738846	0.10969960689544678	0.6246566772460938
2956	0.036745429039001465	0.10960689932107925	0.6252813935279846
2957	0.036821041256189346	0.1096796914935112	0.6248822808265686
2958	0.036079660058021545	0.10933388024568558	0.6260243654251099
2959	0.0360158309340477	0.10937830805778503	0.6251413822174072
2960	0.03724280372262001	0.10936225950717926	0.6244414448738098
2961	0.03655364364385605	0.10932768881320953	0.6244193911552429
2962	0.03723737969994545	0.10945503413677216	0.6239773035049438
2963	0.03679961711168289	0.10988479852676392	0.6230394840240479
2964	0.03651523217558861	0.11056641489267349	0.6207038164138794
2965	0.03627123683691025	0.11127573251724243	0.617920994758606
2966	0.03747475519776344	0.11138293892145157	0.6166264414787292
2967	0.03615671396255493	0.11100693047046661	0.6164924502372742
2968	0.037346526980400085	0.11068829894065857	0.6161094903945923
2969	0.036520637571811676	0.1106123998761177	0.6152814626693726
2970	0.03693297132849693	0.11072691529989243	0.6141916513442993
2971	0.035772666335105896	0.1109134703874588	0.6135677099227905
2972	0.0371994711458683	0.11097009479999542	0.613828718662262
2973	0.03607461601495743	0.11056943982839584	0.6161575317382812
2974	0.03586649149656296	0.10980606079101562	0.620223879814148
2975	0.03620024397969246	0.10919077694416046	0.6235223412513733
2976	0.03573049604892731	0.10844509303569794	0.6268391013145447
2977	0.03683771193027496	0.10809119045734406	0.6286940574645996
2978	0.036830782890319824	0.1080450564622879	0.6298068165779114
2979	0.036440409719944	0.10833292454481125	0.6306418776512146
2980	0.03655657917261124	0.108889639377594	0.6296648383140564
2981	0.03647314012050629	0.10924530029296875	0.6285954713821411
2982	0.03703309968113899	0.10941478610038757	0.6279351711273193
2983	0.036477528512477875	0.1093074157834053	0.6278616786003113
2984	0.03667708858847618	0.10912178456783295	0.6274842619895935
2985	0.03587324172258377	0.10884793847799301	0.6279532313346863
2986	0.03767827898263931	0.10894114524126053	0.6272113919258118
2987	0.037349533289670944	0.10942080616950989	0.6254448890686035
2988	0.036675434559583664	0.11034037172794342	0.6222677826881409
2989	0.03582657501101494	0.11111558228731155	0.6192262768745422
2990	0.03659063205122948	0.11139114946126938	0.6174730062484741
2991	0.0362415611743927	0.11095922440290451	0.6186555027961731
2992	0.03535185009241104	0.11058977246284485	0.6196228861808777
2993	0.03597162291407585	0.11086217314004898	0.6183886528015137
2994	0.03754287585616112	0.1112835705280304	0.6164501309394836
2995	0.03596928343176842	0.11174630373716354	0.6148086786270142
2996	0.03822720795869827	0.11198896914720535	0.6146290898323059
2997	0.03654715418815613	0.11163637042045593	0.6168223023414612
2998	0.03689246624708176	0.11104311048984528	0.6194984912872314
2999	0.037018369883298874	0.11038950085639954	0.6229320168495178
3000	0.03657419607043266	0.10963035374879837	0.6271559596061707
3001	0.03568050265312195	0.10901360958814621	0.6302996277809143
3002	0.036524295806884766	0.10899227112531662	0.6306232213973999
3003	0.035522397607564926	0.1094486266374588	0.6290169358253479
3004	0.03585612773895264	0.1103217750787735	0.6260755062103271
3005	0.037061698734760284	0.11080529540777206	0.6234572529792786
3006	0.03578611835837364	0.11077930778265	0.622147262096405
3007	0.037219155579805374	0.11039113253355026	0.6222355365753174
3008	0.03710456192493439	0.10981862992048264	0.6233019828796387
3009	0.036273978650569916	0.10914057493209839	0.6255383491516113
3010	0.037229131907224655	0.10883980989456177	0.6264347434043884
3011	0.03652689605951309	0.10883883386850357	0.6275480389595032
3012	0.035586170852184296	0.10906782746315002	0.6279127597808838
3013	0.036434076726436615	0.10909797996282578	0.6281810998916626
3014	0.036986202001571655	0.10895233601331711	0.6276578903198242
3015	0.03661448881030083	0.10888874530792236	0.626399040222168
3016	0.0356924869120121	0.10908722132444382	0.6249712109565735
3017	0.0351034551858902	0.1092614009976387	0.6241672039031982
3018	0.036878250539302826	0.10953331738710403	0.6230789422988892
3019	0.036453403532505035	0.11002020537853241	0.6213286519050598
3020	0.03693855181336403	0.11019987612962723	0.621135950088501
3021	0.036727629601955414	0.11018703877925873	0.6222133636474609
3022	0.03643491119146347	0.11009858548641205	0.6234570145606995
3023	0.03688256815075874	0.10981704294681549	0.6250566840171814
3024	0.03561994433403015	0.10949829965829849	0.6253151893615723
3025	0.036426935344934464	0.10927873104810715	0.6248443126678467
3026	0.036980949342250824	0.1095823273062706	0.622648298740387
3027	0.034744992852211	0.11012373119592667	0.619350254535675
3028	0.03754229098558426	0.11030034720897675	0.6179759502410889
3029	0.03633851930499077	0.1101919636130333	0.6183587312698364
3030	0.03606538847088814	0.11011382937431335	0.6194286942481995
3031	0.03636087104678154	0.11009531468153	0.620441734790802
3032	0.03611648827791214	0.11035896092653275	0.621263325214386
3033	0.0370342843234539	0.1106395423412323	0.622277557849884
3034	0.03552637994289398	0.11058300733566284	0.6232219934463501
3035	0.03735800087451935	0.11033742129802704	0.6244907379150391
3036	0.03613869100809097	0.10979265719652176	0.6266794204711914
3037	0.0364740714430809	0.10938751697540283	0.6286084055900574
3038	0.03577200323343277	0.10935952514410019	0.6284520030021667
3039	0.037284135818481445	0.10911599546670914	0.6285580992698669
3040	0.03542551398277283	0.10938838124275208	0.6265719532966614
3041	0.036430127918720245	0.1099611297249794	0.6241056323051453
3042	0.035767730325460434	0.11011859774589539	0.623837411403656
3043	0.036635711789131165	0.10982415825128555	0.6251461505889893
3044	0.03631709888577461	0.10960958153009415	0.6261655688285828
3045	0.03733380138874054	0.10972785949707031	0.6263532042503357
3046	0.03642742708325386	0.10999463498592377	0.6255391836166382
3047	0.03667884320020676	0.10995309054851532	0.6254910230636597
3048	0.035719361156225204	0.10964561253786087	0.6260168552398682
3049	0.036088865250349045	0.10979863256216049	0.6247701644897461
3050	0.03600193187594414	0.11004035174846649	0.6227909326553345
3051	0.03669343888759613	0.1109074279665947	0.6181482672691345
3052	0.03504921868443489	0.11124450713396072	0.6159154772758484
3053	0.03611481562256813	0.11107486486434937	0.6168267726898193
3054	0.03595416620373726	0.11083033680915833	0.618608832359314
3055	0.03577444329857826	0.1107013076543808	0.6201648116111755
3056	0.03680921718478203	0.11086957156658173	0.6205198764801025
3057	0.03566799685359001	0.11086584627628326	0.6214648485183716
3058	0.037590235471725464	0.11075503379106522	0.622033953666687
3059	0.036913804709911346	0.11024435609579086	0.6239651441574097
3060	0.035174235701560974	0.10964801162481308	0.6261606216430664
3061	0.036685019731521606	0.1090795025229454	0.628056526184082
3062	0.03628179803490639	0.10877759754657745	0.6287733316421509
3063	0.035904280841350555	0.10901540517807007	0.6275050640106201
3064	0.03526344895362854	0.10963176935911179	0.6250810027122498
3065	0.03498492389917374	0.11090286821126938	0.6206678748130798
3066	0.03605065122246742	0.1121581643819809	0.6163749694824219
3067	0.036043357104063034	0.11239194124937057	0.6156647205352783
3068	0.036630306392908096	0.1114073097705841	0.6184754967689514
3069	0.036330368369817734	0.10981754958629608	0.6233662366867065
3070	0.036024220287799835	0.10902924835681915	0.6260702013969421
3071	0.03620786592364311	0.10908541828393936	0.6260316967964172
3072	0.03580515831708908	0.1096552312374115	0.6241416335105896
3073	0.03608255460858345	0.11069029569625854	0.6202549934387207
3074	0.0368567518889904	0.1109817773103714	0.6189959645271301
3075	0.03524604067206383	0.11071446537971497	0.6203240752220154
3076	0.03529369458556175	0.11029142886400223	0.6223900318145752
3077	0.03674114868044853	0.10989050567150116	0.6245212554931641
3078	0.03543246537446976	0.10947269201278687	0.6269383430480957
3079	0.03661904111504555	0.10966673493385315	0.627478837966919
3080	0.035833440721035004	0.11027006804943085	0.6262171268463135
3081	0.03578715771436691	0.11080209165811539	0.6240513920783997
3082	0.03605605661869049	0.11088317632675171	0.6232125163078308
3083	0.03591974079608917	0.10978451371192932	0.6274387240409851
3084	0.036651622503995895	0.10851123929023743	0.6324197053909302
3085	0.036159954965114594	0.1077883318066597	0.6352159380912781
3086	0.034915320575237274	0.10760537534952164	0.6360775828361511
3087	0.036107130348682404	0.10800877213478088	0.6343557238578796
3088	0.035450827330350876	0.10846847295761108	0.6323627233505249
3089	0.035283833742141724	0.10899343341588974	0.63022780418396
3090	0.035174936056137085	0.10952190309762955	0.6271728277206421
3091	0.03595579043030739	0.11017317324876785	0.6233500242233276
3092	0.03598368540406227	0.11076373606920242	0.6200011968612671
3093	0.0350714847445488	0.1112406849861145	0.6176451444625854
3094	0.036412231624126434	0.11125485599040985	0.6180084943771362
3095	0.036390144377946854	0.1107504665851593	0.6209078431129456
3096	0.03571869432926178	0.11025415360927582	0.6236728429794312
3097	0.036747705191373825	0.10994616895914078	0.6256429553031921
3098	0.036245204508304596	0.10975907742977142	0.6270121932029724
3099	0.03596282750368118	0.11006263643503189	0.626359224319458
3100	0.03599746152758598	0.11016727238893509	0.6266886591911316
3101	0.03671523928642273	0.11021557450294495	0.6263073682785034
3102	0.035380300134420395	0.10982158035039902	0.6277459263801575
3103	0.03574136272072792	0.10927580296993256	0.6288355588912964
3104	0.03586600720882416	0.10910577327013016	0.6286041736602783
3105	0.036364518105983734	0.10939959436655045	0.6270253658294678
3106	0.03467303514480591	0.10992220044136047	0.6252881288528442
3107	0.03577340766787529	0.11048122495412827	0.6234170198440552
3108	0.03522743657231331	0.11063338071107864	0.6230894327163696
3109	0.03597091883420944	0.11028488725423813	0.6248115301132202
3110	0.03616463765501976	0.10982891917228699	0.6268223524093628
3111	0.03613143414258957	0.1095212921500206	0.6277594566345215
3112	0.03636353090405464	0.10929989814758301	0.6283937692642212
3113	0.036688175052404404	0.10940335690975189	0.6279761791229248
3114	0.03592207655310631	0.10992180556058884	0.6258316040039062
3115	0.03524797409772873	0.1102282702922821	0.6245715022087097
3116	0.03509964793920517	0.11052365601062775	0.6235540509223938
3117	0.035794734954833984	0.11058805137872696	0.6231181025505066
3118	0.03536118194460869	0.11028531938791275	0.6237156391143799
3119	0.035746414214372635	0.11003965884447098	0.6242385506629944
3120	0.03591251000761986	0.10959242284297943	0.6256729960441589
3121	0.03600826486945152	0.10959120839834213	0.6255479454994202
3122	0.03539571166038513	0.10980665683746338	0.6249130368232727
3123	0.03617473319172859	0.11007970571517944	0.6241589784622192
3124	0.0368557907640934	0.11007669568061829	0.6250197887420654
3125	0.035079121589660645	0.10995247960090637	0.6268730759620667
3126	0.03505488485097885	0.110017791390419	0.627661406993866
3127	0.03507893532514572	0.10980980843305588	0.6282448172569275
3128	0.035822249948978424	0.10948949307203293	0.6286315321922302
3129	0.03533008322119713	0.1094328984618187	0.6276572346687317
3130	0.03603927791118622	0.11003752797842026	0.6247709393501282
3131	0.03539871796965599	0.11112090945243835	0.6195657253265381
3132	0.03640485554933548	0.1113138198852539	0.6194686889648438
3133	0.03613969311118126	0.1109839379787445	0.621882975101471
3134	0.035205770283937454	0.11022141575813293	0.6257300972938538
3135	0.03629568964242935	0.10963968932628632	0.6279305815696716
3136	0.03488820046186447	0.10938595235347748	0.6282557249069214
3137	0.036814842373132706	0.10961911827325821	0.6269903182983398
3138	0.03596734628081322	0.1102929413318634	0.6244856119155884
3139	0.035484712570905685	0.1108895018696785	0.622318685054779
3140	0.035171423107385635	0.11111563444137573	0.622090756893158
3141	0.03623068705201149	0.11085113883018494	0.6237914562225342
3142	0.03565727919340134	0.11092483997344971	0.6230592727661133
3143	0.034961067140102386	0.11087764799594879	0.6225834488868713
3144	0.035051703453063965	0.11064416170120239	0.6229672431945801
3145	0.03496618568897247	0.11029689759016037	0.6237056851387024
3146	0.0350988432765007	0.10993723571300507	0.625598132610321
3147	0.03550496697425842	0.1095537468791008	0.628071129322052
3148	0.036775991320610046	0.10933315753936768	0.6302138566970825
3149	0.034990835934877396	0.10924097895622253	0.6313783526420593
3150	0.03646603599190712	0.10923777520656586	0.6320862770080566
3151	0.035913266241550446	0.10935324430465698	0.6317555904388428
3152	0.034697361290454865	0.10938216000795364	0.6312699913978577
3153	0.035870011895895004	0.10991127043962479	0.6285457015037537
3154	0.034778669476509094	0.1106119155883789	0.6250542402267456
3155	0.035680800676345825	0.11060294508934021	0.6252424120903015
3156	0.0346139632165432	0.11027596890926361	0.6265884041786194
3157	0.03612874820828438	0.10973098874092102	0.6285837292671204
3158	0.03551206737756729	0.10922054946422577	0.6301915645599365
3159	0.035217124968767166	0.10902567207813263	0.6305176019668579
3160	0.034681543707847595	0.109188973903656	0.6300415992736816
3161	0.03487842157483101	0.10937359184026718	0.6286768913269043
3162	0.0352967195212841	0.10945519804954529	0.6273613572120667
3163	0.03504904732108116	0.10946036875247955	0.625845193862915
3164	0.03559363633394241	0.1097981184720993	0.6235376000404358
3165	0.03575044870376587	0.11004669219255447	0.6228932738304138
3166	0.03635106235742569	0.11049851030111313	0.622337818145752
3167	0.03459076210856438	0.1107553094625473	0.6224711537361145
3168	0.03546832874417305	0.11022612452507019	0.6250419616699219
3169	0.03556402772665024	0.10960222780704498	0.6272540092468262
3170	0.03519267961382866	0.10949971526861191	0.62737637758255
3171	0.035384077578783035	0.10981807857751846	0.625943124294281
3172	0.035407401621341705	0.11039754003286362	0.6237154603004456
3173	0.03538256883621216	0.11114700883626938	0.62128746509552
3174	0.034748006612062454	0.11153516918420792	0.6200767755508423
3175	0.03546741232275963	0.11129369586706161	0.6209360957145691
3176	0.03484167158603668	0.11080802977085114	0.6223171949386597
3177	0.03556487709283829	0.11001762747764587	0.6250519156455994
3178	0.03620581328868866	0.10956515371799469	0.6270543336868286
3179	0.03575604036450386	0.10933848470449448	0.6283160448074341
3180	0.03595573082566261	0.10945446789264679	0.6286966800689697
3181	0.035575468093156815	0.10961788892745972	0.6288317441940308
3182	0.03484250232577324	0.10995528101921082	0.6277196407318115
3183	0.03488066792488098	0.11026972532272339	0.6263781189918518
3184	0.03432459011673927	0.1105106845498085	0.6248588562011719
3185	0.035870201885700226	0.1100781038403511	0.6256957650184631
3186	0.03587990254163742	0.10966068506240845	0.6267392635345459
3187	0.03577210009098053	0.10928408801555634	0.6277768611907959
3188	0.035505086183547974	0.10923374444246292	0.6282304525375366
3189	0.03540998324751854	0.10943492501974106	0.6286451816558838
3190	0.035325247794389725	0.10990631580352783	0.6275835037231445
3191	0.03578891232609749	0.10980771481990814	0.6280894875526428
3192	0.03689611330628395	0.10960038751363754	0.6286437511444092
3193	0.03518998995423317	0.10933869332075119	0.6292796730995178
3194	0.03510736674070358	0.10966553539037704	0.6276882290840149
3195	0.03476884961128235	0.11006639897823334	0.6253371238708496
3196	0.03546323999762535	0.11079233884811401	0.6218090057373047
3197	0.03463420271873474	0.1113896444439888	0.6190199255943298
3198	0.035484522581100464	0.11154494434595108	0.6188594698905945
3199	0.03475420922040939	0.11116932332515717	0.6206728219985962
3200	0.03631969913840294	0.11022543907165527	0.625393271446228
3201	0.035053085535764694	0.10943596065044403	0.6294265985488892
3202	0.03542768582701683	0.10904058068990707	0.632060170173645
3203	0.0349736325442791	0.10897759348154068	0.6328327059745789
3204	0.0356602780520916	0.10921475291252136	0.6320173144340515
3205	0.03564684838056564	0.10947373509407043	0.6307345032691956
3206	0.035096898674964905	0.10972025990486145	0.6295949220657349
3207	0.03501429036259651	0.11015740782022476	0.6270400285720825
3208	0.035218894481658936	0.1109226644039154	0.6234611868858337
3209	0.03488325700163841	0.11145947873592377	0.6207687258720398
3210	0.03563737869262695	0.11118822544813156	0.6210756301879883
3211	0.03572811931371689	0.1103987842798233	0.6239002346992493
3212	0.034285906702280045	0.10987427085638046	0.6268970370292664
3213	0.03454772010445595	0.10946037620306015	0.6294722557067871
3214	0.0349186435341835	0.10921361297369003	0.631672739982605
3215	0.03487683832645416	0.10890636593103409	0.6329798698425293
3216	0.035641808062791824	0.10915850102901459	0.6322439908981323
3217	0.03605802729725838	0.10962522029876709	0.6299498677253723
3218	0.03486504778265953	0.10994558781385422	0.6279110908508301
3219	0.0357680581510067	0.11038899421691895	0.6255072951316833
3220	0.033927347511053085	0.11062456667423248	0.6240355372428894
3221	0.03460400551557541	0.11080385744571686	0.6229231357574463
3222	0.034796424210071564	0.11092334985733032	0.6224531531333923
3223	0.03450578823685646	0.11104555428028107	0.622646689414978
3224	0.03570552170276642	0.11059612035751343	0.62493497133255
3225	0.0340978167951107	0.11029920727014542	0.6265777349472046
3226	0.03519183397293091	0.11016014218330383	0.6274402737617493
3227	0.03491572290658951	0.10997167974710464	0.6274875402450562
3228	0.033868208527565	0.11002383381128311	0.6263442039489746
3229	0.03565225750207901	0.11007712781429291	0.6255578398704529
3230	0.03554973378777504	0.10967787355184555	0.6268556118011475
3231	0.03632634878158569	0.10931813716888428	0.6280137300491333
3232	0.0346529446542263	0.1097070723772049	0.6263788938522339
3233	0.03449646756052971	0.11014722287654877	0.6245386600494385
3234	0.034307025372982025	0.11026304215192795	0.6236401200294495
3235	0.034346383064985275	0.11025018990039825	0.6235040426254272
3236	0.03447435423731804	0.11042894423007965	0.6229323744773865
3237	0.0354914665222168	0.11050783097743988	0.6232637166976929
3238	0.035339925438165665	0.11080887168645859	0.6227269172668457
3239	0.03406171873211861	0.1108420193195343	0.6231043338775635
3240	0.03494498133659363	0.11048372089862823	0.6255643367767334
3241	0.03552627936005592	0.10997617244720459	0.6285807490348816
3242	0.03528737649321556	0.1098695918917656	0.6301491260528564
3243	0.035335320979356766	0.10964322835206985	0.6317141056060791
3244	0.035163961350917816	0.10957498848438263	0.6316438317298889
3245	0.03474736213684082	0.10934079438447952	0.631095826625824
3246	0.03438460826873779	0.10928195714950562	0.630452573299408
3247	0.0340517982840538	0.10958237946033478	0.6286773681640625
3248	0.0354781299829483	0.10993386059999466	0.6270147562026978
3249	0.035349030047655106	0.11043732613325119	0.6252291798591614
3250	0.03475202992558479	0.11085402220487595	0.6240184307098389
3251	0.03461672365665436	0.1113235205411911	0.6221464276313782
3252	0.034793149679899216	0.1112465113401413	0.6225540637969971
3253	0.03525719419121742	0.11076749116182327	0.6237424612045288
3254	0.03427093103528023	0.11011946201324463	0.6261803507804871
3255	0.033569417893886566	0.10982876271009445	0.6274451613426208
3256	0.03429181128740311	0.10983080416917801	0.6280993223190308
3257	0.03632037341594696	0.11007938534021378	0.6281301975250244
3258	0.03547211363911629	0.11023569107055664	0.6284175515174866
3259	0.03477691486477852	0.11018895357847214	0.6291880011558533
3260	0.034263987094163895	0.10985030233860016	0.629645049571991
3261	0.034432534128427505	0.10968741029500961	0.6289583444595337
3262	0.03594877943396568	0.10984373837709427	0.627539873123169
3263	0.035591188818216324	0.11016584187746048	0.6263545155525208
3264	0.03492692485451698	0.11064469814300537	0.6249513030052185
3265	0.035288479179143906	0.1107100322842598	0.6253746151924133
3266	0.03535158187150955	0.11022017896175385	0.6270116567611694
3267	0.034598346799612045	0.10988776385784149	0.6273806095123291
3268	0.03505421429872513	0.10989920049905777	0.6265912055969238
3269	0.03469965234398842	0.11017771065235138	0.6253569722175598
3270	0.03533444181084633	0.11058365553617477	0.6241607069969177
3271	0.03457590565085411	0.1107284277677536	0.6237046718597412
3272	0.033862411975860596	0.11091244965791702	0.6230058073997498
3273	0.035252902656793594	0.11061654984951019	0.6243840456008911
3274	0.0357079841196537	0.10993785411119461	0.6275042295455933
3275	0.03549798205494881	0.10966110229492188	0.6293324828147888
3276	0.03469981253147125	0.10946246981620789	0.6305770874023438
3277	0.03483755141496658	0.10955929756164551	0.6303271055221558
3278	0.035530611872673035	0.10962603241205215	0.630466878414154
3279	0.03555590659379959	0.110117606818676	0.6287493109703064
3280	0.03424123674631119	0.11097709834575653	0.6250133514404297
3281	0.034537091851234436	0.1114753931760788	0.6227571964263916
3282	0.03462768718600273	0.11123961210250854	0.6235469579696655
3283	0.034073807299137115	0.11065948009490967	0.6260322332382202
3284	0.03408242017030716	0.1102871224284172	0.6274039149284363
3285	0.034617308527231216	0.11036206781864166	0.6272386312484741
3286	0.0348639152944088	0.11051670461893082	0.6268647313117981
3287	0.0340835265815258	0.11057787388563156	0.6266028881072998
3288	0.034556660801172256	0.1105518788099289	0.6263583302497864
3289	0.034893784672021866	0.11027051508426666	0.6265460252761841
3290	0.03593922406435013	0.11026235669851303	0.6259985566139221
3291	0.03450493514537811	0.11030475050210953	0.6250634789466858
3292	0.03468859940767288	0.11041729152202606	0.623956024646759
3293	0.03457011282444	0.11043305695056915	0.6238716840744019
3294	0.035062406212091446	0.11071628332138062	0.6227695345878601
3295	0.034039441496133804	0.11072801053524017	0.6233017444610596
3296	0.03441762179136276	0.1104653850197792	0.625541090965271
3297	0.034800346940755844	0.11005382984876633	0.6284695267677307
3298	0.03518237546086311	0.11006259173154831	0.6293790936470032
3299	0.033501822501420975	0.11033149063587189	0.629007875919342
3300	0.03499475121498108	0.11025883257389069	0.6290468573570251
3301	0.034550026059150696	0.11041577160358429	0.6278702020645142
3302	0.03300200030207634	0.11054499447345734	0.6272907257080078
3303	0.03469714894890785	0.1105242371559143	0.6274277567863464
3304	0.03477953001856804	0.1103840172290802	0.6276213526725769
3305	0.03444253280758858	0.11033228784799576	0.6272518634796143
3306	0.03410453721880913	0.11019647121429443	0.6271500587463379
3307	0.035159699618816376	0.10996387153863907	0.6275792121887207
3308	0.033957935869693756	0.11001738160848618	0.6269657015800476
3309	0.035245515406131744	0.1100432500243187	0.6267273426055908
3310	0.03427848219871521	0.10974013805389404	0.6277122497558594
3311	0.03491116315126419	0.10928694158792496	0.629790723323822
3312	0.03443508222699165	0.10889873653650284	0.6318613290786743
3313	0.03593810275197029	0.10877133905887604	0.632513701915741
3314	0.03459355980157852	0.10876147449016571	0.632265567779541
3315	0.03423712030053139	0.10874050855636597	0.6320642232894897
3316	0.03483811765909195	0.10927585512399673	0.6296350955963135
3317	0.0338689349591732	0.10972816497087479	0.6280761957168579
3318	0.03442160785198212	0.10997430235147476	0.6277453303337097
3319	0.03408818319439888	0.11023184657096863	0.6268801093101501
3320	0.03336350992321968	0.1100599393248558	0.6275132894515991
3321	0.034356702119112015	0.10998646914958954	0.6274967193603516
3322	0.03484153002500534	0.11015047132968903	0.6269092559814453
3323	0.03391805291175842	0.11061231046915054	0.6255468726158142
3324	0.033564675599336624	0.11082419008016586	0.6245834827423096
3325	0.03451757878065109	0.11058865487575531	0.6253576874732971
3326	0.03444315865635872	0.1104646697640419	0.6266368627548218
3327	0.03355029225349426	0.11026550084352493	0.6276395916938782
3328	0.034825727343559265	0.11013269424438477	0.6277310252189636
3329	0.03429440036416054	0.10992850363254547	0.6281096339225769
3330	0.03441008925437927	0.11022043973207474	0.6273084878921509
3331	0.03450853005051613	0.11053524911403656	0.6267801523208618
3332	0.03532921522855759	0.11019213497638702	0.6286032795906067
3333	0.03531031310558319	0.10966344177722931	0.6309298872947693
3334	0.035032112151384354	0.10951675474643707	0.631751298904419
3335	0.034978192299604416	0.1099381148815155	0.6307268142700195
3336	0.03330983594059944	0.11002037674188614	0.630770206451416
3337	0.03513551875948906	0.11029279232025146	0.6298837661743164
3338	0.03501326963305473	0.1103004440665245	0.6297118067741394
3339	0.0350259505212307	0.10981582850217819	0.6312074661254883
3340	0.03352052718400955	0.10922660678625107	0.6331623792648315
3341	0.034070711582899094	0.10867442190647125	0.6347845792770386
3342	0.034771837294101715	0.10831218212842941	0.6355771422386169
3343	0.03504768759012222	0.10827948153018951	0.6355681419372559
3344	0.03498708829283714	0.10904635488986969	0.6338459849357605
3345	0.03429984301328659	0.1094541847705841	0.6332671046257019
3346	0.03483688831329346	0.10913803428411484	0.6334084272384644
3347	0.03328493982553482	0.10900995135307312	0.6313872337341309
3348	0.03424087539315224	0.10928793996572495	0.6292394399642944
3349	0.03435840085148811	0.10988394916057587	0.6267250776290894
3350	0.03362549468874931	0.11036452651023865	0.6249784827232361
3351	0.03592786192893982	0.11010022461414337	0.6258396506309509
3352	0.03529916703701019	0.109812892973423	0.627117395401001
3353	0.03430552780628204	0.11010009050369263	0.626579225063324
3354	0.034233398735523224	0.10995099693536758	0.6276043057441711
3355	0.03527912497520447	0.10961991548538208	0.6290168166160583
3356	0.03353339061141014	0.10918888449668884	0.6307660937309265
3357	0.03592226654291153	0.10876333713531494	0.6323934197425842
3358	0.0350748710334301	0.10835117101669312	0.6346389055252075
3359	0.03491021320223808	0.10824919492006302	0.6358189582824707
3360	0.03584697097539902	0.10880101472139359	0.6342117786407471
3361	0.03416825085878372	0.110151007771492	0.6295296549797058
3362	0.03507768735289574	0.11118872463703156	0.6251881122589111
3363	0.03446442261338234	0.11113941669464111	0.6249100565910339
3364	0.034131843596696854	0.11068939417600632	0.6258652806282043
3365	0.033921170979738235	0.11024540662765503	0.6267804503440857
3366	0.03502033278346062	0.10994476079940796	0.6280698180198669
3367	0.03371739387512207	0.11010300368070602	0.627659261226654
3368	0.03547699749469757	0.11017849296331406	0.6279332637786865
3369	0.034027907997369766	0.10973729938268661	0.6302614212036133
3370	0.03493569418787956	0.10916843265295029	0.6335143446922302
3371	0.033656924962997437	0.10903133451938629	0.6351355314254761
3372	0.03457247465848923	0.10919416695833206	0.6350274085998535
3373	0.03455629199743271	0.10951963067054749	0.6341231465339661
3374	0.034153543412685394	0.11033051460981369	0.6314743161201477
3375	0.033628202974796295	0.11069531738758087	0.6288915872573853
3376	0.034855835139751434	0.111055389046669	0.626200258731842
3377	0.03428177535533905	0.11100824922323227	0.6248862743377686
3378	0.033552151173353195	0.1104961708188057	0.6262101531028748
3379	0.03402471914887428	0.1100480929017067	0.6283485293388367
3380	0.033606383949518204	0.109525665640831	0.6304156184196472
3381	0.03452649712562561	0.10948412120342255	0.6304020285606384
3382	0.033834308385849	0.1098887026309967	0.6285218596458435
3383	0.03370436653494835	0.11007752269506454	0.627595067024231
3384	0.034229930490255356	0.11021772027015686	0.6269418001174927
3385	0.034598030149936676	0.11020342260599136	0.6266825795173645
3386	0.03403112664818764	0.11013827472925186	0.6273649334907532
3387	0.034711793065071106	0.10986378788948059	0.6293343901634216
3388	0.034166399389505386	0.10948268324136734	0.632063090801239
3389	0.0329788401722908	0.10932429879903793	0.6344289779663086
3390	0.03349483385682106	0.10948312282562256	0.6346356272697449
3391	0.03304857760667801	0.10970385372638702	0.6341325640678406
3392	0.03441842272877693	0.10969244688749313	0.6341426968574524
3393	0.03347194567322731	0.10974151641130447	0.6333810091018677
3394	0.035103581845760345	0.11000069975852966	0.631769597530365
3395	0.034038763493299484	0.11017762869596481	0.6311883926391602
3396	0.03438817709684372	0.11070281267166138	0.6293639540672302
3397	0.03368225321173668	0.11076253652572632	0.6303764581680298
3398	0.03570383042097092	0.11037470400333405	0.6317957043647766
3399	0.03387423977255821	0.11021154373884201	0.6306686401367188
3400	0.034245941787958145	0.11013385653495789	0.6294663548469543
3401	0.034257300198078156	0.11005986481904984	0.6281264424324036
3402	0.03365856781601906	0.110573910176754	0.625468373298645
3403	0.03394530341029167	0.11108136922121048	0.6234913468360901
3404	0.033848438411951065	0.11142269521951675	0.6222845911979675
3405	0.034947603940963745	0.1117062196135521	0.6219483613967896
3406	0.033613644540309906	0.1115630567073822	0.6231672763824463
3407	0.035225532948970795	0.11066840589046478	0.626994788646698
3408	0.03448083996772766	0.10973489284515381	0.6304512023925781
3409	0.03470367565751076	0.10956884175539017	0.6313313245773315
3410	0.033405452966690063	0.10966439545154572	0.6310532689094543
3411	0.033822204917669296	0.10997388511896133	0.630476713180542
3412	0.03405129909515381	0.11036750674247742	0.6290556788444519
3413	0.03379557281732559	0.11019919067621231	0.6292927265167236
3414	0.03425784781575203	0.11037298291921616	0.6286191344261169
3415	0.03512895852327347	0.11051315069198608	0.6280906200408936
3416	0.035294514149427414	0.1105954498052597	0.62746262550354
3417	0.03379685431718826	0.11037302762269974	0.627880871295929
3418	0.034424830228090286	0.11031458526849747	0.6276481747627258
3419	0.033629488199949265	0.10990172624588013	0.6291019320487976
3420	0.034637127071619034	0.10981618613004684	0.6297627687454224
3421	0.03317905589938164	0.11025666445493698	0.6287999749183655
3422	0.034580525010824203	0.1108969897031784	0.6267282962799072
3423	0.03475118428468704	0.11077629029750824	0.6273601055145264
3424	0.03377159684896469	0.11043649911880493	0.6283107399940491
3425	0.03358043357729912	0.11023636907339096	0.6287671327590942
3426	0.034055717289447784	0.11047665774822235	0.6281696557998657
3427	0.0331784151494503	0.11079342663288116	0.6275208592414856
3428	0.03408978879451752	0.11070676147937775	0.6285430192947388
3429	0.0334165021777153	0.11049121618270874	0.6303636431694031
3430	0.03389865159988403	0.11000759899616241	0.632642388343811
3431	0.03502750024199486	0.1096758171916008	0.6336480379104614
3432	0.0341850221157074	0.1097818911075592	0.6327919960021973
3433	0.03318484500050545	0.11001814156770706	0.6316516995429993
3434	0.03380339965224266	0.11037470400333405	0.6301000118255615
3435	0.033900558948516846	0.11017188429832458	0.630976676940918
3436	0.034617532044649124	0.10952985286712646	0.6336047053337097
3437	0.033256761729717255	0.10953658819198608	0.6341037154197693
3438	0.03422617167234421	0.10984766483306885	0.6335693001747131
3439	0.03328583762049675	0.11000215262174606	0.6332727074623108
3440	0.03364286199212074	0.11023634672164917	0.6325365304946899
3441	0.034654825925827026	0.11065419018268585	0.630593478679657
3442	0.032217614352703094	0.11042863130569458	0.6305691599845886
3443	0.034096624702215195	0.11003857105970383	0.6313924193382263
3444	0.03346087783575058	0.10969019681215286	0.6322101950645447
3445	0.034069567918777466	0.10948728024959564	0.6333547234535217
3446	0.03577648848295212	0.10962415486574173	0.6336574554443359
3447	0.03440043702721596	0.11042264848947525	0.63166743516922
3448	0.03431802615523338	0.11105642467737198	0.6304236650466919
3449	0.03571745753288269	0.11082179099321365	0.6310194134712219
3450	0.034839943051338196	0.10981819778680801	0.6344531774520874
3451	0.03470262512564659	0.10926931351423264	0.6354576349258423
3452	0.034855619072914124	0.10949020832777023	0.6336823105812073
3453	0.03359294310212135	0.1101091280579567	0.6306800842285156
3454	0.035074297338724136	0.11074281483888626	0.6273735761642456
3455	0.03361872583627701	0.1113162562251091	0.6247369647026062
3456	0.03489258512854576	0.1116095557808876	0.6233135461807251
3457	0.035046063363552094	0.11162830889225006	0.6234450936317444
3458	0.033855140209198	0.11102344840765	0.626183807849884
3459	0.0333222895860672	0.11058847606182098	0.6285274624824524
3460	0.033617228269577026	0.11039593070745468	0.6301282048225403
3461	0.034921735525131226	0.11038842052221298	0.6311259269714355
3462	0.034258775413036346	0.11040996760129929	0.6318204998970032
3463	0.03476155921816826	0.1108059212565422	0.6304836273193359
3464	0.03331823647022247	0.11156435310840607	0.6267694234848022
3465	0.03479597717523575	0.11172957718372345	0.6251469850540161
3466	0.03364088013768196	0.11141544580459595	0.6261177062988281
3467	0.03324861451983452	0.1110711470246315	0.6273227334022522
3468	0.033110830932855606	0.11066808551549911	0.628851056098938
3469	0.033500220626592636	0.1100214272737503	0.631150484085083
3470	0.03413066267967224	0.10969814658164978	0.6324803829193115
3471	0.03337305039167404	0.10944636166095734	0.634334146976471
3472	0.03351188078522682	0.10951773822307587	0.6340005993843079
3473	0.034382164478302	0.1092960461974144	0.6341474652290344
3474	0.03442499786615372	0.10923296958208084	0.6343790888786316
3475	0.0348164364695549	0.10936223715543747	0.6340716481208801
3476	0.034993190318346024	0.10978595167398453	0.6326305866241455
3477	0.033653922379016876	0.11059541255235672	0.629727840423584
3478	0.033804941922426224	0.11112795770168304	0.6272868514060974
3479	0.03348725289106369	0.1111450344324112	0.6259346604347229
3480	0.03457232937216759	0.1113150343298912	0.6245213747024536
3481	0.03441329672932625	0.11142050474882126	0.6237862706184387
3482	0.033825017511844635	0.11177729815244675	0.6230201721191406
3483	0.03469904139637947	0.11176624894142151	0.6244012713432312
3484	0.034248754382133484	0.11158933490514755	0.6270376443862915
3485	0.03395145758986473	0.11138927191495895	0.6287887096405029
3486	0.03282622620463371	0.11063390225172043	0.6313513517379761
3487	0.033801864832639694	0.11003537476062775	0.6324852108955383
3488	0.03401055559515953	0.10957770049571991	0.63292396068573
3489	0.033557843416929245	0.10995108634233475	0.6307011842727661
3490	0.03358025476336479	0.11080734431743622	0.6277590990066528
3491	0.03308182209730148	0.1110193133354187	0.627006471157074
3492	0.03306594118475914	0.11028937995433807	0.6295285820960999
3493	0.033799443393945694	0.10950484871864319	0.6329317092895508
3494	0.033276114612817764	0.10935156792402267	0.6340929269790649
3495	0.034034572541713715	0.10932149738073349	0.6342809796333313
3496	0.03475300595164299	0.10988517850637436	0.6320952773094177
3497	0.03377725929021835	0.11049208790063858	0.6296110153198242
3498	0.03373163193464279	0.1107759103178978	0.6282002329826355
3499	0.0344511978328228	0.11046908050775528	0.6285630464553833
3500	0.03342172130942345	0.10985097289085388	0.629907488822937
3501	0.033538226038217545	0.10980606079101562	0.6295666694641113
3502	0.03377886116504669	0.11032429337501526	0.6279596090316772
3503	0.0329863503575325	0.1108924001455307	0.626075267791748
3504	0.03333720937371254	0.11153172701597214	0.6242040395736694
3505	0.03400564193725586	0.11141393333673477	0.625628650188446
3506	0.03367267921566963	0.11096841096878052	0.6280272006988525
3507	0.03388330340385437	0.11016637831926346	0.631696343421936
3508	0.03313108906149864	0.10964522510766983	0.6338824033737183
3509	0.03391328081488609	0.10939621180295944	0.6355258226394653
3510	0.03380371257662773	0.10969744622707367	0.6347560882568359
3511	0.03400734066963196	0.11028817296028137	0.6323487758636475
3512	0.03224397078156471	0.11094199120998383	0.6301581263542175
3513	0.03325721621513367	0.11077561229467392	0.6311471462249756
3514	0.03254140168428421	0.11060886830091476	0.6318833827972412
3515	0.032549917697906494	0.11032336205244064	0.6325157880783081
3516	0.033453408628702164	0.11034205555915833	0.6311973333358765
3517	0.03291788697242737	0.11043251305818558	0.6299006938934326
3518	0.032646529376506805	0.11055679619312286	0.6283698081970215
3519	0.03400154784321785	0.11066263914108276	0.6281324625015259
3520	0.03357759863138199	0.11080748587846756	0.6284076571464539
3521	0.03359106555581093	0.11088058352470398	0.6290358304977417
3522	0.03325176611542702	0.11060559749603271	0.6302483677864075
3523	0.033349718898534775	0.11046924442052841	0.6307078003883362
3524	0.03385009244084358	0.1107136532664299	0.6295291781425476
3525	0.033380862325429916	0.11118587106466293	0.6275699734687805
3526	0.03357093036174774	0.11139409989118576	0.6266260743141174
3527	0.03384636342525482	0.11131380498409271	0.6272113919258118
3528	0.033018674701452255	0.11075135320425034	0.6291869282722473
3529	0.03430468589067459	0.11043079197406769	0.6303021907806396
3530	0.032779205590486526	0.11008564382791519	0.6310995221138
3531	0.03231000900268555	0.11005531996488571	0.6307390928268433
3532	0.03251353278756142	0.11049339920282364	0.6289761066436768
3533	0.03405541554093361	0.11116034537553787	0.6260068416595459
3534	0.03268757462501526	0.11138863861560822	0.624606192111969
3535	0.033607807010412216	0.11099716275930405	0.6261025071144104
3536	0.03416522219777107	0.11011213809251785	0.6294562220573425
3537	0.03264227882027626	0.10943982005119324	0.6317252516746521
3538	0.0332254096865654	0.10957832634449005	0.6311628222465515
3539	0.032313331961631775	0.11007524281740189	0.6292170882225037
3540	0.03318142518401146	0.11040551960468292	0.6277453899383545
3541	0.03342146426439285	0.11071404814720154	0.6260729432106018
3542	0.03297162428498268	0.1105726808309555	0.6261758208274841
3543	0.032506879419088364	0.11034329980611801	0.6271625757217407
3544	0.03450959175825119	0.11050085723400116	0.6277610063552856
3545	0.03323115408420563	0.1102738007903099	0.6307691335678101
3546	0.03400936350226402	0.1096242293715477	0.6341632008552551
3547	0.033583592623472214	0.10918402671813965	0.6366530060768127
3548	0.03310994431376457	0.109275683760643	0.6364962458610535
3549	0.034175511449575424	0.1093529537320137	0.6357626914978027
3550	0.034147389233112335	0.109706349670887	0.634125828742981
3551	0.033365458250045776	0.11037266999483109	0.6311009526252747
3552	0.033885352313518524	0.11095277965068817	0.6286917924880981
3553	0.032538630068302155	0.11126040667295456	0.6268173456192017
3554	0.0332879014313221	0.1110471710562706	0.6270102858543396
3555	0.03406505286693573	0.11083950102329254	0.6272339224815369
3556	0.03336561098694801	0.1102752834558487	0.6288935542106628
3557	0.03447333723306656	0.10993793606758118	0.6308537721633911
3558	0.03357264772057533	0.10984212160110474	0.6315465569496155
3559	0.03331080824136734	0.10986649245023727	0.6316972970962524
3560	0.032844871282577515	0.11015355587005615	0.6302162408828735
3561	0.03455551713705063	0.11038056761026382	0.6288948655128479
3562	0.03229315206408501	0.11030961573123932	0.6287057399749756
3563	0.03264401853084564	0.11081680655479431	0.6269139051437378
3564	0.032549671828746796	0.11065086722373962	0.628351092338562
3565	0.03357170522212982	0.11035477370023727	0.6305441856384277
3566	0.03269189968705177	0.11044207960367203	0.63129723072052
3567	0.03294596076011658	0.11026610434055328	0.6320241689682007
3568	0.03363083675503731	0.11000946909189224	0.6328243017196655
3569	0.03351251780986786	0.10977424681186676	0.6335585713386536
3570	0.03382435441017151	0.1094890832901001	0.6345966458320618
3571	0.033081550151109695	0.10925761610269547	0.6354901194572449
3572	0.03350631892681122	0.10939531028270721	0.6355133056640625
3573	0.03325372561812401	0.11016982793807983	0.6337361931800842
3574	0.03281955048441887	0.111270010471344	0.62967449426651
3575	0.032757751643657684	0.11202757805585861	0.6267605423927307
3576	0.033131640404462814	0.1119861900806427	0.6264774203300476
3577	0.034244898706674576	0.11115417629480362	0.6281654834747314
3578	0.03312725946307182	0.11068538576364517	0.6293807029724121
3579	0.033188216388225555	0.11057159304618835	0.6305646896362305
3580	0.03397322818636894	0.11067774891853333	0.6311487555503845
3581	0.03299015015363693	0.11099521815776825	0.6311424374580383
3582	0.03347530961036682	0.11082640290260315	0.6322281360626221
3583	0.03394873067736626	0.11048191040754318	0.6334747672080994
3584	0.03282485157251358	0.11009516566991806	0.6339906454086304
3585	0.03301432356238365	0.10995334386825562	0.6327444911003113
3586	0.032270245254039764	0.10981156677007675	0.631050169467926
3587	0.03292842581868172	0.11036016792058945	0.6279764771461487
3588	0.03252902254462242	0.11061922460794449	0.6268825531005859
3589	0.03297693282365799	0.1108001098036766	0.6264210343360901
3590	0.03244839981198311	0.11096800863742828	0.6261665225028992
3591	0.03369835391640663	0.11091765761375427	0.6263636946678162
3592	0.03231586515903473	0.11103580892086029	0.6261652708053589
3593	0.03303563967347145	0.11132064461708069	0.6254103779792786
3594	0.03315488621592522	0.11146654188632965	0.6248652935028076
3595	0.034239329397678375	0.1115008145570755	0.6250144243240356
3596	0.03300740569829941	0.11084707826375961	0.6276361346244812
3597	0.03299206122756004	0.10991905629634857	0.6311808824539185
3598	0.03423648700118065	0.10961947590112686	0.6322747468948364
3599	0.033592529594898224	0.10953152924776077	0.6323527693748474
3600	0.03264443948864937	0.10988646745681763	0.6307105422019958
3601	0.03218436986207962	0.1104847863316536	0.6290906071662903
3602	0.033580224961042404	0.11074287444353104	0.6284182071685791
3603	0.03318938985466957	0.11071857810020447	0.6284953355789185
3604	0.033464428037405014	0.110567606985569	0.6292902827262878
3605	0.032867640256881714	0.11046604067087173	0.6289339065551758
3606	0.03488297387957573	0.11073077470064163	0.6271105408668518
3607	0.033346906304359436	0.1108563020825386	0.626796305179596
3608	0.0331115685403347	0.11094946414232254	0.6267711520195007
3609	0.03311748430132866	0.11104194819927216	0.6269609928131104
3610	0.03320919722318649	0.11124315112829208	0.6274717450141907
3611	0.03254348784685135	0.11148427426815033	0.6277760863304138
3612	0.03254139423370361	0.11147142201662064	0.6280136108398438
3613	0.03219052031636238	0.11094360798597336	0.6291455626487732
3614	0.03185170516371727	0.11070514470338821	0.6293300986289978
3615	0.03306842967867851	0.11062676459550858	0.6290624737739563
3616	0.033854544162750244	0.11041145026683807	0.6297440528869629
3617	0.032333455979824066	0.11068388819694519	0.6293467283248901
3618	0.03323138505220413	0.1108117327094078	0.6287475824356079
3619	0.03299957886338234	0.1103501170873642	0.6296736598014832
3620	0.0336134135723114	0.10977622121572495	0.6307905316352844
3621	0.032866280525922775	0.10968226194381714	0.6306701898574829
3622	0.034009940922260284	0.11010649055242538	0.629409909248352
3623	0.03306135535240173	0.1109735444188118	0.6272655129432678
3624	0.03355861082673073	0.11181644350290298	0.6257255673408508
3625	0.03376205265522003	0.11211547255516052	0.6262372136116028
3626	0.03433661907911301	0.11171286553144455	0.6290573477745056
3627	0.03362218663096428	0.11105307191610336	0.6311874985694885
3628	0.032978128641843796	0.11076651513576508	0.6316470503807068
3629	0.03345698118209839	0.11058251559734344	0.6315652132034302
3630	0.03294624015688896	0.11097358912229538	0.6293612122535706
3631	0.0324140302836895	0.11163855344057083	0.6268196702003479
3632	0.03298867866396904	0.11224491149187088	0.6250079274177551
3633	0.03289278596639633	0.11197936534881592	0.6261486411094666
3634	0.03154833987355232	0.11120931059122086	0.6286308169364929
3635	0.03204315900802612	0.11067965626716614	0.6304415464401245
3636	0.03322222828865051	0.11072635650634766	0.6296294927597046
3637	0.034397635608911514	0.11136587709188461	0.627397894859314
3638	0.03261286020278931	0.11203601211309433	0.6246380805969238
3639	0.03393706679344177	0.11207200586795807	0.6246066093444824
3640	0.033208150416612625	0.11140938848257065	0.6271573901176453
3641	0.03259192779660225	0.11027804762125015	0.631327748298645
3642	0.03400586545467377	0.1096791997551918	0.6336749196052551
3643	0.03376311436295509	0.10989143699407578	0.6335645914077759
3644	0.03255303204059601	0.11005754768848419	0.633450984954834
3645	0.033391404896974564	0.11028315871953964	0.6329602003097534
3646	0.033098943531513214	0.11043237149715424	0.6314589381217957
3647	0.03338153287768364	0.11059003323316574	0.6293526291847229
3648	0.03297427296638489	0.11098895221948624	0.6267180442810059
3649	0.03316397964954376	0.11169611662626266	0.6234007477760315
3650	0.032643988728523254	0.1119423434138298	0.622462272644043
3651	0.032550130039453506	0.1119435653090477	0.6230272650718689
3652	0.03187939152121544	0.11182062327861786	0.6252151727676392
3653	0.03213341534137726	0.11157039552927017	0.6281147003173828
3654	0.03315587341785431	0.11066731810569763	0.6320371031761169
3655	0.032888684421777725	0.10969419032335281	0.6345087289810181
3656	0.03309253975749016	0.10957358777523041	0.6342483162879944
3657	0.032287534326314926	0.10976096242666245	0.6327728033065796
3658	0.03296351432800293	0.1099950298666954	0.6313649415969849
3659	0.03248200938105583	0.11024296283721924	0.630479097366333
3660	0.03261353075504303	0.11015108227729797	0.6321796774864197
3661	0.03278067335486412	0.11026602983474731	0.6332104206085205
3662	0.03279264271259308	0.11050402373075485	0.6335549354553223
3663	0.032868992537260056	0.11061947047710419	0.6337868571281433
3664	0.03275613859295845	0.11079295724630356	0.6331813931465149
3665	0.03227483853697777	0.11067894846200943	0.6319776773452759
3666	0.03238627314567566	0.11064008623361588	0.6303651928901672
3667	0.032732319086790085	0.11098556965589523	0.6279832124710083
3668	0.03257536515593529	0.1112748235464096	0.626795768737793
3669	0.03378426283597946	0.11141425371170044	0.6271269917488098
3670	0.03274177014827728	0.11184976249933243	0.6262284517288208
3671	0.03232761472463608	0.11217045783996582	0.6253979802131653
3672	0.033964820206165314	0.11189364641904831	0.626380205154419
3673	0.0330640971660614	0.11144048720598221	0.6274449229240417
3674	0.03267683461308479	0.11105575412511826	0.6278800964355469
3675	0.03307374194264412	0.11074164509773254	0.6282470226287842
3676	0.032895565032958984	0.1108635887503624	0.6282129883766174
3677	0.03272879496216774	0.11108925193548203	0.6280322074890137
3678	0.033096957951784134	0.11092726141214371	0.6297857165336609
3679	0.03313290327787399	0.11034195125102997	0.6329503655433655
3680	0.03258746117353439	0.10980275273323059	0.6348439455032349
3681	0.03342647850513458	0.1095874160528183	0.6356843709945679
3682	0.03389963135123253	0.10971815139055252	0.6352639198303223
3683	0.031940530985593796	0.1103321835398674	0.6329162120819092
3684	0.03288441151380539	0.11104245483875275	0.6300534605979919
3685	0.032572418451309204	0.11175864934921265	0.6271342635154724
3686	0.03288768231868744	0.11204303056001663	0.6268128156661987
3687	0.033223818987607956	0.11187820881605148	0.6284355521202087
3688	0.032631631940603256	0.11144015192985535	0.6301082968711853
3689	0.032895300537347794	0.11156679689884186	0.6291913986206055
3690	0.033747296780347824	0.11139479279518127	0.6288736462593079
3691	0.03191712871193886	0.11179058253765106	0.6268935799598694
3692	0.032909899950027466	0.1117333397269249	0.6271662712097168
3693	0.0332612544298172	0.11091401427984238	0.6301168203353882
3694	0.03345237672328949	0.11020687222480774	0.6326144933700562
3695	0.03147248551249504	0.1099490374326706	0.6346344947814941
3696	0.03342415392398834	0.11035189777612686	0.633878231048584
3697	0.033169254660606384	0.11068691313266754	0.6330640316009521
3698	0.032850343734025955	0.11106876283884048	0.6318894624710083
3699	0.03322754055261612	0.11057969182729721	0.6333252191543579
3700	0.032104525715112686	0.11002609133720398	0.6340098977088928
3701	0.03218410536646843	0.10995879024267197	0.6330785155296326
3702	0.03264236822724342	0.11022648960351944	0.6322023272514343
3703	0.03355430066585541	0.11041118949651718	0.6327482461929321
3704	0.032620422542095184	0.11038839817047119	0.6342117786407471
3705	0.03278147429227829	0.11047324538230896	0.6349880695343018
3706	0.0324803926050663	0.11048123985528946	0.6352242231369019
3707	0.032353777438402176	0.11016781628131866	0.6356894373893738
3708	0.03277737647294998	0.10997139662504196	0.6347808837890625
3709	0.03239193558692932	0.1098286435008049	0.6346563696861267
3710	0.032538484781980515	0.11024210602045059	0.6328452229499817
3711	0.032487038522958755	0.11103428155183792	0.6302822828292847
3712	0.03250773623585701	0.11181925982236862	0.6277980804443359
3713	0.03325757011771202	0.11166270822286606	0.6285824179649353
3714	0.033772844821214676	0.11115071177482605	0.63005131483078
3715	0.0322098508477211	0.11069463938474655	0.6314889788627625
3716	0.03359607234597206	0.11061947047710419	0.6310786008834839
3717	0.03318226337432861	0.11117778718471527	0.6287832260131836
3718	0.032699745148420334	0.1120111346244812	0.6259292960166931
3719	0.03261660784482956	0.11257603019475937	0.6246584057807922
3720	0.03341054916381836	0.11237800866365433	0.6260689496994019
3721	0.032505933195352554	0.11154407262802124	0.629330575466156
3722	0.033204417675733566	0.11064214259386063	0.6323345303535461
3723	0.03342248871922493	0.11056824773550034	0.6329044103622437
3724	0.03204532340168953	0.11079658567905426	0.6325451731681824
3725	0.032698675990104675	0.11060348153114319	0.6328802108764648
3726	0.03208642080426216	0.11013539880514145	0.6341876983642578
3727	0.03283066302537918	0.11019062995910645	0.6343247294425964
3728	0.033524397760629654	0.11073952913284302	0.632830798625946
3729	0.032700687646865845	0.11135190725326538	0.6307260990142822
3730	0.03272078186273575	0.11152856051921844	0.6291268467903137
3731	0.03150177001953125	0.11162465810775757	0.6281140446662903
3732	0.03282535448670387	0.11194068938493729	0.626446545124054
3733	0.032802119851112366	0.11178366839885712	0.6268724799156189
3734	0.03256015107035637	0.11106426268815994	0.6296184659004211
3735	0.03218300640583038	0.11072316765785217	0.6313761472702026
3736	0.03315627574920654	0.11097497493028641	0.6315143704414368
3737	0.033281855285167694	0.11078357696533203	0.632517397403717
3738	0.032672662287950516	0.1102253720164299	0.6345337629318237
3739	0.032442230731248856	0.1094810888171196	0.6368660926818848
3740	0.03317546099424362	0.10945719480514526	0.6364030838012695
3741	0.03346804529428482	0.10992837697267532	0.6344977021217346
3742	0.032366570085287094	0.1108093336224556	0.6321419477462769
3743	0.032436445355415344	0.11120767146348953	0.6313959360122681
3744	0.03225943073630333	0.1111171618103981	0.6328023672103882
3745	0.032707348465919495	0.11062511801719666	0.6353059411048889
3746	0.03155117109417915	0.11025721579790115	0.636458694934845
3747	0.03178524225950241	0.10977435857057571	0.6378026604652405
3748	0.033193204551935196	0.1099478006362915	0.637257993221283
3749	0.03314214199781418	0.11042645573616028	0.6349546909332275
3750	0.032716453075408936	0.1113990917801857	0.6308137774467468
3751	0.03217662498354912	0.1118728518486023	0.6268711686134338
3752	0.03236483410000801	0.11183959245681763	0.6258824467658997
3753	0.03268637880682945	0.1116531491279602	0.6262210607528687
3754	0.03267809748649597	0.11135530471801758	0.627403736114502
3755	0.0318608358502388	0.11127036064863205	0.6279368996620178
3756	0.032181788235902786	0.11128290742635727	0.6280812621116638
3757	0.03216184303164482	0.11105859279632568	0.6288312077522278
3758	0.032773345708847046	0.11022907495498657	0.6319676041603088
3759	0.03238631412386894	0.10948937386274338	0.6344615817070007
3760	0.032941948622465134	0.10937361419200897	0.6349388360977173
3761	0.0329190231859684	0.10983136296272278	0.6337833404541016
3762	0.032704856246709824	0.11065749078989029	0.6310276985168457
3763	0.032872118055820465	0.11129491776227951	0.6290040612220764
3764	0.03321143612265587	0.11122413724660873	0.6285853981971741
3765	0.03315301984548569	0.11092903465032578	0.6295238733291626
3766	0.03293849900364876	0.11068786680698395	0.6310985088348389
3767	0.03173266723752022	0.11045293509960175	0.6324914693832397
3768	0.03282109275460243	0.11066466569900513	0.6318159699440002
3769	0.0319809764623642	0.11098988354206085	0.6309130191802979
3770	0.03193734958767891	0.11122046411037445	0.6305702328681946
3771	0.032230574637651443	0.1110849678516388	0.6312942504882812
3772	0.03277304396033287	0.11088483035564423	0.6320754289627075
3773	0.03162238746881485	0.11101499944925308	0.6316236853599548
3774	0.03375323489308357	0.11147191375494003	0.6306277513504028
3775	0.032726239413022995	0.11169934272766113	0.6305590271949768
3776	0.03255501389503479	0.11163575202226639	0.6301144957542419
3777	0.03195616975426674	0.11115410923957825	0.6299424767494202
3778	0.0319506898522377	0.11120869964361191	0.6288087368011475
3779	0.03316359966993332	0.11143120378255844	0.6280475854873657
3780	0.03232988715171814	0.11182963103055954	0.6261734366416931
3781	0.03305389732122421	0.1117781326174736	0.6258677840232849
3782	0.032278068363666534	0.1120225265622139	0.6251325011253357
3783	0.032370734959840775	0.11221664398908615	0.62574303150177
3784	0.03283834457397461	0.11229746788740158	0.6264688372612
3785	0.03273702785372734	0.1121310293674469	0.6279364228248596
3786	0.03197962045669556	0.11145416647195816	0.6301282644271851
3787	0.033067695796489716	0.11081285774707794	0.6319534778594971
3788	0.03267345950007439	0.11076946556568146	0.6321499347686768
3789	0.03199900686740875	0.11134331673383713	0.6302138566970825
3790	0.03150595724582672	0.11158836632966995	0.629629373550415
3791	0.03185297176241875	0.1114681214094162	0.6307326555252075
3792	0.032593924552202225	0.11122722178697586	0.6324734091758728
3793	0.03213796019554138	0.11113797873258591	0.6331445574760437
3794	0.032713498920202255	0.11147160828113556	0.6314060688018799
3795	0.03305236995220184	0.111707903444767	0.6292852759361267
3796	0.03308257833123207	0.11216910183429718	0.6258241534233093
3797	0.032518111169338226	0.11277643591165543	0.6225594282150269
3798	0.032257698476314545	0.11288000643253326	0.6221144795417786
3799	0.033071812242269516	0.11229059100151062	0.6251034140586853
3800	0.03346073254942894	0.11159832775592804	0.6292546987533569
3801	0.03223681449890137	0.11115849018096924	0.6325592398643494
3802	0.03327715024352074	0.11057589203119278	0.6353946328163147
3803	0.032522689551115036	0.1100647822022438	0.6368619203567505
3804	0.03438868373632431	0.11006905883550644	0.6363265514373779
3805	0.03156121075153351	0.11085677146911621	0.6329628229141235
3806	0.03143579512834549	0.11161492764949799	0.6298713684082031
3807	0.03215502202510834	0.11175426095724106	0.6292420029640198
3808	0.032911043614149094	0.11152759939432144	0.6306419968605042
3809	0.03238857164978981	0.11110071837902069	0.6326290965080261
3810	0.032692838460206985	0.11108774691820145	0.6321728229522705
3811	0.032075587660074234	0.11116219311952591	0.6310358643531799
3812	0.032809872180223465	0.11129360646009445	0.6300551891326904
3813	0.03223554417490959	0.11170019954442978	0.629315197467804
3814	0.032127585262060165	0.11164151877164841	0.6303485631942749
3815	0.031961992383003235	0.1107894778251648	0.6341214776039124
3816	0.03322858735918999	0.10970549285411835	0.6381911039352417
3817	0.03291191905736923	0.10937731713056564	0.6394584774971008
3818	0.031739670783281326	0.10994972288608551	0.6377972960472107
3819	0.031223418191075325	0.1111469566822052	0.6342329382896423
3820	0.03215876966714859	0.11174777895212173	0.6327276229858398
3821	0.031843751668930054	0.11192411929368973	0.6321374773979187
3822	0.031935811042785645	0.11129332333803177	0.6342310905456543
3823	0.03227890655398369	0.11038241535425186	0.6364306211471558
3824	0.03145426884293556	0.1096276268362999	0.6381685137748718
3825	0.031932443380355835	0.1092781275510788	0.6391609907150269
3826	0.033411383628845215	0.10977403819561005	0.6378145813941956
3827	0.032427024096250534	0.11074184626340866	0.6344698667526245
3828	0.03319460153579712	0.11127651482820511	0.6320290565490723
3829	0.03331071883440018	0.11121620237827301	0.6318245530128479
3830	0.03183121979236603	0.11115383356809616	0.6310332417488098
3831	0.03279699757695198	0.11117452383041382	0.6301208138465881
3832	0.03330487757921219	0.11141231656074524	0.6296398043632507
3833	0.032511308789253235	0.11166860908269882	0.6295667886734009
3834	0.030996328219771385	0.11180758476257324	0.6289641261100769
3835	0.03226067125797272	0.11118030548095703	0.631201982498169
3836	0.033004868775606155	0.1107758954167366	0.6329651474952698
3837	0.03155330568552017	0.11081776767969131	0.6335361003875732
3838	0.03202061355113983	0.11089848726987839	0.6339179277420044
3839	0.03147782012820244	0.1113007590174675	0.6328896880149841
3840	0.032078780233860016	0.1113884449005127	0.6325486302375793
3841	0.03214195743203163	0.1111702248454094	0.6330482959747314
3842	0.029966255649924278	0.11132985353469849	0.6325182914733887
3843	0.03173540160059929	0.11159804463386536	0.6313480734825134
3844	0.032028280198574066	0.11150050908327103	0.631255567073822
3845	0.031102634966373444	0.11114801466464996	0.631929874420166
3846	0.03111652098596096	0.11092714965343475	0.6323016881942749
3847	0.031113578006625175	0.11072778701782227	0.633141279220581
3848	0.03246214985847473	0.11074919998645782	0.6333832144737244
3849	0.032045189291238785	0.11085105687379837	0.6333904266357422
3850	0.03245081007480621	0.11133910715579987	0.6325522661209106
3851	0.03228722885251045	0.11159799247980118	0.6327592730522156
3852	0.031881917268037796	0.11157749593257904	0.6328397393226624
3853	0.03254184126853943	0.11170307546854019	0.6311253309249878
3854	0.03196730837225914	0.11192246526479721	0.6294181942939758
3855	0.03264690935611725	0.11213178187608719	0.6278284788131714
3856	0.03199241682887077	0.11204391717910767	0.6269904375076294
3857	0.03312727436423302	0.11211778223514557	0.6262579560279846
3858	0.030777962878346443	0.1118478998541832	0.6274384260177612
3859	0.03214031830430031	0.11143786460161209	0.629398763179779
3860	0.03163168206810951	0.11091446131467819	0.6318809390068054
3861	0.032201848924160004	0.11062785238027573	0.6337471604347229
3862	0.03139422833919525	0.11069553345441818	0.634467601776123
3863	0.031714774668216705	0.11092913150787354	0.6343288421630859
3864	0.030633719637989998	0.11077634245157242	0.6354896426200867
3865	0.032403700053691864	0.11077461391687393	0.6350439786911011
3866	0.03169630095362663	0.11089296638965607	0.6345416903495789
3867	0.0316007025539875	0.11082307994365692	0.6344201564788818
3868	0.0312853641808033	0.11070537567138672	0.6344889998435974
3869	0.03097980096936226	0.11114466190338135	0.6320483088493347
3870	0.03227569907903671	0.1117963194847107	0.6285364031791687
3871	0.033044349402189255	0.112160325050354	0.6277649998664856
3872	0.0323401615023613	0.11250270903110504	0.6274459362030029
3873	0.032038867473602295	0.11202319711446762	0.6301373839378357
3874	0.0316435769200325	0.11136444658041	0.6324567794799805
3875	0.031178632751107216	0.11107934266328812	0.63307124376297
3876	0.03201707825064659	0.11101727932691574	0.6324986815452576
3877	0.030879393219947815	0.11142454296350479	0.6303255558013916
3878	0.031946487724781036	0.11222948133945465	0.6268678307533264
3879	0.03234541043639183	0.11256667971611023	0.625444233417511
3880	0.032822784036397934	0.11225240677595139	0.6268808245658875
3881	0.03261352702975273	0.11183420568704605	0.6289834380149841
3882	0.031335316598415375	0.11130750924348831	0.6318037509918213
3883	0.03150314837694168	0.11125873774290085	0.6331916451454163
3884	0.03248072788119316	0.11159729212522507	0.632281482219696
3885	0.03092438168823719	0.11167505383491516	0.6320977210998535
3886	0.031469788402318954	0.11161834001541138	0.6311893463134766
3887	0.033200446516275406	0.11170453578233719	0.6305099725723267
3888	0.03158699721097946	0.11136321723461151	0.6316800117492676
3889	0.03225817531347275	0.11059460788965225	0.6341167688369751
3890	0.031239667907357216	0.11025872826576233	0.6351470947265625
3891	0.02997901476919651	0.11028032004833221	0.6358851790428162
3892	0.03221111744642258	0.11042025685310364	0.6356404423713684
3893	0.032982662320137024	0.11084003001451492	0.6338391304016113
3894	0.031508658081293106	0.11134353280067444	0.6313368678092957
3895	0.032864753156900406	0.11200753599405289	0.6280564069747925
3896	0.030668670311570168	0.11304230242967606	0.6241229772567749
3897	0.031981367617845535	0.11299678683280945	0.6245458722114563
3898	0.031020760536193848	0.11248152703046799	0.6269930601119995
3899	0.03193559870123863	0.11198536306619644	0.6293689608573914
3900	0.031935855746269226	0.11207693070173264	0.6299504637718201
3901	0.03194088116288185	0.11216331273317337	0.628996729850769
3902	0.031475599855184555	0.11212122440338135	0.6284582018852234
3903	0.030607696622610092	0.11139819025993347	0.630663275718689
3904	0.03287248685956001	0.11127376556396484	0.6315259337425232
3905	0.03140074387192726	0.11158648878335953	0.6317085027694702
3906	0.031891319900751114	0.1116337850689888	0.6327582597732544
3907	0.033486995846033096	0.11179699003696442	0.6326135993003845
3908	0.030741319060325623	0.11176963150501251	0.6327090859413147
3909	0.03176134079694748	0.1114603653550148	0.6336363554000854
3910	0.031793203204870224	0.11094748228788376	0.6343228816986084
3911	0.031002618372440338	0.11093813925981522	0.6331705451011658
3912	0.032217346131801605	0.11160364747047424	0.6306300759315491
3913	0.031376514583826065	0.11239302158355713	0.6280083060264587
3914	0.0321582593023777	0.11261632293462753	0.6278254389762878
3915	0.03209058940410614	0.11198443919420242	0.6310831904411316
3916	0.0304921492934227	0.11132489144802094	0.6337254047393799
3917	0.03160170093178749	0.11082814633846283	0.6351370811462402
3918	0.030398642644286156	0.11087280511856079	0.6348926424980164
3919	0.031230051070451736	0.11127759516239166	0.633205235004425
3920	0.03130233660340309	0.11148003488779068	0.6323224306106567
3921	0.031601350754499435	0.11133500188589096	0.6330468058586121
3922	0.03190724179148674	0.11114227771759033	0.6340778470039368
3923	0.03259885311126709	0.11085660755634308	0.636059045791626
3924	0.031497541815042496	0.11064313352108002	0.6376786828041077
3925	0.030732382088899612	0.11078809201717377	0.6379185318946838
3926	0.032754942774772644	0.1108904629945755	0.6372272968292236
3927	0.03256242349743843	0.11117275059223175	0.6351333260536194
3928	0.031090637668967247	0.11184002459049225	0.6313039660453796
3929	0.03188616782426834	0.11251406371593475	0.6274517178535461
3930	0.030431851744651794	0.11286897957324982	0.6257380247116089
3931	0.031603436917066574	0.11232563853263855	0.6281249523162842
3932	0.030305931344628334	0.11150985956192017	0.6321018934249878
3933	0.031828392297029495	0.1112523004412651	0.6346004009246826
3934	0.03205634281039238	0.11149777472019196	0.6346743106842041
3935	0.03203803300857544	0.11173144727945328	0.634384036064148
3936	0.03154286369681358	0.11103636771440506	0.6364340782165527
3937	0.03093269094824791	0.11001599580049515	0.6387682557106018
3938	0.0327991358935833	0.10952072590589523	0.6397331357002258
3939	0.032191500067710876	0.10968466848134995	0.6391140222549438
3940	0.031825821846723557	0.11033151298761368	0.6371797919273376
3941	0.03104511834681034	0.11079543083906174	0.6362330317497253
3942	0.03216743841767311	0.11117924004793167	0.6359001398086548
3943	0.03072216548025608	0.11120853573083878	0.6365518569946289
3944	0.030898546800017357	0.11114294826984406	0.6367765069007874
3945	0.030589932575821877	0.11122830957174301	0.6359310150146484
3946	0.031113212928175926	0.11154800653457642	0.6334995627403259
3947	0.03143531084060669	0.11203998327255249	0.6306576132774353
3948	0.031696200370788574	0.11247345060110092	0.6273049116134644
3949	0.030533568933606148	0.11229177564382553	0.626960813999176
3950	0.03256832808256149	0.1121494472026825	0.6269643306732178
3951	0.03208322450518608	0.11203543841838837	0.6276392936706543
3952	0.030977698042988777	0.11207164824008942	0.6284887194633484
3953	0.032007258385419846	0.11203110218048096	0.6306487917900085
3954	0.03047182224690914	0.11206663399934769	0.632063627243042
3955	0.031088169664144516	0.11169490963220596	0.6333045363426208
3956	0.03227457404136658	0.11126289516687393	0.634184718132019
3957	0.03132740780711174	0.11098989099264145	0.6342966556549072
3958	0.03112848289310932	0.1109507605433464	0.6345120072364807
3959	0.03132632002234459	0.11068475246429443	0.6356332898139954
3960	0.03133329749107361	0.11059841513633728	0.6363126635551453
3961	0.03210354596376419	0.11092907190322876	0.6355190873146057
3962	0.031000902876257896	0.11158408224582672	0.6333627700805664
3963	0.03078317455947399	0.11218543350696564	0.6312258839607239
3964	0.03132869675755501	0.11275562644004822	0.6292083263397217
3965	0.031150754541158676	0.11306031793355942	0.6276326775550842
3966	0.031769607216119766	0.11229810863733292	0.6303603053092957
3967	0.03286491334438324	0.11094022542238235	0.635103702545166
3968	0.030721822753548622	0.11032750457525253	0.6371649503707886
3969	0.03148500248789787	0.11042942106723785	0.6376215219497681
3970	0.031674887984991074	0.11102627217769623	0.6363357305526733
3971	0.031072644516825676	0.11182887852191925	0.6337137222290039
3972	0.030789613723754883	0.11270342767238617	0.6300994157791138
3973	0.031830016523599625	0.11293230950832367	0.6283201575279236
3974	0.03158605471253395	0.1125335693359375	0.6286866068840027
3975	0.032035183161497116	0.1118520125746727	0.6305170059204102
3976	0.030997134745121002	0.11158699542284012	0.6312214732170105
3977	0.0322999581694603	0.11232978105545044	0.6281606554985046
3978	0.030805571004748344	0.11293011903762817	0.6253788471221924
3979	0.03205430880188942	0.11306050419807434	0.6252358555793762
3980	0.03222139924764633	0.11266309022903442	0.6271985769271851
3981	0.030949566513299942	0.11194442957639694	0.6305009126663208
3982	0.031384266912937164	0.11143098771572113	0.6327403783798218
3983	0.031240804120898247	0.11128422617912292	0.6330746412277222
3984	0.031151941046118736	0.11162014305591583	0.631592333316803
3985	0.031401533633470535	0.11236124485731125	0.6294924020767212
3986	0.031176529824733734	0.11293847113847733	0.6279007196426392
3987	0.030457500368356705	0.11270754784345627	0.6286477446556091
3988	0.0310516357421875	0.11196021735668182	0.6320991516113281
3989	0.03091609850525856	0.11161231994628906	0.633903443813324
3990	0.030203580856323242	0.11136218905448914	0.6345343589782715
3991	0.031606677919626236	0.11105524748563766	0.6352927684783936
3992	0.0305368322879076	0.11088568717241287	0.6353718638420105
3993	0.031742725521326065	0.11069465428590775	0.6354846954345703
3994	0.031843941658735275	0.1108950525522232	0.6339845061302185
3995	0.031445201486349106	0.11158318817615509	0.6305975914001465
3996	0.03174379840493202	0.11235910654067993	0.6278871297836304
3997	0.03128815069794655	0.1127876490354538	0.6262239217758179
3998	0.03261285647749901	0.11216786503791809	0.6286038756370544
3999	0.03104913979768753	0.11139434576034546	0.6316468119621277
4000	0.031245753169059753	0.11122346669435501	0.6332535147666931
4001	0.03144088387489319	0.1115742102265358	0.6330499053001404
4002	0.03153279051184654	0.11250896751880646	0.6305810213088989
4003	0.029866892844438553	0.11332763731479645	0.627757728099823
4004	0.032587893307209015	0.11384404450654984	0.6248530149459839
4005	0.03247785568237305	0.11315184831619263	0.6251825094223022
4006	0.031192949041724205	0.11233948916196823	0.627666711807251
4007	0.03153660520911217	0.11127318441867828	0.63169926404953
4008	0.03170783817768097	0.11063332855701447	0.6348790526390076
4009	0.031134838238358498	0.11068600416183472	0.6356493234634399
4010	0.030983641743659973	0.11108487844467163	0.634633481502533
4011	0.031254228204488754	0.11179965734481812	0.6315831542015076
4012	0.030914943665266037	0.11208260804414749	0.6299031376838684
4013	0.03057321161031723	0.11243057250976562	0.6277994513511658
4014	0.03223438188433647	0.1123594418168068	0.6279183626174927
4015	0.029602408409118652	0.11231641471385956	0.6286942362785339
4016	0.03148555010557175	0.1122971773147583	0.629492461681366
4017	0.030069857835769653	0.11228659749031067	0.630149781703949
4018	0.03156967833638191	0.11239247024059296	0.6307298541069031
4019	0.030754467472434044	0.11292074620723724	0.6286013126373291
4020	0.030813107267022133	0.11306218802928925	0.6277204751968384
4021	0.030132826417684555	0.11333595216274261	0.6259714961051941
4022	0.03132154047489166	0.11361770331859589	0.623885989189148
4023	0.03100932575762272	0.11373467743396759	0.6227495074272156
4024	0.031030187383294106	0.11343318969011307	0.624790608882904
4025	0.03247437998652458	0.11284073442220688	0.6285927891731262
4026	0.03169884532690048	0.11195743829011917	0.6333749890327454
4027	0.032117605209350586	0.11156816780567169	0.6357671618461609
4028	0.031665392220020294	0.11163140088319778	0.6362994313240051
4029	0.032215215265750885	0.11203765869140625	0.634050726890564
4030	0.031139109283685684	0.11169221997261047	0.6343420147895813
4031	0.03269938379526138	0.11124389618635178	0.6351076364517212
4032	0.03167162090539932	0.11125140637159348	0.6342525482177734
4033	0.03096863441169262	0.11139152944087982	0.6332475543022156
4034	0.031763363629579544	0.11190018802881241	0.6317119598388672
4035	0.030852777883410454	0.11264237016439438	0.6294140219688416
4036	0.03199904412031174	0.1130736842751503	0.628105103969574
4037	0.03210299462080002	0.11279293149709702	0.629275381565094
4038	0.031465355306863785	0.11285088211297989	0.6289209127426147
4039	0.0312051884829998	0.1124848946928978	0.62947016954422
4040	0.03125202655792236	0.11176276952028275	0.6312670707702637
4041	0.031744297593832016	0.11161866039037704	0.6313906908035278
4042	0.03175683692097664	0.1118117943406105	0.6310299634933472
4043	0.03170666843652725	0.11230044066905975	0.6297463774681091
4044	0.03128048777580261	0.11249545216560364	0.6296256184577942
4045	0.031147940084338188	0.11246958374977112	0.6298611760139465
4046	0.030708543956279755	0.1119866669178009	0.6314798593521118
4047	0.031161651015281677	0.11143512278795242	0.6329941153526306
4048	0.031141070649027824	0.11088577657938004	0.6340062022209167
4049	0.031568773090839386	0.11096551269292831	0.6339316964149475
4050	0.030836526304483414	0.11144652217626572	0.6331613063812256
4051	0.030520550906658173	0.1117601990699768	0.6326203346252441
4052	0.030412549152970314	0.11208678036928177	0.6325535774230957
4053	0.031694430857896805	0.1119043305516243	0.633967399597168
4054	0.03043438121676445	0.1110803559422493	0.636735737323761
4055	0.030071379616856575	0.11039982736110687	0.6384278535842896
4056	0.03128332272171974	0.1105620339512825	0.6369543075561523
4057	0.03060118667781353	0.111562080681324	0.6336349248886108
4058	0.03146692365407944	0.11257682740688324	0.6305105686187744
4059	0.031600221991539	0.1130327507853508	0.6299698352813721
4060	0.030935754999518394	0.11322169005870819	0.63008052110672
4061	0.03166729584336281	0.11272513121366501	0.6316915154457092
4062	0.03140770643949509	0.11194123327732086	0.6335715055465698
4063	0.031020905822515488	0.11170529574155807	0.6334869265556335
4064	0.03198850527405739	0.11190469563007355	0.6320912837982178
4065	0.0318765789270401	0.11233901977539062	0.630215585231781
4066	0.030768251046538353	0.11296215653419495	0.6279669404029846
4067	0.030908089131116867	0.11313924193382263	0.6278060078620911
4068	0.03145865723490715	0.1130794808268547	0.6286512017250061
4069	0.03036618046462536	0.11263800412416458	0.6304380297660828
4070	0.031192369759082794	0.11213548481464386	0.6311625242233276
4071	0.03268228843808174	0.11210284382104874	0.6306332945823669
4072	0.03155021369457245	0.11223632097244263	0.6301645636558533
4073	0.03135720267891884	0.11257603019475937	0.6290908455848694
4074	0.030425462871789932	0.1129225343465805	0.6280509829521179
4075	0.03180974721908569	0.11332552134990692	0.6266447305679321
4076	0.031190214678645134	0.1134972870349884	0.6264691948890686
4077	0.030747924000024796	0.11328478157520294	0.627043604850769
4078	0.03187436982989311	0.1130223274230957	0.6278176307678223
4079	0.03126352280378342	0.11302030831575394	0.6277980208396912
4080	0.029844073578715324	0.11264324188232422	0.629029393196106
4081	0.031024938449263573	0.11210070550441742	0.6307183504104614
4082	0.03158868849277496	0.11152315884828568	0.63302081823349
4083	0.03163667768239975	0.11144433170557022	0.6337931156158447
4084	0.03132084384560585	0.11197102069854736	0.6326646208763123
4085	0.03136453777551651	0.11256580799818039	0.6310606002807617
4086	0.03299709036946297	0.11305330693721771	0.6295077204704285
4087	0.03099503181874752	0.11300249397754669	0.629400372505188
4088	0.02947821095585823	0.1127871721982956	0.6297726631164551
4089	0.0308423712849617	0.11284273862838745	0.6297813653945923
4090	0.031987156718969345	0.11262503266334534	0.631218433380127
4091	0.03053182363510132	0.11271511018276215	0.6312587857246399
4092	0.03134819492697716	0.11311613768339157	0.629160463809967
4093	0.030755622312426567	0.11380178481340408	0.6251637935638428
4094	0.030789613723754883	0.11421774327754974	0.622532308101654
4095	0.03048052079975605	0.11436937749385834	0.6211091876029968
4096	0.03087172843515873	0.11427445709705353	0.6213419437408447
4097	0.029741499572992325	0.11430982500314713	0.6210686564445496
4098	0.03154284879565239	0.113701231777668	0.6247290968894958
4099	0.030723050236701965	0.11298450082540512	0.629126787185669
4100	0.030193645507097244	0.11276030540466309	0.6312887668609619
4101	0.03132808208465576	0.11248933523893356	0.6325632333755493
4102	0.03180193901062012	0.11251791566610336	0.6320483088493347
4103	0.03114725463092327	0.11253828555345535	0.6314967274665833
4104	0.03186419978737831	0.11235643923282623	0.6309623718261719
4105	0.030731292441487312	0.11247120052576065	0.6297630667686462
4106	0.031249964609742165	0.11325422674417496	0.6268197298049927
4107	0.030655380338430405	0.1137445867061615	0.6252562999725342
4108	0.031129255890846252	0.11395055055618286	0.6247528791427612
4109	0.031217817217111588	0.11381644010543823	0.6244592666625977
4110	0.031395792961120605	0.11334134638309479	0.6251121759414673
4111	0.030534323304891586	0.1125071719288826	0.6277118921279907
4112	0.030681155622005463	0.11216545850038528	0.6294407248497009
4113	0.032687120139598846	0.11215916275978088	0.6301229000091553
4114	0.03150724619626999	0.1120457723736763	0.6310844421386719
4115	0.03046662174165249	0.11210551112890244	0.6318105459213257
4116	0.03053017519414425	0.11188602447509766	0.6336857676506042
4117	0.03070199117064476	0.11187450587749481	0.6347026824951172
4118	0.031064672395586967	0.11170096695423126	0.6365821361541748
4119	0.031783174723386765	0.11205289512872696	0.6366445422172546
4120	0.03180154412984848	0.11221577227115631	0.6361163258552551
4121	0.029877735301852226	0.11227794736623764	0.634486198425293
4122	0.030240070074796677	0.11238076537847519	0.6327438354492188
4123	0.031246591359376907	0.11217708140611649	0.6327541470527649
4124	0.03125770390033722	0.11153963208198547	0.6349698901176453
4125	0.03144785389304161	0.11162793636322021	0.6355262994766235
4126	0.031207649037241936	0.11203724145889282	0.6356770396232605
4127	0.030575940385460854	0.1122731938958168	0.6363807916641235
4128	0.03118124231696129	0.11202755570411682	0.6372642517089844
4129	0.029908031225204468	0.11117900907993317	0.6392799615859985
4130	0.03125329315662384	0.11064959317445755	0.6385921239852905
4131	0.030006755143404007	0.11077490448951721	0.6359625458717346
4132	0.02980397827923298	0.11197605729103088	0.6308664083480835
4133	0.03111128881573677	0.11300414055585861	0.6265128254890442
4134	0.030827416107058525	0.11327136307954788	0.6258319616317749
4135	0.030448202043771744	0.1132628321647644	0.6266022324562073
4136	0.031174708157777786	0.11321389675140381	0.6278567314147949
4137	0.03135892003774643	0.1129617840051651	0.6293851733207703
4138	0.030634885653853416	0.11266662925481796	0.630898118019104
4139	0.030216386541724205	0.1123308464884758	0.6323587894439697
4140	0.030103936791419983	0.11202459782361984	0.6333963871002197
4141	0.030340038239955902	0.11181739717721939	0.6333166360855103
4142	0.02955775521695614	0.11196652799844742	0.6316633820533752
4143	0.03008304350078106	0.11228816956281662	0.6301473379135132
4144	0.031313277781009674	0.11239127814769745	0.6301045417785645
4145	0.02979423850774765	0.11201728880405426	0.6326459050178528
4146	0.03097081184387207	0.11171913146972656	0.6347900629043579
4147	0.031051097437739372	0.11165828257799149	0.6353409290313721
4148	0.03196385130286217	0.11188467592000961	0.6335815787315369
4149	0.02942351996898651	0.11239774525165558	0.6298511028289795
4150	0.030742112547159195	0.11332418769598007	0.6259821653366089
4151	0.030999019742012024	0.11391744017601013	0.6245265007019043
4152	0.03219296783208847	0.11388134211301804	0.6260226964950562
4153	0.030926372855901718	0.11339664459228516	0.6287665963172913
4154	0.03117546997964382	0.11292102932929993	0.6306419372558594
4155	0.03061671368777752	0.1123594418168068	0.6322755813598633
4156	0.030668063089251518	0.11241841316223145	0.632388710975647
4157	0.03002934902906418	0.11261674761772156	0.6319884657859802
4158	0.03139150142669678	0.11318608373403549	0.6295908689498901
4159	0.030509285628795624	0.1136319562792778	0.6271923780441284
4160	0.031130321323871613	0.11361068487167358	0.6270950436592102
4161	0.03057665191590786	0.1132456585764885	0.628507673740387
4162	0.03096313774585724	0.11286656558513641	0.6303474307060242
4163	0.031083786860108376	0.11255131661891937	0.6316207647323608
4164	0.0300498865544796	0.11197876185178757	0.6337372660636902
4165	0.031135886907577515	0.11188299208879471	0.6342995762825012
4166	0.029881589114665985	0.11226988583803177	0.6331669092178345
4167	0.030695335939526558	0.11251359432935715	0.6317892074584961
4168	0.02918427810072899	0.11305747181177139	0.6290401816368103
4169	0.031205767765641212	0.1130964383482933	0.629173755645752
4170	0.029620587825775146	0.11290795356035233	0.6313348412513733
4171	0.03041234239935875	0.11297047138214111	0.631626546382904
4172	0.03057749569416046	0.11281761527061462	0.6327162384986877
4173	0.03036394715309143	0.11308098584413528	0.631692111492157
4174	0.030103908851742744	0.11314656585454941	0.6306478977203369
4175	0.030099045485258102	0.1127156987786293	0.6314165592193604
4176	0.030165573582053185	0.11222117394208908	0.6326883435249329
4177	0.03061087429523468	0.11213145405054092	0.6329352855682373
4178	0.03029353730380535	0.11224772781133652	0.6328672170639038
4179	0.031298376619815826	0.11286069452762604	0.6309905052185059
4180	0.03159389644861221	0.11256495863199234	0.6327003836631775
4181	0.029912106692790985	0.11198112368583679	0.6352937817573547
4182	0.030932066962122917	0.11166876554489136	0.6364254355430603
4183	0.030094798654317856	0.11104301363229752	0.6378644704818726
4184	0.030289672315120697	0.11081646382808685	0.6385550498962402
4185	0.029713746160268784	0.1110493615269661	0.637913703918457
4186	0.03043561428785324	0.11194471269845963	0.634280800819397
4187	0.029645465314388275	0.11346294730901718	0.6276017427444458
4188	0.030784394592046738	0.11446788161993027	0.6232010126113892
4189	0.02987808547914028	0.11428603529930115	0.6240150332450867
4190	0.03133970499038696	0.11350318044424057	0.6267995238304138
4191	0.03019861876964569	0.11258120089769363	0.6298176646232605
4192	0.031010432168841362	0.11266453564167023	0.6299023032188416
4193	0.03146577998995781	0.11314483731985092	0.6293926239013672
4194	0.03144390881061554	0.11388380080461502	0.6284483075141907
4195	0.03060665912926197	0.11454841494560242	0.6274675130844116
4196	0.030816277489066124	0.11382526159286499	0.6307165622711182
4197	0.030620647594332695	0.11305328458547592	0.6332302093505859
4198	0.030755434185266495	0.11207558959722519	0.6366241574287415
4199	0.03069208934903145	0.11131013929843903	0.6389201879501343
4200	0.03016228973865509	0.11109352856874466	0.6395735144615173
4201	0.030743900686502457	0.11164004355669022	0.6377963423728943
4202	0.03028232604265213	0.11231811344623566	0.6347591876983643
4203	0.030617836862802505	0.11313357204198837	0.6315068006515503
4204	0.029961559921503067	0.11307746171951294	0.6319035291671753
4205	0.031138446182012558	0.11238612979650497	0.6345404982566833
4206	0.02999403141438961	0.11183171719312668	0.6369023323059082
4207	0.03083875961601734	0.11194030940532684	0.6377195715904236
4208	0.030469225719571114	0.11232998967170715	0.6365668177604675
4209	0.030288096517324448	0.1131235733628273	0.6332634687423706
4210	0.030480731278657913	0.11377885192632675	0.6303564310073853
4211	0.030158840119838715	0.11380156129598618	0.6295007467269897
4212	0.031203122809529305	0.1137750893831253	0.6285334825515747
4213	0.03046220727264881	0.11344362795352936	0.6288215517997742
4214	0.03115391731262207	0.11324915289878845	0.6293476223945618
4215	0.030475547537207603	0.11333297193050385	0.6295164227485657
4216	0.031137555837631226	0.11345144361257553	0.6294757723808289
4217	0.03035122901201248	0.11337116360664368	0.629940390586853
4218	0.030784912407398224	0.11295910179615021	0.6315546035766602
4219	0.03115028142929077	0.11260371655225754	0.6328760385513306
4220	0.030665449798107147	0.1122526153922081	0.6342340111732483
4221	0.030770769342780113	0.11205951124429703	0.6348010301589966
4222	0.030378174036741257	0.11222617328166962	0.6343832612037659
4223	0.030027873814105988	0.11281893402338028	0.6327346563339233
4224	0.031118018552660942	0.11330698430538177	0.6313719153404236
4225	0.03068070486187935	0.11284085363149643	0.6334900856018066
4226	0.030283136293292046	0.11209229379892349	0.636274516582489
4227	0.03097549080848694	0.11145087331533432	0.6387687921524048
4228	0.030711274594068527	0.11138567328453064	0.6388307213783264
4229	0.030224962159991264	0.11166702955961227	0.6372087001800537
4230	0.030566491186618805	0.11239282041788101	0.6336339712142944
4231	0.029082518070936203	0.11303556710481644	0.6303742527961731
4232	0.03138633444905281	0.11312592774629593	0.629740834236145
4233	0.03048308938741684	0.11296330392360687	0.6303200721740723
4234	0.03044450283050537	0.11270587891340256	0.6314846277236938
4235	0.030140018090605736	0.11275501549243927	0.6321471929550171
4236	0.030868463218212128	0.11318710446357727	0.6308819651603699
4237	0.02966347150504589	0.11333533376455307	0.6308249235153198
4238	0.030448101460933685	0.11348109692335129	0.6302260756492615
4239	0.030269289389252663	0.11355288326740265	0.629438042640686
4240	0.03000832535326481	0.11334841698408127	0.6298958659172058
4241	0.03172720596194267	0.11285505443811417	0.631898820400238
4242	0.03130265325307846	0.11294930428266525	0.6322519779205322
4243	0.031045377254486084	0.11350877583026886	0.6309332847595215
4244	0.030195556581020355	0.11423103511333466	0.6287075877189636
4245	0.03199154883623123	0.11452194303274155	0.6276132464408875
4246	0.030562832951545715	0.11421032249927521	0.6284384727478027
4247	0.029985953122377396	0.11353881657123566	0.6304718255996704
4248	0.030574176460504532	0.11311528086662292	0.631274402141571
4249	0.030254516750574112	0.11321121454238892	0.6309598088264465
4250	0.03012816794216633	0.11381948739290237	0.6292967200279236
4251	0.029883502051234245	0.11434689909219742	0.6285136938095093
4252	0.029810436069965363	0.1144847571849823	0.6288491487503052
4253	0.029730264097452164	0.1142413467168808	0.62999027967453
4254	0.029686570167541504	0.11351189762353897	0.6318908333778381
4255	0.03071352280676365	0.11330962926149368	0.6316907405853271
4256	0.031076673418283463	0.1135699525475502	0.6298856139183044
4257	0.030344609171152115	0.11415265500545502	0.6270102262496948
4258	0.03147832676768303	0.11399970203638077	0.6279398798942566
4259	0.030443139374256134	0.11319809406995773	0.6310434937477112
4260	0.030253641307353973	0.11240264773368835	0.6340288519859314
4261	0.0292215496301651	0.1121601015329361	0.635044515132904
4262	0.030644839629530907	0.11248292028903961	0.6346402764320374
4263	0.030832262709736824	0.11284342408180237	0.6336718201637268
4264	0.029849331825971603	0.11318053305149078	0.6319951415061951
4265	0.02960905432701111	0.11336592584848404	0.6304255723953247
4266	0.029379121959209442	0.11357772350311279	0.628170371055603
4267	0.0311069805175066	0.11366353183984756	0.6264551281929016
4268	0.030740121379494667	0.11361654102802277	0.626322329044342
4269	0.03162739798426628	0.11366070806980133	0.6266025900840759
4270	0.02957184985280037	0.11360551416873932	0.6264128684997559
4271	0.030449172481894493	0.11345144361257553	0.6265354752540588
4272	0.030450446531176567	0.1135176345705986	0.6263511776924133
4273	0.03065323270857334	0.11407294124364853	0.6250375509262085
4274	0.029614606872200966	0.114366315305233	0.6248458623886108
4275	0.02988414280116558	0.11459778994321823	0.6245349645614624
4276	0.029839858412742615	0.11429295688867569	0.6264357566833496
4277	0.029373228549957275	0.1135624423623085	0.6294602751731873
4278	0.030572259798645973	0.11326145380735397	0.6307817101478577
4279	0.03075699880719185	0.11315754055976868	0.6317077875137329
4280	0.030593328177928925	0.11352308839559555	0.6302193999290466
4281	0.029836565256118774	0.11347915977239609	0.6300534009933472
4282	0.02963600866496563	0.11318986117839813	0.6302228569984436
4283	0.030210111290216446	0.11294110119342804	0.6304888129234314
4284	0.029154235497117043	0.11324948072433472	0.6293656826019287
4285	0.03062456287443638	0.11354221403598785	0.6289016008377075
4286	0.02999345399439335	0.11438363790512085	0.6263377666473389
4287	0.0295436829328537	0.11476169526576996	0.6256777048110962
4288	0.02998531050980091	0.114621102809906	0.6264180541038513
4289	0.03012247383594513	0.11422324925661087	0.6276988387107849
4290	0.030100679025053978	0.11372765898704529	0.6278971433639526
4291	0.02935977093875408	0.11373213678598404	0.6269440650939941
4292	0.02966204285621643	0.1139293685555458	0.626645028591156
4293	0.029973099008202553	0.11415091156959534	0.6263318657875061
4294	0.02983737178146839	0.11422880738973618	0.6282148957252502
4295	0.030260950326919556	0.11436387151479721	0.6298608183860779
4296	0.029665816575288773	0.11413870006799698	0.6314379572868347
4297	0.030737891793251038	0.11374769359827042	0.6315026879310608
4298	0.029602624475955963	0.11319590359926224	0.6320410966873169
4299	0.02943378873169422	0.11378259211778641	0.6294901371002197
4300	0.02925850823521614	0.11401987820863724	0.6288434267044067
4301	0.030353562906384468	0.1136569231748581	0.6307623386383057
4302	0.029730001464486122	0.11281342804431915	0.6350200772285461
4303	0.030083373188972473	0.11270519345998764	0.6366777420043945
4304	0.029944704845547676	0.1129797175526619	0.6365021467208862
4305	0.030222514644265175	0.11344261467456818	0.6335922479629517
4306	0.029943978413939476	0.11397303640842438	0.6289700269699097
4307	0.02999933809041977	0.11477626860141754	0.6236087679862976
4308	0.030633822083473206	0.11549266427755356	0.6194536089897156
4309	0.029219647869467735	0.11575466394424438	0.6178367733955383
4310	0.02971181459724903	0.11565985530614853	0.6185752153396606
4311	0.02995818294584751	0.11524506658315659	0.6218577027320862
4312	0.02932974323630333	0.11448774486780167	0.6274429559707642
4313	0.03048877790570259	0.1136462464928627	0.6323204636573792
4314	0.03100195899605751	0.11286163330078125	0.6351993083953857
4315	0.030005402863025665	0.11244224011898041	0.6361175179481506
4316	0.029512610286474228	0.11219843477010727	0.6363341808319092
4317	0.030624041333794594	0.11263646185398102	0.6347327828407288
4318	0.03062490187585354	0.11324279010295868	0.6331169009208679
4319	0.03023621253669262	0.11369253695011139	0.6318483352661133
4320	0.03016534633934498	0.11363355070352554	0.6320887207984924
4321	0.029404398053884506	0.11292842030525208	0.6349900364875793
4322	0.029645239934325218	0.11239708214998245	0.6364308595657349
4323	0.030340375378727913	0.11242970824241638	0.6354710459709167
4324	0.030630044639110565	0.1131439357995987	0.6323485374450684
4325	0.029409172013401985	0.11420577019453049	0.6280459761619568
4326	0.0301223024725914	0.11445596069097519	0.6266379356384277
4327	0.030735718086361885	0.11431609839200974	0.6265677809715271
4328	0.029205158352851868	0.11417999118566513	0.6271001696586609
4329	0.029889849945902824	0.114288330078125	0.6269286870956421
4330	0.030083684250712395	0.11395358294248581	0.6287403702735901
4331	0.029516784474253654	0.11346621066331863	0.6316727995872498
4332	0.029896488413214684	0.11346548795700073	0.6317582726478577
4333	0.030086474493145943	0.11367496848106384	0.630645751953125
4334	0.029619334265589714	0.11435754597187042	0.6268664598464966
4335	0.03041033446788788	0.11425632238388062	0.626865029335022
4336	0.030448470264673233	0.11380060762166977	0.6287980675697327
4337	0.030131245031952858	0.11333577334880829	0.6312963962554932
4338	0.029882799834012985	0.11254837363958359	0.6352231502532959
4339	0.029541421681642532	0.11232613027095795	0.637668788433075
4340	0.030540749430656433	0.11295618861913681	0.6383031606674194
4341	0.02979152277112007	0.1135002076625824	0.6362544298171997
4342	0.028572067618370056	0.11383140087127686	0.632463276386261
4343	0.0305135790258646	0.11415889114141464	0.6282880902290344
4344	0.03011099062860012	0.11438003182411194	0.6252851486206055
4345	0.030287347733974457	0.11411304026842117	0.6251497268676758
4346	0.030618350952863693	0.11350928246974945	0.6270852088928223
4347	0.029313605278730392	0.1133546382188797	0.6286880970001221
4348	0.030217206105589867	0.11339497566223145	0.6308808326721191
4349	0.02967161126434803	0.11329296231269836	0.6330380439758301
4350	0.030336201190948486	0.11329960823059082	0.6330530643463135
4351	0.029482850804924965	0.11322096735239029	0.6325531005859375
4352	0.030037133023142815	0.11359333992004395	0.6300362944602966
4353	0.030384011566638947	0.11437945067882538	0.627029538154602
4354	0.02929239720106125	0.1152268648147583	0.6243425607681274
4355	0.030524296686053276	0.11533978581428528	0.624220073223114
4356	0.029333040118217468	0.11397334188222885	0.6301345229148865
4357	0.02949359081685543	0.11274576187133789	0.6348397731781006
4358	0.030330196022987366	0.11236543953418732	0.6367896199226379
4359	0.02990778535604477	0.11302652955055237	0.6347849369049072
4360	0.029212046414613724	0.11397203058004379	0.6314272880554199
4361	0.03082023374736309	0.11454722285270691	0.6290332674980164
4362	0.030408374965190887	0.11428935825824738	0.6294280886650085
4363	0.03184455633163452	0.11347919702529907	0.6314347386360168
4364	0.028353743255138397	0.11275724321603775	0.6329475045204163
4365	0.02977863699197769	0.11280117928981781	0.631706714630127
4366	0.030183112248778343	0.1134590357542038	0.6292503476142883
4367	0.02905658632516861	0.11438187956809998	0.6263118386268616
4368	0.03005550615489483	0.1153692975640297	0.6236103177070618
4369	0.02967885136604309	0.115583635866642	0.6230143308639526
4370	0.030717527493834496	0.11461150646209717	0.6265051364898682
4371	0.029229305684566498	0.11353656649589539	0.630236029624939
4372	0.029233327135443687	0.11257331073284149	0.6338284611701965
4373	0.031025806441903114	0.11244519799947739	0.6352580189704895
4374	0.030556567013263702	0.11285130679607391	0.6354164481163025
4375	0.03025619126856327	0.11348474025726318	0.634468674659729
4376	0.030448846518993378	0.1137758418917656	0.6332722902297974
4377	0.030208829790353775	0.11364927887916565	0.6333436369895935
4378	0.03078950196504593	0.11364912241697311	0.6325647234916687
4379	0.0293602142482996	0.11413386464118958	0.629953145980835
4380	0.02875049225986004	0.11488600820302963	0.6268401145935059
4381	0.02969697117805481	0.11495400220155716	0.6267315745353699
4382	0.03013063408434391	0.11447399109601974	0.6287325620651245
4383	0.02988196350634098	0.11421878635883331	0.6297564506530762
4384	0.030259212478995323	0.11352555453777313	0.6330214142799377
4385	0.029587889090180397	0.11310787498950958	0.6347338557243347
4386	0.02987629361450672	0.11363580822944641	0.632768452167511
4387	0.03003225289285183	0.11457286030054092	0.6292473673820496
4388	0.029723811894655228	0.11480804532766342	0.6282405853271484
4389	0.030664945021271706	0.11398632079362869	0.6316654086112976
4390	0.02994607388973236	0.11281763017177582	0.636189341545105
4391	0.029115550220012665	0.11185013502836227	0.6400023102760315
4392	0.029722366482019424	0.11160625517368317	0.6414824724197388
4393	0.030460920184850693	0.11194618791341782	0.6405475735664368
4394	0.029781220480799675	0.11277466267347336	0.6368639469146729
4395	0.029586242511868477	0.11355362087488174	0.6336527466773987
4396	0.029472829774022102	0.11372556537389755	0.6323334574699402
4397	0.02991950698196888	0.11400669068098068	0.6305339336395264
4398	0.029205795377492905	0.11364416778087616	0.6315988898277283
4399	0.02906915172934532	0.11322519183158875	0.6335866451263428
4400	0.02907659113407135	0.11341158300638199	0.6336855888366699
4401	0.029357461258769035	0.11392972618341446	0.6320879459381104
4402	0.029808688908815384	0.1145445927977562	0.6301997900009155
4403	0.030119415372610092	0.11446471512317657	0.630939245223999
4404	0.03007134422659874	0.11413988471031189	0.6322437524795532
4405	0.0291582141071558	0.11362630128860474	0.633232831954956
4406	0.029470548033714294	0.11325333267450333	0.6328704357147217
4407	0.029263360425829887	0.1131967082619667	0.6315484046936035
4408	0.02982603758573532	0.11325053125619888	0.6306611895561218
4409	0.029491465538740158	0.11332415044307709	0.6309458613395691
4410	0.030359989032149315	0.11376377940177917	0.6305342316627502
4411	0.02918306179344654	0.11414928734302521	0.6294023990631104
4412	0.029538888484239578	0.11438813805580139	0.628636360168457
4413	0.030335325747728348	0.11387772113084793	0.6291330456733704
4414	0.0290372334420681	0.11363174766302109	0.6285261511802673
4415	0.029918065294623375	0.11387037485837936	0.626695990562439
4416	0.03071158565580845	0.11463681608438492	0.6234973669052124
4417	0.029429061338305473	0.11510653048753738	0.6222624182701111
4418	0.03009711392223835	0.11510361731052399	0.6232393383979797
4419	0.029342351481318474	0.11454958468675613	0.6265298128128052
4420	0.030835673213005066	0.11380427330732346	0.6303176283836365
4421	0.027721136808395386	0.11335103958845139	0.6329967975616455
4422	0.029640983790159225	0.11273015290498734	0.635984480381012
4423	0.029262052848935127	0.11262722313404083	0.6369383931159973
4424	0.029500620439648628	0.11283714324235916	0.6361459493637085
4425	0.02964356541633606	0.11332105100154877	0.6341911554336548
4426	0.03027491830289364	0.11340789496898651	0.6341518759727478
4427	0.02900100313127041	0.11286483705043793	0.6368116140365601
4428	0.02951579913496971	0.11257844418287277	0.6379209160804749
4429	0.030305661261081696	0.11277665197849274	0.636938750743866
4430	0.028875194489955902	0.11317594349384308	0.6352530717849731
4431	0.029000278562307358	0.11391445249319077	0.6322662830352783
4432	0.029138294979929924	0.11412367969751358	0.6313860416412354
4433	0.029569577425718307	0.11389165371656418	0.6324542164802551
4434	0.02967599406838417	0.11316801607608795	0.6354457139968872
4435	0.029597582295536995	0.11257554590702057	0.6377751231193542
4436	0.029513070359826088	0.1125861257314682	0.6380066275596619
4437	0.02899318002164364	0.1129518672823906	0.6365858912467957
4438	0.030178988352417946	0.1131063923239708	0.6357895135879517
4439	0.02960081212222576	0.11345724761486053	0.6352987289428711
4440	0.02842876873910427	0.11376035958528519	0.6342937350273132
4441	0.029884684830904007	0.11368740350008011	0.6339617371559143
4442	0.029773201793432236	0.11356141418218613	0.6342402696609497
4443	0.029117796570062637	0.11384211480617523	0.6334059238433838
4444	0.029895957559347153	0.1148247942328453	0.6298806667327881
4445	0.029083874076604843	0.11565475910902023	0.6264199614524841
4446	0.029526764526963234	0.11565173417329788	0.6264159679412842
4447	0.028585070744156837	0.11496365815401077	0.629032552242279
4448	0.02962556481361389	0.1137305200099945	0.6338490843772888
4449	0.03038599155843258	0.11292173713445663	0.6369028687477112
4450	0.02921004220843315	0.11277642846107483	0.638078510761261
4451	0.029763538390398026	0.11266576498746872	0.638526976108551
4452	0.0304231159389019	0.1127878949046135	0.638340175151825
4453	0.029110053554177284	0.11303400993347168	0.636847734451294
4454	0.029927512630820274	0.11292332410812378	0.636229395866394
4455	0.029732119292020798	0.11301624774932861	0.635110080242157
4456	0.028296571224927902	0.11287593096494675	0.635490894317627
4457	0.030010027810931206	0.1128288134932518	0.6363442540168762
4458	0.029646888375282288	0.11287231743335724	0.6366699934005737
4459	0.028976278379559517	0.11309663951396942	0.6359081268310547
4460	0.028869308531284332	0.11359322816133499	0.6341937780380249
4461	0.030242331326007843	0.11404655873775482	0.6328056454658508
4462	0.030119238421320915	0.11429862678050995	0.6317364573478699
4463	0.03006267175078392	0.11465751379728317	0.6307257413864136
4464	0.030019765719771385	0.1146690845489502	0.6315480470657349
4465	0.029897920787334442	0.11393188685178757	0.6340765357017517
4466	0.03010980226099491	0.11300081014633179	0.636112630367279
4467	0.02883298322558403	0.1125822588801384	0.6364498138427734
4468	0.029997415840625763	0.11291982233524323	0.6349183917045593
4469	0.029338831081986427	0.11386574059724808	0.6317921280860901
4470	0.03050212375819683	0.11490901559591293	0.6279085874557495
4471	0.03017030842602253	0.11498373001813889	0.627768337726593
4472	0.03032691590487957	0.11411789059638977	0.6304430365562439
4473	0.029676051810383797	0.11353185027837753	0.6321670413017273
4474	0.029880322515964508	0.11369659006595612	0.6315714120864868
4475	0.029949044808745384	0.11439435929059982	0.6291380524635315
4476	0.030429396778345108	0.11522631347179413	0.6256280541419983
4477	0.029656562954187393	0.11567890644073486	0.6243148446083069
4478	0.03066636249423027	0.11497590690851212	0.6276949644088745
4479	0.030163442716002464	0.11377424746751785	0.6329662799835205
4480	0.029415342956781387	0.11230087280273438	0.6385170221328735
4481	0.029398929327726364	0.11168046295642853	0.6404044032096863
4482	0.02934497594833374	0.11173888295888901	0.640680193901062
4483	0.030134718865156174	0.11208554357290268	0.6403895616531372
4484	0.030242586508393288	0.11257614940404892	0.6389942169189453
4485	0.029979774728417397	0.11257993429899216	0.6391658782958984
4486	0.03011913038790226	0.11207330226898193	0.6407410502433777
4487	0.02987915277481079	0.11164572089910507	0.6418678164482117
4488	0.029604515060782433	0.11178165674209595	0.6407520174980164
4489	0.029252227395772934	0.11260849982500076	0.6372266411781311
4490	0.029939088970422745	0.1137501522898674	0.6328974366188049
4491	0.02964955009520054	0.11438719928264618	0.6306473016738892
4492	0.030112819746136665	0.114474818110466	0.6300063729286194
4493	0.02912316843867302	0.11404299736022949	0.6320104002952576
4494	0.028983570635318756	0.1137121245265007	0.6332771182060242
4495	0.02971823140978813	0.11362788081169128	0.6332309246063232
4496	0.031075313687324524	0.11416170746088028	0.630804181098938
4497	0.029553202912211418	0.11489930003881454	0.627688467502594
4498	0.029001383110880852	0.11510805785655975	0.6266486048698425
4499	0.029339157044887543	0.11456845700740814	0.6285662651062012
4500	0.028878802433609962	0.11315411329269409	0.6336614489555359
4501	0.02886241115629673	0.11185338348150253	0.6383089423179626
4502	0.029302924871444702	0.11156024783849716	0.6404129266738892
4503	0.02916223742067814	0.11213814467191696	0.640463650226593
4504	0.02934698387980461	0.11340764164924622	0.6373040080070496
4505	0.028964880853891373	0.11465352773666382	0.6328531503677368
4506	0.03011106140911579	0.11498085409402847	0.630348265171051
4507	0.02916368842124939	0.1147262454032898	0.6294853091239929
4508	0.029837045818567276	0.11419880390167236	0.630788266658783
4509	0.028417930006980896	0.11389772593975067	0.6314660310745239
4510	0.029355213046073914	0.1141173467040062	0.6313254833221436
4511	0.028814800083637238	0.11443232744932175	0.6312728524208069
4512	0.030054472386837006	0.11452250182628632	0.6325628161430359
4513	0.02938670478761196	0.11444344371557236	0.6334559917449951
4514	0.02912595495581627	0.11381441354751587	0.6349342465400696
4515	0.029277727007865906	0.11350066214799881	0.6346516013145447
4516	0.029304342344403267	0.11359133571386337	0.6334415674209595
4517	0.028970371931791306	0.11407709121704102	0.6314099431037903
4518	0.030261259526014328	0.11463109403848648	0.6294431090354919
4519	0.030260644853115082	0.11513242870569229	0.6282256841659546
4520	0.02944895066320896	0.11548682302236557	0.6272616386413574
4521	0.028667191043496132	0.11523476988077164	0.6282313466072083
4522	0.030530627816915512	0.11436469852924347	0.6317375898361206
4523	0.02864593267440796	0.11343801021575928	0.6348020434379578
4524	0.02884196676313877	0.11288654059171677	0.6371322870254517
4525	0.029242804273962975	0.11272435635328293	0.6379850506782532
4526	0.029065238311886787	0.11330766975879669	0.6358350515365601
4527	0.029255956411361694	0.11411081999540329	0.6326944231987
4528	0.028813794255256653	0.1148463636636734	0.629740834236145
4529	0.028507912531495094	0.11468043178319931	0.6303653717041016
4530	0.029682796448469162	0.11422280222177505	0.6319979429244995
4531	0.0284328181296587	0.11381649225950241	0.6335612535476685
4532	0.027796825394034386	0.11372170597314835	0.6337904334068298
4533	0.030598049983382225	0.11414896696805954	0.6324037313461304
4534	0.029159830883145332	0.11462119221687317	0.6306329369544983
4535	0.029596317559480667	0.11471854895353317	0.6302514672279358
4536	0.029228556901216507	0.11446500569581985	0.6307360529899597
4537	0.028182251378893852	0.11428456753492355	0.631034791469574
4538	0.02912207320332527	0.11390073597431183	0.6330020427703857
4539	0.029092632234096527	0.11369951069355011	0.6348357796669006
4540	0.0291593037545681	0.11387825012207031	0.6349359154701233
4541	0.030289428308606148	0.11416520178318024	0.6341157555580139
4542	0.029338063672184944	0.1141478642821312	0.6336186528205872
4543	0.02853524312376976	0.11389566212892532	0.6342613101005554
4544	0.02853565849363804	0.11392111331224442	0.6343571543693542
4545	0.029017116874456406	0.11414206027984619	0.6339550018310547
4546	0.02998358942568302	0.11455289274454117	0.6326798796653748
4547	0.028835970908403397	0.114675372838974	0.6328132152557373
4548	0.029125656932592392	0.11474047601222992	0.6331914663314819
4549	0.030493877828121185	0.1144406646490097	0.6335510611534119
4550	0.02888485975563526	0.11418668180704117	0.6340491771697998
4551	0.02974434196949005	0.11412175744771957	0.6338722705841064
4552	0.03024873323738575	0.11398259550333023	0.6341869235038757
4553	0.029848679900169373	0.11380395293235779	0.6350615620613098
4554	0.02988724783062935	0.11401598155498505	0.6342192888259888
4555	0.029978368431329727	0.11388231813907623	0.6347211599349976
4556	0.030148133635520935	0.11375432461500168	0.6349095106124878
4557	0.029616111889481544	0.11367874592542648	0.6349269151687622
4558	0.02938576601445675	0.11398569494485855	0.6343711018562317
4559	0.028793178498744965	0.11442697048187256	0.6334815621376038
4560	0.03008674830198288	0.1150793805718422	0.6316847205162048
4561	0.0293533056974411	0.11531827598810196	0.6304996013641357
4562	0.029637733474373817	0.11523999273777008	0.6300796270370483
4563	0.028509678319096565	0.11503983289003372	0.6296943426132202
4564	0.030021091923117638	0.11439494043588638	0.6313149929046631
4565	0.028930027037858963	0.11402005702257156	0.6324478983879089
4566	0.02950957976281643	0.11375545710325241	0.6342329978942871
4567	0.030381735414266586	0.11393119394779205	0.6346797347068787
4568	0.029651548713445663	0.11392814666032791	0.6358133554458618
4569	0.02915378287434578	0.11363650113344193	0.6383551359176636
4570	0.029376335442066193	0.11334297060966492	0.6402031779289246
4571	0.028463352471590042	0.11276894807815552	0.6421297192573547
4572	0.029118958860635757	0.11246664822101593	0.6418037414550781
4573	0.02952333725988865	0.11243434995412827	0.6400337219238281
4574	0.02925393171608448	0.1133219301700592	0.6362650394439697
4575	0.02899683266878128	0.1149488314986229	0.6299176812171936
4576	0.02838197536766529	0.11601651459932327	0.6259068250656128
4577	0.028815826401114464	0.11632770299911499	0.6247193813323975
4578	0.02971743606030941	0.11552591621875763	0.6280708909034729
4579	0.029360223561525345	0.11426373571157455	0.6327767372131348
4580	0.02945670858025551	0.11344507336616516	0.6363061666488647
4581	0.028774099424481392	0.11301890760660172	0.6385416388511658
4582	0.029693586751818657	0.11344218254089355	0.637955367565155
4583	0.028847241774201393	0.11384086310863495	0.6368712782859802
4584	0.02919590100646019	0.11428751796483994	0.6348361968994141
4585	0.029283855110406876	0.1144481897354126	0.6336171627044678
4586	0.028307339176535606	0.11450845003128052	0.633092999458313
4587	0.02895146608352661	0.11441555619239807	0.6329016089439392
4588	0.03026651032269001	0.11402492970228195	0.6343535780906677
4589	0.029173046350479126	0.11359625309705734	0.6362500190734863
4590	0.029121894389390945	0.11343768984079361	0.6371439695358276
4591	0.028553342446684837	0.11388391256332397	0.6357261538505554
4592	0.03004978410899639	0.11433273553848267	0.6335902214050293
4593	0.029739685356616974	0.11423460394144058	0.6328376531600952
4594	0.028565380722284317	0.11412183195352554	0.6321422457695007
4595	0.028859544545412064	0.114181749522686	0.6319571137428284
4596	0.029021605849266052	0.11428945511579514	0.6330430507659912
4597	0.029624080285429955	0.11439517885446548	0.6340365409851074
4598	0.028725966811180115	0.11476346105337143	0.6333516240119934
4599	0.029842976480722427	0.11482597142457962	0.6319212317466736
4600	0.02961689420044422	0.11491440236568451	0.6308051943778992
4601	0.02992742881178856	0.1145794466137886	0.6318879723548889
4602	0.027478374540805817	0.11402685940265656	0.6344239115715027
4603	0.0284245777875185	0.11362454295158386	0.6366169452667236
4604	0.02887771837413311	0.11362764239311218	0.6371996402740479
4605	0.028926897794008255	0.11356394737958908	0.6374377608299255
4606	0.028278175741434097	0.11359294503927231	0.6364911198616028
4607	0.03028417006134987	0.11399299651384354	0.6345008611679077
4608	0.02893240377306938	0.11493679881095886	0.6307600140571594
4609	0.029837818816304207	0.11515330523252487	0.6302305459976196
4610	0.030773889273405075	0.11419228464365005	0.6347612142562866
4611	0.028402503579854965	0.11346941441297531	0.6380547881126404
4612	0.029445849359035492	0.1133844256401062	0.6383761763572693
4613	0.029257668182253838	0.11362547427415848	0.6366337537765503
4614	0.028332967311143875	0.11426915973424911	0.633451521396637
4615	0.02893703058362007	0.11512462794780731	0.6298096179962158
4616	0.029131483286619186	0.11569847166538239	0.6276028752326965
4617	0.03024151362478733	0.11582644283771515	0.6270416975021362
4618	0.02923443913459778	0.11569497734308243	0.6276025176048279
4619	0.02927318960428238	0.1150164008140564	0.6308459639549255
4620	0.02917596511542797	0.1142735555768013	0.6349465250968933
4621	0.02938254177570343	0.11383569240570068	0.6379521489143372
4622	0.030107902362942696	0.11364760994911194	0.6398400664329529
4623	0.029521394520998	0.11341840773820877	0.6408635377883911
4624	0.028656264767050743	0.11338699609041214	0.6407073736190796
4625	0.02853192389011383	0.1131032332777977	0.6411138772964478
4626	0.028527777642011642	0.11299432814121246	0.6407243013381958
4627	0.028550732880830765	0.11324533820152283	0.6388369798660278
4628	0.02977638877928257	0.11390545219182968	0.6356438994407654
4629	0.02880995348095894	0.11476963013410568	0.6314073801040649
4630	0.028696702793240547	0.11553352326154709	0.6274529695510864
4631	0.028906794264912605	0.11554208397865295	0.6272038817405701
4632	0.028856929391622543	0.11521614342927933	0.6289636492729187
4633	0.029618753120303154	0.11470700800418854	0.631892740726471
4634	0.030007798224687576	0.11461081355810165	0.6330989003181458
4635	0.02841183729469776	0.11459828913211823	0.6331225633621216
4636	0.02888389676809311	0.11457398533821106	0.6326588988304138
4637	0.028618987649679184	0.1141912117600441	0.6339644193649292
4638	0.028894245624542236	0.11409003287553787	0.6343957185745239
4639	0.028367886319756508	0.1141514703631401	0.6339633464813232
4640	0.02924424409866333	0.11410291492938995	0.6343935132026672
4641	0.029155034571886063	0.11412983387708664	0.6352036595344543
4642	0.02931288816034794	0.11460470408201218	0.6345113515853882
4643	0.028650643303990364	0.11515691131353378	0.633300244808197
4644	0.02894403599202633	0.11522858589887619	0.6327170729637146
4645	0.030463065952062607	0.11502525955438614	0.6326143741607666
4646	0.02767733484506607	0.11487115174531937	0.6328063607215881
4647	0.029743937775492668	0.11493643373250961	0.6325439810752869
4648	0.02777666598558426	0.11514729261398315	0.6320042610168457
4649	0.028774218633770943	0.11540171504020691	0.6317304968833923
4650	0.029100943356752396	0.11532855033874512	0.6328760981559753
4651	0.028565147891640663	0.11484771966934204	0.6356099247932434
4652	0.029070673510432243	0.1138109639286995	0.6394993662834167
4653	0.028932450339198112	0.11328398436307907	0.6410190463066101
4654	0.029082555323839188	0.1135023683309555	0.6396536827087402
4655	0.028710290789604187	0.11442122608423233	0.6357296705245972
4656	0.028362620621919632	0.11544477939605713	0.6307692527770996
4657	0.02944357879459858	0.1160687804222107	0.6272698640823364
4658	0.028616642579436302	0.11579079180955887	0.628203809261322
4659	0.028376705944538116	0.11512545496225357	0.6309465169906616
4660	0.02930736541748047	0.11468124389648438	0.6327515244483948
4661	0.028005847707390785	0.114418625831604	0.6336707472801208
4662	0.029479041695594788	0.11443427950143814	0.6336232423782349
4663	0.029081258922815323	0.11453860253095627	0.6330626010894775
4664	0.028587115928530693	0.11473135650157928	0.6328349709510803
4665	0.02851291373372078	0.11450386047363281	0.6343066692352295
4666	0.028694743290543556	0.11388152837753296	0.6373562812805176
4667	0.029571155086159706	0.11350350826978683	0.6391094326972961
4668	0.027764389291405678	0.11338360607624054	0.6397136449813843
4669	0.029416410252451897	0.11349448561668396	0.6394156813621521
4670	0.029175126925110817	0.11381291598081589	0.6381471157073975
4671	0.02840423583984375	0.11429603397846222	0.6352095603942871
4672	0.029071034863591194	0.11502008885145187	0.631721019744873
4673	0.028493134304881096	0.11536020040512085	0.6302042603492737
4674	0.02857218310236931	0.11473685503005981	0.6325194835662842
4675	0.029433324933052063	0.1141926497220993	0.634078860282898
4676	0.02945285104215145	0.11383839696645737	0.6356067657470703
4677	0.028308367356657982	0.11383036524057388	0.6363701820373535
4678	0.028990788385272026	0.11435069888830185	0.6355881690979004
4679	0.02914413809776306	0.11484972387552261	0.6334059834480286
4680	0.02938069775700569	0.11484428495168686	0.632889986038208
4681	0.028978751972317696	0.11439510434865952	0.6339706182479858
4682	0.02883278764784336	0.11432846635580063	0.6334872245788574
4683	0.028661785647273064	0.11491495370864868	0.6308078765869141
4684	0.028668615967035294	0.11554361134767532	0.6285800337791443
4685	0.028400728479027748	0.11614302545785904	0.6266373991966248
4686	0.029432907700538635	0.11617923527956009	0.627370297908783
4687	0.029082292690873146	0.11584728956222534	0.629723072052002
4688	0.02807343378663063	0.1152452826499939	0.6322870254516602
4689	0.029098868370056152	0.11471375077962875	0.6342861652374268
4690	0.028958100825548172	0.11440534144639969	0.6344295740127563
4691	0.028051456436514854	0.1139448806643486	0.6354730725288391
4692	0.02940957061946392	0.11392775177955627	0.6355542540550232
4693	0.02896805666387081	0.11399790644645691	0.6357235908508301
4694	0.028317051008343697	0.1142026036977768	0.6350533366203308
4695	0.028382454067468643	0.11453364044427872	0.6336554288864136
4696	0.02832898125052452	0.11496036499738693	0.6318652629852295
4697	0.028782812878489494	0.11566250026226044	0.6286786794662476
4698	0.027781369164586067	0.11587923765182495	0.6273229122161865
4699	0.02950858511030674	0.11589352786540985	0.6270450949668884
4700	0.02749858796596527	0.11568479984998703	0.6283512115478516
4701	0.02928227372467518	0.11575734615325928	0.6284570693969727
4702	0.0294952392578125	0.11543674021959305	0.6306650638580322
4703	0.02847851626574993	0.11510882526636124	0.6327174305915833
4704	0.028314506635069847	0.11505943536758423	0.6336652040481567
4705	0.02801807038486004	0.11487250030040741	0.6357781887054443
4706	0.026626523584127426	0.11444273591041565	0.6386098861694336
4707	0.027575260028243065	0.11376561224460602	0.6409746408462524
4708	0.028344376012682915	0.1134064644575119	0.6418454647064209
4709	0.028878116980195045	0.11383575201034546	0.6402667760848999
4710	0.02776074968278408	0.11417587846517563	0.6386409997940063
4711	0.029378902167081833	0.11443093419075012	0.636390745639801
4712	0.028510436415672302	0.11420096457004547	0.6354897022247314
4713	0.028728105127811432	0.11419861763715744	0.6344727873802185
4714	0.02876119501888752	0.114481620490551	0.6327665448188782
4715	0.029717016965150833	0.11431233584880829	0.6331904530525208
4716	0.02840656042098999	0.11374552547931671	0.6356009244918823
4717	0.029360612854361534	0.11327923834323883	0.6382099986076355
4718	0.027864951640367508	0.11352315545082092	0.6383188962936401
4719	0.028901275247335434	0.11384805291891098	0.6376879215240479
4720	0.028907427564263344	0.11447875946760178	0.6359137892723083
4721	0.029386848211288452	0.11474661529064178	0.6347899436950684
4722	0.028257817029953003	0.11488482356071472	0.6340203881263733
4723	0.02931300736963749	0.11489597707986832	0.6331869959831238
4724	0.028574416413903236	0.1150369942188263	0.6314910054206848
4725	0.029498673975467682	0.11498409509658813	0.6311599016189575
4726	0.028713198378682137	0.11504169553518295	0.6310457587242126
4727	0.028383798897266388	0.11558114737272263	0.6289348602294922
4728	0.029305772855877876	0.11570211499929428	0.6278178095817566
4729	0.0292223934084177	0.11572233587503433	0.6268867254257202
4730	0.028166817501187325	0.11537682265043259	0.627841591835022
4731	0.029274730011820793	0.11471734195947647	0.6311323046684265
4732	0.028732525184750557	0.11446700990200043	0.6328302621841431
4733	0.02756544016301632	0.1143045425415039	0.6339855790138245
4734	0.028090041130781174	0.11381470412015915	0.6363778114318848
4735	0.02852056734263897	0.11388564109802246	0.6360289454460144
4736	0.029345249757170677	0.1143413558602333	0.6342644095420837
4737	0.028974976390600204	0.11477518081665039	0.6330592632293701
4738	0.028991077095270157	0.11542141437530518	0.631168007850647
4739	0.028273113071918488	0.1156792864203453	0.6309303045272827
4740	0.029374096542596817	0.11536095291376114	0.6318623423576355
4741	0.02733486518263817	0.1148049458861351	0.6332702040672302
4742	0.028787914663553238	0.11467201262712479	0.6329540014266968
4743	0.02800638973712921	0.1145699992775917	0.6332120299339294
4744	0.029042070731520653	0.11484315991401672	0.6324945688247681
4745	0.029385270550847054	0.11488565057516098	0.6324666738510132
4746	0.029520072042942047	0.11473526805639267	0.6330432295799255
4747	0.029095154255628586	0.11474303156137466	0.6326808333396912
4748	0.027825968340039253	0.11499892920255661	0.6322482228279114
4749	0.029613373801112175	0.11537393182516098	0.6314495801925659
4750	0.028255289420485497	0.11548653990030289	0.6318162083625793
4751	0.02843148075044155	0.1155882477760315	0.6320927739143372
4752	0.028254171833395958	0.11543641984462738	0.6327411532402039
4753	0.02894020639359951	0.11452996730804443	0.6360306143760681
4754	0.027925005182623863	0.1137215793132782	0.6393517851829529
4755	0.028391022235155106	0.1135660707950592	0.6406962871551514
4756	0.029278676956892014	0.11401424556970596	0.6393435597419739
4757	0.028305117040872574	0.11474080383777618	0.6366947889328003
4758	0.028092820197343826	0.11540643870830536	0.6342191696166992
4759	0.028563369065523148	0.1151103749871254	0.634766161441803
4760	0.028373919427394867	0.11466965824365616	0.6353830099105835
4761	0.028045833110809326	0.11430993676185608	0.6356779336929321
4762	0.030032800510525703	0.11405383050441742	0.6366074085235596
4763	0.028352059423923492	0.11378937214612961	0.6387683153152466
4764	0.028555408120155334	0.11410069465637207	0.638630211353302
4765	0.028453348204493523	0.11474110931158066	0.6367939710617065
4766	0.029031291604042053	0.11470303684473038	0.6366660594940186
4767	0.029426774010062218	0.11432652920484543	0.6374959349632263
4768	0.028610045090317726	0.1139037013053894	0.6375604867935181
4769	0.028835516422986984	0.1139163076877594	0.636441171169281
4770	0.02826574817299843	0.1144004762172699	0.6348130106925964
4771	0.028632765635848045	0.11489503085613251	0.6337421536445618
4772	0.030195316299796104	0.11541713029146194	0.6335270404815674
4773	0.02814527228474617	0.11575484275817871	0.6337390542030334
4774	0.02899368666112423	0.11543598771095276	0.6354060769081116
4775	0.028694642707705498	0.11466675251722336	0.6377579569816589
4776	0.029097769409418106	0.11421656608581543	0.6393298506736755
4777	0.028336547315120697	0.11409345269203186	0.6391114592552185
4778	0.028417155146598816	0.11424793303012848	0.637712299823761
4779	0.028624366968870163	0.11496300250291824	0.6340345144271851
4780	0.028939388692378998	0.11544933170080185	0.6319448947906494
4781	0.0281941220164299	0.11529524624347687	0.6327500343322754
4782	0.02880365587770939	0.1150004044175148	0.6335843205451965
4783	0.02926468849182129	0.11455327272415161	0.6352604031562805
4784	0.028187356889247894	0.11391633003950119	0.6376997232437134
4785	0.028892476111650467	0.1136920303106308	0.6386228799819946
4786	0.027842048555612564	0.11420174688100815	0.6373059153556824
4787	0.02839634194970131	0.11453786492347717	0.6358922719955444
4788	0.02763177454471588	0.11471157521009445	0.6351717114448547
4789	0.02783014066517353	0.11418033391237259	0.6371628642082214
4790	0.0293753519654274	0.11395623534917831	0.6375860571861267
4791	0.02951950952410698	0.1138196736574173	0.6383575797080994
4792	0.030343396589159966	0.11420919746160507	0.6375468373298645
4793	0.028682246804237366	0.11505953222513199	0.6346072554588318
4794	0.02767876908183098	0.11584322154521942	0.6312686800956726
4795	0.029022742062807083	0.11601147800683975	0.6304298043251038
4796	0.028482586145401	0.11558263003826141	0.6321454048156738
4797	0.02879801020026207	0.11448953300714493	0.6366214752197266
4798	0.028666311874985695	0.113976389169693	0.6387248635292053
4799	0.028307626023888588	0.11441171169281006	0.6369919776916504
4800	0.028475580736994743	0.11522872745990753	0.6334404945373535
4801	0.0292511023581028	0.11573650687932968	0.6309488415718079
4802	0.02985977940261364	0.11555265635251999	0.630774736404419
4803	0.029567569494247437	0.11532370001077652	0.6316859126091003
4804	0.029258744791150093	0.11493507772684097	0.6336702108383179
4805	0.027865415439009666	0.11465691030025482	0.6355220675468445
4806	0.027957767248153687	0.1146705225110054	0.6359736323356628
4807	0.0284664835780859	0.11450602114200592	0.6365916132926941
4808	0.029097018763422966	0.11424034088850021	0.6367834210395813
4809	0.027909621596336365	0.11438124626874924	0.635940670967102
4810	0.02823754772543907	0.11484387516975403	0.6339755058288574
4811	0.02773175947368145	0.11554724723100662	0.6310490369796753
4812	0.02831290289759636	0.11553845554590225	0.6312559247016907
4813	0.02714337222278118	0.11519315093755722	0.6328214406967163
4814	0.02861185371875763	0.11513769626617432	0.6342268586158752
4815	0.029028471559286118	0.11514247208833694	0.6351911425590515
4816	0.03011745773255825	0.11547451466321945	0.6344186663627625
4817	0.028675638139247894	0.11559639126062393	0.6332107186317444
4818	0.028395062312483788	0.11543556302785873	0.6327264904975891
4819	0.028850175440311432	0.11524918675422668	0.6327953338623047
4820	0.027629651129245758	0.11434610933065414	0.6364584565162659
4821	0.028446028009057045	0.11348304152488708	0.6394009590148926
4822	0.028399452567100525	0.1134263351559639	0.6397075057029724
4823	0.028291834518313408	0.11383708566427231	0.639451801776886
4824	0.029311079531908035	0.11424800753593445	0.6384789347648621
4825	0.028626125305891037	0.11465252935886383	0.6361227631568909
4826	0.02947309799492359	0.11516721546649933	0.6327928900718689
4827	0.027884330600500107	0.11532900482416153	0.6318247318267822
4828	0.029673181474208832	0.11514052748680115	0.6323193311691284
4829	0.027111221104860306	0.11473654210567474	0.6341502666473389
4830	0.02941124141216278	0.11455044895410538	0.6353430151939392
4831	0.02949746884405613	0.11462554335594177	0.6357969641685486
4832	0.028775572776794434	0.11455266177654266	0.6368339657783508
4833	0.02779707871377468	0.11480122059583664	0.6363934278488159
4834	0.029215440154075623	0.11521030217409134	0.6347814798355103
4835	0.028842994943261147	0.1155288964509964	0.6326191425323486
4836	0.02910541370511055	0.11594437062740326	0.6296103000640869
4837	0.027977606281638145	0.11646641045808792	0.6263984441757202
4838	0.02856561355292797	0.11675655841827393	0.6251908540725708
4839	0.028608903288841248	0.11638987809419632	0.6275864243507385
4840	0.028145436197519302	0.11538750678300858	0.6326937675476074
4841	0.027099816128611565	0.1147153303027153	0.6360313892364502
4842	0.02787799760699272	0.1142144650220871	0.6378609538078308
4843	0.02902844361960888	0.11432630568742752	0.6371960639953613
4844	0.028489859774708748	0.11510421335697174	0.6335411071777344
4845	0.028204310685396194	0.11637842655181885	0.6282334327697754
4846	0.029142696410417557	0.11700480431318283	0.6257993578910828
4847	0.028824912384152412	0.11617470532655716	0.6294863224029541
4848	0.028537260368466377	0.11511111259460449	0.6349474191665649
4849	0.028667790815234184	0.11403092741966248	0.639883816242218
4850	0.02884799987077713	0.113214872777462	0.6426630020141602
4851	0.02895241789519787	0.11331644654273987	0.6423861980438232
4852	0.02875446155667305	0.11393341422080994	0.6408373713493347
4853	0.030115703120827675	0.11437085270881653	0.6389221549034119
4854	0.029560446739196777	0.11411882936954498	0.63908451795578
4855	0.028893133625388145	0.11417792737483978	0.6386216282844543
4856	0.02799706906080246	0.11462576687335968	0.6378815174102783
4857	0.02809637412428856	0.1153479516506195	0.6356693506240845
4858	0.02927069365978241	0.1159115582704544	0.6329396367073059
4859	0.027866579592227936	0.11584461480379105	0.6322285532951355
4860	0.027568845078349113	0.11615368723869324	0.6301582455635071
4861	0.029345005750656128	0.11640510708093643	0.6287949085235596
4862	0.02845960669219494	0.11608587950468063	0.6294077038764954
4863	0.029204178601503372	0.11598671227693558	0.6295629143714905
4864	0.028399063274264336	0.1161310225725174	0.6290253400802612
4865	0.026470933109521866	0.11577089875936508	0.630817174911499
4866	0.02791060134768486	0.1150067001581192	0.634074866771698
4867	0.029203766956925392	0.11416421085596085	0.6384288668632507
4868	0.027911776676774025	0.11388736218214035	0.6395094394683838
4869	0.028545847162604332	0.1137121394276619	0.6392980217933655
4870	0.027952158823609352	0.11398356407880783	0.6375214457511902
4871	0.02784915082156658	0.11455143988132477	0.6353955268859863
4872	0.029135124757885933	0.11470028758049011	0.6348816752433777
4873	0.028892654925584793	0.11463090777397156	0.6353898048400879
4874	0.0279716644436121	0.1145302876830101	0.6361955404281616
4875	0.028676897287368774	0.1148652583360672	0.635741651058197
4876	0.028325814753770828	0.11545667797327042	0.6351811289787292
4877	0.029052266851067543	0.11581075191497803	0.6338061094284058
4878	0.028094232082366943	0.1157679632306099	0.6337839365005493
4879	0.02735339105129242	0.11545096337795258	0.6346196532249451
4880	0.029103580862283707	0.11523044854402542	0.6349761486053467
4881	0.027629684656858444	0.11500844359397888	0.6356614232063293
4882	0.027033362537622452	0.11491910368204117	0.636425793170929
4883	0.02868548035621643	0.11500600725412369	0.6361669898033142
4884	0.029231823980808258	0.11520060151815414	0.6353123784065247
4885	0.028894001618027687	0.1156364232301712	0.6337036490440369
4886	0.027905404567718506	0.1159968301653862	0.6326191425323486
4887	0.028941411525011063	0.11647903174161911	0.6309252381324768
4888	0.02859870158135891	0.11667756736278534	0.6306340098381042
4889	0.02840292826294899	0.11643796414136887	0.631611704826355
4890	0.02766265720129013	0.11594701558351517	0.6325960159301758
4891	0.029316682368516922	0.1155720055103302	0.6337934732437134
4892	0.029360871762037277	0.11552675068378448	0.6339926719665527
4893	0.028943629935383797	0.11528884619474411	0.6354665756225586
4894	0.027495289221405983	0.1149660274386406	0.6372576951980591
4895	0.028684400022029877	0.11478989571332932	0.6377782821655273
4896	0.02725186012685299	0.11433267593383789	0.6389349102973938
4897	0.02880401909351349	0.1141326054930687	0.6388283371925354
4898	0.028310216963291168	0.11398113518953323	0.6386304497718811
4899	0.028262032195925713	0.11403148621320724	0.6377705335617065
4900	0.027228962630033493	0.11425306648015976	0.6367506384849548
4901	0.02908315137028694	0.1147206574678421	0.6353873014450073
4902	0.027782423421740532	0.11527692526578903	0.6336237192153931
4903	0.02891472540795803	0.1156075969338417	0.633051872253418
4904	0.02762100100517273	0.11581456661224365	0.6328509449958801
4905	0.02839329093694687	0.11556932330131531	0.6344471573829651
4906	0.02849002555012703	0.1155744418501854	0.6349469423294067
4907	0.02822454832494259	0.11586853116750717	0.6346578001976013
4908	0.028616972267627716	0.11618765443563461	0.6338494420051575
4909	0.028735987842082977	0.1162005215883255	0.6334268450737
4910	0.028682950884103775	0.11568817496299744	0.6351020336151123
4911	0.02838527411222458	0.11527775973081589	0.6362453103065491
4912	0.02867697738111019	0.11489655822515488	0.6371943950653076
4913	0.028305595740675926	0.11482499539852142	0.6374027132987976
4914	0.0283224955201149	0.11519855260848999	0.6357100009918213
4915	0.027746541425585747	0.1153641790151596	0.6347748637199402
4916	0.02820717915892601	0.11553170531988144	0.6339147090911865
4917	0.02925063669681549	0.11566430330276489	0.6336722373962402
4918	0.02817726694047451	0.11574119329452515	0.6334819793701172
4919	0.029077356681227684	0.11609009653329849	0.632043719291687
4920	0.028326265513896942	0.11608473211526871	0.6318174600601196
4921	0.02788919396698475	0.11641614139080048	0.6304113268852234
4922	0.02696092054247856	0.11683442443609238	0.6288862824440002
4923	0.028396816924214363	0.11716796457767487	0.6281520128250122
4924	0.028103623539209366	0.11714497208595276	0.6290463805198669
4925	0.02871209755539894	0.11700019985437393	0.6297913193702698
4926	0.028397802263498306	0.11661534011363983	0.6314675211906433
4927	0.028023583814501762	0.1159912720322609	0.6342366337776184
4928	0.029092947021126747	0.11549614369869232	0.6359917521476746
4929	0.027668073773384094	0.11527790129184723	0.6365052461624146
4930	0.02861800231039524	0.11566080898046494	0.6346936821937561
4931	0.02758077345788479	0.11640769243240356	0.6313841938972473
4932	0.028624292463064194	0.11691398918628693	0.6290252208709717
4933	0.02845059335231781	0.11655591428279877	0.6305285096168518
4934	0.029146511107683182	0.11618392169475555	0.6323398351669312
4935	0.02867332100868225	0.11597850173711777	0.6332275867462158
4936	0.02812563255429268	0.11606918275356293	0.6330782175064087
4937	0.02697940543293953	0.11595132946968079	0.6339015960693359
4938	0.027560485526919365	0.11581050604581833	0.6347975134849548
4939	0.028088849037885666	0.11590561270713806	0.6349151730537415
4940	0.02787405624985695	0.11613338440656662	0.6344303488731384
4941	0.02825622260570526	0.11595795303583145	0.6357107758522034
4942	0.02751416154205799	0.1154046431183815	0.6383789777755737
4943	0.028511375188827515	0.11472431570291519	0.641684889793396
4944	0.02865700237452984	0.11437604576349258	0.6434605121612549
4945	0.028017276898026466	0.11458822339773178	0.6421921849250793
4946	0.028057070448994637	0.11560393124818802	0.6376519799232483
4947	0.02875674143433571	0.116501085460186	0.6335064172744751
4948	0.027935322374105453	0.11648771911859512	0.6331528425216675
4949	0.027894489467144012	0.11609199643135071	0.634687602519989
4950	0.02854483760893345	0.11578503996133804	0.6356832385063171
4951	0.02909036912024021	0.11567458510398865	0.6353521943092346
4952	0.028675995767116547	0.11567279696464539	0.6347928643226624
4953	0.02774954028427601	0.11583904922008514	0.6338578462600708
4954	0.027848735451698303	0.11588378250598907	0.633283257484436
4955	0.027049027383327484	0.11566480249166489	0.6342161297798157
4956	0.028505384922027588	0.1154317855834961	0.6355813145637512
4957	0.027542103081941605	0.1153419017791748	0.6365606784820557
4958	0.02850067988038063	0.11511918157339096	0.6378385424613953
4959	0.027973460033535957	0.11538051813840866	0.636876106262207
4960	0.029250171035528183	0.11554060876369476	0.6361894607543945
4961	0.02741338312625885	0.11558596044778824	0.6356812715530396
4962	0.027627939358353615	0.11545799672603607	0.6357340812683105
4963	0.027624228969216347	0.11543744802474976	0.6357257962226868
4964	0.02863107994198799	0.11512667685747147	0.6368935704231262
4965	0.02867758832871914	0.11531376093626022	0.6359893679618835
4966	0.028385190293192863	0.11581861972808838	0.6341361999511719
4967	0.02846214734017849	0.11623011529445648	0.6327171921730042
4968	0.027564560994505882	0.11578475683927536	0.6345881223678589
4969	0.02862277440726757	0.11494719982147217	0.6380366086959839
4970	0.028565337881445885	0.11438948661088943	0.6407829523086548
4971	0.028024116531014442	0.11455035954713821	0.6409987807273865
4972	0.029042743146419525	0.11505991220474243	0.6399887204170227
4973	0.02820373885333538	0.11563382297754288	0.6384120583534241
4974	0.026548512279987335	0.11683410406112671	0.6334866285324097
4975	0.029140440747141838	0.11720556020736694	0.6315996050834656
4976	0.027939558029174805	0.11638065427541733	0.6341270208358765
4977	0.027318954467773438	0.11564899235963821	0.6361374855041504
4978	0.028007185086607933	0.11524557322263718	0.6376423239707947
4979	0.028551677241921425	0.1154463067650795	0.6373299360275269
4980	0.028630563989281654	0.11635418981313705	0.634249210357666
4981	0.027888402342796326	0.11730960011482239	0.6304683089256287
4982	0.02814311347901821	0.11757443845272064	0.6290559768676758
4983	0.028486141934990883	0.11720281094312668	0.6297640800476074
4984	0.02773725427687168	0.11691859364509583	0.6301313638687134
4985	0.027554210275411606	0.11674845218658447	0.6308466196060181
4986	0.027395328506827354	0.11651391535997391	0.6324242353439331
4987	0.028966883197426796	0.11606980860233307	0.6351554989814758
4988	0.027365947142243385	0.11556108295917511	0.6379256248474121
4989	0.02911314181983471	0.1153256744146347	0.6391639113426208
4990	0.02817319892346859	0.11493127048015594	0.6405698657035828
4991	0.02949245646595955	0.11460933834314346	0.6413412094116211
4992	0.02894972823560238	0.11492027342319489	0.6391646265983582
4993	0.028658820316195488	0.1157083734869957	0.6360454559326172
4994	0.027822282165288925	0.11644109338521957	0.6331280469894409
4995	0.02793966606259346	0.11681704223155975	0.6313352584838867
4996	0.02643878012895584	0.11667980253696442	0.6323608756065369
4997	0.028995899483561516	0.11646678298711777	0.6335293054580688
4998	0.028706371784210205	0.11611763387918472	0.6345006227493286
4999	0.027956150472164154	0.11597780883312225	0.6349870562553406
