epoch	train_loss	test_loss	test_metric
0	0.15586167573928833	0.14290791749954224	0.295998752117157
1	0.14960557222366333	0.14365878701210022	0.28783202171325684
2	0.14877714216709137	0.14420552551746368	0.2826690971851349
3	0.14296361804008484	0.144817516207695	0.28185319900512695
4	0.14471058547496796	0.1454644799232483	0.27678418159484863
5	0.1432177722454071	0.14580093324184418	0.27520063519477844
6	0.143100768327713	0.14589783549308777	0.2759886682033539
7	0.14593979716300964	0.14660291373729706	0.2738017439842224
8	0.14424261450767517	0.146805077791214	0.2751900851726532
9	0.1426265984773636	0.14686506986618042	0.2785694897174835
10	0.14288701117038727	0.1468423455953598	0.28427377343177795
11	0.14503028988838196	0.1469060331583023	0.2862403094768524
12	0.14314112067222595	0.14678998291492462	0.2906379699707031
13	0.14228270947933197	0.1467679888010025	0.2919312119483948
14	0.14321166276931763	0.14661552011966705	0.2953817546367645
15	0.14101503789424896	0.14649567008018494	0.29797089099884033
16	0.14207983016967773	0.1463325321674347	0.3000383675098419
17	0.14023952186107635	0.14615774154663086	0.3018977642059326
18	0.14205756783485413	0.14592881500720978	0.30429646372795105
19	0.13912872970104218	0.14570628106594086	0.30645185708999634
20	0.1390996128320694	0.1455070525407791	0.30795371532440186
21	0.13884283602237701	0.1452861875295639	0.30938470363616943
22	0.14017774164676666	0.1450466364622116	0.3109469413757324
23	0.13984911143779755	0.14484207332134247	0.3121328353881836
24	0.13964463770389557	0.14465337991714478	0.31304940581321716
25	0.1401018649339676	0.14443235099315643	0.314095139503479
26	0.13744501769542694	0.14422786235809326	0.3151608109474182
27	0.13790753483772278	0.14403672516345978	0.3155859410762787
28	0.13854053616523743	0.14383313059806824	0.3169650137424469
29	0.13824234902858734	0.1436169147491455	0.31770724058151245
30	0.13739866018295288	0.1434209793806076	0.31869226694107056
31	0.13664449751377106	0.14312821626663208	0.3206522762775421
32	0.1375727504491806	0.14322873950004578	0.32185694575309753
33	0.13740947842597961	0.14309468865394592	0.3231474757194519
34	0.13733255863189697	0.14289957284927368	0.3247544765472412
35	0.13654319941997528	0.14261120557785034	0.32541128993034363
36	0.13470090925693512	0.14249207079410553	0.3273284137248993
37	0.13557039201259613	0.14250633120536804	0.3287069797515869
38	0.13526862859725952	0.14247740805149078	0.3303854763507843
39	0.13591787219047546	0.14272454380989075	0.32777127623558044
40	0.13575683534145355	0.1426851600408554	0.32997506856918335
41	0.134628564119339	0.14278796315193176	0.3309983015060425
42	0.13361972570419312	0.14248038828372955	0.3392649292945862
43	0.13377709686756134	0.14245976507663727	0.3415098786354065
44	0.1336272805929184	0.1426451951265335	0.3460046648979187
45	0.13336703181266785	0.1422804743051529	0.3506506383419037
46	0.1336158663034439	0.1423845738172531	0.34923431277275085
47	0.13214841485023499	0.14240813255310059	0.3508504331111908
48	0.13351137936115265	0.14244186878204346	0.35228776931762695
49	0.13325197994709015	0.1425565630197525	0.3526107668876648
50	0.13313132524490356	0.14235852658748627	0.35760772228240967
51	0.13335180282592773	0.14231739938259125	0.36053240299224854
52	0.1317129135131836	0.14232392609119415	0.3621480464935303
53	0.13197331130504608	0.1422807276248932	0.3640497624874115
54	0.13218167424201965	0.1421634554862976	0.36589515209198
55	0.13271448016166687	0.1421995908021927	0.36596426367759705
56	0.13010066747665405	0.14209076762199402	0.3669648766517639
57	0.13137765228748322	0.1422259360551834	0.36805275082588196
58	0.12921671569347382	0.14190630614757538	0.36919233202934265
59	0.13028942048549652	0.14201676845550537	0.36869943141937256
60	0.13168968260288239	0.14189539849758148	0.36850816011428833
61	0.13010776042938232	0.1416175663471222	0.36730220913887024
62	0.12813431024551392	0.1412895917892456	0.3668437600135803
63	0.1310780793428421	0.140569806098938	0.3650951385498047
64	0.12991705536842346	0.14040949940681458	0.3644614815711975
65	0.1281583160161972	0.1405116766691208	0.3636571168899536
66	0.13156010210514069	0.14111275970935822	0.3591085970401764
67	0.1297394186258316	0.14118216931819916	0.3627161383628845
68	0.1294620931148529	0.1415046900510788	0.3634165823459625
69	0.12975047528743744	0.14183613657951355	0.3613746166229248
70	0.13031116127967834	0.14224162697792053	0.3605785667896271
71	0.12998603284358978	0.142503023147583	0.36023375391960144
72	0.12814374268054962	0.14253725111484528	0.36269861459732056
73	0.12825176119804382	0.14256858825683594	0.36381903290748596
74	0.12958642840385437	0.14270932972431183	0.37012362480163574
75	0.12945683300495148	0.1426025927066803	0.37152376770973206
76	0.12768372893333435	0.14260031282901764	0.36724552512168884
77	0.1279890239238739	0.1422925442457199	0.36994799971580505
78	0.1286284476518631	0.1425624042749405	0.36933574080467224
79	0.12678861618041992	0.1423531472682953	0.37231355905532837
80	0.12806352972984314	0.14245611429214478	0.36985528469085693
81	0.12819641828536987	0.14231733977794647	0.37086156010627747
82	0.1268790066242218	0.14220304787158966	0.3733338713645935
83	0.12821519374847412	0.14210514724254608	0.3758573830127716
84	0.12703953683376312	0.14199186861515045	0.37778595089912415
85	0.1252417266368866	0.14211517572402954	0.3768692910671234
86	0.12634748220443726	0.14193101227283478	0.37589195370674133
87	0.12544557452201843	0.14227615296840668	0.38302600383758545
88	0.12616150081157684	0.1423269808292389	0.38369905948638916
89	0.12543582916259766	0.14233724772930145	0.3857504725456238
90	0.1254785656929016	0.14175945520401	0.38679608702659607
91	0.12461651861667633	0.14089760184288025	0.3936060070991516
92	0.12297353893518448	0.14067573845386505	0.39487743377685547
93	0.1245969831943512	0.14071212708950043	0.3910602629184723
94	0.12421832978725433	0.1405913382768631	0.3981880247592926
95	0.12539730966091156	0.1404888927936554	0.3931492865085602
96	0.12404171377420425	0.14024335145950317	0.39833489060401917
97	0.12378139793872833	0.139801025390625	0.4014522135257721
98	0.1223258227109909	0.13964389264583588	0.4053277373313904
99	0.1239844411611557	0.1397937685251236	0.40686240792274475
100	0.12420292943716049	0.13981378078460693	0.41003894805908203
101	0.12518790364265442	0.14012902975082397	0.4107014238834381
102	0.12338034063577652	0.1402585357427597	0.41020873188972473
103	0.1232941672205925	0.14042064547538757	0.4106040298938751
104	0.1250361204147339	0.14049816131591797	0.4081798791885376
105	0.12253577262163162	0.140298530459404	0.40572643280029297
106	0.12230199575424194	0.13981273770332336	0.40792855620384216
107	0.12493003904819489	0.13955473899841309	0.40969032049179077
108	0.12427081167697906	0.13941222429275513	0.4082937240600586
109	0.12304788082838058	0.13956347107887268	0.40014582872390747
110	0.12423262745141983	0.13985277712345123	0.39570125937461853
111	0.12306027114391327	0.14071063697338104	0.3961404860019684
112	0.12318210303783417	0.14111657440662384	0.39633825421333313
113	0.1234782487154007	0.14203204214572906	0.3840014636516571
114	0.12356451898813248	0.14222966134548187	0.3822810649871826
115	0.1246473640203476	0.14144624769687653	0.3966914415359497
116	0.12203268706798553	0.14052420854568481	0.4083341956138611
117	0.12283401936292648	0.13902658224105835	0.4118715524673462
118	0.1221010684967041	0.13825535774230957	0.4059998691082001
119	0.12255963683128357	0.13865144550800323	0.38288843631744385
120	0.1235746219754219	0.1384809911251068	0.38219285011291504
121	0.12583336234092712	0.13949044048786163	0.3744013011455536
122	0.12444817274808884	0.14059075713157654	0.3721804916858673
123	0.12240587174892426	0.14175240695476532	0.3685065805912018
124	0.12344684451818466	0.14248020946979523	0.375797301530838
125	0.12182917445898056	0.14256714284420013	0.37801140546798706
126	0.12317857146263123	0.1422298699617386	0.39251086115837097
127	0.12383047491312027	0.14187096059322357	0.3966597318649292
128	0.12270792573690414	0.14112605154514313	0.39858752489089966
129	0.12191831320524216	0.14031270146369934	0.4008144438266754
130	0.1219906285405159	0.13949182629585266	0.4022054970264435
131	0.12196166068315506	0.13859017193317413	0.40547430515289307
132	0.12039525806903839	0.1377943456172943	0.4074619710445404
133	0.12216160446405411	0.13725529611110687	0.4118809700012207
134	0.12016097456216812	0.1372603476047516	0.41780635714530945
135	0.12013526260852814	0.13765542209148407	0.41891366243362427
136	0.12142942100763321	0.138055220246315	0.42218080163002014
137	0.12047704309225082	0.13892638683319092	0.41982170939445496
138	0.11916497349739075	0.1394377499818802	0.418017715215683
139	0.12026222795248032	0.13960739970207214	0.4192589819431305
140	0.11908621340990067	0.13986654579639435	0.41969555616378784
141	0.12102043628692627	0.139892578125	0.41913333535194397
142	0.12099108844995499	0.13955233991146088	0.41875430941581726
143	0.11976940184831619	0.1397290974855423	0.4079534411430359
144	0.11840616911649704	0.14025112986564636	0.40366441011428833
145	0.1204405352473259	0.13857394456863403	0.4128047525882721
146	0.11851407587528229	0.1376059651374817	0.42127156257629395
147	0.11829604208469391	0.13748930394649506	0.41935980319976807
148	0.11706674844026566	0.1378680318593979	0.4178311228752136
149	0.11765000969171524	0.13881683349609375	0.40798449516296387
150	0.11751385778188705	0.13985471427440643	0.4093780815601349
151	0.11802759021520615	0.14011730253696442	0.4080066978931427
152	0.11807677894830704	0.14050336182117462	0.4073425233364105
153	0.11848685145378113	0.14080558717250824	0.40628811717033386
154	0.11746583133935928	0.14098778367042542	0.4041839838027954
155	0.11822842806577682	0.1410781890153885	0.3995641767978668
156	0.11671909689903259	0.14083226025104523	0.39828720688819885
157	0.11714579164981842	0.14092841744422913	0.3914375603199005
158	0.11794092506170273	0.14054200053215027	0.3926882743835449
159	0.11718694865703583	0.14016622304916382	0.3939236104488373
160	0.11566252261400223	0.13986898958683014	0.3946565091609955
161	0.11777721345424652	0.1396191120147705	0.39609044790267944
162	0.11603622138500214	0.13935242593288422	0.399980753660202
163	0.11559240520000458	0.13941878080368042	0.4014577269554138
164	0.11728906631469727	0.13967987895011902	0.4009225070476532
165	0.11710800975561142	0.13999418914318085	0.39989712834358215
166	0.11545643210411072	0.1401997208595276	0.40049126744270325
167	0.11601485311985016	0.14014190435409546	0.401926189661026
168	0.1157168596982956	0.14000898599624634	0.40048161149024963
169	0.11619565635919571	0.139678955078125	0.4058314263820648
170	0.11478430032730103	0.1395815759897232	0.40400949120521545
171	0.11659158021211624	0.13972128927707672	0.4017517864704132
172	0.11640611290931702	0.14009614288806915	0.3942440450191498
173	0.11585687845945358	0.13990864157676697	0.3947402238845825
174	0.1152137890458107	0.13998346030712128	0.3918894827365875
175	0.11614225804805756	0.1400909125804901	0.39180901646614075
176	0.1152300089597702	0.14038285613059998	0.3914965093135834
177	0.11534681171178818	0.14064742624759674	0.3900371789932251
178	0.11463180929422379	0.1406441479921341	0.39016032218933105
179	0.11606237292289734	0.1401536762714386	0.4053158462047577
180	0.11511204391717911	0.1402355432510376	0.4034198224544525
181	0.11545757949352264	0.14015710353851318	0.398975133895874
182	0.11489569395780563	0.13998879492282867	0.3990243971347809
183	0.11583977937698364	0.13999126851558685	0.399284690618515
184	0.11645296216011047	0.1398259997367859	0.40424007177352905
185	0.11593935638666153	0.13971874117851257	0.40566202998161316
186	0.11473407596349716	0.13993340730667114	0.4038427770137787
187	0.11797087639570236	0.13985800743103027	0.403378963470459
188	0.1140521839261055	0.13971081376075745	0.4032122492790222
189	0.11348718404769897	0.1392917037010193	0.40495526790618896
190	0.11488138884305954	0.13912007212638855	0.4049932062625885
191	0.11530351638793945	0.13916176557540894	0.4045243263244629
192	0.11313673108816147	0.13939888775348663	0.40709030628204346
193	0.11396376043558121	0.13930918276309967	0.4149148166179657
194	0.11447921395301819	0.1391095221042633	0.41900748014450073
195	0.1133502870798111	0.13915397226810455	0.421764612197876
196	0.11456655710935593	0.13885368406772614	0.43029823899269104
197	0.11474215984344482	0.13833968341350555	0.4326803982257843
198	0.11451863497495651	0.13761772215366364	0.4332258403301239
199	0.11424436420202255	0.1376119703054428	0.42624151706695557
200	0.113150954246521	0.13755953311920166	0.42532703280448914
201	0.11209098249673843	0.1376028060913086	0.42480331659317017
202	0.11344229429960251	0.1379106491804123	0.4237341284751892
203	0.1121930181980133	0.13835199177265167	0.42148923873901367
204	0.11397906392812729	0.13868308067321777	0.41925111413002014
205	0.1135333701968193	0.13900554180145264	0.4166809320449829
206	0.11497043073177338	0.1389460414648056	0.41452524065971375
207	0.11209189891815186	0.13861030340194702	0.4151526391506195
208	0.11259667575359344	0.13843117654323578	0.411711186170578
209	0.11372432112693787	0.13826537132263184	0.40997734665870667
210	0.11283042281866074	0.13810746371746063	0.4117594361305237
211	0.11182965338230133	0.13808542490005493	0.4125469923019409
212	0.11269009113311768	0.13847434520721436	0.41663020849227905
213	0.11340087652206421	0.13874663412570953	0.4179508090019226
214	0.11263828724622726	0.13856777548789978	0.42203086614608765
215	0.11078523844480515	0.1385013610124588	0.42038416862487793
216	0.11237343400716782	0.13816635310649872	0.42343616485595703
217	0.11216136813163757	0.13760699331760406	0.4308159649372101
218	0.11087271571159363	0.1372944861650467	0.4348052442073822
219	0.11125845462083817	0.13737300038337708	0.42991936206817627
220	0.11218934506177902	0.1370132565498352	0.43516331911087036
221	0.11023867130279541	0.13694393634796143	0.4335382282733917
222	0.1096230298280716	0.1367834359407425	0.43492981791496277
223	0.11235392093658447	0.1365203857421875	0.4348241090774536
224	0.11195669323205948	0.1363823562860489	0.4361587166786194
225	0.1095721647143364	0.13666319847106934	0.4342934191226959
226	0.11159642040729523	0.13683737814426422	0.4333747327327728
227	0.11089849472045898	0.13700756430625916	0.425811231136322
228	0.11095067858695984	0.13527940213680267	0.4285692572593689
229	0.11164510250091553	0.13645975291728973	0.4178655743598938
230	0.11418226361274719	0.1364688277244568	0.42220669984817505
231	0.11258642375469208	0.1371314823627472	0.4257589876651764
232	0.11183091998100281	0.13832637667655945	0.4215568006038666
233	0.11187289655208588	0.1388404220342636	0.4202605187892914
234	0.11334680765867233	0.13942468166351318	0.4150882065296173
235	0.11277510970830917	0.1386917531490326	0.41510653495788574
236	0.11219357699155807	0.13799941539764404	0.41593697667121887
237	0.11159242689609528	0.13668762147426605	0.42753735184669495
238	0.11126311123371124	0.13585563004016876	0.4298963248729706
239	0.11035730689764023	0.13561537861824036	0.4300333261489868
240	0.1106175035238266	0.13611647486686707	0.4277418255805969
241	0.11103954911231995	0.13650193810462952	0.42861828207969666
242	0.1106233298778534	0.13679897785186768	0.4356071352958679
243	0.10981787741184235	0.13722237944602966	0.4400995969772339
244	0.10984417051076889	0.13701015710830688	0.44650912284851074
245	0.1084226444363594	0.13687343895435333	0.4507560729980469
246	0.11161962151527405	0.13687121868133545	0.45192089676856995
247	0.10975122451782227	0.13698506355285645	0.4491081237792969
248	0.11147721111774445	0.13697046041488647	0.4468507766723633
249	0.11021677404642105	0.1371781826019287	0.44371482729911804
250	0.10796692222356796	0.1374109536409378	0.44240379333496094
251	0.11089195311069489	0.13689130544662476	0.44038447737693787
252	0.10863283276557922	0.13695532083511353	0.43853411078453064
253	0.10897383838891983	0.1372315138578415	0.4371662735939026
254	0.10956042259931564	0.13754497468471527	0.43842917680740356
255	0.1101398915052414	0.1379818469285965	0.4389505386352539
256	0.10860490798950195	0.1371496319770813	0.4430844187736511
257	0.10948191583156586	0.13642695546150208	0.4475504159927368
258	0.10905342549085617	0.13573302328586578	0.44973522424697876
259	0.10885445773601532	0.13536208868026733	0.45181161165237427
260	0.10862182825803757	0.13530702888965607	0.452331006526947
261	0.10840970277786255	0.13606202602386475	0.44394004344940186
262	0.11030292510986328	0.13664303719997406	0.4392087161540985
263	0.10715890675783157	0.13696160912513733	0.4379991292953491
264	0.10779722034931183	0.13712581992149353	0.4366599917411804
265	0.108540378510952	0.13713452219963074	0.43566468358039856
266	0.1080780103802681	0.13705073297023773	0.43520307540893555
267	0.10613211244344711	0.1370917558670044	0.4335120618343353
268	0.1077558696269989	0.13703995943069458	0.43310868740081787
269	0.10759356617927551	0.1364307552576065	0.4384083151817322
270	0.10899218171834946	0.13613317906856537	0.44226497411727905
271	0.10875137895345688	0.13624265789985657	0.44442787766456604
272	0.10855163633823395	0.13667063415050507	0.4474162459373474
273	0.10686982423067093	0.13702543079853058	0.44657373428344727
274	0.10722069442272186	0.13721057772636414	0.4449405074119568
275	0.10847635567188263	0.13705864548683167	0.44651222229003906
276	0.10809172689914703	0.13667309284210205	0.44638797640800476
277	0.10761560499668121	0.13589823246002197	0.4465957283973694
278	0.10582564771175385	0.13590075075626373	0.44247686862945557
279	0.10725118219852448	0.1355636864900589	0.4439687430858612
280	0.1081995964050293	0.1357535421848297	0.44186022877693176
281	0.10738932341337204	0.13622230291366577	0.4389662742614746
282	0.10599421709775925	0.1366460621356964	0.4385407567024231
283	0.10760581493377686	0.13624431192874908	0.4464048147201538
284	0.10525775700807571	0.1362602263689041	0.4478129744529724
285	0.10770223289728165	0.1361193209886551	0.4588124454021454
286	0.10718975961208344	0.13448503613471985	0.4642130732536316
287	0.10596361756324768	0.13370418548583984	0.466787189245224
288	0.10608278959989548	0.13356076180934906	0.4577435851097107
289	0.1057390421628952	0.13341106474399567	0.4587765336036682
290	0.10582657158374786	0.1336095929145813	0.4598386883735657
291	0.10788144916296005	0.13374000787734985	0.4641861915588379
292	0.10603291541337967	0.13414466381072998	0.46557971835136414
293	0.10616864264011383	0.1351219117641449	0.45687371492385864
294	0.10542967915534973	0.1350926160812378	0.4569684565067291
295	0.10598671436309814	0.13491259515285492	0.45820415019989014
296	0.1066771075129509	0.13459956645965576	0.45842432975769043
297	0.10550040006637573	0.13367605209350586	0.4612759053707123
298	0.1055835634469986	0.1333584189414978	0.46241089701652527
299	0.10464027523994446	0.13312864303588867	0.4662230610847473
300	0.10479342192411423	0.13332919776439667	0.46217724680900574
301	0.10566239058971405	0.13394232094287872	0.45777401328086853
302	0.105449378490448	0.134515181183815	0.4540739953517914
303	0.10420321673154831	0.1347348392009735	0.4535893499851227
304	0.10538778454065323	0.1356503814458847	0.44834190607070923
305	0.1042693555355072	0.13575689494609833	0.44750750064849854
306	0.10559280961751938	0.1355741024017334	0.4481757581233978
307	0.10629072040319443	0.13606034219264984	0.44192272424697876
308	0.10574979335069656	0.13673938810825348	0.44318485260009766
309	0.10634127259254456	0.136742502450943	0.44242578744888306
310	0.10604222118854523	0.13613300025463104	0.4459384083747864
311	0.10485222935676575	0.13572105765342712	0.4499146640300751
312	0.10588539391756058	0.13553833961486816	0.4558281898498535
313	0.10615358501672745	0.13612890243530273	0.4496144950389862
314	0.10689988732337952	0.13606004416942596	0.45203617215156555
315	0.10536736249923706	0.13457274436950684	0.46277475357055664
316	0.10728450119495392	0.13345728814601898	0.46664366126060486
317	0.10567168891429901	0.1332668513059616	0.4637877345085144
318	0.10627841204404831	0.13329830765724182	0.4650876522064209
319	0.10560933500528336	0.133916974067688	0.46514901518821716
320	0.10591665655374527	0.1344417929649353	0.46101853251457214
321	0.10509917885065079	0.13455824553966522	0.4623472988605499
322	0.10463408380746841	0.13500496745109558	0.4618951976299286
323	0.10365057736635208	0.1349455714225769	0.4614925980567932
324	0.104451023042202	0.1347952038049698	0.45895126461982727
325	0.10442262887954712	0.13401085138320923	0.45435386896133423
326	0.10345432162284851	0.13413706421852112	0.45027026534080505
327	0.10328104346990585	0.13344979286193848	0.45411136746406555
328	0.10292430967092514	0.13382524251937866	0.4521486759185791
329	0.10317405313253403	0.13407064974308014	0.4535455107688904
330	0.10289034247398376	0.134356290102005	0.4542003870010376
331	0.10222463309764862	0.134002223610878	0.4631876051425934
332	0.1034962609410286	0.13397252559661865	0.4652371108531952
333	0.10200848430395126	0.1337166428565979	0.46758025884628296
334	0.10286004096269608	0.13316640257835388	0.4709514081478119
335	0.10345596820116043	0.13275790214538574	0.47336745262145996
336	0.1022428646683693	0.1324276179075241	0.4756888449192047
337	0.1016705185174942	0.13201797008514404	0.4797843098640442
338	0.1039937436580658	0.13252568244934082	0.47881460189819336
339	0.10129706561565399	0.13273052871227264	0.4770106375217438
340	0.10143601149320602	0.1328747272491455	0.47731444239616394
341	0.10218194127082825	0.1331356167793274	0.47449663281440735
342	0.10406124591827393	0.1331879049539566	0.4734025299549103
343	0.10177315026521683	0.1329653412103653	0.47252732515335083
344	0.10255027562379837	0.13271765410900116	0.47078436613082886
345	0.10238400101661682	0.13254280388355255	0.47064095735549927
346	0.10262523591518402	0.13285492360591888	0.4686378538608551
347	0.0998699963092804	0.13309207558631897	0.46834802627563477
348	0.10206378996372223	0.13354316353797913	0.4663773477077484
349	0.10231449455022812	0.1337200403213501	0.4650467336177826
350	0.10152436047792435	0.13358698785305023	0.463763028383255
351	0.10082732141017914	0.13325156271457672	0.4632796347141266
352	0.10119006037712097	0.13294535875320435	0.4645189046859741
353	0.1017574593424797	0.13286906480789185	0.46524906158447266
354	0.10180054605007172	0.13288074731826782	0.46610549092292786
355	0.10167334973812103	0.13358758389949799	0.46418526768684387
356	0.10060574114322662	0.1337532252073288	0.46538034081459045
357	0.1027163490653038	0.13383609056472778	0.46531808376312256
358	0.10057153552770615	0.13355006277561188	0.46438470482826233
359	0.10043516755104065	0.13307026028633118	0.463889479637146
360	0.10197175294160843	0.13267561793327332	0.4644091725349426
361	0.10140980780124664	0.13251453638076782	0.4676491916179657
362	0.10248392820358276	0.13269683718681335	0.4714641869068146
363	0.10014641284942627	0.13317948579788208	0.47403523325920105
364	0.09937270730733871	0.13345208764076233	0.47614046931266785
365	0.10017548501491547	0.13320620357990265	0.47885075211524963
366	0.1005806028842926	0.13279135525226593	0.4814204275608063
367	0.10084138065576553	0.13207226991653442	0.4842787981033325
368	0.099391408264637	0.1314350962638855	0.4874081611633301
369	0.09952999651432037	0.1309983879327774	0.4911099672317505
370	0.10144487023353577	0.13096587359905243	0.49395298957824707
371	0.09992345422506332	0.13178493082523346	0.490020215511322
372	0.10090959072113037	0.13215520977973938	0.49102863669395447
373	0.09911768138408661	0.13248050212860107	0.49108412861824036
374	0.09955352544784546	0.1321927309036255	0.4915420413017273
375	0.09932195395231247	0.13179945945739746	0.4915991425514221
376	0.0991545021533966	0.13160663843154907	0.4894886016845703
377	0.09820641577243805	0.13162477314472198	0.4857806861400604
378	0.0992957353591919	0.1318499594926834	0.4820816218852997
379	0.09900074452161789	0.1320982128381729	0.47934362292289734
380	0.09843143820762634	0.1323237419128418	0.4791715145111084
381	0.09716866910457611	0.13264787197113037	0.4803171157836914
382	0.09834863990545273	0.13272681832313538	0.4818075895309448
383	0.09877967834472656	0.13254033029079437	0.48344752192497253
384	0.09889433532953262	0.13214735686779022	0.4836655557155609
385	0.09990357607603073	0.13185402750968933	0.4832562804222107
386	0.0983298048377037	0.13176341354846954	0.48334887623786926
387	0.09864352643489838	0.13178828358650208	0.484369158744812
388	0.09836938977241516	0.13216632604599	0.48478245735168457
389	0.09898646920919418	0.13266773521900177	0.48342445492744446
390	0.09805503487586975	0.1331363469362259	0.48095962405204773
391	0.09710638970136642	0.13335222005844116	0.4777362644672394
392	0.09771614521741867	0.13330192863941193	0.4749937355518341
393	0.09650418907403946	0.13300193846225739	0.4740004241466522
394	0.09766167402267456	0.1325041502714157	0.4753108322620392
395	0.09677761793136597	0.13222196698188782	0.47663724422454834
396	0.09729135781526566	0.13203415274620056	0.4785946011543274
397	0.09841866046190262	0.13199220597743988	0.47994181513786316
398	0.09833047538995743	0.13208729028701782	0.48219218850135803
399	0.09546475112438202	0.13205955922603607	0.48541566729545593
400	0.09828048199415207	0.13185645639896393	0.4877922534942627
401	0.09631220996379852	0.13150888681411743	0.48961570858955383
402	0.09763303399085999	0.13126792013645172	0.4918306767940521
403	0.09641458839178085	0.13103866577148438	0.49401143193244934
404	0.0974232628941536	0.13101612031459808	0.4972516894340515
405	0.09714125096797943	0.13119995594024658	0.49870461225509644
406	0.09797270596027374	0.13140371441841125	0.4988655149936676
407	0.09653832018375397	0.13157516717910767	0.49693530797958374
408	0.09640251845121384	0.13162657618522644	0.49454307556152344
409	0.09700547158718109	0.1315447986125946	0.4924685060977936
410	0.09633661061525345	0.13162659108638763	0.4902743101119995
411	0.09650901705026627	0.1317785382270813	0.48778215050697327
412	0.09652899950742722	0.1319381147623062	0.4852010905742645
413	0.09592009335756302	0.13207603991031647	0.48411232233047485
414	0.09537599980831146	0.1321559101343155	0.4843078553676605
415	0.09651502966880798	0.13218317925930023	0.4840429723262787
416	0.09585028886795044	0.13216495513916016	0.48283153772354126
417	0.09491806477308273	0.13216397166252136	0.482952356338501
418	0.09738579392433167	0.13212907314300537	0.4849488139152527
419	0.09587622433900833	0.13207799196243286	0.4868747591972351
420	0.09596265852451324	0.1320120245218277	0.48997005820274353
421	0.0962025374174118	0.13191330432891846	0.49414801597595215
422	0.0956357941031456	0.13176114857196808	0.4983142614364624
423	0.09550400078296661	0.13162308931350708	0.5006166696548462
424	0.09496814012527466	0.13168178498744965	0.5010120272636414
425	0.09508473426103592	0.13187335431575775	0.499840646982193
426	0.09566768258810043	0.13190072774887085	0.49833714962005615
427	0.09726657718420029	0.1317042112350464	0.4953508973121643
428	0.0948920026421547	0.131619393825531	0.4912108778953552
429	0.09463736414909363	0.13164733350276947	0.4870615005493164
430	0.09561775624752045	0.13184434175491333	0.4835994243621826
431	0.09413599222898483	0.13212443888187408	0.483521044254303
432	0.09514687210321426	0.13235530257225037	0.4853222668170929
433	0.09544871002435684	0.13244858384132385	0.4877893626689911
434	0.0957937091588974	0.13208936154842377	0.4915497303009033
435	0.09462561458349228	0.13152045011520386	0.4945436418056488
436	0.09480594098567963	0.13106824457645416	0.49703091382980347
437	0.09453880041837692	0.13079220056533813	0.5005683302879333
438	0.09395173192024231	0.13063360750675201	0.5027675032615662
439	0.0938258171081543	0.13056235015392303	0.505712628364563
440	0.0956239253282547	0.13063347339630127	0.5065274834632874
441	0.09331962466239929	0.1308586299419403	0.504978358745575
442	0.09453720599412918	0.13114750385284424	0.5015219449996948
443	0.09479483962059021	0.1313740611076355	0.49788495898246765
444	0.09329944849014282	0.131682351231575	0.49422377347946167
445	0.09352222830057144	0.13192404806613922	0.49104687571525574
446	0.09404473006725311	0.13205048441886902	0.48886221647262573
447	0.09406912326812744	0.13214778900146484	0.48627912998199463
448	0.09343717992305756	0.13214485347270966	0.48531484603881836
449	0.09304268658161163	0.13207349181175232	0.4867684841156006
450	0.09351008385419846	0.13194957375526428	0.48927778005599976
451	0.09381625801324844	0.13182927668094635	0.49261850118637085
452	0.09416389465332031	0.13167612254619598	0.49698346853256226
453	0.09303352981805801	0.13152675330638885	0.5020641088485718
454	0.09515835344791412	0.13129763305187225	0.5062271952629089
455	0.0935135930776596	0.13095594942569733	0.5087173581123352
456	0.09369707107543945	0.13066212832927704	0.5098253488540649
457	0.09257948398590088	0.13068652153015137	0.508371114730835
458	0.0949694812297821	0.1307907998561859	0.5065767168998718
459	0.09329939633607864	0.1310877799987793	0.5034287571907043
460	0.09417987614870071	0.13131259381771088	0.5011530518531799
461	0.09449903666973114	0.13144245743751526	0.49919742345809937
462	0.09173369407653809	0.13146768510341644	0.49841639399528503
463	0.09273354709148407	0.13143979012966156	0.4983651041984558
464	0.09375607967376709	0.13136406242847443	0.4992993474006653
465	0.09288886934518814	0.13127288222312927	0.4999781847000122
466	0.09164068847894669	0.13121184706687927	0.4996827244758606
467	0.09157475084066391	0.1312076300382614	0.49915942549705505
468	0.09244241565465927	0.13116802275180817	0.5009251832962036
469	0.09192687273025513	0.1312127709388733	0.5018166303634644
470	0.09231734275817871	0.13131505250930786	0.5012336373329163
471	0.09241077303886414	0.1312864124774933	0.5004633069038391
472	0.09311364591121674	0.13113883137702942	0.500003457069397
473	0.09330401569604874	0.13110093772411346	0.49969106912612915
474	0.09293782711029053	0.13110609352588654	0.49969276785850525
475	0.09133876115083694	0.1310090571641922	0.5000502467155457
476	0.09158556908369064	0.13096962869167328	0.4990510642528534
477	0.09295311570167542	0.13131079077720642	0.4955042004585266
478	0.09177332371473312	0.13145045936107635	0.4933111369609833
479	0.09143774956464767	0.13100847601890564	0.4957806468009949
480	0.09187004715204239	0.1306692659854889	0.4978983700275421
481	0.09134206175804138	0.13052287697792053	0.4990606904029846
482	0.09169046580791473	0.13041061162948608	0.5013478398323059
483	0.09112022072076797	0.13023923337459564	0.504080057144165
484	0.0915985107421875	0.1299619972705841	0.5071107149124146
485	0.09209435433149338	0.13001421093940735	0.5077671408653259
486	0.09099552780389786	0.13058288395404816	0.5029606819152832
487	0.09106197953224182	0.13063114881515503	0.5024402737617493
488	0.09140706062316895	0.1305513083934784	0.5042685866355896
489	0.0905519351363182	0.13057412207126617	0.5057226419448853
490	0.09011650085449219	0.13051342964172363	0.5087825655937195
491	0.09074550867080688	0.1304320991039276	0.5106571316719055
492	0.09215069562196732	0.13039904832839966	0.5119192004203796
493	0.0908302441239357	0.13054600358009338	0.5111545324325562
494	0.09197463095188141	0.13082195818424225	0.5070808529853821
495	0.09029720723628998	0.1310754418373108	0.5021089315414429
496	0.09115081280469894	0.13138283789157867	0.4973723590373993
497	0.09149252623319626	0.13160161674022675	0.4953096807003021
498	0.0914420336484909	0.13177384436130524	0.49407315254211426
499	0.09087909758090973	0.13178542256355286	0.4943976104259491
500	0.09098024666309357	0.1316847801208496	0.4953462779521942
501	0.08948051184415817	0.1315843164920807	0.49716129899024963
502	0.09052424877882004	0.13139863312244415	0.49905067682266235
503	0.09010856598615646	0.13123810291290283	0.5003889799118042
504	0.08957895636558533	0.1311459243297577	0.5010616779327393
505	0.0904407948255539	0.13103894889354706	0.5033217668533325
506	0.09005868434906006	0.13088008761405945	0.5055328011512756
507	0.09119368344545364	0.13085578382015228	0.5057743191719055
508	0.09051220118999481	0.130866140127182	0.5055335164070129
509	0.08968150615692139	0.13088908791542053	0.5053424835205078
510	0.09006599336862564	0.13067857921123505	0.508073627948761
511	0.08967118710279465	0.13036559522151947	0.5119261145591736
512	0.08993285149335861	0.130069762468338	0.5150370597839355
513	0.0893920361995697	0.12980738282203674	0.5171324610710144
514	0.08880294859409332	0.12969650328159332	0.5177860260009766
515	0.08945277333259583	0.1296466737985611	0.5174628496170044
516	0.08917003124952316	0.1296253800392151	0.5174141526222229
517	0.08881089091300964	0.12965983152389526	0.5185174345970154
518	0.08949761837720871	0.1296391487121582	0.5209997296333313
519	0.08900108933448792	0.12976200878620148	0.5210137367248535
520	0.08899401128292084	0.12982910871505737	0.5198180079460144
521	0.08876558393239975	0.12971284985542297	0.5197706818580627
522	0.08838608115911484	0.12962955236434937	0.5191235542297363
523	0.08784502744674683	0.12969541549682617	0.5164781808853149
524	0.0899464339017868	0.1297030746936798	0.51377934217453
525	0.09006234258413315	0.12978972494602203	0.5125727653503418
526	0.0899035856127739	0.13001282513141632	0.5110692977905273
527	0.0890437513589859	0.13019728660583496	0.5095925331115723
528	0.08971183747053146	0.13018733263015747	0.5112621188163757
529	0.0907483771443367	0.1301574409008026	0.5125212073326111
530	0.08973603695631027	0.13016878068447113	0.5128531455993652
531	0.0878407210111618	0.1301496922969818	0.5135907530784607
532	0.08875313401222229	0.13007377088069916	0.5132020115852356
533	0.08691667020320892	0.12996987998485565	0.514068603515625
534	0.08837474882602692	0.12995849549770355	0.5137451887130737
535	0.08862227201461792	0.13003961741924286	0.512502133846283
536	0.08752266317605972	0.1301765739917755	0.5112623572349548
537	0.08873704820871353	0.1302432417869568	0.511252224445343
538	0.08881938457489014	0.13037177920341492	0.5095996260643005
539	0.0879746675491333	0.1304127275943756	0.5081624388694763
540	0.08730240166187286	0.13028199970722198	0.5082370042800903
541	0.08823180198669434	0.13011781871318817	0.5101693272590637
542	0.08733488619327545	0.13004057109355927	0.5119260549545288
543	0.0877026692032814	0.12992335855960846	0.514660120010376
544	0.0878700539469719	0.1297844648361206	0.5175775289535522
545	0.08739297091960907	0.12983189523220062	0.5187070369720459
546	0.08679663389921188	0.1298452466726303	0.5197941064834595
547	0.08739686012268066	0.12985998392105103	0.5179910659790039
548	0.0871979296207428	0.12987428903579712	0.5159531831741333
549	0.08800344169139862	0.13000904023647308	0.5137127637863159
550	0.08810840547084808	0.1299106925725937	0.5153568983078003
551	0.0859697237610817	0.12973421812057495	0.5192503929138184
552	0.08727852255105972	0.12962384521961212	0.5213890075683594
553	0.08743198961019516	0.129458487033844	0.5234524011611938
554	0.08655742555856705	0.1292014718055725	0.5252647995948792
555	0.08639712631702423	0.12902408838272095	0.5251583456993103
556	0.08654776960611343	0.12884454429149628	0.5262138843536377
557	0.0870545357465744	0.12889724969863892	0.5262869596481323
558	0.08662951737642288	0.12902016937732697	0.5262946486473083
559	0.08671512454748154	0.1292521208524704	0.52366042137146
560	0.08687236905097961	0.12937180697917938	0.5218236446380615
561	0.08622501790523529	0.12953203916549683	0.5193517208099365
562	0.08768828958272934	0.12963496148586273	0.516373336315155
563	0.0856877788901329	0.12923210859298706	0.5176267623901367
564	0.08821609616279602	0.12968730926513672	0.5125194787979126
565	0.08465796709060669	0.1297137290239334	0.5128125548362732
566	0.08679139614105225	0.12968161702156067	0.5150139927864075
567	0.08749260008335114	0.129622220993042	0.5182768702507019
568	0.08560904860496521	0.1295095533132553	0.5210866332054138
569	0.08584853261709213	0.12922732532024384	0.5245654582977295
570	0.08629977703094482	0.12894436717033386	0.5265315771102905
571	0.08611264824867249	0.12876693904399872	0.5271857976913452
572	0.08594756573438644	0.12923608720302582	0.5235046148300171
573	0.08636542409658432	0.128895103931427	0.5259562134742737
574	0.08743554353713989	0.12870730459690094	0.5286043882369995
575	0.08638887852430344	0.1285114586353302	0.5329185128211975
576	0.087250716984272	0.12897928059101105	0.5322160124778748
577	0.0871497243642807	0.1289227157831192	0.531970202922821
578	0.08771250396966934	0.12835152447223663	0.5333199501037598
579	0.0848778709769249	0.12823812663555145	0.5318636894226074
580	0.08669543266296387	0.12822596728801727	0.530560314655304
581	0.08610737323760986	0.12829512357711792	0.5291998386383057
582	0.08599033206701279	0.1284388303756714	0.5277590751647949
583	0.0874246284365654	0.12860852479934692	0.5264851450920105
584	0.08660732954740524	0.1285998672246933	0.5256351232528687
585	0.08648376166820526	0.12901242077350616	0.5211133360862732
586	0.08585440367460251	0.12908835709095	0.5200533866882324
587	0.08628655225038528	0.12902188301086426	0.5194210410118103
588	0.08435747772455215	0.12881603837013245	0.5211389660835266
589	0.08521052449941635	0.12854509055614471	0.5222592353820801
590	0.08497714251279831	0.12892571091651917	0.5194876790046692
591	0.08511383831501007	0.12902005016803741	0.518693208694458
592	0.08627350628376007	0.12901748716831207	0.5204362273216248
593	0.0864047035574913	0.12915430963039398	0.5212143659591675
594	0.08667033910751343	0.12930485606193542	0.5204971432685852
595	0.08511664718389511	0.1291205883026123	0.5203782320022583
596	0.08586008101701736	0.1289384663105011	0.5210777521133423
597	0.08497980982065201	0.12881992757320404	0.5218607783317566
598	0.08562346547842026	0.1287398636341095	0.5244547724723816
599	0.08486784994602203	0.12848031520843506	0.5284978151321411
600	0.08520559966564178	0.12843956053256989	0.5304129123687744
601	0.08481649309396744	0.12852273881435394	0.5313346982002258
602	0.0849883109331131	0.12857270240783691	0.5312536954879761
603	0.08551520109176636	0.12849053740501404	0.5297240018844604
604	0.08487452566623688	0.12875227630138397	0.5259548425674438
605	0.08562566339969635	0.12862445414066315	0.5255958437919617
606	0.08579032123088837	0.12866643071174622	0.5245062112808228
607	0.08308856189250946	0.12865053117275238	0.5253183841705322
608	0.08525604009628296	0.12870168685913086	0.525707483291626
609	0.08430784940719604	0.1284954696893692	0.5274245738983154
610	0.08423066884279251	0.12835277616977692	0.5289427638053894
611	0.08282427489757538	0.1282888948917389	0.5295007824897766
612	0.08299916237592697	0.12851355969905853	0.5272762775421143
613	0.08330042660236359	0.12878403067588806	0.5247888565063477
614	0.08484727889299393	0.12899217009544373	0.5226776599884033
615	0.08424888551235199	0.12921662628650665	0.5211458206176758
616	0.08260834962129593	0.12929388880729675	0.520940363407135
617	0.0851394459605217	0.12948894500732422	0.519522488117218
618	0.08371253311634064	0.12970106303691864	0.5174590945243835
619	0.08410406857728958	0.13016824424266815	0.5130307674407959
620	0.08385258167982101	0.1303979903459549	0.5114145278930664
621	0.08397927135229111	0.13051123917102814	0.511154055595398
622	0.08447440713644028	0.1306067407131195	0.5111972689628601
623	0.08288612216711044	0.13073860108852386	0.5098868608474731
624	0.08426684141159058	0.13043199479579926	0.5142624974250793
625	0.08158238977193832	0.13022980093955994	0.5173570513725281
626	0.08295612037181854	0.13010849058628082	0.5187420845031738
627	0.08376771956682205	0.13001565635204315	0.5187684893608093
628	0.08246203511953354	0.13038113713264465	0.5153955817222595
629	0.08273741602897644	0.13080479204654694	0.5120955109596252
630	0.08204276859760284	0.13098756968975067	0.5099477767944336
631	0.08396802842617035	0.13097243010997772	0.5097736120223999
632	0.0839606299996376	0.13070698082447052	0.5117365121841431
633	0.08285045623779297	0.13033469021320343	0.5148240327835083
634	0.0818307027220726	0.12999898195266724	0.5181983113288879
635	0.08242139220237732	0.1296694427728653	0.5217210054397583
636	0.08349937945604324	0.1294756829738617	0.5242586135864258
637	0.08286523073911667	0.12934161722660065	0.525764524936676
638	0.08272995799779892	0.12932170927524567	0.5258525609970093
639	0.08308190107345581	0.12997578084468842	0.5214979648590088
640	0.08281835168600082	0.13035432994365692	0.5185816287994385
641	0.08375169336795807	0.1304701268672943	0.5179184675216675
642	0.08161338418722153	0.13039346039295197	0.5193100571632385
643	0.08126716315746307	0.1304616928100586	0.5195587873458862
644	0.08314637839794159	0.13075104355812073	0.5183732509613037
645	0.08253925293684006	0.13091586530208588	0.517131507396698
646	0.0820675790309906	0.13096512854099274	0.5152170062065125
647	0.08194395899772644	0.1308860182762146	0.5144363045692444
648	0.08129673451185226	0.13074399530887604	0.5150707960128784
649	0.0825401246547699	0.1305711269378662	0.5170828700065613
650	0.08251505345106125	0.1305670142173767	0.5190826058387756
651	0.08191050589084625	0.13057366013526917	0.5209237933158875
652	0.082929328083992	0.13060428202152252	0.5213249325752258
653	0.0813252180814743	0.13058459758758545	0.5204510688781738
654	0.08309798687696457	0.1305493712425232	0.5177395939826965
655	0.0808858796954155	0.13067851960659027	0.5144633650779724
656	0.08191819489002228	0.13017846643924713	0.5156835317611694
657	0.08138653635978699	0.1304132491350174	0.5133017301559448
658	0.08248511701822281	0.13037733733654022	0.5142434239387512
659	0.08135197311639786	0.13032779097557068	0.5151965022087097
660	0.08137813955545425	0.13024356961250305	0.51607346534729
661	0.08090653270483017	0.1302715390920639	0.5159801840782166
662	0.08096172660589218	0.13039912283420563	0.5151500701904297
663	0.08138971775770187	0.13085590302944183	0.5108965039253235
664	0.08034612983465195	0.1313236802816391	0.506433367729187
665	0.08024144917726517	0.13171811401844025	0.5027589797973633
666	0.08064203709363937	0.13197511434555054	0.5005308985710144
667	0.08277437835931778	0.13193151354789734	0.5008146166801453
668	0.08077379316091537	0.13138356804847717	0.506427526473999
669	0.08125342428684235	0.13060852885246277	0.5138746500015259
670	0.08110707253217697	0.12989193201065063	0.5201913714408875
671	0.0808321014046669	0.12951931357383728	0.523606538772583
672	0.08038603514432907	0.12950734794139862	0.5225558876991272
673	0.08132873475551605	0.12975649535655975	0.5197400450706482
674	0.0804252102971077	0.13009819388389587	0.5162975788116455
675	0.08159933239221573	0.13031135499477386	0.5140949487686157
676	0.08005489408969879	0.13038915395736694	0.51325523853302
677	0.08112890273332596	0.13033461570739746	0.5141361355781555
678	0.08168758451938629	0.13014355301856995	0.5170899629592896
679	0.08057020604610443	0.12985089421272278	0.5207130908966064
680	0.08053003996610641	0.12958739697933197	0.5236945748329163
681	0.0808151513338089	0.12942837178707123	0.5256500840187073
682	0.0793946236371994	0.12956181168556213	0.5246012210845947
683	0.08004151284694672	0.12990394234657288	0.5216814279556274
684	0.08035411685705185	0.13056690990924835	0.515505313873291
685	0.07990285009145737	0.13124500215053558	0.508884072303772
686	0.07993805408477783	0.1316162347793579	0.5054093599319458
687	0.07983966171741486	0.13164664804935455	0.5052867531776428
688	0.08090784400701523	0.13145588338375092	0.5068196654319763
689	0.07955394685268402	0.13084831833839417	0.5125666856765747
690	0.07958898693323135	0.13005749881267548	0.5196206569671631
691	0.08047769218683243	0.12951801717281342	0.5248713493347168
692	0.07982999086380005	0.12918296456336975	0.5281286835670471
693	0.08043063431978226	0.12925203144550323	0.527430534362793
694	0.07992382347583771	0.12958145141601562	0.5238010287284851
695	0.07905936241149902	0.1298864334821701	0.5205158591270447
696	0.07890796661376953	0.13023409247398376	0.5164518356323242
697	0.07963642477989197	0.13053777813911438	0.5123900175094604
698	0.0793800875544548	0.13052649796009064	0.5121590495109558
699	0.07956105470657349	0.13030008971691132	0.5146898627281189
700	0.07891376316547394	0.1299389898777008	0.5187123417854309
701	0.07934461534023285	0.12937112152576447	0.524982750415802
702	0.07843459397554398	0.12887504696846008	0.530893862247467
703	0.0797707810997963	0.1288311630487442	0.5316487550735474
704	0.07954481244087219	0.12921850383281708	0.5283535122871399
705	0.08015867322683334	0.12973523139953613	0.5228975415229797
706	0.0794505625963211	0.1302824467420578	0.51714026927948
707	0.07793096452951431	0.13075774908065796	0.5119715332984924
708	0.08043090999126434	0.13093237578868866	0.5104496479034424
709	0.08009023219347	0.1309707760810852	0.509799599647522
710	0.07775583863258362	0.1308870017528534	0.5112392902374268
711	0.07784111052751541	0.13065190613269806	0.5139209032058716
712	0.07942790538072586	0.13028505444526672	0.5189218521118164
713	0.07748766243457794	0.13014759123325348	0.5227002501487732
714	0.07868006825447083	0.13016578555107117	0.5214782953262329
715	0.07787084579467773	0.13071192800998688	0.5164164304733276
716	0.07921982556581497	0.13119174540042877	0.5120691061019897
717	0.07959385961294174	0.13154928386211395	0.5086418986320496
718	0.07895898818969727	0.13173970580101013	0.5071377754211426
719	0.07728791236877441	0.13166075944900513	0.5080000162124634
720	0.07950686663389206	0.13139192759990692	0.5104021430015564
721	0.0788300558924675	0.13132283091545105	0.5109065175056458
722	0.07853282243013382	0.13094942271709442	0.5142894983291626
723	0.07913926988840103	0.1305079609155655	0.5182731747627258
724	0.07932083308696747	0.13034236431121826	0.519828200340271
725	0.07812374830245972	0.13018672168254852	0.520877480506897
726	0.07788042724132538	0.13025006651878357	0.5198571085929871
727	0.07862913608551025	0.13023334741592407	0.5192221403121948
728	0.0788063183426857	0.13035811483860016	0.5171539783477783
729	0.0792931541800499	0.1304873526096344	0.515593945980072
730	0.07744178920984268	0.13033567368984222	0.5173932909965515
731	0.0778060033917427	0.1301531046628952	0.5197945237159729
732	0.07825827598571777	0.1300070434808731	0.5220985412597656
733	0.07817775011062622	0.13003642857074738	0.5222553014755249
734	0.07689430564641953	0.13014709949493408	0.520136296749115
735	0.07790571451187134	0.13053078949451447	0.515756368637085
736	0.0778869017958641	0.13098739087581635	0.5115357637405396
737	0.07792964577674866	0.13132931292057037	0.5081729888916016
738	0.07639464735984802	0.13164784014225006	0.504733681678772
739	0.07724694907665253	0.13171222805976868	0.503917932510376
740	0.07863693684339523	0.13143324851989746	0.5068127512931824
741	0.07819098234176636	0.13073162734508514	0.5134773850440979
742	0.07807452976703644	0.13009630143642426	0.5195749998092651
743	0.07682668417692184	0.12963922321796417	0.5241973996162415
744	0.077535480260849	0.12937161326408386	0.5270984172821045
745	0.0776408314704895	0.12953069806098938	0.5259495377540588
746	0.07602500170469284	0.12960344552993774	0.5250694155693054
747	0.07652944326400757	0.12980639934539795	0.5239132642745972
748	0.07660547643899918	0.12986721098423004	0.5234779715538025
749	0.07736577093601227	0.12999975681304932	0.5221145749092102
750	0.07676947116851807	0.13034687936306	0.5189462304115295
751	0.07700426131486893	0.13040795922279358	0.5183682441711426
752	0.07832182943820953	0.1301250159740448	0.5203236937522888
753	0.07749392092227936	0.12989138066768646	0.522092878818512
754	0.07712148129940033	0.1297684758901596	0.5243417620658875
755	0.07716464251279831	0.12977612018585205	0.5254475474357605
756	0.07678914815187454	0.1294371783733368	0.5273983478546143
757	0.07595398277044296	0.12903957068920135	0.5295776724815369
758	0.07631869614124298	0.12923972308635712	0.5278968811035156
759	0.07768065482378006	0.129984512925148	0.5216604471206665
760	0.07758001983165741	0.13006199896335602	0.5204882621765137
761	0.07730229198932648	0.1298898309469223	0.5216472744941711
762	0.075980044901371	0.1297377347946167	0.5230693221092224
763	0.0770973488688469	0.12974806129932404	0.5227885842323303
764	0.07657138258218765	0.12939444184303284	0.5262874364852905
765	0.0767957866191864	0.12898841500282288	0.5289865732192993
766	0.07595626264810562	0.12891443073749542	0.5293198227882385
767	0.07738903909921646	0.12912146747112274	0.5283160209655762
768	0.07609037309885025	0.12922516465187073	0.5261051058769226
769	0.07665622234344482	0.1298983246088028	0.520783007144928
770	0.07603729516267776	0.13070154190063477	0.5142900347709656
771	0.07426279783248901	0.13077741861343384	0.5130408406257629
772	0.07631107419729233	0.13067670166492462	0.5141706466674805
773	0.07554222643375397	0.13038142025470734	0.517423689365387
774	0.07511536031961441	0.1297021061182022	0.5239788889884949
775	0.07620492577552795	0.12935452163219452	0.5271190404891968
776	0.07511871308088303	0.12911051511764526	0.5300106406211853
777	0.07651033997535706	0.12887755036354065	0.5319082140922546
778	0.0758701041340828	0.12904755771160126	0.5303550362586975
779	0.07512351870536804	0.12954682111740112	0.5263243317604065
780	0.0750153586268425	0.1299552321434021	0.5232043862342834
781	0.07622326910495758	0.1302175521850586	0.521099328994751
782	0.07615506649017334	0.13017810881137848	0.5199361443519592
783	0.07543782889842987	0.12995238602161407	0.521233856678009
784	0.07602929323911667	0.1296984851360321	0.5231058597564697
785	0.07747757434844971	0.1293049454689026	0.5266386866569519
786	0.07480745762586594	0.12881074845790863	0.5308999419212341
787	0.0754014402627945	0.12839390337467194	0.5347955226898193
788	0.07572948187589645	0.12800852954387665	0.5381436347961426
789	0.07433809340000153	0.12789009511470795	0.5391815304756165
790	0.07474828511476517	0.12792783975601196	0.5387873649597168
791	0.07564517110586166	0.12823717296123505	0.5359249114990234
792	0.07571593672037125	0.1285436600446701	0.53342604637146
793	0.07614701986312866	0.1289341300725937	0.5301468372344971
794	0.07498811185359955	0.12939605116844177	0.5264448523521423
795	0.07590948045253754	0.1296633929014206	0.5246104001998901
796	0.07435986399650574	0.12971045076847076	0.5246820449829102
797	0.0748201310634613	0.12951010465621948	0.5271416902542114
798	0.07502628117799759	0.1292477250099182	0.5304113030433655
799	0.07421110570430756	0.1291700154542923	0.5312837362289429
800	0.07622358202934265	0.12926363945007324	0.529914915561676
801	0.07495295256376266	0.12970282137393951	0.5270032286643982
802	0.07439830899238586	0.1300644725561142	0.5246238708496094
803	0.07542435079813004	0.13002197444438934	0.5244932174682617
804	0.07391083240509033	0.129665344953537	0.5267326831817627
805	0.07477062940597534	0.12944579124450684	0.5286230444908142
806	0.07424629479646683	0.12947504222393036	0.5276907682418823
807	0.07358582317829132	0.12943856418132782	0.5277097821235657
808	0.07449820637702942	0.12917070090770721	0.5300329923629761
809	0.07350431382656097	0.12867525219917297	0.5346004366874695
810	0.074208565056324	0.12834392488002777	0.537445604801178
811	0.07425403594970703	0.1280096173286438	0.5408143401145935
812	0.07368326932191849	0.1277739256620407	0.5428246855735779
813	0.07280828058719635	0.12786811590194702	0.5418739318847656
814	0.07393431663513184	0.12814322113990784	0.5393621325492859
815	0.0743231326341629	0.12858237326145172	0.5349626541137695
816	0.07443017512559891	0.1288604438304901	0.5324669480323792
817	0.07402662932872772	0.12944290041923523	0.5270906090736389
818	0.07369917631149292	0.12979009747505188	0.5234776735305786
819	0.07238460332155228	0.12989205121994019	0.5228395462036133
820	0.07333322614431381	0.12977975606918335	0.5242741107940674
821	0.07211874425411224	0.12938068807125092	0.527711033821106
822	0.07353053241968155	0.12882204353809357	0.5317143201828003
823	0.07273691892623901	0.12839609384536743	0.5355710983276367
824	0.07456299662590027	0.12814749777317047	0.537979006767273
825	0.07327115535736084	0.12809360027313232	0.5385203957557678
826	0.0732726976275444	0.12867100536823273	0.5338618755340576
827	0.0730362981557846	0.12940756976604462	0.5279033780097961
828	0.07335170358419418	0.12969930469989777	0.5247824788093567
829	0.07421763986349106	0.1295372098684311	0.5257384181022644
830	0.07354822009801865	0.12929405272006989	0.5279656648635864
831	0.07299548387527466	0.12896957993507385	0.5312206149101257
832	0.07338140159845352	0.12848666310310364	0.5345816612243652
833	0.07270393520593643	0.1283622831106186	0.5350479483604431
834	0.07382237166166306	0.1286350041627884	0.534432590007782
835	0.07406538724899292	0.12852278351783752	0.5346938371658325
836	0.0727694109082222	0.128535196185112	0.5345385670661926
837	0.07268840819597244	0.12857677042484283	0.5351564884185791
838	0.07278604805469513	0.1286184936761856	0.5353310704231262
839	0.07341765612363815	0.12871800363063812	0.5342766642570496
840	0.07255811989307404	0.12880665063858032	0.5341928005218506
841	0.07322213798761368	0.12914255261421204	0.5322949886322021
842	0.07345473766326904	0.12918893992900848	0.5323157906532288
843	0.07194801419973373	0.1289670169353485	0.5339933037757874
844	0.07290317863225937	0.12873715162277222	0.5360157489776611
845	0.07305319607257843	0.12841446697711945	0.538814902305603
846	0.0715593695640564	0.12799012660980225	0.5428455471992493
847	0.07259805500507355	0.12778513133525848	0.5447866916656494
848	0.07304056733846664	0.12808972597122192	0.5420633554458618
849	0.07208873331546783	0.12874041497707367	0.5359519124031067
850	0.07234054058790207	0.12908481061458588	0.5327271223068237
851	0.07371661067008972	0.12909455597400665	0.5321589708328247
852	0.07199547439813614	0.1287727952003479	0.5345468521118164
853	0.07297259569168091	0.1283709704875946	0.5380544066429138
854	0.07224776595830917	0.12805524468421936	0.5407417416572571
855	0.07152403891086578	0.12791673839092255	0.5416355133056641
856	0.07169434428215027	0.1281345784664154	0.5394847393035889
857	0.07272981852293015	0.12838980555534363	0.5383735299110413
858	0.07040140777826309	0.12857654690742493	0.5369778871536255
859	0.0718918889760971	0.12826712429523468	0.5390211343765259
860	0.071844682097435	0.12804560363292694	0.5401880145072937
861	0.07183945178985596	0.128084197640419	0.5399049520492554
862	0.07208319753408432	0.1280689835548401	0.5401491522789001
863	0.07186291366815567	0.12805524468421936	0.540192186832428
864	0.07079779356718063	0.1280549317598343	0.5403251647949219
865	0.07108104228973389	0.12815779447555542	0.5394578576087952
866	0.07242212444543839	0.12847517430782318	0.5367281436920166
867	0.07188010960817337	0.12876498699188232	0.5342480540275574
868	0.07108548283576965	0.12885554134845734	0.5333343744277954
869	0.07180841267108917	0.1287633627653122	0.5337656736373901
870	0.0711955651640892	0.12853087484836578	0.5357658267021179
871	0.07113140821456909	0.12818963825702667	0.538138210773468
872	0.07156434655189514	0.12815994024276733	0.5379977226257324
873	0.07074888050556183	0.12809206545352936	0.5384782552719116
874	0.0705353394150734	0.12790988385677338	0.5394058227539062
875	0.07037283480167389	0.12779773771762848	0.5400536060333252
876	0.07233035564422607	0.12784841656684875	0.5396683216094971
877	0.07064279168844223	0.12802879512310028	0.5384537577629089
878	0.07167236506938934	0.1282152682542801	0.5372456908226013
879	0.07091528177261353	0.1283261626958847	0.5371001958847046
880	0.0721309706568718	0.12855397164821625	0.5358242392539978
881	0.07131720334291458	0.12860658764839172	0.535733699798584
882	0.07170247286558151	0.12852942943572998	0.536399781703949
883	0.07216193526983261	0.12855757772922516	0.5360142588615417
884	0.07117905467748642	0.12848392128944397	0.5363950133323669
885	0.07073554396629333	0.12865827977657318	0.5346406698226929
886	0.0722537562251091	0.12857936322689056	0.5352094769477844
887	0.07095427811145782	0.12817318737506866	0.5381048321723938
888	0.07175684720277786	0.12794269621372223	0.5391634106636047
889	0.07133783400058746	0.12817032635211945	0.5379370450973511
890	0.07081392407417297	0.12840506434440613	0.5366372466087341
891	0.0699906125664711	0.1285446435213089	0.535609245300293
892	0.07126175612211227	0.12825386226177216	0.5376999974250793
893	0.07038090378046036	0.12790782749652863	0.5413616895675659
894	0.06931490451097488	0.12802040576934814	0.5409296751022339
895	0.07031851261854172	0.12825711071491241	0.5388579964637756
896	0.07014933228492737	0.1282920092344284	0.5386883020401001
897	0.07085663080215454	0.12854884564876556	0.5365511775016785
898	0.07015600055456161	0.12861168384552002	0.5373700857162476
899	0.07091380655765533	0.12870816886425018	0.5363191366195679
900	0.07085796445608139	0.12889668345451355	0.5332990288734436
901	0.06953775882720947	0.12908519804477692	0.5313825011253357
902	0.07105299830436707	0.12912048399448395	0.5307018160820007
903	0.07079724967479706	0.12893062829971313	0.5328943729400635
904	0.07109087705612183	0.12841379642486572	0.5379819273948669
905	0.07151319831609726	0.1280149668455124	0.5420027375221252
906	0.0699007511138916	0.12787580490112305	0.5429639220237732
907	0.06932602822780609	0.12807781994342804	0.5414503216743469
908	0.07024398446083069	0.12820403277873993	0.5394562482833862
909	0.07057933509349823	0.12823012471199036	0.5390662550926208
910	0.06949251145124435	0.12797224521636963	0.540788471698761
911	0.06881371885538101	0.12796513736248016	0.5405690670013428
912	0.07044586539268494	0.12789836525917053	0.5413219928741455
913	0.07044504582881927	0.12778504192829132	0.5425852537155151
914	0.0694870799779892	0.12797917425632477	0.5407680869102478
915	0.07046370208263397	0.12823055684566498	0.5381467938423157
916	0.06960063427686691	0.1283968985080719	0.5368161201477051
917	0.06899968534708023	0.12813745439052582	0.5396352410316467
918	0.0689752846956253	0.12812018394470215	0.5402190089225769
919	0.07040726393461227	0.12804898619651794	0.5412606596946716
920	0.06803664565086365	0.1278582513332367	0.5427811145782471
921	0.06934598833322525	0.1277419626712799	0.5437557697296143
922	0.07021021842956543	0.1278901845216751	0.5424036383628845
923	0.06832194328308105	0.12780046463012695	0.5430647730827332
924	0.06870070844888687	0.12783367931842804	0.5425006747245789
925	0.07062194496393204	0.12789186835289001	0.5416021347045898
926	0.06848572939634323	0.1280086785554886	0.5399807691574097
927	0.07023226469755173	0.12814410030841827	0.5383762121200562
928	0.06924394518136978	0.12835034728050232	0.5367969870567322
929	0.0687299519777298	0.12825369834899902	0.538239061832428
930	0.06978602707386017	0.12813323736190796	0.5396319031715393
931	0.06869741529226303	0.12824560701847076	0.5391244292259216
932	0.06839734315872192	0.12846039235591888	0.5379555225372314
933	0.06893078237771988	0.1287146955728531	0.5373932719230652
934	0.06850415468215942	0.1290379762649536	0.5351617932319641
935	0.07042381167411804	0.1291392594575882	0.5343685150146484
936	0.07001740485429764	0.12893761694431305	0.5371361970901489
937	0.07044140994548798	0.1287335455417633	0.5398029088973999
938	0.06853903084993362	0.12868602573871613	0.5411142706871033
939	0.06819834560155869	0.12855061888694763	0.5421080589294434
940	0.06814110279083252	0.1284731924533844	0.5426188111305237
941	0.06780413538217545	0.12873384356498718	0.5407667756080627
942	0.07028636336326599	0.12908293306827545	0.5375919342041016
943	0.06961608678102493	0.12905991077423096	0.5376357436180115
944	0.06789747625589371	0.12857073545455933	0.541113018989563
945	0.06931942701339722	0.12801948189735413	0.5446886420249939
946	0.0696265920996666	0.12759263813495636	0.5480682253837585
947	0.06992136687040329	0.12729740142822266	0.5512084364891052
948	0.0682324692606926	0.1271740347146988	0.5516895651817322
949	0.06894368678331375	0.12715581059455872	0.5510076880455017
950	0.06797997653484344	0.12752075493335724	0.548474133014679
951	0.06866217404603958	0.12815137207508087	0.5450109243392944
952	0.06940735131502151	0.12858237326145172	0.5397836565971375
953	0.0671047568321228	0.12902896106243134	0.5361109972000122
954	0.06931626051664352	0.12952230870723724	0.5321176648139954
955	0.06827520579099655	0.12958578765392303	0.5319061279296875
956	0.06962455809116364	0.12906783819198608	0.5357223749160767
957	0.06876952946186066	0.128523051738739	0.5401087403297424
958	0.06974273920059204	0.12839600443840027	0.5420445203781128
959	0.06784497946500778	0.12825024127960205	0.5426633954048157
960	0.06822891533374786	0.1287994086742401	0.5385951995849609
961	0.0687062218785286	0.12904755771160126	0.5371301770210266
962	0.06843370199203491	0.128788024187088	0.5389022827148438
963	0.06771491467952728	0.12805548310279846	0.5435552000999451
964	0.06772828847169876	0.12751278281211853	0.5469413995742798
965	0.06870277971029282	0.12746423482894897	0.549041211605072
966	0.06801563501358032	0.12756337225437164	0.5484804511070251
967	0.06851936876773834	0.12754380702972412	0.546593964099884
968	0.06714975833892822	0.1279464066028595	0.5425537824630737
969	0.06814517080783844	0.12848009169101715	0.53952556848526
970	0.06786665320396423	0.12871363759040833	0.5381430387496948
971	0.06834901124238968	0.12864956259727478	0.5383605360984802
972	0.06787745654582977	0.1283615231513977	0.5406362414360046
973	0.06695226579904556	0.1281157284975052	0.5445162653923035
974	0.06866329908370972	0.1280718594789505	0.5466739535331726
975	0.06792233884334564	0.12811964750289917	0.5456408858299255
976	0.06831786036491394	0.12855517864227295	0.5420175790786743
977	0.06853565573692322	0.12915371358394623	0.5378268361091614
978	0.06885231286287308	0.12957410514354706	0.5344148278236389
979	0.06694352626800537	0.12941795587539673	0.5349623560905457
980	0.06805448979139328	0.1286039501428604	0.5408883690834045
981	0.06707370281219482	0.12782900035381317	0.5469594597816467
982	0.06921746581792831	0.12748587131500244	0.5500563383102417
983	0.06834759563207626	0.12735816836357117	0.5505842566490173
984	0.06729008257389069	0.12724055349826813	0.5514308214187622
985	0.06565457582473755	0.12730054557323456	0.5506285429000854
986	0.06861602514982224	0.1274552345275879	0.5492188930511475
987	0.06723855435848236	0.1274341195821762	0.5488402247428894
988	0.06739602982997894	0.127455934882164	0.5492931008338928
989	0.06644324213266373	0.12760944664478302	0.5470649003982544
990	0.06627946346998215	0.12773944437503815	0.5452860593795776
991	0.06735951453447342	0.12826968729496002	0.5415375232696533
992	0.0676950067281723	0.1286248117685318	0.5395634770393372
993	0.06717650592327118	0.1283130645751953	0.5417128801345825
994	0.06708275526762009	0.1279083639383316	0.5457707643508911
995	0.06794461607933044	0.1278255432844162	0.5488114953041077
996	0.06707166880369186	0.1279609203338623	0.5471367835998535
997	0.06678131967782974	0.12806488573551178	0.5447019934654236
998	0.06743104010820389	0.12805792689323425	0.5425093770027161
999	0.0668400377035141	0.12824653089046478	0.5403988361358643
1000	0.06689498573541641	0.12840378284454346	0.5392538905143738
1001	0.06635203212499619	0.12819615006446838	0.5406428575515747
1002	0.06674044579267502	0.128017395734787	0.5410921573638916
1003	0.06672991812229156	0.1278456300497055	0.542260468006134
1004	0.06548306345939636	0.12771479785442352	0.5447900295257568
1005	0.06776644289493561	0.1278313398361206	0.5438763499259949
1006	0.06620146334171295	0.12794041633605957	0.5429662466049194
1007	0.06752385199069977	0.12813840806484222	0.5421342253684998
1008	0.06616540998220444	0.12840335071086884	0.5402279496192932
1009	0.06714822351932526	0.1286986768245697	0.5378236174583435
1010	0.06633057445287704	0.12860068678855896	0.5396466851234436
1011	0.06556742638349533	0.12848633527755737	0.5402023792266846
1012	0.06609494239091873	0.12841950356960297	0.540520191192627
1013	0.06687317788600922	0.12833663821220398	0.5407443046569824
1014	0.06634344160556793	0.12839990854263306	0.5403045415878296
1015	0.06566714495420456	0.12826977670192719	0.5426608324050903
1016	0.06685443222522736	0.12807326018810272	0.5443138480186462
1017	0.06629345566034317	0.128105029463768	0.5440745949745178
1018	0.06599436700344086	0.1283104568719864	0.5428848266601562
1019	0.06634753942489624	0.12860408425331116	0.5405040979385376
1020	0.06688608974218369	0.1284971386194229	0.5402747988700867
1021	0.06596651673316956	0.1284043788909912	0.5416475534439087
1022	0.06656786799430847	0.12840498983860016	0.5413084030151367
1023	0.0646846666932106	0.1285652220249176	0.5413426160812378
1024	0.06642216444015503	0.12871018052101135	0.5404309630393982
1025	0.06693988293409348	0.12845811247825623	0.5408632159233093
1026	0.06630674004554749	0.12817035615444183	0.5426801443099976
1027	0.06511028110980988	0.12800133228302002	0.5442038178443909
1028	0.06581349670886993	0.12747715413570404	0.5486926436424255
1029	0.06622250378131866	0.12718071043491364	0.551408588886261
1030	0.06485674530267715	0.12717880308628082	0.5531521439552307
1031	0.06454672664403915	0.12767964601516724	0.5512175559997559
1032	0.06422767043113708	0.12820516526699066	0.5464410185813904
1033	0.06641910970211029	0.12859775125980377	0.5423818230628967
1034	0.06593069434165955	0.12884636223316193	0.5378548502922058
1035	0.06676691770553589	0.12853646278381348	0.5407874584197998
1036	0.06636374443769455	0.12814857065677643	0.545156717300415
1037	0.06613684445619583	0.127727672457695	0.5496311187744141
1038	0.06715645641088486	0.12752200663089752	0.5520315170288086
1039	0.0662785992026329	0.12748263776302338	0.552768886089325
1040	0.06685960292816162	0.1282065212726593	0.545441746711731
1041	0.0651719868183136	0.12859676778316498	0.5394342541694641
1042	0.06515812873840332	0.12885881960391998	0.5363023281097412
1043	0.06632262468338013	0.128983274102211	0.5357362627983093
1044	0.06591858714818954	0.12858682870864868	0.5389724373817444
1045	0.06524017453193665	0.1280573010444641	0.5449271202087402
1046	0.06560023874044418	0.12746496498584747	0.5505212545394897
1047	0.06493716686964035	0.1274988055229187	0.5512039065361023
1048	0.06484965980052948	0.12736612558364868	0.552208662033081
1049	0.06621765345335007	0.12760338187217712	0.5510378479957581
1050	0.06553126871585846	0.127882719039917	0.5488024353981018
1051	0.06507545709609985	0.12786440551280975	0.5484464168548584
1052	0.06527245044708252	0.12775008380413055	0.5479212403297424
1053	0.06600209325551987	0.12704262137413025	0.5526475310325623
1054	0.06483741104602814	0.126634418964386	0.5546571016311646
1055	0.06511233001947403	0.12647782266139984	0.5552038550376892
1056	0.06490832567214966	0.12648235261440277	0.5548263788223267
1057	0.06489093601703644	0.12662839889526367	0.5528323650360107
1058	0.06549550592899323	0.12651577591896057	0.5541045069694519
1059	0.06445161253213882	0.1265929788351059	0.5547837615013123
1060	0.06485725194215775	0.12686358392238617	0.5553275942802429
1061	0.06519270688295364	0.12694509327411652	0.5536600947380066
1062	0.0654737800359726	0.12707698345184326	0.551583468914032
1063	0.06543887406587601	0.12708306312561035	0.5524336695671082
1064	0.06426630169153214	0.12749145925045013	0.5491295456886292
1065	0.0639481171965599	0.127836674451828	0.5462098717689514
1066	0.06425902992486954	0.12831901013851166	0.5419442653656006
1067	0.06457188725471497	0.12852174043655396	0.5397231578826904
1068	0.064994677901268	0.12867330014705658	0.5382241606712341
1069	0.06382215768098831	0.1285354048013687	0.5390418767929077
1070	0.06402142345905304	0.12833450734615326	0.5426167249679565
1071	0.06618238985538483	0.12824104726314545	0.5443375110626221
1072	0.0662403330206871	0.12797428667545319	0.5451555252075195
1073	0.06402944773435593	0.12806108593940735	0.5438653230667114
1074	0.06462700664997101	0.12833833694458008	0.5414847135543823
1075	0.06353484839200974	0.12870486080646515	0.5389261841773987
1076	0.06512433290481567	0.1285436451435089	0.5401326417922974
1077	0.06382240355014801	0.12829509377479553	0.5434942245483398
1078	0.06440906971693039	0.1281125545501709	0.5476856231689453
1079	0.06514149904251099	0.12780290842056274	0.5502323508262634
1080	0.06579767912626266	0.12739652395248413	0.5521407127380371
1081	0.06428948044776917	0.12789037823677063	0.5485390424728394
1082	0.0633821040391922	0.12833935022354126	0.5451381802558899
1083	0.0645577684044838	0.12851355969905853	0.5435356497764587
1084	0.06461667269468307	0.1284632831811905	0.5444046258926392
1085	0.06482655555009842	0.12849394977092743	0.5446498394012451
1086	0.06364952772855759	0.12848104536533356	0.5445075631141663
1087	0.06508220732212067	0.12820790708065033	0.5459092855453491
1088	0.06426077336072922	0.1279418170452118	0.5468413233757019
1089	0.06385289877653122	0.12800222635269165	0.5470260977745056
1090	0.06572230905294418	0.12772195041179657	0.5484640598297119
1091	0.06350892037153244	0.12761586904525757	0.5493602156639099
1092	0.06366883218288422	0.12796097993850708	0.5473514199256897
1093	0.06415203958749771	0.12849770486354828	0.5435936450958252
1094	0.06472061574459076	0.1286555975675583	0.5413073897361755
1095	0.06520521640777588	0.12844741344451904	0.5406191349029541
1096	0.06366769969463348	0.12859514355659485	0.5398564338684082
1097	0.06415566056966782	0.12867915630340576	0.5400506854057312
1098	0.0635073333978653	0.12824736535549164	0.5426406860351562
1099	0.06328839063644409	0.12798084318637848	0.5452597737312317
1100	0.06376542896032333	0.12813927233219147	0.545599639415741
1101	0.06404489278793335	0.1280592978000641	0.5451250672340393
1102	0.06457152962684631	0.12808018922805786	0.5435766577720642
1103	0.06401700526475906	0.12840670347213745	0.5419444441795349
1104	0.06407814472913742	0.12867742776870728	0.5414039492607117
1105	0.06363382190465927	0.12843018770217896	0.5441060066223145
1106	0.06416434049606323	0.12776923179626465	0.548678994178772
1107	0.0644814744591713	0.12719932198524475	0.5546861290931702
1108	0.06415510177612305	0.12705691158771515	0.5583401918411255
1109	0.06324198096990585	0.1267644613981247	0.5588663816452026
1110	0.06378130614757538	0.12669046223163605	0.5562305450439453
1111	0.06327101588249207	0.12707901000976562	0.5531913638114929
1112	0.062413472682237625	0.12710529565811157	0.5533408522605896
1113	0.06333398073911667	0.1267833113670349	0.5560426115989685
1114	0.06311145424842834	0.12706507742404938	0.5543474555015564
1115	0.06276442110538483	0.12700046598911285	0.5552328824996948
1116	0.06254962831735611	0.12699489295482635	0.5545435547828674
1117	0.06309010833501816	0.12699244916439056	0.554699718952179
1118	0.06423190981149673	0.12720873951911926	0.5537152886390686
1119	0.0642177015542984	0.12718065083026886	0.5535196661949158
1120	0.06476439535617828	0.12710824608802795	0.5533614158630371
1121	0.06302273273468018	0.12717148661613464	0.5523946285247803
1122	0.06268962472677231	0.12752391397953033	0.5512473583221436
1123	0.06370038539171219	0.12804636359214783	0.5455430746078491
1124	0.0617130808532238	0.12865875661373138	0.5410240888595581
1125	0.06289278715848923	0.12902767956256866	0.5381112694740295
1126	0.0625423714518547	0.12879304587841034	0.5401034951210022
1127	0.06231629103422165	0.1284094601869583	0.5426144599914551
1128	0.06323698908090591	0.1279393881559372	0.5476064085960388
1129	0.06387283653020859	0.12805233895778656	0.5489588379859924
1130	0.06336863338947296	0.12813010811805725	0.5492312908172607
1131	0.0628824532032013	0.12819135189056396	0.548245906829834
1132	0.06261199712753296	0.12800121307373047	0.5478746294975281
1133	0.06403554230928421	0.12836068868637085	0.5443147420883179
1134	0.06416142731904984	0.12859919667243958	0.5430951714515686
1135	0.06339637190103531	0.12846815586090088	0.543764054775238
1136	0.06211066246032715	0.1279727816581726	0.5466510653495789
1137	0.06369438767433167	0.12735068798065186	0.5516065359115601
1138	0.06215326488018036	0.12662124633789062	0.5579376220703125
1139	0.0634017363190651	0.1262577325105667	0.558487057685852
1140	0.06271260231733322	0.1259642243385315	0.5594272017478943
1141	0.062444090843200684	0.1266171634197235	0.5546417236328125
1142	0.060875922441482544	0.12699736654758453	0.5513480305671692
1143	0.06268090754747391	0.1267760545015335	0.5522122979164124
1144	0.06320642679929733	0.1265639066696167	0.5537340641021729
1145	0.06263354420661926	0.12628749012947083	0.556938111782074
1146	0.06265266984701157	0.12591533362865448	0.5607084035873413
1147	0.0632123351097107	0.12565936148166656	0.5626243948936462
1148	0.06280288845300674	0.1253199726343155	0.5657607913017273
1149	0.061979442834854126	0.12507861852645874	0.5685660243034363
1150	0.0627606064081192	0.1250404417514801	0.5694688558578491
1151	0.06298838555812836	0.12532523274421692	0.5670558214187622
1152	0.06320442259311676	0.12593162059783936	0.5617549419403076
1153	0.06268492341041565	0.1263817995786667	0.55768883228302
1154	0.06315075606107712	0.12666717171669006	0.5549488067626953
1155	0.06201637536287308	0.1263130009174347	0.5581408143043518
1156	0.06174204498529434	0.1263805627822876	0.5589950680732727
1157	0.06249473989009857	0.12586383521556854	0.5620841383934021
1158	0.063084177672863	0.1261330246925354	0.5592540502548218
1159	0.062236249446868896	0.1269591897726059	0.5546799898147583
1160	0.06243233010172844	0.12742644548416138	0.5510340929031372
1161	0.06138351932168007	0.1274924874305725	0.5493325591087341
1162	0.061591971665620804	0.12744402885437012	0.5487432479858398
1163	0.06227223575115204	0.12736031413078308	0.5495807528495789
1164	0.06165049225091934	0.12676595151424408	0.5543540120124817
1165	0.061693184077739716	0.1264427751302719	0.557201623916626
1166	0.0624241977930069	0.12617452442646027	0.5595235824584961
1167	0.0625227838754654	0.1263085901737213	0.559095025062561
1168	0.06161237880587578	0.12685179710388184	0.5589926242828369
1169	0.06211108714342117	0.12688225507736206	0.558851420879364
1170	0.06214727833867073	0.12666280567646027	0.5595079660415649
1171	0.06085262820124626	0.12671373784542084	0.5591163039207458
1172	0.062097106128931046	0.12658768892288208	0.5611662864685059
1173	0.06194217875599861	0.12619651854038239	0.5639187693595886
1174	0.062138501554727554	0.12583757936954498	0.5671114921569824
1175	0.0625767931342125	0.12591448426246643	0.5665743350982666
1176	0.06250137090682983	0.1263190507888794	0.5636983513832092
1177	0.06339184939861298	0.12684865295886993	0.5611536502838135
1178	0.06242018938064575	0.12710842490196228	0.5591811537742615
1179	0.06108039990067482	0.12662078440189362	0.5615047216415405
1180	0.062148477882146835	0.126508891582489	0.5630877017974854
1181	0.06311789155006409	0.12651310861110687	0.5626237988471985
1182	0.061103515326976776	0.12635932862758636	0.5632457137107849
1183	0.06147079914808273	0.1263284832239151	0.5634526014328003
1184	0.06333290040493011	0.1263427883386612	0.564521074295044
1185	0.06133522465825081	0.12610608339309692	0.5673878788948059
1186	0.0609155111014843	0.125754714012146	0.5713784098625183
1187	0.06310413777828217	0.12594878673553467	0.569974422454834
1188	0.06222930923104286	0.12600944936275482	0.5687587857246399
1189	0.06144405156373978	0.12635840475559235	0.5661720037460327
1190	0.06225854903459549	0.12680582702159882	0.5630068182945251
1191	0.06267597526311874	0.1268375813961029	0.5617915391921997
1192	0.06141173094511032	0.12678907811641693	0.5607733726501465
1193	0.0625176802277565	0.1266045868396759	0.5615856647491455
1194	0.0606466569006443	0.1265224665403366	0.561470091342926
1195	0.061029043048620224	0.1264367252588272	0.5613873600959778
1196	0.061845339834690094	0.12635259330272675	0.5611005425453186
1197	0.06122247129678726	0.12649542093276978	0.559268057346344
1198	0.06227871775627136	0.12682105600833893	0.556270182132721
1199	0.06090782955288887	0.12721818685531616	0.5534000992774963
1200	0.062207262963056564	0.12698699533939362	0.5556160807609558
1201	0.061708901077508926	0.12665335834026337	0.5582469701766968
1202	0.061555057764053345	0.1263258308172226	0.5613440275192261
1203	0.06080663204193115	0.12599600851535797	0.5653142929077148
1204	0.06115328148007393	0.1258978694677353	0.5670871734619141
1205	0.06127838045358658	0.12589268386363983	0.5680217742919922
1206	0.061092279851436615	0.1259256899356842	0.5676734447479248
1207	0.06191084161400795	0.1258937418460846	0.568370521068573
1208	0.06035981327295303	0.1259537637233734	0.5678684115409851
1209	0.060858819633722305	0.12601272761821747	0.5655154585838318
1210	0.06124063953757286	0.1261540651321411	0.5635817050933838
1211	0.06005708873271942	0.12647391855716705	0.5609946250915527
1212	0.06123936548829079	0.12659530341625214	0.5601072907447815
1213	0.06078367307782173	0.12659694254398346	0.5612179636955261
1214	0.06040400266647339	0.12663768231868744	0.5616672039031982
1215	0.06106160581111908	0.126644104719162	0.5626538395881653
1216	0.06042876094579697	0.12670168280601501	0.5622425079345703
1217	0.06047271564602852	0.1267123967409134	0.5622360706329346
1218	0.06139379367232323	0.12665922939777374	0.5622202754020691
1219	0.060195330530405045	0.12690487504005432	0.5605031847953796
1220	0.06047312542796135	0.12713630497455597	0.5576896071434021
1221	0.06049184128642082	0.1275417059659958	0.5546577572822571
1222	0.060285136103630066	0.12764517962932587	0.5549843311309814
1223	0.06131923943758011	0.12765029072761536	0.5557293891906738
1224	0.05967435613274574	0.12736637890338898	0.557152509689331
1225	0.060260847210884094	0.1273181438446045	0.558678925037384
1226	0.06013648584485054	0.12725332379341125	0.5598555207252502
1227	0.059823598712682724	0.127043679356575	0.5607443451881409
1228	0.059762585908174515	0.12708057463169098	0.5585247874259949
1229	0.06018144264817238	0.1270371526479721	0.5586267113685608
1230	0.0595770999789238	0.1268203854560852	0.560736358165741
1231	0.06104990467429161	0.1264689862728119	0.5644105076789856
1232	0.06026921048760414	0.12621144950389862	0.5680159330368042
1233	0.05925119295716286	0.12635913491249084	0.5678367614746094
1234	0.05968479439616203	0.1266394853591919	0.5661097764968872
1235	0.0601927787065506	0.12699389457702637	0.56292724609375
1236	0.06042587384581566	0.12730972468852997	0.5600292682647705
1237	0.06042898818850517	0.12754634022712708	0.5565385818481445
1238	0.06054342910647392	0.1275370568037033	0.5560364723205566
1239	0.06036877632141113	0.127445787191391	0.5562108159065247
1240	0.059652578085660934	0.1272442489862442	0.5585305690765381
1241	0.05962904170155525	0.1270463615655899	0.5601317882537842
1242	0.05907353758811951	0.12687133252620697	0.5607917308807373
1243	0.060634396970272064	0.12711216509342194	0.557400107383728
1244	0.05973748117685318	0.12821148335933685	0.549501895904541
1245	0.06001126393675804	0.12857717275619507	0.5460020303726196
1246	0.060006316751241684	0.12874369323253632	0.543931245803833
1247	0.06042319908738136	0.12850476801395416	0.5470843315124512
1248	0.06015770137310028	0.12801487743854523	0.5532834529876709
1249	0.059998519718647	0.12740296125411987	0.5586788654327393
1250	0.0593055784702301	0.1271277219057083	0.5598670840263367
1251	0.057810623198747635	0.12721511721611023	0.5577252507209778
1252	0.060040175914764404	0.12749835848808289	0.5552377104759216
1253	0.05943363904953003	0.12725792825222015	0.5560131669044495
1254	0.05880671739578247	0.12713153660297394	0.557340681552887
1255	0.06019533425569534	0.12703849375247955	0.5600677728652954
1256	0.059465598315000534	0.12715625762939453	0.5605885982513428
1257	0.0596209280192852	0.12724515795707703	0.558637261390686
1258	0.05951760709285736	0.12732841074466705	0.5561800599098206
1259	0.060504838824272156	0.12727205455303192	0.556449294090271
1260	0.059959299862384796	0.12707588076591492	0.5575518012046814
1261	0.06026144325733185	0.12653452157974243	0.5613709092140198
1262	0.05928935110569	0.12629912793636322	0.5645796060562134
1263	0.05904350057244301	0.12611374258995056	0.5668001174926758
1264	0.05956421419978142	0.1257290244102478	0.5680543780326843
1265	0.059417858719825745	0.12514932453632355	0.5684236288070679
1266	0.059517357498407364	0.12509620189666748	0.5667981505393982
1267	0.05836569145321846	0.12552395462989807	0.5655837059020996
1268	0.05964845046401024	0.12561193108558655	0.566558837890625
1269	0.05978933349251747	0.12534365057945251	0.5679681301116943
1270	0.05920347943902016	0.12588489055633545	0.5682169198989868
1271	0.05865836888551712	0.12667721509933472	0.566288948059082
1272	0.059112679213285446	0.1270287036895752	0.5629302859306335
1273	0.060739170759916306	0.12778575718402863	0.5589808225631714
1274	0.060428183525800705	0.12837336957454681	0.5565719604492188
1275	0.059958867728710175	0.1282874345779419	0.5572212934494019
1276	0.059043560177087784	0.1277817189693451	0.5594404339790344
1277	0.05962887406349182	0.1275540590286255	0.5613206624984741
1278	0.059713684022426605	0.12765692174434662	0.5605115294456482
1279	0.06010220944881439	0.12731453776359558	0.5596880912780762
1280	0.05879785493016243	0.12690092623233795	0.5600822567939758
1281	0.059164226055145264	0.12682601809501648	0.5616698265075684
1282	0.05915815010666847	0.12667575478553772	0.564441442489624
1283	0.058269891887903214	0.12615425884723663	0.5675764083862305
1284	0.058266885578632355	0.12557129561901093	0.571286678314209
1285	0.05767666921019554	0.12581060826778412	0.5701943635940552
1286	0.05858009681105614	0.12628060579299927	0.5660179257392883
1287	0.05832948908209801	0.1266055405139923	0.5622077584266663
1288	0.05853594094514847	0.1268445998430252	0.5602448582649231
1289	0.058324702084064484	0.12715762853622437	0.5588328242301941
1290	0.058556415140628815	0.12713131308555603	0.5595031976699829
1291	0.058537743985652924	0.12685145437717438	0.5626049637794495
1292	0.05832139030098915	0.12641556560993195	0.566774308681488
1293	0.057737190276384354	0.12614905834197998	0.5688477754592896
1294	0.05986279621720314	0.12620748579502106	0.5691549181938171
1295	0.05821710824966431	0.12663456797599792	0.5653621554374695
1296	0.057861220091581345	0.12693187594413757	0.5601934790611267
1297	0.05811190977692604	0.12706737220287323	0.5569173097610474
1298	0.05846261605620384	0.12707163393497467	0.5566837787628174
1299	0.05915422365069389	0.1269811987876892	0.5594684481620789
1300	0.05826221778988838	0.12627647817134857	0.5667755603790283
1301	0.05905863270163536	0.12581269443035126	0.5715692639350891
1302	0.05767592415213585	0.12560999393463135	0.5747395753860474
1303	0.05752445384860039	0.12600018084049225	0.5739148259162903
1304	0.05836443975567818	0.12636999785900116	0.5708549618721008
1305	0.059663742780685425	0.12672077119350433	0.5662468075752258
1306	0.058842916041612625	0.12723417580127716	0.56084144115448
1307	0.05876842513680458	0.12718041241168976	0.5612844824790955
1308	0.05761996656656265	0.12670083343982697	0.5647994875907898
1309	0.05739760026335716	0.1261964738368988	0.5685527920722961
1310	0.05726957693696022	0.12605327367782593	0.5696130990982056
1311	0.058408282697200775	0.12616485357284546	0.5680850148200989
1312	0.058090899139642715	0.1264571249485016	0.5640602707862854
1313	0.05783364921808243	0.12693023681640625	0.5599403381347656
1314	0.05838331580162048	0.1272168904542923	0.5579628348350525
1315	0.05834035947918892	0.1272038221359253	0.5582826733589172
1316	0.05772916600108147	0.1270286589860916	0.5608270764350891
1317	0.05682617053389549	0.12680146098136902	0.5653184056282043
1318	0.059271279722452164	0.12677094340324402	0.5675880312919617
1319	0.05810556933283806	0.12662313878536224	0.5698641538619995
1320	0.05725647136569023	0.1265445500612259	0.5692780017852783
1321	0.05740603804588318	0.12681253254413605	0.5655579566955566
1322	0.05816265568137169	0.12734179198741913	0.5605001449584961
1323	0.058702778071165085	0.12763147056102753	0.557785153388977
1324	0.05830993503332138	0.12742915749549866	0.5584887266159058
1325	0.05824355036020279	0.1271791160106659	0.5606682300567627
1326	0.05822267755866051	0.1268235743045807	0.56407630443573
1327	0.058004558086395264	0.12640738487243652	0.5674045085906982
1328	0.05809124931693077	0.12632814049720764	0.5670251846313477
1329	0.05787019059062004	0.12655875086784363	0.5652491450309753
1330	0.05772330239415169	0.12654446065425873	0.5648277401924133
1331	0.05717509984970093	0.12664951384067535	0.5631797313690186
1332	0.05785425379872322	0.1266316920518875	0.561876118183136
1333	0.05744635686278343	0.1263698786497116	0.5634217262268066
1334	0.057360127568244934	0.12616662681102753	0.565316379070282
1335	0.05702652409672737	0.12599895894527435	0.5668177604675293
1336	0.057840220630168915	0.12601155042648315	0.566950261592865
1337	0.057422537356615067	0.12589968740940094	0.5672969818115234
1338	0.05777424946427345	0.12608851492404938	0.5661755800247192
1339	0.05788120999932289	0.12608052790164948	0.5659378170967102
1340	0.05749233812093735	0.12608236074447632	0.5675824284553528
1341	0.05791136622428894	0.1263883113861084	0.565346896648407
1342	0.05746891722083092	0.12636958062648773	0.5652432441711426
1343	0.0574958398938179	0.12625953555107117	0.5643407106399536
1344	0.05783996731042862	0.12650525569915771	0.5634476542472839
1345	0.05685225874185562	0.12661747634410858	0.5639583468437195
1346	0.05675649642944336	0.12666192650794983	0.5642520189285278
1347	0.05796121060848236	0.12647411227226257	0.5658836960792542
1348	0.05700845271348953	0.1267097294330597	0.5658005475997925
1349	0.057065270841121674	0.12695519626140594	0.5658187866210938
1350	0.0566076897084713	0.127132385969162	0.5650398135185242
1351	0.058334480971097946	0.127049520611763	0.565093457698822
1352	0.05687909200787544	0.12741120159626007	0.5633606910705566
1353	0.05725424736738205	0.1275622546672821	0.5637030601501465
1354	0.058232564479112625	0.12691262364387512	0.5675567388534546
1355	0.057693298906087875	0.12588882446289062	0.5722367167472839
1356	0.057538487017154694	0.1259617656469345	0.5712517499923706
1357	0.05757318437099457	0.12632997334003448	0.5693441033363342
1358	0.05875924602150917	0.1264881193637848	0.5664239525794983
1359	0.057979192584753036	0.1262475848197937	0.566740870475769
1360	0.057061564177274704	0.12636157870292664	0.5645362734794617
1361	0.05742485821247101	0.12646181881427765	0.5658841133117676
1362	0.05663386732339859	0.12625405192375183	0.5685243606567383
1363	0.05650206282734871	0.12604595720767975	0.5709195733070374
1364	0.05764218792319298	0.12639650702476501	0.5701346397399902
1365	0.05712781101465225	0.1268387734889984	0.5669910907745361
1366	0.05718814954161644	0.1270771622657776	0.5644466280937195
1367	0.057323336601257324	0.12720057368278503	0.5628877878189087
1368	0.05748356506228447	0.12739838659763336	0.5605504512786865
1369	0.0560598261654377	0.127196803689003	0.5621666312217712
1370	0.056676801294088364	0.12651412189006805	0.5673223733901978
1371	0.05605292320251465	0.12588736414909363	0.5723548531532288
1372	0.05672978609800339	0.1254558563232422	0.5746653079986572
1373	0.05696767196059227	0.12549340724945068	0.572836697101593
1374	0.057083941996097565	0.1257852166891098	0.5689433217048645
1375	0.05597466230392456	0.12604890763759613	0.5653232932090759
1376	0.0578579418361187	0.1262020617723465	0.5637694001197815
1377	0.056898895651102066	0.12625901401042938	0.5643637180328369
1378	0.05680130422115326	0.1260935217142105	0.5666093230247498
1379	0.05635913833975792	0.12579277157783508	0.5699968934059143
1380	0.05554424226284027	0.12561160326004028	0.57157963514328
1381	0.05689093843102455	0.1258087456226349	0.5708320140838623
1382	0.05758153274655342	0.12610730528831482	0.5693507194519043
1383	0.05557649955153465	0.12601053714752197	0.5697600245475769
1384	0.05510304868221283	0.12595081329345703	0.5697943568229675
1385	0.056531231850385666	0.1261315941810608	0.569121241569519
1386	0.05585228279232979	0.12623539566993713	0.5681415796279907
1387	0.056725382804870605	0.12641401588916779	0.566338300704956
1388	0.056147754192352295	0.12639513611793518	0.5658742785453796
1389	0.05520524084568024	0.12641756236553192	0.5659388303756714
1390	0.056016165763139725	0.12630604207515717	0.5671969652175903
1391	0.05518564209342003	0.12628160417079926	0.5691973567008972
1392	0.05583002045750618	0.1264621615409851	0.5684240460395813
1393	0.05611680820584297	0.12681235373020172	0.5653706789016724
1394	0.056313082575798035	0.12704972922801971	0.5631201267242432
1395	0.05508921295404434	0.12716792523860931	0.5622177124023438
1396	0.055648937821388245	0.1270580142736435	0.5626608729362488
1397	0.05478867515921593	0.12682169675827026	0.5641579627990723
1398	0.05733661726117134	0.12650835514068604	0.5670503377914429
1399	0.05606197938323021	0.126312255859375	0.5685464143753052
1400	0.056826602667570114	0.12626349925994873	0.568500816822052
1401	0.05612632632255554	0.12618668377399445	0.5690883994102478
1402	0.0555642805993557	0.12601768970489502	0.5705546140670776
1403	0.05608956888318062	0.12593959271907806	0.5715326070785522
1404	0.05596858263015747	0.12587980926036835	0.5719403028488159
1405	0.05636593699455261	0.12576262652873993	0.5734630823135376
1406	0.056142907589673996	0.12592293322086334	0.5728299021720886
1407	0.056002017110586166	0.12623046338558197	0.5712485313415527
1408	0.05553002282977104	0.12628565728664398	0.570833146572113
1409	0.05631811544299126	0.12633387744426727	0.5708120465278625
1410	0.055184461176395416	0.1264910101890564	0.5692300200462341
1411	0.055393677204847336	0.1265181452035904	0.5688201189041138
1412	0.05568080022931099	0.12639594078063965	0.569165825843811
1413	0.055570829659700394	0.12623058259487152	0.5695716142654419
1414	0.05486556515097618	0.12593533098697662	0.5711639523506165
1415	0.055318258702754974	0.12573044002056122	0.5720273852348328
1416	0.054642532020807266	0.12554381787776947	0.572732150554657
1417	0.05478974059224129	0.1254931539297104	0.5731542110443115
1418	0.05537533387541771	0.1254696398973465	0.574099600315094
1419	0.05540606006979942	0.12528133392333984	0.5757160782814026
1420	0.054873764514923096	0.12524515390396118	0.5765779614448547
1421	0.05462311953306198	0.12530086934566498	0.5765135288238525
1422	0.05562041699886322	0.12550050020217896	0.5740808844566345
1423	0.05510402470827103	0.1259022355079651	0.5698881149291992
1424	0.055212561041116714	0.1261959671974182	0.567736029624939
1425	0.05635443329811096	0.1263422966003418	0.5677193403244019
1426	0.055567365139722824	0.1262580305337906	0.5702968239784241
1427	0.05573894828557968	0.12634098529815674	0.5717694163322449
1428	0.05615969002246857	0.1267727017402649	0.5705714821815491
1429	0.0558692142367363	0.12742362916469574	0.5669727921485901
1430	0.05626193434000015	0.12804162502288818	0.561679482460022
1431	0.05489368736743927	0.12848983705043793	0.5580882430076599
1432	0.05493507534265518	0.12861742079257965	0.5566393733024597
1433	0.05585499107837677	0.12786246836185455	0.5609422922134399
1434	0.05595681816339493	0.12711042165756226	0.5667367577552795
1435	0.056121937930583954	0.12662743031978607	0.5702174305915833
1436	0.05583956092596054	0.12640002369880676	0.5715208649635315
1437	0.05488550290465355	0.12645694613456726	0.5706408023834229
1438	0.054948922246694565	0.12654313445091248	0.5700091123580933
1439	0.05495506152510643	0.12640789151191711	0.5709319710731506
1440	0.05547068268060684	0.12629669904708862	0.5719032287597656
1441	0.05524822697043419	0.12615253031253815	0.5727605223655701
1442	0.05576350539922714	0.12603527307510376	0.5738596320152283
1443	0.05430864170193672	0.12615850567817688	0.5729444026947021
1444	0.05467803776264191	0.12624841928482056	0.5714530348777771
1445	0.05527713522315025	0.12644131481647491	0.5698446035385132
1446	0.05416707322001457	0.1264880746603012	0.5698444247245789
1447	0.05568920075893402	0.12617750465869904	0.5726504921913147
1448	0.054028816521167755	0.12589898705482483	0.5749590396881104
1449	0.05395550653338432	0.12573494017124176	0.5758546590805054
1450	0.05533154681324959	0.125795379281044	0.5751197934150696
1451	0.05504994839429855	0.1260782778263092	0.5716549158096313
1452	0.054539624601602554	0.1263342648744583	0.5674528479576111
1453	0.05390755087137222	0.12643961608409882	0.5656681656837463
1454	0.05527639761567116	0.12625208497047424	0.5670782327651978
1455	0.0545804388821125	0.12612004578113556	0.5681764483451843
1456	0.0552108995616436	0.12611009180545807	0.5688438415527344
1457	0.05419490113854408	0.1261725276708603	0.5692192316055298
1458	0.05502130463719368	0.12622275948524475	0.5691874027252197
1459	0.0550556443631649	0.12637022137641907	0.5681149959564209
1460	0.054079048335552216	0.12660732865333557	0.566392183303833
1461	0.05543828755617142	0.12690870463848114	0.5646552443504333
1462	0.055050574243068695	0.12709692120552063	0.5648490190505981
1463	0.05356704071164131	0.12716154754161835	0.5659007430076599
1464	0.05534658953547478	0.12730222940444946	0.5658590793609619
1465	0.055112745612859726	0.12720347940921783	0.5667067170143127
1466	0.05431584268808365	0.12710151076316833	0.5677862763404846
1467	0.054133616387844086	0.1269746571779251	0.5701272487640381
1468	0.05344206467270851	0.12688866257667542	0.5721594095230103
1469	0.05411333963274956	0.12675224244594574	0.573902428150177
1470	0.05339086055755615	0.12677325308322906	0.5735595226287842
1471	0.054316576570272446	0.12677399814128876	0.572377622127533
1472	0.05554911121726036	0.12669791281223297	0.5725969672203064
1473	0.05431292578577995	0.12655198574066162	0.5736585855484009
1474	0.05414193123579025	0.12622906267642975	0.5766168236732483
1475	0.054551124572753906	0.12590226531028748	0.57899409532547
1476	0.0545475073158741	0.12560656666755676	0.5807576775550842
1477	0.05340728163719177	0.1254158318042755	0.5810357928276062
1478	0.053711410611867905	0.12524712085723877	0.5810645222663879
1479	0.053559016436338425	0.12524211406707764	0.5804712176322937
1480	0.05441409721970558	0.12548209726810455	0.5785639882087708
1481	0.05375631898641586	0.12578769028186798	0.5766092538833618
1482	0.053638435900211334	0.1262035369873047	0.5737201571464539
1483	0.05294908210635185	0.1264905333518982	0.5719705820083618
1484	0.0544714592397213	0.1265867054462433	0.5717934370040894
1485	0.05385902151465416	0.12657156586647034	0.5715454816818237
1486	0.05386051908135414	0.12655875086784363	0.5714740753173828
1487	0.05296405404806137	0.12628987431526184	0.573570191860199
1488	0.05353249981999397	0.12634867429733276	0.5741020441055298
1489	0.05353890731930733	0.12636637687683105	0.5745391845703125
1490	0.05336526408791542	0.12659110128879547	0.5729122161865234
1491	0.053456611931324005	0.12704236805438995	0.5697985291481018
1492	0.05336263030767441	0.1273241937160492	0.5680893063545227
1493	0.053286608308553696	0.1273323893547058	0.5684565901756287
1494	0.05459978058934212	0.12713705003261566	0.5701132416725159
1495	0.05428900942206383	0.12705741822719574	0.5701435208320618
1496	0.05269075185060501	0.126669242978096	0.5709249377250671
1497	0.05325638875365257	0.12674157321453094	0.5692608952522278
1498	0.05495662987232208	0.1269305795431137	0.5672664046287537
1499	0.054333705455064774	0.12709026038646698	0.5664000511169434
1500	0.05335944890975952	0.12697003781795502	0.5677136778831482
1501	0.05371195450425148	0.12692801654338837	0.5688943266868591
1502	0.053982678800821304	0.1268860548734665	0.5708121657371521
1503	0.05234089121222496	0.12663932144641876	0.5733377933502197
1504	0.05367337912321091	0.12645290791988373	0.5746505260467529
1505	0.053758375346660614	0.12649685144424438	0.5738824605941772
1506	0.0530431792140007	0.12648969888687134	0.5730400085449219
1507	0.05346379056572914	0.12624159455299377	0.5738944411277771
1508	0.05342377722263336	0.12637975811958313	0.5723425149917603
1509	0.05253640562295914	0.12664809823036194	0.5708864331245422
1510	0.05401511862874031	0.12691712379455566	0.5687976479530334
1511	0.05383460223674774	0.12702779471874237	0.5674182772636414
1512	0.05335564538836479	0.1273735761642456	0.5635350942611694
1513	0.05397482216358185	0.1273721605539322	0.5636383891105652
1514	0.05318296700716019	0.12760309875011444	0.5640014410018921
1515	0.05443622171878815	0.12724167108535767	0.5690702795982361
1516	0.0528399832546711	0.1269429326057434	0.5725772976875305
1517	0.053805846720933914	0.1266917884349823	0.5752311944961548
1518	0.05311030149459839	0.12645111978054047	0.5766990780830383
1519	0.053563203662633896	0.12650610506534576	0.5756561756134033
1520	0.05328936502337456	0.1264593005180359	0.5749925971031189
1521	0.0541241355240345	0.12660890817642212	0.573268473148346
1522	0.05242571607232094	0.12685427069664001	0.5707700848579407
1523	0.053085993975400925	0.12688793241977692	0.5706266164779663
1524	0.052798811346292496	0.12658146023750305	0.5728579759597778
1525	0.05398637428879738	0.1268155425786972	0.5728697776794434
1526	0.05228075757622719	0.12671557068824768	0.5743526220321655
1527	0.053471826016902924	0.1267833709716797	0.5725753307342529
1528	0.053274162113666534	0.12694226205348969	0.5702881217002869
1529	0.05347001925110817	0.1270190179347992	0.5694406032562256
1530	0.053299352526664734	0.12683594226837158	0.5717439651489258
1531	0.05287588760256767	0.12649263441562653	0.5753331780433655
1532	0.05253520980477333	0.12570346891880035	0.5813165307044983
1533	0.05363582447171211	0.12582094967365265	0.5798298716545105
1534	0.05302431434392929	0.12630526721477509	0.5767323970794678
1535	0.053655464202165604	0.12665162980556488	0.5738489031791687
1536	0.05286253243684769	0.12690292298793793	0.5715347528457642
1537	0.0529479905962944	0.12668904662132263	0.5734982490539551
1538	0.053846243768930435	0.12637090682983398	0.577130913734436
1539	0.053911030292510986	0.1264784187078476	0.5771823525428772
1540	0.053284041583538055	0.12646515667438507	0.5777424573898315
1541	0.052937474101781845	0.12618814408779144	0.578899085521698
1542	0.05463046580553055	0.12637276947498322	0.5774744153022766
1543	0.05354434624314308	0.12685425579547882	0.5739005208015442
1544	0.05330696329474449	0.12649302184581757	0.5763273239135742
1545	0.05248061940073967	0.12636923789978027	0.5777835249900818
1546	0.05363167077302933	0.12633326649665833	0.5796661972999573
1547	0.05379605293273926	0.12657158076763153	0.5787054300308228
1548	0.05197237432003021	0.12682965397834778	0.5769851207733154
1549	0.05322819948196411	0.12720124423503876	0.5734464526176453
1550	0.05220457911491394	0.12721098959445953	0.5720176100730896
1551	0.05376787111163139	0.12715305387973785	0.5712643265724182
1552	0.052983202040195465	0.1268181949853897	0.5727824568748474
1553	0.05302441120147705	0.12646883726119995	0.5738430023193359
1554	0.05284988880157471	0.12649579346179962	0.5726784467697144
1555	0.05255728214979172	0.12635597586631775	0.5727595686912537
1556	0.05191637948155403	0.12611156702041626	0.5732431411743164
1557	0.0527934767305851	0.12618760764598846	0.5718761086463928
1558	0.05225929990410805	0.12615568935871124	0.5729121565818787
1559	0.0522938147187233	0.1260632574558258	0.5749322772026062
1560	0.05246340110898018	0.1259855479001999	0.5767287611961365
1561	0.05249864235520363	0.12589555978775024	0.5780634880065918
1562	0.05226677283644676	0.12599220871925354	0.5771951675415039
1563	0.053315140306949615	0.12637965381145477	0.5744730830192566
1564	0.052598752081394196	0.12652994692325592	0.5734969973564148
1565	0.05185995623469353	0.1265612095594406	0.5731254816055298
1566	0.051560550928115845	0.12660172581672668	0.573574960231781
1567	0.052972689270973206	0.12692657113075256	0.572089433670044
1568	0.051922257989645004	0.12720677256584167	0.5710176229476929
1569	0.05160146206617355	0.12726402282714844	0.5710970759391785
1570	0.05314731225371361	0.12732650339603424	0.5705504417419434
1571	0.052343834191560745	0.12717658281326294	0.5713765621185303
1572	0.05264142155647278	0.12703387439250946	0.5721562504768372
1573	0.051830027252435684	0.1269814670085907	0.5727527141571045
1574	0.05248916149139404	0.1271899789571762	0.5703375339508057
1575	0.05257744714617729	0.12737558782100677	0.5682845711708069
1576	0.05310550332069397	0.12755919992923737	0.5683830380439758
1577	0.05445712059736252	0.12736041843891144	0.5703693628311157
1578	0.05380161851644516	0.12714247405529022	0.5720427632331848
1579	0.05341093987226486	0.12651139497756958	0.5761484503746033
1580	0.05136958509683609	0.12595297396183014	0.5795402526855469
1581	0.05226527526974678	0.12568853795528412	0.5805917382240295
1582	0.05321922153234482	0.1256767362356186	0.5804727077484131
1583	0.053374871611595154	0.1259494572877884	0.5786281824111938
1584	0.052719637751579285	0.12610039114952087	0.5774744749069214
1585	0.05178277939558029	0.126301109790802	0.5764424204826355
1586	0.052959177643060684	0.12617360055446625	0.577734649181366
1587	0.052811749279499054	0.12599845230579376	0.5799062252044678
1588	0.05328162759542465	0.12600566446781158	0.580760657787323
1589	0.05251023918390274	0.12633222341537476	0.5791833400726318
1590	0.05331411212682724	0.1264340877532959	0.5784208178520203
1591	0.052358970046043396	0.1262083351612091	0.5791382789611816
1592	0.051947303116321564	0.12615478038787842	0.5791155695915222
1593	0.05223021283745766	0.1262778639793396	0.5791484117507935
1594	0.05266621336340904	0.1262323260307312	0.5775253176689148
1595	0.052177973091602325	0.12650993466377258	0.5742828845977783
1596	0.05202441290020943	0.1257873922586441	0.5786510705947876
1597	0.051513563841581345	0.1259738802909851	0.5791401267051697
1598	0.051790278404951096	0.12616939842700958	0.5792614221572876
1599	0.053430356085300446	0.126333087682724	0.5795166492462158
1600	0.05217736214399338	0.12644805014133453	0.5786831974983215
1601	0.05239071324467659	0.12657134234905243	0.5777689218521118
1602	0.0516045019030571	0.12655285000801086	0.5780155658721924
1603	0.05241638794541359	0.12665921449661255	0.5773536562919617
1604	0.05316796898841858	0.12676793336868286	0.5764496922492981
1605	0.05131421238183975	0.1271321177482605	0.5735558867454529
1606	0.0521969273686409	0.12752212584018707	0.5705240368843079
1607	0.05221158638596535	0.1276988983154297	0.5689988732337952
1608	0.052118632942438126	0.1277908831834793	0.5684054493904114
1609	0.05205455794930458	0.12780191004276276	0.5691360235214233
1610	0.05200112611055374	0.12784521281719208	0.5695492029190063
1611	0.05130476877093315	0.12797321379184723	0.5690150856971741
1612	0.05167977884411812	0.1281057745218277	0.5679810047149658
1613	0.05221719294786453	0.12784728407859802	0.569132924079895
1614	0.052146922796964645	0.12770366668701172	0.5699489712715149
1615	0.051586709916591644	0.1272875815629959	0.5719670653343201
1616	0.052342988550662994	0.1271083950996399	0.5720416903495789
1617	0.052320681512355804	0.12701067328453064	0.5710522532463074
1618	0.052261192351579666	0.12662595510482788	0.5726564526557922
1619	0.050424035638570786	0.1260797083377838	0.5754969716072083
1620	0.05201675370335579	0.1259399652481079	0.5757044553756714
1621	0.0515296496450901	0.12583836913108826	0.5772755742073059
1622	0.051688242703676224	0.12578840553760529	0.5786494612693787
1623	0.05202410742640495	0.12596069276332855	0.578255295753479
1624	0.05170552432537079	0.1262809783220291	0.5776923298835754
1625	0.05142085999250412	0.12689733505249023	0.5745341777801514
1626	0.051997747272253036	0.12727829813957214	0.5726054906845093
1627	0.05193908512592316	0.1274024397134781	0.5721930265426636
1628	0.05166088044643402	0.12747199833393097	0.5719401240348816
1629	0.05278242379426956	0.12743675708770752	0.5720142126083374
1630	0.050733089447021484	0.12738418579101562	0.5715728998184204
1631	0.05065792426466942	0.1275583952665329	0.5702463388442993
1632	0.051241159439086914	0.1281360238790512	0.5664472579956055
1633	0.05098402127623558	0.12840646505355835	0.5639735460281372
1634	0.05067773908376694	0.12838712334632874	0.5641018748283386
1635	0.052184924483299255	0.12816478312015533	0.5670275092124939
1636	0.050907813012599945	0.127841517329216	0.5702921152114868
1637	0.05103959143161774	0.12742580473423004	0.5729853510856628
1638	0.05280841886997223	0.12711277604103088	0.5754175782203674
1639	0.052222929894924164	0.12727713584899902	0.5758252739906311
1640	0.05186846852302551	0.12712331116199493	0.5765364766120911
1641	0.05239115282893181	0.12659691274166107	0.5786194205284119
1642	0.05197593569755554	0.12633809447288513	0.5800485014915466
1643	0.05080816149711609	0.12633016705513	0.5795299410820007
1644	0.05133076384663582	0.12641401588916779	0.5778577923774719
1645	0.051145195960998535	0.1264360249042511	0.5766723155975342
1646	0.05026555433869362	0.1265135556459427	0.5752493143081665
1647	0.05144359543919563	0.12642042338848114	0.5754733085632324
1648	0.05111614242196083	0.12622010707855225	0.5772866010665894
1649	0.05088867247104645	0.12602151930332184	0.5796042680740356
1650	0.052504654973745346	0.12610463798046112	0.5793026089668274
1651	0.05064666271209717	0.1263505220413208	0.5776568651199341
1652	0.051954835653305054	0.12644250690937042	0.577269971370697
1653	0.05051540210843086	0.12649458646774292	0.5775040984153748
1654	0.05046764388680458	0.12661780416965485	0.577362596988678
1655	0.05165870860219002	0.12669187784194946	0.5777526497840881
1656	0.051753267645835876	0.1268046349287033	0.5777194499969482
1657	0.05081683769822121	0.1270262449979782	0.5770004987716675
1658	0.05036488175392151	0.12727946043014526	0.5756460428237915
1659	0.05104393884539604	0.1275317221879959	0.5739923119544983
1660	0.050980519503355026	0.127844899892807	0.5724584460258484
1661	0.05076145380735397	0.1278284341096878	0.5726513862609863
1662	0.05121484398841858	0.12749792635440826	0.5744959712028503
1663	0.050954367965459824	0.12696529924869537	0.5776204466819763
1664	0.05012112110853195	0.12686243653297424	0.5780109763145447
1665	0.051016733050346375	0.12713129818439484	0.5759887099266052
1666	0.051222752779722214	0.12784524261951447	0.5720880627632141
1667	0.04987940937280655	0.1279987245798111	0.5704712271690369
1668	0.0503084696829319	0.1278221160173416	0.5706843137741089
1669	0.05082862079143524	0.12762370705604553	0.5720634460449219
1670	0.05037302151322365	0.12733742594718933	0.5742669105529785
1671	0.05150514468550682	0.12716174125671387	0.5749953389167786
1672	0.050693731755018234	0.12742091715335846	0.5733672976493835
1673	0.050944846123456955	0.12770341336727142	0.571299135684967
1674	0.05052494630217552	0.1277693212032318	0.5700603127479553
1675	0.04993763193488121	0.1277369111776352	0.5696703195571899
1676	0.0509621724486351	0.12758246064186096	0.5703027248382568
1677	0.050320327281951904	0.12761373817920685	0.5699330568313599
1678	0.051067426800727844	0.12748833000659943	0.5708605051040649
1679	0.05007389187812805	0.1270853579044342	0.5741711854934692
1680	0.050862886011600494	0.12714776396751404	0.574529767036438
1681	0.050032902508974075	0.12765954434871674	0.5717471241950989
1682	0.05073601007461548	0.12794139981269836	0.5690736174583435
1683	0.05074206739664078	0.12819910049438477	0.565858006477356
1684	0.050528835505247116	0.12824615836143494	0.5637871026992798
1685	0.051735252141952515	0.12801629304885864	0.5651229619979858
1686	0.05129900202155113	0.127687469124794	0.5680462718009949
1687	0.050281599164009094	0.12785176932811737	0.5689429640769958
1688	0.05095106363296509	0.12802858650684357	0.5693091154098511
1689	0.05119544267654419	0.12801960110664368	0.570867657661438
1690	0.05020767077803612	0.12780927121639252	0.5727565884590149
1691	0.05093764513731003	0.12763376533985138	0.5732921957969666
1692	0.049867209047079086	0.12735721468925476	0.5749366283416748
1693	0.050118353217840195	0.12712398171424866	0.5762186646461487
1694	0.050181783735752106	0.12669764459133148	0.5784008502960205
1695	0.05130225419998169	0.1264132559299469	0.5798379778862
1696	0.0498417429625988	0.1263349950313568	0.5799081921577454
1697	0.05028052255511284	0.12630018591880798	0.5796240568161011
1698	0.0495598278939724	0.12621116638183594	0.5791945457458496
1699	0.04949409142136574	0.12613311409950256	0.5783126354217529
1700	0.04891141504049301	0.12578141689300537	0.5795267820358276
1701	0.05078066885471344	0.12559963762760162	0.5802679657936096
1702	0.05082203075289726	0.1253904551267624	0.5817256569862366
1703	0.04902023822069168	0.12535883486270905	0.5814878344535828
1704	0.04937293753027916	0.12553180754184723	0.5809704661369324
1705	0.05043269321322441	0.12577378749847412	0.5797346830368042
1706	0.05054585635662079	0.12606015801429749	0.5787952542304993
1707	0.051675066351890564	0.1264074146747589	0.5776880383491516
1708	0.05007466673851013	0.12691107392311096	0.5754653811454773
1709	0.05028950050473213	0.1271427422761917	0.5749327540397644
1710	0.050150658935308456	0.12708748877048492	0.5761430263519287
1711	0.04939699545502663	0.12699441611766815	0.5771368145942688
1712	0.0512826070189476	0.12683577835559845	0.5779587030410767
1713	0.049143705517053604	0.12683773040771484	0.5776961445808411
1714	0.050011761486530304	0.1269817054271698	0.5761368870735168
1715	0.04890213534235954	0.12727989256381989	0.5730915665626526
1716	0.05012868344783783	0.127508744597435	0.5708215832710266
1717	0.04934296756982803	0.12750427424907684	0.570488691329956
1718	0.05079073831439018	0.12699201703071594	0.5740706920623779
1719	0.05030106008052826	0.12668350338935852	0.5772964358329773
1720	0.049720052629709244	0.12648090720176697	0.5792926549911499
1721	0.04929337650537491	0.12648579478263855	0.5789287686347961
1722	0.04961439222097397	0.12676291167736053	0.5769861340522766
1723	0.05045587196946144	0.12705732882022858	0.5744244456291199
1724	0.05006552115082741	0.12736086547374725	0.5723720788955688
1725	0.05053659901022911	0.1274964064359665	0.5715577006340027
1726	0.048869527876377106	0.1274774670600891	0.5726667046546936
1727	0.049163818359375	0.12738585472106934	0.5732256174087524
1728	0.05054815113544464	0.12755179405212402	0.5722594857215881
1729	0.04895848408341408	0.12753872573375702	0.5721763372421265
1730	0.05021647736430168	0.12753088772296906	0.5724666714668274
1731	0.05022968351840973	0.12723754346370697	0.5747166275978088
1732	0.04857960343360901	0.12706135213375092	0.5762253403663635
1733	0.048590272665023804	0.12701551616191864	0.5760597586631775
1734	0.04952526465058327	0.1271612048149109	0.5747734308242798
1735	0.050352923572063446	0.12726880609989166	0.5739275813102722
1736	0.04939493164420128	0.12719610333442688	0.5735359787940979
1737	0.04794519394636154	0.12719875574111938	0.5733015537261963
1738	0.048984114080667496	0.12710796296596527	0.5743016004562378
1739	0.04834512248635292	0.12656250596046448	0.578105092048645
1740	0.04993369057774544	0.12622292339801788	0.5808569192886353
1741	0.049346260726451874	0.1262551099061966	0.5808284878730774
1742	0.048664018511772156	0.12660780549049377	0.5792575478553772
1743	0.04906916245818138	0.126914843916893	0.5770524144172668
1744	0.050002407282590866	0.12707027792930603	0.5753384232521057
1745	0.04894518107175827	0.1269679218530655	0.5753077268600464
1746	0.04914090782403946	0.12685821950435638	0.5760905146598816
1747	0.048956502228975296	0.12673304975032806	0.5771642923355103
1748	0.048853978514671326	0.12682987749576569	0.5765333771705627
1749	0.04956325888633728	0.12708094716072083	0.5756315588951111
1750	0.04863433912396431	0.1270446479320526	0.5760550498962402
1751	0.050120968371629715	0.12681719660758972	0.5777795910835266
1752	0.049079492688179016	0.12713384628295898	0.5765254497528076
1753	0.049303408712148666	0.12763144075870514	0.5730779767036438
1754	0.050201185047626495	0.12846721708774567	0.5680733919143677
1755	0.05052465200424194	0.12852466106414795	0.5674976706504822
1756	0.04963205009698868	0.1278289407491684	0.57115238904953
1757	0.04857081547379494	0.12690512835979462	0.5761284828186035
1758	0.04886658117175102	0.12644313275814056	0.5789793133735657
1759	0.050269175320863724	0.12650758028030396	0.5774778127670288
1760	0.04883448779582977	0.12688598036766052	0.5741124153137207
1761	0.04889654740691185	0.12739193439483643	0.5712952613830566
1762	0.04926497861742973	0.1274873912334442	0.5708540678024292
1763	0.05038085952401161	0.12761884927749634	0.5703727006912231
1764	0.05007338151335716	0.12756267189979553	0.5717068910598755
1765	0.04931608960032463	0.1271912157535553	0.5747332572937012
1766	0.049255166202783585	0.1270686388015747	0.5764110684394836
1767	0.04874902218580246	0.12708567082881927	0.5772794485092163
1768	0.04933464154601097	0.12699609994888306	0.5785190463066101
1769	0.04950788617134094	0.1271449327468872	0.5781551003456116
1770	0.049224261194467545	0.12704750895500183	0.578396737575531
1771	0.04781089350581169	0.1270347386598587	0.5782117247581482
1772	0.04883778467774391	0.12691113352775574	0.5791637301445007
1773	0.04896801337599754	0.12683692574501038	0.5799694657325745
1774	0.04931717365980148	0.1269775778055191	0.5790132880210876
1775	0.04874632507562637	0.12707239389419556	0.5786675214767456
1776	0.049458689987659454	0.12736016511917114	0.5769560933113098
1777	0.04915284365415573	0.1275726705789566	0.5753840208053589
1778	0.04949536174535751	0.12764286994934082	0.5742371082305908
1779	0.04906151071190834	0.12725691497325897	0.5755496621131897
1780	0.049113012850284576	0.12676581740379333	0.5783262848854065
1781	0.04932698607444763	0.12634369730949402	0.5806816816329956
1782	0.04930275306105614	0.12609493732452393	0.5822627544403076
1783	0.04868367686867714	0.1260133534669876	0.5826247930526733
1784	0.04898260161280632	0.12597163021564484	0.5827316641807556
1785	0.04799257591366768	0.12593543529510498	0.5825424790382385
1786	0.048557039350271225	0.12615658342838287	0.580437958240509
1787	0.048259276896715164	0.1263173371553421	0.5783696174621582
1788	0.04804694652557373	0.12649810314178467	0.575843095779419
1789	0.048866406083106995	0.12669356167316437	0.5744507908821106
1790	0.0488397553563118	0.12673717737197876	0.5750029683113098
1791	0.05003451928496361	0.12669993937015533	0.5763905048370361
1792	0.048659488558769226	0.1266193687915802	0.5782725811004639
1793	0.04895631968975067	0.1264784187078476	0.5800473690032959
1794	0.04832970350980759	0.1265026479959488	0.5806620717048645
1795	0.04881609231233597	0.12662085890769958	0.5799644589424133
1796	0.0486270971596241	0.12676432728767395	0.5788565874099731
1797	0.048847053200006485	0.12691324949264526	0.5770973563194275
1798	0.046678535640239716	0.1269480139017105	0.5766013860702515
1799	0.047753527760505676	0.12681171298027039	0.5770492553710938
1800	0.04944143816828728	0.12665510177612305	0.5782214403152466
1801	0.0476682074368	0.12661395967006683	0.5782811045646667
1802	0.04870501533150673	0.12672129273414612	0.5777267813682556
1803	0.048720307648181915	0.12703609466552734	0.5767725110054016
1804	0.04836093634366989	0.12716597318649292	0.5762391686439514
1805	0.04917825013399124	0.12701308727264404	0.5773717761039734
1806	0.04896073043346405	0.12701086699962616	0.5775736570358276
1807	0.047767672687768936	0.12689048051834106	0.5782226920127869
1808	0.04812134429812431	0.126710906624794	0.5784598588943481
1809	0.04769469052553177	0.12664948403835297	0.5780671238899231
1810	0.0477137491106987	0.1267123967409134	0.5766177177429199
1811	0.04895475134253502	0.12693338096141815	0.5743062496185303
1812	0.04817494750022888	0.1270393580198288	0.5731844902038574
1813	0.04920942336320877	0.12684188783168793	0.5749810934066772
1814	0.04783567041158676	0.12651875615119934	0.5778712630271912
1815	0.04785211756825447	0.1263488233089447	0.5785994529724121
1816	0.04820310324430466	0.12600752711296082	0.5800514817237854
1817	0.0492931567132473	0.12622974812984467	0.5799834728240967
1818	0.04886852204799652	0.12680591642856598	0.5783892273902893
1819	0.049275562167167664	0.1267091929912567	0.5778472423553467
1820	0.04750829562544823	0.1265992373228073	0.578666627407074
1821	0.04820145294070244	0.12686151266098022	0.5781493782997131
1822	0.049261558800935745	0.12682309746742249	0.5795205235481262
1823	0.0470036044716835	0.1266971081495285	0.5802657008171082
1824	0.048095520585775375	0.1266261637210846	0.5807474851608276
1825	0.048161108046770096	0.12648431956768036	0.5817155241966248
1826	0.048482585698366165	0.12659943103790283	0.5810831189155579
1827	0.04751194640994072	0.12658271193504333	0.5810590386390686
1828	0.048382245004177094	0.1267317831516266	0.5802859663963318
1829	0.04648513346910477	0.12676705420017242	0.5809347629547119
1830	0.04774155095219612	0.12688365578651428	0.5808217525482178
1831	0.04872235283255577	0.12702572345733643	0.5798664093017578
1832	0.04698449745774269	0.12697161734104156	0.579480767250061
1833	0.047011181712150574	0.12711450457572937	0.5796810984611511
1834	0.04770887643098831	0.12693288922309875	0.5809245109558105
1835	0.04772045463323593	0.12607765197753906	0.5845178365707397
1836	0.047489430755376816	0.12566320598125458	0.5860376954078674
1837	0.04593789950013161	0.1255720555782318	0.5856202244758606
1838	0.04825259745121002	0.12578007578849792	0.5834702849388123
1839	0.04725605621933937	0.1260855346918106	0.581357479095459
1840	0.048623282462358475	0.12652547657489777	0.5781974792480469
1841	0.048118818551301956	0.12706729769706726	0.5759794116020203
1842	0.04888737574219704	0.12671978771686554	0.5780148506164551
1843	0.04761193320155144	0.12654797732830048	0.5795703530311584
1844	0.04856027662754059	0.12638166546821594	0.581767737865448
1845	0.04872274398803711	0.12649588286876678	0.5804281830787659
1846	0.04875163733959198	0.1267644464969635	0.5777904391288757
1847	0.04783305525779724	0.12685586512088776	0.5764674544334412
1848	0.04808516427874565	0.12728989124298096	0.5742601156234741
1849	0.04714280366897583	0.12715785205364227	0.5754541158676147
1850	0.04897547885775566	0.12699918448925018	0.5772131681442261
1851	0.04878031462430954	0.12679022550582886	0.5795401334762573
1852	0.04865139350295067	0.12657830119132996	0.5806111693382263
1853	0.04717932641506195	0.1266012042760849	0.5811380743980408
1854	0.04742184653878212	0.12637996673583984	0.5823777914047241
1855	0.04837871342897415	0.1261158436536789	0.5835456252098083
1856	0.048898134380578995	0.12607364356517792	0.5834499001502991
1857	0.04848983883857727	0.1259608417749405	0.583839476108551
1858	0.04739568755030632	0.12602491676807404	0.582719624042511
1859	0.04726284369826317	0.12642252445220947	0.5800012350082397
1860	0.04872484505176544	0.12659457325935364	0.5787745714187622
1861	0.047121498733758926	0.12667065858840942	0.5787391662597656
1862	0.04747797176241875	0.126787930727005	0.5784866213798523
1863	0.047053124755620956	0.12684904038906097	0.5784720182418823
1864	0.047445520758628845	0.12718886137008667	0.5771898627281189
1865	0.04786486178636551	0.12723733484745026	0.5777654051780701
1866	0.047777071595191956	0.12694746255874634	0.579991340637207
1867	0.04701615124940872	0.1269870102405548	0.5797058939933777
1868	0.04803535342216492	0.1271563619375229	0.5779743790626526
1869	0.04684438183903694	0.12711100280284882	0.5772896409034729
1870	0.04766780138015747	0.12699714303016663	0.5777901411056519
1871	0.04751525819301605	0.12662677466869354	0.5798619389533997
1872	0.04815128073096275	0.1264900118112564	0.57918381690979
1873	0.048345405608415604	0.12654058635234833	0.5788726210594177
1874	0.049734655767679214	0.12617503106594086	0.5816610455513
1875	0.04794749990105629	0.12611337006092072	0.5822834968566895
1876	0.048794928938150406	0.12618201971054077	0.5829352736473083
1877	0.047455038875341415	0.12632176280021667	0.5833611488342285
1878	0.04789188131690025	0.1266881823539734	0.5831325650215149
1879	0.048051781952381134	0.12720414996147156	0.5808800458908081
1880	0.04740076884627342	0.12772473692893982	0.5779451727867126
1881	0.047589778900146484	0.12805917859077454	0.5761042833328247
1882	0.046437520533800125	0.1279316246509552	0.5772319436073303
1883	0.04645007103681564	0.1277608722448349	0.5782911777496338
1884	0.04814804717898369	0.1273602992296219	0.5796179175376892
1885	0.048580631613731384	0.12713485956192017	0.5798938870429993
1886	0.047793012112379074	0.1270694136619568	0.5797573328018188
1887	0.04803472384810448	0.12715841829776764	0.5781742930412292
1888	0.04744071513414383	0.12734563648700714	0.5759068727493286
1889	0.04717979580163956	0.12718501687049866	0.5766338109970093
1890	0.047779619693756104	0.126913920044899	0.5783571600914001
1891	0.04728353023529053	0.1269039362668991	0.5787460803985596
1892	0.04740070924162865	0.12723122537136078	0.5774732828140259
1893	0.04737637937068939	0.1277337521314621	0.5748897194862366
1894	0.04713049530982971	0.12808826565742493	0.5718868970870972
1895	0.04795772582292557	0.12813059985637665	0.57091224193573
1896	0.04674277827143669	0.12807634472846985	0.5710747241973877
1897	0.04673588648438454	0.12807689607143402	0.5713881850242615
1898	0.04714260622859001	0.1280062198638916	0.5720932483673096
1899	0.04757408797740936	0.12783657014369965	0.573460578918457
1900	0.048153217881917953	0.1277790367603302	0.5740181803703308
1901	0.047824662178754807	0.1276361346244812	0.574904203414917
1902	0.04829476401209831	0.12736402451992035	0.5765727162361145
1903	0.048097770661115646	0.12701739370822906	0.5784876346588135
1904	0.04752836003899574	0.1269952952861786	0.5786486268043518
1905	0.04601096734404564	0.1271294355392456	0.5781345963478088
1906	0.04695998504757881	0.1271514892578125	0.5782328248023987
1907	0.04758793115615845	0.12737880647182465	0.5778436660766602
1908	0.04818522185087204	0.1277158558368683	0.5773153901100159
1909	0.04670436307787895	0.12798558175563812	0.5766593217849731
1910	0.04723266884684563	0.12792350351810455	0.5770215392112732
1911	0.046507660299539566	0.12789052724838257	0.5775740742683411
1912	0.0465688519179821	0.12782137095928192	0.5776201486587524
1913	0.04643081873655319	0.12765270471572876	0.5776512026786804
1914	0.04661547765135765	0.1272907704114914	0.5790897607803345
1915	0.046663541346788406	0.12719382345676422	0.5787076950073242
1916	0.046822596341371536	0.12702107429504395	0.5787689089775085
1917	0.048098381608724594	0.1267884522676468	0.5793236494064331
1918	0.046164557337760925	0.1266244500875473	0.579555094242096
1919	0.0458608902990818	0.1265294998884201	0.5803675055503845
1920	0.045787908136844635	0.12659002840518951	0.5800076723098755
1921	0.04703454300761223	0.12673643231391907	0.5800028443336487
1922	0.047285329550504684	0.12710389494895935	0.5799252390861511
1923	0.04708881676197052	0.12676377594470978	0.5822069644927979
1924	0.04727352410554886	0.12657654285430908	0.5843554139137268
1925	0.04741760715842247	0.12654845416545868	0.5853285789489746
1926	0.048317860811948776	0.12684130668640137	0.5840823650360107
1927	0.04704425856471062	0.1270497888326645	0.581895649433136
1928	0.046711355447769165	0.12735067307949066	0.5803511738777161
1929	0.04685010015964508	0.12759891152381897	0.5790498852729797
1930	0.04693448171019554	0.12782582640647888	0.5783659219741821
1931	0.046337760984897614	0.1281631886959076	0.5773624777793884
1932	0.047728702425956726	0.1283245086669922	0.5770425200462341
1933	0.047350797802209854	0.12835873663425446	0.5767025351524353
1934	0.04640020430088043	0.128468856215477	0.5751680135726929
1935	0.04723216965794563	0.12880226969718933	0.5721244215965271
1936	0.04659024626016617	0.12884972989559174	0.5712562799453735
1937	0.04773031175136566	0.12859800457954407	0.5730197429656982
1938	0.04630668833851814	0.12840987741947174	0.5736716389656067
1939	0.04764188453555107	0.12829580903053284	0.5740923881530762
1940	0.04719538614153862	0.12833647429943085	0.5735530853271484
1941	0.04714713618159294	0.1284320056438446	0.5731257796287537
1942	0.04551936686038971	0.12844887375831604	0.5729286074638367
1943	0.04555540904402733	0.12827491760253906	0.5740416049957275
1944	0.04622972756624222	0.12797144055366516	0.5759137272834778
1945	0.04700521379709244	0.12765464186668396	0.5777892470359802
1946	0.04675368219614029	0.12753145396709442	0.5780888199806213
1947	0.045784302055835724	0.12762047350406647	0.576824963092804
1948	0.047176264226436615	0.12762334942817688	0.5769132971763611
1949	0.046563856303691864	0.12767371535301208	0.5769304037094116
1950	0.04565752297639847	0.12763871252536774	0.5775966644287109
1951	0.04670267924666405	0.1276518553495407	0.5778030753135681
1952	0.04689474031329155	0.12772172689437866	0.5773572325706482
1953	0.04663510248064995	0.1273529827594757	0.5791534781455994
1954	0.0459299236536026	0.12713977694511414	0.5798075199127197
1955	0.04618623107671738	0.127008855342865	0.5803683996200562
1956	0.04643368721008301	0.1270563155412674	0.5808651447296143
1957	0.04592517763376236	0.12721768021583557	0.5802503824234009
1958	0.04650426656007767	0.12726043164730072	0.5800191164016724
1959	0.04629657790064812	0.12709122896194458	0.580604076385498
1960	0.04505321383476257	0.12686532735824585	0.5820152759552002
1961	0.04682117700576782	0.12663017213344574	0.5835785269737244
1962	0.04568846896290779	0.12666092813014984	0.5834369659423828
1963	0.04654346778988838	0.1271987110376358	0.5808553099632263
1964	0.04753531143069267	0.12793953716754913	0.5774813294410706
1965	0.04671049490571022	0.12761883437633514	0.578294575214386
1966	0.04683683067560196	0.12722188234329224	0.5803843140602112
1967	0.04608731344342232	0.12683193385601044	0.5832961797714233
1968	0.04668928682804108	0.12676547467708588	0.5839079022407532
1969	0.04631722345948219	0.12703341245651245	0.5821038484573364
1970	0.0464644692838192	0.12744387984275818	0.5802220106124878
1971	0.04609381780028343	0.1276826411485672	0.578885018825531
1972	0.046245276927948	0.12759238481521606	0.5793967247009277
1973	0.047060370445251465	0.12758216261863708	0.5793812870979309
1974	0.04707928001880646	0.12745678424835205	0.57999187707901
1975	0.04673796519637108	0.12712407112121582	0.5813572406768799
1976	0.04590541869401932	0.12707224488258362	0.5816048383712769
1977	0.04620667174458504	0.12720073759555817	0.581163763999939
1978	0.047147851437330246	0.12719763815402985	0.5812954306602478
1979	0.04529503732919693	0.12709325551986694	0.581796407699585
1980	0.0470554493367672	0.127062126994133	0.5819628834724426
1981	0.04566279426217079	0.12709636986255646	0.5818789005279541
1982	0.04708842933177948	0.1270686537027359	0.5819141268730164
1983	0.048318881541490555	0.126806378364563	0.5831100344657898
1984	0.045181918889284134	0.1266254335641861	0.5844125151634216
1985	0.047653403133153915	0.12648244202136993	0.5856170654296875
1986	0.04683942347764969	0.1263597458600998	0.586250364780426
1987	0.044916246086359024	0.12656481564044952	0.5845250487327576
1988	0.04663248732686043	0.12693241238594055	0.5820493102073669
1989	0.04636552557349205	0.12732015550136566	0.579494297504425
1990	0.0461152084171772	0.12737300992012024	0.5786827206611633
1991	0.045529577881097794	0.12725934386253357	0.5792484879493713
1992	0.04645821824669838	0.12729854881763458	0.58017498254776
1993	0.04645739123225212	0.12753582000732422	0.5808125734329224
1994	0.04615657404065132	0.12734800577163696	0.5822922587394714
1995	0.04586954414844513	0.12713298201560974	0.582236111164093
1996	0.045618653297424316	0.12748506665229797	0.5799019932746887
1997	0.046304941177368164	0.12762269377708435	0.5787962079048157
1998	0.04561552405357361	0.12763208150863647	0.5785139203071594
1999	0.0458187572658062	0.1275113970041275	0.5790697932243347
2000	0.04579818248748779	0.12711858749389648	0.5807117223739624
2001	0.045721493661403656	0.12675632536411285	0.5825337767601013
2002	0.046437039971351624	0.12657234072685242	0.5832679271697998
2003	0.04563920944929123	0.126704603433609	0.581953763961792
2004	0.04734640568494797	0.12708637118339539	0.5799158811569214
2005	0.04668847844004631	0.12753868103027344	0.5776594877243042
2006	0.045287180691957474	0.12774963676929474	0.5769530534744263
2007	0.045417554676532745	0.1276339441537857	0.5785112380981445
2008	0.04590450972318649	0.12745045125484467	0.5804036259651184
2009	0.0459073930978775	0.12720318138599396	0.5823512673377991
2010	0.0464153029024601	0.12727731466293335	0.5823628306388855
2011	0.04596349596977234	0.12740400433540344	0.5823023319244385
2012	0.045126501470804214	0.12744353711605072	0.582449734210968
2013	0.04545462876558304	0.12746284902095795	0.5823333263397217
2014	0.04604259133338928	0.12710577249526978	0.5835810899734497
2015	0.04545219987630844	0.1268114149570465	0.5847627520561218
2016	0.045943692326545715	0.12645484507083893	0.5859619975090027
2017	0.04607277363538742	0.12620161473751068	0.5856454968452454
2018	0.04602186009287834	0.12593084573745728	0.5860304236412048
2019	0.04541202262043953	0.12593434751033783	0.5855016112327576
2020	0.04640982672572136	0.12618273496627808	0.5836361050605774
2021	0.04579280689358711	0.12634479999542236	0.5828587412834167
2022	0.046109650284051895	0.126517653465271	0.5826665759086609
2023	0.045111045241355896	0.12680457532405853	0.5825599431991577
2024	0.04529448226094246	0.12701375782489777	0.582945704460144
2025	0.045708414167165756	0.12743045389652252	0.5820731520652771
2026	0.046384092420339584	0.12758460640907288	0.5816124081611633
2027	0.04470553994178772	0.1276492178440094	0.5814067721366882
2028	0.04585128650069237	0.1277695894241333	0.5807234048843384
2029	0.04515509307384491	0.12774743139743805	0.5803966522216797
2030	0.046305667608976364	0.1279311329126358	0.579487681388855
2031	0.044762201607227325	0.12804880738258362	0.5796302556991577
2032	0.04538074508309364	0.12817327678203583	0.5791285037994385
2033	0.04536185413599014	0.12814836204051971	0.5799383521080017
2034	0.045540351420640945	0.12738671898841858	0.5837051272392273
2035	0.04581444710493088	0.12658260762691498	0.5873761177062988
2036	0.044853050261735916	0.12628936767578125	0.5884624719619751
2037	0.04586353898048401	0.1262635439634323	0.5885627865791321
2038	0.04637293890118599	0.12616896629333496	0.5892950892448425
2039	0.04593849554657936	0.12625853717327118	0.5885794758796692
2040	0.045251164585351944	0.12660109996795654	0.5864909887313843
2041	0.04552885890007019	0.12695401906967163	0.5840772986412048
2042	0.04531177133321762	0.127224862575531	0.5826404094696045
2043	0.04400116950273514	0.12751871347427368	0.5814168453216553
2044	0.045164093375205994	0.12762054800987244	0.5817534923553467
2045	0.04603726416826248	0.1277810037136078	0.5818395614624023
2046	0.04506928473711014	0.12799091637134552	0.5817746520042419
2047	0.04561576992273331	0.12806028127670288	0.5815199017524719
2048	0.04464062675833702	0.12794910371303558	0.5819123387336731
2049	0.04585708677768707	0.12765619158744812	0.5836802124977112
2050	0.04343681409955025	0.12748217582702637	0.5848788022994995
2051	0.04581622779369354	0.12748342752456665	0.5848336219787598
2052	0.04568351432681084	0.1275089979171753	0.5840620398521423
2053	0.04583372920751572	0.12738199532032013	0.5840188264846802
2054	0.045672185719013214	0.1272420436143875	0.5831966400146484
2055	0.04571271687746048	0.12721917033195496	0.5817685723304749
2056	0.04572541266679764	0.12727947533130646	0.5808902382850647
2057	0.045749641954898834	0.12736158072948456	0.5803642272949219
2058	0.045883070677518845	0.12741199135780334	0.5801509022712708
2059	0.04545065015554428	0.1273283064365387	0.5812063217163086
2060	0.045367781072854996	0.12713292241096497	0.5825677514076233
2061	0.045218970626592636	0.12715883553028107	0.5827672481536865
2062	0.046550411731004715	0.12742626667022705	0.5818692445755005
2063	0.044504664838314056	0.12761645019054413	0.580550491809845
2064	0.045878734439611435	0.12770183384418488	0.5794594883918762
2065	0.045614518225193024	0.12780354917049408	0.5787850618362427
2066	0.044454824179410934	0.12781687080860138	0.5790791511535645
2067	0.0454903207719326	0.12776100635528564	0.5797114968299866
2068	0.04432344809174538	0.12790891528129578	0.5801753997802734
2069	0.046002279967069626	0.12788204848766327	0.5813590288162231
2070	0.044901005923748016	0.12778548896312714	0.5822288990020752
2071	0.04584910720586777	0.12757815420627594	0.5829046964645386
2072	0.043805286288261414	0.12752105295658112	0.5825611352920532
2073	0.04464631527662277	0.12753179669380188	0.5814985632896423
2074	0.044899214059114456	0.12750419974327087	0.5810958743095398
2075	0.0450710691511631	0.12720565497875214	0.5829234719276428
2076	0.043878570199012756	0.1269335299730301	0.5839450359344482
2077	0.044710587710142136	0.1266656070947647	0.584850549697876
2078	0.04459214210510254	0.12656015157699585	0.5852227807044983
2079	0.04548215866088867	0.1264096200466156	0.5855263471603394
2080	0.04444209113717079	0.12633685767650604	0.5855132937431335
2081	0.044895656406879425	0.12659835815429688	0.5846163034439087
2082	0.045067545026540756	0.12689842283725739	0.5833337306976318
2083	0.044778045266866684	0.1271035373210907	0.5828837156295776
2084	0.04395370930433273	0.12736161053180695	0.5819927453994751
2085	0.044250890612602234	0.1275845617055893	0.5815284252166748
2086	0.043831028044223785	0.12765948474407196	0.5815429091453552
2087	0.04568296670913696	0.12776218354701996	0.5811260342597961
2088	0.04283272847533226	0.12785769999027252	0.5807061791419983
2089	0.04434685409069061	0.12792079150676727	0.5801350474357605
2090	0.045258987694978714	0.12816882133483887	0.5781103372573853
2091	0.04559394344687462	0.12820149958133698	0.5775360465049744
2092	0.04481826722621918	0.12798656523227692	0.5786988735198975
2093	0.044573958963155746	0.12781046330928802	0.5797874331474304
2094	0.043871473520994186	0.1275813728570938	0.5817832946777344
2095	0.04460161551833153	0.12743686139583588	0.5833863019943237
2096	0.043698884546756744	0.12748201191425323	0.5839122533798218
2097	0.04386325925588608	0.127900168299675	0.5833475589752197
2098	0.04429014027118683	0.1277114450931549	0.5842012763023376
2099	0.04528675600886345	0.12705565989017487	0.5868537425994873
2100	0.04352064058184624	0.12676890194416046	0.5889060497283936
2101	0.04463506117463112	0.12653440237045288	0.5897398591041565
2102	0.0452268123626709	0.1266143023967743	0.5884237289428711
2103	0.04479694366455078	0.12696705758571625	0.5861628651618958
2104	0.043855246156454086	0.12752234935760498	0.583387017250061
2105	0.0452505387365818	0.12777195870876312	0.5819161534309387
2106	0.0456380657851696	0.12783928215503693	0.5814203023910522
2107	0.044046901166439056	0.12797710299491882	0.5812416076660156
2108	0.043963633477687836	0.12833112478256226	0.5795926451683044
2109	0.0452435128390789	0.12851591408252716	0.5789169073104858
2110	0.04414835199713707	0.1286483258008957	0.5783054232597351
2111	0.0449666902422905	0.1285177618265152	0.57923823595047
2112	0.04395502060651779	0.12810438871383667	0.5811718702316284
2113	0.04463408887386322	0.1278092861175537	0.5822170376777649
2114	0.04418729245662689	0.1278354674577713	0.5809545516967773
2115	0.044091157615184784	0.1280614286661148	0.5790179371833801
2116	0.044197242707014084	0.12828271090984344	0.5777891278266907
2117	0.04599791392683983	0.12844356894493103	0.5773037075996399
2118	0.04534154757857323	0.1284705400466919	0.5778485536575317
2119	0.04518650472164154	0.12810620665550232	0.5798991322517395
2120	0.04437847062945366	0.1279830038547516	0.5808714628219604
2121	0.04396897926926613	0.12817826867103577	0.580615222454071
2122	0.04406243935227394	0.1284848302602768	0.5801280736923218
2123	0.04360491782426834	0.12882594764232635	0.5783869624137878
2124	0.0441104881465435	0.12888836860656738	0.5780880451202393
2125	0.04514250159263611	0.1284884661436081	0.5798417925834656
2126	0.0446295402944088	0.1278267502784729	0.5823774933815002
2127	0.044697072356939316	0.12723228335380554	0.5846120119094849
2128	0.044045448303222656	0.12682735919952393	0.585943877696991
2129	0.04343881458044052	0.12673626840114594	0.5864891409873962
2130	0.04447823390364647	0.12678565084934235	0.5862600207328796
2131	0.04383191093802452	0.1269325166940689	0.5855550169944763
2132	0.044223085045814514	0.1271708458662033	0.5843689441680908
2133	0.044522643089294434	0.12710823118686676	0.5850180983543396
2134	0.04439925402402878	0.12712650001049042	0.5859683156013489
2135	0.04519154876470566	0.1272403448820114	0.5869971513748169
2136	0.04487934336066246	0.12743669748306274	0.5874931216239929
2137	0.04375829920172691	0.12728272378444672	0.5878140330314636
2138	0.04410894215106964	0.1274511218070984	0.585837721824646
2139	0.04457573965191841	0.12790188193321228	0.5823336243629456
2140	0.04426179081201553	0.12792521715164185	0.5806388258934021
2141	0.04423534870147705	0.12770147621631622	0.581211268901825
2142	0.04351280629634857	0.12722556293010712	0.5839381814002991
2143	0.04447139427065849	0.12687119841575623	0.5860846638679504
2144	0.04412767291069031	0.12653936445713043	0.5887333154678345
2145	0.043314773589372635	0.12650606036186218	0.5895181894302368
2146	0.043080806732177734	0.12693582475185394	0.5885430574417114
2147	0.0445515513420105	0.12725575268268585	0.5884498953819275
2148	0.044720906764268875	0.12709346413612366	0.5898929238319397
2149	0.043722789734601974	0.12689797580242157	0.5912250876426697
2150	0.04406068101525307	0.12678079307079315	0.5923270583152771
2151	0.04338153824210167	0.12672629952430725	0.5930108428001404
2152	0.043715860694646835	0.1267000436782837	0.592899739742279
2153	0.0434221550822258	0.12684296071529388	0.5928015112876892
2154	0.04413996636867523	0.12738212943077087	0.590785562992096
2155	0.04349369555711746	0.1276055872440338	0.5888429284095764
2156	0.04449354484677315	0.12707814574241638	0.5890258550643921
2157	0.04422122612595558	0.1265886425971985	0.5900607705116272
2158	0.04504646733403206	0.1264270842075348	0.59015291929245
2159	0.043586499989032745	0.12653394043445587	0.5898252129554749
2160	0.04436783865094185	0.12675513327121735	0.5899646282196045
2161	0.043555811047554016	0.12730176746845245	0.5890012979507446
2162	0.04388181120157242	0.12762178480625153	0.5873568654060364
2163	0.04440075159072876	0.12765300273895264	0.5866583585739136
2164	0.04538598656654358	0.12770825624465942	0.5860092043876648
2165	0.043951086699962616	0.12793704867362976	0.585119366645813
2166	0.04370671510696411	0.12793755531311035	0.5845040678977966
2167	0.0441044382750988	0.12806302309036255	0.5834644436836243
2168	0.0438605397939682	0.1282583326101303	0.5827162861824036
2169	0.0439256951212883	0.12815167009830475	0.5834452509880066
2170	0.0441453717648983	0.1280083954334259	0.5839985013008118
2171	0.04355044290423393	0.12778256833553314	0.5845586061477661
2172	0.043972305953502655	0.12758073210716248	0.5844131112098694
2173	0.043520160019397736	0.12756109237670898	0.5839414000511169
2174	0.043309539556503296	0.12758922576904297	0.5839115977287292
2175	0.04340684786438942	0.1278509795665741	0.584191083908081
2176	0.04480673372745514	0.12769053876399994	0.5861250758171082
2177	0.04394964128732681	0.12733376026153564	0.5877967476844788
2178	0.043173953890800476	0.12697716057300568	0.5890213847160339
2179	0.04406999424099922	0.1267038881778717	0.5895108580589294
2180	0.043834153562784195	0.12687698006629944	0.5887413024902344
2181	0.043260786682367325	0.12710748612880707	0.5883997082710266
2182	0.044152725487947464	0.12729503214359283	0.5878866314888
2183	0.043697889894247055	0.12730087339878082	0.5877282619476318
2184	0.04425209388136864	0.12720680236816406	0.5880906581878662
2185	0.04251677915453911	0.1270875632762909	0.588750422000885
2186	0.043740130960941315	0.1270839422941208	0.5889691114425659
2187	0.04333366081118584	0.12712591886520386	0.5889809131622314
2188	0.04232959449291229	0.12723895907402039	0.5885249972343445
2189	0.04337750002741814	0.12711593508720398	0.5887119174003601
2190	0.043584734201431274	0.12687940895557404	0.589643657207489
2191	0.04405379295349121	0.12650810182094574	0.5909405946731567
2192	0.04341413825750351	0.12618309259414673	0.592153787612915
2193	0.04410742223262787	0.12608285248279572	0.5923340916633606
2194	0.04361359030008316	0.1261645257472992	0.5918858647346497
2195	0.042897071689367294	0.12622438371181488	0.5913897156715393
2196	0.04290768504142761	0.12626157701015472	0.591110110282898
2197	0.043333616107702255	0.1264141947031021	0.590215265750885
2198	0.04349318891763687	0.12662625312805176	0.59004145860672
2199	0.04417940974235535	0.12713629007339478	0.5888814926147461
2200	0.044378042221069336	0.12741197645664215	0.5875028371810913
2201	0.04321862384676933	0.1274769902229309	0.5861376523971558
2202	0.0436004139482975	0.12739600241184235	0.5858263373374939
2203	0.04345177486538887	0.12694241106510162	0.5880158543586731
2204	0.04207999259233475	0.12659485638141632	0.5906794667243958
2205	0.044371347874403	0.1264002025127411	0.5924530029296875
2206	0.04479777440428734	0.12665405869483948	0.5920532941818237
2207	0.04286767542362213	0.12694819271564484	0.5913838744163513
2208	0.04431387409567833	0.12685154378414154	0.5904074907302856
2209	0.04341065511107445	0.1265323907136917	0.5902760028839111
2210	0.043795887380838394	0.1263127326965332	0.590579092502594
2211	0.04317694157361984	0.1261170655488968	0.5922308564186096
2212	0.0438610315322876	0.1259775459766388	0.5939832925796509
2213	0.04427562654018402	0.12617632746696472	0.5940374135971069
2214	0.04366929084062576	0.12659874558448792	0.592909038066864
2215	0.043613675981760025	0.12701410055160522	0.5903145670890808
2216	0.043083611875772476	0.12744738161563873	0.5875493288040161
2217	0.04257449507713318	0.1277807056903839	0.5853676795959473
2218	0.043167974799871445	0.12798599898815155	0.5843929052352905
2219	0.04426680877804756	0.12823911011219025	0.5833971500396729
2220	0.043056972324848175	0.12836582958698273	0.5828565955162048
2221	0.0432906299829483	0.12879601120948792	0.5818164348602295
2222	0.04369288682937622	0.12882913649082184	0.5811610817909241
2223	0.042900990694761276	0.12876883149147034	0.5797449350357056
2224	0.04297781363129616	0.1287672072649002	0.5787046551704407
2225	0.042920131236314774	0.12860040366649628	0.5798747539520264
2226	0.04340394586324692	0.12847095727920532	0.5818643569946289
2227	0.043513648211956024	0.12809452414512634	0.5845373868942261
2228	0.04255739599466324	0.12766271829605103	0.5866789817810059
2229	0.043154772371053696	0.12741540372371674	0.587860107421875
2230	0.04274773225188255	0.12742756307125092	0.587791919708252
2231	0.044034603983163834	0.12790001928806305	0.5870519876480103
2232	0.043325286358594894	0.1281413584947586	0.5865001082420349
2233	0.04328243061900139	0.1284736841917038	0.5855305790901184
2234	0.04405007138848305	0.12842898070812225	0.5850116610527039
2235	0.04306073859333992	0.12829606235027313	0.5842498540878296
2236	0.04373185336589813	0.1283743530511856	0.5830764174461365
2237	0.04228290170431137	0.12832555174827576	0.5838969945907593
2238	0.04345904663205147	0.12815341353416443	0.5855814218521118
2239	0.04351050406694412	0.12775808572769165	0.5875541567802429
2240	0.0428038090467453	0.12744295597076416	0.5894854068756104
2241	0.04242686554789543	0.12723308801651	0.5901848077774048
2242	0.04334782436490059	0.12683692574501038	0.5917332768440247
2243	0.04279061406850815	0.12651926279067993	0.5929561853408813
2244	0.04282667487859726	0.12639345228672028	0.5938209891319275
2245	0.04324960336089134	0.12644457817077637	0.5939465165138245
2246	0.043379928916692734	0.12653318047523499	0.5941388607025146
2247	0.043233439326286316	0.1263366937637329	0.5947191119194031
2248	0.04213325306773186	0.12624339759349823	0.5946400165557861
2249	0.042376063764095306	0.12618809938430786	0.5931506752967834
2250	0.04199010133743286	0.1263452023267746	0.5918274521827698
2251	0.04360518977046013	0.1267719715833664	0.5908105969429016
2252	0.0450628437101841	0.12704460322856903	0.5911023020744324
2253	0.044301535934209824	0.1270589828491211	0.5920669436454773
2254	0.043311089277267456	0.12674689292907715	0.5938155651092529
2255	0.042351577430963516	0.12627489864826202	0.5952799320220947
2256	0.042791273444890976	0.1261908859014511	0.5953843593597412
2257	0.04298490658402443	0.12632882595062256	0.5947849750518799
2258	0.04297458380460739	0.1270340383052826	0.5929343700408936
2259	0.04353729635477066	0.1276606023311615	0.5896362662315369
2260	0.04395635053515434	0.12783308327198029	0.5873985290527344
2261	0.04363327473402023	0.12779662013053894	0.5857694745063782
2262	0.04224047064781189	0.1277862936258316	0.5848327279090881
2263	0.04293251410126686	0.12758769094944	0.5852824449539185
2264	0.04234083369374275	0.12766441702842712	0.585341215133667
2265	0.04386568441987038	0.1277783364057541	0.5860558748245239
2266	0.04270821437239647	0.12781637907028198	0.5869312286376953
2267	0.041691988706588745	0.12798792123794556	0.5871347188949585
2268	0.04358853027224541	0.12803907692432404	0.5874407887458801
2269	0.04155886173248291	0.12830881774425507	0.5859786868095398
2270	0.04255397617816925	0.1284152716398239	0.58466637134552
2271	0.043424349278211594	0.12821577489376068	0.5857342481613159
2272	0.043077681213617325	0.12806759774684906	0.5857046842575073
2273	0.04241302236914635	0.12798438966274261	0.5846360921859741
2274	0.042142774909734726	0.12794283032417297	0.5850751399993896
2275	0.04377899691462517	0.12791739404201508	0.5859388709068298
2276	0.04210297763347626	0.1278918832540512	0.5860660076141357
2277	0.04229259490966797	0.12805935740470886	0.5856485366821289
2278	0.04181566461920738	0.12839375436306	0.5847216248512268
2279	0.04266004264354706	0.12858685851097107	0.5846460461616516
2280	0.04322217032313347	0.1287674754858017	0.585003674030304
2281	0.04366059601306915	0.12855210900306702	0.5862699151039124
2282	0.04267289862036705	0.12807227671146393	0.5881813764572144
2283	0.04182223975658417	0.12758074700832367	0.5901593565940857
2284	0.04199908301234245	0.12703855335712433	0.5918273329734802
2285	0.04338895529508591	0.1266937553882599	0.59228515625
2286	0.043535929173231125	0.12667927145957947	0.5921238660812378
2287	0.04286590963602066	0.1270953267812729	0.5913199186325073
2288	0.0430365614593029	0.12717388570308685	0.5923988819122314
2289	0.042238980531692505	0.12695583701133728	0.593399703502655
2290	0.04284324496984482	0.12694023549556732	0.5941911339759827
2291	0.043161679059267044	0.1270008087158203	0.5943724513053894
2292	0.04307480528950691	0.12702442705631256	0.5942585468292236
2293	0.04263904318213463	0.1272081583738327	0.5926044583320618
2294	0.042403705418109894	0.1276782602071762	0.5898764729499817
2295	0.04223378002643585	0.1280336081981659	0.5882097482681274
2296	0.04177070036530495	0.12812410295009613	0.5874191522598267
2297	0.04334927722811699	0.12796881794929504	0.5874348878860474
2298	0.0423450730741024	0.12782375514507294	0.5868825912475586
2299	0.04162612929940224	0.12772969901561737	0.5861296653747559
2300	0.04242420196533203	0.12795685231685638	0.5849664211273193
2301	0.042818401008844376	0.12822209298610687	0.5841528177261353
2302	0.042203713208436966	0.12865960597991943	0.5833914279937744
2303	0.042287636548280716	0.1289391964673996	0.5828226804733276
2304	0.04158699885010719	0.12875348329544067	0.5835033059120178
2305	0.0416744239628315	0.1282826066017151	0.5847640633583069
2306	0.04305269196629524	0.12792231142520905	0.5866627097129822
2307	0.04185355827212334	0.12791061401367188	0.5876023173332214
2308	0.042543791234493256	0.12798017263412476	0.5879266858100891
2309	0.04124107211828232	0.12836508452892303	0.5878856182098389
2310	0.04139994457364082	0.12876750528812408	0.5870184302330017
2311	0.04289555549621582	0.1287851780653	0.5863534808158875
2312	0.043680764734745026	0.1285487413406372	0.5857803821563721
2313	0.042415179312229156	0.12835194170475006	0.5852997899055481
2314	0.042057253420352936	0.12809143960475922	0.5859013795852661
2315	0.04278815537691116	0.12803713977336884	0.5861521363258362
2316	0.04287319630384445	0.12788614630699158	0.5872215032577515
2317	0.04292317107319832	0.12785089015960693	0.5878244042396545
2318	0.041641123592853546	0.12761342525482178	0.5887154340744019
2319	0.041766609996557236	0.12748658657073975	0.589595377445221
2320	0.04262030869722366	0.12762512266635895	0.5894805788993835
2321	0.04229651018977165	0.12790216505527496	0.5886082649230957
2322	0.04207012429833412	0.1281706541776657	0.5866938829421997
2323	0.0410350039601326	0.1282111555337906	0.5851740837097168
2324	0.04189053177833557	0.1281430572271347	0.5850272178649902
2325	0.042517758905887604	0.12836390733718872	0.5848835706710815
2326	0.042089611291885376	0.1285562813282013	0.5829439759254456
2327	0.0413140207529068	0.12898418307304382	0.5797390341758728
2328	0.0414423793554306	0.12902027368545532	0.5796487927436829
2329	0.042952798306941986	0.1289464235305786	0.5796391367912292
2330	0.04288598895072937	0.12855179607868195	0.5823926329612732
2331	0.04290078207850456	0.12810319662094116	0.5851247310638428
2332	0.04239702224731445	0.12779147922992706	0.5872285962104797
2333	0.04142127186059952	0.12775298953056335	0.5876048803329468
2334	0.04227585345506668	0.12789618968963623	0.5875222682952881
2335	0.04288205876946449	0.12782791256904602	0.5877835750579834
2336	0.042741551995277405	0.12784957885742188	0.5872427821159363
2337	0.04219786077737808	0.12811070680618286	0.5855961441993713
2338	0.04223594814538956	0.12820981442928314	0.5846267938613892
2339	0.041587814688682556	0.12814480066299438	0.5861015915870667
2340	0.04190050810575485	0.1283138543367386	0.5871442556381226
2341	0.042223770171403885	0.12851209938526154	0.5875804424285889
2342	0.04203099012374878	0.12867037951946259	0.5868268609046936
2343	0.04228883981704712	0.1287795901298523	0.5852631330490112
2344	0.042230166494846344	0.12887758016586304	0.5835267901420593
2345	0.04187020659446716	0.1290385127067566	0.5827716588973999
2346	0.04161062091588974	0.1292489618062973	0.5818578600883484
2347	0.04335451498627663	0.12928783893585205	0.5821669697761536
2348	0.04120688512921333	0.12899436056613922	0.5838559865951538
2349	0.04147296026349068	0.12862397730350494	0.5850980877876282
2350	0.04094640165567398	0.12861838936805725	0.5839581489562988
2351	0.04268505051732063	0.12890826165676117	0.5820966958999634
2352	0.04161422699689865	0.12910327315330505	0.5809718370437622
2353	0.041580475866794586	0.12938649952411652	0.5799979567527771
2354	0.04197654500603676	0.1296321004629135	0.5804073214530945
2355	0.041840776801109314	0.12926127016544342	0.5826518535614014
2356	0.04275013133883476	0.1289757341146469	0.5837923884391785
2357	0.041801005601882935	0.12870274484157562	0.584848940372467
2358	0.042396821081638336	0.1284767985343933	0.5859018564224243
2359	0.0418119803071022	0.128384068608284	0.5869695544242859
2360	0.04273968189954758	0.12830884754657745	0.588744044303894
2361	0.042781662195920944	0.1278187483549118	0.5906943082809448
2362	0.04101080447435379	0.12715980410575867	0.5924742221832275
2363	0.04143649339675903	0.12689410150051117	0.5928528904914856
2364	0.04037061333656311	0.1271093487739563	0.5913518667221069
2365	0.041792940348386765	0.12752431631088257	0.5889635682106018
2366	0.04255212843418121	0.12809473276138306	0.5854287147521973
2367	0.042514923959970474	0.12868459522724152	0.5827958583831787
2368	0.04166743531823158	0.12893255054950714	0.5832706093788147
2369	0.0414300300180912	0.12908893823623657	0.5840263366699219
2370	0.042271293699741364	0.12884660065174103	0.5860629081726074
2371	0.04165705293416977	0.1286519169807434	0.5876263380050659
2372	0.04133017361164093	0.12857265770435333	0.5887482762336731
2373	0.0415978729724884	0.1284957379102707	0.5898561477661133
2374	0.04267711564898491	0.12850983440876007	0.5904136300086975
2375	0.04169875383377075	0.12860241532325745	0.5906327366828918
2376	0.040944088250398636	0.12862873077392578	0.5898234248161316
2377	0.04227859899401665	0.1285022348165512	0.589237630367279
2378	0.042006995528936386	0.12831172347068787	0.5894293189048767
2379	0.04159490391612053	0.12820462882518768	0.5894507169723511
2380	0.041635215282440186	0.1284506469964981	0.5881968140602112
2381	0.04237661883234978	0.1288186013698578	0.5861746668815613
2382	0.04086528718471527	0.12909825146198273	0.5853232741355896
2383	0.041791170835494995	0.12949928641319275	0.5844143629074097
2384	0.04190491512417793	0.12990957498550415	0.5834664702415466
2385	0.040872711688280106	0.1298712193965912	0.582263171672821
2386	0.041468895971775055	0.12947267293930054	0.5832859873771667
2387	0.04127819463610649	0.1293315291404724	0.5837019681930542
2388	0.04053806886076927	0.12913808226585388	0.5841633677482605
2389	0.041527699679136276	0.12899340689182281	0.5844233632087708
2390	0.04195486009120941	0.12906582653522491	0.5845780968666077
2391	0.04110940545797348	0.12928107380867004	0.5847786068916321
2392	0.04226035252213478	0.12922930717468262	0.5848195552825928
2393	0.04165809974074364	0.12901462614536285	0.5846701860427856
2394	0.04181201010942459	0.12884460389614105	0.584145188331604
2395	0.04192120209336281	0.12884414196014404	0.5840670466423035
2396	0.04183279350399971	0.12916795909404755	0.5842980742454529
2397	0.0413123294711113	0.12945811450481415	0.5842932462692261
2398	0.04283794388175011	0.12939265370368958	0.5836939215660095
2399	0.041989244520664215	0.12911270558834076	0.5840696096420288
2400	0.04229002073407173	0.12924180924892426	0.5827500820159912
2401	0.040828362107276917	0.12936629354953766	0.5817327499389648
2402	0.041300415992736816	0.12927600741386414	0.5823175311088562
2403	0.04091459885239601	0.1293524205684662	0.5818265676498413
2404	0.04053489491343498	0.12926344573497772	0.5821568369865417
2405	0.04107141122221947	0.1290057748556137	0.5827929377555847
2406	0.04130927473306656	0.12874369323253632	0.5830672979354858
2407	0.040990401059389114	0.12862244248390198	0.5823562741279602
2408	0.0408465676009655	0.1287619024515152	0.581390380859375
2409	0.042630668729543686	0.1286293864250183	0.5819055438041687
2410	0.04198211804032326	0.12866319715976715	0.5827978849411011
2411	0.041317857801914215	0.12883010506629944	0.5833393335342407
2412	0.04153747484087944	0.12888206541538239	0.5842779874801636
2413	0.0420876145362854	0.1289137750864029	0.5843318104743958
2414	0.04228384047746658	0.1287902295589447	0.5839122533798218
2415	0.04147569462656975	0.1287788301706314	0.5836461782455444
2416	0.04187227785587311	0.12876513600349426	0.5840374231338501
2417	0.04111737385392189	0.12872934341430664	0.5849418640136719
2418	0.04169660061597824	0.1286901980638504	0.5864399075508118
2419	0.04294724762439728	0.12867741286754608	0.587531566619873
2420	0.04165005311369896	0.12895557284355164	0.5875632166862488
2421	0.04099629074335098	0.12886574864387512	0.5880812406539917
2422	0.0419921800494194	0.12871180474758148	0.5881052613258362
2423	0.04121784493327141	0.1286344826221466	0.5875834822654724
2424	0.041794292628765106	0.1286100149154663	0.5870779156684875
2425	0.041000038385391235	0.12872911989688873	0.587580144405365
2426	0.042270444333553314	0.12889301776885986	0.5881572365760803
2427	0.041029881685972214	0.12908148765563965	0.5874739289283752
2428	0.04188675060868263	0.12904253602027893	0.5869458317756653
2429	0.041462045162916183	0.12885068356990814	0.586820662021637
2430	0.040821418166160583	0.12861087918281555	0.5870401859283447
2431	0.040926847606897354	0.12852807343006134	0.5873417258262634
2432	0.04140846058726311	0.12833459675312042	0.5877572894096375
2433	0.0402592234313488	0.12840713560581207	0.5871546864509583
2434	0.04044327512383461	0.1284913569688797	0.5862296223640442
2435	0.0401119589805603	0.12815383076667786	0.587383508682251
2436	0.039966702461242676	0.128096342086792	0.5879471898078918
2437	0.041597068309783936	0.12806348502635956	0.5881699323654175
2438	0.04052771255373955	0.12832756340503693	0.5871028304100037
2439	0.04096453636884689	0.12858307361602783	0.5860345959663391
2440	0.041625313460826874	0.1288718432188034	0.5845112800598145
2441	0.04167340323328972	0.12906348705291748	0.5837419033050537
2442	0.041479550302028656	0.12895581126213074	0.5844396948814392
2443	0.040878113359212875	0.12869803607463837	0.585388720035553
2444	0.04063551872968674	0.1283917874097824	0.5866773724555969
2445	0.04064813256263733	0.1283402293920517	0.587004542350769
2446	0.04031199589371681	0.12830156087875366	0.5872390270233154
2447	0.04159574210643768	0.12847964465618134	0.5859401822090149
2448	0.04226072132587433	0.1290440708398819	0.5840032696723938
2449	0.040767453610897064	0.12917272746562958	0.5841184258460999
2450	0.04191651940345764	0.12913434207439423	0.5850943326950073
2451	0.040681757032871246	0.1288827806711197	0.5859923362731934
2452	0.04132713004946709	0.12897498905658722	0.5858027338981628
2453	0.0409676656126976	0.1293221116065979	0.5853184461593628
2454	0.04057057574391365	0.12963205575942993	0.5853739976882935
2455	0.041523467749357224	0.12950928509235382	0.5861647129058838
2456	0.041338127106428146	0.12951989471912384	0.5859358906745911
2457	0.041329652070999146	0.1292480081319809	0.5862669944763184
2458	0.04167849197983742	0.1287277638912201	0.5878739953041077
2459	0.04132246971130371	0.128135547041893	0.5901128053665161
2460	0.04131679609417915	0.12807953357696533	0.590321958065033
2461	0.04205800220370293	0.1281413435935974	0.5896395444869995
2462	0.04168946295976639	0.12815192341804504	0.589518129825592
2463	0.041225239634513855	0.1282118558883667	0.5892608165740967
2464	0.04088926687836647	0.12833572924137115	0.5887212157249451
2465	0.04061700403690338	0.12835222482681274	0.5894030332565308
2466	0.04097515717148781	0.12838813662528992	0.5905207395553589
2467	0.04088691249489784	0.12838062644004822	0.5917434096336365
2468	0.04109344631433487	0.1282573640346527	0.5929568409919739
2469	0.04030131176114082	0.1280113309621811	0.593470573425293
2470	0.041036054491996765	0.12792076170444489	0.5935345888137817
2471	0.04078414663672447	0.1280083954334259	0.5930726528167725
2472	0.03978126123547554	0.1281028538942337	0.5920600891113281
2473	0.04056167975068092	0.12829196453094482	0.5908219218254089
2474	0.040976930409669876	0.12853100895881653	0.590476930141449
2475	0.04139304906129837	0.12869110703468323	0.5908616185188293
2476	0.041091471910476685	0.1290408968925476	0.5900225639343262
2477	0.04055728390812874	0.12929056584835052	0.5883901119232178
2478	0.041278913617134094	0.12930482625961304	0.5870993733406067
2479	0.04073183983564377	0.12946900725364685	0.5862773656845093
2480	0.0416642464697361	0.12945707142353058	0.5867207646369934
2481	0.04176531732082367	0.12922480702400208	0.58818119764328
2482	0.04046875610947609	0.12893743813037872	0.5893709659576416
2483	0.0412384532392025	0.12850332260131836	0.5908184051513672
2484	0.041916415095329285	0.12815158069133759	0.5925213098526001
2485	0.039957981556653976	0.12776824831962585	0.5943065881729126
2486	0.03993825986981392	0.12761586904525757	0.5951263308525085
2487	0.0394502654671669	0.12778064608573914	0.5945777893066406
2488	0.04001985490322113	0.12812542915344238	0.5926154851913452
2489	0.03976815193891525	0.12848533689975739	0.590229868888855
2490	0.04218669235706329	0.12882325053215027	0.5880329012870789
2491	0.040946781635284424	0.1289249211549759	0.5868914127349854
2492	0.04039635509252548	0.1288229376077652	0.5871806144714355
2493	0.040304526686668396	0.12858812510967255	0.5877840518951416
2494	0.04008718952536583	0.1285330206155777	0.587872326374054
2495	0.04034452512860298	0.12872926890850067	0.587595522403717
2496	0.040047306567430496	0.1289139837026596	0.5871608853340149
2497	0.039784904569387436	0.1288650780916214	0.5877854824066162
2498	0.041106101125478745	0.12885281443595886	0.5884737968444824
2499	0.03911950811743736	0.12877288460731506	0.5894076824188232
2500	0.03986614570021629	0.1287854015827179	0.5899900794029236
2501	0.04026807099580765	0.128956601023674	0.5902459621429443
2502	0.040763720870018005	0.12931525707244873	0.5897736549377441
2503	0.03968839347362518	0.1293681412935257	0.5894667506217957
2504	0.03986498340964317	0.1292426586151123	0.5898112058639526
2505	0.03994975611567497	0.12913675606250763	0.590493381023407
2506	0.04113513603806496	0.12901125848293304	0.5909258127212524
2507	0.04043305292725563	0.12906105816364288	0.5903963446617126
2508	0.04050811380147934	0.1290772408246994	0.5905744433403015
2509	0.03881458193063736	0.12898029386997223	0.5912855267524719
2510	0.03937011584639549	0.1288054883480072	0.5917205810546875
2511	0.04007246345281601	0.12824131548404694	0.5930886268615723
2512	0.03993454948067665	0.12800095975399017	0.5933578610420227
2513	0.04035375639796257	0.12786702811717987	0.5932939052581787
2514	0.0404488779604435	0.12770305573940277	0.5937761664390564
2515	0.04019106924533844	0.12789593636989594	0.593471109867096
2516	0.04052941873669624	0.1280590146780014	0.5935287475585938
2517	0.04142455384135246	0.12803252041339874	0.5936869978904724
2518	0.04120728746056557	0.12780247628688812	0.5937137007713318
2519	0.04014623165130615	0.1274242252111435	0.5935679078102112
2520	0.03956132009625435	0.1273251622915268	0.5934926271438599
2521	0.0402936153113842	0.12756159901618958	0.5933436751365662
2522	0.040436040610075	0.1281598061323166	0.591892659664154
2523	0.03949277475476265	0.12890130281448364	0.5902823805809021
2524	0.04023467004299164	0.12920469045639038	0.5899512767791748
2525	0.04046625643968582	0.12895360589027405	0.5906965732574463
2526	0.04016614705324173	0.12847793102264404	0.592659056186676
2527	0.03958381339907646	0.1284068375825882	0.5935312509536743
2528	0.039938170462846756	0.1284695267677307	0.5935394167900085
2529	0.04040636867284775	0.1288926899433136	0.5928829312324524
2530	0.04007404297590256	0.12915609776973724	0.5913386940956116
2531	0.04064655303955078	0.12903305888175964	0.5904667377471924
2532	0.04023541510105133	0.12870875000953674	0.5905460119247437
2533	0.039782896637916565	0.12834088504314423	0.590651273727417
2534	0.04010060057044029	0.12807697057724	0.5908274054527283
2535	0.04036951810121536	0.12807904183864594	0.5909664034843445
2536	0.038673035800457	0.128340944647789	0.5910622477531433
2537	0.03997756540775299	0.12872563302516937	0.5906549096107483
2538	0.04038339853286743	0.1289931684732437	0.5892452001571655
2539	0.04000725969672203	0.12904781103134155	0.5887542963027954
2540	0.040677931159734726	0.12881238758563995	0.5896680355072021
2541	0.04000163450837135	0.1286942958831787	0.5904310345649719
2542	0.03940116614103317	0.1285700798034668	0.5915393233299255
2543	0.03929225727915764	0.12848317623138428	0.5922804474830627
2544	0.04038875922560692	0.12866638600826263	0.591852068901062
2545	0.03971030190587044	0.12868642807006836	0.5914624333381653
2546	0.042125508189201355	0.1285032033920288	0.5916599035263062
2547	0.040320467203855515	0.12833422422409058	0.5912742614746094
2548	0.040486183017492294	0.12826046347618103	0.5911043286323547
2549	0.0405159629881382	0.12853439152240753	0.5909419059753418
2550	0.04108016937971115	0.12870462238788605	0.5908849835395813
2551	0.04001123458147049	0.1288987398147583	0.5905964374542236
2552	0.04040539637207985	0.1289835274219513	0.590160608291626
2553	0.039283253252506256	0.12905345857143402	0.5890544056892395
2554	0.040491390973329544	0.12918318808078766	0.5876797437667847
2555	0.042257651686668396	0.12945085763931274	0.5866904854774475
2556	0.04005865752696991	0.1298125833272934	0.5859616994857788
2557	0.03920230269432068	0.13027414679527283	0.5849575996398926
2558	0.03949831798672676	0.13018207252025604	0.5855191946029663
2559	0.04016105458140373	0.12929433584213257	0.5874491930007935
2560	0.040845029056072235	0.12883257865905762	0.5878471732139587
2561	0.0404733270406723	0.12866413593292236	0.5886827707290649
2562	0.04003524407744408	0.12849240005016327	0.5900729894638062
2563	0.039871059358119965	0.12871938943862915	0.5907493829727173
2564	0.04076725244522095	0.12906669080257416	0.590705394744873
2565	0.03909486159682274	0.12916186451911926	0.591541051864624
2566	0.039158280938863754	0.12874959409236908	0.5930159687995911
2567	0.039348047226667404	0.12829641997814178	0.5938667058944702
2568	0.038928668946027756	0.1284984052181244	0.5926506519317627
2569	0.040640395134687424	0.12869280576705933	0.5921356678009033
2570	0.040156226605176926	0.12898141145706177	0.592316746711731
2571	0.039364226162433624	0.12943947315216064	0.5918484926223755
2572	0.039936915040016174	0.12960882484912872	0.5907008051872253
2573	0.03961566835641861	0.129418283700943	0.5895687937736511
2574	0.039791908115148544	0.128843292593956	0.5885423421859741
2575	0.03978409990668297	0.1289217323064804	0.5866203904151917
2576	0.040609002113342285	0.12932045757770538	0.5847797393798828
2577	0.039536770433187485	0.12971825897693634	0.5835471749305725
2578	0.039880428463220596	0.1300874948501587	0.5825508832931519
2579	0.0394442118704319	0.1301209181547165	0.5834500789642334
2580	0.04040039703249931	0.12994058430194855	0.5845087766647339
2581	0.04111276939511299	0.12979160249233246	0.5845913290977478
2582	0.039790235459804535	0.12991133332252502	0.5828921794891357
2583	0.03910074755549431	0.13009357452392578	0.5810377597808838
2584	0.0396808497607708	0.1302317976951599	0.5805200338363647
2585	0.04040011763572693	0.1301727294921875	0.5822398662567139
2586	0.039445776492357254	0.13017608225345612	0.5850375294685364
2587	0.04005563631653786	0.12987002730369568	0.5872319936752319
2588	0.040250763297080994	0.12968122959136963	0.5883527994155884
2589	0.0393565334379673	0.12961281836032867	0.588557779788971
2590	0.039136726409196854	0.12980498373508453	0.5874835252761841
2591	0.03948037698864937	0.12997080385684967	0.5866343975067139
2592	0.03934384137392044	0.12980158627033234	0.5874573588371277
2593	0.0402427576482296	0.12956975400447845	0.5888373851776123
2594	0.03929472714662552	0.12939390540122986	0.5899806618690491
2595	0.040981732308864594	0.12872609496116638	0.5918763875961304
2596	0.0388040766119957	0.1283748298883438	0.5923534631729126
2597	0.040225256234407425	0.12828636169433594	0.5921826362609863
2598	0.03831075131893158	0.12825283408164978	0.5922040343284607
2599	0.03985454514622688	0.1284000277519226	0.5930908918380737
2600	0.03933766484260559	0.12872429192066193	0.5932546257972717
2601	0.03906102851033211	0.12891800701618195	0.5935937166213989
2602	0.04060009494423866	0.12879179418087006	0.5935943126678467
2603	0.03932199999690056	0.12838923931121826	0.5938493609428406
2604	0.03930671513080597	0.12828676402568817	0.5930474400520325
2605	0.040608037263154984	0.12861178815364838	0.5915918350219727
2606	0.04050128534436226	0.12931783497333527	0.5892098546028137
2607	0.03930925577878952	0.12953712046146393	0.5887268781661987
2608	0.04043328016996384	0.12929667532444	0.5899524688720703
2609	0.03994681313633919	0.1288173794746399	0.5918036699295044
2610	0.04040082171559334	0.1282772272825241	0.5938944220542908
2611	0.039617445319890976	0.1279180943965912	0.5949495434761047
2612	0.039423853158950806	0.12793025374412537	0.5955634713172913
2613	0.040417447686195374	0.128118634223938	0.5959686040878296
2614	0.039919741451740265	0.1285744160413742	0.5958425998687744
2615	0.03910697624087334	0.12856066226959229	0.5957345366477966
2616	0.040458694100379944	0.1284368634223938	0.5947097539901733
2617	0.0393185093998909	0.1284591108560562	0.592693030834198
2618	0.03822825103998184	0.12891608476638794	0.5894889831542969
2619	0.040351878851652145	0.1290052980184555	0.5886191725730896
2620	0.04046456888318062	0.12935347855091095	0.5880920886993408
2621	0.03982863947749138	0.12960666418075562	0.5867047309875488
2622	0.041488733142614365	0.12963798642158508	0.586097240447998
2623	0.0389430932700634	0.1295166015625	0.5856119394302368
2624	0.03915923833847046	0.1296110451221466	0.5848422050476074
2625	0.04045720025897026	0.12972575426101685	0.5844587683677673
2626	0.039622001349925995	0.12974347174167633	0.5852723121643066
2627	0.03944563493132591	0.12974554300308228	0.586469829082489
2628	0.03967476263642311	0.1296132653951645	0.5878607630729675
2629	0.03926200047135353	0.1294868141412735	0.5887401700019836
2630	0.03915751725435257	0.1295856386423111	0.5881078243255615
2631	0.039298124611377716	0.12945358455181122	0.5875673890113831
2632	0.0398927703499794	0.12952455878257751	0.5870993733406067
2633	0.03978476673364639	0.12940265238285065	0.5887148976325989
2634	0.03899397701025009	0.1293485164642334	0.5902734398841858
2635	0.03928910568356514	0.12913036346435547	0.5924117565155029
2636	0.039217494428157806	0.1286485344171524	0.5952397584915161
2637	0.03870439901947975	0.12811030447483063	0.5976108312606812
2638	0.03795414790511131	0.12772051990032196	0.5995274782180786
2639	0.039083193987607956	0.12773242592811584	0.6005430221557617
2640	0.03878229483962059	0.12773169577121735	0.6004656553268433
2641	0.039781056344509125	0.12802661955356598	0.5993295311927795
2642	0.03893876075744629	0.1283954679965973	0.5981530547142029
2643	0.040449660271406174	0.12850472331047058	0.597726583480835
2644	0.039875444024801254	0.12825678288936615	0.598008930683136
2645	0.03882661834359169	0.1282181590795517	0.5970001816749573
2646	0.03901556506752968	0.1285250037908554	0.5939210057258606
2647	0.039792004972696304	0.1290055215358734	0.5909116268157959
2648	0.03944481909275055	0.12944170832633972	0.5891888737678528
2649	0.0396420992910862	0.1300753653049469	0.5872340202331543
2650	0.04067807272076607	0.1302148997783661	0.5860167145729065
2651	0.03960002213716507	0.12974216043949127	0.5861323475837708
2652	0.03918342664837837	0.12945854663848877	0.5856605768203735
2653	0.03909429907798767	0.1296117603778839	0.5846399068832397
2654	0.03921879455447197	0.12964072823524475	0.585061252117157
2655	0.03948504477739334	0.12972411513328552	0.5855058431625366
2656	0.03959812596440315	0.1298687905073166	0.5870054364204407
2657	0.04028911888599396	0.12973712384700775	0.5885648131370544
2658	0.03940436244010925	0.12914420664310455	0.5899310111999512
2659	0.03828981891274452	0.12871891260147095	0.5908238887786865
2660	0.03892309591174126	0.12856049835681915	0.5913968086242676
2661	0.03924265131354332	0.12865930795669556	0.5911763906478882
2662	0.03908972442150116	0.12898555397987366	0.5917749404907227
2663	0.038995180279016495	0.12971216440200806	0.5908709764480591
2664	0.03923840448260307	0.13020578026771545	0.5891225934028625
2665	0.039816491305828094	0.130547896027565	0.5866613984107971
2666	0.03941821679472923	0.13063742220401764	0.5855463147163391
2667	0.0394410602748394	0.13044056296348572	0.585237443447113
2668	0.03867547959089279	0.13015644252300262	0.5852721333503723
2669	0.039062269032001495	0.12981189787387848	0.5863144397735596
2670	0.039884403347969055	0.1297687441110611	0.587282657623291
2671	0.039132259786129	0.12982593476772308	0.5881397128105164
2672	0.03830431401729584	0.1299116611480713	0.5885657072067261
2673	0.03839651495218277	0.1298462152481079	0.5890820622444153
2674	0.03899785503745079	0.1296411156654358	0.5896742343902588
2675	0.039165738970041275	0.12951257824897766	0.5901737213134766
2676	0.03968873620033264	0.12944655120372772	0.5906961560249329
2677	0.03912965953350067	0.12925401329994202	0.5912955403327942
2678	0.03841762989759445	0.12921759486198425	0.5920147895812988
2679	0.03841894865036011	0.12929701805114746	0.5913480520248413
2680	0.038540590554475784	0.12905550003051758	0.5912750363349915
2681	0.03971243277192116	0.12906499207019806	0.5911344885826111
2682	0.03935971111059189	0.1290850192308426	0.5914892554283142
2683	0.038021642714738846	0.12923015654087067	0.5926985144615173
2684	0.03947724774479866	0.1294032335281372	0.5930641293525696
2685	0.03966762498021126	0.12912487983703613	0.5936954021453857
2686	0.03942485526204109	0.1290528029203415	0.5925899744033813
2687	0.038052793592214584	0.12904410064220428	0.5913719534873962
2688	0.03996475785970688	0.12893028557300568	0.5915019512176514
2689	0.03864321485161781	0.128912091255188	0.5913108587265015
2690	0.03889750316739082	0.1288444846868515	0.592096209526062
2691	0.03821859508752823	0.12901130318641663	0.5920483469963074
2692	0.03910825029015541	0.12867307662963867	0.5930248498916626
2693	0.03930561617016792	0.12834379076957703	0.594068706035614
2694	0.03933228552341461	0.1283787488937378	0.5944622159004211
2695	0.038762256503105164	0.1283009797334671	0.5948385000228882
2696	0.03905390948057175	0.12813247740268707	0.5957682728767395
2697	0.039234764873981476	0.12853625416755676	0.5951799154281616
2698	0.03857337683439255	0.12895818054676056	0.5945861339569092
2699	0.03857425972819328	0.12887588143348694	0.5939570069313049
2700	0.038570232689380646	0.12872351706027985	0.5930238962173462
2701	0.03798175975680351	0.12878121435642242	0.5918551683425903
2702	0.037903498858213425	0.12881842255592346	0.5914351940155029
2703	0.03944901004433632	0.12902005016803741	0.5912264585494995
2704	0.03819122910499573	0.12915414571762085	0.5911720991134644
2705	0.03952500596642494	0.1293214112520218	0.5906033515930176
2706	0.03911566361784935	0.1293918490409851	0.5898140072822571
2707	0.038684647530317307	0.1294918656349182	0.5886425971984863
2708	0.03756880760192871	0.12994107604026794	0.586448609828949
2709	0.038536187261343	0.1303715705871582	0.5853229761123657
2710	0.0390043705701828	0.13045112788677216	0.5851431488990784
2711	0.039472341537475586	0.13006484508514404	0.5867446660995483
2712	0.039219051599502563	0.12970244884490967	0.5886697769165039
2713	0.03912300616502762	0.12949128448963165	0.5901501178741455
2714	0.0379563607275486	0.12921033799648285	0.5914072394371033
2715	0.03931637853384018	0.12890775501728058	0.5919238328933716
2716	0.03798931464552879	0.12883278727531433	0.5924361348152161
2717	0.03896166756749153	0.1288261115550995	0.5930240154266357
2718	0.03900526091456413	0.12884557247161865	0.5935162901878357
2719	0.038808126002550125	0.1290411502122879	0.5935848355293274
2720	0.03828760236501694	0.12934543192386627	0.59333735704422
2721	0.03904404118657112	0.12974712252616882	0.5926536321640015
2722	0.038563378155231476	0.12980160117149353	0.5920642018318176
2723	0.039212096482515335	0.12962542474269867	0.5921511054039001
2724	0.038079727441072464	0.1292703002691269	0.5921937823295593
2725	0.03830201178789139	0.12886571884155273	0.5929129719734192
2726	0.03822143375873566	0.12852886319160461	0.5941817760467529
2727	0.037958547472953796	0.12827904522418976	0.5950890779495239
2728	0.038399506360292435	0.12817570567131042	0.5950475335121155
2729	0.03979114070534706	0.12829220294952393	0.5943157076835632
2730	0.03806847706437111	0.12859459221363068	0.592370867729187
2731	0.03972335904836655	0.12883183360099792	0.5912110209465027
2732	0.038939014077186584	0.12908953428268433	0.5905390977859497
2733	0.039990589022636414	0.1291884183883667	0.5906214118003845
2734	0.03933273255825043	0.1291833370923996	0.5911681056022644
2735	0.03858167305588722	0.129205584526062	0.5911950469017029
2736	0.038672998547554016	0.12919533252716064	0.5912955403327942
2737	0.03847404569387436	0.12929771840572357	0.591396689414978
2738	0.0381818525493145	0.1294591724872589	0.5911137461662292
2739	0.03837595134973526	0.12947605550289154	0.5902300477027893
2740	0.03836281970143318	0.12945769727230072	0.5897203683853149
2741	0.038119491189718246	0.1293429136276245	0.589636504650116
2742	0.03832865133881569	0.12899042665958405	0.5909241437911987
2743	0.03918424993753433	0.12894177436828613	0.5916497707366943
2744	0.03817368671298027	0.12898407876491547	0.5921053290367126
2745	0.03791124001145363	0.12919440865516663	0.5918170809745789
2746	0.03812427818775177	0.12955522537231445	0.5915045142173767
2747	0.03746724873781204	0.1297045797109604	0.5915771126747131
2748	0.03878249600529671	0.12973563373088837	0.5914082527160645
2749	0.03795250877737999	0.1295219510793686	0.5922303795814514
2750	0.03817741200327873	0.1291767805814743	0.5930189490318298
2751	0.03810629993677139	0.12911707162857056	0.592776358127594
2752	0.03811843693256378	0.1293356716632843	0.5919166803359985
2753	0.038316044956445694	0.1291615217924118	0.5917876958847046
2754	0.03799143433570862	0.12914098799228668	0.5911483764648438
2755	0.037528861314058304	0.12904490530490875	0.5912969708442688
2756	0.03770047053694725	0.12916842103004456	0.5910395979881287
2757	0.03748471289873123	0.12922123074531555	0.5920085310935974
2758	0.038195449858903885	0.1291651725769043	0.5937555432319641
2759	0.03852745518088341	0.12910515069961548	0.5951132774353027
2760	0.03890548273921013	0.1292944997549057	0.5950826406478882
2761	0.03819175437092781	0.12951041758060455	0.5954430103302002
2762	0.037874408066272736	0.1296910047531128	0.5955197811126709
2763	0.039539556950330734	0.12947390973567963	0.5956429839134216
2764	0.03651326149702072	0.1290770173072815	0.5957732200622559
2765	0.03874322772026062	0.12873877584934235	0.5964488387107849
2766	0.038824886083602905	0.12861105799674988	0.5968134999275208
2767	0.03774350881576538	0.12851351499557495	0.596610963344574
2768	0.03727773204445839	0.1285896599292755	0.5966960787773132
2769	0.03845074027776718	0.12877024710178375	0.5962119102478027
2770	0.03837701678276062	0.12887847423553467	0.5957231521606445
2771	0.03852100670337677	0.1288558840751648	0.5953443050384521
2772	0.038904961198568344	0.12892058491706848	0.594541072845459
2773	0.037459537386894226	0.12898153066635132	0.5941192507743835
2774	0.03886908292770386	0.12912067770957947	0.5935999751091003
2775	0.039348725229501724	0.12941686809062958	0.5932744741439819
2776	0.03876131400465965	0.12987425923347473	0.5925784111022949
2777	0.037472985684871674	0.13006474077701569	0.5916204452514648
2778	0.038342494517564774	0.12994922697544098	0.5906832218170166
2779	0.03764853999018669	0.12971091270446777	0.5894978642463684
2780	0.03891376033425331	0.12923234701156616	0.5900236368179321
2781	0.0379108302295208	0.12923556566238403	0.5904500484466553
2782	0.03863042593002319	0.12959164381027222	0.5909784436225891
2783	0.03757115826010704	0.1302938312292099	0.5908632874488831
2784	0.03759852796792984	0.13095292448997498	0.5906166434288025
2785	0.038105741143226624	0.13045406341552734	0.5918962955474854
2786	0.03809763491153717	0.12940889596939087	0.5926370620727539
2787	0.0388510525226593	0.1292317658662796	0.591644287109375
2788	0.03937925770878792	0.1292627900838852	0.591476559638977
2789	0.03850400820374489	0.1292412132024765	0.5923452377319336
2790	0.03729197010397911	0.12971921265125275	0.5925889611244202
2791	0.03736663982272148	0.13021884858608246	0.5927943587303162
2792	0.03755917027592659	0.12973511219024658	0.5938749313354492
2793	0.037944696843624115	0.12897635996341705	0.5946757793426514
2794	0.0379255935549736	0.1288154423236847	0.5938445329666138
2795	0.03818555176258087	0.12877157330513	0.5930472016334534
2796	0.039431508630514145	0.12863941490650177	0.5949859023094177
2797	0.03666524961590767	0.12869063019752502	0.5959391593933105
2798	0.03852146118879318	0.12912076711654663	0.5959797501564026
2799	0.03698572888970375	0.12955549359321594	0.5951225161552429
2800	0.037997882813215256	0.12921492755413055	0.5953593850135803
2801	0.0371612012386322	0.12881417572498322	0.5957392454147339
2802	0.038429632782936096	0.12868967652320862	0.5961698293685913
2803	0.03797762095928192	0.12858232855796814	0.5968028903007507
2804	0.0369332954287529	0.1284807324409485	0.59788978099823
2805	0.037895336747169495	0.12871217727661133	0.5978454947471619
2806	0.03696729987859726	0.1290770322084427	0.5967836380004883
2807	0.038034118711948395	0.12892352044582367	0.5958376526832581
2808	0.03876875713467598	0.12849654257297516	0.5954227447509766
2809	0.03741314634680748	0.12828300893306732	0.5952911376953125
2810	0.038258738815784454	0.12823529541492462	0.5963090062141418
2811	0.03869256004691124	0.12831442058086395	0.5971053838729858
2812	0.03839941322803497	0.12854041159152985	0.5972878336906433
2813	0.03764607757329941	0.12880273163318634	0.5968214273452759
2814	0.037350211292505264	0.12881843745708466	0.5958695411682129
2815	0.03760123252868652	0.12909024953842163	0.5941922664642334
2816	0.03807900846004486	0.1293974667787552	0.5921598672866821
2817	0.03788129612803459	0.12982729077339172	0.5903597474098206
2818	0.0381879061460495	0.13030904531478882	0.5880358815193176
2819	0.03778141736984253	0.13062624633312225	0.5866947770118713
2820	0.037870924919843674	0.1307470053434372	0.5860141515731812
2821	0.037026114761829376	0.13066096603870392	0.5858671069145203
2822	0.03822712227702141	0.13045039772987366	0.5858540534973145
2823	0.037648025900125504	0.13013584911823273	0.5863868594169617
2824	0.03717625141143799	0.1300264298915863	0.5867438912391663
2825	0.03741680085659027	0.1301201432943344	0.586705207824707
2826	0.03738347813487053	0.13032080233097076	0.5862055420875549
2827	0.037309013307094574	0.13043631613254547	0.5861693024635315
2828	0.03731084242463112	0.13026714324951172	0.5874195694923401
2829	0.0375167615711689	0.1299770325422287	0.5895509123802185
2830	0.03810031712055206	0.12970465421676636	0.5924085378646851
2831	0.03771699592471123	0.12941874563694	0.5949810743331909
2832	0.03772426396608353	0.12953966856002808	0.5953952670097351
2833	0.037217214703559875	0.12974464893341064	0.5946248769760132
2834	0.03798255696892738	0.12986040115356445	0.5930762887001038
2835	0.038151513785123825	0.1297343522310257	0.5923762917518616
2836	0.03765355050563812	0.1296912580728531	0.5915695428848267
2837	0.03777100890874863	0.12972725927829742	0.5919738411903381
2838	0.03680896386504173	0.13000698387622833	0.5916731357574463
2839	0.03770812600851059	0.13027465343475342	0.5915136933326721
2840	0.03805284574627876	0.13006314635276794	0.5917212963104248
2841	0.03753010556101799	0.1296950876712799	0.5922043919563293
2842	0.03656906634569168	0.12932895123958588	0.5933396816253662
2843	0.03741591423749924	0.12876693904399872	0.5956941246986389
2844	0.03714413940906525	0.12824968993663788	0.5982077121734619
2845	0.03754246607422829	0.12817299365997314	0.6001373529434204
2846	0.03665172681212425	0.12822817265987396	0.6010841131210327
2847	0.03683910891413689	0.12809155881404877	0.6003241539001465
2848	0.03680575266480446	0.1284867823123932	0.5988627076148987
2849	0.03782188892364502	0.1291145235300064	0.5963732004165649
2850	0.03779267519712448	0.12961691617965698	0.5940682888031006
2851	0.038000695407390594	0.13021628558635712	0.5917651057243347
2852	0.03797583654522896	0.130538672208786	0.5899779796600342
2853	0.03745460882782936	0.13085724413394928	0.5874672532081604
2854	0.03922158107161522	0.13108347356319427	0.5853627920150757
2855	0.03793870657682419	0.13121233880519867	0.5842301845550537
2856	0.03842882066965103	0.13136042654514313	0.5836172103881836
2857	0.03745238110423088	0.13142479956150055	0.5834553837776184
2858	0.03745053708553314	0.13141265511512756	0.5841049551963806
2859	0.03830770403146744	0.1311197280883789	0.5853226780891418
2860	0.03760042414069176	0.13082900643348694	0.5863282680511475
2861	0.037504058331251144	0.1306503713130951	0.5860494375228882
2862	0.037399426102638245	0.13041941821575165	0.5868598818778992
2863	0.036960020661354065	0.13025860488414764	0.5877898335456848
2864	0.0376773364841938	0.13024234771728516	0.5888638496398926
2865	0.03767293691635132	0.13034771382808685	0.590258777141571
2866	0.0368017815053463	0.1301322728395462	0.5913937091827393
2867	0.03795835003256798	0.1299077719449997	0.5916208624839783
2868	0.03867950290441513	0.12955309450626373	0.5920839309692383
2869	0.036451924592256546	0.12964148819446564	0.5916150808334351
2870	0.03752446919679642	0.13000313937664032	0.5902309417724609
2871	0.03857170790433884	0.1301983892917633	0.5890570282936096
2872	0.03772743418812752	0.13078811764717102	0.5874224305152893
2873	0.03737169876694679	0.13116168975830078	0.5861437320709229
2874	0.0371200367808342	0.13085012137889862	0.5864033102989197
2875	0.03669246658682823	0.130388081073761	0.5877339839935303
2876	0.03875087574124336	0.12982413172721863	0.5903624296188354
2877	0.03778301551938057	0.12952472269535065	0.5924743413925171
2878	0.03742459416389465	0.12937478721141815	0.5935331583023071
2879	0.03701809048652649	0.1296045333147049	0.5932747721672058
2880	0.037433791905641556	0.1297217309474945	0.5924528241157532
2881	0.03567086160182953	0.12985312938690186	0.5915220975875854
2882	0.037869907915592194	0.12988398969173431	0.5912085175514221
2883	0.03878142312169075	0.12974585592746735	0.5912143588066101
2884	0.036571573466062546	0.12961409986019135	0.5915241837501526
2885	0.037724997848272324	0.12978249788284302	0.5914570689201355
2886	0.03708159178495407	0.13034558296203613	0.590099036693573
2887	0.03683473914861679	0.1309891790151596	0.5889107584953308
2888	0.03726585954427719	0.13142500817775726	0.5877915620803833
2889	0.03751702234148979	0.13151365518569946	0.5880362391471863
2890	0.03620414063334465	0.13130804896354675	0.5890945196151733
2891	0.037924155592918396	0.13073444366455078	0.5909369587898254
2892	0.03552763909101486	0.13020160794258118	0.59257572889328
2893	0.03744988888502121	0.1297830194234848	0.593997597694397
2894	0.036828018724918365	0.1294037252664566	0.594989538192749
2895	0.03717517852783203	0.12925030291080475	0.5955339670181274
2896	0.037911564111709595	0.1291685700416565	0.595835268497467
2897	0.037599630653858185	0.1288963407278061	0.5968350172042847
2898	0.03719641640782356	0.12877194583415985	0.5977625846862793
2899	0.03733780235052109	0.1288091242313385	0.5987446904182434
2900	0.037500325590372086	0.12908530235290527	0.5994824767112732
2901	0.03730348125100136	0.12941601872444153	0.5992622971534729
2902	0.03664180263876915	0.12956246733665466	0.5987159013748169
2903	0.03703559935092926	0.12956172227859497	0.5978285074234009
2904	0.037148330360651016	0.12942063808441162	0.597466766834259
2905	0.036472901701927185	0.12952075898647308	0.5963323712348938
2906	0.03651741147041321	0.1298913061618805	0.594722330570221
2907	0.03769969940185547	0.1303640902042389	0.592484176158905
2908	0.03795309364795685	0.13084837794303894	0.5902749300003052
2909	0.03684128820896149	0.1310880333185196	0.5888118743896484
2910	0.037839680910110474	0.1312832534313202	0.5878181457519531
2911	0.03652198612689972	0.13112317025661469	0.5880201458930969
2912	0.037037961184978485	0.13093440234661102	0.5879899263381958
2913	0.038632944226264954	0.13080190122127533	0.5876396298408508
2914	0.03546060621738434	0.13074688613414764	0.5882458686828613
2915	0.037572573870420456	0.13076144456863403	0.5893424153327942
2916	0.03754541277885437	0.1307373195886612	0.5904157757759094
2917	0.03695773705840111	0.13064153492450714	0.591444194316864
2918	0.0376860536634922	0.13011784851551056	0.5927124619483948
2919	0.03638762980699539	0.12958289682865143	0.5940080881118774
2920	0.0381716787815094	0.12928777933120728	0.5947803258895874
2921	0.03783895820379257	0.12912920117378235	0.5951611399650574
2922	0.03657035529613495	0.12917844951152802	0.5956451892852783
2923	0.03702448680996895	0.12945868074893951	0.5955595374107361
2924	0.0375310443341732	0.12978851795196533	0.5947320461273193
2925	0.03570888191461563	0.12992359697818756	0.5938431620597839
2926	0.035393014550209045	0.1300586760044098	0.5927491784095764
2927	0.03665732592344284	0.1301252394914627	0.5922192335128784
2928	0.036395590752363205	0.129952073097229	0.5927309393882751
2929	0.036825403571128845	0.12993742525577545	0.5935149788856506
2930	0.0371718630194664	0.12993749976158142	0.5951191782951355
2931	0.03660019114613533	0.12966786324977875	0.5971369743347168
2932	0.035693392157554626	0.12931959331035614	0.5988324880599976
2933	0.03613477572798729	0.129003643989563	0.5998291969299316
2934	0.03723305091261864	0.12848860025405884	0.6009117960929871
2935	0.03664270043373108	0.12818209826946259	0.6015611290931702
2936	0.03642948716878891	0.127920001745224	0.6020364165306091
2937	0.03651918098330498	0.12819358706474304	0.6014026999473572
2938	0.036919817328453064	0.12850362062454224	0.6004224419593811
2939	0.0362483486533165	0.12891651690006256	0.5983718633651733
2940	0.03662462532520294	0.1293392777442932	0.5969830751419067
2941	0.03621480613946915	0.12974467873573303	0.5953264236450195
2942	0.03636610880494118	0.12983012199401855	0.5953430533409119
2943	0.037225332111120224	0.12990696728229523	0.5959153771400452
2944	0.03595990687608719	0.12975119054317474	0.5968546271324158
2945	0.03751055523753166	0.1296551376581192	0.5977033972740173
2946	0.03768810257315636	0.1296539008617401	0.5974705815315247
2947	0.03607486933469772	0.12953345477581024	0.5969964265823364
2948	0.03610502555966377	0.1294935792684555	0.5957462191581726
2949	0.035943545401096344	0.12951834499835968	0.5953631401062012
2950	0.03609483316540718	0.12955819070339203	0.5954625010490417
2951	0.0368080772459507	0.12961320579051971	0.5950472950935364
2952	0.036192286759614944	0.12966524064540863	0.5943177342414856
2953	0.03708973154425621	0.12987078726291656	0.5936840772628784
2954	0.03597795590758324	0.13032571971416473	0.5926276445388794
2955	0.03570818156003952	0.1308775097131729	0.5908231139183044
2956	0.037635236978530884	0.13112059235572815	0.5896515250205994
2957	0.03562290593981743	0.130911186337471	0.5899711847305298
2958	0.03677712753415108	0.13060550391674042	0.590305745601654
2959	0.03588615730404854	0.1304473876953125	0.5906732082366943
2960	0.03619377687573433	0.13062311708927155	0.5902796387672424
2961	0.03662649169564247	0.13083600997924805	0.5897173881530762
2962	0.036457814276218414	0.13091124594211578	0.589796245098114
2963	0.03688353672623634	0.13075819611549377	0.5910206437110901
2964	0.03694109991192818	0.130575492978096	0.5920800566673279
2965	0.036405522376298904	0.13042235374450684	0.5929057002067566
2966	0.03595508635044098	0.1302046924829483	0.5939823985099792
2967	0.036537572741508484	0.1301896572113037	0.5944033861160278
2968	0.03666235879063606	0.13018402457237244	0.5936081409454346
2969	0.03583398833870888	0.13029111921787262	0.5926692485809326
2970	0.036065272986888885	0.13029766082763672	0.5920206308364868
2971	0.035241033881902695	0.1303740292787552	0.5911041498184204
2972	0.03695794567465782	0.13035906851291656	0.5914289355278015
2973	0.03665156662464142	0.1302739381790161	0.592194139957428
2974	0.0375027172267437	0.13029302656650543	0.5929760336875916
2975	0.03662697225809097	0.1300864964723587	0.5929961204528809
2976	0.03683910146355629	0.12995843589305878	0.5932273268699646
2977	0.03637167066335678	0.13004057109355927	0.5925166010856628
2978	0.03558797016739845	0.13024306297302246	0.5912518501281738
2979	0.03664451465010643	0.13057878613471985	0.589777946472168
2980	0.035821594297885895	0.13086368143558502	0.5894302725791931
2981	0.03621533885598183	0.13087674975395203	0.5893722176551819
2982	0.036079514771699905	0.13112443685531616	0.5894853472709656
2983	0.035547953099012375	0.13148856163024902	0.5892001986503601
2984	0.03716370463371277	0.13197661936283112	0.5890681147575378
2985	0.03606219217181206	0.13229982554912567	0.5889894962310791
2986	0.03708063066005707	0.13208071887493134	0.5892516374588013
2987	0.035691503435373306	0.13137279450893402	0.5897700190544128
2988	0.03600699082016945	0.13101503252983093	0.590354859828949
2989	0.036184534430503845	0.1306593269109726	0.5917537212371826
2990	0.035277437418699265	0.12999103963375092	0.5940549969673157
2991	0.035946074873209	0.12931983172893524	0.5971828103065491
2992	0.03689403459429741	0.12918269634246826	0.5987091660499573
2993	0.036528196185827255	0.12906262278556824	0.5993689298629761
2994	0.036115244030952454	0.1292371302843094	0.5987335443496704
2995	0.03810820356011391	0.12951955199241638	0.5969752669334412
2996	0.03686535358428955	0.1297541856765747	0.5954562425613403
2997	0.0366067960858345	0.12973302602767944	0.5953159928321838
2998	0.03511587157845497	0.12996350228786469	0.595050036907196
2999	0.03610234707593918	0.13019771873950958	0.594570517539978
3000	0.03703753277659416	0.1304589956998825	0.5947797298431396
3001	0.03580745682120323	0.13055714964866638	0.5942870378494263
3002	0.03530443459749222	0.130669504404068	0.593350350856781
3003	0.035735491663217545	0.1306563913822174	0.592411994934082
3004	0.03655943274497986	0.1304875910282135	0.5933046340942383
3005	0.036435000598430634	0.1303592175245285	0.5945362448692322
3006	0.03624571114778519	0.13011975586414337	0.5965022444725037
3007	0.03602496534585953	0.12960492074489594	0.5976566076278687
3008	0.0356515608727932	0.1292535662651062	0.5976684093475342
3009	0.03716477006673813	0.12929511070251465	0.5968018770217896
3010	0.037935856729745865	0.12942782044410706	0.595626175403595
3011	0.036753520369529724	0.12966683506965637	0.5954040288925171
3012	0.0355384387075901	0.13065728545188904	0.5944022536277771
3013	0.036765147000551224	0.1314542442560196	0.5926501750946045
3014	0.0368146076798439	0.13089284300804138	0.5919354557991028
3015	0.036800529807806015	0.13053815066814423	0.5903674960136414
3016	0.03608325868844986	0.130960151553154	0.5890909433364868
3017	0.03770797699689865	0.1310763657093048	0.5889151692390442
3018	0.03631839156150818	0.13113665580749512	0.5890102982521057
3019	0.036608707159757614	0.1315268576145172	0.5883737206459045
3020	0.03638574481010437	0.1317729949951172	0.5884053707122803
3021	0.035620782524347305	0.13168051838874817	0.5893476605415344
3022	0.03658178076148033	0.13138897716999054	0.5908571481704712
3023	0.03554897755384445	0.13105107843875885	0.5923451781272888
3024	0.03627866879105568	0.13061489164829254	0.5946051478385925
3025	0.03593180328607559	0.13023754954338074	0.5969967246055603
3026	0.03578632324934006	0.13045166432857513	0.5969706177711487
3027	0.036298640072345734	0.13045495748519897	0.5957256555557251
3028	0.03637537732720375	0.13033618032932281	0.5942120552062988
3029	0.03615774214267731	0.13015519082546234	0.5937509536743164
3030	0.03695514425635338	0.13004276156425476	0.5938743352890015
3031	0.037032730877399445	0.12998104095458984	0.5947123169898987
3032	0.035372067242860794	0.12997712194919586	0.5945936441421509
3033	0.035661179572343826	0.13024108111858368	0.5939070582389832
3034	0.03601226955652237	0.1305510252714157	0.5923811793327332
3035	0.03677252307534218	0.13087831437587738	0.5905398726463318
3036	0.03660879656672478	0.13111871480941772	0.5895534753799438
3037	0.03470196947455406	0.13161101937294006	0.588617742061615
3038	0.036415938287973404	0.13206984102725983	0.5880168080329895
3039	0.03695213049650192	0.13169778883457184	0.5883485674858093
3040	0.03614724054932594	0.13135898113250732	0.589011549949646
3041	0.036452628672122955	0.13123992085456848	0.5897117257118225
3042	0.03662161901593208	0.13114039599895477	0.5904453992843628
3043	0.036844272166490555	0.13112103939056396	0.5912477374076843
3044	0.03623298183083534	0.1314362734556198	0.5914987325668335
3045	0.03645294904708862	0.13182735443115234	0.5913942456245422
3046	0.037062808871269226	0.13149631023406982	0.5926719307899475
3047	0.035173702985048294	0.13090725243091583	0.5944720506668091
3048	0.036332692950963974	0.13068488240242004	0.5954938530921936
3049	0.03605787456035614	0.13058945536613464	0.596260130405426
3050	0.037239670753479004	0.13071288168430328	0.5969111323356628
3051	0.03602263331413269	0.130867600440979	0.5965445041656494
3052	0.03641236945986748	0.13092967867851257	0.5954896807670593
3053	0.03568676859140396	0.13065224885940552	0.594330370426178
3054	0.03653768450021744	0.13040022552013397	0.5938703417778015
3055	0.035490941256284714	0.13054688274860382	0.5929597020149231
3056	0.034698884934186935	0.13068920373916626	0.5926750302314758
3057	0.03664185106754303	0.1307479739189148	0.5924597382545471
3058	0.03524826467037201	0.13052330911159515	0.59261155128479
3059	0.03550684079527855	0.1302078515291214	0.5932683944702148
3060	0.03512204810976982	0.13039657473564148	0.593045711517334
3061	0.035473961383104324	0.13069374859333038	0.5927953720092773
3062	0.03576952591538429	0.13040034472942352	0.5943161249160767
3063	0.03596685081720352	0.12994875013828278	0.5957871675491333
3064	0.03580889850854874	0.12993258237838745	0.5960466861724854
3065	0.03537597134709358	0.1301134079694748	0.5963385105133057
3066	0.03573160618543625	0.13047131896018982	0.5960322618484497
3067	0.03549281880259514	0.13066519796848297	0.5955163240432739
3068	0.03598755970597267	0.13058875501155853	0.5947499871253967
3069	0.03535428270697594	0.13023999333381653	0.5946987271308899
3070	0.03641246259212494	0.13020484149456024	0.5938982367515564
3071	0.03678857162594795	0.13060493767261505	0.5928184986114502
3072	0.03533691167831421	0.13084512948989868	0.5927368998527527
3073	0.034764621406793594	0.1311110258102417	0.5922451019287109
3074	0.03594367206096649	0.13127501308918	0.5919969081878662
3075	0.03574243560433388	0.13141754269599915	0.5916482210159302
3076	0.034920014441013336	0.13119292259216309	0.5918799042701721
3077	0.035136301070451736	0.13098649680614471	0.5922459363937378
3078	0.03524710610508919	0.1308990865945816	0.5924782156944275
3079	0.03538545221090317	0.13104359805583954	0.5919181108474731
3080	0.03592979535460472	0.13155660033226013	0.5914470553398132
3081	0.03650848940014839	0.1316460520029068	0.5908543467521667
3082	0.035780809819698334	0.13137488067150116	0.5900481343269348
3083	0.03544198349118233	0.1313692182302475	0.5882015228271484
3084	0.0350501723587513	0.1313568502664566	0.5874713063240051
3085	0.03637493774294853	0.1314622461795807	0.5873255729675293
3086	0.035173237323760986	0.13144227862358093	0.5886110663414001
3087	0.03676176443696022	0.13160933554172516	0.5897400379180908
3088	0.03511255234479904	0.13129745423793793	0.590562105178833
3089	0.03439578041434288	0.1310858130455017	0.5900079607963562
3090	0.03565288335084915	0.13117268681526184	0.5883721113204956
3091	0.03635459020733833	0.1313599944114685	0.5883403420448303
3092	0.036354705691337585	0.1317979395389557	0.5885796546936035
3093	0.03657611459493637	0.13189956545829773	0.5895258188247681
3094	0.03623925894498825	0.13169412314891815	0.5921376347541809
3095	0.03525053337216377	0.1313145011663437	0.5943906903266907
3096	0.03585590049624443	0.13119184970855713	0.5952582955360413
3097	0.03566263988614082	0.13105975091457367	0.5953306555747986
3098	0.03655385971069336	0.13086122274398804	0.5956119894981384
3099	0.03529419004917145	0.1307714879512787	0.595700740814209
3100	0.03528394177556038	0.13074423372745514	0.5971754193305969
3101	0.03632497787475586	0.1308414787054062	0.5980258584022522
3102	0.03523906692862511	0.1308227926492691	0.5985022187232971
3103	0.035528186708688736	0.13075190782546997	0.5978758931159973
3104	0.03681247681379318	0.13073328137397766	0.596798837184906
3105	0.03630466014146805	0.13097213208675385	0.5945912003517151
3106	0.03543076291680336	0.13139168918132782	0.5920750498771667
3107	0.036124806851148605	0.1318204253911972	0.5901545882225037
3108	0.03595569729804993	0.13186079263687134	0.5901089906692505
3109	0.036430723965168	0.13148754835128784	0.5909863114356995
3110	0.03575907275080681	0.13071806728839874	0.5921642184257507
3111	0.036495089530944824	0.13045652210712433	0.5926238894462585
3112	0.03603995591402054	0.13032948970794678	0.5918312668800354
3113	0.036525506526231766	0.13018552958965302	0.5914657711982727
3114	0.03559540584683418	0.13060814142227173	0.590488076210022
3115	0.034304991364479065	0.13130129873752594	0.5889970064163208
3116	0.03562425822019577	0.13203494250774384	0.586927592754364
3117	0.03555482253432274	0.1326204091310501	0.5847116112709045
3118	0.03552550449967384	0.1328725963830948	0.5836523771286011
3119	0.03589769825339317	0.1328137069940567	0.5834857821464539
3120	0.036024175584316254	0.1327762007713318	0.5837692618370056
3121	0.03599149361252785	0.13244663178920746	0.5858043432235718
3122	0.036539819091558456	0.13202844560146332	0.5884669423103333
3123	0.035575613379478455	0.13186098635196686	0.5895866751670837
3124	0.03640700876712799	0.13139954209327698	0.5907227396965027
3125	0.035280417650938034	0.13106095790863037	0.5913077592849731
3126	0.034875910729169846	0.13099581003189087	0.591815710067749
3127	0.03557697311043739	0.13115578889846802	0.5920942425727844
3128	0.03608374297618866	0.13141250610351562	0.5922240018844604
3129	0.03580072894692421	0.13168860971927643	0.5917566418647766
3130	0.034684572368860245	0.1317804455757141	0.5916847586631775
3131	0.034826770424842834	0.13171528279781342	0.5914240479469299
3132	0.03482107073068619	0.13163818418979645	0.5911055207252502
3133	0.035973772406578064	0.1314896047115326	0.5922302603721619
3134	0.035490814596414566	0.13135240972042084	0.593365490436554
3135	0.03574363514780998	0.13131214678287506	0.5940808057785034
3136	0.03441579267382622	0.1310713291168213	0.5961157083511353
3137	0.035908009856939316	0.1306338757276535	0.5984528660774231
3138	0.03484048321843147	0.1300562620162964	0.6007763743400574
3139	0.03560397028923035	0.12961864471435547	0.6020029783248901
3140	0.035919465124607086	0.1294131726026535	0.6014965176582336
3141	0.03460090234875679	0.12954974174499512	0.6002911925315857
3142	0.036406684666872025	0.12995612621307373	0.5990748405456543
3143	0.03549874573945999	0.13033494353294373	0.5978175401687622
3144	0.035621095448732376	0.1305551528930664	0.5969762802124023
3145	0.03689723089337349	0.13074466586112976	0.5958868265151978
3146	0.03647327423095703	0.13102194666862488	0.594192385673523
3147	0.03508498892188072	0.13135726749897003	0.5926418304443359
3148	0.03643287345767021	0.13167019188404083	0.5912006497383118
3149	0.03468203917145729	0.1321479082107544	0.5897067785263062
3150	0.035529956221580505	0.13195621967315674	0.5898856520652771
3151	0.03591763973236084	0.1316908299922943	0.5904998779296875
3152	0.034721046686172485	0.13151901960372925	0.5913368463516235
3153	0.03559356555342674	0.1314680278301239	0.5918370485305786
3154	0.035653140395879745	0.13133504986763	0.5928557515144348
3155	0.035967931151390076	0.13117776811122894	0.5934004783630371
3156	0.03594255819916725	0.13101154565811157	0.593281090259552
3157	0.03488393872976303	0.13090509176254272	0.5927424430847168
3158	0.03523712605237961	0.13107536733150482	0.592252254486084
3159	0.035277318209409714	0.13132648169994354	0.5919784307479858
3160	0.03428453952074051	0.1314486861228943	0.5931136608123779
3161	0.034393683075904846	0.13168728351593018	0.5935105681419373
3162	0.03548184409737587	0.13185805082321167	0.5929759740829468
3163	0.035332467406988144	0.13210144639015198	0.592490017414093
3164	0.03478440269827843	0.13214735686779022	0.5920660495758057
3165	0.035237766802310944	0.13201439380645752	0.5917865037918091
3166	0.035178881138563156	0.13189156353473663	0.5912771821022034
3167	0.035412635654211044	0.1316678524017334	0.5917866230010986
3168	0.035734448581933975	0.13142690062522888	0.5921642780303955
3169	0.03499950096011162	0.13096655905246735	0.5937003493309021
3170	0.03467084467411041	0.13068903982639313	0.5949501991271973
3171	0.03520294278860092	0.1304589807987213	0.5962727069854736
3172	0.0348634347319603	0.1303146630525589	0.5983326435089111
3173	0.035865213721990585	0.1304086595773697	0.6001467108726501
3174	0.035285744816064835	0.1302792876958847	0.6014778017997742
3175	0.036258894950151443	0.13004076480865479	0.6012265086174011
3176	0.03504413738846779	0.13010837137699127	0.6005758047103882
3177	0.03616423159837723	0.13028748333454132	0.599372148513794
3178	0.035370148718357086	0.1304890364408493	0.5980484485626221
3179	0.034654710441827774	0.13104546070098877	0.5965331196784973
3180	0.03428436815738678	0.13115175068378448	0.5955541729927063
3181	0.0352233350276947	0.1310509741306305	0.5950130820274353
3182	0.03519603610038757	0.1310654878616333	0.5942978858947754
3183	0.034923966974020004	0.13132895529270172	0.5938661098480225
3184	0.03603246062994003	0.1313852220773697	0.5939220190048218
3185	0.03595177084207535	0.13141915202140808	0.5942367315292358
3186	0.03506971150636673	0.13156843185424805	0.5945714116096497
3187	0.035336412489414215	0.13176536560058594	0.5943374633789062
3188	0.03577675670385361	0.1318991482257843	0.5951034426689148
3189	0.034421656280756	0.1315341591835022	0.59620201587677
3190	0.03489232435822487	0.13089662790298462	0.5965379476547241
3191	0.03524845838546753	0.13032828271389008	0.5969523787498474
3192	0.0338812880218029	0.1301185041666031	0.5973156690597534
3193	0.035112421959638596	0.13026675581932068	0.597160816192627
3194	0.03558209538459778	0.1306200623512268	0.5976458191871643
3195	0.03418733924627304	0.1310737431049347	0.5976675748825073
3196	0.03441689535975456	0.13124367594718933	0.5968292951583862
3197	0.034367043524980545	0.1312769651412964	0.5951012372970581
3198	0.034273210912942886	0.13157524168491364	0.5939987301826477
3199	0.035473451018333435	0.13169556856155396	0.5926397442817688
3200	0.036140963435173035	0.1315567046403885	0.5924165844917297
3201	0.03555457293987274	0.1316809505224228	0.5918415188789368
3202	0.03522450849413872	0.131797194480896	0.5918559432029724
3203	0.03560158237814903	0.13161377608776093	0.5925225615501404
3204	0.03460603579878807	0.1313362717628479	0.594266951084137
3205	0.03483010083436966	0.13126283884048462	0.5943076610565186
3206	0.03521139547228813	0.13133427500724792	0.5939880609512329
3207	0.03399251773953438	0.13164839148521423	0.5934239625930786
3208	0.035588838160037994	0.1319737285375595	0.5933268666267395
3209	0.03570251539349556	0.13178160786628723	0.5940346121788025
3210	0.03476709872484207	0.13162563741207123	0.5944129228591919
3211	0.036080118268728256	0.13148562610149384	0.594322144985199
3212	0.03465258702635765	0.13132022321224213	0.5942729711532593
3213	0.0353400744497776	0.13125398755073547	0.5940980911254883
3214	0.03513113409280777	0.13138678669929504	0.5943746566772461
3215	0.034579500555992126	0.1315779685974121	0.5944551229476929
3216	0.034903526306152344	0.13173112273216248	0.5947619676589966
3217	0.03485905006527901	0.13186196982860565	0.5953508615493774
3218	0.035622864961624146	0.13159093260765076	0.5957136154174805
3219	0.03593853488564491	0.13128730654716492	0.594882071018219
3220	0.03440053015947342	0.1313607543706894	0.593579888343811
3221	0.03638293221592903	0.13133423030376434	0.5938211679458618
3222	0.035080429166555405	0.131308913230896	0.5942457914352417
3223	0.03436531499028206	0.13164907693862915	0.5935995578765869
3224	0.03504102677106857	0.13151584565639496	0.5937201976776123
3225	0.03532345965504646	0.1310698240995407	0.594429612159729
3226	0.03471031039953232	0.13091132044792175	0.5952945351600647
3227	0.034831803292036057	0.13079911470413208	0.5963160395622253
3228	0.035047899931669235	0.1307692974805832	0.5977351069450378
3229	0.034807365387678146	0.13138209283351898	0.5984536409378052
3230	0.03436578810214996	0.13157929480075836	0.5988626480102539
3231	0.03343662619590759	0.13125835359096527	0.5983999967575073
3232	0.03387041389942169	0.13097336888313293	0.5967187881469727
3233	0.03497589752078056	0.13122814893722534	0.5952554941177368
3234	0.03377470746636391	0.1312861293554306	0.5944744944572449
3235	0.035196516662836075	0.13124807178974152	0.5947351455688477
3236	0.03439349681138992	0.1316141039133072	0.5950735807418823
3237	0.035127364099025726	0.13208305835723877	0.5950162410736084
3238	0.03488369286060333	0.1316697597503662	0.594994068145752
3239	0.03487532585859299	0.13140849769115448	0.5942448973655701
3240	0.03477441892027855	0.13131272792816162	0.5939808487892151
3241	0.03571470454335213	0.13107268512248993	0.5952776074409485
3242	0.03484215587377548	0.13091447949409485	0.5966736674308777
3243	0.03419085964560509	0.13127098977565765	0.5970723032951355
3244	0.03388907015323639	0.13147631287574768	0.5963667035102844
3245	0.03384760022163391	0.1317330002784729	0.5944585204124451
3246	0.03425128385424614	0.1317637413740158	0.5921980738639832
3247	0.03516395390033722	0.13197435438632965	0.5901826024055481
3248	0.03445848822593689	0.13204950094223022	0.5896518230438232
3249	0.03417133912444115	0.13212040066719055	0.5899072289466858
3250	0.035333987325429916	0.13209879398345947	0.5910317897796631
3251	0.03523768112063408	0.13219408690929413	0.5925431847572327
3252	0.03507910296320915	0.13194143772125244	0.5938442349433899
3253	0.034766361117362976	0.1314689964056015	0.5944973230361938
3254	0.03422830253839493	0.1314275711774826	0.593853771686554
3255	0.034864816814661026	0.1316014528274536	0.5925371646881104
3256	0.03487444296479225	0.13192622363567352	0.5913988351821899
3257	0.0336841456592083	0.13215667009353638	0.5913687348365784
3258	0.03316988795995712	0.1321425884962082	0.5922322869300842
3259	0.03443596139550209	0.13208281993865967	0.5931612253189087
3260	0.03404604643583298	0.1322091966867447	0.5933453440666199
3261	0.034977152943611145	0.13210643827915192	0.5935536623001099
3262	0.034949421882629395	0.13222870230674744	0.5934129357337952
3263	0.034443099051713943	0.13227255642414093	0.593726634979248
3264	0.03405657783150673	0.13223132491111755	0.5938414931297302
3265	0.033662065863609314	0.13204838335514069	0.5943665504455566
3266	0.03409808129072189	0.13189035654067993	0.5946095585823059
3267	0.0350637324154377	0.13162843883037567	0.5950524210929871
3268	0.03461156040430069	0.131354421377182	0.5954192876815796
3269	0.03358522430062294	0.13110500574111938	0.5961375832557678
3270	0.03485107421875	0.13087837398052216	0.5973680019378662
3271	0.034195732325315475	0.13061082363128662	0.598219633102417
3272	0.035946495831012726	0.13026702404022217	0.5994328856468201
3273	0.034189097583293915	0.12994307279586792	0.6003380417823792
3274	0.03505291789770126	0.12995487451553345	0.6003812551498413
3275	0.03457121178507805	0.1300961673259735	0.6003841161727905
3276	0.03451581299304962	0.13051073253154755	0.5998898148536682
3277	0.034952312707901	0.131281316280365	0.5986925959587097
3278	0.0352247953414917	0.13173115253448486	0.5973694920539856
3279	0.035550035536289215	0.1319883167743683	0.5957942605018616
3280	0.03364655748009682	0.13217690587043762	0.5939693450927734
3281	0.03436151519417763	0.13225121796131134	0.5923481583595276
3282	0.033822525292634964	0.1325041949748993	0.5908719301223755
3283	0.03393689915537834	0.13267727196216583	0.5904340744018555
3284	0.03502446040511131	0.13281650841236115	0.5910243391990662
3285	0.03426339477300644	0.13302035629749298	0.5921615362167358
3286	0.034418296068906784	0.132768452167511	0.5931594371795654
3287	0.03528965264558792	0.13221727311611176	0.5936383008956909
3288	0.03570423647761345	0.13191504776477814	0.5942322611808777
3289	0.0341336727142334	0.13151384890079498	0.5963127613067627
3290	0.034420136362314224	0.13127441704273224	0.5985803604125977
3291	0.034605517983436584	0.13120847940444946	0.5999210476875305
3292	0.034627966582775116	0.1313488632440567	0.6000878810882568
3293	0.034233372658491135	0.13106313347816467	0.5999249815940857
3294	0.033993903547525406	0.13075672090053558	0.5991767048835754
3295	0.03402373194694519	0.13082024455070496	0.5975855588912964
3296	0.033853679895401	0.13107964396476746	0.5960444211959839
3297	0.03405825048685074	0.13134756684303284	0.5957250595092773
3298	0.03419729322195053	0.13151586055755615	0.5957161784172058
3299	0.035561010241508484	0.1317651867866516	0.5962124466896057
3300	0.034324146807193756	0.1317930817604065	0.5974909663200378
3301	0.03347444906830788	0.13156773149967194	0.5983287692070007
3302	0.034747958183288574	0.13145586848258972	0.5979650616645813
3303	0.033764179795980453	0.13145597279071808	0.5968708992004395
3304	0.03507335111498833	0.1314113736152649	0.5965523719787598
3305	0.03421157971024513	0.13141311705112457	0.5969932675361633
3306	0.03440679982304573	0.13163384795188904	0.5969632267951965
3307	0.03398715704679489	0.1319446563720703	0.59715735912323
3308	0.03482331335544586	0.13186608254909515	0.5967523455619812
3309	0.0342613086104393	0.13154691457748413	0.5970737934112549
3310	0.03484022244811058	0.13126200437545776	0.5970062613487244
3311	0.033624712377786636	0.13127444684505463	0.5968109965324402
3312	0.03471607342362404	0.13115151226520538	0.5978583097457886
3313	0.03502582013607025	0.13107074797153473	0.5991495251655579
3314	0.03399509936571121	0.13097913563251495	0.5999552607536316
3315	0.03447899594902992	0.1308300644159317	0.600204586982727
3316	0.033831603825092316	0.13051822781562805	0.6007347702980042
3317	0.03294500708580017	0.13051487505435944	0.6011794805526733
3318	0.03327687084674835	0.13068898022174835	0.6010284423828125
3319	0.03401290997862816	0.1306394338607788	0.6007212400436401
3320	0.03557662293314934	0.13045229017734528	0.6003226041793823
3321	0.03322209417819977	0.13038910925388336	0.600570023059845
3322	0.03488229960203171	0.13047972321510315	0.6010221838951111
3323	0.03331281617283821	0.13050836324691772	0.6022208333015442
3324	0.035345111042261124	0.13039226830005646	0.6040813326835632
3325	0.03378827124834061	0.13020114600658417	0.6043028831481934
3326	0.034667275846004486	0.13021084666252136	0.6033282279968262
3327	0.03361571580171585	0.13035789132118225	0.6021997928619385
3328	0.03468308225274086	0.13048012554645538	0.6011478900909424
3329	0.03325549513101578	0.13075865805149078	0.5991758108139038
3330	0.03397541120648384	0.13106252253055573	0.5981907248497009
3331	0.033347927033901215	0.13152365386486053	0.5959632396697998
3332	0.033424247056245804	0.1318792998790741	0.593148410320282
3333	0.03442912921309471	0.13231444358825684	0.5901929140090942
3334	0.0343703031539917	0.1325630396604538	0.5884215235710144
3335	0.0345645472407341	0.1327248215675354	0.5889180302619934
3336	0.0337650366127491	0.13311168551445007	0.5904828310012817
3337	0.033947862684726715	0.13309147953987122	0.5928536653518677
3338	0.03372906148433685	0.13231748342514038	0.5959867238998413
3339	0.03431315720081329	0.13163219392299652	0.5982484221458435
3340	0.03346805274486542	0.13112223148345947	0.5996636748313904
3341	0.0338607095181942	0.13079987466335297	0.6011650562286377
3342	0.03532704710960388	0.1306157410144806	0.603366494178772
3343	0.033927660435438156	0.13060332834720612	0.6038133502006531
3344	0.033885810524225235	0.13088460266590118	0.6028224229812622
3345	0.034309230744838715	0.1310267448425293	0.6011012196540833
3346	0.03448556736111641	0.13117772340774536	0.5990687608718872
3347	0.033491916954517365	0.1313585489988327	0.5979735851287842
3348	0.034771230071783066	0.13152159750461578	0.5971970558166504
3349	0.03386905416846275	0.13154734671115875	0.5976217985153198
3350	0.03412559628486633	0.1313212811946869	0.5992558598518372
3351	0.03402534872293472	0.13150081038475037	0.6010087728500366
3352	0.032836347818374634	0.13178952038288116	0.601616382598877
3353	0.03396061062812805	0.13182446360588074	0.6017232537269592
3354	0.03468400985002518	0.13114449381828308	0.601082444190979
3355	0.034240689128637314	0.13072116672992706	0.5998846292495728
3356	0.034237090498209	0.13077031075954437	0.5977255702018738
3357	0.034909605979919434	0.13059957325458527	0.5986813306808472
3358	0.03518695384263992	0.13065895438194275	0.600919246673584
3359	0.0344529002904892	0.13111545145511627	0.6018450260162354
3360	0.03474946320056915	0.13103987276554108	0.6025701761245728
3361	0.03464182838797569	0.13078813254833221	0.6013026833534241
3362	0.03447318449616432	0.1310787796974182	0.5987412333488464
3363	0.0342797115445137	0.13141930103302002	0.596939742565155
3364	0.03578101471066475	0.1317143589258194	0.5955194234848022
3365	0.03419334813952446	0.13213779032230377	0.5944528579711914
3366	0.03485831618309021	0.1324528455734253	0.5938437581062317
3367	0.03243403509259224	0.13246148824691772	0.5938221216201782
3368	0.034976836293935776	0.13185636699199677	0.5946270823478699
3369	0.033851779997348785	0.1316039264202118	0.595280647277832
3370	0.03470536321401596	0.1314122974872589	0.5958677530288696
3371	0.03389301896095276	0.13121241331100464	0.5968971252441406
3372	0.03373115137219429	0.1311008334159851	0.5987804532051086
3373	0.03394573554396629	0.13087888062000275	0.6008358597755432
3374	0.03411675617098808	0.13087838888168335	0.602731466293335
3375	0.03404628485441208	0.13093185424804688	0.6032053828239441
3376	0.0330057367682457	0.13104790449142456	0.6027451753616333
3377	0.03536657616496086	0.13130180537700653	0.6015980839729309
3378	0.0341375358402729	0.13151778280735016	0.6012563109397888
3379	0.03451201319694519	0.1315954327583313	0.6001779437065125
3380	0.033647697418928146	0.13169316947460175	0.5982118248939514
3381	0.034264422953128815	0.13202311098575592	0.5959976315498352
3382	0.033783797174692154	0.13248379528522491	0.5944252014160156
3383	0.03423679992556572	0.13293896615505219	0.5933253765106201
3384	0.03392704203724861	0.1330864429473877	0.5933063626289368
3385	0.03344574570655823	0.13291984796524048	0.5946206450462341
3386	0.03353133797645569	0.13282109797000885	0.5960825681686401
3387	0.03258153796195984	0.1328052133321762	0.59779953956604
3388	0.033619143068790436	0.1324528455734253	0.5987364649772644
3389	0.03459865599870682	0.13202476501464844	0.5992629528045654
3390	0.032781705260276794	0.13169819116592407	0.5995842218399048
3391	0.03435341268777847	0.13166600465774536	0.5991244912147522
3392	0.033646225929260254	0.13171721994876862	0.5985219478607178
3393	0.03417074307799339	0.13145987689495087	0.5976728200912476
3394	0.0350341722369194	0.13132141530513763	0.5973554849624634
3395	0.03365733474493027	0.13134077191352844	0.5975933074951172
3396	0.033405549824237823	0.13138994574546814	0.5979716777801514
3397	0.03421155735850334	0.13131007552146912	0.5985925197601318
3398	0.03354131057858467	0.13138419389724731	0.599708080291748
3399	0.03381704166531563	0.1314079612493515	0.6011925339698792
3400	0.034115683287382126	0.13115420937538147	0.601984977722168
3401	0.03325364366173744	0.1308942288160324	0.6021943092346191
3402	0.03350922092795372	0.13078457117080688	0.6025016903877258
3403	0.03445481136441231	0.13088439404964447	0.6026230454444885
3404	0.03357145935297012	0.13118423521518707	0.6021310687065125
3405	0.03407052159309387	0.13137127459049225	0.6010450124740601
3406	0.0328667089343071	0.13128598034381866	0.6010715961456299
3407	0.03361843526363373	0.13088615238666534	0.6021056175231934
3408	0.03377778083086014	0.1306418627500534	0.6037320494651794
3409	0.034286804497241974	0.13066445291042328	0.6047020554542542
3410	0.03399191424250603	0.13098715245723724	0.6052504777908325
3411	0.03382321447134018	0.13100187480449677	0.6047791838645935
3412	0.034145839512348175	0.1308608502149582	0.6040616631507874
3413	0.0342973992228508	0.13087590038776398	0.6029926538467407
3414	0.03407426178455353	0.13077373802661896	0.6024565696716309
3415	0.03401034325361252	0.13070152699947357	0.6025142669677734
3416	0.03330988064408302	0.13061179220676422	0.6030166149139404
3417	0.03339129313826561	0.13073308765888214	0.6026917695999146
3418	0.03363872319459915	0.13095532357692719	0.6012781262397766
3419	0.033118490129709244	0.1313662976026535	0.5984591245651245
3420	0.033275481313467026	0.13137736916542053	0.5962910056114197
3421	0.03369459509849548	0.1312733292579651	0.5946648716926575
3422	0.034835997968912125	0.1314438283443451	0.5947272777557373
3423	0.034077227115631104	0.13176193833351135	0.5957924127578735
3424	0.03391095995903015	0.13208997249603271	0.5970721244812012
3425	0.03305855765938759	0.13237063586711884	0.5981765985488892
3426	0.03307398036122322	0.13230814039707184	0.5988005995750427
3427	0.034144531935453415	0.13187752664089203	0.5992013216018677
3428	0.03421519696712494	0.13174736499786377	0.5988460779190063
3429	0.03348987177014351	0.1317489743232727	0.5989969968795776
3430	0.033899884670972824	0.13175556063652039	0.5993623733520508
3431	0.0332203209400177	0.13206924498081207	0.5989769697189331
3432	0.033944904804229736	0.13224469125270844	0.599310040473938
3433	0.03383239358663559	0.13216707110404968	0.600374698638916
3434	0.03334350138902664	0.13195136189460754	0.6004953384399414
3435	0.03302926570177078	0.13195499777793884	0.5989384651184082
3436	0.03403488174080849	0.13195616006851196	0.5978924036026001
3437	0.03414373844861984	0.13186408579349518	0.598019003868103
3438	0.033185239881277084	0.13157744705677032	0.5996204018592834
3439	0.0334392674267292	0.13147792220115662	0.6014017462730408
3440	0.03369037061929703	0.1314128190279007	0.6020252704620361
3441	0.03354167938232422	0.13134045898914337	0.6028015613555908
3442	0.03356599807739258	0.1313726156949997	0.6037441492080688
3443	0.03335898369550705	0.131218820810318	0.6040235161781311
3444	0.033687375485897064	0.1310695856809616	0.603206217288971
3445	0.03366648778319359	0.13100206851959229	0.6016711592674255
3446	0.03361319750547409	0.13092105090618134	0.6009933948516846
3447	0.03356237709522247	0.13078711926937103	0.6010890603065491
3448	0.03406836837530136	0.1307956725358963	0.6018170714378357
3449	0.0328095369040966	0.1307704746723175	0.60274338722229
3450	0.033886294811964035	0.13069739937782288	0.6034373044967651
3451	0.03411831706762314	0.13047587871551514	0.6047368049621582
3452	0.03375622257590294	0.13042593002319336	0.6058663129806519
3453	0.03293819725513458	0.13047292828559875	0.6065624952316284
3454	0.033828530460596085	0.1305982917547226	0.6066001653671265
3455	0.03347216546535492	0.1308271437883377	0.6059941053390503
3456	0.03365669026970863	0.13121925294399261	0.6041983366012573
3457	0.034102827310562134	0.1316409707069397	0.6029355525970459
3458	0.03461774066090584	0.13189521431922913	0.6023418307304382
3459	0.03334694355726242	0.13195368647575378	0.602999210357666
3460	0.03339848667383194	0.1317201405763626	0.6038258671760559
3461	0.03493792563676834	0.13116541504859924	0.6045377254486084
3462	0.033690258860588074	0.13091401755809784	0.6049777269363403
3463	0.03396908938884735	0.1307821273803711	0.6058839559555054
3464	0.0326010063290596	0.1307201385498047	0.6067514419555664
3465	0.032801780849695206	0.13126157224178314	0.606690526008606
3466	0.033204205334186554	0.13143455982208252	0.6059856414794922
3467	0.03300437331199646	0.13107816874980927	0.6043544411659241
3468	0.03384624794125557	0.13105536997318268	0.6023621559143066
3469	0.03420085459947586	0.13134367763996124	0.6009255051612854
3470	0.03324321657419205	0.13157328963279724	0.5996686816215515
3471	0.03353637829422951	0.13180623948574066	0.5992110967636108
3472	0.03432833030819893	0.13179554045200348	0.599715530872345
3473	0.03386644273996353	0.13192039728164673	0.6004003882408142
3474	0.033405765891075134	0.131680428981781	0.601405918598175
3475	0.032925453037023544	0.13138405978679657	0.6026700735092163
3476	0.03349603712558746	0.13160622119903564	0.6043049097061157
3477	0.03411179035902023	0.13189613819122314	0.6052213907241821
3478	0.03427303209900856	0.13183040916919708	0.6052749752998352
3479	0.03423392400145531	0.13156086206436157	0.6039856672286987
3480	0.03337628021836281	0.1314680576324463	0.6026504635810852
3481	0.033426687121391296	0.13162362575531006	0.6020998954772949
3482	0.03480846807360649	0.13203875720500946	0.6017627120018005
3483	0.03211665153503418	0.13257482647895813	0.6017164587974548
3484	0.03213755413889885	0.13278540968894958	0.6012605428695679
3485	0.034971173852682114	0.13250987231731415	0.6007161140441895
3486	0.033969081938266754	0.13231880962848663	0.6010194420814514
3487	0.0331977978348732	0.13205298781394958	0.6018117070198059
3488	0.03273003548383713	0.13170522451400757	0.6034829616546631
3489	0.03333033248782158	0.13132178783416748	0.6050184369087219
3490	0.03351089730858803	0.13130950927734375	0.6062290668487549
3491	0.03345109149813652	0.1314113289117813	0.6067427396774292
3492	0.03285922110080719	0.13117434084415436	0.60715252161026
3493	0.03249669075012207	0.13090510666370392	0.6076344847679138
3494	0.03269394859671593	0.1306189000606537	0.6075299382209778
3495	0.03262016549706459	0.13043010234832764	0.6065927743911743
3496	0.033177949488162994	0.13059301674365997	0.6061577200889587
3497	0.033730633556842804	0.1308664232492447	0.6057133078575134
3498	0.033970966935157776	0.13099703192710876	0.6055886745452881
3499	0.03399476408958435	0.1309272050857544	0.6065211296081543
3500	0.03266819939017296	0.1308412253856659	0.6070238947868347
3501	0.03421454131603241	0.1308399736881256	0.6070792078971863
3502	0.03260450437664986	0.1309044361114502	0.6073396801948547
3503	0.032916225492954254	0.13102945685386658	0.6079532504081726
3504	0.033079568296670914	0.13100245594978333	0.6085844039916992
3505	0.032765623182058334	0.13080520927906036	0.6091236472129822
3506	0.03331675007939339	0.13076090812683105	0.6088929176330566
3507	0.03309004753828049	0.1309581845998764	0.60844486951828
3508	0.033173516392707825	0.13116547465324402	0.6078964471817017
3509	0.03211403265595436	0.13142786920070648	0.6075440645217896
3510	0.033116575330495834	0.13133394718170166	0.6066817045211792
3511	0.03364376723766327	0.13161782920360565	0.605369508266449
3512	0.03386729583144188	0.13174419105052948	0.6049097776412964
3513	0.0337451696395874	0.13178619742393494	0.604979932308197
3514	0.03278382867574692	0.1318066418170929	0.604603111743927
3515	0.033308614045381546	0.1318289041519165	0.6037918329238892
3516	0.03350517153739929	0.1317366063594818	0.6028428077697754
3517	0.033123914152383804	0.13141115009784698	0.6031498908996582
3518	0.03342437371611595	0.13119395077228546	0.6038230657577515
3519	0.03334150090813637	0.131381094455719	0.6036572456359863
3520	0.03322417289018631	0.13149185478687286	0.6027469635009766
3521	0.03320390731096268	0.1313953399658203	0.6010057330131531
3522	0.03328848257660866	0.13138729333877563	0.5990463495254517
3523	0.033608466386795044	0.13134272396564484	0.5986626148223877
3524	0.032819293439388275	0.13111059367656708	0.6003113389015198
3525	0.033356163650751114	0.13119009137153625	0.6020660400390625
3526	0.03214230015873909	0.1314050406217575	0.6028813719749451
3527	0.03244917839765549	0.13144683837890625	0.6031548380851746
3528	0.03407374024391174	0.1313885748386383	0.6033297181129456
3529	0.0326773002743721	0.1313364952802658	0.6025028824806213
3530	0.034484319388866425	0.13140617311000824	0.6026186943054199
3531	0.03390171751379967	0.13174359500408173	0.6033463478088379
3532	0.03318426385521889	0.13252347707748413	0.6034817695617676
3533	0.03290015459060669	0.1327361911535263	0.6031786203384399
3534	0.03447483479976654	0.13228623569011688	0.603216826915741
3535	0.03271528333425522	0.13193592429161072	0.6024726033210754
3536	0.032196540385484695	0.13185913860797882	0.6024776101112366
3537	0.03344518318772316	0.13194788992404938	0.6034388542175293
3538	0.032269760966300964	0.1320990025997162	0.6041916608810425
3539	0.03233266621828079	0.132688507437706	0.6040975451469421
3540	0.033440835773944855	0.13251101970672607	0.6038104295730591
3541	0.03259212523698807	0.1319110095500946	0.6040464639663696
3542	0.032572247087955475	0.13106440007686615	0.6048259735107422
3543	0.03264785185456276	0.13077375292778015	0.6048458814620972
3544	0.03249090537428856	0.13094332814216614	0.60430908203125
3545	0.0330037996172905	0.131412073969841	0.6037898659706116
3546	0.03287196904420853	0.13208763301372528	0.602189302444458
3547	0.033635418862104416	0.1325274407863617	0.5999061465263367
3548	0.03329998254776001	0.13261957466602325	0.5984873175621033
3549	0.03271344304084778	0.13257285952568054	0.5977200865745544
3550	0.03347790613770485	0.13254672288894653	0.5982058644294739
3551	0.03350044786930084	0.132659450173378	0.5997065305709839
3552	0.03199341148138046	0.1328880935907364	0.6002345085144043
3553	0.033315498381853104	0.13314275443553925	0.5992810130119324
3554	0.03341646492481232	0.13298124074935913	0.5985171794891357
3555	0.03365737572312355	0.13227392733097076	0.5986758470535278
3556	0.03257244825363159	0.13180206716060638	0.6002930402755737
3557	0.03379083052277565	0.13156838715076447	0.6029075384140015
3558	0.03189436346292496	0.13141164183616638	0.6047713756561279
3559	0.032957255840301514	0.13159172236919403	0.6056508421897888
3560	0.03363710269331932	0.13181616365909576	0.6053898334503174
3561	0.03279164060950279	0.13201826810836792	0.6042667031288147
3562	0.033371537923812866	0.13235312700271606	0.6016278862953186
3563	0.03308667615056038	0.13267533481121063	0.5991225838661194
3564	0.03400428220629692	0.13281576335430145	0.599452555179596
3565	0.032547224313020706	0.13311374187469482	0.6005941033363342
3566	0.03282773494720459	0.13308759033679962	0.6015902757644653
3567	0.032381653785705566	0.13279880583286285	0.6019590497016907
3568	0.03331153467297554	0.13243111968040466	0.6012380719184875
3569	0.03335725888609886	0.1321895867586136	0.5999538898468018
3570	0.032233789563179016	0.13204112648963928	0.5997906923294067
3571	0.03322731330990791	0.13237930834293365	0.600361168384552
3572	0.03251846879720688	0.13279668986797333	0.6012902855873108
3573	0.03271625563502312	0.13260801136493683	0.6027340292930603
3574	0.03210965916514397	0.13226386904716492	0.6038727164268494
3575	0.03295958787202835	0.13164624571800232	0.60452800989151
3576	0.032249368727207184	0.1315746158361435	0.6041491031646729
3577	0.033527668565511703	0.13168731331825256	0.6041561365127563
3578	0.033939916640520096	0.13186129927635193	0.604394793510437
3579	0.03256264701485634	0.13204485177993774	0.6044030785560608
3580	0.03194064274430275	0.13220512866973877	0.6045888066291809
3581	0.032725926488637924	0.1321042776107788	0.6046092510223389
3582	0.03280501067638397	0.13218702375888824	0.6038053631782532
3583	0.03348345309495926	0.1323661208152771	0.6025286912918091
3584	0.03292325511574745	0.13270068168640137	0.6013937592506409
3585	0.031054195016622543	0.1327172815799713	0.6009314656257629
3586	0.03267315775156021	0.13274843990802765	0.6006214618682861
3587	0.03349945694208145	0.13307209312915802	0.5990370512008667
3588	0.033065248280763626	0.13322214782238007	0.5980035662651062
3589	0.03327133134007454	0.13305523991584778	0.5982368588447571
3590	0.03219848871231079	0.13317613303661346	0.5988927483558655
3591	0.032584719359874725	0.13282960653305054	0.5991204380989075
3592	0.0331270806491375	0.13247719407081604	0.5991997718811035
3593	0.03193138912320137	0.13230553269386292	0.5979560017585754
3594	0.032442182302474976	0.1321967989206314	0.5978371500968933
3595	0.03336058929562569	0.13244061172008514	0.597694456577301
3596	0.032366007566452026	0.1328953355550766	0.5978512167930603
3597	0.032466527074575424	0.13335146009922028	0.59837406873703
3598	0.03269778937101364	0.1337217539548874	0.5984863638877869
3599	0.03302665054798126	0.13361716270446777	0.5981269478797913
3600	0.033457059413194656	0.13306200504302979	0.5982654690742493
3601	0.03295049071311951	0.13251754641532898	0.5985211730003357
3602	0.03180214762687683	0.1324804723262787	0.5998587608337402
3603	0.032622724771499634	0.13257700204849243	0.6015181541442871
3604	0.032437145709991455	0.13276982307434082	0.601955235004425
3605	0.03191265091300011	0.13284218311309814	0.601847231388092
3606	0.031674016267061234	0.13282860815525055	0.6017223000526428
3607	0.03342990577220917	0.13262532651424408	0.601841390132904
3608	0.03185780346393585	0.13230951130390167	0.602946937084198
3609	0.03297707065939903	0.13205218315124512	0.6035507321357727
3610	0.033026110380887985	0.13180218636989594	0.6051999926567078
3611	0.032689254730939865	0.13209952414035797	0.6060020327568054
3612	0.03198716416954994	0.1323215514421463	0.6057819128036499
3613	0.03200114518404007	0.13245663046836853	0.6047217845916748
3614	0.03304506465792656	0.1323396861553192	0.603294312953949
3615	0.03356216475367546	0.13247404992580414	0.6024268269538879
3616	0.03232675790786743	0.13266730308532715	0.6013584136962891
3617	0.03383145481348038	0.13279084861278534	0.6016724109649658
3618	0.0324411615729332	0.13302169740200043	0.6027131676673889
3619	0.03295469284057617	0.133207768201828	0.6034069061279297
3620	0.03164401650428772	0.1331922560930252	0.6040225028991699
3621	0.033517174422740936	0.13276198506355286	0.6043035387992859
3622	0.03245227783918381	0.13217639923095703	0.6037806272506714
3623	0.03260945901274681	0.13201695680618286	0.6039221286773682
3624	0.032675229012966156	0.1322319060564041	0.6048917174339294
3625	0.03194589167833328	0.1324075311422348	0.6062846779823303
3626	0.03212247043848038	0.13252347707748413	0.6063857078552246
3627	0.03305435553193092	0.1322418451309204	0.605643093585968
3628	0.03282139077782631	0.13209128379821777	0.6037963032722473
3629	0.03204343840479851	0.1321476548910141	0.602520763874054
3630	0.031891364604234695	0.13236118853092194	0.6031196117401123
3631	0.03237301483750343	0.13245639204978943	0.6047182679176331
3632	0.03381641209125519	0.13231194019317627	0.6055600047111511
3633	0.03256663680076599	0.13211201131343842	0.605118989944458
3634	0.03300413489341736	0.13211512565612793	0.6035523414611816
3635	0.033470820635557175	0.1323050856590271	0.6019653081893921
3636	0.03333573415875435	0.13282741606235504	0.6011120676994324
3637	0.03256426379084587	0.13345254957675934	0.6012499928474426
3638	0.033277060836553574	0.13325925171375275	0.6018072962760925
3639	0.03299495577812195	0.1327946037054062	0.6028611063957214
3640	0.0324031263589859	0.13245004415512085	0.6031004190444946
3641	0.03259104862809181	0.1320667862892151	0.6036903262138367
3642	0.031184855848550797	0.1318209022283554	0.6044159531593323
3643	0.0325348936021328	0.13166941702365875	0.605980634689331
3644	0.032678935676813126	0.13167539238929749	0.6078073978424072
3645	0.031991176307201385	0.13150674104690552	0.6098079681396484
3646	0.03225350379943848	0.1311570256948471	0.6113042831420898
3647	0.03357789292931557	0.13089878857135773	0.6120132803916931
3648	0.03294944018125534	0.13082513213157654	0.6113985180854797
3649	0.03158485144376755	0.13111743330955505	0.6100807785987854
3650	0.0321962833404541	0.1315387487411499	0.6088124513626099
3651	0.033081360161304474	0.13220883905887604	0.6080151200294495
3652	0.032663196325302124	0.13260233402252197	0.6072344183921814
3653	0.031916435807943344	0.1324121654033661	0.606595516204834
3654	0.03301801159977913	0.132039412856102	0.6063727736473083
3655	0.03281501308083534	0.1320728212594986	0.6061007380485535
3656	0.0313689187169075	0.13198837637901306	0.6047852039337158
3657	0.032781071960926056	0.13184970617294312	0.6032508611679077
3658	0.0317610539495945	0.13198447227478027	0.6025829911231995
3659	0.03267965838313103	0.13209615647792816	0.6038995385169983
3660	0.032625000923871994	0.13235799968242645	0.6048625707626343
3661	0.03165128827095032	0.13235490024089813	0.605116605758667
3662	0.03248022496700287	0.1319904923439026	0.6041635870933533
3663	0.031557194888591766	0.1319543719291687	0.603348433971405
3664	0.03221849352121353	0.13192413747310638	0.6036280393600464
3665	0.03259652480483055	0.13184867799282074	0.6041635274887085
3666	0.033139169216156006	0.13171938061714172	0.6049758195877075
3667	0.03231935575604439	0.13169234991073608	0.6059887409210205
3668	0.03365958482027054	0.13143210113048553	0.6066339612007141
3669	0.03183778002858162	0.13148391246795654	0.6067812442779541
3670	0.03236039727926254	0.13165594637393951	0.6062460541725159
3671	0.03269905969500542	0.1317637860774994	0.6057366132736206
3672	0.031665366142988205	0.13191035389900208	0.6055224537849426
3673	0.032020386308431625	0.13232673704624176	0.6064691543579102
3674	0.03219781816005707	0.13224872946739197	0.607250988483429
3675	0.032874517142772675	0.13208334147930145	0.6080127954483032
3676	0.03168218955397606	0.13182492554187775	0.6085346937179565
3677	0.03219866752624512	0.13183307647705078	0.6078953146934509
3678	0.032872725278139114	0.13206297159194946	0.6074365377426147
3679	0.032783523201942444	0.13224607706069946	0.606344997882843
3680	0.03177694231271744	0.13225801289081573	0.6052771210670471
3681	0.03230507671833038	0.13262563943862915	0.6045532822608948
3682	0.032050903886556625	0.1331149935722351	0.6046453714370728
3683	0.032112959772348404	0.13342510163784027	0.6053222417831421
3684	0.032413966953754425	0.1332687884569168	0.6060309410095215
3685	0.032924115657806396	0.13274233043193817	0.6061636805534363
3686	0.032215043902397156	0.13246037065982819	0.6056168675422668
3687	0.0328560397028923	0.13238435983657837	0.6062034368515015
3688	0.03306107968091965	0.13281773030757904	0.6063474416732788
3689	0.031627219170331955	0.13301190733909607	0.6065139174461365
3690	0.032691583037376404	0.13273482024669647	0.6070359945297241
3691	0.03178903087973595	0.13242663443088531	0.606994092464447
3692	0.031991396099328995	0.13212697207927704	0.607398271560669
3693	0.03214923292398453	0.13192765414714813	0.6080191731452942
3694	0.03202897310256958	0.13182494044303894	0.6085516214370728
3695	0.03236480429768562	0.13188442587852478	0.6089915633201599
3696	0.03208041563630104	0.13208875060081482	0.6094426512718201
3697	0.03134913370013237	0.13210952281951904	0.6085167527198792
3698	0.032314419746398926	0.1321258544921875	0.6077661514282227
3699	0.03156665340065956	0.1321014016866684	0.6072924137115479
3700	0.0327792651951313	0.13216079771518707	0.6060428023338318
3701	0.03262404724955559	0.1323622167110443	0.6051687598228455
3702	0.03197411447763443	0.13263794779777527	0.6048123240470886
3703	0.03203614428639412	0.13293425738811493	0.6037478446960449
3704	0.03285292163491249	0.13296204805374146	0.603125810623169
3705	0.032399654388427734	0.1326597034931183	0.6038079857826233
3706	0.031209368258714676	0.1324240118265152	0.6052752137184143
3707	0.032468557357788086	0.13207851350307465	0.6055731177330017
3708	0.03135637193918228	0.1316455453634262	0.6066009402275085
3709	0.03193002939224243	0.13130910694599152	0.6073688864707947
3710	0.03223622590303421	0.1310758888721466	0.6075618863105774
3711	0.03159961849451065	0.13113608956336975	0.6070364713668823
3712	0.03253960609436035	0.13168668746948242	0.6075010299682617
3713	0.03182343766093254	0.132172092795372	0.6076377034187317
3714	0.03191979229450226	0.1323530524969101	0.6070393323898315
3715	0.03241368755698204	0.13221032917499542	0.6058437824249268
3716	0.03215359151363373	0.1320304572582245	0.6042895317077637
3717	0.0320693701505661	0.13216279447078705	0.6048179864883423
3718	0.03199124336242676	0.13268233835697174	0.6066473126411438
3719	0.03168044611811638	0.1331462264060974	0.6070377230644226
3720	0.03237020596861839	0.1330830454826355	0.6061738729476929
3721	0.03330988436937332	0.13309065997600555	0.6043536067008972
3722	0.032544419169425964	0.13287365436553955	0.6025139093399048
3723	0.03174722194671631	0.13274946808815002	0.6015732288360596
3724	0.032617345452308655	0.13257984817028046	0.602325975894928
3725	0.03137747198343277	0.13273507356643677	0.6038058400154114
3726	0.031907595694065094	0.13282510638237	0.6051738858222961
3727	0.03259912133216858	0.1326204091310501	0.6063928604125977
3728	0.032068248838186264	0.13225294649600983	0.6072182059288025
3729	0.03168467804789543	0.13199776411056519	0.6078235507011414
3730	0.03180839121341705	0.13189458847045898	0.6085849404335022
3731	0.03257273510098457	0.13215157389640808	0.6097913384437561
3732	0.03294114023447037	0.13249769806861877	0.6112398505210876
3733	0.031999196857213974	0.13228444755077362	0.6113656163215637
3734	0.032526370137929916	0.13182686269283295	0.6110833883285522
3735	0.031136788427829742	0.13150253891944885	0.6101608276367188
3736	0.031257808208465576	0.1314818412065506	0.6086236834526062
3737	0.03273490443825722	0.13169196248054504	0.6076043844223022
3738	0.03252749890089035	0.13231588900089264	0.6063545942306519
3739	0.03219735622406006	0.1331486999988556	0.6048505306243896
3740	0.03258853405714035	0.13345050811767578	0.6032689809799194
3741	0.03174503520131111	0.13331010937690735	0.6013855934143066
3742	0.03129985183477402	0.133125901222229	0.5996766686439514
3743	0.031616415828466415	0.1331944614648819	0.5986874103546143
3744	0.03270159289240837	0.13311176002025604	0.599721372127533
3745	0.032115742564201355	0.133095845580101	0.60223388671875
3746	0.03139391168951988	0.13283662497997284	0.6044783592224121
3747	0.031252965331077576	0.13241250813007355	0.605864942073822
3748	0.03219576179981232	0.1321786344051361	0.6057550311088562
3749	0.03217001631855965	0.13227182626724243	0.6053767800331116
3750	0.03214051201939583	0.13241295516490936	0.6056934595108032
3751	0.03179612010717392	0.1327165812253952	0.6063073873519897
3752	0.03220154345035553	0.1329163908958435	0.6066619157791138
3753	0.03104214183986187	0.13298019766807556	0.6065482497215271
3754	0.031439490616321564	0.13298897445201874	0.6057443618774414
3755	0.03331860527396202	0.1327660232782364	0.6056041121482849
3756	0.03236325830221176	0.1324787735939026	0.6058472394943237
3757	0.031930480152368546	0.13231511414051056	0.6062567234039307
3758	0.031901922076940536	0.13224026560783386	0.6070704460144043
3759	0.03311687707901001	0.13216254115104675	0.6073364615440369
3760	0.03306286036968231	0.132028266787529	0.6065787076950073
3761	0.03238258510828018	0.1322634071111679	0.6052338480949402
3762	0.0316290557384491	0.1325315237045288	0.6048136949539185
3763	0.03257177397608757	0.13290627300739288	0.6050801277160645
3764	0.03157024830579758	0.13304395973682404	0.6048774719238281
3765	0.03236911818385124	0.13287416100502014	0.6047033071517944
3766	0.032163165509700775	0.1326826810836792	0.6056191325187683
3767	0.032020486891269684	0.132508784532547	0.6065844297409058
3768	0.03198505938053131	0.13267779350280762	0.607342004776001
3769	0.0318615660071373	0.13328346610069275	0.6080961227416992
3770	0.031851790845394135	0.13351312279701233	0.6083871722221375
3771	0.032339610159397125	0.13344939053058624	0.6072511076927185
3772	0.03173399344086647	0.13338692486286163	0.6051743626594543
3773	0.03183792531490326	0.13364487886428833	0.603160560131073
3774	0.031834788620471954	0.1340213119983673	0.6019952893257141
3775	0.030904578045010567	0.13400329649448395	0.602024257183075
3776	0.03146013990044594	0.13399402797222137	0.6023947596549988
3777	0.031781770288944244	0.13380642235279083	0.6026756763458252
3778	0.03200080990791321	0.13319627940654755	0.6032282710075378
3779	0.03210308030247688	0.13271629810333252	0.6032546758651733
3780	0.03157472237944603	0.13254104554653168	0.6043842434883118
3781	0.03255877271294594	0.13308551907539368	0.6054792404174805
3782	0.03272077068686485	0.1336730271577835	0.6069327592849731
3783	0.03227751702070236	0.13387514650821686	0.6078470945358276
3784	0.03253946825861931	0.13344629108905792	0.6082744002342224
3785	0.03271389752626419	0.13273365795612335	0.6081923246383667
3786	0.030893554911017418	0.13227565586566925	0.6073552370071411
3787	0.030959980562329292	0.13219618797302246	0.6075525283813477
3788	0.03163709118962288	0.13210958242416382	0.6080818176269531
3789	0.032620254904031754	0.13226403295993805	0.6087474822998047
3790	0.032342951744794846	0.13262636959552765	0.6082165837287903
3791	0.03244316205382347	0.13275204598903656	0.6072185039520264
3792	0.030553516000509262	0.1329081803560257	0.6055727005004883
3793	0.032108087092638016	0.13286283612251282	0.6044724583625793
3794	0.031236102804541588	0.13299888372421265	0.6040159463882446
3795	0.03197726234793663	0.13300462067127228	0.6036653518676758
3796	0.03198728337883949	0.1331794559955597	0.6038533449172974
3797	0.03169310837984085	0.13329944014549255	0.6046621203422546
3798	0.032142072916030884	0.1335056573152542	0.6037459373474121
3799	0.031605444848537445	0.1335930973291397	0.6030142307281494
3800	0.032581862062215805	0.13321569561958313	0.6029388308525085
3801	0.03190227970480919	0.13315260410308838	0.6022511720657349
3802	0.0318324901163578	0.13340796530246735	0.6013708114624023
3803	0.032005030661821365	0.13379576802253723	0.6008201241493225
3804	0.03182493895292282	0.1341339349746704	0.6008765697479248
3805	0.03173205628991127	0.13413675129413605	0.6009138822555542
3806	0.030826184898614883	0.13397283852100372	0.6009538173675537
3807	0.031262874603271484	0.1338883340358734	0.6000251770019531
3808	0.031844642013311386	0.13375405967235565	0.6000543236732483
3809	0.03148122876882553	0.1335088312625885	0.600540041923523
3810	0.03143870085477829	0.13338640332221985	0.6020298004150391
3811	0.032059196382761	0.13323327898979187	0.6044684648513794
3812	0.03230489790439606	0.13290072977542877	0.6076562404632568
3813	0.030925145372748375	0.13271141052246094	0.6095631122589111
3814	0.03152509778738022	0.13252043724060059	0.6101728081703186
3815	0.0310998372733593	0.1322069615125656	0.6105075478553772
3816	0.03219814598560333	0.13193000853061676	0.6109562516212463
3817	0.030989667400717735	0.13189572095870972	0.6113889813423157
3818	0.032752323895692825	0.13224977254867554	0.6117486953735352
3819	0.032733023166656494	0.13265566527843475	0.6117789149284363
3820	0.0315794013440609	0.13246308267116547	0.6107242107391357
3821	0.03216537460684776	0.13248790800571442	0.6083306670188904
3822	0.03273294121026993	0.13279539346694946	0.6043421030044556
3823	0.031902726739645004	0.1328253149986267	0.6028554439544678
3824	0.0336352214217186	0.1326397955417633	0.6043111681938171
3825	0.032620955258607864	0.1329570859670639	0.6057115793228149
3826	0.03145493566989899	0.13347290456295013	0.6066203713417053
3827	0.03236955776810646	0.13375912606716156	0.607384979724884
3828	0.03263406082987785	0.13333697617053986	0.6077117323875427
3829	0.03196943923830986	0.13316170871257782	0.6066035032272339
3830	0.031189575791358948	0.13307398557662964	0.6054534912109375
3831	0.03151685744524002	0.13319550454616547	0.6040486097335815
3832	0.03246951848268509	0.13347850739955902	0.60502690076828
3833	0.03295991197228432	0.13375037908554077	0.6060899496078491
3834	0.03198230266571045	0.13379400968551636	0.6064424514770508
3835	0.03222380205988884	0.1334455907344818	0.6066408753395081
3836	0.030280116945505142	0.13300345838069916	0.6061822175979614
3837	0.031183281913399696	0.13289406895637512	0.6052185297012329
3838	0.03156563267111778	0.13290520012378693	0.605094850063324
3839	0.03246751055121422	0.13306351006031036	0.605806291103363
3840	0.032837703824043274	0.1332717388868332	0.6055912971496582
3841	0.03185145556926727	0.13335822522640228	0.6047139763832092
3842	0.031412165611982346	0.13336484134197235	0.6042734980583191
3843	0.030589045956730843	0.13370269536972046	0.6031649112701416
3844	0.031886424869298935	0.13392072916030884	0.6033323407173157
3845	0.03274917230010033	0.13397438824176788	0.602977454662323
3846	0.03115449659526348	0.1337880790233612	0.6031079292297363
3847	0.03140314668416977	0.13372132182121277	0.6035051345825195
3848	0.03057904541492462	0.13372690975666046	0.6040194630622864
3849	0.03304778039455414	0.13380761444568634	0.6052756905555725
3850	0.031414054334163666	0.13379932940006256	0.6062151789665222
3851	0.031033454462885857	0.13361766934394836	0.6061298847198486
3852	0.03122605010867119	0.13320578634738922	0.6062714457511902
3853	0.03206287696957588	0.13273970782756805	0.6059276461601257
3854	0.03150694817304611	0.13258416950702667	0.6053646802902222
3855	0.030778197571635246	0.13286679983139038	0.6053415536880493
3856	0.03100031614303589	0.13325344026088715	0.6044967174530029
3857	0.03154207020998001	0.13362811505794525	0.6039407849311829
3858	0.031396519392728806	0.13404984772205353	0.6030460000038147
3859	0.03047751821577549	0.1343841254711151	0.6027039885520935
3860	0.031498152762651443	0.13453170657157898	0.6021109223365784
3861	0.03173276036977768	0.1344074308872223	0.6019401550292969
3862	0.03141145035624504	0.13405007123947144	0.6028902530670166
3863	0.031721197068691254	0.1339065134525299	0.6040626168251038
3864	0.03264874592423439	0.13357999920845032	0.6054046750068665
3865	0.0314774215221405	0.13322675228118896	0.6061437129974365
3866	0.0307944156229496	0.13275715708732605	0.6063013672828674
3867	0.03217065706849098	0.1325817108154297	0.6070031523704529
3868	0.03216715529561043	0.1326843500137329	0.6084084510803223
3869	0.03139707073569298	0.1331131011247635	0.6098915338516235
3870	0.031232085078954697	0.1336292028427124	0.6096326112747192
3871	0.03143297880887985	0.1335752159357071	0.608127772808075
3872	0.03139125183224678	0.13353517651557922	0.6055389642715454
3873	0.03161193057894707	0.1339237242937088	0.6039858460426331
3874	0.03148658573627472	0.13448917865753174	0.6036020517349243
3875	0.030696552246809006	0.13479140400886536	0.60392165184021
3876	0.03170871362090111	0.1340908408164978	0.605696976184845
3877	0.030787087976932526	0.1329999715089798	0.6074110269546509
3878	0.03035489097237587	0.1321704238653183	0.6087039709091187
3879	0.03118382766842842	0.131948322057724	0.6096324324607849
3880	0.03133910149335861	0.13195115327835083	0.6113263368606567
3881	0.03164009377360344	0.13246649503707886	0.6128439903259277
3882	0.03206426277756691	0.13298490643501282	0.6128545999526978
3883	0.03161599487066269	0.13347168266773224	0.6124653220176697
3884	0.03190609812736511	0.13372039794921875	0.6106590032577515
3885	0.031362976878881454	0.13346275687217712	0.6094145774841309
3886	0.031621433794498444	0.1330101639032364	0.6081324815750122
3887	0.03185122460126877	0.1328269988298416	0.6076324582099915
3888	0.032002344727516174	0.1330145001411438	0.6087458729743958
3889	0.030660945922136307	0.1334671825170517	0.6102893948554993
3890	0.030246740207076073	0.13410481810569763	0.610170304775238
3891	0.0322420559823513	0.1338939219713211	0.6092630624771118
3892	0.03207380324602127	0.13314640522003174	0.6087195873260498
3893	0.031722526997327805	0.1326640099287033	0.6081384420394897
3894	0.0314437560737133	0.1324155628681183	0.6097263693809509
3895	0.032750453799963	0.13280732929706573	0.6116958856582642
3896	0.032610610127449036	0.132987841963768	0.6123576164245605
3897	0.031481556594371796	0.13316068053245544	0.6124225854873657
3898	0.0317964106798172	0.13321329653263092	0.6116184592247009
3899	0.03115941397845745	0.13285522162914276	0.6104406118392944
3900	0.03138301521539688	0.13260331749916077	0.6085485816001892
3901	0.03233461081981659	0.13267511129379272	0.6073868274688721
3902	0.031516287475824356	0.13308574259281158	0.6064348816871643
3903	0.03180263191461563	0.13358159363269806	0.6061241030693054
3904	0.0308841560035944	0.13430307805538177	0.6054054498672485
3905	0.03164641186594963	0.13458803296089172	0.6043292284011841
3906	0.031601905822753906	0.13441789150238037	0.6033682823181152
3907	0.030089082196354866	0.13432838022708893	0.6023478507995605
3908	0.030460763722658157	0.13447320461273193	0.6035752892494202
3909	0.03119443543255329	0.13447079062461853	0.6062016487121582
3910	0.03086746856570244	0.13431060314178467	0.6077747344970703
3911	0.030808091163635254	0.13406337797641754	0.6087207794189453
3912	0.032376281917095184	0.1340455263853073	0.6089701652526855
3913	0.030468199402093887	0.1341066211462021	0.6086359620094299
3914	0.03163125365972519	0.13415279984474182	0.6087368130683899
3915	0.03125524893403053	0.1342250108718872	0.608425498008728
3916	0.03177851438522339	0.13423195481300354	0.6085761785507202
3917	0.03172985464334488	0.13416509330272675	0.6089248061180115
3918	0.0327465757727623	0.1338808387517929	0.6087782382965088
3919	0.030259814113378525	0.1336568146944046	0.6087863445281982
3920	0.0309347752481699	0.13353323936462402	0.6088634133338928
3921	0.030676625669002533	0.13376371562480927	0.6097643971443176
3922	0.032107189297676086	0.1339040845632553	0.6111403703689575
3923	0.030836155638098717	0.13359272480010986	0.6120968461036682
3924	0.031809840351343155	0.13324035704135895	0.6114036440849304
3925	0.031110147014260292	0.13293921947479248	0.6095607876777649
3926	0.03093137964606285	0.13280989229679108	0.6078504323959351
3927	0.03042902611196041	0.13309833407402039	0.6059387922286987
3928	0.03174935281276703	0.133498415350914	0.6050988435745239
3929	0.031337376683950424	0.13391990959644318	0.6055023670196533
3930	0.03175344318151474	0.1339140087366104	0.6059073805809021
3931	0.031034138053655624	0.13364407420158386	0.6065067648887634
3932	0.03124380111694336	0.1333010196685791	0.6074272394180298
3933	0.031416166573762894	0.1331544667482376	0.6078651547431946
3934	0.03193965181708336	0.13296210765838623	0.6092780828475952
3935	0.03199271485209465	0.1330755650997162	0.6107838153839111
3936	0.030968045815825462	0.1333634853363037	0.612221360206604
3937	0.031721051782369614	0.13324657082557678	0.6120547652244568
3938	0.030840396881103516	0.13325901329517365	0.610675573348999
3939	0.0310144554823637	0.13339567184448242	0.6087930202484131
3940	0.03069225139915943	0.13379772007465363	0.6076955795288086
3941	0.03174674138426781	0.1342199146747589	0.6072125434875488
3942	0.03187510743737221	0.13452939689159393	0.6068897247314453
3943	0.031606584787368774	0.13431772589683533	0.6060184240341187
3944	0.030989697203040123	0.1337655484676361	0.6069483160972595
3945	0.030979879200458527	0.13345059752464294	0.6066345572471619
3946	0.030899545177817345	0.13312143087387085	0.607213020324707
3947	0.03181487321853638	0.1333305537700653	0.6064984202384949
3948	0.03146568685770035	0.13355225324630737	0.6063144207000732
3949	0.03065369836986065	0.13427303731441498	0.605793297290802
3950	0.030005784705281258	0.1347106397151947	0.6047889590263367
3951	0.03183466196060181	0.134549081325531	0.6032119989395142
3952	0.03078320249915123	0.13424690067768097	0.603195309638977
3953	0.03195333108305931	0.13383880257606506	0.6055557727813721
3954	0.031746987253427505	0.13382256031036377	0.6070218086242676
3955	0.030945993959903717	0.1337376832962036	0.6093232035636902
3956	0.030161352828145027	0.13376441597938538	0.6097058653831482
3957	0.03181420639157295	0.13372866809368134	0.6098037362098694
3958	0.031645726412534714	0.13319669663906097	0.6097604036331177
3959	0.0325789712369442	0.13299843668937683	0.6098443865776062
3960	0.03127056732773781	0.13305968046188354	0.6105126142501831
3961	0.02985476702451706	0.13332194089889526	0.6104304194450378
3962	0.03144725784659386	0.13367444276809692	0.6101570129394531
3963	0.03204229474067688	0.13368678092956543	0.6102229952812195
3964	0.031093379482626915	0.1333853155374527	0.6100582480430603
3965	0.030108077451586723	0.13295911252498627	0.6097750067710876
3966	0.032119300216436386	0.13295696675777435	0.6103975176811218
3967	0.03255674988031387	0.1331424117088318	0.6112080812454224
3968	0.031472161412239075	0.13360708951950073	0.6116412281990051
3969	0.03066675178706646	0.13392244279384613	0.6108676791191101
3970	0.031487900763750076	0.13384665548801422	0.6088982820510864
3971	0.030456718057394028	0.13379201292991638	0.606967031955719
3972	0.030810125172138214	0.13385677337646484	0.6054579019546509
3973	0.03140183165669441	0.13412949442863464	0.6046605706214905
3974	0.03144853189587593	0.1341901272535324	0.6045869588851929
3975	0.03159702941775322	0.13424770534038544	0.6033408045768738
3976	0.03172691538929939	0.13423991203308105	0.6030454039573669
3977	0.030213376507163048	0.13418684899806976	0.6033778786659241
3978	0.031271982938051224	0.13427390158176422	0.6044382452964783
3979	0.031561776995658875	0.13403210043907166	0.6063710451126099
3980	0.03148266673088074	0.13373643159866333	0.6068567037582397
3981	0.0295089203864336	0.1338360458612442	0.6066146492958069
3982	0.031077206134796143	0.13396643102169037	0.6069182753562927
3983	0.030828220769762993	0.13441413640975952	0.6074124574661255
3984	0.031303633004426956	0.13442958891391754	0.6080293655395508
3985	0.031597211956977844	0.13388864696025848	0.6083114743232727
3986	0.030905310064554214	0.13347426056861877	0.6080833673477173
3987	0.03065240941941738	0.1331363469362259	0.6086572408676147
3988	0.031866222620010376	0.1330590695142746	0.6093096137046814
3989	0.03113349713385105	0.1332045942544937	0.6094288229942322
3990	0.03162287548184395	0.13336336612701416	0.609105110168457
3991	0.03071420080959797	0.13342009484767914	0.6083837151527405
3992	0.030887722969055176	0.1334548443555832	0.6078121066093445
3993	0.03183435648679733	0.1336325705051422	0.6077403426170349
3994	0.031259648501873016	0.1339268535375595	0.6083576679229736
3995	0.029725346714258194	0.13414382934570312	0.6084732413291931
3996	0.03068755567073822	0.13404390215873718	0.6093853712081909
3997	0.031818829476833344	0.13401223719120026	0.6096878051757812
3998	0.030697211623191833	0.13399364054203033	0.6106647849082947
3999	0.030306458473205566	0.13396775722503662	0.6105149984359741
4000	0.029924005270004272	0.13374421000480652	0.6100452542304993
4001	0.03114619478583336	0.13381683826446533	0.6084981560707092
4002	0.03200763091444969	0.13403329253196716	0.6067563891410828
4003	0.030527744442224503	0.13430114090442657	0.6050054430961609
4004	0.03135950118303299	0.13442310690879822	0.6039028763771057
4005	0.03094674088060856	0.1342981904745102	0.6041514277458191
4006	0.031040223315358162	0.13426722586154938	0.6052641272544861
4007	0.03163958340883255	0.13407805562019348	0.6070865988731384
4008	0.03067723661661148	0.13346728682518005	0.6092525720596313
4009	0.03043896146118641	0.13324637711048126	0.6107989549636841
4010	0.030681893229484558	0.13329653441905975	0.6117419600486755
4011	0.030398627743124962	0.1332668960094452	0.6116883754730225
4012	0.031166676431894302	0.13316920399665833	0.6120424866676331
4013	0.030727606266736984	0.13278183341026306	0.6126823425292969
4014	0.03058699145913124	0.1326880007982254	0.6126773357391357
4015	0.031832776963710785	0.13268591463565826	0.6128430962562561
4016	0.03152841702103615	0.13303439319133759	0.6133576035499573
4017	0.030904117971658707	0.13392901420593262	0.6130006313323975
4018	0.031976062804460526	0.13477545976638794	0.6117984056472778
4019	0.03171852231025696	0.13456827402114868	0.6105169057846069
4020	0.03162596374750137	0.13421565294265747	0.6084316968917847
4021	0.03125181794166565	0.13405995070934296	0.6065667271614075
4022	0.03133294731378555	0.13398095965385437	0.6061949133872986
4023	0.029713552445173264	0.1338595449924469	0.6064582467079163
4024	0.03024473413825035	0.13362491130828857	0.6070039868354797
4025	0.03021918423473835	0.13330087065696716	0.6083452701568604
4026	0.030654847621917725	0.1334063708782196	0.6094340682029724
4027	0.03114081546664238	0.13364721834659576	0.6097419261932373
4028	0.030344918370246887	0.13407328724861145	0.6096797585487366
4029	0.029739269986748695	0.13431225717067719	0.6089945435523987
4030	0.03105407953262329	0.13430377840995789	0.6071357131004333
4031	0.0298316553235054	0.1342506855726242	0.6059815883636475
4032	0.030828209593892097	0.13436315953731537	0.6050379276275635
4033	0.030498279258608818	0.13474521040916443	0.605602502822876
4034	0.030319713056087494	0.13502496480941772	0.6057029962539673
4035	0.03106573224067688	0.13518564403057098	0.6058117747306824
4036	0.030455417931079865	0.13485968112945557	0.6070756316184998
4037	0.03116130642592907	0.13450418412685394	0.6081511378288269
4038	0.031337689608335495	0.13421985507011414	0.6086342930793762
4039	0.030391743406653404	0.1338586062192917	0.6083117723464966
4040	0.031069617718458176	0.13378921151161194	0.6084184050559998
4041	0.030911967158317566	0.1339646577835083	0.6085066199302673
4042	0.030764654278755188	0.1344819813966751	0.6098503470420837
4043	0.030837755650281906	0.13452841341495514	0.6108196377754211
4044	0.03141074627637863	0.13426686823368073	0.6106938719749451
4045	0.03161631152033806	0.13415585458278656	0.6083503365516663
4046	0.03062065877020359	0.13451077044010162	0.6066040992736816
4047	0.030938150361180305	0.13498182594776154	0.6049468517303467
4048	0.031200753524899483	0.1354958415031433	0.604471743106842
4049	0.0310885738581419	0.13591334223747253	0.6054149866104126
4050	0.03105129674077034	0.13572406768798828	0.6071892380714417
4051	0.03214035928249359	0.13477525115013123	0.6085928678512573
4052	0.0308087095618248	0.1339261829853058	0.6084432601928711
4053	0.031062649562954903	0.13334918022155762	0.6085071563720703
4054	0.030826618894934654	0.13312353193759918	0.6088924407958984
4055	0.031133055686950684	0.13323798775672913	0.6100273728370667
4056	0.030327679589390755	0.13338889181613922	0.6115180253982544
4057	0.030587412416934967	0.13332174718379974	0.6127973794937134
4058	0.03094327636063099	0.13308708369731903	0.613669216632843
4059	0.03111770935356617	0.13276493549346924	0.614262044429779
4060	0.030795076861977577	0.1327030062675476	0.6145821213722229
4061	0.0305674746632576	0.1325453519821167	0.6137195825576782
4062	0.030861377716064453	0.13269469141960144	0.6134474873542786
4063	0.03128039464354515	0.1329220086336136	0.6134130358695984
4064	0.0298319049179554	0.1331917941570282	0.6124430298805237
4065	0.030194295570254326	0.1333204060792923	0.6113936305046082
4066	0.029697762802243233	0.1329091340303421	0.6103834509849548
4067	0.03173711150884628	0.13270723819732666	0.6093952655792236
4068	0.031083300709724426	0.13252925872802734	0.6095086932182312
4069	0.031766653060913086	0.13248685002326965	0.6105915307998657
4070	0.03101387806236744	0.13265271484851837	0.6117823719978333
4071	0.03149787709116936	0.13299986720085144	0.6128378510475159
4072	0.02929743379354477	0.13296596705913544	0.6126081347465515
4073	0.031017985194921494	0.13297401368618011	0.6117024421691895
4074	0.03103324957191944	0.13335329294204712	0.6114031672477722
4075	0.030783094465732574	0.13360606133937836	0.612485945224762
4076	0.029411399737000465	0.13344693183898926	0.6135677695274353
4077	0.03051472082734108	0.1332457959651947	0.6131688356399536
4078	0.03090437687933445	0.13312970101833344	0.6119317412376404
4079	0.03086298145353794	0.13287761807441711	0.6111952662467957
4080	0.03128112107515335	0.13280422985553741	0.6111816167831421
4081	0.03076745755970478	0.13327525556087494	0.6121743321418762
4082	0.030764346942305565	0.13433285057544708	0.6135622262954712
4083	0.031469061970710754	0.13483047485351562	0.6142706274986267
4084	0.03055638261139393	0.13414399325847626	0.6139817237854004
4085	0.030930129811167717	0.13338029384613037	0.6113853454589844
4086	0.029927650466561317	0.13342136144638062	0.6088600754737854
4087	0.03209882974624634	0.13361066579818726	0.609338641166687
4088	0.031908564269542694	0.13395482301712036	0.6104257106781006
4089	0.030949853360652924	0.13454292714595795	0.6108717918395996
4090	0.031580597162246704	0.13512979447841644	0.6102083325386047
4091	0.030850183218717575	0.13472072780132294	0.6094546914100647
4092	0.030987227335572243	0.1342398077249527	0.6075160503387451
4093	0.029611703008413315	0.13410882651805878	0.6055307984352112
4094	0.030571207404136658	0.1341065764427185	0.6054162979125977
4095	0.031006526201963425	0.13439950346946716	0.6069663763046265
4096	0.030847761780023575	0.13477812707424164	0.6085157990455627
4097	0.03110423870384693	0.13508819043636322	0.6092808246612549
4098	0.03195494785904884	0.1348213255405426	0.6096785068511963
4099	0.03150005266070366	0.13412334024906158	0.6104931831359863
4100	0.030250441282987595	0.13346321880817413	0.6103471517562866
4101	0.030711544677615166	0.13331514596939087	0.609870195388794
4102	0.03011256456375122	0.1331140547990799	0.6104745864868164
4103	0.030986033380031586	0.13296453654766083	0.6122429966926575
4104	0.032047148793935776	0.13302144408226013	0.6138486862182617
4105	0.0312722772359848	0.13310837745666504	0.6148066520690918
4106	0.03127622231841087	0.13307343423366547	0.6153631210327148
4107	0.031049273908138275	0.1327105462551117	0.6153978705406189
4108	0.030157487839460373	0.13255125284194946	0.6145411729812622
4109	0.031690169125795364	0.13294807076454163	0.6134827733039856
4110	0.03170955926179886	0.1335880607366562	0.6131719350814819
4111	0.03056572563946247	0.13408885896205902	0.6133724451065063
4112	0.030564432963728905	0.13433115184307098	0.6125633120536804
4113	0.031329281628131866	0.13397850096225739	0.6119300127029419
4114	0.030827518552541733	0.133528470993042	0.6106587052345276
4115	0.03074132837355137	0.13315998017787933	0.6092252731323242
4116	0.030618488788604736	0.1331007033586502	0.6084811687469482
4117	0.03141656890511513	0.1330527812242508	0.6097282767295837
4118	0.030064985156059265	0.13302725553512573	0.6119723320007324
4119	0.031532224267721176	0.1332249492406845	0.6138107776641846
4120	0.031098194420337677	0.13346149027347565	0.6155478358268738
4121	0.031262341886758804	0.1337634176015854	0.6157578229904175
4122	0.030982129275798798	0.1337486356496811	0.6147825121879578
4123	0.03017125464975834	0.13361218571662903	0.6134393215179443
4124	0.030514944344758987	0.13357490301132202	0.6117774844169617
4125	0.03018716350197792	0.13377054035663605	0.6102294921875
4126	0.030279766768217087	0.13386666774749756	0.6089492440223694
4127	0.03101847879588604	0.13396777212619781	0.6085431575775146
4128	0.030280625447630882	0.13424824178218842	0.6089186668395996
4129	0.030777977779507637	0.1343155801296234	0.6102657318115234
4130	0.029432248324155807	0.13441374897956848	0.6108179688453674
4131	0.03222515806555748	0.13419988751411438	0.610884428024292
4132	0.03061290644109249	0.13394352793693542	0.6111669540405273
4133	0.03167140111327171	0.1335497498512268	0.6127122044563293
4134	0.030461179092526436	0.13339675962924957	0.6143530607223511
4135	0.029719917103648186	0.13325831294059753	0.6162431240081787
4136	0.030061887577176094	0.13318610191345215	0.6176257729530334
4137	0.030810320749878883	0.13287107646465302	0.6187373995780945
4138	0.029430082067847252	0.13255338370800018	0.6191161870956421
4139	0.030683116987347603	0.13241153955459595	0.6182473301887512
4140	0.03077728860080242	0.1323198825120926	0.6181457042694092
4141	0.030339373275637627	0.13244841992855072	0.6184524297714233
4142	0.029727257788181305	0.132616326212883	0.6176995635032654
4143	0.02964388206601143	0.13287095725536346	0.6169482469558716
4144	0.02992939203977585	0.13322760164737701	0.6154481768608093
4145	0.03079748898744583	0.13342948257923126	0.6136789917945862
4146	0.029385443776845932	0.13359685242176056	0.6120187044143677
4147	0.03001599945127964	0.13381697237491608	0.6111680865287781
4148	0.030955720692873	0.13382066786289215	0.6114413738250732
4149	0.030253518372774124	0.13396070897579193	0.6129045486450195
4150	0.030417971312999725	0.13380731642246246	0.6140816807746887
4151	0.03052213042974472	0.13352540135383606	0.6145746111869812
4152	0.029776815325021744	0.13337519764900208	0.6144051551818848
4153	0.03049004077911377	0.13342125713825226	0.6142695546150208
4154	0.0313103161752224	0.13374215364456177	0.6144570112228394
4155	0.029795702546834946	0.13387367129325867	0.6160243153572083
4156	0.030826769769191742	0.13371942937374115	0.6172860860824585
4157	0.031368106603622437	0.1336304396390915	0.6167398691177368
4158	0.03115142323076725	0.13339084386825562	0.6147505044937134
4159	0.03004385717213154	0.13322584331035614	0.6126531958580017
4160	0.030617333948612213	0.13315962255001068	0.6132986545562744
4161	0.03075622208416462	0.13352975249290466	0.614596962928772
4162	0.030312540009617805	0.1339852511882782	0.6156774759292603
4163	0.03033445030450821	0.1342303454875946	0.6166361570358276
4164	0.03064170852303505	0.13380809128284454	0.6169806122779846
4165	0.03114486113190651	0.13321375846862793	0.6157854795455933
4166	0.029580773785710335	0.1329483687877655	0.6133733987808228
4167	0.030938109382987022	0.1327986717224121	0.6134681105613708
4168	0.030788710340857506	0.13297303020954132	0.6148555278778076
4169	0.03091389313340187	0.1335756629705429	0.6156713962554932
4170	0.029719507321715355	0.13402126729488373	0.6157779097557068
4171	0.030230531468987465	0.13387256860733032	0.6153280138969421
4172	0.0296766497194767	0.1335630863904953	0.6149274706840515
4173	0.030130403116345406	0.13338354229927063	0.6147791743278503
4174	0.030141020193696022	0.1334117203950882	0.6141569018363953
4175	0.030534349381923676	0.13333351910114288	0.6149628758430481
4176	0.031425368040800095	0.13336233794689178	0.6152499914169312
4177	0.03150082752108574	0.133599191904068	0.6153123378753662
4178	0.03149998560547829	0.13380755484104156	0.614085853099823
4179	0.03046916052699089	0.1336137056350708	0.6131527423858643
4180	0.0306373480707407	0.13347293436527252	0.6123244762420654
4181	0.029240358620882034	0.13380008935928345	0.6114557981491089
4182	0.029603732749819756	0.13401775062084198	0.6125606894493103
4183	0.029140127822756767	0.1339924931526184	0.6138085126876831
4184	0.03094843029975891	0.1337248980998993	0.6153995990753174
4185	0.030123282223939896	0.13336022198200226	0.6166690587997437
4186	0.031231839209794998	0.13270360231399536	0.61794114112854
4187	0.02947341650724411	0.13212019205093384	0.6188531517982483
4188	0.030182132497429848	0.13166750967502594	0.6196529865264893
4189	0.030850015580654144	0.131448432803154	0.6205859184265137
4190	0.029271183535456657	0.13163287937641144	0.6207695603370667
4191	0.030477967113256454	0.13229618966579437	0.6201914548873901
4192	0.03149621933698654	0.13279461860656738	0.6184688806533813
4193	0.03190472722053528	0.13300541043281555	0.617192804813385
4194	0.03190762177109718	0.1331188678741455	0.6161513328552246
4195	0.029622530564665794	0.1331763118505478	0.6163292527198792
4196	0.029838822782039642	0.13333933055400848	0.6181329488754272
4197	0.030452247709035873	0.1334822028875351	0.6195339560508728
4198	0.029882241040468216	0.13323482871055603	0.6194179654121399
4199	0.029100341722369194	0.13286851346492767	0.6187810897827148
4200	0.030898448079824448	0.13259069621562958	0.6189345121383667
4201	0.030023351311683655	0.1323060691356659	0.6184602975845337
4202	0.029862767085433006	0.13225534558296204	0.6187762022018433
4203	0.02997279167175293	0.13236331939697266	0.6186774969100952
4204	0.03035002015531063	0.13260020315647125	0.6170607805252075
4205	0.030351513996720314	0.13293975591659546	0.6164875626564026
4206	0.029826540499925613	0.13335326313972473	0.6156650185585022
4207	0.0305442214012146	0.13385212421417236	0.6147735714912415
4208	0.03102930448949337	0.1340550035238266	0.6137704849243164
4209	0.030778536573052406	0.13379037380218506	0.6120623350143433
4210	0.02974201925098896	0.13382209837436676	0.6099116206169128
4211	0.030395755544304848	0.1341167688369751	0.609257698059082
4212	0.030290255323052406	0.13433188199996948	0.6104336380958557
4213	0.029699057340621948	0.13461364805698395	0.6112948060035706
4214	0.030422521755099297	0.1344405561685562	0.6120545268058777
4215	0.029961152002215385	0.13405728340148926	0.6130049228668213
4216	0.03195248171687126	0.13358409702777863	0.61353999376297
4217	0.029284436255693436	0.1334332823753357	0.6142026782035828
4218	0.029355894774198532	0.13358363509178162	0.615257978439331
4219	0.03022332862019539	0.13379783928394318	0.616608738899231
4220	0.030045917257666588	0.13412067294120789	0.6167283654212952
4221	0.030389700084924698	0.13422243297100067	0.6160168051719666
4222	0.029938150197267532	0.13414442539215088	0.6142711043357849
4223	0.02961098775267601	0.13405007123947144	0.6119300723075867
4224	0.030112959444522858	0.13402532041072845	0.6099260449409485
4225	0.03060685656964779	0.1342063993215561	0.6100596189498901
4226	0.03025498241186142	0.13438963890075684	0.6110495924949646
4227	0.029667148366570473	0.13441972434520721	0.6120611429214478
4228	0.02967570535838604	0.13411980867385864	0.6139510869979858
4229	0.029561175033450127	0.13383682072162628	0.6153241395950317
4230	0.029024144634604454	0.13368763029575348	0.6159199476242065
4231	0.03059341385960579	0.1336131989955902	0.6166942119598389
4232	0.03050873428583145	0.13364484906196594	0.6182478666305542
4233	0.030194753780961037	0.13355223834514618	0.6185715794563293
4234	0.030444340780377388	0.1335860639810562	0.6186860203742981
4235	0.029372185468673706	0.13354496657848358	0.617694079875946
4236	0.031099488958716393	0.13344015181064606	0.6156203150749207
4237	0.031066101044416428	0.13345201313495636	0.61320561170578
4238	0.029772881418466568	0.13404636085033417	0.611355185508728
4239	0.03050733171403408	0.13453319668769836	0.6107445955276489
4240	0.031301163136959076	0.13483475148677826	0.6107784509658813
4241	0.030149685218930244	0.1346401572227478	0.6123331189155579
4242	0.030795808881521225	0.13446731865406036	0.6137758493423462
4243	0.030251942574977875	0.1342639923095703	0.6154581904411316
4244	0.029784834012389183	0.13412602245807648	0.6157470345497131
4245	0.029975321143865585	0.13391168415546417	0.6157771944999695
4246	0.03093048371374607	0.13378936052322388	0.6161696314811707
4247	0.029941095039248466	0.13376177847385406	0.6177397966384888
4248	0.03064965084195137	0.13399654626846313	0.6196394562721252
4249	0.03070954419672489	0.13397395610809326	0.6197315454483032
4250	0.02910439670085907	0.1336784064769745	0.6198879480361938
4251	0.029804250225424767	0.13334164023399353	0.6210883855819702
4252	0.03035832941532135	0.13307088613510132	0.6213189363479614
4253	0.030439015477895737	0.13317984342575073	0.6214484572410583
4254	0.02979753352701664	0.13353000581264496	0.6209899187088013
4255	0.030820786952972412	0.13384179770946503	0.6198078989982605
4256	0.030157148838043213	0.13396526873111725	0.6188806295394897
4257	0.030273137614130974	0.13405978679656982	0.6179444193840027
4258	0.030047185719013214	0.134048730134964	0.6162624955177307
4259	0.030029816552996635	0.1340470165014267	0.6160306930541992
4260	0.030369339510798454	0.1341836005449295	0.6158645749092102
4261	0.029595788568258286	0.13427753746509552	0.6163626313209534
4262	0.03033282235264778	0.1340009868144989	0.6167524456977844
4263	0.03047909215092659	0.13357345759868622	0.6165327429771423
4264	0.029204336926341057	0.13339073956012726	0.6164652705192566
4265	0.03039579838514328	0.13321901857852936	0.6160695552825928
4266	0.029995078220963478	0.13314522802829742	0.6150403022766113
4267	0.030023707076907158	0.13321076333522797	0.6144921779632568
4268	0.029970349743962288	0.13343724608421326	0.6142889857292175
4269	0.02904149889945984	0.13384075462818146	0.6142230033874512
4270	0.02994276024401188	0.13438090682029724	0.6144128441810608
4271	0.030697865411639214	0.13461719453334808	0.6137378215789795
4272	0.03081268072128296	0.13473880290985107	0.6131693720817566
4273	0.029461955651640892	0.1347888857126236	0.6135973930358887
4274	0.030992435291409492	0.13501238822937012	0.6137887835502625
4275	0.030361201614141464	0.1349802017211914	0.6131346225738525
4276	0.030010288581252098	0.13463953137397766	0.611889660358429
4277	0.03041103295981884	0.13441288471221924	0.6110973954200745
4278	0.029596401378512383	0.13416841626167297	0.6106230020523071
4279	0.03057865798473358	0.13411276042461395	0.6110219359397888
4280	0.02991556003689766	0.1343640685081482	0.611399233341217
4281	0.029651019722223282	0.13492253422737122	0.6120030283927917
4282	0.030338816344738007	0.1354050487279892	0.6120160222053528
4283	0.030509954318404198	0.13513752818107605	0.6114169955253601
4284	0.030830416828393936	0.13484585285186768	0.6096252202987671
4285	0.029088057577610016	0.13473878800868988	0.607979953289032
4286	0.030438214540481567	0.13452312350273132	0.6091775298118591
4287	0.029420064762234688	0.13427402079105377	0.6128935217857361
4288	0.030750684440135956	0.1343819797039032	0.6155449151992798
4289	0.02934657409787178	0.13441181182861328	0.617249608039856
4290	0.030606621876358986	0.1341494768857956	0.6176654100418091
4291	0.029544265940785408	0.13398559391498566	0.6173267364501953
4292	0.029653336852788925	0.13404464721679688	0.6157811284065247
4293	0.03089849092066288	0.134247288107872	0.6151884198188782
4294	0.030250662937760353	0.13438713550567627	0.6151497960090637
4295	0.029564889147877693	0.13444863259792328	0.6152001619338989
4296	0.0288377832621336	0.13414327800273895	0.6153913140296936
4297	0.029906047508120537	0.13400821387767792	0.6146625876426697
4298	0.031350523233413696	0.13383416831493378	0.6139019131660461
4299	0.030039889737963676	0.1336095631122589	0.614329993724823
4300	0.029462752863764763	0.13354800641536713	0.6158726215362549
4301	0.029621824622154236	0.13366109132766724	0.6170897483825684
4302	0.030062761157751083	0.13385264575481415	0.6173763275146484
4303	0.029410891234874725	0.13402098417282104	0.616506040096283
4304	0.02977680414915085	0.13426952064037323	0.6141740679740906
4305	0.030221058055758476	0.13448955118656158	0.6119702458381653
4306	0.02966322936117649	0.1347258985042572	0.6105056405067444
4307	0.02979665994644165	0.13496363162994385	0.6093829274177551
4308	0.029518727213144302	0.13492296636104584	0.6105961799621582
4309	0.030129840597510338	0.13470539450645447	0.6126412153244019
4310	0.03131535276770592	0.13447865843772888	0.6144762635231018
4311	0.02868599258363247	0.13424862921237946	0.6146994233131409
4312	0.029721640050411224	0.13418419659137726	0.6145013570785522
4313	0.029022742062807083	0.13434293866157532	0.6140778660774231
4314	0.02946167066693306	0.13454855978488922	0.6149305105209351
4315	0.029689401388168335	0.13461558520793915	0.6158238053321838
4316	0.028812183067202568	0.13439378142356873	0.616146445274353
4317	0.029687127098441124	0.13403210043907166	0.6166155934333801
4318	0.029528751969337463	0.13353852927684784	0.6180992722511292
4319	0.029909640550613403	0.13314710557460785	0.6193463802337646
4320	0.029996829107403755	0.13296836614608765	0.6201661229133606
4321	0.03023507259786129	0.13299986720085144	0.6208040714263916
4322	0.02990039438009262	0.13349251449108124	0.6215018630027771
4323	0.029479607939720154	0.13371874392032623	0.6219146251678467
4324	0.029676469042897224	0.13379892706871033	0.6209530234336853
4325	0.030338451266288757	0.1339743584394455	0.6190650463104248
4326	0.028971035033464432	0.13406603038311005	0.6167635321617126
4327	0.029470054432749748	0.13429272174835205	0.6156651973724365
4328	0.030050382018089294	0.13466978073120117	0.6150208711624146
4329	0.02971588633954525	0.13521446287631989	0.6141570806503296
4330	0.030879011377692223	0.13544969260692596	0.6129570007324219
4331	0.029809989035129547	0.13565652072429657	0.6119025945663452
4332	0.029665691778063774	0.13576285541057587	0.6100907325744629
4333	0.03046049363911152	0.13571086525917053	0.607852578163147
4334	0.030089128762483597	0.13564065098762512	0.606346607208252
4335	0.029837002977728844	0.13565422594547272	0.6065762639045715
4336	0.029676668345928192	0.13568411767482758	0.6085883378982544
4337	0.029450315982103348	0.1356676071882248	0.6112217307090759
4338	0.030555671080946922	0.1358165144920349	0.6119465231895447
4339	0.030351893976330757	0.13576732575893402	0.6119230389595032
4340	0.029150690883398056	0.13573597371578217	0.6123068332672119
4341	0.030040079727768898	0.13562682271003723	0.613073468208313
4342	0.0299516711384058	0.13547565042972565	0.6129097938537598
4343	0.02873486839234829	0.1352786272764206	0.6124191284179688
4344	0.03021053783595562	0.1350991427898407	0.6123735308647156
4345	0.03037583827972412	0.1351635456085205	0.613862931728363
4346	0.030713370069861412	0.13531407713890076	0.6141165494918823
4347	0.029811576008796692	0.1351698786020279	0.6139127612113953
4348	0.0297714676707983	0.13476349413394928	0.612750768661499
4349	0.02966506965458393	0.13463933765888214	0.6111101508140564
4350	0.03019888326525688	0.1350414752960205	0.6104163527488708
4351	0.03056533820927143	0.13535620272159576	0.611177384853363
4352	0.030190909281373024	0.1353488713502884	0.612726628780365
4353	0.029722414910793304	0.1349003165960312	0.6146048307418823
4354	0.029688211157917976	0.13461627066135406	0.615403413772583
4355	0.029626227915287018	0.13421495258808136	0.615584135055542
4356	0.029321135953068733	0.1341077834367752	0.6151665449142456
4357	0.029251428321003914	0.13412582874298096	0.6152946949005127
4358	0.029870102182030678	0.13466210663318634	0.6159719824790955
4359	0.030415810644626617	0.13530728220939636	0.6172184348106384
4360	0.02950628288090229	0.13562598824501038	0.6164623498916626
4361	0.029010768979787827	0.1355709284543991	0.6152925491333008
4362	0.029262734577059746	0.13555558025836945	0.6126660704612732
4363	0.029786664992570877	0.1356145441532135	0.6117023229598999
4364	0.029296716675162315	0.1357044279575348	0.6122751235961914
4365	0.030316470190882683	0.13554342091083527	0.6132135987281799
4366	0.030256206169724464	0.13531045615673065	0.614078164100647
4367	0.030121009796857834	0.13497330248355865	0.6145725846290588
4368	0.029123589396476746	0.13445474207401276	0.6148185729980469
4369	0.029208051040768623	0.13409480452537537	0.6150994896888733
4370	0.029824111610651016	0.1340906172990799	0.6157655715942383
4371	0.030175041407346725	0.13441574573516846	0.6156933903694153
4372	0.02954046241939068	0.1344706267118454	0.614626944065094
4373	0.029601072892546654	0.13456086814403534	0.6138502359390259
4374	0.029364177957177162	0.1344556361436844	0.6129975318908691
4375	0.02926657162606716	0.13449378311634064	0.6130825281143188
4376	0.029555710032582283	0.13471652567386627	0.6130662560462952
4377	0.029820794239640236	0.13485558331012726	0.612220048904419
4378	0.02925630286335945	0.13480836153030396	0.6108337044715881
4379	0.02975473552942276	0.13468794524669647	0.6101810932159424
4380	0.029203172773122787	0.13470429182052612	0.6107389330863953
4381	0.02961682714521885	0.13479316234588623	0.6124852299690247
4382	0.028753401711583138	0.13495005667209625	0.6138886213302612
4383	0.028828969225287437	0.13485847413539886	0.6144936680793762
4384	0.029879959300160408	0.13466542959213257	0.6148472428321838
4385	0.030247412621974945	0.13453324139118195	0.6139259934425354
4386	0.029508410021662712	0.13446542620658875	0.6136583685874939
4387	0.029284311458468437	0.13442140817642212	0.6142653226852417
4388	0.02946634031832218	0.13434647023677826	0.6154386401176453
4389	0.030275991186499596	0.13416215777397156	0.6158339977264404
4390	0.02894117310643196	0.13423754274845123	0.6164648532867432
4391	0.02928886190056801	0.13435350358486176	0.6169133186340332
4392	0.028984317556023598	0.13428306579589844	0.6165820360183716
4393	0.02955513261258602	0.1342688500881195	0.6154555082321167
4394	0.029708243906497955	0.13438522815704346	0.6147817969322205
4395	0.02906309813261032	0.13441196084022522	0.6139833927154541
4396	0.030004188418388367	0.13452257215976715	0.6133275628089905
4397	0.03051113523542881	0.13481087982654572	0.6131507754325867
4398	0.03004274144768715	0.1350344866514206	0.6133772134780884
4399	0.03028811328113079	0.1350271999835968	0.6134680509567261
4400	0.029385365545749664	0.13491959869861603	0.6132563352584839
4401	0.030519584193825722	0.13497838377952576	0.6128692030906677
4402	0.029223421588540077	0.1351548433303833	0.6133597493171692
4403	0.02921852469444275	0.13543277978897095	0.6137997508049011
4404	0.029716966673731804	0.13595382869243622	0.613703727722168
4405	0.029893871396780014	0.13590151071548462	0.614067792892456
4406	0.029995281249284744	0.13548126816749573	0.6149264574050903
4407	0.029381589964032173	0.13530303537845612	0.6144204139709473
4408	0.028553130105137825	0.1353941559791565	0.6148273944854736
4409	0.028744466602802277	0.13543935120105743	0.6144821047782898
4410	0.030557360500097275	0.13539615273475647	0.6142598986625671
4411	0.0290615763515234	0.13551460206508636	0.6134282350540161
4412	0.029234709218144417	0.13533611595630646	0.613501250743866
4413	0.02981896884739399	0.1349903792142868	0.6137824058532715
4414	0.030278857797384262	0.13494369387626648	0.6138991117477417
4415	0.02866012044250965	0.134963721036911	0.6136708855628967
4416	0.03013915941119194	0.1350388079881668	0.6136266589164734
4417	0.029155855998396873	0.1351996213197708	0.6135255098342896
4418	0.02948583848774433	0.13530485332012177	0.6135664582252502
4419	0.02877989038825035	0.13520671427249908	0.6139710545539856
4420	0.030207516625523567	0.13497424125671387	0.6136669516563416
4421	0.029179690405726433	0.13491955399513245	0.6120520234107971
4422	0.02916719578206539	0.13514116406440735	0.611220121383667
4423	0.028904244303703308	0.13538074493408203	0.6107085943222046
4424	0.02977749891579151	0.13558734953403473	0.6119270324707031
4425	0.028822293505072594	0.13559943437576294	0.6136730313301086
4426	0.02886948734521866	0.13547353446483612	0.6151518225669861
4427	0.030510729178786278	0.1352589875459671	0.6164518594741821
4428	0.02936657890677452	0.13508732616901398	0.6175719499588013
4429	0.029614096507430077	0.13506567478179932	0.6172863841056824
4430	0.030388090759515762	0.13518992066383362	0.6163169741630554
4431	0.029781194403767586	0.13526706397533417	0.6158217191696167
4432	0.030154775828123093	0.13514059782028198	0.6158894300460815
4433	0.02897622063755989	0.1350344717502594	0.6158686876296997
4434	0.02954341098666191	0.1347755342721939	0.6171236634254456
4435	0.028829611837863922	0.13458101451396942	0.6184264421463013
4436	0.02949470840394497	0.13440656661987305	0.6189499497413635
4437	0.029029501602053642	0.1344429850578308	0.6192561388015747
4438	0.02953696995973587	0.13445518910884857	0.6190086603164673
4439	0.029524022713303566	0.13457435369491577	0.6191836595535278
4440	0.02921721339225769	0.13474372029304504	0.6188892126083374
4441	0.029101548716425896	0.1345859318971634	0.6166473627090454
4442	0.027565162628889084	0.1345951408147812	0.6143267750740051
4443	0.029476871713995934	0.13497218489646912	0.6125836372375488
4444	0.02974388189613819	0.13565592467784882	0.6124222874641418
4445	0.029000939801335335	0.13606639206409454	0.6121623516082764
4446	0.030369866639375687	0.13600918650627136	0.6138507127761841
4447	0.030055060982704163	0.13559116423130035	0.6150774359703064
4448	0.02962937019765377	0.13515594601631165	0.6160553097724915
4449	0.028602108359336853	0.13463734090328217	0.6170005798339844
4450	0.029682917520403862	0.13458308577537537	0.6188926696777344
4451	0.03017181158065796	0.13478128612041473	0.6201021671295166
4452	0.030078772455453873	0.1350548267364502	0.6200528144836426
4453	0.029544491320848465	0.13511356711387634	0.6195034384727478
4454	0.02915087901055813	0.1346602588891983	0.6183148622512817
4455	0.028673091903328896	0.13444215059280396	0.6171734929084778
4456	0.02936669811606407	0.1345793455839157	0.6165057420730591
4457	0.028951678425073624	0.13494227826595306	0.6172916293144226
4458	0.029745666310191154	0.1356222927570343	0.6195288300514221
4459	0.02975456602871418	0.13593509793281555	0.6208456754684448
4460	0.029319819062948227	0.13509976863861084	0.6206597089767456
4461	0.03022032603621483	0.13427691161632538	0.6198564767837524
4462	0.030300423502922058	0.13389980792999268	0.6197685599327087
4463	0.029970692470669746	0.13368014991283417	0.6213465332984924
4464	0.028536003082990646	0.13391143083572388	0.6218129396438599
4465	0.029624639078974724	0.13424290716648102	0.620947539806366
4466	0.0290366280823946	0.13442757725715637	0.6187064051628113
4467	0.029324041679501534	0.13461214303970337	0.615144670009613
4468	0.029141973704099655	0.13492107391357422	0.6122532486915588
4469	0.03111378476023674	0.1353151947259903	0.6109553575515747
4470	0.028774065896868706	0.13556861877441406	0.6113844513893127
4471	0.029225025326013565	0.13574530184268951	0.6125531792640686
4472	0.029649697244167328	0.13555525243282318	0.6137451529502869
4473	0.028962543234229088	0.1351148933172226	0.6154024600982666
4474	0.02931489236652851	0.13480283319950104	0.6164195537567139
4475	0.02881995029747486	0.1346454620361328	0.6159113049507141
4476	0.03110639750957489	0.13451574742794037	0.6157532334327698
4477	0.029485903680324554	0.13466444611549377	0.6174962520599365
4478	0.029149271547794342	0.1347704529762268	0.6198592185974121
4479	0.028948640450835228	0.13495591282844543	0.620505690574646
4480	0.028994327411055565	0.13493938744068146	0.6204509139060974
4481	0.02988613024353981	0.13444741070270538	0.6196204423904419
4482	0.0297770407050848	0.1341250240802765	0.6175370216369629
4483	0.029382526874542236	0.1344064623117447	0.6162770390510559
4484	0.028751667588949203	0.13491547107696533	0.6160029172897339
4485	0.028838399797677994	0.13544920086860657	0.6158138513565063
4486	0.02978505939245224	0.13587912917137146	0.6150873303413391
4487	0.029834041371941566	0.13576486706733704	0.6139500737190247
4488	0.029776277020573616	0.13551007211208344	0.6129496097564697
4489	0.02863767184317112	0.13526670634746552	0.6123771071434021
4490	0.02933996170759201	0.13488541543483734	0.6139165759086609
4491	0.030364109203219414	0.13464993238449097	0.6170942187309265
4492	0.02962946519255638	0.13473498821258545	0.6205497980117798
4493	0.02810271643102169	0.13487879931926727	0.6225705742835999
4494	0.02838948555290699	0.13474151492118835	0.6232007741928101
4495	0.029654545709490776	0.13444125652313232	0.6229961514472961
4496	0.02867264300584793	0.1343247890472412	0.6216995120048523
4497	0.028766851872205734	0.1347055435180664	0.6211414933204651
4498	0.029020357877016068	0.13535423576831818	0.620246410369873
4499	0.029544435441493988	0.13565906882286072	0.6184009313583374
4500	0.030059009790420532	0.1359688639640808	0.6160120368003845
4501	0.028943268582224846	0.13596080243587494	0.6137716770172119
4502	0.029178762808442116	0.13559679687023163	0.6129467487335205
4503	0.029621178284287453	0.13520938158035278	0.6141456365585327
4504	0.028892839327454567	0.13485221564769745	0.6152745485305786
4505	0.028604010120034218	0.13435424864292145	0.6169262528419495
4506	0.029773587360978127	0.1340046375989914	0.6191262602806091
4507	0.029491139575839043	0.1339918076992035	0.6208102703094482
4508	0.0287756510078907	0.13403455913066864	0.6217718720436096
4509	0.029093123972415924	0.13395065069198608	0.6221778988838196
4510	0.030013103038072586	0.13406822085380554	0.6218637228012085
4511	0.027705417945981026	0.13437195122241974	0.6212243437767029
4512	0.0297609344124794	0.1346680074930191	0.6200552582740784
4513	0.030064815655350685	0.13478919863700867	0.6182650923728943
4514	0.02941194921731949	0.13479755818843842	0.6172610521316528
4515	0.02816392108798027	0.13489453494548798	0.6169770956039429
4516	0.029275335371494293	0.13511192798614502	0.6176818609237671
4517	0.02795388735830784	0.1353687345981598	0.6176870465278625
4518	0.028704868629574776	0.13549451529979706	0.6178121566772461
4519	0.029687313362956047	0.13530002534389496	0.6175325512886047
4520	0.028737597167491913	0.13523514568805695	0.6179099082946777
4521	0.02923901006579399	0.13536736369132996	0.6185696125030518
4522	0.0288389865309	0.1354648619890213	0.6199356317520142
4523	0.028438551351428032	0.13526968657970428	0.6205810308456421
4524	0.028980949893593788	0.13509024679660797	0.6205527186393738
4525	0.02956496924161911	0.13493895530700684	0.6196379065513611
4526	0.030250996351242065	0.13491712510585785	0.6188473701477051
4527	0.02974541299045086	0.13491873443126678	0.618564784526825
4528	0.028604159131646156	0.13494418561458588	0.619377076625824
4529	0.02871808595955372	0.13511334359645844	0.6197869181632996
4530	0.028928594663739204	0.13528065383434296	0.6196538209915161
4531	0.028305446729063988	0.13495193421840668	0.6196199655532837
4532	0.02950647473335266	0.1345372498035431	0.6193276643753052
4533	0.02986515685915947	0.1345144361257553	0.6191620230674744
4534	0.02971906214952469	0.1346099078655243	0.6185270547866821
4535	0.028816208243370056	0.13511143624782562	0.6179018020629883
4536	0.03034462034702301	0.13589297235012054	0.6174332499504089
4537	0.028307458385825157	0.13628646731376648	0.614960253238678
4538	0.02919318899512291	0.13633780181407928	0.6127691268920898
4539	0.028638938441872597	0.13620281219482422	0.6109876036643982
4540	0.03015841916203499	0.13616643846035004	0.6107283234596252
4541	0.029443936422467232	0.13628891110420227	0.6115978956222534
4542	0.028620608150959015	0.13624529540538788	0.6137574911117554
4543	0.030019283294677734	0.13633939623832703	0.614770770072937
4544	0.02850130945444107	0.13609565794467926	0.614906907081604
4545	0.027563193812966347	0.13575415313243866	0.61407870054245
4546	0.02889503538608551	0.13558976352214813	0.6133393049240112
4547	0.028491705656051636	0.13534298539161682	0.6142458915710449
4548	0.029332879930734634	0.13542646169662476	0.6140860915184021
4549	0.027499984949827194	0.13559359312057495	0.6155019998550415
4550	0.029414786025881767	0.1357967108488083	0.6178848147392273
4551	0.029347078874707222	0.13558930158615112	0.619317889213562
4552	0.028867989778518677	0.13503409922122955	0.6197028756141663
4553	0.028976112604141235	0.13486646115779877	0.6194473505020142
4554	0.029709380120038986	0.13487879931926727	0.6198214292526245
4555	0.03012908063828945	0.13501186668872833	0.6205734610557556
4556	0.03004595637321472	0.13504229485988617	0.6213666200637817
4557	0.02984916977584362	0.13524168729782104	0.6211651563644409
4558	0.029666999354958534	0.1354587972164154	0.6195077896118164
4559	0.02898494526743889	0.13558968901634216	0.6179198622703552
4560	0.028817955404520035	0.1356106400489807	0.6160463094711304
4561	0.02784823440015316	0.13549916446208954	0.6146368980407715
4562	0.029101036489009857	0.13540641963481903	0.6133673191070557
4563	0.028303593397140503	0.13550139963626862	0.6129537224769592
4564	0.028869742527604103	0.13558144867420197	0.6127687692642212
4565	0.02910371497273445	0.1357499212026596	0.6130585074424744
4566	0.029445037245750427	0.1359751969575882	0.6129682660102844
4567	0.029437290504574776	0.13614462316036224	0.6131293773651123
4568	0.028970615938305855	0.13624756038188934	0.6138058304786682
4569	0.028719281777739525	0.13609884679317474	0.6148562431335449
4570	0.02854308858513832	0.13562342524528503	0.6160708069801331
4571	0.029144112020730972	0.13505211472511292	0.6165449619293213
4572	0.028074920177459717	0.13497230410575867	0.617645800113678
4573	0.029475688934326172	0.13493576645851135	0.6189159750938416
4574	0.028484446927905083	0.1351068615913391	0.6198381185531616
4575	0.02860189601778984	0.1352735161781311	0.6192196011543274
4576	0.028960969299077988	0.1353733241558075	0.6178889274597168
4577	0.0282551608979702	0.135471373796463	0.6168897747993469
4578	0.030009189620614052	0.13563379645347595	0.6160985827445984
4579	0.02929094433784485	0.1358008086681366	0.6158484220504761
4580	0.029499489814043045	0.1357450634241104	0.6154100298881531
4581	0.028287341818213463	0.135531947016716	0.6153478026390076
4582	0.028750067576766014	0.13550549745559692	0.6159920692443848
4583	0.02881471998989582	0.13552652299404144	0.6162884831428528
4584	0.028496861457824707	0.1357606053352356	0.616191565990448
4585	0.029805390164256096	0.13565650582313538	0.6162068843841553
4586	0.028765114024281502	0.13519084453582764	0.6147643327713013
4587	0.028307080268859863	0.13503804802894592	0.6134492754936218
4588	0.029528385028243065	0.13536487519741058	0.6132684350013733
4589	0.029415365308523178	0.13591785728931427	0.6128155589103699
4590	0.029174888506531715	0.13634465634822845	0.6130507588386536
4591	0.029294831678271294	0.13629943132400513	0.6139968633651733
4592	0.02830570377409458	0.13616713881492615	0.614501953125
4593	0.028493177145719528	0.1361447274684906	0.6143503189086914
4594	0.02860387973487377	0.136428564786911	0.6133981943130493
4595	0.02922406792640686	0.13699375092983246	0.6130761504173279
4596	0.027821116149425507	0.1377406269311905	0.6131507754325867
4597	0.028033429756760597	0.13778099417686462	0.6126964092254639
4598	0.02883063443005085	0.1371982991695404	0.6121729612350464
4599	0.029642099514603615	0.1364765167236328	0.6117606163024902
4600	0.028744088485836983	0.1359386146068573	0.6121432781219482
4601	0.02878803387284279	0.13576175272464752	0.614313006401062
4602	0.029040470719337463	0.13576406240463257	0.6173749566078186
4603	0.028714925050735474	0.135716050863266	0.6195512413978577
4604	0.02927652932703495	0.1355108916759491	0.6202823519706726
4605	0.029862264171242714	0.13538536429405212	0.6200119853019714
4606	0.02840312197804451	0.13515786826610565	0.6181753277778625
4607	0.02955346554517746	0.13533297181129456	0.6164729595184326
4608	0.028230324387550354	0.13557446002960205	0.6156256794929504
4609	0.027712902054190636	0.13602840900421143	0.6136893630027771
4610	0.029955139383673668	0.13647320866584778	0.6116036176681519
4611	0.028625426813960075	0.13674108684062958	0.6099850535392761
4612	0.028616486117243767	0.13688676059246063	0.6092075109481812
4613	0.02942202240228653	0.13690422475337982	0.6098948121070862
4614	0.027361223474144936	0.13686251640319824	0.6119645237922668
4615	0.028630774468183517	0.13655824959278107	0.6149239540100098
4616	0.029080452397465706	0.1363912969827652	0.618133008480072
4617	0.02993217669427395	0.13627277314662933	0.6190947890281677
4618	0.02879185415804386	0.1357269287109375	0.6188945770263672
4619	0.02863532118499279	0.13524408638477325	0.6176356077194214
4620	0.02858196757733822	0.13511449098587036	0.6166757941246033
4621	0.030084697529673576	0.13546021282672882	0.6155006885528564
4622	0.029215388000011444	0.13575774431228638	0.6160058379173279
4623	0.029374612495303154	0.13619859516620636	0.6165187358856201
4624	0.028613777831196785	0.13639914989471436	0.6163007020950317
4625	0.028791548684239388	0.13629889488220215	0.6158256530761719
4626	0.02903701551258564	0.13584107160568237	0.6152052283287048
4627	0.028141338378190994	0.1353560835123062	0.6153942346572876
4628	0.02814589813351631	0.13527020812034607	0.6180050373077393
4629	0.028353234753012657	0.13520117104053497	0.6214116811752319
4630	0.029185276478528976	0.13501542806625366	0.6235644221305847
4631	0.028852036222815514	0.13495054841041565	0.6235436201095581
4632	0.028771599754691124	0.13488329946994781	0.6231265664100647
4633	0.030080458149313927	0.13452662527561188	0.622114896774292
4634	0.02941415272653103	0.13409245014190674	0.619428813457489
4635	0.02994895726442337	0.13448470830917358	0.6163479685783386
4636	0.028584210202097893	0.1351879984140396	0.6140350103378296
4637	0.028583182021975517	0.13583067059516907	0.6125749349594116
4638	0.028805112466216087	0.13603727519512177	0.6125822067260742
4639	0.028920728713274002	0.13587717711925507	0.6135708093643188
4640	0.029375912621617317	0.13563930988311768	0.6157771944999695
4641	0.028203662484884262	0.13512760400772095	0.618537425994873
4642	0.028964176774024963	0.13472236692905426	0.6207682490348816
4643	0.028471464291214943	0.13484561443328857	0.6229900121688843
4644	0.02897419035434723	0.13502870500087738	0.6244452595710754
4645	0.02938556857407093	0.1352258175611496	0.6241248250007629
4646	0.029155557975172997	0.13554300367832184	0.6228092908859253
4647	0.02826031669974327	0.1356721818447113	0.6211005449295044
4648	0.028071383014321327	0.13591517508029938	0.6192327737808228
4649	0.02842305414378643	0.13619159162044525	0.6178346872329712
4650	0.028590887784957886	0.13663095235824585	0.6161539554595947
4651	0.02893948368728161	0.13681504130363464	0.6154782772064209
4652	0.02854923903942108	0.13650527596473694	0.6145752668380737
4653	0.02859630435705185	0.13615530729293823	0.613609790802002
4654	0.028433803468942642	0.13619297742843628	0.6127196550369263
4655	0.02879289910197258	0.13647325336933136	0.6121231913566589
4656	0.02954569272696972	0.13664467632770538	0.6110846400260925
4657	0.029293224215507507	0.13671982288360596	0.6121389269828796
4658	0.02863408997654915	0.13714967668056488	0.6128118634223938
4659	0.028120391070842743	0.1373692750930786	0.6141250729560852
4660	0.027751030400395393	0.13723228871822357	0.6146244406700134
4661	0.028744207695126534	0.13661323487758636	0.6155234575271606
4662	0.027608701959252357	0.1361527144908905	0.6170665621757507
4663	0.02869580313563347	0.13586130738258362	0.6182485222816467
4664	0.02935236692428589	0.1361159384250641	0.6196405291557312
4665	0.029314804822206497	0.13621842861175537	0.6204966306686401
4666	0.02784666232764721	0.1361449956893921	0.6212819218635559
4667	0.028455760329961777	0.13605615496635437	0.6208096146583557
4668	0.02780495025217533	0.1359129250049591	0.6203243136405945
4669	0.028186874464154243	0.13579440116882324	0.6183304190635681
4670	0.028664052486419678	0.13556598126888275	0.6169835329055786
4671	0.029238633811473846	0.13567441701889038	0.6166926622390747
4672	0.029035136103630066	0.13594301044940948	0.6167149543762207
4673	0.028869453817605972	0.13628068566322327	0.6165591478347778
4674	0.029077859595417976	0.13622304797172546	0.6163822412490845
4675	0.028987115249037743	0.1361146718263626	0.6164023280143738
4676	0.028563424944877625	0.1363562047481537	0.6164500117301941
4677	0.02850542962551117	0.13647614419460297	0.6160357594490051
4678	0.02845173515379429	0.13649465143680573	0.6151723861694336
4679	0.028639134019613266	0.13666744530200958	0.6136752367019653
4680	0.028425583615899086	0.13659214973449707	0.6116030216217041
4681	0.02899821847677231	0.13637031614780426	0.6114579439163208
4682	0.0278636422008276	0.13605619966983795	0.612341582775116
4683	0.02891853265464306	0.1358044445514679	0.6139172315597534
4684	0.02820698730647564	0.13567648828029633	0.6160882711410522
4685	0.028617678210139275	0.13595059514045715	0.617797315120697
4686	0.029831860214471817	0.13636846840381622	0.6183003783226013
4687	0.027796665206551552	0.13657613098621368	0.6194087266921997
4688	0.02781039848923683	0.13590161502361298	0.6202091574668884
4689	0.028385862708091736	0.13535457849502563	0.6201543211936951
4690	0.028527798131108284	0.13539445400238037	0.6192489266395569
4691	0.029294805601239204	0.1357886642217636	0.6183724403381348
4692	0.028879547491669655	0.13607342541217804	0.6187031269073486
4693	0.029101483523845673	0.13657836616039276	0.6185620427131653
4694	0.028781946748495102	0.1368582546710968	0.6184691190719604
4695	0.028762077912688255	0.13694876432418823	0.6190428733825684
4696	0.028094623237848282	0.1369209885597229	0.6189447045326233
4697	0.028289370238780975	0.13667236268520355	0.618331253528595
4698	0.027761470526456833	0.1364445835351944	0.6177983283996582
4699	0.029882153496146202	0.13615408539772034	0.6177142262458801
4700	0.030228665098547935	0.13603554666042328	0.6186288595199585
4701	0.02798135206103325	0.13605663180351257	0.6181085109710693
4702	0.028670569881796837	0.13617448508739471	0.6174538731575012
4703	0.028625154867768288	0.13627785444259644	0.6176697611808777
4704	0.02969081699848175	0.1364431083202362	0.6178016066551208
4705	0.02867121621966362	0.1366935521364212	0.6177617311477661
4706	0.028626462444663048	0.1366002857685089	0.6172494888305664
4707	0.02815045416355133	0.1364317536354065	0.617392897605896
4708	0.028379658237099648	0.13651061058044434	0.6180421710014343
4709	0.028866540640592575	0.13647885620594025	0.6182573437690735
4710	0.0279521681368351	0.13633352518081665	0.6177294850349426
4711	0.02881181426346302	0.13617195188999176	0.6170549988746643
4712	0.02848992310464382	0.13626420497894287	0.6168801784515381
4713	0.02828865312039852	0.13642211258411407	0.6159565448760986
4714	0.028677329421043396	0.13649946451187134	0.6139894723892212
4715	0.029104173183441162	0.1367921382188797	0.612190842628479
4716	0.028920581564307213	0.13721777498722076	0.6123347282409668
4717	0.02982287108898163	0.13750232756137848	0.6134475469589233
4718	0.028110623359680176	0.137183278799057	0.6152879595756531
4719	0.027957938611507416	0.13666261732578278	0.6169165968894958
4720	0.02792172133922577	0.13581350445747375	0.6159344911575317
4721	0.028966765850782394	0.13548968732357025	0.6148839592933655
4722	0.028622837737202644	0.1356993317604065	0.6153375506401062
4723	0.02971556968986988	0.13637380301952362	0.6162799000740051
4724	0.028634220361709595	0.1371290534734726	0.6173309087753296
4725	0.030186377465724945	0.13725468516349792	0.617964506149292
4726	0.02790408581495285	0.13699455559253693	0.6186687350273132
4727	0.028559237718582153	0.13646313548088074	0.6190248727798462
4728	0.027803072705864906	0.13603271543979645	0.6204845905303955
4729	0.02902347780764103	0.13582250475883484	0.6220135688781738
4730	0.028592878952622414	0.13601437211036682	0.6227960586547852
4731	0.02876202017068863	0.13632942736148834	0.6222365498542786
4732	0.028609799221158028	0.13635389506816864	0.6198577284812927
4733	0.028159689158201218	0.1362677961587906	0.6186766028404236
4734	0.027958298102021217	0.13636469841003418	0.6181718707084656
4735	0.02866252511739731	0.13667386770248413	0.618314802646637
4736	0.028105949983000755	0.13672924041748047	0.6183499097824097
4737	0.02823134884238243	0.1366521418094635	0.61846923828125
4738	0.02892541140317917	0.1364269256591797	0.6181823015213013
4739	0.02763645350933075	0.1362842172384262	0.6180979609489441
4740	0.028727224096655846	0.13628603518009186	0.6185744404792786
4741	0.02960018813610077	0.13626880943775177	0.6191594004631042
4742	0.028602272272109985	0.13645009696483612	0.6199465394020081
4743	0.028158077970147133	0.13645535707473755	0.6189083456993103
4744	0.028035640716552734	0.13633248209953308	0.6174078583717346
4745	0.027962632477283478	0.13628794252872467	0.6165019869804382
4746	0.028617585077881813	0.13634343445301056	0.6158358454704285
4747	0.029116956517100334	0.136368528008461	0.6167714595794678
4748	0.028060268610715866	0.13614779710769653	0.6185614466667175
4749	0.02809286303818226	0.13588480651378632	0.6201265454292297
4750	0.028241978958249092	0.13565006852149963	0.6209583282470703
4751	0.027581600472331047	0.13530482351779938	0.6218587756156921
4752	0.028223233297467232	0.13481062650680542	0.6220345497131348
4753	0.02809336967766285	0.13440696895122528	0.6214570999145508
4754	0.02856948785483837	0.13469146192073822	0.6205271482467651
4755	0.028347298502922058	0.13515865802764893	0.6201298236846924
4756	0.027978848665952682	0.13558436930179596	0.6190973520278931
4757	0.02827681414783001	0.13573123514652252	0.6173614859580994
4758	0.028925685212016106	0.13576184213161469	0.6160897016525269
4759	0.02846367098391056	0.13568660616874695	0.6151711344718933
4760	0.028290728107094765	0.13595305383205414	0.6155216693878174
4761	0.02776520326733589	0.13635510206222534	0.6158468127250671
4762	0.02829752117395401	0.13672417402267456	0.6163631081581116
4763	0.028608879074454308	0.1367095708847046	0.6161326169967651
4764	0.028795462101697922	0.13635903596878052	0.6164723038673401
4765	0.029114266857504845	0.13596835732460022	0.6168631315231323
4766	0.02911575883626938	0.135994091629982	0.619073748588562
4767	0.029184982180595398	0.1362353265285492	0.6203199625015259
4768	0.027268817648291588	0.13643760979175568	0.6204723119735718
4769	0.027317561209201813	0.13629762828350067	0.6194007396697998
4770	0.027256624773144722	0.13626933097839355	0.6171708703041077
4771	0.028014203533530235	0.13620783388614655	0.6149495244026184
4772	0.028423303738236427	0.13614264130592346	0.6140418648719788
4773	0.027947597205638885	0.13627254962921143	0.6158144474029541
4774	0.027821509167551994	0.13623039424419403	0.6181429028511047
4775	0.028263194486498833	0.13592132925987244	0.6204743385314941
4776	0.02746017463505268	0.13555532693862915	0.6223286390304565
4777	0.028205640614032745	0.13520652055740356	0.6229325532913208
4778	0.028845643624663353	0.13513535261154175	0.6239753365516663
4779	0.028014181181788445	0.13540665805339813	0.6251397132873535
4780	0.028359731659293175	0.1355704665184021	0.6260554194450378
4781	0.028130855411291122	0.1358015388250351	0.6256060004234314
4782	0.029978707432746887	0.13563771545886993	0.6235228180885315
4783	0.027845069766044617	0.135489821434021	0.621228039264679
4784	0.029182352125644684	0.13563285768032074	0.6192656755447388
4785	0.029037753120064735	0.13592451810836792	0.6182034611701965
4786	0.028954649344086647	0.13663040101528168	0.6185444593429565
4787	0.02794167958199978	0.13730646669864655	0.6185351014137268
4788	0.029631152749061584	0.13741688430309296	0.6176549196243286
4789	0.029188457876443863	0.13709154725074768	0.6170064210891724
4790	0.027714049443602562	0.13669434189796448	0.6168062686920166
4791	0.02834409847855568	0.13628257811069489	0.617969274520874
4792	0.027918830513954163	0.136173278093338	0.6191413998603821
4793	0.02817397005856037	0.13585877418518066	0.6208317875862122
4794	0.028899651020765305	0.13543280959129333	0.6223693490028381
4795	0.027815958485007286	0.13487544655799866	0.6227977275848389
4796	0.02892341837286949	0.1347484588623047	0.621781587600708
4797	0.02814180962741375	0.13515564799308777	0.621031641960144
4798	0.028267130255699158	0.13558845221996307	0.6208696365356445
4799	0.02879880554974079	0.13580162823200226	0.6206372380256653
4800	0.02820715494453907	0.1358659565448761	0.6200675368309021
4801	0.028086554259061813	0.13579480350017548	0.6193391680717468
4802	0.028191618621349335	0.13573355972766876	0.6192197799682617
4803	0.028536388650536537	0.13598884642124176	0.6208746433258057
4804	0.027809515595436096	0.13616645336151123	0.6233220100402832
4805	0.028147723525762558	0.13584810495376587	0.62437504529953
4806	0.02915368042886257	0.13535378873348236	0.6236562132835388
4807	0.02748858369886875	0.13489699363708496	0.6223309636116028
4808	0.028273366391658783	0.13451413810253143	0.6220784783363342
4809	0.0285679679363966	0.13483421504497528	0.6221551895141602
4810	0.027490878477692604	0.1353147029876709	0.6217522621154785
4811	0.027584044262766838	0.13584977388381958	0.6211360692977905
4812	0.028327377513051033	0.13591550290584564	0.6206367611885071
4813	0.02822307124733925	0.13593624532222748	0.618422269821167
4814	0.028938250616192818	0.1364058256149292	0.6156354546546936
4815	0.029802342876791954	0.1367783099412918	0.6144685745239258
4816	0.029020581394433975	0.13706760108470917	0.6130793690681458
4817	0.02907577157020569	0.13699032366275787	0.613103985786438
4818	0.02846769616007805	0.1366499662399292	0.6147034764289856
4819	0.029072022065520287	0.1361485868692398	0.6168686151504517
4820	0.027999326586723328	0.13557079434394836	0.618373453617096
4821	0.028745800256729126	0.13483650982379913	0.6199236512184143
4822	0.028426682576537132	0.13452786207199097	0.6214666962623596
4823	0.027745259925723076	0.13465197384357452	0.6227527260780334
4824	0.028266042470932007	0.135189950466156	0.6236544251441956
4825	0.028435995802283287	0.13571037352085114	0.6229057312011719
4826	0.028509439900517464	0.13573713600635529	0.6224203109741211
4827	0.028409209102392197	0.13578976690769196	0.6215656995773315
4828	0.027900351211428642	0.13595165312290192	0.6195116639137268
4829	0.02694758027791977	0.1362541913986206	0.6178644299507141
4830	0.02853543311357498	0.13627971708774567	0.6174673438072205
4831	0.027567274868488312	0.13629552721977234	0.6176116466522217
4832	0.02714076079428196	0.13644012808799744	0.618934154510498
4833	0.02839527279138565	0.13671697676181793	0.6192097663879395
4834	0.027854761108756065	0.1368592083454132	0.6176568865776062
4835	0.027488522231578827	0.13683584332466125	0.6166706681251526
4836	0.027663379907608032	0.13723571598529816	0.6153823137283325
4837	0.02846580184996128	0.13756027817726135	0.6144992113113403
4838	0.028385348618030548	0.13764038681983948	0.61433345079422
4839	0.028135517612099648	0.13740533590316772	0.6138179302215576
4840	0.027498457580804825	0.13720007240772247	0.6132500767707825
4841	0.02785777673125267	0.13691629469394684	0.6138366460800171
4842	0.027988208457827568	0.13701684772968292	0.615389347076416
4843	0.028293078765273094	0.13728849589824677	0.6167243719100952
4844	0.027585681527853012	0.13732308149337769	0.6170281171798706
4845	0.02883661910891533	0.13683876395225525	0.6170119047164917
4846	0.027649976313114166	0.13633857667446136	0.616588294506073
4847	0.0277339369058609	0.13621307909488678	0.6156849265098572
4848	0.028502708300948143	0.13648608326911926	0.6161423325538635
4849	0.02718569152057171	0.13726653158664703	0.6183149218559265
4850	0.027179576456546783	0.1375359147787094	0.6191369295120239
4851	0.027290519326925278	0.13690124452114105	0.619477391242981
4852	0.027580583468079567	0.13639485836029053	0.6187306642532349
4853	0.027772974222898483	0.13639169931411743	0.6186623573303223
4854	0.02751276083290577	0.1365807205438614	0.6190570592880249
4855	0.02797473780810833	0.13646385073661804	0.6193925142288208
4856	0.027747616171836853	0.13624809682369232	0.6200326681137085
4857	0.027708547189831734	0.1360303908586502	0.6211243271827698
4858	0.028508801013231277	0.13560347259044647	0.6213312149047852
4859	0.02870914340019226	0.13519982993602753	0.6212170124053955
4860	0.02794746682047844	0.13514816761016846	0.6212299466133118
4861	0.028542520478367805	0.13533931970596313	0.6212875843048096
4862	0.028432779014110565	0.13587139546871185	0.620923638343811
4863	0.026995917782187462	0.1362830400466919	0.6205131411552429
4864	0.027690621092915535	0.1367001086473465	0.6191977858543396
4865	0.027669643983244896	0.13684290647506714	0.6183626651763916
4866	0.027894385159015656	0.13703899085521698	0.6178010106086731
4867	0.02827339991927147	0.13722708821296692	0.6171907186508179
4868	0.026976430788636208	0.13702930510044098	0.616327166557312
4869	0.027789464220404625	0.13673600554466248	0.6169792413711548
4870	0.028956731781363487	0.1366948038339615	0.6173924803733826
4871	0.028463756665587425	0.1368616223335266	0.6180030107498169
4872	0.028885696083307266	0.1367001235485077	0.6187487840652466
4873	0.027530234307050705	0.13658489286899567	0.6185929179191589
4874	0.028602376580238342	0.1366741806268692	0.6180726885795593
4875	0.028403710573911667	0.13684390485286713	0.616793692111969
4876	0.02936224266886711	0.1370864063501358	0.615028977394104
4877	0.029238535091280937	0.13745585083961487	0.6138839721679688
4878	0.02778010070323944	0.13797181844711304	0.613183319568634
4879	0.02761191688477993	0.13785885274410248	0.6135568618774414
4880	0.028646200895309448	0.13750353455543518	0.61367267370224
4881	0.02821177989244461	0.1370849609375	0.6135786771774292
4882	0.02786613255739212	0.13684654235839844	0.6136104464530945
4883	0.028168315067887306	0.13675609230995178	0.6153785586357117
4884	0.027944445610046387	0.13669469952583313	0.6164807081222534
4885	0.027853596955537796	0.1364949494600296	0.6171558499336243
4886	0.028077997267246246	0.13633355498313904	0.6177439093589783
4887	0.027652952820062637	0.13629038631916046	0.6176650524139404
4888	0.028496166691184044	0.13616466522216797	0.6175574660301208
4889	0.028470341116189957	0.13619671761989594	0.6181604862213135
4890	0.02797328308224678	0.13620226085186005	0.6189295649528503
4891	0.02823345549404621	0.13633546233177185	0.6199591755867004
4892	0.02819143980741501	0.13632935285568237	0.6203761696815491
4893	0.029658157378435135	0.13650676608085632	0.6199988126754761
4894	0.028223900124430656	0.13653059303760529	0.6185421943664551
4895	0.028198881074786186	0.13687469065189362	0.6162303686141968
4896	0.027020884677767754	0.1372288316488266	0.6133376359939575
4897	0.02848496101796627	0.13744348287582397	0.6121670007705688
4898	0.028137344866991043	0.13776476681232452	0.6125293970108032
4899	0.027341896668076515	0.13805246353149414	0.6138209700584412
4900	0.028012927621603012	0.13822616636753082	0.6156623959541321
4901	0.027477091178297997	0.13801100850105286	0.6182786226272583
4902	0.028157351538538933	0.13787655532360077	0.6198760867118835
4903	0.027328230440616608	0.13723668456077576	0.6216951012611389
4904	0.027461323887109756	0.1365194171667099	0.6221408843994141
4905	0.026701055467128754	0.13597531616687775	0.6220521926879883
4906	0.028155172243714333	0.1357402503490448	0.6198951601982117
4907	0.02749990113079548	0.1357193887233734	0.6184471249580383
4908	0.0268356092274189	0.1358853131532669	0.6174335479736328
4909	0.02823055163025856	0.1363736391067505	0.616301417350769
4910	0.029042547568678856	0.1368044763803482	0.6154965162277222
4911	0.02742411009967327	0.13708995282649994	0.6160154342651367
4912	0.027724778279662132	0.13723868131637573	0.6170848608016968
4913	0.02814161591231823	0.13722240924835205	0.617367148399353
4914	0.027437815442681313	0.1369788646697998	0.616707444190979
4915	0.02862248197197914	0.13701476156711578	0.6157287359237671
4916	0.029248470440506935	0.1371544450521469	0.6144275665283203
4917	0.027822094038128853	0.13728633522987366	0.6155098676681519
4918	0.028209025040268898	0.13768522441387177	0.6164438128471375
4919	0.02865925058722496	0.13776379823684692	0.6172923445701599
4920	0.027329541742801666	0.13744784891605377	0.6175270080566406
4921	0.02863709069788456	0.13695864379405975	0.6178514957427979
4922	0.027564488351345062	0.1367321014404297	0.6177592873573303
4923	0.0290986355394125	0.13661746680736542	0.6185531616210938
4924	0.027577485889196396	0.13696065545082092	0.6201996207237244
4925	0.02737286686897278	0.1374257206916809	0.6210588812828064
4926	0.028903502970933914	0.13761885464191437	0.6214289665222168
4927	0.028542334213852882	0.13752789795398712	0.6213513612747192
4928	0.02789083682000637	0.1371789425611496	0.6197394728660583
4929	0.028028298169374466	0.13690583407878876	0.6183149814605713
4930	0.028179338201880455	0.13694292306900024	0.6190603971481323
4931	0.02748418226838112	0.13736878335475922	0.6203495860099792
4932	0.026900019496679306	0.13767875730991364	0.6209008097648621
4933	0.027322489768266678	0.13762266933918	0.6205270290374756
4934	0.027375906705856323	0.13768599927425385	0.6206399202346802
4935	0.02758772112429142	0.13771697878837585	0.6202543377876282
4936	0.028283363208174706	0.13731005787849426	0.6191072463989258
4937	0.02824263647198677	0.1369476020336151	0.6175421476364136
4938	0.02756875567138195	0.13677628338336945	0.6166660785675049
4939	0.029215119779109955	0.13684052228927612	0.6167243123054504
4940	0.028159761801362038	0.13704100251197815	0.6176326870918274
4941	0.02827855944633484	0.1370985060930252	0.6185413599014282
4942	0.02793426811695099	0.13689735531806946	0.6189776062965393
4943	0.027543867006897926	0.13668717443943024	0.6190123558044434
4944	0.027281342074275017	0.13646073639392853	0.6193544268608093
4945	0.027231628075242043	0.1363842785358429	0.6180657148361206
4946	0.027917196974158287	0.13650350272655487	0.6171457171440125
4947	0.028106914833188057	0.13679252564907074	0.616727352142334
4948	0.02741020731627941	0.13707278668880463	0.6166132688522339
4949	0.0280674509704113	0.13722215592861176	0.6173701882362366
4950	0.02721261978149414	0.13739794492721558	0.6187757253646851
4951	0.02818843349814415	0.13694338500499725	0.620022177696228
4952	0.02780875563621521	0.13630720973014832	0.6199193596839905
4953	0.028266502544283867	0.13599517941474915	0.6199043989181519
4954	0.02655673585832119	0.13577575981616974	0.6195886731147766
4955	0.027339201420545578	0.1356457769870758	0.6200497150421143
4956	0.028128447011113167	0.13592132925987244	0.6214696168899536
4957	0.028217092156410217	0.1360139101743698	0.622616708278656
4958	0.027537304908037186	0.13595323264598846	0.6240688562393188
4959	0.02754846028983593	0.13556307554244995	0.6237749457359314
4960	0.02796846255660057	0.13539883494377136	0.6224241852760315
4961	0.02841264195740223	0.13570183515548706	0.6216566562652588
4962	0.028319215402007103	0.13630662858486176	0.6216168999671936
4963	0.027140473946928978	0.13707077503204346	0.6219651103019714
4964	0.02750394493341446	0.13757087290287018	0.6225693821907043
4965	0.028667369857430458	0.1375816911458969	0.6219479441642761
4966	0.028099065646529198	0.1368674337863922	0.6203661561012268
4967	0.028031226247549057	0.1363268941640854	0.6179735064506531
4968	0.027061382308602333	0.13620586693286896	0.6173427700996399
4969	0.027433352544903755	0.13670355081558228	0.6192191243171692
4970	0.026976559311151505	0.13754190504550934	0.6207259893417358
4971	0.02752496860921383	0.13763442635536194	0.6225227117538452
4972	0.028177060186862946	0.13678397238254547	0.6224885582923889
4973	0.027399670332670212	0.13602271676063538	0.6200950741767883
4974	0.028797799721360207	0.13616830110549927	0.6188427805900574
4975	0.028549974784255028	0.13669008016586304	0.6208149194717407
4976	0.027032239362597466	0.13771392405033112	0.6222756505012512
4977	0.0285500418394804	0.13831132650375366	0.6223718523979187
4978	0.028265900909900665	0.1376800239086151	0.6215538382530212
4979	0.02760942280292511	0.13683325052261353	0.6195737719535828
4980	0.028006289154291153	0.1363348662853241	0.6185506582260132
4981	0.028149425983428955	0.13610753417015076	0.6190983057022095
4982	0.027249151840806007	0.13591739535331726	0.6215319633483887
4983	0.027330785989761353	0.13612405955791473	0.62478107213974
4984	0.026781149208545685	0.13632279634475708	0.626560389995575
4985	0.027611693367362022	0.1363690346479416	0.6270860433578491
4986	0.02807101421058178	0.13580450415611267	0.6271752119064331
4987	0.027070244774222374	0.13551902770996094	0.625942587852478
4988	0.02726762928068638	0.1355232447385788	0.6242748498916626
4989	0.02779814600944519	0.13589711487293243	0.6229913234710693
4990	0.028096547350287437	0.1365431249141693	0.621841311454773
4991	0.027216564863920212	0.1372741460800171	0.620128333568573
4992	0.028742557391524315	0.1373557448387146	0.6181855797767639
4993	0.02925482764840126	0.13719579577445984	0.6162971258163452
4994	0.02786322496831417	0.13700276613235474	0.6155173182487488
4995	0.027671096846461296	0.13690663874149323	0.6170918345451355
4996	0.028275860473513603	0.13676930963993073	0.6192632913589478
4997	0.027487030252814293	0.13676248490810394	0.6209468841552734
4998	0.02847692184150219	0.13675837218761444	0.6212895512580872
4999	0.027530444785952568	0.13666017353534698	0.6217840909957886
