epoch	train_loss	test_loss	test_metric
0	0.1897408813238144	0.217879518866539	0.04950990527868271
1	0.18465667963027954	0.21370401978492737	0.0657002255320549
2	0.1795414388179779	0.209797203540802	0.08183399587869644
3	0.1760796755552292	0.20631684362888336	0.09596460312604904
4	0.17335347831249237	0.20301580429077148	0.10933880507946014
5	0.1702677458524704	0.1999715268611908	0.11946520209312439
6	0.16764643788337708	0.19726289808750153	0.12562434375286102
7	0.1650220900774002	0.19479696452617645	0.13080325722694397
8	0.16298608481884003	0.1922357678413391	0.13717758655548096
9	0.16145943105220795	0.18983814120292664	0.14272554218769073
10	0.15909890830516815	0.18779496848583221	0.14490662515163422
11	0.15725252032279968	0.18554896116256714	0.1504875123500824
12	0.15540838241577148	0.18338660895824432	0.15106084942817688
13	0.15296173095703125	0.18147994577884674	0.15488721430301666
14	0.15175141394138336	0.17956146597862244	0.16022053360939026
15	0.15035340189933777	0.1776399165391922	0.16619770228862762
16	0.14902432262897491	0.17578761279582977	0.17271263897418976
17	0.14727430045604706	0.17393870651721954	0.17968662083148956
18	0.14575813710689545	0.17214542627334595	0.18730343878269196
19	0.1441989541053772	0.17032571136951447	0.19562695920467377
20	0.14312119781970978	0.1684960275888443	0.2041826695203781
21	0.14169932901859283	0.16680589318275452	0.21227474510669708
22	0.13950364291667938	0.16500712931156158	0.22108027338981628
23	0.13875634968280792	0.1632215827703476	0.23032207787036896
24	0.1370842605829239	0.1615576148033142	0.23823867738246918
25	0.13683481514453888	0.15990640223026276	0.24650268256664276
26	0.13552123308181763	0.15836293995380402	0.25447431206703186
27	0.13387680053710938	0.15684346854686737	0.2617185711860657
28	0.1328643560409546	0.15540985763072968	0.2687841057777405
29	0.13087198138237	0.15399430692195892	0.27653709053993225
30	0.13059179484844208	0.15265706181526184	0.283747136592865
31	0.12935003638267517	0.15144787728786469	0.2905413806438446
32	0.1279720813035965	0.1502923220396042	0.29633477330207825
33	0.1279793530702591	0.1492161750793457	0.3024797737598419
34	0.1278228759765625	0.14819833636283875	0.30831241607666016
35	0.1255614012479782	0.1471148431301117	0.3148346543312073
36	0.12555375695228577	0.14609719812870026	0.3211629092693329
37	0.1254020482301712	0.14515072107315063	0.32710039615631104
38	0.12387311458587646	0.14429832994937897	0.33252519369125366
39	0.12282034009695053	0.14344988763332367	0.3380206227302551
40	0.12173397094011307	0.14250753819942474	0.34422990679740906
41	0.12224526703357697	0.14172206819057465	0.34941360354423523
42	0.12145056575536728	0.14085115492343903	0.35525161027908325
43	0.1204262524843216	0.1400378942489624	0.36080652475357056
44	0.12243213504552841	0.13923931121826172	0.36608630418777466
45	0.11943767219781876	0.13856612145900726	0.3706783056259155
46	0.12077315151691437	0.13805939257144928	0.37428560853004456
47	0.11873650550842285	0.13755714893341064	0.3783875107765198
48	0.11894775182008743	0.13718868792057037	0.3824774920940399
49	0.11889141798019409	0.13689471781253815	0.38451993465423584
50	0.11759351193904877	0.13659867644309998	0.38755396008491516
51	0.11697512120008469	0.13641490042209625	0.39030346274375916
52	0.11770079284906387	0.13609161972999573	0.3935568630695343
53	0.1161094456911087	0.1358289271593094	0.39623063802719116
54	0.11691105365753174	0.13541390001773834	0.4000293016433716
55	0.11580877751111984	0.13498909771442413	0.403102308511734
56	0.11477287113666534	0.13449980318546295	0.40695980191230774
57	0.1149379089474678	0.13410507142543793	0.4095892906188965
58	0.11443186551332474	0.13358092308044434	0.4134594202041626
59	0.11348935216665268	0.13306227326393127	0.41768816113471985
60	0.11417257785797119	0.13239054381847382	0.42282700538635254
61	0.11347102373838425	0.1318928450345993	0.42672398686408997
62	0.11314719170331955	0.1314888894557953	0.4296371340751648
63	0.11201222240924835	0.13109268248081207	0.43309712409973145
64	0.11252805590629578	0.13058283925056458	0.43679559230804443
65	0.1122865080833435	0.1301226019859314	0.4406847357749939
66	0.11180558800697327	0.1298522651195526	0.4434017241001129
67	0.11188700050115585	0.12961740791797638	0.44533106684684753
68	0.11223083734512329	0.12847502529621124	0.4522360563278198
69	0.11051655560731888	0.12821118533611298	0.4538598656654358
70	0.10990557074546814	0.12805718183517456	0.45525306463241577
71	0.11174333840608597	0.1280568391084671	0.45503777265548706
72	0.1107325479388237	0.12808702886104584	0.4544672667980194
73	0.1099107638001442	0.1284267008304596	0.4527692198753357
74	0.11030592024326324	0.12836454808712006	0.45294514298439026
75	0.10946670174598694	0.12774869799613953	0.456962525844574
76	0.10995912551879883	0.1270752251148224	0.4631651043891907
77	0.10882949829101562	0.1267390102148056	0.46515870094299316
78	0.10776407271623611	0.12639926373958588	0.4670785963535309
79	0.10731707513332367	0.12622471153736115	0.4686005413532257
80	0.10874511301517487	0.125935897231102	0.4709741175174713
81	0.10867791622877121	0.12586228549480438	0.4711657166481018
82	0.10871252417564392	0.12591776251792908	0.4706534743309021
83	0.10799518972635269	0.1261046826839447	0.4697171151638031
84	0.10759031772613525	0.12629738450050354	0.4686520993709564
85	0.10682608932256699	0.12649096548557281	0.46636763215065
86	0.10777653753757477	0.1265944093465805	0.4660773277282715
87	0.10696014761924744	0.12675298750400543	0.46532899141311646
88	0.10670614242553711	0.12691159546375275	0.4643082916736603
89	0.10604241490364075	0.12700673937797546	0.4626829922199249
90	0.10619251430034637	0.1266438066959381	0.4642735421657562
91	0.1073802039027214	0.12703686952590942	0.4620077311992645
92	0.10549173504114151	0.12665557861328125	0.465217649936676
93	0.1060490533709526	0.1261981725692749	0.4683796465396881
94	0.10458264499902725	0.12547355890274048	0.47314703464508057
95	0.10564080625772476	0.12508553266525269	0.47610461711883545
96	0.10543826967477798	0.12481249868869781	0.4781489670276642
97	0.10538254678249359	0.12428345531225204	0.4816204905509949
98	0.10457585752010345	0.12405921518802643	0.4839824140071869
99	0.10427765548229218	0.12382809072732925	0.4856993854045868
100	0.10548212379217148	0.12373126298189163	0.48663079738616943
101	0.10397862643003464	0.12391422688961029	0.4859679937362671
102	0.10407398641109467	0.12430784106254578	0.48413029313087463
103	0.10256686806678772	0.12466581910848618	0.48160654306411743
104	0.1042252629995346	0.12460865080356598	0.4823411703109741
105	0.10367978364229202	0.1244407370686531	0.4833230674266815
106	0.10321325808763504	0.12405427545309067	0.4853695034980774
107	0.10300151258707047	0.12378823757171631	0.4870116710662842
108	0.10309165716171265	0.12327255308628082	0.4898955523967743
109	0.10259226709604263	0.12310829013586044	0.4899331033229828
110	0.10206204652786255	0.12287731468677521	0.49121013283729553
111	0.10198967158794403	0.12298960983753204	0.4905964434146881
112	0.10100094228982925	0.12334433197975159	0.4863247573375702
113	0.10111112147569656	0.12330042570829391	0.4862435758113861
114	0.10198268294334412	0.12297165393829346	0.48893487453460693
115	0.10105022042989731	0.1227683275938034	0.4911201298236847
116	0.10110019892454147	0.12228920310735703	0.4942184388637543
117	0.100637286901474	0.12169323116540909	0.4981233477592468
118	0.10077527165412903	0.12112387269735336	0.5018801689147949
119	0.1014290302991867	0.12051074951887131	0.5052438378334045
120	0.100754514336586	0.12051559239625931	0.5052645206451416
121	0.09991633892059326	0.12055247277021408	0.5058196783065796
122	0.09962960332632065	0.12053258717060089	0.5051644444465637
123	0.09974061697721481	0.12043693661689758	0.5061811804771423
124	0.09935561567544937	0.12081395834684372	0.5042638778686523
125	0.09977520257234573	0.12126674503087997	0.5015482306480408
126	0.09958544373512268	0.12102746218442917	0.5024718046188354
127	0.09919513016939163	0.12122123688459396	0.5013670325279236
128	0.09865026921033859	0.12117363512516022	0.5024693608283997
129	0.09825433045625687	0.12117379903793335	0.5020392537117004
130	0.09831590950489044	0.12112307548522949	0.5016355514526367
131	0.0980093777179718	0.12095461040735245	0.502022385597229
132	0.0983436182141304	0.12080128490924835	0.5026443600654602
133	0.09841299802064896	0.12047365307807922	0.5045649409294128
134	0.09713122993707657	0.11926037818193436	0.5137842893600464
135	0.09842780232429504	0.11895695328712463	0.5158467888832092
136	0.09812058508396149	0.11881323903799057	0.5172209143638611
137	0.09765211492776871	0.11883247643709183	0.5174536108970642
138	0.09789875149726868	0.11879800260066986	0.5182632803916931
139	0.09739432483911514	0.1189919114112854	0.5174432396888733
140	0.09540701657533646	0.11877696216106415	0.5187736749649048
141	0.0965052992105484	0.11874265223741531	0.5194439888000488
142	0.09598047286272049	0.11857403069734573	0.520509660243988
143	0.09712284803390503	0.1183641329407692	0.5218430161476135
144	0.0967196375131607	0.11812698841094971	0.5230090618133545
145	0.09670118242502213	0.1181461289525032	0.5223695635795593
146	0.09610054641962051	0.11784062534570694	0.5232243537902832
147	0.09605757147073746	0.11798226088285446	0.520577073097229
148	0.09555963426828384	0.1177339106798172	0.5211515426635742
149	0.09575150161981583	0.1173401027917862	0.5232431888580322
150	0.09558254480361938	0.1173943504691124	0.5229940414428711
151	0.09507032483816147	0.11675441265106201	0.5271468758583069
152	0.09472952038049698	0.11756864935159683	0.5203426480293274
153	0.09539087861776352	0.11739581823348999	0.5208824276924133
154	0.09480265527963638	0.11726433038711548	0.5213019251823425
155	0.0944918617606163	0.11731384694576263	0.5209466814994812
156	0.09545920044183731	0.1172870397567749	0.5209531188011169
157	0.09320735186338425	0.11718250811100006	0.5215615034103394
158	0.0936017632484436	0.11719110608100891	0.5220655798912048
159	0.09440161287784576	0.11729467660188675	0.522013783454895
160	0.0934622660279274	0.11738505959510803	0.5220834016799927
161	0.09380709379911423	0.11723794788122177	0.5245193839073181
162	0.09251876920461655	0.11730160564184189	0.5246918201446533
163	0.09314917773008347	0.11729016900062561	0.5250839591026306
164	0.0932011678814888	0.11726747453212738	0.5251773595809937
165	0.09380637854337692	0.11729414761066437	0.5243368148803711
166	0.09195864200592041	0.11729082465171814	0.5236551761627197
167	0.09290343523025513	0.1180647611618042	0.5161039233207703
168	0.09170609712600708	0.11798189580440521	0.515630841255188
169	0.09313609451055527	0.1176915392279625	0.5168702602386475
170	0.09316612780094147	0.11735258996486664	0.5191744565963745
171	0.09109761565923691	0.11692796647548676	0.5217542052268982
172	0.09062278270721436	0.11647102981805801	0.5244678854942322
173	0.0923006534576416	0.11612910032272339	0.5262896418571472
174	0.09204055368900299	0.11614271253347397	0.5268847942352295
175	0.09150344133377075	0.1164071336388588	0.5263856053352356
176	0.09052177518606186	0.11668350547552109	0.5256677865982056
177	0.09052567183971405	0.11710536479949951	0.5234677791595459
178	0.09052910655736923	0.11739648878574371	0.5212169289588928
179	0.09057848900556564	0.11756947636604309	0.5199017524719238
180	0.08945928514003754	0.11747165769338608	0.5204076766967773
181	0.08974604308605194	0.11723227053880692	0.5217157602310181
182	0.09027723222970963	0.11667004227638245	0.5244114995002747
183	0.08882300555706024	0.11599718034267426	0.5286021828651428
184	0.0908132866024971	0.11546497792005539	0.531301736831665
185	0.08957766741514206	0.11506424099206924	0.533598780632019
186	0.08745686709880829	0.11507304012775421	0.5342846512794495
187	0.08809016644954681	0.1150776594877243	0.5349287390708923
188	0.08847903460264206	0.11497651040554047	0.5358176231384277
189	0.08776147663593292	0.11501588672399521	0.5359209179878235
190	0.08877973258495331	0.11509617418050766	0.53577721118927
191	0.08841901272535324	0.11529609560966492	0.5345026254653931
192	0.0872327908873558	0.11550232023000717	0.5329687595367432
193	0.08780187368392944	0.1156197339296341	0.5318328738212585
194	0.08763507753610611	0.11569651961326599	0.5311660766601562
195	0.08717901259660721	0.11566989868879318	0.5314169526100159
196	0.08742845803499222	0.11567208170890808	0.5317792892456055
197	0.08704140037298203	0.11549293249845505	0.5331926345825195
198	0.08646626770496368	0.11475227028131485	0.5371192097663879
199	0.0864449292421341	0.11454509198665619	0.538908064365387
200	0.08706007152795792	0.11449272930622101	0.5392099618911743
201	0.08652960509061813	0.11436615139245987	0.5397365689277649
202	0.08735484629869461	0.11417169868946075	0.5408388376235962
203	0.08481884747743607	0.11392778903245926	0.5419937968254089
204	0.08602850884199142	0.1139180064201355	0.5417240858078003
205	0.08533311635255814	0.11461947113275528	0.5383306741714478
206	0.08623649924993515	0.11478853970766068	0.5373430252075195
207	0.08446916937828064	0.11484262347221375	0.5365207195281982
208	0.08543474972248077	0.11498009413480759	0.5356222987174988
209	0.08462556451559067	0.11515379697084427	0.5340628623962402
210	0.08389358222484589	0.11496074497699738	0.5358543395996094
211	0.08447263389825821	0.11482058465480804	0.5370279550552368
212	0.08473792672157288	0.11464886367321014	0.538223922252655
213	0.08421110361814499	0.11443162709474564	0.5397070646286011
214	0.08429155498743057	0.11418797820806503	0.5409733057022095
215	0.08491656184196472	0.113962821662426	0.5417309999465942
216	0.08424695581197739	0.11378750950098038	0.5423969626426697
217	0.08339761197566986	0.11387801915407181	0.5420659184455872
218	0.08430205285549164	0.11403548717498779	0.5416911244392395
219	0.0824069231748581	0.114750936627388	0.5386150479316711
220	0.08282463252544403	0.11486777663230896	0.5381597876548767
221	0.08344357460737228	0.11460446566343307	0.5396833419799805
222	0.08335036784410477	0.11449092626571655	0.5403947830200195
223	0.08263242989778519	0.11450659483671188	0.5403373837471008
224	0.08276928216218948	0.11445280909538269	0.5410476922988892
225	0.08293408900499344	0.11442256718873978	0.5415724515914917
226	0.08230084180831909	0.11421899497509003	0.5426479578018188
227	0.08231906592845917	0.11378157138824463	0.5453127026557922
228	0.08425603806972504	0.1136077418923378	0.5456854104995728
229	0.08186588436365128	0.11344092339277267	0.5460144281387329
230	0.08205319195985794	0.11351294815540314	0.5449206829071045
231	0.081630177795887	0.11371389776468277	0.5436916947364807
232	0.0813862681388855	0.11378642916679382	0.5433656573295593
233	0.081325463950634	0.11388251930475235	0.5430745482444763
234	0.08212897926568985	0.11390978842973709	0.5432472825050354
235	0.08178112655878067	0.11386711150407791	0.5439015626907349
236	0.0816475972533226	0.11371155828237534	0.545856773853302
237	0.08283483237028122	0.11342480778694153	0.5480197668075562
238	0.08036573231220245	0.11299760639667511	0.5502448678016663
239	0.08088397979736328	0.11285543441772461	0.5506517887115479
240	0.08022435754537582	0.11269667744636536	0.5511681437492371
241	0.08154574036598206	0.1127038300037384	0.5511718988418579
242	0.08024472743272781	0.11289764195680618	0.5496753454208374
243	0.07985258847475052	0.1130044013261795	0.5489711761474609
244	0.07970891147851944	0.11337960511445999	0.5467422604560852
245	0.08080148696899414	0.11385290324687958	0.5428838133811951
246	0.0797271877527237	0.11408079415559769	0.5413586497306824
247	0.07838969677686691	0.11436367779970169	0.538849413394928
248	0.07890041917562485	0.11429590731859207	0.5390705466270447
249	0.0797816589474678	0.11402801424264908	0.540185272693634
250	0.07973479479551315	0.11368588358163834	0.5418752431869507
251	0.08002560585737228	0.11352754384279251	0.54285728931427
252	0.07891974598169327	0.11333556473255157	0.5440359115600586
253	0.07750390470027924	0.11328471451997757	0.5441957712173462
254	0.07903558015823364	0.11317793279886246	0.5450788736343384
255	0.07782663404941559	0.11332060396671295	0.5447583794593811
256	0.07813088595867157	0.11339829862117767	0.5443890690803528
257	0.07880549132823944	0.11378957331180573	0.542205810546875
258	0.07999971508979797	0.11402424424886703	0.5405120849609375
259	0.07855367660522461	0.11426539719104767	0.5387469530105591
260	0.07780348509550095	0.11426929384469986	0.5382912158966064
261	0.07774893939495087	0.11390940099954605	0.5403974056243896
262	0.07817374169826508	0.11355434358119965	0.5422645807266235
263	0.07725249230861664	0.1130073294043541	0.5449149012565613
264	0.0776098370552063	0.11262338608503342	0.5468885898590088
265	0.07750815153121948	0.11240237206220627	0.5480458736419678
266	0.07843727618455887	0.11245927959680557	0.5479339361190796
267	0.07676628977060318	0.11233796179294586	0.5508454442024231
268	0.0766693577170372	0.11258682608604431	0.5502629280090332
269	0.07532835006713867	0.1128145158290863	0.5496153235435486
270	0.07751136273145676	0.11316186189651489	0.5479476451873779
271	0.07700289040803909	0.11330015957355499	0.5467400550842285
272	0.07724055647850037	0.11282839626073837	0.5493947863578796
273	0.07628572732210159	0.11286267638206482	0.5484824180603027
274	0.07602820545434952	0.11246952414512634	0.5500219464302063
275	0.07647522538900375	0.11222245544195175	0.5513538718223572
276	0.07642693817615509	0.11197034269571304	0.5527371764183044
277	0.07595627754926682	0.11192552000284195	0.5530367493629456
278	0.07589608430862427	0.1121739000082016	0.5519608855247498
279	0.07558605819940567	0.1123904138803482	0.5515058636665344
280	0.07598355412483215	0.11255315691232681	0.5508160591125488
281	0.07538647949695587	0.11264157295227051	0.5496416091918945
282	0.07510490715503693	0.11241953819990158	0.550225555896759
283	0.07464101910591125	0.11213907599449158	0.5511506199836731
284	0.07500705868005753	0.11203741282224655	0.5515375137329102
285	0.07408313453197479	0.1121022030711174	0.5511659979820251
286	0.07545176148414612	0.11221793293952942	0.5511688590049744
287	0.07474323362112045	0.11211826652288437	0.5523245930671692
288	0.0741424486041069	0.1120327040553093	0.5530046224594116
289	0.0741841271519661	0.11197196692228317	0.5532479286193848
290	0.0746144950389862	0.1118893250823021	0.55352783203125
291	0.07437139749526978	0.11185566335916519	0.5535591244697571
292	0.0742359384894371	0.11198031902313232	0.5524402260780334
293	0.07296787947416306	0.11222078651189804	0.5509676337242126
294	0.07444348931312561	0.11258324235677719	0.5489147305488586
295	0.07304010540246964	0.11303891986608505	0.5463957190513611
296	0.07364223897457123	0.11346686631441116	0.5442761182785034
297	0.07401800900697708	0.11363182216882706	0.5439644455909729
298	0.0728021115064621	0.11353757977485657	0.5445675253868103
299	0.07385221123695374	0.1131608784198761	0.5466269850730896
300	0.07427611947059631	0.1127251461148262	0.5489261150360107
301	0.07420668005943298	0.11222746968269348	0.5515266060829163
302	0.0718972384929657	0.11190105974674225	0.5532668828964233
303	0.0730665996670723	0.11159121245145798	0.5549736618995667
304	0.07262904942035675	0.11121521145105362	0.5570005774497986
305	0.07254892587661743	0.11084496229887009	0.5586377382278442
306	0.07265093922615051	0.11100121587514877	0.5579847693443298
307	0.07227179408073425	0.111740343272686	0.5543044209480286
308	0.07263920456171036	0.11225840449333191	0.551468014717102
309	0.07335799932479858	0.11249996721744537	0.5502298474311829
310	0.07260296493768692	0.11260002106428146	0.5498078465461731
311	0.07140792161226273	0.11251593381166458	0.5503760576248169
312	0.07178052514791489	0.11247669160366058	0.5506450533866882
313	0.07157087326049805	0.11219098418951035	0.5521382689476013
314	0.07362334430217743	0.11172890663146973	0.5545387268066406
315	0.07202796638011932	0.11142203956842422	0.556328535079956
316	0.07135123014450073	0.11136563867330551	0.5565223097801208
317	0.07213998585939407	0.1115155965089798	0.5556477904319763
318	0.07261672616004944	0.11195506900548935	0.553281843662262
319	0.07075046002864838	0.11281321197748184	0.5489248037338257
320	0.07005609571933746	0.11319674551486969	0.5465063452720642
321	0.07245448976755142	0.11339741200208664	0.5452710390090942
322	0.07074637711048126	0.1131141260266304	0.5464856624603271
323	0.07178257405757904	0.11266512423753738	0.5483412146568298
324	0.07096662372350693	0.11221591383218765	0.5511065125465393
325	0.07244309037923813	0.11174609512090683	0.5533727407455444
326	0.07051242887973785	0.11149720102548599	0.554669201374054
327	0.07097853720188141	0.11150235682725906	0.5549151301383972
328	0.07157432287931442	0.11143499612808228	0.5548333525657654
329	0.07192262262105942	0.11172908544540405	0.5534113049507141
330	0.07065869867801666	0.1118464469909668	0.5527853965759277
331	0.07163295149803162	0.11205647885799408	0.5516036152839661
332	0.07063645124435425	0.11215967684984207	0.550686776638031
333	0.0717906802892685	0.11181031912565231	0.5524207949638367
334	0.0712638646364212	0.11140300333499908	0.5543487668037415
335	0.0706513449549675	0.1109609454870224	0.556739091873169
336	0.0727701410651207	0.11086712032556534	0.5577111840248108
337	0.07021395862102509	0.11089672893285751	0.5578601360321045
338	0.06993919610977173	0.11090350151062012	0.5579526424407959
339	0.07017511874437332	0.11112680286169052	0.5566556453704834
340	0.07047758251428604	0.11130404472351074	0.5557010173797607
341	0.0699092373251915	0.11133318394422531	0.5556730628013611
342	0.06963083148002625	0.11105093359947205	0.5571328401565552
343	0.06991210579872131	0.11058815568685532	0.5589680075645447
344	0.07086198776960373	0.11032261699438095	0.5600404143333435
345	0.0699419155716896	0.11012565344572067	0.561177134513855
346	0.06964360177516937	0.11012054234743118	0.5613015294075012
347	0.06936569511890411	0.11022692173719406	0.5611571669578552
348	0.06931331008672714	0.110481858253479	0.5603896975517273
349	0.06970103830099106	0.11084923148155212	0.558762788772583
350	0.06827954202890396	0.1110498234629631	0.5574861764907837
351	0.06795336306095123	0.11110438406467438	0.5571250915527344
352	0.06828346848487854	0.11094775050878525	0.5579567551612854
353	0.06868582218885422	0.11060026288032532	0.5598328709602356
354	0.0694606751203537	0.1104498878121376	0.5606446266174316
355	0.06745483726263046	0.11036726087331772	0.5605743527412415
356	0.06805691868066788	0.11033289134502411	0.5614458918571472
357	0.06922715157270432	0.11053410172462463	0.558537483215332
358	0.06981009244918823	0.1107184886932373	0.5556359887123108
359	0.06867951899766922	0.11127698421478271	0.5505632162094116
360	0.06856059283018112	0.10985204577445984	0.561680793762207
361	0.06951959431171417	0.1098645031452179	0.5614348649978638
362	0.06793656200170517	0.11012919992208481	0.5617820620536804
363	0.06824581325054169	0.110601507127285	0.5596215724945068
364	0.0685015544295311	0.1108635663986206	0.5592273473739624
365	0.06861259043216705	0.11088250577449799	0.5593105554580688
366	0.06809452921152115	0.1108374074101448	0.5596624612808228
367	0.06832250207662582	0.11056434363126755	0.560957670211792
368	0.06764630973339081	0.11028750240802765	0.5621296167373657
369	0.06687502562999725	0.11016231775283813	0.5623490810394287
370	0.06672956049442291	0.11008154600858688	0.5627835392951965
371	0.06866376101970673	0.11004634201526642	0.5628533959388733
372	0.06652209907770157	0.10993453860282898	0.5636526346206665
373	0.06781195849180222	0.1098971739411354	0.5640459060668945
374	0.06773191690444946	0.10969483852386475	0.5649809241294861
375	0.06824763119220734	0.10975421965122223	0.5647863745689392
376	0.06664488464593887	0.1099955290555954	0.5638453364372253
377	0.06691821664571762	0.11025774478912354	0.5621508359909058
378	0.06607035547494888	0.11045433580875397	0.5608729124069214
379	0.06738018989562988	0.11053428053855896	0.5606937408447266
380	0.06651405990123749	0.11029376834630966	0.5621517300605774
381	0.06657307595014572	0.11012893915176392	0.56304931640625
382	0.06768886744976044	0.10987904667854309	0.5642607808113098
383	0.06826213002204895	0.10963977128267288	0.5654678344726562
384	0.06781426072120667	0.10961288958787918	0.5657318234443665
385	0.06669946014881134	0.10977546870708466	0.5649078488349915
386	0.06599941104650497	0.10999370366334915	0.5634570121765137
387	0.06673900783061981	0.109975665807724	0.5634890198707581
388	0.0665927454829216	0.10982299596071243	0.5642417669296265
389	0.06673786044120789	0.10967089980840683	0.5645534992218018
390	0.06669633090496063	0.10988977551460266	0.5631182789802551
391	0.067094586789608	0.11004731059074402	0.5618050694465637
392	0.06647587567567825	0.11018874496221542	0.5608948469161987
393	0.06704413145780563	0.11026111990213394	0.5599353909492493
394	0.06582365930080414	0.11027969419956207	0.5598341226577759
395	0.06626192480325699	0.11020535230636597	0.5606112480163574
396	0.06630245596170425	0.11010885238647461	0.5617439150810242
397	0.06429386883974075	0.10979732125997543	0.5640606880187988
398	0.06509258598089218	0.1095653623342514	0.565854549407959
399	0.06496434658765793	0.10942298173904419	0.5672500133514404
400	0.06377042084932327	0.10949493199586868	0.5673949122428894
401	0.06510014832019806	0.10963490605354309	0.566913902759552
402	0.06608027219772339	0.10994661599397659	0.5658628940582275
403	0.06435812264680862	0.1103212758898735	0.564138650894165
404	0.0642164871096611	0.11051490902900696	0.5629053711891174
405	0.0657525509595871	0.11047307401895523	0.5627917647361755
406	0.06467291712760925	0.11044825613498688	0.5626177787780762
407	0.06534923613071442	0.11023839563131332	0.5635181665420532
408	0.06464679539203644	0.11005328595638275	0.5644177198410034
409	0.06430664658546448	0.10981149226427078	0.5658749938011169
410	0.06450490653514862	0.10972586274147034	0.5667510032653809
411	0.0640854611992836	0.10980600118637085	0.5665075778961182
412	0.06457287818193436	0.10998363047838211	0.5658909678459167
413	0.06366568058729172	0.11012256890535355	0.5653215646743774
414	0.06501346081495285	0.11020760238170624	0.564864993095398
415	0.06430456042289734	0.11049972474575043	0.5634108781814575
416	0.06419257074594498	0.11062778532505035	0.5624454021453857
417	0.06416964530944824	0.11066741496324539	0.5620891451835632
418	0.06325986236333847	0.11067386716604233	0.5619271397590637
419	0.06360173225402832	0.11047928035259247	0.5628154277801514
420	0.06219087541103363	0.11042433977127075	0.5627084970474243
421	0.06347886472940445	0.11053944379091263	0.5618848204612732
422	0.064079649746418	0.1106836274266243	0.5609329342842102
423	0.06323624402284622	0.11064733564853668	0.5608945488929749
424	0.06327933818101883	0.11043639481067657	0.562030017375946
425	0.0633750930428505	0.11019057780504227	0.563586413860321
426	0.06295782327651978	0.11008699983358383	0.5648671984672546
427	0.064569391310215	0.10997507721185684	0.5663333535194397
428	0.0620034858584404	0.10999713838100433	0.5671247243881226
429	0.06363484263420105	0.10976116359233856	0.5685632228851318
430	0.06286469846963882	0.10949216783046722	0.5696926712989807
431	0.062287587672472	0.10933630168437958	0.5699310898780823
432	0.062352243810892105	0.10950709879398346	0.5686484575271606
433	0.062435049563646317	0.10974843055009842	0.5671712160110474
434	0.06239750236272812	0.11007475107908249	0.5654327869415283
435	0.06356140971183777	0.11041012406349182	0.5637343525886536
436	0.06377964466810226	0.11078799515962601	0.5619291663169861
437	0.06282798200845718	0.11073797941207886	0.5622914433479309
438	0.06308834254741669	0.11041753739118576	0.5641135573387146
439	0.06198285520076752	0.11025632917881012	0.5654807090759277
440	0.061963554471731186	0.10990912467241287	0.567652702331543
441	0.06188926473259926	0.10939856618642807	0.5703274607658386
442	0.06284934282302856	0.10913849622011185	0.5715950727462769
443	0.06208842247724533	0.10924437642097473	0.5711207389831543
444	0.06134888902306557	0.10922611504793167	0.570878803730011
445	0.062184855341911316	0.10965210199356079	0.5685824751853943
446	0.062256354838609695	0.1100599467754364	0.565919816493988
447	0.06161542609333992	0.11029037088155746	0.5645180344581604
448	0.06192193925380707	0.11036442220211029	0.5640585422515869
449	0.06195677071809769	0.11029806733131409	0.5644212961196899
450	0.061196692287921906	0.11015843600034714	0.5652028322219849
451	0.06083796173334122	0.10992848873138428	0.5665442943572998
452	0.06171661615371704	0.10955537110567093	0.5684495568275452
453	0.06189822405576706	0.10938506573438644	0.5694950819015503
454	0.06104271113872528	0.1093643456697464	0.5700190663337708
455	0.061724092811346054	0.10955789685249329	0.5691893100738525
456	0.06039859354496002	0.10990246385335922	0.5675783753395081
457	0.061927568167448044	0.10989236831665039	0.5675104856491089
458	0.061027515679597855	0.10991960763931274	0.5672751665115356
459	0.0631859228014946	0.10973227024078369	0.567987322807312
460	0.06059463694691658	0.10979916900396347	0.567413330078125
461	0.06103682145476341	0.10994512587785721	0.5665162801742554
462	0.060861457139253616	0.11016672849655151	0.5651815533638
463	0.06093866750597954	0.11060397326946259	0.5628228783607483
464	0.061031632125377655	0.11083516478538513	0.5615574717521667
465	0.06036701053380966	0.1108425185084343	0.5615565180778503
466	0.06139888986945152	0.11102818697690964	0.5603310465812683
467	0.06039082631468773	0.11090011894702911	0.5611777305603027
468	0.06105060130357742	0.11033915728330612	0.5641430616378784
469	0.059977080672979355	0.10985067486763	0.5669419169425964
470	0.05937234312295914	0.10946211963891983	0.569012463092804
471	0.06163067743182182	0.10955345630645752	0.5688557028770447
472	0.061514098197221756	0.10986588150262833	0.5675400495529175
473	0.0597236342728138	0.11018063127994537	0.5660253763198853
474	0.06043481454253197	0.11035309731960297	0.5651895999908447
475	0.05986472964286804	0.11037246137857437	0.5646357536315918
476	0.059926651418209076	0.1104273796081543	0.5640102028846741
477	0.06054851785302162	0.11045079678297043	0.5635582208633423
478	0.05962834507226944	0.11046688258647919	0.5634360313415527
479	0.06026734784245491	0.11030237376689911	0.5644934177398682
480	0.060295406728982925	0.11012578755617142	0.5662901401519775
481	0.0592515803873539	0.11001338809728622	0.5671983361244202
482	0.059744030237197876	0.10975737869739532	0.5689351558685303
483	0.05999944731593132	0.10954315960407257	0.5702651143074036
484	0.05890504643321037	0.10953879356384277	0.5706136226654053
485	0.059451568871736526	0.1098245158791542	0.5694435238838196
486	0.060236599296331406	0.11022613942623138	0.5677627921104431
487	0.05837663263082504	0.11043854802846909	0.5666654109954834
488	0.05986299365758896	0.11038286983966827	0.56679368019104
489	0.059198781847953796	0.11008436977863312	0.5682139992713928
490	0.05902276188135147	0.10978032648563385	0.5697049498558044
491	0.059574391692876816	0.10957978665828705	0.5706422328948975
492	0.05954454839229584	0.1094125360250473	0.5714342594146729
493	0.05875964090228081	0.1096370667219162	0.5703837871551514
494	0.058737944811582565	0.10968566685914993	0.5701498985290527
495	0.05853975936770439	0.10990820080041885	0.5687393546104431
496	0.05873945727944374	0.10991327464580536	0.5683158040046692
497	0.058601293712854385	0.10993987321853638	0.5678438544273376
498	0.059366095811128616	0.1099819540977478	0.5675389170646667
499	0.058371108025312424	0.11010812222957611	0.5669782757759094
500	0.05981173738837242	0.11034522950649261	0.5658590197563171
501	0.05886378511786461	0.11021818220615387	0.5667235851287842
502	0.059487342834472656	0.10967089980840683	0.5696136951446533
503	0.057892464101314545	0.1094530001282692	0.5707752704620361
504	0.05927550420165062	0.10927964001893997	0.5715833902359009
505	0.05905945599079132	0.10848858952522278	0.5750420093536377
506	0.05856575071811676	0.1083124503493309	0.5760679841041565
507	0.058851271867752075	0.10819334536790848	0.5771833062171936
508	0.058097243309020996	0.10802358388900757	0.5780599117279053
509	0.05833614990115166	0.10795681923627853	0.5784422159194946
510	0.05753964185714722	0.10826217383146286	0.5765633583068848
511	0.05872310698032379	0.10867719352245331	0.5742645859718323
512	0.05861319229006767	0.10875911265611649	0.5737075209617615
513	0.05872952565550804	0.10890816897153854	0.5730050206184387
514	0.057352110743522644	0.10875090956687927	0.573854923248291
515	0.05796424672007561	0.10851825773715973	0.5751652717590332
516	0.059822265058755875	0.10829579830169678	0.5763944983482361
517	0.057962317019701004	0.10831636190414429	0.5767519474029541
518	0.05750294029712677	0.10836520045995712	0.5768508315086365
519	0.05768594518303871	0.10856335610151291	0.5762445330619812
520	0.05815951153635979	0.10887330770492554	0.5750206112861633
521	0.058021463453769684	0.10909378528594971	0.5739176273345947
522	0.05712836980819702	0.1090705618262291	0.5737784504890442
523	0.057465214282274246	0.10889914631843567	0.5742353796958923
524	0.05794411152601242	0.10864976048469543	0.5751355886459351
525	0.0578949972987175	0.10851692408323288	0.5758128762245178
526	0.058023881167173386	0.10883582383394241	0.5740533471107483
527	0.058828599750995636	0.10923781991004944	0.5717618465423584
528	0.057662587612867355	0.10963784158229828	0.5697770714759827
529	0.05854965001344681	0.10999703407287598	0.5681280493736267
530	0.05661332234740257	0.11017182469367981	0.5674347877502441
531	0.05800587311387062	0.1099635511636734	0.5688103437423706
532	0.0566154345870018	0.10990089178085327	0.5694720149040222
533	0.056182678788900375	0.10972631722688675	0.5705177187919617
534	0.05745888501405716	0.10945029556751251	0.571560800075531
535	0.056518688797950745	0.10935762524604797	0.5716923475265503
536	0.057338815182447433	0.10922063142061234	0.5722628235816956
537	0.05710709095001221	0.10908720642328262	0.5733651518821716
538	0.0563325397670269	0.10927096009254456	0.5725641846656799
539	0.05726148933172226	0.10959474742412567	0.5709304213523865
540	0.05663559213280678	0.10965314507484436	0.5708625316619873
541	0.05635382980108261	0.10951615124940872	0.5718554258346558
542	0.05739313364028931	0.1092926412820816	0.5730735659599304
543	0.05669556185603142	0.1092710942029953	0.5735036730766296
544	0.055737532675266266	0.10915941745042801	0.5737455487251282
545	0.05693314969539642	0.10932531207799911	0.5728396773338318
546	0.056040652096271515	0.10969503968954086	0.5705612301826477
547	0.05717944726347923	0.10977185517549515	0.5704687237739563
548	0.05684659257531166	0.10966701805591583	0.571392834186554
549	0.05591076239943504	0.10944901406764984	0.5726327896118164
550	0.055795468389987946	0.10932943224906921	0.5734808444976807
551	0.057526130229234695	0.10902168601751328	0.5751851201057434
552	0.0562666580080986	0.10878200829029083	0.5758869051933289
553	0.05790159851312637	0.108798086643219	0.5756559371948242
554	0.05685979127883911	0.10889489203691483	0.5750148892402649
555	0.055496662855148315	0.1091085895895958	0.5738052725791931
556	0.05584244430065155	0.10943050682544708	0.5721521973609924
557	0.0557684600353241	0.10981601476669312	0.5702136158943176
558	0.05649648606777191	0.1100623682141304	0.5689666867256165
559	0.05644289776682854	0.11007777601480484	0.568876326084137
560	0.05508653074502945	0.11022722721099854	0.5680549144744873
561	0.054889291524887085	0.10993942618370056	0.5694484114646912
562	0.05680934712290764	0.10965117067098618	0.570787250995636
563	0.05721940100193024	0.10931149125099182	0.5726533532142639
564	0.056304171681404114	0.10939524322748184	0.5725570321083069
565	0.056385546922683716	0.10950611531734467	0.5722306966781616
566	0.05517076328396797	0.10956007242202759	0.5720879435539246
567	0.056461308151483536	0.10959083586931229	0.572253406047821
568	0.056380581110715866	0.1096552237868309	0.5722694396972656
569	0.055682212114334106	0.10966483503580093	0.5724490880966187
570	0.0570082813501358	0.10977329313755035	0.5721481442451477
571	0.05614956095814705	0.10971135646104813	0.572395920753479
572	0.05471697449684143	0.1100614070892334	0.5707844495773315
573	0.05558246374130249	0.11006174981594086	0.5705608129501343
574	0.054731979966163635	0.10994067788124084	0.5710384249687195
575	0.0549718476831913	0.11007519066333771	0.570430338382721
576	0.05528779327869415	0.11035583913326263	0.5688762068748474
577	0.0548427440226078	0.11073163896799088	0.5674048066139221
578	0.05495889484882355	0.11116135120391846	0.5652974843978882
579	0.055561698973178864	0.11149924993515015	0.5638216733932495
580	0.05517170950770378	0.11158135533332825	0.563520610332489
581	0.05407651886343956	0.11126556247472763	0.565150260925293
582	0.054957084357738495	0.11083362996578217	0.5671575665473938
583	0.05503407493233681	0.11049793660640717	0.568718671798706
584	0.05524444207549095	0.11027824133634567	0.5697953104972839
585	0.05397258698940277	0.11056431382894516	0.5684555768966675
586	0.05467025190591812	0.11089017242193222	0.5669264793395996
587	0.055462438613176346	0.11105369031429291	0.5662052631378174
588	0.054513126611709595	0.11078362911939621	0.5675779581069946
589	0.05449919030070305	0.11058247089385986	0.5688061714172363
590	0.05422069877386093	0.11018969863653183	0.5706053972244263
591	0.0550900436937809	0.10979068279266357	0.5731672048568726
592	0.05485694482922554	0.10975448787212372	0.5733925700187683
593	0.05440649762749672	0.11000204086303711	0.5721372961997986
594	0.05546426773071289	0.11024382710456848	0.5707882642745972
595	0.05540781468153	0.11056795716285706	0.5690577626228333
596	0.054416757076978683	0.11097060889005661	0.5668208003044128
597	0.055475205183029175	0.11131571978330612	0.5648674368858337
598	0.054704003036022186	0.11133254319429398	0.5647568106651306
599	0.05495031923055649	0.11103744804859161	0.5663906335830688
600	0.055044591426849365	0.11060439795255661	0.5689907073974609
601	0.05409596115350723	0.11039716750383377	0.5704694390296936
602	0.055278096348047256	0.11055821180343628	0.5701439380645752
603	0.05374886840581894	0.11095763742923737	0.5685849785804749
604	0.05583326518535614	0.11145269125699997	0.5667860507965088
605	0.05408475175499916	0.11184161901473999	0.5648348331451416
606	0.05408591032028198	0.11163848638534546	0.5655056834220886
607	0.0549025759100914	0.11109334230422974	0.5678039789199829
608	0.053195104002952576	0.11041398346424103	0.5708522796630859
609	0.05465226620435715	0.10985595732927322	0.5732759237289429
610	0.054350703954696655	0.1095961332321167	0.5744373798370361
611	0.05368177592754364	0.10954740643501282	0.5744247436523438
612	0.053652942180633545	0.10983584821224213	0.5727660059928894
613	0.05375339090824127	0.11021274328231812	0.5705612897872925
614	0.05511825159192085	0.11047063767910004	0.5688683986663818
615	0.052903663367033005	0.11066990345716476	0.5676891207695007
616	0.05345659330487251	0.11054734885692596	0.5684521198272705
617	0.052756309509277344	0.1101793572306633	0.570459246635437
618	0.05409150570631027	0.10991091281175613	0.571972668170929
619	0.053611449897289276	0.10950826853513718	0.5742485523223877
620	0.05430953577160835	0.10916539281606674	0.5763633847236633
621	0.05409689247608185	0.10896371304988861	0.5778079628944397
622	0.05281137302517891	0.10898678749799728	0.5778630971908569
623	0.0538196936249733	0.1092500388622284	0.5764485001564026
624	0.053010325878858566	0.10974367707967758	0.5738818645477295
625	0.05285521596670151	0.11034468561410904	0.5707064270973206
626	0.05254776403307915	0.11090870946645737	0.5676204562187195
627	0.052747782319784164	0.11132125556468964	0.5653960108757019
628	0.05357837677001953	0.11141493171453476	0.5645838379859924
629	0.05268722027540207	0.110936738550663	0.5667421817779541
630	0.05271010473370552	0.11028006672859192	0.5703015327453613
631	0.05346081033349037	0.1098392903804779	0.5728918313980103
632	0.052975431084632874	0.10960417985916138	0.5741854310035706
633	0.05390438064932823	0.10957943648099899	0.5744916200637817
634	0.052712950855493546	0.10964749753475189	0.5741013884544373
635	0.05173356458544731	0.10977340489625931	0.5734908580780029
636	0.05293070524930954	0.11008865386247635	0.5718773007392883
637	0.0528680719435215	0.10987988859415054	0.5725463032722473
638	0.05295197293162346	0.10966707766056061	0.5732633471488953
639	0.052799250930547714	0.10939265787601471	0.574648916721344
640	0.052126869559288025	0.10929800570011139	0.5752731561660767
641	0.05245968699455261	0.10938230901956558	0.5752831697463989
642	0.05231543257832527	0.10937059670686722	0.5755743384361267
643	0.05213097110390663	0.10953968018293381	0.5748677849769592
644	0.05180854722857475	0.10986412316560745	0.5733652114868164
645	0.052626438438892365	0.11007321625947952	0.5723226070404053
646	0.05295633152127266	0.10989869385957718	0.5730409026145935
647	0.05203384906053543	0.10972142219543457	0.5737531185150146
648	0.05090847983956337	0.10935140401124954	0.5755305886268616
649	0.05308101698756218	0.10920809954404831	0.5761366486549377
650	0.05248774215579033	0.10932621359825134	0.5753739476203918
651	0.05330698937177658	0.10948966443538666	0.5744603872299194
652	0.05326392129063606	0.10951460152864456	0.5742648839950562
653	0.05188659951090813	0.10963240265846252	0.5737053155899048
654	0.05136187747120857	0.10985913127660751	0.572752833366394
655	0.0518178790807724	0.11001209914684296	0.5723852515220642
656	0.05208143591880798	0.11040863394737244	0.57062828540802
657	0.05261753872036934	0.11051870882511139	0.5705289244651794
658	0.051957983523607254	0.11066650599241257	0.569653332233429
659	0.05210914835333824	0.11049539595842361	0.5701810121536255
660	0.051427099853754044	0.11013287305831909	0.571330189704895
661	0.05208861082792282	0.1099085658788681	0.5721162557601929
662	0.05196581035852432	0.10969039052724838	0.5724214911460876
663	0.05194859206676483	0.10955016314983368	0.5731924176216125
664	0.05154469609260559	0.10925450176000595	0.5745328068733215
665	0.051100194454193115	0.10905791819095612	0.5756790637969971
666	0.05130959302186966	0.1089387759566307	0.5765107274055481
667	0.05144403874874115	0.10828202962875366	0.5799188017845154
668	0.05146193876862526	0.1083093211054802	0.5799466371536255
669	0.052727580070495605	0.108395516872406	0.5796653032302856
670	0.051428087055683136	0.10831788182258606	0.5801701545715332
671	0.0516972579061985	0.10839372128248215	0.5798793435096741
672	0.051719993352890015	0.10853864997625351	0.5790714025497437
673	0.05075465142726898	0.1087704598903656	0.5778200030326843
674	0.05212772637605667	0.10891114920377731	0.5769745707511902
675	0.05111219733953476	0.10907956212759018	0.5758730173110962
676	0.05181405693292618	0.10915262252092361	0.5750426054000854
677	0.05246919393539429	0.11011502146720886	0.5704948306083679
678	0.05106181278824806	0.1099960058927536	0.5708804726600647
679	0.051357168704271317	0.10983671247959137	0.571419894695282
680	0.05155830457806587	0.10977824777364731	0.571516752243042
681	0.05117993801832199	0.10942055284976959	0.573375940322876
682	0.0516558513045311	0.10986931622028351	0.5715779662132263
683	0.05099203437566757	0.11030104011297226	0.5697930455207825
684	0.05134228244423866	0.10990937799215317	0.5707398653030396
685	0.05240271985530853	0.10992047935724258	0.5709751844406128
686	0.05179557576775551	0.10954011976718903	0.5722543001174927
687	0.05045922473073006	0.10915562510490417	0.5744935870170593
688	0.05137418583035469	0.1088767945766449	0.5758702158927917
689	0.053106408566236496	0.10878199338912964	0.5766594409942627
690	0.050401460379362106	0.10901372134685516	0.5759127140045166
691	0.05245629698038101	0.10935096442699432	0.5743846297264099
692	0.05214335024356842	0.10971147567033768	0.5727061629295349
693	0.05185525491833687	0.11014796793460846	0.5704718232154846
694	0.05138047784566879	0.11073741316795349	0.5677353739738464
695	0.05162850767374039	0.11086396127939224	0.5672810077667236
696	0.05265507847070694	0.11067149043083191	0.5685673952102661
697	0.051009468734264374	0.11044702678918839	0.5699788928031921
698	0.05080711841583252	0.11034942418336868	0.5707487463951111
699	0.05125926434993744	0.11006998270750046	0.5723381638526917
700	0.052278999239206314	0.10993707925081253	0.5732156038284302
701	0.053064994513988495	0.10984747856855392	0.573651909828186
702	0.050438784062862396	0.11003298312425613	0.5726673603057861
703	0.051513392478227615	0.11027055978775024	0.5712714791297913
704	0.05111001431941986	0.11011747270822525	0.5718677043914795
705	0.05089394375681877	0.10983750224113464	0.5730504393577576
706	0.051229070872068405	0.10970158129930496	0.5736647248268127
707	0.05113948509097099	0.1095522791147232	0.5741456747055054
708	0.05218053236603737	0.1094609722495079	0.574244499206543
709	0.051330532878637314	0.10951625555753708	0.5738287568092346
710	0.051107510924339294	0.10951691120862961	0.5737100839614868
711	0.050495900213718414	0.10971704125404358	0.5725771188735962
712	0.05165538191795349	0.10982156544923782	0.5720183849334717
713	0.05127245932817459	0.10987831652164459	0.5716553330421448
714	0.050063733011484146	0.10959426313638687	0.5731710195541382
715	0.05094067379832268	0.1096334457397461	0.5731750726699829
716	0.050814446061849594	0.1098892018198967	0.5720838308334351
717	0.0508333183825016	0.10997354984283447	0.5718676447868347
718	0.05111444741487503	0.10994720458984375	0.5720329284667969
719	0.04938800632953644	0.10980828106403351	0.5728979706764221
720	0.0510275773704052	0.10979872941970825	0.5730878710746765
721	0.05014985799789429	0.10989224165678024	0.5724886655807495
722	0.04973389953374863	0.10987124592065811	0.5724096894264221
723	0.0499112568795681	0.11003940552473068	0.5711759924888611
724	0.05061188340187073	0.110228531062603	0.5698761940002441
725	0.050592586398124695	0.1104663759469986	0.5683017373085022
726	0.050050340592861176	0.11023831367492676	0.5692508220672607
727	0.0510188527405262	0.10978946834802628	0.5713362097740173
728	0.04954178258776665	0.10944154113531113	0.573058009147644
729	0.05033455416560173	0.10921307653188705	0.5743427276611328
730	0.05093194916844368	0.10903225094079971	0.5754256844520569
731	0.0494593121111393	0.10906194895505905	0.5752103924751282
732	0.050855010747909546	0.10919119417667389	0.5746148228645325
733	0.0496346689760685	0.10947462171316147	0.5732123851776123
734	0.049724332988262177	0.10979308187961578	0.5717894434928894
735	0.05016116425395012	0.11017177253961563	0.5699346661567688
736	0.05048922076821327	0.11051411926746368	0.5682433843612671
737	0.051226455718278885	0.11059199273586273	0.5677587985992432
738	0.04840141534805298	0.11043772101402283	0.5683057904243469
739	0.04996270313858986	0.11015061289072037	0.5695390701293945
740	0.0491374135017395	0.10960815101861954	0.5720803141593933
741	0.05016352981328964	0.10908082872629166	0.5745456218719482
742	0.049605514854192734	0.10887487977743149	0.5754995346069336
743	0.05090755596756935	0.10893378406763077	0.5751273036003113
744	0.0500907264649868	0.1090964525938034	0.5741688013076782
745	0.04877030849456787	0.10928084701299667	0.5732512474060059
746	0.04947430640459061	0.10926063358783722	0.5737184286117554
747	0.05009973421692848	0.10937244445085526	0.5734374523162842
748	0.049858614802360535	0.10939758270978928	0.5736433267593384
749	0.04986478388309479	0.10960517078638077	0.5727267861366272
750	0.048886679112911224	0.10994961857795715	0.5711350440979004
751	0.04859403520822525	0.11025652289390564	0.5698460340499878
752	0.049367498606443405	0.11050158739089966	0.5693532824516296
753	0.04881453514099121	0.1104653999209404	0.5696454048156738
754	0.04945932701230049	0.1106727197766304	0.568597137928009
755	0.04862043261528015	0.11087881773710251	0.5678449869155884
756	0.048972830176353455	0.11069504916667938	0.5684622526168823
757	0.04866963252425194	0.11033128947019577	0.5698549151420593
758	0.04916106536984444	0.10969525575637817	0.5728787183761597
759	0.048040721565485	0.10917162895202637	0.5756899118423462
760	0.04911834001541138	0.10880589485168457	0.5774499177932739
761	0.04861463978886604	0.10863861441612244	0.5782164931297302
762	0.050136055797338486	0.10871639102697372	0.5776869654655457
763	0.04920424148440361	0.1090875193476677	0.575663685798645
764	0.04839497059583664	0.10948221385478973	0.5737147331237793
765	0.04884347319602966	0.10977955907583237	0.572586178779602
766	0.0488821305334568	0.10983370989561081	0.572665274143219
767	0.049294713884592056	0.10979610681533813	0.5730600357055664
768	0.04776972904801369	0.11000550538301468	0.5724663138389587
769	0.047955792397260666	0.10999662429094315	0.5729652047157288
770	0.04872751608490944	0.10989810526371002	0.573958158493042
771	0.04880319908261299	0.10989298671483994	0.5741092562675476
772	0.04914332553744316	0.11009640246629715	0.5727673768997192
773	0.04928379878401756	0.1104370504617691	0.5707846879959106
774	0.04826655238866806	0.11080591380596161	0.5686492919921875
775	0.04777379333972931	0.11113790422677994	0.5671488046646118
776	0.04784473404288292	0.11092811077833176	0.5683528780937195
777	0.04891223832964897	0.1105869933962822	0.5701953768730164
778	0.048750996589660645	0.10998447239398956	0.5734735131263733
779	0.048859745264053345	0.10959478467702866	0.5757519006729126
780	0.04752931743860245	0.10920409113168716	0.577855110168457
781	0.04828060790896416	0.10904732346534729	0.5785117149353027
782	0.04700135439634323	0.10914751142263412	0.57785964012146
783	0.049303434789180756	0.10959278047084808	0.5753552317619324
784	0.04737884923815727	0.10949482023715973	0.575265109539032
785	0.04789569228887558	0.1097181960940361	0.5738739967346191
786	0.049084119498729706	0.11003470420837402	0.5721051692962646
787	0.04783589765429497	0.11007320135831833	0.5720360279083252
788	0.0482250452041626	0.11021856218576431	0.571384847164154
789	0.04796755313873291	0.11016647517681122	0.5718016028404236
790	0.048087574541568756	0.11003246158361435	0.5726780891418457
791	0.04720114916563034	0.10987407714128494	0.5737003087997437
792	0.048225678503513336	0.10991020500659943	0.5735379457473755
793	0.04762730374932289	0.10994981974363327	0.5733878016471863
794	0.04900491237640381	0.10998257249593735	0.5733258128166199
795	0.048546649515628815	0.11009199917316437	0.5726203322410583
796	0.047940392047166824	0.11037429422140121	0.571043848991394
797	0.04795544221997261	0.1103765219449997	0.5710124373435974
798	0.04748479649424553	0.1103341206908226	0.5713052749633789
799	0.046397656202316284	0.11013948172330856	0.5723698735237122
800	0.04973911866545677	0.11005202680826187	0.5730400085449219
801	0.04802263528108597	0.10996885597705841	0.5735040903091431
802	0.04716908559203148	0.10989514738321304	0.5736310482025146
803	0.04789755493402481	0.11005394160747528	0.5725923180580139
804	0.047683022916316986	0.11034242063760757	0.5708634257316589
805	0.04761536046862602	0.11041578650474548	0.570580780506134
806	0.047300804406404495	0.1102302223443985	0.5713722109794617
807	0.04734480753540993	0.10963953286409378	0.5744112730026245
808	0.0463138185441494	0.10928521305322647	0.5763815641403198
809	0.047996196895837784	0.10923286527395248	0.5766381025314331
810	0.046763502061367035	0.10924921184778214	0.576451301574707
811	0.04694100841879845	0.10924415290355682	0.5766816139221191
812	0.04856601357460022	0.10862410813570023	0.5792046189308167
813	0.04718879237771034	0.10901295393705368	0.5770992636680603
814	0.04666054621338844	0.10953038930892944	0.5753237009048462
815	0.047665536403656006	0.10963185876607895	0.5746145248413086
816	0.047500841319561005	0.10933807492256165	0.5758785605430603
817	0.04632160812616348	0.10915115475654602	0.5766991972923279
818	0.047612264752388	0.10891157388687134	0.5778495073318481
819	0.04821959137916565	0.10837900638580322	0.580632209777832
820	0.04730698838829994	0.10774198919534683	0.5832294225692749
821	0.04740282893180847	0.10771617293357849	0.5834252834320068
822	0.04779142141342163	0.10786987096071243	0.5826736688613892
823	0.04610417038202286	0.10807083547115326	0.581585705280304
824	0.04691855609416962	0.1081492155790329	0.5810354948043823
825	0.04631923511624336	0.10834795236587524	0.579667329788208
826	0.047178708016872406	0.10885273665189743	0.5766297578811646
827	0.0458730086684227	0.10951393097639084	0.5730833411216736
828	0.046279530972242355	0.1099933385848999	0.5707550048828125
829	0.046593740582466125	0.11008083820343018	0.5707660913467407
830	0.04677705466747284	0.11064580082893372	0.5690438747406006
831	0.04646214470267296	0.11004210263490677	0.5727081298828125
832	0.04637305065989494	0.10948029905557632	0.576494038105011
833	0.047186918556690216	0.10922515392303467	0.5786397457122803
834	0.047184355556964874	0.109035924077034	0.5798259973526001
835	0.04834313318133354	0.10904708504676819	0.5792256593704224
836	0.045553483068943024	0.10941758751869202	0.5767523646354675
837	0.046847153455019	0.10985589772462845	0.5739973187446594
838	0.04610251635313034	0.11027438193559647	0.5716050863265991
839	0.047424111515283585	0.10995577275753021	0.5728792548179626
840	0.04518391564488411	0.10922489315271378	0.5764920115470886
841	0.04676852375268936	0.10862404853105545	0.5795854926109314
842	0.04610962048172951	0.10817044973373413	0.5820372700691223
843	0.04479307681322098	0.10813072323799133	0.5824354887008667
844	0.04673711955547333	0.10824649035930634	0.5816689729690552
845	0.04600919038057327	0.108546681702137	0.5799832344055176
846	0.04639105498790741	0.10877744853496552	0.5786594152450562
847	0.04612915962934494	0.10918354988098145	0.5764670968055725
848	0.04634986072778702	0.1096741184592247	0.5740438103675842
849	0.04604894295334816	0.11006344109773636	0.5720507502555847
850	0.04579442739486694	0.11032361537218094	0.5707681179046631
851	0.04589909315109253	0.11007420718669891	0.5721088647842407
852	0.04565321281552315	0.1098848506808281	0.57337486743927
853	0.0460575670003891	0.10976000130176544	0.5744527578353882
854	0.0462605357170105	0.10979043692350388	0.574766218662262
855	0.04616299271583557	0.10999404639005661	0.5738742351531982
856	0.046328168362379074	0.11021002382040024	0.5725167393684387
857	0.045875683426856995	0.11033773422241211	0.571747899055481
858	0.0454452708363533	0.11036571115255356	0.5714988708496094
859	0.04596810042858124	0.11016238480806351	0.5722827911376953
860	0.04584745317697525	0.10982014238834381	0.5737320780754089
861	0.0462736040353775	0.10927127301692963	0.5762622356414795
862	0.04537170007824898	0.10886844992637634	0.5780975222587585
863	0.046099383383989334	0.10876429826021194	0.5785626173019409
864	0.04603537917137146	0.10875707119703293	0.5786458849906921
865	0.04643690213561058	0.10886680334806442	0.578033447265625
866	0.04597180709242821	0.1090167835354805	0.5773156881332397
867	0.045693423599004745	0.1093745082616806	0.5755362510681152
868	0.045794323086738586	0.1097380667924881	0.5738502740859985
869	0.045570727437734604	0.11002537608146667	0.5725181698799133
870	0.0455404669046402	0.11024194955825806	0.571702241897583
871	0.044932249933481216	0.11030882596969604	0.5719267725944519
872	0.04544534161686897	0.11023437231779099	0.5729354023933411
873	0.044782284647226334	0.11026249080896378	0.5732791423797607
874	0.045315828174352646	0.11014904081821442	0.5741604566574097
875	0.04492722451686859	0.11004568636417389	0.574842095375061
876	0.04574053734540939	0.10978786647319794	0.575990617275238
877	0.0462634414434433	0.10905953496694565	0.5792882442474365
878	0.045386575162410736	0.10897374153137207	0.5791698694229126
879	0.045228417962789536	0.10880588740110397	0.5795090198516846
880	0.04575389623641968	0.10879452526569366	0.5791657567024231
881	0.04549665004014969	0.10860178619623184	0.5794705748558044
882	0.04496920481324196	0.10849021375179291	0.5797216892242432
883	0.04539716616272926	0.10834784060716629	0.5804372429847717
884	0.045922886580228806	0.10808248817920685	0.5820496082305908
885	0.046226151287555695	0.10813149064779282	0.5819982290267944
886	0.04613279551267624	0.10819821059703827	0.5818779468536377
887	0.04558239504694939	0.10845272988080978	0.5807092189788818
888	0.045142270624637604	0.10871663689613342	0.5795015692710876
889	0.04457909241318703	0.10897454619407654	0.5783865451812744
890	0.045084789395332336	0.10917183011770248	0.577508807182312
891	0.0452515110373497	0.10947722941637039	0.5759214758872986
892	0.04512154310941696	0.10963593423366547	0.5753089189529419
893	0.0451771579682827	0.10954620689153671	0.5761027932167053
894	0.04451057314872742	0.1092986911535263	0.5776198506355286
895	0.04492029920220375	0.1089867427945137	0.579268217086792
896	0.04452070966362953	0.10906674712896347	0.5790079236030579
897	0.04512811079621315	0.10919813066720963	0.5782020092010498
898	0.04527416452765465	0.10910585522651672	0.5785448551177979
899	0.04467187821865082	0.10898907482624054	0.5790433287620544
900	0.04500048607587814	0.10876209288835526	0.580227792263031
901	0.04520345479249954	0.1086195632815361	0.5810866951942444
902	0.04501872882246971	0.10867197811603546	0.5809513330459595
903	0.04448072612285614	0.10885176807641983	0.5801475644111633
904	0.04402247443795204	0.10920511186122894	0.5782537460327148
905	0.04514559358358383	0.10954448580741882	0.5763925909996033
906	0.045241579413414	0.10969945788383484	0.5754292607307434
907	0.0444805882871151	0.10984965413808823	0.5744898319244385
908	0.045341987162828445	0.10979796200990677	0.5744941234588623
909	0.04388504475355148	0.10969169437885284	0.5748985409736633
910	0.04576704651117325	0.1096632108092308	0.5748764276504517
911	0.044078391045331955	0.10947926342487335	0.5756628513336182
912	0.044071171432733536	0.1093771904706955	0.5758044719696045
913	0.04405825585126877	0.10922961682081223	0.5764542818069458
914	0.04445527121424675	0.10911116003990173	0.5772004723548889
915	0.044643014669418335	0.10910239070653915	0.5775802731513977
916	0.045192115008831024	0.10900716483592987	0.578486442565918
917	0.04481912776827812	0.10910510271787643	0.5785176753997803
918	0.04430317506194115	0.10929037630558014	0.5780361294746399
919	0.0440048947930336	0.1094958707690239	0.5773607492446899
920	0.04492003470659256	0.10949926823377609	0.5775043964385986
921	0.045107562094926834	0.10950261354446411	0.5776745080947876
922	0.04383894428610802	0.10964544862508774	0.5768210291862488
923	0.04358839616179466	0.10996895283460617	0.5750262141227722
924	0.04411723092198372	0.1100928783416748	0.5741848945617676
925	0.044410668313503265	0.11018770188093185	0.5734326243400574
926	0.043659139424562454	0.11017880588769913	0.5732672214508057
927	0.04358500987291336	0.10998038202524185	0.5742313861846924
928	0.04350192844867706	0.10997223109006882	0.5746089816093445
929	0.044427383691072464	0.10994034260511398	0.574678361415863
930	0.04457451403141022	0.10978714376688004	0.5754069089889526
931	0.04312751442193985	0.10982134193181992	0.5749961733818054
932	0.043485939502716064	0.10968369990587234	0.5756960511207581
933	0.044103238731622696	0.1095624640583992	0.5766485333442688
934	0.04357663914561272	0.10958565026521683	0.5766850709915161
935	0.04401089996099472	0.10951501131057739	0.5770836472511292
936	0.044459566473960876	0.10925455391407013	0.5784633159637451
937	0.044037364423274994	0.10922946780920029	0.5783548355102539
938	0.045409735292196274	0.10944515466690063	0.5767405033111572
939	0.042947448790073395	0.10980373620986938	0.5743712186813354
940	0.04351899400353432	0.10990005731582642	0.5735529661178589
941	0.044565293937921524	0.10974645614624023	0.5739995241165161
942	0.045025281608104706	0.10968974232673645	0.5740312337875366
943	0.04388696700334549	0.10935840010643005	0.5756925940513611
944	0.04441290348768234	0.10903986543416977	0.5775063633918762
945	0.04422590509057045	0.10895894467830658	0.5780840516090393
946	0.04370984435081482	0.10874650627374649	0.5793641805648804
947	0.04398476704955101	0.1087581217288971	0.5794309973716736
948	0.04535345733165741	0.10878092795610428	0.5793628692626953
949	0.043346378952264786	0.10906502604484558	0.5777244567871094
950	0.04355865344405174	0.10954762995243073	0.5753049254417419
951	0.04393840581178665	0.10990020632743835	0.5737704038619995
952	0.04358324036002159	0.10999856144189835	0.5735905170440674
953	0.0427149198949337	0.1100778803229332	0.5733448266983032
954	0.04347400367259979	0.10977168381214142	0.5750429630279541
955	0.044353291392326355	0.10934517532587051	0.5773309469223022
956	0.043194886296987534	0.10892895609140396	0.5796873569488525
957	0.04392833635210991	0.10806770622730255	0.5842352509498596
958	0.04236278310418129	0.1079043373465538	0.5851102471351624
959	0.04367348551750183	0.10783473402261734	0.585075318813324
960	0.04409990459680557	0.10790523886680603	0.5840803980827332
961	0.04333937540650368	0.1081244945526123	0.5821972489356995
962	0.043592166155576706	0.10840941965579987	0.5802693367004395
963	0.04332859069108963	0.10879325121641159	0.5782204866409302
964	0.04427832365036011	0.1090068519115448	0.5771774649620056
965	0.04486118629574776	0.1090693399310112	0.577207624912262
966	0.043993592262268066	0.10895606875419617	0.5783456563949585
967	0.04354706406593323	0.10861087590456009	0.5809576511383057
968	0.0440683551132679	0.10860813409090042	0.5810416340827942
969	0.04233383387327194	0.10876744985580444	0.5803080201148987
970	0.0433431975543499	0.10891931504011154	0.579554557800293
971	0.042681984603405	0.10905830562114716	0.578788697719574
972	0.043564293533563614	0.10921293497085571	0.5777220129966736
973	0.04319304972887039	0.1092398464679718	0.5775852203369141
974	0.04338032752275467	0.10923759639263153	0.5778045654296875
975	0.043256670236587524	0.10912150144577026	0.5787221193313599
976	0.04388021305203438	0.10909394919872284	0.5794978141784668
977	0.04415186122059822	0.10931169986724854	0.5786641240119934
978	0.04318942129611969	0.10957934707403183	0.5773420333862305
979	0.043156493455171585	0.1098063737154007	0.5761511921882629
980	0.04345660284161568	0.10985814779996872	0.576050341129303
981	0.04356410354375839	0.10960357636213303	0.5776970386505127
982	0.04278194159269333	0.1094641238451004	0.5785405039787292
983	0.0423969067633152	0.10930293798446655	0.5793437361717224
984	0.04367626830935478	0.10920143872499466	0.5795291662216187
985	0.04284423962235451	0.10909433662891388	0.5796548128128052
986	0.04329441115260124	0.10897405445575714	0.5795426964759827
987	0.042360879480838776	0.10884350538253784	0.5798537135124207
988	0.043309979140758514	0.1086602732539177	0.5806694030761719
989	0.0422019362449646	0.10850346088409424	0.581799328327179
990	0.043035510927438736	0.10846737772226334	0.5824760794639587
991	0.042937688529491425	0.10854566097259521	0.5825572609901428
992	0.04286016896367073	0.1087624579668045	0.5814045071601868
993	0.04253988713026047	0.10892892628908157	0.5808786749839783
994	0.04267878457903862	0.10909615457057953	0.5803940296173096
995	0.043152693659067154	0.10915618389844894	0.5805174708366394
996	0.042623572051525116	0.10933626443147659	0.5799113512039185
997	0.04239200800657272	0.10920844227075577	0.580710232257843
998	0.04283634200692177	0.10899452120065689	0.5815550684928894
999	0.04287950322031975	0.1087203249335289	0.5824843049049377
1000	0.042933955788612366	0.10867173969745636	0.5823552012443542
1001	0.04242430254817009	0.10883726179599762	0.5813759565353394
1002	0.04189733788371086	0.10905209183692932	0.5801783204078674
1003	0.0421714149415493	0.10930681973695755	0.5789428949356079
1004	0.04349455609917641	0.10934176295995712	0.5790843963623047
1005	0.04267849028110504	0.10929615795612335	0.5798073410987854
1006	0.041345737874507904	0.10931497067213058	0.5800461769104004
1007	0.0419011190533638	0.10936769098043442	0.579809308052063
1008	0.042019348591566086	0.10943681746721268	0.5793810486793518
1009	0.042416855692863464	0.1094600036740303	0.579288899898529
1010	0.042431943118572235	0.10944690555334091	0.579224169254303
1011	0.04170321300625801	0.10941611230373383	0.5792827010154724
1012	0.042991045862436295	0.10922341793775558	0.5800820589065552
1013	0.042381107807159424	0.10912270843982697	0.5804740190505981
1014	0.041158877313137054	0.10905269533395767	0.580294668674469
1015	0.04198313504457474	0.10900580137968063	0.5798623561859131
1016	0.04199614375829697	0.10892104357481003	0.5799079537391663
1017	0.042821742594242096	0.10882019996643066	0.5802915692329407
1018	0.04209249094128609	0.10883411765098572	0.5801687240600586
1019	0.04191821441054344	0.10873625427484512	0.5808604955673218
1020	0.04187236726284027	0.1087372899055481	0.5811323523521423
1021	0.04294110834598541	0.10883282870054245	0.5809133052825928
1022	0.042584266513586044	0.1090637817978859	0.5800057053565979
1023	0.04289565235376358	0.10945824533700943	0.5783776044845581
1024	0.043136246502399445	0.10948488116264343	0.5784478187561035
1025	0.042191244661808014	0.10936707258224487	0.5791784524917603
1026	0.04167172685265541	0.10938382148742676	0.5789076089859009
1027	0.04247691482305527	0.10913489758968353	0.5798614621162415
1028	0.04227443411946297	0.10891414433717728	0.5810819864273071
1029	0.04109816625714302	0.10865403711795807	0.5827768445014954
1030	0.041859667748212814	0.10838770866394043	0.5837669968605042
1031	0.04224409908056259	0.10829245299100876	0.5835149884223938
1032	0.041461192071437836	0.10825850069522858	0.5831358432769775
1033	0.04171018302440643	0.10836968570947647	0.5822281837463379
1034	0.04208003729581833	0.10835009813308716	0.5822865962982178
1035	0.04209378734230995	0.10823076963424683	0.5826617479324341
1036	0.04293234646320343	0.10815175622701645	0.5832915306091309
1037	0.04225650429725647	0.10821299999952316	0.583108127117157
1038	0.04161719232797623	0.10804687440395355	0.5845821499824524
1039	0.04170751944184303	0.10794898122549057	0.5853577852249146
1040	0.04230952262878418	0.10796282440423965	0.585965096950531
1041	0.0424833782017231	0.10784958302974701	0.5864177346229553
1042	0.04204690083861351	0.10817757248878479	0.5846516489982605
1043	0.04183708876371384	0.10841831564903259	0.582723081111908
1044	0.04146585986018181	0.10903055220842361	0.5793204307556152
1045	0.04319176822900772	0.10941848903894424	0.5770193934440613
1046	0.043145596981048584	0.10919235646724701	0.5780330896377563
1047	0.042696040123701096	0.10904403775930405	0.5790190100669861
1048	0.04202016070485115	0.10881785303354263	0.5806520581245422
1049	0.04273885488510132	0.10874606668949127	0.5810422301292419
1050	0.04191073402762413	0.10870378464460373	0.581048846244812
1051	0.04172489419579506	0.10867293924093246	0.5812305808067322
1052	0.04329858720302582	0.10885609686374664	0.5803883075714111
1053	0.042178135365247726	0.10891976952552795	0.5804876685142517
1054	0.042869437485933304	0.10905227810144424	0.580083966255188
1055	0.040942247956991196	0.10916393250226974	0.5796017050743103
1056	0.04164329543709755	0.10940983146429062	0.5783457159996033
1057	0.041909221559762955	0.1095929816365242	0.5773293972015381
1058	0.04094493016600609	0.10969779640436172	0.5769441723823547
1059	0.042172834277153015	0.10970773547887802	0.5770391821861267
1060	0.04237203672528267	0.10948330163955688	0.5786799788475037
1061	0.04168461635708809	0.10897517204284668	0.5818578004837036
1062	0.040221888571977615	0.10870227217674255	0.583575963973999
1063	0.04208109900355339	0.1084979996085167	0.584891140460968
1064	0.041612137109041214	0.1083378791809082	0.5856572985649109
1065	0.04115432873368263	0.1084669902920723	0.5841599702835083
1066	0.0420137420296669	0.10859914869070053	0.5829426050186157
1067	0.042181722819805145	0.10871434956789017	0.5819106698036194
1068	0.04085934907197952	0.10874325037002563	0.5816283226013184
1069	0.04159361124038696	0.10882717370986938	0.5812729001045227
1070	0.04289468377828598	0.10906300693750381	0.5803863406181335
1071	0.04184643551707268	0.10911082476377487	0.5806550979614258
1072	0.04160352796316147	0.10911402851343155	0.5810657739639282
1073	0.04165584594011307	0.10911601036787033	0.581511378288269
1074	0.04145699739456177	0.10916832089424133	0.5818476676940918
1075	0.04102485626935959	0.10932296514511108	0.5811238884925842
1076	0.0408453494310379	0.1094595193862915	0.5808455944061279
1077	0.04174289479851723	0.10955999791622162	0.5803361535072327
1078	0.04133637621998787	0.10953366011381149	0.5803218483924866
1079	0.04135632514953613	0.10931159555912018	0.5812247395515442
1080	0.04120529815554619	0.1093236580491066	0.5807645320892334
1081	0.04222723841667175	0.10924902558326721	0.5809555649757385
1082	0.0413084402680397	0.10935239493846893	0.5802217721939087
1083	0.04187887907028198	0.10941598564386368	0.5801278352737427
1084	0.04096517339348793	0.10920755565166473	0.5815828442573547
1085	0.04129919782280922	0.10937351733446121	0.5815792083740234
1086	0.04016459360718727	0.10953458398580551	0.5810264945030212
1087	0.04115244373679161	0.10962008684873581	0.5803363919258118
1088	0.04253286495804787	0.10979039967060089	0.5781744718551636
1089	0.04065984860062599	0.1101253554224968	0.5757500529289246
1090	0.04119673743844032	0.11049126088619232	0.5736937522888184
1091	0.0411636158823967	0.11055248230695724	0.5735467672348022
1092	0.039752714335918427	0.11038611084222794	0.5745238065719604
1093	0.04047578200697899	0.11009609699249268	0.5761779546737671
1094	0.041360899806022644	0.10983093082904816	0.5775865912437439
1095	0.0407152958214283	0.10948344320058823	0.5795606970787048
1096	0.04162980616092682	0.1091415211558342	0.5817484855651855
1097	0.04079800844192505	0.10896734893321991	0.5831896662712097
1098	0.039643578231334686	0.108909010887146	0.5838850140571594
1099	0.04102357476949692	0.10894249379634857	0.5833443999290466
1100	0.03981437534093857	0.10899842530488968	0.5824275016784668
1101	0.04012443497776985	0.10908336937427521	0.581311821937561
1102	0.040812328457832336	0.10928630828857422	0.5795437693595886
1103	0.041421130299568176	0.10993583500385284	0.5757196545600891
1104	0.04032121226191521	0.11057490855455399	0.5722598433494568
1105	0.0408986359834671	0.11061637103557587	0.5720783472061157
1106	0.04046570882201195	0.11031185835599899	0.5738797783851624
1107	0.03985019773244858	0.11006484925746918	0.5755665302276611
1108	0.04093942791223526	0.10991597175598145	0.5769146084785461
1109	0.041169486939907074	0.10973573476076126	0.578427255153656
1110	0.04061310738325119	0.10977450013160706	0.5782839059829712
1111	0.04093213379383087	0.10997197031974792	0.5772717595100403
1112	0.040736015886068344	0.1101355105638504	0.576362133026123
1113	0.041578780859708786	0.1102159321308136	0.5758818984031677
1114	0.040590982884168625	0.11026407033205032	0.5750049948692322
1115	0.04052281007170677	0.11006783694028854	0.5756589770317078
1116	0.04076175019145012	0.10982102155685425	0.576652467250824
1117	0.04099971055984497	0.10947258770465851	0.5783308148384094
1118	0.039912715554237366	0.10915329307317734	0.5802076458930969
1119	0.04152794927358627	0.10892903804779053	0.5816574692726135
1120	0.041040729731321335	0.1088794469833374	0.5820508003234863
1121	0.04005906358361244	0.10885803401470184	0.5822205543518066
1122	0.040242861956357956	0.10884763300418854	0.5820568799972534
1123	0.04206769913434982	0.10894805192947388	0.5813566446304321
1124	0.040249813348054886	0.10912612825632095	0.5801627039909363
1125	0.04081764817237854	0.10919176787137985	0.5800365209579468
1126	0.04044125974178314	0.1092279925942421	0.5801188945770264
1127	0.04027506709098816	0.10922224074602127	0.5806992053985596
1128	0.04016571491956711	0.10919753462076187	0.5812669396400452
1129	0.04209078103303909	0.10938724130392075	0.5809369683265686
1130	0.04062198847532272	0.10937978327274323	0.5815443992614746
1131	0.04068118706345558	0.10904017835855484	0.5833373069763184
1132	0.04072101414203644	0.10860857367515564	0.5871608853340149
1133	0.04047030583024025	0.10856551676988602	0.5864009857177734
1134	0.040995560586452484	0.10865595936775208	0.5847789645195007
1135	0.040438540279865265	0.10880254209041595	0.5834159851074219
1136	0.040370043367147446	0.10897353291511536	0.5820732712745667
1137	0.039447683840990067	0.10904042422771454	0.5815926790237427
1138	0.039815135300159454	0.10888644307851791	0.5823175311088562
1139	0.04114608094096184	0.10865363478660583	0.5835843086242676
1140	0.040205202996730804	0.10859964787960052	0.5841501355171204
1141	0.03986285999417305	0.10877741873264313	0.5837274193763733
1142	0.041071902960538864	0.10894185304641724	0.5833143591880798
1143	0.040926966816186905	0.10901445150375366	0.5830515027046204
1144	0.041255537420511246	0.10902881622314453	0.5830036997795105
1145	0.04012177884578705	0.10896984487771988	0.5831557512283325
1146	0.03975902497768402	0.10895262658596039	0.5830950736999512
1147	0.040000464767217636	0.10897868126630783	0.5828583836555481
1148	0.04028922691941261	0.10917792469263077	0.5814483761787415
1149	0.04045719653367996	0.10932528972625732	0.5803213715553284
1150	0.040267299860715866	0.10942168533802032	0.5796594619750977
1151	0.04006325453519821	0.1095644161105156	0.578871488571167
1152	0.040448274463415146	0.10960184782743454	0.5790953040122986
1153	0.040013592690229416	0.1093992292881012	0.5804159045219421
1154	0.040569137781858444	0.10944804549217224	0.5802486538887024
1155	0.03969057276844978	0.10947326570749283	0.5804463028907776
1156	0.041548293083906174	0.1094866544008255	0.5806835889816284
1157	0.039673905819654465	0.10955361276865005	0.5807469487190247
1158	0.041314274072647095	0.10957390815019608	0.5808179974555969
1159	0.04031851142644882	0.10958104580640793	0.5807089805603027
1160	0.040589798241853714	0.10958104580640793	0.5807385444641113
1161	0.040036145597696304	0.10934324562549591	0.58217453956604
1162	0.040698520839214325	0.10917136818170547	0.582869291305542
1163	0.0402274988591671	0.10897878557443619	0.5836364030838013
1164	0.04033099487423897	0.10890216380357742	0.5838125348091125
1165	0.03950989991426468	0.10888881236314774	0.5836518406867981
1166	0.03904922306537628	0.10904089361429214	0.5825464129447937
1167	0.04057068005204201	0.1090397760272026	0.5824607610702515
1168	0.040590379387140274	0.10895883291959763	0.5831798911094666
1169	0.03991018608212471	0.10898175090551376	0.5830559134483337
1170	0.0390300489962101	0.10913389176130295	0.5821449160575867
1171	0.03920898213982582	0.10919734835624695	0.5819114446640015
1172	0.038929685950279236	0.10922260582447052	0.5816396474838257
1173	0.03952400013804436	0.10925281047821045	0.5813629031181335
1174	0.04048435389995575	0.1093440130352974	0.5807943344116211
1175	0.03990719094872475	0.10957318544387817	0.5792744159698486
1176	0.039577845484018326	0.10963959246873856	0.5789207220077515
1177	0.03938150778412819	0.10967092216014862	0.5788955688476562
1178	0.038240451365709305	0.10958251357078552	0.5797756314277649
1179	0.03921142593026161	0.10944850742816925	0.5810945630073547
1180	0.04019336402416229	0.10931099206209183	0.5819893479347229
1181	0.039274223148822784	0.10911532491445541	0.5830671191215515
1182	0.04058120399713516	0.10883872956037521	0.5846875905990601
1183	0.03888406977057457	0.10861659795045853	0.5859352946281433
1184	0.038665127009153366	0.10836248844861984	0.5867400765419006
1185	0.039536476135253906	0.10826916992664337	0.586595892906189
1186	0.03963197022676468	0.10807738453149796	0.5871788263320923
1187	0.0393374003469944	0.10799317061901093	0.587440550327301
1188	0.040303271263837814	0.10798180848360062	0.5874313116073608
1189	0.03866467624902725	0.10786966979503632	0.5882415771484375
1190	0.039295829832553864	0.10773924738168716	0.5889908671379089
1191	0.03983169049024582	0.10786231607198715	0.5883764624595642
1192	0.03866627439856529	0.10802438855171204	0.5882214903831482
1193	0.04026627168059349	0.10811227560043335	0.5875892043113708
1194	0.04001888632774353	0.10831102728843689	0.5866291522979736
1195	0.039366405457258224	0.10830868780612946	0.5868908762931824
1196	0.03949686512351036	0.10826251655817032	0.5872844457626343
1197	0.03939618170261383	0.10830908268690109	0.5868295431137085
1198	0.03944780305027962	0.10839784890413284	0.5862559676170349
1199	0.039541322737932205	0.10853883624076843	0.5857422351837158
1200	0.03791068494319916	0.1086299791932106	0.5854442119598389
1201	0.03985413908958435	0.10882464051246643	0.5842557549476624
1202	0.03928128629922867	0.1087692603468895	0.5847171545028687
1203	0.03890775144100189	0.10865852236747742	0.5856882929801941
1204	0.038702040910720825	0.10861687362194061	0.5862823724746704
1205	0.038718242198228836	0.10860759019851685	0.5865508913993835
1206	0.0401071161031723	0.10862262547016144	0.5867123007774353
1207	0.03995801508426666	0.10855966061353683	0.5863199830055237
1208	0.03950713574886322	0.10795433819293976	0.5878426432609558
1209	0.03974001109600067	0.10799151659011841	0.5871366858482361
1210	0.0389283150434494	0.10799311101436615	0.5869001746177673
1211	0.039133764803409576	0.1078839898109436	0.5876651406288147
1212	0.03875323012471199	0.10763650387525558	0.5892509818077087
1213	0.03950133174657822	0.10753084719181061	0.5900106430053711
1214	0.03864658996462822	0.10746932774782181	0.5902755260467529
1215	0.039787501096725464	0.10759621113538742	0.5894998908042908
1216	0.03892344981431961	0.1078699380159378	0.5880109667778015
1217	0.039558298885822296	0.10811709612607956	0.5866953730583191
1218	0.03968869522213936	0.10821188986301422	0.5862576365470886
1219	0.04035500809550285	0.10824910551309586	0.5861297845840454
1220	0.0394432358443737	0.10814706981182098	0.5869631767272949
1221	0.03888079524040222	0.10807991772890091	0.5875421762466431
1222	0.03866885229945183	0.10803505033254623	0.5878531336784363
1223	0.0394446961581707	0.10809282213449478	0.587480366230011
1224	0.03892342373728752	0.1078750491142273	0.5886626243591309
1225	0.03962477296590805	0.10771629214286804	0.5895567536354065
1226	0.038734789937734604	0.10784401744604111	0.5887107849121094
1227	0.037616077810525894	0.10803744941949844	0.5877441167831421
1228	0.038637999445199966	0.10823196172714233	0.586793065071106
1229	0.03894129395484924	0.10813789814710617	0.5875599384307861
1230	0.039069872349500656	0.10796031355857849	0.5887845754623413
1231	0.039276815950870514	0.10786370933055878	0.5899398326873779
1232	0.0385650098323822	0.10797202587127686	0.589850902557373
1233	0.03931742161512375	0.10805627703666687	0.5900292992591858
1234	0.0386289581656456	0.10822153836488724	0.5889081954956055
1235	0.03882423788309097	0.10810433328151703	0.5880075693130493
1236	0.03910241276025772	0.10831442475318909	0.5853985548019409
1237	0.0383489765226841	0.10861507803201675	0.5829905271530151
1238	0.03911469504237175	0.10885527729988098	0.5812159180641174
1239	0.03921061381697655	0.10877514630556107	0.5815675258636475
1240	0.03943458944559097	0.10839802026748657	0.5841736197471619
1241	0.03991169109940529	0.10825122892856598	0.5854295492172241
1242	0.03834685683250427	0.1079799085855484	0.5873309373855591
1243	0.03831842541694641	0.10779446363449097	0.5888704061508179
1244	0.03887448087334633	0.10761450231075287	0.5903849005699158
1245	0.03899041935801506	0.1075102686882019	0.5908191204071045
1246	0.03818073123693466	0.10758069157600403	0.5899826884269714
1247	0.038605958223342896	0.10763230174779892	0.5893875360488892
1248	0.03945853188633919	0.10788515955209732	0.5878328680992126
1249	0.037702374160289764	0.10814455896615982	0.5860560536384583
1250	0.0384228453040123	0.10829434543848038	0.584811806678772
1251	0.039387721568346024	0.10848408937454224	0.5831650495529175
1252	0.03930061310529709	0.10866811871528625	0.5819140672683716
1253	0.03829050064086914	0.10871458798646927	0.5818173885345459
1254	0.039306364953517914	0.10854621231555939	0.5831883549690247
1255	0.039543718099594116	0.10830841213464737	0.5853157043457031
1256	0.03830885514616966	0.10801874101161957	0.587767481803894
1257	0.038770291954278946	0.1077660322189331	0.5895881056785583
1258	0.03873085603117943	0.10759053379297256	0.5904094576835632
1259	0.038591064512729645	0.10756183415651321	0.5901769399642944
1260	0.037961818277835846	0.10738974809646606	0.5907017588615417
1261	0.0386967733502388	0.10725784301757812	0.5909404158592224
1262	0.03907744586467743	0.10716277360916138	0.5911614894866943
1263	0.03821924328804016	0.10708644986152649	0.5914156436920166
1264	0.03850885108113289	0.10727904736995697	0.5898597240447998
1265	0.03824891895055771	0.1072544977068901	0.5899953842163086
1266	0.03864156827330589	0.1071716696023941	0.5901821851730347
1267	0.03802541270852089	0.10725775361061096	0.58937668800354
1268	0.03831148147583008	0.10729879885911942	0.588994562625885
1269	0.0380394384264946	0.10732817649841309	0.5890176892280579
1270	0.03770982846617699	0.1076396107673645	0.5875969529151917
1271	0.03800419718027115	0.10739468783140182	0.5890116095542908
1272	0.03832351043820381	0.10742572695016861	0.5890807509422302
1273	0.03808563947677612	0.10734862834215164	0.5899463295936584
1274	0.03905116394162178	0.10724758356809616	0.5912220478057861
1275	0.03728196769952774	0.10725761950016022	0.5920559167861938
1276	0.03795470669865608	0.10725639015436172	0.5926291346549988
1277	0.03863134607672691	0.1071510836482048	0.5933796167373657
1278	0.03937719017267227	0.10704260319471359	0.5935748219490051
1279	0.03836279362440109	0.1070370301604271	0.5930490493774414
1280	0.03730698302388191	0.10695254802703857	0.5929867625236511
1281	0.037826698273420334	0.10691617429256439	0.5929242968559265
1282	0.038488004356622696	0.10693994909524918	0.5924484729766846
1283	0.0376833900809288	0.10701978206634521	0.5917155742645264
1284	0.03913933411240578	0.10712223500013351	0.5913496613502502
1285	0.036907654255628586	0.1072690561413765	0.5907544493675232
1286	0.03703073412179947	0.10738090425729752	0.5906205177307129
1287	0.03834807127714157	0.10729818046092987	0.5915493369102478
1288	0.03807445988059044	0.10729822516441345	0.5913624167442322
1289	0.038051825016736984	0.10728321969509125	0.5910304188728333
1290	0.03811319172382355	0.10725821554660797	0.5911687016487122
1291	0.03776480630040169	0.10735730081796646	0.5905470252037048
1292	0.03782878816127777	0.10744981467723846	0.5901087522506714
1293	0.03817233815789223	0.10751999169588089	0.5901214480400085
1294	0.03816831484436989	0.10749451071023941	0.5908220410346985
1295	0.03799636289477348	0.10742785781621933	0.5919392704963684
1296	0.03681022673845291	0.1074596419930458	0.5923633575439453
1297	0.038137584924697876	0.10748587548732758	0.5924092531204224
1298	0.0369550883769989	0.1076432317495346	0.5912172794342041
1299	0.03786742314696312	0.10758838057518005	0.5910073518753052
1300	0.038065019994974136	0.10748284310102463	0.591076672077179
1301	0.03789534792304039	0.10738371312618256	0.5911269783973694
1302	0.0375649631023407	0.10726004838943481	0.5915595889091492
1303	0.03751138225197792	0.10709521919488907	0.5924021005630493
1304	0.03750067204236984	0.10696396231651306	0.5931301116943359
1305	0.036797910928726196	0.1069321259856224	0.5931639075279236
1306	0.03890363499522209	0.1069548949599266	0.5931455492973328
1307	0.03726941719651222	0.10709012299776077	0.5921497941017151
1308	0.03707068786025047	0.1072152629494667	0.5913057923316956
1309	0.038055915385484695	0.10730287432670593	0.5906851291656494
1310	0.03698583319783211	0.1074240505695343	0.5899822115898132
1311	0.037410080432891846	0.10756055265665054	0.5895384550094604
1312	0.03739806264638901	0.10773972421884537	0.5887487530708313
1313	0.03819463774561882	0.10785417258739471	0.5889194011688232
1314	0.0362604595720768	0.10791327059268951	0.5895380973815918
1315	0.038274526596069336	0.10802329331636429	0.5900154709815979
1316	0.03784314543008804	0.10810796171426773	0.5897649526596069
1317	0.03670556843280792	0.10814868658781052	0.5895758271217346
1318	0.03776267543435097	0.10801375657320023	0.5899078249931335
1319	0.037416573613882065	0.10798598825931549	0.5893744230270386
1320	0.03753263130784035	0.1079174280166626	0.5893598198890686
1321	0.03721391037106514	0.10775318741798401	0.5897825956344604
1322	0.03759193792939186	0.10749108344316483	0.5910108685493469
1323	0.03723166137933731	0.10720580816268921	0.592459499835968
1324	0.03788575157523155	0.10703025013208389	0.593669056892395
1325	0.03714297339320183	0.10694491118192673	0.5944506525993347
1326	0.036960747092962265	0.10671883076429367	0.5945209860801697
1327	0.038224902004003525	0.1066255122423172	0.5938752293586731
1328	0.03756558895111084	0.1068052351474762	0.5924566984176636
1329	0.03663673624396324	0.10698060691356659	0.5912951231002808
1330	0.03751419857144356	0.1071443259716034	0.5905196666717529
1331	0.03707483038306236	0.10728961229324341	0.5897734761238098
1332	0.03772064670920372	0.10749846696853638	0.5885699391365051
1333	0.03692996874451637	0.10769128799438477	0.5877352952957153
1334	0.03807719051837921	0.10781656950712204	0.5875322222709656
1335	0.03803444281220436	0.10777262598276138	0.5884073376655579
1336	0.037751734256744385	0.10774922370910645	0.5891756415367126
1337	0.03827166184782982	0.1077713668346405	0.5892795324325562
1338	0.037726618349552155	0.1077156737446785	0.5898188352584839
1339	0.03625365346670151	0.10781441628932953	0.5890747308731079
1340	0.03738183528184891	0.10783711820840836	0.5890170931816101
1341	0.03765156492590904	0.10778316110372543	0.5892118811607361
1342	0.036711085587739944	0.10805068165063858	0.589235246181488
1343	0.03756316378712654	0.10799279063940048	0.5893088579177856
1344	0.03666996210813522	0.10800616443157196	0.5889043211936951
1345	0.03895164653658867	0.10802444070577621	0.5882983207702637
1346	0.037457019090652466	0.10798351466655731	0.5880738496780396
1347	0.037870991975069046	0.10795005410909653	0.587922215461731
1348	0.0368228442966938	0.10779014974832535	0.5889704823493958
1349	0.03701990097761154	0.10756348073482513	0.5906791090965271
1350	0.03798078000545502	0.10735230147838593	0.5925394296646118
1351	0.0372767299413681	0.10717680305242538	0.5940406918525696
1352	0.037843625992536545	0.10709020495414734	0.5941648483276367
1353	0.03693844750523567	0.10700711607933044	0.593504786491394
1354	0.037591464817523956	0.10719611495733261	0.5913565754890442
1355	0.036903854459524155	0.107608363032341	0.5889056324958801
1356	0.036633048206567764	0.10790453851222992	0.5874836444854736
1357	0.03702175244688988	0.1079821065068245	0.5871694087982178
1358	0.03799421712756157	0.10781887173652649	0.5885909199714661
1359	0.038110408931970596	0.10746922343969345	0.5913053154945374
1360	0.03681274875998497	0.10734900832176208	0.593171238899231
1361	0.03709282726049423	0.10736549645662308	0.5935006141662598
1362	0.03778521716594696	0.10741601139307022	0.5930591225624084
1363	0.036886390298604965	0.10743927955627441	0.5920678973197937
1364	0.036430057138204575	0.10746888816356659	0.590901255607605
1365	0.037518907338380814	0.10781168937683105	0.5863797068595886
1366	0.03683926537632942	0.1083264872431755	0.5832405686378479
1367	0.03792812302708626	0.10893543064594269	0.5807566046714783
1368	0.03944188356399536	0.10859203338623047	0.5817506313323975
1369	0.037308234721422195	0.10884616523981094	0.5824064612388611
1370	0.039589524269104004	0.10811103880405426	0.5865704417228699
1371	0.039060164242982864	0.10633308440446854	0.5952391028404236
1372	0.03802558407187462	0.10612792521715164	0.5978201627731323
1373	0.03902648761868477	0.10614599287509918	0.5996452569961548
1374	0.0383027046918869	0.10630230605602264	0.5995853543281555
1375	0.03896458446979523	0.10652509331703186	0.5971047878265381
1376	0.03967402130365372	0.10658103227615356	0.5946556329727173
1377	0.038366347551345825	0.10691492259502411	0.5911138653755188
1378	0.0394410640001297	0.10731540620326996	0.5876395106315613
1379	0.03946355730295181	0.10734900832176208	0.5868085026741028
1380	0.038590677082538605	0.10702766478061676	0.5882388949394226
1381	0.03838098794221878	0.10644233226776123	0.5919151306152344
1382	0.037843529134988785	0.10584457218647003	0.5962486267089844
1383	0.0378446988761425	0.10562548041343689	0.5991073846817017
1384	0.038330886512994766	0.10546450316905975	0.6012974381446838
1385	0.038181282579898834	0.10538718849420547	0.6031711101531982
1386	0.03851231187582016	0.10531646758317947	0.6037361025810242
1387	0.03823957219719887	0.10520801693201065	0.6036302447319031
1388	0.03855608403682709	0.10525704175233841	0.6022638082504272
1389	0.03932591527700424	0.10531638562679291	0.6003550887107849
1390	0.040015656501054764	0.10538230836391449	0.5990641117095947
1391	0.037734031677246094	0.10535210371017456	0.5984489321708679
1392	0.038029786199331284	0.10504775494337082	0.5997108221054077
1393	0.039113543927669525	0.10466518998146057	0.6017745137214661
1394	0.036696478724479675	0.10443152487277985	0.6035298705101013
1395	0.037263013422489166	0.10437388718128204	0.6045948266983032
1396	0.03740524500608444	0.10442738234996796	0.6050548553466797
1397	0.037672702223062515	0.10450273752212524	0.6047744750976562
1398	0.037060171365737915	0.1045185998082161	0.6041579842567444
1399	0.03803419694304466	0.10464592278003693	0.6029766798019409
1400	0.037370119243860245	0.10479462891817093	0.6020129919052124
1401	0.0377647802233696	0.10484378039836884	0.601909339427948
1402	0.037182681262493134	0.10491666197776794	0.6019908785820007
1403	0.03784995153546333	0.105020672082901	0.6016393899917603
1404	0.03688310831785202	0.10513488203287125	0.6014376282691956
1405	0.038735613226890564	0.1052902564406395	0.600961446762085
1406	0.036985721439123154	0.10558802634477615	0.5996318459510803
1407	0.037283528596162796	0.10578708350658417	0.5986393094062805
1408	0.03626042976975441	0.10594827681779861	0.5975760221481323
1409	0.037247758358716965	0.10594884306192398	0.5973806977272034
1410	0.03795171156525612	0.10587397962808609	0.5975483655929565
1411	0.03798737749457359	0.10574331134557724	0.5983643531799316
1412	0.03717181459069252	0.10565177351236343	0.5991932153701782
1413	0.03610719367861748	0.10562662035226822	0.599618673324585
1414	0.03763716295361519	0.10561402142047882	0.6000134348869324
1415	0.03701448440551758	0.10573511570692062	0.6001268625259399
1416	0.037496596574783325	0.10597581416368484	0.5993450284004211
1417	0.037242114543914795	0.10622331500053406	0.5980876684188843
1418	0.0365789532661438	0.10651841014623642	0.5961567759513855
1419	0.03624095395207405	0.10691042244434357	0.5936165452003479
1420	0.036821819841861725	0.10725286602973938	0.5909766554832458
1421	0.036592431366443634	0.1075415313243866	0.5886727571487427
1422	0.03673478588461876	0.1077096089720726	0.5874248147010803
1423	0.037585895508527756	0.10752978175878525	0.5883902311325073
1424	0.03686748072504997	0.10709076374769211	0.5913261771202087
1425	0.03706822544336319	0.10653878003358841	0.594626784324646
1426	0.03611765429377556	0.10605447739362717	0.5977437496185303
1427	0.03715590387582779	0.10588966310024261	0.5992542505264282
1428	0.036844652146101	0.10576415061950684	0.6000199913978577
1429	0.03708694130182266	0.1057044118642807	0.6004604697227478
1430	0.03764505684375763	0.10575317591428757	0.5996264815330505
1431	0.036416467279195786	0.10592887550592422	0.598003625869751
1432	0.036992397159338	0.10606881231069565	0.5968260169029236
1433	0.03698306158185005	0.10623591393232346	0.595721423625946
1434	0.036243945360183716	0.10638955980539322	0.5950061082839966
1435	0.036275360733270645	0.10629734396934509	0.5957148671150208
1436	0.0359949953854084	0.10603439807891846	0.5974386930465698
1437	0.03654005751013756	0.10587324947118759	0.5986565947532654
1438	0.03719210997223854	0.10582777857780457	0.5995935201644897
1439	0.03697679564356804	0.10577066242694855	0.6000111103057861
1440	0.03624303266406059	0.10574623197317123	0.5997411012649536
1441	0.035621561110019684	0.10576863586902618	0.598847508430481
1442	0.03610999137163162	0.10583267360925674	0.5981302261352539
1443	0.03588046506047249	0.1059122085571289	0.5976141691207886
1444	0.0371771939098835	0.10607234388589859	0.5966429114341736
1445	0.03667905926704407	0.10620508342981339	0.5959107279777527
1446	0.03650530055165291	0.1062513142824173	0.5960814356803894
1447	0.037029802799224854	0.1060539111495018	0.5982124209403992
1448	0.03682372346520424	0.10598907619714737	0.5993279218673706
1449	0.03623791038990021	0.10603877902030945	0.5999337434768677
1450	0.0377034991979599	0.1061091423034668	0.6000258922576904
1451	0.037138886749744415	0.10612952709197998	0.5995305180549622
1452	0.03639400377869606	0.10612916201353073	0.5987653136253357
1453	0.03670293837785721	0.10607501119375229	0.598185658454895
1454	0.035860996693372726	0.10622457414865494	0.5971706509590149
1455	0.035533592104911804	0.10629435628652573	0.5963894724845886
1456	0.03611457347869873	0.10605347901582718	0.5968900322914124
1457	0.037431634962558746	0.10584559291601181	0.5975093841552734
1458	0.03675590083003044	0.10587003827095032	0.5971068739891052
1459	0.03638826683163643	0.10592242330312729	0.5966379046440125
1460	0.036182601004838943	0.1058809831738472	0.5969150066375732
1461	0.0357527993619442	0.10583771765232086	0.5975242853164673
1462	0.03688909858465195	0.10578462481498718	0.5985609292984009
1463	0.0369742251932621	0.10581045597791672	0.599068820476532
1464	0.03625739365816116	0.10590194910764694	0.5992841124534607
1465	0.036399971693754196	0.10601145029067993	0.5989735126495361
1466	0.03702489659190178	0.10630535334348679	0.597822904586792
1467	0.03602075204253197	0.10682754963636398	0.5959648489952087
1468	0.03666999191045761	0.10694313049316406	0.5954508185386658
1469	0.0355462022125721	0.10696151852607727	0.5954882502555847
1470	0.036274634301662445	0.10696900635957718	0.5953733325004578
1471	0.03543015569448471	0.10691404342651367	0.5953107476234436
1472	0.03588828071951866	0.1068108081817627	0.5955093502998352
1473	0.03562667965888977	0.10674414783716202	0.5956485867500305
1474	0.036704882979393005	0.10658791661262512	0.5968866944313049
1475	0.03641775995492935	0.10639336705207825	0.5984314680099487
1476	0.03594095632433891	0.10635782778263092	0.5989251732826233
1477	0.036040402948856354	0.10644284635782242	0.5983893871307373
1478	0.036108456552028656	0.10657142102718353	0.5971060991287231
1479	0.03534909337759018	0.10680770128965378	0.5952198505401611
1480	0.03550921753048897	0.10684413462877274	0.5944666266441345
1481	0.036104727536439896	0.10666117072105408	0.5949018001556396
1482	0.03602207452058792	0.10627838969230652	0.5968900322914124
1483	0.035882219672203064	0.10612402856349945	0.5982378125190735
1484	0.03540757670998573	0.10601682960987091	0.5991430282592773
1485	0.03614889457821846	0.10597360134124756	0.5990057587623596
1486	0.0357024185359478	0.10592741519212723	0.5987569689750671
1487	0.03616299480199814	0.10595893859863281	0.5978428721427917
1488	0.03536618500947952	0.10593634843826294	0.5975528359413147
1489	0.036515068262815475	0.10594623535871506	0.5972963571548462
1490	0.03549923747777939	0.10598170757293701	0.5973924994468689
1491	0.035582248121500015	0.10618607699871063	0.5964437127113342
1492	0.03580146282911301	0.10616865009069443	0.5971043705940247
1493	0.0355561226606369	0.10616230964660645	0.5977924466133118
1494	0.036293432116508484	0.10623420774936676	0.597882091999054
1495	0.03579022362828255	0.10626661777496338	0.5985107421875
1496	0.036296721547842026	0.10640224069356918	0.5986143946647644
1497	0.0358024425804615	0.10665418952703476	0.5974534153938293
1498	0.0353398434817791	0.10680070519447327	0.5963572859764099
1499	0.03598640859127045	0.10676786303520203	0.596228837966919
1500	0.036603592336177826	0.10656730830669403	0.5969656705856323
1501	0.03564244881272316	0.10640553385019302	0.5972332954406738
1502	0.03509870916604996	0.10618342459201813	0.5981056690216064
1503	0.03630737587809563	0.10600985586643219	0.5988834500312805
1504	0.035710327327251434	0.10586883872747421	0.6000482439994812
1505	0.03576278313994408	0.10581479221582413	0.6006844639778137
1506	0.03602191433310509	0.10574519634246826	0.6012879014015198
1507	0.03565416857600212	0.10574056953191757	0.6013392210006714
1508	0.0359894260764122	0.1059018224477768	0.6004633903503418
1509	0.035590484738349915	0.10627922415733337	0.5980594158172607
1510	0.03499091416597366	0.10657456517219543	0.5962176322937012
1511	0.03510073572397232	0.10682319849729538	0.5946422219276428
1512	0.036194849759340286	0.10693909227848053	0.5937507152557373
1513	0.035916924476623535	0.10724637657403946	0.5924060344696045
1514	0.03517042100429535	0.10727105289697647	0.5927748680114746
1515	0.03501639515161514	0.10714033991098404	0.5939967036247253
1516	0.03515070304274559	0.10687106847763062	0.5958132147789001
1517	0.035536449402570724	0.10672014951705933	0.5966359972953796
1518	0.03644949942827225	0.1066272035241127	0.5974009037017822
1519	0.0363839790225029	0.10669635981321335	0.5972061157226562
1520	0.035018544644117355	0.10674624145030975	0.5969963669776917
1521	0.03529263287782669	0.1068352684378624	0.5961794853210449
1522	0.03488333895802498	0.10700475424528122	0.5950578451156616
1523	0.03472549468278885	0.10718710720539093	0.5937468409538269
1524	0.03510652109980583	0.1072412058711052	0.5932252407073975
1525	0.03590903431177139	0.10726708173751831	0.5931451320648193
1526	0.035287708044052124	0.1072637215256691	0.5930565595626831
1527	0.036646969616413116	0.10744957625865936	0.5920982360839844
1528	0.03452036529779434	0.10744570195674896	0.5922610759735107
1529	0.03452349454164505	0.10736916214227676	0.5927901864051819
1530	0.03525574877858162	0.1072470173239708	0.5932196974754333
1531	0.03514348343014717	0.10701248794794083	0.5944036841392517
1532	0.03514969348907471	0.10670249909162521	0.595905065536499
1533	0.03533155471086502	0.10646165907382965	0.5971227884292603
1534	0.03594772890210152	0.10624312609434128	0.598244845867157
1535	0.03482375293970108	0.1060795933008194	0.5988678336143494
1536	0.03487883135676384	0.1059790626168251	0.5991716384887695
1537	0.03497945889830589	0.10594459623098373	0.5994250774383545
1538	0.03442397713661194	0.10596680641174316	0.5993689894676208
1539	0.03410064056515694	0.10596757382154465	0.599717378616333
1540	0.03413673862814903	0.10594550520181656	0.6000416874885559
1541	0.03595072031021118	0.10593181103467941	0.6003488898277283
1542	0.03585461154580116	0.10594946891069412	0.6001172065734863
1543	0.035626981407403946	0.10609345883131027	0.598773181438446
1544	0.035004179924726486	0.10628273338079453	0.5970205664634705
1545	0.0353301577270031	0.10639238357543945	0.5960278511047363
1546	0.03573636710643768	0.10645310580730438	0.5957412719726562
1547	0.035259947180747986	0.1064678207039833	0.5957270860671997
1548	0.03497295826673508	0.10642369836568832	0.5964044332504272
1549	0.035960596054792404	0.10644631832838058	0.596592903137207
1550	0.03512202948331833	0.10647637397050858	0.5962929725646973
1551	0.03556207939982414	0.10655128210783005	0.5956409573554993
1552	0.03559914603829384	0.10655543208122253	0.5952572226524353
1553	0.035353947430849075	0.10642997920513153	0.5957529544830322
1554	0.03479586914181709	0.10635507106781006	0.5961971282958984
1555	0.03535637632012367	0.10632632672786713	0.5965374112129211
1556	0.03461777791380882	0.1063457801938057	0.5965931415557861
1557	0.03555169329047203	0.10641523450613022	0.5965301394462585
1558	0.03547696769237518	0.10650854557752609	0.5963393449783325
1559	0.03558975085616112	0.10643457621335983	0.5973239541053772
1560	0.036120280623435974	0.10634807497262955	0.5984194874763489
1561	0.034297626465559006	0.1063082218170166	0.598739743232727
1562	0.035678744316101074	0.1061679795384407	0.5992916226387024
1563	0.036011096090078354	0.10614997893571854	0.598636269569397
1564	0.03490089625120163	0.10627966374158859	0.5973702073097229
1565	0.03471683710813522	0.10625381022691727	0.596900999546051
1566	0.03647841140627861	0.10631353408098221	0.5964474678039551
1567	0.03559963405132294	0.10628337413072586	0.5965614318847656
1568	0.03518858551979065	0.10629184544086456	0.5966303944587708
1569	0.034175653010606766	0.10633858293294907	0.5970622301101685
1570	0.03559311851859093	0.1064966544508934	0.5973697900772095
1571	0.034759994596242905	0.10665201395750046	0.5971872806549072
1572	0.035423967987298965	0.10668786615133286	0.5967819690704346
1573	0.035378776490688324	0.10684413462877274	0.5954915881156921
1574	0.03547624871134758	0.10701935738325119	0.5941112637519836
1575	0.03544856980443001	0.10720422118902206	0.5928933024406433
1576	0.03505431488156319	0.10739953070878983	0.5917227864265442
1577	0.03487565368413925	0.10754302144050598	0.5908117890357971
1578	0.034254513680934906	0.10751638561487198	0.5907981395721436
1579	0.03475123271346092	0.10737820714712143	0.5914643406867981
1580	0.03434395417571068	0.10716203600168228	0.5926008820533752
1581	0.035006068646907806	0.10683500021696091	0.5946947932243347
1582	0.03471261262893677	0.10660271346569061	0.5963148474693298
1583	0.034747906029224396	0.10649746656417847	0.5964747667312622
1584	0.035099755972623825	0.10646608471870422	0.5962098240852356
1585	0.03445504978299141	0.10645035654306412	0.5960755348205566
1586	0.034927062690258026	0.10649874061346054	0.5957744121551514
1587	0.035162024199962616	0.10643985867500305	0.5961832404136658
1588	0.033953066915273666	0.10650873929262161	0.5961217284202576
1589	0.03508541360497475	0.10665280371904373	0.5957918167114258
1590	0.035676222294569016	0.10677263140678406	0.5958282351493835
1591	0.0344756655395031	0.10692338645458221	0.5952656269073486
1592	0.03546983376145363	0.10706792026758194	0.5944066047668457
1593	0.034656208008527756	0.10713795572519302	0.593744158744812
1594	0.034771811217069626	0.10715814679861069	0.5933559536933899
1595	0.03436170518398285	0.10715224593877792	0.5932217836380005
1596	0.03536920249462128	0.10705339908599854	0.5937284827232361
1597	0.034228838980197906	0.10693413019180298	0.5944464802742004
1598	0.03445754945278168	0.10680929571390152	0.5953227281570435
1599	0.034884195774793625	0.10670054703950882	0.5958549380302429
1600	0.03439689800143242	0.10665538907051086	0.5965486764907837
1601	0.03423342481255531	0.1065419465303421	0.5975676774978638
1602	0.034549202769994736	0.10644054412841797	0.5980254411697388
1603	0.03464874252676964	0.10637448728084564	0.5985451340675354
1604	0.034524425864219666	0.10637570172548294	0.598336935043335
1605	0.034561265259981155	0.10640537738800049	0.597474217414856
1606	0.0347614623606205	0.10644275695085526	0.5970326066017151
1607	0.03483644872903824	0.10657215118408203	0.5958651304244995
1608	0.03510856255888939	0.10676907747983932	0.5942458510398865
1609	0.03482622280716896	0.10693960636854172	0.5930135250091553
1610	0.03475227579474449	0.1068655326962471	0.5932888388633728
1611	0.03571298345923424	0.10649113357067108	0.5956036448478699
1612	0.034720517694950104	0.10618456453084946	0.5979373455047607
1613	0.033663131296634674	0.10601188987493515	0.6002241373062134
1614	0.0341530479490757	0.1059735119342804	0.601899266242981
1615	0.03585151582956314	0.10594604909420013	0.6020103693008423
1616	0.034642890095710754	0.10589057952165604	0.6016246676445007
1617	0.034321170300245285	0.1060185432434082	0.5999017357826233
1618	0.03454424440860748	0.10624177753925323	0.5982364416122437
1619	0.03436655178666115	0.10654880106449127	0.5961517095565796
1620	0.033291373401880264	0.10685451328754425	0.5944511890411377
1621	0.03367757052183151	0.10704828053712845	0.593434751033783
1622	0.034292448312044144	0.10717521607875824	0.5931404829025269
1623	0.034639257937669754	0.1073465496301651	0.5929650068283081
1624	0.03467171639204025	0.10738087445497513	0.5935431718826294
1625	0.03441302478313446	0.10747571289539337	0.593964159488678
1626	0.03462640941143036	0.10760123282670975	0.5941188335418701
1627	0.034281134605407715	0.10758692771196365	0.5942906737327576
1628	0.03493568301200867	0.10749509930610657	0.5946044921875
1629	0.03489513322710991	0.10733596235513687	0.595045268535614
1630	0.033561449497938156	0.10721250623464584	0.5955333709716797
1631	0.035169217735528946	0.1071404218673706	0.5951263308525085
1632	0.033977579325437546	0.10700080543756485	0.5954284071922302
1633	0.03527847304940224	0.10683942586183548	0.5959374308586121
1634	0.034955788403749466	0.1066928505897522	0.5965511202812195
1635	0.03603163734078407	0.10652320086956024	0.5972647070884705
1636	0.03394826874136925	0.10643482208251953	0.5974975824356079
1637	0.03313321992754936	0.10633189231157303	0.5979934334754944
1638	0.033850159496068954	0.10626477748155594	0.598551332950592
1639	0.03402916342020035	0.10625497996807098	0.5987248420715332
1640	0.033368922770023346	0.10625812411308289	0.598691463470459
1641	0.03436842933297157	0.10618007183074951	0.5992915034294128
1642	0.03456151485443115	0.10604970157146454	0.6001157164573669
1643	0.033606916666030884	0.10598035156726837	0.6006147265434265
1644	0.03400386497378349	0.10597154498100281	0.6009362936019897
1645	0.03450985625386238	0.10599489510059357	0.6006638407707214
1646	0.0348101370036602	0.10607477277517319	0.6000821590423584
1647	0.03464452177286148	0.10616941750049591	0.5995947122573853
1648	0.03446464613080025	0.10625896602869034	0.5989903211593628
1649	0.034591346979141235	0.10640326887369156	0.5979195833206177
1650	0.03415508568286896	0.10658559203147888	0.596954345703125
1651	0.034519582986831665	0.10669940710067749	0.5964564085006714
1652	0.034616366028785706	0.10672410577535629	0.5966166853904724
1653	0.03387290984392166	0.10675619542598724	0.59669029712677
1654	0.033321455121040344	0.10676928609609604	0.5966048240661621
1655	0.03396148607134819	0.10665155947208405	0.5977093577384949
1656	0.034435827285051346	0.10663270205259323	0.5980340242385864
1657	0.03384122624993324	0.10658010095357895	0.5981570482254028
1658	0.03387092798948288	0.10653899610042572	0.5982251167297363
1659	0.03443007171154022	0.10648833960294724	0.5979421138763428
1660	0.03332272917032242	0.1065097451210022	0.5972586870193481
1661	0.03478609398007393	0.10658138990402222	0.596296489238739
1662	0.03455166146159172	0.10665390640497208	0.5957691073417664
1663	0.03397666662931442	0.10679658502340317	0.5951808094978333
1664	0.03428925573825836	0.10689611732959747	0.5949690341949463
1665	0.03417973965406418	0.1066993772983551	0.5962992310523987
1666	0.03327583149075508	0.10655632615089417	0.5975082516670227
1667	0.034679755568504333	0.10652494430541992	0.5980395674705505
1668	0.03532879799604416	0.10632143169641495	0.5993010401725769
1669	0.03419334068894386	0.10638052970170975	0.5998588800430298
1670	0.03462493419647217	0.10625278949737549	0.6007295250892639
1671	0.03376069664955139	0.10624752938747406	0.6001183986663818
1672	0.03411642462015152	0.10637235641479492	0.5985432267189026
1673	0.03406296297907829	0.10650882124900818	0.5972099900245667
1674	0.033901505172252655	0.10674390196800232	0.5958312749862671
1675	0.033816952258348465	0.10687457025051117	0.594896137714386
1676	0.03340967372059822	0.10691118985414505	0.594979465007782
1677	0.03375401347875595	0.1068854033946991	0.5953165292739868
1678	0.03355218470096588	0.10681020468473434	0.5960135459899902
1679	0.034763142466545105	0.10675157606601715	0.5965884923934937
1680	0.03379686176776886	0.10671483725309372	0.5971300005912781
1681	0.03403957560658455	0.10677684098482132	0.597170889377594
1682	0.034079041332006454	0.10679640620946884	0.5972892045974731
1683	0.03348562866449356	0.10677719116210938	0.5974916815757751
1684	0.03331897407770157	0.10657767951488495	0.5986773371696472
1685	0.03423867002129555	0.1063762828707695	0.5997359752655029
1686	0.03414580598473549	0.10620617121458054	0.6003971099853516
1687	0.03401157259941101	0.106019526720047	0.600721538066864
1688	0.03467858210206032	0.10593048483133316	0.6002176403999329
1689	0.03377985954284668	0.10587764531373978	0.5998407006263733
1690	0.03407254070043564	0.1057322695851326	0.6002176403999329
1691	0.03267152979969978	0.10555103421211243	0.6011048555374146
1692	0.034633900970220566	0.10553054511547089	0.6014679074287415
1693	0.03418159857392311	0.10543253272771835	0.6023432612419128
1694	0.03347500041127205	0.10539696365594864	0.6032758355140686
1695	0.033270545303821564	0.10540679097175598	0.6036496758460999
1696	0.03271469846367836	0.10542290657758713	0.6040316224098206
1697	0.03408942371606827	0.10550785809755325	0.6040943264961243
1698	0.03355313092470169	0.10565970093011856	0.603192150592804
1699	0.03372820466756821	0.10576088726520538	0.6022846698760986
1700	0.034357793629169464	0.10590299963951111	0.6017152070999146
1701	0.033408377319574356	0.10606720298528671	0.6007869839668274
1702	0.033587753772735596	0.10617487132549286	0.5999019742012024
1703	0.03405606374144554	0.10637114942073822	0.5987750291824341
1704	0.033869754523038864	0.10660960525274277	0.5973699688911438
1705	0.0335918553173542	0.10678738355636597	0.5963584780693054
1706	0.03393149748444557	0.10688172280788422	0.5962011814117432
1707	0.033400364220142365	0.10681607574224472	0.5971351265907288
1708	0.034300997853279114	0.10677219182252884	0.5980667471885681
1709	0.03372470661997795	0.10670239478349686	0.5981507897377014
1710	0.03387920558452606	0.10662086308002472	0.5983592867851257
1711	0.033596865832805634	0.1066688820719719	0.5978710651397705
1712	0.03367960825562477	0.10667300969362259	0.5973169207572937
1713	0.03337026759982109	0.10661593079566956	0.597071647644043
1714	0.03300286456942558	0.10647489130496979	0.5972384214401245
1715	0.033919766545295715	0.10640393942594528	0.5975238084793091
1716	0.03272940590977669	0.1064106896519661	0.5976723432540894
1717	0.033558495342731476	0.10641622543334961	0.5978904366493225
1718	0.034182462841272354	0.10632158815860748	0.5991508960723877
1719	0.03232431411743164	0.10615348070859909	0.6009235978126526
1720	0.033681049942970276	0.10602735728025436	0.6019187569618225
1721	0.033429574221372604	0.10600331425666809	0.6023359298706055
1722	0.03320848569273949	0.10603410005569458	0.602091372013092
1723	0.0326853021979332	0.10607007890939713	0.6014704704284668
1724	0.03365420922636986	0.10610371828079224	0.6004561185836792
1725	0.03353103622794151	0.106193408370018	0.5998743176460266
1726	0.03410695120692253	0.10627330094575882	0.5989575386047363
1727	0.03392715007066727	0.10637011379003525	0.5981212854385376
1728	0.034113310277462006	0.1064767837524414	0.5970081686973572
1729	0.03328689932823181	0.10656549781560898	0.5962422490119934
1730	0.03346074000000954	0.10661685466766357	0.5958391427993774
1731	0.03275694698095322	0.10658787190914154	0.5960469841957092
1732	0.03328639268875122	0.10642597079277039	0.5969743728637695
1733	0.033968470990657806	0.10622651129961014	0.5982573628425598
1734	0.0327167771756649	0.10599508881568909	0.5999338626861572
1735	0.03311452642083168	0.10585737228393555	0.6013215184211731
1736	0.033318474888801575	0.10580181330442429	0.6021820306777954
1737	0.03399484604597092	0.1057358905673027	0.6023038029670715
1738	0.03334108740091324	0.10566481202840805	0.6020855903625488
1739	0.033351216465234756	0.10567713528871536	0.6016671657562256
1740	0.03335815295577049	0.10580035299062729	0.6010628938674927
1741	0.03379993140697479	0.10592487454414368	0.6006198525428772
1742	0.03269077092409134	0.10609236359596252	0.6000630855560303
1743	0.03366072475910187	0.10625262558460236	0.5994113683700562
1744	0.033194538205862045	0.10624884814023972	0.599737286567688
1745	0.033851202577352524	0.10625702142715454	0.5997148752212524
1746	0.03433474153280258	0.10620380192995071	0.6003109812736511
1747	0.03364254906773567	0.10619678348302841	0.6002416014671326
1748	0.03331165760755539	0.10610159486532211	0.5998604893684387
1749	0.03313908725976944	0.10597115755081177	0.5994756817817688
1750	0.0338432751595974	0.10599638521671295	0.5985422134399414
1751	0.032466787844896317	0.10610159486532211	0.597700297832489
1752	0.03278063237667084	0.10619442909955978	0.5974541306495667
1753	0.03232479467988014	0.10621804744005203	0.5978369116783142
1754	0.03353531286120415	0.10628070682287216	0.5984288454055786
1755	0.032837457954883575	0.10630135983228683	0.5993237495422363
1756	0.033221300691366196	0.10634538531303406	0.599717915058136
1757	0.03345761448144913	0.10643373429775238	0.6001161932945251
1758	0.03362388536334038	0.10657275468111038	0.599616289138794
1759	0.03306224197149277	0.10674364864826202	0.5985381603240967
1760	0.033163703978061676	0.1068730428814888	0.5975016951560974
1761	0.03326006978750229	0.10696578770875931	0.5965325236320496
1762	0.033347416669130325	0.10705084353685379	0.5957645177841187
1763	0.032759133726358414	0.10706508904695511	0.5954470634460449
1764	0.03304344043135643	0.10708263516426086	0.5950257778167725
1765	0.03318558260798454	0.1070147454738617	0.595234215259552
1766	0.034196607768535614	0.10694685578346252	0.5958607196807861
1767	0.03413522616028786	0.10688737034797668	0.5968580842018127
1768	0.03354858607053757	0.10689223557710648	0.5976780652999878
1769	0.03226468339562416	0.10688219964504242	0.598676860332489
1770	0.0329916849732399	0.10677305608987808	0.5988393425941467
1771	0.033306144177913666	0.10660649836063385	0.5984795689582825
1772	0.03316427022218704	0.10642258077859879	0.5978907942771912
1773	0.034438613802194595	0.10629811882972717	0.5972940921783447
1774	0.032748814672231674	0.10601389408111572	0.5979233384132385
1775	0.03403977304697037	0.10593441873788834	0.5977323055267334
1776	0.032487429678440094	0.10577989369630814	0.5983378887176514
1777	0.03333381190896034	0.10559264570474625	0.5994083285331726
1778	0.03254130110144615	0.10531007498502731	0.601647675037384
1779	0.03348585218191147	0.10515031963586807	0.60377037525177
1780	0.03192772716283798	0.10523635149002075	0.6046779751777649
1781	0.03337690234184265	0.10534598678350449	0.6051502823829651
1782	0.03268726170063019	0.10539690405130386	0.6042762398719788
1783	0.0325339213013649	0.10551523417234421	0.6026279330253601
1784	0.03212679550051689	0.1056879535317421	0.6008079648017883
1785	0.032813508063554764	0.10592105239629745	0.5989200472831726
1786	0.032930195331573486	0.10603880137205124	0.5980033278465271
1787	0.032524604350328445	0.10596326738595963	0.5985024571418762
1788	0.03352872282266617	0.10591792315244675	0.5987891554832458
1789	0.033127088099718094	0.10575675964355469	0.6001588106155396
1790	0.032695069909095764	0.10566050559282303	0.6014207601547241
1791	0.0329635925590992	0.10560808330774307	0.6025683879852295
1792	0.03246516361832619	0.10551273077726364	0.6039178371429443
1793	0.03341918811202049	0.10543147474527359	0.6044825911521912
1794	0.032363489270210266	0.10541784763336182	0.603951632976532
1795	0.0324980728328228	0.10541508346796036	0.6027489900588989
1796	0.03330013528466225	0.10558314621448517	0.6013878583908081
1797	0.03257210925221443	0.10574935376644135	0.6001242399215698
1798	0.03253423795104027	0.10593757033348083	0.5986227989196777
1799	0.03338932245969772	0.10599638521671295	0.5983160138130188
1800	0.03239377215504646	0.10596051067113876	0.5988501310348511
1801	0.033340949565172195	0.10577850043773651	0.6006019711494446
1802	0.03280571103096008	0.10585959255695343	0.6016168594360352
1803	0.032213542610406876	0.10590556263923645	0.6021851897239685
1804	0.03332582116127014	0.10600385814905167	0.602032482624054
1805	0.0324055477976799	0.10605946183204651	0.601570188999176
1806	0.032764237374067307	0.10611630231142044	0.600888192653656
1807	0.03296583890914917	0.10623044520616531	0.5995669960975647
1808	0.03304522857069969	0.10625912249088287	0.5987772941589355
1809	0.03348111733794212	0.10619255900382996	0.5986356139183044
1810	0.03336465731263161	0.10613609105348587	0.5988674163818359
1811	0.03357398882508278	0.10612504184246063	0.5993200540542603
1812	0.03262151777744293	0.10616583377122879	0.5995739698410034
1813	0.0331486314535141	0.10618297010660172	0.6001118421554565
1814	0.03267792612314224	0.10614652931690216	0.6011296510696411
1815	0.0333864800632	0.1061297133564949	0.6017105579376221
1816	0.032598670572042465	0.10607300698757172	0.6018283367156982
1817	0.03226670250296593	0.10598219186067581	0.6017526984214783
1818	0.03317171707749367	0.10586381703615189	0.6012508273124695
1819	0.03311556950211525	0.10575316101312637	0.6006866693496704
1820	0.03366338834166527	0.10573390126228333	0.5997922420501709
1821	0.03318702429533005	0.10567941516637802	0.5993821024894714
1822	0.0327414833009243	0.10556061565876007	0.5996918082237244
1823	0.033739227801561356	0.10552793741226196	0.599969208240509
1824	0.03293656185269356	0.10544511675834656	0.6006667613983154
1825	0.032828692346811295	0.10535746067762375	0.6017529964447021
1826	0.03272081911563873	0.10534226149320602	0.602523684501648
1827	0.032524224370718	0.1054825708270073	0.6024163961410522
1828	0.033860430121421814	0.10558775067329407	0.6024962067604065
1829	0.033150386065244675	0.10561417043209076	0.6023631691932678
1830	0.03366346284747124	0.10556109249591827	0.6020655632019043
1831	0.03262994438409805	0.10549809038639069	0.601974368095398
1832	0.03241563215851784	0.10546204447746277	0.601921558380127
1833	0.03229904919862747	0.10544592887163162	0.6020086407661438
1834	0.032971933484077454	0.10547735542058945	0.6017300486564636
1835	0.0325898714363575	0.10533257573843002	0.6023674607276917
1836	0.032222628593444824	0.10520534962415695	0.6030484437942505
1837	0.03316984698176384	0.10513686388731003	0.6033830642700195
1838	0.03184256702661514	0.10512727499008179	0.6035301685333252
1839	0.03285427391529083	0.10514295846223831	0.6035694479942322
1840	0.03173757344484329	0.10526503622531891	0.6028200387954712
1841	0.03286504000425339	0.10537229478359222	0.6016031503677368
1842	0.033154960721731186	0.10553712397813797	0.600193977355957
1843	0.033203497529029846	0.10564031451940536	0.5994436144828796
1844	0.03274041414260864	0.10566206276416779	0.5991719961166382
1845	0.033177584409713745	0.10564490407705307	0.5995607376098633
1846	0.0326988510787487	0.10559767484664917	0.6006109714508057
1847	0.03236134350299835	0.10557407140731812	0.6012024283409119
1848	0.032442763447761536	0.10556520521640778	0.6018160581588745
1849	0.033256758004426956	0.10554610937833786	0.601881206035614
1850	0.032674480229616165	0.1056024581193924	0.6012083292007446
1851	0.03243199735879898	0.10566600412130356	0.6001866459846497
1852	0.03232323005795479	0.1057877317070961	0.5989120006561279
1853	0.033566392958164215	0.10591234266757965	0.5980985760688782
1854	0.03216608241200447	0.10592920333147049	0.5980448126792908
1855	0.0323963463306427	0.10578769445419312	0.5992775559425354
1856	0.031808048486709595	0.10564935952425003	0.60090571641922
1857	0.03242378681898117	0.10556310415267944	0.6026501655578613
1858	0.03216223791241646	0.10553042590618134	0.6037620902061462
1859	0.03354518115520477	0.10545452684164047	0.6044607758522034
1860	0.03335105627775192	0.10535307228565216	0.6042118072509766
1861	0.032591067254543304	0.10527648031711578	0.6037099361419678
1862	0.03160938620567322	0.10520845651626587	0.6033414602279663
1863	0.0325467474758625	0.10513961315155029	0.6029854416847229
1864	0.03216934949159622	0.10516268759965897	0.6022355556488037
1865	0.032669547945261	0.10512136667966843	0.6023781895637512
1866	0.03255990892648697	0.10517466813325882	0.6022080779075623
1867	0.03227921575307846	0.10515759140253067	0.6024845242500305
1868	0.03127988055348396	0.10518204420804977	0.6025057435035706
1869	0.03315235301852226	0.10526439547538757	0.6026225686073303
1870	0.032943904399871826	0.10529423505067825	0.6030283570289612
1871	0.03203378990292549	0.10533091425895691	0.6036628484725952
1872	0.03302595019340515	0.10538053512573242	0.6043392419815063
1873	0.03283662348985672	0.10550206899642944	0.6036458015441895
1874	0.033030129969120026	0.10566405951976776	0.6025749444961548
1875	0.03212516009807587	0.105855293571949	0.6008211970329285
1876	0.03286918252706528	0.10609206557273865	0.5990169644355774
1877	0.032475415617227554	0.10625706613063812	0.5979197025299072
1878	0.0321493074297905	0.10624834895133972	0.5976422429084778
1879	0.03241420164704323	0.10615616291761398	0.5979619026184082
1880	0.03319908678531647	0.10603738576173782	0.5987662076950073
1881	0.03285205364227295	0.1059173196554184	0.5999808311462402
1882	0.03240223228931427	0.1057717502117157	0.6016810536384583
1883	0.0323055237531662	0.10563083738088608	0.6034826040267944
1884	0.03147878125309944	0.10550398379564285	0.6043853759765625
1885	0.03304962068796158	0.1053714007139206	0.6047457456588745
1886	0.03251387178897858	0.10529202222824097	0.6040247678756714
1887	0.03258448839187622	0.10530855506658554	0.6024869680404663
1888	0.03169763460755348	0.10544697195291519	0.6009860038757324
1889	0.0317789651453495	0.1056375727057457	0.5995538234710693
1890	0.032490041106939316	0.10571951419115067	0.5990113615989685
1891	0.031623851507902145	0.10565754771232605	0.5993583798408508
1892	0.03213447704911232	0.10560350120067596	0.599961519241333
1893	0.032043859362602234	0.10558833181858063	0.6007133722305298
1894	0.032517869025468826	0.10563750565052032	0.6017338633537292
1895	0.03193418309092522	0.10575050115585327	0.6022259593009949
1896	0.03184794262051582	0.10586008429527283	0.602666974067688
1897	0.03131914511322975	0.10587351024150848	0.6021352410316467
1898	0.032018858939409256	0.10591628402471542	0.6012712121009827
1899	0.030928444117307663	0.10590328276157379	0.6007623076438904
1900	0.03211575001478195	0.1059081181883812	0.6006113290786743
1901	0.032849330455064774	0.1059572696685791	0.6002514362335205
1902	0.03279634565114975	0.10597343742847443	0.5998265147209167
1903	0.03242165222764015	0.10599581897258759	0.5996878743171692
1904	0.03122538886964321	0.10596752166748047	0.5996538400650024
1905	0.03221071884036064	0.10591164231300354	0.599920392036438
1906	0.03219524770975113	0.10591373592615128	0.6004305481910706
1907	0.03266433998942375	0.10614287108182907	0.6001711487770081
1908	0.03157920762896538	0.1062367856502533	0.600441038608551
1909	0.032423991709947586	0.10637037456035614	0.6006560325622559
1910	0.032525211572647095	0.10645246505737305	0.6002461910247803
1911	0.03296943008899689	0.1064576655626297	0.5996959209442139
1912	0.03180411830544472	0.10647597163915634	0.5983721017837524
1913	0.03095843270421028	0.10653447359800339	0.5969019532203674
1914	0.03187842667102814	0.106600821018219	0.5958830118179321
1915	0.031824175268411636	0.1064668521285057	0.5963110327720642
1916	0.03218196704983711	0.10623366385698318	0.5974017977714539
1917	0.03299573436379433	0.10607294738292694	0.5985504388809204
1918	0.03181830421090126	0.10590648651123047	0.6001110672950745
1919	0.031847577542066574	0.10577522963285446	0.6016554236412048
1920	0.03208480030298233	0.10583024471998215	0.602019727230072
1921	0.03188341483473778	0.10594750195741653	0.6020136475563049
1922	0.03192508593201637	0.10609199851751328	0.6013196706771851
1923	0.031122053042054176	0.10624751448631287	0.6004127264022827
1924	0.03180736303329468	0.10640816390514374	0.5985317826271057
1925	0.03161287680268288	0.10648159682750702	0.5972254276275635
1926	0.03065495193004608	0.10659939050674438	0.5956345200538635
1927	0.03171929717063904	0.10670708119869232	0.5945741534233093
1928	0.03171292319893837	0.10677581280469894	0.5940653085708618
1929	0.03315121680498123	0.10674024373292923	0.594403862953186
1930	0.0317193903028965	0.1065681204199791	0.5957319736480713
1931	0.031539082527160645	0.1063866913318634	0.5976043939590454
1932	0.03160036355257034	0.10623336583375931	0.5992100834846497
1933	0.03154671937227249	0.10617166012525558	0.6001524329185486
1934	0.03147731348872185	0.10616179555654526	0.6006233096122742
1935	0.031978681683540344	0.1061275377869606	0.600681483745575
1936	0.030529692769050598	0.1060495376586914	0.6008603572845459
1937	0.0313219279050827	0.10597948729991913	0.600552499294281
1938	0.031567879021167755	0.10581126064062119	0.6005555391311646
1939	0.031843069940805435	0.10568102449178696	0.6004588007926941
1940	0.030859453603625298	0.10555245727300644	0.6006237864494324
1941	0.031094150617718697	0.1054447591304779	0.601048469543457
1942	0.03143639862537384	0.10545992106199265	0.6010193824768066
1943	0.03264136239886284	0.10555251687765121	0.6009230017662048
1944	0.03210720047354698	0.10556421428918839	0.6017055511474609
1945	0.03149399906396866	0.10570517927408218	0.60207599401474
1946	0.03185155615210533	0.10584206879138947	0.602206826210022
1947	0.031479086726903915	0.10590488463640213	0.6022398471832275
1948	0.03236088901758194	0.10591821372509003	0.6023641228675842
1949	0.03158891573548317	0.10584497451782227	0.6021984219551086
1950	0.0317363440990448	0.10580991953611374	0.6012887954711914
1951	0.03128698840737343	0.10581806302070618	0.6004416346549988
1952	0.03123793751001358	0.10586446523666382	0.5995408296585083
1953	0.032030679285526276	0.10588791966438293	0.5993795394897461
1954	0.03142820671200752	0.10588372498750687	0.5996080040931702
1955	0.030862027779221535	0.10591913759708405	0.5994634628295898
1956	0.030910160392522812	0.10590774565935135	0.5996189713478088
1957	0.031232278794050217	0.10590767860412598	0.5998830795288086
1958	0.03268645703792572	0.10591157525777817	0.6002835631370544
1959	0.03228948637843132	0.10592785477638245	0.6004282832145691
1960	0.03170275688171387	0.1059221401810646	0.6007318496704102
1961	0.03185513615608215	0.10589610785245895	0.6008842587471008
1962	0.03205059841275215	0.10570110380649567	0.6011108160018921
1963	0.03207099065184593	0.10586460679769516	0.5998505353927612
1964	0.03136027604341507	0.10585498809814453	0.599891722202301
1965	0.03175138309597969	0.10569646209478378	0.6010523438453674
1966	0.03237173706293106	0.10563302785158157	0.6016292572021484
1967	0.03225162997841835	0.1056598648428917	0.6020540595054626
1968	0.032115645706653595	0.10554452240467072	0.6029280424118042
1969	0.03229178488254547	0.10539213567972183	0.6040565371513367
1970	0.031444694846868515	0.10511070489883423	0.6054762005805969
1971	0.03225437179207802	0.10484493523836136	0.6064484119415283
1972	0.032076239585876465	0.10462138056755066	0.606802225112915
1973	0.03134407103061676	0.10437100380659103	0.6074249148368835
1974	0.03221964091062546	0.10416734218597412	0.6079716682434082
1975	0.031105507165193558	0.10410475730895996	0.608167827129364
1976	0.03221077099442482	0.10413830727338791	0.6076331734657288
1977	0.03155863657593727	0.10425451397895813	0.6067472696304321
1978	0.03196745738387108	0.1044248640537262	0.6058553457260132
1979	0.03155198693275452	0.1046237200498581	0.604844868183136
1980	0.031224045902490616	0.10482732206583023	0.6043947339057922
1981	0.03169390559196472	0.10498892515897751	0.6045621037483215
1982	0.03167054057121277	0.1051507219672203	0.6043620705604553
1983	0.03173113241791725	0.10526008903980255	0.6034268736839294
1984	0.03141660988330841	0.10547708719968796	0.601911723613739
1985	0.03244035318493843	0.10567501187324524	0.6001538038253784
1986	0.03178349509835243	0.10579041391611099	0.5995512008666992
1987	0.03072269633412361	0.10588876903057098	0.599032461643219
1988	0.03161969408392906	0.10577664524316788	0.5998227596282959
1989	0.03159460052847862	0.10565762221813202	0.6010362505912781
1990	0.031104745343327522	0.10557378828525543	0.6022205948829651
1991	0.031207550317049026	0.10545862466096878	0.6032727956771851
1992	0.03246395289897919	0.10534172505140305	0.6041100025177002
1993	0.03092147409915924	0.10526367276906967	0.6046653985977173
1994	0.031791917979717255	0.10523984581232071	0.6041364669799805
1995	0.031120577827095985	0.10527929663658142	0.603145182132721
1996	0.03130577132105827	0.10540471971035004	0.6019996404647827
1997	0.03282386437058449	0.1053958460688591	0.6020218729972839
1998	0.03124341368675232	0.10539427399635315	0.6015779972076416
1999	0.030931610614061356	0.10528333485126495	0.6021475791931152
2000	0.03123520500957966	0.10519672930240631	0.6032922863960266
2001	0.031548939645290375	0.1051984652876854	0.6043221354484558
2002	0.0307930801063776	0.10523783415555954	0.6047477126121521
2003	0.03157037869095802	0.10531912744045258	0.6049867272377014
2004	0.03156795725226402	0.10537468641996384	0.6044983863830566
2005	0.030695268884301186	0.1053774282336235	0.6035724878311157
2006	0.03189082071185112	0.1053871288895607	0.6026836037635803
2007	0.031125487759709358	0.1053912490606308	0.6023135781288147
2008	0.030383801087737083	0.10547246783971786	0.601714015007019
2009	0.031319063156843185	0.1056203618645668	0.6008123755455017
2010	0.03178770840167999	0.10572945326566696	0.6004155874252319
2011	0.031146686524152756	0.10583878308534622	0.6002057790756226
2012	0.031599972397089005	0.10596726089715958	0.6001206040382385
2013	0.030662519857287407	0.1061856672167778	0.5997456312179565
2014	0.031728003174066544	0.1063162088394165	0.5999216437339783
2015	0.030087023973464966	0.10643944889307022	0.5997413396835327
2016	0.03140023723244667	0.10644534975290298	0.6001517176628113
2017	0.03173498809337616	0.1063528060913086	0.600408136844635
2018	0.03083568997681141	0.10619667917490005	0.6005192995071411
2019	0.031483110040426254	0.10601826012134552	0.5999945998191833
2020	0.031386151909828186	0.10589015483856201	0.5992326736450195
2021	0.03150751814246178	0.10582293570041656	0.5987231731414795
2022	0.03092472441494465	0.10575733333826065	0.5984413623809814
2023	0.030415643006563187	0.10563631355762482	0.5989187955856323
2024	0.03206098452210426	0.10535424947738647	0.6008114218711853
2025	0.03097364865243435	0.10516057908535004	0.6023895144462585
2026	0.03095676563680172	0.10501480847597122	0.6042160987854004
2027	0.031268250197172165	0.1049918532371521	0.6053009629249573
2028	0.03242054209113121	0.10503331571817398	0.6053244471549988
2029	0.031266096979379654	0.10513626039028168	0.6047746539115906
2030	0.031035559251904488	0.10525575280189514	0.6036592721939087
2031	0.03131772577762604	0.10540048778057098	0.6023752093315125
2032	0.031230956315994263	0.10555124282836914	0.6013942360877991
2033	0.030615994706749916	0.10571867972612381	0.6000667810440063
2034	0.030466830357909203	0.10581298917531967	0.5991235971450806
2035	0.03173314034938812	0.10587318986654282	0.5988931655883789
2036	0.03071991726756096	0.10585523396730423	0.5991424918174744
2037	0.031448062509298325	0.10574106127023697	0.6000706553459167
2038	0.03167320787906647	0.10571923106908798	0.6009325981140137
2039	0.030926169827580452	0.10573472082614899	0.6017623543739319
2040	0.031861793249845505	0.10576779395341873	0.602049708366394
2041	0.03223143145442009	0.10584408044815063	0.601656436920166
2042	0.031064627692103386	0.10592138022184372	0.6008302569389343
2043	0.030568158254027367	0.10596435517072678	0.6000980734825134
2044	0.031239692121744156	0.10602568835020065	0.5992178916931152
2045	0.030740832909941673	0.10611823201179504	0.598223865032196
2046	0.031184347346425056	0.10613705962896347	0.5981930494308472
2047	0.030850635841488838	0.10604678094387054	0.5987829566001892
2048	0.031078793108463287	0.10588524490594864	0.599923849105835
2049	0.031543515622615814	0.10568038374185562	0.601823091506958
2050	0.0303527619689703	0.10539257526397705	0.603667140007019
2051	0.030594686046242714	0.10509436577558517	0.6049723029136658
2052	0.030844679102301598	0.10489258915185928	0.6060666441917419
2053	0.03164307028055191	0.10470712184906006	0.6067658066749573
2054	0.03141270577907562	0.10457830131053925	0.6068562269210815
2055	0.03071622923016548	0.10456167161464691	0.6059191823005676
2056	0.03040819801390171	0.10469092428684235	0.605027437210083
2057	0.031315628439188004	0.10492637008428574	0.6036959290504456
2058	0.030928997322916985	0.10521987825632095	0.6021572947502136
2059	0.030571404844522476	0.10543743520975113	0.6017138361930847
2060	0.030341926962137222	0.10560200363397598	0.602134644985199
2061	0.030703986063599586	0.10574950277805328	0.6020577549934387
2062	0.03132801130414009	0.10585979372262955	0.6012818217277527
2063	0.031840335577726364	0.10587122291326523	0.6011003851890564
2064	0.03109656274318695	0.10583214461803436	0.6009590029716492
2065	0.030231695622205734	0.1057765930891037	0.6007766127586365
2066	0.03127799928188324	0.10575854033231735	0.6005305647850037
2067	0.03111681342124939	0.10574428737163544	0.6003828644752502
2068	0.031654808670282364	0.10571587085723877	0.6003456711769104
2069	0.030271651223301888	0.10562066733837128	0.6008425354957581
2070	0.03081286884844303	0.10540051013231277	0.601944088935852
2071	0.031070943921804428	0.10532776266336441	0.6027168035507202
2072	0.030413445085287094	0.10532883554697037	0.602760374546051
2073	0.030818067491054535	0.10536405444145203	0.602785050868988
2074	0.030981820076704025	0.10547132790088654	0.6023480892181396
2075	0.030568495392799377	0.10562686622142792	0.6018496155738831
2076	0.031479548662900925	0.10581877082586288	0.6008284687995911
2077	0.030686816200613976	0.10590121150016785	0.6000537276268005
2078	0.030925286933779716	0.10598775744438171	0.5997040867805481
2079	0.032416846603155136	0.10606700927019119	0.5985481142997742
2080	0.030561648309230804	0.10605523735284805	0.5979195237159729
2081	0.030608229339122772	0.10593214631080627	0.5983889102935791
2082	0.03065399080514908	0.10580150783061981	0.5992484092712402
2083	0.031067991629242897	0.10570577532052994	0.6000219583511353
2084	0.030654674395918846	0.10567300766706467	0.6007872223854065
2085	0.03088333085179329	0.10578490048646927	0.6013420820236206
2086	0.03169865533709526	0.10590314120054245	0.6019991636276245
2087	0.031567253172397614	0.105971559882164	0.6029282808303833
2088	0.030806265771389008	0.10600324720144272	0.6037064790725708
2089	0.031128695234656334	0.10597199201583862	0.6044278740882874
2090	0.03144435957074165	0.10590173304080963	0.6046739220619202
2091	0.030748631805181503	0.10579007863998413	0.604405403137207
2092	0.031176907941699028	0.10568349063396454	0.6033610105514526
2093	0.03179914131760597	0.10570202767848969	0.6015926599502563
2094	0.03050287812948227	0.1057794913649559	0.6002193093299866
2095	0.031102586537599564	0.10596158355474472	0.5984318852424622
2096	0.03138377517461777	0.10607311129570007	0.5973277688026428
2097	0.03171408176422119	0.10608305037021637	0.5971599221229553
2098	0.030134322121739388	0.1061297208070755	0.5970076322555542
2099	0.031122732907533646	0.10622194409370422	0.5970014929771423
2100	0.030201325193047523	0.10617830604314804	0.5978665947914124
2101	0.031280018389225006	0.10614809393882751	0.5985230803489685
2102	0.031019339337944984	0.10608739405870438	0.59987473487854
2103	0.03134139999747276	0.10608132928609848	0.600339949131012
2104	0.03138037025928497	0.1061081737279892	0.600207507610321
2105	0.031615689396858215	0.1060616597533226	0.5998362898826599
2106	0.0307841245085001	0.10600457340478897	0.5995143055915833
2107	0.030673127621412277	0.10600057244300842	0.5989399552345276
2108	0.03081797994673252	0.1059524267911911	0.5984827876091003
2109	0.030379677191376686	0.10596317052841187	0.5976186394691467
2110	0.03071974590420723	0.10580777376890182	0.5979160070419312
2111	0.03021031804382801	0.10564252734184265	0.5984899997711182
2112	0.0315701849758625	0.10548819601535797	0.5995035767555237
2113	0.030739249661564827	0.10533640533685684	0.6007647514343262
2114	0.030211178585886955	0.10521423071622849	0.601890504360199
2115	0.03032046929001808	0.10509255528450012	0.6032323241233826
2116	0.030871151015162468	0.10505218058824539	0.6045106649398804
2117	0.03140076994895935	0.10510973632335663	0.6050772666931152
2118	0.02996625192463398	0.10514065623283386	0.6052389144897461
2119	0.030419040471315384	0.10512398183345795	0.6047168374061584
2120	0.03017169050872326	0.10514543950557709	0.604167103767395
2121	0.030748162418603897	0.10518701374530792	0.6032475233078003
2122	0.030688045546412468	0.10525758564472198	0.6024430990219116
2123	0.03020906075835228	0.10533861070871353	0.6019002795219421
2124	0.030858825892210007	0.10537584125995636	0.6019765138626099
2125	0.030034329742193222	0.10540423542261124	0.6022495031356812
2126	0.030262025073170662	0.10541821271181107	0.6024276614189148
2127	0.031161408871412277	0.10539320111274719	0.6023412942886353
2128	0.030105914920568466	0.10542327165603638	0.6019124984741211
2129	0.03062090091407299	0.10544230788946152	0.6018388867378235
2130	0.030215436592698097	0.10546613484621048	0.6016688942909241
2131	0.030331922695040703	0.10540388524532318	0.6019802093505859
2132	0.03134261816740036	0.10539766401052475	0.6022655963897705
2133	0.030146390199661255	0.10542535781860352	0.6023386120796204
2134	0.030316239222884178	0.1053868979215622	0.6027178764343262
2135	0.030839579179883003	0.105427585542202	0.6030932664871216
2136	0.030615614727139473	0.10548237711191177	0.6030617356300354
2137	0.03066268190741539	0.10555066913366318	0.6031144857406616
2138	0.030835319310426712	0.10551606863737106	0.6026164889335632
2139	0.030894475057721138	0.10551386326551437	0.6021988391876221
2140	0.030004115775227547	0.10549941658973694	0.6019997596740723
2141	0.030511528253555298	0.10531263798475266	0.6029343008995056
2142	0.03061915934085846	0.1050865426659584	0.6036744713783264
2143	0.03115033730864525	0.1050056740641594	0.6035802960395813
2144	0.02985495515167713	0.10493849217891693	0.6040951609611511
2145	0.030722998082637787	0.10501935333013535	0.6041598320007324
2146	0.030370883643627167	0.1051153913140297	0.6043890118598938
2147	0.03105621598660946	0.10524077713489532	0.604469358921051
2148	0.030515680089592934	0.1054103747010231	0.6043307781219482
2149	0.030200835317373276	0.10545207560062408	0.6040689945220947
2150	0.029682166874408722	0.10546685755252838	0.6034291982650757
2151	0.030515797436237335	0.10546468198299408	0.6026075482368469
2152	0.030006026849150658	0.10535331815481186	0.602570652961731
2153	0.0298184584826231	0.10521620512008667	0.6029343008995056
2154	0.030312413349747658	0.10504933446645737	0.6035084128379822
2155	0.03048841468989849	0.10494504123926163	0.6040872931480408
2156	0.030234409496188164	0.10483423620462418	0.6046950817108154
2157	0.03071717917919159	0.10482224822044373	0.6048343777656555
2158	0.03134893253445625	0.10491279512643814	0.6047326922416687
2159	0.02982226200401783	0.10505256801843643	0.6042202115058899
2160	0.03001396916806698	0.10513962060213089	0.6038946509361267
2161	0.030344484373927116	0.10523785650730133	0.6027076244354248
2162	0.030158579349517822	0.10527365654706955	0.6019605994224548
2163	0.03072459250688553	0.10526993125677109	0.6015721559524536
2164	0.030949009582400322	0.10521163046360016	0.601762056350708
2165	0.03019232489168644	0.105050228536129	0.6025967001914978
2166	0.030232777819037437	0.10488246381282806	0.6038515567779541
2167	0.030396346002817154	0.10479851067066193	0.6053783893585205
2168	0.030498944222927094	0.1049484834074974	0.6059344410896301
2169	0.030155064538121223	0.1051274985074997	0.6058575510978699
2170	0.030138181522488594	0.10526544600725174	0.6054549813270569
2171	0.030208908021450043	0.10534704476594925	0.6046621203422546
2172	0.030498504638671875	0.10538724064826965	0.6033681631088257
2173	0.029370132833719254	0.1054481565952301	0.6020732522010803
2174	0.03039303421974182	0.10549423843622208	0.6010688543319702
2175	0.03027406893670559	0.10554186999797821	0.6004422903060913
2176	0.03106878325343132	0.10569547861814499	0.5996515154838562
2177	0.03029857948422432	0.10574298352003098	0.5993672609329224
2178	0.029972532764077187	0.10566490888595581	0.599871039390564
2179	0.02995390072464943	0.10558678209781647	0.6004089117050171
2180	0.030187435448169708	0.10552021861076355	0.6015788912773132
2181	0.030361393466591835	0.10541795194149017	0.6029379367828369
2182	0.030613282695412636	0.10542768239974976	0.603793203830719
2183	0.030771838501095772	0.10544044524431229	0.6041896939277649
2184	0.030588386580348015	0.10548850893974304	0.6037046909332275
2185	0.031056929379701614	0.10554251819849014	0.6024181842803955
2186	0.029521984979510307	0.10563366860151291	0.6012117862701416
2187	0.03040294535458088	0.10572796314954758	0.6001553535461426
2188	0.030291248112916946	0.10588125884532928	0.5988520979881287
2189	0.030258772894740105	0.10585759580135345	0.5987222790718079
2190	0.03020806610584259	0.1057361587882042	0.5998116135597229
2191	0.029571548104286194	0.10563277453184128	0.6008864045143127
2192	0.030454881489276886	0.10533852875232697	0.6032311916351318
2193	0.03075343742966652	0.10524988174438477	0.6045985817909241
2194	0.029930660501122475	0.10524918138980865	0.605027973651886
2195	0.02924577333033085	0.10520882159471512	0.6054612994194031
2196	0.03053940273821354	0.10510869324207306	0.605803370475769
2197	0.03014364279806614	0.10496159642934799	0.6058083772659302
2198	0.03015756607055664	0.10468213260173798	0.6062315702438354
2199	0.029864810407161713	0.10442567616701126	0.6065171957015991
2200	0.03100048564374447	0.10428392887115479	0.6064852476119995
2201	0.029939016327261925	0.10422677546739578	0.6063207983970642
2202	0.030160531401634216	0.10419569909572601	0.6063234806060791
2203	0.02953142300248146	0.10416365414857864	0.6063754558563232
2204	0.029613517224788666	0.1041116788983345	0.6068141460418701
2205	0.03002435714006424	0.10405426472425461	0.6070019602775574
2206	0.030883342027664185	0.10412856936454773	0.6067337989807129
2207	0.03077026456594467	0.10434833914041519	0.6059101819992065
2208	0.03084466978907585	0.10455745458602905	0.6051709651947021
2209	0.029249610379338264	0.10482262074947357	0.6037926077842712
2210	0.03000306710600853	0.10492096096277237	0.6031482219696045
2211	0.03022043965756893	0.10499289631843567	0.6026684641838074
2212	0.02986418642103672	0.10509303957223892	0.602626383304596
2213	0.030437760055065155	0.10512141138315201	0.6026824712753296
2214	0.030002888292074203	0.10524065047502518	0.6027406454086304
2215	0.030312567949295044	0.10531017184257507	0.6028134226799011
2216	0.030018407851457596	0.10544708371162415	0.602498471736908
2217	0.030583379790186882	0.10552771389484406	0.6020529866218567
2218	0.02995685674250126	0.10555850714445114	0.6014071106910706
2219	0.030568700283765793	0.10561974346637726	0.601188063621521
2220	0.03043528087437153	0.10565146058797836	0.6012038588523865
2221	0.029980838298797607	0.10561265051364899	0.6011884808540344
2222	0.029782770201563835	0.10557269304990768	0.6008210182189941
2223	0.029564615339040756	0.10550913214683533	0.6003932952880859
2224	0.029460156336426735	0.10532134026288986	0.6013590097427368
2225	0.030051635578274727	0.10516922920942307	0.6018192172050476
2226	0.028771117329597473	0.10497485846281052	0.6026199460029602
2227	0.029893621802330017	0.10490060597658157	0.6029564142227173
2228	0.02880779281258583	0.10488030314445496	0.6031152606010437
2229	0.030080918222665787	0.10490274429321289	0.6028026342391968
2230	0.03007490001618862	0.1049245223402977	0.6024712324142456
2231	0.029752109199762344	0.1049346998333931	0.6021273136138916
2232	0.029894603416323662	0.10496842116117477	0.6018882989883423
2233	0.029844848439097404	0.10501628369092941	0.6017001271247864
2234	0.029448045417666435	0.10511492937803268	0.601578414440155
2235	0.03140592947602272	0.10524193197488785	0.6012939214706421
2236	0.030591849237680435	0.10537738353013992	0.6009328365325928
2237	0.030219610780477524	0.1055072620511055	0.6005781888961792
2238	0.029743105173110962	0.10565414279699326	0.60038822889328
2239	0.029405055567622185	0.10582061856985092	0.5998591184616089
2240	0.029528023675084114	0.10595625638961792	0.5997036099433899
2241	0.02940775640308857	0.10603329539299011	0.5997564792633057
2242	0.03044884465634823	0.1060446947813034	0.6001280546188354
2243	0.029746128246188164	0.10597690939903259	0.6004813313484192
2244	0.030402829870581627	0.1059054434299469	0.601000964641571
2245	0.02978377230465412	0.10587765276432037	0.6016011834144592
2246	0.030170870944857597	0.10583682358264923	0.601757824420929
2247	0.029842013493180275	0.10577404499053955	0.6011974811553955
2248	0.029271874576807022	0.10573229193687439	0.6008878350257874
2249	0.029417850077152252	0.10572981089353561	0.6004945039749146
2250	0.03060801886022091	0.10577927529811859	0.5996940732002258
2251	0.030189167708158493	0.105857715010643	0.5989852547645569
2252	0.030472902581095695	0.10588335245847702	0.5988945364952087
2253	0.02994324266910553	0.10590091347694397	0.5990697741508484
2254	0.029838887974619865	0.10596894472837448	0.5993824005126953
2255	0.0289168544113636	0.10601838678121567	0.599869430065155
2256	0.030141891911625862	0.10609796643257141	0.5998035073280334
2257	0.030296368524432182	0.10604055225849152	0.6002939343452454
2258	0.029430784285068512	0.1058943122625351	0.6015865206718445
2259	0.029292196035385132	0.10572856664657593	0.6026135087013245
2260	0.029749605804681778	0.10554518550634384	0.6031271815299988
2261	0.03038002736866474	0.10535299777984619	0.6037158966064453
2262	0.029184453189373016	0.10519658029079437	0.6037678718566895
2263	0.029643865302205086	0.10512286424636841	0.6034135818481445
2264	0.028825094923377037	0.10513489693403244	0.6029161214828491
2265	0.030412251129746437	0.10527947545051575	0.6018489003181458
2266	0.029676932841539383	0.10544353723526001	0.6011570692062378
2267	0.02964630164206028	0.10557063668966293	0.6005969047546387
2268	0.029944879934191704	0.10561805963516235	0.600445032119751
2269	0.029763733968138695	0.10561031848192215	0.6005662083625793
2270	0.030274664983153343	0.10561566799879074	0.6008889079093933
2271	0.0289738941937685	0.10556279867887497	0.6017415523529053
2272	0.028720540925860405	0.1054961308836937	0.6025223731994629
2273	0.029455464333295822	0.1052888035774231	0.6034095883369446
2274	0.029405416920781136	0.10501299053430557	0.6038649678230286
2275	0.03017944097518921	0.10483952611684799	0.6036462187767029
2276	0.029890339821577072	0.10475891828536987	0.6033391952514648
2277	0.03017401695251465	0.10475508123636246	0.6027276515960693
2278	0.03010445460677147	0.10486923158168793	0.6018899083137512
2279	0.030132004991173744	0.10490874201059341	0.601953387260437
2280	0.02973567508161068	0.10505246371030807	0.6014787554740906
2281	0.029416551813483238	0.10520251095294952	0.6017225384712219
2282	0.02967003732919693	0.10535180568695068	0.6021609902381897
2283	0.029502052813768387	0.1054186299443245	0.6026936173439026
2284	0.029440615326166153	0.10554530471563339	0.6025593876838684
2285	0.029538750648498535	0.10573288798332214	0.6016551852226257
2286	0.02931448630988598	0.10593699663877487	0.600135862827301
2287	0.02952919527888298	0.10616154223680496	0.5982252359390259
2288	0.029158249497413635	0.10641070455312729	0.5963614583015442
2289	0.029593460261821747	0.10650819540023804	0.5956614017486572
2290	0.030183227732777596	0.10650131106376648	0.5955771207809448
2291	0.02942568250000477	0.106337770819664	0.5966569781303406
2292	0.03007437102496624	0.106086365878582	0.5986086130142212
2293	0.02883278951048851	0.10594669729471207	0.5997154116630554
2294	0.028926266357302666	0.10583360493183136	0.6005750894546509
2295	0.03000151738524437	0.10572793334722519	0.6015018224716187
2296	0.029407447203993797	0.10556568950414658	0.6016380190849304
2297	0.029608551412820816	0.10545306652784348	0.6012938022613525
2298	0.02963711880147457	0.10544325411319733	0.6005001664161682
2299	0.029556013643741608	0.10546410828828812	0.5996513366699219
2300	0.029446182772517204	0.10544940829277039	0.5998280048370361
2301	0.030155710875988007	0.10543390363454819	0.6005828976631165
2302	0.028651725500822067	0.10545405745506287	0.6010212302207947
2303	0.029558131471276283	0.10551214218139648	0.6012968420982361
2304	0.029490415006875992	0.10555075109004974	0.601784884929657
2305	0.029624296352267265	0.10553030669689178	0.6019725203514099
2306	0.0298210009932518	0.10548511892557144	0.602128803730011
2307	0.02944205142557621	0.10537446290254593	0.6023989915847778
2308	0.029945144429802895	0.10523566603660583	0.6026755571365356
2309	0.029822200536727905	0.10514253377914429	0.6025363802909851
2310	0.029654229059815407	0.10510113835334778	0.6022286415100098
2311	0.029076015576720238	0.10520361363887787	0.6009286046028137
2312	0.029961060732603073	0.1052631065249443	0.6002776026725769
2313	0.02895207516849041	0.10529864579439163	0.59989333152771
2314	0.02926526591181755	0.10527727007865906	0.600088357925415
2315	0.029100682586431503	0.10516372323036194	0.6010034084320068
2316	0.029625603929162025	0.10515249520540237	0.601686418056488
2317	0.029873307794332504	0.10518493503332138	0.6024396419525146
2318	0.029363809153437614	0.10529983043670654	0.6029943227767944
2319	0.030377497896552086	0.10541636496782303	0.6033937931060791
2320	0.028961986303329468	0.10545451939105988	0.6032158136367798
2321	0.028934499248862267	0.10541026294231415	0.6028697490692139
2322	0.02939806506037712	0.10543076694011688	0.6020457744598389
2323	0.029608750715851784	0.10552974045276642	0.6010557413101196
2324	0.029911300167441368	0.10552933812141418	0.600755512714386
2325	0.030085867270827293	0.10558784008026123	0.6002387404441833
2326	0.029452534392476082	0.10566157847642899	0.599934995174408
2327	0.02894691191613674	0.10568929463624954	0.5998294949531555
2328	0.029808033257722855	0.10567415505647659	0.5998988151550293
2329	0.029368415474891663	0.10560355335474014	0.6004267334938049
2330	0.028584379702806473	0.1056210920214653	0.6004881858825684
2331	0.02936704084277153	0.10564983636140823	0.6003960967063904
2332	0.029225938022136688	0.10562139004468918	0.600450336933136
2333	0.029892021790146828	0.10559257119894028	0.6005269885063171
2334	0.030112091451883316	0.1055353581905365	0.6002388000488281
2335	0.029332367703318596	0.10547793656587601	0.5998728275299072
2336	0.029389599338173866	0.10535725951194763	0.5997612476348877
2337	0.029888002201914787	0.10519953072071075	0.6001787185668945
2338	0.02889861725270748	0.104947030544281	0.6013761162757874
2339	0.029172277078032494	0.10468102246522903	0.6031323075294495
2340	0.029055844992399216	0.10451465845108032	0.6041927337646484
2341	0.02944771945476532	0.10438724607229233	0.6051767468452454
2342	0.0300175491720438	0.10442572832107544	0.6054946780204773
2343	0.02969377674162388	0.10452277213335037	0.6053643226623535
2344	0.028420327231287956	0.10467453300952911	0.6048716306686401
2345	0.029383724555373192	0.10482916980981827	0.6046042442321777
2346	0.029413212090730667	0.1049523800611496	0.6041467189788818
2347	0.028406493365764618	0.1050984114408493	0.6031975150108337
2348	0.028795450925827026	0.10520113259553909	0.6023759841918945
2349	0.029855968430638313	0.10524089634418488	0.6016783714294434
2350	0.029337700456380844	0.10523781180381775	0.6017842888832092
2351	0.028713416308164597	0.10519053041934967	0.6022594571113586
2352	0.029325194656848907	0.1051214337348938	0.6023341417312622
2353	0.029740579426288605	0.10504529625177383	0.6023780703544617
2354	0.02946951612830162	0.10500697046518326	0.603043794631958
2355	0.029615826904773712	0.10497387498617172	0.6036930680274963
2356	0.029958341270685196	0.10496386140584946	0.6037816405296326
2357	0.0289671178907156	0.10501334071159363	0.6041052341461182
2358	0.03035774454474449	0.10508516430854797	0.6042113304138184
2359	0.02981802076101303	0.10517441481351852	0.6036328673362732
2360	0.03011872060596943	0.10531817376613617	0.6025797128677368
2361	0.03010721318423748	0.10550276190042496	0.6012904047966003
2362	0.030352557078003883	0.10566459596157074	0.6007997989654541
2363	0.029254302382469177	0.10578754544258118	0.6004472374916077
2364	0.029460309073328972	0.10591628402471542	0.6000388264656067
2365	0.029494578018784523	0.10591353476047516	0.6001051664352417
2366	0.029790328815579414	0.10592325031757355	0.5998779535293579
2367	0.029481349512934685	0.10602371394634247	0.5991597771644592
2368	0.029872389510273933	0.10608556866645813	0.5983073115348816
2369	0.028959576040506363	0.10631588101387024	0.5965635180473328
2370	0.029472418129444122	0.1067165657877922	0.5947965979576111
2371	0.029213260859251022	0.10691393166780472	0.5937864780426025
2372	0.02879958413541317	0.10699241608381271	0.5938399434089661
2373	0.029545236378908157	0.10701411217451096	0.5944679975509644
2374	0.028811205178499222	0.10691995173692703	0.5960071086883545
2375	0.029583267867565155	0.10674918442964554	0.5976427793502808
2376	0.028963014483451843	0.10640192776918411	0.5990272760391235
2377	0.029827943071722984	0.10607609897851944	0.6002597808837891
2378	0.02882334403693676	0.10577749460935593	0.6015944480895996
2379	0.03031180240213871	0.10549803078174591	0.6021614074707031
2380	0.029086541384458542	0.10524806380271912	0.602811872959137
2381	0.029140595346689224	0.10502130538225174	0.6036818027496338
2382	0.029600022360682487	0.10488595068454742	0.6042824983596802
2383	0.0294007770717144	0.10470181703567505	0.6050130724906921
2384	0.030440324917435646	0.1046333909034729	0.6053318977355957
2385	0.02964930050075054	0.10469701141119003	0.6057801246643066
2386	0.02880776859819889	0.10481153428554535	0.6055424809455872
2387	0.030126452445983887	0.10479822754859924	0.6057232618331909
2388	0.03002159669995308	0.10472580045461655	0.6056995391845703
2389	0.029541414231061935	0.10466206073760986	0.6056635975837708
2390	0.028528103604912758	0.10459776222705841	0.6057350635528564
2391	0.02907540276646614	0.10459055751562119	0.6055790781974792
2392	0.029576292261481285	0.10466427356004715	0.6053504347801208
2393	0.02873932011425495	0.104617178440094	0.6056463718414307
2394	0.029311977326869965	0.10452379286289215	0.606268048286438
2395	0.028038503602147102	0.10437782853841782	0.6069026589393616
2396	0.029512042179703712	0.10426940768957138	0.6074378490447998
2397	0.029553700238466263	0.10412826389074326	0.6080482006072998
2398	0.029400035738945007	0.10413246601819992	0.6081229448318481
2399	0.029064230620861053	0.10413188487291336	0.6078495979309082
2400	0.030101517215371132	0.10419513285160065	0.6075988411903381
2401	0.02944534830749035	0.10423175990581512	0.60733562707901
2402	0.02892800234258175	0.10427766293287277	0.6071336269378662
2403	0.028457608073949814	0.10430512577295303	0.606580913066864
2404	0.02921939827501774	0.10430023074150085	0.605954110622406
2405	0.028967173770070076	0.10426587611436844	0.6054841876029968
2406	0.028890354558825493	0.10462719202041626	0.6040669679641724
2407	0.029012396931648254	0.10461355745792389	0.603800892829895
2408	0.029849965125322342	0.10461336374282837	0.6037503480911255
2409	0.029263794422149658	0.1045895367860794	0.6035728454589844
2410	0.02881702594459057	0.1045379713177681	0.603868305683136
2411	0.029471484944224358	0.10458125919103622	0.6034955978393555
2412	0.028658833354711533	0.10467437654733658	0.603102445602417
2413	0.029102563858032227	0.10480012744665146	0.6028041839599609
2414	0.02869366481900215	0.10493990778923035	0.6027113199234009
2415	0.030314704403281212	0.10515470057725906	0.6027405858039856
2416	0.029034972190856934	0.10543787479400635	0.6027336716651917
2417	0.029948880895972252	0.1057012528181076	0.6024615168571472
2418	0.0295292679220438	0.10576773434877396	0.6022473573684692
2419	0.029236719012260437	0.10596960037946701	0.6012806296348572
2420	0.029879851266741753	0.1061151772737503	0.6001155972480774
2421	0.029456954449415207	0.10620246827602386	0.5989633202552795
2422	0.028608249500393867	0.10621567815542221	0.5980517864227295
2423	0.02942095696926117	0.10615605115890503	0.5978127121925354
2424	0.028621690347790718	0.10599624365568161	0.5982468128204346
2425	0.02952900156378746	0.10580150038003922	0.5992331504821777
2426	0.028925105929374695	0.1057017594575882	0.5999158620834351
2427	0.030069056898355484	0.1056496798992157	0.6009294390678406
2428	0.028776103630661964	0.10568345338106155	0.6018097996711731
2429	0.028715386986732483	0.10578173398971558	0.6022065281867981
2430	0.02944864146411419	0.10572274029254913	0.6018610596656799
2431	0.02947881817817688	0.10575922578573227	0.6009591817855835
2432	0.028315892443060875	0.10577134042978287	0.6002629399299622
2433	0.028713906183838844	0.10576920211315155	0.5997081398963928
2434	0.02819082699716091	0.10576945543289185	0.5994099378585815
2435	0.029686715453863144	0.10591071099042892	0.598726212978363
2436	0.02895469404757023	0.10603417456150055	0.5980924963951111
2437	0.028686366975307465	0.10605063289403915	0.597987711429596
2438	0.029044391587376595	0.10599925369024277	0.5981946587562561
2439	0.028924468904733658	0.10592054575681686	0.598701536655426
2440	0.029700633138418198	0.10595367848873138	0.5988807082176208
2441	0.02941034734249115	0.10606875270605087	0.5982048511505127
2442	0.028667155653238297	0.1061331108212471	0.5977200865745544
2443	0.029410969465970993	0.10613669455051422	0.5976651310920715
2444	0.02884283848106861	0.10626968741416931	0.5979147553443909
2445	0.02977665327489376	0.10619236528873444	0.5984443426132202
2446	0.02958960272371769	0.10613597184419632	0.5992509722709656
2447	0.028322694823145866	0.10602282732725143	0.6001785397529602
2448	0.02899620123207569	0.10595662146806717	0.600546658039093
2449	0.02959117665886879	0.10594752430915833	0.6004082560539246
2450	0.02902439795434475	0.10590371489524841	0.6000064611434937
2451	0.028029385954141617	0.10581888258457184	0.5999870896339417
2452	0.02891841158270836	0.10578807443380356	0.5999289751052856
2453	0.02849971130490303	0.10579255223274231	0.6002418398857117
2454	0.027815766632556915	0.1058308407664299	0.600700318813324
2455	0.028852345421910286	0.1059395968914032	0.6005293130874634
2456	0.029435565695166588	0.10608890652656555	0.5999493598937988
2457	0.02827574871480465	0.10611573606729507	0.599860668182373
2458	0.029162613674998283	0.10616173595190048	0.5992498397827148
2459	0.028540099039673805	0.10616838186979294	0.5989794731140137
2460	0.02926032431423664	0.10617468506097794	0.5990034937858582
2461	0.028926905244588852	0.10617668926715851	0.5990646481513977
2462	0.02847105637192726	0.10615018010139465	0.5997327566146851
2463	0.028908608481287956	0.10617608577013016	0.6003637313842773
2464	0.028237268328666687	0.10618207603693008	0.6005618572235107
2465	0.02879333309829235	0.10618244111537933	0.6004809141159058
2466	0.028455473482608795	0.10616926848888397	0.5997507572174072
2467	0.02898375689983368	0.10609550774097443	0.5990068316459656
2468	0.028990913182497025	0.10614781826734543	0.5977581739425659
2469	0.029157565906643867	0.10616938024759293	0.5973109006881714
2470	0.028539715334773064	0.106104277074337	0.5975446105003357
2471	0.028792819008231163	0.10600550472736359	0.5980777740478516
2472	0.028445713222026825	0.106033094227314	0.5980705618858337
2473	0.028969181701540947	0.10607824474573135	0.5983263850212097
2474	0.02875429019331932	0.10606184601783752	0.5988068580627441
2475	0.027728937566280365	0.10600102692842484	0.5993155837059021
2476	0.028958600014448166	0.10603488236665726	0.5995531678199768
2477	0.028631435707211494	0.10602747648954391	0.5998879075050354
2478	0.02901298739016056	0.10599174350500107	0.5995769500732422
2479	0.029785431921482086	0.10593230277299881	0.5993804931640625
2480	0.027979038655757904	0.10593682527542114	0.5987176299095154
2481	0.02846495434641838	0.10580167174339294	0.5990911722183228
2482	0.029845761135220528	0.10550478845834732	0.600842297077179
2483	0.029192239046096802	0.10520759969949722	0.6026031970977783
2484	0.02824673242866993	0.10492502152919769	0.6041519045829773
2485	0.027925465255975723	0.10466969013214111	0.6054399609565735
2486	0.028810963034629822	0.10453402996063232	0.606003999710083
2487	0.02875535562634468	0.10437985509634018	0.6066945791244507
2488	0.030038727447390556	0.1043650209903717	0.6067847609519958
2489	0.028546364977955818	0.10433043539524078	0.606224000453949
2490	0.028647499158978462	0.10441789776086807	0.6052916646003723
2491	0.028371917083859444	0.10450533032417297	0.604651927947998
2492	0.02816912904381752	0.10464644432067871	0.6038204431533813
2493	0.02833106927573681	0.10486699640750885	0.6023238301277161
2494	0.029417261481285095	0.10506951063871384	0.6009179949760437
2495	0.02914745919406414	0.10525863617658615	0.6000182032585144
2496	0.02826804667711258	0.10539571940898895	0.599646270275116
2497	0.028791086748242378	0.10543818026781082	0.6001110076904297
2498	0.028464622795581818	0.10543426126241684	0.6010489463806152
2499	0.028249146416783333	0.10534316301345825	0.6020786762237549
2500	0.02846260368824005	0.10529842227697372	0.602394163608551
2501	0.028068765997886658	0.10529870539903641	0.6018136143684387
2502	0.027832992374897003	0.1053142324090004	0.6011644601821899
2503	0.02797921933233738	0.10535740107297897	0.6006906628608704
2504	0.02745884284377098	0.10533453524112701	0.6008356213569641
2505	0.028382636606693268	0.1053108498454094	0.6013884544372559
2506	0.028732679784297943	0.10531825572252274	0.6018338799476624
2507	0.02863938733935356	0.10524145513772964	0.6026241183280945
2508	0.02946334518492222	0.10527914762496948	0.6028222441673279
2509	0.028556186705827713	0.1052783653140068	0.6032052636146545
2510	0.027544617652893066	0.10527361184358597	0.603378415107727
2511	0.0292797964066267	0.10528133809566498	0.6031097173690796
2512	0.027783967554569244	0.10538587719202042	0.6024748682975769
2513	0.02797829359769821	0.1055631935596466	0.6011931300163269
2514	0.028708184137940407	0.10576561093330383	0.5998501181602478
2515	0.029260220006108284	0.10597255825996399	0.5984314680099487
2516	0.02769194170832634	0.10601498931646347	0.5980896949768066
2517	0.028661737218499184	0.10604165494441986	0.5979868173599243
2518	0.02825753577053547	0.10604766756296158	0.5979254245758057
2519	0.028047773987054825	0.10607071220874786	0.5976174473762512
2520	0.028206631541252136	0.10605191439390182	0.5974881052970886
2521	0.028352634981274605	0.10607393085956573	0.5973107814788818
2522	0.0281659085303545	0.10619048029184341	0.5966957807540894
2523	0.029159754514694214	0.1062031090259552	0.5967624187469482
2524	0.02852141670882702	0.10617968440055847	0.5970170497894287
2525	0.028909288346767426	0.10615674406290054	0.5974782705307007
2526	0.028030982241034508	0.10606149584054947	0.5977299809455872
2527	0.028105996549129486	0.10592953115701675	0.5979284644126892
2528	0.029069948941469193	0.10595060139894485	0.5976121425628662
2529	0.02951423078775406	0.10592065006494522	0.5977662205696106
2530	0.027727127075195312	0.10591747611761093	0.5977417230606079
2531	0.02864607237279415	0.10603144019842148	0.5970420837402344
2532	0.028481485322117805	0.1060260757803917	0.5974370241165161
2533	0.02785293385386467	0.10587579756975174	0.5982321500778198
2534	0.02835383452475071	0.10550777614116669	0.5996975898742676
2535	0.029360007494688034	0.10506201535463333	0.601895272731781
2536	0.028739934787154198	0.10479693114757538	0.603035569190979
2537	0.02827625349164009	0.10472488403320312	0.6032926440238953
2538	0.028416479006409645	0.10476964712142944	0.6035820841789246
2539	0.02752554975450039	0.10480575263500214	0.6032902598381042
2540	0.027609968557953835	0.10478565841913223	0.602815568447113
2541	0.028721030801534653	0.10477009415626526	0.6026270389556885
2542	0.027892515063285828	0.10476308315992355	0.6023933291435242
2543	0.028596267104148865	0.10470348596572876	0.6025781631469727
2544	0.0283924862742424	0.10475615411996841	0.6026719808578491
2545	0.028352972120046616	0.10482753813266754	0.6022709608078003
2546	0.028131168335676193	0.10488085448741913	0.6017444729804993
2547	0.028174974024295807	0.10500910878181458	0.6010129451751709
2548	0.02847050502896309	0.1051030158996582	0.600493311882019
2549	0.02939317747950554	0.105220727622509	0.5996835827827454
2550	0.02803567796945572	0.1053323745727539	0.5992241501808167
2551	0.028098411858081818	0.10533206909894943	0.5995090007781982
2552	0.02759176306426525	0.1052699014544487	0.5998124480247498
2553	0.028651507571339607	0.10513702034950256	0.600462019443512
2554	0.028472745791077614	0.10495192557573318	0.6013503670692444
2555	0.028319355100393295	0.10473883897066116	0.6023258566856384
2556	0.02777099423110485	0.10449809581041336	0.603373110294342
2557	0.02782721444964409	0.10447397828102112	0.6038802862167358
2558	0.028230130672454834	0.1046288013458252	0.6032702326774597
2559	0.028884684666991234	0.10459437966346741	0.6037200689315796
2560	0.028096409514546394	0.10462941229343414	0.6039187908172607
2561	0.02832750603556633	0.1047305166721344	0.6036713719367981
2562	0.02801879495382309	0.10485315322875977	0.6033693552017212
2563	0.02763257920742035	0.10500478744506836	0.6031594276428223
2564	0.029201040044426918	0.1051069125533104	0.6032440066337585
2565	0.02855599671602249	0.10520803928375244	0.6030842065811157
2566	0.02940749004483223	0.10527488589286804	0.6025175452232361
2567	0.028096869587898254	0.10534277558326721	0.6018935441970825
2568	0.028386211022734642	0.10540498048067093	0.6008315682411194
2569	0.028180992230772972	0.10547889769077301	0.5998970866203308
2570	0.02845938876271248	0.10551039129495621	0.599351704120636
2571	0.028702102601528168	0.1054195910692215	0.5996763110160828
2572	0.02883312851190567	0.10526726394891739	0.6012274026870728
2573	0.0281407181173563	0.10525905340909958	0.6025155186653137
2574	0.028441648930311203	0.10527898371219635	0.6031525731086731
2575	0.02790132723748684	0.10527154803276062	0.6031847596168518
2576	0.028959907591342926	0.10521911084651947	0.6029471755027771
2577	0.029036592692136765	0.10512559115886688	0.6025166511535645
2578	0.027254700660705566	0.1050114780664444	0.6022912263870239
2579	0.02831392176449299	0.1049041822552681	0.6020577549934387
2580	0.029007434844970703	0.10499031841754913	0.6009954810142517
2581	0.02778644673526287	0.10503866523504257	0.6004695892333984
2582	0.02814699336886406	0.10464031249284744	0.6014367938041687
2583	0.028364116325974464	0.1045709177851677	0.6020306348800659
2584	0.028628865256905556	0.10448785871267319	0.6032829284667969
2585	0.028451375663280487	0.10449937731027603	0.6045777201652527
2586	0.028708048164844513	0.10447515547275543	0.6056067943572998
2587	0.028843672946095467	0.1045341044664383	0.6062203645706177
2588	0.02897999808192253	0.104588583111763	0.6061111092567444
2589	0.028474649414420128	0.10468348860740662	0.6054728031158447
2590	0.028585368767380714	0.10475528985261917	0.6043305993080139
2591	0.027854889631271362	0.10489547252655029	0.6026375889778137
2592	0.027616892009973526	0.10514843463897705	0.6006479263305664
2593	0.027642862871289253	0.1053992211818695	0.5990616083145142
2594	0.028322609141469002	0.10544415563344955	0.5989184379577637
2595	0.028147393837571144	0.10538744926452637	0.5994118452072144
2596	0.028317265212535858	0.10535997897386551	0.6001909375190735
2597	0.028512749820947647	0.10526084899902344	0.6014621257781982
2598	0.028459351509809494	0.10517975687980652	0.6023595929145813
2599	0.02763376384973526	0.10510818660259247	0.6024894118309021
2600	0.029221083968877792	0.10492470115423203	0.6027049422264099
2601	0.02860993705689907	0.10532627254724503	0.6007565259933472
2602	0.027933668345212936	0.10544280707836151	0.5991404056549072
2603	0.028546983376145363	0.10559644550085068	0.5972881317138672
2604	0.027641484513878822	0.10580716282129288	0.5956317186355591
2605	0.02766444720327854	0.10587270557880402	0.595222532749176
2606	0.028800223022699356	0.10582630336284637	0.5957236289978027
2607	0.02801770530641079	0.10565553605556488	0.597192108631134
2608	0.02809704653918743	0.10550037771463394	0.5985426306724548
2609	0.028040513396263123	0.10534118860960007	0.6000648140907288
2610	0.028223317116498947	0.10508468002080917	0.601854145526886
2611	0.028386609628796577	0.10489895194768906	0.6034612059593201
2612	0.028769375756382942	0.10484042763710022	0.6043200492858887
2613	0.027645990252494812	0.10474365204572678	0.6052669286727905
2614	0.027958044782280922	0.10468979179859161	0.6049618124961853
2615	0.02799214795231819	0.10464774817228317	0.6042248606681824
2616	0.027944769710302353	0.10472019761800766	0.6027382016181946
2617	0.027414830401539803	0.10488824546337128	0.6008722186088562
2618	0.02728745900094509	0.10515815019607544	0.5991227030754089
2619	0.028271732851862907	0.10530725121498108	0.5985193848609924
2620	0.027864787727594376	0.10531049966812134	0.5986014604568481
2621	0.02754063904285431	0.10489822179079056	0.600067138671875
2622	0.026874559000134468	0.10484860837459564	0.6009373664855957
2623	0.02846265397965908	0.10490962862968445	0.6016166806221008
2624	0.02769327722489834	0.10502728819847107	0.6019840240478516
2625	0.028575392439961433	0.10515359044075012	0.6021567583084106
2626	0.027739737182855606	0.10520585626363754	0.6019172072410583
2627	0.02844340167939663	0.10511943697929382	0.6011698842048645
2628	0.028011711314320564	0.10512322187423706	0.6001430749893188
2629	0.02870255708694458	0.10521308332681656	0.598706066608429
2630	0.02754637785255909	0.10528735816478729	0.5978032350540161
2631	0.028313569724559784	0.10528737306594849	0.5975765585899353
2632	0.027694890275597572	0.10526743531227112	0.5976032018661499
2633	0.02880694717168808	0.10516870021820068	0.5986120700836182
2634	0.028440069407224655	0.10513975471258163	0.5996499061584473
2635	0.028506629168987274	0.10522740334272385	0.6001685857772827
2636	0.028558894991874695	0.10533919930458069	0.6008122563362122
2637	0.027931133285164833	0.10545285046100616	0.6012469530105591
2638	0.027878152206540108	0.10546043515205383	0.6012442708015442
2639	0.028175991028547287	0.1053815558552742	0.6006426811218262
2640	0.028093567118048668	0.10524655878543854	0.6001589894294739
2641	0.02739895135164261	0.1051805317401886	0.5998378396034241
2642	0.028470270335674286	0.10515395551919937	0.5999444127082825
2643	0.02827153541147709	0.10524772107601166	0.5997781753540039
2644	0.028541522100567818	0.10546576976776123	0.5990867614746094
2645	0.02871268056333065	0.10565610975027084	0.5982381105422974
2646	0.028063703328371048	0.10572808980941772	0.5980199575424194
2647	0.027970606461167336	0.10574159771203995	0.5983686447143555
2648	0.02793719805777073	0.1057710275053978	0.5990534424781799
2649	0.02842625044286251	0.10572106391191483	0.5995937585830688
2650	0.028367215767502785	0.10557280480861664	0.6002368330955505
2651	0.02789832465350628	0.10532734543085098	0.6008806228637695
2652	0.02721737138926983	0.10507257282733917	0.6013587117195129
2653	0.028649868443608284	0.10492604970932007	0.6016218066215515
2654	0.02833360806107521	0.1048089861869812	0.602249264717102
2655	0.027877064421772957	0.1046992838382721	0.6028739213943481
2656	0.027625147253274918	0.10468151420354843	0.6029616594314575
2657	0.026881063356995583	0.10467663407325745	0.6027963757514954
2658	0.02785833366215229	0.1046864464879036	0.6023851037025452
2659	0.028133941814303398	0.10469289124011993	0.602013111114502
2660	0.028498545289039612	0.10472159087657928	0.6013783812522888
2661	0.028138596564531326	0.10479603707790375	0.6009795069694519
2662	0.028399299830198288	0.10485957562923431	0.6008331179618835
2663	0.027958117425441742	0.10496007651090622	0.6007899045944214
2664	0.02832784317433834	0.10513842105865479	0.60076904296875
2665	0.027660558000206947	0.10527487099170685	0.6006014943122864
2666	0.02784421667456627	0.10543980449438095	0.6002081632614136
2667	0.02708766981959343	0.10548800975084305	0.5999188423156738
2668	0.027164964005351067	0.10560189187526703	0.599176824092865
2669	0.02742585353553295	0.10567488521337509	0.5987071394920349
2670	0.028765158727765083	0.10574847459793091	0.5985551476478577
2671	0.028828231617808342	0.10571833699941635	0.5990111231803894
2672	0.027207236737012863	0.10568107664585114	0.5995283722877502
2673	0.028552956879138947	0.10573931783437729	0.599933922290802
2674	0.02764328569173813	0.10567878931760788	0.600314199924469
2675	0.027997411787509918	0.10565192252397537	0.6005120873451233
2676	0.027645641937851906	0.10558601468801498	0.6005312204360962
2677	0.028192993253469467	0.10549762099981308	0.600350022315979
2678	0.028015006333589554	0.10533153265714645	0.6004804372787476
2679	0.02728041633963585	0.10513371229171753	0.6006326079368591
2680	0.027977993711829185	0.10497201234102249	0.6007345914840698
2681	0.027526259422302246	0.1048922911286354	0.6005347967147827
2682	0.02757900021970272	0.10484650731086731	0.6006869077682495
2683	0.026822425425052643	0.10486558079719543	0.6002388596534729
2684	0.027213208377361298	0.10491815209388733	0.5998784303665161
2685	0.027222732082009315	0.10495981574058533	0.599798858165741
2686	0.02745274268090725	0.10501217842102051	0.5997284650802612
2687	0.027823252603411674	0.10507600754499435	0.6001297831535339
2688	0.027683479711413383	0.10515091568231583	0.6002223491668701
2689	0.028165198862552643	0.10518770664930344	0.6002405881881714
2690	0.02709297463297844	0.10515011847019196	0.6004743576049805
2691	0.027624424546957016	0.10506905615329742	0.6004428863525391
2692	0.027397988364100456	0.10494731366634369	0.6010918021202087
2693	0.02769555151462555	0.10482312738895416	0.6015684604644775
2694	0.027209559455513954	0.10464296489953995	0.6025502681732178
2695	0.02877121977508068	0.10456731915473938	0.6035681366920471
2696	0.02730410359799862	0.10456512868404388	0.6044383645057678
2697	0.027419865131378174	0.10466459393501282	0.6046240329742432
2698	0.02839851938188076	0.10472775995731354	0.6042076945304871
2699	0.02698766067624092	0.10482653230428696	0.6024757027626038
2700	0.027194419875741005	0.10497914999723434	0.6003687977790833
2701	0.027352185919880867	0.10520290583372116	0.5981845855712891
2702	0.028415607288479805	0.10554587095975876	0.5959171056747437
2703	0.02732498198747635	0.10576952993869781	0.5948578119277954
2704	0.027750205248594284	0.10570770502090454	0.595582127571106
2705	0.02737005427479744	0.10550929605960846	0.597282350063324
2706	0.027736393734812737	0.10522226989269257	0.5991791486740112
2707	0.02807149849832058	0.10487281531095505	0.6016570329666138
2708	0.027246937155723572	0.1045905202627182	0.6031001210212708
2709	0.027533430606126785	0.10439905524253845	0.6040578484535217
2710	0.02676355093717575	0.10428214818239212	0.6044204831123352
2711	0.027596021071076393	0.1041921004652977	0.604909360408783
2712	0.027140531688928604	0.10420062392950058	0.6047937273979187
2713	0.027511049062013626	0.10435149818658829	0.6040599346160889
2714	0.02724638767540455	0.10448120534420013	0.6036915183067322
2715	0.027020065113902092	0.10466428101062775	0.6031058430671692
2716	0.027128424495458603	0.10477057844400406	0.6021561026573181
2717	0.028048601001501083	0.1048978939652443	0.6015064716339111
2718	0.02834423817694187	0.10500143468379974	0.6011994481086731
2719	0.026649432256817818	0.10503707081079483	0.6009032130241394
2720	0.027985254302620888	0.10526634752750397	0.5999085307121277
2721	0.027854105457663536	0.10539277642965317	0.5995023250579834
2722	0.02760498784482479	0.10548011213541031	0.5992105007171631
2723	0.027875950559973717	0.10548239946365356	0.5995317101478577
2724	0.027202339842915535	0.1054578423500061	0.5994970202445984
2725	0.02787741646170616	0.10534485429525375	0.5999030470848083
2726	0.028378179296851158	0.10513319820165634	0.6006496548652649
2727	0.0278616975992918	0.1049404963850975	0.6014961004257202
2728	0.027541201561689377	0.10480546951293945	0.6017336249351501
2729	0.027273045852780342	0.10468757897615433	0.6016865372657776
2730	0.027010971680283546	0.10458294302225113	0.6019249558448792
2731	0.02747623436152935	0.10450181365013123	0.6021314859390259
2732	0.02823609486222267	0.10445116460323334	0.6023616194725037
2733	0.02696053311228752	0.10434552282094955	0.6030484437942505
2734	0.027503948658704758	0.10430371761322021	0.6037434935569763
2735	0.026898393407464027	0.10430087149143219	0.6045559048652649
2736	0.027656633406877518	0.10433286428451538	0.6047845482826233
2737	0.026992127299308777	0.10443124920129776	0.6044461727142334
2738	0.027077767997980118	0.10454064607620239	0.6037027835845947
2739	0.027388233691453934	0.10453477501869202	0.6030871868133545
2740	0.02679464779794216	0.10451965779066086	0.6027290225028992
2741	0.027890490368008614	0.1044793426990509	0.6023346185684204
2742	0.027465052902698517	0.10448462516069412	0.6018160581588745
2743	0.02789062075316906	0.10452333837747574	0.6014255285263062
2744	0.02719707414507866	0.10447486490011215	0.6015161275863647
2745	0.027605177834630013	0.10440648347139359	0.6017921566963196
2746	0.027768488973379135	0.10432305186986923	0.6024132370948792
2747	0.02773381769657135	0.10425058007240295	0.6033213138580322
2748	0.027763690799474716	0.1042204201221466	0.6040856838226318
2749	0.027378736063838005	0.10420586168766022	0.6047701239585876
2750	0.027965424582362175	0.10426702350378036	0.6050634980201721
2751	0.027469150722026825	0.10426954925060272	0.6054765582084656
2752	0.02702680043876171	0.10429196804761887	0.605017364025116
2753	0.026789041236042976	0.10438550263643265	0.6034902930259705
2754	0.028193874284625053	0.10433383285999298	0.6027606129646301
2755	0.027124041691422462	0.10433416068553925	0.6025300025939941
2756	0.02656952477991581	0.10425873845815659	0.6029285788536072
2757	0.027852868661284447	0.10423544049263	0.6033844947814941
2758	0.02702287957072258	0.10421023517847061	0.603715181350708
2759	0.027340084314346313	0.10420737415552139	0.6041655540466309
2760	0.02832563780248165	0.1042134240269661	0.6047471165657043
2761	0.026863867416977882	0.1042676493525505	0.6050451397895813
2762	0.027254363521933556	0.1043388843536377	0.6049037575721741
2763	0.026637975126504898	0.10439298301935196	0.6043797731399536
2764	0.02712983265519142	0.10448575019836426	0.6039538383483887
2765	0.027843350544571877	0.1046048104763031	0.6040148735046387
2766	0.027544861659407616	0.1046774834394455	0.6036612391471863
2767	0.027149995788931847	0.10473793745040894	0.603071928024292
2768	0.027758553624153137	0.10481803119182587	0.6024042367935181
2769	0.027335360646247864	0.10485431551933289	0.6020777821540833
2770	0.027497220784425735	0.10492496937513351	0.6016777753829956
2771	0.02720862254500389	0.10487455129623413	0.6018134355545044
2772	0.028600184246897697	0.1047961637377739	0.6019406914710999
2773	0.027082398533821106	0.10468947887420654	0.6024141907691956
2774	0.02712388150393963	0.10463539510965347	0.6025850176811218
2775	0.027684355154633522	0.1044631376862526	0.6029911637306213
2776	0.027138808742165565	0.10430663079023361	0.6033123731613159
2777	0.028010964393615723	0.10415615886449814	0.6036854386329651
2778	0.028087478131055832	0.10400496423244476	0.6043497323989868
2779	0.026980042457580566	0.1037588119506836	0.6056085228919983
2780	0.027253860607743263	0.10355817526578903	0.6068345904350281
2781	0.02714422158896923	0.10349415242671967	0.6076063513755798
2782	0.02775702439248562	0.10348495841026306	0.6080450415611267
2783	0.02634861133992672	0.10361793637275696	0.6078415513038635
2784	0.026871826499700546	0.10377068817615509	0.6074260473251343
2785	0.02691398188471794	0.10398337990045547	0.6065925359725952
2786	0.0273540411144495	0.10414385795593262	0.6058787703514099
2787	0.02750244550406933	0.10434643924236298	0.6050035357475281
2788	0.026698468253016472	0.10458182543516159	0.6035164594650269
2789	0.02657974511384964	0.10476863384246826	0.6019389629364014
2790	0.02805434912443161	0.10496339946985245	0.6003809571266174
2791	0.027258627116680145	0.1051778644323349	0.5985592007637024
2792	0.028431743383407593	0.10536133497953415	0.5972692370414734
2793	0.026766033843159676	0.10554424673318863	0.5961257815361023
2794	0.027081521227955818	0.10568471252918243	0.5955782532691956
2795	0.027121393010020256	0.10567449033260345	0.5957927107810974
2796	0.02705562673509121	0.10557972639799118	0.5965343117713928
2797	0.027666011825203896	0.10552504658699036	0.5984286069869995
2798	0.02769957296550274	0.10511764883995056	0.6019243001937866
2799	0.02727378159761429	0.10503564029932022	0.6029579043388367
2800	0.02779632993042469	0.10490953922271729	0.6035692691802979
2801	0.02690335549414158	0.10476338863372803	0.6033117771148682
2802	0.02767704799771309	0.10456890612840652	0.6030805110931396
2803	0.026836300268769264	0.10447077453136444	0.6028473377227783
2804	0.028268665075302124	0.10436976701021194	0.602168619632721
2805	0.02715637907385826	0.10421650111675262	0.6015803217887878
2806	0.02748298831284046	0.10425033420324326	0.6009748578071594
2807	0.026788752526044846	0.10414761304855347	0.6012713313102722
2808	0.027671189978718758	0.10388454794883728	0.6027050018310547
2809	0.027233390137553215	0.10385496914386749	0.6036567687988281
2810	0.027830801904201508	0.10376027971506119	0.6046876311302185
2811	0.027106722816824913	0.10373005270957947	0.6052592992782593
2812	0.026930753141641617	0.10367970168590546	0.6058303117752075
2813	0.027153238654136658	0.10367274284362793	0.6061500906944275
2814	0.02753724716603756	0.10364151746034622	0.6061409711837769
2815	0.028206905350089073	0.10368630290031433	0.6053349375724792
2816	0.028018929064273834	0.10367505997419357	0.6046321988105774
2817	0.026836076751351357	0.1037522405385971	0.6034901142120361
2818	0.027726557105779648	0.1037326529622078	0.6029961109161377
2819	0.02758770063519478	0.10370159149169922	0.6028183102607727
2820	0.027658632025122643	0.10370753705501556	0.6026860475540161
2821	0.026147233322262764	0.10369230806827545	0.6030813455581665
2822	0.02791258506476879	0.10368779301643372	0.6040782928466797
2823	0.027937205508351326	0.10376091301441193	0.6050870418548584
2824	0.02796308882534504	0.10389354825019836	0.6052546501159668
2825	0.02818310633301735	0.1039920225739479	0.6049787402153015
2826	0.027763420715928078	0.10412885993719101	0.6040779948234558
2827	0.026755809783935547	0.10422255843877792	0.6036896705627441
2828	0.027194686233997345	0.10436994582414627	0.6026627421379089
2829	0.02731500379741192	0.10441570729017258	0.6020429730415344
2830	0.02696310169994831	0.10444696247577667	0.6013379693031311
2831	0.027158651500940323	0.10470380634069443	0.5997740626335144
2832	0.02746226079761982	0.10486333817243576	0.5987027883529663
2833	0.027003390714526176	0.1047370433807373	0.5996188521385193
2834	0.027104299515485764	0.10461404919624329	0.6009026169776917
2835	0.02730727754533291	0.10458708554506302	0.6018486618995667
2836	0.02719850465655327	0.10457904636859894	0.6027540564537048
2837	0.02717778831720352	0.10463028401136398	0.602423906326294
2838	0.026296988129615784	0.10462971776723862	0.6024155020713806
2839	0.027143945917487144	0.10462889075279236	0.6020166873931885
2840	0.026760481297969818	0.10463723540306091	0.6013293266296387
2841	0.02702402137219906	0.10465288162231445	0.6006302833557129
2842	0.026664644479751587	0.1046684980392456	0.6004542708396912
2843	0.02656429074704647	0.10462871193885803	0.6004078984260559
2844	0.026263941079378128	0.10466797649860382	0.600310206413269
2845	0.027611397206783295	0.10476141422986984	0.5998750329017639
2846	0.027383632957935333	0.1048000380396843	0.5998851656913757
2847	0.026638591662049294	0.10458173602819443	0.6011092066764832
2848	0.02777096815407276	0.1046057790517807	0.6011202931404114
2849	0.02718372642993927	0.10466072708368301	0.6011054515838623
2850	0.02693711780011654	0.10465443879365921	0.6016165614128113
2851	0.02662494219839573	0.10464468598365784	0.6022442579269409
2852	0.027302077040076256	0.10457684844732285	0.6028085947036743
2853	0.027829095721244812	0.10449790954589844	0.6028488874435425
2854	0.027374278753995895	0.10438840091228485	0.6030935049057007
2855	0.026467017829418182	0.10423590242862701	0.6033025979995728
2856	0.02694946900010109	0.10425803810358047	0.6028434038162231
2857	0.027788396924734116	0.10429323464632034	0.6022669672966003
2858	0.02665531262755394	0.10436275601387024	0.6017387509346008
2859	0.02766134962439537	0.10447338968515396	0.601248025894165
2860	0.026870669797062874	0.10491403192281723	0.5991617441177368
2861	0.02712251991033554	0.10493842512369156	0.5995875000953674
2862	0.027363155037164688	0.10492634773254395	0.5998789072036743
2863	0.027334365993738174	0.10500884056091309	0.6004486083984375
2864	0.026514265686273575	0.10499643534421921	0.6009077429771423
2865	0.02775447815656662	0.10496987402439117	0.6013413667678833
2866	0.026738381013274193	0.10492689907550812	0.6012998819351196
2867	0.026962559670209885	0.10488858073949814	0.6010832786560059
2868	0.02637653611600399	0.10488325357437134	0.6004679203033447
2869	0.027341118082404137	0.104943186044693	0.5996963977813721
2870	0.027106214314699173	0.10507100820541382	0.5989547371864319
2871	0.027113821357488632	0.10517977178096771	0.5984465479850769
2872	0.026574479416012764	0.10522537678480148	0.5982703566551208
2873	0.02739640511572361	0.10524193942546844	0.5981746912002563
2874	0.027513060718774796	0.10535624623298645	0.5977641344070435
2875	0.026821304112672806	0.1052805557847023	0.5981602668762207
2876	0.027643468230962753	0.10522634536027908	0.5987374186515808
2877	0.02700074389576912	0.10518429428339005	0.5991970300674438
2878	0.02696886472404003	0.10520387440919876	0.598969578742981
2879	0.0266300980001688	0.1051672175526619	0.5984216332435608
2880	0.0275729913264513	0.10523556917905807	0.5975828170776367
2881	0.027402862906455994	0.10532264411449432	0.5970392823219299
2882	0.027073437348008156	0.10540222376585007	0.5967105627059937
2883	0.02712472341954708	0.10556003451347351	0.5963173508644104
2884	0.028537845239043236	0.10577696561813354	0.5956869125366211
2885	0.026508700102567673	0.10597570240497589	0.5948659777641296
2886	0.027598390355706215	0.10586288571357727	0.5955540537834167
2887	0.027107002213597298	0.10567674785852432	0.5968995094299316
2888	0.026613805443048477	0.10552218556404114	0.5983244776725769
2889	0.02690371684730053	0.10522279143333435	0.6001362204551697
2890	0.026954932138323784	0.1049499586224556	0.6014435887336731
2891	0.027470896020531654	0.10472841560840607	0.6021190285682678
2892	0.02671443484723568	0.10467634350061417	0.6018681526184082
2893	0.026975611224770546	0.10475073754787445	0.6010065078735352
2894	0.027066724374890327	0.10482732206583023	0.6000736355781555
2895	0.026781832799315453	0.10496777296066284	0.5986034870147705
2896	0.026829645037651062	0.1051066666841507	0.5971853733062744
2897	0.026895353570580482	0.1051313728094101	0.5964963436126709
2898	0.026929045096039772	0.1050354465842247	0.5969041585922241
2899	0.026783864945173264	0.1049506887793541	0.5976120829582214
2900	0.027297597378492355	0.10489819198846817	0.5986170768737793
2901	0.026712557300925255	0.10494798421859741	0.5995096564292908
2902	0.02713918313384056	0.1050262525677681	0.6000897288322449
2903	0.027089344337582588	0.1050746962428093	0.6001309156417847
2904	0.02721463143825531	0.10508440434932709	0.6003934144973755
2905	0.02658510021865368	0.1049971878528595	0.600266695022583
2906	0.026670774444937706	0.10493510216474533	0.5994126200675964
2907	0.02677343413233757	0.10494693368673325	0.5983589887619019
2908	0.02722402848303318	0.10498496890068054	0.5974328517913818
2909	0.026787910610437393	0.10505633801221848	0.5969869494438171
2910	0.027699848636984825	0.10502222925424576	0.597241997718811
2911	0.027250414714217186	0.10487149655818939	0.5984441041946411
2912	0.027000978589057922	0.10470711439847946	0.6002220511436462
2913	0.02696644701063633	0.10463118553161621	0.6018015146255493
2914	0.02732522040605545	0.10469779372215271	0.6028042435646057
2915	0.026694349944591522	0.10490472614765167	0.6029006242752075
2916	0.02700665406882763	0.1051097959280014	0.6025493741035461
2917	0.026245858520269394	0.10523107647895813	0.6015225648880005
2918	0.027529167011380196	0.10526598989963531	0.5996761918067932
2919	0.02762719988822937	0.10532223433256149	0.5979776382446289
2920	0.026756947860121727	0.10539191961288452	0.5964821577072144
2921	0.02650933712720871	0.10544515401124954	0.5956388711929321
2922	0.027089834213256836	0.10547764599323273	0.5953691005706787
2923	0.02702593430876732	0.10546377301216125	0.5957627892494202
2924	0.026667200028896332	0.105394147336483	0.5967883467674255
2925	0.027193879708647728	0.10526873171329498	0.5983887910842896
2926	0.027142951264977455	0.10519972443580627	0.599787712097168
2927	0.026434121653437614	0.10509443283081055	0.6012040972709656
2928	0.026061829179525375	0.10508070141077042	0.6016170382499695
2929	0.02675248682498932	0.10501398891210556	0.6018921136856079
2930	0.02614191174507141	0.10491308569908142	0.6015782952308655
2931	0.026104535907506943	0.10496273636817932	0.6004056930541992
2932	0.0263078510761261	0.105015330016613	0.599310576915741
2933	0.026680508628487587	0.10513149946928024	0.5980888605117798
2934	0.02713015116751194	0.10513041913509369	0.5976178050041199
2935	0.027221303433179855	0.10507062077522278	0.5978662371635437
2936	0.027049483731389046	0.10498660057783127	0.5984430313110352
2937	0.02701350674033165	0.10491704940795898	0.5992530584335327
2938	0.027010362595319748	0.104896679520607	0.6000510454177856
2939	0.026478566229343414	0.10479165613651276	0.6013967394828796
2940	0.02677932009100914	0.10472367703914642	0.6022292971611023
2941	0.027197740972042084	0.10471828281879425	0.6024094223976135
2942	0.025664428249001503	0.10469885170459747	0.6021859049797058
2943	0.02800857089459896	0.1047210693359375	0.6019428372383118
2944	0.026501713320612907	0.10482894629240036	0.6014657616615295
2945	0.025998331606388092	0.10490501672029495	0.6009321808815002
2946	0.026622990146279335	0.10502836108207703	0.6004233360290527
2947	0.026181893423199654	0.1051333099603653	0.5999879240989685
2948	0.02680300362408161	0.10518401116132736	0.599807858467102
2949	0.02688082866370678	0.10532045364379883	0.5991053581237793
2950	0.026519911363720894	0.10545758903026581	0.5981519222259521
2951	0.027720019221305847	0.10561227798461914	0.5974433422088623
2952	0.027019264176487923	0.10571233183145523	0.5967566967010498
2953	0.027338914573192596	0.10569403320550919	0.5969782471656799
2954	0.026721645146608353	0.1055951938033104	0.5969671010971069
2955	0.026249494403600693	0.10541664063930511	0.5970881581306458
2956	0.026545725762844086	0.10522475838661194	0.5975674390792847
2957	0.02630758285522461	0.10499291121959686	0.598373532295227
2958	0.02622341364622116	0.10483342409133911	0.598993182182312
2959	0.027168679982423782	0.10464482754468918	0.6000683307647705
2960	0.026303404942154884	0.1045588031411171	0.6009218096733093
2961	0.027061428874731064	0.10448988527059555	0.6020156145095825
2962	0.02580045908689499	0.10442037880420685	0.6034021377563477
2963	0.02728096768260002	0.10443316400051117	0.6039128303527832
2964	0.026913320645689964	0.10437767952680588	0.6040554046630859
2965	0.02725484035909176	0.10437889397144318	0.603651762008667
2966	0.026535989716649055	0.10448484122753143	0.6023727059364319
2967	0.026521669700741768	0.10456845164299011	0.6012517809867859
2968	0.026368772611021996	0.10470210760831833	0.5997557640075684
2969	0.026015445590019226	0.10489019006490707	0.5981183052062988
2970	0.026831965893507004	0.10505099594593048	0.5969712138175964
2971	0.02715623751282692	0.10506704449653625	0.5971401929855347
2972	0.02704845741391182	0.10496070981025696	0.5982624888420105
2973	0.026361078023910522	0.10493201017379761	0.5994653105735779
2974	0.02604258619248867	0.1049322560429573	0.6005390286445618
2975	0.026509461924433708	0.10499689728021622	0.6005142331123352
