epoch	train_loss	test_loss	test_metric
0	0.19390170276165009	0.19875749945640564	-0.007210001349449158
1	0.1864941418170929	0.19232749938964844	0.028199756518006325
2	0.18121717870235443	0.18650144338607788	0.062129661440849304
3	0.1771361082792282	0.18180084228515625	0.08737685531377792
4	0.17342698574066162	0.1777530461549759	0.1088438630104065
5	0.17024560272693634	0.17380180954933167	0.12910281121730804
6	0.16761785745620728	0.17011870443820953	0.14720866084098816
7	0.16431447863578796	0.16651907563209534	0.16490909457206726
8	0.16165302693843842	0.1631908118724823	0.18000730872154236
9	0.15970978140830994	0.16015933454036713	0.1930246502161026
10	0.1575581431388855	0.15733082592487335	0.20555710792541504
11	0.15564753115177155	0.15462571382522583	0.21759599447250366
12	0.1531112790107727	0.15209892392158508	0.2284897118806839
13	0.1514531672000885	0.14967820048332214	0.23945942521095276
14	0.1495484709739685	0.1473928987979889	0.24963755905628204
15	0.14844323694705963	0.1451796591281891	0.2596268355846405
16	0.14658114314079285	0.14309698343276978	0.26948678493499756
17	0.1447976529598236	0.1410498023033142	0.279756635427475
18	0.14401090145111084	0.13909369707107544	0.2899186909198761
19	0.14194639027118683	0.13732559978961945	0.2996892035007477
20	0.1402527540922165	0.13564620912075043	0.3087310492992401
21	0.1394375115633011	0.134022518992424	0.3179655075073242
22	0.13816268742084503	0.13245125114917755	0.3269576132297516
23	0.13816505670547485	0.13105180859565735	0.3350835144519806
24	0.13703203201293945	0.12967540323734283	0.34342262148857117
25	0.13579970598220825	0.12833881378173828	0.3515481650829315
26	0.13510729372501373	0.1271214336156845	0.35936442017555237
27	0.13426458835601807	0.12596312165260315	0.36748871207237244
28	0.13276974856853485	0.12487436085939407	0.3747199773788452
29	0.13218234479427338	0.12380135804414749	0.38212069869041443
30	0.1316014677286148	0.12276550382375717	0.3895232677459717
31	0.1303025484085083	0.12175538390874863	0.3969077467918396
32	0.1305747777223587	0.12077784538269043	0.4043082296848297
33	0.1296354979276657	0.11986066401004791	0.4113236665725708
34	0.12861435115337372	0.11898626387119293	0.4181691110134125
35	0.12856774032115936	0.11815494298934937	0.4245798587799072
36	0.127996563911438	0.11731892824172974	0.4312726557254791
37	0.1277303546667099	0.11654742062091827	0.4373798370361328
38	0.12666118144989014	0.11581967771053314	0.44338369369506836
39	0.12653477489948273	0.11518612504005432	0.4486101269721985
40	0.12632904946804047	0.11464075744152069	0.4530791640281677
41	0.12535448372364044	0.11406750231981277	0.45794007182121277
42	0.12475253641605377	0.11361179500818253	0.46169665455818176
43	0.12405585497617722	0.11315692961215973	0.4654358923435211
44	0.12395598739385605	0.11271191388368607	0.4690355360507965
45	0.12379029393196106	0.11229677498340607	0.4726587235927582
46	0.12254833430051804	0.11192606389522552	0.4758075475692749
47	0.1232319250702858	0.11156512796878815	0.4788168966770172
48	0.12233451008796692	0.11125557869672775	0.481458455324173
49	0.12118396162986755	0.11093740910291672	0.4839240312576294
50	0.12255153059959412	0.1106661781668663	0.48604458570480347
51	0.12107481062412262	0.11036272346973419	0.48846155405044556
52	0.1216144859790802	0.11009562015533447	0.49069494009017944
53	0.11920814961194992	0.10978657752275467	0.49306684732437134
54	0.11933575570583344	0.10945037007331848	0.49524396657943726
55	0.1204361841082573	0.10898108035326004	0.4979933202266693
56	0.11850734055042267	0.10865213721990585	0.5003188252449036
57	0.1188940554857254	0.10829681903123856	0.5031760334968567
58	0.11960630118846893	0.10804731398820877	0.5051485896110535
59	0.11910295486450195	0.10780981928110123	0.5072110891342163
60	0.1189836785197258	0.10764830559492111	0.5086211562156677
61	0.11837104707956314	0.10749854147434235	0.5095367431640625
62	0.117259182035923	0.10737378895282745	0.510591983795166
63	0.11808846145868301	0.10725919902324677	0.5113275647163391
64	0.11806826293468475	0.10720974951982498	0.511968195438385
65	0.11647775024175644	0.10714220255613327	0.5126932859420776
66	0.11712726950645447	0.10706336796283722	0.5133851766586304
67	0.11622878909111023	0.10697385668754578	0.5144171118736267
68	0.11509492248296738	0.10679783672094345	0.5155710577964783
69	0.11557796597480774	0.10649169981479645	0.5173169374465942
70	0.11598078906536102	0.10624969750642776	0.5184606313705444
71	0.11606921255588531	0.10597269982099533	0.5197805166244507
72	0.11467591673135757	0.1056799441576004	0.5213215947151184
73	0.11522899568080902	0.1054057702422142	0.5227699279785156
74	0.11473259329795837	0.10516679286956787	0.5240122079849243
75	0.11404354870319366	0.10495248436927795	0.5251166224479675
76	0.11332329362630844	0.10476025938987732	0.5263728499412537
77	0.11236993968486786	0.10459740459918976	0.5273891687393188
78	0.11401509493589401	0.10449913144111633	0.528159499168396
79	0.11367493867874146	0.1043887659907341	0.528907060623169
80	0.11285034567117691	0.10425499081611633	0.5296646356582642
81	0.11318396776914597	0.10392580926418304	0.5317409038543701
82	0.11220011860132217	0.10380025953054428	0.5324140787124634
83	0.11173393577337265	0.10366091132164001	0.5331789255142212
84	0.11236733943223953	0.10352282971143723	0.5338805913925171
85	0.1112440973520279	0.10339947044849396	0.5343632102012634
86	0.11256977915763855	0.10325770825147629	0.5349611043930054
87	0.11149804294109344	0.10323964804410934	0.5351662635803223
88	0.11179935187101364	0.10313521325588226	0.5359593033790588
89	0.11113131046295166	0.10305669903755188	0.5365564227104187
90	0.1104220449924469	0.10286116600036621	0.5374232530593872
91	0.11033950746059418	0.10286232084035873	0.5370322465896606
92	0.11003641039133072	0.10272812843322754	0.537746250629425
93	0.11021097004413605	0.10257819294929504	0.5385023355484009
94	0.10991688072681427	0.10278244316577911	0.5369638204574585
95	0.1097191572189331	0.10272464901208878	0.5369677543640137
96	0.10847273468971252	0.10278875380754471	0.5363091230392456
97	0.10857456177473068	0.10256327688694	0.5375792980194092
98	0.10825129598379135	0.10253695398569107	0.5367273092269897
99	0.10850575566291809	0.10232076793909073	0.5379931330680847
100	0.10746685415506363	0.10208122432231903	0.5395841002464294
101	0.10844319313764572	0.10178366303443909	0.5417722463607788
102	0.1078132763504982	0.10158608853816986	0.5430609583854675
103	0.1070181131362915	0.1014605313539505	0.5435819029808044
104	0.1078101396560669	0.10124550759792328	0.544416606426239
105	0.10787756741046906	0.10111373662948608	0.544937252998352
106	0.1057630404829979	0.1010027825832367	0.545442521572113
107	0.10658673197031021	0.10103046149015427	0.5451787114143372
108	0.10582627356052399	0.10098587721586227	0.545558750629425
109	0.10574161261320114	0.10102622956037521	0.5455565452575684
110	0.10551083832979202	0.10099668055772781	0.5458770990371704
111	0.10596358776092529	0.1007760688662529	0.5482250452041626
112	0.10683230310678482	0.10086823999881744	0.547696590423584
113	0.10436757653951645	0.10095763951539993	0.5471182465553284
114	0.10453394055366516	0.10089629143476486	0.5478653907775879
115	0.10455098003149033	0.1008225828409195	0.5482798218727112
116	0.10357233136892319	0.10078303515911102	0.5484023690223694
117	0.10474567115306854	0.10068465024232864	0.5490637421607971
118	0.10396218299865723	0.10085336863994598	0.5473020672798157
119	0.10482751578092575	0.10068857669830322	0.5482643246650696
120	0.10307695716619492	0.10040437430143356	0.5501468181610107
121	0.10407648235559464	0.0999884307384491	0.5528592467308044
122	0.10345569252967834	0.09946803748607635	0.5565198063850403
123	0.1025293618440628	0.09920196980237961	0.5580917000770569
124	0.10232794284820557	0.09901528805494308	0.5591538548469543
125	0.10182518512010574	0.09886416047811508	0.5599143505096436
126	0.10163196176290512	0.09874311089515686	0.560684859752655
127	0.10147036612033844	0.09887971729040146	0.5596823692321777
128	0.10139671713113785	0.09893158823251724	0.5593770146369934
129	0.10044943541288376	0.09892614930868149	0.5592414140701294
130	0.10144215077161789	0.09904332458972931	0.5585672855377197
131	0.10061396658420563	0.09898009151220322	0.5588322281837463
132	0.09998927265405655	0.0989929735660553	0.55867999792099
133	0.09984873235225677	0.09900126606225967	0.5587658882141113
134	0.10115353018045425	0.09887286275625229	0.5593645572662354
135	0.10060562193393707	0.09866323322057724	0.5600299835205078
136	0.09961184859275818	0.09854688495397568	0.5618372559547424
137	0.09835226088762283	0.09841087460517883	0.562783420085907
138	0.09923115372657776	0.09826838225126266	0.563564658164978
139	0.09843724966049194	0.09811028093099594	0.5644665956497192
140	0.09799787402153015	0.09811300039291382	0.5638007521629333
141	0.09802520275115967	0.09795001149177551	0.5638912320137024
142	0.09784463047981262	0.09773286432027817	0.5641040205955505
143	0.09774988144636154	0.09761275351047516	0.5644775032997131
144	0.09691458195447922	0.09751299768686295	0.5648150444030762
145	0.09732147306203842	0.0974794328212738	0.5648493766784668
146	0.0966033861041069	0.09749966859817505	0.56473708152771
147	0.09678983688354492	0.09746872633695602	0.5651071071624756
148	0.09697075933218002	0.09751853346824646	0.5651204586029053
149	0.09649387747049332	0.09756133705377579	0.5649350881576538
150	0.09655716270208359	0.09746472537517548	0.5659340023994446
151	0.09553732722997665	0.09727581590414047	0.5677222609519958
152	0.09611573070287704	0.09716328233480453	0.5688618421554565
153	0.09582418948411942	0.09689756482839584	0.5712015628814697
154	0.09478601068258286	0.09705973416566849	0.5717052817344666
155	0.09503988176584244	0.0967741310596466	0.5732483863830566
156	0.09466920793056488	0.09663350135087967	0.5735135078430176
157	0.0951463133096695	0.09654722362756729	0.5728132128715515
158	0.0946531668305397	0.09649050980806351	0.5720458030700684
159	0.09470344334840775	0.09644361585378647	0.5714921951293945
160	0.09317322820425034	0.09641741961240768	0.571510374546051
161	0.09384778141975403	0.09617756307125092	0.5735439658164978
162	0.09424352645874023	0.09613041579723358	0.5745776295661926
163	0.09300422668457031	0.09613065421581268	0.5755445957183838
164	0.09348800033330917	0.09611600637435913	0.5763172507286072
165	0.0925266221165657	0.09612016379833221	0.5766208171844482
166	0.09307707846164703	0.09617990255355835	0.5757448077201843
167	0.09293944388628006	0.09594480693340302	0.5765965580940247
168	0.09185992181301117	0.09578391909599304	0.5767010450363159
169	0.09166217595338821	0.0955066904425621	0.5774206519126892
170	0.0915638878941536	0.09536620229482651	0.5774751901626587
171	0.0918693095445633	0.09538965672254562	0.5771256685256958
172	0.09155035763978958	0.09546943753957748	0.5767544507980347
173	0.09116021543741226	0.09565142542123795	0.576364278793335
174	0.08899760246276855	0.0957527607679367	0.5760253071784973
175	0.09260577708482742	0.0959436446428299	0.575416624546051
176	0.09062406420707703	0.09614451229572296	0.574578046798706
177	0.089664027094841	0.09620223939418793	0.574131190776825
178	0.08943432569503784	0.09613429754972458	0.5738918781280518
179	0.09088346362113953	0.09595085680484772	0.5745123028755188
180	0.08933112025260925	0.09571275115013123	0.5751866698265076
181	0.08940452337265015	0.09554954618215561	0.5757024884223938
182	0.0887698158621788	0.09531533718109131	0.5767480731010437
183	0.08951635658740997	0.09513579308986664	0.577414870262146
184	0.08970770984888077	0.09496952593326569	0.578630268573761
185	0.08780455589294434	0.09474696964025497	0.5797802209854126
186	0.08783945441246033	0.0945575162768364	0.5810709595680237
187	0.08811336010694504	0.09438108652830124	0.5822854042053223
188	0.08985665440559387	0.09453009814023972	0.5814235806465149
189	0.08671430498361588	0.0947364866733551	0.5803207159042358
190	0.08693379163742065	0.094833143055439	0.5793587565422058
191	0.08791515231132507	0.09494739025831223	0.5780805349349976
192	0.08814503997564316	0.09500647336244583	0.5775216817855835
193	0.08624421060085297	0.09486521035432816	0.5776585936546326
194	0.0873682051897049	0.09460089355707169	0.5785515308380127
195	0.08579588681459427	0.09384728223085403	0.5832348465919495
196	0.08609936386346817	0.09351179748773575	0.58498215675354
197	0.08705536276102066	0.09323108941316605	0.5865270495414734
198	0.08686705678701401	0.09292405843734741	0.5883579254150391
199	0.08515206724405289	0.09278836101293564	0.589388906955719
200	0.08526384085416794	0.09249413013458252	0.5911989808082581
201	0.08523985743522644	0.09257921576499939	0.5907052159309387
202	0.08492922782897949	0.09256485849618912	0.5911350250244141
203	0.08553753048181534	0.09293902665376663	0.5891177654266357
204	0.08394007384777069	0.09313927590847015	0.5879661440849304
205	0.08449462056159973	0.09324919432401657	0.5866879224777222
206	0.08471374213695526	0.09323146939277649	0.5862621665000916
207	0.08518733084201813	0.09329181909561157	0.5856102705001831
208	0.08501190692186356	0.09318137913942337	0.5861584544181824
209	0.08426132053136826	0.09307190775871277	0.5870300531387329
210	0.08362534642219543	0.09296806156635284	0.5881831645965576
211	0.08515841513872147	0.09316486865282059	0.5874937176704407
212	0.08302486687898636	0.0930955708026886	0.5879970192909241
213	0.08319787681102753	0.09294326603412628	0.5887554287910461
214	0.08369635045528412	0.09272082149982452	0.5896481871604919
215	0.08426010608673096	0.09256590902805328	0.5901904106140137
216	0.08251184970140457	0.09230557829141617	0.5912519693374634
217	0.08175688236951828	0.09236286580562592	0.5906640887260437
218	0.08122672140598297	0.09267378598451614	0.5889078378677368
219	0.08193963766098022	0.092936672270298	0.5870914459228516
220	0.0816197618842125	0.09307918697595596	0.5858030915260315
221	0.0808434784412384	0.09331930428743362	0.583584189414978
222	0.08114508539438248	0.09318843483924866	0.5840451717376709
223	0.08189177513122559	0.0931614488363266	0.5842882990837097
224	0.0818638950586319	0.09312326461076736	0.5846816897392273
225	0.07988167554140091	0.09296677261590958	0.5856395959854126
226	0.08151708543300629	0.09290555119514465	0.5859280228614807
227	0.08052980899810791	0.09322189539670944	0.5841401219367981
228	0.08087749779224396	0.09320351481437683	0.5841692686080933
229	0.08132293075323105	0.09299138933420181	0.5850463509559631
230	0.08074551820755005	0.09293177723884583	0.5849401354789734
231	0.08171287924051285	0.09306797385215759	0.5836465954780579
232	0.08051921427249908	0.09319018572568893	0.5826756954193115
233	0.08044582605361938	0.0934462621808052	0.580870509147644
234	0.07956720888614655	0.09377746284008026	0.5786657929420471
235	0.08036228269338608	0.09404271841049194	0.5771417021751404
236	0.07938800752162933	0.09380349516868591	0.578865647315979
237	0.07956653088331223	0.09310805052518845	0.582934558391571
238	0.08007371425628662	0.09269392490386963	0.5854074954986572
239	0.07878664135932922	0.09246932715177536	0.5874308347702026
240	0.0807463675737381	0.09243851900100708	0.5879154205322266
241	0.07866711914539337	0.0925159603357315	0.5875075459480286
242	0.0788983702659607	0.0927102267742157	0.5863891243934631
243	0.07885562628507614	0.0932941809296608	0.5830552577972412
244	0.07902123034000397	0.0936724916100502	0.5806438326835632
245	0.07812798768281937	0.09408940374851227	0.5780436396598816
246	0.0777716413140297	0.09419450163841248	0.5772742629051208
247	0.07724378257989883	0.09391459077596664	0.578635573387146
248	0.07752477377653122	0.0936567485332489	0.5798723697662354
249	0.07786278426647186	0.09316712617874146	0.5824599862098694
250	0.07709209620952606	0.09302438795566559	0.5834901928901672
251	0.07749287039041519	0.09304327517747879	0.5838852524757385
252	0.07703429460525513	0.09299509227275848	0.584402322769165
253	0.07691014558076859	0.09306295961141586	0.5842403173446655
254	0.07663338631391525	0.09313669055700302	0.5838227272033691
255	0.07602400332689285	0.09303828328847885	0.58402019739151
256	0.07670251280069351	0.09289905428886414	0.5846916437149048
257	0.07666885852813721	0.09295892715454102	0.5841912031173706
258	0.07706557959318161	0.09308096021413803	0.5829698443412781
259	0.07500490546226501	0.09323906898498535	0.5818688869476318
260	0.07485918700695038	0.09341510385274887	0.5811155438423157
261	0.07632585614919662	0.09354807436466217	0.5804024338722229
262	0.0757766142487526	0.0933874249458313	0.58160001039505
263	0.07492883503437042	0.09324529021978378	0.582027792930603
264	0.07539913803339005	0.09302891045808792	0.5831936597824097
265	0.07558523863554001	0.09288602322340012	0.5838174819946289
266	0.07483428716659546	0.09293181449174881	0.5835663080215454
267	0.07450086623430252	0.09298400580883026	0.5836408138275146
268	0.07540139555931091	0.09312627464532852	0.5830244421958923
269	0.07428304851055145	0.0935271605849266	0.5810554623603821
270	0.07524893432855606	0.09374617040157318	0.5798277854919434
271	0.07485107332468033	0.09393773972988129	0.5786949992179871
272	0.075450100004673	0.09410195797681808	0.5777673125267029
273	0.07595845311880112	0.09373749047517776	0.5802834033966064
274	0.07359534502029419	0.0936686098575592	0.5807774662971497
275	0.07395685464143753	0.09354781359434128	0.58146071434021
276	0.0745014175772667	0.0936150923371315	0.5810481905937195
277	0.07485412806272507	0.09378666430711746	0.580315887928009
278	0.07398427277803421	0.09411988407373428	0.5788146257400513
279	0.07317887991666794	0.09440456330776215	0.5774288177490234
280	0.0742267444729805	0.0943257287144661	0.5779777765274048
281	0.07317230105400085	0.09399456530809402	0.5794759392738342
282	0.07385949045419693	0.09353488683700562	0.5817481875419617
283	0.07385870069265366	0.09322619438171387	0.583490788936615
284	0.07376525551080704	0.09300850331783295	0.5849425196647644
285	0.0736357718706131	0.09349264949560165	0.5827057957649231
286	0.0733289122581482	0.09383653849363327	0.58134526014328
287	0.07301779836416245	0.09417568147182465	0.5795175433158875
288	0.0726325586438179	0.09403584152460098	0.5800905227661133
289	0.07302892953157425	0.09388093650341034	0.5807610154151917
290	0.07198108732700348	0.09356708824634552	0.5822493433952332
291	0.07233676314353943	0.09313955157995224	0.5844596028327942
292	0.07165946066379547	0.09279339015483856	0.5861135125160217
293	0.07161645591259003	0.09272029995918274	0.586284339427948
294	0.07243221253156662	0.09270013123750687	0.5863880515098572
295	0.0718761682510376	0.0929437056183815	0.5850111246109009
296	0.07146693021059036	0.09312613308429718	0.5837936997413635
297	0.07277143001556396	0.09312509000301361	0.5836734771728516
298	0.07136228680610657	0.09317881613969803	0.5835581421852112
299	0.0714467242360115	0.093346506357193	0.5825356245040894
300	0.06958863139152527	0.09357918053865433	0.5813423991203308
301	0.07068049907684326	0.093913234770298	0.5796493887901306
302	0.07041238248348236	0.09439119696617126	0.5770499110221863
303	0.07129938155412674	0.09430962800979614	0.5773211121559143
304	0.07114692777395248	0.09372799843549728	0.5805366635322571
305	0.07191283255815506	0.09354902803897858	0.5820446014404297
306	0.0713135302066803	0.09356071054935455	0.5823670625686646
307	0.07147856056690216	0.09331651031970978	0.583835244178772
308	0.0696389302611351	0.0930408239364624	0.5852780342102051
309	0.07029249519109726	0.09264996647834778	0.5870444774627686
310	0.07016102224588394	0.09310445934534073	0.5842069983482361
311	0.06996528804302216	0.09329485893249512	0.5827242732048035
312	0.06950157880783081	0.09367112070322037	0.5804660320281982
313	0.07062043994665146	0.09415587782859802	0.5783420205116272
314	0.06925806403160095	0.09438646584749222	0.577422022819519
315	0.06977841258049011	0.09485511481761932	0.5751505494117737
316	0.06858343631029129	0.09487562626600266	0.5750884413719177
317	0.06969895213842392	0.09449128061532974	0.5772749185562134
318	0.06955505162477493	0.09352663159370422	0.5828330516815186
319	0.0692625641822815	0.09332634508609772	0.58419269323349
320	0.06920219957828522	0.09336590021848679	0.5841679573059082
321	0.06825493276119232	0.09359913319349289	0.5830203890800476
322	0.06965417414903641	0.09405962377786636	0.5802968740463257
323	0.06876402348279953	0.09421925991773605	0.5791801810264587
324	0.06752444058656693	0.09434576332569122	0.5782081484794617
325	0.06812290102243423	0.09451078623533249	0.5771081447601318
326	0.06817436218261719	0.09468482434749603	0.5760373473167419
327	0.0682755708694458	0.09465685486793518	0.576332151889801
328	0.06797143816947937	0.09434940665960312	0.5782593488693237
329	0.06835944950580597	0.09415159374475479	0.5791597366333008
330	0.06837493181228638	0.09409210830926895	0.5793452858924866
331	0.06772812455892563	0.09408523887395859	0.5792919397354126
332	0.06751619279384613	0.09419676661491394	0.5787490606307983
333	0.06728596985340118	0.09470667690038681	0.5760971307754517
334	0.06811681389808655	0.09488882124423981	0.5749607682228088
335	0.06657174974679947	0.09512360394001007	0.5739803910255432
336	0.06760341674089432	0.09520737081766129	0.5738814473152161
337	0.06748498976230621	0.09539851546287537	0.5726159811019897
338	0.06828828155994415	0.0950516015291214	0.5738182067871094
339	0.06752409040927887	0.09512657672166824	0.5737373232841492
340	0.06589461863040924	0.09510600566864014	0.5735365152359009
341	0.06703998893499374	0.0949200913310051	0.5743374228477478
342	0.06669852882623672	0.09470918774604797	0.5757429599761963
343	0.06676537543535233	0.09465403854846954	0.5766032338142395
344	0.06730104982852936	0.09418351203203201	0.5791424512863159
345	0.06729906797409058	0.09370219707489014	0.5817268490791321
346	0.06641247868537903	0.09356293082237244	0.5825148820877075
347	0.06644102185964584	0.09387316554784775	0.5812329649925232
348	0.06642729043960571	0.09387411177158356	0.5810456275939941
349	0.06584320962429047	0.09377602487802505	0.581123411655426
350	0.06597305089235306	0.09408850967884064	0.5795788168907166
351	0.06521470844745636	0.09421934932470322	0.5787836313247681
352	0.06631502509117126	0.09452339261770248	0.5774364471435547
353	0.06597607582807541	0.09483769536018372	0.5761808753013611
354	0.0652661994099617	0.09505920112133026	0.5749967098236084
355	0.06557831168174744	0.09483221173286438	0.5763531923294067
356	0.06583095341920853	0.09452197700738907	0.5781314969062805
357	0.06545541435480118	0.09423164278268814	0.5800827741622925
358	0.0661737322807312	0.09448985010385513	0.57914799451828
359	0.06425139307975769	0.09493663907051086	0.577121376991272
360	0.06480970233678818	0.09524200856685638	0.576026439666748
361	0.06485599279403687	0.09540893882513046	0.5753664970397949
362	0.06485900282859802	0.09557799994945526	0.574619710445404
363	0.06505703181028366	0.0953478142619133	0.5755172967910767
364	0.06552884727716446	0.0951671376824379	0.5763346552848816
365	0.06520930677652359	0.09524048864841461	0.5757803320884705
366	0.06450175493955612	0.09555096924304962	0.5743554830551147
367	0.06466575711965561	0.09534161537885666	0.5756176710128784
368	0.06461747735738754	0.0951056182384491	0.5767152309417725
369	0.06379445642232895	0.09523510187864304	0.5764901638031006
370	0.06445813179016113	0.09536920487880707	0.5759238600730896
371	0.0637318342924118	0.09533391147851944	0.5765686631202698
372	0.0632978156208992	0.09567873924970627	0.5749818682670593
373	0.06403935700654984	0.09572194516658783	0.5749426484107971
374	0.06407718360424042	0.09541827440261841	0.5765452980995178
375	0.06389087438583374	0.09510719776153564	0.578208863735199
376	0.06300228089094162	0.09488045424222946	0.5793517231941223
377	0.06361780315637589	0.09470845013856888	0.5799611806869507
378	0.06394009292125702	0.09455229341983795	0.5807069540023804
379	0.06370194256305695	0.094530388712883	0.5808323621749878
380	0.0631561130285263	0.0944959744811058	0.5809231400489807
381	0.06377962976694107	0.0947401374578476	0.5797438621520996
382	0.061573777347803116	0.09497949481010437	0.5785667896270752
383	0.061960067600011826	0.09506913274526596	0.5782476663589478
384	0.06429409235715866	0.09489856660366058	0.579289972782135
385	0.062459833920001984	0.09482326358556747	0.5799354314804077
386	0.0626683235168457	0.09496552497148514	0.5793620944023132
387	0.0626455768942833	0.09523013979196548	0.5782386660575867
388	0.0627623125910759	0.09573759138584137	0.5758258700370789
389	0.06227366253733635	0.09567207098007202	0.5763766169548035
390	0.06200167536735535	0.09544333815574646	0.5777508020401001
391	0.06250907480716705	0.09542778879404068	0.5782586932182312
392	0.06263704597949982	0.0957745611667633	0.5767714977264404
393	0.06254852563142776	0.09601276367902756	0.5757200121879578
394	0.06054145470261574	0.09629524499177933	0.5743825435638428
395	0.06201622635126114	0.09651567786931992	0.5731357336044312
396	0.06079612299799919	0.09633064270019531	0.5738857984542847
397	0.06124740466475487	0.09582436829805374	0.5764181017875671
398	0.06178265064954758	0.0953870341181755	0.578779935836792
399	0.06070087477564812	0.09484965354204178	0.5816113352775574
400	0.06243404000997543	0.09504839777946472	0.5807308554649353
401	0.06267642229795456	0.09539644420146942	0.5790992379188538
402	0.060868747532367706	0.09618627279996872	0.5752518773078918
403	0.06115611270070076	0.09707906097173691	0.5708284974098206
404	0.06179226562380791	0.09775149077177048	0.5676994323730469
405	0.06074358895421028	0.09781831502914429	0.567711591720581
406	0.06087259575724602	0.09755983203649521	0.5694192051887512
407	0.0622604563832283	0.09734991937875748	0.570719301700592
408	0.06135205179452896	0.09671410918235779	0.5744568109512329
409	0.06106564775109291	0.09603111445903778	0.5781277418136597
410	0.06093180552124977	0.0956839770078659	0.5800574421882629
411	0.06133683770895004	0.09546461701393127	0.5813440084457397
412	0.06141957640647888	0.0955851748585701	0.5808237195014954
413	0.06081053614616394	0.09635799378156662	0.5769651532173157
414	0.060407817363739014	0.09699926525354385	0.5736520290374756
415	0.06102801859378815	0.0973338633775711	0.5713433623313904
416	0.06054419279098511	0.09726158529520035	0.571686863899231
417	0.060661349445581436	0.0969497561454773	0.5733643770217896
418	0.06050298362970352	0.09708023071289062	0.5730044841766357
419	0.0597948394715786	0.09683971852064133	0.574461042881012
420	0.060970138758420944	0.09681017696857452	0.5747610330581665
421	0.059904780238866806	0.096744604408741	0.5752149820327759
422	0.06089744344353676	0.09656693041324615	0.5761629343032837
423	0.05992134287953377	0.09636885672807693	0.5772668719291687
424	0.05977533385157585	0.09603475779294968	0.5789701342582703
425	0.060819774866104126	0.0957685112953186	0.5802469253540039
426	0.059842828661203384	0.09567594528198242	0.5804873108863831
427	0.06088118255138397	0.09560942649841309	0.580612301826477
428	0.05963226035237312	0.09592700749635696	0.5788596868515015
429	0.05945979431271553	0.09626364707946777	0.577200710773468
430	0.06028306484222412	0.0964764729142189	0.5762362480163574
431	0.0593118742108345	0.09675862640142441	0.5748624801635742
432	0.059610433876514435	0.09706243127584457	0.5735721588134766
433	0.058957744389772415	0.0971478819847107	0.5732913613319397
434	0.05959952250123024	0.09714248031377792	0.5735182762145996
435	0.05942689999938011	0.0970098003745079	0.5743926763534546
436	0.05761753022670746	0.09733492881059647	0.5731527209281921
437	0.0582936629652977	0.09744495153427124	0.5729221105575562
438	0.05788329616189003	0.09754972904920578	0.5725653767585754
439	0.058946218341588974	0.09732764214277267	0.5737414956092834
440	0.058053452521562576	0.09686683118343353	0.5760750770568848
441	0.05805988982319832	0.09640223532915115	0.5784697532653809
442	0.05925508588552475	0.09616198390722275	0.5794269442558289
443	0.05799397453665733	0.09608162194490433	0.5795379877090454
444	0.058223746716976166	0.09640204906463623	0.5777977705001831
445	0.05864322930574417	0.09690206497907639	0.5753829479217529
446	0.057737015187740326	0.09765783697366714	0.571883499622345
447	0.058527614921331406	0.09819390624761581	0.5693461894989014
448	0.05886218696832657	0.09835191071033478	0.5684699416160583
449	0.05890392139554024	0.09778357297182083	0.571405291557312
450	0.05908751115202904	0.09714953601360321	0.5745847225189209
451	0.05805130675435066	0.09656137228012085	0.5774502754211426
452	0.05724388360977173	0.09622994065284729	0.5790960192680359
453	0.058338556438684464	0.09629818052053452	0.5792192220687866
454	0.058121707290410995	0.09650737047195435	0.5785291194915771
455	0.05742751806974411	0.09655944257974625	0.5785134434700012
456	0.05879601836204529	0.09657894819974899	0.5787162780761719
457	0.0578693225979805	0.09641524404287338	0.5797874331474304
458	0.057896025478839874	0.09636472165584564	0.5801070928573608
459	0.05782012268900871	0.09667909890413284	0.5787208080291748
460	0.05741489306092262	0.09700272977352142	0.5772392749786377
461	0.05830751359462738	0.09733086079359055	0.5757908225059509
462	0.05701570212841034	0.0980503112077713	0.5725119709968567
463	0.05750409886240959	0.0983201414346695	0.5712220668792725
464	0.057818494737148285	0.09859355539083481	0.5698798894882202
465	0.058343179523944855	0.09842751175165176	0.5704891681671143
466	0.05694309622049332	0.09821117669343948	0.5714333653450012
467	0.05860871076583862	0.09774080663919449	0.5736135244369507
468	0.05692501366138458	0.09714650362730026	0.5763935446739197
469	0.05689942464232445	0.09695243835449219	0.5772485733032227
470	0.05715741962194443	0.09696292877197266	0.5771313309669495
471	0.057675573974847794	0.09725075960159302	0.5756149888038635
472	0.056366294622421265	0.09772633761167526	0.5734039545059204
473	0.05651726573705673	0.09792093187570572	0.5725395083427429
474	0.05769166722893715	0.09830830246210098	0.5709103941917419
475	0.05775193125009537	0.09854792803525925	0.5696530342102051
476	0.05644633248448372	0.09837796539068222	0.5709521770477295
477	0.05638790503144264	0.09814072400331497	0.5723428726196289
478	0.05658883973956108	0.09760968387126923	0.5748352408409119
479	0.05711420997977257	0.09710114449262619	0.5770758986473083
480	0.0573875829577446	0.09669363498687744	0.5796220898628235
481	0.05629605054855347	0.09664735198020935	0.5801381468772888
482	0.058473505079746246	0.09639681130647659	0.581396222114563
483	0.05718490481376648	0.09602735936641693	0.5833566784858704
484	0.057666290551424026	0.09667070209980011	0.5802769064903259
485	0.057114504277706146	0.09680075943470001	0.5794535875320435
486	0.05563521385192871	0.09707551449537277	0.5781424641609192
487	0.05598660930991173	0.09718293696641922	0.5774364471435547
488	0.05638986825942993	0.09711327403783798	0.576904296875
489	0.057609155774116516	0.09676282852888107	0.5780678391456604
490	0.05556008592247963	0.09657218307256699	0.5784480571746826
491	0.05671549215912819	0.09634482860565186	0.5797261595726013
492	0.05747101455926895	0.09602200984954834	0.5816196799278259
493	0.05669301748275757	0.0959344282746315	0.5826613306999207
494	0.05641068518161774	0.09614425152540207	0.582237958908081
495	0.05619313195347786	0.09623594582080841	0.5822878479957581
496	0.05654027685523033	0.09639070183038712	0.5816141366958618
497	0.05672503262758255	0.09664712101221085	0.5804716944694519
498	0.055356722325086594	0.09682237356901169	0.5799272656440735
499	0.056729115545749664	0.09699578583240509	0.5789868831634521
500	0.05580507218837738	0.09697429090738297	0.5790208578109741
501	0.05607025697827339	0.09707102924585342	0.5785679221153259
502	0.056259885430336	0.09706743061542511	0.5782520174980164
503	0.05556507036089897	0.09710066765546799	0.5781431794166565
504	0.05669516697525978	0.09725479036569595	0.577380895614624
505	0.05527259409427643	0.09801375865936279	0.5741731524467468
506	0.05503511056303978	0.09856671839952469	0.5717635154724121
507	0.055888399481773376	0.09888763725757599	0.5705448985099792
508	0.055145565420389175	0.09870202839374542	0.5717567205429077
509	0.05545531585812569	0.09875902533531189	0.5713357329368591
510	0.05483042821288109	0.09859833121299744	0.5720055103302002
511	0.05440285801887512	0.09824754297733307	0.5735986232757568
512	0.055164702236652374	0.09812555462121964	0.5740081667900085
513	0.05483539402484894	0.09788654744625092	0.5749138593673706
514	0.05522597208619118	0.09767267853021622	0.5759704113006592
515	0.055529989302158356	0.09751714020967484	0.5765870213508606
516	0.05647909641265869	0.09774646162986755	0.575434684753418
517	0.055258311331272125	0.09791450947523117	0.5747515559196472
518	0.054695066064596176	0.09869420528411865	0.5711249709129333
519	0.054423678666353226	0.09902171790599823	0.5697888731956482
520	0.05493014305830002	0.09927675873041153	0.5688503980636597
521	0.055775236338377	0.09942340850830078	0.568486750125885
522	0.05558862164616585	0.0995432659983635	0.5683572292327881
523	0.05522303655743599	0.09954368323087692	0.5685735940933228
524	0.05453957989811897	0.09922338277101517	0.5704423189163208
525	0.05402745306491852	0.09884517639875412	0.5726622939109802
526	0.05391592159867287	0.09882844239473343	0.5723212361335754
527	0.05434677004814148	0.09863683581352234	0.5730268359184265
528	0.0550980381667614	0.09850596636533737	0.5731553435325623
529	0.054401833564043045	0.09813534468412399	0.5742784142494202
530	0.054143499583005905	0.09782273322343826	0.5753273963928223
531	0.053763583302497864	0.09767237305641174	0.5758692026138306
532	0.055068980902433395	0.09770859032869339	0.5752747058868408
533	0.05441081523895264	0.09790617972612381	0.5749836564064026
534	0.05466407537460327	0.0983557403087616	0.5732397437095642
535	0.05416521057486534	0.09830489754676819	0.5732311606407166
536	0.053968172520399094	0.09824544191360474	0.5735881328582764
537	0.054049763828516006	0.09813288599252701	0.5740975737571716
538	0.05443202704191208	0.0981844812631607	0.5734918117523193
539	0.0548577718436718	0.09817103296518326	0.5735495686531067
540	0.054031871259212494	0.09781859815120697	0.5753858685493469
541	0.05395592749118805	0.09737908095121384	0.5776843428611755
542	0.0534924753010273	0.09701576083898544	0.5796533823013306
543	0.05438374727964401	0.0968969538807869	0.5804689526557922
544	0.05372292920947075	0.09651003032922745	0.5821686387062073
545	0.05337191000580788	0.09657660126686096	0.5818113088607788
546	0.05347015708684921	0.09685593843460083	0.5801988840103149
547	0.05388068035244942	0.09706104546785355	0.57891446352005
548	0.054751697927713394	0.09753522276878357	0.5764092803001404
549	0.053679246455430984	0.0978989526629448	0.5743380188941956
550	0.05402286350727081	0.09812505543231964	0.5730676651000977
551	0.053563330322504044	0.09829438477754593	0.5720734596252441
552	0.054388295859098434	0.09847334027290344	0.5713027715682983
553	0.05255446583032608	0.09845013916492462	0.5713497996330261
554	0.054467227309942245	0.09815739095211029	0.573032796382904
555	0.0530022531747818	0.09773262590169907	0.5754935145378113
556	0.053058117628097534	0.09700663387775421	0.579346239566803
557	0.05365952476859093	0.09644864499568939	0.5824005007743835
558	0.05338769406080246	0.0963582992553711	0.5827990174293518
559	0.05340420454740524	0.09677477180957794	0.5809189677238464
560	0.05411909520626068	0.09748654812574387	0.5777170658111572
561	0.05329561233520508	0.09826217591762543	0.5741745233535767
562	0.05314373970031738	0.09907466173171997	0.5703084468841553
563	0.05276286602020264	0.09968914091587067	0.5674468278884888
564	0.05282500386238098	0.09887558966875076	0.5703325867652893
565	0.0527963750064373	0.09858926385641098	0.5716438293457031
566	0.05345401540398598	0.09775226563215256	0.5756096243858337
567	0.05184441804885864	0.09690377861261368	0.5797780156135559
568	0.052979666739702225	0.09649059921503067	0.5816676616668701
569	0.05220416188240051	0.09646095335483551	0.5818188786506653
570	0.0534588098526001	0.09660312533378601	0.5812039375305176
571	0.05249236151576042	0.09698422998189926	0.579375147819519
572	0.05177360400557518	0.09729659557342529	0.5780212879180908
573	0.05224721133708954	0.09772539883852005	0.5764278769493103
574	0.05290381610393524	0.09793809056282043	0.5757591128349304
575	0.05304884538054466	0.0980345606803894	0.5757211446762085
576	0.05212516710162163	0.09809359163045883	0.5757973194122314
577	0.05197231471538544	0.09796551614999771	0.5768776535987854
578	0.05343205854296684	0.09800920635461807	0.5773006081581116
579	0.05194404348731041	0.09824353456497192	0.5769462585449219
580	0.052492547780275345	0.09846857935190201	0.576176106929779
581	0.051665905863046646	0.09851561486721039	0.576244056224823
582	0.05315283685922623	0.098831407725811	0.574546217918396
583	0.05249727517366409	0.09910225868225098	0.5728955268859863
584	0.052011195570230484	0.0990297868847847	0.5731881856918335
585	0.0517309196293354	0.09910015016794205	0.5726125240325928
586	0.052289269864559174	0.09909699112176895	0.5724538564682007
587	0.05182410031557083	0.09888378530740738	0.5735329985618591
588	0.05314672738313675	0.09835217893123627	0.5762557983398438
589	0.052339836955070496	0.09822256118059158	0.5770527124404907
590	0.0529530830681324	0.09814690053462982	0.5776210427284241
591	0.05110534280538559	0.09830881655216217	0.5771782994270325
592	0.05234796553850174	0.0984249860048294	0.5763545632362366
593	0.05245734006166458	0.09808102250099182	0.577763020992279
594	0.05135071650147438	0.09781009703874588	0.5788213610649109
595	0.05211375281214714	0.0977851077914238	0.5788711309432983
596	0.05253428965806961	0.09783576428890228	0.5785214304924011
597	0.050654731690883636	0.09808940440416336	0.5773764848709106
598	0.05160918086767197	0.09850247204303741	0.5754085183143616
599	0.05205541476607323	0.09910329431295395	0.5724893808364868
600	0.05196847394108772	0.09963352978229523	0.5703122019767761
601	0.05121155455708504	0.09972594678401947	0.5703150033950806
602	0.05228111520409584	0.09989961981773376	0.5699621438980103
603	0.051972098648548126	0.09973327070474625	0.5713933706283569
604	0.05080118775367737	0.0996471717953682	0.5724535584449768
605	0.05163959041237831	0.09914235025644302	0.5750464797019958
606	0.05086604878306389	0.09871997684240341	0.5769410133361816
607	0.05063994973897934	0.09848776459693909	0.5776445865631104
608	0.05118177831172943	0.09852471202611923	0.5772709250450134
609	0.051055509597063065	0.09850027412176132	0.5773686170578003
610	0.05039369687438011	0.09861567616462708	0.5769134759902954
611	0.051422275602817535	0.09895627945661545	0.5754472613334656
612	0.05058274418115616	0.09926500916481018	0.5741422176361084
613	0.05242760851979256	0.0998663529753685	0.5717655420303345
614	0.052016258239746094	0.10038354992866516	0.5697326064109802
615	0.05162716284394264	0.10086937248706818	0.5679230690002441
616	0.05037697032094002	0.10078611969947815	0.5683955550193787
617	0.050786420702934265	0.1004144474864006	0.5706051588058472
618	0.051138270646333694	0.09985360503196716	0.5736030340194702
619	0.050048161298036575	0.09927408397197723	0.5766221880912781
620	0.05110311135649681	0.09892865270376205	0.5785068273544312
621	0.05078768730163574	0.09864846616983414	0.5795633792877197
622	0.051122795790433884	0.09876447916030884	0.5783189535140991
623	0.050718169659376144	0.09924942255020142	0.5757161378860474
624	0.05082470551133156	0.09972484409809113	0.5731561183929443
625	0.050461169332265854	0.10013207793235779	0.5709719657897949
626	0.05010577291250229	0.10023282468318939	0.5700970888137817
627	0.05037720128893852	0.10016774386167526	0.5701307654380798
628	0.050524014979600906	0.0997907817363739	0.5715919733047485
629	0.05037762597203255	0.0994277074933052	0.5734483003616333
630	0.04950549826025963	0.0990496575832367	0.5755931735038757
631	0.05101640895009041	0.09883120656013489	0.5770479440689087
632	0.050312187522649765	0.09886950999498367	0.577147364616394
633	0.050480689853429794	0.09931576251983643	0.5750454664230347
634	0.05014367401599884	0.09925498813390732	0.5752618908882141
635	0.04996613413095474	0.09938044100999832	0.5741578936576843
636	0.0503825806081295	0.0991363674402237	0.5749976634979248
637	0.0500112883746624	0.09865283221006393	0.5771917700767517
638	0.05057244002819061	0.09830494970083237	0.5787993669509888
639	0.049899958074092865	0.09798936545848846	0.5804248452186584
640	0.04962102696299553	0.097758449614048	0.5817164778709412
641	0.05012203007936478	0.09767383337020874	0.5820713639259338
642	0.05087391287088394	0.09759064763784409	0.5824844241142273
643	0.04996684938669205	0.09827693551778793	0.5791007280349731
644	0.04977096989750862	0.09889078140258789	0.5761623382568359
645	0.04924178496003151	0.09945608675479889	0.5734304785728455
646	0.0496019572019577	0.09979590773582458	0.5718053579330444
647	0.04951270669698715	0.09998511523008347	0.5709149837493896
648	0.05040448531508446	0.09996692836284637	0.5710946917533875
649	0.04953770339488983	0.09985538572072983	0.5718346238136292
650	0.049096621572971344	0.0995573028922081	0.5735164284706116
651	0.049375269562006	0.09936616569757462	0.5746312737464905
652	0.04963814094662666	0.09912937134504318	0.5757488012313843
653	0.05054612085223198	0.09878627955913544	0.5772297978401184
654	0.049778103828430176	0.09859392791986465	0.5782331228256226
655	0.0493578277528286	0.09843060374259949	0.5790735483169556
656	0.0499037429690361	0.09853313118219376	0.5784668326377869
657	0.049405165016651154	0.09883689135313034	0.5772930383682251
658	0.04998437687754631	0.09895794093608856	0.5768850445747375
659	0.049315083771944046	0.09909489750862122	0.5765325427055359
660	0.0487787202000618	0.09938925504684448	0.5757067203521729
661	0.04991716146469116	0.09938031435012817	0.5762486457824707
662	0.05008846893906593	0.09908568859100342	0.5782265663146973
663	0.049546245485544205	0.09936493635177612	0.5773197412490845
664	0.04897482693195343	0.09953191131353378	0.5766765475273132
665	0.051100485026836395	0.09950682520866394	0.5766283273696899
666	0.049088940024375916	0.0998968705534935	0.5746148228645325
667	0.049242034554481506	0.10021485388278961	0.5728821158409119
668	0.0489954948425293	0.10043583810329437	0.5718203186988831
669	0.04983639717102051	0.0999453067779541	0.5737823843955994
670	0.049393005669116974	0.09923612326383591	0.5770187973976135
671	0.049185484647750854	0.09859617799520493	0.5803515315055847
672	0.04961741343140602	0.09840261936187744	0.5817499160766602
673	0.04860647767782211	0.09836786985397339	0.5817661285400391
674	0.04972568526864052	0.09880133718252182	0.579506516456604
675	0.04825792834162712	0.09908710420131683	0.5780068039894104
676	0.04912630841135979	0.09959588199853897	0.5756064653396606
677	0.04988788068294525	0.10026272386312485	0.5729004144668579
678	0.048789266496896744	0.10097993165254593	0.5698472857475281
679	0.04965020716190338	0.10089503228664398	0.5703420042991638
680	0.0489819273352623	0.10056417435407639	0.5722716450691223
681	0.04818807542324066	0.10010498017072678	0.5742692947387695
682	0.04835803434252739	0.0992201417684555	0.5778053402900696
683	0.048539042472839355	0.09873854368925095	0.5795265436172485
684	0.048611823469400406	0.09844677150249481	0.5803893804550171
685	0.04870661348104477	0.09854348748922348	0.5794257521629333
686	0.048906177282333374	0.09893336147069931	0.5773411989212036
687	0.04842708259820938	0.09940265864133835	0.5751573443412781
688	0.04896870627999306	0.09981554746627808	0.5732532739639282
689	0.04917978495359421	0.10007968544960022	0.5725185871124268
690	0.048975735902786255	0.10014793276786804	0.5726852416992188
691	0.04849361628293991	0.0999249741435051	0.5740054249763489
692	0.048950113356113434	0.09976843744516373	0.5751427412033081
693	0.04840271174907684	0.09916596859693527	0.57811039686203
694	0.049260541796684265	0.09859192371368408	0.5805864334106445
695	0.04923270270228386	0.0982964038848877	0.5815210938453674
696	0.04770667850971222	0.0983361229300499	0.5809081792831421
697	0.048706214874982834	0.09853767603635788	0.5797672867774963
698	0.04809936508536339	0.09893153607845306	0.5779535174369812
699	0.04784176126122475	0.09921059757471085	0.5767894983291626
700	0.04884454235434532	0.09940329194068909	0.5763013958930969
701	0.048610180616378784	0.10003320127725601	0.5741709470748901
702	0.04887029901146889	0.10015788674354553	0.5740586519241333
703	0.04815765842795372	0.10010042786598206	0.5749107599258423
704	0.04830770939588547	0.1000487431883812	0.5754967927932739
705	0.04836017265915871	0.09973155707120895	0.577079713344574
706	0.0480162538588047	0.09925897419452667	0.5792983770370483
707	0.048060718923807144	0.09880684316158295	0.5813072919845581
708	0.04805430397391319	0.09891235828399658	0.5807267427444458
709	0.04741582274436951	0.09911195188760757	0.5793856978416443
710	0.0481702983379364	0.0993492603302002	0.5781077742576599
711	0.04749583452939987	0.09964871406555176	0.5766098499298096
712	0.04761003702878952	0.10003988444805145	0.5749233961105347
713	0.047055933624506	0.10041065514087677	0.5735716819763184
714	0.0478789247572422	0.10068769752979279	0.5729241967201233
715	0.04995176941156387	0.10102158039808273	0.5722616314888
716	0.04759040102362633	0.10109972953796387	0.57261061668396
717	0.047516584396362305	0.10097748786211014	0.5734615921974182
718	0.04860737919807434	0.10051503032445908	0.575395405292511
719	0.048153527081012726	0.10029052197933197	0.5757176876068115
720	0.048589933663606644	0.10019849985837936	0.5754198431968689
721	0.04788661375641823	0.10007763653993607	0.5752060413360596
722	0.04830227047204971	0.09987495094537735	0.5753366351127625
723	0.047142744064331055	0.0995323583483696	0.576311469078064
724	0.04670698568224907	0.09916078299283981	0.5777584314346313
725	0.04694681614637375	0.09860516339540482	0.5801257491111755
726	0.04758027195930481	0.09845434129238129	0.5806416273117065
727	0.04685180261731148	0.09860891103744507	0.5799649357795715
728	0.0478777177631855	0.09896409511566162	0.5785769820213318
729	0.04747752100229263	0.09916165471076965	0.5779305696487427
730	0.047256115823984146	0.09942078590393066	0.5769665241241455
731	0.04725852981209755	0.09968788176774979	0.5756914019584656
732	0.04665075242519379	0.09992438554763794	0.5743551254272461
733	0.0471571646630764	0.10038314014673233	0.5717069506645203
734	0.04691370204091072	0.10082389414310455	0.569253146648407
735	0.047498367726802826	0.10090811550617218	0.5688018798828125
736	0.04751143231987953	0.10067212581634521	0.5698826909065247
737	0.04701637476682663	0.10021957010030746	0.5721125602722168
738	0.04690233990550041	0.09961213916540146	0.5753354430198669
739	0.04721298813819885	0.0989883616566658	0.5789585709571838
740	0.04578211531043053	0.09854426234960556	0.5816108584403992
741	0.04768849536776543	0.09863300621509552	0.5819817185401917
742	0.04722097888588905	0.0990312397480011	0.580843985080719
743	0.04733152687549591	0.09973420947790146	0.5779331922531128
744	0.04765220731496811	0.1003308817744255	0.5749878287315369
745	0.04662149026989937	0.1013665571808815	0.56968754529953
746	0.04673541337251663	0.10177617520093918	0.5676034688949585
747	0.04723946377635002	0.10210750997066498	0.5662586092948914
748	0.0467737652361393	0.10175364464521408	0.5679744482040405
749	0.04813637211918831	0.1004193052649498	0.5743265748023987
750	0.04736333340406418	0.09898810088634491	0.581368088722229
751	0.04726085811853409	0.0980699360370636	0.5855702757835388
752	0.04763151332736015	0.09781753271818161	0.5869060754776001
753	0.04664283245801926	0.09816808253526688	0.5849912166595459
754	0.04754495620727539	0.09876634925603867	0.5819593071937561
755	0.047793228179216385	0.09987181425094604	0.5766987204551697
756	0.047000400722026825	0.10093056410551071	0.5717451572418213
757	0.04623771086335182	0.10169055312871933	0.5678175091743469
758	0.04676681384444237	0.10197963565587997	0.5669062733650208
759	0.04662589728832245	0.10170114040374756	0.5688445568084717
760	0.04628906771540642	0.10121449083089828	0.5723419785499573
761	0.04677103832364082	0.10062532126903534	0.5761021971702576
762	0.04677785187959671	0.1001996323466301	0.5789501070976257
763	0.046651531010866165	0.09999958425760269	0.5801588892936707
764	0.046394869685173035	0.10035257041454315	0.5785660743713379
765	0.045773107558488846	0.10116545855998993	0.5748730301856995
766	0.046084173023700714	0.10199995338916779	0.5711010694503784
767	0.04719105735421181	0.10266916453838348	0.5681743025779724
768	0.04632633179426193	0.10314974188804626	0.566231906414032
769	0.0455140620470047	0.10316265374422073	0.5665405988693237
770	0.04583878070116043	0.10283327102661133	0.5682255029678345
771	0.04681193828582764	0.10228478163480759	0.5707417130470276
772	0.045198120176792145	0.1020435094833374	0.5721139907836914
773	0.04753708094358444	0.10161583870649338	0.5737389326095581
774	0.045963458716869354	0.10125850141048431	0.5749344825744629
775	0.045760806649923325	0.10102242231369019	0.5756620168685913
776	0.04670735448598862	0.1012047752737999	0.5748291015625
777	0.046383101493120193	0.101386159658432	0.5743431448936462
778	0.04544972628355026	0.10127677768468857	0.5744670629501343
779	0.04571819305419922	0.10086818784475327	0.5760300755500793
780	0.045518308877944946	0.10059797763824463	0.5771117806434631
781	0.04614415764808655	0.10033305734395981	0.5780472159385681
782	0.04628725349903107	0.09996870160102844	0.5790726542472839
783	0.04599133878946304	0.09974566102027893	0.5796775221824646
784	0.04602297022938728	0.0996895432472229	0.5802066326141357
785	0.04577674716711044	0.09946343302726746	0.581364095211029
786	0.04531063511967659	0.0991981029510498	0.582699179649353
787	0.04584923014044762	0.09913915395736694	0.5830016136169434
788	0.04609265550971031	0.09915050864219666	0.5828332901000977
789	0.04631040245294571	0.0991922989487648	0.5821117162704468
790	0.046156853437423706	0.09915609657764435	0.5819265842437744
791	0.044835131615400314	0.0993405357003212	0.5810366868972778
792	0.045777928084135056	0.09939530491828918	0.5807652473449707
793	0.04622780904173851	0.09967247396707535	0.5794188976287842
794	0.04576359689235687	0.09991316497325897	0.5787128210067749
795	0.04552976414561272	0.10010852664709091	0.5781623125076294
796	0.04601864144206047	0.10013335198163986	0.5781319737434387
797	0.04624589532613754	0.09999031573534012	0.5791577100753784
798	0.04484901204705238	0.09962355345487595	0.5810703039169312
799	0.04497549310326576	0.099277563393116	0.5825811624526978
800	0.04614501819014549	0.09911998361349106	0.5829654932022095
801	0.04468466714024544	0.09926838427782059	0.5820358991622925
802	0.04483099654316902	0.09951886534690857	0.5805277228355408
803	0.04503948614001274	0.09977857768535614	0.5786952376365662
804	0.04598904028534889	0.10027891397476196	0.5765476822853088
805	0.0449216328561306	0.10083577781915665	0.5745551586151123
806	0.04609508067369461	0.10128062963485718	0.5735080242156982
807	0.04566368833184242	0.10131276398897171	0.5740512609481812
808	0.04482458159327507	0.10131525993347168	0.5745983123779297
809	0.04541218280792236	0.10131171345710754	0.5745260119438171
810	0.04426538944244385	0.10103417932987213	0.5762483477592468
811	0.0464249812066555	0.10075011104345322	0.577861487865448
812	0.04517542943358421	0.10077311098575592	0.5781142711639404
813	0.04518715292215347	0.10079537332057953	0.5777130126953125
814	0.044554706662893295	0.1010461151599884	0.576460599899292
815	0.04532761126756668	0.1012219563126564	0.5753896832466125
816	0.0444425605237484	0.10145733505487442	0.5743056535720825
817	0.045175887644290924	0.10159670561552048	0.573215901851654
818	0.04498135298490524	0.10121867805719376	0.5746745467185974
819	0.045512694865465164	0.10137441009283066	0.5740733742713928
820	0.04521690681576729	0.10163500159978867	0.573508083820343
821	0.04494515433907509	0.1017649918794632	0.57355797290802
822	0.04472343251109123	0.10197751969099045	0.5730518102645874
823	0.0452791303396225	0.10179583728313446	0.5742641091346741
824	0.04486335068941116	0.10167032480239868	0.5747731924057007
825	0.045214030891656876	0.10145509243011475	0.5755364298820496
826	0.04610148072242737	0.10149959474802017	0.5747936367988586
827	0.04519939795136452	0.10117559880018234	0.5756544470787048
828	0.044562797993421555	0.10070347040891647	0.5774057507514954
829	0.04480956122279167	0.10029447078704834	0.5791110396385193
830	0.044277433305978775	0.09985203295946121	0.5805264115333557
831	0.04461556300520897	0.09961346536874771	0.5817186236381531
832	0.04439985379576683	0.0995192676782608	0.5822904109954834
833	0.04439954459667206	0.09990358352661133	0.5806058645248413
834	0.04477892816066742	0.10064227133989334	0.5778999328613281
835	0.04460250586271286	0.10114075988531113	0.5763329863548279
836	0.04526448994874954	0.10129037499427795	0.5765063166618347
837	0.0442410372197628	0.10126027464866638	0.5770270824432373
838	0.04508484527468681	0.10092809051275253	0.5780740976333618
839	0.04482822120189667	0.10070982575416565	0.5785961151123047
840	0.04455685243010521	0.10038929432630539	0.5792115926742554
841	0.04561851546168327	0.10004506260156631	0.5801293849945068
842	0.043690506368875504	0.09983151406049728	0.580471932888031
843	0.044936392456293106	0.09958429634571075	0.5813283324241638
844	0.044691525399684906	0.09936743229627609	0.5820263624191284
845	0.04474522918462753	0.09938766807317734	0.5819879770278931
846	0.043811991810798645	0.0994289442896843	0.5822014212608337
847	0.04513818398118019	0.09965638816356659	0.582239031791687
848	0.04399504512548447	0.09996440261602402	0.5821087956428528
849	0.04456400126218796	0.1003127247095108	0.5815117359161377
850	0.04442062973976135	0.10058092325925827	0.581059992313385
851	0.04483760893344879	0.10105467587709427	0.5797672867774963
852	0.04450327530503273	0.1014014333486557	0.5778629183769226
853	0.044095925986766815	0.10186441242694855	0.5747396945953369
854	0.04376392066478729	0.10193952172994614	0.5735731720924377
855	0.04344266653060913	0.10169945657253265	0.5741032958030701
856	0.04427286610007286	0.1011340469121933	0.576317310333252
857	0.04358021169900894	0.10061362385749817	0.5786779522895813
858	0.04297787696123123	0.10031135380268097	0.5801621079444885
859	0.044232483953237534	0.1003299131989479	0.5804409384727478
860	0.043980762362480164	0.10069035738706589	0.5795807838439941
861	0.04374868422746658	0.10112088918685913	0.5781764984130859
862	0.04403328895568848	0.10160951316356659	0.5768461227416992
863	0.04417381063103676	0.10184165090322495	0.576364278793335
864	0.04422367736697197	0.10189391672611237	0.5762345790863037
865	0.0432460643351078	0.10187741369009018	0.5763593316078186
866	0.04372059553861618	0.10150011628866196	0.5777575969696045
867	0.043286748230457306	0.10129233449697495	0.5779378414154053
868	0.04384535551071167	0.10099446028470993	0.5787147879600525
869	0.044318750500679016	0.10042968392372131	0.5809449553489685
870	0.04328480735421181	0.09971314668655396	0.5838396549224854
871	0.043773896992206573	0.09941362589597702	0.5845052599906921
872	0.04369830712676048	0.09919174760580063	0.5846067667007446
873	0.0444086529314518	0.09946979582309723	0.5829897522926331
874	0.042456116527318954	0.09988434612751007	0.5807079672813416
875	0.043274570256471634	0.10021433234214783	0.5790858268737793
876	0.043560925871133804	0.10028551518917084	0.5786005258560181
877	0.0447508879005909	0.10081658512353897	0.5765334367752075
878	0.04389583319425583	0.10081112384796143	0.5772733092308044
879	0.04430679604411125	0.1005554273724556	0.5791746377944946
880	0.04391706362366676	0.10018209367990494	0.5813754796981812
881	0.0440727062523365	0.09962386637926102	0.5841763615608215
882	0.04334123060107231	0.09927643090486526	0.5850832462310791
883	0.043334100395441055	0.09886132925748825	0.5860215425491333
884	0.0433068722486496	0.09863751381635666	0.5864467024803162
885	0.043513890355825424	0.09899604320526123	0.5843840837478638
886	0.04426796734333038	0.09938422590494156	0.5826607346534729
887	0.042703401297330856	0.09963944554328918	0.5816217660903931
888	0.0432162769138813	0.09965703636407852	0.5817611813545227
889	0.04197347164154053	0.09957753121852875	0.5824034214019775
890	0.043021250516176224	0.09957081824541092	0.5826244950294495
891	0.043335724622011185	0.09980093687772751	0.581791341304779
892	0.04397919028997421	0.10009016841650009	0.5807796716690063
893	0.043613821268081665	0.10051197558641434	0.5790486931800842
894	0.04299449920654297	0.1005343422293663	0.5796961188316345
895	0.04325093701481819	0.10059842467308044	0.5805158019065857
896	0.04462344944477081	0.10027199983596802	0.5828390717506409
897	0.04420243948698044	0.09959179162979126	0.585473895072937
898	0.043461088091135025	0.09894214570522308	0.5878229141235352
899	0.04250721633434296	0.09837597608566284	0.5893906950950623
900	0.04401744529604912	0.09854128956794739	0.5877172350883484
901	0.04345337674021721	0.09919720888137817	0.5843987464904785
902	0.04394121840596199	0.10003811120986938	0.5804964900016785
903	0.04231713339686394	0.10085253417491913	0.5770049691200256
904	0.04269953817129135	0.10143812000751495	0.5750759840011597
905	0.0427948534488678	0.10144390910863876	0.5758016705513
906	0.0430106446146965	0.10109152644872665	0.578540027141571
907	0.04330847039818764	0.10038487613201141	0.5829760432243347
908	0.043211180716753006	0.10006902366876602	0.5858540534973145
909	0.042941391468048096	0.0997004359960556	0.5880807638168335
910	0.043386220932006836	0.09980214387178421	0.5874215960502625
911	0.0419829897582531	0.10034151375293732	0.5844645500183105
912	0.04256241023540497	0.10124733299016953	0.5800561308860779
913	0.04363792762160301	0.10240534693002701	0.5746404528617859
914	0.04288283362984657	0.10291729122400284	0.5721473693847656
915	0.042977046221494675	0.1026812493801117	0.573406994342804
916	0.04223237559199333	0.10214828699827194	0.5763672590255737
917	0.04266337305307388	0.10115081071853638	0.5813862681388855
918	0.042968716472387314	0.10068422555923462	0.583858072757721
919	0.0433177724480629	0.10085449367761612	0.5834394693374634
920	0.042557500302791595	0.1008303090929985	0.5826510787010193
921	0.04208299517631531	0.10124418884515762	0.57989102602005
922	0.042480841279029846	0.10208483040332794	0.575445294380188
923	0.04323200508952141	0.10253632068634033	0.5730577111244202
924	0.04256158694624901	0.10257793217897415	0.5727766156196594
925	0.0438699796795845	0.1022544726729393	0.574232816696167
926	0.04226158186793327	0.1015264242887497	0.5781570672988892
927	0.0431811697781086	0.10061495006084442	0.5830946564674377
928	0.04245051369071007	0.10000485181808472	0.5863111615180969
929	0.042677443474531174	0.09990393370389938	0.5863889455795288
930	0.04332994297146797	0.09988059103488922	0.5855349898338318
931	0.042236898094415665	0.10029403120279312	0.5829342603683472
932	0.04260972514748573	0.10081551969051361	0.5799089670181274
933	0.042358219623565674	0.10133563727140427	0.5769745111465454
934	0.04287133738398552	0.1019878089427948	0.5741735100746155
935	0.0429653562605381	0.10206747055053711	0.574123740196228
936	0.04248989745974541	0.10182671248912811	0.57608962059021
937	0.04121462628245354	0.10158407688140869	0.578349232673645
938	0.042478516697883606	0.10125581175088882	0.5809410810470581
939	0.04143374413251877	0.1008366271853447	0.583649218082428
940	0.042133551090955734	0.10042276233434677	0.585241973400116
941	0.04242752119898796	0.10030397772789001	0.5848935842514038
942	0.04238877072930336	0.1005643755197525	0.5829007029533386
943	0.04248727858066559	0.10095703601837158	0.5800575613975525
944	0.04237031936645508	0.10159137099981308	0.5764596462249756
945	0.0423533171415329	0.10179221630096436	0.5752925276756287
946	0.0424988754093647	0.10161663591861725	0.5761474370956421
947	0.04253719374537468	0.10080748796463013	0.5798579454421997
948	0.042176783084869385	0.10016528517007828	0.5834859609603882
949	0.04236697033047676	0.09949709475040436	0.5870236158370972
950	0.04250219091773033	0.09942959994077682	0.5878584384918213
951	0.042737286537885666	0.09990233927965164	0.5856844186782837
952	0.041955482214689255	0.10027166455984116	0.5835415720939636
953	0.04208490997552872	0.10045458376407623	0.5817912817001343
954	0.04228450357913971	0.10037023574113846	0.5806357860565186
955	0.042691919952631	0.09987172484397888	0.5818194150924683
956	0.041931428015232086	0.09942484647035599	0.5829951167106628
957	0.04238048195838928	0.09911321848630905	0.5839576125144958
958	0.04116427153348923	0.09890402108430862	0.584546685218811
959	0.042336393147706985	0.09872826188802719	0.5852636694908142
960	0.04246024414896965	0.0983949601650238	0.5872340798377991
961	0.04193592444062233	0.09837226569652557	0.5880264043807983
962	0.042553093284368515	0.09857817739248276	0.5878505706787109
963	0.041786108165979385	0.09911365061998367	0.5859290957450867
964	0.04270423203706741	0.09963145852088928	0.5845207571983337
965	0.042080994695425034	0.09998726844787598	0.583625078201294
966	0.04243353009223938	0.1003563404083252	0.5826930403709412
967	0.042626120150089264	0.100715272128582	0.581562876701355
968	0.04056691750884056	0.10085239261388779	0.5811313390731812
969	0.040776174515485764	0.1009746566414833	0.5804676413536072
970	0.04172895476222038	0.10089109092950821	0.5802456736564636
971	0.042326074093580246	0.10114894062280655	0.5787870287895203
972	0.0429316870868206	0.1014523059129715	0.577480673789978
973	0.04163999855518341	0.10137519240379333	0.578372597694397
974	0.04236524924635887	0.10115440934896469	0.5799674391746521
975	0.0432005450129509	0.10037001967430115	0.5837679505348206
976	0.042257584631443024	0.1000116840004921	0.5858713388442993
977	0.042578600347042084	0.09980416297912598	0.5865479707717896
978	0.04156617820262909	0.09981606900691986	0.5861029028892517
979	0.04178786650300026	0.09973816573619843	0.5860651135444641
980	0.04089517146348953	0.09989006817340851	0.5852048993110657
981	0.0408317930996418	0.1003829762339592	0.5826332569122314
982	0.042108312249183655	0.10089113563299179	0.5809569358825684
983	0.04152398928999901	0.10100406408309937	0.5813912749290466
984	0.040669284760951996	0.10119058936834335	0.5812286734580994
985	0.041396114975214005	0.10130292922258377	0.581498384475708
986	0.04159459471702576	0.1014695018529892	0.5811119079589844
987	0.04257592931389809	0.10152775794267654	0.5808368921279907
988	0.0418509915471077	0.10121915489435196	0.581870436668396
989	0.04018273949623108	0.10088256001472473	0.5826607346534729
990	0.04192541167140007	0.10066360980272293	0.5827268362045288
991	0.04099671170115471	0.10014687478542328	0.5843703746795654
992	0.04075060412287712	0.09961839020252228	0.5864564776420593
993	0.0411335825920105	0.09958349913358688	0.586128294467926
994	0.040837883949279785	0.0999317392706871	0.5843820571899414
995	0.04186898097395897	0.10024882107973099	0.5829382538795471
996	0.04164155572652817	0.10056742280721664	0.5817927122116089
997	0.04139818623661995	0.10078836232423782	0.5810723304748535
998	0.041971176862716675	0.10065405815839767	0.5820664763450623
999	0.04004999250173569	0.1006397008895874	0.5828295350074768
1000	0.04184827208518982	0.10088907927274704	0.5823845863342285
1001	0.04116190969944	0.10092045366764069	0.582118809223175
1002	0.04180840030312538	0.10067325830459595	0.5834089517593384
1003	0.04180888459086418	0.10056169331073761	0.5839735865592957
1004	0.04074819013476372	0.10043375194072723	0.5842995643615723
1005	0.04092557355761528	0.10064089298248291	0.5830908417701721
1006	0.04096502065658569	0.10084696114063263	0.5816643238067627
1007	0.04111000895500183	0.10103528946638107	0.5804452300071716
1008	0.04086941480636597	0.1010790467262268	0.5802741050720215
1009	0.040466614067554474	0.1008102297782898	0.5813565254211426
1010	0.04119360074400902	0.10029898583889008	0.5833283066749573
1011	0.041542503982782364	0.09969334304332733	0.5854980945587158
1012	0.04033903777599335	0.09919820725917816	0.5875428318977356
1013	0.04068472981452942	0.09883005917072296	0.589178740978241
1014	0.04094783589243889	0.09859418123960495	0.590552031993866
1015	0.04087841510772705	0.09866736829280853	0.5908539295196533
1016	0.04171103239059448	0.09907263517379761	0.5896826386451721
1017	0.04020841047167778	0.09961927682161331	0.5877088308334351
1018	0.04086768254637718	0.10035286098718643	0.5846173763275146
1019	0.040628500282764435	0.10080306231975555	0.581687867641449
1020	0.040860507637262344	0.10116499662399292	0.5795548558235168
1021	0.04054682329297066	0.10120820999145508	0.5792386531829834
1022	0.04115813970565796	0.10085967183113098	0.5808863043785095
1023	0.04099223017692566	0.10042127966880798	0.5830107927322388
1024	0.040564555674791336	0.09992505609989166	0.5852702856063843
1025	0.04102754592895508	0.09961400181055069	0.586822509765625
1026	0.04095752537250519	0.09936244785785675	0.588111162185669
1027	0.04097789525985718	0.09933803230524063	0.5881152153015137
1028	0.04062876105308533	0.09945936501026154	0.5874083042144775
1029	0.04033918306231499	0.09998326748609543	0.5849699378013611
1030	0.04036266356706619	0.1007198840379715	0.5814615488052368
1031	0.04109244421124458	0.10156308859586716	0.5775474309921265
1032	0.04039603844285011	0.10189696401357651	0.5758577585220337
1033	0.041471779346466064	0.10145076364278793	0.5779383182525635
1034	0.040775615721940994	0.10069940239191055	0.5815758109092712
1035	0.040376730263233185	0.09977926313877106	0.5864191055297852
1036	0.0410161018371582	0.09912406653165817	0.5897578597068787
1037	0.04080536216497421	0.0986928641796112	0.5916671752929688
1038	0.0406956784427166	0.09865307062864304	0.591461181640625
1039	0.0404893159866333	0.09879438579082489	0.5906341075897217
1040	0.04036743566393852	0.09926316142082214	0.5888011455535889
1041	0.03988172113895416	0.09993728995323181	0.5861342549324036
1042	0.04114624112844467	0.10076340287923813	0.5829747319221497
1043	0.04058600962162018	0.10154391825199127	0.5802522897720337
1044	0.04019872099161148	0.10192381590604782	0.5792407989501953
1045	0.03975832089781761	0.1021152213215828	0.5788396000862122
1046	0.040093615651130676	0.10200050473213196	0.5796129703521729
1047	0.040660448372364044	0.10164986550807953	0.58106529712677
1048	0.04041214659810066	0.10140383988618851	0.5819335579872131
1049	0.04091856628656387	0.10086365044116974	0.5842224359512329
1050	0.04084009677171707	0.10023972392082214	0.5868210792541504
1051	0.039688609540462494	0.09980359673500061	0.5885789394378662
1052	0.040254876017570496	0.09965135157108307	0.5889269709587097
1053	0.03926289454102516	0.09950697422027588	0.5890751481056213
1054	0.04097699373960495	0.09950564801692963	0.5882307887077332
1055	0.040666937828063965	0.09964685142040253	0.5865623950958252
1056	0.04079875349998474	0.09995779395103455	0.5844173431396484
1057	0.039598118513822556	0.10001111775636673	0.5840599536895752
1058	0.041299983859062195	0.0998138040304184	0.5852065682411194
1059	0.039543841034173965	0.09981212019920349	0.5857146978378296
1060	0.040242183953523636	0.09977208822965622	0.5869729518890381
1061	0.040747929364442825	0.09969515353441238	0.5882015228271484
1062	0.04004751518368721	0.09955529868602753	0.589142382144928
1063	0.03996805474162102	0.09986194968223572	0.5875626802444458
1064	0.0404651053249836	0.10024140030145645	0.5853833556175232
1065	0.03944891318678856	0.10045575350522995	0.5844568014144897
1066	0.03974448889493942	0.10071975737810135	0.5834212899208069
1067	0.04041000455617905	0.10070179402828217	0.583545446395874
1068	0.03987857699394226	0.1008349284529686	0.5832983255386353
1069	0.03950352221727371	0.1005755364894867	0.5847898125648499
1070	0.03936624154448509	0.10021185874938965	0.5866641998291016
1071	0.03969193249940872	0.10022485256195068	0.5867366194725037
1072	0.04042886197566986	0.10068228840827942	0.5845152735710144
1073	0.0405721478164196	0.10076119005680084	0.5838399529457092
1074	0.03961433097720146	0.10097488760948181	0.5830523371696472
1075	0.04011865705251694	0.10108351707458496	0.5829362273216248
1076	0.03967905789613724	0.10093693435192108	0.5842412114143372
1077	0.03951270505785942	0.10085605829954147	0.5852928757667542
1078	0.03968021646142006	0.10077934712171555	0.5860817432403564
1079	0.0406247116625309	0.10080468654632568	0.5858984589576721
1080	0.03970937803387642	0.1007923036813736	0.5859631299972534
1081	0.03968580439686775	0.10065095126628876	0.586208701133728
1082	0.03949766606092453	0.10053547471761703	0.5860149264335632
1083	0.03988371416926384	0.10031917691230774	0.5867284536361694
1084	0.03961588814854622	0.10016684979200363	0.5872151255607605
1085	0.03966532647609711	0.0999104380607605	0.5880323648452759
1086	0.04007676616311073	0.10003948211669922	0.5873839855194092
1087	0.03923873230814934	0.10001052916049957	0.5875439643859863
1088	0.04008346050977707	0.09985760599374771	0.5884262323379517
1089	0.03999233990907669	0.09989751130342484	0.5881186723709106
1090	0.039571039378643036	0.10030479729175568	0.5860773324966431
1091	0.039761703461408615	0.10050327330827713	0.585150957107544
1092	0.039572823792696	0.10065288841724396	0.5846104621887207
1093	0.039748415350914	0.10056887567043304	0.5856033563613892
1094	0.03952639549970627	0.10062412172555923	0.5863107442855835
1095	0.03931737318634987	0.1005031019449234	0.5876890420913696
1096	0.040404997766017914	0.10087692737579346	0.5864707827568054
1097	0.03946970775723457	0.1011677086353302	0.5852029323577881
1098	0.03888490051031113	0.10141114145517349	0.5839237570762634
1099	0.0391458198428154	0.10158012062311172	0.5829172730445862
1100	0.0389527902007103	0.10184195637702942	0.581777811050415
1101	0.03843659535050392	0.10194826871156693	0.5809580683708191
1102	0.03919438272714615	0.10191266983747482	0.5809378623962402
1103	0.03939147666096687	0.10137712210416794	0.5834224224090576
1104	0.03882283717393875	0.1010097861289978	0.5853504538536072
1105	0.03958442062139511	0.10081756860017776	0.586083710193634
1106	0.03988104313611984	0.10111340880393982	0.5845784544944763
1107	0.04003646969795227	0.10142508894205093	0.582962155342102
1108	0.03979472070932388	0.10165771096944809	0.5819295048713684
1109	0.0393553301692009	0.10205801576375961	0.580242395401001
1110	0.039495017379522324	0.10219389200210571	0.5796283483505249
1111	0.03972197324037552	0.10206246376037598	0.5801467299461365
1112	0.03972525894641876	0.10153181850910187	0.5827291011810303
1113	0.03891466185450554	0.10081551969051361	0.5859954357147217
1114	0.03991751745343208	0.1004185751080513	0.5878829956054688
1115	0.040034033358097076	0.10029742121696472	0.5880466103553772
1116	0.03877579793334007	0.10058718919754028	0.586087703704834
1117	0.039888396859169006	0.10092458873987198	0.5842912197113037
1118	0.03930304944515228	0.10090978443622589	0.5840712189674377
1119	0.03873211145401001	0.10085860639810562	0.5839850306510925
1120	0.03885853290557861	0.10055606067180634	0.5848466157913208
1121	0.03953298553824425	0.10025785118341446	0.585815966129303
1122	0.039217088371515274	0.10023386776447296	0.5860400199890137
1123	0.03893755376338959	0.10017731785774231	0.5866307020187378
1124	0.039855968207120895	0.10014787316322327	0.5871853828430176
1125	0.03987174853682518	0.10048671066761017	0.5866844654083252
1126	0.038961175829172134	0.10070031881332397	0.5868921279907227
1127	0.03968335688114166	0.10115605592727661	0.5852531790733337
1128	0.03899182379245758	0.10138663649559021	0.5848454833030701
1129	0.03849494084715843	0.1016826406121254	0.5829964280128479
1130	0.039335671812295914	0.10143282264471054	0.5834749937057495
1131	0.038647379726171494	0.10122782737016678	0.5835103392601013
1132	0.03904383257031441	0.10090454667806625	0.5841264128684998
1133	0.03902333974838257	0.10028738528490067	0.5863568186759949
1134	0.038419365882873535	0.09969910234212875	0.5888416171073914
1135	0.03955904766917229	0.09922464936971664	0.5912114977836609
1136	0.039101772010326385	0.0990014597773552	0.5927039384841919
1137	0.03876746445894241	0.09892234206199646	0.5937110781669617
1138	0.03860602155327797	0.09902951121330261	0.5932499170303345
1139	0.038558561354875565	0.09920936822891235	0.5922966599464417
1140	0.038859929889440536	0.09944137185811996	0.5911579132080078
1141	0.039677780121564865	0.1000642329454422	0.5882375836372375
1142	0.038497358560562134	0.10071106255054474	0.5849884748458862
1143	0.03844412788748741	0.10104355961084366	0.583438515663147
1144	0.03952473774552345	0.10092891752719879	0.5840326547622681
1145	0.039130404591560364	0.10050398856401443	0.5860229134559631
1146	0.039031583815813065	0.10015517473220825	0.5877692103385925
1147	0.03865263983607292	0.09973371028900146	0.5892796516418457
1148	0.037975601851940155	0.09964403510093689	0.5895142555236816
1149	0.03906664624810219	0.09969974309206009	0.5891624689102173
1150	0.038435447961091995	0.09987686574459076	0.5878004431724548
1151	0.03857000917196274	0.1000584214925766	0.5866307616233826
1152	0.039254482835531235	0.10043630003929138	0.5848240256309509
1153	0.03862898424267769	0.10054823011159897	0.5842956304550171
1154	0.038624223321676254	0.10034088045358658	0.5854908227920532
1155	0.038813330233097076	0.10047729313373566	0.5849958658218384
1156	0.03858161345124245	0.1004456952214241	0.5858745574951172
1157	0.03775050491094589	0.10034863650798798	0.5863739252090454
1158	0.03841397538781166	0.09995539486408234	0.5884299278259277
1159	0.0387629009783268	0.09962569177150726	0.5899163484573364
1160	0.038200926035642624	0.0993022620677948	0.591156005859375
1161	0.03828388825058937	0.09897787123918533	0.5918822884559631
1162	0.038481660187244415	0.09904467314481735	0.5908322334289551
1163	0.03849278762936592	0.09943734109401703	0.5883643627166748
1164	0.03831890597939491	0.09998176246881485	0.5855756998062134
1165	0.038326237350702286	0.10029079020023346	0.584434986114502
1166	0.037684958428144455	0.10068757832050323	0.5836381912231445
1167	0.03816939890384674	0.10061006993055344	0.5858917236328125
1168	0.03798534721136093	0.10065911710262299	0.5870089530944824
1169	0.03823257237672806	0.10052237659692764	0.5888383388519287
1170	0.03857245296239853	0.10033338516950607	0.5902579426765442
1171	0.0388234481215477	0.10054346174001694	0.5893123149871826
1172	0.03864210844039917	0.10046504437923431	0.5884934663772583
1173	0.03843516483902931	0.10025817155838013	0.5880523324012756
1174	0.03848911449313164	0.10019901394844055	0.5869743227958679
1175	0.03847423568367958	0.10009217262268066	0.5871294140815735
1176	0.037837591022253036	0.10016048699617386	0.5870445966720581
1177	0.03867742046713829	0.10044469684362411	0.5866506099700928
1178	0.037834182381629944	0.1008104756474495	0.5863346457481384
1179	0.03872670978307724	0.10125923901796341	0.5854871869087219
1180	0.03850865736603737	0.10177626460790634	0.5843207836151123
1181	0.0380491279065609	0.10194169729948044	0.5837328433990479
1182	0.0371793694794178	0.1018676608800888	0.5833589434623718
1183	0.03804541379213333	0.10147664695978165	0.5841448307037354
1184	0.037972353398799896	0.1010199710726738	0.585171639919281
1185	0.03816452622413635	0.10063286870718002	0.5859466791152954
1186	0.03819992020726204	0.1003723219037056	0.586776077747345
1187	0.038398705422878265	0.1002364233136177	0.5875486731529236
1188	0.03879477456212044	0.10016795247793198	0.5883212685585022
1189	0.03868864104151726	0.10029346495866776	0.5881441831588745
1190	0.0372685082256794	0.10051381587982178	0.5871984362602234
1191	0.037493519484996796	0.10066917538642883	0.587053656578064
1192	0.0387844555079937	0.10112790018320084	0.5848796367645264
1193	0.03693722188472748	0.10194026678800583	0.580796480178833
1194	0.038803745061159134	0.10225546360015869	0.5793446898460388
1195	0.03822043165564537	0.10219883918762207	0.5794388055801392
1196	0.038755740970373154	0.10163564234972	0.5814754366874695
1197	0.037184830754995346	0.10086145251989365	0.5846543312072754
1198	0.03808464854955673	0.10026142001152039	0.5875926613807678
1199	0.03815949335694313	0.09980957210063934	0.589902400970459
1200	0.037626106292009354	0.09982262551784515	0.5898958444595337
1201	0.03824921324849129	0.10007156431674957	0.5889995098114014
1202	0.03845607489347458	0.10019069910049438	0.5887848138809204
1203	0.03787647560238838	0.1000894084572792	0.5890870094299316
1204	0.03736285865306854	0.10032014548778534	0.5880139470100403
1205	0.037715330719947815	0.10055721551179886	0.5867114663124084
1206	0.03766744211316109	0.10078424960374832	0.5856313109397888
1207	0.03905453160405159	0.10109438747167587	0.5841342806816101
1208	0.03817670792341232	0.10155857354402542	0.5821567177772522
1209	0.03837102651596069	0.10195746272802353	0.5805049538612366
1210	0.03837917745113373	0.10221714526414871	0.5796612501144409
1211	0.038217514753341675	0.10229185223579407	0.5799133777618408
1212	0.03845746070146561	0.10191254317760468	0.582190215587616
1213	0.03787827119231224	0.101352758705616	0.5850623846054077
1214	0.038534749299287796	0.10091633349657059	0.5875148177146912
1215	0.03754034638404846	0.10062851011753082	0.5897566080093384
1216	0.037662189453840256	0.10049805790185928	0.5906724333763123
1217	0.03734694421291351	0.10059000551700592	0.5897827744483948
1218	0.03738397732377052	0.10092588514089584	0.5874055027961731
1219	0.03784450143575668	0.10153178870677948	0.5838420987129211
1220	0.03711340203881264	0.10180483013391495	0.58229660987854
1221	0.03778259456157684	0.10177480429410934	0.5821705460548401
1222	0.037430018186569214	0.10143043845891953	0.5835687518119812
1223	0.03712007775902748	0.10130621492862701	0.5840436816215515
1224	0.03788202628493309	0.10113455355167389	0.5849196910858154
1225	0.037606291472911835	0.10102523863315582	0.5857897400856018
1226	0.03813133016228676	0.10081539303064346	0.5868182182312012
1227	0.03781642019748688	0.10055292397737503	0.5880993604660034
1228	0.03696107119321823	0.1003994345664978	0.5889034271240234
1229	0.038351137191057205	0.10015087574720383	0.5895909667015076
1230	0.037840548902750015	0.09976451843976974	0.5909004807472229
1231	0.03794242814183235	0.09945520758628845	0.5918050408363342
1232	0.038379162549972534	0.09926888346672058	0.5918015837669373
1233	0.036688245832920074	0.09947122633457184	0.5902604460716248
1234	0.03646763041615486	0.09967024624347687	0.5890194773674011
1235	0.038144078105688095	0.10016819089651108	0.5869022607803345
1236	0.037122175097465515	0.1007191613316536	0.5850549936294556
1237	0.03875691443681717	0.10127410292625427	0.5834113359451294
1238	0.03741839900612831	0.10136755555868149	0.5838165283203125
1239	0.03764697536826134	0.1010873094201088	0.5857471823692322
1240	0.03731008246541023	0.10064234584569931	0.587822437286377
1241	0.037560250610113144	0.10035650432109833	0.5889143943786621
1242	0.03741511330008507	0.10019214451313019	0.5895008444786072
1243	0.037947166711091995	0.10040731728076935	0.5876826643943787
1244	0.037283144891262054	0.10093049705028534	0.5845815539360046
1245	0.03766998276114464	0.10094621032476425	0.5837088227272034
1246	0.037420060485601425	0.10101742297410965	0.5827210545539856
1247	0.03851950913667679	0.1010541319847107	0.5824398994445801
1248	0.03768967464566231	0.10051032155752182	0.5851218700408936
1249	0.03830611705780029	0.09974449872970581	0.5892154574394226
1250	0.037133000791072845	0.09934785962104797	0.5919613838195801
1251	0.0374377965927124	0.09950882196426392	0.5920518040657043
1252	0.03775295615196228	0.10004086047410965	0.5906237363815308
1253	0.03740515187382698	0.10059545934200287	0.5887044668197632
1254	0.036935895681381226	0.1011151671409607	0.586570143699646
1255	0.03686217591166496	0.10173825174570084	0.5843611359596252
1256	0.036713745445013046	0.1022704616189003	0.5821800827980042
1257	0.03659126162528992	0.10229063779115677	0.5821280479431152
1258	0.037095386534929276	0.10182391852140427	0.5839094519615173
1259	0.036412205547094345	0.1013166531920433	0.5860118269920349
1260	0.037340909242630005	0.10088101774454117	0.5876292586326599
1261	0.03752220422029495	0.10043871402740479	0.5890872478485107
1262	0.037988342344760895	0.10033035278320312	0.5891079902648926
1263	0.036416348069906235	0.10003317892551422	0.5897778868675232
1264	0.037467606365680695	0.10024759918451309	0.5882601737976074
1265	0.0370221771299839	0.10065203905105591	0.5860519409179688
1266	0.03671924024820328	0.10108734667301178	0.5844605565071106
1267	0.03745562955737114	0.10112998634576797	0.584948718547821
1268	0.037300970405340195	0.10091988742351532	0.5869714021682739
1269	0.036124419420957565	0.10082326829433441	0.5886589288711548
1270	0.03752202168107033	0.10087130963802338	0.5891208648681641
1271	0.03687452897429466	0.10116378217935562	0.5879741907119751
1272	0.03688492998480797	0.10128704458475113	0.5868598222732544
1273	0.036919113248586655	0.10164051502943039	0.585096001625061
1274	0.03681159391999245	0.10160190612077713	0.5852036476135254
1275	0.03726419806480408	0.10150082409381866	0.5854777693748474
1276	0.037007976323366165	0.10176941007375717	0.5838450789451599
1277	0.03696334734559059	0.10192032158374786	0.5828990340232849
1278	0.03640972077846527	0.10183566808700562	0.5829139351844788
1279	0.03693530336022377	0.10135670006275177	0.5851559042930603
1280	0.03670145571231842	0.10087582468986511	0.5872645378112793
1281	0.037202175706624985	0.10045786201953888	0.5889850854873657
1282	0.037491463124752045	0.10015855729579926	0.5897186994552612
1283	0.03644384443759918	0.10018585622310638	0.5890663862228394
1284	0.03658827021718025	0.10045699030160904	0.5876834988594055
1285	0.03731221333146095	0.10077334940433502	0.5862820744514465
1286	0.03648625686764717	0.10089568048715591	0.5856736302375793
1287	0.03682921454310417	0.10073240101337433	0.5864067673683167
1288	0.0366387814283371	0.10054577142000198	0.5870746970176697
1289	0.03624294325709343	0.10041184723377228	0.5876420736312866
1290	0.03784682974219322	0.1005038172006607	0.5871756672859192
1291	0.03706202656030655	0.10055728256702423	0.5871639847755432
1292	0.03734780475497246	0.10070694237947464	0.5866155028343201
1293	0.0371372364461422	0.10065314918756485	0.587291419506073
1294	0.036312516778707504	0.10106516629457474	0.5857276320457458
1295	0.03645318001508713	0.1013677716255188	0.5840917229652405
1296	0.03582565113902092	0.10147068649530411	0.583160936832428
1297	0.03655075281858444	0.10144669562578201	0.5827274322509766
1298	0.036965761333703995	0.10119472444057465	0.5833350419998169
1299	0.03682287037372589	0.10065647959709167	0.5858075022697449
1300	0.036705292761325836	0.10059237480163574	0.586579442024231
1301	0.03673398122191429	0.10019263625144958	0.5888280272483826
1302	0.03500436618924141	0.09995231032371521	0.5897810459136963
1303	0.03648390620946884	0.09977753460407257	0.5901932716369629
1304	0.036439199000597	0.09969162195920944	0.590423583984375
1305	0.03653716295957565	0.09978563338518143	0.589881181716919
1306	0.03602469339966774	0.10020279884338379	0.5878459215164185
1307	0.03603474050760269	0.10027823597192764	0.5876024961471558
1308	0.035576675087213516	0.10026657581329346	0.5878599286079407
1309	0.03598656877875328	0.10026095807552338	0.5877175331115723
1310	0.03701137378811836	0.10046576708555222	0.5863654017448425
1311	0.03612981364130974	0.1005900576710701	0.5855388641357422
1312	0.03610160946846008	0.1007458046078682	0.5844522714614868
1313	0.036631494760513306	0.10099384933710098	0.5828121900558472
1314	0.03673761710524559	0.10098585486412048	0.5823415517807007
1315	0.036458954215049744	0.10032312572002411	0.585951030254364
1316	0.03608764335513115	0.09967084228992462	0.5897261500358582
1317	0.036552879959344864	0.09929703921079636	0.5924499034881592
1318	0.036488376557826996	0.09938880801200867	0.592811644077301
1319	0.03654060885310173	0.09936778247356415	0.5928701162338257
1320	0.03653637319803238	0.09955493360757828	0.5917176604270935
1321	0.03631347045302391	0.1002558171749115	0.5881874561309814
1322	0.03634829446673393	0.10087738186120987	0.5853782296180725
1323	0.03685736656188965	0.10132069885730743	0.5839642882347107
1324	0.036434758454561234	0.10147655755281448	0.5840860605239868
1325	0.0372132733464241	0.10159437358379364	0.5842142105102539
1326	0.03588719666004181	0.10144194215536118	0.5854095220565796
1327	0.03728344663977623	0.1012745127081871	0.5865581035614014
1328	0.03626694530248642	0.1015559583902359	0.5860085487365723
1329	0.03640962019562721	0.10211803764104843	0.5845958590507507
1330	0.03659142926335335	0.10256976634263992	0.5828535556793213
1331	0.03699909523129463	0.10291902720928192	0.5806764364242554
1332	0.036248430609703064	0.10299517214298248	0.5795425772666931
1333	0.03691069036722183	0.10283392667770386	0.579538106918335
1334	0.03646833077073097	0.10215722769498825	0.5816532373428345
1335	0.0355691984295845	0.10097455233335495	0.586053192615509
1336	0.03700508177280426	0.09981837123632431	0.5912704467773438
1337	0.035951822996139526	0.09917233884334564	0.5945364832878113
1338	0.03617902100086212	0.09903285652399063	0.5951042771339417
1339	0.036368291825056076	0.09924330562353134	0.5941156148910522
1340	0.03585769981145859	0.09969756752252579	0.5916067957878113
1341	0.036992721259593964	0.10030589252710342	0.5886508226394653
1342	0.03696111589670181	0.10139622539281845	0.5838487148284912
1343	0.036531027406454086	0.10224788635969162	0.5805526971817017
1344	0.036564331501722336	0.10289503633975983	0.5786391496658325
1345	0.03514180704951286	0.10300599783658981	0.5789921879768372
1346	0.03622591495513916	0.10276734083890915	0.5803623199462891
1347	0.035452377051115036	0.10241571813821793	0.5822345018386841
1348	0.03595723956823349	0.10169468820095062	0.5856594443321228
1349	0.035974301397800446	0.10091347992420197	0.5893493890762329
1350	0.03624378889799118	0.10033199191093445	0.5919068455696106
1351	0.03597091883420944	0.0998944640159607	0.5934646129608154
1352	0.03577621281147003	0.09972163289785385	0.5935199856758118
1353	0.037185270339250565	0.09985978156328201	0.591398298740387
1354	0.036374401301145554	0.10030665248632431	0.5884965062141418
1355	0.03590615093708038	0.10101865231990814	0.5849732756614685
1356	0.03575088083744049	0.10130606591701508	0.5838260650634766
1357	0.037209898233413696	0.1013987585902214	0.5838133692741394
1358	0.035831693559885025	0.1014200821518898	0.5847377777099609
1359	0.0366097129881382	0.10119931399822235	0.586483895778656
1360	0.035634707659482956	0.10084830969572067	0.5882903933525085
1361	0.035119201987981796	0.10082250833511353	0.5878778696060181
1362	0.03639524057507515	0.10097555816173553	0.5866206884384155
1363	0.035823754966259	0.10110337287187576	0.5852457880973816
1364	0.0363427996635437	0.10095982998609543	0.5851659178733826
1365	0.0365467332303524	0.1002856120467186	0.5877857804298401
1366	0.03568623214960098	0.09987479448318481	0.5892921090126038
1367	0.036843106150627136	0.09964219480752945	0.5904769897460938
1368	0.03630731627345085	0.09922174364328384	0.5925484299659729
1369	0.03504486382007599	0.09902602434158325	0.593809187412262
1370	0.03649861738085747	0.09912142902612686	0.5935207009315491
1371	0.03623427450656891	0.0994918942451477	0.5913958549499512
1372	0.03575890511274338	0.09976709634065628	0.5894818305969238
1373	0.03585939481854439	0.10007713735103607	0.5878448486328125
1374	0.03630545362830162	0.10000313073396683	0.5880229473114014
1375	0.03666756674647331	0.09993788599967957	0.5888582468032837
1376	0.03533308207988739	0.09970077127218246	0.590589165687561
1377	0.03587043657898903	0.09937591850757599	0.5923286080360413
1378	0.03543829917907715	0.09908081591129303	0.5935330390930176
1379	0.03581228852272034	0.09898938238620758	0.5932390689849854
1380	0.03550833463668823	0.09920723736286163	0.5915632843971252
1381	0.0355532132089138	0.09939960390329361	0.5904186367988586
1382	0.036313626915216446	0.09951332956552505	0.5905940532684326
1383	0.03555482253432274	0.09967418760061264	0.5903668403625488
1384	0.03711623698472977	0.099667027592659	0.5912023186683655
1385	0.03522065654397011	0.09962093085050583	0.5919635891914368
1386	0.035364940762519836	0.09964124113321304	0.5921866297721863
1387	0.03503528609871864	0.09964387118816376	0.5926967263221741
1388	0.03562621399760246	0.0998840183019638	0.5914703011512756
1389	0.03599253296852112	0.10013854503631592	0.5901919007301331
1390	0.03577296808362007	0.10085327178239822	0.5863616466522217
1391	0.035565122961997986	0.100870780646801	0.5856021642684937
1392	0.035205189138650894	0.10082346200942993	0.5857751965522766
1393	0.03421015292406082	0.10101283341646194	0.58502197265625
1394	0.03558272868394852	0.10092094540596008	0.5859456658363342
1395	0.0356561616063118	0.10088632255792618	0.5870577692985535
1396	0.036045897752046585	0.10092692822217941	0.5874135494232178
1397	0.034715231508016586	0.100763700902462	0.5881577730178833
1398	0.03548159822821617	0.10043978691101074	0.5897043943405151
1399	0.035513803362846375	0.10004042834043503	0.5911075472831726
1400	0.03514706715941429	0.09963701665401459	0.5929103493690491
1401	0.035638466477394104	0.09929120540618896	0.5935277342796326
1402	0.03526979312300682	0.0993204116821289	0.5921059250831604
1403	0.03598763793706894	0.09966348856687546	0.5899505615234375
1404	0.034881219267845154	0.10005217045545578	0.5881357192993164
1405	0.03512835502624512	0.10037770122289658	0.5870046019554138
1406	0.03551281616091728	0.10062693059444427	0.5865607857704163
1407	0.03502652421593666	0.10073786228895187	0.5870466828346252
1408	0.035609353333711624	0.1008618101477623	0.5875312685966492
1409	0.036283399909734726	0.10088029503822327	0.58794105052948
1410	0.03577233478426933	0.1006162166595459	0.5896590948104858
1411	0.03524406999349594	0.10041548311710358	0.59050452709198
1412	0.036064352840185165	0.10045365989208221	0.5901312828063965
1413	0.035001084208488464	0.10064105689525604	0.5890520811080933
1414	0.03488162159919739	0.10089672356843948	0.5875848531723022
1415	0.03507401794195175	0.10129091143608093	0.5860720276832581
1416	0.03537941351532936	0.10138754546642303	0.5861190557479858
1417	0.03570590540766716	0.1014777272939682	0.586517333984375
1418	0.03607471287250519	0.10171149671077728	0.5864003300666809
1419	0.036536164581775665	0.10209745168685913	0.5856047868728638
1420	0.03585648909211159	0.10191252082586288	0.5868810415267944
1421	0.03500740975141525	0.10162518918514252	0.5878562927246094
1422	0.035119086503982544	0.10135459154844284	0.5885571241378784
1423	0.03532828390598297	0.10130741447210312	0.5883046984672546
1424	0.035078223794698715	0.10118712484836578	0.5877441763877869
1425	0.035035427659749985	0.10134027153253555	0.586361825466156
1426	0.03474791347980499	0.10161485522985458	0.5851245522499084
1427	0.03572889789938927	0.1018165871500969	0.5844113230705261
1428	0.03532414510846138	0.10161509364843369	0.5855064988136292
1429	0.035352084785699844	0.10167425870895386	0.5857709050178528
1430	0.03570251166820526	0.10144605487585068	0.5869336128234863
1431	0.03573048859834671	0.10097482055425644	0.5888447165489197
1432	0.035218436270952225	0.1005970686674118	0.5909242033958435
1433	0.03503284975886345	0.1005980595946312	0.5910100340843201
1434	0.03478801250457764	0.10074062645435333	0.5894951820373535
1435	0.0350789912045002	0.10086338967084885	0.5883752703666687
1436	0.03515627607703209	0.10104820132255554	0.5869570374488831
1437	0.03483053296804428	0.10112332552671432	0.5860198736190796
1438	0.03568829596042633	0.10091041028499603	0.5869383811950684
1439	0.03528039902448654	0.10058090090751648	0.5884917974472046
1440	0.03530270233750343	0.10031358152627945	0.5898398756980896
1441	0.03527924045920372	0.10010690242052078	0.5909210443496704
1442	0.035067118704319	0.10028982162475586	0.5906316637992859
1443	0.03547411039471626	0.10078734159469604	0.588603675365448
1444	0.03477238491177559	0.10140956193208694	0.586051881313324
1445	0.0347064733505249	0.10171211510896683	0.5848907828330994
1446	0.03535336256027222	0.10180864483118057	0.5843837261199951
1447	0.034970611333847046	0.10134505480527878	0.5864109992980957
1448	0.034376829862594604	0.10080792754888535	0.5884909629821777
1449	0.03609238937497139	0.10019892454147339	0.5910165905952454
1450	0.03581250458955765	0.09991022944450378	0.5925150513648987
1451	0.03459196537733078	0.0998760387301445	0.5922858119010925
1452	0.03510694578289986	0.10000874847173691	0.5914443731307983
1453	0.03540161997079849	0.1004248708486557	0.5895170569419861
1454	0.03574188053607941	0.10060584545135498	0.5884826183319092
1455	0.03495023772120476	0.10088208317756653	0.5871846675872803
1456	0.03588047996163368	0.10103996843099594	0.5866357088088989
1457	0.0345282107591629	0.10124541074037552	0.586203396320343
1458	0.035224031656980515	0.10122735798358917	0.5867746472358704
1459	0.03484930470585823	0.10103658586740494	0.5880997776985168
1460	0.034796781837940216	0.10068124532699585	0.5896495580673218
1461	0.034802716225385666	0.10026051104068756	0.5913633704185486
1462	0.035283271223306656	0.10002769529819489	0.5924704074859619
1463	0.03411642834544182	0.09973353147506714	0.5934233665466309
1464	0.035536810755729675	0.09953977912664413	0.5934992432594299
1465	0.03500882163643837	0.09967079758644104	0.592139482498169
1466	0.03470679372549057	0.1001410111784935	0.5892555117607117
1467	0.03448791801929474	0.10048015415668488	0.5870653986930847
1468	0.03489012271165848	0.1005568653345108	0.5862532258033752
1469	0.035713739693164825	0.1002855896949768	0.5876665115356445
1470	0.035401444882154465	0.09966693818569183	0.5912489891052246
1471	0.03424450382590294	0.09959013760089874	0.5920664072036743
1472	0.03430918976664543	0.09967456758022308	0.5917537212371826
1473	0.03501416742801666	0.09979844093322754	0.5911981463432312
1474	0.03483970835804939	0.09995679557323456	0.5906863212585449
1475	0.035231951624155045	0.10034166276454926	0.5895721912384033
1476	0.035276081413030624	0.10069403797388077	0.5880988240242004
1477	0.03412799537181854	0.10151352733373642	0.5855361819267273
1478	0.03464335948228836	0.10222984850406647	0.5833011865615845
1479	0.034869544208049774	0.1024828553199768	0.5833618640899658
1480	0.03478756546974182	0.10184013098478317	0.5867064595222473
1481	0.03446312993764877	0.1012541800737381	0.589436411857605
1482	0.03442730754613876	0.10090543329715729	0.5915236473083496
1483	0.03489666432142258	0.10093763470649719	0.5914148092269897
1484	0.03413594141602516	0.10084114968776703	0.5912154316902161
1485	0.0342133529484272	0.10079073905944824	0.5902829170227051
1486	0.03462384268641472	0.10055194795131683	0.5898246169090271
1487	0.03501482680439949	0.10030996054410934	0.5898714661598206
1488	0.03432806581258774	0.10012015700340271	0.5901193618774414
1489	0.03453484922647476	0.0999283418059349	0.5905943512916565
1490	0.03379136696457863	0.10014446079730988	0.5890973210334778
1491	0.034283947199583054	0.1004871279001236	0.5874778628349304
1492	0.03452637046575546	0.10055673867464066	0.5876962542533875
1493	0.03407587856054306	0.10060761123895645	0.5883675217628479
1494	0.03409860283136368	0.10070039331912994	0.5892046093940735
1495	0.03405047953128815	0.10105911642313004	0.5891953110694885
1496	0.03472473844885826	0.10131699591875076	0.5887912511825562
1497	0.034532275050878525	0.1013161838054657	0.5892476439476013
1498	0.03433249518275261	0.1013454720377922	0.5896872878074646
1499	0.03409675136208534	0.10099691897630692	0.5911623239517212
1500	0.033907607197761536	0.1006535217165947	0.5926570892333984
1501	0.034668125212192535	0.10058382898569107	0.5922012329101562
1502	0.03479458764195442	0.1006283313035965	0.5910558104515076
1503	0.03482447937130928	0.10075202584266663	0.5896685123443604
1504	0.03313657268881798	0.10089289397001266	0.5889654755592346
1505	0.034295253455638885	0.10112546384334564	0.5883569717407227
1506	0.035546787083148956	0.10134083777666092	0.58808434009552
1507	0.03363272547721863	0.1015377789735794	0.5876221060752869
1508	0.03475624695420265	0.10149796307086945	0.587650716304779
1509	0.03390157222747803	0.10155564546585083	0.5871820449829102
1510	0.0346265584230423	0.10133940726518631	0.587945818901062
1511	0.03411724790930748	0.10089457035064697	0.5898025035858154
1512	0.03360385820269585	0.10030416399240494	0.5923692584037781
1513	0.03438249230384827	0.10012409090995789	0.5927590131759644
1514	0.03439273685216904	0.10010172426700592	0.592146635055542
1515	0.03413241729140282	0.10014567524194717	0.5913175940513611
1516	0.03461703658103943	0.10047722607851028	0.5896978974342346
1517	0.03448774665594101	0.10064590722322464	0.589134693145752
1518	0.03396783769130707	0.10050233453512192	0.5904189944267273
1519	0.03426565229892731	0.10061933845281601	0.5905037522315979
1520	0.034400321543216705	0.10090227425098419	0.5894214510917664
1521	0.03399991989135742	0.10071985423564911	0.5898529291152954
1522	0.03446812182664871	0.10047450661659241	0.5908531546592712
1523	0.03515768051147461	0.10030461102724075	0.5915408134460449
1524	0.0344436876475811	0.10018998384475708	0.5916568040847778
1525	0.034097108989953995	0.10021324455738068	0.5916019678115845
1526	0.0345454178750515	0.10046041011810303	0.5909173488616943
1527	0.034147754311561584	0.10076826810836792	0.5901462435722351
1528	0.034174807369709015	0.10073231160640717	0.590640127658844
1529	0.03444775193929672	0.10058693587779999	0.5911726951599121
1530	0.03441702574491501	0.10046464949846268	0.5913516879081726
1531	0.034464750438928604	0.10049783438444138	0.5912219882011414
1532	0.03310367465019226	0.10034633427858353	0.5920348763465881
1533	0.035086169838905334	0.10042281448841095	0.592171311378479
1534	0.034060265868902206	0.10058601200580597	0.5916936993598938
1535	0.03476865589618683	0.10096137225627899	0.5898929238319397
1536	0.034397803246974945	0.101370669901371	0.5878666043281555
1537	0.034263789653778076	0.10155279189348221	0.5870699882507324
1538	0.03434067592024803	0.10173124074935913	0.5863986015319824
1539	0.03375186771154404	0.10169225931167603	0.5869778394699097
1540	0.033601127564907074	0.10167564451694489	0.5877440571784973
1541	0.034744568169116974	0.10158881545066833	0.5888885855674744
1542	0.03380545601248741	0.1013803705573082	0.5904102921485901
1543	0.03379036486148834	0.10117459297180176	0.5911902785301208
1544	0.033500973135232925	0.10097266733646393	0.5912379622459412
1545	0.033918291330337524	0.10082805156707764	0.5911318063735962
1546	0.03429187089204788	0.10118551552295685	0.5893419981002808
1547	0.03372880816459656	0.10135874152183533	0.5885997414588928
1548	0.03342973813414574	0.10146444290876389	0.5880419611930847
1549	0.033648256212472916	0.10132530331611633	0.5886956453323364
1550	0.0341620035469532	0.10124465078115463	0.5892745852470398
1551	0.03355857729911804	0.10101817548274994	0.5901289582252502
1552	0.03381584584712982	0.10095912963151932	0.5898854732513428
1553	0.03344301879405975	0.10055611282587051	0.5907306671142578
1554	0.033978983759880066	0.10022440552711487	0.591418981552124
1555	0.03428313881158829	0.09978825598955154	0.5925439596176147
1556	0.034095391631126404	0.09939910471439362	0.5941156148910522
1557	0.03345225006341934	0.09902682900428772	0.5958858132362366
1558	0.03450500965118408	0.09867465496063232	0.5975117087364197
1559	0.033617932349443436	0.09868212789297104	0.598090648651123
1560	0.034394413232803345	0.09870897233486176	0.59779953956604
1561	0.0338912159204483	0.09888850897550583	0.5969696044921875
1562	0.0345667339861393	0.09921766072511673	0.5951323509216309
1563	0.0330694243311882	0.09938130527734756	0.5936939120292664
1564	0.03343261778354645	0.09982087463140488	0.591214120388031
1565	0.03375677764415741	0.09995374083518982	0.5901806950569153
1566	0.03404900059103966	0.1002192497253418	0.5891842842102051
1567	0.0329279750585556	0.10055840760469437	0.5888099074363708
1568	0.034260932356119156	0.10070918500423431	0.5887264013290405
1569	0.033803924918174744	0.10078363120555878	0.5888400673866272
1570	0.033769480884075165	0.10060185194015503	0.5900799632072449
1571	0.0332091748714447	0.10046453773975372	0.5913756489753723
1572	0.03329682722687721	0.10028026252985	0.5924439430236816
1573	0.03356257826089859	0.10024913400411606	0.592277467250824
1574	0.033969081938266754	0.10005184262990952	0.5928423404693604
1575	0.03262592479586601	0.09993332624435425	0.5929412245750427
1576	0.03372248262166977	0.09983576834201813	0.5928825736045837
1577	0.034680046141147614	0.09995655715465546	0.5920601487159729
1578	0.033300772309303284	0.10032698512077332	0.5906062126159668
1579	0.033215053379535675	0.100751593708992	0.5888720154762268
1580	0.033534564077854156	0.10085415095090866	0.5887389183044434
1581	0.03382072597742081	0.10073109716176987	0.5896396636962891
1582	0.033726371824741364	0.1002519279718399	0.5917518138885498
1583	0.03366408124566078	0.09964710474014282	0.5935194492340088
1584	0.03324469178915024	0.09947356581687927	0.5937463641166687
1585	0.03332063555717468	0.09949430823326111	0.593275785446167
1586	0.033553533256053925	0.09952135384082794	0.5927436351776123
1587	0.03357832506299019	0.0993909016251564	0.5931362509727478
1588	0.03403470665216446	0.09957216680049896	0.5924086570739746
1589	0.03257984668016434	0.09967534989118576	0.592267632484436
1590	0.033542897552251816	0.10019522160291672	0.5907279849052429
1591	0.03299294039607048	0.10090164095163345	0.5884612798690796
1592	0.03318937495350838	0.10137566924095154	0.5869467854499817
1593	0.03287652134895325	0.10145829617977142	0.5866811275482178
1594	0.03292345255613327	0.10114210844039917	0.5879296064376831
1595	0.03321588784456253	0.10069677978754044	0.590023398399353
1596	0.033977556973695755	0.10045476257801056	0.59111088514328
1597	0.032807737588882446	0.10018397867679596	0.5918315649032593
1598	0.033711183816194534	0.10004331916570663	0.5920041799545288
1599	0.03403865545988083	0.09990174323320389	0.5918487310409546
1600	0.03299891576170921	0.1002836525440216	0.5895142555236816
1601	0.03399753198027611	0.10072677582502365	0.5875749588012695
1602	0.03344079107046127	0.10089796781539917	0.5872619152069092
1603	0.032334160059690475	0.10068890452384949	0.5888181924819946
1604	0.03388959541916847	0.10059192031621933	0.5898612141609192
1605	0.03349754586815834	0.1003124862909317	0.5914753675460815
1606	0.03292214125394821	0.09988342225551605	0.5939617156982422
1607	0.03290044516324997	0.09941212832927704	0.5955135226249695
1608	0.03349202126264572	0.09904134273529053	0.5961076617240906
1609	0.03378617390990257	0.0986114889383316	0.5970913171768188
1610	0.033193930983543396	0.09840311855077744	0.5975026488304138
1611	0.033463913947343826	0.09847459942102432	0.5966710448265076
1612	0.033011335879564285	0.09874460101127625	0.5951620936393738
1613	0.033830415457487106	0.09939607977867126	0.5924678444862366
1614	0.033383775502443314	0.10012149065732956	0.5890563130378723
1615	0.03320103511214256	0.10071226209402084	0.5866725444793701
1616	0.032903533428907394	0.10115024447441101	0.585218071937561
1617	0.032452765852212906	0.10167551785707474	0.5840390920639038
1618	0.03293602541089058	0.10186909139156342	0.5843445062637329
1619	0.03316029906272888	0.10174764692783356	0.5860038995742798
1620	0.0336296409368515	0.10090499371290207	0.589950680732727
1621	0.03358343616127968	0.10015039145946503	0.5931707620620728
1622	0.03363915532827377	0.09938979148864746	0.5957714319229126
1623	0.033046185970306396	0.09888725727796555	0.5965362191200256
1624	0.03297463431954384	0.09883112460374832	0.5953366756439209
1625	0.03330410644412041	0.09882581979036331	0.5942549109458923
1626	0.03316241130232811	0.09900278598070145	0.5932461023330688
1627	0.033026114106178284	0.09940067678689957	0.5919656753540039
1628	0.03317992389202118	0.10010122507810593	0.5900380611419678
1629	0.033602915704250336	0.10073775053024292	0.5888721346855164
1630	0.03357057273387909	0.10138802975416183	0.5873233675956726
1631	0.032810378819704056	0.10170948505401611	0.5868914127349854
1632	0.03319269418716431	0.10175752639770508	0.5873441100120544
1633	0.03254304081201553	0.1014801412820816	0.5893765091896057
1634	0.03339206799864769	0.10081736743450165	0.5918850302696228
1635	0.03363789990544319	0.10016804933547974	0.5936882495880127
1636	0.03314752131700516	0.09974728524684906	0.5939018726348877
1637	0.03269390016794205	0.09955758601427078	0.5932605862617493
1638	0.0335230827331543	0.09957164525985718	0.592056930065155
1639	0.03335106745362282	0.09984535723924637	0.5904380679130554
1640	0.03250020369887352	0.09985462576150894	0.5907055139541626
1641	0.03339160978794098	0.09986648708581924	0.59129399061203
1642	0.032873447984457016	0.10000117123126984	0.5916783213615417
1643	0.033251646906137466	0.10019190609455109	0.5923823714256287
1644	0.03308972716331482	0.10026627779006958	0.5934137105941772
1645	0.03217057138681412	0.10042852908372879	0.5932044386863708
1646	0.03296296298503876	0.10063189268112183	0.5916140079498291
1647	0.03202078863978386	0.10068600624799728	0.5900775194168091
1648	0.033356137573719025	0.10061196237802505	0.5887930989265442
1649	0.03327876701951027	0.10005565732717514	0.589544951915741
1650	0.03338899835944176	0.09952385723590851	0.5908739566802979
1651	0.03300095722079277	0.09908293932676315	0.5924428105354309
1652	0.031880445778369904	0.09850157797336578	0.5949686169624329
1653	0.032311681658029556	0.09815181791782379	0.5970383882522583
1654	0.0333193875849247	0.09806112945079803	0.5983399748802185
1655	0.03368234261870384	0.09809039533138275	0.5988966822624207
1656	0.03380255028605461	0.0984865203499794	0.5980942845344543
1657	0.03334560990333557	0.09914718568325043	0.5955125093460083
1658	0.033146604895591736	0.09967391192913055	0.5928668975830078
1659	0.03300751745700836	0.10016138851642609	0.5905414819717407
1660	0.03246269002556801	0.10033529996871948	0.5893244743347168
1661	0.033074524253606796	0.10044454038143158	0.5888231992721558
1662	0.0321459099650383	0.10032802075147629	0.5891550183296204
1663	0.0330575592815876	0.10015017539262772	0.5900642275810242
1664	0.03263930603861809	0.09967967867851257	0.5924346446990967
1665	0.032752614468336105	0.09933607280254364	0.5943395495414734
1666	0.03324095904827118	0.09932616353034973	0.5949081182479858
1667	0.033388420939445496	0.09956911951303482	0.594285786151886
1668	0.032271336764097214	0.09987270832061768	0.593168318271637
1669	0.03246748074889183	0.10023223608732224	0.5915205478668213
1670	0.03321921080350876	0.10073810070753098	0.5883758068084717
1671	0.032125670462846756	0.10121959447860718	0.585755467414856
1672	0.03270328789949417	0.10125046968460083	0.5850642919540405
1673	0.03270750865340233	0.1008167415857315	0.5865330100059509
1674	0.03310944139957428	0.10008687525987625	0.5905017256736755
1675	0.0325474888086319	0.09919992834329605	0.5942842960357666
1676	0.03319256007671356	0.09854362159967422	0.5969955325126648
1677	0.03344225138425827	0.0984698235988617	0.5974858403205872
1678	0.03230096772313118	0.0986928641796112	0.596662700176239
1679	0.03215813636779785	0.09915340691804886	0.5947403907775879
1680	0.03210422396659851	0.09973260015249252	0.5925000309944153
1681	0.032901614904403687	0.09986724704504013	0.5913771986961365
1682	0.03293098881840706	0.09987843781709671	0.5916342735290527
1683	0.032154630869627	0.10001109540462494	0.591342568397522
1684	0.03254997357726097	0.09989533573389053	0.5923513174057007
1685	0.03209707513451576	0.09981097280979156	0.5932294726371765
1686	0.03304743021726608	0.09972141683101654	0.5935953855514526
1687	0.03312674164772034	0.09952768683433533	0.5943478345870972
1688	0.032530348747968674	0.09950928390026093	0.5942904353141785
1689	0.03308907896280289	0.09967850148677826	0.5933640599250793
1690	0.03242945671081543	0.09985682368278503	0.5921777486801147
1691	0.03215297311544418	0.10005805641412735	0.5909855961799622
1692	0.031797196716070175	0.10020044445991516	0.5903327465057373
1693	0.03233736753463745	0.10012432932853699	0.5908488631248474
1694	0.03206769376993179	0.09973453730344772	0.5931913256645203
1695	0.03183886408805847	0.09949099272489548	0.594903826713562
1696	0.0327916219830513	0.09942428767681122	0.5961582064628601
1697	0.033279284834861755	0.09937367588281631	0.5970162749290466
1698	0.032534290105104446	0.09929364174604416	0.5972413420677185
1699	0.0319918729364872	0.09934596717357635	0.5971947908401489
1700	0.03320184722542763	0.09967106580734253	0.5958417654037476
1701	0.032785844057798386	0.09990362823009491	0.5945968627929688
1702	0.03228727728128433	0.10012669116258621	0.5928807854652405
1703	0.03163320571184158	0.10048089176416397	0.5904713273048401
1704	0.03292889893054962	0.10098583251237869	0.5873574018478394
1705	0.03227609023451805	0.10120425373315811	0.5856136679649353
1706	0.03296021744608879	0.10072021186351776	0.5871713757514954
1707	0.03256899118423462	0.09999756515026093	0.5899530649185181
1708	0.03257302567362785	0.0991254448890686	0.593137264251709
1709	0.03276180848479271	0.09825344383716583	0.596962034702301
1710	0.03280579298734665	0.09771127998828888	0.5994229316711426
1711	0.032564397901296616	0.09754013270139694	0.5998887419700623
1712	0.03262602165341377	0.0973154678940773	0.600273072719574
1713	0.03255004063248634	0.09738677740097046	0.5999020338058472
1714	0.03246501088142395	0.09771617501974106	0.5983703136444092
1715	0.03230378404259682	0.09800875186920166	0.5971887707710266
1716	0.03156853839755058	0.09823396056890488	0.5964345335960388
1717	0.03288041800260544	0.0984506607055664	0.5960726737976074
1718	0.0323186032474041	0.09881946444511414	0.5952180027961731
1719	0.031907819211483	0.09934332221746445	0.5939971804618835
1720	0.032073814421892166	0.09979034960269928	0.5931207537651062
1721	0.032357748597860336	0.10002747178077698	0.5923255085945129
1722	0.03182933107018471	0.10016928613185883	0.5910714864730835
1723	0.03224853426218033	0.10018427670001984	0.5904765725135803
1724	0.03273623064160347	0.100045345723629	0.5904769897460938
1725	0.0310057383030653	0.09990748763084412	0.5903428196907043
1726	0.03204138204455376	0.09984231740236282	0.59041827917099
1727	0.0318446010351181	0.0996042862534523	0.5915079712867737
1728	0.03226447477936745	0.09925531595945358	0.5932967662811279
1729	0.032179128378629684	0.09929094463586807	0.5935055017471313
1730	0.03269948810338974	0.09916304796934128	0.5942223072052002
1731	0.03233450651168823	0.09958633035421371	0.5925135612487793
1732	0.03243453800678253	0.09994161874055862	0.5914354920387268
1733	0.03252329304814339	0.10037175565958023	0.5899456143379211
1734	0.032939936965703964	0.1006234735250473	0.5887595415115356
1735	0.03235078230500221	0.10038591176271439	0.5900105834007263
1736	0.03211596608161926	0.09992408007383347	0.5918754935264587
1737	0.032061681151390076	0.0997319445014	0.5930498838424683
1738	0.03270832076668739	0.09958313405513763	0.5940344929695129
1739	0.03213174641132355	0.09916278719902039	0.5956516265869141
1740	0.03181189298629761	0.0986374244093895	0.5968337655067444
1741	0.03179338574409485	0.0982276052236557	0.5973243713378906
1742	0.031709935516119	0.09774605184793472	0.598753809928894
1743	0.03249131143093109	0.09751708805561066	0.5992791652679443
1744	0.03225524351000786	0.09742464125156403	0.599661111831665
1745	0.031728871166706085	0.09763377159833908	0.5993658900260925
1746	0.03182653337717056	0.09781745076179504	0.5995849967002869
1747	0.03266584500670433	0.09835026413202286	0.5984858870506287
1748	0.03172281011939049	0.09907078742980957	0.5963993072509766
1749	0.03227647766470909	0.09987174719572067	0.5939967036247253
1750	0.03196604549884796	0.10060904175043106	0.591267466545105
1751	0.032492686063051224	0.10117768496274948	0.5887266397476196
1752	0.03244483470916748	0.10172475874423981	0.585956335067749
1753	0.03194553032517433	0.10197462141513824	0.5847829580307007
1754	0.03235793486237526	0.10150324553251266	0.5866224765777588
1755	0.03280361369252205	0.10065542906522751	0.589759111404419
1756	0.0326521098613739	0.0998915359377861	0.5926570296287537
1757	0.03211989253759384	0.09899242222309113	0.5964168906211853
1758	0.03200114518404007	0.0984676331281662	0.5988197922706604
1759	0.032294634729623795	0.09826187789440155	0.599647581577301
1760	0.03168364241719246	0.09816399216651917	0.5995851755142212
1761	0.03262414410710335	0.09815987199544907	0.5994662642478943
1762	0.03208330273628235	0.09843041747808456	0.5975990891456604
1763	0.031857267022132874	0.09899186342954636	0.5943778157234192
1764	0.03334314003586769	0.09950058907270432	0.5918148756027222
1765	0.03305322304368019	0.09980446845293045	0.5903975963592529
1766	0.03306278586387634	0.10017117112874985	0.5895760655403137
1767	0.03169203922152519	0.10036103427410126	0.5902181267738342
1768	0.03210541978478432	0.10012903064489365	0.5928097367286682
1769	0.03228241205215454	0.09994646906852722	0.5945258140563965
1770	0.031648971140384674	0.09886369854211807	0.5981748700141907
1771	0.03227486461400986	0.0985991358757019	0.5990672707557678
1772	0.03174576908349991	0.09844076633453369	0.5986473560333252
1773	0.03236363083124161	0.09834770113229752	0.597580075263977
1774	0.03174750134348869	0.0987669825553894	0.5945079922676086
1775	0.032735150307416916	0.0990983247756958	0.5926053524017334
1776	0.03244698420166969	0.09941865503787994	0.5914883613586426
1777	0.031503818929195404	0.09968046098947525	0.5909093022346497
1778	0.03215246647596359	0.09943559020757675	0.592803955078125
1779	0.031548723578453064	0.09925153851509094	0.5942913889884949
1780	0.03156498447060585	0.0989130511879921	0.5965883731842041
1781	0.03204787150025368	0.09881521761417389	0.5978856682777405
1782	0.03218982368707657	0.09855232387781143	0.5992704629898071
1783	0.0319676473736763	0.09838144481182098	0.5997958183288574
1784	0.03320270776748657	0.09831128269433975	0.5995721817016602
1785	0.031548913568258286	0.09833046793937683	0.5992940664291382
1786	0.032319046556949615	0.09838581085205078	0.59873366355896
1787	0.032405734062194824	0.0983256995677948	0.5983883738517761
1788	0.03155513480305672	0.09820674359798431	0.5982515215873718
1789	0.03135205805301666	0.09821946918964386	0.5979283452033997
1790	0.03232169523835182	0.0983409732580185	0.5976940393447876
1791	0.032160136848688126	0.0985761359333992	0.5973122119903564
1792	0.0320858359336853	0.09868396818637848	0.5974038243293762
1793	0.031670261174440384	0.09868306666612625	0.5977764129638672
1794	0.03192593529820442	0.09857222437858582	0.598334550857544
1795	0.03166702017188072	0.09857293963432312	0.5980518460273743
1796	0.03174104169011116	0.09853093326091766	0.597743809223175
1797	0.03128158301115036	0.09840484708547592	0.5976988673210144
1798	0.03207028657197952	0.0985691249370575	0.597201406955719
1799	0.032644934952259064	0.09905111789703369	0.5958482027053833
1800	0.031478047370910645	0.09822532534599304	0.598406195640564
1801	0.03196684271097183	0.09822386503219604	0.5984027981758118
1802	0.032166820019483566	0.09836456179618835	0.5981769561767578
1803	0.03179091960191727	0.09844261407852173	0.5981717109680176
1804	0.03183364123106003	0.09863597899675369	0.597309947013855
1805	0.03192029520869255	0.09900325536727905	0.596077561378479
1806	0.031205208972096443	0.09912833571434021	0.5955299139022827
1807	0.032798733562231064	0.09945927560329437	0.5942577123641968
1808	0.031146220862865448	0.09964455664157867	0.5936006307601929
1809	0.03150348737835884	0.09963344782590866	0.5935556292533875
1810	0.03156239539384842	0.09926604479551315	0.5949264168739319
1811	0.03211800754070282	0.09895595908164978	0.5955680012702942
1812	0.03102976083755493	0.09872658550739288	0.5959325432777405
1813	0.03228858485817909	0.09881265461444855	0.5954639315605164
1814	0.03180750086903572	0.09897520393133163	0.5946397185325623
1815	0.03142860531806946	0.09910738468170166	0.5941036343574524
1816	0.03192899376153946	0.09919964522123337	0.5943071842193604
1817	0.03214077278971672	0.09913438558578491	0.5952973365783691
1818	0.03137883171439171	0.09906060993671417	0.5965158343315125
1819	0.032090961933135986	0.0991092249751091	0.5965749621391296
1820	0.030761608853936195	0.09895670413970947	0.5971516966819763
1821	0.03166234493255615	0.0987042486667633	0.5980086326599121
1822	0.03245960548520088	0.0986996442079544	0.5977264642715454
1823	0.03186760097742081	0.09861070662736893	0.598274827003479
1824	0.031854547560214996	0.09873819351196289	0.5979175567626953
1825	0.031098032370209694	0.0988195538520813	0.5976921319961548
1826	0.031300149857997894	0.09893524646759033	0.5974732041358948
1827	0.031896788626909256	0.09924186021089554	0.5963100790977478
1828	0.03238546475768089	0.09953538328409195	0.5953049659729004
1829	0.03198164328932762	0.09997238963842392	0.5933427810668945
1830	0.03192945942282677	0.10026317089796066	0.5919853448867798
1831	0.0320231057703495	0.10038677603006363	0.5915454626083374
1832	0.03143760934472084	0.10036220401525497	0.5917828679084778
1833	0.03143022209405899	0.10021350532770157	0.5926136374473572
1834	0.03200967609882355	0.10003461688756943	0.5935463309288025
1835	0.031498219817876816	0.09973099082708359	0.5945971012115479
1836	0.03215978667140007	0.09961362928152084	0.5949845314025879
1837	0.031539544463157654	0.09900002181529999	0.5968727469444275
1838	0.030974842607975006	0.09854048490524292	0.5984562039375305
1839	0.03107426129281521	0.09837041795253754	0.5987046360969543
1840	0.03098336048424244	0.09830759465694427	0.5988184213638306
1841	0.03209122270345688	0.09831617772579193	0.5984618663787842
1842	0.03221727907657623	0.09852229803800583	0.5972502827644348
1843	0.03153553232550621	0.09870065003633499	0.5964205265045166
1844	0.03138444945216179	0.09870270639657974	0.5961958765983582
1845	0.03150836378335953	0.098727747797966	0.5959075093269348
1846	0.031127849593758583	0.09880281984806061	0.5957498550415039
1847	0.03142774850130081	0.09914284944534302	0.5950667858123779
1848	0.031075559556484222	0.09953950345516205	0.5945040583610535
1849	0.03156174719333649	0.09965920448303223	0.594568133354187
1850	0.03207765892148018	0.09933798015117645	0.5957247018814087
1851	0.03163295239210129	0.09893432259559631	0.5966386198997498
1852	0.03166975826025009	0.09862345457077026	0.5969476103782654
1853	0.0312601737678051	0.09845263510942459	0.5970782041549683
1854	0.031295809894800186	0.09849292784929276	0.5961924195289612
1855	0.031205499544739723	0.09823905676603317	0.5966610908508301
1856	0.031139923259615898	0.09783110022544861	0.5982518792152405
1857	0.031854577362537384	0.09734661132097244	0.6003328561782837
1858	0.03088373690843582	0.09698797762393951	0.6016903519630432
1859	0.03178051859140396	0.09701358526945114	0.601407527923584
1860	0.03132237493991852	0.09711341559886932	0.6012254953384399
1861	0.031285449862480164	0.09738003462553024	0.6005971431732178
1862	0.031463008373975754	0.09763433784246445	0.5998072624206543
1863	0.030755888670682907	0.09790655970573425	0.5990142822265625
1864	0.030935203656554222	0.0983143299818039	0.5972446203231812
1865	0.030576191842556	0.09875388443470001	0.5957565307617188
1866	0.03155224770307541	0.098994180560112	0.5949720740318298
1867	0.030737919732928276	0.09913504868745804	0.5945351719856262
1868	0.03200172260403633	0.0992143526673317	0.5942456126213074
1869	0.03100043348968029	0.09904904663562775	0.594883382320404
1870	0.03156357258558273	0.09902067482471466	0.5949094891548157
1871	0.03113444335758686	0.09912953525781631	0.5950163006782532
1872	0.03141425549983978	0.09897014498710632	0.595939040184021
1873	0.030907731503248215	0.09895491600036621	0.5956394076347351
1874	0.03149663656949997	0.09923950582742691	0.5941433310508728
1875	0.03175005689263344	0.09929961711168289	0.5936682820320129
1876	0.031139086931943893	0.09917336702346802	0.5942202210426331
1877	0.030962318181991577	0.09896824508905411	0.5951263308525085
1878	0.03114286996424198	0.09887415915727615	0.5960536599159241
1879	0.03082769550383091	0.09884258359670639	0.5968692898750305
1880	0.030796581879258156	0.0988854169845581	0.5970358848571777
1881	0.03143596276640892	0.09891688078641891	0.5971580743789673
1882	0.030739085748791695	0.09900631010532379	0.5967242121696472
1883	0.03115096315741539	0.09915593266487122	0.5955400466918945
1884	0.030787182971835136	0.09952740371227264	0.593450129032135
1885	0.031038207933306694	0.09975652396678925	0.5923052430152893
1886	0.03109448216855526	0.09949960559606552	0.5931215882301331
1887	0.03048383630812168	0.09899913519620895	0.5954257845878601
1888	0.03154095634818077	0.09834761172533035	0.5985677242279053
1889	0.031288422644138336	0.09781607240438461	0.6015805006027222
1890	0.031087838113307953	0.0976080521941185	0.6031813025474548
1891	0.031292591243982315	0.0976199358701706	0.6038019061088562
1892	0.031237278133630753	0.09802274405956268	0.601804792881012
1893	0.03120976872742176	0.09870964288711548	0.5983566641807556
1894	0.031569089740514755	0.09921187162399292	0.5960176587104797
1895	0.031077437102794647	0.09961609542369843	0.5940181016921997
1896	0.031144917011260986	0.1000392958521843	0.5920898914337158
1897	0.031385816633701324	0.10043001174926758	0.5902631878852844
1898	0.030996140092611313	0.10069207102060318	0.5893153548240662
1899	0.031067006289958954	0.10086244344711304	0.5892500877380371
1900	0.031142454594373703	0.10060524940490723	0.5913758277893066
1901	0.031039781868457794	0.10058851540088654	0.5925576686859131
1902	0.030529314652085304	0.10050185769796371	0.5942848920822144
1903	0.03067881055176258	0.10030757635831833	0.5950314402580261
1904	0.031216831877827644	0.1000298336148262	0.5956127047538757
1905	0.03146539628505707	0.09984035789966583	0.5954694151878357
1906	0.03101939707994461	0.09960271418094635	0.595307469367981
1907	0.03149916231632233	0.09966951608657837	0.5941736102104187
1908	0.0313875637948513	0.09967388957738876	0.593599796295166
1909	0.030808797106146812	0.09945428371429443	0.5943095684051514
1910	0.030298085883259773	0.09898098558187485	0.5957235097885132
1911	0.03100208006799221	0.09880124777555466	0.5960884094238281
1912	0.03174659609794617	0.0987299457192421	0.5962138772010803
1913	0.03119545243680477	0.09879447519779205	0.5958996415138245
1914	0.030619431287050247	0.09872682392597198	0.5963001847267151
1915	0.03173234313726425	0.09875859320163727	0.5968109369277954
1916	0.03137263283133507	0.09846001863479614	0.5980727076530457
1917	0.0312717966735363	0.09830222278833389	0.5985759496688843
1918	0.03066900558769703	0.09818729758262634	0.5988054871559143
1919	0.0307933297008276	0.0981237068772316	0.5987474918365479
1920	0.03126581013202667	0.0981735810637474	0.5977996587753296
1921	0.031046412885189056	0.09809759259223938	0.5972234606742859
1922	0.03125082328915596	0.09814464300870895	0.5963637232780457
1923	0.0305534228682518	0.09841880947351456	0.5947580337524414
1924	0.03123154677450657	0.09839031100273132	0.5950264930725098
1925	0.03146094083786011	0.09826601296663284	0.5961174368858337
1926	0.030854038894176483	0.09798799455165863	0.5981747508049011
1927	0.030876126140356064	0.09792592376470566	0.5988779664039612
1928	0.030407173559069633	0.09804870188236237	0.5985170602798462
1929	0.031073296442627907	0.0983458086848259	0.5975539684295654
1930	0.031082313507795334	0.0987800806760788	0.5957667231559753
1931	0.030041102319955826	0.09903053939342499	0.59493488073349
1932	0.031088698655366898	0.09938938915729523	0.5934821367263794
1933	0.03064625710248947	0.0996045470237732	0.5929340124130249
1934	0.0304206982254982	0.09950543195009232	0.5935230255126953
1935	0.03128201514482498	0.09909733384847641	0.5953371524810791
1936	0.030870875343680382	0.09886966645717621	0.5969120264053345
1937	0.03066057525575161	0.09865669161081314	0.5982675552368164
1938	0.03182839974761009	0.098595529794693	0.5986855030059814
1939	0.03046657145023346	0.09845473617315292	0.5991067290306091
1940	0.030983736738562584	0.09827116876840591	0.5992071628570557
1941	0.03147397190332413	0.09806826710700989	0.5993099808692932
1942	0.03024330362677574	0.0981157198548317	0.5984446406364441
1943	0.030821792781352997	0.09833605587482452	0.5966352820396423
1944	0.031146038323640823	0.0987066850066185	0.594393253326416
1945	0.031546302139759064	0.09889376908540726	0.5935025215148926
1946	0.03056037239730358	0.09902463108301163	0.5932345390319824
1947	0.03060348704457283	0.09887203574180603	0.5945971012115479
1948	0.031066546216607094	0.09896879643201828	0.5952171683311462
1949	0.031573619693517685	0.09902985394001007	0.595918595790863
1950	0.030916159972548485	0.09898252785205841	0.5962958931922913
1951	0.030460476875305176	0.09913113713264465	0.595609724521637
1952	0.030414683744311333	0.09930966794490814	0.5944421887397766
1953	0.030817681923508644	0.09902577847242355	0.5944246053695679
1954	0.031082836911082268	0.09852849692106247	0.595420777797699
1955	0.03137190267443657	0.09799778461456299	0.5970274209976196
1956	0.03087698668241501	0.09765692055225372	0.5987542867660522
1957	0.031786851584911346	0.09755373746156693	0.5998725891113281
1958	0.03039870411157608	0.09743461012840271	0.6011505722999573
1959	0.030183201655745506	0.09735610336065292	0.6023221015930176
1960	0.03080039843916893	0.09755347669124603	0.6022628545761108
1961	0.031033655628561974	0.09800752997398376	0.6006437540054321
1962	0.030526554211974144	0.09850616008043289	0.598861813545227
1963	0.031095869839191437	0.09921056777238846	0.5957499742507935
1964	0.030502833425998688	0.09974483400583267	0.5935913324356079
1965	0.03059406764805317	0.1001337468624115	0.5920885801315308
1966	0.030417032539844513	0.10035857558250427	0.5916121006011963
1967	0.030064979568123817	0.10003187507390976	0.5933441519737244
1968	0.030790822580456734	0.09967128932476044	0.5947175025939941
1969	0.03120007924735546	0.09908870607614517	0.596856951713562
1970	0.030357670038938522	0.09818799793720245	0.6000289916992188
1971	0.030558817088603973	0.09730927646160126	0.6029487252235413
1972	0.030341340228915215	0.09677921235561371	0.6042702794075012
1973	0.0304544810205698	0.09660328924655914	0.6039722561836243
1974	0.03098413720726967	0.09689804166555405	0.6014262437820435
1975	0.030528947710990906	0.09720399230718613	0.5992490649223328
1976	0.031077543273568153	0.09763311594724655	0.5968274474143982
1977	0.03083416074514389	0.09788844734430313	0.5958251953125
1978	0.031325776129961014	0.09785119444131851	0.5966943502426147
1979	0.03079613298177719	0.09765889495611191	0.598164975643158
1980	0.029892573133111	0.09744104743003845	0.6002078056335449
1981	0.030296362936496735	0.09726803004741669	0.6020808815956116
1982	0.03064611740410328	0.09746024012565613	0.6026166081428528
1983	0.030401144176721573	0.09773384034633636	0.6022313833236694
1984	0.030677538365125656	0.09802983701229095	0.6007148027420044
1985	0.030508549883961678	0.09832621365785599	0.5991935133934021
1986	0.030608002096414566	0.09860402345657349	0.5971787571907043
1987	0.029870353639125824	0.09877235442399979	0.5955833792686462
1988	0.03054646961390972	0.09884265810251236	0.5945959687232971
1989	0.030221274122595787	0.09887203574180603	0.5934423208236694
1990	0.030922798439860344	0.09873351454734802	0.593506932258606
1991	0.030456630513072014	0.0986650362610817	0.5938404202461243
1992	0.031628869473934174	0.09843091666698456	0.5956791043281555
1993	0.03085906058549881	0.09814618527889252	0.5978381633758545
1994	0.030663933604955673	0.09802024811506271	0.5993871092796326
1995	0.030264468863606453	0.09794875979423523	0.6005802154541016
1996	0.030435210093855858	0.09799426048994064	0.6011581420898438
1997	0.031133146956562996	0.09814619272947311	0.6009195446968079
1998	0.030345575883984566	0.09833283722400665	0.6004710793495178
1999	0.030382873490452766	0.09834820032119751	0.6002622246742249
2000	0.03120262362062931	0.09842879325151443	0.5997504591941833
2001	0.029994957149028778	0.09824977815151215	0.600095808506012
2002	0.029909411445260048	0.0980938971042633	0.600309431552887
2003	0.030679984018206596	0.09827258437871933	0.5997874736785889
2004	0.030209388583898544	0.09822464734315872	0.5998824834823608
2005	0.03117000311613083	0.09808661043643951	0.6005753874778748
2006	0.03097004070878029	0.09808281809091568	0.6009135842323303
2007	0.03074534796178341	0.09829412400722504	0.6009616255760193
2008	0.029934857040643692	0.098607636988163	0.6002683043479919
2009	0.029943862929940224	0.09892761707305908	0.5996121168136597
2010	0.030521677806973457	0.09941684454679489	0.5978222489356995
2011	0.03140818327665329	0.09963897615671158	0.5970422625541687
2012	0.030820662155747414	0.09974111616611481	0.5963408946990967
2013	0.0299531202763319	0.09949646145105362	0.5962327122688293
2014	0.030320629477500916	0.0991511419415474	0.5968484282493591
2015	0.03026001527905464	0.0988100990653038	0.5972709059715271
2016	0.0305273849517107	0.0986289530992508	0.597464382648468
2017	0.03078043833374977	0.09852612763643265	0.597592294216156
2018	0.0304590854793787	0.09839215129613876	0.5981382727622986
2019	0.03061387874186039	0.09837722778320312	0.5986434817314148
2020	0.02960401587188244	0.09863011538982391	0.5984629988670349
2021	0.030201857909560204	0.0988941341638565	0.5981761813163757
2022	0.030985068529844284	0.0991520881652832	0.5972951054573059
2023	0.03010500781238079	0.09938644617795944	0.5963696241378784
2024	0.029927708208560944	0.09966984391212463	0.595391571521759
2025	0.02969466522336006	0.09990226477384567	0.5950126647949219
2026	0.031157614663243294	0.10027662664651871	0.5947716236114502
2027	0.03055945411324501	0.10007931292057037	0.5958863496780396
2028	0.030265647917985916	0.09972972422838211	0.5969738364219666
2029	0.030595222488045692	0.09938433766365051	0.5972344875335693
2030	0.029906323179602623	0.09932446479797363	0.5960322618484497
2031	0.03102298080921173	0.09926599264144897	0.5954112410545349
2032	0.03007419966161251	0.09919582307338715	0.5950828790664673
2033	0.02981618233025074	0.09913790225982666	0.5953513979911804
2034	0.030029743909835815	0.09892210364341736	0.5965416431427002
2035	0.030156951397657394	0.098883718252182	0.5970944166183472
2036	0.030009852722287178	0.09904008358716965	0.5970340967178345
2037	0.03008771874010563	0.09911293536424637	0.597317636013031
2038	0.0298138614743948	0.0991046205163002	0.597409725189209
2039	0.029939675703644753	0.09906204044818878	0.597274899482727
2040	0.029841840267181396	0.098981574177742	0.597098171710968
2041	0.03138431906700134	0.09888908267021179	0.5968780517578125
2042	0.02992965281009674	0.09876395761966705	0.5967616438865662
2043	0.030125299468636513	0.09876514971256256	0.59646075963974
2044	0.03061908297240734	0.09850112348794937	0.5969793200492859
2045	0.02962101623415947	0.09850022941827774	0.5967819094657898
2046	0.029996607452630997	0.09857523441314697	0.5969647169113159
2047	0.030651859939098358	0.0984882339835167	0.5977515578269958
2048	0.029750987887382507	0.09858116507530212	0.597699761390686
2049	0.030046803876757622	0.0985448956489563	0.5978531241416931
2050	0.031106870621442795	0.09866128116846085	0.5969653725624084
2051	0.030257293954491615	0.09886860847473145	0.5958775281906128
2052	0.02938193641602993	0.09919534623622894	0.5938152074813843
2053	0.0306343212723732	0.09946610778570175	0.5925111174583435
2054	0.03020530380308628	0.09931722283363342	0.5937796831130981
2055	0.030053332448005676	0.0990709587931633	0.5957897901535034
2056	0.029778027907013893	0.09886898845434189	0.5975403785705566
2057	0.031213916838169098	0.09873002022504807	0.5995309352874756
2058	0.030129902064800262	0.09862182289361954	0.600858747959137
2059	0.02990671619772911	0.0987628698348999	0.6003756523132324
2060	0.029793662950396538	0.09908349066972733	0.5991390347480774
2061	0.02968113124370575	0.09941740334033966	0.5976632833480835
2062	0.0299150962382555	0.09974569827318192	0.5963540077209473
2063	0.03042089380323887	0.10020280629396439	0.594700276851654
2064	0.03082963079214096	0.10055475682020187	0.5928477644920349
2065	0.030211715027689934	0.10089966654777527	0.5905699133872986
2066	0.030242187902331352	0.10150653123855591	0.587420642375946
2067	0.03021124191582203	0.10192211717367172	0.5855748653411865
2068	0.029482083395123482	0.10202856361865997	0.5853092074394226
2069	0.029832905158400536	0.10156349837779999	0.5876147747039795
2070	0.03038569539785385	0.10101611912250519	0.5905799269676208
2071	0.029539545997977257	0.10029211640357971	0.5939611196517944
2072	0.02954142354428768	0.0996321365237236	0.5971187353134155
2073	0.029906902462244034	0.0993068516254425	0.5988155007362366
2074	0.030732721090316772	0.0992426648736	0.5988970398902893
2075	0.030578263103961945	0.09953082352876663	0.5967947244644165
2076	0.03064887970685959	0.10005276650190353	0.5939244031906128
2077	0.030296461656689644	0.10053279995918274	0.5910695195198059
2078	0.030090373009443283	0.10055369138717651	0.5904838442802429
2079	0.029978062957525253	0.10028225928544998	0.5912654995918274
2080	0.031177276745438576	0.09988392144441605	0.5929304361343384
2081	0.029810268431901932	0.09933681786060333	0.5957338809967041
2082	0.02995186112821102	0.0988505557179451	0.5991247296333313
2083	0.030062399804592133	0.09857852011919022	0.6013674736022949
2084	0.030361467972397804	0.09864633530378342	0.601891815662384
2085	0.029417170211672783	0.09879740327596664	0.6009670495986938
2086	0.030747361481189728	0.09908213466405869	0.5986449718475342
2087	0.029874002560973167	0.0994509682059288	0.5960503220558167
2088	0.03052251972258091	0.09947645664215088	0.5947287678718567
2089	0.02976604364812374	0.09925022721290588	0.5944435596466064
2090	0.029821762815117836	0.09878963232040405	0.5955286026000977
2091	0.030469553545117378	0.09823580831289291	0.5977804064750671
2092	0.030527634546160698	0.09780297428369522	0.5999485850334167
2093	0.030006878077983856	0.09788626432418823	0.600191593170166
2094	0.03018740378320217	0.09816811978816986	0.5998545289039612
2095	0.029719535261392593	0.09848982840776443	0.5990458130836487
2096	0.028933191671967506	0.09896764904260635	0.5972477197647095
2097	0.03016694262623787	0.09931153059005737	0.5960155129432678
2098	0.030183644965291023	0.09959131479263306	0.595315158367157
2099	0.03028416819870472	0.09984248131513596	0.5944889187812805
2100	0.029745355248451233	0.10012131929397583	0.5935843586921692
2101	0.029374439269304276	0.1003304272890091	0.5930678844451904
2102	0.029513226822018623	0.10023476183414459	0.593561053276062
2103	0.030858924612402916	0.10000863671302795	0.5949298739433289
2104	0.029948491603136063	0.09960515052080154	0.5966470837593079
2105	0.02932070940732956	0.09904047101736069	0.5989511609077454
2106	0.029789194464683533	0.09861359000205994	0.600592315196991
2107	0.029113098978996277	0.09845797717571259	0.6003245711326599
2108	0.029028840363025665	0.09846580773591995	0.5994194746017456
2109	0.029558096081018448	0.09868117421865463	0.597366988658905
2110	0.02972068265080452	0.09905380010604858	0.5953908562660217
2111	0.029262250289320946	0.09940952807664871	0.5940788984298706
2112	0.030401399359107018	0.09977550804615021	0.5931792855262756
2113	0.03032965213060379	0.10008266568183899	0.5929305553436279
2114	0.02981240302324295	0.10023017227649689	0.5931491851806641
2115	0.029559452086687088	0.09994985163211823	0.5945524573326111
2116	0.030097071081399918	0.09950406104326248	0.5963639616966248
2117	0.02962181530892849	0.09882660210132599	0.598694920539856
2118	0.030170107260346413	0.09815162420272827	0.6006448864936829
2119	0.029910381883382797	0.097439244389534	0.6027654409408569
2120	0.029766205698251724	0.09711764007806778	0.6028693914413452
2121	0.02970845252275467	0.09723865240812302	0.6013408899307251
2122	0.030402183532714844	0.09773501753807068	0.5982826948165894
2123	0.02970185875892639	0.09838742762804031	0.5953163504600525
2124	0.029300883412361145	0.09897051006555557	0.5932941436767578
2125	0.030608106404542923	0.09935738146305084	0.592978298664093
2126	0.029677459970116615	0.09943807125091553	0.5939948558807373
2127	0.02954963780939579	0.0993010401725769	0.595749020576477
2128	0.029591593891382217	0.09897082298994064	0.5979336500167847
2129	0.029165202751755714	0.09862889349460602	0.6001371741294861
2130	0.029892627149820328	0.09830383211374283	0.6016783118247986
2131	0.030354704707860947	0.09796961396932602	0.6026197671890259
2132	0.030869420617818832	0.09802617877721786	0.6012625694274902
2133	0.030394578352570534	0.09833399951457977	0.5982526540756226
2134	0.030025137588381767	0.0984746664762497	0.5963761806488037
2135	0.029280181974172592	0.09854374825954437	0.5953636169433594
2136	0.029662011191248894	0.09841614216566086	0.5951746106147766
2137	0.02981584332883358	0.0984085276722908	0.594811737537384
2138	0.029349762946367264	0.09846114367246628	0.594580352306366
2139	0.03004644066095352	0.09876523166894913	0.5941404700279236
2140	0.03000570274889469	0.09924061596393585	0.5935118198394775
2141	0.03019418939948082	0.09934334456920624	0.594540536403656
2142	0.02976219728589058	0.09915903210639954	0.5964307188987732
2143	0.029004573822021484	0.09905698895454407	0.5973232388496399
2144	0.030197935178875923	0.09867674112319946	0.5993752479553223
2145	0.029618823900818825	0.0982920378446579	0.6012212634086609
2146	0.029912438243627548	0.09810659289360046	0.6015288829803467
2147	0.030155250802636147	0.09806893020868301	0.6013094782829285
2148	0.03017830103635788	0.09849520772695541	0.5990830659866333
2149	0.029804229736328125	0.09887310117483139	0.596856415271759
2150	0.028169503435492516	0.09911321848630905	0.5947774648666382
2151	0.02947414293885231	0.09929490834474564	0.5935932993888855
2152	0.029328787699341774	0.09907551854848862	0.5945514440536499
2153	0.029563045129179955	0.09884718805551529	0.5959392189979553
2154	0.029029276221990585	0.09871039539575577	0.5970195531845093
2155	0.029362710192799568	0.09861331433057785	0.5978536009788513
2156	0.02943817526102066	0.09862730652093887	0.5979980230331421
2157	0.029574071988463402	0.09873886406421661	0.597671627998352
2158	0.030084600672125816	0.09878157079219818	0.5977464914321899
2159	0.029252275824546814	0.0987597331404686	0.5977452993392944
2160	0.029137833043932915	0.09882324934005737	0.5973420143127441
2161	0.02946687489748001	0.09913016855716705	0.5963339805603027
2162	0.029056087136268616	0.0994124487042427	0.5957404375076294
2163	0.02937336452305317	0.09948042780160904	0.5962895154953003
2164	0.0290107149630785	0.09937907010316849	0.5965976119041443
2165	0.030045825988054276	0.09926631301641464	0.5969266295433044
2166	0.03015122190117836	0.09918534010648727	0.5969440340995789
2167	0.02937302738428116	0.09914549440145493	0.5967617630958557
2168	0.030041834339499474	0.09934055805206299	0.5958477854728699
2169	0.029409976676106453	0.09967194497585297	0.5941855311393738
2170	0.02998383715748787	0.09988077729940414	0.5933893918991089
2171	0.02959613688290119	0.10007382929325104	0.5928290486335754
2172	0.029362482950091362	0.09998413920402527	0.5933049917221069
2173	0.028546635061502457	0.09983254224061966	0.5933389663696289
2174	0.02896258234977722	0.09969565272331238	0.5933927893638611
2175	0.03027220070362091	0.09975605458021164	0.5929116606712341
2176	0.02975626289844513	0.09988828748464584	0.592829167842865
2177	0.030020354315638542	0.09973620623350143	0.5941613912582397
2178	0.028844622895121574	0.09985290467739105	0.5939735770225525
2179	0.02973201684653759	0.09986680746078491	0.5943561792373657
2180	0.029653338715434074	0.09955175220966339	0.5958874821662903
2181	0.029236063361167908	0.09942733496427536	0.5969303846359253
2182	0.02916545234620571	0.09939584881067276	0.5967612266540527
2183	0.029457276687026024	0.09938710182905197	0.5964887738227844
2184	0.029600020498037338	0.09955460578203201	0.595245897769928
2185	0.030308187007904053	0.09979265183210373	0.5930677056312561
2186	0.029067102819681168	0.0999709740281105	0.5914756655693054
2187	0.029628386721014977	0.09999731183052063	0.5913814306259155
2188	0.029003219678997993	0.09994521737098694	0.5920516848564148
2189	0.02911941148340702	0.09981181472539902	0.5931131839752197
2190	0.03102090023458004	0.09991585463285446	0.59356689453125
2191	0.029220357537269592	0.09995187073945999	0.5938856601715088
2192	0.02931182086467743	0.09982779622077942	0.5947149395942688
2193	0.029044022783637047	0.09949250519275665	0.5956912040710449
2194	0.029755422845482826	0.09931150823831558	0.5959041118621826
2195	0.029069073498249054	0.09917262196540833	0.5963192582130432
2196	0.02910325489938259	0.09908060729503632	0.5962221622467041
2197	0.028955496847629547	0.09915424138307571	0.595941424369812
2198	0.029575342312455177	0.09931928664445877	0.5956031680107117
2199	0.029723532497882843	0.09942365437746048	0.5953908562660217
2200	0.029310015961527824	0.0995236411690712	0.5954314470291138
2201	0.029134389013051987	0.09943927079439163	0.5959677696228027
2202	0.029855845496058464	0.09925153851509094	0.596878707408905
2203	0.029382532462477684	0.09903544932603836	0.5973283052444458
2204	0.028806215152144432	0.09904205054044724	0.5968278050422668
2205	0.029606172814965248	0.09898187965154648	0.5960966944694519
2206	0.028948428109288216	0.09905561059713364	0.5956056714057922
2207	0.029932374134659767	0.09913112223148346	0.5951688885688782
2208	0.029766850173473358	0.09924951940774918	0.5947929620742798
2209	0.028407558798789978	0.09932298958301544	0.5944737792015076
2210	0.028940508142113686	0.0993935838341713	0.5947128534317017
2211	0.02927226573228836	0.09950359910726547	0.5943231582641602
2212	0.029222063720226288	0.0994970053434372	0.5946105718612671
2213	0.028776830062270164	0.09952195733785629	0.594465434551239
2214	0.029094813391566277	0.09938769042491913	0.5950602889060974
2215	0.0296473391354084	0.09929514676332474	0.5953162312507629
2216	0.02918519824743271	0.09930682927370071	0.5948452949523926
2217	0.029276715591549873	0.09928979724645615	0.594315230846405
2218	0.029274890199303627	0.0989859327673912	0.5953184366226196
2219	0.029030833393335342	0.09871771931648254	0.5962145328521729
2220	0.029119260609149933	0.09841173887252808	0.5977988243103027
2221	0.028654862195253372	0.09827554225921631	0.5984060168266296
2222	0.029431071132421494	0.0983225628733635	0.5983628630638123
2223	0.029410498216748238	0.09841147810220718	0.5983934998512268
2224	0.02853214181959629	0.09840697795152664	0.5987319946289062
2225	0.028233962133526802	0.09842252731323242	0.5988355875015259
2226	0.029446324333548546	0.09852028638124466	0.5986831188201904
2227	0.029390497133135796	0.09876727312803268	0.5981310606002808
2228	0.02883061207830906	0.09885762631893158	0.5980743169784546
2229	0.029598426073789597	0.09931229054927826	0.5963764190673828
2230	0.02956498973071575	0.09972822666168213	0.5947255492210388
2231	0.029541097581386566	0.10025299340486526	0.5925000905990601
2232	0.02867903746664524	0.1004866510629654	0.591413140296936
2233	0.02883727103471756	0.10042132437229156	0.5916810035705566
2234	0.029719967395067215	0.09996287524700165	0.5936633944511414
2235	0.029137376695871353	0.09928028285503387	0.5964590907096863
2236	0.028718644753098488	0.09859806299209595	0.5989782214164734
2237	0.029034724459052086	0.09825825691223145	0.6003694534301758
2238	0.02917664684355259	0.09791771322488785	0.6007075309753418
2239	0.028728317469358444	0.0979124903678894	0.5998074412345886
2240	0.028581051155924797	0.09805218130350113	0.5983422994613647
2241	0.028843799605965614	0.09830067306756973	0.5965685844421387
2242	0.028647873550653458	0.0985894650220871	0.5954350233078003
2243	0.029419375583529472	0.09887217730283737	0.5950797200202942
2244	0.02940157800912857	0.09864293038845062	0.5963836312294006
2245	0.02958979830145836	0.09858349710702896	0.5979892611503601
2246	0.02990732528269291	0.0985058918595314	0.5990621447563171
2247	0.029444649815559387	0.09857553988695145	0.5995211601257324
2248	0.02859920635819435	0.09854532033205032	0.6000639200210571
2249	0.029585909098386765	0.09849557280540466	0.5998647809028625
2250	0.029380375519394875	0.09865883737802505	0.5977954864501953
2251	0.029405221343040466	0.09899937361478806	0.595420241355896
2252	0.028873829171061516	0.09911395609378815	0.593649685382843
2253	0.02875540219247341	0.0991099551320076	0.5929533243179321
2254	0.028805486857891083	0.09914291650056839	0.5925440788269043
2255	0.029268236830830574	0.09894635528326035	0.5930029153823853
2256	0.029182560741901398	0.09899082034826279	0.5931337475776672
2257	0.029274513944983482	0.09902269393205643	0.5936543941497803
2258	0.029443781822919846	0.09883208572864532	0.5953341126441956
2259	0.02950773388147354	0.098817378282547	0.5965675711631775
2260	0.028964662924408913	0.09903670847415924	0.5962024927139282
2261	0.029241707175970078	0.09919681400060654	0.5961941480636597
2262	0.02914656512439251	0.0993209108710289	0.5961801409721375
2263	0.02873983606696129	0.09943055361509323	0.5957118272781372
2264	0.028649717569351196	0.09924007207155228	0.5960735082626343
2265	0.02928241528570652	0.09914419054985046	0.5959581136703491
2266	0.028459059074521065	0.09899836778640747	0.5960263013839722
2267	0.029311908408999443	0.09885210543870926	0.596640408039093
2268	0.029119785875082016	0.0983896255493164	0.5985033512115479
2269	0.0288207046687603	0.0981762632727623	0.5996471643447876
2270	0.028424564749002457	0.09834130108356476	0.5988841652870178
2271	0.028257297351956367	0.09855543822050095	0.5977805256843567
2272	0.029034364968538284	0.09881030023097992	0.5964016318321228
2273	0.028785178437829018	0.09933564811944962	0.5939285159111023
2274	0.029071791097521782	0.09982600063085556	0.5914471745491028
2275	0.029114359989762306	0.10002671182155609	0.5907146334648132
2276	0.02880864031612873	0.09968891739845276	0.5924199819564819
2277	0.029209895059466362	0.09910310059785843	0.5955886840820312
2278	0.02961130626499653	0.09857901930809021	0.5988131761550903
2279	0.029350562021136284	0.09845154732465744	0.6000422239303589
2280	0.029082631692290306	0.09864132106304169	0.599592924118042
2281	0.02816021628677845	0.09897349774837494	0.5985332131385803
2282	0.02959110587835312	0.09931470453739166	0.597206711769104
2283	0.029287872835993767	0.09956668317317963	0.5956718921661377
2284	0.028890114277601242	0.09950608015060425	0.5954983830451965
2285	0.0284422617405653	0.09923186898231506	0.5965026617050171
2286	0.02945086732506752	0.0990171954035759	0.5971187353134155
2287	0.02861824445426464	0.09859561175107956	0.598514974117279
2288	0.029170339927077293	0.09811564534902573	0.6000728607177734
2289	0.029190050438046455	0.09772670269012451	0.6007902026176453
2290	0.02810448221862316	0.09751936048269272	0.6008250117301941
2291	0.028919341042637825	0.0974767878651619	0.6006542444229126
2292	0.028472669422626495	0.09735225141048431	0.6005541682243347
2293	0.02771989069879055	0.09737417846918106	0.6002324223518372
2294	0.028935838490724564	0.09749801456928253	0.6000566482543945
2295	0.028573308140039444	0.0974956676363945	0.6004723310470581
2296	0.02816806733608246	0.09727988392114639	0.6015822887420654
2297	0.028885606676340103	0.09687165915966034	0.6029914617538452
2298	0.02800791524350643	0.09676258265972137	0.6034200191497803
2299	0.029016442596912384	0.09667586535215378	0.6033259630203247
2300	0.028517482802271843	0.09672380238771439	0.6023218035697937
2301	0.028455890715122223	0.09683036804199219	0.6010617017745972
2302	0.029574450105428696	0.09685884416103363	0.6003977060317993
2303	0.027951255440711975	0.09712754189968109	0.5987040996551514
2304	0.028964273631572723	0.0972052663564682	0.5981773734092712
2305	0.028718598186969757	0.09697739779949188	0.5992090702056885
2306	0.029299013316631317	0.09672398865222931	0.6004583239555359
2307	0.029355593025684357	0.0968041718006134	0.6009657382965088
2308	0.028602950274944305	0.0969691053032875	0.6009286046028137
2309	0.028396302834153175	0.0976422131061554	0.5992360711097717
2310	0.028760775923728943	0.0981539934873581	0.5983676314353943
2311	0.028404833748936653	0.09885323792695999	0.5970702171325684
2312	0.028551917523145676	0.09948351979255676	0.5960286855697632
2313	0.029209470376372337	0.09997204691171646	0.5947576761245728
2314	0.029082538560032845	0.10036799311637878	0.5935543775558472
2315	0.029471011832356453	0.10034285485744476	0.5934983491897583
2316	0.02844620682299137	0.10017205029726028	0.593382716178894
2317	0.02862263284623623	0.09970100224018097	0.5944644808769226
2318	0.028700966387987137	0.09916552901268005	0.595733642578125
2319	0.028220416978001595	0.0985662043094635	0.5972188115119934
2320	0.028012923896312714	0.09797683358192444	0.5987400412559509
2321	0.02878578007221222	0.09744426608085632	0.6004104018211365
2322	0.029735224321484566	0.09695763140916824	0.6020877957344055
2323	0.02870072051882744	0.09650207310914993	0.603638768196106
2324	0.02842731587588787	0.09631257504224777	0.6041738390922546
2325	0.028853900730609894	0.0964842140674591	0.6032828688621521
2326	0.02835986763238907	0.09693451970815659	0.6017709970474243
2327	0.0295098889619112	0.09767169505357742	0.5991156697273254
2328	0.028765307739377022	0.09831926971673965	0.5972777009010315
2329	0.02807060070335865	0.09907365590333939	0.5956061482429504
2330	0.02851957455277443	0.09973181784152985	0.5943531394004822
2331	0.028947854414582253	0.09997238963842392	0.594821572303772
2332	0.02809222787618637	0.1002635508775711	0.5951816439628601
2333	0.02873915247619152	0.09984644502401352	0.5971642732620239
2334	0.029171470552682877	0.0992303118109703	0.5991597175598145
2335	0.028607165440917015	0.0983419343829155	0.6019158363342285
2336	0.02858424186706543	0.09773428738117218	0.6029945611953735
2337	0.028402291238307953	0.09722395241260529	0.603081464767456
2338	0.028949225321412086	0.09701386839151382	0.6021988987922668
2339	0.027756478637456894	0.09718472510576248	0.6000979542732239
2340	0.028784846886992455	0.09756932407617569	0.5979182124137878
2341	0.02870791405439377	0.09799104183912277	0.5963869094848633
2342	0.029015714302659035	0.09830624610185623	0.5959930419921875
2343	0.028977129608392715	0.09866737574338913	0.5956515669822693
2344	0.028924666345119476	0.09903609752655029	0.5954844951629639
2345	0.02816634811460972	0.09919281303882599	0.5962483286857605
2346	0.02875017374753952	0.0994085967540741	0.5969918966293335
2347	0.029509151354432106	0.09916692972183228	0.5989784598350525
2348	0.028139106929302216	0.09886226803064346	0.6001651287078857
2349	0.028860967606306076	0.09862667322158813	0.6008643507957458
2350	0.028703557327389717	0.09855282306671143	0.6003725528717041
2351	0.02831292897462845	0.0987589955329895	0.5986658334732056
2352	0.02889063023030758	0.09937100857496262	0.595277726650238
2353	0.028079228475689888	0.09971386194229126	0.5929293632507324
2354	0.028566475957632065	0.09980214387178421	0.5918769240379333
2355	0.02865646220743656	0.0994555875658989	0.5925615429878235
2356	0.028833778575062752	0.09884639084339142	0.5947928428649902
2357	0.028132176026701927	0.09829038381576538	0.5971570014953613
2358	0.0290454663336277	0.09800180047750473	0.5990225672721863
2359	0.028274742886424065	0.09786790609359741	0.6003716588020325
2360	0.028162045404314995	0.0979539081454277	0.6006029844284058
2361	0.02858922630548477	0.09807070344686508	0.6003894805908203
2362	0.028909018263220787	0.09829778224229813	0.5992090702056885
2363	0.028117872774600983	0.0984356701374054	0.597812294960022
2364	0.029089607298374176	0.09867069125175476	0.5961795449256897
2365	0.02839592471718788	0.09910664707422256	0.5939772129058838
2366	0.027796907350420952	0.09912912547588348	0.593661367893219
2367	0.028382109478116035	0.09885212779045105	0.5953760147094727
2368	0.029068734496831894	0.09841668605804443	0.5982546806335449
2369	0.028616448864340782	0.09821348637342453	0.6007546186447144
2370	0.02772621624171734	0.09821031242609024	0.6023324131965637
2371	0.028345445170998573	0.09858155995607376	0.6019856929779053
2372	0.027778880670666695	0.09881506115198135	0.6011056900024414
2373	0.028095640242099762	0.09909936785697937	0.5993131995201111
2374	0.028626836836338043	0.09958533942699432	0.5967448949813843
2375	0.02862953208386898	0.10008843243122101	0.5945248603820801
2376	0.028547829017043114	0.10032825171947479	0.5926870703697205
2377	0.028866633772850037	0.10064635425806046	0.5911645889282227
2378	0.02902049757540226	0.10084019601345062	0.5901959538459778
2379	0.029363999143242836	0.10095910727977753	0.589652419090271
2380	0.028786925598978996	0.1006886437535286	0.5910930037498474
2381	0.028756652027368546	0.09996505081653595	0.5945209860801697
2382	0.027960767969489098	0.09936395287513733	0.5971449017524719
2383	0.028725123032927513	0.09876181185245514	0.5997313857078552
2384	0.027578098699450493	0.09845748543739319	0.6008691787719727
2385	0.028750870376825333	0.09819640219211578	0.6013159155845642
2386	0.028058674186468124	0.09848124533891678	0.5997925996780396
2387	0.02879643440246582	0.0986720621585846	0.5980009436607361
2388	0.0284833125770092	0.09885386377573013	0.596345067024231
2389	0.027976322919130325	0.09880483150482178	0.5955174565315247
2390	0.02853349782526493	0.09877616167068481	0.5948420763015747
2391	0.02796756848692894	0.09859239310026169	0.5955309867858887
2392	0.028081638738512993	0.09844746440649033	0.5965414643287659
2393	0.02826008014380932	0.09828239679336548	0.5978028774261475
2394	0.02819688990712166	0.09823200106620789	0.5984340310096741
2395	0.028189238160848618	0.09827787429094315	0.5990610122680664
2396	0.02851816825568676	0.09841573238372803	0.5992267727851868
2397	0.02849639393389225	0.09844734519720078	0.5997264385223389
2398	0.02856685034930706	0.09864503145217896	0.5995917320251465
2399	0.027739398181438446	0.09864336252212524	0.599420964717865
2400	0.027452480047941208	0.09852403402328491	0.5993978381156921
2401	0.027664298191666603	0.0983993336558342	0.5990891456604004
2402	0.028588302433490753	0.09850195050239563	0.5981726050376892
2403	0.028268631547689438	0.09846600145101547	0.5977727770805359
2404	0.0283779576420784	0.09823755919933319	0.5984960794448853
2405	0.02819635719060898	0.09802289307117462	0.5995121002197266
2406	0.02809520997107029	0.09769900888204575	0.6007586121559143
2407	0.02837967872619629	0.09756814688444138	0.6018471717834473
2408	0.027757106348872185	0.09764225780963898	0.6020677089691162
2409	0.027630960568785667	0.09777816385030746	0.6023734211921692
2410	0.027962205931544304	0.09818726778030396	0.6015052199363708
2411	0.027977043762803078	0.0984555184841156	0.6009531021118164
2412	0.028362983837723732	0.09870217740535736	0.600071907043457
2413	0.02762412466108799	0.09906024485826492	0.5987837314605713
2414	0.027794543653726578	0.09947981685400009	0.597447395324707
2415	0.028092747554183006	0.10017476975917816	0.5946609377861023
2416	0.027630509808659554	0.10068850964307785	0.5926135778427124
2417	0.028237521648406982	0.10085142403841019	0.5917383432388306
2418	0.029961349442601204	0.10032669454813004	0.593697190284729
2419	0.028553258627653122	0.09936630725860596	0.5972374677658081
2420	0.027774576097726822	0.09853088110685349	0.6004102826118469
2421	0.02810169756412506	0.09796417504549026	0.602387011051178
2422	0.028354043141007423	0.0976654514670372	0.6036133170127869
2423	0.028340792283415794	0.0974658727645874	0.6041615605354309
2424	0.02813042514026165	0.09738584607839584	0.604008674621582
2425	0.027887703850865364	0.09760398417711258	0.6024832725524902
2426	0.028229260817170143	0.0979197546839714	0.6006327867507935
2427	0.028715675696730614	0.09821842610836029	0.5987025499343872
2428	0.02844211272895336	0.0984489694237709	0.596947431564331
2429	0.027764728292822838	0.09823485463857651	0.5969895124435425
2430	0.028412481769919395	0.09790597856044769	0.5981945991516113
2431	0.028285324573516846	0.09799380600452423	0.5981971025466919
2432	0.028651824221014977	0.09798529744148254	0.5991297960281372
2433	0.027971087023615837	0.09781592339277267	0.6006243228912354
2434	0.029277419671416283	0.09746241569519043	0.6027541756629944
2435	0.028407134115695953	0.0971914678812027	0.6042647361755371
2436	0.02824314497411251	0.09700512140989304	0.6052308082580566
2437	0.02823493629693985	0.09708430618047714	0.6048629283905029
2438	0.028170086443424225	0.09711180627346039	0.6047816872596741
2439	0.028025897219777107	0.09743434935808182	0.6030129790306091
2440	0.02854572981595993	0.09800872951745987	0.6005814671516418
2441	0.028311023488640785	0.0987003743648529	0.597381591796875
2442	0.02844320610165596	0.09916665405035019	0.5950589776039124
2443	0.027339661493897438	0.09926871210336685	0.5941095352172852
2444	0.02835189737379551	0.09908286482095718	0.595083475112915
2445	0.027971331030130386	0.09875191003084183	0.5971622467041016
2446	0.0282988753169775	0.0982498899102211	0.5997228026390076
2447	0.028511792421340942	0.09793559461832047	0.6013798117637634
2448	0.028561441227793694	0.0977989137172699	0.6027647852897644
2449	0.027420036494731903	0.09780442714691162	0.603567361831665
2450	0.028273096308112144	0.0979333147406578	0.6034069657325745
2451	0.028005411848425865	0.09810704737901688	0.602721095085144
2452	0.028634481132030487	0.09801621735095978	0.6023926138877869
2453	0.027926823124289513	0.09802617877721786	0.6014516949653625
2454	0.027745317667722702	0.09815001487731934	0.5998744368553162
2455	0.028546135872602463	0.09817429631948471	0.5987978577613831
2456	0.028034942224621773	0.09824623167514801	0.5980290770530701
2457	0.028326332569122314	0.0980800986289978	0.5982276201248169
2458	0.028137272223830223	0.09776990115642548	0.5996786952018738
2459	0.028463872149586678	0.09739357233047485	0.601754903793335
2460	0.026700766757130623	0.0974009558558464	0.6022564768791199
2461	0.028528068214654922	0.09681984037160873	0.6040434241294861
2462	0.027772190049290657	0.09679220616817474	0.6042999029159546
2463	0.0276392363011837	0.0970405861735344	0.6030986309051514
2464	0.027130132541060448	0.09751040488481522	0.6006311178207397
2465	0.027638277038931847	0.09777627140283585	0.599496603012085
2466	0.028542712330818176	0.09838564693927765	0.597689688205719
2467	0.0272819921374321	0.09858978539705276	0.5972442626953125
2468	0.0274971891194582	0.09880127012729645	0.5967222452163696
2469	0.02860214002430439	0.09898346662521362	0.5969329476356506
2470	0.02868128940463066	0.09935618191957474	0.5964564085006714
2471	0.028300732374191284	0.09945738315582275	0.5968658328056335
2472	0.027868641540408134	0.09947042167186737	0.597497284412384
2473	0.028397995978593826	0.09924823045730591	0.5988638997077942
2474	0.028504537418484688	0.0991373136639595	0.5992457270622253
2475	0.0279106255620718	0.09891276806592941	0.599689245223999
2476	0.027592794969677925	0.098546601831913	0.6004043817520142
2477	0.027675077319145203	0.09851276874542236	0.5996090769767761
2478	0.028016293421387672	0.09878131747245789	0.5979862213134766
2479	0.029095975682139397	0.09933733940124512	0.5956064462661743
2480	0.028636861592531204	0.09982912987470627	0.5941209197044373
2481	0.028452880680561066	0.10012966394424438	0.5931978821754456
2482	0.02809017337858677	0.10044708847999573	0.5925305485725403
2483	0.028076203539967537	0.10038640350103378	0.5933822989463806
2484	0.028305238112807274	0.10027684271335602	0.5944499373435974
2485	0.02780311182141304	0.09999412298202515	0.596035897731781
2486	0.02786397561430931	0.09980765730142593	0.5966246128082275
2487	0.027706775814294815	0.09958280622959137	0.5973901152610779
2488	0.028124729171395302	0.09922364354133606	0.5982187986373901
2489	0.027900677174329758	0.09895283728837967	0.5986341238021851
2490	0.028125060722231865	0.09856726974248886	0.5993562936782837
2491	0.02820642478764057	0.0985645279288292	0.5991322994232178
2492	0.02756824903190136	0.09866801649332047	0.5988411903381348
2493	0.0286517683416605	0.09863961488008499	0.5992173552513123
2494	0.027903174981474876	0.09881996363401413	0.5989095568656921
2495	0.02847779169678688	0.09916726499795914	0.5982621908187866
2496	0.028021864593029022	0.09941333532333374	0.5978469252586365
2497	0.02814369648694992	0.09978928416967392	0.5966475605964661
2498	0.027768710628151894	0.09993614256381989	0.5958470702171326
2499	0.027864640578627586	0.09990455210208893	0.5953428149223328
2500	0.02784135565161705	0.09960365295410156	0.5954509377479553
2501	0.02792917564511299	0.09914962947368622	0.5958892703056335
2502	0.02805454656481743	0.09865298122167587	0.5968350172042847
2503	0.028002016246318817	0.0981559082865715	0.5980576872825623
2504	0.02806251123547554	0.09776876866817474	0.5991263389587402
2505	0.02734707109630108	0.09756214171648026	0.6001719236373901
2506	0.028078636154532433	0.09733942151069641	0.6011115312576294
2507	0.0284110177308321	0.09744607657194138	0.6012879610061646
2508	0.02787378802895546	0.09773655980825424	0.6005368232727051
2509	0.028294600546360016	0.09812973439693451	0.5996744632720947
2510	0.028409304097294807	0.09832917898893356	0.59969162940979
2511	0.027495626360177994	0.0986630991101265	0.5985402464866638
2512	0.028775997459888458	0.09878728538751602	0.5978250503540039
2513	0.028549250215291977	0.09907872974872589	0.596731424331665
2514	0.02796620875597	0.09920189529657364	0.5960684418678284
2515	0.027255183085799217	0.09911930561065674	0.5960169434547424
2516	0.027284126728773117	0.09871292859315872	0.5972213745117188
2517	0.027683591470122337	0.09829889237880707	0.5982260704040527
2518	0.027666624635457993	0.09792585670948029	0.5990893244743347
2519	0.028062863275408745	0.09743934124708176	0.6006041169166565
2520	0.027925990521907806	0.09721839427947998	0.6016210913658142
2521	0.027776312083005905	0.09708051383495331	0.6020844578742981
2522	0.028154566884040833	0.09704737365245819	0.6022534370422363
2523	0.028033796697854996	0.09703956544399261	0.6025386452674866
2524	0.027252446860074997	0.09704868495464325	0.602702796459198
2525	0.027257321402430534	0.09721971303224564	0.6025017499923706
2526	0.027672188356518745	0.09771580249071121	0.6010622978210449
2527	0.028052927926182747	0.0981079712510109	0.6004554033279419
2528	0.027758685871958733	0.09863211214542389	0.5990427732467651
2529	0.027776695787906647	0.09907659143209457	0.5977615714073181
2530	0.0277491994202137	0.09931937605142593	0.5969810485839844
2531	0.027916258201003075	0.09944399446249008	0.596453070640564
2532	0.02834036760032177	0.09931448847055435	0.596832811832428
2533	0.028183747082948685	0.0988929346203804	0.5984697937965393
2534	0.028165999799966812	0.09834394603967667	0.6006752252578735
2535	0.02812475711107254	0.09790351986885071	0.6021944880485535
2536	0.028181860223412514	0.09748075902462006	0.6036799550056458
2537	0.028221335262060165	0.09721707552671432	0.6043967604637146
2538	0.027464263141155243	0.09717045724391937	0.6040924787521362
2539	0.027958722785115242	0.09735353291034698	0.6034599542617798
2540	0.027759429067373276	0.09782685339450836	0.601335346698761
2541	0.026445630937814713	0.09804493933916092	0.599996030330658
2542	0.02722136862576008	0.09808636456727982	0.5996962189674377
2543	0.028656000271439552	0.09837864339351654	0.598919153213501
2544	0.027193685993552208	0.09842361509799957	0.5988563895225525
2545	0.027434740215539932	0.09847798198461533	0.5988300442695618
2546	0.027261832728981972	0.09844011068344116	0.5992252230644226
2547	0.027355050668120384	0.09844814240932465	0.5995141863822937
2548	0.027618268504738808	0.09835802018642426	0.5997495055198669
2549	0.02730453945696354	0.09820051491260529	0.5999641418457031
2550	0.027989177033305168	0.09789636731147766	0.6010323166847229
2551	0.02792828530073166	0.09770097583532333	0.6017486453056335
2552	0.02853071503341198	0.09765998274087906	0.6021772623062134
2553	0.02884870395064354	0.09801218658685684	0.6013185381889343
2554	0.02743137814104557	0.09825331717729568	0.6007041931152344
2555	0.027491778135299683	0.0983719602227211	0.6003148555755615
2556	0.027327237650752068	0.09839599579572678	0.6005007028579712
2557	0.02765859290957451	0.0982763022184372	0.6016635894775391
2558	0.027598537504673004	0.09819787740707397	0.6022660732269287
2559	0.027582857757806778	0.09798664599657059	0.6027545928955078
2560	0.027936283499002457	0.09747155755758286	0.6042160987854004
2561	0.026950106024742126	0.0970742478966713	0.6052587032318115
2562	0.02793354168534279	0.09675554186105728	0.6061080098152161
2563	0.027920052409172058	0.09665527194738388	0.6061395406723022
2564	0.027665667235851288	0.09679479151964188	0.6057897210121155
2565	0.027708712965250015	0.09723659604787827	0.6045289039611816
2566	0.027609264478087425	0.09760270267724991	0.6037408113479614
2567	0.027758270502090454	0.098029226064682	0.602588951587677
2568	0.027750035747885704	0.09803392738103867	0.6029155850410461
2569	0.02729586325585842	0.09814155101776123	0.6024978160858154
2570	0.027571478858590126	0.0978962779045105	0.6036504507064819
2571	0.028043026104569435	0.0976114496588707	0.6048392653465271
2572	0.02790764905512333	0.09750661253929138	0.6052629947662354
2573	0.02665717713534832	0.0975199043750763	0.6053720712661743
2574	0.027524108067154884	0.09751663357019424	0.6051307320594788
2575	0.02817634306848049	0.09732843190431595	0.6052072644233704
2576	0.028032194823026657	0.09726058691740036	0.6044381260871887
2577	0.02774370275437832	0.09726987779140472	0.603360116481781
2578	0.027798103168606758	0.09704005718231201	0.6036747097969055
2579	0.0277143195271492	0.09698271006345749	0.6040032505989075
2580	0.02774493210017681	0.09686324745416641	0.6044898629188538
2581	0.02728346548974514	0.09690114110708237	0.604608416557312
2582	0.02695978246629238	0.09694481641054153	0.6048936247825623
2583	0.028051557019352913	0.09734334796667099	0.6034322381019592
2584	0.027745626866817474	0.09771359711885452	0.6021221876144409
2585	0.028013044968247414	0.09797728806734085	0.6012926697731018
2586	0.02778247557580471	0.09800898283720016	0.6009154319763184
2587	0.027501942589879036	0.09764523804187775	0.601810872554779
2588	0.028002971783280373	0.09772539138793945	0.600836455821991
2589	0.028087209910154343	0.09777703881263733	0.6003732085227966
2590	0.027119778096675873	0.09782446920871735	0.600391685962677
2591	0.027710355818271637	0.09770669043064117	0.6012633442878723
2592	0.0276816226541996	0.09773655235767365	0.6018847823143005
2593	0.027036849409341812	0.09775573015213013	0.6026009321212769
2594	0.027830109000205994	0.09761498123407364	0.603361964225769
2595	0.027442896738648415	0.09746549278497696	0.6039649248123169
2596	0.026992766186594963	0.09735140204429626	0.6042608022689819
2597	0.027491120621562004	0.09740938991308212	0.603986382484436
2598	0.02781503275036812	0.09765759855508804	0.603166937828064
2599	0.026946673169732094	0.0978938490152359	0.6025011539459229
2600	0.02782561257481575	0.09800849109888077	0.6024362444877625
2601	0.027771342545747757	0.09812579303979874	0.6019547581672668
2602	0.027457015588879585	0.0980297178030014	0.6023709177970886
2603	0.027593944221735	0.09793906658887863	0.6026961207389832
2604	0.02751445583999157	0.09749827533960342	0.6036512851715088
2605	0.027992477640509605	0.09718078374862671	0.6039544939994812
2606	0.027148768305778503	0.09711730480194092	0.6031545400619507
2607	0.026397131383419037	0.09709244221448898	0.6021919846534729
2608	0.02740614488720894	0.09718835353851318	0.6011447310447693
2609	0.027038240805268288	0.0972619280219078	0.6003596186637878
2610	0.02741861157119274	0.09736748039722443	0.6000152230262756
2611	0.027597302570939064	0.097420334815979	0.6009734869003296
2612	0.027874760329723358	0.09760413318872452	0.601814866065979
2613	0.027620799839496613	0.09783585369586945	0.6019736528396606
2614	0.027612343430519104	0.09807530045509338	0.6020809412002563
2615	0.028499236330389977	0.09820402413606644	0.6020516157150269
2616	0.02750757336616516	0.09832997620105743	0.6014224290847778
2617	0.027506103739142418	0.09839808940887451	0.60066819190979
2618	0.02723732776939869	0.0984906330704689	0.5996921062469482
2619	0.027780214324593544	0.09838440269231796	0.5995272397994995
2620	0.0282870065420866	0.09837023168802261	0.5991212129592896
2621	0.026681769639253616	0.09817268699407578	0.5994043350219727
2622	0.027751022949814796	0.09797780960798264	0.5998694896697998
2623	0.027531445026397705	0.09771948307752609	0.6004682183265686
2624	0.02763877436518669	0.09763825684785843	0.6004027724266052
2625	0.0277573149651289	0.09780661016702652	0.6001080274581909
2626	0.027384914457798004	0.09819729626178741	0.5992779731750488
2627	0.027150658890604973	0.09849181026220322	0.5991106629371643
2628	0.026816388592123985	0.09874959290027618	0.5986884832382202
2629	0.02758198231458664	0.09899595379829407	0.5983238816261292
2630	0.027401601895689964	0.09917157143354416	0.59796541929245
2631	0.027286415919661522	0.09903664141893387	0.5984218120574951
2632	0.02761857770383358	0.09873829782009125	0.5991342663764954
2633	0.02753838151693344	0.09870509803295135	0.5992753505706787
2634	0.02748895436525345	0.09819590300321579	0.6011343598365784
2635	0.026907343417406082	0.09790696203708649	0.6019191145896912
2636	0.027636578306555748	0.09776855260133743	0.6019737720489502
2637	0.027644028887152672	0.09776744991540909	0.6012642979621887
2638	0.026904158294200897	0.09783051162958145	0.6003888845443726
2639	0.027131056413054466	0.09806494414806366	0.5993598103523254
2640	0.027129000052809715	0.09830956161022186	0.5985150337219238
2641	0.02804531715810299	0.0984097570180893	0.5982574820518494
2642	0.027925094589591026	0.09838864952325821	0.5988579392433167
2643	0.027547236531972885	0.09824799746274948	0.6000221967697144
2644	0.028048351407051086	0.09801945835351944	0.6009594202041626
2645	0.027714591473340988	0.09792044013738632	0.601408064365387
2646	0.027389436960220337	0.0977366641163826	0.6020112037658691
2647	0.02699466608464718	0.09760069847106934	0.6027721762657166
2648	0.027487862855196	0.0973849669098854	0.6037896871566772
2649	0.027473540976643562	0.09730739146471024	0.6042652130126953
2650	0.027044184505939484	0.09700372070074081	0.6057087182998657
2651	0.02745499275624752	0.09686059504747391	0.6063835620880127
2652	0.027021529152989388	0.0969633236527443	0.6063187122344971
2653	0.026870254427194595	0.09722306579351425	0.6054930686950684
2654	0.027151314541697502	0.09758671373128891	0.6036696434020996
2655	0.026859896257519722	0.09797398000955582	0.6016050577163696
2656	0.027059387415647507	0.09829407930374146	0.599872887134552
2657	0.026112444698810577	0.09863446652889252	0.5982733964920044
2658	0.027712663635611534	0.09898161143064499	0.5974542498588562
2659	0.026884401217103004	0.09936303645372391	0.5967254638671875
2660	0.027721354737877846	0.09941854327917099	0.5972186923027039
2661	0.02736782282590866	0.09908020496368408	0.5989639759063721
2662	0.02744182199239731	0.09873353689908981	0.600812554359436
2663	0.02742169238626957	0.09854438155889511	0.601809561252594
2664	0.028213651850819588	0.09833577275276184	0.60225909948349
2665	0.027295470237731934	0.09816180914640427	0.6023877859115601
2666	0.02761792577803135	0.09792526066303253	0.6026870608329773
2667	0.02653689682483673	0.09788600355386734	0.6023871302604675
2668	0.02676646038889885	0.09817292541265488	0.6010960936546326
2669	0.026743421331048012	0.09841018915176392	0.5999730825424194
2670	0.02744797058403492	0.09849037230014801	0.599965512752533
2671	0.026768069714307785	0.0981539711356163	0.6017224788665771
2672	0.026705391705036163	0.09804622083902359	0.6028295159339905
2673	0.02775106206536293	0.09807013720273972	0.6029907464981079
2674	0.027781665325164795	0.09839839488267899	0.6016207933425903
2675	0.026933422312140465	0.0984429195523262	0.6009845733642578
2676	0.028322840109467506	0.0986037328839302	0.5997103452682495
2677	0.027305303141474724	0.09863650798797607	0.5990087389945984
2678	0.027013035491108894	0.0985654667019844	0.5989413261413574
2679	0.02660505473613739	0.09858326613903046	0.5988942980766296
2680	0.02685294859111309	0.09868136048316956	0.5991491675376892
2681	0.02722555585205555	0.09864987432956696	0.5999287962913513
2682	0.027692681178450584	0.09849204868078232	0.6011638045310974
2683	0.027134539559483528	0.09857147932052612	0.6014816761016846
2684	0.02707488089799881	0.0986080914735794	0.6015896797180176
2685	0.02755758911371231	0.09883003681898117	0.6009784936904907
2686	0.027207283303141594	0.0989874005317688	0.6002485752105713
2687	0.027138737961649895	0.09915360063314438	0.5995269417762756
2688	0.027040056884288788	0.09942808747291565	0.5982575416564941
2689	0.026758696883916855	0.09964603930711746	0.5973712801933289
2690	0.02666097693145275	0.09974753856658936	0.5967702269554138
2691	0.02783811092376709	0.099738210439682	0.5968381762504578
2692	0.027427732944488525	0.09936828166246414	0.5983726978302002
2693	0.02616085857152939	0.09890815615653992	0.6006001830101013
2694	0.027583379298448563	0.09835118055343628	0.6027182936668396
2695	0.02698606811463833	0.09791126847267151	0.6043779850006104
2696	0.02717093750834465	0.09763982146978378	0.6046339869499207
2697	0.028361104428768158	0.09751439839601517	0.6038566827774048
2698	0.02681085839867592	0.09747973829507828	0.6028533577919006
2699	0.027441032230854034	0.09777004271745682	0.6007386445999146
2700	0.026757992804050446	0.0984024852514267	0.5973094701766968
2701	0.026406385004520416	0.09904541075229645	0.5945454239845276
2702	0.027140915393829346	0.09907408058643341	0.5935348868370056
2703	0.027818722650408745	0.09919655323028564	0.5939611792564392
2704	0.026788050308823586	0.09918685257434845	0.5952703356742859
2705	0.0271759070456028	0.0990668460726738	0.5970290899276733
2706	0.02676132507622242	0.09883953630924225	0.5990911722183228
2707	0.027194468304514885	0.09859544038772583	0.6005922555923462
2708	0.02674953266978264	0.0983164981007576	0.6016334891319275
2709	0.026930157095193863	0.09828872233629227	0.6013591289520264
2710	0.02759360522031784	0.09804532676935196	0.6019234657287598
2711	0.02661985717713833	0.09780173003673553	0.6022137403488159
2712	0.026983465999364853	0.09787164628505707	0.6015517115592957
2713	0.02723938785493374	0.0981529951095581	0.6002729535102844
2714	0.02638879604637623	0.09839756786823273	0.5992129445075989
2715	0.027086852118372917	0.09835784137248993	0.5991424322128296
2716	0.027369704097509384	0.09812706708908081	0.6002059578895569
2717	0.027523940429091454	0.09776967018842697	0.6020151972770691
2718	0.02693253383040428	0.0974760353565216	0.6034141778945923
2719	0.02768080309033394	0.09730648994445801	0.6040855646133423
2720	0.027050582692027092	0.09734972566366196	0.604063093662262
2721	0.02711406722664833	0.09731854498386383	0.6043882966041565
2722	0.02670910395681858	0.09739989787340164	0.6041929125785828
2723	0.02699078619480133	0.09770014137029648	0.6029114723205566
2724	0.027195196598768234	0.09810660034418106	0.6009488105773926
2725	0.027173036709427834	0.09868060797452927	0.5979547500610352
2726	0.0270045455545187	0.09892243891954422	0.5960626006126404
2727	0.027655433863401413	0.098783940076828	0.5957990884780884
2728	0.027341973036527634	0.09825696051120758	0.5974006652832031
2729	0.02693033032119274	0.09776082634925842	0.5991599559783936
2730	0.0265597365796566	0.09749595820903778	0.6007007956504822
2731	0.027243807911872864	0.09749898314476013	0.6011847853660583
2732	0.027459215372800827	0.09746326506137848	0.6020194292068481
2733	0.02706274203956127	0.09735142439603806	0.6030230522155762
2734	0.02759644202888012	0.0973464697599411	0.6033985018730164
2735	0.027008196339011192	0.09733933210372925	0.6035802364349365
2736	0.027120443060994148	0.09768535196781158	0.6024402976036072
2737	0.027138952165842056	0.09804736077785492	0.6013652086257935
2738	0.027042275294661522	0.0983821228146553	0.599875271320343
2739	0.027438869699835777	0.09882291406393051	0.5976834297180176
2740	0.02684953808784485	0.0990133285522461	0.5964535474777222
2741	0.026466699317097664	0.09895456582307816	0.5960245132446289
2742	0.027030764147639275	0.09892574697732925	0.5956982374191284
2743	0.026777492836117744	0.09855908155441284	0.5968087315559387
2744	0.027925929054617882	0.09830638766288757	0.5976579785346985
2745	0.02660725638270378	0.0980844497680664	0.5987235307693481
2746	0.026611097157001495	0.09785034507513046	0.5997543334960938
2747	0.0268247127532959	0.09772544354200363	0.6003918051719666
2748	0.026893533766269684	0.09768076986074448	0.600793719291687
2749	0.027218414470553398	0.0976543202996254	0.6010779738426208
2750	0.027122680097818375	0.09772206842899323	0.6013070940971375
2751	0.02741936221718788	0.0978606715798378	0.6011077165603638
2752	0.02604825794696808	0.09807296097278595	0.6006448268890381
2753	0.02628512866795063	0.09832000732421875	0.6001388430595398
2754	0.027518391609191895	0.09842739254236221	0.5999399423599243
2755	0.027333037927746773	0.09862062335014343	0.5992571115493774
2756	0.026411933824419975	0.09861662238836288	0.5992844700813293
2757	0.026400314643979073	0.0986085906624794	0.5989207029342651
2758	0.02660377323627472	0.09870163351297379	0.598690390586853
2759	0.026417365297675133	0.09867701679468155	0.5986279249191284
2760	0.026418574154376984	0.09857776761054993	0.5990778207778931
2761	0.027289213612675667	0.09843942523002625	0.5995997190475464
2762	0.026387009769678116	0.09852925688028336	0.5996132493019104
2763	0.02690497227013111	0.0986977219581604	0.5993008613586426
2764	0.026756178587675095	0.0985412448644638	0.6003749370574951
2765	0.027176842093467712	0.09851726144552231	0.6007611751556396
2766	0.026230471208691597	0.09850206226110458	0.6007760167121887
2767	0.02630307897925377	0.09829593449831009	0.6012127995491028
2768	0.026441341266036034	0.09808295220136642	0.6018385887145996
2769	0.02699853479862213	0.09788791835308075	0.6024542450904846
2770	0.026285924017429352	0.09782139211893082	0.6023720502853394
2771	0.02700282819569111	0.09787717461585999	0.6023380160331726
2772	0.027225436642766	0.09820233285427094	0.6013211011886597
2773	0.026660913601517677	0.09845583885908127	0.6010357141494751
2774	0.027541469782590866	0.09848395735025406	0.601370096206665
2775	0.02704593539237976	0.09861771017313004	0.6014900803565979
2776	0.027665521949529648	0.0986047014594078	0.6019349098205566
2777	0.027067242190241814	0.0987352803349495	0.601355791091919
2778	0.02738301083445549	0.0989617183804512	0.60071861743927
2779	0.026522543281316757	0.09908272325992584	0.6002135872840881
2780	0.0269862599670887	0.0990571603178978	0.5999319553375244
2781	0.026180922985076904	0.09900318086147308	0.5994969010353088
2782	0.027264874428510666	0.09852182865142822	0.6002962589263916
2783	0.02680177241563797	0.09801406413316727	0.6013198494911194
2784	0.027444755658507347	0.09766214340925217	0.60186368227005
2785	0.026842758059501648	0.09730451554059982	0.6026412844657898
2786	0.026334114372730255	0.0972563624382019	0.6029424071311951
2787	0.027253691107034683	0.09747789055109024	0.6023349761962891
2788	0.026052286848425865	0.09768225997686386	0.6018772125244141
2789	0.026716265827417374	0.09792724996805191	0.6017674803733826
2790	0.027472762390971184	0.09816614538431168	0.6015035510063171
2791	0.026762830093503	0.0983070507645607	0.6007450222969055
2792	0.02618717961013317	0.09851927310228348	0.5993793606758118
2793	0.0265779010951519	0.0988050252199173	0.5978602766990662
2794	0.026369133964180946	0.09921719133853912	0.5961214303970337
2795	0.02658071182668209	0.09946034103631973	0.5951981544494629
2796	0.026470836251974106	0.09948895871639252	0.5952500700950623
2797	0.026773344725370407	0.09936492890119553	0.5961259007453918
2798	0.026734981685876846	0.09937106817960739	0.5964269042015076
2799	0.026880310848355293	0.09919755905866623	0.5974422693252563
2800	0.026044728234410286	0.09903977066278458	0.5983988642692566
2801	0.02646823413670063	0.09902501106262207	0.5990772247314453
2802	0.026939693838357925	0.09892352670431137	0.5998079776763916
2803	0.026335272938013077	0.09887180477380753	0.6001413464546204
2804	0.026525253430008888	0.09881095588207245	0.6005950570106506
2805	0.02715771086513996	0.09887168556451797	0.6003578901290894
2806	0.026557333767414093	0.09892378747463226	0.6002452373504639
2807	0.02718551829457283	0.09911978989839554	0.5995076298713684
2808	0.026719549670815468	0.09955155849456787	0.5974674224853516
2809	0.026117783039808273	0.10005912184715271	0.5953332781791687
2810	0.027188530191779137	0.10037236660718918	0.5944623351097107
2811	0.02648846246302128	0.10018262267112732	0.595207691192627
2812	0.026853365823626518	0.09982762485742569	0.596667468547821
2813	0.02670583873987198	0.09924255311489105	0.5990757346153259
2814	0.02677321247756481	0.09853944927453995	0.6019901633262634
2815	0.026995688676834106	0.0980343222618103	0.6040307879447937
2816	0.026843594387173653	0.09808827936649323	0.6037756204605103
2817	0.027282485738396645	0.0983656719326973	0.602628231048584
2818	0.02682853862643242	0.09872119873762131	0.6015944480895996
2819	0.02619105391204357	0.09905216097831726	0.6012495160102844
2820	0.027118371799588203	0.09934575855731964	0.6006742715835571
2821	0.027593368664383888	0.09970196336507797	0.5992386937141418
2822	0.027000097557902336	0.09985668957233429	0.598447859287262
2823	0.026665788143873215	0.0997435450553894	0.5985502600669861
2824	0.026467518880963326	0.09950663894414902	0.599066972732544
2825	0.02643432840704918	0.09910059720277786	0.5999306440353394
2826	0.02688169851899147	0.09850781410932541	0.6017687320709229
2827	0.027123412117362022	0.09821388125419617	0.6028704643249512
2828	0.026734203100204468	0.09803484380245209	0.603110134601593
2829	0.02644978277385235	0.09794017672538757	0.60296231508255
2830	0.026596596464514732	0.0978931188583374	0.6028633117675781
2831	0.027157392352819443	0.09789786487817764	0.6027235388755798
2832	0.027009157463908195	0.09791848063468933	0.6027355790138245
2833	0.026475943624973297	0.09801563620567322	0.6025454998016357
2834	0.026944627985358238	0.0978979766368866	0.6031341552734375
2835	0.026735547930002213	0.09775381535291672	0.603543221950531
2836	0.02646729163825512	0.09747818857431412	0.6042723059654236
2837	0.026840027421712875	0.09726585447788239	0.6050040125846863
2838	0.026616176590323448	0.09702030569314957	0.6058816313743591
2839	0.02697528339922428	0.0973476767539978	0.604472815990448
2840	0.025975463911890984	0.09786505252122879	0.6026151776313782
2841	0.026642819866538048	0.09825944155454636	0.601231038570404
2842	0.02645592950284481	0.09879374504089355	0.5991198420524597
2843	0.0268641896545887	0.09920255094766617	0.5973464846611023
2844	0.026933686807751656	0.09962272644042969	0.596145749092102
2845	0.02644527330994606	0.09951777011156082	0.5967424511909485
2846	0.026219701394438744	0.0991782546043396	0.5982179641723633
2847	0.026799088343977928	0.09867576509714127	0.6001182794570923
2848	0.02639639563858509	0.09802534431219101	0.602264404296875
2849	0.026931237429380417	0.09748730808496475	0.604221522808075
2850	0.026368681341409683	0.0969085767865181	0.6060814261436462
2851	0.026587901636958122	0.09679790586233139	0.605872392654419
2852	0.02662782184779644	0.0970451608300209	0.6043290495872498
2853	0.02689982019364834	0.09754879772663116	0.6023021340370178
2854	0.026744140312075615	0.09824773669242859	0.599943220615387
2855	0.026903429999947548	0.09882374107837677	0.5983663201332092
2856	0.026544436812400818	0.099150650203228	0.5977237820625305
2857	0.026505121961236	0.09941473603248596	0.5969817638397217
2858	0.026286369189620018	0.0992727130651474	0.5974354147911072
2859	0.026698680594563484	0.09878803044557571	0.5992510318756104
2860	0.026367025449872017	0.09826783835887909	0.6013073921203613
2861	0.026718460023403168	0.09779102355241776	0.602894127368927
2862	0.026390543207526207	0.09756428003311157	0.6035013794898987
2863	0.026100849732756615	0.09764815121889114	0.6026857495307922
2864	0.026295119896531105	0.09788060933351517	0.6015148758888245
2865	0.026099765673279762	0.09813288599252701	0.6006579995155334
2866	0.02622329071164131	0.09842866659164429	0.6000846028327942
2867	0.027060674503445625	0.09886085242033005	0.5994959473609924
2868	0.025909801945090294	0.09935128688812256	0.5987386107444763
2869	0.02636106126010418	0.09972528368234634	0.5983731746673584
2870	0.026552923023700714	0.09990973770618439	0.5981428027153015
2871	0.026276245713233948	0.099870465695858	0.5985552072525024
2872	0.026571109890937805	0.09960857033729553	0.5993810296058655
2873	0.02618728019297123	0.09936656057834625	0.6001864075660706
2874	0.026132946833968163	0.09910821169614792	0.6008983254432678
2875	0.026349196210503578	0.09893468022346497	0.6010140180587769
2876	0.02614618092775345	0.09859418869018555	0.6018449068069458
2877	0.02669033780694008	0.09836281836032867	0.6023378968238831
2878	0.026777122169733047	0.09823213517665863	0.602252721786499
2879	0.02716297097504139	0.09818044304847717	0.601976752281189
2880	0.026435764506459236	0.09829168766736984	0.6010964512825012
2881	0.026557154953479767	0.09849894791841507	0.5996577739715576
2882	0.026404328644275665	0.09873536229133606	0.5983490943908691
2883	0.026667486876249313	0.09893811494112015	0.597541332244873
2884	0.026895351707935333	0.09875549376010895	0.5983246564865112
2885	0.026443811133503914	0.09830678254365921	0.5999877452850342
2886	0.026373110711574554	0.0979808121919632	0.6011614799499512
2887	0.02697577327489853	0.09786500781774521	0.601917028427124
2888	0.025940468534827232	0.09771778434515	0.6025896668434143
2889	0.02638595923781395	0.09757954627275467	0.6035662293434143
2890	0.026831824332475662	0.09748390316963196	0.6041228771209717
2891	0.026419322937726974	0.09773161262273788	0.6037462949752808
2892	0.02665145881474018	0.09807619452476501	0.6025674939155579
2893	0.026158412918448448	0.09842021018266678	0.6011746525764465
2894	0.026566848158836365	0.098931223154068	0.5985404253005981
2895	0.026181334629654884	0.09922260046005249	0.5967745780944824
2896	0.026150843128561974	0.09939069300889969	0.5958932638168335
2897	0.02626018226146698	0.09971150010824203	0.5947197675704956
2898	0.026156127452850342	0.0999503880739212	0.5942965149879456
2899	0.026984168216586113	0.09995011240243912	0.5948961973190308
2900	0.02617684379220009	0.09981338679790497	0.5960886478424072
2901	0.026456398889422417	0.09962564706802368	0.5976880192756653
2902	0.026600606739521027	0.09951207786798477	0.5990486741065979
2903	0.02577744610607624	0.09922897815704346	0.6005316972732544
2904	0.025681667029857635	0.09887631982564926	0.6019626259803772
2905	0.02744874730706215	0.0987243726849556	0.6026396155357361
2906	0.025864128023386	0.09858998656272888	0.6027711033821106
2907	0.026315506547689438	0.0984099954366684	0.602881133556366
2908	0.026097729802131653	0.09843339025974274	0.6020764112472534
2909	0.02612937055528164	0.09860207885503769	0.6005218029022217
2910	0.027895895764231682	0.09879668056964874	0.5990220308303833
2911	0.025998052209615707	0.09895021468400955	0.5982620716094971
2912	0.026590200141072273	0.09895661473274231	0.5986447930335999
2913	0.026774480938911438	0.09911178052425385	0.5986867547035217
2914	0.026068054139614105	0.09889879822731018	0.6001375317573547
2915	0.02620680071413517	0.09852973371744156	0.6018909811973572
2916	0.026045486330986023	0.09821294248104095	0.6033354997634888
2917	0.026712914928793907	0.09791573137044907	0.6048623919487
2918	0.02675519324839115	0.09768040478229523	0.60543292760849
2919	0.02600179612636566	0.0975177213549614	0.6057777404785156
2920	0.025824110954999924	0.09739548712968826	0.6051267981529236
2921	0.025740917772054672	0.09731017798185349	0.6046236157417297
2922	0.025994645431637764	0.0972999632358551	0.6039168834686279
2923	0.026941746473312378	0.09734247624874115	0.6029565930366516
2924	0.026500308886170387	0.09761723130941391	0.6014739274978638
2925	0.026462581008672714	0.0978870764374733	0.600832998752594
2926	0.026458797976374626	0.09828642010688782	0.5998997092247009
2927	0.027010660618543625	0.09876445680856705	0.5992698669433594
2928	0.026687895879149437	0.0993223711848259	0.5980753898620605
2929	0.02635110728442669	0.09963031858205795	0.5978999137878418
2930	0.02658894658088684	0.09972918033599854	0.5983480215072632
2931	0.026219302788376808	0.09955446422100067	0.5992605090141296
2932	0.025781773030757904	0.09944537281990051	0.5993216633796692
2933	0.02692675217986107	0.09907209128141403	0.6000606417655945
2934	0.02570878528058529	0.0986136943101883	0.600780725479126
2935	0.02679690346121788	0.09833470731973648	0.6003507971763611
2936	0.02613184228539467	0.09790776669979095	0.6001295447349548
2937	0.026718169450759888	0.09746158868074417	0.6003727316856384
2938	0.026163144037127495	0.09703895449638367	0.6010035872459412
2939	0.02630987949669361	0.09656462073326111	0.6023864150047302
2940	0.02616533264517784	0.0962778776884079	0.6036741733551025
2941	0.02641676925122738	0.09591738879680634	0.6059978008270264
2942	0.026756227016448975	0.09575553983449936	0.6079404354095459
2943	0.026404764503240585	0.09591162204742432	0.6084020137786865
2944	0.026338541880249977	0.09618767350912094	0.6080110669136047
2945	0.026167312636971474	0.09664851427078247	0.6063420176506042
2946	0.026141760870814323	0.0973154678940773	0.6035340428352356
2947	0.026203123852610588	0.09782879799604416	0.6008843183517456
2948	0.026320142671465874	0.09807679057121277	0.599335253238678
2949	0.02702590636909008	0.09823079407215118	0.5983692407608032
2950	0.02665681764483452	0.09848010540008545	0.5969929099082947
2951	0.02680986374616623	0.0987061858177185	0.5962518453598022
2952	0.026914052665233612	0.09851180762052536	0.5971670746803284
2953	0.026353027671575546	0.0982586145401001	0.5986798405647278
2954	0.02598428539931774	0.0980105996131897	0.60036301612854
2955	0.026154570281505585	0.09782340377569199	0.6018490195274353
2956	0.025745553895831108	0.0977405235171318	0.6028887629508972
2957	0.02540908195078373	0.0976814553141594	0.6034848690032959
2958	0.026146797463297844	0.09779248386621475	0.6030861139297485
2959	0.02625463902950287	0.09792225807905197	0.6026867628097534
2960	0.025878047570586205	0.09803816676139832	0.6025977730751038
2961	0.026042623445391655	0.0978316068649292	0.6035277843475342
2962	0.026233963668346405	0.09778966754674911	0.604028582572937
2963	0.02572612091898918	0.097805455327034	0.603882372379303
2964	0.02520548738539219	0.0976267084479332	0.6047013401985168
2965	0.025454184040427208	0.09753501415252686	0.6048884987831116
2966	0.0257653146982193	0.09759025275707245	0.6044961810112
2967	0.02629062347114086	0.09772255271673203	0.6038560271263123
2968	0.02593345195055008	0.09815552085638046	0.6022204160690308
2969	0.026546558365225792	0.09849892556667328	0.6011062860488892
2970	0.02618158981204033	0.09874700754880905	0.6003764271736145
2971	0.025522874668240547	0.09892221540212631	0.6000562906265259
2972	0.025828348472714424	0.09887536615133286	0.6000982522964478
2973	0.025532366707921028	0.09886860847473145	0.5999367833137512
2974	0.026474786922335625	0.09901188313961029	0.5990296602249146
2975	0.025318022817373276	0.09890621900558472	0.5993162393569946
2976	0.026268774643540382	0.09877041727304459	0.599288284778595
2977	0.025330154225230217	0.0984504446387291	0.6002617478370667
2978	0.02569086290895939	0.09812656790018082	0.6013766527175903
2979	0.02614583820104599	0.09783587604761124	0.60244220495224
2980	0.02702535130083561	0.09763792902231216	0.6032617688179016
2981	0.026027442887425423	0.09760104864835739	0.6034514904022217
2982	0.02626488171517849	0.09769915789365768	0.6029781699180603
2983	0.02545618638396263	0.09782146662473679	0.6024099588394165
2984	0.025562411174178123	0.09812728315591812	0.6012659072875977
2985	0.026173308491706848	0.09827232360839844	0.6006286144256592
2986	0.02627704106271267	0.0985291600227356	0.5995106101036072
2987	0.02626635693013668	0.09872620552778244	0.5985303521156311
2988	0.026358436793088913	0.09856203943490982	0.5987029671669006
2989	0.02589487098157406	0.09810749441385269	0.5999618172645569
2990	0.026194702833890915	0.09744357317686081	0.6020386815071106
2991	0.026112336665391922	0.09674927592277527	0.6043646931648254
2992	0.025689352303743362	0.09615428745746613	0.6063277125358582
2993	0.026465872302651405	0.09572023898363113	0.607485830783844
2994	0.026686737313866615	0.09542319178581238	0.6080397963523865
2995	0.02628154680132866	0.09550061076879501	0.6074354648590088
2996	0.02550710178911686	0.09590308368206024	0.6057162284851074
2997	0.02526402659714222	0.0967564508318901	0.6028084754943848
2998	0.025731004774570465	0.09742216020822525	0.6008870005607605
2999	0.025563610717654228	0.09811042249202728	0.5991435647010803
3000	0.0276002399623394	0.09877178817987442	0.5976605415344238
3001	0.026175551116466522	0.09945303201675415	0.5958928465843201
3002	0.025677520781755447	0.0997990295290947	0.5949301719665527
3003	0.026180824264883995	0.09972672164440155	0.5948755145072937
3004	0.02663707733154297	0.09933570772409439	0.5963547825813293
3005	0.026507334783673286	0.09855818003416061	0.5991942286491394
3006	0.026336582377552986	0.09738688170909882	0.6036394238471985
3007	0.025520335882902145	0.09642484039068222	0.6068450808525085
3008	0.025633802637457848	0.09567888081073761	0.6097207069396973
3009	0.026386026293039322	0.0952477678656578	0.611825168132782
3010	0.02603926695883274	0.09504329413175583	0.6121243238449097
3011	0.02614694833755493	0.09502938389778137	0.6112984418869019
3012	0.026661712676286697	0.0953776016831398	0.6091855764389038
3013	0.02675035409629345	0.09634573757648468	0.6049724817276001
3014	0.026061024516820908	0.09741615504026413	0.6003122925758362
3015	0.025581834837794304	0.09834132343530655	0.5969905257225037
3016	0.0261154193431139	0.09888307005167007	0.5952692031860352
3017	0.026134654879570007	0.09907303005456924	0.5955289602279663
3018	0.025440488010644913	0.0990002304315567	0.5970289707183838
3019	0.026457596570253372	0.09888189285993576	0.598983883857727
3020	0.026069052517414093	0.09863796830177307	0.6011155843734741
3021	0.02661284990608692	0.09819041192531586	0.6033814549446106
3022	0.024860579520463943	0.09769231826066971	0.605042576789856
3023	0.02512974664568901	0.09728413075208664	0.6058432459831238
3024	0.025736451148986816	0.09692134708166122	0.6061072945594788
3025	0.025793572887778282	0.09699692577123642	0.604664146900177
3026	0.02608620561659336	0.09742333739995956	0.6022210121154785
3027	0.026405809447169304	0.0979127362370491	0.599933385848999
3028	0.026021717116236687	0.09835534542798996	0.5980679988861084
3029	0.025558562949299812	0.09885138273239136	0.5964831113815308
3030	0.026454206556081772	0.0991089716553688	0.5962953567504883
3031	0.024849193170666695	0.0992385521531105	0.596680760383606
3032	0.02549498900771141	0.099015012383461	0.5982365012168884
3033	0.024937806650996208	0.09873846173286438	0.6000367403030396
3034	0.026384687051177025	0.0986950621008873	0.6011170148849487
3035	0.026263143867254257	0.09863061457872391	0.6017500162124634
3036	0.025849223136901855	0.09868212044239044	0.6015918254852295
3037	0.02583528868854046	0.09873077273368835	0.6007286310195923
3038	0.025650614872574806	0.09885694086551666	0.5993630886077881
3039	0.02585713192820549	0.09902896732091904	0.5980836153030396
3040	0.025593074038624763	0.09899921715259552	0.5974534153938293
3041	0.02588944509625435	0.09873294830322266	0.598218560218811
3042	0.02572983130812645	0.09815777838230133	0.5999026894569397
3043	0.026167048141360283	0.09766556322574615	0.601639449596405
3044	0.025900356471538544	0.09758197516202927	0.6022050380706787
3045	0.026571428403258324	0.09776915609836578	0.6018815040588379
3046	0.026166189461946487	0.09819354116916656	0.6005997657775879
3047	0.026268547400832176	0.09858069568872452	0.5989475846290588
3048	0.02547740936279297	0.09894531965255737	0.5977398753166199
3049	0.025742288678884506	0.09919711202383041	0.5966461896896362
3050	0.025751648470759392	0.09930093586444855	0.595979630947113
3051	0.026541149243712425	0.09945731610059738	0.5954806208610535
3052	0.02620374783873558	0.09952520579099655	0.5955120325088501
3053	0.025355570018291473	0.09941407293081284	0.5961058139801025
3054	0.0259452722966671	0.09931200742721558	0.596450924873352
3055	0.025237850844860077	0.0989423617720604	0.5978938937187195
3056	0.02580203488469124	0.0983799546957016	0.6000033617019653
3057	0.025835460051894188	0.0978357195854187	0.6023128628730774
3058	0.025797171518206596	0.09754090011119843	0.6032225489616394
3059	0.025632744655013084	0.09718946367502213	0.6039896607398987
3060	0.02562110498547554	0.0970490500330925	0.6038523316383362
3061	0.025853030383586884	0.09711974859237671	0.6032218337059021
3062	0.025806479156017303	0.09717702865600586	0.602651834487915
3063	0.02580026350915432	0.09722558408975601	0.6023733615875244
3064	0.025720013305544853	0.09715741127729416	0.6025868058204651
3065	0.026123657822608948	0.09732574224472046	0.6020450592041016
3066	0.025730222463607788	0.09750383347272873	0.601382315158844
3067	0.02587612345814705	0.09779895097017288	0.6003716588020325
3068	0.025654930621385574	0.09814441949129105	0.5989241600036621
3069	0.02650873176753521	0.0985126793384552	0.5976628661155701
3070	0.026291152462363243	0.09881974756717682	0.5967636704444885
3071	0.025898467749357224	0.09882383793592453	0.5970935821533203
3072	0.02530810609459877	0.09864584356546402	0.5979241132736206
3073	0.025521131232380867	0.09838375449180603	0.5993509292602539
3074	0.02526242658495903	0.09803071618080139	0.6012651920318604
3075	0.0253424234688282	0.09785034507513046	0.6022014021873474
3076	0.02582060731947422	0.09786112606525421	0.6019576191902161
3077	0.025964638218283653	0.09786935150623322	0.6015887260437012
3078	0.025514911860227585	0.09781687706708908	0.6016380786895752
3079	0.026206599548459053	0.09782489389181137	0.6013412475585938
3080	0.02663334086537361	0.09783942997455597	0.601331889629364
3081	0.025361932814121246	0.09779120981693268	0.6014257073402405
3082	0.02521483413875103	0.09770582616329193	0.6017045378684998
3083	0.025444474071264267	0.09754116088151932	0.6024129986763
3084	0.02566743828356266	0.09751869738101959	0.6022428870201111
3085	0.026207907125353813	0.09752904623746872	0.6021857261657715
3086	0.02578987553715706	0.09764494746923447	0.6017276644706726
3087	0.02594870887696743	0.09779345244169235	0.6014615893363953
3088	0.02563251182436943	0.09802503883838654	0.60055011510849
3089	0.02530374377965927	0.09830721467733383	0.5998764038085938
3090	0.025203976780176163	0.0985284075140953	0.5994972586631775
3091	0.02631574496626854	0.09873030334711075	0.5995081663131714
3092	0.025525221601128578	0.09878625720739365	0.6000964641571045
3093	0.025992397218942642	0.09892971813678741	0.6001227498054504
3094	0.02561470866203308	0.09880682080984116	0.6007583141326904
3095	0.025643160566687584	0.09869639575481415	0.6009922623634338
3096	0.025776170194149017	0.09862340986728668	0.6006606817245483
3097	0.02524016983807087	0.0984332337975502	0.6002945303916931
3098	0.025783386081457138	0.09790986776351929	0.6013251543045044
3099	0.02605542354285717	0.09782484173774719	0.6014029383659363
3100	0.02555241622030735	0.09736606478691101	0.6027513742446899
3101	0.025030415505170822	0.09714239835739136	0.6032931208610535
3102	0.026191413402557373	0.09708081930875778	0.6037403345108032
3103	0.02525673806667328	0.09705056250095367	0.6040704846382141
3104	0.026054611429572105	0.09725438803434372	0.6039185523986816
3105	0.02588667906820774	0.09783614426851273	0.6027625799179077
3106	0.02621515281498432	0.09848429262638092	0.6008810997009277
3107	0.025634197518229485	0.09896278381347656	0.5992209315299988
3108	0.025173859670758247	0.09898937493562698	0.5985761880874634
3109	0.02554371953010559	0.09910475462675095	0.597347617149353
3110	0.025222256779670715	0.09924706071615219	0.5963180065155029
3111	0.02562909945845604	0.0990569144487381	0.5966982841491699
3112	0.02603616565465927	0.0988229438662529	0.5975794792175293
3113	0.025947703048586845	0.09863957017660141	0.5988701581954956
3114	0.02607368864119053	0.09841632843017578	0.600339412689209
3115	0.02571379393339157	0.09827038645744324	0.6014595031738281
3116	0.02608119510114193	0.09777278453111649	0.6030595302581787
3117	0.026565711945295334	0.09742440283298492	0.6043971180915833
3118	0.026128070428967476	0.0971498191356659	0.6047923564910889
3119	0.025627300143241882	0.09709744900465012	0.6039832234382629
3120	0.025179320946335793	0.09736903756856918	0.6023227572441101
3121	0.025924021378159523	0.09780281782150269	0.6003699898719788
3122	0.025164851918816566	0.09804614633321762	0.5994135141372681
3123	0.02563316933810711	0.09816498309373856	0.5989257097244263
3124	0.026859542354941368	0.09838338196277618	0.5985053181648254
3125	0.02568029798567295	0.0982590913772583	0.5994492769241333
3126	0.02492644265294075	0.09805134683847427	0.6004484295845032
3127	0.025908369570970535	0.09795916080474854	0.6009894013404846
3128	0.02503369189798832	0.09793071448802948	0.6013846397399902
3129	0.026161709800362587	0.09786847233772278	0.602039635181427
3130	0.02560338005423546	0.09785039722919464	0.6024096608161926
3131	0.0256438460201025	0.09809352457523346	0.6015868186950684
3132	0.027069242671132088	0.09830530732870102	0.6002066135406494
3133	0.02583996020257473	0.0986112579703331	0.5983920693397522
3134	0.026314901188015938	0.09849140048027039	0.5981216430664062
3135	0.025812529027462006	0.09798132628202438	0.5996232032775879
3136	0.025459526106715202	0.09741433709859848	0.6016392111778259
3137	0.024830695241689682	0.09703151136636734	0.6032983660697937
3138	0.025534629821777344	0.09688219428062439	0.6041602492332458
3139	0.02577698975801468	0.09680353105068207	0.6047810912132263
3140	0.02525559440255165	0.09692665934562683	0.6041906476020813
3141	0.025523746386170387	0.09712348878383636	0.6033019423484802
3142	0.02569948509335518	0.09735090285539627	0.6020790338516235
3143	0.026164576411247253	0.09763757884502411	0.6008310317993164
3144	0.02553890272974968	0.0975140705704689	0.6006598472595215
3145	0.025739986449480057	0.09767809510231018	0.5996513962745667
3146	0.025886785238981247	0.09796346724033356	0.598883867263794
3147	0.025774387642741203	0.09831307083368301	0.5980625152587891
3148	0.025994066148996353	0.09858657419681549	0.5980072021484375
3149	0.0253605879843235	0.09864675998687744	0.5987718105316162
3150	0.0254962258040905	0.09861492365598679	0.599311113357544
3151	0.025605782866477966	0.0985468178987503	0.6000523567199707
3152	0.025436099618673325	0.09805777668952942	0.6021484136581421
3153	0.025820698589086533	0.09784302115440369	0.6028807163238525
3154	0.025290150195360184	0.09776035696268082	0.602963924407959
3155	0.02545291557908058	0.09790578484535217	0.6021822690963745
3156	0.025365237146615982	0.09812653809785843	0.6013359427452087
3157	0.026010124012827873	0.09833575040102005	0.60024094581604
3158	0.02531096711754799	0.09830119460821152	0.5997801423072815
3159	0.02558189257979393	0.09794746339321136	0.6004782915115356
3160	0.02567567490041256	0.0977790355682373	0.6006942391395569
3161	0.025486204773187637	0.09774219989776611	0.6006790399551392
3162	0.02563076838850975	0.09777936339378357	0.6006856560707092
3163	0.025053804740309715	0.09759834408760071	0.6015897989273071
3164	0.02586735412478447	0.09750501811504364	0.6023516654968262
3165	0.026388339698314667	0.0976327508687973	0.6024941205978394
3166	0.025572272017598152	0.0977788195014	0.6025275588035583
3167	0.025235610082745552	0.09813576191663742	0.6016477346420288
3168	0.02510685846209526	0.09861021488904953	0.6003515720367432
3169	0.025637226179242134	0.0990561842918396	0.5985897779464722
3170	0.025226790457963943	0.09928855299949646	0.597466230392456
3171	0.025187082588672638	0.09918135404586792	0.5977497696876526
3172	0.02513696625828743	0.09900028258562088	0.5988027453422546
3173	0.025032823905348778	0.09865793585777283	0.599854052066803
3174	0.026031671091914177	0.09790259599685669	0.6021416783332825
3175	0.025927381590008736	0.09721579402685165	0.6041959524154663
3176	0.02497718296945095	0.09686348587274551	0.6054023504257202
3177	0.025355782359838486	0.09661529958248138	0.605985164642334
3178	0.024848414584994316	0.09661482274532318	0.6058608889579773
3179	0.024961985647678375	0.0965854674577713	0.6059038639068604
3180	0.024988461285829544	0.09665044397115707	0.6055626273155212
3181	0.025245003402233124	0.09675219655036926	0.6052392721176147
3182	0.02515615150332451	0.09706541895866394	0.6041340231895447
3183	0.02563292719423771	0.09738724678754807	0.603000819683075
3184	0.02581525407731533	0.09774018824100494	0.6019563674926758
3185	0.025819452479481697	0.09787917137145996	0.6012993454933167
3186	0.025183334946632385	0.09790068119764328	0.6009849905967712
3187	0.025679267942905426	0.09773589670658112	0.60151606798172
3188	0.02507130429148674	0.09756489098072052	0.6019433736801147
3189	0.025735003873705864	0.0972234234213829	0.6031596064567566
3190	0.02579074166715145	0.09706968069076538	0.6039305329322815
3191	0.024904798716306686	0.09700692445039749	0.6045315861701965
3192	0.02543499879539013	0.09679149836301804	0.6058271527290344
3193	0.025629691779613495	0.09681953489780426	0.606073796749115
3194	0.025032054632902145	0.09691590815782547	0.6056350469589233
3195	0.025990191847085953	0.09713676571846008	0.6048808097839355
3196	0.02505587600171566	0.09734019637107849	0.6036597490310669
3197	0.025271864607930183	0.09771144390106201	0.601794421672821
3198	0.025639189407229424	0.0981442779302597	0.5999842286109924
3199	0.02553236484527588	0.09863420575857162	0.5982586145401001
3200	0.02593069337308407	0.09899337589740753	0.5973120927810669
3201	0.025460993871092796	0.0993136391043663	0.5970697402954102
3202	0.02613878808915615	0.09922529011964798	0.5984959006309509
3203	0.0255181472748518	0.09909598529338837	0.6001491546630859
3204	0.02520078606903553	0.09884943813085556	0.6017953753471375
3205	0.025178583338856697	0.09862064570188522	0.6030207872390747
3206	0.025271408259868622	0.0987398698925972	0.6021928191184998
3207	0.02571459487080574	0.09903623163700104	0.6003651022911072
3208	0.026562746614217758	0.09947799146175385	0.5978314280509949
3209	0.02531489171087742	0.09967514127492905	0.5964446663856506
3210	0.02519882284104824	0.09959688782691956	0.5962492227554321
3211	0.02525359019637108	0.0993775948882103	0.5969697833061218
3212	0.025961529463529587	0.09919078648090363	0.5978769063949585
3213	0.02542116865515709	0.09896253049373627	0.598807692527771
3214	0.02516143210232258	0.09853663295507431	0.6001607775688171
3215	0.025724194943904877	0.09808690845966339	0.6020499467849731
3216	0.02600984275341034	0.097787044942379	0.6032622456550598
3217	0.0253605879843235	0.09776179492473602	0.6032678484916687
3218	0.02565128356218338	0.09802165627479553	0.6025846600532532
3219	0.0254449974745512	0.09846337139606476	0.6009384393692017
3220	0.025430886074900627	0.09900185465812683	0.5987815856933594
3221	0.024901792407035828	0.09929495304822922	0.597388505935669
3222	0.024789821356534958	0.0992727130651474	0.5971198081970215
3223	0.025509681552648544	0.0991855189204216	0.5970993041992188
3224	0.02566595748066902	0.09896031022071838	0.5979362726211548
3225	0.025567177683115005	0.09884102642536163	0.5984454154968262
3226	0.025396090000867844	0.09877292066812515	0.5987421870231628
3227	0.02449898049235344	0.09874098002910614	0.5988436937332153
3228	0.025287000462412834	0.09872306138277054	0.5991641879081726
3229	0.025275880470871925	0.09882267564535141	0.5990415811538696
3230	0.02469172514975071	0.09893082082271576	0.5990025997161865
3231	0.026471683755517006	0.0993339866399765	0.5979108214378357
3232	0.025351867079734802	0.09943090379238129	0.5973622798919678
3233	0.025175979360938072	0.09953046590089798	0.5970553159713745
3234	0.02499823085963726	0.09949413686990738	0.5967395901679993
3235	0.025437403470277786	0.09942016750574112	0.5967124104499817
3236	0.0257056076079607	0.09919888526201248	0.5975775718688965
3237	0.02568577416241169	0.09865456819534302	0.5995704531669617
3238	0.02464951016008854	0.0980239287018776	0.601416289806366
3239	0.025339188054203987	0.09761243313550949	0.6022201776504517
3240	0.024664321914315224	0.09740953892469406	0.6026138663291931
3241	0.024786118417978287	0.09763870388269424	0.6016301512718201
3242	0.025409502908587456	0.0980764776468277	0.6001127362251282
3243	0.024985039606690407	0.09855987131595612	0.5986591577529907
3244	0.025559253990650177	0.09910079091787338	0.59740149974823
3245	0.02484428696334362	0.09909800440073013	0.5979996919631958
3246	0.02489960752427578	0.09898018091917038	0.5991380214691162
3247	0.0247526615858078	0.09847690910100937	0.6013776659965515
3248	0.025930926203727722	0.09781672805547714	0.6041465997695923
3249	0.025550907477736473	0.09715728461742401	0.6066092848777771
3250	0.025306636467576027	0.09683520346879959	0.6072609424591064
3251	0.025887668132781982	0.09673044830560684	0.6066339612007141
3252	0.02597026713192463	0.09696745872497559	0.604821503162384
3253	0.025614583864808083	0.09751155972480774	0.6017216444015503
3254	0.026051025837659836	0.09828154742717743	0.5982418060302734
3255	0.02556423842906952	0.09910225123167038	0.5950716733932495
3256	0.02531023882329464	0.09959966689348221	0.593442440032959
3257	0.0256942268460989	0.09965864568948746	0.5937296748161316
3258	0.025067690759897232	0.0996362715959549	0.5941956043243408
3259	0.025249598547816277	0.09931673109531403	0.5956399440765381
3260	0.025479523465037346	0.0985884889960289	0.59928297996521
3261	0.024739567190408707	0.09779593348503113	0.6032854914665222
3262	0.025228098034858704	0.09735438227653503	0.6057762503623962
3263	0.024328891187906265	0.09719172865152359	0.607025682926178
3264	0.024502800777554512	0.09705164283514023	0.6076295971870422
3265	0.025545572862029076	0.09720281511545181	0.6067008376121521
3266	0.02495233528316021	0.09742388129234314	0.6051214337348938
3267	0.025920415297150612	0.09824686497449875	0.6009154915809631
3268	0.025483831763267517	0.09904289245605469	0.5968189239501953
3269	0.025283122435212135	0.09939116984605789	0.5943305492401123
3270	0.025015821680426598	0.09925132244825363	0.594153642654419
3271	0.025200188159942627	0.09883558750152588	0.5955401062965393
3272	0.026096059009432793	0.09828794747591019	0.5982328057289124
3273	0.02545868419110775	0.09772111475467682	0.6012672781944275
3274	0.0253240168094635	0.09743170440196991	0.603560209274292
3275	0.025445854291319847	0.09720983356237411	0.6054892539978027
3276	0.025460494682192802	0.09734461456537247	0.6058140397071838
3277	0.025666695088148117	0.09772442281246185	0.6048343777656555
3278	0.02490154281258583	0.09832234680652618	0.6027003526687622
3279	0.025803830474615097	0.0990326851606369	0.5995702147483826
3280	0.024480251595377922	0.09980330616235733	0.5962933301925659
3281	0.025656044483184814	0.10063959658145905	0.5931724309921265
3282	0.024709263816475868	0.10101627558469772	0.5917477607727051
3283	0.024501781910657883	0.10076514631509781	0.5929285883903503
3284	0.024999698624014854	0.10028873383998871	0.5949188470840454
3285	0.024998532608151436	0.09967450052499771	0.5973423719406128
3286	0.024942006915807724	0.09889691323041916	0.6001772880554199
3287	0.02463730052113533	0.09833040088415146	0.6022711992263794
3288	0.025679726153612137	0.0978100523352623	0.6039153933525085
3289	0.025103041902184486	0.09742126613855362	0.6047585010528564
3290	0.025138264521956444	0.09735576063394547	0.6050575971603394
3291	0.024620825424790382	0.0976012647151947	0.6043124794960022
3292	0.02484479732811451	0.09802363812923431	0.6025670766830444
3293	0.025465205311775208	0.09859295189380646	0.6001004576683044
3294	0.025174928829073906	0.09936688840389252	0.5969680547714233
3295	0.025067806243896484	0.10013677924871445	0.5941274166107178
3296	0.02640109322965145	0.10059364140033722	0.5927940607070923
3297	0.024758711457252502	0.10080962628126144	0.5923720002174377
3298	0.024810025468468666	0.10039037466049194	0.5940890908241272
3299	0.025164883583784103	0.09970696270465851	0.5968303084373474
3300	0.02489001676440239	0.09905058890581131	0.599847137928009
3301	0.02460518851876259	0.09839926660060883	0.6027722358703613
3302	0.024672988802194595	0.09811396151781082	0.6042520403862
3303	0.02481137216091156	0.09799706935882568	0.6045905947685242
3304	0.02487678825855255	0.09808618575334549	0.6039491891860962
3305	0.024809865280985832	0.09831118583679199	0.6026461124420166
3306	0.025014204904437065	0.09837855398654938	0.6014294624328613
3307	0.02507396973669529	0.09858588874340057	0.5995144844055176
3308	0.0245277788490057	0.09882505983114243	0.5977206230163574
3309	0.024893995374441147	0.09899058938026428	0.5966541171073914
3310	0.0243134293705225	0.09882523119449615	0.5970550179481506
3311	0.02602255344390869	0.09859936684370041	0.5982404947280884
3312	0.02549777738749981	0.09855728596448898	0.5990933179855347
3313	0.0249326154589653	0.0983903706073761	0.6003066897392273
3314	0.025179380550980568	0.09800420701503754	0.6016274094581604
3315	0.02479102462530136	0.09798504412174225	0.6022868156433105
3316	0.025369154289364815	0.0980183482170105	0.6024976372718811
3317	0.02546829916536808	0.09821707755327225	0.601974606513977
3318	0.025313030928373337	0.09857393801212311	0.6005846858024597
3319	0.02502560056746006	0.09877169877290726	0.5996172428131104
3320	0.02612443082034588	0.09892642498016357	0.5991050004959106
3321	0.02506767213344574	0.09925621747970581	0.5975808501243591
3322	0.024893011897802353	0.09944213181734085	0.5967479348182678
3323	0.0256004948168993	0.09944655001163483	0.596534013748169
3324	0.02462032251060009	0.09931233525276184	0.5968666672706604
3325	0.025774916633963585	0.09912186861038208	0.5974929332733154
3326	0.02446260116994381	0.0986514464020729	0.5990104079246521
3327	0.024227140471339226	0.09808162599802017	0.6009231209754944
3328	0.02439560554921627	0.09748508781194687	0.6031061410903931
3329	0.025423292070627213	0.0971674695611	0.6045555472373962
3330	0.025515466928482056	0.09701552242040634	0.6053239107131958
3331	0.024958673864603043	0.09706982970237732	0.6052409410476685
3332	0.025243036448955536	0.09724945574998856	0.6048716902732849
3333	0.02538556605577469	0.097320556640625	0.6047750115394592
3334	0.02524261176586151	0.09746957570314407	0.6043829321861267
3335	0.02558683231472969	0.09770031273365021	0.6037077307701111
3336	0.025245720520615578	0.09808643162250519	0.602344274520874
3337	0.02579948492348194	0.0985293909907341	0.6009373068809509
3338	0.025451036170125008	0.09876778721809387	0.6002328991889954
3339	0.025283044204115868	0.0987553820014	0.6004937291145325
3340	0.025427307933568954	0.09878301620483398	0.6005210280418396
3341	0.024927979335188866	0.09873538464307785	0.6005941033363342
3342	0.024845503270626068	0.09855369478464127	0.6008245944976807
3343	0.024419529363512993	0.09834674000740051	0.6007133722305298
3344	0.025799209251999855	0.0979948490858078	0.6010628342628479
3345	0.024278920143842697	0.09774087369441986	0.6011825799942017
3346	0.02502835914492607	0.09765242785215378	0.6011414527893066
3347	0.025121375918388367	0.09748950600624084	0.6018757224082947
3348	0.024521037936210632	0.09728441387414932	0.6027444005012512
3349	0.024317404255270958	0.09716931730508804	0.603360652923584
3350	0.025116827338933945	0.09710060060024261	0.6039281487464905
3351	0.024822035804390907	0.09722153097391129	0.6035889983177185
3352	0.024363523349165916	0.09719383716583252	0.6035940051078796
3353	0.024638328701257706	0.09717993438243866	0.603182315826416
3354	0.02507263608276844	0.09732028096914291	0.6020979285240173
3355	0.024766789749264717	0.09751831740140915	0.6007960438728333
3356	0.0249185711145401	0.09772257506847382	0.5996942520141602
3357	0.02502336911857128	0.0975998044013977	0.5998796224594116
3358	0.025116655975580215	0.0975584089756012	0.5999822020530701
3359	0.025904826819896698	0.09740203619003296	0.600902259349823
3360	0.02428673580288887	0.09710133820772171	0.6026785969734192
3361	0.02509714476764202	0.09712258726358414	0.6034544110298157
3362	0.024135079234838486	0.09715767949819565	0.6042909622192383
3363	0.024655185639858246	0.09741761535406113	0.603894829750061
3364	0.024940019473433495	0.09782751649618149	0.6025648713111877
3365	0.025196539238095284	0.09831012040376663	0.6009343266487122
3366	0.025017106905579567	0.09874691814184189	0.599376916885376
3367	0.024839315563440323	0.0987965539097786	0.5991079211235046
3368	0.024993812665343285	0.09868383407592773	0.5996497273445129
3369	0.024722835049033165	0.09843462705612183	0.6005998849868774
3370	0.024997487664222717	0.09807723015546799	0.6015490889549255
3371	0.02423948235809803	0.09774307906627655	0.6021333932876587
3372	0.02533024735748768	0.09742461889982224	0.6030989289283752
3373	0.02468620054423809	0.09705270826816559	0.6044082045555115
3374	0.024468591436743736	0.09704384952783585	0.6043525338172913
3375	0.02504609525203705	0.09723520278930664	0.6035512089729309
3376	0.02507254295051098	0.09761594980955124	0.6020857095718384
3377	0.02457798458635807	0.09816113114356995	0.5999777317047119
3378	0.024580959230661392	0.09863287955522537	0.5981984734535217
3379	0.024696677923202515	0.09882880002260208	0.5975126624107361
3380	0.02627350389957428	0.09882868826389313	0.5977284908294678
3381	0.025053037330508232	0.09879635274410248	0.5981955528259277
3382	0.02454717643558979	0.09852424263954163	0.5989822745323181
3383	0.024311617016792297	0.09818781167268753	0.6002622842788696
3384	0.02483309991657734	0.0978768914937973	0.601935088634491
3385	0.02486080676317215	0.09762972593307495	0.6033610701560974
3386	0.02462940290570259	0.09763781726360321	0.6037994623184204
3387	0.025149807333946228	0.09776894003152847	0.6035428643226624
3388	0.02519995905458927	0.09818128496408463	0.6023691296577454
3389	0.025786850601434708	0.09880266338586807	0.6003425121307373
3390	0.024449966847896576	0.09951450675725937	0.5977948904037476
3391	0.025056803598999977	0.10027962923049927	0.5949089527130127
3392	0.025149576365947723	0.10066526383161545	0.5932895541191101
3393	0.024800550192594528	0.10064520686864853	0.5926806926727295
3394	0.025225210934877396	0.10020286589860916	0.5936989188194275
3395	0.025325942784547806	0.0996169000864029	0.5953890681266785
3396	0.024620134383440018	0.09881690889596939	0.5975824594497681
3397	0.02429295890033245	0.09799672663211823	0.6001274585723877
3398	0.025131920352578163	0.09716860204935074	0.6029925346374512
3399	0.02437490038573742	0.09639596939086914	0.6054908633232117
3400	0.0252847783267498	0.09596599638462067	0.6070325374603271
3401	0.025462469086050987	0.09592439234256744	0.6071529984474182
3402	0.02546798624098301	0.09615442901849747	0.6061839461326599
3403	0.02544047124683857	0.09639838337898254	0.6049822568893433
3404	0.023978421464562416	0.09656596928834915	0.6040365099906921
3405	0.025411900132894516	0.09712816774845123	0.6019233465194702
3406	0.02519405074417591	0.09767180681228638	0.5996405482292175
3407	0.025682883337140083	0.09821440279483795	0.5975699424743652
3408	0.02531646564602852	0.0984196588397026	0.5969102382659912
3409	0.02527819387614727	0.09834740310907364	0.5975566506385803
3410	0.025227045640349388	0.09832082688808441	0.5988947749137878
3411	0.02443685755133629	0.09827892482280731	0.6005699634552002
3412	0.02446739189326763	0.0981677696108818	0.6023080945014954
3413	0.025026386603713036	0.0981931984424591	0.6032636761665344
3414	0.02482333965599537	0.09778673201799393	0.6050904393196106
3415	0.024094905704259872	0.09729046374559402	0.6067290902137756
3416	0.0241777915507555	0.096957728266716	0.6071603298187256
3417	0.025721609592437744	0.09680593758821487	0.6063452363014221
3418	0.024572739377617836	0.09699055552482605	0.6043491363525391
3419	0.024886077269911766	0.09738199412822723	0.6017976999282837
3420	0.024623438715934753	0.0978565365076065	0.5993218421936035
3421	0.02590775117278099	0.0982196256518364	0.5978485345840454
3422	0.024560190737247467	0.0984111800789833	0.5971397757530212
3423	0.024696819484233856	0.09832917153835297	0.5978220701217651
3424	0.025140507146716118	0.09817282110452652	0.5988575220108032
3425	0.024980168789625168	0.09790466725826263	0.6001066565513611
3426	0.024785947054624557	0.09787660837173462	0.6005395650863647
3427	0.02486720308661461	0.0978500172495842	0.6010114550590515
3428	0.02460942044854164	0.09797639399766922	0.6012658476829529
3429	0.025163263082504272	0.09832824766635895	0.6006559729576111
3430	0.024458756670355797	0.09857036173343658	0.6002322435379028
3431	0.025265101343393326	0.09872718155384064	0.6001362204551697
3432	0.024967288598418236	0.09894175082445145	0.5992403626441956
3433	0.024311663582921028	0.09915921837091446	0.598537802696228
3434	0.025466758757829666	0.09934792667627335	0.598030149936676
3435	0.024720078334212303	0.09943262487649918	0.5976490378379822
3436	0.024425141513347626	0.09944303333759308	0.5977389216423035
3437	0.024693340063095093	0.09928583353757858	0.5982406139373779
3438	0.02536805532872677	0.09892354160547256	0.5993693470954895
3439	0.02504010871052742	0.09855930507183075	0.5999799966812134
3440	0.02547517977654934	0.09823989868164062	0.6003217101097107
3441	0.02391187846660614	0.09794240444898605	0.6004990935325623
3442	0.024430228397250175	0.09766436368227005	0.6008971333503723
3443	0.024963870644569397	0.09749481827020645	0.6009036898612976
3444	0.024761410430073738	0.09719780832529068	0.60118168592453
3445	0.024032384157180786	0.09709811955690384	0.6012163758277893
3446	0.025001008063554764	0.0972074642777443	0.600960910320282
3447	0.024957595393061638	0.09740305691957474	0.6003405451774597
3448	0.024481136351823807	0.09754177182912827	0.6003572344779968
3449	0.02532922476530075	0.09773772954940796	0.600257158279419
3450	0.025358684360980988	0.09782061725854874	0.6006343960762024
3451	0.024690644815564156	0.09779755771160126	0.6010866761207581
3452	0.024503419175744057	0.09784635901451111	0.6008654236793518
3453	0.025342458859086037	0.0977749228477478	0.6008470058441162
3454	0.02396254800260067	0.0976068302989006	0.6006982922554016
3455	0.02503911592066288	0.09758422523736954	0.6005162596702576
3456	0.02480790950357914	0.09752105921506882	0.6008530855178833
3457	0.0248801801353693	0.09752068668603897	0.6008919477462769
3458	0.024517647922039032	0.09754440933465958	0.6010270118713379
3459	0.02414737455546856	0.09761302173137665	0.6009251475334167
3460	0.024774853140115738	0.09771877527236938	0.600879430770874
3461	0.024990875273942947	0.09790077060461044	0.6008275747299194
3462	0.024736732244491577	0.09819379448890686	0.5998362898826599
3463	0.024487106129527092	0.09857384115457535	0.5984146595001221
3464	0.025111522525548935	0.09864112734794617	0.5983624458312988
3465	0.024477003142237663	0.09858140349388123	0.5987586379051208
3466	0.02410656400024891	0.0983029380440712	0.5997905135154724
3467	0.02569020353257656	0.09807004034519196	0.6006448268890381
3468	0.025034308433532715	0.09787462651729584	0.6014554500579834
3469	0.024592794477939606	0.09757952392101288	0.602429986000061
3470	0.024593809619545937	0.09724307060241699	0.6032838821411133
3471	0.0246548131108284	0.0969519093632698	0.6039052605628967
3472	0.024523219093680382	0.09693796932697296	0.6032982468605042
3473	0.0243275985121727	0.09723125398159027	0.6019886136054993
3474	0.02466650865972042	0.0973937138915062	0.6011934876441956
3475	0.024321656674146652	0.09777884930372238	0.599567711353302
3476	0.0254149679094553	0.09809119999408722	0.598800778388977
3477	0.024502752348780632	0.09831279516220093	0.5985121726989746
3478	0.02459772676229477	0.09847261011600494	0.5990131497383118
3479	0.025331469252705574	0.09868716448545456	0.5992526412010193
3480	0.024510955438017845	0.09864264726638794	0.5997856855392456
3481	0.025063449516892433	0.09857073426246643	0.5999655723571777
3482	0.02464054897427559	0.09836231917142868	0.6001902222633362
3483	0.024745626375079155	0.09824690967798233	0.5999228358268738
3484	0.025097928941249847	0.09819743037223816	0.5994178056716919
3485	0.025114798918366432	0.09826342761516571	0.5986366868019104
3486	0.024372123181819916	0.0984940379858017	0.5972751975059509
3487	0.024559488520026207	0.09853348881006241	0.5970104932785034
3488	0.024253444746136665	0.09819775074720383	0.5979403257369995
3489	0.024870896711945534	0.09772820770740509	0.5996807217597961
3490	0.024367984384298325	0.09742318093776703	0.6011316776275635
3491	0.02469617687165737	0.0973738580942154	0.6014312505722046
3492	0.024693720042705536	0.09728516638278961	0.6020243763923645
3493	0.02379513345658779	0.09745930135250092	0.6015365123748779
3494	0.024995047599077225	0.09777411818504333	0.6007313132286072
3495	0.024694686755537987	0.09810694307088852	0.6002716422080994
3496	0.024522898718714714	0.09837742894887924	0.5997725129127502
3497	0.024921344593167305	0.09870737046003342	0.599004328250885
3498	0.02434723451733589	0.09894007444381714	0.5987773537635803
3499	0.02391783334314823	0.09892536699771881	0.5995885729789734
3500	0.024181244894862175	0.09870177507400513	0.6010422706604004
3501	0.024401025846600533	0.09849805384874344	0.60193932056427
3502	0.02492964267730713	0.09819977730512619	0.6025952100753784
3503	0.024498876184225082	0.09799863398075104	0.6030675768852234
3504	0.02502504177391529	0.09772102534770966	0.6034125685691833
3505	0.025229858234524727	0.09766943752765656	0.6031030416488647
3506	0.024778539314866066	0.09778167307376862	0.6020703315734863
3507	0.02406967245042324	0.09793698787689209	0.6012711524963379
3508	0.02479381673038006	0.09814710915088654	0.6003576517105103
3509	0.02449270710349083	0.09826625138521194	0.5998764038085938
3510	0.024246245622634888	0.09835164994001389	0.5998355746269226
3511	0.0245232991874218	0.09858764708042145	0.5992529988288879
3512	0.023938102647662163	0.09854566305875778	0.5995957851409912
3513	0.02536640502512455	0.09859813004732132	0.5997709631919861
3514	0.024679966270923615	0.09855539351701736	0.6003372073173523
3515	0.024949494749307632	0.09857562929391861	0.6008210182189941
3516	0.02476273849606514	0.09863265603780746	0.6006258726119995
3517	0.024224698543548584	0.09890478104352951	0.599510908126831
3518	0.024803688749670982	0.09921681135892868	0.5979504585266113
3519	0.024213993921875954	0.09939563274383545	0.5968744158744812
3520	0.02501247636973858	0.09949751943349838	0.5965293645858765
3521	0.024897394701838493	0.09945757687091827	0.5968121886253357
3522	0.024113424122333527	0.09918610751628876	0.5980522632598877
3523	0.0240660160779953	0.09891153126955032	0.599105179309845
3524	0.024552036076784134	0.09851424396038055	0.6005337834358215
3525	0.024639412760734558	0.09810777753591537	0.6016795635223389
3526	0.024884561076760292	0.09784157574176788	0.6023373603820801
3527	0.024198785424232483	0.09765057265758514	0.6031118035316467
3528	0.02464725635945797	0.09760294109582901	0.6032306551933289
3529	0.024183353409171104	0.09768613427877426	0.6028281450271606
3530	0.024170145392417908	0.09792602062225342	0.6013569235801697
3531	0.024082476273179054	0.0979980006814003	0.6004207134246826
3532	0.024836411699652672	0.09805825352668762	0.6001765131950378
3533	0.024165263399481773	0.09809021651744843	0.600276529788971
3534	0.024436168372631073	0.09780396521091461	0.6010722517967224
3535	0.02454179711639881	0.09743434935808182	0.6022170782089233
3536	0.02445109933614731	0.09730185568332672	0.6025217175483704
3537	0.023917973041534424	0.09734602272510529	0.6025355458259583
3538	0.024400806054472923	0.09759759902954102	0.6018361449241638
3539	0.02434721030294895	0.097793348133564	0.601294994354248
3540	0.024691615253686905	0.09774255752563477	0.6014442443847656
3541	0.025426482781767845	0.09749042242765427	0.6021531224250793
3542	0.024134080857038498	0.09758087247610092	0.6017547845840454
3543	0.02395980805158615	0.09771525859832764	0.6014594435691833
3544	0.025113573297858238	0.09796623140573502	0.6007471084594727
3545	0.024841750040650368	0.09834077954292297	0.5997612476348877
3546	0.02486513927578926	0.0982980877161026	0.6002888083457947
3547	0.025241702795028687	0.09824584424495697	0.6006729006767273
3548	0.0245119109749794	0.09818890690803528	0.6009349226951599
3549	0.024489741772413254	0.09826554358005524	0.600776731967926
3550	0.025073444470763206	0.09811219573020935	0.6014283299446106
3551	0.024571627378463745	0.09789866954088211	0.6020199060440063
3552	0.025027476251125336	0.0977477878332138	0.602139413356781
3553	0.024433013051748276	0.09753336012363434	0.6026124358177185
3554	0.0238456092774868	0.0975446030497551	0.6022786498069763
3555	0.024548478424549103	0.09750739485025406	0.6023558974266052
3556	0.024104539304971695	0.09744562953710556	0.6022557020187378
3557	0.02445463091135025	0.09753545373678207	0.6017945408821106
3558	0.024638311937451363	0.09776300191879272	0.6012668609619141
3559	0.02483648806810379	0.09782932698726654	0.6014878749847412
3560	0.024357549846172333	0.09780799597501755	0.6021226048469543
3561	0.025314101949334145	0.09774229675531387	0.6030557751655579
3562	0.024259325116872787	0.09786458313465118	0.60322505235672
3563	0.024468280375003815	0.09802287071943283	0.6032577157020569
3564	0.024007335305213928	0.09823045879602432	0.6028919219970703
3565	0.024838706478476524	0.09839829057455063	0.602136492729187
3566	0.023658189922571182	0.09836976230144501	0.6020247936248779
3567	0.02459123730659485	0.09824790060520172	0.6016140580177307
3568	0.025211621075868607	0.09822230041027069	0.6003342866897583
3569	0.02371223084628582	0.09846001863479614	0.5985121130943298
3570	0.0248469989746809	0.09843065589666367	0.5979973077774048
3571	0.02526691183447838	0.09825384616851807	0.5984658598899841
3572	0.025005783885717392	0.09815491735935211	0.5990827679634094
3573	0.025335783138871193	0.09822665899991989	0.5996203422546387
3574	0.024413760751485825	0.09838493168354034	0.6001290082931519
3575	0.024731671437621117	0.09866482764482498	0.5998249650001526
3576	0.024457339197397232	0.09892697632312775	0.5995751023292542
3577	0.024434147402644157	0.09902723133563995	0.5992740988731384
3578	0.024854376912117004	0.09916222840547562	0.5985713601112366
3579	0.024567194283008575	0.09909258782863617	0.5985329747200012
3580	0.024912966415286064	0.09901116788387299	0.5984793901443481
3581	0.02521309070289135	0.09899333119392395	0.5983065366744995
3582	0.023826638236641884	0.09878867119550705	0.5989289283752441
3583	0.02416546270251274	0.09864978492259979	0.598986029624939
3584	0.02423160709440708	0.0984950065612793	0.5992467403411865
3585	0.02482767030596733	0.09840176999568939	0.5992606282234192
3586	0.024526596069335938	0.09831542521715164	0.599770188331604
3587	0.023505613207817078	0.09810081869363785	0.6008630990982056
3588	0.024151120334863663	0.09789987653493881	0.601774275302887
3589	0.024579184129834175	0.09783313423395157	0.6020249724388123
3590	0.024508917704224586	0.09794104844331741	0.6015557050704956
3591	0.024176228791475296	0.09830820560455322	0.5998234748840332
3592	0.024649402126669884	0.09848634898662567	0.59871906042099
3593	0.02451283670961857	0.09856072068214417	0.5980218648910522
3594	0.025157557800412178	0.09868316352367401	0.597512423992157
3595	0.02444525994360447	0.09892462939023972	0.5968239903450012
3596	0.024046530947089195	0.09897898137569427	0.5970869660377502
3597	0.02478824555873871	0.09882265329360962	0.5983030200004578
3598	0.024259448051452637	0.09828750789165497	0.6010617017745972
3599	0.024513237178325653	0.09789758175611496	0.6028795838356018
3600	0.02409261278808117	0.09751937538385391	0.6041670441627502
3601	0.024328099563717842	0.09727970510721207	0.6044579148292542
3602	0.024155903607606888	0.09687136858701706	0.6054352521896362
3603	0.02388410083949566	0.09634014219045639	0.6070497632026672
3604	0.02452591061592102	0.09602697193622589	0.6075181365013123
3605	0.024341167882084846	0.09598099440336227	0.6069389581680298
3606	0.02451060526072979	0.09609311819076538	0.6058359742164612
3607	0.02497156523168087	0.09627635776996613	0.6048391461372375
3608	0.0247249323874712	0.09665200859308243	0.60367351770401
3609	0.02464272454380989	0.09712965041399002	0.6019042730331421
3610	0.023516325280070305	0.0977550595998764	0.5997322797775269
3611	0.024976426735520363	0.09820597618818283	0.5985513925552368
3612	0.024550549685955048	0.09851635247468948	0.5982794165611267
3613	0.024445341899991035	0.09866791218519211	0.5984671711921692
3614	0.02460864745080471	0.09860730916261673	0.599101185798645
3615	0.023979414254426956	0.0985809788107872	0.5991285443305969
3616	0.02413463406264782	0.09843841195106506	0.5992810726165771
3617	0.024446683004498482	0.09829666465520859	0.5994896292686462
3618	0.024889446794986725	0.0980144515633583	0.5999456644058228
3619	0.024326063692569733	0.09769068658351898	0.6009259223937988
3620	0.02490246668457985	0.0974850133061409	0.6015582084655762
3621	0.02437632717192173	0.0975196436047554	0.6015638709068298
3622	0.024293752387166023	0.09750780463218689	0.6018871665000916
3623	0.025136088952422142	0.09787286072969437	0.6015397906303406
3624	0.0245306808501482	0.09835179150104523	0.6008579134941101
3625	0.023966491222381592	0.09861873090267181	0.6006612181663513
3626	0.024554787203669548	0.09889718145132065	0.6003941893577576
3627	0.023894615471363068	0.09901540726423264	0.6002250909805298
3628	0.0243606586009264	0.09917011857032776	0.5996422171592712
3629	0.023965034633874893	0.09904180467128754	0.599627673625946
3630	0.02411198616027832	0.09883114695549011	0.5995737314224243
3631	0.02394653484225273	0.09860405325889587	0.5994641184806824
3632	0.024835092946887016	0.09843822568655014	0.5991919636726379
3633	0.023827774450182915	0.09816791862249374	0.5998778939247131
3634	0.024927331134676933	0.09777381271123886	0.6017106771469116
3635	0.02463425137102604	0.09720004349946976	0.6043478846549988
3636	0.023663852363824844	0.09680813550949097	0.6058457493782043
3637	0.02405584417283535	0.0964898020029068	0.6071667075157166
3638	0.02512137033045292	0.09641367942094803	0.607059121131897
3639	0.024022264406085014	0.0966150164604187	0.6054794192314148
3640	0.024731827899813652	0.09692870080471039	0.6033515930175781
3641	0.024138914421200752	0.09731264412403107	0.6010542511940002
3642	0.02493908442556858	0.09792283177375793	0.5985802412033081
3643	0.02373267523944378	0.09860728681087494	0.5961230993270874
3644	0.023578396067023277	0.0989963710308075	0.5949769020080566
3645	0.024328703060746193	0.09918229281902313	0.5947118401527405
3646	0.02454906515777111	0.09903871268033981	0.5960605144500732
3647	0.02451072260737419	0.0983833372592926	0.5991805195808411
3648	0.024358637630939484	0.09753261506557465	0.6025637984275818
3649	0.023950491100549698	0.0970475822687149	0.6042315363883972
3650	0.024792630225419998	0.09654397517442703	0.6061835885047913
3651	0.02436734549701214	0.09621505439281464	0.6074002981185913
3652	0.024516679346561432	0.09590274840593338	0.6083540320396423
3653	0.02446410059928894	0.09589480608701706	0.6082988381385803
3654	0.023669153451919556	0.09612368792295456	0.6071728467941284
3655	0.024896159768104553	0.09661956876516342	0.605301558971405
3656	0.02417573519051075	0.09730231016874313	0.6029409170150757
3657	0.02357308752834797	0.09797326475381851	0.6008861064910889
3658	0.02460571937263012	0.09877422451972961	0.5984435677528381
3659	0.025028914213180542	0.09942653775215149	0.597072958946228
3660	0.0245787613093853	0.09979813545942307	0.5966261029243469
3661	0.023662829771637917	0.09985756129026413	0.5971096754074097
3662	0.023622684180736542	0.099624864757061	0.5982186794281006
3663	0.02503601647913456	0.09937887638807297	0.5995599627494812
3664	0.024165112525224686	0.09893260151147842	0.6011552214622498
3665	0.023988202214241028	0.0985613465309143	0.6018202900886536
3666	0.023895418271422386	0.09824371337890625	0.6020787954330444
3667	0.02413124032318592	0.09803995490074158	0.6020573973655701
3668	0.024116801097989082	0.09789285808801651	0.6018399596214294
3669	0.023395774886012077	0.09792044013738632	0.6012201309204102
3670	0.024409566074609756	0.09816992282867432	0.599689245223999
3671	0.023685209453105927	0.09837224334478378	0.598599374294281
3672	0.02381371520459652	0.09843765199184418	0.5979828238487244
3673	0.02386317029595375	0.09835834056138992	0.5984108448028564
3674	0.024386320263147354	0.09784139692783356	0.6005681753158569
3675	0.024334659799933434	0.09742068499326706	0.6023699641227722
3676	0.024411100894212723	0.0968397706747055	0.6052384376525879
3677	0.023824669420719147	0.09646449983119965	0.6066828370094299
3678	0.024583321064710617	0.09639435261487961	0.6065009236335754
3679	0.02366841584444046	0.09641046077013016	0.6057389378547668
3680	0.02428457885980606	0.09656083583831787	0.6047173738479614
3681	0.024096649140119553	0.0967128723859787	0.6036535501480103
3682	0.02439742535352707	0.09683442115783691	0.6026574969291687
3683	0.024293262511491776	0.09682488441467285	0.6025383472442627
3684	0.023636549711227417	0.09684893488883972	0.602543294429779
3685	0.023636091500520706	0.09678948670625687	0.6031543016433716
3686	0.023790117353200912	0.09700571000576019	0.6024625301361084
3687	0.025149226188659668	0.09719760715961456	0.6016716361045837
3688	0.02398514933884144	0.09734702855348587	0.6015996336936951
3689	0.024496376514434814	0.09726285934448242	0.6024458408355713
3690	0.02431284263730049	0.09704798460006714	0.603653609752655
3691	0.02523098513484001	0.09702814370393753	0.6040502190589905
3692	0.024002457037568092	0.0970999225974083	0.6037305593490601
3693	0.023944692686200142	0.09705932438373566	0.6037371754646301
3694	0.023750772699713707	0.0971209928393364	0.6034411191940308
3695	0.02394278161227703	0.09725134819746017	0.6028046607971191
3696	0.024233371019363403	0.09758024662733078	0.6018397212028503
3697	0.024200312793254852	0.09793033450841904	0.6009580492973328
3698	0.024342145770788193	0.09819038957357407	0.6005131006240845
3699	0.02387334406375885	0.09835643321275711	0.6003157496452332
3700	0.024734532460570335	0.09854664653539658	0.6001436710357666
3701	0.02501382865011692	0.09871528297662735	0.6001353859901428
3702	0.023901982232928276	0.09891070425510406	0.5998176336288452
3703	0.02417430467903614	0.09897123277187347	0.5996501445770264
3704	0.02438519522547722	0.09902776777744293	0.5993952751159668
3705	0.024194825440645218	0.0989912897348404	0.5992247462272644
3706	0.023768264800310135	0.09874796122312546	0.5995683073997498
3707	0.023874498903751373	0.09850573539733887	0.5996245741844177
3708	0.024620296433568	0.09801312536001205	0.6009114980697632
3709	0.023484032601118088	0.09749729931354523	0.6024029850959778
3710	0.02440165914595127	0.09714262187480927	0.6039518713951111
3711	0.023793969303369522	0.0970383882522583	0.604825496673584
3712	0.024445025250315666	0.09727684408426285	0.6044448614120483
3713	0.024680325761437416	0.09758607298135757	0.6035114526748657
3714	0.024682220071554184	0.0976979061961174	0.6029552817344666
3715	0.02358798310160637	0.09785878658294678	0.6018314361572266
3716	0.024249929934740067	0.09816401451826096	0.6002877950668335
3717	0.023673202842473984	0.09843254089355469	0.5990927815437317
3718	0.024243565276265144	0.09875646233558655	0.5980210304260254
3719	0.023871297016739845	0.09878868609666824	0.5979923605918884
3720	0.02429361082613468	0.09879639744758606	0.5982854962348938
3721	0.024314185604453087	0.09881239384412766	0.5982760787010193
3722	0.0236794576048851	0.09884019196033478	0.5984785556793213
3723	0.02378101646900177	0.09852419793605804	0.6000253558158875
3724	0.024459894746541977	0.09825138002634048	0.6016706228256226
3725	0.02397410199046135	0.09780223667621613	0.6036852598190308
3726	0.025249743834137917	0.09747503697872162	0.6054937839508057
3727	0.024761799722909927	0.09712264686822891	0.6069011092185974
3728	0.024224314838647842	0.09677823632955551	0.607478678226471
3729	0.024551786482334137	0.09646651148796082	0.607537567615509
3730	0.024133674800395966	0.09655121713876724	0.6061973571777344
3731	0.024392224848270416	0.09686429053544998	0.6041024923324585
3732	0.025023845955729485	0.09747117757797241	0.6015494465827942
3733	0.024183202534914017	0.09800368547439575	0.5994980931282043
3734	0.023920951411128044	0.09831427782773972	0.5986043810844421
3735	0.024149373173713684	0.09846837818622589	0.5986480712890625
3736	0.024565694853663445	0.09857724606990814	0.5991707444190979
3737	0.02435474470257759	0.0986439436674118	0.5998002290725708
3738	0.02432660013437271	0.09850584715604782	0.601375162601471
3739	0.024096501991152763	0.09813965857028961	0.6036478281021118
3740	0.02413753792643547	0.09789492934942245	0.605090320110321
3741	0.02376866526901722	0.09774993360042572	0.605493426322937
3742	0.02430260181427002	0.09742695093154907	0.606167733669281
3743	0.024106288328766823	0.09690990298986435	0.6069949269294739
3744	0.024770401418209076	0.09661659598350525	0.6065945029258728
3745	0.024353358894586563	0.0966247022151947	0.6051169037818909
3746	0.024702956900000572	0.09674393385648727	0.6037663221359253
3747	0.023129813373088837	0.09699424356222153	0.6018384695053101
3748	0.024132004007697105	0.09712948650121689	0.6005619168281555
3749	0.02385764941573143	0.09735365957021713	0.5993495583534241
3750	0.024512186646461487	0.0977720096707344	0.5979575514793396
3751	0.023725923150777817	0.09793596714735031	0.5979663729667664
3752	0.023540733382105827	0.09807239472866058	0.5983285307884216
3753	0.024718966335058212	0.09827306121587753	0.5985957980155945
3754	0.023714035749435425	0.0984974130988121	0.5985705256462097
3755	0.024677235633134842	0.0983729138970375	0.600136399269104
3756	0.024184126406908035	0.09810884296894073	0.6022443175315857
3757	0.024661250412464142	0.0978233739733696	0.6039166450500488
3758	0.023779651150107384	0.09733808040618896	0.605676531791687
3759	0.024324342608451843	0.09694437682628632	0.6065468192100525
3760	0.024293964728713036	0.09670592099428177	0.6070648431777954
3761	0.023772813379764557	0.09666954725980759	0.6070201992988586
3762	0.024506550282239914	0.09697683155536652	0.6056946516036987
3763	0.024043802171945572	0.09743797034025192	0.6035739183425903
3764	0.02383001148700714	0.09778858721256256	0.6024073958396912
3765	0.02390493080019951	0.0981239452958107	0.6013509631156921
3766	0.02393675409257412	0.0982336550951004	0.6011331677436829
3767	0.02456923946738243	0.09809789806604385	0.6020048260688782
3768	0.02436228282749653	0.0979597270488739	0.602777898311615
3769	0.0238497331738472	0.09786631166934967	0.6029510498046875
3770	0.02401500940322876	0.09786023199558258	0.6024692058563232
3771	0.024059917777776718	0.09770773351192474	0.602113664150238
3772	0.02397489920258522	0.09747345000505447	0.6020243763923645
3773	0.024090230464935303	0.09741982072591782	0.6016634702682495
3774	0.024192076176404953	0.09758765250444412	0.6006864905357361
3775	0.023412734270095825	0.09760779142379761	0.600494384765625
3776	0.024083241820335388	0.09746463596820831	0.601146936416626
3777	0.024311043322086334	0.09720023721456528	0.6022994518280029
3778	0.024337206035852432	0.09714730829000473	0.6025056838989258
3779	0.024007314816117287	0.09685701876878738	0.603407621383667
3780	0.023716621100902557	0.0966079980134964	0.6042595505714417
3781	0.0245673805475235	0.09648565948009491	0.6044673919677734
3782	0.0244316216558218	0.09669729322195053	0.6037985682487488
3783	0.02360611967742443	0.09691494703292847	0.6031659245491028
3784	0.023816941305994987	0.09724344313144684	0.6019987463951111
3785	0.023329785093665123	0.09738939255475998	0.6017093658447266
3786	0.02425333298742771	0.09763294458389282	0.601068377494812
3787	0.023582564666867256	0.09780614823102951	0.6006763577461243
3788	0.02455504983663559	0.09798669815063477	0.6004152894020081
3789	0.02316560596227646	0.09801601618528366	0.6007313132286072
3790	0.02425750158727169	0.09811023622751236	0.6008678078651428
3791	0.024253850802779198	0.09821183234453201	0.6008353233337402
3792	0.023570213466882706	0.09812231361865997	0.6019037961959839
3793	0.024040253832936287	0.09783575683832169	0.6034895777702332
3794	0.023663485422730446	0.09744544327259064	0.6051453948020935
3795	0.024029241874814034	0.09731081873178482	0.6055505275726318
3796	0.02348289079964161	0.09748974442481995	0.6045827269554138
3797	0.02356102503836155	0.09766547381877899	0.6034598350524902
3798	0.024372762069106102	0.09771085530519485	0.602741003036499
3799	0.024354666471481323	0.09789425134658813	0.601449728012085
3800	0.024115005508065224	0.09806647896766663	0.6004945039749146
3801	0.02336767315864563	0.09816905111074448	0.6002613306045532
3802	0.02388903684914112	0.09805270284414291	0.600995659828186
3803	0.024366185069084167	0.09777171909809113	0.6024035215377808
3804	0.02418537437915802	0.09744199365377426	0.6039048433303833
3805	0.02383919060230255	0.09720028191804886	0.6048526167869568
3806	0.02350669912993908	0.09713637083768845	0.6050805449485779
3807	0.02468257211148739	0.09731119126081467	0.6044629216194153
3808	0.02354705147445202	0.09736260771751404	0.6043795943260193
3809	0.024731677025556564	0.09749782830476761	0.6041794419288635
3810	0.023861639201641083	0.09765192866325378	0.6040511727333069
3811	0.023744989186525345	0.0978245809674263	0.6035124659538269
3812	0.02418939396739006	0.09780357033014297	0.6035518646240234
3813	0.024030888453125954	0.09780152887105942	0.6035386323928833
3814	0.023322952911257744	0.09784146398305893	0.6033867597579956
3815	0.023596612736582756	0.09780781716108322	0.6031359434127808
3816	0.02389039844274521	0.09773030877113342	0.6029943227767944
3817	0.023600131273269653	0.09773217886686325	0.6025463342666626
3818	0.024025332182645798	0.09788848459720612	0.6014063954353333
3819	0.023115700110793114	0.0979347676038742	0.6009424924850464
3820	0.02421390637755394	0.09790979325771332	0.6004877686500549
3821	0.024076687172055244	0.09808113425970078	0.5996195673942566
3822	0.023803625255823135	0.09812425076961517	0.5992882251739502
3823	0.02390792965888977	0.09803484380245209	0.5994032025337219
3824	0.024164807051420212	0.09797108918428421	0.5999177098274231
3825	0.02399967610836029	0.09803442656993866	0.6000466346740723
3826	0.024136081337928772	0.09826554358005524	0.5996286273002625
3827	0.02347053959965706	0.09836991131305695	0.5995445847511292
3828	0.023009540513157845	0.09854892641305923	0.5991450548171997
3829	0.023661667481064796	0.09881485998630524	0.5979572534561157
3830	0.02420119009912014	0.09897040575742722	0.5972825288772583
3831	0.024166619405150414	0.09901271760463715	0.596671462059021
3832	0.023855680599808693	0.09892714768648148	0.5966824293136597
3833	0.024082215502858162	0.09864334017038345	0.5977550148963928
3834	0.023494180291891098	0.0983213484287262	0.5988835096359253
3835	0.023806128650903702	0.09791890531778336	0.6000816822052002
3836	0.024826837703585625	0.09787212312221527	0.59976726770401
3837	0.023141466081142426	0.09771384298801422	0.5996926426887512
3838	0.0235401950776577	0.09753841161727905	0.5995768308639526
3839	0.023399673402309418	0.097550168633461	0.5991925597190857
3840	0.02410012297332287	0.09733916074037552	0.5999654531478882
3841	0.023177506402134895	0.09712675213813782	0.6012489795684814
3842	0.02336522750556469	0.09718091785907745	0.6016494631767273
3843	0.023701146245002747	0.09722317010164261	0.6018549203872681
3844	0.024070758372545242	0.09727857261896133	0.6021055579185486
3845	0.022964851930737495	0.09727413207292557	0.6023985743522644
3846	0.02391168847680092	0.09726662188768387	0.602425217628479
3847	0.023036271333694458	0.09729878604412079	0.6024121046066284
3848	0.023877637460827827	0.09732422977685928	0.6021988391876221
3849	0.023550810292363167	0.09740559011697769	0.6019746661186218
3850	0.022702863439917564	0.09739052504301071	0.6019704937934875
3851	0.023510271683335304	0.09732084721326828	0.6021850109100342
3852	0.024352505803108215	0.09727980941534042	0.6025229096412659
3853	0.02390688844025135	0.09728387743234634	0.6029002666473389
3854	0.024088425561785698	0.09746839106082916	0.6026597023010254
3855	0.023730911314487457	0.09793432056903839	0.6013365387916565
3856	0.023846343159675598	0.0985676646232605	0.5994879603385925
3857	0.023352740332484245	0.09901801496744156	0.5981872081756592
3858	0.023612579330801964	0.0993097797036171	0.5970868468284607
3859	0.02397824451327324	0.0995137169957161	0.5959418416023254
3860	0.02407844178378582	0.09962412714958191	0.5952107906341553
3861	0.024127187207341194	0.09926137328147888	0.596174955368042
3862	0.0237214807420969	0.09867585450410843	0.5977294445037842
3863	0.023704754188656807	0.0983060821890831	0.5984773635864258
3864	0.023605186492204666	0.09792596846818924	0.5993385910987854
3865	0.02375022880733013	0.09761223196983337	0.6002278327941895
3866	0.023215817287564278	0.09747349470853806	0.600476861000061
3867	0.02440829388797283	0.09746615588665009	0.6006133556365967
3868	0.023753905668854713	0.0975099578499794	0.6007072925567627
3869	0.02395888976752758	0.09750912338495255	0.6009538769721985
3870	0.023704349994659424	0.09744834154844284	0.6012458801269531
3871	0.02340460941195488	0.09745721518993378	0.6010807156562805
3872	0.024006400257349014	0.09769480675458908	0.6003331542015076
3873	0.02334831841289997	0.09805259853601456	0.5991938710212708
3874	0.023759687319397926	0.09841850399971008	0.5979672074317932
3875	0.023526670411229134	0.09862854331731796	0.5971692800521851
3876	0.02362457476556301	0.09851069748401642	0.5974931716918945
3877	0.02348746545612812	0.09819664061069489	0.5987963676452637
3878	0.023418208584189415	0.09775187075138092	0.6006931662559509
3879	0.02406940795481205	0.09745673835277557	0.6022384166717529
3880	0.023766249418258667	0.09744172543287277	0.6024451851844788
3881	0.02411016821861267	0.09756936132907867	0.6020747423171997
3882	0.02384137362241745	0.09776695817708969	0.601638913154602
3883	0.023746760562062263	0.09798763692378998	0.6013345718383789
3884	0.02336759679019451	0.09808824956417084	0.6014189124107361
3885	0.023674536496400833	0.0979689285159111	0.6021266579627991
3886	0.023214073851704597	0.09783463180065155	0.6027066707611084
3887	0.0241071917116642	0.09781546145677567	0.6027359366416931
3888	0.023929648101329803	0.09758687019348145	0.6032248139381409
3889	0.02362385392189026	0.09738826006650925	0.6033952236175537
3890	0.023288756608963013	0.09732609242200851	0.6031129956245422
3891	0.023212764412164688	0.0973600521683693	0.6023271679878235
3892	0.024385463446378708	0.09761587530374527	0.6006221175193787
3893	0.023627400398254395	0.09782042354345322	0.5992642045021057
3894	0.02437116578221321	0.09776704758405685	0.5989031791687012
3895	0.023350393399596214	0.09751415997743607	0.5996863842010498
3896	0.023322857916355133	0.09752566367387772	0.599951446056366
3897	0.02426839806139469	0.09745768457651138	0.6008621454238892
3898	0.02370477467775345	0.0975572019815445	0.6011624336242676
3899	0.024210255593061447	0.09759406000375748	0.6015951633453369
3900	0.02383599430322647	0.09752596169710159	0.6023514866828918
3901	0.023418394848704338	0.09738700091838837	0.603086531162262
3902	0.02347015216946602	0.09716638177633286	0.6040039658546448
3903	0.023951608687639236	0.09714782238006592	0.603329598903656
3904	0.02338406629860401	0.0974070355296135	0.6014052629470825
3905	0.023710142821073532	0.09762774407863617	0.599670946598053
3906	0.024588290601968765	0.09788521379232407	0.5978537201881409
3907	0.02378050424158573	0.09806253761053085	0.5963047742843628
3908	0.023329077288508415	0.09807629138231277	0.5957652926445007
3909	0.023805122822523117	0.09805590659379959	0.5961517095565796
3910	0.023367809131741524	0.09818299859762192	0.5964211225509644
3911	0.023780332878232002	0.09826237708330154	0.59712153673172
3912	0.022594645619392395	0.09829742461442947	0.5978255271911621
3913	0.023324213922023773	0.09819890558719635	0.5988349914550781
3914	0.023702355101704597	0.09799691289663315	0.6003033518791199
3915	0.023473836481571198	0.0976312905550003	0.6019725203514099
3916	0.023508436977863312	0.09739729017019272	0.602997362613678
3917	0.023124905303120613	0.09736218303442001	0.6032246947288513
3918	0.023666677996516228	0.09727578610181808	0.6033297777175903
3919	0.02318006567656994	0.09733634442090988	0.6025150418281555
3920	0.023804079741239548	0.09766024351119995	0.60074782371521
3921	0.0227927528321743	0.09805986285209656	0.5988982915878296
3922	0.024467412382364273	0.09866384416818619	0.5966929793357849
3923	0.023239951580762863	0.09910684823989868	0.5951789021492004
3924	0.023563124239444733	0.09959486126899719	0.5938544273376465
3925	0.024231811985373497	0.09969693422317505	0.5943224430084229
3926	0.023837771266698837	0.09971708059310913	0.5948835015296936
3927	0.02402402274310589	0.09968005865812302	0.5955171585083008
3928	0.02387436106801033	0.09947045892477036	0.5968348979949951
3929	0.023484576493501663	0.0990985631942749	0.5986669063568115
3930	0.02373623289167881	0.09880255907773972	0.5998954176902771
3931	0.023568401113152504	0.09837200492620468	0.6012927293777466
3932	0.023565342649817467	0.09813600033521652	0.6014671921730042
3933	0.023151643574237823	0.09787878394126892	0.6019623875617981
3934	0.02408657781779766	0.09777747094631195	0.601474940776825
3935	0.023562436923384666	0.0978231206536293	0.6007936596870422
3936	0.02274053916335106	0.09787088632583618	0.6001059412956238
3937	0.023333199322223663	0.09799991548061371	0.5993310213088989
3938	0.02300860546529293	0.09825222939252853	0.5983927249908447
3939	0.023585544899106026	0.09842244535684586	0.5983263850212097
3940	0.023940347135066986	0.09834446758031845	0.5990017652511597
3941	0.024534152820706367	0.0982198417186737	0.5998745560646057
3942	0.023766590282320976	0.09786984324455261	0.6016101837158203
3943	0.02294768951833248	0.09740746021270752	0.6031320691108704
3944	0.02332363650202751	0.09728529304265976	0.6030570268630981
3945	0.023841295391321182	0.09700190275907516	0.6036802530288696
3946	0.023610664531588554	0.09694157540798187	0.6034759283065796
3947	0.022936299443244934	0.09682199358940125	0.6039634943008423
3948	0.023722635582089424	0.09677057713270187	0.6042307615280151
3949	0.02347431890666485	0.09677273035049438	0.6043803691864014
3950	0.023590698838233948	0.09690581262111664	0.6040037274360657
3951	0.022888334468007088	0.09713662415742874	0.6033373475074768
3952	0.023852365091443062	0.09737455099821091	0.6024685502052307
3953	0.023253308609128	0.09772879630327225	0.6014412641525269
3954	0.02383188158273697	0.0978531464934349	0.601179301738739
3955	0.024314425885677338	0.09811067581176758	0.6007252335548401
3956	0.023484481498599052	0.09828867763280869	0.6001549363136292
3957	0.02343575470149517	0.09834323823451996	0.6000880002975464
3958	0.02412048541009426	0.098465695977211	0.5995378494262695
3959	0.023577595129609108	0.09871774911880493	0.5985561013221741
3960	0.023436900228261948	0.09869690239429474	0.5985526442527771
3961	0.023588920012116432	0.09881894290447235	0.5978086590766907
3962	0.02337731420993805	0.09899283945560455	0.5968567132949829
3963	0.023964863270521164	0.09896888583898544	0.5964986681938171
3964	0.02390248328447342	0.09890364110469818	0.5963830947875977
3965	0.02326124720275402	0.0987977460026741	0.5964288711547852
3966	0.0235061664134264	0.09853483736515045	0.597035825252533
3967	0.023405220359563828	0.09830449521541595	0.5975657105445862
3968	0.02408776804804802	0.0980636477470398	0.5983274579048157
3969	0.02342149429023266	0.09796338528394699	0.5986359715461731
3970	0.023749105632305145	0.09789623320102692	0.5985794067382812
3971	0.023983236402273178	0.09764081984758377	0.5996165871620178
3972	0.023392310366034508	0.09748198837041855	0.6002968549728394
3973	0.023531708866357803	0.09754312038421631	0.600332498550415
3974	0.02390587143599987	0.09762241691350937	0.6005255579948425
3975	0.02385586127638817	0.09766656160354614	0.6008278131484985
3976	0.023841997608542442	0.09778507798910141	0.6010463833808899
3977	0.022956840693950653	0.0980304703116417	0.6010217070579529
3978	0.023950140923261642	0.0979965329170227	0.6019627451896667
3979	0.024128936231136322	0.09791949391365051	0.6029582023620605
3980	0.022906608879566193	0.09803725779056549	0.6029226779937744
3981	0.023332806304097176	0.09806530177593231	0.6028361916542053
3982	0.023997649550437927	0.09826648980379105	0.601184070110321
3983	0.023879388347268105	0.0983419194817543	0.5999024510383606
3984	0.02380940690636635	0.09845089167356491	0.5986508727073669
3985	0.02316955290734768	0.09861499071121216	0.5973528623580933
3986	0.02387607842683792	0.09859099239110947	0.5973688364028931
3987	0.02378874644637108	0.09839578717947006	0.5978041291236877
3988	0.02310364320874214	0.09810240566730499	0.598615288734436
3989	0.023784013465046883	0.09781787544488907	0.5998439192771912
3990	0.02340923622250557	0.09766087681055069	0.6009654998779297
3991	0.02318689040839672	0.09782684594392776	0.6010001301765442
3992	0.023561686277389526	0.09804350882768631	0.6005576848983765
3993	0.02326841838657856	0.0983152762055397	0.5997539162635803
3994	0.022797999903559685	0.09852377325296402	0.5987175703048706
3995	0.024022992700338364	0.09873682260513306	0.59705650806427
3996	0.0224399883300066	0.098770372569561	0.5960693359375
3997	0.024404678493738174	0.09826875478029251	0.5971453189849854
3998	0.02319314517080784	0.0974331945180893	0.5997352004051208
3999	0.02315600775182247	0.0967060774564743	0.602170467376709
4000	0.02367720752954483	0.09608340263366699	0.6045241951942444
4001	0.023331623524427414	0.0957142636179924	0.6058762669563293
4002	0.02306370437145233	0.0956747904419899	0.6061338782310486
4003	0.023595532402396202	0.0958772674202919	0.6056050062179565
4004	0.023559123277664185	0.0961718037724495	0.6049100756645203
4005	0.023768508806824684	0.09683381021022797	0.6026472449302673
4006	0.023190496489405632	0.09730135649442673	0.6010094881057739
4007	0.023976637050509453	0.09742133319377899	0.600763201713562
4008	0.023420821875333786	0.09758421778678894	0.6003016829490662
4009	0.023390457034111023	0.09778328239917755	0.5997781157493591
4010	0.023952705785632133	0.09792768955230713	0.5997210741043091
