epoch	train_loss	test_loss	test_metric
0	0.23172859847545624	0.2598820924758911	0.24177853763103485
1	0.215457022190094	0.2432568520307541	0.24709858000278473
2	0.19717836380004883	0.22322829067707062	0.2532946467399597
3	0.17732757329940796	0.20000499486923218	0.26085618138313293
4	0.15696358680725098	0.17469674348831177	0.2707499563694
5	0.13789121806621552	0.14944443106651306	0.2849307060241699
6	0.12208043038845062	0.1268516629934311	0.3062222898006439
7	0.110249824821949	0.10898151248693466	0.33619073033332825
8	0.10110966116189957	0.09672164171934128	0.37111425399780273
9	0.09309530258178711	0.09026668965816498	0.4022304117679596
10	0.0865413174033165	0.08788963407278061	0.42533230781555176
11	0.08204749971628189	0.08532339334487915	0.4445086717605591
12	0.0781378448009491	0.08043644577264786	0.4631173312664032
13	0.07366792857646942	0.07400259375572205	0.4808911383152008
14	0.06901243329048157	0.06804504245519638	0.49536699056625366
15	0.0650419071316719	0.06408078968524933	0.5042745471000671
16	0.06203674525022507	0.062285929918289185	0.5076078176498413
17	0.05972111597657204	0.06195870786905289	0.5079959034919739
18	0.05783488228917122	0.06195572391152382	0.5090665221214294
19	0.05612241104245186	0.06130591779947281	0.5129534006118774
20	0.05429711192846298	0.05977679044008255	0.5196710824966431
21	0.052273765206336975	0.05783861503005028	0.5276463627815247
22	0.05021287500858307	0.05614698678255081	0.5349887609481812
23	0.048313383013010025	0.05507536977529526	0.5403178334236145
24	0.046637289226055145	0.05459188297390938	0.5433131456375122
25	0.045145705342292786	0.054435741156339645	0.5444968342781067
26	0.043784573674201965	0.05426134914159775	0.5447578430175781
27	0.04250557720661163	0.05379795283079147	0.5448567867279053
28	0.0412743017077446	0.053009387105703354	0.5453062057495117
29	0.04010435566306114	0.052092909812927246	0.5462740659713745
30	0.03903196379542351	0.05131504312157631	0.5476727485656738
31	0.038053758442401886	0.050819024443626404	0.5493640899658203
32	0.0371166467666626	0.05059712380170822	0.5512953996658325
33	0.036192119121551514	0.05053235590457916	0.5534671545028687
34	0.035310689359903336	0.050424233078956604	0.5559146404266357
35	0.034499406814575195	0.05010921508073807	0.5586404800415039
36	0.03374307602643967	0.04960775002837181	0.5613517165184021
37	0.03301829472184181	0.049077559262514114	0.5636873245239258
38	0.032312747091054916	0.048657696694135666	0.5653660893440247
39	0.03162485361099243	0.04837075620889664	0.5665558576583862
40	0.030969956889748573	0.048123203217983246	0.5678203105926514
41	0.03035285882651806	0.04779737442731857	0.5697365999221802
42	0.02974693290889263	0.04737735539674759	0.5724970698356628
43	0.029135599732398987	0.046982888132333755	0.575657308101654
44	0.02853759378194809	0.04672623798251152	0.5785970687866211
45	0.027970634400844574	0.046617478132247925	0.5809428691864014
46	0.027433443814516068	0.0465533547103405	0.5827909708023071
47	0.02691892720758915	0.04639532044529915	0.584452211856842
48	0.026416707783937454	0.046117205172777176	0.5861183404922485
49	0.025930313393473625	0.04582826793193817	0.5877150297164917
50	0.025472084060311317	0.045644715428352356	0.5890581011772156
51	0.02503407932817936	0.04558374360203743	0.5901646018028259
52	0.02460302785038948	0.045571234077215195	0.5912663340568542
53	0.02418370544910431	0.045506227761507034	0.5925501585006714
54	0.02378167398273945	0.04536459594964981	0.5938972234725952
55	0.023396743461489677	0.04520854353904724	0.5949450135231018
56	0.02302403748035431	0.045090120285749435	0.5954719185829163
57	0.02265835739672184	0.04499686509370804	0.5956970453262329
58	0.022306321188807487	0.044880662113428116	0.5961058735847473
59	0.02196882665157318	0.04473524168133736	0.5969446301460266
60	0.02163768745958805	0.044615279883146286	0.5980022549629211
61	0.02131316065788269	0.044554729014635086	0.5989097356796265
62	0.02099798619747162	0.04451771080493927	0.5995811820030212
63	0.020694546401500702	0.04442956671118736	0.6002523303031921
64	0.020399535074830055	0.04426783323287964	0.6010448932647705
65	0.020109962671995163	0.04409485310316086	0.6017972826957703
66	0.019830826669931412	0.04397475719451904	0.6023343801498413
67	0.019560974091291428	0.0439104288816452	0.6027761101722717
68	0.01929701305925846	0.04386042803525925	0.6033713817596436
69	0.019038524478673935	0.04379745572805405	0.6041101217269897
70	0.018787508830428123	0.043727461248636246	0.6047332286834717
71	0.01854456216096878	0.043654974550008774	0.6050421595573425
72	0.01830638013780117	0.04357089102268219	0.6051982045173645
73	0.01807415671646595	0.04347078502178192	0.6054879426956177
74	0.017848575487732887	0.04338020458817482	0.6059557199478149
75	0.017627717927098274	0.04332698881626129	0.6064034700393677
76	0.01741052232682705	0.04330279305577278	0.6067228317260742
77	0.01719825528562069	0.04327182471752167	0.6070337891578674
78	0.01699131354689598	0.043216053396463394	0.6074051856994629
79	0.016787894070148468	0.04315553233027458	0.6076849699020386
80	0.016588672995567322	0.04311314970254898	0.6077683568000793
81	0.01639392413198948	0.04309443011879921	0.6078199744224548
82	0.016202818602323532	0.04309496283531189	0.607988178730011
83	0.016014384105801582	0.04310687631368637	0.6081716418266296
84	0.01582973450422287	0.043118394911289215	0.6081947088241577
85	0.015648672357201576	0.04312056303024292	0.6080941557884216
86	0.01547054573893547	0.04312163218855858	0.6080288887023926
87	0.015295613557100296	0.04313991591334343	0.6080065369606018
88	0.015123995952308178	0.04318247735500336	0.6079149842262268
89	0.014954940415918827	0.043240997940301895	0.6077373623847961
90	0.014788531698286533	0.043303560465574265	0.607575535774231
91	0.014624964445829391	0.043360039591789246	0.6074298024177551
92	0.014463926665484905	0.043407466262578964	0.6071822643280029
93	0.014305328018963337	0.043454840779304504	0.6068366765975952
94	0.014149271883070469	0.043519750237464905	0.6065499186515808
95	0.013995499350130558	0.0436055064201355	0.6063449382781982
96	0.013843760825693607	0.04369216412305832	0.6061052680015564
97	0.013694249093532562	0.0437680184841156	0.6057971715927124
98	0.013546492904424667	0.043846264481544495	0.6055124402046204
99	0.01340041309595108	0.04393667355179787	0.6052625179290771
100	0.01325620524585247	0.044035498052835464	0.6049702763557434
101	0.013113613240420818	0.04414386674761772	0.6046550869941711
102	0.012972405180335045	0.044268492609262466	0.6043757796287537
103	0.012832813896238804	0.044399965554475784	0.6040835380554199
104	0.012694772332906723	0.044521763920784	0.6037065982818604
105	0.012558052316308022	0.044647686183452606	0.6032814979553223
106	0.012422806583344936	0.044798679649829865	0.6028823256492615
107	0.012288842350244522	0.04496549814939499	0.6024609804153442
108	0.012156292796134949	0.04512804374098778	0.6019627451896667
109	0.012025206349790096	0.045295294374227524	0.6014385223388672
110	0.011895442381501198	0.0454808846116066	0.6009061932563782
111	0.011766917072236538	0.04567097872495651	0.6003180742263794
112	0.011639755219221115	0.04586857184767723	0.5996870994567871
113	0.011513907462358475	0.046088483184576035	0.5990689992904663
114	0.011389271356165409	0.04632401093840599	0.5984430909156799
115	0.011265994049608707	0.04655148461461067	0.597747266292572
116	0.011143996380269527	0.04678630083799362	0.5970202088356018
117	0.011023345403373241	0.047054436057806015	0.5962981581687927
118	0.01090391818434	0.04733499884605408	0.5955294966697693
119	0.010785814374685287	0.04761717468500137	0.5947137475013733
120	0.010668990202248096	0.047920215874910355	0.5938798785209656
121	0.010553398169577122	0.048233188688755035	0.5930272936820984
122	0.01043913047760725	0.04854702949523926	0.5921309590339661
123	0.010326163843274117	0.04887900501489639	0.5912337303161621
124	0.01021446194499731	0.049231693148612976	0.5903447866439819
125	0.010104133747518063	0.049579545855522156	0.5894118547439575
126	0.009995264001190662	0.04993065819144249	0.5884688496589661
127	0.009887912310659885	0.05030624568462372	0.5875537395477295
128	0.009782077744603157	0.050687942653894424	0.5866469740867615
129	0.009677888825535774	0.05106578394770622	0.5857675075531006
130	0.009575288742780685	0.051464684307575226	0.584933340549469
131	0.009474193677306175	0.051858846098184586	0.5841217637062073
132	0.00937454029917717	0.0522397980093956	0.5833136439323425
133	0.009276325814425945	0.05264590308070183	0.5825567245483398
134	0.00917944684624672	0.0530502013862133	0.5818473696708679
135	0.009083808399736881	0.05343015864491463	0.5811745524406433
136	0.008989340625703335	0.053820736706256866	0.580578088760376
137	0.008896048180758953	0.054204121232032776	0.5800395607948303
138	0.008803908713161945	0.05457017198204994	0.5795483589172363
139	0.008712799288332462	0.05494845286011696	0.5791147947311401
140	0.008622675202786922	0.05531992390751839	0.5787435173988342
141	0.008533506654202938	0.05566641688346863	0.5784091949462891
142	0.00844514835625887	0.05602046102285385	0.5781324505805969
143	0.008357560262084007	0.05636972561478615	0.5779153108596802
144	0.008270763792097569	0.056693099439144135	0.5777339935302734
145	0.008184793405234814	0.05702199041843414	0.5776118636131287
146	0.008099624887108803	0.0573420375585556	0.5775261521339417
147	0.008015277795493603	0.05763512849807739	0.5774797797203064
148	0.007931670174002647	0.05794326215982437	0.5774894952774048
149	0.007848787121474743	0.0582398883998394	0.5775210857391357
150	0.007766677066683769	0.058516725897789	0.5775476098060608
151	0.007685307413339615	0.05881176516413689	0.5776001811027527
152	0.007604484912008047	0.0590878389775753	0.5776346325874329
153	0.0075241755694150925	0.05936501920223236	0.5776664614677429
154	0.007444413378834724	0.059648413211107254	0.5777259469032288
155	0.007365240715444088	0.05990801006555557	0.5777968764305115
156	0.0072867353446781635	0.06017524376511574	0.5779135227203369
157	0.007209154311567545	0.06043656915426254	0.5780794620513916
158	0.007132773753255606	0.06068049743771553	0.5782683491706848
159	0.007057698909193277	0.06092877686023712	0.578494131565094
160	0.0069839139468967915	0.06114857271313667	0.5787447094917297
161	0.006911203730851412	0.06136948615312576	0.5790440440177917
162	0.00683918921276927	0.061571408063173294	0.5793812870979309
163	0.006767553277313709	0.061751242727041245	0.5797433853149414
164	0.0066962046548724174	0.06193317472934723	0.5801452994346619
165	0.00662528071552515	0.06209520623087883	0.5805379152297974
166	0.006555148866027594	0.06228705123066902	0.580926775932312
167	0.006486114580184221	0.06246919557452202	0.5812841057777405
168	0.006418324075639248	0.0626782476902008	0.5816323757171631
169	0.006351834163069725	0.06289397925138474	0.5819618701934814
170	0.006286646239459515	0.06310272961854935	0.5822606086730957
171	0.006222881842404604	0.06334022432565689	0.5825111269950867
172	0.006160924211144447	0.06357511878013611	0.5826770663261414
173	0.006101489532738924	0.06384169310331345	0.5827568173408508
174	0.00604550214484334	0.06411312520503998	0.5827280879020691
175	0.0059938631020486355	0.06440622359514236	0.5826137065887451
176	0.00594681641086936	0.06472793221473694	0.5824373960494995
177	0.005903848446905613	0.0650424063205719	0.5821918249130249
178	0.005863822530955076	0.06541261821985245	0.5819686651229858
179	0.005825357511639595	0.06572147458791733	0.5817340612411499
180	0.005787698086351156	0.06610093265771866	0.5816214084625244
181	0.005750681739300489	0.06634439527988434	0.581443727016449
182	0.005714483559131622	0.06672100722789764	0.5813685059547424
183	0.005679234862327576	0.06687968224287033	0.5810766816139221
184	0.00564498919993639	0.06736014038324356	0.5809895992279053
185	0.005611530505120754	0.06738558411598206	0.5805394053459167
186	0.0055787707678973675	0.06811454892158508	0.5806838870048523
187	0.005546789616346359	0.06773823499679565	0.5800358057022095
188	0.005516063887625933	0.06905607879161835	0.5807777643203735
189	0.005487498827278614	0.06767688691616058	0.5794150829315186
190	0.005463550798594952	0.07038520276546478	0.5812353491783142
191	0.005447854287922382	0.0670621246099472	0.5783235430717468
192	0.005443033296614885	0.07181698083877563	0.5817093849182129
193	0.005437529180198908	0.0670350044965744	0.57768315076828
194	0.005409348290413618	0.07139144837856293	0.5807918310165405
195	0.005345514509826899	0.06933799386024475	0.5788397789001465
196	0.005286369472742081	0.06926161795854568	0.5783374309539795
197	0.005265301093459129	0.0720457136631012	0.580041229724884
198	0.0052657537162303925	0.06868400424718857	0.5769715309143066
199	0.005247869063168764	0.07198691368103027	0.5791806578636169
200	0.005200049839913845	0.07068350911140442	0.5777608752250671
201	0.005156639963388443	0.07023541629314423	0.5769841074943542
202	0.005139869172126055	0.07280362397432327	0.5786061882972717
203	0.005130986217409372	0.07012532651424408	0.5761372447013855
204	0.00510453013703227	0.07249312102794647	0.5776484608650208
205	0.005063201766461134	0.07199233770370483	0.5768673419952393
206	0.005030991975218058	0.07122340798377991	0.5758202075958252
207	0.005014270544052124	0.07355847954750061	0.5771834850311279
208	0.0049972753040492535	0.07142806053161621	0.5750262141227722
209	0.004967956803739071	0.07327629625797272	0.5760153532028198
210	0.004931897856295109	0.07307633757591248	0.575364887714386
211	0.004902620334178209	0.07249090075492859	0.5743372440338135
212	0.004882214590907097	0.07445035129785538	0.5752549767494202
213	0.004861827008426189	0.07277669757604599	0.5733257532119751
214	0.0048348549753427505	0.07450620830059052	0.5741191506385803
215	0.004803481511771679	0.07412853091955185	0.5732510685920715
216	0.004775073379278183	0.07404963672161102	0.572575032711029
217	0.004752489272505045	0.07544862478971481	0.5730481147766113
218	0.0047324104234576225	0.0741814374923706	0.5714296102523804
219	0.004710267763584852	0.07594630122184753	0.572239339351654
220	0.0046843732707202435	0.0750841498374939	0.5709527134895325
221	0.0046570785343647	0.07583875209093094	0.5709455609321594
222	0.00463111512362957	0.07627863436937332	0.5707112550735474
223	0.0046074967831373215	0.07581261545419693	0.5697606205940247
224	0.004585156217217445	0.07719547301530838	0.5703220963478088
225	0.004562288522720337	0.07617578655481339	0.5688885450363159
226	0.004537900909781456	0.07770083099603653	0.5695297718048096
227	0.004511858802288771	0.0769120380282402	0.5682392716407776
228	0.004484887700527906	0.07797638326883316	0.5684900879859924
229	0.004457656294107437	0.07779526710510254	0.5677003264427185
230	0.004430671688169241	0.07821748405694962	0.5674538612365723
231	0.00440406147390604	0.07864987850189209	0.5672515034675598
232	0.004377690143883228	0.07849611341953278	0.5665643215179443
233	0.004351424984633923	0.07942581176757812	0.5668636560440063
234	0.0043252259492874146	0.07877802848815918	0.5658193826675415
235	0.004299205727875233	0.08018636703491211	0.5666492581367493
236	0.004273596685379744	0.07896807789802551	0.5651267170906067
237	0.004248990211635828	0.08107934892177582	0.566598653793335
238	0.004226214252412319	0.07898513972759247	0.5642197728157043
239	0.00420703599229455	0.08223537355661392	0.5667909979820251
240	0.004192900378257036	0.07870548218488693	0.5630581974983215
241	0.004186985082924366	0.08359729498624802	0.5672752857208252
242	0.0041849263943731785	0.07849309593439102	0.5620136857032776
243	0.004180858843028545	0.08427772670984268	0.5672582387924194
244	0.0041475798934698105	0.07952634245157242	0.5624212622642517
245	0.004086622036993504	0.0830988883972168	0.5657138228416443
246	0.004013687372207642	0.08206864446401596	0.5645416975021362
247	0.003967101685702801	0.08123653382062912	0.5635833144187927
248	0.003954900894314051	0.08418671786785126	0.5664475560188293
249	0.003955249674618244	0.08058303594589233	0.5627060532569885
250	0.003942070994526148	0.08451148867607117	0.5666599273681641
251	0.0038993044290691614	0.08179967850446701	0.563869297504425
252	0.0038430476561188698	0.08330150693655014	0.5655481219291687
253	0.0037947578821331263	0.0837145745754242	0.5662299990653992
254	0.003765752539038658	0.08201900124549866	0.5647722482681274
255	0.003747667884454131	0.08478768914937973	0.568078339099884
256	0.003724464913830161	0.0817660465836525	0.5652529001235962
257	0.0036877826787531376	0.08464504778385162	0.5688163638114929
258	0.00363530614413321	0.0825234204530716	0.5670852661132812
259	0.0035772842820733786	0.0836774930357933	0.5689666867256165
260	0.0035224014427512884	0.08352986723184586	0.56943678855896
261	0.0034768867772072554	0.08266627043485641	0.569036066532135
262	0.003442443208768964	0.08426617830991745	0.571254551410675
263	0.0034194111358374357	0.08215661346912384	0.5690915584564209
264	0.003404396353289485	0.08470314741134644	0.5719221830368042
265	0.0033892944920808077	0.08235819637775421	0.5689901113510132
266	0.0033696508035063744	0.08473517000675201	0.5714864134788513
267	0.0033430694602429867	0.08294698596000671	0.5694138407707214
268	0.0033164815977215767	0.08426566421985626	0.5711538791656494
269	0.0032912713941186666	0.08360093832015991	0.5705406069755554
270	0.003270011395215988	0.0837683230638504	0.5707364082336426
271	0.0032516862265765667	0.08436861634254456	0.5713226199150085
272	0.0032356595620512962	0.08367279917001724	0.5703104734420776
273	0.0032217695843428373	0.08514446020126343	0.5718656182289124
274	0.00320865074172616	0.08367948979139328	0.5699816346168518
275	0.0031957575120031834	0.08557429164648056	0.5721814632415771
276	0.0031811839435249567	0.08360283076763153	0.5697208642959595
277	0.0031663626432418823	0.08584021776914597	0.5724120736122131
278	0.0031511534471064806	0.08358645439147949	0.5697696208953857
279	0.0031374802347272635	0.08608769625425339	0.5731436610221863
280	0.0031232384499162436	0.08352190256118774	0.5701895356178284
281	0.0031096194870769978	0.08629921078681946	0.5736644864082336
282	0.003094147192314267	0.08353672921657562	0.5700424909591675
283	0.003078967798501253	0.0865873470902443	0.5735679268836975
284	0.0030607799999415874	0.08382769674062729	0.5697611570358276
285	0.003041777992621064	0.0868411436676979	0.5731877684593201
286	0.0030182471964508295	0.08434323966503143	0.5697935819625854
287	0.00299306632950902	0.08683688938617706	0.5728367567062378
288	0.0029647587798535824	0.08481285721063614	0.570341169834137
289	0.002936257980763912	0.08646110445261002	0.5727027058601379
290	0.0029070195741951466	0.08515569567680359	0.571321427822113
291	0.0028783148154616356	0.08614650368690491	0.5728027820587158
292	0.0028495066799223423	0.08558643609285355	0.572211742401123
293	0.002820264780893922	0.08600456267595291	0.5728936791419983
294	0.002789448481053114	0.08586345613002777	0.5729246735572815
295	0.0027562740724533796	0.08578360825777054	0.5731201767921448
296	0.0027206779923290014	0.0859019085764885	0.5736487507820129
297	0.0026849666610360146	0.08543064445257187	0.5734156370162964
298	0.00265453546307981	0.08608178049325943	0.5744950175285339
299	0.0026339285541325808	0.08540736138820648	0.5734018683433533
300	0.0026202441658824682	0.08718100190162659	0.5750211477279663
301	0.0026140613481402397	0.08525422215461731	0.5716704726219177
302	0.0026235398836433887	0.08872870355844498	0.5756415128707886
303	0.002657639794051647	0.08399810642004013	0.5689697265625
304	0.002737731672823429	0.09028704464435577	0.577599048614502
305	0.002856099046766758	0.0824151411652565	0.5674046277999878
306	0.0029439448844641447	0.09038949012756348	0.5780779123306274
307	0.0028272627387195826	0.08537327498197556	0.5705947875976562
308	0.0025866487994790077	0.08686237782239914	0.5717942118644714
309	0.002503429539501667	0.08993445336818695	0.5759202241897583
310	0.0026307785883545876	0.08464744687080383	0.5683653354644775
311	0.0026964296121150255	0.08956153690814972	0.5749585032463074
312	0.0025514198932796717	0.08790448307991028	0.5726917386054993
313	0.0024468498304486275	0.08612117171287537	0.5705299377441406
314	0.0025181968230754137	0.09043623507022858	0.5762697458267212
315	0.0025621892418712378	0.08648872375488281	0.570559024810791
316	0.002468931721523404	0.08816926926374435	0.5728502869606018
317	0.0023947078734636307	0.09007132798433304	0.5754339694976807
318	0.00244137947447598	0.08648589253425598	0.5706067085266113
319	0.0024665314704179764	0.0897626280784607	0.5750753879547119
320	0.0023921234533190727	0.0888863205909729	0.5740867257118225
321	0.0023470649030059576	0.08741022646427155	0.5717937350273132
322	0.002380684483796358	0.09058327972888947	0.5755748152732849
323	0.002386170206591487	0.0880497545003891	0.5726075768470764
324	0.002332157688215375	0.08864691853523254	0.5736564993858337
325	0.0023084066342562437	0.09031277149915695	0.5755516886711121
326	0.002332711825147271	0.08777593821287155	0.5720804333686829
327	0.002331124385818839	0.0897347703576088	0.574695885181427
328	0.0022945774253457785	0.08973049372434616	0.57463538646698
329	0.0022864886559545994	0.08837722986936569	0.5725374221801758
330	0.0023050950840115547	0.09055469930171967	0.5752158761024475
331	0.002296502236276865	0.08932676911354065	0.5736545920372009
332	0.002273199148476124	0.08911075443029404	0.5732992887496948
333	0.0022740510758012533	0.090566486120224	0.5751631259918213
334	0.0022840399760752916	0.0888691246509552	0.5731417536735535
335	0.0022729083430022	0.08964072167873383	0.5743126273155212
336	0.002258812077343464	0.09009088575839996	0.5748552083969116
337	0.002262295689433813	0.08879748731851578	0.5731619596481323
338	0.002267578151077032	0.09010012447834015	0.574921727180481
339	0.002258248394355178	0.08955755829811096	0.574203372001648
340	0.002249410143122077	0.08921197056770325	0.573570728302002
341	0.002252028090879321	0.09039641916751862	0.5748987793922424
342	0.002254490042105317	0.08936136215925217	0.5734490752220154
343	0.002247760770842433	0.089867003262043	0.5738922953605652
344	0.0022415725979954004	0.09027989953756332	0.5743164420127869
345	0.0022428990341722965	0.08940597623586655	0.5732302665710449
346	0.002244418254122138	0.0903073325753212	0.574327290058136
347	0.002239967230707407	0.08985238522291183	0.5737813115119934
348	0.00223512458615005	0.08967956155538559	0.5736638903617859
349	0.0022349965292960405	0.09037213772535324	0.57450932264328
350	0.0022360889706760645	0.08954858779907227	0.5734106302261353
351	0.002233593026176095	0.0900929793715477	0.5740224719047546
352	0.0022295929957181215	0.09016861021518707	0.5740448832511902
353	0.002228204160928726	0.08977598696947098	0.5733623504638672
354	0.0022287829779088497	0.09045888483524323	0.5740412473678589
355	0.0022278635296970606	0.08990215510129929	0.573429524898529
356	0.0022249717731028795	0.0901346430182457	0.5737304091453552
357	0.0022227284498512745	0.09034815430641174	0.5738399624824524
358	0.002222298411652446	0.08991441130638123	0.573218822479248
359	0.0022221070248633623	0.09048841893672943	0.5739246010780334
360	0.0022205703426152468	0.09014474600553513	0.573473334312439
361	0.0022183761466294527	0.09023094177246094	0.573469877243042
362	0.0022169866133481264	0.09048691391944885	0.573708713054657
363	0.0022165190894156694	0.09013882279396057	0.5732306838035583
364	0.0022158650681376457	0.0905788466334343	0.5736648440361023
365	0.0022144143003970385	0.09030850976705551	0.5732921361923218
366	0.0022127211559563875	0.09035824984312057	0.573342502117157
367	0.002211553743109107	0.0905781164765358	0.5735468864440918
368	0.002210889244452119	0.09028700739145279	0.573125422000885
369	0.0022101339418441057	0.09062895178794861	0.5735062956809998
370	0.0022089097183197737	0.09041653573513031	0.5732306241989136
371	0.002207488752901554	0.09051911532878876	0.5732909440994263
372	0.0022063208743929863	0.09064801782369614	0.5733715891838074
373	0.0022054961882531643	0.09043009579181671	0.5730681419372559
374	0.0022046894300729036	0.09071752429008484	0.5733950138092041
375	0.0022036596201360226	0.09051074832677841	0.5731377005577087
376	0.0022024509962648153	0.09065883606672287	0.5732585191726685
377	0.002201259834691882	0.09067754447460175	0.5732012391090393
378	0.0022002451587468386	0.09058570861816406	0.5730391144752502
379	0.00219936016947031	0.09080260992050171	0.573239266872406
380	0.0021984458435326815	0.09062094241380692	0.5729339718818665
381	0.0021974113769829273	0.09082606434822083	0.5731198787689209
382	0.002196273999288678	0.09075581282377243	0.573025643825531
383	0.0021951592061668634	0.0907851830124855	0.5730127692222595
384	0.002194129629060626	0.09088266640901566	0.5730452537536621
385	0.002193179912865162	0.09077616780996323	0.5728946924209595
386	0.002192211104556918	0.09097059071063995	0.5731111168861389
387	0.002191205509006977	0.09083539992570877	0.5728858709335327
388	0.0021901328582316637	0.09098654240369797	0.5729959607124329
389	0.002189032966271043	0.09094789624214172	0.5729254484176636
390	0.0021879449486732483	0.0909903347492218	0.5729386806488037
391	0.002186886966228485	0.0910540521144867	0.5729528069496155
392	0.002185855060815811	0.09099499136209488	0.5728375911712646
393	0.0021848438773304224	0.09113474935293198	0.5729798674583435
394	0.002183797536417842	0.09103618562221527	0.5728321075439453
395	0.0021827330347150564	0.09116630256175995	0.5729492902755737
396	0.0021816366352140903	0.09109760075807571	0.5728362202644348
397	0.0021805413998663425	0.09119120240211487	0.5729217529296875
398	0.002179410308599472	0.09117719531059265	0.5728899240493774
399	0.002178301801905036	0.09119369834661484	0.572890043258667
400	0.0021771916653960943	0.0912448912858963	0.5729219913482666
401	0.0021760936360806227	0.0912158265709877	0.5728748440742493
402	0.002174977445974946	0.09130553156137466	0.5729696750640869
403	0.0021738631185144186	0.09123644232749939	0.5728690028190613
404	0.0021727329585701227	0.09135022014379501	0.5729770660400391
405	0.002171602565795183	0.09127776324748993	0.5728672742843628
406	0.002170432358980179	0.09139227867126465	0.5729761123657227
407	0.002169256331399083	0.09131361544132233	0.5728824734687805
408	0.0021680821664631367	0.09142512083053589	0.5730175971984863
409	0.0021668889094144106	0.0913531556725502	0.5729146003723145
410	0.002165672369301319	0.09146132320165634	0.5730195641517639
411	0.00216444069519639	0.09138684719800949	0.5729357004165649
412	0.0021631931886076927	0.09149868041276932	0.5730578303337097
413	0.0021619489416480064	0.09142331033945084	0.5729550123214722
414	0.0021606609225273132	0.09154528379440308	0.5731240510940552
415	0.002159385709092021	0.09143773466348648	0.5730352401733398
416	0.00215809210203588	0.09158360213041306	0.5732045769691467
417	0.002156781731173396	0.09144259989261627	0.573036253452301
418	0.002155470894649625	0.09165338426828384	0.5732845664024353
419	0.0021541696041822433	0.09143052995204926	0.5730286240577698
420	0.002152911154553294	0.0917467549443245	0.5734052062034607
421	0.0021517211571335793	0.09137628227472305	0.5730074644088745
422	0.00215070229023695	0.09189209342002869	0.573616087436676
423	0.0021499923896044493	0.0912272185087204	0.572890043258667
424	0.0021499451249837875	0.09213302284479141	0.5739777684211731
425	0.0021511372178792953	0.09092674404382706	0.572600781917572
426	0.002154725603759289	0.09260540455579758	0.574536919593811
427	0.002162994584068656	0.09032618254423141	0.5719545483589172
428	0.002179824048653245	0.09343750774860382	0.5755735635757446
429	0.0022120510693639517	0.08923662453889847	0.5707470774650574
430	0.002268420998007059	0.09464556723833084	0.5771822929382324
431	0.0023521590046584606	0.08796443790197372	0.5689475536346436
432	0.0024469962809234858	0.09531088918447495	0.5783072113990784
433	0.0024742817040532827	0.08841833472251892	0.5691841840744019
434	0.002389953238889575	0.0933888629078865	0.5762296319007874
435	0.0022119448985904455	0.09158031642436981	0.5742612481117249
436	0.002130517503246665	0.08971288800239563	0.571615993976593
437	0.0022021173499524593	0.09379275143146515	0.5772125124931335
438	0.002287565264850855	0.08913566172122955	0.5705577731132507
439	0.002264870097860694	0.09236128628253937	0.576111912727356
440	0.00215489836409688	0.0916208028793335	0.5755829215049744
441	0.002127793151885271	0.08952818065881729	0.5723189115524292
442	0.002193121239542961	0.09326650947332382	0.5772741436958313
443	0.0022159568034112453	0.09005768597126007	0.5725681185722351
444	0.0021601279731839895	0.09125510603189468	0.5751821398735046
445	0.0021124749910086393	0.09214740246534348	0.5767810940742493
446	0.002139180898666382	0.08966279774904251	0.5726074576377869
447	0.002174106426537037	0.09264639765024185	0.5768226981163025
448	0.002145978854969144	0.09090352058410645	0.5748384594917297
449	0.0021049201022833586	0.09050176292657852	0.5746835470199585
450	0.0021088419016450644	0.09238535165786743	0.5773836970329285
451	0.0021343291737139225	0.08995925635099411	0.5738794207572937
452	0.002128582214936614	0.09181801974773407	0.5764678120613098
453	0.0020975691732019186	0.09145411849021912	0.5763431191444397
454	0.00208724825643003	0.09026075154542923	0.5749533176422119
455	0.002101966878399253	0.09230858832597733	0.5776033997535706
456	0.002106012310832739	0.09044404327869415	0.5752241015434265
457	0.0020878762006759644	0.09131231158971786	0.5765923857688904
458	0.0020707303192466497	0.09168733656406403	0.5773317813873291
459	0.002072261180728674	0.09022675454616547	0.5757389664649963
460	0.0020792237482964993	0.0919228196144104	0.5781436562538147
461	0.0020722635090351105	0.09063564240932465	0.5765506625175476
462	0.0020563502330332994	0.09095632284879684	0.5771347284317017
463	0.002046911744400859	0.0915137454867363	0.5782142281532288
464	0.0020477541256695986	0.0902399942278862	0.576771080493927
465	0.0020478167571127415	0.09163931757211685	0.5785644054412842
466	0.0020393135491758585	0.09065437316894531	0.5775012373924255
467	0.0020269339438527822	0.09078966826200485	0.5780738592147827
468	0.002019445179030299	0.09123862534761429	0.5789480209350586
469	0.00201812875457108	0.09026824682950974	0.5776891708374023
470	0.002016957150772214	0.09141117334365845	0.5790884494781494
471	0.0020118134561926126	0.09045351296663284	0.5782195925712585
472	0.00200430816039443	0.09074115008115768	0.5787917971611023
473	0.0019993262831121683	0.09097445756196976	0.5789235234260559
474	0.00199836865067482	0.09039125591516495	0.5779993534088135
475	0.0019993185997009277	0.0912642776966095	0.5790767669677734
476	0.0019988124258816242	0.09037225693464279	0.5780550241470337
477	0.001996008213609457	0.09101098775863647	0.5786905884742737
478	0.001992342760786414	0.09078534692525864	0.5783006548881531
479	0.001989875454455614	0.09059634059667587	0.5780633091926575
480	0.0019891629926860332	0.09105295687913895	0.5785890817642212
481	0.0019892461132258177	0.09039687365293503	0.5777453184127808
482	0.00198880722746253	0.09110303223133087	0.578453779220581
483	0.0019872006960213184	0.09051372855901718	0.577711284160614
484	0.001984919188544154	0.09085312485694885	0.5780798196792603
485	0.0019827650394290686	0.09078709036111832	0.5779320001602173
486	0.0019813391845673323	0.09063778072595596	0.5776728987693787
487	0.0019805815536528826	0.0910513699054718	0.578057587146759
488	0.001980073982849717	0.09057430177927017	0.5774190425872803
489	0.0019793021492660046	0.09111418575048447	0.577999472618103
490	0.001978073501959443	0.09063997864723206	0.5774598121643066
491	0.0019764963071793318	0.09103971719741821	0.577785849571228
492	0.001974859507754445	0.09087271243333817	0.5774462819099426
493	0.001973445527255535	0.0909360721707344	0.5774363875389099
494	0.001972329569980502	0.09107562899589539	0.5774734616279602
495	0.001971486257389188	0.09088881313800812	0.5770617723464966
496	0.001970763551071286	0.09126680344343185	0.5772897005081177
497	0.0019700201228260994	0.09092307835817337	0.5767576694488525
498	0.0019691495690494776	0.09133721888065338	0.5770961046218872
499	0.0019681421108543873	0.09103235602378845	0.5765705108642578
500	0.0019670301117002964	0.0913730263710022	0.5767979621887207
501	0.001965890871360898	0.0911625549197197	0.5764813423156738
502	0.0019647618755698204	0.09133630245923996	0.5765913724899292
503	0.0019636964425444603	0.09129749238491058	0.5764378309249878
504	0.0019627297297120094	0.09131351858377457	0.5763970613479614
505	0.001961822621524334	0.09140527248382568	0.5764338970184326
506	0.0019609848968684673	0.09130626916885376	0.5762129426002502
507	0.0019601937383413315	0.09152073413133621	0.5763688087463379
508	0.001959418412297964	0.09132310003042221	0.5760613083839417
509	0.0019586607813835144	0.09161380678415298	0.5762739181518555
510	0.001957911066710949	0.09136353433132172	0.5758566856384277
511	0.001957170432433486	0.09171635657548904	0.5761356353759766
512	0.00195647357031703	0.09139706194400787	0.5756781697273254
513	0.001955781364813447	0.09182249009609222	0.57601398229599
514	0.0019551243167370558	0.09143703430891037	0.5754574537277222
515	0.00195455364882946	0.09193296730518341	0.5759294033050537
516	0.001954057952389121	0.09142869710922241	0.5752443671226501
517	0.0019536777399480343	0.09208451956510544	0.5758137702941895
518	0.0019535361789166927	0.09140270203351974	0.5749408006668091
519	0.0019536835607141256	0.0922759473323822	0.5758035182952881
520	0.0019542567897588015	0.09130677580833435	0.574627697467804
521	0.0019555750768631697	0.09255320578813553	0.5758951902389526
522	0.0019579993095248938	0.09110494703054428	0.5741413831710815
523	0.001962148817256093	0.09294413775205612	0.5760763883590698
524	0.001968944678083062	0.09076208621263504	0.5734841227531433
525	0.001979720313102007	0.09351648390293121	0.5764446258544922
526	0.001995737198740244	0.09027152508497238	0.5726041197776794
527	0.002018278231844306	0.094185471534729	0.5770125389099121
528	0.002045674715191126	0.08977596461772919	0.571631133556366
529	0.0020747508388012648	0.09459355473518372	0.5774437189102173
530	0.002089586341753602	0.08979620784521103	0.5712252855300903
531	0.0020838447380810976	0.09412918239831924	0.5769432187080383
532	0.0020413037855178118	0.09082803130149841	0.5725187063217163
533	0.0019880179315805435	0.0926060900092125	0.5750618577003479
534	0.0019479439361020923	0.09241784363985062	0.5747280716896057
535	0.0019434359855949879	0.09107886999845505	0.5727832913398743
536	0.0019670689944177866	0.09342551976442337	0.5761435627937317
537	0.0019923376385122538	0.0906006470322609	0.5719894766807556
538	0.002000076463446021	0.09329098463058472	0.5759598016738892
539	0.0019791924860328436	0.09143295139074326	0.5730010271072388
540	0.0019517735345289111	0.09225579351186752	0.5741627216339111
541	0.0019370423397049308	0.09270935505628586	0.57459557056427
542	0.0019431296968832612	0.09134936332702637	0.5723513960838318
543	0.0019589776638895273	0.09332194179296494	0.5753045678138733
544	0.0019666170701384544	0.09133197367191315	0.5722706317901611
545	0.001960871974006295	0.09298577159643173	0.5746256113052368
546	0.00194533949252218	0.09213825315237045	0.5733553767204285
547	0.0019340973813086748	0.09213417023420334	0.5731414556503296
548	0.0019337731646373868	0.09297683835029602	0.5742685794830322
549	0.0019410663517192006	0.09162919223308563	0.5722376704216003
550	0.0019477074965834618	0.09326565265655518	0.5743831992149353
551	0.0019469718681648374	0.09190093725919724	0.5724100470542908
552	0.0019401756580919027	0.09293022751808167	0.573662519454956
553	0.0019320733845233917	0.09259003400802612	0.5731011629104614
554	0.0019282554276287556	0.09233389049768448	0.5726627707481384
555	0.0019297420512884855	0.09315351396799088	0.5736052393913269
556	0.0019335310207679868	0.09207343310117722	0.5720530152320862
557	0.00193589529953897	0.09332920610904694	0.5736079216003418
558	0.0019346352200955153	0.09230172634124756	0.5720815658569336
559	0.0019307727925479412	0.09309899806976318	0.5730069279670715
560	0.001926410710439086	0.09276878088712692	0.5724169015884399
561	0.0019237904343754053	0.09272270649671555	0.5722452998161316
562	0.001923519535921514	0.09321144223213196	0.5727542638778687
563	0.0019247322343289852	0.09254126995801926	0.5717176795005798
564	0.0019260498229414225	0.09346457570791245	0.5727762579917908
565	0.001926305005326867	0.09260093420743942	0.5715073347091675
566	0.0019252653000876307	0.09344059228897095	0.5724524855613708
567	0.0019231329206377268	0.09282995015382767	0.5715737342834473
568	0.0019208367448300123	0.09326378256082535	0.571994423866272
569	0.0019189645536243916	0.09314832836389542	0.5717605352401733
570	0.0019178283400833607	0.0930933803319931	0.5715645551681519
571	0.0019174405606463552	0.09342411905527115	0.5718814730644226
572	0.001917503890581429	0.09298183023929596	0.5712307095527649
573	0.001917640445753932	0.09358550608158112	0.5718686580657959
574	0.0019175875931978226	0.0929618775844574	0.571029007434845
575	0.0019172492902725935	0.0936504602432251	0.5717419385910034
576	0.001916544046252966	0.09304480999708176	0.5708897113800049
577	0.001915619126521051	0.09366588294506073	0.5715570449829102
578	0.0019145283149555326	0.09317311644554138	0.570854663848877
579	0.0019133822061121464	0.09363631159067154	0.5713315606117249
580	0.0019122617086395621	0.09330375492572784	0.5708358883857727
581	0.0019112249137833714	0.0935860276222229	0.5710723400115967
582	0.0019102927763015032	0.09343729168176651	0.5708068013191223
583	0.0019094609888270497	0.09357228130102158	0.570859432220459
584	0.0019087250111624599	0.0935717299580574	0.5707693696022034
585	0.001908050966449082	0.09356255829334259	0.570651650428772
586	0.00190742127597332	0.09366855025291443	0.5706946849822998
587	0.001906836754642427	0.09354209899902344	0.5704635381698608
588	0.0019062812207266688	0.09377141296863556	0.5706350207328796
589	0.0019057787721976638	0.09354802966117859	0.5702976584434509
590	0.0019053120631724596	0.09388463199138641	0.5706010460853577
591	0.00190492975525558	0.09351503849029541	0.5700867176055908
592	0.001904685515910387	0.0940120667219162	0.5705974698066711
593	0.001904635806567967	0.0934486985206604	0.5698227882385254
594	0.0019049643306061625	0.0942116305232048	0.5706692934036255
595	0.0019058499019593	0.09331655502319336	0.5694645643234253
596	0.0019077431643381715	0.09449667483568192	0.5708491802215576
597	0.001911168685182929	0.09302955865859985	0.5689823031425476
598	0.0019174369517713785	0.0949316993355751	0.5712301135063171
599	0.001927764038555324	0.09254536032676697	0.5682235956192017
600	0.0019456392619758844	0.09558853507041931	0.5718895196914673
601	0.00197254098020494	0.09178069978952408	0.5670746564865112
602	0.002015857258811593	0.0963844507932663	0.5728632807731628
603	0.002065178705379367	0.09097493439912796	0.565771758556366
604	0.0021262497175484896	0.09673994779586792	0.5736396908760071
605	0.002136328024789691	0.09109238535165787	0.5656828284263611
606	0.0021122144535183907	0.09558433294296265	0.5728882551193237
607	0.002002938650548458	0.09290165454149246	0.5684663653373718
608	0.0019174306653439999	0.0931893140077591	0.5697092413902283
609	0.0019011361291632056	0.09484837204217911	0.571547269821167
610	0.0019493830623105168	0.09168180078268051	0.5668742060661316
611	0.002001853659749031	0.09507207572460175	0.5728363394737244
612	0.001988964853808284	0.0922117754817009	0.5678715109825134
613	0.0019417592557147145	0.09356405586004257	0.571116030216217
614	0.0018997610313817859	0.09409179538488388	0.5705078840255737
615	0.0019085861276835203	0.09220584481954575	0.5679722428321838
616	0.001941532944329083	0.0947207659482956	0.5721048712730408
617	0.0019485913217067719	0.09245283901691437	0.5678895711898804
618	0.001927069271914661	0.09373588860034943	0.5709728002548218
619	0.0018980356398969889	0.09396415203809738	0.570067822933197
620	0.0018977414583787322	0.09259399771690369	0.5684427618980408
621	0.001916592475026846	0.09453802555799484	0.571576714515686
622	0.001923604286275804	0.09260062128305435	0.5682251453399658
623	0.0019117668271064758	0.09368260204792023	0.5707229375839233
624	0.0018934512045234442	0.093831866979599	0.5699159502983093
625	0.0018916026456281543	0.09284590184688568	0.5687397122383118
626	0.0019028207752853632	0.09444444626569748	0.5711199641227722
627	0.0019080962520092726	0.09286722540855408	0.568406343460083
628	0.0019012506818398833	0.09377393871545792	0.5703946352005005
629	0.0018895575776696205	0.09380251169204712	0.5697087049484253
630	0.0018871190259233117	0.09312792867422104	0.568829357624054
631	0.0018937974236905575	0.09440285712480545	0.5706534385681152
632	0.0018982166657224298	0.09305567294359207	0.5684799551963806
633	0.0018948442302644253	0.09392786026000977	0.5701017379760742
634	0.0018871909705922008	0.09375980496406555	0.5693373084068298
635	0.0018839335534721613	0.093385711312294	0.5688542127609253
636	0.0018870463827624917	0.09435462951660156	0.570101797580719
637	0.0018907826161012053	0.09327967464923859	0.5683721899986267
638	0.0018902355805039406	0.09414947032928467	0.569783627986908
639	0.0018857644172385335	0.09376177191734314	0.5689082145690918
640	0.0018821853445842862	0.09371653944253922	0.5688014626502991
641	0.0018825000151991844	0.09431560337543488	0.5695300102233887
642	0.0018850336782634258	0.09349263459444046	0.5682500004768372
643	0.001886203303001821	0.0943077802658081	0.5695012807846069
644	0.0018845601007342339	0.09374291449785233	0.5685519576072693
645	0.0018817430827766657	0.09401459991931915	0.5688637495040894
646	0.001880193711258471	0.09420789033174515	0.5690529346466064
647	0.001880806521512568	0.0937267541885376	0.5682204365730286
648	0.0018821321427822113	0.09436708688735962	0.5691714882850647
649	0.0018824978033080697	0.09375575929880142	0.5681875348091125
650	0.0018814622890204191	0.09427697956562042	0.5688308477401733
651	0.0018797771772369742	0.09408934414386749	0.5685499310493469
652	0.0018788051092997193	0.09402775019407272	0.5682868361473083
653	0.0018788583111017942	0.09432368725538254	0.5688003301620483
654	0.0018794301431626081	0.0938745066523552	0.5680315494537354
655	0.0018797587836161256	0.09440231323242188	0.5687459111213684
656	0.0018793331691995263	0.09401042759418488	0.568120539188385
657	0.001878493232652545	0.09430711716413498	0.5683709979057312
658	0.0018777154618874192	0.09421538561582565	0.5683597326278687
659	0.0018773303600028157	0.09413915872573853	0.5680204629898071
660	0.001877366565167904	0.09439829736948013	0.5684381127357483
661	0.0018775018397718668	0.09410295635461807	0.5678413510322571
662	0.001877504400908947	0.09447720646858215	0.5683319568634033
663	0.0018772506155073643	0.09416373074054718	0.5678961873054504
664	0.0018768187146633863	0.09441250562667847	0.568088710308075
665	0.0018763766856864095	0.09429658949375153	0.5679972767829895
666	0.0018760469974949956	0.09434951096773148	0.5677961707115173
667	0.001875860383734107	0.09445860981941223	0.5680217146873474
668	0.0018757876241579652	0.094302237033844	0.5676246285438538
669	0.0018757297657430172	0.09453527629375458	0.5679700970649719
670	0.001875629648566246	0.09430528432130814	0.5675732493400574
671	0.0018754630582407117	0.09456387907266617	0.5678112506866455
672	0.0018752383766695857	0.09437786787748337	0.5675755143165588
673	0.0018749905284494162	0.09455074369907379	0.5676175355911255
674	0.001874742447398603	0.0944584533572197	0.5675873160362244
675	0.001874523120932281	0.09451988339424133	0.5674455165863037
676	0.0018743355758488178	0.09456189721822739	0.5675601959228516
677	0.001874172710813582	0.09451329708099365	0.5673176050186157
678	0.001874033478088677	0.09463058412075043	0.5674832463264465
679	0.0018739057704806328	0.09450117498636246	0.5672312378883362
680	0.0018737827194854617	0.09466997534036636	0.5673902630805969
681	0.0018736588535830379	0.09452924132347107	0.5671722888946533
682	0.0018735278863459826	0.09472254663705826	0.5672691464424133
683	0.001873385044746101	0.09456963837146759	0.5670962333679199
684	0.0018732358003035188	0.0947369933128357	0.5671538710594177
685	0.0018730766605585814	0.09460563957691193	0.567024827003479
686	0.0018729117000475526	0.09476351737976074	0.5670568943023682
687	0.001872741966508329	0.09465591609477997	0.5669448971748352
688	0.001872575143352151	0.09478352218866348	0.5669684410095215
689	0.0018724125111475587	0.09469232708215714	0.566849410533905
690	0.0018722561653703451	0.09480353444814682	0.5668910145759583
691	0.0018721045926213264	0.09472998976707458	0.5667511820793152
692	0.0018719590734690428	0.09483636915683746	0.5668174624443054
693	0.0018718201899901032	0.0947607085108757	0.5666443705558777
694	0.0018716901540756226	0.09486453235149384	0.5667589902877808
695	0.0018715646583586931	0.09478005766868591	0.5665463209152222
696	0.0018714467296376824	0.09490969032049179	0.5667038559913635
697	0.0018713369499891996	0.0947975143790245	0.5664136409759521
698	0.0018712454475462437	0.09496089816093445	0.566649317741394
699	0.0018711748998612165	0.09479180723428726	0.5662730932235718
700	0.0018711386946961284	0.09502824395895004	0.5666278004646301
701	0.0018711521988734603	0.09476509690284729	0.5661041736602783
702	0.0018712597666308284	0.0951312780380249	0.5666589736938477
703	0.0018715125042945147	0.09469366073608398	0.5658838152885437
704	0.0018720384687185287	0.09527884423732758	0.5667651891708374
705	0.00187299947720021	0.09454631805419922	0.5655539035797119
706	0.0018747983267530799	0.09553320705890656	0.5670039653778076
707	0.001877850852906704	0.09426965564489365	0.565030038356781
708	0.001883544260635972	0.09595803916454315	0.567487895488739
709	0.0018929680809378624	0.09374260157346725	0.5641910433769226
710	0.001910711289383471	0.09664047509431839	0.5683709979057312
711	0.0019381027668714523	0.09285712987184525	0.5628390312194824
712	0.0019882777705788612	0.09759365022182465	0.5697202086448669
713	0.0020493795163929462	0.09173758327960968	0.5611215829849243
714	0.002144798170775175	0.09823848307132721	0.5709354877471924
715	0.0021814501378685236	0.09152715653181076	0.56087726354599
716	0.002187852980569005	0.09700637310743332	0.570017397403717
717	0.0020374292507767677	0.09360115230083466	0.5650815963745117
718	0.0019047386012971401	0.09394784271717072	0.5656673908233643
719	0.0018786902073770761	0.09588134288787842	0.5692782402038574
720	0.0019567743875086308	0.09208261221647263	0.5625413060188293
721	0.002035365207120776	0.09577441960573196	0.5699838995933533
722	0.0019836807623505592	0.09315644204616547	0.565424382686615
723	0.0018990336684510112	0.0936199501156807	0.5667319893836975
724	0.0018762112595140934	0.09533364325761795	0.5689186453819275
725	0.001930412370711565	0.09235580265522003	0.5640544295310974
726	0.0019665423315018415	0.09512757509946823	0.5688463449478149
727	0.0019189129816368222	0.09365475177764893	0.5667238235473633
728	0.001872466062195599	0.09325782209634781	0.5658160448074341
729	0.001889116014353931	0.09529078751802444	0.5689588189125061
730	0.0019235550425946712	0.09271766245365143	0.5651072859764099
731	0.0019162960816174746	0.09428959339857101	0.5681328773498535
732	0.001878894167020917	0.09398769587278366	0.5679941177368164
733	0.001874239998869598	0.0929010659456253	0.5653167366981506
734	0.0019000795437023044	0.09497687965631485	0.5689337253570557
735	0.0019028615206480026	0.09319593012332916	0.5662455558776855
736	0.0018801144324243069	0.0936468094587326	0.5671014785766602
737	0.001869499683380127	0.09449978917837143	0.5683134198188782
738	0.0018836806993931532	0.09298917651176453	0.5655164122581482
739	0.0018926637712866068	0.09450475871562958	0.5682881474494934
740	0.001879401272162795	0.09377321600914001	0.5672557353973389
741	0.0018684264505282044	0.09324865788221359	0.5664734840393066
742	0.0018752084579318762	0.09454363584518433	0.5681408643722534
743	0.0018829351756721735	0.09330413490533829	0.5661740303039551
744	0.0018774409545585513	0.09401924908161163	0.5674474239349365
745	0.0018686383264139295	0.0941922664642334	0.5674863457679749
746	0.0018701143562793732	0.09333682060241699	0.565982460975647
747	0.0018767277942970395	0.0944540798664093	0.5676886439323425
748	0.0018751941388472915	0.09374431520700455	0.5666293501853943
749	0.001868874067440629	0.09388221055269241	0.5665493011474609
750	0.0018677404150366783	0.09440237283706665	0.5673635601997375
751	0.0018717991188168526	0.09353708475828171	0.5659155249595642
752	0.0018730642041191459	0.09433077275753021	0.567182719707489
753	0.0018691837321966887	0.09409038722515106	0.5666581988334656
754	0.0018666790565475821	0.09386749565601349	0.5661376714706421
755	0.0018684848910197616	0.09448890388011932	0.567051887512207
756	0.0018704634858295321	0.09378330409526825	0.5659292340278625
757	0.0018691496225073934	0.09430290013551712	0.56662517786026
758	0.001866644131951034	0.09433723986148834	0.5664346814155579
759	0.0018664721865206957	0.0939333587884903	0.5658518075942993
760	0.001868105842731893	0.09455781430006027	0.566666841506958
761	0.001868430757895112	0.09405212849378586	0.5658667683601379
762	0.0018669097917154431	0.09432891756296158	0.5660740733146667
763	0.0018657214241102338	0.0944671779870987	0.566274881362915
764	0.0018661709036678076	0.09407646209001541	0.5655754208564758
765	0.001867089536972344	0.09459669142961502	0.5662708878517151
766	0.0018668209668248892	0.09424779564142227	0.5656666159629822
767	0.0018657648470252752	0.09438341856002808	0.5658290386199951
768	0.0018651848658919334	0.09457001090049744	0.5659440755844116
769	0.001865586033090949	0.09424645453691483	0.5654076933860779
770	0.0018660393543541431	0.09466324001550674	0.5659176111221313
771	0.001865758211351931	0.09438693523406982	0.5654852986335754
772	0.0018650698475539684	0.09450023621320724	0.5655606985092163
773	0.0018647086108103395	0.09464699774980545	0.5656563639640808
774	0.0018649111734703183	0.0944032296538353	0.5652288794517517
775	0.0018651545979082584	0.09473418444395065	0.5656417012214661
776	0.0018650060519576073	0.09449480473995209	0.5652427077293396
777	0.0018645644886419177	0.09463968873023987	0.5653098225593567
778	0.0018642563372850418	0.09471121430397034	0.5653620362281799
779	0.0018642714712768793	0.09454084932804108	0.5650631785392761
780	0.001864415593445301	0.0948106199502945	0.5653830766677856
781	0.0018643896328285336	0.09458784013986588	0.5649688243865967
782	0.0018641457427293062	0.09475468844175339	0.5651730298995972
783	0.0018638682086020708	0.09476521611213684	0.5650553703308105
784	0.0018637479515746236	0.09468835592269897	0.5649481415748596
785	0.0018637807806953788	0.09488122165203094	0.5650536417961121
786	0.0018638164037838578	0.09468711167573929	0.5648195147514343
787	0.001863742363639176	0.09489194303750992	0.5649091601371765
788	0.0018635791493579745	0.09479900449514389	0.5648658275604248
789	0.0018634418956935406	0.09484028071165085	0.5646762251853943
790	0.0018634098814800382	0.09489946067333221	0.5649259090423584
791	0.0018634970765560865	0.09481075406074524	0.5644667148590088
792	0.0018636645982041955	0.0949602797627449	0.5649389028549194
793	0.0018639001064002514	0.09486718475818634	0.5642864108085632
794	0.0018643112853169441	0.09493396431207657	0.5649202466011047
795	0.0018650527345016599	0.09495187550783157	0.5641189813613892
796	0.0018664675299078226	0.09488489478826523	0.5649673342704773
797	0.0018687774427235126	0.09503009915351868	0.5638636350631714
798	0.0018727075075730681	0.0948372408747673	0.5651596784591675
799	0.0018780954414978623	0.09501055628061295	0.563448965549469
800	0.0018859321717172861	0.09485097229480743	0.565437912940979
801	0.0018926389748230577	0.09487318992614746	0.5630719661712646
802	0.0018985670758411288	0.09501898288726807	0.5655851364135742
803	0.001895378576591611	0.09469515830278397	0.5630950927734375
804	0.001887031365185976	0.09521857649087906	0.5652907490730286
805	0.0018740271916612983	0.09463520348072052	0.5637484192848206
806	0.0018653825391083956	0.09521269053220749	0.5645362138748169
807	0.0018646916141733527	0.09472838044166565	0.5645598769187927
808	0.0018693915335461497	0.0949988141655922	0.5638113617897034
809	0.001873635221272707	0.09497648477554321	0.5649232864379883
810	0.0018724536057561636	0.09473256766796112	0.5635548233985901
811	0.0018682099180296063	0.09528510272502899	0.564845085144043
812	0.0018649589037522674	0.09455400705337524	0.5637435913085938
813	0.0018655387684702873	0.09542185068130493	0.5644292831420898
814	0.0018681335495784879	0.09461237490177155	0.564002513885498
815	0.0018687424017116427	0.095265232026577	0.5641302466392517
816	0.0018663521623238921	0.09490936994552612	0.5640543103218079
817	0.0018627343233674765	0.09499934315681458	0.5639958381652832
818	0.0018612568965181708	0.09517694264650345	0.5640624165534973
819	0.001862571109086275	0.0947858914732933	0.5639252662658691
820	0.0018645776435732841	0.09531587362289429	0.5640955567359924
821	0.001865112455561757	0.09476108849048615	0.5637036561965942
822	0.0018638274632394314	0.09531944245100021	0.5642415285110474
823	0.0018625033553689718	0.09483678638935089	0.5634582042694092
824	0.0018624173244461417	0.0952807366847992	0.5643118023872375
825	0.0018632173305377364	0.09492333978414536	0.5633643269538879
826	0.0018635657615959644	0.09523748606443405	0.5642210245132446
827	0.0018628120888024569	0.09498485177755356	0.5634890198707581
828	0.0018615437438711524	0.09523779153823853	0.5639249682426453
829	0.001860810094512999	0.09502792358398438	0.56363844871521
830	0.0018609381513670087	0.09525520354509354	0.5636575222015381
831	0.0018613537540659308	0.09509642422199249	0.5636714696884155
832	0.0018613332649692893	0.095230333507061	0.5635097622871399
833	0.0018608133541420102	0.0951928198337555	0.5636052489280701
834	0.0018602561904117465	0.09516040980815887	0.5634840726852417
835	0.0018601237097755075	0.09528765082359314	0.5635000467300415
836	0.0018603831995278597	0.09512005746364594	0.5634219646453857
837	0.0018606374505907297	0.09535335749387741	0.5634635090827942
838	0.0018606072990223765	0.09512059390544891	0.5632728338241577
839	0.0018603471107780933	0.09540081024169922	0.5635151863098145
840	0.0018601678311824799	0.09512399882078171	0.5630601644515991
841	0.00186027807649225	0.09544965624809265	0.5636168122291565
842	0.0018606452504172921	0.09507804363965988	0.5628551840782166
843	0.001861112890765071	0.09556149691343307	0.5637018084526062
844	0.0018616406014189124	0.09496545791625977	0.56263267993927
845	0.0018623884534463286	0.09574345499277115	0.563825249671936
846	0.0018637379398569465	0.09477221965789795	0.5623279809951782
847	0.0018661735812202096	0.09604310244321823	0.564073383808136
848	0.0018702372908592224	0.09444890916347504	0.5618165731430054
849	0.001876974361948669	0.09649300575256348	0.5646352171897888
850	0.0018876175163313746	0.09393401443958282	0.5609625577926636
851	0.001905103214085102	0.09712608903646469	0.5656038522720337
852	0.0019309909548610449	0.09321951866149902	0.5597118735313416
853	0.0019699851982295513	0.09782690554857254	0.5669088363647461
854	0.0020131368655711412	0.09256219118833542	0.5585700869560242
855	0.0020622513256967068	0.09796135127544403	0.5676501989364624
856	0.002063796855509281	0.0928051620721817	0.5591687560081482
857	0.0020377254113554955	0.09673528373241425	0.566290557384491
858	0.0019459002651274204	0.09432613849639893	0.5627354383468628
859	0.0018785870634019375	0.09466537833213806	0.5628044605255127
860	0.0018677894258871675	0.09580371528863907	0.5658836960792542
861	0.0019046328961849213	0.09330560266971588	0.5607564449310303
862	0.0019466280937194824	0.09611531347036362	0.566439151763916
863	0.0019370188238099217	0.09355127811431885	0.5622929930686951
864	0.0019027458038181067	0.09520968794822693	0.5643447041511536
865	0.001871426124125719	0.09479554742574692	0.5651697516441345
866	0.0018735891208052635	0.09391450136899948	0.562120795249939
867	0.001895058318041265	0.09560634195804596	0.5659653544425964
868	0.0018992136465385556	0.09365242719650269	0.5626884698867798
869	0.0018870532512664795	0.09513314813375473	0.5647661685943604
870	0.0018723084358498454	0.09439513832330704	0.565128743648529
871	0.0018711495213210583	0.0940762609243393	0.5630427598953247
872	0.0018784586573019624	0.09505671262741089	0.5660284161567688
873	0.0018786382861435413	0.09367808699607849	0.5635334253311157
874	0.0018727399874478579	0.09488965570926666	0.5648602843284607
875	0.0018686322728171945	0.09431453049182892	0.5651470422744751
876	0.0018699446227401495	0.09423647820949554	0.5635229349136353
877	0.0018715416081249714	0.09481620043516159	0.5655935406684875
878	0.0018680458888411522	0.09398628771305084	0.5639369487762451
879	0.0018642009235918522	0.09474863857030869	0.5646634101867676
880	0.0018648075638338923	0.0943392813205719	0.5650255084037781
881	0.0018674309831112623	0.09435471892356873	0.5639579892158508
882	0.0018669342389330268	0.09459686279296875	0.5651969313621521
883	0.001862555043771863	0.09422744065523148	0.5641682744026184
884	0.0018602084601297975	0.09467487037181854	0.5644441246986389
885	0.0018624387448653579	0.09437553584575653	0.564734697341919
886	0.0018648796249181032	0.09453427791595459	0.563971996307373
887	0.0018637047614902258	0.09455522894859314	0.5646816492080688
888	0.0018599865725263953	0.09443116933107376	0.5642260909080505
889	0.0018585866782814264	0.09468290209770203	0.5642101168632507
890	0.0018606203375384212	0.09446927160024643	0.5645046234130859
891	0.001862413831986487	0.09464290738105774	0.5640003085136414
892	0.001861409517005086	0.09456963837146759	0.5642982125282288
893	0.0018588295206427574	0.09463106095790863	0.5641850233078003
894	0.0018580115865916014	0.09470971673727036	0.563910186290741
895	0.0018593007698655128	0.0946182981133461	0.5642144680023193
896	0.0018603691132739186	0.09472805261611938	0.5638494491577148
897	0.0018597589805722237	0.09463758766651154	0.5639661550521851
898	0.0018582689808681607	0.09479451924562454	0.564035177230835
899	0.0018577886512503028	0.09472116827964783	0.5636529326438904
900	0.0018584312638267875	0.09479431062936783	0.564046323299408
901	0.0018589436076581478	0.09480661898851395	0.5635996460914612
902	0.0018585294019430876	0.0947832241654396	0.5637053847312927
903	0.0018577196169644594	0.09492237120866776	0.5637865662574768
904	0.001857495284639299	0.09476661682128906	0.563378095626831
905	0.0018578628078103065	0.0949389711022377	0.5638408064842224
906	0.0018581324256956577	0.09482923895120621	0.5633447766304016
907	0.0018578135641291738	0.09491489082574844	0.5635777711868286
908	0.0018572605913504958	0.09496429562568665	0.563509464263916
909	0.0018570499960333109	0.09488637000322342	0.5632385611534119
910	0.001857257797382772	0.09503989666700363	0.5635674595832825
911	0.0018574884161353111	0.09491800516843796	0.563121497631073
912	0.001857384224422276	0.09507012367248535	0.5634393095970154
913	0.0018570480169728398	0.09498655796051025	0.5631786584854126
914	0.0018567898077890277	0.095047228038311	0.5631876587867737
915	0.001856782240793109	0.09505335241556168	0.5632484555244446
916	0.0018568801460787654	0.09505997598171234	0.5630098581314087
917	0.00185687025077641	0.09513020515441895	0.5631914138793945
918	0.0018567136721685529	0.09507347643375397	0.5629509687423706
919	0.001856538699939847	0.09517014771699905	0.5630394220352173
920	0.0018564824713394046	0.09509675949811935	0.5629419684410095
921	0.0018565162317827344	0.09520724415779114	0.5629062056541443
922	0.0018565293867141008	0.0951443761587143	0.5628905296325684
923	0.001856439164839685	0.09521906077861786	0.5628467202186584
924	0.0018562896875664592	0.0951966792345047	0.5627917647361755
925	0.0018561709439381957	0.09523973613977432	0.5628039836883545
926	0.0018561285687610507	0.09524684399366379	0.5626912117004395
927	0.0018561285687610507	0.09526195377111435	0.562746524810791
928	0.0018561065662652254	0.09528461843729019	0.5626367330551147
929	0.001856035552918911	0.09528180211782455	0.5626404881477356
930	0.0018559397431090474	0.09532996267080307	0.5626229047775269
931	0.0018558674491941929	0.09529753029346466	0.5625161528587341
932	0.0018558326410129666	0.09536584466695786	0.5626041889190674
933	0.00185581692494452	0.09531554579734802	0.5624135136604309
934	0.0018557906150817871	0.09540765732526779	0.5625484585762024
935	0.0018557386938482523	0.09534166753292084	0.5623489618301392
936	0.0018556766444817185	0.0954456552863121	0.5624691843986511
937	0.0018556243740022182	0.09535273909568787	0.5622895359992981
938	0.0018555958522483706	0.09549114108085632	0.562407374382019
939	0.0018555892165750265	0.09535638242959976	0.5622143745422363
940	0.0018555945716798306	0.09554842114448547	0.5623846650123596
941	0.0018556113354861736	0.09534189105033875	0.5621007680892944
942	0.0018556566210463643	0.09562169015407562	0.5624033808708191
943	0.0018557648872956634	0.09530701488256454	0.5619292259216309
944	0.0018559918971732259	0.09573202580213547	0.5624753832817078
945	0.001856415532529354	0.09521680325269699	0.5616921782493591
946	0.0018571845721453428	0.09591025114059448	0.562636137008667
947	0.0018585395300760865	0.09502960741519928	0.5613399744033813
948	0.001860974938608706	0.09622223675251007	0.5629658102989197
949	0.001865309663116932	0.09466540068387985	0.5607544183731079
950	0.0018732278840616345	0.09675194323062897	0.5636066198348999
951	0.0018871590727940202	0.09399954229593277	0.5597500205039978
952	0.0019123420352116227	0.09761966019868851	0.564780056476593
953	0.001953643513843417	0.09294060617685318	0.558107852935791
954	0.002023654291406274	0.09866198152303696	0.566512942314148
955	0.002107267966493964	0.0918847844004631	0.5563160181045532
956	0.002215069718658924	0.09870710968971252	0.5676692724227905
957	0.0022075565066188574	0.0923883467912674	0.5574941635131836
958	0.002144126920029521	0.09637239575386047	0.5654125213623047
959	0.0019445788348093629	0.09504584968090057	0.5634956359863281
960	0.0018617687746882439	0.09325236082077026	0.5603290796279907
961	0.001928255776874721	0.09654296189546585	0.5666331052780151
962	0.002013489603996277	0.09259909391403198	0.5595243573188782
963	0.002022641245275736	0.09528627246618271	0.565149188041687
964	0.0019053665455430746	0.09453586488962173	0.5643851161003113
965	0.001863732933998108	0.09312139451503754	0.561111330986023
966	0.0019246820593252778	0.0955561101436615	0.5664995312690735
967	0.0019538518972694874	0.093076691031456	0.5617034435272217
968	0.0019123998936265707	0.09427452087402344	0.5641652345657349
969	0.0018612993881106377	0.09461002051830292	0.5657386183738708
970	0.0018896979745477438	0.09305372089147568	0.5615413784980774
971	0.0019296234240755439	0.09492822736501694	0.5663416385650635
972	0.0018978385487571359	0.09333667904138565	0.5639600157737732
973	0.001861757948063314	0.09359291195869446	0.5634452700614929
974	0.0018768913578242064	0.0946659967303276	0.5667025446891785
975	0.0018986370414495468	0.0928771048784256	0.5627439022064209
976	0.0018851534696295857	0.09425918757915497	0.5654094219207764
977	0.0018633707659319043	0.09378557652235031	0.5654867887496948
978	0.001868327264674008	0.09316670894622803	0.5629478693008423
979	0.0018842763965949416	0.09483543783426285	0.5663734674453735
980	0.0018783471314236522	0.09323097765445709	0.564126193523407
981	0.0018633835716173053	0.09360239654779434	0.5644117593765259
982	0.0018630542326718569	0.09447529911994934	0.5662798881530762
983	0.001870697014965117	0.09300651401281357	0.5635464787483215
984	0.001870668143965304	0.09425943344831467	0.565621554851532
985	0.0018623381620272994	0.09390408545732498	0.5652958154678345
986	0.0018588420934975147	0.09311375021934509	0.563720166683197
987	0.0018651565769687295	0.09467190504074097	0.565853476524353
988	0.001867147395387292	0.09359678626060486	0.5642272233963013
989	0.0018592861015349627	0.09370113909244537	0.564448356628418
990	0.001856622751802206	0.09449059516191483	0.5655020475387573
991	0.001862688921391964	0.09332681447267532	0.5636672973632812
992	0.0018626712262630463	0.09430994838476181	0.5650244951248169
993	0.0018571505788713694	0.09422340244054794	0.5648531317710876
994	0.001856331480666995	0.09352806955575943	0.5637407898902893
995	0.0018596798181533813	0.09445521980524063	0.5650311708450317
996	0.0018595836590975523	0.09393510222434998	0.564063310623169
997	0.0018566253129392862	0.09403107315301895	0.5641589760780334
998	0.001856453251093626	0.09443830698728561	0.5647489428520203
999	0.001857554423622787	0.09386447817087173	0.5636662244796753
1000	0.0018576119327917695	0.09428048878908157	0.5644509792327881
1001	0.0018566687358543277	0.09431488811969757	0.5641899108886719
1002	0.0018557612784206867	0.09409643709659576	0.5637018084526062
1003	0.0018558165756985545	0.09437773376703262	0.5643157958984375
1004	0.0018567120423540473	0.09418131411075592	0.5636711120605469
1005	0.0018565533682703972	0.09428966790437698	0.5639869570732117
1006	0.0018551136599853635	0.09440190345048904	0.5639525055885315
1007	0.0018549456726759672	0.09425032883882523	0.5635404586791992
1008	0.0018559553427621722	0.09441181272268295	0.564063310623169
1009	0.0018558489391580224	0.09428568929433823	0.5635332465171814
1010	0.0018549097003415227	0.09443831443786621	0.563686192035675
1011	0.001854686881415546	0.09449011087417603	0.5638002157211304
1012	0.0018551078392192721	0.09429306536912918	0.5633620619773865
1013	0.0018551357788965106	0.09458420425653458	0.5637981295585632
1014	0.0018548452062532306	0.09439350664615631	0.5633823275566101
1015	0.0018545460188761353	0.0944957360625267	0.5634191632270813
1016	0.001854402362369001	0.09464885294437408	0.563626766204834
1017	0.0018545541679486632	0.09438692778348923	0.5631152391433716
1018	0.0018546829232946038	0.09470733255147934	0.5634700655937195
1019	0.0018544445047155023	0.09456263482570648	0.5632326602935791
1020	0.0018540644086897373	0.09454838931560516	0.5631221532821655
1021	0.0018541003810241818	0.09475711733102798	0.5633482336997986
1022	0.0018542803591117263	0.0945376455783844	0.5629618763923645
1023	0.0018542123725637794	0.09472616016864777	0.5632205009460449
1024	0.0018539840821176767	0.09470032155513763	0.5630508661270142
1025	0.0018538699951022863	0.09468501806259155	0.5629165172576904
1026	0.0018538591684773564	0.09481175988912582	0.5630838871002197
1027	0.0018538635922595859	0.09470275044441223	0.5627939701080322
1028	0.0018538582371547818	0.09481550008058548	0.5629450082778931
1029	0.0018537603318691254	0.09480959177017212	0.5627920031547546
1030	0.0018536077113822103	0.09481726586818695	0.5627604126930237
1031	0.001853537978604436	0.09486109018325806	0.5628228783607483
1032	0.0018535763956606388	0.09481862187385559	0.562603235244751
1033	0.0018535767449066043	0.09492813795804977	0.5627415180206299
1034	0.0018534832634031773	0.09487812221050262	0.5625717043876648
1035	0.0018533882685005665	0.09493452310562134	0.5625995397567749
1036	0.001853330759331584	0.09495279937982559	0.5625624656677246
1037	0.001853295019827783	0.09491588175296783	0.5624340772628784
1038	0.0018532683607190847	0.0950319692492485	0.5625568628311157
1039	0.001853246707469225	0.09494901448488235	0.5623612999916077
1040	0.0018531926907598972	0.09503727406263351	0.5624383687973022
1041	0.0018531112000346184	0.09502432495355606	0.5623591542243958
1042	0.0018530506640672684	0.09502283483743668	0.562299370765686
1043	0.0018530224915593863	0.09511467069387436	0.5623437166213989
1044	0.0018530008383095264	0.0950397476553917	0.5621861219406128
1045	0.0018529603257775307	0.0951235368847847	0.5622714161872864
1046	0.0018529146909713745	0.09509468078613281	0.5621532201766968
1047	0.0018528628861531615	0.09514414519071579	0.5621603727340698
1048	0.0018528084037825465	0.09515289217233658	0.5621234178543091
1049	0.0018527586944401264	0.09514962136745453	0.562062680721283
1050	0.0018527250504121184	0.09519355744123459	0.562079906463623
1051	0.001852695713751018	0.09518299996852875	0.5619753003120422
1052	0.0018526579951867461	0.09523975849151611	0.5620226860046387
1053	0.0018526135245338082	0.09520117938518524	0.5619190335273743
1054	0.001852569286711514	0.09526112675666809	0.5619423389434814
1055	0.001852524233981967	0.09524821490049362	0.5618737936019897
1056	0.001852479879744351	0.09527409821748734	0.5618494749069214
1057	0.0018524385523051023	0.09530117362737656	0.5618415474891663
1058	0.001852403744123876	0.09528720378875732	0.5617551207542419
1059	0.0018523687031120062	0.0953388437628746	0.5617842674255371
1060	0.001852331217378378	0.09532101452350616	0.5616914629936218
1061	0.001852292101830244	0.09536273777484894	0.5617135763168335
1062	0.0018522526370361447	0.09535560011863708	0.5616348385810852
1063	0.0018522120080888271	0.09538395702838898	0.5616396069526672
1064	0.0018521709134802222	0.09538813680410385	0.5615847110748291
1065	0.0018521298188716173	0.0954124853014946	0.5615676641464233
1066	0.001852091052569449	0.09542104601860046	0.5615277290344238
1067	0.0018520531011745334	0.09543018788099289	0.5614935159683228
1068	0.0018520158482715487	0.0954568162560463	0.561480700969696
1069	0.0018519785953685641	0.09545076638460159	0.5614204406738281
1070	0.0018519434379413724	0.09549082070589066	0.5614287257194519
1071	0.0018519078148528934	0.0954725444316864	0.5613569021224976
1072	0.001851871726103127	0.09551748633384705	0.5613721013069153
1073	0.0018518357537686825	0.09549873322248459	0.5612943768501282
1074	0.0018518002470955253	0.09554527699947357	0.5613155364990234
1075	0.0018517649732530117	0.09552109986543655	0.56123286485672
1076	0.0018517308635637164	0.09557424485683441	0.561261773109436
1077	0.0018516957061365247	0.0955376848578453	0.5611646771430969
1078	0.0018516628770157695	0.09560813754796982	0.5612139105796814
1079	0.0018516323762014508	0.09555220603942871	0.5610965490341187
1080	0.0018516044365242124	0.09564386308193207	0.5611692070960999
1081	0.0018515802221372724	0.09555932134389877	0.5610203146934509
1082	0.001851563691161573	0.09568808227777481	0.5611407160758972
1083	0.0018515597330406308	0.09555546194314957	0.5609297156333923
1084	0.0018515769625082612	0.09575077146291733	0.56113201379776
1085	0.0018516307463869452	0.09552250802516937	0.5608086585998535
1086	0.0018517512362450361	0.09584789723157883	0.5611665844917297
1087	0.0018519903533160686	0.09544575959444046	0.5606318116188049
1088	0.0018524487968534231	0.09600714594125748	0.5612753033638
1089	0.001853307941928506	0.09528126567602158	0.5603480935096741
1090	0.0018549170345067978	0.09628202766180038	0.5615333914756775
1091	0.0018579502357169986	0.09494970738887787	0.5598571300506592
1092	0.0018636794993653893	0.09679067134857178	0.5620758533477783
1093	0.0018745340639725327	0.09430279582738876	0.5589674711227417
1094	0.001894793938845396	0.09768147021532059	0.5631332993507385
1095	0.001931588863953948	0.09321153163909912	0.5573954582214355
1096	0.001994989812374115	0.09888295829296112	0.564867377281189
1097	0.002086290856823325	0.09199082106351852	0.5553498864173889
1098	0.0022073937579989433	0.09920541942119598	0.5664308071136475
1099	0.0022414708510041237	0.09218232333660126	0.5557113289833069
1100	0.002222516341134906	0.09682349860668182	0.5650489926338196
1101	0.0019910370465368032	0.09495536237955093	0.5619028210639954
1102	0.001865402446128428	0.09312322735786438	0.5600661039352417
1103	0.0019206267315894365	0.09691427648067474	0.5656349658966064
1104	0.002031025243923068	0.09240665286779404	0.5585481524467468
1105	0.002054964192211628	0.09548050910234451	0.5639094710350037
1106	0.001918295631185174	0.09464680403470993	0.5638242363929749
1107	0.0018718998180702329	0.09298323094844818	0.5599115490913391
1108	0.001950641511939466	0.09567984938621521	0.5656650066375732
1109	0.001967974007129669	0.09334500879049301	0.5611403584480286
1110	0.0019019547617062926	0.09362709522247314	0.5631679892539978
1111	0.0018570463871583343	0.0950654000043869	0.5655731558799744
1112	0.001911053084768355	0.0928853303194046	0.5606335401535034
1113	0.0019423827761784196	0.09450618922710419	0.5652551054954529
1114	0.0018830681219696999	0.09389225393533707	0.5641881823539734
1115	0.0018619208130985498	0.09279857575893402	0.5620812177658081
1116	0.0019040690967813134	0.09488984197378159	0.5660579800605774
1117	0.001903833239339292	0.0928880050778389	0.5631181001663208
1118	0.0018663742812350392	0.09338218718767166	0.5639719367027283
1119	0.0018639096524566412	0.09416186064481735	0.5658513903617859
1120	0.0018849159823730588	0.09292369335889816	0.562606692314148
1121	0.0018801026744768023	0.094294473528862	0.5652324557304382
1122	0.00186072732321918	0.09346117824316025	0.5649884939193726
1123	0.001865381607785821	0.0931382104754448	0.562962532043457
1124	0.0018758137011900544	0.09434178471565247	0.5655690431594849
1125	0.0018660034984350204	0.09306232631206512	0.5641228556632996
1126	0.0018610939150676131	0.09355062246322632	0.5641462206840515
1127	0.0018644595984369516	0.0939970389008522	0.565264880657196
1128	0.0018633619183674455	0.09296892583370209	0.5635203123092651
1129	0.0018599824979901314	0.09417807310819626	0.5648316740989685
1130	0.0018611944979056716	0.09378153085708618	0.5648055076599121
1131	0.0018588785314932466	0.09314464777708054	0.5634859204292297
1132	0.0018581758486106992	0.0942855179309845	0.5649235844612122
1133	0.0018604255747050047	0.09335655719041824	0.5642527937889099
1134	0.0018574886489659548	0.09365402162075043	0.5638954639434814
1135	0.0018548486987128854	0.09423009306192398	0.5647541284561157
1136	0.001857334398664534	0.0932021290063858	0.5635356903076172
1137	0.0018577195005491376	0.09404541552066803	0.5641655921936035
1138	0.0018540251767262816	0.09421520680189133	0.5642483234405518
1139	0.0018537245923653245	0.09339401870965958	0.5632661581039429
1140	0.0018566969083622098	0.0942670926451683	0.5643119812011719
1141	0.0018551164539530873	0.0939529687166214	0.5638002157211304
1142	0.0018525581108406186	0.09364612400531769	0.5633683800697327
1143	0.001854351838119328	0.09439433366060257	0.5641351342201233
1144	0.0018553704721853137	0.09377976506948471	0.5634085536003113
1145	0.0018529813969507813	0.09393921494483948	0.5635160207748413
1146	0.0018528520595282316	0.0943615511059761	0.5638169050216675
1147	0.001854108413681388	0.09387465566396713	0.5631141662597656
1148	0.0018530082888901234	0.09414863586425781	0.5635878443717957
1149	0.0018525882624089718	0.09423848986625671	0.5634782314300537
1150	0.0018530923407524824	0.09398090839385986	0.5630673766136169
1151	0.0018526208586990833	0.09427360445261002	0.5634549856185913
1152	0.001852222834713757	0.09422087669372559	0.5632317662239075
1153	0.0018528015352785587	0.09413670748472214	0.5631492137908936
1154	0.0018524228362366557	0.09431033581495285	0.5631455183029175
1155	0.0018518114229664207	0.09427383542060852	0.5630297064781189
1156	0.0018522418104112148	0.09427839517593384	0.5630587339401245
1157	0.001852389657869935	0.09429427236318588	0.5629157423973083
1158	0.0018517834832891822	0.09443433582782745	0.562937319278717
1159	0.0018517066491767764	0.09431423246860504	0.562908947467804
1160	0.0018519762670621276	0.0943310335278511	0.5627675652503967
1161	0.0018517860444262624	0.09450331330299377	0.5628941655158997
1162	0.0018515725387260318	0.09434756636619568	0.5626338720321655
1163	0.0018516340060159564	0.09444055706262589	0.5627509951591492
1164	0.0018515173578634858	0.0945277214050293	0.562732458114624
1165	0.0018514195689931512	0.09438095986843109	0.5624460577964783
1166	0.0018514787079766393	0.09462714195251465	0.5626821517944336
1167	0.0018513902323320508	0.09452148526906967	0.56251460313797
1168	0.0018511958187445998	0.09447088837623596	0.5623471736907959
1169	0.0018512350507080555	0.09469139575958252	0.5625474452972412
1170	0.0018512704409658909	0.09454809129238129	0.562293291091919
1171	0.001851134467869997	0.09460405260324478	0.5623621940612793
1172	0.0018510553054511547	0.09470042586326599	0.5623354315757751
1173	0.0018510615918785334	0.09459472447633743	0.5621656775474548
1174	0.001850999891757965	0.09471316635608673	0.562269389629364
1175	0.001850953558459878	0.09471569210290909	0.5621552467346191
1176	0.0018509459914639592	0.09470900893211365	0.5620761513710022
1177	0.0018508794018998742	0.09473039209842682	0.5621179342269897
1178	0.0018508076900616288	0.09477230161428452	0.5620171427726746
1179	0.0018508153734728694	0.09478174149990082	0.5620114207267761
1180	0.0018508130451664329	0.09479633718729019	0.561924159526825
1181	0.00185076252091676	0.09483282268047333	0.5619730353355408
1182	0.0018507506465539336	0.0948287770152092	0.56182461977005
1183	0.0018507818458601832	0.09486155956983566	0.561866044998169
1184	0.001850818982347846	0.09492584317922592	0.5617747902870178
1185	0.001850913860835135	0.09481490403413773	0.5617659687995911
1186	0.0018511081580072641	0.0949864536523819	0.5616888403892517
1187	0.0018514173571020365	0.09488970041275024	0.561729371547699
1188	0.0018519229488447309	0.09497079998254776	0.5615264177322388
1189	0.0018528391374275088	0.09493847191333771	0.5617828965187073
1190	0.0018543455516919494	0.09501583874225616	0.5613309741020203
1191	0.0018569153035059571	0.09490003436803818	0.5617864727973938
1192	0.0018610156839713454	0.09509789198637009	0.5611797571182251
1193	0.0018679765053093433	0.09482311457395554	0.5618111491203308
1194	0.001878271927125752	0.09511341899633408	0.5609287023544312
1195	0.0018944346811622381	0.09472622722387314	0.5619298815727234
1196	0.0019131532171741128	0.09506714344024658	0.5606368780136108
1197	0.001934410654939711	0.09468082338571548	0.5620418787002563
1198	0.0019416583236306906	0.09506803750991821	0.5605992674827576
1199	0.0019292602082714438	0.09484942257404327	0.561913013458252
1200	0.0018934478284791112	0.0950051099061966	0.5611861348152161
1201	0.0018594381399452686	0.0950130820274353	0.5614556074142456
1202	0.0018515094416216016	0.09475723654031754	0.5617797374725342
1203	0.0018686567200347781	0.09495700150728226	0.5610412955284119
1204	0.0018873518565669656	0.09476147592067719	0.5620061159133911
1205	0.0018862090073525906	0.09489994496107101	0.5610178709030151
1206	0.001865699770860374	0.09502392262220383	0.5618057250976562
1207	0.0018512747483327985	0.09473668038845062	0.5614612698554993
1208	0.0018564644269645214	0.09510981291532516	0.561156690120697
1209	0.0018692517187446356	0.09472862631082535	0.5617478489875793
1210	0.0018707601120695472	0.09495465457439423	0.5611307621002197
1211	0.0018586231162771583	0.0949842631816864	0.5617091655731201
1212	0.0018504129257053137	0.0947052463889122	0.5613807439804077
1213	0.001854890724644065	0.09519659727811813	0.5612150430679321
1214	0.0018623467767611146	0.09470323473215103	0.5614331960678101
1215	0.0018609835533425212	0.09510578215122223	0.5611997246742249
1216	0.0018529030494391918	0.09495983272790909	0.5612621903419495
1217	0.0018499372527003288	0.09479091316461563	0.5614433288574219
1218	0.0018545032944530249	0.09512822329998016	0.5611653923988342
1219	0.0018578446470201015	0.09479407221078873	0.5613606572151184
1220	0.0018547801300883293	0.09512671828269958	0.5613285899162292
1221	0.0018502743914723396	0.09496952593326569	0.5610818862915039
1222	0.0018506126943975687	0.0949418917298317	0.5614195466041565
1223	0.0018539304146543145	0.09507661312818527	0.5609220266342163
1224	0.0018542384495958686	0.09501197934150696	0.561288058757782
1225	0.0018512285314500332	0.09502747654914856	0.5611374974250793
1226	0.0018494728719815612	0.0951201543211937	0.5610186457633972
1227	0.0018508501816540956	0.09497296810150146	0.5611553192138672
1228	0.0018525200430303812	0.0951557457447052	0.5608882904052734
1229	0.0018515854608267546	0.0951092541217804	0.5610692501068115
1230	0.0018496692646294832	0.09504367411136627	0.5609192252159119
1231	0.0018495020922273397	0.09522742033004761	0.5608859062194824
1232	0.001850732951425016	0.09499786049127579	0.5608670115470886
1233	0.001851161359809339	0.09528995305299759	0.5608395934104919
1234	0.0018500856822356582	0.0951114073395729	0.560729444026947
1235	0.0018491930095478892	0.0951995700597763	0.5608856081962585
1236	0.0018495513359084725	0.09518621861934662	0.5606021285057068
1237	0.0018502536695450544	0.0952150821685791	0.5608513355255127
1238	0.00185013294685632	0.0951942428946495	0.5605480670928955
1239	0.0018493677489459515	0.09531176090240479	0.5607378482818604
1240	0.0018490885850042105	0.09511405974626541	0.5605068206787109
1241	0.0018495082622393966	0.09543569386005402	0.5606186389923096
1242	0.0018498541321605444	0.09512685984373093	0.5604141354560852
1243	0.0018496464472264051	0.09545900672674179	0.5606569051742554
1244	0.0018493096577003598	0.09514371305704117	0.5602431893348694
1245	0.001849450170993805	0.09549062699079514	0.5607220530509949
1246	0.0018500422593206167	0.09513329714536667	0.5600313544273376
1247	0.0018506655469536781	0.09564761072397232	0.5608236193656921
1248	0.0018513689283281565	0.09493935853242874	0.5597900152206421
1249	0.0018527003703638911	0.09594311565160751	0.5610007643699646
1250	0.0018555116839706898	0.09463638812303543	0.5593971014022827
1251	0.0018606416415423155	0.09642639011144638	0.5614244341850281
1252	0.0018695020116865635	0.09412587434053421	0.5586138963699341
1253	0.0018851610366255045	0.0971064493060112	0.5623071789741516
1254	0.0019124392420053482	0.09330670535564423	0.5573191046714783
1255	0.0019584966357797384	0.09807530790567398	0.5637199282646179
1256	0.0020244147162884474	0.09236160665750504	0.5557008981704712
1257	0.0021106661297380924	0.09853167086839676	0.5649802684783936
1258	0.002147605177015066	0.0923348143696785	0.5557643175125122
1259	0.0021456675603985786	0.09710053354501724	0.5639468431472778
1260	0.00199312181212008	0.09427787363529205	0.5602200627326965
1261	0.0018771536415442824	0.09420081228017807	0.5600776076316833
1262	0.0018699936335906386	0.09613806754350662	0.5638535618782043
1263	0.0019434195710346103	0.09287647157907486	0.5579183101654053
1264	0.0020001314114779234	0.09606326371431351	0.5633577108383179
1265	0.0019359816797077656	0.09403736889362335	0.5610683560371399
1266	0.0018694951431825757	0.09419392794370651	0.5604543685913086
1267	0.0018736125202849507	0.0953688845038414	0.5636213421821594
1268	0.0019134306348860264	0.09319543838500977	0.559742271900177
1269	0.0019228216260671616	0.09511415660381317	0.5629210472106934
1270	0.0018791273469105363	0.09412793815135956	0.562496542930603
1271	0.0018649966223165393	0.09392936527729034	0.5608901977539062
1272	0.0018887034384533763	0.09489957988262177	0.5636994242668152
1273	0.0018899147398769855	0.09347228705883026	0.5613327026367188
1274	0.0018716128543019295	0.09458574652671814	0.562543511390686
1275	0.0018632698338478804	0.09400264173746109	0.5634539723396301
1276	0.0018726345151662827	0.0936448723077774	0.5616763830184937
1277	0.0018756561912596226	0.09448633342981339	0.5636334419250488
1278	0.0018622560892254114	0.0935773253440857	0.5626443028450012
1279	0.0018605313962325454	0.0943000316619873	0.562473475933075
1280	0.0018695826875045896	0.09424164146184921	0.5637649893760681
1281	0.0018644760129973292	0.09364500641822815	0.562185525894165
1282	0.001855736132711172	0.09439678490161896	0.5632628202438354
1283	0.0018579363822937012	0.09369631111621857	0.5633869171142578
1284	0.0018625586526468396	0.09393429011106491	0.5624048709869385
1285	0.0018593966960906982	0.09428181499242783	0.563668429851532
1286	0.0018532336689531803	0.09353546053171158	0.5627710819244385
1287	0.001854990259744227	0.09429001063108444	0.5628292560577393
1288	0.0018589243991300464	0.09415420144796371	0.5635055303573608
1289	0.001855926588177681	0.09375006705522537	0.5624024868011475
1290	0.0018523182952776551	0.0943615734577179	0.5632615685462952
1291	0.0018533790716901422	0.09380432218313217	0.5630571246147156
1292	0.0018547127256169915	0.09404662251472473	0.5623494386672974
1293	0.0018537259893491864	0.094406858086586	0.5632889866828918
1294	0.001852179178968072	0.09378820657730103	0.5625196099281311
1295	0.0018516574054956436	0.09430501610040665	0.5625088214874268
1296	0.0018522118916735053	0.09428869187831879	0.5629425644874573
1297	0.0018525111954659224	0.09401409327983856	0.5621586441993713
1298	0.0018517986172810197	0.09448552876710892	0.5627371072769165
1299	0.0018507948843762279	0.09410643577575684	0.5625669956207275
1300	0.0018507193308323622	0.09420591592788696	0.5620472431182861
1301	0.0018513997783884406	0.09453314542770386	0.5626571774482727
1302	0.0018512915121391416	0.0941527783870697	0.5621455907821655
1303	0.0018502308521419764	0.09439661353826523	0.5620562434196472
1304	0.001850032713264227	0.09444233030080795	0.5623799562454224
1305	0.0018505697371438146	0.09428907185792923	0.5618945360183716
1306	0.0018505033804103732	0.09453855454921722	0.5621084570884705
1307	0.0018499331781640649	0.09438396990299225	0.5620843768119812
1308	0.0018497827695682645	0.09438253194093704	0.5617960095405579
1309	0.0018498882418498397	0.09454414993524551	0.5620710849761963
1310	0.001849789754487574	0.09444911032915115	0.561866044998169
1311	0.001849686959758401	0.0945252999663353	0.561724841594696
1312	0.0018496783450245857	0.09455415606498718	0.5618895888328552
1313	0.0018494793912395835	0.09452132880687714	0.5616744160652161
1314	0.0018492622766643763	0.09459537267684937	0.5616148710250854
1315	0.0018493710085749626	0.09462598711252213	0.5617148876190186
1316	0.001849506632424891	0.09460258483886719	0.5615671277046204
1317	0.001849253079853952	0.09461584687232971	0.5615505576133728
1318	0.001848976593464613	0.0946735069155693	0.5615758895874023
1319	0.0018490528455004096	0.09463971853256226	0.5614175796508789
1320	0.001849211985245347	0.09468643367290497	0.561481773853302
1321	0.0018490840448066592	0.09473327547311783	0.5614294409751892
1322	0.0018488573841750622	0.09468375146389008	0.5612742900848389
1323	0.0018488205969333649	0.09477561712265015	0.5614052414894104
1324	0.001848895102739334	0.09476526081562042	0.5612576007843018
1325	0.0018488757777959108	0.09476164728403091	0.5611742734909058
1326	0.001848772750236094	0.0948382318019867	0.561264157295227
1327	0.0018486797343939543	0.09478874504566193	0.5611028075218201
1328	0.0018486479530110955	0.09486343711614609	0.5611235499382019
1329	0.0018486528424546123	0.09489437192678452	0.5610872507095337
1330	0.0018486350309103727	0.09484554827213287	0.5609951019287109
1331	0.0018485654145479202	0.09491375833749771	0.5610385537147522
1332	0.0018484878819435835	0.0949275866150856	0.5609369277954102
1333	0.0018484632018953562	0.09492688626050949	0.5609081387519836
1334	0.0018484643660485744	0.0949648916721344	0.5609131455421448
1335	0.0018484272295609117	0.09496690332889557	0.5608386993408203
1336	0.0018483643652871251	0.0949864313006401	0.5607985854148865
1337	0.0018483235035091639	0.09503619372844696	0.5607904195785522
1338	0.0018483037129044533	0.09501466155052185	0.5607349276542664
1339	0.0018482712330296636	0.09504719078540802	0.5606884956359863
1340	0.0018482304876670241	0.09508677572011948	0.5606831908226013
1341	0.0018482002196833491	0.09505878388881683	0.5606104135513306
1342	0.0018481726292520761	0.09512295573949814	0.5606008768081665
1343	0.0018481318838894367	0.09510839730501175	0.5605621337890625
1344	0.0018480916041880846	0.0951233059167862	0.5605061054229736
1345	0.0018480649450793862	0.09517720341682434	0.5605151653289795
1346	0.0018480427097529173	0.09514980018138885	0.5604453682899475
1347	0.0018480095313861966	0.09519699960947037	0.5604133605957031
1348	0.0018479699501767755	0.09520159661769867	0.5604080557823181
1349	0.0018479354912415147	0.09521269798278809	0.5603405833244324
1350	0.0018479073187336326	0.09524901956319809	0.560322642326355
1351	0.0018478803103789687	0.09524498134851456	0.5603034496307373
1352	0.0018478510901331902	0.09526684880256653	0.5602360367774963
1353	0.0018478190759196877	0.09528815746307373	0.5602421760559082
1354	0.0018477848498150706	0.09529419988393784	0.5601811408996582
1355	0.0018477519042789936	0.09532138705253601	0.5601498484611511
1356	0.0018477244302630424	0.09533485770225525	0.5601422786712646
1357	0.0018476990517228842	0.09534655511379242	0.5600643754005432
1358	0.0018476694822311401	0.09536975622177124	0.5600706934928894
1359	0.0018476360710337758	0.09537903964519501	0.5600206851959229
1360	0.0018476026598364115	0.09539977461099625	0.5599812865257263
1361	0.0018475753022357821	0.09541109204292297	0.5599685311317444
1362	0.001847549108788371	0.0954335555434227	0.5599214434623718
1363	0.0018475201213732362	0.09543919563293457	0.5598926544189453
1364	0.0018474896205589175	0.095469631254673	0.5598704218864441
1365	0.001847459003329277	0.0954674556851387	0.5598154067993164
1366	0.001847430132329464	0.09549605846405029	0.5598145723342896
1367	0.0018474016105756164	0.09550486505031586	0.5597564578056335
1368	0.0018473734380677342	0.0955236479640007	0.5597373843193054
1369	0.0018473451491445303	0.0955381691455841	0.5597026348114014
1370	0.0018473174422979355	0.09555558860301971	0.5596743822097778
1371	0.0018472885712981224	0.09556268900632858	0.5596329569816589
1372	0.0018472602823749185	0.09559649229049683	0.5596228837966919
1373	0.0018472331576049328	0.09558121860027313	0.5595628619194031
1374	0.0018472066149115562	0.09563425928354263	0.5595732927322388
1375	0.001847181818448007	0.09560440480709076	0.5594912171363831
1376	0.0018471581861376762	0.09567288309335709	0.5595226287841797
1377	0.001847138861194253	0.09562027454376221	0.5594148635864258
1378	0.0018471278017386794	0.09572391211986542	0.5594871640205383
1379	0.0018471319926902652	0.09561578929424286	0.5593148469924927
1380	0.0018471693620085716	0.09580264985561371	0.5594915151596069
1381	0.0018472744850441813	0.09556742757558823	0.5591644644737244
1382	0.001847525010816753	0.09594139456748962	0.5595592260360718
1383	0.001848079962655902	0.09543224424123764	0.5589199066162109
1384	0.001849313615821302	0.0962071567773819	0.5597752332687378
1385	0.0018520107259973884	0.0950995534658432	0.5584441423416138
1386	0.0018580873729661107	0.09676601737737656	0.5603346228599548
1387	0.0018713173922151327	0.09431815147399902	0.55742347240448
1388	0.0019016398582607508	0.0979250967502594	0.5616254806518555
1389	0.001963905058801174	0.09268868714570999	0.5552204847335815
1390	0.002101209247484803	0.09967132657766342	0.5640392899513245
1391	0.002302851527929306	0.09043821692466736	0.5519766211509705
1392	0.002657803939655423	0.09966882318258286	0.5666553974151611
1393	0.002565815346315503	0.0915350392460823	0.5546447038650513
1394	0.002319837687537074	0.09457289427518845	0.5628438591957092
1395	0.001904818695038557	0.09541718661785126	0.5660198926925659
1396	0.002149166539311409	0.09091424942016602	0.5548296570777893
1397	0.002428608015179634	0.09602021425962448	0.5649386048316956
1398	0.002047858200967312	0.09252109378576279	0.5628737807273865
1399	0.002085561864078045	0.09198807924985886	0.5591338872909546
1400	0.0023654294200241566	0.09446918964385986	0.5649150013923645
1401	0.0019844486378133297	0.09207301586866379	0.5623249411582947
1402	0.002095822710543871	0.09196440875530243	0.5627893805503845
1403	0.0022844152990728617	0.09199517965316772	0.5670556426048279
1404	0.0019667414017021656	0.09248142689466476	0.5649453401565552
1405	0.0022477717138826847	0.09165342152118683	0.5638890266418457
1406	0.0021079687867313623	0.089405857026577	0.568990170955658
1407	0.0020669065415859222	0.09484424442052841	0.5656203031539917
1408	0.0022168897558003664	0.09108046442270279	0.5612033009529114
1409	0.0019963523373007774	0.0890902653336525	0.571384608745575
1410	0.002171013504266739	0.09353990852832794	0.5715498328208923
1411	0.0019585404079407454	0.08748923987150192	0.5629920363426208
1412	0.0022336039692163467	0.09394276887178421	0.5723722577095032
1413	0.002108354587107897	0.08985882252454758	0.5719047784805298
1414	0.0021303740795701742	0.09105761349201202	0.5643599629402161
1415	0.0020457098726183176	0.09199866652488708	0.5662088990211487
1416	0.0020964154973626137	0.08822385966777802	0.5715937614440918
1417	0.0020174956880509853	0.09064804762601852	0.5713504552841187
1418	0.0019874838180840015	0.0922621488571167	0.5670705437660217
1419	0.0019846109207719564	0.09070824831724167	0.566108226776123
1420	0.001990425167605281	0.09027178585529327	0.5718714594841003
1421	0.0019575173500925303	0.08808764815330505	0.5743920803070068
1422	0.001991663360968232	0.09047283977270126	0.5708543062210083
1423	0.0019113178132101893	0.09126400947570801	0.5679348111152649
1424	0.0019600128289312124	0.09105028212070465	0.570009171962738
1425	0.001908118836581707	0.0895501971244812	0.5729854702949524
1426	0.001960431458428502	0.09070587158203125	0.5709373354911804
1427	0.0018867547623813152	0.090181365609169	0.5679967999458313
1428	0.0019403042970225215	0.09144528210163116	0.5703182220458984
1429	0.001896130503155291	0.08914145827293396	0.5719308853149414
1430	0.0019160315860062838	0.0899934247136116	0.5721015334129333
1431	0.0018797453958541155	0.0913635864853859	0.5696697235107422
1432	0.0019052495481446385	0.09096841514110565	0.5680155754089355
1433	0.0018875034293159842	0.09062447398900986	0.5719099640846252
1434	0.001877835369668901	0.08944915980100632	0.5735093951225281
1435	0.001892609754577279	0.09024222940206528	0.5698750615119934
1436	0.001868811552412808	0.09158753603696823	0.5685600638389587
1437	0.0018872171640396118	0.09072917699813843	0.5702688097953796
1438	0.001860728720203042	0.08940529823303223	0.5714935660362244
1439	0.0018850119085982442	0.09128772467374802	0.5703173875808716
1440	0.0018637663451954722	0.09091757237911224	0.5680946707725525
1441	0.0018724254332482815	0.0910721868276596	0.5695076584815979
1442	0.0018655273597687483	0.09072376042604446	0.5710992217063904
1443	0.0018637062748894095	0.09017906337976456	0.570327877998352
1444	0.0018667866243049502	0.09151998907327652	0.5694300532341003
1445	0.0018611688865348697	0.09133193641901016	0.5683128237724304
1446	0.0018638961482793093	0.09098326414823532	0.5694110989570618
1447	0.0018578714225441217	0.09095792472362518	0.5711948275566101
1448	0.0018631680868566036	0.09054967015981674	0.5698902010917664
1449	0.0018572112312540412	0.09117718786001205	0.5685713291168213
1450	0.001859849551692605	0.09153947234153748	0.5689276456832886
1451	0.0018565632635727525	0.09087512642145157	0.569370687007904
1452	0.0018579488387331367	0.09131400287151337	0.5697150826454163
1453	0.00185798027087003	0.09130716323852539	0.568751871585846
1454	0.0018539780285209417	0.0910990908741951	0.5680792331695557
1455	0.0018576431320980191	0.09157396107912064	0.5688447952270508
1456	0.0018543459009379148	0.09114864468574524	0.5690827965736389
1457	0.001856328104622662	0.09122677892446518	0.5690061450004578
1458	0.001853858819231391	0.09152593463659286	0.5683525204658508
1459	0.001854103640653193	0.09148632735013962	0.5680107474327087
1460	0.0018546596402302384	0.09146289527416229	0.5688320994377136
1461	0.0018534432165324688	0.09115884453058243	0.5689114928245544
1462	0.0018541377503424883	0.0915277898311615	0.5682805776596069
1463	0.0018525593914091587	0.09179018437862396	0.5678825378417969
1464	0.0018536923453211784	0.09148652851581573	0.5680129528045654
1465	0.0018526142230257392	0.0915767177939415	0.5684752464294434
1466	0.001853044843301177	0.0915621891617775	0.568143904209137
1467	0.0018523361068218946	0.09159724414348602	0.5677939057350159
1468	0.0018524450715631247	0.0918060764670372	0.5679555535316467
1469	0.001852498622611165	0.09157266467809677	0.5679508447647095
1470	0.0018520370358601213	0.0916961282491684	0.5681008696556091
1471	0.0018521404126659036	0.09184678643941879	0.5677552819252014
1472	0.001851638313382864	0.09178094565868378	0.5673121213912964
1473	0.0018521505407989025	0.09191126376390457	0.5677168369293213
1474	0.001851582434028387	0.09170835465192795	0.5678901672363281
1475	0.0018516560085117817	0.09178102761507034	0.567775309085846
1476	0.0018514740513637662	0.09192482382059097	0.5675653219223022
1477	0.00185141630936414	0.09176641702651978	0.5673708915710449
1478	0.0018514987314119935	0.09194300323724747	0.5676296353340149
1479	0.0018511735834181309	0.09194222837686539	0.5675666332244873
1480	0.0018512833630666137	0.09190232306718826	0.5672873258590698
1481	0.0018510438967496157	0.09206397831439972	0.5672171711921692
1482	0.0018511597299948335	0.09197910130023956	0.567153811454773
1483	0.0018509789370000362	0.09196720272302628	0.5673324465751648
1484	0.0018509753281250596	0.09201650321483612	0.5673092603683472
1485	0.001850842498242855	0.09208648651838303	0.5670107007026672
1486	0.0018508258508518338	0.09217612445354462	0.5669576525688171
1487	0.0018508397042751312	0.09207174181938171	0.5670444965362549
1488	0.0018506633350625634	0.09209872782230377	0.5671172142028809
1489	0.001850708620622754	0.09215572476387024	0.5669538974761963
1490	0.0018505726475268602	0.09217370301485062	0.5667887926101685
1491	0.00185060640797019	0.09224343299865723	0.5668410062789917
1492	0.001850512227974832	0.09216471016407013	0.5668370127677917
1493	0.0018504855688661337	0.0922146812081337	0.5668577551841736
1494	0.0018504159525036812	0.09227585792541504	0.5667268633842468
1495	0.001850383123382926	0.09225426614284515	0.5665749311447144
1496	0.0018503485480323434	0.09231546521186829	0.5666754841804504
1497	0.0018502947641536593	0.09229648113250732	0.5666419863700867
1498	0.0018502697348594666	0.09235666692256927	0.5665158033370972
1499	0.001850186032243073	0.0923992246389389	0.5664206743240356
1500	0.0018501937156543136	0.09238030016422272	0.5664125680923462
1501	0.0018501401646062732	0.09236466139554977	0.566444993019104
1502	0.0018501152517274022	0.09237971156835556	0.566482424736023
1503	0.0018501108279451728	0.09239981323480606	0.566469132900238
1504	0.0018500888254493475	0.0924004390835762	0.5663989186286926
1505	0.001850056927651167	0.09240041673183441	0.5663316249847412
1506	0.0018500462174415588	0.0924215167760849	0.566318690776825
1507	0.001850030035711825	0.0924449935555458	0.5663403272628784
1508	0.0018500008154660463	0.09244511276483536	0.5663443803787231
1509	0.001849984866566956	0.09243711084127426	0.5663148164749146
1510	0.0018499729922041297	0.09245257824659348	0.5662723779678345
1511	0.0018499452853575349	0.09248621761798859	0.5662326812744141
1512	0.001849927706643939	0.09250452369451523	0.5661978721618652
1513	0.0018499135039746761	0.09249766170978546	0.5661790370941162
1514	0.0018498925492167473	0.09248930960893631	0.5661864280700684
1515	0.0018498720601201057	0.0924970805644989	0.5662000179290771
1516	0.0018498568097129464	0.0925130695104599	0.5661824941635132
1517	0.001849840278737247	0.09252665191888809	0.5661281943321228
1518	0.001849817344918847	0.0925404354929924	0.5660749673843384
1519	0.0018498027930036187	0.09255571663379669	0.566055953502655
1520	0.001849786494858563	0.09256324172019958	0.5660626888275146
1521	0.0018497654236853123	0.09256057441234589	0.5660632848739624
1522	0.0018497488927096128	0.09256164729595184	0.5660417079925537
1523	0.0018497335258871317	0.09257706999778748	0.5660057663917542
1524	0.0018497140845283866	0.09259781241416931	0.5659688711166382
1525	0.0018496970878913999	0.09260987490415573	0.5659401416778564
1526	0.0018496804405003786	0.09261371940374374	0.5659244060516357
1527	0.0018496628617867827	0.09261883050203323	0.565918505191803
1528	0.0018496440025046468	0.09262779355049133	0.5659096837043762
1529	0.0018496287520974874	0.092636838555336	0.5658877491950989
1530	0.0018496117554605007	0.0926460325717926	0.5658558011054993
1531	0.0018495937110856175	0.09265779703855515	0.5658258199691772
1532	0.0018495776457712054	0.09266925603151321	0.5658043622970581
1533	0.0018495607655495405	0.09267601370811462	0.5657894611358643
1534	0.0018495437689125538	0.09268102794885635	0.5657768845558167
1535	0.0018495272379368544	0.09269057214260101	0.5657616853713989
1536	0.0018495109397917986	0.0927036926150322	0.5657381415367126
1537	0.001849493244662881	0.09271406382322311	0.5657069087028503
1538	0.001849476364441216	0.09272068738937378	0.5656782984733582
1539	0.0018494604155421257	0.09272846579551697	0.5656620860099792
1540	0.0018494436517357826	0.09273860603570938	0.5656540989875793
1541	0.0018494267715141177	0.09274715930223465	0.5656408667564392
1542	0.0018494107061997056	0.09275353699922562	0.56561678647995
1543	0.001849394291639328	0.09276243299245834	0.5655890107154846
1544	0.001849377527832985	0.09277518838644028	0.5655655264854431
1545	0.0018493608804419637	0.09278673678636551	0.5655457973480225
1546	0.001849345164373517	0.09279384464025497	0.5655261278152466
1547	0.001849328982643783	0.09280005097389221	0.5655071139335632
1548	0.0018493125680834055	0.09280940890312195	0.5654889345169067
1549	0.001849296735599637	0.0928201973438263	0.5654690265655518
1550	0.0018492800882086158	0.0928291380405426	0.5654451251029968
1551	0.0018492642557248473	0.09283693134784698	0.5654216408729553
1552	0.0018492484232410789	0.09284596890211105	0.5654031038284302
1553	0.0018492323579266667	0.0928552970290184	0.5653878450393677
1554	0.0018492159433662891	0.09286291897296906	0.5653701424598694
1555	0.0018491996452212334	0.09287010133266449	0.5653480887413025
1556	0.001849184394814074	0.09287984669208527	0.5653247237205505
1557	0.0018491677474230528	0.09289125353097916	0.5653026103973389
1558	0.0018491522641852498	0.092900849878788	0.5652817487716675
1559	0.0018491356167942286	0.09290817379951477	0.5652624368667603
1560	0.0018491203663870692	0.09291595965623856	0.565244197845459
1561	0.001849104417487979	0.09292533993721008	0.5652249455451965
1562	0.0018490883521735668	0.09293470531702042	0.5652033686637878
1563	0.001849072752520442	0.09294313192367554	0.565180778503418
1564	0.0018490571528673172	0.09295161813497543	0.56516033411026
1565	0.0018490413203835487	0.09296064078807831	0.5651424527168274
1566	0.0018490259535610676	0.09296928346157074	0.5651247501373291
1567	0.0018490100046619773	0.09297748655080795	0.5651047825813293
1568	0.0018489946378394961	0.09298631548881531	0.5650834441184998
1569	0.0018489791546016932	0.09299588203430176	0.5650622248649597
1570	0.001848963089287281	0.09300494939088821	0.5650414824485779
1571	0.0018489479552954435	0.09301313012838364	0.5650214552879333
1572	0.0018489320063963532	0.09302138537168503	0.5650026202201843
1573	0.0018489168724045157	0.0930304303765297	0.5649840831756592
1574	0.0018489013891667128	0.09303956478834152	0.5649647116661072
1575	0.0018488853238523006	0.093048095703125	0.5649436712265015
1576	0.0018488699570298195	0.09305647015571594	0.5649227499961853
1577	0.001848855521529913	0.09306509047746658	0.5649034380912781
1578	0.001848839339800179	0.09307374805212021	0.5648851990699768
1579	0.0018488239729776978	0.0930820181965828	0.5648664236068726
1580	0.0018488088389858603	0.09309030324220657	0.5648465752601624
1581	0.001848793588578701	0.09309914708137512	0.5648259520530701
1582	0.0018487779889255762	0.09310824424028397	0.564805269241333
1583	0.0018487628549337387	0.09311691671609879	0.564785361289978
1584	0.0018487480701878667	0.09312518686056137	0.5647664070129395
1585	0.00184873235411942	0.09313354641199112	0.5647478103637695
1586	0.001848717569373548	0.09314201027154922	0.5647289156913757
1587	0.0018487023189663887	0.09315044432878494	0.5647092461585999
1588	0.0018486871849745512	0.09315889328718185	0.5646890997886658
1589	0.0018486724002286792	0.0931674987077713	0.5646694898605347
1590	0.0018486566841602325	0.09317605942487717	0.564650297164917
1591	0.0018486418994143605	0.09318428486585617	0.5646313428878784
1592	0.001848626765422523	0.09319256246089935	0.5646122694015503
1593	0.001848611980676651	0.09320121258497238	0.5645928978919983
1594	0.001848597195930779	0.09320990741252899	0.5645731687545776
1595	0.0018485819455236197	0.09321823716163635	0.564553439617157
1596	0.0018485668115317822	0.09322649985551834	0.5645341277122498
1597	0.0018485516775399446	0.09323491901159286	0.5645153522491455
1598	0.0018485371256247163	0.09324324131011963	0.5644968152046204
1599	0.0018485219916328788	0.09325134754180908	0.5644776225090027
1600	0.0018485072068870068	0.0932595506310463	0.5644580125808716
1601	0.0018484919564798474	0.09326805919408798	0.5644387602806091
1602	0.0018484777538105845	0.09327656030654907	0.5644198656082153
1603	0.001848462619818747	0.09328476339578629	0.5644009113311768
1604	0.0018484479514881968	0.09329290688037872	0.5643818378448486
1605	0.0018484331667423248	0.09330127388238907	0.564362645149231
1606	0.0018484186148270965	0.0933096706867218	0.5643434524536133
1607	0.00184840417932719	0.09331793338060379	0.5643240213394165
1608	0.0018483891617506742	0.09332609176635742	0.5643046498298645
1609	0.0018483747262507677	0.09333441406488419	0.5642857551574707
1610	0.0018483601743355393	0.09334278106689453	0.5642666816711426
1611	0.0018483451567590237	0.09335098415613174	0.5642477869987488
1612	0.0018483307212591171	0.09335927665233612	0.5642285346984863
1613	0.001848315936513245	0.09336762875318527	0.5642091035842896
1614	0.0018483015010133386	0.0933758020401001	0.5641897320747375
1615	0.0018482865998521447	0.09338395297527313	0.5641704797744751
1616	0.0018482719315215945	0.09339224547147751	0.5641517043113708
1617	0.0018482571467757225	0.09340055286884308	0.5641325116157532
1618	0.001848242711275816	0.09340881556272507	0.5641134977340698
1619	0.001848228508606553	0.09341705590486526	0.5640941262245178
1620	0.0018482140731066465	0.09342530369758606	0.564074695110321
1621	0.0018481991719454527	0.09343347698450089	0.5640554428100586
1622	0.001848184852860868	0.09344161301851273	0.5640360713005066
1623	0.0018481703009456396	0.09344975650310516	0.5640169382095337
1624	0.0018481556326150894	0.09345795214176178	0.5639976263046265
1625	0.0018481415463611484	0.0934661477804184	0.5639785528182983
1626	0.0018481271108612418	0.09347427636384964	0.563959538936615
1627	0.0018481123261153698	0.0934823751449585	0.5639404654502869
1628	0.001848098123446107	0.09349037706851959	0.5639212727546692
1629	0.0018480836879462004	0.0934983640909195	0.5639021396636963
1630	0.0018480696016922593	0.09350644052028656	0.5638828873634338
1631	0.0018480551661923528	0.09351456165313721	0.5638638734817505
1632	0.0018480410799384117	0.09352264553308487	0.5638447999954224
1633	0.0018480271100997925	0.09353070706129074	0.5638259649276733
1634	0.0018480124417692423	0.09353870153427124	0.5638072490692139
1635	0.0018479985883459449	0.09354664385318756	0.5637885928153992
1636	0.0018479838036000729	0.09355463087558746	0.5637696981430054
1637	0.0018479694845154881	0.09356260299682617	0.5637508630752563
1638	0.0018479558639228344	0.09357054531574249	0.5637320280075073
1639	0.0018479417776688933	0.09357856959104538	0.5637133717536926
1640	0.0018479269929230213	0.09358657151460648	0.5636947751045227
1641	0.0018479126738384366	0.09359443932771683	0.563676118850708
1642	0.0018478984711691737	0.09360231459140778	0.5636574625968933
1643	0.0018478842684999108	0.0936102345585823	0.5636388659477234
1644	0.0018478711135685444	0.09361814707517624	0.563620388507843
1645	0.0018478564452379942	0.09362614154815674	0.5636016726493835
1646	0.0018478422425687313	0.09363403916358948	0.5635830163955688
1647	0.0018478281563147902	0.09364188462495804	0.5635645389556885
1648	0.0018478143028914928	0.09364981204271317	0.5635460019111633
1649	0.0018478002166375518	0.0936577320098877	0.5635276436805725
1650	0.0018477867124602199	0.09366556257009506	0.5635092854499817
1651	0.0018477723933756351	0.09367335587739944	0.5634907484054565
1652	0.001847758307121694	0.09368114173412323	0.5634725093841553
1653	0.0018477443372830749	0.09368899464607239	0.5634542107582092
1654	0.0018477303674444556	0.09369669109582901	0.5634357333183289
1655	0.0018477165140211582	0.09370427578687668	0.5634170174598694
1656	0.0018477024277672172	0.09371203184127808	0.5633986592292786
1657	0.0018476886907592416	0.09371989965438843	0.5633804202079773
1658	0.0018476747209206223	0.09372767806053162	0.5633621215820312
1659	0.0018476609839126468	0.09373535960912704	0.5633436441421509
1660	0.0018476468976587057	0.09374312311410904	0.5633252859115601
1661	0.0018476331606507301	0.09375094622373581	0.5633068680763245
1662	0.001847619074396789	0.09375875443220139	0.5632884502410889
1663	0.0018476058030501008	0.09376645088195801	0.5632697939872742
1664	0.0018475920660421252	0.09377412497997284	0.5632513165473938
1665	0.0018475778633728623	0.09378190338611603	0.5632328987121582
1666	0.0018475641263648868	0.09378968179225922	0.5632147192955017
1667	0.0018475499236956239	0.09379734098911285	0.5631964802742004
1668	0.0018475365359336138	0.09380489587783813	0.5631781816482544
1669	0.0018475227989256382	0.09381251782178879	0.5631599426269531
1670	0.0018475090619176626	0.09382021427154541	0.5631418824195862
1671	0.0018474955577403307	0.09382781386375427	0.5631238222122192
1672	0.0018474811222404242	0.09383547306060791	0.5631055235862732
1673	0.0018474679673090577	0.09384307265281677	0.5630871653556824
1674	0.0018474537646397948	0.09385061264038086	0.5630688667297363
1675	0.0018474406097084284	0.0938582643866539	0.5630508065223694
1676	0.0018474271055310965	0.09386589378118515	0.5630326271057129
1677	0.0018474131356924772	0.09387342631816864	0.563014566898346
1678	0.0018473996315151453	0.09388095885515213	0.562996506690979
1679	0.001847385778091848	0.09388849884271622	0.5629786252975464
1680	0.0018473727395758033	0.09389610588550568	0.562960684299469
1681	0.001847359468229115	0.0939035639166832	0.562942624092102
1682	0.0018473457312211394	0.09391088783740997	0.5629243850708008
1683	0.0018473322270438075	0.09391841292381287	0.5629066824913025
1684	0.001847318490035832	0.09392601996660233	0.562889039516449
1685	0.0018473049858585	0.09393348544836044	0.5628711581230164
1686	0.0018472912488505244	0.09394082427024841	0.5628535151481628
1687	0.0018472778610885143	0.09394827485084534	0.5628359317779541
1688	0.001847264589741826	0.09395584464073181	0.5628183484077454
1689	0.001847251201979816	0.09396323561668396	0.5628001689910889
1690	0.0018472382798790932	0.09397047758102417	0.5627822875976562
1691	0.0018472238443791866	0.09397794306278229	0.5627645254135132
1692	0.0018472104566171765	0.09398548305034637	0.5627471208572388
1693	0.00184719730168581	0.09399285167455673	0.56272953748703
1694	0.0018471839139238	0.09400014579296112	0.5627117156982422
1695	0.0018471706425771117	0.09400752931833267	0.562694251537323
1696	0.0018471574876457453	0.09401503205299377	0.5626768469810486
1697	0.0018471437506377697	0.09402237832546234	0.5626591444015503
1698	0.0018471305957064033	0.09402965754270554	0.5626415014266968
1699	0.001847116625867784	0.09403703361749649	0.5626237392425537
1700	0.001847103820182383	0.09404448419809341	0.5626064538955688
1701	0.0018470901995897293	0.09405176341533661	0.5625893473625183
1702	0.0018470770446583629	0.09405893087387085	0.5625720620155334
1703	0.0018470643553882837	0.09406612813472748	0.5625547766685486
1704	0.0018470506183803082	0.0940733551979065	0.562537670135498
1705	0.0018470374634489417	0.09408065676689148	0.5625203251838684
1706	0.0018470241921022534	0.09408792108297348	0.5625028610229492
1707	0.0018470106879249215	0.09409517049789429	0.5624852776527405
1708	0.0018469974165782332	0.09410247206687927	0.5624678134918213
1709	0.0018469844944775105	0.09410982578992844	0.5624504685401917
1710	0.0018469711067155004	0.09411711245775223	0.5624328851699829
1711	0.0018469583010300994	0.09412434697151184	0.5624153017997742
1712	0.0018469450296834111	0.09413154423236847	0.5623978972434998
1713	0.001846931641921401	0.09413880109786987	0.5623807311058044
1714	0.001846918254159391	0.09414615482091904	0.5623633861541748
1715	0.0018469053320586681	0.09415338933467865	0.5623459219932556
1716	0.0018468921771273017	0.09416058659553528	0.5623286366462708
1717	0.001846879138611257	0.09416785091161728	0.5623114109039307
1718	0.0018468658672645688	0.09417518973350525	0.5622943639755249
1719	0.0018468528287485242	0.09418239444494247	0.5622772574424744
1720	0.0018468396738171577	0.09418949484825134	0.562260091304779
1721	0.0018468265188857913	0.09419671446084976	0.5622431635856628
1722	0.0018468134803697467	0.0942038744688034	0.5622262358665466
1723	0.001846800558269024	0.09421105682849884	0.5622091293334961
1724	0.0018467871705070138	0.09421821683645248	0.5621920824050903
1725	0.0018467743648216128	0.09422538429498672	0.5621752738952637
1726	0.001846760860644281	0.09423257410526276	0.5621581673622131
1727	0.0018467481713742018	0.09423969686031342	0.5621411204338074
1728	0.0018467349000275135	0.09424678236246109	0.5621241927146912
1729	0.001846722443588078	0.09425389766693115	0.5621073842048645
1730	0.0018467099871486425	0.09426093846559525	0.5620907545089722
1731	0.0018466964829713106	0.09426811337471008	0.5620738863945007
1732	0.001846683444455266	0.09427513182163239	0.5620566606521606
1733	0.0018466705223545432	0.09428201615810394	0.5620396733283997
1734	0.0018466571345925331	0.09428905695676804	0.5620232224464417
1735	0.0018466443289071321	0.09429618716239929	0.5620065331459045
1736	0.0018466315232217312	0.0943032056093216	0.5619899034500122
1737	0.0018466186011210084	0.0943102315068245	0.5619732737541199
1738	0.0018466055626049638	0.09431719779968262	0.5619566440582275
1739	0.0018465929897502065	0.09432429075241089	0.5619399547576904
1740	0.0018465796019881964	0.09433139860630035	0.5619232058525085
1741	0.0018465667963027954	0.09433837980031967	0.5619064569473267
1742	0.0018465539906173944	0.09434551745653152	0.5618899464607239
1743	0.0018465411849319935	0.09435281157493591	0.5618735551834106
1744	0.0018465281464159489	0.09435994178056717	0.5618572235107422
1745	0.001846514642238617	0.09436696767807007	0.5618407726287842
1746	0.0018465024186298251	0.0943741425871849	0.561824381351471
1747	0.0018464893801137805	0.09438131749629974	0.5618076920509338
1748	0.0018464768072590232	0.09438832849264145	0.561790943145752
1749	0.0018464642344042659	0.09439536929130554	0.5617745518684387
1750	0.001846451428718865	0.09440252184867859	0.5617583394050598
1751	0.001846438623033464	0.09440959990024567	0.5617421269416809
1752	0.001846425817348063	0.0944165587425232	0.5617259740829468
1753	0.0018464121967554092	0.09442359954118729	0.5617097616195679
1754	0.0018463993910700083	0.09443049877882004	0.561693549156189
1755	0.0018463865853846073	0.09443742781877518	0.5616771578788757
1756	0.0018463737796992064	0.0944444090127945	0.561660885810852
1757	0.0018463609740138054	0.0944514125585556	0.5616447329521179
1758	0.0018463489832356572	0.09445841610431671	0.561628520488739
1759	0.0018463353626430035	0.09446548670530319	0.5616123676300049
1760	0.0018463231390342116	0.09447246789932251	0.5615965127944946
1761	0.0018463103333488107	0.09447943419218063	0.5615803599357605
1762	0.0018462978769093752	0.09448634088039398	0.5615639686584473
1763	0.0018462853040546179	0.09449324011802673	0.5615478754043579
1764	0.0018462722655385733	0.09450016170740128	0.561531662940979
1765	0.001846259692683816	0.09450705349445343	0.5615155696868896
1766	0.001846246886998415	0.0945139229297638	0.5614995956420898
1767	0.0018462337320670485	0.09452084451913834	0.56148362159729
1768	0.0018462209263816476	0.09452773630619049	0.561467707157135
1769	0.001846208586357534	0.09453475475311279	0.5614516139030457
1770	0.001846195780672133	0.09454158693552017	0.561435341835022
1771	0.0018461828585714102	0.09454839676618576	0.5614189505577087
1772	0.0018461698200553656	0.0945553258061409	0.5614027976989746
1773	0.0018461577128618956	0.09456228464841843	0.5613868236541748
1774	0.0018461447907611728	0.0945691168308258	0.5613706111907959
1775	0.0018461323343217373	0.09457594156265259	0.5613547563552856
1776	0.0018461195286363363	0.09458288550376892	0.5613387823104858
1777	0.001846106955781579	0.09458968788385391	0.5613226890563965
1778	0.001846094848588109	0.09459646046161652	0.5613064169883728
1779	0.001846082042902708	0.09460326284170151	0.5612903833389282
1780	0.001846069237217307	0.09461008012294769	0.5612746477127075
1781	0.0018460561987012625	0.09461688995361328	0.561258852481842
1782	0.0018460439750924706	0.09462366253137589	0.5612431168556213
1783	0.0018460311694070697	0.09463051706552505	0.5612273812294006
1784	0.0018460183637216687	0.09463731199502945	0.5612114667892456
1785	0.0018460055580362678	0.0946439877152443	0.5611955523490906
1786	0.001845993334427476	0.09465072304010391	0.5611796379089355
1787	0.0018459808779880404	0.0946575254201889	0.5611639022827148
1788	0.0018459678394719958	0.09466423094272614	0.5611480474472046
1789	0.0018459552666172385	0.09467090666294098	0.5611323714256287
1790	0.0018459429265931249	0.09467773884534836	0.5611165761947632
1791	0.0018459305865690112	0.09468448907136917	0.5611008405685425
1792	0.0018459175480529666	0.09469106793403625	0.5610849261283875
1793	0.0018459050916135311	0.0946977511048317	0.5610692501068115
1794	0.0018458929844200611	0.09470460563898087	0.5610535144805908
1795	0.0018458801787346601	0.09471137076616287	0.5610376596450806
1796	0.0018458672566339374	0.09471801668405533	0.5610219240188599
1797	0.0018458549166098237	0.09472478926181793	0.5610062479972839
1798	0.00184584257658571	0.09473153203725815	0.5609904527664185
1799	0.001845829887315631	0.09473812580108643	0.5609745383262634
1800	0.0018458174308761954	0.0947447195649147	0.560958743095398
1801	0.0018458046251907945	0.09475135803222656	0.5609435439109802
1802	0.001845792168751359	0.09475801140069962	0.5609282851219177
1803	0.0018457799451425672	0.0947645902633667	0.5609127879142761
1804	0.0018457669066265225	0.09477118402719498	0.5608975291252136
1805	0.0018457546830177307	0.094777911901474	0.5608819723129272
1806	0.0018457422265782952	0.09478455036878586	0.5608661770820618
1807	0.0018457294208928943	0.09479112923145294	0.5608506202697754
1808	0.0018457177793607116	0.09479781240224838	0.560835063457489
1809	0.0018457045080140233	0.09480442106723785	0.5608196258544922
1810	0.001845691935159266	0.09481091052293777	0.5608041882514954
1811	0.001845679827965796	0.09481748193502426	0.5607890486717224
1812	0.0018456672551110387	0.09482418745756149	0.5607737302780151
1813	0.0018456541001796722	0.09483066946268082	0.5607582926750183
1814	0.0018456417601555586	0.09483706206083298	0.5607426166534424
1815	0.0018456291873008013	0.09484385699033737	0.5607272982597351
1816	0.0018456163816154003	0.0948505699634552	0.5607117414474487
1817	0.0018456042744219303	0.09485700726509094	0.560696005821228
1818	0.0018455921672284603	0.09486363083124161	0.560680627822876
1819	0.0018455793615430593	0.09487041085958481	0.5606653094291687
1820	0.0018455671379342675	0.09487675875425339	0.5606497526168823
1821	0.0018455545650795102	0.09488318115472794	0.5606343150138855
1822	0.0018455421086400747	0.0948898121714592	0.560619056224823
1823	0.0018455294193699956	0.0948963388800621	0.56060391664505
1824	0.0018455166136845946	0.09490270912647247	0.5605886578559875
1825	0.0018455047393217683	0.09490920603275299	0.5605737566947937
1826	0.0018454922828823328	0.09491577744483948	0.5605587363243103
1827	0.0018454794771969318	0.09492208063602448	0.5605435371398926
1828	0.0018454673700034618	0.0949285551905632	0.5605284571647644
1829	0.0018454545643180609	0.09493523091077805	0.5605133771896362
1830	0.001845442340709269	0.09494170546531677	0.560498058795929
1831	0.0018454298842698336	0.09494804590940475	0.5604828000068665
1832	0.0018454177770763636	0.09495460987091064	0.5604678392410278
1833	0.0018454052042216063	0.09496112167835236	0.5604527592658997
1834	0.0018453927477821708	0.09496753662824631	0.5604375600814819
1835	0.0018453802913427353	0.09497395902872086	0.560422420501709
1836	0.0018453678349032998	0.0949803963303566	0.5604074597358704
1837	0.0018453553784638643	0.09498678892850876	0.5603925585746765
1838	0.0018453429220244288	0.09499315172433853	0.5603775978088379
1839	0.0018453304655849934	0.09499958157539368	0.5603627562522888
1840	0.0018453181255608797	0.09500595182180405	0.5603481531143188
1841	0.001845305785536766	0.09501232951879501	0.560333251953125
1842	0.0018452926306053996	0.09501873701810837	0.5603180527687073
1843	0.0018452807562425733	0.09502512216567993	0.5603030323982239
1844	0.0018452682998031378	0.09503155201673508	0.5602879524230957
1845	0.0018452561926096678	0.09503793716430664	0.5602732300758362
1846	0.0018452443182468414	0.09504437446594238	0.5602583885192871
1847	0.0018452312797307968	0.09505077451467514	0.5602439045906067
1848	0.0018452187068760395	0.0950571745634079	0.5602291226387024
1849	0.0018452064832672477	0.0950634628534317	0.5602144598960876
1850	0.0018451943760737777	0.0950697585940361	0.5601997375488281
1851	0.0018451812211424112	0.0950760766863823	0.5601849555969238
1852	0.0018451693467795849	0.09508240222930908	0.5601704120635986
1853	0.0018451568903401494	0.0950886458158493	0.5601558685302734
1854	0.0018451445503160357	0.09509488940238953	0.5601412653923035
1855	0.0018451320938766003	0.09510129690170288	0.5601268410682678
1856	0.0018451196374371648	0.09510764479637146	0.5601120591163635
1857	0.0018451076466590166	0.0951138436794281	0.5600971579551697
1858	0.001845095306634903	0.09512019902467728	0.5600823163986206
1859	0.0018450827337801456	0.09512662887573242	0.5600678324699402
1860	0.0018450700445100665	0.09513294696807861	0.5600531697273254
1861	0.0018450578209012747	0.09513919800519943	0.5600388646125793
1862	0.0018450455972924829	0.09514550864696503	0.5600242614746094
1863	0.0018450331408530474	0.09515172988176346	0.5600094795227051
1864	0.0018450204515829682	0.09515789896249771	0.5599946975708008
1865	0.00184500846080482	0.0951642170548439	0.5599800944328308
1866	0.0018449960043653846	0.0951705351471901	0.5599656701087952
1867	0.0018449833150953054	0.09517676383256912	0.5599511861801147
1868	0.0018449710914865136	0.09518313407897949	0.5599367022514343
1869	0.0018449582858011127	0.09518945962190628	0.5599220991134644
1870	0.0018449467606842518	0.09519554674625397	0.5599074363708496
1871	0.0018449339549988508	0.09520173817873001	0.5598926544189453
1872	0.0018449214985594153	0.0952080711722374	0.559878408908844
1873	0.001844909624196589	0.09521440416574478	0.5598637461662292
1874	0.001844896818511188	0.09522059559822083	0.5598493218421936
1875	0.0018448844784870744	0.09522689133882523	0.5598347187042236
1876	0.0018448722548782825	0.09523323178291321	0.5598201751708984
1877	0.0018448603805154562	0.09523933380842209	0.5598053932189941
1878	0.0018448473419994116	0.09524555504322052	0.5597909688949585
1879	0.001844834885559976	0.09525202214717865	0.5597765445709229
1880	0.001844822894781828	0.09525825828313828	0.5597618818283081
1881	0.001844810089096427	0.09526446461677551	0.5597473978996277
1882	0.0018447983311489224	0.09527077525854111	0.559732973575592
1883	0.0018447852926328778	0.09527700394392014	0.5597184896469116
1884	0.0018447733018547297	0.09528308361768723	0.5597039461135864
1885	0.001844760961830616	0.09528925269842148	0.559689462184906
1886	0.0018447483889758587	0.09529560804367065	0.5596752166748047
1887	0.0018447362817823887	0.09530171751976013	0.5596608519554138
1888	0.0018447240581735969	0.09530782699584961	0.5596466064453125
1889	0.0018447116017341614	0.09531409293413162	0.559632420539856
1890	0.0018446992617100477	0.0953202024102211	0.5596181154251099
1891	0.0018446866888552904	0.0953262522816658	0.5596039891242981
1892	0.001844674232415855	0.09533265233039856	0.5595898032188416
1893	0.0018446617759764194	0.0953388586640358	0.5595752596855164
1894	0.0018446495523676276	0.09534483402967453	0.5595605373382568
1895	0.001844637212343514	0.09535116702318192	0.5595464110374451
1896	0.0018446248723194003	0.0953574851155281	0.5595323443412781
1897	0.0018446124158799648	0.09536346048116684	0.559518039226532
1898	0.0018445997266098857	0.09536968916654587	0.5595040321350098
1899	0.0018445876194164157	0.0953759253025055	0.559489905834198
1900	0.0018445753958076239	0.09538184106349945	0.5594754815101624
1901	0.0018445629393681884	0.09538791328668594	0.5594611763954163
1902	0.0018445508321747184	0.09539415687322617	0.559447169303894
1903	0.0018445386085659266	0.09540020674467087	0.5594330430030823
1904	0.001844526152126491	0.09540634602308273	0.5594191551208496
1905	0.0018445135792717338	0.09541257470846176	0.5594051480293274
1906	0.0018445011228322983	0.09541850537061691	0.5593911409378052
1907	0.0018444890156388283	0.09542449563741684	0.5593770146369934
1908	0.001844476442784071	0.09543076157569885	0.5593631267547607
1909	0.001844464335590601	0.09543678909540176	0.5593492984771729
1910	0.0018444511806592345	0.09544284641742706	0.5593352913856506
1911	0.0018444396555423737	0.0954490676522255	0.5593212842941284
1912	0.0018444271991029382	0.09545502066612244	0.559307336807251
1913	0.0018444143934175372	0.09546094387769699	0.5592934489250183
1914	0.0018444022862240672	0.0954669713973999	0.5592796206474304
1915	0.0018443898297846317	0.09547298401594162	0.5592658519744873
1916	0.0018443770240992308	0.0954790785908699	0.5592517256736755
1917	0.0018443649169057608	0.09548519551753998	0.5592376589775085
1918	0.001844352693296969	0.09549107402563095	0.5592237710952759
1919	0.001844339887611568	0.0954970121383667	0.559209942817688
1920	0.0018443281296640635	0.09550298750400543	0.5591961145401001
1921	0.0018443155568093061	0.09550895541906357	0.5591825246810913
1922	0.001844302867539227	0.09551499038934708	0.5591689348220825
1923	0.0018442902946844697	0.0955209732055664	0.5591550469398499
1924	0.0018442781874909997	0.09552676975727081	0.5591411590576172
1925	0.0018442657310515642	0.09553276747465134	0.5591272711753845
1926	0.0018442532746121287	0.09553875774145126	0.559113621711731
1927	0.0018442404689267278	0.0955447182059288	0.5590996146202087
1928	0.0018442285945639014	0.09555073082447052	0.5590859651565552
1929	0.0018442160217091441	0.09555666148662567	0.5590724945068359
1930	0.0018442035652697086	0.09556259959936142	0.5590587258338928
1931	0.001844191225245595	0.09556850045919418	0.5590448379516602
1932	0.0018441786523908377	0.09557431936264038	0.5590307712554932
1933	0.0018441664287820458	0.09558016806840897	0.55901700258255
1934	0.0018441537395119667	0.0955861508846283	0.559003472328186
1935	0.0018441411666572094	0.09559202194213867	0.558989942073822
1936	0.0018441290594637394	0.09559765458106995	0.5589760541915894
1937	0.0018441163701936603	0.09560353308916092	0.5589625239372253
1938	0.001844103797338903	0.09560943394899368	0.5589490532875061
1939	0.0018440912244841456	0.09561507403850555	0.5589355230331421
1940	0.0018440785352140665	0.09562081098556519	0.5589222311973572
1941	0.0018440666608512402	0.09562674909830093	0.5589086413383484
1942	0.0018440542044118047	0.09563247859477997	0.5588951110839844
1943	0.0018440410494804382	0.09563823789358139	0.5588815808296204
1944	0.0018440285930410028	0.09564407169818878	0.5588681101799011
1945	0.0018440157873556018	0.09564975649118423	0.5588546395301819
1946	0.0018440039129927754	0.09565545618534088	0.5588411092758179
1947	0.0018439912237226963	0.09566126018762589	0.558827817440033
1948	0.0018439795821905136	0.09566686302423477	0.5588143467903137
1949	0.0018439659615978599	0.09567278623580933	0.5588008165359497
1950	0.0018439536215737462	0.09567862004041672	0.5587874054908752
1951	0.0018439408158883452	0.09568412601947784	0.5587738752365112
1952	0.0018439283594489098	0.09568977355957031	0.5587604641914368
1953	0.0018439159030094743	0.09569554775953293	0.5587471127510071
1954	0.0018439032137393951	0.09570106118917465	0.5587337613105774
1955	0.0018438907572999597	0.0957067459821701	0.558720588684082
1956	0.0018438779516145587	0.09571253508329391	0.5587071180343628
1957	0.0018438660772517323	0.09571811556816101	0.5586934685707092
1958	0.001843852805905044	0.09572379291057587	0.5586801171302795
1959	0.0018438404658809304	0.09572938829660416	0.5586668848991394
1960	0.0018438278930261731	0.09573490172624588	0.558653712272644
1961	0.0018438154365867376	0.09574074298143387	0.5586404204368591
1962	0.0018438026309013367	0.09574642032384872	0.5586270093917847
1963	0.0018437904072925448	0.09575188905000687	0.558613657951355
1964	0.0018437779508531094	0.09575742483139038	0.5586007833480835
1965	0.001843764795921743	0.09576316177845001	0.5585877299308777
1966	0.0018437523394823074	0.09576881676912308	0.5585741996765137
1967	0.001843739883042872	0.09577444940805435	0.5585605502128601
1968	0.0018437268445268273	0.09578007459640503	0.5585471987724304
1969	0.0018437146209180355	0.09578563272953033	0.5585339665412903
1970	0.0018437023973092437	0.09579110890626907	0.5585208535194397
1971	0.001843689358793199	0.09579670429229736	0.5585078597068787
1972	0.0018436767859384418	0.09580233693122864	0.5584948062896729
1973	0.0018436639802530408	0.09580791741609573	0.5584813952445984
1974	0.0018436512909829617	0.09581350535154343	0.5584679841995239
1975	0.0018436388345435262	0.09581904858350754	0.5584546327590942
1976	0.0018436262616887689	0.09582448750734329	0.5584413409233093
1977	0.0018436131067574024	0.09583006054162979	0.5584284067153931
1978	0.0018436011159792542	0.09583571553230286	0.5584152936935425
1979	0.0018435879610478878	0.09584110230207443	0.5584020018577576
1980	0.0018435753881931305	0.09584663808345795	0.5583887696266174
1981	0.0018435631645843387	0.09585209935903549	0.5583757162094116
1982	0.0018435500096529722	0.0958574190735817	0.558362603187561
1983	0.0018435375532135367	0.09586304426193237	0.5583497285842896
1984	0.001843525213189423	0.09586870670318604	0.5583365559577942
1985	0.0018435122910887003	0.09587418287992477	0.5583229064941406
1986	0.0018434994854032993	0.0958796814084053	0.5583096146583557
1987	0.0018434866797178984	0.09588520228862762	0.5582965016365051
1988	0.0018434743396937847	0.09589049965143204	0.5582832098007202
1989	0.0018434621160849929	0.09589610993862152	0.558270275592804
1990	0.0018434483790770173	0.09590156376361847	0.5582573413848877
1991	0.0018434361554682255	0.09590689837932587	0.5582440495491028
1992	0.0018434233497828245	0.09591236710548401	0.5582308173179626
1993	0.00184341031126678	0.09591779857873917	0.5582177639007568
1994	0.0018433977384120226	0.09592323750257492	0.5582044720649719
1995	0.0018433849327266216	0.09592870622873306	0.5581915974617004
1996	0.0018433721270412207	0.09593421965837479	0.5581784844398499
1997	0.0018433592049404979	0.09593948721885681	0.5581652522087097
1998	0.001843346399255097	0.0959448590874672	0.558152437210083
1999	0.0018433333607390523	0.09595012664794922	0.5581396818161011
2000	0.001843320787884295	0.09595546871423721	0.55812668800354
2001	0.0018433080986142159	0.09596098214387894	0.558113694190979
2002	0.001843295176513493	0.09596626460552216	0.5581007599830627
2003	0.0018432821379974484	0.09597158432006836	0.5580878853797913
2004	0.0018432693323120475	0.09597699344158173	0.5580747127532959
2005	0.0018432567594572902	0.09598220884799957	0.5580617189407349
2006	0.00184324337169528	0.09598767012357712	0.5580488443374634
2007	0.0018432311480864882	0.09599309414625168	0.5580357909202576
2008	0.0018432179931551218	0.09599842131137848	0.558022677898407
2009	0.0018432053038850427	0.09600377827882767	0.5580097436904907
2010	0.0018431924981996417	0.09600897133350372	0.557996928691864
2011	0.0018431793432682753	0.0960143506526947	0.557983934879303
2012	0.0018431665375828743	0.09601983428001404	0.5579707026481628
2013	0.0018431530334055424	0.0960252434015274	0.557957649230957
2014	0.001843140576966107	0.09603050351142883	0.5579445362091064
2015	0.0018431278876960278	0.09603582322597504	0.5579317212104797
2016	0.0018431147327646613	0.09604112058877945	0.5579191446304321
2017	0.0018431018106639385	0.09604648500680923	0.5579062104225159
2018	0.001843088772147894	0.09605176001787186	0.5578932166099548
2019	0.0018430758500471711	0.09605707228183746	0.557880163192749
2020	0.0018430628115311265	0.09606251120567322	0.557867169380188
2021	0.0018430500058457255	0.09606768190860748	0.5578540563583374
2022	0.001843036850914359	0.0960729792714119	0.5578411221504211
2023	0.0018430239288136363	0.09607838094234467	0.5578281283378601
2024	0.0018430107738822699	0.09608370065689087	0.5578151345252991
2025	0.0018429984338581562	0.09608902037143707	0.5578020811080933
2026	0.0018429849296808243	0.09609419107437134	0.5577892065048218
2027	0.0018429717747494578	0.09609951823949814	0.5577759742736816
2028	0.0018429589690640569	0.09610500931739807	0.5577629208564758
2029	0.0018429458141326904	0.09611029177904129	0.5577500462532043
2030	0.0018429330084472895	0.09611544013023376	0.5577369928359985
2031	0.0018429199699312449	0.0961206704378128	0.557724118232727
2032	0.0018429066985845566	0.09612579643726349	0.5577117204666138
2033	0.0018428940093144774	0.09613120555877686	0.5576989650726318
2034	0.0018428802723065019	0.09613651782274246	0.5576856732368469
2035	0.001842867350205779	0.09614177793264389	0.5576723217964172
2036	0.0018428538460284472	0.09614712744951248	0.5576593279838562
2037	0.0018428408075124025	0.0961524024605751	0.5576465129852295
2038	0.0018428280018270016	0.09615765511989594	0.5576337575912476
2039	0.0018428148468956351	0.09616293013095856	0.5576207041740417
2040	0.001842801459133625	0.09616817533969879	0.5576075315475464
2041	0.001842787954956293	0.096173495054245	0.5575945973396301
2042	0.0018427751492708921	0.09617865830659866	0.5575814843177795
2043	0.0018427616450935602	0.09618380665779114	0.5575686097145081
2044	0.0018427487229928374	0.0961892232298851	0.5575555562973022
2045	0.0018427353352308273	0.09619466960430145	0.5575424432754517
2046	0.0018427225295454264	0.0961998775601387	0.5575293302536011
2047	0.00184270937461406	0.0962052121758461	0.5575163960456848
2048	0.0018426955211907625	0.09621042013168335	0.557503342628479
2049	0.0018426822498440742	0.09621571749448776	0.5574901103973389
2050	0.0018426693277433515	0.0962212011218071	0.5574769377708435
2051	0.0018426559399813414	0.09622635692358017	0.5574636459350586
2052	0.001842642785049975	0.09623146057128906	0.5574508905410767
2053	0.0018426298629492521	0.09623683243989944	0.5574382543563843
2054	0.001842616475187242	0.09624207764863968	0.5574249625205994
2055	0.00184260297100991	0.09624756127595901	0.5574114918708801
2056	0.0018425894668325782	0.09625279903411865	0.5573980808258057
2057	0.001842576079070568	0.09625804424285889	0.5573853254318237
2058	0.001842562691308558	0.09626329690217972	0.5573726296424866
2059	0.001842549187131226	0.09626854211091995	0.5573596358299255
2060	0.001842536381445825	0.09627380222082138	0.5573464035987854
2061	0.0018425228772684932	0.09627926349639893	0.5573331117630005
2062	0.0018425091402605176	0.0962844267487526	0.5573199391365051
2063	0.0018424959853291512	0.09628961235284805	0.5573068261146545
2064	0.0018424822483211756	0.09629493951797485	0.5572938323020935
2065	0.0018424689769744873	0.09630012512207031	0.5572807192802429
2066	0.0018424555892124772	0.09630557894706726	0.5572675466537476
2067	0.0018424418522045016	0.09631092101335526	0.5572543740272522
2068	0.0018424286972731352	0.0963159129023552	0.5572413206100464
2069	0.0018424150766804814	0.0963212251663208	0.5572285652160645
2070	0.0018424016889184713	0.09632638841867447	0.5572158694267273
2071	0.001842387835495174	0.09633155167102814	0.5572028756141663
2072	0.0018423744477331638	0.09633678197860718	0.5571895837783813
2073	0.0018423612928017974	0.09634195268154144	0.5571765303611755
2074	0.0018423477886244655	0.0963471382856369	0.557163655757904
2075	0.0018423338187858462	0.09635230153799057	0.5571510791778564
2076	0.0018423199653625488	0.0963573083281517	0.5571381449699402
2077	0.0018423071596771479	0.09636258333921432	0.5571257472038269
2078	0.0018422933062538505	0.09636762738227844	0.5571129322052002
2079	0.0018422795692458749	0.09637263417243958	0.557100236415863
2080	0.001842266065068543	0.09637782722711563	0.5570874810218811
2081	0.0018422522116452456	0.09638290107250214	0.5570746660232544
2082	0.0018422387074679136	0.09638804197311401	0.5570617318153381
2083	0.0018422253197059035	0.09639324247837067	0.5570487380027771
2084	0.001842211582697928	0.0963982343673706	0.5570360422134399
