epoch	train_loss	test_loss	test_metric
0	0.14750206470489502	0.14871929585933685	0.35797780752182007
1	0.14548879861831665	0.14809589087963104	0.35543879866600037
2	0.14132937788963318	0.14889241755008698	0.35738083720207214
3	0.14157690107822418	0.14944395422935486	0.35688015818595886
4	0.14049670100212097	0.15010668337345123	0.35932984948158264
5	0.14090557396411896	0.15062198042869568	0.35648980736732483
6	0.13946233689785004	0.1504376381635666	0.3588734269142151
7	0.1403360664844513	0.15055866539478302	0.3589617609977722
8	0.14001351594924927	0.15072999894618988	0.3580809533596039
9	0.13831238448619843	0.15058378875255585	0.3586048185825348
10	0.13948491215705872	0.1505361646413803	0.35876938700675964
11	0.13828566670417786	0.15022702515125275	0.36012184619903564
12	0.13876435160636902	0.14980226755142212	0.3627185523509979
13	0.14040857553482056	0.14920803904533386	0.367588073015213
14	0.13855689764022827	0.148609459400177	0.3714127242565155
15	0.13741885125637054	0.14810413122177124	0.37352123856544495
16	0.13776537775993347	0.14738036692142487	0.3773592710494995
17	0.13668192923069	0.1467665433883667	0.38021454215049744
18	0.13682261109352112	0.1461552530527115	0.38323408365249634
19	0.1366870105266571	0.145613893866539	0.3853459060192108
20	0.13659889996051788	0.1450650691986084	0.38686490058898926
21	0.1358054131269455	0.14460307359695435	0.38978180289268494
22	0.13771355152130127	0.14428766071796417	0.3917747139930725
23	0.1365288943052292	0.14424920082092285	0.3905991315841675
24	0.1354473978281021	0.14413470029830933	0.3918231725692749
25	0.13652117550373077	0.14391233026981354	0.3941733241081238
26	0.1363086849451065	0.14378851652145386	0.3959369957447052
27	0.13324961066246033	0.14352692663669586	0.39753812551498413
28	0.13412147760391235	0.1433148831129074	0.3987669348716736
29	0.13356006145477295	0.14309345185756683	0.40104398131370544
30	0.13480275869369507	0.14297164976596832	0.4034472405910492
31	0.135639488697052	0.1427648365497589	0.4069892168045044
32	0.13454125821590424	0.14260733127593994	0.40944090485572815
33	0.13262605667114258	0.14214907586574554	0.412751168012619
34	0.1344757229089737	0.14183275401592255	0.4168100953102112
35	0.13216538727283478	0.14139093458652496	0.4218810796737671
36	0.13336004316806793	0.14136053621768951	0.42210763692855835
37	0.1314816027879715	0.14106597006320953	0.4258514940738678
38	0.13223643600940704	0.14061355590820312	0.430963397026062
39	0.13355638086795807	0.14020787179470062	0.43556174635887146
40	0.13149656355381012	0.1397157460451126	0.44084858894348145
41	0.13140450417995453	0.13916687667369843	0.4472958445549011
42	0.13273590803146362	0.13844673335552216	0.4566735029220581
43	0.13053125143051147	0.1382683366537094	0.4658091962337494
44	0.13081668317317963	0.13824611902236938	0.46967703104019165
45	0.13067911565303802	0.1375517100095749	0.4784102737903595
46	0.13134606182575226	0.1370362639427185	0.48242291808128357
47	0.13186024129390717	0.13681133091449738	0.4867761433124542
48	0.1310214400291443	0.13674168288707733	0.48590436577796936
49	0.1309853047132492	0.1368618905544281	0.4875573217868805
50	0.1327059119939804	0.13650953769683838	0.4923311471939087
51	0.13001412153244019	0.1366516351699829	0.49095478653907776
52	0.13105180859565735	0.13609535992145538	0.49113667011260986
53	0.1284734159708023	0.1360456794500351	0.48939409852027893
54	0.13294105231761932	0.13544000685214996	0.4934137463569641
55	0.1274259239435196	0.13455666601657867	0.4969213306903839
56	0.12890507280826569	0.1345846951007843	0.49935638904571533
57	0.12785091996192932	0.1343364119529724	0.505567193031311
58	0.12836788594722748	0.13352029025554657	0.5106349587440491
59	0.12944726645946503	0.13373108208179474	0.5091031789779663
60	0.12956959009170532	0.13323354721069336	0.5113383531570435
61	0.12834100425243378	0.13404414057731628	0.510887086391449
62	0.12748585641384125	0.13492266833782196	0.5047751069068909
63	0.12988664209842682	0.13380135595798492	0.506725549697876
64	0.1281629353761673	0.13303422927856445	0.5095656514167786
65	0.12961478531360626	0.13176625967025757	0.5157023072242737
66	0.12865275144577026	0.13214020431041718	0.5092546343803406
67	0.12716861069202423	0.13186728954315186	0.5085346698760986
68	0.1258605569601059	0.13193249702453613	0.5077802538871765
69	0.12674573063850403	0.13221460580825806	0.5062409043312073
70	0.1262892484664917	0.13198649883270264	0.5118932723999023
71	0.12500891089439392	0.13325200974941254	0.5038825869560242
72	0.1272093951702118	0.13245292007923126	0.5075197815895081
73	0.12849095463752747	0.1323389858007431	0.5074330568313599
74	0.12523303925991058	0.13210485875606537	0.510958731174469
75	0.1251516193151474	0.13248787820339203	0.5101308822631836
76	0.12434309720993042	0.13231420516967773	0.5069643259048462
77	0.1250780075788498	0.13245058059692383	0.5099846124649048
78	0.12629953026771545	0.13269023597240448	0.5081729292869568
79	0.12526708841323853	0.13250373303890228	0.5149201154708862
80	0.1255422979593277	0.13235822319984436	0.5190836787223816
81	0.12517379224300385	0.13183842599391937	0.5213685035705566
82	0.12349361181259155	0.13150805234909058	0.5211004614830017
83	0.12580813467502594	0.13164149224758148	0.5162932872772217
84	0.1251501441001892	0.1320481300354004	0.5131614804267883
85	0.123724564909935	0.131948322057724	0.5150708556175232
86	0.12395871430635452	0.13153548538684845	0.5128235220909119
87	0.12615612149238586	0.1315923035144806	0.5111613869667053
88	0.12657997012138367	0.1312040239572525	0.5140097141265869
89	0.12371654063463211	0.13134926557540894	0.5139875411987305
90	0.12442035973072052	0.13188448548316956	0.5118444561958313
91	0.12466143816709518	0.1322368085384369	0.5119245052337646
92	0.1254490315914154	0.13195988535881042	0.5169743299484253
93	0.1253749132156372	0.1318235844373703	0.517687201499939
94	0.12550215423107147	0.13153590261936188	0.5203441381454468
95	0.12412087619304657	0.13097551465034485	0.5228350758552551
96	0.12381922453641891	0.13056670129299164	0.5260587334632874
97	0.12346029281616211	0.1298956722021103	0.5318162441253662
98	0.12387653440237045	0.1291836053133011	0.5368232131004333
99	0.12514187395572662	0.12864764034748077	0.5390727519989014
100	0.12509386241436005	0.1284002661705017	0.5382751226425171
101	0.12430883944034576	0.1282985359430313	0.5458954572677612
102	0.12186740338802338	0.12836727499961853	0.5468493103981018
103	0.12296667695045471	0.12859389185905457	0.5420201420783997
104	0.1229427307844162	0.12890517711639404	0.5379711985588074
105	0.12210214883089066	0.12907437980175018	0.5347421765327454
106	0.1217445582151413	0.12955637276172638	0.5295045971870422
107	0.1202632486820221	0.13021932542324066	0.5240883231163025
108	0.12193957716226578	0.1296195685863495	0.5251207947731018
109	0.12154178321361542	0.1293790638446808	0.5265983939170837
110	0.1202312484383583	0.1287357360124588	0.5291391611099243
111	0.12072835117578506	0.12897492945194244	0.5254240036010742
112	0.1208265945315361	0.12869486212730408	0.5279005765914917
113	0.121340312063694	0.1295182704925537	0.5212281346321106
114	0.12245473265647888	0.1285988837480545	0.5283417105674744
115	0.12123356759548187	0.12821295857429504	0.5333452224731445
116	0.12106560915708542	0.12831594049930573	0.531844437122345
117	0.12247001379728317	0.12890717387199402	0.5287529230117798
118	0.12108755111694336	0.12853474915027618	0.5337391495704651
119	0.12168332934379578	0.12813106179237366	0.5410748720169067
120	0.12328612804412842	0.12829115986824036	0.5366804003715515
121	0.1218283548951149	0.12899687886238098	0.543587863445282
122	0.12258454412221909	0.12932707369327545	0.543826162815094
123	0.12114306539297104	0.1284567266702652	0.5405348539352417
124	0.12279041856527328	0.12721902132034302	0.5470553636550903
125	0.12179268896579742	0.12660786509513855	0.5487127304077148
126	0.12135598808526993	0.1266307532787323	0.5460395812988281
127	0.1208755150437355	0.127771258354187	0.5380423665046692
128	0.12151530385017395	0.1275893598794937	0.538916826248169
129	0.12204989045858383	0.12832537293434143	0.5324464440345764
130	0.12132491171360016	0.12841254472732544	0.5333245396614075
131	0.12025649100542068	0.12859772145748138	0.5330687165260315
132	0.12093275785446167	0.12863771617412567	0.5335514545440674
133	0.1214180737733841	0.12867581844329834	0.5339056849479675
134	0.12010752409696579	0.12941861152648926	0.5332756638526917
135	0.12042216211557388	0.12801197171211243	0.5411677956581116
136	0.1195419505238533	0.1278308928012848	0.5425986051559448
137	0.11953848600387573	0.12773394584655762	0.5421528220176697
138	0.11917735636234283	0.12747536599636078	0.5426818132400513
139	0.11933530122041702	0.12710820138454437	0.5452162027359009
140	0.11994845420122147	0.1269482523202896	0.5470563173294067
141	0.11888661235570908	0.12666809558868408	0.5494346618652344
142	0.1181391179561615	0.1269645094871521	0.5473407506942749
143	0.11955954134464264	0.12755724787712097	0.5436999797821045
144	0.11885765194892883	0.1274811327457428	0.5442838668823242
145	0.12062621861696243	0.12747196853160858	0.5464991331100464
146	0.11904167383909225	0.12730726599693298	0.5463942289352417
147	0.1187523826956749	0.12690193951129913	0.5500532984733582
148	0.11847762763500214	0.12663236260414124	0.5533698201179504
149	0.11854998022317886	0.126736119389534	0.553760290145874
150	0.1166333332657814	0.12599289417266846	0.5582079291343689
151	0.11784347146749496	0.12549254298210144	0.5621013045310974
152	0.11919493228197098	0.12511691451072693	0.5677585005760193
153	0.11686335504055023	0.12475579231977463	0.5682999491691589
154	0.117731474339962	0.12450018525123596	0.5697992444038391
155	0.11686164140701294	0.12425073981285095	0.5721424221992493
156	0.11688248813152313	0.12418782711029053	0.5719218254089355
157	0.11592079699039459	0.12400436401367188	0.5735371708869934
158	0.11539334058761597	0.12437596172094345	0.5700376033782959
159	0.11637881398200989	0.12410605698823929	0.5718861222267151
160	0.11656925082206726	0.12420769035816193	0.571129560470581
161	0.11610202491283417	0.12382090091705322	0.5752060413360596
162	0.11567700654268265	0.1236400157213211	0.5774343609809875
163	0.118491530418396	0.12331029772758484	0.5798032283782959
164	0.11524749547243118	0.12329485267400742	0.5810786485671997
165	0.11516823619604111	0.1233159750699997	0.5800638794898987
166	0.11630088835954666	0.1232914999127388	0.575827956199646
167	0.11537952721118927	0.12316659092903137	0.5770286917686462
168	0.11657704412937164	0.12246617674827576	0.5797516107559204
169	0.11534006148576736	0.12325673550367355	0.5739080905914307
170	0.11550724506378174	0.12356293946504593	0.5789803266525269
171	0.11392511427402496	0.12393632531166077	0.5782074332237244
172	0.11486511677503586	0.12394572794437408	0.5806841254234314
173	0.11380009353160858	0.12375746667385101	0.5818130970001221
174	0.11485458165407181	0.12359539419412613	0.580195426940918
175	0.1139402762055397	0.12297384440898895	0.5849999189376831
176	0.11256406456232071	0.12236446887254715	0.5849060416221619
177	0.112139992415905	0.1221080794930458	0.5860838890075684
178	0.1143006682395935	0.12186457216739655	0.5880101919174194
179	0.11349524557590485	0.12192033231258392	0.5895921587944031
180	0.11407432705163956	0.12201282382011414	0.5904143452644348
181	0.11296530067920685	0.12191660702228546	0.5911266207695007
182	0.11331675946712494	0.12205395102500916	0.5915874242782593
183	0.11399627476930618	0.12164479494094849	0.5939650535583496
184	0.11389057338237762	0.12153306603431702	0.5938645005226135
185	0.11311168223619461	0.12139328569173813	0.5947995185852051
186	0.11322228610515594	0.12082688510417938	0.5992693901062012
187	0.11317571252584457	0.12062397599220276	0.5999694466590881
188	0.11107649654150009	0.12060250341892242	0.5978080630302429
189	0.11229434609413147	0.1204398050904274	0.5984383225440979
190	0.1126217246055603	0.12057826668024063	0.5989753603935242
191	0.1130300760269165	0.12052968144416809	0.5996933579444885
192	0.1126636490225792	0.12063200026750565	0.6004425883293152
193	0.11278463155031204	0.12122037261724472	0.5990595817565918
194	0.11098237335681915	0.12130290269851685	0.5974944829940796
195	0.11262039840221405	0.12105994671583176	0.5980619192123413
196	0.11132227629423141	0.12095686048269272	0.5985991358757019
197	0.1103411391377449	0.1209535300731659	0.5973744988441467
198	0.11186017096042633	0.12089350819587708	0.5977750420570374
199	0.11187324672937393	0.121124267578125	0.5975251793861389
200	0.10942649841308594	0.12147040665149689	0.598395586013794
201	0.1119827851653099	0.12185816466808319	0.5985251665115356
202	0.1124180257320404	0.12210067361593246	0.5962284207344055
203	0.111988365650177	0.12216373533010483	0.5954887866973877
204	0.11293002963066101	0.12201247364282608	0.596540629863739
205	0.1114417240023613	0.12164851278066635	0.5983873605728149
206	0.11056982725858688	0.12146316468715668	0.6014553308486938
207	0.11116273701190948	0.12252622097730637	0.597697377204895
208	0.1109427809715271	0.12260214984416962	0.5991387367248535
209	0.11258337646722794	0.12203224748373032	0.6023986339569092
210	0.1126314029097557	0.1223999634385109	0.6024923324584961
211	0.11204956471920013	0.12315919995307922	0.59664386510849
212	0.11303440481424332	0.1231028214097023	0.6010322570800781
213	0.11288268864154816	0.12278658896684647	0.6021780967712402
214	0.11010587960481644	0.12244001775979996	0.6023182272911072
215	0.11180781573057175	0.12184658646583557	0.603483259677887
216	0.11149198561906815	0.12126617133617401	0.6052089929580688
217	0.11105494201183319	0.12127973139286041	0.6016710996627808
218	0.1122446209192276	0.12129779160022736	0.6024581789970398
219	0.11191626638174057	0.1214699000120163	0.6011291146278381
220	0.11118508130311966	0.12104742228984833	0.6047158241271973
221	0.11105193942785263	0.12126646935939789	0.6038601994514465
222	0.1113908588886261	0.12128132581710815	0.6035733222961426
223	0.11165444552898407	0.12121658772230148	0.6036337614059448
224	0.10991119593381882	0.12087582796812057	0.6039292812347412
225	0.11171466112136841	0.12072817236185074	0.6070898771286011
226	0.1106010377407074	0.12076909095048904	0.6070812344551086
227	0.10927639901638031	0.12080732733011246	0.6054471135139465
228	0.11033160239458084	0.12068914622068405	0.6053873896598816
229	0.11159270256757736	0.12045734375715256	0.6079326868057251
230	0.11038792133331299	0.12002906948328018	0.6104497909545898
231	0.10818010568618774	0.11972453445196152	0.6121378540992737
232	0.10996575653553009	0.11945582926273346	0.6133252382278442
233	0.11064008623361588	0.11935348808765411	0.614147424697876
234	0.10977430641651154	0.11913961172103882	0.6156655550003052
235	0.10876170545816422	0.11980129033327103	0.6112021803855896
236	0.10974574834108353	0.12018106132745743	0.609965980052948
237	0.11000005900859833	0.120182566344738	0.6120350360870361
238	0.11004186421632767	0.11996016651391983	0.6126402020454407
239	0.10982316732406616	0.12002900242805481	0.6139256358146667
240	0.10909537971019745	0.11976701766252518	0.6157657504081726
241	0.10939131677150726	0.11971571296453476	0.6168663501739502
242	0.11087296903133392	0.11982975900173187	0.6168782114982605
243	0.10902492702007294	0.11949264258146286	0.6186938285827637
244	0.1087111160159111	0.11939243972301483	0.6199873685836792
245	0.10945925116539001	0.11903242021799088	0.6219977140426636
246	0.10900045186281204	0.11895016580820084	0.6232022643089294
247	0.10825932025909424	0.11872710287570953	0.6231092810630798
248	0.10845642536878586	0.12043257057666779	0.613673985004425
249	0.10803772509098053	0.12039194256067276	0.6128895282745361
250	0.10610130429267883	0.12107499688863754	0.6071841716766357
251	0.1096290573477745	0.12028980255126953	0.6114797592163086
252	0.10939325392246246	0.12002349644899368	0.6113374829292297
253	0.11012338101863861	0.12156423181295395	0.6060487031936646
254	0.11059901118278503	0.11964747309684753	0.6114651560783386
255	0.10898859053850174	0.11994773149490356	0.6135137677192688
256	0.10882051289081573	0.11912417411804199	0.6184622049331665
257	0.1083439514040947	0.11917152255773544	0.6179943084716797
258	0.1083567813038826	0.11908596009016037	0.6196472644805908
259	0.10644317418336868	0.11920355260372162	0.620275616645813
260	0.10814092308282852	0.11967909336090088	0.6200488805770874
261	0.10841651260852814	0.11987022310495377	0.6201689839363098
262	0.10881198942661285	0.11978380382061005	0.6212151646614075
263	0.1077205240726471	0.11973705887794495	0.620908796787262
264	0.10827047377824783	0.11917872726917267	0.6229633688926697
265	0.10773271322250366	0.11780977994203568	0.6343886256217957
266	0.10768398642539978	0.11797784268856049	0.6322444081306458
267	0.10786130279302597	0.11853095144033432	0.6259940266609192
268	0.10525801032781601	0.11838923394680023	0.6263523697853088
269	0.10795216262340546	0.12096617370843887	0.6134595274925232
270	0.10714832693338394	0.120554618537426	0.6146523952484131
271	0.10883752256631851	0.1207079142332077	0.6136751174926758
272	0.10740590840578079	0.12004407495260239	0.6172018647193909
273	0.1090334802865982	0.11944851279258728	0.6205003261566162
274	0.10926888138055801	0.11932744085788727	0.6220883727073669
275	0.10717510432004929	0.11945037543773651	0.6222733855247498
276	0.10850610584020615	0.11959678679704666	0.6235469579696655
277	0.1096956729888916	0.11975325644016266	0.6249321699142456
278	0.10572820156812668	0.11987851560115814	0.6258651614189148
279	0.10879363864660263	0.11978049576282501	0.6273292899131775
280	0.10666283965110779	0.11994826048612595	0.6263090968132019
281	0.10554084926843643	0.11924337595701218	0.6291143298149109
282	0.10667675733566284	0.11870566010475159	0.6322211623191833
283	0.10744690895080566	0.11827360838651657	0.6343712210655212
284	0.10650649666786194	0.11785691231489182	0.6356661319732666
285	0.10715409368276596	0.11732932180166245	0.6354962587356567
286	0.1066383346915245	0.11718433350324631	0.6360202431678772
287	0.10719660669565201	0.11753775179386139	0.6332445740699768
288	0.10642709583044052	0.11711005866527557	0.6362683176994324
289	0.10592612624168396	0.11676532030105591	0.6374472379684448
290	0.10762153565883636	0.11710362136363983	0.6390776038169861
291	0.10513506084680557	0.11700139194726944	0.64011549949646
292	0.10653746128082275	0.11666109412908554	0.6396859884262085
293	0.10690193623304367	0.11629562079906464	0.6413884162902832
294	0.1060354933142662	0.11617764085531235	0.6413371562957764
295	0.10582046955823898	0.11599650979042053	0.6418289542198181
296	0.1062019094824791	0.11575685441493988	0.6435145139694214
297	0.10739203542470932	0.11587946116924286	0.6430508494377136
298	0.10649798810482025	0.11621773988008499	0.6417800188064575
299	0.10579223930835724	0.11715281009674072	0.6375758647918701
300	0.10553822666406631	0.1170930340886116	0.6364054083824158
301	0.10577865689992905	0.11686097830533981	0.6368863582611084
302	0.10645516961812973	0.11648843437433243	0.6386687159538269
303	0.10383422672748566	0.11590110510587692	0.6405343413352966
304	0.10655233263969421	0.11567261070013046	0.640837550163269
305	0.10541272908449173	0.11566382646560669	0.6408975720405579
306	0.1048283502459526	0.11556962132453918	0.6412638425827026
307	0.10364864021539688	0.11639701575040817	0.638522744178772
308	0.10501398146152496	0.11834113299846649	0.6331662535667419
309	0.10481014847755432	0.11828244477510452	0.6347134113311768
310	0.10374733060598373	0.11771972477436066	0.6329982876777649
311	0.10458842664957047	0.11740515381097794	0.6300619840621948
312	0.10273997485637665	0.11677297204732895	0.6342155933380127
313	0.1035253033041954	0.11682344973087311	0.6363706588745117
314	0.1050974652171135	0.11663150787353516	0.6386814117431641
315	0.10493040084838867	0.11665921658277512	0.6403117775917053
316	0.10375306755304337	0.11661247164011002	0.6407819986343384
317	0.1034928411245346	0.11723525822162628	0.6408974528312683
318	0.10378571599721909	0.11720636487007141	0.6423434019088745
319	0.10310262441635132	0.11685337871313095	0.6429944038391113
320	0.10382603853940964	0.11644896864891052	0.6427984833717346
321	0.1034817099571228	0.11639688163995743	0.6422701478004456
322	0.10438096523284912	0.1162833720445633	0.6420384645462036
323	0.10460144281387329	0.11592400819063187	0.6432257294654846
324	0.1036640852689743	0.1159553974866867	0.6422461271286011
325	0.10392308235168457	0.11608763039112091	0.6410855054855347
326	0.1045454815030098	0.11627764999866486	0.6401394605636597
327	0.10267919301986694	0.11642365157604218	0.6398858428001404
328	0.10155567526817322	0.11647016555070877	0.6397658586502075
329	0.10281156003475189	0.1163121685385704	0.6401606798171997
330	0.10109157115221024	0.11615810543298721	0.6408584117889404
331	0.10153647512197495	0.11590472608804703	0.6423585414886475
332	0.10179143399000168	0.11576097458600998	0.6435595154762268
333	0.10302048176527023	0.11554243415594101	0.6458523869514465
334	0.10214006155729294	0.1153552308678627	0.6482146978378296
335	0.10020564496517181	0.11555320769548416	0.6502819061279297
336	0.10298113524913788	0.115570068359375	0.6523233652114868
337	0.1009175255894661	0.11558827757835388	0.6539093255996704
338	0.10064426064491272	0.11557336151599884	0.6515470147132874
339	0.10155358165502548	0.11496959626674652	0.6513932347297668
340	0.10274165868759155	0.11475694179534912	0.6513633728027344
341	0.10029295086860657	0.11457306146621704	0.6513503193855286
342	0.09993267059326172	0.11456596106290817	0.6507715582847595
343	0.10032273083925247	0.11468950659036636	0.6490921378135681
344	0.10006482154130936	0.11491898447275162	0.6473338007926941
345	0.1007843092083931	0.11537357419729233	0.6456559896469116
346	0.10114175826311111	0.11567698419094086	0.6444146037101746
347	0.0989799052476883	0.11589768528938293	0.6428408026695251
348	0.09947556257247925	0.11596529185771942	0.6426000595092773
349	0.10068024694919586	0.11584559828042984	0.6431972980499268
350	0.09860970079898834	0.11580902338027954	0.6443760991096497
351	0.09947606921195984	0.11548720300197601	0.6450470089912415
352	0.09978412091732025	0.11525558680295944	0.6469240188598633
353	0.09925870597362518	0.11506873369216919	0.6485118865966797
354	0.09926891326904297	0.11493157595396042	0.6503849625587463
355	0.09981147199869156	0.1149049624800682	0.6505749225616455
356	0.10030512511730194	0.11484718322753906	0.651477038860321
357	0.09929189085960388	0.11456772685050964	0.6527666449546814
358	0.09869617968797684	0.11420214176177979	0.6542024612426758
359	0.09871894121170044	0.11397486180067062	0.6555848121643066
360	0.09815377742052078	0.11394080519676208	0.6556127071380615
361	0.09852659702301025	0.11380527168512344	0.6559842228889465
362	0.09874323755502701	0.11386460810899734	0.6554312109947205
363	0.09830710291862488	0.11421695351600647	0.6541124582290649
364	0.0989697277545929	0.11432848870754242	0.6534907221794128
365	0.09954997897148132	0.11448803544044495	0.652458906173706
366	0.09917565435171127	0.11445698887109756	0.6521391272544861
367	0.09703696519136429	0.11433199048042297	0.6519495844841003
368	0.09770087897777557	0.1142670288681984	0.6511795520782471
369	0.09810905158519745	0.11416420340538025	0.6505455374717712
370	0.0998878926038742	0.1139926090836525	0.6511075496673584
371	0.09978868812322617	0.11385036259889603	0.6521804332733154
372	0.09710395336151123	0.11386607587337494	0.6524441838264465
373	0.09656601399183273	0.11398068070411682	0.6525317430496216
374	0.09703082591295242	0.11382798105478287	0.653556764125824
375	0.0979812890291214	0.11366596817970276	0.6541749238967896
376	0.09775975346565247	0.11351107805967331	0.6544078588485718
377	0.09812789410352707	0.11334247887134552	0.6550478935241699
378	0.09754598885774612	0.11334454268217087	0.655135989189148
379	0.09712918102741241	0.11339480429887772	0.6549972295761108
380	0.0986630767583847	0.11362724751234055	0.654662549495697
381	0.09609394520521164	0.11401083320379257	0.6537606716156006
382	0.09748172014951706	0.11419905722141266	0.6532607078552246
383	0.09765657782554626	0.11424848437309265	0.6531311869621277
384	0.09718851745128632	0.11407247930765152	0.6540161967277527
385	0.0959397628903389	0.11389663815498352	0.6553369164466858
386	0.09751271456480026	0.11350563913583755	0.6579102873802185
387	0.09454400837421417	0.11313756555318832	0.6608938574790955
388	0.09700614959001541	0.11309205740690231	0.6626369953155518
389	0.09518850594758987	0.11305182427167892	0.6634681224822998
390	0.0972767323255539	0.11319836229085922	0.6641098260879517
391	0.09671997278928757	0.1134490966796875	0.6646432876586914
392	0.0963129922747612	0.11360213160514832	0.6641240119934082
393	0.09679615497589111	0.11344469338655472	0.6661629676818848
394	0.09667783230543137	0.11319073289632797	0.6670844554901123
395	0.09614887833595276	0.11264269053936005	0.668128252029419
396	0.09516970813274384	0.11211352795362473	0.6710427403450012
397	0.0957721397280693	0.11215035617351532	0.6700620651245117
398	0.09471949189901352	0.11242230236530304	0.6686428785324097
399	0.09377913922071457	0.11249420791864395	0.667925238609314
400	0.09497451782226562	0.11291233450174332	0.6657866835594177
401	0.09524975717067719	0.11311304569244385	0.6648256778717041
402	0.09427089244127274	0.11327987909317017	0.6637145280838013
403	0.09413041919469833	0.1132499948143959	0.6635312438011169
404	0.09595172852277756	0.11295413225889206	0.6657705307006836
405	0.09414619952440262	0.11288361251354218	0.6665116548538208
406	0.09540291130542755	0.11291184276342392	0.666023850440979
407	0.09628526866436005	0.11305294185876846	0.66404128074646
408	0.09439744055271149	0.11307473480701447	0.6635205149650574
409	0.09491267800331116	0.1130908876657486	0.6632395386695862
410	0.0954708680510521	0.11316005885601044	0.6625595092773438
411	0.0940038189291954	0.11311940848827362	0.662467360496521
412	0.09358222037553787	0.11300144344568253	0.6629108786582947
413	0.09532138705253601	0.11272699385881424	0.6637147068977356
414	0.0944473072886467	0.11273737996816635	0.663533091545105
415	0.09466090798377991	0.11267872154712677	0.6638922095298767
416	0.09375182539224625	0.11265867948532104	0.6645921468734741
417	0.09330963343381882	0.1127399131655693	0.6644657850265503
418	0.09417302906513214	0.11285155266523361	0.6645526885986328
419	0.09300156682729721	0.1128779724240303	0.6646775007247925
420	0.09307362884283066	0.11301721632480621	0.6642788052558899
421	0.09301196783781052	0.11301437020301819	0.6648587584495544
422	0.09407079964876175	0.11275414377450943	0.6679074764251709
423	0.09373750537633896	0.11268410086631775	0.6690601706504822
424	0.09406721591949463	0.1128367930650711	0.6677097678184509
425	0.09521763026714325	0.11283227056264877	0.6673150062561035
426	0.0934213399887085	0.11258390545845032	0.6673367619514465
427	0.09348385035991669	0.11235276609659195	0.6679388880729675
428	0.09312751889228821	0.11233390122652054	0.6672614216804504
429	0.0933833122253418	0.11196798831224442	0.671200692653656
430	0.09299769997596741	0.11177224665880203	0.672883152961731
431	0.09367816895246506	0.11137504875659943	0.6763573884963989
432	0.09334323555231094	0.11112574487924576	0.6786081194877625
433	0.09312330931425095	0.11083855479955673	0.6804919838905334
434	0.09378643333911896	0.11077716201543808	0.681528627872467
435	0.0917404443025589	0.11085803061723709	0.6810484528541565
436	0.09222729504108429	0.11107484996318817	0.6795892715454102
437	0.09217062592506409	0.11124002933502197	0.6775806546211243
438	0.09272664785385132	0.11141223460435867	0.6752856373786926
439	0.09155894815921783	0.11153062433004379	0.672568678855896
440	0.09119050949811935	0.11150818318128586	0.6728402376174927
441	0.09167294204235077	0.11155808717012405	0.672507643699646
442	0.09221068769693375	0.11145897954702377	0.6726097464561462
443	0.09129244089126587	0.11124273389577866	0.6732373833656311
444	0.090901218354702	0.11103758960962296	0.6745995879173279
445	0.0916033685207367	0.1107344776391983	0.6768361330032349
446	0.09234960377216339	0.11053565889596939	0.678658664226532
447	0.09058590978384018	0.11052201688289642	0.6795990467071533
448	0.09289535880088806	0.11063232272863388	0.6798588633537292
449	0.0915655791759491	0.11077681928873062	0.6801262497901917
450	0.09213138371706009	0.11060837656259537	0.681197464466095
451	0.09068518877029419	0.11037243157625198	0.6818201541900635
452	0.09059849381446838	0.11039502173662186	0.6814236640930176
453	0.09102614969015121	0.11056982725858688	0.6800079941749573
454	0.09248581528663635	0.11075247824192047	0.6783074736595154
455	0.0906435027718544	0.11108539253473282	0.6762060523033142
456	0.09180115908384323	0.11143186688423157	0.6744070649147034
457	0.09056608378887177	0.11175427585840225	0.6731579303741455
458	0.0903143584728241	0.11170412600040436	0.6734427809715271
459	0.09051152318716049	0.11148262023925781	0.6744242310523987
460	0.0904354527592659	0.11130209267139435	0.6752436757087708
461	0.09194079786539078	0.11116797477006912	0.6756983399391174
462	0.09003577381372452	0.11116942763328552	0.6756809949874878
463	0.0907306894659996	0.11127305030822754	0.6754150390625
464	0.08958064764738083	0.11134391278028488	0.6754574179649353
465	0.08855889737606049	0.11148016154766083	0.6751663088798523
466	0.0898638367652893	0.11176877468824387	0.6741557121276855
467	0.08891257643699646	0.11188509315252304	0.673976480960846
468	0.09165734052658081	0.111852265894413	0.6741999983787537
469	0.08934282511472702	0.1116194948554039	0.6752026677131653
470	0.09078459441661835	0.11114610731601715	0.6765771508216858
471	0.08984775841236115	0.11082160472869873	0.6777136325836182
472	0.08949625492095947	0.11056291311979294	0.6789359450340271
473	0.08909797668457031	0.11036559194326401	0.680354654788971
474	0.08978522568941116	0.11032803356647491	0.6819596886634827
475	0.0890871062874794	0.11037128418684006	0.6830198168754578
476	0.09011010080575943	0.11003090441226959	0.6844683289527893
477	0.08920084685087204	0.10970255732536316	0.685957670211792
478	0.0894625335931778	0.10954386740922928	0.6863806843757629
479	0.08893314003944397	0.1096472516655922	0.6859784722328186
480	0.09035289287567139	0.11027759313583374	0.6838264465332031
481	0.08806902915239334	0.11066967993974686	0.6827464699745178
482	0.08935318142175674	0.11084376275539398	0.6824991703033447
483	0.08802573382854462	0.11082439869642258	0.6826747059822083
484	0.08911629021167755	0.11057250201702118	0.6831145286560059
485	0.08909295499324799	0.1102396622300148	0.6841908097267151
486	0.08889591693878174	0.11010801792144775	0.6844055652618408
487	0.08942043781280518	0.10979226231575012	0.6845345497131348
488	0.08880782872438431	0.10959311574697495	0.684448778629303
489	0.08805902302265167	0.10964692384004593	0.683537483215332
490	0.08762495219707489	0.10952875763177872	0.6834604740142822
491	0.08693452179431915	0.10935870558023453	0.6838788390159607
492	0.08808030188083649	0.10918091237545013	0.6844154000282288
493	0.08830342441797256	0.10909848660230637	0.6849949955940247
494	0.09011650085449219	0.10924725234508514	0.6847851872444153
495	0.08792715519666672	0.10951192677021027	0.6836304068565369
496	0.09027200937271118	0.10979269444942474	0.6822132468223572
497	0.08804673701524734	0.10991255939006805	0.6812322735786438
498	0.08695335686206818	0.11009509116411209	0.6802313923835754
499	0.08779292553663254	0.11010701954364777	0.6798012256622314
500	0.08726337552070618	0.11014789342880249	0.6799275875091553
501	0.08779086172580719	0.11012829840183258	0.6812400817871094
502	0.08639927208423615	0.11019318550825119	0.6825490593910217
503	0.08752480149269104	0.11028411984443665	0.683424711227417
504	0.08828360587358475	0.11018170416355133	0.684493899345398
505	0.08779998868703842	0.10978715121746063	0.6858609318733215
506	0.08762700855731964	0.10929811000823975	0.68727707862854
507	0.08679062128067017	0.10881485790014267	0.6884675025939941
508	0.08646176010370255	0.10856363922357559	0.688959002494812
509	0.0868854969739914	0.1085711345076561	0.6884752511978149
510	0.08699541538953781	0.10854507237672806	0.6887149810791016
511	0.08678383380174637	0.10885174572467804	0.6880908012390137
512	0.08744359761476517	0.10889309644699097	0.6883968710899353
513	0.08805640041828156	0.10892036557197571	0.688924252986908
514	0.08620559424161911	0.10885262489318848	0.6902112364768982
515	0.08763302117586136	0.10885993391275406	0.6907607913017273
516	0.08679340034723282	0.1091327965259552	0.6904433369636536
517	0.08566363155841827	0.10951206088066101	0.6898331642150879
518	0.08696991205215454	0.10988695919513702	0.6891331672668457
519	0.08639220148324966	0.1102229431271553	0.6883169412612915
520	0.0861322432756424	0.11025238037109375	0.6874149441719055
521	0.08697279542684555	0.10994277149438858	0.6870166063308716
522	0.08605378866195679	0.10993696749210358	0.6859146356582642
523	0.08692795038223267	0.10985623300075531	0.6850977540016174
524	0.08629339188337326	0.10987897962331772	0.6839849948883057
525	0.08618492633104324	0.10980537533760071	0.683815062046051
526	0.08532831817865372	0.109686940908432	0.6838506460189819
527	0.08580106496810913	0.10959570109844208	0.6843926906585693
528	0.08645325899124146	0.10927210003137589	0.6860293745994568
529	0.08451614528894424	0.10888729244470596	0.6877802610397339
530	0.08612868189811707	0.10863047093153	0.6890782713890076
531	0.08563359826803207	0.10850897431373596	0.6898776888847351
532	0.08469559997320175	0.10837123543024063	0.6908230185508728
533	0.08559342473745346	0.10837545990943909	0.6911569833755493
534	0.08342332392930984	0.1084592416882515	0.6903497576713562
535	0.0851225033402443	0.10877028852701187	0.68889981508255
536	0.08620848506689072	0.1090773269534111	0.6884154081344604
537	0.08493462949991226	0.10924006998538971	0.6874136924743652
538	0.0847022756934166	0.1089535653591156	0.6872049570083618
539	0.08571179956197739	0.108832448720932	0.6871810555458069
540	0.0852210596203804	0.10865923762321472	0.6876517534255981
541	0.08501509577035904	0.10849206149578094	0.6889069080352783
542	0.08443580567836761	0.10848236083984375	0.6898566484451294
543	0.08538679778575897	0.10861541330814362	0.6899330019950867
544	0.08479470759630203	0.1086924746632576	0.6903084516525269
545	0.08478493243455887	0.10861434787511826	0.6909133195877075
546	0.08415447920560837	0.10857699066400528	0.6909062266349792
547	0.08450528979301453	0.10874471068382263	0.6904907822608948
548	0.08386709541082382	0.1090053990483284	0.6901443004608154
549	0.08451688289642334	0.10916470736265182	0.6902811527252197
550	0.08416065573692322	0.10914839059114456	0.690545916557312
551	0.08396096527576447	0.10890775173902512	0.6916894912719727
552	0.08506040275096893	0.10876776278018951	0.6926395893096924
553	0.08411286026239395	0.10873087495565414	0.692819356918335
554	0.08367324620485306	0.10875461250543594	0.6928479075431824
555	0.08277186751365662	0.10871976613998413	0.6928972601890564
556	0.0828823521733284	0.10879521071910858	0.6927757263183594
557	0.08381127566099167	0.1090589389204979	0.693128764629364
558	0.08394163101911545	0.10892882943153381	0.6939685940742493
559	0.08222435414791107	0.10854985564947128	0.6955359578132629
560	0.08256826549768448	0.1082613468170166	0.6963661313056946
561	0.0831855982542038	0.10827983915805817	0.6955588459968567
562	0.08289913833141327	0.10841280966997147	0.6942228078842163
563	0.08275598287582397	0.10879836231470108	0.6929651498794556
564	0.08325210213661194	0.10918130725622177	0.6917605996131897
565	0.08271113783121109	0.10922588407993317	0.6912865042686462
566	0.082435742020607	0.10902529954910278	0.6912623047828674
567	0.08368117362260818	0.10874839127063751	0.6917510032653809
568	0.08296409249305725	0.10851559042930603	0.692340612411499
569	0.08372968435287476	0.10865816473960876	0.6920367479324341
570	0.08315172046422958	0.10908301919698715	0.6914023756980896
571	0.08264362066984177	0.1094432845711708	0.6910492777824402
572	0.08202777802944183	0.10951629281044006	0.6911060810089111
573	0.08350498229265213	0.1092497929930687	0.6917416453361511
574	0.08350545167922974	0.10885156691074371	0.6920776963233948
575	0.08394034206867218	0.10864879190921783	0.6921336054801941
576	0.08423833549022675	0.10866526514291763	0.6916507482528687
577	0.08191107958555222	0.10894495248794556	0.690698504447937
578	0.08182953298091888	0.10921075940132141	0.6898659467697144
579	0.08268007636070251	0.10909052938222885	0.69009929895401
580	0.08208203315734863	0.10883127152919769	0.6910565495491028
581	0.08180108666419983	0.10853470861911774	0.6922933459281921
582	0.08180662244558334	0.10820543020963669	0.69432133436203
583	0.0814983993768692	0.10814382880926132	0.6953177452087402
584	0.08034253120422363	0.10795387625694275	0.6964808702468872
585	0.08152097463607788	0.10800319164991379	0.6960703134536743
586	0.08157651871442795	0.10820630937814713	0.6945233345031738
587	0.08106032013893127	0.1084647923707962	0.6929410696029663
588	0.08176757395267487	0.10886232554912567	0.6917272806167603
589	0.08128780871629715	0.1091587096452713	0.6906046271324158
590	0.08125728368759155	0.10881475359201431	0.6915184259414673
591	0.08337385952472687	0.10821859538555145	0.6939751505851746
592	0.0816187858581543	0.10733591020107269	0.6969658136367798
593	0.0804247185587883	0.10687007755041122	0.6987680196762085
594	0.0819857120513916	0.10667339712381363	0.699410617351532
595	0.08151549100875854	0.10667174309492111	0.6991128921508789
596	0.08088500052690506	0.1068439707159996	0.698560357093811
597	0.0811406821012497	0.1070016399025917	0.6979852318763733
598	0.08218725025653839	0.10713433474302292	0.6974415183067322
599	0.08191463351249695	0.10721451044082642	0.6971573829650879
600	0.08050716668367386	0.10732947289943695	0.6972357630729675
601	0.08123205602169037	0.10751320421695709	0.6970295310020447
602	0.08054229617118835	0.10750015079975128	0.6974900364875793
603	0.0803770050406456	0.10763106495141983	0.6974219679832458
604	0.08161844313144684	0.10785684734582901	0.6976994872093201
605	0.08103154599666595	0.10823284089565277	0.6974194645881653
606	0.0807955265045166	0.10804645717144012	0.6980918645858765
607	0.08027669042348862	0.10785650461912155	0.6987956166267395
608	0.08076763898134232	0.10763033479452133	0.699817419052124
609	0.080391064286232	0.10753623396158218	0.7003656029701233
610	0.0803665742278099	0.1077875867486	0.6991279721260071
611	0.08021175116300583	0.1081153079867363	0.6975542902946472
612	0.07992210984230042	0.10821561515331268	0.697060763835907
613	0.07985753566026688	0.1082877442240715	0.6969789862632751
614	0.07982447743415833	0.10846822708845139	0.6967588663101196
615	0.07928000390529633	0.10832899808883667	0.6976402401924133
616	0.0802793949842453	0.10809356719255447	0.6986137628555298
617	0.0796525627374649	0.10770697891712189	0.6995415687561035
618	0.07992340624332428	0.10761542618274689	0.6997841596603394
619	0.0794544368982315	0.10782769322395325	0.6987420916557312
620	0.07819698005914688	0.1083107739686966	0.6966478228569031
621	0.07890050858259201	0.10881930589675903	0.6950973868370056
622	0.07961097359657288	0.10903667658567429	0.6939183473587036
623	0.07929220795631409	0.10884497314691544	0.6935680508613586
624	0.0784928947687149	0.10846439003944397	0.6939728856086731
625	0.07946125417947769	0.10810232162475586	0.6951079964637756
626	0.07909000664949417	0.10780845582485199	0.6963745355606079
627	0.07841171324253082	0.1077844649553299	0.6967737078666687
628	0.080169677734375	0.10783111304044724	0.6975061297416687
629	0.0788615345954895	0.10813961178064346	0.6972121596336365
630	0.08049439638853073	0.1084376648068428	0.696390688419342
631	0.07950001955032349	0.1086392030119896	0.6953445672988892
632	0.07960664480924606	0.10860691219568253	0.6944676041603088
633	0.07812680304050446	0.10843336582183838	0.6942772269248962
634	0.07938173413276672	0.10831295698881149	0.6949945092201233
635	0.07764186710119247	0.10830800980329514	0.6952203512191772
636	0.07986513525247574	0.10848318785429001	0.6951663494110107
637	0.07858403772115707	0.10875415056943893	0.6946747303009033
638	0.07782716304063797	0.10874371975660324	0.6947097182273865
639	0.07852207124233246	0.108663409948349	0.6947730779647827
640	0.07838603854179382	0.10865412652492523	0.6946427822113037
641	0.07653626799583435	0.1082998588681221	0.6953308582305908
642	0.07796066999435425	0.10805176198482513	0.6962413787841797
643	0.07886750996112823	0.10796085000038147	0.696564257144928
644	0.07776964455842972	0.10804904997348785	0.6965937614440918
645	0.0774771049618721	0.10817581415176392	0.6964433193206787
646	0.07801269739866257	0.10798866301774979	0.6972673535346985
647	0.07804840058088303	0.10763948410749435	0.6979475021362305
648	0.077507384121418	0.10742275416851044	0.6985355019569397
649	0.0786375030875206	0.1073990911245346	0.6990906000137329
650	0.07839415222406387	0.10734960436820984	0.6988434791564941
651	0.07751283049583435	0.10759806632995605	0.6968593001365662
652	0.07882735133171082	0.10824368894100189	0.6950897574424744
653	0.07853859663009644	0.10866255313158035	0.6942666172981262
654	0.07839298248291016	0.10860081017017365	0.6946770548820496
655	0.07683400809764862	0.10812176764011383	0.6960766911506653
656	0.07782809436321259	0.10743056237697601	0.6979684233665466
657	0.07798606157302856	0.10709398239850998	0.6987323760986328
658	0.07635457068681717	0.10713431239128113	0.6985205411911011
659	0.07801669836044312	0.10721735656261444	0.6984533667564392
660	0.07858696579933167	0.10757838189601898	0.6973174810409546
661	0.07797066122293472	0.10767648369073868	0.6969372630119324
662	0.0764709934592247	0.10775776207447052	0.696574866771698
663	0.07706690579652786	0.1076342910528183	0.6966710686683655
664	0.07793401181697845	0.10726619511842728	0.6987330913543701
665	0.07740557193756104	0.10689791291952133	0.7005272507667542
666	0.07679454237222672	0.10686571896076202	0.700778067111969
667	0.07738559693098068	0.10674957931041718	0.7015169858932495
668	0.07626645267009735	0.10664159804582596	0.7022053003311157
669	0.07647719979286194	0.10658499598503113	0.702761709690094
670	0.07644902914762497	0.10647593438625336	0.7036686539649963
671	0.07900994271039963	0.10656093806028366	0.703652560710907
672	0.07710909843444824	0.10686075687408447	0.7021321654319763
673	0.07725850492715836	0.10713880509138107	0.7006722092628479
674	0.0773463249206543	0.10727272182703018	0.7001250982284546
675	0.07656902819871902	0.10730650275945663	0.7002479434013367
676	0.07585959881544113	0.10728954523801804	0.7009128928184509
677	0.07571551203727722	0.10710684955120087	0.7023547887802124
678	0.07698104530572891	0.10701039433479309	0.7033815383911133
679	0.07587827742099762	0.10698305070400238	0.7040172219276428
680	0.07553980499505997	0.10704532265663147	0.7040756940841675
681	0.07719199359416962	0.10723111778497696	0.7034040093421936
682	0.07537290453910828	0.10747034847736359	0.7025601863861084
683	0.07507432997226715	0.10767734795808792	0.7017648220062256
684	0.07560387253761292	0.10767866671085358	0.7019000053405762
685	0.07678331434726715	0.10748925060033798	0.7027715444564819
686	0.07569754123687744	0.10716864466667175	0.7039686441421509
687	0.07576575130224228	0.10689964145421982	0.705284833908081
688	0.07621462643146515	0.10710079967975616	0.7048037052154541
689	0.07567686587572098	0.10764648020267487	0.7032772302627563
690	0.07468381524085999	0.10821741074323654	0.7011774778366089
691	0.07555735856294632	0.10807214677333832	0.7000300288200378
692	0.0755557268857956	0.10801412165164948	0.6981410384178162
693	0.07605624198913574	0.10798036307096481	0.6970535516738892
694	0.0762033462524414	0.10802865028381348	0.6964990496635437
695	0.07518739253282547	0.10796386748552322	0.6970106959342957
696	0.0758342370390892	0.10791990906000137	0.6978020071983337
697	0.07572156190872192	0.10776017606258392	0.6989160776138306
698	0.0756283551454544	0.1074845939874649	0.6997122764587402
699	0.07674480229616165	0.10718659311532974	0.7003940343856812
700	0.07568523287773132	0.10722961276769638	0.6996886134147644
701	0.07525524497032166	0.10721109062433243	0.6994184255599976
702	0.07533188164234161	0.10723819583654404	0.6993038058280945
703	0.07459985464811325	0.10741123557090759	0.6988347768783569
704	0.07450324296951294	0.10758958756923676	0.6983116865158081
705	0.07570502161979675	0.1078413799405098	0.697446346282959
706	0.07338223606348038	0.1079275980591774	0.6972917914390564
707	0.07369538396596909	0.10824017226696014	0.6962605714797974
708	0.07465418428182602	0.1083754375576973	0.695921778678894
709	0.07479396462440491	0.10849498212337494	0.6955028772354126
710	0.07623935490846634	0.10861843824386597	0.694813072681427
711	0.07556392252445221	0.1084820032119751	0.6951684355735779
712	0.07484886795282364	0.10842541605234146	0.6951026320457458
713	0.07540471106767654	0.10830703377723694	0.6957567930221558
714	0.0747058093547821	0.1080065369606018	0.6972678303718567
715	0.0747961550951004	0.10774432122707367	0.6987126469612122
716	0.0745750293135643	0.10731623321771622	0.700686514377594
717	0.07320565730333328	0.10698024183511734	0.7023929357528687
718	0.07452022284269333	0.10700476914644241	0.7020562887191772
719	0.07419480383396149	0.10722459107637405	0.7005831003189087
720	0.07446321099996567	0.10786297917366028	0.6990292072296143
721	0.07505413144826889	0.1081666350364685	0.6978247761726379
722	0.07479504495859146	0.10823176056146622	0.697073221206665
723	0.07465741038322449	0.10807610303163528	0.6975772976875305
724	0.07453621178865433	0.1081160455942154	0.6980457305908203
725	0.07473049312829971	0.1079525351524353	0.699125349521637
726	0.07537313550710678	0.10761275887489319	0.7003774046897888
727	0.07376924157142639	0.10740542411804199	0.7015801072120667
728	0.07415594160556793	0.10746383666992188	0.701908528804779
729	0.0747104287147522	0.10723640769720078	0.7021352648735046
730	0.07394672185182571	0.10720917582511902	0.7017009258270264
731	0.07294471561908722	0.1071920171380043	0.7012331485748291
732	0.07195618003606796	0.107443667948246	0.7001345753669739
733	0.07529330998659134	0.1077369898557663	0.6985839009284973
734	0.07409817725419998	0.1078685000538826	0.6981359124183655
735	0.0734233409166336	0.10785392671823502	0.6986997127532959
736	0.07392711937427521	0.1075843796133995	0.7003649473190308
737	0.07341883331537247	0.10734754055738449	0.701887309551239
738	0.0739348977804184	0.1071624830365181	0.7031126022338867
739	0.07326389104127884	0.10713819414377213	0.7035413980484009
740	0.07305442541837692	0.10695745050907135	0.7042728662490845
741	0.0742594450712204	0.10697057843208313	0.7043740749359131
742	0.07163900136947632	0.10706665366888046	0.7041176557540894
743	0.07180295139551163	0.10712861269712448	0.7041530609130859
744	0.07184112071990967	0.1072910726070404	0.7038019895553589
745	0.07336199283599854	0.10722027719020844	0.7037274837493896
746	0.0738806426525116	0.10706166923046112	0.7036876082420349
747	0.07155133038759232	0.10685908049345016	0.7041335105895996
748	0.07256246358156204	0.10682736337184906	0.703984797000885
749	0.07213465869426727	0.1071283295750618	0.7026364803314209
750	0.07093895971775055	0.10749617964029312	0.7009427547454834
751	0.07281126081943512	0.10809773206710815	0.6986290812492371
752	0.07303312420845032	0.10878965258598328	0.6960960626602173
753	0.07259683310985565	0.10869084298610687	0.6961389183998108
754	0.07235720753669739	0.10821329802274704	0.6975395679473877
755	0.0736248716711998	0.10781453549861908	0.6994577050209045
756	0.07209785282611847	0.10791370272636414	0.6989502906799316
757	0.0721268281340599	0.10801325738430023	0.6986673474311829
758	0.07352104783058167	0.1086851954460144	0.6968140006065369
759	0.07211698591709137	0.10888440907001495	0.6960146427154541
760	0.07239346951246262	0.10870971530675888	0.6964581608772278
761	0.07242302596569061	0.1083223968744278	0.698015570640564
762	0.07138235867023468	0.10795832425355911	0.6995694041252136
763	0.07100226730108261	0.10755785554647446	0.7017303109169006
764	0.0724417045712471	0.10737472772598267	0.7033866047859192
765	0.0722138062119484	0.10737986862659454	0.7038371562957764
766	0.07178615033626556	0.1073804497718811	0.7041351199150085
767	0.07217386364936829	0.10717366635799408	0.7049933671951294
768	0.07183243334293365	0.1069856509566307	0.7055270671844482
769	0.07197383046150208	0.10704176872968674	0.7051690220832825
770	0.0721827819943428	0.10705447196960449	0.7046380639076233
771	0.07256007939577103	0.10669418424367905	0.7060103416442871
772	0.07203677296638489	0.10639417916536331	0.7065325379371643
773	0.07137642800807953	0.10652859508991241	0.705134391784668
774	0.07178238779306412	0.10694874823093414	0.7032859921455383
775	0.07045231759548187	0.10709480196237564	0.7021223902702332
776	0.07125673443078995	0.10742010921239853	0.7001693248748779
777	0.07163839042186737	0.10751664638519287	0.6997197866439819
778	0.07038015127182007	0.10773210972547531	0.6988633275032043
779	0.07149366289377213	0.10792404413223267	0.6984269022941589
780	0.07196003198623657	0.10805545747280121	0.6977298259735107
781	0.07127997279167175	0.10786779224872589	0.6990756392478943
782	0.07157231867313385	0.10771217197179794	0.7001098394393921
783	0.07147492468357086	0.10753104090690613	0.7024545669555664
784	0.07142040133476257	0.10739050805568695	0.7030038833618164
785	0.07174918055534363	0.10762583464384079	0.7020071744918823
786	0.0711384266614914	0.10754039138555527	0.7023414969444275
787	0.07140923291444778	0.10762886703014374	0.7021942734718323
788	0.07088682800531387	0.10768654942512512	0.7020494937896729
789	0.07203378528356552	0.10774817317724228	0.7019644379615784
790	0.07166262716054916	0.10772155970335007	0.7026092410087585
791	0.07094758749008179	0.10758595913648605	0.7039958238601685
792	0.07193189859390259	0.10760223120450974	0.7036709785461426
793	0.07080799341201782	0.10773110389709473	0.7029203772544861
794	0.07097309827804565	0.1075172945857048	0.7036226987838745
795	0.07160621881484985	0.10722904652357101	0.7049329876899719
796	0.06993956118822098	0.10721490532159805	0.7049833536148071
797	0.07118114084005356	0.10727615654468536	0.7047361731529236
798	0.07083548605442047	0.10748698562383652	0.7035495042800903
799	0.07070281356573105	0.10772662609815598	0.7021476626396179
800	0.07149329781532288	0.10772997885942459	0.702583909034729
801	0.07145977020263672	0.10736725479364395	0.7044326066970825
802	0.06962966918945312	0.10682644695043564	0.7062200307846069
803	0.07119289040565491	0.10643807798624039	0.707791268825531
804	0.07084444165229797	0.10650936514139175	0.7074740529060364
805	0.07097084075212479	0.1066557765007019	0.7062589526176453
806	0.0697658509016037	0.1070278137922287	0.7038577198982239
807	0.07051273435354233	0.10742658376693726	0.702073872089386
808	0.07127805799245834	0.10762323439121246	0.7010921835899353
809	0.07104454189538956	0.10734651237726212	0.701786458492279
810	0.07124807685613632	0.10701856017112732	0.7032550573348999
811	0.0698787197470665	0.10690896213054657	0.7045825123786926
812	0.07190431654453278	0.10680501908063889	0.7055156230926514
813	0.07080388814210892	0.10682931542396545	0.705152690410614
814	0.06928042322397232	0.10695835202932358	0.704205334186554
815	0.06890212744474411	0.10726926475763321	0.7025388479232788
816	0.0693761482834816	0.10747646540403366	0.7016307711601257
817	0.0704144835472107	0.10762325674295425	0.7008200883865356
818	0.0704423189163208	0.10788625478744507	0.6996217370033264
819	0.0691615492105484	0.10793381184339523	0.6998843550682068
820	0.06969230622053146	0.10787587612867355	0.7004993557929993
821	0.07044722884893417	0.1078115701675415	0.7009056210517883
822	0.0699143260717392	0.10779927670955658	0.7012025713920593
823	0.07036204636096954	0.10804452002048492	0.7002170085906982
824	0.07078230381011963	0.10809186846017838	0.6999977827072144
825	0.06914576143026352	0.10824311524629593	0.6984434127807617
826	0.06908160448074341	0.108360156416893	0.6978986263275146
827	0.06971260905265808	0.10824273526668549	0.6986944079399109
828	0.06980352103710175	0.10787371546030045	0.7005590200424194
829	0.07071119546890259	0.1074940413236618	0.7029399871826172
830	0.06899178773164749	0.10731812566518784	0.7043728828430176
831	0.06951635330915451	0.10754691809415817	0.7037405371665955
832	0.06971022486686707	0.1079976037144661	0.7013307213783264
833	0.06957601010799408	0.10883177071809769	0.6975240111351013
834	0.06896752864122391	0.10925548523664474	0.6956570148468018
835	0.07083636522293091	0.10884664952754974	0.6975298523902893
836	0.06885678321123123	0.10802234709262848	0.7009671330451965
837	0.06881241500377655	0.10748438537120819	0.7036055326461792
838	0.06912272423505783	0.10728191584348679	0.7043284773826599
839	0.06956231594085693	0.10709516704082489	0.7051003575325012
840	0.06908300518989563	0.10713605582714081	0.7040426731109619
841	0.06985881924629211	0.10738421231508255	0.7019477486610413
842	0.06930016726255417	0.1077602431178093	0.6990894675254822
843	0.06966912001371384	0.10772852599620819	0.6990888118743896
844	0.07041513174772263	0.1073792353272438	0.7007538676261902
845	0.06783617287874222	0.10707967728376389	0.7022916674613953
846	0.06829645484685898	0.10708090662956238	0.7022516131401062
847	0.06897977739572525	0.10695065557956696	0.7030100226402283
848	0.06832239031791687	0.10719495266675949	0.7017775177955627
849	0.0694519430398941	0.10758455842733383	0.699847936630249
850	0.06836910545825958	0.10798671096563339	0.6983118653297424
851	0.06785061955451965	0.10810220241546631	0.6980596780776978
852	0.06765437126159668	0.10818697512149811	0.698051929473877
853	0.06940455734729767	0.10817424207925797	0.6984578967094421
854	0.06754432618618011	0.10809416323900223	0.6990328431129456
855	0.0691349133849144	0.10770761221647263	0.7009909749031067
856	0.06729775667190552	0.10758376866579056	0.7024608254432678
857	0.06877609342336655	0.10772901028394699	0.7019692659378052
858	0.068952277302742	0.1080477237701416	0.7005465626716614
859	0.06887207180261612	0.10848300158977509	0.6984750032424927
860	0.06924114376306534	0.10858698934316635	0.6977002620697021
861	0.06705532222986221	0.10832785069942474	0.6988086700439453
862	0.06814265996217728	0.10806257277727127	0.6996535658836365
863	0.069107785820961	0.10797447711229324	0.6993311643600464
864	0.06892064958810806	0.10808752477169037	0.6981008052825928
865	0.06829024851322174	0.10811036825180054	0.6973282694816589
866	0.06845173239707947	0.1081344410777092	0.6971567869186401
867	0.06806812435388565	0.10820899903774261	0.6971065402030945
868	0.06739369034767151	0.10798043012619019	0.6985141038894653
869	0.06782975047826767	0.10781315714120865	0.6996579170227051
870	0.06929359585046768	0.1077973023056984	0.7004124522209167
871	0.06775170564651489	0.10781469941139221	0.7003980278968811
872	0.06829182803630829	0.10785868018865585	0.699802041053772
873	0.06820384413003922	0.10786762833595276	0.6999966502189636
874	0.06802842020988464	0.10776497423648834	0.7010621428489685
875	0.06933935731649399	0.1075039803981781	0.7024132609367371
876	0.06675690412521362	0.10703714191913605	0.7045636177062988
877	0.06811264902353287	0.10684994608163834	0.7064696550369263
878	0.0686325877904892	0.10690923780202866	0.706903874874115
879	0.06812270730733871	0.10715926438570023	0.7056283354759216
880	0.06807512789964676	0.10748032480478287	0.704008936882019
881	0.06709205359220505	0.1078481674194336	0.702353835105896
882	0.06778763234615326	0.10793828964233398	0.7019006013870239
883	0.06827347725629807	0.10778524726629257	0.702753484249115
884	0.06737764924764633	0.10745067149400711	0.7042070031166077
885	0.06534483283758163	0.10740246623754501	0.703803300857544
886	0.06616473942995071	0.10757724940776825	0.7022205591201782
887	0.06672608852386475	0.10774647444486618	0.7011206150054932
888	0.06610064208507538	0.1078835278749466	0.7007192969322205
889	0.06662258505821228	0.10810831189155579	0.7000451683998108
890	0.06718026846647263	0.1080029159784317	0.7008005380630493
891	0.066322922706604	0.10776396840810776	0.7022920250892639
892	0.06749355047941208	0.10736963897943497	0.7057005763053894
893	0.06723356246948242	0.10735121369361877	0.7045910358428955
894	0.06750692427158356	0.10736314207315445	0.704148530960083
895	0.06713839620351791	0.10750800371170044	0.7036234736442566
896	0.06643933802843094	0.10764673352241516	0.7031354904174805
897	0.06755102425813675	0.1074594110250473	0.7043763399124146
898	0.06680137664079666	0.10744639486074448	0.7052717208862305
899	0.06668165326118469	0.10750249028205872	0.7050288915634155
900	0.06658817082643509	0.10768043249845505	0.703041672706604
901	0.06714972853660583	0.10783467441797256	0.7015412449836731
902	0.0664215013384819	0.10797934979200363	0.6997385621070862
903	0.06633120775222778	0.10840995609760284	0.6978923678398132
904	0.0672852173447609	0.10905804485082626	0.6941113471984863
905	0.06686169654130936	0.1088176742196083	0.6949809789657593
906	0.06609463691711426	0.10845481604337692	0.696308434009552
907	0.0664871409535408	0.10797282308340073	0.698161244392395
908	0.0673370212316513	0.10779916495084763	0.6989185214042664
909	0.06673643738031387	0.10796492546796799	0.6978672742843628
910	0.06713741272687912	0.10824315994977951	0.6964397430419922
911	0.06618750095367432	0.10864658653736115	0.6940931081771851
912	0.06743764132261276	0.1088515892624855	0.6927077174186707
913	0.06702876836061478	0.10881520807743073	0.6926078796386719
914	0.06601698696613312	0.10895846784114838	0.6923890709877014
915	0.06736982613801956	0.10872260481119156	0.6943618655204773
916	0.06551884859800339	0.10817935317754745	0.6977553367614746
917	0.06610836833715439	0.10810064524412155	0.6984986066818237
918	0.06604449450969696	0.10777738690376282	0.701598048210144
919	0.06633074581623077	0.10737812519073486	0.7049329876899719
920	0.06552614271640778	0.10754378885030746	0.7048042416572571
921	0.06601919233798981	0.10766912251710892	0.704434871673584
922	0.0669601634144783	0.10787081718444824	0.702915608882904
923	0.0670890212059021	0.10780864208936691	0.703712522983551
924	0.06608348339796066	0.10756272822618484	0.7052470445632935
925	0.06625901907682419	0.10717697441577911	0.7058996558189392
926	0.06551140546798706	0.10700695216655731	0.7059523463249207
927	0.06552165001630783	0.1069449707865715	0.7057291865348816
928	0.06676384806632996	0.1071067824959755	0.7043585777282715
929	0.06523607671260834	0.10731371492147446	0.7024990320205688
930	0.0657062828540802	0.10757626593112946	0.700865626335144
931	0.0659136101603508	0.10756989568471909	0.7006688117980957
932	0.0655331239104271	0.10731986910104752	0.7018727660179138
933	0.06583832204341888	0.10713285952806473	0.7028447985649109
934	0.06545976549386978	0.10670487582683563	0.7051588296890259
935	0.0663629099726677	0.10647307336330414	0.706632137298584
936	0.06437240540981293	0.10644184052944183	0.7072263956069946
937	0.06517811119556427	0.10657437890768051	0.7068488597869873
938	0.06623362004756927	0.10696953535079956	0.7046551704406738
939	0.06510571390390396	0.10791242867708206	0.700639545917511
940	0.06598052382469177	0.10826979577541351	0.6988182067871094
941	0.06566289812326431	0.10804751515388489	0.6991551518440247
942	0.06543350219726562	0.10746974498033524	0.7013429999351501
943	0.06397801637649536	0.10724925994873047	0.7023038864135742
944	0.06508223712444305	0.10718810558319092	0.7022185921669006
945	0.06504762917757034	0.10743892937898636	0.7005821466445923
946	0.06469162553548813	0.10767748206853867	0.6990817189216614
947	0.06467511504888535	0.10788049548864365	0.6975299119949341
948	0.06517909467220306	0.1079702153801918	0.6973891258239746
949	0.06512608379125595	0.10789177566766739	0.6986885666847229
950	0.06443281471729279	0.10770048946142197	0.7005829215049744
951	0.06596764922142029	0.1072893738746643	0.7031171321868896
952	0.06433671712875366	0.1070094108581543	0.7044035792350769
953	0.06447850167751312	0.10686208307743073	0.7054216265678406
954	0.06470701098442078	0.1069025918841362	0.7053008079528809
955	0.06581779569387436	0.10701414942741394	0.7044689059257507
956	0.06487918645143509	0.10728569328784943	0.70278400182724
957	0.06545425951480865	0.10764290392398834	0.7015572786331177
958	0.0647701844573021	0.10763579607009888	0.7015140056610107
959	0.065367691218853	0.10727749019861221	0.7029294967651367
960	0.06311260163784027	0.10672541707754135	0.7052943110466003
961	0.06504033505916595	0.10644740611314774	0.7055739760398865
962	0.06506775319576263	0.10626055300235748	0.706040620803833
963	0.06451306492090225	0.10642288625240326	0.7053317427635193
964	0.06349316984415054	0.10630428791046143	0.7059285044670105
965	0.06397037208080292	0.10622119158506393	0.7070204615592957
966	0.06387075036764145	0.10619689524173737	0.7075548768043518
967	0.06430573761463165	0.10626664012670517	0.7069307565689087
968	0.06445303559303284	0.10642348229885101	0.7057821750640869
969	0.06492055952548981	0.10649684071540833	0.7053049802780151
970	0.06374185532331467	0.10648523271083832	0.7052405476570129
971	0.06397560238838196	0.10657674074172974	0.7046163082122803
972	0.06501702964305878	0.1066223531961441	0.7040762305259705
973	0.06493844836950302	0.10665997117757797	0.7032655477523804
974	0.06366204470396042	0.1068558320403099	0.7016627788543701
975	0.0632704645395279	0.10745177417993546	0.6987382769584656
976	0.06500653922557831	0.10779983550310135	0.6972198486328125
977	0.06454088538885117	0.10794732719659805	0.696655809879303
978	0.06359387934207916	0.10795637220144272	0.6968591809272766
979	0.06394767761230469	0.10786622017621994	0.6979720592498779
980	0.0631474032998085	0.10793671011924744	0.698198139667511
981	0.06327845901250839	0.10794424265623093	0.698378324508667
982	0.06309264153242111	0.10792867839336395	0.6986609101295471
983	0.06325921416282654	0.10764750093221664	0.7003031969070435
984	0.06369642168283463	0.10722251236438751	0.7031644582748413
985	0.06512617319822311	0.10710733383893967	0.7049098014831543
986	0.06452177464962006	0.10711464285850525	0.7058053612709045
987	0.06336133927106857	0.10713495314121246	0.7060906887054443
988	0.06429925560951233	0.10725248605012894	0.7050554752349854
989	0.063149593770504	0.10741574317216873	0.7034546732902527
990	0.06372112035751343	0.10739907622337341	0.7034218907356262
991	0.06382085382938385	0.10686872154474258	0.7064400315284729
992	0.06457722932100296	0.10649719089269638	0.7088589072227478
993	0.06435263156890869	0.10625153034925461	0.709663450717926
994	0.06345388293266296	0.10627519339323044	0.7087507247924805
995	0.06314945966005325	0.10661617666482925	0.7068931460380554
996	0.06370241940021515	0.10703186690807343	0.7044910788536072
997	0.06314482539892197	0.10729241371154785	0.7030236721038818
998	0.06461068242788315	0.10751889646053314	0.7017514705657959
999	0.06305662542581558	0.10778135806322098	0.7003732919692993
1000	0.06242348253726959	0.10785628855228424	0.7002906203269958
1001	0.06309540569782257	0.10776215046644211	0.7003515958786011
1002	0.06362752616405487	0.10774584859609604	0.7000956535339355
1003	0.06403935700654984	0.10774635523557663	0.7003988027572632
1004	0.06409994512796402	0.10778390616178513	0.7002094388008118
1005	0.06330206990242004	0.1077219545841217	0.7010301947593689
1006	0.06385815143585205	0.107524573802948	0.7021006345748901
1007	0.062454551458358765	0.10720249265432358	0.7038878202438354
1008	0.0625341534614563	0.10691531002521515	0.7053476572036743
1009	0.064168781042099	0.1067546010017395	0.7059561014175415
1010	0.06413721293210983	0.10667964816093445	0.7058804035186768
1011	0.06345772743225098	0.10678611695766449	0.7050125598907471
1012	0.06273084133863449	0.10724493861198425	0.702716588973999
1013	0.06278347223997116	0.10780470818281174	0.6994889974594116
1014	0.06273244321346283	0.10774745792150497	0.6993601322174072
1015	0.06289379298686981	0.10728167742490768	0.7014827728271484
1016	0.0635949969291687	0.10675240308046341	0.7042879462242126
1017	0.06328500807285309	0.10657750070095062	0.7053475379943848
1018	0.06374508142471313	0.10671418905258179	0.7044549584388733
1019	0.06294503062963486	0.10697422921657562	0.7032840847969055
1020	0.06322117149829865	0.10723946988582611	0.7021819949150085
1021	0.0631672739982605	0.10730279982089996	0.7017382979393005
1022	0.0631076842546463	0.10719991475343704	0.702616274356842
1023	0.06263048201799393	0.10715115815401077	0.7037214636802673
1024	0.06248481571674347	0.10725779831409454	0.7029343843460083
1025	0.06181146949529648	0.10734666138887405	0.7017621397972107
1026	0.06424155831336975	0.10738835483789444	0.7012038826942444
1027	0.06294136494398117	0.10753462463617325	0.7000690698623657
1028	0.06262485682964325	0.10763607919216156	0.6990755200386047
1029	0.06227175518870354	0.10784199833869934	0.697871744632721
1030	0.06192609667778015	0.10803992301225662	0.6970392465591431
1031	0.06227099522948265	0.10795048624277115	0.6979990601539612
1032	0.06259944289922714	0.10763026773929596	0.7003273367881775
1033	0.06265734881162643	0.10739114880561829	0.7021787762641907
1034	0.06420525908470154	0.10738398134708405	0.7023463845252991
1035	0.06289158016443253	0.10739920288324356	0.7017149925231934
1036	0.06350518018007278	0.10755734145641327	0.700232744216919
1037	0.06071334332227707	0.1078827753663063	0.6983082890510559
1038	0.06273649632930756	0.1079455092549324	0.6980307698249817
1039	0.06165808439254761	0.1075507327914238	0.7006183862686157
1040	0.062184493988752365	0.10707961022853851	0.7040092945098877
1041	0.0624682791531086	0.10671442002058029	0.7066494822502136
1042	0.06331504881381989	0.10635989904403687	0.7079979777336121
1043	0.06228203326463699	0.1063464805483818	0.7065121531486511
1044	0.06260830909013748	0.10673895478248596	0.7037744522094727
1045	0.06328294426202774	0.10742399096488953	0.7003489136695862
1046	0.061508066952228546	0.10762594640254974	0.6995375156402588
1047	0.06274708360433578	0.10726803541183472	0.7020480036735535
1048	0.06135081127285957	0.10698059946298599	0.7045146226882935
1049	0.06226615607738495	0.10686025023460388	0.7065965533256531
1050	0.06219509243965149	0.10686033964157104	0.7074167132377625
1051	0.06179218366742134	0.10700812935829163	0.7067939639091492
1052	0.061536528170108795	0.10718750953674316	0.7050740718841553
1053	0.060348834842443466	0.10759508609771729	0.702667772769928
1054	0.06296273320913315	0.10776466876268387	0.701953113079071
1055	0.0630384087562561	0.1075979694724083	0.7034221887588501
1056	0.06225607916712761	0.10730121284723282	0.7059535980224609
1057	0.06080600246787071	0.10709279775619507	0.7068754434585571
1058	0.06219848245382309	0.10707515478134155	0.7056293487548828
1059	0.06246383488178253	0.10724562406539917	0.7030529975891113
1060	0.06172960251569748	0.10740578919649124	0.7009534239768982
1061	0.06137697771191597	0.10765602439641953	0.6989990472793579
1062	0.061227649450302124	0.10772950947284698	0.6987066268920898
1063	0.06110714375972748	0.10761146247386932	0.699823260307312
1064	0.061844564974308014	0.10754257440567017	0.7005676031112671
1065	0.061619050800800323	0.10771462321281433	0.7002009153366089
1066	0.062337037175893784	0.10790754854679108	0.699228048324585
1067	0.061982717365026474	0.10808016359806061	0.6988043189048767
1068	0.060915157198905945	0.10811059176921844	0.6994799375534058
1069	0.06147177889943123	0.10784163326025009	0.7011581659317017
1070	0.0612344853579998	0.10763340443372726	0.7018540501594543
1071	0.06215332821011543	0.10736612975597382	0.7023615837097168
1072	0.061596114188432693	0.10726937651634216	0.7026336193084717
1073	0.06127918139100075	0.10722855478525162	0.7032772302627563
1074	0.06108430027961731	0.10737594962120056	0.7030131220817566
1075	0.06122758612036705	0.10759398341178894	0.7016689777374268
1076	0.06169765442609787	0.1077420562505722	0.7003281116485596
1077	0.06158560514450073	0.1077386662364006	0.7001718282699585
1078	0.06107212230563164	0.10754317045211792	0.7006832361221313
1079	0.061438318341970444	0.1073080524802208	0.701479434967041
1080	0.05947636440396309	0.10714671015739441	0.7016646862030029
1081	0.061755552887916565	0.10713528841733932	0.701526939868927
1082	0.06104112043976784	0.10729847103357315	0.7009132504463196
1083	0.06133205443620682	0.10749597102403641	0.7004309296607971
1084	0.0604286715388298	0.10778239369392395	0.700352668762207
1085	0.06197403371334076	0.10811901092529297	0.6996009349822998
1086	0.06184360757470131	0.10811084508895874	0.7004280686378479
1087	0.06205824762582779	0.10790973156690598	0.701596200466156
1088	0.06056106463074684	0.10760790854692459	0.7041579484939575
1089	0.060324810445308685	0.10744046419858932	0.7047848105430603
1090	0.06047971919178963	0.10741148889064789	0.7052773237228394
1091	0.060658615082502365	0.10752996057271957	0.7044737339019775
1092	0.06152042746543884	0.10769840329885483	0.7039047479629517
1093	0.06101011857390404	0.10783778131008148	0.7039094567298889
1094	0.058876074850559235	0.10772376507520676	0.705625057220459
1095	0.0608680285513401	0.10768043249845505	0.7057279348373413
1096	0.05900700017809868	0.10772252827882767	0.704609751701355
1097	0.06126471981406212	0.10769359767436981	0.7039158940315247
1098	0.0601862408220768	0.10769587010145187	0.7032669186592102
1099	0.06147381663322449	0.10744718462228775	0.7042011618614197
1100	0.06072418391704559	0.10734283179044724	0.7044245004653931
1101	0.05937433987855911	0.10714944452047348	0.7052392959594727
1102	0.05939796566963196	0.10720957070589066	0.7046565413475037
1103	0.05987914651632309	0.10712992399930954	0.7047767639160156
1104	0.060664787888526917	0.10703454911708832	0.7051979303359985
1105	0.060951970517635345	0.10697224736213684	0.7051169276237488
1106	0.059981416910886765	0.10688032954931259	0.7051487565040588
1107	0.060461290180683136	0.10677891224622726	0.7059121131896973
1108	0.05982902646064758	0.10679823905229568	0.7063013911247253
1109	0.05990082770586014	0.10690638422966003	0.7062844634056091
1110	0.05941406264901161	0.10721767693758011	0.7048078775405884
1111	0.05973362177610397	0.1076270043849945	0.7022560834884644
1112	0.05966072902083397	0.10787966102361679	0.7009342312812805
1113	0.06150108948349953	0.10792210698127747	0.7007108330726624
1114	0.06000238656997681	0.10787469893693924	0.7013705968856812
1115	0.06070936098694801	0.10760505497455597	0.703519344329834
1116	0.06023712083697319	0.10744835436344147	0.7042043209075928
1117	0.060170695185661316	0.10742086172103882	0.7033730149269104
1118	0.059837594628334045	0.1074654683470726	0.7022177577018738
1119	0.059311192482709885	0.10765890032052994	0.7016369104385376
1120	0.06056605651974678	0.10776074230670929	0.7017039060592651
1121	0.05895179510116577	0.10780726373195648	0.7018392086029053
1122	0.06069958209991455	0.10770023614168167	0.7026692032814026
1123	0.05979064851999283	0.10757219046354294	0.7035877108573914
1124	0.059288762509822845	0.1075974702835083	0.7032531499862671
1125	0.05929024890065193	0.10759446769952774	0.7029709219932556
1126	0.05933913588523865	0.10773831605911255	0.7023739218711853
1127	0.06003451347351074	0.10775946080684662	0.7025213837623596
1128	0.05954844877123833	0.10768882185220718	0.7029671669006348
1129	0.05987224727869034	0.10768184810876846	0.7028815746307373
1130	0.05967705696821213	0.10779033601284027	0.7023178935050964
1131	0.05853224918246269	0.10791277885437012	0.7017213702201843
1132	0.05948658660054207	0.10787791758775711	0.7017395496368408
1133	0.05959133058786392	0.10786011815071106	0.7016229033470154
1134	0.058715708553791046	0.10789687186479568	0.7011939287185669
1135	0.05957426875829697	0.10788792371749878	0.7011327147483826
1136	0.060255907475948334	0.10779403895139694	0.7023680806159973
1137	0.059277068823575974	0.10759606957435608	0.7033945918083191
1138	0.059649668633937836	0.10740052908658981	0.7042368650436401
1139	0.05952196568250656	0.10742796957492828	0.7040101289749146
1140	0.05938786268234253	0.10737759619951248	0.7038013935089111
1141	0.05815650150179863	0.10718671977519989	0.7047508358955383
1142	0.058123957365751266	0.10702981054782867	0.7059141397476196
1143	0.058831363916397095	0.1070152223110199	0.7066071629524231
1144	0.06083126738667488	0.10696537792682648	0.7071090936660767
1145	0.059011127799749374	0.10686702281236649	0.7073034644126892
1146	0.059079933911561966	0.1069537028670311	0.7059075832366943
1147	0.05958423763513565	0.10699906200170517	0.7057344317436218
1148	0.05912933871150017	0.10706470161676407	0.7059535384178162
1149	0.05870962142944336	0.10708584636449814	0.7060776352882385
1150	0.05884392932057381	0.10711473226547241	0.7061278820037842
1151	0.05857556685805321	0.10703732818365097	0.7065480947494507
1152	0.058054257184267044	0.10699877142906189	0.7055861353874207
1153	0.058634717017412186	0.10705706477165222	0.7046513557434082
1154	0.05942608043551445	0.10698935389518738	0.7049171328544617
1155	0.06007107347249985	0.10687330365180969	0.705702006816864
1156	0.059507135301828384	0.10668724775314331	0.7068989276885986
1157	0.058374788612127304	0.10674228519201279	0.7069064378738403
1158	0.06012772396206856	0.10687582939863205	0.7066158056259155
1159	0.060407042503356934	0.10720864683389664	0.7048941254615784
1160	0.05950386822223663	0.10762479901313782	0.7025706768035889
1161	0.05925669148564339	0.10805176198482513	0.7005746364593506
1162	0.05846980959177017	0.10816995054483414	0.6999721527099609
1163	0.05951257422566414	0.1080007329583168	0.7008649706840515
1164	0.058191876858472824	0.107746422290802	0.7027700543403625
1165	0.05907188728451729	0.10753462463617325	0.703996479511261
1166	0.058194540441036224	0.10752393305301666	0.7034987807273865
1167	0.05901267006993294	0.10745957493782043	0.7025130987167358
1168	0.05830172076821327	0.10724426060914993	0.7028636932373047
1169	0.05804412439465523	0.10698167979717255	0.7038597464561462
1170	0.05924888327717781	0.10650863498449326	0.7067868709564209
1171	0.058299895375967026	0.10622463375329971	0.7089815139770508
1172	0.05774710699915886	0.10625959932804108	0.7090086340904236
1173	0.05749424546957016	0.10644711554050446	0.7082892060279846
1174	0.058079712092876434	0.10681027173995972	0.7067158818244934
1175	0.05889732763171196	0.1071920171380043	0.7047848105430603
1176	0.058923136442899704	0.10738260298967361	0.7039379477500916
1177	0.05816279724240303	0.10724663734436035	0.7048536539077759
1178	0.05968267843127251	0.10713258385658264	0.7060549855232239
1179	0.05906016752123833	0.10718385130167007	0.7059434056282043
1180	0.057985030114650726	0.10734815895557404	0.7046968340873718
1181	0.05774116516113281	0.1075688824057579	0.703205406665802
1182	0.05853978171944618	0.10753007233142853	0.7030061483383179
1183	0.057979222387075424	0.10730412602424622	0.7036719918251038
1184	0.05894511938095093	0.10709668695926666	0.7040711641311646
1185	0.05882604792714119	0.10706880688667297	0.7039653658866882
1186	0.05888455733656883	0.10723435878753662	0.7034639120101929
1187	0.057396143674850464	0.10750647634267807	0.7018903493881226
1188	0.05727680027484894	0.10767798870801926	0.7010642290115356
1189	0.058647241443395615	0.10743197053670883	0.7029220461845398
1190	0.05686930567026138	0.10709283500909805	0.7058913707733154
1191	0.05638065189123154	0.10685170441865921	0.7072954773902893
1192	0.05837269499897957	0.10688987374305725	0.7067644000053406
1193	0.05857742577791214	0.10689341276884079	0.7068173885345459
1194	0.057822100818157196	0.10679725557565689	0.707525908946991
1195	0.0583522692322731	0.10661858320236206	0.7082843780517578
1196	0.05715404823422432	0.1068718358874321	0.7063887119293213
1197	0.05804479122161865	0.10718733817338943	0.7045342326164246
1198	0.05772053450345993	0.10734884440898895	0.703842282295227
1199	0.05823182687163353	0.10756845027208328	0.7035796046257019
1200	0.0581197626888752	0.10759603977203369	0.7043538689613342
1201	0.05821892246603966	0.10748136788606644	0.7050334215164185
1202	0.057819221168756485	0.10725833475589752	0.7054089903831482
1203	0.05730661749839783	0.10713131725788116	0.7051470875740051
1204	0.05804236978292465	0.10698270052671432	0.70556640625
1205	0.05876956507563591	0.10694106668233871	0.7064622044563293
1206	0.05840543285012245	0.10707145929336548	0.7064560055732727
1207	0.056966833770275116	0.10711635649204254	0.7066634297370911
1208	0.0571637786924839	0.10709207504987717	0.7071360349655151
1209	0.05816752836108208	0.10711297392845154	0.7066850066184998
1210	0.05661720037460327	0.10717105120420456	0.705790638923645
1211	0.057768456637859344	0.10710419714450836	0.7054255604743958
1212	0.057355448603630066	0.10707177966833115	0.704680323600769
1213	0.05755012482404709	0.10690894722938538	0.7054126262664795
1214	0.05834333971142769	0.10657531768083572	0.7077423334121704
1215	0.05678911134600639	0.10646383464336395	0.7090539932250977
1216	0.058362144976854324	0.1064366027712822	0.7093993425369263
1217	0.05774528905749321	0.10668087005615234	0.7080052495002747
1218	0.05684732273221016	0.10714492946863174	0.7048613429069519
1219	0.05718360096216202	0.1075364202260971	0.7029868960380554
1220	0.058197859674692154	0.10715974122285843	0.7048786282539368
1221	0.056948281824588776	0.106621153652668	0.7077058553695679
1222	0.05636860430240631	0.10628427565097809	0.709710419178009
1223	0.05730440467596054	0.1062653586268425	0.7098488211631775
1224	0.05860739201307297	0.10663262754678726	0.7077347636222839
1225	0.05614045634865761	0.10730516165494919	0.7036846280097961
1226	0.05666371062397957	0.10759995132684708	0.7017182111740112
1227	0.057673390954732895	0.10740508139133453	0.7031803131103516
1228	0.05779685080051422	0.1069670170545578	0.706408679485321
1229	0.05694056302309036	0.10647355765104294	0.7093568444252014
1230	0.05609934404492378	0.1062183678150177	0.7103626728057861
1231	0.056292906403541565	0.10608822852373123	0.7098146080970764
1232	0.05622411146759987	0.10626845806837082	0.7083523869514465
1233	0.057021614164114	0.10645928978919983	0.7077404260635376
1234	0.056809332221746445	0.10657799988985062	0.7081602215766907
1235	0.05645457282662392	0.10661271214485168	0.7098354697227478
1236	0.056447919458150864	0.10674139112234116	0.7107833623886108
1237	0.05724149942398071	0.1069059818983078	0.7099837064743042
1238	0.057106342166662216	0.10681136697530746	0.7100513577461243
1239	0.05544816702604294	0.10655863583087921	0.7109724283218384
1240	0.055776044726371765	0.10629815608263016	0.7114104628562927
1241	0.05727531760931015	0.1060723066329956	0.7116562724113464
1242	0.058038532733917236	0.10615682601928711	0.7102462649345398
1243	0.0569738931953907	0.1062723696231842	0.7092643976211548
1244	0.05685596540570259	0.10637922585010529	0.7086476683616638
1245	0.05679158493876457	0.10648912191390991	0.7089204788208008
1246	0.05744229629635811	0.10655903071165085	0.7094612121582031
1247	0.056338489055633545	0.10644561797380447	0.709077000617981
1248	0.05753041431307793	0.10643935948610306	0.7068220973014832
1249	0.057337645441293716	0.10680752247571945	0.7046801447868347
1250	0.058263037353754044	0.10696624964475632	0.7044762969017029
1251	0.05586137995123863	0.10695993900299072	0.7054331302642822
1252	0.05626876279711723	0.10696618258953094	0.7074611783027649
1253	0.05604793503880501	0.10682278871536255	0.7098057270050049
1254	0.05776035785675049	0.10676531493663788	0.7111174464225769
1255	0.05746941640973091	0.10652951896190643	0.7118028402328491
1256	0.05729903280735016	0.10643957555294037	0.7126465439796448
1257	0.055916376411914825	0.10665057599544525	0.7094516754150391
1258	0.05557042360305786	0.10672535002231598	0.7086541056632996
1259	0.05661969631910324	0.10675593465566635	0.7071484327316284
1260	0.056211117655038834	0.10668003559112549	0.7102048397064209
1261	0.056462403386831284	0.10627438873052597	0.7143308520317078
1262	0.05809224769473076	0.10707095265388489	0.7092951536178589
1263	0.05819069221615791	0.1070021465420723	0.7055118083953857
1264	0.05983639135956764	0.10675308853387833	0.7078036665916443
1265	0.059136632829904556	0.10666151344776154	0.7077442407608032
1266	0.06156644597649574	0.10628845542669296	0.7097355723381042
1267	0.05837905779480934	0.10602398216724396	0.7101706862449646
1268	0.058785971254110336	0.10596144199371338	0.7110803723335266
1269	0.058768413960933685	0.10607487708330154	0.7121900320053101
1270	0.05887400731444359	0.1063791811466217	0.7117726802825928
1271	0.05908123031258583	0.10635466128587723	0.7121599316596985
1272	0.05769303813576698	0.10658347606658936	0.7114024758338928
1273	0.057983506470918655	0.10628721117973328	0.7122361063957214
1274	0.057347070425748825	0.1057119145989418	0.7135274410247803
1275	0.057470936328172684	0.10531856119632721	0.7136237621307373
1276	0.05752215534448624	0.10523104667663574	0.713595449924469
1277	0.05861718952655792	0.10557034611701965	0.712308943271637
1278	0.05781121924519539	0.10600706189870834	0.7107793688774109
1279	0.05627363547682762	0.10649990290403366	0.7090991139411926
1280	0.0585370808839798	0.10673850029706955	0.7084507942199707
1281	0.05668560042977333	0.10672666877508163	0.7086929678916931
1282	0.057217150926589966	0.10645715147256851	0.7099012732505798
1283	0.054971758276224136	0.10654351860284805	0.7094878554344177
1284	0.05687898024916649	0.10650738328695297	0.7098597288131714
1285	0.05673110857605934	0.1063147485256195	0.7105956077575684
1286	0.055677104741334915	0.10624413192272186	0.7111755013465881
1287	0.05565568059682846	0.10641694068908691	0.7107386589050293
1288	0.05659850686788559	0.10647977143526077	0.7113698124885559
1289	0.05555879697203636	0.10667796432971954	0.7100679278373718
1290	0.05733206123113632	0.10688265413045883	0.7082273960113525
1291	0.05661378800868988	0.10680451989173889	0.708177387714386
1292	0.05668621137738228	0.10656849294900894	0.7089455723762512
1293	0.05733514204621315	0.10629863291978836	0.7099447846412659
1294	0.055741775780916214	0.10615114867687225	0.7104805707931519
1295	0.056662674993276596	0.10611645132303238	0.7110926508903503
1296	0.056898392736911774	0.10618200898170471	0.7113719582557678
1297	0.05518294498324394	0.10643375664949417	0.7107221484184265
1298	0.056722525507211685	0.1063116267323494	0.7114308476448059
1299	0.05652795359492302	0.10588213801383972	0.71348637342453
1300	0.054650623351335526	0.1055707186460495	0.7160014510154724
1301	0.056026898324489594	0.10550660640001297	0.7170977592468262
1302	0.05585659295320511	0.10555176436901093	0.7169917225837708
1303	0.056417860090732574	0.10568258911371231	0.7164337635040283
1304	0.05560872703790665	0.10599056631326675	0.7143824696540833
1305	0.05637755244970322	0.10621719807386398	0.7130929231643677
1306	0.056045521050691605	0.1063348576426506	0.7121953964233398
1307	0.05693173035979271	0.1062784418463707	0.7116892337799072
1308	0.05648209899663925	0.10616376250982285	0.710946261882782
1309	0.055341873317956924	0.10597634315490723	0.7109841704368591
1310	0.05650998279452324	0.10594559460878372	0.7100276947021484
1311	0.05593061447143555	0.10602077841758728	0.7094722390174866
1312	0.05485864356160164	0.10624738782644272	0.7089766263961792
1313	0.05570279434323311	0.10648226737976074	0.7079418301582336
1314	0.055476777255535126	0.10666654258966446	0.7071257829666138
1315	0.0544687919318676	0.10660067945718765	0.7078891396522522
1316	0.055234555155038834	0.10658331215381622	0.7080453038215637
1317	0.05537349358201027	0.10651819407939911	0.7084463834762573
1318	0.05571764335036278	0.10648380219936371	0.7083887457847595
1319	0.05467242747545242	0.10655789822340012	0.7078238725662231
1320	0.05564369261264801	0.10637160390615463	0.7087897062301636
1321	0.055162809789180756	0.10629061609506607	0.7096146941184998
1322	0.05518215894699097	0.1061021089553833	0.7113354206085205
1323	0.054517026990652084	0.10586787760257721	0.7125604152679443
1324	0.05463865026831627	0.10560894012451172	0.7120221257209778
1325	0.05446545407176018	0.10549447685480118	0.7113842368125916
1326	0.05411319434642792	0.1053488627076149	0.7118269205093384
1327	0.05379354581236839	0.1053181141614914	0.7122512459754944
1328	0.05574984848499298	0.10517764091491699	0.7137611508369446
1329	0.05477393418550491	0.10499224066734314	0.7150188684463501
1330	0.054936379194259644	0.10495170950889587	0.7157319784164429
1331	0.05433810129761696	0.10503654927015305	0.7157117128372192
1332	0.055619463324546814	0.10505445301532745	0.7166182398796082
1333	0.05461907759308815	0.10529088973999023	0.7158802151679993
1334	0.0561949759721756	0.10548435896635056	0.7149221301078796
1335	0.054184697568416595	0.10564712435007095	0.7143970727920532
1336	0.056018441915512085	0.10559098422527313	0.7151216268539429
1337	0.05501469224691391	0.10558604449033737	0.7152369022369385
1338	0.054892487823963165	0.1057387962937355	0.7133687138557434
1339	0.054396990686655045	0.10599205642938614	0.7113948464393616
1340	0.054479971528053284	0.10610422492027283	0.7103800773620605
1341	0.05538857728242874	0.10605905205011368	0.7107552886009216
1342	0.05588379129767418	0.10573945939540863	0.7138978242874146
1343	0.05611203610897064	0.10562463104724884	0.7152032852172852
1344	0.05553513765335083	0.1056385263800621	0.7156144380569458
1345	0.05481497570872307	0.10603595525026321	0.7135618329048157
1346	0.05453985184431076	0.10607219487428665	0.712730348110199
1347	0.05626527965068817	0.1061001569032669	0.7115992903709412
1348	0.05462813004851341	0.10598447173833847	0.7122103571891785
1349	0.05490793660283089	0.1058359295129776	0.7132567167282104
1350	0.05390351265668869	0.1055777445435524	0.714899480342865
1351	0.0540657676756382	0.10543245077133179	0.7159914374351501
1352	0.05295081436634064	0.10552480816841125	0.7147235870361328
1353	0.05496089905500412	0.10573529452085495	0.7129093408584595
1354	0.05456695705652237	0.10580458492040634	0.7125377655029297
1355	0.054589733481407166	0.10594957321882248	0.712105393409729
1356	0.053808826953172684	0.10600230097770691	0.7120321393013
1357	0.054402906447649	0.10584066808223724	0.7126899361610413
1358	0.05439647287130356	0.10562203079462051	0.7133591771125793
1359	0.05315225571393967	0.10540985316038132	0.7133316993713379
1360	0.05411611124873161	0.105289988219738	0.7135695219039917
1361	0.053157441318035126	0.10531865060329437	0.7135294079780579
1362	0.05437008664011955	0.10546059161424637	0.7130616903305054
1363	0.05595855414867401	0.10560288280248642	0.712964653968811
1364	0.053563132882118225	0.10580948740243912	0.7127385139465332
1365	0.052989549934864044	0.10591674596071243	0.7131798267364502
1366	0.05248614400625229	0.10578620433807373	0.7140910625457764
1367	0.05431973189115524	0.1056453287601471	0.7142611145973206
1368	0.05570153519511223	0.10549935698509216	0.7143824100494385
1369	0.05351458862423897	0.10556311160326004	0.7134408354759216
1370	0.05390253663063049	0.10574536770582199	0.7126097083091736
1371	0.053633298724889755	0.10575386881828308	0.7132587432861328
1372	0.05426736921072006	0.10571124404668808	0.7138195633888245
1373	0.05494216829538345	0.10571110248565674	0.7136215567588806
1374	0.054608140140771866	0.10574270039796829	0.7134394645690918
1375	0.054045170545578	0.10576894134283066	0.7122793793678284
1376	0.05489248409867287	0.10590492188930511	0.7115471363067627
1377	0.05370204895734787	0.10607597976922989	0.7113568782806396
1378	0.052685994654893875	0.10621944069862366	0.7117798924446106
1379	0.05420532077550888	0.10637093335390091	0.7127216458320618
1380	0.05341826751828194	0.10654548555612564	0.7129759788513184
1381	0.05396806076169014	0.10662148147821426	0.7134971022605896
1382	0.053518183529376984	0.10662242025136948	0.7133357524871826
1383	0.053932126611471176	0.10675014555454254	0.7114479541778564
1384	0.05344204604625702	0.10669820755720139	0.7102980613708496
1385	0.053786132484674454	0.10646066814661026	0.7105441689491272
1386	0.0537070669233799	0.10610652714967728	0.7121880054473877
1387	0.05330450460314751	0.1057768240571022	0.714321494102478
1388	0.05506496503949165	0.10576214641332626	0.7148143649101257
1389	0.0545220822095871	0.1059393659234047	0.7140591144561768
1390	0.05360491946339607	0.10591564327478409	0.71375972032547
1391	0.05295917019248009	0.10564801841974258	0.7147029638290405
1392	0.053175147622823715	0.1053621768951416	0.7158626317977905
1393	0.0548580028116703	0.1049477681517601	0.7184101343154907
1394	0.05274216830730438	0.1048046126961708	0.7203356027603149
1395	0.052852243185043335	0.10459823906421661	0.7221381068229675
1396	0.05406007915735245	0.10469898581504822	0.7221542000770569
1397	0.05315686762332916	0.10506017506122589	0.7208940386772156
1398	0.053643301129341125	0.10538975149393082	0.7187774777412415
1399	0.05286339670419693	0.10565992444753647	0.7171812057495117
1400	0.052696917206048965	0.10560519248247147	0.7177887558937073
1401	0.05425111949443817	0.10549871623516083	0.7182369828224182
1402	0.05428564175963402	0.10561271756887436	0.7178762555122375
1403	0.05325530096888542	0.10569669306278229	0.7169765830039978
1404	0.05398526415228844	0.10595592856407166	0.7153182625770569
1405	0.05331258103251457	0.1062878966331482	0.7126653790473938
1406	0.05370557680726051	0.10634126514196396	0.7113915681838989
1407	0.053752683103084564	0.10617153346538544	0.711834728717804
1408	0.05408790707588196	0.10584179311990738	0.7138307094573975
1409	0.053861185908317566	0.10556178539991379	0.7162408828735352
1410	0.05299588292837143	0.1054859384894371	0.7174683809280396
1411	0.05408399552106857	0.10552480071783066	0.7177559733390808
1412	0.05245001241564751	0.10574016720056534	0.716636061668396
1413	0.052938878536224365	0.10596023499965668	0.7154701948165894
1414	0.05287976190447807	0.1063089519739151	0.7137193083763123
1415	0.05351869761943817	0.10628403723239899	0.7137954831123352
1416	0.05395226180553436	0.10606037825345993	0.7151732444763184
1417	0.0525624044239521	0.10562033206224442	0.7180711627006531
1418	0.05332029238343239	0.10549961775541306	0.7194294333457947
1419	0.051885902881622314	0.10553080588579178	0.7186183333396912
1420	0.05153180658817291	0.10574866831302643	0.7162020206451416
1421	0.052317600697278976	0.10610959678888321	0.71323561668396
1422	0.05249958857893944	0.10607942938804626	0.7130549550056458
1423	0.053200092166662216	0.1058998554944992	0.7143340706825256
1424	0.0529497005045414	0.10564321279525757	0.7162030935287476
1425	0.05277077853679657	0.10560362786054611	0.7168124318122864
1426	0.05267554521560669	0.10576820373535156	0.7159791588783264
1427	0.05309508368372917	0.10602666437625885	0.7137152552604675
1428	0.052258726209402084	0.1061987578868866	0.711956799030304
1429	0.053741514682769775	0.10614244639873505	0.7129836082458496
1430	0.05322469398379326	0.10604932904243469	0.7149622440338135
1431	0.0538569912314415	0.1059165745973587	0.7169829607009888
1432	0.05218346416950226	0.10588023066520691	0.7177126407623291
1433	0.05305797979235649	0.10595283657312393	0.7170786261558533
1434	0.053031567484140396	0.10606434941291809	0.7151616215705872
1435	0.05177950859069824	0.10634967684745789	0.7130789756774902
1436	0.05352932959794998	0.1066037192940712	0.7118995785713196
1437	0.05307450518012047	0.10656391829252243	0.712334394454956
1438	0.05166799947619438	0.10620000958442688	0.7146079540252686
1439	0.053466279059648514	0.10578905045986176	0.7160557508468628
1440	0.05251481384038925	0.105463407933712	0.7172975540161133
1441	0.05267273634672165	0.10527052730321884	0.7168382406234741
1442	0.05237079784274101	0.10530044138431549	0.7153264880180359
1443	0.05224156007170677	0.10556019842624664	0.7135812044143677
1444	0.052531737834215164	0.10576963424682617	0.7130810022354126
1445	0.05302412435412407	0.10582973062992096	0.71425461769104
1446	0.05226757004857063	0.10587131977081299	0.7157927751541138
1447	0.05295915529131889	0.1057896688580513	0.7173779606819153
1448	0.0526573620736599	0.10551580041646957	0.7190587520599365
1449	0.053567443042993546	0.10531067848205566	0.7197844386100769
1450	0.053230252116918564	0.10524450987577438	0.7197536826133728
1451	0.05220196023583412	0.10532432049512863	0.7194355130195618
1452	0.05191265791654587	0.10544069856405258	0.7195758819580078
1453	0.05237273871898651	0.10578984022140503	0.7184579372406006
1454	0.051107991486787796	0.10628776252269745	0.7166230082511902
1455	0.05230940878391266	0.10661397129297256	0.7156384587287903
1456	0.0526672787964344	0.10654991865158081	0.7166082262992859
1457	0.0524064265191555	0.10635477304458618	0.7171507477760315
1458	0.05192578583955765	0.10633182525634766	0.7157753705978394
1459	0.05247948318719864	0.10636437684297562	0.7141594886779785
1460	0.05169438198208809	0.10652092844247818	0.711860179901123
1461	0.05192713439464569	0.10672241449356079	0.7097185254096985
1462	0.0522824302315712	0.1068548932671547	0.7093729376792908
1463	0.05253831297159195	0.10677282512187958	0.7107992172241211
1464	0.051775168627500534	0.10659663379192352	0.7124679088592529
1465	0.05208997055888176	0.10622794181108475	0.7134366631507874
1466	0.05240374058485031	0.10590220987796783	0.7132170796394348
1467	0.05238695070147514	0.10578486323356628	0.7126550674438477
1468	0.05207943171262741	0.10587313026189804	0.7122936248779297
1469	0.0510423369705677	0.10586660355329514	0.7127478718757629
1470	0.05208924785256386	0.10580240935087204	0.7139129638671875
1471	0.053351208567619324	0.10573311150074005	0.7156006097793579
1472	0.05218621343374252	0.105751633644104	0.7162398099899292
1473	0.0516400970518589	0.10581834614276886	0.7157724499702454
1474	0.05152846500277519	0.10579416900873184	0.7147877216339111
1475	0.05134136974811554	0.10579957067966461	0.7142173051834106
1476	0.05311720445752144	0.10574796050786972	0.714109480381012
1477	0.050482798367738724	0.1053454652428627	0.716209352016449
1478	0.05203291028738022	0.10537198930978775	0.7183231711387634
1479	0.05158115550875664	0.10547062009572983	0.7191643118858337
1480	0.05175081640481949	0.10563729703426361	0.7181699275970459
1481	0.05207354947924614	0.10583771765232086	0.7163746356964111
1482	0.05134926363825798	0.10599486529827118	0.7144556045532227
1483	0.05152401700615883	0.10598792135715485	0.713921844959259
1484	0.05206413194537163	0.10584229975938797	0.7148503065109253
1485	0.05163266509771347	0.1055661141872406	0.7160659432411194
1486	0.052136823534965515	0.10538400709629059	0.7165700197219849
1487	0.05282987281680107	0.10539889335632324	0.7165305614471436
1488	0.05171595886349678	0.1053820475935936	0.7165374159812927
1489	0.05216331407427788	0.10549464821815491	0.7151930332183838
1490	0.051807012408971786	0.10572133213281631	0.7133713364601135
1491	0.05206179618835449	0.1058981642127037	0.7116042375564575
1492	0.05112651363015175	0.10617651790380478	0.7097012400627136
1493	0.05057685449719429	0.10617849975824356	0.7106027603149414
1494	0.052279599010944366	0.10591063648462296	0.7138072848320007
1495	0.05192480981349945	0.10574547946453094	0.7160147428512573
1496	0.05243431404232979	0.1056390330195427	0.7157566547393799
1497	0.05245356261730194	0.10550172626972198	0.7154083251953125
1498	0.050698939710855484	0.10574516654014587	0.71373450756073
1499	0.0513986274600029	0.10591699928045273	0.7135645747184753
1500	0.05213379114866257	0.10595330595970154	0.7147994041442871
1501	0.053166504949331284	0.10596353560686111	0.7147117257118225
1502	0.0503227673470974	0.10590868443250656	0.7142192125320435
1503	0.051147907972335815	0.1058603823184967	0.7140281796455383
1504	0.051728662103414536	0.10590239614248276	0.7146745920181274
1505	0.050515394657850266	0.10618099570274353	0.7127131223678589
1506	0.05208753049373627	0.10632961988449097	0.7116106748580933
1507	0.05114810913801193	0.10642367601394653	0.7106307744979858
1508	0.05144432187080383	0.1065308004617691	0.7101719975471497
1509	0.051473088562488556	0.10660877078771591	0.7104408144950867
1510	0.05178341269493103	0.10645843297243118	0.7124376893043518
1511	0.05036909505724907	0.10630626231431961	0.715167760848999
1512	0.051250118762254715	0.10646615922451019	0.7143368721008301
1513	0.050970595329999924	0.10668229311704636	0.713123619556427
1514	0.051597896963357925	0.1068195030093193	0.7121432423591614
1515	0.051118385046720505	0.10660404711961746	0.7131238579750061
1516	0.051483605057001114	0.10634500533342361	0.7148802876472473
1517	0.05210702121257782	0.10627206414937973	0.7156714200973511
1518	0.051093779504299164	0.10634230077266693	0.7159548401832581
1519	0.05109817907214165	0.10651037096977234	0.7144904732704163
1520	0.050552137196063995	0.10656047612428665	0.7137953042984009
1521	0.051557499915361404	0.10637694597244263	0.71487957239151
1522	0.050838712602853775	0.10617091506719589	0.7156842947006226
1523	0.05127599090337753	0.10596749931573868	0.7160489559173584
1524	0.05101800337433815	0.10599791258573532	0.7156630754470825
1525	0.049989599734544754	0.10607384890317917	0.7150804996490479
1526	0.05117608606815338	0.10611830651760101	0.7143777012825012
1527	0.050756972283124924	0.10630447417497635	0.7133415341377258
1528	0.05085976421833038	0.10640459507703781	0.7135090231895447
1529	0.051723577082157135	0.10631168633699417	0.7147795557975769
1530	0.05075092986226082	0.10607429593801498	0.7173211574554443
1531	0.050374630838632584	0.10589275509119034	0.7183517217636108
1532	0.05129992589354515	0.10576453804969788	0.718085527420044
1533	0.051639169454574585	0.10542352497577667	0.7177983522415161
1534	0.0505058728158474	0.10532883554697037	0.7169222831726074
1535	0.050602562725543976	0.10548870265483856	0.7156358361244202
1536	0.050701405853033066	0.1057729721069336	0.7151991724967957
1537	0.0510256364941597	0.1060987263917923	0.7158092260360718
1538	0.05121804401278496	0.10635757446289062	0.7160026431083679
1539	0.05108186975121498	0.10658850520849228	0.7151963114738464
1540	0.050500042736530304	0.10669619590044022	0.7139133810997009
1541	0.05001387000083923	0.1066189780831337	0.7126199007034302
1542	0.051056381314992905	0.10647739470005035	0.7113152742385864
1543	0.051354434341192245	0.10640284419059753	0.7109275460243225
1544	0.05062875896692276	0.10628597438335419	0.7118760943412781
1545	0.05068659782409668	0.10620097070932388	0.7139559984207153
1546	0.05018450319766998	0.10629837960004807	0.7146773934364319
1547	0.050360750406980515	0.10635600984096527	0.7149712443351746
1548	0.05119606852531433	0.10635397583246231	0.715354323387146
1549	0.05060020089149475	0.1061997264623642	0.7164824604988098
1550	0.0500030554831028	0.10583418607711792	0.7192345857620239
1551	0.051814205944538116	0.10562977939844131	0.7210931777954102
1552	0.05077310651540756	0.10550358891487122	0.7220112681388855
1553	0.050619542598724365	0.10557549446821213	0.7209585309028625
1554	0.05076995864510536	0.10567443072795868	0.7193732857704163
1555	0.051001276820898056	0.10575605928897858	0.7186918258666992
1556	0.050282515585422516	0.10566927492618561	0.7189620733261108
1557	0.04991947486996651	0.1054912582039833	0.7205352187156677
1558	0.050321903079748154	0.10533230006694794	0.7214282155036926
1559	0.05010665953159332	0.10531286150217056	0.7214043140411377
1560	0.04975882172584534	0.10545699298381805	0.7198194861412048
1561	0.05091780051589012	0.10572388768196106	0.7170687913894653
1562	0.050468895584344864	0.10588937997817993	0.7155877351760864
1563	0.05088023096323013	0.10577695816755295	0.717032790184021
1564	0.04988699406385422	0.10573380440473557	0.717551589012146
1565	0.05055877938866615	0.10575665533542633	0.7178762555122375
1566	0.04996398463845253	0.1058453917503357	0.7184509634971619
1567	0.05018995329737663	0.10605566203594208	0.7177197337150574
1568	0.05012817308306694	0.10611420124769211	0.716271162033081
1569	0.049293581396341324	0.10616973787546158	0.7143449783325195
1570	0.05032946169376373	0.10622365772724152	0.713084876537323
1571	0.05054048076272011	0.10630015283823013	0.71288001537323
1572	0.050702981650829315	0.10635026544332504	0.7137965559959412
1573	0.05036889761686325	0.10639448463916779	0.7143418192863464
1574	0.05114755779504776	0.10630284249782562	0.7153139114379883
1575	0.049149930477142334	0.10613221675157547	0.716236412525177
1576	0.05061686411499977	0.10596367716789246	0.7165700793266296
1577	0.04998402297496796	0.10590077936649323	0.7161931395530701
1578	0.05026215687394142	0.10585518926382065	0.7157898545265198
1579	0.04914119467139244	0.10576444119215012	0.7158257365226746
1580	0.049204714596271515	0.10554973781108856	0.7170746922492981
1581	0.049710456281900406	0.10529305040836334	0.7189098000526428
1582	0.04924682527780533	0.10516941547393799	0.7198730111122131
1583	0.0495590902864933	0.10521498322486877	0.7197754383087158
1584	0.05101405456662178	0.10531973093748093	0.7195447087287903
1585	0.049597788602113724	0.10557777434587479	0.7184804677963257
1586	0.04850048944354057	0.1058637872338295	0.717513918876648
1587	0.04983139410614967	0.106022410094738	0.7176266312599182
1588	0.04967518895864487	0.10605297982692719	0.7189721465110779
1589	0.04980846866965294	0.10599149018526077	0.7205489277839661
1590	0.050804901868104935	0.10599987208843231	0.720655620098114
1591	0.04909135028719902	0.1060851439833641	0.7193945646286011
1592	0.048754461109638214	0.10620427876710892	0.7176551818847656
1593	0.05026471987366676	0.10623928159475327	0.7165860533714294
1594	0.05060919001698494	0.1061525046825409	0.7166957259178162
1595	0.05052413046360016	0.10600794106721878	0.7173821926116943
1596	0.04984145984053612	0.10578475147485733	0.7186694145202637
1597	0.04948144033551216	0.10569097101688385	0.7192537784576416
1598	0.04997200518846512	0.1056719422340393	0.719546914100647
1599	0.04916528984904289	0.10569676756858826	0.719368040561676
1600	0.04911448433995247	0.10569261014461517	0.7194541096687317
1601	0.04969000443816185	0.10563373565673828	0.7199227809906006
1602	0.049178313463926315	0.10557745397090912	0.7203965187072754
1603	0.05018031969666481	0.10566195100545883	0.7200238704681396
1604	0.048847053200006485	0.10596756637096405	0.717872142791748
1605	0.04943308234214783	0.10604465752840042	0.7164285182952881
1606	0.04880555719137192	0.10602767765522003	0.7156873345375061
1607	0.049845386296510696	0.1057862937450409	0.7169637680053711
1608	0.04950279742479324	0.10563960671424866	0.7173429727554321
1609	0.04889093339443207	0.10556343197822571	0.7174001932144165
1610	0.0500975176692009	0.10555902123451233	0.7176166772842407
1611	0.049119528383016586	0.10545138269662857	0.7189376354217529
1612	0.04857850447297096	0.10542063415050507	0.7202750444412231
1613	0.04887920990586281	0.1053519919514656	0.7222550511360168
1614	0.05009349063038826	0.10532025992870331	0.7227872610092163
1615	0.04953528568148613	0.10533105581998825	0.7226728796958923
1616	0.04893949255347252	0.10545902699232101	0.7214598059654236
1617	0.05007296800613403	0.1055096983909607	0.7213662266731262
1618	0.0497213676571846	0.10553767532110214	0.722069263458252
1619	0.04934133216738701	0.10564710944890976	0.7224645018577576
1620	0.04851454123854637	0.10574803501367569	0.7221909761428833
1621	0.04996100068092346	0.10578615963459015	0.7211716771125793
1622	0.05001514405012131	0.10588807612657547	0.7197239398956299
1623	0.04933491721749306	0.1060393750667572	0.7185421586036682
1624	0.05016149953007698	0.10592219978570938	0.7190223336219788
1625	0.050356604158878326	0.1056278645992279	0.7210812568664551
1626	0.050059299916028976	0.10554714500904083	0.7227244973182678
1627	0.048167526721954346	0.10564582049846649	0.7223834991455078
1628	0.04865879565477371	0.10574740916490555	0.7210355997085571
1629	0.049758728593587875	0.10573741793632507	0.7204394936561584
1630	0.04884384199976921	0.10580261051654816	0.7194094061851501
1631	0.050688404589891434	0.10572043806314468	0.7204818725585938
1632	0.04980609193444252	0.10575425624847412	0.7212846279144287
1633	0.0501033253967762	0.10579437762498856	0.7226590514183044
1634	0.049230579286813736	0.10579720884561539	0.72336345911026
1635	0.04909672960639	0.10573211312294006	0.7232703566551208
1636	0.04981965199112892	0.105709008872509	0.7223883867263794
1637	0.04970722272992134	0.1057724878191948	0.7202128171920776
1638	0.049651194363832474	0.10566549003124237	0.719759464263916
1639	0.04895500838756561	0.10543320327997208	0.7207064628601074
1640	0.04841991141438484	0.10525529831647873	0.7218078970909119
1641	0.0488596186041832	0.10529342293739319	0.7224479913711548
1642	0.04931684210896492	0.10540153831243515	0.7207496166229248
1643	0.049561526626348495	0.10548286139965057	0.7186487317085266
1644	0.04920266568660736	0.10558386147022247	0.7165771722793579
1645	0.04848484694957733	0.10578356683254242	0.7150907516479492
1646	0.05036497116088867	0.10582995414733887	0.7160303592681885
1647	0.049522824585437775	0.10587164759635925	0.7178900241851807
1648	0.04826445132493973	0.10591305047273636	0.7193796634674072
1649	0.04918774217367172	0.10589716583490372	0.7201337814331055
1650	0.047939036041498184	0.10583224892616272	0.7206071019172668
1651	0.04941082373261452	0.10586162656545639	0.7199285626411438
1652	0.04821523651480675	0.10592668503522873	0.7184488773345947
1653	0.04785393178462982	0.10577999800443649	0.718974769115448
1654	0.04883251339197159	0.10576003044843674	0.7189273238182068
1655	0.04894816502928734	0.10590450465679169	0.7178454399108887
1656	0.04873993992805481	0.10611962527036667	0.7167272567749023
1657	0.04931190609931946	0.10626102238893509	0.7160828113555908
1658	0.048769962042570114	0.10631494969129562	0.7156524062156677
1659	0.04906406253576279	0.10643526911735535	0.7152212858200073
1660	0.049250803887844086	0.10651613771915436	0.7148838043212891
1661	0.048218246549367905	0.1065790206193924	0.7149628400802612
1662	0.048930101096630096	0.10650520026683807	0.7159267663955688
1663	0.04965750128030777	0.1065942570567131	0.715634286403656
1664	0.04953020438551903	0.10671662539243698	0.7157214283943176
1665	0.04830806329846382	0.10681577771902084	0.715836763381958
1666	0.04738326370716095	0.10675191879272461	0.7166678309440613
1667	0.04815378412604332	0.10669407993555069	0.7178457379341125
1668	0.04931439459323883	0.10659860074520111	0.7180858850479126
1669	0.04863952100276947	0.10664090514183044	0.7174723744392395
1670	0.04832804203033447	0.10679171234369278	0.7152663469314575
1671	0.04907074198126793	0.10676933825016022	0.7138077020645142
1672	0.04794910177588463	0.10673856735229492	0.7130247950553894
1673	0.04876728728413582	0.10647875815629959	0.7149909734725952
1674	0.04926465451717377	0.10627800226211548	0.7175882458686829
1675	0.0485764741897583	0.106082983314991	0.7187332510948181
1676	0.04841605946421623	0.1061558872461319	0.7193166017532349
1677	0.0489354208111763	0.10621654987335205	0.719278872013092
1678	0.05032484233379364	0.1062491312623024	0.7182008028030396
1679	0.04930264502763748	0.10646411776542664	0.7158465385437012
1680	0.04942542314529419	0.1064925417304039	0.7150746583938599
1681	0.04889510199427605	0.10633981972932816	0.7162413001060486
1682	0.048205915838479996	0.10599949955940247	0.7190569639205933
1683	0.04841126501560211	0.10581371188163757	0.7208365797996521
1684	0.04832533374428749	0.10580671578645706	0.72077476978302
1685	0.04835303872823715	0.10603925585746765	0.7188649773597717
1686	0.04906582087278366	0.10641075670719147	0.7169163227081299
1687	0.048629797995090485	0.10678514838218689	0.7148486971855164
1688	0.04792884737253189	0.10698606073856354	0.7136991024017334
1689	0.04849626123905182	0.10702496021986008	0.7140304446220398
1690	0.048277273774147034	0.10687180608510971	0.715276300907135
1691	0.048226211220026016	0.10670799762010574	0.7161601185798645
1692	0.048344243317842484	0.10660790652036667	0.7156510353088379
1693	0.048395343124866486	0.10664404183626175	0.7140135765075684
1694	0.04889799654483795	0.10645917057991028	0.7139361500740051
1695	0.04860622063279152	0.10706644505262375	0.7105556130409241
1696	0.04884308949112892	0.10707256197929382	0.7109789848327637
1697	0.04860817641019821	0.1071636974811554	0.7112548351287842
1698	0.047512248158454895	0.10703151673078537	0.7132686376571655
1699	0.04857100546360016	0.10709059983491898	0.7128225564956665
1700	0.04895687475800514	0.10709109902381897	0.7123399972915649
1701	0.04973004758358002	0.10707667469978333	0.712702214717865
1702	0.050342585891485214	0.10700514167547226	0.7142184972763062
1703	0.047574665397405624	0.10698440670967102	0.7154462933540344
1704	0.04859670624136925	0.10700614750385284	0.7154717445373535
1705	0.04754767566919327	0.10704775899648666	0.7143914699554443
1706	0.04834906384348869	0.10711339116096497	0.7131348252296448
1707	0.04863598942756653	0.10706482082605362	0.7130662202835083
1708	0.048244476318359375	0.10704614967107773	0.7135270237922668
1709	0.04930054023861885	0.10670335590839386	0.7145769596099854
1710	0.04903741553425789	0.10652756690979004	0.71556556224823
1711	0.048143286257982254	0.10591252893209457	0.7178200483322144
1712	0.047721702605485916	0.10575903952121735	0.7175258994102478
1713	0.048008739948272705	0.10561591386795044	0.7170565724372864
1714	0.04813099279999733	0.10548466444015503	0.7180137038230896
1715	0.04940608888864517	0.1054244264960289	0.7184334397315979
1716	0.04810573533177376	0.10551785677671432	0.718820333480835
1717	0.04828871786594391	0.10556777566671371	0.7190936803817749
1718	0.048198480159044266	0.10569345206022263	0.7181455492973328
1719	0.0479840449988842	0.10594937950372696	0.7173805832862854
1720	0.048640020191669464	0.1059880331158638	0.7177641987800598
1721	0.047771528363227844	0.10601022839546204	0.7184854745864868
1722	0.04851469397544861	0.1060914397239685	0.7180278301239014
1723	0.047309327870607376	0.10605248808860779	0.7176815271377563
1724	0.04780684784054756	0.10599669814109802	0.7174592614173889
1725	0.04660134017467499	0.10599895566701889	0.7174220681190491
1726	0.04782607778906822	0.10605274885892868	0.7170129418373108
1727	0.04810107499361038	0.10621386021375656	0.7166299819946289
1728	0.047348059713840485	0.1064232587814331	0.7157274484634399
1729	0.04765656962990761	0.10662184655666351	0.7146122455596924
1730	0.04753180965781212	0.1066858097910881	0.7139002680778503
1731	0.047818172723054886	0.10669391602277756	0.7137548327445984
1732	0.04768878221511841	0.10659842938184738	0.7148738503456116
1733	0.0487724207341671	0.10644686222076416	0.7163658738136292
1734	0.04767930507659912	0.10629590600728989	0.7171519994735718
1735	0.047141559422016144	0.10619078576564789	0.7178317308425903
1736	0.048540711402893066	0.10644491016864777	0.7165223360061646
1737	0.04821767285466194	0.10632828623056412	0.7166476845741272
1738	0.04870691895484924	0.10613342374563217	0.7167617082595825
1739	0.047788575291633606	0.10591726005077362	0.717816174030304
1740	0.04704205319285393	0.10573559999465942	0.7182555794715881
1741	0.04724452272057533	0.10567135363817215	0.718410074710846
1742	0.0488758310675621	0.10575497895479202	0.7181848287582397
1743	0.04686170443892479	0.10583975166082382	0.7180702090263367
1744	0.048249248415231705	0.10608874261379242	0.7167001366615295
1745	0.048867035657167435	0.10613292455673218	0.7163429260253906
1746	0.04758596420288086	0.10598573833703995	0.7170939445495605
1747	0.047415394335985184	0.10587168484926224	0.7176229357719421
1748	0.04670318216085434	0.10586141794919968	0.7178778648376465
1749	0.047750912606716156	0.10604796558618546	0.7168958783149719
1750	0.04734846204519272	0.1061997339129448	0.7160634994506836
1751	0.04799531772732735	0.10637684166431427	0.7145979404449463
1752	0.04744744673371315	0.10629617422819138	0.7150964736938477
1753	0.04854919761419296	0.10601413995027542	0.7171792387962341
1754	0.04726511240005493	0.10579204559326172	0.718782901763916
1755	0.04743887856602669	0.1055247113108635	0.7203819751739502
1756	0.047321632504463196	0.10532861948013306	0.7208942174911499
1757	0.04849927872419357	0.1052238717675209	0.7209377884864807
1758	0.04849619418382645	0.10529486835002899	0.7202379703521729
1759	0.0476621650159359	0.10541470348834991	0.7190493941307068
1760	0.047866251319646835	0.10547038167715073	0.7185067534446716
1761	0.04807865619659424	0.10537558794021606	0.7195180654525757
1762	0.04729367792606354	0.10529277473688126	0.7212772369384766
1763	0.04682397469878197	0.10538603365421295	0.7218181490898132
1764	0.04710165783762932	0.1056666374206543	0.7212240099906921
1765	0.047307658940553665	0.10599213093519211	0.7195354104042053
1766	0.04766879603266716	0.10638030618429184	0.716776430606842
1767	0.04791795462369919	0.10659153759479523	0.7148979902267456
1768	0.046531278640031815	0.10661196708679199	0.7140339612960815
1769	0.04721760004758835	0.10646608471870422	0.7146002650260925
1770	0.04763627424836159	0.10621089488267899	0.7158471345901489
1771	0.04801284894347191	0.1060621440410614	0.7170634865760803
1772	0.04723140969872475	0.10588588565587997	0.7185096144676208
1773	0.04729960858821869	0.10594866424798965	0.7177631855010986
1774	0.04762585461139679	0.10611212998628616	0.7162916660308838
1775	0.04727587848901749	0.1059933751821518	0.7169264554977417
1776	0.04771263897418976	0.10593632608652115	0.7173625826835632
1777	0.0461595319211483	0.10590029507875443	0.717130720615387
1778	0.047048524022102356	0.1058664470911026	0.7180245518684387
1779	0.04773520678281784	0.10583698749542236	0.7185425758361816
1780	0.048266150057315826	0.10583285242319107	0.7188460826873779
1781	0.04784717783331871	0.10588203370571136	0.7189136147499084
1782	0.045969828963279724	0.10595563799142838	0.7183282375335693
1783	0.047667209059000015	0.10609228163957596	0.7168590426445007
1784	0.04706716537475586	0.1062099039554596	0.7159578204154968
1785	0.04726025462150574	0.10621772706508636	0.7166224718093872
1786	0.04760494455695152	0.10614658147096634	0.7182538509368896
1787	0.04740432649850845	0.1060495525598526	0.7188514471054077
1788	0.047919806092977524	0.10587722808122635	0.7194138169288635
1789	0.0477425716817379	0.10583730787038803	0.7191956043243408
1790	0.04711499437689781	0.10597330331802368	0.7179080247879028
1791	0.048838552087545395	0.10592344403266907	0.7173488140106201
1792	0.047094494104385376	0.10578854382038116	0.718254566192627
1793	0.04745772108435631	0.10552991181612015	0.7203550934791565
1794	0.04636329039931297	0.10528330504894257	0.7217680811882019
1795	0.04597760736942291	0.10521351546049118	0.7219105362892151
1796	0.04764159768819809	0.10520225018262863	0.7209876179695129
1797	0.047038767486810684	0.10532542318105698	0.71953946352005
1798	0.046634260565042496	0.10576250404119492	0.7168283462524414
1799	0.04723843187093735	0.10599102824926376	0.716097891330719
1800	0.04754294082522392	0.10603783279657364	0.7164781093597412
1801	0.04572635516524315	0.10601914674043655	0.7168940305709839
1802	0.04747331514954567	0.10589182376861572	0.718747615814209
1803	0.047956161201000214	0.10559743642807007	0.7208191156387329
1804	0.047619059681892395	0.10534610599279404	0.722057580947876
1805	0.047442726790905	0.10548529773950577	0.7217515110969543
1806	0.04601229727268219	0.10569294542074203	0.7202939391136169
1807	0.04595525935292244	0.10587793588638306	0.7186974287033081
1808	0.04680675268173218	0.1061505675315857	0.7178804874420166
1809	0.04694443568587303	0.10612130165100098	0.7179083824157715
1810	0.04729463905096054	0.10603008419275284	0.718533992767334
1811	0.046083927154541016	0.10588671267032623	0.719512403011322
1812	0.047305282205343246	0.10594113916158676	0.7191035151481628
1813	0.04663122072815895	0.10648240149021149	0.7166598439216614
1814	0.04686387628316879	0.10650063306093216	0.7153027057647705
1815	0.046710796654224396	0.10669281333684921	0.7132444381713867
1816	0.04663654789328575	0.10642426460981369	0.7148725986480713
1817	0.047297559678554535	0.10608646273612976	0.7169924378395081
1818	0.04750754311680794	0.10617026686668396	0.7167848348617554
1819	0.04753639176487923	0.10621680319309235	0.716064453125
1820	0.047650985419750214	0.10640213638544083	0.7146517634391785
1821	0.04621569439768791	0.10644092410802841	0.714442789554596
1822	0.04682325944304466	0.10649660229682922	0.7142172455787659
1823	0.04726845771074295	0.10663487762212753	0.7137316465377808
1824	0.04778386279940605	0.10679635405540466	0.7130126357078552
1825	0.04688887298107147	0.10706444084644318	0.711686372756958
1826	0.045754801481962204	0.10673902928829193	0.7139424085617065
1827	0.04659539461135864	0.10673148185014725	0.7138798832893372
1828	0.046378862112760544	0.10666877031326294	0.7143108248710632
1829	0.04686861112713814	0.10663140565156937	0.7139027118682861
1830	0.0470266155898571	0.10633023828268051	0.7159525156021118
1831	0.04740573838353157	0.10605180263519287	0.7175202369689941
1832	0.04653167724609375	0.10591538995504379	0.7180169224739075
1833	0.045867208391427994	0.10570349544286728	0.718889057636261
1834	0.04718136414885521	0.10560465604066849	0.7193211913108826
1835	0.047660358250141144	0.10557611286640167	0.7184855341911316
1836	0.04693978279829025	0.10560929775238037	0.7188591361045837
1837	0.046850480139255524	0.10568423569202423	0.7197301983833313
1838	0.04669511318206787	0.10578186064958572	0.7199335694313049
1839	0.04801056534051895	0.10591764748096466	0.7193793654441833
1840	0.04730846732854843	0.10615827143192291	0.7177976965904236
1841	0.04679659381508827	0.10647670179605484	0.7152886986732483
1842	0.045709703117609024	0.10689496248960495	0.711812436580658
1843	0.045840900391340256	0.10716273635625839	0.7099573612213135
1844	0.047091368585824966	0.10712989419698715	0.7107077836990356
1845	0.04580055549740791	0.10687234997749329	0.7138873934745789
1846	0.0471634715795517	0.10664840787649155	0.7169552445411682
1847	0.04609888046979904	0.10646246373653412	0.7181944847106934
1848	0.04547251760959625	0.10634803771972656	0.7173591256141663
1849	0.04604398459196091	0.10634684562683105	0.7155761122703552
1850	0.0460580475628376	0.10647935420274734	0.7145498394966125
1851	0.04722491651773453	0.10658658295869827	0.7156341075897217
1852	0.04737045243382454	0.10647011548280716	0.7173388004302979
1853	0.04641009122133255	0.1063934713602066	0.718826174736023
1854	0.04557136073708534	0.10631120204925537	0.7189047336578369
1855	0.04696817323565483	0.10623863339424133	0.7178839445114136
1856	0.04586932063102722	0.10625053942203522	0.7162848711013794
1857	0.04610101878643036	0.10630755871534348	0.7143734693527222
1858	0.046006426215171814	0.10622808337211609	0.7148112058639526
1859	0.04575531184673309	0.10594882816076279	0.7178273797035217
1860	0.04600442945957184	0.10563517361879349	0.7221980690956116
1861	0.046324584633111954	0.10538797825574875	0.7245568037033081
1862	0.047420356422662735	0.10535681992769241	0.7241738438606262
1863	0.04593540355563164	0.10531830042600632	0.7232232689857483
1864	0.04547505080699921	0.10551027953624725	0.7209141850471497
1865	0.0462469756603241	0.10570644587278366	0.718682050704956
1866	0.046904489398002625	0.10582862049341202	0.7176017165184021
1867	0.046753380447626114	0.10602165758609772	0.7169090509414673
1868	0.04590300843119621	0.10620478540658951	0.7175136804580688
1869	0.047304917126894	0.1062534973025322	0.7186699509620667
1870	0.0464366190135479	0.10628781467676163	0.7185424566268921
1871	0.046162426471710205	0.10638602823019028	0.717252790927887
1872	0.04611334577202797	0.1064557209610939	0.7154989242553711
1873	0.04566958174109459	0.10653752088546753	0.7137661576271057
1874	0.046000171452760696	0.10661706328392029	0.7133476138114929
1875	0.0460776723921299	0.10669472068548203	0.7136865854263306
1876	0.046339236199855804	0.10650515556335449	0.7153986692428589
1877	0.046199288219213486	0.10647432506084442	0.7156863212585449
1878	0.04645265266299248	0.10639059543609619	0.7155260443687439
1879	0.04495515674352646	0.10639678686857224	0.7148647904396057
1880	0.04659149795770645	0.10640145093202591	0.7145427465438843
1881	0.045780032873153687	0.10623122751712799	0.7162414193153381
1882	0.04614632949233055	0.10608607530593872	0.7177503108978271
1883	0.04536626487970352	0.10595742613077164	0.7184556722640991
1884	0.04571305960416794	0.10595830529928207	0.718342125415802
1885	0.04603317007422447	0.10602099448442459	0.71670001745224
1886	0.045547645539045334	0.10617929697036743	0.7144141793251038
1887	0.04513312131166458	0.10642792284488678	0.7130939364433289
1888	0.04603563994169235	0.10661882162094116	0.7122558951377869
1889	0.045638203620910645	0.10669545084238052	0.7125063538551331
1890	0.04595178738236427	0.10672967880964279	0.7129026651382446
1891	0.045461107045412064	0.10673875361680984	0.7140016555786133
1892	0.04540381580591202	0.10680221766233444	0.7150192260742188
1893	0.045102961361408234	0.10676966607570648	0.7156972289085388
1894	0.046297281980514526	0.1066923588514328	0.715535044670105
1895	0.045979809015989304	0.10659904778003693	0.715060830116272
1896	0.0458749495446682	0.10642918944358826	0.7149248123168945
1897	0.0460720993578434	0.10645396262407303	0.7145872712135315
1898	0.04481334984302521	0.10651382803916931	0.7149273753166199
1899	0.0458998903632164	0.10664688050746918	0.7146193385124207
1900	0.04551541060209274	0.10677509754896164	0.7145035862922668
1901	0.045975085347890854	0.10692064464092255	0.713359534740448
1902	0.04523639753460884	0.10686704516410828	0.7134992480278015
1903	0.045028720051050186	0.10666444897651672	0.7145817875862122
1904	0.04627219960093498	0.1065102070569992	0.7154293656349182
1905	0.04615266993641853	0.10632621496915817	0.7172505259513855
1906	0.04444998502731323	0.10619407147169113	0.7178670167922974
1907	0.04460812732577324	0.10610849410295486	0.7185187339782715
1908	0.046047911047935486	0.10610012710094452	0.7180529832839966
1909	0.04534166678786278	0.10626237839460373	0.716969907283783
1910	0.04516620188951492	0.10634548962116241	0.7167530655860901
1911	0.044888440519571304	0.10629831999540329	0.7171396613121033
1912	0.045823607593774796	0.10619498789310455	0.7180987000465393
1913	0.04411165416240692	0.10602891445159912	0.7192748188972473
1914	0.04533935710787773	0.10597971081733704	0.719525158405304
1915	0.04617005214095116	0.10611617565155029	0.7187594175338745
1916	0.04561489075422287	0.1062859445810318	0.7174357771873474
1917	0.04530966654419899	0.10640167444944382	0.7165062427520752
1918	0.04461032897233963	0.10639785975217819	0.7161374688148499
1919	0.045510537922382355	0.10643723607063293	0.715485692024231
1920	0.04497119411826134	0.10649313777685165	0.7149150967597961
1921	0.045969408005476	0.10637807846069336	0.7151928544044495
1922	0.04477047175168991	0.10627615451812744	0.716218113899231
1923	0.044656816869974136	0.10621627420186996	0.7170523405075073
1924	0.045273274183273315	0.1061311811208725	0.7167771458625793
1925	0.04531322047114372	0.10606444627046585	0.7162303924560547
1926	0.04474002122879028	0.1061185672879219	0.7155756950378418
1927	0.04664753004908562	0.10616316646337509	0.7151547074317932
1928	0.04381759837269783	0.10629801452159882	0.7141032218933105
1929	0.04498269036412239	0.1063569113612175	0.7138456106185913
1930	0.045935723930597305	0.10643340647220612	0.713773250579834
1931	0.044104449450969696	0.10644610226154327	0.7137949466705322
1932	0.046457719057798386	0.10642872750759125	0.7138983011245728
1933	0.04519129917025566	0.10641872882843018	0.7141032218933105
1934	0.045174263417720795	0.10646041482686996	0.7139891982078552
1935	0.04532399773597717	0.10637538880109787	0.714468240737915
1936	0.044639721512794495	0.10638260841369629	0.7142497897148132
1937	0.044449202716350555	0.1063348576426506	0.713807225227356
1938	0.04568953067064285	0.10628059506416321	0.7140061259269714
1939	0.04559315741062164	0.1062251478433609	0.7139976620674133
1940	0.045312199741601944	0.10631407052278519	0.7129284739494324
1941	0.045506443828344345	0.10628753900527954	0.7126978635787964
1942	0.04556742310523987	0.10623236745595932	0.7132246494293213
1943	0.04473964124917984	0.10616348683834076	0.7139056324958801
1944	0.04486354440450668	0.10608357191085815	0.7153336405754089
1945	0.045831918716430664	0.10608948767185211	0.7159097790718079
1946	0.04496068134903908	0.10620734095573425	0.7154111862182617
1947	0.04523452743887901	0.10625501722097397	0.715235710144043
1948	0.044502608478069305	0.10641748458147049	0.7139921188354492
1949	0.044665075838565826	0.10676409304141998	0.7122466564178467
1950	0.044774655252695084	0.10702991485595703	0.7112748622894287
1951	0.045010339468717575	0.10725883394479752	0.7101729512214661
1952	0.044670190662145615	0.1072765365242958	0.7102859616279602
1953	0.045341454446315765	0.10708246380090714	0.7120360136032104
1954	0.04427472501993179	0.10686008632183075	0.7141321897506714
1955	0.04533259943127632	0.10662242025136948	0.7152367830276489
1956	0.045145418494939804	0.10639014095067978	0.7153412699699402
1957	0.04587440565228462	0.10640273243188858	0.7148237228393555
1958	0.04586389288306236	0.10652806609869003	0.7143504619598389
1959	0.04623788967728615	0.10648659616708755	0.7150173187255859
1960	0.0458148829638958	0.10655568540096283	0.7151841521263123
1961	0.044961266219615936	0.10668051242828369	0.7152358293533325
1962	0.04417181760072708	0.10683733969926834	0.7140677571296692
1963	0.04458476975560188	0.106938935816288	0.7134541869163513
1964	0.044525012373924255	0.10695048421621323	0.7134623527526855
1965	0.04506092518568039	0.10682574659585953	0.7142709493637085
1966	0.04509253799915314	0.10674916207790375	0.7153273820877075
1967	0.04508287087082863	0.1067291647195816	0.7161458730697632
1968	0.044544290751218796	0.10684271156787872	0.7148730754852295
1969	0.044956281781196594	0.10710033774375916	0.7113341093063354
1970	0.04535510018467903	0.10730810463428497	0.7089310884475708
1971	0.0458919033408165	0.10714912414550781	0.7092068195343018
1972	0.04392150044441223	0.10682706534862518	0.7109041810035706
1973	0.045084159821271896	0.10669370740652084	0.7122905850410461
1974	0.04464846849441528	0.10661780834197998	0.7132723331451416
1975	0.04422267526388168	0.10669028759002686	0.7128291130065918
1976	0.04379139095544815	0.1067170798778534	0.712308406829834
1977	0.04582885280251503	0.10685360431671143	0.7112258672714233
1978	0.04584737867116928	0.10684965550899506	0.7116659879684448
1979	0.04569002985954285	0.10666406899690628	0.7137320637702942
1980	0.04431851953268051	0.10659767687320709	0.7154930830001831
1981	0.04583001881837845	0.1065254732966423	0.7161819338798523
1982	0.0451122522354126	0.10648861527442932	0.7156835198402405
1983	0.043216269463300705	0.10673539340496063	0.7144331932067871
1984	0.04535171389579773	0.10697292536497116	0.7131069302558899
1985	0.045591335743665695	0.10707030445337296	0.712108314037323
1986	0.046207841485738754	0.1069101095199585	0.7123908996582031
1987	0.0451250821352005	0.10666944086551666	0.7139268517494202
1988	0.04469206929206848	0.10667406022548676	0.715261697769165
1989	0.04486558958888054	0.10682845860719681	0.7153527140617371
1990	0.04418744519352913	0.10697602480649948	0.7136959433555603
1991	0.0442015640437603	0.10708440095186234	0.7121757864952087
1992	0.04525096341967583	0.10713410377502441	0.7116596102714539
1993	0.04553607478737831	0.10689572244882584	0.7129043936729431
1994	0.044524140655994415	0.10646476596593857	0.714970052242279
1995	0.043947089463472366	0.10616923868656158	0.7169839143753052
1996	0.04489748179912567	0.10616139322519302	0.718400239944458
1997	0.04495832696557045	0.10617898404598236	0.7189866900444031
1998	0.043935541063547134	0.1062517762184143	0.7175931334495544
1999	0.04420829936861992	0.10649406164884567	0.7145398855209351
2000	0.0440717488527298	0.10667528212070465	0.7113546133041382
2001	0.045151785016059875	0.10675089061260223	0.7104031443595886
2002	0.04509370028972626	0.10655082017183304	0.7116003632545471
2003	0.04485928267240524	0.10637010633945465	0.7128569483757019
2004	0.04518662393093109	0.10631481558084488	0.7143811583518982
2005	0.04528852924704552	0.10633177310228348	0.7149219512939453
2006	0.046143531799316406	0.10634852200746536	0.714930534362793
2007	0.04505753889679909	0.1063813790678978	0.7150784134864807
2008	0.04597247391939163	0.10613954067230225	0.7163450121879578
2009	0.04419180005788803	0.10593409836292267	0.7171145677566528
2010	0.044014107435941696	0.10599026083946228	0.7169799208641052
2011	0.04449574276804924	0.10605954378843307	0.7167092561721802
2012	0.044284068048000336	0.10614530742168427	0.7165603637695312
2013	0.044231023639440536	0.10624954849481583	0.7163189649581909
2014	0.04421805590391159	0.10627517849206924	0.7166128158569336
2015	0.04479743912816048	0.10622601956129074	0.7171010971069336
2016	0.04460042715072632	0.10617498308420181	0.717298150062561
2017	0.04438185691833496	0.10617145895957947	0.7168188095092773
2018	0.04461947828531265	0.10617826133966446	0.7156069874763489
2019	0.04481371492147446	0.1062089204788208	0.7150886654853821
2020	0.043426644057035446	0.10621032118797302	0.7145868539810181
2021	0.04394431784749031	0.10626634210348129	0.7146188020706177
2022	0.04349870979785919	0.10630010813474655	0.7145636677742004
2023	0.043322086334228516	0.10631219297647476	0.7149659395217896
2024	0.04383329302072525	0.10630252212285995	0.7154499888420105
2025	0.04339997470378876	0.10632161051034927	0.7153360247612
2026	0.04513056203722954	0.10629111528396606	0.7150326371192932
2027	0.043650511652231216	0.10626820474863052	0.7150212526321411
2028	0.04416552186012268	0.1063341349363327	0.7152999639511108
2029	0.044520728290081024	0.10624449700117111	0.7158792018890381
2030	0.04417755454778671	0.10619238018989563	0.715787410736084
2031	0.044628504663705826	0.1061369776725769	0.7157891988754272
2032	0.045144278556108475	0.10639159381389618	0.7144309282302856
2033	0.044968388974666595	0.10641792416572571	0.714262068271637
2034	0.04304073378443718	0.10644461214542389	0.7145656943321228
2035	0.043828584253787994	0.10640314221382141	0.7151994705200195
2036	0.044437434524297714	0.10634751617908478	0.7156055569648743
2037	0.044317301362752914	0.10630921274423599	0.7162109017372131
2038	0.04486273229122162	0.10627159476280212	0.7165548205375671
2039	0.04423936828970909	0.10614724457263947	0.7173671126365662
2040	0.04331080988049507	0.10598216950893402	0.7186903357505798
2041	0.043317850679159164	0.10589443147182465	0.7194386124610901
2042	0.043711308389902115	0.10591641068458557	0.7191802263259888
2043	0.043361008167266846	0.10600955039262772	0.7179645895957947
2044	0.04518229141831398	0.10606587678194046	0.7169363498687744
2045	0.044785648584365845	0.10609863698482513	0.7159420847892761
2046	0.04416925460100174	0.10611093044281006	0.7154467701911926
2047	0.043288905173540115	0.10614769905805588	0.7145414352416992
2048	0.04419868066906929	0.10627259314060211	0.7138252854347229
2049	0.04426940903067589	0.10633239150047302	0.714307427406311
2050	0.043882083147764206	0.10635902732610703	0.715153694152832
2051	0.042235031723976135	0.1062164157629013	0.7164654731750488
2052	0.043942857533693314	0.10634884983301163	0.7157561779022217
2053	0.04303321614861488	0.10637230426073074	0.7156411409378052
2054	0.043798256665468216	0.10643090307712555	0.7155733108520508
2055	0.044073306024074554	0.10643677413463593	0.7159605622291565
2056	0.04442101716995239	0.10655277222394943	0.7156450748443604
2057	0.04354770481586456	0.10667670518159866	0.7150039672851562
2058	0.04451417177915573	0.10673190653324127	0.7144296765327454
2059	0.042670972645282745	0.10671491920948029	0.7143470644950867
2060	0.044419627636671066	0.10664400458335876	0.7149691581726074
2061	0.044147588312625885	0.10662925243377686	0.7159227132797241
2062	0.04423389583826065	0.10659650713205338	0.7163733243942261
2063	0.04433422163128853	0.10663869976997375	0.7160291075706482
2064	0.04466754570603371	0.10657646507024765	0.7154622077941895
2065	0.04339104890823364	0.10655132681131363	0.7136834263801575
2066	0.04443008452653885	0.10649876296520233	0.7128342390060425
2067	0.045501746237277985	0.10637545585632324	0.7132353782653809
2068	0.04554685950279236	0.10595634579658508	0.7155492305755615
2069	0.04312305897474289	0.1057988628745079	0.7175591588020325
2070	0.04405337572097778	0.1058327779173851	0.7185941338539124
2071	0.04303305968642235	0.10593043267726898	0.7186123728752136
2072	0.04476190358400345	0.10609421133995056	0.7172431945800781
2073	0.04329678416252136	0.10635948926210403	0.7146787047386169
2074	0.044543635100126266	0.10655342042446136	0.7130743861198425
2075	0.04420215263962746	0.10642626136541367	0.7132709622383118
2076	0.04439782351255417	0.10606725513935089	0.7153534889221191
2077	0.044870950281620026	0.10598123073577881	0.7168217301368713
2078	0.04527277499437332	0.10601501911878586	0.7172281742095947
2079	0.043236713856458664	0.10624522715806961	0.7155356407165527
2080	0.043628349900245667	0.1063959151506424	0.7139659523963928
2081	0.04397445544600487	0.10643062740564346	0.7127166986465454
2082	0.04342274367809296	0.10638902336359024	0.7126805186271667
2083	0.04463482275605202	0.10620724409818649	0.7136715650558472
2084	0.04432915896177292	0.10581067949533463	0.7156215906143188
2085	0.044306423515081406	0.10563244670629501	0.7168394327163696
2086	0.044021446257829666	0.10559656471014023	0.7178120613098145
2087	0.04402030631899834	0.10569049417972565	0.7183888554573059
2088	0.04312203824520111	0.10587598383426666	0.7169942259788513
2089	0.04323461279273033	0.10611408948898315	0.715128481388092
2090	0.0439678430557251	0.1063947081565857	0.713921070098877
2091	0.04303019493818283	0.10644203424453735	0.7144091725349426
2092	0.04442141577601433	0.1065506786108017	0.7146551609039307
2093	0.04279889538884163	0.10667095333337784	0.7146926522254944
2094	0.04429980367422104	0.1068737655878067	0.7142730355262756
2095	0.04353781044483185	0.10704073309898376	0.713690996170044
2096	0.04354232922196388	0.10727124661207199	0.7125989198684692
2097	0.04447566345334053	0.10750243067741394	0.7117015719413757
2098	0.04375161975622177	0.10758903622627258	0.7111586332321167
2099	0.04402664676308632	0.10755203664302826	0.7110146284103394
2100	0.04385628551244736	0.10749642550945282	0.7115461826324463
2101	0.04380861669778824	0.10749545693397522	0.7121937274932861
2102	0.04231816530227661	0.10740253329277039	0.7124297618865967
2103	0.042800433933734894	0.10746496170759201	0.7110942602157593
2104	0.04418504610657692	0.10754989832639694	0.7096652388572693
2105	0.044040702283382416	0.10752709954977036	0.7093585133552551
2106	0.044784095138311386	0.10757646709680557	0.7098335027694702
2107	0.04384293034672737	0.10751448571681976	0.711381196975708
2108	0.043230120092630386	0.10742533206939697	0.7130393385887146
2109	0.04440584406256676	0.10734193027019501	0.7142813205718994
2110	0.0429389663040638	0.10715045779943466	0.7156866788864136
2111	0.04413953050971031	0.10705619305372238	0.7157881855964661
2112	0.04330994561314583	0.10697413980960846	0.7152495384216309
2113	0.043307363986968994	0.10688695311546326	0.7152870297431946
2114	0.04342406615614891	0.10675672441720963	0.7162294983863831
2115	0.04385926201939583	0.10676480829715729	0.7169215083122253
2116	0.04375425726175308	0.1068669781088829	0.7168932557106018
2117	0.043189093470573425	0.10679902136325836	0.7161732316017151
2118	0.04341738298535347	0.10674010217189789	0.7150353193283081
2119	0.04415775462985039	0.10667141526937485	0.7144978642463684
2120	0.04434897378087044	0.10652659088373184	0.7142173647880554
2121	0.042533643543720245	0.10626260936260223	0.7145437002182007
2122	0.04241736978292465	0.10615777224302292	0.7143806219100952
2123	0.042789895087480545	0.10612326860427856	0.7144551277160645
2124	0.04382187873125076	0.10590814054012299	0.7162085175514221
2125	0.043815094977617264	0.10580181330442429	0.7179203629493713
2126	0.04297303408384323	0.10580870509147644	0.7182981967926025
2127	0.04324202984571457	0.10590699315071106	0.7177786827087402
2128	0.042849741876125336	0.10601603239774704	0.7166499495506287
2129	0.04357261210680008	0.10634802281856537	0.7144614458084106
2130	0.042146384716033936	0.10658678412437439	0.7127639055252075
2131	0.04245999455451965	0.1066683903336525	0.711905837059021
2132	0.04273998737335205	0.10667488723993301	0.7125082612037659
2133	0.042540278285741806	0.10666325688362122	0.7127459049224854
2134	0.044552963227033615	0.10659027099609375	0.7131621837615967
2135	0.04277874529361725	0.10656127333641052	0.7131187319755554
2136	0.04187121242284775	0.1066049113869667	0.7119309902191162
2137	0.043134815990924835	0.10682294517755508	0.7108354568481445
2138	0.04279123246669769	0.10705077648162842	0.7100677490234375
2139	0.04357021674513817	0.10707765817642212	0.7109408378601074
2140	0.0425976999104023	0.10698647052049637	0.7127010822296143
2141	0.043377552181482315	0.10699164867401123	0.7142139077186584
2142	0.04298381134867668	0.10700171440839767	0.7150400280952454
2143	0.04285243898630142	0.1070978194475174	0.7149497866630554
2144	0.04305105656385422	0.10721149295568466	0.714657723903656
2145	0.043041687458753586	0.10731445252895355	0.7145110368728638
2146	0.0420105941593647	0.10733380168676376	0.714665949344635
2147	0.04416543245315552	0.10721085965633392	0.7149021029472351
2148	0.04320589825510979	0.10705118626356125	0.7148124575614929
2149	0.042634084820747375	0.1070028617978096	0.7142202854156494
2150	0.043688371777534485	0.10696836560964584	0.7140254378318787
2151	0.04271651804447174	0.10701484978199005	0.7128374576568604
2152	0.04284564405679703	0.1070142537355423	0.7121855020523071
2153	0.04313258081674576	0.1068706288933754	0.7126356363296509
2154	0.042758844792842865	0.10683581978082657	0.7123167514801025
2155	0.0418725349009037	0.10682632029056549	0.712149977684021
2156	0.04285139590501785	0.10663917660713196	0.7136830687522888
2157	0.04293038323521614	0.10646989941596985	0.71555095911026
2158	0.04339106008410454	0.10642418265342712	0.7164090275764465
2159	0.04291004687547684	0.10646451264619827	0.7162363529205322
2160	0.04190204665064812	0.10656458139419556	0.7153783440589905
2161	0.04297318682074547	0.10650277137756348	0.7153189778327942
2162	0.04272943735122681	0.1063920333981514	0.7157973051071167
2163	0.04322325810790062	0.10637849569320679	0.7155464887619019
2164	0.04322228208184242	0.10622544586658478	0.7158878445625305
2165	0.042099252343177795	0.10606014728546143	0.7165060639381409
2166	0.042459893971681595	0.10595398396253586	0.7168654203414917
2167	0.04272962361574173	0.10606969147920609	0.7162366509437561
2168	0.04205971583724022	0.10620903968811035	0.7156334519386292
2169	0.04166319593787193	0.1063767746090889	0.715108335018158
2170	0.04256860911846161	0.1064322367310524	0.7147481441497803
2171	0.042968567460775375	0.10638757050037384	0.7149209976196289
2172	0.04257779195904732	0.10648447275161743	0.7148091793060303
2173	0.04362516477704048	0.1067105084657669	0.7141510844230652
2174	0.04199845343828201	0.10681682080030441	0.7138884663581848
2175	0.04238861799240112	0.1068570539355278	0.7139555215835571
2176	0.04266998544335365	0.10670359432697296	0.7154572010040283
2177	0.04203637316823006	0.10655622184276581	0.7163929343223572
2178	0.04255983605980873	0.10659963637590408	0.7160618901252747
2179	0.042104288935661316	0.10682041943073273	0.7152756452560425
2180	0.04340258985757828	0.10715100914239883	0.7141318321228027
2181	0.043218862265348434	0.10730564594268799	0.7134913206100464
2182	0.042872410267591476	0.10733242332935333	0.7137590050697327
2183	0.04288211837410927	0.10735058039426804	0.7138158679008484
2184	0.04166626185178757	0.10750539600849152	0.7127554416656494
2185	0.042129408568143845	0.10764720290899277	0.7118359208106995
2186	0.0427812896668911	0.10772629082202911	0.7111470103263855
2187	0.04324837401509285	0.10761020332574844	0.7116879224777222
2188	0.0426347479224205	0.10757917165756226	0.7116368412971497
2189	0.04203510284423828	0.10750669986009598	0.712156355381012
2190	0.04058757796883583	0.10733917355537415	0.7132601141929626
2191	0.043218664824962616	0.10718861222267151	0.7137896418571472
2192	0.04248271510004997	0.10708635300397873	0.7134996056556702
2193	0.04244772717356682	0.10699465125799179	0.7133152484893799
2194	0.04235704243183136	0.10686317086219788	0.7139878273010254
2195	0.04163307696580887	0.10665859282016754	0.7153617739677429
2196	0.04227316379547119	0.1065739095211029	0.7162008285522461
2197	0.043382540345191956	0.10668909549713135	0.7150299549102783
2198	0.04212111979722977	0.106807179749012	0.713773250579834
2199	0.04187364503741264	0.10691574215888977	0.7128057479858398
2200	0.042740803211927414	0.10685679316520691	0.7128685116767883
2201	0.04323588311672211	0.10664186626672745	0.7135897874832153
2202	0.04229992255568504	0.10646714270114899	0.7144080400466919
2203	0.04308599978685379	0.10640981793403625	0.7150403261184692
2204	0.04319556802511215	0.1064726933836937	0.7148680686950684
2205	0.0424470417201519	0.1065991222858429	0.7140491008758545
2206	0.041222527623176575	0.10669674724340439	0.712700605392456
2207	0.04100243002176285	0.10660893470048904	0.7125242948532104
2208	0.04174111410975456	0.10636240243911743	0.7138099074363708
2209	0.04235219582915306	0.10621609538793564	0.7154027819633484
2210	0.043255530297756195	0.10609282553195953	0.71628737449646
2211	0.043020784854888916	0.10622880607843399	0.7155494093894958
2212	0.0418521910905838	0.10646502673625946	0.7147035002708435
2213	0.042547326534986496	0.1066485047340393	0.714607298374176
2214	0.04268522188067436	0.10667167603969574	0.7153022289276123
2215	0.04114900156855583	0.10672760754823685	0.7156013250350952
2216	0.04282933473587036	0.10681575536727905	0.7155576348304749
2217	0.04176328703761101	0.10689126700162888	0.7149004936218262
2218	0.04193691164255142	0.10697565972805023	0.7137262225151062
2219	0.04200194776058197	0.10693469643592834	0.7134612202644348
2220	0.04215051233768463	0.10682561993598938	0.714267373085022
2221	0.04303809627890587	0.10674318671226501	0.7144690752029419
2222	0.042425550520420074	0.10665968060493469	0.7145068645477295
2223	0.04205300658941269	0.10662867873907089	0.7148209810256958
2224	0.04202410578727722	0.10661452263593674	0.7148460149765015
2225	0.04178399220108986	0.10665864497423172	0.7147550582885742
2226	0.041565679013729095	0.1067340224981308	0.7147026658058167
2227	0.04140644893050194	0.10679028928279877	0.7146580219268799
2228	0.041670285165309906	0.10681352764368057	0.7147208452224731
2229	0.04238688945770264	0.10683860629796982	0.7141323685646057
2230	0.042769499123096466	0.10681318491697311	0.7139539122581482
2231	0.04122930392622948	0.1068522036075592	0.7128883600234985
2232	0.04202324151992798	0.1069020926952362	0.7119264006614685
2233	0.04278985410928726	0.10680440813302994	0.7122345566749573
2234	0.04218735173344612	0.10676316171884537	0.7125074863433838
2235	0.043385930359363556	0.10667333006858826	0.7132734060287476
2236	0.041522786021232605	0.10653864592313766	0.7140722870826721
2237	0.042371176183223724	0.10648592561483383	0.7139730453491211
2238	0.041575852781534195	0.10651218891143799	0.7131794095039368
2239	0.04198751598596573	0.10639292001724243	0.7135234475135803
2240	0.041224487125873566	0.10622688382863998	0.7142252326011658
2241	0.0429111085832119	0.10597248375415802	0.7159680724143982
2242	0.04150892049074173	0.10561996698379517	0.7185254693031311
2243	0.04210677742958069	0.10558055341243744	0.7191067934036255
2244	0.042213715612888336	0.10563509166240692	0.7187761068344116
2245	0.04308079928159714	0.10587704926729202	0.7172558903694153
2246	0.04204275831580162	0.10632988065481186	0.7144190073013306
2247	0.042434822767972946	0.10672349482774734	0.712385356426239
2248	0.04356859624385834	0.10674461722373962	0.7124311923980713
2249	0.041076283901929855	0.10669127851724625	0.713606059551239
2250	0.04043212905526161	0.10675648599863052	0.7153491377830505
2251	0.041717078536748886	0.10685266554355621	0.7164735794067383
2252	0.04228930175304413	0.10702843219041824	0.7154586911201477
2253	0.04166923463344574	0.10723131150007248	0.7134803533554077
2254	0.04143349826335907	0.10750798881053925	0.7111666798591614
2255	0.0411493219435215	0.10759366303682327	0.710396409034729
2256	0.04231872037053108	0.1075456291437149	0.7108610272407532
2257	0.04170393571257591	0.10735771805047989	0.7124595642089844
2258	0.04241795465350151	0.10730642080307007	0.7134893536567688
2259	0.0413166806101799	0.10721170902252197	0.7138159871101379
2260	0.04196056351065636	0.10716062039136887	0.7126702666282654
2261	0.041323110461235046	0.10719016939401627	0.7110837697982788
2262	0.04223213344812393	0.10727772861719131	0.7099342346191406
2263	0.04181826114654541	0.10735569149255753	0.709981381893158
2264	0.04159867763519287	0.10720950365066528	0.7112768292427063
2265	0.04176044836640358	0.10710661858320236	0.7128265500068665
2266	0.042437564581632614	0.1071021780371666	0.7131505012512207
2267	0.04074319824576378	0.10722611844539642	0.7122559547424316
2268	0.04228602349758148	0.10735098272562027	0.7110058665275574
2269	0.04102972894906998	0.10738524794578552	0.7104464173316956
2270	0.04238273203372955	0.10727285593748093	0.7109473347663879
2271	0.04176880791783333	0.10708510130643845	0.7121186256408691
2272	0.042736925184726715	0.10687387734651566	0.7134402990341187
2273	0.042587075382471085	0.1067633405327797	0.7150974869728088
2274	0.0419318750500679	0.10674947500228882	0.7162132263183594
2275	0.04166130721569061	0.10686973482370377	0.7153899669647217
2276	0.04194224998354912	0.10709385573863983	0.7134935855865479
2277	0.04174916818737984	0.10727867484092712	0.7116904854774475
2278	0.04058557748794556	0.10740039497613907	0.7104092240333557
2279	0.04177556559443474	0.10742168873548508	0.710308313369751
2280	0.041446030139923096	0.10734563320875168	0.711061418056488
2281	0.04224256053566933	0.1072021871805191	0.71317058801651
2282	0.04162898659706116	0.10700041800737381	0.7143639326095581
2283	0.04270191863179207	0.10685888677835464	0.7148370742797852
2284	0.04284866899251938	0.1067034974694252	0.7148400545120239
2285	0.04018049314618111	0.10674387216567993	0.7144809365272522
2286	0.0414474718272686	0.10690692067146301	0.7136518359184265
2287	0.042414359748363495	0.10700694471597672	0.7134820818901062
2288	0.04048251733183861	0.10696692019701004	0.7141960263252258
2289	0.042375046759843826	0.10684818774461746	0.7153898477554321
2290	0.041049111634492874	0.10667971521615982	0.7165695428848267
2291	0.041614778339862823	0.1066882386803627	0.7171740531921387
2292	0.042208604514598846	0.10685031861066818	0.7166712880134583
2293	0.04203583672642708	0.10708776861429214	0.7155373096466064
2294	0.043463729321956635	0.10714109241962433	0.7148346900939941
2295	0.04203606769442558	0.10708465427160263	0.7144078612327576
2296	0.04271738603711128	0.10697901248931885	0.7143046259880066
2297	0.04254831373691559	0.1068187728524208	0.714220404624939
2298	0.042318303138017654	0.10666658729314804	0.7148516178131104
2299	0.04106977581977844	0.1066618412733078	0.7154794335365295
2300	0.04130491986870766	0.1067584902048111	0.715554416179657
2301	0.041892413049936295	0.10664410144090652	0.716513991355896
2302	0.04208571836352348	0.10632635653018951	0.7179868817329407
2303	0.04156282916665077	0.10607021301984787	0.7191497087478638
2304	0.04152579978108406	0.10598128288984299	0.7199051380157471
2305	0.04144638031721115	0.10596875101327896	0.7197250723838806
2306	0.04264174774289131	0.1060803234577179	0.7194257378578186
2307	0.04169601947069168	0.10617238283157349	0.7196417450904846
2308	0.04168342798948288	0.1063012033700943	0.7194268703460693
2309	0.04149116948246956	0.1066008061170578	0.7184462547302246
2310	0.041945669800043106	0.10680338740348816	0.7171939015388489
2311	0.04179694876074791	0.10690036416053772	0.7161524295806885
2312	0.0411619208753109	0.10712509602308273	0.7142161130905151
2313	0.04046470299363136	0.1071152612566948	0.7135313153266907
2314	0.041873540729284286	0.10710262507200241	0.7135654091835022
2315	0.040688760578632355	0.10704861581325531	0.7142717242240906
2316	0.04140464588999748	0.10685288906097412	0.7162328958511353
2317	0.041059840470552444	0.10655971616506577	0.7181792855262756
2318	0.04186563938856125	0.10637762397527695	0.7186989784240723
2319	0.041919294744729996	0.10634813457727432	0.7179425954818726
2320	0.04109370335936546	0.10654042661190033	0.7161489129066467
2321	0.040223460644483566	0.10667441040277481	0.714836597442627
2322	0.04131198674440384	0.10683809965848923	0.7141863107681274
2323	0.04073433578014374	0.1071241945028305	0.7131726741790771
2324	0.04049792140722275	0.10731766372919083	0.7126882076263428
2325	0.04100340977311134	0.10743886232376099	0.7122109532356262
2326	0.041176944971084595	0.10742771625518799	0.713111400604248
2327	0.04135110601782799	0.10743697732686996	0.7135066986083984
2328	0.04149595648050308	0.10740868747234344	0.7136476039886475
2329	0.04112385958433151	0.10717419534921646	0.7138586044311523
2330	0.04135982692241669	0.10699784755706787	0.7135247588157654
2331	0.04252881184220314	0.10712668299674988	0.7120214700698853
2332	0.0422404520213604	0.10731543600559235	0.7110426425933838
2333	0.042830128222703934	0.10748369991779327	0.7103471755981445
2334	0.042167678475379944	0.10754161328077316	0.7101982831954956
2335	0.04067651554942131	0.10758177936077118	0.7100176215171814
2336	0.04104579612612724	0.10770662873983383	0.7096560597419739
2337	0.04119085893034935	0.10761194676160812	0.7103511095046997
2338	0.041102904826402664	0.10762070119380951	0.7107704281806946
2339	0.04046442732214928	0.10771825164556503	0.7104558348655701
2340	0.041234880685806274	0.1078585758805275	0.7096458077430725
2341	0.04131082445383072	0.10799247771501541	0.7084216475486755
2342	0.041817888617515564	0.10799096524715424	0.7078173160552979
2343	0.04194638133049011	0.10769517719745636	0.708540678024292
2344	0.04155425727367401	0.10732956230640411	0.7100311517715454
2345	0.04089246317744255	0.1070573627948761	0.7121734619140625
2346	0.04092070460319519	0.10693531483411789	0.7137282490730286
2347	0.0412684865295887	0.10683511197566986	0.7147976756095886
2348	0.04097326472401619	0.10672701150178909	0.7151355147361755
2349	0.04047498479485512	0.10657554119825363	0.7153875231742859
2350	0.04066390171647072	0.10641645640134811	0.7159473896026611
2351	0.040620312094688416	0.10631980001926422	0.716021716594696
2352	0.041319530457258224	0.10621026158332825	0.7161016464233398
2353	0.0425603911280632	0.10628381371498108	0.7159238457679749
2354	0.04177262634038925	0.10644667595624924	0.715542733669281
2355	0.04052881896495819	0.10658903419971466	0.7149139642715454
2356	0.04025012627243996	0.10668521374464035	0.7145880460739136
2357	0.040384456515312195	0.10678259283304214	0.713686466217041
2358	0.040659017860889435	0.10694033652544022	0.7127062678337097
2359	0.0404651015996933	0.10683678090572357	0.7131385207176208
2360	0.04049500823020935	0.10654176771640778	0.7145286798477173
2361	0.041351769119501114	0.1062394455075264	0.7159242630004883
2362	0.04124750569462776	0.10609395802021027	0.717200756072998
2363	0.0415164977312088	0.10591213405132294	0.7183687090873718
2364	0.04064403474330902	0.10598807781934738	0.7179452180862427
2365	0.0404103621840477	0.10614767670631409	0.7165722250938416
2366	0.041380517184734344	0.10641863942146301	0.7146497964859009
2367	0.04069005325436592	0.10657359659671783	0.713026225566864
2368	0.04129933565855026	0.10659006237983704	0.7121047377586365
2369	0.040273915976285934	0.10638771206140518	0.7125014066696167
2370	0.0405513234436512	0.10638269782066345	0.7135614156723022
2371	0.041457649320364	0.1066490113735199	0.713395357131958
2372	0.04001837968826294	0.10709570348262787	0.7122645378112793
2373	0.03982824832201004	0.10730962455272675	0.7119975686073303
2374	0.03987948223948479	0.1072714701294899	0.7125008702278137
2375	0.04126564785838127	0.10718236118555069	0.7128890156745911
2376	0.040856096893548965	0.10693253576755524	0.7136745452880859
2377	0.03967327997088432	0.10667422413825989	0.7145439386367798
2378	0.04161819815635681	0.1067044585943222	0.7148779630661011
2379	0.04018343612551689	0.10685381293296814	0.7147083878517151
2380	0.04043518006801605	0.10713182389736176	0.7131010890007019
2381	0.040262773633003235	0.10731355845928192	0.7112014293670654
2382	0.040359288454055786	0.107265405356884	0.7106400728225708
2383	0.04026199132204056	0.10707391798496246	0.710815966129303
2384	0.04007474333047867	0.10685179382562637	0.7120050191879272
2385	0.04088776186108589	0.10674027353525162	0.7129825353622437
2386	0.04106376692652702	0.1066954955458641	0.7132232189178467
2387	0.04061989113688469	0.10668311268091202	0.7125709056854248
2388	0.04050740227103233	0.10681313276290894	0.7107524275779724
2389	0.04066689684987068	0.10702245682477951	0.7092747092247009
2390	0.04088376462459564	0.10699136555194855	0.7090413570404053
2391	0.040205035358667374	0.10687028616666794	0.7089456915855408
2392	0.03950072079896927	0.10686104744672775	0.7095710039138794
2393	0.039888713508844376	0.10688591748476028	0.7106298804283142
2394	0.04130345582962036	0.10698415338993073	0.7106366157531738
2395	0.04087217152118683	0.10717112571001053	0.7092970013618469
2396	0.0407131128013134	0.10738658159971237	0.7079309225082397
2397	0.04036320000886917	0.1075754389166832	0.7076812982559204
2398	0.04119480028748512	0.10749711096286774	0.7088289856910706
2399	0.039542943239212036	0.10720602422952652	0.7105485796928406
2400	0.041146427392959595	0.10683134198188782	0.712417721748352
2401	0.04150870814919472	0.10670606791973114	0.7128756046295166
2402	0.04026973620057106	0.1066625714302063	0.7131779789924622
2403	0.04152002930641174	0.1065930724143982	0.7139809131622314
2404	0.041154999285936356	0.10658217966556549	0.7146971225738525
2405	0.0415908508002758	0.10655083507299423	0.7151567339897156
2406	0.04041118919849396	0.10653617978096008	0.715552031993866
2407	0.040755320340394974	0.106551893055439	0.7156045436859131
2408	0.04003094881772995	0.10659301280975342	0.715118408203125
2409	0.039990562945604324	0.10660985857248306	0.7147125005722046
2410	0.04073179140686989	0.10665423423051834	0.7141604423522949
2411	0.04068949073553085	0.10668893158435822	0.7135747671127319
2412	0.040382515639066696	0.10674379020929337	0.713249921798706
2413	0.04158729687333107	0.10683480650186539	0.712916910648346
2414	0.041061148047447205	0.10687965899705887	0.7128922939300537
2415	0.03894905745983124	0.10715584456920624	0.7119143605232239
2416	0.04006103053689003	0.10752768814563751	0.7101015448570251
2417	0.04119648411870003	0.10790510475635529	0.7082899808883667
2418	0.04014592245221138	0.10808529704809189	0.7077073454856873
2419	0.04021989554166794	0.10813288390636444	0.7076086401939392
2420	0.040125224739313126	0.10808025300502777	0.7077689170837402
2421	0.04095679149031639	0.1080460473895073	0.70791095495224
2422	0.03913615643978119	0.10789820551872253	0.7087917923927307
2423	0.0400492362678051	0.10775818675756454	0.708785355091095
2424	0.0394650474190712	0.10744001716375351	0.7096515893936157
2425	0.039528049528598785	0.10708317905664444	0.7112789750099182
2426	0.03986990079283714	0.10684153437614441	0.7128794193267822
2427	0.039791494607925415	0.106692835688591	0.7138858437538147
2428	0.040531694889068604	0.10669492930173874	0.7145906090736389
2429	0.03988243266940117	0.10675428062677383	0.7148119807243347
2430	0.04076128080487251	0.10662410408258438	0.7154194712638855
2431	0.03859473019838333	0.1064973697066307	0.7159999012947083
2432	0.04005451872944832	0.10656026750802994	0.7154740691184998
2433	0.04094845429062843	0.10648105293512344	0.715763509273529
2434	0.04032726585865021	0.10650837421417236	0.7156711220741272
2435	0.040779292583465576	0.10651501268148422	0.7153171300888062
2436	0.0396692119538784	0.10641889274120331	0.7155712842941284
2437	0.04116149619221687	0.10641059279441833	0.7157946228981018
2438	0.0392058864235878	0.1063900887966156	0.7163737416267395
2439	0.03920920565724373	0.10657757520675659	0.7161957025527954
2440	0.04061272740364075	0.10691363364458084	0.7154038548469543
2441	0.040922168642282486	0.10719820857048035	0.7146719694137573
2442	0.04001108556985855	0.1075606569647789	0.7127201557159424
2443	0.039785128086805344	0.10784351825714111	0.7115933895111084
2444	0.04042229801416397	0.10796504467725754	0.7109366059303284
2445	0.0404842235147953	0.10779454559087753	0.711496114730835
2446	0.038951124995946884	0.10768629610538483	0.7113983035087585
2447	0.03999178111553192	0.10765046626329422	0.7108986973762512
2448	0.04065055027604103	0.10763474553823471	0.7102789282798767
2449	0.04053696244955063	0.10760447382926941	0.709819495677948
2450	0.03950286656618118	0.10754445195198059	0.7096332907676697
2451	0.04042552411556244	0.10755691677331924	0.7093795537948608
2452	0.04030981659889221	0.10732876509428024	0.7105749249458313
2453	0.03937271237373352	0.10724376142024994	0.7118424773216248
2454	0.04009896516799927	0.10725277662277222	0.7132232785224915
2455	0.04082217067480087	0.10730846971273422	0.7142866253852844
2456	0.04071808233857155	0.10741997510194778	0.7145441770553589
2457	0.03959514945745468	0.10746006667613983	0.7144349813461304
2458	0.03985201194882393	0.107349693775177	0.7144384384155273
2459	0.040270667523145676	0.10707052052021027	0.7146222591400146
2460	0.0406651496887207	0.10677466541528702	0.7150121927261353
2461	0.040099240839481354	0.10644982755184174	0.7162745594978333
2462	0.040847331285476685	0.10644097626209259	0.7170220613479614
2463	0.04034367576241493	0.10656989365816116	0.7166897058486938
2464	0.039128709584474564	0.10662389546632767	0.7160719633102417
2465	0.040038641542196274	0.10647992044687271	0.7160186767578125
2466	0.04016270115971565	0.10644995421171188	0.7153301239013672
2467	0.04035018011927605	0.10648424923419952	0.7149105668067932
2468	0.040727365761995316	0.10632660239934921	0.715700089931488
2469	0.04093434289097786	0.10613894462585449	0.7170819044113159
2470	0.03965238854289055	0.10607209801673889	0.7180578708648682
2471	0.039418984204530716	0.10604822635650635	0.7187033295631409
2472	0.039825525134801865	0.10612773895263672	0.7188482284545898
2473	0.041054461151361465	0.10598192363977432	0.7189128398895264
2474	0.04084925726056099	0.10603528469800949	0.7172205448150635
2475	0.03940774127840996	0.10608167946338654	0.7154063582420349
2476	0.04054988920688629	0.1062794029712677	0.7138290405273438
2477	0.04079706594347954	0.10660500824451447	0.7130298614501953
2478	0.03993261605501175	0.10680516809225082	0.7133878469467163
2479	0.040232103317976	0.1067594587802887	0.7141034007072449
2480	0.04019857197999954	0.10657333582639694	0.714171826839447
2481	0.039799533784389496	0.10634130984544754	0.7140231728553772
2482	0.03951854258775711	0.10626532137393951	0.7131884098052979
2483	0.03946554660797119	0.10615857690572739	0.7133963704109192
2484	0.03972899168729782	0.10610249638557434	0.7143794298171997
2485	0.040059421211481094	0.10616743564605713	0.7160258889198303
2486	0.039656274020671844	0.10633233189582825	0.7166120409965515
2487	0.03944510594010353	0.10649445652961731	0.7160792946815491
2488	0.038822781294584274	0.10666445642709732	0.7146089673042297
2489	0.038802873343229294	0.10688813775777817	0.7130005359649658
2490	0.03952277824282646	0.10701429843902588	0.7115053534507751
2491	0.04069451987743378	0.1071944460272789	0.7111101746559143
2492	0.04011627286672592	0.10725187510251999	0.7113760113716125
2493	0.03945823386311531	0.1073455661535263	0.712046205997467
2494	0.03918636217713356	0.10746458172798157	0.712921142578125
2495	0.039434392005205154	0.10753832757472992	0.7131569385528564
2496	0.041037771850824356	0.10755933076143265	0.7129582762718201
2497	0.038962218910455704	0.10755696147680283	0.7123169302940369
2498	0.03981756046414375	0.10757343471050262	0.711932897567749
2499	0.04025161638855934	0.10747891664505005	0.7128698229789734
2500	0.03959304839372635	0.10729645192623138	0.7141830921173096
2501	0.03913154825568199	0.10716769099235535	0.7151783108711243
2502	0.04067693650722504	0.10697371512651443	0.7160398960113525
2503	0.039447978138923645	0.10680858045816422	0.7163273096084595
2504	0.04022500663995743	0.10661646723747253	0.7155666947364807
2505	0.040362775325775146	0.10648952424526215	0.7143527865409851
2506	0.039502087980508804	0.10651612281799316	0.7136110067367554
2507	0.04016299918293953	0.10656384378671646	0.713687002658844
2508	0.03835848718881607	0.10665979236364365	0.7138898968696594
2509	0.04026223346590996	0.10636647045612335	0.7149115204811096
2510	0.03915877640247345	0.10612111538648605	0.7161193490028381
2511	0.04077254608273506	0.1060091033577919	0.7166168093681335
2512	0.03960923105478287	0.10608090460300446	0.716288149356842
2513	0.038967616856098175	0.10621433705091476	0.7163141965866089
2514	0.039994899183511734	0.10649842768907547	0.715276300907135
2515	0.03950349986553192	0.10665323585271835	0.7150508761405945
2516	0.0397300124168396	0.10671722143888474	0.7149304747581482
2517	0.04010322690010071	0.10675942897796631	0.7150948643684387
2518	0.039729420095682144	0.10678616166114807	0.71515953540802
2519	0.03901553899049759	0.10674631595611572	0.7152845859527588
2520	0.03927939012646675	0.1067759096622467	0.7147877216339111
2521	0.03894692659378052	0.10694540292024612	0.713333785533905
2522	0.038521748036146164	0.10713070631027222	0.7121475338935852
2523	0.03992221876978874	0.10734032839536667	0.7110635638237
2524	0.0402233861386776	0.10726255178451538	0.7110452651977539
2525	0.040792595595121384	0.10692834109067917	0.712320864200592
2526	0.038478195667266846	0.10657615959644318	0.7142494916915894
2527	0.03897219896316528	0.10637325048446655	0.7151046395301819
2528	0.03990684449672699	0.10635785013437271	0.7151817679405212
2529	0.03898399695754051	0.10641104727983475	0.7146844863891602
2530	0.03972053900361061	0.10656014829874039	0.7140074372291565
2531	0.03891245275735855	0.10638469457626343	0.7147215008735657
2532	0.03971843421459198	0.10620229691267014	0.7150290012359619
2533	0.04015897586941719	0.10622353106737137	0.7154215574264526
2534	0.039841778576374054	0.10648804157972336	0.7149936556816101
2535	0.03940027207136154	0.10686980187892914	0.7137556076049805
2536	0.03880179300904274	0.10706605017185211	0.7130166888237
2537	0.039592403918504715	0.10693059116601944	0.7138110399246216
2538	0.04013104364275932	0.10683731734752655	0.7145548462867737
2539	0.04017096012830734	0.10671337693929672	0.716084361076355
2540	0.038798436522483826	0.10662008821964264	0.716982901096344
2541	0.03998153284192085	0.10671327263116837	0.7164941430091858
2542	0.03932433947920799	0.10672120004892349	0.716077446937561
2543	0.03852532058954239	0.10668270289897919	0.7157532572746277
2544	0.03989280015230179	0.10677307844161987	0.7145617008209229
2545	0.04031836986541748	0.10678432136774063	0.7143514752388
2546	0.03935729339718819	0.10694397985935211	0.7137446999549866
2547	0.0385318398475647	0.10695478320121765	0.7140694856643677
2548	0.03799976781010628	0.10688524693250656	0.7145038843154907
2549	0.03937017172574997	0.10696063935756683	0.7141567468643188
2550	0.03946463763713837	0.10702243447303772	0.7133699655532837
2551	0.038780488073825836	0.10709581524133682	0.7128294110298157
2552	0.039282023906707764	0.10713965445756912	0.7122587561607361
2553	0.03992524370551109	0.10720855742692947	0.7118732333183289
2554	0.038366638123989105	0.1074773296713829	0.710960328578949
2555	0.04021098092198372	0.10758234560489655	0.7108632922172546
2556	0.03936136141419411	0.10741809010505676	0.7116013169288635
2557	0.039821043610572815	0.10723192989826202	0.712196946144104
2558	0.03919195756316185	0.10713712871074677	0.712039053440094
2559	0.039455313235521317	0.10709071159362793	0.7122302055358887
2560	0.03984987735748291	0.10718490183353424	0.7126385569572449
2561	0.03976396843791008	0.10740198194980621	0.7129666209220886
2562	0.03977348282933235	0.1073499545454979	0.7141029238700867
2563	0.040202755481004715	0.10716470330953598	0.7143953442573547
2564	0.04021024703979492	0.10695836693048477	0.7142398357391357
2565	0.03854236751794815	0.1068500205874443	0.713392972946167
2566	0.038475990295410156	0.10689853131771088	0.7122038006782532
2567	0.038172513246536255	0.10705550760030746	0.7113292813301086
2568	0.038075242191553116	0.10736705362796783	0.7099998593330383
2569	0.03887750208377838	0.10739731043577194	0.7100263833999634
2570	0.039472732692956924	0.10709475725889206	0.7118682265281677
2571	0.03866693750023842	0.10681749880313873	0.713985025882721
2572	0.038997434079647064	0.10671950876712799	0.714968740940094
2573	0.03933464363217354	0.10679785162210464	0.7151296734809875
2574	0.03918052092194557	0.10719720274209976	0.713520884513855
2575	0.03869399428367615	0.10760162770748138	0.7117268443107605
2576	0.038694702088832855	0.10773231834173203	0.7106002569198608
2577	0.040468331426382065	0.1074429526925087	0.711560845375061
2578	0.03796148672699928	0.10705656558275223	0.7133455872535706
2579	0.04005856066942215	0.10711067914962769	0.7137567400932312
2580	0.03953395038843155	0.10716919600963593	0.7137472629547119
2581	0.03886277973651886	0.10725723206996918	0.712931215763092
2582	0.039187315851449966	0.10727618634700775	0.7121700644493103
2583	0.03902842476963997	0.10717782378196716	0.7123565077781677
2584	0.039008110761642456	0.10706363618373871	0.7124436497688293
2585	0.039609819650650024	0.10688663274049759	0.7129379510879517
2586	0.03986144810914993	0.1068388819694519	0.7129896283149719
2587	0.03912990167737007	0.1068299189209938	0.7135394811630249
2588	0.03941190242767334	0.10705684870481491	0.7134203910827637
2589	0.039837855845689774	0.10747549682855606	0.7124213576316833
2590	0.04051534831523895	0.1076490581035614	0.712005078792572
2591	0.03932073712348938	0.1075473502278328	0.7123516201972961
2592	0.03941391408443451	0.10737208276987076	0.7125125527381897
2593	0.03842403367161751	0.1071530431509018	0.7124738693237305
2594	0.039591360837221146	0.10712689161300659	0.7122892141342163
2595	0.0394231416285038	0.10725030303001404	0.7121182084083557
2596	0.03941618651151657	0.10739003121852875	0.7123916149139404
2597	0.03910120204091072	0.10760749131441116	0.7114779949188232
2598	0.040259771049022675	0.10783226042985916	0.7109074592590332
2599	0.03956475853919983	0.10808774828910828	0.7094302177429199
2600	0.038963548839092255	0.10798139870166779	0.709226131439209
2601	0.03835028037428856	0.10786034166812897	0.7094830274581909
2602	0.039785176515579224	0.1077689677476883	0.710999071598053
2603	0.03948270156979561	0.10784027725458145	0.7120316028594971
2604	0.038974519819021225	0.10778473317623138	0.7119637727737427
2605	0.03962745890021324	0.1075657531619072	0.7121033072471619
2606	0.038555730134248734	0.10726237297058105	0.7120461463928223
2607	0.03917901962995529	0.10691644996404648	0.7123948335647583
2608	0.03882405161857605	0.10665445774793625	0.7129687666893005
2609	0.037504035979509354	0.10646356642246246	0.7133104801177979
2610	0.03877783939242363	0.1064058169722557	0.713779628276825
2611	0.03937388211488724	0.10641905665397644	0.7141851782798767
2612	0.03866693750023842	0.10646923631429672	0.7138565182685852
2613	0.03848433494567871	0.10660118609666824	0.7128710746765137
2614	0.039100535213947296	0.10661443322896957	0.7128434777259827
2615	0.03826596960425377	0.10670541226863861	0.7131377458572388
2616	0.039897091686725616	0.10685350745916367	0.7137545943260193
2617	0.038634270429611206	0.10705742239952087	0.7144837975502014
2618	0.03864318132400513	0.10726775228977203	0.7147901654243469
2619	0.03856038674712181	0.10746811330318451	0.7144363522529602
2620	0.03891385719180107	0.10769838094711304	0.7128313779830933
2621	0.04018935188651085	0.10777468979358673	0.7120498418807983
2622	0.03895788639783859	0.10786201804876328	0.7115894556045532
2623	0.03812893480062485	0.1079944297671318	0.7110801935195923
2624	0.039615415036678314	0.10778560489416122	0.7117516398429871
2625	0.03833067789673805	0.10748852789402008	0.7129859924316406
2626	0.03958486393094063	0.1073637455701828	0.7132580876350403
2627	0.03859817609190941	0.10738099366426468	0.7118855118751526
2628	0.03992744907736778	0.10764003545045853	0.7090324759483337
2629	0.03838500753045082	0.10786210745573044	0.7068309187889099
2630	0.03887374326586723	0.10791361331939697	0.7062424421310425
2631	0.03921948000788689	0.10772883147001266	0.7075663805007935
2632	0.03953860327601433	0.10768076777458191	0.7095937132835388
2633	0.03850383311510086	0.10764488577842712	0.711036741733551
2634	0.03863542899489403	0.10739661753177643	0.7126264572143555
2635	0.03884996473789215	0.10712352395057678	0.7132259011268616
2636	0.039631959050893784	0.10670533031225204	0.7141202092170715
2637	0.03983831778168678	0.1063971295952797	0.7150302529335022
2638	0.039473503828048706	0.1060953289270401	0.7166756391525269
2639	0.03885442018508911	0.10592593997716904	0.7183868885040283
2640	0.039142075926065445	0.10598578304052353	0.7196321487426758
2641	0.038708653301000595	0.1060875877737999	0.7189849615097046
2642	0.03984066843986511	0.10609089583158493	0.717455267906189
2643	0.038598980754613876	0.10605017840862274	0.7163490056991577
2644	0.038304880261421204	0.10610902309417725	0.7153082489967346
2645	0.03840360417962074	0.10620809346437454	0.7145588994026184
2646	0.03855767846107483	0.106219083070755	0.7157212495803833
2647	0.03865881264209747	0.1064847782254219	0.7155223488807678
2648	0.03958947956562042	0.10669165849685669	0.7158642411231995
2649	0.038785774260759354	0.10676596313714981	0.7163538932800293
2650	0.03981346637010574	0.10670581459999084	0.7173945307731628
2651	0.038228582590818405	0.10666510462760925	0.7179499268531799
2652	0.038958560675382614	0.10678262263536453	0.7172849178314209
2653	0.03860447555780411	0.10688460618257523	0.7165427207946777
2654	0.03790238872170448	0.10703358054161072	0.7153218388557434
2655	0.03801726549863815	0.10716386139392853	0.7144293189048767
2656	0.03907070308923721	0.10695674270391464	0.7148061990737915
2657	0.03838518261909485	0.10684415698051453	0.7153649926185608
2658	0.038832180202007294	0.1068396344780922	0.7158099412918091
2659	0.03862570598721504	0.10698126256465912	0.7162277698516846
2660	0.038136452436447144	0.10715491324663162	0.7163731455802917
2661	0.03876621648669243	0.10723700374364853	0.7165423631668091
2662	0.03896145895123482	0.10716597735881805	0.7165310978889465
2663	0.03907030448317528	0.10695093125104904	0.7161385416984558
2664	0.03857814148068428	0.10691763460636139	0.7149133682250977
2665	0.03806629031896591	0.10698439180850983	0.7137672901153564
2666	0.03853409364819527	0.10718867182731628	0.713307797908783
2667	0.03937365114688873	0.1073586642742157	0.7134822607040405
2668	0.03811950236558914	0.10749523341655731	0.7132706046104431
2669	0.03827758505940437	0.10746578872203827	0.7126724720001221
2670	0.03888031467795372	0.10740434378385544	0.7122464776039124
2671	0.038456693291664124	0.10718465596437454	0.7128491997718811
2672	0.03834686055779457	0.10694444924592972	0.7137928009033203
2673	0.038608185946941376	0.10666459053754807	0.714787483215332
2674	0.0395004078745842	0.10657915472984314	0.715484082698822
2675	0.03847658261656761	0.10655850172042847	0.7160183191299438
2676	0.038745976984500885	0.10642848908901215	0.7167932987213135
2677	0.0381423681974411	0.10635946691036224	0.7172982096672058
2678	0.03817501291632652	0.10634418576955795	0.7167819142341614
2679	0.03964010253548622	0.10627415776252747	0.7161514163017273
2680	0.038099441677331924	0.10636977851390839	0.7155289053916931
2681	0.037850264459848404	0.10657650977373123	0.7155835032463074
2682	0.03815307840704918	0.10685423016548157	0.715945839881897
2683	0.03789988160133362	0.10720635205507278	0.7159742116928101
2684	0.038429368287324905	0.10731141269207001	0.7161837816238403
2685	0.038571301847696304	0.1072898656129837	0.7160635590553284
2686	0.03871482238173485	0.10730379074811935	0.7151514887809753
2687	0.03770308196544647	0.10732384026050568	0.71461421251297
2688	0.03881073743104935	0.10748837888240814	0.7141515016555786
2689	0.03777940198779106	0.10754238814115524	0.7142078280448914
2690	0.037799540907144547	0.10763509571552277	0.7134782075881958
2691	0.03772571682929993	0.10766218602657318	0.7133041620254517
2692	0.037233803421258926	0.10765749961137772	0.7130785584449768
2693	0.03830776363611221	0.10762001574039459	0.7127929925918579
2694	0.03775810822844505	0.10755649954080582	0.7129262089729309
2695	0.03858004882931709	0.10754969716072083	0.713276743888855
2696	0.03784401714801788	0.107371985912323	0.7141998410224915
2697	0.03896305337548256	0.1072264090180397	0.715225338935852
2698	0.03742706775665283	0.1071273684501648	0.7161892056465149
2699	0.037935830652713776	0.10699973255395889	0.7163845300674438
2700	0.038468364626169205	0.1069718673825264	0.715848445892334
2701	0.037734102457761765	0.10700476914644241	0.7158026695251465
2702	0.037942804396152496	0.10694809257984161	0.7166119813919067
2703	0.03796611726284027	0.10666903108358383	0.7174130082130432
2704	0.038314089179039	0.10647962242364883	0.7175342440605164
2705	0.038761310279369354	0.10655701905488968	0.7167644500732422
2706	0.038749612867832184	0.10680824518203735	0.715834379196167
2707	0.03750171884894371	0.10718024522066116	0.7143007516860962
2708	0.03850438445806503	0.10753190517425537	0.712440013885498
2709	0.03811269998550415	0.1077379435300827	0.7113711833953857
2710	0.039079464972019196	0.10767137259244919	0.7115163207054138
2711	0.037921324372291565	0.10743732750415802	0.7127289772033691
2712	0.03772572800517082	0.10724925994873047	0.7138668894767761
2713	0.03894926607608795	0.10721296072006226	0.7145163416862488
2714	0.03766287863254547	0.10715429484844208	0.7146922945976257
2715	0.03790360316634178	0.10710208863019943	0.7141227722167969
2716	0.039095439016819	0.10705998539924622	0.713716983795166
2717	0.03859715163707733	0.10706208646297455	0.7138212323188782
2718	0.03755927085876465	0.10692355781793594	0.7144241333007812
2719	0.03769275173544884	0.10688368231058121	0.7150031328201294
2720	0.03798200935125351	0.10698913782835007	0.7150804400444031
2721	0.038902267813682556	0.10696574300527573	0.7147209048271179
2722	0.03871573507785797	0.10690373182296753	0.7143553495407104
2723	0.037966687232255936	0.1069750040769577	0.7138120532035828
2724	0.03751036897301674	0.10716794431209564	0.7130523324012756
2725	0.03666679933667183	0.10749437659978867	0.7116100192070007
2726	0.03766553848981857	0.10767334699630737	0.7109147906303406
2727	0.0387888066470623	0.10766561329364777	0.7113150954246521
2728	0.0383446142077446	0.10767323523759842	0.7112413048744202
2729	0.038745712488889694	0.10750478506088257	0.7113305926322937
2730	0.037985410541296005	0.10721464455127716	0.7114142775535583
2731	0.03814331069588661	0.10711240023374557	0.7122691869735718
2732	0.037046920508146286	0.10706842690706253	0.7135837078094482
2733	0.03920096531510353	0.10702673345804214	0.7148191928863525
2734	0.038486335426568985	0.10712151229381561	0.7157847285270691
2735	0.03846465423703194	0.1072407215833664	0.7162979245185852
2736	0.03700580820441246	0.10727712512016296	0.7162006497383118
2737	0.03754203021526337	0.10715698450803757	0.7159883975982666
2738	0.038391031324863434	0.10712271928787231	0.7152497172355652
2739	0.03668320178985596	0.10707209259271622	0.7149688601493835
2740	0.03804444894194603	0.10712786763906479	0.714838445186615
2741	0.03885519504547119	0.10698973387479782	0.7156432867050171
2742	0.03800366446375847	0.10691192746162415	0.7160665988922119
2743	0.03792113438248634	0.10705794394016266	0.7157632112503052
2744	0.03743235394358635	0.10705846548080444	0.7155590653419495
2745	0.038112007081508636	0.10714728385210037	0.7139354944229126
2746	0.037850115448236465	0.10722480714321136	0.7130544781684875
2747	0.038165103644132614	0.1073765829205513	0.7121863961219788
2748	0.03709917515516281	0.10753197222948074	0.7118833661079407
2749	0.038409244269132614	0.10766881704330444	0.7126057744026184
2750	0.036919523030519485	0.10783237218856812	0.7127988338470459
2751	0.036761365830898285	0.10791511833667755	0.7125935554504395
2752	0.03707147389650345	0.1076081395149231	0.7134679555892944
2753	0.03677485138177872	0.10741020739078522	0.7134987711906433
2754	0.037046607583761215	0.10736444592475891	0.7126434445381165
2755	0.03777069225907326	0.10740287601947784	0.7121075391769409
2756	0.03737379238009453	0.10764414817094803	0.7119258642196655
2757	0.03709186241030693	0.1078418642282486	0.712339460849762
2758	0.03792700171470642	0.10766268521547318	0.7139817476272583
2759	0.03774506226181984	0.1072549968957901	0.7150849103927612
2760	0.03649092838168144	0.10696379840373993	0.7146748304367065
2761	0.03669846057891846	0.10673150420188904	0.7143622040748596
2762	0.03770952299237251	0.10671400278806686	0.7146974802017212
2763	0.03762764483690262	0.10680614411830902	0.7151262760162354
2764	0.037376344203948975	0.10682228952646255	0.7155391573905945
2765	0.037762921303510666	0.10680817067623138	0.7156171798706055
2766	0.03704575449228287	0.1068110466003418	0.7154877781867981
2767	0.03742722421884537	0.10689511150121689	0.7148973345756531
2768	0.038034047931432724	0.10706734657287598	0.7136867642402649
2769	0.0376339815557003	0.1073073223233223	0.7127975821495056
2770	0.03784870728850365	0.10751485824584961	0.7125888466835022
2771	0.03767436742782593	0.10748744010925293	0.7133998274803162
2772	0.03744789585471153	0.10731897503137589	0.7140872478485107
2773	0.036231592297554016	0.10713411867618561	0.7147073149681091
2774	0.03693440929055214	0.10706742852926254	0.7140247225761414
2775	0.03799713775515556	0.10714614391326904	0.7120563387870789
2776	0.036616984754800797	0.10747604817152023	0.7098283767700195
2777	0.0381016805768013	0.10772119462490082	0.7087947130203247
2778	0.0382789745926857	0.10787955671548843	0.7088866829872131
2779	0.03763251006603241	0.10790089517831802	0.7102164030075073
2780	0.036964621394872665	0.10786468535661697	0.711059033870697
2781	0.037645503878593445	0.1079489216208458	0.7109001874923706
2782	0.03686412423849106	0.10806300491094589	0.7108232975006104
2783	0.03716189041733742	0.1082848533987999	0.7097634077072144
2784	0.03750370070338249	0.10860997438430786	0.7079225182533264
2785	0.0366075225174427	0.1089029312133789	0.7058801651000977
2786	0.037151139229536057	0.10893061012029648	0.7055109739303589
2787	0.03724682331085205	0.10870302468538284	0.7066023349761963
2788	0.0370696522295475	0.10861025005578995	0.7075428366661072
2789	0.03725690394639969	0.10846991837024689	0.7089295983314514
2790	0.03778117150068283	0.10839977860450745	0.7097286581993103
2791	0.036448437720537186	0.10840132087469101	0.7097556591033936
2792	0.036917440593242645	0.10826556384563446	0.709699273109436
2793	0.03837481513619423	0.10808832198381424	0.70953768491745
2794	0.037298012524843216	0.10803735256195068	0.709123969078064
2795	0.03731154277920723	0.10786367207765579	0.709594190120697
2796	0.03742690756917	0.10767120867967606	0.7110082507133484
2797	0.03730100765824318	0.10745104402303696	0.711823582649231
2798	0.03709855303168297	0.10715285688638687	0.7122641205787659
2799	0.03857338801026344	0.10705916583538055	0.7126232981681824
2800	0.037559859454631805	0.10696255415678024	0.7133753895759583
2801	0.03716506063938141	0.10702745616436005	0.7138416171073914
2802	0.036855220794677734	0.10721497237682343	0.7137018442153931
2803	0.03713499754667282	0.10748109966516495	0.713706910610199
2804	0.03620146960020065	0.10746520012617111	0.713697075843811
2805	0.03739580884575844	0.10732220858335495	0.7134250998497009
2806	0.03791827708482742	0.10702481120824814	0.7136877775192261
2807	0.03735541179776192	0.10682591050863266	0.7133851647377014
2808	0.036477819085121155	0.10694582760334015	0.7124181985855103
2809	0.03856635093688965	0.10704989731311798	0.7123349905014038
2810	0.0384010449051857	0.10696499049663544	0.713651716709137
2811	0.036687932908535004	0.10688994079828262	0.7149120569229126
2812	0.03762849420309067	0.10681432485580444	0.7150593996047974
2813	0.03664165362715721	0.10684170573949814	0.7142407894134521
2814	0.037228476256132126	0.10681398212909698	0.7138219475746155
2815	0.0369943231344223	0.1067366823554039	0.7141262888908386
2816	0.036844220012426376	0.10669280588626862	0.7139715552330017
2817	0.03665444627404213	0.1067313700914383	0.713953971862793
2818	0.037815578281879425	0.10667487233877182	0.7144950032234192
2819	0.03655431792140007	0.10669384151697159	0.7145007848739624
2820	0.03721902519464493	0.10689356178045273	0.7135938405990601
2821	0.037623438984155655	0.10721980035305023	0.7121976017951965
2822	0.03691542148590088	0.10762537270784378	0.7111459374427795
2823	0.03669938072562218	0.1078907921910286	0.7109662294387817
2824	0.03751416131854057	0.10797423124313354	0.7112914323806763
2825	0.03698759153485298	0.10783049464225769	0.711493730545044
2826	0.03708098828792572	0.10788308829069138	0.7115523815155029
2827	0.03787500411272049	0.10789833217859268	0.7114430069923401
2828	0.036166101694107056	0.10794258117675781	0.7107481360435486
2829	0.037551309913396835	0.10786648094654083	0.7098925709724426
2830	0.03755389526486397	0.10777486115694046	0.7096279263496399
2831	0.03830920159816742	0.1077592670917511	0.709203839302063
2832	0.03723520413041115	0.10772921144962311	0.7093730568885803
2833	0.037584155797958374	0.10768508911132812	0.7100360989570618
2834	0.03721590340137482	0.10760685056447983	0.711306631565094
2835	0.03558734431862831	0.10769274830818176	0.7112672328948975
2836	0.03748967498540878	0.10784781724214554	0.7105507254600525
2837	0.037562016397714615	0.10801375657320023	0.7089201807975769
2838	0.03784392401576042	0.10815906524658203	0.7073596715927124
2839	0.03780239075422287	0.10821616649627686	0.7072775959968567
2840	0.03708607703447342	0.10808377712965012	0.708428680896759
2841	0.0364903099834919	0.10786864161491394	0.7105551362037659
2842	0.0365869402885437	0.10762632638216019	0.7134726643562317
2843	0.03706188499927521	0.10743263363838196	0.7154115438461304
2844	0.03653150796890259	0.10721728950738907	0.7156828045845032
2845	0.037687648087739944	0.10704157501459122	0.7149196267127991
2846	0.03715731203556061	0.1071287989616394	0.7136427760124207
2847	0.036313313990831375	0.10710004717111588	0.7134225964546204
2848	0.036073192954063416	0.10731076449155807	0.7129647135734558
2849	0.037069037556648254	0.10740680992603302	0.7135269045829773
2850	0.03630829229950905	0.10741156339645386	0.7141168713569641
2851	0.03724591061472893	0.10728289932012558	0.7148091197013855
2852	0.03692873939871788	0.10703901201486588	0.7149154543876648
2853	0.03692716732621193	0.10683903843164444	0.7146177291870117
2854	0.037366755306720734	0.10686179250478745	0.71399986743927
2855	0.03796174377202988	0.10721613466739655	0.7127962112426758
2856	0.035986948758363724	0.10779117792844772	0.711513102054596
2857	0.038305558264255524	0.10784827917814255	0.711554229259491
2858	0.03689732030034065	0.10752496123313904	0.7123969197273254
2859	0.037657659500837326	0.10712847113609314	0.7126094698905945
2860	0.03715736046433449	0.1068500503897667	0.7123671770095825
2861	0.037459950894117355	0.10681425780057907	0.7123492360115051
